player,player_id,team,team_id,data_country,data_season,minutesPlayed,appearances,matchesStarted,rating,goals,assists,goalsAssistsSum,expectedGoals,expectedAssists,accurateChippedPasses,accurateCrosses,accurateCrossesPercentage,accurateFinalThirdPasses,accurateLongBalls,accurateLongBallsPercentage,accurateOppositionHalfPasses,accurateOwnHalfPasses,accuratePasses,accuratePassesPercentage,aerialDuelsWon,aerialDuelsWonPercentage,aerialLost,attemptPenaltyMiss,attemptPenaltyPost,attemptPenaltyTarget,ballRecovery,bigChancesCreated,bigChancesMissed,blockedShots,cleanSheet,clearances,countRating,crossesNotClaimed,directRedCards,dispossessed,dribbledPast,duelLost,errorLeadToGoal,errorLeadToShot,fouls,freeKickGoal,goalConversionPercentage,goalKicks,goalsConceded,goalsConcededInsideTheBox,goalsConcededOutsideTheBox,goalsFromInsideTheBox,goalsFromOutsideTheBox,goalsPrevented,groundDuelsWon,groundDuelsWonPercentage,headedGoals,highClaims,hitWoodwork,inaccuratePasses,interceptions,keyPasses,leftFootGoals,offsides,outfielderBlocks,ownGoals,passToAssist,penaltiesTaken,penaltyConceded,penaltyConversion,penaltyFaced,penaltyGoals,penaltySave,penaltyWon,possessionLost,possessionWonAttThird,punches,redCards,rightFootGoals,runsOut,savedShotsFromInsideTheBox,savedShotsFromOutsideTheBox,saves,savesCaught,savesParried,scoringFrequency,setPieceConversion,shotFromSetPiece,shotsFromInsideTheBox,shotsFromOutsideTheBox,shotsOffTarget,shotsOnTarget,successfulDribbles,successfulDribblesPercentage,successfulRunsOut,tackles,tacklesWon,tacklesWonPercentage,totalAttemptAssist,totalChippedPasses,totalContest,totalCross,totalDuelsWon,totalDuelsWonPercentage,totalLongBalls,totalOppositionHalfPasses,totalOwnHalfPasses,totalPasses,totalRating,totalShots,totwAppearances,touches,wasFouled,yellowCards,yellowRedCards,gross_weekly_eur,gross_annual_eur,position,age,nationality
Luca Gemello,876235,Torino,2696,italy,2122,90,1,1,7.7,0,0,0,,,4,0,0.0,3,7,25.93,5,8,13,39.39,0,0.0,0,0,0,0,,0,0,0,1,0,1,0,0,0,0,0,0,0,0,0,0.0,,0,0,0,0,0,0.0,0,0.0,0,0,0,20,0,0,0,0,,0,0,0,0,0.0,0,0,0,0,21,0,0,0,0,1,3,0,3,0,2,0.0,0.0,0,0,0,0,0,0,0.0,1,0,0,0.0,0,9,0,0,0,0.0,27,20,13,33,7.7,0,0,39,0,0,0,2115.0,110000.0,K,21.0,Italy
Domenico Berardi,253367,Sassuolo,2793,italy,2122,2835,33,33,7.59,15,14,29,,,100,25,24.51,412,101,74.26,725,259,959,74.75,18,50.0,18,0,0,0,,13,5,28,0,22,33,0,0,43,42,190,0,0,53,0,13.64,,50,47,3,13,2,,138,44.52,1,0,2,324,31,82,12,11,,0,0,6,0,100.0,0,6,0,2,557,23,0,0,2,0,0,0,0,0,0,189.0,0.0,8,49,61,35,47,30,44.12,0,32,19,59.38,82,151,68,102,156,45.09,136,1046,339,1283,250.6,110,9,1973,76,9,0,64038.0,3330000.0,F,27.0,Italy
Hakan Çalhanoğlu,135700,Inter,2697,italy,2122,2516,34,33,7.53,7,12,19,,,92,72,36.73,496,105,72.41,915,558,1401,86.8,10,32.26,21,0,0,0,,13,3,25,2,9,34,0,0,19,29,119,0,0,36,0,10.77,,21,18,3,3,4,,80,44.94,0,0,1,213,25,88,0,0,,0,0,3,0,100.0,0,3,0,1,420,21,0,0,7,0,0,0,0,0,0,359.43,0.0,9,19,46,22,18,13,46.43,0,41,23,56.1,88,158,28,196,90,43.06,145,1220,590,1614,256.1,65,9,2160,26,11,0,178077.0,9260000.0,M,27.0,Turkey
Lorenzo Pellegrini,555540,Roma,2702,italy,2122,2298,28,27,7.42,9,5,14,,,47,56,32.56,268,54,62.79,533,238,715,77.72,17,38.64,27,0,0,1,,12,7,31,4,19,28,0,0,24,44,188,0,0,46,3,9.78,,30,26,4,6,3,,127,44.1,0,0,6,205,27,68,1,9,,0,0,3,0,66.67,0,2,0,0,472,26,0,1,8,0,0,0,0,0,0,255.33,27.27,11,51,41,30,31,43,47.25,0,35,14,40.0,68,93,91,172,144,43.37,86,818,274,920,207.8,92,8,1600,49,6,1,124615.0,6480000.0,M,25.0,Italy
Luis Muriel,119242,Atalanta,2686,italy,2122,1540,27,17,7.41,9,8,17,,,14,29,38.67,281,19,57.58,433,104,508,75.6,30,48.39,32,0,0,0,,7,2,19,1,5,27,0,0,47,16,148,0,0,14,0,15.79,,21,20,1,8,1,,104,47.27,1,0,4,164,4,60,4,7,,0,0,2,0,100.0,0,2,0,0,369,17,0,0,4,0,0,0,0,0,0,171.11,0.0,5,35,22,20,18,62,59.62,0,15,4,26.67,60,24,104,75,134,47.52,33,621,126,672,200.0,57,3,1148,27,1,0,44423.0,2310000.0,F,30.0,Colombia
Paulo Dybala,256219,Juventus,2687,italy,2122,2072,29,26,7.41,10,5,15,,,54,18,27.27,291,66,81.48,556,350,888,84.25,10,34.48,19,1,0,0,,11,5,18,2,2,29,0,0,28,27,119,0,3,16,0,10.1,,23,18,5,6,4,,125,55.56,0,0,4,166,9,38,9,6,,0,0,2,0,50.0,0,1,0,0,364,18,0,0,1,0,0,0,0,0,0,207.2,0.0,10,35,64,44,37,47,59.49,0,30,13,43.33,38,73,79,66,135,53.15,81,720,400,1054,214.8,99,5,1590,48,3,0,260000.0,13520000.0,F,28.0,Argentina
Juan Cuadrado,47743,Juventus,2687,italy,2122,2494,33,28,7.35,4,4,8,,,80,43,31.85,368,129,76.33,813,672,1442,88.74,21,60.0,14,0,0,0,,9,2,8,8,30,33,0,0,15,25,101,0,0,19,0,11.11,,23,18,5,3,1,,145,62.5,0,0,1,183,29,59,0,1,,0,0,0,0,0.0,0,0,0,0,386,15,0,0,4,0,0,0,0,0,0,623.5,0.0,5,17,19,14,14,46,62.16,0,48,23,47.92,59,114,74,135,166,62.17,169,1027,733,1625,242.7,36,4,2298,52,9,0,178077.0,9260000.0,D,33.0,Colombia
Antonio Candreva,27982,Sampdoria,2711,italy,2122,3131,36,36,7.32,7,10,17,,,162,74,21.57,422,126,58.33,796,442,1164,76.18,2,22.22,7,0,0,1,,16,5,19,5,9,36,0,1,35,36,125,0,0,19,0,9.46,,56,50,6,6,1,,96,44.86,0,0,4,364,33,79,1,14,,0,1,2,0,50.0,0,1,0,0,780,28,0,1,6,0,0,0,0,0,0,447.29,0.0,4,39,35,33,22,21,41.18,0,27,16,59.26,78,307,51,343,98,43.95,216,1359,512,1528,263.5,74,5,2386,48,6,0,46346.0,2410000.0,M,34.0,Italy
Gianluca Caprari,148458,Hellas Verona,2701,italy,2122,2760,35,33,7.31,12,7,19,,,31,23,21.3,425,30,49.18,707,243,927,80.54,8,22.86,27,0,0,0,,9,1,26,1,5,35,0,0,54,34,206,0,0,42,0,17.91,,40,36,4,10,2,,182,50.42,1,0,2,224,4,63,3,14,,0,0,2,0,100.0,0,2,0,1,533,30,0,0,8,0,0,0,0,0,0,230.0,0.0,4,38,29,13,28,65,54.62,0,43,25,58.14,63,65,119,108,190,47.98,61,973,286,1151,255.9,67,4,1862,74,4,0,32115.0,1670000.0,F,28.0,Italy
Lorenzo Insigne,106258,Napoli,2714,italy,2122,2309,32,28,7.3,11,9,20,,,87,28,31.11,437,91,64.08,792,394,1158,83.67,5,35.71,9,1,0,3,,8,9,24,1,1,32,0,0,28,36,124,0,1,20,0,11.7,,21,19,2,10,1,,86,42.79,0,0,2,226,20,63,1,5,,0,0,13,0,69.23,0,9,0,0,429,20,0,0,10,0,0,0,0,0,0,209.91,0.0,12,55,39,34,36,41,51.25,0,23,14,60.87,63,168,80,90,91,42.33,142,1045,429,1384,233.6,94,7,1902,22,2,0,163846.0,8520000.0,F,30.0,Italy
Ivan Perišić,38710,Inter,2697,italy,2122,2842,35,35,7.3,8,7,15,,,52,37,24.67,336,62,54.87,558,367,888,76.29,55,62.5,33,0,0,0,,14,2,8,5,33,35,0,0,8,22,108,0,0,29,0,18.18,,25,20,5,8,0,,70,48.28,3,0,0,276,47,57,3,13,,0,0,1,0,100.0,0,1,0,0,513,20,0,0,2,0,0,0,0,0,0,355.25,0.0,0,35,9,18,18,26,57.78,0,38,22,57.89,57,109,45,150,125,53.65,113,883,431,1164,255.4,44,4,1881,6,4,0,178077.0,9260000.0,M,33.0,Croatia
Nicolò Barella,363856,Inter,2697,italy,2122,2931,36,36,7.29,3,12,15,,,89,22,33.33,537,83,66.4,959,583,1520,85.06,22,46.81,25,0,0,0,,15,2,22,5,7,36,0,0,38,26,145,0,2,30,0,4.41,,29,25,4,3,0,,152,55.88,0,0,0,267,21,65,1,4,,0,1,0,0,0.0,0,0,0,1,447,23,0,0,2,0,0,0,0,0,0,977.0,0.0,0,30,38,33,13,37,57.81,0,63,42,66.67,64,145,64,66,174,54.55,125,1206,647,1787,262.6,68,4,2343,52,9,0,178077.0,9260000.0,M,24.0,Italy
Luis Alberto,111416,Lazio,2699,italy,2122,2361,34,27,7.29,5,10,15,,,58,31,21.68,589,60,66.67,1064,552,1585,87.71,6,33.33,12,0,0,0,,14,0,13,4,7,34,0,0,23,44,109,0,0,13,0,10.64,,35,29,6,4,1,,82,45.81,0,0,1,222,13,67,1,1,,0,2,0,0,0.0,0,0,0,0,416,13,0,0,4,0,0,0,0,0,0,472.2,0.0,2,17,30,18,16,27,61.36,0,29,17,58.62,65,107,44,143,88,44.67,90,1348,602,1807,247.7,47,8,2270,26,5,0,89038.0,4630000.0,M,29.0,Spain
Sergej Milinković-Savić,331447,Lazio,2699,italy,2122,3111,37,36,7.28,11,11,22,,,93,11,24.44,498,96,59.26,1057,826,1872,81.36,102,59.3,70,0,0,0,,11,7,12,6,40,37,0,0,48,38,240,0,1,56,0,14.67,,52,44,8,10,1,,155,47.69,4,0,1,429,34,52,4,4,,0,0,0,0,0.0,0,0,0,0,659,27,0,1,3,0,0,0,0,0,0,282.82,0.0,7,42,33,32,31,45,58.44,0,67,44,65.67,52,166,77,45,257,51.71,162,1413,933,2301,269.3,75,6,3006,45,4,1,114038.0,5930000.0,M,26.0,Serbia
Ciro Immobile,45923,Lazio,2699,italy,2122,2716,31,31,7.27,27,2,29,,,15,3,23.08,259,19,70.37,458,219,674,78.01,23,33.33,46,0,0,2,,2,16,18,9,16,31,0,0,44,14,155,0,0,36,0,22.88,,43,34,9,26,1,,67,38.07,6,0,4,190,3,27,4,13,,0,0,9,1,77.78,0,7,0,1,345,15,0,0,17,0,0,0,0,0,0,100.59,0.0,0,99,19,41,59,19,47.5,0,10,5,50.0,27,22,40,13,90,36.73,27,617,260,864,225.4,118,3,1300,39,4,0,142500.0,7410000.0,F,31.0,Italy
Wladimiro Falcone,256667,Sampdoria,2711,italy,2122,855,10,9,7.27,0,0,0,,,28,0,0.0,3,82,46.07,37,182,219,69.3,4,100.0,0,0,0,0,,0,0,0,2,8,10,0,0,0,0,0,0,0,0,0,0.0,,14,14,0,0,0,-1.93,1,100.0,0,7,0,97,1,0,0,0,,0,0,0,0,0.0,1,0,0,0,99,0,3,0,0,1,26,15,42,1,13,0.0,0.0,0,0,0,0,0,0,0.0,1,0,0,0.0,0,55,0,0,5,100.0,178,106,210,316,72.7,0,2,420,1,2,0,2885.0,150000.0,K,26.0,Italy
Marcelo Brozović,108800,Inter,2697,italy,2122,2951,35,35,7.25,2,1,3,,,132,12,52.17,542,202,84.52,1177,1217,2382,92.5,13,35.14,24,0,0,0,,1,0,9,9,33,35,0,0,20,34,130,0,2,43,0,6.25,,26,21,5,2,0,,137,56.38,0,0,0,193,37,36,1,0,,0,1,0,0,0.0,0,0,0,0,276,13,0,0,1,0,0,0,0,0,0,1475.5,0.0,0,12,20,10,13,28,75.68,0,77,45,58.44,35,180,37,23,150,53.57,239,1314,1284,2575,253.9,32,0,3013,32,7,0,213654.0,11110000.0,M,29.0,Croatia
Theo Hernández,788027,Milan,2692,italy,2122,2713,32,30,7.24,5,6,11,,,39,39,30.95,275,70,55.56,622,565,1148,83.8,25,62.5,15,0,1,0,,8,4,9,13,24,32,0,1,24,11,117,1,2,34,0,11.9,,22,20,2,5,0,,176,63.31,0,0,1,222,23,51,5,8,,0,0,2,0,50.0,0,1,0,0,460,12,0,2,0,0,0,0,0,0,0,542.6,0.0,8,15,27,19,14,49,57.65,0,53,35,66.04,51,84,85,126,201,63.21,126,868,628,1370,231.7,42,6,2223,74,5,1,98654.0,5130000.0,D,24.0,France
Boris Radunović,795926,Cagliari,2719,italy,2122,270,3,3,7.23,0,0,0,,,8,0,0.0,3,26,36.62,20,25,45,50.0,0,0.0,0,0,0,0,,0,0,0,1,1,3,0,1,0,0,0,0,0,0,0,0.0,,5,3,2,0,0,0.0,1,100.0,0,1,0,45,0,0,0,0,,0,0,0,0,0.0,2,0,1,0,45,0,1,1,0,1,6,6,12,0,2,0.0,0.0,0,0,0,0,0,0,0.0,1,0,0,0.0,0,17,0,0,1,100.0,71,55,35,90,21.7,0,1,121,1,0,0,0.0,0.0,K,25.0,Serbia
Dušan Vlahović,832208,Juventus,2687,italy,2122,2938,36,33,7.23,24,3,27,,,19,6,25.0,155,33,73.33,282,141,417,69.73,60,52.17,55,0,0,1,,5,6,25,6,22,36,0,0,70,13,188,0,0,27,1,20.17,,39,34,5,22,2,,104,43.88,5,0,0,181,1,30,17,31,,0,1,6,0,83.33,0,5,0,0,444,20,0,0,2,0,0,0,0,0,0,122.42,16.67,6,91,28,41,53,31,48.44,0,5,0,0.0,29,37,64,24,164,46.59,45,458,164,598,260.3,119,4,1192,69,4,0,249231.0,12960000.0,F,22.0,Serbia
Ruslan Malinovskyi,195850,Atalanta,2686,italy,2122,1599,30,19,7.22,6,4,10,,,33,34,33.33,291,38,53.52,504,158,628,76.96,18,48.65,19,0,0,0,,13,2,16,0,1,30,0,0,48,14,138,0,0,40,0,10.53,,23,22,1,1,5,,106,47.11,0,0,1,188,5,46,6,3,,0,1,0,0,0.0,0,0,0,0,399,19,0,0,0,0,0,0,0,0,0,266.5,0.0,7,19,38,23,18,47,72.31,0,18,10,55.56,45,63,65,102,124,47.33,71,726,192,816,216.7,57,3,1296,41,10,0,24615.0,1280000.0,F,28.0,Ukraine
Kalidou Koulibaly,126071,Napoli,2714,italy,2122,2406,27,27,7.22,3,3,6,,,76,0,0.0,118,91,53.53,494,932,1426,86.9,48,55.17,39,0,0,0,,2,1,1,11,84,27,0,1,3,13,81,0,1,28,0,30.0,,19,16,3,3,0,,71,62.83,1,0,0,215,29,11,0,0,,0,0,0,1,0.0,0,0,0,0,244,2,0,1,2,0,0,0,0,0,0,802.0,0.0,0,8,2,2,7,20,90.91,0,39,23,58.97,11,155,22,2,119,59.5,170,608,1035,1641,195.0,10,5,1966,12,5,0,213654.0,11110000.0,D,30.0,Senegal
Fabián Ruiz,784655,Napoli,2714,italy,2122,2396,32,29,7.22,7,4,11,,,128,2,11.76,516,134,78.36,1126,842,1966,90.47,8,40.0,12,0,0,0,,4,0,17,6,31,32,0,0,11,38,88,0,0,21,0,17.5,,17,15,2,1,6,,85,52.8,0,0,2,207,22,33,7,1,,0,1,0,0,0.0,0,0,0,0,278,20,0,0,0,0,0,0,0,0,0,342.29,0.0,0,12,28,10,13,12,54.55,0,55,33,60.0,32,169,22,17,93,51.38,171,1293,897,2173,231.1,40,4,2515,18,2,0,53462.0,2780000.0,M,25.0,Spain
Sandro Tonali,892673,Milan,2692,italy,2122,2606,36,31,7.2,5,2,7,,,68,33,30.56,297,102,59.3,625,578,1170,85.53,10,41.67,14,0,0,0,,8,1,16,10,17,36,0,0,23,20,116,0,0,45,1,13.51,,18,17,1,4,1,,134,56.78,0,0,0,198,34,44,1,3,,0,0,0,0,0.0,0,0,0,0,347,23,0,0,4,0,0,0,0,0,0,521.2,25.0,4,13,24,10,11,30,66.67,0,54,37,68.52,44,142,45,108,144,55.38,172,859,617,1368,259.2,37,3,1874,50,9,0,46346.0,2410000.0,M,21.0,Italy
Riccardo Stivanello,1107477,Bologna,2685,italy,2122,45,1,0,7.2,0,0,0,,,0,0,0.0,0,2,50.0,1,8,9,75.0,1,50.0,1,0,0,0,,0,0,0,0,6,1,0,0,0,0,1,0,0,0,0,0.0,,0,0,0,0,0,,2,100.0,0,0,0,3,0,0,0,0,,0,0,0,0,0.0,0,0,0,0,4,0,0,0,0,0,0,0,0,0,0,0.0,0.0,0,0,0,0,0,0,0.0,0,1,1,100.0,0,0,0,0,3,75.0,4,2,10,12,7.2,0,0,24,1,0,0,,,,,
Etrit Berisha,35656,Torino,2696,italy,2122,900,10,10,7.2,0,0,0,,,20,0,0.0,12,59,29.5,48,91,139,49.47,0,0.0,0,0,0,0,,0,0,0,4,8,10,0,0,0,0,1,0,0,1,0,0.0,,8,7,1,0,0,2.2,3,75.0,0,5,0,142,0,0,0,0,,0,0,0,1,0.0,3,0,1,0,143,0,4,0,0,4,24,9,33,1,7,0.0,0.0,0,0,0,0,0,0,0.0,4,0,0,0.0,0,69,0,0,3,75.0,200,172,109,281,72.0,0,1,374,3,1,0,35577.0,1850000.0,K,32.0,Albania
Rafael Leão,851284,Milan,2692,italy,2122,2618,34,31,7.19,11,8,19,,,19,15,23.81,270,33,75.0,415,126,526,74.82,28,43.08,37,0,0,0,,6,4,24,7,7,34,0,0,50,10,184,0,0,25,0,11.34,,20,18,2,9,2,,160,52.12,0,0,1,177,12,45,2,8,,0,0,0,0,0.0,0,0,0,2,440,28,0,0,9,0,0,0,0,0,0,238.0,0.0,0,62,35,35,38,98,60.12,0,17,7,41.18,45,33,163,63,188,50.54,44,628,138,703,244.3,97,3,1353,45,4,0,34423.0,1790000.0,F,22.0,Portugal
Mattia Zaccagni,293581,Lazio,2699,italy,2122,2059,31,23,7.18,6,5,11,,,18,11,21.57,245,18,56.25,442,196,627,84.5,16,42.11,22,0,0,0,,7,4,7,2,4,30,0,0,20,9,124,0,0,30,0,16.22,,30,24,6,6,0,,169,62.36,0,0,3,115,24,32,1,2,,0,0,1,0,100.0,0,1,0,2,278,15,0,0,5,0,0,0,0,0,0,343.17,0.0,0,28,9,17,13,52,53.06,0,36,17,47.22,32,28,98,51,185,59.87,32,570,223,742,215.4,37,3,1239,81,6,0,67692.0,3520000.0,F,26.0,Italy
Gerard Deulofeu,96372,Udinese,2695,italy,2122,2626,34,31,7.18,13,5,18,,,26,36,21.69,440,19,52.78,607,141,712,78.67,2,10.53,17,0,0,0,,9,7,20,1,4,34,0,0,44,22,174,0,0,25,1,16.67,,46,44,2,9,4,,92,36.95,0,0,2,193,9,83,2,33,,0,0,1,0,100.0,0,1,0,2,553,23,0,0,11,0,0,0,0,0,0,202.0,7.69,13,51,27,24,34,50,42.74,0,11,6,54.55,83,43,117,166,94,35.07,36,899,172,905,244.0,78,2,1574,31,9,0,24615.0,1280000.0,F,27.0,Spain
Luca Lezzerini,139272,Venezia,2688,italy,2122,495,6,6,7.17,0,0,0,,,11,0,0.0,3,32,42.67,17,99,116,72.5,0,0.0,0,0,0,0,,0,0,0,0,0,6,0,0,0,0,0,0,0,0,0,0.0,,9,9,0,0,0,-0.5,0,0.0,0,2,0,44,0,0,0,0,,0,0,0,0,0.0,0,0,0,0,44,0,0,0,0,1,20,10,30,0,3,0.0,0.0,0,0,0,0,0,0,0.0,1,0,0,0.0,0,31,0,0,0,0.0,75,50,110,160,43.0,0,1,235,0,2,0,10769.0,560000.0,K,26.0,Italy
Henrikh Mkhitaryan,37151,Roma,2702,italy,2122,2501,31,29,7.16,5,6,11,,,39,11,23.91,297,51,82.26,577,372,938,84.89,15,50.0,15,0,0,0,,6,0,17,8,25,31,0,0,27,35,139,0,0,41,0,9.09,,28,21,7,4,1,,128,50.79,0,0,2,167,22,42,1,5,,0,1,0,0,0.0,0,0,0,1,324,22,0,1,4,0,0,0,0,0,0,500.2,0.0,0,19,36,22,16,34,60.71,0,45,29,64.44,41,62,56,46,143,50.71,62,739,412,1105,221.9,55,3,1612,51,2,1,86346.0,4490000.0,F,33.0,Armenia
Fikayo Tomori,788255,Milan,2692,italy,2122,2719,31,30,7.15,0,0,0,,,44,0,0.0,96,102,49.04,387,1131,1518,87.95,51,51.0,49,0,0,0,,0,3,0,13,77,31,0,0,0,8,78,0,1,19,0,0.0,,20,20,0,0,0,,92,76.03,0,0,1,208,45,4,0,0,,0,0,0,0,0.0,0,0,0,0,238,2,0,0,0,0,0,0,0,0,0,0.0,0.0,0,11,1,8,4,8,66.67,0,73,44,60.27,4,101,12,3,143,64.71,208,509,1220,1726,221.7,12,3,2086,11,4,0,49231.0,2560000.0,D,24.0,England
Zlatan Ibrahimović,2089,Milan,2692,italy,2122,1023,23,11,7.15,8,3,11,,,6,2,33.33,158,5,50.0,247,55,300,72.46,44,62.86,26,0,0,1,,2,4,9,0,9,21,0,0,9,2,55,0,0,16,2,15.69,,14,12,2,5,3,,14,32.56,0,0,2,114,3,23,1,19,,1,0,1,0,0.0,0,0,0,1,160,7,0,0,7,0,0,0,0,0,0,127.88,40.0,5,40,11,22,20,5,55.56,0,0,0,0.0,23,13,9,6,58,51.33,10,356,64,414,150.1,51,0,564,9,2,0,172500.0,8970000.0,F,40.0,Sweden
Mike Maignan,191210,Milan,2692,italy,2122,2880,32,32,7.15,0,1,1,,,161,0,0.0,47,222,48.58,116,634,750,75.83,7,77.78,2,0,0,0,,1,0,0,17,17,32,0,0,1,0,3,1,1,0,0,0.0,,21,20,1,0,0,3.2,8,88.89,0,24,0,239,1,2,0,0,,0,0,0,0,0.0,2,0,0,0,244,0,13,0,0,13,52,29,82,0,21,0.0,0.0,0,0,0,0,0,0,0.0,11,2,1,50.0,2,316,0,0,15,83.33,457,310,679,989,228.7,0,0,1299,6,1,0,69038.0,3590000.0,K,26.0,France
Jordan Veretout,151124,Roma,2702,italy,2122,2321,36,26,7.14,4,8,12,,,55,35,34.31,294,99,72.79,701,510,1176,88.35,16,57.14,12,0,0,1,,9,2,7,5,22,36,0,0,11,24,68,0,1,18,0,13.79,,29,23,6,4,0,,70,55.56,0,0,0,155,27,56,1,1,,0,1,2,0,50.0,0,1,0,0,267,11,0,0,3,0,0,0,0,0,0,580.25,0.0,3,14,15,11,11,14,73.68,0,34,25,73.53,55,89,19,102,86,55.84,136,882,551,1331,257.2,29,2,1674,22,6,0,106923.0,5560000.0,M,28.0,France
Sergio Romero,25566,Venezia,2688,italy,2122,1440,16,16,7.14,0,0,0,,,44,0,0.0,19,102,38.78,72,245,317,65.36,6,85.71,1,0,0,0,,1,0,0,3,20,16,1,0,0,0,2,0,0,1,0,0.0,,33,30,3,0,0,-0.61,3,75.0,0,9,0,168,1,1,0,0,,0,0,0,1,0.0,6,0,0,0,171,0,10,0,0,6,46,28,74,0,19,0.0,0.0,0,0,0,0,0,0,0.0,5,2,2,100.0,1,87,0,0,9,81.82,263,200,285,485,114.2,0,2,705,1,2,0,32115.0,1670000.0,K,34.0,Argentina
Victor Osimhen,822471,Napoli,2714,italy,2122,1989,27,23,7.13,14,2,16,,,3,1,11.11,120,8,57.14,171,59,229,70.46,51,47.22,57,0,0,0,,3,6,24,4,17,27,0,1,32,4,147,0,0,37,0,15.38,,16,14,2,14,0,,76,45.78,7,0,5,96,3,17,0,19,,0,0,0,0,0.0,0,0,0,4,243,12,0,1,7,0,0,0,0,0,0,142.07,0.0,0,72,19,37,30,30,55.56,0,10,5,50.0,17,11,54,9,127,46.35,14,260,74,325,192.6,91,4,714,38,5,0,98654.0,5130000.0,F,23.0,Nigeria
Bremer,885197,Torino,2696,italy,2122,2894,33,33,7.13,3,1,4,,,27,0,0.0,76,87,42.44,328,837,1165,81.58,132,46.98,149,0,0,0,,0,6,5,8,131,33,0,0,8,10,234,0,0,66,0,11.11,,30,25,5,3,0,,85,50.0,1,0,2,263,105,7,0,5,,0,0,0,0,0.0,0,0,0,0,313,6,0,0,2,0,0,0,0,0,0,964.67,0.0,0,25,2,10,12,17,73.91,0,49,24,48.98,7,59,23,1,217,48.12,205,479,950,1428,235.4,27,5,1973,20,7,0,64038.0,3330000.0,D,24.0,Brazil
Pierre Kalulu,965330,Milan,2692,italy,2122,1949,28,21,7.13,1,2,3,,,33,6,27.27,132,50,54.95,359,624,977,89.8,22,34.92,41,0,0,0,,2,1,1,13,50,27,0,0,6,5,71,0,0,16,0,20.0,,9,8,1,0,1,,73,70.87,0,0,0,111,26,7,1,2,,0,0,0,0,0.0,0,0,0,0,175,5,0,0,0,0,0,0,0,0,0,1949.0,0.0,0,2,3,2,2,6,54.55,0,61,36,59.02,7,57,11,22,95,57.23,91,435,675,1088,192.6,5,4,1425,6,4,0,14808.0,770000.0,D,21.0,France
Nicolás González,901325,Fiorentina,2693,italy,2122,2358,33,26,7.13,7,6,13,,,45,12,18.75,252,55,78.57,443,226,657,77.94,67,52.76,60,0,0,0,,7,4,14,6,3,33,0,0,39,19,204,0,1,30,0,9.72,,36,32,4,7,0,,174,54.72,0,0,0,186,21,37,6,5,,0,0,3,0,100.0,0,3,0,3,449,17,0,1,0,0,0,0,0,0,0,336.86,0.0,0,55,17,36,22,57,49.57,0,21,16,76.19,37,69,115,64,241,54.16,70,636,271,843,235.3,72,4,1507,97,2,1,61731.0,3210000.0,F,23.0,Argentina
Josip Iličić,41270,Atalanta,2686,italy,2122,836,20,8,7.13,3,4,7,,,29,15,36.59,177,31,75.61,287,70,342,76.34,1,7.69,12,1,0,0,,4,1,12,0,1,20,0,0,10,13,60,0,0,13,0,9.38,,8,8,0,3,0,,72,60.0,0,0,1,106,3,34,2,1,,0,0,1,0,0.0,0,0,0,0,196,7,0,0,1,0,0,0,0,0,0,278.67,0.0,1,20,12,13,7,27,67.5,0,7,7,100.0,34,45,40,41,73,54.89,41,409,80,448,142.5,32,2,692,38,1,0,64038.0,3330000.0,F,34.0,Slovenia
Lautaro Martínez,823984,Inter,2697,italy,2122,2301,35,28,7.12,21,3,24,,,15,4,26.67,167,15,62.5,250,120,366,74.69,29,46.77,33,0,1,2,,5,21,30,2,6,35,0,0,24,5,134,0,0,40,0,17.8,,25,21,4,21,0,,87,46.28,4,0,4,124,18,28,3,12,,0,0,6,0,50.0,0,3,0,0,262,34,0,0,14,0,0,0,0,0,0,109.57,0.0,0,102,16,35,53,21,38.89,0,20,10,50.0,28,28,54,15,116,46.4,24,374,131,490,249.1,118,6,937,46,6,0,213654.0,11110000.0,F,24.0,Argentina
Edin Džeko,14990,Inter,2697,italy,2122,2479,36,27,7.11,13,5,18,,,35,9,25.71,212,42,70.0,383,183,557,72.72,84,53.16,74,0,0,0,,6,14,11,6,35,36,0,0,31,17,170,0,0,27,0,14.94,,20,17,3,13,0,,70,42.17,4,0,2,209,4,39,4,5,,0,1,0,0,0.0,0,0,0,2,376,17,0,0,5,0,0,0,0,0,0,190.69,0.0,0,81,6,39,37,17,41.46,0,14,8,57.14,38,64,41,35,154,47.53,60,583,218,766,256.1,87,1,1223,39,2,0,178077.0,9260000.0,F,35.0,Bosnia-Herzegovina
Federico Dimarco,284361,Inter,2697,italy,2122,1436,32,13,7.11,2,2,4,,,53,58,38.41,233,63,55.75,506,437,885,88.24,8,50.0,8,0,1,0,,8,4,8,3,14,31,0,0,10,11,48,0,0,15,1,5.13,,16,15,1,1,1,,52,56.52,0,0,1,118,19,49,2,2,,0,1,1,0,0.0,0,0,0,0,247,10,0,0,0,0,0,0,0,0,0,718.0,33.33,3,22,17,13,18,10,62.5,0,28,15,53.57,48,105,16,151,60,55.56,113,683,471,1003,220.3,39,5,1404,14,1,0,64038.0,3330000.0,D,24.0,Italy
Giovanni Di Lorenzo,153257,Napoli,2714,italy,2122,2873,33,33,7.1,1,5,6,,,76,6,12.24,431,69,66.35,873,857,1724,88.18,45,61.64,28,0,0,0,,4,0,5,15,38,33,0,0,26,25,141,0,1,37,0,5.26,,21,18,3,1,0,,123,52.12,0,0,0,231,38,34,0,8,,0,0,0,0,0.0,0,0,0,1,361,15,0,0,1,0,0,0,0,0,0,2873.0,0.0,0,18,1,10,4,20,43.48,0,58,36,62.07,34,121,46,49,168,54.37,104,1070,934,1955,234.4,19,1,2688,46,3,0,85385.0,4440000.0,D,28.0,Italy
Alessandro Bastoni,826188,Inter,2697,italy,2122,2328,31,29,7.1,1,3,4,,,83,6,20.69,222,123,66.49,553,1017,1564,89.63,43,62.32,26,0,0,0,,4,0,3,8,56,31,0,1,5,17,83,0,1,30,0,11.11,,18,14,4,0,1,,83,59.29,0,0,0,181,35,15,1,0,,0,1,0,1,0.0,0,0,0,0,248,9,0,1,0,0,0,0,0,0,0,2328.0,0.0,0,3,6,4,2,11,57.89,0,44,25,56.82,14,141,19,29,126,60.29,185,686,1088,1745,220.1,9,4,2101,28,4,0,99808.0,5190000.0,D,22.0,Italy
Marco Sportiello,176301,Atalanta,2686,italy,2122,450,5,5,7.1,0,0,0,,,6,0,0.0,0,12,30.0,5,66,71,69.61,1,100.0,0,0,0,0,,0,0,0,2,5,5,0,0,0,0,0,0,0,0,0,0.0,,5,4,1,0,0,0.63,1,100.0,0,1,0,31,0,0,0,0,,0,0,0,0,0.0,2,0,0,0,31,0,3,0,0,2,9,4,13,0,4,0.0,0.0,0,0,0,0,0,0,0.0,2,0,0,0.0,0,11,0,0,2,100.0,40,27,75,102,35.5,0,0,158,1,1,0,21346.0,1110000.0,K,29.0,Italy
Alex Meret,592794,Napoli,2714,italy,2122,620,7,7,7.1,0,0,0,,,27,0,0.0,0,32,62.75,4,127,131,86.75,4,100.0,0,0,0,0,,0,0,0,2,4,7,0,0,0,0,0,1,0,0,0,0.0,,6,6,0,0,0,-0.11,1,100.0,0,2,0,20,0,0,0,0,,0,0,0,0,0.0,0,0,0,0,21,0,1,0,0,3,13,10,24,0,4,0.0,0.0,0,0,0,0,0,0,0.0,3,0,0,0.0,0,35,0,0,5,100.0,51,17,134,151,49.7,0,0,233,5,0,0,35577.0,1850000.0,K,24.0,Italy
Josip Brekalo,357598,Torino,2696,italy,2122,2299,32,26,7.09,7,2,9,,,30,36,26.67,320,43,59.72,577,245,786,78.05,17,35.42,31,0,0,0,,9,5,13,3,7,32,0,0,37,18,135,1,0,20,0,15.91,,26,22,4,6,1,,70,40.23,0,0,2,221,4,63,2,5,,0,1,0,0,0.0,0,0,0,0,457,26,0,0,5,0,0,0,0,0,0,328.43,0.0,2,24,20,14,17,40,57.14,0,9,5,55.56,62,70,70,135,87,39.19,72,838,304,1007,227.0,44,2,1487,21,1,0,24615.0,1280000.0,F,23.0,Croatia
Mário Rui,99546,Napoli,2714,italy,2122,3000,34,34,7.09,0,6,6,,,158,13,16.25,377,131,54.58,894,947,1828,86.15,14,31.11,31,0,0,0,,6,1,10,9,43,34,0,0,14,45,127,0,0,31,0,0.0,,29,25,4,0,0,,142,59.66,0,0,3,294,40,42,0,4,,0,1,0,0,0.0,0,0,0,0,437,9,0,0,0,0,0,0,0,0,0,0.0,0.0,5,14,18,12,10,14,58.33,0,68,43,63.24,41,263,24,80,156,55.12,240,1172,1030,2122,241.1,32,2,2855,60,7,0,74808.0,3890000.0,D,30.0,Portugal
Andrea Belotti,220223,Torino,2696,italy,2122,1377,22,16,7.08,8,1,9,,,3,2,15.38,110,5,45.45,186,65,249,70.74,55,41.67,77,0,0,0,,0,3,11,1,9,22,0,0,28,9,149,0,0,26,0,13.79,,16,14,2,7,1,,73,50.34,0,0,4,103,2,10,1,16,,0,0,3,0,100.0,0,3,0,1,214,16,0,0,7,0,0,0,0,0,0,172.13,0.0,3,46,12,27,20,15,60.0,0,7,3,42.86,10,9,25,13,128,46.21,11,287,78,352,155.8,58,1,637,51,1,0,71154.0,3700000.0,F,28.0,Italy
Danilo,124992,Juventus,2687,italy,2122,1895,22,22,7.08,1,1,2,,,43,6,46.15,220,76,50.33,534,608,1136,86.26,37,59.68,25,0,0,0,,1,0,2,6,47,22,0,0,4,10,61,0,1,19,0,7.69,,19,15,4,1,0,,52,59.09,1,0,1,181,32,15,0,0,,0,1,0,0,0.0,0,0,0,0,228,4,0,0,0,0,0,0,0,0,0,1895.0,0.0,0,6,7,8,3,4,44.44,0,37,26,70.27,14,91,9,13,89,59.33,151,653,677,1317,155.8,13,1,1696,11,6,0,98654.0,5130000.0,D,30.0,Brazil
Olivier Giroud,39070,Milan,2692,italy,2122,1902,29,22,7.08,11,3,14,,,6,1,25.0,149,6,60.0,233,87,319,67.58,92,62.16,56,0,0,0,,3,7,18,3,19,29,0,0,11,14,110,0,0,31,0,17.46,,15,15,0,11,0,,41,43.16,1,0,1,153,3,25,10,11,,0,0,2,0,100.0,0,2,0,0,233,18,0,0,0,0,0,0,0,0,0,172.91,0.0,2,57,6,21,24,4,50.0,0,15,11,73.33,25,16,8,4,133,54.73,10,369,107,472,205.3,63,3,741,22,4,0,86346.0,4490000.0,F,35.0,France
Daniele Verde,605580,Spezia,2735,italy,2122,1957,33,21,7.08,8,6,14,,,47,35,24.82,194,53,61.63,345,216,526,79.34,1,100.0,0,0,0,1,,9,2,9,0,7,33,0,0,12,11,48,0,0,3,0,15.09,,46,35,11,8,0,,41,46.07,0,0,1,137,18,39,7,12,,0,0,2,0,50.0,0,1,0,0,303,15,0,0,1,0,0,0,0,0,0,244.63,0.0,9,26,27,20,24,15,39.47,0,11,4,36.36,39,85,38,141,42,46.67,86,549,255,663,233.6,53,2,1041,15,2,0,14231.0,740000.0,F,25.0,Italy
Abdelhamid Sabiri,807400,Sampdoria,2711,italy,2122,898,14,9,7.08,3,2,5,,,14,5,33.33,86,22,64.71,166,89,250,77.64,26,50.0,26,0,0,0,,3,0,4,1,3,14,0,0,18,18,95,0,0,21,1,18.75,,13,13,0,1,2,,85,55.19,0,0,0,72,7,14,0,1,,0,1,0,0,0.0,0,0,0,0,153,9,0,0,3,0,0,0,0,0,0,299.33,33.33,3,6,10,3,9,17,56.67,0,34,18,52.94,13,23,30,15,111,53.88,34,233,104,322,99.1,16,1,551,34,3,0,2115.0,110000.0,F,25.0,Germany
Mario Pašalić,190437,Atalanta,2686,italy,2122,2027,37,24,7.08,13,6,19,,,28,0,0.0,277,35,68.63,503,294,797,81.08,50,51.55,47,0,0,0,,6,6,15,2,14,36,0,0,22,18,130,0,0,30,0,26.53,,19,16,3,13,0,,56,40.29,2,0,3,186,20,39,4,6,,0,0,0,0,0.0,0,0,0,0,298,19,0,0,7,0,0,0,0,0,0,155.92,0.0,0,45,4,14,20,15,48.39,0,27,12,44.44,39,44,31,4,106,44.92,51,649,338,983,254.8,49,3,1312,14,3,0,35577.0,1850000.0,M,26.0,Croatia
Mattia Aramu,187111,Venezia,2688,italy,2122,2111,32,25,7.08,7,5,12,,,25,38,26.39,176,26,44.07,333,173,468,75.24,11,28.21,28,0,0,1,,8,1,14,0,18,32,0,0,24,25,122,0,0,29,0,11.86,,39,37,2,5,2,,118,55.66,0,0,1,154,8,38,7,7,,0,3,4,1,75.0,0,3,0,1,360,20,0,0,0,0,0,0,0,0,0,301.57,0.0,17,21,38,26,19,17,44.74,0,20,15,75.0,35,67,38,144,129,51.39,59,566,200,622,226.4,59,2,1166,81,6,0,17885.0,930000.0,F,26.0,Italy
Leonardo Bonucci,15444,Juventus,2687,italy,2122,2009,24,22,7.08,5,1,6,,,115,0,0.0,96,150,62.24,330,804,1134,87.1,44,55.7,35,0,0,0,,0,3,2,4,82,24,0,0,1,5,60,0,0,17,0,29.41,,28,24,4,5,0,,26,50.98,1,0,0,168,26,11,1,1,,0,0,3,1,100.0,0,3,0,0,196,1,0,0,3,0,0,0,0,0,0,401.8,0.0,0,17,0,9,6,4,57.14,0,14,5,35.71,11,187,7,3,70,53.85,241,433,872,1302,169.8,17,3,1543,8,1,0,231538.0,12040000.0,D,34.0,Italy
Fernando  Forestieri,1864973,Udinese,2695,italy,2122,64,4,0,7.08,2,1,3,,,0,1,25.0,10,0,0.0,13,4,16,88.89,0,0.0,2,0,0,0,,0,0,1,0,1,4,0,0,0,1,6,0,0,3,1,66.67,,0,0,0,1,1,,5,55.56,0,0,0,2,0,1,0,0,,0,0,0,0,0.0,0,0,0,0,8,0,0,0,2,0,0,0,0,0,0,32.0,100.0,1,2,1,0,2,1,100.0,0,0,0,0.0,1,0,1,4,5,45.45,0,18,4,18,28.3,3,0,37,4,1,0,12308.0,640000.0,F,31.0,Italy
Franck Kessié,359226,Milan,2692,italy,2122,2312,31,25,7.07,6,0,6,,,37,3,25.0,284,58,63.04,584,584,1165,88.46,30,50.85,29,0,1,0,,2,1,10,8,21,31,0,0,27,9,110,0,0,36,0,17.65,,21,20,1,6,0,,105,56.45,0,0,2,152,23,28,3,1,,0,0,3,1,66.67,0,2,0,1,249,22,0,0,3,0,0,0,0,0,0,385.33,0.0,0,22,12,14,10,33,73.33,0,41,23,56.1,28,69,45,12,135,55.1,92,695,634,1317,219.3,34,1,1697,31,2,0,78269.0,4070000.0,M,25.0,Cote d'Ivoire
Matthijs de Ligt,803031,Juventus,2687,italy,2122,2675,31,29,7.07,3,1,4,,,38,1,25.0,110,101,54.89,453,1049,1501,88.92,89,63.12,52,0,0,0,,3,4,4,11,97,31,0,0,3,3,88,0,0,32,0,15.0,,29,23,6,3,0,,53,59.55,2,0,0,187,26,9,0,2,,0,0,0,1,0.0,0,0,0,0,211,4,0,1,1,0,0,0,0,0,0,891.67,0.0,0,17,3,6,10,4,66.67,0,34,19,55.88,9,83,6,4,142,61.74,184,566,1126,1688,219.3,20,2,1999,15,2,1,197308.0,10260000.0,D,22.0,Netherlands
Dries Mertens,32493,Napoli,2714,italy,2122,1411,30,16,7.07,11,1,12,,,22,3,13.64,177,21,58.33,268,131,396,76.15,3,27.27,8,0,0,0,,3,4,11,1,2,30,0,0,9,13,66,0,0,26,0,24.44,,11,9,2,8,3,,55,48.67,0,0,1,124,9,33,0,5,,0,0,1,0,100.0,0,1,0,2,193,10,0,0,11,0,0,0,0,0,0,128.27,0.0,4,28,17,14,20,17,58.62,0,16,7,43.75,33,56,29,22,58,46.77,36,383,159,520,212.1,45,3,731,22,2,0,160192.0,8330000.0,F,34.0,Belgium
Daniele Padelli,2899,Udinese,2695,italy,2122,270,3,3,7.07,0,0,0,,,7,0,0.0,0,11,25.58,10,50,60,65.22,1,100.0,0,0,0,0,,0,0,0,1,3,3,0,0,0,0,0,0,1,0,0,0.0,,8,8,0,0,0,1.69,0,0.0,0,0,0,32,0,0,0,0,,0,0,0,0,0.0,0,0,0,0,33,0,1,0,0,0,7,6,14,0,5,0.0,0.0,0,0,0,0,0,0,0.0,0,0,0,0.0,0,16,0,0,1,100.0,43,35,57,92,21.2,0,1,130,0,0,0,7115.0,370000.0,K,36.0,Italy
Felipe Anderson,152276,Lazio,2699,italy,2122,2899,38,33,7.07,6,8,14,,,34,19,22.09,381,29,59.18,695,393,1069,81.35,11,35.48,20,0,0,0,,10,4,18,4,15,38,0,0,38,72,223,0,0,43,0,13.64,,50,41,9,6,0,,166,44.99,1,0,1,245,20,50,2,7,,0,0,0,0,0.0,0,0,0,0,514,33,0,0,3,0,0,0,0,0,0,483.17,0.0,0,28,16,10,16,58,53.7,0,71,45,63.38,50,62,108,86,177,44.25,49,954,446,1314,268.5,44,4,2017,37,2,0,54231.0,2820000.0,F,28.0,Brazil
Guglielmo Vicario,553606,Empoli,2705,italy,2122,3420,38,38,7.06,0,0,0,,,43,0,0.0,14,177,39.6,98,732,830,74.91,14,93.33,1,0,0,0,,0,0,0,7,32,38,1,0,0,0,2,1,0,1,0,0.0,,70,63,7,0,0,1.6,5,83.33,0,31,0,278,1,1,0,0,,0,0,0,1,0.0,10,0,2,0,284,0,11,0,0,10,99,53,152,1,42,0.0,0.0,0,0,0,0,0,0,0.0,10,1,1,100.0,1,117,0,0,19,90.48,447,311,797,1108,268.4,0,4,1566,6,1,0,21346.0,1110000.0,K,25.0,Italy
Bryan Cristante,186855,Roma,2702,italy,2122,2673,34,29,7.06,2,0,2,,,109,4,28.57,380,144,56.92,831,646,1473,82.24,87,58.78,61,0,0,0,,4,0,15,10,43,34,0,0,15,32,155,0,0,40,0,5.0,,36,28,8,2,0,,116,55.24,1,0,3,318,40,24,1,1,,1,0,0,1,0.0,0,0,0,0,376,9,0,0,0,0,0,0,0,0,0,1336.5,0.0,0,23,17,20,5,23,76.67,0,79,39,49.37,24,211,30,14,203,56.7,253,1074,731,1791,240.1,40,2,2187,14,9,0,64038.0,3330000.0,M,26.0,Italy
David Ospina,33596,Napoli,2714,italy,2122,2790,31,31,7.06,0,0,0,,,84,0,0.0,14,150,51.02,44,649,693,81.24,11,84.62,2,0,0,0,,0,0,0,13,15,31,0,0,0,0,2,1,0,0,0,0.0,,25,21,4,0,0,5.0,6,100.0,0,15,0,160,1,0,0,0,,0,0,0,0,0.0,1,0,0,0,163,0,4,0,0,9,54,28,82,1,18,0.0,0.0,0,0,0,0,0,1,100.0,9,0,0,0.0,0,136,1,0,17,89.47,294,133,720,853,218.9,0,1,1117,7,1,0,34423.0,1790000.0,K,33.0,Colombia
Alessio Romagnoli,227864,Milan,2692,italy,2122,1407,19,16,7.06,1,0,1,,,36,0,0.0,83,48,55.17,262,629,891,89.55,46,69.7,20,0,0,0,,0,1,1,5,44,18,0,1,0,4,40,0,0,17,0,8.33,,16,15,1,1,0,,39,66.1,1,0,1,104,19,3,0,3,,0,0,0,1,0.0,0,0,0,0,109,0,0,1,0,0,0,0,0,0,0,1407.0,0.0,0,10,2,6,5,2,100.0,0,24,14,58.33,3,57,2,1,85,68.0,87,324,672,995,127.1,12,1,1169,13,4,0,178077.0,9260000.0,D,27.0,Italy
Amir Rrahmani,332155,Napoli,2714,italy,2122,2928,33,33,7.06,4,0,4,,,72,0,0.0,120,104,60.82,549,1281,1830,91.14,79,61.24,50,0,0,0,,0,1,3,13,84,33,0,0,7,4,84,0,0,23,0,18.18,,28,24,4,4,0,,48,58.54,2,0,0,178,19,5,1,0,,0,0,0,0,0.0,0,0,0,0,198,5,0,0,1,0,0,0,0,0,0,732.0,0.0,0,20,2,10,9,5,83.33,0,21,11,52.38,5,118,6,0,127,60.19,171,643,1365,2008,233.0,22,3,2280,23,5,0,44423.0,2310000.0,D,27.0,Kosovo
Tammy Abraham,610766,Roma,2702,italy,2122,3097,37,36,7.06,17,4,21,,,14,4,25.0,193,16,64.0,304,180,480,71.01,78,49.06,81,0,0,0,,5,19,22,9,27,37,0,0,41,13,208,0,0,38,0,17.89,,38,30,8,17,0,,114,47.3,1,0,5,196,5,38,1,17,,0,0,3,1,100.0,0,3,0,1,378,18,0,0,15,0,0,0,0,0,0,182.18,0.0,3,83,12,34,39,38,49.35,0,27,13,48.15,38,26,77,16,192,48.0,25,476,216,676,261.2,95,3,1197,49,9,0,110962.0,5770000.0,F,24.0,England
José Luis Palomino,79680,Atalanta,2686,italy,2122,2675,34,30,7.06,1,0,1,,,47,4,44.44,129,94,42.34,481,862,1339,81.35,105,68.63,48,0,0,0,,0,1,4,8,77,34,0,0,7,18,113,0,2,39,0,7.14,,40,37,3,1,0,,101,60.84,1,0,1,307,100,5,0,1,,0,0,0,0,0.0,0,0,0,0,338,4,0,0,0,0,0,0,0,0,0,2675.0,0.0,0,14,0,7,3,6,75.0,0,78,40,51.28,5,118,8,9,206,64.58,222,684,971,1646,240.0,14,2,2089,17,9,0,28462.0,1480000.0,D,32.0,Argentina
Pedro,35428,Lazio,2699,italy,2122,2042,32,25,7.05,9,5,14,,,26,3,9.68,268,37,68.52,490,285,772,86.74,3,20.0,12,0,0,0,,6,1,5,1,8,32,0,0,26,31,124,0,0,31,0,25.0,,39,33,6,7,2,,106,48.62,0,0,0,118,6,29,5,6,,0,0,0,0,0.0,0,0,0,1,263,22,0,0,4,0,0,0,0,0,0,226.89,0.0,0,22,14,11,20,31,54.39,0,36,23,63.89,29,45,57,31,109,46.78,54,610,311,890,225.6,36,1,1268,39,5,0,61731.0,3210000.0,F,34.0,Spain
Milan Škriniar,187205,Inter,2697,italy,2122,3150,35,35,7.05,3,0,3,,,42,2,66.67,189,106,73.1,604,1348,1950,92.86,52,50.0,52,0,0,0,,1,3,5,12,88,35,0,0,7,18,118,0,1,43,0,12.0,,32,27,5,3,0,,81,55.1,3,0,1,150,25,9,0,2,,0,0,0,1,0.0,0,0,0,0,176,5,0,0,0,0,0,0,0,0,0,1050.0,0.0,0,21,4,12,8,12,92.31,0,47,27,57.45,9,72,13,3,133,52.99,145,691,1412,2100,246.7,25,4,2473,23,3,0,106923.0,5560000.0,D,26.0,Slovakia
Antonín Barák,330705,Hellas Verona,2701,italy,2122,2347,29,27,7.05,11,4,15,,,32,2,15.38,313,22,47.83,594,277,869,80.54,41,37.61,68,0,0,0,,3,6,8,3,23,29,0,0,54,12,182,0,0,27,0,21.57,,42,37,5,11,0,,66,36.67,1,0,1,210,6,28,9,3,,0,0,4,0,100.0,0,4,0,1,354,30,0,0,1,0,0,0,0,0,0,213.36,0.0,2,40,11,19,24,31,56.36,0,18,8,44.44,28,52,55,13,107,37.02,46,768,324,1079,204.4,51,2,1478,17,4,0,17885.0,930000.0,F,27.0,Czech Republic
Álvaro Morata,125407,Juventus,2687,italy,2122,2312,35,26,7.04,9,7,16,,,17,5,25.0,196,27,64.29,336,150,481,75.75,38,52.78,34,0,0,0,,11,7,13,1,21,35,0,0,43,23,166,0,0,48,0,14.75,,20,16,4,9,0,,116,46.77,1,0,1,154,5,44,0,20,,0,0,1,1,100.0,0,1,0,2,321,23,0,0,8,0,0,0,0,0,0,256.89,0.0,1,53,8,23,25,23,48.94,0,18,9,50.0,44,30,47,20,154,48.13,42,460,195,635,246.4,61,1,1094,77,5,0,123269.0,6410000.0,F,29.0,Spain
Cristiano Biraghi,122848,Fiorentina,2693,italy,2122,3166,37,37,7.04,4,1,5,,,99,96,34.53,419,124,50.82,872,913,1689,84.87,4,20.0,16,0,0,1,,7,3,7,3,26,37,0,0,6,31,94,0,1,28,3,10.53,,49,44,5,1,3,,87,52.73,0,0,1,301,19,73,4,7,,1,1,2,0,50.0,0,1,0,0,570,9,0,1,0,0,0,0,0,0,0,791.5,21.43,14,13,25,13,18,12,46.15,0,37,24,64.86,72,207,26,278,91,49.19,244,1277,991,1990,260.4,38,5,2907,38,3,1,42692.0,2220000.0,D,29.0,Italy
Sérgio Oliveira,991493,Roma,2702,italy,2122,905,14,13,7.04,2,1,3,,,32,12,37.5,83,30,61.22,187,207,382,83.22,8,57.14,6,0,0,0,,2,0,3,1,6,14,0,0,10,15,50,0,0,12,0,16.67,,13,10,3,2,0,,60,57.69,0,0,0,77,10,15,0,0,,0,0,1,0,100.0,0,1,0,0,125,9,0,0,2,0,0,0,0,0,0,452.5,0.0,2,3,9,3,6,8,53.33,0,27,14,51.85,15,52,15,32,68,57.63,49,261,230,459,98.5,12,2,645,25,5,0,32115.0,1670000.0,M,29.0,Portugal
Łukasz Skorupski,44906,Bologna,2685,italy,2122,3240,36,36,7.03,0,0,0,,,118,0,0.0,18,257,46.56,103,679,782,72.01,19,95.0,1,0,0,0,,0,0,0,12,40,36,0,0,0,1,4,0,0,2,0,0.0,,53,46,7,0,0,4.55,4,57.14,0,27,0,304,0,0,0,0,,0,0,0,2,0.0,9,0,1,0,309,0,23,0,0,5,73,50,126,1,30,0.0,0.0,0,0,0,0,0,0,0.0,5,0,0,0.0,0,215,0,0,23,85.19,552,294,792,1086,253.2,0,3,1466,5,4,0,32115.0,1670000.0,K,30.0,Poland
Teun Koopmeiners,803033,Atalanta,2686,italy,2122,2141,30,23,7.03,4,1,5,,,96,29,29.9,414,86,53.09,723,437,1131,82.74,27,56.25,21,0,0,0,,7,1,11,5,16,30,0,0,19,32,122,0,0,37,0,14.29,,27,25,2,2,2,,82,44.81,0,0,0,236,15,49,2,6,,1,1,0,0,0.0,0,0,0,0,395,24,0,0,2,0,0,0,0,0,0,535.25,0.0,3,6,22,8,9,21,58.33,0,40,24,60.0,48,172,36,97,109,47.19,162,975,489,1367,210.9,28,2,1800,21,4,0,36923.0,1920000.0,M,23.0,Netherlands
Musa Barrow,916680,Bologna,2685,italy,2122,2156,34,25,7.03,6,6,12,,,29,30,26.79,269,37,55.22,502,187,659,82.58,15,23.44,49,0,0,0,,12,3,19,1,5,34,0,0,52,14,154,0,0,10,0,8.45,,34,29,5,4,2,,68,39.31,0,0,3,139,6,46,1,6,,0,1,0,0,0.0,0,0,0,0,376,12,0,0,5,0,0,0,0,0,0,359.33,0.0,3,27,44,25,27,31,49.21,0,12,4,33.33,45,59,63,112,83,35.02,67,695,215,798,239.0,71,3,1299,25,0,0,28462.0,1480000.0,F,23.0,The Gambia
Gianluca Scamacca,807301,Sassuolo,2793,italy,2122,2159,36,25,7.03,16,0,16,,,16,1,9.09,127,18,64.29,218,181,398,73.98,51,56.04,40,0,0,0,,3,5,14,0,22,35,0,0,49,16,159,0,1,49,1,20.25,,42,39,3,13,3,,60,33.52,3,0,4,140,5,25,0,10,,0,0,1,0,100.0,0,1,0,0,285,15,0,0,13,0,0,0,0,0,0,134.94,100.0,1,50,29,28,37,21,70.0,0,19,14,73.68,25,34,30,11,111,41.11,28,329,220,538,246.0,79,3,906,20,7,0,28462.0,1480000.0,F,23.0,Italy
Francesco Acerbi,126816,Lazio,2699,italy,2122,2536,30,29,7.03,4,0,4,,,141,1,33.33,144,164,64.31,541,1295,1835,90.04,69,61.61,43,0,0,0,,0,1,3,5,90,30,0,1,4,7,74,0,0,18,0,26.67,,48,40,8,4,0,,45,59.21,2,0,2,203,34,5,0,4,,0,0,0,0,0.0,0,0,0,1,225,1,0,1,1,0,0,0,0,0,0,634.0,0.0,0,14,1,5,7,4,66.67,0,25,12,48.0,5,216,6,3,114,60.64,255,660,1381,2038,210.8,15,1,2329,16,2,0,89038.0,4630000.0,D,33.0,Italy
Saša Lukić,371222,Torino,2696,italy,2122,2986,35,34,7.03,5,4,9,,,42,10,40.0,401,72,65.45,942,567,1499,87.76,42,43.75,54,0,0,0,,5,2,13,8,37,35,0,0,8,24,177,0,0,85,0,15.63,,35,29,6,5,0,,125,50.4,0,0,0,209,24,32,1,1,,0,0,3,0,100.0,0,3,0,0,290,14,0,0,4,0,0,0,0,0,0,597.2,0.0,4,12,20,9,10,28,73.68,0,51,34,66.67,32,82,38,25,167,48.55,110,1099,634,1708,245.9,32,3,2132,46,10,0,25000.0,1300000.0,M,25.0,Serbia
Danilo D'Ambrosio,107936,Inter,2697,italy,2122,991,20,9,7.02,1,1,2,,,35,2,28.57,85,38,50.67,212,423,633,87.67,18,52.94,16,0,0,0,,0,2,3,6,18,18,0,0,5,11,47,0,0,13,0,7.14,,3,2,1,1,0,,39,55.71,1,0,3,89,8,2,0,1,,0,0,0,0,0.0,0,0,0,0,117,2,0,0,0,0,0,0,0,0,0,991.0,0.0,0,13,1,7,4,4,66.67,0,30,15,50.0,2,68,6,7,57,54.81,75,264,465,722,126.4,14,2,892,5,2,0,71154.0,3700000.0,D,33.0,Italy
Morten Frendrup,918440,Genoa,2713,italy,2122,694,10,6,7.02,0,0,0,,,8,2,25.0,52,7,24.14,105,78,181,66.54,12,54.55,10,0,0,0,,1,1,1,3,6,10,0,0,3,16,40,0,1,10,0,0.0,,9,7,2,0,0,,47,61.04,0,0,1,91,17,4,0,0,,0,0,0,0,0.0,0,0,0,0,133,7,0,0,0,0,0,0,0,0,0,0.0,0.0,0,2,2,1,2,3,60.0,0,40,24,60.0,4,24,5,8,59,59.6,29,170,110,272,70.2,4,0,483,4,1,0,9808.0,510000.0,M,20.0,Denmark
Chris Smalling,47741,Roma,2702,italy,2122,2087,27,23,7.02,3,0,3,,,15,0,0.0,32,46,48.94,216,713,929,88.98,50,79.37,13,0,0,0,,1,1,3,6,88,26,0,0,1,7,31,1,0,9,0,30.0,,28,22,6,3,0,,55,75.34,1,0,0,115,26,2,0,0,,1,0,0,0,0.0,0,0,0,0,129,1,0,0,2,0,0,0,0,0,0,695.67,0.0,0,10,0,4,3,3,75.0,0,36,23,63.89,2,33,4,2,105,77.21,94,289,757,1044,182.5,10,2,1300,17,0,0,93654.0,4870000.0,D,32.0,England
Nicolò Rovella,937324,Genoa,2713,italy,2122,1472,21,16,7.02,0,3,3,,,44,29,26.36,167,63,56.25,375,378,724,84.68,5,25.0,15,0,0,0,,6,0,3,2,15,21,0,0,16,25,93,0,0,26,0,0.0,,27,23,4,0,0,,77,49.68,0,0,0,131,20,30,0,3,,0,0,0,0,0.0,0,0,0,0,264,8,0,0,0,0,0,0,0,0,0,0.0,0.0,6,1,16,10,4,16,57.14,0,37,26,70.27,30,95,28,110,82,46.86,112,554,411,855,147.4,17,0,1210,24,5,0,35577.0,1850000.0,M,20.0,Italy
Samir Handanović,2949,Inter,2697,italy,2122,3330,37,37,7.02,0,0,0,,,125,0,0.0,18,192,52.6,80,823,903,83.3,6,100.0,0,0,0,0,,0,0,0,15,18,37,0,0,0,1,1,2,1,0,0,0.0,,30,25,5,0,0,2.22,3,75.0,0,14,0,181,0,0,0,0,,0,0,0,0,0.0,4,0,0,0,187,0,12,0,0,2,57,38,96,0,26,0.0,0.0,0,0,0,0,0,0,0.0,2,1,0,0.0,0,219,0,0,9,90.0,365,199,885,1084,259.7,0,2,1405,4,1,0,114038.0,5930000.0,K,37.0,Slovenia
Simone Verdi,98058,Salernitana,2710,italy,2122,878,18,11,7.02,6,0,6,,,14,21,29.17,101,16,66.67,165,67,211,76.73,5,29.41,12,0,0,0,,1,3,11,0,0,16,0,0,21,11,74,0,0,12,2,15.79,,19,16,3,4,2,,61,49.59,0,0,1,64,3,21,3,2,,0,1,1,0,100.0,0,1,0,0,178,7,0,0,3,0,0,0,0,0,0,146.33,22.22,9,14,24,11,16,27,58.7,0,13,9,69.23,20,25,46,72,66,47.14,24,270,77,275,112.3,38,1,549,21,3,0,60577.0,3150000.0,F,29.0,Italy
Milan Đurić,76132,Salernitana,2710,italy,2122,2180,33,23,7.02,5,3,8,,,4,1,50.0,170,1,33.33,306,101,406,60.24,243,74.09,85,0,0,0,,5,5,9,0,32,33,0,0,20,2,134,0,0,24,0,10.0,,39,35,4,5,0,,53,51.96,4,0,1,268,2,33,0,6,,0,0,1,0,100.0,0,1,0,1,339,11,0,0,1,0,0,0,0,0,0,436.0,0.0,0,49,1,24,17,8,50.0,0,1,1,100.0,33,6,16,2,296,68.84,3,540,136,674,231.6,50,1,939,45,6,0,7308.0,380000.0,F,31.0,Bosnia-Herzegovina
Marko Arnautović,21927,Bologna,2685,italy,2122,2703,33,32,7.02,14,1,15,,,24,2,16.67,286,13,56.52,447,204,649,73.67,25,37.88,41,0,1,0,,4,11,20,6,16,33,0,0,36,23,164,0,0,45,0,15.22,,43,40,3,14,0,,75,37.88,4,0,6,232,7,44,4,14,,0,0,3,0,66.67,0,2,0,0,389,17,0,0,6,0,0,0,0,0,0,193.07,0.0,3,72,20,38,34,37,62.71,0,17,9,52.94,44,47,59,12,100,37.88,23,644,249,881,231.5,92,2,1305,21,6,0,66538.0,3460000.0,F,32.0,Austria
Manolo Gabbiadini,53816,Sampdoria,2711,italy,2122,1156,18,15,7.01,6,2,8,,,6,6,25.0,75,6,23.08,139,73,206,66.67,16,33.33,32,0,0,0,,2,1,12,0,9,18,0,0,16,6,72,0,0,12,0,13.64,,19,19,0,6,0,,26,39.39,2,0,1,103,3,17,4,6,,0,0,0,0,0.0,0,0,0,0,179,6,0,0,0,0,0,0,0,0,0,192.67,0.0,3,24,20,12,20,4,40.0,0,6,4,66.67,17,26,10,24,42,36.84,26,239,94,309,126.2,44,0,504,16,3,0,27115.0,1410000.0,F,30.0,Italy
Manuel Locatelli,363860,Juventus,2687,italy,2122,2173,31,23,7.01,3,4,7,,,95,1,12.5,291,100,62.89,637,582,1218,85.84,32,57.14,24,0,0,0,,2,1,7,6,33,31,0,0,16,26,113,0,0,42,0,14.29,,22,17,5,2,1,,87,49.43,1,0,0,201,22,18,0,2,,0,0,0,0,0.0,0,0,0,0,265,14,0,0,2,0,0,0,0,0,0,724.33,0.0,0,8,13,11,3,19,67.86,0,44,25,56.82,18,160,28,8,119,51.29,159,786,641,1419,217.3,21,2,1751,25,6,0,106923.0,5560000.0,M,24.0,Italy
Domenico Criscito,14251,Genoa,2713,italy,2122,1622,20,18,7.0,6,1,7,,,37,9,18.0,127,48,37.5,301,392,684,80.0,18,51.43,17,0,0,1,,2,1,5,1,51,20,0,0,9,9,58,0,0,21,0,25.0,,35,30,5,6,0,,72,63.72,0,0,0,171,39,9,6,0,,0,0,7,0,85.71,0,6,0,0,259,8,0,0,0,0,0,0,0,0,0,270.33,0.0,0,8,16,12,7,8,72.73,0,37,21,56.76,9,100,11,50,90,60.81,128,468,437,855,140.0,24,0,1275,27,4,0,42692.0,2220000.0,D,35.0,Italy
Frank Anguissa,787941,Napoli,2714,italy,2122,1924,25,21,7.0,0,2,2,,,29,4,44.44,291,31,62.0,642,444,1082,89.94,30,58.82,21,0,0,0,,2,1,3,8,31,25,0,0,23,26,127,0,1,38,0,0.0,,16,15,1,0,0,,123,53.71,0,0,1,121,24,23,0,0,,0,0,0,0,0.0,0,0,0,0,222,14,0,0,0,0,0,0,0,0,0,0.0,0.0,0,7,13,14,3,46,69.7,0,50,26,52.0,23,45,66,9,153,54.64,50,737,475,1203,175.0,20,0,1590,28,5,0,54231.0,2820000.0,M,26.0,Cameroon
Gonzalo Escalante,316170,Lazio,2699,italy,2122,8,1,0,7.0,0,0,0,,,0,0,0.0,0,0,0.0,2,2,4,80.0,0,0.0,0,0,0,0,,0,0,0,0,0,1,0,0,0,0,0,0,0,0,0,0.0,,0,0,0,0,0,,1,100.0,0,0,0,1,1,0,0,0,,0,0,0,0,0.0,0,0,0,0,2,0,0,0,0,0,0,0,0,0,0,0.0,0.0,0,0,0,0,0,0,0.0,0,1,0,0.0,0,1,0,0,1,100.0,0,3,2,5,7.0,0,0,10,0,0,0,34423.0,1790000.0,M,28.0,Argentina
Wisdom Amey,1118232,Bologna,2685,italy,2122,72,1,1,7.0,0,0,0,,,2,0,0.0,0,3,37.5,5,15,20,68.97,3,75.0,1,0,0,0,,0,0,0,0,1,1,0,0,0,1,4,0,0,1,0,0.0,,0,0,0,0,0,,5,62.5,0,0,0,9,3,0,0,0,,0,0,0,0,0.0,0,0,0,0,10,0,0,0,0,0,0,0,0,0,0,0.0,0.0,0,0,0,0,0,0,0.0,0,3,2,66.67,0,6,1,0,8,66.67,8,12,17,29,7.0,0,0,45,2,0,0,,,,,
Jacopo Dezi,173349,Venezia,2688,italy,2122,16,1,0,7.0,0,0,0,,,3,1,33.33,7,3,100.0,18,4,21,95.45,1,100.0,0,0,0,0,,0,0,0,0,0,1,0,0,0,1,2,0,0,0,0,0.0,,0,0,0,0,0,,1,33.33,0,0,0,1,1,1,0,0,,0,0,0,0,0.0,0,0,0,0,5,0,0,0,0,0,0,0,0,0,0,0.0,0.0,0,0,1,1,0,1,50.0,0,0,0,0.0,1,3,2,3,2,50.0,3,21,4,22,7.0,1,0,32,0,0,0,30000.0,1560000.0,M,29.0,Italy
Nikola Milenković,836168,Fiorentina,2693,italy,2122,2929,34,34,7.0,1,0,1,,,81,0,0.0,154,145,63.32,526,1346,1872,89.57,98,74.81,33,0,0,0,,1,2,5,9,91,34,0,0,4,5,89,0,0,48,0,4.35,,41,37,4,1,0,,77,57.89,0,0,0,218,39,2,1,0,,0,0,0,1,0.0,0,0,0,0,236,3,0,1,0,0,0,0,0,0,0,2929.0,0.0,0,16,7,9,9,2,100.0,0,54,32,59.26,2,140,2,2,175,66.29,229,651,1441,2090,237.9,23,2,2415,21,8,1,89038.0,4630000.0,D,24.0,Serbia
Simone Romagnoli,111487,Empoli,2705,italy,2122,1498,19,17,6.99,2,0,2,,,44,0,0.0,61,58,47.54,208,403,611,77.64,55,62.5,33,0,0,0,,0,1,0,3,85,18,0,0,2,5,57,0,0,17,0,40.0,,27,23,4,2,0,,33,57.89,1,0,0,176,9,5,0,0,,1,0,0,1,0.0,0,0,0,0,190,1,0,0,1,0,0,0,0,0,0,749.0,0.0,0,5,0,3,2,1,100.0,0,28,12,42.86,5,104,1,1,88,60.69,122,316,472,787,125.9,5,0,997,5,3,0,35577.0,1850000.0,D,31.0,Italy
Ismaël Bennacer,823733,Milan,2692,italy,2122,1521,31,15,6.99,2,1,3,,,48,7,29.17,237,66,66.67,544,401,938,87.75,15,45.45,18,0,0,0,,2,0,3,3,14,31,0,0,26,29,108,0,0,25,0,12.5,,14,13,1,0,2,,124,57.94,0,0,0,131,25,23,2,0,,0,1,0,0,0.0,0,0,0,0,221,24,0,0,0,0,0,0,0,0,0,760.5,0.0,2,2,14,7,6,36,76.6,0,44,30,68.18,22,92,47,24,139,56.28,99,655,438,1069,216.8,16,2,1410,44,7,0,53462.0,2780000.0,M,24.0,Algeria
Pablo Marí,208988,Udinese,2695,italy,2122,1342,15,15,6.99,2,0,2,,,45,0,0.0,38,53,41.41,114,311,425,76.3,43,66.15,22,0,0,0,,2,0,1,2,69,14,0,1,1,8,53,0,0,20,0,20.0,,21,21,0,2,0,,22,41.51,1,0,0,132,21,4,1,0,,0,0,0,1,0.0,0,0,0,0,195,4,0,1,0,0,0,0,0,0,0,671.0,0.0,0,9,1,4,5,2,50.0,0,16,8,50.0,4,98,4,3,65,55.08,128,205,355,557,97.8,10,1,797,4,2,0,101731.0,5290000.0,D,28.0,Spain
Jerdy Schouten,844234,Bologna,2685,italy,2122,1393,17,16,6.98,1,1,2,,,26,0,0.0,169,29,70.73,356,309,665,84.71,28,60.87,18,0,0,0,,1,0,2,5,29,17,0,0,11,13,61,0,1,17,0,16.67,,20,16,4,1,0,,54,55.67,0,0,0,120,33,12,0,0,,0,0,0,0,0.0,0,0,0,0,165,4,0,1,1,0,0,0,0,0,0,1393.0,0.0,0,1,5,3,1,22,88.0,0,25,17,68.0,12,38,25,1,82,57.34,41,437,349,785,118.7,6,0,1021,7,2,1,12308.0,640000.0,M,25.0,Netherlands
Giorgio Chiellini,2009,Juventus,2687,italy,2122,1352,21,16,6.98,0,0,0,,,38,0,0.0,95,75,48.7,282,495,777,83.46,38,64.41,21,0,0,0,,1,1,2,5,57,21,0,0,1,6,44,0,0,15,0,0.0,,12,11,1,0,0,,45,66.18,0,0,1,154,22,7,0,2,,0,0,0,0,0.0,0,0,0,0,176,1,0,0,0,0,0,0,0,0,0,0.0,0.0,0,3,1,2,0,2,50.0,0,22,13,59.09,7,73,4,1,83,65.35,154,391,541,931,146.6,4,1,1141,22,2,0,106923.0,5560000.0,D,37.0,Italy
Nicolás Domínguez,871765,Bologna,2685,italy,2122,2033,28,23,6.98,0,3,3,,,70,4,28.57,214,78,63.93,519,472,987,83.43,36,54.55,30,0,0,0,,4,1,7,6,31,28,0,0,21,44,139,0,1,26,0,0.0,,33,31,2,0,0,,125,53.42,0,0,0,196,32,27,0,0,,0,0,0,0,0.0,0,0,0,0,285,13,0,0,0,0,0,0,0,0,0,0.0,0.0,0,14,7,11,3,14,41.18,0,76,45,59.21,27,123,34,14,161,53.67,122,673,524,1183,195.4,21,0,1581,39,8,0,17308.0,900000.0,M,23.0,Argentina
João Pedro Galvão,123208,Cagliari,2719,italy,2122,3325,37,37,6.97,13,4,17,,,33,2,14.29,189,38,63.33,303,200,501,72.29,63,35.8,113,0,0,1,,5,10,26,2,18,37,0,0,36,14,267,0,1,68,1,14.29,,67,55,12,11,2,,134,46.53,3,0,2,192,8,28,2,31,,0,0,4,0,75.0,0,3,0,1,400,26,0,0,8,0,0,0,0,0,0,255.77,50.0,2,76,15,27,38,34,47.22,0,15,12,80.0,28,58,72,14,197,42.46,60,481,226,693,258.0,91,3,1249,85,9,0,49808.0,2590000.0,F,29.0,Italy
Federico Chiesa,845386,Juventus,2687,italy,2122,867,14,11,6.97,2,2,4,,,6,16,50.0,77,10,66.67,135,70,189,79.08,0,0.0,8,0,0,0,,0,1,10,2,2,14,0,0,15,14,66,0,0,9,0,7.14,,11,11,0,2,0,,63,52.07,0,0,1,50,4,17,1,1,,0,0,0,0,0.0,0,0,0,1,135,10,0,0,1,0,0,0,0,0,0,433.5,0.0,0,20,8,9,9,21,51.22,0,26,19,73.08,17,11,41,32,63,48.84,15,189,82,239,97.6,28,1,482,16,0,0,178077.0,9260000.0,F,24.0,Italy
Duván Zapata,38162,Atalanta,2686,italy,2122,1732,24,20,6.97,10,4,14,,,8,7,28.0,228,10,47.62,308,94,395,76.7,46,51.11,44,0,0,0,,5,14,20,2,5,24,0,0,43,4,149,0,0,29,0,12.35,,31,28,3,10,0,,61,36.75,1,0,2,120,3,39,2,10,,0,0,3,0,100.0,0,3,0,0,309,10,0,0,7,0,0,0,0,0,0,173.2,0.0,0,73,8,27,34,28,45.9,0,6,2,33.33,39,15,61,25,107,41.8,21,436,104,515,167.3,81,0,911,27,3,0,64038.0,3330000.0,F,30.0,Colombia
Hirving Lozano,385320,Napoli,2714,italy,2122,1621,30,20,6.97,5,5,10,,,9,16,32.65,175,5,38.46,302,144,430,82.06,10,43.48,13,0,0,0,,3,4,12,1,8,30,0,0,32,22,107,0,0,27,0,10.0,,12,11,1,5,0,,90,48.91,0,0,1,94,9,28,1,14,,0,0,0,0,0.0,0,0,0,1,235,11,0,0,4,0,0,0,0,0,0,324.2,0.0,0,32,18,18,20,29,65.91,0,28,20,71.43,28,13,44,49,100,48.31,13,403,170,524,209.1,50,2,912,33,3,0,98654.0,5130000.0,F,26.0,Mexico
Simon Kjær,21535,Milan,2692,italy,2122,806,11,10,6.97,0,0,0,,,19,1,100.0,30,33,58.93,134,270,403,88.38,13,46.43,15,0,0,0,,1,0,0,1,36,10,0,0,1,6,41,0,0,20,0,0.0,,15,13,2,0,0,,25,49.02,0,0,0,53,9,2,0,0,,1,0,0,0,0.0,0,0,0,0,62,0,0,0,0,0,0,0,0,0,0,0.0,0.0,0,5,0,4,1,0,0.0,0,20,12,60.0,2,40,0,1,38,48.1,56,167,290,456,69.7,5,0,574,5,2,0,36923.0,1920000.0,D,32.0,Denmark
Davide Calabria,318607,Milan,2692,italy,2122,2124,26,24,6.97,2,3,5,,,55,20,37.74,203,72,47.06,416,394,790,76.25,10,27.03,27,0,0,0,,3,4,14,8,29,26,0,0,6,35,91,0,1,15,0,5.56,,17,17,0,2,0,,100,60.98,0,0,0,246,23,19,1,1,,0,0,0,0,0.0,0,0,0,0,348,14,0,0,1,0,0,0,0,0,0,1062.0,0.0,0,14,22,14,8,10,50.0,0,62,37,59.68,19,130,20,53,110,54.73,153,611,478,1036,181.2,36,0,1587,28,2,0,71154.0,3700000.0,D,25.0,Italy
Igor Júlio,842513,Fiorentina,2693,italy,2122,2245,30,23,6.97,0,0,0,,,49,0,0.0,112,116,68.64,456,1085,1541,91.89,46,52.87,41,0,0,0,,1,0,3,7,43,29,0,0,3,10,82,2,2,28,0,0.0,,30,27,3,0,0,,70,63.06,0,0,0,136,31,6,0,0,,0,0,0,1,0.0,0,0,0,0,160,2,0,0,0,0,0,0,0,0,0,0.0,0.0,0,7,0,3,1,12,100.0,0,53,31,58.49,6,75,12,2,116,58.59,169,530,1149,1677,202.1,7,1,1938,5,3,0,17308.0,900000.0,D,23.0,Brazil
Alexis Sánchez,34120,Inter,2697,italy,2122,877,27,7,6.97,5,2,7,,,39,9,25.71,163,32,72.73,270,78,339,81.1,10,37.04,17,0,0,0,,2,2,12,1,3,27,0,0,14,9,64,0,0,10,0,15.15,,10,9,1,5,0,,51,52.04,0,0,2,79,2,20,1,8,,0,0,0,0,0.0,0,0,0,0,162,10,0,0,4,0,0,0,0,0,0,175.4,0.0,1,25,8,8,13,21,53.85,0,9,8,88.89,20,67,39,35,61,48.8,44,362,91,418,188.1,33,1,621,21,0,0,172500.0,8970000.0,F,33.0,Chile
Adrien Rabiot,250737,Juventus,2687,italy,2122,2296,32,28,6.96,0,2,2,,,14,5,20.0,212,27,60.0,455,398,848,83.3,49,61.25,31,0,0,0,,2,1,5,6,33,31,0,0,24,19,128,0,1,45,0,0.0,,25,21,4,0,0,,136,58.37,0,0,0,170,20,21,0,4,,0,0,0,1,0.0,0,0,0,0,267,12,0,0,0,0,0,0,0,0,0,0.0,0.0,0,18,8,14,7,44,77.19,0,64,43,67.19,21,26,57,25,185,59.11,45,580,463,1018,215.8,26,0,1445,28,5,0,172500.0,8970000.0,M,26.0,France
Maxime López,352802,Sassuolo,2793,italy,2122,2940,35,33,6.96,2,2,4,,,90,4,23.53,520,94,65.28,1229,1124,2349,91.19,7,53.85,6,0,0,0,,3,0,4,3,34,35,0,0,28,52,138,1,0,37,0,12.5,,56,54,2,2,0,,130,49.62,0,0,0,227,42,49,0,0,,0,0,0,0,0.0,0,0,0,0,327,14,0,0,2,0,0,0,0,0,0,1470.0,0.0,0,6,10,6,6,30,65.22,0,69,36,52.17,49,140,46,17,137,49.82,144,1373,1220,2576,243.6,16,1,3008,31,14,0,14808.0,770000.0,M,24.0,France
Ivan Provedel,308182,Spezia,2735,italy,2122,2762,31,31,6.96,0,0,0,,,109,0,0.0,52,276,38.66,147,458,605,57.45,9,100.0,0,0,0,0,,0,0,0,7,33,31,0,0,0,1,3,1,1,2,0,0.0,,52,43,9,0,0,-0.41,3,50.0,0,23,0,448,2,0,0,0,,1,0,0,2,0.0,11,0,0,0,464,0,23,0,0,9,77,39,116,2,28,0.0,0.0,0,0,1,0,1,0,0.0,9,0,0,0.0,0,265,0,0,12,80.0,714,514,539,1053,215.7,1,3,1394,4,2,0,10769.0,560000.0,K,27.0,Italy
Rolando Mandragora,548178,Torino,2696,italy,2122,1322,21,16,6.96,0,2,2,,,25,25,53.19,195,22,46.81,413,232,620,86.35,16,44.44,20,0,0,0,,4,1,3,4,13,21,0,0,9,9,65,0,0,25,0,0.0,,10,8,2,0,0,,46,50.55,0,0,1,98,10,31,0,1,,0,0,0,0,0.0,0,0,0,0,150,10,0,1,0,0,0,0,0,0,0,0.0,0.0,3,7,16,15,5,3,50.0,0,21,10,47.62,31,48,6,47,62,48.82,47,505,260,718,146.1,23,1,936,22,5,1,21346.0,1110000.0,M,24.0,Italy
Davide Frattesi,835600,Sassuolo,2793,italy,2122,2885,36,35,6.95,4,3,7,,,34,3,21.43,256,48,64.86,543,485,1025,83.81,26,39.39,40,0,0,0,,5,7,13,0,58,36,0,0,22,26,150,0,1,46,0,5.97,,51,47,4,4,0,,144,56.69,0,0,3,198,29,30,3,0,,1,0,0,1,0.0,0,0,0,2,325,9,0,0,1,0,0,0,0,0,0,721.25,0.0,0,41,26,34,20,41,65.08,0,46,16,34.78,30,60,63,14,170,53.13,74,689,548,1223,250.2,67,0,1770,57,6,0,25000.0,1300000.0,M,22.0,Italy
Robin Gosens,377118,Inter,2697,italy,2122,624,13,5,6.95,1,1,2,,,6,3,25.0,79,10,43.48,145,107,249,81.11,16,76.19,5,0,0,0,,1,1,5,1,4,12,0,0,1,4,18,0,0,4,0,5.26,,5,3,2,1,0,,17,56.67,0,0,1,58,12,8,1,3,,0,0,0,0,0.0,0,0,0,1,87,3,0,0,0,0,0,0,0,0,0,624.0,0.0,0,16,3,9,5,0,0.0,0,10,4,40.0,8,16,4,12,33,64.71,23,195,124,307,83.4,19,0,453,7,3,0,89038.0,4630000.0,M,27.0,Germany
Francesco Bardi,80203,Bologna,2685,italy,2122,178,2,2,6.95,0,0,0,,,2,0,0.0,0,8,34.78,2,25,27,64.29,1,100.0,0,0,0,0,,0,0,0,0,0,2,0,0,0,0,0,0,0,0,0,0.0,,2,2,0,0,0,0.73,1,100.0,0,2,0,15,0,0,0,0,,0,0,0,0,0.0,0,0,0,0,16,0,0,0,0,0,3,4,7,0,3,0.0,0.0,0,0,0,0,0,0,0.0,0,0,0,0.0,0,8,0,0,2,100.0,23,11,31,42,13.9,0,0,59,1,0,0,25000.0,1300000.0,K,30.0,Italy
Wilfried Singo,978285,Torino,2696,italy,2122,2626,35,32,6.95,3,4,7,,,34,15,18.75,252,53,49.53,514,349,848,79.77,42,56.0,33,0,0,0,,4,1,11,3,43,35,0,1,18,10,143,0,0,43,0,7.32,,28,22,6,3,0,,155,58.49,2,0,0,215,23,24,0,8,,0,1,0,0,0.0,0,0,0,0,476,18,0,1,1,0,0,0,0,0,0,875.33,0.0,0,29,12,23,7,41,50.62,0,55,35,63.64,23,74,81,80,197,57.94,107,750,393,1063,243.2,41,0,1893,59,5,0,5000.0,260000.0,D,21.0,Cote d'Ivoire
Wojciech Szczęsny,50490,Juventus,2687,italy,2122,2970,33,33,6.95,0,0,0,,,82,0,0.0,16,173,50.29,63,611,674,79.39,10,100.0,0,0,0,0,,0,0,0,12,21,33,0,0,0,1,3,1,0,2,0,0.0,,29,22,7,0,0,2.3,4,57.14,0,22,0,175,0,3,0,0,,0,0,0,2,0.0,6,0,3,0,181,0,13,0,0,9,44,32,78,0,15,0.0,0.0,0,0,0,0,0,0,0.0,8,1,1,100.0,3,154,0,0,14,82.35,344,172,677,849,229.3,0,2,1145,4,2,0,231538.0,12040000.0,K,31.0,Poland
Riccardo Orsolini,793645,Bologna,2685,italy,2122,1799,29,21,6.95,6,3,9,,,38,20,22.22,162,36,62.07,319,152,451,70.58,27,43.55,35,0,0,0,,3,5,15,1,13,27,0,0,29,16,130,0,0,20,1,11.32,,24,21,3,4,2,,90,48.65,1,0,2,188,5,21,5,13,,0,0,2,0,100.0,0,2,0,0,378,17,0,0,0,0,0,0,0,0,0,299.83,20.0,5,31,22,20,18,26,44.83,0,21,13,61.9,21,72,58,90,117,47.37,58,522,207,639,187.6,53,0,1068,44,2,0,39231.0,2040000.0,F,25.0,Italy
Miguel Veloso,6557,Hellas Verona,2701,italy,2122,1345,22,17,6.95,0,3,3,,,34,23,31.08,186,51,49.51,418,297,692,82.97,26,54.17,22,0,0,0,,2,0,1,0,15,21,0,0,7,6,53,0,1,18,0,0.0,,25,22,3,0,0,,35,53.03,0,0,0,142,11,25,0,0,,0,0,0,0,0.0,0,0,0,0,216,8,0,1,0,0,0,0,0,0,0,0.0,0.0,6,4,13,12,4,6,100.0,0,23,15,65.22,25,67,6,74,61,53.51,103,575,333,834,145.9,17,1,1070,6,5,1,17885.0,930000.0,M,35.0,Portugal
Mattia Bani,250547,Genoa,2713,italy,2122,1211,17,13,6.95,0,0,0,,,19,0,0.0,22,36,34.95,89,244,333,71.46,43,60.56,28,0,0,0,,0,1,1,3,75,17,0,0,0,4,45,0,0,14,0,0.0,,16,12,4,0,0,,42,71.19,0,0,0,133,20,3,0,0,,0,0,0,0,0.0,0,0,0,0,144,0,0,0,0,0,0,0,0,0,0,0.0,0.0,0,9,0,7,1,1,100.0,0,23,13,56.52,3,69,1,1,85,65.38,103,175,292,466,118.1,9,2,670,19,1,0,25000.0,1300000.0,D,28.0,Italy
Marten de Roon,100389,Atalanta,2686,italy,2122,2548,30,28,6.95,3,0,3,,,69,0,0.0,356,105,53.57,763,653,1416,85.4,53,60.92,34,0,0,0,,1,1,5,4,41,30,0,0,7,28,123,0,0,50,0,13.04,,39,37,2,3,0,,88,49.72,1,0,0,242,45,7,0,0,,0,0,0,0,0.0,0,0,0,0,281,18,0,1,2,0,0,0,0,0,0,849.33,0.0,0,9,14,13,5,5,50.0,0,69,42,60.87,7,131,10,7,141,53.41,196,943,722,1658,208.4,23,0,2003,15,5,1,35577.0,1850000.0,M,30.0,Netherlands
Marash Kumbulla,893642,Roma,2702,italy,2122,1028,17,13,6.95,0,0,0,,,16,1,50.0,28,39,58.21,132,412,543,86.05,22,61.11,14,0,0,0,,0,1,2,6,26,13,0,0,2,7,44,0,0,22,0,0.0,,11,9,2,0,0,,33,52.38,0,0,0,88,16,3,0,0,,0,0,0,0,0.0,0,0,0,0,97,2,0,0,0,0,0,0,0,0,0,0.0,0.0,0,7,0,2,3,1,100.0,0,21,13,61.9,3,41,1,2,55,55.56,67,180,453,631,90.3,7,1,754,11,6,0,64038.0,3330000.0,D,21.0,Albania
Roger Ibañez,888949,Roma,2702,italy,2122,2894,34,32,6.95,3,0,3,,,60,1,33.33,127,115,50.88,534,1122,1655,87.47,61,61.62,38,0,0,0,,0,1,3,11,96,33,0,0,12,17,118,1,1,47,0,15.0,,39,30,9,3,0,,112,58.33,3,0,0,237,62,10,0,1,,0,0,0,2,0.0,0,0,0,0,299,3,0,0,0,0,0,0,0,0,0,964.67,0.0,0,20,0,11,6,10,62.5,0,54,32,59.26,10,128,16,3,173,59.45,226,675,1220,1892,229.2,20,5,2363,48,9,0,36923.0,1920000.0,D,23.0,Brazil
Luiz Felipe,850035,Lazio,2699,italy,2122,2497,31,28,6.94,0,0,0,,,37,1,50.0,105,84,66.14,478,1180,1657,91.6,43,50.0,43,0,0,0,,0,1,3,5,98,31,0,1,6,14,90,0,1,28,0,0.0,,39,29,10,0,0,,63,57.27,0,0,0,152,33,3,0,0,,0,0,0,0,0.0,0,0,0,1,172,3,0,1,0,0,0,0,0,0,0,0.0,0.0,0,5,0,0,2,6,100.0,0,41,23,56.1,3,71,6,2,106,54.08,127,554,1257,1809,215.2,5,4,2125,16,10,0,28462.0,1480000.0,D,24.0,Italy
Rick Karsdorp,363792,Roma,2702,italy,2122,2895,36,32,6.94,0,2,2,,,55,29,28.16,286,97,61.01,588,637,1196,83.17,5,29.41,12,0,0,0,,10,0,0,10,23,36,0,0,8,22,78,0,1,27,0,0.0,,34,27,7,0,0,,79,54.48,0,0,0,242,34,43,0,0,,0,0,0,1,0.0,0,0,0,0,409,10,0,1,0,0,0,0,0,0,0,0.0,0.0,0,1,1,1,1,13,56.52,0,53,38,71.7,43,125,23,103,84,51.85,159,837,704,1438,249.9,2,2,2067,13,7,1,78269.0,4070000.0,D,26.0,Netherlands
Lucas Torreira,754794,Fiorentina,2693,italy,2122,2206,31,26,6.94,5,1,6,,,68,1,16.67,266,91,66.91,593,598,1190,87.69,18,40.91,26,0,0,0,,2,3,3,3,17,30,0,0,8,22,99,0,0,38,0,17.24,,32,29,3,5,0,,87,54.38,1,0,1,167,26,23,1,2,,0,0,0,0,0.0,0,0,0,1,215,8,0,1,3,0,0,0,0,0,0,441.2,0.0,2,20,9,13,13,6,46.15,0,37,29,78.38,23,114,13,6,105,51.47,136,721,642,1357,208.2,29,3,1628,44,8,1,74038.0,3850000.0,M,25.0,Uruguay
Alberto Grassi,186845,Cagliari,2719,italy,2122,2193,30,26,6.94,0,2,2,,,25,2,40.0,144,33,41.77,353,486,837,81.34,55,66.27,28,0,0,0,,2,0,6,0,31,30,0,0,16,22,102,0,1,28,0,0.0,,36,30,6,0,0,,124,62.63,0,0,1,192,63,15,0,1,,0,0,0,0,0.0,0,0,0,0,254,17,0,1,0,0,0,0,0,0,0,0.0,0.0,0,12,12,16,2,18,66.67,0,47,26,55.32,15,59,27,5,179,63.7,79,492,542,1029,208.2,24,0,1425,60,4,1,32115.0,1670000.0,M,26.0,Italy
Lucas Martínez Quarta,795297,Fiorentina,2693,italy,2122,1435,20,16,6.94,1,0,1,,,69,0,0.0,97,108,67.92,334,667,1001,89.78,47,58.75,33,0,0,0,,1,2,1,2,45,19,0,0,7,13,87,0,0,30,0,6.25,,23,20,3,1,0,,58,51.79,0,0,0,114,19,5,0,0,,0,0,0,1,0.0,0,0,0,0,141,4,0,0,1,0,0,0,0,0,0,1435.0,0.0,0,14,2,11,4,11,68.75,0,36,25,69.44,5,107,16,1,105,54.69,159,395,721,1115,131.8,16,1,1330,11,8,0,24615.0,1280000.0,D,25.0,Argentina
Federico Fazio,27569,Salernitana,2710,italy,2122,1435,16,16,6.93,1,0,1,,,18,2,33.33,58,38,52.05,184,314,496,81.58,54,69.23,24,0,0,0,,0,1,5,1,67,15,0,0,3,3,46,0,1,16,0,6.25,,26,23,3,1,0,,41,65.08,1,0,1,112,27,8,0,1,,0,0,0,2,0.0,0,0,0,0,139,5,0,1,0,0,0,0,0,0,0,1435.0,0.0,0,14,2,8,3,9,81.82,0,17,11,64.71,8,45,11,6,95,67.38,73,267,347,608,104.0,16,1,854,15,1,1,89038.0,4630000.0,D,34.0,Argentina
Erick Pulgar,590262,Fiorentina,2693,italy,2122,341,6,4,6.93,0,1,1,,,10,3,60.0,49,13,76.47,112,96,205,87.98,4,36.36,7,0,0,0,,1,0,0,0,2,6,0,0,2,5,19,0,1,5,0,0.0,,6,6,0,0,0,,11,47.83,0,0,0,28,5,7,0,0,,0,0,0,0,0.0,0,0,0,0,39,4,0,0,0,0,0,0,0,0,0,0.0,0.0,0,0,3,1,2,2,66.67,0,6,6,100.0,7,18,3,5,15,44.12,17,134,104,233,41.6,3,0,276,3,2,0,32115.0,1670000.0,M,28.0,Chile
Tommaso Pobega,928796,Torino,2696,italy,2122,2239,33,24,6.93,4,3,7,,,49,1,6.25,304,49,55.68,618,300,917,79.46,77,49.36,79,0,0,0,,3,2,14,2,36,32,0,0,16,19,201,0,0,75,0,8.33,,29,24,5,4,0,,101,45.29,0,0,0,237,25,25,4,2,,0,0,0,0,0.0,0,0,0,1,331,19,0,0,0,0,0,0,0,0,0,559.75,0.0,0,22,26,26,8,14,51.85,0,48,30,62.5,25,91,27,16,178,46.97,88,803,367,1154,221.7,48,0,1569,39,11,0,10769.0,560000.0,M,22.0,Italy
Giacomo Raspadori,865651,Sassuolo,2793,italy,2122,2752,36,32,6.93,10,5,15,,,36,7,11.11,256,38,63.33,484,324,801,82.66,9,33.33,18,0,0,0,,6,4,31,1,11,36,0,0,48,27,147,0,0,29,0,14.08,,47,44,3,7,3,,97,42.92,0,0,1,168,9,43,3,4,,0,0,0,0,0.0,0,0,0,1,401,22,0,1,7,0,0,0,0,0,0,275.2,0.0,3,44,27,15,25,35,58.33,0,29,18,62.07,43,64,60,63,106,41.9,60,655,377,969,249.3,71,2,1480,33,7,1,7115.0,370000.0,F,21.0,Italy
Rafael Tolói,82943,Atalanta,2686,italy,2122,1441,20,16,6.92,1,1,2,,,40,3,30.0,148,50,44.25,341,411,749,82.4,38,77.55,11,0,0,0,,1,0,5,3,35,19,0,0,5,15,65,0,0,27,0,8.33,,22,21,1,1,0,,55,50.46,0,0,0,160,26,8,1,0,,0,0,0,1,0.0,0,0,0,0,196,1,0,0,0,0,0,0,0,0,0,1441.0,0.0,0,11,1,5,2,7,50.0,0,38,15,39.47,8,91,14,10,93,58.86,113,463,456,909,131.5,12,0,1153,10,6,0,35577.0,1850000.0,D,31.0,Italy
Alessandro Florenzi,152420,Milan,2692,italy,2122,1156,24,12,6.92,2,0,2,,,53,14,25.0,128,62,54.39,269,299,554,82.44,9,50.0,9,0,0,0,,0,0,5,2,8,24,0,0,1,18,40,0,1,10,1,9.09,,10,9,1,1,1,,44,58.67,0,0,1,118,27,11,0,3,,0,0,0,0,0.0,0,0,0,0,181,9,0,0,2,0,0,0,0,0,0,578.0,50.0,2,6,16,11,6,8,80.0,0,28,14,50.0,11,96,10,56,53,56.99,114,401,327,672,166.1,22,1,957,8,2,0,106923.0,5560000.0,D,30.0,Italy
Piotr Zieliński,138605,Napoli,2714,italy,2122,2105,35,26,6.92,6,5,11,,,38,13,37.14,330,28,70.0,620,331,938,84.81,3,17.65,14,0,0,0,,5,1,13,0,4,35,0,0,17,15,81,0,0,19,0,13.95,,24,22,2,5,1,,64,48.85,0,0,1,168,8,50,5,1,,0,0,0,0,0.0,0,0,0,0,272,8,0,0,1,0,0,0,0,0,0,350.83,0.0,1,21,22,15,15,17,47.22,0,19,12,63.16,50,69,36,35,67,45.27,40,774,367,1106,242.2,43,0,1403,28,1,0,124615.0,6480000.0,F,27.0,Poland
Giacomo Bonaventura,36784,Fiorentina,2693,italy,2122,2278,31,28,6.92,4,5,9,,,56,8,22.22,313,63,67.74,562,434,988,85.17,16,50.0,16,0,0,0,,2,8,16,3,8,31,0,1,19,25,106,1,0,31,0,8.7,,31,28,3,3,1,,112,55.45,0,0,1,172,14,33,1,2,,0,0,0,0,0.0,0,0,0,2,285,25,0,1,3,0,0,0,0,0,0,569.5,0.0,1,27,19,15,15,30,63.83,0,33,17,51.52,33,96,47,36,128,54.7,93,726,470,1160,214.5,46,2,1518,49,7,0,53462.0,2780000.0,M,32.0,Italy
Ethan Ampadu,847097,Venezia,2688,italy,2122,2289,29,26,6.92,0,3,3,,,49,8,40.0,172,65,44.83,374,450,816,76.91,66,66.67,33,0,0,0,,2,0,4,3,72,29,0,1,10,34,127,0,0,46,0,0.0,,44,42,2,0,0,,107,53.23,0,0,0,245,51,15,0,0,,0,0,0,0,0.0,0,0,0,0,333,16,0,2,0,0,0,0,0,0,0,0.0,0.0,0,2,5,2,1,13,76.47,0,67,43,64.18,15,108,17,20,173,57.67,145,548,533,1061,200.6,7,0,1546,27,11,1,8654.0,450000.0,D,21.0,Wales
Merih Demiral,806968,Atalanta,2686,italy,2122,1917,28,22,6.91,1,2,3,,,23,0,0.0,43,44,51.16,154,527,681,85.23,85,69.11,38,0,0,0,,1,3,4,5,63,28,0,0,5,13,85,1,0,29,0,4.0,,22,19,3,1,0,,49,51.04,0,0,0,118,58,4,0,3,,0,0,0,1,0.0,0,0,0,0,141,2,0,0,1,0,0,0,0,0,0,1917.0,0.0,0,25,0,15,6,2,50.0,0,31,17,54.84,4,48,4,0,134,61.19,86,226,573,799,193.6,25,2,1099,16,8,0,71154.0,3700000.0,D,23.0,Turkey
Giovanni Simeone,341143,Hellas Verona,2701,italy,2122,2679,36,32,6.91,17,5,22,,,16,7,25.93,198,12,57.14,293,174,460,70.34,60,35.09,111,0,1,0,,4,9,13,2,20,36,0,0,80,30,308,0,0,57,0,24.29,,37,33,4,14,3,,108,35.41,4,0,2,194,6,24,2,34,,0,0,1,0,0.0,0,0,0,1,475,22,0,0,11,0,0,0,0,0,0,157.59,0.0,0,53,17,25,32,23,37.7,0,27,15,55.56,24,26,61,27,168,35.29,21,476,205,654,248.9,70,4,1268,58,8,0,53462.0,2780000.0,F,26.0,Argentina
Szymon Żurkowski,860435,Empoli,2705,italy,2122,2319,35,29,6.91,6,2,8,,,18,2,8.7,249,18,46.15,448,249,695,79.89,25,43.86,32,0,0,0,,3,1,18,3,28,35,0,0,35,39,162,1,0,41,0,12.77,,43,38,5,4,2,,162,55.48,0,0,1,175,35,20,3,0,,0,0,0,1,0.0,0,0,0,0,321,16,0,0,3,0,0,0,0,0,0,386.5,0.0,0,25,22,12,17,38,70.37,0,58,33,56.9,20,44,54,23,187,53.58,39,599,294,870,241.9,47,1,1421,67,5,0,14231.0,740000.0,M,24.0,Poland
Giorgio Altare,882004,Cagliari,2719,italy,2122,1474,19,17,6.91,1,0,1,,,39,5,18.52,81,59,38.06,202,283,480,68.87,46,55.42,37,0,0,0,,1,2,6,2,70,19,0,0,3,5,76,0,0,35,0,5.56,,23,21,2,1,0,,57,59.38,1,0,1,217,30,8,0,1,,0,0,0,1,0.0,0,0,0,0,279,8,0,0,0,0,0,0,0,0,0,1474.0,0.0,0,14,4,6,6,8,80.0,0,39,28,71.79,8,111,10,27,103,57.54,155,367,357,697,131.3,18,0,1041,10,5,0,5385.0,280000.0,D,23.0,Italy
Danilo Cataldi,317301,Lazio,2699,italy,2122,1717,32,19,6.91,1,2,3,,,51,18,27.27,209,65,58.56,608,592,1182,88.87,6,46.15,7,0,0,0,,4,0,2,0,17,32,0,0,6,26,60,0,1,18,0,8.33,,29,24,5,1,0,,65,55.08,0,0,1,148,17,26,0,0,,0,1,0,1,0.0,0,0,0,0,223,8,0,0,1,0,0,0,0,0,0,1717.0,0.0,3,1,11,6,4,10,66.67,0,36,17,47.22,25,103,15,66,71,54.2,111,757,639,1330,221.1,12,1,1593,19,7,0,49808.0,2590000.0,M,27.0,Italy
Milan Badelj,39482,Genoa,2713,italy,2122,2850,34,34,6.91,1,0,1,,,105,3,30.0,280,82,46.86,615,611,1223,78.85,34,54.84,28,0,0,0,,3,0,5,8,42,34,0,0,26,46,150,0,0,39,0,4.76,,47,40,7,1,0,,117,48.95,0,0,0,328,85,27,0,0,,0,0,0,0,0.0,0,0,0,1,435,19,0,0,1,0,0,0,0,0,0,2850.0,0.0,0,5,16,11,5,34,68.0,0,64,37,57.81,27,208,50,10,151,50.17,175,849,712,1551,234.9,21,0,2036,19,4,0,34423.0,1790000.0,M,32.0,Croatia
Andrea Pinamonti,826198,Empoli,2705,italy,2122,2870,36,32,6.91,13,2,15,,,7,4,14.29,186,6,37.5,276,101,373,62.17,75,36.76,129,0,0,0,,4,9,27,3,22,36,0,0,47,16,243,0,0,32,0,14.44,,59,52,7,13,0,,84,42.42,0,0,1,227,7,29,6,19,,0,0,4,0,100.0,0,4,0,1,397,17,0,0,7,0,0,0,0,0,0,220.77,0.0,1,74,16,36,27,17,42.5,0,11,6,54.55,29,19,40,28,159,39.55,16,503,125,600,248.7,90,1,1060,56,4,0,35577.0,1850000.0,F,22.0,Italy
Remo Freuler,115516,Atalanta,2686,italy,2122,2378,29,28,6.91,1,3,4,,,49,5,20.0,505,41,50.62,909,565,1469,87.23,20,45.45,24,0,0,0,,3,2,7,6,24,29,0,0,24,40,141,1,0,43,0,5.0,,35,34,1,1,0,,117,50.0,0,0,0,215,35,23,1,0,,1,0,0,1,0.0,0,0,0,0,323,21,0,0,0,0,0,0,0,0,0,2378.0,0.0,0,7,13,7,6,20,57.14,0,69,39,56.52,23,101,35,25,137,49.28,81,1094,615,1684,200.3,20,1,2124,28,10,0,28462.0,1480000.0,M,29.0,Switzerland
Mattia Caldara,362222,Venezia,2688,italy,2122,2709,31,30,6.91,1,0,1,,,77,0,0.0,75,96,50.0,228,718,946,82.05,49,49.0,51,0,0,0,,0,3,3,3,142,31,0,0,4,14,100,1,0,28,0,6.25,,52,47,5,1,0,,73,59.84,0,0,0,207,62,3,0,3,,0,0,0,1,0.0,0,0,0,1,236,7,0,0,1,0,0,0,0,0,0,2709.0,0.0,0,12,4,6,7,3,42.86,0,48,28,58.33,3,154,7,2,122,54.95,192,350,805,1153,214.1,16,2,1577,22,9,0,71154.0,3700000.0,D,27.0,Italy
Aleksei Miranchuk,324353,Atalanta,2686,italy,2122,766,19,7,6.91,2,5,7,,,5,7,41.18,149,7,50.0,235,72,300,82.87,9,39.13,14,0,0,0,,4,1,3,0,6,19,0,0,17,8,64,0,0,14,0,14.29,,13,12,1,2,0,,46,47.92,0,0,0,62,1,22,2,3,,0,0,0,0,0.0,0,0,0,0,131,5,0,0,0,0,0,0,0,0,0,383.0,0.0,0,8,6,7,4,16,57.14,0,11,7,63.64,22,13,28,17,55,46.22,14,293,86,362,131.2,14,1,540,19,0,0,53462.0,2780000.0,F,26.0,Russia
Hamed Junior Traorè,892924,Sassuolo,2793,italy,2122,1792,31,21,6.9,7,2,9,,,21,15,25.0,227,28,56.0,404,237,626,81.94,4,28.57,10,0,0,0,,6,5,17,0,4,31,0,0,43,35,158,0,1,30,0,13.73,,31,27,4,6,1,,125,45.79,0,0,4,138,12,36,1,4,,0,0,0,0,0.0,0,0,0,0,325,14,0,0,6,0,0,0,0,0,0,256.0,0.0,0,37,14,12,22,61,58.65,0,32,18,56.25,36,44,104,60,129,44.95,50,555,269,764,214.0,51,1,1234,32,3,0,17885.0,930000.0,F,21.0,Cote d'Ivoire
Nahuel Molina,831799,Udinese,2695,italy,2122,2649,35,31,6.9,7,2,9,,,36,37,31.62,266,42,37.17,496,271,730,72.93,11,36.67,19,0,0,0,,7,5,7,3,36,35,0,0,10,32,112,0,2,31,1,15.91,,46,42,4,3,4,,76,44.97,0,0,3,271,22,39,3,1,,0,0,0,0,0.0,0,0,0,0,440,10,0,1,4,0,0,0,0,0,0,378.43,50.0,2,23,21,21,16,20,47.62,0,41,24,58.54,39,92,42,117,87,43.72,113,766,352,1001,241.6,44,1,1565,16,5,1,7308.0,380000.0,D,23.0,Argentina
Nedim Bajrami,825861,Empoli,2705,italy,2122,2068,35,23,6.9,6,5,11,,,18,35,22.44,275,15,42.86,444,168,577,79.26,0,0.0,14,0,0,0,,2,2,12,1,6,35,0,0,34,10,102,0,0,16,0,11.11,,39,34,5,5,1,,77,46.67,0,0,2,151,3,54,0,7,,0,0,3,0,100.0,0,3,0,0,402,13,0,0,6,0,0,0,0,0,0,344.67,0.0,8,30,24,20,22,42,59.15,0,21,14,66.67,54,34,71,156,77,43.02,35,692,192,728,241.6,54,2,1207,14,3,0,29615.0,1540000.0,F,22.0,Albania
Junior Messias,888219,Milan,2692,italy,2122,1429,26,14,6.9,5,2,7,,,15,7,13.46,171,10,40.0,275,82,350,72.77,28,45.9,33,0,0,0,,2,4,12,1,15,26,0,0,17,19,122,0,0,21,0,11.36,,13,13,0,5,0,,88,49.72,1,0,0,131,17,21,3,3,,0,0,0,1,0.0,0,0,0,0,284,13,0,0,1,0,0,0,0,0,0,285.8,0.0,0,28,16,15,17,30,47.62,0,34,18,52.94,21,32,63,52,116,48.74,25,423,110,481,179.4,44,0,878,24,2,0,35577.0,1850000.0,F,30.0,Brazil
Simone Bastoni,385330,Spezia,2735,italy,2122,2289,31,26,6.9,3,3,6,,,59,42,37.17,237,51,36.43,476,302,736,73.97,25,64.1,14,0,0,0,,6,0,14,4,28,30,0,1,32,44,144,0,0,30,0,10.71,,43,34,9,2,1,,129,49.81,0,0,1,259,30,47,3,1,,0,0,0,0,0.0,0,0,0,0,471,21,0,1,0,0,0,0,0,0,0,763.0,0.0,0,5,23,8,6,42,61.76,0,52,34,65.38,47,144,68,113,154,51.68,140,733,375,995,207.0,28,0,1680,35,5,0,8846.0,460000.0,D,25.0,Italy
Stephan El Shaarawy,45925,Roma,2702,italy,2122,1054,27,8,6.9,3,0,3,,,23,3,16.67,155,30,71.43,258,181,436,84.17,14,48.28,15,0,0,0,,4,3,8,1,6,27,0,0,13,2,57,0,0,8,0,7.69,,14,11,3,3,0,,45,51.72,0,0,0,82,11,31,0,3,,0,0,0,0,0.0,0,0,0,0,158,3,0,0,3,0,0,0,0,0,0,351.33,0.0,1,19,20,18,13,20,51.28,0,13,8,61.54,31,39,39,18,59,50.86,42,344,192,518,186.3,39,0,774,12,1,0,124615.0,6480000.0,F,29.0,Italy
Moustapha Cissé,1186444,Atalanta,2686,italy,2122,41,3,0,6.9,1,0,1,,,0,0,0.0,3,0,0.0,4,1,5,55.56,4,66.67,2,0,0,0,,0,0,2,0,0,2,0,0,1,3,8,0,0,2,0,33.33,,0,0,0,1,0,,3,33.33,0,0,0,4,0,0,1,2,,0,0,0,0,0.0,0,0,0,0,10,1,0,0,0,0,0,0,0,0,0,41.0,0.0,0,3,0,0,1,1,100.0,0,1,0,0.0,0,0,1,0,7,46.67,0,7,2,9,13.8,3,0,23,1,0,0,,,,,
Stanislav Lobotka,150383,Napoli,2714,italy,2122,1686,23,19,6.9,1,0,1,,,27,0,0.0,245,26,63.41,744,582,1326,93.71,8,44.44,10,0,0,0,,0,0,0,6,12,23,0,0,12,22,62,0,1,19,0,50.0,,16,13,3,0,1,,87,62.59,0,0,0,89,12,15,0,0,,0,0,0,0,0.0,0,0,0,0,120,10,0,0,1,0,0,0,0,0,0,1686.0,0.0,0,0,2,1,1,13,81.25,0,39,24,61.54,15,41,16,3,95,60.51,41,799,619,1415,158.7,2,0,1607,35,2,0,39423.0,2050000.0,M,27.0,Slovakia
Sebastiano Luperto,352736,Empoli,2705,italy,2122,1958,24,22,6.9,0,2,2,,,43,2,33.33,71,60,46.15,214,604,816,84.38,44,49.44,45,0,0,0,,0,1,2,3,129,24,0,0,2,10,87,0,0,30,0,0.0,,40,36,4,0,0,,35,45.45,0,0,0,151,45,9,0,1,,0,0,0,1,0.0,0,0,0,0,172,1,0,1,0,0,0,0,0,0,0,0.0,0.0,0,7,2,3,4,1,50.0,0,29,17,58.62,9,98,2,6,79,47.59,130,318,655,967,165.6,9,3,1273,5,6,1,35577.0,1850000.0,D,25.0,Italy
Takehiro Tomiyasu,804434,Bologna,2685,italy,2122,9,1,0,6.9,0,0,0,,,1,1,100.0,0,0,0.0,1,1,1,100.0,0,0.0,1,0,0,0,,0,0,0,0,0,1,0,0,0,0,1,0,0,0,0,0.0,,0,0,0,0,0,,1,100.0,0,0,0,0,1,1,0,0,,0,0,0,0,0.0,0,0,0,0,1,0,0,0,0,0,0,0,0,0,0,0.0,0.0,0,0,0,0,0,1,100.0,0,0,0,0.0,1,1,1,1,1,50.0,0,1,1,1,6.9,0,0,7,0,0,0,,,,,
Aimar Sher,981574,Spezia,2735,italy,2122,45,1,0,6.9,0,0,0,,,2,0,0.0,7,0,0.0,14,5,19,90.48,1,50.0,1,0,0,0,,0,0,0,0,1,1,0,0,0,1,2,0,0,0,0,0.0,,1,0,1,0,0,,2,66.67,0,0,0,2,3,0,0,0,,0,0,0,0,0.0,0,0,0,0,3,0,0,0,0,0,0,0,0,0,0,0.0,0.0,0,0,0,0,0,0,0.0,0,2,1,50.0,0,2,0,0,3,60.0,0,15,6,21,6.9,0,0,30,0,0,0,3654.0,190000.0,M,19.0,Sweden
Adrian Šemper,814876,Genoa,2713,italy,2122,90,1,1,6.9,0,0,0,,,4,0,0.0,0,8,33.33,5,13,18,52.94,0,0.0,0,0,0,0,,0,0,0,0,0,1,0,0,0,0,0,0,0,0,0,0.0,,1,1,0,0,0,0.1,0,0.0,0,2,0,16,0,0,0,0,,0,0,0,0,0.0,0,0,0,0,17,0,0,0,0,0,3,0,3,0,1,0.0,0.0,0,0,0,0,0,0,0.0,0,0,0,0.0,0,9,0,0,0,0.0,24,16,18,34,6.9,0,0,42,0,0,0,25000.0,1300000.0,K,24.0,Croatia
Andrei Moțoc,1092563,Salernitana,2710,italy,2122,90,1,1,6.9,0,0,0,,,4,0,0.0,2,2,40.0,4,16,20,80.0,0,0.0,1,0,0,0,,0,0,0,0,1,1,0,0,0,0,1,0,0,0,0,0.0,,3,3,0,0,0,,4,100.0,0,0,0,5,2,0,0,0,,0,0,0,0,0.0,0,0,0,0,6,0,0,0,0,0,0,0,0,0,0,0.0,0.0,0,0,1,1,0,1,100.0,0,1,1,100.0,0,8,1,0,4,80.0,5,8,17,25,6.9,1,0,38,2,0,0,,,,,
Giacomo Satalino,832375,Sassuolo,2793,italy,2122,8,1,0,6.9,0,0,0,,,0,0,0.0,0,0,0.0,0,1,1,100.0,0,0.0,0,0,0,0,,0,0,0,0,0,1,0,0,0,0,0,0,0,0,0,0.0,,0,0,0,0,0,0.76,0,0.0,0,0,0,0,0,0,0,0,,0,0,0,0,0.0,0,0,0,0,0,0,0,0,0,0,1,0,1,0,1,0.0,0.0,0,0,0,0,0,0,0.0,0,0,0,0.0,0,0,0,0,0,0.0,0,0,1,1,6.9,0,0,2,0,0,0,0.0,0.0,K,22.0,Italy
Davide Marfella,917248,Napoli,2714,italy,2122,10,1,0,6.9,0,0,0,,,0,0,0.0,0,0,0.0,0,0,0,0.0,0,0.0,0,0,0,0,,0,0,0,0,0,1,0,0,0,0,0,0,0,0,0,0.0,,0,0,0,0,0,0.05,0,0.0,0,0,0,0,0,0,0,0,,0,0,0,0,0.0,0,0,0,0,0,0,0,0,0,0,1,0,1,0,1,0.0,0.0,0,0,0,0,0,0,0.0,0,0,0,0.0,0,0,0,0,0,0.0,0,0,0,0,6.9,0,0,2,0,0,0,0.0,0.0,K,22.0,Italy
Paolo Faragò,253387,Cagliari,2719,italy,2122,15,1,0,6.9,0,0,0,,,0,0,0.0,3,0,0.0,4,2,6,75.0,1,50.0,1,0,0,0,,0,1,0,0,0,1,0,0,0,0,1,0,0,0,0,0.0,,0,0,0,0,0,,2,100.0,0,0,0,2,0,0,0,0,,0,0,0,0,0.0,0,0,0,0,3,1,0,0,0,0,0,0,0,0,0,0.0,0.0,0,2,0,1,1,1,100.0,0,1,1,100.0,0,0,1,0,3,75.0,0,4,4,8,6.9,2,0,16,0,0,0,17885.0,930000.0,D,28.0,Italy
Andrea Ranocchia,49518,Inter,2697,italy,2122,338,6,3,6.9,0,0,0,,,10,0,0.0,6,15,78.95,51,131,182,91.92,16,69.57,7,0,0,0,,0,2,0,1,16,6,0,0,0,2,13,0,0,4,0,0.0,,4,2,2,0,0,,10,62.5,0,0,0,16,4,0,0,1,,0,0,0,0,0.0,0,0,0,0,18,1,0,0,0,0,0,0,0,0,0,0.0,0.0,0,2,0,1,1,0,0.0,0,8,4,50.0,0,14,0,0,26,66.67,19,58,140,198,41.4,2,0,240,2,1,0,64038.0,3330000.0,D,33.0,Italy
Francesco Caputo,43905,Sampdoria,2711,italy,2122,2956,38,33,6.89,11,5,16,,,8,3,25.0,166,12,54.55,283,187,467,76.43,27,45.0,33,0,0,1,,4,12,9,5,10,38,0,0,18,5,91,0,0,23,0,18.64,,55,50,5,11,0,,59,50.43,0,0,2,144,2,42,4,36,,0,0,1,0,0.0,0,0,0,3,247,17,0,0,7,0,0,0,0,0,0,268.73,0.0,0,55,4,21,29,13,46.43,0,5,2,40.0,42,19,28,12,86,48.59,22,406,217,611,262.0,59,2,907,41,1,0,28462.0,1480000.0,F,34.0,Italy
Darko Lazović,41157,Hellas Verona,2701,italy,2122,2780,34,32,6.89,1,7,8,,,52,20,21.28,331,44,39.29,558,302,840,70.77,14,42.42,19,0,0,0,,12,3,16,3,38,34,0,0,8,18,84,0,1,13,0,2.17,,48,43,5,1,0,,70,51.85,0,0,1,347,19,45,0,11,,0,0,0,0,0.0,0,0,0,0,550,20,0,0,1,0,0,0,0,0,0,2780.0,0.0,1,30,16,20,10,26,47.27,0,36,23,63.89,45,124,55,94,84,50.0,112,892,389,1187,234.2,46,0,1880,8,2,0,21346.0,1110000.0,M,31.0,Serbia
Adrien Tameze,139235,Hellas Verona,2701,italy,2122,2583,38,26,6.89,4,2,6,,,38,7,22.58,275,66,54.55,566,429,988,81.05,61,52.59,55,0,0,0,,2,0,7,2,38,38,0,0,26,39,176,0,0,33,0,17.39,,36,33,3,3,1,,120,49.79,0,0,0,231,52,28,1,2,,0,0,0,0,0.0,0,0,0,0,377,16,0,0,3,0,0,0,0,0,0,645.75,0.0,0,10,13,8,8,34,56.67,0,52,29,55.77,28,67,60,31,181,50.7,121,736,514,1219,261.7,23,1,1757,34,4,0,12308.0,640000.0,M,27.0,Cameroon
Mërgim Vojvoda,798147,Torino,2696,italy,2122,1976,29,22,6.89,0,3,3,,,41,19,26.76,245,49,49.49,462,283,726,79.08,24,44.44,30,0,0,0,,3,1,5,4,42,29,0,0,12,16,84,0,0,21,0,0.0,,21,18,3,0,0,,65,54.62,0,0,1,192,20,22,0,1,,0,0,0,0,0.0,0,0,0,0,307,9,0,0,0,0,0,0,0,0,0,0.0,0.0,0,11,7,7,6,18,69.23,0,38,23,60.53,22,91,26,71,89,51.45,99,647,342,918,199.7,18,0,1427,9,3,0,17308.0,900000.0,D,27.0,Kosovo
Răzvan Marin,279563,Cagliari,2719,italy,2122,2815,36,31,6.88,0,5,5,,,69,46,36.22,310,82,56.55,592,397,943,81.29,20,44.44,25,0,0,0,,5,0,13,1,9,36,0,0,32,30,144,0,1,36,0,0.0,,58,47,11,0,0,,95,44.39,0,0,2,217,10,69,0,1,,0,1,0,0,0.0,0,0,0,0,413,23,0,1,0,0,0,0,0,0,0,0.0,0.0,9,7,34,21,7,22,51.16,0,42,21,50.0,68,134,43,127,115,44.4,145,840,447,1160,247.8,41,1,1655,31,4,1,24615.0,1280000.0,M,25.0,Romania
Stefan de Vrij,91046,Inter,2697,italy,2122,2416,30,28,6.88,0,0,0,,,37,0,0.0,71,81,62.79,323,1116,1439,91.83,69,59.48,47,0,0,0,,0,2,8,5,52,30,0,0,3,5,73,0,0,19,0,0.0,,27,24,3,0,0,,48,64.86,0,0,0,128,32,0,0,0,,1,0,0,1,0.0,0,0,0,0,141,1,0,0,0,0,0,0,0,0,0,0.0,0.0,0,19,1,9,3,5,100.0,0,38,29,76.32,0,77,5,2,117,61.58,129,405,1164,1567,206.5,20,1,1778,6,3,0,135385.0,7040000.0,D,29.0,Netherlands
Samir Caetano,331405,Udinese,2695,italy,2122,1426,17,17,6.88,0,0,0,,,22,3,25.0,46,35,35.71,178,334,509,79.78,40,70.18,17,0,0,0,,0,2,0,4,58,17,0,0,3,10,63,0,0,33,0,0.0,,25,21,4,0,0,,55,54.46,0,0,1,129,42,3,0,0,,0,0,0,0,0.0,0,0,0,0,169,1,0,0,0,0,0,0,0,0,0,0.0,0.0,0,6,1,4,3,3,60.0,0,36,16,44.44,3,69,5,12,95,60.13,98,263,387,638,117.0,7,0,911,16,5,0,17885.0,930000.0,D,26.0,Brazil
Matteo Pessina,350210,Atalanta,2686,italy,2122,1450,27,18,6.88,1,1,2,,,23,3,30.0,244,19,59.38,454,263,714,82.64,28,49.12,29,0,0,0,,0,3,10,1,6,26,0,0,17,19,94,0,0,16,0,3.57,,22,18,4,1,0,,85,56.67,0,0,0,150,13,24,1,4,,0,0,0,0,0.0,0,0,0,0,236,25,0,0,0,0,0,0,0,0,0,1450.0,0.0,0,19,9,8,10,23,63.89,0,27,14,51.85,24,38,36,10,113,54.59,32,569,305,864,178.9,28,0,1149,35,0,0,28462.0,1480000.0,F,24.0,Italy
Federico Bonazzoli,284363,Salernitana,2710,italy,2122,1866,32,19,6.88,10,0,10,,,24,4,17.39,137,34,73.91,277,128,401,77.12,12,33.33,24,0,0,0,,1,4,14,0,6,31,0,0,25,19,109,0,0,31,0,17.54,,44,40,4,10,0,,104,55.03,0,0,0,119,6,10,9,6,,0,0,2,0,100.0,0,2,0,0,242,12,0,0,1,0,0,0,0,0,0,186.6,0.0,1,36,21,19,24,15,50.0,0,24,12,50.0,10,43,30,23,116,51.56,46,394,149,520,213.2,57,0,875,66,6,0,35577.0,1850000.0,F,24.0,Italy
Isaac Success,359640,Udinese,2695,italy,2122,928,22,11,6.87,2,7,9,,,5,1,16.67,80,9,52.94,137,35,171,64.77,16,30.19,37,0,0,0,,5,3,4,0,5,22,0,1,27,4,99,0,0,24,0,8.0,,20,19,1,2,0,,63,50.4,0,0,1,93,2,16,1,5,,0,0,0,1,0.0,0,0,0,0,181,5,0,1,1,0,0,0,0,0,0,464.0,0.0,0,17,8,8,13,19,65.52,0,5,2,40.0,16,14,29,6,79,44.38,17,229,41,264,151.2,25,1,482,39,1,0,17308.0,900000.0,F,26.0,Nigeria
Gianluca Mancini,611210,Roma,2702,italy,2122,2883,33,33,6.87,0,0,0,,,76,2,13.33,167,108,44.44,488,1037,1523,85.04,70,67.31,34,0,0,0,,1,5,3,13,66,33,0,0,3,15,108,0,0,59,0,0.0,,35,28,7,0,0,,60,44.78,0,0,0,268,39,6,0,1,,0,0,0,1,0.0,0,0,0,0,302,4,0,1,0,0,0,0,0,0,0,0.0,0.0,0,22,2,15,6,4,80.0,0,41,25,60.98,6,193,5,15,130,54.62,243,675,1131,1791,226.8,24,3,2105,15,14,1,71154.0,3700000.0,D,25.0,Italy
Rodrigo Bentancur,791190,Juventus,2687,italy,2122,1154,19,13,6.87,0,2,2,,,17,0,0.0,169,32,55.17,376,282,658,87.5,20,50.0,20,0,0,0,,0,1,1,4,14,17,0,0,13,13,75,0,1,25,0,0.0,,11,8,3,0,0,,47,46.08,0,0,1,94,26,11,0,0,,0,0,0,0,0.0,0,0,0,0,133,17,0,0,0,0,0,0,0,0,0,0.0,0.0,0,1,7,6,1,7,63.64,0,32,18,56.25,11,35,11,4,67,47.18,58,445,311,752,116.8,8,0,929,8,1,0,89038.0,4630000.0,M,24.0,Uruguay
Juan Jesus,108484,Napoli,2714,italy,2122,1287,21,14,6.87,1,0,1,,,20,0,0.0,38,25,40.98,225,514,739,88.5,29,50.88,28,0,0,0,,0,0,0,5,31,19,0,0,0,6,46,0,0,14,0,25.0,,15,13,2,1,0,,28,60.87,0,0,0,96,9,4,1,2,,1,0,0,0,0.0,0,0,0,0,102,0,0,0,0,0,0,0,0,0,0,1287.0,0.0,0,4,0,3,1,1,50.0,0,25,17,68.0,4,52,2,2,57,55.34,61,269,568,835,130.5,4,0,957,2,1,0,35577.0,1850000.0,D,30.0,Brazil
Filip Đuričić,69367,Sassuolo,2793,italy,2122,677,12,9,6.87,2,1,3,,,5,0,0.0,81,4,100.0,118,57,175,79.55,3,37.5,5,0,0,0,,4,2,6,1,0,12,0,0,14,8,48,0,0,10,0,11.76,,10,10,0,2,0,,45,51.14,0,0,1,45,4,11,0,2,,0,0,0,0,0.0,0,0,0,0,90,7,0,0,2,0,0,0,0,0,0,338.5,0.0,0,10,7,5,6,18,62.07,0,13,10,76.92,11,9,29,0,48,50.0,4,149,71,220,82.4,17,0,360,14,1,0,25000.0,1300000.0,F,30.0,Serbia
Emil Bohinen,824584,Salernitana,2710,italy,2122,699,11,8,6.87,0,1,1,,,7,6,30.0,53,6,42.86,136,95,225,82.12,6,31.58,13,0,0,0,,1,0,0,1,13,9,0,0,9,10,52,0,0,16,0,0.0,,8,6,2,0,0,,39,50.0,0,0,0,49,12,11,0,1,,0,0,0,0,0.0,0,0,0,0,89,5,0,0,0,0,0,0,0,0,0,0.0,0.0,0,2,2,1,3,11,64.71,0,15,9,60.0,11,11,17,20,45,46.39,14,185,109,274,61.8,4,0,429,13,5,0,19231.0,1000000.0,M,22.0,Norway
Éderson,946888,Salernitana,2710,italy,2122,1152,15,13,6.86,2,1,3,,,12,0,0.0,91,16,61.54,185,112,297,81.59,11,39.29,17,0,0,0,,2,1,3,1,8,14,0,0,17,12,83,0,0,18,0,9.52,,18,16,2,2,0,,82,55.41,0,0,0,67,19,9,1,1,,0,0,0,0,0.0,0,0,0,0,138,2,0,0,1,0,0,0,0,0,0,576.0,0.0,0,10,11,9,9,19,50.0,0,29,18,62.07,9,23,38,5,93,52.84,26,236,133,364,96.1,21,1,613,34,5,0,0.0,0.0,M,22.0,Brazil
Mattia De Sciglio,137667,Juventus,2687,italy,2122,1178,20,13,6.86,1,2,3,,,30,21,40.38,90,41,61.19,225,231,435,81.77,16,66.67,8,0,0,0,,4,0,2,3,25,19,0,1,3,13,43,0,0,15,0,16.67,,13,9,4,1,0,,40,53.33,0,0,0,97,10,20,0,0,,0,1,0,1,0.0,0,0,0,0,163,4,0,1,1,0,0,0,0,0,0,1178.0,0.0,0,2,4,2,2,9,60.0,0,24,12,50.0,19,49,15,52,56,56.57,67,310,274,532,130.4,6,1,820,7,2,0,53462.0,2780000.0,D,29.0,Italy
Rui Patrício,17737,Roma,2702,italy,2122,3420,38,38,6.86,0,0,0,,,96,0,0.0,11,223,48.06,100,592,692,74.01,3,100.0,0,0,0,0,,0,0,0,15,12,38,0,0,0,0,0,2,1,0,0,0.0,,43,34,9,0,0,0.77,2,100.0,0,11,0,243,0,0,0,0,,0,0,0,0,0.0,6,0,1,0,252,0,2,0,0,8,61,44,106,3,12,0.0,0.0,0,0,0,0,0,1,100.0,8,0,0,0.0,0,181,1,0,5,100.0,464,265,670,935,260.8,0,2,1226,1,2,0,74038.0,3850000.0,K,33.0,Portugal
Georgios Kyriakopoulos,377302,Sassuolo,2793,italy,2122,1981,29,22,6.86,0,5,5,,,37,30,30.3,203,36,41.86,471,440,881,84.47,19,50.0,19,0,0,0,,8,0,9,1,41,27,0,1,19,19,105,0,0,29,0,0.0,,39,38,1,0,0,,100,53.76,0,0,0,162,11,36,0,3,,0,0,0,0,0.0,0,0,0,0,301,9,0,1,0,0,0,0,0,0,0,0.0,0.0,0,11,19,11,10,35,64.81,0,30,14,46.67,36,91,54,99,119,53.13,86,640,502,1043,185.3,30,0,1614,37,6,0,9808.0,510000.0,D,25.0,Greece
Roberto Soriano,80406,Bologna,2685,italy,2122,2637,35,32,6.86,0,4,4,,,38,11,32.35,348,32,53.33,666,344,999,81.95,24,34.29,46,0,0,0,,6,4,6,5,30,35,0,1,14,39,162,0,0,49,0,0.0,,40,36,4,0,0,,125,51.87,0,0,2,220,22,48,0,3,,0,0,0,1,0.0,0,0,0,0,326,15,0,2,0,0,0,0,0,0,0,0.0,0.0,0,12,11,8,9,21,56.76,0,57,30,52.63,48,71,37,34,149,47.91,60,862,391,1219,240.1,23,0,1660,47,4,1,39423.0,2050000.0,F,30.0,Italy
Nicola Zalewski,984184,Roma,2702,italy,2122,804,16,9,6.86,0,0,0,,,13,6,19.35,58,24,41.38,123,198,315,80.77,2,16.67,10,0,0,0,,1,1,5,0,2,15,0,0,7,14,55,0,0,9,0,0.0,,7,6,1,0,0,,67,59.82,0,0,1,75,16,10,0,1,,0,0,0,0,0.0,0,0,0,0,150,1,0,0,0,0,0,0,0,0,0,0.0,0.0,0,4,5,0,4,15,50.0,0,32,19,59.38,10,32,30,31,69,55.65,58,198,223,390,102.9,9,0,687,20,1,0,10769.0,560000.0,F,20.0,Poland
Davide Biraschi,233252,Genoa,2713,italy,2122,933,14,11,6.86,0,0,0,,,26,4,28.57,45,25,40.32,121,185,302,73.84,21,56.76,16,0,0,0,,0,0,2,3,26,14,0,0,2,7,41,0,0,12,0,0.0,,19,15,4,0,0,,57,69.51,0,0,0,107,16,3,0,1,,0,0,0,0,0.0,0,0,0,0,141,2,0,0,0,0,0,0,0,0,0,0.0,0.0,0,1,2,1,0,15,78.95,0,31,16,51.61,3,60,19,14,78,65.55,62,206,217,409,96.0,3,0,606,11,4,0,25000.0,1300000.0,D,27.0,Italy
Ricardo Rodríguez,67769,Torino,2696,italy,2122,2478,34,28,6.85,0,1,1,,,45,26,40.0,197,74,48.68,565,674,1213,87.45,53,60.92,34,0,0,0,,3,0,7,5,47,33,0,0,2,15,77,1,0,26,0,0.0,,29,23,6,0,0,,52,54.74,0,0,0,174,41,22,0,0,,0,0,0,1,0.0,0,0,0,0,232,1,0,0,0,0,0,0,0,0,0,0.0,0.0,3,1,8,2,0,5,100.0,0,36,21,58.33,22,96,5,65,105,57.69,152,711,741,1387,226.2,9,1,1696,11,3,0,53462.0,2780000.0,D,29.0,Switzerland
Mattias Svanberg,796987,Bologna,2685,italy,2122,2580,36,31,6.85,3,3,6,,,49,12,24.0,215,52,44.44,426,337,751,76.63,22,39.29,34,0,0,0,,5,0,11,5,30,36,0,0,22,38,153,0,0,37,0,7.69,,42,35,7,1,2,,130,52.21,0,0,1,229,28,35,0,0,,0,0,0,0,0.0,0,0,0,0,360,11,0,0,3,0,0,0,0,0,0,860.0,0.0,2,14,25,15,13,28,52.83,0,39,15,38.46,35,127,53,50,152,49.84,117,647,383,980,246.7,39,1,1448,63,7,0,17885.0,930000.0,M,23.0,Sweden
Arturo Vidal,18342,Inter,2697,italy,2122,719,28,2,6.85,1,2,3,,,27,3,75.0,107,31,62.0,268,226,491,86.6,10,41.67,14,0,0,0,,4,0,6,0,6,27,0,0,5,17,52,0,1,17,0,5.56,,5,3,2,1,0,,42,52.5,0,0,0,76,7,12,0,1,,0,0,0,0,0.0,0,0,0,0,93,9,0,0,1,0,0,0,0,0,0,719.0,0.0,0,11,7,4,8,6,75.0,0,26,10,38.46,12,44,8,4,52,50.0,50,323,248,567,185.0,18,0,698,10,3,0,160192.0,8330000.0,M,34.0,Chile
Gian Marco Ferrari,170887,Sassuolo,2793,italy,2122,3127,36,35,6.85,1,0,1,,,123,0,0.0,163,166,69.46,600,1422,2022,89.99,80,64.0,45,0,0,0,,1,4,2,2,113,36,0,0,5,13,90,1,1,25,0,4.0,,63,59,4,1,0,,60,57.14,1,0,1,225,43,7,0,1,,0,0,0,0,0.0,0,0,0,0,265,4,0,1,0,0,0,0,0,0,0,3127.0,0.0,0,22,3,13,10,8,66.67,0,16,12,75.0,7,178,12,1,140,60.87,239,712,1536,2247,246.6,25,0,2625,37,4,1,21346.0,1110000.0,D,29.0,Italy
Weston McKennie,881931,Juventus,2687,italy,2122,1376,21,15,6.85,3,0,3,,,18,2,16.67,144,19,65.52,229,174,401,77.26,29,54.72,24,0,0,0,,0,4,6,5,18,21,0,0,19,18,84,0,0,19,0,13.04,,16,13,3,3,0,,44,42.31,2,0,0,118,23,20,0,0,,0,0,0,0,0.0,0,0,0,0,191,9,0,0,1,0,0,0,0,0,0,458.67,0.0,0,16,7,12,5,20,76.92,0,20,11,55.0,20,31,26,12,73,46.5,29,329,202,519,143.8,23,0,782,4,1,0,61731.0,3210000.0,M,23.0,United States
Luigi Sepe,46714,Salernitana,2710,italy,2122,1394,16,16,6.85,0,0,0,,,58,0,0.0,39,185,53.01,150,203,353,68.15,5,100.0,0,0,0,0,,0,0,0,1,6,15,0,0,0,0,1,0,0,0,0,0.0,,24,22,2,0,0,0.72,1,50.0,0,7,0,165,1,0,0,0,,0,0,0,0,0.0,3,0,0,0,169,0,3,0,0,5,36,18,54,1,14,0.0,0.0,0,0,0,0,0,0,0.0,5,0,0,0.0,0,94,1,0,6,85.71,349,283,235,518,102.7,0,0,647,3,2,0,32115.0,1670000.0,K,30.0,Italy
Johan Vásquez,889785,Genoa,2713,italy,2122,2280,28,27,6.85,1,0,1,,,48,2,11.76,87,69,37.5,232,528,758,71.85,59,48.36,63,0,0,0,,0,0,4,9,81,28,0,0,12,27,136,0,0,31,0,7.14,,31,27,4,1,0,,107,59.44,1,0,1,297,42,4,0,1,,0,0,0,0,0.0,0,0,0,0,385,1,0,0,0,0,0,0,0,0,0,2280.0,0.0,0,12,2,7,3,2,22.22,0,79,46,58.23,4,144,9,17,166,54.97,184,423,649,1055,191.7,14,1,1555,26,7,0,11154.0,580000.0,D,23.0,Mexico
Berat Djimsiti,151003,Atalanta,2686,italy,2122,2259,31,25,6.85,1,1,2,,,49,7,63.64,204,52,41.94,485,665,1143,83.01,59,67.82,28,0,0,0,,4,2,2,7,54,31,0,0,3,17,70,0,0,21,0,5.56,,28,25,3,1,0,,59,58.42,1,0,0,234,31,13,0,1,,1,0,0,1,0.0,0,0,0,0,266,1,0,0,0,0,0,0,0,0,0,2259.0,0.0,0,14,4,11,5,4,66.67,0,43,24,55.81,13,107,6,11,118,62.77,124,636,752,1377,212.2,18,1,1689,14,6,0,28462.0,1480000.0,D,29.0,Albania
Mattia Viti,1009268,Empoli,2705,italy,2122,1488,20,16,6.85,0,0,0,,,16,0,0.0,44,32,40.0,181,375,556,83.61,29,46.77,33,0,0,0,,0,1,2,4,65,20,0,0,3,9,64,1,0,15,0,0.0,,24,21,3,0,0,,55,63.95,0,0,0,109,29,2,0,1,,1,0,0,0,0.0,0,0,0,0,126,2,0,1,0,0,0,0,0,0,0,0.0,0.0,0,3,1,2,0,14,77.78,0,28,16,57.14,2,53,18,0,84,56.76,80,247,418,665,136.9,4,0,905,13,1,1,3654.0,190000.0,D,20.0,Italy
Aaron Hickey,966869,Bologna,2685,italy,2122,2834,36,34,6.84,5,1,6,,,18,8,15.38,210,16,32.65,418,408,818,83.05,18,37.5,30,0,0,0,,2,0,3,8,35,36,0,0,27,10,124,0,0,39,0,23.81,,42,39,3,3,2,,146,60.83,0,0,0,167,29,19,2,4,,0,0,0,0,0.0,0,0,0,0,360,9,0,0,3,0,0,0,0,0,0,566.8,0.0,0,7,14,5,13,30,61.22,0,46,29,63.04,19,47,49,52,164,56.94,49,553,484,985,246.4,21,2,1729,71,7,0,11154.0,580000.0,D,19.0,Scotland
Destiny Udogie,983572,Udinese,2695,italy,2122,2485,35,29,6.84,5,4,9,,,8,5,29.41,203,9,36.0,369,237,601,78.36,27,49.09,28,0,0,0,,1,1,7,3,36,34,0,0,35,27,151,0,0,36,0,18.52,,39,36,3,4,1,,136,52.51,0,0,1,166,27,28,4,4,,0,0,0,0,0.0,0,0,0,0,307,11,0,0,1,0,0,0,0,0,0,497.0,0.0,0,23,4,8,12,38,56.72,0,64,40,62.5,28,24,67,17,163,51.91,25,482,302,767,232.7,27,2,1347,34,4,0,5385.0,280000.0,D,19.0,Italy
Dennis Praet,135647,Torino,2696,italy,2122,1543,23,17,6.84,2,2,4,,,21,13,28.89,196,14,51.85,316,104,407,77.52,8,29.63,19,0,0,0,,7,3,8,1,4,23,0,0,16,14,84,0,0,21,0,8.33,,20,17,3,2,0,,48,42.48,1,0,2,118,3,25,0,3,,0,0,0,0,0.0,0,0,0,0,220,13,0,0,1,0,0,0,0,0,0,771.5,0.0,0,15,9,7,9,12,42.86,0,19,10,52.63,25,42,28,45,56,40.0,27,442,128,525,157.4,24,0,770,17,3,0,36923.0,1920000.0,M,27.0,Belgium
Gaetano Castrovilli,587628,Fiorentina,2693,italy,2122,1399,23,16,6.84,1,1,2,,,28,6,15.0,168,26,65.0,249,150,393,80.2,8,40.0,12,0,0,0,,0,0,4,1,5,23,0,0,19,11,66,0,0,21,0,6.67,,19,18,1,1,0,,86,61.43,1,0,1,97,11,14,0,1,,0,0,0,0,0.0,0,0,0,0,203,8,0,0,0,0,0,0,0,0,0,1399.0,0.0,1,10,5,9,2,25,86.21,0,25,17,68.0,14,50,29,40,94,58.75,40,357,173,490,157.4,15,0,784,36,4,0,49808.0,2590000.0,M,24.0,Italy
Antonio Sanabria,333261,Torino,2696,italy,2122,1819,29,22,6.84,6,2,8,,,11,1,33.33,136,14,87.5,241,106,346,72.54,78,37.86,128,0,0,0,,3,10,7,2,10,29,0,0,37,3,194,0,0,26,0,12.24,,20,18,2,6,0,,50,43.1,3,0,4,131,2,18,2,21,,0,0,0,0,0.0,0,0,0,2,258,9,0,0,1,0,0,0,0,0,0,303.17,0.0,1,43,6,21,21,13,65.0,0,3,2,66.67,18,18,20,3,128,39.75,16,353,127,477,198.4,49,1,788,34,3,0,56923.0,2960000.0,F,25.0,Paraguay
Omar Colley,238408,Sampdoria,2711,italy,2122,2749,32,31,6.84,0,0,0,,,39,1,100.0,84,70,38.25,302,906,1207,83.7,57,59.38,39,0,0,0,,0,2,1,5,133,32,0,1,1,10,74,1,1,25,0,0.0,,47,41,6,0,0,,80,69.57,0,0,1,235,80,0,0,1,,0,0,0,1,0.0,0,0,0,0,251,3,0,1,0,0,0,0,0,0,0,0.0,0.0,0,10,1,9,1,3,100.0,0,47,36,76.6,0,111,3,1,137,64.93,183,433,1010,1442,218.9,11,0,1847,31,6,0,33846.0,1760000.0,D,29.0,The Gambia
Ilija Nestorovski,55314,Udinese,2695,italy,2122,183,7,1,6.84,1,1,2,,,0,1,50.0,15,1,100.0,27,14,40,70.18,3,27.27,8,0,0,0,,1,1,1,0,4,5,0,0,0,3,14,0,0,3,0,20.0,,0,0,0,1,0,,7,53.85,1,0,0,17,0,4,0,2,,0,0,0,0,0.0,0,0,0,0,24,0,0,0,0,0,0,0,0,0,0,183.0,0.0,0,4,1,3,1,0,0.0,0,0,0,0.0,4,1,1,2,10,41.67,1,44,15,57,34.2,5,0,91,7,1,0,25000.0,1300000.0,F,31.0,North Macedonia
Denzel Dumfries,759520,Inter,2697,italy,2122,2032,33,21,6.84,5,4,9,,,12,12,33.33,213,13,36.11,341,194,523,77.14,44,57.89,32,0,0,0,,6,9,6,8,18,33,0,0,23,16,117,0,0,32,0,13.16,,14,14,0,5,0,,83,49.4,2,0,1,155,9,28,1,4,,0,0,0,1,0.0,0,0,0,2,309,15,0,0,2,0,0,0,0,0,0,406.4,0.0,0,36,2,14,18,15,50.0,0,32,12,37.5,28,27,30,36,127,52.05,36,480,234,678,225.7,38,0,1164,37,3,0,61731.0,3210000.0,M,25.0,Netherlands
Davide Zappacosta,132318,Atalanta,2686,italy,2122,2364,34,29,6.84,1,5,6,,,30,21,23.86,346,23,40.35,601,452,1032,86.07,6,33.33,12,0,0,0,,12,1,18,2,18,33,0,0,23,18,111,0,0,31,0,2.7,,36,34,2,1,0,,86,46.49,0,0,0,167,12,34,0,7,,0,0,0,0,0.0,0,0,0,2,356,13,0,0,1,0,0,0,0,0,0,2364.0,0.0,0,26,11,14,5,24,46.15,0,32,22,68.75,34,57,52,88,92,45.32,57,784,503,1199,225.7,37,1,1837,31,6,0,32115.0,1670000.0,D,29.0,Italy
Joaquín Correa,249929,Inter,2697,italy,2122,1024,26,12,6.84,6,1,7,,,3,0,0.0,161,12,80.0,227,52,279,82.06,8,42.11,11,0,0,0,,2,6,12,0,2,26,0,0,12,12,72,0,0,15,0,17.14,,8,7,1,5,1,,44,41.9,1,0,1,61,3,19,1,1,,0,0,0,0,0.0,0,0,0,0,128,12,0,0,4,0,0,0,0,0,0,170.67,0.0,0,32,3,7,16,17,42.5,0,11,5,45.45,19,4,40,1,52,41.94,15,280,61,340,177.8,35,2,539,16,2,0,124615.0,6480000.0,F,27.0,Argentina
Salvatore Sirigu,18954,Genoa,2713,italy,2122,3330,37,37,6.84,0,0,0,,,163,0,0.0,29,304,43.55,203,475,678,62.84,6,100.0,0,0,0,0,,0,0,0,10,22,37,0,0,0,1,1,1,1,0,0,0.0,,59,49,10,0,0,-0.22,3,75.0,0,12,0,401,0,0,0,0,,1,0,0,0,0.0,5,0,1,0,406,0,3,0,0,6,72,51,123,1,28,0.0,0.0,0,0,0,0,0,0,0.0,6,1,1,100.0,0,352,0,0,9,90.0,698,501,578,1079,253.0,0,2,1364,3,0,0,71154.0,3700000.0,K,35.0,Italy
Thomas Henry,795541,Venezia,2688,italy,2122,2128,33,23,6.84,9,3,12,,,9,1,20.0,94,14,63.64,180,81,260,61.9,92,53.18,81,0,0,0,,3,9,4,0,25,32,0,0,35,8,191,0,0,50,0,17.65,,48,45,3,7,2,,88,44.44,3,0,2,160,2,20,2,14,,2,0,0,0,0.0,0,0,0,0,324,12,0,1,4,0,0,0,0,0,0,236.44,0.0,0,42,9,23,24,12,31.58,0,9,4,44.44,20,17,38,5,180,48.52,22,310,115,420,218.8,51,0,835,69,4,1,19808.0,1030000.0,F,27.0,France
Davide Faraoni,32040,Hellas Verona,2701,italy,2122,2581,32,30,6.84,4,6,10,,,89,21,25.61,217,66,38.37,405,288,672,68.02,45,47.37,50,0,0,0,,3,3,4,1,53,32,0,0,14,33,149,0,1,27,0,13.33,,41,37,4,3,1,,108,52.17,2,0,3,316,23,20,0,5,,0,0,0,1,0.0,0,0,0,0,529,8,0,1,2,0,0,0,0,0,0,645.25,0.0,0,23,7,17,9,12,30.0,0,62,40,64.52,20,179,40,82,153,50.66,172,695,375,988,218.8,30,0,1792,34,6,1,17885.0,930000.0,D,30.0,Italy
Felipe Caicedo,18841,Inter,2697,italy,2122,309,12,1,6.84,1,2,3,,,2,0,0.0,22,0,0.0,35,19,54,65.06,15,44.12,19,0,0,0,,2,0,1,0,3,11,0,0,2,1,31,0,0,7,0,8.33,,6,4,2,1,0,,6,33.33,0,0,0,29,0,7,1,4,,0,0,0,0,0.0,0,0,0,1,44,3,0,0,0,0,0,0,0,0,0,309.0,0.0,0,10,2,8,3,1,20.0,0,3,3,100.0,7,3,5,0,21,40.38,1,63,20,83,75.2,12,0,129,2,1,0,28462.0,1480000.0,F,33.0,Ecuador
Gary Medel,22975,Bologna,2685,italy,2122,2830,33,32,6.84,0,1,1,,,128,0,0.0,114,167,62.31,430,1070,1500,89.29,17,34.0,33,0,0,0,,1,1,0,9,111,33,0,0,2,20,89,0,0,34,0,0.0,,46,40,6,0,0,,77,57.89,0,0,0,180,44,3,0,1,,0,0,0,2,0.0,0,0,0,0,201,3,0,1,0,0,0,0,0,0,0,0.0,0.0,0,2,0,2,0,10,76.92,0,38,23,60.53,3,207,13,2,94,51.37,268,522,1160,1680,225.6,2,2,2011,31,8,1,36923.0,1920000.0,D,34.0,Chile
Arthur,794927,Juventus,2687,italy,2122,974,20,11,6.84,0,0,0,,,12,0,0.0,129,43,72.88,321,304,625,89.67,4,40.0,6,0,0,0,,1,0,1,2,7,20,0,0,3,11,40,1,0,20,0,0.0,,7,5,2,0,0,,66,66.0,0,0,0,72,7,6,0,0,,0,0,0,0,0.0,0,0,0,0,87,3,0,0,0,0,0,0,0,0,0,0.0,0.0,0,1,1,1,0,10,90.91,0,25,12,48.0,6,17,11,1,70,63.64,59,359,339,697,136.7,2,0,833,31,3,0,123269.0,6410000.0,M,25.0,Brazil
Martin Erlić,789234,Spezia,2735,italy,2122,2578,30,30,6.83,2,0,2,,,53,1,50.0,43,82,43.16,166,715,880,80.59,56,58.33,40,0,0,0,,1,2,2,7,120,30,0,0,2,8,79,1,0,28,0,13.33,,51,39,12,2,0,,50,56.18,1,0,0,212,28,5,0,0,,0,0,0,2,0.0,0,0,0,2,235,0,0,0,1,0,0,0,0,0,0,1289.0,0.0,0,14,1,10,3,3,75.0,0,28,16,57.14,5,125,4,2,106,57.3,190,297,797,1092,205.0,15,2,1422,20,5,0,5385.0,280000.0,D,24.0,Croatia
Ridgeciano Haps,250501,Venezia,2688,italy,2122,2061,25,24,6.83,1,1,2,,,26,7,20.59,92,32,35.16,242,254,489,75.12,24,54.55,20,0,0,0,,1,0,2,3,48,25,0,0,4,10,61,0,1,22,0,9.09,,39,37,2,1,0,,95,69.85,1,0,0,162,29,13,0,2,,0,0,0,1,0.0,0,0,0,1,266,3,0,0,0,0,0,0,0,0,0,2061.0,0.0,0,3,8,7,2,16,72.73,0,36,20,55.56,13,61,22,34,119,66.11,91,357,328,651,170.8,11,1,1177,43,6,0,14808.0,770000.0,D,28.0,Suriname
Armando Izzo,165583,Torino,2696,italy,2122,531,11,6,6.83,0,0,0,,,15,0,0.0,47,25,49.02,83,151,234,78.79,15,51.72,14,0,0,0,,0,2,0,1,21,10,0,0,2,2,33,0,0,17,0,0.0,,5,5,0,0,0,,28,59.57,0,0,0,63,17,0,0,0,,0,0,0,1,0.0,0,0,0,0,72,0,0,0,0,0,0,0,0,0,0,0.0,0.0,0,5,0,1,4,0,0.0,0,16,9,56.25,0,40,0,3,43,56.58,51,128,172,297,68.3,5,0,392,12,4,0,60577.0,3150000.0,D,29.0,Italy
Bram Nuytinck,70930,Udinese,2695,italy,2122,2034,27,23,6.83,1,0,1,,,36,1,16.67,35,60,40.82,146,620,765,84.25,33,52.38,30,0,0,0,,0,0,0,6,94,26,0,0,2,19,66,0,0,16,0,10.0,,36,33,3,1,0,,43,54.43,0,0,0,143,22,3,0,0,,0,0,0,0,0.0,0,0,0,0,161,0,0,0,1,0,0,0,0,0,0,2034.0,0.0,0,9,1,7,3,1,50.0,0,38,24,63.16,3,79,2,6,76,53.52,147,231,683,908,177.5,10,1,1200,4,2,0,21346.0,1110000.0,D,31.0,Netherlands
Rodrigo Becão,880207,Udinese,2695,italy,2122,3132,35,35,6.83,2,1,3,,,21,3,17.65,111,53,29.44,330,723,1050,80.46,63,66.32,32,0,0,0,,1,0,3,7,86,35,0,0,7,26,123,1,2,57,0,10.53,,49,45,4,2,0,,131,59.01,1,0,0,255,42,10,0,4,,0,0,0,1,0.0,0,0,0,0,340,4,0,0,1,0,0,0,0,0,0,1566.0,0.0,0,16,3,11,5,5,62.5,0,81,46,56.79,10,90,8,17,194,61.2,180,512,810,1305,238.9,19,1,1843,45,10,0,14808.0,770000.0,D,26.0,Brazil
Walace,553686,Udinese,2695,italy,2122,2971,36,33,6.83,1,0,1,,,62,3,33.33,304,92,47.92,667,697,1361,83.14,20,46.51,23,0,0,0,,3,0,17,5,32,36,0,1,35,63,183,0,1,47,0,2.13,,54,50,4,0,1,,144,47.37,0,0,0,276,54,29,0,1,,0,0,0,1,0.0,0,0,0,0,388,28,0,1,1,0,0,0,0,0,0,2971.0,0.0,0,11,36,19,11,24,61.54,0,83,49,59.04,29,138,39,9,164,47.26,192,873,773,1637,245.7,47,0,2170,37,6,0,12308.0,640000.0,M,26.0,Brazil
Alex Ferrari,327429,Sampdoria,2711,italy,2122,1655,23,20,6.82,1,0,1,,,37,1,14.29,50,39,44.32,157,507,663,83.82,23,52.27,21,0,0,0,,0,0,2,4,61,23,0,0,3,14,76,1,0,29,0,25.0,,26,26,0,1,0,,68,55.28,0,0,0,128,39,2,0,0,,0,0,0,1,0.0,0,0,0,0,163,3,0,0,0,0,0,0,0,0,0,1655.0,0.0,0,2,2,1,1,4,28.57,0,40,22,55.0,2,73,14,7,91,54.49,88,240,558,791,156.9,4,0,1078,24,4,0,35577.0,1850000.0,D,27.0,Italy
Krzysztof Piątek,558738,Fiorentina,2693,italy,2122,741,14,9,6.82,3,0,3,,,2,2,40.0,42,2,66.67,75,51,124,82.12,18,40.0,27,0,1,0,,2,3,5,1,8,14,0,0,7,1,45,0,0,7,0,13.04,,11,10,1,3,0,,24,57.14,0,0,1,27,2,6,0,3,,0,0,1,0,0.0,0,0,0,0,66,2,0,0,3,0,0,0,0,0,0,247.0,0.0,0,21,2,11,7,3,50.0,0,5,4,80.0,6,3,6,5,42,48.28,3,98,58,151,95.5,23,0,275,16,0,0,74038.0,3850000.0,F,26.0,Poland
Cristian Ansaldi,43476,Torino,2696,italy,2122,689,19,5,6.82,0,3,3,,,24,20,35.09,93,28,51.85,167,61,208,74.55,3,50.0,3,0,0,0,,5,0,3,0,9,19,0,0,4,3,31,0,0,13,0,0.0,,12,9,3,0,0,,32,53.33,0,0,0,71,6,17,0,2,,0,0,0,0,0.0,0,0,0,0,152,1,0,0,0,0,0,0,0,0,0,0.0,0.0,0,5,2,3,1,8,50.0,0,20,9,45.0,17,54,16,57,35,53.03,54,262,74,279,129.6,7,1,520,4,2,0,35577.0,1850000.0,D,35.0,Argentina
Adam Ounas,818440,Napoli,2714,italy,2122,331,15,1,6.82,0,0,0,,,9,2,12.5,77,18,85.71,120,37,155,82.89,1,25.0,3,0,0,0,,0,0,1,0,3,15,0,0,11,4,31,0,0,9,0,0.0,,4,3,1,0,0,,40,58.82,0,0,0,32,2,12,0,0,,0,0,0,0,0.0,0,0,0,0,82,6,0,0,0,0,0,0,0,0,0,0.0,0.0,0,8,5,10,2,24,85.71,0,6,1,16.67,12,11,28,16,41,56.94,21,158,45,187,102.3,13,0,310,10,1,0,56923.0,2960000.0,F,25.0,Algeria
Ola Aina,800417,Torino,2696,italy,2122,1441,21,17,6.82,0,0,0,,,16,5,14.71,137,12,24.49,264,165,424,73.74,17,40.48,25,0,0,0,,5,0,3,1,25,21,0,0,10,8,81,0,0,18,0,0.0,,19,17,2,0,0,,73,56.59,0,0,0,151,28,17,0,1,,0,0,0,0,0.0,0,0,0,0,289,12,0,0,0,0,0,0,0,0,0,0.0,0.0,0,3,7,3,4,18,45.0,0,27,19,70.37,17,54,40,34,90,52.63,49,398,211,575,143.2,10,0,1016,28,4,0,35577.0,1850000.0,D,25.0,Nigeria
Pietro Ceccaroni,373724,Venezia,2688,italy,2122,3122,35,35,6.81,2,1,3,,,75,6,50.0,121,85,40.28,340,1039,1373,82.61,39,55.71,31,0,0,0,,1,2,3,4,141,35,0,1,4,11,74,0,0,26,0,10.53,,63,59,4,2,0,,85,66.41,1,0,0,289,30,6,1,0,,0,0,0,3,0.0,0,0,0,0,333,2,0,1,0,0,0,0,0,0,0,1561.0,0.0,0,16,3,9,7,5,41.67,0,55,31,56.36,6,191,12,12,124,62.63,211,485,1189,1662,238.5,19,1,2117,26,7,0,10769.0,560000.0,D,26.0,Italy
Gianluca Busio,896180,Venezia,2688,italy,2122,1955,29,23,6.81,1,2,3,,,39,12,31.58,130,54,65.06,318,412,718,84.57,33,50.0,33,0,0,0,,4,0,4,2,27,29,0,0,15,35,123,0,1,31,0,7.14,,37,33,4,1,0,,79,46.75,0,0,0,131,21,17,0,0,,0,1,0,0,0.0,0,0,0,0,222,8,0,0,1,0,0,0,0,0,0,1955.0,0.0,1,7,7,5,5,11,52.38,0,53,28,52.83,16,61,21,38,112,47.66,83,418,469,849,197.6,14,0,1196,17,8,0,49231.0,2560000.0,M,19.0,United States
Arthur Theate,965778,Bologna,2685,italy,2122,2427,31,28,6.81,2,1,3,,,67,3,16.67,152,86,47.25,436,776,1209,83.67,39,50.0,39,0,0,0,,0,1,5,7,63,31,0,0,10,17,99,0,0,26,0,9.52,,36,29,7,2,0,,62,50.82,2,0,0,236,43,6,0,1,,0,0,0,1,0.0,0,0,0,0,300,3,0,0,0,0,0,0,0,0,0,1213.5,0.0,0,14,7,10,6,19,65.52,0,33,19,57.58,6,144,29,18,101,50.5,182,588,875,1445,211.2,21,2,1795,10,6,0,15962.0,830000.0,D,21.0,Belgium
Riccardo Sottil,893640,Fiorentina,2693,italy,2122,1248,24,14,6.81,3,2,5,,,10,9,19.15,139,16,76.19,209,85,285,85.07,7,35.0,13,0,0,0,,3,1,7,1,2,24,0,0,15,6,75,0,0,15,0,13.64,,19,18,1,3,0,,75,54.74,0,0,0,50,1,14,2,7,,0,0,0,0,0.0,0,0,0,0,160,5,0,1,1,0,0,0,0,0,0,416.0,0.0,1,17,5,5,10,26,50.0,0,9,4,44.44,14,13,52,47,82,52.23,21,292,90,335,163.5,22,1,593,40,2,1,21346.0,1110000.0,F,22.0,Italy
Petko Hristov,832076,Spezia,2735,italy,2122,1250,17,13,6.81,1,1,2,,,29,0,0.0,30,43,44.79,131,368,499,80.74,38,63.33,22,0,0,0,,1,0,0,0,46,17,0,0,2,6,38,0,0,8,0,50.0,,34,28,6,1,0,,36,69.23,1,0,0,119,19,3,0,0,,0,0,0,0,0.0,0,0,0,0,128,2,0,0,0,0,0,0,0,0,0,1250.0,0.0,0,2,0,1,1,2,100.0,0,17,10,58.82,3,64,2,1,74,66.07,96,196,423,618,115.8,2,0,785,18,3,0,1346.0,70000.0,D,22.0,Bulgaria
Niki Mäenpää,25963,Venezia,2688,italy,2122,1485,17,16,6.81,0,1,1,,,34,0,0.0,12,88,34.92,60,220,280,62.5,7,100.0,0,0,0,0,,1,0,0,1,20,17,0,0,2,0,3,1,1,1,0,0.0,,27,25,2,0,0,2.61,1,25.0,0,4,0,168,0,1,0,0,,0,0,0,1,0.0,6,0,0,0,172,0,12,0,0,3,33,24,58,0,11,0.0,0.0,0,0,0,0,0,0,0.0,3,0,0,0.0,1,93,0,0,8,72.73,252,188,260,448,115.8,0,1,613,1,1,0,5962.0,310000.0,K,37.0,Finland
Maya Yoshida,24248,Sampdoria,2711,italy,2122,1822,26,19,6.81,2,3,5,,,45,1,25.0,63,73,52.52,224,588,811,84.83,41,64.06,23,0,0,0,,4,1,0,2,70,24,0,0,4,7,54,1,0,20,0,22.22,,42,36,6,2,0,,26,45.61,1,0,0,145,28,7,1,0,,1,0,0,0,0.0,0,0,0,0,165,1,0,0,0,0,0,0,0,0,0,911.0,0.0,0,9,0,5,4,2,100.0,0,17,10,58.82,7,88,2,4,67,55.37,139,316,644,956,163.4,9,2,1162,9,2,0,24615.0,1280000.0,D,33.0,Japan
Andrea Cambiaso,917048,Genoa,2713,italy,2122,1791,26,21,6.81,1,4,5,,,25,9,13.64,130,14,45.16,247,312,550,82.21,7,28.0,18,0,0,0,,3,0,2,3,28,26,0,0,22,14,102,0,1,22,0,7.69,,31,25,6,1,0,,89,51.45,0,0,0,119,23,16,1,1,,0,0,0,0,0.0,0,0,0,0,287,9,0,1,0,0,0,0,0,0,0,1791.0,0.0,0,5,8,6,5,27,50.0,0,46,20,43.48,16,46,54,66,96,48.48,31,378,357,669,177.0,13,0,1210,16,3,1,4231.0,220000.0,D,21.0,Italy
Beto,987489,Udinese,2695,italy,2122,2175,28,24,6.81,11,0,11,,,5,1,50.0,99,8,80.0,161,84,244,68.73,73,37.24,123,0,0,0,,2,12,14,2,25,28,0,0,54,10,270,0,1,52,0,17.19,,40,36,4,11,0,,85,36.64,4,0,4,111,5,20,1,13,,0,0,0,0,0.0,0,0,0,0,317,10,0,0,6,0,0,0,0,0,0,197.73,0.0,0,53,11,24,26,40,54.05,0,21,6,28.57,20,10,74,2,158,36.92,10,258,99,355,190.6,64,1,840,24,1,0,3654.0,190000.0,F,24.0,Portugal
Riccardo Saponara,126236,Fiorentina,2693,italy,2122,1302,29,13,6.8,3,3,6,,,21,8,28.57,182,31,72.09,285,140,417,79.73,5,35.71,9,0,0,0,,4,0,14,2,3,27,0,0,19,10,77,0,0,6,0,8.11,,13,11,2,2,1,,54,44.26,0,0,1,106,1,20,0,4,,0,0,0,0,0.0,0,0,0,1,212,10,0,0,3,0,0,0,0,0,0,434.0,0.0,0,20,17,9,14,20,37.74,0,10,2,20.0,20,37,53,28,59,43.38,43,381,170,523,183.7,37,0,776,24,1,0,35577.0,1850000.0,F,30.0,Italy
Federico Bernardeschi,294597,Juventus,2687,italy,2122,1486,28,16,6.8,1,2,3,,,26,8,15.69,166,27,61.36,287,153,432,82.13,7,29.17,17,0,0,0,,3,0,16,1,13,28,0,0,14,7,81,0,0,16,0,3.03,,13,12,1,1,0,,75,53.96,0,0,0,94,5,17,1,4,,0,0,0,0,0.0,0,0,0,0,222,7,0,0,0,0,0,0,0,0,0,1486.0,0.0,0,16,17,10,7,32,52.46,0,16,10,62.5,17,44,61,51,82,50.31,44,405,172,526,190.5,33,1,851,27,5,0,142500.0,7410000.0,F,27.0,Italy
Koray Günter,138165,Hellas Verona,2701,italy,2122,2413,30,29,6.8,0,0,0,,,54,0,0.0,88,125,52.74,360,674,1034,80.66,90,62.5,54,0,0,0,,1,0,2,3,106,30,0,0,2,16,116,1,0,42,0,0.0,,42,38,4,0,0,,51,45.13,0,0,0,248,69,7,0,1,,1,0,0,2,0.0,0,0,0,0,272,2,0,0,0,0,0,0,0,0,0,0.0,0.0,0,5,1,2,2,3,60.0,0,32,18,56.25,7,105,5,0,141,54.86,237,501,781,1282,204.1,6,1,1611,16,10,0,21346.0,1110000.0,D,27.0,Germany
Leonardo Pavoletti,132704,Cagliari,2719,italy,2122,1525,33,14,6.8,5,1,6,,,10,0,0.0,107,8,57.14,187,126,313,64.8,127,50.0,127,0,0,0,,0,5,8,0,12,32,0,0,13,6,184,0,0,45,0,13.89,,30,22,8,5,0,,44,43.56,0,0,1,170,2,16,2,4,,0,0,0,0,0.0,0,0,0,1,231,8,0,0,3,0,0,0,0,0,0,305.0,0.0,0,35,1,17,11,6,60.0,0,10,6,60.0,16,17,10,3,171,48.17,14,334,152,483,217.6,36,0,719,29,9,0,49808.0,2590000.0,F,33.0,Italy
Arthur Cabral,870762,Fiorentina,2693,italy,2122,750,14,8,6.8,2,2,4,,,10,0,0.0,31,4,66.67,57,53,110,78.57,13,33.33,26,0,0,0,,0,5,4,1,8,12,0,0,8,3,58,0,0,16,0,8.7,,11,9,2,2,0,,27,45.76,0,0,0,30,1,7,1,1,,0,0,0,0,0.0,0,0,0,0,65,4,0,0,1,0,0,0,0,0,0,375.0,0.0,0,23,0,10,9,9,64.29,0,9,5,55.56,7,12,14,2,40,40.82,6,80,62,140,81.6,23,0,258,10,1,0,41923.0,2180000.0,F,23.0,Brazil
Mohamed Fares,556960,Torino,2696,italy,2122,586,9,6,6.8,2,1,3,,,6,9,37.5,29,9,50.0,72,66,129,70.11,9,39.13,14,0,0,0,,1,1,4,0,9,9,0,0,10,4,45,0,0,10,0,15.38,,13,13,0,2,0,,19,38.0,2,0,0,55,8,5,0,0,,0,0,0,0,0.0,0,0,0,0,110,0,0,0,0,0,0,0,0,0,0,293.0,0.0,0,10,3,6,3,9,56.25,0,4,2,50.0,5,17,16,24,28,38.36,18,124,84,184,61.2,13,1,358,6,2,0,42692.0,2220000.0,M,25.0,Algeria
Rade Krunić,155449,Milan,2692,italy,2122,1411,28,15,6.8,0,2,2,,,5,1,9.09,146,13,65.0,279,184,462,84.77,24,47.06,27,0,0,0,,1,2,3,3,15,27,0,0,7,16,73,0,0,21,0,0.0,,12,12,0,0,0,,74,61.67,0,0,0,83,16,17,0,1,,0,0,0,0,0.0,0,0,0,0,135,9,0,0,0,0,0,0,0,0,0,0.0,0.0,0,7,3,5,2,12,80.0,0,33,18,54.55,17,13,15,11,98,57.31,20,354,202,545,183.6,10,0,767,29,2,0,39231.0,2040000.0,M,28.0,Bosnia-Herzegovina
Stefano Okaka,13148,Udinese,2695,italy,2122,20,2,0,6.8,0,1,1,,,0,0,0.0,1,0,0.0,3,1,4,80.0,0,0.0,1,0,0,0,,1,0,1,0,1,2,0,0,0,0,1,0,0,1,0,0.0,,0,0,0,0,0,,0,0.0,0,0,0,1,0,1,0,1,,0,0,0,0,0.0,0,0,0,0,1,0,0,0,0,0,0,0,0,0,0,0.0,0.0,0,1,0,0,0,0,0.0,0,0,0,0.0,1,0,0,0,0,0.0,0,4,1,5,13.6,1,0,9,0,1,0,,,,,
Luca Pellegrini,826186,Juventus,2687,italy,2122,1115,18,15,6.8,0,1,1,,,34,14,25.93,96,32,45.07,213,232,431,80.56,9,52.94,8,0,0,0,,2,0,2,2,16,18,0,0,5,7,49,0,0,23,0,0.0,,8,6,2,0,0,,53,56.38,0,0,1,104,5,13,0,0,,0,0,0,0,0.0,0,0,0,0,193,5,0,0,0,0,0,0,0,0,0,0.0,0.0,0,3,3,3,1,9,50.0,0,23,10,43.48,13,69,18,54,62,55.86,71,309,280,535,122.4,6,0,841,21,6,0,46346.0,2410000.0,D,22.0,Italy
Gianluca Gaetano,902019,Napoli,2714,italy,2122,19,2,0,6.8,0,0,0,,,0,0,0.0,1,0,0.0,4,5,9,75.0,2,50.0,2,0,0,0,,0,0,0,0,0,1,0,0,0,1,4,0,0,1,0,0.0,,0,0,0,0,0,,2,50.0,0,0,0,3,2,0,0,0,,0,0,0,0,0.0,0,0,0,0,4,1,0,0,0,0,0,0,0,0,0,0.0,0.0,0,0,0,0,0,0,0.0,0,1,1,100.0,0,1,0,0,4,50.0,0,6,6,12,6.8,0,0,18,1,0,0,,,,,
Gerard Yepes,1067220,Sampdoria,2711,italy,2122,17,4,0,6.8,0,0,0,,,1,0,0.0,2,2,66.67,8,11,19,90.48,0,0.0,1,0,0,0,,0,0,0,0,0,1,0,0,0,0,1,0,0,0,0,0.0,,0,0,0,0,0,,1,100.0,0,0,0,2,0,0,0,0,,0,0,0,0,0.0,0,0,0,0,2,0,0,0,0,0,0,0,0,0,0,0.0,0.0,0,0,0,0,0,0,0.0,0,1,0,0.0,0,3,0,0,1,50.0,3,10,11,21,6.8,0,0,24,0,0,0,0.0,0.0,M,19.0,Spain
Ebrima Colley,928106,Spezia,2735,italy,2122,390,11,3,6.8,0,0,0,,,1,3,16.67,30,4,66.67,54,24,75,71.43,2,28.57,5,0,0,0,,3,1,3,0,2,9,0,0,8,6,35,0,0,10,0,0.0,,13,9,4,0,0,,30,50.0,0,0,1,30,3,5,0,2,,0,0,0,0,0.0,0,0,0,0,81,1,0,0,0,0,0,0,0,0,0,0.0,0.0,0,6,6,4,5,12,66.67,0,6,1,16.67,5,5,18,18,32,47.76,6,92,31,105,61.2,12,1,225,12,1,0,7115.0,370000.0,F,22.0,The Gambia
Stefan Strandberg,22447,Salernitana,2710,italy,2122,934,11,11,6.8,0,0,0,,,43,1,25.0,66,53,57.61,172,257,428,81.84,30,68.18,14,0,0,0,,1,0,2,1,48,11,0,0,1,3,25,0,0,8,0,0.0,,19,18,1,0,0,,16,59.26,0,0,0,95,9,2,0,1,,1,0,0,1,0.0,0,0,0,0,102,0,0,1,0,0,0,0,0,0,0,0.0,0.0,1,7,2,4,3,2,100.0,0,12,7,58.33,2,79,2,4,46,64.79,92,235,292,523,74.8,9,2,642,2,0,1,0.0,0.0,D,31.0,Norway
Ivan Ilić,877371,Hellas Verona,2701,italy,2122,2535,32,30,6.8,1,4,5,,,32,15,37.5,264,66,61.11,601,494,1080,82.25,51,58.62,36,0,0,0,,2,2,8,2,53,32,0,1,22,34,153,0,0,45,0,4.55,,45,40,5,1,0,,97,45.33,0,0,0,233,22,20,1,1,,1,0,0,0,0.0,0,0,0,0,357,19,0,1,0,0,0,0,0,0,0,2535.0,0.0,2,13,9,9,5,26,60.47,0,39,18,46.15,20,78,43,40,148,49.17,108,789,564,1313,217.5,22,0,1764,32,5,0,6154.0,320000.0,M,20.0,Serbia
Grigoris Kastanos,791566,Salernitana,2710,italy,2122,1347,27,16,6.8,1,1,2,,,19,17,32.69,142,18,47.37,257,155,395,75.1,18,62.07,11,0,0,0,,1,2,13,1,7,26,0,1,14,16,90,0,0,27,1,3.57,,32,29,3,0,1,,87,52.41,0,0,1,131,22,29,1,2,,0,1,0,0,0.0,0,0,0,1,233,10,0,1,0,0,0,0,0,0,0,1347.0,33.33,3,11,17,7,8,22,47.83,0,30,19,63.33,28,45,46,52,105,53.85,38,390,188,526,176.7,28,1,851,35,4,0,3654.0,190000.0,M,24.0,Cyprus
Salvador Ferrer,958521,Spezia,2735,italy,2122,1488,27,14,6.8,0,2,2,,,26,14,31.82,119,33,50.0,248,233,467,76.81,34,57.63,25,0,0,0,,3,0,0,0,42,23,0,0,10,13,64,0,0,13,0,0.0,,37,31,6,0,0,,49,55.68,0,0,0,141,18,15,0,0,,0,0,0,0,0.0,0,0,0,0,217,6,0,0,0,0,0,0,0,0,0,0.0,0.0,0,2,4,5,1,8,66.67,0,32,18,56.25,15,53,12,44,83,56.46,66,362,290,608,156.3,6,0,965,10,3,0,6154.0,320000.0,D,24.0,Spain
Samuele Ricci,930189,Torino,2696,italy,2122,2264,33,26,6.79,1,1,2,,,49,1,16.67,252,65,60.19,581,614,1194,90.8,5,35.71,9,0,0,0,,1,1,5,3,25,33,0,1,15,17,77,0,0,31,0,8.33,,43,41,2,0,1,,108,61.36,0,0,0,121,45,11,0,2,,0,0,0,0,0.0,0,0,0,0,165,7,0,1,1,0,0,0,0,0,0,2264.0,0.0,0,3,9,5,2,13,72.22,0,41,23,56.1,11,89,18,6,113,59.47,108,667,654,1315,224.2,12,0,1637,55,2,0,35577.0,1850000.0,M,20.0,Italy
Ivan Radovanović,19394,Salernitana,2710,italy,2122,1055,14,12,6.79,1,1,2,,,27,1,25.0,72,54,60.0,188,240,427,82.75,18,58.06,13,0,0,0,,1,1,4,1,28,13,0,0,1,12,35,0,0,9,1,5.56,,17,14,3,0,1,,21,48.84,0,0,0,89,7,5,0,0,,0,0,0,0,0.0,0,0,0,0,97,2,0,0,1,0,0,0,0,0,0,1055.0,100.0,1,5,13,9,5,1,100.0,0,11,7,63.64,5,49,1,4,39,52.7,90,249,271,516,88.3,18,0,625,10,4,0,21346.0,1110000.0,M,33.0,Serbia
Koffi Djidji,158235,Torino,2696,italy,2122,1740,25,21,6.79,0,0,0,,,27,5,29.41,102,37,44.05,272,410,677,84.41,45,51.72,42,0,0,0,,0,1,3,4,58,25,0,0,9,4,84,0,0,25,0,0.0,,19,15,4,0,0,,63,60.0,0,0,0,125,34,3,0,1,,0,0,0,3,0.0,0,0,0,0,175,5,0,1,0,0,0,0,0,0,0,0.0,0.0,0,6,4,4,3,8,61.54,0,48,29,60.42,3,60,13,17,108,56.25,84,373,446,802,169.8,10,0,1100,7,4,1,9038.0,470000.0,D,29.0,Cote d'Ivoire
Daniele Rugani,139273,Juventus,2687,italy,2122,880,12,9,6.79,0,0,0,,,12,0,0.0,29,28,52.83,144,352,496,91.01,16,53.33,14,0,0,0,,0,0,0,4,46,12,0,0,2,3,30,0,0,11,0,0.0,,9,6,3,0,0,,9,36.0,0,0,0,49,11,1,0,0,,0,0,0,0,0.0,0,0,0,0,53,0,0,0,0,0,0,0,0,0,0,0.0,0.0,0,2,0,2,0,0,0.0,0,8,5,62.5,1,29,0,0,25,45.45,53,172,373,545,81.5,2,0,637,1,2,0,124615.0,6480000.0,D,27.0,Italy
Thomas Strakosha,227212,Lazio,2699,italy,2122,2070,23,23,6.79,0,0,0,,,68,0,0.0,6,144,57.83,46,477,523,81.09,6,100.0,0,0,0,0,,0,0,0,7,16,23,0,0,0,0,1,0,2,2,0,0.0,,29,22,7,0,0,0.5,0,0.0,0,10,0,122,0,1,0,0,,0,0,0,1,0.0,1,0,0,0,123,0,9,0,0,8,31,27,58,0,12,0.0,0.0,0,0,0,0,0,0,0.0,7,0,0,0.0,1,130,0,0,6,85.71,249,98,547,645,156.2,0,0,825,0,2,0,42692.0,2220000.0,K,26.0,Albania
Mikkel Damsgaard,907072,Sampdoria,2711,italy,2122,583,11,6,6.79,0,0,0,,,4,1,20.0,96,7,43.75,150,43,192,77.42,7,58.33,5,0,0,0,,0,0,4,0,7,11,0,0,10,16,50,0,0,10,0,0.0,,10,8,2,0,0,,51,53.13,0,0,0,56,7,11,0,0,,0,0,0,0,0.0,0,0,0,0,101,10,0,0,0,0,0,0,0,0,0,0.0,0.0,1,4,7,4,3,16,64.0,0,27,13,48.15,11,10,25,5,58,53.7,16,194,59,248,74.7,11,0,396,8,1,0,2500.0,130000.0,F,21.0,Denmark
Emil Audero,318603,Sampdoria,2711,italy,2122,2561,29,29,6.79,0,0,0,,,65,0,0.0,32,232,44.87,153,435,588,66.97,9,100.0,0,0,0,0,,1,0,0,5,27,29,0,0,0,2,2,2,0,0,0,0.0,,48,42,6,0,0,1.13,8,80.0,0,20,0,290,2,2,0,0,,0,0,0,0,0.0,2,0,1,0,299,0,10,0,0,10,49,34,85,0,23,0.0,0.0,0,0,0,0,0,0,0.0,10,3,1,33.33,2,138,0,0,17,89.47,517,381,497,878,196.9,0,2,1155,6,2,0,28462.0,1480000.0,K,25.0,Italy
Nicola Sansone,100580,Bologna,2685,italy,2122,880,27,6,6.79,2,3,5,,,6,17,32.69,76,8,44.44,156,78,217,77.5,7,28.0,18,0,0,0,,7,2,8,0,2,27,0,0,15,12,79,0,0,16,0,8.33,,20,18,2,2,0,,48,44.04,0,0,3,63,4,17,2,6,,0,0,0,0,0.0,0,0,0,2,162,12,0,0,0,0,0,0,0,0,0,440.0,0.0,1,10,14,10,6,14,41.18,0,13,7,53.85,17,22,34,52,55,41.04,18,244,88,280,183.3,24,0,498,21,6,0,39423.0,2050000.0,F,30.0,Italy
Paweł Dawidowicz,288321,Hellas Verona,2701,italy,2122,1207,17,13,6.79,0,0,0,,,17,0,0.0,85,21,53.85,202,302,504,86.3,22,46.81,25,0,0,0,,0,1,2,2,51,17,0,0,2,9,61,0,0,26,0,0.0,,22,21,1,0,0,,49,57.65,0,0,1,80,21,6,0,0,,0,0,0,1,0.0,0,0,0,0,98,1,0,0,0,0,0,0,0,0,0,0.0,0.0,0,6,0,4,0,5,100.0,0,30,18,60.0,6,30,5,6,71,53.79,39,254,336,584,115.4,6,0,779,14,3,0,7308.0,380000.0,D,26.0,Poland
Rogério,830551,Sassuolo,2793,italy,2122,1733,23,19,6.79,0,1,1,,,25,18,21.95,151,47,50.54,367,446,795,85.58,10,40.0,15,0,0,0,,1,0,3,2,39,23,0,0,16,7,62,0,1,15,0,0.0,,35,32,3,0,0,,69,59.48,0,0,0,134,18,27,0,1,,0,0,0,0,0.0,0,0,0,0,260,2,0,0,0,0,0,0,0,0,0,0.0,0.0,0,5,9,7,4,14,56.0,0,21,13,61.9,27,63,25,82,79,56.03,93,513,498,929,156.1,14,0,1378,34,5,0,25000.0,1300000.0,D,24.0,Brazil
Cedric Gondo,812207,Salernitana,2710,italy,2122,704,14,10,6.79,1,0,1,,,3,2,22.22,57,1,33.33,88,31,117,74.05,23,41.82,32,0,0,0,,1,1,4,0,2,14,0,0,19,3,78,0,0,18,0,5.26,,18,17,1,1,0,,48,51.06,0,0,0,41,3,12,0,3,,0,0,0,0,0.0,0,0,0,1,116,3,0,0,1,0,0,0,0,0,0,704.0,0.0,0,13,6,7,8,11,55.0,0,5,2,40.0,12,4,20,9,71,47.65,3,126,41,158,95.0,19,0,337,32,1,0,,,,,
Marco Silvestri,43970,Udinese,2695,italy,2122,3150,35,35,6.79,0,0,0,,,54,0,0.0,22,187,39.62,141,395,536,65.13,9,100.0,0,0,0,0,,0,0,0,7,19,35,0,0,0,1,2,1,0,1,0,0.0,,50,46,4,0,0,0.58,4,66.67,0,15,0,287,1,2,0,0,,0,0,0,1,0.0,7,0,0,0,300,0,8,0,0,2,59,33,92,2,32,0.0,0.0,0,0,0,0,0,0,0.0,2,0,0,0.0,2,126,0,0,13,86.67,472,381,442,823,237.5,0,3,1084,6,1,0,17885.0,930000.0,K,30.0,Italy
Alfred Duncan,232224,Fiorentina,2693,italy,2122,1931,33,21,6.78,2,2,4,,,55,14,31.82,226,69,67.65,444,288,718,80.86,9,34.62,17,0,0,0,,2,1,1,2,6,33,0,0,16,21,85,0,0,22,0,18.18,,25,23,2,2,0,,60,46.88,0,0,0,170,10,26,2,0,,0,0,0,0,0.0,0,0,0,0,259,10,0,0,0,0,0,0,0,0,0,965.5,0.0,0,7,4,7,3,13,56.52,0,34,19,55.88,26,78,23,44,69,44.81,102,596,336,888,223.9,11,0,1157,13,3,0,46346.0,2410000.0,M,28.0,Ghana
David Okereke,831290,Venezia,2688,italy,2122,2063,32,24,6.78,7,0,7,,,9,7,25.93,119,17,60.71,207,109,309,72.37,33,35.87,59,0,0,0,,1,3,9,1,18,30,0,1,29,17,156,0,0,30,0,17.5,,40,38,2,7,0,,74,43.27,2,0,0,118,10,13,2,9,,0,0,0,0,0.0,0,0,0,1,254,13,0,1,3,0,0,0,0,0,0,294.71,0.0,0,32,8,11,20,26,52.0,0,16,10,62.5,13,20,50,27,107,40.68,28,323,131,427,203.5,40,0,787,32,5,0,9038.0,470000.0,F,24.0,Nigeria
Jean-Victor Makengo,802138,Udinese,2695,italy,2122,2359,33,26,6.78,1,3,4,,,22,3,37.5,218,19,46.34,398,300,695,84.24,11,31.43,24,0,0,0,,2,2,12,5,14,33,0,0,19,14,98,0,0,27,0,3.13,,36,34,2,1,0,,106,58.89,0,0,1,130,19,26,1,1,,0,0,0,0,0.0,0,0,0,0,215,9,0,1,0,0,0,0,0,0,0,2359.0,0.0,0,14,18,10,10,39,73.58,0,30,21,70.0,26,39,53,8,117,54.42,41,483,350,825,223.8,32,1,1168,38,5,1,7308.0,380000.0,M,23.0,France
Sofyan Amrabat,359272,Fiorentina,2693,italy,2122,941,23,8,6.78,1,0,1,,,35,1,16.67,127,53,76.81,331,314,644,90.7,6,31.58,13,0,0,0,,0,0,1,2,5,22,0,0,6,8,53,1,0,25,0,25.0,,13,12,1,0,1,,48,54.55,0,0,0,66,5,8,0,0,,0,0,0,0,0.0,0,0,0,0,88,3,0,0,1,0,0,0,0,0,0,941.0,0.0,0,0,4,0,3,10,83.33,0,24,13,54.17,8,53,12,6,54,50.47,69,383,333,710,149.2,4,0,836,14,6,0,36923.0,1920000.0,M,25.0,Morocco
Nahitan Nández,589620,Cagliari,2719,italy,2122,1520,21,16,6.78,0,2,2,,,23,18,27.69,141,32,58.18,272,153,407,74.41,44,46.81,50,0,0,0,,5,1,8,2,15,21,0,0,26,15,135,0,1,27,0,0.0,,32,26,6,0,0,,99,53.8,0,0,1,140,9,22,0,12,,0,0,0,0,0.0,0,0,0,0,279,13,0,0,0,0,0,0,0,0,0,0.0,0.0,0,10,10,10,2,27,60.0,0,39,21,53.85,22,45,45,65,143,51.44,55,424,188,547,142.4,20,0,924,33,4,0,39423.0,2050000.0,M,26.0,Uruguay
Matteo Darmian,19352,Inter,2697,italy,2122,1507,25,18,6.78,2,1,3,,,13,12,32.43,115,13,39.39,212,210,410,80.23,18,78.26,5,0,0,0,,2,1,2,2,22,25,0,0,2,25,59,0,0,23,0,25.0,,21,16,5,2,0,,54,50.0,1,0,0,101,19,21,0,0,,0,0,0,0,0.0,0,0,0,1,161,5,0,0,1,0,0,0,0,0,0,753.5,0.0,0,5,3,2,4,4,44.44,0,32,16,50.0,21,23,9,37,72,54.96,33,294,254,511,169.5,8,0,838,18,4,0,78846.0,4100000.0,D,32.0,Italy
Lorenzo Tonelli,24818,Empoli,2705,italy,2122,868,14,8,6.78,0,0,0,,,32,1,100.0,52,46,52.87,162,300,461,82.91,29,60.42,19,0,0,0,,0,1,1,0,28,14,0,0,3,7,39,1,1,9,0,0.0,,19,19,0,0,0,,44,68.75,0,0,0,95,19,6,0,1,,1,0,0,0,0.0,0,0,0,0,108,1,0,0,0,0,0,0,0,0,0,0.0,0.0,0,7,0,3,3,4,80.0,0,17,9,52.94,6,68,5,1,73,65.18,87,226,331,556,94.9,7,1,700,24,4,0,35577.0,1850000.0,D,32.0,Italy
Ignacio Pussetto,340509,Udinese,2695,italy,2122,1205,28,11,6.78,4,4,8,,,6,3,14.29,74,8,61.54,133,58,188,71.76,31,36.9,53,0,0,0,,4,3,8,0,11,27,0,0,22,8,140,0,0,30,0,12.5,,23,21,2,4,0,,69,44.23,0,0,0,74,4,15,0,9,,0,0,1,0,100.0,0,1,0,1,200,9,0,0,4,0,0,0,0,0,0,301.25,0.0,0,20,12,10,14,25,44.64,0,17,9,52.94,15,10,56,21,100,41.67,13,215,68,262,183.0,32,1,574,27,4,0,17885.0,930000.0,F,26.0,Argentina
Jakub Kiwior,976037,Spezia,2735,italy,2122,1963,22,21,6.78,0,0,0,,,28,1,14.29,63,44,48.35,198,341,538,78.2,30,48.39,32,0,0,0,,1,0,1,6,49,22,0,0,9,31,101,0,0,27,0,0.0,,35,28,7,0,0,,63,47.73,0,0,0,150,40,8,0,2,,0,0,0,1,0.0,0,0,0,0,184,8,0,0,0,0,0,0,0,0,0,0.0,0.0,0,6,2,3,4,9,64.29,0,50,27,54.0,8,54,14,7,93,47.94,91,303,392,688,149.1,8,0,974,5,6,0,2500.0,130000.0,D,21.0,Poland
Andrea Consigli,38618,Sassuolo,2793,italy,2122,3322,37,37,6.78,0,0,0,,,158,0,0.0,16,271,48.92,101,893,994,76.99,10,90.91,1,0,0,0,,0,0,0,3,28,37,0,0,0,2,5,3,0,2,0,0.0,,63,60,3,0,0,0.31,3,42.86,0,19,0,297,0,1,0,0,,0,0,0,2,0.0,9,0,1,0,308,0,5,0,0,10,79,30,114,1,34,0.0,0.0,0,0,0,0,0,0,0.0,8,0,0,0.0,1,292,0,0,13,72.22,554,293,998,1291,250.7,0,3,1648,5,2,0,35577.0,1850000.0,K,35.0,Italy
Eljif Elmas,838232,Napoli,2714,italy,2122,1605,37,12,6.78,3,5,8,,,13,0,0.0,248,17,65.38,502,196,698,87.8,7,24.14,22,0,0,0,,3,3,13,3,16,36,0,0,23,16,99,0,0,27,0,9.09,,15,12,3,3,0,,79,50.64,1,0,2,97,8,25,0,2,,0,0,0,0,0.0,0,0,0,1,173,9,0,0,2,0,0,0,0,0,0,535.0,0.0,0,19,14,9,11,24,68.57,0,25,15,60.0,25,26,35,10,86,46.49,26,579,226,795,243.9,33,0,1062,30,3,0,36923.0,1920000.0,M,22.0,North Macedonia
Ante Rebić,152769,Milan,2692,italy,2122,886,24,6,6.78,2,2,4,,,9,10,35.71,99,11,68.75,147,31,168,63.4,13,37.14,22,0,0,0,,6,2,14,1,3,24,0,0,16,13,90,0,1,18,0,6.67,,8,8,0,1,1,,39,36.45,1,0,0,97,3,29,0,8,,0,0,0,0,0.0,0,0,0,0,189,4,0,0,1,0,0,0,0,0,0,443.0,0.0,0,21,9,9,7,16,42.11,0,14,8,57.14,29,23,38,28,52,36.62,16,253,40,265,162.6,30,1,490,9,2,0,86346.0,4490000.0,F,28.0,Croatia
Carles Pérez,794950,Roma,2702,italy,2122,574,19,3,6.77,1,1,2,,,2,7,36.84,82,8,88.89,152,47,192,88.07,0,0.0,10,0,0,0,,1,0,14,0,1,19,0,0,11,9,51,0,0,13,0,3.7,,2,2,0,0,1,,26,38.81,0,0,0,26,2,15,1,0,,0,0,0,0,0.0,0,0,0,0,74,5,0,0,0,0,0,0,0,0,0,574.0,0.0,1,12,15,5,8,11,55.0,0,8,3,37.5,15,2,20,19,26,33.77,9,188,49,218,128.7,27,0,364,7,2,0,49231.0,2560000.0,F,23.0,Spain
Matteo Lovato,982601,Cagliari,2719,italy,2122,1551,22,17,6.77,0,1,1,,,46,0,0.0,60,54,51.92,195,455,650,83.55,31,52.54,28,0,0,0,,0,0,0,1,50,22,0,0,7,13,71,0,0,21,0,0.0,,24,21,3,0,0,,46,51.69,0,0,0,128,35,6,0,0,,0,0,0,1,0.0,0,0,0,0,156,2,0,0,0,0,0,0,0,0,0,0.0,0.0,0,6,1,6,1,3,60.0,0,28,19,67.86,6,80,5,3,77,52.03,104,271,510,778,149.0,7,0,997,15,5,0,17885.0,930000.0,D,21.0,Italy
Nikola Maksimović,68076,Genoa,2713,italy,2122,1116,14,13,6.77,0,0,0,,,20,1,33.33,43,34,45.95,110,311,420,83.33,33,61.11,21,0,0,0,,0,0,0,3,58,14,0,0,3,2,38,1,0,10,0,0.0,,16,16,0,0,0,,23,57.5,0,0,0,84,12,2,0,0,,0,0,0,1,0.0,0,0,0,0,97,1,0,0,0,0,0,0,0,0,0,0.0,0.0,0,3,0,3,0,1,33.33,0,14,6,42.86,2,46,3,3,56,59.57,74,160,347,504,94.8,3,1,652,8,2,0,53462.0,2780000.0,D,30.0,Serbia
Luca Ceppitelli,131108,Cagliari,2719,italy,2122,1454,24,16,6.77,1,1,2,,,27,2,28.57,50,56,54.37,188,477,663,84.57,41,65.08,22,0,0,0,,0,0,3,1,54,22,0,0,3,11,54,0,0,18,0,16.67,,31,24,7,1,0,,36,52.94,1,0,1,121,25,2,0,1,,0,0,0,0,0.0,0,0,0,0,143,0,0,0,0,0,0,0,0,0,0,1454.0,0.0,0,6,0,2,1,2,100.0,0,23,12,52.17,2,61,2,7,77,58.78,103,267,524,784,148.9,6,0,980,12,3,0,35577.0,1850000.0,D,32.0,Italy
Fabio Quagliarella,11621,Sampdoria,2711,italy,2122,1677,33,19,6.77,4,3,7,,,33,7,33.33,131,29,63.04,214,105,312,70.91,18,33.33,36,0,0,0,,3,2,26,2,11,33,0,0,26,13,106,0,0,20,0,6.9,,34,28,6,4,0,,45,39.13,0,0,1,128,3,19,0,15,,0,0,1,0,100.0,0,1,0,0,235,17,0,0,4,0,0,0,0,0,0,419.25,0.0,1,38,20,20,12,11,47.83,0,6,2,33.33,19,56,23,21,63,37.28,46,337,124,440,223.3,58,2,724,28,2,0,42692.0,2220000.0,F,39.0,Italy
Matteo Politano,235672,Napoli,2714,italy,2122,1662,33,20,6.77,3,4,7,,,26,27,25.0,251,24,46.15,387,137,497,77.29,7,35.0,13,0,0,0,,4,2,17,0,2,33,0,0,21,39,111,0,0,14,0,7.14,,16,15,1,2,1,,73,42.69,0,0,1,146,13,33,2,4,,0,1,0,0,0.0,0,0,0,0,317,11,0,0,1,0,0,0,0,0,0,554.0,0.0,1,20,22,14,11,21,44.68,0,24,12,50.0,32,57,47,108,80,41.88,52,580,171,643,223.3,42,1,1046,28,3,0,78269.0,4070000.0,F,28.0,Italy
Liam Henderson,287573,Empoli,2705,italy,2122,2037,38,23,6.76,2,3,5,,,18,22,25.29,256,22,46.81,412,168,558,74.7,14,48.28,15,0,0,0,,4,0,12,1,13,38,0,0,14,22,117,0,0,59,0,4.76,,44,39,5,2,0,,49,32.45,0,0,2,189,9,39,1,3,,0,0,0,1,0.0,0,0,0,2,314,13,0,0,1,0,0,0,0,0,0,1018.5,0.0,2,22,20,13,17,5,38.46,0,22,13,59.09,39,54,13,87,63,35.0,47,628,206,747,257.0,42,1,1066,22,4,0,28462.0,1480000.0,M,25.0,Scotland
Marko Pjaca,190435,Torino,2696,italy,2122,1151,24,13,6.76,3,0,3,,,10,8,47.06,155,7,33.33,253,66,311,77.94,20,40.82,29,0,0,0,,1,1,6,1,2,24,0,0,30,5,91,0,0,11,0,14.29,,17,14,3,3,0,,44,41.51,1,0,1,88,4,15,0,2,,0,0,0,0,0.0,0,0,0,0,183,12,0,0,2,0,0,0,0,0,0,383.67,0.0,0,17,4,4,11,23,56.1,0,7,4,57.14,15,16,41,17,64,41.29,21,334,82,399,162.3,21,0,617,14,0,0,53462.0,2780000.0,F,26.0,Croatia
Patric,217784,Lazio,2699,italy,2122,1656,24,19,6.76,1,1,2,,,27,0,0.0,55,125,73.1,343,1001,1344,93.33,17,34.0,33,0,0,0,,1,0,3,4,44,24,0,0,1,11,66,2,0,24,0,16.67,,24,21,3,1,0,,30,47.62,1,0,0,96,12,6,0,0,,1,0,0,0,0.0,0,0,0,0,108,0,0,1,0,0,0,0,0,0,0,1656.0,0.0,0,6,0,1,2,2,100.0,0,21,15,71.43,6,50,2,1,47,41.59,171,402,1039,1440,162.3,6,3,1591,7,5,1,35577.0,1850000.0,D,28.0,Spain
Lazar Samardžić,980624,Udinese,2695,italy,2122,488,22,1,6.76,2,2,4,,,7,11,34.38,80,12,63.16,144,52,185,84.09,6,54.55,5,0,0,0,,3,1,6,0,1,21,0,0,8,19,53,0,0,11,0,11.76,,5,5,0,1,1,,31,39.24,0,0,1,35,2,19,1,0,,0,0,0,0,0.0,0,0,0,0,93,3,0,0,1,0,0,0,0,0,0,244.0,0.0,1,5,12,5,6,15,57.69,0,13,9,69.23,19,19,26,32,37,41.11,19,196,56,220,142.0,17,0,368,3,0,0,9808.0,510000.0,F,19.0,Germany
Kristjan Asllani,996820,Empoli,2705,italy,2122,1357,23,14,6.76,1,1,2,,,36,6,20.69,123,57,46.72,290,344,628,84.3,4,40.0,6,0,0,0,,2,0,4,3,12,23,0,0,7,18,47,0,1,13,0,5.88,,24,20,4,1,0,,48,53.93,0,0,0,117,19,7,0,0,,0,0,0,0,0.0,0,0,0,0,170,2,0,0,1,0,0,0,0,0,0,1357.0,0.0,2,2,15,7,6,7,70.0,0,18,9,50.0,7,78,10,29,52,52.53,122,404,370,745,155.5,17,0,938,23,2,0,0.0,0.0,M,19.0,Albania
Petar Stojanović,227082,Empoli,2705,italy,2122,2739,33,32,6.76,1,1,2,,,58,19,27.94,329,59,49.17,598,478,1057,78.53,14,42.42,19,0,0,0,,7,0,4,6,52,33,0,0,35,55,192,0,1,45,0,9.09,,48,45,3,1,0,,170,49.56,0,0,0,289,27,35,1,2,,0,0,0,2,0.0,0,0,0,0,522,16,0,1,0,0,0,0,0,0,0,2739.0,0.0,0,5,6,3,4,52,55.91,0,96,63,65.63,35,144,93,68,184,48.94,120,851,563,1346,223.1,11,0,2234,22,9,1,12308.0,640000.0,D,26.0,Slovenia
Juan Musso,263651,Atalanta,2686,italy,2122,2932,33,33,6.76,0,0,0,,,81,0,0.0,18,192,45.93,109,441,550,70.33,6,100.0,0,0,0,0,,0,0,0,8,23,33,0,1,0,0,3,1,0,3,0,0.0,,42,39,3,0,0,-0.55,3,50.0,0,27,0,232,0,0,0,0,,0,0,0,1,0.0,4,0,0,0,243,0,6,1,0,16,48,32,81,3,19,0.0,0.0,0,0,0,0,0,1,100.0,15,1,1,100.0,0,176,1,0,9,75.0,418,285,497,782,223.1,0,0,1098,1,1,0,56923.0,2960000.0,K,27.0,Argentina
Jérémie Boga,367056,Atalanta,2686,italy,2122,1435,27,15,6.76,0,2,2,,,11,8,25.81,246,11,78.57,385,156,533,82.89,5,31.25,11,0,0,0,,3,3,11,0,2,27,0,0,25,3,88,1,1,2,0,0.0,,21,19,2,0,0,,99,56.25,0,0,2,110,3,27,0,5,,0,0,0,0,0.0,0,0,0,1,255,12,0,0,0,0,0,0,0,0,0,0.0,0.0,0,23,13,15,10,59,55.14,0,14,7,50.0,27,18,107,31,104,54.17,14,494,180,643,182.5,36,0,992,26,0,0,53462.0,2780000.0,F,25.0,Cote d'Ivoire
Mamadou Coulibaly,874481,Salernitana,2710,italy,2122,809,12,9,6.76,2,0,2,,,13,2,25.0,85,10,45.45,161,88,247,76.95,9,52.94,8,0,0,0,,0,1,3,0,6,12,0,0,6,13,49,0,0,16,0,20.0,,17,16,1,2,0,,42,50.6,0,0,1,74,11,5,2,0,,0,0,0,0,0.0,0,0,0,1,122,5,0,0,0,0,0,0,0,0,0,404.5,0.0,0,4,6,3,4,18,69.23,0,15,12,80.0,5,19,26,8,51,51.0,22,221,108,321,81.1,10,0,478,9,1,0,15000.0,780000.0,M,22.0,Senegal
Alexis Saelemaekers,901891,Milan,2692,italy,2122,1872,36,22,6.76,1,3,4,,,5,11,17.46,255,16,57.14,467,203,659,83.0,9,39.13,14,0,0,0,,6,3,11,3,7,36,0,0,29,36,148,0,0,29,0,2.56,,21,19,2,1,0,,132,49.62,0,0,1,135,15,38,1,1,,0,0,0,0,0.0,0,0,0,0,314,25,0,0,0,0,0,0,0,0,0,1872.0,0.0,0,16,23,16,12,52,56.52,0,43,22,51.16,38,16,92,63,141,48.79,28,625,232,794,243.3,39,2,1253,37,2,0,24615.0,1280000.0,F,22.0,Belgium
Antonio Junior Vacca,126982,Venezia,2688,italy,2122,1070,21,15,6.76,0,1,1,,,60,0,0.0,94,62,60.78,216,379,595,85.61,4,26.67,11,0,0,0,,1,0,0,0,13,21,0,0,9,22,69,0,0,21,0,0.0,,18,16,2,0,0,,60,50.85,0,0,0,100,20,5,0,0,,0,0,0,0,0.0,0,0,0,0,126,2,0,0,0,0,0,0,0,0,0,0.0,0.0,0,0,1,1,0,15,71.43,0,36,20,55.56,5,90,21,0,64,48.12,102,270,425,695,141.9,1,0,859,9,5,0,5385.0,280000.0,M,31.0,Italy
Pietro Terracciano,136856,Fiorentina,2693,italy,2122,2860,32,31,6.76,0,0,0,,,137,0,0.0,31,320,51.95,117,959,1076,77.69,14,87.5,2,0,0,0,,0,0,0,9,40,32,2,0,0,4,7,1,0,0,0,0.0,,43,38,5,0,0,-5.72,5,50.0,0,22,0,309,2,1,0,0,,0,0,0,0,0.0,3,0,1,0,315,0,20,0,0,18,41,18,59,0,16,0.0,0.0,0,0,0,0,0,1,50.0,18,0,0,0.0,1,227,2,0,19,73.08,616,330,1055,1385,216.2,0,0,1674,4,0,0,10769.0,560000.0,K,31.0,Italy
Alex Sandro,84854,Juventus,2687,italy,2122,1773,28,17,6.75,0,1,1,,,37,11,31.43,208,53,63.86,408,417,814,85.86,32,61.54,20,0,0,0,,1,1,0,3,36,27,0,0,20,14,100,0,0,31,0,0.0,,25,22,3,0,0,,74,48.05,0,0,0,134,27,23,0,1,,1,0,0,0,0.0,0,0,0,1,229,4,0,0,0,0,0,0,0,0,0,0.0,0.0,0,8,1,7,2,14,48.28,0,27,16,59.26,23,57,29,35,106,51.46,83,518,465,948,182.3,9,0,1361,34,3,0,213654.0,11110000.0,D,31.0,Brazil
Cristian Volpato,1155625,Roma,2702,italy,2122,42,3,0,6.75,1,0,1,,,0,0,0.0,10,1,50.0,16,4,20,83.33,0,0.0,2,0,0,0,,0,1,0,0,0,2,0,0,1,0,5,0,0,1,0,100.0,,0,0,0,1,0,,3,50.0,0,0,0,4,0,1,1,0,,0,0,0,0,0.0,0,0,0,0,10,1,0,0,0,0,0,0,0,0,0,42.0,0.0,0,1,0,0,1,1,50.0,0,1,1,100.0,1,1,2,2,3,37.5,2,22,4,24,13.5,1,0,34,1,0,0,,,,,
Nicolò Bertola,1136399,Spezia,2735,italy,2122,33,2,0,6.75,0,0,0,,,0,0,0.0,0,1,50.0,2,4,6,54.55,1,50.0,1,0,0,0,,0,0,0,0,1,2,0,0,0,1,2,0,0,0,0,0.0,,1,1,0,0,0,,3,75.0,0,0,0,5,3,0,0,0,,0,0,0,0,0.0,0,0,0,0,6,0,0,0,0,0,0,0,0,0,0,0.0,0.0,0,0,1,0,1,0,0.0,0,3,2,66.67,0,1,0,0,4,66.67,2,4,7,11,13.5,1,0,22,0,0,0,0.0,0.0,D,18.0,Italy
Kingsley Michael,822468,Bologna,2685,italy,2122,76,2,1,6.75,0,0,0,,,0,0,0.0,5,0,0.0,12,11,23,88.46,0,0.0,3,0,0,0,,0,0,0,0,1,2,0,0,0,1,4,0,1,0,0,0.0,,0,0,0,0,0,,5,83.33,0,0,0,3,1,0,0,0,,0,0,0,0,0.0,0,0,0,0,4,0,0,0,0,0,0,0,0,0,0,0.0,0.0,0,0,1,0,1,0,0.0,0,4,1,25.0,0,1,0,0,5,55.56,0,13,13,26,13.5,1,0,41,1,0,0,5385.0,280000.0,M,22.0,Nigeria
Konstantinos Manolas,41234,Napoli,2714,italy,2122,312,4,3,6.75,0,0,0,,,9,0,0.0,15,15,83.33,85,138,223,95.71,5,50.0,5,0,0,0,,0,0,0,1,10,4,0,0,0,1,11,1,0,5,0,0.0,,2,2,0,0,0,,2,25.0,0,0,0,10,4,0,0,0,,0,0,0,0,0.0,0,0,0,0,11,0,0,0,0,0,0,0,0,0,0,0.0,0.0,0,0,0,0,0,0,0.0,0,2,2,100.0,0,12,0,0,7,38.89,18,91,142,233,27.0,0,0,255,0,1,0,142500.0,7410000.0,D,30.0,Greece
Fabio Miretti,1010223,Juventus,2687,italy,2122,322,6,4,6.75,0,0,0,,,10,4,66.67,26,9,75.0,61,55,112,81.75,3,37.5,5,0,0,0,,0,0,2,0,2,4,0,0,0,7,17,0,0,4,0,0.0,,4,3,1,0,0,,9,42.86,0,0,0,25,2,6,0,0,,0,1,0,0,0.0,0,0,0,0,36,1,0,0,0,0,0,0,0,0,0,0.0,0.0,0,2,0,0,0,1,50.0,0,4,2,50.0,5,15,2,6,12,41.38,12,74,69,137,27.0,2,0,180,4,0,0,,,,,
Gastón Pereiro,311396,Cagliari,2719,italy,2122,994,29,9,6.75,4,2,6,,,21,14,35.0,110,12,36.36,158,71,215,66.56,23,41.82,32,0,0,0,,3,0,7,0,7,29,0,0,17,13,82,0,0,16,0,19.05,,18,17,1,3,1,,27,35.06,0,0,1,108,1,20,3,2,,0,0,0,0,0.0,0,0,0,0,177,9,0,0,1,0,0,0,0,0,0,248.5,0.0,0,5,16,5,9,10,52.63,0,13,5,38.46,20,46,19,40,50,37.88,33,266,97,323,195.7,21,1,507,4,1,0,34423.0,1790000.0,F,26.0,Uruguay
Adrien Silva,30127,Sampdoria,2711,italy,2122,1096,17,12,6.75,0,1,1,,,35,3,50.0,89,42,67.74,255,255,507,85.5,11,50.0,11,0,0,0,,0,0,4,0,22,17,0,1,11,24,62,0,0,13,0,0.0,,21,17,4,0,0,,51,50.0,0,0,0,86,23,8,0,0,,0,0,0,0,0.0,0,0,0,0,128,5,0,1,0,0,0,0,0,0,0,0.0,0.0,0,1,7,2,2,10,76.92,0,24,12,50.0,8,57,13,6,62,50.0,62,316,283,593,114.7,8,0,789,17,3,0,27115.0,1410000.0,M,32.0,Portugal
Lucas Leiva,27234,Lazio,2699,italy,2122,1702,35,19,6.75,0,1,1,,,24,1,25.0,200,40,83.33,576,555,1130,92.09,24,60.0,16,0,0,0,,0,0,1,3,34,34,0,0,8,38,100,0,0,37,0,0.0,,27,22,5,0,0,,75,47.17,0,0,0,97,28,6,0,0,,0,0,0,0,0.0,0,0,0,0,118,7,0,0,0,0,0,0,0,0,0,0.0,0.0,0,0,3,2,0,3,75.0,0,55,30,54.55,6,39,4,4,99,49.75,48,643,588,1227,229.4,3,0,1452,17,9,0,81923.0,4260000.0,M,35.0,Brazil
Albin Ekdal,21992,Sampdoria,2711,italy,2122,1646,26,19,6.75,1,0,1,,,24,0,0.0,101,32,47.76,259,328,587,79.22,24,58.54,17,0,0,0,,0,0,8,2,23,26,0,0,11,30,96,0,0,31,0,7.14,,27,25,2,1,0,,97,55.11,1,0,0,154,29,7,0,0,,0,0,0,0,0.0,0,0,0,0,190,11,0,1,0,0,0,0,0,0,0,1646.0,0.0,0,10,4,4,2,15,65.22,0,43,28,65.12,7,57,23,2,121,55.76,67,369,374,741,175.4,14,0,1012,39,9,1,39231.0,2040000.0,M,32.0,Sweden
Alessio Cragno,148740,Cagliari,2719,italy,2122,3150,35,35,6.75,0,0,0,,,126,0,0.0,57,370,47.01,250,416,666,60.88,9,75.0,3,0,0,0,,0,0,0,2,24,35,0,0,1,0,5,0,1,1,0,0.0,,63,53,10,0,0,0.41,6,75.0,0,18,0,428,1,0,0,0,,0,0,0,1,0.0,8,0,2,0,443,0,10,0,0,9,73,33,106,3,29,0.0,0.0,0,0,0,0,0,0,0.0,9,3,3,100.0,0,262,0,0,15,75.0,787,571,523,1094,236.1,0,1,1397,8,3,0,35577.0,1850000.0,K,27.0,Italy
Kaan Ayhan,138152,Sassuolo,2793,italy,2122,1350,23,14,6.75,1,0,1,,,35,0,0.0,69,65,65.66,296,491,787,91.3,24,41.38,34,0,0,0,,0,0,2,0,55,22,0,1,0,8,55,0,0,13,0,20.0,,28,26,2,1,0,,26,55.32,0,0,0,75,13,2,0,1,,0,0,0,1,0.0,0,0,0,0,84,1,0,1,1,0,0,0,0,0,0,1350.0,0.0,2,3,2,2,1,1,100.0,0,20,12,60.0,2,58,1,2,50,47.62,99,345,519,862,148.4,5,1,1012,5,2,0,14808.0,770000.0,D,27.0,Turkey
Diego Godín,14933,Cagliari,2719,italy,2122,819,11,9,6.75,0,1,1,,,20,0,0.0,36,26,52.0,92,302,394,89.95,18,60.0,12,0,0,0,,0,0,2,0,43,11,0,0,0,5,31,0,0,13,0,0.0,,22,15,7,0,0,,31,62.0,0,0,0,44,13,2,0,0,,0,0,0,1,0.0,0,0,0,0,50,0,0,0,0,0,0,0,0,0,0,0.0,0.0,0,7,0,5,0,10,90.91,0,18,7,38.89,2,38,11,0,49,61.25,50,120,318,438,74.2,7,0,565,3,3,0,74038.0,3850000.0,D,35.0,Uruguay
Kevin Bonifazi,365992,Bologna,2685,italy,2122,1232,22,14,6.75,0,0,0,,,44,0,0.0,65,54,43.55,210,349,559,81.25,34,65.38,18,0,0,0,,1,1,5,3,35,22,0,0,4,1,42,0,0,15,0,0.0,,20,20,0,0,0,,52,68.42,0,0,0,129,16,4,0,0,,1,0,0,1,0.0,0,0,0,0,154,0,0,1,0,0,0,0,0,0,0,0.0,0.0,0,8,1,3,1,17,80.95,0,25,16,64.0,4,85,21,3,86,67.19,124,297,394,688,148.4,9,0,880,10,2,1,35577.0,1850000.0,D,25.0,Italy
Andrea Petagna,295973,Napoli,2714,italy,2122,605,24,4,6.75,3,1,4,,,4,1,33.33,42,2,33.33,75,39,113,71.07,18,46.15,21,0,0,0,,2,1,4,1,5,20,0,0,14,3,55,0,0,15,0,23.08,,6,5,1,3,0,,25,42.37,1,0,2,46,0,10,2,2,,0,0,0,0,0.0,0,0,0,0,90,0,0,0,0,0,0,0,0,0,0,201.67,0.0,0,11,2,3,6,9,64.29,0,3,3,100.0,10,8,14,3,43,43.88,6,112,50,159,134.9,13,0,261,14,1,0,64038.0,3330000.0,F,26.0,Italy
Diego Demme,124318,Napoli,2714,italy,2122,694,19,7,6.74,1,0,1,,,20,2,28.57,98,20,54.05,269,269,536,91.16,4,44.44,5,0,0,0,,1,0,1,0,2,18,0,0,5,11,49,0,0,28,0,50.0,,7,6,1,1,0,,32,42.11,0,0,0,52,9,5,0,0,,0,0,0,0,0.0,0,0,0,0,75,8,0,0,1,0,0,0,0,0,0,694.0,0.0,0,1,1,0,1,3,75.0,0,21,12,57.14,5,36,4,7,36,42.35,37,312,283,588,121.4,2,0,687,8,4,0,61731.0,3210000.0,M,30.0,Germany
José Callejón,40965,Fiorentina,2693,italy,2122,1313,30,16,6.74,1,2,3,,,15,16,25.81,164,22,56.41,309,172,465,84.7,8,30.77,18,0,0,0,,5,1,5,1,1,28,0,0,13,18,58,1,0,3,0,5.88,,24,20,4,1,0,,39,49.37,0,0,0,84,3,21,0,3,,0,0,0,1,0.0,0,0,0,0,172,6,0,0,1,0,0,0,0,0,0,1313.0,0.0,1,13,4,7,5,7,53.85,0,15,6,40.0,21,28,13,62,47,44.76,39,414,197,549,188.8,17,0,737,17,0,0,78269.0,4070000.0,F,34.0,Spain
Alessandro Deiola,328109,Cagliari,2719,italy,2122,2151,33,28,6.74,4,1,5,,,32,3,25.0,124,52,70.27,265,325,587,77.54,40,48.78,42,0,0,0,,1,1,3,0,42,33,0,0,11,35,139,0,0,45,0,15.38,,47,40,7,3,1,,74,43.27,1,0,0,170,26,13,1,1,,0,0,0,0,0.0,0,0,0,0,234,12,0,0,2,0,0,0,0,0,0,537.75,0.0,0,11,15,10,13,6,46.15,0,47,22,46.81,13,50,13,12,114,45.06,74,395,374,757,222.5,26,1,1079,21,5,0,10769.0,560000.0,M,26.0,Italy
David Zima,963084,Torino,2696,italy,2122,1310,20,13,6.74,0,1,1,,,10,0,0.0,58,22,48.89,151,364,515,84.84,45,52.94,40,0,0,0,,1,1,0,2,41,19,0,0,5,11,73,0,0,16,0,0.0,,19,16,3,0,0,,30,47.62,0,0,0,92,23,5,0,1,,0,0,0,1,0.0,0,0,0,0,112,0,0,0,0,0,0,0,0,0,0,0.0,0.0,0,6,0,3,3,5,71.43,0,20,12,60.0,5,27,7,3,75,50.68,45,211,399,607,128.1,6,0,774,5,3,0,12308.0,640000.0,D,21.0,Czech Republic
Alessandro Buongiorno,870263,Torino,2696,italy,2122,1196,23,12,6.74,0,2,2,,,10,1,16.67,53,18,36.0,173,275,447,81.57,53,65.43,28,0,0,0,,1,0,1,1,43,22,0,0,5,4,65,0,0,27,0,0.0,,16,14,2,0,0,,38,50.67,0,0,0,101,31,5,0,1,,0,0,0,1,0.0,0,0,0,0,125,2,0,0,0,0,0,0,0,0,0,0.0,0.0,0,6,0,4,1,2,50.0,0,20,9,45.0,5,25,4,6,91,58.33,50,245,309,548,148.3,6,0,724,16,5,0,7885.0,410000.0,D,22.0,Italy
Norbert Gyömbér,224456,Salernitana,2710,italy,2122,2566,31,30,6.74,0,0,0,,,52,6,31.58,87,74,43.02,247,512,753,78.27,41,63.08,24,0,0,0,,1,1,3,2,120,31,0,0,6,17,93,1,0,48,0,0.0,,51,45,6,0,0,,69,50.0,0,0,1,209,44,7,0,0,,0,0,0,1,0.0,0,0,0,0,273,1,0,0,0,0,0,0,0,0,0,0.0,0.0,0,8,1,4,2,2,66.67,0,53,32,60.38,7,131,3,19,110,54.19,172,387,594,962,208.8,9,0,1402,15,9,0,17885.0,930000.0,D,29.0,Slovakia
Mattia Destro,100570,Genoa,2713,italy,2122,1753,27,21,6.73,9,1,10,,,6,1,50.0,67,6,42.86,107,88,194,58.08,62,36.05,110,0,0,0,,2,9,13,0,15,27,0,0,25,5,188,0,0,40,0,16.67,,32,28,4,9,0,,51,39.53,5,0,0,140,2,11,1,19,,0,0,0,0,0.0,0,0,0,0,254,6,0,0,3,0,0,0,0,0,0,194.78,0.0,0,45,9,21,20,11,42.31,0,9,4,44.44,11,16,26,2,113,37.54,14,230,106,334,181.8,54,1,635,31,4,0,19615.0,1020000.0,F,30.0,Italy
Jovane Cabral,845802,Lazio,2699,italy,2122,192,3,2,6.73,1,0,1,,,1,0,0.0,9,2,100.0,19,12,31,88.57,1,20.0,4,0,0,0,,0,1,0,0,1,3,0,0,5,0,16,0,0,5,0,16.67,,4,3,1,1,0,,7,36.84,0,0,0,4,1,1,0,0,,0,0,0,0,0.0,0,0,0,0,22,0,0,0,1,0,0,0,0,0,0,192.0,0.0,0,5,1,5,1,2,50.0,0,2,1,50.0,1,1,4,2,8,33.33,2,25,12,35,20.2,6,0,72,3,0,0,8654.0,450000.0,F,23.0,Cape Verde
Giuseppe Pezzella,814589,Atalanta,2686,italy,2122,1070,21,10,6.73,0,2,2,,,13,4,10.81,123,16,34.04,242,166,404,79.53,15,51.72,14,0,0,0,,1,0,5,3,11,18,0,0,12,10,66,0,0,19,0,0.0,,12,10,2,0,0,,65,55.56,0,0,0,104,9,9,0,2,,0,0,0,0,0.0,0,0,0,0,193,5,0,0,0,0,0,0,0,0,0,0.0,0.0,0,6,3,3,1,8,42.11,0,28,13,46.43,9,37,19,37,80,54.79,47,351,194,508,121.2,9,0,839,30,3,0,12500.0,650000.0,D,24.0,Italy
Lorenzo Montipò,253391,Hellas Verona,2701,italy,2122,3060,34,34,6.73,0,0,0,,,62,0,0.0,34,210,33.28,144,277,421,49.88,11,84.62,2,0,0,0,,0,0,0,4,33,34,1,0,0,0,2,1,2,0,0,0.0,,50,45,5,0,0,0.29,5,100.0,0,17,0,423,1,0,0,0,,0,0,0,0,0.0,3,0,1,0,434,0,17,0,0,7,51,38,90,1,31,0.0,0.0,0,0,0,0,0,1,100.0,7,0,0,0.0,0,158,1,0,16,88.89,631,467,377,844,228.9,0,1,1133,4,1,0,9615.0,500000.0,K,25.0,Italy
Andrea La Mantia,96649,Empoli,2705,italy,2122,490,18,3,6.73,2,1,3,,,2,0,0.0,31,1,33.33,47,15,62,60.78,27,61.36,17,0,0,0,,1,2,6,0,6,16,0,0,4,1,28,0,0,6,0,11.76,,8,6,2,2,0,,8,42.11,1,0,0,40,1,8,1,3,,0,0,0,0,0.0,0,0,0,1,57,4,0,0,0,0,0,0,0,0,0,245.0,0.0,0,16,1,8,3,0,0.0,0,2,0,0.0,8,4,0,1,35,55.56,3,83,20,102,107.7,17,0,164,6,0,0,32115.0,1670000.0,F,30.0,Italy
Faouzi Ghoulam,133236,Napoli,2714,italy,2122,360,14,3,6.73,0,0,0,,,3,7,26.92,60,7,53.85,118,98,209,88.56,5,45.45,6,0,0,0,,0,0,1,1,10,11,0,0,2,3,16,0,0,4,0,0.0,,2,2,0,0,0,,6,37.5,0,0,0,27,3,7,0,0,,0,0,0,0,0.0,0,0,0,0,56,0,0,0,0,0,0,0,0,0,0,0.0,0.0,2,0,3,1,1,1,50.0,0,3,1,33.33,7,11,2,26,11,40.74,13,157,105,236,74.0,3,0,311,2,1,0,85385.0,4440000.0,D,31.0,Algeria
Mato Jajalo,42147,Udinese,2695,italy,2122,639,22,6,6.73,0,1,1,,,9,0,0.0,62,17,65.38,139,112,251,80.71,6,35.29,11,0,0,0,,3,0,3,1,4,19,0,0,5,12,40,0,0,12,0,0.0,,10,9,1,0,0,,34,53.97,0,0,0,60,11,8,0,0,,0,0,0,0,0.0,0,0,0,0,83,4,0,0,0,0,0,0,0,0,0,0.0,0.0,0,3,2,2,0,3,75.0,0,24,14,58.33,8,21,4,4,40,50.0,26,185,130,311,127.8,5,1,417,7,2,0,25000.0,1300000.0,M,33.0,Bosnia-Herzegovina
Filippo Melegoni,795056,Genoa,2713,italy,2122,975,25,10,6.73,1,0,1,,,12,10,29.41,90,2,13.33,149,82,221,71.75,5,20.0,20,0,0,0,,1,0,3,2,8,23,0,0,12,8,63,0,1,15,0,7.69,,15,12,3,1,0,,48,52.75,0,0,0,87,11,15,0,2,,0,0,0,0,0.0,0,0,0,0,174,17,0,0,1,0,0,0,0,0,0,975.0,0.0,1,4,9,3,7,8,50.0,0,20,12,60.0,15,29,16,34,53,45.69,15,241,101,308,154.7,13,0,528,20,1,0,1077.0,56000.0,M,22.0,Italy
Tommaso Augello,596736,Sampdoria,2711,italy,2122,2401,36,25,6.73,1,1,2,,,61,15,20.27,177,42,41.18,379,471,835,78.92,33,63.46,19,0,0,0,,3,0,2,4,55,36,0,0,13,12,77,1,0,12,0,14.29,,37,33,4,1,0,,80,57.97,0,0,0,223,29,17,1,1,,0,0,0,0,0.0,0,0,0,0,385,8,0,0,0,0,0,0,0,0,0,2401.0,0.0,0,4,3,3,2,23,52.27,0,36,20,55.56,17,124,44,74,113,59.47,102,558,574,1058,242.1,7,0,1686,21,0,0,8846.0,460000.0,D,27.0,Italy
Nicolas Haas,587126,Empoli,2705,italy,2122,1006,16,11,6.73,0,2,2,,,16,1,6.67,107,17,47.22,200,146,345,79.86,5,25.0,15,0,0,0,,1,0,2,1,16,16,0,0,8,22,69,0,1,18,0,0.0,,18,18,0,0,0,,48,47.06,0,0,0,87,9,13,0,1,,0,0,0,0,0.0,0,0,0,0,140,9,0,0,0,0,0,0,0,0,0,0.0,0.0,0,5,2,3,2,2,22.22,0,35,22,62.86,13,26,9,15,53,43.44,36,277,170,432,107.6,7,0,619,11,3,0,28462.0,1480000.0,M,26.0,Switzerland
Diego Coppola,1050692,Hellas Verona,2701,italy,2122,249,4,3,6.73,0,0,0,,,5,0,0.0,8,1,9.09,21,56,77,78.57,11,73.33,4,0,0,0,,0,0,0,0,5,4,0,0,1,0,7,0,0,2,0,0.0,,5,5,0,0,0,,9,75.0,0,0,0,21,4,0,0,0,,0,0,0,0,0.0,0,0,0,0,24,1,0,0,0,0,0,0,0,0,0,0.0,0.0,0,1,0,1,0,0,0.0,0,8,4,50.0,0,11,0,0,20,74.07,11,34,64,98,26.9,1,0,130,1,0,0,,,,,
Samu Castillejo,188405,Milan,2692,italy,2122,125,5,1,6.73,0,0,0,,,2,3,37.5,23,2,66.67,40,12,49,89.09,2,50.0,2,0,0,0,,0,0,1,0,1,4,0,0,3,7,15,0,0,2,0,0.0,,0,0,0,0,0,,6,31.58,0,0,0,6,2,2,0,0,,0,0,0,0,0.0,0,0,0,1,21,0,0,0,0,0,0,0,0,0,0,0.0,0.0,0,2,0,1,0,0,0.0,0,4,2,50.0,2,5,2,8,8,34.78,3,51,12,55,26.9,2,0,96,2,0,0,53462.0,2780000.0,F,27.0,Spain
Silvan Hefti,814214,Genoa,2713,italy,2122,1290,16,14,6.73,0,0,0,,,16,11,33.33,82,17,36.96,159,126,274,70.44,6,28.57,15,0,0,0,,1,0,1,4,28,16,0,0,14,26,82,0,1,13,0,0.0,,19,16,3,0,0,,70,51.09,0,0,0,115,20,10,0,0,,0,0,0,1,0.0,0,0,0,0,208,13,0,0,0,0,0,0,0,0,0,0.0,0.0,0,3,2,3,1,13,48.15,0,50,30,60.0,10,45,27,33,76,48.1,46,257,165,389,107.6,5,0,779,7,1,0,19808.0,1030000.0,D,24.0,Switzerland
Roberto Gagliardini,287057,Inter,2697,italy,2122,645,18,6,6.72,2,2,4,,,8,0,0.0,86,9,60.0,164,120,284,86.59,14,50.0,14,0,0,0,,3,1,0,0,5,18,0,0,7,12,59,0,0,24,0,25.0,,10,9,1,2,0,,31,40.79,0,0,1,44,9,6,0,0,,0,0,0,0,0.0,0,0,0,0,76,4,0,0,2,0,0,0,0,0,0,322.5,0.0,0,5,3,4,4,3,42.86,0,12,6,50.0,6,15,7,5,45,43.27,15,205,128,328,121.0,8,0,452,16,2,0,53462.0,2780000.0,M,27.0,Italy
Tolgay Arslan,71203,Udinese,2695,italy,2122,1677,30,22,6.72,1,1,2,,,18,5,15.15,159,23,52.27,320,211,526,81.8,6,40.0,9,0,0,0,,2,1,5,0,22,30,0,0,15,31,91,0,1,28,0,4.35,,20,19,1,1,0,,93,53.14,0,0,0,117,13,15,0,0,,0,0,0,0,0.0,0,0,0,1,201,10,0,0,1,0,0,0,0,0,0,1677.0,0.0,1,10,13,9,9,22,64.71,0,35,20,57.14,15,39,34,33,99,52.11,44,429,247,643,201.6,23,0,941,36,9,0,14808.0,770000.0,M,31.0,Germany
Edoardo Bove,986352,Roma,2702,italy,2122,75,11,0,6.72,1,0,1,,,0,1,50.0,7,2,66.67,21,8,28,84.85,0,0.0,3,0,0,0,,0,0,0,0,0,5,0,0,0,2,6,0,0,1,0,100.0,,0,0,0,1,0,,5,62.5,0,0,0,5,1,0,0,0,,0,0,0,0,0.0,0,0,0,0,10,0,0,0,1,0,0,0,0,0,0,75.0,0.0,0,1,0,0,1,1,100.0,0,1,1,100.0,0,0,1,2,5,45.45,3,25,10,33,33.6,1,0,48,3,0,0,0.0,0.0,M,19.0,Italy
Nicolò Casale,862697,Hellas Verona,2701,italy,2122,2607,36,30,6.72,0,2,2,,,26,4,26.67,143,54,46.15,360,575,931,81.17,69,53.08,61,0,0,0,,2,0,3,2,86,36,0,0,8,16,137,0,0,43,0,0.0,,40,35,5,0,0,,79,50.97,0,0,0,216,49,11,0,0,,0,0,0,0,0.0,0,0,0,0,278,4,0,0,0,0,0,0,0,0,0,0.0,0.0,0,8,2,7,0,9,47.37,0,46,30,65.22,11,62,19,15,148,51.93,117,495,667,1147,241.9,10,0,1557,24,10,0,0.0,0.0,D,23.0,Italy
Vlad Chiricheş,69295,Sassuolo,2793,italy,2122,2307,29,27,6.72,0,0,0,,,40,0,0.0,43,94,77.69,289,932,1221,91.32,34,39.08,53,0,0,0,,0,1,2,3,71,28,0,0,9,11,100,0,4,28,0,0.0,,43,41,2,0,0,,45,48.91,0,0,1,116,41,2,0,1,,0,0,0,3,0.0,0,0,0,0,143,4,0,0,0,0,0,0,0,0,0,0.0,0.0,0,6,3,5,2,4,66.67,0,28,15,53.57,2,52,6,0,79,44.13,121,344,993,1337,188.1,9,0,1603,13,4,0,28462.0,1480000.0,D,32.0,Romania
Marco Modolo,132661,Venezia,2688,italy,2122,390,6,4,6.72,0,0,0,,,5,0,0.0,4,11,44.0,16,114,130,81.25,9,56.25,7,0,0,0,,0,1,0,0,26,6,0,0,0,3,17,0,0,6,0,0.0,,6,6,0,0,0,,9,47.37,0,0,1,30,4,0,0,0,,0,0,0,0,0.0,0,0,0,0,33,0,0,0,0,0,0,0,0,0,0,0.0,0.0,0,1,0,0,1,0,0.0,0,6,3,50.0,0,12,1,0,18,51.43,25,29,131,160,40.3,1,0,215,3,2,0,10769.0,560000.0,D,32.0,Italy
Flavio Bianchi,928779,Genoa,2713,italy,2122,321,7,4,6.71,1,0,1,,,0,0,0.0,13,1,50.0,26,34,60,78.95,3,37.5,5,0,0,0,,0,0,2,0,0,7,0,0,6,2,18,0,0,5,0,10.0,,7,4,3,1,0,,9,40.91,0,0,0,16,0,3,1,0,,0,0,0,0,0.0,0,0,0,0,38,2,0,0,0,0,0,0,0,0,0,321.0,0.0,0,6,4,5,3,3,100.0,0,2,2,100.0,3,1,3,1,12,40.0,2,38,39,76,47.0,10,0,126,4,0,0,0.0,0.0,F,21.0,Italy
Andrea Schiavone,98075,Salernitana,2710,italy,2122,576,14,5,6.71,1,0,1,,,8,12,41.38,35,13,76.47,114,84,186,87.74,3,50.0,3,0,0,0,,0,0,0,0,11,14,0,0,1,13,28,0,0,10,0,50.0,,18,17,1,1,0,,20,44.44,0,0,0,26,8,11,0,0,,0,0,0,0,0.0,0,0,0,0,54,0,0,0,1,0,0,0,0,0,0,576.0,0.0,0,2,0,1,1,1,50.0,0,14,8,57.14,11,13,2,29,23,45.1,17,148,93,212,94.0,2,0,317,5,1,0,13846.0,720000.0,M,28.0,Italy
Roberto Pereyra,122701,Udinese,2695,italy,2122,1799,24,22,6.71,3,5,8,,,22,6,26.09,256,24,72.73,452,259,705,87.14,1,7.69,12,0,0,1,,6,4,11,2,9,24,0,0,27,16,113,0,0,33,0,10.0,,28,26,2,3,0,,73,41.95,0,0,0,104,12,25,0,1,,0,0,2,0,50.0,0,1,0,0,235,17,0,1,3,0,0,0,0,0,0,599.67,0.0,1,23,7,11,8,21,45.65,0,18,12,66.67,25,42,46,23,74,39.57,33,555,277,809,161.1,30,0,1138,34,8,1,24615.0,1280000.0,F,31.0,Argentina
Jonathan Ikoné,802142,Fiorentina,2693,italy,2122,648,17,7,6.71,1,1,2,,,5,2,22.22,83,7,70.0,154,72,224,85.5,3,27.27,8,0,0,0,,4,4,3,0,2,17,0,0,10,7,41,0,0,6,0,6.25,,11,10,1,1,0,,26,44.07,0,0,1,38,1,10,1,1,,0,0,0,0,0.0,0,0,0,0,97,11,0,0,0,0,0,0,0,0,0,648.0,0.0,0,11,5,7,6,13,56.52,0,7,3,42.86,10,6,23,9,29,41.43,10,195,76,262,114.1,16,0,397,6,1,0,41923.0,2180000.0,F,23.0,France
Riccardo Gagliolo,131716,Salernitana,2710,italy,2122,1155,17,12,6.71,0,1,1,,,26,4,26.67,59,30,45.45,162,217,375,80.13,14,56.0,11,0,0,0,,1,1,2,1,51,17,0,0,3,11,35,0,0,8,0,0.0,,25,23,2,0,0,,39,61.9,0,0,0,93,28,2,0,0,,0,0,0,0,0.0,0,0,0,0,129,2,0,0,0,0,0,0,0,0,0,0.0,0.0,0,5,3,5,1,4,66.67,0,23,12,52.17,2,48,6,15,53,60.23,66,226,257,468,114.1,8,0,681,12,2,0,0.0,0.0,D,31.0,Sweden
Kevin Lasagna,587962,Hellas Verona,2701,italy,2122,1179,28,11,6.71,2,4,6,,,10,5,50.0,85,10,76.92,130,47,172,66.93,31,38.75,49,0,0,0,,3,5,12,0,5,28,0,0,27,11,115,0,0,19,0,4.88,,25,23,2,1,1,,33,33.33,0,0,1,85,3,15,2,12,,0,0,0,0,0.0,0,0,0,1,187,11,0,0,0,0,0,0,0,0,0,589.5,0.0,0,27,14,13,16,10,52.63,0,13,7,53.85,15,14,19,10,64,35.75,13,199,68,257,187.9,41,0,491,10,1,0,25000.0,1300000.0,F,29.0,Italy
Lorenzo Venuti,357756,Fiorentina,2693,italy,2122,1577,23,20,6.71,0,0,0,,,29,4,13.79,163,52,65.0,342,465,803,88.83,9,52.94,8,0,0,0,,1,0,3,4,24,22,0,0,9,10,45,0,0,15,0,0.0,,21,20,1,0,0,,61,62.24,0,0,0,101,5,8,0,0,,1,0,0,0,0.0,0,0,0,0,169,5,0,0,0,0,0,0,0,0,0,0.0,0.0,0,1,6,3,1,4,57.14,0,25,10,40.0,8,58,7,29,70,60.87,80,426,507,904,147.6,7,0,1214,32,4,0,14231.0,740000.0,D,26.0,Italy
Kevin Agudelo,931290,Spezia,2735,italy,2122,1235,23,12,6.71,3,1,4,,,2,2,9.09,129,5,71.43,212,65,275,76.39,16,53.33,14,0,0,0,,1,1,6,0,5,23,0,1,37,13,122,0,0,36,0,14.29,,23,19,4,3,0,,95,46.8,0,0,0,85,8,10,2,0,,0,0,0,0,0.0,0,0,0,0,210,7,0,1,1,0,0,0,0,0,0,411.67,0.0,0,15,6,4,11,28,54.9,0,44,26,59.09,10,8,51,22,111,47.64,7,302,80,360,154.3,21,0,675,24,2,0,14231.0,740000.0,F,23.0,Colombia
Vid Belec,106713,Salernitana,2710,italy,2122,1936,23,21,6.71,0,0,0,,,18,0,0.0,27,163,44.66,134,160,294,59.04,2,100.0,0,0,0,0,,0,0,0,1,15,23,0,0,0,0,1,1,0,1,0,0.0,,49,43,6,0,0,0.1,0,0.0,0,11,0,204,0,0,0,0,,0,0,0,1,0.0,5,0,1,0,209,0,6,0,0,3,48,40,88,0,17,0.0,0.0,0,0,0,0,0,0,0.0,3,0,0,0.0,0,40,0,0,2,66.67,365,302,196,498,154.3,0,0,700,1,1,0,15962.0,830000.0,K,31.0,Slovenia
Bartosz Bereszyński,109461,Sampdoria,2711,italy,2122,2956,35,35,6.71,0,3,3,,,41,13,21.67,237,49,37.4,506,541,1034,79.05,45,69.23,20,0,0,0,,4,1,3,6,52,35,0,0,17,43,132,0,1,34,0,0.0,,51,46,5,0,0,,128,53.33,0,0,1,274,42,22,0,0,,0,1,0,0,0.0,0,0,0,0,436,12,0,0,0,0,0,0,0,0,0,0.0,0.0,0,5,1,3,0,27,57.45,0,64,38,59.38,21,119,47,60,173,56.72,131,725,643,1308,234.8,6,1,2053,37,12,0,15962.0,830000.0,D,29.0,Poland
Nadiem Amiri,327755,Genoa,2713,italy,2122,690,13,9,6.71,0,1,1,,,4,6,30.0,85,4,28.57,147,73,214,78.1,3,30.0,7,0,0,0,,3,1,5,0,0,13,0,0,13,7,51,0,0,7,0,0.0,,10,8,2,0,0,,37,45.68,0,0,0,60,0,20,0,1,,0,0,0,0,0.0,0,0,0,0,141,12,0,0,0,0,0,0,0,0,0,0.0,0.0,1,4,12,5,6,12,41.38,0,6,4,66.67,20,16,29,20,40,43.96,14,207,87,274,87.2,16,0,446,19,0,0,36923.0,1920000.0,F,25.0,Germany
Raoul Bellanova,826185,Cagliari,2719,italy,2122,2498,31,27,6.71,1,2,3,,,26,30,31.25,143,33,44.59,299,296,565,75.84,15,36.59,26,0,0,0,,5,2,9,2,41,31,0,0,22,21,112,0,0,10,0,4.35,,49,41,8,1,0,,103,54.5,0,0,2,180,21,32,0,2,,0,0,0,1,0.0,0,0,0,0,367,14,0,0,1,0,0,0,0,0,0,2498.0,0.0,0,20,3,9,5,39,53.42,0,29,15,51.72,32,60,73,96,118,51.3,74,484,357,745,207.9,23,0,1328,35,3,0,1154.0,60000.0,D,21.0,Italy
Emanuel Vignato,862373,Bologna,2685,italy,2122,591,24,3,6.7,0,1,1,,,16,3,25.0,124,17,73.91,222,103,322,85.87,6,60.0,4,0,0,0,,2,0,3,0,4,22,0,0,9,7,27,0,0,5,0,0.0,,13,12,1,0,0,,27,54.0,0,0,0,53,2,12,0,0,,0,0,0,0,0.0,0,0,0,0,86,6,0,0,0,0,0,0,0,0,0,0.0,0.0,0,2,3,1,1,12,85.71,0,12,7,58.33,12,25,14,12,33,55.0,23,270,117,375,147.5,5,0,481,3,2,0,10769.0,560000.0,F,21.0,Italy
Federico Di Francesco,320979,Empoli,2705,italy,2122,1376,26,17,6.7,5,0,5,,,16,3,7.89,134,14,46.67,196,52,245,71.64,2,10.53,17,0,0,0,,1,0,10,0,9,26,0,0,31,14,111,0,0,29,0,19.23,,26,24,2,5,0,,56,37.33,0,0,2,97,9,14,0,13,,0,0,0,0,0.0,0,0,0,1,229,5,0,0,5,0,0,0,0,0,0,275.2,0.0,0,18,8,8,8,13,37.14,0,16,5,31.25,14,38,35,38,58,34.32,30,320,60,342,174.2,26,1,621,27,2,0,25000.0,1300000.0,F,27.0,Italy
Nicolò Zaniolo,864898,Roma,2702,italy,2122,1985,28,23,6.7,2,2,4,,,21,11,16.42,151,30,78.95,254,99,342,76.85,20,46.51,23,0,0,0,,4,8,27,3,5,28,0,1,53,22,200,0,0,52,0,2.86,,24,17,7,2,0,,142,44.51,0,0,2,103,7,28,2,10,,0,0,0,0,0.0,0,0,0,3,384,9,0,2,0,0,0,0,0,0,0,992.5,0.0,0,41,29,23,20,56,49.12,0,24,15,62.5,28,35,114,67,162,44.75,38,395,117,445,187.6,70,0,1055,63,10,1,89038.0,4630000.0,F,22.0,Italy
Aleš Matějů,280613,Venezia,2688,italy,2122,730,9,9,6.7,0,1,1,,,19,6,28.57,47,9,56.25,99,84,177,75.64,11,68.75,5,0,0,0,,2,0,0,1,12,9,0,0,4,16,35,0,0,13,0,0.0,,15,15,0,0,0,,29,49.15,0,0,0,57,9,7,0,1,,0,0,0,0,0.0,0,0,0,0,87,4,0,0,0,0,0,0,0,0,0,0.0,0.0,0,2,0,0,2,5,100.0,0,16,12,75.0,7,33,5,21,40,53.33,16,149,106,234,60.3,2,0,387,8,3,0,,,,,
Axel Tuanzebe,817979,Napoli,2714,italy,2122,10,1,0,6.7,0,0,0,,,0,0,0.0,0,0,0.0,2,2,4,100.0,0,0.0,1,0,0,0,,0,0,0,0,0,1,0,0,0,0,1,0,0,0,0,0.0,,0,0,0,0,0,,0,0.0,0,0,0,0,0,0,0,0,,0,0,0,0,0.0,0,0,0,0,0,0,0,0,0,0,0,0,0,0,0,0.0,0.0,0,0,0,0,0,0,0.0,0,0,0,0.0,0,0,0,0,0,0.0,0,2,2,4,6.7,0,0,5,0,0,0,60000.0,3120000.0,D,24.0,England
Ebrima Darboe,1002902,Roma,2702,italy,2122,64,1,1,6.7,0,0,0,,,1,0,0.0,9,2,100.0,19,19,38,95.0,0,0.0,0,0,0,0,,0,0,0,0,0,1,0,0,0,0,1,0,1,1,0,0.0,,0,0,0,0,0,,1,50.0,0,0,0,2,1,0,0,0,,0,0,0,0,0.0,0,0,0,0,3,0,0,0,0,0,0,0,0,0,0,0.0,0.0,0,1,0,1,0,0,0.0,0,1,1,100.0,0,1,0,0,1,50.0,2,20,20,40,6.7,1,0,45,0,0,0,15962.0,830000.0,M,20.0,The Gambia
Niklas Pyyhtiä,1000018,Bologna,2685,italy,2122,18,1,0,6.7,0,0,0,,,1,0,0.0,6,0,0.0,14,6,20,83.33,0,0.0,1,0,0,0,,0,0,0,0,0,1,0,0,0,1,2,0,0,0,0,0.0,,0,0,0,0,0,,1,50.0,0,0,0,4,0,0,0,0,,0,0,0,0,0.0,0,0,0,0,5,0,0,0,0,0,0,0,0,0,0,0.0,0.0,0,0,0,0,0,1,100.0,0,0,0,0.0,0,3,1,0,1,33.33,1,18,6,24,6.7,0,0,27,0,0,0,,,,,
Hilmir Rafn Mikaelsson,1050349,Venezia,2688,italy,2122,17,1,0,6.7,0,0,0,,,0,0,0.0,1,0,0.0,1,1,2,66.67,1,33.33,2,0,0,0,,0,0,0,0,0,1,0,0,0,0,2,0,0,0,0,0.0,,0,0,0,0,0,,2,100.0,0,0,0,1,0,0,0,0,,0,0,0,0,0.0,0,0,0,0,1,0,0,0,0,0,0,0,0,0,0,0.0,0.0,0,0,0,0,0,0,0.0,0,2,0,0.0,0,0,0,0,3,60.0,0,2,1,3,6.7,0,0,6,0,0,0,,,,,
Ben Lhassine Kone,915280,Torino,2696,italy,2122,81,1,0,6.7,0,0,0,,,2,0,0.0,4,2,66.67,12,17,29,78.38,1,100.0,0,0,0,0,,0,0,0,0,1,1,0,0,0,1,2,0,0,1,0,0.0,,1,1,0,0,0,,3,60.0,0,0,0,8,1,2,0,0,,0,0,0,1,0.0,0,0,0,0,9,0,0,0,0,0,0,0,0,0,0,0.0,0.0,0,0,0,0,0,0,0.0,0,3,3,100.0,2,2,0,0,4,66.67,3,15,22,37,6.7,0,0,43,0,0,0,5385.0,280000.0,F,21.0,Cote d'Ivoire
Alassane Sidibe,997143,Atalanta,2686,italy,2122,9,1,0,6.7,0,0,0,,,0,0,0.0,0,0,0.0,0,1,1,50.0,0,0.0,0,0,0,0,,0,0,0,0,0,1,0,0,0,0,0,0,0,0,0,0.0,,0,0,0,0,0,,1,100.0,0,0,0,1,0,0,0,0,,0,0,0,0,0.0,0,0,0,0,1,0,0,0,0,0,0,0,0,0,0,0.0,0.0,0,0,0,0,0,0,0.0,0,1,1,100.0,0,0,0,0,1,100.0,1,1,1,2,6.7,0,0,4,0,0,0,,,,,
Mert Çetin,858148,Hellas Verona,2701,italy,2122,46,2,0,6.7,0,0,0,,,0,0,0.0,2,1,50.0,9,4,13,61.9,2,50.0,2,0,0,0,,0,0,0,0,2,1,0,0,1,0,4,0,0,0,0,0.0,,0,0,0,0,0,,3,60.0,0,0,0,8,0,0,0,0,,0,0,0,0,0.0,0,0,0,0,14,0,0,0,0,0,0,0,0,0,0,0.0,0.0,0,0,0,0,0,1,50.0,0,1,0,0.0,0,0,2,1,5,55.56,2,17,5,21,6.7,0,0,45,1,0,0,6154.0,320000.0,D,24.0,Turkey
Denso Kasius,1008111,Bologna,2685,italy,2122,187,7,1,6.7,0,0,0,,,0,1,14.29,19,1,20.0,43,45,87,83.65,3,50.0,3,0,0,0,,1,0,1,0,4,7,0,0,0,3,12,0,0,1,0,0.0,,3,3,0,0,0,,16,64.0,0,0,0,17,3,5,0,0,,0,0,0,0,0.0,0,0,0,0,34,1,0,0,0,0,0,0,0,0,0,0.0,0.0,0,0,2,0,1,3,37.5,0,9,7,77.78,5,2,8,7,19,61.29,5,60,51,104,46.9,2,0,172,4,0,0,9808.0,510000.0,D,19.0,Netherlands
Michel Aebischer,850891,Bologna,2685,italy,2122,440,12,4,6.7,0,0,0,,,2,2,28.57,48,6,54.55,96,109,203,88.26,5,55.56,4,0,0,0,,0,0,0,2,3,12,0,0,5,5,29,0,0,13,0,0.0,,2,2,0,0,0,,19,43.18,0,0,0,27,6,6,0,0,,0,0,0,0,0.0,0,0,0,0,51,2,0,0,0,0,0,0,0,0,0,0.0,0.0,0,1,1,0,2,1,25.0,0,14,5,35.71,6,5,4,7,24,45.28,11,119,118,230,80.4,2,0,306,4,1,0,12308.0,640000.0,M,25.0,Switzerland
Dimitrios Nikolaou,788185,Spezia,2735,italy,2122,3240,36,36,6.7,0,0,0,,,95,1,14.29,122,134,45.12,425,923,1347,81.79,39,43.82,50,0,0,0,,0,0,2,7,128,36,0,0,10,12,106,1,0,31,0,0.0,,64,51,13,0,0,,76,57.58,0,0,0,300,49,2,0,0,,1,0,0,1,0.0,0,0,0,0,358,4,0,0,0,0,0,0,0,0,0,0.0,0.0,0,1,2,1,0,17,80.95,0,39,26,66.67,2,209,21,7,115,52.04,297,612,1042,1647,241.2,3,2,2080,20,7,0,32115.0,1670000.0,D,23.0,Greece
Adama Soumaoro,158573,Bologna,2685,italy,2122,2267,28,26,6.7,0,0,0,,,22,0,0.0,82,32,61.54,303,615,918,89.21,46,74.19,16,0,0,0,,0,3,1,10,92,28,0,2,5,5,52,0,0,24,0,0.0,,26,23,3,0,0,,38,51.35,0,0,0,111,33,1,0,1,,1,0,0,1,0.0,0,0,0,0,134,4,0,2,0,0,0,0,0,0,0,0.0,0.0,0,8,0,5,2,8,80.0,0,15,5,33.33,1,36,10,2,84,61.76,52,366,665,1029,187.5,8,0,1294,16,6,0,26731.0,1390000.0,D,29.0,France
Matías Viña,875295,Roma,2702,italy,2122,1570,26,18,6.7,0,1,1,,,21,8,22.86,118,27,36.99,253,274,519,79.12,17,44.74,21,0,0,0,,1,0,4,3,27,26,0,0,6,30,79,0,0,9,0,0.0,,24,19,5,0,0,,80,57.97,0,0,0,137,25,11,0,2,,0,0,0,0,0.0,0,0,0,0,233,4,0,0,0,0,0,0,0,0,0,0.0,0.0,0,9,3,5,3,14,48.28,0,46,30,65.22,11,45,29,35,97,55.11,73,358,333,656,174.1,12,0,1108,20,2,0,29615.0,1540000.0,D,24.0,Uruguay
Leo Štulac,142860,Empoli,2705,italy,2122,829,23,8,6.7,2,2,4,,,31,4,16.0,70,25,47.17,157,220,373,83.26,5,45.45,6,0,0,0,,0,0,4,0,13,23,0,0,4,12,30,0,0,7,0,22.22,,21,19,2,0,2,,31,56.36,0,0,0,75,8,11,0,0,,0,1,0,0,0.0,0,0,0,0,116,9,0,0,2,0,0,0,0,0,0,414.5,0.0,2,0,9,2,3,3,75.0,0,13,6,46.15,10,63,4,25,36,54.55,53,236,237,448,154.0,9,0,577,15,1,0,30962.0,1610000.0,M,27.0,Slovenia
Nikola Kalinić,31273,Hellas Verona,2701,italy,2122,414,14,4,6.69,4,1,5,,,2,0,0.0,43,0,0.0,64,21,85,85.0,3,30.0,7,0,0,0,,2,2,3,0,2,14,0,0,21,1,46,0,0,15,0,30.77,,9,8,1,4,0,,13,25.0,2,0,2,15,0,6,0,2,,0,0,0,0,0.0,0,0,0,1,62,0,0,1,2,0,0,0,0,0,0,103.5,0.0,0,13,0,6,4,2,50.0,0,2,0,0.0,6,3,4,1,16,25.81,0,80,21,100,93.7,13,1,187,9,3,1,53462.0,2780000.0,F,34.0,Croatia
Denis Zakaria,770677,Juventus,2687,italy,2122,596,9,6,6.69,1,1,2,,,4,0,0.0,39,6,60.0,77,52,129,79.63,2,20.0,8,0,0,0,,0,2,2,0,6,9,0,0,7,8,37,0,0,11,0,11.11,,7,6,1,1,0,,17,36.96,0,0,1,33,11,3,0,0,,0,0,0,0,0.0,0,0,0,0,60,0,0,0,1,0,0,0,0,0,0,596.0,0.0,0,5,4,3,4,2,40.0,0,11,7,63.64,3,7,5,5,19,33.93,10,105,62,162,60.2,9,0,258,4,1,0,74038.0,3850000.0,M,25.0,Switzerland
Arkadiusz Reca,580638,Spezia,2735,italy,2122,1784,25,22,6.69,0,2,2,,,24,11,29.73,114,36,40.0,241,250,480,72.95,18,39.13,28,0,0,0,,4,1,2,4,42,25,0,0,8,10,79,0,2,23,0,0.0,,31,23,8,0,0,,56,52.34,0,0,0,178,32,13,0,0,,0,0,0,1,0.0,0,0,0,0,316,3,0,0,0,0,0,0,0,0,0,0.0,0.0,0,4,4,2,4,12,52.17,0,31,19,61.29,13,57,23,37,74,48.37,90,369,326,658,167.2,8,0,1148,13,3,0,22115.0,1150000.0,D,26.0,Poland
Adam Marušić,267619,Lazio,2699,italy,2122,2720,33,30,6.69,1,1,2,,,42,3,10.34,264,50,55.56,643,835,1475,89.45,34,60.71,22,0,0,0,,0,0,1,6,58,33,0,0,16,19,90,0,0,26,0,12.5,,41,32,9,1,0,,56,45.16,0,0,1,174,41,8,0,0,,0,0,0,0,0.0,0,0,0,0,288,3,0,1,1,0,0,0,0,0,0,2720.0,0.0,0,2,6,4,3,14,56.0,0,30,18,60.0,8,86,25,29,90,50.0,90,770,908,1649,220.7,8,0,2186,13,4,1,64038.0,3330000.0,D,29.0,Montenegro
Cristian Molinaro,11658,Venezia,2688,italy,2122,554,8,6,6.69,0,1,1,,,15,4,25.0,42,18,40.0,96,100,192,75.89,4,66.67,2,0,0,0,,0,0,0,0,19,8,0,0,3,2,16,0,0,7,0,0.0,,13,10,3,0,0,,25,64.1,0,0,0,61,6,5,0,1,,0,0,0,0,0.0,0,0,0,0,94,2,0,0,0,0,0,0,0,0,0,0.0,0.0,0,0,0,0,0,5,71.43,0,12,9,75.0,5,36,7,16,29,64.44,45,148,121,253,53.5,0,0,404,8,0,0,9615.0,500000.0,D,38.0,Italy
Ainsley Maitland-Niles,352768,Roma,2702,italy,2122,491,8,7,6.69,0,0,0,,,8,4,16.0,47,13,54.17,87,100,183,78.54,8,88.89,1,0,0,0,,0,0,1,0,3,8,0,0,3,9,22,0,0,6,0,0.0,,8,7,1,0,0,,15,41.67,0,0,0,50,6,5,0,1,,0,0,0,0,0.0,0,0,0,0,92,5,0,0,0,0,0,0,0,0,0,0.0,0.0,0,2,1,0,2,6,60.0,0,8,6,75.0,5,20,10,25,23,51.11,24,139,119,233,53.5,3,0,388,1,0,0,29615.0,1540000.0,M,24.0,England
Martín Cáceres,28186,Cagliari,2719,italy,2122,833,14,9,6.69,1,1,2,,,32,1,7.69,56,38,48.1,124,147,270,72.39,5,50.0,5,0,0,0,,2,0,2,1,17,14,0,1,2,8,22,0,0,7,0,14.29,,17,15,2,0,1,,23,57.5,0,0,0,103,14,5,0,0,,0,0,0,0,0.0,0,0,0,0,150,2,0,1,1,0,0,0,0,0,0,833.0,0.0,0,4,3,4,1,1,100.0,0,13,7,53.85,5,71,1,13,28,56.0,79,209,177,373,93.6,7,0,554,9,3,0,,,,,
Matías Vecino,158615,Inter,2697,italy,2122,374,17,2,6.69,1,0,1,,,4,1,20.0,54,5,33.33,89,61,149,75.63,17,58.62,12,0,0,0,,3,1,3,0,6,14,0,0,5,6,34,0,0,9,0,14.29,,4,4,0,1,0,,11,33.33,0,0,0,48,4,6,0,0,,0,1,0,0,0.0,0,0,0,0,62,3,0,0,1,0,0,0,0,0,0,374.0,0.0,0,6,1,2,2,1,33.33,0,7,5,71.43,5,12,3,5,28,45.16,15,125,77,197,93.6,7,0,261,3,2,0,89038.0,4630000.0,M,30.0,Uruguay
Sebastian Walukiewicz,886243,Cagliari,2719,italy,2122,302,7,4,6.69,0,0,0,,,7,0,0.0,15,7,41.18,41,108,149,89.22,2,66.67,1,0,0,0,,0,1,0,0,14,7,0,0,0,2,9,0,0,4,0,0.0,,8,6,2,0,0,,18,69.23,0,0,0,18,7,1,0,0,,0,0,0,0,0.0,0,0,0,0,25,0,0,0,0,0,0,0,0,0,0,0.0,0.0,0,1,0,1,0,6,75.0,0,9,5,55.56,1,13,8,1,20,68.97,17,50,118,167,46.8,1,0,225,3,1,0,7308.0,380000.0,D,21.0,Poland
Eldor Shomurodov,791355,Roma,2702,italy,2122,776,28,5,6.69,3,4,7,,,2,2,18.18,76,1,50.0,107,43,148,70.81,22,40.0,33,0,0,0,,5,5,8,0,5,27,0,0,16,9,82,0,0,16,0,9.68,,14,12,2,3,0,,14,22.22,0,0,0,61,2,20,0,4,,0,0,0,0,0.0,0,0,0,0,123,4,0,0,3,0,0,0,0,0,0,258.67,0.0,0,28,3,11,12,3,25.0,0,5,4,80.0,20,5,12,11,36,30.51,2,168,52,209,180.5,31,1,365,6,2,0,36923.0,1920000.0,F,26.0,Uzbekistan
Nehuén Pérez,913401,Udinese,2695,italy,2122,1695,20,19,6.69,0,1,1,,,39,0,0.0,74,50,43.86,188,328,516,77.83,30,45.45,36,0,0,0,,1,1,3,2,43,20,0,0,4,9,87,0,0,30,0,0.0,,32,31,1,0,0,,58,53.21,0,0,0,147,21,6,0,0,,0,0,0,1,0.0,0,0,0,0,208,1,0,0,0,0,0,0,0,0,0,0.0,0.0,0,10,0,6,1,7,46.67,0,44,21,47.73,6,89,15,2,88,50.29,114,276,389,663,133.7,10,0,999,9,6,0,15962.0,830000.0,D,21.0,Argentina
Lorenzo De Silvestri,14718,Bologna,2685,italy,2122,2298,31,27,6.68,3,2,5,,,61,12,21.05,190,42,37.84,417,381,786,73.25,76,62.3,46,0,0,0,,2,2,2,5,46,31,0,0,17,22,123,0,0,28,0,18.75,,44,37,7,3,0,,56,42.11,2,0,0,287,26,21,0,3,,0,0,0,0,0.0,0,0,0,1,427,9,0,0,1,0,0,0,0,0,0,766.0,0.0,0,15,1,7,7,6,33.33,0,23,14,60.87,21,132,18,57,132,51.76,111,653,477,1073,207.2,16,1,1650,28,7,0,32115.0,1670000.0,D,33.0,Italy
Federico Santander,46972,Bologna,2685,italy,2122,73,7,0,6.68,1,0,1,,,0,0,0.0,7,1,100.0,12,5,17,60.71,8,53.33,7,0,0,0,,0,0,0,0,0,6,0,0,3,0,14,0,0,2,0,50.0,,2,0,2,1,0,,7,50.0,0,0,0,11,0,1,0,0,,0,0,0,0,0.0,0,0,0,0,18,1,0,0,1,0,0,0,0,0,0,73.0,0.0,0,1,1,1,1,0,0.0,0,2,1,50.0,1,0,2,1,15,51.72,1,23,6,28,40.1,2,0,46,5,1,0,35577.0,1850000.0,F,30.0,Paraguay
Youssef Maleh,849274,Fiorentina,2693,italy,2122,1026,28,11,6.68,2,3,5,,,15,6,33.33,112,12,54.55,204,125,323,82.19,12,57.14,9,0,0,0,,1,2,8,1,0,27,0,0,8,13,71,0,0,43,0,9.52,,17,14,3,2,0,,49,44.14,1,0,0,70,6,14,1,0,,0,0,0,0,0.0,0,0,0,0,128,5,0,0,0,0,0,0,0,0,0,513.0,0.0,0,13,8,8,5,4,50.0,0,27,16,59.26,14,34,8,18,61,46.21,22,269,142,393,180.4,21,0,577,19,5,0,25000.0,1300000.0,M,23.0,Morocco
Manuel Lazzari,273405,Lazio,2699,italy,2122,1663,31,16,6.68,3,3,6,,,13,10,17.86,161,14,51.85,370,340,700,87.72,4,16.67,20,0,0,0,,3,1,4,1,15,31,0,0,6,10,82,0,1,18,0,25.0,,30,27,3,2,1,,101,61.96,0,0,0,98,12,13,1,4,,0,0,0,0,0.0,0,0,0,0,222,4,0,0,2,0,0,0,0,0,0,554.33,0.0,0,5,7,2,6,29,50.0,0,28,14,50.0,13,22,58,56,105,56.15,27,475,379,798,207.1,12,2,1263,44,3,0,53462.0,2780000.0,M,28.0,Italy
Kelvin Amian,802143,Spezia,2735,italy,2122,2650,32,31,6.68,1,1,2,,,24,3,12.5,149,27,34.18,298,366,661,77.22,41,57.75,30,0,0,0,,1,3,7,7,64,32,0,1,20,11,110,0,0,36,0,3.85,,56,44,12,1,0,,103,56.28,1,0,0,195,32,12,0,1,,0,0,0,0,0.0,0,0,0,0,308,6,0,2,0,0,0,0,0,0,0,2650.0,0.0,0,18,8,10,9,23,62.16,0,66,42,63.64,12,58,37,24,144,56.69,79,431,449,856,213.7,26,0,1526,14,7,1,13654.0,710000.0,D,23.0,France
Filippo Bandinelli,812332,Empoli,2705,italy,2122,1963,35,24,6.68,2,3,5,,,24,20,29.41,184,27,39.13,318,206,504,78.26,12,27.91,31,0,0,0,,7,1,7,0,34,35,0,0,25,16,142,1,1,53,0,5.71,,43,39,4,2,0,,68,37.99,0,0,1,140,10,32,1,5,,0,0,0,1,0.0,0,0,0,0,287,16,0,0,1,0,0,0,0,0,0,981.5,0.0,0,16,19,16,12,17,43.59,0,33,20,60.61,32,60,39,68,80,36.04,69,469,243,644,233.7,35,1,1043,18,10,0,21346.0,1110000.0,M,26.0,Italy
Kristoffer Askildsen,954855,Sampdoria,2711,italy,2122,755,19,7,6.68,0,0,0,,,6,0,0.0,47,8,32.0,76,69,145,66.21,21,67.74,10,0,0,0,,0,0,2,0,14,17,0,0,5,10,43,0,0,17,0,0.0,,11,10,1,0,0,,36,52.17,0,0,1,74,15,2,0,0,,1,0,0,0,0.0,0,0,0,0,94,7,0,0,0,0,0,0,0,0,0,0.0,0.0,0,3,4,5,0,4,80.0,0,18,6,33.33,2,22,5,2,57,57.0,25,133,88,219,113.5,7,0,347,14,5,0,2500.0,130000.0,M,21.0,Norway
Francesco Forte,133792,Venezia,2688,italy,2122,410,12,4,6.68,1,0,1,,,0,0,0.0,19,0,0.0,29,23,52,71.23,18,52.94,16,0,0,0,,1,1,3,0,2,12,0,0,2,3,30,0,0,11,0,9.09,,9,8,1,1,0,,11,44.0,1,0,1,21,0,4,0,2,,0,0,0,0,0.0,0,0,0,0,39,2,0,0,0,0,0,0,0,0,0,410.0,0.0,0,11,0,6,2,1,100.0,0,3,2,66.67,4,2,1,2,29,49.15,0,45,30,73,80.1,11,0,128,7,3,0,15577.0,810000.0,F,28.0,Italy
Amadou Diawara,788895,Roma,2702,italy,2122,171,4,2,6.68,0,0,0,,,1,0,0.0,5,3,30.0,22,33,55,78.57,1,100.0,0,0,0,0,,0,0,0,1,1,4,0,0,0,2,7,0,0,5,0,0.0,,1,0,1,0,0,,8,53.33,0,0,0,15,0,1,0,0,,0,0,0,0,0.0,0,0,0,0,15,0,0,0,0,0,0,0,0,0,0,0.0,0.0,0,0,1,1,0,1,100.0,0,7,2,28.57,1,2,1,0,9,56.25,10,29,41,70,26.7,1,0,84,0,0,0,89038.0,4630000.0,M,24.0,Guinea
Abdoulaye Touré,149732,Genoa,2713,italy,2122,434,8,6,6.67,0,0,0,,,2,0,0.0,24,2,50.0,64,66,130,77.38,6,60.0,4,0,0,0,,0,0,1,0,6,7,0,0,4,6,20,0,0,3,0,0.0,,9,8,1,0,0,,26,61.9,0,0,0,38,4,1,0,0,,0,0,0,0,0.0,0,0,0,0,54,0,0,0,0,0,0,0,0,0,0,0.0,0.0,0,2,2,3,0,6,66.67,0,12,4,33.33,1,5,9,3,32,61.54,4,96,75,168,46.7,4,0,248,9,1,0,29615.0,1540000.0,M,27.0,France
Lassana Coulibaly,804621,Salernitana,2710,italy,2122,2338,31,29,6.67,0,0,0,,,23,2,15.38,181,27,50.94,410,264,672,82.66,22,47.83,24,0,0,0,,0,1,5,0,25,31,0,0,20,38,142,0,0,34,0,0.0,,55,48,7,0,0,,142,54.62,0,0,0,141,22,10,0,0,,0,0,0,0,0.0,0,0,0,0,247,11,0,0,0,0,0,0,0,0,0,0.0,0.0,0,3,19,10,7,35,54.69,0,58,32,55.17,10,42,64,13,164,53.59,53,524,302,813,206.8,22,0,1246,49,3,0,9808.0,510000.0,M,25.0,Mali
Tomás Rincón,46798,Sampdoria,2711,italy,2122,1338,24,14,6.67,0,0,0,,,36,0,0.0,112,42,67.74,279,272,551,84.25,17,51.52,16,0,0,0,,0,0,0,0,14,24,0,0,13,24,83,0,0,27,0,0.0,,23,22,1,0,0,,76,53.15,0,0,0,103,20,6,0,0,,0,0,0,0,0.0,0,0,0,0,143,8,0,0,0,0,0,0,0,0,0,0.0,0.0,0,2,0,1,1,19,86.36,0,24,15,62.5,6,66,22,6,93,52.84,62,356,304,654,160.1,2,0,852,33,5,0,49808.0,2590000.0,M,34.0,Venezuela
Elseid Hysaj,136322,Lazio,2699,italy,2122,2032,29,24,6.67,1,0,1,,,40,8,30.77,209,36,43.9,507,586,1085,87.36,18,42.86,24,0,0,0,,1,0,0,3,26,29,0,0,9,16,82,0,1,16,0,25.0,,40,31,9,1,0,,79,57.66,0,0,0,157,24,12,0,2,,0,0,0,1,0.0,0,0,0,0,238,7,0,0,1,0,0,0,0,0,0,2032.0,0.0,0,2,2,2,2,16,48.48,0,46,30,65.22,12,78,33,26,97,54.19,82,618,650,1242,193.4,4,1,1657,18,3,0,78269.0,4070000.0,D,28.0,Albania
Kévin Malcuit,115666,Napoli,2714,italy,2122,299,8,2,6.67,0,1,1,,,4,1,8.33,21,7,43.75,42,47,88,73.33,4,44.44,5,0,0,0,,1,0,0,1,6,6,0,0,2,0,18,0,0,8,0,0.0,,7,5,2,0,0,,12,48.0,0,0,0,32,8,2,0,0,,0,0,0,0,0.0,0,0,0,0,57,1,0,0,0,0,0,0,0,0,0,0.0,0.0,0,1,0,1,0,3,50.0,0,4,2,50.0,2,9,6,12,16,47.06,16,71,61,120,40.0,1,0,204,5,3,0,28462.0,1480000.0,D,30.0,France
Aleksa Terzić,876860,Fiorentina,2693,italy,2122,275,14,1,6.67,0,1,1,,,5,8,40.0,29,12,63.16,66,107,165,85.05,9,69.23,4,0,0,0,,1,0,0,0,4,12,0,0,3,3,14,0,0,4,0,0.0,,3,2,1,0,0,,11,52.38,0,0,0,29,4,5,0,0,,0,0,0,0,0.0,0,0,0,0,55,0,0,0,0,0,0,0,0,0,0,0.0,0.0,0,0,0,0,0,1,50.0,0,8,5,62.5,5,10,2,20,20,58.82,19,90,124,194,80.0,0,1,285,2,1,0,7308.0,380000.0,D,22.0,Serbia
Adam Obert,964153,Cagliari,2719,italy,2122,273,6,3,6.67,0,0,0,,,4,1,50.0,8,7,33.33,20,44,63,64.95,3,30.0,7,0,0,0,,0,0,0,0,11,6,0,0,4,1,20,0,0,6,0,0.0,,3,3,0,0,0,,12,48.0,0,0,0,34,4,0,0,0,,0,0,0,0,0.0,0,0,0,0,48,1,0,0,0,0,0,0,0,0,0,0.0,0.0,0,0,0,0,0,4,66.67,0,8,5,62.5,0,20,6,2,15,42.86,21,36,63,97,40.0,0,0,153,0,0,0,0.0,0.0,D,19.0,Slovakia
Kaio Jorge,954888,Juventus,2687,italy,2122,137,9,0,6.67,0,0,0,,,1,0,0.0,10,2,100.0,18,11,29,76.32,0,0.0,4,0,0,0,,1,0,2,0,2,6,0,0,2,2,11,0,0,4,0,0.0,,2,1,1,0,0,,8,53.33,0,0,0,9,0,2,0,2,,0,0,0,0,0.0,0,0,0,0,16,1,0,0,0,0,0,0,0,0,0,0.0,0.0,0,4,1,2,1,1,100.0,0,2,1,50.0,2,2,1,1,8,42.11,2,23,16,38,40.0,5,0,63,5,0,0,29615.0,1540000.0,F,20.0,Brazil
Stefano Sensi,294313,Sampdoria,2711,italy,2122,929,20,11,6.67,1,0,1,,,16,2,25.0,123,23,63.89,257,173,428,84.25,10,62.5,6,0,0,0,,0,2,3,1,5,20,0,0,20,15,75,0,0,22,0,7.69,,13,13,0,1,0,,67,49.26,0,0,0,80,6,13,1,1,,0,0,0,0,0.0,0,0,0,0,145,10,0,0,0,0,0,0,0,0,0,929.0,0.0,0,8,5,6,4,16,55.17,0,22,12,54.55,13,25,29,8,77,50.66,36,325,191,508,133.3,13,1,701,29,1,0,71154.0,3700000.0,M,26.0,Italy
Emmanuel Gyasi,541578,Spezia,2735,italy,2122,3044,36,35,6.66,6,0,6,,,6,3,13.04,221,16,66.67,436,317,750,83.61,33,32.67,68,0,0,0,,2,5,12,5,39,36,0,0,52,20,204,0,1,48,0,15.79,,58,49,9,5,1,,131,49.06,0,0,1,147,16,22,0,21,,1,0,0,1,0.0,0,0,0,0,332,10,0,0,5,0,0,0,0,0,0,507.33,0.0,0,29,9,13,13,33,60.0,0,47,30,63.83,22,10,55,23,164,44.57,24,549,371,897,239.9,38,0,1411,51,10,0,25000.0,1300000.0,F,28.0,Ghana
Jean-Pierre Nsame,231614,Venezia,2688,italy,2122,240,11,1,6.66,0,1,1,,,0,0,0.0,15,1,50.0,34,6,40,62.5,16,51.61,15,0,0,0,,1,0,2,0,1,11,0,0,5,0,28,0,0,6,0,0.0,,4,4,0,0,0,,5,27.78,0,0,0,24,0,5,0,3,,0,0,0,0,0.0,0,0,0,1,42,1,0,0,0,0,0,0,0,0,0,0.0,0.0,0,5,0,3,0,1,33.33,0,1,1,100.0,5,2,3,1,21,42.86,2,56,9,64,73.3,5,0,96,3,0,0,0.0,0.0,F,28.0,Cameroon
Charalampos Lykogiannis,98212,Cagliari,2719,italy,2122,1827,28,21,6.66,1,0,1,,,25,17,17.89,81,16,23.19,172,177,332,66.0,34,53.97,29,0,0,0,,2,0,6,0,61,27,0,0,9,9,88,0,0,29,0,4.55,,36,29,7,0,1,,40,40.4,0,0,0,171,31,12,1,0,,0,0,0,1,0.0,0,0,0,0,365,3,0,0,0,0,0,0,0,0,0,1827.0,0.0,6,6,16,9,7,8,40.0,0,19,12,63.16,12,71,20,95,74,45.68,69,356,242,503,179.9,22,0,1042,14,2,0,17885.0,930000.0,D,28.0,Greece
Mehdi Bourabia,98003,Spezia,2735,italy,2122,275,8,2,6.66,1,0,1,,,0,0,0.0,20,3,42.86,39,52,91,85.85,1,33.33,2,0,0,0,,0,0,0,0,10,8,0,0,2,8,21,0,0,6,0,100.0,,8,6,2,0,1,,17,47.22,0,0,0,15,3,2,0,0,,0,0,0,0,0.0,0,0,0,0,31,1,0,0,1,0,0,0,0,0,0,275.0,0.0,0,0,1,0,1,6,60.0,0,5,1,20.0,2,6,10,3,18,46.15,7,56,53,106,53.3,1,0,176,6,1,0,21346.0,1110000.0,M,30.0,Morocco
Karol Linetty,189135,Torino,2696,italy,2122,899,16,11,6.66,0,1,1,,,3,1,12.5,84,3,37.5,156,61,216,80.3,9,34.62,17,0,0,0,,2,0,6,0,2,16,0,0,7,12,70,0,0,30,0,0.0,,9,6,3,0,0,,29,35.37,0,0,0,53,3,16,0,0,,0,0,0,0,0.0,0,0,0,0,104,9,0,0,0,0,0,0,0,0,0,0.0,0.0,0,7,6,5,2,5,55.56,0,14,8,57.14,16,9,9,8,38,35.19,8,201,76,269,106.6,13,0,411,10,2,0,49808.0,2590000.0,F,27.0,Poland
Hans Hateboer,356352,Atalanta,2686,italy,2122,1389,21,16,6.66,0,0,0,,,10,10,26.32,242,13,37.14,393,206,589,85.36,22,47.83,24,0,0,0,,1,2,5,3,19,21,0,0,9,15,70,0,0,18,0,0.0,,21,21,0,0,0,,34,42.5,0,0,2,101,7,14,0,3,,0,1,0,0,0.0,0,0,0,0,182,7,0,0,0,0,0,0,0,0,0,0.0,0.0,0,15,2,9,3,5,50.0,0,22,14,63.64,13,22,10,38,56,44.44,35,494,234,690,139.9,17,0,998,7,2,0,28462.0,1480000.0,D,28.0,Netherlands
Morten Thorsby,280991,Sampdoria,2711,italy,2122,2952,35,35,6.66,3,1,4,,,10,0,0.0,188,16,36.36,392,310,702,71.05,170,55.19,138,0,0,0,,1,3,3,6,38,35,0,0,22,28,275,0,0,81,0,11.54,,58,52,6,3,0,,92,40.17,1,0,0,286,25,15,0,0,,0,0,0,0,0.0,0,0,0,0,388,17,0,0,2,0,0,0,0,0,0,984.0,0.0,0,23,3,15,8,13,52.0,0,46,26,56.52,15,31,25,0,262,48.79,44,596,392,988,233.1,26,0,1422,37,10,0,12308.0,640000.0,M,25.0,Norway
Luca Fiordilino,805983,Venezia,2688,italy,2122,663,15,5,6.66,0,0,0,,,10,4,44.44,47,13,52.0,107,153,256,86.2,9,75.0,3,0,0,0,,0,1,2,0,11,15,0,0,8,14,32,0,0,5,0,0.0,,14,14,0,0,0,,34,53.97,0,0,0,41,11,6,0,2,,0,0,0,0,0.0,0,0,0,0,68,1,0,0,0,0,0,0,0,0,0,0.0,0.0,0,2,1,0,1,3,60.0,0,21,13,61.9,6,17,5,9,43,57.33,25,138,168,297,99.9,3,0,413,10,2,0,4231.0,220000.0,M,25.0,Italy
Giorgio Scalvini,1012176,Atalanta,2686,italy,2122,770,18,9,6.66,1,0,1,,,25,0,0.0,94,24,40.0,185,213,398,82.06,20,54.05,17,0,0,0,,0,2,3,0,15,17,0,0,6,10,49,0,0,15,0,6.25,,16,14,2,1,0,,33,50.77,1,0,1,87,22,5,0,0,,0,0,0,0,0.0,0,0,0,0,114,3,0,0,0,0,0,0,0,0,0,770.0,0.0,0,13,3,10,3,4,66.67,0,22,11,50.0,5,52,6,3,53,51.96,60,244,244,485,113.2,16,1,633,7,1,0,0.0,0.0,D,18.0,Italy
Jacopo Sala,100568,Spezia,2735,italy,2122,891,18,13,6.66,1,0,1,,,13,1,16.67,74,21,60.0,166,240,405,87.28,4,50.0,4,0,0,0,,1,0,0,0,11,17,0,0,4,17,42,0,0,11,0,25.0,,17,14,3,0,1,,39,50.65,0,0,0,59,14,7,0,1,,0,0,0,1,0.0,0,0,0,0,86,5,0,0,1,0,0,0,0,0,0,891.0,0.0,0,0,4,2,2,5,41.67,0,22,11,50.0,7,23,12,6,43,50.59,35,206,264,464,113.2,4,0,591,12,3,0,14231.0,740000.0,D,30.0,Italy
Daniel Maldini,970928,Milan,2692,italy,2122,157,8,2,6.66,1,0,1,,,2,0,0.0,9,0,0.0,24,9,33,71.74,3,37.5,5,0,0,0,,0,0,1,0,0,7,0,0,1,4,14,0,0,4,0,33.33,,2,2,0,1,0,,11,55.0,1,0,0,13,1,1,0,1,,0,0,0,0,0.0,0,0,0,0,25,0,0,0,0,0,0,0,0,0,0,157.0,0.0,0,3,0,1,1,2,66.67,0,8,3,37.5,1,3,3,1,14,50.0,0,34,13,46,46.6,3,0,81,1,1,0,10769.0,560000.0,F,20.0,Italy
Yayah Kallon,967510,Genoa,2713,italy,2122,638,15,5,6.66,0,1,1,,,0,2,11.11,59,0,0.0,85,24,107,70.39,4,19.05,17,0,0,0,,1,2,4,0,2,14,0,0,11,8,64,0,0,19,0,0.0,,13,11,2,0,0,,46,49.46,0,0,0,45,1,11,0,3,,0,0,0,0,0.0,0,0,0,1,111,6,0,0,0,0,0,0,0,0,0,0.0,0.0,0,9,2,6,1,18,64.29,0,15,11,73.33,11,2,28,18,50,43.86,2,138,32,152,93.2,11,0,310,13,3,0,8846.0,460000.0,F,20.0,Sierra Leone
Andrea Carboni,970978,Cagliari,2719,italy,2122,2225,30,25,6.66,0,0,0,,,47,4,16.0,114,50,34.97,307,492,795,76.81,42,52.5,38,0,0,0,,0,0,3,3,84,30,0,0,5,23,90,0,0,18,0,0.0,,41,33,8,0,0,,65,55.56,0,0,0,240,27,4,0,0,,1,0,0,0,0.0,0,0,0,0,296,3,0,0,0,0,0,0,0,0,0,0.0,0.0,0,8,2,6,1,4,40.0,0,53,24,45.28,4,134,10,25,107,54.31,143,497,563,1035,199.7,10,0,1380,9,6,0,11731.0,610000.0,D,20.0,Italy
Jeff Chabot,863271,Sampdoria,2711,italy,2122,491,11,4,6.65,0,0,0,,,13,0,0.0,17,27,49.09,62,139,201,81.38,20,64.52,11,0,0,0,,0,0,0,0,26,11,0,0,2,2,27,0,1,10,0,0.0,,13,13,0,0,0,,23,58.97,0,0,0,46,9,0,0,0,,0,0,0,0,0.0,0,0,0,0,60,0,0,0,0,0,0,0,0,0,0,0.0,0.0,0,3,0,2,1,0,0.0,0,12,10,83.33,0,33,2,1,43,61.43,55,98,150,247,73.2,3,0,345,11,5,0,5000.0,260000.0,D,23.0,Germany
Manolo Portanova,876236,Genoa,2713,italy,2122,1330,24,17,6.65,1,0,1,,,7,7,17.5,49,5,16.13,110,69,172,62.32,23,40.35,34,0,0,0,,0,4,7,2,19,24,0,0,24,20,142,0,0,45,0,3.45,,15,13,2,1,0,,97,47.32,0,0,1,104,17,9,0,5,,0,0,0,0,0.0,0,0,0,0,245,12,0,0,1,0,0,0,0,0,0,1330.0,0.0,1,15,14,10,12,25,54.35,0,46,28,60.87,9,29,46,40,120,45.8,31,226,90,276,159.7,29,0,661,26,4,0,21346.0,1110000.0,M,21.0,Italy
Rey Manaj,587882,Spezia,2735,italy,2122,1768,30,19,6.65,5,0,5,,,5,2,33.33,101,3,33.33,197,132,327,74.32,70,42.17,96,1,0,0,,1,4,20,1,13,30,0,0,59,20,250,0,0,54,0,9.26,,36,27,9,5,0,,102,39.84,1,0,2,113,4,13,1,11,,0,0,3,0,66.67,0,2,0,1,285,10,0,0,3,0,0,0,0,0,0,353.6,0.0,6,37,17,18,16,22,44.9,0,19,12,63.16,13,8,49,6,172,40.76,9,295,151,440,199.6,54,0,858,62,9,0,10385.0,540000.0,F,24.0,Albania
Fabiano Parisi,972886,Empoli,2705,italy,2122,1474,25,16,6.65,0,1,1,,,50,1,2.33,130,33,44.0,222,223,444,77.89,8,42.11,11,0,0,0,,0,1,6,3,34,25,0,0,18,18,94,0,0,22,0,0.0,,27,24,3,0,0,,92,52.57,0,0,1,126,22,10,0,0,,0,1,0,1,0.0,0,0,0,0,286,8,0,0,0,0,0,0,0,0,0,0.0,0.0,0,8,8,6,4,29,52.73,0,35,19,54.29,9,100,55,43,100,51.55,75,338,275,570,166.3,16,0,1120,29,5,0,3654.0,190000.0,D,21.0,Italy
Mert Müldür,836683,Sassuolo,2793,italy,2122,2057,31,24,6.65,0,1,1,,,39,5,12.5,184,51,46.36,420,396,811,79.98,9,31.03,20,0,0,0,,0,1,3,2,37,29,0,0,10,22,83,0,1,24,0,0.0,,43,40,3,0,0,,87,58.0,0,0,0,203,24,13,0,0,,0,0,0,0,0.0,0,0,0,0,298,7,0,0,0,0,0,0,0,0,0,0.0,0.0,0,4,5,2,4,20,71.43,0,52,35,67.31,13,94,28,40,96,53.63,110,585,469,1014,192.9,9,0,1485,15,5,0,9808.0,510000.0,D,22.0,Turkey
Kevin Strootman,34221,Cagliari,2719,italy,2122,644,10,7,6.65,0,0,0,,,16,1,50.0,61,27,55.1,142,154,295,81.04,5,45.45,6,0,0,0,,0,0,0,0,13,10,0,0,2,7,25,0,0,10,0,0.0,,14,10,4,0,0,,22,53.66,0,0,0,69,10,3,0,0,,0,0,0,1,0.0,0,0,0,0,80,2,0,0,0,0,0,0,0,0,0,0.0,0.0,0,1,0,1,0,4,80.0,0,8,4,50.0,3,43,5,2,27,51.92,49,193,173,364,66.5,1,0,446,10,4,0,32115.0,1670000.0,M,31.0,Netherlands
Pablo Galdames,386230,Genoa,2713,italy,2122,1030,19,11,6.65,0,0,0,,,39,13,41.94,74,25,53.19,173,147,307,75.62,6,28.57,15,0,0,0,,2,0,3,1,9,18,0,0,17,23,82,0,1,20,0,0.0,,20,16,4,0,0,,46,40.71,0,0,0,99,8,13,0,3,,0,0,0,0,0.0,0,0,0,0,154,13,0,0,0,0,0,0,0,0,0,0.0,0.0,0,2,10,6,3,7,46.67,0,28,12,42.86,13,69,15,31,52,38.81,47,273,164,406,119.7,12,0,605,11,2,0,8654.0,450000.0,M,25.0,Chile
Ardian Ismajli,840414,Empoli,2705,italy,2122,1278,20,13,6.65,0,0,0,,,34,0,0.0,50,46,56.1,167,443,610,85.79,38,64.41,21,0,0,0,,0,0,1,2,79,20,0,0,0,9,49,0,0,17,0,0.0,,35,32,3,0,0,,28,50.0,0,0,0,101,24,3,0,0,,2,0,0,0,0.0,0,0,0,0,116,0,0,0,0,0,0,0,0,0,0,0.0,0.0,0,4,1,3,1,1,33.33,0,13,9,69.23,3,62,3,3,66,57.39,82,235,479,711,133.0,5,0,917,14,7,0,25000.0,1300000.0,D,25.0,Albania
Domen Črnigoj,232096,Venezia,2688,italy,2122,1893,34,22,6.65,3,1,4,,,22,7,23.33,124,31,50.82,250,230,473,75.8,25,36.76,43,0,0,0,,3,1,9,0,41,34,0,0,16,18,122,0,0,26,0,9.38,,40,37,3,3,0,,51,39.23,0,0,0,151,24,11,1,1,,0,0,0,1,0.0,0,0,0,0,264,9,0,0,2,0,0,0,0,0,0,631.0,0.0,0,14,18,11,12,18,47.37,0,21,13,61.9,11,39,38,30,76,38.38,61,383,271,624,226.0,32,0,995,12,3,0,6731.0,350000.0,M,26.0,Slovenia
Caleb Ekuban,309156,Genoa,2713,italy,2122,1717,30,18,6.65,1,2,3,,,4,2,15.38,109,6,60.0,190,106,294,70.67,36,41.38,51,0,0,0,,3,4,12,2,6,30,0,0,38,16,149,0,0,22,0,2.63,,29,23,6,1,0,,77,44.0,0,0,0,122,9,16,1,2,,0,0,0,0,0.0,0,0,0,0,276,15,0,0,0,0,0,0,0,0,0,1717.0,0.0,0,30,8,19,7,26,50.0,0,19,12,63.16,16,11,52,13,113,43.13,10,289,140,416,199.4,38,0,775,32,2,0,24615.0,1280000.0,F,27.0,Ghana
Paolo Ghiglione,787642,Genoa,2713,italy,2122,601,13,6,6.65,0,1,1,,,10,11,29.73,33,11,23.4,76,83,148,64.35,7,46.67,8,0,0,0,,1,1,3,0,11,13,0,0,3,5,32,1,0,11,0,0.0,,16,12,4,0,0,,29,54.72,0,0,0,82,10,8,0,0,,0,0,0,0,0.0,0,0,0,0,162,3,0,0,0,0,0,0,0,0,0,0.0,0.0,0,5,3,1,4,9,56.25,0,17,12,70.59,8,34,16,37,36,52.94,47,159,108,230,86.4,8,0,462,3,3,0,21346.0,1110000.0,M,25.0,Italy
Tanner Tessmann,1022084,Venezia,2688,italy,2122,673,20,6,6.65,0,0,0,,,13,0,0.0,40,18,46.15,80,84,164,73.87,8,30.77,18,0,0,0,,0,0,1,1,21,20,0,1,7,8,43,0,0,10,0,0.0,,13,11,2,0,0,,30,54.55,0,0,0,58,5,4,0,0,,0,0,0,0,0.0,0,0,0,0,89,6,0,1,0,0,0,0,0,0,0,0.0,0.0,0,5,3,4,3,11,91.67,0,11,5,45.45,4,22,12,4,38,46.91,39,124,102,222,132.9,8,0,352,8,1,0,0.0,0.0,M,20.0,United States
Tyronne Ebuehi,580512,Venezia,2688,italy,2122,1142,19,12,6.64,0,0,0,,,10,6,21.43,61,15,51.72,123,189,306,79.69,15,45.45,18,0,0,0,,0,0,3,1,32,19,0,1,5,8,61,0,1,22,0,0.0,,18,17,1,0,0,,43,50.0,0,0,0,78,16,5,0,1,,0,0,0,0,0.0,0,0,0,0,146,3,0,1,0,0,0,0,0,0,0,0.0,0.0,0,6,1,3,1,11,55.0,0,28,12,42.86,5,26,20,28,58,48.74,29,185,227,384,126.2,7,0,685,4,1,0,9808.0,510000.0,D,26.0,Nigeria
Albert Guðmundsson,804909,Genoa,2713,italy,2122,605,12,6,6.64,1,0,1,,,6,11,26.83,66,6,31.58,109,38,136,71.58,3,33.33,6,0,0,0,,0,1,4,1,4,12,0,0,10,5,40,0,0,14,0,11.11,,6,6,0,1,0,,22,39.29,0,0,0,54,5,12,0,3,,0,0,0,0,0.0,0,0,0,0,128,4,0,0,1,0,0,0,0,0,0,605.0,0.0,0,6,3,4,1,7,50.0,0,5,3,60.0,12,11,14,41,25,38.46,19,182,49,190,79.7,9,0,336,10,3,0,0.0,0.0,F,24.0,Iceland
Liberato Cacace,905264,Empoli,2705,italy,2122,469,10,5,6.64,0,0,0,,,5,1,9.09,27,11,57.89,75,81,155,85.16,2,25.0,6,0,0,0,,0,0,0,0,8,10,0,0,3,0,28,0,0,9,0,0.0,,9,6,3,0,0,,27,55.1,0,0,0,27,8,1,0,0,,0,0,0,0,0.0,0,0,0,0,63,1,0,0,0,0,0,0,0,0,0,0.0,0.0,0,1,0,1,0,6,35.29,0,15,6,40.0,1,16,17,11,29,50.88,19,103,90,182,66.4,1,0,318,6,1,0,6154.0,320000.0,D,21.0,New Zealand
Franck Ribéry,5712,Salernitana,2710,italy,2122,1426,23,16,6.64,0,3,3,,,15,11,25.58,194,25,78.13,360,140,489,81.23,4,23.53,13,0,0,0,,5,1,5,1,1,23,0,1,52,5,135,0,0,31,0,0.0,,29,27,2,0,0,,84,40.78,0,0,1,113,3,30,0,2,,0,0,0,0,0.0,0,0,0,0,310,15,0,1,0,0,0,0,0,0,0,0.0,0.0,2,6,6,4,3,28,44.44,0,17,10,58.82,30,27,63,43,88,39.46,32,483,162,602,152.7,12,0,980,39,3,0,36923.0,1920000.0,F,38.0,France
Viktor Kovalenko,287659,Spezia,2735,italy,2122,1335,26,16,6.64,1,4,5,,,10,7,29.17,113,24,47.06,236,215,444,78.31,13,39.39,20,0,0,0,,2,0,2,0,5,26,0,0,17,12,72,0,0,15,0,12.5,,25,24,1,0,1,,40,43.48,0,0,0,123,13,17,0,0,,0,0,0,1,0.0,0,0,0,1,197,4,0,0,1,0,0,0,0,0,0,1335.0,0.0,1,2,6,4,2,4,28.57,0,16,10,62.5,17,26,14,24,53,42.4,51,342,249,567,172.6,8,0,768,20,4,0,42692.0,2220000.0,F,25.0,Ukraine
Matteo Gabbia,826195,Milan,2692,italy,2122,544,8,6,6.64,0,0,0,,,16,0,0.0,24,28,50.0,86,291,377,86.47,13,61.9,8,0,0,0,,0,0,0,1,12,8,0,0,0,4,19,0,0,7,0,0.0,,7,6,1,0,0,,6,35.29,0,0,0,59,8,1,0,0,,0,0,0,0,0.0,0,0,0,0,62,1,0,0,0,0,0,0,0,0,0,0.0,0.0,0,1,0,1,0,0,0.0,0,4,3,75.0,1,36,0,0,19,50.0,56,125,311,436,53.1,1,0,474,2,3,0,28462.0,1480000.0,D,22.0,Italy
Jean-Daniel Akpa Akpro,164511,Lazio,2699,italy,2122,319,10,4,6.64,0,0,0,,,2,0,0.0,19,1,100.0,41,48,89,83.96,4,50.0,4,0,0,0,,0,0,1,0,6,8,0,0,4,5,30,0,0,13,0,0.0,,8,5,3,0,0,,31,54.39,0,0,0,17,2,2,0,0,,0,0,0,1,0.0,0,0,0,0,38,1,0,0,0,0,0,0,0,0,0,0.0,0.0,0,1,2,2,0,6,60.0,0,17,10,58.82,2,2,10,0,35,53.85,1,51,55,106,53.1,3,0,184,8,1,0,32115.0,1670000.0,M,29.0,Cote d'Ivoire
Francesco Di Tacchio,43830,Salernitana,2710,italy,2122,1256,18,14,6.64,0,0,0,,,26,3,42.86,72,22,48.89,201,224,422,80.53,15,44.12,19,0,0,0,,0,0,4,0,23,16,0,0,7,16,67,0,0,24,0,0.0,,34,33,1,0,0,,47,49.47,0,0,2,102,22,4,0,0,,1,0,0,0,0.0,0,0,0,0,137,4,0,0,0,0,0,0,0,0,0,0.0,0.0,1,3,11,9,1,6,60.0,0,17,7,41.18,4,55,10,7,62,48.06,45,283,248,524,106.2,14,0,726,24,3,0,11346.0,590000.0,M,31.0,Italy
Patrick Cutrone,795044,Empoli,2705,italy,2122,1411,28,15,6.64,3,0,3,,,5,2,9.52,73,8,66.67,115,44,157,70.4,9,23.08,30,0,0,0,,0,6,10,1,1,28,0,0,18,8,77,0,0,13,0,6.0,,27,25,2,3,0,,30,38.96,1,0,1,66,5,9,0,20,,0,0,0,0,0.0,0,0,0,1,154,15,0,0,2,0,0,0,0,0,0,470.33,0.0,0,37,13,25,15,9,50.0,0,5,2,40.0,9,9,18,21,39,33.62,12,190,54,223,185.8,50,0,436,16,1,0,73462.0,3820000.0,F,24.0,Italy
Aurélien Nguiamba,826206,Spezia,2735,italy,2122,49,3,0,6.63,0,0,0,,,1,0,0.0,5,1,33.33,11,16,27,79.41,0,0.0,3,0,0,0,,0,0,0,0,1,3,0,0,0,1,5,0,0,1,0,0.0,,1,1,0,0,0,,4,66.67,0,0,0,7,0,0,0,0,,0,0,0,0,0.0,0,0,0,0,7,0,0,0,0,0,0,0,0,0,0,0.0,0.0,0,0,0,0,0,1,100.0,0,3,2,66.67,0,3,1,0,4,44.44,3,18,16,34,19.9,0,0,42,0,1,0,4423.0,230000.0,M,23.0,France
Alessandro Zanoli,922928,Napoli,2714,italy,2122,457,12,5,6.63,0,0,0,,,4,1,25.0,39,5,38.46,77,127,203,82.52,4,57.14,3,0,0,0,,0,0,0,1,14,9,0,0,2,2,21,0,0,9,0,0.0,,6,6,0,0,0,,18,50.0,0,0,0,43,4,2,0,0,,0,0,0,0,0.0,0,0,0,0,68,1,0,0,0,0,0,0,0,0,0,0.0,0.0,0,0,0,0,0,6,54.55,0,10,7,70.0,2,16,11,4,22,51.16,13,109,141,246,59.7,0,0,348,2,2,0,6346.0,330000.0,D,21.0,Italy
Dalbert,385386,Cagliari,2719,italy,2122,2093,28,27,6.63,0,2,2,,,31,26,35.62,136,30,42.86,283,191,448,74.92,25,40.32,37,0,0,0,,1,3,4,1,29,28,0,0,19,24,136,0,0,38,0,0.0,,43,35,8,0,0,,81,45.0,0,0,0,150,24,30,0,4,,0,1,0,2,0.0,0,0,0,0,326,17,0,0,0,0,0,0,0,0,0,0.0,0.0,0,6,4,4,2,10,34.48,0,43,23,53.49,29,63,29,73,106,43.8,70,431,240,598,185.7,10,0,1172,28,9,0,42692.0,2220000.0,D,28.0,Brazil
Keita Baldé,317699,Cagliari,2719,italy,2122,1238,26,14,6.63,3,1,4,,,4,0,0.0,89,7,100.0,135,52,187,74.5,20,30.3,46,0,0,0,,1,4,9,0,6,26,0,0,10,9,99,0,0,27,0,11.11,,23,18,5,3,0,,44,45.36,1,0,2,64,4,10,0,9,,0,0,0,1,0.0,0,0,0,1,144,7,0,0,2,0,0,0,0,0,0,412.67,0.0,0,23,4,7,11,6,33.33,0,8,4,50.0,10,8,18,9,64,39.26,7,193,67,251,172.4,27,0,458,30,2,0,19808.0,1030000.0,F,26.0,Senegal
Jeremy Toljan,149606,Sassuolo,2793,italy,2122,1399,20,15,6.63,0,0,0,,,17,3,13.64,119,28,52.83,265,347,609,88.78,9,40.91,13,0,0,0,,1,0,0,1,32,20,0,0,6,7,43,0,0,8,0,0.0,,25,24,1,0,0,,29,49.15,0,0,0,77,12,12,0,0,,0,0,0,1,0.0,0,0,0,0,140,1,0,0,0,0,0,0,0,0,0,0.0,0.0,0,1,2,1,2,4,30.77,0,18,10,55.56,12,29,13,22,38,46.91,53,329,379,686,132.6,3,1,1001,7,2,0,17308.0,900000.0,D,27.0,Germany
Giulio Maggiore,848185,Spezia,2735,italy,2122,2835,35,33,6.63,2,3,5,,,56,1,7.69,250,47,38.52,447,384,830,75.59,33,44.0,42,0,0,0,,3,5,10,5,31,35,0,0,28,46,203,0,0,64,0,4.76,,54,44,10,1,1,,141,46.69,0,0,0,268,29,31,0,1,,0,0,0,1,0.0,0,0,0,0,421,21,0,0,2,0,0,0,0,0,0,1417.5,0.0,0,18,24,24,8,16,37.21,0,58,32,55.17,31,128,43,13,174,46.15,122,645,466,1098,232.0,42,0,1595,67,9,0,7115.0,370000.0,M,23.0,Italy
Daniele Baselli,168647,Cagliari,2719,italy,2122,429,15,2,6.63,0,1,1,,,11,10,45.45,55,6,35.29,107,66,163,75.12,4,30.77,9,0,0,0,,1,2,0,0,7,15,0,0,8,8,36,0,0,5,0,0.0,,9,6,3,0,0,,21,43.75,0,0,0,54,3,9,0,1,,0,0,0,0,0.0,0,0,0,0,89,5,0,0,0,0,0,0,0,0,0,0.0,0.0,0,2,4,5,1,5,45.45,0,9,8,88.89,9,20,11,22,25,40.98,17,153,86,217,99.4,6,0,318,7,1,0,0.0,0.0,M,29.0,Italy
Luis Binks,966560,Bologna,2685,italy,2122,647,15,7,6.63,0,0,0,,,21,0,0.0,18,30,56.6,86,185,271,80.9,19,59.38,13,0,0,0,,0,0,0,0,31,15,0,0,2,2,26,0,1,7,0,0.0,,13,10,3,0,0,,16,55.17,0,0,0,64,17,1,0,0,,0,0,0,0,0.0,0,0,0,0,72,1,0,0,0,0,0,0,0,0,0,0.0,0.0,0,1,1,2,0,2,50.0,0,8,4,50.0,1,33,4,1,35,57.38,53,123,213,335,99.4,2,0,430,6,3,0,24615.0,1280000.0,D,20.0,England
Luca Ranieri,893998,Salernitana,2710,italy,2122,2114,27,25,6.63,1,0,1,,,47,15,22.73,119,43,42.16,293,276,554,73.77,18,52.94,16,0,0,0,,1,1,1,1,59,27,0,0,10,14,75,0,0,16,0,11.11,,47,42,5,1,0,,64,52.03,0,0,1,197,22,11,1,2,,0,0,0,0,0.0,0,0,0,0,349,4,0,0,0,0,0,0,0,0,0,2114.0,0.0,0,6,3,4,4,17,47.22,0,37,21,56.76,11,111,36,66,82,52.23,102,486,331,751,178.9,9,0,1267,10,9,0,21346.0,1110000.0,D,22.0,Italy
Brahim Díaz,835485,Milan,2692,italy,2122,1876,31,25,6.63,3,3,6,,,11,3,27.27,253,19,63.33,434,170,601,85.98,4,9.09,40,0,0,0,,2,4,11,2,4,31,0,0,39,14,157,0,0,22,0,10.0,,15,13,2,3,0,,101,46.33,0,0,1,98,8,31,1,4,,0,0,0,0,0.0,0,0,0,0,265,19,0,0,2,0,0,0,0,0,0,625.33,0.0,0,21,9,13,6,45,51.14,0,23,17,73.91,31,22,88,11,105,40.08,30,522,188,699,205.4,30,0,1073,33,4,0,36923.0,1920000.0,F,22.0,Spain
Andrea Conti,139262,Sampdoria,2711,italy,2122,255,8,2,6.63,1,0,1,,,3,0,0.0,16,4,57.14,28,25,53,72.6,0,0.0,3,0,0,0,,0,0,0,0,4,8,0,0,0,3,11,0,0,5,0,25.0,,6,6,0,1,0,,10,55.56,0,0,1,20,7,0,0,0,,0,0,0,0,0.0,0,0,0,0,28,0,0,0,1,0,0,0,0,0,0,255.0,0.0,0,3,1,3,1,2,66.67,0,4,2,50.0,0,4,3,0,10,47.62,7,36,37,73,53.0,4,0,127,4,1,0,71154.0,3700000.0,D,27.0,Italy
Matija Nastasić,98440,Fiorentina,2693,italy,2122,217,5,2,6.63,0,0,0,,,6,0,0.0,8,11,68.75,32,111,143,92.86,3,75.0,1,0,0,0,,0,0,0,0,11,4,0,0,0,0,3,0,0,2,0,0.0,,7,7,0,0,0,,1,33.33,0,0,0,11,5,1,0,0,,0,0,0,0,0.0,0,0,0,0,12,0,0,0,0,0,0,0,0,0,0,0.0,0.0,0,1,0,0,1,0,0.0,0,1,1,100.0,1,11,0,0,4,57.14,16,41,113,154,26.5,1,0,176,0,1,0,39423.0,2050000.0,D,28.0,Serbia
Diego Falcinelli,80802,Bologna,2685,italy,2122,75,6,0,6.63,0,0,0,,,1,0,0.0,6,1,100.0,9,4,13,59.09,5,45.45,6,0,0,0,,0,0,2,0,1,4,0,0,3,0,13,0,0,2,0,0.0,,1,1,0,0,0,,8,53.33,0,0,0,9,1,0,0,0,,0,0,0,0,0.0,0,0,0,0,20,0,0,0,0,0,0,0,0,0,0,0.0,0.0,0,3,2,3,0,2,50.0,0,2,2,100.0,0,1,4,0,13,50.0,1,16,6,22,26.5,5,0,52,4,0,0,60577.0,3150000.0,F,30.0,Italy
Abdou Harroui,915812,Sassuolo,2793,italy,2122,459,22,3,6.62,0,0,0,,,12,0,0.0,78,12,66.67,149,102,251,88.69,6,40.0,9,0,0,0,,0,0,5,0,3,21,0,0,5,3,33,0,0,13,0,0.0,,10,10,0,0,0,,16,40.0,0,0,0,32,4,5,0,0,,0,0,0,0,0.0,0,0,0,0,63,8,0,0,0,0,0,0,0,0,0,0.0,0.0,0,5,8,6,2,3,50.0,0,11,4,36.36,5,18,6,7,22,40.0,18,177,113,283,139.1,13,0,382,2,2,0,2308.0,120000.0,M,24.0,Morocco
Sofian Kiyine,862372,Venezia,2688,italy,2122,1237,26,14,6.62,1,0,1,,,35,11,22.45,108,47,72.31,198,185,372,79.32,12,41.38,17,0,0,1,,2,1,4,0,8,26,0,1,33,20,143,0,0,49,0,4.76,,28,25,3,1,0,,90,41.67,0,0,0,97,10,20,0,0,,0,1,1,0,0.0,0,0,0,0,239,11,0,1,1,0,0,0,0,0,0,1237.0,0.0,2,4,17,11,6,55,68.75,0,24,14,58.33,19,52,80,49,102,41.63,65,314,204,469,172.2,21,1,811,11,8,0,17885.0,930000.0,M,24.0,Morocco
Fabio Depaoli,830288,Hellas Verona,2701,italy,2122,832,24,8,6.62,1,1,2,,,12,5,14.29,61,13,35.14,98,43,136,62.96,10,37.04,17,0,0,0,,1,0,4,0,15,23,0,0,6,8,60,0,0,28,0,10.0,,17,15,2,1,0,,35,44.87,0,0,0,80,9,6,0,4,,0,0,0,0,0.0,0,0,0,0,152,6,0,0,1,0,0,0,0,0,0,832.0,0.0,0,9,1,2,4,9,69.23,0,15,8,53.33,6,34,13,35,45,42.86,37,182,69,216,152.3,10,0,449,11,4,0,12500.0,650000.0,D,24.0,Italy
David Strelec,918482,Spezia,2735,italy,2122,506,10,7,6.62,1,0,1,,,6,3,60.0,36,4,66.67,61,38,96,71.11,11,44.0,14,0,0,0,,1,1,0,0,1,10,0,0,3,7,34,0,0,4,0,25.0,,8,7,1,1,0,,14,41.18,0,0,0,39,2,7,1,2,,0,0,0,0,0.0,0,0,0,0,67,6,0,0,0,0,0,0,0,0,0,506.0,0.0,0,4,0,1,3,4,40.0,0,4,4,100.0,7,9,10,5,25,42.37,6,89,51,135,66.2,4,0,210,6,0,0,3654.0,190000.0,F,20.0,Slovakia
Mattia Perin,79645,Juventus,2687,italy,2122,405,5,5,6.62,0,0,0,,,7,0,0.0,2,16,42.11,9,86,95,81.2,0,0.0,0,0,0,0,,0,0,0,1,4,5,0,0,0,0,0,0,0,0,0,0.0,,7,7,0,0,0,-1.12,1,100.0,0,1,0,22,0,0,0,0,,0,0,0,0,0.0,0,0,0,0,24,0,1,0,0,1,3,7,10,0,1,0.0,0.0,0,0,0,0,0,0,0.0,1,0,0,0.0,0,19,0,0,1,100.0,38,26,91,117,33.1,0,0,153,1,0,0,53462.0,2780000.0,K,29.0,Italy
Simy,170499,Salernitana,2710,italy,2122,841,19,10,6.62,1,1,2,,,5,0,0.0,51,4,66.67,91,42,133,72.68,19,33.93,37,0,0,0,,2,3,5,0,10,19,0,0,23,6,81,0,0,12,0,5.0,,26,22,4,1,0,,26,37.14,0,0,0,50,3,8,0,9,,0,0,0,0,0.0,0,0,0,0,108,2,0,0,1,0,0,0,0,0,0,841.0,0.0,0,18,2,9,6,7,70.0,0,5,5,100.0,8,12,10,2,45,35.71,6,136,49,183,125.7,20,0,323,14,0,0,35577.0,1850000.0,F,29.0,Nigeria
M'Bala Nzola,788061,Spezia,2735,italy,2122,1064,21,10,6.61,2,1,3,,,6,0,0.0,85,8,100.0,133,57,190,79.83,28,36.36,49,0,0,0,,1,4,4,1,13,21,0,0,21,5,111,0,0,30,0,9.09,,20,16,4,2,0,,25,28.74,0,0,0,48,0,10,2,14,,0,0,0,1,0.0,0,0,0,0,138,5,0,0,0,0,0,0,0,0,0,532.0,0.0,0,19,3,5,13,16,59.26,0,2,2,100.0,10,9,27,4,53,32.32,8,184,58,238,138.9,22,0,438,7,2,0,19615.0,1020000.0,F,25.0,Angola
Nadir Zortea,928104,Salernitana,2710,italy,2122,1419,29,13,6.61,1,2,3,,,21,23,27.06,59,22,48.89,151,93,221,70.16,8,32.0,17,0,0,0,,2,0,6,1,33,28,0,0,13,8,75,0,0,14,0,6.25,,29,27,2,0,1,,53,47.75,0,0,0,94,7,16,1,0,,0,0,0,0,0.0,0,0,0,0,250,7,0,0,0,0,0,0,0,0,0,1419.0,0.0,0,4,12,6,4,26,52.0,0,21,15,71.43,16,42,50,85,61,44.85,45,274,126,315,185.2,16,0,718,6,3,0,6346.0,330000.0,M,22.0,Italy
Andrea Masiello,17814,Genoa,2713,italy,2122,517,7,6,6.61,0,0,0,,,13,0,0.0,8,22,55.0,64,212,276,88.75,7,50.0,7,0,0,0,,0,0,1,1,20,7,0,0,3,3,19,0,1,6,0,0.0,,11,8,3,0,0,,9,42.86,0,0,0,35,11,1,0,0,,0,0,0,0,0.0,0,0,0,0,44,2,0,0,0,0,0,0,0,0,0,0.0,0.0,0,1,1,1,0,0,0.0,0,5,3,60.0,1,23,0,1,16,45.71,40,82,230,311,46.3,2,0,375,4,3,0,25000.0,1300000.0,D,35.0,Italy
Andreas Skov Olsen,888537,Bologna,2685,italy,2122,756,18,6,6.61,0,2,2,,,5,6,16.22,85,11,45.83,167,100,261,81.82,4,28.57,10,0,0,0,,0,3,0,0,10,18,0,0,5,6,35,0,0,4,0,0.0,,16,16,0,0,0,,32,56.14,0,0,2,58,3,8,0,0,,0,0,0,0,0.0,0,0,0,0,136,5,0,0,0,0,0,0,0,0,0,0.0,0.0,0,6,1,5,2,5,33.33,0,12,10,83.33,8,13,15,37,36,50.7,24,233,123,319,119.0,7,0,518,15,0,0,19808.0,1030000.0,F,21.0,Denmark
Riccardo Ciervo,1019953,Sassuolo,2793,italy,2122,224,10,1,6.61,0,0,0,,,0,4,44.44,18,0,0.0,30,15,41,74.55,0,0.0,3,0,0,0,,0,0,1,0,2,9,0,0,1,4,13,0,0,3,0,0.0,,4,4,0,0,0,,11,52.38,0,0,0,14,2,3,0,0,,0,0,0,0,0.0,0,0,0,0,28,1,0,0,0,0,0,0,0,0,0,0.0,0.0,0,1,2,1,1,2,50.0,0,8,3,37.5,3,3,4,9,11,45.83,2,45,19,55,59.5,3,0,100,1,0,0,3654.0,190000.0,F,19.0,Italy
Zinho Vanheusden,881024,Genoa,2713,italy,2122,989,14,11,6.61,0,0,0,,,17,0,0.0,30,26,38.81,81,249,330,80.1,24,58.54,17,0,0,0,,0,0,1,2,41,14,0,0,1,6,36,0,0,10,0,0.0,,25,20,5,0,0,,28,59.57,0,0,1,82,23,1,0,0,,1,0,0,1,0.0,0,0,0,0,97,2,0,0,0,0,0,0,0,0,0,0.0,0.0,0,3,3,3,2,1,25.0,0,18,6,33.33,1,43,4,5,52,59.09,67,137,280,412,92.5,6,0,567,10,3,0,2500.0,130000.0,D,22.0,Belgium
Kelvin Yeboah,940262,Genoa,2713,italy,2122,848,17,9,6.61,0,1,1,,,2,4,40.0,47,2,50.0,82,30,108,65.45,31,40.79,45,0,0,0,,1,3,7,1,6,17,0,0,13,10,114,0,0,28,0,0.0,,11,9,2,0,0,,57,45.24,0,0,1,57,1,13,0,7,,0,0,0,0,0.0,0,0,0,1,148,12,0,0,0,0,0,0,0,0,0,0.0,0.0,0,10,6,4,5,13,36.11,0,14,7,50.0,13,2,36,10,88,43.56,4,140,35,165,112.3,16,0,404,30,2,0,9808.0,510000.0,F,21.0,Italy
Grégoire Defrel,148566,Sassuolo,2793,italy,2122,1369,38,11,6.61,2,2,4,,,4,0,0.0,124,6,75.0,218,110,328,85.64,9,20.0,36,0,0,0,,4,6,8,0,10,38,0,0,32,10,111,0,0,16,0,7.41,,32,30,2,2,0,,53,41.41,2,0,1,55,4,23,0,3,,0,0,0,0,0.0,0,0,0,0,147,9,0,0,0,0,0,0,0,0,0,684.5,0.0,0,24,3,9,10,20,54.05,0,15,9,60.0,23,5,37,1,62,35.84,8,264,120,383,251.0,27,0,624,18,3,0,30192.0,1570000.0,F,30.0,Martinique
Felix Afena-Gyan,1108921,Roma,2702,italy,2122,684,17,6,6.6,2,0,2,,,1,2,25.0,51,1,50.0,84,26,108,77.7,11,42.31,15,0,0,0,,1,3,3,0,0,17,0,0,21,3,67,0,0,15,0,11.76,,9,7,2,1,1,,39,42.86,0,0,0,31,3,6,0,4,,0,0,0,0,0.0,0,0,0,0,121,8,0,1,2,0,0,0,0,0,0,342.0,0.0,0,12,5,7,7,5,25.0,0,10,3,30.0,6,4,20,8,50,42.74,2,119,28,139,112.2,17,1,324,24,3,1,1154.0,60000.0,F,19.0,Ghana
Álvaro Odriozola,353250,Fiorentina,2693,italy,2122,1728,25,18,6.6,1,1,2,,,12,13,25.0,192,29,64.44,357,401,745,88.9,1,5.26,18,0,0,0,,3,2,1,3,21,25,0,1,12,17,74,1,1,15,0,25.0,,28,25,3,1,0,,49,46.67,0,0,0,93,8,26,1,1,,0,0,0,1,0.0,0,0,0,1,200,7,0,1,0,0,0,0,0,0,0,1728.0,0.0,0,3,1,1,2,12,48.0,0,25,15,60.0,26,24,25,52,50,40.32,45,451,439,838,165.0,4,0,1236,12,4,0,41923.0,2180000.0,D,26.0,Spain
Leonardo Mancuso,250931,Empoli,2705,italy,2122,428,8,5,6.6,1,0,1,,,2,1,20.0,24,2,66.67,35,15,49,69.01,1,8.33,11,0,0,0,,0,2,3,0,2,7,0,0,4,6,22,0,0,1,0,8.33,,9,9,0,1,0,,3,21.43,0,0,0,22,1,3,1,5,,0,0,0,0,0.0,0,0,0,0,41,4,0,0,0,0,0,0,0,0,0,428.0,0.0,0,10,2,4,5,0,0.0,0,1,1,100.0,3,6,0,5,4,15.38,3,59,17,71,46.2,12,0,119,2,0,0,49808.0,2590000.0,F,29.0,Italy
Daan Heymans,845344,Venezia,2688,italy,2122,258,7,2,6.6,0,1,1,,,0,1,33.33,21,2,33.33,45,34,78,83.87,8,80.0,2,0,0,0,,0,0,1,0,3,7,0,0,0,4,15,0,0,8,0,0.0,,7,6,1,0,0,,7,35.0,0,0,0,15,4,3,0,0,,0,0,0,0,0.0,0,0,0,0,25,1,0,0,0,0,0,0,0,0,0,0.0,0.0,0,2,1,1,1,2,66.67,0,3,1,33.33,3,3,3,3,15,50.0,6,59,37,93,46.2,3,0,134,2,4,0,0.0,0.0,F,22.0,Belgium
Dor Peretz,186953,Venezia,2688,italy,2122,579,18,4,6.6,0,1,1,,,9,0,0.0,32,8,47.06,75,97,172,75.77,8,47.06,9,0,0,0,,0,2,2,0,11,18,0,0,7,12,43,0,0,10,0,0.0,,12,11,1,0,0,,36,51.43,0,0,0,55,8,4,0,0,,0,0,0,0,0.0,0,0,0,0,81,1,0,0,0,0,0,0,0,0,0,0.0,0.0,0,2,3,3,0,1,16.67,0,27,18,66.67,4,13,6,2,44,50.57,17,111,118,227,118.8,5,0,336,8,2,0,0.0,0.0,M,26.0,Israel
Kacper Urbański,1012383,Bologna,2685,italy,2122,45,1,0,6.6,0,0,0,,,2,0,0.0,1,1,33.33,6,9,15,75.0,0,0.0,2,0,0,0,,0,0,0,0,0,1,0,0,0,0,5,0,0,2,0,0.0,,0,0,0,0,0,,3,50.0,0,0,0,5,0,0,0,0,,0,0,0,0,0.0,0,0,0,0,9,0,0,0,0,0,0,0,0,0,0,0.0,0.0,0,0,0,0,0,0,0.0,0,3,2,66.67,0,3,2,1,3,37.5,3,8,13,20,6.6,0,0,33,0,0,0,,,,,
Tommaso Baldanzi,1012172,Empoli,2705,italy,2122,16,1,0,6.6,0,0,0,,,0,0,0.0,3,0,0.0,5,0,5,100.0,0,0.0,0,0,0,0,,0,0,0,0,0,1,0,0,0,0,0,0,0,0,0,0.0,,0,0,0,0,0,,0,0.0,0,0,0,0,0,1,0,0,,0,0,0,0,0.0,0,0,0,0,3,1,0,0,0,0,0,0,0,0,0,0.0,0.0,0,0,0,0,0,0,0.0,0,0,0,0.0,1,0,0,1,0,0.0,0,6,0,5,6.6,0,0,10,0,0,0,0.0,0.0,F,18.0,Italy
Filippo Terracciano,1034303,Hellas Verona,2701,italy,2122,10,1,0,6.6,0,0,0,,,0,0,0.0,3,0,0.0,3,0,3,100.0,1,100.0,0,0,0,0,,0,0,0,0,1,1,0,0,0,0,0,0,0,0,0,0.0,,0,0,0,0,0,,0,0.0,0,0,0,0,0,0,0,0,,0,0,0,0,0.0,0,0,0,0,2,0,0,0,0,0,0,0,0,0,0,0.0,0.0,0,0,0,0,0,0,0.0,0,0,0,0.0,0,0,0,0,1,100.0,0,3,0,3,6.6,0,0,7,0,0,0,,,,,
Mattia Zanotti,1012175,Inter,2697,italy,2122,8,1,0,6.6,0,0,0,,,0,0,0.0,4,0,0.0,9,1,10,100.0,0,0.0,0,0,0,0,,0,0,0,0,0,1,0,0,0,1,1,0,0,0,0,0.0,,0,0,0,0,0,,1,50.0,0,0,0,0,0,1,0,0,,0,0,0,0,0.0,0,0,0,0,0,0,0,0,0,0,0,0,0,0,0,0.0,0.0,0,0,0,0,0,0,0.0,0,1,0,0.0,1,0,0,0,1,50.0,0,9,1,10,6.6,0,0,13,0,0,0,,,,,
Francesco Di Mariano,263567,Venezia,2688,italy,2122,63,1,1,6.6,0,0,0,,,0,1,100.0,1,0,0.0,8,3,10,76.92,0,0.0,1,0,0,0,,0,0,0,0,0,1,0,0,0,0,4,0,0,1,0,0.0,,1,1,0,0,0,,2,40.0,0,0,0,3,0,1,0,0,,0,0,0,0,0.0,0,0,0,0,5,0,0,0,0,0,0,0,0,0,0,0.0,0.0,0,0,0,0,0,0,0.0,0,1,1,100.0,1,0,2,1,2,33.33,1,11,3,13,6.6,0,0,22,1,0,0,,,,,
Petar Zovko,1067207,Spezia,2735,italy,2122,28,1,0,6.6,0,0,0,,,0,0,0.0,0,1,25.0,0,4,4,57.14,0,0.0,0,0,0,0,,0,0,0,0,1,1,0,0,0,0,0,0,0,0,0,0.0,,0,0,0,0,0,0.0,1,100.0,0,0,0,3,0,0,0,0,,0,0,0,0,0.0,0,0,0,0,3,0,0,0,0,1,0,0,0,0,0,0.0,0.0,0,0,0,0,0,0,0.0,1,0,0,0.0,0,0,0,0,1,100.0,4,2,5,7,6.6,0,0,12,1,1,0,5385.0,280000.0,K,19.0,Bosnia-Herzegovina
Francesco Cassata,814624,Genoa,2713,italy,2122,10,1,0,6.6,0,0,0,,,0,1,100.0,0,0,0.0,1,0,0,0.0,0,0.0,0,0,0,0,,0,0,0,0,0,1,0,0,0,0,0,0,0,0,0,0.0,,0,0,0,0,0,,1,100.0,0,0,0,0,0,0,0,0,,0,0,0,0,0.0,0,0,0,0,0,0,0,0,0,0,0,0,0,0,0,0.0,0.0,0,0,0,0,0,0,0.0,0,0,0,0.0,0,0,0,1,1,100.0,0,1,0,0,6.6,0,0,2,1,0,0,21346.0,1110000.0,M,24.0,Italy
Alessandro Berardi,147700,Hellas Verona,2701,italy,2122,90,1,1,6.6,0,0,0,,,0,0,0.0,1,4,19.05,3,6,9,34.62,0,0.0,1,0,0,0,,0,0,0,0,0,1,0,0,0,0,1,0,0,0,0,0.0,,3,3,0,0,0,-0.35,0,0.0,0,0,0,17,0,0,0,0,,0,0,0,0,0.0,0,0,0,0,17,0,0,0,0,0,3,1,5,0,1,0.0,0.0,0,0,0,0,0,0,0.0,0,0,0,0.0,0,4,0,0,0,0.0,21,16,10,26,6.6,0,0,35,0,0,0,5385.0,280000.0,K,31.0,Italy
Filip Benković,357588,Udinese,2695,italy,2122,18,2,0,6.6,0,0,0,,,0,0,0.0,0,0,0.0,1,3,4,80.0,2,66.67,1,0,0,0,,0,0,0,0,0,2,0,0,0,0,2,0,0,1,0,0.0,,0,0,0,0,0,,0,0.0,0,0,0,1,0,0,0,0,,0,0,0,0,0.0,0,0,0,0,1,0,0,0,0,0,0,0,0,0,0,0.0,0.0,0,1,0,0,1,0,0.0,0,0,0,0.0,0,0,0,0,2,50.0,0,2,3,5,13.2,1,0,6,0,0,0,0.0,0.0,D,24.0,Croatia
Gianluca Frabotta,867734,Hellas Verona,2701,italy,2122,18,2,0,6.6,0,0,0,,,0,1,33.33,1,0,0.0,3,1,3,42.86,1,33.33,2,0,0,0,,0,0,0,0,0,1,0,0,0,1,5,0,0,2,0,0.0,,0,0,0,0,0,,0,0.0,0,0,0,4,1,0,0,0,,0,0,0,0,0.0,0,0,0,0,6,0,0,0,0,0,0,0,0,0,0,0.0,0.0,0,0,0,0,0,0,0.0,0,0,0,0.0,0,1,0,3,1,16.67,0,7,3,7,6.6,0,0,13,0,0,0,3654.0,190000.0,D,22.0,Italy
Brian Oddei,1001770,Sassuolo,2793,italy,2122,13,2,0,6.6,0,0,0,,,0,0,0.0,2,0,0.0,3,2,5,100.0,0,0.0,0,0,0,0,,0,0,1,0,0,1,0,0,0,0,0,0,0,0,0,0.0,,0,0,0,0,0,,2,100.0,0,0,0,0,0,0,0,0,,0,0,0,0,0.0,0,0,0,0,0,0,0,0,0,0,0,0,0,0,0,0.0,0.0,0,1,0,0,0,1,100.0,0,0,0,0.0,0,0,1,0,2,100.0,0,3,2,5,6.6,1,0,8,1,0,0,3654.0,190000.0,F,19.0,Italy
Aleksandar Kolarov,26097,Inter,2697,italy,2122,38,3,0,6.6,0,0,0,,,1,0,0.0,7,3,60.0,16,15,31,81.58,1,33.33,2,0,0,0,,0,0,1,0,2,3,0,0,0,0,3,0,0,0,0,0.0,,1,1,0,0,0,,3,75.0,0,0,0,7,1,0,0,0,,0,0,0,0,0.0,0,0,0,0,9,0,0,0,0,0,0,0,0,0,0,0.0,0.0,0,0,1,0,0,1,50.0,0,1,1,100.0,0,5,2,0,4,57.14,5,20,18,38,19.8,1,0,47,1,0,0,53462.0,2780000.0,D,36.0,Serbia
Diego Farias,41008,Cagliari,2719,italy,2122,62,4,0,6.6,0,0,0,,,1,0,0.0,11,2,100.0,17,11,28,87.5,1,33.33,2,0,0,0,,0,0,0,0,0,3,0,0,0,2,4,0,0,0,0,0.0,,3,3,0,0,0,,2,50.0,0,0,0,4,0,0,0,0,,0,0,0,0,0.0,0,0,0,0,7,1,0,0,0,0,0,0,0,0,0,0.0,0.0,0,0,1,1,0,1,100.0,0,1,1,100.0,0,2,1,2,3,42.86,2,23,11,32,19.8,1,0,39,0,0,0,35577.0,1850000.0,F,31.0,Brazil
Ciprian Tătărușanu,44453,Milan,2692,italy,2122,540,6,6,6.6,0,0,0,,,31,0,0.0,4,41,49.4,31,115,146,76.84,0,0.0,0,0,0,0,,0,0,0,1,3,6,0,0,0,1,1,1,0,0,0,0.0,,10,9,1,0,0,0.0,0,0.0,0,5,0,44,0,0,0,0,,0,0,0,0,0.0,3,0,1,0,44,0,1,0,0,0,11,4,15,0,4,0.0,0.0,0,0,0,0,0,0,0.0,0,0,0,0.0,0,67,0,0,0,0.0,83,66,124,190,39.6,0,0,230,0,0,0,29615.0,1540000.0,K,35.0,Romania
Simone Zaza,48077,Torino,2696,italy,2122,138,10,0,6.6,0,0,0,,,3,0,0.0,13,2,66.67,22,9,31,77.5,10,55.56,8,0,0,0,,0,1,1,0,3,9,0,0,6,0,20,0,0,5,0,0.0,,0,0,0,0,0,,6,33.33,0,0,0,9,0,0,0,2,,0,0,0,0,0.0,0,0,0,0,28,0,0,0,0,0,0,0,0,0,0,0.0,0.0,0,6,2,4,3,2,66.67,0,2,2,100.0,0,3,3,1,16,44.44,3,31,10,40,59.4,8,0,83,2,1,0,60577.0,3150000.0,F,30.0,Italy
Edoardo Goldaniga,295133,Cagliari,2719,italy,2122,937,12,11,6.6,0,0,0,,,31,1,7.69,34,35,45.45,102,196,297,71.91,28,59.57,19,0,0,0,,0,1,2,0,22,11,0,0,0,7,49,0,0,22,0,0.0,,19,17,2,0,0,,28,48.28,0,0,0,116,22,4,0,1,,0,0,0,0,0.0,0,0,0,0,152,0,0,0,0,0,0,0,0,0,0,0.0,0.0,0,4,1,2,1,3,50.0,0,12,5,41.67,4,67,6,13,56,53.33,77,192,234,413,72.6,5,0,608,13,3,0,0.0,0.0,D,28.0,Italy
Tiemoué Bakayoko,149735,Milan,2692,italy,2122,497,14,5,6.6,0,0,0,,,7,0,0.0,57,9,81.82,148,121,269,88.78,16,66.67,8,0,0,0,,1,0,2,1,10,14,0,0,4,11,36,2,0,12,0,0.0,,9,8,1,0,0,,33,54.1,0,0,0,34,9,3,0,0,,0,0,0,1,0.0,0,0,0,0,45,3,0,0,0,0,0,0,0,0,0,0.0,0.0,0,1,3,2,0,4,57.14,0,19,13,68.42,3,11,7,1,49,57.65,11,172,132,303,92.4,4,0,396,10,3,0,89038.0,4630000.0,M,27.0,France
Joel Obi,79403,Salernitana,2710,italy,2122,1147,21,12,6.6,0,1,1,,,7,7,28.0,53,7,41.18,131,141,265,79.34,16,50.0,16,0,0,0,,1,2,4,0,7,21,0,0,16,7,73,0,0,32,0,0.0,,26,22,4,0,0,,47,45.19,0,0,1,69,10,14,0,0,,0,0,0,0,0.0,0,0,0,0,131,5,0,0,0,0,0,0,0,0,0,0.0,0.0,0,10,0,4,2,4,57.14,0,22,14,63.64,14,12,7,25,63,46.32,17,191,168,334,138.5,10,0,532,21,4,0,42692.0,2220000.0,M,30.0,Nigeria
Riccardo Fiamozzi,183481,Empoli,2705,italy,2122,622,10,7,6.59,0,1,1,,,17,4,36.36,50,22,50.0,116,108,220,74.07,5,45.45,6,0,0,0,,2,0,0,0,10,10,0,0,4,2,18,0,0,3,0,0.0,,16,14,2,0,0,,16,57.14,0,0,0,77,7,6,0,0,,0,0,0,1,0.0,0,0,0,0,111,2,0,0,0,0,0,0,0,0,0,0.0,0.0,0,0,0,0,0,3,42.86,0,7,5,71.43,6,36,7,11,21,53.85,44,166,142,297,65.9,0,0,456,7,1,0,7115.0,370000.0,D,28.0,Italy
Goran Pandev,2695,Genoa,2713,italy,2122,835,20,7,6.59,0,1,1,,,2,1,33.33,70,2,40.0,112,55,166,71.86,6,24.0,19,0,0,0,,1,0,3,0,0,20,0,0,25,9,69,0,0,5,0,0.0,,19,18,1,0,0,,49,49.49,0,0,0,65,2,10,0,6,,0,0,0,0,0.0,0,0,0,0,133,7,0,0,0,0,0,0,0,0,0,0.0,0.0,0,4,2,0,3,10,45.45,0,2,0,0.0,10,13,22,3,55,44.35,5,168,66,231,131.8,6,0,381,37,1,0,17885.0,930000.0,F,38.0,North Macedonia
Luka Romero,1032022,Lazio,2699,italy,2122,95,8,0,6.59,0,0,0,,,0,1,100.0,10,0,0.0,22,12,33,94.29,0,0.0,1,0,0,0,,0,0,0,0,0,7,0,0,0,2,6,0,0,2,0,0.0,,1,1,0,0,0,,7,58.33,0,0,0,2,1,1,0,0,,0,0,0,0,0.0,0,0,0,0,6,0,0,0,0,0,0,0,0,0,0,0.0,0.0,0,0,1,0,1,2,66.67,0,2,1,50.0,1,0,3,1,7,53.85,0,24,12,35,46.1,1,0,51,3,0,0,9808.0,510000.0,F,17.0,Argentina
Demba Seck,1012248,Torino,2696,italy,2122,161,6,1,6.58,0,0,0,,,0,0,0.0,22,1,100.0,29,5,34,85.0,1,25.0,3,0,0,0,,0,1,1,0,0,6,0,0,2,0,9,0,0,2,0,0.0,,1,1,0,0,0,,8,57.14,0,0,0,6,0,0,0,2,,0,0,0,0,0.0,0,0,0,0,17,0,0,0,0,0,0,0,0,0,0,0.0,0.0,0,2,2,0,3,4,66.67,0,2,1,50.0,0,0,6,2,9,50.0,1,35,7,40,39.5,4,0,67,2,0,0,14231.0,740000.0,F,20.0,Senegal
Fodé Ballo-Touré,788170,Milan,2692,italy,2122,449,10,5,6.58,0,0,0,,,5,3,16.67,48,5,100.0,104,98,199,89.64,5,35.71,9,0,0,0,,0,1,0,0,4,10,0,0,6,5,37,0,0,12,0,0.0,,9,9,0,0,0,,33,54.1,0,0,0,23,3,4,0,1,,0,0,0,1,0.0,0,0,0,0,59,4,0,0,0,0,0,0,0,0,0,0.0,0.0,0,1,1,1,1,5,50.0,0,18,14,77.78,4,7,10,18,38,50.67,5,133,107,222,65.8,2,0,354,10,2,0,24615.0,1280000.0,D,25.0,Senegal
Daniel Bessa,301164,Hellas Verona,2701,italy,2122,769,24,5,6.58,1,1,2,,,11,3,17.65,137,17,50.0,254,126,377,82.49,8,53.33,7,0,0,0,,1,0,4,0,11,23,0,0,14,11,57,0,0,21,0,10.0,,16,15,1,0,1,,31,38.27,0,0,0,80,5,10,0,2,,0,0,0,0,0.0,0,0,0,0,122,6,0,1,1,0,0,0,0,0,0,769.0,0.0,0,2,8,4,2,12,75.0,0,7,2,28.57,10,24,16,17,39,40.63,34,330,144,457,151.3,10,0,602,12,3,1,15962.0,830000.0,M,29.0,Italy
Matteo Ruggeri,965011,Salernitana,2710,italy,2122,677,14,8,6.58,0,0,0,,,5,5,17.24,29,13,41.94,77,86,158,70.22,9,56.25,7,0,0,0,,0,0,0,0,24,13,0,0,3,3,17,0,0,1,0,0.0,,15,13,2,0,0,,13,56.52,0,0,0,67,2,4,0,1,,0,0,0,0,0.0,0,0,0,0,120,6,0,0,0,0,0,0,0,0,0,0.0,0.0,0,3,0,3,0,3,50.0,0,8,4,50.0,4,27,6,29,22,56.41,31,153,101,225,85.5,3,0,378,2,1,0,0.0,0.0,D,19.0,Italy
Federico Ceccherini,139410,Hellas Verona,2701,italy,2122,2368,34,29,6.58,1,0,1,,,53,0,0.0,157,63,42.28,391,554,945,79.41,62,55.36,50,0,0,0,,1,1,1,1,73,34,0,0,12,14,137,1,0,57,0,9.09,,41,36,5,1,0,,71,44.94,1,0,0,245,50,7,0,3,,0,0,0,0,0.0,0,0,0,0,311,4,0,1,0,0,0,0,0,0,0,2368.0,0.0,0,10,1,8,2,14,66.67,0,32,16,50.0,7,115,21,5,133,49.26,149,545,650,1190,223.6,11,0,1535,25,10,1,17885.0,930000.0,D,29.0,Italy
Toma Bašić,798002,Lazio,2699,italy,2122,1002,29,9,6.58,0,2,2,,,11,1,6.67,84,10,58.82,183,203,385,88.51,8,44.44,10,0,0,0,,2,2,0,0,20,29,0,0,6,12,48,0,0,13,0,0.0,,21,15,6,0,0,,25,39.68,0,0,1,50,4,6,0,0,,0,0,0,0,0.0,0,0,0,0,96,4,0,0,0,0,0,0,0,0,0,0.0,0.0,2,7,9,5,11,7,50.0,0,12,8,66.67,6,23,14,15,33,40.74,17,232,218,435,190.7,16,0,587,6,3,0,39423.0,2050000.0,M,25.0,Croatia
Matteo Cancellieri,1017649,Hellas Verona,2701,italy,2122,235,12,1,6.58,1,0,1,,,0,2,25.0,15,0,0.0,31,9,38,69.09,4,23.53,13,0,0,0,,0,1,0,0,0,12,0,0,2,5,35,0,0,9,0,25.0,,6,5,1,0,1,,14,38.89,0,0,0,17,1,4,1,1,,0,0,0,0,0.0,0,0,0,0,42,1,0,0,0,0,0,0,0,0,0,235.0,0.0,0,2,2,3,1,6,50.0,0,4,4,100.0,4,0,12,8,18,33.96,2,52,11,55,78.9,4,0,113,4,1,0,35577.0,1850000.0,F,19.0,Italy
André Anderson,947171,Lazio,2699,italy,2122,61,4,0,6.58,0,0,0,,,0,0,0.0,2,1,100.0,9,15,24,82.76,0,0.0,0,0,0,0,,0,0,0,0,1,4,0,0,2,2,6,0,0,2,0,0.0,,0,0,0,0,0,,7,53.85,0,0,0,5,2,0,0,0,,0,0,0,0,0.0,0,0,0,0,12,0,0,0,0,0,0,0,0,0,0,0.0,0.0,0,1,0,1,0,1,100.0,0,2,0,0.0,0,2,1,1,7,53.85,1,14,16,29,26.3,1,0,52,4,1,0,17885.0,930000.0,F,22.0,Italy
Dejan Kulusevski,928124,Juventus,2687,italy,2122,765,20,5,6.57,1,3,4,,,4,2,25.0,82,5,71.43,136,55,189,81.82,9,42.86,12,0,0,0,,2,2,4,1,5,19,0,0,23,13,89,0,0,29,0,5.56,,9,7,2,1,0,,43,35.83,0,0,1,42,5,10,1,3,,0,0,0,0,0.0,0,0,0,0,132,8,0,0,0,0,0,0,0,0,0,765.0,0.0,0,15,3,8,6,18,56.25,0,15,12,80.0,10,8,32,8,52,36.88,7,179,60,231,124.9,18,0,436,10,1,0,89038.0,4630000.0,F,21.0,Sweden
Diego Perotti,47171,Salernitana,2710,italy,2122,294,11,1,6.57,0,0,0,,,1,4,18.18,31,2,50.0,66,43,105,87.5,4,40.0,6,0,0,1,,0,2,4,0,5,11,0,0,6,9,31,0,0,5,0,0.0,,6,5,1,0,0,,29,53.7,0,0,0,15,2,5,0,0,,0,0,1,0,0.0,0,0,0,0,53,1,0,0,0,0,0,0,0,0,0,0.0,0.0,1,8,2,3,3,8,61.54,0,11,5,45.45,5,3,13,22,33,51.56,4,98,44,120,72.3,10,0,221,10,1,0,0.0,0.0,F,33.0,Argentina
Sydney van Hooijdonk,943595,Bologna,2685,italy,2122,41,4,0,6.57,0,0,0,,,0,0,0.0,6,0,0.0,11,2,13,76.47,3,60.0,2,0,0,0,,0,0,0,0,0,3,0,0,1,1,4,0,0,0,0,0.0,,0,0,0,0,0,,1,33.33,0,0,0,4,0,0,0,0,,0,0,0,0,0.0,0,0,0,0,7,0,0,0,0,0,0,0,0,0,0,0.0,0.0,0,0,0,0,0,1,100.0,0,0,0,0.0,0,0,1,0,4,50.0,0,15,2,17,19.7,0,0,25,0,0,0,9808.0,510000.0,F,21.0,Netherlands
Leo Østigård,879746,Genoa,2713,italy,2122,1171,15,13,6.57,0,0,0,,,32,0,0.0,47,34,35.42,151,240,391,70.83,64,76.19,20,0,0,0,,0,0,1,4,51,15,0,1,0,2,37,0,1,15,0,0.0,,19,15,4,0,0,,23,57.5,0,0,0,161,8,2,0,3,,0,0,0,0,0.0,0,0,0,0,168,1,0,2,0,0,0,0,0,0,0,0.0,0.0,0,4,3,4,2,2,66.67,0,16,9,56.25,2,78,3,0,87,70.16,96,246,306,552,98.5,7,1,693,6,2,1,0.0,0.0,D,22.0,Norway
Stefano Sturaro,148191,Genoa,2713,italy,2122,1775,25,24,6.56,0,0,0,,,15,5,13.51,107,20,37.74,227,144,366,65.59,50,49.02,52,0,0,0,,2,0,4,5,26,25,0,0,25,26,161,0,2,53,0,0.0,,23,19,4,0,0,,85,43.81,0,0,0,192,15,9,0,4,,0,0,0,0,0.0,0,0,0,0,295,14,0,0,0,0,0,0,0,0,0,0.0,0.0,0,2,7,5,0,5,38.46,0,43,26,60.47,9,47,13,37,135,45.61,53,394,201,558,164.1,9,0,896,37,12,0,42692.0,2220000.0,M,28.0,Italy
Joakim Mæhle,842364,Atalanta,2686,italy,2122,1469,26,15,6.56,1,1,2,,,26,3,11.11,211,22,51.16,378,248,623,81.44,11,44.0,14,0,0,0,,1,2,9,2,8,26,0,0,19,15,85,0,0,10,0,4.76,,24,22,2,1,0,,58,44.96,0,0,0,142,14,16,0,1,,0,0,0,1,0.0,0,0,0,0,248,16,0,0,1,0,0,0,0,0,0,1469.0,0.0,0,10,11,8,4,12,29.27,0,21,11,52.38,16,49,41,27,69,44.81,43,492,300,765,170.6,21,0,1167,25,2,0,24615.0,1280000.0,D,24.0,Denmark
Janis Antiste,963398,Spezia,2735,italy,2122,800,18,9,6.56,1,0,1,,,2,3,25.0,44,3,37.5,75,56,128,65.31,16,45.71,19,0,0,0,,0,2,1,0,6,18,0,0,7,8,62,0,0,15,0,9.09,,23,20,3,1,0,,32,42.67,0,0,0,68,4,6,0,5,,0,0,0,0,0.0,0,0,0,0,124,2,0,0,1,0,0,0,0,0,0,800.0,0.0,0,10,1,7,3,8,38.1,0,18,11,61.11,6,9,21,12,48,43.64,8,138,70,196,118.1,11,0,337,6,0,0,13654.0,710000.0,F,19.0,France
Raúl Moro,980383,Lazio,2699,italy,2122,200,11,1,6.56,0,1,1,,,0,0,0.0,26,0,0.0,49,23,72,87.8,0,0.0,0,0,0,0,,0,0,1,0,0,10,0,0,2,4,13,0,0,0,0,0.0,,4,3,1,0,0,,6,31.58,0,0,0,10,0,6,0,0,,0,0,0,0,0.0,0,0,0,0,27,2,0,0,0,0,0,0,0,0,0,0.0,0.0,0,2,0,0,1,3,30.0,0,3,3,100.0,6,0,10,2,6,31.58,0,57,27,82,65.6,2,0,115,0,0,0,17885.0,930000.0,F,19.0,Spain
Ştefan Radu,13592,Lazio,2699,italy,2122,554,10,6,6.56,0,0,0,,,9,0,0.0,30,8,47.06,90,154,244,84.72,8,47.06,9,0,0,0,,0,0,1,1,15,9,0,0,3,4,20,0,0,4,0,0.0,,11,8,3,0,0,,14,56.0,0,0,0,44,5,0,0,0,,0,0,0,0,0.0,0,0,0,0,70,2,0,0,0,0,0,0,0,0,0,0.0,0.0,0,0,2,0,1,1,100.0,0,9,6,66.67,0,22,1,7,22,52.38,17,119,176,288,59.0,2,0,389,5,2,0,42692.0,2220000.0,D,35.0,Romania
Jens Stryger Larsen,44848,Udinese,2695,italy,2122,686,11,8,6.55,0,1,1,,,7,5,25.0,42,9,36.0,89,71,155,78.68,4,40.0,6,0,0,0,,1,1,3,2,12,11,0,0,6,1,23,0,0,3,0,0.0,,12,10,2,0,0,,12,41.38,0,0,0,42,4,10,0,1,,1,0,0,0,0.0,0,0,0,0,91,1,0,0,0,0,0,0,0,0,0,0.0,0.0,0,4,5,2,4,4,36.36,0,5,2,40.0,10,15,11,20,16,41.03,25,125,92,197,72.1,9,0,352,3,0,0,17885.0,930000.0,D,30.0,Denmark
Federico Peluso,44104,Sassuolo,2793,italy,2122,16,2,0,6.55,0,0,0,,,0,0,0.0,0,0,0.0,3,0,3,100.0,0,0.0,0,0,0,0,,0,0,0,0,0,2,0,0,0,0,1,0,0,1,0,0.0,,0,0,0,0,0,,1,50.0,0,0,0,0,0,0,0,0,,0,0,0,0,0.0,0,0,0,0,0,0,0,0,0,0,0,0,0,0,0,0.0,0.0,0,0,0,0,0,0,0.0,0,1,1,100.0,0,0,0,0,1,50.0,0,3,0,3,13.1,0,0,4,0,0,0,21346.0,1110000.0,D,38.0,Italy
Dennis Johnsen,869275,Venezia,2688,italy,2122,1470,27,17,6.55,1,2,3,,,14,10,23.81,85,15,57.69,137,50,177,63.67,5,20.0,20,0,0,0,,6,3,3,0,3,27,0,0,23,12,108,0,0,9,0,6.67,,28,24,4,1,0,,46,34.33,0,0,0,101,5,24,0,13,,0,0,0,0,0.0,0,0,0,0,270,9,0,0,1,0,0,0,0,0,0,1470.0,0.0,0,11,4,7,5,20,30.3,0,14,10,71.43,24,23,66,42,51,32.08,26,242,78,278,176.8,15,0,570,12,2,0,8077.0,420000.0,F,23.0,Norway
Mitchell Dijks,235400,Bologna,2685,italy,2122,692,16,7,6.55,0,1,1,,,7,4,14.29,47,4,33.33,92,99,187,79.24,9,69.23,4,0,0,0,,1,1,1,2,9,15,0,0,4,7,41,0,1,10,0,0.0,,12,9,3,0,0,,37,50.0,0,0,0,49,3,7,0,0,,0,0,0,0,0.0,0,0,0,0,126,3,0,0,0,0,0,0,0,0,0,0.0,0.0,0,4,0,3,0,12,42.86,0,15,6,40.0,7,14,28,28,46,52.87,12,144,120,236,98.2,4,0,458,10,2,0,28462.0,1480000.0,D,28.0,Netherlands
Boško Šutalo,942992,Hellas Verona,2701,italy,2122,915,24,6,6.55,0,0,0,,,9,2,20.0,49,29,50.0,132,212,342,77.2,20,42.55,27,0,0,0,,0,0,0,0,34,22,0,0,6,8,61,0,0,12,0,0.0,,20,19,1,0,0,,39,53.42,0,0,0,101,17,1,0,1,,0,0,0,0,0.0,0,0,0,0,147,4,0,0,0,0,0,0,0,0,0,0.0,0.0,0,3,2,4,1,10,52.63,0,20,13,65.0,1,32,19,10,59,49.17,58,198,255,443,144.0,5,1,651,9,0,0,8846.0,460000.0,D,22.0,Croatia
Jeroen Zoet,40963,Spezia,2735,italy,2122,630,7,7,6.54,0,0,0,,,9,0,0.0,4,36,39.56,12,127,139,71.28,3,75.0,1,0,0,0,,0,0,0,0,5,7,0,0,0,0,2,0,0,1,0,0.0,,19,14,5,0,0,0.0,3,75.0,0,2,0,56,0,0,0,0,,0,0,0,1,0.0,2,0,1,0,57,0,1,0,0,3,15,9,24,0,6,0.0,0.0,0,0,0,0,0,0,0.0,2,1,0,0.0,0,22,0,0,6,75.0,91,56,139,195,45.8,0,0,273,3,0,0,24615.0,1280000.0,K,31.0,Netherlands
Hernani,156019,Genoa,2713,italy,2122,679,18,7,6.54,0,0,0,,,3,3,20.0,40,10,66.67,91,79,167,75.57,13,37.14,22,0,0,0,,1,0,3,0,5,14,0,0,11,19,69,0,1,12,0,0.0,,20,15,5,0,0,,35,42.68,0,0,0,54,13,2,0,2,,0,0,0,1,0.0,0,0,0,0,100,8,0,0,0,0,0,0,0,0,0,0.0,0.0,3,4,6,3,4,5,45.45,0,20,10,50.0,2,6,11,15,48,41.03,15,140,96,221,91.6,10,0,374,10,0,0,46346.0,2410000.0,M,27.0,Brazil
Nani,17740,Venezia,2688,italy,2122,294,10,3,6.54,0,1,1,,,6,2,14.29,34,4,57.14,62,24,84,75.68,6,66.67,3,0,0,0,,1,0,1,0,0,10,0,0,6,1,19,0,1,2,0,0.0,,8,8,0,0,0,,14,46.67,0,0,0,27,2,6,0,0,,0,0,0,0,0.0,0,0,0,0,67,2,0,0,0,0,0,0,0,0,0,0.0,0.0,0,1,2,2,0,5,41.67,0,2,1,50.0,6,9,12,14,20,51.28,7,90,35,111,65.4,3,0,189,8,1,0,19808.0,1030000.0,F,35.0,Portugal
Nicolas Viola,21608,Bologna,2685,italy,2122,107,6,1,6.54,0,0,0,,,4,1,20.0,10,1,16.67,15,28,42,73.68,3,100.0,0,0,0,0,,0,0,0,0,1,5,0,0,0,1,6,0,0,2,0,0.0,,4,4,0,0,0,,5,45.45,0,0,0,15,0,0,0,0,,0,0,0,0,0.0,0,0,0,0,23,1,0,0,0,0,0,0,0,0,0,0.0,0.0,0,0,1,1,0,1,25.0,0,2,2,100.0,0,12,4,5,8,57.14,6,31,31,57,32.7,1,0,78,2,0,0,5385.0,280000.0,M,32.0,Italy
Pasquale Mazzocchi,377512,Salernitana,2710,italy,2122,2521,33,30,6.54,0,2,2,,,39,25,20.0,134,46,45.54,291,401,667,79.78,23,54.76,19,0,0,0,,4,0,2,1,53,33,0,0,25,36,157,0,1,40,0,0.0,,48,42,6,0,0,,92,40.0,0,0,0,169,32,23,0,1,,0,0,0,0,0.0,0,0,0,0,453,7,0,0,0,0,0,0,0,0,0,0.0,0.0,1,4,7,7,2,34,46.58,0,46,27,58.7,23,81,73,125,115,42.28,101,500,461,836,215.8,11,0,1581,13,5,0,3846.0,200000.0,D,26.0,Italy
Marco Benassi,249629,Empoli,2705,italy,2122,538,18,4,6.54,0,0,0,,,12,3,17.65,61,14,51.85,117,91,205,76.21,10,34.48,19,0,0,0,,1,1,3,0,6,18,0,0,1,10,40,0,0,9,0,0.0,,14,13,1,0,0,,14,40.0,0,0,0,64,6,5,0,0,,0,0,0,0,0.0,0,0,0,0,92,3,0,0,0,0,0,0,0,0,0,0.0,0.0,0,6,4,4,3,2,40.0,0,7,3,42.86,5,22,5,17,24,37.5,27,173,113,269,117.7,10,0,374,5,2,0,46346.0,2410000.0,M,27.0,Italy
Michaël Cuisance,826208,Venezia,2688,italy,2122,929,13,13,6.54,0,0,0,,,11,2,11.11,91,20,60.61,157,125,280,80.46,9,50.0,9,0,0,0,,1,1,2,0,3,13,0,0,26,18,80,0,0,12,0,0.0,,19,19,0,0,0,,51,41.8,0,0,0,68,12,10,0,1,,0,0,0,1,0.0,0,0,0,0,141,12,0,0,0,0,0,0,0,0,0,0.0,0.0,2,2,4,3,1,19,54.29,0,23,9,39.13,10,25,35,18,60,42.86,33,219,147,348,85.0,6,0,548,9,2,0,9808.0,510000.0,M,22.0,France
Marko Rog,573616,Cagliari,2719,italy,2122,307,8,2,6.54,0,1,1,,,2,0,0.0,50,3,60.0,90,30,120,81.63,4,44.44,5,0,0,0,,0,0,3,0,3,8,0,0,7,7,34,0,0,11,0,0.0,,5,5,0,0,0,,23,44.23,0,0,0,27,1,4,0,0,,0,0,0,0,0.0,0,0,0,0,49,4,0,0,0,0,0,0,0,0,0,0.0,0.0,0,2,5,3,1,4,44.44,0,5,3,60.0,4,8,9,3,27,44.26,5,114,36,147,52.3,7,0,216,14,0,0,53462.0,2780000.0,M,26.0,Croatia
Valerio Verre,139267,Empoli,2705,italy,2122,743,19,10,6.54,0,1,1,,,28,5,27.78,107,22,56.41,177,92,264,72.33,6,30.0,14,0,0,0,,1,1,6,0,5,19,0,1,18,10,69,0,0,16,0,0.0,,16,12,4,0,0,,33,37.5,0,0,0,101,1,14,0,0,,0,1,0,0,0.0,0,0,0,0,176,14,0,1,0,0,0,0,0,0,0,0.0,0.0,0,8,12,9,5,9,42.86,0,11,7,63.64,13,64,21,18,39,36.11,39,277,106,365,124.2,20,0,539,13,2,0,25000.0,1300000.0,M,28.0,Italy
Martín Satriano,973536,Inter,2697,italy,2122,43,4,0,6.53,0,0,0,,,0,0,0.0,3,0,0.0,5,3,8,72.73,1,25.0,3,0,0,0,,0,0,0,0,0,3,0,0,1,0,5,0,0,1,0,0.0,,0,0,0,0,0,,1,33.33,0,0,0,3,0,1,0,0,,0,0,0,0,0.0,0,0,0,0,6,1,0,0,0,0,0,0,0,0,0,0.0,0.0,0,0,0,0,0,0,0.0,0,1,0,0.0,1,0,0,0,2,28.57,0,7,4,11,19.6,0,0,15,0,0,0,0.0,0.0,F,20.0,Uruguay
Michael Svoboda,888340,Venezia,2688,italy,2122,1234,18,13,6.53,0,0,0,,,48,0,0.0,38,55,50.46,143,365,508,81.8,27,49.09,28,0,0,0,,0,0,3,2,59,18,0,1,6,14,56,3,2,9,0,0.0,,29,28,1,0,0,,39,58.21,0,0,0,113,10,0,0,0,,0,0,0,2,0.0,0,0,0,0,128,0,0,1,0,0,0,0,0,0,0,0.0,0.0,0,7,0,4,0,2,66.67,0,33,17,51.52,0,88,3,1,66,54.1,109,204,418,621,117.6,7,1,802,4,2,0,2500.0,130000.0,D,23.0,Austria
Ronaldo Vieira,839818,Sampdoria,2711,italy,2122,493,14,4,6.53,0,0,0,,,6,0,0.0,30,14,48.28,95,150,245,86.27,3,23.08,10,0,0,0,,0,0,1,0,5,13,0,0,6,5,33,0,1,11,0,0.0,,6,6,0,0,0,,16,41.03,0,0,0,39,6,0,0,0,,0,0,0,0,0.0,0,0,0,0,53,3,0,0,0,0,0,0,0,0,0,0.0,0.0,0,1,0,0,0,2,50.0,0,10,6,60.0,0,14,4,1,19,36.54,29,123,162,284,84.9,1,0,349,4,3,0,17885.0,930000.0,M,23.0,England
Vanja Milinković-Savić,356160,Torino,2696,italy,2122,2430,27,27,6.53,0,0,0,,,79,0,0.0,84,204,29.78,165,266,431,46.8,4,80.0,1,0,0,0,,0,0,0,4,14,27,1,0,0,1,4,0,2,2,0,0.0,,33,27,6,0,0,-4.77,2,40.0,0,16,0,490,0,0,0,0,,0,0,0,2,0.0,8,0,1,0,499,0,7,0,0,7,25,22,48,2,6,0.0,0.0,0,1,0,1,0,2,100.0,7,0,0,0.0,0,210,2,0,6,60.0,685,614,307,921,176.3,1,0,1121,1,3,0,14231.0,740000.0,K,24.0,Serbia
Wajdi Kechrida,880061,Salernitana,2710,italy,2122,962,17,10,6.53,0,1,1,,,8,10,31.25,78,10,37.04,146,69,205,76.49,2,14.29,12,0,0,0,,2,0,3,0,13,17,0,0,10,5,37,0,0,8,0,0.0,,29,25,4,0,0,,12,32.43,0,0,0,63,8,12,0,1,,0,0,0,0,0.0,0,0,0,0,117,3,0,0,0,0,0,0,0,0,0,0.0,0.0,0,4,2,2,1,2,40.0,0,9,6,66.67,12,16,5,32,14,27.45,27,209,91,268,111.0,6,0,427,1,0,0,5385.0,280000.0,M,26.0,Tunisia
Pietro Pellegri,839226,Torino,2696,italy,2122,345,15,2,6.53,1,0,1,,,0,0,0.0,18,1,50.0,24,14,38,62.3,12,40.0,18,0,0,0,,0,0,3,0,6,14,0,0,12,5,58,0,0,17,0,12.5,,7,5,2,1,0,,16,28.57,1,0,1,23,0,4,0,6,,0,0,0,0,0.0,0,0,0,0,65,3,0,0,0,0,0,0,0,0,0,345.0,0.0,0,5,3,2,3,5,41.67,0,3,3,100.0,4,0,12,0,28,32.56,2,42,19,61,91.4,8,0,142,8,1,0,24615.0,1280000.0,F,20.0,Italy
Ernesto Torregrossa,127000,Sampdoria,2711,italy,2122,132,10,0,6.53,0,0,0,,,3,0,0.0,15,4,80.0,24,6,30,73.17,3,50.0,3,0,0,0,,0,0,0,0,1,8,0,0,1,1,14,0,0,7,0,0.0,,3,3,0,0,0,,9,45.0,0,0,0,11,0,2,0,5,,0,0,0,0,0.0,0,0,0,0,23,0,0,0,0,0,0,0,0,0,0,0.0,0.0,0,0,0,0,0,0,0.0,0,2,1,50.0,2,3,4,0,12,46.15,5,35,6,41,52.2,0,0,66,7,1,0,28462.0,1480000.0,F,29.0,Italy
Giangiacomo Magnani,812829,Sampdoria,2711,italy,2122,767,18,8,6.52,0,0,0,,,11,0,0.0,24,23,41.82,72,232,304,79.79,27,61.36,17,0,0,0,,0,0,0,0,58,17,0,1,0,8,39,0,0,14,0,0.0,,15,13,2,0,0,,23,51.11,0,0,0,77,17,0,0,0,,0,0,0,0,0.0,0,0,0,0,85,0,0,1,0,0,0,0,0,0,0,0.0,0.0,0,5,0,4,1,0,0.0,0,14,9,64.29,0,36,0,2,50,56.18,55,124,259,381,110.9,5,0,517,10,3,0,21346.0,1110000.0,D,26.0,Italy
Francesco Magnanelli,44138,Sassuolo,2793,italy,2122,287,12,2,6.52,0,0,0,,,17,0,0.0,37,20,60.61,95,133,228,89.41,3,50.0,3,0,0,0,,0,0,0,0,3,9,0,0,1,8,21,0,0,10,0,0.0,,10,9,1,0,0,,12,40.0,0,0,0,27,1,1,0,0,,0,0,0,0,0.0,0,0,0,0,29,1,0,0,0,0,0,0,0,0,0,0.0,0.0,0,0,2,2,0,0,0.0,0,5,4,80.0,1,27,0,0,15,41.67,33,116,139,255,58.7,2,0,282,7,1,0,25000.0,1300000.0,M,37.0,Italy
Borja Mayoral,604954,Roma,2702,italy,2122,109,5,1,6.52,0,0,0,,,1,0,0.0,8,1,50.0,17,9,26,72.22,0,0.0,0,0,0,0,,0,0,1,0,0,5,0,0,0,0,3,0,0,0,0,0.0,,0,0,0,0,0,,3,50.0,0,0,0,10,0,0,0,0,,0,0,0,0,0.0,0,0,0,0,18,2,0,0,0,0,0,0,0,0,0,0.0,0.0,0,1,0,0,0,1,25.0,0,0,0,0.0,0,3,4,3,3,50.0,2,28,11,36,32.6,1,0,50,2,0,0,56731.0,2950000.0,F,24.0,Spain
Aleksandr Kokorin,42987,Fiorentina,2693,italy,2122,58,6,0,6.52,0,0,0,,,0,0,0.0,4,1,33.33,9,6,15,62.5,5,50.0,5,0,0,0,,0,0,0,0,0,5,0,0,0,0,7,0,0,2,0,0.0,,2,2,0,0,0,,3,60.0,0,0,0,9,0,0,0,0,,0,0,0,0,0.0,0,0,0,0,14,1,0,0,0,0,0,0,0,0,0,0.0,0.0,0,0,0,0,0,0,0.0,0,1,1,100.0,0,0,0,0,8,53.33,3,16,8,24,32.6,0,0,35,2,1,0,41923.0,2180000.0,F,30.0,Russia
Vedat Muriqi,310874,Lazio,2699,italy,2122,222,11,1,6.52,0,0,0,,,1,0,0.0,11,2,100.0,21,21,42,65.63,11,42.31,15,0,0,0,,0,2,0,0,1,10,0,0,3,5,29,0,0,5,0,0.0,,7,6,1,0,0,,13,48.15,0,0,0,22,0,0,0,1,,0,0,0,0,0.0,0,0,0,1,37,0,0,0,0,0,0,0,0,0,0,0.0,0.0,0,3,1,2,2,3,60.0,0,1,0,0.0,0,1,5,0,24,45.28,2,40,24,64,65.2,4,0,108,9,1,0,54231.0,2820000.0,F,27.0,Kosovo
Radu Drăguşin,997103,Salernitana,2710,italy,2122,1116,20,9,6.52,0,0,0,,,16,1,25.0,37,31,46.97,89,192,280,74.27,22,61.11,14,0,0,0,,0,1,1,0,50,20,0,0,4,10,37,0,0,9,0,0.0,,27,24,3,0,0,,18,43.9,0,0,0,97,23,4,0,1,,0,0,0,0,0.0,0,0,0,0,125,0,0,0,0,0,0,0,0,0,0,0.0,0.0,0,2,1,2,0,1,50.0,0,9,7,77.78,4,35,2,4,40,51.95,66,153,228,377,130.4,3,0,571,9,2,0,17885.0,930000.0,D,19.0,Romania
Mikael,994017,Salernitana,2710,italy,2122,84,7,0,6.52,0,0,0,,,0,0,0.0,4,1,100.0,8,2,10,55.56,6,46.15,7,0,0,0,,0,0,1,0,1,6,0,0,1,0,13,0,0,3,0,0.0,,0,0,0,0,0,,3,33.33,0,0,1,8,0,0,0,0,,0,0,0,0,0.0,0,0,0,0,16,2,0,0,0,0,0,0,0,0,0,0.0,0.0,0,2,1,2,0,0,0.0,0,1,1,100.0,0,0,2,0,9,40.91,1,15,3,18,39.1,3,0,42,2,0,0,0.0,0.0,F,22.0,Brazil
Matheus Henrique,912786,Sassuolo,2793,italy,2122,1072,25,10,6.51,0,1,1,,,17,3,25.0,145,28,68.29,339,205,541,91.23,4,36.36,7,0,0,0,,1,0,6,0,11,24,0,0,18,18,72,0,1,18,0,0.0,,22,21,1,0,0,,43,39.81,0,0,0,52,7,14,0,0,,0,0,0,0,0.0,0,0,0,0,101,6,0,0,0,0,0,0,0,0,0,0.0,0.0,0,1,7,2,0,20,64.52,0,10,3,30.0,14,22,31,12,47,39.5,41,378,227,593,156.3,8,0,753,13,3,0,10962.0,570000.0,M,24.0,Brazil
Eddie Salcedo,893643,Spezia,2735,italy,2122,446,12,5,6.51,0,0,0,,,2,3,23.08,37,4,66.67,74,26,97,72.93,11,50.0,11,0,0,0,,0,2,6,0,6,11,0,0,7,1,31,0,1,8,0,0.0,,10,10,0,0,0,,10,33.33,0,0,1,36,0,5,0,2,,0,0,0,0,0.0,0,0,0,0,75,2,0,0,0,0,0,0,0,0,0,0.0,0.0,1,13,3,6,4,3,33.33,0,1,1,100.0,5,3,9,13,21,40.38,6,109,37,133,71.6,16,0,221,6,1,0,6346.0,330000.0,F,20.0,Italy
Moise Kean,835601,Juventus,2687,italy,2122,1107,32,12,6.5,5,1,6,,,6,1,16.67,52,8,66.67,101,73,173,78.28,22,59.46,15,0,0,0,,0,8,5,0,8,31,0,0,21,10,89,1,0,20,0,17.86,,14,11,3,5,0,,43,36.75,3,0,1,48,3,5,1,12,,0,0,0,0,0.0,0,0,0,1,149,6,0,0,1,0,0,0,0,0,0,221.4,0.0,0,27,1,13,10,18,40.91,0,9,4,44.44,5,11,44,6,65,42.21,12,142,85,221,201.5,28,0,431,16,5,0,61731.0,3210000.0,F,21.0,Italy
Suf Podgoreanu,1010062,Spezia,2735,italy,2122,109,5,1,6.5,0,1,1,,,2,1,14.29,16,0,0.0,29,9,37,82.22,2,100.0,0,0,0,0,,0,0,1,0,3,5,0,0,2,3,10,0,0,2,0,0.0,,5,3,2,0,0,,7,41.18,0,0,0,8,1,1,0,0,,0,0,0,0,0.0,0,0,0,0,21,1,0,0,0,0,0,0,0,0,0,0.0,0.0,0,0,1,0,0,3,50.0,0,2,0,0.0,1,2,6,7,9,47.37,2,40,12,45,32.5,1,0,78,2,0,0,2500.0,130000.0,F,20.0,Israel
Cristiano Ronaldo,750,Juventus,2687,italy,2122,31,1,0,6.5,0,0,0,,,0,0,0.0,3,0,0.0,6,2,8,61.54,0,0.0,0,0,0,0,,0,1,0,0,0,1,0,0,0,0,0,0,0,0,0,0.0,,1,1,0,0,0,,3,100.0,0,0,0,5,0,1,0,1,,0,0,0,0,0.0,0,0,0,0,5,0,0,0,0,0,0,0,0,0,0,0.0,0.0,0,1,0,1,0,1,100.0,0,1,0,0.0,1,1,1,0,3,100.0,0,10,3,13,6.5,1,0,17,1,1,0,,,,,
Simone Pafundi,1133119,Udinese,2695,italy,2122,22,1,0,6.5,0,0,0,,,0,0,0.0,1,1,50.0,5,5,10,83.33,0,0.0,0,0,0,0,,0,0,0,0,0,1,0,0,0,1,2,0,0,1,0,0.0,,0,0,0,0,0,,0,0.0,0,0,0,2,0,0,0,0,,0,0,0,0,0.0,0,0,0,0,2,0,0,0,0,0,0,0,0,0,0,0.0,0.0,0,0,1,0,1,0,0.0,0,0,0,0.0,0,0,0,0,0,0.0,2,7,5,12,6.5,1,0,13,0,0,0,,,,,
Ebenezer Annan,1105074,Bologna,2685,italy,2122,24,1,0,6.5,0,0,0,,,0,0,0.0,2,0,0.0,2,1,3,42.86,0,0.0,0,0,0,0,,0,0,0,0,1,1,0,0,0,0,0,0,0,0,0,0.0,,1,1,0,0,0,,1,100.0,0,0,0,4,1,0,0,0,,0,0,0,0,0.0,0,0,0,0,7,0,0,0,0,0,0,0,0,0,0,0.0,0.0,0,0,0,0,0,0,0.0,0,1,1,100.0,0,4,0,1,1,100.0,1,7,1,7,6.5,0,0,14,0,0,0,,,,,
Denis Vavro,293127,Lazio,2699,italy,2122,9,1,0,6.5,0,0,0,,,0,0,0.0,0,0,0.0,0,6,6,100.0,0,0.0,0,0,0,0,,0,0,0,0,0,1,0,0,0,0,0,0,0,0,0,0.0,,0,0,0,0,0,,0,0.0,0,0,0,0,0,0,0,0,,0,0,0,0,0.0,0,0,0,0,0,0,0,0,0,0,0,0,0,0,0,0.0,0.0,0,0,0,0,0,0,0.0,0,0,0,0.0,0,0,0,0,0,0.0,0,0,6,6,6.5,0,0,6,0,0,0,24615.0,1280000.0,D,25.0,Slovakia
Francesco Rossi,80074,Atalanta,2686,italy,2122,36,1,0,6.5,0,0,0,,,1,0,0.0,0,3,42.86,2,10,12,75.0,0,0.0,0,0,0,0,,0,0,0,0,0,1,0,0,0,0,0,0,0,0,0,0.0,,1,1,0,0,0,0.0,0,0.0,0,0,0,4,0,0,0,0,,0,0,0,0,0.0,0,0,0,0,4,0,0,0,0,0,1,0,1,0,1,0.0,0.0,0,0,0,0,0,0,0.0,0,0,0,0.0,0,3,0,0,0,0.0,7,6,10,16,6.5,0,0,17,0,0,0,3654.0,190000.0,K,30.0,Italy
Dimitrije Kamenović,890910,Lazio,2699,italy,2122,45,1,0,6.5,0,0,0,,,0,0,0.0,0,2,66.67,1,14,15,75.0,2,66.67,1,0,0,0,,0,1,0,0,1,1,0,0,1,0,3,0,0,1,0,0.0,,1,1,0,0,0,,2,50.0,0,0,0,5,2,0,0,0,,0,0,0,0,0.0,0,0,0,0,6,0,0,0,0,0,0,0,0,0,0,0.0,0.0,0,1,0,1,0,0,0.0,0,1,1,100.0,0,0,0,0,4,57.14,3,3,17,20,6.5,1,0,27,1,0,0,7308.0,380000.0,D,21.0,Serbia
Andrea Favilli,785444,Genoa,2713,italy,2122,36,1,0,6.5,0,0,0,,,0,0,0.0,0,0,0.0,1,4,5,83.33,0,0.0,0,0,0,0,,0,0,0,0,2,1,0,0,1,0,1,0,0,0,0,0.0,,2,2,0,0,0,,2,66.67,0,0,0,1,0,0,0,1,,0,0,0,0,0.0,0,0,0,0,5,0,0,0,0,0,0,0,0,0,0,0.0,0.0,0,0,0,0,0,0,0.0,0,1,1,100.0,0,0,0,0,2,66.67,0,2,4,6,6.5,0,0,14,1,0,0,,,,,
Damir Céter,868323,Cagliari,2719,italy,2122,8,1,0,6.5,0,0,0,,,0,0,0.0,0,1,100.0,0,1,1,50.0,0,0.0,0,0,0,0,,0,0,0,0,0,1,0,0,0,0,0,0,0,0,0,0.0,,0,0,0,0,0,,0,0.0,0,0,0,1,0,0,0,0,,0,0,0,0,0.0,0,0,0,0,1,0,0,0,0,0,0,0,0,0,0,0.0,0.0,0,0,0,0,0,0,0.0,0,0,0,0.0,0,0,0,0,0,0.0,1,0,2,2,6.5,0,0,2,0,0,0,8846.0,460000.0,F,24.0,Colombia
Nicolas Galazzi,967747,Venezia,2688,italy,2122,17,1,0,6.5,0,0,0,,,0,0,0.0,2,0,0.0,3,0,3,100.0,0,0.0,1,0,0,0,,0,0,0,0,0,1,0,0,1,1,5,0,0,2,0,0.0,,0,0,0,0,0,,2,33.33,0,0,0,0,0,0,0,0,,0,0,0,0,0.0,0,0,0,0,6,0,0,0,0,0,0,0,0,0,0,0.0,0.0,0,0,0,0,0,0,0.0,0,2,1,50.0,0,0,0,3,2,28.57,0,6,0,3,6.5,0,0,13,0,0,0,,,,,
Issa Bah,987250,Venezia,2688,italy,2122,9,1,0,6.5,0,0,0,,,0,0,0.0,1,0,0.0,4,2,6,100.0,1,100.0,0,0,0,0,,0,0,0,0,0,1,0,0,2,0,2,0,0,0,0,0.0,,0,0,0,0,0,,1,33.33,0,0,0,0,0,0,0,0,,0,0,0,0,0.0,0,0,0,0,2,0,0,0,0,0,0,0,0,0,0,0.0,0.0,0,0,0,0,0,0,0.0,0,0,0,0.0,0,0,0,0,2,50.0,0,4,2,6,6.5,0,0,10,1,0,0,,,,,
Tommaso De Nipoti,1012182,Atalanta,2686,italy,2122,9,1,0,6.5,0,0,0,,,0,0,0.0,0,0,0.0,0,1,1,100.0,1,100.0,0,0,0,0,,0,0,0,0,0,1,0,0,0,0,0,0,0,0,0,0.0,,0,0,0,0,0,,0,0.0,0,0,0,0,0,0,0,1,,0,0,0,0,0.0,0,0,0,0,1,0,0,0,0,0,0,0,0,0,0,0.0,0.0,0,0,0,0,0,0,0.0,0,0,0,0.0,0,0,0,0,1,100.0,0,0,1,1,6.5,0,0,2,0,0,0,,,,,
Julian Kristoffersen,836093,Salernitana,2710,italy,2122,9,1,0,6.5,0,0,0,,,0,0,0.0,1,0,0.0,1,0,1,100.0,2,66.67,1,0,0,0,,0,0,1,0,0,1,0,0,0,0,2,0,0,1,0,0.0,,0,0,0,0,0,,0,0.0,0,0,0,0,0,0,0,1,,0,0,0,0,0.0,0,0,0,0,0,0,0,0,0,0,0,0,0,0,0,0.0,0.0,0,1,0,0,0,0,0.0,0,0,0,0.0,0,0,0,0,2,50.0,0,1,0,1,6.5,1,0,3,0,0,0,,,,,
Alessandro Russo,1168044,Salernitana,2710,italy,2122,28,1,0,6.5,0,0,0,,,0,0,0.0,1,0,0.0,1,2,3,50.0,0,0.0,0,0,0,0,,0,0,0,0,1,1,0,0,0,1,1,0,0,0,0,0.0,,0,0,0,0,0,,2,66.67,0,0,0,3,0,0,0,0,,0,0,0,0,0.0,0,0,0,0,3,0,0,0,0,0,0,0,0,0,0,0.0,0.0,0,0,0,0,0,0,0.0,0,1,0,0.0,0,0,0,0,2,66.67,1,3,3,6,6.5,0,0,10,1,0,0,,,,,
Sam Lammers,804901,Atalanta,2686,italy,2122,44,2,0,6.5,0,0,0,,,0,0,0.0,8,0,0.0,10,2,12,60.0,4,50.0,4,0,0,0,,0,0,0,0,0,2,0,0,0,0,8,0,0,2,0,0.0,,1,0,1,0,0,,4,50.0,0,0,0,8,0,0,0,0,,0,0,0,0,0.0,0,0,0,0,16,0,0,0,0,0,0,0,0,0,0,0.0,0.0,0,0,0,0,0,0,0.0,0,1,0,0.0,0,0,2,0,8,50.0,0,18,2,20,13.0,0,0,34,3,0,0,,,,,
Sebastian Giovinco,27921,Sampdoria,2711,italy,2122,37,2,0,6.5,0,0,0,,,2,0,0.0,6,2,100.0,6,1,7,63.64,0,0.0,0,0,0,0,,0,0,1,0,0,2,0,0,0,1,3,0,0,2,0,0.0,,1,1,0,0,0,,0,0.0,0,0,0,4,0,0,0,0,,0,0,0,0,0.0,0,0,0,0,8,0,0,0,0,0,0,0,0,0,0,0.0,0.0,0,0,1,0,0,0,0.0,0,0,0,0.0,0,3,0,1,0,0.0,2,9,3,11,13.0,1,0,17,0,0,0,12308.0,640000.0,F,35.0,Italy
Samuel Mráz,354576,Spezia,2735,italy,2122,52,2,0,6.5,0,0,0,,,1,0,0.0,2,0,0.0,4,4,8,66.67,2,40.0,3,0,0,0,,0,0,1,0,0,2,0,0,0,0,5,0,0,2,0,0.0,,2,1,1,0,0,,0,0.0,0,0,0,4,0,0,0,1,,0,0,0,0,0.0,0,0,0,0,4,0,0,0,0,0,0,0,0,0,0,0.0,0.0,0,0,1,0,0,0,0.0,0,0,0,0.0,0,1,0,0,2,28.57,0,7,5,12,13.0,1,0,15,0,0,0,,,,,
Ivor Pandur,943212,Hellas Verona,2701,italy,2122,270,3,3,6.5,0,0,0,,,3,0,0.0,1,18,54.55,8,35,43,72.88,0,0.0,0,0,0,0,,0,0,0,0,2,3,0,0,0,0,0,0,0,0,0,0.0,,6,5,1,0,0,0.0,1,100.0,0,0,0,16,0,0,0,0,,0,0,0,0,0.0,1,0,0,0,16,0,0,0,0,1,4,5,9,0,2,0.0,0.0,0,0,0,0,0,0,0.0,1,0,0,0.0,0,4,0,0,1,100.0,33,16,43,59,19.5,0,0,82,1,0,0,3654.0,190000.0,K,21.0,Croatia
Aleksander Buksa,981644,Genoa,2713,italy,2122,67,4,0,6.5,0,0,0,,,0,0,0.0,3,0,0.0,3,2,5,33.33,3,42.86,4,0,0,0,,0,0,0,0,1,3,0,0,1,1,7,0,0,2,0,0.0,,2,1,1,0,0,,0,0.0,0,0,0,10,0,0,0,0,,0,0,0,0,0.0,0,0,0,0,13,1,0,0,0,0,0,0,0,0,0,0.0,0.0,0,0,0,0,0,0,0.0,0,0,0,0.0,0,0,0,0,3,30.0,0,12,3,15,19.5,0,0,19,0,0,0,0.0,0.0,F,19.0,Poland
Edoardo Vergani,918838,Salernitana,2710,italy,2122,113,6,1,6.5,0,0,0,,,0,0,0.0,9,1,100.0,11,2,13,52.0,1,50.0,1,0,0,0,,0,0,0,0,1,6,0,0,1,0,5,0,0,3,0,0.0,,4,4,0,0,0,,3,42.86,0,0,0,12,0,0,0,1,,0,0,0,0,0.0,0,0,0,0,21,0,0,0,0,0,0,0,0,0,0,0.0,0.0,0,0,0,0,0,0,0.0,0,2,2,100.0,0,1,1,0,4,44.44,1,19,6,25,39.0,0,0,43,1,0,0,1731.0,90000.0,F,20.0,Italy
Paweł Jaroszyński,335823,Salernitana,2710,italy,2122,509,13,4,6.5,0,0,0,,,8,6,28.57,18,9,33.33,50,79,123,73.65,7,43.75,9,0,0,0,,1,0,0,0,16,12,0,0,1,2,22,0,0,7,0,0.0,,20,19,1,0,0,,15,53.57,0,0,0,44,10,6,0,0,,0,0,0,0,0.0,0,0,0,0,87,1,0,0,0,0,0,0,0,0,0,0.0,0.0,0,1,1,1,1,1,25.0,0,9,4,44.44,6,21,4,21,22,50.0,27,89,99,167,78.0,2,0,297,5,2,0,10385.0,540000.0,D,27.0,Poland
Martin Hongla,856062,Hellas Verona,2701,italy,2122,655,18,7,6.49,1,0,1,,,8,0,0.0,58,16,41.03,138,90,228,77.03,15,46.88,17,0,0,0,,0,1,3,0,16,17,0,0,8,4,48,0,1,15,0,11.11,,15,13,2,1,0,,20,39.22,0,0,0,68,4,2,1,1,,0,0,0,0,0.0,0,0,0,0,98,5,0,0,0,0,0,0,0,0,0,655.0,0.0,0,4,5,2,4,1,20.0,0,14,8,57.14,2,17,5,4,35,42.17,39,192,108,296,110.3,9,0,394,5,3,0,15962.0,830000.0,M,23.0,Cameroon
Roberto Piccoli,958982,Genoa,2713,italy,2122,431,17,3,6.48,1,0,1,,,0,1,100.0,27,0,0.0,42,17,58,60.42,17,34.0,33,0,0,0,,0,3,3,0,1,16,0,0,16,2,57,0,1,3,0,14.29,,7,7,0,1,0,,9,27.27,0,0,0,38,1,8,0,4,,0,0,0,0,0.0,0,0,0,0,78,5,0,0,1,0,0,0,0,0,0,431.0,0.0,0,7,0,1,3,3,50.0,0,3,1,33.33,8,0,6,1,26,31.33,0,70,27,96,103.7,7,0,172,3,0,0,10769.0,560000.0,F,21.0,Italy
Gabriele Zappa,927304,Cagliari,2719,italy,2122,1158,25,11,6.48,0,0,0,,,25,5,20.0,79,27,44.26,161,222,378,75.9,12,57.14,9,0,0,0,,2,0,1,0,26,25,0,0,10,18,68,0,0,16,0,0.0,,26,23,3,0,0,,43,42.16,0,0,0,120,14,7,0,0,,0,0,0,0,0.0,0,0,0,0,199,2,0,1,0,0,0,0,0,0,0,0.0,0.0,0,3,3,3,2,11,42.31,0,21,9,42.86,7,57,26,25,55,44.72,61,257,266,498,161.9,6,0,783,11,2,1,10769.0,560000.0,D,22.0,Italy
Nicola Murru,148745,Sampdoria,2711,italy,2122,1002,22,13,6.47,1,0,1,,,14,7,30.43,52,18,28.57,123,128,244,68.73,11,57.89,8,0,0,0,,0,0,0,0,16,22,0,0,10,5,46,1,0,22,0,33.33,,24,22,2,1,0,,32,45.71,0,0,0,111,7,6,1,2,,0,0,0,1,0.0,0,0,0,0,189,1,0,0,0,0,0,0,0,0,0,1002.0,0.0,0,3,0,2,1,4,44.44,0,22,17,77.27,6,53,9,23,43,48.31,63,212,166,355,142.4,3,0,602,6,5,0,25000.0,1300000.0,D,27.0,Italy
Riccardo Marchizza,792311,Empoli,2705,italy,2122,1351,19,16,6.47,0,1,1,,,15,12,28.57,99,23,27.06,199,144,331,70.13,7,43.75,9,0,0,0,,3,0,3,2,21,19,0,0,8,5,51,0,0,19,0,0.0,,34,31,3,0,0,,36,46.15,0,0,0,141,10,11,0,2,,1,0,0,0,0.0,0,0,0,0,243,7,0,0,0,0,0,0,0,0,0,0.0,0.0,1,2,6,4,1,12,52.17,0,21,15,71.43,11,60,23,42,43,45.74,85,334,180,472,122.9,8,0,822,3,4,0,17885.0,930000.0,D,23.0,Italy
Aaron Ramsey,23571,Juventus,2687,italy,2122,97,3,1,6.47,0,0,0,,,0,0,0.0,12,4,80.0,30,29,59,89.39,0,0.0,0,0,0,0,,0,0,0,0,0,3,0,0,1,0,3,0,0,2,0,0.0,,3,3,0,0,0,,1,25.0,0,0,0,7,1,2,0,0,,0,0,0,0,0.0,0,0,0,0,9,0,0,0,0,0,0,0,0,0,0,0.0,0.0,0,0,0,0,0,0,0.0,0,0,0,0.0,2,3,0,0,1,25.0,5,34,32,66,19.4,0,0,70,1,0,0,172500.0,8970000.0,M,30.0,Wales
Magnus Warming,882041,Torino,2696,italy,2122,60,4,0,6.47,0,0,0,,,0,0,0.0,5,0,0.0,6,5,11,64.71,1,33.33,2,0,0,0,,0,0,0,0,0,3,0,0,2,0,6,0,0,1,0,0.0,,0,0,0,0,0,,1,20.0,0,0,0,6,0,0,0,1,,0,0,0,0,0.0,0,0,0,0,15,1,0,0,0,0,0,0,0,0,0,0.0,0.0,0,0,0,0,0,0,0.0,0,1,1,100.0,0,0,1,5,2,25.0,1,16,6,17,19.4,0,0,33,0,0,0,2308.0,120000.0,F,21.0,Denmark
Valentin Mihăilă,925242,Atalanta,2686,italy,2122,73,5,0,6.47,0,0,0,,,0,0,0.0,8,0,0.0,11,6,17,56.67,1,20.0,4,0,0,0,,0,0,0,0,0,3,0,0,1,1,9,0,0,2,0,0.0,,0,0,0,0,0,,3,37.5,0,0,0,13,0,0,0,0,,0,0,0,0,0.0,0,0,0,0,25,0,0,0,0,0,0,0,0,0,0,0.0,0.0,0,1,0,0,1,2,66.67,0,1,1,100.0,0,0,3,3,4,30.77,0,24,9,30,19.4,1,0,52,0,0,0,11154.0,580000.0,F,22.0,Romania
Brandon Soppy,963211,Udinese,2695,italy,2122,786,28,7,6.46,0,0,0,,,4,1,7.69,43,4,40.0,88,59,146,73.74,6,31.58,13,0,0,0,,0,0,1,0,6,25,0,0,8,5,67,1,0,23,0,0.0,,12,12,0,0,0,,71,56.8,0,0,0,52,5,6,0,0,,0,0,0,0,0.0,0,0,0,0,115,4,0,0,0,0,0,0,0,0,0,0.0,0.0,0,6,0,3,2,18,47.37,0,20,9,45.0,6,11,38,13,77,53.47,10,135,76,198,161.6,6,0,412,33,4,0,3654.0,190000.0,D,19.0,France
Pepe Reina,26937,Lazio,2699,italy,2122,1350,15,15,6.46,0,1,1,,,43,0,0.0,9,102,54.26,33,326,359,79.07,5,100.0,0,0,0,0,,1,0,0,2,7,15,0,0,0,1,2,1,0,1,0,0.0,,29,25,4,0,0,0.0,1,33.33,0,9,0,95,0,1,0,0,,0,0,0,1,0.0,5,0,0,0,95,0,6,0,0,4,24,7,31,0,7,0.0,0.0,0,0,0,0,0,0,0.0,4,0,0,0.0,1,72,0,0,6,75.0,188,88,366,454,96.9,0,0,581,1,3,0,71154.0,3700000.0,K,39.0,Spain
Simone Trimboli,965016,Sampdoria,2711,italy,2122,75,5,0,6.46,0,0,0,,,3,0,0.0,12,1,100.0,27,17,44,89.8,1,50.0,1,0,0,0,,1,0,0,0,0,5,0,0,0,0,2,0,0,2,0,0.0,,2,2,0,0,0,,2,66.67,0,0,0,5,2,3,0,0,,0,0,0,1,0.0,0,0,0,0,8,0,0,0,0,0,0,0,0,0,0,0.0,0.0,0,0,0,0,0,0,0.0,0,2,1,50.0,3,3,0,0,3,60.0,1,31,18,49,32.3,0,0,58,0,1,0,0.0,0.0,M,19.0,Italy
Riccardo Calafiori,957602,Genoa,2713,italy,2122,258,9,3,6.45,0,1,1,,,0,1,33.33,10,2,22.22,30,29,58,71.6,2,50.0,2,0,0,0,,1,0,0,0,5,8,0,0,0,5,16,0,0,7,0,0.0,,6,4,2,0,0,,8,36.36,0,0,0,23,5,1,0,0,,0,0,0,0,0.0,0,0,0,0,33,0,0,0,0,0,0,0,0,0,0,0.0,0.0,0,1,0,1,0,2,50.0,0,6,4,66.67,1,4,4,3,10,38.46,9,45,39,81,51.6,1,0,139,0,3,0,14231.0,740000.0,D,19.0,Italy
Mateusz Praszelik,863022,Hellas Verona,2701,italy,2122,28,2,0,6.45,0,0,0,,,0,0,0.0,4,0,0.0,6,3,9,81.82,0,0.0,0,0,0,0,,0,0,1,0,0,2,0,0,0,0,2,0,0,2,0,0.0,,0,0,0,0,0,,2,50.0,0,0,0,2,0,0,0,0,,0,0,0,0,0.0,0,0,0,0,5,0,0,0,0,0,0,0,0,0,0,0.0,0.0,0,0,1,0,0,1,100.0,0,0,0,0.0,0,0,1,0,2,50.0,1,7,4,11,12.9,1,0,17,1,0,0,6154.0,320000.0,F,21.0,Poland
Luca Gagliano,909669,Cagliari,2719,italy,2122,18,2,0,6.45,0,0,0,,,0,0,0.0,1,0,0.0,1,2,3,50.0,0,0.0,4,0,0,0,,0,0,0,0,1,2,0,0,0,0,5,0,0,0,0,0.0,,0,0,0,0,0,,0,0.0,0,0,0,3,0,0,0,0,,0,0,0,0,0.0,0,0,0,0,4,0,0,0,0,0,0,0,0,0,0,0.0,0.0,0,0,0,0,0,0,0.0,0,0,0,0.0,0,0,1,0,0,0.0,0,3,3,6,12.9,0,0,10,0,0,0,0.0,0.0,F,21.0,Italy
Leonardo Spinazzola,148899,Roma,2702,italy,2122,128,3,2,6.45,0,0,0,,,3,2,50.0,14,4,57.14,22,26,46,85.19,0,0.0,1,0,0,0,,0,0,1,0,2,2,0,0,2,1,10,0,0,1,0,0.0,,1,1,0,0,0,,3,25.0,0,0,0,8,0,1,0,0,,0,0,0,0,0.0,0,0,0,0,21,1,0,0,0,0,0,0,0,0,0,0.0,0.0,0,0,2,1,0,3,37.5,0,0,0,0.0,1,6,8,4,3,23.08,7,30,28,54,12.9,2,0,96,0,1,0,106923.0,5560000.0,D,28.0,Italy
Christian Oliva,923803,Cagliari,2719,italy,2122,48,4,0,6.45,0,0,0,,,1,0,0.0,4,0,0.0,14,14,28,87.5,0,0.0,1,0,0,0,,0,0,0,0,0,4,0,0,0,3,4,0,0,0,0,0.0,,1,1,0,0,0,,2,40.0,0,0,0,4,0,0,0,0,,0,0,0,0,0.0,0,0,0,0,5,0,0,0,0,0,0,0,0,0,0,0.0,0.0,0,0,0,0,0,0,0.0,0,2,2,100.0,0,4,0,0,2,33.33,2,17,15,32,25.8,0,0,35,0,0,0,7308.0,380000.0,M,25.0,Uruguay
Ibrahima Mbaye,249627,Bologna,2685,italy,2122,108,6,1,6.44,0,0,0,,,1,0,0.0,6,0,0.0,15,12,27,62.79,3,37.5,5,0,0,0,,0,0,0,0,6,5,0,0,1,1,9,0,0,3,0,0.0,,3,2,1,0,0,,4,50.0,0,0,0,16,1,0,0,1,,0,0,0,1,0.0,0,0,0,0,20,0,0,0,0,0,0,0,0,0,0,0.0,0.0,0,0,0,0,0,2,100.0,0,1,1,100.0,0,2,2,1,7,43.75,6,24,20,43,32.2,0,0,67,1,0,0,26731.0,1390000.0,D,27.0,Senegal
Marvin Zeegelaar,74506,Udinese,2695,italy,2122,637,14,6,6.44,0,0,0,,,10,0,0.0,39,13,59.09,88,140,228,78.89,14,66.67,7,0,0,0,,0,0,2,1,20,13,0,0,2,9,32,0,1,13,0,0.0,,15,15,0,0,0,,23,47.92,0,0,0,61,12,1,0,2,,0,0,0,1,0.0,0,0,0,0,84,2,0,0,0,0,0,0,0,0,0,0.0,0.0,0,3,0,1,0,5,71.43,0,15,11,73.33,1,25,7,2,37,53.62,22,124,167,289,83.7,3,0,415,4,3,0,12308.0,640000.0,D,31.0,Netherlands
Lys Mousset,377108,Salernitana,2710,italy,2122,164,6,2,6.42,0,1,1,,,0,0,0.0,14,0,0.0,18,13,31,70.45,0,0.0,5,0,0,0,,0,0,1,0,0,6,0,0,2,0,14,0,0,4,0,0.0,,6,6,0,0,0,,6,40.0,0,0,0,13,0,3,0,1,,0,0,0,1,0.0,0,0,0,0,28,1,0,0,0,0,0,0,0,0,0,0.0,0.0,0,1,1,0,1,3,42.86,0,1,0,0.0,3,1,7,0,6,30.0,0,29,15,44,38.5,2,0,72,2,2,0,29615.0,1540000.0,F,25.0,France
Bartłomiej Drągowski,329519,Fiorentina,2693,italy,2122,557,7,7,6.41,0,0,0,,,32,0,0.0,5,68,52.71,30,223,253,79.06,0,0.0,0,0,0,0,,0,0,0,2,5,7,0,1,0,0,1,0,2,1,0,0.0,,8,8,0,0,0,-0.06,0,0.0,0,2,0,67,1,0,0,0,,0,0,0,0,0.0,2,0,1,0,69,0,0,1,0,10,8,10,18,0,4,0.0,0.0,0,0,0,0,0,0,0.0,9,0,0,0.0,0,63,0,0,0,0.0,129,74,246,320,44.9,0,0,374,0,0,0,28462.0,1480000.0,K,24.0,Poland
Carlo Pinsoglio,46420,Juventus,2687,italy,2122,45,1,0,6.4,0,0,0,,,4,0,0.0,0,4,80.0,0,10,10,90.91,0,0.0,0,0,0,0,,0,0,0,0,0,1,0,0,0,0,0,0,0,0,0,0.0,,1,1,0,0,0,0.15,0,0.0,0,0,0,1,0,0,0,0,,0,0,0,0,0.0,1,0,0,0,1,0,0,0,0,0,1,0,1,0,0,0.0,0.0,0,0,0,0,0,0,0.0,0,0,0,0.0,0,5,0,0,0,0.0,5,0,11,11,6.4,0,0,12,0,0,0,10769.0,560000.0,K,31.0,Italy
Vladyslav Supryaga,922186,Sampdoria,2711,italy,2122,23,1,0,6.4,0,0,0,,,0,0,0.0,2,0,0.0,3,0,3,75.0,0,0.0,0,0,0,0,,0,0,0,0,0,1,0,0,0,1,2,0,0,1,0,0.0,,0,0,0,0,0,,0,0.0,0,0,0,1,0,0,0,0,,0,0,0,0,0.0,0,0,0,0,3,0,0,0,0,0,0,0,0,0,0,0.0,0.0,0,0,0,0,0,0,0.0,0,0,0,0.0,0,0,0,0,0,0.0,0,4,0,4,6.4,0,0,6,0,0,0,0.0,0.0,F,21.0,Ukraine
Mario Perrone,1171674,Salernitana,2710,italy,2122,13,1,0,6.4,0,0,0,,,0,0,0.0,0,0,0.0,2,3,5,62.5,0,0.0,0,0,0,0,,0,0,0,0,0,1,0,0,0,0,1,0,0,1,0,0.0,,0,0,0,0,0,,0,0.0,0,0,0,3,0,0,0,0,,0,0,0,0,0.0,0,0,0,0,3,0,0,0,0,0,0,0,0,0,0,0.0,0.0,0,0,0,0,0,0,0.0,0,0,0,0.0,0,2,0,0,0,0.0,2,4,4,8,6.4,0,0,10,0,0,0,,,,,
Panagiotis Retsos,828971,Hellas Verona,2701,italy,2122,59,5,1,6.4,0,0,0,,,0,1,100.0,4,1,33.33,8,5,12,63.16,0,0.0,0,0,0,0,,0,0,0,0,2,4,0,0,0,2,3,0,0,1,0,0.0,,1,1,0,0,0,,1,25.0,0,0,0,7,2,1,0,0,,0,0,0,0,0.0,0,0,0,0,10,0,0,0,0,0,0,0,0,0,0,0.0,0.0,0,0,0,0,0,0,0.0,0,0,0,0.0,1,2,0,1,1,25.0,3,13,7,19,25.6,0,0,30,1,0,0,0.0,0.0,D,23.0,Greece
Leonardo Capezzi,800373,Salernitana,2710,italy,2122,182,5,2,6.4,0,0,0,,,1,0,0.0,11,0,0.0,24,15,39,81.25,1,20.0,4,0,0,0,,0,0,0,0,1,5,0,0,5,3,15,0,0,3,0,0.0,,6,5,1,0,0,,6,35.29,0,0,0,9,0,0,0,0,,0,0,0,0,0.0,0,0,0,0,21,0,0,0,0,0,0,0,0,0,0,0.0,0.0,0,0,0,0,0,2,100.0,0,3,1,33.33,0,2,2,0,7,31.82,2,31,17,48,32.0,0,0,82,1,0,0,21346.0,1110000.0,M,26.0,Italy
Frédéric Veseli,137775,Salernitana,2710,italy,2122,597,9,8,6.38,0,0,0,,,11,1,25.0,16,9,40.91,54,98,151,82.51,7,63.64,4,0,0,0,,0,0,0,0,18,9,0,0,3,1,13,0,0,7,0,0.0,,15,13,2,0,0,,10,52.63,0,0,0,32,4,0,0,0,,0,0,0,2,0.0,0,0,0,0,46,0,0,1,0,0,0,0,0,0,0,0.0,0.0,0,0,1,1,0,2,100.0,0,7,2,28.57,0,22,2,4,17,56.67,22,79,108,183,57.4,1,0,274,1,1,1,17885.0,930000.0,D,29.0,Albania
Marley Aké,988839,Juventus,2687,italy,2122,77,4,0,6.38,0,0,0,,,0,1,100.0,5,1,100.0,9,3,11,73.33,1,100.0,0,0,0,0,,0,0,0,0,0,4,0,0,1,2,11,0,0,6,0,0.0,,4,4,0,0,0,,2,15.38,0,0,0,4,1,0,0,0,,0,0,0,0,0.0,0,0,0,0,10,0,0,0,0,0,0,0,0,0,0,0.0,0.0,0,0,0,0,0,0,0.0,0,0,0,0.0,0,1,2,1,3,21.43,1,12,4,15,25.5,0,0,28,2,1,0,,,,,
Arnór Sigurðsson,841399,Venezia,2688,italy,2122,179,9,0,6.38,0,0,0,,,2,0,0.0,16,0,0.0,27,12,39,79.59,0,0.0,7,0,0,0,,0,0,1,0,0,8,0,0,5,1,18,0,0,2,0,0.0,,5,5,0,0,0,,5,31.25,0,0,0,10,1,2,0,0,,0,0,0,0,0.0,0,0,0,0,29,1,0,0,0,0,0,0,0,0,0,0.0,0.0,0,1,0,0,0,3,50.0,0,1,1,100.0,2,2,6,3,5,21.74,0,40,12,49,51.0,1,0,82,1,0,0,0.0,0.0,F,22.0,Iceland
Ruan,914487,Sassuolo,2793,italy,2122,211,10,0,6.38,0,0,0,,,3,0,0.0,13,1,11.11,29,42,71,76.34,7,46.67,8,0,0,0,,0,0,0,0,24,8,0,0,2,1,17,1,0,4,0,0.0,,5,5,0,0,0,,22,70.97,0,0,0,22,2,1,0,0,,0,0,0,1,0.0,0,0,0,0,33,0,0,0,0,0,0,0,0,0,0,0.0,0.0,0,0,0,0,0,7,70.0,0,7,4,57.14,1,6,10,1,29,63.04,9,44,50,93,51.0,0,1,178,8,1,0,9423.0,490000.0,D,22.0,Brazil
Valon Behrami,11654,Genoa,2713,italy,2122,319,10,2,6.37,0,0,0,,,3,0,0.0,9,0,0.0,19,24,43,69.35,0,0.0,7,0,0,0,,0,0,1,0,4,10,0,0,3,7,23,0,0,8,0,0.0,,9,7,2,0,0,,9,36.0,0,0,0,19,1,1,0,0,,0,0,0,0,0.0,0,0,0,0,31,0,0,0,0,0,0,0,0,0,0,0.0,0.0,0,1,0,0,0,1,100.0,0,3,1,33.33,1,8,1,2,9,28.13,4,36,28,62,63.7,1,0,98,5,3,0,12308.0,640000.0,M,36.0,Switzerland
Maximilian Ullmann,576078,Venezia,2688,italy,2122,244,5,2,6.35,0,0,0,,,3,1,25.0,9,4,30.77,20,17,36,64.29,1,16.67,5,0,0,0,,0,0,0,0,6,4,0,0,0,1,8,0,0,2,0,0.0,,6,6,0,0,0,,2,40.0,0,0,0,20,2,0,0,0,,0,0,0,0,0.0,0,0,0,0,25,0,0,0,0,0,0,0,0,0,0,0.0,0.0,0,0,0,0,0,1,100.0,0,0,0,0.0,0,8,1,4,3,27.27,13,40,20,56,25.4,0,0,86,1,0,0,11154.0,580000.0,D,25.0,Austria
Stefano Sabelli,184421,Genoa,2713,italy,2122,351,7,5,6.34,0,0,0,,,2,0,0.0,24,2,11.11,43,30,73,63.48,3,42.86,4,0,0,0,,0,0,1,0,9,7,0,0,4,6,23,0,0,6,0,0.0,,8,8,0,0,0,,15,44.12,0,0,0,42,3,2,0,0,,0,0,0,1,0.0,0,0,0,0,77,1,0,0,0,0,0,0,0,0,0,0.0,0.0,0,1,1,0,1,1,25.0,0,6,3,50.0,2,12,4,9,18,43.9,18,76,48,115,44.4,2,0,215,8,3,0,9615.0,500000.0,D,28.0,Italy
Emil Konradsen Ceide,933263,Sassuolo,2793,italy,2122,59,6,0,6.33,0,0,0,,,0,0,0.0,5,0,0.0,10,0,10,40.0,2,66.67,1,0,0,0,,0,0,0,0,0,4,0,0,6,1,11,0,0,0,0,0.0,,3,3,0,0,0,,2,16.67,0,0,0,15,0,0,0,0,,0,0,0,0,0.0,0,0,0,0,28,0,0,0,0,0,0,0,0,0,0,0.0,0.0,0,0,0,0,0,1,25.0,0,1,1,100.0,0,0,4,0,4,26.67,1,23,2,25,25.3,0,0,43,0,0,0,1923.0,100000.0,F,20.0,Norway
Patrick Leal,1216323,Venezia,2688,italy,2122,9,1,0,6.3,0,0,0,,,0,0,0.0,0,0,0.0,0,0,0,0.0,0,0.0,0,0,0,0,,0,0,0,0,0,1,0,0,0,1,1,0,0,0,0,0.0,,0,0,0,0,0,,0,0.0,0,0,0,1,0,0,0,0,,0,0,0,0,0.0,0,0,0,0,1,0,0,0,0,0,0,0,0,0,0,0.0,0.0,0,0,0,0,0,0,0.0,0,0,0,0.0,0,0,0,0,0,0.0,0,0,1,1,6.3,0,0,1,0,0,0,,,,,
Christos Kourfalidis,1013418,Cagliari,2719,italy,2122,25,2,0,6.3,0,0,0,,,1,0,0.0,4,0,0.0,7,1,8,61.54,1,50.0,1,0,0,0,,0,1,0,0,0,2,0,0,0,1,2,0,0,0,0,0.0,,1,1,0,0,0,,0,0.0,0,0,0,5,0,0,0,0,,0,0,0,0,0.0,0,0,0,0,6,1,0,0,0,0,0,0,0,0,0,0.0,0.0,0,1,0,0,1,0,0.0,0,0,0,0.0,0,2,0,0,1,33.33,2,12,1,13,12.6,1,0,16,0,0,0,,,,,
Luca Vignali,814842,Spezia,2735,italy,2122,91,2,1,6.3,0,0,0,,,2,0,0.0,5,2,66.67,10,25,35,85.37,1,33.33,2,0,0,0,,0,0,0,0,1,2,0,0,0,3,6,0,0,0,0,0.0,,5,4,1,0,0,,1,20.0,0,0,0,6,1,0,0,1,,0,0,0,0,0.0,0,0,0,0,12,0,0,0,0,0,0,0,0,0,0,0.0,0.0,0,0,0,0,0,0,0.0,0,1,1,100.0,0,3,1,2,2,25.0,3,14,29,41,12.6,0,0,59,0,0,0,,,,,
Martin Palumbo,1001033,Juventus,2687,italy,2122,12,1,0,6.2,0,0,0,,,0,0,0.0,1,0,0.0,1,0,1,50.0,0,0.0,0,0,0,0,,0,0,0,0,0,1,0,0,0,1,1,0,0,0,0,0.0,,1,1,0,0,0,,0,0.0,0,0,0,1,0,0,0,0,,0,0,0,0,0.0,0,0,0,0,1,0,0,0,0,0,0,0,0,0,0,0.0,0.0,0,0,0,0,0,0,0.0,0,0,0,0.0,0,0,0,0,0,0.0,0,1,1,2,6.2,0,0,5,0,0,0,,,,,
Samuel Di Carmine,15190,Hellas Verona,2701,italy,2122,35,1,0,6.2,0,0,0,,,0,0,0.0,1,0,0.0,2,3,5,100.0,1,33.33,2,0,0,0,,0,1,1,0,0,1,0,0,0,0,3,0,0,1,0,0.0,,1,1,0,0,0,,2,66.67,0,0,0,0,0,0,0,0,,0,0,0,0,0.0,0,0,0,0,2,1,0,0,0,0,0,0,0,0,0,0.0,0.0,0,1,0,0,0,0,0.0,0,0,0,0.0,0,0,0,0,3,50.0,0,2,3,5,6.2,1,0,10,2,1,0,,,,,
Giovanni Crociata,826570,Empoli,2705,italy,2122,14,1,0,6.2,0,0,0,,,0,0,0.0,3,0,0.0,6,1,7,77.78,0,0.0,0,0,0,0,,0,0,1,0,0,1,0,0,1,1,3,0,0,1,0,0.0,,0,0,0,0,0,,0,0.0,0,0,0,2,0,0,0,0,,0,0,0,0,0.0,0,0,0,0,3,0,0,0,0,0,0,0,0,0,0,0.0,0.0,0,1,0,0,0,0,0.0,0,0,0,0.0,0,0,0,0,0,0.0,0,8,1,9,6.2,1,0,12,0,0,0,,,,,
David Schnegg,926892,Venezia,2688,italy,2122,140,4,2,6.2,0,0,0,,,4,1,33.33,3,4,21.05,15,29,43,64.18,2,40.0,3,0,0,0,,0,0,0,0,3,4,0,0,5,2,18,0,0,3,0,0.0,,2,2,0,0,0,,3,16.67,0,0,0,24,3,1,0,1,,0,0,0,0,0.0,0,0,0,0,43,2,0,0,0,0,0,0,0,0,0,0.0,0.0,0,0,0,0,0,1,16.67,0,2,0,0.0,1,13,6,3,5,21.74,19,32,38,67,24.8,0,0,119,0,1,0,8846.0,460000.0,D,22.0,Austria
Luka Bogdan,788884,Salernitana,2710,italy,2122,396,6,4,6.2,0,0,0,,,5,0,0.0,6,3,18.75,22,67,89,71.2,6,42.86,8,0,0,0,,0,0,2,0,19,6,0,0,0,4,14,0,0,2,0,0.0,,17,15,2,0,0,,7,53.85,0,0,0,36,6,0,0,0,,0,0,0,0,0.0,0,0,0,0,43,1,0,0,0,0,0,0,0,0,0,0.0,0.0,0,2,0,0,0,0,0.0,0,6,3,50.0,0,19,0,1,13,48.15,16,42,84,125,37.2,2,0,183,1,0,0,12885.0,670000.0,D,25.0,Croatia
Filippo Delli Carri,862475,Salernitana,2710,italy,2122,334,5,3,6.16,0,0,0,,,4,0,0.0,13,3,21.43,27,48,75,73.53,4,57.14,3,0,0,0,,0,0,1,0,12,5,0,0,1,9,15,0,0,2,0,0.0,,15,14,1,0,0,,9,42.86,0,0,0,27,4,1,0,0,,0,0,0,0,0.0,0,0,0,0,44,0,0,0,0,0,0,0,0,0,0,0.0,0.0,0,4,0,1,2,1,100.0,0,6,4,66.67,1,8,1,3,13,46.43,14,42,63,102,30.8,4,0,177,2,1,0,0.0,0.0,D,22.0,Italy
Nicola Ravaglia,130802,Sampdoria,2711,italy,2122,10,1,0,6.1,0,0,0,,,2,0,0.0,0,2,50.0,2,0,2,50.0,0,0.0,0,0,0,0,,0,0,0,0,0,1,0,0,0,0,0,0,0,0,0,0.0,,1,1,0,0,0,-0.01,0,0.0,0,0,0,2,0,0,0,0,,0,0,0,0,0.0,1,0,0,0,2,0,0,0,0,0,0,0,0,0,0,0.0,0.0,0,0,0,0,0,0,0.0,0,0,0,0.0,0,3,0,0,0,0.0,4,4,0,4,6.1,0,0,4,0,0,0,3654.0,190000.0,K,33.0,Italy
Laurens Serpe,918836,Genoa,2713,italy,2122,45,1,0,6.1,0,0,0,,,0,0,0.0,6,0,0.0,10,16,26,86.67,0,0.0,1,0,0,0,,0,0,0,0,1,1,0,0,0,1,3,0,0,0,0,0.0,,2,2,0,0,0,,1,33.33,0,0,0,4,0,0,0,0,,0,0,0,0,0.0,0,0,0,0,6,0,0,0,0,0,0,0,0,0,0,0.0,0.0,0,0,0,0,0,0,0.0,0,1,0,0.0,0,3,1,1,1,25.0,2,14,17,30,6.1,0,0,37,0,0,0,0.0,0.0,D,20.0,Italy
Sebastien De Maio,43908,Udinese,2695,italy,2122,180,2,2,6.0,0,0,0,,,7,0,0.0,4,7,33.33,13,42,55,74.32,2,40.0,3,0,0,0,,1,0,0,0,8,2,0,0,0,8,14,0,0,3,0,0.0,,9,9,0,0,0,,6,35.29,0,0,0,19,1,1,0,0,,0,0,0,0,0.0,0,0,0,0,21,0,0,0,0,0,0,0,0,0,0,0.0,0.0,0,0,0,0,0,1,100.0,0,5,1,20.0,1,14,1,0,8,36.36,21,27,47,74,12.0,0,0,99,0,0,0,21346.0,1110000.0,D,34.0,France
Antonio Raimondo,1121578,Bologna,2685,italy,2122,75,1,1,5.9,0,0,0,,,0,0,0.0,3,0,0.0,5,1,6,60.0,0,0.0,4,0,0,0,,0,0,1,0,1,1,0,0,4,1,15,0,0,3,0,0.0,,0,0,0,0,0,,0,0.0,0,0,0,4,0,0,0,3,,0,0,0,0,0.0,0,0,0,0,13,0,0,0,0,0,0,0,0,0,0,0.0,0.0,0,2,0,0,1,0,0.0,0,0,0,0.0,0,1,4,0,0,0.0,0,7,3,10,5.9,2,0,26,0,0,0,,,,,
Ramzi Aya,787959,Salernitana,2710,italy,2122,135,2,2,5.9,0,0,0,,,0,0,0.0,1,0,0.0,6,10,16,76.19,0,0.0,1,0,0,0,,0,0,0,0,4,2,0,0,0,0,2,0,0,1,0,0.0,,8,8,0,0,0,,1,50.0,0,0,0,5,0,0,0,0,,0,0,0,0,0.0,0,0,0,0,8,0,0,0,0,0,0,0,0,0,0,0.0,0.0,0,0,1,1,0,0,0.0,0,1,1,100.0,0,3,0,1,1,33.33,2,11,11,21,11.8,1,0,35,0,1,0,10000.0,520000.0,D,31.0,Italy
Vincenzo Fiorillo,28378,Salernitana,2710,italy,2122,90,1,1,5.7,0,0,0,,,0,0,0.0,0,12,60.0,7,12,19,70.37,1,100.0,0,0,0,0,,0,0,0,0,1,1,1,0,0,0,0,0,0,0,0,0.0,,5,5,0,0,0,0.0,0,0.0,0,0,0,8,0,0,0,0,,0,0,0,0,0.0,0,0,0,0,8,0,0,0,0,0,2,1,3,0,2,0.0,0.0,0,0,0,0,0,0,0.0,0,0,0,0.0,0,1,0,0,1,100.0,20,11,16,27,5.7,0,0,35,0,0,0,9615.0,500000.0,K,32.0,Italy
Gianluca Pegolo,43985,Sassuolo,2793,italy,2122,90,1,1,5.6,0,0,0,,,7,0,0.0,0,5,55.56,1,23,24,80.0,0,0.0,0,0,0,0,,0,0,0,0,0,1,0,0,0,0,0,1,0,0,0,0.0,,3,2,1,0,0,0.0,0,0.0,0,1,0,6,0,0,0,0,,0,0,0,0,0.0,0,0,0,0,6,0,0,0,0,0,1,1,2,0,2,0.0,0.0,0,0,0,0,0,0,0.0,0,0,0,0.0,0,9,0,0,0,0.0,9,2,28,30,5.6,0,0,37,0,0,0,17885.0,930000.0,K,40.0,Italy
Ionuț Radu,815202,Inter,2697,italy,2122,90,1,1,5.5,0,0,0,,,3,0,0.0,1,5,55.56,2,15,17,80.95,0,0.0,0,0,0,0,,0,0,0,0,0,1,0,0,0,0,0,1,0,0,0,0.0,,2,2,0,0,0,-0.41,0,0.0,0,0,0,4,0,0,0,0,,0,0,0,0,0.0,0,0,0,0,5,0,0,0,0,0,1,0,1,0,0,0.0,0.0,0,0,0,0,0,0,0.0,0,0,0,0.0,0,6,0,0,0,0.0,9,5,16,21,5.5,0,0,25,0,0,0,35577.0,1850000.0,K,24.0,Romania
Luigi Samele,1021255,Sassuolo,2793,italy,2122,3,2,0,0.0,0,1,1,,,0,0,0.0,2,0,0.0,2,0,2,66.67,1,100.0,0,0,0,0,,1,0,0,0,1,0,0,0,1,0,1,0,0,0,0,0.0,,0,0,0,0,0,,0,0.0,0,0,0,1,0,1,0,0,,0,0,0,0,0.0,0,0,0,0,2,0,0,0,0,0,0,0,0,0,0,0.0,0.0,0,0,0,0,0,0,0.0,0,0,0,0.0,1,0,0,0,1,50.0,0,2,1,3,0.0,0,0,5,0,0,0,,,,,
Daniel Fuzato,863276,Roma,2702,italy,2122,0,0,0,0.0,0,0,0,,,0,0,0.0,0,0,0.0,0,0,0,0.0,0,0.0,0,0,0,0,,0,0,0,0,0,0,0,1,0,0,0,0,0,0,0,0.0,,0,0,0,0,0,0.0,0,0.0,0,0,0,0,0,0,0,0,,0,0,0,0,0.0,0,0,0,0,0,0,0,1,0,0,0,0,0,0,0,0.0,0.0,0,0,0,0,0,0,0.0,0,0,0,0.0,0,0,0,0,0,0.0,0,0,0,0,0.0,0,0,0,0,0,0,17885.0,930000.0,K,24.0,Brazil
Bryan Reynolds,862075,Roma,2702,italy,2122,1,1,0,0.0,0,0,0,,,0,0,0.0,0,0,0.0,1,0,1,100.0,0,0.0,0,0,0,0,,0,0,0,0,1,0,0,0,0,1,1,0,0,0,0,0.0,,0,0,0,0,0,,0,0.0,0,0,0,0,0,0,0,0,,0,0,0,0,0.0,0,0,0,0,0,0,0,0,0,0,0,0,0,0,0,0.0,0.0,0,0,0,0,0,0,0.0,0,0,0,0.0,0,0,0,0,0,0.0,0,1,0,1,0.0,0,0,4,0,0,0,17308.0,900000.0,D,20.0,United States
Dimitrios Keramitsis,1124213,Roma,2702,italy,2122,1,1,0,0.0,0,0,0,,,0,0,0.0,0,0,0.0,0,0,0,0.0,0,0.0,0,0,0,0,,0,0,0,0,0,0,0,0,0,0,0,0,0,0,0,0.0,,0,0,0,0,0,,0,0.0,0,0,0,0,0,0,0,0,,0,0,0,0,0.0,0,0,0,0,0,0,0,0,0,0,0,0,0,0,0,0.0,0.0,0,0,0,0,0,0,0.0,0,0,0,0.0,0,0,0,0,0,0.0,0,0,0,0,0.0,0,0,0,0,0,0,,,,,
Bjarki Steinn Bjarkason,933207,Venezia,2688,italy,2122,2,1,0,0.0,0,0,0,,,0,0,0.0,0,0,0.0,1,0,1,50.0,0,0.0,0,0,0,0,,0,0,0,0,0,0,0,0,0,0,0,0,0,0,0,0.0,,0,0,0,0,0,,1,100.0,0,0,0,1,0,0,0,0,,0,0,0,0,0.0,0,0,0,0,1,0,0,0,0,0,0,0,0,0,0,0.0,0.0,0,0,0,0,0,0,0.0,0,0,0,0.0,0,0,0,0,1,100.0,1,2,0,2,0.0,0,0,4,1,0,0,2308.0,120000.0,F,21.0,Iceland
Nicola Bagnolini,1085555,Bologna,2685,italy,2122,2,1,0,0.0,0,0,0,,,0,0,0.0,0,0,0.0,0,0,0,0.0,0,0.0,0,0,0,0,,0,0,0,0,0,0,0,0,0,0,0,0,0,0,0,0.0,,0,0,0,0,0,0.19,0,0.0,0,0,0,4,0,0,0,0,,0,0,0,0,0.0,0,0,0,0,4,0,0,0,0,0,1,0,1,0,0,0.0,0.0,0,0,0,0,0,0,0.0,0,0,0,0.0,0,0,0,0,0,0.0,4,4,0,4,0.0,0,0,5,0,0,0,,,,,
Filippo Distefano,1050695,Fiorentina,2693,italy,2122,1,1,0,0.0,0,0,0,,,0,0,0.0,0,0,0.0,1,0,1,100.0,0,0.0,0,0,0,0,,0,0,0,0,0,0,0,0,0,0,1,0,0,0,0,0.0,,0,0,0,0,0,,0,0.0,0,0,0,0,0,0,0,1,,0,0,0,0,0.0,0,0,0,0,1,0,0,0,0,0,0,0,0,0,0,0.0,0.0,0,0,0,0,0,0,0.0,0,0,0,0.0,0,0,1,0,0,0.0,0,1,0,1,0.0,0,0,2,0,0,0,,,,,
Luca Stanga,1017660,Milan,2692,italy,2122,2,1,0,0.0,0,0,0,,,0,0,0.0,0,0,0.0,1,1,2,100.0,0,0.0,0,0,0,0,,0,0,0,0,0,0,0,0,1,0,2,0,0,1,0,0.0,,0,0,0,0,0,,1,33.33,0,0,0,0,0,0,0,0,,0,0,0,0,0.0,0,0,0,0,1,0,0,0,0,0,0,0,0,0,0,0.0,0.0,0,0,0,0,0,0,0.0,0,1,0,0.0,0,0,0,0,1,33.33,0,1,1,2,0.0,0,0,4,0,0,0,,,,,
Riccardo Pinzi,1155314,Udinese,2695,italy,2122,1,1,0,0.0,0,0,0,,,0,0,0.0,0,0,0.0,0,0,0,0.0,0,0.0,0,0,0,0,,0,0,0,0,0,0,0,0,0,0,0,0,0,0,0,0.0,,0,0,0,0,0,,0,0.0,0,0,0,1,0,0,0,0,,0,0,0,0,0.0,0,0,0,0,1,0,0,0,0,0,0,0,0,0,0,0.0,0.0,0,0,0,0,0,0,0.0,0,0,0,0.0,0,0,0,0,0,0.0,0,0,1,1,0.0,0,0,1,0,0,0,,,,,
Matías Soulé,1082406,Juventus,2687,italy,2122,4,2,0,0.0,0,0,0,,,1,0,0.0,2,1,100.0,4,3,7,100.0,0,0.0,0,0,0,0,,0,0,1,0,0,0,0,0,0,1,1,0,0,0,0,0.0,,0,0,0,0,0,,0,0.0,0,0,0,0,0,0,0,0,,0,0,0,0,0.0,0,0,0,0,0,0,0,0,0,0,0,0,0,0,0,0.0,0.0,1,0,2,1,0,0,0.0,0,0,0,0.0,0,1,0,0,0,0.0,1,4,3,7,0.0,2,0,9,0,0,0,,,,,
Giorgio Cittadini,1001847,Atalanta,2686,italy,2122,2,2,0,0.0,0,0,0,,,0,0,0.0,1,0,0.0,1,0,1,50.0,0,0.0,0,0,0,0,,0,0,0,0,0,0,0,0,0,0,0,0,0,0,0,0.0,,0,0,0,0,0,,0,0.0,0,0,0,1,1,0,0,0,,0,0,0,0,0.0,0,0,0,0,1,1,0,0,0,0,0,0,0,0,0,0.0,0.0,0,0,0,0,0,0,0.0,0,0,0,0.0,0,1,0,0,0,0.0,0,1,1,2,0.0,0,0,3,0,0,0,,,,,
