player,player_id,team,team_id,data_country,data_season,minutesPlayed,appearances,matchesStarted,rating,goals,assists,goalsAssistsSum,expectedGoals,expectedAssists,accurateChippedPasses,accurateCrosses,accurateCrossesPercentage,accurateFinalThirdPasses,accurateLongBalls,accurateLongBallsPercentage,accurateOppositionHalfPasses,accurateOwnHalfPasses,accuratePasses,accuratePassesPercentage,aerialDuelsWon,aerialDuelsWonPercentage,aerialLost,attemptPenaltyMiss,attemptPenaltyPost,attemptPenaltyTarget,ballRecovery,bigChancesCreated,bigChancesMissed,blockedShots,cleanSheet,clearances,countRating,crossesNotClaimed,directRedCards,dispossessed,dribbledPast,duelLost,errorLeadToGoal,errorLeadToShot,fouls,freeKickGoal,goalConversionPercentage,goalKicks,goalsConceded,goalsConcededInsideTheBox,goalsConcededOutsideTheBox,goalsFromInsideTheBox,goalsFromOutsideTheBox,goalsPrevented,groundDuelsWon,groundDuelsWonPercentage,headedGoals,highClaims,hitWoodwork,inaccuratePasses,interceptions,keyPasses,leftFootGoals,offsides,outfielderBlocks,ownGoals,passToAssist,penaltiesTaken,penaltyConceded,penaltyConversion,penaltyFaced,penaltyGoals,penaltySave,penaltyWon,possessionLost,possessionWonAttThird,punches,redCards,rightFootGoals,runsOut,savedShotsFromInsideTheBox,savedShotsFromOutsideTheBox,saves,savesCaught,savesParried,scoringFrequency,setPieceConversion,shotFromSetPiece,shotsFromInsideTheBox,shotsFromOutsideTheBox,shotsOffTarget,shotsOnTarget,successfulDribbles,successfulDribblesPercentage,successfulRunsOut,tackles,tacklesWon,tacklesWonPercentage,totalAttemptAssist,totalChippedPasses,totalContest,totalCross,totalDuelsWon,totalDuelsWonPercentage,totalLongBalls,totalOppositionHalfPasses,totalOwnHalfPasses,totalPasses,totalRating,totalShots,totwAppearances,touches,wasFouled,yellowCards,yellowRedCards,gross_weekly_eur,gross_annual_eur,position,age,nationality
Jude Bellingham,991011,Real Madrid,2829,spain,2324,2324,28,27,8.05,19,6,25,11.12,4.31,59,4,19.05,481,50,83.33,897,454,1347,89.8,26,50.0,26,0,0,0,118.0,7,7,14,9,13,28,0,1,40,24,155,0,0,32,0,30.16,0.0,16,14,2,18,1,,162,55.67,3,0,1,153,21,48,7,4,,0,0,1,0,100.0,0,1,0,0,311,29,0,1,9,0,0,0,0,0,0,122.32,0.0,0,46,17,14,35,50,58.82,0,42,34,80.95,48,85,85,21,188,54.81,60,1046,475,1500,225.4,63,11,2056,72,5,0,400577.0,20830000.0,F,20.0,England
Thibaut Courtois,70988,Real Madrid,2829,spain,2324,333,4,4,8.0,0,0,0,,0.02,9,0,0.0,2,13,56.52,2,86,88,89.8,1,100.0,0,0,0,0,32.0,1,0,0,3,2,4,0,0,0,0,0,0,0,0,0,0.0,18.0,0,0,0,0,0,3.3,2,100.0,0,2,0,10,0,1,0,0,,0,0,0,0,0.0,0,0,0,0,10,0,2,0,0,2,8,7,16,0,8,0.0,0.0,0,0,0,0,0,0,0.0,2,1,0,0.0,1,9,0,0,3,100.0,23,9,89,98,32.0,0,1,145,1,0,0,288462.0,15000000.0,K,31.0,Belgium
Dominik Greif,791046,Mallorca,2826,spain,2324,90,1,1,7.8,0,0,0,,0.01,0,0,0.0,4,11,57.89,10,11,21,72.41,0,0.0,0,0,0,0,6.0,0,0,0,1,0,1,0,0,0,0,0,0,0,0,0,0.0,9.0,0,0,0,0,0,0.66,0,0.0,0,0,0,8,0,0,0,0,,0,0,0,0,0.0,0,0,0,0,8,0,0,0,0,0,2,2,4,0,0,0.0,0.0,0,0,0,0,0,0,0.0,0,0,0,0.0,0,0,0,0,0,0.0,19,18,11,29,7.8,0,0,36,0,0,0,5769.0,300000.0,K,26.0,Slovakia
Toni Kroos,26502,Real Madrid,2829,spain,2324,2135,33,24,7.63,1,8,9,1.62,5.93,228,36,30.51,576,231,85.87,1299,979,2242,94.68,8,66.67,4,0,0,0,144.0,9,0,10,5,6,33,0,0,6,35,64,0,1,17,0,2.86,0.0,19,17,2,0,1,,96,61.54,0,0,2,126,17,63,0,3,,0,1,0,0,0.0,0,0,0,0,231,15,0,0,1,0,0,0,0,0,0,2135.0,0.0,10,4,31,12,13,5,62.5,0,53,34,64.15,62,281,8,118,104,61.9,269,1480,1006,2368,251.7,35,6,2735,38,3,0,468846.0,24380000.0,M,34.0,Germany
Iago Aspas,19356,Celta Vigo,2821,spain,2324,2715,35,31,7.54,9,10,19,11.47,9.31,46,43,28.86,448,46,56.79,703,238,898,78.43,8,21.05,30,0,0,2,99.0,21,9,18,1,6,35,0,1,36,14,110,0,0,19,0,11.39,0.0,44,40,4,7,2,,98,55.06,0,0,2,247,10,91,8,12,,0,1,5,0,60.0,0,3,0,1,460,20,0,1,1,0,0,0,0,0,0,301.67,0.0,6,53,26,33,28,29,70.73,0,11,6,54.55,90,79,41,149,106,49.07,81,1012,282,1145,264.0,79,4,1672,59,6,0,56154.0,2920000.0,F,36.0,Spain
Isco,103417,Real Betis,2816,spain,2324,2338,29,28,7.52,8,5,13,8.3,6.36,75,43,28.29,487,71,71.72,876,318,1151,86.22,16,29.09,39,0,0,0,129.0,12,11,20,4,6,29,0,0,67,24,211,0,0,31,0,12.5,0.0,30,27,3,8,0,,196,53.26,0,0,3,184,10,81,2,3,,0,0,2,0,100.0,0,2,0,0,504,22,0,0,6,0,0,0,0,0,0,292.25,0.0,4,41,23,18,26,76,59.38,0,41,27,65.85,81,122,128,152,212,50.12,99,1144,343,1335,218.1,64,4,2076,79,10,0,120192.0,6250000.0,F,31.0,Spain
İlkay Gündoğan,45853,Barcelona,2817,spain,2324,2997,36,33,7.48,5,9,14,7.3,9.89,85,42,26.75,597,85,72.03,1273,884,2115,90.54,8,30.77,18,0,0,1,189.0,14,6,11,10,16,36,0,0,28,27,107,0,1,15,0,11.63,0.0,42,39,3,5,0,,106,54.36,0,0,1,221,20,97,2,6,,0,0,2,0,50.0,0,1,0,1,436,18,0,0,3,0,0,0,0,0,0,599.4,0.0,5,26,17,15,17,34,64.15,0,31,22,70.97,97,134,53,157,114,51.58,118,1556,937,2336,269.2,43,5,2856,42,5,0,360577.0,18750000.0,M,33.0,Germany
Aleix García,796047,Girona FC,24264,spain,2324,3201,37,36,7.48,3,6,9,1.78,6.04,179,58,30.21,612,218,74.15,1328,1229,2499,91.74,19,45.24,23,0,0,0,208.0,9,0,12,10,49,37,0,1,15,26,96,1,2,29,0,7.69,0.0,44,42,2,2,1,,98,57.31,0,0,1,225,36,59,0,1,,0,2,0,0,0.0,0,0,0,0,416,21,0,1,3,0,0,0,0,0,0,1067.0,0.0,8,6,33,15,12,15,71.43,0,49,28,57.14,57,254,21,192,117,54.93,294,1612,1304,2724,276.6,39,5,3306,36,4,0,23077.0,1200000.0,M,26.0,Spain
Ivan Rakitić,7635,Sevilla,2833,spain,2324,1425,18,16,7.46,2,1,3,1.28,4.09,87,42,32.06,257,90,60.4,498,303,759,81.26,13,50.0,13,0,0,0,117.0,3,0,11,2,11,18,0,0,5,8,51,0,0,16,0,6.25,0.0,23,20,3,1,1,,56,59.57,0,0,0,175,14,49,0,1,,0,0,0,0,0.0,0,0,0,0,320,20,0,0,2,0,0,0,0,0,0,712.5,0.0,3,6,26,13,8,8,47.06,0,30,16,53.33,49,152,17,131,69,57.5,149,728,337,934,134.3,32,4,1296,19,6,0,124038.0,6450000.0,M,35.0,Croatia
Antoine Griezmann,85859,Atlético Madrid,2836,spain,2324,2654,33,31,7.45,16,6,22,12.44,5.81,59,28,22.76,327,56,71.79,666,392,1030,82.66,14,34.15,27,0,0,0,100.0,10,11,23,6,21,33,0,0,26,26,108,1,0,16,0,20.25,0.0,33,26,7,16,0,,81,50.0,2,0,2,216,10,43,12,14,,0,0,4,0,100.0,0,4,0,0,404,15,0,0,2,0,0,0,0,0,0,165.88,0.0,3,56,23,22,34,22,59.46,0,33,19,57.58,43,98,37,123,95,46.8,78,926,443,1246,245.9,79,4,1736,26,5,0,240385.0,12500000.0,F,32.0,France
Frenkie de Jong,795222,Barcelona,2817,spain,2324,1637,20,20,7.45,2,0,2,0.7,4.88,57,10,40.0,399,46,67.65,901,635,1526,93.11,23,57.5,17,0,0,0,117.0,4,0,2,6,27,20,0,0,17,11,72,0,1,19,0,28.57,2.0,25,21,4,2,0,,78,58.65,0,0,1,113,14,22,0,1,,0,1,0,0,0.0,0,0,0,0,171,8,0,0,2,0,0,0,0,0,0,818.5,0.0,0,4,3,1,4,13,61.9,0,43,26,60.47,21,87,21,25,101,58.38,68,1002,662,1639,148.9,7,5,1895,22,7,0,346154.0,18000000.0,M,26.0,Netherlands
Takefusa Kubo,880218,Real Sociedad,2824,spain,2324,2155,30,24,7.41,7,4,11,3.54,6.49,23,37,25.52,288,22,68.75,468,141,572,80.56,11,39.29,17,0,0,0,98.0,10,4,12,5,5,29,0,0,27,14,119,0,1,21,0,15.22,0.0,24,22,2,7,0,,133,56.6,0,0,1,138,11,59,6,8,,0,1,0,0,0.0,0,0,0,0,397,21,0,0,1,0,0,0,0,0,0,307.86,0.0,2,31,15,13,21,55,55.56,0,26,17,65.38,58,40,99,145,144,54.75,32,691,164,710,215.0,46,3,1288,52,2,0,100000.0,5200000.0,F,22.0,Japan
Federico Valverde,831808,Real Madrid,2829,spain,2324,2910,37,33,7.38,2,7,9,3.52,3.41,70,6,20.0,606,87,68.5,1165,731,1890,91.17,21,67.74,10,0,0,0,160.0,9,6,14,14,30,37,0,0,12,18,78,0,0,19,0,3.57,3.0,22,20,2,1,1,,84,55.26,0,0,2,183,43,49,0,0,,0,0,0,0,0.0,0,0,0,0,282,19,0,0,2,0,0,0,0,0,0,1455.0,0.0,1,20,36,23,19,22,51.16,0,47,34,72.34,49,111,43,30,105,57.38,127,1341,762,2073,273.2,56,2,2519,15,2,0,320577.0,16670000.0,M,25.0,Uruguay
Luka Modrić,15466,Real Madrid,2829,spain,2324,1685,32,18,7.35,2,6,8,1.31,4.83,108,20,22.22,481,99,79.2,943,501,1424,91.11,8,50.0,8,0,0,0,92.0,12,0,6,2,6,32,0,0,19,16,78,0,0,19,0,8.0,0.0,16,15,1,1,1,,64,47.76,0,0,2,139,21,57,1,2,,0,2,0,0,0.0,0,0,0,0,269,10,0,0,1,0,0,0,0,0,0,842.5,0.0,1,11,14,9,10,21,55.26,0,22,15,68.18,55,150,38,90,72,48.0,125,1118,535,1563,235.1,25,6,1887,21,2,0,420769.0,21880000.0,M,38.0,Croatia
Gerard Moreno,146866,Villarreal,2819,spain,2324,2229,30,28,7.35,10,6,16,9.68,4.62,41,7,25.93,325,53,67.09,546,227,766,79.54,27,49.09,28,0,1,0,87.0,9,7,19,1,23,30,0,0,53,14,148,0,0,22,0,15.87,0.0,45,42,3,9,1,,106,46.9,0,0,3,197,9,55,7,17,,0,2,3,0,66.67,0,2,0,0,368,17,0,0,3,0,0,0,0,0,0,222.9,0.0,0,53,10,23,21,43,54.43,0,25,12,48.0,53,79,79,27,133,47.33,79,715,275,963,220.4,63,3,1415,38,0,0,72115.0,3750000.0,F,31.0,Spain
Sergio Ramos,10710,Sevilla,2833,spain,2324,2518,28,28,7.34,3,0,3,1.89,0.39,117,0,0.0,132,177,66.29,428,923,1351,89.17,80,65.57,42,0,0,0,143.0,0,1,6,7,156,28,0,1,6,13,86,0,0,27,0,10.71,1.0,39,34,5,3,0,,73,62.39,2,0,1,164,41,4,0,9,,1,0,0,1,0.0,0,0,0,0,190,2,0,1,1,0,0,0,0,0,0,839.33,0.0,5,18,10,11,11,6,66.67,0,45,30,66.67,4,154,9,2,153,64.02,267,535,982,1515,205.4,28,8,1920,22,7,0,44038.0,2290000.0,D,37.0,Spain
Lamine Yamal,1402912,Barcelona,2817,spain,2324,2197,37,22,7.34,5,5,10,5.22,6.52,26,26,29.89,416,17,70.83,715,174,863,84.11,2,15.38,11,0,0,0,102.0,13,3,14,5,9,37,0,0,26,30,147,0,0,23,0,8.62,0.0,33,31,2,4,1,,183,57.37,0,0,5,163,19,38,4,4,,0,0,0,0,0.0,0,0,0,2,380,21,0,0,1,0,0,0,0,0,0,439.4,0.0,0,37,21,23,21,70,54.69,0,61,37,60.66,38,42,128,87,185,55.72,24,919,194,1026,271.4,58,4,1632,52,3,0,64038.0,3330000.0,F,16.0,Spain
Vinicius Júnior,868812,Real Madrid,2829,spain,2324,1872,26,22,7.33,15,5,20,13.11,4.38,35,6,10.71,268,32,61.54,415,77,486,78.14,1,12.5,7,0,0,0,44.0,9,17,16,4,0,26,0,0,40,9,174,1,1,24,0,19.23,0.0,12,11,1,13,2,,137,45.07,1,0,0,136,1,32,1,10,,0,1,1,0,100.0,0,1,0,0,414,16,0,0,11,0,0,0,0,0,0,124.8,0.0,0,60,18,23,39,65,40.63,0,18,13,72.22,31,62,160,56,138,44.23,52,583,95,622,190.5,78,5,1206,54,7,0,480769.0,25000000.0,F,23.0,Brazil
Iñaki Williams,783374,Athletic Club,2825,spain,2324,2855,34,32,7.32,12,3,15,9.44,5.76,8,19,17.12,291,7,35.0,494,157,632,73.75,32,58.18,23,0,0,0,119.0,10,11,18,8,27,34,0,0,47,21,183,0,0,32,0,12.9,0.0,31,25,6,10,2,,118,42.45,1,0,5,225,14,44,2,25,,1,0,0,0,0.0,0,0,0,0,529,29,0,0,9,0,0,0,0,0,0,237.92,0.0,0,71,22,32,43,49,44.95,0,24,17,70.83,44,30,109,111,150,45.05,20,774,194,857,248.9,93,4,1570,45,4,0,219231.0,11400000.0,F,29.0,Ghana
Rodrygo,910536,Real Madrid,2829,spain,2324,2388,34,28,7.31,10,5,15,11.74,4.19,4,9,28.13,497,9,81.82,736,137,864,89.91,5,19.23,21,0,0,1,61.0,5,12,20,4,4,34,0,0,30,14,143,0,0,10,0,11.49,0.0,20,18,2,9,1,,122,50.0,0,0,2,97,8,46,1,13,,0,0,1,0,0.0,0,0,0,1,304,13,0,0,9,0,0,0,0,0,0,238.8,0.0,4,67,20,31,36,60,46.88,0,16,15,93.75,46,13,128,32,127,47.04,11,850,143,961,248.4,87,3,1470,46,2,0,320577.0,16670000.0,F,23.0,Brazil
Iván Cuéllar,19013,Mallorca,2826,spain,2324,90,1,1,7.3,0,0,0,,0.0,4,0,0.0,0,4,28.57,0,16,16,59.26,0,0.0,0,0,0,0,11.0,0,0,0,0,0,1,0,0,0,0,0,0,0,0,0,0.0,3.0,1,1,0,0,0,0.17,0,0.0,0,1,0,11,0,0,0,0,,0,0,0,0,0.0,0,0,0,0,11,0,0,0,0,0,2,3,5,0,1,0.0,0.0,0,0,0,0,0,0,0.0,0,0,0,0.0,0,11,0,0,0,0.0,14,6,21,27,7.3,0,0,41,0,0,0,3462.0,180000.0,K,39.0,Spain
Antal Yaakobishvili,1471513,Girona FC,24264,spain,2324,60,1,0,7.3,0,0,0,0.0,0.12,2,0,0.0,2,5,62.5,6,31,37,88.1,2,66.67,1,0,0,0,3.0,1,0,0,0,3,1,0,0,1,0,3,0,0,1,0,0.0,0.0,0,0,0,0,0,,2,50.0,0,0,0,5,3,1,0,0,,0,0,0,0,0.0,0,0,0,0,6,0,0,0,0,0,0,0,0,0,0,0.0,0.0,0,0,0,0,0,0,0.0,0,2,1,50.0,1,3,0,0,4,57.14,8,6,36,42,7.3,0,0,51,0,0,0,,,,,
Savinho,1046795,Girona FC,24264,spain,2324,2989,37,35,7.29,9,10,19,6.06,9.88,25,29,24.17,356,19,61.29,585,216,772,83.19,4,23.53,13,0,0,0,171.0,14,5,11,4,5,37,0,0,49,12,190,0,1,30,0,20.0,0.0,39,38,1,8,1,,212,54.5,0,0,2,156,18,54,9,16,,0,1,0,0,0.0,0,0,0,2,511,23,0,0,0,0,0,0,0,0,0,332.11,0.0,0,32,13,14,20,104,53.61,0,42,25,59.52,53,43,194,120,216,53.2,31,809,239,928,269.7,45,3,1686,66,5,0,20000.0,1040000.0,F,19.0,Brazil
Raphinha,831005,Barcelona,2817,spain,2324,1379,28,17,7.28,6,9,15,7.38,4.99,21,28,34.57,203,28,59.57,354,149,475,80.92,9,64.29,5,0,0,0,74.0,11,10,12,2,11,28,0,1,8,14,63,0,0,17,0,10.17,0.0,14,13,1,4,2,,63,52.07,1,0,3,112,13,41,5,7,,0,0,1,0,100.0,0,1,0,1,241,13,0,1,0,0,0,0,0,0,0,229.83,0.0,10,29,30,25,22,24,55.81,0,14,8,57.14,41,44,43,81,72,53.33,47,506,162,587,203.9,59,5,956,25,4,0,240385.0,12500000.0,F,27.0,Brazil
Jesús Owono,990659,Deportivo Alavés,2885,spain,2324,360,4,4,7.28,0,0,0,,0.02,7,0,0.0,17,38,47.5,34,34,68,61.82,2,100.0,0,0,0,0,38.0,0,0,0,1,5,4,0,0,0,0,0,0,0,0,0,0.0,31.0,8,8,0,0,0,-1.61,0,0.0,0,4,0,42,0,0,0,0,,0,0,0,0,0.0,0,0,0,0,42,0,2,0,0,3,11,5,16,1,3,0.0,0.0,0,0,0,0,0,0,0.0,3,0,0,0.0,0,10,0,0,2,100.0,80,71,39,110,29.1,0,0,146,0,1,0,4615.0,240000.0,K,22.0,Equatorial Guinea
Arda Güler,1091116,Real Madrid,2829,spain,2324,390,10,4,7.27,6,0,6,1.44,0.54,10,2,15.38,64,9,75.0,121,60,179,88.18,0,0.0,0,0,0,0,21.0,0,0,5,1,1,10,0,0,5,3,28,0,0,11,0,40.0,0.0,5,5,0,6,0,,25,47.17,0,0,1,24,2,2,5,1,,0,0,0,0,0.0,0,0,0,1,56,4,0,0,1,0,0,0,0,0,0,65.0,0.0,1,8,7,4,6,11,55.0,0,6,4,66.67,2,15,20,13,25,47.17,12,147,69,203,72.7,15,1,298,8,1,0,100000.0,5200000.0,F,18.0,Turkey
João Cancelo,138892,Barcelona,2817,spain,2324,2506,32,29,7.25,2,4,6,1.63,6.75,73,18,21.95,374,71,58.68,777,559,1318,84.65,24,50.0,24,0,0,0,165.0,11,1,14,10,42,32,0,0,25,20,146,1,0,40,0,6.25,0.0,35,30,5,2,0,,150,55.15,0,0,1,239,29,35,0,4,,0,0,0,0,0.0,0,0,0,0,448,13,0,0,2,0,0,0,0,0,0,1253.0,0.0,0,16,16,8,10,60,61.22,0,64,44,68.75,35,135,98,82,174,54.38,121,1012,627,1557,232.1,32,6,2342,26,7,0,240385.0,12500000.0,D,29.0,Portugal
Alejandro Baena,910031,Villarreal,2819,spain,2324,2599,34,33,7.25,2,14,16,8.07,9.54,66,59,33.71,327,62,59.62,586,297,824,78.48,8,40.0,12,0,0,1,116.0,17,8,22,2,16,34,0,1,33,27,145,0,1,52,0,2.74,0.0,45,42,3,2,0,,117,46.8,0,0,2,226,13,86,0,8,,0,2,1,1,0.0,0,0,0,1,486,12,0,1,2,0,0,0,0,0,0,1299.5,0.0,5,41,32,25,26,26,52.0,0,34,21,61.76,84,113,50,175,125,46.3,104,881,344,1050,246.5,73,4,1669,57,11,0,38462.0,2000000.0,F,22.0,Spain
Paulo Gazzaniga,164343,Girona FC,24264,spain,2324,3420,38,38,7.24,0,0,0,0.0,0.05,116,0,0.0,35,198,41.25,111,806,917,75.91,9,100.0,0,0,0,0,307.0,2,0,0,12,17,38,0,0,1,2,3,0,1,0,0,0.0,246.0,46,44,2,0,0,6.58,15,83.33,0,35,1,291,0,3,0,0,,0,0,0,0,0.0,7,0,1,0,300,0,5,0,0,11,84,38,125,0,23,0.0,0.0,0,0,0,0,0,6,100.0,9,2,2,100.0,3,198,6,0,24,88.89,480,346,862,1208,275.2,0,2,1596,8,2,0,30000.0,1560000.0,K,32.0,Argentina
Rodrigo de Paul,249399,Atlético Madrid,2836,spain,2324,2084,34,25,7.24,3,5,8,1.81,6.23,110,13,28.26,367,99,68.28,736,543,1266,85.66,6,54.55,5,0,0,0,145.0,11,2,6,2,12,34,0,0,13,23,84,1,1,27,0,10.0,0.0,26,21,5,1,2,,117,59.69,0,0,2,212,11,39,0,1,,0,0,0,0,0.0,0,0,0,0,334,17,0,0,3,0,0,0,0,0,0,694.67,0.0,1,16,14,12,12,28,58.33,0,31,21,67.74,39,179,48,46,123,59.42,145,944,580,1478,246.2,30,2,1870,59,7,0,128269.0,6670000.0,M,29.0,Argentina
Pepelu,826948,Valencia,2828,spain,2324,3305,37,37,7.24,7,1,8,7.28,4.52,154,46,31.29,430,134,54.92,904,764,1622,82.38,58,58.0,42,0,1,0,244.0,2,1,7,12,69,37,0,0,21,34,157,0,0,51,0,20.0,0.0,43,39,4,7,0,,129,52.87,0,0,3,347,49,56,0,1,,0,1,8,1,87.5,0,7,0,0,508,12,0,0,7,0,0,0,0,0,0,472.14,0.0,12,8,27,16,12,12,54.55,0,78,53,67.95,55,242,22,147,187,54.36,244,1241,875,1969,267.9,35,2,2558,40,4,0,31923.0,1660000.0,M,25.0,Spain
Lucas Vázquez,255239,Real Madrid,2829,spain,2324,1442,29,14,7.24,3,6,9,1.17,3.55,20,10,21.28,240,12,30.0,477,345,812,88.55,4,40.0,6,0,0,0,78.0,9,2,1,6,29,28,0,0,15,7,69,0,0,22,0,25.0,0.0,15,14,1,3,0,,86,57.72,1,0,0,105,12,30,1,5,,0,0,0,0,0.0,0,0,0,1,209,5,0,0,1,0,0,0,0,0,0,480.67,0.0,0,9,3,4,7,24,55.81,0,37,25,67.57,30,48,43,47,90,56.6,40,581,383,917,202.6,12,7,1352,25,0,0,180385.0,9380000.0,D,32.0,Spain
Robert Lewandowski,41789,Barcelona,2817,spain,2324,2758,35,32,7.23,19,8,27,18.1,3.59,19,6,33.33,174,15,53.57,310,105,409,72.26,51,50.0,51,0,0,0,56.0,10,18,25,9,18,35,0,0,28,8,138,0,0,23,1,20.21,0.0,35,30,5,17,2,,86,49.71,4,0,1,157,9,27,1,24,,0,0,4,0,100.0,0,4,0,1,328,17,0,0,14,0,0,0,0,0,0,145.16,33.33,3,78,16,26,43,23,43.4,0,8,5,62.5,27,32,53,18,137,49.82,28,454,130,566,253.1,94,4,1007,55,5,0,520769.0,27080000.0,F,35.0,Poland
Daniel Carvajal,138572,Real Madrid,2829,spain,2324,2183,28,25,7.23,4,3,7,1.74,3.12,40,9,18.37,281,36,54.55,593,527,1111,87.34,22,53.66,19,0,0,0,120.0,4,3,2,8,44,27,0,0,18,19,89,1,3,23,0,22.22,0.0,13,12,1,3,1,,74,51.39,1,0,1,161,22,22,1,2,,0,1,0,0,0.0,0,0,0,0,263,4,0,1,2,0,0,0,0,0,0,545.75,0.0,0,13,5,6,10,9,45.0,0,47,32,68.09,21,66,20,49,96,51.89,66,734,587,1272,195.2,18,3,1771,19,3,1,200385.0,10420000.0,D,32.0,Spain
Viktor Tsygankov,319735,Girona FC,24264,spain,2324,2067,30,26,7.22,8,7,15,6.19,6.5,23,19,30.65,298,18,58.06,482,236,699,83.12,14,50.0,14,0,0,0,88.0,12,5,12,1,20,30,0,0,35,12,98,0,0,14,0,18.18,0.0,26,24,2,7,1,,91,52.0,0,0,4,142,12,34,4,4,,0,0,0,1,0.0,0,0,0,0,300,8,0,0,4,0,0,0,0,0,0,258.38,0.0,3,27,17,16,16,22,47.83,0,29,20,68.97,34,34,46,62,105,51.72,31,636,267,841,216.7,44,2,1259,41,0,0,51923.0,2700000.0,F,26.0,Ukraine
Pedri,992587,Barcelona,2817,spain,2324,1487,24,16,7.22,4,2,6,3.12,4.07,49,4,44.44,324,37,74.0,673,355,1024,87.82,3,37.5,5,0,0,0,82.0,8,4,4,1,7,24,0,0,15,19,70,0,0,11,0,26.67,0.0,20,17,3,4,0,,71,52.21,0,0,1,142,14,37,4,1,,0,0,0,0,0.0,0,0,0,0,222,15,0,0,0,0,0,0,0,0,0,371.75,0.0,0,12,3,4,7,16,44.44,0,33,24,72.73,37,78,36,9,74,51.39,50,783,392,1166,173.3,15,1,1419,22,3,0,180385.0,9380000.0,M,21.0,Spain
Mikel Merino,592010,Real Sociedad,2824,spain,2324,2485,32,27,7.22,5,3,8,3.3,2.76,52,4,21.05,354,56,65.88,639,434,1069,77.46,168,60.43,110,0,0,0,197.0,4,4,5,9,55,32,0,0,42,26,255,0,3,70,0,16.67,0.0,23,20,3,5,0,,158,52.15,2,0,0,311,16,20,2,6,,0,0,0,1,0.0,0,0,0,0,453,21,0,0,1,0,0,0,0,0,0,497.0,0.0,0,22,8,14,11,24,64.86,0,77,43,55.84,20,90,37,19,326,56.11,85,907,492,1380,231.0,30,4,1902,61,10,0,61538.0,3200000.0,M,27.0,Spain
Filip Jørgensen,962053,Villarreal,2819,spain,2324,3240,36,36,7.21,0,0,0,0.0,0.04,74,0,0.0,30,178,42.58,107,768,875,77.99,11,100.0,0,0,0,0,306.0,0,0,0,6,26,36,1,0,1,1,4,0,3,2,0,0.0,245.0,63,59,4,0,0,-1.02,9,69.23,0,29,0,247,2,0,0,0,,0,0,0,1,0.0,6,0,0,0,256,0,16,0,0,10,91,52,143,1,22,0.0,0.0,0,0,0,0,0,1,100.0,9,3,1,33.33,0,141,1,0,20,83.33,418,286,836,1122,259.6,0,2,1528,5,4,0,40000.0,2080000.0,K,22.0,Denmark
Samuel Lino,874705,Atlético Madrid,2836,spain,2324,2087,34,25,7.21,4,5,9,5.6,3.5,21,6,14.63,239,29,56.86,453,324,771,83.26,10,35.71,18,0,0,0,144.0,10,5,21,2,17,34,0,0,35,35,137,0,0,26,0,7.41,0.0,21,15,6,4,0,,156,56.73,0,0,2,155,14,35,3,9,,0,1,0,0,0.0,0,0,0,1,313,11,0,0,1,0,0,0,0,0,0,521.75,0.0,0,41,13,12,21,40,58.82,0,61,34,55.74,34,37,68,41,166,54.79,51,589,378,926,245.0,54,5,1463,56,0,0,24038.0,1250000.0,F,24.0,Brazil
Brahim Díaz,835485,Real Madrid,2829,spain,2324,1582,31,18,7.2,8,6,14,5.68,4.66,19,13,41.94,290,15,65.22,481,139,607,87.09,3,25.0,9,0,0,0,74.0,9,4,11,1,2,30,0,0,42,7,128,0,0,22,0,21.05,0.0,9,8,1,8,0,,125,51.23,0,0,2,90,5,30,2,5,,0,0,0,0,0.0,0,0,0,0,261,12,0,0,6,0,0,0,0,0,0,197.75,0.0,0,29,9,10,17,55,52.88,0,29,19,65.52,30,42,104,31,128,50.0,23,584,144,697,216.0,38,3,1105,41,0,0,140192.0,7290000.0,F,24.0,Spain
Antonio Raíllo,807116,Mallorca,2826,spain,2324,2202,26,25,7.2,3,2,5,1.41,0.79,42,0,0.0,88,63,53.39,300,690,990,85.79,123,66.49,62,0,0,0,107.0,3,0,8,6,104,26,0,0,7,6,105,0,2,32,0,10.34,15.0,25,20,5,3,0,,39,47.56,3,0,0,164,37,8,0,3,,0,0,0,0,0.0,0,0,0,0,187,1,0,1,0,0,0,0,0,0,0,734.0,0.0,0,21,8,12,9,1,50.0,0,30,23,76.67,8,70,2,2,162,60.67,118,396,760,1154,187.2,29,3,1467,8,4,1,31538.0,1640000.0,D,32.0,Spain
Jaume Doménech,235386,Valencia,2828,spain,2324,79,2,1,7.2,0,0,0,,0.0,1,0,0.0,1,4,18.18,3,8,11,37.93,0,0.0,1,0,0,0,10.0,0,0,0,0,2,2,0,0,0,0,1,0,0,0,0,0.0,7.0,3,2,1,0,0,-1.31,1,100.0,0,1,0,18,0,0,0,0,,0,0,0,0,0.0,0,0,0,0,18,0,2,0,0,1,4,5,9,0,2,0.0,0.0,0,0,0,0,0,0,0.0,1,0,0,0.0,0,1,0,0,1,50.0,22,18,11,29,14.4,0,0,44,1,0,0,27885.0,1450000.0,K,33.0,Spain
David Gil,138390,Cádiz,4488,spain,2324,371,5,4,7.2,0,0,0,,0.01,5,0,0.0,12,52,41.27,49,21,70,48.61,4,100.0,0,0,0,0,38.0,0,0,0,1,5,5,0,0,0,1,1,0,0,0,0,0.0,48.0,8,7,1,0,0,-1.68,2,66.67,0,7,0,74,0,0,0,0,,0,0,0,0,0.0,0,0,0,0,74,0,2,0,0,1,10,7,17,0,3,0.0,0.0,0,0,0,0,0,0,0.0,1,0,0,0.0,0,7,0,0,6,85.71,126,119,25,144,36.0,0,0,184,2,1,0,6346.0,330000.0,K,30.0,Spain
Claudio Bravo,13249,Real Betis,2816,spain,2324,630,7,7,7.2,0,0,0,0.0,0.13,31,0,0.0,3,44,50.57,21,135,156,78.39,3,100.0,0,0,0,0,53.0,0,0,0,2,8,7,0,0,0,1,1,0,0,0,0,0.0,60.0,5,5,0,0,0,0.48,0,0.0,0,4,0,43,0,1,0,0,,0,0,0,0,0.0,0,0,0,0,44,0,6,0,0,1,7,9,16,1,3,0.0,0.0,0,0,0,0,0,0,0.0,1,0,0,0.0,1,56,0,0,3,75.0,87,62,137,199,50.4,0,0,261,1,0,0,23077.0,1200000.0,K,40.0,Chile
Artem Dovbyk,798820,Girona FC,24264,spain,2324,2605,36,32,7.2,24,8,32,24.29,3.71,9,0,0.0,122,4,100.0,176,101,277,71.76,40,50.0,40,0,0,1,24.0,10,22,8,3,17,36,0,0,39,2,114,0,0,27,0,28.24,0.0,36,34,2,23,1,,33,30.84,6,0,1,109,0,27,17,33,,0,0,8,0,87.5,0,7,0,0,219,4,0,0,1,0,0,0,0,0,0,108.54,0.0,1,80,5,31,46,17,68.0,0,4,3,75.0,27,16,25,1,73,39.04,4,255,132,386,259.1,85,5,672,13,2,0,48077.0,2500000.0,F,26.0,Ukraine
Jeremías Ledesma,341097,Cádiz,4488,spain,2324,3049,34,34,7.2,0,0,0,0.0,0.16,58,0,0.0,125,328,40.34,290,288,578,54.22,7,70.0,3,0,0,0,346.0,0,0,0,9,39,34,1,0,0,3,7,2,1,1,0,0.0,284.0,47,44,3,0,0,0.29,7,63.64,0,44,0,488,0,1,0,0,,0,0,0,0,0.0,2,0,0,0,498,0,24,0,0,19,64,40,105,2,29,0.0,0.0,0,0,0,0,0,2,100.0,16,1,1,100.0,1,128,2,0,14,66.67,813,734,332,1066,244.7,0,3,1397,5,0,0,19231.0,1000000.0,K,30.0,Argentina
Marc-André Ter Stegen,88625,Barcelona,2817,spain,2324,2520,28,28,7.2,0,0,0,0.0,0.06,99,0,0.0,11,163,63.67,55,757,812,88.36,4,100.0,0,0,0,0,195.0,0,0,0,15,13,28,0,0,0,0,0,2,1,0,0,0.0,163.0,27,24,3,0,0,0.34,1,100.0,0,12,0,107,0,1,0,0,,0,0,0,0,0.0,2,0,0,0,110,0,10,0,0,3,50,25,75,1,18,0.0,0.0,0,0,0,0,0,0,0.0,3,0,0,0.0,1,147,0,0,5,100.0,256,116,803,919,201.5,0,2,1142,1,3,0,121154.0,6300000.0,K,31.0,Germany
Andriy Lunin,857574,Real Madrid,2829,spain,2324,1890,21,21,7.2,0,0,0,0.0,0.01,45,0,0.0,8,67,45.89,17,468,485,85.24,10,100.0,0,0,0,0,133.0,0,0,0,10,29,21,0,0,0,1,1,1,0,0,0,0.0,116.0,17,16,1,0,0,4.28,1,50.0,0,25,0,84,0,1,0,0,,0,0,0,0,0.0,1,0,0,0,86,0,14,0,0,10,37,11,48,1,13,0.0,0.0,0,0,0,0,0,0,0.0,9,0,0,0.0,1,57,0,0,11,91.67,146,62,507,569,151.1,0,0,779,3,2,0,54038.0,2810000.0,K,24.0,Ukraine
Ante Budimir,37318,Osasuna,2820,spain,2324,2453,33,29,7.19,17,2,19,14.24,1.79,5,3,30.0,102,1,20.0,179,58,234,54.8,163,56.79,124,0,0,1,55.0,4,12,17,2,18,33,0,0,31,9,218,0,0,40,0,22.08,0.0,41,39,2,16,1,,52,35.62,4,0,2,193,5,12,12,27,,0,0,4,0,75.0,0,3,0,3,335,19,0,0,1,0,0,0,0,0,0,144.29,0.0,0,72,5,25,35,10,33.33,0,21,15,71.43,12,16,30,10,215,49.65,5,359,78,427,237.3,77,3,806,26,4,0,25962.0,1350000.0,F,32.0,Croatia
Gorka Guruzeta,605672,Athletic Club,2825,spain,2324,2240,32,30,7.19,14,5,19,11.71,1.76,6,3,27.27,160,14,51.85,283,138,418,69.55,70,43.48,91,0,0,1,76.0,5,8,18,3,23,32,0,0,29,21,195,0,0,45,0,21.88,0.0,20,15,5,13,1,,76,42.22,3,0,1,183,17,27,2,11,,0,0,1,1,0.0,0,0,0,1,300,21,0,0,9,0,0,0,0,0,0,160.0,0.0,3,51,13,15,31,19,59.38,0,34,23,67.65,27,21,32,11,146,42.82,27,436,176,601,230.1,64,3,1001,23,2,0,40000.0,2080000.0,F,27.0,Spain
Alexander Sørloth,309078,Villarreal,2819,spain,2324,2491,34,30,7.19,23,6,29,12.35,2.95,2,2,28.57,162,3,37.5,246,110,354,76.62,80,64.0,45,0,0,0,57.0,6,14,19,3,26,34,0,0,61,4,179,0,0,34,0,29.49,0.0,46,43,3,23,0,,55,29.1,7,0,1,108,0,34,12,23,,0,0,0,0,0.0,0,0,0,1,323,15,0,0,4,0,0,0,0,0,0,108.3,0.0,0,71,7,23,36,30,42.86,0,6,3,50.0,34,5,70,7,135,42.99,8,342,127,462,244.4,78,7,900,19,3,0,69231.0,3600000.0,F,28.0,Norway
Brais Méndez,845385,Real Sociedad,2824,spain,2324,2420,32,27,7.19,5,6,11,4.2,4.45,48,24,23.08,310,50,56.18,611,327,914,80.96,26,41.94,36,0,0,0,121.0,9,1,23,5,21,32,0,0,30,28,179,0,0,58,2,7.58,0.0,29,26,3,2,3,,121,45.83,2,0,4,215,12,41,3,3,,0,1,0,0,0.0,0,0,0,1,424,13,0,0,0,0,0,0,0,0,0,484.0,20.0,10,24,42,26,17,24,43.64,0,42,28,66.67,40,93,55,104,147,45.09,89,867,366,1129,230.0,66,2,1688,56,7,0,100000.0,5200000.0,F,27.0,Spain
Eduardo Camavinga,973887,Real Madrid,2829,spain,2324,1824,31,21,7.19,0,2,2,0.92,1.79,44,3,75.0,290,39,62.9,631,557,1185,91.29,18,50.0,18,0,0,0,146.0,2,0,5,3,21,31,0,0,24,16,120,0,1,49,0,0.0,0.0,14,14,0,0,0,,180,63.83,0,0,0,113,29,20,0,1,,0,0,0,1,0.0,0,0,0,0,195,15,0,0,0,0,0,0,0,0,0,0.0,0.0,0,5,12,5,7,36,66.67,0,76,47,61.84,20,70,54,4,198,62.26,62,716,586,1298,222.8,17,3,1733,68,9,0,240385.0,12500000.0,M,21.0,France
Álvaro Valles,964983,Las Palmas,6577,spain,2324,3264,37,37,7.18,0,0,0,0.0,0.06,173,0,0.0,26,219,39.04,109,1244,1353,78.8,9,81.82,2,0,0,0,328.0,0,0,0,8,66,37,0,1,0,5,8,1,0,1,0,0.0,151.0,44,41,3,0,0,6.55,9,60.0,0,27,0,364,0,0,0,0,,0,0,0,0,0.0,9,0,3,0,382,0,26,1,0,39,73,38,113,0,28,0.0,0.0,0,0,0,0,0,1,100.0,38,3,2,66.67,0,292,1,1,18,69.23,561,382,1336,1717,265.8,0,3,2154,6,2,0,2308.0,120000.0,K,26.0,Spain
Aurélien Tchouaméni,859025,Real Madrid,2829,spain,2324,1992,27,22,7.18,3,1,4,1.25,1.45,30,4,18.18,257,50,64.94,643,732,1371,92.01,51,68.0,24,0,0,0,99.0,1,0,12,11,50,27,0,0,12,9,67,0,1,20,0,11.11,1.0,13,12,1,2,1,,66,60.55,2,0,0,119,28,11,0,0,,0,0,0,0,0.0,0,0,0,0,172,7,0,0,1,0,0,0,0,0,0,664.0,0.0,0,11,16,8,7,6,66.67,0,38,23,60.53,11,47,9,22,117,63.59,77,733,779,1490,193.9,27,3,1778,22,7,0,240385.0,12500000.0,M,24.0,France
Pablo Fornals,816763,Real Betis,2816,spain,2324,1153,15,14,7.18,3,2,5,1.82,1.96,26,15,29.41,181,25,52.08,332,157,474,78.35,11,55.0,9,0,0,0,72.0,4,2,8,1,6,15,0,0,13,10,58,0,2,13,0,17.65,0.0,20,18,2,3,0,,49,50.0,0,0,1,131,22,23,2,4,,0,0,0,0,0.0,0,0,0,0,225,9,0,0,1,0,0,0,0,0,0,384.33,0.0,0,12,5,3,6,11,44.0,0,24,16,66.67,23,50,25,51,60,50.85,48,463,193,605,107.7,17,2,862,14,2,0,60000.0,3120000.0,F,27.0,Spain
Juanma Herzog,1513451,Las Palmas,6577,spain,2324,291,4,3,7.18,2,0,2,0.69,0.01,2,0,0.0,2,3,25.0,32,163,195,88.64,4,57.14,3,0,0,0,13.0,0,0,0,2,17,4,0,0,0,3,7,0,0,1,0,66.67,2.0,5,4,1,2,0,,8,66.67,2,0,0,25,2,0,0,0,,0,0,0,0,0.0,0,0,0,0,26,0,0,0,0,0,0,0,0,0,0,145.5,0.0,0,3,0,0,3,1,100.0,0,6,5,83.33,0,7,1,0,12,63.16,12,39,181,220,28.7,3,0,259,1,1,0,,,,,
Francisco Vieites,929975,Real Betis,2816,spain,2324,315,4,3,7.18,0,0,0,0.0,0.0,6,0,0.0,1,19,32.2,8,50,58,58.59,1,100.0,0,0,0,0,28.0,0,0,0,2,4,4,1,0,0,0,0,0,1,0,0,0.0,35.0,4,1,3,0,0,0.54,1,100.0,0,2,0,41,0,0,0,0,,0,0,0,0,0.0,0,0,0,0,43,0,2,0,0,1,6,8,14,0,5,0.0,0.0,0,0,0,0,0,0,0.0,1,1,0,0.0,0,10,0,0,2,100.0,59,40,59,99,28.7,0,0,141,0,0,0,,,,,
Nabil Fekir,337671,Real Betis,2816,spain,2324,1049,19,10,7.17,1,2,3,2.24,2.7,17,18,32.14,219,12,57.14,361,118,461,84.12,10,47.62,11,0,0,0,42.0,4,3,10,1,2,18,0,0,23,5,63,0,0,22,0,3.57,0.0,15,13,2,1,0,,71,57.72,0,0,1,87,7,30,0,8,,0,0,0,0,0.0,0,0,0,0,205,6,0,0,1,0,0,0,0,0,0,1049.0,0.0,6,16,12,9,9,21,77.78,0,15,10,66.67,30,28,27,56,81,56.25,21,474,130,548,129.1,28,1,831,35,1,0,130769.0,6800000.0,F,30.0,France
Jonathan Viera,129451,Almería,2858,spain,2324,1542,21,19,7.17,2,4,6,3.55,2.44,26,5,22.73,289,18,54.55,547,371,913,88.9,4,28.57,10,0,0,0,64.0,8,3,4,0,2,21,0,0,18,17,75,0,0,13,0,7.69,0.0,25,23,2,2,0,,76,53.9,0,0,1,114,4,44,0,5,,0,0,2,0,100.0,0,2,0,0,206,16,0,1,2,0,0,0,0,0,0,771.0,0.0,3,13,13,11,11,19,52.78,0,25,12,48.0,44,46,36,22,80,51.61,33,655,394,1027,150.5,26,2,1265,32,2,1,23077.0,1200000.0,F,33.0,Spain
Hugo Álvarez,1154935,Celta Vigo,2821,spain,2324,781,12,8,7.16,1,1,2,1.04,1.78,4,4,18.18,136,2,16.67,240,82,318,85.48,5,45.45,6,0,0,0,47.0,3,1,4,0,8,12,0,0,13,11,50,0,0,9,0,8.33,0.0,10,9,1,0,1,,39,46.99,0,0,0,54,5,19,0,1,,0,0,0,0,0.0,0,0,0,0,117,12,0,0,1,0,0,0,0,0,0,781.0,0.0,0,10,2,4,4,16,59.26,0,14,9,64.29,19,8,27,22,44,46.81,12,297,97,372,85.9,12,1,580,9,1,0,,,,,
Pepe Reina,26937,Villarreal,2819,spain,2324,180,2,2,7.15,0,0,0,,0.0,3,0,0.0,2,10,45.45,5,40,45,78.95,1,100.0,0,0,0,0,20.0,0,0,0,0,2,2,0,1,0,0,0,0,0,0,0,0.0,11.0,2,2,0,0,0,-0.09,0,0.0,0,1,0,12,0,0,0,0,,0,0,0,0,0.0,0,0,0,0,12,0,1,1,0,0,5,2,7,0,1,0.0,0.0,0,0,0,0,0,0,0.0,0,0,0,0.0,0,5,0,0,1,100.0,22,12,45,57,14.3,0,0,80,0,2,0,28846.0,1500000.0,K,41.0,Spain
Jules Koundé,827212,Barcelona,2817,spain,2324,2899,35,32,7.15,1,2,3,2.07,2.6,75,9,26.47,512,101,57.06,1165,1131,2287,90.86,71,61.21,45,0,0,0,157.0,5,1,9,15,78,35,0,0,13,23,116,0,5,22,0,4.17,8.0,38,35,3,1,0,,69,49.29,1,0,0,230,25,23,0,2,,0,0,0,0,0.0,0,0,0,0,335,5,0,0,0,0,0,0,0,0,0,2899.0,0.0,0,18,6,8,7,16,50.0,0,37,23,62.16,23,131,32,34,140,54.69,177,1336,1215,2517,250.1,24,5,3115,16,4,0,260577.0,13550000.0,D,25.0,France
Eric García,876214,Girona FC,24264,spain,2324,2697,32,30,7.14,5,0,5,2.89,1.08,47,3,30.0,351,105,54.97,863,1161,2021,90.34,52,57.14,39,0,0,0,131.0,1,2,4,7,73,32,0,0,9,15,89,0,2,25,0,29.41,9.0,41,39,2,5,0,,83,62.41,5,0,0,216,30,10,0,3,,0,0,0,0,0.0,0,0,0,1,277,2,0,0,0,0,0,0,0,0,0,539.4,0.0,0,16,1,7,6,4,50.0,0,55,37,67.27,10,97,8,10,135,60.27,191,1010,1237,2237,228.6,17,5,2688,26,5,0,115385.0,6000000.0,D,23.0,Spain
Mason Greenwood,942116,Getafe,2859,spain,2324,2667,33,30,7.14,8,6,14,8.77,4.29,61,23,21.5,293,56,65.88,563,211,751,81.81,5,20.0,20,0,0,1,120.0,7,4,30,5,4,33,0,0,50,17,176,0,0,39,0,7.84,0.0,42,37,5,7,1,,126,44.68,0,0,3,167,4,36,3,1,,0,0,3,0,66.67,0,2,0,1,437,16,0,0,5,0,0,0,0,0,0,333.38,0.0,5,52,50,37,35,72,58.06,0,11,6,54.55,36,109,124,107,131,42.67,85,787,238,918,235.5,102,2,1507,43,6,0,28846.0,1500000.0,F,22.0,England
Dani Parejo,39182,Villarreal,2819,spain,2324,2586,33,29,7.13,3,5,8,2.93,4.02,96,21,36.84,361,116,72.96,856,766,1601,90.2,24,70.59,10,0,0,0,173.0,5,0,2,3,29,33,0,0,23,26,84,1,2,18,0,25.0,0.0,54,51,3,3,0,,113,60.43,0,0,1,174,21,34,0,0,,0,0,3,0,100.0,0,3,0,0,271,15,0,0,3,0,0,0,0,0,0,862.0,0.0,2,4,8,4,6,19,67.86,0,43,30,69.77,34,148,28,57,137,61.99,159,998,834,1775,235.4,12,3,2138,51,4,0,72115.0,3750000.0,M,34.0,Spain
Pablo Gavi,1103693,Barcelona,2817,spain,2324,943,12,10,7.13,1,1,2,0.95,1.37,16,2,25.0,127,17,73.91,318,165,481,91.44,13,33.33,26,0,0,0,44.0,2,1,1,4,15,12,0,0,11,18,91,1,0,31,0,11.11,0.0,11,9,2,1,0,,74,53.24,1,0,1,45,8,11,0,4,,0,0,0,0,0.0,0,0,0,0,91,5,0,0,0,0,0,0,0,0,0,943.0,0.0,0,6,3,4,4,12,60.0,0,39,21,53.85,11,23,20,8,87,48.88,23,356,178,526,85.6,9,0,730,23,5,0,130769.0,6800000.0,M,19.0,Spain
Álex Remiro,791773,Real Sociedad,2824,spain,2324,3276,37,37,7.13,0,0,0,0.0,0.06,94,0,0.0,52,241,46.44,131,724,855,74.87,7,100.0,0,0,0,0,239.0,0,0,0,15,41,37,0,1,0,0,0,0,2,1,0,0.0,163.0,36,32,4,0,0,4.03,4,100.0,0,15,0,287,0,1,0,0,,0,0,0,0,0.0,6,0,1,0,295,0,17,1,0,20,64,31,97,0,24,0.0,0.0,0,0,0,0,0,0,0.0,19,0,0,0.0,1,164,0,0,11,100.0,519,353,789,1142,263.9,0,3,1423,4,2,0,80000.0,4160000.0,K,28.0,Spain
Kirian Rodríguez,964985,Las Palmas,6577,spain,2324,3217,37,36,7.13,6,2,8,2.07,2.83,87,5,19.23,566,76,55.47,1329,1372,2696,89.48,22,32.35,46,0,0,0,231.0,2,0,17,5,23,37,0,0,48,43,164,0,1,23,0,13.95,0.0,44,41,3,3,3,,115,49.36,0,0,1,317,28,37,1,1,,0,0,0,2,0.0,0,0,0,0,464,18,0,0,5,0,0,0,0,0,0,536.17,0.0,2,7,36,12,14,26,74.29,0,52,32,61.54,37,155,35,26,137,45.51,137,1585,1454,3013,263.7,43,1,3486,37,7,0,15962.0,830000.0,F,27.0,Spain
Yuri Berchiche,84531,Athletic Club,2825,spain,2324,1931,27,22,7.12,3,1,4,0.9,2.02,36,11,25.0,212,34,41.46,467,421,877,83.6,34,61.82,21,0,0,0,119.0,4,2,4,9,55,27,0,0,10,14,73,0,0,29,0,16.67,0.0,16,16,0,2,1,,74,58.73,0,0,0,172,20,14,2,0,,1,0,0,1,0.0,0,0,0,0,252,7,0,0,1,0,0,0,0,0,0,643.67,0.0,0,11,7,8,6,9,81.82,0,33,25,75.76,14,56,11,44,108,59.67,82,606,487,1049,192.3,18,3,1576,33,5,0,82308.0,4280000.0,D,34.0,Spain
Rui Silva,253809,Real Betis,2816,spain,2324,2475,28,28,7.12,0,0,0,0.0,0.02,111,0,0.0,18,162,36.9,84,468,552,66.03,12,80.0,3,0,0,0,237.0,0,0,0,9,22,28,2,0,0,3,8,0,1,2,0,0.0,183.0,36,34,2,0,0,3.38,6,54.55,0,29,0,284,1,0,0,0,,1,0,0,2,0.0,8,0,1,0,289,0,9,0,0,15,52,34,87,2,12,0.0,0.0,0,0,0,0,0,1,100.0,14,0,0,0.0,0,187,1,0,18,69.23,439,293,543,836,199.4,0,2,1113,7,4,0,17308.0,900000.0,K,29.0,Portugal
David Alaba,66492,Real Madrid,2829,spain,2324,1156,14,14,7.11,0,1,1,0.96,0.77,34,2,11.76,89,38,52.78,247,558,803,91.46,10,52.63,9,0,0,0,63.0,2,1,4,4,34,14,0,0,1,4,18,0,0,4,0,0.0,25.0,10,9,1,0,0,,13,59.09,0,0,1,75,15,10,0,0,,1,0,0,0,0.0,0,0,0,0,100,4,0,0,0,0,0,0,0,0,0,0.0,0.0,6,6,8,6,4,0,0.0,0,13,9,69.23,10,64,0,17,23,56.1,72,319,576,878,99.6,14,1,1015,0,2,0,432692.0,22500000.0,D,31.0,Austria
Yangel Herrera,839585,Girona FC,24264,spain,2324,2120,29,27,7.11,5,0,5,4.87,1.86,30,8,27.59,217,43,60.56,452,518,962,87.38,62,57.41,46,0,0,0,125.0,3,6,12,3,45,29,0,0,50,26,190,0,1,65,0,9.62,0.0,26,26,0,4,1,,147,50.52,1,0,4,139,24,19,0,2,,0,1,0,0,0.0,0,0,0,1,270,10,0,0,4,0,0,0,0,0,0,424.0,0.0,0,36,16,22,18,22,75.86,0,64,37,57.81,18,45,29,29,209,52.38,71,563,567,1101,206.3,52,1,1592,62,9,0,21154.0,1100000.0,M,26.0,Venezuela
Ayoze Pérez,345195,Real Betis,2816,spain,2324,2307,31,29,7.11,9,1,10,7.43,2.97,17,2,10.53,241,10,52.63,408,160,566,79.72,20,37.04,34,0,0,0,121.0,7,10,16,5,12,31,0,0,51,28,201,0,0,36,0,13.24,0.0,28,23,5,8,1,,157,48.46,0,0,2,144,22,30,1,11,,0,0,0,0,0.0,0,0,0,0,347,21,0,0,8,0,0,0,0,0,0,256.33,0.0,0,61,7,26,26,50,48.08,0,59,32,54.24,30,29,104,19,177,46.83,19,532,197,710,220.3,68,3,1278,48,4,0,24038.0,1250000.0,F,30.0,Spain
Lucas Robertone,848926,Almería,2858,spain,2324,2391,33,29,7.1,0,5,5,0.97,2.17,62,19,28.36,230,75,54.74,538,562,1081,84.45,39,57.35,29,0,0,0,163.0,5,0,7,4,40,33,0,0,16,25,114,0,0,38,0,0.0,0.0,47,43,4,0,0,,122,58.94,0,0,0,199,51,34,0,2,,0,0,0,0,0.0,0,0,0,0,310,11,0,0,0,0,0,0,0,0,0,0.0,0.0,3,6,31,17,13,8,47.06,0,61,33,54.1,34,116,17,67,161,58.55,137,739,608,1280,234.3,37,1,1771,54,11,0,21154.0,1100000.0,M,26.0,Argentina
Sergi Cardona,986245,Las Palmas,6577,spain,2324,2816,35,30,7.1,1,2,3,2.67,3.66,36,16,17.98,320,34,30.09,690,755,1429,82.46,53,58.24,38,0,0,0,188.0,4,2,9,7,92,35,0,0,22,41,165,0,0,52,0,3.85,0.0,38,36,2,1,0,,166,56.66,0,0,0,304,46,39,1,5,,0,0,0,0,0.0,0,0,0,0,511,16,0,0,0,0,0,0,0,0,0,2816.0,0.0,0,21,5,12,5,17,51.52,0,90,55,61.11,39,84,33,89,219,57.03,113,940,882,1733,248.4,26,4,2706,60,10,0,3269.0,170000.0,D,24.0,Spain
Nico Williams,1085400,Athletic Club,2825,spain,2324,2280,31,29,7.1,5,11,16,6.02,7.49,14,45,29.41,242,19,57.58,413,155,523,79.24,8,47.06,9,0,0,0,131.0,10,5,18,3,3,31,0,0,51,23,192,0,1,19,0,8.93,0.0,23,20,3,5,0,,154,45.7,0,0,2,137,3,47,2,12,,0,0,0,1,0.0,0,0,0,3,481,23,0,1,3,0,0,0,0,0,0,456.0,0.0,1,47,9,19,19,86,48.31,0,31,12,38.71,47,27,178,153,162,45.76,33,636,177,660,220.0,56,4,1367,37,4,1,200385.0,10420000.0,F,21.0,Spain
Vedat Muriqi,310874,Mallorca,2826,spain,2324,2329,29,25,7.1,7,2,9,10.5,1.81,12,2,18.18,153,15,62.5,272,139,409,64.01,146,52.52,132,0,2,0,75.0,6,10,10,5,26,29,0,0,34,12,221,0,0,40,0,10.77,0.0,32,27,5,7,0,,63,41.45,3,0,4,230,6,34,3,31,,0,0,3,0,33.33,0,1,0,0,382,10,0,0,1,0,0,0,0,0,0,332.71,0.0,0,55,10,30,25,13,48.15,0,11,6,54.55,34,14,27,11,209,48.6,24,481,169,639,205.8,65,1,1043,43,5,0,88077.0,4580000.0,F,29.0,Kosovo
Vicente Guaita,32023,Celta Vigo,2821,spain,2324,2402,27,26,7.1,0,0,0,,0.02,45,0,0.0,25,159,39.55,90,333,423,63.32,14,93.33,1,0,0,0,208.0,0,0,0,6,35,27,0,0,0,1,3,1,0,1,0,0.0,213.0,39,35,4,0,0,2.64,3,60.0,0,22,0,245,0,0,0,0,,1,0,0,1,0.0,5,0,0,0,251,0,26,0,0,13,69,14,83,0,13,0.0,0.0,0,0,0,0,0,0,0.0,13,1,1,100.0,0,79,0,0,17,85.0,402,278,390,668,191.6,0,1,957,5,2,0,46154.0,2400000.0,K,37.0,Spain
David Soria,604258,Getafe,2859,spain,2324,3414,38,38,7.09,0,0,0,0.0,0.12,80,0,0.0,87,373,38.53,298,266,564,48.37,4,100.0,0,0,0,0,407.0,0,0,0,10,32,38,0,0,0,2,3,4,2,1,0,0.0,310.0,52,47,5,0,0,3.67,1,25.0,0,15,0,602,0,0,0,0,,0,0,0,1,0.0,7,0,0,0,612,0,11,0,0,36,79,40,123,0,22,0.0,0.0,0,0,0,0,0,0,0.0,34,0,0,0.0,0,166,0,0,5,62.5,968,828,338,1166,269.6,0,3,1480,2,3,0,48077.0,2500000.0,K,30.0,Spain
Johnny Cardoso,990169,Real Betis,2816,spain,2324,1331,17,15,7.09,1,2,3,1.08,1.01,18,1,33.33,99,21,58.33,266,272,537,84.7,38,60.32,25,0,0,0,91.0,0,3,2,4,28,17,0,0,15,11,79,0,0,21,0,8.33,0.0,15,13,2,0,1,,78,59.09,0,0,0,97,32,8,0,0,,0,0,0,0,0.0,0,0,0,1,141,9,0,0,1,0,0,0,0,0,0,1331.0,0.0,0,6,6,7,3,11,57.89,0,48,29,60.42,8,28,19,3,116,59.49,36,328,309,634,120.6,12,0,889,19,3,0,13462.0,700000.0,M,22.0,United States
Giorgi Mamardashvili,930997,Valencia,2828,spain,2324,3289,37,37,7.09,0,0,0,0.0,0.08,66,0,0.0,56,208,29.01,154,300,454,46.95,10,90.91,1,0,0,0,308.0,1,0,0,13,41,37,0,1,0,0,2,2,0,3,0,0.0,245.0,41,38,3,0,0,9.26,7,87.5,0,37,0,513,2,2,0,0,,0,0,0,1,0.0,6,0,3,0,526,0,19,1,0,15,78,28,108,0,30,0.0,0.0,0,0,0,0,0,0,0.0,12,4,3,75.0,2,172,0,0,17,89.47,717,601,366,967,262.4,0,1,1327,4,3,0,28846.0,1500000.0,K,23.0,Georgia
Ørjan Nyland,22209,Sevilla,2833,spain,2324,2160,24,24,7.09,0,0,0,0.0,0.04,53,0,0.0,34,171,37.17,135,248,383,56.66,11,100.0,0,0,0,0,191.0,1,0,0,6,16,24,0,0,0,1,1,0,1,0,0,0.0,201.0,27,24,3,0,0,2.88,1,50.0,0,16,0,293,0,2,0,0,,0,0,0,0,0.0,3,0,0,0,303,0,7,0,0,5,48,30,78,1,15,0.0,0.0,0,0,0,0,0,0,0.0,5,0,0,0.0,2,113,0,0,12,92.31,460,394,282,676,170.2,0,1,908,2,1,0,14038.0,730000.0,K,33.0,Norway
Lucas Ocampos,155702,Sevilla,2833,spain,2324,2885,35,34,7.08,4,3,7,5.41,4.14,37,23,19.17,350,37,48.68,536,222,735,73.57,66,54.1,56,0,0,0,161.0,9,10,10,2,23,35,0,0,56,29,238,0,0,32,0,6.25,0.0,42,36,6,3,1,,182,50.0,1,0,1,264,21,36,1,8,,0,0,1,0,100.0,0,1,0,0,644,33,0,0,2,0,0,0,0,0,0,721.25,0.0,0,46,18,30,24,48,42.11,0,66,47,71.21,36,70,114,120,248,51.03,76,852,267,999,247.8,64,2,1901,71,9,0,32692.0,1700000.0,F,29.0,Argentina
Unai Simón,797291,Athletic Club,2825,spain,2324,3184,36,36,7.08,0,0,0,0.0,0.08,76,0,0.0,79,248,33.79,185,401,586,54.36,12,92.31,1,0,0,0,322.0,0,0,0,16,14,36,1,0,0,1,2,0,0,0,0,0.0,240.0,33,29,4,0,0,6.61,10,90.91,0,28,0,492,1,1,0,0,,1,0,0,0,0.0,5,0,3,0,499,0,5,0,0,14,60,33,96,1,18,0.0,0.0,0,0,0,0,0,0,0.0,14,2,1,50.0,1,163,0,0,22,91.67,734,613,465,1078,254.8,0,1,1392,8,2,0,160385.0,8340000.0,K,26.0,Spain
Augusto Batalla,358910,Granada,33779,spain,2324,1530,17,17,7.08,0,0,0,0.02,0.07,38,0,0.0,48,149,38.6,104,264,368,60.33,3,100.0,0,0,0,0,179.0,0,0,1,3,15,17,0,0,0,1,1,1,1,0,0,0.0,122.0,28,26,2,0,0,-4.95,5,83.33,0,22,0,242,0,1,0,0,,0,0,0,0,0.0,0,0,0,0,245,0,5,0,0,8,42,16,59,0,9,0.0,0.0,0,1,0,0,0,3,100.0,8,0,0,0.0,1,60,3,0,8,88.89,386,313,297,610,120.3,1,0,800,2,3,0,15000.0,780000.0,K,27.0,Argentina
Daley Blind,44864,Girona FC,24264,spain,2324,2978,34,33,7.07,1,2,3,1.7,1.85,88,5,29.41,407,99,49.5,938,1346,2279,90.29,39,54.17,33,0,0,0,147.0,2,2,5,11,110,34,0,0,3,18,79,0,0,19,0,5.88,5.0,37,36,1,1,0,,76,62.3,0,0,0,245,21,17,1,0,,0,0,0,1,0.0,0,0,0,0,312,10,0,0,0,0,0,0,0,0,0,2978.0,0.0,1,10,7,6,6,17,65.38,0,47,21,44.68,17,157,26,17,115,59.28,200,1114,1427,2524,240.4,17,1,2925,12,6,0,64038.0,3330000.0,D,34.0,Netherlands
Luis Javier Suárez,914213,Almería,2858,spain,2324,925,15,10,7.07,6,0,6,6.48,0.51,10,2,28.57,50,10,83.33,101,49,148,76.29,10,23.26,33,0,0,0,17.0,1,2,7,0,11,15,0,0,10,4,74,0,0,18,0,15.0,0.0,23,21,2,6,0,,37,47.44,0,0,1,46,0,7,1,4,,0,0,1,0,100.0,0,1,0,0,104,3,0,0,5,0,0,0,0,0,0,154.17,0.0,0,36,4,19,14,12,57.14,0,7,5,71.43,7,12,21,7,47,38.84,12,145,56,194,106.0,40,2,377,18,3,0,28846.0,1500000.0,F,26.0,Colombia
Yannick Carrasco,182001,Atlético Madrid,2836,spain,2324,223,3,3,7.07,0,1,1,0.07,0.21,1,3,37.5,22,4,66.67,33,28,58,77.33,0,0.0,1,0,0,0,15.0,0,0,0,0,6,3,0,0,3,5,11,0,0,2,0,0.0,0.0,1,1,0,0,0,,11,52.38,0,0,0,17,1,4,0,1,,0,0,0,0,0.0,0,0,0,0,34,0,0,0,0,0,0,0,0,0,0,0.0,0.0,0,1,1,1,1,5,83.33,0,4,4,100.0,4,3,6,8,11,50.0,6,50,33,75,21.2,2,1,123,2,0,0,252500.0,13130000.0,F,29.0,Belgium
Predrag Rajković,188107,Mallorca,2826,spain,2324,3240,36,36,7.07,0,0,0,0.0,0.14,99,0,0.0,104,354,41.4,284,338,622,55.09,6,66.67,3,0,0,0,299.0,0,0,0,9,30,36,2,0,0,0,3,0,0,1,0,0.0,300.0,43,36,7,0,0,-1.1,8,100.0,0,31,0,507,0,4,0,0,,0,0,0,0,0.0,5,0,1,0,515,0,16,0,0,12,62,34,99,2,19,0.0,0.0,0,0,0,0,0,3,100.0,11,2,1,50.0,4,205,3,0,14,82.35,855,718,411,1129,254.4,0,3,1430,4,2,0,16154.0,840000.0,K,28.0,Serbia
Martín Zubimendi,966837,Real Sociedad,2824,spain,2324,2655,31,29,7.06,4,1,5,2.7,2.01,45,1,14.29,277,48,52.17,662,657,1318,86.37,44,61.11,28,0,0,0,169.0,2,2,7,9,53,31,0,0,16,19,104,0,0,36,0,18.18,1.0,32,28,4,4,0,,81,51.59,1,0,3,208,37,17,1,0,,0,1,0,0,0.0,0,0,0,0,269,7,0,0,2,0,0,0,0,0,0,663.75,0.0,0,16,6,4,11,12,70.59,0,49,27,55.1,16,92,17,7,125,54.59,92,818,715,1526,219.0,22,0,1864,20,5,0,57692.0,3000000.0,M,25.0,Spain
Yerson Mosquera,1014835,Villarreal,2819,spain,2324,1237,16,14,7.06,2,1,3,1.57,0.48,7,4,57.14,44,26,34.67,146,458,600,85.96,28,73.68,10,0,0,0,72.0,0,0,0,3,59,16,0,0,4,3,33,0,0,14,0,20.0,16.0,17,17,0,2,0,,56,70.89,1,0,0,98,17,5,0,0,,0,0,0,0,0.0,0,0,0,0,121,1,0,0,1,0,0,0,0,0,0,618.5,0.0,0,9,1,6,4,4,50.0,0,27,13,48.15,5,21,8,7,84,71.79,75,201,504,698,113.0,10,2,930,27,4,0,10769.0,560000.0,D,22.0,Colombia
Koke,84539,Atlético Madrid,2836,spain,2324,2502,35,32,7.06,0,4,4,0.42,3.02,140,1,9.09,396,119,65.38,977,1058,2034,90.93,16,50.0,16,0,0,0,198.0,7,1,4,7,32,34,0,0,20,43,104,1,0,19,0,0.0,0.0,33,25,8,0,0,,89,50.28,0,0,0,203,16,27,0,0,,0,1,0,0,0.0,0,0,0,0,273,16,0,0,0,0,0,0,0,0,0,0.0,0.0,0,3,7,4,2,5,45.45,0,66,44,66.67,26,215,11,11,105,50.24,182,1137,1111,2237,240.1,10,0,2551,19,5,0,128269.0,6670000.0,M,32.0,Spain
Florian Lejeune,88528,Rayo Vallecano,2818,spain,2324,3328,37,37,7.05,3,1,4,3.25,0.82,91,1,14.29,186,190,44.39,542,1090,1631,81.31,81,61.83,50,0,0,0,173.0,2,0,13,11,154,37,0,0,4,11,90,0,1,26,1,4.48,45.0,48,43,5,2,1,,55,57.89,0,0,1,375,23,9,0,3,,1,0,0,0,0.0,0,0,0,0,412,7,0,0,3,0,0,0,0,0,0,1109.33,3.13,32,20,47,33,21,4,100.0,0,39,25,64.1,9,204,4,7,136,60.18,428,825,1188,2006,261.0,67,5,2432,13,5,0,40000.0,2080000.0,D,32.0,France
Sergi Darder,110783,Mallorca,2826,spain,2324,2154,36,21,7.05,2,5,7,2.23,5.03,60,53,35.57,232,57,51.35,483,229,659,79.49,8,36.36,14,0,0,0,124.0,8,1,12,3,14,36,0,0,24,19,96,0,0,19,0,6.25,0.0,29,24,5,1,1,,108,56.84,0,0,1,170,16,52,0,1,,0,1,0,0,0.0,0,0,0,0,372,12,0,0,2,0,0,0,0,0,0,1077.0,0.0,1,13,19,8,12,34,61.82,0,39,26,66.67,51,116,55,149,116,54.72,111,717,261,829,253.8,32,1,1326,35,4,0,51923.0,2700000.0,M,30.0,Spain
Antonio Sivera,369004,Deportivo Alavés,2885,spain,2324,3060,34,34,7.05,0,0,0,0.0,0.14,116,0,0.0,97,294,39.89,226,313,539,54.67,7,87.5,1,0,0,0,265.0,0,0,0,10,41,34,0,0,0,1,2,0,1,0,0,0.0,295.0,38,30,8,0,0,1.63,2,66.67,0,21,0,447,0,4,0,0,,0,0,0,0,0.0,8,0,0,0,457,0,25,0,0,14,60,27,87,0,22,0.0,0.0,0,0,0,0,0,0,0.0,13,0,0,0.0,4,222,0,0,9,81.82,737,606,380,986,239.7,0,3,1273,2,3,0,30000.0,1560000.0,K,27.0,Spain
Sergio Arribas,997203,Almería,2858,spain,2324,2065,34,22,7.05,9,4,13,8.57,3.28,12,16,26.67,212,18,51.43,380,201,565,83.09,20,45.45,24,0,0,0,91.0,10,7,14,2,8,34,0,0,16,17,101,0,1,14,0,15.0,0.0,41,36,5,9,0,,91,54.17,1,0,1,115,16,42,4,1,,0,0,0,0,0.0,0,0,0,0,252,17,0,0,3,0,0,0,0,0,0,229.44,0.0,1,39,21,24,22,16,34.04,0,34,17,50.0,42,28,47,60,111,52.36,35,511,229,680,239.6,60,2,1092,42,1,0,10577.0,550000.0,F,22.0,Spain
Óscar de Marcos,52663,Athletic Club,2825,spain,2324,2261,28,26,7.05,1,5,6,0.63,3.37,32,31,25.62,290,58,50.0,594,410,973,83.02,14,45.16,17,0,0,0,124.0,5,1,1,9,37,28,0,0,6,29,89,0,0,22,0,20.0,0.0,27,23,4,1,0,,73,50.34,0,0,0,199,15,21,0,5,,0,0,0,0,0.0,0,0,0,0,363,15,0,0,1,0,0,0,0,0,0,2261.0,0.0,0,3,2,2,2,6,27.27,0,56,39,69.64,21,71,22,121,87,49.43,116,841,452,1172,197.3,5,2,1808,12,5,0,24038.0,1250000.0,D,35.0,Spain
Luis Milla,811629,Getafe,2859,spain,2324,2123,27,25,7.05,0,1,1,0.62,2.11,78,31,30.39,277,101,63.13,653,354,976,84.14,28,52.83,25,0,0,0,174.0,2,1,2,1,9,26,0,0,17,19,118,0,0,43,0,0.0,0.0,36,32,4,0,0,,97,51.05,0,0,1,184,32,30,0,1,,0,1,0,0,0.0,0,0,0,0,324,19,0,0,0,0,0,0,0,0,0,0.0,0.0,1,3,13,9,5,11,39.29,0,57,33,57.89,29,126,28,102,125,51.44,160,859,403,1160,183.2,16,1,1567,29,6,0,28077.0,1460000.0,M,29.0,Spain
Sergi Roberto,123976,Barcelona,2817,spain,2324,863,14,10,7.04,3,2,5,1.68,0.77,11,3,33.33,138,14,63.64,334,239,570,90.33,12,52.17,11,0,0,0,44.0,1,1,0,1,6,14,0,0,7,8,34,1,0,8,0,30.0,0.0,10,10,0,3,0,,25,52.08,1,0,2,61,8,9,0,1,,0,0,0,0,0.0,0,0,0,0,102,1,0,0,2,0,0,0,0,0,0,287.67,0.0,0,8,2,6,4,3,75.0,0,15,10,66.67,9,14,4,9,37,52.11,22,383,257,631,98.6,10,1,758,7,4,0,96154.0,5000000.0,M,31.0,Spain
Borja Mayoral,604954,Getafe,2859,spain,2324,2162,27,25,7.04,15,1,16,11.86,1.32,32,7,31.82,169,31,73.81,309,112,414,77.67,50,40.32,74,0,0,0,69.0,2,7,13,2,16,27,0,0,28,17,166,0,0,31,0,31.91,0.0,34,30,4,15,0,,57,38.26,5,0,2,119,4,20,1,14,,0,0,4,0,100.0,0,4,0,1,257,20,0,0,9,0,0,0,0,0,0,144.13,0.0,0,38,9,7,27,18,45.0,0,9,5,55.56,20,49,40,22,107,39.19,42,423,132,533,190.1,47,0,848,32,2,0,92115.0,4790000.0,F,26.0,Spain
João Félix,851671,Barcelona,2817,spain,2324,1548,30,18,7.04,7,3,10,8.76,2.58,18,1,5.88,222,15,50.0,397,129,525,83.73,8,50.0,8,0,0,0,68.0,6,7,16,1,11,30,0,0,32,14,124,0,0,21,0,11.48,0.0,16,14,2,7,0,,105,47.51,0,0,4,102,10,19,2,9,,0,0,0,0,0.0,0,0,0,0,255,11,0,0,5,0,0,0,0,0,0,221.14,0.0,1,45,16,20,25,29,36.25,0,22,16,72.73,19,33,80,17,113,47.68,30,499,145,627,211.1,61,1,1038,54,3,0,7692.0,400000.0,F,24.0,Portugal
Kepa Arrizabalaga,232422,Real Madrid,2829,spain,2324,1197,14,13,7.04,0,0,0,0.0,0.0,16,0,0.0,3,47,41.59,18,311,329,82.46,2,100.0,0,0,0,0,83.0,0,0,0,7,8,14,1,0,0,1,1,0,0,0,0,0.0,70.0,9,8,1,0,0,1.6,2,66.67,0,4,0,70,0,0,0,0,,0,0,0,0,0.0,0,0,0,0,70,0,4,0,0,2,21,9,30,0,7,0.0,0.0,0,0,0,0,0,0,0.0,2,0,0,0.0,0,43,0,0,4,80.0,113,57,342,399,98.5,0,0,504,2,1,0,173077.0,9000000.0,K,29.0,Spain
Suso,96370,Sevilla,2833,spain,2324,1514,29,15,7.03,1,4,5,1.38,4.93,49,44,33.33,278,53,74.65,492,197,645,85.32,8,47.06,9,0,0,0,88.0,8,1,9,0,3,29,0,1,22,20,84,0,0,22,0,3.85,0.0,35,30,5,0,1,,86,53.42,0,0,1,111,5,42,1,3,,0,0,0,0,0.0,0,0,0,0,282,11,0,1,0,0,0,0,0,0,0,1514.0,0.0,1,5,21,11,6,27,62.79,0,24,17,70.83,42,86,43,132,94,52.81,71,659,229,756,204.0,26,3,1152,35,5,0,53846.0,2800000.0,F,30.0,Spain
Juan Miranda,855829,Real Betis,2816,spain,2324,1860,25,21,7.03,1,1,2,1.61,2.39,45,18,29.03,201,49,46.67,435,341,758,82.39,26,48.15,28,0,0,0,83.0,4,5,4,6,51,25,0,0,5,14,75,0,0,21,0,6.25,0.0,22,18,4,1,0,,79,62.7,0,0,0,162,19,24,1,3,,0,1,0,1,0.0,0,0,0,0,289,1,0,0,0,0,0,0,0,0,0,1860.0,0.0,1,9,7,6,6,7,46.67,0,38,24,63.16,23,82,15,62,105,58.33,105,581,401,920,175.8,16,3,1446,34,8,0,25000.0,1300000.0,D,24.0,Spain
Yéremy Pino,984624,Villarreal,2819,spain,2324,479,7,7,7.03,0,0,0,1.42,0.5,3,3,42.86,54,7,63.64,82,52,131,82.91,8,44.44,10,0,0,0,29.0,0,1,2,0,4,7,0,0,9,9,54,0,0,22,0,0.0,0.0,7,6,1,0,0,,43,49.43,0,0,0,27,5,5,0,3,,0,0,0,0,0.0,0,0,0,0,66,4,0,0,0,0,0,0,0,0,0,0.0,0.0,0,8,1,3,4,9,60.0,0,25,18,72.0,5,6,15,7,51,48.57,11,106,59,158,49.2,9,0,289,9,4,0,25962.0,1350000.0,F,21.0,Spain
Ronald Araújo,925097,Barcelona,2817,spain,2324,1994,25,21,7.03,1,2,3,2.12,1.74,48,2,25.0,151,73,48.03,531,894,1423,89.61,61,72.62,23,0,0,0,102.0,3,1,6,7,62,25,0,0,4,4,56,2,0,25,0,4.35,11.0,31,29,2,1,0,,43,56.58,1,0,1,165,12,8,0,0,,0,0,0,1,0.0,0,0,0,0,204,3,0,0,0,0,0,0,0,0,0,1994.0,0.0,0,20,3,8,9,8,80.0,0,27,22,81.48,8,98,10,8,104,65.0,152,631,965,1588,175.7,23,3,1844,9,6,0,134615.0,7000000.0,D,24.0,Uruguay
Ángel Correa,316152,Atlético Madrid,2836,spain,2324,1532,32,14,7.03,9,2,11,7.99,3.77,9,7,17.5,181,10,55.56,274,105,372,79.49,6,31.58,13,0,0,0,63.0,7,6,9,1,6,32,0,0,33,12,108,0,0,24,0,20.93,0.0,19,15,4,8,1,,81,46.02,2,0,2,96,2,32,2,17,,0,0,1,0,100.0,0,1,0,0,253,14,0,0,5,0,0,0,0,0,0,170.22,0.0,1,33,10,14,20,28,50.91,0,22,15,68.18,32,21,55,40,87,44.62,18,382,126,468,224.8,43,3,813,32,3,0,67308.0,3500000.0,F,28.0,Argentina
Miguel Gutiérrez,908716,Girona FC,24264,spain,2324,3037,35,35,7.02,2,7,9,2.76,6.84,47,28,28.87,333,39,55.71,652,717,1341,88.4,22,55.0,18,0,0,0,203.0,21,2,11,10,56,35,0,0,32,22,126,1,1,27,0,5.88,0.0,39,37,2,2,0,,80,42.55,0,0,0,176,22,42,1,6,,0,0,0,2,0.0,0,0,0,0,385,7,0,0,1,0,0,0,0,0,0,1518.5,0.0,0,15,19,18,5,25,45.45,0,29,18,62.07,42,70,55,97,102,44.74,70,829,785,1517,245.8,34,3,2278,26,4,0,23846.0,1240000.0,D,22.0,Spain
Mario Hermoso,353130,Atlético Madrid,2836,spain,2324,2556,31,29,7.02,0,1,1,1.4,1.06,124,8,21.05,275,136,59.39,695,864,1551,87.13,47,58.75,33,0,0,0,168.0,0,2,3,8,82,31,0,0,11,23,103,0,0,32,0,0.0,6.0,34,28,6,0,0,,79,53.02,0,0,2,229,30,17,0,1,,0,0,0,0,0.0,0,0,0,1,309,5,0,0,0,0,0,0,0,0,0,0.0,0.0,0,14,3,10,4,11,64.71,0,46,25,54.35,17,186,17,38,126,55.02,229,864,954,1780,217.7,17,2,2268,23,9,0,160192.0,8330000.0,D,28.0,Spain
Marcos Alonso,69408,Barcelona,2817,spain,2324,250,5,3,7.02,0,0,0,0.1,0.33,8,3,20.0,46,5,45.45,97,59,153,88.95,2,33.33,4,0,0,0,14.0,1,0,0,1,4,5,0,0,3,1,16,0,0,7,0,0.0,0.0,4,4,0,0,0,,14,53.85,0,0,0,19,4,5,0,0,,0,0,0,0,0.0,0,0,0,0,41,1,0,0,0,0,0,0,0,0,0,0.0,0.0,0,2,1,1,2,3,60.0,0,5,3,60.0,5,10,5,15,16,50.0,11,124,63,172,35.1,3,0,258,6,0,0,120192.0,6250000.0,D,33.0,Spain
Guido Rodríguez,609752,Real Betis,2816,spain,2324,1849,24,22,7.02,2,0,2,0.67,0.79,76,0,0.0,158,67,55.83,416,471,887,85.95,21,60.0,14,0,0,0,155.0,1,0,6,5,39,24,0,0,17,21,78,0,0,23,0,11.11,0.0,23,21,2,2,0,,97,60.25,0,0,1,145,29,4,0,4,,0,0,0,1,0.0,0,0,0,0,194,10,0,0,2,0,0,0,0,0,0,924.5,0.0,0,10,8,5,7,10,76.92,0,53,30,56.6,4,116,13,6,118,60.2,120,509,529,1032,168.4,18,1,1338,35,6,0,32692.0,1700000.0,M,29.0,Argentina
Renato Tapia,352376,Celta Vigo,2821,spain,2324,1347,21,15,7.02,0,0,0,1.02,0.69,42,2,22.22,128,59,47.58,280,256,534,76.61,44,57.14,33,0,0,0,112.0,1,1,4,3,49,20,0,0,10,11,87,0,1,24,0,0.0,0.0,15,13,2,0,0,,94,63.51,0,0,0,163,21,7,0,1,,0,0,0,0,0.0,0,0,0,0,215,8,0,1,0,0,0,0,0,0,0,0.0,0.0,2,6,13,14,1,27,75.0,0,41,29,70.73,7,82,36,9,138,61.33,124,399,307,697,140.3,19,0,1022,27,3,1,7692.0,400000.0,M,28.0,Peru
Luiz Henrique,1035995,Real Betis,2816,spain,2324,618,14,6,7.01,0,3,3,1.22,1.49,4,7,29.17,57,7,70.0,99,46,138,74.59,15,50.0,15,0,0,0,29.0,6,3,6,1,6,14,0,0,17,5,55,0,0,7,0,0.0,0.0,10,9,1,0,0,,56,58.33,0,0,0,47,5,11,0,0,,0,0,0,0,0.0,0,0,0,0,112,6,0,0,0,0,0,0,0,0,0,0.0,0.0,0,13,5,8,4,26,66.67,0,15,11,73.33,11,7,39,24,71,56.35,10,153,56,185,98.2,18,1,374,15,1,0,15385.0,800000.0,F,22.0,Brazil
Gonçalo Guedes,280979,Villarreal,2819,spain,2324,951,17,9,7.01,3,2,5,2.3,1.11,8,10,37.04,123,8,50.0,189,65,244,81.06,2,16.67,10,0,0,0,29.0,4,3,9,0,3,17,0,0,12,5,36,0,0,5,0,11.54,0.0,16,16,0,3,0,,32,55.17,0,0,0,57,2,19,1,3,,0,0,0,0,0.0,0,0,0,0,129,9,0,0,2,0,0,0,0,0,0,317.0,0.0,0,14,12,9,8,10,66.67,0,6,4,66.67,19,11,15,27,34,48.57,16,248,80,301,119.2,26,0,471,16,0,0,103846.0,5400000.0,F,27.0,Portugal
Luís Maximiano,845797,Almería,2858,spain,2324,2970,33,33,7.01,0,0,0,0.0,0.04,79,0,0.0,36,202,32.63,118,573,691,62.08,4,100.0,0,0,0,0,283.0,0,0,0,6,27,33,1,0,0,1,2,2,0,1,0,0.0,264.0,63,57,6,0,0,-2.68,6,75.0,0,24,0,422,0,0,0,0,,0,0,0,1,0.0,7,0,1,0,433,0,8,0,0,22,71,41,114,0,26,0.0,0.0,0,0,0,0,0,3,100.0,19,0,0,0.0,0,153,3,0,10,83.33,619,462,651,1113,231.3,0,2,1456,3,1,0,40000.0,2080000.0,K,25.0,Portugal
Jan Oblak,69768,Atlético Madrid,2836,spain,2324,3420,38,38,7.01,0,0,0,0.0,0.02,56,0,0.0,16,169,41.32,78,520,598,70.94,9,100.0,0,0,0,0,274.0,0,0,0,13,23,38,1,0,1,0,1,0,0,0,0,0.0,283.0,43,34,9,0,0,-2.04,2,66.67,0,30,0,245,0,0,0,0,,0,0,0,0,0.0,2,0,0,0,254,0,13,0,0,8,61,40,102,0,21,0.0,0.0,0,0,0,0,0,1,100.0,8,0,0,0.0,0,114,1,0,11,91.67,409,255,588,843,266.3,0,0,1194,2,1,0,400577.0,20830000.0,K,31.0,Slovenia
Willian José,123223,Real Betis,2816,spain,2324,1982,33,25,7.01,10,5,15,5.67,1.65,22,3,42.86,142,21,72.41,266,163,426,80.08,32,43.84,41,0,0,0,41.0,4,4,8,1,15,33,0,1,25,3,81,0,0,9,1,20.83,0.0,28,24,4,8,2,,32,44.44,1,0,0,106,2,27,4,9,,0,0,0,0,0.0,0,0,0,0,175,11,0,1,5,0,0,0,0,0,0,198.2,25.0,4,34,14,16,24,6,50.0,0,7,3,42.86,27,27,12,7,64,44.14,29,353,186,532,231.2,48,2,737,20,0,0,42308.0,2200000.0,F,32.0,Brazil
Luis Rioja,900433,Deportivo Alavés,2885,spain,2324,2532,37,31,7.01,5,4,9,6.16,4.2,16,42,24.14,228,19,35.19,397,138,493,74.92,11,32.35,23,0,0,1,128.0,9,5,23,1,22,36,0,0,20,29,115,0,0,22,0,8.77,0.0,36,30,6,4,1,,85,48.02,0,0,1,165,16,42,5,10,,0,1,4,0,75.0,0,3,0,1,408,13,0,0,0,0,0,0,0,0,0,506.4,0.0,4,29,28,15,19,41,64.06,0,27,19,70.37,41,33,64,174,96,45.5,54,653,179,658,252.2,57,1,1210,18,4,0,15769.0,820000.0,F,30.0,Spain
Óscar Mingueza,859773,Celta Vigo,2821,spain,2324,3002,38,33,7.01,2,2,4,2.63,6.17,65,31,20.95,429,71,44.65,782,521,1272,80.92,16,47.06,18,0,0,0,164.0,9,1,5,2,32,38,0,0,26,43,140,2,0,21,0,7.14,0.0,48,44,4,1,1,,142,53.79,0,0,1,300,17,50,0,1,,0,1,0,1,0.0,0,0,0,0,587,7,0,0,2,0,0,0,0,0,0,1501.0,0.0,0,13,15,10,13,36,51.43,0,62,38,61.29,49,143,70,148,158,53.02,159,1120,600,1572,266.2,28,2,2415,44,4,0,22115.0,1150000.0,D,24.0,Spain
Sergio Herrera,294377,Osasuna,2820,spain,2324,2870,32,32,7.0,0,0,0,0.0,0.08,92,0,0.0,57,311,43.56,239,431,670,61.92,11,100.0,0,0,0,0,309.0,0,0,0,9,30,32,1,0,0,1,1,1,2,0,0,0.0,222.0,47,43,4,0,0,-0.87,8,88.89,0,25,0,412,0,1,0,0,,0,0,0,0,0.0,1,0,1,0,421,0,8,0,0,19,53,32,86,0,20,0.0,0.0,0,0,0,0,0,0,0.0,18,2,2,100.0,1,178,0,0,19,95.0,714,589,493,1082,224.1,0,1,1346,7,2,0,18269.0,950000.0,K,30.0,Spain
Hugo Duro,909119,Valencia,2828,spain,2324,2994,37,35,7.0,13,2,15,11.54,0.61,10,0,0.0,141,4,40.0,258,144,402,72.3,61,32.45,127,0,0,0,81.0,3,10,10,3,27,37,0,0,38,20,242,0,0,41,0,19.7,0.0,33,30,3,13,0,,121,51.27,4,0,2,154,5,14,5,17,,0,0,0,0,0.0,0,0,0,3,322,18,0,0,4,0,0,0,0,0,0,230.31,0.0,2,56,10,27,29,13,36.11,0,16,8,50.0,14,20,36,7,182,42.92,10,386,177,556,259.0,66,1,1049,95,4,0,40000.0,2080000.0,F,24.0,Spain
Juan Foyth,873189,Villarreal,2819,spain,2324,1063,12,12,7.0,1,1,2,0.39,0.85,15,2,11.11,131,28,53.85,255,224,477,82.81,26,60.47,17,0,0,0,58.0,1,1,2,1,42,12,0,0,7,15,62,0,0,18,0,16.67,0.0,20,18,2,1,0,,53,54.08,1,0,1,99,12,5,0,0,,0,0,0,0,0.0,0,0,0,0,156,3,0,0,0,0,0,0,0,0,0,1063.0,0.0,0,5,1,2,2,20,76.92,0,26,15,57.69,5,32,26,18,79,56.03,52,333,261,576,84.0,6,0,873,7,1,0,38462.0,2000000.0,D,26.0,Argentina
Loïc Badé,1006489,Sevilla,2833,spain,2324,2283,28,27,7.0,0,1,1,0.95,0.46,42,0,0.0,95,68,39.77,313,796,1109,83.01,76,65.52,40,0,0,0,151.0,0,0,1,5,113,28,0,1,4,19,95,0,2,24,0,0.0,0.0,29,25,4,0,0,,86,60.99,0,0,1,227,38,9,0,1,,0,0,0,0,0.0,0,0,0,0,260,2,0,1,0,0,0,0,0,0,0,0.0,0.0,0,13,1,10,3,11,52.38,0,65,41,63.08,9,89,21,2,162,63.04,171,452,886,1336,196.0,14,2,1695,10,5,0,63462.0,3300000.0,D,23.0,France
Marcos Llorente,353138,Atlético Madrid,2836,spain,2324,2570,37,29,7.0,6,4,10,4.13,4.52,19,12,17.14,292,18,50.0,499,401,888,83.3,17,34.69,32,0,0,0,115.0,11,5,3,4,30,37,0,0,18,28,118,0,0,31,0,20.0,0.0,33,28,5,6,0,,77,47.24,1,0,0,178,14,27,1,19,,0,0,0,0,0.0,0,0,0,0,307,20,0,0,4,0,0,0,0,0,0,428.33,0.0,0,24,6,8,19,11,50.0,0,40,23,57.5,27,32,22,70,94,44.34,36,678,458,1066,258.9,30,3,1522,27,5,0,160192.0,8330000.0,M,29.0,Spain
Jonathan Bamba,595576,Celta Vigo,2821,spain,2324,1993,27,24,7.0,3,2,5,2.99,3.7,8,12,24.0,244,9,56.25,419,160,567,80.65,7,24.14,22,0,0,0,101.0,3,3,16,1,8,27,0,0,24,15,127,0,0,15,0,7.32,0.0,28,26,2,2,1,,121,53.54,0,0,2,136,18,38,1,7,,0,0,0,0,0.0,0,0,0,0,306,9,0,0,2,0,0,0,0,0,0,664.33,0.0,0,24,17,9,16,42,44.21,0,14,9,64.29,38,17,95,50,128,50.2,16,567,186,703,188.9,41,0,1168,65,0,0,80000.0,4160000.0,F,27.0,Cote d'Ivoire
Pau Cubarsí,1402913,Barcelona,2817,spain,2324,1562,19,18,6.99,0,0,0,0.09,0.4,34,0,0.0,98,73,57.94,424,933,1357,91.69,28,50.0,28,0,0,0,59.0,1,0,0,8,64,19,0,0,3,5,51,0,0,15,0,0.0,8.0,21,20,1,0,0,,27,54.0,0,0,0,123,12,5,0,0,,0,0,0,1,0.0,0,0,0,0,135,1,0,0,0,0,0,0,0,0,0,0.0,0.0,0,2,1,3,0,3,75.0,0,22,14,63.64,5,69,4,1,55,51.89,126,507,974,1480,132.9,3,1,1640,2,4,0,76923.0,4000000.0,D,17.0,Spain
Julián Araujo,978150,Las Palmas,6577,spain,2324,1462,25,15,6.99,1,0,1,0.68,0.93,16,11,47.83,134,18,40.0,308,278,575,83.33,29,58.0,21,0,0,0,81.0,2,1,0,4,43,24,0,0,2,10,51,0,1,13,0,14.29,0.0,18,17,1,1,0,,62,67.39,1,0,0,115,10,16,0,2,,0,0,0,0,0.0,0,0,0,0,188,7,0,0,0,0,0,0,0,0,0,1462.0,0.0,0,3,4,5,2,12,66.67,0,41,22,53.66,16,33,18,23,91,64.08,45,388,325,690,167.8,7,1,1051,9,5,0,30000.0,1560000.0,D,22.0,Mexico
Iñigo Martínez,173883,Barcelona,2817,spain,2324,1302,20,13,6.99,0,0,0,0.37,0.47,51,1,33.33,136,68,57.14,449,544,992,88.73,33,54.1,28,0,0,0,69.0,0,1,3,7,50,20,0,0,0,2,40,0,0,10,0,0.0,7.0,11,8,3,0,0,,21,63.64,0,0,1,126,11,1,0,1,,0,0,0,0,0.0,0,0,0,0,135,0,0,0,0,0,0,0,0,0,0,0.0,0.0,0,8,0,4,1,0,0.0,0,10,7,70.0,1,96,1,3,54,57.45,119,540,581,1118,139.8,8,0,1255,11,5,0,174231.0,9060000.0,D,32.0,Spain
Iñigo Ruiz de Galarreta,96365,Athletic Club,2825,spain,2324,2104,29,25,6.99,1,1,2,0.33,2.48,59,21,36.84,285,66,58.93,604,387,970,83.12,22,48.89,23,0,0,0,152.0,5,0,2,4,17,29,0,0,29,25,138,0,0,54,0,9.09,0.0,19,16,3,0,1,,112,49.34,0,0,0,197,12,27,0,0,,1,0,0,0,0.0,0,0,0,0,301,18,0,0,1,0,0,0,0,0,0,2104.0,0.0,0,1,10,7,2,22,73.33,0,49,31,63.27,27,117,30,57,134,49.26,112,801,423,1167,202.7,11,0,1508,41,7,0,14615.0,760000.0,M,30.0,Spain
Pablo Barrios,1142588,Atlético Madrid,2836,spain,2324,1556,24,17,6.99,0,1,1,0.93,1.03,29,0,0.0,186,27,51.92,395,329,724,85.88,15,41.67,21,0,0,0,94.0,3,2,5,2,23,24,0,0,23,21,96,0,2,23,0,0.0,0.0,17,11,6,0,0,,103,57.87,0,0,1,119,28,16,0,0,,0,0,0,0,0.0,0,0,0,0,218,7,0,0,0,0,0,0,0,0,0,0.0,0.0,0,7,10,5,7,35,79.55,0,45,25,55.56,16,45,44,16,118,55.14,52,491,368,843,167.7,17,0,1179,24,5,0,40000.0,2080000.0,M,20.0,Spain
Carl Starfelt,360718,Celta Vigo,2821,spain,2324,2218,27,26,6.99,1,0,1,1.4,0.11,15,0,0.0,41,40,43.48,197,709,906,87.88,72,66.67,36,0,0,0,129.0,0,3,1,3,155,27,0,0,1,9,61,1,1,15,0,8.33,0.0,38,34,4,1,0,,46,64.79,1,0,1,125,34,2,0,0,,0,0,0,1,0.0,0,0,0,0,136,1,0,0,0,0,0,0,0,0,0,2218.0,0.0,0,12,0,6,5,0,0.0,0,36,30,83.33,2,29,1,1,118,65.92,92,263,769,1031,188.6,12,3,1360,10,4,0,30000.0,1560000.0,D,28.0,Sweden
Álvaro Morata,125407,Atlético Madrid,2836,spain,2324,1914,32,21,6.98,15,3,18,13.78,1.61,13,4,40.0,94,11,50.0,162,105,263,70.7,45,58.44,32,0,0,1,54.0,4,23,7,1,26,32,0,0,31,2,111,0,0,33,0,22.39,0.0,25,19,6,15,0,,67,45.89,5,0,3,109,1,15,3,33,,0,0,1,0,0.0,0,0,0,2,205,16,0,1,7,0,0,0,0,0,0,127.6,0.0,0,61,6,26,34,17,51.52,0,16,10,62.5,15,20,33,10,112,50.22,22,247,135,372,223.4,67,0,695,35,2,1,260385.0,13540000.0,F,31.0,Spain
Rubén García,260031,Osasuna,2820,spain,2324,1553,30,19,6.98,3,2,5,2.28,3.54,19,28,27.72,201,25,51.02,365,147,484,72.67,31,46.27,36,0,0,0,86.0,6,3,7,1,15,29,0,0,23,20,111,0,0,24,0,10.71,0.0,26,22,4,3,0,,76,50.33,1,0,1,182,12,31,1,6,,0,0,0,0,0.0,0,0,0,0,319,12,0,0,1,0,0,0,0,0,0,517.67,0.0,3,17,11,11,10,18,66.67,0,32,18,56.25,31,45,27,101,107,49.08,49,574,193,666,202.4,28,0,1027,27,1,0,25962.0,1350000.0,F,30.0,Spain
Reinildo Mandava,831424,Atlético Madrid,2836,spain,2324,728,16,7,6.98,2,1,3,0.85,0.52,7,1,16.67,55,9,36.0,134,178,311,86.15,12,52.17,11,0,0,0,53.0,1,0,1,2,19,14,0,0,1,3,35,0,0,14,0,40.0,0.0,11,10,1,2,0,,46,65.71,1,0,0,50,15,5,1,0,,0,0,0,0,0.0,0,0,0,0,81,1,0,0,0,0,0,0,0,0,0,364.0,0.0,0,4,1,1,3,8,53.33,0,30,22,73.33,5,12,15,6,58,62.37,25,165,202,361,97.7,5,2,546,8,2,0,15385.0,800000.0,D,30.0,Mozambique
Axel Witsel,35612,Atlético Madrid,2836,spain,2324,2784,35,30,6.98,2,0,2,0.99,0.24,31,2,50.0,109,64,59.26,497,1183,1678,92.25,57,68.67,26,0,0,0,148.0,1,2,1,11,110,35,0,0,6,7,65,0,0,24,0,28.57,4.0,31,25,6,2,0,,67,63.21,1,0,1,141,16,3,0,0,,0,0,0,0,0.0,0,0,0,0,171,1,0,0,1,0,0,0,0,0,0,1392.0,0.0,0,7,0,3,3,5,62.5,0,35,21,60.0,3,60,8,4,124,65.61,108,572,1251,1819,244.2,7,2,2152,29,5,0,160192.0,8330000.0,D,35.0,Belgium
Marc Roca,847128,Real Betis,2816,spain,2324,1986,26,24,6.97,2,2,4,1.14,1.7,70,3,12.0,234,66,55.0,491,502,990,85.49,11,33.33,22,0,0,0,147.0,2,0,6,8,21,26,0,0,18,23,120,0,1,48,0,10.0,0.0,25,22,3,2,0,,84,46.15,1,0,0,168,17,19,0,1,,0,0,0,0,0.0,0,0,0,0,243,8,0,0,1,0,0,0,0,0,0,993.0,0.0,0,4,16,7,7,11,55.0,0,52,36,69.23,19,137,20,25,95,44.19,120,640,543,1158,181.3,20,0,1474,23,5,0,58269.0,3030000.0,M,27.0,Spain
Robin Le Normand,787751,Real Sociedad,2824,spain,2324,2473,29,28,6.97,2,0,2,1.09,0.79,36,0,0.0,112,92,56.79,441,1121,1562,88.65,112,64.37,62,0,0,0,111.0,0,0,0,7,94,29,0,0,6,13,110,0,1,33,0,25.0,17.0,30,27,3,2,0,,53,52.48,0,0,0,200,28,3,0,1,,1,0,0,1,0.0,0,0,0,0,225,2,0,0,2,0,0,0,0,0,0,1236.5,0.0,0,7,1,3,5,1,100.0,0,31,22,70.97,3,67,1,1,165,60.0,162,575,1188,1762,202.2,8,1,2037,23,13,0,53846.0,2800000.0,D,27.0,Spain
Rubén Alcaraz,259339,Cádiz,4488,spain,2324,3138,36,36,6.97,3,1,4,3.29,1.61,92,10,27.78,310,130,50.58,691,573,1254,82.23,49,50.0,49,0,0,0,234.0,2,0,13,9,49,36,0,0,27,71,240,1,1,84,1,6.25,0.0,48,44,4,2,1,,176,47.96,0,0,1,271,33,23,0,1,,0,0,2,0,100.0,0,2,0,0,378,18,0,0,3,0,0,0,0,0,0,1046.0,12.5,8,16,32,23,12,10,47.62,0,97,59,60.82,23,186,21,36,225,48.39,257,917,644,1525,251.0,48,0,2105,71,13,0,14423.0,750000.0,M,32.0,Spain
Bryan Zaragoza,1084730,Granada,33779,spain,2324,1640,21,18,6.97,6,2,8,3.79,4.21,13,23,23.47,103,9,24.32,169,75,221,65.58,4,30.77,9,0,0,0,56.0,6,2,5,1,1,21,0,0,11,15,111,0,0,12,0,17.65,0.0,37,32,5,5,1,,104,50.49,0,0,2,116,3,24,0,14,,0,1,1,0,100.0,0,1,0,1,336,7,0,0,6,0,0,0,0,0,0,273.33,0.0,1,24,10,10,19,53,44.92,0,18,9,50.0,23,37,118,98,108,49.32,37,334,101,337,146.4,34,1,776,33,5,0,10385.0,540000.0,F,21.0,Spain
Iván Martín,973699,Girona FC,24264,spain,2324,2750,36,33,6.97,5,4,9,2.91,3.29,27,1,10.0,411,31,73.81,813,668,1480,92.27,8,25.0,24,0,0,0,146.0,4,2,4,3,12,36,0,0,41,35,146,0,0,27,0,26.32,0.0,35,33,2,5,0,,117,48.95,0,0,0,124,21,29,4,4,,0,0,0,1,0.0,0,0,0,0,270,18,0,0,1,0,0,0,0,0,0,550.0,0.0,0,13,6,4,11,39,66.1,0,44,25,56.82,29,45,59,10,125,46.13,42,904,710,1604,250.9,19,0,2016,34,5,0,10577.0,550000.0,F,24.0,Spain
David García,591136,Osasuna,2820,spain,2324,2336,27,27,6.96,0,1,1,0.95,0.99,63,0,0.0,164,101,52.88,461,640,1101,83.09,94,72.87,35,0,0,0,129.0,1,2,1,8,113,27,0,0,2,10,80,0,2,33,0,0.0,19.0,35,33,2,0,0,,44,49.44,0,0,1,224,18,5,0,1,,0,0,0,1,0.0,0,0,0,0,242,0,0,0,0,0,0,0,0,0,0,0.0,0.0,0,15,0,12,2,3,75.0,0,29,18,62.07,5,122,4,2,138,63.3,191,611,716,1325,188.0,15,1,1621,13,5,0,15385.0,800000.0,D,29.0,Spain
Carlos Vicente,1084399,Deportivo Alavés,2885,spain,2324,1118,18,12,6.96,2,4,6,2.34,2.94,5,29,32.22,72,5,33.33,137,58,166,63.85,23,46.94,26,0,0,0,47.0,8,2,2,0,3,18,0,0,11,15,93,0,0,18,0,13.33,0.0,13,11,2,2,0,,55,45.08,0,0,1,94,4,34,0,9,,0,1,0,0,0.0,0,0,0,0,231,8,0,0,2,0,0,0,0,0,0,559.0,0.0,1,12,3,5,8,15,39.47,0,16,6,37.5,33,13,38,90,78,45.61,15,264,86,260,125.3,15,0,551,25,1,0,20000.0,1040000.0,F,24.0,Spain
Nemanja Maksimović,331449,Getafe,2859,spain,2324,3272,37,37,6.96,4,0,4,5.51,1.64,28,1,20.0,198,21,44.68,454,385,838,82.0,70,53.03,62,0,0,0,140.0,1,9,6,10,55,37,0,0,8,18,116,0,0,20,0,11.76,0.0,52,47,5,4,0,,85,61.15,3,0,2,184,46,20,1,1,,0,0,0,1,0.0,0,0,0,0,234,17,0,0,0,0,0,0,0,0,0,818.0,0.0,0,31,3,13,15,7,43.75,0,65,43,66.15,20,36,16,5,155,57.2,47,602,425,1022,257.4,34,1,1434,13,4,0,40000.0,2080000.0,M,29.0,Serbia
Marko Dmitrović,94527,Sevilla,2833,spain,2324,1170,13,13,6.95,0,0,0,0.0,0.02,15,0,0.0,14,61,37.65,46,176,222,68.73,2,100.0,0,0,0,0,102.0,0,0,0,2,12,13,0,0,0,1,1,0,0,0,0,0.0,79.0,25,21,4,0,0,-2.42,3,75.0,0,9,0,101,1,1,0,0,,1,0,0,0,0.0,2,0,0,0,102,0,7,0,0,7,32,12,44,2,3,0.0,0.0,0,0,0,0,0,1,100.0,6,1,1,100.0,1,34,1,0,5,83.33,162,134,189,323,90.4,0,0,467,1,1,0,24231.0,1260000.0,K,32.0,Serbia
Diego Rico,350560,Getafe,2859,spain,2324,2536,32,28,6.95,0,7,7,0.32,3.43,64,35,26.92,183,77,38.5,450,289,704,67.43,32,60.38,21,0,0,0,164.0,8,0,2,4,58,32,0,0,20,35,127,0,0,32,0,0.0,0.0,42,37,5,0,0,,127,54.51,0,0,0,340,41,39,0,2,,0,0,0,0,0.0,0,0,0,0,581,10,0,0,0,0,0,0,0,0,0,0.0,0.0,0,4,14,11,5,11,35.48,0,64,48,75.0,39,157,31,130,159,55.59,200,807,367,1044,222.5,18,0,1922,55,10,0,23077.0,1200000.0,D,30.0,Spain
Youssef En-Nesyri,846470,Sevilla,2833,spain,2324,2573,33,28,6.95,16,2,18,10.8,0.85,4,0,0.0,48,3,37.5,94,108,202,64.95,70,42.94,93,0,0,0,43.0,2,13,8,3,28,33,0,0,17,10,161,0,1,21,0,21.92,0.0,33,27,6,15,1,,41,37.61,6,0,5,109,7,9,9,22,,0,0,1,0,100.0,0,1,0,0,218,8,0,0,0,0,0,0,0,0,0,160.81,0.0,0,69,4,35,30,11,30.56,0,10,7,70.0,9,10,36,4,111,40.81,8,184,131,311,229.4,73,1,617,22,4,0,57692.0,3000000.0,F,26.0,Morocco
Fran García,851271,Real Madrid,2829,spain,2324,1409,25,15,6.95,1,5,6,0.51,1.84,14,9,15.0,196,19,38.78,430,301,722,88.81,8,34.78,15,0,0,0,104.0,5,0,1,5,16,24,0,0,8,18,60,1,0,10,0,11.11,0.0,15,15,0,1,0,,47,51.09,0,0,0,91,19,16,1,10,,0,0,0,0,0.0,0,0,0,0,197,3,0,0,0,0,0,0,0,0,0,1409.0,0.0,0,5,4,7,1,8,47.06,0,25,17,68.0,16,28,17,60,55,47.83,49,538,335,813,166.8,9,2,1192,15,2,0,100192.0,5210000.0,D,24.0,Spain
Luiz Felipe,850035,Real Betis,2816,spain,2324,360,4,4,6.95,0,0,0,0.07,0.18,0,0,0.0,5,4,44.44,34,117,151,90.42,2,25.0,6,0,0,0,23.0,0,0,0,2,16,4,0,0,0,1,9,0,0,2,0,0.0,0.0,5,5,0,0,0,,8,72.73,0,0,0,16,4,1,0,0,,0,0,0,0,0.0,0,0,0,0,19,0,0,0,0,0,0,0,0,0,0,0.0,0.0,0,2,0,2,0,0,0.0,0,7,3,42.86,1,6,0,0,10,52.63,9,41,126,167,27.8,2,1,214,1,1,0,,,,,
Germán Pezzella,158241,Real Betis,2816,spain,2324,2770,32,32,6.95,1,0,1,2.03,0.27,44,1,50.0,65,57,39.31,281,993,1273,86.01,87,67.44,42,0,0,0,148.0,1,3,7,9,144,32,0,0,4,15,82,0,0,22,0,4.35,1.0,31,29,2,1,0,,47,54.02,0,0,0,207,31,4,0,6,,0,0,0,0,0.0,0,0,0,0,234,2,0,0,1,0,0,0,0,0,0,2770.0,0.0,0,23,0,11,5,3,50.0,0,34,24,70.59,4,96,6,2,134,62.04,145,401,1081,1480,222.3,23,2,1821,13,7,0,48077.0,2500000.0,D,32.0,Argentina
David López,135116,Girona FC,24264,spain,2324,1975,25,25,6.94,3,0,3,2.08,0.4,23,0,0.0,65,36,46.15,351,1115,1466,92.9,33,45.83,39,0,0,0,121.0,0,1,2,5,62,25,0,0,2,5,64,3,1,17,0,18.75,46.0,25,24,1,3,0,,52,67.53,0,0,1,112,20,4,1,1,,0,0,0,1,0.0,0,0,0,0,130,1,0,0,2,0,0,0,0,0,0,658.33,0.0,0,14,2,8,6,5,71.43,0,33,20,60.61,4,46,7,0,85,57.05,78,410,1168,1578,173.5,16,0,1804,15,4,0,72115.0,3750000.0,D,34.0,Spain
Álvaro García,345111,Rayo Vallecano,2818,spain,2324,2493,32,30,6.94,6,1,7,6.17,2.95,15,29,23.97,194,10,14.93,353,149,473,68.85,15,35.71,27,0,0,0,111.0,4,9,8,1,25,32,0,0,11,27,104,0,0,25,0,13.33,0.0,38,33,5,6,0,,66,46.15,0,0,0,214,36,39,4,25,,0,0,0,0,0.0,0,0,0,1,387,19,0,1,2,0,0,0,0,0,0,415.5,0.0,0,35,10,20,17,10,41.67,0,34,25,73.53,39,38,24,121,81,43.78,67,611,197,687,222.0,45,1,1170,23,6,1,27885.0,1450000.0,F,31.0,Spain
Yan Couto,1002813,Girona FC,24264,spain,2324,2245,34,24,6.94,1,8,9,1.54,4.33,37,20,18.02,279,32,47.06,530,394,904,82.56,5,26.32,14,0,0,0,153.0,7,2,4,5,17,34,0,0,37,20,154,0,1,35,0,3.45,0.0,31,29,2,1,0,,134,48.91,0,0,0,191,10,28,1,7,,0,1,0,1,0.0,0,0,0,2,432,14,0,0,0,0,0,0,0,0,0,2245.0,0.0,0,14,15,14,11,48,48.98,0,45,34,75.56,27,59,98,111,139,47.44,68,740,466,1095,235.8,29,0,1763,42,8,0,9231.0,480000.0,D,21.0,Brazil
Unai Núñez,892521,Celta Vigo,2821,spain,2324,2802,34,31,6.94,1,0,1,1.44,1.03,82,0,0.0,144,126,43.15,445,855,1300,79.85,91,60.67,59,0,0,0,206.0,0,3,4,5,150,34,0,0,5,26,126,1,2,37,0,4.55,0.0,49,45,4,1,0,,83,55.33,1,0,0,328,52,10,0,0,,0,0,0,0,0.0,0,0,0,1,370,2,0,0,0,0,0,0,0,0,0,2802.0,0.0,1,19,3,13,5,10,83.33,0,51,28,54.9,10,174,12,1,174,58.0,292,661,968,1628,235.8,22,1,2095,24,4,0,32692.0,1700000.0,D,27.0,Spain
Kieran Tierney,366592,Real Sociedad,2824,spain,2324,1249,20,14,6.94,0,2,2,0.19,1.12,19,6,23.08,142,29,34.12,290,299,583,80.08,16,44.44,20,0,0,0,52.0,2,0,1,2,40,20,0,0,3,9,46,0,0,6,0,0.0,0.0,12,11,1,0,0,,52,66.67,0,0,0,145,10,8,0,0,,0,0,0,0,0.0,0,0,0,0,244,3,0,0,0,0,0,0,0,0,0,0.0,0.0,0,2,0,1,0,7,46.67,0,37,24,64.86,8,45,15,26,68,59.65,85,412,342,728,138.7,2,0,1085,8,1,0,128269.0,6670000.0,D,26.0,Scotland
Ferland Mendy,792073,Real Madrid,2829,spain,2324,1734,23,21,6.93,0,0,0,0.23,0.73,21,2,40.0,259,24,68.57,563,507,1068,94.18,6,54.55,5,0,0,0,97.0,1,0,2,10,18,23,0,0,14,3,52,0,1,17,0,0.0,0.0,9,7,2,0,0,,43,47.78,0,0,0,66,13,11,0,0,,0,0,0,0,0.0,0,0,0,0,121,4,0,0,0,0,0,0,0,0,0,0.0,0.0,0,3,2,1,2,13,50.0,0,15,10,66.67,11,30,26,5,49,48.51,35,605,534,1134,159.5,5,0,1454,15,5,0,200385.0,10420000.0,D,28.0,France
Sheraldo Becker,352544,Real Sociedad,2824,spain,2324,772,15,8,6.93,2,2,4,1.42,1.81,1,5,10.87,68,3,50.0,114,39,148,75.9,5,29.41,12,0,0,0,27.0,2,1,4,0,0,15,0,0,5,1,32,0,0,11,0,9.52,0.0,5,4,1,2,0,,11,35.48,0,0,0,47,1,8,0,6,,0,0,0,0,0.0,0,0,0,0,113,6,0,0,2,0,0,0,0,0,0,386.0,0.0,0,15,6,7,10,4,57.14,0,2,2,100.0,8,6,7,46,16,33.33,6,193,48,195,104.0,21,1,313,5,1,0,26923.0,1400000.0,F,28.0,Suriname
Mouctar Diakhaby,797306,Valencia,2828,spain,2324,1071,14,12,6.93,1,0,1,0.72,0.09,16,0,0.0,39,29,46.77,130,345,475,87.16,25,65.79,13,0,0,0,67.0,0,1,2,3,60,14,0,0,4,2,29,0,0,9,0,14.29,2.0,15,15,0,1,0,,24,60.0,0,0,0,70,11,2,1,0,,0,0,0,0,0.0,0,0,0,0,86,3,0,0,0,0,0,0,0,0,0,1071.0,0.0,0,6,1,2,3,4,80.0,0,18,11,61.11,2,37,5,0,49,62.82,62,173,372,545,97.0,7,1,702,2,6,0,76923.0,4000000.0,D,27.0,Guinea
Antonio Rüdiger,142622,Real Madrid,2829,spain,2324,2707,33,30,6.93,1,0,1,1.56,1.03,72,2,50.0,108,78,45.09,463,1158,1619,90.04,49,68.06,23,0,0,0,124.0,3,2,6,14,86,33,0,0,2,4,56,0,0,26,0,5.26,11.0,23,21,2,1,0,,32,49.23,1,0,1,179,11,5,0,1,,0,0,0,0,0.0,0,0,0,0,193,3,0,0,0,0,0,0,0,0,0,2707.0,0.0,0,14,5,11,2,1,33.33,0,26,15,57.69,5,152,3,4,81,59.12,173,589,1213,1798,228.6,19,1,2040,5,7,0,280385.0,14580000.0,D,30.0,Germany
Daniel Vivian,910978,Athletic Club,2825,spain,2324,2879,33,31,6.93,0,0,0,0.69,0.59,54,1,25.0,137,107,44.77,468,966,1433,84.39,34,41.98,47,0,0,0,213.0,1,2,4,12,100,33,0,0,5,17,108,0,0,37,0,0.0,0.0,34,30,4,0,0,,73,54.48,0,0,2,265,31,6,0,1,,0,0,0,0,0.0,0,0,0,0,313,6,0,0,0,0,0,0,0,0,0,0.0,0.0,0,9,2,6,1,5,55.56,0,42,28,66.67,6,128,9,4,107,49.77,239,649,1053,1698,228.6,11,1,2080,26,6,0,60192.0,3130000.0,D,24.0,Spain
Fermín López,1153270,Barcelona,2817,spain,2324,1451,31,14,6.93,8,0,8,7.57,1.27,21,4,23.53,182,25,64.1,357,162,515,84.98,8,25.0,24,0,0,0,70.0,1,7,9,1,9,30,0,0,25,26,129,0,0,43,0,15.69,0.0,15,14,1,7,1,,80,43.24,3,0,1,91,4,18,2,10,,0,0,0,0,0.0,0,0,0,0,199,12,0,0,3,0,0,0,0,0,0,181.38,0.0,0,35,16,17,25,22,64.71,0,41,21,51.22,18,36,34,17,88,40.55,39,445,178,606,207.8,51,1,917,17,2,0,12115.0,630000.0,M,20.0,Spain
Ander Herrera,82474,Athletic Club,2825,spain,2324,1023,23,10,6.93,0,3,3,0.73,1.91,22,4,30.77,181,28,53.85,395,247,638,86.57,14,36.84,24,0,0,0,76.0,2,2,6,3,17,23,0,0,6,16,71,1,0,21,0,0.0,0.0,10,10,0,0,0,,60,56.07,0,0,1,99,15,13,0,0,,0,1,0,0,0.0,0,0,0,0,129,8,0,0,0,0,0,0,0,0,0,0.0,0.0,0,5,9,6,2,5,55.56,0,44,32,72.73,12,44,9,13,74,51.03,52,482,268,737,159.3,14,0,934,11,4,0,57692.0,3000000.0,M,34.0,Spain
Sandro Ramírez,188407,Las Palmas,6577,spain,2324,1819,27,21,6.93,1,3,4,3.75,3.0,13,24,26.97,194,22,84.62,366,147,489,82.46,7,38.89,11,0,0,1,60.0,4,7,15,0,14,27,0,0,23,9,86,0,1,20,0,1.92,0.0,25,25,0,0,1,,70,48.28,0,0,2,104,4,32,0,16,,0,0,1,0,0.0,0,0,0,1,292,13,0,0,1,0,0,0,0,0,0,1819.0,0.0,5,25,27,18,19,22,46.81,0,12,8,66.67,32,19,47,89,77,47.24,26,517,165,593,187.0,52,0,983,36,3,0,28654.0,1490000.0,F,28.0,Spain
Ferran Torres,855833,Barcelona,2817,spain,2324,1213,29,12,6.93,7,2,9,5.51,1.89,14,10,47.62,152,14,73.68,259,88,337,80.43,4,26.67,11,0,0,0,40.0,2,6,13,2,6,28,0,0,13,11,54,0,0,8,1,18.42,0.0,18,16,2,6,1,,35,44.87,0,0,0,82,5,26,3,16,,0,0,0,0,0.0,0,0,0,1,159,9,0,0,4,0,0,0,0,0,0,173.29,50.0,2,26,12,10,15,10,47.62,0,9,6,66.67,26,23,21,21,39,41.94,19,334,106,419,193.9,38,2,625,16,2,0,192308.0,10000000.0,F,23.0,Spain
José Luis Gayà,227922,Valencia,2828,spain,2324,1797,24,22,6.93,1,2,3,0.49,2.46,37,15,18.29,150,44,40.74,315,328,628,79.19,11,55.0,9,0,0,0,112.0,4,0,3,6,37,24,0,0,7,24,68,0,0,24,0,10.0,0.0,23,21,2,1,0,,91,60.67,0,0,0,165,11,25,1,1,,0,0,0,0,0.0,0,0,0,0,291,1,0,0,0,0,0,0,0,0,0,1797.0,0.0,1,5,5,6,1,8,50.0,0,71,36,50.7,25,91,16,82,102,60.0,108,491,384,793,166.2,10,1,1291,12,2,0,88077.0,4580000.0,D,28.0,Spain
Jørgen Strand Larsen,876599,Celta Vigo,2821,spain,2324,2887,37,36,6.92,13,3,16,14.55,2.09,9,4,22.22,145,10,55.56,275,146,417,70.08,73,46.2,85,0,0,0,88.0,5,16,15,2,16,37,0,0,50,30,261,0,0,65,0,15.85,0.0,35,32,3,13,0,,98,35.77,2,0,6,178,5,24,3,21,,0,0,0,0,0.0,0,0,0,1,400,14,0,0,8,0,0,0,0,0,0,222.08,0.0,0,79,3,32,35,29,42.65,0,21,11,52.38,24,14,68,18,171,39.58,18,440,173,595,256.2,82,1,1120,48,5,0,10577.0,550000.0,F,23.0,Norway
Stole Dimitrievski,97951,Rayo Vallecano,2818,spain,2324,3330,37,37,6.92,0,0,0,0.0,0.07,57,0,0.0,59,191,29.8,132,435,567,55.37,7,87.5,1,0,0,0,304.0,0,0,0,13,35,37,0,0,0,0,1,3,0,0,0,0.0,267.0,47,42,5,0,0,1.65,4,100.0,0,20,0,457,0,2,0,0,,0,0,0,0,0.0,2,0,1,0,466,0,18,0,0,20,70,35,107,1,20,0.0,0.0,0,0,0,0,0,1,100.0,18,1,1,100.0,2,165,1,0,11,91.67,641,519,505,1024,256.2,0,3,1374,3,2,0,12692.0,660000.0,K,30.0,North Macedonia
Matija Nastasić,98440,Mallorca,2826,spain,2324,2265,26,25,6.92,2,0,2,1.02,0.7,51,3,60.0,74,80,44.69,265,523,785,80.02,45,62.5,27,0,0,0,91.0,0,0,2,6,113,26,0,0,2,8,70,0,0,33,0,25.0,3.0,28,24,4,2,0,,41,48.81,1,0,0,196,29,5,0,2,,0,0,0,0,0.0,0,0,0,0,211,1,0,0,1,0,0,0,0,0,0,1132.5,0.0,0,7,1,4,2,0,0.0,0,35,17,48.57,5,108,0,5,86,55.13,179,395,591,981,180.0,8,1,1271,7,8,0,10577.0,550000.0,D,30.0,Serbia
Oihan Sancet,966801,Athletic Club,2825,spain,2324,1991,30,25,6.92,4,5,9,6.3,2.94,11,7,23.33,304,18,66.67,491,150,634,82.77,24,55.81,19,1,0,0,107.0,7,8,9,1,4,30,0,1,43,13,124,0,0,30,0,9.52,0.0,17,13,4,3,1,,80,43.24,0,0,2,132,10,42,0,3,,0,0,1,0,0.0,0,0,0,0,310,25,0,2,4,0,0,0,0,0,0,497.75,0.0,0,34,8,21,12,26,53.06,0,19,11,57.89,42,22,49,30,104,45.61,27,621,175,766,207.6,42,1,1158,35,3,1,80000.0,4160000.0,F,23.0,Spain
Hamari Traoré,362014,Real Sociedad,2824,spain,2324,2296,31,27,6.92,0,2,2,0.54,2.25,34,11,23.4,258,75,54.74,523,520,1032,84.59,32,47.06,36,0,0,0,136.0,1,0,3,6,48,31,0,0,9,18,100,1,1,32,0,0.0,0.0,27,23,4,0,0,,75,53.96,0,0,0,188,24,29,0,1,,0,0,0,1,0.0,0,0,0,0,347,16,0,0,0,0,0,0,0,0,0,0.0,0.0,0,5,13,13,2,16,64.0,0,44,19,43.18,29,61,25,47,107,51.69,137,691,576,1220,214.5,18,0,1797,18,7,0,46154.0,2400000.0,D,32.0,Mali
Bertrand Traoré,218160,Villarreal,2819,spain,2324,574,11,6,6.92,1,0,1,0.94,0.66,3,3,33.33,83,12,75.0,123,42,162,80.6,4,57.14,3,0,0,0,22.0,0,0,5,0,1,11,0,0,6,3,38,0,0,7,0,5.0,0.0,5,5,0,1,0,,34,49.28,0,0,0,39,1,6,1,2,,0,1,0,0,0.0,0,0,0,1,89,2,0,0,0,0,0,0,0,0,0,574.0,0.0,0,11,9,8,7,8,29.63,0,5,4,80.0,5,6,27,9,38,50.0,16,157,53,201,76.1,20,0,338,21,4,0,67308.0,3500000.0,F,28.0,Burkina Faso
Isi Palazón,899982,Rayo Vallecano,2818,spain,2324,2810,37,34,6.92,4,1,5,5.95,2.22,44,29,22.14,331,40,45.98,579,240,790,74.88,41,36.28,72,0,0,0,156.0,2,4,16,4,36,37,0,0,65,38,246,0,0,32,0,5.56,0.0,32,28,4,3,1,,156,47.27,0,0,1,265,16,36,4,10,,0,0,2,0,100.0,0,2,0,0,587,18,0,0,0,0,0,0,0,0,0,702.5,0.0,5,29,43,23,33,35,43.75,0,46,25,54.35,36,91,80,131,197,44.47,87,893,293,1055,255.9,72,1,1809,76,8,0,40000.0,2080000.0,F,29.0,Spain
Saúl Ñíguez,116955,Atlético Madrid,2836,spain,2324,1373,34,14,6.92,1,5,6,1.47,2.06,15,5,31.25,131,16,43.24,286,260,541,82.09,48,59.26,33,0,0,0,72.0,7,1,3,3,49,33,0,0,14,19,111,0,0,41,0,6.25,0.0,16,14,2,1,0,,85,52.15,0,0,0,118,14,14,1,2,,0,0,0,0,0.0,0,0,0,0,180,7,0,1,0,0,0,0,0,0,0,1373.0,0.0,0,13,3,9,4,8,61.54,0,64,39,60.94,14,30,13,16,133,54.51,37,388,287,659,228.2,16,1,985,14,8,1,230769.0,12000000.0,M,29.0,Spain
Adrián Embarba,346516,Almería,2858,spain,2324,2485,36,29,6.91,3,2,5,4.3,3.61,29,40,23.39,209,33,47.83,404,190,554,75.58,26,37.14,44,0,0,0,141.0,9,4,19,2,8,36,0,0,35,27,203,0,0,37,0,4.69,0.0,52,47,5,2,1,,140,46.82,0,0,2,179,15,53,1,16,,0,1,1,0,100.0,0,1,0,0,515,19,0,0,2,0,0,0,0,0,0,828.33,0.0,12,21,43,20,25,46,41.44,0,55,37,67.27,52,53,111,171,166,44.99,69,673,231,733,248.9,64,1,1456,40,5,0,18462.0,960000.0,F,31.0,Spain
Marcos Acuña,578560,Sevilla,2833,spain,2324,1296,21,18,6.91,1,2,3,0.31,2.09,47,31,37.8,121,47,53.41,276,266,511,79.72,14,56.0,11,0,0,0,99.0,4,0,1,2,21,21,0,0,16,5,58,0,0,18,0,11.11,0.0,21,19,2,1,0,,59,55.66,1,0,0,130,4,24,0,1,,0,1,0,0,0.0,0,0,0,0,266,9,0,0,0,0,0,0,0,0,0,1296.0,0.0,0,1,8,4,4,10,55.56,0,33,21,63.64,23,81,18,82,73,55.73,88,417,306,641,145.1,9,0,1038,17,7,0,55769.0,2900000.0,D,32.0,Argentina
Kike Salas,1097719,Sevilla,2833,spain,2324,1617,23,19,6.91,3,0,3,0.85,0.78,21,2,28.57,102,27,24.11,271,496,765,79.11,67,62.04,41,0,0,0,81.0,0,0,0,4,86,23,0,0,8,14,101,0,1,32,0,18.75,0.0,26,22,4,3,0,,50,45.45,2,0,1,202,26,5,1,1,,0,0,0,0,0.0,0,0,0,0,240,2,0,0,0,0,0,0,0,0,0,539.0,0.0,0,15,1,11,5,0,0.0,0,41,23,56.1,5,63,7,7,117,53.67,112,393,581,967,158.9,16,0,1271,10,10,0,6923.0,360000.0,D,21.0,Spain
André Almeida,845693,Valencia,2828,spain,2324,969,18,12,6.91,2,1,3,0.59,0.89,23,4,22.22,124,14,50.0,215,98,309,81.53,4,21.05,15,0,0,0,43.0,2,0,4,0,4,18,0,0,17,10,66,0,0,12,0,20.0,0.0,11,11,0,2,0,,58,53.21,0,0,0,70,6,13,0,1,,0,0,0,0,0.0,0,0,0,0,135,11,0,0,2,0,0,0,0,0,0,484.5,0.0,0,7,3,2,4,13,52.0,0,25,15,60.0,13,45,25,18,62,48.44,28,283,114,379,124.3,10,0,564,20,0,0,23846.0,1240000.0,M,23.0,Portugal
Damián Rodríguez,1216080,Celta Vigo,2821,spain,2324,257,5,3,6.9,0,2,2,0.03,0.83,2,1,11.11,55,2,33.33,113,78,190,93.14,0,0.0,2,0,0,0,8.0,1,0,0,0,2,5,0,0,2,2,10,0,0,4,0,0.0,0.0,4,2,2,0,0,,7,46.67,0,0,0,14,1,6,0,0,,0,0,0,0,0.0,0,0,0,0,25,1,0,0,0,0,0,0,0,0,0,0.0,0.0,0,0,1,1,0,0,0.0,0,6,3,50.0,6,5,0,9,7,41.18,6,131,82,204,34.5,1,0,234,1,1,0,,,,,
Marc Martínez,232548,Granada,33779,spain,2324,270,3,3,6.9,0,0,0,,0.01,2,0,0.0,3,20,47.62,16,51,67,75.28,0,0.0,0,0,0,0,25.0,0,0,0,0,1,3,0,0,0,1,1,0,0,0,0,0.0,24.0,11,11,0,0,0,1.43,0,0.0,0,0,0,22,0,0,0,0,,0,0,0,0,0.0,2,0,0,0,23,0,0,0,0,4,8,4,12,0,4,0.0,0.0,0,0,0,0,0,0,0.0,4,0,0,0.0,0,2,0,0,0,0.0,42,38,51,89,20.7,0,0,113,0,0,0,2692.0,140000.0,K,33.0,Spain
Srđan Babić,280815,Almería,2858,spain,2324,90,1,1,6.9,0,0,0,0.04,0.01,2,0,0.0,3,4,100.0,16,42,58,93.55,3,75.0,1,0,0,0,,0,0,0,0,2,1,0,0,0,0,3,0,0,2,0,0.0,,2,2,0,0,0,,2,50.0,0,0,0,4,0,0,0,0,,0,0,0,0,0.0,0,0,0,0,4,0,0,0,0,0,0,0,0,0,0,0.0,0.0,0,1,0,1,0,0,0.0,0,2,2,100.0,0,2,0,0,5,62.5,4,20,42,62,6.9,1,0,69,0,0,0,,,,,
Pablo Busto,1464647,Real Betis,2816,spain,2324,52,2,0,6.9,0,0,0,0.01,0.07,1,0,0.0,3,1,100.0,7,9,16,76.19,0,0.0,0,0,0,0,1.0,1,0,0,0,2,2,0,0,1,0,1,0,0,0,0,0.0,0.0,0,0,0,0,0,,3,75.0,0,0,0,5,1,1,0,0,,0,0,0,0,0.0,0,0,0,0,9,0,0,0,0,0,0,0,0,0,0,0.0,0.0,0,0,1,1,0,1,100.0,0,1,1,100.0,1,1,1,1,3,75.0,1,12,10,21,13.8,1,0,36,1,0,0,,,,,
Paul Akouokou,839309,Real Betis,2816,spain,2324,26,2,0,6.9,0,0,0,0.0,0.0,0,0,0.0,0,1,100.0,4,12,16,94.12,0,0.0,0,0,0,0,0.0,0,0,0,0,1,1,0,0,0,0,1,0,0,1,0,0.0,0.0,1,1,0,0,0,,6,85.71,0,0,0,1,1,0,0,0,,0,0,0,0,0.0,0,0,0,0,1,0,0,0,0,0,0,0,0,0,0,0.0,0.0,0,0,0,0,0,0,0.0,0,5,3,60.0,0,0,0,0,6,85.71,1,4,13,17,6.9,0,0,28,1,0,0,,,,,
Ianis Hagi,756344,Deportivo Alavés,2885,spain,2324,814,22,8,6.9,0,2,2,2.79,1.77,11,14,25.93,88,12,48.0,129,55,170,74.24,13,52.0,12,1,0,0,33.0,4,3,3,0,3,21,0,0,13,7,50,0,0,13,0,0.0,0.0,13,10,3,0,0,,50,56.82,0,0,0,59,5,24,0,1,,0,0,1,0,0.0,0,0,0,0,142,7,0,0,0,0,0,0,0,0,0,0.0,0.0,4,12,15,15,9,14,63.64,0,17,12,70.59,24,20,22,54,63,55.75,25,217,66,229,144.8,27,0,454,19,3,0,28846.0,1500000.0,F,25.0,Romania
Aitor Ruibal,893062,Real Betis,2816,spain,2324,1030,18,11,6.89,2,1,3,0.86,0.75,20,6,21.43,120,25,41.67,228,150,372,78.65,4,30.77,9,0,0,0,78.0,2,1,4,1,28,17,0,0,9,27,75,0,1,16,0,15.38,0.0,16,15,1,1,1,,86,56.58,0,0,0,101,14,11,0,1,,0,0,0,1,0.0,0,0,0,0,184,7,0,0,2,0,0,0,0,0,0,515.0,0.0,0,5,8,7,2,27,65.85,0,46,27,58.7,11,33,41,28,90,54.55,60,315,186,473,117.2,13,1,808,13,5,0,11538.0,600000.0,F,27.0,Spain
Samú Costa,988351,Mallorca,2826,spain,2324,2305,34,26,6.89,1,1,2,1.08,1.02,38,5,20.83,165,69,53.91,380,448,823,77.79,62,65.26,33,0,0,0,164.0,0,1,6,6,57,33,0,0,22,47,168,0,3,62,0,4.55,0.0,30,27,3,1,0,,151,52.8,0,0,1,235,39,13,1,6,,0,1,0,1,0.0,0,0,0,0,332,7,0,0,0,0,0,0,0,0,0,2305.0,0.0,1,11,11,13,3,12,60.0,0,91,50,54.95,12,77,20,24,213,55.91,128,571,511,1058,227.5,22,0,1523,49,8,0,20000.0,1040000.0,M,23.0,Portugal
Andreas Christensen,186795,Barcelona,2817,spain,2324,1990,30,27,6.89,2,2,4,0.95,0.81,30,0,0.0,168,48,73.85,644,831,1475,94.31,54,71.05,22,0,0,0,107.0,2,0,3,3,41,30,0,0,9,12,72,0,0,26,0,16.67,8.0,26,22,4,2,0,,36,41.86,1,0,0,89,21,7,0,0,,0,0,0,0,0.0,0,0,0,0,107,4,0,0,1,0,0,0,0,0,0,995.0,0.0,0,10,2,5,4,3,50.0,0,23,14,60.87,7,50,6,0,90,55.56,65,696,868,1564,206.8,12,0,1748,10,4,0,173077.0,9000000.0,D,27.0,Denmark
Adrià Pedrosa,928672,Sevilla,2833,spain,2324,1770,31,15,6.89,1,4,5,0.69,2.03,17,23,20.72,146,22,29.33,312,233,522,78.61,10,32.26,21,0,0,0,102.0,9,0,4,3,34,30,0,0,23,11,79,0,0,6,0,6.25,0.0,31,27,4,1,0,,90,60.81,0,0,2,142,15,27,1,2,,0,0,0,0,0.0,0,0,0,0,328,4,0,0,0,0,0,0,0,0,0,1770.0,0.0,0,8,8,8,4,12,40.0,0,46,26,56.52,27,43,30,111,100,55.87,75,495,280,664,206.8,16,2,1256,32,1,0,21154.0,1100000.0,D,25.0,Spain
Aritz Elustondo,785468,Real Sociedad,2824,spain,2324,816,15,7,6.89,0,1,1,0.31,0.1,7,0,0.0,33,16,47.06,112,264,376,87.44,29,69.05,13,0,0,0,38.0,1,0,1,3,24,15,0,0,3,8,34,0,0,9,0,0.0,0.0,8,8,0,0,0,,23,52.27,0,0,0,54,7,7,0,0,,0,0,0,0,0.0,0,0,0,0,73,1,0,0,0,0,0,0,0,0,0,0.0,0.0,0,6,1,4,2,2,66.67,0,11,7,63.64,7,17,3,1,52,60.47,34,148,283,430,103.4,7,1,566,10,2,0,40000.0,2080000.0,D,29.0,Spain
Moi Gómez,149370,Osasuna,2820,spain,2324,2010,28,23,6.89,3,0,3,1.72,1.87,43,15,28.85,310,52,49.52,600,345,930,83.78,13,41.94,18,0,0,0,118.0,1,2,7,5,21,28,0,0,13,15,86,0,0,29,0,15.79,0.0,30,28,2,3,0,,77,53.1,0,0,1,180,11,24,1,2,,0,0,0,0,0.0,0,0,0,0,271,14,0,0,2,0,0,0,0,0,0,670.0,0.0,1,6,13,4,8,17,60.71,0,30,19,63.33,24,80,28,52,90,51.14,105,785,377,1110,193.0,19,0,1412,30,3,0,28077.0,1460000.0,F,29.0,Spain
Marc Pubill,1094106,Almería,2858,spain,2324,1889,23,22,6.89,1,3,4,0.71,1.23,22,10,14.71,101,25,32.05,257,291,538,76.75,26,55.32,21,0,0,0,93.0,2,1,6,3,71,23,0,0,14,17,94,0,1,21,0,5.0,0.0,36,32,4,1,0,,113,60.75,0,0,0,163,15,21,0,0,,0,0,0,0,0.0,0,0,0,0,348,0,0,0,1,0,0,0,0,0,0,1889.0,0.0,0,9,11,9,5,33,58.93,0,47,23,48.94,21,52,56,68,139,59.66,78,416,353,701,158.5,20,0,1337,34,2,0,6731.0,350000.0,D,20.0,Spain
Nemanja Gudelj,68332,Sevilla,2833,spain,2324,1744,22,20,6.89,1,1,2,0.8,0.45,16,2,66.67,128,42,43.75,342,569,909,86.49,41,66.13,21,0,0,0,85.0,2,0,6,4,55,22,0,0,4,14,71,0,0,30,0,5.26,0.0,24,22,2,1,0,,46,47.92,0,0,1,142,27,7,0,0,,0,0,0,0,0.0,0,0,0,0,163,1,0,0,1,0,0,0,0,0,0,1744.0,0.0,4,7,12,10,3,4,66.67,0,31,24,77.42,7,47,6,3,87,55.06,96,430,624,1051,151.6,19,0,1276,11,7,0,76154.0,3960000.0,D,32.0,Serbia
Pathé Ismaël Ciss,913679,Rayo Vallecano,2818,spain,2324,1658,31,16,6.89,1,0,1,1.51,0.68,37,2,66.67,126,52,59.77,312,424,734,83.6,51,54.26,43,0,0,0,127.0,0,1,3,2,53,31,0,0,18,13,101,0,0,27,0,4.55,2.0,30,27,3,1,0,,89,60.54,0,0,1,144,30,11,0,4,,0,0,0,0,0.0,0,0,0,0,198,7,0,0,1,0,0,0,0,0,0,1658.0,0.0,0,9,13,11,8,17,85.0,0,44,24,54.55,11,59,20,3,140,58.09,87,407,474,878,213.6,22,0,1203,29,10,0,11923.0,620000.0,M,29.0,Senegal
Boubakary Soumaré,887581,Sevilla,2833,spain,2324,2294,28,26,6.89,0,1,1,0.02,0.7,32,1,33.33,208,48,76.19,515,593,1107,90.29,20,62.5,12,0,0,0,148.0,2,0,0,4,18,28,0,0,14,12,74,0,1,33,0,0.0,0.0,32,28,4,0,0,,89,58.94,0,0,0,119,26,8,0,0,,0,0,0,0,0.0,0,0,0,0,175,5,0,0,0,0,0,0,0,0,0,0.0,0.0,0,1,0,1,0,21,80.77,0,39,28,71.79,8,49,26,3,109,59.56,63,584,645,1226,192.9,1,0,1488,29,10,0,93269.0,4850000.0,M,24.0,France
Jesús Areso,910267,Osasuna,2820,spain,2324,2677,37,29,6.89,1,6,7,0.17,2.94,15,29,26.36,294,38,45.78,494,296,761,80.61,28,56.0,22,0,0,0,130.0,6,0,3,4,41,37,0,0,25,7,117,0,0,30,0,11.11,1.0,44,40,4,0,1,,109,53.43,0,0,0,183,18,36,0,3,,0,0,0,0,0.0,0,0,0,0,464,11,0,0,1,0,0,0,0,0,0,2677.0,0.0,0,1,8,4,2,44,56.41,0,45,24,53.33,36,38,78,110,137,53.94,83,719,335,944,254.9,9,0,1766,20,3,0,7692.0,400000.0,D,24.0,Spain
Juanlu Sánchez,1010655,Sevilla,2833,spain,2324,1197,26,11,6.89,0,2,2,0.86,1.11,8,13,21.31,151,9,30.0,268,204,459,83.15,14,48.28,15,0,0,0,67.0,0,1,1,2,25,24,0,0,4,24,76,0,0,11,0,0.0,0.0,20,17,3,0,0,,104,63.03,0,0,1,93,12,17,0,1,,0,0,0,2,0.0,0,0,0,0,209,1,0,0,0,0,0,0,0,0,0,0.0,0.0,0,5,6,8,2,25,51.02,0,56,35,62.5,17,15,49,61,118,60.82,30,364,249,552,165.3,11,1,1005,23,2,0,4808.0,250000.0,D,20.0,Spain
Roger Martí,212074,Cádiz,4488,spain,2324,1367,23,18,6.88,2,3,5,2.75,1.26,9,0,0.0,72,7,33.33,134,91,225,67.77,18,33.96,35,0,0,0,58.0,9,3,5,0,4,23,0,0,20,5,95,0,0,34,0,6.06,0.0,19,17,2,2,0,,42,41.18,1,0,0,107,7,11,0,9,,0,0,0,0,0.0,0,0,0,0,193,12,0,0,1,0,0,0,0,0,0,683.5,0.0,0,21,12,16,12,3,33.33,0,12,6,50.0,11,20,9,9,60,38.71,21,235,106,332,158.3,33,1,555,28,3,0,20769.0,1080000.0,F,33.0,Spain
Alex Suárez,914848,Las Palmas,6577,spain,2324,2566,32,30,6.88,2,0,2,1.36,0.6,54,3,20.0,142,74,46.84,478,808,1283,87.4,49,51.04,47,0,0,0,98.0,0,2,2,5,75,31,0,0,11,6,89,0,0,27,0,28.57,13.0,35,33,2,2,0,,90,68.18,1,0,0,185,18,6,0,3,,1,0,0,1,0.0,0,0,0,0,246,1,0,0,1,0,0,0,0,0,0,1283.0,0.0,0,6,1,0,5,11,84.62,0,53,36,67.92,6,115,13,15,139,60.96,158,612,871,1468,213.3,7,1,1922,28,7,0,12115.0,630000.0,D,30.0,Spain
Cristhian Mosquera,1144630,Valencia,2828,spain,2324,3074,36,33,6.88,0,0,0,0.67,0.15,38,0,0.0,61,74,43.79,315,1124,1439,88.61,52,43.7,67,0,0,0,147.0,0,1,0,11,130,36,0,0,4,14,110,1,1,25,0,0.0,10.0,41,37,4,0,0,,91,67.91,0,0,0,185,36,1,0,0,,0,0,0,1,0.0,0,0,0,0,213,0,0,0,0,0,0,0,0,0,0,0.0,0.0,0,7,2,7,2,6,85.71,0,57,34,59.65,1,78,7,1,143,56.52,169,425,1200,1624,247.6,9,2,2038,28,2,0,3077.0,160000.0,D,19.0,Spain
Thierry Correia,851282,Valencia,2828,spain,2324,2173,31,25,6.88,0,2,2,0.62,2.47,41,14,29.17,147,54,33.13,326,464,776,76.3,16,32.65,33,0,0,0,153.0,4,2,2,5,49,31,0,1,8,21,123,0,0,41,0,0.0,0.0,30,27,3,0,0,,127,58.53,0,0,0,241,33,18,0,2,,0,0,0,1,0.0,0,0,0,1,375,3,0,1,0,0,0,0,0,0,0,0.0,0.0,0,2,3,1,2,23,52.27,0,63,35,55.56,18,137,44,48,143,53.76,163,522,543,1017,213.2,5,1,1697,41,4,0,20000.0,1040000.0,D,24.0,Portugal
César Azpilicueta,21555,Atlético Madrid,2836,spain,2324,1421,25,14,6.88,0,2,2,0.65,1.94,22,2,18.18,157,19,26.03,387,396,781,86.11,22,46.81,25,0,0,0,72.0,6,1,0,4,39,24,0,0,6,7,66,0,0,29,0,0.0,0.0,16,12,4,0,0,,37,47.44,0,0,0,126,16,15,0,0,,0,0,0,0,0.0,0,0,0,0,187,4,0,0,0,0,0,0,0,0,0,0.0,0.0,0,1,1,0,2,1,25.0,0,25,14,56.0,15,44,4,11,59,47.2,73,486,432,907,165.0,2,0,1203,12,4,0,153846.0,8000000.0,D,34.0,Spain
Dion Lopy,982327,Almería,2858,spain,2324,1927,30,23,6.87,0,0,0,1.27,0.71,41,3,42.86,151,71,74.74,352,387,736,84.99,33,71.74,13,0,0,0,149.0,3,1,7,1,19,30,0,0,15,27,97,1,1,30,0,0.0,0.0,44,40,4,0,0,,129,60.56,0,0,0,130,15,13,0,0,,0,0,0,0,0.0,0,0,0,0,193,6,0,0,0,0,0,0,0,0,0,0.0,0.0,0,3,20,8,8,29,65.91,0,62,37,59.68,13,62,44,7,162,62.55,95,434,439,866,206.2,23,0,1197,40,5,0,9231.0,480000.0,M,22.0,Senegal
Williot Swedberg,1126779,Celta Vigo,2821,spain,2324,449,15,4,6.87,5,0,5,2.27,0.68,1,1,20.0,38,2,50.0,57,23,79,77.45,5,50.0,5,0,0,0,18.0,0,1,2,0,2,14,0,0,10,3,29,0,0,6,0,41.67,0.0,12,11,1,4,1,,27,52.94,1,0,0,23,0,3,1,2,,0,0,0,0,0.0,0,0,0,1,54,2,0,0,3,0,0,0,0,0,0,89.8,0.0,0,8,4,4,6,7,58.33,0,9,4,44.44,3,2,12,5,32,52.46,4,79,28,102,96.2,12,0,197,11,1,0,4808.0,250000.0,F,20.0,Sweden
Rodrigo Riquelme,989113,Atlético Madrid,2836,spain,2324,1526,34,17,6.87,3,5,8,2.74,3.71,6,17,26.15,184,11,40.74,316,158,457,79.34,5,23.81,16,0,0,0,98.0,10,2,8,1,13,34,0,0,16,28,106,0,0,11,0,8.11,0.0,26,22,4,2,1,,83,47.98,0,0,2,119,9,29,2,9,,0,1,0,1,0.0,0,0,0,0,279,15,0,0,1,0,0,0,0,0,0,508.67,0.0,0,27,10,13,16,24,38.71,0,30,19,63.33,28,15,62,65,88,45.36,27,451,190,576,233.6,37,0,991,29,1,0,11923.0,620000.0,F,23.0,Spain
Chimy Ávila,789381,Real Betis,2816,spain,2324,1171,23,14,6.87,2,3,5,2.75,2.8,27,23,25.27,103,37,67.27,199,80,256,71.71,14,35.9,25,0,0,0,46.0,3,3,10,1,11,23,0,2,4,10,61,0,0,11,0,5.56,0.0,19,18,1,1,1,,44,55.0,0,0,1,101,5,23,2,4,,0,0,0,0,0.0,0,0,0,0,208,8,0,3,0,0,0,0,0,0,0,585.5,0.0,0,17,19,17,9,7,38.89,0,5,3,60.0,23,48,18,91,58,48.74,55,346,102,357,158.0,36,0,641,32,5,1,40000.0,2080000.0,F,29.0,Argentina
Jesús Navas,11869,Sevilla,2833,spain,2324,2010,29,25,6.87,0,2,2,0.15,2.75,50,28,19.58,233,75,48.39,406,359,737,78.4,10,41.67,14,0,0,0,99.0,7,0,2,2,42,29,0,1,4,18,51,0,0,12,0,0.0,0.0,32,28,4,0,0,,62,62.63,0,0,1,203,22,22,0,1,,0,0,0,1,0.0,0,0,0,0,382,6,0,1,0,0,0,0,0,0,0,0.0,0.0,0,2,5,3,2,13,65.0,0,37,27,72.97,22,105,20,143,72,58.54,155,674,409,940,199.2,7,1,1499,12,6,0,60192.0,3130000.0,D,38.0,Spain
Nacho Fernández,69404,Real Madrid,2829,spain,2324,1765,29,18,6.87,0,1,1,0.49,0.86,22,1,33.33,72,34,50.75,332,841,1172,92.5,29,55.77,23,0,0,0,82.0,2,1,1,9,55,29,0,2,0,7,49,0,0,21,0,0.0,38.0,8,7,1,0,0,,31,54.39,0,0,0,95,18,5,0,2,,0,0,0,0,0.0,0,0,0,0,109,0,0,2,0,0,0,0,0,0,0,0.0,0.0,0,5,0,3,1,2,40.0,0,18,10,55.56,5,41,5,3,60,55.05,67,383,887,1267,199.2,5,2,1445,13,4,0,220385.0,11460000.0,D,34.0,Spain
Enes Ünal,336655,Getafe,2859,spain,2324,138,3,1,6.87,0,1,1,0.1,0.4,1,1,100.0,12,1,50.0,20,4,23,67.65,3,18.75,13,0,0,0,5.0,1,0,0,0,2,3,0,0,1,0,20,0,0,5,0,0.0,0.0,3,1,2,0,0,,7,50.0,0,0,0,11,0,3,0,4,,0,0,0,0,0.0,0,0,0,0,15,1,0,0,0,0,0,0,0,0,0,0.0,0.0,0,1,0,1,0,2,66.67,0,0,0,0.0,3,3,3,1,10,33.33,2,29,6,34,20.6,1,0,56,5,0,0,16538.0,860000.0,F,26.0,Turkey
Lucien Agoumé,960006,Sevilla,2833,spain,2324,777,12,9,6.87,0,0,0,0.86,0.35,20,2,100.0,77,26,66.67,146,155,299,83.52,9,56.25,7,0,0,0,48.0,0,2,1,1,7,12,0,0,4,3,32,0,0,19,0,0.0,0.0,12,11,1,0,0,,32,56.14,0,0,0,59,7,9,0,0,,0,0,0,0,0.0,0,0,0,0,68,2,0,0,0,0,0,0,0,0,0,0.0,0.0,0,5,1,3,2,7,87.5,0,23,18,78.26,9,31,8,2,41,56.16,39,189,171,358,82.4,6,0,450,2,3,0,14038.0,730000.0,M,21.0,France
Abdul Mumin,846147,Rayo Vallecano,2818,spain,2324,1705,20,19,6.87,1,0,1,0.38,0.14,26,0,0.0,45,55,37.41,148,467,615,80.18,40,54.79,33,0,0,0,79.0,1,1,1,6,82,20,0,1,3,2,52,0,1,15,0,16.67,0.0,21,21,0,1,0,,36,65.45,0,0,0,152,22,4,0,0,,0,0,0,0,0.0,0,0,0,0,168,1,0,1,1,0,0,0,0,0,0,1705.0,0.0,0,4,2,4,1,2,66.67,0,19,10,52.63,4,59,3,2,76,59.38,147,259,510,767,137.3,6,1,984,16,5,0,10000.0,520000.0,D,25.0,Ghana
Álex Berenguer,592012,Athletic Club,2825,spain,2324,1581,35,15,6.86,7,3,10,5.18,4.02,13,38,27.34,143,14,45.16,254,108,324,72.81,21,33.33,42,0,0,0,65.0,7,4,11,3,12,34,0,0,36,17,159,0,0,30,0,21.88,0.0,19,16,3,6,1,,66,36.07,1,0,0,121,5,33,3,12,,0,0,1,0,100.0,0,1,0,0,344,11,0,0,3,0,0,0,0,0,0,225.86,0.0,3,24,8,9,12,21,37.5,0,23,14,60.87,33,32,56,139,87,35.37,31,452,132,445,233.4,32,2,897,22,4,0,32692.0,1700000.0,F,28.0,Spain
Óscar Rodríguez,794948,Getafe,2859,spain,2324,967,24,9,6.86,2,1,3,1.51,1.38,30,4,23.53,135,31,59.62,251,79,326,77.43,10,27.03,27,0,0,0,48.0,0,0,10,0,4,22,0,0,12,6,79,0,0,20,0,5.88,0.0,11,10,1,2,0,,53,50.48,0,0,2,95,5,21,1,1,,0,0,0,0,0.0,0,0,0,0,180,8,0,0,1,0,0,0,0,0,0,483.5,0.0,4,8,26,14,10,14,46.67,0,24,13,54.17,21,44,30,17,63,44.37,52,337,101,421,151.0,34,0,642,15,9,0,23077.0,1200000.0,F,25.0,Spain
Sergi Canós,790833,Valencia,2828,spain,2324,1243,27,15,6.86,1,2,3,2.83,2.07,9,6,17.14,116,14,36.84,181,74,249,69.17,13,52.0,12,0,0,0,64.0,6,3,7,0,7,26,0,0,12,14,71,0,0,17,0,2.33,0.0,20,16,4,1,0,,57,49.14,0,0,2,111,11,12,0,2,,0,0,0,0,0.0,0,0,0,0,207,15,0,0,1,0,0,0,0,0,0,1243.0,0.0,0,22,21,19,17,18,50.0,0,23,13,56.52,12,29,36,35,70,49.65,38,297,98,360,178.4,43,0,632,16,2,0,28846.0,1500000.0,F,27.0,Spain
Cristhian Stuani,32048,Girona FC,24264,spain,2324,807,31,5,6.86,9,3,12,9.63,0.49,2,0,0.0,24,1,50.0,45,39,84,73.68,25,51.02,24,0,0,0,13.0,4,12,4,0,13,31,0,0,3,3,61,0,0,28,0,26.47,0.0,10,10,0,9,0,,22,37.29,0,0,1,30,5,10,4,4,,0,0,0,0,0.0,0,0,0,0,55,3,0,0,5,0,0,0,0,0,0,89.67,0.0,0,32,2,13,17,1,20.0,0,14,11,78.57,10,5,5,1,47,43.52,2,68,47,114,212.7,34,3,235,7,6,0,23077.0,1200000.0,F,37.0,Uruguay
Jon Guridi,788141,Deportivo Alavés,2885,spain,2324,2697,36,34,6.86,3,4,7,4.0,2.88,24,4,19.05,222,27,58.7,392,250,638,79.55,45,48.91,47,0,0,0,131.0,7,5,11,1,22,36,0,0,28,33,149,0,0,21,0,8.33,0.0,32,26,6,3,0,,86,45.74,1,0,3,164,22,32,2,2,,0,0,0,0,0.0,0,0,0,0,275,13,0,0,0,0,0,0,0,0,0,899.0,0.0,0,32,4,17,8,14,40.0,0,42,24,57.14,32,40,35,21,131,46.79,46,542,281,802,247.0,36,1,1157,30,2,0,24231.0,1260000.0,M,28.0,Spain
Mikel Oyarzabal,823622,Real Sociedad,2824,spain,2324,2157,33,23,6.86,9,3,12,9.1,1.34,13,1,10.0,127,13,59.09,219,154,372,75.61,27,34.62,51,0,0,0,69.0,4,8,13,4,11,33,0,0,26,14,124,0,0,20,0,22.5,0.0,20,18,2,8,1,,52,41.6,0,0,2,120,4,21,6,19,,0,0,2,0,100.0,0,2,0,0,238,18,0,0,2,0,0,0,0,0,0,239.67,0.0,3,29,11,8,19,10,38.46,0,23,18,78.26,21,21,26,10,79,38.92,22,313,189,492,226.3,40,1,790,20,3,0,120385.0,6260000.0,F,26.0,Spain
Jailson,794861,Celta Vigo,2821,spain,2324,893,14,9,6.86,0,1,1,0.2,0.45,11,1,25.0,75,20,47.62,196,210,405,83.85,17,40.48,25,0,0,0,61.0,2,0,0,1,28,14,0,0,9,11,62,0,0,13,0,0.0,0.0,15,13,2,0,0,,46,55.42,0,0,0,78,12,2,0,0,,0,0,0,0,0.0,0,0,0,0,104,0,0,0,0,0,0,0,0,0,0,0.0,0.0,1,2,3,2,3,6,60.0,0,27,18,66.67,2,21,10,4,63,50.4,42,250,237,483,96.0,5,0,643,13,1,0,17885.0,930000.0,M,28.0,Brazil
Óscar Valentín,900008,Rayo Vallecano,2818,spain,2324,2701,34,32,6.86,1,0,1,1.68,0.66,39,1,20.0,202,53,43.8,504,500,1003,81.74,35,41.18,50,0,0,0,160.0,1,2,4,8,48,34,0,0,10,55,194,1,0,77,0,6.67,0.0,29,24,5,1,0,,153,51.52,0,0,1,224,35,11,1,0,,0,0,0,0,0.0,0,0,0,0,280,8,0,1,0,0,0,0,0,0,0,2701.0,0.0,0,12,3,4,7,7,63.64,0,107,66,61.68,11,78,11,5,188,49.21,121,661,571,1227,233.1,15,0,1668,41,5,1,36154.0,1880000.0,M,29.0,Spain
Rafa Marín,984623,Deportivo Alavés,2885,spain,2324,2460,33,27,6.85,0,0,0,0.69,0.36,61,0,0.0,97,103,52.02,279,564,843,82.81,56,56.57,43,0,0,0,117.0,0,3,1,7,128,31,0,0,4,13,87,1,1,28,0,0.0,3.0,36,30,6,0,0,,51,53.68,0,0,1,175,33,5,0,0,,1,0,0,0,0.0,0,0,0,0,195,0,0,0,0,0,0,0,0,0,0,0.0,0.0,0,10,3,9,3,3,75.0,0,32,20,62.5,5,109,4,1,107,55.15,198,409,610,1018,212.5,13,1,1333,16,6,0,2885.0,150000.0,D,21.0,Spain
Rubén Duarte,253415,Deportivo Alavés,2885,spain,2324,1892,28,21,6.85,2,1,3,0.68,1.46,38,21,30.0,120,62,36.26,249,225,453,70.34,27,50.94,26,0,0,0,93.0,5,0,2,5,59,28,0,0,4,10,71,0,0,31,0,13.33,0.0,30,28,2,1,1,,72,61.54,1,0,1,191,23,17,1,0,,0,0,0,0,0.0,0,0,0,0,277,4,0,0,0,0,0,0,0,0,0,946.0,0.0,3,5,10,8,5,3,75.0,0,39,20,51.28,17,97,4,70,99,58.24,171,429,285,644,191.9,15,1,1075,30,7,0,10962.0,570000.0,D,28.0,Spain
Marc Casadó,1000483,Barcelona,2817,spain,2324,18,2,0,6.85,0,0,0,,0.0,0,0,0.0,3,0,0.0,5,1,6,100.0,0,0.0,0,0,0,0,2.0,0,0,0,0,1,2,0,0,0,0,0,0,0,0,0,0.0,0.0,0,0,0,0,0,,3,100.0,0,0,0,0,1,0,0,0,,0,0,0,0,0.0,0,0,0,0,0,0,0,0,0,0,0,0,0,0,0,0.0,0.0,0,0,0,0,0,0,0.0,0,1,1,100.0,0,0,0,0,3,100.0,0,5,1,6,13.7,0,0,13,2,0,0,,,,,
Julen Agirrezabala,1014412,Athletic Club,2825,spain,2324,236,4,2,6.85,0,0,0,,0.01,2,0,0.0,4,19,36.54,17,30,47,58.75,1,100.0,0,0,0,0,35.0,0,0,0,1,2,4,0,0,0,0,0,0,0,0,0,0.0,22.0,4,2,2,0,0,-1.62,0,0.0,0,2,0,33,0,0,0,0,,0,0,0,0,0.0,0,0,0,0,33,0,2,0,0,2,5,3,8,0,4,0.0,0.0,0,0,0,0,0,0,0.0,2,0,0,0.0,0,2,0,0,1,100.0,52,46,34,80,27.4,0,0,113,0,0,0,14038.0,730000.0,K,23.0,Spain
Beñat Prados,1012409,Athletic Club,2825,spain,2324,1456,26,16,6.85,0,0,0,0.49,1.0,20,3,30.0,182,18,42.86,381,274,652,83.38,30,50.0,30,0,0,0,102.0,1,0,1,4,26,26,0,0,19,18,102,0,0,29,0,0.0,0.0,15,12,3,0,0,,78,52.0,0,0,0,130,23,10,0,0,,0,0,0,1,0.0,0,0,0,0,190,16,0,0,0,0,0,0,0,0,0,0.0,0.0,0,4,3,2,4,12,66.67,0,45,28,62.22,10,49,18,10,108,51.43,42,489,303,782,178.1,7,0,1058,23,1,0,28077.0,1460000.0,M,22.0,Spain
Fernando,41837,Sevilla,2833,spain,2324,459,8,5,6.85,0,0,0,0.02,0.3,11,2,50.0,47,15,68.18,98,111,207,87.34,10,55.56,8,0,0,0,35.0,1,0,1,0,8,8,0,0,3,4,22,0,0,6,0,0.0,0.0,10,9,1,0,0,,16,53.33,0,0,0,30,7,2,0,0,,0,0,0,0,0.0,0,0,0,0,42,4,0,0,0,0,0,0,0,0,0,0.0,0.0,0,1,0,0,0,4,80.0,0,9,8,88.89,2,15,5,4,26,54.17,22,116,125,237,54.8,1,0,299,3,0,0,53846.0,2800000.0,M,36.0,Brazil
Diego López,998950,Valencia,2828,spain,2324,2671,36,30,6.85,3,6,9,3.68,2.39,13,9,13.85,189,17,50.0,336,160,487,68.98,42,42.86,56,0,0,0,121.0,11,8,13,3,10,36,0,0,27,43,192,0,0,26,0,7.32,0.0,34,31,3,3,0,,94,40.87,1,0,0,219,20,39,0,8,,0,0,0,0,0.0,0,0,0,1,417,23,0,0,2,0,0,0,0,0,0,890.33,0.0,0,33,8,13,15,28,41.18,0,37,25,67.57,39,25,68,65,136,41.46,34,559,212,706,246.5,41,1,1190,31,2,0,15385.0,800000.0,F,21.0,Spain
Mika Mármol,979146,Las Palmas,6577,spain,2324,3181,36,36,6.85,0,1,1,0.86,1.08,67,2,40.0,202,73,35.27,644,1617,2259,89.01,32,47.76,35,0,0,0,187.0,1,0,1,7,143,36,0,0,10,18,99,0,2,23,0,0.0,80.0,44,41,3,0,0,,120,65.22,0,0,0,279,44,5,0,3,,1,0,0,3,0.0,0,0,0,0,346,1,0,1,0,0,0,0,0,0,0,0.0,0.0,0,2,1,2,0,17,54.84,0,70,42,60.0,5,135,31,5,152,60.56,207,817,1726,2538,246.5,3,2,3036,34,4,1,5769.0,300000.0,D,22.0,Spain
Joselu,69418,Real Madrid,2829,spain,2324,1680,34,15,6.85,10,2,12,11.57,2.0,3,1,16.67,95,3,60.0,156,101,256,73.56,41,53.25,36,0,1,1,36.0,4,13,15,7,10,34,0,0,9,7,67,0,0,10,0,15.87,0.0,10,10,0,10,0,,26,45.61,4,0,3,92,6,12,2,18,,0,0,2,0,0.0,0,0,0,0,146,11,0,0,4,0,0,0,0,0,0,168.0,0.0,0,58,5,19,29,6,46.15,0,6,3,50.0,12,9,13,6,67,50.0,5,234,120,348,232.8,63,2,547,14,1,0,48077.0,2500000.0,F,33.0,Spain
Igor Zubeldia,838159,Real Sociedad,2824,spain,2324,2524,30,29,6.85,0,2,2,0.76,0.81,50,1,33.33,112,95,46.12,466,1010,1475,85.01,83,49.11,86,0,0,0,156.0,1,1,7,8,94,30,0,1,3,7,137,1,2,43,0,0.0,1.0,28,24,4,0,0,,45,46.88,0,0,1,260,32,10,0,0,,0,0,0,1,0.0,0,0,0,0,291,3,0,1,0,0,0,0,0,0,0,0.0,0.0,0,9,3,5,0,4,50.0,0,32,25,78.13,10,116,8,3,128,48.3,206,634,1104,1735,205.4,12,0,2023,9,11,0,60000.0,3120000.0,D,26.0,Spain
Nemanja Radonjić,802665,Mallorca,2826,spain,2324,350,11,4,6.85,0,0,0,1.59,0.66,1,5,25.0,29,6,85.71,52,23,70,72.92,3,75.0,1,0,0,0,13.0,1,1,2,0,2,11,0,0,5,3,21,0,0,1,0,0.0,0.0,1,1,0,0,0,,30,60.0,0,0,2,26,3,7,0,0,,0,0,0,0,0.0,0,0,0,0,74,0,0,0,0,0,0,0,0,0,0,0.0,0.0,0,5,5,1,7,21,65.63,0,4,2,50.0,7,1,32,20,33,61.11,7,90,26,96,75.3,10,0,212,5,0,0,32115.0,1670000.0,F,27.0,Serbia
Alejandro Balde,997035,Barcelona,2817,spain,2324,1378,18,15,6.84,0,1,1,0.15,1.51,5,8,21.62,192,12,50.0,372,228,592,88.49,12,48.0,13,0,0,0,67.0,1,0,3,3,19,18,0,0,16,4,62,0,1,9,0,0.0,0.0,17,13,4,0,0,,58,54.21,0,0,0,77,5,13,0,4,,0,0,0,0,0.0,0,0,0,0,201,6,0,0,0,0,0,0,0,0,0,0.0,0.0,0,2,3,1,1,20,50.0,0,20,11,55.0,13,14,40,37,70,53.03,24,445,261,669,123.2,5,0,1033,18,1,0,32115.0,1670000.0,D,20.0,Spain
Aleksandar Radovanović,823996,Almería,2858,spain,2324,571,9,8,6.84,0,0,0,0.04,0.01,10,0,0.0,2,10,52.63,31,150,181,92.35,14,60.87,9,0,0,0,13.0,0,0,1,1,48,9,0,0,0,0,17,0,0,7,0,0.0,3.0,10,7,3,0,0,,10,55.56,0,0,0,15,11,1,0,0,,0,0,0,0,0.0,0,0,0,0,19,0,0,0,0,0,0,0,0,0,0,0.0,0.0,0,1,0,0,0,0,0.0,0,8,7,87.5,1,15,1,0,24,58.54,19,40,156,196,61.6,1,0,283,2,2,0,5769.0,300000.0,D,30.0,Serbia
Marcos Peña,1493216,Almería,2858,spain,2324,439,7,4,6.84,0,0,0,0.17,0.03,6,0,0.0,12,5,55.56,59,129,188,86.64,3,42.86,4,0,0,0,26.0,0,1,0,1,8,7,0,0,3,6,22,0,0,8,0,0.0,0.0,7,7,0,0,0,,23,56.1,0,0,0,29,13,1,0,0,,0,0,0,0,0.0,0,0,0,0,36,1,0,0,0,0,0,0,0,0,0,0.0,0.0,0,1,3,3,1,0,0.0,0,19,14,73.68,1,9,1,0,26,54.17,9,80,137,217,47.9,4,0,291,4,3,0,,,,,
Oriol Romeu,69416,Barcelona,2817,spain,2324,946,28,11,6.84,0,1,1,0.7,0.89,33,1,16.67,164,24,64.86,416,300,715,89.49,14,42.42,19,0,0,0,62.0,3,0,4,1,18,26,0,0,8,11,54,0,0,15,0,0.0,0.0,11,9,2,0,0,,49,58.33,0,0,0,84,10,8,0,0,,0,0,0,0,0.0,0,0,0,0,107,6,0,0,0,0,0,0,0,0,0,0.0,0.0,0,2,8,4,2,4,80.0,0,34,20,58.82,8,51,5,6,63,53.85,37,486,319,799,177.9,10,0,954,11,4,0,67308.0,3500000.0,M,32.0,Spain
Álex Sola,966836,Deportivo Alavés,2885,spain,2324,1302,31,14,6.84,0,3,3,1.64,2.11,5,21,25.0,99,8,33.33,174,73,226,71.75,18,50.0,18,0,0,0,81.0,4,4,10,0,13,31,0,0,18,12,88,0,0,13,0,0.0,0.0,21,19,2,0,0,,100,58.82,0,0,1,89,12,27,0,10,,0,0,0,1,0.0,0,0,0,0,253,14,0,0,0,0,0,0,0,0,0,0.0,0.0,2,18,10,11,7,43,61.43,0,27,15,55.56,27,11,70,84,118,57.28,24,304,95,315,212.1,28,0,737,30,2,0,4615.0,240000.0,D,24.0,Spain
Dani Rodríguez,349526,Mallorca,2826,spain,2324,2638,36,31,6.84,2,4,6,1.37,5.23,46,52,30.77,249,36,43.9,453,232,633,77.29,23,31.51,50,0,0,0,151.0,7,0,6,1,20,36,0,0,60,24,231,0,0,61,0,7.41,0.0,34,29,5,2,0,,123,40.46,0,0,2,186,15,49,1,6,,0,1,0,0,0.0,0,0,0,0,476,22,0,0,1,0,0,0,0,0,0,1319.0,0.0,0,17,10,17,4,33,45.21,0,47,24,51.06,48,90,73,169,146,38.73,82,711,277,819,246.3,27,2,1452,43,9,0,10000.0,520000.0,F,35.0,Spain
Erik Lamela,122702,Sevilla,2833,spain,2324,491,13,5,6.84,2,0,2,1.0,0.67,4,2,16.67,64,2,66.67,102,35,135,85.99,3,37.5,5,0,0,0,24.0,2,2,1,0,4,12,0,0,13,5,50,0,0,18,0,22.22,0.0,7,5,2,1,1,,34,43.04,0,0,1,22,1,12,2,3,,0,0,0,0,0.0,0,0,0,0,75,4,0,0,0,0,0,0,0,0,0,245.5,0.0,0,7,2,4,4,7,43.75,0,21,14,66.67,12,6,16,12,37,42.53,3,129,40,157,82.1,9,1,297,6,3,0,63462.0,3300000.0,F,31.0,Argentina
Iker Muñoz,1119586,Osasuna,2820,spain,2324,1856,28,20,6.84,4,0,4,1.07,0.46,35,0,0.0,168,55,39.86,388,351,739,76.19,57,60.0,38,0,0,0,100.0,0,0,7,3,50,27,0,0,4,16,103,0,0,37,0,17.39,0.0,26,25,1,3,1,,91,58.33,0,0,2,231,11,5,1,0,,0,0,0,0,0.0,0,0,0,0,287,5,0,0,3,0,0,0,0,0,0,464.0,0.0,0,12,11,10,6,5,35.71,0,32,18,56.25,5,89,14,13,148,58.96,138,577,406,970,184.7,23,0,1262,55,5,0,13846.0,720000.0,M,21.0,Spain
Kike García,84972,Deportivo Alavés,2885,spain,2324,1437,33,15,6.84,3,2,5,7.67,1.42,10,3,30.0,98,8,50.0,150,50,197,68.4,50,43.86,64,0,0,1,52.0,2,15,6,0,12,32,0,0,21,5,125,0,0,25,0,5.26,0.0,15,11,4,3,0,,59,49.17,1,0,4,91,1,18,1,7,,0,0,1,0,0.0,0,0,0,2,194,15,0,0,1,0,0,0,0,0,0,479.0,0.0,0,49,8,25,26,15,50.0,0,8,4,50.0,18,18,30,10,109,46.58,16,235,63,288,218.9,57,1,588,36,3,0,12500.0,650000.0,F,34.0,Spain
Gonzalo Villar,914765,Granada,33779,spain,2324,1785,35,21,6.84,1,3,4,1.85,2.18,33,9,37.5,163,40,59.7,358,415,764,83.96,31,64.58,17,0,0,0,131.0,3,1,8,1,24,35,0,0,28,15,118,0,1,44,0,4.55,0.0,41,37,4,1,0,,140,58.09,0,0,0,146,6,14,0,2,,0,0,0,0,0.0,0,0,0,1,227,9,0,0,1,0,0,0,0,0,0,1785.0,0.0,0,9,13,9,5,23,60.53,0,51,33,64.71,14,67,38,24,171,59.17,67,470,464,910,239.4,22,0,1274,66,7,0,29615.0,1540000.0,M,25.0,Spain
Dodi Lukebakio,823631,Sevilla,2833,spain,2324,1134,23,12,6.84,5,1,6,5.59,1.08,11,6,16.67,110,13,81.25,194,73,261,84.19,12,48.0,13,0,0,0,33.0,0,8,5,1,3,23,0,0,19,5,86,0,0,24,0,11.9,0.0,20,18,2,5,0,,57,43.85,0,0,1,49,2,13,4,4,,0,0,0,1,0.0,0,0,0,0,177,6,0,0,1,0,0,0,0,0,0,226.8,0.0,1,32,10,20,17,30,53.57,0,5,2,40.0,13,20,56,36,69,44.52,16,268,78,310,157.3,42,0,586,22,0,0,57692.0,3000000.0,F,26.0,Belgium
Andoni Gorosabel,866810,Deportivo Alavés,2885,spain,2324,2863,36,33,6.84,1,0,1,0.72,2.45,30,15,18.52,233,32,48.48,446,355,786,81.96,26,30.95,58,0,0,0,164.0,3,0,6,5,65,34,0,0,29,37,164,0,0,29,0,6.67,0.0,35,28,7,1,0,,127,54.51,0,0,0,173,28,15,0,0,,0,0,0,1,0.0,0,0,0,1,353,7,0,0,1,0,0,0,0,0,0,2863.0,0.0,0,4,11,3,6,25,59.52,0,62,42,67.74,15,49,42,81,153,48.26,66,630,410,959,232.5,15,1,1732,41,6,0,19231.0,1000000.0,D,27.0,Spain
Aihen Muñoz,966441,Real Sociedad,2824,spain,2324,1132,21,11,6.84,0,2,2,0.29,0.9,13,11,37.93,77,21,36.21,188,214,391,77.27,23,57.5,17,0,0,0,66.0,3,0,1,2,32,21,0,0,8,11,60,0,0,17,0,0.0,0.0,14,13,1,0,0,,54,55.67,0,0,0,115,9,12,0,0,,0,0,0,0,0.0,0,0,0,0,230,2,0,0,0,0,0,0,0,0,0,0.0,0.0,0,2,5,4,2,10,58.82,0,36,21,58.33,12,44,17,29,77,56.2,58,265,270,506,143.6,7,1,873,8,2,0,31923.0,1660000.0,D,26.0,Spain
Éder Militão,822519,Real Madrid,2829,spain,2324,497,10,6,6.84,0,0,0,0.12,0.04,16,0,0.0,22,16,55.17,93,203,296,90.8,11,45.83,13,0,0,0,19.0,0,0,0,3,19,8,0,0,1,3,22,0,1,5,0,0.0,9.0,4,4,0,0,0,,12,57.14,0,0,0,30,4,0,0,2,,0,0,0,0,0.0,0,0,0,0,36,0,0,0,0,0,0,0,0,0,0,0.0,0.0,0,1,1,0,2,0,0.0,0,7,3,42.86,0,27,0,1,23,51.11,29,111,216,326,54.7,2,0,385,5,0,0,280385.0,14580000.0,D,26.0,Brazil
Mikel Vesga,359742,Athletic Club,2825,spain,2324,1545,27,18,6.84,3,1,4,2.71,1.25,32,4,30.77,148,46,56.79,354,285,635,78.01,31,50.0,31,0,0,0,112.0,3,0,4,3,35,27,0,0,11,30,109,0,1,28,0,15.79,0.0,18,15,3,3,0,,48,38.1,1,0,0,179,32,7,2,0,,0,0,2,0,100.0,0,2,0,0,229,12,0,0,0,0,0,0,0,0,0,515.0,0.0,0,11,8,8,7,2,16.67,0,40,20,50.0,7,69,12,13,79,42.02,81,485,342,814,184.6,19,0,1064,6,2,0,40000.0,2080000.0,M,30.0,Spain
Franco Cervi,557008,Celta Vigo,2821,spain,2324,562,17,5,6.84,0,1,1,0.46,1.23,13,1,5.56,61,5,45.45,117,87,203,84.58,6,42.86,8,0,0,0,54.0,3,0,3,1,2,17,0,0,3,11,33,0,0,6,0,0.0,0.0,13,13,0,0,0,,43,63.24,0,0,0,37,9,10,0,2,,0,0,0,0,0.0,0,0,0,0,76,5,0,0,0,0,0,0,0,0,0,0.0,0.0,0,3,5,4,1,0,0.0,0,24,18,75.0,10,20,5,18,49,59.76,11,159,99,240,116.2,8,0,403,19,2,0,23846.0,1240000.0,F,29.0,Argentina
Léo Baptistão,252857,Almería,2858,spain,2324,1880,32,22,6.83,6,0,6,5.27,0.99,13,3,11.11,94,12,30.0,215,144,356,67.17,48,40.68,70,0,0,0,85.0,2,6,9,3,20,32,0,1,17,16,137,0,0,21,0,12.5,0.0,39,35,4,6,0,,66,49.62,0,0,1,174,11,19,0,13,,0,0,0,0,0.0,0,0,0,0,276,9,0,1,6,0,0,0,0,0,0,313.33,0.0,0,33,15,21,18,12,46.15,0,25,16,64.0,19,26,26,27,114,45.42,40,357,200,530,218.7,48,1,850,29,6,0,11538.0,600000.0,F,31.0,Brazil
Aimar Oroz,985329,Osasuna,2820,spain,2324,2350,33,26,6.83,2,1,3,3.54,2.18,30,1,9.09,335,27,57.45,578,254,831,82.2,20,33.33,40,0,0,0,144.0,3,2,7,4,8,33,0,0,42,24,162,0,0,39,0,8.0,0.0,34,31,3,2,0,,114,48.31,0,0,1,180,16,26,0,2,,0,0,1,0,100.0,0,1,0,0,320,25,0,0,2,0,0,0,0,0,0,1175.0,0.0,1,16,9,12,6,26,59.09,0,43,26,60.47,26,52,44,11,134,45.27,47,725,297,1011,225.5,25,0,1413,46,3,0,6923.0,360000.0,F,22.0,Spain
Jorge Cuenca,868715,Villarreal,2819,spain,2324,1969,29,21,6.83,3,1,4,1.22,0.75,19,7,53.85,102,38,28.15,302,622,917,83.97,61,61.0,39,0,0,0,82.0,0,1,1,2,108,29,0,0,4,11,83,0,0,25,0,15.0,34.0,42,41,1,3,0,,61,58.1,3,0,0,175,21,6,0,0,,0,0,0,0,0.0,0,0,0,0,214,4,0,0,0,0,0,0,0,0,0,656.33,0.0,0,18,2,12,7,8,57.14,0,42,29,69.05,6,64,14,13,122,59.51,135,416,689,1092,198.1,20,0,1451,12,7,0,20192.0,1050000.0,D,24.0,Spain
Isaac Romero,1018190,Sevilla,2833,spain,2324,1050,14,14,6.83,4,4,8,7.29,1.04,5,1,8.33,54,3,50.0,92,54,145,75.52,16,45.71,19,0,0,0,36.0,7,17,8,0,10,14,0,0,9,4,72,0,0,28,0,9.52,0.0,13,12,1,4,0,,36,40.45,1,0,2,47,0,11,2,6,,0,0,0,0,0.0,0,0,0,0,133,9,0,0,1,0,0,0,0,0,0,262.5,0.0,0,34,8,17,17,13,44.83,0,6,3,50.0,11,7,29,12,52,41.94,6,145,59,192,95.6,42,0,404,17,2,0,60192.0,3130000.0,F,24.0,Spain
José María Giménez,325355,Atlético Madrid,2836,spain,2324,1323,22,14,6.83,0,0,0,0.39,0.06,38,0,0.0,28,54,57.45,163,399,562,86.46,31,62.0,19,0,0,0,49.0,0,0,0,5,91,22,0,0,0,11,47,0,0,17,0,0.0,4.0,15,11,4,0,0,,22,44.0,0,0,0,88,10,2,0,0,,0,0,0,0,0.0,0,0,0,0,94,0,0,0,0,0,0,0,0,0,0,0.0,0.0,0,6,1,6,1,2,66.67,0,18,10,55.56,2,61,3,1,53,53.0,94,219,432,650,150.2,7,1,837,2,5,0,120192.0,6250000.0,D,29.0,Uruguay
Gerard Gumbau,326471,Granada,33779,spain,2324,2684,35,31,6.83,0,3,3,1.76,4.04,111,40,26.67,246,116,50.22,511,565,1036,77.49,23,47.92,25,0,0,0,126.0,9,1,16,1,28,34,0,0,15,39,144,1,1,62,0,0.0,0.0,65,58,7,0,0,,91,43.33,0,0,1,301,25,42,0,0,,0,1,0,0,0.0,0,0,0,0,464,9,0,0,0,0,0,0,0,0,0,0.0,0.0,8,7,38,20,9,10,66.67,0,55,34,61.82,41,205,15,150,114,44.19,231,840,647,1337,232.1,45,0,1818,26,12,0,12500.0,650000.0,M,29.0,Spain
Javi Galán,825133,Real Sociedad,2824,spain,2324,1174,19,13,6.83,0,1,1,0.14,1.09,16,14,26.92,135,16,30.19,259,200,445,81.8,10,58.82,7,0,0,0,68.0,1,0,1,4,17,19,0,0,14,16,76,0,1,22,0,0.0,0.0,12,9,3,0,0,,86,55.48,0,0,0,99,15,12,0,3,,0,0,0,1,0.0,0,0,0,0,205,5,0,0,0,0,0,0,0,0,0,0.0,0.0,0,1,2,1,1,20,51.28,0,43,26,60.47,12,30,39,52,96,55.81,53,364,232,544,129.7,3,0,945,23,4,0,62500.0,3250000.0,D,29.0,Spain
Juan Iglesias,949707,Getafe,2859,spain,2324,1419,23,16,6.83,0,2,2,0.6,0.96,23,13,22.41,88,36,27.91,182,129,298,65.21,13,56.52,10,0,0,0,71.0,1,0,4,4,43,23,0,0,6,12,52,0,0,16,0,0.0,0.0,16,15,1,0,0,,56,57.14,0,0,0,159,16,11,0,1,,0,0,0,0,0.0,0,0,0,0,278,6,0,0,0,0,0,0,0,0,0,0.0,0.0,0,3,12,5,6,6,42.86,0,41,22,53.66,11,60,14,58,69,57.02,129,351,164,457,157.0,15,0,855,10,4,0,13846.0,720000.0,D,25.0,Spain
Fernando Martínez,139925,Almería,2858,spain,2324,360,4,4,6.83,0,0,0,,0.01,14,0,0.0,4,29,37.18,16,66,82,62.6,2,100.0,0,0,0,0,45.0,0,0,0,0,5,4,0,0,0,0,0,0,0,0,0,0.0,26.0,10,9,1,0,0,-1.45,0,0.0,0,4,0,49,0,0,0,0,,0,0,0,0,0.0,0,0,0,0,50,0,3,0,0,6,4,9,13,1,5,0.0,0.0,0,0,0,0,0,0,0.0,4,0,0,0.0,0,27,0,0,2,100.0,78,56,75,131,27.3,0,0,184,0,0,0,8462.0,440000.0,K,33.0,Spain
Andrés Guardado,14942,Real Betis,2816,spain,2324,458,12,4,6.83,0,0,0,0.14,0.28,32,5,45.45,71,33,71.74,128,124,247,86.97,4,33.33,8,0,0,0,37.0,0,0,3,1,5,12,0,0,3,7,28,0,0,10,0,0.0,0.0,4,4,0,0,0,,26,56.52,0,0,0,37,6,5,0,0,,0,0,0,0,0.0,0,0,0,0,58,1,0,0,0,0,0,0,0,0,0,0.0,0.0,0,1,4,2,0,6,85.71,0,17,12,70.59,5,44,7,11,30,51.72,46,158,137,284,81.9,5,0,367,3,2,0,26923.0,1400000.0,M,36.0,Mexico
Abdón Prats,146852,Mallorca,2826,spain,2324,1275,34,11,6.82,6,1,7,3.2,1.2,3,1,12.5,53,7,53.85,91,41,131,56.71,41,40.2,61,0,0,0,30.0,4,2,8,1,12,34,0,0,10,2,99,0,0,18,0,18.18,0.0,15,9,6,6,0,,30,44.12,3,0,1,100,2,14,2,5,,0,0,0,0,0.0,0,0,0,0,170,6,0,0,1,0,0,0,0,0,0,212.5,0.0,2,27,6,11,14,8,44.44,0,6,4,66.67,14,15,18,8,71,41.76,13,181,58,231,232.0,33,1,414,18,3,0,7308.0,380000.0,F,31.0,Spain
Fali,349794,Cádiz,4488,spain,2324,2550,30,30,6.82,0,0,0,0.81,0.25,87,1,10.0,97,114,42.07,284,515,798,77.25,39,48.75,41,0,0,0,127.0,0,1,1,6,117,30,0,0,2,15,79,0,0,23,0,0.0,5.0,39,36,3,0,0,,63,62.38,0,0,0,235,27,4,0,0,,0,0,0,0,0.0,0,0,0,0,260,2,0,0,0,0,0,0,0,0,0,0.0,0.0,0,9,2,7,3,3,75.0,0,41,26,63.41,4,165,4,10,102,56.35,271,471,572,1033,204.7,11,0,1345,19,12,0,15000.0,780000.0,D,30.0,Spain
Jon Pacheco,934383,Real Sociedad,2824,spain,2324,1530,23,16,6.82,1,1,2,1.06,0.35,29,1,100.0,62,55,43.31,275,742,1016,87.29,57,61.96,35,0,0,0,49.0,1,1,1,8,53,22,0,0,2,8,72,1,0,29,0,16.67,8.0,16,15,1,1,0,,30,44.78,1,0,0,148,10,3,0,1,,0,0,0,0,0.0,0,0,0,0,164,0,0,0,0,0,0,0,0,0,0,1530.0,0.0,0,6,0,2,3,4,100.0,0,25,15,60.0,3,67,4,1,87,54.72,127,377,788,1164,150.1,6,1,1324,1,8,0,11538.0,600000.0,D,23.0,Spain
Iván Balliu,152446,Rayo Vallecano,2818,spain,2324,2876,33,32,6.82,0,1,1,0.68,2.3,36,15,22.06,204,52,35.86,442,372,799,76.97,31,52.54,28,0,0,0,127.0,3,2,4,11,55,33,0,0,11,17,106,0,1,41,0,0.0,0.0,39,34,5,0,0,,80,50.63,0,0,0,239,29,24,0,8,,0,0,0,0,0.0,0,0,0,0,425,4,0,0,0,0,0,0,0,0,0,0.0,0.0,0,6,5,3,4,7,41.18,0,44,31,70.45,24,96,17,68,111,51.15,145,673,433,1038,225.1,11,1,1799,30,4,0,8654.0,450000.0,D,32.0,Albania
Manu Morlanes,826004,Mallorca,2826,spain,2324,1630,35,16,6.82,0,2,2,1.05,2.02,41,4,23.53,182,34,52.31,373,293,662,84.76,17,54.84,14,0,0,0,125.0,2,1,6,0,19,34,0,0,17,30,81,0,0,15,0,0.0,0.0,23,20,3,0,0,,95,58.64,0,0,0,119,20,16,0,0,,0,0,0,0,0.0,0,0,0,0,183,8,0,0,0,0,0,0,0,0,0,0.0,0.0,0,8,3,1,4,21,75.0,0,50,29,58.0,16,70,28,17,112,58.03,65,467,331,781,231.9,11,0,1038,24,2,0,24038.0,1250000.0,M,25.0,Spain
Javi López,945404,Deportivo Alavés,2885,spain,2324,2387,32,25,6.82,1,3,4,0.93,2.48,32,21,20.0,145,55,33.74,310,271,560,72.35,29,56.86,22,0,0,0,123.0,4,0,5,9,63,31,0,0,20,11,105,0,1,25,0,5.56,0.0,28,22,6,1,0,,92,52.57,0,0,0,214,10,14,1,1,,0,0,0,1,0.0,0,0,0,0,447,2,0,0,0,0,0,0,0,0,0,2387.0,0.0,0,13,5,10,3,41,59.42,0,23,12,52.17,14,90,69,105,121,53.54,163,536,343,774,211.4,18,0,1498,29,3,0,3077.0,160000.0,D,21.0,Spain
Abdelkabir Abqar,1101232,Deportivo Alavés,2885,spain,2324,2314,27,27,6.82,0,0,0,0.46,0.2,48,0,0.0,74,80,36.87,164,385,549,72.91,39,51.32,37,0,0,0,109.0,0,0,2,7,110,27,0,0,1,14,85,0,0,33,0,0.0,1.0,30,25,5,0,0,,61,55.96,0,0,1,204,23,3,0,1,,1,0,0,2,0.0,0,0,0,0,226,3,0,0,0,0,0,0,0,0,0,0.0,0.0,0,10,0,5,3,3,75.0,0,35,19,54.29,3,132,4,2,100,54.05,217,319,436,753,184.1,10,1,1067,23,10,0,7115.0,370000.0,D,24.0,Morocco
Nahuel Molina,831799,Atlético Madrid,2836,spain,2324,1856,30,19,6.82,2,3,5,1.27,2.18,28,20,22.99,224,41,41.41,439,364,783,76.92,7,38.89,11,0,0,0,122.0,4,1,4,4,28,30,0,1,13,28,84,1,0,20,0,16.67,0.0,21,15,6,2,0,,71,49.31,0,0,0,235,9,19,0,7,,0,0,0,0,0.0,0,0,0,0,409,10,0,1,2,0,0,0,0,0,0,928.0,0.0,1,8,4,3,5,16,55.17,0,38,22,57.89,19,76,29,87,78,48.15,99,668,437,1018,204.5,12,1,1551,17,4,0,72308.0,3760000.0,D,25.0,Argentina
Djibril Sow,799054,Sevilla,2833,spain,2324,1473,24,18,6.82,1,1,2,1.51,1.12,21,3,60.0,161,21,52.5,294,287,578,85.76,15,45.45,18,0,0,0,73.0,1,2,8,0,6,24,0,0,3,16,66,0,1,27,0,5.56,0.0,21,19,2,0,1,,51,51.52,0,0,0,96,17,15,0,2,,0,0,0,0,0.0,0,0,0,0,128,11,0,0,1,0,0,0,0,0,0,1473.0,0.0,0,11,7,5,5,5,71.43,0,28,21,75.0,15,32,7,5,66,50.0,40,368,311,674,163.6,18,0,871,19,5,0,80192.0,4170000.0,M,26.0,Switzerland
Ander Barrenetxea,966862,Real Sociedad,2824,spain,2324,1447,29,20,6.81,4,1,5,3.51,1.14,11,6,12.77,153,15,53.57,285,83,362,72.55,14,36.84,24,0,0,0,83.0,2,2,8,0,4,28,0,0,45,16,139,0,0,27,0,10.81,0.0,18,16,2,4,0,,92,44.44,2,0,1,137,6,14,0,3,,0,1,0,0,0.0,0,0,0,0,319,17,0,0,2,0,0,0,0,0,0,361.75,0.0,1,23,14,17,12,38,55.88,0,32,21,65.63,13,24,68,47,106,43.27,28,430,116,499,190.8,37,0,895,22,1,0,60000.0,3120000.0,F,22.0,Spain
Unai López,588566,Rayo Vallecano,2818,spain,2324,2123,35,28,6.81,1,2,3,1.15,2.7,50,23,31.51,273,80,45.45,561,613,1151,84.26,16,45.71,19,0,0,0,160.0,5,0,7,3,13,35,0,0,23,32,150,0,2,60,0,3.13,0.0,28,26,2,0,1,,92,41.26,0,0,1,215,16,31,0,3,,0,0,0,0,0.0,0,0,0,0,348,18,0,0,1,0,0,0,0,0,0,2123.0,0.0,3,4,28,20,5,22,56.41,0,48,24,50.0,31,107,39,73,108,41.86,176,781,658,1366,238.5,32,0,1760,22,9,0,10385.0,540000.0,M,28.0,Spain
Sergio Ruiz Alonso,857227,Granada,33779,spain,2324,2510,35,30,6.81,0,4,4,0.7,1.84,43,7,41.18,151,55,50.93,431,646,1070,85.12,34,53.13,30,0,0,0,177.0,3,1,6,2,42,35,0,0,15,46,149,0,1,42,0,0.0,0.0,55,50,5,0,0,,170,58.82,0,0,0,187,28,12,0,0,,0,0,0,1,0.0,0,0,0,0,276,13,0,0,0,0,0,0,0,0,0,0.0,0.0,0,7,6,6,1,23,57.5,0,83,46,55.42,12,83,40,17,204,57.79,108,563,711,1257,238.5,13,0,1703,66,9,0,16731.0,870000.0,M,29.0,Spain
Matteo Gabbia,826195,Villarreal,2819,spain,2324,478,7,6,6.81,0,0,0,0.0,0.05,13,0,0.0,18,20,60.61,80,187,267,89.6,17,77.27,5,0,0,0,20.0,0,0,0,1,36,7,0,0,0,3,17,0,1,9,0,0.0,6.0,10,8,2,0,0,,13,52.0,0,0,0,31,8,1,0,0,,0,0,0,0,0.0,0,0,0,0,36,2,0,0,0,0,0,0,0,0,0,0.0,0.0,0,0,0,0,0,0,0.0,0,10,6,60.0,1,25,0,0,30,63.83,33,99,199,298,47.7,0,0,373,3,2,0,32115.0,1670000.0,D,23.0,Italy
Arsen Zakharyan,1066045,Real Sociedad,2824,spain,2324,1243,29,15,6.81,1,2,3,2.4,2.33,16,24,32.0,135,16,47.06,268,106,350,77.09,11,34.38,21,0,0,0,52.0,3,1,7,0,8,29,0,0,6,13,74,0,0,21,0,3.03,0.0,17,14,3,1,0,,43,44.79,0,0,1,104,4,26,0,3,,0,0,0,0,0.0,0,0,0,0,212,4,0,0,1,0,0,0,0,0,0,1243.0,0.0,6,12,21,17,9,10,40.0,0,22,15,68.18,26,30,25,75,54,42.19,34,401,128,454,197.6,33,1,718,11,1,0,24231.0,1260000.0,F,20.0,Russia
André Ferreira,788197,Granada,33779,spain,2324,1339,15,14,6.81,0,0,0,0.0,0.02,35,0,0.0,19,87,39.55,59,213,272,66.34,7,87.5,1,0,0,0,138.0,0,0,0,0,18,15,0,0,1,1,5,2,0,2,0,0.0,110.0,29,25,4,0,0,-0.93,2,33.33,0,5,0,138,0,0,0,0,,0,0,0,2,0.0,3,0,0,0,142,0,9,0,0,5,30,19,49,0,11,0.0,0.0,0,0,0,0,0,0,0.0,3,0,0,0.0,0,84,0,0,9,64.29,220,158,252,410,102.2,0,0,582,2,1,0,2308.0,120000.0,K,27.0,Portugal
Enzo Loiodice,933426,Las Palmas,6577,spain,2324,1792,34,19,6.81,0,1,1,0.55,1.84,24,6,26.09,221,23,50.0,497,436,927,84.27,28,50.91,27,0,0,0,123.0,1,0,5,1,15,32,0,0,42,22,142,0,1,32,0,0.0,0.0,19,18,1,0,0,,127,52.48,0,0,2,173,12,19,0,1,,0,0,0,0,0.0,0,0,0,0,304,23,0,0,0,0,0,0,0,0,0,0.0,0.0,0,6,10,5,6,28,57.14,0,62,35,56.45,19,43,49,23,155,52.19,46,620,503,1100,218.0,16,0,1476,38,2,0,5769.0,300000.0,M,23.0,France
Hugo Sotelo,1120669,Celta Vigo,2821,spain,2324,727,17,8,6.81,0,1,1,0.35,1.13,25,6,20.69,166,34,66.67,334,181,509,91.55,2,22.22,7,0,0,0,52.0,4,0,2,0,5,16,0,0,12,12,52,0,0,16,0,0.0,0.0,16,16,0,0,0,,31,40.79,0,0,1,47,2,15,0,0,,0,0,0,0,0.0,0,0,0,0,101,4,0,0,0,0,0,0,0,0,0,0.0,0.0,1,3,5,5,1,9,64.29,0,19,17,89.47,15,34,14,29,33,38.82,51,389,196,556,109.0,8,0,686,3,1,0,2308.0,120000.0,M,20.0,Spain
Raúl Albiol,3041,Villarreal,2819,spain,2324,2035,26,24,6.81,0,1,1,0.45,0.62,58,0,0.0,73,80,47.06,289,803,1092,86.32,47,61.04,30,0,0,0,75.0,3,0,1,3,102,26,0,0,3,9,61,0,0,21,0,0.0,13.0,36,32,4,0,0,,32,50.79,0,0,0,173,16,3,0,1,,0,0,0,0,0.0,0,0,0,0,190,1,0,0,0,0,0,0,0,0,0,0.0,0.0,0,6,0,4,1,0,0.0,0,25,14,56.0,3,106,0,0,79,56.43,170,384,881,1265,177.1,6,1,1495,8,6,0,54615.0,2840000.0,D,38.0,Spain
Lucas Torró,187313,Osasuna,2820,spain,2324,1796,28,21,6.81,1,0,1,1.49,0.62,19,0,0.0,146,24,41.38,300,304,604,76.07,72,62.61,43,0,0,0,115.0,1,2,7,4,37,28,0,0,10,17,112,0,0,43,0,3.33,0.0,30,26,4,1,0,,46,40.0,0,0,0,190,33,9,0,0,,0,0,0,0,0.0,0,0,0,0,219,16,0,0,1,0,0,0,0,0,0,1796.0,0.0,1,13,17,16,7,6,85.71,0,25,15,60.0,9,35,7,3,118,51.3,58,454,343,794,190.7,30,0,1031,16,5,0,40000.0,2080000.0,M,29.0,Spain
Memphis Depay,138833,Atlético Madrid,2836,spain,2324,894,23,9,6.81,5,1,6,5.76,1.61,10,5,41.67,68,10,83.33,120,73,188,76.11,4,25.0,12,0,0,0,26.0,3,6,7,0,0,22,0,0,22,3,66,0,0,14,0,13.16,0.0,14,12,2,3,2,,39,41.94,1,0,1,59,1,13,0,8,,0,0,0,0,0.0,0,0,0,0,155,5,0,0,4,0,0,0,0,0,0,178.8,0.0,3,23,15,16,15,18,52.94,0,5,2,40.0,13,19,34,12,43,39.45,12,177,82,247,149.8,38,0,457,16,2,0,168269.0,8750000.0,F,29.0,Netherlands
Víctor Chust,855831,Cádiz,4488,spain,2324,1870,22,22,6.81,0,1,1,0.53,0.24,56,0,0.0,75,90,41.86,294,534,828,80.62,26,50.98,25,0,0,0,83.0,1,0,1,7,90,22,0,2,1,14,56,0,1,15,0,0.0,5.0,23,22,1,0,0,,34,52.31,0,0,0,199,11,6,0,0,,0,0,0,0,0.0,0,0,0,0,218,0,0,2,0,0,0,0,0,0,0,0.0,0.0,0,4,0,3,0,1,50.0,0,29,18,62.07,6,107,2,2,60,51.72,215,430,599,1027,149.8,4,2,1239,4,3,0,4615.0,240000.0,D,23.0,Spain
Alberto Moleiro,1012444,Las Palmas,6577,spain,2324,1807,28,21,6.81,3,3,6,1.97,2.71,7,4,14.81,231,7,46.67,394,179,569,81.75,1,5.88,16,0,0,0,67.0,4,0,8,0,9,28,0,0,27,24,137,0,0,17,0,9.09,0.0,28,26,2,1,2,,90,42.65,0,0,1,127,7,27,0,2,,0,0,0,0,0.0,0,0,0,1,304,10,0,0,3,0,0,0,0,0,0,602.33,0.0,0,19,14,15,10,57,51.35,0,15,6,40.0,27,15,111,27,91,39.91,15,511,212,696,190.6,33,0,1076,18,1,0,3654.0,190000.0,F,20.0,Spain
Aridane Hernández,41013,Rayo Vallecano,2818,spain,2324,1691,19,19,6.81,0,0,0,0.32,0.1,17,0,0.0,30,50,51.02,138,535,673,85.84,35,66.04,18,0,0,0,86.0,0,1,1,6,98,19,0,0,0,7,35,0,1,11,0,0.0,0.0,26,21,5,0,0,,23,57.5,0,0,0,111,14,3,0,0,,0,0,0,1,0.0,0,0,0,0,121,1,0,0,0,0,0,0,0,0,0,0.0,0.0,0,4,1,4,0,1,100.0,0,10,8,80.0,3,43,1,0,58,62.37,98,201,583,784,129.3,5,0,979,12,3,0,8846.0,460000.0,D,34.0,Spain
Yeray Álvarez,807648,Athletic Club,2825,spain,2324,1155,19,14,6.81,0,0,0,0.28,0.36,32,0,0.0,58,49,40.83,197,373,570,81.08,44,74.58,15,0,0,0,67.0,0,0,1,6,33,19,0,1,0,7,35,0,1,15,0,0.0,1.0,12,9,3,0,0,,33,62.26,0,0,0,133,11,3,0,0,,0,0,0,0,0.0,0,0,0,0,147,0,0,1,0,0,0,0,0,0,0,0.0,0.0,0,6,1,4,2,2,66.67,0,18,9,50.0,3,71,3,1,77,68.75,120,282,422,703,129.3,7,1,829,14,1,0,46154.0,2400000.0,D,29.0,Spain
Gabriel Paulista,124737,Atlético Madrid,2836,spain,2324,1806,23,21,6.8,0,0,0,0.54,0.32,63,0,0.0,54,72,48.98,222,717,939,86.54,42,62.69,25,0,0,0,89.0,0,0,2,5,104,22,0,0,2,6,49,0,0,15,0,0.0,5.0,26,22,4,0,0,,21,46.67,0,0,0,146,28,4,0,0,,0,0,0,0,0.0,0,0,0,0,156,0,0,1,0,0,0,0,0,0,0,0.0,0.0,0,7,1,5,1,0,0.0,0,17,12,70.59,4,106,1,0,63,56.25,147,314,771,1085,149.7,8,0,1299,4,5,1,50000.0,2600000.0,D,33.0,Brazil
Portu,218616,Girona FC,24264,spain,2324,1284,36,11,6.8,7,5,12,3.54,2.46,7,4,19.05,108,1,16.67,170,79,245,79.8,8,25.81,23,0,0,0,41.0,7,4,5,0,5,35,0,0,16,16,87,0,0,18,0,31.82,0.0,16,14,2,7,0,,43,40.19,1,0,1,62,4,18,0,10,,0,0,0,0,0.0,0,0,0,1,141,6,0,0,6,0,0,0,0,0,0,183.43,0.0,0,21,1,5,12,4,19.05,0,23,16,69.57,18,14,21,21,51,36.96,6,232,96,307,238.1,22,1,508,16,4,0,36154.0,1880000.0,F,31.0,Spain
Anastasios Douvikas,894863,Celta Vigo,2821,spain,2324,942,32,7,6.8,7,1,8,4.58,0.64,4,1,50.0,37,2,50.0,66,39,104,63.41,36,56.25,28,0,0,0,22.0,2,6,7,0,9,30,0,0,20,5,81,0,0,18,0,26.92,0.0,23,22,1,7,0,,53,50.0,1,0,0,60,2,8,2,6,,0,0,0,0,0.0,0,0,0,0,132,6,0,0,4,0,0,0,0,0,0,134.57,0.0,0,23,3,4,15,9,45.0,0,15,7,46.67,8,6,20,2,89,52.35,4,122,44,164,204.0,26,1,349,30,2,0,25000.0,1300000.0,F,24.0,Greece
Aitor Paredes,959872,Athletic Club,2825,spain,2324,2716,34,31,6.8,1,0,1,1.19,0.36,76,1,100.0,78,96,46.15,368,962,1329,85.63,60,61.22,38,0,0,0,138.0,0,1,2,11,101,34,0,0,2,7,84,0,0,37,0,7.14,6.0,27,21,6,1,0,,33,41.77,0,0,0,223,33,4,0,0,,0,0,0,0,0.0,0,0,0,0,237,1,0,1,1,0,0,0,0,0,0,2716.0,0.0,0,14,0,9,3,2,66.67,0,20,11,55.0,4,150,3,1,93,52.54,208,516,1037,1552,231.2,14,2,1824,11,7,1,40000.0,2080000.0,D,23.0,Spain
Toni Lato,828239,Mallorca,2826,spain,2324,1558,28,16,6.8,0,1,1,0.23,1.35,20,12,24.49,117,26,38.81,262,194,444,77.49,10,34.48,19,0,0,0,83.0,3,0,0,1,24,27,0,0,7,11,61,0,0,19,0,0.0,0.0,16,12,4,0,0,,66,61.11,0,0,0,129,17,10,0,2,,0,0,0,0,0.0,0,0,0,1,226,6,0,0,0,0,0,0,0,0,0,0.0,0.0,0,3,2,3,2,10,66.67,0,38,23,60.53,10,30,15,49,76,55.47,67,381,241,573,183.6,5,0,979,18,3,0,28077.0,1460000.0,D,26.0,Spain
Rubén Iranzo,1167704,Valencia,2828,spain,2324,10,1,0,6.8,0,0,0,,0.0,0,0,0.0,1,0,0.0,5,1,6,100.0,0,0.0,0,0,0,0,1.0,0,0,0,0,1,1,0,0,0,0,0,0,0,0,0,0.0,0.0,0,0,0,0,0,,2,100.0,0,0,0,0,0,0,0,0,,0,0,0,0,0.0,0,0,0,0,0,0,0,0,0,0,0,0,0,0,0,0.0,0.0,0,0,0,0,0,0,0.0,0,2,2,100.0,0,0,0,0,2,100.0,0,5,1,6,6.8,0,0,11,0,0,0,,,,,
Pablo Sáenz,1175743,Granada,33779,spain,2324,18,1,0,6.8,0,0,0,,0.04,0,1,100.0,2,0,0.0,4,1,4,66.67,0,0.0,0,0,0,0,3.0,0,0,0,0,0,1,0,0,0,2,2,0,0,0,0,0.0,0.0,3,3,0,0,0,,4,66.67,0,0,0,2,0,0,0,0,,0,0,0,0,0.0,0,0,0,0,2,0,0,0,0,0,0,0,0,0,0,0.0,0.0,0,0,0,0,0,0,0.0,0,3,3,100.0,0,0,0,1,4,66.67,0,4,3,6,6.8,0,0,11,1,0,0,,,,,
Ricardo Visus,1046322,Real Betis,2816,spain,2324,165,3,1,6.8,0,0,0,,0.0,3,0,0.0,3,4,30.77,12,38,50,81.97,2,28.57,5,0,0,0,3.0,0,0,0,1,9,3,0,0,0,0,8,0,1,3,0,0.0,0.0,0,0,0,0,0,,3,50.0,0,0,0,11,2,0,0,0,,0,0,0,0,0.0,0,0,0,0,11,0,0,0,0,0,0,0,0,0,0,0.0,0.0,0,0,0,0,0,0,0.0,0,2,2,100.0,0,4,0,0,5,38.46,13,19,42,61,20.4,0,0,82,1,0,0,,,,,
Chadi Riad,1064218,Real Betis,2816,spain,2324,2164,26,24,6.8,0,0,0,0.73,0.22,7,0,0.0,30,28,29.47,212,860,1072,89.71,44,53.01,39,0,0,0,110.0,0,0,1,4,105,26,0,0,2,10,63,0,0,15,0,0.0,0.0,30,25,5,0,0,,42,63.64,0,0,1,123,23,2,0,1,,0,0,0,1,0.0,0,0,0,0,135,0,0,0,0,0,0,0,0,0,0,0.0,0.0,0,10,1,5,5,0,0.0,0,35,24,68.57,2,24,0,0,86,57.72,95,269,926,1195,176.8,11,0,1450,7,1,0,3846.0,200000.0,D,20.0,Morocco
Mamadou Mbaye,921621,Cádiz,4488,spain,2324,286,4,2,6.8,0,0,0,0.34,0.01,3,0,0.0,4,10,31.25,14,33,47,56.63,9,60.0,6,0,0,0,10.0,0,1,1,0,26,4,0,0,0,3,14,0,0,6,0,0.0,0.0,5,5,0,0,0,,6,42.86,0,0,0,36,5,0,0,0,,0,0,0,1,0.0,0,0,0,0,39,0,0,0,0,0,0,0,0,0,0,0.0,0.0,0,2,0,0,1,0,0.0,0,6,3,50.0,0,11,0,0,15,51.72,32,41,42,83,27.2,2,0,140,0,2,0,4038.0,210000.0,D,25.0,Senegal
Rominigue Kouamé,846446,Cádiz,4488,spain,2324,828,16,9,6.8,0,0,0,0.29,0.3,12,1,100.0,79,22,73.33,180,175,354,86.34,19,59.38,13,0,0,0,60.0,0,0,2,0,10,15,0,0,1,8,34,0,1,11,0,0.0,0.0,13,13,0,0,0,,30,58.82,0,0,0,56,13,4,0,1,,0,0,0,0,0.0,0,0,0,0,67,4,0,0,0,0,0,0,0,0,0,0.0,0.0,0,2,3,3,0,7,87.5,0,14,9,64.29,4,16,8,1,49,59.04,30,210,201,410,102.0,5,0,521,9,2,0,14038.0,730000.0,M,27.0,Mali
Sokratis Papastathopoulos,2322979,Real Betis,2816,spain,2324,1140,15,12,6.8,0,0,0,0.27,0.11,11,0,0.0,11,20,35.71,96,410,506,88.31,25,58.14,18,0,0,0,51.0,0,0,0,5,58,15,0,0,0,4,35,0,0,13,0,0.0,0.0,18,17,1,0,0,,27,61.36,0,0,0,67,6,1,0,0,,1,0,0,0,0.0,0,0,0,0,70,1,0,0,0,0,0,0,0,0,0,0.0,0.0,0,2,0,1,1,0,0.0,0,21,14,66.67,1,21,0,0,52,59.77,56,136,437,573,102.0,2,1,702,6,6,0,44038.0,2290000.0,D,35.0,Greece
Milutin Osmajić,928047,Cádiz,4488,spain,2324,13,1,0,6.8,0,0,0,0.08,0.0,0,0,0.0,2,0,0.0,2,0,2,66.67,1,100.0,0,0,0,0,0.0,0,0,1,0,0,1,0,0,0,0,0,0,0,0,0,0.0,0.0,1,1,0,0,0,,0,0.0,0,0,0,1,0,1,0,0,,0,0,0,0,0.0,0,0,0,0,1,0,0,0,0,0,0,0,0,0,0,0.0,0.0,0,2,0,1,0,0,0.0,0,0,0,0.0,1,0,0,0,1,100.0,0,3,0,3,6.8,2,0,5,0,0,0,,,,,
Diadié Samassékou,796358,Cádiz,4488,spain,2324,87,4,0,6.8,0,0,0,0.03,0.03,2,0,0.0,12,5,100.0,22,23,45,95.74,3,60.0,2,0,0,0,6.0,0,0,0,0,0,4,0,0,0,1,4,0,0,2,0,0.0,0.0,4,4,0,0,0,,7,77.78,0,0,0,2,3,1,0,0,,0,0,0,0,0.0,0,0,0,0,4,0,0,0,0,0,0,0,0,0,0,0.0,0.0,0,0,1,0,1,2,100.0,0,5,3,60.0,1,2,2,0,10,71.43,5,23,24,47,27.2,1,0,64,0,0,0,75000.0,3900000.0,M,28.0,Mali
Diego Mendez,1392573,Rayo Vallecano,2818,spain,2324,9,1,0,6.8,0,0,0,0.0,0.0,0,0,0.0,0,0,0.0,1,1,2,100.0,1,100.0,0,0,0,0,1.0,0,0,0,0,0,1,0,0,0,0,1,0,0,1,0,0.0,0.0,0,0,0,0,0,,1,50.0,0,0,0,0,1,0,0,0,,0,0,0,0,0.0,0,0,0,0,0,0,0,0,0,0,0,0,0,0,0,0.0,0.0,0,0,0,0,0,0,0.0,0,1,1,100.0,0,0,0,0,2,66.67,0,1,1,2,6.8,0,0,4,0,0,0,,,,,
Diego Mariño,69379,Almería,2858,spain,2324,90,1,1,6.8,0,0,0,0.0,0.0,1,0,0.0,1,2,33.33,1,16,17,80.95,0,0.0,0,0,0,0,8.0,0,0,0,0,1,1,0,0,0,0,0,0,0,0,0,0.0,2.0,2,2,0,0,0,0.05,0,0.0,0,0,0,4,0,0,0,0,,0,0,0,0,0.0,2,0,0,0,4,0,0,0,0,1,1,1,2,0,0,0.0,0.0,0,0,0,0,0,0,0.0,1,0,0,0.0,0,3,0,0,0,0.0,6,4,17,21,6.8,0,0,30,0,0,0,5385.0,280000.0,K,33.0,Spain
Eric Curbelo,868227,Las Palmas,6577,spain,2324,101,2,1,6.8,0,0,0,0.0,0.0,2,0,0.0,0,2,100.0,12,44,56,96.55,0,0.0,1,0,0,0,11.0,0,0,0,0,5,2,0,0,0,1,2,0,1,0,0,0.0,3.0,2,2,0,0,0,,4,80.0,0,0,0,2,2,0,0,0,,0,0,0,0,0.0,0,0,0,0,5,0,0,0,0,0,0,0,0,0,0,0.0,0.0,0,0,0,0,0,0,0.0,0,4,3,75.0,0,2,0,0,4,66.67,2,12,46,58,13.6,0,0,78,0,0,0,5385.0,280000.0,D,30.0,Spain
Carlos Benavídez,873717,Deportivo Alavés,2885,spain,2324,1150,29,10,6.8,3,1,4,1.04,0.67,22,0,0.0,94,30,37.5,175,143,318,70.51,35,53.03,31,0,0,0,72.0,1,0,4,3,26,29,0,0,5,15,90,0,0,38,0,21.43,0.0,13,11,2,2,1,,67,53.17,2,0,0,133,19,6,0,1,,0,0,0,2,0.0,0,0,0,0,156,4,0,0,1,0,0,0,0,0,0,383.33,0.0,0,5,9,3,7,2,50.0,0,56,35,62.5,6,44,4,4,102,53.13,80,273,182,451,197.1,14,1,656,9,5,0,13846.0,720000.0,M,25.0,Uruguay
José Manuel Arnáiz,824130,Osasuna,2820,spain,2324,929,26,9,6.8,2,1,3,1.75,1.59,5,12,26.09,85,6,42.86,171,59,218,81.04,11,44.0,14,0,0,0,39.0,5,1,9,0,2,23,0,0,24,15,75,0,0,8,0,6.9,0.0,15,14,1,1,1,,44,41.9,0,0,0,51,3,14,0,3,,0,0,0,0,0.0,0,0,0,0,153,6,0,0,2,0,0,0,0,0,0,464.5,0.0,5,11,18,11,9,11,42.31,0,14,8,57.14,14,14,26,46,55,42.31,14,251,64,269,156.3,29,0,504,19,3,0,13077.0,680000.0,F,28.0,Spain
Manuel Sánchez,984789,Celta Vigo,2821,spain,2324,1786,26,20,6.79,0,5,5,0.49,2.97,22,17,29.82,136,26,38.24,269,236,488,76.49,9,30.0,21,0,0,0,95.0,6,1,5,3,45,25,0,0,11,24,92,0,0,21,0,0.0,0.0,28,24,4,0,0,,70,49.65,0,0,0,150,19,20,0,0,,0,0,0,0,0.0,0,0,0,0,271,11,0,0,0,0,0,0,0,0,0,0.0,0.0,0,5,4,2,2,11,40.74,0,54,28,51.85,20,37,27,57,79,46.2,68,404,291,638,169.8,9,0,1149,5,3,0,19231.0,1000000.0,D,23.0,Spain
Kiko Femenía,53739,Villarreal,2819,spain,2324,1587,23,16,6.79,0,0,0,0.01,0.73,24,3,10.71,199,39,41.94,365,437,799,85.27,10,47.62,11,0,0,0,106.0,1,0,0,3,40,23,0,0,5,15,60,0,0,25,0,0.0,0.0,19,19,0,0,0,,44,47.31,0,0,0,138,31,7,0,0,,0,0,0,1,0.0,0,0,0,0,211,7,0,1,0,0,0,0,0,0,0,0.0,0.0,1,0,1,1,0,6,54.55,0,35,25,71.43,7,54,11,28,54,47.37,93,479,486,937,156.2,1,0,1319,3,6,1,19231.0,1000000.0,D,33.0,Spain
Stefan Savić,76265,Atlético Madrid,2836,spain,2324,1635,23,19,6.79,0,0,0,0.33,0.55,42,2,66.67,80,49,36.57,242,571,811,83.52,46,58.97,32,0,0,0,77.0,0,1,0,5,59,22,0,0,0,15,63,0,1,16,0,0.0,0.0,21,16,5,0,0,,41,56.94,0,0,0,160,27,1,0,1,,0,0,0,0,0.0,0,0,0,0,175,1,0,1,0,0,0,0,0,0,0,0.0,0.0,0,4,1,4,1,8,100.0,0,27,19,70.37,1,83,8,3,87,58.0,134,330,644,971,149.4,5,0,1185,6,5,1,86538.0,4500000.0,D,33.0,Montenegro
Antonio Blanco,855832,Deportivo Alavés,2885,spain,2324,2444,33,29,6.79,0,1,1,0.85,1.11,69,8,53.33,204,69,52.67,426,385,803,77.89,23,56.1,18,0,0,0,160.0,3,0,10,8,28,32,0,1,22,55,138,0,0,36,0,0.0,0.0,30,26,4,0,0,,118,49.58,0,0,0,228,35,20,0,0,,0,0,0,0,0.0,0,0,0,0,292,15,0,1,0,0,0,0,0,0,0,0.0,0.0,0,5,15,7,3,19,70.37,0,61,36,59.02,20,128,27,15,141,50.54,131,599,447,1031,217.3,20,0,1386,40,5,0,18077.0,940000.0,M,23.0,Spain
Lucas Boyé,814385,Granada,33779,spain,2324,2555,31,30,6.79,6,3,9,6.2,2.02,15,4,28.57,169,18,62.07,279,174,449,73.73,58,42.03,80,0,0,0,113.0,1,6,13,1,46,31,0,1,86,20,324,0,0,72,0,10.71,0.0,57,53,4,6,0,,146,37.44,1,0,2,160,10,26,1,8,,0,0,0,0,0.0,0,0,0,0,456,19,0,1,4,0,0,0,0,0,0,425.83,0.0,1,48,8,28,15,53,41.41,0,50,25,50.0,26,26,128,14,204,38.64,29,417,206,609,210.5,56,0,1316,43,8,0,17308.0,900000.0,F,27.0,Argentina
José Copete,913695,Mallorca,2826,spain,2324,1335,19,17,6.79,1,1,2,0.54,0.5,33,3,30.0,57,41,39.81,166,283,446,78.11,21,55.26,17,0,0,0,75.0,1,0,2,3,41,19,0,0,3,13,72,0,1,36,0,14.29,0.0,20,16,4,1,0,,61,52.59,0,0,0,125,32,4,1,0,,0,0,0,2,0.0,0,0,0,0,153,3,0,0,0,0,0,0,0,0,0,1335.0,0.0,0,6,1,4,1,4,50.0,0,45,27,60.0,4,76,8,10,82,53.25,103,257,324,571,129.0,7,0,791,13,7,0,4038.0,210000.0,D,24.0,Spain
Alberto Moreno,229740,Villarreal,2819,spain,2324,1497,27,17,6.79,2,2,4,0.73,1.77,34,12,24.49,139,44,53.01,254,254,496,83.5,10,40.0,15,0,0,0,76.0,2,1,6,1,27,27,0,0,3,20,64,0,0,24,0,11.76,0.0,26,26,0,2,0,,50,50.51,0,0,0,98,24,16,2,5,,0,0,0,0,0.0,0,0,0,1,172,3,0,2,0,0,0,0,0,0,0,748.5,0.0,0,11,6,6,5,5,55.56,0,31,21,67.74,16,58,9,49,60,48.39,83,351,292,594,183.3,17,0,923,14,1,2,26923.0,1400000.0,D,31.0,Spain
Marc Cardona,841854,Las Palmas,6577,spain,2324,749,26,6,6.79,4,1,5,4.24,0.61,1,1,20.0,52,1,16.67,103,67,169,76.13,9,39.13,14,0,0,0,26.0,2,1,2,0,7,25,0,0,15,11,70,0,0,12,0,18.18,0.0,7,6,1,4,0,,42,42.86,0,0,0,53,2,8,1,18,,0,0,1,0,100.0,0,1,0,1,116,4,0,0,3,0,0,0,0,0,0,187.25,0.0,0,20,2,9,11,14,42.42,0,9,8,88.89,8,6,33,5,51,42.15,6,150,77,222,169.7,22,1,386,19,4,0,12115.0,630000.0,F,28.0,Spain
Juanmi Latasa,966679,Getafe,2859,spain,2324,1565,32,15,6.79,2,0,2,3.8,1.41,3,0,0.0,85,5,62.5,146,46,192,52.89,147,53.26,129,0,0,0,31.0,2,7,8,1,21,31,0,0,21,10,223,0,0,66,0,4.55,0.0,20,20,0,2,0,,50,34.72,2,0,0,171,4,19,0,7,,0,0,0,1,0.0,0,0,0,1,268,10,0,1,0,0,0,0,0,0,0,782.5,0.0,0,40,4,21,15,6,54.55,0,9,7,77.78,19,4,11,2,197,46.9,8,304,61,363,210.4,44,0,637,39,5,1,11923.0,620000.0,F,22.0,Spain
Óliver Torres,231776,Sevilla,2833,spain,2324,1628,27,18,6.78,0,1,1,0.63,2.55,44,14,31.82,225,39,48.75,433,272,691,83.76,11,28.21,28,0,0,0,127.0,4,1,2,1,3,26,0,0,24,35,123,0,0,26,0,0.0,0.0,17,16,1,0,0,,71,42.77,0,0,0,134,6,22,0,6,,0,0,0,0,0.0,0,0,0,0,235,12,0,0,0,0,0,0,0,0,0,0.0,0.0,0,5,4,4,3,11,47.83,0,37,22,59.46,22,81,23,44,82,40.0,80,571,298,825,176.4,9,0,1109,23,3,0,44231.0,2300000.0,M,29.0,Spain
Munir El Haddadi,350170,Las Palmas,6577,spain,2324,2478,38,32,6.78,3,2,5,4.32,2.77,23,8,19.51,195,23,46.94,383,199,574,80.39,24,36.36,42,0,0,1,91.0,2,6,10,1,12,38,0,0,48,21,173,0,0,30,0,6.98,0.0,30,29,1,3,0,,129,49.62,0,0,2,140,11,24,3,21,,0,0,1,0,0.0,0,0,0,0,316,15,0,0,0,0,0,0,0,0,0,826.0,0.0,3,30,13,21,12,21,37.5,0,40,27,67.5,24,45,56,41,153,46.93,49,523,232,714,257.8,43,0,1186,73,3,0,33654.0,1750000.0,F,28.0,Morocco
Ander Guevara,891931,Deportivo Alavés,2885,spain,2324,2936,37,33,6.78,1,0,1,0.68,1.52,83,3,37.5,322,66,49.62,597,512,1106,75.96,46,52.87,41,0,0,0,218.0,1,0,7,6,39,37,0,0,24,33,153,0,1,48,0,6.25,0.0,41,34,7,0,1,,107,48.86,0,0,0,350,13,21,1,0,,0,0,0,0,0.0,0,0,0,1,427,11,0,0,0,0,0,0,0,0,0,2936.0,0.0,0,3,13,6,3,19,65.52,0,59,32,54.24,21,146,29,8,153,50.0,133,840,624,1456,251.0,16,0,1820,30,7,0,28077.0,1460000.0,M,26.0,Spain
Joan Jordán,591750,Sevilla,2833,spain,2324,378,8,4,6.78,0,0,0,0.18,0.11,17,1,33.33,63,18,81.82,138,72,209,88.19,4,44.44,5,0,0,0,19.0,0,0,2,1,2,6,0,0,3,8,17,0,0,1,0,0.0,0.0,13,10,3,0,0,,12,50.0,0,0,0,28,4,2,0,0,,0,0,0,0,0.0,0,0,0,0,39,2,0,0,0,0,0,0,0,0,0,0.0,0.0,1,2,4,3,1,1,100.0,0,8,7,87.5,2,20,1,3,16,48.48,22,156,84,237,40.7,6,0,290,3,1,0,68077.0,3540000.0,M,29.0,Spain
Yarek Gasiorowski,1184317,Valencia,2828,spain,2324,737,14,7,6.78,0,0,0,0.01,0.07,8,1,16.67,21,13,26.0,60,119,178,74.79,15,78.95,4,0,0,0,15.0,0,0,1,1,45,12,0,0,1,6,23,0,1,11,0,0.0,2.0,14,13,1,0,0,,25,56.82,0,0,0,60,15,0,0,0,,1,0,0,0,0.0,0,0,0,0,95,1,0,0,0,0,0,0,0,0,0,0.0,0.0,0,1,0,0,0,1,33.33,0,22,12,54.55,0,19,3,6,40,63.49,50,106,138,238,81.4,1,0,426,2,1,0,3846.0,200000.0,D,19.0,Spain
Rubén Peña,255973,Osasuna,2820,spain,2324,2105,29,26,6.78,0,2,2,0.88,2.96,33,24,21.62,179,30,42.25,336,181,493,71.76,15,25.42,44,0,0,0,134.0,5,1,6,2,33,29,0,0,33,29,164,0,3,28,0,0.0,0.0,33,30,3,0,0,,105,46.67,0,0,1,194,30,28,0,6,,0,0,0,0,0.0,0,0,0,0,443,15,0,0,0,0,0,0,0,0,0,0.0,0.0,0,8,9,6,5,35,51.47,0,47,25,53.19,28,73,68,111,120,42.25,71,568,230,687,196.7,17,1,1344,24,3,0,15962.0,830000.0,D,32.0,Spain
Nahuel Tenaglia,896073,Deportivo Alavés,2885,spain,2324,1169,25,11,6.78,1,0,1,0.64,0.72,10,3,17.65,52,30,38.96,126,160,283,74.47,25,58.14,18,0,0,0,47.0,1,0,4,4,57,23,0,0,5,12,50,0,0,13,0,12.5,0.0,19,17,2,1,0,,50,60.98,0,0,0,97,12,7,0,2,,0,1,0,0,0.0,0,0,0,0,137,0,0,0,1,0,0,0,0,0,0,1169.0,0.0,0,7,1,3,1,7,77.78,0,29,19,65.52,6,26,9,17,75,60.0,77,201,196,380,156.0,8,0,634,14,5,0,18077.0,940000.0,D,27.0,Argentina
Jon Magunazelaia,1134396,Real Sociedad,2824,spain,2324,131,5,1,6.78,0,0,0,0.29,0.27,0,0,0.0,9,0,0.0,21,9,30,71.43,1,20.0,4,0,0,0,7.0,1,0,1,0,1,5,0,0,2,4,14,0,0,2,0,0.0,0.0,0,0,0,0,0,,10,50.0,0,0,0,12,0,1,0,0,,0,0,0,0,0.0,0,0,0,0,22,0,0,0,0,0,0,0,0,0,0,0.0,0.0,0,4,0,3,0,2,50.0,0,5,3,60.0,1,1,4,3,11,44.0,0,35,10,42,33.9,4,0,76,3,0,0,,,,,
Miguel Rubio,934351,Granada,33779,spain,2324,1559,19,17,6.78,1,0,1,0.79,0.12,22,0,0.0,33,39,35.78,137,484,621,80.34,59,65.56,31,0,0,0,77.0,0,1,1,1,71,19,0,0,2,7,60,0,2,20,0,11.11,4.0,35,32,3,1,0,,35,54.69,1,0,0,152,28,2,0,1,,0,0,0,0,0.0,0,0,0,0,166,1,0,0,0,0,0,0,0,0,0,1559.0,0.0,0,9,0,6,2,5,83.33,0,20,12,60.0,2,64,6,0,94,61.04,109,234,539,773,128.8,9,0,1003,11,5,0,23462.0,1220000.0,D,25.0,Spain
Robert Navarro,944165,Cádiz,4488,spain,2324,1905,28,24,6.78,1,1,2,2.14,2.44,19,26,27.08,221,7,30.43,382,143,499,79.33,12,38.71,19,0,0,0,125.0,7,4,6,0,5,28,0,1,37,21,147,1,0,15,0,3.33,0.0,32,31,1,1,0,,127,49.8,0,0,2,130,19,41,0,4,,0,0,0,0,0.0,0,0,0,0,369,17,0,1,1,0,0,0,0,0,0,1905.0,0.0,0,17,13,15,9,54,49.54,0,46,29,63.04,41,37,109,96,139,48.6,23,552,173,629,189.8,30,0,1166,27,0,0,8077.0,420000.0,F,21.0,Spain
Martin Valjent,300522,Mallorca,2826,spain,2324,2354,28,28,6.78,0,1,1,0.33,1.03,37,3,16.67,114,66,40.24,274,530,801,81.49,48,66.67,24,0,0,0,97.0,3,0,5,5,107,28,0,0,2,12,68,0,1,29,0,0.0,2.0,34,28,6,0,0,,43,49.43,0,0,0,182,29,7,0,2,,0,0,0,0,0.0,0,0,0,0,238,1,0,0,0,0,0,0,0,0,0,0.0,0.0,0,3,6,4,0,1,33.33,0,34,18,52.94,7,84,3,18,91,57.23,164,406,595,983,189.8,9,1,1352,10,5,0,13462.0,700000.0,D,28.0,Slovakia
Chris Ramos,914819,Cádiz,4488,spain,2324,2627,37,30,6.78,5,1,6,10.11,1.41,10,2,16.67,107,6,60.0,185,86,269,57.6,173,50.73,168,0,0,0,60.0,2,16,12,3,43,37,0,0,53,19,335,0,0,61,0,6.58,0.0,36,33,3,5,0,,91,35.27,3,0,0,198,9,14,0,12,,0,0,0,0,0.0,0,0,0,2,411,9,0,0,2,0,0,0,0,0,0,525.4,0.0,0,72,4,37,27,18,29.03,0,28,15,53.57,14,13,62,12,264,44.07,10,376,103,467,250.8,76,0,1017,46,5,0,6154.0,320000.0,F,27.0,Spain
William Carvalho,137978,Real Betis,2816,spain,2324,684,22,4,6.78,1,3,4,0.38,0.67,24,0,0.0,140,26,61.9,340,219,559,89.15,8,72.73,3,0,0,0,47.0,1,0,2,0,9,22,0,0,10,6,40,0,1,13,0,12.5,0.0,10,9,1,0,1,,29,43.94,0,0,0,68,8,10,0,0,,0,0,0,0,0.0,0,0,0,0,98,2,0,0,1,0,0,0,0,0,0,684.0,0.0,0,2,6,3,3,4,33.33,0,20,12,60.0,10,42,12,4,37,48.05,42,394,237,627,149.1,8,0,731,5,2,0,45192.0,2350000.0,M,31.0,Portugal
Iker Muniain,71707,Athletic Club,2825,spain,2324,607,20,5,6.78,2,0,2,1.74,1.31,14,8,25.81,121,11,61.11,234,110,336,88.89,1,9.09,10,0,0,0,27.0,1,2,0,0,0,20,0,0,11,2,42,0,0,5,0,15.38,0.0,14,14,0,2,0,,29,47.54,0,0,1,42,0,13,0,0,,0,0,0,0,0.0,0,0,0,0,109,1,0,0,2,0,0,0,0,0,0,303.5,0.0,0,11,2,6,7,13,44.83,0,5,1,20.0,13,21,29,31,30,41.67,18,294,115,378,135.5,13,0,513,11,1,0,42308.0,2200000.0,F,31.0,Spain
Aïssa Mandi,122810,Villarreal,2819,spain,2324,1118,16,12,6.78,1,0,1,0.63,0.43,31,0,0.0,70,56,71.79,211,458,669,91.77,12,52.17,11,0,0,0,49.0,1,0,0,1,39,16,0,0,2,7,26,0,0,7,0,25.0,17.0,21,20,1,1,0,,18,54.55,0,0,0,60,8,2,0,0,,0,0,0,1,0.0,0,0,0,0,67,1,0,0,1,0,0,0,0,0,0,1118.0,0.0,0,3,1,2,2,0,0.0,0,13,8,61.54,2,48,0,0,30,53.57,78,241,488,729,108.4,4,0,835,5,3,0,30769.0,1600000.0,D,32.0,Algeria
Facundo Pellistri,989803,Granada,33779,spain,2324,1220,15,14,6.77,2,1,3,2.46,1.1,2,6,20.0,80,3,42.86,143,61,198,75.57,9,29.03,22,0,0,0,57.0,1,2,7,1,4,15,0,0,20,15,93,0,0,22,0,11.76,0.0,30,28,2,2,0,,62,46.62,0,0,0,64,4,18,0,5,,0,0,0,0,0.0,0,0,0,1,170,11,0,1,2,0,0,0,0,0,0,610.0,0.0,0,13,4,4,6,12,46.15,0,29,19,65.52,18,9,26,30,71,43.29,7,220,72,262,101.6,17,0,518,21,0,1,23077.0,1200000.0,F,22.0,Uruguay
Alejandro Catena,900792,Osasuna,2820,spain,2324,2536,30,28,6.77,1,3,4,1.35,1.05,96,0,0.0,125,154,50.49,389,703,1092,81.92,61,65.59,32,0,0,0,129.0,4,4,1,6,115,30,0,1,4,16,99,1,2,47,0,5.56,19.0,45,40,5,1,0,,49,42.24,1,0,1,241,15,6,0,1,,0,0,0,1,0.0,0,0,0,0,259,1,0,1,0,0,0,0,0,0,0,2536.0,0.0,1,17,1,12,5,3,42.86,0,33,18,54.55,6,165,7,0,110,52.63,305,572,761,1333,203.2,18,0,1610,15,8,0,32115.0,1670000.0,D,29.0,Spain
Javier Muñoz,353154,Las Palmas,6577,spain,2324,2661,37,30,6.77,2,3,5,2.54,1.81,31,8,17.02,269,28,41.18,585,427,1004,81.89,6,24.0,19,0,0,0,114.0,2,2,14,3,22,37,0,0,24,28,124,0,1,36,0,5.26,0.0,36,35,1,2,0,,72,40.68,0,0,1,222,20,25,0,2,,0,1,0,1,0.0,0,0,0,0,354,11,0,0,2,0,0,0,0,0,0,1330.5,0.0,0,17,21,15,9,14,42.42,0,42,23,54.76,24,61,33,47,78,38.61,68,780,493,1226,250.6,38,0,1624,16,6,0,13846.0,720000.0,M,28.0,Spain
Bruno Langa,987490,Almería,2858,spain,2324,819,11,9,6.77,1,0,1,0.18,0.28,22,3,18.75,40,18,42.86,99,145,241,76.03,2,25.0,6,0,0,0,37.0,0,1,0,0,24,11,0,1,3,8,25,0,2,4,0,12.5,0.0,15,13,2,0,1,,42,68.85,0,0,1,76,4,7,1,0,,0,0,0,0,0.0,0,0,0,0,107,1,0,1,0,0,0,0,0,0,0,819.0,0.0,0,3,5,6,2,13,72.22,0,17,12,70.59,7,39,18,16,44,63.77,42,154,179,317,74.5,8,0,538,12,1,0,2885.0,150000.0,D,26.0,Mozambique
Dani Ceballos,547838,Real Madrid,2829,spain,2324,605,20,5,6.77,0,2,2,0.33,1.04,8,0,0.0,159,17,68.0,311,170,481,91.1,2,28.57,5,0,0,0,38.0,2,0,4,2,2,17,0,0,13,9,40,1,0,5,0,0.0,0.0,6,6,0,0,0,,34,49.28,0,0,0,47,0,11,0,0,,0,0,0,0,0.0,0,0,0,0,87,6,0,0,0,0,0,0,0,0,0,0.0,0.0,1,5,2,2,1,5,38.46,0,10,5,50.0,11,13,13,8,36,47.37,25,357,179,528,115.1,7,0,645,19,2,0,200385.0,10420000.0,M,27.0,Spain
Santi Comesaña,843678,Villarreal,2819,spain,2324,1661,27,20,6.77,2,0,2,1.87,1.33,33,0,0.0,195,39,66.1,386,365,751,87.33,31,53.45,27,0,0,0,85.0,3,1,4,2,25,27,0,1,19,19,107,0,1,33,0,11.76,0.0,25,25,0,2,0,,87,52.1,1,0,0,109,22,12,0,1,,0,0,0,0,0.0,0,0,0,0,170,8,0,2,1,0,0,0,0,0,0,830.5,0.0,0,14,3,6,7,21,65.63,0,44,26,59.09,12,42,32,5,118,52.44,59,470,395,860,182.8,17,1,1162,22,6,1,24038.0,1250000.0,M,27.0,Spain
Étienne Capoue,16701,Villarreal,2819,spain,2324,1466,32,15,6.77,1,1,2,1.02,1.02,29,1,14.29,189,41,59.42,380,314,693,86.84,21,51.22,20,0,0,0,97.0,1,1,4,1,23,32,0,0,20,7,92,1,0,25,0,7.14,0.0,34,31,3,1,0,,95,56.89,1,0,0,105,22,9,0,2,,0,0,0,0,0.0,0,0,0,1,193,13,0,0,0,0,0,0,0,0,0,1466.0,0.0,0,11,3,5,5,22,51.16,0,32,18,56.25,9,50,43,7,116,55.77,69,462,343,798,216.6,14,0,1107,41,8,0,36538.0,1900000.0,M,35.0,France
Ilias Akhomach,1089108,Villarreal,2819,spain,2324,1521,31,17,6.77,2,2,4,3.17,2.52,5,10,34.48,163,9,56.25,284,84,358,80.63,4,36.36,7,0,0,0,70.0,7,2,13,0,7,31,0,0,36,10,152,0,0,41,0,6.67,0.0,33,31,2,2,0,,127,46.69,0,0,1,86,13,21,1,4,,0,0,0,0,0.0,0,0,0,0,269,13,0,0,1,0,0,0,0,0,0,760.5,0.0,0,21,9,10,7,57,49.14,0,36,21,58.33,21,16,116,29,131,46.29,16,368,105,444,209.8,30,0,875,35,4,0,11538.0,600000.0,F,19.0,Morocco
Marc Guiu,1414933,Barcelona,2817,spain,2324,82,3,1,6.77,1,0,1,0.76,0.06,0,0,0.0,2,0,0.0,4,4,8,100.0,1,25.0,3,0,0,0,1.0,1,1,2,0,0,3,0,0,2,0,6,0,0,1,0,25.0,0.0,0,0,0,1,0,,3,50.0,0,0,0,0,0,1,0,1,,0,0,0,0,0.0,0,0,0,0,5,0,0,0,1,0,0,0,0,0,0,82.0,0.0,0,4,0,1,1,0,0.0,0,1,0,0.0,1,0,0,0,4,40.0,0,4,4,8,20.3,4,0,23,2,1,0,2500.0,130000.0,F,18.0,Spain
Gastón Álvarez,980578,Getafe,2859,spain,2324,2553,34,29,6.76,2,0,2,0.75,0.37,20,3,12.0,107,56,32.37,287,394,678,76.18,51,61.45,32,0,0,0,132.0,1,1,5,7,77,34,0,0,10,20,114,0,0,43,0,14.29,2.0,40,37,3,2,0,,87,51.48,1,0,0,212,35,8,1,1,,0,0,0,0,0.0,0,0,0,0,314,4,0,0,0,0,0,0,0,0,0,1276.5,0.0,0,11,3,6,3,9,45.0,0,68,37,54.41,8,54,20,25,138,54.76,173,470,445,890,230.0,14,2,1371,10,7,0,12500.0,650000.0,D,23.0,Uruguay
Giovanni González,590404,Mallorca,2826,spain,2324,2463,34,27,6.76,1,1,2,0.45,1.9,58,15,24.19,173,67,43.23,394,391,770,77.23,37,50.0,37,0,0,0,154.0,1,0,5,5,54,33,0,0,15,41,138,1,1,38,0,7.14,0.0,29,24,5,1,0,,108,51.67,0,0,1,227,31,21,0,3,,0,0,0,1,0.0,0,0,0,0,351,5,0,0,1,0,0,0,0,0,0,2463.0,0.0,0,7,7,5,4,15,55.56,0,73,45,61.64,21,115,27,62,145,51.24,155,583,476,997,223.2,14,0,1575,20,7,0,15385.0,800000.0,D,29.0,Uruguay
Juanmi,96369,Cádiz,4488,spain,2324,872,16,9,6.76,3,1,4,2.69,0.56,6,1,50.0,58,3,50.0,110,69,178,80.18,8,24.24,25,0,0,0,39.0,2,1,2,1,3,16,0,0,17,7,85,0,0,24,0,21.43,0.0,15,15,0,3,0,,29,32.58,1,0,0,44,6,11,0,13,,0,0,0,0,0.0,0,0,0,0,103,5,0,0,2,0,0,0,0,0,0,290.67,0.0,0,12,2,5,7,9,40.91,0,9,4,44.44,11,13,22,2,37,30.33,6,143,81,222,108.2,14,1,363,11,3,0,46154.0,2400000.0,F,30.0,Spain
Famara Diédhiou,293115,Granada,33779,spain,2324,111,8,0,6.76,0,1,1,0.5,0.22,1,0,0.0,5,3,100.0,14,5,19,50.0,12,66.67,6,0,0,0,5.0,1,1,1,0,2,8,0,0,2,1,15,0,0,6,0,0.0,0.0,3,2,1,0,0,,8,47.06,0,0,0,19,0,1,0,0,,0,0,0,0,0.0,0,0,0,1,36,1,0,0,0,0,0,0,0,0,0,0.0,0.0,0,4,1,1,3,4,80.0,0,1,1,100.0,1,1,5,2,20,57.14,3,34,6,38,54.1,5,0,77,3,1,0,16346.0,850000.0,F,30.0,Senegal
Iza Carcelén,800403,Cádiz,4488,spain,2324,2625,35,29,6.76,0,0,0,0.64,1.26,25,11,16.42,163,38,32.2,356,292,637,74.42,22,37.29,37,0,0,0,129.0,0,0,2,7,64,34,0,0,19,20,100,1,1,16,0,0.0,0.0,38,36,2,0,0,,108,63.16,0,0,0,219,27,18,0,5,,0,1,0,0,0.0,0,0,0,0,359,5,0,0,0,0,0,0,0,0,0,0.0,0.0,1,4,6,5,3,13,59.09,0,51,32,62.75,17,57,22,67,130,56.52,118,566,357,856,229.9,10,0,1512,44,2,0,13462.0,700000.0,D,30.0,Spain
Jaime Mata,351140,Getafe,2859,spain,2324,1807,35,22,6.76,5,1,6,5.64,1.61,10,7,17.95,142,7,29.17,241,91,325,68.86,52,43.7,67,0,0,0,58.0,2,4,8,1,31,33,0,0,20,15,167,0,0,63,0,15.63,0.0,30,28,2,5,0,,54,35.06,1,0,1,147,17,18,3,31,,0,0,0,0,0.0,0,0,0,0,257,15,0,1,1,0,0,0,0,0,0,361.4,0.0,0,26,6,12,12,8,53.33,0,24,15,62.5,18,21,15,39,106,38.83,24,392,119,472,223.1,32,1,783,25,8,1,41154.0,2140000.0,F,35.0,Spain
Bruno Méndez,923000,Granada,33779,spain,2324,1336,17,15,6.76,2,0,2,0.61,0.2,27,2,25.0,67,44,36.67,159,234,391,72.01,20,52.63,18,0,0,0,65.0,0,0,0,2,42,17,0,0,4,16,51,0,0,14,0,25.0,2.0,23,23,0,2,0,,42,56.0,0,0,0,152,26,4,1,0,,0,0,0,0,0.0,0,0,0,0,198,3,0,0,1,0,0,0,0,0,0,668.0,0.0,0,6,2,3,5,6,85.71,0,36,17,47.22,4,54,7,8,62,54.87,120,258,293,543,114.9,8,1,820,0,4,0,17308.0,900000.0,D,24.0,Uruguay
Ignasi Miquel,144606,Granada,33779,spain,2324,2991,34,33,6.76,1,1,2,1.38,0.84,60,0,0.0,88,87,37.5,277,984,1261,82.04,57,50.0,57,0,0,0,136.0,2,2,4,3,129,34,0,0,4,17,115,0,4,32,0,4.55,10.0,67,59,8,1,0,,80,57.97,1,0,0,276,45,12,0,0,,0,0,0,0,0.0,0,0,0,0,316,4,0,0,0,0,0,0,0,0,0,2991.0,0.0,0,20,2,10,8,8,53.33,0,47,30,63.83,12,135,15,3,137,54.37,232,463,1077,1537,229.7,22,2,1950,26,5,0,21923.0,1140000.0,D,31.0,Spain
Luis Hernández,260097,Cádiz,4488,spain,2324,730,9,8,6.76,1,0,1,0.95,0.43,24,0,0.0,38,24,38.71,97,141,238,78.55,9,81.82,2,0,0,0,24.0,0,0,0,2,25,9,0,0,0,4,14,0,0,8,0,100.0,0.0,13,12,1,1,0,,7,36.84,0,0,0,65,8,6,1,0,,0,0,0,0,0.0,0,0,0,0,106,0,0,0,0,0,0,0,0,0,0,730.0,0.0,0,1,0,0,1,0,0.0,0,7,3,42.86,6,45,0,2,16,53.33,62,140,165,303,60.8,1,1,413,0,4,0,12115.0,630000.0,D,34.0,Spain
Alfonso Espino,542634,Rayo Vallecano,2818,spain,2324,2512,31,29,6.75,0,1,1,1.0,2.86,43,14,28.0,186,44,29.33,435,413,834,75.14,13,33.33,26,0,0,0,171.0,5,1,5,8,46,31,0,0,18,52,160,0,0,45,0,0.0,0.0,37,32,5,0,0,,132,49.62,0,0,0,276,40,28,0,0,,1,0,0,1,0.0,0,0,0,0,450,10,0,0,0,0,0,0,0,0,0,0.0,0.0,0,8,10,8,5,24,48.98,0,67,45,67.16,28,106,49,50,145,47.54,150,650,510,1110,209.4,18,1,1841,41,9,0,18077.0,940000.0,D,32.0,Uruguay
Jon Moncayola,976141,Osasuna,2820,spain,2324,1816,33,21,6.75,1,3,4,0.61,2.52,42,26,28.89,224,54,49.09,448,332,754,81.6,16,53.33,14,0,0,0,98.0,5,1,3,3,17,33,0,1,13,25,81,0,0,24,0,6.25,0.0,30,26,4,1,0,,41,37.96,0,0,0,170,15,21,0,0,,0,0,0,0,0.0,0,0,0,0,278,14,0,1,1,0,0,0,0,0,0,1816.0,0.0,0,4,12,8,5,6,50.0,0,27,18,66.67,21,87,12,90,57,41.3,110,639,375,924,222.9,16,0,1217,8,2,0,28077.0,1460000.0,M,25.0,Spain
Aleksandar Sedlar,799195,Deportivo Alavés,2885,spain,2324,948,11,11,6.75,1,0,1,0.3,0.08,16,0,0.0,40,30,51.72,123,219,342,84.86,17,48.57,18,0,0,0,49.0,0,0,0,0,43,11,0,0,2,6,39,0,0,14,0,25.0,5.0,14,9,5,1,0,,20,48.78,0,0,0,61,13,2,0,1,,0,0,0,1,0.0,0,0,0,0,67,1,0,0,1,0,0,0,0,0,0,948.0,0.0,0,4,0,3,1,2,100.0,0,14,10,71.43,2,26,2,0,37,48.68,58,160,243,403,74.3,4,0,510,4,2,0,14038.0,730000.0,D,32.0,Serbia
Miguel Crespo,972410,Rayo Vallecano,2818,spain,2324,521,15,4,6.75,0,0,0,0.11,0.46,9,0,0.0,67,7,50.0,121,109,230,85.5,10,66.67,5,0,0,0,31.0,2,0,2,0,7,15,0,0,15,8,51,0,0,19,0,0.0,0.0,8,8,0,0,0,,50,52.08,0,0,0,39,10,6,0,0,,0,0,0,0,0.0,0,0,0,0,87,3,0,0,0,0,0,0,0,0,0,0.0,0.0,0,2,1,1,0,13,72.22,0,16,9,56.25,6,12,18,3,60,54.05,14,151,121,269,101.3,3,0,418,22,4,0,40000.0,2080000.0,M,27.0,Portugal
Francis Coquelin,40672,Villarreal,2819,spain,2324,919,17,10,6.75,0,0,0,0.11,0.61,26,1,50.0,89,19,63.33,201,178,378,88.11,11,52.38,10,0,0,0,60.0,0,0,2,0,15,17,0,0,8,8,48,0,0,18,0,0.0,0.0,10,10,0,0,0,,31,44.93,0,0,0,51,16,1,0,1,,0,0,0,0,0.0,0,0,0,0,75,5,0,0,0,0,0,0,0,0,0,0.0,0.0,0,3,0,1,0,3,37.5,0,20,12,60.0,1,37,8,2,42,46.67,30,232,199,429,114.8,3,0,551,8,4,0,71923.0,3740000.0,M,32.0,France
Pablo Maffeo,788216,Mallorca,2826,spain,2324,1456,22,17,6.75,1,2,3,0.8,0.92,29,14,20.9,79,19,26.76,170,121,277,66.27,33,55.93,26,0,0,0,81.0,1,2,4,3,18,21,0,1,14,17,91,0,0,22,0,9.09,0.0,21,17,4,1,0,,71,52.21,0,0,0,141,10,11,0,4,,0,0,0,0,0.0,0,0,0,0,294,8,0,1,1,0,0,0,0,0,0,1456.0,0.0,0,5,6,3,4,16,55.17,0,35,22,62.86,11,55,29,67,104,53.33,71,320,165,418,141.8,11,0,833,20,3,0,28077.0,1460000.0,D,26.0,Argentina
Myrto Uzuni,895533,Granada,33779,spain,2324,2459,34,28,6.75,11,1,12,12.93,3.02,5,4,36.36,74,7,43.75,117,112,225,78.95,11,15.49,60,0,1,0,59.0,5,11,14,0,7,34,0,0,34,21,149,0,0,26,0,17.46,0.0,53,47,6,9,2,,50,35.97,1,0,1,60,4,18,3,18,,0,0,5,0,80.0,0,4,0,0,164,13,0,0,7,0,0,0,0,0,0,223.55,0.0,2,45,18,21,28,13,50.0,0,18,14,77.78,18,11,26,11,61,29.05,16,168,128,285,229.5,63,1,586,19,3,0,13846.0,720000.0,F,28.0,Albania
Ilaix Moriba,962890,Getafe,2859,spain,2324,618,14,8,6.75,0,2,2,0.34,0.42,4,0,0.0,47,8,53.33,95,54,149,74.13,11,42.31,15,0,0,0,22.0,2,0,1,0,10,14,0,0,6,5,52,0,0,19,0,0.0,0.0,13,11,2,0,0,,46,55.42,0,0,0,52,4,5,0,1,,0,0,0,0,0.0,0,0,0,0,84,5,0,1,0,0,0,0,0,0,0,0.0,0.0,0,2,2,2,1,4,33.33,0,20,11,55.0,5,15,12,2,57,52.29,15,139,64,201,94.5,4,0,323,23,3,1,31154.0,1620000.0,M,21.0,Guinea
Jastin García,1518119,Girona FC,24264,spain,2324,31,3,0,6.75,0,0,0,,0.02,0,0,0.0,5,0,0.0,7,0,7,70.0,0,0.0,0,0,0,0,1.0,0,0,0,0,0,2,0,0,0,0,1,0,0,0,0,0.0,0.0,1,1,0,0,0,,4,80.0,0,0,0,3,0,0,0,0,,0,0,0,0,0.0,0,0,0,0,8,1,0,0,0,0,0,0,0,0,0,0.0,0.0,0,0,0,0,0,1,50.0,0,1,0,0.0,0,0,2,1,4,80.0,0,10,1,10,13.5,0,0,20,2,0,0,,,,,
Mario Domínguez,1211006,Valencia,2828,spain,2324,23,3,0,6.75,0,0,0,0.16,0.01,0,0,0.0,4,1,100.0,4,0,4,100.0,0,0.0,1,0,0,0,0.0,0,0,0,0,0,2,0,0,0,0,1,0,0,0,0,0.0,0.0,1,1,0,0,0,,0,0.0,0,0,0,0,0,0,0,0,,0,0,0,0,0.0,0,0,0,0,3,0,0,0,0,0,0,0,0,0,0,0.0,0.0,0,2,1,2,1,0,0.0,0,0,0,0.0,0,0,0,1,0,0.0,1,5,0,4,13.5,3,0,10,0,0,0,,,,,
Josep Chavarría,1010421,Rayo Vallecano,2818,spain,2324,1176,22,12,6.75,1,1,2,0.97,1.18,14,15,21.43,155,18,26.47,277,253,515,79.97,14,58.33,10,0,0,0,68.0,2,1,3,3,24,22,0,0,7,6,41,1,0,8,0,9.09,0.0,15,14,1,0,1,,55,63.95,0,0,0,129,6,13,1,3,,0,0,0,0,0.0,0,0,0,0,236,6,0,1,0,0,0,0,0,0,0,1176.0,0.0,0,6,5,6,2,11,52.38,0,23,18,78.26,13,33,21,70,69,62.73,68,417,297,644,148.4,11,0,986,22,3,1,6731.0,350000.0,D,25.0,Spain
Javier Hernández,1031658,Cádiz,4488,spain,2324,2517,30,28,6.74,1,2,3,1.46,2.77,38,39,30.71,182,51,32.9,419,338,718,73.94,31,52.54,28,0,0,0,139.0,4,3,11,5,69,29,0,0,13,21,123,0,1,45,0,3.33,0.0,42,39,3,1,0,,75,44.12,0,0,1,253,19,33,1,1,,0,1,0,0,0.0,0,0,0,0,434,6,0,0,0,0,0,0,0,0,0,2517.0,0.0,6,10,20,11,8,13,43.33,0,43,24,55.81,32,100,30,127,106,46.29,155,676,422,971,195.6,30,0,1633,19,10,0,3654.0,190000.0,D,25.0,Spain
Beñat Turrientes,980410,Real Sociedad,2824,spain,2324,1703,29,19,6.74,0,1,1,1.21,0.55,24,1,5.26,122,38,64.41,310,288,597,87.15,16,34.04,31,0,0,0,81.0,2,1,6,3,17,29,0,0,14,17,110,0,0,36,0,0.0,1.0,19,19,0,0,0,,88,52.69,0,0,0,88,6,9,0,0,,0,0,0,0,0.0,0,0,0,0,163,5,0,0,0,0,0,0,0,0,0,0.0,0.0,1,5,18,7,10,21,60.0,0,31,17,54.84,9,32,35,19,104,48.6,59,385,319,685,195.6,23,0,949,36,4,0,9615.0,500000.0,M,22.0,Spain
Máximo Perrone,1086286,Las Palmas,6577,spain,2324,1634,29,20,6.74,0,0,0,0.24,1.15,15,0,0.0,170,19,42.22,485,696,1181,90.36,6,17.65,28,0,0,0,113.0,0,0,0,2,21,29,0,0,14,20,99,0,0,27,0,0.0,0.0,27,25,2,0,0,,69,49.29,0,0,0,126,24,9,0,0,,0,0,0,0,0.0,0,0,0,0,179,9,0,0,0,0,0,0,0,0,0,0.0,0.0,0,2,5,4,3,11,50.0,0,42,21,50.0,9,32,22,0,75,43.1,45,562,745,1307,195.6,7,0,1551,16,6,0,35385.0,1840000.0,M,21.0,Argentina
Fran Beltrán,835484,Celta Vigo,2821,spain,2324,2444,33,28,6.74,0,0,0,0.72,1.7,50,6,31.58,295,42,51.85,622,557,1173,87.41,13,28.26,33,0,0,0,160.0,1,0,10,4,31,32,0,0,20,39,130,0,0,28,0,0.0,0.0,41,37,4,0,0,,84,46.41,0,0,0,169,18,18,0,2,,0,0,0,2,0.0,0,0,0,0,245,10,0,0,0,0,0,0,0,0,0,0.0,0.0,0,4,17,8,3,12,50.0,0,56,32,57.14,18,80,24,19,97,42.73,81,736,625,1342,215.8,21,1,1653,16,2,0,38462.0,2000000.0,M,24.0,Spain
Arnau Martínez,1084081,Girona FC,24264,spain,2324,1249,21,14,6.74,0,2,2,0.2,1.46,9,5,71.43,116,12,34.29,276,402,673,89.85,10,40.0,15,0,0,0,65.0,3,1,0,2,34,21,0,0,9,17,57,0,3,14,0,0.0,0.0,14,14,0,0,0,,50,54.35,0,0,0,76,10,11,0,1,,0,0,0,0,0.0,0,0,0,0,112,3,0,0,0,0,0,0,0,0,0,0.0,0.0,0,1,0,1,0,3,42.86,0,25,16,64.0,11,22,7,7,60,51.28,35,321,435,749,141.6,1,0,1002,22,5,0,7692.0,400000.0,D,20.0,Spain
Álex Fernández,148588,Cádiz,4488,spain,2324,1310,26,14,6.74,0,1,1,0.27,1.38,28,13,37.14,119,28,54.9,280,253,520,86.09,14,46.67,16,0,0,0,82.0,1,0,4,1,29,26,0,0,12,11,46,0,0,5,0,0.0,0.0,20,18,2,0,0,,38,55.88,0,0,0,84,15,13,0,0,,0,0,0,0,0.0,0,0,0,0,133,3,0,0,0,0,0,0,0,0,0,0.0,0.0,0,2,5,2,1,4,66.67,0,19,9,47.37,13,41,6,35,52,53.06,51,356,283,604,175.3,7,0,809,16,3,0,9423.0,490000.0,F,31.0,Spain
Hannibal Mejbri,1009386,Sevilla,2833,spain,2324,107,6,1,6.74,0,0,0,0.01,0.18,0,1,50.0,17,0,0.0,27,14,40,83.33,0,0.0,2,0,0,0,6.0,2,0,0,0,0,5,0,0,6,1,13,0,0,4,0,0.0,0.0,2,2,0,0,0,,10,47.62,0,0,0,8,0,4,0,0,,0,0,0,0,0.0,0,0,0,0,22,2,0,0,0,0,0,0,0,0,0,0.0,0.0,0,0,1,1,0,3,75.0,0,3,3,100.0,4,2,4,2,10,43.48,3,35,15,48,33.7,1,0,80,4,2,0,18077.0,940000.0,F,21.0,Tunisia
Íñigo Lekue,801837,Athletic Club,2825,spain,2324,2001,27,22,6.74,0,2,2,0.17,0.87,23,7,18.92,179,40,37.38,418,413,824,80.39,15,62.5,9,0,0,0,139.0,2,0,3,7,42,27,0,0,9,26,84,0,0,15,0,0.0,3.0,23,18,5,0,0,,65,46.43,0,0,0,201,15,17,0,0,,0,0,0,0,0.0,0,0,0,0,314,4,0,0,0,0,0,0,0,0,0,0.0,0.0,0,2,3,2,0,18,41.86,0,40,22,55.0,17,56,43,37,80,48.78,107,580,482,1025,181.9,5,0,1525,7,4,0,19231.0,1000000.0,D,30.0,Spain
Edgar González,914522,Almería,2858,spain,2324,2528,31,30,6.74,2,0,2,2.34,0.31,52,1,50.0,74,62,44.29,316,832,1147,85.41,70,54.26,59,0,0,0,93.0,0,2,1,3,122,31,0,0,5,24,119,1,2,29,0,15.38,14.0,52,46,6,1,1,,59,49.58,0,0,0,196,38,7,2,3,,0,0,0,1,0.0,0,0,0,0,223,2,0,1,0,0,0,0,0,0,0,1264.0,0.0,0,12,1,9,3,7,70.0,0,45,21,46.67,7,85,10,2,129,52.02,140,437,908,1343,208.8,13,2,1704,7,5,1,23077.0,1200000.0,D,26.0,Spain
Johan Mojica,344847,Osasuna,2820,spain,2324,2041,30,22,6.73,0,3,3,1.01,3.16,30,32,27.59,212,50,38.46,448,280,696,76.99,15,51.72,14,0,0,0,168.0,6,1,7,2,32,29,0,0,10,9,79,1,1,22,0,0.0,0.0,35,32,3,0,0,,65,50.0,0,0,1,208,21,25,0,0,,0,0,0,0,0.0,0,0,0,0,417,5,0,0,0,0,0,0,0,0,0,0.0,0.0,2,8,9,9,1,17,40.48,0,30,22,73.33,25,76,42,116,80,50.31,130,665,355,904,195.3,17,0,1480,18,1,0,21154.0,1100000.0,D,31.0,Colombia
Rodri Sánchez,1031421,Real Betis,2816,spain,2324,1077,29,9,6.73,0,0,0,1.09,2.23,14,7,19.44,153,17,56.67,277,159,429,82.82,0,0.0,9,0,0,0,58.0,0,1,8,1,2,29,0,0,18,13,70,0,0,6,0,0.0,0.0,13,13,0,0,0,,70,53.44,0,0,1,89,8,15,0,4,,0,0,0,0,0.0,0,0,0,0,196,4,0,0,0,0,0,0,0,0,0,0.0,0.0,0,12,6,5,5,24,50.0,0,17,10,58.82,15,28,48,36,70,50.0,30,376,178,518,195.3,18,0,778,29,0,0,9615.0,500000.0,F,23.0,Spain
Youssouf Sabaly,111803,Real Betis,2816,spain,2324,1048,12,12,6.73,0,1,1,0.13,0.74,8,3,11.11,105,10,34.48,217,248,462,85.56,10,43.48,13,0,0,0,63.0,2,0,0,3,26,12,0,0,13,4,47,0,0,9,0,0.0,0.0,17,16,1,0,0,,34,50.0,0,0,0,78,11,4,0,0,,0,0,0,0,0.0,0,0,0,0,157,2,0,0,0,0,0,0,0,0,0,0.0,0.0,0,2,2,4,0,12,60.0,0,16,11,68.75,4,15,20,27,44,48.35,29,278,289,540,80.8,4,0,804,6,2,0,16346.0,850000.0,D,30.0,Senegal
Marcão,840951,Sevilla,2833,spain,2324,354,7,3,6.73,0,0,0,,0.05,3,0,0.0,21,4,36.36,63,112,175,89.74,6,66.67,3,0,0,0,18.0,1,0,0,0,11,6,0,0,0,4,13,0,1,5,0,0.0,0.0,8,7,1,0,0,,15,60.0,0,0,0,20,4,1,0,0,,0,0,0,0,0.0,0,0,0,0,27,0,0,0,0,0,0,0,0,0,0,0.0,0.0,0,0,0,0,0,1,50.0,0,9,6,66.67,1,8,2,0,21,61.76,11,77,118,195,40.4,0,0,249,6,2,0,84231.0,4380000.0,D,27.0,Brazil
Juanpe,129861,Girona FC,24264,spain,2324,748,17,6,6.73,0,0,0,0.19,0.04,9,0,0.0,12,19,44.19,115,384,499,91.06,21,60.0,14,0,0,0,27.0,0,0,0,1,49,15,0,0,1,1,21,1,0,5,0,0.0,6.0,15,14,1,0,0,,12,63.16,0,0,0,49,7,0,0,1,,0,0,0,0,0.0,0,0,0,0,56,1,0,0,0,0,0,0,0,0,0,0.0,0.0,0,4,0,4,0,1,50.0,0,11,8,72.73,0,20,2,1,33,61.11,43,149,400,548,101.0,4,1,654,0,4,0,11538.0,600000.0,D,32.0,Spain
Manu Bueno,1142094,Sevilla,2833,spain,2324,120,4,1,6.73,0,0,0,0.03,0.03,3,0,0.0,6,4,80.0,19,26,45,91.84,0,0.0,1,0,0,0,6.0,0,0,0,0,1,3,0,0,1,0,4,0,0,1,0,0.0,0.0,2,2,0,0,0,,7,70.0,0,0,0,4,0,2,0,0,,0,0,0,0,0.0,0,0,0,0,13,0,0,0,0,0,0,0,0,0,0,0.0,0.0,0,0,1,1,0,1,50.0,0,4,2,50.0,2,4,2,0,7,63.64,5,23,26,49,20.2,1,0,73,2,1,0,,,,,
Carlos Domínguez,1069703,Celta Vigo,2821,spain,2324,1605,22,18,6.73,0,0,0,0.28,0.26,35,1,33.33,104,54,39.71,277,401,677,79.18,36,54.55,30,0,0,0,71.0,0,0,0,3,74,22,0,0,2,14,60,0,0,15,0,0.0,0.0,29,26,3,0,0,,43,58.9,0,0,0,178,22,3,0,0,,2,0,0,0,0.0,0,0,0,0,202,0,0,0,0,0,0,0,0,0,0,0.0,0.0,0,4,1,5,0,2,100.0,0,33,21,63.64,3,76,2,3,79,56.83,136,390,468,855,148.1,5,1,1096,8,2,0,2885.0,150000.0,D,22.0,Spain
Largie Ramazani,909966,Almería,2858,spain,2324,1576,29,16,6.73,3,5,8,4.72,2.4,14,5,15.63,92,18,58.06,140,60,195,64.36,5,16.67,25,0,0,0,81.0,10,8,12,0,7,29,0,0,33,20,141,0,0,27,0,7.5,0.0,34,32,2,3,0,,67,36.61,0,0,0,108,34,26,0,9,,0,0,0,0,0.0,0,0,0,1,265,7,0,2,3,0,0,0,0,0,0,525.33,0.0,1,27,13,15,13,31,44.93,0,12,7,58.33,26,27,69,32,72,33.8,31,257,78,303,195.2,40,2,671,24,7,2,2885.0,150000.0,F,22.0,Belgium
Omar Alderete,805137,Getafe,2859,spain,2324,2194,31,24,6.73,0,1,1,1.21,0.83,100,1,20.0,128,134,37.54,296,379,674,65.06,55,53.92,47,0,0,0,108.0,2,3,6,5,109,29,0,1,5,16,101,0,0,34,0,0.0,1.0,32,29,3,0,0,,48,47.06,0,0,0,362,13,13,0,2,,0,0,0,0,0.0,0,0,0,0,396,0,0,1,0,0,0,0,0,0,0,0.0,0.0,3,15,9,13,5,9,75.0,0,28,21,75.0,13,238,12,5,103,50.49,357,589,452,1036,195.2,24,1,1350,11,8,0,23077.0,1200000.0,D,27.0,Paraguay
Cenk Özkaçar,953097,Valencia,2828,spain,2324,1604,23,18,6.73,0,0,0,0.26,0.3,34,1,16.67,69,47,36.72,202,478,679,81.71,31,49.21,32,0,0,0,70.0,0,0,2,6,79,23,0,0,3,8,59,0,1,13,0,0.0,2.0,21,19,2,0,0,,37,57.81,0,0,0,152,18,1,0,1,,1,0,0,1,0.0,0,0,0,0,174,1,0,0,0,0,0,0,0,0,0,0.0,0.0,0,6,0,1,3,3,42.86,0,26,15,57.69,1,73,7,6,68,53.54,128,302,535,831,154.8,6,0,1053,8,3,0,11346.0,590000.0,D,23.0,Turkey
Raúl de Tomás,138387,Rayo Vallecano,2818,spain,2324,1277,25,15,6.73,1,2,3,3.36,0.39,14,0,0.0,73,17,70.83,119,88,207,79.62,24,36.92,41,0,0,0,35.0,2,3,12,0,8,25,0,0,27,3,110,0,0,24,0,2.56,0.0,14,12,2,1,0,,55,44.35,0,0,1,53,1,8,0,12,,0,0,1,0,100.0,0,1,0,0,157,6,0,0,1,0,0,0,0,0,0,1277.0,0.0,3,26,13,15,12,20,51.28,0,9,5,55.56,8,19,39,9,79,41.8,24,167,102,260,168.2,39,0,504,26,5,0,59615.0,3100000.0,F,29.0,Spain
Carles Pérez,794950,Celta Vigo,2821,spain,2324,768,16,7,6.73,1,1,2,1.18,0.79,5,3,17.65,70,9,45.0,132,64,193,81.78,4,23.53,13,0,0,0,45.0,2,1,10,0,6,16,0,0,17,11,73,0,0,15,0,4.17,0.0,12,11,1,1,0,,39,39.39,0,0,1,43,5,10,1,1,,0,0,0,0,0.0,0,0,0,0,116,10,0,0,0,0,0,0,0,0,0,768.0,0.0,2,9,15,8,6,14,43.75,0,13,5,38.46,10,11,32,17,43,37.07,20,179,74,236,107.6,24,0,431,12,3,0,49231.0,2560000.0,F,25.0,Spain
Sergi Altimira,1137814,Real Betis,2816,spain,2324,572,14,6,6.73,1,0,1,0.21,0.31,10,1,100.0,54,21,70.0,138,150,287,90.82,2,33.33,4,0,0,0,41.0,0,0,4,1,10,12,0,0,9,12,38,0,0,8,0,14.29,0.0,11,9,2,0,1,,29,46.03,0,0,0,29,9,4,0,0,,0,0,0,0,0.0,0,0,0,0,53,5,0,0,1,0,0,0,0,0,0,572.0,0.0,0,2,5,1,2,6,54.55,0,15,8,53.33,4,15,11,1,31,44.93,30,151,166,316,80.7,7,0,422,8,1,0,3846.0,200000.0,M,22.0,Spain
Mihailo Ristić,363774,Celta Vigo,2821,spain,2324,807,12,9,6.73,0,0,0,0.35,0.47,14,7,17.95,103,17,27.42,185,113,291,74.81,9,56.25,7,0,0,0,67.0,0,0,4,2,20,12,0,0,8,3,41,0,0,12,0,0.0,0.0,14,14,0,0,0,,36,51.43,0,0,0,98,10,6,0,0,,0,0,0,0,0.0,0,0,0,0,179,2,0,0,0,0,0,0,0,0,0,0.0,0.0,1,4,6,2,4,7,38.89,0,15,9,60.0,6,38,18,39,45,52.33,62,271,157,389,80.7,10,0,657,14,2,0,20192.0,1050000.0,D,28.0,Serbia
Denis Suárez,138383,Villarreal,2819,spain,2324,138,4,1,6.73,0,0,0,0.09,0.61,2,2,50.0,25,3,60.0,53,25,76,85.39,0,0.0,1,0,0,0,8.0,1,0,1,0,4,4,0,0,2,2,12,0,0,4,0,0.0,0.0,5,4,1,0,0,,7,38.89,0,0,0,13,0,3,0,1,,0,0,0,0,0.0,0,0,0,0,24,1,0,0,0,0,0,0,0,0,0,0.0,0.0,0,1,0,0,0,5,62.5,0,0,0,0.0,3,4,8,4,7,36.84,5,66,27,89,26.9,1,0,123,2,0,0,60192.0,3130000.0,F,30.0,Spain
Alberto Risco,1841875,Getafe,2859,spain,2324,135,4,1,6.73,0,0,0,0.08,0.2,1,0,0.0,17,0,0.0,31,5,36,83.72,0,0.0,1,0,0,0,3.0,1,0,1,0,0,4,0,0,2,4,9,0,0,1,0,0.0,0.0,0,0,0,0,0,,5,38.46,0,0,0,7,0,4,0,0,,0,0,0,0,0.0,0,0,0,0,17,0,0,0,0,0,0,0,0,0,0,0.0,0.0,0,2,0,0,1,2,66.67,0,2,2,100.0,4,1,3,1,5,35.71,0,38,6,43,26.9,2,0,69,1,0,0,,,,,
Pejiño,925220,Las Palmas,6577,spain,2324,523,17,6,6.72,2,0,2,1.3,0.52,6,4,12.9,56,10,62.5,115,47,158,80.61,4,66.67,2,0,0,0,21.0,1,1,4,0,3,17,0,0,13,12,50,0,0,6,0,11.76,0.0,5,4,1,1,1,,31,39.24,1,0,1,38,2,9,1,0,,0,0,0,0,0.0,0,0,0,0,116,2,0,0,0,0,0,0,0,0,0,261.5,0.0,0,8,9,5,8,15,45.45,0,12,8,66.67,9,11,33,31,35,41.18,16,171,56,196,114.3,17,0,357,4,1,0,13846.0,720000.0,F,27.0,Spain
Raúl García de Haro,997280,Osasuna,2820,spain,2324,1374,35,13,6.72,6,1,7,4.91,0.81,8,0,0.0,67,6,75.0,128,61,189,64.07,50,41.32,71,0,0,0,28.0,2,7,6,0,11,35,0,0,16,8,118,0,0,13,0,18.18,0.0,24,21,3,6,0,,28,37.33,1,0,2,106,5,10,1,9,,0,0,0,0,0.0,0,0,0,0,183,8,0,0,4,0,0,0,0,0,0,229.0,0.0,0,32,1,15,12,6,31.58,0,10,4,40.0,10,8,19,6,78,39.8,8,226,75,295,235.3,33,1,492,12,4,0,24231.0,1260000.0,F,23.0,Spain
Asier Villalibre,355072,Athletic Club,2825,spain,2324,508,18,4,6.72,2,1,3,1.72,0.67,2,0,0.0,46,1,100.0,67,21,88,72.13,21,47.73,23,0,0,0,13.0,2,3,0,0,6,18,0,0,11,0,46,0,0,7,0,16.67,0.0,7,7,0,2,0,,17,42.5,1,0,0,34,0,9,1,3,,0,0,0,0,0.0,0,0,0,0,65,5,0,0,0,0,0,0,0,0,0,254.0,0.0,0,11,1,6,6,4,40.0,0,2,1,50.0,9,4,10,2,38,45.24,1,100,24,122,121.0,12,0,206,11,0,0,34038.0,1770000.0,F,26.0,Spain
Unai Gómez,1391375,Athletic Club,2825,spain,2324,890,25,9,6.72,2,0,2,1.45,0.73,6,7,33.33,76,12,75.0,142,56,191,79.92,13,46.43,15,0,0,0,45.0,1,2,5,0,9,25,0,0,22,5,66,0,0,11,0,12.5,0.0,11,9,2,2,0,,43,45.74,1,0,0,48,2,12,0,0,,0,0,0,0,0.0,0,0,0,0,112,9,0,0,1,0,0,0,0,0,0,445.0,0.0,0,12,4,3,8,11,44.0,0,12,10,83.33,12,8,25,21,56,45.9,16,194,66,239,168.0,16,0,413,20,1,0,5769.0,300000.0,F,20.0,Spain
Joseph Aidoo,796320,Celta Vigo,2821,spain,2324,416,6,4,6.72,0,0,0,0.1,0.04,8,0,0.0,11,15,44.12,40,102,142,78.45,14,58.33,10,0,0,0,22.0,0,0,1,0,27,6,0,0,2,4,19,0,0,4,0,0.0,0.0,6,6,0,0,0,,10,52.63,0,0,0,39,4,1,0,0,,0,0,0,0,0.0,0,0,0,0,43,0,0,0,0,0,0,0,0,0,0,0.0,0.0,0,2,1,2,0,2,100.0,0,8,3,37.5,1,21,2,0,24,55.81,34,65,116,181,40.3,3,0,247,0,0,0,30000.0,1560000.0,D,28.0,Ghana
Hector Fort,1402908,Barcelona,2817,spain,2324,330,7,4,6.71,0,2,2,0.01,0.46,2,1,16.67,41,6,40.0,82,98,179,88.18,0,0.0,3,0,0,0,16.0,1,0,0,0,2,7,0,0,2,6,23,0,0,8,0,0.0,0.0,2,2,0,0,0,,10,33.33,0,0,0,24,2,3,0,1,,0,0,0,0,0.0,0,0,0,0,37,1,0,0,0,0,0,0,0,0,0,0.0,0.0,0,0,1,1,0,3,42.86,0,6,5,83.33,3,7,7,6,10,30.3,15,102,107,203,47.0,1,0,259,1,0,0,,,,,
Cyle Larin,790179,Mallorca,2826,spain,2324,1829,35,20,6.71,3,2,5,9.05,0.54,5,0,0.0,71,4,80.0,119,64,183,64.66,84,44.92,103,0,0,0,42.0,2,12,10,0,17,35,0,0,34,5,186,0,0,27,0,4.35,0.0,21,19,2,3,0,,64,43.54,0,0,0,100,3,11,1,31,,0,0,0,1,0.0,0,0,0,0,227,12,0,0,2,0,0,0,0,0,0,609.67,0.0,0,60,9,33,26,14,37.84,0,17,8,47.06,11,10,37,7,148,44.31,5,206,84,283,234.9,69,0,638,34,8,0,16154.0,840000.0,F,28.0,Canada
Carlos Fernández,782396,Real Sociedad,2824,spain,2324,411,10,5,6.71,2,1,3,1.5,0.2,1,0,0.0,11,1,20.0,19,25,44,53.66,16,47.06,18,0,0,0,18.0,1,0,1,1,5,10,0,0,14,2,54,0,0,15,0,22.22,0.0,3,3,0,2,0,,17,32.08,0,0,0,38,0,1,1,2,,0,0,1,1,100.0,0,1,0,0,73,3,0,0,1,0,0,0,0,0,0,205.5,0.0,0,8,1,4,4,3,30.0,0,11,7,63.64,1,3,10,1,33,37.93,5,50,33,82,67.1,9,0,161,3,3,0,19231.0,1000000.0,F,27.0,Spain
Djené,307702,Getafe,2859,spain,2324,2490,33,30,6.71,0,0,0,0.13,0.67,28,7,23.33,129,71,42.51,374,450,817,78.56,38,55.07,31,0,0,0,175.0,0,0,2,8,68,33,0,0,13,11,106,0,0,51,0,0.0,0.0,33,30,3,0,0,,88,53.99,0,0,0,223,23,7,0,1,,0,0,0,1,0.0,0,0,0,0,300,6,0,1,0,0,0,0,0,0,0,0.0,0.0,0,2,4,3,1,18,85.71,0,34,19,55.88,7,63,21,30,126,54.31,167,555,515,1040,221.4,6,0,1430,37,12,1,60000.0,3120000.0,D,32.0,Togo
Umar Sadiq,754710,Real Sociedad,2824,spain,2324,1106,26,12,6.71,3,1,4,3.64,0.93,4,3,25.0,52,3,50.0,86,45,128,71.11,29,34.52,55,0,0,0,34.0,2,8,5,1,10,26,0,0,39,4,154,0,0,45,0,9.09,0.0,15,13,2,1,2,,65,39.63,1,0,2,52,0,10,0,27,,0,0,0,0,0.0,0,0,0,0,169,15,0,0,2,0,0,0,0,0,0,368.67,0.0,0,26,7,18,10,31,64.58,0,15,10,66.67,10,8,48,12,94,37.9,6,140,52,180,174.4,33,0,448,19,4,0,40000.0,2080000.0,F,27.0,Nigeria
Álvaro Carreras,1085081,Granada,33779,spain,2324,492,13,5,6.71,0,0,0,0.39,0.45,4,4,28.57,44,7,63.64,87,67,150,78.53,11,64.71,6,0,0,0,29.0,2,1,1,0,6,13,0,0,9,6,31,0,1,6,0,0.0,0.0,11,10,1,0,0,,30,54.55,0,0,1,41,7,7,0,1,,0,0,0,0,0.0,0,0,0,0,83,2,0,0,0,0,0,0,0,0,0,0.0,0.0,0,7,0,5,1,7,58.33,0,13,8,61.54,7,9,12,14,41,56.94,11,124,81,191,87.2,7,0,328,11,1,0,5192.0,270000.0,D,20.0,Spain
Sergio Camello,910024,Rayo Vallecano,2818,spain,2324,1676,31,20,6.71,3,1,4,4.53,1.31,4,0,0.0,103,8,42.11,174,99,273,73.58,16,28.57,40,0,0,0,60.0,2,2,12,1,15,31,0,0,26,9,122,0,0,18,0,9.09,1.0,27,24,3,3,0,,43,34.4,0,0,1,98,3,20,1,6,,0,0,0,0,0.0,0,0,0,0,219,18,0,0,2,0,0,0,0,0,0,558.67,0.0,0,25,8,8,13,16,34.04,0,16,5,31.25,20,10,47,2,59,32.6,19,253,120,371,207.9,33,1,634,11,3,0,16154.0,840000.0,F,22.0,Spain
Dani García,298920,Athletic Club,2825,spain,2324,742,17,7,6.71,1,0,1,0.77,0.21,15,0,0.0,53,12,46.15,139,139,278,84.24,7,46.67,8,0,0,0,40.0,0,1,0,2,10,17,0,0,2,12,32,0,0,11,0,16.67,0.0,11,9,2,1,0,,27,52.94,1,0,1,52,8,2,0,0,,0,0,0,0,0.0,0,0,0,0,58,3,0,0,0,0,0,0,0,0,0,742.0,0.0,0,5,1,3,3,3,100.0,0,17,11,64.71,2,30,3,0,34,51.52,26,178,152,330,114.0,6,0,416,7,4,0,53269.0,2770000.0,M,33.0,Spain
Javier Guerra,1122610,Valencia,2828,spain,2324,2502,36,28,6.71,4,1,5,2.66,1.93,34,2,8.33,171,34,34.69,362,336,696,74.12,25,43.86,32,0,0,0,177.0,2,1,13,5,40,36,0,1,52,36,193,0,0,40,0,9.52,0.0,34,32,2,2,2,,122,43.11,0,0,1,243,18,13,0,2,,0,0,0,0,0.0,0,0,0,0,410,18,0,1,4,0,0,0,0,0,0,625.5,0.0,1,11,31,15,14,38,52.05,0,54,24,44.44,13,82,73,24,147,43.24,98,556,407,939,241.4,42,0,1418,30,3,0,7692.0,400000.0,M,20.0,Spain
Iddrisu Baba,914014,Almería,2858,spain,2324,1442,25,14,6.7,0,0,0,0.72,0.44,12,2,50.0,71,34,66.67,213,330,541,83.62,30,63.83,17,0,0,0,123.0,1,2,2,1,25,25,0,0,7,22,78,1,1,29,0,0.0,0.0,38,33,5,0,0,,94,60.65,0,0,0,106,11,6,0,0,,0,0,0,1,0.0,0,0,0,0,142,4,0,0,0,0,0,0,0,0,0,0.0,0.0,0,2,6,4,2,14,82.35,0,46,26,56.52,6,35,17,4,124,61.39,51,276,375,647,167.6,8,0,880,34,5,0,15769.0,820000.0,M,28.0,Ghana
Giuliano Simeone,1099352,Deportivo Alavés,2885,spain,2324,635,14,6,6.7,1,2,3,2.4,1.17,6,3,21.43,57,1,16.67,79,35,111,72.08,2,16.67,10,0,0,1,37.0,4,3,5,1,3,13,0,0,9,12,53,0,0,11,0,6.67,0.0,5,4,1,1,0,,22,33.85,0,0,0,43,5,11,0,2,,0,0,1,0,0.0,0,0,0,1,92,8,0,0,1,0,0,0,0,0,0,635.0,0.0,0,10,5,7,3,9,42.86,0,7,5,71.43,11,9,21,14,24,31.17,6,120,48,154,87.1,15,0,277,6,1,0,9615.0,500000.0,F,21.0,Argentina
Damián Suárez,36982,Getafe,2859,spain,2324,1306,16,15,6.7,0,2,2,0.32,1.1,35,15,30.61,117,33,35.87,239,116,340,70.83,9,50.0,9,0,0,0,77.0,0,1,1,3,26,16,0,1,6,19,68,0,0,24,0,0.0,0.0,22,22,0,0,0,,57,49.14,0,0,0,140,10,17,0,0,,0,0,0,1,0.0,0,0,0,0,239,4,0,1,0,0,0,0,0,0,0,0.0,0.0,1,2,2,2,1,9,47.37,0,36,21,58.33,17,78,19,49,66,49.25,92,384,145,480,107.2,4,0,813,12,7,0,11923.0,620000.0,D,35.0,Uruguay
Borja Iglesias,785989,Real Betis,2816,spain,2324,404,11,4,6.7,0,1,1,0.58,0.71,3,0,0.0,37,3,75.0,59,24,83,83.0,6,46.15,7,0,0,0,7.0,2,1,5,0,2,11,0,0,4,3,21,0,0,7,0,0.0,0.0,6,6,0,0,0,,6,30.0,0,0,1,17,2,11,0,7,,0,0,0,1,0.0,0,0,0,0,38,1,0,0,0,0,0,0,0,0,0,0.0,0.0,0,7,3,5,0,1,50.0,0,0,0,0.0,11,5,2,1,12,36.36,4,77,24,100,73.7,10,0,151,5,2,0,30769.0,1600000.0,F,30.0,Spain
Sergio Rodelas,1526648,Granada,33779,spain,2324,122,3,2,6.7,0,1,1,0.03,0.8,0,1,25.0,6,1,100.0,12,13,24,92.31,0,0.0,2,0,0,0,7.0,2,0,2,0,0,3,0,0,1,3,10,0,0,2,0,0.0,0.0,4,4,0,0,0,,6,42.86,0,0,0,2,0,2,0,0,,0,0,0,0,0.0,0,0,0,0,18,1,0,0,0,0,0,0,0,0,0,0.0,0.0,0,0,2,0,0,2,40.0,0,3,2,66.67,2,1,5,4,6,37.5,1,17,13,26,20.1,2,0,57,1,0,0,,,,,
Cristian Rivero,914744,Valencia,2828,spain,2324,56,1,0,6.7,0,0,0,,0.0,1,0,0.0,0,2,28.57,1,8,9,64.29,1,100.0,0,0,0,0,5.0,0,0,0,0,2,1,0,0,0,0,0,0,0,0,0,0.0,3.0,1,1,0,0,0,-0.48,0,0.0,0,0,0,5,0,0,0,0,,0,0,0,0,0.0,0,0,0,0,5,0,2,0,0,0,1,1,2,0,2,0.0,0.0,0,0,0,0,0,0,0.0,0,0,0,0.0,0,2,0,0,1,100.0,7,4,10,14,6.7,0,0,22,0,0,0,8077.0,420000.0,K,25.0,Spain
Diego Hormigo,1142091,Sevilla,2833,spain,2324,36,1,0,6.7,0,0,0,,0.01,0,0,0.0,1,0,0.0,2,4,6,66.67,0,0.0,0,0,0,0,1.0,0,0,0,0,2,1,0,0,0,0,1,0,0,1,0,0.0,0.0,0,0,0,0,0,,1,50.0,0,0,0,3,0,0,0,0,,0,0,0,0,0.0,0,0,0,0,5,0,0,0,0,0,0,0,0,0,0,0.0,0.0,0,0,0,0,0,1,100.0,0,0,0,0.0,0,1,1,0,1,50.0,2,4,5,9,6.7,0,0,18,0,0,0,,,,,
Mario Martín,1154549,Real Madrid,2829,spain,2324,16,2,0,6.7,0,0,0,,0.0,1,0,0.0,1,0,0.0,4,8,12,80.0,0,0.0,0,0,0,0,2.0,0,0,0,0,0,2,0,0,0,1,2,0,0,1,0,0.0,0.0,0,0,0,0,0,,6,75.0,0,0,0,3,0,0,0,0,,0,0,0,0,0.0,0,0,0,0,5,0,0,0,0,0,0,0,0,0,0,0.0,0.0,0,0,0,0,0,0,0.0,0,5,1,20.0,0,1,0,0,6,75.0,0,5,10,15,13.4,0,0,26,1,0,0,,,,,
Fabio González,894477,Las Palmas,6577,spain,2324,121,6,1,6.7,0,0,0,,0.05,5,0,0.0,24,5,71.43,55,63,118,93.65,1,33.33,2,0,0,0,13.0,0,0,0,0,0,4,0,0,2,1,6,0,0,1,0,0.0,0.0,1,1,0,0,0,,4,50.0,0,0,0,8,0,0,0,0,,0,0,0,0,0.0,0,0,0,0,12,2,0,0,0,0,0,0,0,0,0,0.0,0.0,0,0,0,0,0,1,100.0,0,2,2,100.0,0,6,1,2,5,45.45,7,61,67,126,26.8,0,0,137,1,1,0,2308.0,120000.0,M,26.0,Spain
Jorge Herrando,944225,Osasuna,2820,spain,2324,1644,19,18,6.7,0,0,0,0.36,0.11,16,0,0.0,48,39,30.23,180,408,588,79.89,26,50.98,25,0,0,0,49.0,1,0,1,4,67,19,0,0,2,7,60,1,0,26,0,0.0,23.0,26,23,3,0,0,,41,53.95,0,0,1,148,15,2,0,0,,0,0,0,0,0.0,0,0,0,0,155,0,0,0,0,0,0,0,0,0,0,0.0,0.0,0,3,1,3,0,2,100.0,0,29,19,65.52,2,48,2,0,67,52.76,129,275,461,736,127.3,4,0,918,10,4,0,8077.0,420000.0,D,22.0,Spain
Aiham Ousou,965265,Cádiz,4488,spain,2324,429,6,5,6.7,0,0,0,0.17,0.25,5,0,0.0,12,11,37.93,40,101,141,78.77,8,53.33,7,0,0,0,26.0,0,0,1,1,15,6,0,0,0,0,11,0,0,4,0,0.0,0.0,8,8,0,0,0,,15,78.95,0,0,0,38,7,0,0,0,,0,0,0,0,0.0,0,0,0,0,42,1,0,0,0,0,0,0,0,0,0,0.0,0.0,0,2,0,1,0,1,100.0,0,8,5,62.5,0,15,1,0,23,67.65,29,58,121,179,40.2,2,0,226,6,0,0,0.0,0.0,D,24.0,Syria
Rachad Fettal,1464649,Almería,2858,spain,2324,16,1,0,6.7,0,0,0,0.08,0.0,0,0,0.0,0,0,0.0,2,2,4,80.0,1,100.0,0,0,0,0,1.0,0,0,0,0,0,1,0,0,0,0,1,0,0,1,0,0.0,0.0,0,0,0,0,0,,1,50.0,0,0,0,1,0,1,0,0,,0,0,0,0,0.0,0,0,0,0,3,0,0,0,0,0,0,0,0,0,0,0.0,0.0,0,1,0,1,0,0,0.0,0,1,1,100.0,1,0,0,0,2,66.67,0,3,2,5,6.7,1,0,9,0,0,0,,,,,
Jorge Pascual,1142260,Villarreal,2819,spain,2324,13,1,0,6.7,0,0,0,0.0,0.0,1,0,0.0,2,1,50.0,4,0,4,80.0,0,0.0,1,0,0,0,1.0,0,0,0,0,0,1,0,0,0,0,1,0,0,0,0,0.0,0.0,0,0,0,0,0,,1,100.0,0,0,0,1,0,0,0,0,,0,0,0,0,0.0,0,0,0,0,2,0,0,0,0,0,0,0,0,0,0,0.0,0.0,0,0,0,0,0,1,100.0,0,0,0,0.0,0,1,1,0,1,50.0,2,5,0,5,6.7,0,0,7,0,0,0,,,,,
Jesús Corona,123906,Sevilla,2833,spain,2324,16,2,0,6.7,0,0,0,0.0,0.01,0,0,0.0,4,0,0.0,6,3,9,75.0,0,0.0,0,0,0,0,2.0,0,0,0,0,0,1,0,0,0,0,1,0,0,1,0,0.0,0.0,0,0,0,0,0,,1,50.0,0,0,0,3,1,0,0,0,,0,0,0,0,0.0,0,0,0,0,6,0,0,0,0,0,0,0,0,0,0,0.0,0.0,0,0,0,0,0,1,100.0,0,0,0,0.0,0,1,1,2,1,50.0,1,10,4,12,6.7,0,0,18,0,0,0,,,,,
Bernardo Espinosa,139919,Girona FC,24264,spain,2324,10,2,0,6.7,0,0,0,0.0,0.0,0,0,0.0,0,0,0.0,0,7,7,87.5,1,50.0,1,0,0,0,1.0,0,0,0,0,2,1,0,0,0,0,1,0,0,0,0,0.0,0.0,0,0,0,0,0,,2,100.0,0,0,0,1,0,0,0,0,,0,0,0,0,0.0,0,0,0,0,1,0,0,0,0,0,0,0,0,0,0,0.0,0.0,0,0,0,0,0,0,0.0,0,1,1,100.0,0,0,0,0,3,75.0,1,1,7,8,6.7,0,0,12,1,0,0,9231.0,480000.0,D,34.0,Colombia
Peru Nolaskoain,910975,Athletic Club,2825,spain,2324,13,2,0,6.7,0,0,0,0.0,0.0,0,0,0.0,1,0,0.0,1,4,5,62.5,2,100.0,0,0,0,0,1.0,0,0,0,0,1,1,0,0,0,0,0,0,0,0,0,0.0,0.0,0,0,0,0,0,,1,100.0,0,0,0,3,0,0,0,0,,0,0,0,0,0.0,0,0,0,0,3,0,0,0,0,0,0,0,0,0,0,0.0,0.0,0,0,0,0,0,0,0.0,0,1,1,100.0,0,0,0,0,3,100.0,1,3,5,8,6.7,0,0,10,0,0,0,8462.0,440000.0,M,24.0,Spain
Abner Vinícius,973838,Real Betis,2816,spain,2324,1418,23,15,6.7,0,1,1,0.12,1.03,14,2,7.69,111,20,37.04,247,248,493,80.95,14,58.33,10,0,0,0,79.0,3,0,3,5,48,23,0,0,11,17,58,0,0,16,0,0.0,0.0,20,19,1,0,0,,34,41.46,0,0,0,116,15,8,0,2,,0,0,0,1,0.0,0,0,0,0,217,1,0,0,0,0,0,0,0,0,0,0.0,0.0,0,4,0,1,0,7,58.33,0,25,19,76.0,8,33,12,26,48,45.28,54,341,294,609,154.0,4,0,1000,2,3,0,19231.0,1000000.0,D,23.0,Brazil
Abderrahman Rebbach,1082968,Deportivo Alavés,2885,spain,2324,735,23,6,6.7,1,0,1,0.82,1.7,4,13,20.63,52,5,41.67,84,28,99,66.89,8,38.1,13,0,0,0,31.0,2,0,4,0,7,22,0,0,12,10,64,0,0,13,0,5.88,0.0,6,3,3,1,0,,28,35.44,0,0,1,49,3,18,0,3,,0,0,0,0,0.0,0,0,0,0,158,5,0,0,1,0,0,0,0,0,0,735.0,0.0,1,9,8,9,4,10,38.46,0,9,5,55.56,18,8,26,63,36,36.0,12,170,41,148,147.3,17,0,375,10,1,0,14038.0,730000.0,F,25.0,Algeria
Ramón Terrats,1088565,Villarreal,2819,spain,2324,801,19,6,6.69,0,2,2,0.37,1.2,8,3,10.71,89,14,56.0,211,147,355,86.37,5,50.0,5,0,0,0,45.0,2,0,3,0,6,18,0,0,11,8,47,0,0,15,0,0.0,0.0,18,17,1,0,0,,44,51.16,0,0,0,56,3,8,0,1,,0,0,0,1,0.0,0,0,0,0,122,6,0,0,0,0,0,0,0,0,0,0.0,0.0,0,3,5,4,1,11,55.0,0,17,13,76.47,8,13,20,28,49,51.04,25,268,171,411,120.5,8,0,595,16,4,0,3846.0,200000.0,M,23.0,Spain
Rafa Mir,825754,Sevilla,2833,spain,2324,404,15,3,6.69,2,0,2,1.43,0.09,1,1,50.0,21,1,25.0,36,25,60,70.59,12,38.71,19,0,0,0,12.0,0,1,4,0,1,15,0,0,3,1,34,0,0,9,0,13.33,0.0,4,4,0,1,1,,9,37.5,0,0,0,25,1,5,0,3,,0,0,0,0,0.0,0,0,0,0,43,0,0,0,1,0,0,0,0,0,0,202.0,0.0,0,9,6,4,7,2,40.0,0,2,2,100.0,5,1,5,2,21,38.18,4,55,32,85,100.4,15,0,147,5,1,0,36538.0,1900000.0,F,26.0,Spain
Peter González,1048927,Valencia,2828,spain,2324,646,15,5,6.69,0,0,0,1.71,0.53,2,5,27.78,42,3,42.86,69,31,95,69.85,10,50.0,10,0,0,0,27.0,2,3,3,0,9,15,0,0,7,9,50,0,0,11,0,0.0,0.0,11,10,1,0,0,,29,42.03,0,0,0,41,7,7,0,1,,0,0,0,0,0.0,0,0,0,1,101,3,0,0,0,0,0,0,0,0,0,0.0,0.0,0,11,6,8,6,13,48.15,0,5,3,60.0,7,5,27,18,39,43.82,7,116,38,136,100.4,17,0,301,11,1,0,4808.0,250000.0,F,21.0,Dominican Republic
Abdessamad Ezzalzouli,1011375,Real Betis,2816,spain,2324,937,28,6,6.69,1,0,1,3.2,0.51,4,2,5.0,98,5,38.46,168,79,245,72.27,24,48.98,25,0,0,1,46.0,0,6,10,0,5,26,0,0,33,11,104,0,0,10,0,2.63,0.0,9,6,3,1,0,,60,43.17,0,0,2,94,5,6,0,4,,0,0,1,0,0.0,0,0,0,0,233,3,0,0,1,0,0,0,0,0,0,937.0,0.0,0,24,14,18,10,23,47.92,0,18,15,83.33,6,15,48,40,84,44.68,13,273,106,339,174.0,38,0,644,19,1,0,15385.0,800000.0,F,22.0,Morocco
Luka Romero,1032022,Almería,2858,spain,2324,440,13,5,6.69,3,0,3,1.29,0.12,3,1,50.0,40,1,50.0,89,47,135,93.1,2,25.0,6,0,0,0,22.0,0,2,1,0,2,12,0,0,9,2,33,0,1,8,0,37.5,0.0,7,7,0,2,1,,23,46.0,0,0,1,10,1,2,3,0,,0,0,0,0,0.0,0,0,0,0,50,3,0,0,0,0,0,0,0,0,0,146.67,0.0,0,5,3,4,3,7,46.67,0,5,1,20.0,2,5,15,2,25,43.1,2,95,52,145,80.3,8,0,252,11,2,0,32115.0,1670000.0,F,19.0,Argentina
Samu Aghehowa,1503836,Deportivo Alavés,2885,spain,2324,2003,35,22,6.69,9,1,10,11.48,0.61,4,0,0.0,66,8,66.67,130,109,239,72.21,63,39.87,95,0,0,0,48.0,2,19,10,0,14,35,0,0,36,4,194,0,0,31,0,13.43,0.0,30,25,5,8,1,,60,37.74,3,0,2,92,1,18,3,16,,0,0,0,0,0.0,0,0,0,1,259,11,0,0,3,0,0,0,0,0,0,222.56,0.0,0,55,12,30,27,22,40.0,0,7,4,57.14,18,8,55,2,123,38.8,12,212,121,331,234.2,67,2,714,33,6,0,7115.0,370000.0,F,19.0,Spain
Jaume Costa,44577,Mallorca,2826,spain,2324,1686,30,19,6.69,0,1,1,0.33,1.24,27,15,23.81,110,27,36.99,237,230,452,77.26,15,48.39,16,0,0,0,78.0,0,0,1,2,32,30,0,0,5,11,66,0,0,25,0,0.0,0.0,26,23,3,0,0,,66,56.9,0,0,0,133,16,19,0,2,,0,0,0,0,0.0,0,0,0,0,247,4,0,0,0,0,0,0,0,0,0,0.0,0.0,0,5,1,3,2,8,47.06,0,38,22,57.89,19,66,17,63,81,55.1,73,381,267,585,200.7,6,0,1026,22,7,0,8077.0,420000.0,D,35.0,Spain
Eric Bailly,606346,Villarreal,2819,spain,2324,838,10,9,6.69,0,0,0,0.23,0.04,12,0,0.0,15,19,54.29,88,249,337,87.99,16,69.57,7,0,0,0,51.0,0,0,1,1,37,10,0,0,3,0,16,0,2,6,0,0.0,12.0,18,18,0,0,0,,16,64.0,0,0,0,46,9,0,0,0,,1,0,0,0,0.0,0,0,0,0,56,1,0,0,0,0,0,0,0,0,0,0.0,0.0,0,2,0,1,0,7,100.0,0,5,3,60.0,0,20,7,0,32,66.67,35,107,276,383,66.9,2,0,477,5,4,0,60192.0,3130000.0,D,29.0,Cote d'Ivoire
Adnan Januzaj,328145,Sevilla,2833,spain,2324,195,8,0,6.69,0,0,0,0.6,0.17,5,3,37.5,26,5,62.5,50,17,64,83.12,3,75.0,1,0,0,0,9.0,0,1,0,0,0,8,0,0,1,1,10,0,0,3,0,0.0,0.0,3,3,0,0,0,,17,65.38,0,0,0,13,1,2,0,0,,0,0,0,0,0.0,0,0,0,0,33,0,0,0,0,0,0,0,0,0,0,0.0,0.0,0,4,2,5,1,5,55.56,0,3,3,100.0,2,9,9,8,20,66.67,8,68,17,77,53.5,6,0,135,9,0,0,100192.0,5210000.0,F,28.0,Belgium
Luca De La Torre,846492,Celta Vigo,2821,spain,2324,1956,31,22,6.69,1,4,5,2.45,1.49,11,1,5.88,249,7,41.18,423,197,619,83.31,14,27.45,37,0,0,0,107.0,2,2,10,2,16,30,0,0,28,21,145,0,0,40,0,4.17,0.0,31,28,3,1,0,,69,38.98,0,0,1,124,12,17,1,4,,0,0,0,0,0.0,0,0,0,0,234,13,0,1,0,0,0,0,0,0,0,1956.0,0.0,0,16,8,6,8,11,36.67,0,39,21,53.85,17,22,30,17,83,36.4,17,533,227,743,200.6,24,0,1038,19,2,1,5192.0,270000.0,M,25.0,United States
Antonio Sánchez,949722,Mallorca,2826,spain,2324,1476,29,21,6.69,3,1,4,2.53,1.76,21,10,27.78,115,21,37.5,210,160,360,73.47,7,26.92,19,0,0,0,115.0,1,3,7,0,9,29,0,0,27,21,104,0,0,26,0,13.04,0.0,18,16,2,2,1,,52,37.96,0,0,1,130,13,12,1,1,,0,0,0,0,0.0,0,0,0,0,247,11,0,0,2,0,0,0,0,0,0,492.0,0.0,0,10,13,7,9,14,53.85,0,25,11,44.0,12,39,26,36,59,36.2,56,318,208,490,193.9,23,0,789,13,3,0,28077.0,1460000.0,M,26.0,Spain
Maximiliano Gómez,805245,Cádiz,4488,spain,2324,1174,31,12,6.68,0,0,0,1.6,0.49,2,2,10.0,61,4,44.44,104,28,130,55.79,72,50.7,70,0,0,0,15.0,1,2,4,0,3,31,0,0,20,2,114,0,0,20,0,0.0,0.0,21,19,2,0,0,,41,48.24,0,0,1,103,3,10,0,13,,0,0,0,0,0.0,0,0,0,0,181,5,0,0,0,0,0,0,0,0,0,0.0,0.0,1,14,2,6,6,4,44.44,0,6,4,66.67,10,7,9,20,113,49.78,9,215,38,233,207.2,16,0,417,32,2,0,70192.0,3650000.0,F,27.0,Uruguay
Theo Corbeanu,1121430,Granada,33779,spain,2324,196,9,2,6.68,1,0,1,0.31,0.15,2,4,33.33,13,1,25.0,25,12,33,68.75,4,80.0,1,0,0,0,13.0,0,0,1,0,1,6,0,0,1,2,12,0,0,2,0,20.0,0.0,4,4,0,1,0,,8,42.11,0,0,0,15,3,0,1,0,,0,0,0,0,0.0,0,0,0,0,35,2,0,0,0,0,0,0,0,0,0,196.0,0.0,1,2,3,2,2,2,25.0,0,5,2,40.0,0,5,8,12,12,50.0,4,44,16,48,40.1,5,0,98,1,2,0,9615.0,500000.0,F,21.0,Canada
Saúl Coco,1089453,Las Palmas,6577,spain,2324,2293,30,26,6.68,1,0,1,1.05,0.16,31,0,0.0,57,44,41.12,368,887,1255,88.88,58,60.42,38,0,0,0,104.0,0,0,5,4,116,29,0,1,9,7,74,1,2,19,1,5.0,4.0,33,31,2,0,1,,59,62.11,0,0,0,157,20,1,0,0,,1,0,0,0,0.0,0,0,0,0,188,0,0,1,1,0,0,0,0,0,0,2293.0,12.5,8,7,13,11,4,3,50.0,0,32,19,59.38,1,64,6,1,117,61.26,107,459,954,1412,193.8,20,1,1744,24,6,0,3269.0,170000.0,D,24.0,Equatorial Guinea
Pablo Ibáñez,1084381,Osasuna,2820,spain,2324,1173,33,12,6.68,1,2,3,2.29,1.13,13,3,25.0,144,13,48.15,231,108,336,77.6,39,50.65,38,0,0,0,74.0,3,2,6,0,16,32,0,0,10,16,110,0,0,26,0,3.7,0.0,20,20,0,1,0,,39,35.14,0,0,0,97,9,12,1,2,,0,0,0,0,0.0,0,0,0,1,160,13,0,0,0,0,0,0,0,0,0,1173.0,0.0,0,18,9,14,7,8,27.59,0,18,9,50.0,12,21,29,12,78,41.49,27,322,123,433,213.8,27,0,654,16,5,0,3462.0,180000.0,M,25.0,Spain
Selim Amallah,801211,Valencia,2828,spain,2324,633,20,7,6.68,0,1,1,0.42,0.35,7,0,0.0,53,5,62.5,86,34,120,75.0,12,41.38,17,0,0,0,36.0,1,1,3,0,5,19,0,0,15,6,69,0,0,21,0,0.0,0.0,6,6,0,0,0,,58,52.73,0,0,0,40,11,4,0,1,,0,0,0,0,0.0,0,0,0,0,106,11,0,1,0,0,0,0,0,0,0,0.0,0.0,0,4,7,3,5,18,54.55,0,17,12,70.59,4,15,33,4,70,50.36,8,117,47,160,126.9,11,0,344,24,3,1,8846.0,460000.0,F,27.0,Morocco
Lucas Pires,1136896,Cádiz,4488,spain,2324,1545,28,15,6.68,1,0,1,0.78,2.03,17,25,34.72,100,28,38.36,261,218,454,77.74,11,31.43,24,0,0,0,92.0,3,0,1,3,41,28,0,0,18,23,90,0,0,12,0,9.09,0.0,33,30,3,1,0,,68,50.75,0,0,0,130,17,22,1,2,,0,0,0,0,0.0,0,0,0,0,268,6,0,0,0,0,0,0,0,0,0,1545.0,0.0,3,4,7,6,4,15,51.72,0,47,27,57.45,22,42,29,72,79,46.75,73,400,256,584,187.0,11,0,1070,6,6,0,5385.0,280000.0,D,22.0,Brazil
Pablo Torre,1082981,Girona FC,24264,spain,2324,709,26,4,6.68,0,2,2,0.76,1.46,18,0,0.0,126,17,65.38,223,133,356,84.76,0,0.0,7,0,0,0,42.0,0,1,8,0,3,23,0,0,13,6,44,0,1,8,0,0.0,0.0,10,10,0,0,0,,32,46.38,0,0,0,64,4,12,0,0,,0,1,0,0,0.0,0,0,0,0,115,3,0,0,0,0,0,0,0,0,0,0.0,0.0,0,5,8,4,1,6,37.5,0,5,2,40.0,11,30,16,7,32,42.11,26,282,145,420,153.6,13,0,557,21,1,0,4038.0,210000.0,M,20.0,Spain
Mariano Díaz,175753,Sevilla,2833,spain,2324,259,9,2,6.68,0,0,0,1.23,0.1,1,1,100.0,12,1,33.33,21,15,35,68.63,9,50.0,9,0,0,0,8.0,0,1,1,0,2,9,0,0,6,1,24,0,0,8,0,0.0,0.0,7,7,0,0,0,,3,16.67,0,0,0,16,0,2,0,3,,0,0,0,0,0.0,0,0,0,1,32,3,0,0,0,0,0,0,0,0,0,0.0,0.0,0,12,2,11,2,1,50.0,0,1,1,100.0,2,6,2,1,12,33.33,3,35,17,51,60.1,14,0,95,1,1,0,100192.0,5210000.0,F,30.0,Dominican Republic
José Luis Morales,344129,Villarreal,2819,spain,2324,1067,29,8,6.68,7,0,7,5.55,0.83,6,1,10.0,50,9,64.29,91,63,153,76.12,2,14.29,12,0,0,0,38.0,1,3,7,0,3,29,0,0,13,10,60,0,0,3,0,26.92,0.0,25,24,1,7,0,,18,27.27,0,0,0,48,7,5,3,13,,0,1,0,0,0.0,0,0,0,0,126,3,0,0,4,0,0,0,0,0,0,152.43,0.0,0,23,3,7,12,9,29.03,0,5,3,60.0,4,10,31,10,20,25.0,14,132,79,201,193.6,26,1,360,4,0,0,28846.0,1500000.0,F,36.0,Spain
Malcom Ares,1391487,Athletic Club,2825,spain,2324,272,12,2,6.68,0,0,0,0.1,0.07,1,0,0.0,26,3,75.0,46,33,79,84.95,2,40.0,3,0,0,0,15.0,0,0,2,0,0,12,0,0,4,1,20,0,0,5,0,0.0,0.0,3,3,0,0,0,,34,66.67,0,0,0,14,1,1,0,1,,0,0,0,0,0.0,0,0,0,0,45,0,0,0,0,0,0,0,0,0,0,0.0,0.0,0,2,2,2,0,15,68.18,0,8,4,50.0,1,2,22,11,36,64.29,4,69,35,93,80.1,4,0,172,12,2,0,,,,,
Fabrizio Angileri,311462,Getafe,2859,spain,2324,184,11,2,6.68,0,0,0,0.0,0.86,2,4,50.0,16,6,46.15,35,28,59,66.29,6,54.55,5,0,0,0,15.0,3,0,0,0,8,8,0,1,0,2,9,0,0,1,0,0.0,0.0,4,3,1,0,0,,4,50.0,0,0,0,30,4,4,0,0,,0,0,0,0,0.0,0,0,0,0,37,1,0,1,0,0,0,0,0,0,0,0.0,0.0,0,0,0,0,0,2,66.67,0,1,1,100.0,4,7,3,8,10,52.63,13,64,33,89,53.4,0,0,125,1,2,0,11538.0,600000.0,D,29.0,Argentina
Sergi Guardiola,141945,Cádiz,4488,spain,2324,505,22,1,6.67,1,1,2,1.82,0.84,11,2,11.76,54,6,42.86,97,50,145,75.92,5,27.78,13,0,0,0,27.0,3,4,4,0,4,22,0,0,10,5,49,0,0,18,0,7.14,0.0,7,6,1,1,0,,39,52.0,0,0,0,46,0,4,1,3,,0,0,0,0,0.0,0,0,0,0,89,5,0,0,0,0,0,0,0,0,0,505.0,0.0,0,8,6,5,5,7,53.85,0,10,7,70.0,4,21,13,17,44,47.31,14,152,56,191,146.8,14,0,319,22,1,0,7500.0,390000.0,F,32.0,Spain
Jon Aramburu,1116388,Real Sociedad,2824,spain,2324,541,11,5,6.67,0,0,0,0.14,0.1,1,1,14.29,55,7,38.89,114,98,211,82.42,7,50.0,7,0,0,0,24.0,0,0,2,1,15,11,0,0,6,10,38,0,0,11,0,0.0,0.0,8,8,0,0,0,,31,50.0,0,0,0,45,7,0,0,0,,0,0,0,0,0.0,0,0,0,0,83,0,0,0,0,0,0,0,0,0,0,0.0,0.0,0,1,3,2,0,2,33.33,0,24,15,62.5,0,6,6,7,38,50.0,18,155,108,256,73.4,4,0,415,5,3,0,,,,,
Cristian Herrera,362032,Las Palmas,6577,spain,2324,180,8,1,6.67,1,0,1,0.87,0.14,0,0,0.0,25,1,100.0,60,31,91,91.92,0,0.0,2,0,0,0,9.0,0,0,0,0,2,7,0,0,2,1,8,0,0,3,0,100.0,0.0,4,3,1,1,0,,5,45.45,0,0,0,8,0,1,1,2,,0,0,0,0,0.0,0,0,0,0,20,1,0,0,0,0,0,0,0,0,0,180.0,0.0,0,1,0,0,1,1,50.0,0,1,1,100.0,1,0,2,1,5,38.46,1,66,34,99,46.7,1,0,125,3,1,0,6731.0,350000.0,F,32.0,Spain
Marvin Park,960401,Las Palmas,6577,spain,2324,1852,31,17,6.67,0,2,2,0.96,2.05,3,8,8.79,140,7,35.0,298,219,509,79.78,15,26.79,41,0,0,0,101.0,4,2,4,0,14,31,0,0,23,18,138,0,1,39,0,0.0,0.0,25,23,2,0,0,,84,46.41,0,0,0,129,14,13,0,4,,0,0,0,1,0.0,0,0,0,0,316,8,0,0,0,0,0,0,0,0,0,0.0,0.0,0,9,5,7,3,19,47.5,0,39,25,64.1,13,9,40,91,99,41.77,20,470,259,638,206.8,14,0,1086,26,5,0,4231.0,220000.0,F,23.0,Spain
Jon Ander Olasagasti,1010383,Real Sociedad,2824,spain,2324,370,14,2,6.67,0,0,0,0.85,0.19,4,0,0.0,40,4,33.33,70,57,127,75.6,7,41.18,10,0,0,0,36.0,0,2,3,0,5,13,0,0,6,3,29,0,1,7,0,0.0,0.0,8,7,1,0,0,,29,60.42,0,0,0,41,3,6,0,1,,0,0,0,0,0.0,0,0,0,0,61,7,0,0,0,0,0,0,0,0,0,0.0,0.0,0,8,1,6,0,7,70.0,0,16,13,81.25,6,11,10,1,36,55.38,12,104,65,168,86.7,9,0,252,7,3,0,5769.0,300000.0,M,23.0,Spain
Manu Trigueros,153966,Villarreal,2819,spain,2324,342,14,2,6.67,0,0,0,0.46,0.24,5,1,20.0,47,7,70.0,82,58,139,86.88,4,80.0,1,0,0,0,15.0,0,1,0,0,9,13,0,0,4,6,17,0,0,5,0,0.0,0.0,5,4,1,0,0,,10,38.46,0,0,0,21,3,5,0,1,,0,0,0,0,0.0,0,0,0,0,37,1,0,0,0,0,0,0,0,0,0,0.0,0.0,0,3,3,3,3,0,0.0,0,7,5,71.43,5,9,1,5,14,45.16,10,102,63,160,86.7,6,0,212,3,0,0,23077.0,1200000.0,M,32.0,Spain
Rubén Sobrino,329563,Cádiz,4488,spain,2324,1648,32,18,6.67,0,1,1,1.79,1.72,11,6,27.27,128,7,33.33,237,147,378,76.06,22,47.83,24,0,0,0,112.0,3,2,9,0,14,32,0,1,28,29,147,0,0,46,0,0.0,0.0,24,23,1,0,0,,99,44.59,0,0,0,119,16,22,0,7,,0,0,0,0,0.0,0,0,0,0,233,11,0,1,0,0,0,0,0,0,0,0.0,0.0,0,12,9,9,3,16,41.03,0,52,28,53.85,22,24,39,22,121,45.15,21,340,179,497,213.4,21,1,850,31,8,0,15385.0,800000.0,F,31.0,Spain
Bebé,124950,Rayo Vallecano,2818,spain,2324,253,19,0,6.67,2,0,2,1.45,0.53,1,6,21.43,21,5,41.67,44,11,49,72.06,1,20.0,4,0,0,0,12.0,0,1,5,0,0,19,0,0,3,4,20,0,0,0,0,12.5,0.0,2,2,0,1,1,,16,50.0,0,0,0,19,0,3,0,3,,0,0,1,0,100.0,0,1,0,0,66,2,0,0,2,0,0,0,0,0,0,126.5,0.0,3,3,13,6,5,12,57.14,0,2,2,100.0,3,5,21,28,17,45.95,12,82,14,68,126.7,16,0,165,2,1,0,5385.0,280000.0,F,33.0,Cape Verde
Valery Fernández,962378,Girona FC,24264,spain,2324,527,27,2,6.67,2,0,2,0.69,0.54,0,3,23.08,66,1,50.0,108,72,177,89.39,2,40.0,3,0,0,0,30.0,1,1,0,0,3,25,0,0,8,2,24,0,0,6,0,40.0,0.0,10,10,0,1,1,,31,59.62,0,0,0,21,1,6,0,3,,0,1,0,0,0.0,0,0,0,0,62,1,0,0,2,0,0,0,0,0,0,263.5,0.0,0,3,2,3,2,7,53.85,0,11,9,81.82,5,2,13,13,33,57.89,2,133,78,198,166.7,5,0,308,13,1,0,6923.0,360000.0,F,24.0,Spain
Darwin Machís,252863,Cádiz,4488,spain,2324,799,21,10,6.67,4,0,4,1.42,1.14,10,15,23.44,49,15,50.0,123,49,157,71.69,4,26.67,11,0,0,0,53.0,0,0,5,0,2,21,0,1,11,11,51,0,0,12,0,19.05,0.0,13,13,0,2,2,,42,51.22,0,0,0,62,4,11,1,2,,0,0,1,0,100.0,0,1,0,0,156,6,0,1,3,0,0,0,0,0,0,199.75,0.0,1,8,13,6,10,6,40.0,0,23,14,60.87,11,21,15,64,46,47.42,30,219,64,219,140.0,21,1,429,14,0,0,27885.0,1450000.0,F,30.0,Venezuela
Jorge de Frutos,900003,Rayo Vallecano,2818,spain,2324,1573,36,14,6.67,2,0,2,2.56,1.17,7,17,32.08,141,4,33.33,231,106,320,76.37,16,47.06,18,0,0,0,81.0,2,5,6,1,14,36,0,0,15,15,88,0,0,15,0,6.9,0.0,21,20,1,2,0,,57,44.88,0,0,1,99,7,17,1,4,,0,0,0,0,0.0,0,0,0,0,216,9,0,0,1,0,0,0,0,0,0,786.5,0.0,0,19,10,12,11,15,37.5,0,19,8,42.11,17,12,40,53,73,45.34,12,343,129,419,240.0,29,0,723,25,1,0,36154.0,1880000.0,F,26.0,Spain
Alberto Mari,990232,Valencia,2828,spain,2324,299,16,2,6.67,1,1,2,1.97,0.87,0,1,50.0,19,1,100.0,29,9,37,62.71,8,28.57,20,0,0,0,10.0,1,2,2,0,5,15,0,0,3,0,35,0,0,10,0,14.29,0.0,8,7,1,1,0,,13,46.43,0,0,0,22,0,6,0,2,,0,0,1,0,100.0,0,1,0,1,39,1,0,0,1,0,0,0,0,0,0,299.0,0.0,0,6,1,2,3,3,60.0,0,4,2,50.0,6,1,5,2,21,37.5,1,45,16,59,100.0,7,0,114,6,0,0,8077.0,420000.0,F,22.0,Spain
Imanol García de Albéniz,1009662,Athletic Club,2825,spain,2324,523,9,5,6.67,0,0,0,0.01,0.29,7,7,33.33,59,8,44.44,109,115,217,83.46,10,71.43,4,0,0,0,37.0,0,0,1,1,11,9,0,0,3,13,26,0,0,5,0,0.0,0.0,7,5,2,0,0,,13,37.14,0,0,0,43,7,2,0,0,,0,0,0,0,0.0,0,0,0,0,72,2,0,0,0,0,0,0,0,0,0,0.0,0.0,0,0,1,0,0,4,80.0,0,7,5,71.43,2,11,5,21,23,46.94,18,149,132,260,60.0,1,0,407,2,2,0,4038.0,210000.0,D,23.0,Spain
José Callejón,40965,Granada,33779,spain,2324,809,25,7,6.66,0,1,1,1.33,1.39,23,11,32.35,81,24,57.14,150,124,263,82.45,8,42.11,11,0,0,0,48.0,2,2,3,0,10,25,0,0,6,14,45,0,0,11,0,0.0,0.0,21,17,4,0,0,,36,51.43,0,0,0,56,5,16,0,3,,0,0,0,0,0.0,0,0,0,0,104,4,0,0,0,0,0,0,0,0,0,0.0,0.0,1,10,2,5,4,3,42.86,0,13,6,46.15,16,38,7,34,44,49.44,42,211,142,319,166.6,12,0,476,21,2,0,28846.0,1500000.0,F,36.0,Spain
Carlos Neva,914178,Granada,33779,spain,2324,3152,36,36,6.66,0,2,2,0.11,1.37,54,21,25.3,152,66,35.68,393,592,964,76.27,28,47.46,31,0,0,0,135.0,7,0,2,3,88,36,0,0,12,23,97,0,2,22,0,0.0,0.0,66,61,5,0,0,,82,55.41,0,0,0,300,30,20,0,0,,0,0,0,0,0.0,0,0,0,0,465,3,0,0,0,0,0,0,0,0,0,0.0,0.0,0,3,1,2,0,7,41.18,0,32,21,65.63,20,132,17,83,110,53.14,185,615,732,1264,239.9,4,2,2088,44,4,0,7308.0,380000.0,D,27.0,Spain
Ricard Sánchez,986726,Granada,33779,spain,2324,2312,33,25,6.66,3,0,3,0.95,2.74,40,21,25.61,166,51,49.51,325,285,589,75.71,19,51.35,18,0,0,0,97.0,1,1,5,0,44,33,0,0,15,12,84,0,0,27,0,21.43,0.0,55,48,7,3,0,,69,51.11,0,0,0,189,13,22,0,5,,0,0,0,1,0.0,0,0,0,0,344,9,0,0,3,0,0,0,0,0,0,770.67,0.0,0,9,5,4,5,19,59.38,0,29,18,62.07,22,83,32,82,88,51.16,103,523,337,778,219.9,14,0,1407,21,8,0,4808.0,250000.0,D,23.0,Spain
Kamil Jóźwiak,814820,Granada,33779,spain,2324,591,11,7,6.66,0,1,1,0.12,0.65,2,1,16.67,49,2,22.22,73,53,125,73.1,14,48.28,15,0,0,0,34.0,3,0,3,0,5,11,0,0,10,8,52,0,0,13,0,0.0,0.0,9,9,0,0,0,,33,47.14,0,0,0,46,2,5,0,2,,0,0,0,0,0.0,0,0,0,0,83,3,0,0,0,0,0,0,0,0,0,0.0,0.0,0,2,2,0,1,8,57.14,0,13,10,76.92,5,5,14,6,47,47.47,9,112,65,171,73.3,4,0,268,12,2,0,19615.0,1020000.0,F,25.0,Poland
Omar Mascarell,255999,Mallorca,2826,spain,2324,1578,29,18,6.66,0,0,0,0.44,0.23,33,1,25.0,98,52,50.98,278,359,636,82.17,31,54.39,26,0,0,0,103.0,0,0,2,3,29,29,0,0,8,17,79,0,1,31,0,0.0,0.0,21,17,4,0,0,,54,50.47,0,0,0,138,31,3,0,0,,1,0,0,0,0.0,0,0,0,0,156,2,0,0,0,0,0,0,0,0,0,0.0,0.0,0,1,5,4,0,8,88.89,0,33,16,48.48,3,60,9,4,85,51.83,102,375,403,774,193.2,6,0,978,14,7,0,16154.0,840000.0,M,31.0,Spain
Omenuke Mfulu,552668,Las Palmas,6577,spain,2324,92,5,1,6.66,0,0,0,0.0,0.02,0,0,0.0,8,0,0.0,26,27,53,88.33,3,42.86,4,0,0,0,7.0,0,0,0,0,5,5,0,0,0,1,5,0,0,0,0,0.0,0.0,3,3,0,0,0,,7,87.5,0,0,0,7,2,0,0,0,,0,0,0,0,0.0,0,0,0,0,9,1,0,0,0,0,0,0,0,0,0,0.0,0.0,0,0,0,0,0,1,100.0,0,4,3,75.0,0,0,1,0,10,66.67,4,31,29,60,33.3,0,0,81,2,1,0,6923.0,360000.0,M,29.0,Democratic Republic of the Congo
Nacho Vidal,844752,Mallorca,2826,spain,2324,529,15,5,6.66,1,0,1,1.34,0.31,7,4,26.67,28,4,18.18,92,59,147,75.0,15,57.69,11,0,0,0,21.0,0,2,2,0,15,14,0,0,4,10,42,0,0,9,0,9.09,0.0,6,6,0,1,0,,24,43.64,0,0,0,49,3,4,1,0,,0,0,0,0,0.0,0,0,0,0,85,1,0,0,0,0,0,0,0,0,0,529.0,0.0,0,10,1,5,4,3,25.0,0,17,9,52.94,4,16,12,15,39,48.15,22,136,75,196,93.2,11,0,337,4,2,0,16731.0,870000.0,D,29.0,Spain
Javi Llabrés,1162309,Mallorca,2826,spain,2324,276,16,1,6.65,1,0,1,0.69,0.33,1,6,30.0,15,2,28.57,43,20,57,75.0,2,40.0,3,0,0,0,15.0,0,1,3,0,2,15,0,0,7,1,19,0,0,5,0,11.11,0.0,3,3,0,1,0,,9,36.0,0,0,0,19,3,5,0,0,,0,0,0,0,0.0,0,0,0,0,55,2,0,0,1,0,0,0,0,0,0,276.0,0.0,0,5,4,2,4,5,62.5,0,3,1,33.33,5,2,8,20,11,36.67,7,72,24,76,99.8,9,0,156,1,1,0,5192.0,270000.0,F,21.0,Spain
César Montes,818406,Almería,2858,spain,2324,1792,21,21,6.65,0,0,0,0.7,0.39,44,2,66.67,61,57,32.39,202,548,748,77.67,60,68.18,28,0,0,0,64.0,0,0,5,4,94,21,0,0,1,9,56,0,0,22,0,0.0,3.0,40,38,2,0,0,,35,55.56,0,0,0,215,11,4,0,2,,0,0,0,0,0.0,0,0,0,0,231,0,0,0,0,0,0,0,0,0,0,0.0,0.0,0,13,0,6,2,3,100.0,0,22,13,59.09,4,97,3,3,95,62.91,176,356,610,963,139.7,13,0,1182,11,5,0,21154.0,1100000.0,D,26.0,Mexico
Faitout Maouassa,801287,Granada,33779,spain,2324,252,6,2,6.65,0,1,1,0.16,0.41,2,3,15.0,9,2,25.0,22,19,38,65.52,3,75.0,1,0,0,0,11.0,1,0,2,0,3,6,0,0,1,1,8,0,0,3,0,0.0,0.0,8,6,2,0,0,,12,63.16,0,0,0,20,1,5,0,0,,0,0,0,0,0.0,0,0,0,0,48,0,0,0,0,0,0,0,0,0,0,0.0,0.0,0,3,2,3,0,1,33.33,0,8,5,62.5,5,2,3,20,15,65.22,8,51,27,58,39.9,5,0,134,3,0,0,8077.0,420000.0,D,25.0,France
Unai Marrero,1094782,Real Sociedad,2824,spain,2324,141,2,1,6.65,0,0,0,,0.05,0,0,0.0,3,10,37.04,11,12,23,57.5,0,0.0,0,0,0,0,10.0,0,0,0,0,0,2,1,0,0,0,0,0,0,0,0,0.0,8.0,3,3,0,0,0,-0.14,0,0.0,0,1,0,17,0,0,0,0,,0,0,0,0,0.0,1,0,0,0,17,0,0,0,0,2,2,0,3,0,0,0.0,0.0,0,0,0,0,0,0,0.0,2,0,0,0.0,0,1,0,0,0,0.0,27,27,13,40,13.3,0,0,49,0,0,0,3462.0,180000.0,K,22.0,Spain
Xeber Alkain,1010409,Deportivo Alavés,2885,spain,2324,319,10,3,6.65,0,0,0,0.37,0.5,3,3,21.43,32,3,42.86,51,15,63,75.0,2,28.57,5,0,0,0,19.0,1,1,1,0,2,8,0,0,3,4,25,0,0,9,0,0.0,0.0,7,6,1,0,0,,8,28.57,0,0,0,21,1,6,0,1,,0,0,0,0,0.0,0,0,0,0,47,6,0,0,0,0,0,0,0,0,0,0.0,0.0,0,4,1,4,0,3,42.86,0,5,5,100.0,6,4,7,14,10,28.57,7,76,22,84,53.2,5,0,140,0,1,0,12692.0,660000.0,F,26.0,Spain
Álvaro Negredo,27838,Cádiz,4488,spain,2324,71,7,0,6.65,0,0,0,0.13,0.06,0,1,50.0,3,0,0.0,6,4,9,52.94,3,75.0,1,0,0,0,2.0,0,0,2,0,0,6,0,0,0,0,1,0,0,0,0,0.0,0.0,2,2,0,0,0,,4,100.0,0,0,0,8,1,1,0,3,,0,0,0,0,0.0,0,0,0,0,15,1,0,0,0,0,0,0,0,0,0,0.0,0.0,1,0,3,0,1,2,100.0,0,0,0,0.0,1,0,2,2,7,87.5,1,14,5,17,39.9,3,0,36,2,0,0,19231.0,1000000.0,F,38.0,Spain
Anthony Lozano,169549,Almería,2858,spain,2324,873,19,10,6.65,3,0,3,3.45,0.38,0,1,20.0,41,2,50.0,72,36,107,73.29,28,35.0,52,0,0,0,22.0,2,7,3,0,13,19,0,0,18,4,114,0,0,28,0,11.11,0.0,15,15,0,3,0,,33,34.74,1,0,0,39,2,8,1,6,,0,0,0,0,0.0,0,0,0,1,107,5,0,0,1,0,0,0,0,0,0,291.0,0.0,0,23,4,15,9,5,26.32,0,7,5,71.43,8,1,19,5,61,34.86,4,104,47,146,126.3,27,0,322,21,2,0,13462.0,700000.0,F,30.0,Honduras
Alfonso Pedraza,797290,Villarreal,2819,spain,2324,1119,19,14,6.65,1,3,4,0.6,2.32,6,16,27.59,85,12,27.91,171,190,345,78.95,6,40.0,9,0,0,0,54.0,6,1,3,1,15,19,0,1,2,8,51,0,0,14,0,11.11,0.0,27,26,1,1,0,,52,55.32,0,0,0,92,13,20,1,4,,0,0,0,0,0.0,0,0,0,0,175,3,0,1,0,0,0,0,0,0,0,1119.0,0.0,0,6,3,2,4,10,34.48,0,25,9,36.0,20,16,29,58,58,53.21,43,269,226,437,126.3,9,0,771,17,4,0,64231.0,3340000.0,D,27.0,Spain
Hugo Guillamón,855830,Valencia,2828,spain,2324,1317,26,12,6.65,1,0,1,0.21,0.51,55,1,16.67,133,56,54.9,301,263,563,82.07,15,50.0,15,0,0,0,80.0,1,0,0,2,23,26,0,0,8,6,63,0,2,36,0,33.33,0.0,19,17,2,0,1,,51,51.52,0,0,0,123,12,9,0,0,,0,0,0,1,0.0,0,0,0,0,147,3,0,0,1,0,0,0,0,0,0,1317.0,0.0,0,1,2,1,2,2,100.0,0,24,15,62.5,9,90,2,6,66,51.16,102,395,297,686,172.8,3,0,827,25,6,0,36923.0,1920000.0,M,24.0,Spain
Carlos Dotor,997221,Celta Vigo,2821,spain,2324,716,17,7,6.64,0,0,0,0.17,0.29,12,1,11.11,71,11,50.0,156,130,285,84.82,7,46.67,8,0,0,0,49.0,0,0,1,0,2,14,0,0,9,9,39,0,0,14,0,0.0,0.0,12,11,1,0,0,,25,44.64,0,0,0,51,4,1,0,0,,0,0,0,0,0.0,0,0,0,0,83,2,0,0,0,0,0,0,0,0,0,0.0,0.0,0,2,2,3,0,3,100.0,0,14,7,50.0,1,18,3,9,32,45.07,22,203,142,336,93.0,4,0,438,10,2,0,6731.0,350000.0,M,22.0,Spain
José Campaña,96373,Las Palmas,6577,spain,2324,173,8,1,6.64,0,0,0,0.02,0.05,4,0,0.0,17,3,33.33,61,74,135,86.54,4,100.0,0,0,0,0,16.0,0,0,0,0,3,7,0,0,2,2,6,0,0,0,0,0.0,0.0,2,2,0,0,0,,6,50.0,0,0,0,21,2,0,0,0,,0,0,0,0,0.0,0,0,0,0,35,0,0,0,0,0,0,0,0,0,0,0.0,0.0,0,0,1,1,0,1,33.33,0,2,2,100.0,0,10,3,4,10,62.5,9,77,83,156,46.5,1,0,190,5,0,0,,,,,
Sergio Akieme,827942,Almería,2858,spain,2324,1676,19,19,6.64,2,0,2,1.16,2.13,13,17,29.82,76,34,40.48,187,304,474,79.8,10,38.46,16,0,0,0,99.0,4,1,0,3,33,19,0,0,16,3,67,0,0,18,0,22.22,0.0,36,33,3,2,0,,65,56.03,0,0,0,120,10,17,2,1,,0,0,0,2,0.0,0,0,0,0,231,3,0,0,0,0,0,0,0,0,0,838.0,0.0,0,7,2,4,5,21,53.85,0,27,15,55.56,17,47,39,57,75,52.82,84,300,351,594,126.2,9,0,1019,17,2,0,11538.0,600000.0,D,25.0,Spain
Fran Pérez,966637,Valencia,2828,spain,2324,2069,32,27,6.64,1,4,5,1.07,2.12,10,8,16.0,154,9,56.25,281,150,423,79.96,6,24.0,19,0,0,0,109.0,6,0,7,2,4,32,0,0,42,29,168,0,0,31,0,5.0,0.0,16,14,2,1,0,,93,38.43,0,0,0,106,14,19,0,8,,0,0,0,0,0.0,0,0,0,0,314,8,0,0,1,0,0,0,0,0,0,2069.0,0.0,0,12,8,11,2,40,45.98,0,30,17,56.67,19,15,87,50,99,37.08,16,402,177,529,212.5,20,1,953,23,4,0,11923.0,620000.0,F,21.0,Spain
Iñaki Peña,794949,Barcelona,2817,spain,2324,900,10,10,6.64,0,0,0,,0.0,12,0,0.0,1,30,44.78,9,204,213,84.86,4,100.0,0,0,0,0,63.0,0,0,0,2,13,10,0,0,0,1,1,1,0,0,0,0.0,48.0,17,15,2,0,0,-3.11,1,50.0,0,1,0,38,0,0,0,0,,0,0,0,0,0.0,0,0,0,0,38,0,8,0,0,0,14,8,22,0,3,0.0,0.0,0,0,0,0,0,0,0.0,0,0,0,0.0,0,20,0,0,5,83.33,67,30,221,251,66.4,0,0,336,1,0,0,62500.0,3250000.0,K,24.0,Spain
Jorge Meré,355046,Cádiz,4488,spain,2324,687,10,8,6.64,0,0,0,0.17,0.04,6,0,0.0,19,20,32.79,53,112,165,73.33,9,45.0,11,0,0,0,38.0,0,0,1,1,31,10,0,0,1,3,16,0,0,1,0,0.0,0.0,12,11,1,0,0,,12,70.59,0,0,0,60,8,0,0,0,,0,0,0,0,0.0,0,0,0,0,68,1,0,0,0,0,0,0,0,0,0,0.0,0.0,0,3,1,2,1,1,100.0,0,8,7,87.5,0,18,1,1,21,56.76,61,97,129,225,66.4,4,0,305,4,0,0,19231.0,1000000.0,D,26.0,Spain
Assane Diao,1493689,Real Betis,2816,spain,2324,1056,18,13,6.64,2,0,2,2.49,0.83,4,2,22.22,85,4,80.0,146,54,198,77.95,16,42.11,22,0,0,0,47.0,0,4,6,0,6,18,0,0,35,11,108,0,0,12,0,9.52,0.0,9,9,0,1,1,,58,40.28,0,0,0,56,7,10,2,1,,0,0,0,0,0.0,0,0,0,0,197,8,0,0,0,0,0,0,0,0,0,528.0,0.0,0,17,4,12,3,18,39.13,0,20,12,60.0,10,5,46,9,74,40.66,5,197,66,254,119.5,21,0,558,22,4,0,9615.0,500000.0,F,18.0,Spain
Joaquin Panichelli,1410925,Deportivo Alavés,2885,spain,2324,236,8,2,6.64,0,0,0,0.56,0.06,1,0,0.0,10,0,0.0,15,13,28,63.64,17,73.91,6,0,0,0,10.0,0,0,2,0,4,8,0,0,7,1,19,0,0,8,0,0.0,0.0,4,4,0,0,0,,7,35.0,0,0,0,16,1,2,0,1,,0,0,0,0,0.0,0,0,0,0,38,2,0,0,0,0,0,0,0,0,0,0.0,0.0,0,5,4,5,2,0,0.0,0,3,3,100.0,2,1,0,0,24,55.81,3,29,15,44,53.1,9,0,92,4,0,0,,,,,
Javier Manquillo,210082,Celta Vigo,2821,spain,2324,746,12,10,6.64,0,1,1,0.11,0.45,6,0,0.0,67,12,37.5,133,172,305,84.49,13,56.52,10,0,0,0,30.0,1,0,0,1,16,11,0,0,4,7,39,0,0,14,0,0.0,0.0,12,11,1,0,0,,23,44.23,0,0,0,56,3,1,0,0,,0,0,0,0,0.0,0,0,0,0,103,5,0,0,0,0,0,0,0,0,0,0.0,0.0,0,1,0,1,0,4,50.0,0,15,11,73.33,1,14,8,5,36,48.0,32,174,192,361,73.0,1,0,531,4,3,0,21923.0,1140000.0,D,29.0,Spain
Siebe Van Der Heyden,842164,Mallorca,2826,spain,2324,292,6,4,6.63,0,0,0,0.16,0.05,4,0,0.0,4,5,22.73,17,45,62,67.39,8,53.33,7,0,0,0,10.0,0,0,1,1,11,6,0,1,0,2,16,0,0,8,0,0.0,0.0,4,4,0,0,0,,10,52.63,0,0,0,30,7,0,0,1,,0,0,0,0,0.0,0,0,0,0,32,0,0,1,0,0,0,0,0,0,0,0.0,0.0,0,2,0,1,0,0,0.0,0,9,2,22.22,0,18,0,0,18,52.94,22,38,54,92,39.8,2,0,140,1,2,0,16346.0,850000.0,D,25.0,Belgium
Thomas Lemar,191182,Atlético Madrid,2836,spain,2324,166,3,3,6.63,0,0,0,0.16,0.08,1,1,16.67,25,0,0.0,49,21,69,89.61,0,0.0,2,0,0,0,5.0,0,0,1,0,0,3,0,0,2,1,9,0,0,3,0,0.0,0.0,2,2,0,0,0,,6,46.15,0,0,0,8,0,1,0,0,,0,0,0,0,0.0,0,0,0,0,19,2,0,0,0,0,0,0,0,0,0,0.0,0.0,0,1,1,1,0,1,50.0,0,3,1,33.33,1,2,2,6,6,40.0,2,61,22,77,19.9,2,0,104,2,0,0,62500.0,3250000.0,F,28.0,France
Njegoš Petrović,844179,Granada,33779,spain,2324,169,10,0,6.63,0,0,0,0.04,0.06,4,0,0.0,19,0,0.0,43,23,66,84.62,2,66.67,1,0,0,0,11.0,0,0,1,0,3,10,0,0,0,1,4,0,0,0,0,0.0,0.0,3,3,0,0,0,,9,75.0,0,0,0,12,1,2,0,0,,0,0,0,0,0.0,0,0,0,0,21,2,0,0,0,0,0,0,0,0,0,0.0,0.0,1,0,2,0,1,3,60.0,0,5,2,40.0,2,6,5,1,11,73.33,2,52,27,78,66.3,2,0,112,1,0,0,4615.0,240000.0,M,24.0,Serbia
Kike Pérez,857178,Rayo Vallecano,2818,spain,2324,849,24,9,6.63,1,0,1,1.89,0.87,19,1,5.56,78,19,57.58,146,128,273,79.82,12,31.58,26,0,0,0,57.0,1,3,4,0,6,24,0,0,16,12,113,0,0,42,0,7.69,1.0,14,14,0,1,0,,69,44.23,0,0,0,69,8,7,1,0,,0,0,0,0,0.0,0,0,0,0,155,7,0,0,0,0,0,0,0,0,0,849.0,0.0,1,7,6,4,5,9,32.14,0,27,11,40.74,7,32,28,18,81,41.75,33,221,139,342,159.1,13,0,568,34,7,0,8077.0,420000.0,M,26.0,Spain
Carles Aleñá,794937,Getafe,2859,spain,2324,1016,29,10,6.63,1,1,2,1.24,1.04,12,13,39.39,114,18,46.15,223,81,291,81.51,12,38.71,19,0,0,0,53.0,5,1,5,0,10,29,0,0,18,14,92,0,0,22,0,6.25,0.0,22,20,2,1,0,,47,39.17,1,0,0,66,4,18,0,3,,0,0,0,0,0.0,0,0,0,0,153,8,0,0,0,0,0,0,0,0,0,1016.0,0.0,0,9,7,6,5,6,23.08,0,24,8,33.33,18,26,26,33,59,39.07,39,294,96,357,192.2,16,0,586,18,6,0,12115.0,630000.0,M,26.0,Spain
Benito Ramírez,868223,Las Palmas,6577,spain,2324,392,20,2,6.63,1,1,2,0.37,0.42,3,6,18.18,44,2,20.0,85,42,121,80.13,2,15.38,11,0,0,0,22.0,1,0,3,0,0,19,0,0,3,3,30,0,0,4,0,10.0,0.0,7,7,0,1,0,,11,36.67,0,0,0,30,3,2,1,2,,0,0,0,0,0.0,0,0,0,0,83,1,0,0,0,0,0,0,0,0,0,392.0,0.0,1,5,5,4,3,2,18.18,0,5,3,60.0,2,4,11,33,13,30.23,10,135,49,151,125.9,10,0,258,4,0,0,7308.0,380000.0,F,28.0,Spain
Fede San Emeterio,376382,Cádiz,4488,spain,2324,165,4,3,6.63,1,0,1,0.06,0.16,2,1,100.0,5,4,66.67,21,22,42,84.0,3,37.5,5,0,0,0,5.0,0,0,0,0,1,4,0,1,0,3,15,0,0,8,0,100.0,0.0,2,2,0,1,0,,6,37.5,1,0,0,8,2,1,0,0,,0,0,0,0,0.0,0,0,0,0,10,0,0,1,0,0,0,0,0,0,0,165.0,0.0,0,1,0,0,1,0,0.0,0,3,2,66.67,1,2,0,1,9,37.5,6,26,25,50,26.5,1,0,69,3,1,0,13846.0,720000.0,M,26.0,Spain
Yellu Santiago,1211005,Getafe,2859,spain,2324,662,14,8,6.62,1,0,1,0.59,0.24,4,0,0.0,37,5,27.78,80,64,144,78.69,6,46.15,7,0,0,0,28.0,0,0,3,0,7,13,0,0,4,3,36,0,0,17,0,20.0,0.0,8,8,0,1,0,,31,51.67,0,0,0,39,0,6,0,0,,0,0,0,0,0.0,0,0,0,0,63,3,0,0,1,0,0,0,0,0,0,662.0,0.0,0,3,2,0,2,3,37.5,0,17,8,47.06,6,7,8,4,37,50.68,18,112,75,183,86.1,5,0,264,11,4,0,2692.0,140000.0,M,19.0,Spain
André Silva,190159,Real Sociedad,2824,spain,2324,744,19,9,6.62,3,0,3,3.3,0.22,1,0,0.0,51,2,100.0,90,41,131,81.88,12,40.0,18,0,0,0,22.0,0,0,1,0,3,18,0,0,18,4,68,0,0,14,0,18.75,0.0,8,8,0,3,0,,16,24.24,1,0,1,29,1,5,0,4,,0,0,1,0,100.0,0,1,0,0,84,7,0,0,2,0,0,0,0,0,0,248.0,0.0,1,9,7,9,6,6,27.27,0,2,2,100.0,5,2,22,0,28,29.17,2,112,48,160,119.2,16,0,269,8,1,0,96154.0,5000000.0,F,28.0,Portugal
Dimitri Foulquier,151138,Valencia,2828,spain,2324,1833,33,19,6.62,0,0,0,0.64,0.81,12,7,16.67,120,28,26.17,264,305,562,72.89,10,37.04,17,0,0,0,111.0,2,1,3,4,44,32,0,0,16,8,79,0,1,24,0,0.0,0.0,22,21,1,0,0,,89,58.94,0,0,0,209,16,14,0,2,,0,0,0,0,0.0,0,0,0,0,347,7,0,0,0,0,0,0,0,0,0,0.0,0.0,0,5,2,3,1,22,57.89,0,39,22,56.41,14,53,38,42,99,55.62,107,428,385,771,211.9,7,0,1325,28,3,0,35962.0,1870000.0,D,30.0,Guadeloupe
Gonzalo Escalante,316170,Cádiz,4488,spain,2324,1702,25,18,6.62,1,2,3,1.92,1.56,20,0,0.0,116,38,41.3,256,280,536,76.79,31,49.21,32,0,0,0,91.0,1,1,3,4,33,25,0,1,12,35,111,2,0,31,0,7.14,0.0,30,27,3,1,0,,56,41.48,0,0,0,162,26,11,0,2,,0,0,0,0,0.0,0,0,0,0,208,6,0,1,1,0,0,0,0,0,0,1702.0,0.0,0,8,6,8,3,3,42.86,0,39,24,61.54,11,52,7,5,87,43.94,92,383,320,698,165.5,14,0,941,14,2,0,34423.0,1790000.0,M,30.0,Argentina
Óscar Melendo,861317,Granada,33779,spain,2324,1133,26,15,6.62,0,0,0,0.44,1.04,19,3,33.33,82,15,53.57,186,141,324,82.03,6,27.27,16,0,0,0,56.0,0,0,4,0,3,25,0,0,9,8,53,1,0,12,0,0.0,0.0,23,19,4,0,0,,62,62.63,0,0,0,71,5,11,0,1,,0,0,0,1,0.0,0,0,0,0,120,3,0,0,0,0,0,0,0,0,0,0.0,0.0,0,5,1,0,2,11,57.89,0,14,6,42.86,11,47,19,9,68,56.2,28,247,157,395,165.5,6,0,558,37,2,0,20000.0,1040000.0,F,26.0,Spain
Juan Cruz,897902,Osasuna,2820,spain,2324,1663,26,18,6.62,0,1,1,0.04,0.62,26,5,23.81,133,33,42.86,335,282,612,81.49,21,55.26,17,0,0,0,89.0,1,0,1,3,36,26,0,0,6,8,58,0,1,20,0,0.0,2.0,28,25,3,0,0,,34,45.33,0,0,0,139,12,5,0,1,,0,0,0,0,0.0,0,0,0,0,261,3,0,0,0,0,0,0,0,0,0,0.0,0.0,0,0,3,2,0,3,30.0,0,27,15,55.56,5,68,10,21,55,48.67,77,443,329,751,172.1,3,0,1094,4,3,0,24231.0,1260000.0,D,31.0,Spain
Gonzalo Melero,789886,Almería,2858,spain,2324,1121,28,10,6.61,1,1,2,1.95,0.91,6,1,25.0,101,8,57.14,201,178,378,82.89,19,46.34,22,0,0,0,41.0,3,4,1,0,11,28,0,0,13,12,75,0,0,21,0,7.14,0.0,27,24,3,0,1,,38,41.76,0,0,1,78,4,11,0,1,,0,0,0,0,0.0,0,0,0,0,135,8,0,0,1,0,0,0,0,0,0,1121.0,0.0,0,13,1,9,4,7,41.18,0,14,8,57.14,11,12,17,4,57,43.18,14,261,199,456,185.2,14,0,622,17,3,0,10385.0,540000.0,M,30.0,Spain
Álex Centelles,964174,Almería,2858,spain,2324,979,14,11,6.61,0,1,1,0.04,0.96,17,13,29.55,75,28,34.57,156,170,313,76.34,16,59.26,11,0,0,0,42.0,2,0,0,2,26,14,0,0,6,10,41,0,0,10,0,0.0,0.0,24,22,2,0,0,,27,47.37,0,0,0,97,18,11,0,1,,0,0,0,1,0.0,0,0,0,0,166,1,0,0,0,0,0,0,0,0,0,0.0,0.0,0,1,1,1,1,4,44.44,0,11,6,54.55,11,41,9,44,43,51.19,81,252,202,410,92.6,2,0,669,13,2,0,7692.0,400000.0,D,24.0,Spain
Hugo González,996931,Valencia,2828,spain,2324,89,9,0,6.61,0,1,1,0.02,0.24,0,3,33.33,6,0,0.0,13,11,21,70.0,0,0.0,4,0,0,0,8.0,1,0,1,0,0,7,0,0,2,0,10,0,0,3,0,0.0,0.0,1,1,0,0,0,,4,40.0,0,0,0,9,0,4,0,2,,0,0,0,0,0.0,0,0,0,0,23,0,0,0,0,0,0,0,0,0,0,0.0,0.0,0,0,1,0,0,0,0.0,0,2,1,50.0,4,1,1,9,4,28.57,1,27,12,30,46.3,1,0,53,2,0,0,,,,,
Iván Villar,848980,Celta Vigo,2821,spain,2324,1015,12,12,6.61,0,0,0,0.0,0.01,27,0,0.0,9,49,31.61,30,136,166,60.81,3,100.0,0,0,0,0,92.0,0,0,0,0,10,12,0,2,0,1,3,0,0,2,0,0.0,98.0,18,17,1,0,0,-1.58,0,0.0,0,3,0,107,0,1,0,0,,0,0,0,2,0.0,3,0,1,0,111,0,4,2,0,1,17,10,28,0,7,0.0,0.0,0,0,0,0,0,0,0.0,1,0,0,0.0,1,87,0,0,3,50.0,155,119,154,273,79.3,0,1,377,2,0,0,20000.0,1040000.0,K,26.0,Spain
Brian Ocampo,941405,Cádiz,4488,spain,2324,242,13,1,6.61,1,0,1,0.28,0.17,4,4,21.05,26,6,50.0,53,24,73,68.22,4,57.14,3,0,0,0,23.0,0,0,1,0,0,13,0,0,10,3,32,0,0,9,0,20.0,0.0,6,4,2,0,1,,23,44.23,0,0,0,34,3,2,0,0,,0,0,0,0,0.0,0,0,0,0,84,0,0,0,1,0,0,0,0,0,0,242.0,0.0,0,1,4,2,2,10,55.56,0,4,3,75.0,2,5,18,19,27,45.76,12,86,40,107,85.9,5,0,208,9,2,0,10385.0,540000.0,F,24.0,Uruguay
Matías Arezo,975814,Granada,33779,spain,2324,371,14,3,6.61,0,0,0,1.16,0.09,4,1,25.0,12,4,80.0,34,17,50,64.94,11,37.93,18,0,0,0,13.0,0,1,2,0,4,14,0,0,4,4,31,0,0,6,0,0.0,0.0,8,8,0,0,0,,9,40.91,0,0,0,27,1,2,0,8,,0,0,0,0,0.0,0,0,0,0,40,3,0,0,0,0,0,0,0,0,0,0.0,0.0,0,8,4,6,4,1,100.0,0,7,3,42.86,2,7,1,4,20,39.22,5,56,25,77,92.5,12,0,132,1,1,0,6731.0,350000.0,F,21.0,Uruguay
Radamel Falcao,25682,Rayo Vallecano,2818,spain,2324,403,22,2,6.6,1,0,1,2.74,0.34,4,1,100.0,36,2,100.0,62,28,89,83.18,15,37.5,25,0,0,0,20.0,1,4,4,0,4,22,0,0,12,2,56,0,0,15,0,5.88,0.0,6,6,0,1,0,,19,38.0,0,0,1,18,3,4,0,6,,0,0,1,0,100.0,0,1,0,0,47,3,0,0,1,0,0,0,0,0,0,403.0,0.0,0,16,1,6,7,3,42.86,0,7,5,71.43,4,5,7,1,34,37.78,2,79,29,107,145.2,17,0,190,10,4,0,23077.0,1200000.0,F,37.0,Colombia
Stefan Mitrović,108736,Getafe,2859,spain,2324,706,11,9,6.6,1,0,1,0.09,0.33,18,0,0.0,21,25,43.86,63,128,191,76.1,12,37.5,20,0,0,0,27.0,1,0,0,2,24,11,0,0,0,4,37,0,0,13,0,100.0,4.0,11,11,0,1,0,,12,41.38,1,0,0,60,6,2,0,0,,0,0,0,1,0.0,0,0,0,0,64,0,0,0,0,0,0,0,0,0,0,706.0,0.0,0,1,0,0,1,2,66.67,0,9,3,33.33,2,41,3,0,24,39.34,57,108,143,251,72.6,1,0,311,2,3,0,4808.0,250000.0,D,33.0,Serbia
Jon Martin,1466116,Real Sociedad,2824,spain,2324,23,1,0,6.6,0,0,0,,0.0,0,0,0.0,0,1,33.33,1,4,5,71.43,1,100.0,0,0,0,0,0.0,0,0,0,0,3,1,0,0,0,0,0,0,0,0,0,0.0,0.0,0,0,0,0,0,,0,0.0,0,0,0,2,0,0,0,0,,0,0,0,0,0.0,0,0,0,0,2,0,0,0,0,0,0,0,0,0,0,0.0,0.0,0,0,0,0,0,0,0.0,0,0,0,0.0,0,0,0,0,1,100.0,3,2,5,7,6.6,0,0,10,0,0,0,,,,,
Yoel Lago,1145100,Celta Vigo,2821,spain,2324,90,1,1,6.6,0,0,0,,0.0,0,0,0.0,0,1,100.0,15,67,82,95.35,0,0.0,0,0,0,0,2.0,0,0,0,0,2,1,0,0,0,0,1,0,0,1,0,0.0,1.0,2,2,0,0,0,,4,80.0,0,0,0,4,0,0,0,0,,0,0,0,0,0.0,0,0,0,0,4,0,0,0,0,0,0,0,0,0,0,0.0,0.0,0,0,0,0,0,0,0.0,0,2,0,0.0,0,0,0,0,4,80.0,1,16,70,86,6.6,0,0,95,2,0,0,,,,,
Asier Osambela,1399702,Osasuna,2820,spain,2324,9,1,0,6.6,0,0,0,,0.0,1,0,0.0,2,0,0.0,2,0,2,40.0,2,50.0,2,0,0,0,1.0,0,0,0,0,0,1,0,0,1,0,4,0,0,1,0,0.0,0.0,1,0,1,0,0,,2,50.0,0,0,0,3,0,0,0,0,,0,0,0,0,0.0,0,0,0,0,5,0,0,0,0,0,0,0,0,0,0,0.0,0.0,0,0,0,0,0,0,0.0,0,2,1,50.0,0,1,0,0,4,50.0,1,3,2,5,6.6,0,0,10,0,0,0,,,,,
José Pozo,608370,Rayo Vallecano,2818,spain,2324,17,2,0,6.6,0,0,0,,0.0,0,0,0.0,3,0,0.0,5,6,11,100.0,0,0.0,1,0,0,0,0.0,0,0,0,0,0,2,0,0,0,0,2,0,0,1,0,0.0,0.0,0,0,0,0,0,,2,66.67,0,0,0,0,0,0,0,0,,0,0,0,0,0.0,0,0,0,0,4,0,0,0,0,0,0,0,0,0,0,0.0,0.0,0,0,0,0,0,0,0.0,0,1,1,100.0,0,0,0,0,2,50.0,0,5,6,11,13.2,0,0,18,1,0,0,6538.0,340000.0,F,27.0,Spain
Amath Ndiaye,845168,Mallorca,2826,spain,2324,408,15,3,6.6,0,0,0,1.55,0.33,3,2,28.57,32,5,71.43,59,16,73,70.19,6,54.55,5,0,0,0,21.0,1,2,5,0,5,14,0,0,8,8,46,0,0,10,0,0.0,0.0,4,4,0,0,0,,24,36.92,0,0,0,31,3,3,0,4,,0,0,0,0,0.0,0,0,0,1,82,2,0,0,0,0,0,0,0,0,0,0.0,0.0,0,10,2,4,3,8,34.78,0,9,6,66.67,3,4,23,7,30,39.47,7,84,27,104,92.4,12,0,221,7,2,0,8077.0,420000.0,F,27.0,Senegal
Ansu Fati,962883,Barcelona,2817,spain,2324,47,3,0,6.6,0,0,0,0.74,0.07,1,0,0.0,18,1,100.0,23,0,23,85.19,1,50.0,1,0,0,0,2.0,0,2,1,0,0,3,0,0,1,1,4,0,0,0,0,0.0,0.0,0,0,0,0,0,,5,62.5,0,0,0,4,0,0,0,1,,0,0,0,0,0.0,0,0,0,0,7,0,0,0,0,0,0,0,0,0,0,0.0,0.0,0,5,2,5,1,1,50.0,0,0,0,0.0,0,2,2,0,6,60.0,1,27,0,27,19.8,7,0,45,4,0,0,52115.0,2710000.0,F,20.0,Spain
Juan Cruz,936234,Real Betis,2816,spain,2324,77,5,0,6.6,0,0,0,0.07,0.04,0,0,0.0,8,0,0.0,11,4,15,75.0,1,50.0,1,0,0,0,4.0,0,0,0,0,0,5,0,0,0,1,6,0,0,2,0,0.0,0.0,1,1,0,0,0,,6,54.55,0,0,0,5,0,1,0,0,,0,0,0,0,0.0,0,0,0,0,11,0,0,0,0,0,0,0,0,0,0,0.0,0.0,0,1,1,2,0,4,57.14,0,0,0,0.0,1,1,7,0,7,53.85,2,15,5,20,33.0,2,0,36,2,0,0,7692.0,400000.0,F,23.0,Spain
Gonzalo García,1402716,Real Madrid,2829,spain,2324,21,2,0,6.6,0,0,0,0.03,0.0,0,0,0.0,1,0,0.0,3,1,4,57.14,0,0.0,0,0,0,0,1.0,0,0,0,0,0,2,0,0,0,1,2,0,0,0,0,0.0,0.0,0,0,0,0,0,,1,33.33,0,0,0,3,0,0,0,0,,0,0,0,0,0.0,0,0,0,0,4,0,0,0,0,0,0,0,0,0,0,0.0,0.0,0,1,0,0,1,0,0.0,0,0,0,0.0,0,0,1,0,1,33.33,0,4,3,7,13.2,1,0,12,1,0,0,,,,,
Toni Villa,813523,Girona FC,24264,spain,2324,24,2,0,6.6,0,0,0,0.02,0.01,0,0,0.0,3,0,0.0,5,2,7,87.5,0,0.0,0,0,0,0,2.0,0,0,0,0,0,2,0,0,0,0,1,0,0,0,0,0.0,0.0,0,0,0,0,0,,1,50.0,0,0,0,1,0,0,0,0,,0,0,0,0,0.0,0,0,0,0,4,1,0,0,0,0,0,0,0,0,0,0.0,0.0,0,1,0,0,1,0,0.0,0,0,0,0.0,0,0,1,0,1,50.0,0,6,2,8,13.2,1,0,13,1,0,0,9038.0,470000.0,F,29.0,Spain
César Tárrega,996928,Valencia,2828,spain,2324,13,1,0,6.6,0,0,0,0.0,0.0,0,0,0.0,0,0,0.0,0,5,5,100.0,0,0.0,0,0,0,0,0.0,0,0,0,0,2,1,0,0,0,0,0,0,0,0,0,0.0,0.0,0,0,0,0,0,,0,0.0,0,0,0,0,0,0,0,0,,0,0,0,0,0.0,0,0,0,0,0,0,0,0,0,0,0,0,0,0,0,0.0,0.0,0,0,0,0,0,0,0.0,0,0,0,0.0,0,0,0,0,0,0.0,0,0,5,5,6.6,0,0,7,0,0,0,,,,,
Alberto Soro,944049,Granada,33779,spain,2324,17,1,0,6.6,0,0,0,0.0,0.0,0,0,0.0,2,0,0.0,3,0,3,100.0,0,0.0,1,0,0,0,0.0,0,0,0,0,0,1,0,0,0,0,1,0,0,0,0,0.0,0.0,1,1,0,0,0,,1,100.0,0,0,0,0,0,1,0,0,,0,0,0,0,0.0,0,0,0,0,1,0,0,0,0,0,0,0,0,0,0,0.0,0.0,0,0,0,0,0,0,0.0,0,0,0,0.0,1,0,0,0,1,50.0,0,3,0,3,6.6,0,0,6,1,0,0,,,,,
Selvi Clúa,1513673,Girona FC,24264,spain,2324,8,1,0,6.6,0,0,0,0.0,0.0,0,0,0.0,1,0,0.0,1,4,5,100.0,0,0.0,0,0,0,0,0.0,0,0,0,0,0,1,0,0,0,0,1,0,0,1,0,0.0,0.0,0,0,0,0,0,,2,66.67,0,0,0,0,0,0,0,0,,0,0,0,0,0.0,0,0,0,0,2,0,0,0,0,0,0,0,0,0,0,0.0,0.0,0,0,0,0,0,0,0.0,0,2,0,0.0,0,0,0,0,2,66.67,0,1,4,5,6.6,0,0,10,0,0,0,,,,,
Iñaki González,1513452,Las Palmas,6577,spain,2324,9,1,0,6.6,0,0,0,0.0,0.0,0,0,0.0,1,0,0.0,1,3,4,100.0,0,0.0,0,0,0,0,0.0,0,0,0,0,1,1,0,0,0,0,0,0,0,0,0,0.0,0.0,0,0,0,0,0,,1,100.0,0,0,0,0,0,0,0,0,,0,0,0,0,0.0,0,0,0,0,0,0,0,0,0,0,0,0,0,0,0,0.0,0.0,0,0,0,0,0,0,0.0,0,1,0,0.0,0,0,0,0,1,100.0,0,1,3,4,6.6,0,0,7,0,0,0,,,,,
Gorka Rivera,1390614,Getafe,2859,spain,2324,11,1,0,6.6,0,0,0,0.0,0.0,1,0,0.0,2,1,100.0,3,1,4,80.0,0,0.0,0,0,0,0,0.0,0,0,0,0,0,1,0,0,0,0,0,0,0,0,0,0.0,0.0,0,0,0,0,0,,0,0.0,0,0,0,1,0,0,0,0,,0,0,0,0,0.0,0,0,0,0,2,0,0,0,0,0,0,0,0,0,0,0.0,0.0,0,0,0,0,0,0,0.0,0,0,0,0.0,0,1,0,0,0,0.0,1,4,1,5,6.6,0,0,6,0,0,0,,,,,
Ibrahima Kébé,1031566,Girona FC,24264,spain,2324,24,2,0,6.6,0,0,0,0.0,0.01,0,0,0.0,2,0,0.0,2,3,5,62.5,3,60.0,2,0,0,0,5.0,0,0,0,0,0,2,0,0,2,0,5,0,0,1,0,0.0,0.0,0,0,0,0,0,,3,50.0,0,0,0,3,1,0,0,0,,0,0,0,0,0.0,0,0,0,0,5,0,0,0,0,0,0,0,0,0,0,0.0,0.0,0,0,0,0,0,0,0.0,0,1,1,100.0,0,0,0,0,6,54.55,0,3,5,8,13.2,0,0,16,2,1,0,8077.0,420000.0,M,23.0,Mali
Victor Parada,985726,Deportivo Alavés,2885,spain,2324,9,2,0,6.6,0,0,0,0.0,0.0,0,0,0.0,0,0,0.0,0,0,0,0.0,0,0.0,0,0,0,0,0.0,0,0,0,0,0,1,0,0,0,0,0,0,0,0,0,0.0,0.0,0,0,0,0,0,,1,100.0,0,0,0,0,0,0,0,0,,0,0,0,0,0.0,0,0,0,0,1,0,0,0,0,0,0,0,0,0,0,0.0,0.0,0,0,0,0,0,0,0.0,0,1,1,100.0,0,0,0,0,1,100.0,0,0,0,0,6.6,0,0,2,0,0,0,,,,,
Alberto Perea,52125,Granada,33779,spain,2324,9,2,0,6.6,0,0,0,0.0,0.02,0,0,0.0,3,0,0.0,3,3,6,100.0,0,0.0,0,0,0,0,1.0,0,0,0,0,0,1,0,0,0,2,2,0,0,0,0,0.0,0.0,0,0,0,0,0,,2,50.0,0,0,0,0,0,1,0,0,,0,0,0,0,0.0,0,0,0,0,1,0,0,0,0,0,0,0,0,0,0,0.0,0.0,0,0,0,0,0,0,0.0,0,0,0,0.0,1,0,0,1,2,50.0,0,4,3,6,6.6,0,0,9,2,0,0,13846.0,720000.0,F,32.0,Spain
José Mari,141997,Cádiz,4488,spain,2324,27,3,0,6.6,0,0,0,0.0,0.01,1,0,0.0,6,2,50.0,8,8,16,80.0,0,0.0,0,0,0,0,3.0,0,0,0,0,0,2,0,0,0,1,1,0,0,1,0,0.0,0.0,1,1,0,0,0,,3,75.0,0,0,0,4,0,2,0,0,,0,0,0,0,0.0,0,0,0,0,5,1,0,0,0,0,0,0,0,0,0,0.0,0.0,0,0,0,0,0,0,0.0,0,2,1,50.0,2,2,0,0,3,75.0,4,12,8,20,13.2,0,0,24,1,1,0,7885.0,410000.0,M,36.0,Spain
Chumi,913455,Almería,2858,spain,2324,2437,31,26,6.6,0,1,1,0.97,0.64,20,1,50.0,72,44,35.48,288,732,1019,86.65,46,59.74,31,0,0,0,93.0,3,1,1,2,106,31,0,0,4,10,69,2,1,23,0,0.0,18.0,55,51,4,0,0,,44,53.66,0,0,0,157,14,4,0,0,,0,0,0,1,0.0,0,0,0,0,186,1,0,0,0,0,0,0,0,0,0,0.0,0.0,0,4,1,3,1,5,83.33,0,34,22,64.71,4,53,6,2,90,56.6,124,380,798,1176,204.5,5,0,1485,8,4,0,6346.0,330000.0,D,24.0,Spain
Marko Milovanović,1100957,Almería,2858,spain,2324,316,11,2,6.59,1,0,1,1.53,0.11,1,0,0.0,18,0,0.0,22,21,43,64.18,14,37.84,23,0,0,0,9.0,0,2,0,0,3,11,0,0,4,2,44,0,0,15,0,20.0,0.0,7,6,1,1,0,,10,32.26,1,0,1,24,0,2,0,4,,0,0,0,0,0.0,0,0,0,0,37,2,0,0,0,0,0,0,0,0,0,316.0,0.0,0,4,1,4,1,1,33.33,0,4,4,100.0,2,1,3,1,24,35.29,2,40,28,67,72.5,5,0,112,6,0,0,3269.0,170000.0,F,20.0,Serbia
Raúl Torrente,1134758,Granada,33779,spain,2324,1252,17,14,6.59,0,0,0,0.16,0.29,28,0,0.0,41,57,34.34,123,480,603,79.45,22,59.46,15,0,0,0,56.0,1,0,0,0,65,16,0,0,1,5,40,1,1,18,0,0.0,4.0,28,26,2,0,0,,37,59.68,0,0,0,156,11,3,0,1,,1,0,0,1,0.0,0,0,0,0,162,1,0,0,0,0,0,0,0,0,0,0.0,0.0,0,2,1,3,0,0,0.0,0,29,16,55.17,3,80,1,2,59,59.6,166,236,525,759,105.4,3,0,930,8,4,0,5577.0,290000.0,D,22.0,Spain
Óscar Trejo,21949,Rayo Vallecano,2818,spain,2324,1387,31,19,6.58,0,0,0,0.88,2.15,16,5,21.74,280,15,50.0,473,166,634,84.87,14,41.18,20,0,0,0,92.0,1,0,7,0,9,31,0,1,60,8,169,0,0,40,0,0.0,0.0,18,16,2,0,0,,100,40.16,0,0,1,113,5,23,0,3,,0,0,0,0,0.0,0,0,0,1,286,14,0,1,0,0,0,0,0,0,0,0.0,0.0,0,11,7,8,3,33,43.42,0,27,15,55.56,23,26,76,23,114,40.28,30,590,180,747,204.1,18,0,1140,40,4,0,20000.0,1040000.0,F,35.0,Argentina
Kevin Vázquez,795257,Celta Vigo,2821,spain,2324,724,12,10,6.58,0,0,0,0.04,0.38,8,3,37.5,42,11,39.29,112,124,233,74.92,10,55.56,8,0,0,0,29.0,0,0,0,1,21,12,0,0,1,9,33,0,0,11,0,0.0,0.0,13,12,1,0,0,,28,52.83,0,0,0,78,5,3,0,0,,0,0,0,1,0.0,0,0,0,0,103,1,0,0,0,0,0,0,0,0,0,0.0,0.0,0,1,1,1,1,3,42.86,0,15,13,86.67,3,22,7,8,38,53.52,28,171,148,311,79.0,2,0,475,10,3,0,11538.0,600000.0,D,30.0,Spain
José Ángel Carmona,1015240,Getafe,2859,spain,2324,1335,30,15,6.58,1,1,2,0.83,1.39,16,7,24.14,82,21,46.67,201,162,356,76.39,18,45.0,22,0,0,0,71.0,1,0,7,1,22,28,0,0,14,19,103,0,0,33,0,8.33,0.0,26,23,3,1,0,,62,43.36,1,0,0,110,21,10,0,3,,0,0,0,0,0.0,0,0,0,0,216,4,0,0,0,0,0,0,0,0,0,1335.0,0.0,0,9,3,2,3,9,34.62,0,30,21,70.0,10,38,26,29,80,43.72,45,305,190,466,184.3,12,0,804,23,9,0,10385.0,540000.0,D,22.0,Spain
Jesús Vázquez,996929,Valencia,2828,spain,2324,727,20,6,6.58,1,0,1,1.16,0.17,3,5,27.78,45,3,14.29,75,50,120,67.04,12,38.71,19,0,0,0,47.0,0,1,2,1,20,20,0,0,13,6,58,0,0,8,0,14.29,0.0,10,8,2,1,0,,37,48.68,0,0,0,59,3,3,1,1,,0,0,0,0,0.0,0,0,0,0,133,8,0,0,0,0,0,0,0,0,0,727.0,0.0,0,5,2,3,2,6,33.33,0,24,12,50.0,3,10,18,18,49,45.79,21,127,70,179,131.6,7,0,423,7,1,0,11923.0,620000.0,D,21.0,Spain
Kike Barja,591132,Osasuna,2820,spain,2324,314,16,3,6.58,0,0,0,0.22,0.38,1,4,17.39,32,3,50.0,64,18,78,86.67,3,37.5,5,0,0,0,16.0,1,2,1,0,2,15,0,0,7,5,32,0,0,8,0,0.0,0.0,8,7,1,0,0,,21,43.75,0,0,0,12,2,5,0,1,,0,0,0,0,0.0,0,0,0,0,65,2,0,0,0,0,0,0,0,0,0,0.0,0.0,0,4,0,1,2,11,57.89,0,6,2,33.33,5,1,19,23,24,42.86,6,92,21,90,98.7,4,0,188,4,3,0,16154.0,840000.0,F,26.0,Spain
Roman Yaremchuk,829296,Valencia,2828,spain,2324,941,25,11,6.58,3,0,3,4.64,0.23,2,0,0.0,61,2,100.0,101,40,141,69.46,27,36.99,46,0,0,0,28.0,0,6,2,0,9,23,0,0,17,3,82,0,0,7,0,16.67,0.0,12,12,0,3,0,,22,37.93,1,0,0,62,1,5,1,16,,0,0,0,0,0.0,0,0,0,0,121,9,0,0,1,0,0,0,0,0,0,313.67,0.0,0,16,2,7,9,5,35.71,0,5,2,40.0,5,4,14,3,49,37.4,2,159,47,203,151.3,18,0,349,13,2,0,50000.0,2600000.0,F,28.0,Ukraine
Álvaro Odriozola,353250,Real Sociedad,2824,spain,2324,397,9,6,6.58,0,0,0,,0.21,2,4,40.0,32,4,40.0,72,99,167,88.83,1,11.11,8,0,0,0,13.0,0,0,0,0,6,8,0,0,4,0,23,0,0,7,0,0.0,0.0,2,2,0,0,0,,15,50.0,0,0,0,21,8,2,0,1,,0,0,0,1,0.0,0,0,0,0,49,0,0,0,0,0,0,0,0,0,0,0.0,0.0,0,0,0,0,0,2,28.57,0,9,7,77.78,2,5,7,10,16,41.03,10,90,108,188,52.6,0,0,303,4,0,0,51923.0,2700000.0,D,28.0,Spain
Álvaro Lemos,813645,Las Palmas,6577,spain,2324,251,4,3,6.58,0,0,0,0.02,0.06,2,0,0.0,27,4,26.67,62,56,118,81.38,5,71.43,2,0,0,0,10.0,0,0,0,0,3,4,0,0,0,2,8,0,0,2,0,0.0,0.0,3,3,0,0,0,,7,53.85,0,0,0,27,2,0,0,1,,0,0,0,0,0.0,0,0,0,0,46,0,0,0,0,0,0,0,0,0,0,0.0,0.0,0,0,1,1,0,0,0.0,0,4,1,25.0,0,8,2,5,12,60.0,15,87,63,145,26.3,1,0,213,3,1,0,7115.0,370000.0,D,30.0,Spain
Joseba Zaldúa,347450,Cádiz,4488,spain,2324,720,13,9,6.58,0,0,0,0.01,0.88,4,9,52.94,31,6,25.0,80,60,131,70.43,10,62.5,6,0,0,0,24.0,2,0,0,0,17,12,0,0,3,8,32,0,0,14,0,0.0,0.0,13,12,1,0,0,,26,50.0,0,0,0,55,2,5,0,2,,1,0,0,0,0.0,0,0,0,0,81,1,0,0,0,0,0,0,0,0,0,0.0,0.0,0,0,1,1,0,2,50.0,0,20,12,60.0,5,10,4,17,36,52.94,24,123,80,186,78.9,1,0,329,4,3,0,17308.0,900000.0,D,31.0,Spain
Iván Alejo,352486,Cádiz,4488,spain,2324,1713,30,21,6.57,0,2,2,0.49,2.75,13,30,19.87,73,15,36.59,159,66,195,64.14,15,45.45,18,0,0,0,87.0,4,1,2,1,15,30,0,0,28,40,165,0,0,49,0,0.0,0.0,26,23,3,0,0,,113,43.46,0,0,0,109,7,16,0,9,,0,0,0,1,0.0,0,0,0,0,352,10,0,0,0,0,0,0,0,0,0,0.0,0.0,0,5,6,7,2,24,43.64,0,40,23,57.5,16,27,55,151,128,43.69,41,353,102,304,197.2,11,0,803,49,17,0,9038.0,470000.0,F,28.0,Spain
Mauro Arambarri,385888,Getafe,2859,spain,2324,337,7,3,6.57,0,0,0,0.52,0.14,8,2,33.33,32,14,66.67,74,39,111,82.22,5,38.46,8,0,0,0,27.0,0,0,1,1,7,7,0,0,5,5,39,0,0,18,0,0.0,0.0,6,5,1,0,0,,11,26.19,0,0,0,24,2,2,0,0,,0,0,0,0,0.0,0,0,0,0,42,2,0,0,0,0,0,0,0,0,0,0.0,0.0,0,4,5,6,2,2,33.33,0,6,2,33.33,2,12,6,6,16,29.09,21,94,47,135,46.0,9,0,198,3,2,0,71923.0,3740000.0,M,28.0,Uruguay
Raúl García,4581,Athletic Club,2825,spain,2324,431,20,1,6.57,1,0,1,0.92,0.57,5,0,0.0,39,5,50.0,58,21,79,61.24,27,56.25,21,0,0,0,19.0,0,0,4,0,9,20,0,0,5,5,51,0,0,20,0,10.0,0.0,3,2,1,1,0,,21,41.18,1,0,1,50,3,0,0,5,,0,0,0,1,0.0,0,0,0,0,79,3,0,0,0,0,0,0,0,0,0,431.0,0.0,0,9,1,5,1,2,40.0,0,9,6,66.67,0,14,5,7,48,48.48,10,106,30,129,131.4,10,0,224,10,4,0,40000.0,2080000.0,F,37.0,Spain
Marc Bartra,99519,Real Betis,2816,spain,2324,225,3,3,6.57,0,0,0,0.21,0.02,3,0,0.0,7,7,50.0,24,77,101,87.07,4,50.0,4,0,0,0,15.0,0,0,2,0,10,3,0,0,2,1,11,0,0,4,0,0.0,0.0,6,4,2,0,0,,7,50.0,0,0,0,15,3,0,0,0,,0,0,0,0,0.0,0,0,0,0,20,0,0,0,0,0,0,0,0,0,0,0.0,0.0,0,3,0,1,0,2,100.0,0,4,3,75.0,0,8,2,0,11,50.0,14,31,85,116,19.7,3,0,148,1,1,0,40000.0,2080000.0,D,33.0,Spain
Lázaro,1002556,Almería,2858,spain,2324,274,14,2,6.56,0,0,0,0.87,0.3,8,1,8.33,22,5,100.0,49,17,65,77.38,4,26.67,11,0,0,0,13.0,1,3,2,0,1,13,0,0,5,6,35,0,0,3,0,0.0,0.0,10,10,0,0,0,,16,40.0,0,0,1,19,1,6,0,2,,0,0,0,0,0.0,0,0,0,0,57,1,0,0,0,0,0,0,0,0,0,0.0,0.0,0,6,2,2,4,5,33.33,0,4,1,25.0,6,10,15,12,20,36.36,5,72,24,84,85.3,8,0,168,7,0,0,7692.0,400000.0,F,21.0,Brazil
Jordi Martín,1010513,Getafe,2859,spain,2324,574,13,5,6.56,0,0,0,1.25,0.44,8,1,4.55,41,4,19.05,101,43,143,67.77,11,34.38,21,0,0,0,36.0,1,3,2,0,6,12,0,0,9,8,66,0,0,19,0,0.0,0.0,7,6,1,0,0,,29,39.19,0,0,1,68,8,7,0,1,,0,0,0,1,0.0,0,0,0,0,125,5,0,0,0,0,0,0,0,0,0,0.0,0.0,0,7,0,2,3,7,41.18,0,16,11,68.75,7,16,17,22,40,37.74,21,180,53,211,78.7,7,0,359,6,1,0,,,,,
Aitor Fernández,99516,Osasuna,2820,spain,2324,550,7,6,6.56,0,0,0,0.0,0.02,25,0,0.0,13,55,44.72,39,69,108,61.02,0,0.0,1,0,0,0,51.0,0,0,0,0,5,7,1,0,0,1,2,1,0,0,0,0.0,22.0,9,8,1,0,0,-2.88,0,0.0,0,1,0,69,0,0,0,0,,0,0,0,0,0.0,1,0,0,0,71,0,0,0,0,5,8,3,11,0,2,0.0,0.0,0,0,0,0,0,0,0.0,5,0,0,0.0,0,51,0,0,0,0.0,123,96,81,177,45.9,0,0,219,0,2,0,13462.0,700000.0,K,32.0,Spain
Unai García,330675,Osasuna,2820,spain,2324,559,9,6,6.56,1,0,1,0.11,0.02,11,0,0.0,12,19,41.3,44,112,156,80.41,4,36.36,7,0,0,0,21.0,0,0,0,0,18,9,0,0,3,5,25,0,0,9,0,50.0,0.0,10,10,0,1,0,,13,41.94,0,0,0,38,8,1,0,0,,0,0,0,0,0.0,0,0,0,0,51,0,0,1,1,0,0,0,0,0,0,559.0,0.0,0,2,0,1,1,0,0.0,0,12,9,75.0,1,18,1,5,17,40.48,46,77,122,194,59.0,2,0,267,1,4,1,10192.0,530000.0,D,31.0,Spain
Ibrahima Kone,873630,Almería,2858,spain,2324,295,9,2,6.56,0,0,0,0.43,0.47,0,0,0.0,14,0,0.0,25,11,36,69.23,9,47.37,10,0,0,0,7.0,0,2,0,0,4,9,0,0,1,0,16,0,0,3,0,0.0,0.0,11,9,2,0,0,,6,50.0,0,0,0,16,0,2,0,6,,0,0,0,0,0.0,0,0,0,0,28,1,0,0,0,0,0,0,0,0,0,0.0,0.0,0,4,0,2,2,1,33.33,0,1,0,0.0,2,0,3,2,15,48.39,0,39,15,52,59.0,4,0,88,4,0,0,11538.0,600000.0,F,24.0,Mali
Héctor Bellerín,188365,Real Betis,2816,spain,2324,1714,23,20,6.55,0,1,1,0.16,1.25,37,4,10.0,167,25,42.37,327,291,614,79.95,16,32.65,33,0,0,0,86.0,2,1,0,8,35,23,0,1,17,33,134,0,1,21,0,0.0,0.0,18,15,3,0,0,,61,37.65,0,0,0,154,22,15,0,1,,1,0,0,0,0.0,0,0,0,0,298,3,0,1,0,0,0,0,0,0,0,0.0,0.0,0,1,1,2,0,17,36.17,0,34,22,64.71,15,70,47,40,77,36.49,59,451,357,768,150.7,2,0,1232,10,0,0,60000.0,3120000.0,D,28.0,Spain
Kaiky,1105331,Almería,2858,spain,2324,528,8,5,6.55,1,0,1,0.23,0.05,21,0,0.0,20,19,45.24,67,149,216,82.76,11,50.0,11,0,0,0,14.0,0,0,1,0,29,8,0,0,0,3,21,0,1,7,0,33.33,0.0,19,18,1,1,0,,10,50.0,0,0,0,45,3,1,0,0,,0,0,0,1,0.0,0,0,0,0,48,0,0,0,1,0,0,0,0,0,0,528.0,0.0,0,3,0,1,1,3,75.0,0,7,4,57.14,1,39,4,1,21,50.0,42,93,169,261,52.4,3,0,324,0,2,0,12308.0,640000.0,D,19.0,Brazil
Cédric Bakambu,115665,Real Betis,2816,spain,2324,195,4,2,6.55,0,0,0,0.44,0.42,0,0,0.0,11,0,0.0,18,8,26,66.67,3,30.0,7,0,0,0,4.0,1,1,1,0,0,4,0,0,4,0,17,0,0,4,0,0.0,0.0,2,2,0,0,0,,5,33.33,0,0,0,13,0,3,0,3,,0,0,0,0,0.0,0,0,0,0,30,0,0,0,0,0,0,0,0,0,0,0.0,0.0,0,4,0,2,1,1,33.33,0,1,0,0.0,3,0,3,0,8,32.0,0,29,10,39,26.2,4,0,75,3,1,0,51923.0,2700000.0,F,32.0,Democratic Republic of the Congo
Mamadou Sylla,793761,Deportivo Alavés,2885,spain,2324,26,2,0,6.55,0,0,0,0.0,0.0,0,0,0.0,2,0,0.0,2,1,3,42.86,3,50.0,3,0,0,0,,0,0,0,0,1,2,0,0,1,0,6,0,0,1,0,0.0,,1,0,1,0,0,,2,40.0,0,0,0,4,0,0,0,0,,0,0,0,0,0.0,0,0,0,0,7,0,0,0,0,0,0,0,0,0,0,0.0,0.0,0,0,0,0,0,0,0.0,0,0,0,0.0,0,0,1,0,5,45.45,0,5,2,7,13.1,0,0,15,2,0,0,,,,,
Andrei Rațiu,965031,Rayo Vallecano,2818,spain,2324,640,12,6,6.54,0,0,0,0.29,0.6,6,5,27.78,49,7,38.89,93,104,192,80.33,6,46.15,7,0,0,0,39.0,1,0,3,1,10,12,0,0,7,7,37,0,0,2,0,0.0,0.0,12,12,0,0,0,,29,49.15,0,0,0,47,0,6,0,0,,0,0,0,0,0.0,0,0,0,0,106,3,0,0,0,0,0,0,0,0,0,0.0,0.0,0,5,1,2,1,13,48.15,0,12,4,33.33,6,8,27,18,35,48.61,18,133,124,239,78.5,6,0,414,4,1,0,28077.0,1460000.0,D,25.0,Romania
Miguel de la Fuente,914212,Deportivo Alavés,2885,spain,2324,85,3,1,6.53,0,0,0,0.09,0.01,0,0,0.0,2,0,0.0,3,4,7,46.67,1,33.33,2,0,0,0,3.0,0,0,0,0,0,3,0,0,4,0,8,0,0,2,0,0.0,0.0,2,1,1,0,0,,3,33.33,0,0,0,8,0,0,0,0,,0,0,0,0,0.0,0,0,0,0,14,0,0,0,0,0,0,0,0,0,0,0.0,0.0,0,1,1,1,1,0,0.0,0,0,0,0.0,0,0,0,0,4,33.33,2,10,5,15,19.6,2,0,28,3,0,0,,,,,
Tadeo Allende,1108451,Celta Vigo,2821,spain,2324,330,10,2,6.53,1,0,1,1.44,0.18,3,2,20.0,18,4,66.67,34,26,58,65.91,5,55.56,4,0,0,0,19.0,1,2,2,0,3,10,0,0,8,2,20,0,0,2,0,12.5,0.0,8,7,1,1,0,,12,42.86,0,0,0,30,3,2,0,3,,0,0,0,0,0.0,0,0,0,0,60,3,0,0,1,0,0,0,0,0,0,330.0,0.0,0,5,3,4,2,3,42.86,0,6,1,16.67,2,5,7,10,17,45.95,6,66,32,88,65.3,8,0,156,3,1,0,20192.0,1050000.0,F,24.0,Argentina
Jhon Solís,1106573,Girona FC,24264,spain,2324,412,18,2,6.53,0,0,0,1.07,0.24,1,0,0.0,49,1,50.0,105,85,190,84.82,6,33.33,12,0,0,0,22.0,1,3,2,0,5,17,0,0,11,8,47,1,0,10,0,0.0,0.0,7,7,0,0,0,,21,37.5,0,0,0,34,8,3,0,0,,0,0,0,0,0.0,0,0,0,0,62,1,0,0,0,0,0,0,0,0,0,0.0,0.0,0,4,5,4,3,6,50.0,0,10,8,80.0,3,6,12,0,27,36.49,2,125,99,224,111.0,9,0,317,5,0,0,8077.0,420000.0,M,19.0,Colombia
Antonio Puertas,316406,Granada,33779,spain,2324,777,27,6,6.53,0,2,2,3.18,0.58,4,3,15.0,53,7,77.78,88,59,144,77.84,13,35.14,24,0,1,1,30.0,0,5,5,0,4,25,0,1,11,9,79,0,0,21,0,0.0,0.0,20,17,3,0,0,,39,41.49,0,0,1,41,6,10,0,6,,0,0,2,0,0.0,0,0,0,1,110,4,0,1,0,0,0,0,0,0,0,0.0,0.0,0,17,2,9,5,15,50.0,0,12,8,66.67,10,7,30,20,52,39.69,9,140,65,185,163.2,19,0,363,12,3,0,12308.0,640000.0,F,31.0,Spain
Ben Brereton Díaz,867583,Villarreal,2819,spain,2324,305,14,2,6.52,0,0,0,0.2,0.23,2,0,0.0,28,2,100.0,40,14,54,78.26,1,33.33,2,0,0,0,13.0,0,0,2,0,0,13,0,0,5,2,22,0,0,5,0,0.0,0.0,3,2,1,0,0,,8,28.57,0,0,0,15,0,2,0,2,,0,0,0,0,0.0,0,0,0,0,37,0,0,0,0,0,0,0,0,0,0,0.0,0.0,0,3,2,2,1,2,20.0,0,2,2,100.0,2,2,10,4,9,29.03,2,54,19,69,84.8,5,0,118,4,2,0,0.0,0.0,F,24.0,Chile
Arthur Vermeeren,1149127,Atlético Madrid,2836,spain,2324,159,5,2,6.52,0,0,0,,0.08,1,0,0.0,15,0,0.0,36,39,75,84.27,1,14.29,6,0,0,0,14.0,0,0,0,0,2,5,0,0,2,1,16,0,0,7,0,0.0,0.0,2,2,0,0,0,,2,16.67,0,0,0,14,6,2,0,0,,0,0,0,0,0.0,0,0,0,0,25,1,0,0,0,0,0,0,0,0,0,0.0,0.0,0,0,0,0,0,0,0.0,0,1,0,0.0,2,3,1,0,3,15.79,4,46,43,89,32.6,0,0,122,1,2,0,60192.0,3130000.0,M,18.0,Belgium
Urko González,1064009,Real Sociedad,2824,spain,2324,159,5,2,6.52,0,0,0,0.08,0.04,1,0,0.0,13,2,22.22,35,36,71,79.78,5,55.56,4,0,0,0,13.0,0,0,1,0,6,5,0,0,3,0,9,0,0,1,0,0.0,0.0,3,3,0,0,0,,7,58.33,0,0,0,18,1,0,0,0,,0,0,0,0,0.0,0,0,0,0,24,0,0,0,0,0,0,0,0,0,0,0.0,0.0,0,1,1,1,0,1,50.0,0,4,1,25.0,0,4,2,0,12,57.14,9,45,44,89,32.6,2,0,113,2,1,0,7885.0,410000.0,M,22.0,Spain
Shon Weissman,790817,Granada,33779,spain,2324,90,5,0,6.52,0,0,0,0.04,0.03,0,1,100.0,2,0,0.0,6,4,9,75.0,1,16.67,5,0,0,0,2.0,0,0,0,0,1,5,0,0,0,3,10,0,0,1,0,0.0,0.0,0,0,0,0,0,,3,37.5,0,0,0,3,0,0,0,0,,0,0,0,0,0.0,0,0,0,0,7,1,0,0,0,0,0,0,0,0,0,0.0,0.0,0,1,0,1,0,1,50.0,0,1,1,100.0,0,0,2,1,4,28.57,0,8,5,12,32.6,1,0,29,1,0,0,5577.0,290000.0,F,27.0,Israel
Sory Kaba,869131,Las Palmas,6577,spain,2324,748,17,9,6.52,1,1,2,1.46,0.4,3,0,0.0,44,6,75.0,71,39,110,70.06,32,46.38,37,0,0,0,17.0,0,4,5,0,9,16,0,0,14,5,80,0,0,16,0,7.69,0.0,11,9,2,1,0,,27,38.57,0,0,0,47,0,6,0,9,,0,0,0,0,0.0,0,0,0,0,123,5,0,0,1,0,0,0,0,0,0,748.0,0.0,0,9,4,7,1,11,50.0,0,2,0,0.0,6,7,22,0,59,42.45,8,108,49,157,104.3,13,0,311,15,2,0,15385.0,800000.0,F,28.0,Guinea
Tanguy Nianzou,1003007,Sevilla,2833,spain,2324,331,8,3,6.51,0,0,0,0.03,0.02,3,0,0.0,20,5,55.56,54,80,134,88.74,4,44.44,5,0,0,0,18.0,0,0,0,0,8,8,0,0,2,3,16,0,1,6,0,0.0,0.0,10,8,2,0,0,,18,62.07,0,0,0,17,3,0,0,0,,0,0,0,0,0.0,0,0,0,0,24,2,0,0,0,0,0,0,0,0,0,0.0,0.0,0,1,0,1,0,2,100.0,0,12,8,66.67,0,5,2,0,22,57.89,9,66,85,151,52.1,1,1,203,4,3,0,80192.0,4170000.0,D,21.0,France
Vitor Roque,1150391,Barcelona,2817,spain,2324,319,14,2,6.5,2,0,2,2.54,0.05,0,0,0.0,22,0,0.0,40,9,49,76.56,3,33.33,6,0,0,0,8.0,0,5,3,0,5,14,0,0,8,2,38,0,0,13,0,15.38,0.0,4,3,1,2,0,,18,36.0,1,0,0,15,0,1,1,2,,0,0,0,0,0.0,0,0,0,0,46,1,0,1,0,0,0,0,0,0,0,159.5,0.0,0,11,2,4,6,4,30.77,0,3,2,66.67,1,0,13,2,21,35.59,0,56,10,64,91.0,13,0,146,11,2,1,67308.0,3500000.0,F,18.0,Brazil
Salim El Jebari,1142596,Atlético Madrid,2836,spain,2324,12,1,0,6.5,0,0,0,,0.0,0,0,0.0,2,0,0.0,3,0,3,100.0,0,0.0,2,0,0,0,0.0,0,0,0,0,1,1,0,0,1,0,4,0,0,1,0,0.0,0.0,0,0,0,0,0,,1,33.33,0,0,0,0,0,0,0,0,,0,0,0,0,0.0,0,0,0,0,3,0,0,0,0,0,0,0,0,0,0,0.0,0.0,0,0,0,0,0,0,0.0,0,1,0,0.0,0,0,0,1,1,20.0,0,4,0,3,6.5,0,0,10,0,0,0,,,,,
Javier Rueda,1008259,Celta Vigo,2821,spain,2324,19,1,0,6.5,0,0,0,,0.0,0,0,0.0,2,1,100.0,3,8,11,84.62,0,0.0,0,0,0,0,2.0,0,0,0,0,0,1,0,0,0,0,0,0,0,0,0,0.0,0.0,0,0,0,0,0,,1,100.0,0,0,0,2,0,0,0,0,,0,0,0,0,0.0,0,0,0,0,3,1,0,0,0,0,0,0,0,0,0,0.0,0.0,0,0,0,0,0,0,0.0,0,0,0,0.0,0,1,0,0,1,100.0,1,5,8,13,6.5,0,0,18,1,0,0,,,,,
Jeremy Jorge,1594156,Getafe,2859,spain,2324,10,1,0,6.5,0,0,0,,,0,0,0.0,0,0,0.0,0,0,0,0.0,0,0.0,0,0,0,0,0.0,0,0,0,0,0,1,0,0,0,0,0,0,0,0,0,0.0,0.0,0,0,0,0,0,,0,0.0,0,0,0,0,0,0,0,1,,0,0,0,0,0.0,0,0,0,0,0,0,0,0,0,0,0,0,0,0,0,0.0,0.0,0,0,0,0,0,0,0.0,0,0,0,0.0,0,0,0,0,0,0.0,0,0,0,0,6.5,0,0,1,0,0,0,,,,,
Eneko Ortiz,1120373,Deportivo Alavés,2885,spain,2324,13,1,0,6.5,0,0,0,,0.02,0,0,0.0,1,0,0.0,1,0,1,100.0,0,0.0,0,0,0,0,0.0,0,0,0,0,0,1,0,0,0,0,0,0,0,0,0,0.0,0.0,0,0,0,0,0,,0,0.0,0,0,0,0,0,0,0,0,,0,0,0,0,0.0,0,0,0,0,1,0,0,0,0,0,0,0,0,0,0,0.0,0.0,0,0,0,0,0,0,0.0,0,0,0,0.0,0,0,0,1,0,0.0,0,2,0,1,6.5,0,0,4,0,0,0,,,,,
Paco Sanz,1561756,Almería,2858,spain,2324,23,1,0,6.5,0,0,0,,0.0,0,0,0.0,0,1,33.33,2,5,7,70.0,1,100.0,0,0,0,0,0.0,0,0,0,0,4,1,0,0,0,1,1,0,0,0,0,0.0,0.0,0,0,0,0,0,,0,0.0,0,0,0,3,0,0,0,0,,0,0,0,0,0.0,0,0,0,0,4,0,0,0,0,0,0,0,0,0,0,0.0,0.0,0,0,0,0,0,0,0.0,0,0,0,0.0,0,0,0,0,1,50.0,3,3,7,10,6.5,0,0,15,0,0,0,,,,,
Aingeru Olabarrieta,1605227,Athletic Club,2825,spain,2324,8,1,0,6.5,0,0,0,0.01,0.0,0,0,0.0,1,0,0.0,2,0,2,66.67,0,0.0,0,0,0,0,0.0,0,0,1,0,0,1,0,0,0,0,0,0,0,0,0,0.0,0.0,0,0,0,0,0,,0,0.0,0,0,0,1,0,0,0,0,,0,0,0,0,0.0,0,0,0,0,3,0,0,0,0,0,0,0,0,0,0,0.0,0.0,0,0,1,0,0,0,0.0,0,0,0,0.0,0,0,0,2,0,0.0,0,5,0,3,6.5,1,0,6,0,0,0,,,,,
Etta Eyong,1393673,Cádiz,4488,spain,2324,20,1,0,6.5,0,0,0,0.0,0.0,0,0,0.0,1,0,0.0,1,1,2,100.0,0,0.0,1,0,0,0,0.0,0,0,0,0,0,1,0,0,0,0,2,0,0,1,0,0.0,0.0,0,0,0,0,0,,1,50.0,0,0,0,0,0,0,0,1,,0,0,0,0,0.0,0,0,0,0,1,0,0,0,0,0,0,0,0,0,0,0.0,0.0,0,0,0,0,0,0,0.0,0,1,1,100.0,0,0,0,0,1,33.33,0,1,1,2,6.5,0,0,4,0,0,0,,,,,
Stefan Leković,1146225,Villarreal,2819,spain,2324,28,1,0,6.5,0,0,0,0.0,0.0,0,0,0.0,0,0,0.0,0,12,12,85.71,0,0.0,0,0,0,0,0.0,0,0,0,0,1,1,0,0,0,0,0,0,0,0,0,0.0,0.0,1,1,0,0,0,,0,0.0,0,0,0,2,0,0,0,0,,0,0,0,0,0.0,0,0,0,0,2,0,0,0,0,0,0,0,0,0,0,0.0,0.0,0,0,0,0,0,0,0.0,0,0,0,0.0,0,0,0,0,0,0.0,0,0,14,14,6.5,0,0,16,0,0,0,,,,,
Salvi Sánchez,811493,Rayo Vallecano,2818,spain,2324,27,1,0,6.5,0,0,0,0.0,0.0,0,0,0.0,3,0,0.0,7,3,10,83.33,0,0.0,0,0,0,0,,0,0,0,0,0,1,0,0,2,4,6,0,0,0,0,0.0,,0,0,0,0,0,,2,25.0,0,0,0,2,1,0,0,0,,0,0,0,0,0.0,0,0,0,0,4,0,0,0,0,0,0,0,0,0,0,0.0,0.0,0,0,0,0,0,1,100.0,0,0,0,0.0,0,1,1,0,2,25.0,1,9,3,12,6.5,0,0,17,1,0,0,,,,,
Iñigo Arguibide,1495856,Osasuna,2820,spain,2324,16,1,0,6.5,0,0,0,0.0,0.0,0,0,0.0,0,0,0.0,0,0,0,0.0,1,50.0,1,0,0,0,1.0,0,0,0,0,1,1,0,0,0,0,1,0,0,1,0,0.0,0.0,0,0,0,0,0,,1,100.0,0,0,0,3,0,0,0,0,,0,0,0,0,0.0,0,0,0,0,4,0,0,0,0,0,0,0,0,0,0,0.0,0.0,0,0,0,0,0,0,0.0,0,1,0,0.0,0,0,0,0,2,66.67,1,2,1,3,6.5,0,0,8,0,0,0,,,,,
Jon Karrikaburu,1099175,Deportivo Alavés,2885,spain,2324,31,2,0,6.5,0,0,0,0.0,0.0,0,0,0.0,0,1,100.0,1,1,2,50.0,0,0.0,0,0,0,0,2.0,0,0,0,0,0,2,0,0,0,0,1,0,0,1,0,0.0,0.0,1,1,0,0,0,,0,0.0,0,0,0,2,0,0,0,1,,0,0,0,0,0.0,0,0,0,0,5,0,0,0,0,0,0,0,0,0,0,0.0,0.0,0,0,0,0,0,0,0.0,0,0,0,0.0,0,0,0,0,0,0.0,1,3,1,4,13.0,0,0,8,0,0,0,7308.0,380000.0,F,20.0,Spain
Darko Brašanac,94539,Osasuna,2820,spain,2324,46,2,0,6.5,0,0,0,0.0,0.03,1,0,0.0,5,1,50.0,6,3,9,64.29,1,50.0,1,0,0,0,0.0,0,0,0,0,0,2,0,0,0,0,2,0,0,1,0,0.0,0.0,1,1,0,0,0,,1,50.0,0,0,0,5,0,1,0,0,,0,0,0,0,0.0,0,0,0,0,6,0,0,0,0,0,0,0,0,0,0,0.0,0.0,0,0,0,0,0,0,0.0,0,1,0,0.0,1,2,0,1,2,50.0,2,11,4,14,13.0,0,0,17,0,0,0,11923.0,620000.0,M,31.0,Serbia
Randy Nteka,932764,Rayo Vallecano,2818,spain,2324,578,16,3,6.49,1,1,2,2.33,0.85,7,0,0.0,50,4,100.0,92,36,128,73.99,27,52.94,24,0,0,0,23.0,1,2,5,0,11,16,0,0,20,6,75,1,0,19,0,6.67,0.0,11,9,2,1,0,,32,38.55,0,0,0,45,2,9,1,6,,0,0,1,0,100.0,0,1,0,1,97,5,0,0,0,0,0,0,0,0,0,578.0,0.0,0,11,4,4,6,7,46.67,0,11,4,36.36,9,11,15,3,59,44.03,4,123,53,173,103.9,15,1,325,14,2,0,4423.0,230000.0,F,26.0,France
Miguel Rodríguez,1014118,Celta Vigo,2821,spain,2324,331,15,2,6.49,0,0,0,0.22,0.17,1,0,0.0,28,1,33.33,52,24,76,80.0,1,10.0,9,0,0,0,9.0,0,0,2,0,0,13,0,0,4,6,44,0,0,15,0,0.0,0.0,6,5,1,0,0,,20,36.36,0,0,0,19,4,2,0,0,,0,0,0,0,0.0,0,0,0,0,56,1,0,0,0,0,0,0,0,0,0,0.0,0.0,0,0,6,4,0,3,21.43,0,6,3,50.0,2,3,14,11,21,32.31,3,79,27,95,84.4,6,0,191,11,2,0,9615.0,500000.0,F,20.0,Spain
Alejandro Pozo,848080,Almería,2858,spain,2324,992,21,9,6.49,0,0,0,0.4,0.76,19,11,26.83,92,22,34.38,193,163,345,76.84,5,35.71,9,0,0,0,50.0,0,1,0,1,16,21,0,0,4,8,48,0,0,16,0,0.0,0.0,24,21,3,0,0,,26,40.0,0,0,0,104,7,13,0,0,,0,0,0,0,0.0,0,0,0,0,189,3,0,0,0,0,0,0,0,0,0,0.0,0.0,0,1,3,1,3,1,7.69,0,19,12,63.16,13,39,13,41,31,39.24,64,288,202,449,136.3,4,0,727,6,3,0,13846.0,720000.0,D,24.0,Spain
Houboulang Mendes,845119,Almería,2858,spain,2324,396,7,4,6.49,0,0,0,0.01,0.04,6,1,25.0,14,4,21.05,40,48,87,73.73,7,58.33,5,0,0,0,23.0,0,0,1,0,16,7,0,0,4,8,26,1,0,6,0,0.0,0.0,11,10,1,0,0,,28,57.14,0,0,0,31,1,1,0,1,,0,0,0,0,0.0,0,0,0,0,64,0,0,0,0,0,0,0,0,0,0,0.0,0.0,0,0,1,0,0,2,40.0,0,16,13,81.25,1,13,5,4,35,57.38,19,60,62,118,45.4,1,0,254,10,0,0,7885.0,410000.0,D,25.0,Guinea-Bissau
Carlos Romero,1396048,Villarreal,2819,spain,2324,259,7,2,6.48,0,0,0,0.4,0.16,3,0,0.0,22,4,25.0,39,48,87,73.11,2,50.0,2,0,0,0,27.0,0,1,1,0,9,6,0,0,2,5,14,0,0,2,0,0.0,0.0,8,6,2,0,0,,19,61.29,0,0,0,32,1,0,0,0,,0,0,0,0,0.0,0,0,0,0,61,0,0,0,0,0,0,0,0,0,0,0.0,0.0,0,2,0,0,1,3,50.0,0,11,5,45.45,0,7,6,11,21,60.0,16,70,60,119,38.9,2,0,215,6,1,0,8654.0,450000.0,D,22.0,Spain
Marciano Sanca Tchami,1493213,Almería,2858,spain,2324,67,6,0,6.48,0,0,0,0.03,0.01,1,0,0.0,2,0,0.0,10,4,14,60.87,4,50.0,4,0,0,0,2.0,0,0,1,0,0,5,0,0,1,0,5,0,0,0,0,0.0,0.0,3,3,0,0,0,,0,0.0,0,0,0,9,0,1,0,0,,0,0,0,0,0.0,0,0,0,0,12,0,0,0,0,0,0,0,0,0,0,0.0,0.0,0,0,1,0,0,0,0.0,0,0,0,0.0,1,1,0,1,4,44.44,2,19,5,23,32.4,1,0,28,0,0,0,,,,,
Alejo Véliz,1116987,Sevilla,2833,spain,2324,47,6,0,6.48,0,0,0,0.23,0.0,0,0,0.0,2,0,0.0,2,2,4,66.67,3,75.0,1,0,0,0,0.0,0,1,0,0,1,4,0,0,0,1,5,0,0,4,0,0.0,0.0,2,0,2,0,0,,2,33.33,0,0,0,2,0,0,0,0,,0,0,0,0,0.0,0,0,0,0,5,0,0,0,0,0,0,0,0,0,0,0.0,0.0,0,2,0,0,2,0,0.0,0,1,0,0.0,0,0,0,0,5,50.0,0,3,3,6,25.9,2,0,15,1,0,0,28846.0,1500000.0,F,20.0,Argentina
Mohamed-Ali Cho,1063235,Real Sociedad,2824,spain,2324,247,11,1,6.47,0,0,0,0.39,0.31,1,1,9.09,10,0,0.0,21,17,37,67.27,4,40.0,6,0,0,0,16.0,0,2,0,1,0,11,0,0,2,5,26,0,0,5,0,0.0,0.0,7,6,1,0,0,,16,44.44,0,0,0,18,1,1,0,3,,0,0,0,0,0.0,0,0,0,0,51,1,0,0,0,0,0,0,0,0,0,0.0,0.0,0,2,1,3,0,7,43.75,0,4,3,75.0,1,2,16,11,20,43.48,2,44,22,55,71.2,3,0,122,6,0,0,6731.0,350000.0,F,19.0,France
Domingos Duarte,576276,Getafe,2859,spain,2324,921,15,11,6.47,0,0,0,0.27,0.13,31,1,100.0,46,41,51.9,140,153,292,77.66,14,58.33,10,0,0,0,45.0,0,1,0,2,27,15,0,1,2,2,22,0,0,8,0,0.0,1.0,18,16,2,0,0,,16,57.14,0,0,0,84,8,2,0,0,,0,0,0,0,0.0,0,0,0,0,94,0,0,2,0,0,0,0,0,0,0,0.0,0.0,0,1,0,1,0,1,50.0,0,7,4,57.14,2,52,2,1,30,57.69,79,201,176,376,97.0,1,0,464,8,3,1,24231.0,1260000.0,D,28.0,Portugal
Daley Sinkgraven,377206,Las Palmas,6577,spain,2324,377,10,6,6.46,0,0,0,0.0,0.06,8,0,0.0,39,5,45.45,103,103,206,87.29,5,83.33,1,0,0,0,17.0,0,0,0,0,5,9,0,1,2,6,16,0,0,4,0,0.0,0.0,7,6,1,0,0,,16,51.61,0,0,0,30,6,0,0,0,,0,0,0,1,0.0,0,0,0,0,47,1,0,1,0,0,0,0,0,0,0,0.0,0.0,0,0,0,0,0,0,0.0,0,11,5,45.45,0,17,3,5,21,56.76,11,124,117,236,58.1,0,0,331,5,0,0,28846.0,1500000.0,D,28.0,Netherlands
Nico Paz,1171451,Real Madrid,2829,spain,2324,26,4,0,6.45,0,0,0,0.08,0.01,1,0,0.0,6,0,0.0,12,6,18,78.26,1,100.0,0,0,0,0,2.0,0,0,1,0,0,2,0,0,0,0,3,0,0,1,0,0.0,0.0,1,1,0,0,0,,0,0.0,0,0,0,5,1,0,0,0,,0,0,0,0,0.0,0,0,0,0,8,0,0,0,0,0,0,0,0,0,0,0.0,0.0,0,0,2,1,0,0,0.0,0,0,0,0.0,0,2,2,1,1,25.0,0,18,6,23,12.9,2,0,32,0,0,0,7692.0,400000.0,F,19.0,Argentina
Martin Hongla,856062,Granada,33779,spain,2324,569,13,6,6.45,0,0,0,0.18,0.09,7,0,0.0,35,20,52.63,77,158,235,84.53,3,20.0,12,0,0,0,37.0,0,1,1,0,13,13,0,0,0,6,28,1,0,7,0,0.0,0.0,16,14,2,0,0,,8,33.33,0,0,0,43,6,0,0,0,,0,0,0,0,0.0,0,0,0,0,57,2,0,0,0,0,0,0,0,0,0,0.0,0.0,0,1,2,1,1,0,0.0,0,7,3,42.86,0,18,3,2,11,28.21,38,111,169,278,83.8,3,0,336,1,0,0,16346.0,850000.0,M,25.0,Cameroon
Adrià Altimira,980732,Villarreal,2819,spain,2324,779,11,10,6.45,0,0,0,0.03,0.16,5,2,40.0,58,17,54.84,160,176,334,83.5,2,22.22,7,0,0,0,42.0,0,0,0,0,14,11,0,0,5,15,42,0,0,12,0,0.0,0.0,22,20,2,0,0,,31,46.97,0,0,0,66,5,2,0,0,,0,0,0,1,0.0,0,0,0,0,94,3,0,0,0,0,0,0,0,0,0,0.0,0.0,0,0,1,1,0,11,73.33,0,16,7,43.75,2,10,15,5,33,44.0,31,191,214,400,70.9,1,0,574,4,3,0,3077.0,160000.0,D,22.0,Spain
Mikel Jauregizar,1495844,Athletic Club,2825,spain,2324,158,7,1,6.44,0,0,0,0.03,0.11,1,1,16.67,19,0,0.0,38,17,54,75.0,1,11.11,8,0,0,0,9.0,0,0,0,0,2,7,0,0,4,6,24,0,0,4,0,0.0,0.0,0,0,0,0,0,,2,11.11,0,0,0,18,0,2,0,0,,0,0,0,0,0.0,0,0,0,0,33,1,0,0,0,0,0,0,0,0,0,0.0,0.0,0,0,2,2,0,1,33.33,0,0,0,0.0,2,4,3,6,3,11.11,2,57,21,72,45.1,2,0,108,1,0,0,,,,,
Arnau Puigmal,910023,Almería,2858,spain,2324,271,11,3,6.44,0,0,0,0.0,0.21,1,3,21.43,19,3,37.5,38,22,57,77.03,1,25.0,3,0,0,0,16.0,0,0,0,0,2,11,0,0,2,2,18,0,0,7,0,0.0,0.0,4,4,0,0,0,,8,34.78,0,0,0,17,3,3,0,0,,0,0,0,1,0.0,0,0,0,0,42,1,0,0,0,0,0,0,0,0,0,0.0,0.0,0,0,0,0,0,2,33.33,0,2,1,50.0,3,3,6,14,9,33.33,8,62,26,74,70.8,0,0,130,4,3,0,3269.0,170000.0,M,22.0,Spain
Jesús Vallejo,355048,Granada,33779,spain,2324,115,3,1,6.43,0,0,0,0.0,0.02,3,0,0.0,7,6,54.55,26,48,74,91.36,0,0.0,1,0,0,0,8.0,0,0,0,0,0,3,0,0,0,0,3,1,0,2,0,0.0,0.0,4,3,1,0,0,,5,71.43,0,0,0,7,0,0,0,0,,0,0,0,0,0.0,0,0,0,0,9,1,0,0,0,0,0,0,0,0,0,0.0,0.0,0,0,0,0,0,1,100.0,0,3,1,33.33,0,8,1,0,5,62.5,11,31,50,81,19.3,0,0,100,1,1,0,34615.0,1800000.0,D,27.0,Spain
Abde Raihani,1213236,Atlético Madrid,2836,spain,2324,9,1,0,6.4,0,0,0,,,0,0,0.0,0,0,0.0,0,0,0,0.0,0,0.0,0,0,0,0,0.0,0,0,0,0,0,1,0,0,0,1,1,0,0,0,0,0.0,0.0,1,1,0,0,0,,1,50.0,0,0,0,0,0,0,0,0,,0,0,0,0,0.0,0,0,0,0,1,0,0,0,0,0,0,0,0,0,0,0.0,0.0,0,0,0,0,0,0,0.0,0,0,0,0.0,0,0,0,0,1,50.0,0,0,0,0,6.4,0,0,2,1,0,0,,,,,
Yassin Tallal,1830852,Getafe,2859,spain,2324,8,1,0,6.4,0,0,0,,,0,0,0.0,0,0,0.0,0,0,0,0.0,1,50.0,1,0,0,0,0.0,0,0,0,0,0,1,0,0,0,0,2,0,0,1,0,0.0,0.0,0,0,0,0,0,,0,0.0,0,0,0,2,0,0,0,0,,0,0,0,0,0.0,0,0,0,0,3,0,0,0,0,0,0,0,0,0,0,0.0,0.0,0,0,0,0,0,0,0.0,0,0,0,0.0,0,0,0,0,1,33.33,1,2,0,2,6.4,0,0,3,0,0,0,,,,,
Xabi Huarte,1100596,Osasuna,2820,spain,2324,8,1,0,6.4,0,0,0,,0.0,0,0,0.0,0,0,0.0,1,1,2,100.0,0,0.0,0,0,0,0,0.0,0,0,0,0,0,1,0,0,1,0,1,0,0,0,0,0.0,0.0,0,0,0,0,0,,0,0.0,0,0,0,0,0,0,0,0,,0,0,0,0,0.0,0,0,0,0,1,0,0,0,0,0,0,0,0,0,0,0.0,0.0,0,0,0,0,0,0,0.0,0,0,0,0.0,0,0,0,0,0,0.0,0,1,1,2,6.4,0,0,3,0,0,0,,,,,
Wilson Manafá,344205,Granada,33779,spain,2324,241,4,3,6.4,0,0,0,0.01,0.17,4,1,12.5,8,5,33.33,30,46,75,76.53,2,50.0,2,0,0,0,20.0,0,0,0,0,3,4,0,0,2,3,13,1,0,3,0,0.0,0.0,6,6,0,0,0,,12,52.17,0,0,0,23,1,1,0,0,,0,0,0,0,0.0,0,0,0,0,41,2,0,0,0,0,0,0,0,0,0,0.0,0.0,0,0,1,1,0,6,66.67,0,6,4,66.67,1,6,9,8,14,51.85,15,50,56,98,25.6,1,0,173,0,1,0,11923.0,620000.0,D,29.0,Portugal
Bono,360938,Sevilla,2833,spain,2324,90,1,1,6.4,0,0,0,0.0,0.0,4,0,0.0,1,7,38.89,5,11,16,59.26,0,0.0,0,0,0,0,,0,0,0,0,0,1,0,0,0,0,0,0,0,0,0,0.0,,2,2,0,0,0,-0.88,0,0.0,0,0,0,11,0,0,0,0,,0,0,0,0,0.0,0,0,0,0,11,0,0,0,0,0,1,0,1,0,1,0.0,0.0,0,0,0,0,0,0,0.0,0,0,0,0.0,0,13,0,0,0,0.0,18,14,13,27,6.4,0,0,32,0,0,0,,,,,
Tomás Mendes,1119693,Deportivo Alavés,2885,spain,2324,12,1,0,6.4,0,0,0,0.0,0.0,0,0,0.0,0,0,0.0,1,3,4,66.67,0,0.0,0,0,0,0,2.0,0,0,0,0,0,1,0,0,1,0,1,0,0,0,0,0.0,0.0,0,0,0,0,0,,0,0.0,0,0,0,2,0,0,0,0,,0,0,0,0,0.0,0,0,0,0,3,0,0,0,0,0,0,0,0,0,0,0.0,0.0,0,0,0,0,0,0,0.0,0,0,0,0.0,0,0,0,0,0,0.0,0,1,5,6,6.4,0,0,8,0,0,0,,,,,
Alberto Dadie,1170458,Real Sociedad,2824,spain,2324,27,1,0,6.4,0,0,0,0.0,0.15,0,0,0.0,1,0,0.0,1,2,3,50.0,0,0.0,0,0,0,0,2.0,0,0,0,0,0,1,0,0,0,0,5,0,0,4,0,0.0,0.0,0,0,0,0,0,,2,28.57,0,0,0,3,0,0,0,0,,0,0,0,0,0.0,0,0,0,0,9,0,0,0,0,0,0,0,0,0,0,0.0,0.0,0,0,0,0,0,0,0.0,0,2,1,50.0,0,0,1,1,2,28.57,0,4,3,6,6.4,0,0,16,0,0,0,,,,,
Federico Gattoni,941464,Sevilla,2833,spain,2324,16,2,0,6.4,0,0,0,0.0,0.0,0,0,0.0,0,0,0.0,0,6,6,75.0,2,66.67,1,0,0,0,1.0,0,0,0,0,1,2,0,0,0,0,3,0,0,2,0,0.0,0.0,1,1,0,0,0,,1,33.33,0,0,0,2,0,0,0,0,,0,0,0,0,0.0,0,0,0,0,2,0,0,0,0,0,0,0,0,0,0,0.0,0.0,0,0,0,0,0,0,0.0,0,1,0,0.0,0,0,0,0,3,50.0,0,0,8,8,12.8,0,0,11,0,0,0,8077.0,420000.0,D,24.0,Argentina
Kamil Piątkowski,942335,Granada,33779,spain,2324,506,9,6,6.36,0,0,0,0.8,0.08,4,1,50.0,13,7,25.93,50,146,195,86.28,11,52.38,10,0,0,0,23.0,0,1,0,0,26,8,0,1,1,4,18,0,1,3,0,0.0,0.0,15,15,0,0,0,,22,73.33,0,0,0,31,8,2,0,0,,0,0,0,0,0.0,0,0,0,0,41,1,0,1,0,0,0,0,0,0,0,0.0,0.0,0,4,0,2,2,1,100.0,0,18,10,55.56,2,11,1,2,33,64.71,27,72,156,226,50.9,4,0,313,3,1,0,6923.0,360000.0,D,23.0,Poland
Raúl Fernández,31828,Granada,33779,spain,2324,281,4,4,6.35,0,0,0,0.0,0.0,13,0,0.0,3,16,32.0,12,47,59,62.11,0,0.0,0,0,0,0,26.0,0,0,0,0,1,4,0,0,0,1,1,0,2,0,0,0.0,17.0,11,9,2,0,0,-3.17,0,0.0,0,4,0,36,0,0,0,0,,0,0,0,0,0.0,1,0,0,0,38,0,0,0,0,4,6,1,8,0,4,0.0,0.0,0,0,0,0,0,0,0.0,4,0,0,0.0,0,33,0,0,0,0.0,50,42,53,95,25.4,0,0,121,0,0,0,11346.0,590000.0,K,35.0,Spain
Pablo Gozálbez,996932,Valencia,2828,spain,2324,114,5,1,6.32,0,0,0,0.02,0.01,1,0,0.0,8,0,0.0,11,5,16,53.33,1,16.67,5,0,0,0,6.0,0,0,0,0,1,5,0,0,0,5,18,0,0,6,0,0.0,0.0,2,2,0,0,0,,3,18.75,0,0,0,14,1,0,0,1,,0,0,0,0,0.0,0,0,0,0,19,2,0,0,0,0,0,0,0,0,0,0.0,0.0,0,0,1,1,0,0,0.0,0,1,0,0.0,0,3,3,1,4,18.18,3,20,11,30,31.6,1,0,44,2,0,0,3846.0,200000.0,F,22.0,Spain
Dani Cárdenas,965832,Rayo Vallecano,2818,spain,2324,90,1,1,6.3,0,0,0,,0.0,2,0,0.0,1,2,13.33,1,20,21,60.0,0,0.0,0,0,0,0,8.0,0,0,0,0,2,1,0,0,0,0,0,0,0,0,0,0.0,4.0,1,1,0,0,0,-0.07,0,0.0,0,0,0,14,0,0,0,0,,0,0,0,0,0.0,0,0,0,0,14,0,1,0,0,1,0,0,0,0,0,0.0,0.0,0,0,0,0,0,0,0.0,1,0,0,0.0,0,3,0,0,0,0.0,15,13,22,35,6.3,0,0,42,0,0,0,11923.0,620000.0,K,26.0,Spain
Jorge Moreno,1134642,Osasuna,2820,spain,2324,13,1,0,6.3,0,0,0,,0.0,0,0,0.0,0,0,0.0,0,2,2,33.33,1,50.0,1,0,0,0,1.0,0,0,0,0,3,1,0,0,0,0,1,0,0,0,0,0.0,0.0,1,1,0,0,0,,0,0.0,0,0,0,4,0,0,0,0,,0,0,0,0,0.0,0,0,0,0,5,0,0,0,0,0,0,0,0,0,0,0.0,0.0,0,0,0,0,0,0,0.0,0,0,0,0.0,0,0,0,1,1,50.0,3,4,3,6,6.3,0,0,14,0,0,0,,,,,
Santi García,1084746,Getafe,2859,spain,2324,24,1,0,6.3,0,0,0,0.0,0.11,0,0,0.0,5,0,0.0,5,1,6,85.71,0,0.0,0,0,0,0,,0,0,0,0,0,1,0,0,0,0,4,0,0,1,0,0.0,,0,0,0,0,0,,2,33.33,0,0,0,1,0,0,0,0,,0,0,0,0,0.0,0,0,0,0,6,2,0,0,0,0,0,0,0,0,0,0.0,0.0,0,0,0,0,0,0,0.0,0,1,0,0.0,0,0,3,0,2,33.33,0,6,1,7,6.3,0,0,16,1,0,0,,,,,
Unai Ropero,1018197,Deportivo Alavés,2885,spain,2324,14,1,0,6.3,0,0,0,0.0,0.0,0,0,0.0,2,0,0.0,3,1,4,100.0,0,0.0,0,0,0,0,0.0,0,0,0,0,0,1,0,0,0,0,3,0,0,1,0,0.0,0.0,0,0,0,0,0,,0,0.0,0,0,0,0,0,0,0,0,,0,0,0,0,0.0,0,0,0,0,3,0,0,0,0,0,0,0,0,0,0,0.0,0.0,0,0,0,0,0,0,0.0,0,0,0,0.0,0,0,2,0,0,0.0,0,3,1,4,6.3,0,0,7,0,0,0,,,,,
Nabil Aberdin,1136806,Getafe,2859,spain,2324,180,2,2,6.25,0,0,0,,0.01,1,0,0.0,4,4,26.67,19,41,60,75.95,4,40.0,6,0,0,0,10.0,0,0,0,0,4,2,0,0,1,1,9,0,0,1,0,0.0,0.0,3,3,0,0,0,,1,25.0,0,0,0,19,0,0,0,0,,0,0,0,0,0.0,0,0,0,0,21,0,0,0,0,0,0,0,0,0,0,0.0,0.0,0,0,0,0,0,0,0.0,0,0,0,0.0,0,5,0,0,5,35.71,15,31,48,79,12.5,0,0,89,1,0,0,,,,,
Víctor Díaz,141655,Granada,33779,spain,2324,161,4,2,6.25,0,0,0,0.0,0.0,3,0,0.0,3,8,36.36,8,37,45,65.22,3,75.0,1,0,0,0,6.0,0,0,0,0,8,4,0,0,0,2,3,0,0,0,0,0.0,0.0,8,5,3,0,0,,6,75.0,0,0,0,24,1,0,0,0,,0,0,0,0,0.0,0,0,0,0,29,0,0,0,0,0,0,0,0,0,0,0.0,0.0,0,0,0,0,0,1,100.0,0,5,3,60.0,0,12,1,0,9,75.0,22,28,41,69,25.0,0,0,95,0,1,0,8462.0,440000.0,D,35.0,Spain
Daniel Fuzato,863276,Getafe,2859,spain,2324,21,1,0,6.2,0,0,0,,0.0,0,0,0.0,0,2,28.57,2,2,4,44.44,0,0.0,0,0,0,0,2.0,0,0,0,0,1,1,0,0,0,0,0,0,0,0,0,0.0,4.0,2,2,0,0,0,-0.75,0,0.0,0,1,0,5,0,0,0,0,,0,0,0,0,0.0,0,0,0,0,5,0,0,0,0,0,0,0,0,0,0,0.0,0.0,0,0,0,0,0,0,0.0,0,0,0,0.0,0,0,0,0,0,0.0,7,7,2,9,6.2,0,0,12,0,0,0,11538.0,600000.0,K,26.0,Brazil
Miguel Ángel Brau,1089161,Granada,33779,spain,2324,30,1,0,6.2,0,0,0,,0.0,0,0,0.0,3,0,0.0,4,2,6,75.0,0,0.0,0,0,0,0,0.0,0,0,0,0,1,1,0,0,0,0,0,0,0,0,0,0.0,0.0,3,3,0,0,0,,2,100.0,0,0,0,2,0,0,0,0,,0,0,0,0,0.0,0,0,0,0,4,0,0,0,0,0,0,0,0,0,0,0.0,0.0,0,0,0,0,0,1,100.0,0,1,0,0.0,0,0,1,1,2,100.0,1,6,3,8,6.2,0,0,15,0,0,0,,,,,
Aarón Escandell,368922,Las Palmas,6577,spain,2324,152,2,1,6.2,0,0,0,,0.0,6,0,0.0,1,16,43.24,8,46,54,72.0,0,0.0,0,0,0,0,20.0,0,0,0,0,1,2,0,1,0,0,0,1,0,0,0,0.0,12.0,3,3,0,0,0,-0.52,0,0.0,0,1,0,21,0,0,0,0,,0,0,0,0,0.0,0,0,0,0,22,0,0,1,0,1,0,1,1,0,0,0.0,0.0,0,0,0,0,0,0,0.0,1,0,0,0.0,0,7,0,0,0,0.0,37,22,53,75,12.4,0,0,92,0,0,0,9615.0,500000.0,K,28.0,Spain
Gabri Veiga,1010505,Celta Vigo,2821,spain,2324,17,1,0,6.1,0,0,0,0.0,0.0,0,0,0.0,2,0,0.0,3,0,3,75.0,0,0.0,1,0,0,0,,0,0,0,0,0,1,0,0,1,0,3,0,0,0,0,0.0,,1,1,0,0,0,,0,0.0,0,0,0,1,0,0,0,0,,0,0,0,0,0.0,0,0,0,0,5,0,0,0,0,0,0,0,0,0,0,0.0,0.0,0,0,0,0,0,0,0.0,0,0,0,0.0,0,0,1,1,0,0.0,0,5,0,4,6.1,0,0,8,0,0,0,,,,,
Adrià Bosch,1004239,Granada,33779,spain,2324,25,1,0,6.1,0,0,0,0.0,0.0,1,0,0.0,2,3,60.0,3,8,11,78.57,0,0.0,1,0,0,0,2.0,0,0,0,0,1,1,0,0,0,0,1,0,0,0,0,0.0,0.0,2,2,0,0,0,,1,100.0,0,0,0,3,0,0,0,0,,1,0,0,0,0.0,0,0,0,0,3,0,0,0,0,0,0,0,0,0,0,0.0,0.0,0,0,0,0,0,0,0.0,0,1,1,100.0,0,2,0,0,1,50.0,5,5,9,14,6.1,0,0,17,0,0,0,,,,,
Çağlar Söyüncü,758608,Atlético Madrid,2836,spain,2324,110,6,1,6.1,0,0,0,0.0,0.02,2,0,0.0,5,3,50.0,19,52,71,87.65,1,100.0,0,0,0,0,9.0,0,0,0,0,7,5,0,1,2,0,5,0,0,3,0,0.0,0.0,1,1,0,0,0,,3,37.5,0,0,0,10,1,0,0,1,,0,0,0,1,0.0,0,0,0,0,12,0,0,1,0,0,0,0,0,0,0,0.0,0.0,0,0,0,0,0,1,100.0,0,1,1,100.0,0,4,1,0,4,44.44,6,28,53,81,30.5,0,0,100,1,0,0,48077.0,2500000.0,D,27.0,Turkey
Max Svensson,1085569,Osasuna,2820,spain,2324,2,1,0,0.0,0,0,0,,,0,0,0.0,0,0,0.0,0,0,0,0.0,0,0.0,0,0,0,0,0.0,0,0,0,0,0,0,0,0,0,0,0,0,0,1,0,0.0,0.0,0,0,0,0,0,,1,100.0,0,0,0,0,0,0,0,0,,0,0,0,0,0.0,0,0,0,0,1,0,0,0,0,0,0,0,0,0,0,0.0,0.0,0,0,0,0,0,0,0.0,0,1,0,0.0,0,0,0,0,1,100.0,0,0,0,0,0.0,0,0,2,0,0,0,,,,,
Borja Vázquez,1865387,Cádiz,4488,spain,2324,3,1,0,0.0,0,0,0,,0.04,0,0,0.0,1,0,0.0,1,0,1,100.0,0,0.0,0,0,0,0,0.0,0,0,0,0,1,0,0,0,0,0,0,0,0,0,0,0.0,0.0,0,0,0,0,0,,1,100.0,0,0,0,0,0,1,0,0,,0,0,0,0,0.0,0,0,0,0,1,0,0,0,0,0,0,0,0,0,0,0.0,0.0,0,0,0,0,0,0,0.0,0,1,0,0.0,1,0,0,1,1,100.0,0,2,0,1,0.0,0,0,5,0,0,0,,,,,
Álvaro Rodriguez,1154587,Real Madrid,2829,spain,2324,1,1,0,0.0,0,0,0,0.0,0.0,0,0,0.0,0,0,0.0,0,0,0,0.0,0,0.0,0,0,0,0,1.0,0,0,0,0,1,0,0,0,1,0,1,0,0,0,0,0.0,0.0,0,0,0,0,0,,2,66.67,0,0,0,0,0,0,0,0,,0,0,0,0,0.0,0,0,0,0,2,0,0,0,0,0,0,0,0,0,0,0.0,0.0,0,0,0,0,0,2,100.0,0,0,0,0.0,0,0,2,0,2,66.67,0,0,0,0,0.0,0,0,5,0,0,0,,,,,
Moussa Diakité,1432130,Cádiz,4488,spain,2324,1,1,0,0.0,0,0,0,0.0,0.0,0,0,0.0,0,0,0.0,0,0,0,0.0,0,0.0,0,0,0,0,1.0,0,0,0,0,0,0,0,0,0,0,1,0,0,0,0,0.0,0.0,0,0,0,0,0,,0,0.0,0,0,0,0,0,0,0,0,,0,0,0,0,0.0,0,0,0,0,1,0,0,0,0,0,0,0,0,0,0,0.0,0.0,0,0,0,0,0,0,0.0,0,0,0,0.0,0,0,1,0,0,0.0,0,0,0,0,0.0,0,0,1,0,0,0,,,,,
