player,player_id,team,team_id,data_country,data_season,minutesPlayed,appearances,matchesStarted,rating,goals,assists,goalsAssistsSum,expectedGoals,expectedAssists,accurateChippedPasses,accurateCrosses,accurateCrossesPercentage,accurateFinalThirdPasses,accurateLongBalls,accurateLongBallsPercentage,accurateOppositionHalfPasses,accurateOwnHalfPasses,accuratePasses,accuratePassesPercentage,aerialDuelsWon,aerialDuelsWonPercentage,aerialLost,attemptPenaltyMiss,attemptPenaltyPost,attemptPenaltyTarget,ballRecovery,bigChancesCreated,bigChancesMissed,blockedShots,cleanSheet,clearances,countRating,crossesNotClaimed,directRedCards,dispossessed,dribbledPast,duelLost,errorLeadToGoal,errorLeadToShot,fouls,freeKickGoal,goalConversionPercentage,goalKicks,goalsConceded,goalsConcededInsideTheBox,goalsConcededOutsideTheBox,goalsFromInsideTheBox,goalsFromOutsideTheBox,goalsPrevented,groundDuelsWon,groundDuelsWonPercentage,headedGoals,highClaims,hitWoodwork,inaccuratePasses,interceptions,keyPasses,leftFootGoals,offsides,outfielderBlocks,ownGoals,passToAssist,penaltiesTaken,penaltyConceded,penaltyConversion,penaltyFaced,penaltyGoals,penaltySave,penaltyWon,possessionLost,possessionWonAttThird,punches,redCards,rightFootGoals,runsOut,savedShotsFromInsideTheBox,savedShotsFromOutsideTheBox,saves,savesCaught,savesParried,scoringFrequency,setPieceConversion,shotFromSetPiece,shotsFromInsideTheBox,shotsFromOutsideTheBox,shotsOffTarget,shotsOnTarget,successfulDribbles,successfulDribblesPercentage,successfulRunsOut,tackles,tacklesWon,tacklesWonPercentage,totalAttemptAssist,totalChippedPasses,totalContest,totalCross,totalDuelsWon,totalDuelsWonPercentage,totalLongBalls,totalOppositionHalfPasses,totalOwnHalfPasses,totalPasses,totalRating,totalShots,totwAppearances,touches,wasFouled,yellowCards,yellowRedCards,gross_weekly_eur,gross_annual_eur,position,age,nationality
Simone Perilli,253369,Hellas Verona,2701,italy,2324,90,1,1,8.1,0,0,0,0.0,0.01,0,0,0.0,6,8,28.57,8,7,15,42.86,0,0.0,0,0,0,0,12.0,0,0,0,0,0,1,0,0,0,0,0,0,0,0,0,0.0,5.0,2,2,0,0,0,0.92,0,0.0,0,0,0,20,0,0,0,0,,0,0,0,0,0.0,0,0,0,0,21,0,0,0,0,1,7,1,8,0,2,0.0,0.0,0,0,0,0,0,0,0.0,1,0,0,0.0,0,0,0,0,0,0.0,28,26,9,35,8.1,0,1,47,0,0,0,8846.0,460000.0,K,29.0,Italy
Hakan Çalhanoğlu,135700,Inter,2697,italy,2324,2576,32,32,7.68,13,3,16,10.15,5.83,108,55,35.95,470,148,76.29,1038,1003,1986,92.37,26,59.09,18,0,0,0,166.0,5,0,17,6,21,32,0,0,7,17,90,0,0,43,0,20.97,0.0,19,16,3,12,1,,96,57.14,0,0,3,164,24,53,1,0,,0,1,10,0,100.0,0,10,0,0,312,15,0,0,12,0,0,0,0,0,0,198.15,0.0,12,16,46,22,23,7,50.0,0,66,33,50.0,52,162,14,153,122,57.55,194,1254,1049,2150,245.8,62,12,2648,23,5,0,213654.0,11110000.0,M,29.0,Turkey
Davide Biraschi,233252,Genoa,2713,italy,2324,90,1,1,7.6,1,0,1,0.1,0.01,4,0,0.0,4,3,100.0,11,14,25,83.33,1,100.0,0,0,0,0,4.0,0,0,0,0,3,1,0,0,0,2,2,0,0,0,0,100.0,0.0,4,4,0,1,0,,6,75.0,0,0,0,5,2,0,1,0,,0,0,0,0,0.0,0,0,0,0,6,0,0,0,0,0,0,0,0,0,0,90.0,0.0,0,1,0,0,1,1,100.0,0,3,3,100.0,0,5,1,0,7,77.78,3,14,16,30,7.6,1,0,51,2,0,0,,,,,
Raffaele Di Gennaro,301162,Inter,2697,italy,2324,23,1,0,7.6,0,0,0,,0.0,1,0,0.0,0,1,50.0,0,12,12,92.31,0,0.0,0,0,0,0,3.0,0,0,0,0,0,1,0,0,0,0,0,0,0,0,0,0.0,1.0,0,0,0,0,0,0.53,0,0.0,0,0,0,1,0,0,0,0,,0,0,0,0,0.0,0,0,0,0,2,0,0,0,0,0,3,1,4,0,1,0.0,0.0,0,0,0,0,0,0,0.0,0,0,0,0.0,0,1,0,0,0,0.0,2,1,12,13,7.6,0,0,21,0,0,0,5385.0,280000.0,K,30.0,Italy
Nicolas Haas,587126,Empoli,2705,italy,2324,90,1,1,7.6,0,0,0,0.1,0.04,6,0,0.0,14,4,100.0,20,26,46,90.2,3,100.0,0,0,0,0,9.0,0,0,0,0,1,1,0,0,0,0,1,0,0,1,0,0.0,0.0,2,1,1,0,0,,6,85.71,0,0,0,5,1,0,0,0,,0,0,0,0,0.0,0,0,0,0,6,0,0,0,0,0,0,0,0,0,0,0.0,0.0,0,1,0,0,1,0,0.0,0,5,3,60.0,0,7,0,0,9,90.0,4,23,28,51,7.6,1,0,63,1,1,0,,,,,
Mile Svilar,793986,Roma,2702,italy,2324,1350,15,15,7.51,0,0,0,,0.02,6,0,0.0,7,59,43.38,36,413,449,85.04,6,100.0,0,0,0,0,124.0,0,0,0,5,7,15,0,0,0,0,0,0,1,0,0,0.0,89.0,19,17,2,0,0,1.16,4,100.0,0,16,0,79,0,1,0,0,,0,0,0,0,0.0,2,0,1,0,79,0,5,0,0,1,36,23,61,0,21,0.0,0.0,0,0,0,0,0,1,100.0,1,0,0,0.0,1,14,1,0,10,100.0,136,103,425,528,112.7,0,2,697,4,1,0,24615.0,1280000.0,K,24.0,Serbia
Lautaro Martínez,823984,Inter,2697,italy,2324,2668,33,31,7.5,24,3,27,17.64,1.96,19,2,13.33,233,21,65.63,401,202,601,79.08,38,58.46,27,0,0,1,90.0,7,13,27,8,9,33,0,0,45,15,166,0,0,46,0,22.22,0.0,16,12,4,21,3,,100,41.84,2,0,5,159,20,36,5,12,,0,0,3,1,66.67,0,2,0,2,331,28,0,0,17,0,0,0,0,0,0,111.17,0.0,0,88,20,34,47,19,32.76,0,22,16,72.73,36,42,58,15,138,45.39,32,536,239,760,247.5,108,4,1291,59,5,0,213654.0,11110000.0,F,26.0,Argentina
Khvicha Kvaratskhelia,889259,Napoli,2714,italy,2324,2750,34,32,7.48,11,6,17,11.15,5.4,56,23,23.23,373,63,73.26,692,252,921,85.67,14,41.18,20,0,0,0,99.0,11,14,46,2,7,34,0,0,48,34,223,0,0,25,1,8.59,0.0,40,34,6,9,2,,220,52.01,1,0,2,154,13,63,2,4,,0,0,0,0,0.0,0,0,0,2,452,20,0,0,8,0,0,0,0,0,0,250.0,25.0,4,79,49,37,45,101,50.75,0,42,21,50.0,63,95,199,99,234,51.2,86,900,274,1075,254.2,128,7,1873,80,8,0,39423.0,2050000.0,F,22.0,Georgia
Michele Di Gregorio,844609,Monza,2729,italy,2324,2874,33,33,7.45,0,0,0,0.0,0.05,87,0,0.0,42,243,45.94,124,730,854,74.39,8,88.89,1,0,0,0,291.0,0,0,0,12,25,33,0,0,1,3,5,1,1,0,0,0.0,223.0,35,29,6,0,0,12.29,6,60.0,0,17,0,294,1,0,0,0,,0,0,0,0,0.0,5,0,2,0,299,0,15,0,0,5,72,52,127,0,31,0.0,0.0,0,0,0,0,0,3,100.0,5,1,0,0.0,0,168,3,0,14,73.68,529,323,825,1148,245.7,0,7,1547,4,0,0,25000.0,1300000.0,K,26.0,Italy
Domenico Berardi,253367,Sassuolo,2793,italy,2324,1438,17,17,7.42,9,3,12,6.54,2.53,52,12,16.67,202,49,55.68,319,84,391,69.95,9,33.33,18,0,0,0,57.0,4,2,13,0,8,17,0,0,24,19,103,0,0,28,0,17.65,0.0,27,23,4,7,2,,56,39.72,0,0,1,168,13,27,8,4,,0,0,5,0,100.0,0,5,0,1,303,12,0,0,1,0,0,0,0,0,0,159.78,0.0,2,24,27,14,24,11,44.0,0,17,8,47.06,27,95,25,72,65,38.69,88,524,107,559,126.2,51,4,897,28,6,0,106923.0,5560000.0,F,29.0,Italy
Paulo Dybala,256219,Roma,2702,italy,2324,1977,28,25,7.42,13,9,22,10.59,4.05,38,25,28.41,291,42,73.68,553,227,755,84.26,7,25.0,21,0,0,0,83.0,10,5,14,0,6,28,0,0,41,16,131,0,1,12,1,22.03,0.0,27,26,1,11,2,,100,47.62,0,0,1,141,3,51,13,5,,0,1,7,0,100.0,0,7,0,0,369,11,0,0,0,0,0,0,0,0,0,152.08,20.0,5,33,26,22,23,28,39.44,0,22,13,59.09,50,67,71,88,107,44.96,57,733,251,896,207.7,59,7,1383,50,3,0,135385.0,7040000.0,F,30.0,Argentina
Rafael Leão,851284,Milan,2692,italy,2324,2523,34,29,7.42,9,9,18,10.02,8.11,27,23,21.3,291,28,68.29,529,208,714,79.96,25,56.82,19,0,0,0,78.0,18,7,23,6,15,34,0,0,41,5,147,0,0,27,0,12.86,0.0,31,23,8,9,0,,144,52.94,0,0,2,179,9,59,2,17,,0,0,0,1,0.0,0,0,0,2,446,18,0,0,7,0,0,0,0,0,0,280.33,0.0,0,48,22,22,25,77,55.8,0,16,10,62.5,59,55,138,108,169,53.48,41,772,229,893,252.2,70,8,1516,52,5,0,123269.0,6410000.0,F,24.0,Portugal
Federico Dimarco,284361,Inter,2697,italy,2324,2105,30,29,7.35,5,6,11,2.9,7.46,53,56,28.57,277,48,57.83,523,388,855,85.24,6,40.0,9,0,0,0,99.0,14,2,11,1,24,30,0,0,7,18,58,1,0,12,0,9.8,0.0,17,13,4,3,2,,69,58.47,0,0,0,148,9,62,5,5,,0,1,0,0,0.0,0,0,0,0,349,12,0,0,0,0,0,0,0,0,0,421.0,0.0,3,25,26,21,19,6,33.33,0,42,25,59.52,61,86,18,196,75,56.39,83,760,439,1003,220.4,51,4,1589,21,0,0,124615.0,6480000.0,D,26.0,Italy
Alessandro Bastoni,826188,Inter,2697,italy,2324,2283,28,28,7.35,1,3,4,1.23,3.12,114,18,23.68,296,141,64.38,685,931,1598,89.83,39,56.52,30,0,0,0,119.0,10,1,4,9,43,28,0,0,10,14,89,0,1,31,0,6.67,10.0,16,13,3,1,0,,85,59.03,0,0,2,181,23,23,1,0,,0,0,0,0,0.0,0,0,0,0,295,7,0,0,0,0,0,0,0,0,0,2283.0,0.0,0,13,2,5,6,10,55.56,0,46,33,71.74,23,183,18,76,124,58.22,219,846,1009,1779,205.7,15,7,2192,31,5,0,195962.0,10190000.0,D,24.0,Italy
Luis Alberto,111416,Lazio,2699,italy,2324,2328,33,29,7.31,5,7,12,4.74,4.78,44,34,22.67,470,55,55.56,822,471,1259,83.71,10,34.48,19,0,0,0,140.0,9,3,15,3,10,33,0,0,24,38,111,0,0,16,0,8.93,0.0,26,22,4,4,1,,83,47.43,0,0,3,245,7,64,0,6,,0,0,0,0,0.0,0,0,0,0,452,19,0,0,5,0,0,0,0,0,0,465.6,0.0,4,21,35,26,15,25,60.98,0,35,20,57.14,64,91,41,150,93,45.59,99,1135,519,1504,241.1,56,3,1988,23,7,0,142500.0,7410000.0,M,31.0,Spain
Marcus Thuram,791702,Inter,2697,italy,2324,2707,35,34,7.3,13,7,20,14.31,3.57,7,7,33.33,190,6,42.86,316,159,468,73.93,73,59.84,49,0,0,0,66.0,6,11,17,5,19,35,0,0,35,9,131,0,0,35,0,16.88,0.0,19,16,3,12,1,,98,54.44,1,0,2,165,4,29,3,20,,0,0,0,0,0.0,0,0,0,5,311,15,0,0,9,0,0,0,0,0,0,208.23,0.0,0,69,8,31,29,33,75.0,0,23,15,65.22,29,14,44,21,171,56.62,14,452,202,633,255.5,77,1,1078,45,3,0,147885.0,7690000.0,F,26.0,France
Charles De Ketelaere,960441,Atalanta,2686,italy,2324,2046,35,25,7.28,10,8,18,7.08,4.14,19,10,21.28,288,17,65.38,428,131,549,75.62,39,52.7,35,0,0,0,93.0,11,4,6,1,5,35,0,0,54,10,148,0,0,17,0,22.22,0.0,27,22,5,9,1,,119,51.29,2,0,2,177,7,50,6,6,,1,1,1,0,100.0,0,1,0,0,399,24,0,0,2,0,0,0,0,0,0,204.6,0.0,0,39,6,14,25,40,53.33,0,33,21,63.64,49,31,75,47,158,51.63,26,620,153,726,254.8,45,4,1233,47,1,0,61731.0,3210000.0,F,23.0,Belgium
Danilo,124992,Juventus,2687,italy,2324,2451,29,27,7.27,1,1,2,1.34,0.95,72,5,27.78,249,134,55.37,670,845,1510,87.13,38,57.58,28,0,0,0,142.0,1,1,5,14,92,28,0,0,3,16,73,0,0,26,0,5.88,67.0,22,16,6,1,0,,81,64.29,0,0,0,223,37,21,0,1,,0,0,0,0,0.0,0,0,0,0,275,5,0,0,1,0,0,0,0,0,0,2451.0,0.0,0,9,8,10,2,8,88.89,0,60,36,60.0,21,151,9,18,119,61.98,242,838,913,1733,203.6,17,6,2168,14,7,0,98654.0,5130000.0,D,32.0,Brazil
Matías Soulé,1082406,Frosinone,2801,italy,2324,3136,36,36,7.26,11,3,14,10.46,5.34,36,28,28.57,507,35,50.72,800,368,1140,81.49,11,20.0,44,0,0,1,175.0,8,6,24,2,8,36,0,0,77,21,256,0,0,18,1,13.25,0.0,62,55,7,9,2,,190,47.26,2,0,6,259,18,84,8,1,,1,2,6,1,83.33,0,5,0,0,632,32,0,0,1,0,0,0,0,0,0,285.09,14.29,7,36,47,35,24,102,50.25,0,41,27,65.85,82,74,203,98,201,43.98,69,1079,418,1399,261.4,83,4,2252,47,4,0,10769.0,560000.0,F,20.0,Argentina
Ademola Lookman,824200,Atalanta,2686,italy,2324,1899,31,22,7.25,11,7,18,9.21,4.78,14,18,26.09,285,9,52.94,475,153,610,80.16,18,46.15,21,0,0,0,89.0,10,8,18,1,0,31,0,0,42,14,139,0,1,28,0,16.42,0.0,26,24,2,9,2,,93,44.08,1,0,1,151,9,50,1,12,,0,0,0,0,0.0,0,0,0,1,351,20,0,0,9,0,0,0,0,0,0,172.64,0.0,0,54,13,25,24,39,51.32,0,20,15,75.0,50,25,76,69,111,44.4,17,655,175,761,224.8,67,5,1221,34,4,0,44423.0,2310000.0,F,26.0,Nigeria
Christian Pulišić,817957,Milan,2692,italy,2324,2620,36,32,7.25,12,8,20,8.04,4.53,10,32,31.68,311,9,47.37,587,234,789,82.36,16,38.1,26,0,0,0,100.0,7,4,16,4,7,36,0,0,33,13,140,0,1,19,0,18.46,0.0,31,24,7,10,2,,127,52.7,0,0,3,169,10,45,7,4,,0,1,0,0,0.0,0,0,0,1,405,13,0,0,5,0,0,0,0,0,0,218.33,0.0,0,46,19,18,31,47,46.53,0,35,26,74.29,44,30,101,101,143,50.53,19,788,271,958,261.0,65,3,1516,45,2,0,98654.0,5130000.0,F,25.0,United States
Nicola Leali,98059,Genoa,2713,italy,2324,177,3,2,7.25,0,0,0,0.0,0.01,12,0,0.0,6,21,40.38,17,20,37,53.62,0,0.0,0,0,0,0,10.0,0,0,0,0,0,2,0,0,0,0,0,0,0,0,0,0.0,10.0,2,2,0,0,0,0.78,0,0.0,0,2,0,32,0,0,0,0,,0,0,0,0,0.0,0,0,0,0,32,0,0,0,0,1,4,3,7,0,1,0.0,0.0,0,0,0,0,0,0,0.0,1,0,0,0.0,0,28,0,0,0,0.0,52,41,28,69,14.5,0,0,83,0,1,0,8846.0,460000.0,K,30.0,Italy
Victor Osimhen,822471,Napoli,2714,italy,2324,1990,25,22,7.25,15,3,18,15.4,0.88,4,0,0.0,87,4,44.44,144,47,191,71.0,38,44.19,48,1,0,1,40.0,5,15,22,1,17,25,0,0,28,2,124,0,0,31,0,16.67,0.0,28,25,3,15,0,,55,41.98,5,0,2,78,2,23,0,35,,0,0,5,0,60.0,0,3,0,3,215,19,0,1,10,0,0,0,0,0,0,132.67,0.0,0,82,8,27,41,16,45.71,0,9,5,55.56,23,12,35,14,93,42.86,9,222,61,269,181.2,90,3,626,31,4,1,246538.0,12820000.0,F,25.0,Nigeria
Benjamin Pavard,787505,Inter,2697,italy,2324,1689,23,21,7.25,0,2,2,0.7,1.82,29,3,12.5,176,56,62.22,431,723,1151,91.64,35,53.85,30,0,0,0,68.0,2,1,2,7,42,23,0,0,0,4,55,0,1,23,0,0.0,0.0,11,8,3,0,0,,51,67.11,0,0,1,105,32,10,0,2,,0,0,0,0,0.0,0,0,0,0,136,4,0,0,0,0,0,0,0,0,0,0.0,0.0,0,9,6,8,5,2,66.67,0,34,21,61.76,10,56,3,24,86,60.99,90,523,757,1256,166.7,15,6,1498,15,6,0,123269.0,6410000.0,D,27.0,France
Matteo Politano,235672,Napoli,2714,italy,2324,2384,37,31,7.25,8,7,15,7.15,6.04,80,41,30.37,456,66,61.11,730,232,921,83.05,4,25.0,12,0,0,1,91.0,14,3,27,0,8,37,0,1,24,23,109,1,0,11,0,10.67,0.0,34,27,7,7,1,,87,47.28,0,0,3,188,15,71,8,2,,0,0,3,0,66.67,0,2,0,1,411,18,0,1,0,0,0,0,0,0,0,298.0,0.0,4,32,43,29,19,31,44.29,0,19,8,42.11,71,144,70,135,91,45.5,108,979,265,1109,268.1,75,2,1638,38,2,0,114038.0,5930000.0,F,30.0,Italy
Giovanni Di Lorenzo,153257,Napoli,2714,italy,2324,3235,36,36,7.24,1,6,7,3.09,5.44,112,21,16.67,594,99,69.72,1157,826,1962,87.08,28,40.58,41,0,0,0,141.0,5,2,7,6,38,36,0,0,23,36,159,0,0,28,0,2.7,0.0,45,39,6,1,0,,112,48.7,0,0,1,291,24,53,0,5,,0,2,0,0,0.0,0,0,0,0,507,6,0,0,1,0,0,0,0,0,0,3235.0,0.0,0,34,3,23,7,18,33.96,0,58,36,62.07,51,181,53,126,140,46.82,142,1473,906,2253,260.7,37,7,3153,37,6,0,106923.0,5560000.0,D,30.0,Italy
Albert Guðmundsson,804909,Genoa,2713,italy,2324,3022,35,34,7.24,14,4,18,9.89,6.51,40,64,35.75,309,40,60.61,590,302,828,81.58,3,11.54,23,0,0,1,136.0,6,6,14,6,11,35,0,0,51,32,166,0,0,28,1,24.56,0.0,37,32,5,11,3,,111,43.7,0,0,4,187,11,82,3,11,,0,1,5,0,80.0,0,4,0,1,495,16,0,0,11,0,0,0,0,0,0,215.86,12.5,8,29,28,19,24,42,50.6,0,23,10,43.48,81,84,83,179,114,40.71,66,864,330,1015,253.4,57,2,1671,46,4,0,29615.0,1540000.0,F,26.0,Iceland
Elia Caprile,947954,Empoli,2705,italy,2324,2070,23,23,7.23,0,0,0,0.0,0.04,26,0,0.0,29,137,35.4,102,322,424,62.44,12,85.71,2,0,0,0,200.0,1,0,0,5,30,23,2,0,0,0,2,1,1,1,0,0.0,159.0,27,25,2,0,0,0.96,6,100.0,0,27,0,255,0,2,0,0,,0,0,0,0,0.0,5,0,1,0,266,0,14,0,0,9,56,23,80,0,15,0.0,0.0,0,0,0,0,0,0,0.0,9,1,0,0.0,2,56,0,0,18,90.0,387,319,360,679,166.4,0,0,977,7,0,0,12308.0,640000.0,K,22.0,Italy
Adrien Rabiot,250737,Juventus,2687,italy,2324,2651,31,30,7.23,5,3,8,3.48,3.96,26,13,28.89,311,30,55.56,599,374,960,84.43,55,57.89,40,0,0,0,150.0,6,2,9,14,29,31,0,0,19,15,137,0,0,44,0,13.16,0.0,24,18,6,5,0,,123,55.91,2,0,0,177,25,26,3,6,,0,0,0,0,0.0,0,0,0,0,310,16,0,0,0,0,0,0,0,0,0,530.2,0.0,0,24,14,12,17,28,57.14,0,58,39,67.24,26,48,49,45,178,56.51,54,762,420,1137,224.2,38,3,1625,38,8,0,172500.0,8970000.0,M,28.0,France
Henrikh Mkhitaryan,37151,Inter,2697,italy,2324,2803,36,35,7.22,2,8,10,3.62,4.35,51,5,15.63,499,62,70.45,939,506,1440,88.02,15,48.39,16,0,0,0,182.0,6,4,11,7,35,36,0,0,19,25,110,0,0,35,0,5.13,0.0,18,14,4,2,0,,110,53.92,0,0,0,196,29,42,1,3,,0,2,0,0,0.0,0,0,0,1,303,16,0,0,1,0,0,0,0,0,0,1401.5,0.0,0,20,19,22,6,19,52.78,0,62,34,54.84,40,72,36,32,125,53.19,88,1114,554,1636,259.8,39,2,2063,29,4,0,93654.0,4870000.0,M,35.0,Armenia
Nicolás González,901325,Fiorentina,2693,italy,2324,1913,29,21,7.21,12,2,14,10.42,3.13,33,5,12.82,254,40,70.18,399,138,532,74.09,66,55.0,54,0,1,1,84.0,3,10,16,1,8,29,0,0,29,20,165,0,0,21,0,13.79,0.0,28,23,5,12,0,,96,46.38,5,0,6,186,12,22,5,2,,0,0,3,0,33.33,0,1,0,0,353,18,0,0,2,0,0,0,0,0,0,159.42,0.0,2,60,27,36,35,34,41.98,0,28,18,64.29,22,50,81,39,162,49.54,57,587,170,718,209.2,87,3,1197,36,1,0,74038.0,3850000.0,F,25.0,Argentina
Gianluca Scamacca,807301,Atalanta,2686,italy,2324,1464,29,17,7.2,12,6,18,6.54,1.53,31,1,16.67,137,33,86.84,231,62,292,69.03,21,38.18,34,0,0,0,32.0,6,6,8,0,9,29,0,0,48,7,127,0,0,28,0,20.0,0.0,12,10,2,9,3,,58,38.41,2,0,3,131,4,33,1,9,,0,0,0,0,0.0,0,0,0,0,272,12,0,0,9,0,0,0,0,0,0,122.0,0.0,0,41,19,26,26,15,57.69,0,15,9,60.0,33,43,26,6,79,38.35,38,353,76,423,208.7,60,5,740,28,1,0,114038.0,5930000.0,F,25.0,Italy
Antonio Candreva,27982,Salernitana,2710,italy,2324,2757,34,32,7.19,6,6,12,4.86,4.12,93,50,22.42,364,70,57.38,646,336,932,81.68,0,0.0,1,0,0,0,93.0,7,3,22,2,20,34,0,0,18,16,67,0,0,11,0,9.23,0.0,60,55,5,3,3,,76,53.52,0,0,2,209,7,60,1,21,,0,0,1,0,100.0,0,1,0,0,459,5,0,0,5,0,0,0,0,0,0,459.5,0.0,3,33,32,22,21,15,41.67,0,18,13,72.22,60,179,36,223,76,53.15,122,986,378,1141,244.6,65,3,1692,43,5,0,46346.0,2410000.0,M,36.0,Italy
Giacomo Bonaventura,36784,Fiorentina,2693,italy,2324,2285,31,27,7.19,8,3,11,5.66,5.37,50,18,33.33,327,54,59.34,602,320,904,84.96,14,43.75,18,0,0,1,120.0,4,3,20,2,8,31,0,0,29,12,94,0,0,20,0,15.38,0.0,29,24,5,7,1,,91,54.49,0,0,2,160,14,41,2,1,,0,0,1,0,0.0,0,0,0,0,289,21,0,0,6,0,0,0,0,0,0,285.63,0.0,1,24,28,16,16,30,65.22,0,26,13,50.0,41,94,46,54,105,52.76,91,775,343,1064,223.0,52,3,1439,35,6,0,53462.0,2780000.0,M,34.0,Italy
Riccardo Calafiori,957602,Bologna,2685,italy,2324,2350,30,26,7.19,2,5,7,1.4,0.92,37,4,44.44,165,76,62.3,498,1108,1602,89.85,60,71.43,24,0,0,0,194.0,2,1,4,10,74,30,0,0,12,10,86,0,3,35,0,11.76,34.0,20,17,3,2,0,,87,58.39,0,0,0,181,50,17,1,2,,1,0,0,2,0.0,0,0,0,0,239,6,0,0,1,0,0,0,0,0,0,1175.0,0.0,0,11,6,7,6,13,65.0,0,47,32,68.09,17,65,20,9,147,63.09,122,606,1186,1783,215.8,17,5,2174,27,4,0,14231.0,740000.0,D,21.0,Italy
Teun Koopmeiners,803033,Atalanta,2686,italy,2324,2633,34,29,7.19,12,5,17,6.53,5.43,57,42,34.71,412,53,51.46,727,355,1040,81.57,29,46.03,34,0,0,0,150.0,9,6,18,6,32,34,0,0,43,33,187,0,0,53,1,22.22,0.0,34,27,7,9,3,,81,34.62,1,0,1,235,10,61,10,5,,0,1,2,1,100.0,0,2,0,0,462,23,0,0,1,0,0,0,0,0,0,219.42,50.0,2,32,22,16,20,19,39.58,0,39,24,61.54,60,95,48,121,110,37.04,103,984,412,1275,244.5,54,3,1835,23,5,0,36923.0,1920000.0,M,25.0,Netherlands
Lewis Ferguson,907152,Bologna,2685,italy,2324,2718,31,31,7.19,6,3,9,5.3,2.67,28,3,27.27,437,36,51.43,873,682,1552,88.89,41,50.0,41,0,0,0,142.0,2,6,21,10,25,31,0,0,22,21,148,0,1,52,0,10.0,0.0,24,21,3,5,1,,116,52.02,1,0,1,194,17,32,0,4,,0,0,0,1,0.0,0,0,0,1,267,9,0,0,5,0,0,0,0,0,0,453.0,0.0,0,43,17,19,20,14,48.28,0,37,21,56.76,32,41,29,11,157,51.48,70,1018,739,1746,222.9,60,2,2154,72,8,0,14808.0,770000.0,F,24.0,Scotland
Mike Maignan,191210,Milan,2692,italy,2324,2610,29,29,7.19,0,1,1,0.0,0.05,65,0,0.0,28,164,48.09,83,763,846,82.22,10,90.91,1,0,0,0,274.0,1,0,0,10,11,29,1,1,0,0,2,1,2,1,0,0.0,147.0,34,25,9,0,0,-4.07,5,83.33,0,34,0,183,1,3,0,0,,0,0,0,0,0.0,7,0,0,0,196,0,7,1,0,10,49,37,87,2,14,0.0,0.0,0,0,0,0,0,1,100.0,9,1,0,0.0,3,127,1,0,15,88.24,341,226,803,1029,208.5,0,2,1383,5,1,0,69038.0,3590000.0,K,28.0,France
Duván Zapata,38162,Torino,2696,italy,2324,3005,37,36,7.19,13,4,17,11.31,1.57,14,5,8.93,213,21,65.63,356,162,513,70.27,135,51.72,126,0,0,0,91.0,3,9,23,9,27,37,0,0,58,10,297,0,0,54,0,12.5,0.0,28,23,5,13,0,,126,42.42,8,0,1,217,7,29,2,23,,0,0,0,0,0.0,0,0,0,0,530,23,0,0,3,0,0,0,0,0,0,231.15,0.0,0,89,15,40,41,38,37.62,0,18,7,38.89,29,28,101,56,261,46.77,32,594,192,730,265.9,104,3,1443,71,2,0,89038.0,4630000.0,F,32.0,Colombia
Tijjani Noslin,1069244,Hellas Verona,2701,italy,2324,1346,17,17,7.18,5,4,9,3.63,0.98,2,4,26.67,112,2,25.0,172,63,231,71.74,49,40.5,72,0,0,0,65.0,1,4,6,1,14,17,0,0,13,10,134,0,0,24,0,13.89,0.0,20,19,1,4,1,,36,36.73,0,0,1,91,2,27,2,4,,0,1,0,0,0.0,0,0,0,2,185,19,0,0,3,0,0,0,0,0,0,269.2,0.0,0,23,13,15,15,8,33.33,0,18,8,44.44,26,5,24,15,85,38.81,8,261,76,322,122.1,36,3,558,10,2,0,14231.0,740000.0,F,24.0,Netherlands
Mattia Zaccagni,293581,Lazio,2699,italy,2324,1971,28,24,7.18,6,1,7,4.74,3.27,25,14,19.72,253,20,60.61,462,230,678,84.12,12,48.0,13,0,0,0,77.0,2,3,16,0,12,28,0,0,38,12,125,0,0,29,1,14.29,0.0,21,18,3,5,1,,159,58.67,0,0,2,128,21,29,2,7,,0,0,0,0,0.0,0,0,0,1,321,13,0,0,4,0,0,0,0,0,0,328.5,33.33,3,24,18,13,13,54,59.34,0,27,16,59.26,29,44,91,71,171,57.77,33,621,256,806,201.1,42,1,1335,79,8,0,67692.0,3520000.0,F,28.0,Italy
Theo Hernández,788027,Milan,2692,italy,2324,2795,32,31,7.18,5,4,9,4.94,4.57,35,21,30.88,334,54,48.65,796,783,1558,87.73,30,61.22,19,0,1,0,172.0,6,4,16,10,34,32,0,1,22,11,119,1,0,38,0,8.77,8.0,42,33,9,5,0,,116,53.7,0,0,3,218,23,45,5,2,,0,1,2,1,50.0,0,1,0,1,365,8,0,1,0,0,0,0,0,0,0,559.0,0.0,2,32,25,24,17,37,53.62,0,30,17,56.67,44,82,69,68,146,55.09,111,1005,839,1776,229.6,57,4,2400,50,11,0,98654.0,5130000.0,D,26.0,France
Lorenzo Pellegrini,555540,Roma,2702,italy,2324,1866,29,20,7.17,8,3,11,4.8,3.15,21,26,34.21,196,15,33.33,398,265,637,82.62,13,43.33,17,0,0,0,97.0,5,1,14,2,22,29,0,0,20,34,112,0,0,26,0,17.02,0.0,28,26,2,7,1,,88,48.09,0,0,1,134,20,38,2,3,,0,2,1,0,100.0,0,1,0,1,264,12,0,0,6,0,0,0,0,0,0,233.25,0.0,5,24,23,13,20,19,54.29,0,35,20,57.14,36,48,35,76,101,47.42,45,545,302,771,207.8,47,3,1172,35,7,0,124615.0,6480000.0,F,27.0,Italy
Vanja Milinković-Savić,356160,Torino,2696,italy,2324,3240,36,36,7.16,0,0,0,0.0,0.13,91,0,0.0,108,292,35.22,221,594,815,60.1,9,81.82,2,0,0,0,339.0,0,0,0,18,23,36,2,0,0,0,3,1,3,0,0,0.0,239.0,31,27,4,0,0,2.93,3,75.0,0,35,0,541,1,0,0,0,,0,0,0,0,0.0,6,0,0,0,553,0,9,0,0,13,55,48,103,1,22,0.0,0.0,0,0,0,0,0,0,0.0,13,1,0,0.0,0,215,1,0,12,80.0,829,711,645,1356,257.9,0,5,1717,2,2,0,25000.0,1300000.0,K,26.0,Serbia
Olivier Giroud,39070,Milan,2692,italy,2324,2373,35,28,7.16,15,8,23,14.17,2.37,13,0,0.0,115,6,66.67,203,133,336,69.42,60,50.85,58,0,0,1,31.0,10,11,9,3,22,35,0,1,14,12,117,0,0,31,0,19.48,0.0,28,23,5,15,0,,43,42.16,6,0,1,148,6,32,7,14,,0,0,5,1,80.0,0,4,0,0,233,9,0,1,1,0,0,0,0,0,0,158.2,0.0,2,69,8,32,36,3,33.33,0,17,11,64.71,32,19,9,3,103,46.82,9,324,163,484,250.6,77,4,775,24,1,0,86346.0,4490000.0,F,37.0,France
Francesco Acerbi,126816,Inter,2697,italy,2324,2386,29,26,7.16,3,1,4,1.61,1.29,57,2,22.22,109,97,64.67,469,1139,1606,91.15,71,65.14,38,0,0,0,102.0,2,1,5,12,76,29,0,0,1,3,60,0,1,19,0,20.0,9.0,19,16,3,3,0,,47,68.12,3,0,0,156,32,7,0,3,,0,0,0,0,0.0,0,0,0,0,172,0,0,0,0,0,0,0,0,0,0,795.33,0.0,0,13,2,4,6,2,66.67,0,22,13,59.09,7,92,3,9,118,66.29,150,560,1211,1762,207.5,15,3,2009,24,1,0,53462.0,2780000.0,D,35.0,Italy
Yann Sommer,16206,Inter,2697,italy,2324,3060,34,34,7.15,0,0,0,0.0,0.03,73,0,0.0,11,159,53.0,67,894,961,86.27,3,60.0,2,0,0,0,197.0,0,0,0,19,16,34,0,0,0,0,2,1,0,1,0,0.0,201.0,19,15,4,0,0,6.62,3,100.0,0,17,0,153,0,0,0,0,,0,0,0,1,0.0,4,0,1,0,158,0,9,0,0,3,48,31,80,0,20,0.0,0.0,0,0,0,0,0,0,0.0,3,2,1,50.0,0,123,0,0,6,75.0,300,159,955,1114,243.0,0,0,1365,1,1,0,61731.0,3210000.0,K,35.0,Switzerland
Pietro Terracciano,136856,Fiorentina,2693,italy,2324,2970,33,33,7.15,0,0,0,0.0,0.06,76,0,0.0,25,234,49.16,111,749,860,77.69,3,100.0,0,0,0,0,213.0,1,0,0,8,19,33,0,0,1,2,5,0,0,2,0,0.0,176.0,35,30,5,0,0,5.93,1,16.67,0,6,0,247,0,2,0,0,,0,0,0,2,0.0,7,0,1,0,254,0,11,0,0,7,76,15,92,0,26,0.0,0.0,0,0,0,0,0,0,0.0,7,1,1,100.0,2,115,0,0,4,44.44,476,310,797,1107,235.8,0,3,1361,2,3,0,28462.0,1480000.0,K,33.0,Italy
Marco Carnesecchi,865646,Atalanta,2686,italy,2324,2426,27,27,7.14,0,0,0,0.0,0.04,37,0,0.0,24,170,40.96,93,386,479,65.53,7,87.5,1,0,0,0,228.0,0,0,0,8,37,27,1,0,0,0,2,2,1,1,0,0.0,193.0,30,23,7,0,0,-0.38,2,66.67,0,18,0,252,0,0,0,0,,0,0,0,1,0.0,7,0,2,0,261,0,15,0,0,18,46,31,79,0,21,0.0,0.0,0,0,0,0,0,0,0.0,17,0,0,0.0,0,77,0,0,9,81.82,415,284,447,731,192.9,0,2,1029,2,0,0,28462.0,1480000.0,K,23.0,Italy
Bremer,885197,Juventus,2687,italy,2324,3234,36,36,7.14,3,0,3,1.62,0.84,57,0,0.0,152,140,53.23,591,1068,1659,86.32,102,63.35,59,0,0,0,196.0,0,2,5,15,144,36,0,0,8,8,134,0,0,60,0,16.67,44.0,29,23,6,3,0,,85,53.13,3,0,1,263,40,7,0,2,,0,0,0,1,0.0,0,0,0,0,298,4,0,0,0,0,0,0,0,0,0,1078.0,0.0,0,15,3,9,4,10,76.92,0,58,42,72.41,7,120,13,1,187,58.26,263,753,1170,1922,257.1,18,2,2355,17,9,0,178077.0,9260000.0,D,26.0,Brazil
Manuel Locatelli,363860,Juventus,2687,italy,2324,3019,36,34,7.14,1,4,5,1.37,2.45,146,6,60.0,431,173,62.68,934,759,1687,86.12,26,61.9,16,0,0,0,171.0,2,0,10,16,63,36,0,0,17,27,103,0,0,41,0,4.17,0.0,28,22,6,0,1,,106,54.92,0,0,0,272,25,26,0,2,,0,0,0,0,0.0,0,0,0,0,327,16,0,0,1,0,0,0,0,0,0,3019.0,0.0,0,8,16,11,3,13,72.22,0,69,43,62.32,26,253,18,10,132,56.17,276,1146,823,1959,257.1,24,0,2357,24,6,0,117500.0,6110000.0,M,26.0,Italy
Federico Ravaglia,850952,Bologna,2685,italy,2324,536,6,6,7.13,0,0,0,,0.0,2,0,0.0,1,18,31.58,10,134,144,78.69,1,100.0,0,0,0,0,39.0,0,0,0,4,3,6,0,0,0,0,0,0,0,0,0,0.0,34.0,3,2,1,0,0,2.54,1,100.0,0,1,0,39,0,0,0,0,,0,0,0,0,0.0,1,0,1,0,41,0,1,0,0,2,9,6,15,0,3,0.0,0.0,0,0,0,0,0,1,100.0,2,0,0,0.0,0,3,1,0,2,100.0,57,40,143,183,42.8,0,1,227,0,0,0,3269.0,170000.0,K,24.0,Italy
Marco Sportiello,176301,Milan,2692,italy,2324,630,7,7,7.13,0,0,0,0.0,0.01,15,0,0.0,5,30,49.18,18,157,175,84.54,0,0.0,0,0,0,0,68.0,0,0,0,2,3,7,0,0,0,0,0,0,0,0,0,0.0,17.0,11,10,1,0,0,-1.8,0,0.0,0,4,0,32,0,0,0,0,,0,0,0,0,0.0,1,0,0,0,34,0,1,0,0,1,14,9,23,0,6,0.0,0.0,0,0,0,0,0,0,0.0,1,0,0,0.0,0,27,0,0,0,0.0,61,41,166,207,49.9,0,1,279,0,0,0,17885.0,930000.0,K,31.0,Italy
Alessandro Buongiorno,870263,Torino,2696,italy,2324,2530,29,29,7.13,3,0,3,1.58,0.43,15,1,33.33,49,34,37.36,232,777,1008,85.35,80,57.14,60,0,0,0,127.0,0,1,1,14,130,29,0,0,4,10,138,0,0,69,0,23.08,1.0,22,19,3,3,0,,107,57.84,1,0,0,173,69,4,2,1,,0,0,0,1,0.0,0,0,0,1,210,3,0,0,0,0,0,0,0,0,0,843.33,0.0,0,13,0,6,6,0,0.0,0,70,39,55.71,4,26,4,3,187,57.54,91,340,844,1181,206.7,13,2,1600,39,7,0,28462.0,1480000.0,D,24.0,Italy
Federico Chiesa,845386,Juventus,2687,italy,2324,2207,33,25,7.12,9,2,11,6.43,5.58,13,40,34.19,244,10,71.43,382,97,439,77.29,0,0.0,9,0,0,0,62.0,12,9,24,3,4,33,0,0,40,10,119,0,0,13,0,12.0,0.0,22,18,4,8,1,,95,46.34,0,0,2,129,6,54,3,7,,0,0,1,0,100.0,0,1,0,1,369,12,0,0,6,0,0,0,0,0,0,245.22,0.0,5,46,29,24,27,35,42.17,0,20,10,50.0,54,30,83,117,95,44.39,14,569,116,568,235.1,75,2,1115,40,1,0,178077.0,9260000.0,F,26.0,Italy
Joshua Zirkzee,917007,Bologna,2685,italy,2324,2771,34,32,7.12,11,4,15,9.01,2.54,11,0,0.0,256,19,73.08,460,242,702,78.0,29,42.65,39,0,0,0,103.0,11,4,29,6,36,34,0,0,64,11,213,0,0,29,0,12.79,0.0,25,21,4,10,1,,111,38.95,0,0,0,198,3,43,5,5,,0,0,2,0,100.0,0,2,0,0,466,30,0,0,6,0,0,0,0,0,0,251.91,0.0,3,60,26,26,31,52,41.94,0,32,20,62.5,43,18,124,8,140,39.66,26,629,279,900,242.2,86,2,1523,27,8,0,22115.0,1150000.0,F,22.0,Netherlands
Ivan Provedel,308182,Lazio,2699,italy,2324,2699,30,30,7.12,0,0,0,0.0,0.04,75,0,0.0,20,198,53.51,60,672,732,80.09,6,100.0,0,0,0,0,181.0,0,0,0,9,18,30,0,0,0,2,3,1,0,0,0,0.0,176.0,33,28,5,0,0,-1.38,6,66.67,0,14,0,182,0,0,0,0,,0,0,0,0,0.0,3,0,0,0,189,0,6,0,0,6,60,26,86,0,23,0.0,0.0,0,0,0,0,0,1,50.0,5,1,0,0.0,0,121,2,0,12,80.0,370,182,732,914,213.7,0,3,1156,7,0,0,35577.0,1850000.0,K,29.0,Italy
Arthur,794927,Fiorentina,2693,italy,2324,1993,33,23,7.12,2,3,5,1.05,2.33,39,9,42.86,342,91,68.94,774,585,1350,92.09,7,50.0,7,0,0,0,141.0,1,0,2,2,8,32,0,0,15,16,59,0,0,18,0,16.67,0.0,26,23,3,1,1,,103,66.45,0,0,0,116,18,34,0,0,,0,0,1,0,100.0,0,1,0,1,164,11,0,0,2,0,0,0,0,0,0,996.5,0.0,0,2,10,4,6,11,73.33,0,45,30,66.67,34,62,15,21,110,65.09,132,868,619,1466,227.7,12,3,1739,47,2,0,61731.0,3210000.0,M,27.0,Brazil
Yann Bisseck,906275,Inter,2697,italy,2324,911,16,9,7.11,2,0,2,0.9,0.44,10,1,20.0,57,27,71.05,175,408,582,92.53,18,50.0,18,0,0,0,37.0,1,0,1,6,23,14,0,0,4,3,37,0,0,6,0,16.67,0.0,6,6,0,2,0,,30,61.22,2,0,2,47,5,1,0,2,,0,0,0,0,0.0,0,0,0,0,74,3,0,0,0,0,0,0,0,0,0,455.5,0.0,0,10,2,7,4,5,41.67,0,14,6,42.86,1,15,12,5,48,56.47,38,205,429,629,99.6,12,3,758,11,0,0,19808.0,1030000.0,D,23.0,Germany
Aleksei Miranchuk,324353,Atalanta,2686,italy,2324,1181,27,12,7.11,3,5,8,5.37,4.55,22,34,40.96,198,15,36.59,354,98,418,77.99,8,42.11,11,0,0,0,69.0,9,10,4,2,4,24,0,0,15,8,70,0,1,12,0,8.11,0.0,10,7,3,3,0,,59,50.0,0,0,2,118,2,45,1,3,,0,0,0,0,0.0,0,0,0,0,252,12,0,0,2,0,0,0,0,0,0,393.67,0.0,0,24,13,11,22,17,38.64,0,12,6,50.0,45,39,44,83,67,48.91,41,495,124,536,170.7,37,3,838,31,1,0,53462.0,2780000.0,F,28.0,Russia
Leandro Paredes,255389,Roma,2702,italy,2324,2644,34,32,7.11,3,5,8,3.33,2.53,75,20,24.39,357,133,67.17,981,887,1848,90.9,14,82.35,3,0,0,0,184.0,3,0,10,7,39,34,0,1,9,44,92,0,1,31,0,9.38,1.0,34,31,3,3,0,,100,52.91,0,0,1,185,29,27,0,0,,0,0,3,1,100.0,0,3,0,0,279,14,0,1,3,0,0,0,0,0,0,881.33,0.0,4,6,26,16,6,8,57.14,0,57,36,63.16,27,126,14,82,114,55.34,198,1166,949,2033,241.7,32,1,2411,35,15,0,110962.0,5770000.0,M,29.0,Argentina
Jhon Lucumí,818481,Bologna,2685,italy,2324,2214,29,23,7.11,0,0,0,0.84,0.41,53,0,0.0,142,97,71.32,576,1145,1721,93.63,29,50.88,28,0,0,0,136.0,0,1,6,10,62,29,0,0,6,9,55,1,1,10,0,0.0,11.0,18,14,4,0,0,,74,73.27,0,0,0,117,16,4,0,1,,0,0,0,0,0.0,0,0,0,0,147,4,0,0,0,0,0,0,0,0,0,0.0,0.0,0,6,5,3,2,8,80.0,0,48,29,60.42,4,91,10,1,103,65.19,136,646,1193,1838,206.1,11,3,2113,18,2,0,18462.0,960000.0,D,25.0,Colombia
Lucas Martínez Quarta,795297,Fiorentina,2693,italy,2324,2299,29,26,7.1,5,1,6,2.74,1.13,100,2,40.0,216,141,45.78,592,768,1358,82.25,49,46.23,57,0,0,0,141.0,3,2,7,3,65,29,0,0,7,18,132,0,4,41,0,20.83,0.0,30,23,7,5,0,,101,57.39,4,0,2,293,30,15,0,1,,0,0,0,0,0.0,0,0,0,0,347,9,0,0,1,0,0,0,0,0,0,459.8,0.0,0,24,0,10,7,13,50.0,0,75,47,62.67,15,200,26,5,150,53.19,308,810,846,1651,205.9,24,3,2016,13,9,0,36923.0,1920000.0,D,27.0,Argentina
Piotr Zieliński,138605,Napoli,2714,italy,2324,1938,28,23,7.1,3,2,5,2.58,3.18,45,23,25.84,371,38,52.05,676,359,1012,87.54,6,35.29,11,0,0,0,87.0,5,1,11,1,15,28,0,0,14,12,67,0,0,15,0,10.0,0.0,25,25,0,1,2,,57,50.44,0,0,1,144,9,48,1,0,,0,0,1,0,100.0,0,1,0,0,272,13,0,0,2,0,0,0,0,0,0,646.0,0.0,3,12,18,10,9,16,50.0,0,23,15,65.22,48,86,32,89,63,48.46,73,860,385,1156,198.8,30,3,1455,18,1,0,124615.0,6480000.0,M,29.0,Poland
Carlo Pinsoglio,46420,Juventus,2687,italy,2324,45,1,0,7.1,0,0,0,,0.0,2,0,0.0,0,3,33.33,0,13,13,65.0,0,0.0,0,0,0,0,4.0,0,0,0,0,0,1,0,0,0,0,0,0,0,0,0,0.0,0.0,0,0,0,0,0,0.53,0,0.0,0,0,0,7,0,0,0,0,,0,0,0,0,0.0,0,0,0,0,7,0,0,0,0,0,2,1,3,0,0,0.0,0.0,0,0,0,0,0,0,0.0,0,0,0,0.0,0,4,0,0,0,0.0,9,1,19,20,7.1,0,0,24,0,0,0,10769.0,560000.0,K,33.0,Italy
Bryan Cristante,186855,Roma,2702,italy,2324,3292,37,37,7.09,3,4,7,3.98,3.06,97,6,20.69,403,108,55.1,942,841,1777,83.08,82,57.75,60,0,0,0,203.0,5,4,16,11,49,37,0,0,21,22,184,0,2,77,0,5.56,0.0,44,42,2,2,1,,105,45.85,2,0,4,362,25,30,0,4,,0,0,0,1,0.0,0,0,0,0,449,10,0,0,1,0,0,0,0,0,0,1097.33,0.0,0,35,19,29,9,17,68.0,0,72,41,56.94,30,170,25,29,187,50.4,196,1231,937,2139,262.5,54,1,2568,16,8,0,99808.0,5190000.0,M,28.0,Italy
Mathías Olivera,805078,Napoli,2714,italy,2324,1572,23,18,7.09,1,1,2,0.55,1.3,32,8,29.63,223,26,54.17,469,407,868,87.59,37,55.22,30,0,0,0,101.0,0,0,4,4,21,23,0,0,16,16,76,0,0,9,0,8.33,0.0,18,17,1,1,0,,78,62.9,0,0,0,123,20,19,1,1,,0,0,0,0,0.0,0,0,0,0,187,6,0,0,0,0,0,0,0,0,0,1572.0,0.0,0,12,0,7,1,11,68.75,0,50,29,58.0,19,54,16,27,115,60.21,48,563,455,991,163.0,12,1,1435,17,3,0,36923.0,1920000.0,D,26.0,Uruguay
Cristiano Biraghi,122848,Fiorentina,2693,italy,2324,2358,29,27,7.09,2,5,7,1.6,4.34,48,54,23.89,337,78,45.61,674,467,1087,82.66,8,36.36,14,0,0,1,98.0,8,1,6,5,40,29,0,0,6,24,92,0,0,44,1,11.76,0.0,31,26,5,1,1,,65,45.45,0,0,0,228,14,46,1,1,,0,0,1,0,0.0,0,0,0,0,484,4,0,0,1,0,0,0,0,0,0,1179.0,14.29,7,3,14,5,6,4,30.77,0,47,28,59.57,46,119,13,226,73,44.24,171,1025,516,1315,205.5,17,1,2082,14,8,0,60577.0,3150000.0,D,31.0,Italy
Éderson,946888,Atalanta,2686,italy,2324,2873,36,32,7.09,6,1,7,3.51,2.31,61,7,41.18,385,86,55.48,781,607,1381,84.41,35,56.45,27,0,0,0,188.0,2,3,10,9,28,36,0,0,36,19,143,0,1,45,0,15.79,0.0,38,34,4,6,0,,139,54.51,2,0,0,255,41,18,0,0,,0,0,0,0,0.0,0,0,0,0,361,11,0,0,4,0,0,0,0,0,0,478.83,0.0,0,23,15,17,11,22,55.0,0,83,49,59.04,18,109,40,17,174,54.89,155,959,694,1636,255.1,38,2,2127,34,8,0,49231.0,2560000.0,M,24.0,Brazil
Tijjani Reijnders,893549,Milan,2692,italy,2324,2830,36,33,7.09,3,3,6,3.23,4.14,27,13,33.33,447,52,72.22,928,633,1548,91.65,8,30.77,18,0,0,0,136.0,2,3,15,9,22,36,0,0,38,22,114,0,0,21,0,6.82,0.0,38,27,11,2,1,,101,51.27,0,0,3,141,18,51,0,1,,0,1,0,0,0.0,0,0,0,0,272,15,0,0,3,0,0,0,0,0,0,943.33,0.0,0,23,21,20,9,35,67.31,0,46,25,54.35,50,49,52,39,109,48.88,72,1062,666,1689,255.1,44,4,2121,20,8,0,41923.0,2180000.0,M,25.0,Netherlands
Lautaro Giannetti,233856,Udinese,2695,italy,2324,630,7,7,7.09,1,0,1,0.39,0.12,3,0,0.0,9,17,60.71,50,212,262,88.22,8,44.44,10,0,0,0,25.0,0,1,0,2,39,7,0,0,0,1,18,0,0,9,0,33.33,0.0,7,6,1,1,0,,10,55.56,0,0,0,35,19,1,1,0,,1,0,0,0,0.0,0,0,0,0,39,0,0,0,0,0,0,0,0,0,0,630.0,0.0,0,3,0,1,2,1,100.0,0,9,4,44.44,1,12,1,0,18,50.0,28,64,233,297,49.6,3,2,393,0,4,0,26731.0,1390000.0,D,30.0,Argentina
Etrit Berisha,35656,Empoli,2705,italy,2324,1260,14,14,7.09,0,0,0,0.0,0.01,23,0,0.0,8,56,27.45,31,235,266,64.1,7,100.0,0,0,0,0,129.0,0,0,0,4,19,14,0,0,0,1,1,1,0,0,0,0.0,90.0,25,21,4,0,0,-4.17,2,66.67,0,10,0,149,0,0,0,0,,0,0,0,0,0.0,3,0,1,0,156,0,12,0,0,3,32,18,50,0,16,0.0,0.0,0,0,0,0,0,0,0.0,2,0,0,0.0,0,87,0,0,9,90.0,204,151,264,415,99.2,0,2,582,2,0,0,14231.0,740000.0,K,34.0,Albania
Amir Rrahmani,332155,Napoli,2714,italy,2324,2602,30,30,7.08,3,0,3,2.18,0.73,102,1,25.0,203,176,61.32,743,1279,2021,90.22,79,63.2,46,0,0,0,140.0,1,4,7,4,85,30,0,0,6,16,88,0,0,19,0,12.0,19.0,39,32,7,3,0,,50,54.35,1,0,1,219,20,14,0,2,,0,0,0,1,0.0,0,0,0,0,243,2,0,0,2,0,0,0,0,0,0,867.33,0.0,0,24,1,10,8,10,76.92,0,33,27,81.82,14,174,13,4,129,59.45,287,895,1349,2240,212.5,25,2,2516,7,5,0,61731.0,3210000.0,D,29.0,Kosovo
Andrea Colpani,928122,Monza,2729,italy,2324,2683,38,36,7.08,8,4,12,4.84,4.61,54,37,33.33,310,60,66.67,531,213,707,82.69,9,26.47,25,0,0,0,86.0,7,5,22,1,12,38,0,0,38,9,135,0,0,23,0,12.31,0.0,40,34,6,6,2,,97,46.86,1,0,2,148,14,56,5,2,,0,0,0,0,0.0,0,0,0,0,365,17,0,0,2,0,0,0,0,0,0,335.38,0.0,9,32,33,24,19,28,41.18,0,25,15,60.0,56,87,68,111,106,43.98,90,714,252,855,269.1,65,4,1369,44,1,0,17885.0,930000.0,F,24.0,Italy
Wladimiro Falcone,256667,Lecce,2689,italy,2324,3420,38,38,7.08,0,0,0,0.0,0.03,50,0,0.0,12,183,33.95,111,508,619,63.03,7,100.0,0,0,0,0,275.0,0,0,0,7,40,38,0,0,0,0,0,1,1,0,0,0.0,248.0,54,48,6,0,0,-0.25,3,100.0,0,19,0,363,1,1,0,0,,0,0,0,0,0.0,6,0,1,1,368,0,19,0,0,7,85,35,125,0,27,0.0,0.0,0,0,0,0,0,0,0.0,7,0,0,0.0,1,117,0,0,10,100.0,539,394,588,982,269.1,0,3,1347,5,0,0,21346.0,1110000.0,K,28.0,Italy
Felipe Anderson,152276,Lazio,2699,italy,2324,2782,38,33,7.08,5,6,11,4.4,4.72,30,11,19.3,343,28,43.75,669,326,984,78.53,15,48.39,16,0,0,0,139.0,11,4,16,7,21,38,0,0,32,56,188,0,0,30,0,11.63,0.0,31,27,4,5,0,,157,47.72,0,0,1,269,27,43,2,4,,0,1,0,0,0.0,0,0,0,0,491,20,0,0,3,0,0,0,0,0,0,556.4,0.0,1,32,11,16,11,43,44.33,0,78,45,57.69,42,66,97,57,172,47.78,64,912,398,1253,269.0,43,2,1869,36,3,0,54231.0,2820000.0,F,30.0,Brazil
Nicolò Barella,363856,Inter,2697,italy,2324,2860,37,34,7.08,2,3,5,5.1,4.52,107,13,25.49,588,102,59.3,1085,732,1804,86.44,20,57.14,15,0,0,0,167.0,5,7,10,8,11,37,0,0,29,44,138,1,0,28,0,5.0,0.0,18,14,4,2,0,,102,45.33,0,0,2,283,10,43,2,3,,0,1,0,0,0.0,0,0,0,1,430,19,0,0,0,0,0,0,0,0,0,1430.0,0.0,0,22,18,18,12,29,54.72,0,46,30,65.22,42,201,53,51,122,46.92,172,1340,798,2087,261.8,40,3,2512,27,7,0,231538.0,12040000.0,M,27.0,Italy
Christos Mandas,913762,Lazio,2699,italy,2324,721,9,8,7.08,0,0,0,,0.01,20,0,0.0,8,53,38.97,23,130,153,63.75,3,100.0,0,0,0,0,54.0,0,0,0,4,5,8,0,0,0,1,1,0,1,0,0,0.0,29.0,6,6,0,0,0,1.26,2,66.67,0,5,0,87,1,0,0,0,,0,0,0,0,0.0,0,0,0,0,88,0,2,0,0,3,9,14,23,1,6,0.0,0.0,0,0,0,0,0,2,100.0,2,0,0,0.0,0,33,2,0,5,83.33,136,91,149,240,56.6,0,0,309,1,0,0,5000.0,260000.0,K,22.0,Greece
Yacine Adli,859024,Milan,2692,italy,2324,1421,24,17,7.07,1,2,3,0.3,2.05,52,16,32.0,288,79,73.83,680,438,1102,88.8,15,60.0,10,0,0,0,94.0,2,0,2,3,15,23,0,0,10,22,73,0,1,26,0,25.0,0.0,22,18,4,1,0,,65,50.78,0,0,0,139,20,23,1,1,,0,1,0,1,0.0,0,0,0,0,212,6,0,0,0,0,0,0,0,0,0,1421.0,0.0,0,2,2,1,1,22,73.33,0,34,17,50.0,22,89,30,50,80,52.29,107,833,458,1241,162.6,4,2,1493,9,3,0,19808.0,1030000.0,M,23.0,France
Josep Martínez,845291,Genoa,2713,italy,2324,3240,36,36,7.07,0,0,0,0.0,0.07,108,0,0.0,57,297,43.55,171,741,912,69.25,19,95.0,1,0,0,0,311.0,0,0,0,8,51,36,1,0,0,0,3,1,2,2,0,0.0,171.0,43,37,6,0,0,-2.53,8,80.0,0,39,0,405,1,1,0,0,,0,0,0,1,0.0,4,0,1,0,413,0,30,1,0,17,51,37,88,1,23,0.0,0.0,0,0,0,0,0,3,100.0,17,0,0,0.0,1,211,3,0,27,90.0,682,490,827,1317,254.5,0,0,1638,11,2,1,17885.0,930000.0,K,25.0,Spain
Maduka Okoye,891656,Udinese,2695,italy,2324,1890,21,21,7.07,0,0,0,,0.04,6,0,0.0,36,103,37.45,89,141,230,57.21,8,80.0,2,0,0,0,116.0,0,0,0,5,20,21,2,0,0,0,2,2,0,1,0,0.0,161.0,25,22,3,0,0,-0.3,2,100.0,0,6,0,172,1,0,0,0,,0,0,0,1,0.0,3,0,0,0,177,0,16,0,0,2,44,21,65,0,14,0.0,0.0,0,0,0,0,0,0,0.0,2,0,0,0.0,0,17,0,0,10,83.33,275,241,161,402,148.4,0,2,556,4,2,0,12308.0,640000.0,K,24.0,Nigeria
Riccardo Orsolini,793645,Bologna,2685,italy,2324,1792,33,19,7.06,10,2,12,7.62,3.92,27,26,26.0,168,23,56.1,309,178,461,74.0,17,48.57,18,0,1,0,69.0,11,8,6,3,17,33,0,0,23,21,117,0,1,17,0,17.24,0.0,17,12,5,9,1,,94,48.7,0,0,1,162,8,36,9,14,,0,0,3,0,66.67,0,2,0,0,358,8,0,0,1,0,0,0,0,0,0,179.2,0.0,5,38,20,27,25,31,43.66,0,23,14,60.87,36,50,71,100,111,48.68,41,499,224,623,233.1,58,3,1081,41,2,0,71154.0,3700000.0,F,27.0,Italy
Ondrej Duda,246319,Hellas Verona,2701,italy,2324,2469,32,29,7.06,1,4,5,2.23,2.98,51,32,34.04,252,85,48.3,527,374,869,78.57,8,29.63,19,0,0,1,195.0,4,1,6,5,19,32,0,0,24,21,129,0,0,54,0,4.17,0.0,36,33,3,1,0,,130,54.17,0,0,1,237,26,53,0,0,,0,0,1,0,0.0,0,0,0,0,389,18,0,2,1,0,0,0,0,0,0,2469.0,0.0,3,7,17,11,7,21,61.76,0,59,39,66.1,53,126,34,94,138,51.69,176,761,439,1106,226.0,24,1,1593,51,10,2,21154.0,1100000.0,M,29.0,Slovakia
Mario Gila Fuentes,965828,Lazio,2699,italy,2324,1813,21,21,7.06,0,0,0,0.54,0.83,38,4,50.0,121,85,62.96,427,717,1140,90.19,31,41.33,44,0,0,0,109.0,1,0,2,6,64,21,0,0,6,15,87,0,0,21,0,0.0,18.0,18,15,3,0,0,,62,59.05,0,0,0,124,20,7,0,1,,0,0,0,0,0.0,0,0,0,0,155,1,0,1,0,0,0,0,0,0,0,0.0,0.0,0,5,3,4,2,9,69.23,0,32,14,43.75,7,66,13,8,93,51.67,135,505,767,1264,148.2,8,0,1540,23,2,1,24615.0,1280000.0,D,23.0,Spain
Wojciech Szczęsny,50490,Juventus,2687,italy,2324,3150,35,35,7.06,0,0,0,0.0,0.03,98,0,0.0,20,202,48.91,95,553,648,74.65,5,83.33,1,0,0,0,230.0,0,0,0,15,20,35,0,0,0,0,2,1,1,1,0,0.0,174.0,30,23,7,0,0,-0.26,1,50.0,0,26,0,220,1,1,0,0,,0,0,0,1,0.0,3,0,1,0,227,0,9,0,0,5,44,36,81,1,25,0.0,0.0,0,0,0,0,0,1,100.0,5,0,0,0.0,1,169,1,0,6,75.0,413,259,609,868,247.0,0,0,1151,2,1,0,231538.0,12040000.0,K,33.0,Poland
Lorenzo Montipò,253391,Hellas Verona,2701,italy,2324,3330,37,37,7.06,0,1,1,0.0,0.15,82,0,0.0,89,363,43.16,281,393,674,58.3,6,85.71,1,0,0,0,266.0,0,0,0,8,35,37,0,0,0,2,3,0,2,0,0,0.0,305.0,49,44,5,0,0,-7.07,3,60.0,0,21,0,482,0,1,0,0,,0,0,0,0,0.0,2,0,0,0,491,0,10,0,0,15,67,38,106,1,30,0.0,0.0,0,0,0,0,0,0,0.0,15,1,1,100.0,1,169,0,0,9,75.0,841,694,462,1156,261.1,0,0,1458,3,0,0,9615.0,500000.0,K,27.0,Italy
Ismaël Bennacer,823733,Milan,2692,italy,2324,1151,20,13,7.05,2,2,4,1.66,1.59,19,6,18.75,187,24,63.16,400,306,700,89.97,13,39.39,20,0,0,0,78.0,3,0,5,1,7,20,0,0,18,11,75,0,2,18,0,16.67,0.0,19,13,6,2,0,,72,56.69,0,0,0,78,12,17,2,1,,0,0,1,0,100.0,0,1,0,0,153,4,0,0,0,0,0,0,0,0,0,575.5,0.0,1,7,5,5,2,17,62.96,0,29,19,65.52,17,34,27,32,85,53.13,38,485,325,778,141.0,12,2,1005,26,2,0,135385.0,7040000.0,M,26.0,Algeria
Morten Frendrup,918440,Genoa,2713,italy,2324,3146,37,36,7.05,2,5,7,1.7,1.39,20,2,16.67,199,26,40.0,493,471,962,80.98,32,52.46,29,0,0,0,197.0,4,1,11,7,33,37,0,0,14,36,135,1,0,49,0,6.67,0.0,43,38,5,1,1,,183,63.32,0,0,0,226,51,14,1,1,,0,1,0,1,0.0,0,0,0,0,323,19,0,0,1,0,0,0,0,0,0,1573.0,0.0,0,13,17,15,4,16,66.67,0,133,72,54.14,13,53,24,12,215,61.43,65,649,551,1188,260.7,30,2,1732,35,6,0,19808.0,1030000.0,M,22.0,Denmark
Marten de Roon,100389,Atalanta,2686,italy,2324,2599,30,29,7.04,0,5,5,0.6,1.2,60,3,18.75,323,115,52.75,724,709,1430,85.07,37,57.81,27,0,0,0,164.0,1,0,4,11,49,30,0,0,8,47,127,0,0,43,0,0.0,0.0,29,25,4,0,0,,105,51.22,0,0,0,251,40,23,0,3,,0,0,0,1,0.0,0,0,0,0,298,19,0,0,0,0,0,0,0,0,0,0.0,0.0,0,1,15,9,3,3,37.5,0,80,43,53.75,23,112,8,16,142,52.79,218,904,793,1681,211.3,16,0,2037,24,10,0,35577.0,1850000.0,M,32.0,Netherlands
Dušan Vlahović,832208,Juventus,2687,italy,2324,2318,33,27,7.04,16,4,20,16.67,1.59,17,1,14.29,135,12,63.16,246,134,379,71.64,38,40.86,55,0,0,2,60.0,3,19,29,1,11,33,0,0,42,7,153,0,0,31,2,14.55,0.0,23,18,5,12,4,,60,37.97,3,0,3,150,1,29,8,13,,0,0,4,0,50.0,0,2,0,0,300,17,0,1,5,0,0,0,0,0,0,144.88,28.57,7,84,26,42,39,18,43.9,0,9,5,55.56,29,25,41,7,98,39.04,19,362,174,529,232.4,110,5,931,34,6,1,249231.0,12960000.0,F,24.0,Serbia
Johan Vásquez,889785,Genoa,2713,italy,2324,2858,37,32,7.04,1,1,2,1.86,1.14,44,4,13.33,128,74,37.37,337,631,964,78.31,77,57.46,57,0,0,0,101.0,1,1,8,7,107,36,0,0,11,18,126,0,0,36,0,2.94,31.0,33,28,5,0,1,,99,58.93,0,0,6,267,45,11,1,4,,0,0,0,1,0.0,0,0,0,0,370,4,0,0,0,0,0,0,0,0,0,2858.0,0.0,0,32,2,16,10,10,58.82,0,51,33,64.71,11,113,17,30,176,58.28,198,549,712,1231,253.5,34,3,1841,38,6,0,19808.0,1030000.0,D,25.0,Mexico
Lazar Samardžić,980624,Udinese,2695,italy,2324,2380,34,28,7.04,6,2,8,3.58,5.0,61,40,32.26,230,58,63.04,455,264,679,81.03,14,28.57,35,0,0,0,142.0,6,1,19,4,22,34,0,0,20,23,153,0,0,29,0,10.53,0.0,28,27,1,5,1,,105,47.09,0,0,2,159,10,62,4,0,,0,0,1,1,100.0,0,1,0,0,382,11,0,0,2,0,0,0,0,0,0,396.67,0.0,13,13,44,21,17,47,48.96,0,40,19,47.5,62,111,96,124,119,43.75,92,655,307,838,239.3,57,0,1384,18,3,0,9808.0,510000.0,M,21.0,Serbia
Armand Laurienté,932643,Sassuolo,2793,italy,2324,2926,37,35,7.04,5,4,9,5.73,3.89,19,21,15.56,293,21,44.68,457,159,595,78.39,6,17.14,29,0,0,0,138.0,5,5,19,1,7,37,0,0,55,31,199,0,0,34,0,5.95,0.0,55,47,8,4,1,,149,46.71,0,0,2,164,15,47,1,4,,0,0,0,0,0.0,0,0,0,1,479,14,0,0,4,0,0,0,0,0,0,585.2,0.0,11,39,45,35,30,63,53.85,0,31,20,64.52,47,50,117,135,155,43.79,47,710,184,759,260.3,84,0,1461,55,5,0,22115.0,1150000.0,F,25.0,France
Alberto Dossena,870211,Cagliari,2719,italy,2324,2979,35,33,7.03,2,4,6,2.21,1.25,69,0,0.0,92,107,44.58,284,753,1037,80.02,122,63.21,71,0,0,0,190.0,4,3,3,5,168,35,0,0,10,16,133,1,1,38,0,8.33,1.0,51,46,5,2,0,,98,61.25,1,0,1,259,45,12,1,0,,2,0,0,0,0.0,0,0,0,0,298,3,0,0,0,0,0,0,0,0,0,1489.5,0.0,0,23,1,15,6,5,62.5,0,55,35,63.64,12,133,8,1,220,62.32,240,460,837,1296,246.2,24,4,1789,42,5,0,14231.0,740000.0,D,25.0,Italy
Nikola Vlašić,357596,Torino,2696,italy,2324,2614,33,30,7.03,3,2,5,2.41,3.61,29,12,32.43,355,21,60.0,576,228,792,82.93,25,39.06,39,0,0,0,152.0,3,1,20,7,11,33,0,0,35,26,137,0,0,26,0,6.52,0.0,29,25,4,2,1,,93,48.69,0,0,1,163,11,35,1,9,,0,0,0,0,0.0,0,0,0,0,302,26,0,0,2,0,0,0,0,0,0,871.33,0.0,1,22,24,15,11,28,63.64,0,28,16,57.14,35,47,44,37,118,46.27,35,733,259,955,232.1,46,2,1364,37,3,0,49231.0,2560000.0,F,26.0,Croatia
Mario Pašalić,190437,Atalanta,2686,italy,2324,2048,34,23,7.03,6,6,12,7.11,3.32,51,1,10.0,272,49,63.64,546,440,985,87.17,36,53.73,31,0,0,0,124.0,7,8,8,4,31,34,0,0,13,17,91,0,0,20,0,15.0,0.0,29,22,7,6,0,,47,43.93,0,0,1,145,16,31,2,6,,0,0,2,0,100.0,0,2,0,0,217,12,0,0,4,0,0,0,0,0,0,341.33,0.0,0,35,5,14,18,12,50.0,0,28,17,60.71,31,70,24,10,83,47.7,77,656,484,1130,239.0,40,3,1398,7,3,0,35577.0,1850000.0,F,28.0,Croatia
Michael Kayode,1137431,Fiorentina,2693,italy,2324,2063,26,22,7.03,1,1,2,0.51,1.42,17,20,30.3,196,47,50.54,418,502,900,87.04,17,48.57,18,0,0,0,105.0,1,0,2,6,40,26,0,0,8,13,73,0,2,14,0,14.29,0.0,20,18,2,1,0,,94,63.09,0,0,0,134,18,15,0,2,,0,0,0,0,0.0,0,0,0,0,301,5,0,0,1,0,0,0,0,0,0,2063.0,0.0,0,2,5,3,2,22,51.16,0,53,30,56.6,15,37,43,66,111,60.33,93,550,550,1034,182.7,7,1,1597,19,2,0,35577.0,1850000.0,D,19.0,Italy
Alexis Saelemaekers,901891,Bologna,2685,italy,2324,1892,30,21,7.03,4,2,6,2.63,3.55,15,25,29.07,253,37,77.08,496,277,748,83.11,9,56.25,7,0,0,0,112.0,1,3,6,3,9,30,0,0,25,15,119,0,1,16,1,13.79,0.0,18,15,3,1,3,,129,53.53,0,0,1,152,13,44,0,2,,0,0,0,0,0.0,0,0,0,1,359,14,0,1,4,0,0,0,0,0,0,473.0,25.0,4,14,15,13,10,40,40.82,0,32,22,68.75,44,22,98,86,138,53.7,48,669,317,900,210.8,29,1,1392,58,5,1,24615.0,1280000.0,F,24.0,Belgium
Romelu Lukaku,78893,Roma,2702,italy,2324,2644,32,30,7.03,13,3,16,9.83,1.5,10,3,23.08,192,7,53.85,304,134,435,72.38,52,48.15,56,0,0,1,52.0,5,10,17,7,19,32,0,1,32,2,125,0,1,24,0,20.0,0.0,30,28,2,13,0,,33,32.35,3,0,1,166,0,29,7,25,,0,0,1,0,0.0,0,0,0,0,285,14,0,1,2,0,0,0,0,0,0,203.38,0.0,0,58,7,20,28,11,45.83,0,6,5,83.33,29,19,24,13,85,40.48,13,453,161,601,224.8,65,1,903,17,5,0,172500.0,8970000.0,F,30.0,Belgium
Nicolò Fagioli,901850,Juventus,2687,italy,2324,440,8,4,7.03,0,2,2,0.38,0.86,13,7,36.84,52,12,75.0,104,86,183,91.04,1,100.0,0,0,0,0,23.0,2,0,1,0,1,8,0,0,4,4,13,0,0,3,0,0.0,0.0,4,2,2,0,0,,13,50.0,0,0,1,18,4,11,0,1,,0,0,0,0,0.0,0,0,0,0,46,0,0,0,0,0,0,0,0,0,0,0.0,0.0,1,3,3,3,2,3,60.0,0,5,3,60.0,11,18,5,19,14,51.85,16,133,87,201,56.2,6,0,274,5,1,0,53462.0,2780000.0,M,22.0,Italy
Milan Đurić,76132,Monza,2729,italy,2324,2471,37,26,7.02,9,2,11,7.53,0.71,4,0,0.0,85,4,30.77,190,131,321,53.15,223,71.25,90,1,0,1,54.0,5,5,7,3,40,37,0,0,22,5,157,0,0,49,0,17.65,0.0,41,33,8,9,0,,53,44.17,6,0,3,283,1,21,0,7,,0,0,3,0,33.33,0,1,0,0,357,5,0,0,3,0,0,0,0,0,0,274.56,0.0,0,50,1,23,21,4,57.14,0,6,5,83.33,21,11,7,2,276,63.74,13,424,182,604,259.9,51,3,872,45,4,0,17308.0,900000.0,F,33.0,Bosnia-Herzegovina
Ruben Loftus-Cheek,284441,Milan,2692,italy,2324,2081,29,26,7.02,6,1,7,3.68,1.99,12,4,30.77,218,7,43.75,440,179,615,85.77,43,56.58,33,0,0,0,91.0,1,0,14,3,10,29,0,0,22,12,123,0,1,39,0,15.0,0.0,28,22,6,5,1,,103,53.37,1,0,0,102,9,25,1,1,,0,0,0,0,0.0,0,0,0,1,193,11,0,0,4,0,0,0,0,0,0,346.83,0.0,0,28,12,12,14,30,60.0,0,28,18,64.29,25,19,50,13,146,54.28,16,523,207,717,203.7,40,1,1042,45,5,0,98654.0,5130000.0,M,28.0,England
Daichi Kamada,794338,Lazio,2699,italy,2324,1553,29,17,7.02,2,2,4,1.82,2.11,16,1,9.09,208,27,65.85,482,324,805,89.05,3,15.79,16,0,0,0,75.0,5,1,10,2,7,29,0,0,15,24,100,0,0,39,0,6.9,0.0,14,11,3,1,1,,80,48.78,0,0,2,99,18,24,2,2,,0,0,0,0,0.0,0,0,0,0,158,10,0,0,0,0,0,0,0,0,0,776.5,0.0,0,14,15,11,8,14,66.67,0,53,36,67.92,24,26,21,11,83,45.36,41,567,348,904,203.7,29,1,1161,13,3,0,74038.0,3850000.0,F,27.0,Japan
Alessandro Florenzi,152420,Milan,2692,italy,2324,1746,31,19,7.02,1,4,5,1.67,3.53,79,45,36.89,214,77,55.0,487,474,916,87.49,8,32.0,17,0,0,0,97.0,3,0,6,3,19,30,0,0,5,22,66,0,1,11,0,3.13,0.0,23,19,4,1,0,,52,51.49,1,0,0,131,20,46,0,2,,0,1,0,0,0.0,0,0,0,0,255,6,0,0,0,0,0,0,0,0,0,1746.0,0.0,4,4,28,16,10,1,8.33,0,43,21,48.84,45,136,12,122,60,47.62,140,652,517,1047,210.7,32,2,1488,9,5,0,106923.0,5560000.0,D,32.0,Italy
Alexis Sánchez,34120,Inter,2697,italy,2324,780,23,6,7.02,2,5,7,3.24,2.8,29,5,16.13,135,28,84.85,205,71,271,80.9,9,40.91,13,0,0,0,28.0,7,1,4,2,2,23,0,0,15,3,48,0,0,14,0,11.11,0.0,4,3,1,2,0,,37,51.39,0,0,0,64,1,18,0,8,,0,0,1,0,100.0,0,1,0,0,136,8,0,0,2,0,0,0,0,0,0,390.0,0.0,2,13,5,8,6,12,60.0,0,7,6,85.71,18,42,20,31,46,48.94,33,287,79,335,161.5,18,1,499,19,0,0,89038.0,4630000.0,F,35.0,Chile
Raoul Bellanova,826185,Torino,2696,italy,2324,3063,37,36,7.02,1,7,8,2.06,4.49,30,44,24.72,240,55,66.27,529,472,957,85.37,31,48.44,33,0,0,0,127.0,10,1,10,9,30,37,0,0,23,13,116,1,2,14,0,3.13,0.0,33,28,5,1,0,,131,61.21,0,0,0,164,15,52,0,2,,0,0,0,0,0.0,0,0,0,0,454,6,0,0,1,0,0,0,0,0,0,3063.0,0.0,0,22,10,19,3,43,55.13,0,36,26,72.22,52,51,78,178,162,58.27,83,770,529,1121,259.8,32,1,1978,53,5,0,42692.0,2220000.0,M,23.0,Italy
Stefan de Vrij,91046,Inter,2697,italy,2324,1592,25,17,7.02,1,0,1,0.57,0.37,8,0,0.0,44,27,55.1,241,690,931,92.36,46,64.79,25,0,0,0,85.0,0,0,4,11,49,24,0,0,0,7,39,0,0,8,0,10.0,4.0,5,4,1,1,0,,22,61.11,1,0,0,77,24,2,0,0,,0,0,0,0,0.0,0,0,0,0,85,1,0,0,0,0,0,0,0,0,0,1592.0,0.0,0,9,1,3,3,2,100.0,0,18,13,72.22,2,18,2,0,68,63.55,49,277,731,1008,168.4,10,2,1167,2,0,0,135385.0,7040000.0,D,31.0,Netherlands
Nicolas Viola,21608,Cagliari,2719,italy,2324,1208,26,11,7.02,5,2,7,3.4,3.16,24,43,32.09,120,19,45.24,248,108,313,74.35,18,36.0,32,0,0,1,49.0,9,3,7,0,6,26,0,0,23,10,96,0,0,16,0,13.16,0.0,18,18,0,5,0,,54,45.76,2,0,1,108,2,33,3,2,,0,0,1,1,0.0,0,0,0,0,287,9,0,0,0,0,0,0,0,0,0,241.6,0.0,6,17,21,19,12,16,47.06,0,13,9,69.23,33,46,34,134,72,42.86,42,430,125,421,182.4,38,3,791,25,3,0,26731.0,1390000.0,M,34.0,Italy
Fikayo Tomori,788255,Milan,2692,italy,2324,2125,26,24,7.02,4,0,4,3.71,0.24,17,1,33.33,52,46,44.23,370,1161,1530,91.34,29,50.88,28,0,0,0,105.0,0,1,2,7,65,26,0,0,0,11,65,0,1,26,0,23.53,60.0,27,18,9,4,0,,53,58.89,2,0,0,145,26,4,0,1,,0,0,0,1,0.0,0,0,0,0,157,1,0,1,2,0,0,0,0,0,0,531.25,0.0,0,15,2,7,8,2,50.0,0,42,24,57.14,4,43,4,3,82,55.78,104,444,1234,1675,182.4,17,2,1926,9,6,1,86346.0,4490000.0,D,26.0,England
Federico Gatti,1128063,Juventus,2687,italy,2324,2640,32,30,7.01,4,0,4,5.5,1.29,38,6,31.58,172,74,51.75,489,635,1118,86.07,50,60.24,33,0,0,0,116.0,4,6,8,11,82,32,0,0,12,5,96,0,1,39,0,11.43,0.0,27,20,7,4,0,,57,47.5,1,0,1,181,19,10,0,0,,2,0,0,0,0.0,0,0,0,1,251,2,0,0,3,0,0,0,0,0,0,660.0,0.0,0,24,11,20,7,9,47.37,0,33,19,57.58,10,84,19,19,107,52.71,143,639,679,1299,224.4,35,4,1690,15,7,0,49808.0,2590000.0,D,25.0,Italy
Remo Freuler,115516,Bologna,2685,italy,2324,2632,32,30,7.01,1,1,2,1.22,1.34,18,0,0.0,354,26,38.81,867,833,1700,91.06,20,41.67,28,0,0,0,137.0,1,2,6,8,48,32,0,0,16,31,119,0,2,44,0,7.14,0.0,22,19,3,1,0,,101,52.6,0,0,0,167,36,20,1,0,,0,1,0,1,0.0,0,0,0,0,226,12,0,0,0,0,0,0,0,0,0,2632.0,0.0,0,8,6,4,4,8,72.73,0,78,50,64.1,19,35,11,9,121,50.42,67,975,901,1867,224.4,14,1,2246,15,9,0,35577.0,1850000.0,M,31.0,Switzerland
Rémi Oudin,842709,Lecce,2689,italy,2324,1826,31,21,7.01,3,2,5,1.78,4.03,39,48,30.77,150,63,51.64,300,180,432,69.01,12,50.0,12,0,0,0,96.0,8,0,13,1,20,31,0,0,20,7,62,0,0,16,1,8.82,0.0,23,19,4,0,3,,41,45.05,0,0,3,194,20,58,2,3,,0,0,0,0,0.0,0,0,0,0,356,8,0,0,1,0,0,0,0,0,0,608.67,25.0,4,11,23,13,8,4,36.36,0,26,14,53.85,58,84,11,156,53,46.09,122,564,218,626,217.3,34,2,1027,11,3,0,12308.0,640000.0,F,27.0,France
Alex Sandro,84854,Juventus,2687,italy,2324,728,16,8,7.01,1,0,1,0.39,0.68,15,3,60.0,82,24,51.06,205,228,430,87.93,12,57.14,9,0,0,0,34.0,1,0,1,1,23,14,0,0,4,1,33,0,0,17,0,20.0,9.0,6,4,2,1,0,,28,53.85,0,0,0,59,15,5,0,0,,0,0,0,0,0.0,0,0,0,0,90,0,0,0,0,0,0,0,0,0,0,728.0,0.0,0,5,0,3,1,3,50.0,0,13,7,53.85,5,35,6,5,40,54.79,47,251,243,489,98.1,5,1,664,12,1,0,213654.0,11110000.0,D,33.0,Brazil
Giorgio Scalvini,1012176,Atalanta,2686,italy,2324,2553,33,31,7.01,1,3,4,1.43,1.47,38,3,60.0,182,45,31.47,495,757,1249,81.74,81,65.85,42,0,0,0,163.0,2,1,5,9,66,33,0,0,12,21,123,0,0,48,0,5.26,0.0,33,29,4,0,1,,78,49.06,0,0,1,279,59,11,0,4,,0,0,0,2,0.0,0,0,0,0,331,9,0,0,1,0,0,0,0,0,0,2553.0,0.0,0,15,4,8,6,15,78.95,0,53,33,62.26,11,86,19,5,159,56.38,143,676,857,1528,231.2,19,2,1932,11,3,0,53462.0,2780000.0,D,20.0,Italy
Matteo Pessina,350210,Monza,2729,italy,2324,3228,37,37,7.0,6,3,9,6.3,1.46,67,6,31.58,435,77,58.33,1001,898,1893,89.04,33,49.25,34,0,0,1,188.0,0,2,8,9,42,37,0,0,18,26,118,0,1,28,0,22.22,0.0,44,39,5,6,0,,101,54.59,1,0,0,233,27,27,5,1,,0,0,5,1,80.0,0,4,0,0,341,2,0,1,0,0,0,0,0,0,0,538.0,0.0,0,19,8,6,13,14,48.28,0,44,25,56.82,27,113,29,19,134,53.17,132,1164,981,2126,259.0,27,0,2546,44,3,1,28462.0,1480000.0,M,26.0,Italy
Riccardo Sottil,893640,Fiorentina,2693,italy,2324,1121,22,13,7.0,2,3,5,2.62,2.35,10,11,23.91,160,12,60.0,251,79,319,85.29,7,70.0,3,0,0,0,44.0,4,3,10,1,2,21,0,0,24,5,57,0,0,8,0,5.88,0.0,12,10,2,1,1,,65,54.62,0,0,0,55,2,13,0,6,,0,0,0,0,0.0,0,0,0,0,162,8,0,0,2,0,0,0,0,0,0,560.5,0.0,1,25,9,11,13,21,52.5,0,10,5,50.0,13,15,40,46,72,55.81,20,333,87,374,147.0,34,2,632,34,1,0,21346.0,1110000.0,F,24.0,Italy
Federico Di Francesco,320979,Lecce,2689,italy,2324,21,2,0,7.0,1,0,1,0.09,0.03,1,0,0.0,2,1,100.0,5,1,6,85.71,0,0.0,0,0,0,0,2.0,0,0,0,0,0,2,0,0,0,0,1,0,0,0,0,50.0,0.0,0,0,0,1,0,,1,50.0,0,0,0,1,0,0,0,0,,0,0,0,0,0.0,0,0,0,0,3,0,0,0,1,0,0,0,0,0,0,21.0,0.0,0,1,1,1,1,0,0.0,0,1,0,0.0,0,1,1,1,1,50.0,1,7,1,7,14.0,2,0,15,0,0,0,,,,,
Chaka Traorè,1099371,Milan,2692,italy,2324,21,2,0,7.0,1,0,1,0.08,0.01,0,0,0.0,2,0,0.0,6,3,9,81.82,0,0.0,1,0,0,0,1.0,0,0,0,0,0,2,0,0,1,1,4,0,0,1,0,100.0,0.0,1,0,1,1,0,,2,40.0,0,0,0,2,0,0,0,0,,0,0,0,0,0.0,0,0,0,0,3,0,0,0,1,0,0,0,0,0,0,21.0,0.0,0,1,0,0,1,0,0.0,0,2,1,50.0,0,0,0,0,2,33.33,0,8,3,11,14.0,1,0,17,0,0,0,8846.0,460000.0,F,18.0,Cote d'Ivoire
Weston McKennie,881931,Juventus,2687,italy,2324,2599,34,29,7.0,0,7,7,2.97,3.16,38,14,23.73,267,28,62.22,490,284,760,80.77,38,52.78,34,0,0,0,115.0,5,4,4,7,61,34,0,0,19,10,115,0,0,23,0,0.0,0.0,21,15,6,0,0,,77,48.73,0,0,1,181,18,41,0,6,,0,0,0,0,0.0,0,0,0,0,365,8,0,0,0,0,0,0,0,0,0,0.0,0.0,0,21,2,12,7,18,38.3,0,48,29,60.42,41,65,47,59,115,50.0,45,657,343,941,238.0,23,1,1528,12,6,0,61731.0,3210000.0,M,25.0,United States
Nicola Bagnolini,1085555,Bologna,2685,italy,2324,8,1,0,7.0,0,0,0,,0.0,0,0,0.0,1,1,50.0,1,1,2,66.67,0,0.0,0,0,0,0,0.0,0,0,0,0,0,1,0,0,0,0,0,0,0,0,0,0.0,2.0,0,0,0,0,0,0.02,0,0.0,0,0,0,1,0,0,0,0,,0,0,0,0,0.0,0,0,0,0,1,0,0,0,0,0,1,0,1,0,0,0.0,0.0,0,0,0,0,0,0,0.0,0,0,0,0.0,0,0,0,0,0,0.0,2,1,2,3,7.0,0,0,4,0,0,0,3269.0,170000.0,K,19.0,Italy
Emil Audero,318603,Inter,2697,italy,2324,337,4,4,7.0,0,0,0,,0.0,5,0,0.0,2,15,36.59,3,135,138,82.63,1,100.0,0,0,0,0,34.0,0,0,0,2,1,4,0,0,0,0,0,0,0,0,0,0.0,18.0,3,3,0,0,0,0.08,0,0.0,0,6,0,29,0,0,0,0,,0,0,0,0,0.0,0,0,0,0,31,0,0,0,0,1,4,4,8,0,1,0.0,0.0,0,0,0,0,0,0,0.0,1,0,0,0.0,0,9,0,0,1,100.0,41,17,150,167,28.0,0,0,212,0,0,0,28462.0,1480000.0,K,27.0,Italy
Nicolò Cambiaghi,971005,Empoli,2705,italy,2324,2562,37,29,6.99,1,1,2,3.87,2.73,9,28,21.37,184,18,62.07,323,155,450,81.23,10,28.57,25,0,0,0,99.0,3,4,27,1,6,37,0,0,36,19,163,0,0,48,0,1.41,0.0,42,36,6,0,1,,156,53.06,0,0,3,104,14,31,0,3,,0,0,0,0,0.0,0,0,0,2,352,28,0,0,1,0,0,0,0,0,0,2562.0,0.0,0,43,28,27,17,29,41.43,0,51,39,76.47,31,18,70,131,166,50.46,29,513,172,554,258.8,71,0,1153,77,3,0,17885.0,930000.0,F,23.0,Italy
Berat Djimsiti,151003,Atalanta,2686,italy,2324,2831,37,32,6.99,0,1,1,0.8,0.53,26,1,16.67,90,74,51.75,363,1074,1436,87.78,93,62.42,56,0,0,0,171.0,1,1,4,11,98,37,0,0,3,12,88,0,0,17,0,0.0,0.0,32,25,7,0,0,,53,62.35,0,0,0,200,57,7,0,0,,0,0,0,1,0.0,0,0,0,0,218,4,0,0,0,0,0,0,0,0,0,0.0,0.0,0,13,0,9,0,1,50.0,0,42,24,57.14,7,49,2,6,146,62.39,143,463,1179,1636,258.8,13,0,1995,11,4,0,28462.0,1480000.0,D,30.0,Albania
Luca Mazzitelli,369866,Frosinone,2801,italy,2324,2222,29,26,6.99,5,0,5,2.28,0.93,74,4,9.52,241,82,40.8,532,437,965,76.95,45,53.57,39,0,0,0,128.0,2,0,12,2,62,29,0,0,22,23,132,0,0,45,1,10.2,0.0,37,33,4,4,1,,89,48.9,1,0,2,289,19,13,1,1,,0,0,0,0,0.0,0,0,0,0,386,18,0,1,3,0,0,0,0,0,0,444.4,33.33,3,16,33,19,18,11,64.71,0,45,23,51.11,13,148,17,42,134,50.38,201,797,499,1254,202.7,49,1,1663,37,4,1,49808.0,2590000.0,M,28.0,Italy
Leonardo Pavoletti,132704,Cagliari,2719,italy,2324,626,19,5,6.99,4,1,5,2.61,0.3,8,0,0.0,40,4,36.36,67,19,86,56.21,57,57.58,42,0,0,0,12.0,0,1,3,0,7,17,0,0,5,1,62,0,0,19,0,16.0,0.0,11,10,1,4,0,,8,28.57,1,0,0,67,0,7,0,1,,0,0,0,0,0.0,0,0,0,1,101,5,0,0,3,0,0,0,0,0,0,156.5,0.0,0,24,1,13,9,0,0.0,0,1,1,100.0,7,15,0,1,65,51.18,11,127,27,153,118.8,25,1,244,7,4,0,25000.0,1300000.0,F,35.0,Italy
Jaka Bijol,886930,Udinese,2695,italy,2324,2083,24,23,6.99,0,0,0,1.89,0.51,45,0,0.0,45,67,44.37,173,470,643,78.8,86,76.11,27,0,0,0,85.0,0,1,5,6,137,24,0,0,4,13,71,1,0,28,0,0.0,5.0,29,25,4,0,0,,48,52.17,0,0,0,173,23,3,0,0,,0,0,0,0,0.0,0,0,0,0,184,0,0,0,0,0,0,0,0,0,0,0.0,0.0,0,15,0,8,2,0,0.0,0,43,27,62.79,3,92,0,1,134,65.37,151,281,536,816,167.7,15,1,1122,7,4,0,19808.0,1030000.0,D,24.0,Slovenia
Frank Anguissa,787941,Napoli,2714,italy,2324,2792,34,32,6.99,0,2,2,3.43,2.96,28,6,30.0,485,36,56.25,976,614,1584,87.95,47,51.09,45,0,0,0,174.0,6,5,13,6,17,34,0,0,31,35,178,0,1,41,0,0.0,0.0,36,31,5,0,0,,123,48.05,0,0,0,217,28,38,0,3,,0,0,0,0,0.0,0,0,0,0,358,19,0,0,0,0,0,0,0,0,0,0.0,0.0,0,21,12,14,6,25,44.64,0,61,33,54.1,38,49,56,20,170,48.85,64,1149,672,1801,237.5,33,0,2266,38,2,0,66538.0,3460000.0,M,28.0,Cameroon
Jovane Cabral,845802,Salernitana,2710,italy,2324,685,12,8,6.98,1,0,1,1.16,0.62,10,5,35.71,67,13,59.09,128,52,175,78.13,5,25.0,15,0,0,0,31.0,1,1,5,0,3,12,0,0,14,6,66,0,0,19,0,4.0,0.0,14,12,2,1,0,,47,47.96,0,0,4,49,1,10,0,6,,0,0,0,1,0.0,0,0,0,0,112,7,0,0,1,0,0,0,0,0,0,685.0,0.0,0,14,11,11,9,21,61.76,0,13,9,69.23,10,18,34,14,52,44.07,22,181,57,224,83.8,25,2,396,13,1,0,8654.0,450000.0,F,25.0,Cape Verde
Nehuén Pérez,913401,Udinese,2695,italy,2324,3239,36,36,6.98,0,0,0,1.34,0.4,77,3,15.79,167,118,45.38,448,735,1180,80.33,82,64.57,45,0,0,0,164.0,0,2,7,9,147,36,0,0,6,9,97,0,1,34,0,0.0,8.0,49,41,8,0,0,,97,65.1,0,0,0,289,45,7,0,0,,0,0,0,1,0.0,0,0,0,0,362,4,0,1,0,0,0,0,0,0,0,0.0,0.0,0,17,3,11,2,9,64.29,0,72,48,66.67,7,165,14,19,179,64.86,260,655,833,1469,251.4,20,1,2050,17,7,1,15962.0,830000.0,D,23.0,Argentina
Patrick Ciurria,346676,Monza,2729,italy,2324,1602,22,18,6.98,0,1,1,1.52,2.13,31,18,33.96,178,22,40.0,331,241,554,79.03,8,47.06,9,0,0,0,56.0,6,1,5,6,24,22,0,0,6,8,62,0,0,29,0,0.0,0.0,20,17,3,0,0,,52,49.52,0,0,1,147,9,30,0,4,,0,0,0,1,0.0,0,0,0,0,222,9,0,0,0,0,0,0,0,0,0,0.0,0.0,0,7,21,16,7,9,45.0,0,30,18,60.0,30,64,20,53,60,49.18,55,455,299,701,153.6,28,0,1053,14,2,0,28462.0,1480000.0,M,28.0,Italy
Cyril Ngonge,877037,Napoli,2714,italy,2324,1743,32,18,6.98,7,2,9,5.25,2.09,11,27,38.03,137,17,54.84,253,84,310,72.43,28,38.89,44,0,0,0,71.0,5,7,19,1,10,30,0,0,22,9,143,0,0,33,0,11.86,0.0,27,24,3,5,2,,88,47.06,0,0,1,118,4,30,6,4,,0,0,0,0,0.0,0,0,0,0,295,15,0,0,1,0,0,0,0,0,0,249.0,0.0,6,36,23,21,19,37,48.05,0,19,12,63.16,30,27,77,71,116,44.79,31,396,103,428,209.3,59,1,850,32,6,0,29615.0,1540000.0,F,23.0,Belgium
Giacomo Raspadori,865651,Napoli,2714,italy,2324,1595,37,14,6.98,5,3,8,5.88,3.03,34,13,20.0,183,42,62.69,347,174,508,79.87,8,29.63,19,0,1,0,53.0,8,3,20,1,5,37,0,0,18,9,75,0,0,17,1,8.2,0.0,18,16,2,4,1,,53,48.62,0,0,2,128,3,36,3,5,,0,0,1,0,0.0,0,0,0,0,252,7,0,0,2,0,0,0,0,0,0,319.0,25.0,4,37,24,17,24,14,50.0,0,21,10,47.62,36,58,28,65,61,44.85,67,506,195,636,258.1,61,1,941,19,0,0,89038.0,4630000.0,F,23.0,Italy
Gianluca Mancini,611210,Roma,2702,italy,2324,2872,36,34,6.98,4,1,5,1.91,1.14,66,5,20.83,226,91,45.27,594,1148,1737,87.82,42,54.55,35,0,0,0,106.0,2,1,2,10,74,36,0,0,10,16,108,0,1,49,0,21.05,21.0,37,36,1,4,0,,69,48.59,4,0,0,241,36,10,0,0,,0,0,0,0,0.0,0,0,0,0,282,3,0,0,0,0,0,0,0,0,0,718.0,0.0,0,16,3,10,7,4,80.0,0,34,20,58.82,10,155,5,24,111,50.68,201,797,1205,1978,251.1,19,3,2305,31,9,0,124615.0,6480000.0,D,27.0,Italy
Vincenzo Fiorillo,28378,Salernitana,2710,italy,2324,360,4,4,6.98,0,0,0,,0.01,0,0,0.0,4,29,28.43,24,20,44,37.61,2,100.0,0,0,0,0,27.0,0,0,0,0,3,4,0,1,0,0,0,1,0,0,0,0.0,54.0,8,6,2,0,0,-0.6,2,100.0,0,2,0,73,0,0,0,0,,0,0,0,0,0.0,0,0,0,0,75,0,3,1,0,1,13,5,18,0,2,0.0,0.0,0,0,0,0,0,0,0.0,1,0,0,0.0,0,3,0,0,4,100.0,102,92,25,117,27.9,0,0,156,3,1,0,9615.0,500000.0,K,34.0,Italy
Radu Drăguşin,997103,Genoa,2713,italy,2324,1710,19,19,6.97,2,1,3,1.02,0.91,9,0,0.0,44,18,30.51,138,430,568,82.8,59,70.24,25,0,0,0,62.0,1,1,2,3,87,19,0,0,4,1,43,0,3,14,0,11.76,43.0,24,22,2,2,0,,29,61.7,1,0,0,118,21,7,0,0,,0,0,0,0,0.0,0,0,0,0,139,0,0,0,1,0,0,0,0,0,0,855.0,0.0,0,15,2,11,4,0,0.0,0,16,11,68.75,7,35,1,1,88,67.18,59,220,467,686,132.5,17,2,929,14,1,0,17885.0,930000.0,D,21.0,Romania
Grigoris Kastanos,791566,Salernitana,2710,italy,2324,1486,26,18,6.97,3,3,6,2.87,1.53,26,7,18.42,184,32,64.0,308,120,421,75.18,24,40.0,36,0,0,0,85.0,3,1,12,0,7,25,0,0,28,11,102,0,0,18,0,10.0,0.0,31,30,1,3,0,,80,54.79,1,0,0,139,8,28,0,3,,0,0,0,0,0.0,0,0,0,0,264,4,0,0,2,0,0,0,0,0,0,495.33,0.0,1,11,19,8,10,13,54.17,0,23,14,60.87,28,47,24,38,104,50.49,50,445,153,560,174.3,30,1,900,44,5,0,3654.0,190000.0,M,26.0,Cyprus
Andrea Carboni,970978,Monza,2729,italy,2324,1490,21,16,6.97,1,0,1,1.2,0.39,35,4,19.05,106,40,43.48,309,495,800,86.86,22,56.41,17,0,0,0,56.0,0,3,6,4,53,21,0,0,2,11,45,0,1,12,0,5.56,1.0,17,16,1,0,1,,45,61.64,0,0,0,121,17,9,1,1,,0,0,0,0,0.0,0,0,0,0,162,0,0,0,0,0,0,0,0,0,0,1490.0,0.0,0,14,4,8,4,3,50.0,0,38,22,57.89,9,75,6,21,67,59.82,92,400,542,921,146.4,18,0,1171,5,1,0,17885.0,930000.0,D,22.0,Italy
Fabiano Parisi,972886,Fiorentina,2693,italy,2324,1452,21,16,6.97,0,1,1,0.94,1.32,37,7,16.67,178,42,59.15,387,334,714,85.61,25,55.56,20,0,0,0,124.0,4,2,5,2,21,21,0,0,17,11,69,0,0,14,0,0.0,0.0,20,18,2,0,0,,91,65.0,0,0,2,120,17,16,0,0,,0,0,0,3,0.0,0,0,0,0,230,10,0,0,0,0,0,0,0,0,0,0.0,0.0,0,6,6,5,2,24,68.57,0,30,15,50.0,16,57,35,42,116,62.7,71,500,376,834,146.4,12,1,1268,38,4,0,53462.0,2780000.0,D,23.0,Italy
Ivan Ilić,877371,Torino,2696,italy,2324,2107,31,25,6.97,3,2,5,2.14,4.61,38,35,38.46,266,30,42.25,605,491,1061,86.05,20,50.0,20,0,0,0,112.0,8,3,7,6,30,31,0,0,15,14,86,0,0,24,0,11.11,0.0,23,21,2,2,1,,64,49.23,1,0,1,172,20,47,2,1,,0,0,0,1,0.0,0,0,0,0,297,8,0,0,0,0,0,0,0,0,0,702.33,0.0,6,7,20,9,11,18,54.55,0,22,8,36.36,47,76,33,91,84,49.41,71,793,531,1233,216.1,27,1,1611,25,3,0,29615.0,1540000.0,M,22.0,Serbia
Roberto Gagliardini,287057,Monza,2729,italy,2324,2366,33,29,6.97,1,2,3,2.93,2.01,56,1,12.5,275,65,66.33,669,662,1330,90.6,46,54.76,38,0,0,0,140.0,2,6,9,6,37,33,0,0,14,19,100,0,0,26,0,2.78,0.0,37,32,5,1,0,,90,59.21,0,0,3,138,31,20,1,1,,0,0,0,1,0.0,0,0,0,0,198,8,0,0,0,0,0,0,0,0,0,2366.0,0.0,1,19,17,18,9,8,53.33,0,61,30,49.18,20,85,15,8,136,57.63,98,768,708,1468,230.0,36,1,1820,21,5,0,53462.0,2780000.0,M,30.0,Italy
Gabriel Strefezza,877201,Lecce,2689,italy,2324,1118,19,13,6.97,1,0,1,2.49,1.28,22,11,26.19,148,18,50.0,222,68,279,78.15,4,22.22,14,0,0,0,51.0,3,1,7,0,8,19,0,0,24,6,77,0,0,20,0,3.57,0.0,18,16,2,1,0,,76,54.68,0,0,0,78,7,21,0,3,,0,1,1,0,100.0,0,1,0,0,179,8,0,0,1,0,0,0,0,0,0,1118.0,0.0,1,9,19,15,6,15,50.0,0,24,17,70.83,20,43,30,42,80,50.96,36,320,79,357,132.4,28,0,640,37,4,0,8846.0,460000.0,F,26.0,Brazil
Alfred Duncan,232224,Fiorentina,2693,italy,2324,1900,30,24,6.97,2,5,7,1.49,2.83,47,21,32.31,259,75,58.14,515,280,774,81.13,29,49.15,30,0,0,0,117.0,1,2,7,1,13,30,0,0,19,20,109,0,0,26,0,8.7,0.0,25,20,5,1,1,,70,46.98,1,0,2,180,11,37,1,3,,0,1,0,0,0.0,0,0,0,0,283,16,0,0,0,0,0,0,0,0,0,950.0,0.0,0,7,16,10,6,20,55.56,0,35,22,62.86,36,87,36,65,99,47.6,129,697,322,954,209.0,23,1,1251,15,2,0,46346.0,2410000.0,M,30.0,Ghana
Stanislav Lobotka,150383,Napoli,2714,italy,2324,3293,38,38,6.97,0,1,1,0.6,1.64,85,1,33.33,417,85,65.38,1073,1006,2078,91.66,12,34.29,23,0,0,0,236.0,2,1,3,3,28,38,0,0,13,36,111,0,0,33,0,0.0,0.0,44,37,7,0,0,,116,56.86,0,0,0,189,30,23,0,0,,0,0,0,0,0.0,0,0,0,0,247,19,0,0,0,0,0,0,0,0,0,0.0,0.0,0,2,12,7,4,15,57.69,0,61,39,63.93,23,121,26,3,128,53.56,130,1195,1075,2267,264.7,14,0,2595,41,4,0,69038.0,3590000.0,M,29.0,Slovakia
Giangiacomo Magnani,812829,Hellas Verona,2701,italy,2324,2453,33,27,6.97,0,0,0,0.55,0.46,64,1,8.33,89,99,50.77,246,538,783,80.31,48,55.81,38,0,0,0,147.0,1,0,3,6,115,32,0,0,3,10,79,0,0,27,0,0.0,0.0,34,31,3,0,0,,68,62.39,0,0,0,192,45,6,0,0,,0,0,0,0,0.0,0,0,0,1,230,3,0,0,0,0,0,0,0,0,0,0.0,0.0,0,9,2,6,2,8,80.0,0,33,18,54.55,6,122,10,12,116,59.49,195,387,600,975,222.9,11,1,1341,30,6,0,21346.0,1110000.0,D,28.0,Italy
Łukasz Skorupski,44906,Bologna,2685,italy,2324,2880,32,32,6.97,0,0,0,0.0,0.02,62,0,0.0,15,149,41.85,57,608,665,75.48,2,50.0,2,0,0,0,197.0,0,0,0,13,18,32,3,0,0,1,3,1,2,0,0,0.0,188.0,29,24,5,0,0,-1.13,5,83.33,0,11,0,216,1,0,0,0,,0,0,0,0,0.0,6,0,1,0,222,0,7,0,0,6,45,33,80,1,20,0.0,0.0,0,0,0,0,0,0,0.0,6,2,2,100.0,0,116,0,0,7,70.0,356,203,678,881,222.9,0,0,1140,4,2,0,32115.0,1670000.0,K,32.0,Poland
Patric,217784,Lazio,2699,italy,2324,1610,20,19,6.97,2,0,2,1.36,0.29,36,1,9.09,91,99,56.9,336,700,1035,88.69,9,34.62,17,0,0,0,71.0,0,0,2,8,42,20,0,0,0,10,35,0,0,8,0,33.33,1.0,12,11,1,2,0,,19,51.35,0,0,0,132,6,4,1,0,,0,0,0,0,0.0,0,0,0,0,152,1,0,0,1,0,0,0,0,0,0,805.0,0.0,0,4,2,2,2,0,0.0,0,13,8,61.54,4,80,0,11,28,44.44,174,445,733,1167,139.3,6,2,1307,6,4,0,42692.0,2220000.0,D,30.0,Spain
Alessio Romagnoli,227864,Lazio,2699,italy,2324,2415,29,26,6.96,0,0,0,0.55,0.56,21,1,100.0,97,48,42.11,491,1111,1601,91.49,79,57.66,58,0,0,0,120.0,1,1,4,9,110,29,0,0,0,8,96,0,0,34,0,0.0,69.0,28,24,4,0,0,,41,51.9,0,0,1,149,29,6,0,1,,0,0,0,0,0.0,0,0,0,0,165,0,0,0,0,0,0,0,0,0,0,0.0,0.0,0,10,1,2,5,0,0.0,0,25,18,72.0,6,47,1,1,120,55.56,114,586,1165,1750,201.9,11,0,2025,19,9,0,106923.0,5560000.0,D,29.0,Italy
Carlos Augusto,929199,Inter,2697,italy,2324,1709,37,14,6.96,0,3,3,1.02,2.15,15,10,25.0,153,35,63.64,339,508,837,87.46,59,67.05,29,0,0,0,74.0,6,1,7,6,43,37,0,0,14,7,70,0,0,17,0,0.0,6.0,8,7,1,0,0,,47,53.41,0,0,1,120,16,19,0,1,,0,0,0,0,0.0,0,0,0,0,222,7,0,0,0,0,0,0,0,0,0,0.0,0.0,0,15,7,9,6,12,66.67,0,29,21,72.41,19,30,18,40,106,60.23,55,439,558,957,257.4,22,2,1335,6,1,0,54231.0,2820000.0,M,25.0,Brazil
Matteo Gabbia,826195,Milan,2692,italy,2324,1279,18,14,6.96,2,1,3,1.58,0.23,9,0,0.0,55,47,55.95,251,560,811,90.41,36,65.45,19,0,0,0,62.0,1,1,1,2,47,18,0,0,2,6,53,0,0,27,0,18.18,16.0,19,14,5,2,0,,38,52.78,2,0,1,86,10,3,0,0,,0,0,0,0,0.0,0,0,0,0,94,0,0,0,0,0,0,0,0,0,0,639.5,0.0,0,9,2,5,5,2,100.0,0,29,20,68.97,3,19,2,0,74,58.27,84,300,597,897,125.2,11,0,1053,8,5,0,28462.0,1480000.0,D,24.0,Italy
Samuele Ricci,930189,Torino,2696,italy,2324,2413,32,28,6.95,1,2,3,1.29,2.43,40,11,20.37,270,38,50.0,603,511,1103,88.52,19,41.3,27,0,0,0,125.0,4,0,12,9,23,32,0,0,12,8,97,0,0,37,0,3.33,0.0,25,21,4,1,0,,86,55.13,0,0,0,143,27,26,0,3,,0,0,0,0,0.0,0,0,0,1,240,17,0,1,1,0,0,0,0,0,0,2413.0,0.0,0,10,20,13,5,9,33.33,0,33,18,54.55,26,65,27,54,105,51.98,76,755,545,1246,222.4,30,0,1595,46,6,1,35577.0,1850000.0,M,22.0,Italy
Nikola Krstović,839156,Lecce,2689,italy,2324,2396,35,30,6.95,7,1,8,11.62,1.65,14,2,50.0,131,13,59.09,234,114,346,67.45,68,44.16,86,0,1,1,69.0,4,12,24,1,22,35,0,1,39,4,183,0,0,45,0,7.61,0.0,35,30,5,5,2,,95,49.48,2,0,2,167,4,41,1,14,,0,0,3,0,33.33,0,1,0,1,339,11,0,1,4,0,0,0,0,0,0,342.29,0.0,2,71,21,46,22,29,52.73,0,17,6,35.29,41,24,55,4,163,47.11,22,370,147,513,243.1,92,1,982,54,4,0,8654.0,450000.0,F,23.0,Montenegro
Stefan Posch,355486,Bologna,2685,italy,2324,2418,31,29,6.95,1,2,3,1.17,1.87,70,7,17.95,280,83,35.47,603,880,1476,82.46,34,53.97,29,0,0,0,109.0,5,0,4,9,65,31,0,0,12,39,123,0,0,30,0,5.56,0.0,24,20,4,1,0,,101,51.79,1,0,0,314,18,22,0,1,,0,0,0,0,0.0,0,0,0,0,425,5,0,0,0,0,0,0,0,0,0,2418.0,0.0,0,9,9,10,4,11,45.83,0,77,46,59.74,22,166,24,39,135,52.33,234,831,998,1790,215.3,18,1,2415,13,7,0,19231.0,1000000.0,D,26.0,Austria
Andrea Belotti,220223,Fiorentina,2693,italy,2324,1644,29,17,6.94,6,2,8,6.09,1.46,4,2,25.0,82,4,57.14,158,88,244,70.72,54,45.0,66,0,0,0,31.0,5,8,20,1,6,29,0,0,25,10,134,0,0,29,0,12.5,0.0,27,25,2,6,0,,70,50.72,2,0,2,101,4,13,1,15,,0,0,0,0,0.0,0,0,0,2,189,8,0,0,3,0,0,0,0,0,0,274.0,0.0,0,38,10,11,17,8,47.06,0,16,7,43.75,13,10,17,8,124,48.06,7,253,100,345,201.4,48,2,615,47,1,0,35577.0,1850000.0,F,30.0,Italy
Juan Cuadrado,47743,Inter,2697,italy,2324,258,10,0,6.94,0,2,2,0.19,1.22,8,4,22.22,37,12,80.0,77,68,141,91.56,0,0.0,0,0,0,0,11.0,3,0,3,0,1,10,0,0,2,2,9,0,0,4,0,0.0,0.0,0,0,0,0,0,,11,55.0,0,0,0,13,1,9,0,1,,0,0,0,0,0.0,0,0,0,0,39,1,0,0,0,0,0,0,0,0,0,0.0,0.0,0,4,1,2,0,1,33.33,0,4,3,75.0,9,11,3,18,11,55.0,15,101,71,154,69.4,5,0,226,6,1,0,89038.0,4630000.0,M,35.0,Colombia
Evan Ndicka,848287,Roma,2702,italy,2324,2170,25,25,6.94,0,3,3,1.01,0.47,38,2,18.18,114,47,39.5,446,984,1428,91.13,40,59.7,27,0,0,0,100.0,3,2,2,5,72,25,0,0,4,8,66,0,0,26,0,0.0,17.0,27,26,1,0,0,,48,55.17,0,0,0,139,16,6,0,0,,0,0,0,0,0.0,0,0,0,0,162,3,0,0,0,0,0,0,0,0,0,0.0,0.0,0,8,1,6,1,2,66.67,0,32,18,56.25,6,89,3,11,88,57.14,119,543,1035,1567,173.4,9,0,1804,16,6,0,98654.0,5130000.0,D,24.0,Cote d'Ivoire
Diego Llorente,305278,Roma,2702,italy,2324,2173,29,27,6.94,1,1,2,0.36,0.23,44,0,0.0,93,71,52.59,399,1094,1493,91.43,45,46.88,51,0,0,0,92.0,1,0,4,6,77,28,0,0,3,13,91,0,0,25,0,11.11,19.0,28,26,2,1,0,,55,57.89,0,0,0,140,22,4,0,0,,0,0,0,1,0.0,0,0,0,0,164,0,0,0,1,0,0,0,0,0,0,2173.0,0.0,1,6,3,1,4,3,50.0,0,31,19,61.29,4,80,6,6,100,52.36,135,487,1152,1633,194.2,9,0,1902,23,5,0,66538.0,3460000.0,D,30.0,Spain
Filip Kostić,126588,Juventus,2687,italy,2324,1831,29,26,6.93,0,4,4,0.68,4.14,15,45,26.79,148,25,38.46,356,268,579,80.64,12,41.38,17,0,0,0,73.0,10,1,11,1,33,29,0,0,16,16,82,0,0,19,0,0.0,0.0,15,10,5,0,0,,60,48.0,0,0,0,139,9,40,0,7,,0,0,0,0,0.0,0,0,0,0,334,6,0,0,0,0,0,0,0,0,0,0.0,0.0,0,11,10,7,3,6,28.57,0,37,23,62.16,40,34,21,168,72,46.75,65,569,317,718,201.1,21,1,1265,18,2,0,61731.0,3210000.0,M,31.0,Serbia
Kristjan Asllani,996820,Inter,2697,italy,2324,804,23,6,6.93,1,2,3,0.58,0.8,16,5,14.29,105,46,71.88,290,371,656,93.05,4,36.36,7,0,0,0,57.0,3,0,0,3,7,23,0,0,3,9,25,0,0,4,0,6.67,0.0,3,2,1,1,0,,29,61.7,0,0,0,49,11,8,0,0,,0,0,0,0,0.0,0,0,0,0,95,1,0,0,1,0,0,0,0,0,0,804.0,0.0,1,2,13,11,4,3,60.0,0,7,2,28.57,8,35,5,35,33,56.9,64,355,385,705,159.4,15,1,840,19,1,0,28462.0,1480000.0,M,21.0,Albania
Andrea Pinamonti,826198,Sassuolo,2793,italy,2324,3104,38,37,6.93,11,1,12,8.93,2.17,12,1,10.0,148,10,37.04,244,167,410,66.34,85,34.84,159,0,0,1,69.0,4,3,29,1,39,38,0,0,37,17,250,0,0,22,0,13.25,0.0,63,56,7,10,1,,70,43.48,4,0,1,208,1,18,1,9,,0,0,3,0,66.67,0,2,0,1,338,17,0,0,6,0,0,0,0,0,0,282.18,0.0,0,63,20,32,22,12,42.86,0,13,8,61.54,18,18,28,10,155,38.27,27,420,208,618,263.3,83,2,1040,51,4,0,85385.0,4440000.0,F,24.0,Italy
Juan Musso,263651,Atalanta,2686,italy,2324,990,11,11,6.93,0,0,0,0.0,0.01,13,0,0.0,3,49,35.51,27,182,209,69.9,2,100.0,0,0,0,0,106.0,0,0,0,6,7,11,0,0,0,0,1,0,0,1,0,0.0,70.0,12,12,0,0,0,-2.08,1,50.0,0,10,0,90,0,0,0,0,,0,0,0,1,0.0,2,0,0,0,95,0,1,0,0,7,13,10,23,0,3,0.0,0.0,0,0,0,0,0,0,0.0,7,1,0,0.0,0,35,0,0,3,75.0,138,92,207,299,76.2,0,0,419,0,0,0,56923.0,2960000.0,K,29.0,Argentina
Jan-Carlo Simić,1214992,Milan,2692,italy,2324,143,4,0,6.93,1,0,1,0.62,0.01,0,0,0.0,4,0,0.0,19,40,59,92.19,2,50.0,2,0,0,0,4.0,0,0,0,0,3,4,0,0,0,0,4,0,0,2,0,50.0,0.0,1,0,1,1,0,,2,50.0,0,0,0,5,0,0,0,0,,0,0,0,0,0.0,0,0,0,0,5,0,0,0,1,0,0,0,0,0,0,143.0,0.0,0,2,0,1,1,1,100.0,0,1,1,100.0,0,2,1,0,4,50.0,5,23,41,64,27.7,2,1,77,0,0,0,,,,,
Ricardo Rodríguez,67769,Torino,2696,italy,2324,2783,35,34,6.92,1,2,3,0.3,1.76,72,23,40.35,226,76,46.34,601,759,1337,85.38,41,58.57,29,0,0,0,112.0,2,0,3,13,58,35,0,0,4,17,78,1,1,25,0,9.09,14.0,27,25,2,0,1,,62,55.86,0,0,0,229,24,20,1,1,,0,0,0,0,0.0,0,0,0,0,294,4,0,0,0,0,0,0,0,0,0,2783.0,0.0,2,1,10,6,2,8,72.73,0,45,26,57.78,20,137,11,57,103,56.91,164,787,836,1566,242.3,11,1,1921,9,4,0,53462.0,2780000.0,D,31.0,Switzerland
Rick Karsdorp,363792,Roma,2702,italy,2324,1214,18,14,6.92,0,2,2,0.45,1.61,12,6,21.43,101,18,51.43,222,223,439,82.06,5,71.43,2,0,0,0,50.0,3,0,2,1,15,18,0,0,1,8,23,0,0,9,0,0.0,0.0,11,9,2,0,0,,37,63.79,0,0,0,96,9,10,0,0,,0,0,0,0,0.0,0,0,0,1,149,3,0,0,0,0,0,0,0,0,0,0.0,0.0,0,7,1,5,1,3,50.0,0,25,18,72.0,10,35,6,28,42,64.62,35,302,261,535,124.6,8,0,790,9,2,0,78269.0,4070000.0,D,28.0,Netherlands
Tomáš Suslov,964154,Hellas Verona,2701,italy,2324,2100,32,23,6.92,3,5,8,3.52,2.51,24,22,30.56,135,41,58.57,251,158,387,79.14,7,35.0,13,0,0,0,104.0,5,2,12,1,5,32,0,0,34,32,143,0,0,40,0,5.77,0.0,34,31,3,2,1,,134,50.76,0,0,1,102,6,28,3,1,,0,0,1,0,100.0,0,1,0,0,281,17,0,0,0,0,0,0,0,0,0,700.0,0.0,4,14,38,24,16,38,57.58,0,42,30,71.43,28,45,66,72,141,49.65,70,380,181,489,221.5,52,2,967,56,7,0,9808.0,510000.0,F,21.0,Slovakia
Stephan El Shaarawy,45925,Roma,2702,italy,2324,1750,33,19,6.92,3,4,7,2.54,1.82,35,5,29.41,137,21,63.64,313,197,505,83.75,9,37.5,15,0,0,0,83.0,5,1,9,1,14,32,0,0,17,9,81,0,2,14,0,7.5,0.0,26,23,3,3,0,,71,51.82,0,0,2,98,13,20,1,8,,0,0,0,0,0.0,0,0,0,0,189,3,0,0,2,0,0,0,0,0,0,583.33,0.0,1,23,17,20,11,22,44.9,0,21,13,61.9,20,55,49,17,80,49.69,33,395,225,603,221.5,40,0,909,28,2,0,89038.0,4630000.0,F,31.0,Italy
Leo Østigård,879746,Napoli,2714,italy,2324,1635,25,18,6.92,1,0,1,0.63,0.35,32,0,0.0,98,60,46.15,397,771,1168,88.08,61,68.54,28,0,0,0,78.0,0,0,1,5,64,23,0,0,2,5,45,0,0,12,0,14.29,6.0,22,19,3,1,0,,35,67.31,1,0,0,158,16,3,0,1,,0,0,0,0,0.0,0,0,0,0,174,0,0,0,0,0,0,0,0,0,0,1635.0,0.0,0,6,1,5,1,2,66.67,0,24,12,50.0,3,70,3,2,96,68.09,130,503,825,1326,159.2,7,3,1511,12,3,0,29615.0,1540000.0,D,24.0,Norway
Andrea Cambiaso,917048,Juventus,2687,italy,2324,2387,34,28,6.92,2,3,5,2.19,3.81,32,20,24.69,231,39,84.78,521,419,920,87.62,14,46.67,16,0,0,0,124.0,3,3,6,1,22,34,0,0,21,18,116,0,1,35,0,6.9,0.0,22,19,3,2,0,,92,47.92,0,0,1,130,11,38,0,4,,0,0,0,0,0.0,0,0,0,1,291,12,0,0,2,0,0,0,0,0,0,1193.5,0.0,0,16,13,15,8,26,49.06,0,47,30,63.83,38,42,53,81,106,47.75,46,673,458,1050,235.3,29,0,1531,20,10,0,85385.0,4440000.0,D,24.0,Italy
Milan Badelj,39482,Genoa,2713,italy,2324,2555,33,32,6.92,1,3,4,1.46,1.39,79,5,35.71,260,74,52.48,571,557,1123,81.38,13,50.0,13,0,0,0,177.0,1,2,5,2,50,33,0,0,19,37,105,0,1,24,0,4.76,0.0,30,26,4,1,0,,81,46.82,1,0,1,257,50,18,0,0,,0,0,0,0,0.0,0,0,0,0,337,13,0,0,0,0,0,0,0,0,0,2555.0,0.0,0,9,12,11,5,17,56.67,0,51,27,52.94,18,153,30,14,94,47.24,141,785,609,1380,228.3,21,0,1771,14,6,0,34423.0,1790000.0,M,35.0,Croatia
Alessandro Vogliacco,807295,Genoa,2713,italy,2324,1180,20,14,6.92,0,1,1,0.38,0.51,25,8,66.67,70,35,36.46,185,283,460,79.72,25,54.35,21,0,0,0,52.0,0,0,1,2,38,17,0,0,3,3,43,0,1,13,0,0.0,1.0,17,13,4,0,0,,30,57.69,0,0,0,117,30,13,0,1,,0,0,0,0,0.0,0,0,0,1,145,1,0,0,0,0,0,0,0,0,0,0.0,0.0,0,4,1,4,0,3,50.0,0,23,15,65.22,13,63,6,12,55,56.12,96,275,314,577,117.6,5,0,775,4,4,0,3654.0,190000.0,D,25.0,Italy
Pablo Marí,208988,Monza,2729,italy,2324,2620,34,30,6.92,0,0,0,0.39,0.59,50,1,25.0,107,150,62.24,414,1157,1570,91.28,41,67.21,20,0,0,0,98.0,1,0,3,8,107,34,0,0,3,12,73,0,1,37,0,0.0,23.0,39,33,6,0,0,,55,50.93,0,0,1,150,37,4,0,0,,0,0,0,1,0.0,0,0,0,0,169,1,0,0,0,0,0,0,0,0,0,0.0,0.0,0,7,1,3,2,5,71.43,0,41,25,60.98,4,86,7,4,96,56.8,241,515,1209,1720,235.2,8,2,2036,9,7,0,39423.0,2050000.0,D,30.0,Spain
Răzvan Marin,279563,Empoli,2705,italy,2324,1818,30,20,6.92,0,3,3,1.09,2.95,31,29,29.59,140,50,45.45,343,325,639,79.88,12,50.0,12,0,0,0,91.0,4,0,8,1,29,29,0,0,19,10,83,0,2,28,0,0.0,0.0,28,25,3,0,0,,73,50.69,0,0,3,161,6,33,0,1,,0,0,0,0,0.0,0,0,0,0,293,12,0,0,0,0,0,0,0,0,0,0.0,0.0,10,3,32,18,9,15,51.72,0,40,22,55.0,33,94,29,98,85,50.6,110,535,363,800,200.6,35,0,1164,18,3,0,24615.0,1280000.0,M,27.0,Romania
Denzel Dumfries,759520,Inter,2697,italy,2324,1644,31,19,6.92,4,4,8,2.27,3.2,9,16,34.04,157,13,43.33,300,212,496,80.91,36,65.45,19,0,0,0,58.0,6,6,8,2,24,31,0,1,9,14,76,1,0,25,0,16.67,0.0,13,11,2,4,0,,54,48.65,1,0,1,117,12,27,2,5,,0,0,0,0,0.0,0,0,0,0,238,6,0,1,1,0,0,0,0,0,0,411.0,0.0,0,23,1,10,6,14,53.85,0,22,13,59.09,27,18,26,47,90,54.22,30,412,248,613,214.4,24,2,1018,18,2,0,61731.0,3210000.0,M,27.0,Netherlands
Victor Kristiansen,1092409,Bologna,2685,italy,2324,2312,32,26,6.92,0,3,3,0.27,1.31,34,8,22.86,257,40,37.38,553,696,1241,86.12,24,53.33,21,0,0,0,88.0,5,0,2,8,35,32,0,0,7,15,78,0,1,29,0,0.0,0.0,20,18,2,0,0,,70,55.12,0,0,0,200,12,23,0,1,,0,0,0,1,0.0,0,0,0,1,296,4,0,0,0,0,0,0,0,0,0,0.0,0.0,0,3,3,2,2,11,57.89,0,52,34,65.38,23,79,19,35,94,54.65,107,702,774,1441,221.3,6,0,1934,7,4,0,28846.0,1500000.0,D,21.0,Denmark
Sebastiano Luperto,352736,Empoli,2705,italy,2324,3407,38,38,6.91,1,1,2,1.69,0.87,43,1,8.33,122,83,34.87,374,1066,1439,82.99,78,56.52,60,0,0,0,142.0,2,0,6,9,151,38,0,0,1,9,96,1,0,26,0,5.26,18.0,53,46,7,1,0,,61,62.89,1,0,0,295,32,11,0,1,,0,0,0,0,0.0,0,0,0,0,345,3,0,0,0,0,0,0,0,0,0,3407.0,0.0,0,15,4,10,3,7,77.78,0,37,26,70.27,11,127,9,12,139,59.15,238,583,1163,1734,262.7,19,2,2174,18,4,0,35577.0,1850000.0,D,27.0,Italy
Junior Messias,888219,Genoa,2713,italy,2324,1070,18,13,6.91,1,0,1,1.64,1.23,13,7,29.17,90,12,48.0,156,81,230,76.92,15,38.46,24,0,0,0,54.0,2,1,6,1,20,18,0,0,13,11,73,0,0,7,0,4.55,0.0,12,11,1,1,0,,64,56.64,0,0,1,69,5,15,1,5,,0,0,0,0,0.0,0,0,0,0,151,7,0,0,0,0,0,0,0,0,0,1070.0,0.0,1,12,10,13,3,16,47.06,0,26,20,76.92,15,25,34,24,79,51.97,25,230,93,299,124.4,22,1,540,22,0,0,71154.0,3700000.0,F,32.0,Brazil
Perr Schuurs,831677,Torino,2696,italy,2324,771,9,9,6.91,1,0,1,0.71,0.41,8,1,50.0,25,16,57.14,97,259,355,88.75,15,62.5,9,0,0,0,49.0,0,1,2,4,21,9,0,0,5,6,28,0,0,8,0,14.29,0.0,9,9,0,1,0,,23,54.76,0,0,0,45,9,0,0,0,,0,0,0,1,0.0,0,0,0,0,62,0,0,0,1,0,0,0,0,0,0,771.0,0.0,0,3,4,4,1,2,100.0,0,20,12,60.0,0,22,2,2,38,57.58,28,124,278,400,62.2,7,0,508,1,2,0,34423.0,1790000.0,D,24.0,Netherlands
Marin Pongračić,847467,Lecce,2689,italy,2324,3220,36,36,6.91,0,0,0,1.16,0.55,76,0,0.0,149,173,55.99,479,1099,1578,84.79,61,61.62,38,0,0,0,183.0,0,2,2,7,128,36,0,0,3,6,103,0,1,57,0,0.0,22.0,48,43,5,0,0,,78,54.55,0,0,0,283,51,11,0,0,,0,0,0,0,0.0,0,0,0,0,312,2,0,1,0,0,0,0,0,0,0,0.0,0.0,0,11,2,8,3,15,78.95,0,43,30,69.77,11,164,19,1,139,57.44,309,651,1211,1861,248.8,13,0,2266,22,8,1,48077.0,2500000.0,D,26.0,Croatia
Nadir Zortea,928104,Frosinone,2801,italy,2324,1403,19,14,6.91,2,5,7,0.53,2.4,10,29,33.72,112,19,42.22,233,135,339,75.5,11,32.35,23,0,0,0,57.0,5,0,4,5,26,19,0,0,17,15,96,1,0,19,0,16.67,0.0,19,19,0,0,2,,64,46.72,0,0,0,110,5,24,1,0,,0,0,0,0,0.0,0,0,0,0,253,9,0,0,1,0,0,0,0,0,0,701.5,0.0,0,5,7,2,6,22,46.81,0,26,18,69.23,24,31,47,86,75,43.86,45,367,168,449,131.3,12,0,897,16,4,0,6346.0,330000.0,M,24.0,Italy
Valentin Gendrey,944899,Lecce,2689,italy,2324,3050,37,35,6.91,2,3,5,1.64,1.78,40,7,11.48,196,41,35.34,395,380,768,76.8,54,57.45,40,0,0,0,104.0,2,1,6,4,85,37,0,0,20,16,112,0,0,27,0,11.11,0.0,42,37,5,2,0,,110,60.44,2,0,0,232,35,24,0,3,,0,0,0,1,0.0,0,0,0,0,421,5,0,0,0,0,0,0,0,0,0,1525.0,0.0,0,16,2,7,5,16,59.26,0,55,33,60.0,24,92,27,61,164,59.42,116,604,457,1000,255.6,18,1,1810,40,5,0,12308.0,640000.0,D,23.0,France
M'Baye Niang,139228,Empoli,2705,italy,2324,706,14,5,6.91,6,1,7,5.45,0.2,7,2,50.0,35,7,53.85,62,28,88,64.71,24,38.71,38,0,0,0,14.0,1,3,6,0,10,14,0,0,12,6,76,0,0,15,0,25.0,0.0,10,9,1,6,0,,32,45.71,0,0,0,48,3,9,0,9,,0,0,4,0,100.0,0,4,0,0,106,2,0,0,6,0,0,0,0,0,0,117.67,0.0,0,21,3,9,9,5,35.71,0,3,1,33.33,9,11,14,4,56,42.42,13,108,32,136,96.7,24,1,292,24,1,0,12308.0,640000.0,F,29.0,Senegal
Sandi Lovrić,575852,Udinese,2695,italy,2324,1989,29,21,6.91,1,3,4,3.54,2.97,19,29,35.37,187,27,52.94,352,181,504,81.16,8,29.63,19,0,0,0,118.0,6,6,11,4,21,29,0,1,20,14,89,0,0,25,0,2.33,0.0,34,27,7,1,0,,65,48.15,0,0,0,117,21,43,1,1,,0,0,0,0,0.0,0,0,0,0,240,14,0,1,0,0,0,0,0,0,0,1989.0,0.0,2,18,25,20,12,17,54.84,0,25,12,48.0,43,36,31,82,73,45.06,51,492,211,621,200.3,43,2,1000,23,1,0,17308.0,900000.0,M,25.0,Slovenia
Lameck Banda,911350,Lecce,2689,italy,2324,1358,21,17,6.9,2,4,6,3.67,1.17,6,12,23.53,91,8,61.54,156,91,235,82.46,9,36.0,16,0,0,0,82.0,5,6,16,0,4,21,0,1,29,14,140,0,0,32,0,4.0,0.0,24,21,3,1,1,,99,44.39,0,0,0,50,3,24,1,9,,0,0,0,0,0.0,0,0,0,0,237,16,0,1,1,0,0,0,0,0,0,679.0,0.0,1,29,21,11,23,42,45.65,0,27,23,85.19,24,10,92,51,108,43.55,13,235,101,285,145.0,50,1,708,30,5,0,12308.0,640000.0,F,23.0,Zambia
Dany Mota,838907,Monza,2729,italy,2324,2063,34,24,6.9,4,3,7,3.55,3.06,22,31,34.83,210,37,71.15,388,233,590,79.84,41,45.56,49,0,0,0,72.0,5,6,9,2,16,34,0,0,30,9,136,0,0,22,0,10.53,0.0,35,33,2,4,0,,56,39.16,0,0,1,149,2,35,0,6,,0,1,0,0,0.0,0,0,0,2,316,10,0,0,4,0,0,0,0,0,0,515.75,0.0,0,30,8,17,12,16,36.36,0,13,7,53.85,34,36,44,89,97,41.63,52,553,275,739,234.6,38,1,1101,28,3,0,21346.0,1110000.0,F,25.0,Portugal
Luis Muriel,119242,Atalanta,2686,italy,2324,400,18,2,6.9,2,1,3,1.53,1.45,5,13,41.94,76,8,72.73,133,33,153,75.37,6,46.15,7,0,0,0,18.0,1,0,7,0,0,17,0,0,18,0,39,0,0,6,0,8.7,0.0,7,6,1,1,1,,24,42.86,0,0,1,50,1,15,0,1,,0,0,0,0,0.0,0,0,0,0,116,6,0,0,2,0,0,0,0,0,0,200.0,0.0,4,7,16,7,9,7,43.75,0,3,2,66.67,15,9,16,31,30,43.48,11,193,41,203,117.3,23,0,354,14,0,0,44423.0,2310000.0,F,32.0,Colombia
Daniele Rugani,139273,Juventus,2687,italy,2324,1194,17,13,6.9,2,0,2,1.62,0.1,17,0,0.0,69,28,50.0,181,382,563,88.94,25,50.0,25,0,0,0,44.0,1,2,2,4,40,15,0,0,2,1,42,0,0,15,0,25.0,15.0,10,9,1,2,0,,14,45.16,0,0,1,70,9,3,0,0,,0,0,0,0,0.0,0,0,0,0,78,0,0,0,1,0,0,0,0,0,0,597.0,0.0,0,8,0,4,2,0,0.0,0,11,9,81.82,3,35,0,1,39,48.15,56,227,407,633,103.5,8,0,744,3,2,0,71154.0,3700000.0,D,29.0,Italy
Alessandro Dellavalle,1141167,Torino,2696,italy,2324,14,1,0,6.9,0,0,0,,0.0,1,0,0.0,1,2,66.67,2,3,5,83.33,1,100.0,0,0,0,0,1.0,0,0,0,0,0,1,0,0,0,0,0,0,0,0,0,0.0,0.0,0,0,0,0,0,,1,100.0,0,0,0,1,1,0,0,0,,0,0,0,0,0.0,0,0,0,0,1,0,0,0,0,0,0,0,0,0,0,0.0,0.0,0,0,0,0,0,0,0.0,0,0,0,0.0,0,1,0,0,2,100.0,3,2,4,6,6.9,0,0,9,1,0,0,,,,,
Armando Izzo,165583,Monza,2729,italy,2324,1664,23,20,6.9,0,0,0,0.68,1.31,65,0,0.0,98,76,63.87,303,813,1116,91.18,21,48.84,22,0,0,0,81.0,1,1,2,4,46,23,0,0,2,11,64,0,1,32,0,0.0,3.0,25,20,5,0,0,,51,54.84,0,0,0,108,27,7,0,1,,0,0,0,0,0.0,0,0,0,0,126,3,0,0,0,0,0,0,0,0,0,0.0,0.0,0,4,1,0,3,0,0.0,0,27,17,62.96,7,100,1,3,72,52.94,119,375,852,1224,158.7,5,0,1429,26,9,0,60577.0,3150000.0,D,31.0,Italy
Beto,987489,Udinese,2695,italy,2324,74,1,1,6.9,0,0,0,0.0,0.02,0,0,0.0,5,0,0.0,8,2,10,90.91,0,0.0,2,0,0,0,,0,0,0,0,0,1,0,0,0,0,3,0,0,0,0,0.0,,3,2,1,0,0,,3,75.0,0,0,0,1,0,6,0,3,,0,0,0,0,0.0,0,0,0,0,5,0,0,0,0,0,0,0,0,0,0,0.0,0.0,0,0,0,0,0,2,66.67,0,1,0,0.0,6,0,3,0,3,50.0,0,9,2,11,6.9,0,0,19,0,0,0,,,,,
Diego Demme,124318,Napoli,2714,italy,2324,73,2,1,6.9,0,0,0,0.0,0.04,2,0,0.0,16,4,66.67,30,33,63,86.3,1,100.0,0,0,0,0,8.0,0,0,0,0,0,2,0,0,0,1,4,0,0,1,0,0.0,0.0,0,0,0,0,0,,3,42.86,0,0,0,10,0,0,0,0,,0,0,0,0,0.0,0,0,0,0,15,1,0,0,0,0,0,0,0,0,0,0.0,0.0,0,0,0,0,0,0,0.0,0,1,1,100.0,0,5,2,3,4,50.0,6,40,36,73,13.8,0,0,83,2,1,0,61731.0,3210000.0,M,32.0,Germany
Kristian Thorstvedt,924973,Sassuolo,2793,italy,2324,2413,34,30,6.9,6,1,7,4.36,1.61,33,5,19.23,235,44,53.01,474,234,703,74.08,56,44.8,69,0,0,0,112.0,0,2,8,1,34,34,0,0,38,22,179,0,0,36,0,14.29,0.0,53,45,8,6,0,,93,45.81,0,0,1,246,21,36,6,1,,0,0,0,0,0.0,0,0,0,0,382,14,0,0,0,0,0,0,0,0,0,402.17,0.0,0,29,13,19,15,15,44.12,0,40,22,55.0,36,70,34,26,149,45.43,83,690,285,949,234.5,42,1,1376,39,7,0,14808.0,770000.0,F,24.0,Norway
Florian Thauvin,148824,Udinese,2695,italy,2324,1724,29,19,6.9,5,3,8,4.71,4.13,30,22,27.85,143,28,63.64,250,125,353,77.75,10,26.32,28,0,0,0,64.0,10,4,19,0,1,29,0,0,36,9,129,0,0,14,0,10.42,0.0,28,24,4,5,0,,68,40.24,1,0,2,101,3,38,3,6,,0,0,1,0,100.0,0,1,0,0,308,10,0,0,1,0,0,0,0,0,0,344.8,0.0,4,30,18,14,15,35,43.21,0,7,4,57.14,38,50,81,79,78,37.68,44,390,143,454,200.0,48,1,869,26,4,0,44423.0,2310000.0,F,31.0,France
Alberto Grassi,186845,Empoli,2705,italy,2324,1823,27,22,6.9,0,1,1,1.11,1.28,42,1,20.0,150,47,43.93,325,368,692,81.6,30,49.18,31,0,0,0,124.0,1,0,6,5,35,27,0,0,7,16,78,0,0,22,0,0.0,0.0,28,24,4,0,0,,66,58.41,0,0,0,156,41,6,0,0,,1,0,0,0,0.0,0,0,0,0,193,10,0,1,0,0,0,0,0,0,0,0.0,0.0,1,10,13,12,5,5,55.56,0,30,18,60.0,6,80,9,5,96,55.17,107,437,416,848,186.2,23,0,1134,33,4,1,25000.0,1300000.0,M,28.0,Italy
Mário Rui,99546,Napoli,2714,italy,2324,1209,21,14,6.9,0,2,2,0.15,1.75,59,18,29.03,170,69,51.11,401,361,744,82.67,10,27.03,27,0,0,0,57.0,3,1,0,1,15,21,0,0,9,7,61,0,0,16,0,0.0,0.0,19,15,4,0,0,,58,63.04,0,0,0,156,15,26,0,1,,0,0,0,1,0.0,0,0,0,0,231,2,0,1,0,0,0,0,0,0,0,0.0,0.0,0,1,4,3,2,3,42.86,0,27,15,55.56,26,122,7,62,68,52.71,135,558,404,900,144.8,5,1,1237,28,5,1,64038.0,3330000.0,D,32.0,Portugal
Abdou Harroui,915812,Frosinone,2801,italy,2324,1025,18,13,6.89,3,3,6,3.11,1.4,9,4,33.33,116,8,53.33,204,95,295,81.72,12,57.14,9,0,0,0,53.0,2,4,7,0,8,17,0,0,7,8,60,0,0,18,0,9.09,0.0,29,27,2,3,0,,58,53.21,0,0,0,66,5,16,0,1,,0,0,1,0,100.0,0,1,0,0,142,8,0,0,3,0,0,0,0,0,0,341.67,0.0,0,12,21,14,12,19,47.5,0,23,11,47.83,16,14,40,12,70,53.85,15,259,114,361,117.2,33,0,607,16,2,0,14808.0,770000.0,M,26.0,Morocco
Juan Jesus,108484,Napoli,2714,italy,2324,2117,24,23,6.89,1,0,1,1.32,0.76,33,0,0.0,81,87,58.78,522,1014,1536,90.83,47,48.96,49,0,0,0,112.0,1,0,3,3,61,24,0,0,2,10,87,1,0,28,0,12.5,10.0,29,26,3,1,0,,52,57.78,1,0,0,155,23,5,0,0,,0,0,0,1,0.0,0,0,0,0,170,1,0,0,0,0,0,0,0,0,0,2117.0,0.0,0,8,0,3,2,1,100.0,0,42,19,45.24,5,56,1,0,99,53.23,148,605,1086,1691,165.4,8,1,1925,9,7,0,35577.0,1850000.0,D,32.0,Brazil
Matías Vecino,158615,Lazio,2699,italy,2324,1151,31,8,6.89,6,1,7,3.71,1.15,24,0,0.0,138,25,46.3,332,285,617,83.95,34,48.57,36,0,0,0,66.0,0,3,6,1,19,31,0,0,1,11,84,0,0,32,0,18.18,0.0,15,14,1,6,0,,49,50.52,0,0,0,118,12,7,0,2,,0,0,0,0,0.0,0,0,0,0,154,6,0,0,6,0,0,0,0,0,0,191.83,0.0,0,25,8,16,11,10,71.43,0,32,17,53.13,7,43,14,5,83,49.7,54,427,313,735,213.5,33,0,931,7,8,0,64038.0,3330000.0,M,32.0,Uruguay
Pierluigi Gollini,329175,Napoli,2714,italy,2324,630,7,7,6.89,0,0,0,0.02,0.0,20,0,0.0,1,49,52.13,11,180,191,80.25,3,100.0,0,0,0,0,52.0,0,0,0,1,4,7,0,0,0,0,0,0,0,0,0,0.0,53.0,8,6,2,0,0,0.19,1,100.0,0,5,0,47,1,0,0,0,,0,0,0,0,0.0,0,0,0,0,48,0,2,0,0,3,8,8,16,0,3,0.0,0.0,0,1,0,1,0,0,0.0,3,1,1,100.0,0,32,0,0,4,100.0,94,44,194,238,48.2,1,0,295,1,0,0,28462.0,1480000.0,K,28.0,Italy
Sebastian Walukiewicz,886243,Empoli,2705,italy,2324,2054,27,23,6.89,0,0,0,0.15,0.16,43,0,0.0,64,80,51.61,222,619,841,83.1,39,44.32,49,0,0,0,85.0,0,0,1,6,120,27,0,0,2,13,88,0,0,23,0,0.0,16.0,32,30,2,0,0,,54,58.06,0,0,0,171,15,3,0,2,,0,0,0,2,0.0,0,0,0,0,195,3,0,0,0,0,0,0,0,0,0,0.0,0.0,0,2,2,1,2,8,80.0,0,39,28,71.79,3,94,10,1,93,51.38,155,322,691,1012,185.9,4,1,1306,7,6,0,7308.0,380000.0,D,23.0,Poland
Mattéo Guendouzi,852404,Lazio,2699,italy,2324,2371,33,27,6.88,2,3,5,1.64,2.4,27,9,21.43,227,39,60.0,484,427,902,85.5,13,33.33,26,0,0,0,120.0,5,0,8,6,22,33,0,1,13,28,104,0,1,26,0,7.69,0.0,28,26,2,2,0,,74,48.68,0,0,1,153,21,23,1,0,,0,0,0,1,0.0,0,0,0,0,245,14,0,1,1,0,0,0,0,0,0,1185.5,0.0,0,13,13,11,7,7,35.0,0,34,15,44.12,23,54,20,42,87,45.55,65,631,466,1055,227.2,26,1,1391,34,3,0,32115.0,1670000.0,M,24.0,France
Antonín Barák,330705,Fiorentina,2693,italy,2324,834,21,8,6.88,2,3,5,1.55,1.52,13,3,75.0,134,14,87.5,221,113,331,86.2,13,37.14,22,0,0,0,35.0,4,1,4,0,4,19,0,0,16,4,57,0,0,8,0,10.0,0.0,10,9,1,2,0,,17,32.69,1,0,1,53,2,14,0,1,,0,0,0,0,0.0,0,0,0,0,94,14,0,0,1,0,0,0,0,0,0,417.0,0.0,1,12,8,8,8,4,33.33,0,6,2,33.33,14,21,12,4,30,34.48,16,271,117,384,130.8,20,1,503,7,2,0,53462.0,2780000.0,F,29.0,Czech Republic
Davide Calabria,318607,Milan,2692,italy,2324,2193,29,26,6.88,1,3,4,1.31,1.63,29,14,38.89,231,42,41.18,535,609,1130,86.99,12,30.77,27,0,0,0,90.0,1,1,5,3,42,29,0,1,9,28,103,0,1,25,0,4.76,0.0,27,17,10,1,0,,95,55.56,1,0,0,169,24,13,0,0,,0,1,0,1,0.0,0,0,0,0,267,4,0,2,0,0,0,0,0,0,0,2193.0,0.0,0,13,8,8,8,6,30.0,0,70,38,54.29,12,74,20,36,107,50.95,102,664,671,1299,199.6,21,0,1840,19,3,1,71154.0,3700000.0,D,27.0,Italy
Nicolò Rovella,937324,Lazio,2699,italy,2324,1333,23,16,6.88,0,2,2,0.59,0.64,26,3,15.0,123,45,62.5,377,472,846,88.96,11,55.0,9,0,0,0,99.0,0,1,2,2,24,23,0,0,11,20,85,0,0,38,0,0.0,0.0,13,12,1,0,0,,72,48.65,0,0,0,105,23,10,0,0,,0,0,0,0,0.0,0,0,0,0,161,3,0,0,0,0,0,0,0,0,0,0.0,0.0,1,1,4,2,1,10,58.82,0,46,28,60.87,10,48,17,20,83,49.4,72,461,510,951,158.3,5,0,1203,16,6,0,71154.0,3700000.0,M,22.0,Italy
Emil Holm,965264,Atalanta,2686,italy,2324,948,22,12,6.88,1,1,2,2.74,0.95,4,7,20.0,71,9,28.13,131,103,227,69.0,28,53.85,24,0,0,0,57.0,3,3,5,1,22,20,0,0,18,20,87,0,0,14,0,3.85,0.0,12,10,2,1,0,,67,51.54,0,0,1,102,7,5,1,1,,0,1,0,0,0.0,0,0,0,2,220,4,0,0,0,0,0,0,0,0,0,948.0,0.0,0,24,2,13,8,18,60.0,0,28,19,67.86,4,11,30,35,95,52.2,32,227,137,329,137.6,26,1,696,21,5,0,5000.0,260000.0,M,23.0,Sweden
Toma Bašić,798002,Salernitana,2710,italy,2324,1171,15,14,6.88,0,0,0,0.59,0.71,19,7,28.0,97,33,56.9,236,199,428,84.58,8,40.0,12,0,0,0,60.0,0,0,4,1,23,15,0,0,3,17,51,0,0,14,0,0.0,0.0,23,18,5,0,0,,46,54.12,0,0,0,78,14,16,0,0,,0,0,0,0,0.0,0,0,0,0,129,1,0,0,0,0,0,0,0,0,0,0.0,0.0,1,2,10,7,1,10,66.67,0,20,13,65.0,16,34,15,25,54,51.43,58,307,224,506,103.2,12,0,707,16,5,0,19808.0,1030000.0,M,27.0,Croatia
Mateo Retegui,914501,Genoa,2713,italy,2324,2225,29,26,6.88,7,2,9,5.84,0.57,2,1,5.0,77,2,40.0,155,110,264,68.39,60,49.59,61,0,0,0,58.0,1,4,12,2,30,29,0,0,40,14,165,0,0,36,0,11.11,0.0,29,26,3,7,0,,56,35.0,2,0,1,122,0,11,2,4,,0,0,1,0,100.0,0,1,0,0,288,12,0,0,3,0,0,0,0,0,0,317.86,0.0,0,54,9,28,23,14,43.75,0,17,9,52.94,11,6,32,20,116,41.28,5,264,142,386,199.4,63,1,759,25,5,0,44423.0,2310000.0,F,24.0,Italy
Simon Kjær,21535,Milan,2692,italy,2324,1183,20,14,6.87,0,1,1,0.49,0.55,34,0,0.0,47,42,46.15,206,528,734,88.43,23,56.1,18,0,0,0,59.0,2,1,3,2,44,19,0,0,1,8,35,0,2,9,0,0.0,4.0,17,16,1,0,0,,26,60.47,0,0,0,96,14,4,0,0,,0,0,0,0,0.0,0,0,0,1,103,0,0,0,0,0,0,0,0,0,0,0.0,0.0,0,6,0,3,0,0,0.0,0,24,15,62.5,4,70,0,1,49,58.33,91,269,562,830,130.6,6,0,970,2,1,0,36923.0,1920000.0,D,34.0,Denmark
Jonathan Ikoné,802142,Fiorentina,2693,italy,2324,1685,28,18,6.87,3,1,4,4.62,1.96,4,2,18.18,179,11,57.89,283,98,379,82.93,15,39.47,23,0,0,0,60.0,4,7,7,2,7,28,0,0,22,7,87,0,0,16,0,7.69,0.0,18,17,1,3,0,,58,47.54,1,0,1,78,3,15,2,5,,0,0,0,0,0.0,0,0,0,1,162,12,0,0,0,0,0,0,0,0,0,561.67,0.0,0,27,12,16,16,21,51.22,0,22,11,50.0,15,11,41,11,73,45.63,19,364,104,457,192.4,39,1,700,15,5,0,41923.0,2180000.0,F,25.0,France
Matteo Ruggeri,965011,Atalanta,2686,italy,2324,2473,34,28,6.87,0,4,4,0.53,2.1,34,31,30.69,295,38,39.18,564,504,1037,82.3,49,57.65,36,0,0,0,171.0,4,1,3,1,32,34,0,0,10,14,97,0,0,21,0,0.0,0.0,31,27,4,0,0,,59,49.17,0,0,0,223,23,24,0,2,,0,0,0,1,0.0,0,0,0,0,367,11,0,0,0,0,0,0,0,0,0,0.0,0.0,0,10,2,5,4,21,56.76,0,29,15,51.72,24,71,37,101,108,52.68,97,770,591,1260,233.6,12,0,1851,9,3,0,17885.0,930000.0,M,21.0,Italy
Nikola Milenković,836168,Fiorentina,2693,italy,2324,2526,34,27,6.87,0,0,0,0.4,0.93,39,0,0.0,98,105,52.24,370,968,1338,84.84,112,79.43,29,0,0,0,108.0,1,1,4,5,89,33,0,0,2,14,74,0,1,30,0,0.0,1.0,35,31,4,0,0,,65,59.09,0,0,0,239,27,8,0,0,,0,0,0,1,0.0,0,0,0,0,252,0,0,0,0,0,0,0,0,0,0,0.0,0.0,0,6,4,3,3,2,66.67,0,41,21,51.22,8,78,3,0,177,70.52,201,522,1055,1577,226.7,10,2,1848,23,4,0,106923.0,5560000.0,D,26.0,Serbia
Juan Cabal,988037,Hellas Verona,2701,italy,2324,1516,22,17,6.87,0,0,0,0.52,0.63,20,6,18.18,108,37,39.78,235,199,428,71.1,58,73.42,21,0,0,0,68.0,0,0,3,3,46,22,0,0,11,11,78,2,0,27,0,0.0,0.0,21,19,2,0,0,,64,52.89,0,0,0,174,26,12,0,1,,0,0,0,0,0.0,0,0,0,0,277,3,0,0,0,0,0,0,0,0,0,0.0,0.0,0,8,4,6,3,12,57.14,0,36,27,75.0,12,48,21,33,122,61.0,93,373,262,602,151.1,12,0,1057,16,6,0,12500.0,650000.0,D,23.0,Colombia
Mattia Perin,79645,Juventus,2687,italy,2324,225,3,3,6.87,0,0,0,0.0,0.0,8,0,0.0,0,7,38.89,1,44,45,78.95,0,0.0,0,0,0,0,12.0,0,0,0,1,1,3,0,0,0,0,0,0,0,0,0,0.0,12.0,1,1,0,0,0,0.24,0,0.0,0,2,0,12,0,0,0,0,,0,0,0,0,0.0,0,0,0,0,12,0,0,0,0,1,3,1,4,0,0,0.0,0.0,0,0,0,0,0,0,0.0,1,0,0,0.0,0,17,0,0,0,0.0,18,9,48,57,20.6,0,0,74,0,0,0,53462.0,2780000.0,K,31.0,Italy
Lucas Beltrán,962029,Fiorentina,2693,italy,2324,1694,32,21,6.87,6,2,8,3.79,1.89,13,1,14.29,163,13,81.25,250,106,355,79.6,22,27.5,58,0,0,0,50.0,3,1,15,1,11,32,0,0,31,9,135,0,0,24,0,19.35,0.0,21,15,6,6,0,,67,46.53,1,0,2,91,2,25,0,4,,0,0,1,0,100.0,0,1,0,1,205,19,0,0,5,0,0,0,0,0,0,282.33,0.0,0,26,5,7,9,12,40.0,0,27,14,51.85,25,23,30,7,89,39.73,16,336,117,446,219.7,31,0,740,28,6,0,44423.0,2310000.0,F,22.0,Argentina
Rui Patrício,17737,Roma,2702,italy,2324,2070,23,23,6.87,0,0,0,0.0,0.02,32,0,0.0,7,116,46.59,66,341,407,74.95,2,100.0,0,0,0,0,135.0,0,0,0,6,3,23,0,0,0,1,2,1,0,1,0,0.0,137.0,27,26,1,0,0,-3.52,1,33.33,0,15,0,136,0,0,0,0,,0,0,0,1,0.0,3,0,0,0,137,0,0,0,0,4,28,21,49,0,11,0.0,0.0,0,0,0,0,0,0,0.0,3,0,0,0.0,0,59,0,0,3,60.0,249,149,394,543,157.9,0,1,703,1,1,0,74038.0,3850000.0,K,35.0,Portugal
Reinier,978562,Frosinone,2801,italy,2324,1090,22,13,6.86,2,2,4,1.27,0.67,4,3,23.08,117,8,57.14,196,119,312,81.25,9,33.33,18,0,0,0,54.0,4,0,4,0,5,21,0,0,15,12,67,0,0,17,0,14.29,0.0,18,14,4,2,0,,39,44.32,0,0,0,72,10,16,0,1,,0,0,0,0,0.0,0,0,0,0,131,13,0,0,2,0,0,0,0,0,0,545.0,0.0,0,11,3,4,6,9,52.94,0,21,10,47.62,16,17,17,13,48,41.74,14,269,128,384,144.1,14,2,566,9,3,0,11538.0,600000.0,F,22.0,Brazil
Diego Coppola,1050692,Hellas Verona,2701,italy,2324,1642,24,18,6.86,2,0,2,1.22,0.1,28,0,0.0,35,55,44.35,137,418,555,77.51,82,63.57,47,0,0,0,70.0,0,3,1,4,88,21,0,0,3,13,96,0,1,32,0,15.38,1.0,25,25,0,2,0,,40,44.94,1,0,0,161,27,4,0,0,,0,0,0,0,0.0,0,0,0,0,175,1,0,0,0,0,0,0,0,0,0,821.0,0.0,0,13,0,9,3,0,0.0,0,36,22,61.11,4,64,1,0,122,55.96,124,232,484,716,144.1,13,1,973,4,9,0,8846.0,460000.0,D,20.0,Italy
Guillermo Ochoa,15497,Salernitana,2710,italy,2324,1890,21,21,6.86,0,0,0,0.0,0.07,27,0,0.0,19,106,29.36,60,260,320,55.46,2,100.0,0,0,0,0,139.0,0,0,0,1,11,21,0,0,0,1,1,1,0,0,0,0.0,171.0,44,42,2,0,0,-6.51,0,0.0,0,8,0,257,0,0,0,0,,0,0,0,0,0.0,7,0,0,0,260,0,2,0,0,5,49,23,75,0,14,0.0,0.0,0,0,0,0,0,0,0.0,4,0,0,0.0,0,103,0,0,2,66.67,361,254,323,577,144.1,0,0,753,0,0,0,28462.0,1480000.0,K,38.0,Mexico
Daniel Maldini,970928,Monza,2729,italy,2324,588,18,5,6.86,4,1,5,1.58,0.83,8,4,28.57,58,7,70.0,95,54,145,81.92,8,42.11,11,0,0,0,17.0,2,0,6,0,2,18,0,0,10,3,50,0,0,11,1,19.05,0.0,13,9,4,2,2,,33,45.83,0,0,1,32,4,12,0,2,,0,0,0,0,0.0,0,0,0,0,100,3,0,0,4,0,0,0,0,0,0,147.0,33.33,3,10,11,8,7,16,48.48,0,7,4,57.14,12,11,33,14,41,45.05,10,132,59,177,123.5,21,0,334,10,1,0,10769.0,560000.0,F,22.0,Italy
Kenan Yıldız,1149011,Juventus,2687,italy,2324,967,27,9,6.86,2,0,2,1.62,1.58,8,5,29.41,113,6,46.15,206,76,277,84.19,17,42.5,23,0,0,0,40.0,2,2,6,0,3,25,0,0,18,4,67,0,0,12,0,10.53,0.0,7,6,1,1,1,,57,56.44,0,0,0,52,1,18,0,1,,0,0,0,0,0.0,0,0,0,0,132,5,0,0,2,0,0,0,0,0,0,483.5,0.0,0,14,5,6,7,23,65.71,0,13,9,69.23,18,15,35,17,74,52.48,13,257,89,329,171.5,19,0,523,22,3,0,10769.0,560000.0,F,18.0,Turkey
Mattia Bani,250547,Genoa,2713,italy,2324,2309,27,27,6.86,2,0,2,1.26,0.11,36,0,0.0,45,61,38.13,185,771,956,83.86,51,54.26,43,0,0,0,98.0,0,1,0,4,111,27,0,0,2,11,78,1,0,21,0,22.22,37.0,32,27,5,2,0,,53,60.23,2,0,0,184,22,2,0,2,,0,0,0,0,0.0,0,0,0,0,204,1,0,0,0,0,0,0,0,0,0,1154.5,0.0,0,9,0,4,5,1,33.33,0,26,10,38.46,2,101,3,1,104,57.14,160,296,845,1140,185.2,9,2,1459,28,9,0,25000.0,1300000.0,D,30.0,Italy
Simone Romagnoli,111487,Frosinone,2801,italy,2324,2716,33,30,6.86,1,1,2,1.22,0.21,44,0,0.0,38,45,34.62,227,994,1221,85.99,98,54.75,81,0,0,0,99.0,1,1,2,6,143,33,0,0,0,5,107,0,0,24,0,8.33,89.0,47,43,4,1,0,,41,61.19,1,0,0,199,29,3,0,0,,0,0,0,0,0.0,0,0,0,0,205,3,0,0,0,0,0,0,0,0,0,2716.0,0.0,0,12,0,9,1,0,0.0,0,35,15,42.86,3,76,0,1,139,56.5,130,335,1086,1420,226.3,12,3,1754,7,6,0,17885.0,930000.0,D,33.0,Italy
Gianluca Gaetano,902019,Cagliari,2719,italy,2324,922,20,11,6.86,5,1,6,1.9,0.99,12,6,33.33,114,8,50.0,176,65,235,79.66,5,15.63,27,0,0,0,56.0,3,1,6,0,8,20,0,1,18,7,82,0,0,13,0,21.74,0.0,12,10,2,3,2,,35,38.89,1,0,0,60,4,21,0,3,,0,0,1,0,100.0,0,1,0,1,133,12,0,1,4,0,0,0,0,0,0,184.4,0.0,0,10,13,7,10,11,37.93,0,11,5,45.45,21,29,29,18,40,32.79,16,242,71,295,137.1,23,1,482,13,2,0,3654.0,190000.0,F,23.0,Italy
Ardian Ismajli,840414,Empoli,2705,italy,2324,2056,26,23,6.85,0,0,0,0.31,0.32,26,1,25.0,54,57,44.88,208,629,836,84.7,53,56.38,41,0,0,0,72.0,0,0,1,4,119,26,0,0,1,5,66,0,1,18,0,0.0,14.0,30,26,4,0,0,,41,62.12,0,0,0,151,23,4,0,0,,0,0,0,1,0.0,0,0,0,0,193,1,0,0,0,0,0,0,0,0,0,0.0,0.0,0,5,0,4,0,0,0.0,0,26,16,61.54,4,66,3,4,94,58.75,127,304,687,987,178.2,5,0,1309,16,2,0,17308.0,900000.0,D,27.0,Albania
Valentín Castellanos,877013,Lazio,2699,italy,2324,1682,35,16,6.85,4,3,7,7.35,1.1,11,1,6.67,108,9,50.0,180,92,271,62.3,75,52.08,69,0,0,0,51.0,3,7,14,1,18,34,0,0,22,14,157,0,0,34,0,7.41,0.0,15,15,0,4,0,,60,40.54,2,0,0,164,2,19,0,20,,0,0,0,0,0.0,0,0,0,0,285,11,0,0,2,0,0,0,0,0,0,420.5,0.0,1,45,9,20,20,11,30.56,0,22,10,45.45,19,23,36,15,135,46.23,18,334,116,435,233.0,54,3,748,31,2,0,44423.0,2310000.0,F,25.0,Argentina
Zanos Savva,1154617,Torino,2696,italy,2324,30,2,0,6.85,1,0,1,0.16,0.0,0,0,0.0,2,0,0.0,2,3,5,50.0,0,0.0,1,0,0,0,1.0,0,0,0,0,0,2,0,0,1,2,5,0,0,1,0,100.0,0.0,0,0,0,1,0,,2,33.33,0,0,0,5,0,0,1,0,,0,0,0,0,0.0,0,0,0,0,7,0,0,0,0,0,0,0,0,0,0,30.0,0.0,0,1,0,0,1,0,0.0,0,1,1,100.0,0,0,0,0,2,28.57,4,5,5,10,13.7,1,0,17,1,0,0,,,,,
Danilo D'Ambrosio,107936,Monza,2729,italy,2324,1534,24,16,6.85,0,0,0,0.67,0.44,28,1,14.29,114,39,41.49,322,634,955,90.09,28,58.33,20,0,0,0,77.0,0,0,4,3,31,24,0,0,5,13,60,0,0,18,0,0.0,4.0,20,18,2,0,0,,76,65.52,0,0,0,105,14,4,0,1,,0,0,0,1,0.0,0,0,0,0,138,1,0,1,0,0,0,0,0,0,0,0.0,0.0,0,12,2,6,4,7,58.33,0,57,34,59.65,4,60,12,7,104,63.41,94,386,681,1060,164.4,14,0,1306,13,3,1,35577.0,1850000.0,D,35.0,Italy
Rade Krunić,155449,Milan,2692,italy,2324,694,10,8,6.85,0,0,0,0.14,0.29,3,1,25.0,48,5,45.45,139,246,384,90.57,11,64.71,6,0,0,0,41.0,1,0,0,1,14,10,0,0,3,5,24,0,0,10,0,0.0,0.0,12,9,3,0,0,,23,56.1,0,0,0,40,11,5,0,0,,0,0,0,0,0.0,0,0,0,0,54,3,0,0,0,0,0,0,0,0,0,0.0,0.0,0,2,0,2,0,2,100.0,0,10,8,80.0,5,10,2,4,34,58.62,11,173,255,424,68.5,2,0,517,11,3,0,53462.0,2780000.0,M,29.0,Bosnia-Herzegovina
José Luis Palomino,79680,Atalanta,2686,italy,2324,23,4,0,6.85,0,0,0,0.0,0.0,2,0,0.0,2,3,42.86,6,19,25,78.13,3,100.0,0,0,0,0,3.0,0,0,0,0,4,2,0,0,0,0,0,0,0,0,0,0.0,0.0,0,0,0,0,0,,2,100.0,0,0,0,7,1,0,0,0,,0,0,0,0,0.0,0,0,0,0,7,0,0,0,0,0,0,0,0,0,0,0.0,0.0,0,0,0,0,0,0,0.0,0,2,1,50.0,0,2,0,0,5,100.0,7,10,22,32,13.7,0,0,43,0,0,0,28462.0,1480000.0,D,34.0,Argentina
Adrien Tameze,139235,Torino,2696,italy,2324,2154,29,25,6.85,0,2,2,0.71,1.2,28,3,20.0,182,44,53.01,436,659,1092,87.85,31,44.29,39,0,0,0,140.0,3,0,2,5,24,29,0,1,17,19,97,1,1,19,0,0.0,1.0,22,19,3,0,0,,61,51.26,0,0,0,151,47,19,0,0,,0,0,0,1,0.0,0,0,0,0,212,9,0,1,0,0,0,0,0,0,0,0.0,0.0,0,8,1,7,0,12,70.59,0,35,16,45.71,19,60,17,15,92,48.68,83,546,712,1243,198.6,9,1,1552,15,6,0,24615.0,1280000.0,M,29.0,Cameroon
Giovanni Fabbian,1067204,Bologna,2685,italy,2324,1068,27,11,6.85,5,2,7,4.16,0.84,4,1,25.0,54,4,33.33,107,117,223,79.36,18,45.0,22,0,0,0,30.0,4,4,6,1,10,24,0,0,13,5,67,0,0,16,0,17.86,0.0,12,9,3,5,0,,46,50.55,1,0,1,58,7,16,1,2,,0,0,0,0,0.0,0,0,0,0,112,1,0,0,3,0,0,0,0,0,0,213.6,0.0,0,21,7,12,10,12,52.17,0,17,10,58.82,16,9,23,4,64,48.85,12,154,131,281,164.3,28,1,469,18,4,0,14231.0,740000.0,M,21.0,Italy
Leonardo Spinazzola,148899,Roma,2702,italy,2324,1312,24,15,6.85,1,2,3,0.24,3.07,32,25,29.76,131,32,52.46,276,291,542,82.75,6,50.0,6,0,0,0,74.0,5,0,4,1,12,24,0,0,4,10,47,0,0,8,0,12.5,0.0,18,17,1,0,1,,41,50.0,0,0,0,113,3,27,0,1,,0,0,0,0,0.0,0,0,0,0,229,4,0,0,1,0,0,0,0,0,0,1312.0,0.0,0,1,7,1,3,20,51.28,0,15,7,46.67,27,65,39,84,47,50.0,61,421,318,655,164.3,8,0,983,6,0,0,106923.0,5560000.0,D,30.0,Italy
Christian Kabasele,58351,Udinese,2695,italy,2324,861,13,10,6.85,1,1,2,1.18,0.04,4,0,0.0,28,11,47.83,80,168,248,84.35,26,68.42,12,0,0,0,22.0,2,1,1,2,54,11,0,0,0,9,34,0,0,15,0,14.29,16.0,18,16,2,1,0,,19,46.34,0,0,0,46,12,2,1,0,,0,0,0,2,0.0,0,0,0,0,65,0,0,0,0,0,0,0,0,0,0,861.0,0.0,0,7,0,4,2,0,0.0,0,10,7,70.0,2,13,1,2,45,56.96,23,113,183,294,75.3,7,0,440,9,5,0,32115.0,1670000.0,D,32.0,Belgium
Marko Arnautović,21927,Inter,2697,italy,2324,779,27,5,6.84,5,3,8,5.01,2.12,9,1,14.29,84,3,50.0,142,61,202,77.1,4,36.36,7,0,0,0,17.0,3,3,4,2,5,25,0,0,10,3,36,0,0,11,0,29.41,0.0,5,5,0,5,0,,26,47.27,0,0,0,60,5,16,0,8,,0,0,0,0,0.0,0,0,0,0,105,1,0,0,5,0,0,0,0,0,0,155.8,0.0,0,16,1,4,9,1,16.67,0,10,4,40.0,16,12,6,7,30,45.45,6,188,81,262,171.1,17,2,387,15,0,0,74038.0,3850000.0,F,34.0,Austria
Mërgim Vojvoda,798147,Torino,2696,italy,2324,1417,28,15,6.84,0,3,3,0.36,1.47,27,10,15.63,174,47,55.95,331,338,659,83.0,5,33.33,10,0,0,0,65.0,3,0,1,5,21,28,0,0,8,5,37,0,0,12,0,0.0,0.0,14,12,2,0,0,,28,50.91,0,0,0,135,13,18,0,4,,0,0,0,0,0.0,0,0,0,0,223,10,0,0,0,0,0,0,0,0,0,0.0,0.0,0,3,6,4,4,7,63.64,0,17,8,47.06,18,52,11,64,33,47.14,84,486,372,794,191.6,9,1,1091,4,3,0,17308.0,900000.0,M,29.0,Kosovo
Valentín Carboni,1153083,Monza,2729,italy,2324,1186,31,10,6.84,2,3,5,2.32,1.39,10,2,14.29,164,19,90.48,282,152,432,85.21,4,23.53,13,0,0,0,60.0,3,2,6,0,4,31,0,0,15,18,82,0,0,21,0,8.7,0.0,20,19,1,1,1,,69,50.0,0,0,0,75,7,23,2,3,,0,0,0,0,0.0,0,0,0,0,154,8,0,0,0,0,0,0,0,0,0,593.0,0.0,0,14,9,10,7,24,57.14,0,25,15,60.0,23,15,42,14,73,47.1,21,345,176,507,212.1,23,1,737,20,2,0,28462.0,1480000.0,F,18.0,Argentina
Alex Meret,592794,Napoli,2714,italy,2324,2774,31,31,6.84,0,0,0,0.0,0.01,53,0,0.0,3,114,45.6,25,626,651,82.3,5,83.33,1,0,0,0,195.0,1,0,0,5,23,31,0,0,0,1,2,1,0,0,0,0.0,137.0,40,35,5,0,0,-1.77,4,80.0,0,8,0,140,0,1,0,0,,0,0,0,0,0.0,4,0,2,0,145,0,13,0,0,7,43,21,64,0,19,0.0,0.0,0,0,0,0,0,1,100.0,7,1,0,0.0,1,98,1,0,9,81.82,250,111,680,791,212.1,0,0,1019,3,0,0,71154.0,3700000.0,K,26.0,Italy
Lorenzo De Silvestri,14718,Bologna,2685,italy,2324,694,15,7,6.84,2,0,2,0.21,0.07,6,1,11.11,45,10,43.48,117,211,327,87.9,12,70.59,5,0,0,0,21.0,0,0,1,0,21,15,0,0,1,3,12,0,0,3,0,50.0,0.0,7,5,2,1,1,,13,65.0,1,0,0,45,6,0,0,0,,0,0,0,0,0.0,0,0,0,0,64,1,0,0,1,0,0,0,0,0,0,347.0,0.0,0,2,2,1,2,0,0.0,0,10,8,80.0,0,24,0,9,25,67.57,23,151,230,372,102.6,4,0,514,6,0,0,32115.0,1670000.0,D,35.0,Italy
Thomas Kristensen,1063373,Udinese,2695,italy,2324,2097,26,23,6.84,0,1,1,1.1,0.19,31,0,0.0,57,51,47.22,200,405,605,79.5,60,59.41,41,0,0,0,74.0,0,1,2,6,112,26,0,0,5,12,83,0,0,26,0,0.0,5.0,34,28,6,0,0,,50,54.35,0,0,0,156,29,4,0,1,,0,0,0,0,0.0,0,0,0,0,226,1,0,1,0,0,0,0,0,0,0,0.0,0.0,0,9,1,5,3,10,100.0,0,35,24,68.57,4,70,10,1,110,56.99,108,299,463,761,177.8,10,1,1163,7,2,1,6154.0,320000.0,D,22.0,Denmark
Yerry Mina,360396,Cagliari,2719,italy,2324,1264,18,14,6.84,2,0,2,1.34,0.17,14,1,50.0,33,47,45.19,116,346,461,80.17,38,71.7,15,0,0,0,63.0,0,0,1,2,77,16,0,0,0,7,40,0,0,20,0,50.0,0.0,26,24,2,2,0,,41,62.12,0,0,0,114,4,0,0,0,,0,0,1,1,100.0,0,1,0,0,127,1,0,0,2,0,0,0,0,0,0,632.0,0.0,0,4,0,1,2,2,66.67,0,21,14,66.67,0,41,3,2,79,66.39,104,192,385,575,109.4,4,2,756,20,5,0,36923.0,1920000.0,D,29.0,Colombia
Valentino Lazaro,233826,Torino,2696,italy,2324,2012,35,21,6.84,0,4,4,1.76,2.9,29,32,25.2,217,32,47.06,414,295,677,81.96,14,41.18,20,0,0,0,103.0,3,3,4,6,21,35,0,0,8,6,56,0,0,12,0,0.0,0.0,22,19,3,0,0,,48,57.14,0,0,0,149,8,34,0,1,,0,0,0,0,0.0,0,0,0,0,332,17,0,0,0,0,0,0,0,0,0,0.0,0.0,3,13,4,9,4,20,62.5,0,18,11,61.11,34,62,32,127,62,52.54,68,611,342,826,239.3,17,0,1318,10,3,0,36923.0,1920000.0,M,27.0,Austria
Zito Luvumbo,1000150,Cagliari,2719,italy,2324,1947,30,19,6.84,4,5,9,4.01,2.7,11,25,30.49,101,5,31.25,172,65,212,72.85,5,15.63,27,0,0,0,71.0,5,4,19,1,1,30,0,0,47,11,153,0,0,31,0,7.84,0.0,34,31,3,4,0,,105,45.45,0,0,1,79,1,26,3,14,,0,0,0,0,0.0,0,0,0,1,300,14,0,0,1,0,0,0,0,0,0,486.75,0.0,0,39,12,16,16,30,42.86,0,9,6,66.67,26,25,70,82,110,41.83,16,293,80,291,205.1,51,0,770,67,5,0,21346.0,1110000.0,F,21.0,Angola
Eljif Elmas,838232,Napoli,2714,italy,2324,342,11,4,6.84,2,0,2,0.48,0.29,5,1,16.67,74,4,66.67,125,39,163,90.06,1,14.29,6,0,0,0,19.0,0,0,0,0,7,11,0,0,7,0,27,0,0,7,0,33.33,0.0,5,4,1,2,0,,16,43.24,0,0,0,18,2,6,0,1,,0,0,0,0,0.0,0,0,0,0,48,7,0,0,2,0,0,0,0,0,0,171.0,0.0,0,4,2,0,6,6,46.15,0,4,3,75.0,6,8,13,6,17,38.64,6,141,46,181,75.2,6,0,260,6,2,0,53462.0,2780000.0,M,23.0,North Macedonia
Caleb Ekuban,309156,Genoa,2713,italy,2324,1138,29,10,6.83,4,1,5,2.88,0.7,4,0,0.0,67,7,63.64,97,41,138,66.67,33,49.25,34,0,0,0,36.0,4,4,3,0,7,26,0,0,17,4,80,0,0,17,0,14.81,0.0,15,13,2,4,0,,45,49.45,1,0,1,69,1,16,1,3,,0,0,0,0,0.0,0,0,0,1,161,8,0,0,2,0,0,0,0,0,0,284.5,0.0,0,22,5,12,12,10,47.62,0,8,4,50.0,16,6,21,4,78,49.37,11,156,55,207,177.7,27,0,432,27,0,0,14808.0,770000.0,F,29.0,Ghana
Roberto Pereyra,122701,Udinese,2695,italy,2324,1862,27,22,6.83,4,3,7,3.54,2.0,24,7,29.17,142,19,52.78,272,190,455,81.69,4,33.33,8,0,0,0,100.0,4,2,9,1,17,27,0,0,27,18,97,0,0,24,0,14.81,0.0,30,25,5,4,0,,67,42.95,0,0,0,102,7,25,1,5,,0,0,1,0,100.0,0,1,0,1,227,8,0,0,3,0,0,0,0,0,0,465.5,0.0,0,20,7,9,9,16,42.11,0,19,9,47.37,25,43,38,24,71,42.26,36,353,228,557,184.5,27,1,880,32,6,0,19808.0,1030000.0,M,33.0,Argentina
Davide Faraoni,32040,Fiorentina,2693,italy,2324,995,19,11,6.83,0,2,2,0.51,0.89,20,9,25.0,85,39,56.52,187,146,324,78.83,13,48.15,14,0,0,0,48.0,0,1,0,0,29,18,0,0,4,9,47,0,0,14,0,0.0,0.0,19,17,2,0,0,,41,55.41,0,0,0,87,11,12,0,0,,0,0,0,1,0.0,0,0,0,0,164,3,0,0,0,0,0,0,0,0,0,0.0,0.0,0,6,4,8,2,4,36.36,0,22,14,63.64,12,37,11,36,54,53.47,69,276,171,411,123.0,10,0,710,15,5,0,17885.0,930000.0,D,32.0,Italy
Martin Hongla,856062,Hellas Verona,2701,italy,2324,1091,15,12,6.83,0,0,0,0.14,0.14,6,0,0.0,68,32,60.38,184,204,388,83.62,9,47.37,10,0,0,0,79.0,0,0,1,3,24,15,0,0,6,3,28,0,0,6,0,0.0,0.0,12,10,2,0,0,,39,68.42,0,0,0,76,7,9,0,1,,0,0,0,0,0.0,0,0,0,0,102,2,0,0,0,0,0,0,0,0,0,0.0,0.0,0,0,3,2,0,9,75.0,0,24,13,54.17,9,23,12,4,48,63.16,53,248,220,464,102.5,3,0,598,6,0,0,15962.0,830000.0,M,25.0,Cameroon
Youssef Maleh,849274,Empoli,2705,italy,2324,2610,34,30,6.83,0,1,1,1.59,1.98,46,15,31.91,228,48,39.34,438,346,769,79.69,18,34.62,34,0,0,0,172.0,1,2,6,6,19,34,0,0,18,29,139,0,0,56,0,0.0,0.0,43,38,5,0,0,,118,52.91,0,0,1,196,25,34,0,0,,0,0,0,2,0.0,0,0,0,0,306,18,0,0,0,0,0,0,0,0,0,0.0,0.0,2,9,9,10,2,8,53.33,0,74,48,64.86,34,89,15,47,136,49.45,122,614,398,965,232.3,18,0,1416,37,11,0,21346.0,1110000.0,M,25.0,Morocco
Ruslan Malinovskyi,195850,Genoa,2713,italy,2324,1559,28,18,6.83,4,1,5,1.08,0.71,32,5,26.32,149,41,49.4,310,258,563,81.59,23,52.27,21,0,0,0,88.0,0,0,8,1,16,28,0,0,22,24,107,0,0,31,0,10.26,0.0,19,15,4,1,3,,61,41.5,0,0,2,127,5,11,4,0,,0,0,0,0,0.0,0,0,0,0,204,10,0,0,0,0,0,0,0,0,0,389.75,0.0,10,1,38,18,13,10,43.48,0,35,20,57.14,11,58,23,19,84,43.98,83,413,296,690,191.3,39,0,945,17,7,0,24615.0,1280000.0,F,30.0,Ukraine
Angeliño,848355,Roma,2702,italy,2324,1148,16,14,6.83,0,1,1,0.19,1.49,27,18,33.96,85,28,41.79,230,243,455,79.68,16,64.0,9,0,0,0,55.0,2,0,3,1,32,16,0,0,6,8,42,1,0,13,0,0.0,0.0,16,16,0,0,0,,36,52.17,0,0,1,116,12,19,0,1,,1,0,0,0,0.0,0,0,0,0,190,2,0,0,0,0,0,0,0,0,0,0.0,0.0,0,2,6,3,2,6,50.0,0,21,11,52.38,19,57,12,53,52,55.32,67,345,279,571,109.3,8,0,856,10,2,0,38462.0,2000000.0,D,27.0,Spain
Sead Kolašinac,142148,Atalanta,2686,italy,2324,2190,30,25,6.83,1,0,1,1.34,0.56,31,3,33.33,158,20,27.03,408,623,1028,84.89,34,51.52,32,0,0,0,151.0,2,2,0,6,46,30,0,0,9,19,87,0,0,29,0,7.69,0.0,23,17,6,1,0,,71,56.35,1,0,0,183,21,8,0,1,,0,0,0,0,0.0,0,0,0,0,232,4,0,0,0,0,0,0,0,0,0,2190.0,0.0,0,11,2,8,5,7,100.0,0,44,32,72.73,8,51,7,9,105,54.69,74,526,694,1211,204.9,13,0,1518,20,4,0,49231.0,2560000.0,D,30.0,Bosnia-Herzegovina
Walace,553686,Udinese,2695,italy,2324,3243,37,37,6.83,2,0,2,0.82,0.79,49,1,8.33,257,85,45.7,560,584,1143,80.44,29,60.42,19,0,0,0,276.0,1,0,8,7,58,37,0,0,27,41,147,0,1,42,0,7.41,0.0,48,41,7,1,1,,128,50.0,0,0,0,278,43,21,0,0,,0,0,0,0,0.0,0,0,0,0,395,9,0,0,2,0,0,0,0,0,0,1621.5,0.0,0,4,23,10,9,16,45.71,0,66,43,65.15,21,95,35,12,157,51.64,186,759,674,1421,252.7,27,0,1928,46,7,0,19808.0,1030000.0,M,28.0,Brazil
Manuel Lazzari,273405,Lazio,2699,italy,2324,1675,24,19,6.83,0,2,2,1.05,1.3,11,11,19.64,163,13,38.24,382,314,685,88.5,7,29.17,17,0,0,0,72.0,2,1,2,5,30,24,0,1,5,10,56,0,1,16,0,0.0,0.0,15,14,1,0,0,,55,58.51,0,0,0,89,12,9,0,1,,0,0,0,0,0.0,0,0,0,0,189,3,0,1,0,0,0,0,0,0,0,0.0,0.0,0,4,4,4,2,11,52.38,0,26,18,69.23,9,21,21,56,62,52.54,34,483,347,774,163.9,8,0,1182,20,4,0,60577.0,3150000.0,M,30.0,Italy
Boris Radunović,795926,Cagliari,2719,italy,2324,630,7,7,6.83,0,0,0,0.0,0.04,22,0,0.0,14,56,52.83,36,103,139,72.77,2,66.67,1,0,0,0,48.0,0,0,0,2,5,7,1,0,0,0,1,2,0,0,0,0.0,66.0,12,11,1,0,0,-1.71,2,100.0,0,5,0,52,1,0,0,0,,0,0,0,0,0.0,1,0,0,0,54,0,4,0,0,1,11,5,16,0,5,0.0,0.0,0,0,0,0,0,0,0.0,1,0,0,0.0,0,48,0,0,4,80.0,106,82,109,191,47.8,0,0,258,2,0,0,16731.0,870000.0,K,27.0,Serbia
Patrick Dorgu,1397168,Lecce,2689,italy,2324,1573,32,17,6.83,2,0,2,1.98,0.75,7,7,17.07,121,28,51.85,252,254,499,83.87,27,50.94,26,0,0,0,78.0,3,2,4,1,37,32,0,0,20,12,98,1,1,25,0,11.11,0.0,20,17,3,2,0,,102,58.62,0,0,1,96,9,18,1,2,,0,0,0,0,0.0,0,0,0,0,227,7,0,0,1,0,0,0,0,0,0,786.5,0.0,0,10,8,6,8,15,48.39,0,43,22,51.16,18,23,31,41,129,56.83,54,346,290,595,218.5,18,0,1033,44,6,0,4231.0,220000.0,D,19.0,Denmark
Andrea Petagna,295973,Cagliari,2719,italy,2324,1014,18,13,6.83,1,1,2,1.62,1.06,9,0,0.0,67,8,80.0,109,59,168,71.49,27,47.37,30,0,0,0,25.0,0,1,7,0,4,18,0,0,23,1,72,0,0,18,0,5.0,0.0,20,19,1,1,0,,36,46.15,0,0,0,67,1,18,1,2,,0,0,0,1,0.0,0,0,0,0,127,7,0,0,0,0,0,0,0,0,0,1014.0,0.0,0,16,4,5,8,11,73.33,0,4,2,50.0,18,15,15,2,63,46.67,10,171,66,235,122.9,20,0,384,22,2,0,78269.0,4070000.0,F,28.0,Italy
Luca Ranieri,893998,Fiorentina,2693,italy,2324,2073,26,23,6.83,2,1,3,0.92,0.69,73,3,23.08,140,117,52.0,403,727,1127,84.8,40,50.0,40,0,0,0,99.0,0,1,3,5,63,26,0,0,0,5,80,0,0,32,0,20.0,2.0,28,25,3,2,0,,29,42.03,2,0,0,202,29,7,0,1,,0,0,0,0,0.0,0,0,0,0,241,1,0,0,0,0,0,0,0,0,0,1036.5,0.0,0,10,0,4,3,4,33.33,0,14,10,71.43,7,131,12,13,69,46.31,225,558,784,1329,177.5,10,1,1571,11,14,0,32115.0,1670000.0,D,24.0,Italy
Pontus Almqvist,856065,Lecce,2689,italy,2324,2115,30,25,6.83,2,1,3,2.3,1.76,4,7,33.33,125,8,72.73,234,117,344,75.77,14,38.89,22,0,0,0,69.0,2,1,16,3,8,30,0,0,39,28,160,0,0,29,0,5.0,0.0,32,30,2,2,0,,117,45.88,0,0,1,110,14,27,2,1,,0,0,0,0,0.0,0,0,0,2,276,17,0,0,0,0,0,0,0,0,0,1057.5,0.0,0,21,19,9,15,37,46.25,0,45,29,64.44,27,10,80,21,131,45.02,11,330,145,454,204.8,40,0,883,35,5,0,14808.0,770000.0,F,24.0,Sweden
Samuel Iling Junior,996919,Juventus,2687,italy,2324,813,24,4,6.83,1,2,3,0.73,1.55,10,19,41.3,102,7,33.33,184,110,275,79.25,9,75.0,3,0,0,0,40.0,2,0,0,1,18,23,0,0,12,7,50,0,0,15,0,11.11,0.0,10,9,1,1,0,,35,42.68,0,0,1,72,6,20,1,1,,0,1,0,0,0.0,0,0,0,0,150,5,0,0,0,0,0,0,0,0,0,813.0,0.0,0,8,1,5,4,7,33.33,0,23,13,56.52,19,25,21,46,44,46.81,21,260,133,347,157.0,9,0,594,5,1,0,12308.0,640000.0,F,20.0,England
Santiago Castro,1116577,Bologna,2685,italy,2324,238,8,2,6.83,1,1,2,0.95,0.03,0,0,0.0,8,4,100.0,25,17,42,84.0,5,38.46,8,0,0,0,4.0,1,1,0,0,1,8,0,0,3,2,18,0,0,7,0,14.29,0.0,2,2,0,1,0,,11,52.38,1,0,0,8,1,1,0,0,,0,0,0,0,0.0,0,0,0,0,22,2,0,0,0,0,0,0,0,0,0,238.0,0.0,0,5,2,4,3,2,66.67,0,2,1,50.0,1,0,3,1,16,47.06,4,33,18,50,54.6,7,1,89,7,1,0,17885.0,930000.0,F,19.0,Argentina
Enzo Barrenechea,1087316,Frosinone,2801,italy,2324,2822,36,32,6.83,0,1,1,0.61,1.12,72,0,0.0,274,78,43.09,714,907,1621,85.54,55,56.12,43,0,0,0,231.0,1,0,9,4,57,36,0,0,16,42,139,1,1,32,0,0.0,0.0,54,48,6,0,0,,121,55.76,0,0,0,274,27,25,0,0,,0,0,0,0,0.0,0,0,0,0,323,11,0,0,0,0,0,0,0,0,0,0.0,0.0,2,7,13,8,3,8,50.0,0,65,42,64.62,25,129,16,1,176,55.87,181,899,997,1895,245.7,20,0,2302,52,10,0,5000.0,260000.0,M,22.0,Argentina
Davide Zappacosta,132318,Atalanta,2686,italy,2324,1880,31,23,6.82,2,1,3,2.27,1.73,26,24,31.58,237,23,62.16,425,307,708,88.06,10,43.48,13,0,0,0,99.0,4,4,16,3,15,31,0,0,15,18,94,0,0,26,0,5.41,0.0,21,18,3,2,0,,61,42.96,0,0,2,96,5,18,0,2,,0,1,0,0,0.0,0,0,0,0,236,10,0,0,2,0,0,0,0,0,0,940.0,0.0,0,26,11,11,10,17,42.5,0,30,20,66.67,17,42,40,76,71,43.03,37,538,342,804,211.5,37,0,1300,15,5,0,32115.0,1670000.0,M,31.0,Italy
Lorenzo Lucca,962364,Udinese,2695,italy,2324,2609,37,30,6.82,8,4,12,7.84,0.65,11,0,0.0,85,10,83.33,166,103,269,61.14,98,50.0,98,0,0,0,71.0,1,11,9,3,35,37,0,0,48,15,224,0,1,52,0,13.11,0.0,38,34,4,8,0,,82,39.42,3,0,1,171,3,20,0,21,,0,0,0,0,0.0,0,0,0,0,337,13,0,0,5,0,0,0,0,0,0,326.13,0.0,1,52,9,26,26,12,37.5,0,19,11,57.89,20,19,32,8,180,44.55,12,306,142,440,252.4,61,1,886,54,6,0,8846.0,460000.0,F,23.0,Italy
Paweł Dawidowicz,288321,Hellas Verona,2701,italy,2324,2151,28,25,6.82,0,0,0,0.51,0.14,38,1,50.0,84,78,50.65,258,708,965,83.19,67,68.37,31,0,0,0,139.0,0,0,1,4,113,28,0,0,5,12,80,1,0,33,0,0.0,8.0,31,28,3,0,0,,66,57.39,0,0,0,195,24,2,0,0,,1,0,0,0,0.0,0,0,0,0,220,2,0,0,0,0,0,0,0,0,0,0.0,0.0,0,8,1,7,1,4,80.0,0,53,30,56.6,2,86,5,2,133,62.44,154,368,794,1160,191.0,9,0,1457,9,5,0,7308.0,380000.0,D,28.0,Poland
Jaime Báez,796443,Frosinone,2801,italy,2324,502,11,6,6.82,1,0,1,0.47,0.79,2,9,37.5,53,4,28.57,96,43,130,73.86,4,44.44,5,0,0,0,29.0,1,0,3,0,0,10,0,0,11,7,32,0,0,6,0,11.11,0.0,7,6,1,1,0,,24,47.06,0,0,1,46,4,8,0,5,,0,0,0,0,0.0,0,0,0,1,86,3,0,0,1,0,0,0,0,0,0,502.0,0.0,1,3,6,4,2,5,62.5,0,4,1,25.0,8,11,8,24,28,46.67,14,143,57,176,68.2,9,0,279,15,1,0,14615.0,760000.0,F,28.0,Uruguay
Antonino Gallo,945616,Lecce,2689,italy,2324,2500,35,30,6.82,0,3,3,0.54,3.12,54,37,26.81,195,81,40.3,404,397,764,75.42,26,44.07,33,0,0,0,161.0,8,1,3,2,53,35,0,0,13,18,93,0,0,9,0,0.0,0.0,41,37,4,0,0,,78,56.52,0,0,0,249,25,47,0,3,,0,0,0,0,0.0,0,0,0,0,475,4,0,0,0,0,0,0,0,0,0,0.0,0.0,0,7,8,9,3,19,48.72,0,43,27,62.79,47,137,39,138,104,52.79,201,666,485,1013,238.7,15,1,1732,17,2,0,18462.0,960000.0,D,24.0,Italy
Suat Serdar,800408,Hellas Verona,2701,italy,2324,1676,25,19,6.82,0,2,2,1.01,0.94,36,2,22.22,110,64,57.66,223,220,441,75.0,22,50.0,22,0,0,0,109.0,1,1,9,2,24,25,0,0,13,23,111,0,1,40,0,0.0,0.0,26,24,2,0,0,,87,49.43,0,0,0,147,20,17,0,0,,0,0,0,0,0.0,0,0,0,0,209,9,0,0,0,0,0,0,0,0,0,0.0,0.0,0,9,13,6,7,18,56.25,0,51,39,76.47,17,67,32,9,109,49.55,111,340,257,588,170.5,22,0,878,18,7,0,39423.0,2050000.0,M,26.0,Germany
Matteo Darmian,19352,Inter,2697,italy,2324,2413,33,27,6.82,2,1,3,1.2,1.27,37,9,42.86,192,50,45.87,442,621,1054,85.62,21,55.26,17,0,0,0,74.0,1,3,2,10,47,33,0,0,1,33,88,0,0,27,0,20.0,0.0,15,12,3,1,1,,63,47.01,0,0,0,177,13,22,2,1,,0,0,0,2,0.0,0,0,0,1,237,1,0,0,0,0,0,0,0,0,0,1206.5,0.0,0,7,3,2,6,5,33.33,0,48,22,45.83,22,70,15,21,84,48.84,109,566,686,1231,225.0,10,0,1623,11,2,0,61731.0,3210000.0,D,34.0,Italy
Federico Fazio,27569,Salernitana,2710,italy,2324,1354,17,15,6.82,1,0,1,0.44,0.29,18,0,0.0,35,34,39.08,141,293,434,75.35,51,69.86,22,0,0,0,54.0,0,2,2,1,93,17,0,1,3,6,38,1,0,9,0,12.5,2.0,29,26,3,1,0,,28,63.64,1,0,0,142,17,3,0,0,,0,0,0,1,0.0,0,0,0,0,158,0,0,1,0,0,0,0,0,0,0,1354.0,0.0,0,8,0,4,2,2,100.0,0,18,11,61.11,3,47,2,0,79,67.52,87,234,342,576,115.9,8,0,794,9,3,0,89038.0,4630000.0,D,36.0,Argentina
Christian Kouamé,812946,Fiorentina,2693,italy,2324,1100,23,11,6.82,2,1,3,1.94,1.19,2,1,5.0,136,11,61.11,231,87,317,76.39,56,56.57,43,0,0,0,66.0,2,2,5,2,9,23,0,0,29,4,110,0,0,17,0,8.33,0.0,10,9,1,2,0,,47,41.23,1,0,0,98,2,12,0,0,,0,0,0,0,0.0,0,0,0,0,220,12,0,0,1,0,0,0,0,0,0,550.0,0.0,0,15,9,12,7,9,33.33,0,13,4,30.77,12,8,27,20,103,48.36,18,336,99,415,156.8,24,0,680,25,0,0,42692.0,2220000.0,F,26.0,Cote d'Ivoire
Samuele Birindelli,856729,Monza,2729,italy,2324,2019,35,22,6.82,0,2,2,1.07,2.36,34,18,33.33,177,50,52.63,378,385,745,83.05,8,53.33,7,0,0,0,77.0,3,0,4,3,39,35,0,0,9,11,69,0,0,30,0,0.0,0.0,33,28,5,0,0,,72,53.73,0,0,0,152,18,24,0,1,,0,0,0,0,0.0,0,0,0,0,263,5,0,0,0,0,0,0,0,0,0,0.0,0.0,0,17,8,12,9,12,44.44,0,28,19,67.86,24,70,27,54,80,53.69,95,515,436,897,238.6,25,0,1383,32,7,0,15962.0,830000.0,D,24.0,Italy
Michel Aebischer,850891,Bologna,2685,italy,2324,2239,36,26,6.82,0,1,1,1.1,0.99,25,1,8.33,243,46,70.77,642,715,1356,91.93,11,40.74,16,0,0,0,135.0,3,1,6,6,21,35,0,0,19,19,99,0,0,37,0,0.0,0.0,20,15,5,0,0,,79,48.77,0,0,0,119,12,17,0,0,,0,0,0,0,0.0,0,0,0,0,190,6,0,0,0,0,0,0,0,0,0,0.0,0.0,0,6,12,7,5,14,60.87,0,35,20,57.14,17,38,23,12,90,47.62,65,723,764,1475,238.6,18,0,1767,30,8,0,12308.0,640000.0,M,27.0,Switzerland
Federico Bonazzoli,284363,Hellas Verona,2701,italy,2324,1014,24,10,6.82,3,1,4,2.85,0.46,11,0,0.0,85,19,90.48,173,68,241,79.54,6,35.29,11,0,0,0,31.0,3,1,4,0,3,24,0,0,12,7,42,0,0,10,0,11.11,0.0,12,11,1,2,1,,30,49.18,0,0,0,62,3,8,3,9,,0,0,0,0,0.0,0,0,0,0,116,7,0,0,0,0,0,0,0,0,0,338.0,0.0,0,17,10,10,13,6,54.55,0,4,1,25.0,8,16,11,7,36,46.15,21,233,77,303,163.6,27,1,449,20,3,0,42692.0,2220000.0,F,26.0,Italy
Ciro Immobile,45923,Lazio,2699,italy,2324,1661,31,21,6.82,7,1,8,9.77,1.33,10,1,14.29,140,6,54.55,238,98,335,74.61,15,34.88,28,0,0,0,34.0,3,12,9,1,11,31,0,0,14,11,93,0,0,22,0,14.29,0.0,24,19,5,7,0,,49,42.98,0,0,3,114,5,17,0,14,,0,0,4,0,100.0,0,4,0,2,210,11,0,0,7,0,0,0,0,0,0,237.29,0.0,0,46,3,17,23,8,29.63,0,11,9,81.82,17,16,27,7,64,40.76,11,330,126,449,211.3,49,0,714,31,8,0,142500.0,7410000.0,F,33.0,Italy
Szymon Żurkowski,860435,Empoli,2705,italy,2324,871,13,10,6.82,4,0,4,0.97,0.22,4,1,16.67,50,5,41.67,115,78,192,80.67,8,32.0,17,0,0,0,37.0,0,0,5,1,11,13,0,0,19,10,74,0,0,19,0,25.0,0.0,8,7,1,3,1,,35,38.04,2,0,0,46,6,4,1,2,,0,0,0,0,0.0,0,0,0,0,99,4,0,0,1,0,0,0,0,0,0,217.75,0.0,0,9,7,5,6,4,30.77,0,15,6,40.0,4,11,13,6,43,36.75,12,154,90,238,88.6,16,1,388,17,4,0,17308.0,900000.0,M,26.0,Poland
Houssem Aouar,846081,Roma,2702,italy,2324,771,16,9,6.81,4,0,4,2.34,0.58,6,6,60.0,96,3,30.0,192,105,291,84.1,10,47.62,11,0,0,0,39.0,0,2,2,1,2,16,0,0,15,9,52,1,0,10,0,33.33,0.0,9,9,0,4,0,,38,48.1,3,0,0,55,4,10,1,3,,0,0,0,0,0.0,0,0,0,0,98,4,0,0,0,0,0,0,0,0,0,192.75,0.0,0,11,1,3,7,11,61.11,0,16,11,68.75,10,15,18,10,48,48.0,10,236,120,346,109.0,12,0,477,11,3,0,69038.0,3590000.0,M,25.0,Algeria
Carlos Alcaraz,1017392,Juventus,2687,italy,2324,383,10,3,6.81,0,1,1,0.38,0.39,6,0,0.0,50,10,76.92,94,48,142,87.65,2,18.18,9,0,0,0,17.0,1,0,4,1,4,8,0,0,4,5,26,0,0,5,0,0.0,0.0,5,5,0,0,0,,14,45.16,0,0,0,20,5,2,0,0,,0,0,0,0,0.0,0,0,0,0,40,4,0,0,0,0,0,0,0,0,0,0.0,0.0,2,3,8,5,2,3,37.5,0,6,6,100.0,2,7,8,1,16,38.1,13,109,54,162,54.5,11,0,233,5,0,0,0.0,0.0,M,21.0,Argentina
Antonio Sanabria,333261,Torino,2696,italy,2324,2133,35,23,6.81,5,0,5,9.46,0.92,15,1,16.67,158,18,66.67,284,208,491,79.71,62,45.59,74,0,0,0,68.0,1,10,9,4,11,35,0,0,23,5,141,0,0,25,0,9.26,0.0,21,17,4,5,0,,65,49.24,0,0,4,125,6,15,2,3,,0,0,2,0,100.0,0,2,0,0,226,12,0,0,3,0,0,0,0,0,0,426.6,0.0,0,47,7,29,16,14,45.16,0,18,15,83.33,15,26,31,6,127,47.39,27,388,234,616,238.4,54,0,927,33,2,0,56923.0,2960000.0,F,27.0,Paraguay
Davide Frattesi,835600,Inter,2697,italy,2324,951,32,6,6.81,6,3,9,7.11,1.97,11,1,9.09,73,9,52.94,136,98,233,80.9,14,48.28,15,0,0,0,38.0,3,7,6,1,16,30,0,0,16,4,60,0,0,12,0,18.75,0.0,8,8,0,6,0,,33,42.31,1,0,0,55,5,10,3,1,,0,0,0,0,0.0,0,0,0,1,114,2,0,0,1,0,0,0,0,0,0,158.5,0.0,0,30,2,12,14,7,35.0,0,10,6,60.0,10,18,20,11,47,43.93,17,183,116,288,204.3,32,2,472,16,1,0,99808.0,5190000.0,M,24.0,Italy
Sam Beukema,898815,Bologna,2685,italy,2324,2549,30,29,6.81,1,1,2,1.9,0.7,65,0,0.0,113,97,50.79,487,1344,1831,90.11,47,56.63,36,0,0,0,144.0,1,3,2,11,99,30,0,0,3,9,77,2,0,27,0,8.33,16.0,27,23,4,1,0,,41,50.0,0,0,0,201,15,7,0,1,,0,0,0,2,0.0,0,0,0,0,224,0,0,1,1,0,0,0,0,0,0,2549.0,0.0,0,11,1,6,4,4,66.67,0,27,11,40.74,7,129,6,2,88,53.33,191,614,1420,2032,204.3,12,1,2309,11,4,1,17308.0,900000.0,D,25.0,Netherlands
Daniel Boloca,882592,Sassuolo,2793,italy,2324,2023,30,23,6.81,1,0,1,0.52,0.55,43,2,25.0,222,55,68.75,524,432,954,90.43,24,54.55,20,0,0,0,155.0,0,1,4,1,32,30,0,1,17,19,88,1,1,25,0,7.69,0.0,42,36,6,0,1,,83,54.97,0,0,0,101,14,14,0,0,,0,0,0,1,0.0,0,0,0,0,154,11,0,1,1,0,0,0,0,0,0,2023.0,0.0,0,1,12,5,4,28,80.0,0,48,33,68.75,14,59,35,8,107,54.87,80,595,468,1055,204.3,13,2,1319,7,6,0,21346.0,1110000.0,M,25.0,Italy
Gianluca Lapadula,147368,Cagliari,2719,italy,2324,1212,23,14,6.81,3,1,4,4.89,0.72,2,2,28.57,44,3,50.0,71,49,118,72.39,21,40.38,31,0,0,0,27.0,2,3,8,1,5,23,0,0,8,9,72,0,0,22,0,8.57,0.0,24,23,1,3,0,,23,35.94,0,0,1,45,2,19,2,15,,0,0,1,0,100.0,0,1,0,1,83,10,0,0,1,0,0,0,0,0,0,404.0,0.0,2,30,5,16,11,4,57.14,0,1,1,100.0,19,4,7,7,44,37.93,6,113,57,163,156.6,35,0,292,18,3,0,39231.0,2040000.0,F,33.0,Peru
Hassane Kamara,351434,Udinese,2695,italy,2324,2261,35,27,6.81,1,1,2,1.95,1.82,27,19,26.76,138,27,44.26,272,237,490,77.78,16,53.33,14,0,0,0,130.0,5,4,6,2,52,35,0,0,19,13,88,0,0,21,0,3.85,0.0,30,26,4,1,0,,83,52.87,0,0,0,140,26,21,1,6,,0,0,0,0,0.0,0,0,0,0,303,16,0,0,0,0,0,0,0,0,0,2261.0,0.0,0,15,11,12,8,30,57.69,0,45,32,71.11,21,63,52,71,99,52.94,61,419,282,630,238.3,26,0,1179,8,4,0,22115.0,1150000.0,D,29.0,Cote d'Ivoire
Giulio Maggiore,848185,Salernitana,2710,italy,2324,1807,27,20,6.81,4,2,6,2.3,0.82,26,1,33.33,114,29,36.71,293,326,618,78.53,26,36.11,46,0,0,0,134.0,2,1,5,2,36,27,0,0,8,22,118,0,0,39,0,17.39,0.0,36,32,4,4,0,,90,55.56,1,0,0,169,24,11,1,1,,0,0,0,1,0.0,0,0,0,0,212,7,0,1,2,0,0,0,0,0,0,451.75,0.0,0,19,4,8,10,6,46.15,0,49,29,59.18,11,60,13,3,116,49.57,79,400,390,787,183.8,23,0,1082,37,7,1,35577.0,1850000.0,M,25.0,Italy
Matheus Henrique,912786,Sassuolo,2793,italy,2324,2502,31,27,6.81,2,2,4,2.28,1.56,52,9,34.62,240,58,53.21,490,333,814,83.15,14,53.85,12,0,0,0,141.0,1,4,6,1,27,31,0,0,20,25,91,3,3,21,0,10.53,0.0,55,47,8,2,0,,101,56.11,1,0,1,165,25,36,0,2,,0,0,0,0,0.0,0,0,0,0,263,16,0,1,1,0,0,0,0,0,0,1251.0,0.0,0,6,13,6,7,20,58.82,0,43,29,67.44,36,94,34,26,115,55.83,109,641,364,979,211.0,19,0,1320,38,6,1,10962.0,570000.0,M,26.0,Brazil
Walid Cheddira,917485,Frosinone,2801,italy,2324,2142,36,24,6.81,7,1,8,9.01,0.68,7,0,0.0,102,7,100.0,170,91,261,69.05,40,36.04,71,0,0,0,47.0,1,10,9,0,10,35,0,0,36,4,157,0,0,27,0,11.67,0.0,44,40,4,7,0,,64,42.67,3,0,3,117,5,16,1,16,,0,0,1,0,100.0,0,1,0,2,255,15,0,0,3,0,0,0,0,0,0,306.0,0.0,0,49,11,23,28,12,34.29,0,12,7,58.33,16,10,35,3,104,39.85,7,274,107,378,238.2,60,1,712,43,0,0,5385.0,280000.0,F,26.0,Morocco
Maxime López,352802,Fiorentina,2693,italy,2324,949,21,9,6.81,0,0,0,0.19,0.79,23,4,25.0,168,29,58.0,406,312,714,90.15,3,33.33,6,0,0,0,56.0,1,0,0,0,5,20,0,1,1,7,27,0,0,10,0,0.0,0.0,13,10,3,0,0,,29,58.0,0,0,0,78,9,11,0,0,,0,1,0,0,0.0,0,0,0,0,102,3,0,1,0,0,0,0,0,0,0,0.0,0.0,0,1,3,2,2,2,33.33,0,20,10,50.0,10,48,6,16,32,54.24,50,474,334,792,136.1,4,0,883,7,1,0,14808.0,770000.0,M,26.0,France
Vitinha,1093695,Genoa,2713,italy,2324,300,9,2,6.8,2,0,2,1.14,0.2,2,2,22.22,13,1,33.33,20,11,29,61.7,7,30.43,16,0,0,0,13.0,0,0,4,1,2,9,0,0,3,1,35,0,0,10,0,14.29,0.0,4,4,0,2,0,,12,38.71,0,0,0,18,0,2,1,2,,0,0,0,0,0.0,0,0,0,0,51,6,0,0,1,0,0,0,0,0,0,150.0,0.0,0,13,1,5,5,2,25.0,0,2,2,100.0,2,2,8,9,19,35.19,3,43,13,47,61.2,14,0,124,8,2,0,57692.0,3000000.0,F,23.0,Portugal
Gaetano Castrovilli,587628,Fiorentina,2693,italy,2324,370,6,5,6.8,1,2,3,0.34,0.12,2,2,22.22,29,4,57.14,57,17,72,69.23,3,60.0,2,0,0,0,17.0,2,0,2,0,3,5,0,0,6,7,28,0,0,4,0,20.0,0.0,7,5,2,1,0,,11,29.73,0,0,1,32,2,7,1,1,,0,0,0,0,0.0,0,0,0,0,67,2,0,0,0,0,0,0,0,0,0,370.0,0.0,0,4,1,1,2,3,25.0,0,3,2,66.67,7,7,12,9,14,33.33,7,87,26,104,34.0,5,0,170,5,0,0,49808.0,2590000.0,M,26.0,Italy
Dan Ndoye,944327,Bologna,2685,italy,2324,1775,32,20,6.8,1,1,2,4.86,1.17,10,7,14.89,154,22,78.57,305,158,456,83.52,7,30.43,16,0,0,0,106.0,4,7,14,2,10,32,0,0,26,22,136,0,0,29,0,2.44,0.0,13,9,4,1,0,,121,50.21,1,0,2,90,10,22,0,7,,0,0,0,0,0.0,0,0,0,0,268,10,0,0,0,0,0,0,0,0,0,1775.0,0.0,0,28,13,11,16,34,44.16,0,30,15,50.0,22,14,77,47,128,48.48,28,409,184,546,217.6,41,0,977,57,4,0,19808.0,1030000.0,F,23.0,Switzerland
Tommaso Augello,596736,Cagliari,2719,italy,2324,2429,32,28,6.8,1,1,2,0.46,2.43,41,36,23.53,169,52,40.63,374,357,695,74.65,35,55.56,28,0,0,0,147.0,4,0,4,0,65,32,0,0,8,9,71,0,0,15,0,10.0,0.0,46,42,4,1,0,,54,55.67,0,0,0,236,17,27,1,1,,0,0,0,0,0.0,0,0,0,0,452,5,0,0,0,0,0,0,0,0,0,2429.0,0.0,1,3,7,3,3,15,55.56,0,26,19,73.08,27,104,27,153,89,55.63,128,646,438,931,217.6,10,1,1603,14,5,0,17885.0,930000.0,D,29.0,Italy
Edoardo Bove,986352,Roma,2702,italy,2324,1785,31,18,6.8,0,2,2,1.96,1.19,17,1,12.5,178,25,62.5,400,248,647,84.46,32,47.76,35,0,0,0,95.0,0,3,4,3,11,31,0,0,27,19,118,0,1,31,0,0.0,0.0,21,19,2,0,0,,103,55.38,0,0,1,119,11,16,0,1,,0,0,0,0,0.0,0,0,0,0,192,8,0,0,0,0,0,0,0,0,0,0.0,0.0,0,11,8,9,6,9,56.25,0,60,31,51.67,16,30,16,8,135,53.36,40,495,279,766,210.8,19,0,1063,37,2,0,35577.0,1850000.0,M,21.0,Italy
Koni De Winter,1001828,Genoa,2713,italy,2324,2379,29,26,6.8,0,1,1,0.79,0.29,13,0,0.0,114,33,47.14,329,755,1084,88.93,61,59.8,41,0,0,0,120.0,1,1,0,4,77,29,0,0,10,10,97,0,0,37,0,0.0,31.0,29,26,3,0,0,,59,51.3,0,0,0,135,21,5,0,0,,0,0,0,1,0.0,0,0,0,0,185,3,0,1,0,0,0,0,0,0,0,0.0,0.0,0,11,0,9,2,7,77.78,0,44,25,56.82,5,24,9,5,120,55.3,70,404,820,1219,197.2,11,0,1545,11,6,1,14231.0,740000.0,D,21.0,Belgium
Stefano Sensi,294313,Inter,2697,italy,2324,43,4,0,6.8,0,1,1,0.09,0.07,3,1,100.0,4,4,100.0,18,29,46,90.2,0,0.0,0,0,0,0,3.0,0,0,1,0,0,4,0,0,1,2,3,0,0,0,0,0.0,0.0,0,0,0,0,0,,3,50.0,0,0,0,5,1,3,0,0,,0,0,0,0,0.0,0,0,0,0,7,0,0,0,0,0,0,0,0,0,0,0.0,0.0,1,0,2,1,0,1,100.0,0,1,1,100.0,3,3,1,1,3,50.0,4,23,29,51,27.2,2,0,62,1,0,0,71154.0,3700000.0,M,28.0,Italy
Tiago Djaló,892735,Juventus,2687,italy,2324,16,1,0,6.8,0,0,0,,0.0,0,0,0.0,0,1,100.0,3,9,12,92.31,0,0.0,1,0,0,0,1.0,0,0,0,0,1,1,0,0,0,0,1,0,0,0,0,0.0,0.0,0,0,0,0,0,,2,100.0,0,0,0,1,0,0,0,0,,0,0,0,0,0.0,0,0,0,0,1,0,0,0,0,0,0,0,0,0,0,0.0,0.0,0,0,0,0,0,1,100.0,0,0,0,0.0,0,0,1,0,2,66.67,1,4,9,13,6.8,0,0,17,1,0,0,71154.0,3700000.0,D,23.0,Portugal
Mattia De Sciglio,137667,Juventus,2687,italy,2324,45,1,1,6.8,0,0,0,,0.01,0,0,0.0,3,1,100.0,8,7,15,88.24,0,0.0,0,0,0,0,2.0,0,0,0,0,1,1,0,0,0,0,0,0,0,0,0,0.0,0.0,0,0,0,0,0,,1,100.0,0,0,0,2,1,0,0,0,,0,0,0,0,0.0,0,0,0,0,3,0,0,0,0,0,0,0,0,0,0,0.0,0.0,0,0,0,0,0,0,0.0,0,0,0,0.0,0,0,0,0,1,100.0,1,8,9,17,6.8,0,0,26,1,0,0,53462.0,2780000.0,D,31.0,Italy
Francesco Rossi,80074,Atalanta,2686,italy,2324,8,1,0,6.8,0,0,0,,0.0,0,0,0.0,0,0,0.0,0,0,0,0.0,0,0.0,0,0,0,0,1.0,0,0,0,0,0,1,0,0,0,0,0,0,0,0,0,0.0,1.0,0,0,0,0,0,0.75,0,0.0,0,0,0,1,0,0,0,0,,0,0,0,0,0.0,0,0,0,0,1,0,0,0,0,0,1,0,1,0,0,0.0,0.0,0,0,0,0,0,0,0.0,0,0,0,0.0,0,0,0,0,0,0.0,1,1,0,1,6.8,0,0,3,0,0,0,3654.0,190000.0,K,32.0,Italy
Axel Guessand,1136819,Udinese,2695,italy,2324,45,1,0,6.8,0,0,0,0.01,0.0,2,0,0.0,3,2,33.33,8,13,21,77.78,1,50.0,1,0,0,0,3.0,0,0,0,0,0,1,0,0,0,0,1,0,0,0,0,0.0,0.0,0,0,0,0,0,,2,100.0,0,0,0,6,0,0,0,0,,0,0,0,0,0.0,0,0,0,0,9,0,0,0,0,0,0,0,0,0,0,0.0,0.0,0,1,0,1,0,0,0.0,0,1,1,100.0,0,4,0,0,3,75.0,6,12,15,27,6.8,1,0,34,1,0,0,2885.0,150000.0,D,18.0,France
Andrea Consigli,38618,Sassuolo,2793,italy,2324,3150,35,35,6.8,0,0,0,0.0,0.08,69,0,0.0,36,218,36.03,129,568,697,63.94,10,100.0,0,0,0,0,267.0,0,0,0,3,34,35,0,0,1,0,1,1,0,0,0,0.0,252.0,68,59,9,0,0,-15.87,0,0.0,0,21,0,393,1,0,0,0,,0,0,0,0,0.0,10,0,1,0,398,0,15,0,0,6,66,28,95,2,29,0.0,0.0,0,0,0,0,0,0,0.0,6,0,0,0.0,0,163,0,0,10,90.91,605,450,640,1090,237.9,0,1,1402,3,1,0,35577.0,1850000.0,K,37.0,Italy
Kacper Urbański,1012383,Bologna,2685,italy,2324,937,22,9,6.8,0,1,1,1.15,0.75,8,8,36.36,114,10,76.92,196,113,301,83.84,22,64.71,12,0,0,0,30.0,0,2,9,1,10,21,0,0,14,7,56,0,0,11,0,0.0,0.0,10,9,1,0,0,,47,51.65,0,0,0,58,4,17,0,3,,0,1,0,0,0.0,0,0,0,0,123,4,0,0,0,0,0,0,0,0,0,0.0,0.0,0,10,7,2,6,20,62.5,0,16,10,62.5,16,13,32,22,69,55.2,13,251,130,359,142.7,17,0,559,11,3,0,5385.0,280000.0,M,19.0,Poland
Stefano Turati,893752,Frosinone,2801,italy,2324,2745,31,31,6.79,0,0,0,0.0,0.01,64,0,0.0,8,103,27.39,39,592,631,68.89,2,66.67,1,0,0,0,239.0,0,0,0,4,12,31,1,0,0,0,1,1,2,0,0,0.0,144.0,58,51,7,0,0,-9.01,3,100.0,0,16,0,285,0,0,0,0,,0,0,0,0,0.0,7,0,1,0,290,0,6,0,0,7,67,28,98,0,21,0.0,0.0,0,0,0,0,0,0,0.0,7,0,0,0.0,0,150,0,0,5,83.33,376,231,685,916,210.6,0,1,1200,3,0,0,16346.0,850000.0,K,22.0,Italy
Jacopo Fazzini,1012179,Empoli,2705,italy,2324,1242,31,14,6.79,1,1,2,1.25,1.65,11,13,24.07,97,10,31.25,191,148,326,74.26,14,31.11,31,0,0,0,78.0,3,0,11,0,16,30,0,0,21,23,112,0,0,23,0,4.35,0.0,23,21,2,0,1,,96,54.24,0,0,0,113,12,24,0,1,,0,0,0,1,0.0,0,0,0,1,227,7,0,0,1,0,0,0,0,0,0,1242.0,0.0,2,12,11,8,4,20,54.05,0,49,25,51.02,24,22,37,54,110,49.55,32,321,172,439,203.8,23,1,783,27,6,0,2885.0,150000.0,M,20.0,Italy
Loum Tchaouna,1004505,Salernitana,2710,italy,2324,2105,33,23,6.79,4,3,7,2.63,1.33,24,11,15.71,190,21,46.67,337,161,487,71.62,28,29.79,66,0,0,0,69.0,4,3,9,1,13,32,0,0,27,10,148,0,1,15,0,9.09,0.0,53,47,6,2,2,,65,44.22,1,0,1,193,4,22,2,6,,0,0,0,0,0.0,0,0,0,0,386,9,0,0,1,0,0,0,0,0,0,526.25,0.0,0,21,23,20,15,16,34.04,0,20,10,50.0,22,51,47,70,93,38.59,45,542,208,680,217.2,44,0,1101,30,4,0,7308.0,380000.0,F,20.0,France
Kevin Strootman,34221,Genoa,2713,italy,2324,1209,27,15,6.79,0,2,2,0.08,2.24,22,10,50.0,125,22,44.9,292,247,529,82.92,7,38.89,11,0,0,0,73.0,3,0,0,0,19,24,0,0,12,16,57,0,0,16,0,0.0,0.0,14,9,5,0,0,,45,49.45,0,0,0,109,7,22,0,0,,0,0,0,0,0.0,0,0,0,0,143,5,0,0,0,0,0,0,0,0,0,0.0,0.0,0,0,1,1,0,5,71.43,0,34,19,55.88,22,48,7,20,52,47.71,49,390,268,638,162.9,1,0,810,6,4,0,49231.0,2560000.0,M,33.0,Netherlands
Hans Nicolussi Caviglia,876259,Juventus,2687,italy,2324,272,8,3,6.79,0,1,1,0.11,0.78,7,7,38.89,25,10,66.67,63,43,99,84.62,2,50.0,2,0,0,0,18.0,0,0,2,0,2,8,0,0,3,2,12,0,0,1,0,0.0,0.0,2,2,0,0,0,,15,60.0,0,0,0,18,0,8,0,0,,0,0,0,0,0.0,0,0,0,0,38,1,0,0,0,0,0,0,0,0,0,0.0,0.0,1,0,3,1,0,0,0.0,0,5,2,40.0,8,13,4,18,17,58.62,15,85,50,117,54.3,3,0,177,10,1,0,7115.0,370000.0,M,23.0,Italy
Konstantinos Manolas,41234,Salernitana,2710,italy,2324,492,8,6,6.79,0,0,0,0.14,0.05,6,1,100.0,8,14,53.85,53,223,275,91.06,20,68.97,9,0,0,0,19.0,0,0,1,0,20,8,0,0,1,2,15,0,0,5,0,0.0,0.0,9,7,2,0,0,,13,68.42,0,0,0,27,2,1,0,0,,0,0,0,0,0.0,0,0,0,0,29,0,0,0,0,0,0,0,0,0,0,0.0,0.0,0,2,0,1,0,1,100.0,0,9,5,55.56,1,15,1,1,33,68.75,26,69,234,302,54.3,2,0,362,3,0,0,17885.0,930000.0,D,32.0,Greece
Simone Scuffet,284349,Cagliari,2719,italy,2324,2789,31,31,6.79,0,0,0,0.0,0.05,41,0,0.0,30,197,38.86,119,390,509,62.0,4,100.0,0,0,0,0,203.0,0,0,0,3,21,31,0,0,0,1,1,0,0,0,0,0.0,243.0,55,51,4,0,0,-9.28,5,83.33,0,22,0,312,1,0,0,0,,0,0,0,0,0.0,3,0,0,0,314,0,12,0,0,6,52,24,79,0,22,0.0,0.0,0,0,0,0,0,0,0.0,6,1,0,0.0,0,77,0,0,9,90.0,507,386,435,821,210.4,0,0,1067,4,3,0,7308.0,380000.0,K,27.0,Italy
Nicola Zalewski,984184,Roma,2702,italy,2324,966,22,10,6.79,0,1,1,0.84,1.5,14,12,31.58,81,21,47.73,162,147,297,78.57,11,57.89,8,0,0,0,47.0,2,2,7,0,13,22,0,0,9,14,59,0,0,14,0,0.0,0.0,12,11,1,0,0,,62,54.87,0,0,1,81,9,17,0,1,,0,0,0,0,0.0,0,0,0,0,158,4,0,1,0,0,0,0,0,0,0,0.0,0.0,0,9,7,8,1,16,53.33,0,20,14,70.0,17,28,30,38,73,55.3,44,250,166,378,149.3,16,0,644,27,1,1,10769.0,560000.0,M,22.0,Poland
Jesper Karlsson,834597,Bologna,2685,italy,2324,345,7,4,6.79,0,0,0,0.42,0.4,3,6,25.0,46,6,54.55,74,28,96,76.8,0,0.0,3,0,0,0,16.0,0,1,1,0,1,7,0,0,6,6,20,0,0,4,0,0.0,0.0,2,2,0,0,0,,9,34.62,0,0,1,29,4,5,0,1,,0,0,0,0,0.0,0,0,0,0,64,5,0,0,0,0,0,0,0,0,0,0.0,0.0,1,1,5,1,4,5,62.5,0,3,3,100.0,5,7,8,24,9,31.03,11,116,33,125,47.5,6,0,194,1,0,0,19808.0,1030000.0,F,25.0,Sweden
Caleb Okoli,967722,Frosinone,2801,italy,2324,2915,34,32,6.79,0,1,1,0.62,0.31,45,0,0.0,113,75,37.31,431,955,1386,82.11,75,54.74,62,0,0,0,164.0,1,0,2,5,149,34,0,0,4,15,107,0,4,27,0,0.0,36.0,58,52,6,0,0,,83,64.84,0,0,0,302,29,5,0,0,,0,0,0,2,0.0,0,0,0,0,340,1,0,0,0,0,0,0,0,0,0,0.0,0.0,0,13,0,7,4,2,40.0,0,56,34,60.71,5,117,5,2,158,59.62,201,610,1080,1688,230.7,13,0,2132,26,9,0,20000.0,1040000.0,D,22.0,Italy
Gustav Isaksen,976381,Lazio,2699,italy,2324,1074,28,12,6.79,3,1,4,1.59,2.03,4,4,13.79,93,5,21.74,155,54,205,71.18,5,41.67,7,0,0,0,41.0,3,1,4,0,2,27,0,0,19,8,73,0,0,17,0,13.04,0.0,13,11,2,3,0,,42,38.89,0,0,1,83,4,19,2,3,,0,0,0,0,0.0,0,0,0,0,193,11,0,0,1,0,0,0,0,0,0,358.0,0.0,3,11,12,10,9,15,39.47,0,4,3,75.0,19,21,38,29,47,39.17,23,247,70,288,183.2,23,0,523,24,3,0,36923.0,1920000.0,F,22.0,Denmark
Ilario Monterisi,1009363,Frosinone,2801,italy,2324,1467,24,16,6.79,2,2,4,1.11,0.29,33,1,20.0,69,41,37.96,220,542,761,81.3,42,60.0,28,0,0,0,77.0,1,1,1,2,62,20,0,0,3,14,57,0,0,10,0,40.0,8.0,36,31,5,2,0,,44,60.27,0,0,0,175,8,5,1,1,,0,0,0,1,0.0,0,0,0,1,206,2,0,0,1,0,0,0,0,0,0,733.5,0.0,0,5,0,1,3,5,55.56,0,23,13,56.52,5,76,9,5,86,60.14,108,334,607,936,135.7,5,1,1167,17,1,0,6346.0,330000.0,D,22.0,Italy
Nicolò Casale,862697,Lazio,2699,italy,2324,1557,20,16,6.79,0,0,0,0.86,0.22,19,0,0.0,81,49,69.01,345,593,938,91.78,23,48.94,24,0,0,0,74.0,0,1,3,2,59,20,0,0,1,9,58,0,0,24,0,0.0,8.0,24,22,2,0,0,,23,40.35,0,0,1,84,12,2,0,0,,0,0,0,1,0.0,0,0,0,0,87,0,0,0,0,0,0,0,0,0,0,0.0,0.0,0,5,2,3,1,2,100.0,0,15,9,60.0,2,33,2,0,46,44.23,71,387,635,1022,135.7,7,0,1166,6,5,0,35577.0,1850000.0,D,25.0,Italy
Nahitan Nández,589620,Cagliari,2719,italy,2324,2356,33,29,6.78,2,3,5,3.73,2.52,33,36,23.38,158,39,33.91,326,167,457,65.95,38,43.68,49,0,0,0,135.0,2,4,5,1,27,33,0,0,37,37,189,0,0,52,0,8.7,0.0,47,42,5,2,0,,118,45.74,0,0,1,236,19,43,0,9,,0,0,1,0,100.0,0,1,0,0,468,12,0,0,2,0,0,0,0,0,0,1178.0,0.0,0,16,7,11,7,28,62.22,0,59,40,67.8,43,88,45,154,156,45.22,115,634,213,693,223.9,23,0,1266,32,7,0,39423.0,2050000.0,M,28.0,Uruguay
Samuel Chukwueze,822470,Milan,2692,italy,2324,1017,24,12,6.78,1,3,4,1.69,2.69,10,3,15.0,123,11,61.11,204,120,321,81.68,9,34.62,17,0,0,0,59.0,4,3,10,2,2,24,0,0,15,8,80,0,0,7,0,3.57,0.0,17,15,2,1,0,,51,44.74,0,0,0,72,6,20,1,7,,0,0,0,0,0.0,0,0,0,0,173,9,0,0,0,0,0,0,0,0,0,1017.0,0.0,0,17,11,10,8,21,38.18,0,18,7,38.89,20,17,55,20,60,42.86,18,281,132,393,162.8,28,1,623,12,1,0,98654.0,5130000.0,F,24.0,Nigeria
Karol Linetty,189135,Torino,2696,italy,2324,1860,28,19,6.78,0,0,0,0.51,0.72,31,7,36.84,164,38,67.86,422,331,746,86.85,19,52.78,17,0,0,0,102.0,2,0,4,6,27,28,0,0,11,20,104,0,1,50,0,0.0,0.0,17,14,3,0,0,,55,38.73,0,0,0,113,23,15,0,2,,0,0,0,0,0.0,0,0,0,0,170,9,0,0,0,0,0,0,0,0,0,0.0,0.0,0,3,13,11,1,8,53.33,0,30,21,70.0,15,49,15,19,74,41.57,56,510,368,859,189.9,16,0,1113,18,12,0,49808.0,2590000.0,M,29.0,Poland
Malick Thiaw,1014286,Milan,2692,italy,2324,1620,21,19,6.78,0,1,1,0.6,0.23,20,0,0.0,82,42,54.55,351,729,1080,91.6,37,62.71,22,0,0,0,76.0,0,1,1,5,55,21,0,1,5,13,72,0,0,31,0,0.0,11.0,24,21,3,0,0,,49,49.49,0,0,0,99,13,4,0,0,,1,0,0,1,0.0,0,0,0,0,114,1,0,1,0,0,0,0,0,0,0,0.0,0.0,0,4,1,3,1,8,80.0,0,34,17,50.0,4,45,10,0,86,54.43,77,406,773,1179,142.4,5,1,1374,7,5,0,19808.0,1030000.0,D,22.0,Germany
Jens Odgaard,826064,Bologna,2685,italy,2324,438,10,5,6.78,2,0,2,1.47,0.08,3,0,0.0,31,1,25.0,66,27,93,73.81,12,44.44,15,0,0,0,15.0,0,0,5,0,3,10,0,0,10,2,48,0,0,14,0,18.18,0.0,1,1,0,2,0,,19,36.54,0,0,0,33,1,2,1,7,,0,0,0,0,0.0,0,0,0,0,72,4,0,0,1,0,0,0,0,0,0,219.0,0.0,0,9,2,4,2,4,36.36,0,4,4,100.0,2,5,11,8,31,39.24,4,93,41,126,67.8,11,0,218,11,1,0,5385.0,280000.0,F,24.0,Denmark
Matías Viña,875295,Sassuolo,2793,italy,2324,1019,15,13,6.78,0,3,3,0.32,0.72,16,7,24.14,89,14,29.79,175,140,308,74.94,11,42.31,15,0,0,0,45.0,2,1,1,0,26,15,0,0,7,16,66,0,0,12,0,0.0,0.0,15,14,1,0,0,,55,51.89,0,0,0,103,9,16,0,0,,2,0,0,0,0.0,0,0,0,0,179,1,0,0,0,0,0,0,0,0,0,0.0,0.0,0,2,6,5,2,12,42.86,0,34,21,61.76,16,43,28,29,66,50.0,47,269,171,411,101.7,8,0,716,9,1,0,29615.0,1540000.0,D,25.0,Uruguay
Giorgio Cittadini,1001847,Genoa,2713,italy,2324,129,6,1,6.78,0,0,0,,0.0,0,0,0.0,3,4,57.14,4,18,22,64.71,3,42.86,4,0,0,0,9.0,0,0,0,0,4,5,0,0,3,0,10,0,0,3,0,0.0,0.0,0,0,0,0,0,,10,62.5,0,0,0,12,3,0,0,0,,0,0,0,0,0.0,0,0,0,0,18,0,0,0,0,0,0,0,0,0,0,0.0,0.0,0,0,0,0,0,0,0.0,0,6,5,83.33,0,1,0,0,13,56.52,7,8,26,34,33.9,0,0,65,5,1,0,7500.0,390000.0,D,21.0,Italy
Danilo Cataldi,317301,Lazio,2699,italy,2324,1373,28,15,6.78,1,0,1,0.36,0.87,21,9,29.03,128,19,42.22,414,381,786,87.92,6,60.0,4,0,0,0,105.0,1,0,2,1,19,28,0,0,6,10,38,0,1,17,0,8.33,0.0,20,16,4,0,1,,38,52.78,0,0,1,108,17,11,0,0,,0,0,0,0,0.0,0,0,0,0,150,5,0,0,1,0,0,0,0,0,0,1373.0,0.0,0,0,12,8,2,6,75.0,0,24,12,50.0,11,54,8,31,44,53.66,45,514,411,894,189.8,12,0,1069,8,8,0,53462.0,2780000.0,M,29.0,Italy
Rasmus Kristensen,921789,Roma,2702,italy,2324,1749,29,19,6.77,1,1,2,0.54,1.29,24,11,25.0,123,24,37.5,293,397,679,80.55,30,58.82,21,0,0,0,67.0,2,1,2,1,44,27,0,0,5,22,72,0,0,14,0,11.11,0.0,28,27,1,1,0,,51,50.0,0,0,2,164,8,12,1,1,,1,0,0,0,0.0,0,0,0,1,269,3,0,0,0,0,0,0,0,0,0,1749.0,0.0,0,9,0,4,3,7,41.18,0,36,19,52.78,12,57,17,44,81,52.94,64,422,465,843,182.9,9,0,1243,8,5,0,49231.0,2560000.0,D,26.0,Denmark
Ylber Ramadani,841977,Lecce,2689,italy,2324,2976,34,34,6.77,1,0,1,1.04,0.66,35,4,28.57,192,74,45.68,476,514,986,80.03,29,50.88,28,0,0,0,225.0,1,1,12,6,41,34,0,0,25,59,166,0,0,42,0,3.23,0.0,49,44,5,0,1,,128,48.12,0,0,0,246,44,16,0,0,,0,0,0,1,0.0,0,0,0,0,335,17,0,0,1,0,0,0,0,0,0,2976.0,0.0,0,3,28,13,6,23,62.16,0,68,41,60.29,16,75,37,14,157,48.61,162,649,597,1232,230.3,31,0,1696,37,13,0,11154.0,580000.0,M,27.0,Albania
Karol Świderski,576438,Hellas Verona,2701,italy,2324,504,15,3,6.77,2,0,2,1.75,0.63,5,1,33.33,36,2,40.0,57,27,83,72.81,11,30.56,25,0,0,0,22.0,1,2,1,0,8,15,0,0,8,1,47,0,0,6,0,13.33,0.0,7,6,1,1,1,,22,50.0,0,0,0,31,1,8,1,0,,0,0,0,0,0.0,0,0,0,0,65,2,0,0,1,0,0,0,0,0,0,252.0,0.0,0,11,4,8,6,3,30.0,0,7,3,42.86,8,9,10,3,33,41.25,5,84,33,114,101.6,15,0,220,13,0,0,46346.0,2410000.0,F,27.0,Poland
Charalampos Lykogiannis,98212,Bologna,2685,italy,2324,918,22,10,6.77,2,1,3,1.26,0.89,13,11,18.64,72,17,42.5,200,179,368,81.96,16,55.17,13,0,0,0,31.0,2,1,5,1,28,22,0,0,5,5,40,0,0,12,1,13.33,0.0,11,7,4,1,1,,12,30.77,0,0,1,81,5,9,1,2,,0,0,0,0,0.0,0,0,0,0,159,1,0,0,1,0,0,0,0,0,0,459.0,25.0,4,6,9,6,4,2,28.57,0,10,6,60.0,9,31,7,59,28,41.18,40,294,214,449,149.0,15,0,699,0,2,0,17885.0,930000.0,D,30.0,Greece
Josip Brekalo,357598,Fiorentina,2693,italy,2324,654,11,8,6.77,1,0,1,0.4,0.68,3,4,16.67,91,14,100.0,153,80,229,86.74,1,20.0,4,0,0,0,26.0,0,0,2,0,0,11,0,0,3,9,38,0,0,13,0,11.11,0.0,11,10,1,1,0,,22,39.29,0,0,0,35,1,6,1,1,,0,0,0,0,0.0,0,0,0,0,79,2,0,0,0,0,0,0,0,0,0,654.0,0.0,0,5,4,3,4,8,47.06,0,8,6,75.0,6,7,17,24,23,37.7,14,202,86,264,74.5,9,0,367,6,0,0,39423.0,2050000.0,F,25.0,Croatia
Tommaso Pobega,928796,Milan,2692,italy,2324,317,11,3,6.77,0,0,0,0.22,0.07,1,0,0.0,16,6,54.55,39,64,103,78.03,3,60.0,2,0,0,0,24.0,1,0,0,1,7,11,0,0,3,7,23,0,0,8,0,0.0,0.0,4,2,2,0,0,,25,54.35,0,0,0,29,6,1,0,0,,0,0,0,0,0.0,0,0,0,0,42,0,0,0,0,0,0,0,0,0,0,0.0,0.0,0,4,1,1,4,3,50.0,0,16,9,56.25,1,6,6,0,28,54.9,11,56,76,132,74.5,5,0,206,7,0,0,35577.0,1850000.0,M,24.0,Italy
Rolando Mandragora,548178,Fiorentina,2693,italy,2324,1602,33,16,6.77,3,3,6,3.53,1.67,42,7,20.59,181,44,50.0,349,252,594,82.27,32,43.24,42,0,0,0,60.0,2,4,6,0,16,32,0,0,8,12,87,0,1,26,0,10.0,1.0,24,22,2,2,1,,55,55.0,1,0,0,128,9,14,2,0,,0,1,0,0,0.0,0,0,0,0,177,2,0,0,0,0,0,0,0,0,0,534.0,0.0,1,11,19,13,11,6,60.0,0,26,11,42.31,13,72,10,34,87,50.0,88,475,281,722,216.7,30,0,940,24,5,0,56923.0,2960000.0,M,26.0,Italy
Natan,1015287,Napoli,2714,italy,2324,962,14,11,6.77,0,0,0,0.42,0.19,18,2,40.0,55,39,47.56,178,381,557,87.58,26,50.98,25,0,0,0,39.0,0,0,1,2,31,14,0,0,1,5,43,0,0,13,0,0.0,0.0,15,13,2,0,0,,21,53.85,0,0,0,79,8,4,0,0,,0,0,0,0,0.0,0,0,0,0,98,1,0,1,0,0,0,0,0,0,0,0.0,0.0,0,5,1,4,1,2,50.0,0,14,10,71.43,4,43,4,5,47,52.22,82,225,416,636,94.8,6,0,778,6,1,1,27115.0,1410000.0,D,22.0,Brazil
Adam Marušić,267619,Lazio,2699,italy,2324,3107,37,37,6.77,1,0,1,0.43,1.11,41,11,25.0,250,58,48.33,623,701,1313,84.66,32,49.23,33,0,0,0,154.0,1,0,4,12,58,37,0,1,5,22,97,1,1,24,0,12.5,0.0,34,30,4,1,0,,69,51.88,1,0,0,238,29,10,0,4,,0,0,0,1,0.0,0,0,0,0,363,4,0,1,0,0,0,0,0,0,0,3107.0,0.0,0,4,4,1,3,14,50.0,0,45,31,68.89,10,88,28,44,101,51.01,120,787,808,1551,250.5,8,1,2145,10,3,0,64038.0,3330000.0,D,31.0,Montenegro
Gian Marco Ferrari,170887,Sassuolo,2793,italy,2324,2272,31,25,6.77,1,0,1,1.56,0.73,82,3,21.43,161,95,47.03,429,639,1065,83.46,39,49.37,40,0,0,0,95.0,0,3,5,3,73,29,0,0,1,6,68,0,0,26,0,6.25,28.0,47,41,6,1,0,,46,62.16,1,0,1,211,25,9,0,0,,0,0,0,3,0.0,0,0,0,0,243,3,0,0,0,0,0,0,0,0,0,2272.0,0.0,0,14,2,5,6,3,75.0,0,22,10,45.45,9,162,4,14,85,55.56,202,598,692,1276,196.3,16,0,1534,21,4,0,21346.0,1110000.0,D,31.0,Italy
Michael Folorunsho,869795,Hellas Verona,2701,italy,2324,2799,34,33,6.77,5,1,6,3.96,1.15,24,10,15.63,124,34,39.53,277,198,465,64.76,78,49.68,79,0,0,0,145.0,1,7,6,4,42,34,0,0,38,34,242,0,2,50,0,10.64,0.0,43,38,5,2,3,,143,46.73,0,0,2,253,17,18,3,11,,0,0,0,0,0.0,0,0,0,1,456,7,0,0,2,0,0,0,0,0,0,559.8,0.0,0,25,22,27,14,22,34.38,0,50,28,56.0,18,70,64,64,221,47.73,86,532,250,718,230.1,47,1,1328,74,5,0,14231.0,740000.0,M,25.0,Italy
Oussama El Azzouzi,1127191,Bologna,2685,italy,2324,567,18,5,6.77,2,2,4,0.47,0.24,8,1,50.0,49,28,71.79,160,192,351,90.46,5,29.41,12,0,0,0,37.0,2,0,0,1,12,18,0,0,5,7,40,0,0,14,0,100.0,0.0,8,6,2,2,0,,19,40.43,0,0,0,37,6,6,0,1,,0,0,0,0,0.0,0,0,0,0,52,5,0,0,2,0,0,0,0,0,0,283.5,0.0,0,2,0,0,2,0,0.0,0,12,7,58.33,6,13,3,2,24,37.5,39,187,203,388,121.8,2,1,463,7,4,0,11154.0,580000.0,M,22.0,Morocco
Luka Jović,319129,Milan,2692,italy,2324,872,23,8,6.77,6,1,7,4.92,0.69,3,0,0.0,50,2,50.0,80,52,132,74.58,17,51.52,16,0,0,0,20.0,1,5,6,0,9,23,0,1,12,2,41,0,0,8,0,27.27,0.0,16,12,4,6,0,,25,50.0,1,0,0,45,1,11,4,2,,0,0,0,0,0.0,0,0,0,0,88,4,0,1,1,0,0,0,0,0,0,145.33,0.0,0,20,2,3,13,7,53.85,0,6,4,66.67,11,8,13,1,42,50.6,4,117,61,177,155.6,22,0,300,12,2,0,61731.0,3210000.0,F,26.0,Serbia
Nedim Bajrami,825861,Sassuolo,2793,italy,2324,1312,28,15,6.76,2,2,4,2.49,1.64,4,17,21.79,128,10,76.92,231,91,305,82.21,2,15.38,11,0,0,0,57.0,3,1,14,1,6,28,0,0,11,8,54,0,0,12,0,6.25,0.0,35,35,0,2,0,,36,45.57,0,0,1,66,6,22,0,3,,0,0,0,0,0.0,0,0,0,0,186,12,0,0,2,0,0,0,0,0,0,656.0,0.0,3,11,21,9,9,17,56.67,0,13,6,46.15,22,10,30,78,38,41.3,13,337,112,371,189.4,32,1,624,6,0,0,29615.0,1540000.0,F,24.0,Albania
Nicola Sansone,100580,Lecce,2689,italy,2324,758,25,4,6.76,2,2,4,2.81,0.93,6,9,32.14,83,9,50.0,146,61,198,80.16,9,40.91,13,0,0,0,37.0,1,2,7,0,4,25,0,0,18,11,68,0,2,16,0,8.7,0.0,11,10,1,2,0,,34,38.2,0,0,2,49,4,17,2,0,,0,0,0,0,0.0,0,0,0,0,107,7,0,0,0,0,0,0,0,0,0,379.0,0.0,2,12,11,11,5,11,50.0,0,11,6,54.55,17,17,22,28,43,38.74,18,202,73,247,169.1,23,0,411,12,4,0,19231.0,1000000.0,F,32.0,Italy
Emanuele Valeri,891346,Frosinone,2801,italy,2324,1178,16,14,6.76,0,1,1,0.87,1.59,20,15,20.55,78,16,30.19,159,98,242,67.22,9,50.0,9,0,0,0,62.0,5,1,6,4,18,16,0,0,7,11,62,0,0,12,0,0.0,1.0,22,21,1,0,0,,39,42.39,0,0,0,118,9,24,0,0,,0,0,0,0,0.0,0,0,0,1,269,6,0,0,0,0,0,0,0,0,0,0.0,0.0,0,5,14,10,3,12,33.33,0,19,16,84.21,24,39,36,73,48,43.64,53,300,133,360,108.2,19,1,737,8,3,0,7115.0,370000.0,D,25.0,Italy
Zeki Çelik,893008,Roma,2702,italy,2324,677,17,6,6.76,0,0,0,0.16,0.39,12,6,30.0,54,13,56.52,132,105,231,87.17,3,30.0,7,0,0,0,33.0,0,0,0,2,20,16,0,0,6,11,42,0,0,14,0,0.0,0.0,11,10,1,0,0,,32,47.76,0,0,0,34,8,9,0,0,,0,0,0,0,0.0,0,0,0,0,78,5,0,0,0,0,0,0,0,0,0,0.0,0.0,0,2,0,1,1,6,60.0,0,23,16,69.57,9,14,10,20,35,45.45,23,166,119,265,108.2,2,0,450,3,1,0,49231.0,2560000.0,D,26.0,Turkey
Hans Hateboer,356352,Atalanta,2686,italy,2324,1124,23,10,6.76,0,1,1,0.35,1.25,9,18,52.94,142,11,39.29,268,166,416,85.77,18,62.07,11,0,0,0,34.0,4,0,2,3,21,23,0,0,4,10,43,0,0,16,0,0.0,0.0,16,12,4,0,0,,21,39.62,0,0,0,69,4,22,0,0,,0,0,0,1,0.0,0,0,0,0,118,1,0,0,0,0,0,0,0,0,0,0.0,0.0,0,7,4,6,3,6,60.0,0,12,5,41.67,22,19,10,34,39,47.56,28,337,182,485,155.5,11,0,730,3,5,0,28462.0,1480000.0,M,30.0,Netherlands
Noah Okafor,865523,Milan,2692,italy,2324,881,28,6,6.76,6,2,8,3.81,0.48,4,3,13.64,32,3,42.86,79,40,116,69.88,7,33.33,14,0,0,0,27.0,2,3,1,0,10,28,0,0,14,7,61,0,0,12,0,27.27,0.0,17,14,3,6,0,,29,38.16,0,0,1,50,0,8,1,2,,0,0,0,0,0.0,0,0,0,0,131,5,0,0,5,0,0,0,0,0,0,146.83,0.0,0,19,3,7,14,14,45.16,0,6,4,66.67,8,6,31,22,36,37.11,7,141,47,166,189.3,22,0,336,9,1,0,49231.0,2560000.0,F,23.0,Switzerland
Joan González,1137730,Lecce,2689,italy,2324,1283,29,13,6.76,1,1,2,1.2,0.75,13,2,20.0,105,23,56.1,189,154,341,76.63,28,43.75,36,0,0,0,81.0,2,3,2,0,7,28,0,0,11,11,81,0,0,15,0,7.69,0.0,23,19,4,1,0,,80,64.0,0,0,1,104,5,15,0,1,,0,0,0,0,0.0,0,0,0,0,162,8,0,0,1,0,0,0,0,0,0,1283.0,0.0,0,8,5,6,5,19,67.86,0,31,18,58.06,15,27,28,10,108,57.14,41,268,187,445,189.3,13,0,675,33,6,0,12308.0,640000.0,M,22.0,Spain
Nemanja Radonjić,802665,Torino,2696,italy,2324,383,10,4,6.76,3,0,3,1.71,0.27,4,2,18.18,26,3,100.0,46,9,53,70.67,0,0.0,5,0,0,0,13.0,0,2,4,0,0,10,0,0,3,2,22,0,0,1,0,25.0,0.0,5,5,0,2,1,,16,48.48,0,0,0,22,0,3,1,4,,0,0,0,0,0.0,0,0,0,0,61,0,0,0,2,0,0,0,0,0,0,127.67,0.0,0,8,4,3,5,10,47.62,0,1,1,100.0,3,4,21,11,16,42.11,3,74,12,75,67.6,12,0,156,5,1,0,19808.0,1030000.0,F,27.0,Serbia
Isak Hien,1157713,Atalanta,2686,italy,2324,1800,26,18,6.76,0,1,1,0.63,0.13,21,0,0.0,49,49,54.44,195,544,739,85.53,70,64.22,39,0,0,0,126.0,0,0,0,5,63,25,0,1,10,17,100,1,0,29,0,0.0,6.0,22,17,5,0,0,,51,45.54,0,0,0,125,21,1,0,2,,0,0,0,0,0.0,0,0,0,0,154,3,0,1,0,0,0,0,0,0,0,0.0,0.0,0,8,0,5,3,5,45.45,0,35,22,62.86,1,39,11,0,121,54.75,90,261,603,864,169.0,8,0,1111,11,4,0,32115.0,1670000.0,D,25.0,Sweden
Eldor Shomurodov,791355,Cagliari,2719,italy,2324,958,22,10,6.76,3,3,6,3.53,1.11,3,3,42.86,59,2,33.33,98,54,149,67.73,21,32.31,44,0,0,0,38.0,5,2,4,0,4,22,0,0,19,4,93,0,0,11,0,14.29,0.0,23,20,3,3,0,,32,39.51,0,0,1,71,4,10,0,2,,0,0,0,0,0.0,0,0,0,0,161,7,0,0,3,0,0,0,0,0,0,319.33,0.0,0,20,1,10,7,10,38.46,0,11,4,36.36,10,12,26,7,53,36.3,6,159,68,220,148.7,21,1,398,11,1,0,36923.0,1920000.0,F,28.0,Uzbekistan
Tammy Abraham,610766,Roma,2702,italy,2324,240,8,2,6.76,1,0,1,0.6,0.05,1,0,0.0,7,0,0.0,12,7,19,51.35,6,54.55,5,0,0,0,1.0,0,0,1,0,4,7,0,0,2,0,17,0,0,6,0,25.0,0.0,4,4,0,1,0,,10,45.45,1,0,0,18,0,3,0,2,,0,0,0,0,0.0,0,0,0,1,37,1,0,0,0,0,0,0,0,0,0,240.0,0.0,0,4,0,1,2,2,33.33,0,3,1,33.33,3,3,6,2,16,48.48,1,30,9,37,47.3,4,0,80,5,1,0,110962.0,5770000.0,F,26.0,England
Georgios Kyriakopoulos,377302,Monza,2729,italy,2324,1725,28,20,6.76,0,3,3,1.2,2.0,27,28,33.33,177,28,45.9,397,368,737,85.9,12,37.5,20,0,0,0,71.0,3,3,12,1,19,28,0,0,10,13,68,0,0,15,0,0.0,0.0,25,22,3,0,0,,51,51.52,0,0,0,121,13,21,0,2,,0,0,0,1,0.0,0,0,0,0,228,5,0,0,0,0,0,0,0,0,0,0.0,0.0,1,9,15,10,2,18,62.07,0,19,10,52.63,21,55,29,84,63,48.09,61,534,408,858,189.2,24,0,1285,14,3,0,9808.0,510000.0,M,27.0,Greece
Nikola Moro,814882,Bologna,2685,italy,2324,846,23,10,6.76,1,0,1,0.71,0.75,15,3,23.08,112,34,70.83,267,198,462,83.54,5,27.78,13,0,0,0,46.0,0,0,2,0,10,23,0,0,11,7,47,0,0,11,0,9.09,0.0,12,10,2,1,0,,34,50.0,0,0,0,91,7,11,0,0,,0,0,0,0,0.0,0,0,0,0,128,4,0,0,1,0,0,0,0,0,0,846.0,0.0,1,4,7,8,1,5,50.0,0,21,16,76.19,11,28,10,13,39,45.35,48,342,224,553,155.4,11,0,694,9,0,0,23846.0,1240000.0,M,25.0,Croatia
Filippo Ranocchia,934238,Empoli,2705,italy,2324,477,9,5,6.76,0,0,0,0.23,0.99,15,1,10.0,38,13,33.33,72,78,149,73.04,6,60.0,4,0,0,0,16.0,1,0,1,0,11,9,0,0,8,9,34,0,0,11,0,0.0,0.0,9,7,2,0,0,,30,50.0,0,0,0,55,3,4,0,0,,0,0,0,0,0.0,0,0,0,0,86,3,0,0,0,0,0,0,0,0,0,0.0,0.0,2,1,5,3,2,6,75.0,0,16,11,68.75,4,30,8,10,36,51.43,39,127,87,204,60.8,6,0,311,8,3,0,8846.0,460000.0,M,22.0,Italy
Sardar Azmoun,150998,Roma,2702,italy,2324,595,23,3,6.75,3,0,3,2.95,0.45,2,1,50.0,39,1,20.0,65,42,106,69.28,14,46.67,16,0,0,0,19.0,3,2,5,1,6,22,0,0,10,4,44,0,1,8,0,18.75,0.0,6,5,1,3,0,,22,44.0,1,0,1,47,3,8,0,2,,0,0,0,0,0.0,0,0,0,2,83,4,0,0,2,0,0,0,0,0,0,198.33,0.0,0,14,2,4,7,4,36.36,0,8,5,62.5,8,5,11,2,36,45.0,5,98,57,153,148.6,16,0,258,11,4,0,41923.0,2180000.0,F,29.0,Iran
El Bilal Touré,982615,Atalanta,2686,italy,2324,391,11,3,6.75,2,0,2,1.24,0.62,0,0,0.0,56,1,50.0,77,15,92,74.19,14,50.0,14,0,0,0,8.0,1,1,4,1,2,11,0,0,16,1,52,0,0,13,0,16.67,0.0,3,2,1,2,0,,12,24.0,1,0,0,32,1,7,0,3,,0,0,0,0,0.0,0,0,0,1,77,2,0,0,1,0,0,0,0,0,0,195.5,0.0,0,9,3,3,5,3,25.0,0,1,1,100.0,7,2,12,2,26,33.33,2,107,19,124,74.3,12,0,204,8,2,0,36923.0,1920000.0,F,22.0,Mali
Francesco Gelli,595900,Frosinone,2801,italy,2324,1577,27,16,6.75,0,0,0,0.69,2.51,15,13,24.53,174,10,40.0,308,248,543,85.38,17,51.52,16,0,0,0,82.0,6,1,1,1,24,25,0,0,14,14,77,0,1,15,0,0.0,0.0,40,36,4,0,0,,70,53.44,0,0,1,93,11,25,0,1,,0,0,0,0,0.0,0,0,0,0,215,12,0,0,0,0,0,0,0,0,0,0.0,0.0,0,7,3,6,3,13,39.39,0,19,13,68.42,25,42,33,53,87,53.05,25,416,273,636,168.8,10,1,984,40,3,0,13846.0,720000.0,F,27.0,Italy
Martín Payero,895592,Udinese,2695,italy,2324,1806,29,21,6.75,2,2,4,1.51,0.93,13,4,20.0,136,17,42.5,247,159,402,77.91,21,51.22,20,0,0,0,110.0,4,0,11,3,19,29,0,1,19,27,141,0,0,45,0,5.26,0.0,29,25,4,2,0,,105,46.46,0,0,0,114,15,14,0,1,,0,0,0,0,0.0,0,0,0,1,234,8,0,1,2,0,0,0,0,0,0,903.0,0.0,1,12,26,19,8,24,42.11,0,54,32,59.26,14,29,57,20,126,47.19,40,355,181,516,195.8,38,0,903,28,6,0,17308.0,900000.0,M,25.0,Argentina
Luca Caldirola,100565,Monza,2729,italy,2324,2139,29,23,6.75,1,1,2,0.47,0.16,25,1,25.0,81,83,54.61,336,900,1235,91.08,31,56.36,24,0,0,0,58.0,1,0,3,5,50,29,0,0,1,9,57,0,0,24,0,11.11,23.0,37,31,6,1,0,,42,56.0,1,0,0,121,29,5,0,1,,0,0,0,1,0.0,0,0,0,0,134,0,0,1,0,0,0,0,0,0,0,2139.0,0.0,0,9,0,4,2,1,100.0,0,25,14,56.0,5,59,1,4,73,56.15,152,409,951,1356,195.8,9,0,1570,17,5,1,24231.0,1260000.0,D,33.0,Italy
Matteo Prati,1111640,Cagliari,2719,italy,2324,1972,26,19,6.75,1,1,2,2.02,1.18,24,6,40.0,113,30,31.91,264,292,550,75.45,9,40.91,13,0,0,0,115.0,1,1,12,1,25,26,0,0,7,16,60,0,1,19,0,2.78,0.0,44,41,3,1,0,,55,53.92,0,0,2,179,15,14,1,0,,0,0,0,0,0.0,0,0,0,0,224,9,0,0,0,0,0,0,0,0,0,1972.0,0.0,2,13,23,13,11,4,44.44,0,45,25,55.56,14,66,9,15,64,51.61,94,401,343,729,175.5,36,0,978,6,4,0,8462.0,440000.0,M,20.0,Italy
Luca Lipani,1154898,Sassuolo,2793,italy,2324,393,8,5,6.75,0,0,0,0.1,0.15,2,1,20.0,39,11,52.38,71,52,122,78.71,5,41.67,7,0,0,0,22.0,0,0,1,0,7,8,0,0,4,8,27,0,0,6,0,0.0,0.0,5,4,1,0,0,,12,37.5,0,0,0,33,6,3,0,0,,0,0,0,0,0.0,0,0,0,0,46,3,0,0,0,0,0,0,0,0,0,0.0,0.0,0,2,1,1,1,2,50.0,0,9,7,77.78,3,7,4,5,17,38.64,21,102,58,155,54.0,3,0,215,1,0,0,3269.0,170000.0,M,18.0,Italy
Dodô,822518,Fiorentina,2693,italy,2324,528,9,7,6.75,0,0,0,0.08,0.56,8,4,21.05,58,15,60.0,129,113,238,84.7,6,75.0,2,0,0,0,34.0,1,0,1,0,11,8,0,0,1,3,17,0,0,7,0,0.0,0.0,14,10,4,0,0,,21,58.33,0,0,0,43,5,10,0,0,,0,0,0,0,0.0,0,0,0,0,84,1,0,0,0,0,0,0,0,0,0,0.0,0.0,0,2,0,0,1,10,66.67,0,5,3,60.0,10,16,15,19,27,61.36,25,176,124,281,54.0,2,0,411,8,0,0,36923.0,1920000.0,D,25.0,Brazil
Juan Manuel Cruz,1017372,Hellas Verona,2701,italy,2324,107,4,1,6.75,0,0,0,0.04,0.07,0,0,0.0,10,0,0.0,16,2,18,69.23,1,25.0,3,0,0,0,2.0,1,0,0,0,0,4,0,0,0,0,5,0,0,1,0,0.0,0.0,0,0,0,0,0,,3,60.0,0,0,0,8,1,1,0,0,,0,0,0,0,0.0,0,0,0,0,14,0,0,0,0,0,0,0,0,0,0,0.0,0.0,0,0,1,1,0,1,50.0,0,2,2,100.0,1,0,2,1,4,44.44,1,23,4,26,27.0,1,0,39,0,0,0,7115.0,370000.0,F,24.0,Argentina
Paul Pogba,111802,Juventus,2687,italy,2324,52,2,0,6.75,0,0,0,0.0,0.08,3,0,0.0,12,2,66.67,20,7,27,79.41,1,50.0,1,0,0,0,4.0,0,0,0,0,1,2,0,0,0,0,4,0,0,3,0,0.0,0.0,0,0,0,0,0,,3,50.0,0,0,0,7,1,1,0,0,,0,0,0,0,0.0,0,0,0,0,11,0,0,0,0,0,0,0,0,0,0,0.0,0.0,0,0,0,0,0,1,50.0,0,1,1,100.0,1,4,2,1,4,50.0,3,26,9,34,13.5,0,0,45,1,0,0,808.0,42000.0,M,30.0,France
Arkadiusz Milik,161325,Juventus,2687,italy,2324,925,32,7,6.75,4,1,5,5.14,0.7,10,0,0.0,76,8,72.73,136,78,214,81.06,24,40.0,36,0,0,0,31.0,6,5,10,0,2,31,0,1,12,2,72,0,0,22,1,10.81,0.0,6,4,2,3,1,,40,52.63,1,0,2,50,5,15,3,11,,0,0,0,0,0.0,0,0,0,0,103,3,0,1,0,0,0,0,0,0,0,231.25,33.33,3,29,8,14,13,5,50.0,0,9,5,55.56,15,15,10,4,64,47.06,11,181,87,264,209.2,37,1,432,26,2,0,86346.0,4490000.0,F,29.0,Poland
M'Bala Nzola,788061,Fiorentina,2693,italy,2324,1550,33,15,6.75,3,3,6,4.53,1.6,6,2,33.33,140,10,83.33,231,49,278,82.74,54,42.86,72,0,0,0,49.0,2,5,9,1,22,31,0,0,38,1,155,0,0,37,0,9.38,0.0,26,22,4,3,0,,31,27.19,0,0,0,58,0,21,2,21,,0,0,1,0,100.0,0,1,0,1,183,19,0,0,1,0,0,0,0,0,0,516.67,0.0,0,31,1,10,13,14,48.28,0,11,8,72.73,21,6,29,6,85,35.42,12,284,58,336,209.2,32,0,605,7,2,0,53462.0,2780000.0,F,27.0,Angola
Darko Lazović,41157,Hellas Verona,2701,italy,2324,1948,32,22,6.75,3,2,5,2.84,3.51,27,22,22.68,143,23,37.7,277,118,373,70.24,8,34.78,15,0,0,0,67.0,6,4,10,1,13,31,0,1,16,15,69,0,0,5,0,8.82,0.0,28,26,2,2,1,,36,40.0,0,0,0,158,6,31,1,13,,0,0,1,0,100.0,0,1,0,0,299,7,0,1,2,0,0,0,0,0,0,649.33,0.0,2,16,18,10,14,5,20.83,0,26,16,61.54,31,58,24,97,44,38.94,61,473,155,531,209.2,34,0,865,5,0,0,21346.0,1110000.0,M,33.0,Serbia
Fabio Miretti,1010223,Juventus,2687,italy,2324,1132,25,16,6.75,1,1,2,1.18,1.22,18,10,31.25,114,14,58.33,210,131,331,80.15,4,25.0,12,0,0,0,73.0,0,1,9,0,5,25,0,0,25,16,88,0,0,22,0,5.0,0.0,8,6,2,1,0,,67,46.85,0,0,1,82,7,24,0,1,,0,0,0,0,0.0,0,0,0,0,184,7,0,0,1,0,0,0,0,0,0,1132.0,0.0,0,9,11,8,3,21,53.85,0,18,14,77.78,24,37,39,32,71,44.65,24,300,145,413,168.7,20,0,676,29,3,0,35577.0,1850000.0,M,20.0,Italy
Lorenzo Pirola,965014,Salernitana,2710,italy,2324,1991,27,24,6.75,1,0,1,0.92,0.13,27,1,50.0,53,38,36.89,238,620,857,83.45,58,61.05,37,0,0,0,81.0,0,1,2,0,90,25,0,0,5,13,88,1,0,33,0,6.67,13.0,49,41,8,1,0,,55,51.89,1,0,0,170,25,1,0,1,,0,0,0,2,0.0,0,0,0,0,186,0,0,0,0,0,0,0,0,0,0,1991.0,0.0,0,13,2,9,4,0,0.0,0,39,23,58.97,1,74,4,2,113,56.22,103,344,685,1027,168.7,15,0,1308,16,4,0,10769.0,560000.0,D,21.0,Italy
Martin Erlić,789234,Sassuolo,2793,italy,2324,2624,32,31,6.74,1,0,1,0.95,0.4,55,0,0.0,96,86,43.43,316,650,966,80.5,56,53.85,48,0,0,0,110.0,0,1,3,3,127,32,0,0,0,10,89,0,1,30,0,12.5,8.0,47,39,8,1,0,,66,61.68,1,0,0,234,28,0,0,0,,0,0,0,2,0.0,0,0,0,0,254,2,0,0,0,0,0,0,0,0,0,2624.0,0.0,0,8,0,2,3,4,66.67,0,37,22,59.46,0,131,6,5,122,57.82,198,482,723,1200,215.7,8,1,1518,26,5,0,5385.0,280000.0,D,26.0,Croatia
Lorenzo Colombo,930191,Monza,2729,italy,2324,1372,25,16,6.74,4,1,5,3.65,0.46,4,1,50.0,61,10,62.5,113,70,182,70.27,19,22.62,65,0,0,0,35.0,0,4,12,2,14,25,0,0,29,6,134,0,0,25,0,10.81,0.0,15,13,2,3,1,,53,43.44,0,0,1,77,0,8,1,6,,0,0,0,0,0.0,0,0,0,0,183,8,0,0,3,0,0,0,0,0,0,343.0,0.0,0,24,13,15,10,12,52.17,0,17,12,70.59,8,6,23,2,72,34.95,16,172,89,259,168.5,37,1,527,24,3,0,10769.0,560000.0,F,21.0,Italy
Junior Sambia,603738,Salernitana,2710,italy,2324,1035,18,10,6.74,1,2,3,0.54,0.56,8,9,32.14,91,17,47.22,191,145,327,80.94,23,63.89,13,0,0,0,38.0,1,0,5,0,26,18,0,0,12,5,50,0,0,9,0,8.33,0.0,23,21,2,0,1,,32,46.38,0,0,0,77,11,12,1,0,,0,0,0,1,0.0,0,0,0,0,153,0,0,0,0,0,0,0,0,0,0,1035.0,0.0,5,4,8,3,4,5,29.41,0,12,5,41.67,12,23,17,28,55,52.38,36,263,169,404,121.3,12,1,670,15,4,0,36923.0,1920000.0,D,27.0,France
Berkan Kutlu,992912,Genoa,2713,italy,2324,192,6,0,6.73,0,0,0,0.15,0.33,3,5,41.67,17,6,66.67,35,11,41,78.85,2,50.0,2,0,0,0,6.0,0,0,3,0,4,6,0,0,3,3,13,0,0,4,0,0.0,0.0,4,4,0,0,0,,10,47.62,0,0,0,11,4,5,0,0,,0,0,0,0,0.0,0,0,0,0,22,1,0,0,0,0,0,0,0,0,0,0.0,0.0,0,3,1,0,1,0,0.0,0,6,4,66.67,5,7,1,12,12,48.0,9,48,16,52,40.4,4,0,104,4,0,0,9615.0,500000.0,M,25.0,Turkey
Koffi Djidji,158235,Torino,2696,italy,2324,760,13,8,6.73,0,0,0,0.05,0.11,5,0,0.0,33,17,45.95,109,256,365,87.11,8,57.14,6,0,0,0,37.0,0,0,2,2,15,12,0,0,2,1,23,0,0,11,0,0.0,0.0,8,6,2,0,0,,18,51.43,0,0,0,54,10,0,0,0,,0,0,0,0,0.0,0,0,0,0,72,0,0,0,0,0,0,0,0,0,0,0.0,0.0,0,0,2,0,0,3,50.0,0,14,9,64.29,0,15,6,2,26,53.06,37,148,273,419,80.8,2,0,512,1,2,0,22115.0,1150000.0,D,31.0,Cote d'Ivoire
Alessio Zerbin,869888,Monza,2729,italy,2324,841,20,8,6.73,0,1,1,0.63,1.48,10,15,39.47,75,18,64.29,137,104,226,82.48,3,21.43,11,0,0,0,46.0,2,1,3,0,4,19,0,0,10,14,76,0,0,25,0,0.0,0.0,7,6,1,0,0,,55,45.83,0,0,0,48,3,16,0,0,,0,0,0,0,0.0,0,0,0,0,130,2,0,1,0,0,0,0,0,0,0,0.0,0.0,0,4,5,3,3,15,46.88,0,23,12,52.17,16,14,32,38,58,43.28,28,191,121,274,127.9,9,0,513,17,0,1,6346.0,330000.0,F,24.0,Italy
Pedro,35428,Lazio,2699,italy,2324,816,33,5,6.73,1,1,2,1.51,1.48,14,5,25.0,105,11,52.38,223,134,352,85.85,2,16.67,10,0,0,0,49.0,5,2,2,0,1,32,0,0,17,9,61,0,0,13,0,9.09,0.0,9,8,1,1,0,,49,49.0,0,0,1,58,3,17,0,4,,0,0,0,0,0.0,0,0,0,0,136,7,0,0,1,0,0,0,0,0,0,816.0,0.0,1,3,8,5,4,14,50.0,0,16,12,75.0,17,25,28,20,51,45.54,21,283,147,410,215.4,11,0,597,19,4,0,54231.0,2820000.0,F,36.0,Spain
Simone Bastoni,385330,Empoli,2705,italy,2324,754,16,9,6.73,1,0,1,0.39,0.96,18,9,25.0,64,14,33.33,132,76,199,71.07,9,45.0,11,0,0,0,37.0,1,0,2,0,18,16,0,0,9,11,51,0,0,17,0,14.29,0.0,14,12,2,1,0,,38,48.72,1,0,0,81,11,12,0,0,,0,0,0,0,0.0,0,0,0,0,141,3,0,0,0,0,0,0,0,0,0,754.0,0.0,2,3,4,4,1,4,44.44,0,22,13,59.09,12,42,9,36,47,47.96,42,212,104,280,107.7,7,0,502,13,3,0,8846.0,460000.0,M,27.0,Italy
Anthony Oyono,1106257,Frosinone,2801,italy,2324,1204,16,14,6.73,0,1,1,0.18,0.65,8,3,27.27,96,14,40.0,202,199,398,82.23,13,59.09,9,0,0,0,73.0,2,0,1,2,27,16,0,0,11,11,56,0,0,13,0,0.0,0.0,23,19,4,0,0,,60,56.07,0,0,0,86,9,10,0,0,,0,0,0,0,0.0,0,0,0,0,152,4,0,0,0,0,0,0,0,0,0,0.0,0.0,0,3,1,2,1,12,48.0,0,37,26,70.27,10,27,25,11,73,56.59,35,268,227,484,107.7,4,0,819,11,4,0,6731.0,350000.0,D,22.0,Gabon
Matteo Cancellieri,1017649,Empoli,2705,italy,2324,1784,36,18,6.73,4,2,6,4.69,2.08,5,4,9.52,78,5,25.0,138,81,215,65.55,32,32.32,67,0,0,0,70.0,5,6,8,2,15,36,0,0,35,23,206,0,0,35,0,10.0,0.0,26,23,3,4,0,,124,47.15,1,0,2,113,6,17,3,13,,0,0,0,1,0.0,0,0,0,1,306,5,0,0,0,0,0,0,0,0,0,446.0,0.0,1,31,9,19,13,37,44.58,0,35,22,62.86,17,14,83,42,156,43.09,20,258,112,328,242.3,40,0,792,52,7,0,28462.0,1480000.0,F,21.0,Italy
Mohamed Kaba,1127590,Lecce,2689,italy,2324,1392,23,15,6.73,0,0,0,1.18,0.78,17,2,28.57,107,14,48.28,208,139,345,80.99,22,55.0,18,0,0,0,84.0,1,2,1,0,13,23,0,0,21,17,87,0,0,26,0,0.0,0.0,23,21,2,0,0,,73,51.41,0,0,1,81,12,13,0,0,,0,0,0,0,0.0,0,0,0,0,160,7,0,1,0,0,0,0,0,0,0,0.0,0.0,0,8,6,7,6,14,63.64,0,39,23,58.97,13,31,22,7,95,52.2,29,274,159,426,154.8,14,0,682,21,2,1,6154.0,320000.0,M,22.0,France
Tommaso Baldanzi,1012172,Roma,2702,italy,2324,1271,27,14,6.73,2,0,2,2.96,1.5,7,8,34.78,142,10,58.82,261,106,359,85.27,1,11.11,8,0,0,0,47.0,3,1,14,0,3,27,0,0,20,7,70,0,0,11,0,6.9,0.0,20,16,4,1,1,,58,48.33,0,0,1,62,2,17,0,3,,0,0,0,0,0.0,0,0,0,0,160,10,0,0,2,0,0,0,0,0,0,635.5,0.0,0,17,12,6,9,15,36.59,0,13,7,53.85,17,14,41,23,59,45.74,17,326,118,421,181.7,29,0,671,30,3,0,38462.0,2000000.0,F,20.0,Italy
Giovanni Simeone,341143,Napoli,2714,italy,2324,845,28,8,6.73,1,0,1,3.37,0.8,3,2,33.33,47,3,33.33,88,44,130,72.63,22,50.0,22,0,0,0,21.0,1,5,4,0,5,27,0,0,13,9,59,0,0,12,0,2.86,0.0,12,9,3,1,0,,29,43.94,1,0,1,49,1,9,0,6,,0,0,0,0,0.0,0,0,0,1,99,5,0,0,0,0,0,0,0,0,0,845.0,0.0,0,28,7,19,12,5,50.0,0,12,4,33.33,9,5,10,6,51,46.36,9,135,50,179,181.7,35,0,334,13,3,0,64038.0,3330000.0,F,28.0,Argentina
Jens Cajuste,857671,Napoli,2714,italy,2324,1031,26,11,6.73,0,2,2,1.47,0.69,6,1,16.67,104,9,75.0,218,144,361,85.95,15,45.45,18,0,0,0,46.0,1,2,5,0,14,26,0,0,10,17,81,0,0,29,0,0.0,0.0,18,15,3,0,0,,64,50.39,0,0,2,59,4,15,0,1,,0,0,0,1,0.0,0,0,0,0,106,4,0,0,0,0,0,0,0,0,0,0.0,0.0,0,12,4,8,3,17,62.96,0,36,24,66.67,15,11,27,6,79,49.38,12,267,159,420,174.9,16,1,619,11,7,0,29615.0,1540000.0,M,24.0,Sweden
Domagoj Bradarić,897594,Salernitana,2710,italy,2324,2753,34,30,6.73,0,3,3,0.77,1.65,37,21,25.93,208,36,35.29,473,535,987,81.57,25,47.17,28,0,0,0,150.0,4,0,5,2,50,34,0,0,17,10,92,1,0,14,0,0.0,0.0,65,59,6,0,0,,81,55.86,0,0,0,223,32,36,0,0,,0,0,0,0,0.0,0,0,0,0,431,9,0,0,0,0,0,0,0,0,0,0.0,0.0,0,9,10,10,4,20,45.45,0,29,20,68.97,36,104,44,81,106,53.54,102,672,619,1210,228.7,19,0,1878,34,5,0,24615.0,1280000.0,D,24.0,Croatia
Francesco Caputo,43905,Empoli,2705,italy,2324,1274,20,15,6.73,3,0,3,3.43,0.76,4,0,0.0,62,5,62.5,98,64,162,76.06,12,34.29,23,0,0,0,19.0,2,3,5,1,3,20,0,0,12,1,47,0,0,10,0,13.04,0.0,22,19,3,3,0,,21,46.67,1,0,0,51,1,10,0,20,,0,0,1,0,100.0,0,1,0,0,89,6,0,0,2,0,0,0,0,0,0,424.67,0.0,0,21,2,8,10,5,55.56,0,2,0,0.0,10,6,9,1,33,41.25,8,140,74,213,134.5,23,0,320,14,0,0,26731.0,1390000.0,F,36.0,Italy
Keinan Davis,830858,Udinese,2695,italy,2324,196,8,0,6.73,1,0,1,0.51,0.19,1,0,0.0,22,0,0.0,28,8,36,72.0,9,64.29,5,0,0,0,5.0,0,1,0,0,3,8,0,0,3,0,14,0,0,5,0,16.67,0.0,2,1,1,1,0,,6,40.0,0,0,1,14,0,3,1,3,,0,0,0,0,0.0,0,0,0,0,30,1,0,0,0,0,0,0,0,0,0,196.0,0.0,0,4,2,3,3,3,75.0,0,0,0,0.0,3,1,4,0,15,51.72,0,41,9,50,53.8,6,0,83,3,2,0,17308.0,900000.0,F,25.0,England
Djed Spence,945798,Genoa,2713,italy,2324,853,16,8,6.73,0,0,0,0.17,0.39,7,7,58.33,52,8,38.1,109,111,213,79.78,12,46.15,14,0,0,0,46.0,0,0,1,2,21,16,0,0,16,2,47,0,0,7,0,0.0,0.0,9,8,1,0,0,,36,52.17,0,0,0,54,8,6,0,1,,0,0,0,0,0.0,0,0,0,0,111,4,0,0,0,0,0,0,0,0,0,0.0,0.0,0,2,0,0,1,11,55.0,0,16,10,62.5,6,13,20,12,48,50.53,21,150,129,267,107.6,2,0,494,9,1,0,0.0,0.0,D,23.0,England
Filippo Terracciano,1034303,Milan,2692,italy,2324,1386,21,15,6.72,0,1,1,0.32,1.35,23,21,35.59,89,33,42.31,226,226,431,75.48,20,50.0,20,0,0,0,80.0,2,1,2,2,18,21,0,0,20,16,82,0,0,18,0,0.0,0.0,21,18,3,0,0,,77,55.4,0,0,1,140,20,18,0,0,,0,0,0,1,0.0,0,0,0,0,261,3,0,0,0,0,0,0,0,0,0,0.0,0.0,0,4,4,3,3,13,56.52,0,32,21,65.63,18,59,23,59,97,54.19,78,364,266,571,141.2,8,0,980,33,2,0,28462.0,1480000.0,D,20.0,Italy
Yunus Musah,983815,Milan,2692,italy,2324,1487,30,13,6.72,0,2,2,0.59,0.72,5,5,17.86,164,15,62.5,317,223,535,89.02,14,43.75,18,0,0,0,74.0,2,0,6,2,14,29,0,0,15,7,82,1,0,22,0,0.0,0.0,23,17,6,0,0,,68,51.52,0,0,1,66,10,14,0,2,,0,0,0,0,0.0,0,0,0,0,169,4,0,0,0,0,0,0,0,0,0,0.0,0.0,0,7,7,3,5,22,52.38,0,25,14,56.0,14,9,42,28,82,50.0,24,389,240,601,194.9,14,0,889,21,5,0,49231.0,2560000.0,M,21.0,United States
João Ferreira,976401,Udinese,2695,italy,2324,1835,35,18,6.72,0,1,1,0.13,0.93,33,9,42.86,103,51,44.74,250,295,536,75.92,18,56.25,14,0,0,0,106.0,1,0,1,1,76,34,0,0,8,24,92,0,0,35,0,0.0,0.0,31,26,5,0,0,,87,52.73,0,0,0,170,29,14,0,2,,0,1,0,1,0.0,0,0,0,1,254,4,0,0,0,0,0,0,0,0,0,0.0,0.0,0,2,1,2,0,18,60.0,0,58,42,72.41,13,80,30,21,105,53.3,114,363,364,706,228.5,3,1,1169,11,9,0,4423.0,230000.0,D,22.0,Portugal
Arijon Ibrahimović,1142248,Frosinone,2801,italy,2324,511,16,5,6.72,1,1,2,0.8,0.69,3,2,28.57,70,6,66.67,114,42,154,73.68,5,38.46,8,0,0,0,19.0,2,1,5,0,3,15,0,0,7,8,33,0,0,3,0,8.33,0.0,7,6,1,1,0,,15,37.5,0,0,0,55,1,8,0,2,,0,0,0,0,0.0,0,0,0,0,94,2,0,0,1,0,0,0,0,0,0,511.0,0.0,0,5,7,3,4,4,36.36,0,7,6,85.71,8,7,11,7,20,37.74,9,162,54,209,100.8,12,1,303,4,1,0,3654.0,190000.0,F,18.0,Germany
Hamza Rafia,857772,Lecce,2689,italy,2324,1220,28,17,6.72,1,0,1,0.82,1.1,9,7,18.42,113,15,37.5,233,122,348,75.49,9,31.03,20,0,0,0,70.0,0,0,8,0,9,27,0,0,22,17,104,0,0,31,0,6.25,0.0,21,20,1,0,1,,90,51.72,0,0,0,113,11,15,0,2,,1,0,0,0,0.0,0,0,0,0,212,11,0,0,1,0,0,0,0,0,0,1220.0,0.0,0,5,11,5,3,12,46.15,0,44,31,70.45,15,37,26,38,99,48.77,40,353,146,461,181.4,16,0,758,34,4,0,7885.0,410000.0,M,24.0,Tunisia
Gianluca Caprari,148458,Monza,2729,italy,2324,292,6,4,6.72,0,0,0,0.69,0.74,7,3,37.5,34,9,75.0,69,27,93,82.3,0,0.0,5,0,0,0,11.0,1,1,5,0,0,6,0,0,9,1,23,0,0,3,0,0.0,0.0,5,5,0,0,0,,10,35.71,0,0,0,20,2,11,0,2,,0,0,0,0,0.0,0,0,0,0,49,1,0,0,0,0,0,0,0,0,0,0.0,0.0,1,5,3,3,0,3,37.5,0,2,1,50.0,11,7,8,8,10,30.3,12,90,31,113,40.3,8,0,171,5,0,0,32115.0,1670000.0,F,30.0,Italy
Simy,170499,Salernitana,2710,italy,2324,699,15,6,6.71,3,0,3,2.67,0.41,5,0,0.0,28,2,66.67,51,31,82,62.6,25,37.31,42,0,0,0,13.0,1,4,2,0,4,14,0,0,19,2,73,0,0,11,0,23.08,0.0,13,11,2,3,0,,23,42.59,1,0,1,49,0,5,1,2,,0,0,0,0,0.0,0,0,0,0,104,2,0,0,1,0,0,0,0,0,0,233.0,0.0,0,13,0,4,7,1,50.0,0,6,3,50.0,5,5,2,0,48,39.67,3,90,41,131,94.0,13,1,254,17,0,0,35577.0,1850000.0,F,31.0,Nigeria
Brenner,884980,Udinese,2695,italy,2324,192,8,2,6.71,0,0,0,0.39,0.04,1,0,0.0,18,3,100.0,36,11,47,88.68,0,0.0,2,0,0,0,15.0,0,1,1,0,1,7,0,0,2,3,10,0,0,0,0,0.0,0.0,1,1,0,0,0,,13,61.9,0,0,0,6,0,2,0,1,,0,0,0,0,0.0,0,0,0,0,21,4,0,0,0,0,0,0,0,0,0,0.0,0.0,0,3,1,1,2,2,40.0,0,8,7,87.5,2,2,5,1,13,56.52,3,43,11,53,47.0,4,0,97,3,0,0,18462.0,960000.0,F,24.0,Brazil
Kingsley Ehizibue,609206,Udinese,2695,italy,2324,969,23,11,6.71,0,1,1,1.28,0.49,2,6,35.29,52,6,30.0,84,67,145,70.39,12,48.0,13,0,0,0,44.0,0,1,9,0,32,22,0,0,10,7,48,0,0,12,0,0.0,0.0,15,14,1,0,0,,54,60.67,0,0,0,61,8,8,0,5,,0,0,0,0,0.0,0,0,0,0,118,6,0,0,0,0,0,0,0,0,0,0.0,0.0,0,11,7,6,3,11,64.71,0,22,14,63.64,8,11,17,17,66,57.89,20,131,92,206,147.7,18,0,455,21,4,0,17308.0,900000.0,D,28.0,Netherlands
Santiago Pierotti,984998,Lecce,2689,italy,2324,197,11,0,6.71,0,2,2,0.49,0.64,1,1,25.0,12,2,50.0,34,14,47,75.81,2,16.67,10,0,0,0,8.0,1,0,1,0,0,9,0,0,5,6,36,0,0,13,0,0.0,0.0,4,4,0,0,0,,18,40.91,0,0,0,15,1,2,0,0,,0,0,0,0,0.0,0,0,0,0,38,0,0,0,0,0,0,0,0,0,0,0.0,0.0,0,6,1,3,3,7,63.64,0,8,8,100.0,2,3,11,4,20,35.71,4,48,18,62,60.4,7,0,125,3,0,0,10769.0,560000.0,F,22.0,Argentina
Hamed Junior Traorè,892924,Napoli,2714,italy,2324,383,9,5,6.71,0,0,0,0.86,0.34,9,1,14.29,50,10,83.33,110,57,166,87.83,1,16.67,5,0,0,0,20.0,1,1,1,0,1,9,0,0,7,5,26,0,1,4,0,0.0,0.0,6,3,3,0,0,,16,43.24,0,0,0,23,2,8,0,1,,0,0,0,0,0.0,0,0,0,0,49,3,0,0,0,0,0,0,0,0,0,0.0,0.0,0,2,8,6,3,5,50.0,0,4,2,50.0,8,11,10,7,17,39.53,12,134,62,189,60.4,10,0,263,7,1,0,35577.0,1850000.0,F,23.0,Cote d'Ivoire
Mirko Marić,190933,Monza,2729,italy,2324,284,10,1,6.71,1,0,1,0.86,0.19,0,0,0.0,23,1,100.0,38,28,66,73.33,11,39.29,17,0,0,0,11.0,1,1,1,0,3,10,0,1,5,2,30,0,0,4,0,14.29,0.0,3,3,0,1,0,,10,43.48,1,0,0,24,2,5,0,3,,0,0,0,0,0.0,0,0,0,0,43,2,0,1,0,0,0,0,0,0,0,284.0,0.0,0,6,1,4,2,1,25.0,0,4,0,0.0,5,1,4,1,21,41.18,1,57,34,90,67.1,7,0,149,5,0,0,10192.0,530000.0,F,28.0,Croatia
Cristian Volpato,1155625,Sassuolo,2793,italy,2324,639,22,5,6.71,1,0,1,0.5,1.42,6,13,27.66,87,12,52.17,141,51,179,71.31,7,50.0,7,0,0,0,45.0,1,0,3,0,4,21,0,0,12,16,68,0,0,15,0,8.33,0.0,16,12,4,1,0,,50,45.05,0,0,0,72,1,17,1,1,,0,1,0,0,0.0,0,0,0,0,161,10,0,0,0,0,0,0,0,0,0,639.0,0.0,0,4,8,3,6,25,54.35,0,16,8,50.0,16,22,46,47,57,45.6,23,229,69,251,140.9,12,0,448,9,1,0,25000.0,1300000.0,F,20.0,Italy
Niccolò Pierozzi,970938,Salernitana,2710,italy,2324,873,12,11,6.71,1,0,1,0.25,0.12,6,2,33.33,28,18,36.0,96,145,239,78.1,17,65.38,9,0,0,0,36.0,0,0,3,1,32,12,0,0,0,11,47,0,0,28,0,12.5,0.0,20,17,3,1,0,,28,42.42,1,0,1,67,11,1,0,0,,0,0,0,0,0.0,0,0,0,1,94,0,0,0,0,0,0,0,0,0,0,873.0,0.0,0,6,2,3,2,1,50.0,0,17,11,64.71,1,20,2,6,45,48.91,50,149,163,306,80.5,8,0,483,10,6,0,3269.0,170000.0,D,22.0,Italy
Timothy Weah,855810,Juventus,2687,italy,2324,1271,30,12,6.71,0,1,1,1.52,1.14,9,5,13.16,145,8,47.06,273,169,437,84.69,10,43.48,13,0,0,0,58.0,1,2,6,3,12,30,0,0,10,5,48,0,0,15,0,0.0,0.0,12,10,2,0,0,,40,53.33,0,0,0,79,5,14,0,2,,0,1,0,0,0.0,0,0,0,0,151,6,0,0,0,0,0,0,0,0,0,0.0,0.0,0,5,7,4,2,5,50.0,0,27,20,74.07,13,19,10,38,50,51.02,17,364,190,516,201.2,12,0,742,8,5,0,49231.0,2560000.0,M,23.0,United States
Adam Masina,259995,Torino,2696,italy,2324,1110,20,11,6.71,0,0,0,0.3,0.39,32,0,0.0,54,29,50.88,141,428,569,86.61,26,60.47,17,0,0,0,54.0,0,1,1,4,35,19,0,0,7,17,59,0,0,21,0,0.0,6.0,14,10,4,0,0,,27,39.13,0,0,0,88,13,3,0,0,,0,0,0,1,0.0,0,0,0,0,116,1,0,0,0,0,0,0,0,0,0,0.0,0.0,0,4,2,3,2,1,100.0,0,21,12,57.14,3,53,1,4,53,47.32,57,202,459,657,127.4,6,0,807,5,2,0,22115.0,1150000.0,D,30.0,Morocco
Warren Bondo,1000366,Monza,2729,italy,2324,1471,25,14,6.7,1,1,2,0.95,0.25,3,1,50.0,105,19,61.29,259,295,553,90.21,10,58.82,7,0,0,0,70.0,1,1,10,2,12,25,0,0,19,4,65,0,0,31,0,5.88,0.0,27,22,5,0,1,,61,51.26,0,0,0,60,6,7,0,0,,0,0,0,1,0.0,0,0,0,0,105,3,0,0,1,0,0,0,0,0,0,1471.0,0.0,0,8,9,3,4,13,76.47,0,29,22,75.86,7,7,17,2,71,52.21,31,292,323,613,167.6,17,0,803,19,9,0,7308.0,380000.0,M,20.0,France
Ibrahim Sulemana,105905,Cagliari,2719,italy,2324,1342,21,16,6.7,2,0,2,0.76,0.19,9,2,15.38,75,28,50.0,170,191,359,82.34,13,38.24,21,0,0,0,85.0,0,0,3,2,15,21,0,0,16,10,71,0,0,18,0,15.38,0.0,26,23,3,1,1,,56,52.83,0,0,0,77,7,4,0,1,,0,0,0,0,0.0,0,0,0,0,134,7,0,0,2,0,0,0,0,0,0,671.0,0.0,0,4,9,7,3,9,52.94,0,36,14,38.89,4,24,17,13,69,49.29,56,230,219,436,140.7,13,0,659,11,4,0,10000.0,520000.0,M,20.0,Ghana
Tajon Buchanan,973290,Inter,2697,italy,2324,161,10,0,6.7,1,0,1,0.2,0.11,0,1,9.09,27,2,66.67,40,16,55,93.22,0,0.0,3,0,0,0,6.0,1,0,3,0,3,10,0,0,1,1,10,0,0,1,0,25.0,0.0,0,0,0,1,0,,11,61.11,0,0,0,4,0,2,0,1,,0,0,0,0,0.0,0,0,0,0,26,2,0,0,1,0,0,0,0,0,0,161.0,0.0,0,3,1,0,1,4,50.0,0,1,1,100.0,2,0,8,11,11,52.38,3,54,16,59,67.0,4,0,107,6,0,0,53462.0,2780000.0,M,24.0,Canada
Pedro Pereira,807291,Monza,2729,italy,2324,833,23,9,6.7,0,2,2,0.19,0.99,12,10,27.03,117,12,38.71,208,144,342,82.81,5,45.45,6,0,0,0,41.0,2,0,2,1,15,21,0,0,8,8,36,0,0,11,0,0.0,0.0,17,15,2,0,0,,27,47.37,0,0,0,71,4,14,0,1,,0,0,0,0,0.0,0,0,0,0,131,0,0,0,0,0,0,0,0,0,0,0.0,0.0,0,3,0,1,0,5,55.56,0,19,13,68.42,14,23,9,37,32,47.06,31,277,173,413,140.7,3,1,619,3,3,0,7308.0,380000.0,D,26.0,Portugal
Federico Baschirotto,786175,Lecce,2689,italy,2324,3295,37,37,6.7,0,1,1,1.75,0.32,49,0,0.0,86,124,46.79,339,1168,1507,84.1,93,56.02,73,0,0,0,153.0,1,4,3,6,142,37,0,1,4,7,109,1,0,30,0,0.0,61.0,54,48,6,0,0,,25,40.98,0,0,1,285,23,2,0,0,,0,0,0,2,0.0,0,0,0,0,309,0,0,1,0,0,0,0,0,0,0,0.0,0.0,0,16,1,8,6,0,0.0,0,21,12,57.14,2,124,0,3,118,51.98,265,529,1266,1792,247.9,17,0,2111,4,3,0,21346.0,1110000.0,D,27.0,Italy
Tyronne Ebuehi,580512,Empoli,2705,italy,2324,1096,15,11,6.7,0,1,1,0.27,0.64,17,5,21.74,66,18,36.73,136,190,321,75.0,8,30.77,18,0,0,0,70.0,1,1,3,3,21,15,0,0,4,4,39,0,1,7,0,0.0,0.0,15,12,3,0,0,,27,56.25,0,0,0,107,6,11,0,3,,0,0,0,0,0.0,0,0,0,0,175,3,0,0,0,0,0,0,0,0,0,0.0,0.0,0,4,1,1,1,4,36.36,0,14,9,64.29,11,46,11,23,35,47.3,49,217,234,428,100.5,5,0,690,9,0,0,12308.0,640000.0,D,28.0,Nigeria
Andrea Ferraris,1100840,Monza,2729,italy,2324,9,1,0,6.7,0,0,0,,0.01,0,0,0.0,2,0,0.0,3,0,3,100.0,0,0.0,1,0,0,0,0.0,0,0,0,0,0,1,0,0,0,0,1,0,0,0,0,0.0,0.0,0,0,0,0,0,,1,100.0,0,0,0,0,0,0,0,0,,0,0,0,0,0.0,0,0,0,0,0,0,0,0,0,0,0,0,0,0,0,0.0,0.0,0,0,0,0,0,0,0.0,0,1,1,100.0,0,0,0,0,1,50.0,0,3,0,3,6.7,0,0,5,0,0,0,,,,,
Benoît Costil,26965,Salernitana,2710,italy,2324,1170,13,13,6.7,0,0,0,,0.03,15,0,0.0,8,77,31.82,51,162,213,55.91,1,100.0,0,0,0,0,86.0,0,0,0,1,9,13,0,0,0,1,1,0,1,0,0,0.0,104.0,29,25,4,0,0,-5.08,2,66.67,0,1,0,168,0,1,0,0,,0,0,0,0,0.0,3,0,0,0,172,0,4,0,0,7,26,12,39,0,8,0.0,0.0,0,0,0,0,0,0,0.0,6,2,1,50.0,1,25,0,1,3,75.0,242,189,193,381,87.1,0,1,485,1,0,0,15962.0,830000.0,K,36.0,France
Edoardo Goldaniga,295133,Cagliari,2719,italy,2324,1013,13,12,6.7,0,0,0,0.55,0.36,34,5,50.0,56,52,49.52,166,256,417,80.97,18,46.15,21,0,0,0,37.0,0,2,0,1,35,13,0,0,0,6,38,1,0,14,0,0.0,1.0,17,16,1,0,0,,22,56.41,0,0,0,98,15,4,0,3,,0,0,0,0,0.0,0,0,0,0,122,1,0,0,0,0,0,0,0,0,0,0.0,0.0,0,4,0,1,3,0,0.0,0,12,7,58.33,4,70,0,10,40,51.28,105,248,277,515,87.1,4,0,664,10,3,0,21346.0,1110000.0,D,29.0,Italy
Samu Castillejo,188405,Sassuolo,2793,italy,2324,549,17,6,6.7,0,0,0,0.26,0.87,2,7,20.59,94,1,11.11,161,49,203,82.86,2,18.18,9,0,0,0,33.0,1,0,3,0,1,17,0,0,18,12,58,0,0,11,0,0.0,0.0,12,11,1,0,0,,39,44.32,0,0,0,42,1,15,0,1,,0,0,0,0,0.0,0,0,0,0,120,6,0,0,0,0,0,0,0,0,0,0.0,0.0,0,5,1,1,2,9,52.94,0,12,10,83.33,15,10,17,34,41,41.41,9,223,56,245,113.9,6,0,417,18,2,0,29615.0,1540000.0,F,29.0,Spain
José Machín,792308,Monza,2729,italy,2324,232,10,2,6.7,0,0,0,0.15,0.1,3,0,0.0,32,8,57.14,74,37,111,82.22,0,0.0,2,0,0,0,15.0,0,0,2,0,5,9,0,0,1,2,8,0,0,2,0,0.0,0.0,2,2,0,0,0,,13,68.42,0,0,0,24,0,2,0,0,,0,0,0,0,0.0,0,0,0,0,38,0,0,0,0,0,0,0,0,0,0,0.0,0.0,2,0,5,3,0,1,50.0,0,6,1,16.67,2,7,2,4,13,61.9,14,102,37,135,60.3,5,0,186,6,2,0,7115.0,370000.0,M,27.0,Equatorial Guinea
Giovanni Bonfanti,1183625,Atalanta,2686,italy,2324,89,2,1,6.7,0,0,0,0.09,0.03,2,1,50.0,2,1,20.0,11,32,42,80.77,1,33.33,2,0,0,0,7.0,0,0,0,0,1,2,0,0,0,1,5,0,0,2,0,0.0,0.0,1,1,0,0,0,,6,66.67,0,0,0,10,1,0,0,0,,0,0,0,0,0.0,0,0,0,0,12,0,0,0,0,0,0,0,0,0,0,0.0,0.0,0,1,0,1,0,1,100.0,0,4,2,50.0,0,4,1,2,7,58.33,5,18,36,52,13.4,1,0,69,1,0,0,3269.0,170000.0,D,20.0,Italy
Chris Smalling,47741,Roma,2702,italy,2324,389,8,4,6.7,0,0,0,0.05,0.03,4,0,0.0,11,9,50.0,48,149,197,86.4,24,77.42,7,0,0,0,22.0,1,0,0,0,8,8,0,0,1,3,13,0,0,1,0,0.0,0.0,8,7,1,0,0,,2,25.0,0,0,0,31,5,1,0,0,,0,0,0,0,0.0,0,0,0,0,35,0,0,0,0,0,0,0,0,0,0,0.0,0.0,0,1,0,0,1,0,0.0,0,1,1,100.0,1,7,1,0,26,66.67,18,65,163,228,53.6,1,0,266,3,0,0,86346.0,4490000.0,D,34.0,England
Ebenezer Akinsanmiro,1525367,Inter,2697,italy,2324,14,1,0,6.7,0,0,0,0.0,0.04,0,0,0.0,2,0,0.0,4,3,7,87.5,0,0.0,0,0,0,0,0.0,0,0,0,0,0,1,0,0,1,1,2,0,0,0,0,0.0,0.0,0,0,0,0,0,,3,60.0,0,0,0,1,0,1,0,0,,0,0,0,0,0.0,0,0,0,0,3,0,0,0,0,0,0,0,0,0,0,0.0,0.0,0,0,0,0,0,0,0.0,0,0,0,0.0,1,0,0,0,3,60.0,0,4,4,8,6.7,0,0,14,3,0,0,,,,,
Przemysław Szymiński,338099,Frosinone,2801,italy,2324,8,1,0,6.7,0,0,0,0.0,0.0,0,0,0.0,0,1,50.0,0,1,1,50.0,0,0.0,0,0,0,0,1.0,0,0,0,0,0,1,0,0,0,0,0,0,0,0,0,0.0,0.0,0,0,0,0,0,,0,0.0,0,0,0,1,0,0,0,0,,0,0,0,0,0.0,0,0,0,0,1,0,0,0,0,0,0,0,0,0,0,0.0,0.0,0,0,0,0,0,0,0.0,0,0,0,0.0,0,0,0,0,0,0.0,2,1,1,2,6.7,0,0,3,0,0,0,,,,,
Papu Gómez,33381,Monza,2729,italy,2324,39,2,0,6.7,0,0,0,0.0,0.33,2,0,0.0,9,1,50.0,9,2,11,84.62,0,0.0,0,0,0,0,3.0,0,0,0,0,0,2,0,0,0,2,2,0,0,0,0,0.0,0.0,0,0,0,0,0,,0,0.0,0,0,0,2,1,1,0,0,,0,0,0,0,0.0,0,0,0,0,9,1,0,0,0,0,0,0,0,0,0,0.0,0.0,0,0,0,0,0,0,0.0,0,0,0,0.0,1,3,0,5,0,0.0,2,16,2,13,13.4,0,0,21,0,0,0,36923.0,1920000.0,F,35.0,Argentina
Domingos Quina,842582,Udinese,2695,italy,2324,12,2,0,6.7,0,0,0,0.0,0.0,1,0,0.0,0,0,0.0,1,0,1,100.0,0,0.0,1,0,0,0,1.0,0,0,0,0,0,1,0,0,0,0,1,0,0,0,0,0.0,0.0,0,0,0,0,0,,1,100.0,0,0,0,0,0,0,0,0,,0,0,0,0,0.0,0,0,0,0,0,0,0,0,0,0,0,0,0,0,0,0.0,0.0,0,0,0,0,0,0,0.0,0,1,1,100.0,0,1,0,0,1,50.0,0,1,0,1,6.7,0,0,2,0,0,0,7308.0,380000.0,M,23.0,Portugal
Pietro Comuzzo,1210848,Fiorentina,2693,italy,2324,46,4,0,6.7,0,0,0,0.0,0.0,0,0,0.0,1,1,50.0,7,20,27,71.05,8,72.73,3,0,0,0,5.0,0,0,0,0,2,3,0,0,0,0,4,0,0,1,0,0.0,0.0,0,0,0,0,0,,1,50.0,0,0,0,11,1,0,0,0,,0,0,0,0,0.0,0,0,0,0,11,0,0,0,0,0,0,0,0,0,0,0.0,0.0,0,0,0,0,0,0,0.0,0,1,1,100.0,0,0,0,0,9,69.23,2,11,27,38,20.1,0,0,43,0,1,0,7115.0,370000.0,D,18.0,Italy
Pol Lirola,844480,Frosinone,2801,italy,2324,1554,25,18,6.7,2,1,3,1.32,0.99,16,5,20.0,115,36,46.75,239,251,485,78.61,14,42.42,19,0,0,0,80.0,2,1,2,3,35,25,0,0,9,18,60,0,1,7,0,22.22,0.0,29,26,3,2,0,,48,53.93,1,0,0,132,19,13,0,2,,0,0,0,0,0.0,0,0,0,0,193,7,0,0,1,0,0,0,0,0,0,777.0,0.0,0,4,5,4,3,6,46.15,0,30,18,60.0,13,47,13,25,62,50.82,77,346,296,617,167.4,9,0,904,12,1,0,19231.0,1000000.0,D,26.0,Spain
Bartosz Bereszyński,109461,Empoli,2705,italy,2324,1772,24,22,6.7,0,1,1,0.06,0.35,28,3,18.75,106,41,45.56,248,306,551,78.71,23,58.97,16,0,0,0,81.0,0,0,1,2,47,24,0,0,6,16,71,0,0,23,0,0.0,0.0,30,26,4,0,0,,69,55.65,0,0,0,149,21,8,0,0,,0,0,0,0,0.0,0,0,0,0,231,1,0,0,0,0,0,0,0,0,0,0.0,0.0,0,0,3,1,1,13,54.17,0,41,25,60.98,8,71,24,16,92,56.44,90,357,359,700,160.7,3,0,1094,15,3,0,15962.0,830000.0,D,31.0,Poland
Morten Thorsby,280991,Genoa,2713,italy,2324,1148,24,9,6.7,2,2,4,1.81,0.64,1,3,33.33,76,5,38.46,146,58,201,62.62,68,52.71,61,0,0,0,41.0,3,3,2,2,17,22,0,0,17,7,112,0,0,28,0,15.38,0.0,20,19,1,2,0,,29,36.25,2,0,0,120,4,9,0,6,,0,0,0,0,0.0,0,0,0,0,175,6,0,0,0,0,0,0,0,0,0,574.0,0.0,0,12,1,4,7,4,44.44,0,19,11,57.89,9,7,9,9,97,46.41,13,247,83,321,147.3,13,0,503,7,2,0,20000.0,1040000.0,M,27.0,Norway
Uroš Račić,839909,Sassuolo,2793,italy,2324,824,22,8,6.7,1,1,2,0.84,0.3,18,0,0.0,76,24,41.38,176,145,321,81.68,14,50.0,14,0,0,0,50.0,0,1,7,1,22,20,0,0,6,9,35,0,0,6,0,5.88,0.0,21,19,2,0,1,,26,55.32,0,0,0,72,7,6,0,0,,0,0,0,0,0.0,0,0,0,0,90,4,0,0,1,0,0,0,0,0,0,824.0,0.0,2,3,14,6,4,6,85.71,0,10,4,40.0,6,35,7,2,40,53.33,58,230,165,393,133.9,17,1,511,12,1,0,12308.0,640000.0,M,25.0,Serbia
Isaac Success,359640,Udinese,2695,italy,2324,878,27,9,6.69,1,1,2,2.72,0.56,10,0,0.0,58,8,44.44,97,33,130,64.68,27,46.55,31,0,1,0,24.0,3,4,3,0,11,22,0,0,27,2,99,0,0,27,0,5.26,0.0,15,12,3,1,0,,60,46.88,0,0,1,71,2,11,0,1,,0,0,1,0,0.0,0,0,0,0,155,2,0,0,1,0,0,0,0,0,0,878.0,0.0,0,11,8,11,5,20,58.82,0,6,4,66.67,11,13,34,2,87,46.77,18,158,45,201,147.2,19,0,408,34,4,0,20962.0,1090000.0,F,28.0,Nigeria
Marco Silvestri,43970,Udinese,2695,italy,2324,1530,17,17,6.69,0,0,0,0.0,0.01,20,0,0.0,8,69,36.9,46,211,257,67.28,3,50.0,3,0,0,0,122.0,0,0,0,4,11,17,2,0,0,3,6,3,0,0,0,0.0,105.0,28,23,5,0,0,-2.31,0,0.0,0,5,0,125,0,0,0,0,,0,0,0,0,0.0,6,0,0,0,127,0,6,0,0,2,25,15,40,0,13,0.0,0.0,0,0,0,0,0,0,0.0,1,0,0,0.0,0,55,0,0,3,33.33,187,144,238,382,113.7,0,0,514,1,0,0,35577.0,1850000.0,K,32.0,Italy
Grégoire Defrel,148566,Sassuolo,2793,italy,2324,759,20,7,6.68,1,2,3,1.01,1.13,1,1,50.0,65,5,55.56,122,62,183,85.51,6,21.43,22,0,0,0,30.0,1,0,5,0,6,18,0,0,15,8,60,0,0,9,0,8.33,0.0,15,13,2,1,0,,29,43.28,0,0,1,31,3,8,0,1,,0,0,0,0,0.0,0,0,0,0,73,4,0,0,1,0,0,0,0,0,0,759.0,0.0,0,5,7,4,3,4,33.33,0,17,8,47.06,8,4,12,2,35,36.84,9,149,67,214,120.3,12,0,335,8,0,0,30192.0,1570000.0,F,32.0,France
Boulaye Dia,960080,Salernitana,2710,italy,2324,1143,17,12,6.68,4,0,4,3.9,0.51,9,0,0.0,80,10,71.43,126,78,204,84.3,6,18.18,27,0,0,0,41.0,0,3,12,0,7,17,0,0,28,2,95,0,0,11,0,13.79,0.0,30,28,2,4,0,,42,38.18,0,0,2,38,3,10,1,3,,0,0,1,0,100.0,0,1,0,0,135,4,0,0,3,0,0,0,0,0,0,285.75,0.0,0,22,7,7,10,14,34.15,0,4,2,50.0,10,12,41,1,48,33.57,14,154,89,242,113.6,29,0,448,24,1,0,49231.0,2560000.0,F,27.0,Senegal
Gabriele Zappa,927304,Cagliari,2719,italy,2324,2559,38,25,6.68,1,3,4,1.46,2.19,54,20,25.97,187,68,35.6,394,415,789,73.53,20,38.46,32,0,0,0,109.0,5,2,4,3,62,38,0,0,8,12,85,0,2,21,0,5.26,0.0,53,49,4,1,0,,77,59.23,0,0,0,284,20,24,0,0,,0,0,0,0,0.0,0,0,0,0,430,7,0,0,1,0,0,0,0,0,0,2559.0,0.0,0,10,9,9,6,9,36.0,0,54,31,57.41,24,137,25,77,97,53.3,191,639,511,1073,253.9,19,0,1720,15,2,0,10769.0,560000.0,D,24.0,Italy
Liberato Cacace,905264,Empoli,2705,italy,2324,1916,31,18,6.68,0,1,1,0.42,1.38,26,15,22.06,138,45,35.43,321,338,644,77.5,17,42.5,23,0,0,0,119.0,5,1,5,3,43,31,0,0,20,14,111,0,0,30,0,0.0,0.0,30,26,4,0,0,,81,47.93,0,0,0,187,19,21,0,1,,0,0,0,0,0.0,0,0,0,0,352,12,0,0,0,0,0,0,0,0,0,0.0,0.0,0,3,10,6,2,23,46.94,0,40,24,60.0,21,77,49,68,98,46.89,127,488,411,831,207.1,13,0,1416,18,6,0,6154.0,320000.0,D,23.0,New Zealand
Samuele Vignato,1119364,Monza,2729,italy,2324,339,10,3,6.68,1,0,1,1.68,0.2,4,3,37.5,37,5,62.5,70,36,103,86.55,1,16.67,5,0,0,0,13.0,0,2,1,0,0,10,0,0,6,1,19,0,0,4,0,14.29,0.0,2,1,1,1,0,,15,51.72,0,0,0,16,1,4,1,1,,0,0,0,0,0.0,0,0,0,0,46,2,0,0,0,0,0,0,0,0,0,339.0,0.0,0,6,1,2,4,5,55.56,0,6,4,66.67,4,5,9,8,16,45.71,8,87,40,119,66.8,7,0,184,4,2,0,3269.0,170000.0,F,19.0,Italy
Jeremy Toljan,149606,Sassuolo,2793,italy,2324,2085,25,24,6.68,0,5,5,0.57,1.96,22,11,22.0,155,33,31.13,330,282,601,77.85,9,36.0,16,0,0,0,103.0,3,1,0,0,42,25,0,0,9,6,47,0,1,10,0,0.0,0.0,40,37,3,0,0,,26,45.61,0,0,1,171,16,18,0,0,,0,0,0,1,0.0,0,0,0,1,272,2,0,0,0,0,0,0,0,0,0,0.0,0.0,0,8,4,9,3,6,46.15,0,13,10,76.92,18,75,13,50,35,42.68,106,485,337,772,167.0,12,0,1204,7,1,0,17308.0,900000.0,D,29.0,Germany
Paulo Azzi,383314,Cagliari,2719,italy,2324,942,25,9,6.68,0,0,0,1.23,0.39,14,6,12.5,73,15,45.45,139,120,253,71.67,13,54.17,11,0,0,0,59.0,0,1,8,1,18,24,0,0,5,9,40,0,0,5,0,0.0,0.0,19,19,0,0,0,,36,55.38,0,0,0,100,16,9,0,4,,0,0,0,0,0.0,0,0,0,0,200,4,0,0,0,0,0,0,0,0,0,0.0,0.0,0,11,10,11,2,13,54.17,0,19,11,57.89,9,31,24,48,49,55.06,33,250,151,353,160.3,21,0,648,4,1,0,17885.0,930000.0,D,29.0,Brazil
Jesper Lindstrøm,947929,Napoli,2714,italy,2324,436,22,2,6.68,0,0,0,0.69,0.92,7,4,33.33,67,5,50.0,128,54,178,84.36,1,20.0,4,0,0,0,15.0,3,0,3,0,3,19,0,0,8,4,36,0,0,6,0,0.0,0.0,7,7,0,0,0,,23,41.82,0,0,0,33,2,13,0,2,,0,0,0,0,0.0,0,0,0,0,85,3,0,0,0,0,0,0,0,0,0,0.0,0.0,1,7,7,9,2,11,44.0,0,8,3,37.5,13,12,25,12,24,40.0,10,163,60,211,126.9,14,0,331,4,2,0,56731.0,2950000.0,F,23.0,Denmark
Antoine Makoumbou,920391,Cagliari,2719,italy,2324,2707,32,32,6.68,1,0,1,0.86,0.94,55,4,36.36,237,80,68.38,563,494,1053,88.86,11,35.48,20,0,0,0,159.0,1,0,1,3,24,32,0,1,30,15,102,0,2,28,0,12.5,0.0,54,50,4,1,0,,90,52.33,0,0,0,132,16,15,0,1,,0,1,0,0,0.0,0,0,0,0,218,10,0,2,1,0,0,0,0,0,0,2707.0,0.0,0,4,4,5,2,21,70.0,0,41,24,58.54,14,88,30,11,101,49.75,117,669,527,1185,213.7,8,1,1499,28,3,1,18077.0,940000.0,M,25.0,Congo
Festy Ebosele,983059,Udinese,2695,italy,2324,1705,31,20,6.68,0,0,0,0.75,1.49,13,10,22.22,94,11,47.83,158,77,225,71.43,16,47.06,18,0,0,0,74.0,1,1,4,0,20,31,0,0,34,14,130,0,0,29,0,0.0,0.0,29,24,5,0,0,,127,53.14,0,0,0,90,10,15,0,1,,0,0,0,3,0.0,0,0,0,1,272,5,0,1,0,0,0,0,0,0,0,0.0,0.0,0,8,8,7,5,49,56.98,0,33,20,60.61,15,35,86,45,143,52.38,23,259,101,315,207.0,16,1,814,45,4,1,4423.0,230000.0,M,21.0,Ireland
Jakub Jankto,569556,Cagliari,2719,italy,2324,884,18,13,6.68,1,2,3,1.52,0.39,12,4,15.38,56,9,30.0,91,65,152,69.41,4,33.33,8,0,0,0,33.0,1,3,1,0,17,17,0,0,3,12,33,0,0,9,0,8.33,0.0,18,17,1,1,0,,20,44.44,0,0,0,67,5,7,1,1,,0,1,0,0,0.0,0,0,0,0,109,4,0,0,0,0,0,0,0,0,0,884.0,0.0,0,11,1,5,6,1,33.33,0,12,9,75.0,6,28,3,26,24,42.11,30,171,74,219,113.5,12,0,349,8,0,0,35577.0,1850000.0,M,28.0,Czech Republic
Alberto Cerri,187121,Empoli,2705,italy,2324,553,12,10,6.68,1,0,1,1.17,0.3,2,0,0.0,23,1,50.0,49,19,68,50.75,42,56.0,33,0,0,0,18.0,0,1,4,0,7,12,0,0,12,3,63,0,0,15,0,10.0,0.0,6,6,0,1,0,,12,28.57,1,0,0,66,3,4,0,6,,0,0,0,0,0.0,0,0,0,0,98,4,0,0,0,0,0,0,0,0,0,553.0,0.0,0,10,0,3,3,1,16.67,0,3,3,100.0,4,5,6,1,54,46.15,2,102,33,134,80.1,10,0,215,9,2,0,19615.0,1020000.0,F,27.0,Italy
Gvidas Gineitis,1030829,Torino,2696,italy,2324,546,14,4,6.68,0,0,0,0.43,0.96,6,8,36.36,53,10,52.63,120,107,219,83.91,8,57.14,6,0,0,0,37.0,0,1,4,1,9,12,0,0,1,3,22,1,0,9,0,0.0,0.0,8,6,2,0,0,,16,50.0,0,0,0,42,4,8,0,0,,0,0,0,0,0.0,0,0,0,0,66,3,0,0,0,0,0,0,0,0,0,0.0,0.0,3,1,8,3,2,3,42.86,0,11,7,63.64,8,12,7,22,24,52.17,19,171,112,261,80.1,9,0,358,3,2,0,21346.0,1110000.0,M,19.0,Lithuania
Luca Pellegrini,826186,Lazio,2699,italy,2324,787,19,8,6.67,1,0,1,0.24,0.32,14,0,0.0,72,15,35.71,154,151,305,76.63,13,65.0,7,0,0,0,50.0,1,0,3,1,16,19,0,0,6,8,51,0,0,19,1,14.29,0.0,8,7,1,0,1,,45,50.56,0,0,0,93,9,2,1,0,,0,0,0,0,0.0,0,0,0,0,175,3,0,1,0,0,0,0,0,0,0,787.0,100.0,1,1,6,3,1,14,53.85,0,18,13,72.22,2,34,26,28,58,53.21,42,237,189,398,126.8,7,0,652,13,5,1,46346.0,2410000.0,D,24.0,Italy
Marco Brescianini,928800,Frosinone,2801,italy,2324,2336,36,24,6.67,4,2,6,2.3,1.87,17,6,30.0,168,21,37.5,339,268,601,79.92,20,40.0,30,0,0,0,107.0,3,2,11,3,35,36,0,0,44,16,140,0,0,35,1,12.9,0.0,49,46,3,3,1,,74,40.22,0,0,1,151,10,23,3,5,,0,1,0,0,0.0,0,0,0,0,276,9,0,0,1,0,0,0,0,0,0,584.0,50.0,2,17,14,9,11,22,53.66,0,28,13,46.43,22,47,41,20,94,40.17,56,460,312,752,240.2,31,0,1141,24,1,0,8846.0,460000.0,M,24.0,Italy
Jackson Tchatchoua,1096210,Hellas Verona,2701,italy,2324,1735,26,19,6.67,0,2,2,0.0,1.65,14,19,29.69,91,23,31.94,212,242,435,77.26,13,50.0,13,0,0,0,84.0,2,0,0,1,40,25,0,0,5,25,68,0,2,18,0,0.0,0.0,26,22,4,0,0,,52,48.6,0,0,0,128,23,15,0,2,,0,0,0,1,0.0,0,0,0,0,220,2,0,0,0,0,0,0,0,0,0,0.0,0.0,0,0,0,0,0,6,42.86,0,39,26,66.67,15,31,14,64,65,48.87,72,343,284,563,166.8,0,0,987,7,2,0,8654.0,450000.0,M,22.0,Cameroon
Stefano Sabelli,184421,Genoa,2713,italy,2324,2448,32,30,6.67,0,1,1,0.76,1.95,34,21,21.21,180,31,28.18,314,144,437,63.43,16,41.03,23,0,0,0,91.0,4,2,1,1,33,32,0,0,11,31,115,0,0,36,0,0.0,0.0,25,20,5,0,0,,94,50.54,0,0,0,252,23,20,0,4,,0,0,0,0,0.0,0,0,0,0,442,11,0,0,0,0,0,0,0,0,0,0.0,0.0,0,5,4,5,3,8,28.57,0,50,24,48.0,20,112,28,99,110,48.89,110,578,210,689,213.5,9,0,1288,36,5,0,9615.0,500000.0,D,31.0,Italy
Viktor Kovalenko,287659,Empoli,2705,italy,2324,606,17,4,6.67,1,1,2,0.93,0.6,1,4,30.77,51,5,27.78,97,79,172,73.5,8,34.78,15,0,0,0,23.0,1,1,5,0,7,17,0,0,6,6,40,0,0,7,0,9.09,0.0,9,8,1,1,0,,17,40.48,0,0,0,62,1,8,0,2,,0,0,0,0,0.0,0,0,0,0,93,3,0,0,1,0,0,0,0,0,0,606.0,0.0,0,10,1,2,4,2,22.22,0,5,2,40.0,8,11,9,13,25,38.46,18,152,95,234,113.4,11,0,336,10,1,0,14808.0,770000.0,F,27.0,Ukraine
Roberto Piccoli,958982,Lecce,2689,italy,2324,1406,37,12,6.67,5,0,5,6.48,0.63,2,0,0.0,43,2,50.0,92,58,150,61.48,54,38.3,87,0,0,0,39.0,2,8,9,2,14,37,0,0,31,3,168,0,0,29,0,8.62,0.0,22,20,2,5,0,,38,31.93,1,0,2,94,4,10,2,15,,0,0,1,0,100.0,0,1,0,0,207,10,0,0,2,0,0,0,0,0,0,281.2,0.0,1,43,15,27,22,13,39.39,0,11,7,63.64,10,5,33,6,92,35.38,4,171,79,244,246.8,58,0,545,14,5,0,10769.0,560000.0,F,23.0,Italy
Aarón Martín,797286,Genoa,2713,italy,2324,1398,22,17,6.67,0,1,1,0.15,1.75,15,29,27.36,84,22,40.74,209,162,342,78.26,10,47.62,11,0,0,0,48.0,2,0,4,3,13,22,0,0,4,13,57,0,0,23,0,0.0,0.0,20,20,0,0,0,,42,47.73,0,0,0,95,9,27,0,2,,0,1,0,0,0.0,0,0,0,0,211,3,0,1,0,0,0,0,0,0,0,0.0,0.0,2,1,4,1,0,6,50.0,0,21,10,47.62,26,32,12,106,52,47.71,54,349,194,437,146.7,5,0,742,17,2,1,24615.0,1280000.0,D,26.0,Spain
Mateusz Wieteska,286087,Cagliari,2719,italy,2324,979,19,10,6.67,0,1,1,0.34,0.33,18,1,25.0,36,27,45.76,114,247,360,82.0,27,58.7,19,0,0,0,47.0,2,0,1,0,48,18,0,0,3,7,42,0,0,12,0,0.0,0.0,20,19,1,0,0,,23,50.0,0,0,0,79,14,5,0,0,,0,0,0,0,0.0,0,0,0,0,98,2,0,1,0,0,0,0,0,0,0,0.0,0.0,0,4,0,3,0,3,60.0,0,14,11,78.57,5,51,5,4,50,54.35,59,172,271,439,120.0,4,0,583,6,2,1,12308.0,640000.0,D,26.0,Poland
Emanuel Vignato,862373,Salernitana,2710,italy,2324,320,9,3,6.67,0,1,1,0.03,0.06,2,1,50.0,30,5,50.0,55,34,88,75.21,0,0.0,4,0,0,0,12.0,0,0,0,0,7,9,0,0,1,1,8,0,0,3,0,0.0,0.0,6,5,1,0,0,,12,75.0,0,0,0,29,1,5,0,1,,0,0,0,0,0.0,0,0,0,0,40,1,0,0,0,0,0,0,0,0,0,0.0,0.0,0,1,0,1,0,1,100.0,0,10,7,70.0,5,5,1,2,12,60.0,10,70,49,117,60.0,1,0,158,1,1,0,14231.0,740000.0,F,23.0,Italy
Ahmed Touba,856216,Lecce,2689,italy,2324,275,6,3,6.67,0,0,0,0.03,0.02,2,0,0.0,6,5,50.0,27,88,115,83.94,5,45.45,6,0,0,0,16.0,0,0,0,1,19,6,0,0,0,1,13,0,0,6,0,0.0,9.0,7,6,1,0,0,,7,50.0,0,0,0,22,7,0,0,0,,0,0,0,0,0.0,0,0,0,0,23,1,0,0,0,0,0,0,0,0,0,0.0,0.0,0,1,0,1,0,0,0.0,0,6,4,66.67,0,5,0,0,12,48.0,10,39,98,137,40.0,1,0,180,1,1,0,5385.0,280000.0,D,25.0,Algeria
Dean Huijsen,1176744,Roma,2702,italy,2324,525,14,4,6.66,2,0,2,0.44,0.13,8,0,0.0,26,19,48.72,134,277,411,87.63,9,56.25,7,0,0,0,25.0,0,1,1,0,27,14,0,0,2,3,23,1,1,10,0,33.33,5.0,10,8,2,1,1,,13,44.83,1,0,0,58,4,1,0,0,,1,0,0,0,0.0,0,0,0,1,66,0,0,0,1,0,0,0,0,0,0,262.5,0.0,0,5,1,3,2,1,50.0,0,10,5,50.0,1,16,2,1,22,48.89,39,172,298,469,93.3,6,0,550,2,4,0,14231.0,740000.0,D,18.0,Netherlands
Davy Klaassen,97410,Inter,2697,italy,2324,217,13,1,6.66,0,0,0,0.09,0.18,1,0,0.0,20,4,80.0,48,34,82,86.32,4,80.0,1,0,0,0,9.0,0,0,1,0,3,11,0,0,0,2,5,0,0,3,0,0.0,0.0,0,0,0,0,0,,5,55.56,0,0,0,13,3,3,0,1,,0,0,0,0,0.0,0,0,0,0,18,2,0,0,0,0,0,0,0,0,0,0.0,0.0,0,0,1,0,0,1,100.0,0,4,2,50.0,3,3,1,0,9,64.29,5,56,39,95,73.3,1,0,123,0,1,0,36923.0,1920000.0,M,30.0,Netherlands
David Okereke,831290,Torino,2696,italy,2324,253,9,3,6.66,0,0,0,0.25,0.27,1,1,25.0,28,0,0.0,48,23,70,80.46,7,41.18,10,0,0,0,9.0,0,0,3,0,0,8,0,0,3,3,20,0,0,2,0,0.0,0.0,1,1,0,0,0,,7,41.18,0,0,0,17,1,2,0,2,,0,0,0,0,0.0,0,0,0,0,35,0,0,0,0,0,0,0,0,0,0,0.0,0.0,0,5,3,0,5,1,25.0,0,3,1,33.33,2,2,4,4,14,41.18,0,65,26,87,53.3,8,0,129,3,0,0,14808.0,770000.0,F,26.0,Nigeria
Alexis Blin,318657,Lecce,2689,italy,2324,1647,31,16,6.66,0,2,2,1.09,0.65,21,2,18.18,92,32,54.24,277,386,661,87.55,30,38.46,48,0,0,0,111.0,1,3,1,4,38,31,0,0,11,28,115,0,0,25,0,0.0,0.0,25,22,3,0,0,,58,46.4,0,0,0,94,22,7,0,0,,0,0,0,1,0.0,0,0,0,0,129,6,0,0,0,0,0,0,0,0,0,0.0,0.0,0,10,3,10,2,5,50.0,0,33,19,57.58,7,38,10,11,88,43.35,59,348,418,755,206.5,13,0,987,22,4,0,12308.0,640000.0,M,27.0,France
Elseid Hysaj,136322,Lazio,2699,italy,2324,1194,22,11,6.66,0,0,0,0.24,0.99,27,5,27.78,114,33,50.77,277,348,620,84.82,14,51.85,13,0,0,0,72.0,0,1,0,1,28,22,0,0,8,9,50,0,0,14,0,0.0,0.0,21,17,4,0,0,,35,48.61,0,0,0,111,17,9,0,3,,0,0,0,0,0.0,0,0,0,0,165,2,0,0,0,0,0,0,0,0,0,0.0,0.0,0,1,1,1,1,2,25.0,0,24,14,58.33,9,57,8,18,49,49.49,65,366,383,731,146.5,2,0,996,9,2,0,78269.0,4070000.0,D,30.0,Albania
Giuseppe Pezzella,814589,Empoli,2705,italy,2324,1099,19,14,6.66,0,0,0,0.17,1.21,10,14,25.93,83,16,31.37,170,166,322,77.78,13,72.22,5,0,0,0,56.0,0,0,0,0,27,19,0,0,6,8,49,0,0,17,0,0.0,0.0,17,14,3,0,0,,52,54.17,0,0,0,92,2,8,0,2,,0,0,0,1,0.0,0,0,0,0,183,3,0,0,0,0,0,0,0,0,0,0.0,0.0,0,1,2,1,2,10,41.67,0,25,14,56.0,8,29,24,54,65,57.02,51,264,204,414,126.5,3,0,744,17,4,0,15962.0,830000.0,D,26.0,Italy
Giuseppe Caso,946985,Frosinone,2801,italy,2324,409,14,2,6.66,0,0,0,0.29,0.24,2,0,0.0,58,3,75.0,82,12,94,86.24,0,0.0,2,0,0,0,13.0,0,0,3,0,0,14,0,0,10,1,33,0,0,5,0,0.0,0.0,10,9,1,0,0,,33,51.56,0,0,0,15,0,3,0,1,,0,0,0,0,0.0,0,0,0,1,63,1,0,0,0,0,0,0,0,0,0,0.0,0.0,0,4,3,0,4,15,45.45,0,4,3,75.0,3,5,33,2,33,50.0,4,97,14,109,93.2,7,0,213,14,2,0,3846.0,200000.0,F,25.0,Italy
Emil Bohinen,824584,Genoa,2713,italy,2324,601,17,7,6.66,0,0,0,0.07,0.18,12,1,25.0,62,13,56.52,138,150,287,79.06,13,54.17,11,0,0,0,53.0,0,0,1,0,7,16,0,0,6,8,37,0,1,5,0,0.0,0.0,14,13,1,0,0,,20,43.48,0,0,1,76,14,7,0,0,,0,0,0,0,0.0,0,0,0,0,106,6,0,0,0,0,0,0,0,0,0,0.0,0.0,0,0,4,3,0,5,38.46,0,9,7,77.78,7,21,13,4,33,47.14,23,186,181,363,106.5,4,0,477,6,1,0,19231.0,1000000.0,M,24.0,Norway
Tommaso Corazza,1137366,Bologna,2685,italy,2324,211,9,1,6.66,0,0,0,0.1,0.19,3,3,37.5,19,5,45.45,48,41,86,80.37,0,0.0,1,0,0,0,8.0,0,0,0,0,3,9,0,0,2,5,11,0,0,1,0,0.0,0.0,1,1,0,0,0,,13,56.52,0,0,0,21,5,1,0,0,,0,0,0,0,0.0,0,0,0,0,31,0,0,0,0,0,0,0,0,0,0,0.0,0.0,0,1,0,1,0,0,0.0,0,10,4,40.0,1,11,2,8,13,54.17,11,70,45,107,59.9,1,0,179,3,1,0,3269.0,170000.0,D,19.0,Italy
Riccardo Marchizza,792311,Frosinone,2801,italy,2324,1149,13,13,6.65,0,4,4,0.4,0.85,12,7,31.82,72,19,29.69,162,174,329,76.16,9,42.86,12,0,0,0,43.0,1,0,2,1,29,13,0,0,1,10,34,0,0,6,0,0.0,0.0,21,17,4,0,0,,13,37.14,0,0,0,103,7,11,0,0,,0,0,0,0,0.0,0,0,0,0,152,0,0,0,0,0,0,0,0,0,0,0.0,0.0,0,3,5,3,3,3,37.5,0,7,6,85.71,11,47,8,22,22,39.29,64,247,207,432,86.5,8,0,656,3,1,0,25000.0,1300000.0,D,25.0,Italy
Gaetano Oristanio,965009,Cagliari,2719,italy,2324,1112,25,11,6.65,2,1,3,1.99,1.02,13,9,28.13,68,15,60.0,121,43,155,74.52,17,42.5,23,0,0,0,67.0,0,3,5,0,7,25,0,0,44,12,137,0,0,37,0,8.7,0.0,19,18,1,2,0,,80,41.24,0,0,1,53,9,15,2,2,,0,0,0,0,0.0,0,0,0,0,188,11,0,0,0,0,0,0,0,0,0,556.0,0.0,1,13,10,13,5,32,58.18,0,20,10,50.0,15,25,55,32,97,41.45,25,187,53,208,166.3,23,0,528,28,1,0,5385.0,280000.0,F,21.0,Italy
Mattia Viti,1009268,Sassuolo,2793,italy,2324,985,15,12,6.65,1,0,1,0.96,0.07,16,0,0.0,41,18,38.3,130,241,371,84.7,13,56.52,10,0,0,0,45.0,0,1,1,0,37,14,0,0,13,12,47,0,0,9,0,25.0,20.0,22,15,7,1,0,,40,51.95,0,0,0,67,10,1,1,0,,1,0,0,1,0.0,0,0,0,0,102,3,0,0,0,0,0,0,0,0,0,985.0,0.0,0,4,0,2,1,2,40.0,0,24,15,62.5,1,35,5,1,53,53.0,47,177,262,438,93.1,4,0,639,14,0,0,11346.0,590000.0,D,22.0,Italy
Fabien Centonze,802034,Hellas Verona,2701,italy,2324,674,10,7,6.65,0,1,1,0.02,0.76,3,7,25.0,36,6,17.14,78,69,140,66.67,9,64.29,5,0,0,0,23.0,3,0,0,1,17,10,0,0,1,5,35,0,0,13,0,0.0,0.0,11,11,0,0,0,,32,51.61,0,0,0,70,10,6,0,1,,0,0,0,0,0.0,0,0,0,0,128,1,0,0,0,0,0,0,0,0,0,0.0,0.0,0,0,1,1,0,11,47.83,0,14,8,57.14,6,15,23,28,41,53.95,35,146,92,210,66.5,1,0,433,7,2,0,18462.0,960000.0,D,28.0,France
Antonio Mirante,27955,Milan,2692,italy,2324,178,2,2,6.65,0,0,0,,0.0,1,0,0.0,0,6,31.58,2,34,36,73.47,2,100.0,0,0,0,0,11.0,0,0,0,0,2,2,0,0,0,0,0,0,0,0,0,0.0,8.0,3,1,2,0,0,0.3,0,0.0,0,1,0,13,0,0,0,0,,0,0,0,0,0.0,0,0,0,0,13,0,1,0,0,0,2,3,5,0,1,0.0,0.0,0,0,0,0,0,0,0.0,0,0,0,0.0,0,6,0,0,2,100.0,19,6,43,49,13.3,0,0,64,0,0,0,25000.0,1300000.0,K,40.0,Italy
Lorenzo Amatucci,1100207,Fiorentina,2693,italy,2324,26,2,0,6.65,0,0,0,0.01,0.1,1,0,0.0,10,2,100.0,15,7,22,88.0,1,50.0,1,0,0,0,3.0,0,0,1,0,0,2,0,0,0,0,2,0,0,1,0,0.0,0.0,0,0,0,0,0,,0,0.0,0,0,0,3,0,0,0,0,,0,0,0,0,0.0,0,0,0,0,3,0,0,0,0,0,0,0,0,0,0,0.0,0.0,0,0,1,0,0,0,0.0,0,0,0,0.0,0,1,0,0,1,33.33,2,17,8,25,13.3,1,0,26,0,0,0,3269.0,170000.0,M,19.0,Italy
Rafael Tolói,82943,Atalanta,2686,italy,2324,979,18,10,6.65,0,0,0,0.05,0.25,12,1,12.5,87,24,35.82,200,227,426,83.37,18,56.25,14,0,0,0,58.0,0,0,0,4,28,17,0,0,4,13,51,0,0,17,0,0.0,0.0,12,11,1,0,0,,27,42.19,0,0,0,85,13,2,0,0,,0,0,0,0,0.0,0,0,0,0,109,2,0,1,0,0,0,0,0,0,0,0.0,0.0,0,1,2,3,0,4,50.0,0,20,9,45.0,2,30,8,8,45,46.88,67,263,256,511,113.0,3,0,645,4,4,1,35577.0,1850000.0,D,33.0,Italy
Norbert Gyömbér,224456,Salernitana,2710,italy,2324,1762,22,20,6.65,0,0,0,0.17,0.11,19,0,0.0,51,35,41.18,194,428,622,84.17,33,53.23,29,0,0,0,111.0,0,0,2,0,74,22,0,0,2,6,70,1,1,33,0,0.0,0.0,41,38,3,0,0,,56,57.73,0,0,0,117,23,5,0,0,,1,0,0,1,0.0,0,0,0,0,141,0,0,0,0,0,0,0,0,0,0,0.0,0.0,0,3,1,2,0,5,62.5,0,36,18,50.0,5,49,8,0,89,55.97,85,263,476,739,146.2,4,0,995,17,9,0,25000.0,1300000.0,D,31.0,Slovakia
Bruno Amione,990050,Hellas Verona,2701,italy,2324,586,10,7,6.64,0,0,0,0.29,0.03,6,0,0.0,12,12,40.0,58,158,216,80.0,20,66.67,10,0,0,0,39.0,0,0,0,0,18,9,0,0,1,1,23,0,2,10,0,0.0,0.0,12,11,1,0,0,,17,56.67,0,0,0,54,9,1,0,0,,0,0,0,0,0.0,0,0,0,0,67,1,0,0,0,0,0,0,0,0,0,0.0,0.0,0,5,0,2,3,1,50.0,0,11,3,27.27,1,22,2,1,37,61.67,30,93,178,270,59.8,5,0,354,6,2,0,2308.0,120000.0,D,21.0,Argentina
Kingstone Mutandwa,1471569,Cagliari,2719,italy,2324,52,5,0,6.64,1,0,1,0.07,0.0,0,0,0.0,0,0,0.0,1,2,3,33.33,3,50.0,3,0,0,0,2.0,0,0,0,0,2,5,0,0,0,3,8,0,0,0,0,50.0,0.0,4,4,0,0,1,,2,28.57,0,0,0,6,0,0,0,0,,0,0,0,0,0.0,0,0,0,0,11,0,0,0,1,0,0,0,0,0,0,52.0,0.0,0,1,1,1,1,1,33.33,0,1,0,0.0,0,0,3,0,5,38.46,0,6,3,9,33.2,2,0,23,0,0,0,,,,,
Lassana Coulibaly,804621,Salernitana,2710,italy,2324,2092,28,25,6.64,0,1,1,0.6,0.93,10,3,37.5,178,27,57.45,423,313,733,85.43,31,49.21,32,0,0,0,129.0,2,1,4,1,25,28,0,0,33,27,142,0,0,33,0,0.0,0.0,51,46,5,0,0,,96,46.6,0,0,0,125,16,11,0,1,,0,0,0,0,0.0,0,0,0,0,228,13,0,0,0,0,0,0,0,0,0,0.0,0.0,0,5,8,6,3,15,45.45,0,47,32,68.09,11,29,33,8,127,47.21,47,512,354,858,185.9,13,0,1184,36,5,0,9808.0,510000.0,M,27.0,Mali
Mitchel Bakker,856638,Atalanta,2686,italy,2324,382,14,3,6.64,1,0,1,0.2,0.11,4,3,23.08,30,1,10.0,69,65,131,81.37,4,80.0,1,0,0,0,30.0,0,0,2,0,3,13,0,0,3,10,22,0,0,4,0,20.0,0.0,7,6,1,0,1,,18,46.15,0,0,0,30,3,3,1,1,,0,0,0,0,0.0,0,0,0,0,63,2,0,0,0,0,0,0,0,0,0,382.0,0.0,0,4,1,2,1,7,63.64,0,7,3,42.86,3,6,11,13,22,50.0,10,99,75,161,86.3,5,0,270,4,1,0,54231.0,2820000.0,M,23.0,Netherlands
Pedro Obiang,46799,Sassuolo,2793,italy,2324,453,8,5,6.64,0,0,0,0.04,0.43,6,0,0.0,34,5,33.33,77,75,152,81.28,5,55.56,4,0,0,0,20.0,1,0,1,0,7,8,0,0,1,8,23,0,0,9,0,0.0,0.0,13,10,3,0,0,,13,40.63,0,0,0,35,8,5,0,0,,0,0,0,0,0.0,0,0,0,0,39,0,0,0,0,0,0,0,0,0,0,0.0,0.0,0,0,2,1,0,2,66.67,0,8,4,50.0,5,18,3,1,18,43.9,15,102,86,187,53.1,2,0,238,3,1,0,20962.0,1090000.0,M,31.0,Equatorial Guinea
Shon Weissman,790817,Salernitana,2710,italy,2324,493,11,5,6.64,1,0,1,1.02,0.1,3,0,0.0,15,4,80.0,29,19,48,72.73,6,28.57,15,0,0,0,13.0,0,0,1,0,4,11,0,0,5,4,28,0,0,3,0,16.67,0.0,14,12,2,1,0,,14,51.85,1,0,0,18,3,2,0,0,,0,0,0,0,0.0,0,0,0,0,34,1,0,0,0,0,0,0,0,0,0,493.0,0.0,0,6,0,4,1,0,0.0,0,4,3,75.0,2,6,1,0,20,41.67,5,41,25,66,73.0,6,0,129,10,0,0,5385.0,280000.0,F,27.0,Israel
Agustín Martegani,984926,Salernitana,2710,italy,2324,742,18,6,6.63,1,0,1,0.58,0.39,7,0,0.0,80,6,50.0,146,101,247,85.47,6,54.55,5,0,0,0,51.0,0,0,7,0,7,18,0,0,9,12,41,1,0,10,0,6.67,0.0,21,20,1,1,0,,39,52.0,0,0,0,42,4,6,1,0,,0,0,0,0,0.0,0,0,0,0,74,6,0,0,0,0,0,0,0,0,0,742.0,0.0,0,3,12,4,4,12,70.59,0,13,7,53.85,6,16,17,1,45,52.33,12,184,106,289,119.4,15,0,405,14,1,0,6731.0,350000.0,F,23.0,Argentina
Medon Berisha,1142149,Lecce,2689,italy,2324,204,6,2,6.63,0,0,0,0.17,0.18,4,2,66.67,15,7,63.64,36,48,82,86.32,1,100.0,0,0,0,0,10.0,0,0,2,0,0,6,0,0,2,2,13,0,0,7,0,0.0,0.0,3,3,0,0,0,,9,40.91,0,0,0,13,1,5,0,0,,0,0,0,0,0.0,0,0,0,0,20,2,0,0,0,0,0,0,0,0,0,0.0,0.0,0,2,0,0,0,1,33.33,0,3,1,33.33,5,9,3,3,10,43.48,11,45,53,95,39.8,2,0,121,5,0,0,4231.0,220000.0,M,20.0,Albania
Emil Konradsen Ceide,933263,Sassuolo,2793,italy,2324,181,11,0,6.63,0,0,0,0.1,0.21,0,1,20.0,19,0,0.0,30,10,39,72.22,0,0.0,3,0,0,0,7.0,0,0,2,0,0,9,0,0,5,0,16,0,0,2,0,0.0,0.0,8,8,0,0,0,,16,55.17,0,0,0,15,0,4,0,0,,0,0,0,0,0.0,0,0,0,0,35,0,0,0,0,0,0,0,0,0,0,0.0,0.0,0,1,1,0,0,13,65.0,0,2,2,100.0,4,1,20,5,16,50.0,0,47,12,54,59.7,2,0,103,1,0,0,2308.0,120000.0,F,22.0,Norway
Alessandro Sorrentino,991416,Monza,2729,italy,2324,546,7,5,6.63,0,0,0,0.0,0.0,5,0,0.0,1,25,36.76,16,103,119,72.56,1,100.0,0,0,0,0,41.0,0,0,0,0,1,7,0,0,0,0,0,0,0,0,0,0.0,42.0,16,15,1,0,0,-1.4,1,100.0,0,3,0,45,0,0,0,0,,0,0,0,0,0.0,4,0,0,0,45,0,1,0,0,0,10,6,16,0,4,0.0,0.0,0,0,0,0,0,1,100.0,0,0,0,0.0,0,8,1,0,2,100.0,68,50,114,164,46.4,0,0,215,1,0,0,3269.0,170000.0,K,21.0,Italy
Stiven Shpendi,1142825,Empoli,2705,italy,2324,411,12,4,6.63,0,1,1,0.43,0.22,1,0,0.0,21,0,0.0,29,27,56,75.68,3,13.64,19,0,0,0,13.0,1,0,2,0,0,11,0,0,9,4,47,0,0,12,0,0.0,0.0,8,6,2,0,0,,15,34.88,0,0,0,18,1,5,0,4,,0,0,0,0,0.0,0,0,0,0,53,4,0,0,0,0,0,0,0,0,0,0.0,0.0,0,6,1,2,3,2,28.57,0,0,0,0.0,5,1,7,0,18,27.69,1,42,32,74,72.9,7,0,146,13,0,0,3654.0,190000.0,F,20.0,Albania
Ridgeciano Haps,250501,Genoa,2713,italy,2324,770,16,7,6.63,0,1,1,0.11,0.36,9,4,25.0,44,8,34.78,83,60,139,75.96,10,62.5,6,0,0,0,33.0,2,0,2,0,8,15,0,0,8,3,26,1,0,3,0,0.0,0.0,9,7,2,0,0,,26,56.52,0,0,0,44,6,3,0,1,,0,0,0,0,0.0,0,0,0,0,87,2,0,0,0,0,0,0,0,0,0,0.0,0.0,0,3,1,2,0,3,33.33,0,7,6,85.71,3,16,9,16,36,58.06,23,125,74,183,99.4,4,0,313,16,0,0,14808.0,770000.0,D,30.0,Suriname
Saba Sazonov,1101751,Torino,2696,italy,2324,370,12,2,6.63,0,0,0,0.16,0.02,1,0,0.0,5,10,55.56,34,129,163,88.11,10,47.62,11,0,0,0,22.0,0,1,0,0,20,12,0,0,0,0,20,0,0,10,0,0.0,0.0,8,7,1,0,0,,10,52.63,0,0,0,22,3,1,0,0,,0,0,0,1,0.0,0,0,0,0,27,0,0,0,0,0,0,0,0,0,0,0.0,0.0,0,1,0,1,0,0,0.0,0,9,7,77.78,1,2,0,0,20,50.0,18,46,139,185,79.5,1,0,243,1,2,0,12308.0,640000.0,D,22.0,Georgia
Trivante Stewart,1431516,Salernitana,2710,italy,2324,96,4,0,6.63,0,0,0,0.07,0.02,1,0,0.0,5,1,100.0,7,11,18,72.0,2,25.0,6,0,0,0,3.0,0,0,1,0,0,4,0,0,0,0,8,0,0,1,0,0.0,0.0,6,6,0,0,0,,2,50.0,0,0,0,7,0,1,0,0,,0,0,0,0,0.0,0,0,0,0,13,2,0,0,0,0,0,0,0,0,0,0.0,0.0,0,1,1,0,1,2,66.67,0,0,0,0.0,1,3,3,2,4,33.33,1,15,12,25,26.5,2,0,41,0,0,0,2308.0,120000.0,F,23.0,Jamaica
David Zima,963084,Torino,2696,italy,2324,93,5,0,6.63,0,0,0,0.0,0.0,0,0,0.0,0,0,0.0,6,30,36,83.72,2,28.57,5,0,0,0,6.0,0,0,0,0,7,4,0,0,1,0,6,0,0,0,0,0.0,0.0,0,0,0,0,0,,2,66.67,0,0,0,7,3,0,0,0,,0,0,0,0,0.0,0,0,0,0,9,0,0,0,0,0,0,0,0,0,0,0.0,0.0,0,0,0,0,0,0,0.0,0,1,1,100.0,0,1,0,0,4,40.0,3,9,34,43,26.5,0,0,61,1,0,0,12308.0,640000.0,D,22.0,Czech Republic
Demba Seck,1012248,Frosinone,2801,italy,2324,740,20,8,6.62,0,0,0,1.47,0.53,2,0,0.0,75,2,66.67,126,29,155,79.08,6,26.09,17,0,0,0,31.0,0,1,7,0,1,18,0,0,13,2,65,0,0,18,0,0.0,0.0,13,13,0,0,0,,38,44.19,0,0,0,41,2,5,0,2,,0,0,0,0,0.0,0,0,0,0,97,3,0,0,0,0,0,0,0,0,0,0.0,0.0,0,10,6,5,4,11,42.31,0,12,7,58.33,5,5,26,4,44,40.37,3,165,35,196,119.2,16,0,334,15,1,0,14231.0,740000.0,F,22.0,Senegal
Brandon Soppy,963211,Torino,2696,italy,2324,184,5,2,6.62,0,0,0,0.01,0.06,0,1,33.33,13,2,40.0,25,24,48,70.59,0,0.0,1,0,0,0,14.0,0,0,1,0,2,5,0,0,1,4,11,0,1,4,0,0.0,0.0,0,0,0,0,0,,11,52.38,0,0,0,20,0,1,0,0,,0,0,0,0,0.0,0,0,0,0,29,1,0,0,0,0,0,0,0,0,0,0.0,0.0,0,0,1,0,0,3,75.0,0,2,2,100.0,1,2,4,3,11,50.0,5,43,28,68,33.1,1,0,118,6,0,0,14808.0,770000.0,D,21.0,France
Jordan Zemura,964119,Udinese,2695,italy,2324,1053,27,10,6.62,1,0,1,0.81,0.34,16,3,14.29,67,10,28.57,128,77,202,72.14,9,45.0,11,0,0,0,41.0,0,1,2,0,18,26,0,0,14,8,54,0,0,15,0,20.0,0.0,17,15,2,1,0,,52,54.74,0,0,0,78,13,8,0,0,,0,0,0,0,0.0,0,0,0,0,156,2,0,0,1,0,0,0,0,0,0,1053.0,0.0,0,5,0,0,3,13,61.9,0,24,16,66.67,8,30,21,21,61,53.04,35,201,100,280,172.1,5,0,519,15,1,0,9808.0,510000.0,D,24.0,Zimbabwe
Josh Doig,989276,Sassuolo,2793,italy,2324,2183,28,26,6.62,0,2,2,0.4,1.15,21,16,20.78,114,25,28.74,232,228,444,73.27,20,48.78,21,0,0,0,85.0,1,1,3,2,49,28,0,0,15,16,99,0,1,22,0,0.0,0.0,44,39,5,0,0,,70,47.3,0,0,0,162,20,19,0,1,,0,0,0,2,0.0,0,0,0,0,355,2,0,0,0,0,0,0,0,0,0,0.0,0.0,0,6,7,7,3,14,34.15,0,41,26,63.41,19,50,41,77,90,47.62,87,396,287,606,185.3,13,0,1251,15,7,0,29615.0,1540000.0,D,21.0,Scotland
Marcus Pedersen,934409,Sassuolo,2793,italy,2324,1620,28,16,6.62,0,2,2,0.1,0.71,18,10,17.54,112,27,42.19,220,204,414,80.08,9,33.33,18,0,0,0,56.0,4,0,1,2,46,25,0,0,11,4,53,0,0,13,0,0.0,0.0,40,35,5,0,0,,56,61.54,0,0,0,103,10,10,0,0,,0,0,0,0,0.0,0,0,0,0,223,4,0,0,0,0,0,0,0,0,0,0.0,0.0,0,2,1,2,0,11,61.11,0,36,24,66.67,10,44,18,57,65,55.08,64,331,243,517,165.4,3,1,951,9,4,0,5962.0,310000.0,D,23.0,Norway
Oier Zarraga,1009661,Udinese,2695,italy,2324,426,15,4,6.61,2,0,2,0.57,0.07,4,1,20.0,23,6,54.55,44,48,91,83.49,3,50.0,3,0,0,0,12.0,0,0,0,0,14,13,0,0,3,4,14,1,0,3,0,33.33,0.0,10,7,3,1,1,,7,38.89,0,0,0,18,5,2,0,0,,0,0,0,0,0.0,0,0,0,0,33,1,0,0,2,0,0,0,0,0,0,213.0,0.0,0,3,3,4,2,1,50.0,0,3,3,100.0,2,8,2,5,10,41.67,11,61,53,109,85.9,6,0,173,3,0,0,8654.0,450000.0,M,25.0,Spain
Thomas Henry,795541,Hellas Verona,2701,italy,2324,355,18,2,6.61,3,0,3,3.27,0.08,0,1,33.33,13,0,0.0,26,7,32,50.79,19,48.72,20,0,1,0,8.0,0,3,1,0,5,18,0,2,2,0,40,0,0,15,0,21.43,0.0,2,2,0,3,0,,6,23.08,1,0,1,31,0,2,0,3,,0,0,1,0,0.0,0,0,0,0,53,1,0,2,2,0,0,0,0,0,0,118.33,0.0,0,11,3,6,7,1,20.0,0,0,0,0.0,2,1,5,3,25,38.46,1,50,16,63,118.9,14,0,124,5,2,0,19808.0,1030000.0,F,29.0,France
Matteo Lovato,982601,Torino,2696,italy,2324,1500,26,17,6.6,0,0,0,0.06,0.26,13,1,100.0,49,23,43.4,175,391,565,84.96,26,47.27,29,0,0,0,65.0,0,0,1,1,51,26,0,0,4,9,61,1,0,21,0,0.0,1.0,28,25,3,0,0,,42,56.76,0,0,0,100,31,3,0,0,,0,0,0,3,0.0,0,0,0,0,117,1,0,0,0,0,0,0,0,0,0,0.0,0.0,0,2,0,1,0,0,0.0,0,37,21,56.76,3,33,1,1,68,52.71,53,230,436,665,171.7,2,0,865,5,4,0,17885.0,930000.0,D,23.0,Italy
Emmanuel Gyasi,541578,Empoli,2705,italy,2324,1892,33,21,6.6,1,2,3,3.54,1.04,8,5,21.74,95,5,20.0,204,176,375,77.96,17,30.91,38,0,0,0,90.0,2,5,5,4,24,33,0,0,21,17,126,0,1,40,0,6.25,0.0,25,22,3,1,0,,58,39.73,0,0,1,106,5,10,0,6,,0,0,0,0,0.0,0,0,0,0,199,8,0,0,1,0,0,0,0,0,0,1892.0,0.0,0,16,0,5,6,3,16.67,0,34,17,50.0,10,15,18,23,75,37.31,25,292,212,481,217.8,16,0,789,21,9,0,21346.0,1110000.0,F,30.0,Ghana
Pietro Pellegri,839226,Torino,2696,italy,2324,783,24,7,6.6,1,1,2,1.03,0.13,2,0,0.0,37,2,66.67,62,23,85,64.89,25,39.06,39,0,0,0,22.0,0,2,3,0,3,23,0,0,15,4,80,0,0,16,0,7.69,0.0,12,11,1,1,0,,30,42.25,0,0,0,46,2,4,0,6,,0,0,0,0,0.0,0,0,0,0,100,1,0,0,1,0,0,0,0,0,0,783.0,0.0,0,13,0,6,4,5,41.67,0,5,1,20.0,4,2,12,5,55,40.74,3,103,33,131,151.8,13,0,269,22,3,0,24615.0,1280000.0,F,22.0,Italy
Alessandro Deiola,328109,Cagliari,2719,italy,2324,1626,27,19,6.6,1,0,1,2.51,0.49,19,2,13.33,97,37,43.53,192,167,357,71.4,38,55.07,31,0,0,0,87.0,0,6,7,3,34,25,0,0,15,29,101,0,0,25,0,4.0,0.0,29,27,2,1,0,,52,42.62,1,0,0,143,9,10,0,0,,1,0,0,0,0.0,0,0,0,0,188,8,0,0,0,0,0,0,0,0,0,1626.0,0.0,2,13,12,12,6,5,62.5,0,33,19,57.58,10,46,8,15,90,47.12,85,311,204,500,165.0,25,0,736,17,7,0,14231.0,740000.0,M,28.0,Italy
Nikita Contini,352728,Napoli,2714,italy,2324,16,1,0,6.6,0,0,0,,0.0,0,0,0.0,0,0,0.0,0,3,3,100.0,0,0.0,0,0,0,0,2.0,0,0,0,0,1,1,0,0,0,0,0,0,0,0,0,0.0,1.0,0,0,0,0,0,,0,0.0,0,0,0,0,0,0,0,0,,0,0,0,0,0.0,0,0,0,0,0,0,0,0,0,1,0,0,0,0,0,0.0,0.0,0,0,0,0,0,0,0.0,1,0,0,0.0,0,0,0,0,0,0.0,0,0,3,3,6.6,0,0,5,0,0,0,10769.0,560000.0,K,27.0,Italy
Simone Aresti,17756,Cagliari,2719,italy,2324,8,1,0,6.6,0,0,0,,,0,0,0.0,0,0,0.0,0,0,0,0.0,0,0.0,0,0,0,0,1.0,0,0,0,0,0,1,0,1,0,0,0,0,0,0,0,0.0,0.0,1,1,0,0,0,-0.01,0,0.0,0,0,0,1,0,0,0,0,,0,0,0,0,0.0,1,0,0,0,1,0,0,1,0,0,0,0,0,0,0,0.0,0.0,0,0,0,0,0,0,0.0,0,0,0,0.0,0,0,0,0,0,0.0,1,1,0,1,6.6,0,0,1,0,0,0,5385.0,280000.0,K,37.0,Italy
Andres Șfaiț,1492729,Salernitana,2710,italy,2324,21,2,0,6.6,0,0,0,,0.03,0,0,0.0,2,0,0.0,2,1,3,75.0,0,0.0,0,0,0,0,1.0,0,0,0,0,0,2,0,0,0,1,2,0,0,0,0,0.0,0.0,0,0,0,0,0,,1,33.33,0,0,0,1,0,1,0,0,,0,0,0,0,0.0,0,0,0,0,3,0,0,0,0,0,0,0,0,0,0,0.0,0.0,0,0,0,0,0,0,0.0,0,1,1,100.0,1,0,1,1,1,33.33,0,4,1,4,13.2,0,0,9,0,0,0,3654.0,190000.0,F,19.0,Romania
Stefan Mitrović,1019892,Hellas Verona,2701,italy,2324,388,10,4,6.6,0,0,0,0.45,0.16,4,2,13.33,25,3,60.0,47,30,75,85.23,4,18.18,18,0,0,0,16.0,0,0,4,0,4,10,0,0,4,3,40,0,0,10,0,0.0,0.0,4,4,0,0,0,,18,45.0,0,0,0,13,0,3,0,1,,0,0,0,0,0.0,0,0,0,0,51,2,0,0,0,0,0,0,0,0,0,0.0,0.0,0,6,1,2,1,6,50.0,0,6,3,50.0,3,5,12,15,22,35.48,5,69,34,88,66.0,7,0,176,6,0,0,10769.0,560000.0,F,21.0,Serbia
Elayis Tavsan,929631,Hellas Verona,2701,italy,2324,53,3,0,6.6,0,0,0,0.1,0.02,0,1,100.0,3,0,0.0,5,2,6,85.71,0,0.0,0,0,0,0,2.0,0,0,2,0,1,3,0,0,0,1,2,0,0,1,0,0.0,0.0,1,0,1,0,0,,1,33.33,0,0,0,1,0,0,0,0,,0,0,0,0,0.0,0,0,0,0,1,1,0,0,0,0,0,0,0,0,0,0.0,0.0,0,1,2,0,1,1,100.0,0,0,0,0.0,0,0,1,1,1,33.33,1,6,2,7,19.8,3,0,15,0,0,0,8846.0,460000.0,F,22.0,Netherlands
Riccardo Pagano,1105138,Roma,2702,italy,2324,48,4,0,6.6,0,0,0,0.06,0.04,2,1,100.0,8,0,0.0,12,8,19,86.36,0,0.0,1,0,0,0,3.0,0,0,1,0,1,3,0,0,1,6,11,0,0,3,0,0.0,0.0,1,1,0,0,0,,3,23.08,0,0,0,3,0,2,0,0,,0,1,0,0,0.0,0,0,0,0,6,0,0,0,0,0,0,0,0,0,0,0.0,0.0,0,0,1,0,0,1,100.0,0,2,2,100.0,1,2,1,1,3,21.43,1,15,8,22,19.8,1,0,36,0,0,0,3269.0,170000.0,M,19.0,Italy
Marcin Listkowski,796673,Lecce,2689,italy,2324,13,1,0,6.6,0,0,0,0.04,0.0,0,0,0.0,1,0,0.0,1,2,3,100.0,0,0.0,0,0,0,0,0.0,0,0,0,0,0,1,0,0,0,0,0,0,0,0,0,0.0,0.0,0,0,0,0,0,,0,0.0,0,0,0,0,0,0,0,0,,0,0,0,0,0.0,0,0,0,0,1,0,0,0,0,0,0,0,0,0,0,0.0,0.0,0,0,1,1,0,0,0.0,0,0,0,0.0,0,0,0,0,0,0.0,0,1,2,3,6.6,1,0,5,0,0,0,4231.0,220000.0,F,25.0,Poland
Leander Dendoncker,190405,Napoli,2714,italy,2324,33,3,0,6.6,0,0,0,0.03,0.01,0,0,0.0,4,0,0.0,15,8,23,85.19,2,100.0,0,0,0,0,4.0,0,0,1,0,0,3,0,0,1,0,1,0,0,0,0,0.0,0.0,0,0,0,0,0,,1,50.0,0,0,0,4,0,0,0,0,,0,0,0,0,0.0,0,0,0,0,7,0,0,0,0,0,0,0,0,0,0,0.0,0.0,0,0,1,0,0,0,0.0,0,0,0,0.0,0,1,0,0,3,75.0,2,17,10,27,19.8,1,0,33,1,0,0,106923.0,5560000.0,M,28.0,Belgium
Pablo Galdames,386230,Genoa,2713,italy,2324,24,2,0,6.6,0,0,0,0.03,0.02,2,0,0.0,7,0,0.0,14,7,21,91.3,1,50.0,1,0,0,0,2.0,0,0,0,0,0,2,0,0,0,0,2,0,0,1,0,0.0,0.0,2,2,0,0,0,,0,0.0,0,0,0,2,0,0,0,0,,0,0,0,0,0.0,0,0,0,0,3,0,0,0,0,0,0,0,0,0,0,0.0,0.0,0,1,0,0,1,0,0.0,0,0,0,0.0,0,2,0,0,1,33.33,1,16,7,23,13.2,1,0,26,0,0,0,8654.0,450000.0,M,27.0,Chile
Reda Belahyane,1389689,Hellas Verona,2701,italy,2324,90,2,1,6.6,0,0,0,0.03,0.02,1,0,0.0,7,0,0.0,12,11,23,92.0,0,0.0,0,0,0,0,5.0,0,0,0,0,0,2,0,0,1,0,2,0,0,1,0,0.0,0.0,2,2,0,0,0,,2,50.0,0,0,0,2,1,0,0,0,,0,0,0,0,0.0,0,0,0,0,4,1,0,0,0,0,0,0,0,0,0,0.0,0.0,0,0,1,0,1,0,0.0,0,1,1,100.0,0,2,0,0,2,50.0,0,14,11,25,13.2,1,0,36,1,0,0,5385.0,280000.0,M,19.0,France
Ola Solbakken,920744,Roma,2702,italy,2324,22,1,0,6.6,0,0,0,0.0,0.0,0,0,0.0,3,1,50.0,4,2,6,85.71,0,0.0,2,0,0,0,1.0,0,0,0,0,0,1,0,0,0,0,2,0,0,0,0,0.0,0.0,0,0,0,0,0,,1,100.0,0,0,0,1,0,0,0,0,,0,0,0,0,0.0,0,0,0,0,2,0,0,0,0,0,0,0,0,0,0,0.0,0.0,0,0,0,0,0,1,100.0,0,0,0,0.0,0,0,1,1,1,33.33,2,5,3,7,6.6,0,0,9,0,0,0,,,,,
Simone Verdi,98058,Torino,2696,italy,2324,10,1,0,6.6,0,0,0,0.0,0.01,0,0,0.0,1,0,0.0,1,0,1,100.0,0,0.0,0,0,0,0,,0,0,0,0,0,1,0,0,0,0,0,0,0,0,0,0.0,,0,0,0,0,0,,0,0.0,0,0,0,0,0,1,0,0,,0,0,0,0,0.0,0,0,0,0,0,0,0,0,0,0,0,0,0,0,0,0.0,0.0,0,0,0,0,0,0,0.0,0,0,0,0.0,1,0,0,0,0,0.0,0,1,0,1,6.6,0,0,2,0,0,0,,,,,
Giacomo Corona,1136034,Empoli,2705,italy,2324,9,1,0,6.6,0,0,0,0.0,0.0,0,0,0.0,1,0,0.0,1,1,2,100.0,0,0.0,0,0,0,0,0.0,0,0,0,0,0,1,0,0,0,0,1,0,0,1,0,0.0,0.0,0,0,0,0,0,,1,50.0,0,0,0,0,0,0,0,0,,0,0,0,0,0.0,0,0,0,0,0,0,0,0,0,0,0,0,0,0,0,0.0,0.0,0,0,0,0,0,0,0.0,0,0,0,0.0,0,0,0,0,1,50.0,0,1,1,2,6.6,0,0,3,1,0,0,,,,,
Karlo Lulić,283851,Frosinone,2801,italy,2324,18,1,0,6.6,0,0,0,0.0,0.0,0,0,0.0,1,0,0.0,3,5,8,66.67,0,0.0,1,0,0,0,2.0,0,0,0,0,0,1,0,0,0,0,1,0,0,0,0,0.0,0.0,0,0,0,0,0,,0,0.0,0,0,0,4,1,0,0,0,,0,0,0,0,0.0,0,0,0,0,4,0,0,0,0,0,0,0,0,0,0,0.0,0.0,0,0,0,0,0,0,0.0,0,0,0,0.0,0,1,0,0,0,0.0,1,7,5,12,6.6,0,0,14,0,0,0,5962.0,310000.0,M,27.0,Croatia
Oliver Christensen,860306,Fiorentina,2693,italy,2324,360,4,4,6.6,0,0,0,0.0,0.01,13,0,0.0,3,34,45.33,14,117,131,74.86,0,0.0,0,0,0,0,37.0,0,0,0,0,3,4,0,0,0,0,2,0,0,2,0,0.0,20.0,9,8,1,0,0,-4.27,1,33.33,0,0,0,44,0,0,0,0,,0,0,0,2,0.0,2,0,0,0,45,0,2,0,0,3,4,6,10,0,1,0.0,0.0,0,0,0,0,0,0,0.0,3,0,0,0.0,0,29,0,0,1,33.33,75,48,127,175,26.4,0,0,206,1,0,0,12308.0,640000.0,K,24.0,Denmark
Alessandro Zanoli,922928,Salernitana,2710,italy,2324,987,21,10,6.6,0,2,2,0.17,0.91,8,4,12.5,82,12,37.5,182,111,289,79.4,8,34.78,15,0,0,0,28.0,2,0,1,1,13,21,0,0,4,5,50,0,0,8,0,0.0,0.0,20,18,2,0,0,,26,42.62,0,0,0,75,2,12,0,1,,1,0,0,0,0.0,0,0,0,0,157,1,0,0,0,0,0,0,0,0,0,0.0,0.0,0,3,0,1,1,6,24.0,0,17,14,82.35,12,21,25,32,34,40.48,32,262,134,364,138.5,3,0,593,4,4,0,14231.0,740000.0,D,23.0,Italy
Marvin Çuni,946006,Frosinone,2801,italy,2324,579,22,6,6.59,1,0,1,1.31,0.2,3,0,0.0,33,3,75.0,52,30,82,75.23,17,33.33,34,0,0,0,18.0,0,3,1,0,0,21,0,0,15,1,70,0,0,13,0,10.0,0.0,7,6,1,1,0,,22,37.93,0,0,0,27,1,6,0,3,,0,0,0,0,0.0,0,0,0,2,83,5,0,0,1,0,0,0,0,0,0,579.0,0.0,1,9,1,7,2,3,27.27,0,8,3,37.5,6,5,11,4,39,35.78,4,80,33,109,138.4,10,0,226,12,0,0,5000.0,260000.0,F,22.0,Albania
Jordi Mboula,826003,Hellas Verona,2701,italy,2324,329,11,5,6.59,0,1,1,0.2,0.15,1,1,12.5,16,2,66.67,31,15,45,73.77,4,20.0,16,0,0,0,6.0,1,1,0,0,0,10,0,0,7,3,30,0,0,5,0,0.0,0.0,5,4,1,0,0,,10,41.67,0,0,0,16,1,3,0,2,,0,0,0,0,0.0,0,0,0,0,40,0,0,0,0,0,0,0,0,0,0,0.0,0.0,0,3,1,3,1,2,50.0,0,4,4,100.0,3,1,4,8,14,31.82,3,48,21,61,65.9,4,0,110,4,0,0,8654.0,450000.0,F,24.0,Spain
Farès Ghedjemis,1445228,Frosinone,2801,italy,2324,187,6,1,6.58,0,0,0,0.11,0.09,0,1,16.67,19,0,0.0,29,19,47,87.04,1,33.33,2,0,0,0,10.0,0,0,0,0,2,6,0,0,2,2,13,0,0,2,0,0.0,0.0,3,3,0,0,0,,4,26.67,0,0,0,7,1,2,0,1,,0,0,0,0,0.0,0,0,0,0,25,2,0,0,0,0,0,0,0,0,0,0.0,0.0,0,2,1,1,2,2,28.57,0,2,0,0.0,2,1,7,6,5,27.78,0,40,20,54,39.5,3,0,88,0,1,0,10769.0,560000.0,F,21.0,France
Davide Bartesaghi,1390489,Milan,2692,italy,2324,90,6,0,6.58,0,0,0,0.0,0.0,1,0,0.0,1,1,25.0,7,14,21,75.0,3,100.0,0,0,0,0,2.0,0,0,0,0,6,6,0,0,2,2,6,0,0,1,0,0.0,0.0,0,0,0,0,0,,3,33.33,0,0,0,7,0,0,0,0,,0,0,0,0,0.0,0,0,0,0,11,0,0,0,0,0,0,0,0,0,0,0.0,0.0,0,0,0,0,0,0,0.0,0,2,0,0.0,0,4,1,0,6,50.0,4,11,17,28,39.5,0,0,55,1,0,0,,,,,
Samuele Mulattieri,927030,Sassuolo,2793,italy,2324,492,27,1,6.58,0,0,0,1.6,0.51,3,0,0.0,27,1,25.0,43,38,81,70.43,23,39.66,35,0,0,0,21.0,1,1,2,0,2,24,0,0,13,1,64,0,0,7,0,0.0,0.0,18,15,3,0,0,,10,25.64,0,0,2,34,1,6,0,0,,0,0,0,0,0.0,0,0,0,1,77,6,0,0,0,0,0,0,0,0,0,0.0,0.0,0,11,2,6,5,4,33.33,0,1,1,100.0,6,5,12,0,33,34.02,4,72,43,115,157.9,13,0,210,5,1,0,15962.0,830000.0,F,23.0,Italy
Dani Silva,974863,Hellas Verona,2701,italy,2324,448,14,3,6.58,0,0,0,0.06,0.34,13,0,0.0,65,15,57.69,114,70,184,83.26,4,25.0,12,0,0,0,34.0,1,0,3,0,9,14,0,0,6,4,27,0,0,5,0,0.0,0.0,11,10,1,0,0,,12,44.44,0,0,0,37,3,3,0,0,,0,0,0,0,0.0,0,0,0,0,56,1,0,0,0,0,0,0,0,0,0,0.0,0.0,0,0,3,0,0,3,100.0,0,6,5,83.33,3,21,3,7,16,37.21,26,148,80,221,92.1,3,0,286,3,2,0,12500.0,650000.0,M,23.0,Portugal
Sydney van Hooijdonk,943595,Bologna,2685,italy,2324,228,9,2,6.58,0,0,0,0.62,0.03,1,0,0.0,8,0,0.0,15,13,28,82.35,5,27.78,13,0,0,0,3.0,0,1,1,0,4,9,0,0,3,1,22,0,0,6,0,0.0,0.0,2,2,0,0,0,,7,43.75,0,0,0,6,1,2,0,1,,0,0,0,0,0.0,0,0,0,0,15,0,0,0,0,0,0,0,0,0,0,0.0,0.0,1,2,3,3,1,2,100.0,0,3,0,0.0,2,2,2,1,12,35.29,1,20,15,34,59.2,5,0,63,2,0,0,9808.0,510000.0,F,23.0,Netherlands
Pantelis Hatzidiakos,822163,Cagliari,2719,italy,2324,863,13,13,6.58,0,0,0,0.38,0.16,21,1,16.67,48,27,47.37,122,194,315,84.0,5,35.71,9,0,0,0,50.0,0,1,1,0,30,13,0,0,3,7,28,1,0,7,0,0.0,1.0,19,17,2,0,0,,27,58.7,0,0,0,60,13,1,0,0,,0,0,0,0,0.0,0,0,0,0,88,1,0,0,0,0,0,0,0,0,0,0.0,0.0,0,3,1,1,2,1,33.33,0,22,10,45.45,1,35,3,6,32,53.33,57,164,217,375,85.5,4,0,518,4,1,0,18462.0,960000.0,D,27.0,Greece
Mattia Destro,100570,Empoli,2705,italy,2324,362,15,3,6.57,0,0,0,1.16,0.03,0,0,0.0,11,0,0.0,21,20,41,66.13,13,41.94,18,0,0,0,9.0,1,3,3,0,2,15,0,0,2,0,26,0,0,6,0,0.0,0.0,9,9,0,0,0,,10,55.56,0,0,0,21,2,3,0,4,,0,0,0,0,0.0,0,0,0,0,36,3,0,0,0,0,0,0,0,0,0,0.0,0.0,0,9,2,4,4,1,50.0,0,2,1,50.0,3,0,2,0,23,46.94,0,40,22,62,98.6,11,0,118,7,2,0,17885.0,930000.0,F,32.0,Italy
Chukwubuikem Ikwuemesi,1143547,Salernitana,2710,italy,2324,1091,25,11,6.57,1,1,2,2.44,0.59,2,0,0.0,34,3,42.86,72,38,110,67.07,31,34.07,60,0,0,0,23.0,0,3,7,0,8,25,0,0,23,4,131,0,0,35,0,4.55,0.0,26,25,1,1,0,,36,33.64,0,0,1,54,1,8,0,8,,0,0,0,0,0.0,0,0,0,0,149,1,0,0,1,0,0,0,0,0,0,1091.0,0.0,0,16,6,7,8,15,50.0,0,3,1,33.33,8,3,30,2,67,33.84,7,123,43,164,164.3,22,0,364,20,2,0,3654.0,190000.0,F,22.0,Nigeria
Jérôme Boateng,19382,Salernitana,2710,italy,2324,243,7,4,6.57,0,0,0,,0.09,5,0,0.0,16,7,38.89,31,75,106,84.8,8,53.33,7,0,0,0,10.0,0,0,0,0,20,7,0,0,0,0,9,0,0,2,0,0.0,0.0,9,9,0,0,0,,0,0.0,0,0,0,19,4,1,0,1,,0,0,0,0,0.0,0,0,0,0,21,0,0,0,0,0,0,0,0,0,0,0.0,0.0,0,0,0,0,0,0,0.0,0,0,0,0.0,1,10,0,1,8,47.06,18,47,79,125,46.0,0,0,161,0,0,0,14231.0,740000.0,D,35.0,Germany
Adam Obert,964153,Cagliari,2719,italy,2324,947,17,10,6.56,0,0,0,0.14,0.7,24,9,60.0,53,39,46.99,142,209,342,78.98,14,41.18,20,0,0,0,54.0,2,0,0,0,39,15,0,0,2,9,44,1,0,14,0,0.0,0.0,32,31,1,0,0,,24,50.0,0,0,0,91,21,6,0,0,,0,0,0,0,0.0,0,0,0,0,114,2,0,0,0,0,0,0,0,0,0,0.0,0.0,0,2,1,0,3,3,75.0,0,17,9,52.94,6,49,4,15,38,46.34,83,211,237,433,98.4,3,0,606,4,1,0,14231.0,740000.0,D,21.0,Slovakia
Alan Matturro,1177401,Genoa,2713,italy,2324,123,6,1,6.56,0,0,0,0.07,0.01,0,0,0.0,6,1,16.67,9,6,15,62.5,3,60.0,2,0,0,0,6.0,0,0,0,0,4,5,0,0,0,0,2,0,0,0,0,0.0,0.0,3,3,0,0,0,,2,100.0,0,0,0,9,2,0,0,0,,1,0,0,0,0.0,0,0,0,0,12,0,0,0,0,0,0,0,0,0,0,0.0,0.0,0,1,0,1,0,1,100.0,0,1,1,100.0,0,0,1,0,5,71.43,6,16,8,24,32.8,1,0,46,0,0,0,9808.0,510000.0,D,19.0,Uruguay
Gino Infantino,1086992,Fiorentina,2693,italy,2324,97,6,0,6.56,0,0,0,0.02,0.02,2,0,0.0,14,3,75.0,22,17,39,88.64,1,16.67,5,0,0,0,2.0,0,0,1,0,0,5,0,0,4,1,14,0,0,4,0,0.0,0.0,2,2,0,0,0,,6,40.0,0,0,0,5,3,1,0,0,,0,0,0,0,0.0,0,0,0,0,12,1,0,0,0,0,0,0,0,0,0,0.0,0.0,0,0,1,0,0,3,100.0,0,1,1,100.0,1,2,3,0,7,33.33,4,25,19,44,32.8,1,0,69,2,1,0,8654.0,450000.0,M,20.0,Argentina
Filippo Missori,1121184,Sassuolo,2793,italy,2324,270,8,2,6.56,0,0,0,0.28,0.05,1,3,60.0,6,5,41.67,29,39,65,78.31,6,85.71,1,0,0,0,8.0,0,0,1,0,6,7,0,0,2,7,12,0,0,1,0,0.0,0.0,6,4,2,0,0,,9,45.0,0,0,0,18,4,2,0,0,,0,0,0,0,0.0,0,0,0,0,28,0,0,0,0,0,0,0,0,0,0,0.0,0.0,0,2,2,2,1,1,50.0,0,6,3,50.0,2,7,2,5,15,55.56,12,45,43,83,45.9,4,0,152,2,0,0,3269.0,170000.0,D,19.0,Italy
Erik Botheim,844292,Salernitana,2710,italy,2324,322,7,4,6.56,0,0,0,0.11,0.07,0,0,0.0,13,1,33.33,27,21,48,75.0,3,14.29,18,0,0,0,7.0,0,0,1,0,2,7,0,0,0,1,22,0,0,2,0,0.0,0.0,7,6,1,0,0,,13,76.47,0,0,0,16,0,0,0,0,,0,0,0,0,0.0,0,0,0,0,22,1,0,0,0,0,0,0,0,0,0,0.0,0.0,0,1,0,0,0,1,33.33,0,2,0,0.0,0,1,3,1,16,42.11,3,40,25,64,45.9,1,0,97,11,1,0,9808.0,510000.0,F,23.0,Norway
Ruan,914487,Sassuolo,2793,italy,2324,1519,26,16,6.56,0,0,0,0.51,0.4,17,0,0.0,39,43,53.75,149,430,579,85.27,34,55.74,27,0,0,0,80.0,2,1,0,0,65,25,0,0,2,8,62,2,0,23,0,0.0,12.0,43,39,4,0,0,,39,52.7,0,0,0,100,24,4,0,0,,0,0,0,1,0.0,0,0,0,1,117,4,0,1,0,0,0,0,0,0,0,0.0,0.0,0,7,0,5,2,2,50.0,0,25,15,60.0,4,33,4,2,73,54.07,80,201,480,679,163.9,7,0,880,12,5,1,9423.0,490000.0,D,24.0,Brazil
Pierre Kalulu,965330,Milan,2692,italy,2324,370,9,4,6.56,0,0,0,0.06,0.16,3,1,20.0,32,7,50.0,77,143,219,90.12,3,27.27,8,0,0,0,15.0,0,0,0,0,10,9,0,0,2,1,14,0,1,1,0,0.0,0.0,7,4,3,0,0,,8,57.14,0,0,0,24,1,2,0,0,,0,0,0,0,0.0,0,0,0,0,36,0,0,0,0,0,0,0,0,0,0,0.0,0.0,0,2,0,2,0,0,0.0,0,5,1,20.0,2,8,2,5,11,44.0,14,94,154,243,59.0,2,0,299,3,0,0,49231.0,2560000.0,D,23.0,France
Flavius Daniliuc,901885,Salernitana,2710,italy,2324,766,14,8,6.55,0,0,0,0.25,0.15,11,0,0.0,63,16,59.26,146,180,326,86.24,20,57.14,15,0,0,0,52.0,0,0,0,0,14,14,0,0,4,10,47,0,0,14,0,0.0,0.0,19,18,1,0,0,,24,42.86,0,0,0,52,8,5,0,0,,0,0,0,0,0.0,0,0,0,0,76,2,0,0,0,0,0,0,0,0,0,0.0,0.0,0,1,1,2,0,1,20.0,0,19,11,57.89,5,19,5,1,44,48.35,27,183,196,378,91.7,2,0,505,4,2,0,12308.0,640000.0,D,22.0,Austria
Álex Jiménez,1184308,Milan,2692,italy,2324,65,3,0,6.55,0,0,0,0.0,0.05,0,1,100.0,4,1,100.0,13,18,30,88.24,0,0.0,0,0,0,0,2.0,0,0,0,0,3,2,0,0,2,3,7,0,0,2,0,0.0,0.0,0,0,0,0,0,,3,30.0,0,0,0,4,0,1,0,0,,0,0,0,0,0.0,0,0,0,0,6,0,0,0,0,0,0,0,0,0,0,0.0,0.0,0,0,0,0,0,0,0.0,0,2,1,50.0,1,0,0,1,3,30.0,1,16,19,34,13.1,0,0,55,1,1,0,,,,,
Michele Cerofolini,869273,Frosinone,2801,italy,2324,675,8,7,6.55,0,0,0,0.0,0.0,12,0,0.0,3,29,26.36,11,86,97,53.59,1,100.0,0,0,0,0,49.0,0,0,0,2,8,8,0,0,0,0,1,0,1,1,0,0.0,38.0,11,11,0,0,0,-4.87,0,0.0,0,2,0,84,0,0,0,0,,1,0,0,1,0.0,1,0,0,0,85,0,3,0,0,3,9,9,18,1,2,0.0,0.0,0,0,0,0,0,0,0.0,2,0,0,0.0,0,37,0,0,1,50.0,110,80,101,181,52.4,0,0,243,0,1,0,11346.0,590000.0,K,25.0,Italy
Luca Garritano,280087,Frosinone,2801,italy,2324,489,12,5,6.55,0,0,0,0.7,0.37,5,3,18.75,44,8,36.36,80,65,142,71.36,4,33.33,8,0,0,0,34.0,0,2,1,0,7,11,0,0,2,10,29,1,0,6,0,0.0,0.0,9,8,1,0,0,,16,43.24,0,0,1,57,4,4,0,0,,0,0,0,0,0.0,0,0,0,0,89,2,0,0,0,0,0,0,0,0,0,0.0,0.0,1,5,7,8,3,0,0.0,0,10,5,50.0,4,20,5,16,20,40.82,22,133,82,199,72.0,12,0,299,7,1,0,12885.0,670000.0,F,29.0,Italy
Riccardo Saponara,126236,Hellas Verona,2701,italy,2324,355,12,3,6.54,0,0,0,0.1,0.16,7,1,12.5,24,6,66.67,52,34,85,75.22,1,16.67,5,0,0,0,16.0,1,0,3,0,2,12,0,0,3,6,19,0,0,1,0,0.0,0.0,5,5,0,0,0,,10,41.67,0,0,0,28,0,3,0,2,,0,0,0,0,0.0,0,0,0,0,60,2,0,0,0,0,0,0,0,0,0,0.0,0.0,0,1,4,1,1,4,50.0,0,3,1,33.33,3,10,8,8,11,36.67,9,82,39,113,78.5,5,0,176,3,0,0,35577.0,1850000.0,F,31.0,Italy
Iron Gomis,979593,Salernitana,2710,italy,2324,130,5,1,6.54,0,0,0,0.57,0.22,3,1,100.0,25,2,66.67,48,14,61,89.71,3,100.0,0,0,0,0,10.0,1,1,0,0,2,5,0,0,5,1,11,0,0,2,0,0.0,0.0,4,3,1,0,0,,6,35.29,0,0,0,7,2,3,0,1,,0,0,0,0,0.0,0,0,0,0,18,0,0,0,0,0,0,0,0,0,0,0.0,0.0,0,1,2,2,1,0,0.0,0,4,1,25.0,3,3,3,1,9,45.0,3,52,17,68,32.7,3,0,99,2,0,0,5385.0,280000.0,F,24.0,France
Jean-Daniel Akpa Akpro,164511,Monza,2729,italy,2324,720,19,8,6.54,0,0,0,0.55,0.24,11,0,0.0,35,10,71.43,87,133,220,83.97,5,41.67,7,0,0,0,29.0,0,1,0,0,14,19,0,0,7,6,38,1,0,15,0,0.0,0.0,11,10,1,0,0,,28,47.46,0,0,0,42,12,1,0,0,,0,0,0,1,0.0,0,0,0,0,68,3,0,0,0,0,0,0,0,0,0,0.0,0.0,0,2,5,4,3,3,50.0,0,20,11,55.0,1,14,6,1,33,46.48,14,108,155,262,124.2,7,0,370,5,5,0,32115.0,1670000.0,M,31.0,Cote d'Ivoire
Seydou Fini,1164381,Genoa,2713,italy,2324,41,3,0,6.53,0,0,0,0.14,0.01,0,0,0.0,3,0,0.0,6,2,8,72.73,1,33.33,2,0,0,0,1.0,0,0,0,0,0,3,0,0,1,0,4,0,0,0,0,0.0,0.0,2,2,0,0,0,,2,50.0,0,0,0,3,0,0,0,0,,0,0,0,0,0.0,0,0,0,0,8,0,0,0,0,0,0,0,0,0,0,0.0,0.0,0,1,1,2,0,0,0.0,0,0,0,0.0,0,0,1,1,3,42.86,0,10,2,11,19.6,2,0,22,2,0,0,,,,,
Rúben Vinagre,846441,Hellas Verona,2701,italy,2324,277,12,2,6.53,0,0,0,0.03,0.3,1,5,31.25,17,5,27.78,40,34,69,71.88,1,16.67,5,0,0,0,19.0,0,0,2,0,4,9,0,0,7,1,19,0,0,5,0,0.0,0.0,6,5,1,0,0,,9,39.13,0,0,0,27,1,5,0,0,,0,0,0,0,0.0,0,0,0,0,59,1,0,0,0,0,0,0,0,0,0,0.0,0.0,0,0,2,0,0,3,75.0,0,4,2,50.0,5,5,4,16,10,34.48,18,68,44,96,58.8,2,0,174,2,0,0,28462.0,1480000.0,D,24.0,Portugal
Alessio Cragno,148740,Sassuolo,2793,italy,2324,270,3,3,6.53,0,0,0,0.0,0.0,12,0,0.0,3,16,34.04,6,52,58,65.17,1,100.0,0,0,0,0,16.0,0,0,0,0,3,3,0,0,0,0,0,1,0,0,0,0.0,22.0,7,6,1,0,0,-1.85,0,0.0,0,3,0,31,0,0,0,0,,0,0,0,0,0.0,1,0,0,0,31,0,0,0,0,4,8,0,8,0,1,0.0,0.0,0,0,0,0,0,0,0.0,4,0,0,0.0,0,30,0,0,1,100.0,47,32,57,89,19.6,0,0,114,0,0,0,35577.0,1850000.0,K,29.0,Italy
Moise Kean,835601,Juventus,2687,italy,2324,676,19,8,6.53,0,0,0,2.28,0.13,4,0,0.0,17,4,80.0,43,22,65,69.89,10,62.5,6,0,0,0,18.0,1,4,4,0,5,19,0,0,16,2,55,0,0,13,0,0.0,0.0,4,2,2,0,0,,34,40.96,0,0,2,28,2,5,0,7,,0,0,0,0,0.0,0,0,0,0,98,3,0,0,0,0,0,0,0,0,0,0.0,0.0,0,11,5,8,4,14,43.75,0,7,4,57.14,5,5,32,1,44,44.44,5,66,28,93,124.0,16,0,238,13,2,0,74038.0,3850000.0,F,23.0,Italy
Kaio Jorge,954888,Frosinone,2801,italy,2324,827,20,8,6.51,3,0,3,5.47,0.26,3,1,33.33,44,4,66.67,72,43,114,73.55,10,27.78,26,0,1,0,29.0,0,11,6,0,0,20,0,0,9,1,53,0,0,8,0,11.11,0.0,20,18,2,3,0,,19,41.3,1,0,1,41,1,8,1,2,,0,0,2,0,50.0,0,1,0,0,89,9,0,0,1,0,0,0,0,0,0,275.67,0.0,1,23,4,8,13,5,27.78,0,6,4,66.67,8,10,18,3,29,35.37,6,107,51,155,130.2,27,0,273,10,2,0,29615.0,1540000.0,F,22.0,Brazil
Renato Sanches,318967,Roma,2702,italy,2324,148,7,1,6.5,1,0,1,0.08,0.09,3,1,25.0,16,3,60.0,33,34,66,90.41,1,33.33,2,0,0,0,5.0,0,0,0,0,1,7,0,0,5,1,15,0,0,6,0,50.0,0.0,4,4,0,1,0,,9,40.91,1,0,0,7,0,3,0,0,,0,0,0,1,0.0,0,0,0,0,19,1,0,0,0,0,0,0,0,0,0,148.0,0.0,0,1,1,1,1,4,80.0,0,2,1,50.0,3,5,5,4,10,40.0,5,42,35,73,45.5,2,0,106,3,2,0,88846.0,4620000.0,M,26.0,Portugal
Niccolò Pisilli,1175821,Roma,2702,italy,2324,9,1,0,6.5,0,0,0,,0.0,0,0,0.0,0,0,0.0,1,4,5,83.33,0,0.0,0,0,0,0,1.0,0,0,0,0,0,1,0,0,0,0,0,0,0,0,0,0.0,0.0,0,0,0,0,0,,0,0.0,0,0,0,1,0,0,0,0,,0,0,0,0,0.0,0,0,0,0,2,0,0,0,0,0,0,0,0,0,0,0.0,0.0,0,0,0,0,0,0,0.0,0,0,0,0.0,0,0,0,0,0,0.0,0,2,4,6,6.5,0,0,7,0,0,0,,,,,
Alphadjo Cissè,1169409,Hellas Verona,2701,italy,2324,11,1,0,6.5,0,0,0,,0.0,0,0,0.0,0,0,0.0,0,1,1,100.0,0,0.0,0,0,0,0,0.0,0,0,0,0,0,1,0,0,0,0,1,0,0,1,0,0.0,0.0,0,0,0,0,0,,0,0.0,0,0,0,0,0,0,0,0,,0,0,0,0,0.0,0,0,0,0,0,0,0,0,0,0,0,0,0,0,0,0.0,0.0,0,0,0,0,0,0,0.0,0,0,0,0.0,0,0,0,0,0,0.0,0,0,1,1,6.5,0,0,1,0,0,0,,,,,
Tommaso Martinelli,1397756,Fiorentina,2693,italy,2324,90,1,1,6.5,0,0,0,,0.0,6,0,0.0,0,10,45.45,1,33,34,73.91,0,0.0,0,0,0,0,7.0,0,0,0,0,1,1,0,0,0,0,0,0,0,0,0,0.0,9.0,2,1,1,0,0,-0.65,0,0.0,0,0,0,12,0,0,0,0,,0,0,0,0,0.0,0,0,0,0,12,0,1,0,0,0,1,0,1,0,1,0.0,0.0,0,0,0,0,0,0,0.0,0,0,0,0.0,0,8,0,0,0,0.0,22,7,39,46,6.5,0,0,52,0,0,0,8846.0,460000.0,K,18.0,Italy
Christos Papadopoulos,1462307,Genoa,2713,italy,2324,8,1,0,6.5,0,0,0,,,0,0,0.0,0,0,0.0,0,0,0,0.0,0,0.0,0,0,0,0,0.0,0,0,0,0,0,1,0,0,0,1,1,0,0,0,0,0.0,0.0,0,0,0,0,0,,1,50.0,0,0,0,0,0,0,0,0,,0,0,0,0,0.0,0,0,0,0,0,0,0,0,0,0,0,0,0,0,0,0.0,0.0,0,0,0,0,0,0,0.0,0,0,0,0.0,0,0,0,0,1,50.0,0,0,0,0,6.5,0,0,2,1,0,0,,,,,
Yayah Kallon,967510,Hellas Verona,2701,italy,2324,15,1,0,6.5,0,0,0,,0.0,0,0,0.0,1,0,0.0,1,0,1,33.33,1,100.0,0,0,0,0,0.0,0,0,0,0,0,1,0,0,0,0,0,0,0,0,0,0.0,0.0,1,1,0,0,0,,0,0.0,0,0,0,2,0,0,0,0,,0,0,0,0,0.0,0,0,0,0,2,0,0,0,0,0,0,0,0,0,0,0.0,0.0,0,0,0,0,0,0,0.0,0,0,0,0.0,0,0,0,0,1,100.0,0,2,1,3,6.5,0,0,3,0,0,0,8846.0,460000.0,F,22.0,Sierra Leone
Daniele Sommariva,595572,Genoa,2713,italy,2324,8,1,0,6.5,0,0,0,,,0,0,0.0,0,0,0.0,0,0,0,0.0,1,100.0,0,0,0,0,1.0,0,0,0,0,0,1,0,0,0,0,0,0,0,0,0,0.0,1.0,0,0,0,0,0,,0,0.0,0,0,0,3,0,0,0,0,,0,0,0,0,0.0,0,0,0,0,3,0,0,0,0,0,0,0,0,0,0,0.0,0.0,0,0,0,0,0,0,0.0,0,0,0,0.0,0,0,0,0,1,100.0,3,3,0,3,6.5,0,0,4,0,0,0,5000.0,260000.0,K,26.0,Italy
Gerardo Fusco,1858820,Salernitana,2710,italy,2324,14,1,0,6.5,0,0,0,,0.02,0,0,0.0,2,0,0.0,2,3,5,83.33,0,0.0,0,0,0,0,0.0,0,0,0,0,0,1,0,0,0,0,1,0,0,0,0,0.0,0.0,0,0,0,0,0,,0,0.0,0,0,0,1,0,1,0,0,,0,0,0,0,0.0,0,0,0,0,3,0,0,0,0,0,0,0,0,0,0,0.0,0.0,0,0,0,0,0,0,0.0,0,0,0,0.0,1,0,1,1,0,0.0,0,3,4,6,6.5,0,0,9,0,0,0,,,,,
Charlys,1466543,Hellas Verona,2701,italy,2324,34,2,0,6.5,0,0,0,,0.04,0,0,0.0,2,0,0.0,3,2,5,83.33,0,0.0,0,0,0,0,1.0,0,0,0,0,0,2,0,0,0,0,1,0,0,0,0,0.0,0.0,1,1,0,0,0,,0,0.0,0,0,0,1,1,2,0,0,,0,0,0,0,0.0,0,0,0,0,2,0,0,0,0,0,0,0,0,0,0,0.0,0.0,0,0,0,0,0,0,0.0,0,0,0,0.0,2,0,1,0,0,0.0,0,4,2,6,13.0,0,0,8,0,0,0,2308.0,120000.0,M,19.0,Brazil
João Costa,1397478,Roma,2702,italy,2324,29,3,0,6.5,0,0,0,,0.07,0,0,0.0,4,0,0.0,5,1,6,85.71,0,0.0,0,0,0,0,0.0,0,0,0,0,0,3,0,0,1,0,3,0,0,2,0,0.0,0.0,1,1,0,0,0,,0,0.0,0,0,0,1,0,1,0,0,,0,0,0,0,0.0,0,0,0,0,4,0,0,0,0,0,0,0,0,0,0,0.0,0.0,0,0,0,0,0,0,0.0,0,0,0,0.0,1,0,0,1,0,0.0,1,7,1,7,19.5,0,0,11,0,1,0,,,,,
Mattia Caldara,362222,Milan,2692,italy,2324,32,1,0,6.5,0,0,0,0.21,0.0,0,0,0.0,0,0,0.0,9,11,20,83.33,2,100.0,0,0,0,0,3.0,0,0,0,0,1,1,0,0,0,0,0,0,0,0,0,0.0,0.0,3,2,1,0,0,,1,100.0,0,0,0,4,1,0,0,0,,0,0,0,0,0.0,0,0,0,0,4,0,0,0,0,0,0,0,0,0,0,0.0,0.0,0,1,0,1,0,0,0.0,0,1,1,100.0,0,0,0,0,3,100.0,3,12,12,24,6.5,1,0,30,0,0,0,78269.0,4070000.0,D,29.0,Italy
Vivaldo,1414275,Udinese,2695,italy,2324,11,1,0,6.5,0,0,0,0.0,0.0,0,0,0.0,0,0,0.0,0,0,0,0.0,0,0.0,0,0,0,0,1.0,0,0,0,0,0,1,0,0,2,0,2,0,0,1,0,0.0,0.0,0,0,0,0,0,,2,50.0,0,0,0,1,0,0,0,0,,0,0,0,0,0.0,0,0,0,0,4,0,0,0,0,0,0,0,0,0,0,0.0,0.0,0,0,0,0,0,0,0.0,0,0,0,0.0,0,1,0,0,2,50.0,0,1,0,1,6.5,0,0,6,2,0,0,3654.0,190000.0,F,18.0,Portugal
Liam Henderson,287573,Empoli,2705,italy,2324,11,1,0,6.5,0,0,0,0.0,0.0,0,0,0.0,0,0,0.0,1,1,2,50.0,0,0.0,0,0,0,0,,0,0,0,0,0,1,0,0,0,0,0,0,0,0,0,0.0,,0,0,0,0,0,,0,0.0,0,0,0,2,0,0,0,0,,0,0,0,0,0.0,0,0,0,0,3,0,0,0,0,0,0,0,0,0,0,0.0,0.0,0,0,0,0,0,0,0.0,0,0,0,0.0,0,1,0,1,0,0.0,1,4,1,4,6.5,0,0,5,0,0,0,,,,,
Leonardo Cerri,1068581,Juventus,2687,italy,2324,11,1,0,6.5,0,0,0,0.0,0.0,0,0,0.0,0,0,0.0,0,0,0,0.0,0,0.0,0,0,0,0,0.0,0,0,0,0,0,1,0,0,0,0,0,0,0,0,0,0.0,0.0,0,0,0,0,0,,0,0.0,0,0,0,2,0,0,0,0,,0,0,0,0,0.0,0,0,0,0,2,0,0,0,0,0,0,0,0,0,0,0.0,0.0,0,0,0,0,0,0,0.0,0,0,0,0.0,0,0,0,0,0,0.0,0,2,0,2,6.5,0,0,2,0,0,0,,,,,
Mamadou Coulibaly,874481,Salernitana,2710,italy,2324,9,1,0,6.5,0,0,0,0.0,0.0,0,0,0.0,1,0,0.0,1,0,1,33.33,0,0.0,0,0,0,0,0.0,0,0,0,0,0,1,0,0,0,0,0,0,0,0,0,0.0,0.0,0,0,0,0,0,,0,0.0,0,0,0,2,0,0,0,0,,0,0,0,0,0.0,0,0,0,0,2,0,0,0,0,0,0,0,0,0,0,0.0,0.0,0,0,0,0,0,0,0.0,0,0,0,0.0,0,0,0,0,0,0.0,0,3,0,3,6.5,0,0,3,0,0,0,,,,,
Luigi Canotto,348088,Frosinone,2801,italy,2324,15,1,0,6.5,0,0,0,0.0,0.0,0,0,0.0,0,0,0.0,1,1,2,66.67,0,0.0,0,0,0,0,1.0,0,0,0,0,0,1,0,0,2,0,2,0,0,0,0,0.0,0.0,1,1,0,0,0,,2,50.0,0,0,0,1,0,0,0,0,,0,0,0,0,0.0,0,0,0,0,3,0,0,0,0,0,0,0,0,0,0,0.0,0.0,0,0,0,0,0,1,100.0,0,0,0,0.0,0,0,1,0,2,50.0,0,1,2,3,6.5,0,0,7,1,0,0,,,,,
Andrea Sodero,1167928,Empoli,2705,italy,2324,9,1,0,6.5,0,0,0,0.0,0.0,0,0,0.0,0,0,0.0,0,0,0,0.0,0,0.0,0,0,0,0,0.0,0,0,0,0,0,1,0,0,0,0,0,0,0,0,0,0.0,0.0,0,0,0,0,0,,0,0.0,0,0,0,0,0,0,0,0,,0,0,0,0,0.0,0,0,0,0,1,0,0,0,0,0,0,0,0,0,0,0.0,0.0,0,0,0,0,0,0,0.0,0,0,0,0.0,0,0,0,1,0,0.0,0,1,0,0,6.5,0,0,1,0,0,0,,,,,
Nicolás Domínguez,871765,Bologna,2685,italy,2324,101,2,1,6.5,0,0,0,0.0,0.06,1,0,0.0,14,2,100.0,41,41,82,90.11,1,100.0,0,0,0,0,7.0,0,0,0,0,2,2,0,0,3,2,8,0,0,3,0,0.0,0.0,3,2,1,0,0,,1,11.11,0,0,0,9,0,1,0,0,,0,0,0,0,0.0,0,0,0,0,14,1,0,0,0,0,0,0,0,0,0,0.0,0.0,0,0,0,0,0,0,0.0,0,1,0,0.0,1,2,0,0,2,20.0,2,46,45,91,13.0,0,0,105,0,0,0,,,,,
Filip Jagiełło,335887,Genoa,2713,italy,2324,32,2,0,6.5,0,0,0,0.0,0.03,0,0,0.0,4,0,0.0,6,9,15,88.24,0,0.0,0,0,0,0,3.0,0,0,0,0,0,1,0,0,2,1,3,0,0,0,0,0.0,0.0,0,0,0,0,0,,0,0.0,0,0,0,2,1,0,0,0,,0,0,0,0,0.0,0,0,0,0,4,0,0,0,0,0,0,0,0,0,0,0.0,0.0,0,0,0,0,0,0,0.0,0,0,0,0.0,0,1,0,0,0,0.0,1,8,9,17,6.5,0,0,22,0,0,0,21346.0,1110000.0,M,26.0,Poland
Pasquale Mazzocchi,377512,Napoli,2714,italy,2324,1710,28,20,6.49,0,2,2,0.49,1.32,12,15,26.79,155,21,31.34,290,263,538,76.97,18,35.29,33,0,0,0,93.0,2,0,2,1,37,28,0,1,16,14,123,0,0,32,0,0.0,0.0,35,30,5,0,0,,69,43.4,0,0,0,161,6,17,0,3,,0,0,0,0,0.0,0,0,0,0,310,5,0,1,0,0,0,0,0,0,0,0.0,0.0,1,3,10,9,2,23,45.1,0,30,21,70.0,17,53,51,56,87,41.43,67,432,323,699,181.8,13,1,1178,16,4,0,35577.0,1850000.0,D,28.0,Italy
Yann Karamoh,802149,Torino,2696,italy,2324,163,10,1,6.49,0,0,0,0.15,0.18,1,0,0.0,16,2,50.0,28,12,40,71.43,2,50.0,2,0,0,0,10.0,0,0,0,0,1,9,0,0,5,0,20,0,0,2,0,0.0,0.0,2,2,0,0,0,,10,35.71,0,0,0,16,0,1,0,2,,0,0,0,0,0.0,0,0,0,0,48,0,0,0,0,0,0,0,0,0,0,0.0,0.0,0,2,0,1,1,6,35.29,0,1,0,0.0,1,6,17,5,12,37.5,4,48,13,56,58.4,2,0,110,3,0,0,35577.0,1850000.0,F,25.0,Cote d'Ivoire
David Ankeye,1457821,Genoa,2713,italy,2324,64,6,0,6.48,0,0,0,,0.36,0,0,0.0,5,0,0.0,7,1,8,100.0,0,0.0,1,0,0,0,4.0,0,0,0,0,0,5,0,0,0,1,6,0,0,2,0,0.0,0.0,0,0,0,0,0,,4,44.44,0,0,0,0,0,0,0,0,,0,0,0,0,0.0,0,0,0,0,6,2,0,0,0,0,0,0,0,0,0,0.0,0.0,0,0,0,0,0,2,40.0,0,1,0,0.0,0,0,5,1,4,40.0,0,8,1,8,32.4,0,0,20,1,0,0,12500.0,650000.0,F,21.0,Nigeria
Triantafyllos Pasalidis,859266,Salernitana,2710,italy,2324,458,8,5,6.48,0,0,0,0.02,0.21,5,0,0.0,19,10,34.48,47,93,140,81.87,7,35.0,13,0,0,0,12.0,0,0,0,0,18,8,0,0,0,5,28,0,0,9,0,0.0,0.0,11,10,1,0,0,,14,48.28,0,0,0,31,3,2,0,0,,0,0,0,0,0.0,0,0,0,0,36,0,0,0,0,0,0,0,0,0,0,0.0,0.0,0,0,0,0,0,0,0.0,0,11,7,63.64,2,16,1,0,21,42.86,29,68,103,171,51.8,0,0,226,3,3,0,7885.0,410000.0,D,27.0,Greece
Mateusz Łęgowski,1064080,Salernitana,2710,italy,2324,1149,29,10,6.47,0,0,0,0.24,0.37,9,1,16.67,80,8,40.0,169,121,289,78.32,13,44.83,16,0,0,0,60.0,0,0,2,0,16,29,0,0,12,15,78,0,0,24,0,0.0,0.0,31,30,1,0,0,,39,38.61,0,0,0,80,7,7,0,2,,0,0,0,0,0.0,0,0,0,0,131,6,0,0,0,0,0,0,0,0,0,0.0,0.0,0,3,4,4,1,6,33.33,0,23,12,52.17,7,16,18,6,52,40.0,20,225,150,369,187.7,7,0,531,10,3,0,7308.0,380000.0,M,21.0,Poland
Marash Kumbulla,893642,Sassuolo,2793,italy,2324,366,7,3,6.47,0,0,0,,0.04,6,0,0.0,7,5,27.78,23,60,83,78.3,4,50.0,4,0,0,0,6.0,0,0,0,1,20,7,0,0,0,1,8,0,0,3,0,0.0,5.0,10,9,1,0,0,,4,50.0,0,0,0,23,0,0,0,0,,1,0,0,1,0.0,0,0,0,0,23,0,0,0,0,0,0,0,0,0,0,0.0,0.0,0,0,0,0,0,0,0.0,0,3,2,66.67,0,10,0,0,8,50.0,18,40,66,106,45.3,0,0,145,1,1,0,64038.0,3330000.0,D,23.0,Albania
Michel Adopo,928777,Atalanta,2686,italy,2324,128,10,0,6.46,0,1,1,0.07,0.15,1,0,0.0,26,2,100.0,48,26,74,84.09,3,75.0,1,0,0,0,13.0,0,1,0,0,2,8,0,0,2,0,5,1,0,2,0,0.0,0.0,3,3,0,0,0,,7,63.64,0,0,0,14,0,2,0,1,,0,0,0,0,0.0,0,0,0,0,23,1,0,0,0,0,0,0,0,0,0,0.0,0.0,0,1,0,0,1,2,100.0,0,4,3,75.0,2,1,2,1,10,66.67,2,60,29,88,51.7,1,0,108,1,0,0,12500.0,650000.0,M,23.0,France
Kevin Zeroli,1397348,Milan,2692,italy,2324,25,3,0,6.45,0,0,0,,0.0,0,0,0.0,1,0,0.0,2,0,2,40.0,1,50.0,1,0,0,0,1.0,0,0,0,0,1,2,0,0,1,0,2,0,0,0,0,0.0,0.0,0,0,0,0,0,,1,50.0,0,0,0,3,0,0,0,0,,0,0,0,0,0.0,0,0,0,0,5,0,0,0,0,0,0,0,0,0,0,0.0,0.0,0,0,0,0,0,0,0.0,0,1,1,100.0,0,0,0,1,2,50.0,1,5,1,5,12.9,0,0,11,0,0,0,7885.0,410000.0,M,19.0,Italy
Marco Pellegrino,1095023,Salernitana,2710,italy,2324,611,11,5,6.45,0,0,0,0.07,0.02,3,0,0.0,12,7,24.14,66,180,246,84.25,10,34.48,19,0,0,0,20.0,0,0,1,0,29,10,0,0,2,7,33,0,0,3,0,0.0,2.0,20,16,4,0,0,,11,44.0,0,0,0,46,11,1,0,0,,0,0,0,1,0.0,0,0,0,0,55,0,0,0,0,0,0,0,0,0,0,0.0,0.0,0,3,0,1,1,1,33.33,0,9,7,77.78,1,14,3,1,21,38.89,29,90,203,292,64.5,3,0,384,1,1,0,10769.0,560000.0,D,21.0,Argentina
Giorgi Kvernadze,1140001,Frosinone,2801,italy,2324,59,5,0,6.45,0,0,0,0.0,0.01,0,0,0.0,5,3,75.0,12,15,27,87.1,0,0.0,0,0,0,0,4.0,0,0,0,0,0,4,0,0,3,0,8,0,0,3,0,0.0,0.0,3,3,0,0,0,,7,46.67,0,0,0,4,1,0,0,0,,0,0,0,0,0.0,0,0,0,0,14,0,0,0,0,0,0,0,0,0,0,0.0,0.0,0,0,0,0,0,3,60.0,0,3,0,0.0,0,0,5,1,7,46.67,4,16,16,31,25.8,0,0,56,1,0,0,3654.0,190000.0,F,20.0,Georgia
Kevin Bonifazi,365992,Frosinone,2801,italy,2324,397,7,4,6.45,0,0,0,0.0,0.04,6,0,0.0,19,8,38.1,50,141,191,85.65,6,42.86,8,0,0,0,23.0,0,0,0,1,15,6,0,0,2,2,17,0,1,5,0,0.0,0.0,11,10,1,0,0,,12,57.14,0,0,0,32,3,1,0,0,,0,0,0,0,0.0,0,0,0,0,38,0,0,0,0,0,0,0,0,0,0,0.0,0.0,0,0,0,0,0,1,50.0,0,9,3,33.33,1,17,2,0,18,51.43,21,64,159,223,38.7,0,0,274,2,0,0,35577.0,1850000.0,D,27.0,Italy
Luka Romero,1032022,Milan,2692,italy,2324,86,4,0,6.43,0,0,0,0.09,0.07,0,0,0.0,9,0,0.0,20,12,32,88.89,1,50.0,1,0,0,0,5.0,0,0,0,0,0,4,0,0,2,3,11,0,0,3,0,0.0,0.0,2,1,1,0,0,,3,23.08,0,0,0,4,0,0,0,0,,0,0,0,0,0.0,0,0,0,0,13,1,0,0,0,0,0,0,0,0,0,0.0,0.0,0,1,0,1,0,1,33.33,0,0,0,0.0,0,1,3,2,4,26.67,0,23,15,36,25.7,1,0,53,2,1,0,19808.0,1030000.0,F,18.0,Argentina
Lorenzo Venuti,357756,Lecce,2689,italy,2324,378,14,3,6.42,0,0,0,0.1,0.28,9,3,30.0,27,9,39.13,71,68,136,79.53,2,40.0,3,0,0,0,21.0,0,0,1,0,12,11,0,0,0,4,11,0,0,5,0,0.0,0.0,12,11,1,0,0,,9,52.94,0,0,0,35,5,4,0,0,,0,0,0,1,0.0,0,0,0,0,46,2,0,0,0,0,0,0,0,0,0,0.0,0.0,0,0,3,1,1,2,100.0,0,6,4,66.67,4,19,2,10,11,50.0,23,101,80,171,70.6,3,0,256,1,1,0,14231.0,740000.0,D,28.0,Italy
Marco Mancosu,25522,Cagliari,2719,italy,2324,182,6,3,6.4,0,0,0,1.29,0.35,5,1,25.0,14,1,14.29,22,17,38,66.67,0,0.0,4,0,1,0,8.0,0,2,1,0,0,6,0,0,3,1,14,0,0,3,0,0.0,0.0,4,4,0,0,0,,7,41.18,0,0,2,19,0,2,0,2,,0,0,1,0,0.0,0,0,0,0,32,1,0,0,0,0,0,0,0,0,0,0.0,0.0,1,3,4,6,0,3,50.0,0,3,0,0.0,2,10,6,4,7,33.33,7,42,19,57,38.4,7,0,92,1,0,0,28846.0,1500000.0,F,35.0,Italy
Mehdi Bourabia,98003,Frosinone,2801,italy,2324,222,10,3,6.4,0,0,0,0.11,0.05,3,1,50.0,17,1,20.0,34,42,75,78.13,3,50.0,3,0,0,0,19.0,0,0,1,0,4,8,0,0,0,2,10,0,0,5,0,0.0,0.0,9,8,1,0,0,,5,41.67,0,0,0,21,0,1,0,1,,0,0,0,2,0.0,0,0,0,0,31,0,0,0,0,0,0,0,0,0,0,0.0,0.0,0,1,1,1,0,0,0.0,0,5,4,80.0,1,8,1,2,8,44.44,5,50,48,96,51.2,2,0,130,1,1,0,25000.0,1300000.0,M,32.0,Morocco
Simone Pafundi,1133119,Udinese,2695,italy,2324,12,1,0,6.4,0,0,0,0.0,0.05,1,0,0.0,1,0,0.0,3,2,5,100.0,1,100.0,0,0,0,0,0.0,0,0,0,0,0,1,0,0,0,0,1,0,0,1,0,0.0,0.0,1,0,1,0,0,,0,0.0,0,0,0,0,0,0,0,0,,0,0,0,0,0.0,0,0,0,0,1,0,0,0,0,0,0,0,0,0,0,0.0,0.0,0,0,0,0,0,0,0.0,0,0,0,0.0,0,1,0,1,1,50.0,0,4,2,5,6.4,0,0,9,0,0,0,8846.0,460000.0,F,17.0,Italy
Gennaro Borrelli,979479,Frosinone,2801,italy,2324,23,1,0,6.4,0,0,0,0.0,0.0,0,0,0.0,0,0,0.0,0,0,0,0.0,0,0.0,1,0,0,0,0.0,0,0,0,0,0,1,0,0,0,0,1,0,0,0,0,0.0,0.0,1,1,0,0,0,,0,0.0,0,0,0,0,0,0,0,2,,0,0,0,0,0.0,0,0,0,0,1,0,0,0,0,0,0,0,0,0,0,0.0,0.0,0,0,0,0,0,0,0.0,0,0,0,0.0,0,0,0,1,0,0.0,0,1,0,0,6.4,0,0,1,0,0,0,,,,,
Marley Aké,988839,Udinese,2695,italy,2324,9,1,0,6.4,0,0,0,0.0,0.0,0,0,0.0,0,0,0.0,0,0,0,0.0,0,0.0,2,0,0,0,0.0,0,0,0,0,0,1,0,0,0,0,2,0,0,0,0,0.0,0.0,0,0,0,0,0,,0,0.0,0,0,0,0,0,0,0,0,,0,0,0,0,0.0,0,0,0,0,1,0,0,0,0,0,0,0,0,0,0,0.0,0.0,0,0,0,0,0,0,0.0,0,0,0,0.0,0,0,0,0,0,0.0,0,0,0,0,6.4,0,0,1,0,0,0,3654.0,190000.0,F,22.0,France
Emmanuel Ekong,1000015,Empoli,2705,italy,2324,11,1,0,6.4,0,0,0,0.0,0.0,0,0,0.0,1,0,0.0,1,0,1,100.0,0,0.0,0,0,0,0,,0,0,0,0,0,1,0,0,0,0,2,0,0,0,0,0.0,,0,0,0,0,0,,1,33.33,0,0,0,0,0,1,0,0,,0,0,0,0,0.0,0,0,0,0,2,0,0,0,0,0,0,0,0,0,0,0.0,0.0,0,0,0,0,0,0,0.0,0,0,0,0.0,1,0,2,0,1,33.33,0,1,0,1,6.4,0,0,4,1,0,0,3654.0,190000.0,F,21.0,Sweden
Davide Bettella,826189,Monza,2729,italy,2324,13,1,0,6.4,0,0,0,0.0,0.0,0,0,0.0,1,0,0.0,1,2,3,60.0,0,0.0,0,0,0,0,0.0,0,0,0,0,0,1,0,0,1,0,1,0,0,0,0,0.0,0.0,0,0,0,0,0,,0,0.0,0,0,0,2,0,0,0,0,,0,0,0,0,0.0,0,0,0,0,3,0,0,0,0,0,0,0,0,0,0,0.0,0.0,0,0,0,0,0,0,0.0,0,0,0,0.0,0,0,0,0,0,0.0,0,2,3,5,6.4,0,0,6,0,0,0,6731.0,350000.0,D,23.0,Italy
Jeppe Corfitzen,1387352,Lecce,2689,italy,2324,8,1,0,6.4,0,0,0,0.0,0.0,0,0,0.0,0,0,0.0,2,0,2,66.67,0,0.0,1,0,0,0,0.0,0,0,0,0,0,1,0,0,0,0,1,0,0,0,0,0.0,0.0,2,1,1,0,0,,1,100.0,0,0,0,1,0,0,0,0,,0,0,0,0,0.0,0,0,0,0,2,0,0,0,0,0,0,0,0,0,0,0.0,0.0,0,0,0,0,0,0,0.0,0,1,0,0.0,0,0,0,0,1,50.0,0,2,1,3,6.4,0,0,6,0,0,0,2308.0,120000.0,F,19.0,Denmark
Samuele Perisan,794784,Empoli,2705,italy,2324,90,1,1,6.4,0,0,0,0.0,0.0,0,0,0.0,0,3,30.0,0,19,19,73.08,0,0.0,0,0,0,0,9.0,0,0,0,0,0,1,0,0,0,0,0,0,0,0,0,0.0,12.0,2,1,1,0,0,-1.32,0,0.0,0,0,0,7,0,0,0,0,,0,0,0,0,0.0,0,0,0,0,7,0,0,0,0,0,1,2,3,0,0,0.0,0.0,0,0,0,0,0,0,0.0,0,0,0,0.0,0,1,0,0,0,0.0,10,4,22,26,6.4,0,0,37,0,0,0,6346.0,330000.0,K,26.0,Italy
George Pușcaș,190319,Genoa,2713,italy,2324,218,8,1,6.38,0,0,0,2.12,0.09,1,0,0.0,16,0,0.0,22,12,34,55.74,12,60.0,8,0,0,0,9.0,0,5,1,0,1,8,0,0,6,3,20,0,0,1,0,0.0,0.0,5,4,1,0,0,,1,7.69,0,0,0,27,0,1,0,0,,0,0,0,0,0.0,0,0,0,0,45,2,0,0,0,0,0,0,0,0,0,0.0,0.0,0,10,1,5,5,1,33.33,0,0,0,0.0,1,1,3,0,13,39.39,0,47,14,61,51.0,11,0,98,0,0,0,22115.0,1150000.0,F,27.0,Romania
Dylan Bronn,845271,Salernitana,2710,italy,2324,65,4,0,6.38,0,0,0,0.03,0.04,1,0,0.0,2,0,0.0,3,5,8,66.67,4,50.0,4,0,0,0,0.0,0,0,0,0,4,4,0,0,0,1,5,0,0,0,0,0.0,0.0,4,4,0,0,0,,2,66.67,0,0,0,4,0,0,0,0,,0,0,0,0,0.0,0,0,0,0,4,0,0,0,0,0,0,0,0,0,0,0.0,0.0,0,1,0,1,0,0,0.0,0,0,0,0.0,0,2,0,0,6,54.55,2,6,6,12,25.5,1,0,22,2,0,0,11154.0,580000.0,D,28.0,Tunisia
Alessandro Di Pardo,928814,Cagliari,2719,italy,2324,373,15,2,6.35,0,0,0,0.09,0.21,3,4,22.22,24,1,6.25,51,44,91,71.09,4,66.67,2,0,0,0,26.0,0,0,1,0,6,15,0,0,4,3,16,0,0,3,0,0.0,0.0,10,9,1,0,0,,7,33.33,0,0,0,37,5,5,0,1,,0,0,0,2,0.0,0,0,0,0,71,3,0,0,0,0,0,0,0,0,0,0.0,0.0,0,0,3,2,0,1,16.67,0,4,1,25.0,5,12,6,18,11,40.74,16,92,54,128,95.3,3,0,223,2,0,0,5385.0,280000.0,D,24.0,Italy
Luca Gemello,876235,Torino,2696,italy,2324,180,2,2,6.35,0,0,0,,0.0,15,0,0.0,1,18,46.15,10,77,87,80.56,0,0.0,0,0,0,0,14.0,0,0,0,0,2,2,0,0,0,1,1,1,0,0,0,0.0,12.0,5,4,1,0,0,-1.21,0,0.0,0,2,0,21,0,0,0,0,,0,0,0,0,0.0,1,0,0,0,23,0,1,0,0,1,3,1,4,0,1,0.0,0.0,0,0,0,0,0,0,0.0,0,0,0,0.0,0,25,0,0,0,0.0,39,27,81,108,12.7,0,0,127,0,0,0,3269.0,170000.0,K,23.0,Italy
Giulio Donati,103156,Monza,2729,italy,2324,53,4,0,6.35,0,0,0,0.02,0.19,1,1,25.0,5,0,0.0,16,18,33,89.19,0,0.0,2,0,0,0,2.0,1,0,0,0,1,4,0,0,0,0,3,1,0,1,0,0.0,0.0,2,2,0,0,0,,0,0.0,0,0,0,4,0,3,0,0,,0,0,0,0,0.0,0,0,0,0,11,0,0,0,0,0,0,0,0,0,0,0.0,0.0,0,0,1,0,1,0,0.0,0,0,0,0.0,3,1,0,4,0,0.0,1,21,20,37,25.4,1,0,51,0,2,0,6346.0,330000.0,D,33.0,Italy
Francesco Camarda,1520771,Milan,2692,italy,2324,26,2,0,6.35,0,0,0,0.0,0.0,0,0,0.0,0,0,0.0,0,0,0,0.0,0,0.0,2,0,0,0,1.0,0,0,0,0,0,2,0,0,0,2,5,0,0,0,0,0.0,0.0,0,0,0,0,0,,0,0.0,0,0,0,0,0,0,0,0,,0,0,0,0,0.0,0,0,0,0,2,0,0,0,0,0,0,0,0,0,0,0.0,0.0,0,0,0,0,0,0,0.0,0,0,0,0.0,0,0,1,0,0,0.0,0,0,0,0,12.7,0,0,2,0,0,0,,,,,
Mateus Lusuardi,1525361,Frosinone,2801,italy,2324,220,4,3,6.33,0,0,0,0.07,0.02,0,0,0.0,21,3,30.0,50,72,122,89.05,3,75.0,1,0,0,0,7.0,0,0,1,0,7,3,0,0,1,2,6,0,0,2,0,0.0,0.0,8,7,1,0,0,,3,37.5,0,0,0,15,4,0,0,0,,0,0,0,1,0.0,0,0,0,0,22,0,0,0,0,0,0,0,0,0,0,0.0,0.0,0,1,0,0,0,1,100.0,0,2,1,50.0,0,5,1,1,6,50.0,10,63,75,137,19.0,1,0,180,0,1,0,2885.0,150000.0,D,20.0,Brazil
Nikola Sekulov,983575,Juventus,2687,italy,2324,10,1,0,6.3,0,0,0,0.0,0.0,0,0,0.0,0,0,0.0,1,0,1,50.0,0,0.0,1,0,0,0,0.0,0,0,0,0,0,1,0,0,0,0,1,0,0,0,0,0.0,0.0,1,1,0,0,0,,0,0.0,0,0,0,1,0,0,0,0,,0,0,0,0,0.0,0,0,0,0,1,0,0,0,0,0,0,0,0,0,0,0.0,0.0,0,0,0,0,0,0,0.0,0,0,0,0.0,0,0,0,0,0,0.0,0,2,0,2,6.3,0,0,2,0,0,0,,,,,
Silvan Hefti,814214,Genoa,2713,italy,2324,127,6,1,6.28,0,0,0,0.0,0.01,0,0,0.0,4,1,50.0,11,7,18,64.29,2,50.0,2,0,0,0,3.0,0,0,0,0,1,6,0,0,0,3,8,0,0,2,0,0.0,0.0,8,7,1,0,0,,7,53.85,0,0,0,10,0,0,0,0,,0,0,0,0,0.0,0,0,0,0,17,0,0,0,0,0,0,0,0,0,0,0.0,0.0,0,0,0,0,0,0,0.0,0,6,1,16.67,0,4,1,2,9,52.94,2,20,10,28,37.7,0,0,53,1,0,0,19808.0,1030000.0,D,25.0,Switzerland
Kevin Miranda,1137268,Sassuolo,2793,italy,2324,12,1,0,6.2,0,0,0,0.0,0.0,0,0,0.0,0,0,0.0,1,8,9,90.0,0,0.0,0,0,0,0,1.0,0,0,0,0,1,1,0,0,0,0,0,0,0,0,0,0.0,0.0,2,1,1,0,0,,1,100.0,0,0,0,1,0,0,0,0,,0,0,0,0,0.0,0,0,0,0,1,0,0,0,0,0,0,0,0,0,0,0.0,0.0,0,0,0,0,0,1,100.0,0,0,0,0.0,0,0,1,0,1,100.0,0,1,9,10,6.2,0,0,12,0,0,0,,,,,
Joseph Nonge,1149138,Juventus,2687,italy,2324,22,2,0,6.05,0,0,0,,0.01,1,0,0.0,5,2,100.0,6,1,7,77.78,1,100.0,0,0,0,0,1.0,0,0,0,0,1,2,0,0,0,0,3,0,0,3,0,0.0,0.0,1,1,0,0,0,,2,40.0,0,0,0,2,0,0,0,0,,0,0,0,1,0.0,0,0,0,0,2,0,0,0,0,0,0,0,0,0,0,0.0,0.0,0,0,0,0,0,1,100.0,0,0,0,0.0,0,1,1,0,3,50.0,2,8,1,9,12.1,0,0,12,1,1,0,,,,,
Rareș Burnete,1136325,Lecce,2689,italy,2324,7,1,0,0.0,0,1,1,0.0,0.0,0,0,0.0,1,0,0.0,1,0,1,100.0,0,0.0,0,0,0,0,0.0,0,0,0,0,0,0,0,0,0,0,0,0,0,0,0,0.0,0.0,0,0,0,0,0,,0,0.0,0,0,0,0,0,1,0,0,,0,0,0,0,0.0,0,0,0,0,2,0,0,0,0,0,0,0,0,0,0,0.0,0.0,0,0,0,0,0,0,0.0,0,0,0,0.0,1,0,0,0,0,0.0,0,1,0,1,0.0,0,0,4,0,0,0,3269.0,170000.0,F,20.0,Romania
Lapo Nava,1141168,Milan,2692,italy,2324,2,1,0,0.0,0,0,0,,0.0,0,0,0.0,0,1,100.0,0,1,1,100.0,0,0.0,0,0,0,0,0.0,0,0,0,0,0,0,0,0,0,0,0,0,0,0,0,0.0,0.0,1,1,0,0,0,0.0,0,0.0,0,0,0,0,0,0,0,0,,0,0,0,0,0.0,0,0,0,0,0,0,0,0,0,0,1,0,1,0,0,0.0,0.0,0,0,0,0,0,0,0.0,0,0,0,0.0,0,0,0,0,0,0.0,1,0,1,1,0.0,0,0,2,0,0,0,8846.0,460000.0,K,20.0,Italy
Antonio Tikvić,1154189,Udinese,2695,italy,2324,1,1,0,0.0,0,0,0,,,0,0,0.0,0,0,0.0,0,0,0,0.0,0,0.0,0,0,0,0,0.0,0,0,0,0,0,0,0,0,0,0,0,0,0,0,0,0.0,0.0,0,0,0,0,0,,0,0.0,0,0,0,0,0,0,0,0,,0,0,0,0,0.0,0,0,0,0,0,0,0,0,0,0,0,0,0,0,0,0.0,0.0,0,0,0,0,0,0,0.0,0,0,0,0.0,0,0,0,0,0,0.0,0,0,0,0,0.0,0,0,0,0,0,0,3654.0,190000.0,D,19.0,Croatia
Leonardo Mendicino,1489949,Atalanta,2686,italy,2324,1,1,0,0.0,0,0,0,,,0,0,0.0,0,0,0.0,0,0,0,0.0,0,0.0,0,0,0,0,0.0,0,0,0,0,0,0,0,0,0,0,0,0,0,0,0,0.0,0.0,0,0,0,0,0,,0,0.0,0,0,0,0,0,0,0,0,,0,0,0,0,0.0,0,0,0,0,0,0,0,0,0,0,0,0,0,0,0,0.0,0.0,0,0,0,0,0,0,0.0,0,0,0,0.0,0,0,0,0,0,0.0,0,0,0,0,0.0,0,0,0,0,0,0,,,,,
Lucien Agoumé,960006,Inter,2697,italy,2324,4,1,0,0.0,0,0,0,0.0,0.0,0,0,0.0,1,0,0.0,1,4,5,100.0,1,100.0,0,0,0,0,0.0,0,0,0,0,0,0,0,0,0,0,1,0,0,0,0,0.0,0.0,0,0,0,0,0,,0,0.0,0,0,0,0,0,0,0,0,,0,0,0,0,0.0,0,0,0,0,1,0,0,0,0,0,0,0,0,0,0,0.0,0.0,0,0,0,0,0,0,0.0,0,0,0,0.0,0,0,1,0,1,50.0,0,1,4,5,0.0,0,0,6,0,0,0,8654.0,450000.0,M,21.0,France
Enzo Ebosse,848279,Udinese,2695,italy,2324,7,1,0,0.0,0,0,0,0.0,0.0,0,0,0.0,1,0,0.0,5,7,12,80.0,0,0.0,0,0,0,0,3.0,0,0,0,0,0,0,0,0,0,1,1,0,0,0,0,0.0,0.0,0,0,0,0,0,,1,50.0,0,0,0,3,1,0,0,0,,0,0,0,0,0.0,0,0,0,0,3,0,0,0,0,0,0,0,0,0,0,0.0,0.0,0,0,0,0,0,0,0.0,0,1,1,100.0,0,0,0,0,1,50.0,2,6,9,15,0.0,0,0,17,0,0,0,19808.0,1030000.0,D,24.0,Cameroon
Justin Kumi,1137256,Sassuolo,2793,italy,2324,3,1,0,0.0,0,0,0,0.0,0.0,0,0,0.0,1,0,0.0,2,0,2,100.0,0,0.0,0,0,0,0,0.0,0,0,0,0,0,0,0,0,0,0,0,0,0,0,0,0.0,0.0,0,0,0,0,0,,0,0.0,0,0,0,0,0,0,0,0,,0,0,0,0,0.0,0,0,0,0,0,0,0,0,0,0,0,0,0,0,0,0.0,0.0,0,0,0,0,0,0,0.0,0,0,0,0.0,0,0,0,0,0,0.0,0,2,0,2,0.0,0,0,2,0,0,0,,,,,
