player,player_id,team,team_id,data_country,data_season,minutesPlayed,appearances,matchesStarted,rating,goals,assists,goalsAssistsSum,expectedGoals,expectedAssists,accurateChippedPasses,accurateCrosses,accurateCrossesPercentage,accurateFinalThirdPasses,accurateLongBalls,accurateLongBallsPercentage,accurateOppositionHalfPasses,accurateOwnHalfPasses,accuratePasses,accuratePassesPercentage,aerialDuelsWon,aerialDuelsWonPercentage,aerialLost,attemptPenaltyMiss,attemptPenaltyPost,attemptPenaltyTarget,ballRecovery,bigChancesCreated,bigChancesMissed,blockedShots,cleanSheet,clearances,countRating,crossesNotClaimed,directRedCards,dispossessed,dribbledPast,duelLost,errorLeadToGoal,errorLeadToShot,fouls,freeKickGoal,goalConversionPercentage,goalKicks,goalsConceded,goalsConcededInsideTheBox,goalsConcededOutsideTheBox,goalsFromInsideTheBox,goalsFromOutsideTheBox,goalsPrevented,groundDuelsWon,groundDuelsWonPercentage,headedGoals,highClaims,hitWoodwork,inaccuratePasses,interceptions,keyPasses,leftFootGoals,offsides,outfielderBlocks,ownGoals,passToAssist,penaltiesTaken,penaltyConceded,penaltyConversion,penaltyFaced,penaltyGoals,penaltySave,penaltyWon,possessionLost,possessionWonAttThird,punches,redCards,rightFootGoals,runsOut,savedShotsFromInsideTheBox,savedShotsFromOutsideTheBox,saves,savesCaught,savesParried,scoringFrequency,setPieceConversion,shotFromSetPiece,shotsFromInsideTheBox,shotsFromOutsideTheBox,shotsOffTarget,shotsOnTarget,successfulDribbles,successfulDribblesPercentage,successfulRunsOut,tackles,tacklesWon,tacklesWonPercentage,totalAttemptAssist,totalChippedPasses,totalContest,totalCross,totalDuelsWon,totalDuelsWonPercentage,totalLongBalls,totalOppositionHalfPasses,totalOwnHalfPasses,totalPasses,totalRating,totalShots,totwAppearances,touches,wasFouled,yellowCards,yellowRedCards,gross_weekly_eur,gross_annual_eur,position,age,nationality
Salvatore Sirigu,18954,Fiorentina,2693,italy,2223,90,1,1,8.1,0,0,0,0.0,0.0,3,0,0.0,0,9,47.37,3,16,19,65.52,0,0.0,0,0,0,0,,0,0,0,1,1,1,0,0,0,0,0,0,0,0,0,0.0,,0,0,0,0,0,0.96,0,0.0,0,0,0,10,0,0,0,0,,0,0,0,0,0.0,0,0,0,0,10,0,0,0,0,0,4,1,5,0,1,0.0,0.0,0,0,0,0,0,0,0.0,0,0,0,0.0,0,6,0,0,0,0.0,19,10,19,29,8.1,0,0,44,0,0,0,25000.0,1300000.0,K,36.0,Italy
Simone Perilli,253369,Hellas Verona,2701,italy,2223,90,1,1,7.7,0,0,0,0.0,0.0,1,0,0.0,4,6,20.0,6,4,10,29.41,0,0.0,0,0,0,0,,0,0,0,1,0,1,0,0,0,0,0,0,0,0,0,0.0,,0,0,0,0,0,0.75,0,0.0,0,0,0,24,0,0,0,0,,0,0,0,0,0.0,0,0,0,0,24,0,0,0,0,1,2,2,4,0,1,0.0,0.0,0,0,0,0,0,0,0.0,1,0,0,0.0,0,1,0,0,0,0.0,30,30,4,34,7.7,0,0,40,0,0,0,8846.0,460000.0,K,28.0,Italy
Francesco Bardi,80203,Bologna,2685,italy,2223,90,1,1,7.6,0,0,0,0.0,0.0,4,0,0.0,2,6,60.0,4,9,13,76.47,0,0.0,0,0,0,0,,0,0,0,1,0,1,0,0,1,0,1,0,0,0,0,0.0,,0,0,0,0,0,0.63,0,0.0,0,0,0,4,0,0,0,0,,0,0,0,0,0.0,0,0,0,0,6,0,0,0,0,0,1,3,4,0,1,0.0,0.0,0,0,0,0,0,0,0.0,0,0,0,0.0,0,4,0,0,0,0.0,10,6,11,17,7.6,0,1,28,0,0,0,25000.0,1300000.0,K,31.0,Italy
Paulo Dybala,256219,Roma,2702,italy,2223,1751,25,21,7.49,12,6,18,9.27,4.51,43,35,42.68,209,58,76.32,425,218,608,82.27,4,20.0,16,0,0,0,,12,5,17,1,3,25,0,0,32,18,102,0,0,10,0,18.46,,20,17,3,9,3,,97,53.01,0,0,3,131,8,53,11,5,,0,0,5,0,100.0,0,5,0,2,310,13,0,0,1,0,0,0,0,0,0,145.92,0.0,3,36,29,25,23,27,50.0,0,14,4,28.57,53,68,54,82,101,49.75,76,572,249,739,187.2,65,8,1191,56,5,0,135385.0,7040000.0,F,29.0,Argentina
Domenico Berardi,253367,Sassuolo,2793,italy,2223,1878,26,22,7.43,12,7,19,11.35,5.89,53,27,32.53,262,81,69.23,459,145,577,71.06,13,37.14,22,0,0,1,,8,5,19,2,16,26,0,0,23,31,127,0,0,33,0,14.46,,32,23,9,11,1,,94,47.24,1,0,4,235,19,45,9,8,,0,0,8,0,87.5,0,7,0,2,400,22,0,0,2,0,0,0,0,0,0,156.5,0.0,4,44,39,37,27,22,52.38,0,23,14,60.87,45,93,42,83,107,45.73,117,709,186,812,193.3,83,6,1285,49,7,0,106923.0,5560000.0,F,28.0,Italy
Hakan Çalhanoğlu,135700,Inter,2697,italy,2223,2375,33,28,7.31,3,6,9,3.09,5.98,79,68,40.72,384,98,67.12,772,619,1323,88.26,14,48.28,15,0,0,0,,3,0,21,3,8,33,0,0,12,27,108,1,0,46,0,5.36,,25,23,2,2,1,,82,46.86,0,0,2,176,25,72,0,2,,0,2,1,0,100.0,0,1,0,0,337,18,0,0,3,0,0,0,0,0,0,791.67,0.0,10,10,46,18,17,8,44.44,0,48,27,56.25,70,141,18,167,96,47.06,146,1010,656,1499,241.2,56,8,1992,26,3,0,178077.0,9260000.0,M,28.0,Turkey
Khvicha Kvaratskhelia,889259,Napoli,2714,italy,2223,2539,34,30,7.3,12,10,22,7.38,6.64,44,14,18.42,432,44,60.27,675,208,869,83.72,8,38.1,13,0,0,0,,14,3,22,3,6,34,0,0,48,26,213,0,1,20,0,14.12,,21,18,3,11,1,,163,44.9,1,0,1,169,5,54,2,6,,0,0,2,0,100.0,0,2,0,4,474,38,0,0,9,0,0,0,0,0,0,211.58,0.0,3,53,32,31,32,75,41.21,0,43,23,53.49,54,76,182,76,171,44.53,73,883,231,1038,248.3,85,8,1714,45,1,0,39423.0,2050000.0,F,21.0,Georgia
Andrea Ranocchia,49518,Monza,2729,italy,2223,48,1,1,7.3,0,0,0,0.0,0.0,2,0,0.0,2,2,66.67,3,13,16,84.21,1,33.33,2,0,0,0,,0,0,0,0,7,1,0,0,0,1,5,0,0,2,0,0.0,,2,1,1,0,0,,3,50.0,0,0,0,3,0,0,0,0,,0,0,0,0,0.0,0,0,0,0,3,0,0,0,0,0,0,0,0,0,0,0.0,0.0,0,0,0,0,0,0,0.0,0,3,1,33.33,0,3,0,0,4,44.44,3,5,14,19,7.3,0,0,35,0,0,0,,,,,
Mário Rui,99546,Napoli,2714,italy,2223,1760,22,21,7.28,0,6,6,0.61,4.39,113,35,31.82,357,113,59.16,699,539,1203,84.18,14,35.9,25,0,0,0,,5,1,2,6,17,22,0,1,7,21,77,0,1,19,0,0.0,,16,13,3,0,0,,72,58.06,0,0,2,226,15,47,0,0,,0,1,0,0,0.0,0,0,0,0,351,8,0,1,0,0,0,0,0,0,0,0.0,0.0,2,4,7,5,4,8,61.54,0,34,22,64.71,46,193,13,110,86,52.76,191,944,595,1429,160.2,11,3,1925,31,2,0,74808.0,3890000.0,D,31.0,Portugal
Lucas Martínez Quarta,795297,Fiorentina,2693,italy,2223,2170,27,25,7.25,1,1,2,2.49,0.74,117,3,75.0,170,171,56.07,476,763,1236,81.85,76,67.86,36,0,0,0,,1,3,3,4,76,27,0,0,6,19,85,0,1,21,0,3.7,,31,30,1,1,0,,117,70.48,0,0,0,274,48,8,0,1,,0,0,0,0,0.0,0,0,0,0,301,1,0,0,1,0,0,0,0,0,0,2170.0,0.0,0,22,5,13,11,12,80.0,0,80,48,60.0,8,213,15,4,193,69.42,305,662,852,1510,195.8,27,4,1897,25,6,0,24615.0,1280000.0,D,26.0,Argentina
Mattia Zaccagni,293581,Lazio,2699,italy,2223,2782,35,33,7.25,10,6,16,6.7,3.17,20,8,12.9,276,15,55.56,529,303,824,84.51,15,34.09,29,0,0,0,,10,2,19,9,6,35,0,0,35,24,171,0,1,53,0,17.54,,23,18,5,9,1,,219,60.66,1,0,0,151,21,35,3,5,,0,0,1,1,100.0,0,1,0,0,333,19,0,0,6,0,0,0,0,0,0,278.2,0.0,1,43,14,14,24,60,63.16,0,42,28,66.67,35,34,95,62,234,57.78,27,691,346,975,253.8,57,7,1582,117,9,0,67692.0,3520000.0,F,27.0,Italy
Lorenzo Pellegrini,555540,Roma,2702,italy,2223,2554,32,29,7.24,4,5,9,8.03,6.19,52,54,33.33,227,50,59.52,476,335,757,80.11,14,36.84,24,0,1,0,,11,6,28,4,20,32,0,0,36,26,145,0,0,25,0,6.15,,26,22,4,3,1,,139,53.46,0,0,2,188,26,71,1,5,,0,1,3,0,66.67,0,2,0,0,426,14,0,0,3,0,0,0,0,0,0,638.5,0.0,9,27,38,18,19,32,48.48,0,52,29,55.77,70,94,66,162,153,51.34,84,729,378,945,231.7,65,4,1587,57,5,0,124615.0,6480000.0,F,26.0,Italy
Danilo,124992,Juventus,2687,italy,2223,3182,37,35,7.24,3,3,6,2.9,1.26,96,3,16.67,279,160,54.24,723,1044,1764,85.14,53,58.24,38,0,0,0,,3,1,7,20,112,37,0,0,9,21,107,0,1,33,0,9.38,,25,24,1,2,1,,117,62.9,1,0,2,308,47,19,0,0,,0,0,0,2,0.0,0,0,0,0,381,6,0,0,2,0,0,0,0,0,0,1060.67,0.0,1,24,8,20,5,8,47.06,0,92,62,67.39,19,199,17,18,170,61.37,295,949,1141,2072,267.9,32,7,2656,17,5,0,98654.0,5130000.0,D,31.0,Brazil
Lautaro Martínez,823984,Inter,2697,italy,2223,2576,38,27,7.23,21,6,27,18.14,2.91,20,1,7.14,213,21,67.74,325,174,498,75.57,40,48.78,42,0,0,1,,9,19,25,5,15,38,0,0,48,16,180,0,1,46,0,16.54,,37,32,5,18,3,,117,45.88,2,0,2,161,13,46,10,13,,0,0,2,0,50.0,0,1,0,1,339,25,0,0,9,0,0,0,0,0,0,122.67,0.0,0,99,28,49,53,29,48.33,0,25,14,56.0,46,33,60,14,157,46.59,31,468,205,659,274.8,127,6,1214,63,3,0,213654.0,11110000.0,F,25.0,Argentina
Min-jae Kim,896569,Napoli,2714,italy,2223,3054,35,35,7.22,2,2,4,1.0,0.91,66,2,33.33,262,120,57.69,888,1661,2547,91.0,92,63.45,53,0,0,0,,2,2,1,14,122,35,0,0,7,4,97,1,0,30,0,25.0,,24,19,5,2,0,,65,59.63,2,0,1,252,41,10,0,0,,0,0,0,0,0.0,0,0,0,0,285,0,0,0,0,0,0,0,0,0,0,1527.0,0.0,0,8,0,3,4,4,57.14,0,55,30,54.55,10,127,7,6,157,61.81,208,1034,1771,2799,252.7,8,4,3173,7,5,0,89038.0,4630000.0,D,26.0,South Korea
Sandro Tonali,892673,Milan,2692,italy,2223,2730,34,30,7.21,2,7,9,2.39,4.54,51,29,22.31,309,86,53.09,649,517,1137,81.04,15,45.45,18,0,0,0,,12,1,12,8,16,34,0,0,9,17,86,0,1,35,0,6.25,,36,33,3,2,0,,105,60.69,0,0,1,266,25,62,1,5,,0,0,0,0,0.0,0,0,0,0,442,17,0,0,1,0,0,0,0,0,0,1365.0,0.0,6,13,19,6,14,9,47.37,0,64,41,64.06,62,126,19,130,120,58.25,162,958,575,1403,245.3,32,2,1917,32,7,0,89038.0,4630000.0,M,22.0,Italy
Ismaël Bennacer,823733,Milan,2692,italy,2223,2011,28,24,7.2,2,2,4,0.99,3.12,59,22,27.85,283,93,68.89,661,553,1192,89.15,22,50.0,22,0,0,0,,4,0,4,3,13,28,0,0,23,21,115,0,1,36,0,12.5,,21,18,3,2,0,,111,54.41,0,0,0,145,26,43,2,1,,0,0,0,0,0.0,0,0,0,0,283,16,0,0,0,0,0,0,0,0,0,1005.5,0.0,3,3,13,9,3,27,67.5,0,59,33,55.93,43,102,40,79,133,53.63,135,824,592,1337,201.7,16,4,1758,25,5,0,135385.0,7040000.0,M,25.0,Algeria
Victor Osimhen,822471,Napoli,2714,italy,2223,2583,32,30,7.2,26,4,30,21.38,1.73,11,3,15.79,154,10,76.92,220,47,264,70.97,66,54.55,55,0,0,1,,2,24,30,5,29,32,0,0,48,7,180,0,0,40,0,19.26,,17,12,5,26,0,,72,36.55,7,0,5,108,6,34,2,32,,0,0,3,1,66.67,0,2,0,2,308,26,0,0,17,0,0,0,0,0,0,99.35,0.0,1,121,14,50,55,25,40.32,0,10,6,60.0,34,18,62,19,138,43.4,13,327,64,372,230.3,135,6,892,38,4,0,104808.0,5450000.0,F,24.0,Nigeria
Teun Koopmeiners,803033,Atalanta,2686,italy,2223,2861,33,32,7.19,10,4,14,7.64,6.87,92,51,32.28,431,92,40.17,784,467,1200,78.13,38,62.3,23,0,0,2,,8,7,18,8,33,33,0,0,32,28,147,0,2,48,0,16.95,,36,27,9,6,4,,102,45.13,1,0,1,336,19,58,7,6,,0,0,4,0,50.0,0,2,0,0,561,22,0,0,2,0,0,0,0,0,0,286.1,0.0,6,26,33,14,27,29,55.77,0,46,26,56.52,58,205,52,158,140,48.78,229,1144,550,1536,237.3,59,4,2167,27,7,0,36923.0,1920000.0,M,24.0,Netherlands
Mattia Perin,79645,Juventus,2687,italy,2223,947,11,10,7.19,0,0,0,0.0,0.01,27,0,0.0,6,39,31.97,22,189,211,71.28,2,100.0,0,0,0,0,,0,0,0,5,1,11,0,0,0,0,0,0,0,0,0,0.0,,7,7,0,0,0,4.27,1,100.0,0,4,0,85,0,0,0,0,,0,0,0,0,0.0,2,0,1,0,86,0,1,0,0,4,15,18,33,1,5,0.0,0.0,0,0,0,0,0,0,0.0,4,0,0,0.0,0,73,0,0,3,100.0,122,85,211,296,79.1,0,2,391,1,0,0,53462.0,2780000.0,K,30.0,Italy
Cristiano Biraghi,122848,Fiorentina,2693,italy,2223,2565,33,30,7.18,2,4,6,1.89,5.84,56,88,29.33,372,79,36.57,710,474,1096,78.51,19,43.18,25,0,0,1,,6,1,7,5,38,33,0,0,6,33,101,0,1,29,2,8.0,,35,33,2,0,2,,110,59.14,0,0,2,300,14,83,2,1,,1,0,1,0,0.0,0,0,0,0,593,6,0,0,0,0,0,0,0,0,0,1282.5,13.33,15,4,21,12,6,7,43.75,0,65,38,58.46,83,175,16,300,129,56.09,216,1140,556,1396,237.1,25,2,2291,38,1,0,42692.0,2220000.0,D,30.0,Italy
Fikayo Tomori,788255,Milan,2692,italy,2223,2765,33,32,7.18,1,1,2,1.31,0.88,35,0,0.0,114,167,63.02,464,1221,1685,88.87,63,67.74,30,0,0,0,,1,1,2,10,77,33,0,0,3,12,71,0,1,28,0,11.11,,29,26,3,1,0,,97,70.29,0,0,0,211,29,9,1,1,,0,0,0,1,0.0,0,0,0,0,238,3,0,0,0,0,0,0,0,0,0,2765.0,0.0,0,7,2,3,4,3,75.0,0,70,34,48.57,9,90,4,6,160,69.26,265,604,1298,1896,236.9,9,3,2255,25,5,0,86346.0,4490000.0,D,25.0,England
Amir Rrahmani,332155,Napoli,2714,italy,2223,2450,29,27,7.18,2,1,3,1.84,0.81,100,0,0.0,208,154,63.37,724,1250,1974,91.39,67,62.04,41,0,0,0,,2,2,2,10,74,28,0,0,3,9,76,0,1,22,0,9.52,,22,20,2,2,0,,48,57.83,1,0,1,186,14,12,0,1,,0,0,0,0,0.0,0,0,0,0,205,2,0,0,1,0,0,0,0,0,0,1225.0,0.0,0,19,2,16,3,3,50.0,0,33,18,54.55,12,173,6,1,115,60.21,243,840,1321,2160,200.9,21,3,2408,12,2,0,61731.0,3210000.0,D,29.0,Kosovo
Giovanni Di Lorenzo,153257,Napoli,2714,italy,2223,3257,37,36,7.17,3,4,7,2.7,4.36,105,9,10.23,519,100,58.48,1028,947,1966,86.04,41,54.67,34,0,0,0,,6,0,8,17,50,37,0,0,17,24,120,0,0,31,0,9.68,,24,19,5,2,1,,108,55.67,1,0,0,319,30,47,1,4,,0,0,0,0,0.0,0,0,0,0,472,15,0,0,1,0,0,0,0,0,0,1085.67,0.0,0,27,4,10,13,12,41.38,0,60,29,48.33,47,187,29,88,149,55.39,171,1346,1027,2285,265.4,31,4,3053,36,2,0,85385.0,4440000.0,D,29.0,Italy
Federico Dimarco,284361,Inter,2697,italy,2223,2088,33,26,7.17,4,3,7,3.06,5.46,73,64,30.92,218,69,53.91,449,366,751,80.58,5,29.41,12,0,0,0,,12,3,12,1,13,33,0,0,11,10,56,0,0,12,1,8.16,,24,21,3,3,1,,66,60.0,0,0,1,181,18,60,3,5,,0,1,0,1,0.0,0,0,0,0,374,15,0,0,1,0,0,0,0,0,0,522.0,14.29,7,25,24,22,15,5,27.78,0,31,25,80.65,59,135,18,207,71,55.91,128,732,407,932,236.7,49,1,1507,30,0,0,71154.0,3700000.0,D,25.0,Italy
Sergej Milinković-Savić,331447,Lazio,2699,italy,2223,3028,36,34,7.17,9,8,17,6.78,4.86,74,4,13.79,361,79,53.02,749,702,1447,77.05,96,57.49,71,0,0,0,,14,4,18,13,47,36,0,0,66,43,253,0,0,45,1,14.06,,27,20,7,8,1,,169,48.15,2,0,3,431,28,42,3,2,,0,0,0,0,0.0,0,0,0,0,675,24,0,0,4,0,0,0,0,0,0,336.44,12.5,8,38,26,26,20,39,54.93,0,58,35,60.34,42,161,71,29,265,51.16,149,1099,808,1878,258.0,64,6,2603,72,10,0,114038.0,5930000.0,M,27.0,Serbia
Armand Laurienté,932643,Sassuolo,2793,italy,2223,2191,28,27,7.16,7,6,13,3.87,4.27,14,20,18.18,282,15,46.88,440,125,545,79.22,1,14.29,6,0,0,0,,7,1,17,2,3,28,0,0,53,13,150,0,0,22,1,12.5,,33,26,7,6,1,,126,46.67,0,0,2,143,12,61,0,7,,0,0,1,0,100.0,0,1,0,1,410,21,0,1,7,0,0,0,0,0,0,313.0,10.0,10,31,25,17,22,64,52.03,0,21,15,71.43,61,32,123,110,127,45.85,32,653,145,688,200.5,56,2,1250,41,8,1,22115.0,1150000.0,F,24.0,France
Luis Alberto,111416,Lazio,2699,italy,2223,2443,35,27,7.15,6,7,13,4.42,6.32,59,36,24.49,512,58,58.59,1012,621,1597,87.55,8,38.1,13,0,0,1,,7,4,13,9,4,35,0,0,31,49,128,0,0,15,0,12.77,,19,14,5,3,3,,81,41.33,0,0,0,227,9,67,0,2,,0,1,2,0,50.0,0,1,0,0,440,21,0,0,6,0,0,0,0,0,0,407.17,0.0,4,17,30,15,19,19,48.72,0,49,29,59.18,66,104,39,147,89,41.01,99,1296,675,1824,250.2,47,6,2307,13,4,0,89038.0,4630000.0,M,30.0,Spain
Nicolás Domínguez,871765,Bologna,2685,italy,2223,2309,31,26,7.14,3,2,5,2.55,2.76,53,2,10.53,294,60,61.86,636,507,1141,83.71,37,57.81,27,0,0,0,,4,1,5,4,24,31,0,0,21,37,137,0,1,43,0,7.14,,31,29,2,2,1,,137,55.47,0,0,1,222,21,37,0,2,,0,1,0,1,0.0,0,0,0,0,336,21,0,0,3,0,0,0,0,0,0,769.67,0.0,0,13,29,20,17,26,68.42,0,79,49,62.03,36,99,38,19,174,55.95,97,814,568,1363,221.3,42,2,1813,32,10,0,17308.0,900000.0,M,24.0,Argentina
Piotr Zieliński,138605,Napoli,2714,italy,2223,2305,37,27,7.14,3,8,11,3.49,7.52,50,43,38.39,514,36,60.0,897,399,1253,87.5,4,23.53,13,0,0,0,,12,1,16,1,6,37,0,0,15,13,90,0,0,21,0,5.66,,21,18,3,3,0,,74,49.01,0,0,1,179,14,84,2,2,,0,0,0,0,0.0,0,0,0,0,325,21,0,0,1,0,0,0,0,0,0,768.33,0.0,6,18,35,18,19,22,43.14,0,17,10,58.82,84,87,51,112,78,46.43,60,1110,434,1432,264.1,53,3,1831,35,3,0,124615.0,6480000.0,M,28.0,Poland
Ivan Provedel,308182,Lazio,2699,italy,2223,3412,38,37,7.11,0,0,0,0.0,0.06,129,0,0.0,33,301,56.05,92,808,900,78.06,6,85.71,1,0,0,0,,0,0,0,21,29,38,1,0,0,0,1,1,0,0,0,0.0,,30,23,7,0,0,2.64,4,100.0,0,21,0,253,0,1,0,0,,0,0,0,0,0.0,2,0,0,0,263,0,14,0,0,15,57,42,100,1,23,0.0,0.0,0,0,0,0,0,1,100.0,14,1,0,0.0,1,238,1,0,10,90.91,537,262,891,1153,270.3,0,0,1494,5,1,0,35577.0,1850000.0,K,28.0,Italy
Bremer,885197,Juventus,2687,italy,2223,2639,30,30,7.11,4,1,5,4.92,0.61,39,0,0.0,54,90,57.69,330,1170,1500,90.2,79,61.24,50,0,0,0,,3,6,8,12,115,30,0,0,8,7,95,0,2,29,0,12.5,,31,30,1,4,0,,43,48.86,4,0,0,163,42,9,0,1,,0,0,0,1,0.0,0,0,0,0,195,4,0,0,0,0,0,0,0,0,0,659.75,0.0,0,31,1,17,7,3,42.86,0,29,20,68.97,9,80,7,0,122,56.22,156,423,1240,1663,213.2,32,4,2027,11,6,0,178077.0,9260000.0,D,25.0,Brazil
Chris Smalling,47741,Roma,2702,italy,2223,2807,32,31,7.11,3,1,4,1.7,0.78,24,0,0.0,49,73,54.89,256,915,1171,87.45,72,75.0,24,0,0,0,,1,2,4,12,123,32,0,0,2,8,52,0,0,18,0,17.65,,27,24,3,3,0,,41,59.42,3,0,0,168,43,6,0,1,,0,0,0,0,0.0,0,0,0,0,184,1,0,0,0,0,0,0,0,0,0,935.67,0.0,0,17,0,8,5,2,66.67,0,26,15,57.69,6,56,3,1,113,68.48,133,340,1000,1339,227.4,17,1,1682,14,7,0,86346.0,4490000.0,D,33.0,England
Patric,217784,Lazio,2699,italy,2223,1414,18,16,7.11,0,0,0,0.13,0.15,32,0,0.0,36,114,61.96,186,761,947,89.26,9,29.03,22,0,0,0,,0,0,0,9,51,17,0,0,0,5,31,0,1,3,0,0.0,,7,6,1,0,0,,22,70.97,0,0,0,114,11,2,0,0,,0,0,0,0,0.0,0,0,0,0,121,2,0,0,0,0,0,0,0,0,0,0.0,0.0,0,0,2,1,1,2,66.67,0,17,11,64.71,2,71,3,0,31,50.0,184,243,818,1061,120.8,2,0,1199,4,1,0,42692.0,2220000.0,D,29.0,Spain
Răzvan Marin,279563,Empoli,2705,italy,2223,2540,33,28,7.1,2,4,6,1.35,4.54,90,38,27.14,301,122,61.0,641,614,1217,84.46,16,47.06,18,0,0,0,,5,0,11,4,32,33,0,0,22,21,105,0,0,31,0,6.06,,39,35,4,0,2,,87,50.0,0,0,1,224,14,56,0,1,,0,0,0,1,0.0,0,0,0,0,396,10,0,0,2,0,0,0,0,0,0,1270.0,0.0,10,3,30,14,8,22,59.46,0,44,22,50.0,56,162,37,140,103,49.52,200,912,669,1441,234.4,33,5,1890,21,7,0,24615.0,1280000.0,M,27.0,Romania
Felipe Anderson,152276,Lazio,2699,italy,2223,2967,38,35,7.1,9,2,11,6.07,4.18,46,8,16.0,375,31,59.62,679,393,1064,79.82,14,40.0,21,0,0,0,,4,2,9,15,23,38,0,0,44,55,199,0,0,40,0,21.95,,24,18,6,9,0,,167,48.41,2,0,0,269,31,48,2,7,,0,1,0,0,0.0,0,0,0,1,493,26,0,0,5,0,0,0,0,0,0,329.67,0.0,0,31,10,9,23,54,56.25,0,80,50,62.5,47,69,96,50,181,47.63,52,929,454,1333,269.9,41,3,1988,33,3,0,54231.0,2820000.0,F,29.0,Brazil
Ionuț Radu,815202,Cremonese,2761,italy,2223,810,9,9,7.1,0,0,0,0.0,0.06,13,0,0.0,15,50,31.45,32,156,188,63.09,3,75.0,1,0,0,0,,1,0,0,1,4,9,2,0,0,0,1,1,2,0,0,0.0,,19,18,1,0,0,2.78,1,100.0,0,4,0,110,0,2,0,0,,0,0,0,0,0.0,3,0,0,0,115,0,3,0,0,3,31,14,46,0,12,0.0,0.0,0,0,0,0,0,0,0.0,3,0,0,0.0,2,49,0,0,4,80.0,159,131,167,298,63.9,0,2,394,1,0,0,35577.0,1850000.0,K,25.0,Romania
Rafael Leão,851284,Milan,2692,italy,2223,2430,35,28,7.09,15,8,23,10.86,6.19,31,16,22.54,281,47,71.21,452,116,552,74.39,29,50.0,29,0,0,0,,15,12,31,3,7,35,0,0,38,8,171,0,0,20,0,16.3,,31,28,3,12,3,,115,44.75,1,0,4,190,15,50,4,10,,0,1,0,0,0.0,0,0,0,1,439,16,0,1,10,0,0,0,0,0,0,162.0,0.0,0,60,32,32,29,77,50.0,0,8,7,87.5,49,54,154,71,144,45.71,66,665,148,742,248.3,92,9,1331,30,5,1,123269.0,6410000.0,F,23.0,Portugal
Romelu Lukaku,78893,Inter,2697,italy,2223,1663,25,19,7.09,10,6,16,8.97,2.92,9,3,12.5,147,7,87.5,218,59,274,72.49,39,52.7,35,0,0,0,,7,4,8,3,16,25,0,0,28,3,92,0,0,16,0,19.61,,16,15,1,8,2,,25,30.49,1,0,2,104,0,33,6,13,,0,1,2,0,100.0,0,2,0,0,219,5,0,0,3,0,0,0,0,0,0,166.3,0.0,0,42,9,21,22,16,55.17,0,3,1,33.33,32,12,29,24,64,41.03,8,327,75,378,177.3,51,3,621,6,1,0,209615.0,10900000.0,F,29.0,Belgium
Gerard Deulofeu,96372,Udinese,2695,italy,2223,1218,16,15,7.09,2,6,8,5.06,3.95,6,19,32.2,220,9,42.86,319,112,412,80.47,1,20.0,4,0,0,0,,3,9,16,4,1,16,0,0,18,10,60,0,0,8,1,4.55,,15,14,1,1,1,,39,41.05,0,0,4,100,2,48,0,8,,0,0,0,0,0.0,0,0,0,0,211,9,0,0,2,0,0,0,0,0,0,609.0,10.0,10,28,16,16,12,20,48.78,0,8,5,62.5,48,16,41,59,40,40.0,21,443,128,512,113.4,44,1,771,11,1,0,24615.0,1280000.0,F,28.0,Spain
Pierluigi Gollini,329175,Napoli,2714,italy,2223,630,7,7,7.09,0,0,0,0.0,0.01,26,0,0.0,2,51,49.51,17,174,191,78.28,0,0.0,0,0,0,0,,0,0,0,4,4,7,0,0,0,0,0,0,0,0,0,0.0,,6,6,0,0,0,-1.17,1,100.0,0,3,0,53,0,0,0,0,,0,0,0,0,0.0,0,0,0,0,53,0,1,0,0,1,13,5,18,0,4,0.0,0.0,0,0,0,0,0,0,0.0,1,1,0,0.0,0,43,0,0,1,100.0,103,54,190,244,49.6,0,0,311,0,0,0,28462.0,1480000.0,K,27.0,Italy
Nicolò Barella,363856,Inter,2697,italy,2223,2621,35,31,7.08,6,6,12,3.25,4.14,74,21,25.0,432,62,61.39,815,484,1278,85.03,20,57.14,15,0,0,0,,4,2,9,6,12,35,0,0,39,25,124,0,0,32,1,18.18,,31,29,2,5,1,,134,55.14,0,0,2,225,12,55,1,9,,0,0,0,0,0.0,0,0,0,0,406,18,0,0,5,0,0,0,0,0,0,436.83,100.0,1,12,21,11,13,40,70.18,0,49,25,51.02,55,145,57,84,154,55.4,101,1058,529,1503,247.9,33,4,2002,45,6,0,178077.0,9260000.0,M,25.0,Italy
Jaka Bijol,886930,Udinese,2695,italy,2223,2732,32,32,7.08,3,2,5,2.23,1.74,88,1,100.0,66,118,54.13,278,891,1168,85.01,88,65.19,47,0,0,0,,4,1,3,8,163,32,0,0,4,11,93,0,0,29,0,15.0,,38,34,4,3,0,,47,50.54,2,0,0,206,29,9,1,0,,0,0,0,1,0.0,0,0,0,0,228,1,0,0,0,0,0,0,0,0,0,910.67,0.0,0,20,0,10,7,2,40.0,0,39,23,58.97,9,173,5,1,135,59.21,218,417,958,1374,226.4,20,4,1751,7,10,0,19808.0,1030000.0,D,23.0,Slovenia
Martin Turk,1083104,Sampdoria,2711,italy,2223,360,4,4,7.08,0,0,0,0.0,0.0,25,0,0.0,3,41,45.56,29,46,75,59.06,1,100.0,0,0,0,0,,0,0,0,0,1,4,0,0,0,0,0,0,0,0,0,0.0,,9,8,1,0,0,-0.3,1,100.0,0,0,0,52,0,0,0,0,,0,0,0,0,0.0,2,0,0,0,53,0,0,0,0,0,13,8,21,0,3,0.0,0.0,0,0,0,0,0,0,0.0,0,0,0,0.0,0,50,0,0,2,100.0,90,67,60,127,28.3,0,0,166,0,0,0,5385.0,280000.0,K,19.0,Slovenia
Juan Cuadrado,47743,Juventus,2687,italy,2223,2086,31,24,7.07,1,3,4,1.44,2.34,54,34,40.96,201,85,77.98,502,496,964,87.0,12,48.0,13,0,0,0,,6,0,5,7,23,31,0,1,14,38,116,0,0,33,0,3.13,,15,14,1,1,0,,118,53.39,0,0,2,144,24,44,0,2,,0,2,0,0,0.0,0,0,0,1,286,4,0,1,1,0,0,0,0,0,0,2086.0,0.0,6,15,17,16,11,25,53.19,0,50,34,68.0,42,82,47,83,130,52.85,109,642,549,1108,219.2,32,1,1665,44,6,0,178077.0,9260000.0,M,34.0,Colombia
Armando Izzo,165583,Monza,2729,italy,2223,2479,30,29,7.06,1,0,1,2.22,0.77,98,3,42.86,151,99,54.1,399,971,1367,87.68,40,51.95,37,0,0,0,,1,3,3,7,79,30,0,0,8,16,111,0,1,44,0,6.25,,25,25,0,1,0,,129,63.55,1,0,0,192,50,15,0,1,,0,0,0,1,0.0,0,0,0,1,237,0,0,0,0,0,0,0,0,0,0,2479.0,0.0,0,16,0,9,4,11,55.0,0,73,50,68.49,15,175,20,7,169,60.36,183,508,1058,1559,211.8,16,4,1973,45,10,0,60577.0,3150000.0,D,30.0,Italy
Adrien Rabiot,250737,Juventus,2687,italy,2223,2751,32,31,7.05,8,4,12,6.17,1.87,33,7,20.59,285,49,66.22,576,381,950,83.63,50,55.56,40,0,0,0,,1,6,13,16,38,32,0,0,35,27,160,0,1,45,0,16.67,,27,26,1,8,0,,134,52.76,4,0,2,186,26,31,2,2,,0,0,0,0,0.0,0,0,0,0,332,8,0,0,2,0,0,0,0,0,0,343.88,0.0,0,31,17,12,23,27,60.0,0,65,35,53.85,31,60,45,34,184,53.49,74,742,428,1136,225.7,48,2,1663,42,9,0,172500.0,8970000.0,M,28.0,France
Stanislav Lobotka,150383,Napoli,2714,italy,2223,3111,38,34,7.05,1,1,2,0.62,1.34,85,0,0.0,443,95,81.2,1145,1016,2161,94.16,12,41.38,17,0,0,0,,1,0,4,8,16,38,0,0,16,30,91,0,0,25,0,9.09,,27,23,4,1,0,,155,67.69,0,0,0,134,23,17,0,0,,0,0,0,0,0.0,0,0,0,1,184,21,0,0,1,0,0,0,0,0,0,3111.0,0.0,0,4,7,3,4,17,77.27,0,83,44,53.01,17,112,22,2,167,64.73,117,1242,1055,2295,268.0,11,0,2630,55,2,0,69038.0,3590000.0,M,28.0,Slovakia
Jérémie Boga,367056,Atalanta,2686,italy,2223,786,23,5,7.05,2,5,7,1.87,3.34,14,24,43.64,172,20,76.92,275,100,351,84.99,5,55.56,4,0,0,0,,3,0,5,0,1,21,0,0,11,4,55,0,0,4,0,15.38,,14,11,3,1,1,,74,59.2,0,0,0,62,1,34,1,1,,0,0,0,0,0.0,0,0,0,0,175,8,0,0,1,0,0,0,0,0,0,393.0,0.0,2,5,8,5,3,48,59.26,0,9,5,55.56,34,19,81,55,79,58.96,26,356,112,413,148.1,13,0,675,17,0,0,53462.0,2780000.0,F,26.0,Cote d'Ivoire
Guglielmo Vicario,553606,Empoli,2705,italy,2223,2784,31,31,7.05,0,0,0,0.0,0.04,70,0,0.0,32,183,34.92,105,668,773,68.71,10,83.33,2,0,0,0,,0,0,0,7,42,31,0,0,0,1,3,1,1,0,0,0.0,,39,35,4,0,0,2.07,8,88.89,0,32,0,352,0,0,0,0,,0,0,0,0,0.0,6,0,1,0,354,0,27,0,0,7,61,35,97,0,35,0.0,0.0,0,0,0,0,0,0,0.0,7,1,1,100.0,0,214,0,0,18,85.71,524,385,740,1125,218.6,0,5,1466,8,3,0,21346.0,1110000.0,K,26.0,Italy
Ardian Ismajli,840414,Empoli,2705,italy,2223,2091,25,22,7.05,0,0,0,0.69,0.42,16,0,0.0,31,59,49.17,168,701,869,84.62,57,58.16,41,0,0,0,,0,0,3,5,117,25,0,0,2,6,68,0,0,19,0,0.0,,27,25,2,0,0,,55,67.07,0,0,0,158,27,5,0,0,,1,0,0,0,0.0,0,0,0,0,164,0,0,0,0,0,0,0,0,0,0,0.0,0.0,0,8,1,4,2,2,100.0,0,40,32,80.0,5,55,2,0,112,62.22,120,248,779,1027,176.2,9,2,1326,13,3,0,25000.0,1300000.0,D,26.0,Albania
Stefan Posch,355486,Bologna,2685,italy,2223,2541,30,30,7.04,6,2,8,3.31,1.91,96,10,20.41,216,116,46.03,480,662,1132,76.75,27,49.09,28,0,0,0,,3,2,5,6,60,30,0,0,11,31,132,0,0,47,0,21.43,,34,31,3,5,1,,123,54.19,3,0,0,343,35,23,0,1,,0,0,0,0,0.0,0,0,0,0,472,6,0,0,3,0,0,0,0,0,0,423.5,0.0,1,20,8,13,10,14,46.67,0,81,43,53.09,23,234,30,49,150,53.19,252,733,791,1475,211.3,28,2,2226,28,6,0,19231.0,1000000.0,D,25.0,Austria
Nicolò Rovella,937324,Monza,2729,italy,2223,1783,28,21,7.04,1,2,3,1.32,1.57,60,10,32.26,237,100,69.93,579,642,1211,89.9,9,47.37,10,0,0,0,,3,1,4,5,16,28,0,1,7,23,75,0,0,27,0,4.35,,20,18,2,1,0,,76,53.9,0,0,0,136,40,22,0,2,,0,0,0,0,0.0,0,0,0,0,198,10,0,1,1,0,0,0,0,0,0,1783.0,0.0,1,5,18,13,6,8,50.0,0,46,30,65.22,22,95,16,31,85,53.13,143,696,682,1347,197.0,23,0,1641,22,7,0,35577.0,1850000.0,M,21.0,Italy
Ángel Di María,30027,Juventus,2687,italy,2223,1362,26,15,7.03,4,4,8,3.07,4.13,36,35,36.08,189,34,55.74,320,152,437,78.74,1,14.29,6,0,0,0,,10,1,9,0,0,26,0,1,26,16,95,0,0,6,0,10.53,,21,20,1,3,1,,66,42.58,0,0,2,118,7,42,4,4,,0,0,1,0,100.0,0,1,0,0,293,14,0,1,0,0,0,0,0,0,0,340.5,0.0,1,19,19,16,13,32,43.84,0,10,5,50.0,42,74,73,97,67,41.36,61,483,169,555,182.9,38,3,935,24,1,0,147885.0,7690000.0,F,34.0,Argentina
Ademola Lookman,824200,Atalanta,2686,italy,2223,1734,31,20,7.03,13,6,19,9.08,4.9,4,12,31.58,239,6,42.86,354,128,470,78.6,3,18.75,13,0,0,0,,10,7,16,0,1,30,0,0,46,12,130,0,0,24,0,25.0,,23,19,4,12,1,,83,41.5,1,0,3,128,4,39,2,11,,0,0,3,0,100.0,0,3,0,1,289,16,0,0,10,0,0,0,0,0,0,133.38,0.0,1,40,12,9,27,34,47.89,0,13,5,38.46,39,9,71,38,86,39.81,14,484,152,598,211.0,52,3,970,36,3,0,44423.0,2310000.0,F,25.0,Nigeria
Alessio Romagnoli,227864,Lazio,2699,italy,2223,2925,34,33,7.03,2,0,2,1.41,0.38,65,0,0.0,105,110,58.2,478,1193,1671,90.47,79,63.71,45,0,0,0,,1,0,2,15,107,34,0,0,3,11,94,0,0,35,0,15.38,,28,21,7,1,1,,52,51.49,1,0,2,176,38,2,1,1,,0,0,0,0,0.0,0,0,0,0,189,0,0,0,0,0,0,0,0,0,0,1462.5,0.0,0,11,2,6,5,1,100.0,0,33,15,45.45,2,123,1,0,131,58.22,189,579,1268,1847,239.1,13,4,2141,19,6,0,106923.0,5560000.0,D,28.0,Italy
Rodrigo Becão,880207,Udinese,2695,italy,2223,2487,28,28,7.03,2,1,3,1.51,0.89,53,3,15.79,132,82,43.39,345,646,988,80.33,63,69.23,28,0,0,0,,1,0,4,7,61,28,0,1,2,13,84,1,1,38,0,10.53,,31,30,1,2,0,,107,65.64,2,0,0,242,26,10,0,6,,1,0,0,0,0.0,0,0,0,0,334,4,0,1,0,0,0,0,0,0,0,1243.5,0.0,0,18,1,10,5,5,50.0,0,70,36,51.43,10,119,10,19,170,66.93,189,515,734,1230,196.9,19,2,1730,32,11,0,14808.0,770000.0,D,27.0,Brazil
Antonio Candreva,27982,Salernitana,2710,italy,2223,2736,35,32,7.03,7,4,11,3.67,4.92,103,54,24.77,333,71,47.97,650,400,996,79.68,2,28.57,5,0,0,0,,5,1,8,1,21,35,0,0,13,27,63,0,0,7,1,15.22,,46,39,7,4,3,,61,51.26,0,0,2,254,17,57,0,10,,0,0,0,1,0.0,0,0,0,0,486,11,0,1,6,0,0,0,0,0,0,390.86,33.33,3,16,30,17,21,8,36.36,0,17,7,41.18,57,215,22,218,63,50.0,148,1006,462,1250,246.1,46,4,1862,36,1,1,46346.0,2410000.0,M,35.0,Italy
Leo Østigård,879746,Napoli,2714,italy,2223,416,7,4,7.03,0,0,0,0.1,0.05,19,0,0.0,34,26,70.27,113,192,305,85.92,30,81.08,7,0,0,0,,0,0,0,3,17,7,0,0,0,0,9,0,1,2,0,0.0,,3,1,2,0,0,,8,80.0,0,0,0,50,6,0,0,0,,0,0,0,0,0.0,0,0,0,0,55,1,0,0,0,0,0,0,0,0,0,0.0,0.0,0,2,1,3,0,0,0.0,0,4,1,25.0,0,31,0,0,38,80.85,37,146,209,355,49.2,3,1,407,4,1,0,29615.0,1540000.0,D,23.0,Norway
Stefano Sensi,294313,Monza,2729,italy,2223,1628,28,21,7.03,3,1,4,1.8,2.63,65,14,28.0,272,88,73.95,600,483,1069,87.41,8,44.44,10,0,0,0,,3,0,8,1,3,28,0,0,15,30,80,0,0,18,1,16.67,,25,22,3,1,2,,102,59.3,0,0,1,154,20,25,1,2,,0,1,0,0,0.0,0,0,0,1,248,12,0,0,2,0,0,0,0,0,0,542.67,25.0,4,4,14,3,7,11,55.0,0,41,26,63.41,24,98,20,50,110,57.89,119,744,529,1223,196.7,18,2,1530,50,8,0,71154.0,3700000.0,M,27.0,Italy
Bryan Cristante,186855,Roma,2702,italy,2223,2941,36,34,7.02,1,1,2,2.65,1.96,97,4,36.36,249,128,52.03,670,708,1374,82.77,75,64.1,42,0,1,0,,2,2,7,12,49,36,0,1,11,36,143,0,0,52,0,3.45,,27,24,3,0,1,,141,58.26,0,0,1,286,18,17,1,2,,0,1,1,0,0.0,0,0,0,0,338,8,0,1,0,0,0,0,0,0,0,2941.0,0.0,0,19,10,17,5,9,75.0,0,113,62,54.87,16,204,12,11,216,60.17,246,879,792,1660,252.8,29,1,2064,19,8,0,99808.0,5190000.0,M,28.0,Italy
Juan Jesus,108484,Napoli,2714,italy,2223,929,15,10,7.02,1,0,1,0.2,0.3,16,0,0.0,53,21,63.64,245,418,663,90.33,30,76.92,9,0,0,0,,0,0,2,6,28,15,0,0,1,3,22,0,0,10,0,20.0,,8,7,1,1,0,,21,61.76,0,0,0,71,10,2,0,0,,0,0,0,0,0.0,0,0,0,0,79,0,0,0,1,0,0,0,0,0,0,929.0,0.0,0,4,1,2,1,0,0.0,0,16,11,68.75,2,44,0,0,51,69.86,33,285,449,734,105.3,5,1,843,5,2,0,35577.0,1850000.0,D,31.0,Brazil
Michele Di Gregorio,844609,Monza,2729,italy,2223,3330,37,37,7.02,0,1,1,0.0,0.06,173,0,0.0,35,249,41.92,115,802,917,71.87,4,80.0,1,0,0,0,,1,0,0,10,29,37,1,0,1,3,5,2,1,0,0,0.0,,49,45,4,0,0,0.85,5,55.56,0,12,0,359,4,1,0,0,,0,0,0,0,0.0,3,0,0,0,366,0,11,0,0,12,87,32,121,0,30,0.0,0.0,0,0,0,0,0,2,100.0,12,0,0,0.0,1,366,2,0,9,64.29,594,374,902,1276,259.7,0,2,1704,3,0,0,15962.0,830000.0,K,25.0,Italy
Marcelo Brozović,108800,Inter,2697,italy,2223,1770,28,19,7.02,3,5,8,2.5,1.77,34,14,31.11,253,70,64.22,611,699,1296,89.63,6,31.58,13,0,0,0,,3,0,12,3,24,28,0,0,6,26,77,0,0,24,0,12.0,,27,24,3,2,1,,66,50.77,0,0,0,150,22,24,1,0,,0,1,0,0,0.0,0,0,0,0,219,15,0,0,2,0,0,0,0,0,0,590.0,0.0,1,10,15,6,7,16,64.0,0,37,22,59.46,23,67,25,45,72,48.32,109,747,744,1446,196.5,25,2,1740,13,9,0,213654.0,11110000.0,M,30.0,Croatia
Matteo Pessina,350210,Monza,2729,italy,2223,2938,35,34,7.02,5,3,8,5.13,2.67,62,8,22.22,389,79,65.83,855,854,1701,86.48,38,52.05,35,0,0,0,,2,0,7,6,30,35,0,0,35,36,163,0,1,41,0,17.86,,43,41,2,5,0,,144,52.94,0,0,0,266,37,22,4,1,,0,0,3,0,100.0,0,3,0,0,423,21,0,0,1,0,0,0,0,0,0,587.6,0.0,0,19,9,12,9,34,64.15,0,57,36,63.16,22,121,53,36,182,52.75,120,1060,943,1967,245.6,28,3,2523,53,6,0,28462.0,1480000.0,F,25.0,Italy
Roger Ibañez,888949,Roma,2702,italy,2223,2796,33,32,7.0,3,0,3,3.04,0.88,45,0,0.0,90,86,53.42,398,1049,1447,87.96,61,68.54,28,0,0,0,,1,4,10,10,91,33,0,0,18,16,112,2,0,44,0,10.34,,35,31,4,3,0,,126,60.0,3,0,0,198,66,6,0,0,,1,0,0,0,0.0,0,0,0,1,251,1,0,1,0,0,0,0,0,0,0,932.0,0.0,0,25,4,8,11,13,65.0,0,67,33,49.25,6,94,20,1,187,62.54,161,512,1134,1645,231.1,29,4,2116,48,9,1,36923.0,1920000.0,D,24.0,Brazil
Filip Kostić,126588,Juventus,2687,italy,2223,2581,37,33,7.0,3,8,11,2.36,4.75,29,54,23.79,204,33,47.83,454,283,683,78.06,13,50.0,13,0,0,0,,10,2,10,6,25,37,0,0,20,26,109,0,0,29,0,8.11,,32,31,1,3,0,,76,44.19,0,0,1,192,16,67,3,2,,0,1,0,0,0.0,0,0,0,0,479,19,0,0,0,0,0,0,0,0,0,860.33,0.0,0,21,16,16,11,23,48.94,0,41,26,63.41,66,62,47,227,89,44.95,69,779,323,875,259.0,37,2,1556,12,3,0,61731.0,3210000.0,M,30.0,Serbia
Alex Cordaz,43872,Inter,2697,italy,2223,25,1,0,7.0,0,0,0,0.0,0.0,1,0,0.0,0,2,22.22,1,7,8,47.06,0,0.0,0,0,0,0,,0,0,0,0,0,1,0,0,0,0,0,0,0,0,0,0.0,,0,0,0,0,0,0.51,0,0.0,0,0,0,9,0,0,0,0,,0,0,0,0,0.0,0,0,0,0,9,0,0,0,0,0,1,1,2,0,1,0.0,0.0,0,0,0,0,0,0,0.0,0,0,0,0.0,0,5,0,0,0,0.0,9,6,11,17,7.0,0,0,22,0,0,0,5385.0,280000.0,K,40.0,Italy
Francesco Acerbi,126816,Inter,2697,italy,2223,2418,31,25,7.0,0,2,2,1.0,1.18,82,4,18.18,158,100,64.1,460,977,1433,89.79,78,65.0,42,0,0,0,,0,0,7,9,79,31,0,0,7,8,78,1,1,17,0,0.0,,30,27,3,0,0,,53,59.55,0,0,1,163,41,16,0,2,,0,0,0,0,0.0,0,0,0,0,213,4,0,0,0,0,0,0,0,0,0,0.0,0.0,0,13,5,9,2,7,63.64,0,33,19,57.58,16,122,11,22,131,62.68,156,572,1046,1596,216.9,18,1,1932,13,4,0,53462.0,2780000.0,D,34.0,Italy
Wojciech Szczęsny,50490,Juventus,2687,italy,2223,2473,28,28,7.0,0,0,0,0.0,0.02,106,0,0.0,11,157,50.32,76,422,498,75.68,10,100.0,0,0,0,0,,0,0,0,14,18,28,0,0,0,1,1,0,0,0,0,0.0,,26,25,1,0,0,0.17,3,75.0,0,9,0,160,0,0,0,0,,0,0,0,0,0.0,3,0,0,0,165,0,11,0,0,5,35,32,68,0,17,0.0,0.0,0,0,0,0,0,1,100.0,5,1,0,0.0,0,200,1,0,13,92.86,312,184,474,658,195.9,0,1,896,1,0,0,231538.0,12040000.0,K,33.0,Poland
André Onana,787498,Inter,2697,italy,2223,2160,24,24,6.99,0,0,0,0.0,0.07,83,0,0.0,24,147,44.68,73,649,722,79.17,4,100.0,0,0,0,0,,0,0,0,8,14,24,0,0,0,1,1,0,0,0,0,0.0,,24,21,3,0,0,-4.55,2,66.67,0,12,0,190,0,3,0,0,,1,0,0,0,0.0,2,0,0,0,194,0,9,0,0,1,39,22,62,1,15,0.0,0.0,0,0,0,0,0,0,0.0,0,0,0,0.0,3,188,0,0,6,85.71,329,220,692,912,167.8,0,0,1133,3,1,0,74038.0,3850000.0,K,26.0,Cameroon
Riccardo Orsolini,793645,Bologna,2685,italy,2223,2122,32,22,6.99,11,4,15,9.68,2.72,51,31,31.31,189,53,65.43,353,197,519,68.11,16,39.02,25,0,0,0,,4,5,22,2,14,32,0,1,36,24,163,0,0,39,0,11.96,,31,28,3,10,1,,108,43.9,0,0,0,243,8,45,11,18,,0,1,3,0,100.0,0,3,0,1,471,18,0,2,0,0,0,0,0,0,0,192.91,0.0,8,47,45,40,30,35,44.3,0,30,19,63.33,44,87,79,99,124,43.21,81,601,260,762,223.7,92,2,1336,43,6,1,39231.0,2040000.0,F,26.0,Italy
Alessandro Bastoni,826188,Inter,2697,italy,2223,2168,29,26,6.99,0,2,2,1.04,2.87,106,12,24.49,225,134,56.78,504,819,1311,85.35,39,62.9,23,0,0,0,,6,0,0,6,42,29,0,0,6,16,70,0,0,19,0,0.0,,25,23,2,0,0,,64,57.66,0,0,1,225,24,15,0,1,,0,0,0,0,0.0,0,0,0,0,314,7,0,0,0,0,0,0,0,0,0,0.0,0.0,0,10,2,9,3,8,57.14,0,41,20,48.78,15,190,14,49,103,59.54,236,692,893,1536,202.7,12,2,1902,15,3,0,99808.0,5190000.0,D,23.0,Italy
Ivan Ilić,877371,Torino,2696,italy,2223,2031,25,23,6.99,2,3,5,0.58,2.34,25,26,32.1,215,29,43.94,534,449,957,84.54,22,44.0,28,0,0,0,,2,0,4,6,23,25,0,0,10,15,83,0,0,22,0,14.29,,26,22,4,1,1,,76,58.02,0,0,1,175,13,29,2,1,,0,0,0,0,0.0,0,0,0,1,292,7,0,0,0,0,0,0,0,0,0,1015.5,0.0,0,5,9,6,4,15,60.0,0,34,17,50.0,29,51,25,81,98,54.14,66,718,495,1132,174.7,14,0,1475,28,4,0,29615.0,1540000.0,M,21.0,Serbia
Federico Gatti,1128063,Juventus,2687,italy,2223,1457,18,16,6.98,0,0,0,0.55,1.09,33,0,0.0,71,76,54.68,275,528,803,85.15,32,54.24,27,0,0,0,,1,0,4,8,53,18,0,0,6,6,56,0,2,16,0,0.0,,13,13,0,0,0,,36,55.38,0,0,0,140,21,6,0,0,,0,0,0,0,0.0,0,0,0,0,166,2,0,0,0,0,0,0,0,0,0,0.0,0.0,0,10,3,5,4,8,80.0,0,15,11,73.33,6,86,10,3,68,54.84,139,362,584,943,125.7,13,1,1146,13,4,0,35577.0,1850000.0,D,24.0,Italy
Manuel Locatelli,363860,Juventus,2687,italy,2223,2467,32,29,6.98,0,2,2,1.46,1.25,86,1,7.69,271,110,61.45,581,527,1107,82.67,34,53.13,30,0,0,0,,2,1,10,12,52,32,0,0,19,23,124,0,0,44,0,0.0,,19,18,1,0,0,,106,53.0,0,0,0,232,27,23,0,0,,0,1,0,0,0.0,0,0,0,0,308,16,0,0,0,0,0,0,0,0,0,0.0,0.0,0,6,23,7,12,16,59.26,0,59,33,55.93,22,158,27,13,140,53.03,179,759,593,1339,223.4,29,2,1745,31,8,0,106923.0,5560000.0,M,25.0,Italy
Ciro Immobile,45923,Lazio,2699,italy,2223,2233,31,27,6.98,12,5,17,14.26,1.64,5,0,0.0,166,11,64.71,309,155,464,75.94,15,31.25,33,1,0,0,,2,13,15,8,13,31,0,0,22,3,98,0,0,21,0,15.58,,19,15,4,12,0,,52,44.44,1,0,2,147,1,26,4,21,,0,0,5,0,80.0,0,4,0,3,266,16,0,0,7,0,0,0,0,0,0,186.08,0.0,0,68,9,28,34,18,47.37,0,11,5,45.45,26,11,38,5,67,40.61,17,432,184,611,216.4,77,3,931,24,3,0,142500.0,7410000.0,F,32.0,Italy
Michele Cerofolini,869273,Fiorentina,2693,italy,2223,450,5,5,6.98,0,0,0,0.0,0.0,17,0,0.0,2,37,44.05,19,102,121,72.02,0,0.0,0,0,0,0,,0,0,0,2,2,5,0,0,0,0,0,0,0,0,0,0.0,,3,3,0,0,0,0.44,0,0.0,0,1,0,47,1,0,0,0,,0,0,0,0,0.0,1,0,0,0,47,0,0,0,0,1,5,3,8,0,3,0.0,0.0,0,0,0,0,0,0,0.0,1,0,0,0.0,0,45,0,0,0,0.0,84,59,109,168,34.9,0,0,210,0,0,0,7115.0,370000.0,K,24.0,Italy
Nicolò Casale,862697,Lazio,2699,italy,2223,2436,29,27,6.98,1,1,2,0.61,0.58,23,0,0.0,66,84,72.41,426,1056,1482,91.99,46,62.16,28,0,0,0,,0,0,1,13,68,29,0,0,1,12,64,1,0,22,0,12.5,,24,18,6,1,0,,49,57.65,0,0,0,129,17,4,0,0,,0,0,0,0,0.0,0,0,0,0,139,1,0,0,1,0,0,0,0,0,0,2436.0,0.0,0,8,0,5,2,1,33.33,0,42,20,47.62,4,48,3,0,95,59.75,116,492,1119,1611,202.4,8,1,1830,7,6,0,35577.0,1850000.0,D,24.0,Italy
Marco Carnesecchi,865646,Cremonese,2761,italy,2223,2430,27,27,6.98,0,1,1,0.0,0.12,96,0,0.0,59,186,33.1,138,294,432,53.14,6,75.0,2,0,0,0,,1,0,0,4,20,27,1,0,0,1,3,2,0,0,0,0.0,,47,42,5,0,0,-2.08,6,85.71,0,28,0,381,0,2,0,0,,0,0,0,0,0.0,2,0,0,0,389,0,9,0,0,13,63,44,107,0,22,0.0,0.0,0,0,0,0,0,0,0.0,11,1,1,100.0,2,243,0,0,12,80.0,562,472,341,813,188.4,0,4,1129,5,1,0,3654.0,190000.0,K,22.0,Italy
Gabriel Strefezza,877201,Lecce,2689,italy,2223,2459,35,30,6.98,8,4,12,6.3,3.78,49,29,23.97,269,54,50.94,428,111,510,69.11,16,26.23,45,1,0,0,,7,2,24,1,11,35,0,0,69,25,225,0,0,51,0,11.27,,35,30,5,6,2,,159,46.9,0,0,1,228,16,48,1,0,,0,0,3,1,66.67,0,2,0,0,534,23,0,0,7,0,0,0,0,0,0,307.38,0.0,4,30,41,27,20,38,47.5,0,50,24,48.0,48,125,80,121,175,43.75,106,715,144,738,244.2,71,3,1447,71,5,0,8846.0,460000.0,F,25.0,Brazil
Carlos Augusto,929199,Monza,2729,italy,2223,3087,35,35,6.98,6,5,11,4.13,3.37,29,9,16.67,235,39,47.56,520,658,1169,84.71,57,63.33,33,0,0,0,,5,4,10,7,74,35,0,0,28,21,145,0,1,41,0,14.29,,46,43,3,6,0,,125,52.74,0,0,0,211,24,26,4,6,,0,0,0,0,0.0,0,0,0,0,388,7,0,0,2,0,0,0,0,0,0,514.5,0.0,0,34,8,16,16,33,57.89,0,73,38,52.05,26,60,57,54,182,55.66,82,688,746,1380,244.2,42,3,2174,19,4,0,12115.0,630000.0,D,24.0,Brazil
Sebastiano Luperto,352736,Empoli,2705,italy,2223,3137,36,36,6.98,2,0,2,1.24,0.38,40,1,50.0,69,112,48.91,302,1170,1471,86.58,72,51.8,67,0,0,0,,1,0,2,7,157,36,0,1,3,10,101,0,1,21,0,11.11,,44,39,5,2,0,,56,62.22,1,0,0,228,43,3,1,0,,0,0,0,0,0.0,0,0,0,0,240,3,0,2,0,0,0,0,0,0,0,1568.5,0.0,0,16,2,12,4,2,100.0,0,34,18,52.94,3,112,2,2,128,55.9,229,460,1241,1699,251.1,18,3,2102,21,2,1,35577.0,1850000.0,D,26.0,Italy
Darko Lazović,41157,Hellas Verona,2701,italy,2223,2312,31,28,6.97,4,6,10,3.58,5.43,36,33,25.38,163,24,32.43,306,168,441,68.37,6,26.09,17,0,0,0,,14,5,10,1,18,31,0,0,14,16,85,0,0,9,0,9.3,,37,27,10,4,0,,48,41.38,0,0,3,204,16,47,0,10,,0,0,0,0,0.0,0,0,0,0,422,16,0,0,4,0,0,0,0,0,0,578.0,0.0,4,24,19,18,15,20,40.0,0,25,14,56.0,47,71,50,130,54,38.85,74,548,227,645,216.2,43,2,1119,3,0,0,21346.0,1110000.0,M,32.0,Serbia
Nikola Milenković,836168,Fiorentina,2693,italy,2223,2136,27,23,6.97,2,1,3,1.93,0.89,32,0,0.0,93,75,52.82,314,788,1102,85.89,73,70.87,30,0,0,0,,2,1,2,7,72,27,0,0,0,9,78,0,0,39,0,10.53,,27,26,1,2,0,,61,55.96,2,0,1,181,22,6,0,0,,1,0,0,0,0.0,0,0,0,0,192,3,0,0,0,0,0,0,0,0,0,1068.0,0.0,0,19,0,11,6,0,0.0,0,40,25,62.5,6,73,0,0,134,63.21,142,420,863,1283,188.3,19,1,1546,21,4,0,106923.0,5560000.0,D,25.0,Serbia
Malick Thiaw,1014286,Milan,2692,italy,2223,1370,20,15,6.97,0,0,0,0.84,0.25,33,0,0.0,68,67,58.77,308,619,927,88.37,52,66.67,26,0,0,0,,0,2,2,5,65,19,0,0,4,9,55,0,1,14,0,0.0,,12,12,0,0,0,,39,57.35,0,0,0,122,12,2,0,1,,0,0,0,0,0.0,0,0,0,0,134,0,0,0,0,0,0,0,0,0,0,0.0,0.0,0,7,1,3,3,1,33.33,0,31,26,83.87,2,59,3,2,91,62.33,114,375,676,1049,132.5,8,0,1218,7,5,0,19808.0,1030000.0,D,21.0,Germany
Rolando Mandragora,548178,Fiorentina,2693,italy,2223,1963,29,22,6.97,2,4,6,1.55,4.07,59,24,32.43,279,67,62.04,491,293,760,84.35,35,60.34,23,0,0,0,,7,0,15,3,20,29,0,0,8,29,98,0,0,31,0,5.41,,22,21,1,1,1,,65,46.43,0,0,1,141,16,34,2,1,,0,0,0,0,0.0,0,0,0,0,224,8,0,0,0,0,0,0,0,0,0,981.5,0.0,2,13,24,17,5,5,35.71,0,42,24,57.14,34,89,14,74,100,50.51,108,652,323,901,202.2,37,1,1235,18,8,0,56923.0,2960000.0,M,25.0,Italy
Frank Anguissa,787941,Napoli,2714,italy,2223,3059,36,36,6.97,3,5,8,4.42,2.36,37,1,4.17,582,60,67.42,1184,793,1976,88.85,47,63.51,27,0,0,0,,3,3,11,11,24,36,0,0,50,48,202,0,0,44,0,6.0,,26,22,4,3,0,,134,43.37,1,0,1,248,49,33,0,2,,0,0,0,0,0.0,0,0,0,1,431,43,0,0,2,0,0,0,0,0,0,1019.67,0.0,1,31,19,24,15,33,50.0,0,53,32,60.38,33,70,66,24,181,47.26,89,1381,867,2224,250.9,50,2,2801,48,3,0,66538.0,3460000.0,M,27.0,Cameroon
Rémi Oudin,842709,Lecce,2689,italy,2223,1326,31,12,6.97,3,0,3,2.03,1.74,42,34,30.09,122,47,58.02,243,118,327,70.02,11,45.83,13,0,0,0,,1,1,14,1,20,28,0,0,11,13,56,0,0,10,0,7.89,,15,11,4,2,1,,49,53.26,0,0,0,140,29,30,2,2,,0,0,0,0,0.0,0,0,0,0,268,16,0,0,1,0,0,0,0,0,0,442.0,0.0,3,13,25,11,13,10,50.0,0,25,13,52.0,30,75,20,113,60,51.72,81,433,147,467,195.1,38,1,826,14,3,0,18077.0,940000.0,F,26.0,France
Alex Meret,592794,Napoli,2714,italy,2223,3060,34,34,6.97,0,0,0,0.0,0.01,75,0,0.0,3,118,52.44,29,668,697,86.05,4,100.0,0,0,0,0,,0,0,0,16,13,34,0,0,0,0,0,1,0,0,0,0.0,,24,19,5,0,0,1.01,1,100.0,0,9,0,113,0,0,0,0,,0,0,0,0,0.0,2,0,1,0,113,0,7,0,0,9,38,29,69,1,20,0.0,0.0,0,0,0,0,0,0,0.0,8,0,0,0.0,0,121,0,0,5,100.0,225,94,716,810,236.9,0,2,1028,0,0,0,71154.0,3700000.0,K,25.0,Italy
Nicolás González,901325,Fiorentina,2693,italy,2223,1360,24,13,6.97,6,1,7,7.02,1.07,19,7,22.58,155,25,54.35,257,112,362,69.35,64,64.0,36,0,0,0,,2,5,13,1,6,24,0,0,14,11,105,0,0,16,0,10.0,,16,15,1,5,1,,97,58.43,2,0,0,160,4,19,3,4,,0,0,2,1,100.0,0,2,0,0,287,11,0,0,1,0,0,0,0,0,0,226.67,0.0,1,38,22,28,19,25,44.64,0,17,10,58.82,19,38,56,31,161,60.53,46,416,137,522,167.2,60,0,891,55,3,0,61731.0,3210000.0,F,24.0,Argentina
Aleksei Miranchuk,324353,Torino,2696,italy,2223,2097,29,24,6.97,4,5,9,2.89,3.34,24,10,33.33,250,34,59.65,465,180,635,81.41,10,32.26,21,0,0,0,,5,2,8,3,5,29,0,0,27,8,90,0,0,9,0,10.0,,24,21,3,3,1,,48,41.03,0,0,2,145,2,45,4,1,,0,2,0,0,0.0,0,0,0,1,273,14,0,0,0,0,0,0,0,0,0,524.25,0.0,1,18,22,16,16,15,37.5,0,11,5,45.45,43,53,40,30,58,39.19,57,602,208,780,202.0,40,0,1070,22,0,0,53462.0,2780000.0,F,27.0,Russia
Luigi Sepe,46714,Salernitana,2710,italy,2223,1530,17,17,6.96,0,0,0,0.0,0.02,45,0,0.0,13,110,35.48,47,311,358,63.93,5,100.0,0,0,0,0,,0,0,0,3,7,17,1,0,0,1,2,0,0,1,0,0.0,,27,22,5,0,0,4.52,1,33.33,0,15,0,202,0,0,0,0,,0,0,0,1,0.0,7,0,3,0,208,0,7,0,0,7,45,15,60,0,12,0.0,0.0,0,0,0,0,0,0,0.0,7,0,0,0.0,0,138,0,0,6,75.0,310,219,341,560,118.4,0,0,741,2,3,0,32115.0,1670000.0,K,31.0,Italy
Olivier Giroud,39070,Milan,2692,italy,2223,2148,33,25,6.96,13,5,18,12.79,1.97,12,0,0.0,121,5,50.0,234,116,350,63.29,101,61.59,63,0,0,0,,10,15,15,1,23,33,0,0,16,8,129,0,0,38,0,16.25,,25,24,1,13,0,,39,37.14,5,0,2,203,3,24,8,16,,0,0,3,0,100.0,0,3,0,0,295,12,0,1,0,0,0,0,0,0,0,165.23,0.0,6,71,9,33,32,7,53.85,0,8,5,62.5,24,18,13,5,140,52.04,10,411,147,553,229.8,80,3,853,24,6,1,86346.0,4490000.0,F,36.0,France
Edin Džeko,14990,Inter,2697,italy,2223,1735,33,18,6.96,9,3,12,9.88,3.32,25,3,12.5,146,21,53.85,238,125,360,72.0,41,48.81,43,0,0,0,,4,7,19,2,25,33,0,0,16,4,93,0,0,26,0,12.33,,20,16,4,9,0,,36,41.86,2,0,2,140,3,23,3,10,,0,0,0,0,0.0,0,0,0,0,244,13,0,0,4,0,0,0,0,0,0,192.78,0.0,0,56,17,29,25,9,39.13,0,3,2,66.67,23,41,23,24,77,45.29,39,376,148,500,229.8,73,4,798,24,3,0,178077.0,9260000.0,F,36.0,Bosnia-Herzegovina
Boulaye Dia,960080,Salernitana,2710,italy,2223,2527,33,27,6.96,16,6,22,8.82,1.86,10,2,33.33,170,17,62.96,307,141,446,77.3,20,25.64,58,0,0,0,,4,5,10,2,27,33,0,0,61,5,191,0,1,28,0,33.33,,46,38,8,14,2,,90,40.36,0,0,1,131,7,35,7,13,,0,0,1,0,100.0,0,1,0,0,316,17,0,0,9,0,0,0,0,0,0,157.94,0.0,0,37,11,16,22,35,47.3,0,12,5,41.67,35,21,74,6,110,36.54,27,411,172,577,229.7,48,3,994,43,4,0,34423.0,1790000.0,F,26.0,Senegal
Theo Hernández,788027,Milan,2692,italy,2223,2776,32,32,6.96,4,3,7,4.07,2.88,36,31,33.7,260,61,46.92,597,555,1121,81.06,38,71.7,15,0,0,0,,3,3,18,9,32,32,0,0,19,16,108,1,0,22,0,7.69,,31,29,2,3,1,,118,55.92,0,0,1,262,21,37,4,2,,1,0,1,0,100.0,0,1,0,0,465,8,0,0,0,0,0,0,0,0,0,694.0,0.0,5,20,32,22,12,19,34.55,0,43,24,55.81,37,95,55,92,156,59.09,130,843,632,1383,222.7,52,0,2188,57,7,0,98654.0,5130000.0,D,25.0,France
Stefan de Vrij,91046,Inter,2697,italy,2223,1951,27,22,6.96,1,0,1,2.24,0.73,26,0,0.0,49,46,49.46,260,816,1076,89.52,83,73.45,30,0,0,0,,0,1,6,8,79,27,0,0,4,6,56,0,0,15,0,5.0,,25,21,4,1,0,,38,59.38,1,0,2,126,40,1,0,0,,0,0,0,1,0.0,0,0,0,0,136,0,0,0,0,0,0,0,0,0,0,1951.0,0.0,0,20,0,8,6,4,80.0,0,28,18,64.29,1,59,5,0,121,68.36,93,329,873,1202,187.9,20,3,1444,7,4,0,135385.0,7040000.0,D,30.0,Netherlands
Nehuén Pérez,913401,Udinese,2695,italy,2223,2832,34,33,6.96,2,0,2,0.98,0.46,89,5,27.78,171,148,55.85,486,959,1440,86.38,36,62.07,22,0,0,0,,0,0,3,7,94,34,0,1,9,16,81,0,1,29,0,12.5,,39,37,2,2,0,,92,60.93,2,0,0,227,35,10,0,0,,1,0,0,0,0.0,0,0,0,0,301,3,0,1,0,0,0,0,0,0,0,1416.0,0.0,0,11,5,5,8,5,45.45,0,77,40,51.95,10,170,11,18,128,61.24,265,655,1030,1667,236.6,16,3,2184,11,7,0,15962.0,830000.0,D,22.0,Argentina
Antonio Sanabria,333261,Torino,2696,italy,2223,2441,33,28,6.96,12,4,16,9.32,1.4,12,0,0.0,192,15,68.18,332,192,524,76.27,86,40.57,126,0,0,0,,7,9,17,3,7,33,0,0,29,6,198,0,0,33,0,17.65,,31,26,5,11,1,,61,45.86,2,0,1,163,4,25,3,14,,0,0,1,0,100.0,0,1,0,0,291,20,0,0,7,0,0,0,0,0,0,203.42,0.0,0,56,12,26,25,23,67.65,0,11,5,45.45,25,17,34,2,147,42.61,22,464,225,687,229.6,68,3,1023,27,4,0,56923.0,2960000.0,F,26.0,Paraguay
Ricardo Rodríguez,67769,Torino,2696,italy,2223,2670,35,30,6.95,0,0,0,0.42,2.23,73,26,36.62,244,77,45.03,607,755,1336,84.08,30,50.85,29,0,0,0,,1,0,4,8,55,35,0,0,11,13,83,0,0,25,0,0.0,,31,25,6,0,0,,69,56.1,0,0,1,253,38,29,0,0,,0,0,0,0,0.0,0,0,0,0,349,5,0,0,0,0,0,0,0,0,0,0.0,0.0,1,5,6,3,4,7,58.33,0,54,33,61.11,29,164,12,71,99,54.4,171,831,829,1589,243.4,11,1,2039,8,3,0,53462.0,2780000.0,D,30.0,Switzerland
Emil Audero,318603,Sampdoria,2711,italy,2223,2250,25,25,6.95,0,0,0,0.0,0.07,84,0,0.0,30,209,41.55,116,399,515,63.58,6,100.0,0,0,0,0,,0,0,0,4,15,25,0,0,0,2,2,0,1,0,0,0.0,,39,35,4,0,0,-6.41,2,50.0,0,22,0,295,0,0,0,0,,1,0,0,0,0.0,7,0,2,0,303,0,8,0,0,7,64,20,84,0,26,0.0,0.0,0,0,0,0,0,0,0.0,7,0,0,0.0,0,215,0,0,8,80.0,503,385,425,810,173.8,0,2,1059,2,1,0,28462.0,1480000.0,K,26.0,Italy
Sandi Lovrić,575852,Udinese,2695,italy,2223,2350,37,28,6.95,5,6,11,4.8,3.05,27,26,34.67,246,52,63.41,489,274,737,83.94,7,30.43,16,0,0,0,,2,1,22,1,19,37,0,0,22,18,106,0,0,31,0,7.04,,34,30,4,5,0,,87,49.15,0,0,0,141,26,47,0,1,,0,0,0,0,0.0,0,0,0,0,292,18,0,0,5,0,0,0,0,0,0,470.0,0.0,4,26,45,31,18,14,41.18,0,40,18,45.0,47,59,34,75,94,47.0,82,640,313,878,257.2,71,1,1349,33,4,0,17308.0,900000.0,M,24.0,Slovenia
Daniele Rugani,139273,Juventus,2687,italy,2223,568,9,6,6.95,0,0,0,0.47,0.02,7,0,0.0,10,9,32.14,38,193,231,88.17,11,55.0,9,0,0,0,,0,1,1,4,31,8,0,0,0,0,14,0,0,5,0,0.0,,2,2,0,0,0,,8,61.54,0,0,0,31,7,0,0,1,,0,0,0,0,0.0,0,0,0,0,32,0,0,0,0,0,0,0,0,0,0,0.0,0.0,0,3,1,2,1,1,100.0,0,7,0,0.0,0,17,1,0,19,57.58,28,56,206,262,55.6,4,0,328,0,0,0,124615.0,6480000.0,D,28.0,Italy
Matías Viña,875295,Roma,2702,italy,2223,54,3,1,6.95,0,0,0,0.0,0.04,0,0,0.0,5,2,50.0,8,6,14,77.78,1,100.0,0,0,0,0,,0,0,0,0,3,2,0,0,0,2,6,0,0,4,0,0.0,,1,1,0,0,0,,5,45.45,0,0,0,4,2,1,0,0,,0,0,0,0,0.0,0,0,0,0,11,0,0,0,0,0,0,0,0,0,0,0.0,0.0,0,0,0,0,0,1,100.0,0,3,1,33.33,1,0,1,2,6,50.0,4,11,9,18,13.9,0,0,53,1,0,0,29615.0,1540000.0,D,24.0,Uruguay
Guillermo Ochoa,15497,Salernitana,2710,italy,2223,1800,20,20,6.95,0,0,0,0.0,0.04,80,0,0.0,25,161,33.82,107,288,395,55.56,2,100.0,0,0,0,0,,0,0,0,4,13,20,0,0,0,2,2,0,1,0,0,0.0,,33,28,5,0,0,2.65,1,33.33,0,11,0,316,0,0,0,0,,0,0,0,0,0.0,4,0,1,0,322,0,4,0,0,3,57,15,73,0,16,0.0,0.0,0,0,0,0,0,0,0.0,2,0,0,0.0,0,211,0,0,3,60.0,476,366,345,711,139.0,0,3,864,1,1,0,28462.0,1480000.0,K,37.0,Mexico
Alex Sandro,84854,Juventus,2687,italy,2223,1795,25,21,6.95,0,1,1,0.18,1.07,47,4,21.05,186,73,66.36,430,551,977,87.54,39,63.93,22,0,0,0,,2,1,1,9,62,25,0,1,17,7,76,1,0,27,0,0.0,,20,20,0,0,0,,79,59.4,0,0,0,139,15,12,0,1,,0,0,0,0,0.0,0,0,0,1,224,3,0,1,0,0,0,0,0,0,0,0.0,0.0,0,2,3,4,0,19,82.61,0,35,20,57.14,12,80,23,19,118,60.82,110,531,604,1116,173.7,5,2,1523,25,5,0,213654.0,11110000.0,D,32.0,Brazil
Morten Hjulmand,859917,Lecce,2689,italy,2223,2963,35,34,6.95,0,4,4,0.58,1.52,74,5,29.41,274,95,52.78,556,481,1032,79.32,41,58.57,29,0,0,0,,3,0,5,3,53,35,0,1,19,30,141,0,0,61,0,0.0,,44,37,7,0,0,,145,56.42,0,0,1,269,72,26,0,0,,0,0,0,1,0.0,0,0,0,0,336,25,0,1,0,0,0,0,0,0,0,0.0,0.0,0,3,14,8,4,17,85.0,0,90,52,57.78,26,143,20,17,186,56.88,180,769,549,1301,243.1,17,1,1762,38,9,0,7115.0,370000.0,M,23.0,Denmark
Dušan Vlahović,832208,Juventus,2687,italy,2223,1942,27,22,6.94,10,2,12,9.73,0.82,8,2,28.57,96,18,62.07,167,104,269,72.12,36,38.71,57,0,1,0,,4,9,15,4,8,27,0,0,37,6,133,1,0,19,2,14.71,,20,19,1,7,3,,51,40.16,1,0,3,104,3,21,8,22,,0,0,3,0,66.67,0,2,0,1,227,7,0,0,1,0,0,0,0,0,0,194.2,50.0,4,58,10,31,22,14,43.75,0,11,6,54.55,21,14,32,7,87,39.55,29,252,128,373,187.4,68,3,690,26,1,0,249231.0,12960000.0,F,23.0,Serbia
Lorenzo Montipò,253391,Hellas Verona,2701,italy,2223,3420,38,38,6.94,0,0,0,0.0,0.17,162,0,0.0,131,383,45.54,330,311,641,58.17,4,66.67,2,0,0,0,,0,0,0,5,42,38,2,0,0,3,5,1,2,0,0,0.0,,60,48,12,0,0,-7.65,7,70.0,0,27,0,461,0,0,0,0,,0,0,0,0,0.0,3,0,2,0,472,0,16,0,0,18,75,58,134,1,44,0.0,0.0,0,0,0,0,0,0,0.0,17,2,1,50.0,0,320,0,0,11,68.75,841,721,381,1102,263.7,0,1,1462,5,3,0,9615.0,500000.0,K,26.0,Italy
Matteo Politano,235672,Napoli,2714,italy,2223,1178,27,14,6.93,3,3,6,4.09,2.39,34,16,19.51,218,25,50.0,340,113,437,81.84,3,33.33,6,0,0,1,,7,2,14,0,6,27,0,0,11,14,66,0,0,11,0,9.09,,12,10,2,3,0,,63,51.22,0,0,2,97,7,34,3,1,,0,0,3,0,66.67,0,2,0,0,243,11,0,0,0,0,0,0,0,0,0,392.67,0.0,1,23,10,10,9,23,47.92,0,18,9,50.0,34,63,48,82,66,50.0,50,476,140,534,187.2,33,0,852,22,1,0,78269.0,4070000.0,F,29.0,Italy
Vanja Milinković-Savić,356160,Torino,2696,italy,2223,3420,38,38,6.93,0,0,0,0.0,0.19,167,0,0.0,163,325,32.63,266,664,930,57.91,12,85.71,2,0,0,0,,1,0,0,11,38,38,2,0,1,0,3,0,1,0,0,0.0,,41,34,7,0,0,-4.89,6,85.71,0,32,0,676,1,1,0,0,,0,0,0,0,0.0,6,0,0,0,696,0,19,0,0,24,50,45,96,0,22,0.0,0.0,0,0,0,0,0,0,0.0,22,2,1,50.0,1,429,0,0,18,85.71,996,900,706,1606,263.4,0,3,1998,4,4,0,25000.0,1300000.0,K,26.0,Serbia
Wladimiro Falcone,256667,Lecce,2689,italy,2223,3420,38,38,6.93,0,0,0,0.0,0.08,72,0,0.0,31,231,29.39,165,290,455,44.83,12,85.71,2,0,0,0,,0,0,0,6,50,38,2,0,0,0,3,3,0,1,0,0.0,,46,39,7,0,0,-2.3,7,87.5,0,21,0,560,2,3,0,0,,0,0,0,1,0.0,6,0,1,0,571,0,29,0,0,21,75,38,113,1,37,0.0,0.0,0,0,0,0,0,0,0.0,20,2,0,0.0,3,286,0,0,19,86.36,786,644,371,1015,263.4,0,0,1373,5,2,0,2885.0,150000.0,K,27.0,Italy
Vlad Chiricheş,69295,Cremonese,2761,italy,2223,993,16,14,6.93,0,0,0,0.0,0.05,24,0,0.0,21,33,53.23,82,262,344,83.9,18,45.0,22,0,0,0,,0,0,0,1,44,16,0,0,4,8,50,0,0,16,0,0.0,,20,18,2,0,0,,46,62.16,0,0,0,66,22,1,0,0,,1,0,0,0,0.0,0,0,0,0,73,0,0,0,0,0,0,0,0,0,0,0.0,0.0,0,0,0,0,0,3,100.0,0,35,20,57.14,1,44,3,0,64,56.14,62,117,293,410,110.9,0,2,584,8,2,0,25000.0,1300000.0,D,33.0,Romania
Manolo Gabbiadini,53816,Sampdoria,2711,italy,2223,2367,35,27,6.93,7,2,9,7.44,4.09,14,3,12.0,170,10,40.0,263,160,420,70.95,44,37.93,72,0,0,0,,9,5,14,0,25,35,0,0,31,14,167,0,0,41,0,9.72,,49,46,3,6,1,,94,49.74,0,0,1,172,6,27,6,13,,0,0,0,0,0.0,0,0,0,1,297,9,0,0,1,0,0,0,0,0,0,338.14,0.0,6,40,32,29,29,6,28.57,0,23,15,65.22,27,32,21,25,138,45.25,25,416,201,592,242.5,72,3,992,67,6,0,27115.0,1410000.0,F,31.0,Italy
Samir Handanović,2949,Inter,2697,italy,2223,1235,14,14,6.93,0,0,0,0.0,0.03,45,0,0.0,11,71,59.17,30,427,457,89.96,0,0.0,0,0,0,0,,0,0,0,4,8,14,0,0,0,0,0,0,0,0,0,0.0,,18,16,2,0,0,-2.98,0,0.0,0,2,0,51,0,1,0,0,,0,0,0,0,0.0,1,0,0,0,56,0,3,0,0,3,25,10,35,0,14,0.0,0.0,0,0,0,0,0,0,0.0,3,0,0,0.0,1,75,0,0,0,0.0,120,64,444,508,97.0,0,1,629,0,0,0,89038.0,4630000.0,K,38.0,Slovenia
Rafael Tolói,82943,Atalanta,2686,italy,2223,2791,32,32,6.93,2,1,3,2.83,1.19,62,3,13.64,266,99,39.29,568,761,1326,81.3,43,56.58,33,0,0,0,,0,3,7,7,85,32,0,0,5,29,111,0,1,38,0,6.9,,36,27,9,2,0,,95,54.91,0,0,1,305,57,17,0,3,,0,0,0,2,0.0,0,0,0,0,366,5,0,0,2,0,0,0,0,0,0,1395.5,0.0,0,23,6,13,9,6,40.0,0,69,44,63.77,17,150,15,22,138,55.42,252,796,857,1631,221.6,29,5,2095,20,8,0,35577.0,1850000.0,D,32.0,Italy
Marko Arnautović,21927,Bologna,2685,italy,2223,1540,21,18,6.92,10,0,10,7.17,1.43,10,1,11.11,103,10,55.56,186,138,323,72.26,10,45.45,12,0,0,0,,4,8,1,1,10,21,0,0,19,5,67,0,0,22,0,32.26,,24,22,2,9,1,,42,43.3,2,0,1,124,2,22,2,11,,0,0,3,0,100.0,0,3,0,0,214,6,0,0,6,0,0,0,0,0,0,154.0,0.0,0,23,8,12,18,13,54.17,0,9,6,66.67,22,20,24,9,52,43.7,18,297,159,447,145.4,31,1,667,20,5,0,66538.0,3460000.0,F,33.0,Austria
Patrick Ciurria,346676,Monza,2729,italy,2223,2758,36,31,6.92,6,5,11,4.77,3.26,46,29,29.59,238,38,46.91,492,435,898,82.46,12,48.0,13,0,0,0,,9,2,12,5,25,36,0,0,16,16,103,0,0,32,0,12.0,,35,32,3,5,1,,90,50.0,0,0,1,191,7,36,4,8,,0,0,0,0,0.0,0,0,0,0,368,8,0,0,2,0,0,0,0,0,0,459.67,0.0,0,22,28,15,23,19,40.43,0,31,18,58.06,36,94,47,98,102,49.76,81,682,505,1089,249.2,50,1,1685,40,4,0,24231.0,1260000.0,F,27.0,Italy
Musa Barrow,916680,Bologna,2685,italy,2223,1982,32,26,6.92,3,8,11,3.01,3.28,29,30,29.13,198,30,50.85,378,194,542,79.82,12,26.09,34,0,0,0,,9,0,18,2,5,32,0,0,31,6,131,0,0,20,0,4.62,,31,28,3,2,1,,64,39.75,0,0,1,137,1,43,0,5,,0,0,0,0,0.0,0,0,0,0,349,7,0,0,3,0,0,0,0,0,0,660.67,0.0,1,24,41,31,16,24,36.92,0,21,4,19.05,43,50,65,103,76,36.71,59,554,228,679,221.5,65,0,1138,19,3,0,28462.0,1480000.0,F,24.0,The Gambia
Jhon Lucumí,818481,Bologna,2685,italy,2223,2901,33,33,6.92,0,1,1,0.68,0.56,82,1,100.0,119,128,60.66,475,1254,1728,88.84,41,57.75,30,0,0,0,,0,0,2,6,94,33,0,0,6,19,85,0,1,29,0,0.0,,39,35,4,0,0,,75,57.69,0,0,0,217,35,9,0,0,,1,0,0,4,0.0,0,0,0,1,248,1,0,0,0,0,0,0,0,0,0,0.0,0.0,0,8,3,6,3,4,66.67,0,53,37,69.81,9,166,6,1,116,57.71,211,593,1353,1945,228.4,11,0,2311,18,8,0,18462.0,960000.0,D,24.0,Colombia
Davide Calabria,318607,Milan,2692,italy,2223,1701,25,21,6.92,1,4,5,1.19,1.59,32,16,39.02,179,38,30.65,409,480,873,82.51,13,52.0,12,0,0,0,,3,0,2,2,30,24,0,0,7,23,66,0,0,16,0,6.25,,25,23,2,1,0,,89,62.24,1,0,0,185,25,19,0,1,,0,0,0,1,0.0,0,0,0,1,266,9,0,0,0,0,0,0,0,0,0,1701.0,0.0,0,4,12,12,2,3,27.27,0,71,44,61.97,19,97,11,41,102,60.71,124,566,533,1058,166.1,16,1,1522,15,6,0,71154.0,3700000.0,D,26.0,Italy
Nikola Vlašić,357596,Torino,2696,italy,2223,2731,34,29,6.92,5,6,11,4.31,3.34,25,15,32.61,357,18,64.29,587,185,757,81.75,26,34.67,49,0,0,0,,2,6,24,6,11,34,0,0,49,22,173,0,0,32,0,9.43,,30,25,5,4,1,,99,44.39,0,0,1,169,10,63,3,15,,0,0,0,0,0.0,0,0,0,0,379,24,0,0,2,0,0,0,0,0,0,546.2,0.0,1,31,22,8,21,30,53.57,0,32,21,65.63,63,34,56,46,125,41.95,28,739,233,926,235.3,53,3,1424,38,1,0,61731.0,3210000.0,F,25.0,Croatia
Norbert Gyömbér,224456,Salernitana,2710,italy,2223,1759,27,23,6.92,0,1,1,0.72,0.11,24,1,20.0,38,35,42.68,149,469,617,83.72,45,63.38,26,0,0,0,,1,1,4,2,89,26,0,0,1,8,58,0,0,22,0,0.0,,19,15,4,0,0,,41,56.16,0,0,1,120,34,3,0,0,,0,0,0,1,0.0,0,0,0,0,128,0,0,0,0,0,0,0,0,0,0,0.0,0.0,0,6,2,4,0,2,66.67,0,32,23,71.88,3,62,3,5,86,59.72,82,217,525,737,179.9,8,0,977,7,5,0,25000.0,1300000.0,D,30.0,Slovakia
Saša Lukić,371222,Torino,2696,italy,2223,1199,16,13,6.92,2,0,2,1.68,1.3,23,6,24.0,152,40,70.18,378,245,617,88.14,22,50.0,22,0,0,0,,2,1,6,1,10,16,0,0,8,6,64,0,0,26,0,12.5,,18,15,3,2,0,,32,43.24,0,0,0,83,13,16,0,0,,0,0,1,0,100.0,0,1,0,0,135,3,0,0,1,0,0,0,0,0,0,599.5,0.0,1,9,7,6,4,1,20.0,0,21,14,66.67,16,33,5,25,54,45.76,57,453,272,700,110.7,16,1,878,10,4,0,25000.0,1300000.0,M,26.0,Serbia
Aleksa Terzić,876860,Fiorentina,2693,italy,2223,932,22,8,6.92,1,1,2,0.4,1.93,16,31,39.24,101,28,54.9,244,243,456,85.88,7,43.75,9,0,0,0,,2,0,2,0,15,22,0,0,7,10,37,0,0,4,0,10.0,,8,8,0,1,0,,44,61.11,0,0,0,75,5,26,1,3,,0,1,0,0,0.0,0,0,0,0,171,3,0,0,0,0,0,0,0,0,0,932.0,0.0,0,2,8,6,2,16,66.67,0,16,9,56.25,25,40,24,79,51,57.95,51,343,267,531,152.2,10,1,861,12,2,0,7308.0,380000.0,D,23.0,Serbia
Rade Krunić,155449,Milan,2692,italy,2223,1664,23,18,6.92,0,1,1,1.1,1.02,17,1,33.33,152,25,67.57,406,409,814,85.86,28,53.85,24,0,0,0,,2,1,1,5,19,23,0,0,8,34,86,0,0,16,0,0.0,,17,16,1,0,0,,78,55.71,0,0,1,134,16,15,0,0,,0,0,0,0,0.0,0,0,0,0,158,10,0,0,0,0,0,0,0,0,0,0.0,0.0,0,12,2,10,3,19,82.61,0,40,28,70.0,15,27,23,3,106,55.21,37,505,446,948,159.1,14,0,1172,19,8,0,53462.0,2780000.0,M,29.0,Bosnia-Herzegovina
Christian Kouamé,812946,Fiorentina,2693,italy,2223,1870,28,22,6.91,4,4,8,5.35,2.8,15,15,30.61,215,14,48.28,356,91,432,73.34,62,53.45,54,0,0,0,,5,6,9,1,6,28,0,0,42,7,167,0,0,32,0,9.52,,27,26,1,4,0,,104,47.93,2,0,0,157,12,40,0,7,,0,1,0,0,0.0,0,0,0,1,355,17,0,0,2,0,0,0,0,0,0,467.5,0.0,1,34,8,17,16,21,36.84,0,27,18,66.67,39,24,57,49,166,49.85,29,525,113,589,193.6,42,0,1065,56,5,0,42692.0,2220000.0,F,25.0,Cote d'Ivoire
Luis Muriel,119242,Atalanta,2686,italy,2223,1085,29,10,6.91,3,3,6,2.84,4.12,16,24,29.27,178,25,58.14,265,78,319,72.01,11,28.95,27,0,0,0,,6,1,11,0,2,28,0,1,27,11,114,0,0,18,0,8.82,,15,13,2,3,0,,58,40.0,0,0,1,124,2,37,0,3,,0,0,1,0,100.0,0,1,0,1,301,7,0,2,3,0,0,0,0,0,0,361.67,0.0,4,14,20,14,9,34,50.75,0,9,6,66.67,37,34,67,82,69,37.7,43,432,93,443,193.6,34,1,787,15,0,1,44423.0,2310000.0,F,31.0,Colombia
Marten de Roon,100389,Atalanta,2686,italy,2223,2964,35,34,6.91,3,1,4,1.12,2.05,61,1,7.69,375,124,53.45,826,745,1570,83.6,52,62.65,31,0,0,0,,2,0,3,8,55,35,0,0,15,46,141,0,0,46,0,15.79,,40,32,8,2,1,,105,48.84,1,0,0,308,36,20,0,1,,0,0,0,0,0.0,0,0,0,0,362,14,0,0,2,0,0,0,0,0,0,988.0,0.0,0,8,11,11,5,5,55.56,0,77,39,50.65,20,133,9,13,157,52.68,232,1052,839,1878,242.0,19,1,2272,24,7,0,35577.0,1850000.0,M,31.0,Netherlands
Hirving Lozano,385320,Napoli,2714,italy,2223,1610,32,20,6.91,3,3,6,5.38,3.28,9,23,31.51,189,7,46.67,313,124,414,81.66,8,38.1,13,0,0,0,,5,5,13,1,3,30,0,0,13,12,93,0,0,27,0,7.14,,8,5,3,3,0,,91,53.22,0,0,0,93,15,30,0,4,,0,0,1,0,100.0,0,1,0,0,231,12,0,0,3,0,0,0,0,0,0,536.67,0.0,0,25,17,15,14,36,53.73,0,24,13,54.17,30,18,67,73,99,51.56,15,438,142,507,207.4,42,3,891,31,3,0,98654.0,5130000.0,F,27.0,Mexico
Federico Baschirotto,786175,Lecce,2689,italy,2223,3330,37,37,6.91,3,0,3,1.91,0.77,84,3,21.43,107,123,41.0,334,684,1015,74.09,91,58.71,64,0,0,0,,1,1,2,6,186,37,0,0,2,14,117,0,0,37,0,14.29,,44,37,7,3,0,,54,50.47,3,0,0,355,36,8,0,0,,0,0,0,1,0.0,0,0,0,0,397,5,0,0,0,0,0,0,0,0,0,1110.0,0.0,0,19,2,13,6,3,75.0,0,40,30,75.0,8,214,4,14,145,55.34,300,589,795,1370,255.7,21,1,1850,11,6,0,10769.0,560000.0,D,26.0,Italy
Brahim Díaz,835485,Milan,2692,italy,2223,1947,33,27,6.91,6,7,13,5.98,3.42,15,3,15.0,247,17,58.62,427,139,563,82.19,4,14.29,24,0,0,0,,11,6,8,0,4,33,0,0,48,10,148,0,0,29,0,17.14,,21,19,2,6,0,,121,49.39,0,0,1,122,7,41,3,2,,0,0,0,0,0.0,0,0,0,1,310,21,0,0,3,0,0,0,0,0,0,324.5,0.0,1,28,7,10,17,39,49.37,0,32,15,46.88,41,33,79,20,125,45.79,29,552,153,685,228.0,35,4,1116,50,3,0,36923.0,1920000.0,F,23.0,Spain
Ethan Ampadu,847097,Spezia,2735,italy,2223,2739,32,32,6.91,1,1,2,1.48,0.92,63,5,41.67,168,98,45.58,429,854,1278,81.82,64,60.95,41,0,0,0,,2,4,5,5,96,32,0,0,7,25,118,0,0,46,0,5.0,,45,36,9,0,1,,95,55.23,0,0,2,284,37,13,0,1,,0,0,0,2,0.0,0,0,0,0,335,7,0,1,1,0,0,0,0,0,0,2739.0,0.0,0,11,9,8,7,9,90.0,0,66,37,56.06,13,155,10,12,159,57.4,215,626,948,1562,221.0,20,2,2028,20,8,1,8654.0,450000.0,D,22.0,Wales
Nemanja Matić,44241,Roma,2702,italy,2223,1837,35,16,6.91,2,2,4,0.97,1.93,52,3,25.0,262,85,63.91,579,528,1104,86.66,20,58.82,14,0,0,0,,4,1,4,5,17,35,0,0,19,14,70,1,0,19,0,18.18,,23,19,4,1,1,,87,60.84,0,0,1,170,25,24,1,1,,0,0,0,0,0.0,0,0,0,0,232,6,0,0,1,0,0,0,0,0,0,918.5,0.0,0,8,3,3,4,24,82.76,0,47,27,57.45,24,97,29,12,107,60.45,133,714,572,1274,241.7,11,0,1553,17,5,0,142500.0,7410000.0,M,34.0,Serbia
Gianluca Mancini,611210,Roma,2702,italy,2223,2865,35,33,6.9,1,2,3,2.28,1.35,93,6,21.43,140,111,43.19,396,906,1296,82.08,58,68.24,27,0,0,0,,2,2,4,12,64,35,0,0,7,16,91,0,0,39,0,4.55,,28,24,4,0,1,,71,52.59,0,0,1,283,46,16,0,2,,0,0,0,1,0.0,0,0,0,0,343,3,0,0,1,0,0,0,0,0,0,2865.0,0.0,0,19,3,13,5,9,64.29,0,37,19,51.35,16,242,14,28,129,58.64,257,614,993,1579,241.6,22,3,1931,25,7,0,124615.0,6480000.0,D,26.0,Italy
Łukasz Skorupski,44906,Bologna,2685,italy,2223,3330,37,37,6.9,0,0,0,0.0,0.04,94,0,0.0,23,202,44.99,77,675,752,74.83,8,80.0,2,0,0,0,,0,0,0,7,33,37,0,0,0,1,3,2,0,1,0,0.0,,49,45,4,0,0,0.08,7,87.5,0,25,0,253,0,0,0,0,,0,0,0,1,0.0,9,0,2,0,260,0,14,0,0,8,81,34,116,2,16,0.0,0.0,0,0,0,0,0,0,0.0,8,2,1,50.0,0,197,0,0,15,83.33,449,247,758,1005,255.4,0,0,1413,7,4,0,32115.0,1670000.0,K,31.0,Poland
Lazar Samardžić,980624,Udinese,2695,italy,2223,1856,37,19,6.9,5,4,9,2.44,2.88,69,33,35.87,224,85,70.25,453,257,677,85.37,10,31.25,22,0,0,0,,5,0,20,0,14,37,0,0,20,26,126,0,0,26,0,10.0,,27,24,3,1,4,,73,41.24,0,0,2,116,11,49,4,0,,0,1,0,0,0.0,0,0,0,0,263,8,0,0,1,0,0,0,0,0,0,371.2,0.0,7,16,34,12,18,28,45.16,0,33,16,48.48,48,110,62,92,83,39.71,121,601,284,793,255.3,50,2,1175,13,1,0,9808.0,510000.0,F,20.0,Germany
Matteo Darmian,19352,Inter,2697,italy,2223,2032,31,24,6.9,1,2,3,1.0,2.04,47,11,39.29,166,57,48.31,423,663,1075,86.97,15,39.47,23,0,0,0,,4,1,2,5,34,30,0,0,10,16,79,0,0,21,0,14.29,,22,19,3,1,0,,85,60.28,0,0,0,161,21,19,0,3,,0,0,0,0,0.0,0,0,0,0,219,7,0,0,1,0,0,0,0,0,0,2032.0,0.0,0,3,4,4,1,9,50.0,0,56,30,53.57,19,93,18,28,100,55.87,118,541,723,1236,207.0,7,1,1615,20,3,0,61731.0,3210000.0,D,33.0,Italy
Ruslan Malinovskyi,195850,Atalanta,2686,italy,2223,561,15,5,6.9,1,2,3,0.62,1.31,14,7,30.43,98,26,63.41,167,80,240,79.47,5,41.67,7,0,0,0,,4,0,4,0,2,15,0,0,9,11,47,0,0,10,0,5.26,,8,7,1,0,1,,34,45.95,0,0,0,62,5,13,1,0,,0,0,0,0,0.0,0,0,0,0,125,7,0,0,0,0,0,0,0,0,0,561.0,0.0,0,2,17,9,6,9,47.37,0,14,8,57.14,13,25,19,23,39,45.35,41,233,92,302,103.5,19,2,455,11,2,0,24615.0,1280000.0,F,29.0,Ukraine
Jerdy Schouten,844234,Bologna,2685,italy,2223,2524,33,29,6.9,0,2,2,0.43,1.03,37,0,0.0,228,46,62.16,618,681,1299,87.06,28,50.0,28,0,0,0,,3,0,1,3,41,33,0,0,25,22,109,0,1,25,0,0.0,,37,34,3,0,0,,120,59.7,0,0,0,193,40,19,0,2,,1,0,0,0,0.0,0,0,0,0,285,12,0,0,0,0,0,0,0,0,0,0.0,0.0,0,5,3,5,2,27,67.5,0,63,38,60.32,19,69,40,3,148,57.59,74,722,773,1492,227.7,8,0,1897,30,3,0,12308.0,640000.0,M,26.0,Netherlands
Santiago Ascacíbar,830667,Cremonese,2761,italy,2223,727,13,7,6.9,0,0,0,0.42,0.49,18,4,80.0,91,24,50.0,186,167,349,82.51,11,35.48,20,0,0,0,,1,0,6,1,8,13,0,0,4,21,59,0,0,11,0,0.0,,11,10,1,0,0,,41,51.25,0,0,0,74,13,8,0,0,,0,0,0,0,0.0,0,0,0,0,93,6,0,0,0,0,0,0,0,0,0,0.0,0.0,0,1,13,5,3,4,50.0,0,29,14,48.28,8,33,8,5,52,46.85,48,235,193,423,89.7,14,0,574,9,1,0,30769.0,1600000.0,M,25.0,Argentina
Tommaso Cassandro,929775,Lecce,2689,italy,2223,12,1,0,6.9,0,0,0,0.0,0.01,1,0,0.0,1,1,100.0,1,2,3,100.0,0,0.0,0,0,0,0,,0,0,0,0,0,1,0,0,0,0,1,0,0,1,0,0.0,,0,0,0,0,0,,1,50.0,0,0,0,0,0,0,0,0,,0,0,0,0,0.0,0,0,0,0,0,0,0,0,0,0,0,0,0,0,0,0.0,0.0,0,0,0,0,0,0,0.0,0,1,1,100.0,0,1,0,0,1,50.0,1,1,2,3,6.9,0,0,8,0,0,0,3654.0,190000.0,D,23.0,Italy
Tommaso De Nipoti,1012182,Atalanta,2686,italy,2223,10,1,0,6.9,0,0,0,0.0,0.0,1,0,0.0,1,1,100.0,1,2,3,60.0,1,100.0,0,0,0,0,,0,0,0,0,0,1,0,0,0,0,0,0,0,0,0,0.0,,0,0,0,0,0,,2,100.0,0,0,0,2,0,0,0,0,,0,0,0,0,0.0,0,0,0,0,2,0,0,0,0,0,0,0,0,0,0,0.0,0.0,0,0,0,0,0,1,100.0,0,1,0,0.0,0,1,1,0,3,100.0,1,3,2,5,6.9,0,0,7,0,0,0,,,,,
Denis Zakaria,770677,Juventus,2687,italy,2223,122,2,1,6.9,0,0,0,0.0,0.01,1,0,0.0,4,1,100.0,9,23,32,94.12,0,0.0,0,0,0,0,,0,0,0,1,1,2,0,0,1,0,1,0,0,0,0,0.0,,1,1,0,0,0,,6,85.71,0,0,0,2,2,0,0,0,,0,0,0,0,0.0,0,0,0,0,8,0,0,0,0,0,0,0,0,0,0,0.0,0.0,0,0,0,0,0,0,0.0,0,6,3,50.0,0,1,0,3,6,85.71,1,14,23,34,13.8,0,0,52,0,0,0,,,,,
Davide Frattesi,835600,Sassuolo,2793,italy,2223,2892,36,35,6.9,7,0,7,7.88,2.08,39,4,19.05,272,60,64.52,506,300,802,80.52,23,48.94,24,0,0,0,,3,5,15,3,39,36,0,0,44,19,153,0,0,39,0,10.94,,47,39,8,7,0,,155,54.58,2,0,2,194,16,28,0,0,,0,0,0,0,0.0,0,0,0,0,347,9,0,0,5,0,0,0,0,0,0,413.14,0.0,0,55,9,25,24,34,55.74,0,63,36,57.14,28,66,61,21,178,53.78,93,659,358,996,248.3,64,0,1541,58,4,0,25000.0,1300000.0,M,23.0,Italy
Stephan El Shaarawy,45925,Roma,2702,italy,2223,1520,29,14,6.9,7,2,9,5.31,1.58,41,8,34.78,170,30,65.22,308,271,571,80.54,16,47.06,18,0,0,0,,0,3,13,1,10,28,0,0,11,16,99,0,0,16,0,16.67,,16,16,0,7,0,,65,44.52,0,0,2,138,15,27,1,9,,0,0,0,0,0.0,0,0,0,1,249,12,0,0,6,0,0,0,0,0,0,217.14,0.0,0,18,24,9,20,26,39.39,0,21,9,42.86,27,64,66,23,81,45.0,46,427,305,709,193.1,42,1,1092,18,3,0,124615.0,6480000.0,F,30.0,Italy
Leandro Paredes,255389,Juventus,2687,italy,2223,991,25,8,6.9,1,0,1,0.64,2.55,34,17,33.33,136,50,72.46,354,323,660,91.41,4,57.14,3,0,0,0,,2,0,7,1,20,24,0,1,4,12,37,0,0,20,1,6.25,,12,12,0,0,1,,33,49.25,0,0,1,62,17,22,0,0,,0,1,0,1,0.0,0,0,0,0,108,8,0,1,1,0,0,0,0,0,0,991.0,25.0,4,1,15,7,2,4,80.0,0,19,13,68.42,21,47,5,51,37,50.0,69,427,346,722,165.5,16,1,898,10,7,0,172500.0,8970000.0,M,28.0,Argentina
Giacomo Bonaventura,36784,Fiorentina,2693,italy,2223,1924,30,21,6.89,5,1,6,4.34,2.53,33,11,22.92,273,36,65.45,462,287,738,85.61,14,38.89,22,0,0,0,,3,3,23,3,3,30,0,1,29,13,107,0,1,24,0,10.2,,25,24,1,5,0,,98,53.55,1,0,0,124,16,34,3,2,,0,0,0,0,0.0,0,0,0,1,239,24,0,1,1,0,0,0,0,0,0,384.8,0.0,2,22,27,11,15,23,54.76,0,35,23,65.71,34,56,42,48,112,51.14,55,594,316,862,206.8,49,1,1234,40,4,0,53462.0,2780000.0,M,33.0,Italy
Milan Đurić,76132,Hellas Verona,2701,italy,2223,1459,29,15,6.89,1,2,3,1.44,1.04,6,0,0.0,109,2,28.57,211,67,278,50.92,213,77.45,62,0,0,0,,2,1,4,1,25,28,0,0,15,2,108,0,0,26,0,6.25,,24,17,7,1,0,,33,41.77,1,0,1,268,1,23,0,5,,0,0,0,0,0.0,0,0,0,0,317,2,0,0,0,0,0,0,0,0,0,1459.0,0.0,0,15,1,6,6,2,40.0,0,2,1,50.0,23,9,5,0,246,69.49,7,447,99,546,193.0,16,1,718,30,3,0,17308.0,900000.0,F,32.0,Bosnia-Herzegovina
Nikola Moro,814882,Bologna,2685,italy,2223,1227,26,12,6.89,1,5,6,0.81,1.32,35,3,16.67,156,52,68.42,352,285,634,81.6,21,65.63,11,0,0,0,,4,0,11,0,17,26,0,0,9,22,64,0,0,15,0,4.76,,16,15,1,0,1,,60,53.1,0,0,0,143,8,18,0,1,,0,0,0,0,0.0,0,0,0,0,192,6,0,0,1,0,0,0,0,0,0,1227.0,0.0,0,7,14,7,3,18,72.0,0,32,21,65.63,18,77,25,18,81,55.86,76,475,320,777,179.2,21,1,986,11,1,0,23846.0,1240000.0,M,24.0,Croatia
Mike Maignan,191210,Milan,2692,italy,2223,1979,22,22,6.89,0,1,1,0.0,0.05,72,0,0.0,20,111,46.84,52,505,557,80.61,3,100.0,0,0,0,0,,0,0,0,8,14,22,0,0,0,0,0,0,1,0,0,0.0,,21,19,2,0,0,-0.57,4,100.0,0,15,0,134,1,1,0,0,,0,0,0,0,0.0,3,0,1,0,139,0,4,0,0,9,22,19,42,3,11,0.0,0.0,0,0,0,0,0,0,0.0,9,1,0,0.0,1,161,0,0,7,100.0,237,157,534,691,151.6,0,2,895,3,0,0,69038.0,3590000.0,K,27.0,France
Simone Bastoni,385330,Spezia,2735,italy,2223,1198,19,15,6.89,2,4,6,1.13,1.31,18,21,20.39,103,17,33.33,207,125,311,69.27,12,57.14,9,0,0,0,,3,0,8,1,13,19,0,0,14,18,80,0,0,29,0,9.09,,22,14,8,1,1,,66,48.18,0,0,0,138,8,18,2,2,,0,0,0,0,0.0,0,0,0,0,277,6,0,0,0,0,0,0,0,0,0,599.0,0.0,2,8,14,7,7,7,41.18,0,47,24,51.06,18,59,17,103,78,49.37,51,370,182,449,130.9,22,1,795,12,7,0,8846.0,460000.0,M,26.0,Italy
Simone Verdi,98058,Hellas Verona,2701,italy,2223,1127,25,12,6.88,5,0,5,2.58,1.49,14,20,25.97,98,26,60.47,187,84,251,75.38,9,39.13,14,0,0,0,,4,0,12,0,2,25,0,0,32,12,94,0,0,16,0,16.67,,20,16,4,5,0,,79,49.69,1,0,1,82,0,20,2,1,,0,0,1,0,100.0,0,1,0,0,238,3,0,0,2,0,0,0,0,0,0,225.4,0.0,6,12,18,7,11,37,63.79,0,15,10,66.67,20,33,58,77,88,48.35,43,311,99,333,172.1,30,2,665,27,3,0,60577.0,3150000.0,F,30.0,Italy
Bram Nuytinck,70930,Sampdoria,2711,italy,2223,1884,25,22,6.88,0,1,1,0.28,0.44,32,0,0.0,29,47,48.45,114,550,664,85.02,36,46.75,41,0,0,0,,1,0,1,1,103,25,0,0,2,15,84,0,0,27,0,0.0,,37,35,2,0,0,,72,62.61,0,0,0,117,28,3,0,0,,0,0,0,1,0.0,0,0,0,0,134,1,0,0,0,0,0,0,0,0,0,0.0,0.0,0,5,0,4,0,1,50.0,0,61,42,68.85,3,73,2,0,108,56.25,97,185,596,781,172.1,5,1,1089,10,5,0,21346.0,1110000.0,D,32.0,Netherlands
Alessandro Buongiorno,870263,Torino,2696,italy,2223,2723,34,30,6.88,1,2,3,2.2,1.04,24,3,37.5,104,37,34.91,408,919,1324,85.2,99,65.56,52,0,0,0,,3,1,4,9,99,34,0,0,6,15,142,1,1,64,0,5.0,,30,24,6,1,0,,82,47.67,1,0,0,230,60,8,0,0,,0,0,0,0,0.0,0,0,0,0,286,2,0,0,0,0,0,0,0,0,0,2723.0,0.0,0,20,0,15,1,6,46.15,0,38,25,65.79,8,64,13,8,181,56.04,106,536,1026,1554,234.0,20,1,1991,38,8,0,7885.0,410000.0,D,23.0,Italy
Henrikh Mkhitaryan,37151,Inter,2697,italy,2223,1996,31,24,6.88,3,2,5,2.84,2.39,32,8,42.11,297,47,79.66,572,344,908,88.41,10,45.45,12,0,0,0,,3,1,10,1,15,31,0,0,20,27,103,0,0,28,0,8.57,,18,16,2,3,0,,82,47.4,0,0,0,119,21,19,1,0,,0,0,0,0,0.0,0,0,0,0,214,17,0,0,2,0,0,0,0,0,0,665.33,0.0,0,17,18,19,6,14,46.67,0,41,26,63.41,19,48,30,19,92,47.18,59,676,370,1027,213.3,35,1,1355,28,4,0,93654.0,4870000.0,F,34.0,Armenia
Juan Musso,263651,Atalanta,2686,italy,2223,2078,24,24,6.88,0,0,0,0.0,0.02,66,0,0.0,9,124,40.26,69,295,364,65.94,1,100.0,0,0,0,0,,0,0,0,7,13,24,0,0,0,0,0,1,0,0,0,0.0,,27,23,4,0,0,-5.1,7,100.0,0,12,0,188,0,1,0,0,,1,0,0,0,0.0,2,0,0,0,194,0,2,0,0,10,36,28,64,1,9,0.0,0.0,0,0,0,0,0,0,0.0,9,1,1,100.0,1,146,0,0,8,100.0,308,216,336,552,165.1,0,1,816,5,1,0,56923.0,2960000.0,K,28.0,Argentina
Destiny Udogie,983572,Udinese,2695,italy,2223,2714,33,31,6.88,3,4,7,2.91,2.19,9,6,20.69,281,21,75.0,482,324,800,82.99,17,53.13,15,0,0,0,,2,2,7,8,18,33,0,0,36,25,163,0,0,37,0,11.11,,33,30,3,2,1,,180,54.88,0,0,0,164,36,34,2,5,,0,0,0,2,0.0,0,0,0,0,349,17,0,0,1,0,0,0,0,0,0,904.67,0.0,0,22,5,10,10,51,50.5,0,71,45,63.38,34,24,101,29,197,54.72,28,626,367,964,227.0,27,0,1664,58,5,0,5385.0,280000.0,D,20.0,Italy
Nicolò Cambiaghi,971005,Empoli,2705,italy,2223,1287,28,12,6.88,6,1,7,3.36,1.59,9,9,21.95,130,9,64.29,217,100,308,80.63,3,16.67,15,0,0,0,,0,1,10,0,6,28,0,0,21,19,98,0,0,25,0,16.67,,12,9,3,6,0,,111,57.22,1,0,0,74,9,15,5,1,,0,0,0,0,0.0,0,0,0,1,198,12,0,1,0,0,0,0,0,0,0,214.5,0.0,0,24,12,12,14,21,51.22,0,30,22,73.33,15,17,41,41,114,53.77,14,312,111,382,192.6,36,1,733,60,3,1,2885.0,150000.0,F,22.0,Italy
Samuele Ricci,930189,Torino,2696,italy,2223,2071,28,23,6.88,2,1,3,1.72,1.44,39,8,25.81,213,46,64.79,556,477,1025,89.52,11,42.31,15,0,0,0,,3,3,8,6,26,28,0,0,17,5,70,0,1,22,0,9.52,,22,17,5,2,0,,98,64.05,0,0,1,120,17,16,1,0,,0,0,0,0,0.0,0,0,0,0,198,7,0,0,1,0,0,0,0,0,0,1035.5,0.0,0,10,11,6,7,8,40.0,0,32,21,65.63,16,57,20,31,109,60.89,71,662,514,1145,192.6,21,0,1463,58,6,0,35577.0,1850000.0,M,21.0,Italy
Marin Pongračić,847467,Lecce,2689,italy,2223,792,9,9,6.88,0,0,0,0.02,0.05,29,0,0.0,18,29,54.72,87,209,296,81.99,9,47.37,10,0,0,0,,0,0,0,0,30,9,0,0,0,2,27,0,0,15,0,0.0,,9,7,2,0,0,,18,51.43,0,0,0,65,16,2,0,0,,0,0,0,0,0.0,0,0,0,0,70,2,0,0,0,0,0,0,0,0,0,0.0,0.0,0,1,0,1,0,2,100.0,0,16,14,87.5,2,45,2,0,27,50.0,53,121,240,361,61.9,1,0,448,0,2,0,48077.0,2500000.0,D,25.0,Croatia
Roberto Pereyra,122701,Udinese,2695,italy,2223,2836,34,33,6.87,5,7,12,4.76,5.68,48,20,28.17,321,36,62.07,586,402,968,84.54,3,25.0,9,0,0,1,,8,4,11,2,20,34,0,0,37,28,153,0,0,31,0,11.9,,42,38,4,5,0,,122,45.86,0,0,1,177,16,49,1,2,,0,0,1,1,0.0,0,0,0,0,388,14,0,0,4,0,0,0,0,0,0,567.2,0.0,1,30,12,14,17,39,43.33,0,36,20,55.56,49,75,90,71,125,44.96,58,765,451,1145,233.7,42,2,1721,47,7,0,24615.0,1280000.0,M,32.0,Argentina
Samuel Umtiti,96547,Lecce,2689,italy,2223,2120,25,24,6.87,0,0,0,0.8,0.18,28,1,50.0,65,51,43.59,237,484,720,83.92,34,56.67,26,0,0,0,,0,1,4,6,77,25,0,0,5,8,76,0,0,32,0,0.0,,28,24,4,0,0,,85,62.96,0,0,0,138,26,3,0,0,,0,0,0,0,0.0,0,0,0,0,161,7,0,0,0,0,0,0,0,0,0,0.0,0.0,0,8,4,8,0,6,54.55,0,52,34,65.38,3,68,11,2,119,61.03,117,321,539,858,171.8,12,0,1155,27,8,0,236731.0,12310000.0,D,29.0,France
Arkadiusz Milik,161325,Juventus,2687,italy,2223,1594,27,17,6.87,7,1,8,6.52,0.75,10,0,0.0,94,10,62.5,207,138,345,78.59,36,39.13,56,0,0,1,,4,7,7,4,14,27,0,0,16,6,110,0,0,27,1,15.91,,13,13,0,6,1,,52,49.06,0,0,3,94,1,17,5,8,,0,0,1,1,0.0,0,0,0,1,179,12,0,1,1,0,0,0,0,0,0,227.71,50.0,2,36,8,13,24,11,55.0,0,12,8,66.67,17,19,20,6,88,44.44,16,288,157,439,185.5,44,0,679,29,1,1,86346.0,4490000.0,F,28.0,Poland
Perr Schuurs,831677,Torino,2696,italy,2223,2339,30,28,6.87,0,2,2,0.93,0.79,27,0,0.0,62,58,59.18,272,781,1053,88.19,60,55.05,49,0,0,0,,1,2,5,4,97,30,0,0,7,12,101,0,0,31,0,0.0,,29,26,3,0,0,,64,55.17,0,0,1,141,28,7,0,2,,0,0,0,1,0.0,0,0,0,0,175,3,0,0,0,0,0,0,0,0,0,0.0,0.0,2,11,3,8,1,10,76.92,0,51,25,49.02,7,42,13,2,124,55.11,98,357,839,1194,206.1,14,0,1521,3,5,0,34423.0,1790000.0,D,23.0,Netherlands
Éderson,946888,Atalanta,2686,italy,2223,2223,35,25,6.87,1,1,2,2.0,2.08,46,5,33.33,250,64,65.31,490,393,878,81.9,20,48.78,21,0,0,0,,4,1,15,1,26,35,0,0,30,37,139,0,0,28,0,2.78,,31,24,7,0,1,,147,55.47,0,0,0,194,36,21,0,0,,0,0,0,1,0.0,0,0,0,0,314,9,0,0,1,0,0,0,0,0,0,2223.0,0.0,0,15,21,11,10,37,60.66,0,67,34,50.75,21,82,61,15,167,54.58,98,629,458,1072,240.4,36,0,1573,43,4,0,49231.0,2560000.0,M,23.0,Brazil
Bartłomiej Drągowski,329519,Spezia,2735,italy,2223,3038,35,35,6.87,0,1,1,0.0,0.15,114,0,0.0,43,196,35.19,134,538,672,64.37,9,90.0,1,0,0,0,,1,0,0,6,29,35,1,0,0,4,5,2,1,0,0,0.0,,57,47,10,0,0,-9.59,6,60.0,0,11,0,372,1,1,0,0,,0,0,0,0,0.0,6,0,1,0,376,0,14,0,0,13,74,41,117,1,28,0.0,0.0,0,0,0,0,0,0,0.0,11,1,0,0.0,1,300,0,0,15,75.0,557,442,602,1044,240.4,0,3,1388,6,1,0,25000.0,1300000.0,K,25.0,Poland
Arthur Cabral,870762,Fiorentina,2693,italy,2223,1461,28,15,6.87,8,1,9,7.86,0.89,6,0,0.0,78,5,55.56,130,51,181,69.08,49,50.0,49,0,0,0,,0,2,11,1,11,28,0,0,24,4,118,0,0,26,0,14.81,,17,16,1,8,0,,42,37.84,1,0,1,81,1,14,1,2,,0,0,2,1,100.0,0,2,0,0,190,17,0,0,6,0,0,0,0,0,0,182.63,0.0,0,51,3,21,22,15,46.88,0,9,2,22.22,14,13,32,4,91,43.54,9,206,60,262,192.3,54,0,543,18,4,0,41923.0,2180000.0,F,24.0,Brazil
Davide Zappacosta,132318,Atalanta,2686,italy,2223,1476,21,18,6.87,4,2,6,1.55,1.36,23,13,22.03,168,11,45.83,333,269,589,87.13,2,20.0,8,0,0,0,,3,1,7,1,15,21,0,0,14,7,79,0,0,18,0,16.0,,22,16,6,2,2,,64,47.41,0,0,2,87,9,15,1,2,,0,0,0,0,0.0,0,0,0,0,232,9,0,0,3,0,0,0,0,0,0,369.0,0.0,0,18,7,8,10,17,34.0,0,34,18,52.94,15,31,50,59,66,45.52,24,432,303,676,144.2,25,3,1174,13,4,0,32115.0,1670000.0,D,30.0,Italy
Andrea Colpani,928122,Monza,2729,italy,2223,959,27,10,6.87,4,1,5,2.14,1.77,12,10,30.3,118,16,64.0,213,103,306,83.15,6,37.5,10,0,0,0,,5,2,7,0,6,27,0,0,17,4,64,0,0,22,0,16.0,,12,12,0,3,1,,60,52.63,0,0,1,62,3,17,4,0,,0,0,0,0,0.0,0,0,0,1,145,9,0,0,0,0,0,0,0,0,0,239.75,0.0,0,16,9,8,10,20,60.61,0,14,9,64.29,17,18,33,33,66,50.77,25,284,117,368,185.4,25,0,596,26,1,0,3269.0,170000.0,M,23.0,Italy
Georgios Kyriakopoulos,377302,Bologna,2685,italy,2223,1486,24,17,6.87,1,3,4,1.28,1.98,33,23,29.87,161,40,50.0,306,245,528,81.73,12,33.33,24,0,0,0,,3,1,5,2,19,24,0,0,26,17,101,0,1,18,0,5.0,,20,16,4,1,0,,84,52.17,0,0,0,118,15,23,1,0,,0,0,0,0,0.0,0,0,0,1,259,3,0,0,0,0,0,0,0,0,0,1486.0,0.0,0,14,6,8,7,25,56.82,0,34,14,41.18,23,71,44,77,96,48.73,80,439,284,646,164.8,20,1,1073,25,5,0,9808.0,510000.0,D,26.0,Greece
Pierre Kalulu,965330,Milan,2692,italy,2223,2547,34,26,6.86,1,0,1,1.54,1.2,55,7,25.0,169,88,54.32,531,986,1510,88.67,37,52.86,33,0,0,0,,2,3,2,6,48,34,0,0,5,14,80,1,0,24,0,9.09,,41,37,4,1,0,,89,65.44,1,0,1,193,41,10,0,2,,0,0,0,1,0.0,0,0,0,0,268,4,0,0,0,0,0,0,0,0,0,2547.0,0.0,0,10,1,7,2,10,66.67,0,57,39,68.42,10,115,15,28,126,61.17,162,661,1070,1703,233.4,11,2,2152,23,4,0,49231.0,2560000.0,D,22.0,France
Pablo Marí,208988,Monza,2729,italy,2223,2489,30,28,6.86,1,0,1,0.64,0.27,68,0,0.0,98,131,58.22,374,1052,1426,88.79,59,68.6,27,0,0,0,,0,0,4,7,109,29,0,0,5,9,74,1,2,31,0,10.0,,37,34,3,1,0,,48,50.53,0,0,0,180,31,3,1,1,,0,0,0,0,0.0,0,0,0,0,207,0,0,0,0,0,0,0,0,0,0,2489.0,0.0,0,8,2,4,2,2,50.0,0,37,19,51.35,3,126,4,1,107,59.12,225,467,1140,1606,199.0,10,1,1900,9,4,0,39423.0,2050000.0,D,29.0,Spain
Pedro,35428,Lazio,2699,italy,2223,1893,36,17,6.86,4,3,7,3.43,2.04,20,6,17.65,226,22,48.89,444,320,758,84.32,1,16.67,5,0,0,0,,5,1,11,0,3,36,0,0,28,19,101,0,1,26,0,9.52,,20,15,5,4,0,,96,50.0,0,0,3,141,6,23,2,5,,0,0,0,0,0.0,0,0,0,1,285,15,0,0,2,0,0,0,0,0,0,473.25,0.0,0,22,20,15,16,31,53.45,0,35,24,68.57,23,47,58,34,97,48.99,45,577,356,899,247.0,42,0,1258,30,1,0,61731.0,3210000.0,F,35.0,Spain
Luca D'Andrea,1122910,Sassuolo,2793,italy,2223,321,5,5,6.86,0,1,1,0.29,0.41,1,3,42.86,20,2,100.0,42,19,58,76.32,2,40.0,3,0,0,0,,0,0,1,0,0,5,0,0,7,3,22,0,0,4,0,0.0,,4,3,1,0,0,,17,47.22,0,0,0,18,1,10,0,1,,0,0,0,0,0.0,0,0,0,0,47,0,0,0,0,0,0,0,0,0,0,0.0,0.0,0,6,1,3,3,4,40.0,0,4,0,0.0,10,3,10,7,19,46.34,2,57,26,76,34.3,7,0,145,9,0,0,7115.0,370000.0,F,18.0,Italy
Sofyan Amrabat,359272,Fiorentina,2693,italy,2223,2005,29,24,6.86,0,1,1,0.52,1.59,73,10,38.46,294,134,79.76,734,580,1304,89.81,11,45.83,13,0,0,0,,1,0,4,4,18,29,0,0,16,13,97,1,1,54,0,0.0,,27,26,1,0,0,,79,48.47,0,0,0,148,21,12,0,0,,0,0,0,2,0.0,0,0,0,0,209,21,0,0,0,0,0,0,0,0,0,0.0,0.0,0,2,11,5,4,12,75.0,0,39,24,61.54,12,116,16,26,90,48.13,168,861,617,1452,198.9,13,1,1720,28,11,0,36923.0,1920000.0,M,26.0,Morocco
Cristian Volpato,1155625,Roma,2702,italy,2223,230,7,2,6.86,1,1,2,0.35,0.29,1,4,44.44,33,8,66.67,53,29,78,82.11,1,50.0,1,0,0,0,,1,0,2,0,0,7,0,0,6,2,20,0,0,7,0,25.0,,0,0,0,0,1,,15,44.12,0,0,0,17,2,4,1,0,,0,0,0,0,0.0,0,0,0,0,45,4,0,0,0,0,0,0,0,0,0,230.0,0.0,0,3,1,1,1,6,54.55,0,3,2,66.67,4,4,11,9,16,44.44,12,71,33,95,48.0,4,1,157,6,0,0,7115.0,370000.0,F,19.0,Italy
Leonardo Bonucci,15444,Juventus,2687,italy,2223,881,16,9,6.86,1,0,1,1.11,0.26,29,0,0.0,35,42,51.85,136,371,507,87.72,20,46.51,23,0,0,1,,0,1,0,4,29,14,0,0,1,2,36,0,0,11,0,20.0,,8,7,1,1,0,,11,45.83,0,0,1,71,13,4,1,1,,0,0,1,0,0.0,0,0,0,0,76,0,0,0,0,0,0,0,0,0,0,881.0,0.0,0,5,0,3,2,1,100.0,0,5,4,80.0,4,58,1,0,31,46.27,81,184,394,578,96.0,5,0,669,5,2,0,231538.0,12040000.0,D,35.0,Italy
Junior Messias,888219,Milan,2692,italy,2223,1509,25,19,6.86,5,2,7,2.26,1.57,18,2,8.0,169,19,54.29,268,140,406,79.14,25,37.88,41,0,0,0,,4,2,9,2,26,25,0,0,14,14,112,0,0,24,1,15.63,,19,17,2,4,1,,82,53.59,0,0,0,107,7,15,5,1,,0,0,0,0,0.0,0,0,0,0,204,8,0,0,0,0,0,0,0,0,0,301.8,100.0,1,21,11,12,11,34,61.82,0,24,18,75.0,15,43,55,25,107,48.86,35,377,161,513,171.4,32,2,838,24,3,0,35577.0,1850000.0,F,31.0,Brazil
Adam Marušić,267619,Lazio,2699,italy,2223,2766,33,31,6.85,0,2,2,0.75,1.19,53,5,29.41,215,63,55.75,579,813,1387,87.56,29,53.7,25,0,0,0,,2,2,5,12,54,33,0,1,13,14,76,0,1,22,0,0.0,,25,20,5,0,0,,65,56.03,0,0,1,197,38,9,0,1,,0,0,0,0,0.0,0,0,0,0,295,5,0,1,0,0,0,0,0,0,0,0.0,0.0,0,4,12,4,7,10,76.92,0,41,30,73.17,9,97,13,17,94,55.29,113,687,914,1584,226.2,16,0,2108,14,8,0,64038.0,3330000.0,D,30.0,Montenegro
Daniele Verde,605580,Spezia,2735,italy,2223,1059,26,11,6.85,3,0,3,3.05,2.78,27,23,30.67,120,14,42.42,210,103,290,77.54,0,0.0,2,0,0,0,,2,1,9,0,3,26,0,0,12,5,28,0,0,2,0,8.57,,20,18,2,2,1,,26,50.0,1,0,1,84,8,19,2,3,,0,0,1,0,100.0,0,1,0,0,175,4,0,0,0,0,0,0,0,0,0,353.0,0.0,1,19,16,13,13,6,46.15,0,4,4,100.0,19,50,13,75,26,48.15,33,327,122,374,178.1,35,1,602,16,1,0,14231.0,740000.0,F,26.0,Italy
Alessandro Florenzi,152420,Milan,2692,italy,2223,211,6,2,6.85,0,0,0,0.76,1.05,4,11,50.0,27,5,22.73,63,46,98,77.17,1,100.0,0,0,0,0,,0,1,0,0,1,6,0,0,0,3,6,0,0,2,0,0.0,,1,1,0,0,0,,7,53.85,0,0,1,29,4,6,0,0,,0,0,0,0,0.0,0,0,0,0,46,0,0,0,0,0,0,0,0,0,0,0.0,0.0,1,3,2,3,2,0,0.0,0,6,4,66.67,6,23,1,22,8,57.14,22,98,51,127,41.1,5,0,198,1,1,0,106923.0,5560000.0,D,31.0,Italy
Panagiotis Retsos,828971,Hellas Verona,2701,italy,2223,122,2,1,6.85,0,0,0,0.06,0.01,4,0,0.0,4,5,71.43,16,23,39,84.78,3,50.0,3,0,0,0,,0,0,1,0,3,2,0,0,1,0,8,0,0,4,0,0.0,,3,3,0,0,0,,8,61.54,0,0,0,7,2,1,0,0,,0,0,0,0,0.0,0,0,0,0,13,0,0,0,0,0,0,0,0,0,0,0.0,0.0,0,1,0,0,0,1,100.0,0,5,4,80.0,1,6,1,0,11,57.89,7,19,27,46,13.7,1,0,81,2,0,0,,,,,
Mouhamadou Sarr,954291,Cremonese,2761,italy,2223,180,2,2,6.85,0,0,0,0.0,0.01,12,0,0.0,4,19,50.0,14,37,51,71.83,1,100.0,0,0,0,0,,0,0,0,1,3,2,0,0,0,0,0,0,0,0,0,0.0,,3,3,0,0,0,-0.1,0,0.0,0,0,0,20,0,0,0,0,,0,0,0,0,0.0,0,0,0,0,22,0,1,0,0,1,1,4,5,0,1,0.0,0.0,0,0,0,0,0,0,0.0,1,0,0,0.0,0,23,0,0,1,100.0,38,29,42,71,13.7,0,0,92,0,0,0,7115.0,370000.0,K,26.0,Senegal
Martin Erlić,789234,Sassuolo,2793,italy,2223,2331,28,26,6.85,0,0,0,0.47,0.64,54,0,0.0,55,111,57.81,301,807,1108,86.09,49,55.06,40,0,0,0,,1,0,1,7,115,27,0,0,1,13,76,1,0,21,0,0.0,,36,29,7,0,0,,40,52.63,0,0,0,179,31,2,0,0,,1,0,0,0,0.0,0,0,0,0,199,2,0,0,0,0,0,0,0,0,0,0.0,0.0,0,4,0,3,0,1,50.0,0,27,16,59.26,2,107,2,2,89,53.94,192,413,876,1287,184.9,4,0,1580,12,2,0,5385.0,280000.0,D,25.0,Croatia
Federico Chiesa,845386,Juventus,2687,italy,2223,843,21,6,6.85,2,5,7,1.47,1.72,17,11,25.58,103,5,50.0,169,58,216,78.55,1,16.67,5,0,0,0,,4,1,10,0,1,21,0,0,19,9,65,0,0,13,0,7.69,,10,10,0,2,0,,58,49.15,0,0,0,59,0,20,0,2,,0,0,0,0,0.0,0,0,0,0,160,10,0,0,2,0,0,0,0,0,0,421.5,0.0,1,15,11,12,4,24,55.81,0,22,11,50.0,20,22,43,43,59,47.58,10,253,65,275,143.8,26,0,532,12,2,0,178077.0,9260000.0,F,25.0,Italy
Eljif Elmas,838232,Napoli,2714,italy,2223,1623,36,14,6.85,6,3,9,4.05,2.3,29,18,60.0,277,20,58.82,573,298,853,88.21,5,26.32,14,0,0,0,,3,0,12,1,3,36,0,0,22,12,90,0,0,22,0,18.18,,10,8,2,6,0,,61,44.53,0,0,1,114,11,27,2,3,,0,0,1,0,100.0,0,1,0,0,213,10,0,0,4,0,0,0,0,0,0,270.5,0.0,1,21,12,10,11,23,51.11,0,24,13,54.17,27,59,45,30,66,42.31,34,679,318,967,246.5,33,1,1254,14,5,0,36923.0,1920000.0,M,23.0,North Macedonia
Cyril Ngonge,877037,Hellas Verona,2701,italy,2223,828,15,10,6.85,5,1,6,2.56,0.77,2,7,35.0,33,2,25.0,76,28,97,58.43,18,32.14,38,0,0,0,,0,1,6,0,4,15,0,0,12,8,94,0,0,16,0,17.24,,10,6,4,4,1,,33,37.08,1,0,0,69,7,11,3,5,,0,0,0,1,0.0,0,0,0,0,146,8,0,0,1,0,0,0,0,0,0,165.6,0.0,0,12,17,11,12,13,38.24,0,9,5,55.56,11,7,34,20,51,35.17,8,139,47,166,102.7,29,0,364,11,3,0,14808.0,770000.0,F,23.0,Belgium
Lewis Ferguson,907152,Bologna,2685,italy,2223,2327,32,27,6.84,7,0,7,4.73,1.19,19,2,15.38,259,17,36.96,513,514,1025,86.13,29,43.28,38,0,0,0,,0,6,11,3,25,32,0,0,16,20,132,0,0,50,0,16.28,,30,27,3,6,1,,92,49.46,2,0,3,165,19,16,0,6,,0,0,0,0,0.0,0,0,0,0,241,14,0,0,5,0,0,0,0,0,0,332.43,0.0,0,30,13,13,19,9,42.86,0,44,25,56.82,16,39,21,13,121,47.83,46,637,566,1190,219.0,43,0,1541,41,4,0,9808.0,510000.0,M,23.0,Scotland
Ciprian Tătărușanu,44453,Milan,2692,italy,2223,1440,16,16,6.84,0,1,1,0.0,0.03,84,0,0.0,16,127,52.05,64,299,363,75.47,1,50.0,1,0,0,0,,1,0,0,4,8,16,0,0,0,0,1,0,0,0,0,0.0,,22,20,2,0,0,-5.02,3,100.0,0,6,0,118,1,2,0,0,,0,0,0,0,0.0,2,0,0,0,126,0,6,0,0,4,27,13,41,0,12,0.0,0.0,0,0,0,0,0,0,0.0,3,0,0,0.0,2,169,0,0,4,80.0,244,141,340,481,109.5,0,0,625,3,0,0,29615.0,1540000.0,K,36.0,Romania
Danilo Cataldi,317301,Lazio,2699,italy,2223,1942,29,26,6.84,0,1,1,0.21,1.46,51,15,34.09,175,56,64.37,549,595,1129,88.62,2,28.57,5,0,0,0,,1,0,2,4,31,28,0,0,8,26,59,0,0,12,0,0.0,,15,13,2,0,0,,50,48.08,0,0,0,145,24,16,0,0,,0,0,0,0,0.0,0,0,0,0,201,7,0,0,0,0,0,0,0,0,0,0.0,0.0,1,0,7,4,1,6,42.86,0,25,16,64.0,16,89,14,44,52,46.85,87,669,649,1274,191.6,7,0,1529,20,5,0,53462.0,2780000.0,M,28.0,Italy
Mathías Olivera,805078,Napoli,2714,italy,2223,1640,30,17,6.84,2,2,4,0.71,1.99,33,6,31.58,288,34,49.28,598,442,1034,87.26,33,44.0,42,0,0,0,,2,0,2,7,24,27,0,0,24,21,121,0,0,21,0,22.22,,11,9,2,2,0,,74,48.37,2,0,0,151,22,24,0,2,,0,0,0,0,0.0,0,0,0,0,243,6,0,0,0,0,0,0,0,0,0,820.0,0.0,0,8,1,3,4,10,43.48,0,39,23,58.97,24,76,23,19,107,46.93,69,710,494,1185,184.7,9,0,1657,25,2,0,36923.0,1920000.0,D,25.0,Uruguay
Igor Júlio,842513,Fiorentina,2693,italy,2223,2064,27,23,6.84,0,0,0,0.54,0.23,43,0,0.0,99,92,55.09,421,734,1155,88.03,39,58.21,28,0,0,0,,0,1,0,4,53,27,0,0,11,7,77,1,1,29,0,0.0,,24,22,2,0,0,,64,56.64,0,0,0,157,25,3,0,0,,0,0,0,0,0.0,0,0,0,0,181,1,0,1,0,0,0,0,0,0,0,0.0,0.0,0,6,1,7,0,9,81.82,0,43,29,67.44,3,94,11,1,103,57.22,167,519,794,1312,184.6,7,0,1565,13,8,1,17308.0,900000.0,D,24.0,Brazil
Denzel Dumfries,759520,Inter,2697,italy,2223,2223,34,25,6.84,1,4,5,3.68,3.9,15,19,23.17,171,24,48.0,342,276,599,79.13,42,50.6,41,0,0,0,,11,6,5,2,20,34,0,0,19,12,125,0,0,31,0,3.03,,26,23,3,1,0,,92,52.27,0,0,1,158,12,32,0,2,,1,0,0,1,0.0,0,0,0,2,345,12,0,0,0,0,0,0,0,0,0,2223.0,0.0,0,33,0,14,14,19,45.24,0,35,18,51.43,32,42,42,82,134,51.74,50,529,310,757,232.4,33,1,1337,39,4,0,61731.0,3210000.0,M,26.0,Netherlands
Hans Hateboer,356352,Atalanta,2686,italy,2223,1402,17,17,6.84,1,1,2,1.33,1.38,4,7,30.43,144,17,45.95,237,220,450,81.67,24,63.16,14,0,0,0,,2,1,3,6,22,17,0,0,7,17,58,0,0,19,0,8.33,,16,13,3,1,0,,28,38.89,0,0,0,101,12,13,1,1,,0,0,0,0,0.0,0,0,0,0,161,3,0,0,0,0,0,0,0,0,0,1402.0,0.0,0,12,0,5,4,4,57.14,0,21,13,61.9,13,27,7,23,52,47.27,37,331,243,551,116.2,12,0,842,3,7,0,28462.0,1480000.0,D,29.0,Netherlands
Berat Djimsiti,151003,Atalanta,2686,italy,2223,1809,24,20,6.83,0,1,1,0.58,0.46,25,0,0.0,84,39,43.82,274,664,938,87.09,59,58.42,42,0,0,0,,0,1,2,4,74,24,0,0,5,8,72,0,1,15,0,0.0,,23,20,3,0,0,,46,60.53,0,0,0,139,36,4,0,0,,0,0,0,0,0.0,0,0,0,0,157,1,0,0,0,0,0,0,0,0,0,0.0,0.0,0,5,0,3,0,4,66.67,0,34,19,55.88,4,57,6,0,105,59.32,89,347,730,1077,164.0,5,0,1315,8,3,0,28462.0,1480000.0,D,29.0,Albania
Tyronne Ebuehi,580512,Empoli,2705,italy,2223,1926,26,22,6.83,2,4,6,3.08,1.14,18,10,35.71,82,30,41.67,202,342,534,80.54,19,37.25,32,0,0,0,,3,2,4,5,66,25,0,0,14,4,69,0,1,12,0,10.53,,24,22,2,2,0,,50,57.47,1,0,2,129,12,12,0,3,,0,0,0,0,0.0,0,0,0,0,236,5,0,0,1,0,0,0,0,0,0,963.0,0.0,0,15,4,11,4,11,55.0,0,22,14,63.64,12,54,20,28,69,50.0,72,279,412,663,170.8,19,1,1135,17,0,0,12308.0,640000.0,D,27.0,Nigeria
Marco Silvestri,43970,Udinese,2695,italy,2223,3420,38,38,6.83,0,0,0,0.0,0.03,79,0,0.0,19,176,41.12,105,669,774,75.0,10,100.0,0,0,0,0,,0,0,0,10,31,38,0,0,0,1,1,0,1,0,0,0.0,,48,44,4,0,0,0.88,5,83.33,0,10,0,258,1,0,0,0,,0,0,0,0,0.0,7,0,0,0,261,0,16,0,0,7,63,28,91,1,24,0.0,0.0,0,0,0,0,0,0,0.0,6,2,1,50.0,0,180,0,0,15,93.75,428,309,723,1032,259.6,0,1,1327,4,0,0,35577.0,1850000.0,K,31.0,Italy
Frank Tsadjout,927188,Cremonese,2761,italy,2223,1064,20,14,6.83,3,1,4,2.02,0.29,2,0,0.0,73,2,40.0,130,54,184,69.43,59,49.58,60,0,0,0,,0,2,4,0,9,20,0,0,10,6,99,0,0,22,0,11.54,,27,24,3,3,0,,40,50.63,0,0,1,81,8,10,2,4,,0,0,0,0,0.0,0,0,0,0,137,8,0,0,1,0,0,0,0,0,0,354.67,0.0,0,19,7,12,10,12,85.71,0,10,8,80.0,10,9,14,4,99,50.0,5,200,69,265,136.6,26,0,438,18,1,0,10769.0,560000.0,F,23.0,Italy
Sebastian Walukiewicz,886243,Empoli,2705,italy,2223,601,11,6,6.83,0,0,0,0.34,0.12,10,0,0.0,14,25,49.02,55,290,345,87.56,4,36.36,7,0,0,0,,0,0,0,1,30,10,0,0,1,2,15,0,0,5,0,0.0,,9,8,1,0,0,,15,65.22,0,0,1,49,7,1,0,0,,0,0,0,0,0.0,0,0,0,0,53,0,0,0,0,0,0,0,0,0,0,0.0,0.0,0,2,0,1,1,4,100.0,0,9,6,66.67,1,33,4,0,19,55.88,51,78,316,394,68.3,2,1,469,2,0,0,7308.0,380000.0,D,22.0,Poland
Walace,553686,Udinese,2695,italy,2223,3199,37,37,6.83,0,1,1,1.21,1.04,60,3,14.29,267,117,64.64,673,802,1472,84.74,23,44.23,29,0,0,0,,2,0,15,10,45,37,0,0,29,49,159,0,1,40,0,0.0,,44,42,2,0,0,,132,50.38,0,0,1,265,51,17,0,0,,0,0,0,1,0.0,0,0,0,0,372,14,0,0,0,0,0,0,0,0,0,0.0,0.0,0,8,24,11,6,11,45.83,0,82,39,47.56,17,116,24,21,155,49.36,181,861,897,1737,252.7,32,0,2246,39,6,0,19808.0,1030000.0,M,27.0,Brazil
Jakub Kiwior,976037,Spezia,2735,italy,2223,1447,17,17,6.83,0,0,0,0.57,0.58,24,6,42.86,39,56,50.45,132,510,636,85.25,22,64.71,12,0,0,0,,1,1,3,1,68,17,0,0,5,18,51,0,1,16,0,0.0,,27,21,6,0,0,,32,45.07,0,0,0,110,24,4,0,0,,0,0,0,0,0.0,0,0,0,0,138,1,0,0,0,0,0,0,0,0,0,0.0,0.0,1,7,3,4,3,5,71.43,0,22,17,77.27,4,57,7,14,54,51.43,111,204,556,746,116.1,10,0,981,5,3,0,2500.0,130000.0,D,22.0,Poland
Simon Kjær,21535,Milan,2692,italy,2223,1021,17,12,6.82,0,0,0,0.0,0.16,41,0,0.0,50,63,55.75,138,452,590,86.76,19,57.58,14,0,0,0,,0,0,0,2,34,17,0,0,0,4,26,0,1,8,0,0.0,,7,6,1,0,0,,16,57.14,0,0,0,90,9,0,0,0,,0,0,0,0,0.0,0,0,0,0,93,0,0,0,0,0,0,0,0,0,0,0.0,0.0,0,0,0,0,0,0,0.0,0,15,8,53.33,0,87,0,2,35,57.38,113,207,475,680,116.0,0,0,767,1,4,0,36923.0,1920000.0,D,33.0,Denmark
Lorenzo Pirola,965014,Salernitana,2710,italy,2223,1948,26,23,6.82,2,0,2,1.48,0.4,35,0,0.0,62,36,35.64,173,613,786,80.62,48,55.81,38,0,0,0,,0,1,5,3,84,26,0,0,2,8,77,1,0,28,0,15.38,,38,33,5,2,0,,48,55.17,2,0,0,189,30,3,0,0,,0,0,0,0,0.0,0,0,0,0,216,0,0,0,0,0,0,0,0,0,0,974.0,0.0,0,12,1,6,2,5,62.5,0,34,30,88.24,3,93,8,1,96,55.49,101,285,691,975,177.4,13,2,1258,9,4,0,10769.0,560000.0,D,20.0,Italy
Adama Soumaoro,158573,Bologna,2685,italy,2223,1873,23,22,6.82,0,0,0,0.32,0.14,27,0,0.0,37,39,68.42,234,762,996,93.26,31,67.39,15,0,0,0,,0,0,0,4,72,23,0,0,1,2,38,0,1,21,0,0.0,,25,21,4,0,0,,39,62.9,0,0,1,72,15,1,0,0,,0,0,0,0,0.0,0,0,0,0,86,1,0,1,0,0,0,0,0,0,0,0.0,0.0,0,2,0,1,1,2,100.0,0,25,17,68.0,1,43,2,0,70,64.81,57,270,798,1068,156.9,2,0,1248,12,3,1,26731.0,1390000.0,D,30.0,France
Gianluca Caprari,148458,Monza,2729,italy,2223,2472,37,32,6.82,5,2,7,4.96,2.77,30,20,26.32,279,37,80.43,538,308,826,83.18,6,22.22,21,0,0,0,,1,2,19,1,3,37,0,0,32,18,147,0,0,34,0,9.8,,42,38,4,4,1,,106,45.69,0,0,0,167,8,30,0,9,,0,1,1,0,100.0,0,1,0,0,392,17,0,0,5,0,0,0,0,0,0,494.4,0.0,1,31,20,18,14,40,48.19,0,16,6,37.5,29,44,83,76,112,43.24,46,716,353,993,252.4,51,0,1485,50,7,0,32115.0,1670000.0,F,29.0,Italy
Matteo Ruggeri,965011,Atalanta,2686,italy,2223,831,15,8,6.82,0,1,1,0.59,0.9,13,12,31.58,122,16,47.06,236,193,417,84.24,13,68.42,6,0,0,0,,3,0,3,1,14,14,0,0,5,9,33,0,0,10,0,0.0,,13,10,3,0,0,,26,49.06,0,0,0,78,12,10,0,0,,0,0,0,0,0.0,0,0,0,0,135,5,0,0,0,0,0,0,0,0,0,0.0,0.0,0,7,3,6,1,4,44.44,0,17,12,70.59,10,25,9,38,39,54.17,34,312,221,495,95.5,10,2,739,5,3,0,1346.0,70000.0,D,20.0,Italy
Miguel Veloso,6557,Hellas Verona,2701,italy,2223,1167,22,14,6.82,0,0,0,0.54,1.79,33,21,33.87,106,41,41.41,251,173,403,76.18,14,50.0,14,0,0,0,,2,1,6,0,12,22,0,0,7,10,53,0,0,20,0,0.0,,16,15,1,0,0,,45,53.57,0,0,0,126,6,21,0,1,,1,1,0,0,0.0,0,0,0,0,188,7,0,0,0,0,0,0,0,0,0,0.0,0.0,2,3,13,8,2,4,66.67,0,33,10,30.3,20,75,6,62,59,52.68,99,386,205,529,150.0,16,0,748,8,6,0,17885.0,930000.0,M,36.0,Portugal
Charalampos Lykogiannis,98212,Bologna,2685,italy,2223,1104,21,11,6.82,2,0,2,0.77,1.5,29,17,24.64,104,27,37.5,240,195,418,75.32,18,52.94,16,0,0,0,,1,0,4,1,24,20,0,0,1,8,46,0,0,14,0,10.53,,19,16,3,2,0,,32,51.61,1,0,1,137,15,18,0,1,,0,0,0,0,0.0,0,0,0,0,234,3,0,0,0,0,0,0,0,0,0,552.0,0.0,5,4,15,9,6,5,41.67,0,16,8,50.0,18,84,12,69,50,52.08,72,376,248,555,136.3,19,0,877,11,3,0,17885.0,930000.0,D,29.0,Greece
Dany Mota,838907,Monza,2729,italy,2223,1925,29,21,6.81,5,1,6,5.04,1.82,22,6,13.33,129,18,75.0,246,174,414,74.19,33,35.48,60,0,0,0,,1,4,5,2,25,29,0,0,36,8,149,0,0,20,0,17.86,,22,22,0,5,0,,76,46.06,0,0,0,144,6,27,2,13,,0,0,0,0,0.0,0,0,0,2,325,14,0,0,3,0,0,0,0,0,0,385.0,0.0,0,25,3,12,11,35,58.33,0,8,7,87.5,27,35,60,45,109,42.25,24,403,200,558,197.6,28,0,930,33,2,0,8462.0,440000.0,F,24.0,Portugal
Tammy Abraham,610766,Roma,2702,italy,2223,2201,38,24,6.81,8,3,11,10.84,2.81,16,2,18.18,120,16,59.26,218,124,340,68.27,80,51.61,75,0,0,0,,9,17,10,2,14,38,0,0,31,13,184,0,0,33,0,12.9,,25,22,3,7,1,,87,44.39,4,0,2,158,3,33,0,11,,0,0,0,0,0.0,0,0,0,1,302,12,0,0,4,0,0,0,0,0,0,275.13,0.0,0,57,5,22,30,22,37.29,0,17,10,58.82,33,22,59,11,167,47.58,27,357,152,498,258.9,62,0,882,48,2,0,110962.0,5770000.0,F,25.0,England
Salvatore Esposito,931267,Spezia,2735,italy,2223,1053,16,11,6.81,1,0,1,0.73,1.37,21,16,26.67,114,26,39.39,262,281,527,81.96,7,53.85,6,0,0,0,,2,0,5,2,17,16,0,0,4,16,42,0,0,12,1,6.67,,22,19,3,0,1,,47,56.63,0,0,0,116,11,13,0,2,,0,0,0,0,0.0,0,0,0,0,180,7,0,1,1,0,0,0,0,0,0,1053.0,8.33,12,1,14,8,2,6,60.0,0,16,13,81.25,13,61,10,60,54,56.25,66,394,309,643,109.0,15,0,836,25,4,1,15962.0,830000.0,M,22.0,Italy
Valentin Gendrey,944899,Lecce,2689,italy,2223,3109,37,35,6.81,0,2,2,0.58,1.76,33,15,20.27,183,33,30.84,409,355,749,73.65,48,52.75,43,0,0,0,,4,1,3,4,78,37,0,0,12,30,125,0,0,23,0,0.0,,42,36,6,0,0,,129,61.14,0,0,0,268,37,27,0,1,,0,0,0,1,0.0,0,0,0,2,497,9,0,0,0,0,0,0,0,0,0,0.0,0.0,0,3,7,7,0,14,45.16,0,88,57,64.77,27,90,31,74,177,58.61,107,624,467,1017,252.0,10,0,1887,27,4,0,2308.0,120000.0,D,22.0,France
Valentino Lazaro,233826,Torino,2696,italy,2223,1375,23,15,6.81,0,3,3,0.39,2.5,26,25,29.07,194,25,37.88,366,182,523,78.06,14,51.85,13,0,0,0,,6,0,2,0,23,22,0,0,4,9,53,0,0,14,0,0.0,,17,14,3,0,0,,30,42.86,0,0,0,147,3,29,0,1,,0,0,0,1,0.0,0,0,0,0,265,9,0,0,0,0,0,0,0,0,0,0.0,0.0,0,7,0,3,2,17,56.67,0,10,5,50.0,29,61,30,86,44,45.36,66,532,224,670,149.8,7,1,1050,3,4,0,36923.0,1920000.0,D,26.0,Austria
Merih Demiral,806968,Atalanta,2686,italy,2223,1539,28,14,6.81,1,0,1,0.73,0.52,16,1,50.0,27,37,51.39,113,445,557,85.82,52,63.41,30,0,0,0,,1,1,1,5,54,27,0,0,2,10,58,0,1,13,0,16.67,,23,18,5,1,0,,56,66.67,1,0,1,92,24,4,0,1,,0,0,0,0,0.0,0,0,0,0,106,1,0,0,0,0,0,0,0,0,0,1539.0,0.0,0,5,1,4,1,2,28.57,0,41,29,70.73,4,37,7,2,108,65.06,72,166,485,649,183.8,6,1,867,13,5,0,71154.0,3700000.0,D,24.0,Turkey
Wilfried Singo,978285,Torino,2696,italy,2223,2061,31,24,6.81,2,1,3,2.78,1.73,25,12,21.43,154,47,44.76,364,329,681,76.78,53,69.74,23,0,0,0,,2,4,13,3,28,30,0,0,17,7,102,0,1,42,0,5.88,,27,23,4,2,0,,93,54.07,0,0,0,206,12,23,1,1,,0,0,0,0,0.0,0,0,0,0,355,15,0,0,1,0,0,0,0,0,0,1030.5,0.0,0,28,6,11,10,30,69.77,0,28,17,60.71,23,70,43,56,146,58.87,105,572,371,887,204.2,34,0,1431,35,8,0,5000.0,260000.0,D,22.0,Cote d'Ivoire
Robin Gosens,377118,Inter,2697,italy,2223,1180,32,11,6.81,3,0,3,2.96,2.93,21,9,20.93,132,16,35.56,253,182,426,80.68,20,62.5,12,0,0,0,,1,0,5,0,12,32,0,0,3,11,50,0,0,17,0,11.54,,15,13,2,3,0,,44,53.66,0,0,0,102,23,16,3,3,,0,0,0,0,0.0,0,0,0,0,184,5,0,0,0,0,0,0,0,0,0,393.33,0.0,0,23,3,16,5,7,46.67,0,34,18,52.94,16,44,15,43,64,56.14,45,367,204,528,217.8,26,1,834,3,2,0,89038.0,4630000.0,M,28.0,Germany
Fabiano Parisi,972886,Empoli,2705,italy,2223,2836,33,33,6.81,2,0,2,1.81,1.49,70,13,22.03,244,61,45.86,491,531,1009,78.95,30,69.77,13,0,0,0,,2,0,10,9,68,33,0,1,39,41,172,0,0,34,0,9.52,,37,35,2,1,1,,203,56.08,0,0,0,269,41,21,1,0,,0,0,0,1,0.0,0,0,0,1,535,15,0,1,0,0,0,0,0,0,0,1418.0,0.0,0,9,12,9,2,64,57.66,0,65,35,53.85,21,149,111,59,233,57.53,133,702,635,1278,224.6,21,1,2288,74,10,0,3654.0,190000.0,D,22.0,Italy
Roberto Soriano,80406,Bologna,2685,italy,2223,1330,27,15,6.8,1,3,4,0.61,1.47,23,3,27.27,149,19,59.38,293,187,477,81.12,11,40.74,16,0,0,0,,4,1,5,1,14,27,0,0,15,13,69,0,0,20,0,7.69,,13,12,1,0,1,,69,56.56,0,0,1,111,6,20,0,2,,0,0,0,0,0.0,0,0,0,0,162,11,0,0,1,0,0,0,0,0,0,1330.0,0.0,0,6,7,6,2,6,54.55,0,30,16,53.33,20,36,11,11,80,53.69,32,382,217,588,183.7,13,0,794,33,1,0,39423.0,2050000.0,F,31.0,Italy
Matheus Henrique,912786,Sassuolo,2793,italy,2223,1952,30,21,6.8,4,1,5,2.83,1.31,33,0,0.0,274,44,69.84,482,253,735,86.78,11,36.67,19,0,0,0,,1,5,5,1,9,30,0,0,16,12,75,0,0,22,0,16.0,,39,27,12,4,0,,93,62.42,2,0,0,112,12,27,1,1,,0,0,0,0,0.0,0,0,0,0,179,15,0,0,1,0,0,0,0,0,0,488.0,0.0,0,17,8,8,12,34,77.27,0,26,12,46.15,27,46,44,9,104,58.1,63,574,282,847,204.1,25,0,1099,33,4,0,10962.0,570000.0,M,25.0,Brazil
Andrea Petagna,295973,Monza,2729,italy,2223,1669,31,19,6.8,4,5,9,5.67,1.99,18,0,0.0,107,14,77.78,193,122,315,74.29,39,52.0,36,0,0,0,,6,4,10,0,18,31,0,0,43,3,118,0,0,29,0,11.11,,32,28,4,4,0,,57,41.01,0,0,0,109,3,30,4,10,,0,0,1,1,100.0,0,1,0,1,242,7,0,0,0,0,0,0,0,0,0,417.25,0.0,0,31,5,13,13,20,64.52,0,7,5,71.43,30,26,31,3,96,44.86,18,277,150,424,210.9,36,0,725,30,2,0,78269.0,4070000.0,F,27.0,Italy
Alexis Blin,318657,Lecce,2689,italy,2223,2379,35,26,6.8,1,0,1,2.84,0.79,30,5,17.86,199,28,45.9,405,342,742,81.27,55,44.35,69,0,0,0,,1,5,4,3,66,35,0,0,15,36,169,0,0,47,0,4.55,,29,25,4,1,0,,104,50.98,1,0,1,171,34,15,0,1,,0,0,0,0,0.0,0,0,0,1,252,17,0,0,0,0,0,0,0,0,0,2379.0,0.0,0,19,3,13,5,5,45.45,0,69,39,56.52,15,58,11,28,159,48.48,61,547,394,913,238.1,22,1,1360,31,8,0,12308.0,640000.0,M,26.0,France
Rogério,830551,Sassuolo,2793,italy,2223,3004,36,34,6.8,0,3,3,0.53,2.23,61,30,26.55,308,111,51.39,672,675,1317,82.99,21,39.62,32,0,0,0,,3,0,5,8,60,36,0,1,8,18,97,0,0,30,0,0.0,,55,44,11,0,0,,98,60.12,0,0,0,270,37,30,0,0,,0,0,0,0,0.0,0,0,0,0,445,10,0,1,0,0,0,0,0,0,0,0.0,0.0,0,5,10,5,5,23,67.65,0,37,21,56.76,30,145,34,113,119,55.09,216,928,772,1587,244.9,15,0,2399,38,5,0,25000.0,1300000.0,D,25.0,Brazil
Ante Rebić,152769,Milan,2692,italy,2223,989,23,10,6.8,3,2,5,3.46,1.86,6,5,12.82,100,6,42.86,149,35,179,62.15,12,44.44,15,0,0,0,,4,4,6,1,5,22,0,0,15,8,70,0,0,18,0,11.11,,11,9,2,3,0,,40,42.11,0,0,0,109,1,13,1,8,,0,0,0,0,0.0,0,0,0,0,204,11,0,0,2,0,0,0,0,0,0,329.67,0.0,2,20,7,8,13,15,51.72,0,10,8,80.0,13,17,29,39,52,42.62,14,282,45,288,149.6,27,3,491,15,4,0,86346.0,4490000.0,F,29.0,Croatia
Leonardo Sernicola,812314,Cremonese,2761,italy,2223,2317,32,27,6.8,2,2,4,1.35,2.21,25,35,29.66,127,35,40.7,279,223,467,72.63,29,56.86,22,0,0,0,,4,0,10,3,48,32,0,0,21,14,114,0,0,40,0,8.0,,50,45,5,2,0,,112,54.9,0,0,0,176,38,25,2,3,,0,0,0,1,0.0,0,0,0,0,405,11,0,0,0,0,0,0,0,0,0,1158.5,0.0,0,11,14,9,6,24,52.17,0,45,33,73.33,25,66,46,118,141,55.29,86,473,288,643,217.6,25,1,1311,43,11,0,2885.0,150000.0,D,25.0,Italy
Koray Günter,138165,Sampdoria,2711,italy,2223,1777,23,19,6.8,1,1,2,0.98,0.62,35,2,50.0,75,56,45.53,238,414,650,79.66,46,60.53,30,0,0,0,,1,1,0,0,90,23,0,0,1,6,60,0,0,24,0,10.0,,42,40,2,1,0,,37,55.22,0,0,1,166,41,10,0,0,,0,0,0,1,0.0,0,0,0,0,184,0,0,0,1,0,0,0,0,0,0,1777.0,0.0,0,8,2,9,1,4,80.0,0,20,14,70.0,10,83,5,4,83,58.04,123,345,475,816,156.4,10,0,1102,13,5,0,21346.0,1110000.0,D,28.0,Germany
Adam Ounas,818440,Napoli,2714,italy,2223,24,2,0,6.8,0,0,0,0.04,0.03,0,0,0.0,4,4,100.0,7,6,13,81.25,1,100.0,0,0,0,0,,0,0,1,0,0,2,0,0,0,0,0,0,0,0,0,0.0,,0,0,0,0,0,,2,100.0,0,0,0,3,1,0,0,0,,0,0,0,0,0.0,0,0,0,0,4,0,0,0,0,0,0,0,0,0,0,0.0,0.0,0,0,1,0,0,2,100.0,0,0,0,0.0,0,0,2,0,3,100.0,4,9,7,16,13.6,1,0,21,0,0,0,,,,,
Alessandro Cortinovis,918873,Hellas Verona,2701,italy,2223,12,1,0,6.8,0,0,0,0.0,0.04,0,1,100.0,2,0,0.0,3,2,4,80.0,0,0.0,3,0,0,0,,0,0,0,0,0,1,0,0,0,0,3,0,0,0,0,0.0,,0,0,0,0,0,,1,100.0,0,0,0,1,0,0,0,0,,0,0,0,0,0.0,0,0,0,0,1,0,0,0,0,0,0,0,0,0,0,0.0,0.0,0,0,0,0,0,0,0.0,0,1,0,0.0,0,1,0,1,1,25.0,1,4,2,5,6.8,0,0,8,0,0,0,1731.0,90000.0,F,21.0,Italy
James Abankwah,1127232,Udinese,2695,italy,2223,69,2,1,6.8,0,0,0,0.0,0.0,1,0,0.0,0,1,50.0,2,17,19,76.0,2,100.0,0,0,0,0,,0,0,0,0,3,2,0,0,1,0,3,0,0,2,0,0.0,,0,0,0,0,0,,3,50.0,0,0,0,6,0,0,0,0,,0,0,0,0,0.0,0,0,0,0,8,0,0,0,0,0,0,0,0,0,0,0.0,0.0,0,0,0,0,0,1,100.0,0,1,1,100.0,0,5,1,0,5,62.5,2,7,18,25,13.6,0,0,43,1,0,0,1154.0,60000.0,D,19.0,Ireland
Nicola Ravaglia,130802,Sampdoria,2711,italy,2223,810,9,9,6.8,0,0,0,0.0,0.01,42,0,0.0,12,56,34.15,34,134,168,60.0,4,100.0,0,0,0,0,,0,0,0,0,7,9,0,0,0,1,2,0,0,1,0,0.0,,23,23,0,0,0,-4.67,1,33.33,0,8,0,112,0,0,0,0,,0,0,0,1,0.0,2,0,0,0,112,0,0,0,0,3,27,14,41,0,10,0.0,0.0,0,0,0,0,0,0,0.0,3,0,0,0.0,0,115,0,0,5,71.43,164,111,169,280,61.2,0,1,388,2,0,0,3654.0,190000.0,K,34.0,Italy
Luka Jović,319129,Fiorentina,2693,italy,2223,1536,31,16,6.8,6,3,9,8.02,1.01,13,0,0.0,94,15,78.95,147,80,227,77.47,29,34.94,54,0,0,1,,2,9,14,2,10,30,0,0,16,6,104,0,0,23,0,10.53,,23,22,1,6,0,,29,36.71,2,0,2,66,2,23,0,11,,0,0,1,0,0.0,0,0,0,0,116,6,0,0,4,0,0,0,0,0,0,256.0,0.0,0,47,10,23,20,15,71.43,0,6,3,50.0,23,23,21,1,58,35.8,19,208,86,293,203.9,57,1,477,8,3,0,61731.0,3210000.0,F,25.0,Serbia
David Okereke,831290,Cremonese,2761,italy,2223,2273,33,25,6.79,7,0,7,5.94,1.06,15,6,27.27,146,15,62.5,252,95,341,72.55,49,36.03,87,0,0,0,,1,4,14,0,12,33,0,0,35,13,186,0,0,21,0,11.48,,41,39,2,4,3,,84,45.9,1,0,0,129,10,21,2,9,,0,0,1,1,100.0,0,1,0,3,289,13,0,0,4,0,0,0,0,0,0,324.71,0.0,0,39,22,26,21,39,52.7,0,12,8,66.67,21,24,74,22,133,41.69,24,375,117,470,224.2,61,1,885,33,4,0,14808.0,770000.0,F,25.0,Nigeria
Maxime López,352802,Sassuolo,2793,italy,2223,2296,30,25,6.79,0,0,0,1.03,2.27,77,8,32.0,412,92,67.65,839,629,1460,89.13,4,57.14,3,0,0,0,,2,1,5,7,19,30,0,0,12,40,100,0,0,31,0,0.0,,36,29,7,0,0,,64,39.75,0,0,0,178,23,33,0,0,,0,1,0,0,0.0,0,0,0,0,246,9,0,0,0,0,0,0,0,0,0,0.0,0.0,0,5,11,6,5,11,42.31,0,42,18,42.86,32,126,26,25,68,40.48,136,958,705,1638,203.8,16,2,1915,11,11,0,14808.0,770000.0,M,25.0,France
Fodé Ballo-Touré,788170,Milan,2692,italy,2223,517,10,5,6.79,1,0,1,0.62,0.33,2,6,35.29,38,4,33.33,94,94,182,87.5,13,72.22,5,0,0,0,,1,1,1,1,3,10,0,0,6,3,28,0,0,5,0,20.0,,8,6,2,1,0,,32,58.18,0,0,0,26,2,4,1,0,,0,0,0,0,0.0,0,0,0,0,70,4,0,0,0,0,0,0,0,0,0,517.0,0.0,0,4,1,1,3,5,35.71,0,14,9,64.29,4,9,14,17,45,61.64,12,125,100,208,67.9,5,1,379,13,0,0,24615.0,1280000.0,D,26.0,Senegal
William Troost-Ekong,338991,Salernitana,2710,italy,2223,448,9,4,6.79,1,0,1,0.7,0.04,5,1,100.0,1,9,50.0,27,121,147,82.58,18,66.67,9,0,0,0,,0,0,0,0,10,9,0,0,0,1,17,0,0,7,0,50.0,,8,8,0,1,0,,12,60.0,0,0,0,31,6,0,0,0,,0,0,0,0,0.0,0,0,0,0,32,0,0,0,1,0,0,0,0,0,0,448.0,0.0,0,2,0,1,1,0,0.0,0,11,3,27.27,0,11,0,1,30,63.83,18,49,130,178,61.1,2,1,228,1,1,0,30577.0,1590000.0,D,29.0,Nigeria
Nicola Sansone,100580,Bologna,2685,italy,2223,744,18,8,6.79,4,2,6,2.77,0.83,5,6,30.0,60,4,66.67,106,54,154,78.97,0,0.0,13,0,0,0,,2,2,5,1,4,17,0,0,14,5,53,0,0,13,0,18.18,,9,7,2,4,0,,34,45.95,0,0,1,41,0,8,2,11,,0,0,0,0,0.0,0,0,0,2,108,6,0,0,2,0,0,0,0,0,0,186.0,0.0,2,15,7,9,8,6,37.5,0,12,4,33.33,8,9,16,20,34,39.08,6,152,63,195,115.4,22,0,350,16,2,0,39423.0,2050000.0,F,31.0,Italy
Marco Benassi,249629,Cremonese,2761,italy,2223,1089,17,12,6.79,0,0,0,1.35,0.62,19,9,29.03,77,34,61.82,150,178,319,78.77,8,32.0,17,0,0,0,,0,0,6,0,19,17,0,0,11,10,48,0,0,11,0,0.0,,23,21,2,0,0,,45,59.21,0,0,0,86,13,8,0,0,,0,0,0,0,0.0,0,0,0,0,134,10,0,0,0,0,0,0,0,0,0,0.0,0.0,0,10,9,5,8,9,100.0,0,29,18,62.07,8,38,9,31,53,52.48,55,229,207,405,115.4,19,0,604,7,1,0,46346.0,2410000.0,M,28.0,Italy
Johan Vásquez,889785,Cremonese,2761,italy,2223,1814,25,19,6.79,1,0,1,0.72,0.33,29,1,25.0,77,37,32.74,191,423,613,79.1,35,44.3,44,0,0,0,,0,0,3,4,85,25,0,0,6,21,92,0,1,21,0,8.33,,36,31,5,1,0,,71,59.66,1,0,0,162,45,6,0,0,,0,0,0,0,0.0,0,0,0,0,202,3,0,0,0,0,0,0,0,0,0,1814.0,0.0,0,11,1,7,2,11,78.57,0,41,26,63.41,6,72,14,4,106,53.54,113,295,484,775,169.7,12,3,1118,19,7,0,11154.0,580000.0,D,24.0,Mexico
Antonino Gallo,945616,Lecce,2689,italy,2223,2492,32,28,6.79,0,1,1,0.63,2.13,59,27,30.34,255,56,28.87,426,231,630,69.15,25,46.3,29,0,0,0,,1,1,1,6,67,32,0,0,7,19,78,0,0,13,0,0.0,,28,25,3,0,0,,88,64.23,0,0,1,281,13,38,0,2,,2,0,0,0,0.0,0,0,0,0,454,10,0,1,0,0,0,0,0,0,0,0.0,0.0,0,1,9,7,2,15,60.0,0,56,36,64.29,38,172,25,89,113,59.16,194,696,304,911,217.2,10,0,1570,17,3,1,18462.0,960000.0,D,23.0,Italy
Dylan Bronn,845271,Salernitana,2710,italy,2223,1698,24,19,6.79,0,0,0,0.65,0.81,41,1,14.29,79,62,55.36,267,569,835,85.91,34,59.65,23,0,0,0,,0,1,2,2,55,24,0,1,2,10,67,0,1,29,0,0.0,,30,26,4,0,0,,50,53.19,0,0,0,137,20,5,0,0,,0,0,0,1,0.0,0,0,0,0,164,2,0,1,0,0,0,0,0,0,0,0.0,0.0,0,6,2,5,1,6,66.67,0,34,18,52.94,5,90,9,7,84,55.63,112,358,621,972,162.9,8,0,1226,10,5,0,22115.0,1150000.0,D,27.0,Tunisia
José Luis Palomino,79680,Atalanta,2686,italy,2223,758,15,8,6.79,1,0,1,0.52,0.31,14,2,40.0,42,27,45.76,158,258,414,82.63,24,64.86,13,0,0,0,,1,1,1,0,17,15,0,0,3,9,35,0,0,9,0,16.67,,15,11,4,1,0,,29,56.86,1,0,0,87,28,2,0,0,,1,0,0,0,0.0,0,0,0,0,97,1,0,0,0,0,0,0,0,0,0,758.0,0.0,0,5,1,2,3,2,66.67,0,22,14,63.64,2,34,3,5,53,60.23,59,215,291,501,101.8,6,0,632,5,4,0,28462.0,1480000.0,D,33.0,Argentina
Grigoris Kastanos,791566,Salernitana,2710,italy,2223,1296,28,13,6.79,2,1,3,1.86,0.92,22,5,20.0,144,21,48.84,267,162,424,77.8,23,48.94,24,0,0,0,,0,0,10,1,5,28,0,0,19,24,103,0,0,22,0,6.67,,24,19,5,2,0,,94,54.34,0,0,0,121,7,13,2,0,,0,0,0,0,0.0,0,0,0,0,210,5,0,0,0,0,0,0,0,0,0,648.0,0.0,0,13,17,11,9,13,48.15,0,39,24,61.54,13,46,27,25,117,53.18,43,383,187,545,190.0,30,0,852,42,4,0,3654.0,190000.0,M,25.0,Cyprus
Denso Kasius,1008111,Bologna,2685,italy,2223,348,7,4,6.79,0,2,2,0.13,0.81,8,8,66.67,27,10,33.33,62,49,103,71.03,1,20.0,4,0,0,0,,3,0,2,0,2,7,0,0,7,2,19,0,0,3,0,0.0,,7,7,0,0,0,,19,55.88,0,0,0,42,3,6,0,0,,0,0,0,0,0.0,0,0,0,0,70,1,0,0,0,0,0,0,0,0,0,0.0,0.0,0,2,2,2,0,6,66.67,0,12,6,50.0,6,19,9,12,20,51.28,30,89,68,145,47.5,4,1,259,1,1,0,9808.0,510000.0,D,19.0,Netherlands
Filippo Terracciano,1034303,Hellas Verona,2701,italy,2223,837,21,7,6.79,0,1,1,0.18,1.52,17,5,20.0,53,14,37.84,111,94,200,72.73,15,41.67,21,0,0,0,,2,0,0,0,12,21,0,0,5,5,41,0,0,7,0,0.0,,9,6,3,0,0,,45,69.23,0,0,0,75,10,8,0,0,,0,0,0,0,0.0,0,0,0,0,136,2,0,0,0,0,0,0,0,0,0,0.0,0.0,0,2,3,2,3,6,66.67,0,22,14,63.64,8,29,9,25,60,59.41,37,190,110,275,142.5,5,0,476,17,2,0,1731.0,90000.0,M,19.0,Italy
Michele Castagnetti,131910,Cremonese,2761,italy,2223,1421,27,14,6.78,0,1,1,0.65,1.9,47,11,28.95,172,39,53.42,358,262,609,80.56,9,39.13,14,0,0,0,,1,0,6,1,22,27,0,0,3,36,72,0,0,16,0,0.0,,29,26,3,0,0,,66,53.23,0,0,0,147,15,26,0,0,,0,0,0,0,0.0,0,0,0,0,204,2,0,0,0,0,0,0,0,0,0,0.0,0.0,2,1,11,5,1,8,72.73,0,46,21,45.65,26,87,11,38,75,51.02,73,491,303,756,183.1,12,0,979,12,2,0,10769.0,560000.0,M,33.0,Italy
Weston McKennie,881931,Juventus,2687,italy,2223,1058,15,13,6.78,1,1,2,0.91,0.85,12,5,33.33,83,16,64.0,180,133,308,81.7,12,42.86,16,0,0,0,,3,0,4,2,13,15,0,0,12,3,45,0,1,13,0,12.5,,13,13,0,1,0,,28,49.12,1,0,0,69,11,8,0,3,,0,0,0,0,0.0,0,0,0,0,117,7,0,0,0,0,0,0,0,0,0,1058.0,0.0,0,8,0,0,4,7,77.78,0,14,5,35.71,8,21,9,15,40,47.06,25,242,150,377,101.7,8,0,555,7,0,0,61731.0,3210000.0,M,24.0,United States
Ola Aina,800417,Torino,2696,italy,2223,880,19,9,6.78,1,1,2,0.8,1.85,13,12,34.29,108,14,32.56,207,117,312,76.47,12,54.55,10,0,0,0,,4,1,3,2,19,19,0,0,8,6,59,0,0,16,0,12.5,,7,7,0,1,0,,56,53.33,0,0,0,96,11,12,1,1,,0,0,0,1,0.0,0,0,0,0,186,7,0,0,0,0,0,0,0,0,0,880.0,0.0,0,6,2,2,3,23,53.49,0,17,13,76.47,12,31,43,35,68,53.54,43,312,131,408,128.8,8,0,729,16,5,0,35577.0,1850000.0,D,26.0,Nigeria
Beto,987489,Udinese,2695,italy,2223,2132,33,23,6.78,10,1,11,10.87,1.92,2,0,0.0,86,6,60.0,135,55,190,65.74,71,52.59,64,0,0,0,,4,7,15,2,30,33,0,0,43,13,194,0,0,36,0,16.39,,31,28,3,10,0,,73,35.96,1,0,0,99,6,23,3,9,,0,0,1,0,100.0,0,1,0,0,312,9,0,0,6,0,0,0,0,0,0,213.2,0.0,0,52,9,24,22,32,44.44,0,16,9,56.25,23,4,72,9,144,42.6,10,225,73,289,223.7,61,2,754,26,2,0,3654.0,190000.0,F,25.0,Portugal
Manuel Lazzari,273405,Lazio,2699,italy,2223,1895,28,22,6.78,0,0,0,0.32,0.89,20,8,22.22,171,27,67.5,409,465,866,89.46,9,39.13,14,0,0,0,,0,0,2,5,28,28,0,0,3,14,66,0,1,15,0,0.0,,16,14,2,0,0,,90,63.38,0,0,0,102,18,10,0,0,,1,0,0,0,0.0,0,0,0,0,204,3,0,0,0,0,0,0,0,0,0,0.0,0.0,0,4,2,2,2,18,47.37,0,33,21,63.64,10,31,38,36,99,60.0,40,492,512,968,189.8,6,1,1448,39,8,0,60577.0,3150000.0,D,29.0,Italy
Luca Caldirola,100565,Monza,2729,italy,2223,2360,31,27,6.78,2,0,2,1.12,0.34,44,1,20.0,90,64,46.72,350,906,1255,88.26,34,51.52,32,0,0,0,,1,3,1,7,65,31,0,0,1,13,77,0,1,30,0,20.0,,32,31,1,2,0,,53,54.08,1,0,1,167,25,4,1,0,,0,0,0,0,0.0,0,0,0,0,180,2,0,0,0,0,0,0,0,0,0,1180.0,0.0,0,9,1,5,4,1,50.0,0,26,14,53.85,4,95,2,5,87,53.05,137,450,977,1422,210.1,10,2,1671,26,5,0,24231.0,1260000.0,D,32.0,Italy
Riccardo Saponara,126236,Fiorentina,2693,italy,2223,1208,29,14,6.78,4,3,7,2.78,2.21,14,9,28.13,145,10,55.56,237,89,317,75.66,8,50.0,8,0,0,0,,5,3,12,0,8,29,0,0,19,4,62,0,1,14,0,10.81,,17,17,0,3,1,,50,48.08,0,0,1,102,5,20,1,5,,0,0,0,0,0.0,0,0,0,0,200,10,0,0,3,0,0,0,0,0,0,302.0,0.0,0,18,19,11,14,18,48.65,0,10,5,50.0,20,25,37,32,58,48.33,18,344,107,419,196.5,37,1,659,22,4,0,35577.0,1850000.0,F,31.0,Italy
Alexis Saelemaekers,901891,Milan,2692,italy,2223,1403,30,14,6.78,2,3,5,2.45,3.61,11,14,29.17,174,14,63.64,311,138,435,81.31,9,64.29,5,0,0,0,,6,2,11,0,6,29,0,0,21,22,102,0,0,23,0,5.71,,16,16,0,2,0,,84,46.41,0,0,0,100,19,22,0,2,,0,0,0,1,0.0,0,0,0,0,236,11,0,0,2,0,0,0,0,0,0,701.5,0.0,0,15,20,14,10,31,48.44,0,31,20,64.52,22,19,64,48,93,47.69,22,423,160,535,196.5,35,0,918,22,1,0,24615.0,1280000.0,F,23.0,Belgium
Krzysztof Piątek,558738,Salernitana,2710,italy,2223,2144,33,23,6.78,4,5,9,8.4,0.76,11,1,7.14,135,12,50.0,220,157,376,70.15,90,43.9,115,0,0,0,,3,8,13,3,39,32,0,0,35,16,210,0,0,39,0,6.9,,44,37,7,4,0,,71,42.77,0,0,2,160,1,22,1,22,,0,0,1,0,100.0,0,1,0,0,304,9,0,0,3,0,0,0,0,0,0,536.0,0.0,1,44,14,25,20,10,50.0,0,18,11,61.11,22,19,20,14,161,43.4,24,361,189,536,216.8,58,0,930,43,5,0,74038.0,3850000.0,F,27.0,Poland
Zlatan Ibrahimović,2089,Milan,2692,italy,2223,144,4,1,6.78,1,0,1,1.17,0.13,3,0,0.0,14,2,100.0,24,12,36,70.59,8,66.67,4,0,0,0,,0,0,1,0,2,4,0,0,2,0,10,0,0,2,0,16.67,,4,4,0,1,0,,1,14.29,0,0,0,15,0,1,0,0,,0,0,1,0,100.0,0,1,0,0,24,2,0,0,1,0,0,0,0,0,0,144.0,0.0,1,3,3,2,3,0,0.0,0,0,0,0.0,1,5,2,0,9,47.37,2,38,13,51,27.1,6,0,74,1,0,0,36923.0,1920000.0,F,41.0,Sweden
Diego Llorente,305278,Roma,2702,italy,2223,573,9,5,6.78,0,0,0,0.47,0.1,15,0,0.0,21,17,62.96,55,209,264,88.59,12,66.67,6,0,0,0,,0,0,1,3,19,8,0,0,1,7,22,0,0,9,0,0.0,,7,7,0,0,0,,14,46.67,0,0,0,34,11,1,0,0,,0,0,0,0,0.0,0,0,0,0,40,0,0,0,0,0,0,0,0,0,0,0.0,0.0,0,4,0,2,1,1,50.0,0,10,5,50.0,1,22,2,0,26,54.17,27,76,222,298,54.2,4,0,363,3,0,0,31731.0,1650000.0,D,29.0,Spain
Lassana Coulibaly,804621,Salernitana,2710,italy,2223,2901,35,34,6.77,3,3,6,0.82,1.47,31,1,10.0,217,34,53.97,508,467,974,84.04,30,44.12,38,0,0,0,,3,0,4,6,30,35,0,0,33,43,204,0,2,53,0,18.75,,57,48,9,2,1,,181,52.16,0,0,0,185,25,20,0,1,,0,0,0,0,0.0,0,0,0,0,334,11,0,0,3,0,0,0,0,0,0,967.0,0.0,0,6,10,6,6,48,55.17,0,84,50,59.52,20,63,87,10,211,50.84,63,638,531,1159,237.1,16,0,1686,50,12,0,9808.0,510000.0,M,26.0,Mali
Emanuel Aiwu,924690,Cremonese,2761,italy,2223,1653,23,17,6.77,0,0,0,0.16,0.75,26,1,25.0,69,27,31.4,189,422,610,81.99,28,60.87,18,0,0,0,,0,0,0,4,49,23,0,0,5,14,60,1,2,21,0,0.0,,30,29,1,0,0,,73,63.48,0,0,0,134,25,4,0,0,,0,0,0,0,0.0,0,0,0,0,188,2,0,0,0,0,0,0,0,0,0,0.0,0.0,0,2,1,2,1,3,37.5,0,55,34,61.82,4,74,8,4,101,62.73,86,265,483,744,155.8,3,1,1034,15,3,0,7308.0,380000.0,D,22.0,Austria
Ilija Nestorovski,55314,Udinese,2695,italy,2223,652,21,5,6.77,2,1,3,1.61,0.44,5,0,0.0,34,5,62.5,76,40,116,71.6,12,25.53,35,0,0,0,,1,0,2,1,10,19,0,0,3,6,62,0,0,18,0,14.29,,8,7,1,2,0,,31,53.45,0,0,0,46,2,2,2,5,,0,0,0,0,0.0,0,0,0,1,65,1,0,0,0,0,0,0,0,0,0,326.0,0.0,0,12,2,8,4,3,75.0,0,7,3,42.86,2,9,4,0,43,40.95,8,113,49,162,128.7,14,0,255,21,3,0,25000.0,1300000.0,F,32.0,North Macedonia
Isaac Success,359640,Udinese,2695,italy,2223,1820,30,21,6.77,1,6,7,3.34,3.25,14,1,7.69,182,20,60.61,278,94,371,67.45,38,44.71,47,0,0,0,,5,3,9,1,18,30,0,0,44,5,156,0,0,34,0,2.86,,22,22,0,1,0,,115,51.34,0,0,0,179,4,31,0,11,,0,0,0,0,0.0,0,0,0,0,368,8,0,0,1,0,0,0,0,0,0,1820.0,0.0,0,23,12,21,5,30,50.85,0,8,4,50.0,31,21,59,13,153,49.51,33,437,126,550,203.2,35,0,974,77,4,0,20962.0,1090000.0,F,27.0,Nigeria
Luca Zanimacchia,847025,Cremonese,2761,italy,2223,747,15,9,6.77,0,0,0,1.19,1.02,9,14,30.43,66,6,40.0,145,66,197,74.9,3,23.08,10,0,0,0,,0,0,6,0,4,15,0,0,12,13,50,0,0,9,0,0.0,,17,16,1,0,0,,36,47.37,0,0,0,66,9,14,0,2,,0,0,0,0,0.0,0,0,0,1,139,7,0,0,0,0,0,0,0,0,0,0.0,0.0,2,13,6,9,4,5,38.46,0,21,13,61.9,14,17,13,46,39,43.82,15,229,80,263,101.6,19,0,451,10,2,0,7115.0,370000.0,F,24.0,Italy
Gary Medel,22975,Bologna,2685,italy,2223,1493,29,17,6.77,0,1,1,0.07,0.41,59,0,0.0,95,66,55.93,315,669,984,89.78,15,50.0,15,0,0,0,,1,0,0,1,31,29,0,0,4,8,47,0,0,19,0,0.0,,25,22,3,0,0,,45,58.44,0,0,0,112,28,7,0,0,,0,0,0,0,0.0,0,0,0,0,128,3,0,0,0,0,0,0,0,0,0,0.0,0.0,0,0,2,2,0,4,66.67,0,25,15,60.0,7,95,6,4,60,56.07,118,386,714,1096,196.4,2,1,1264,16,5,0,36923.0,1920000.0,M,35.0,Chile
Matías Vecino,158615,Lazio,2699,italy,2223,1692,32,17,6.77,2,0,2,2.53,0.55,26,0,0.0,173,25,47.17,396,434,830,85.92,31,57.41,23,0,0,0,,0,2,9,7,38,32,0,0,3,25,80,1,0,27,0,7.69,,16,13,3,1,1,,60,51.28,1,0,1,136,16,9,0,2,,0,0,0,0,0.0,0,0,0,0,162,11,0,0,1,0,0,0,0,0,0,846.0,0.0,0,17,9,11,6,3,50.0,0,47,27,57.45,9,53,6,1,91,53.22,53,491,476,966,216.7,26,1,1188,10,6,0,64038.0,3330000.0,M,31.0,Uruguay
Georginio Wijnaldum,22126,Roma,2702,italy,2223,779,14,10,6.77,2,0,2,2.21,0.75,0,2,50.0,46,2,50.0,96,73,167,83.92,13,72.22,5,0,0,0,,1,1,5,2,3,14,0,0,7,2,26,0,0,3,0,10.0,,9,9,0,2,0,,24,53.33,1,0,1,32,2,8,0,1,,0,0,0,0,0.0,0,0,0,1,63,2,0,0,1,0,0,0,0,0,0,389.5,0.0,0,14,6,11,4,11,52.38,0,4,3,75.0,8,0,21,4,37,58.73,4,116,87,199,94.8,20,1,302,9,0,0,178077.0,9260000.0,M,32.0,Netherlands
Milan Škriniar,187205,Inter,2697,italy,2223,1770,21,20,6.77,0,0,0,0.8,0.41,42,1,20.0,120,64,59.26,363,893,1255,91.74,17,48.57,18,0,0,0,,0,1,1,8,46,21,0,0,3,14,69,0,3,35,0,0.0,,23,21,2,0,0,,46,47.42,0,0,0,113,13,6,0,1,,1,0,0,0,0.0,0,0,0,0,139,8,0,1,0,0,0,0,0,0,0,0.0,0.0,0,7,2,6,2,3,100.0,0,29,18,62.07,6,68,3,5,63,47.73,108,441,932,1368,142.2,9,0,1573,14,3,1,106923.0,5560000.0,D,27.0,Slovakia
Paweł Dawidowicz,288321,Hellas Verona,2701,italy,2223,1699,24,21,6.77,1,1,2,1.35,0.34,36,0,0.0,73,48,37.21,187,422,609,76.51,45,62.5,27,0,0,0,,1,1,3,3,70,24,0,1,4,9,82,0,0,39,0,7.69,,28,21,7,1,0,,64,53.78,0,0,0,187,24,5,0,1,,0,0,0,0,0.0,0,0,0,0,241,3,0,1,1,0,0,0,0,0,0,1699.0,0.0,0,13,0,7,3,1,20.0,0,50,33,66.0,5,84,5,13,109,57.07,129,331,478,796,162.5,13,0,1084,13,7,0,7308.0,380000.0,D,27.0,Poland
Elseid Hysaj,136322,Lazio,2699,italy,2223,2015,34,22,6.77,1,1,2,0.17,1.13,37,6,37.5,217,45,51.72,477,567,1038,85.43,24,50.0,24,0,0,0,,2,0,1,12,32,34,0,0,13,18,83,0,0,19,0,25.0,,17,10,7,1,0,,59,50.0,0,0,0,177,20,13,1,2,,0,0,0,1,0.0,0,0,0,0,256,4,0,0,0,0,0,0,0,0,0,2015.0,0.0,0,1,3,1,2,6,37.5,0,39,23,58.97,13,78,16,16,83,50.0,87,584,647,1215,230.2,4,0,1638,14,3,0,78269.0,4070000.0,D,28.0,Albania
Flavius Daniliuc,901885,Salernitana,2710,italy,2223,2195,27,23,6.77,0,2,2,0.68,0.24,43,0,0.0,79,69,55.2,262,697,959,86.09,39,58.21,28,0,0,0,,1,0,2,4,71,27,0,0,4,20,87,0,0,33,0,0.0,,39,35,4,0,0,,62,51.24,0,0,0,155,29,7,0,0,,0,0,0,0,0.0,0,0,0,0,179,3,0,0,0,0,0,0,0,0,0,0.0,0.0,1,9,1,4,4,2,40.0,0,56,28,50.0,7,95,5,0,101,53.72,125,348,766,1114,182.8,10,1,1403,4,10,0,12308.0,640000.0,D,21.0,Austria
Yann Karamoh,802149,Torino,2696,italy,2223,725,21,7,6.77,4,0,4,3.29,0.39,6,4,26.67,55,4,50.0,112,50,158,79.4,7,22.58,24,0,0,0,,1,1,2,0,1,20,0,0,13,4,75,0,1,11,0,20.0,,8,7,1,4,0,,44,46.32,0,0,0,41,0,11,2,12,,0,0,0,0,0.0,0,0,0,0,127,5,0,0,2,0,0,0,0,0,0,181.25,0.0,0,15,5,6,12,26,50.98,0,5,2,40.0,11,8,51,15,51,40.48,8,156,58,199,135.4,20,0,393,13,2,0,35577.0,1850000.0,F,24.0,Cote d'Ivoire
Giacomo Raspadori,865651,Napoli,2714,italy,2223,964,26,10,6.77,2,2,4,3.49,1.33,18,8,24.24,123,19,57.58,234,123,349,81.16,3,27.27,8,0,0,0,,2,2,14,1,2,26,0,0,15,6,45,0,0,7,0,4.88,,9,8,1,2,0,,30,44.78,0,0,0,81,4,18,1,1,,0,0,0,0,0.0,0,0,0,0,165,6,0,0,1,0,0,0,0,0,0,482.0,0.0,3,29,12,11,16,8,44.44,0,10,8,80.0,18,35,18,33,33,42.31,33,324,139,430,176.0,41,0,626,12,1,0,89038.0,4630000.0,F,22.0,Italy
Omar Colley,238408,Sampdoria,2711,italy,2223,1385,16,15,6.77,1,0,1,1.22,0.09,23,0,0.0,44,39,46.43,140,472,612,86.2,28,46.67,32,0,0,0,,0,2,0,2,68,16,0,0,2,3,50,0,1,15,0,16.67,,25,23,2,1,0,,36,66.67,0,0,0,98,22,0,1,1,,0,0,0,0,0.0,0,0,0,0,105,1,0,0,0,0,0,0,0,0,0,1385.0,0.0,0,6,0,2,4,2,100.0,0,17,10,58.82,0,53,2,0,64,56.14,84,203,507,710,108.3,6,1,887,18,5,0,33846.0,1760000.0,D,29.0,The Gambia
Andrea Cambiaso,917048,Bologna,2685,italy,2223,2169,32,25,6.77,0,3,3,0.95,1.55,48,11,19.64,197,43,53.75,445,639,1073,85.7,3,11.11,24,0,0,0,,5,1,7,5,25,32,0,0,18,37,129,0,1,26,0,0.0,,28,28,0,0,0,,118,52.91,0,0,0,179,26,29,0,5,,0,1,0,0,0.0,0,0,0,0,332,11,0,0,0,0,0,0,0,0,0,0.0,0.0,0,9,8,5,5,31,56.36,0,57,34,59.65,28,98,55,56,121,48.4,80,598,710,1252,216.6,17,0,1890,30,2,0,35577.0,1850000.0,D,22.0,Italy
Gaetano Castrovilli,587628,Fiorentina,2693,italy,2223,724,15,7,6.77,2,1,3,1.19,1.04,7,3,25.0,58,12,54.55,107,80,184,81.06,4,26.67,11,0,0,0,,1,0,7,1,5,15,0,0,9,7,44,0,0,12,0,11.11,,8,7,1,2,0,,29,46.77,0,0,0,43,8,8,1,1,,0,0,0,0,0.0,0,0,0,0,80,7,0,0,1,0,0,0,0,0,0,362.0,0.0,1,12,6,3,8,7,58.33,0,10,8,80.0,8,18,12,12,33,42.86,22,150,89,227,101.5,18,1,353,12,3,0,49808.0,2590000.0,M,25.0,Italy
Tommaso Pobega,928796,Milan,2692,italy,2223,890,19,9,6.77,2,0,2,1.44,0.57,14,2,40.0,74,24,48.0,143,163,304,77.16,13,39.39,20,0,0,0,,0,1,4,1,11,18,0,0,6,7,63,0,0,30,0,10.0,,13,11,2,1,1,,34,44.16,0,0,0,90,9,6,2,0,,0,1,0,0,0.0,0,0,0,0,113,4,0,0,0,0,0,0,0,0,0,445.0,0.0,0,12,8,11,5,2,40.0,0,27,16,59.26,5,37,5,5,47,42.73,50,209,190,394,121.8,20,1,517,5,4,0,35577.0,1850000.0,M,23.0,Italy
Marcos Antônio,905453,Lazio,2699,italy,2223,593,16,6,6.77,1,1,2,1.22,0.34,8,0,0.0,73,11,55.0,197,183,380,90.48,0,0.0,4,0,0,0,,1,1,0,0,16,15,0,0,4,11,27,0,0,9,0,33.33,,6,4,2,1,0,,28,54.9,0,0,0,40,11,3,1,0,,0,0,0,0,0.0,0,0,0,0,50,2,0,0,0,0,0,0,0,0,0,593.0,0.0,0,1,2,2,1,4,100.0,0,9,6,66.67,3,13,4,0,28,50.91,20,221,199,420,101.5,3,0,512,15,2,0,22115.0,1150000.0,M,22.0,Brazil
Danilo D'Ambrosio,107936,Inter,2697,italy,2223,746,15,8,6.77,0,2,2,0.26,0.62,16,2,22.22,54,21,51.22,147,334,479,89.7,8,47.06,9,0,0,0,,1,1,0,1,16,15,0,1,2,12,42,0,0,16,0,0.0,,12,10,2,0,0,,37,52.86,0,0,0,55,10,7,0,0,,0,0,0,0,0.0,0,0,0,1,76,0,0,1,0,0,0,0,0,0,0,0.0,0.0,0,3,0,1,2,1,25.0,0,25,17,68.0,7,38,4,9,45,51.72,41,189,354,534,101.5,3,0,656,11,3,0,71154.0,3700000.0,D,34.0,Italy
Marco Sportiello,176301,Atalanta,2686,italy,2223,1340,15,14,6.77,0,0,0,0.0,0.01,29,0,0.0,5,64,40.0,49,229,278,73.74,5,100.0,0,0,0,0,,0,0,0,1,11,15,0,0,1,2,3,0,0,0,0,0.0,,21,15,6,0,0,-1.3,2,40.0,0,15,0,99,0,0,0,0,,0,0,0,0,0.0,1,0,0,0,101,0,9,0,0,6,18,25,43,0,11,0.0,0.0,0,0,0,0,0,0,0.0,6,1,0,0.0,0,78,0,0,7,70.0,160,139,238,377,101.5,0,1,539,2,0,0,21346.0,1110000.0,K,30.0,Italy
M'Bala Nzola,788061,Spezia,2735,italy,2223,2743,32,30,6.77,13,2,15,11.91,2.7,6,2,20.0,241,3,60.0,359,115,472,80.27,43,34.13,83,0,0,1,,2,13,9,6,21,32,0,0,71,6,255,0,0,60,0,19.7,,46,38,8,12,1,,86,33.33,1,0,1,116,7,28,7,10,,0,0,4,0,75.0,0,3,0,0,376,17,0,0,5,0,0,0,0,0,0,211.0,0.0,0,52,14,32,25,31,40.26,0,12,5,41.67,28,9,77,10,129,33.59,5,473,125,588,216.5,66,3,1133,43,8,0,19615.0,1020000.0,F,26.0,Angola
Alex Ferrari,327429,Cremonese,2761,italy,2223,1885,28,23,6.76,0,0,0,0.18,0.76,37,1,10.0,64,55,44.0,201,502,702,80.05,36,63.16,21,0,0,0,,1,0,1,1,67,28,0,0,4,18,69,0,1,20,0,0.0,,39,36,3,0,0,,76,61.29,0,0,0,175,44,6,0,0,,0,0,0,1,0.0,0,0,0,0,221,4,0,0,0,0,0,0,0,0,0,0.0,0.0,0,3,2,4,0,7,50.0,0,49,28,57.14,6,90,14,10,112,61.88,125,311,576,877,189.4,5,1,1216,20,6,0,35577.0,1850000.0,D,28.0,Italy
Duván Zapata,38162,Atalanta,2686,italy,2223,1393,25,16,6.76,2,2,4,3.93,1.17,8,6,20.69,131,10,71.43,208,67,269,72.31,42,49.41,43,0,0,0,,0,3,11,1,16,24,0,0,45,2,122,0,1,17,0,4.88,,20,17,3,2,0,,65,45.14,0,0,0,103,4,18,0,7,,0,1,0,0,0.0,0,0,0,1,250,18,0,0,2,0,0,0,0,0,0,696.5,0.0,0,31,10,22,8,20,55.56,0,8,4,50.0,17,12,36,29,107,46.72,14,321,80,372,162.3,41,0,693,37,1,0,64038.0,3330000.0,F,31.0,Colombia
Jean-Daniel Akpa Akpro,164511,Empoli,2705,italy,2223,1367,24,16,6.76,1,1,2,1.47,1.15,15,2,18.18,67,15,51.72,162,139,299,76.28,16,47.06,18,0,0,0,,3,1,4,0,21,24,0,1,15,18,100,0,0,31,0,7.14,,20,18,2,1,0,,102,55.43,0,0,1,93,13,6,0,0,,0,0,0,0,0.0,0,0,0,0,169,9,0,2,0,0,0,0,0,0,0,1367.0,0.0,0,6,8,5,5,31,62.0,0,53,37,69.81,6,29,50,11,118,54.13,29,234,169,392,162.3,14,0,702,18,7,1,32115.0,1670000.0,M,30.0,Cote d'Ivoire
Daniel Ciofani,132410,Cremonese,2761,italy,2223,1087,32,10,6.76,8,0,8,5.59,0.86,7,0,0.0,56,5,62.5,87,33,120,62.5,35,34.31,67,0,0,1,,1,2,3,0,10,31,0,0,10,3,92,0,0,9,0,25.0,,20,20,0,8,0,,21,45.65,1,0,0,72,2,10,1,6,,0,0,4,0,75.0,0,3,0,0,114,9,0,0,6,0,0,0,0,0,0,135.88,0.0,0,27,5,12,17,0,0.0,0,6,3,50.0,10,13,4,2,56,37.84,8,156,38,192,209.6,32,0,332,15,1,0,17885.0,930000.0,F,37.0,Italy
Harry Winks,545780,Sampdoria,2711,italy,2223,1719,20,19,6.76,0,0,0,0.56,1.46,43,11,23.91,158,55,61.8,409,382,780,85.43,6,33.33,12,0,0,0,,1,0,5,2,20,20,0,0,15,29,74,0,0,15,0,0.0,,36,34,2,0,0,,58,48.33,0,0,0,133,24,15,0,1,,0,0,0,0,0.0,0,0,0,0,214,6,0,0,0,0,0,0,0,0,0,0.0,0.0,0,1,13,9,0,18,78.26,0,27,12,44.44,15,79,23,46,64,46.38,89,536,423,913,135.2,14,0,1175,13,2,0,23269.0,1210000.0,M,26.0,England
Jeroen Zoet,40963,Spezia,2735,italy,2223,335,5,4,6.76,0,0,0,0.0,0.01,16,0,0.0,7,25,30.86,24,38,62,51.67,0,0.0,0,0,0,0,,0,0,0,0,2,5,0,0,0,0,0,0,0,0,0,0.0,,4,3,1,0,0,-1.17,2,100.0,0,4,0,58,0,0,0,0,,0,0,0,0,0.0,1,0,0,0,58,0,1,0,0,2,4,5,10,0,4,0.0,0.0,0,0,0,0,0,1,100.0,2,1,1,100.0,0,44,1,0,2,100.0,81,72,48,120,33.8,0,0,153,0,1,0,24615.0,1280000.0,K,32.0,Netherlands
Jonathan Ikoné,802142,Fiorentina,2693,italy,2223,2024,33,24,6.76,4,4,8,4.1,3.48,25,3,12.5,220,38,77.55,369,157,523,84.08,14,33.33,28,0,0,0,,7,3,21,1,1,33,0,0,47,9,139,0,0,28,0,7.84,,23,21,2,4,0,,89,44.5,0,0,0,99,4,29,3,5,,0,0,0,0,0.0,0,0,0,1,269,17,0,0,1,0,0,0,0,0,0,506.0,0.0,0,36,15,20,10,48,61.54,0,16,8,50.0,29,32,78,24,103,42.56,49,472,174,622,223.0,51,0,1032,25,4,0,41923.0,2180000.0,F,24.0,France
Filippo Ranocchia,934238,Monza,2729,italy,2223,531,14,5,6.76,1,0,1,1.23,0.39,12,4,30.77,46,20,55.56,96,103,195,81.25,2,25.0,6,0,0,0,,0,1,6,0,7,14,0,0,10,8,34,0,0,7,1,5.26,,9,7,2,0,1,,31,52.54,0,0,1,45,4,7,0,0,,0,0,0,0,0.0,0,0,0,0,78,3,0,0,1,0,0,0,0,0,0,531.0,20.0,5,4,15,5,8,8,72.73,0,11,6,54.55,7,23,11,13,33,49.25,36,138,115,240,94.6,19,0,354,12,1,0,8846.0,460000.0,M,21.0,Italy
Samuele Perisan,794784,Empoli,2705,italy,2223,630,7,7,6.76,0,0,0,0.0,0.01,15,0,0.0,4,35,40.7,16,119,135,71.43,1,50.0,1,0,0,0,,0,0,0,2,4,7,1,0,0,0,1,0,0,0,0,0.0,,9,9,0,0,0,-1.54,1,100.0,0,4,0,54,0,0,0,0,,0,0,0,0,0.0,0,0,0,0,56,0,2,0,0,1,14,1,15,1,3,0.0,0.0,0,0,0,0,0,0,0.0,1,0,0,0.0,0,41,0,0,2,66.67,86,64,125,189,47.3,0,0,255,1,0,0,6346.0,330000.0,K,25.0,Italy
Assan Ceesay,842158,Lecce,2689,italy,2223,1830,34,20,6.76,6,0,6,5.12,0.7,3,4,25.0,77,5,35.71,154,67,217,58.81,63,43.75,81,0,0,0,,1,5,8,0,22,34,0,0,25,8,158,0,0,36,0,14.29,,27,21,6,5,1,,72,48.32,0,0,1,152,3,8,4,22,,0,0,1,0,100.0,0,1,0,0,271,12,0,0,2,0,0,0,0,0,0,305.0,0.0,0,34,8,23,11,22,64.71,0,23,18,78.26,8,8,34,16,135,46.08,14,289,96,369,229.7,42,1,716,27,2,0,24615.0,1280000.0,F,28.0,The Gambia
Alberto Grassi,186845,Empoli,2705,italy,2223,1209,25,14,6.75,0,0,0,0.58,0.34,13,0,0.0,64,23,46.94,165,288,453,81.33,26,70.27,11,0,0,0,,0,0,3,0,45,24,0,0,12,9,58,0,0,22,0,0.0,,16,16,0,0,0,,43,47.78,0,0,0,104,27,6,0,0,,0,0,0,0,0.0,0,0,0,0,142,9,0,0,0,0,0,0,0,0,0,0.0,0.0,0,7,3,4,3,4,50.0,0,26,21,80.77,6,32,8,0,69,54.33,49,230,327,557,162.1,10,0,771,13,3,0,25000.0,1300000.0,M,27.0,Italy
Federico Fazio,27569,Salernitana,2710,italy,2223,1075,14,12,6.75,1,0,1,0.7,0.14,8,0,0.0,43,27,36.99,149,249,398,76.98,36,73.47,13,0,0,0,,0,1,3,3,60,13,0,1,5,7,40,0,0,11,0,9.09,,19,12,7,1,0,,25,48.08,0,0,0,119,28,3,0,0,,0,0,0,3,0.0,0,0,0,0,146,1,0,1,1,0,0,0,0,0,0,1075.0,0.0,0,11,0,6,2,4,50.0,0,15,12,80.0,3,40,8,4,61,60.4,73,229,292,517,87.8,11,0,708,6,2,0,89038.0,4630000.0,D,35.0,Argentina
Ondrej Duda,246319,Hellas Verona,2701,italy,2223,1066,15,11,6.75,0,0,0,0.85,0.49,24,1,7.14,87,27,58.7,183,138,320,77.29,11,44.0,14,0,0,0,,1,1,4,0,7,15,0,0,17,7,61,0,0,17,0,0.0,,15,13,2,0,0,,68,59.13,0,0,0,94,13,5,0,0,,0,0,0,0,0.0,0,0,0,0,151,6,0,0,0,0,0,0,0,0,0,0.0,0.0,1,6,7,5,4,20,71.43,0,22,14,63.64,5,45,28,14,79,56.43,46,269,159,414,101.3,13,0,632,26,4,0,21154.0,1100000.0,F,28.0,Slovakia
Giorgio Scalvini,1012176,Atalanta,2686,italy,2223,2344,32,29,6.75,2,2,4,2.0,0.84,52,2,25.0,245,69,42.86,532,663,1193,81.49,49,56.98,37,0,0,0,,1,1,1,1,54,32,0,0,8,28,136,0,2,55,0,11.76,,35,26,9,1,1,,72,42.11,1,0,1,271,56,9,0,6,,0,0,0,0,0.0,0,0,0,0,323,10,0,0,1,0,0,0,0,0,0,1172.0,0.0,0,15,2,12,4,12,52.17,0,54,29,53.7,9,134,23,8,121,47.08,161,727,745,1464,216.1,17,0,1814,6,7,0,10769.0,560000.0,D,19.0,Italy
Cyriel Dessers,541464,Cremonese,2761,italy,2223,1592,26,19,6.75,6,2,8,7.15,1.47,2,2,25.0,76,5,50.0,122,55,175,65.3,16,25.0,48,0,0,1,,2,5,12,0,5,26,0,0,21,4,128,0,0,34,0,12.0,,36,33,3,6,0,,38,32.2,0,0,4,93,3,23,3,24,,0,0,1,0,0.0,0,0,0,0,204,11,0,0,3,0,0,0,0,0,0,265.33,0.0,0,46,4,25,13,13,37.14,0,11,4,36.36,23,5,35,8,54,29.67,10,205,71,268,175.5,50,1,523,14,3,0,22115.0,1150000.0,F,28.0,Nigeria
Koffi Djidji,158235,Torino,2696,italy,2223,2428,34,26,6.75,1,0,1,0.94,0.3,27,4,30.77,122,49,38.28,408,829,1233,87.38,47,48.45,50,0,0,0,,0,2,1,5,67,34,0,0,6,14,96,0,0,27,0,12.5,,30,26,4,1,0,,57,55.34,1,0,0,178,34,2,0,1,,0,0,0,2,0.0,0,0,0,0,206,2,0,0,0,0,0,0,0,0,0,2428.0,0.0,0,6,2,3,4,4,80.0,0,50,25,50.0,2,74,5,13,104,52.0,128,538,886,1411,229.5,8,0,1703,3,3,0,22115.0,1150000.0,D,30.0,Cote d'Ivoire
Janis Antiste,963398,Sassuolo,2793,italy,2223,50,2,0,6.75,1,0,1,0.18,0.01,0,0,0.0,4,0,0.0,10,3,13,72.22,2,66.67,1,0,0,0,,0,0,0,0,0,2,0,0,0,0,6,0,0,4,0,100.0,,1,1,0,1,0,,1,16.67,0,0,0,5,0,0,1,0,,0,0,0,0,0.0,0,0,0,0,7,0,0,0,0,0,0,0,0,0,0,50.0,0.0,0,1,0,0,1,0,0.0,0,1,0,0.0,0,1,1,0,3,33.33,0,12,6,18,13.5,1,0,22,0,0,0,13654.0,710000.0,F,20.0,France
Samuele Vignato,1119364,Monza,2729,italy,2223,60,5,0,6.75,0,1,1,0.07,0.05,1,1,50.0,11,1,100.0,20,10,29,87.88,1,33.33,2,0,0,0,,1,0,0,0,0,4,0,0,0,0,3,0,0,0,0,0.0,,1,1,0,0,0,,3,75.0,0,0,0,4,0,2,0,0,,0,0,0,0,0.0,0,0,0,0,9,0,0,0,0,0,0,0,0,0,0,0.0,0.0,0,0,1,1,0,3,75.0,0,0,0,0.0,2,2,4,2,4,57.14,1,24,11,33,27.0,1,0,48,0,0,0,712.0,37000.0,F,18.0,Italy
Jaime Báez,796443,Cremonese,2761,italy,2223,96,2,1,6.75,0,0,0,0.13,0.28,3,4,44.44,9,4,50.0,26,6,28,71.79,1,100.0,0,0,0,0,,0,0,1,0,2,2,0,0,0,3,4,0,1,1,0,0.0,,2,2,0,0,0,,6,60.0,0,0,0,11,0,2,0,1,,0,0,0,0,0.0,0,0,0,0,18,1,0,0,0,0,0,0,0,0,0,0.0,0.0,0,1,1,1,0,1,100.0,0,4,2,50.0,2,6,1,9,7,63.64,8,40,8,39,13.5,2,0,64,1,0,0,3846.0,200000.0,F,27.0,Uruguay
Brian Bayeye,1001725,Torino,2696,italy,2223,63,2,1,6.75,0,0,0,0.0,0.04,0,1,50.0,3,3,37.5,13,8,20,55.56,0,0.0,1,0,0,0,,0,0,0,0,2,2,0,0,2,0,3,0,0,1,0,0.0,,2,1,1,0,0,,6,75.0,0,0,0,16,1,1,0,0,,0,0,0,0,0.0,0,0,0,0,25,0,0,0,0,0,0,0,0,0,0,0.0,0.0,0,0,0,0,0,2,100.0,0,3,0,0.0,1,1,2,2,6,66.67,8,20,18,36,13.5,0,0,67,1,0,0,10769.0,560000.0,D,22.0,France
Tommaso Augello,596736,Sampdoria,2711,italy,2223,3066,37,35,6.75,2,5,7,0.99,3.83,65,45,26.47,228,60,51.28,546,513,1014,77.52,38,54.29,32,0,0,0,,5,1,2,1,49,37,0,0,17,11,96,0,1,14,0,18.18,,64,60,4,1,1,,77,54.61,0,0,0,294,17,44,1,1,,0,1,0,1,0.0,0,0,0,0,557,14,0,0,1,0,0,0,0,0,0,1533.0,0.0,0,9,2,5,4,34,59.65,0,17,14,82.35,43,139,57,170,115,54.5,117,843,635,1308,249.7,11,1,2075,26,3,0,8846.0,460000.0,D,28.0,Italy
Kristjan Asllani,996820,Inter,2697,italy,2223,592,20,5,6.75,0,0,0,0.54,0.97,26,10,47.62,62,32,55.17,175,226,391,90.09,0,0.0,4,0,0,0,,0,0,2,0,4,19,0,0,2,3,15,0,0,5,0,0.0,,10,8,2,0,0,,20,64.52,0,0,1,43,6,11,0,0,,0,0,0,0,0.0,0,0,0,0,64,4,0,0,0,0,0,0,0,0,0,0.0,0.0,2,1,10,9,0,2,40.0,0,11,5,45.45,11,48,5,21,20,57.14,58,223,232,434,128.2,11,0,521,7,2,0,28462.0,1480000.0,M,20.0,Albania
Sam Lammers,804901,Sampdoria,2711,italy,2223,1990,33,23,6.75,2,2,4,4.79,1.06,5,1,16.67,118,4,40.0,221,93,313,66.03,49,46.67,56,0,0,0,,2,5,15,1,18,32,0,0,32,13,148,0,0,25,0,3.92,,35,31,4,1,1,,87,48.6,1,0,1,161,9,24,0,2,,0,0,0,0,0.0,0,0,0,0,318,7,0,0,1,0,0,0,0,0,0,995.0,0.0,0,41,10,20,16,24,50.0,0,32,15,46.88,24,11,48,6,136,47.89,10,349,131,474,215.9,51,0,855,31,1,0,19808.0,1030000.0,F,25.0,Netherlands
Matías Soulé,1082406,Juventus,2687,italy,2223,439,13,4,6.75,1,0,1,1.53,0.35,4,2,33.33,43,8,72.73,82,48,128,83.66,3,17.65,14,0,0,0,,0,1,1,0,2,13,0,0,7,2,37,0,0,3,0,10.0,,0,0,0,1,0,,24,51.06,1,0,0,25,3,9,0,0,,0,0,0,0,0.0,0,0,0,0,58,5,0,0,0,0,0,0,0,0,0,439.0,0.0,0,6,4,4,5,12,52.17,0,7,4,57.14,9,8,23,6,27,42.19,11,109,50,153,87.7,10,0,261,5,0,0,1346.0,70000.0,F,19.0,Argentina
Federico Bonazzoli,284363,Salernitana,2710,italy,2223,1121,24,12,6.75,2,1,3,2.35,0.68,21,1,25.0,106,24,63.16,175,89,263,75.36,6,27.27,16,0,0,0,,2,1,8,1,0,24,0,0,12,9,62,0,0,18,0,6.25,,14,12,2,2,0,,49,51.58,0,0,0,86,3,8,2,7,,0,0,0,0,0.0,0,0,0,0,154,6,0,0,0,0,0,0,0,0,0,560.5,0.0,1,18,14,17,7,12,57.14,0,5,3,60.0,8,33,21,4,55,47.01,38,252,101,349,161.9,32,0,542,32,1,0,42692.0,2220000.0,F,25.0,Italy
Luca Ranieri,893998,Fiorentina,2693,italy,2223,511,9,5,6.74,0,0,0,0.07,0.09,19,0,0.0,22,20,43.48,65,210,275,84.1,11,44.0,14,0,0,0,,0,0,1,2,15,9,0,0,1,3,23,0,1,6,0,0.0,,5,5,0,0,0,,12,57.14,0,0,0,52,11,2,0,2,,0,0,0,0,0.0,0,0,0,0,62,0,0,0,0,0,0,0,0,0,0,0.0,0.0,0,1,0,0,0,1,50.0,0,9,4,44.44,2,39,2,0,23,50.0,46,97,230,327,60.7,1,0,391,2,1,0,21346.0,1110000.0,D,23.0,Italy
Isak Hien,1157713,Hellas Verona,2701,italy,2223,2697,33,29,6.74,0,0,0,0.27,0.4,38,1,100.0,55,60,39.74,205,564,768,75.0,87,60.84,56,0,0,0,,0,1,0,6,96,33,0,0,10,24,155,0,1,54,0,0.0,,43,34,9,0,0,,119,54.59,0,0,0,256,32,3,0,0,,0,0,0,0,0.0,0,0,0,0,313,1,0,0,0,0,0,0,0,0,0,0.0,0.0,0,3,0,3,0,16,59.26,0,76,38,50.0,3,96,27,1,206,57.06,151,348,677,1024,222.5,3,1,1458,27,10,0,14808.0,770000.0,D,24.0,Sweden
Mehdi Bourabia,98003,Spezia,2735,italy,2223,2881,38,37,6.74,1,3,4,2.15,3.43,56,13,19.7,267,46,46.94,527,490,1004,80.06,22,38.6,35,0,0,0,,7,2,12,0,59,38,0,0,30,23,151,0,0,34,0,2.94,,53,42,11,1,0,,92,44.23,0,0,1,250,32,38,1,1,,0,0,0,0,0.0,0,0,0,0,438,13,0,0,0,0,0,0,0,0,0,2881.0,0.0,1,10,24,16,6,32,50.0,0,42,21,50.0,38,107,64,66,114,43.02,98,759,561,1254,256.1,34,1,1797,18,3,0,21346.0,1110000.0,M,31.0,Morocco
Luka Lochoshvili,827473,Cremonese,2761,italy,2223,1853,25,22,6.74,1,2,3,0.61,0.2,22,1,16.67,63,30,26.79,201,422,622,79.95,38,53.52,33,0,0,0,,1,1,1,2,86,25,0,0,5,9,75,0,0,27,0,12.5,,33,31,2,1,0,,60,58.82,0,0,0,156,22,5,0,1,,0,0,0,1,0.0,0,0,0,0,184,3,0,0,0,0,0,0,0,0,0,1853.0,0.0,0,5,3,5,2,6,66.67,0,45,19,42.22,5,82,9,6,98,56.65,112,310,474,778,168.4,8,0,1050,9,4,0,12308.0,640000.0,D,24.0,Georgia
Alessandro Zanoli,922928,Sampdoria,2711,italy,2223,1558,23,16,6.73,2,2,4,2.67,0.94,14,10,29.41,83,16,32.0,174,299,463,79.55,10,33.33,20,0,0,0,,0,4,4,1,36,23,0,0,9,9,54,0,0,4,0,12.5,,34,32,2,2,0,,60,63.83,0,0,0,119,12,14,0,0,,0,0,0,0,0.0,0,0,0,0,211,4,0,0,2,0,0,0,0,0,0,779.0,0.0,0,13,3,4,8,27,69.23,0,23,14,60.87,14,41,39,34,70,56.45,50,268,348,582,154.9,16,1,927,10,3,0,14231.0,740000.0,D,22.0,Italy
Rui Patrício,17737,Roma,2702,italy,2223,3150,35,35,6.73,0,0,0,0.0,0.02,99,0,0.0,16,172,45.87,90,466,556,72.87,2,100.0,0,0,0,0,,0,0,0,13,9,35,0,0,0,0,1,3,0,1,0,0.0,,35,31,4,0,0,-7.21,1,50.0,0,16,0,207,2,0,0,0,,0,0,0,1,0.0,3,0,1,0,212,0,3,0,0,7,32,42,74,1,12,0.0,0.0,0,0,0,0,0,0,0.0,7,1,1,100.0,0,194,0,0,3,75.0,375,252,511,763,235.7,0,0,997,0,1,0,74038.0,3850000.0,K,34.0,Portugal
Zeki Çelik,893008,Roma,2702,italy,2223,1517,24,16,6.73,0,1,1,0.35,1.44,52,10,23.81,150,35,40.7,281,266,537,76.39,11,45.83,13,0,0,0,,5,0,3,4,25,24,0,0,13,17,77,0,2,26,0,0.0,,17,15,2,0,0,,54,45.76,0,0,1,166,14,16,0,2,,0,0,0,0,0.0,0,0,0,0,272,2,0,1,0,0,0,0,0,0,0,0.0,0.0,0,4,1,1,1,6,37.5,0,42,21,50.0,16,103,16,42,65,45.77,86,414,331,703,161.6,5,1,1143,6,5,1,49231.0,2560000.0,D,25.0,Turkey
Enzo Barrenechea,1087316,Juventus,2687,italy,2223,159,3,3,6.73,0,0,0,0.06,0.03,2,0,0.0,11,3,42.86,45,52,97,85.09,2,66.67,1,0,0,0,,0,0,0,0,3,3,0,0,1,2,8,0,0,3,0,0.0,,4,4,0,0,0,,8,53.33,0,0,0,17,2,1,0,0,,0,0,0,0,0.0,0,0,0,0,20,0,0,0,0,0,0,0,0,0,0,0.0,0.0,0,2,0,2,0,0,0.0,0,8,3,37.5,1,5,1,0,10,55.56,7,55,59,114,20.2,2,0,142,1,0,0,,,,,
Pietro Terracciano,136856,Fiorentina,2693,italy,2223,2610,29,29,6.73,0,0,0,0.0,0.05,86,0,0.0,32,239,49.38,119,584,703,73.54,6,100.0,0,0,0,0,,0,0,0,5,24,29,1,0,0,1,3,0,0,2,0,0.0,,38,36,2,0,0,-4.65,3,50.0,0,12,0,253,1,0,0,0,,0,0,0,2,0.0,7,0,1,0,257,0,10,0,0,18,46,14,62,1,15,0.0,0.0,0,0,0,0,0,1,100.0,17,2,1,50.0,0,196,1,0,9,75.0,484,311,645,956,195.2,0,0,1179,0,1,0,28462.0,1480000.0,K,32.0,Italy
Rasmus Højlund,1086417,Atalanta,2686,italy,2223,1833,32,20,6.73,9,2,11,9.47,1.76,4,2,28.57,174,10,83.33,252,65,315,74.29,33,36.67,57,0,0,0,,1,11,10,0,5,32,0,0,56,5,168,0,0,21,0,16.67,,29,20,9,8,1,,64,36.57,0,0,1,109,1,24,3,6,,0,0,0,0,0.0,0,0,0,2,302,17,0,0,6,0,0,0,0,0,0,203.67,0.0,0,50,4,16,28,28,47.46,0,4,3,75.0,24,6,59,7,97,36.6,12,351,80,424,215.3,54,1,806,32,1,0,12308.0,640000.0,F,19.0,Denmark
Federico Di Francesco,320979,Lecce,2689,italy,2223,2040,36,23,6.73,2,2,4,3.27,2.19,20,6,13.33,170,12,35.29,241,92,327,72.35,7,25.0,21,0,0,0,,5,3,8,1,13,36,0,0,28,10,125,0,0,43,0,5.13,,24,21,3,2,0,,78,42.86,0,0,0,125,8,25,0,13,,0,0,0,0,0.0,0,0,0,1,285,15,0,0,2,0,0,0,0,0,0,1020.0,0.0,1,26,13,15,16,18,39.13,0,28,16,57.14,25,51,46,45,85,40.48,34,385,112,452,242.1,39,0,825,32,6,0,26731.0,1390000.0,F,28.0,Italy
Samuel Iling Junior,996919,Juventus,2687,italy,2223,321,12,1,6.73,1,1,2,0.74,0.36,3,2,16.67,43,1,50.0,78,17,93,84.55,1,25.0,3,0,0,0,,0,0,0,0,6,12,0,0,4,5,25,0,0,9,0,25.0,,0,0,0,1,0,,14,38.89,0,0,0,17,2,5,1,0,,0,0,0,0,0.0,0,0,0,0,46,4,0,0,0,0,0,0,0,0,0,321.0,0.0,0,2,2,3,1,5,50.0,0,7,2,28.57,5,7,10,12,15,37.5,2,100,22,110,80.7,4,1,184,2,1,0,12308.0,640000.0,F,19.0,England
Nicola Zalewski,984184,Roma,2702,italy,2223,2213,33,26,6.72,2,1,3,1.32,1.94,59,12,15.79,151,67,44.08,354,407,749,79.09,4,20.0,16,0,0,0,,2,2,9,3,21,33,0,0,14,51,133,0,0,22,0,6.9,,24,23,1,1,1,,125,51.65,0,0,0,198,31,12,0,1,,0,0,0,0,0.0,0,0,0,0,396,13,0,0,2,0,0,0,0,0,0,1106.5,0.0,1,10,19,11,9,29,49.15,0,45,26,57.78,12,123,59,76,129,49.24,152,554,469,947,221.9,29,0,1612,51,3,0,10769.0,560000.0,M,21.0,Poland
Daniel Maldini,970928,Spezia,2735,italy,2223,621,18,4,6.72,2,0,2,1.17,0.28,2,3,15.79,42,3,30.0,81,43,121,72.89,12,41.38,17,0,0,0,,1,1,5,0,8,17,0,0,8,7,62,0,0,13,0,13.33,,11,10,1,2,0,,53,54.08,0,0,1,45,1,4,0,0,,0,0,0,0,0.0,0,0,0,0,114,7,0,0,2,0,0,0,0,0,0,310.5,0.0,1,7,8,4,6,23,56.1,0,12,5,41.67,4,7,41,19,65,51.18,10,130,55,166,114.3,15,0,340,18,1,0,10769.0,560000.0,F,21.0,Italy
Gian Marco Ferrari,170887,Sassuolo,2793,italy,2223,2238,33,24,6.72,1,0,1,1.21,0.99,68,1,16.67,113,102,56.67,360,746,1105,86.33,48,64.86,26,0,0,0,,0,0,1,6,81,31,0,0,2,7,58,3,1,24,0,12.5,,40,35,5,1,0,,53,62.35,0,0,0,175,23,4,0,0,,0,0,0,2,0.0,0,0,0,0,197,2,0,0,1,0,0,0,0,0,0,2238.0,0.0,0,7,1,6,1,0,0.0,0,23,16,69.57,4,116,1,6,101,63.52,180,471,815,1280,208.4,8,2,1523,31,5,0,21346.0,1110000.0,D,30.0,Italy
Koni De Winter,1001828,Empoli,2705,italy,2223,1028,14,12,6.72,0,0,0,0.0,0.06,13,0,0.0,17,20,43.48,75,348,423,85.8,16,59.26,11,0,0,0,,0,0,0,3,63,14,0,0,3,8,36,0,0,13,0,0.0,,17,15,2,0,0,,17,40.48,0,0,0,70,6,2,0,0,,0,0,0,0,0.0,0,0,0,0,82,0,0,0,0,0,0,0,0,0,0,0.0,0.0,0,0,0,0,0,1,50.0,0,14,9,64.29,2,37,2,0,33,47.83,46,109,384,493,94.1,0,0,624,2,3,0,2885.0,150000.0,D,20.0,Belgium
Giangiacomo Magnani,812829,Hellas Verona,2701,italy,2223,1616,25,20,6.72,0,1,1,0.48,0.16,36,2,50.0,39,48,41.74,98,277,373,74.01,34,60.71,22,0,0,0,,0,0,1,2,85,25,0,1,3,6,54,0,0,23,0,0.0,,25,20,5,0,0,,47,59.49,0,0,0,131,22,5,0,0,,1,0,0,0,0.0,0,0,0,0,148,1,0,1,0,0,0,0,0,0,0,0.0,0.0,0,3,4,4,2,3,60.0,0,35,23,65.71,5,84,5,4,81,60.0,115,197,311,504,168.0,7,1,730,10,7,0,21346.0,1110000.0,D,27.0,Italy
Dodô,822518,Fiorentina,2693,italy,2223,2338,33,28,6.72,1,3,4,0.67,2.03,30,10,16.39,283,52,52.53,533,514,1037,84.17,19,55.88,15,0,0,0,,2,0,3,6,27,33,0,0,15,24,98,0,0,28,0,9.09,,28,27,1,1,0,,114,57.87,0,0,1,195,25,28,1,0,,0,0,0,1,0.0,0,0,0,0,357,14,0,1,0,0,0,0,0,0,0,2338.0,0.0,0,6,5,4,4,34,61.82,0,40,22,55.0,28,76,55,61,133,57.58,99,716,577,1232,221.7,11,1,1832,40,3,1,36923.0,1920000.0,D,24.0,Brazil
Nadir Zortea,928104,Sassuolo,2793,italy,2223,874,19,8,6.72,1,1,2,0.3,0.71,16,7,16.28,72,19,43.18,160,144,297,76.35,11,55.0,9,0,0,0,,2,0,1,2,20,17,0,0,7,6,55,0,0,15,0,11.11,,14,13,1,1,0,,47,50.54,0,0,0,92,4,10,0,0,,0,0,0,0,0.0,0,0,0,0,185,4,0,0,1,0,0,0,0,0,0,874.0,0.0,0,4,5,3,5,16,45.71,0,25,13,52.0,10,45,35,43,58,51.33,44,252,180,389,114.2,9,0,689,6,5,0,6346.0,330000.0,D,23.0,Italy
Viktor Kovalenko,287659,Spezia,2735,italy,2223,580,19,7,6.72,0,0,0,1.62,0.61,0,6,37.5,50,9,52.94,107,89,190,82.25,7,33.33,14,0,0,0,,1,1,6,0,7,17,0,0,2,4,30,0,0,9,0,0.0,,10,7,3,0,0,,27,62.79,0,0,0,41,4,8,0,1,,0,0,0,0,0.0,0,0,0,1,64,3,0,0,0,0,0,0,0,0,0,0.0,0.0,1,9,2,4,1,4,80.0,0,10,6,60.0,8,6,5,16,34,53.13,17,147,100,231,114.2,11,0,340,13,1,0,42692.0,2220000.0,F,26.0,Ukraine
Dimitrios Nikolaou,788185,Spezia,2735,italy,2223,3052,37,35,6.72,1,0,1,0.84,0.85,103,4,21.05,173,105,41.34,420,927,1343,82.39,32,50.0,32,0,0,0,,1,0,2,6,79,36,0,1,11,13,85,0,0,27,0,10.0,,56,46,10,1,0,,78,59.54,1,0,0,287,28,11,0,0,,0,0,0,0,0.0,0,0,0,0,356,4,0,1,0,0,0,0,0,0,0,3052.0,0.0,0,5,5,5,3,10,83.33,0,47,34,72.34,11,222,12,19,110,56.41,254,621,1028,1630,241.8,10,1,2048,21,9,0,32115.0,1670000.0,D,24.0,Greece
Kingsley Ehizibue,609206,Udinese,2695,italy,2223,1543,27,16,6.72,2,0,2,2.03,1.12,11,9,24.32,95,17,50.0,174,181,346,75.55,15,46.88,17,0,0,0,,2,1,4,1,34,26,0,0,11,16,95,0,1,33,0,15.38,,24,22,2,2,0,,81,50.94,0,0,0,112,10,8,0,1,,0,0,0,0,0.0,0,0,0,0,211,4,0,0,2,0,0,0,0,0,0,771.5,0.0,0,9,4,3,6,14,42.42,0,47,31,65.96,8,22,33,37,96,50.26,34,271,224,458,174.6,13,0,826,20,7,0,17308.0,900000.0,D,27.0,Netherlands
Domen Črnigoj,232096,Salernitana,2710,italy,2223,304,7,4,6.71,0,0,0,0.1,0.58,5,0,0.0,17,2,40.0,32,47,79,71.17,5,41.67,7,0,0,0,,0,0,0,0,6,7,0,0,1,1,17,0,0,6,0,0.0,,3,3,0,0,0,,12,54.55,0,0,0,32,9,2,0,0,,0,0,0,0,0.0,0,0,0,0,48,0,0,0,0,0,0,0,0,0,0,0.0,0.0,0,1,0,1,0,2,50.0,0,8,3,37.5,2,10,4,0,17,50.0,5,57,54,111,47.0,1,0,168,2,1,0,8654.0,450000.0,M,27.0,Slovenia
Matteo Bianchetti,158037,Cremonese,2761,italy,2223,2129,25,22,6.71,1,0,1,0.76,0.47,51,2,66.67,63,59,38.31,198,530,726,78.32,63,61.17,40,0,0,0,,1,0,0,2,107,25,0,0,3,12,74,0,0,18,0,14.29,,47,43,4,1,0,,44,56.41,0,0,0,201,20,5,1,0,,0,0,0,1,0.0,0,0,0,0,216,2,0,0,0,0,0,0,0,0,0,2129.0,0.0,0,6,1,3,4,2,66.67,0,32,19,59.38,5,124,3,3,107,59.12,154,332,598,927,167.8,7,0,1193,10,5,0,11731.0,610000.0,D,29.0,Italy
Pasquale Mazzocchi,377512,Salernitana,2710,italy,2223,1967,27,23,6.71,2,3,5,1.32,1.99,25,22,24.44,142,30,48.39,277,280,535,79.85,12,46.15,14,0,0,0,,1,1,4,2,28,27,0,0,34,20,127,0,2,27,0,11.11,,34,28,6,1,1,,107,48.64,0,0,0,135,10,30,1,5,,0,0,0,0,0.0,0,0,0,1,381,7,0,0,1,0,0,0,0,0,0,983.5,0.0,1,8,10,8,6,58,61.7,0,32,18,56.25,30,64,94,90,119,48.37,62,438,322,670,181.2,18,0,1304,17,2,0,5769.0,300000.0,D,27.0,Italy
David Zima,963084,Torino,2696,italy,2223,402,9,4,6.71,0,0,0,0.78,0.04,4,0,0.0,9,12,44.44,38,116,154,78.17,15,62.5,9,0,0,0,,0,1,0,1,11,9,0,0,2,1,16,1,1,4,0,0.0,,5,3,2,0,0,,12,63.16,0,0,0,43,9,2,0,0,,0,0,0,0,0.0,0,0,0,0,46,0,0,0,0,0,0,0,0,0,0,0.0,0.0,0,3,1,2,2,1,100.0,0,9,5,55.56,2,7,1,0,27,62.79,27,58,139,197,60.4,4,0,252,2,0,0,12308.0,640000.0,D,22.0,Czech Republic
Karol Linetty,189135,Torino,2696,italy,2223,1906,32,22,6.71,1,0,1,0.96,0.79,21,10,47.62,192,34,60.71,467,364,821,87.34,24,48.0,26,0,0,0,,0,1,4,3,22,32,0,0,11,12,111,0,0,50,0,6.25,,26,22,4,1,0,,62,42.18,1,0,2,119,19,20,0,4,,0,0,0,1,0.0,0,0,0,0,188,12,0,0,0,0,0,0,0,0,0,1906.0,0.0,0,7,9,8,4,8,38.1,0,32,17,53.13,20,41,21,21,86,43.65,56,564,397,940,214.7,16,0,1221,22,8,0,49808.0,2590000.0,M,27.0,Poland
Giovanni Simeone,341143,Napoli,2714,italy,2223,423,25,1,6.71,4,1,5,1.36,0.3,3,0,0.0,30,3,75.0,50,26,76,73.08,6,24.0,19,0,0,0,,3,2,2,0,4,23,0,0,13,5,48,0,0,7,0,28.57,,7,7,0,3,1,,28,49.12,2,0,0,28,1,5,1,1,,0,0,0,0,0.0,0,0,0,0,78,7,0,0,1,0,0,0,0,0,0,105.75,0.0,0,10,4,4,8,7,58.33,0,12,3,25.0,5,7,12,2,34,41.46,4,74,32,104,154.3,14,0,221,9,1,0,64038.0,3330000.0,F,27.0,Argentina
Jean-Victor Makengo,802138,Udinese,2695,italy,2223,811,16,11,6.71,0,1,1,0.37,0.37,3,1,16.67,84,6,60.0,167,97,263,84.84,5,83.33,1,0,0,0,,0,0,3,0,3,16,0,0,11,4,25,0,0,9,0,0.0,,11,10,1,0,0,,40,62.5,0,0,0,47,9,5,0,0,,0,0,0,0,0.0,0,0,0,0,79,4,0,0,0,0,0,0,0,0,0,0.0,0.0,0,1,6,4,0,11,91.67,0,16,13,81.25,5,11,12,6,45,64.29,10,198,118,310,107.3,7,0,425,13,2,0,7308.0,380000.0,M,24.0,France
Tonny Vilhena,149659,Salernitana,2710,italy,2223,2278,33,27,6.71,4,1,5,2.4,1.63,39,16,30.77,184,33,46.48,406,247,637,79.82,10,22.73,34,0,0,0,,2,1,9,2,19,33,0,0,24,30,139,0,0,34,0,12.9,,44,35,9,2,2,,95,47.5,0,0,0,161,18,19,4,1,,0,0,0,1,0.0,0,0,0,0,282,11,0,0,0,0,0,0,0,0,0,569.5,0.0,1,8,23,13,9,17,47.22,0,44,22,50.0,19,73,36,52,105,43.03,71,548,302,798,221.3,31,1,1173,34,5,0,14231.0,740000.0,M,28.0,Netherlands
Mattia Caldara,362222,Spezia,2735,italy,2223,1264,20,13,6.71,0,0,0,0.77,0.13,30,0,0.0,41,30,35.29,124,329,453,77.04,35,58.33,25,0,0,0,,0,1,1,2,86,19,0,0,4,11,56,2,0,16,0,0.0,,22,19,3,0,0,,35,53.03,0,0,0,135,17,1,0,1,,1,0,0,1,0.0,0,0,0,0,154,1,0,0,0,0,0,0,0,0,0,0.0,0.0,0,10,1,6,4,2,50.0,0,23,14,60.87,1,70,4,1,70,55.56,85,202,387,588,127.4,11,0,813,10,6,0,23077.0,1200000.0,D,28.0,Italy
Leonardo Spinazzola,148899,Roma,2702,italy,2223,1651,26,18,6.7,1,4,5,1.03,1.97,59,15,26.32,139,48,46.6,315,288,588,77.06,9,52.94,8,0,0,0,,4,0,3,5,21,26,0,0,11,15,74,0,0,13,0,10.0,,21,17,4,1,0,,53,44.54,0,0,0,175,9,21,0,1,,0,0,0,0,0.0,0,0,0,0,311,6,0,0,1,0,0,0,0,0,0,1651.0,0.0,0,7,3,1,6,25,47.17,0,15,8,53.33,21,115,53,57,62,45.59,103,482,338,763,174.3,10,1,1208,13,3,0,106923.0,5560000.0,D,29.0,Italy
Mario Pašalić,190437,Atalanta,2686,italy,2223,1785,32,24,6.7,5,2,7,5.71,1.62,18,2,40.0,195,21,60.0,351,211,560,80.92,37,50.68,36,0,0,0,,2,5,11,1,12,32,0,0,26,17,116,0,0,24,0,15.63,,24,21,3,5,0,,46,36.51,0,0,0,132,21,16,3,2,,0,0,0,0,0.0,0,0,0,0,217,8,0,0,2,0,0,0,0,0,0,357.0,0.0,0,28,4,12,9,8,34.78,0,22,10,45.45,16,40,23,5,83,41.71,35,452,245,692,214.5,32,0,949,16,3,0,35577.0,1850000.0,F,27.0,Croatia
Andrea Pinamonti,826198,Sassuolo,2793,italy,2223,2173,32,25,6.7,5,0,5,7.11,1.6,7,2,14.29,116,6,54.55,198,126,322,66.94,36,31.3,79,0,0,0,,3,1,23,1,11,32,0,1,56,4,175,0,0,21,0,7.46,,32,26,6,5,0,,51,34.69,0,0,0,159,2,17,2,8,,0,0,1,0,100.0,0,1,0,1,308,11,0,1,3,0,0,0,0,0,0,434.6,0.0,0,53,14,22,22,10,37.04,0,10,7,70.0,17,14,27,14,87,33.21,11,354,141,481,214.5,67,0,839,31,3,0,85385.0,4440000.0,F,23.0,Italy
Tommaso Baldanzi,1012172,Empoli,2705,italy,2223,1788,26,24,6.7,4,0,4,2.35,1.82,7,1,4.76,192,13,46.43,308,223,530,85.48,3,25.0,9,0,0,0,,1,1,15,0,4,26,0,0,15,24,89,0,0,12,0,12.12,,23,23,0,3,1,,85,51.52,0,0,0,90,2,23,3,1,,0,0,0,0,0.0,0,0,0,0,193,9,0,0,1,0,0,0,0,0,0,447.0,0.0,0,15,18,6,12,23,43.4,0,25,12,48.0,23,15,53,21,88,49.72,28,397,244,620,174.2,33,0,914,37,2,0,10769.0,560000.0,F,19.0,Italy
Nicolò Fagioli,901850,Juventus,2687,italy,2223,1534,26,17,6.7,3,3,6,1.49,1.12,29,7,30.43,129,31,58.49,284,211,488,85.46,1,12.5,7,0,0,0,,1,2,3,5,4,26,0,0,28,19,76,1,0,20,0,23.08,,16,15,1,3,0,,60,46.51,0,0,0,83,8,15,0,1,,0,0,0,0,0.0,0,0,0,1,172,9,0,0,3,0,0,0,0,0,0,511.33,0.0,0,6,7,2,8,8,50.0,0,29,19,65.52,15,54,16,23,61,44.53,53,357,237,571,174.2,13,1,812,23,3,0,35577.0,1850000.0,M,21.0,Italy
Abdelhamid Sabiri,807400,Sampdoria,2711,italy,2223,1070,18,12,6.7,2,0,2,3.04,1.24,19,10,18.52,120,25,60.98,220,88,298,74.13,30,50.85,29,0,0,1,,2,2,10,1,5,18,0,0,28,9,109,0,0,28,0,6.06,,20,19,1,1,1,,71,47.02,0,0,2,104,2,14,0,0,,0,0,2,0,50.0,0,1,0,0,232,7,0,0,2,0,0,0,0,0,0,535.0,0.0,8,13,20,12,11,14,45.16,0,18,7,38.89,14,39,31,54,101,48.1,41,351,105,402,120.6,33,0,698,39,5,0,2115.0,110000.0,F,26.0,Morocco
Ola Solbakken,920744,Roma,2702,italy,2223,516,14,7,6.7,1,2,3,0.63,1.0,3,5,41.67,46,3,30.0,73,37,105,72.41,4,26.67,11,0,0,0,,2,1,5,0,8,11,0,0,13,5,41,0,0,6,0,11.11,,4,4,0,1,0,,14,31.82,0,0,0,40,2,11,1,0,,0,0,0,0,0.0,0,0,0,0,87,6,0,0,0,0,0,0,0,0,0,516.0,0.0,1,6,3,2,2,5,45.45,0,2,2,100.0,11,11,11,12,18,30.51,10,111,46,145,73.7,9,0,248,7,2,0,17308.0,900000.0,F,24.0,Norway
Arkadiusz Reca,580638,Spezia,2735,italy,2223,2260,31,25,6.7,1,1,2,1.01,2.17,31,29,26.13,180,42,40.0,352,312,635,71.59,20,45.45,24,0,0,0,,2,0,9,5,53,31,0,0,10,14,116,0,0,33,0,4.35,,41,32,9,1,0,,80,46.51,0,0,0,252,25,23,0,2,,0,0,0,1,0.0,0,0,0,0,486,13,0,0,1,0,0,0,0,0,0,2260.0,0.0,0,8,15,6,8,19,34.55,0,45,28,62.22,23,79,55,111,100,46.3,105,583,415,887,207.7,23,0,1610,16,6,0,22115.0,1150000.0,D,27.0,Poland
Marvin Zeegelaar,74506,Udinese,2695,italy,2223,361,7,4,6.7,1,0,1,0.21,0.15,7,1,25.0,19,4,36.36,47,91,137,83.54,8,80.0,2,0,0,0,,0,0,0,0,5,7,0,0,4,1,21,0,0,13,0,33.33,,6,3,3,1,0,,17,47.22,0,0,0,27,3,4,0,1,,0,0,0,0,0.0,0,0,0,0,48,2,0,1,1,0,0,0,0,0,0,361.0,0.0,0,3,0,1,2,8,88.89,0,8,4,50.0,4,17,9,4,25,54.35,11,70,98,164,46.9,3,0,240,1,1,1,12308.0,640000.0,D,32.0,Netherlands
Samuele Birindelli,856729,Monza,2729,italy,2223,1400,31,14,6.7,0,1,1,1.11,1.9,14,20,28.57,128,19,35.19,253,216,449,75.72,6,40.0,9,0,0,0,,1,2,1,0,25,31,0,0,15,11,57,0,0,15,0,0.0,,25,23,2,0,0,,60,55.56,0,0,0,144,16,18,0,2,,0,0,0,0,0.0,0,0,0,0,254,5,0,0,0,0,0,0,0,0,0,0.0,0.0,0,8,6,9,4,11,57.89,0,35,19,54.29,18,43,19,70,66,53.66,54,402,261,593,207.7,14,0,1002,14,8,0,15962.0,830000.0,D,23.0,Italy
Junior Sambia,603738,Salernitana,2710,italy,2223,712,22,7,6.7,0,1,1,0.61,0.72,12,6,18.18,71,8,66.67,150,102,246,84.25,15,60.0,10,0,0,0,,3,0,3,0,11,19,0,0,9,4,51,0,1,11,0,0.0,,10,9,1,0,0,,39,48.75,0,0,0,46,8,7,0,0,,0,0,0,0,0.0,0,0,0,0,124,2,0,0,0,0,0,0,0,0,0,0.0,0.0,5,6,7,5,5,10,37.04,0,12,5,41.67,7,21,27,33,54,51.43,12,206,119,292,127.3,13,0,540,17,3,0,36923.0,1920000.0,D,26.0,France
Paul Pogba,111802,Juventus,2687,italy,2223,113,6,1,6.7,0,0,0,0.33,0.14,3,0,0.0,15,2,50.0,30,18,48,73.85,7,70.0,3,0,0,0,,1,1,3,0,2,6,0,0,4,1,11,0,0,2,0,0.0,,0,0,0,0,0,,13,61.9,0,0,0,17,0,2,0,0,,0,0,0,0,0.0,0,0,0,0,27,0,0,0,0,0,0,0,0,0,0,0.0,0.0,0,4,1,0,2,6,85.71,0,0,0,0.0,2,5,7,2,20,64.52,4,48,19,65,40.2,5,0,99,7,0,0,197308.0,10260000.0,M,29.0,France
Kevin Bonifazi,365992,Bologna,2685,italy,2223,901,13,9,6.7,0,0,0,0.2,0.08,40,0,0.0,44,50,60.98,172,470,642,89.42,8,32.0,17,0,0,0,,0,0,0,1,37,13,0,0,5,6,36,0,0,6,0,0.0,,17,17,0,0,0,,19,50.0,0,0,0,76,12,2,0,1,,0,0,0,0,0.0,0,0,0,0,97,2,0,0,0,0,0,0,0,0,0,0.0,0.0,0,2,0,2,0,5,71.43,0,13,8,61.54,2,66,7,2,27,42.86,82,216,504,718,87.1,2,0,846,1,2,0,35577.0,1850000.0,D,26.0,Italy
Pietro Ceccaroni,373724,Lecce,2689,italy,2223,41,2,0,6.7,0,0,0,0.12,0.0,1,0,0.0,0,1,33.33,2,6,8,72.73,0,0.0,0,0,0,0,,0,0,1,0,2,2,0,0,0,0,0,0,0,0,0,0.0,,1,1,0,0,0,,0,0.0,0,0,0,3,3,1,0,0,,0,0,0,0,0.0,0,0,0,0,4,0,0,0,0,0,0,0,0,0,0,0.0,0.0,0,1,1,1,0,0,0.0,0,0,0,0.0,1,3,0,0,0,0.0,3,4,7,11,13.4,2,0,23,0,0,0,10769.0,560000.0,D,27.0,Italy
Alessandro Tuia,41468,Lecce,2689,italy,2223,511,7,6,6.7,0,0,0,0.1,0.06,16,1,100.0,17,22,39.29,42,101,142,69.95,10,41.67,14,0,0,0,,0,0,0,0,28,7,0,0,0,6,30,0,0,9,0,0.0,,6,6,0,0,0,,14,46.67,0,0,0,61,15,1,0,0,,0,0,0,0,0.0,0,0,0,0,63,0,0,0,0,0,0,0,0,0,0,0.0,0.0,0,2,0,1,1,2,66.67,0,10,6,60.0,1,39,3,1,24,44.44,56,84,120,203,46.9,2,0,276,2,1,0,14231.0,740000.0,D,32.0,Italy
Alberto Basso Ricci,1923074,Cremonese,2761,italy,2223,15,1,0,6.7,0,0,0,0.04,0.0,0,0,0.0,1,0,0.0,2,0,2,100.0,1,100.0,0,0,0,0,,0,0,0,0,0,1,0,0,1,0,1,0,0,0,0,0.0,,0,0,0,0,0,,0,0.0,0,0,0,0,0,0,0,0,,0,0,0,0,0.0,0,0,0,0,1,0,0,0,0,0,0,0,0,0,0,0.0,0.0,0,1,0,0,1,0,0.0,0,0,0,0.0,0,0,0,0,1,50.0,0,2,0,2,6.7,1,0,4,0,0,0,,,,,
Francesco Rossi,80074,Atalanta,2686,italy,2223,10,1,0,6.7,0,0,0,0.0,0.0,0,0,0.0,0,0,0.0,0,3,3,75.0,0,0.0,0,0,0,0,,0,0,0,0,0,1,0,0,0,0,0,0,0,0,0,0.0,,0,0,0,0,0,,0,0.0,0,0,0,1,0,0,0,0,,0,0,0,0,0.0,0,0,0,0,1,0,0,0,0,0,0,0,0,0,1,0.0,0.0,0,0,0,0,0,0,0.0,0,0,0,0.0,0,1,0,0,0,0.0,1,1,3,4,6.7,0,0,5,0,0,0,3654.0,190000.0,K,31.0,Italy
Soualiho Meïté,139229,Cremonese,2761,italy,2223,2370,31,28,6.7,0,2,2,0.49,0.54,45,3,33.33,154,47,55.95,398,463,858,84.95,28,62.22,17,0,0,0,,0,0,8,4,35,31,0,0,30,25,116,0,0,27,0,0.0,,47,43,4,0,0,,122,55.2,0,0,0,152,27,14,0,0,,0,0,0,0,0.0,0,0,0,0,244,11,0,0,0,0,0,0,0,0,0,0.0,0.0,0,5,12,6,3,28,60.87,0,47,31,65.96,14,79,46,9,150,56.39,84,499,520,1010,207.6,17,0,1382,47,5,0,39231.0,2040000.0,M,28.0,France
Joaquín Correa,249929,Inter,2697,italy,2223,956,26,12,6.7,3,1,4,3.47,1.01,7,0,0.0,101,9,90.0,156,65,221,80.36,4,25.0,12,0,0,0,,2,1,7,0,0,26,0,0,16,11,63,0,0,12,0,13.64,,12,12,0,2,1,,44,46.32,0,0,0,54,3,15,0,2,,0,0,0,0,0.0,0,0,0,0,118,5,0,0,3,0,0,0,0,0,0,318.67,0.0,0,17,5,7,8,14,51.85,0,12,7,58.33,15,10,27,2,48,43.24,10,205,72,275,174.1,22,0,433,18,1,0,124615.0,6480000.0,F,28.0,Argentina
Valerio Verre,139267,Sampdoria,2711,italy,2223,675,18,6,6.69,0,0,0,0.58,0.85,27,7,21.21,75,26,60.47,168,110,271,75.91,12,50.0,12,0,0,0,,1,0,4,0,3,18,0,0,20,9,63,0,0,14,0,0.0,,12,10,2,0,0,,37,42.05,0,0,1,86,9,13,0,2,,0,0,0,0,0.0,0,0,0,0,168,11,0,0,0,0,0,0,0,0,0,0.0,0.0,0,4,10,7,3,10,52.63,0,14,7,50.0,13,51,19,33,49,43.75,43,265,125,357,120.5,14,0,540,13,5,0,25000.0,1300000.0,F,28.0,Italy
Francesco Caputo,43905,Empoli,2705,italy,2223,2818,36,33,6.69,6,4,10,9.68,1.79,10,1,11.11,161,5,83.33,266,134,399,71.89,23,31.51,50,0,0,0,,4,10,18,2,11,36,0,0,38,4,121,0,0,18,0,9.84,,42,40,2,6,0,,55,43.65,0,0,1,156,3,29,2,34,,0,0,2,0,100.0,0,2,0,0,283,16,0,0,4,0,0,0,0,0,0,469.67,0.0,0,55,6,21,22,4,23.53,0,5,3,60.0,29,16,17,9,78,39.2,6,398,166,555,240.9,61,1,871,46,1,0,28462.0,1480000.0,F,35.0,Italy
Filip Đuričić,69367,Sampdoria,2711,italy,2223,2187,32,27,6.69,3,0,3,2.7,1.56,16,15,36.59,204,26,61.9,377,203,565,79.92,15,34.09,29,0,0,0,,2,2,7,1,7,32,0,0,47,19,163,0,0,38,0,11.54,,47,45,2,3,0,,119,47.04,2,0,1,142,7,34,0,0,,0,0,0,0,0.0,0,0,0,0,311,16,0,0,1,0,0,0,0,0,0,729.0,0.0,1,15,11,7,12,30,50.0,0,42,22,52.38,34,34,60,41,134,45.12,42,513,235,707,214.1,26,0,1115,48,9,0,28462.0,1480000.0,F,31.0,Serbia
Mërgim Vojvoda,798147,Torino,2696,italy,2223,1722,29,18,6.69,0,5,5,1.54,2.58,42,8,18.6,255,46,54.12,446,306,744,78.73,10,35.71,18,0,0,0,,6,2,6,7,23,29,0,0,17,13,75,1,0,19,0,0.0,,21,15,6,0,0,,41,41.84,0,0,1,201,10,23,0,2,,0,0,0,0,0.0,0,0,0,0,302,4,0,0,0,0,0,0,0,0,0,0.0,0.0,0,17,6,10,7,12,60.0,0,22,12,54.55,23,86,20,43,51,40.48,85,621,367,945,194.0,23,0,1345,7,3,0,17308.0,900000.0,D,28.0,Kosovo
Kevin Agudelo,931290,Spezia,2735,italy,2223,2151,35,23,6.69,0,1,1,1.59,2.56,9,6,17.14,239,19,57.58,385,145,524,75.72,17,38.64,27,0,0,0,,4,0,10,0,6,35,0,0,55,34,200,0,0,34,0,0.0,,39,33,6,0,0,,156,47.42,0,0,1,168,10,28,0,2,,0,0,0,0,0.0,0,0,0,0,378,23,0,0,0,0,0,0,0,0,0,0.0,0.0,0,10,19,12,7,50,49.5,0,71,38,53.52,28,28,101,35,173,46.38,33,553,174,692,234.1,29,0,1229,35,5,0,14231.0,740000.0,F,24.0,Colombia
Adolfo Gaich,940692,Hellas Verona,2701,italy,2223,745,17,8,6.69,2,0,2,2.53,0.18,3,0,0.0,34,0,0.0,64,32,96,57.49,27,34.18,52,0,0,0,,0,4,3,0,8,17,0,0,9,5,88,0,1,18,0,8.0,,13,10,3,1,1,,30,45.45,0,0,2,71,3,6,0,4,,1,0,0,0,0.0,0,0,0,1,111,6,0,0,2,0,0,0,0,0,0,372.5,0.0,0,17,8,14,8,13,68.42,0,5,3,60.0,6,6,19,0,57,39.31,2,128,39,167,113.7,25,0,306,14,2,0,23654.0,1230000.0,F,23.0,Argentina
Filippo Bandinelli,812332,Empoli,2705,italy,2223,2284,35,28,6.69,2,0,2,1.73,2.42,32,27,29.67,175,39,41.49,361,379,713,78.35,10,34.48,19,0,0,0,,2,0,7,1,39,35,0,0,30,27,149,0,0,53,0,8.33,,27,24,3,2,0,,107,45.15,1,0,0,197,18,31,0,0,,0,0,0,1,0.0,0,0,0,0,369,15,0,0,1,0,0,0,0,0,0,1142.0,0.0,0,8,16,10,7,15,41.67,0,55,34,61.82,31,81,36,91,117,43.98,94,558,443,910,234.0,24,1,1418,37,10,0,21346.0,1110000.0,M,27.0,Italy
Adam Masina,259995,Udinese,2695,italy,2223,795,14,8,6.69,2,0,2,0.09,0.3,24,4,40.0,34,40,48.19,104,208,308,79.18,26,70.27,11,0,0,0,,0,0,0,2,26,14,0,0,1,9,32,1,0,11,0,100.0,,14,13,1,2,0,,14,40.0,2,0,0,81,10,2,0,0,,0,0,0,1,0.0,0,0,0,0,101,2,0,0,0,0,0,0,0,0,0,397.5,0.0,0,2,0,0,2,3,100.0,0,10,7,70.0,2,59,3,10,40,55.56,83,167,232,389,93.6,2,0,507,1,2,0,22115.0,1150000.0,D,29.0,Morocco
Gianluca Gaetano,902019,Napoli,2714,italy,2223,79,8,0,6.68,1,1,2,1.07,0.08,0,0,0.0,20,1,100.0,32,16,48,80.0,0,0.0,0,0,0,0,,0,2,2,0,0,6,0,0,4,0,5,0,0,2,0,14.29,,0,0,0,1,0,,8,61.54,0,0,0,12,1,1,0,0,,0,0,0,0,0.0,0,0,0,0,21,0,0,0,1,0,0,0,0,0,0,79.0,0.0,0,3,4,0,5,2,100.0,0,5,3,60.0,1,0,2,1,8,61.54,1,44,17,60,40.1,7,0,90,1,0,0,3654.0,190000.0,F,22.0,Italy
Emil Bohinen,824584,Salernitana,2710,italy,2223,846,24,9,6.68,0,0,0,0.14,0.31,6,1,33.33,80,10,50.0,188,216,403,84.84,12,44.44,15,0,0,0,,0,0,3,0,19,24,0,0,9,11,56,0,0,15,0,0.0,,13,12,1,0,0,,46,52.87,0,0,0,72,17,12,0,1,,0,0,0,1,0.0,0,0,0,0,102,5,0,0,0,0,0,0,0,0,0,0.0,0.0,0,1,3,1,0,8,53.33,0,25,13,52.0,12,15,15,3,58,50.88,20,233,245,475,160.4,4,0,643,13,0,0,19231.0,1000000.0,M,23.0,Norway
Riccardo Sottil,893640,Fiorentina,2693,italy,2223,832,18,9,6.68,0,2,2,1.03,0.75,4,3,9.68,128,9,81.82,175,33,205,87.61,3,37.5,5,0,0,0,,1,0,9,0,0,17,0,0,13,3,45,0,0,4,0,0.0,,6,6,0,0,0,,44,52.38,0,0,0,29,0,15,0,6,,0,0,0,0,0.0,0,0,0,0,122,4,0,0,0,0,0,0,0,0,0,0.0,0.0,1,15,6,4,8,13,38.24,0,4,3,75.0,15,6,34,31,47,51.09,11,227,38,234,113.6,21,0,416,27,1,0,21346.0,1110000.0,F,23.0,Italy
Pedro Obiang,46799,Sassuolo,2793,italy,2223,886,17,11,6.68,0,1,1,0.4,0.17,24,0,0.0,59,32,55.17,177,186,363,83.45,17,45.95,20,0,0,0,,0,0,4,0,13,17,0,0,2,8,50,0,0,16,0,0.0,,17,14,3,0,0,,37,55.22,0,0,0,72,8,3,0,0,,0,0,0,0,0.0,0,0,0,0,87,0,0,0,0,0,0,0,0,0,0,0.0,0.0,0,2,5,3,0,3,42.86,0,26,17,65.38,3,37,7,1,54,51.92,58,221,215,435,113.6,7,0,545,8,2,0,20962.0,1090000.0,M,31.0,Equatorial Guinea
Joakim Mæhle,842364,Atalanta,2686,italy,2223,2219,34,25,6.68,3,3,6,3.05,2.89,29,10,26.32,370,28,40.58,603,371,964,81.63,4,23.53,13,0,0,0,,2,3,7,2,21,32,0,1,24,17,101,0,0,16,0,11.54,,33,27,6,3,0,,69,43.95,1,0,1,217,24,37,0,6,,0,0,0,0,0.0,0,0,0,0,366,15,0,1,2,0,0,0,0,0,0,739.67,0.0,0,13,13,13,6,18,35.29,0,32,18,56.25,37,64,51,38,73,41.95,69,792,427,1181,213.8,26,0,1777,19,5,0,24615.0,1280000.0,D,25.0,Denmark
José Machín,792308,Monza,2729,italy,2223,1130,25,11,6.68,0,2,2,0.46,1.27,12,3,27.27,136,22,51.16,312,239,548,84.18,6,46.15,7,0,0,0,,3,0,3,0,15,25,0,0,12,18,67,0,0,19,0,0.0,,19,18,1,0,0,,47,43.93,0,0,1,103,13,9,0,0,,0,0,0,0,0.0,0,0,0,0,149,6,0,0,0,0,0,0,0,0,0,0.0,0.0,1,4,6,4,3,7,38.89,0,28,19,67.86,9,34,18,11,53,44.17,43,396,266,651,167.0,10,0,826,12,4,0,1346.0,70000.0,M,26.0,Equatorial Guinea
Ignacio Pussetto,340509,Sampdoria,2711,italy,2223,150,5,1,6.68,0,0,0,0.15,0.09,0,0,0.0,16,0,0.0,26,8,34,66.67,4,44.44,5,0,0,0,,1,0,0,0,3,5,0,0,1,1,16,0,0,7,0,0.0,,2,0,2,0,0,,8,42.11,0,0,0,17,0,2,0,0,,0,0,0,0,0.0,0,0,0,0,32,0,0,0,0,0,0,0,0,0,0,0.0,0.0,0,2,0,0,2,1,33.33,0,6,3,50.0,2,3,3,5,12,42.86,3,44,12,51,33.4,2,0,86,1,1,0,17885.0,930000.0,F,27.0,Argentina
Simone Romagnoli,111487,Lecce,2689,italy,2223,164,7,1,6.68,0,0,0,0.01,0.0,1,0,0.0,1,1,16.67,16,45,61,82.43,10,55.56,8,0,0,0,,0,0,0,0,10,5,0,0,0,0,11,0,0,3,0,0.0,,4,3,1,0,0,,6,66.67,0,0,0,13,1,0,0,0,,0,0,0,0,0.0,0,0,0,0,13,0,0,0,0,0,0,0,0,0,0,0.0,0.0,0,1,0,1,0,0,0.0,0,6,5,83.33,0,6,0,0,16,59.26,6,25,49,74,33.4,1,0,101,0,0,0,17885.0,930000.0,D,32.0,Italy
Kaan Ayhan,138152,Sassuolo,2793,italy,2223,542,10,5,6.68,0,0,0,0.01,0.05,6,0,0.0,24,31,54.39,96,190,286,86.93,3,30.0,7,0,0,0,,0,0,0,1,25,9,0,0,1,0,12,1,0,4,0,0.0,,11,8,3,0,0,,17,77.27,0,0,0,43,5,0,0,0,,0,0,0,0,0.0,0,0,0,0,45,0,0,0,0,0,0,0,0,0,0,0.0,0.0,0,0,1,0,1,0,0.0,0,10,4,40.0,0,24,0,0,20,62.5,57,127,202,329,60.1,1,0,396,8,1,0,14808.0,770000.0,D,27.0,Turkey
Mattia De Sciglio,137667,Juventus,2687,italy,2223,1046,17,11,6.68,0,0,0,0.08,0.44,20,6,23.08,86,26,52.0,186,192,372,81.58,10,47.62,11,0,0,0,,0,0,1,3,17,17,0,0,7,5,30,0,0,4,0,0.0,,8,8,0,0,0,,27,58.7,0,0,0,84,4,8,0,0,,0,0,0,0,0.0,0,0,0,0,137,3,0,0,0,0,0,0,0,0,0,0.0,0.0,0,0,4,3,0,2,40.0,0,14,7,50.0,8,38,5,26,37,55.22,50,260,222,456,113.5,4,0,674,11,0,0,53462.0,2780000.0,D,30.0,Italy
Nedim Bajrami,825861,Sassuolo,2793,italy,2223,1745,37,15,6.68,2,1,3,3.15,2.42,14,15,16.3,208,15,51.72,334,158,477,79.77,4,26.67,11,0,0,0,,2,3,10,1,8,37,0,0,26,8,87,0,0,12,1,4.55,,33,26,7,1,1,,64,45.71,0,0,0,121,14,30,0,9,,0,1,0,0,0.0,0,0,0,0,303,13,0,0,2,0,0,0,0,0,0,872.5,10.0,10,16,28,19,15,29,49.15,0,20,11,55.0,29,25,59,92,68,43.87,29,496,194,598,247.0,44,0,991,15,1,0,29615.0,1540000.0,F,23.0,Albania
Davide Faraoni,32040,Hellas Verona,2701,italy,2223,1577,24,20,6.68,3,3,6,2.87,0.88,44,9,23.68,89,35,42.17,154,149,294,66.82,14,40.0,21,0,0,0,,2,2,7,0,35,24,0,1,4,26,81,0,0,22,0,13.04,,37,29,8,3,0,,52,46.43,1,0,1,146,15,12,0,4,,0,0,0,1,0.0,0,0,0,0,235,5,0,1,1,0,0,0,0,0,0,525.67,0.0,0,12,11,9,7,7,43.75,0,34,24,70.59,12,84,16,38,66,44.9,83,280,198,440,160.2,23,1,844,11,7,0,17885.0,930000.0,D,31.0,Italy
Cristian Buonaiuto,126989,Cremonese,2761,italy,2223,972,29,7,6.68,1,0,1,3.27,1.69,17,16,22.86,106,11,36.67,197,96,277,73.28,6,21.43,22,0,0,0,,3,2,17,0,7,28,0,0,28,15,104,0,0,17,0,2.33,,23,20,3,1,0,,68,45.33,0,0,1,101,14,17,0,1,,0,0,1,0,100.0,0,1,0,1,251,15,0,0,1,0,0,0,0,0,0,972.0,0.0,6,25,18,13,13,20,46.51,0,25,16,64.0,17,47,43,70,74,41.57,30,335,113,378,186.9,43,0,730,23,3,0,14231.0,740000.0,F,30.0,Italy
Caleb Okoli,967722,Atalanta,2686,italy,2223,956,17,9,6.68,0,0,0,0.45,0.08,9,0,0.0,36,18,47.37,106,225,331,75.74,43,63.24,25,0,0,0,,0,2,1,3,44,16,0,0,5,15,60,1,2,15,0,0.0,,10,8,2,0,0,,29,45.31,0,0,0,106,30,0,0,0,,0,0,0,0,0.0,0,0,0,0,132,3,0,0,0,0,0,0,0,0,0,0.0,0.0,0,7,0,4,2,0,0.0,0,21,17,80.95,0,21,1,2,72,54.55,38,157,282,437,106.8,7,0,620,8,3,0,20000.0,1040000.0,D,21.0,Italy
Kelvin Amian,802143,Spezia,2735,italy,2223,2373,30,26,6.67,0,1,1,2.66,2.22,29,11,28.21,203,37,34.91,347,301,637,75.3,34,49.28,35,0,0,0,,3,3,6,4,75,30,0,0,18,7,105,0,1,37,0,0.0,,42,35,7,0,0,,75,51.72,0,0,1,209,22,18,0,1,,0,0,0,2,0.0,0,0,0,0,338,6,0,1,0,0,0,0,0,0,0,0.0,0.0,1,15,11,13,7,16,59.26,0,54,32,59.26,18,82,27,39,109,50.93,106,521,364,846,200.2,26,0,1451,5,5,1,13654.0,710000.0,D,24.0,France
Emanuele Valeri,891346,Cremonese,2761,italy,2223,2790,37,31,6.67,2,3,5,2.18,3.76,54,40,27.21,188,44,35.2,359,229,548,66.02,13,33.33,26,0,0,0,,4,2,13,3,35,37,0,0,26,41,160,0,1,27,0,5.0,,53,49,4,2,0,,108,44.63,0,0,0,282,22,54,2,5,,0,0,0,0,0.0,0,0,0,0,643,14,0,0,0,0,0,0,0,0,0,1395.0,0.0,3,18,22,21,6,18,31.03,0,53,27,50.94,54,149,58,147,121,43.06,125,695,282,830,246.9,40,0,1687,37,3,0,3654.0,190000.0,D,24.0,Italy
Petar Stojanović,227082,Empoli,2705,italy,2223,1539,27,16,6.67,0,1,1,0.3,1.15,53,9,25.71,167,64,59.81,337,333,661,80.91,4,36.36,7,0,0,0,,0,0,6,2,48,27,0,0,14,17,68,0,0,12,0,0.0,,28,24,4,0,0,,70,53.44,0,0,0,156,11,19,0,0,,0,0,0,0,0.0,0,0,0,0,253,5,0,0,0,0,0,0,0,0,0,0.0,0.0,1,2,8,2,2,13,41.94,0,42,22,52.38,19,98,31,35,74,52.11,107,471,381,817,180.1,10,0,1264,15,3,0,12308.0,640000.0,D,27.0,Slovenia
Enzo Ebosse,848279,Udinese,2695,italy,2223,935,20,9,6.67,0,0,0,0.08,0.15,25,2,13.33,69,38,55.88,174,235,407,84.44,15,51.72,14,0,0,0,,0,0,1,1,24,20,0,0,3,4,31,0,0,9,0,0.0,,14,14,0,0,0,,23,57.5,0,0,0,75,11,1,0,1,,0,0,0,0,0.0,0,0,0,0,118,0,0,0,0,0,0,0,0,0,0,0.0,0.0,0,0,3,2,0,4,80.0,0,15,9,60.0,1,45,5,15,38,55.07,68,235,262,482,133.4,3,0,691,4,3,0,19808.0,1030000.0,D,23.0,Cameroon
Divock Origi,190399,Milan,2692,italy,2223,1042,27,10,6.67,2,1,3,2.15,0.46,4,1,9.09,65,4,50.0,91,37,127,70.17,15,30.61,34,0,0,0,,1,4,6,0,13,26,0,0,25,5,86,0,0,13,0,6.9,,13,11,2,0,2,,42,44.68,0,0,0,54,0,11,0,6,,0,0,0,0,0.0,0,0,0,0,138,4,0,0,2,0,0,0,0,0,0,521.0,0.0,0,16,13,11,12,15,62.5,0,10,5,50.0,11,11,24,11,57,39.86,8,144,48,181,173.4,29,1,387,17,1,0,98654.0,5130000.0,F,27.0,Belgium
Emanuel Vignato,862373,Empoli,2705,italy,2223,308,13,2,6.67,1,1,2,0.28,0.79,5,2,40.0,45,4,44.44,75,44,117,80.69,4,57.14,3,0,0,0,,1,0,1,0,1,13,0,0,4,2,13,0,0,4,0,33.33,,6,6,0,1,0,,9,47.37,0,0,0,28,3,4,0,0,,0,0,0,0,0.0,0,0,0,0,41,2,0,0,1,0,0,0,0,0,0,308.0,0.0,0,2,1,0,2,2,100.0,0,6,4,66.67,4,9,2,5,13,50.0,9,96,54,145,86.7,3,0,185,1,1,0,10769.0,560000.0,F,22.0,Italy
Thomas Henry,795541,Hellas Verona,2701,italy,2223,1046,16,13,6.67,2,0,2,1.74,0.51,3,0,0.0,52,4,44.44,88,27,115,53.24,46,53.49,40,0,0,0,,1,1,7,0,14,16,0,0,25,4,103,0,0,27,0,11.11,,17,15,2,2,0,,24,27.59,2,0,3,101,0,13,0,9,,0,0,0,0,0.0,0,0,0,0,202,6,0,0,0,0,0,0,0,0,0,523.0,0.0,0,11,7,6,5,3,21.43,0,5,3,60.0,13,8,14,5,70,40.46,9,182,39,216,106.7,18,0,421,16,4,0,19808.0,1030000.0,F,28.0,France
Yayah Kallon,967510,Hellas Verona,2701,italy,2223,852,22,8,6.67,1,1,2,1.67,0.9,4,9,27.27,64,3,37.5,108,37,136,68.69,9,29.03,22,0,0,0,,3,3,5,0,3,22,0,0,15,5,69,0,0,13,0,5.0,,14,13,1,1,0,,43,47.78,0,0,0,62,8,13,1,4,,0,0,0,0,0.0,0,0,0,0,147,6,0,0,0,0,0,0,0,0,0,852.0,0.0,0,13,7,9,6,8,36.36,0,14,10,71.43,13,9,22,33,52,42.98,8,186,45,198,146.7,20,0,396,21,1,0,8846.0,460000.0,F,21.0,Sierra Leone
Bartosz Bereszyński,109461,Napoli,2714,italy,2223,1367,18,17,6.67,0,1,1,0.12,0.43,15,3,9.68,108,21,34.43,212,219,428,76.16,20,62.5,12,0,0,0,,1,0,3,2,24,18,0,0,6,9,55,0,0,15,0,0.0,,24,23,1,0,0,,48,52.75,0,0,0,134,24,5,0,0,,0,0,0,0,0.0,0,0,0,0,224,4,0,0,0,0,0,0,0,0,0,0.0,0.0,0,2,1,0,0,5,27.78,0,31,20,64.52,5,51,18,31,68,55.28,61,322,271,562,120.0,3,0,929,12,2,0,15962.0,830000.0,D,30.0,Poland
Mile Svilar,793986,Roma,2702,italy,2223,270,3,3,6.67,0,0,0,0.0,0.01,11,0,0.0,6,16,36.36,13,23,36,56.25,0,0.0,0,0,0,0,,0,0,0,1,1,3,0,0,0,0,0,0,0,0,0,0.0,,3,3,0,0,0,-0.09,0,0.0,0,5,0,28,0,0,0,0,,0,0,0,0,0.0,0,0,0,0,28,0,0,0,0,0,2,5,7,0,0,0.0,0.0,0,0,0,0,0,0,0.0,0,0,0,0.0,0,30,0,0,0,0.0,44,40,24,64,20.0,0,0,91,0,1,0,24615.0,1280000.0,K,23.0,Serbia
João Moutinho,928431,Spezia,2735,italy,2223,57,4,0,6.67,0,0,0,0.0,0.03,1,0,0.0,11,2,50.0,20,5,25,80.65,0,0.0,1,0,0,0,,0,0,0,0,0,3,0,0,0,1,3,0,0,1,0,0.0,,2,2,0,0,0,,7,77.78,0,0,0,6,0,1,0,0,,0,0,0,0,0.0,0,0,0,0,12,1,0,0,0,0,0,0,0,0,0,0.0,0.0,0,0,0,0,0,0,0.0,0,7,1,14.29,1,3,0,3,7,70.0,4,29,5,31,20.0,0,0,51,0,0,0,7308.0,380000.0,D,25.0,Portugal
Federico Ceccherini,139410,Hellas Verona,2701,italy,2223,1436,22,18,6.66,2,0,2,0.8,0.28,35,2,33.33,90,37,44.58,184,275,457,77.59,30,62.5,18,0,0,0,,0,1,0,1,52,22,0,1,8,10,67,0,0,31,0,28.57,,23,17,6,1,1,,46,48.42,1,0,0,132,19,5,0,0,,0,0,0,0,0.0,0,0,0,0,168,3,0,1,1,0,0,0,0,0,0,718.0,0.0,0,5,2,5,2,2,66.67,0,25,19,76.0,5,73,3,6,76,53.15,83,276,319,589,146.6,7,0,815,19,9,0,17885.0,930000.0,D,30.0,Italy
Ruan,914487,Sassuolo,2793,italy,2223,1715,23,21,6.66,0,0,0,0.48,0.81,17,0,0.0,31,38,58.46,164,668,832,88.98,51,58.62,36,0,0,0,,0,2,1,2,77,22,0,1,5,10,77,1,2,27,0,0.0,,31,21,10,0,0,,55,57.29,0,0,0,103,24,1,0,0,,1,0,0,1,0.0,0,0,0,0,115,1,0,3,0,0,0,0,0,0,0,0.0,0.0,0,5,0,3,1,3,75.0,0,38,26,68.42,1,32,4,0,106,57.92,65,217,718,935,146.6,5,0,1167,14,9,2,9423.0,490000.0,D,23.0,Brazil
Martin Hongla,856062,Hellas Verona,2701,italy,2223,523,9,6,6.66,0,0,0,0.17,0.41,14,1,12.5,41,12,41.38,97,68,164,80.79,5,38.46,8,0,0,0,,1,0,0,0,8,8,0,0,3,0,28,0,0,11,0,0.0,,11,10,1,0,0,,20,50.0,0,0,0,39,6,3,0,0,,0,0,0,0,0.0,0,0,0,0,60,5,0,0,0,0,0,0,0,0,0,0.0,0.0,0,0,5,3,2,8,57.14,0,8,5,62.5,3,24,14,8,25,47.17,29,134,77,203,53.3,5,0,281,4,4,0,15962.0,830000.0,M,24.0,Cameroon
Jeremy Toljan,149606,Sassuolo,2793,italy,2223,2672,31,29,6.66,0,1,1,0.51,1.58,38,10,35.71,257,59,48.76,534,568,1092,83.74,10,32.26,21,0,0,0,,4,2,0,7,35,31,0,0,14,11,61,0,1,10,0,0.0,,48,38,10,0,0,,57,58.76,0,0,1,212,18,22,0,0,,0,0,0,1,0.0,0,0,0,0,292,2,0,0,0,0,0,0,0,0,0,0.0,0.0,0,3,2,5,0,7,53.85,0,36,23,63.89,22,84,13,28,67,52.34,121,688,644,1304,206.5,5,0,1863,14,3,0,17308.0,900000.0,D,28.0,Germany
Fabio Quagliarella,11621,Sampdoria,2711,italy,2223,811,23,7,6.66,1,1,2,2.82,0.72,20,2,14.29,69,14,48.28,96,61,155,68.28,9,24.32,28,0,0,0,,0,4,9,0,9,23,0,0,5,6,45,0,0,4,0,2.78,,21,19,2,1,0,,25,59.52,0,0,2,72,0,7,0,6,,0,0,0,0,0.0,0,0,0,0,117,6,0,0,1,0,0,0,0,0,0,811.0,0.0,0,25,11,21,6,4,57.14,0,2,1,50.0,7,35,7,14,34,43.04,29,165,76,227,153.2,36,0,367,19,2,0,17885.0,930000.0,F,40.0,Italy
Jesé Rodríguez,110781,Sampdoria,2711,italy,2223,223,11,1,6.66,1,1,2,0.31,0.41,2,0,0.0,12,3,75.0,26,19,45,71.43,2,14.29,12,0,0,0,,1,0,1,0,2,10,0,0,3,1,20,0,0,3,0,33.33,,8,7,1,1,0,,10,55.56,0,0,0,18,1,2,0,2,,0,0,0,0,0.0,0,0,0,0,27,1,0,0,1,0,0,0,0,0,0,223.0,0.0,0,1,2,0,2,3,75.0,0,2,0,0.0,2,2,4,0,12,37.5,4,43,20,63,66.6,3,0,97,5,0,0,12308.0,640000.0,F,29.0,Spain
Mehdi Léris,851222,Sampdoria,2711,italy,2223,2463,32,29,6.66,1,1,2,3.45,1.67,25,8,14.04,207,28,46.67,362,225,579,70.01,96,58.18,69,0,0,0,,2,5,7,2,29,32,0,0,48,32,228,0,0,52,0,3.33,,48,44,4,1,0,,139,46.64,1,0,2,248,27,20,0,10,,0,0,0,0,0.0,0,0,0,0,478,26,0,0,0,0,0,0,0,0,0,2463.0,0.0,0,28,2,11,12,29,48.33,0,63,46,73.02,20,57,60,57,235,50.76,60,601,283,827,213.1,30,0,1441,47,13,0,10000.0,520000.0,F,24.0,Algeria
Abdou Harroui,915812,Sassuolo,2793,italy,2223,646,23,5,6.66,2,0,2,1.47,0.52,5,3,27.27,89,3,27.27,149,103,249,84.41,9,64.29,5,0,0,0,,1,1,2,0,9,22,0,0,13,5,38,0,0,13,0,14.29,,9,7,2,2,0,,31,48.44,1,0,1,46,2,6,0,1,,0,0,0,0,0.0,0,0,0,0,83,5,0,0,1,0,0,0,0,0,0,323.0,0.0,0,4,10,8,4,11,73.33,0,17,6,35.29,6,8,15,11,40,51.28,11,193,113,295,146.5,14,0,422,3,2,0,2308.0,120000.0,M,25.0,Morocco
Raoul Bellanova,826185,Inter,2697,italy,2223,503,18,3,6.66,0,0,0,0.64,0.41,10,5,15.63,50,12,57.14,101,105,201,83.06,3,50.0,3,0,0,0,,1,1,2,0,10,17,0,0,5,5,19,0,0,4,0,0.0,,8,7,1,0,0,,30,65.22,0,0,0,41,4,3,0,2,,0,0,0,0,0.0,0,0,0,0,81,5,0,0,0,0,0,0,0,0,0,0.0,0.0,0,4,0,1,1,7,77.78,0,14,6,42.86,3,18,9,32,33,63.46,21,151,123,242,113.2,4,0,390,9,0,0,32115.0,1670000.0,D,22.0,Italy
Alfred Duncan,232224,Fiorentina,2693,italy,2223,1125,25,13,6.66,1,0,1,0.48,0.69,23,9,34.62,142,28,50.0,253,164,408,80.79,9,56.25,7,0,0,0,,1,0,2,1,6,25,0,0,14,11,64,0,0,26,0,11.11,,10,10,0,1,0,,42,42.42,0,0,1,97,8,15,1,1,,0,1,0,0,0.0,0,0,0,0,159,6,0,0,0,0,0,0,0,0,0,1125.0,0.0,0,3,6,5,2,12,60.0,0,18,10,55.56,14,53,20,26,51,44.35,56,347,184,505,166.4,9,1,674,12,3,0,46346.0,2410000.0,M,29.0,Ghana
Tomás Rincón,46798,Sampdoria,2711,italy,2223,2566,34,30,6.66,0,2,2,0.59,1.86,84,7,33.33,238,86,56.95,531,484,1008,82.96,35,67.31,17,0,0,0,,2,1,1,1,17,34,0,1,29,32,151,0,0,58,0,0.0,,56,53,3,0,0,,111,45.31,0,0,0,207,30,21,0,0,,0,0,0,0,0.0,0,0,0,0,306,15,0,1,0,0,0,0,0,0,0,0.0,0.0,0,3,8,7,3,27,61.36,0,56,27,48.21,21,154,44,21,146,49.16,151,695,541,1215,226.3,11,0,1590,28,7,0,25000.0,1300000.0,M,35.0,Venezuela
Josh Doig,989276,Hellas Verona,2701,italy,2223,1361,22,15,6.65,2,3,5,1.83,1.34,21,11,23.91,82,15,35.71,143,126,258,69.92,16,41.03,23,0,0,0,,2,2,8,2,12,22,0,0,16,10,84,0,1,14,0,11.11,,22,20,2,2,0,,49,44.55,0,0,0,111,11,12,1,2,,0,0,0,0,0.0,0,0,0,0,248,5,0,0,1,0,0,0,0,0,0,680.5,0.0,0,13,5,4,6,23,51.11,0,19,8,42.11,12,47,45,46,65,43.62,42,251,164,369,146.4,18,0,752,7,1,0,12308.0,640000.0,D,20.0,Scotland
Nicolas Haas,587126,Empoli,2705,italy,2223,1159,24,12,6.65,1,1,2,1.21,0.31,15,0,0.0,75,20,57.14,145,156,301,76.2,6,24.0,19,0,0,0,,1,0,3,1,24,24,0,0,10,12,62,0,0,20,0,12.5,,17,14,3,1,0,,39,47.56,0,0,0,94,8,9,1,1,,0,0,0,0,0.0,0,0,0,0,135,3,0,0,0,0,0,0,0,0,0,1159.0,0.0,0,5,3,2,3,1,25.0,0,27,13,48.15,9,28,4,11,45,42.06,35,213,193,395,159.7,8,0,573,11,2,0,32115.0,1670000.0,M,27.0,Switzerland
Przemysław Wiśniewski,931266,Spezia,2735,italy,2223,1070,15,12,6.65,1,0,1,1.32,0.31,18,0,0.0,42,27,39.71,112,330,442,84.35,42,67.74,20,0,0,0,,1,1,3,2,68,15,0,0,4,13,53,0,0,13,0,14.29,,23,19,4,1,0,,24,42.11,0,0,0,82,12,3,0,0,,2,0,0,0,0.0,0,0,0,0,104,1,0,0,1,0,0,0,0,0,0,1070.0,0.0,0,6,1,1,3,2,33.33,0,13,6,46.15,3,41,6,2,66,55.46,68,161,365,524,99.8,7,1,698,9,3,0,9808.0,510000.0,D,24.0,Poland
Toma Bašić,798002,Lazio,2699,italy,2223,531,25,4,6.65,1,0,1,1.91,0.37,3,2,10.0,55,2,14.29,121,93,212,77.66,14,70.0,6,0,0,0,,0,1,0,0,7,24,0,0,6,5,33,0,0,12,0,9.09,,6,4,2,1,0,,26,49.06,0,0,1,61,7,8,0,1,,0,0,0,0,0.0,0,0,0,0,103,5,0,0,1,0,0,0,0,0,0,531.0,0.0,0,5,6,6,5,3,42.86,0,6,4,66.67,8,12,7,20,40,54.79,14,179,114,273,159.6,11,0,396,17,2,0,39423.0,2050000.0,M,26.0,Croatia
Giulio Donati,103156,Monza,2729,italy,2223,423,8,4,6.65,1,0,1,0.4,0.06,15,1,11.11,34,21,65.63,85,168,252,88.11,4,57.14,3,0,0,0,,0,0,1,0,9,8,0,1,1,3,15,0,0,7,0,50.0,,7,6,1,1,0,,11,47.83,0,0,0,34,4,1,0,0,,0,0,0,0,0.0,0,0,0,0,54,1,0,2,1,0,0,0,0,0,0,423.0,0.0,0,1,1,0,1,1,33.33,0,4,1,25.0,1,23,3,9,15,50.0,32,115,180,286,53.2,2,0,362,6,2,1,6731.0,350000.0,D,32.0,Italy
Josip Brekalo,357598,Fiorentina,2693,italy,2223,227,6,1,6.65,0,0,0,0.66,0.49,4,3,30.0,42,4,57.14,58,17,72,80.9,0,0.0,6,0,0,0,,2,1,3,1,1,6,0,0,6,3,20,0,0,3,0,0.0,,1,1,0,0,0,,13,48.15,0,0,2,17,1,8,0,0,,0,0,0,0,0.0,0,0,0,0,39,0,0,0,0,0,0,0,0,0,0,0.0,0.0,0,2,3,2,0,6,75.0,0,2,1,50.0,8,9,8,10,13,39.39,7,79,20,89,39.9,5,0,142,5,1,0,39423.0,2050000.0,F,24.0,Croatia
Tommaso Milanese,996812,Cremonese,2761,italy,2223,26,2,0,6.65,0,0,0,0.0,0.05,0,1,50.0,7,1,100.0,10,0,9,75.0,0,0.0,1,0,0,0,,0,0,0,0,0,2,0,0,1,0,4,0,0,1,0,0.0,,1,0,1,0,0,,2,40.0,0,0,0,3,0,3,0,0,,0,0,0,0,0.0,0,0,0,0,9,0,0,0,0,0,0,0,0,0,0,0.0,0.0,0,0,0,0,0,1,50.0,0,0,0,0.0,3,0,2,2,2,33.33,1,13,1,12,13.3,0,0,22,1,0,0,5385.0,280000.0,M,20.0,Italy
Lorenzo Colombo,930191,Lecce,2689,italy,2223,1541,33,18,6.65,5,2,7,6.25,0.47,11,2,20.0,87,9,56.25,151,55,204,64.35,41,25.63,119,0,0,1,,3,2,16,0,6,32,0,0,38,8,218,0,0,36,0,11.11,,18,17,1,4,1,,44,30.77,0,0,0,113,2,17,4,8,,0,0,2,0,50.0,0,1,0,0,268,20,0,0,1,0,0,0,0,0,0,308.2,0.0,0,35,10,15,14,11,33.33,0,17,9,52.94,17,24,33,10,85,28.05,16,257,70,317,212.7,45,0,655,16,4,0,10769.0,560000.0,F,20.0,Italy
Tolgay Arslan,71203,Udinese,2695,italy,2223,1198,36,12,6.64,1,0,1,2.19,1.56,27,5,17.86,157,45,65.22,288,191,474,83.16,8,66.67,4,0,0,0,,2,1,10,0,8,36,0,0,17,25,74,0,1,15,0,4.0,,16,16,0,1,0,,79,53.02,1,0,0,96,12,15,0,0,,0,0,0,0,0.0,0,0,0,0,176,7,0,0,0,0,0,0,0,0,0,1198.0,0.0,1,9,16,10,5,15,53.57,0,29,18,62.07,15,45,28,28,87,54.04,69,378,220,570,239.2,25,0,836,35,3,0,14808.0,770000.0,M,32.0,Germany
Charles Pickel,758664,Cremonese,2761,italy,2223,2491,33,30,6.64,1,0,1,1.61,1.12,17,1,9.09,198,24,44.44,424,320,743,78.29,47,38.21,76,0,0,0,,2,2,2,3,30,33,0,1,18,27,164,1,0,34,0,4.35,,46,43,3,1,0,,77,46.67,1,0,1,206,24,20,0,4,,0,0,0,0,0.0,0,0,0,0,285,17,0,1,0,0,0,0,0,0,0,2491.0,0.0,0,18,5,14,7,4,28.57,0,55,23,41.82,20,43,14,11,124,43.06,54,584,376,949,219.2,23,0,1310,18,8,0,14808.0,770000.0,M,25.0,Switzerland
Joshua Zirkzee,917007,Bologna,2685,italy,2223,814,19,5,6.64,2,2,4,3.1,0.49,3,0,0.0,78,1,50.0,125,72,197,77.87,12,32.43,25,0,0,0,,2,4,11,1,4,19,0,0,25,5,82,0,0,8,0,6.9,,11,11,0,1,1,,29,33.72,0,0,1,56,4,16,2,2,,0,0,0,0,0.0,0,0,0,0,141,7,0,0,0,0,0,0,0,0,0,407.0,0.0,0,22,7,10,8,16,45.71,0,4,2,50.0,16,6,35,1,41,33.33,2,170,84,253,126.2,29,0,430,9,2,0,22115.0,1150000.0,F,21.0,Netherlands
Matteo Gabbia,826195,Milan,2692,italy,2223,618,12,6,6.64,0,0,0,0.04,0.04,20,0,0.0,16,36,51.43,67,221,288,80.9,15,75.0,5,0,0,0,,0,0,1,1,29,12,0,0,0,2,14,0,0,8,0,0.0,,14,13,1,0,0,,18,66.67,0,0,0,68,5,0,0,0,,0,0,0,0,0.0,0,0,0,0,71,0,0,0,0,0,0,0,0,0,0,0.0,0.0,0,1,0,0,0,0,0.0,0,17,10,58.82,0,45,0,2,33,70.21,70,106,252,356,79.7,1,0,428,1,2,0,28462.0,1480000.0,D,23.0,Italy
Demba Seck,1012248,Torino,2696,italy,2223,524,19,6,6.64,0,0,0,0.6,0.32,1,0,0.0,56,0,0.0,89,36,125,80.13,7,41.18,10,0,0,0,,1,1,3,0,1,17,0,0,13,0,39,0,0,8,0,0.0,,5,3,2,0,0,,38,56.72,0,0,2,31,1,6,0,6,,0,0,0,0,0.0,0,0,0,0,87,6,0,0,0,0,0,0,0,0,0,0.0,0.0,0,8,2,4,3,15,60.0,0,5,2,40.0,6,1,25,7,45,53.57,1,124,39,156,112.9,10,0,277,18,0,0,14231.0,740000.0,F,21.0,Senegal
Ronaldo Vieira,839818,Torino,2696,italy,2223,840,18,8,6.64,0,0,0,0.39,0.27,8,1,50.0,67,19,73.08,180,207,386,87.73,8,40.0,12,0,0,0,,0,1,2,0,12,17,0,0,7,3,43,0,2,22,0,0.0,,16,14,2,0,0,,30,49.18,0,0,0,54,13,0,0,0,,0,0,0,1,0.0,0,0,0,0,74,3,0,0,0,0,0,0,0,0,0,0.0,0.0,0,1,4,2,1,2,66.67,0,19,10,52.63,0,22,3,2,38,46.91,26,210,232,440,112.9,5,0,557,9,3,0,21346.0,1110000.0,M,24.0,England
Oliver Abildgaard,798664,Hellas Verona,2701,italy,2223,595,13,6,6.64,0,0,0,0.14,0.28,7,2,40.0,27,8,38.1,58,57,113,59.79,51,70.83,21,0,0,0,,1,1,0,2,17,13,0,0,1,9,42,0,0,13,0,0.0,,11,8,3,0,0,,17,44.74,0,0,0,76,5,6,0,0,,0,0,0,0,0.0,0,0,0,0,87,2,0,0,0,0,0,0,0,0,0,0.0,0.0,0,2,1,1,2,1,100.0,0,10,6,60.0,6,14,1,5,68,61.82,21,111,83,189,86.3,3,0,268,7,2,0,13654.0,710000.0,M,26.0,Denmark
Giulio Maggiore,848185,Salernitana,2710,italy,2223,897,16,11,6.64,0,0,0,0.48,0.61,14,1,33.33,77,14,30.43,178,172,349,75.22,9,39.13,14,0,0,0,,2,0,3,2,10,16,0,0,4,11,51,0,0,20,0,0.0,,14,13,1,0,0,,35,48.61,0,0,0,115,8,3,0,0,,0,0,0,1,0.0,0,0,0,0,146,7,0,0,0,0,0,0,0,0,0,0.0,0.0,0,4,2,3,0,1,33.33,0,20,8,40.0,3,42,3,3,44,46.32,46,253,214,464,106.2,6,0,603,14,2,0,35577.0,1850000.0,M,24.0,Italy
Alessio Zerbin,869888,Napoli,2714,italy,2223,206,10,2,6.64,0,0,0,0.26,0.12,0,0,0.0,15,3,60.0,29,27,56,74.67,0,0.0,1,0,0,0,,0,0,1,0,2,8,0,0,5,4,21,0,0,9,0,0.0,,3,3,0,0,0,,18,47.37,0,0,0,19,2,0,0,1,,0,0,0,0,0.0,0,0,0,0,37,2,0,0,0,0,0,0,0,0,0,0.0,0.0,0,3,2,1,3,2,40.0,0,10,5,50.0,0,5,5,1,18,46.15,5,44,32,75,53.1,5,0,128,6,1,0,6346.0,330000.0,F,23.0,Italy
Emil Holm,965264,Spezia,2735,italy,2223,1398,20,17,6.64,1,1,2,1.23,1.14,5,7,14.0,85,8,21.05,153,108,254,61.35,65,50.78,63,0,0,0,,3,0,3,1,33,19,0,0,22,15,141,0,0,22,0,6.67,,24,19,5,1,0,,60,43.48,0,0,0,160,9,13,1,2,,0,0,0,0,0.0,0,0,0,0,322,6,0,0,0,0,0,0,0,0,0,1398.0,0.0,0,12,3,7,5,18,46.15,0,26,15,57.69,13,22,39,50,125,46.99,38,319,145,414,126.1,15,0,862,16,4,0,5000.0,260000.0,D,22.0,Sweden
Brandon Soppy,963211,Atalanta,2686,italy,2223,743,16,9,6.64,0,3,3,0.4,1.34,6,4,20.0,71,6,30.0,129,75,200,76.05,6,75.0,2,0,0,0,,4,0,2,0,5,14,0,0,8,6,51,0,0,20,0,0.0,,13,12,1,0,0,,37,43.02,0,0,0,63,4,13,0,2,,0,0,0,1,0.0,0,0,0,1,141,4,0,0,0,0,0,0,0,0,0,0.0,0.0,0,5,4,4,3,7,29.17,0,9,6,66.67,13,17,24,20,43,45.74,20,195,88,263,92.9,9,1,489,22,3,0,14808.0,770000.0,D,20.0,France
Antonín Barák,330705,Fiorentina,2693,italy,2223,1836,31,21,6.63,2,0,2,2.57,1.08,25,2,13.33,229,29,63.04,396,198,592,83.5,18,36.73,31,0,0,0,,1,0,13,2,12,30,0,0,29,10,99,0,0,13,0,6.25,,27,26,1,2,0,,58,46.03,0,0,0,117,3,23,2,3,,0,1,0,1,0.0,0,0,0,0,217,17,0,0,0,0,0,0,0,0,0,918.0,0.0,0,23,9,12,7,20,52.63,0,21,9,42.86,22,44,38,15,76,43.43,46,506,218,709,199.0,32,0,986,17,4,0,53462.0,2780000.0,F,28.0,Czech Republic
Fabio Miretti,1010223,Juventus,2687,italy,2223,1239,27,14,6.63,0,2,2,2.41,1.33,11,9,32.14,125,14,42.42,230,129,350,73.53,10,33.33,20,0,0,0,,3,2,9,1,7,27,0,0,26,17,102,0,0,24,0,0.0,,9,9,0,0,0,,70,46.05,0,0,0,126,4,16,0,4,,0,0,0,0,0.0,0,0,0,1,233,15,0,0,0,0,0,0,0,0,0,0.0,0.0,0,13,7,6,5,19,50.0,0,24,11,45.83,16,29,38,28,80,43.96,33,335,169,476,179.1,20,0,763,27,2,0,10769.0,560000.0,M,19.0,Italy
Diego Demme,124318,Napoli,2714,italy,2223,149,7,2,6.63,0,0,0,0.0,0.07,7,0,0.0,31,7,77.78,95,86,181,94.76,2,66.67,1,0,0,0,,0,0,0,0,1,6,0,0,1,4,9,0,0,2,0,0.0,,0,0,0,0,0,,6,42.86,0,0,0,10,0,1,0,0,,0,0,0,0,0.0,0,0,0,0,15,1,0,0,0,0,0,0,0,0,0,0.0,0.0,0,0,0,0,0,2,66.67,0,1,0,0.0,1,10,3,0,8,47.06,9,103,88,191,39.8,0,0,211,3,0,0,61731.0,3210000.0,M,31.0,Germany
Mady Camara,867546,Roma,2702,italy,2223,707,15,8,6.63,0,0,0,0.62,0.48,9,1,16.67,59,12,44.44,135,116,250,79.37,15,65.22,8,0,0,0,,1,0,4,1,8,13,0,0,6,10,43,0,0,15,0,0.0,,10,9,1,0,0,,27,43.55,0,0,0,65,10,3,0,0,,0,0,0,0,0.0,0,0,0,0,93,6,0,0,0,0,0,0,0,0,0,0.0,0.0,1,4,7,6,1,7,58.33,0,13,10,76.92,3,23,12,6,42,49.41,27,184,137,315,86.2,11,0,420,7,3,0,29615.0,1540000.0,M,25.0,Guinea
Ivan Radovanović,19394,Salernitana,2710,italy,2223,671,10,7,6.63,0,0,0,0.21,0.06,14,0,0.0,25,25,51.02,76,138,214,81.06,8,40.0,12,0,0,0,,0,0,2,1,9,10,0,1,0,6,23,0,1,4,0,0.0,,13,11,2,0,0,,19,63.33,0,0,0,50,7,1,0,0,,0,0,0,0,0.0,0,0,0,0,58,0,0,1,0,0,0,0,0,0,0,0.0,0.0,0,0,7,5,0,0,0.0,0,12,4,33.33,1,34,1,0,27,54.0,49,107,157,264,66.3,7,0,335,7,1,0,21346.0,1110000.0,M,34.0,Serbia
Marko Pjaca,190435,Empoli,2705,italy,2223,528,17,5,6.63,0,0,0,0.67,0.53,6,11,44.0,71,8,88.89,132,61,182,83.11,7,50.0,7,0,0,0,,0,0,9,0,3,17,0,0,19,2,42,0,0,2,0,0.0,,8,7,1,0,0,,34,49.28,0,0,0,37,3,11,0,1,,0,0,0,0,0.0,0,0,0,0,99,2,0,0,0,0,0,0,0,0,0,0.0,0.0,0,8,7,4,2,23,65.71,0,4,3,75.0,11,8,35,25,41,49.4,9,178,66,219,112.7,15,0,366,7,1,0,28462.0,1480000.0,F,27.0,Croatia
Erik Botheim,844292,Salernitana,2710,italy,2223,877,28,9,6.63,1,3,4,0.59,0.72,2,1,20.0,55,3,60.0,108,56,163,72.77,22,44.0,28,0,0,0,,3,0,4,0,4,25,0,0,12,7,60,0,0,12,0,14.29,,17,14,3,1,0,,22,40.74,0,0,0,61,0,9,0,3,,0,0,0,0,0.0,0,0,0,0,101,8,0,0,1,0,0,0,0,0,0,877.0,0.0,0,6,1,2,1,2,33.33,0,11,7,63.64,9,9,6,5,44,42.31,5,161,68,224,165.7,7,0,325,11,2,0,9808.0,510000.0,F,23.0,Norway
Matteo Cancellieri,1017649,Lazio,2699,italy,2223,262,20,1,6.63,0,0,0,0.39,0.32,0,1,14.29,17,0,0.0,42,19,60,75.95,4,57.14,3,0,0,0,,1,0,2,0,2,18,0,0,3,4,25,0,0,14,0,0.0,,2,2,0,0,0,,23,51.11,0,0,0,19,1,3,0,5,,0,0,0,0,0.0,0,0,0,1,47,2,0,0,0,0,0,0,0,0,0,0.0,0.0,0,4,2,3,1,3,42.86,0,10,4,40.0,3,2,7,7,27,51.92,2,62,24,79,119.3,6,0,149,10,4,0,35577.0,1850000.0,F,20.0,Italy
Michaël Cuisance,826208,Sampdoria,2711,italy,2223,622,12,9,6.63,0,0,0,0.49,0.63,6,3,15.0,54,10,52.63,103,70,170,85.0,4,23.53,13,0,0,0,,1,0,3,0,3,11,0,0,16,19,58,0,0,8,0,0.0,,6,5,1,0,0,,26,36.62,0,0,0,30,5,6,0,1,,0,0,0,0,0.0,0,0,0,0,82,4,0,0,0,0,0,0,0,0,0,0.0,0.0,1,5,5,5,2,8,72.73,0,13,10,76.92,6,12,11,20,30,34.09,19,143,77,200,72.9,10,0,325,5,1,0,9808.0,510000.0,M,23.0,France
Fabio Depaoli,830288,Hellas Verona,2701,italy,2223,2402,35,26,6.63,2,2,4,1.91,1.62,47,22,32.35,120,39,41.05,224,141,343,64.84,26,38.81,41,0,0,0,,1,1,6,5,34,35,0,0,19,20,155,1,2,47,0,9.52,,45,38,7,2,0,,113,49.78,2,0,0,186,20,20,0,4,,0,0,0,0,0.0,0,0,0,0,371,15,0,0,0,0,0,0,0,0,0,1201.0,0.0,0,15,6,11,4,15,34.09,0,60,35,58.33,20,90,44,68,139,47.28,95,413,184,529,231.9,21,0,1181,38,9,0,12500.0,650000.0,D,25.0,Italy
Moise Kean,835601,Juventus,2687,italy,2223,1006,28,11,6.63,6,0,6,6.27,0.61,0,1,20.0,52,2,40.0,91,38,128,71.51,9,45.0,11,0,0,0,,1,7,5,0,2,28,0,1,29,4,82,0,0,15,0,15.79,,8,8,0,5,1,,41,36.61,0,0,1,51,5,8,3,8,,0,0,0,0,0.0,0,0,0,0,140,12,0,1,3,0,0,0,0,0,0,167.67,0.0,0,31,7,19,14,15,39.47,0,8,6,75.0,8,2,38,5,50,37.88,5,130,54,179,185.5,38,1,389,18,5,0,74038.0,3850000.0,F,22.0,Italy
Simone Pafundi,1133119,Udinese,2695,italy,2223,102,8,0,6.63,0,0,0,0.08,0.09,1,0,0.0,17,5,71.43,39,13,52,83.87,1,100.0,0,0,0,0,,0,0,1,0,0,8,0,0,3,2,8,0,0,0,0,0.0,,2,2,0,0,0,,13,61.9,0,0,0,10,1,3,0,0,,0,0,0,0,0.0,0,0,0,0,20,2,0,0,0,0,0,0,0,0,0,0.0,0.0,0,0,1,0,0,2,40.0,0,8,5,62.5,3,3,5,1,14,63.64,7,47,16,62,53.0,1,0,97,3,0,0,1077.0,56000.0,F,16.0,Italy
Emirhan İlkhan,1142612,Sampdoria,2711,italy,2223,199,12,1,6.63,0,0,0,0.08,0.12,6,1,25.0,23,9,81.82,51,38,88,86.27,3,25.0,9,0,0,0,,0,0,1,0,5,8,0,0,2,1,19,0,0,5,0,0.0,,5,4,1,0,0,,10,50.0,0,0,0,14,2,2,0,0,,0,0,0,0,0.0,0,0,0,0,29,0,0,0,0,0,0,0,0,0,0,0.0,0.0,0,0,3,2,0,2,40.0,0,7,4,57.14,2,9,5,4,13,40.63,11,64,42,102,53.0,3,0,153,2,1,0,6731.0,350000.0,M,18.0,Turkey
Pablo Rodríguez,1014682,Lecce,2689,italy,2223,56,4,0,6.63,0,0,0,0.0,0.03,2,0,0.0,5,1,100.0,8,5,13,81.25,0,0.0,2,0,0,0,,0,0,0,0,0,4,0,0,2,2,7,0,0,1,0,0.0,,0,0,0,0,0,,4,44.44,0,0,0,3,0,1,0,0,,0,0,0,0,0.0,0,0,0,0,10,0,0,0,0,0,0,0,0,0,0,0.0,0.0,0,0,0,0,0,0,0.0,0,2,1,50.0,1,2,0,4,4,36.36,1,14,6,16,26.5,0,0,35,2,0,0,6154.0,320000.0,F,21.0,Spain
Edoardo Bove,986352,Roma,2702,italy,2223,1002,22,10,6.62,1,0,1,0.76,0.66,5,0,0.0,66,6,30.0,144,151,295,77.43,14,51.85,13,0,0,0,,1,1,1,2,7,21,0,0,17,23,79,0,0,24,0,14.29,,13,13,0,1,0,,63,48.84,0,0,0,86,10,7,0,1,,0,0,0,0,0.0,0,0,0,0,144,14,0,0,1,0,0,0,0,0,0,1002.0,0.0,0,7,0,4,2,5,55.56,0,35,18,51.43,7,17,9,9,77,49.36,20,216,174,381,139.1,7,0,588,23,2,0,7115.0,370000.0,M,20.0,Italy
Bruno Amione,990050,Sampdoria,2711,italy,2223,2150,27,26,6.62,1,1,2,0.87,0.85,28,1,20.0,64,37,35.58,220,573,792,80.08,70,61.95,43,0,0,0,,0,0,5,3,62,27,0,0,1,26,102,0,1,27,0,8.33,,44,40,4,1,0,,69,53.91,1,0,1,197,25,3,0,0,,0,0,0,1,0.0,0,0,0,0,245,0,0,1,0,0,0,0,0,0,0,2150.0,0.0,0,12,0,5,2,2,25.0,0,52,34,65.38,3,87,8,5,139,57.68,104,324,670,989,178.8,12,0,1326,16,9,1,2500.0,130000.0,D,21.0,Argentina
Kristian Thorstvedt,924973,Sassuolo,2793,italy,2223,1133,31,13,6.62,2,1,3,2.11,1.24,15,1,10.0,111,12,52.17,230,136,365,77.33,28,52.83,25,0,0,0,,2,2,10,0,11,30,0,0,11,11,62,0,0,18,0,10.0,,27,22,5,2,0,,45,54.88,1,0,0,107,14,10,1,0,,0,0,0,0,0.0,0,0,0,0,151,6,0,0,0,0,0,0,0,0,0,566.5,0.0,0,15,5,2,8,7,77.78,0,16,7,43.75,10,21,9,10,73,54.07,23,323,159,472,198.6,20,0,669,22,5,0,14808.0,770000.0,F,23.0,Norway
Roberto Piccoli,958982,Empoli,2705,italy,2223,727,20,8,6.62,2,0,2,1.65,0.2,2,0,0.0,34,1,16.67,55,20,75,64.1,21,35.0,39,0,0,0,,1,1,3,0,11,20,0,0,15,5,79,0,0,9,0,12.5,,10,10,0,2,0,,17,29.82,0,0,1,42,1,5,0,8,,0,0,0,0,0.0,0,0,0,0,103,4,0,0,2,0,0,0,0,0,0,363.5,0.0,0,13,3,5,8,9,42.86,0,2,1,50.0,5,4,21,4,38,32.48,6,92,29,117,132.4,16,0,256,6,0,0,10769.0,560000.0,F,22.0,Italy
Albin Ekdal,21992,Spezia,2735,italy,2223,1744,31,18,6.62,0,2,2,2.85,0.86,19,2,50.0,155,19,34.55,316,288,602,77.78,36,63.16,21,0,0,0,,2,4,7,3,36,31,0,0,17,26,99,0,0,32,0,0.0,,29,26,3,0,0,,77,49.68,0,0,1,172,26,10,0,0,,0,0,0,0,0.0,0,0,0,0,230,10,0,1,0,0,0,0,0,0,0,0.0,0.0,0,15,4,8,4,12,70.59,0,37,20,54.05,10,54,17,4,113,53.3,55,438,340,774,205.2,19,0,1065,28,4,1,28462.0,1480000.0,M,33.0,Sweden
Kristoffer Askildsen,954855,Lecce,2689,italy,2223,733,21,7,6.62,0,0,0,0.53,0.36,17,5,26.32,50,19,50.0,103,58,156,63.93,21,52.5,19,0,0,0,,1,0,2,0,6,21,0,0,3,6,49,0,0,20,0,0.0,,10,10,0,0,0,,17,36.17,0,0,0,88,11,7,0,1,,0,0,0,1,0.0,0,0,0,0,121,3,0,0,0,0,0,0,0,0,0,0.0,0.0,1,2,8,5,3,3,75.0,0,7,3,42.86,7,34,4,19,38,43.68,38,188,75,244,139.0,10,0,364,7,3,0,2500.0,130000.0,M,22.0,Norway
Adrien Tameze,139235,Hellas Verona,2701,italy,2223,3129,38,36,6.62,0,0,0,0.88,1.21,52,4,19.05,212,55,55.0,426,421,843,78.2,29,47.54,32,0,0,0,,0,2,4,5,52,38,0,0,34,36,156,1,1,33,0,0.0,,55,43,12,0,0,,112,47.46,0,0,0,235,37,24,0,1,,0,0,0,0,0.0,0,0,0,0,357,17,0,0,0,0,0,0,0,0,0,0.0,0.0,0,3,9,6,2,26,53.06,0,54,31,57.41,24,94,49,21,141,47.47,100,597,502,1078,251.5,12,0,1557,32,3,0,12308.0,640000.0,M,28.0,Cameroon
Yacine Adli,859024,Milan,2692,italy,2223,147,6,1,6.62,0,0,0,0.08,0.17,6,1,16.67,19,7,70.0,34,14,47,68.12,1,25.0,3,0,0,0,,0,0,0,0,1,6,0,0,5,0,14,0,0,4,0,0.0,,4,3,1,0,0,,11,50.0,0,0,0,22,1,2,0,1,,0,0,0,0,0.0,0,0,0,0,38,0,0,0,0,0,0,0,0,0,0,0.0,0.0,0,1,1,0,2,4,66.67,0,6,3,50.0,2,12,6,6,12,46.15,10,59,16,69,39.7,2,0,108,1,1,0,19808.0,1030000.0,F,22.0,France
Tanguy Ndombélé,845486,Napoli,2714,italy,2223,819,30,8,6.61,1,0,1,0.96,0.54,5,0,0.0,133,5,31.25,304,198,502,87.92,7,70.0,3,0,0,0,,0,0,8,0,6,27,0,0,18,3,50,0,1,15,0,6.25,,7,4,3,1,0,,56,54.37,0,0,0,69,7,9,0,0,,0,0,0,1,0.0,0,0,0,0,127,3,0,0,1,0,0,0,0,0,0,819.0,0.0,0,7,9,6,2,19,61.29,0,14,8,57.14,9,13,31,1,63,55.75,16,358,214,571,178.5,16,0,744,23,5,0,61731.0,3210000.0,M,26.0,France
Benjamin Tahirović,1102659,Roma,2702,italy,2223,365,11,4,6.61,0,0,0,0.0,0.18,5,2,40.0,17,5,50.0,57,75,130,86.67,5,71.43,2,0,0,0,,0,0,0,0,3,9,0,0,1,8,17,0,0,5,0,0.0,,5,5,0,0,0,,11,42.31,0,0,0,20,3,4,0,0,,0,0,0,0,0.0,0,0,0,0,27,0,0,0,0,0,0,0,0,0,0,0.0,0.0,0,0,0,0,0,1,50.0,0,8,5,62.5,4,9,2,5,16,48.48,10,71,84,150,59.5,0,0,197,2,1,0,,,,,
Roberto Gagliardini,287057,Inter,2697,italy,2223,798,19,7,6.61,0,0,0,0.86,0.74,12,4,57.14,88,7,38.89,167,129,292,84.64,16,69.57,7,0,0,0,,0,0,4,3,12,19,0,0,2,11,42,0,0,20,0,0.0,,9,6,3,0,0,,25,41.67,0,0,0,53,4,5,0,0,,0,0,0,0,0.0,0,0,0,0,75,2,0,1,0,0,0,0,0,0,0,0.0,0.0,0,11,5,10,2,0,0.0,0,16,6,37.5,5,23,4,7,41,49.4,18,212,140,345,125.6,16,0,467,9,3,1,53462.0,2780000.0,M,28.0,Italy
Diego Coppola,1050692,Hellas Verona,2701,italy,2223,1190,20,11,6.61,0,0,0,0.34,0.24,25,1,33.33,49,31,38.75,125,252,376,73.58,47,58.02,34,0,0,0,,0,0,0,2,38,20,0,0,2,14,62,0,0,10,0,0.0,,16,12,4,0,0,,28,50.0,0,0,0,135,14,0,0,0,,0,0,0,1,0.0,0,0,0,0,168,3,0,0,0,0,0,0,0,0,0,0.0,0.0,0,3,0,3,0,2,50.0,0,26,18,69.23,0,64,4,3,75,54.74,80,205,309,511,132.2,3,0,713,0,5,0,8846.0,460000.0,D,19.0,Italy
Liberato Cacace,905264,Empoli,2705,italy,2223,598,12,5,6.61,0,0,0,0.6,0.66,5,5,17.24,58,12,52.17,121,155,271,84.69,7,25.0,21,0,0,0,,1,1,4,0,11,12,0,0,7,6,52,0,0,9,0,0.0,,9,7,2,0,0,,37,54.41,0,0,0,49,4,8,0,0,,0,0,0,2,0.0,0,0,0,0,112,2,0,0,0,0,0,0,0,0,0,0.0,0.0,0,4,3,2,1,8,44.44,0,25,10,40.0,8,19,18,29,44,45.83,23,173,176,320,79.3,7,0,551,4,1,0,6154.0,320000.0,D,22.0,New Zealand
Liam Henderson,287573,Empoli,2705,italy,2223,1003,25,11,6.61,0,1,1,0.5,0.92,12,10,28.57,86,18,39.13,203,225,418,83.27,6,35.29,11,0,0,0,,3,0,1,0,10,25,0,0,6,16,73,0,0,35,0,0.0,,19,18,1,0,0,,25,28.74,0,0,0,84,10,17,0,2,,0,0,0,0,0.0,0,0,0,0,135,4,0,0,0,0,0,0,0,0,0,0.0,0.0,1,5,7,6,5,0,0.0,0,13,10,76.92,17,38,5,35,31,29.81,46,292,245,502,165.2,12,0,649,12,9,0,28462.0,1480000.0,M,26.0,Scotland
Nemanja Radonjić,802665,Torino,2696,italy,2223,1460,28,16,6.61,2,2,4,4.97,2.43,6,15,19.74,146,8,47.06,229,66,280,71.79,7,33.33,14,0,0,0,,4,6,14,2,4,28,0,0,34,4,127,0,0,17,0,3.85,,18,15,3,2,0,,67,37.22,0,0,1,110,2,18,0,12,,0,0,0,0,0.0,0,0,0,0,330,14,0,0,2,0,0,0,0,0,0,730.0,0.0,0,35,17,21,17,48,44.44,0,2,1,50.0,18,17,108,76,74,36.82,17,381,85,390,185.0,52,0,804,17,1,0,19808.0,1030000.0,F,26.0,Serbia
Paolo Ghiglione,787642,Cremonese,2761,italy,2223,716,15,8,6.61,1,1,2,0.82,0.59,10,16,41.03,29,11,33.33,80,51,115,60.21,5,38.46,8,0,0,0,,0,2,0,1,12,15,0,0,4,13,49,0,0,16,0,14.29,,14,13,1,1,0,,25,37.88,0,0,0,76,4,13,0,2,,0,0,0,1,0.0,0,0,0,0,146,2,0,0,1,0,0,0,0,0,0,716.0,0.0,0,5,2,5,2,2,18.18,0,16,11,68.75,13,34,11,39,30,37.97,33,162,68,191,99.1,7,0,377,7,4,0,17885.0,930000.0,D,25.0,Italy
Jeison Murillo,158599,Sampdoria,2711,italy,2223,1082,20,12,6.61,0,0,0,0.19,0.12,24,0,0.0,44,33,40.24,151,291,442,83.4,28,58.33,20,0,0,0,,0,0,2,1,39,19,0,0,1,9,48,0,0,18,0,0.0,,23,21,2,0,0,,43,60.56,0,0,0,88,8,2,0,0,,1,0,0,0,0.0,0,0,0,0,111,2,0,1,0,0,0,0,0,0,0,0.0,0.0,0,2,1,0,1,2,66.67,0,22,11,50.0,2,57,3,1,71,59.66,82,210,321,530,125.5,3,0,696,19,4,1,27115.0,1410000.0,D,30.0,Colombia
Andrea Barberis,152910,Monza,2729,italy,2223,337,9,3,6.6,0,1,1,0.1,0.25,1,2,50.0,33,5,62.5,78,62,138,85.71,2,50.0,2,0,0,0,,1,0,1,0,1,9,0,0,6,6,15,0,0,1,0,0.0,,9,8,1,0,0,,9,40.91,0,0,0,23,8,4,0,0,,0,0,0,0,0.0,0,0,0,0,35,1,0,0,0,0,0,0,0,0,0,0.0,0.0,0,1,1,1,0,0,0.0,0,7,2,28.57,4,3,0,4,11,42.31,8,91,74,161,59.4,2,0,201,2,0,0,17115.0,890000.0,M,29.0,Italy
Rick Karsdorp,363792,Roma,2702,italy,2223,719,13,8,6.6,0,0,0,0.27,1.09,7,1,7.14,49,15,40.54,98,131,228,77.03,5,71.43,2,0,0,0,,1,0,0,1,15,13,0,0,6,9,26,1,0,4,0,0.0,,8,7,1,0,0,,21,46.67,0,0,1,68,7,6,0,1,,0,0,0,0,0.0,0,0,0,0,108,3,0,0,0,0,0,0,0,0,0,0.0,0.0,0,1,1,2,0,0,0.0,0,21,13,61.9,6,23,5,14,26,50.0,37,154,156,296,85.8,2,0,455,0,0,0,78269.0,4070000.0,D,27.0,Netherlands
Mattia Valoti,139397,Monza,2729,italy,2223,463,16,4,6.6,0,0,0,0.17,0.07,6,1,50.0,27,6,42.86,67,55,121,74.23,17,44.74,21,0,0,0,,0,0,0,0,6,16,0,0,5,11,57,0,0,16,0,0.0,,7,7,0,0,0,,32,47.06,0,0,0,42,3,3,0,2,,0,0,0,0,0.0,0,0,0,0,63,1,0,0,0,0,0,0,0,0,0,0.0,0.0,0,2,0,1,1,3,42.86,0,17,10,58.82,3,11,7,2,49,46.23,14,98,67,163,105.6,2,0,252,12,1,0,12500.0,650000.0,M,29.0,Italy
Warren Bondo,1000366,Monza,2729,italy,2223,66,4,0,6.6,0,0,0,0.06,0.01,0,0,0.0,6,0,0.0,24,20,44,88.0,1,100.0,0,0,0,0,,0,0,0,0,0,4,0,0,1,0,4,0,0,2,0,0.0,,2,2,0,0,0,,7,63.64,0,0,0,6,0,0,0,0,,0,0,0,0,0.0,0,0,0,0,9,0,0,0,0,0,0,0,0,0,0,0.0,0.0,0,0,1,1,0,3,75.0,0,1,0,0.0,0,1,4,0,8,66.67,0,27,23,50,26.4,1,0,67,3,1,0,3654.0,190000.0,M,18.0,France
Marcin Listkowski,796673,Lecce,2689,italy,2223,74,5,0,6.6,0,0,0,0.05,0.01,0,0,0.0,6,1,25.0,11,4,15,75.0,1,100.0,0,0,0,0,,0,0,0,0,2,4,0,0,1,0,3,0,0,2,0,0.0,,1,1,0,0,0,,1,25.0,0,0,0,5,3,0,0,0,,0,0,0,0,0.0,0,0,0,0,10,0,0,0,0,0,0,0,0,0,0,0.0,0.0,0,1,0,1,0,0,0.0,0,0,0,0.0,0,2,0,3,2,40.0,4,18,5,20,26.4,1,0,36,1,0,0,4231.0,220000.0,F,24.0,Poland
Lukáš Vorlický,965795,Atalanta,2686,italy,2223,26,3,0,6.6,0,0,0,0.05,0.05,0,0,0.0,11,1,50.0,14,4,18,62.07,2,50.0,2,0,0,0,,0,0,0,0,0,2,0,0,1,0,6,0,0,0,0,0.0,,1,1,0,0,0,,4,50.0,0,0,0,11,1,0,0,0,,0,0,0,0,0.0,0,0,0,0,17,1,0,0,0,0,0,0,0,0,0,0.0,0.0,0,0,1,0,1,4,57.14,0,0,0,0.0,0,1,7,1,6,50.0,2,23,7,29,13.2,1,0,42,0,0,0,,,,,
Mert Çetin,858148,Lecce,2689,italy,2223,21,1,1,6.6,0,0,0,0.0,0.0,0,0,0.0,0,0,0.0,0,2,2,66.67,0,0.0,0,0,0,0,,0,0,0,0,1,1,0,0,0,0,0,0,0,0,0,0.0,,1,1,0,0,0,,2,100.0,0,0,0,1,1,0,0,0,,0,0,0,0,0.0,0,0,0,0,3,0,0,0,0,0,0,0,0,0,0,0.0,0.0,0,0,0,0,0,0,0.0,0,1,0,0.0,0,0,0,0,2,100.0,1,0,3,3,6.6,0,0,9,1,0,0,6154.0,320000.0,D,25.0,Turkey
Axel Guessand,1136819,Udinese,2695,italy,2223,80,1,1,6.6,0,0,0,0.0,0.0,1,0,0.0,0,2,50.0,3,13,16,76.19,1,33.33,2,0,0,0,,0,0,0,0,3,1,0,0,0,1,4,0,0,1,0,0.0,,1,1,0,0,0,,2,50.0,0,0,0,5,2,0,0,0,,0,0,0,0,0.0,0,0,0,0,6,0,0,0,0,0,0,0,0,0,0,0.0,0.0,0,0,0,0,0,0,0.0,0,2,1,50.0,0,4,0,0,3,42.86,4,6,15,21,6.6,0,0,32,0,0,0,2885.0,150000.0,D,18.0,France
Antonio Iervolino,1174458,Salernitana,2710,italy,2223,13,1,0,6.6,0,0,0,0.0,0.04,1,0,0.0,3,1,100.0,5,1,6,85.71,0,0.0,0,0,0,0,,0,0,0,0,0,1,0,0,0,1,1,0,0,0,0,0.0,,0,0,0,0,0,,1,50.0,0,0,0,1,0,0,0,0,,0,0,0,0,0.0,0,0,0,0,1,0,0,0,0,0,0,0,0,0,0,0.0,0.0,0,0,0,0,0,0,0.0,0,0,0,0.0,0,1,0,0,1,50.0,1,6,1,7,6.6,0,0,8,1,0,0,1077.0,56000.0,M,19.0,Italy
Karim Zedadka,954036,Napoli,2714,italy,2223,23,3,0,6.6,0,0,0,0.0,0.0,0,0,0.0,1,1,100.0,1,7,8,66.67,1,50.0,1,0,0,0,,0,0,0,0,1,2,0,0,0,0,1,0,0,0,0,0.0,,1,1,0,0,0,,4,100.0,0,0,0,4,0,0,0,0,,0,0,0,0,0.0,0,0,0,0,6,0,0,0,0,0,0,0,0,0,0,0.0,0.0,0,0,0,0,0,0,0.0,0,0,0,0.0,0,0,0,1,5,83.33,1,6,7,12,13.2,0,0,23,4,0,0,1077.0,56000.0,M,22.0,Algeria
Kevin Lasagna,587962,Hellas Verona,2701,italy,2223,1583,26,17,6.6,1,2,3,6.05,0.35,2,2,15.38,57,3,33.33,98,56,152,64.41,20,22.73,68,0,0,0,,2,6,14,0,10,26,0,0,34,8,150,0,0,24,0,1.92,,26,23,3,1,0,,47,36.43,0,0,0,84,5,17,1,16,,0,0,0,0,0.0,0,0,0,0,210,12,0,0,0,0,0,0,0,0,0,1583.0,0.0,0,35,17,27,11,13,41.94,0,12,6,50.0,17,13,31,13,67,30.88,9,180,69,236,171.5,52,0,543,22,2,0,25000.0,1300000.0,F,30.0,Italy
Joan González,1137730,Lecce,2689,italy,2223,2212,35,26,6.59,1,3,4,1.51,1.6,26,3,11.54,186,26,47.27,344,243,584,79.03,33,33.33,66,0,0,0,,2,2,4,2,26,35,0,0,25,34,185,0,0,36,0,5.88,,29,26,3,1,0,,112,48.48,0,0,1,155,16,15,0,2,,1,0,0,0,0.0,0,0,0,0,290,21,0,0,1,0,0,0,0,0,0,2212.0,0.0,0,12,5,9,4,19,43.18,0,48,28,58.33,15,52,44,26,145,43.94,55,474,291,739,230.8,17,0,1177,45,8,0,12308.0,640000.0,M,21.0,Spain
Lorenzo Venuti,357756,Fiorentina,2693,italy,2223,922,17,9,6.59,0,1,1,0.4,0.68,7,9,24.32,91,22,41.51,203,216,410,84.89,10,52.63,9,0,0,0,,0,1,1,1,15,17,0,0,1,7,26,2,0,7,0,0.0,,13,12,1,0,0,,30,63.83,0,0,0,73,5,8,0,1,,0,0,0,0,0.0,0,0,0,0,127,4,0,0,0,0,0,0,0,0,0,0.0,0.0,0,3,4,2,4,3,60.0,0,18,7,38.89,8,32,5,37,40,60.61,53,282,238,483,112.1,7,0,710,9,2,0,14231.0,740000.0,D,27.0,Italy
Mattia Destro,100570,Empoli,2705,italy,2223,578,17,6,6.59,1,0,1,1.41,0.27,2,1,50.0,11,1,20.0,22,22,43,55.84,8,28.57,20,0,0,0,,1,2,2,0,5,15,0,0,5,0,39,0,0,12,0,5.0,,11,9,2,1,0,,10,34.48,0,0,1,34,1,4,0,7,,0,0,0,1,0.0,0,0,0,0,61,4,0,0,1,0,0,0,0,0,0,578.0,0.0,0,17,3,11,7,4,50.0,0,1,1,100.0,4,3,8,2,18,31.58,5,52,27,77,98.9,20,0,153,5,3,0,17885.0,930000.0,F,31.0,Italy
Pablo Galdames,386230,Cremonese,2761,italy,2223,739,13,10,6.59,1,2,3,0.33,0.56,25,6,27.27,52,21,55.26,119,89,202,72.92,4,40.0,6,0,0,0,,1,0,0,1,13,13,0,0,5,28,59,0,0,13,0,14.29,,12,11,1,0,1,,20,27.4,0,0,0,75,10,10,0,0,,0,0,0,0,0.0,0,0,0,0,119,4,0,0,1,0,0,0,0,0,0,739.0,0.0,1,2,5,3,4,2,22.22,0,14,10,71.43,10,46,9,22,24,28.92,38,192,107,277,85.7,7,0,407,4,2,0,8654.0,450000.0,M,26.0,Chile
Þórir Jóhann Helgason,886628,Lecce,2689,italy,2223,220,12,2,6.59,0,0,0,0.05,0.3,5,5,50.0,10,3,42.86,29,26,50,76.92,4,36.36,7,0,0,0,,1,0,0,0,3,11,0,0,2,1,13,0,0,2,0,0.0,,4,3,1,0,0,,4,40.0,0,0,0,15,3,4,0,0,,0,0,0,0,0.0,0,0,0,0,27,0,0,0,0,0,0,0,0,0,0,0.0,0.0,1,0,2,2,0,0,0.0,0,2,2,100.0,4,5,1,10,8,38.1,7,44,31,65,72.5,2,0,101,2,0,0,500.0,26000.0,M,22.0,Iceland
Michel Adopo,928777,Torino,2696,italy,2223,272,9,3,6.59,0,0,0,0.07,0.05,2,0,0.0,17,2,66.67,66,56,122,86.52,9,60.0,6,0,0,0,,0,0,1,0,4,9,0,0,3,2,19,0,0,6,0,0.0,,3,1,2,0,0,,12,48.0,0,0,0,19,1,1,0,0,,0,0,0,0,0.0,0,0,0,0,29,2,0,0,0,0,0,0,0,0,0,0.0,0.0,0,2,0,1,0,3,50.0,0,7,2,28.57,1,4,6,0,21,52.5,3,79,62,141,59.3,2,0,180,2,1,0,2115.0,110000.0,M,22.0,France
Charles De Ketelaere,960441,Milan,2692,italy,2223,1119,32,9,6.59,0,1,1,2.04,1.78,7,1,10.0,135,6,85.71,203,87,289,79.4,19,38.78,30,0,0,0,,4,5,5,0,8,32,0,0,30,17,112,0,0,19,0,0.0,,19,17,2,0,0,,77,48.43,0,0,0,75,4,20,0,2,,0,0,0,0,0.0,0,0,0,0,157,15,0,0,0,0,0,0,0,0,0,0.0,0.0,0,18,1,10,4,36,69.23,0,26,12,46.15,20,12,52,10,96,46.15,7,270,104,364,210.8,19,1,613,15,2,0,54231.0,2820000.0,F,21.0,Belgium
Festy Ebosele,983059,Udinese,2695,italy,2223,422,17,4,6.59,0,1,1,0.19,0.48,1,5,31.25,27,2,33.33,49,42,86,70.49,6,60.0,4,0,0,0,,1,0,2,0,3,16,0,0,9,6,42,0,0,11,0,0.0,,5,3,2,0,0,,41,51.9,0,0,0,36,2,5,0,0,,0,0,0,0,0.0,0,0,0,0,92,5,0,0,0,0,0,0,0,0,0,0.0,0.0,0,2,2,1,1,19,59.38,0,15,10,66.67,5,5,32,16,47,52.81,6,86,52,122,105.4,4,0,265,7,4,0,4423.0,230000.0,D,20.0,Ireland
Pietro Pellegri,839226,Torino,2696,italy,2223,470,18,4,6.59,2,0,2,1.51,0.49,1,0,0.0,32,0,0.0,48,13,61,79.22,11,25.0,33,0,0,0,,1,0,2,0,4,15,0,0,19,1,79,0,0,15,0,20.0,,5,5,0,2,0,,23,33.33,0,0,0,16,0,5,0,7,,0,0,0,0,0.0,0,0,0,0,74,2,0,0,2,0,0,0,0,0,0,235.0,0.0,0,9,1,3,5,3,21.43,0,6,2,33.33,5,2,14,3,34,30.09,2,65,15,77,98.8,10,0,194,14,3,0,24615.0,1280000.0,F,21.0,Italy
Agustín Álvarez,1065937,Sassuolo,2793,italy,2223,378,22,1,6.59,1,1,2,1.5,0.27,4,1,25.0,26,5,100.0,49,19,67,83.75,8,36.36,14,0,0,0,,1,2,5,0,3,21,0,0,12,3,43,0,0,8,0,7.14,,9,6,3,1,0,,17,36.96,1,0,0,13,3,2,0,2,,0,0,0,0,0.0,0,0,0,0,52,3,0,0,0,0,0,0,0,0,0,378.0,0.0,0,9,5,5,4,7,46.67,0,6,3,50.0,2,4,15,4,25,36.76,5,62,22,80,138.3,14,0,176,4,1,0,24615.0,1280000.0,F,21.0,Uruguay
Jayden Braaf,961688,Hellas Verona,2701,italy,2223,286,6,2,6.58,0,0,0,0.76,0.13,1,0,0.0,22,1,50.0,34,26,60,83.33,0,0.0,5,0,0,0,,0,1,3,0,1,6,0,0,15,0,35,0,0,8,0,0.0,,4,2,2,0,0,,21,41.18,0,0,1,12,2,2,0,3,,0,0,0,0,0.0,0,0,0,0,54,0,0,0,0,0,0,0,0,0,0,0.0,0.0,0,7,2,3,3,15,65.22,0,5,3,60.0,2,1,23,5,21,37.5,2,49,28,72,39.5,9,0,160,1,1,0,3654.0,190000.0,F,20.0,Netherlands
Domagoj Bradarić,897594,Salernitana,2710,italy,2223,2253,31,24,6.58,0,3,3,0.23,1.52,39,13,19.12,149,34,37.78,328,373,688,78.9,14,35.9,25,0,0,0,,2,0,4,4,39,31,0,0,11,9,88,0,0,17,0,0.0,,44,37,7,0,0,,62,49.6,0,0,0,184,21,17,0,4,,0,0,0,0,0.0,0,0,0,0,366,10,0,0,0,0,0,0,0,0,0,0.0,0.0,1,2,5,3,0,16,36.36,0,26,19,73.08,17,93,44,68,76,46.34,90,502,438,872,204.0,7,0,1418,20,5,0,24615.0,1280000.0,D,23.0,Croatia
Marlon,331853,Monza,2729,italy,2223,1614,28,18,6.58,0,0,0,0.88,0.51,15,4,80.0,99,37,62.71,282,661,939,92.33,40,65.57,21,0,0,0,,1,0,1,2,47,28,0,1,1,15,63,0,0,23,0,0.0,,26,24,2,0,0,,42,50.0,0,0,0,78,18,1,0,1,,1,0,0,0,0.0,0,0,0,0,89,1,0,1,0,0,0,0,0,0,0,0.0,0.0,0,5,0,3,1,2,40.0,0,35,21,60.0,1,24,5,5,82,56.55,59,327,695,1017,184.2,5,0,1198,5,7,0,49231.0,2560000.0,D,27.0,Brazil
Tio Cipot,1046323,Spezia,2735,italy,2223,153,9,0,6.58,0,0,0,0.04,0.11,0,1,14.29,15,0,0.0,27,12,38,73.08,2,33.33,4,0,0,0,,0,0,0,0,2,9,0,0,8,2,19,0,0,1,0,0.0,,3,3,0,0,0,,17,53.13,0,0,0,14,0,3,0,0,,0,0,0,0,0.0,0,0,0,0,38,1,0,0,0,0,0,0,0,0,0,0.0,0.0,0,0,2,1,1,3,37.5,0,12,7,58.33,3,1,8,7,19,50.0,2,44,15,52,59.2,2,0,106,2,0,0,3654.0,190000.0,M,19.0,Slovenia
Eldor Shomurodov,791355,Spezia,2735,italy,2223,1032,22,11,6.58,1,2,3,3.83,0.9,2,3,37.5,75,1,25.0,121,62,180,70.87,24,36.36,42,0,0,0,,2,5,4,0,4,22,0,0,23,11,105,0,0,11,0,3.85,,20,16,4,1,0,,32,33.68,0,0,1,74,4,13,0,4,,0,0,0,0,0.0,0,0,0,0,170,13,0,0,1,0,0,0,0,0,0,1032.0,0.0,0,17,9,13,9,13,40.63,0,7,6,85.71,13,5,32,8,56,34.78,4,187,75,254,144.7,26,0,456,12,2,0,36923.0,1920000.0,F,27.0,Uzbekistan
Vivaldo,1414275,Udinese,2695,italy,2223,42,5,0,6.58,0,0,0,0.1,0.01,0,0,0.0,4,0,0.0,5,1,6,85.71,0,0.0,2,0,0,0,,0,0,0,0,1,4,0,0,1,0,4,0,0,1,0,0.0,,1,1,0,0,0,,1,33.33,0,0,1,1,0,0,0,0,,0,0,0,0,0.0,0,0,0,0,4,0,0,0,0,0,0,0,0,0,0,0.0,0.0,0,1,0,1,0,0,0.0,0,0,0,0.0,0,0,0,0,1,20.0,0,6,1,7,26.3,1,0,14,1,0,0,,,,,
Joel Voelkerling Persson,1087744,Lecce,2689,italy,2223,110,9,0,6.58,0,0,0,0.04,0.05,0,0,0.0,7,0,0.0,19,5,24,68.57,8,44.44,10,0,0,0,,0,0,0,0,0,8,0,0,3,1,17,0,0,3,0,0.0,,2,2,0,0,0,,3,30.0,0,0,0,11,0,1,0,0,,0,0,0,0,0.0,0,0,0,0,23,4,0,0,0,0,0,0,0,0,0,0.0,0.0,0,1,0,1,0,1,100.0,0,1,1,100.0,1,0,1,4,11,39.29,0,32,7,35,52.6,1,0,55,1,0,0,3654.0,190000.0,F,20.0,Sweden
Juan Cabal,988037,Hellas Verona,2701,italy,2223,481,12,3,6.58,0,0,0,0.02,0.14,8,3,37.5,22,14,43.75,61,100,158,75.24,18,54.55,15,0,0,0,,0,0,0,0,13,12,0,0,3,6,31,0,0,7,0,0.0,,11,8,3,0,0,,15,48.39,0,0,0,52,13,2,0,1,,0,0,0,0,0.0,0,0,0,0,65,2,0,0,0,0,0,0,0,0,0,0.0,0.0,0,0,1,0,1,3,100.0,0,10,6,60.0,2,27,3,8,33,51.56,32,95,123,210,78.9,1,0,301,2,3,0,12500.0,650000.0,D,22.0,Colombia
Kristijan Bistrović,796658,Lecce,2689,italy,2223,465,11,5,6.57,0,0,0,0.34,0.46,6,10,47.62,26,5,41.67,61,40,91,76.47,2,28.57,5,0,0,0,,0,0,5,0,4,11,0,0,5,5,16,0,0,2,0,0.0,,5,2,3,0,0,,8,42.11,0,0,0,28,0,6,0,1,,0,0,0,0,0.0,0,0,0,0,47,0,0,0,0,0,0,0,0,0,0,0.0,0.0,4,1,7,2,1,1,100.0,0,3,1,33.33,6,12,1,21,10,38.46,12,86,54,119,72.3,8,0,178,4,0,0,17308.0,900000.0,M,24.0,Croatia
Luca Pellegrini,826186,Lazio,2699,italy,2223,187,7,1,6.57,0,0,0,0.08,0.26,7,6,40.0,29,6,50.0,62,54,110,85.94,3,30.0,7,0,0,0,,0,0,0,1,3,7,0,0,2,3,21,0,0,5,0,0.0,,1,1,0,0,0,,5,26.32,0,0,0,18,7,4,0,0,,0,0,0,0,0.0,0,0,0,0,42,1,0,0,0,0,0,0,0,0,0,0.0,0.0,0,1,2,3,0,3,42.86,0,1,0,0.0,4,13,7,15,8,27.59,12,82,61,128,46.0,3,0,205,1,3,0,46346.0,2410000.0,D,23.0,Italy
Andreaw Gravillon,827934,Torino,2696,italy,2223,319,7,4,6.57,0,0,0,0.01,0.01,7,0,0.0,9,9,45.0,35,94,129,82.17,6,54.55,5,0,0,0,,0,0,0,0,16,7,0,0,1,0,16,0,0,9,0,0.0,,5,5,0,0,0,,5,31.25,0,0,0,28,9,0,0,0,,0,0,0,0,0.0,0,0,0,0,37,1,0,0,0,0,0,0,0,0,0,0.0,0.0,0,0,1,1,0,1,50.0,0,3,3,100.0,0,17,2,3,11,40.74,20,49,111,157,46.0,1,0,216,1,2,0,1731.0,90000.0,D,24.0,Guadeloupe
Andrea Consigli,38618,Sassuolo,2793,italy,2223,3150,35,35,6.57,0,0,0,0.0,0.05,135,0,0.0,26,273,48.92,102,844,946,76.41,10,90.91,1,0,0,0,,0,0,0,9,24,35,0,0,0,1,2,3,0,0,0,0.0,,55,43,12,0,0,-15.88,4,80.0,0,26,0,292,0,0,0,0,,0,0,0,0,0.0,3,0,0,0,298,0,11,0,0,12,41,23,64,1,18,0.0,0.0,0,0,0,0,0,0,0.0,12,1,0,0.0,0,300,0,0,14,87.5,558,320,918,1238,229.9,0,0,1558,4,0,0,35577.0,1850000.0,K,36.0,Italy
Martín Satriano,973536,Empoli,2705,italy,2223,1737,31,20,6.57,2,1,3,3.87,1.37,6,1,4.55,108,6,50.0,171,75,245,69.01,43,41.35,61,0,0,0,,1,6,8,1,19,31,0,0,45,8,161,0,0,20,0,5.26,,27,25,2,2,0,,61,37.89,2,0,2,110,3,14,0,5,,0,0,0,0,0.0,0,0,0,0,265,11,0,0,0,0,0,0,0,0,0,868.5,0.0,0,32,6,20,10,19,41.3,0,13,8,61.54,14,11,46,22,104,39.25,12,277,100,355,203.6,38,0,688,29,4,0,12500.0,650000.0,F,21.0,Uruguay
Gonzalo Escalante,316170,Cremonese,2761,italy,2223,555,9,7,6.57,0,1,1,0.16,0.12,12,0,0.0,50,10,35.71,114,108,222,77.62,9,50.0,9,0,0,0,,0,0,2,2,4,9,0,1,7,3,28,0,0,6,0,0.0,,13,13,0,0,0,,22,53.66,0,0,0,64,10,4,0,0,,0,0,0,0,0.0,0,0,0,0,85,1,0,1,0,0,0,0,0,0,0,0.0,0.0,0,4,2,3,1,1,25.0,0,16,8,50.0,4,37,4,1,31,52.54,28,164,123,286,59.1,6,0,373,5,0,0,34423.0,1790000.0,M,29.0,Argentina
Lorenzo De Silvestri,14718,Bologna,2685,italy,2223,673,15,6,6.56,1,0,1,0.64,0.16,9,1,14.29,59,10,34.48,110,159,268,76.35,14,53.85,12,0,0,0,,0,1,1,0,15,14,0,0,5,4,28,0,0,6,0,20.0,,11,10,1,1,0,,11,40.74,1,0,0,83,3,6,0,2,,1,0,0,0,0.0,0,0,0,0,112,2,0,0,0,0,0,0,0,0,0,673.0,0.0,0,4,1,1,3,2,66.67,0,3,2,66.67,6,31,3,7,25,47.17,29,169,189,351,91.9,5,0,498,6,1,0,32115.0,1670000.0,D,34.0,Italy
Emil Konradsen Ceide,933263,Sassuolo,2793,italy,2223,518,19,5,6.56,0,1,1,0.83,0.95,0,2,33.33,50,2,50.0,83,38,119,74.38,1,25.0,3,0,0,0,,3,2,2,0,0,19,0,0,8,2,29,0,0,4,0,0.0,,9,9,0,0,0,,20,43.48,0,0,0,41,1,8,0,1,,0,0,0,0,0.0,0,0,0,1,86,3,0,0,0,0,0,0,0,0,0,0.0,0.0,0,8,2,5,3,8,36.36,0,5,2,40.0,8,2,22,6,21,42.0,4,118,48,160,124.7,10,0,251,7,0,0,1923.0,100000.0,F,21.0,Norway
Salvatore Molina,165735,Monza,2729,italy,2223,229,5,1,6.56,0,0,0,0.04,0.27,1,4,28.57,23,0,0.0,48,24,68,80.95,0,0.0,1,0,0,0,,0,0,1,0,1,5,0,0,2,1,9,0,0,4,0,0.0,,6,6,0,0,0,,11,57.89,0,0,0,16,1,2,0,0,,0,0,0,0,0.0,0,0,0,0,37,0,0,0,0,0,0,0,0,0,0,0.0,0.0,0,1,0,0,0,2,66.67,0,6,5,83.33,2,4,3,14,11,55.0,3,70,28,84,32.8,1,0,149,3,1,0,12500.0,650000.0,M,30.0,Italy
Diego Valencia,906110,Salernitana,2710,italy,2223,237,12,0,6.55,0,0,0,0.12,0.04,2,2,40.0,8,3,42.86,29,17,44,68.75,2,33.33,4,0,0,0,,0,0,0,0,2,11,0,0,3,7,23,0,0,8,0,0.0,,4,3,1,0,0,,14,42.42,0,0,0,20,1,2,0,0,,0,0,0,0,0.0,0,0,0,0,34,0,0,0,0,0,0,0,0,0,0,0.0,0.0,0,1,0,0,1,0,0.0,0,8,5,62.5,2,2,1,5,16,41.03,7,45,24,64,72.1,1,0,117,6,1,0,6154.0,320000.0,F,23.0,Chile
Ibrahim Sulemana,105905,Hellas Verona,2701,italy,2223,749,17,7,6.55,0,0,0,0.35,0.13,12,1,50.0,38,10,34.48,76,64,139,72.4,13,48.15,14,0,0,0,,0,0,1,0,19,17,0,0,11,9,52,0,0,11,0,0.0,,16,11,5,0,0,,28,42.42,0,0,1,53,15,5,0,1,,0,0,0,0,0.0,0,0,0,0,88,4,0,0,0,0,0,0,0,0,0,0.0,0.0,0,3,6,5,3,5,38.46,0,19,13,68.42,5,20,13,2,41,44.09,29,111,83,192,111.4,9,0,333,4,4,0,1346.0,70000.0,M,19.0,Ghana
Marios Oikonomou,146951,Sampdoria,2711,italy,2223,219,6,3,6.55,0,0,0,0.33,0.0,6,0,0.0,1,5,31.25,8,54,62,75.61,4,66.67,2,0,0,0,,0,0,0,0,13,6,0,0,0,2,7,0,0,3,0,0.0,,6,6,0,0,0,,5,50.0,0,0,0,20,4,0,0,0,,0,0,0,0,0.0,0,0,0,0,25,0,0,0,0,0,0,0,0,0,0,0.0,0.0,0,2,1,3,0,0,0.0,0,3,2,66.67,0,15,0,0,9,56.25,16,18,64,82,39.3,3,0,121,2,3,0,5000.0,260000.0,D,30.0,Greece
Alessandro Bianco,1101992,Fiorentina,2693,italy,2223,156,7,2,6.55,0,0,0,0.06,0.04,2,0,0.0,17,7,77.78,34,33,67,87.01,2,50.0,2,0,0,0,,0,0,0,0,0,6,0,0,5,1,15,0,0,7,0,0.0,,1,1,0,0,0,,9,40.91,0,0,0,10,0,1,0,0,,0,0,0,0,0.0,0,0,0,0,18,0,0,0,0,0,0,0,0,0,0,0.0,0.0,0,0,2,1,1,0,0.0,0,5,2,40.0,1,2,0,1,11,42.31,9,39,39,77,39.3,2,0,99,4,1,0,3654.0,190000.0,M,20.0,Italy
Gonzalo Villar,914765,Sampdoria,2711,italy,2223,697,15,8,6.55,0,0,0,0.03,0.21,9,2,28.57,60,14,58.33,155,161,314,84.18,9,64.29,5,0,0,0,,0,0,1,0,8,15,0,0,4,8,34,1,0,17,0,0.0,,14,14,0,0,0,,34,53.97,0,0,0,59,4,0,0,0,,0,0,0,1,0.0,0,0,0,0,81,4,0,0,0,0,0,0,0,0,0,0.0,0.0,0,0,1,0,0,3,60.0,0,13,7,53.85,0,21,5,7,43,55.84,24,209,171,373,98.2,1,0,475,18,2,0,29615.0,1540000.0,M,24.0,Spain
Lameck Banda,911350,Lecce,2689,italy,2223,1639,36,19,6.54,2,1,3,3.13,1.14,3,4,7.84,115,5,41.67,199,75,270,72.97,7,17.95,32,0,0,0,,1,3,13,0,5,35,0,0,36,26,169,0,0,31,0,5.56,,20,17,3,2,0,,115,45.63,0,0,1,100,8,14,0,11,,0,0,0,0,0.0,0,0,0,0,308,6,0,0,2,0,0,0,0,0,0,819.5,0.0,0,20,16,11,12,48,50.0,0,30,20,66.67,14,8,96,51,122,41.92,12,327,94,370,228.9,36,0,831,37,6,0,12308.0,640000.0,F,22.0,Zambia
Giuseppe Pezzella,814589,Lecce,2689,italy,2223,932,16,10,6.54,0,1,1,0.14,0.31,19,4,11.76,101,19,44.19,174,146,316,81.03,11,57.89,8,0,0,0,,1,0,1,0,26,15,0,0,11,7,51,0,1,16,0,0.0,,18,14,4,0,0,,39,47.56,0,0,0,74,8,7,0,1,,0,0,0,0,0.0,0,0,0,0,147,5,0,0,0,0,0,0,0,0,0,0.0,0.0,0,2,2,3,0,7,43.75,0,21,9,42.86,7,35,16,34,50,49.5,43,247,177,390,98.1,4,0,685,11,2,0,12500.0,650000.0,D,25.0,Italy
Nicola Murru,148745,Sampdoria,2711,italy,2223,787,20,5,6.54,0,0,0,0.04,0.32,7,3,33.33,30,13,31.71,104,132,233,80.07,8,50.0,8,0,0,0,,0,0,0,0,19,20,0,0,1,6,29,0,0,15,0,0.0,,17,16,1,0,0,,30,58.82,0,0,0,58,10,2,0,1,,0,0,0,3,0.0,0,0,0,0,87,3,0,0,0,0,0,0,0,0,0,0.0,0.0,0,0,2,2,0,0,0.0,0,24,14,58.33,2,28,1,9,38,56.72,41,155,145,291,130.8,2,0,435,6,3,0,25000.0,1300000.0,D,28.0,Italy
Michel Aebischer,850891,Bologna,2685,italy,2223,1551,32,18,6.54,1,0,1,1.45,0.53,18,4,19.05,142,20,54.05,295,250,541,84.93,10,28.57,25,0,0,0,,0,2,2,1,8,31,0,0,17,16,86,0,0,22,0,6.67,,26,25,1,1,0,,40,39.6,0,0,0,96,7,15,0,7,,0,0,0,1,0.0,0,0,0,1,172,8,0,0,1,0,0,0,0,0,0,1551.0,0.0,1,10,5,11,2,6,46.15,0,12,6,50.0,15,40,13,21,50,36.76,37,382,276,637,202.7,15,0,840,22,4,0,12308.0,640000.0,M,26.0,Switzerland
Szymon Żurkowski,860435,Spezia,2735,italy,2223,518,13,4,6.54,0,1,1,0.84,0.09,3,1,20.0,36,5,50.0,62,34,95,73.64,8,38.1,13,0,0,0,,0,1,2,0,7,13,0,0,4,13,49,0,0,18,0,0.0,,9,8,1,0,0,,32,47.06,0,0,0,34,4,1,0,0,,0,0,0,0,0.0,0,0,0,0,64,3,0,0,0,0,0,0,0,0,0,0.0,0.0,0,4,6,5,3,8,72.73,0,10,3,30.0,1,6,11,5,40,44.94,10,90,44,129,85.0,10,0,244,15,1,0,25000.0,1300000.0,M,25.0,Poland
Florian Thauvin,148824,Udinese,2695,italy,2223,562,16,5,6.54,0,0,0,0.69,1.33,10,6,16.22,57,10,58.82,108,34,136,77.27,7,50.0,7,0,0,0,,2,0,0,0,2,16,0,0,8,11,55,0,0,9,0,0.0,,9,6,3,0,0,,19,28.36,0,0,0,40,2,11,0,1,,0,1,0,0,0.0,0,0,0,0,121,4,0,0,0,0,0,0,0,0,0,0.0,0.0,0,4,6,7,3,10,32.26,0,2,1,50.0,10,20,31,37,26,32.1,17,167,46,176,104.6,10,0,316,7,1,0,44423.0,2310000.0,F,30.0,France
Grégoire Defrel,148566,Sassuolo,2793,italy,2223,1173,27,13,6.54,2,1,3,3.5,0.23,1,0,0.0,78,2,40.0,134,76,210,85.02,6,20.0,24,0,0,0,,1,4,2,0,5,27,0,0,17,9,78,0,0,14,0,12.5,,24,18,6,2,0,,30,35.71,0,0,1,37,2,9,2,6,,0,0,0,0,0.0,0,0,0,0,98,7,0,0,0,0,0,0,0,0,0,586.5,0.0,0,13,3,4,10,7,33.33,0,9,7,77.78,9,2,21,1,36,31.58,5,165,83,247,176.5,16,0,401,14,3,0,30192.0,1570000.0,F,31.0,Martinique
Andrea Belotti,220223,Roma,2702,italy,2223,1166,31,11,6.53,0,2,2,3.49,0.73,1,1,16.67,64,4,66.67,112,56,167,68.16,36,37.11,61,0,1,0,,1,8,4,0,5,29,0,0,15,6,115,0,0,21,0,0.0,,17,15,2,0,0,,55,50.46,0,0,1,78,3,15,0,7,,0,1,1,0,0.0,0,0,0,0,158,9,0,0,0,0,0,0,0,0,0,0.0,0.0,0,20,0,7,9,7,28.0,0,12,5,41.67,14,4,25,6,91,44.17,6,184,67,245,189.5,20,0,456,36,0,0,85385.0,4440000.0,F,29.0,Italy
Mato Jajalo,42147,Udinese,2695,italy,2223,60,3,0,6.53,0,0,0,0.05,0.11,5,0,0.0,7,2,66.67,18,5,23,79.31,1,100.0,0,0,0,0,,0,0,1,0,2,3,0,0,0,1,3,0,0,1,0,0.0,,0,0,0,0,0,,1,25.0,0,0,0,6,0,1,0,0,,0,0,0,0,0.0,0,0,0,0,9,0,0,0,0,0,0,0,0,0,0,0.0,0.0,0,0,2,1,0,1,50.0,0,0,0,0.0,1,5,2,0,2,40.0,3,21,8,29,19.6,2,0,37,0,0,0,25000.0,1300000.0,M,34.0,Bosnia-Herzegovina
Emmanuel Gyasi,541578,Spezia,2735,italy,2223,2834,35,35,6.53,2,0,2,4.02,1.7,8,4,18.18,192,6,37.5,340,252,588,81.55,18,25.0,54,0,0,0,,1,3,14,0,24,35,0,0,42,27,190,0,0,47,0,5.88,,45,33,12,2,0,,68,33.33,0,0,1,133,8,22,0,23,,0,0,0,0,0.0,0,0,0,0,305,18,0,0,2,0,0,0,0,0,0,1417.0,0.0,0,31,3,7,13,7,19.44,0,24,15,62.5,22,19,36,22,86,31.16,16,464,279,721,228.4,34,0,1190,37,10,0,25000.0,1300000.0,F,29.0,Ghana
Mario Gila Fuentes,965828,Lazio,2699,italy,2223,86,4,0,6.53,0,0,0,0.0,0.01,1,0,0.0,3,5,83.33,16,38,54,91.53,0,0.0,3,0,0,0,,0,0,0,0,2,4,0,0,1,1,6,0,0,1,0,0.0,,2,2,0,0,0,,4,57.14,0,0,0,5,3,0,0,0,,0,0,0,0,0.0,0,0,0,0,7,0,0,0,0,0,0,0,0,0,0,0.0,0.0,0,0,0,0,0,0,0.0,0,3,1,33.33,0,2,0,0,4,40.0,6,19,40,59,26.1,0,0,73,1,0,0,24615.0,1280000.0,D,22.0,Spain
Leandro Sanca,1141665,Spezia,2735,italy,2223,46,4,0,6.53,0,0,0,0.0,0.01,0,1,50.0,4,0,0.0,6,3,8,80.0,0,0.0,2,0,0,0,,0,0,0,0,0,4,0,0,1,0,5,0,0,0,0,0.0,,2,2,0,0,0,,4,57.14,0,0,0,2,0,0,0,0,,0,0,0,0,0.0,0,0,0,0,8,2,0,0,0,0,0,0,0,0,0,0.0,0.0,0,0,0,0,0,3,60.0,0,1,1,100.0,0,0,5,2,4,44.44,0,8,4,10,26.1,0,0,22,0,0,0,5000.0,260000.0,F,22.0,Portugal
Valentin Antov,827640,Monza,2729,italy,2223,305,9,2,6.52,0,0,0,0.0,0.05,6,0,0.0,20,13,65.0,69,123,192,89.3,6,35.29,11,0,0,0,,0,0,0,0,14,9,0,0,2,4,21,1,0,4,0,0.0,,8,7,1,0,0,,9,47.37,0,0,0,23,4,1,0,0,,0,0,0,0,0.0,0,0,0,0,33,1,0,0,0,0,0,0,0,0,0,0.0,0.0,0,0,0,0,0,1,100.0,0,6,5,83.33,1,12,1,2,15,41.67,20,83,134,215,58.7,0,0,270,2,2,0,14808.0,770000.0,D,22.0,Bulgaria
Gerard Yepes,1067220,Sampdoria,2711,italy,2223,197,5,2,6.52,0,0,0,0.06,0.03,2,0,0.0,13,2,33.33,39,38,77,73.33,5,71.43,2,0,0,0,,0,0,1,0,3,5,0,0,1,2,13,0,0,7,0,0.0,,5,5,0,0,0,,9,45.0,0,0,0,28,4,1,0,0,,0,0,0,0,0.0,0,0,0,0,33,1,0,0,0,0,0,0,0,0,0,0.0,0.0,0,1,0,0,0,0,0.0,0,5,3,60.0,1,7,1,0,14,51.85,6,61,44,105,32.6,1,0,135,4,2,0,2885.0,150000.0,M,20.0,Spain
Jacopo Fazzini,1012179,Empoli,2705,italy,2223,845,21,8,6.52,0,0,0,0.98,0.8,4,3,27.27,63,5,27.78,126,129,252,81.03,14,31.82,30,0,0,0,,1,1,4,1,12,21,0,0,24,16,105,0,0,20,0,0.0,,9,8,1,0,0,,57,43.18,0,0,0,59,7,9,0,0,,0,0,0,0,0.0,0,0,0,0,134,3,0,0,0,0,0,0,0,0,0,0.0,0.0,1,7,7,9,1,13,46.43,0,31,17,54.84,9,8,28,11,71,40.34,18,179,143,311,136.9,14,0,531,13,4,0,2885.0,150000.0,M,19.0,Italy
Flavio Paoletti,1069011,Sampdoria,2711,italy,2223,288,12,1,6.52,0,0,0,0.0,0.06,6,0,0.0,24,11,68.75,62,73,135,82.82,1,14.29,6,0,0,0,,0,0,0,0,8,11,0,0,0,4,16,0,0,5,0,0.0,,7,6,1,0,0,,7,41.18,0,0,0,28,5,1,0,0,,0,0,0,0,0.0,0,0,0,0,37,0,0,0,0,0,0,0,0,0,0,0.0,0.0,0,0,0,0,0,2,66.67,0,2,2,100.0,1,11,3,1,8,33.33,16,80,84,163,71.7,0,0,199,3,1,0,,,,,
Luka Romero,1032022,Lazio,2699,italy,2223,166,6,1,6.52,1,0,1,0.87,0.08,0,0,0.0,26,1,50.0,49,20,69,88.46,2,66.67,1,0,0,0,,0,0,2,0,1,6,0,0,4,3,18,0,0,3,0,20.0,,2,1,1,1,0,,8,32.0,0,0,0,9,3,2,1,0,,0,0,0,0,0.0,0,0,0,0,27,0,0,0,0,0,0,0,0,0,0,166.0,0.0,0,3,2,2,1,2,22.22,0,0,0,0.0,2,0,9,0,10,35.71,2,55,23,78,39.1,5,0,123,6,0,0,9808.0,510000.0,F,18.0,Argentina
Sergiño Dest,906021,Milan,2692,italy,2223,335,8,2,6.51,0,0,0,0.3,0.15,1,1,25.0,34,5,35.71,69,59,127,84.11,3,75.0,1,0,0,0,,0,1,0,0,1,8,0,0,5,1,21,0,0,6,0,0.0,,7,6,1,0,0,,24,54.55,0,0,0,24,4,4,0,0,,0,0,0,1,0.0,0,0,0,0,47,1,0,0,0,0,0,0,0,0,0,0.0,0.0,0,1,1,1,1,8,47.06,0,12,6,50.0,4,3,17,4,27,56.25,14,85,70,151,52.1,2,0,265,4,0,0,115385.0,6000000.0,D,22.0,United States
Hamed Junior Traorè,892924,Sassuolo,2793,italy,2223,592,11,6,6.51,0,3,3,0.96,0.83,7,6,23.08,68,10,76.92,121,61,176,82.63,3,37.5,5,0,0,0,,3,2,2,0,0,11,0,0,23,7,52,1,0,9,0,0.0,,10,9,1,0,0,,17,26.56,0,0,0,37,2,17,0,1,,0,0,0,0,0.0,0,0,0,0,110,2,0,0,0,0,0,0,0,0,0,0.0,0.0,2,4,4,2,4,4,30.77,0,11,6,54.55,17,9,13,26,20,27.78,13,169,70,213,71.6,8,0,338,2,1,0,17885.0,930000.0,F,22.0,Cote d'Ivoire
Samuel Di Carmine,15190,Cremonese,2761,italy,2223,34,2,0,6.5,0,0,0,0.09,0.01,0,0,0.0,3,0,0.0,3,3,6,75.0,0,0.0,2,0,0,0,,0,0,1,0,0,2,0,0,0,0,2,0,0,0,0,0.0,,2,1,1,0,0,,1,100.0,0,0,0,2,0,0,0,0,,0,0,0,0,0.0,0,0,0,0,2,0,0,0,0,0,0,0,0,0,0,0.0,0.0,0,1,0,0,0,1,100.0,0,0,0,0.0,0,0,1,0,1,33.33,0,5,3,8,13.0,1,0,10,0,0,0,,,,,
Jordan Majchrzak,1133052,Roma,2702,italy,2223,13,1,0,6.5,0,0,0,0.0,0.0,0,0,0.0,2,0,0.0,3,0,3,75.0,1,20.0,4,0,0,0,,0,0,0,0,0,1,0,0,0,0,4,0,0,0,0,0.0,,0,0,0,0,0,,0,0.0,0,0,0,1,0,0,0,0,,0,0,0,0,0.0,0,0,0,0,1,0,0,0,0,0,0,0,0,0,0,0.0,0.0,0,0,0,0,0,0,0.0,0,0,0,0.0,0,0,0,0,1,20.0,0,4,0,4,6.5,0,0,4,0,0,0,,,,,
Niccolò Cocetta,1171621,Udinese,2695,italy,2223,31,1,0,6.5,0,0,0,0.0,0.0,0,0,0.0,0,0,0.0,4,6,10,90.91,0,0.0,0,0,0,0,,0,0,0,0,1,1,0,0,0,1,1,0,0,0,0,0.0,,1,1,0,0,0,,0,0.0,0,0,0,1,1,0,0,0,,0,0,0,0,0.0,0,0,0,0,1,0,0,0,0,0,0,0,0,0,0,0.0,0.0,0,0,0,0,0,0,0.0,0,0,0,0.0,0,0,0,0,0,0.0,0,4,7,11,6.5,0,0,15,0,0,0,,,,,
Jack Hendry,795696,Cremonese,2761,italy,2223,224,4,2,6.5,0,0,0,0.0,0.03,4,0,0.0,16,7,70.0,42,73,115,87.79,8,72.73,3,0,0,0,,0,0,0,0,7,4,0,0,0,1,7,0,0,2,0,0.0,,5,4,1,0,0,,1,20.0,0,0,0,16,1,1,0,0,,0,0,0,0,0.0,0,0,0,0,20,0,0,0,0,0,0,0,0,0,0,0.0,0.0,0,0,0,0,0,0,0.0,0,0,0,0.0,1,12,1,1,9,56.25,10,54,78,131,26.0,0,0,150,1,1,0,6731.0,350000.0,D,27.0,Scotland
Youssef Maleh,849274,Lecce,2689,italy,2223,979,24,11,6.5,0,1,1,0.86,0.55,16,4,26.67,74,10,41.67,139,98,233,77.15,11,47.83,12,0,0,0,,0,1,8,0,11,23,0,0,16,12,76,0,0,30,0,0.0,,20,17,3,0,0,,36,36.0,0,0,0,69,6,12,0,3,,0,0,0,0,0.0,0,0,0,0,119,9,0,0,0,0,0,0,0,0,0,0.0,0.0,0,9,4,4,1,3,30.0,0,20,9,45.0,12,28,10,15,47,38.21,24,199,118,302,149.4,13,0,473,13,5,0,25000.0,1300000.0,M,24.0,Morocco
Christian Gytkjær,78939,Monza,2729,italy,2223,557,22,3,6.49,1,0,1,3.91,0.13,1,0,0.0,24,2,66.67,45,24,69,69.0,10,33.33,20,0,0,1,,0,5,1,0,2,21,0,0,5,3,40,0,0,11,0,7.69,,7,7,0,1,0,,15,42.86,0,0,0,31,0,3,0,10,,0,0,1,1,0.0,0,0,0,0,57,4,0,0,1,0,0,0,0,0,0,557.0,0.0,1,12,1,6,6,3,60.0,0,6,2,33.33,3,1,5,1,25,38.46,3,67,34,100,136.3,13,0,176,6,0,0,21538.0,1120000.0,F,32.0,Denmark
Aster Vranckx,989371,Milan,2692,italy,2223,255,9,2,6.49,0,0,0,0.05,0.21,5,1,33.33,14,5,45.45,49,47,95,76.61,4,44.44,5,0,0,0,,1,0,0,0,1,9,0,0,8,5,27,0,0,6,0,0.0,,3,3,0,0,0,,10,31.25,0,0,0,29,2,1,0,0,,0,0,0,0,0.0,0,0,0,0,46,2,0,0,0,0,0,0,0,0,0,0.0,0.0,0,0,2,2,0,3,50.0,0,3,2,66.67,1,11,6,3,14,34.15,11,69,58,124,58.4,2,0,170,4,1,0,36923.0,1920000.0,M,20.0,Belgium
Marash Kumbulla,893642,Roma,2702,italy,2223,262,7,5,6.48,0,0,0,0.02,0.03,5,0,0.0,6,7,36.84,37,120,157,87.22,7,63.64,4,0,0,0,,0,0,0,1,6,6,0,1,0,1,8,0,0,3,0,0.0,,3,3,0,0,0,,9,69.23,0,0,0,23,4,1,0,0,,0,0,0,1,0.0,0,0,0,0,25,0,0,1,0,0,0,0,0,0,0,0.0,0.0,0,1,0,1,0,0,0.0,0,4,4,100.0,1,19,0,0,16,66.67,19,52,128,180,38.9,1,0,211,5,1,0,64038.0,3330000.0,D,22.0,Albania
Petko Hristov,832076,Spezia,2735,italy,2223,368,9,4,6.48,0,0,0,0.08,0.07,8,1,100.0,17,7,29.17,56,85,140,79.55,10,66.67,5,0,0,0,,0,0,1,0,12,9,0,0,0,3,12,0,0,1,0,0.0,,10,8,2,0,0,,10,58.82,0,0,0,36,4,0,0,0,,0,0,0,0,0.0,0,0,0,1,53,0,0,0,0,0,0,0,0,0,0,0.0,0.0,0,1,0,0,0,0,0.0,0,6,4,66.67,0,18,3,1,20,62.5,24,80,97,176,58.3,1,0,257,4,0,0,1346.0,70000.0,D,23.0,Bulgaria
Marco D'Alessandro,55119,Monza,2729,italy,2223,295,8,3,6.48,0,0,0,0.34,0.1,2,1,7.69,24,1,25.0,41,30,70,78.65,2,50.0,2,0,0,0,,0,0,2,0,2,8,0,0,5,3,19,0,0,6,0,0.0,,7,6,1,0,0,,14,45.16,0,0,0,19,1,3,0,1,,0,0,0,0,0.0,0,0,0,0,48,1,0,0,0,0,0,0,0,0,0,0.0,0.0,0,3,1,1,1,1,25.0,0,4,4,100.0,3,4,4,13,16,45.71,4,64,38,89,51.8,4,0,153,9,2,0,14231.0,740000.0,F,31.0,Italy
Raimonds Krollis,936122,Spezia,2735,italy,2223,44,4,0,6.48,0,0,0,0.1,0.03,0,0,0.0,2,0,0.0,4,1,5,71.43,0,0.0,3,0,0,0,,0,0,1,0,0,4,0,0,1,1,8,0,0,2,0,0.0,,1,1,0,0,0,,1,16.67,0,0,0,2,0,1,0,0,,0,0,0,0,0.0,0,0,0,0,5,0,0,0,0,0,0,0,0,0,0,0.0,0.0,0,1,1,0,1,0,0.0,0,1,1,100.0,1,0,1,0,1,11.11,0,6,1,7,25.9,2,0,17,0,0,0,7692.0,400000.0,F,21.0,Latvia
Felix Afena-Gyan,1108921,Cremonese,2761,italy,2223,805,23,7,6.47,0,0,0,1.88,0.2,3,0,0.0,58,3,42.86,98,43,141,76.63,17,28.33,43,0,0,0,,0,2,7,0,3,22,0,0,21,8,100,0,0,18,0,0.0,,13,10,3,0,0,,25,30.49,0,0,2,43,1,3,0,6,,0,0,0,0,0.0,0,0,0,0,120,5,0,0,0,0,0,0,0,0,0,0.0,0.0,0,11,10,12,2,7,36.84,0,7,3,42.86,3,4,19,4,42,29.58,7,137,51,184,142.4,21,0,348,11,4,0,7115.0,370000.0,F,20.0,Ghana
Hans Nicolussi Caviglia,876259,Salernitana,2710,italy,2223,591,12,6,6.47,1,0,1,0.43,0.11,10,0,0.0,43,12,50.0,83,101,184,76.35,9,45.0,11,0,0,0,,0,0,0,0,6,12,0,0,7,6,39,1,0,13,0,20.0,,17,14,3,0,1,,25,47.17,0,0,0,57,7,2,0,0,,0,0,0,1,0.0,0,0,0,0,85,2,0,0,1,0,0,0,0,0,0,591.0,0.0,0,1,4,4,1,4,66.67,0,15,6,40.0,2,20,6,4,34,46.58,24,124,121,241,77.6,5,0,331,6,2,0,7500.0,390000.0,M,22.0,Italy
Franco Carboni,1086199,Monza,2729,italy,2223,69,3,0,6.47,0,0,0,0.08,0.02,0,1,11.11,6,1,33.33,11,15,25,73.53,1,50.0,1,0,0,0,,0,0,0,0,0,3,0,0,0,2,9,0,0,2,0,0.0,,0,0,0,0,0,,4,33.33,0,0,0,9,1,1,0,0,,0,0,0,0,0.0,0,0,0,0,23,2,0,0,0,0,0,0,0,0,0,0.0,0.0,0,1,0,1,0,3,42.86,0,1,1,100.0,1,2,7,9,5,35.71,3,25,18,34,19.4,1,0,66,0,0,0,4615.0,240000.0,D,19.0,Argentina
Tiemoué Bakayoko,149735,Milan,2692,italy,2223,45,3,0,6.47,0,0,0,0.0,0.0,0,0,0.0,3,2,66.67,7,10,17,85.0,1,50.0,1,0,0,0,,0,0,0,0,0,3,0,0,1,0,7,0,1,3,0,0.0,,1,1,0,0,0,,7,53.85,0,0,0,3,0,0,0,0,,0,0,0,0,0.0,0,0,0,0,7,0,0,0,0,0,0,0,0,0,0,0.0,0.0,0,0,0,0,0,1,33.33,0,5,5,100.0,0,0,3,0,8,53.33,3,9,11,20,19.4,0,0,33,1,0,0,89038.0,4630000.0,M,28.0,France
Lorenzo Malagrida,1108074,Sampdoria,2711,italy,2223,105,6,0,6.46,0,0,0,0.15,0.09,1,1,50.0,8,0,0.0,22,9,30,76.92,2,66.67,1,0,0,0,,0,0,0,0,1,5,0,0,1,2,8,0,0,4,0,0.0,,5,4,1,0,0,,4,36.36,0,0,0,9,0,2,0,0,,0,0,0,0,0.0,0,0,0,0,12,0,0,0,0,0,0,0,0,0,0,0.0,0.0,0,2,0,0,2,2,100.0,0,1,0,0.0,2,2,2,2,6,42.86,1,31,10,39,32.3,2,0,55,1,2,0,3654.0,190000.0,M,19.0,Italy
Nicolò Zaniolo,864898,Roma,2702,italy,2223,897,13,12,6.45,1,0,1,2.91,0.6,10,3,15.0,50,9,69.23,90,34,121,69.54,5,38.46,8,0,0,0,,2,6,8,0,0,13,0,0,35,5,96,0,0,22,0,3.57,,8,7,1,1,0,,49,35.77,0,0,1,53,2,8,1,4,,0,0,0,0,0.0,0,0,0,0,177,9,0,0,0,0,0,0,0,0,0,897.0,0.0,0,17,11,13,7,10,25.64,0,7,5,71.43,8,16,39,20,54,36.0,13,148,46,174,83.9,28,0,412,32,4,0,89038.0,4630000.0,F,23.0,Italy
Giacomo Quagliata,973300,Cremonese,2761,italy,2223,711,20,6,6.45,0,1,1,0.48,0.96,9,15,27.78,45,7,22.58,107,75,167,74.89,2,12.5,14,0,0,0,,0,0,4,0,7,20,0,1,6,6,49,0,0,13,0,0.0,,17,16,1,0,0,,32,47.76,0,0,0,56,11,13,0,0,,0,0,0,0,0.0,0,0,0,0,145,3,0,1,0,0,0,0,0,0,0,0.0,0.0,1,5,4,4,1,10,47.62,0,10,8,80.0,13,24,21,54,34,40.96,31,191,86,223,129.0,9,0,449,12,0,0,5000.0,260000.0,D,22.0,Italy
Niklas Pyyhtiä,1000018,Bologna,2685,italy,2223,107,6,0,6.45,0,1,1,0.15,0.02,0,0,0.0,8,1,25.0,20,20,40,76.92,1,14.29,6,0,0,0,,0,1,2,0,4,6,0,0,3,1,10,0,0,0,0,0.0,,1,1,0,0,0,,1,20.0,0,0,0,12,1,2,0,0,,0,0,0,0,0.0,0,0,0,0,16,0,0,0,0,0,0,0,0,0,0,0.0,0.0,0,2,1,1,0,0,0.0,0,1,0,0.0,2,1,0,0,2,16.67,4,27,25,52,38.7,3,0,74,0,0,0,,,,,
Daniele Montevago,1100272,Sampdoria,2711,italy,2223,232,6,3,6.45,0,0,0,0.48,0.31,0,0,0.0,12,0,0.0,15,8,23,62.16,14,37.84,23,0,0,0,,0,1,4,0,1,6,0,0,4,1,39,0,0,8,0,0.0,,4,4,0,0,0,,5,23.81,0,0,0,14,0,4,0,4,,0,0,0,0,0.0,0,0,0,0,34,1,0,0,0,0,0,0,0,0,0,0.0,0.0,0,7,0,2,1,0,0.0,0,1,0,0.0,4,0,4,1,19,32.76,1,29,9,37,38.7,7,0,88,4,1,0,1731.0,90000.0,F,19.0,Italy
Ajdin Hrustić,788284,Hellas Verona,2701,italy,2223,233,6,3,6.45,0,0,0,0.33,0.58,1,2,28.57,23,2,66.67,43,32,73,83.91,1,25.0,3,0,0,0,,1,0,2,0,2,6,0,0,3,1,22,1,0,7,0,0.0,,5,5,0,0,0,,8,29.63,0,0,0,14,0,3,0,0,,0,0,0,0,0.0,0,0,0,0,38,3,0,0,0,0,0,0,0,0,0,0.0,0.0,0,2,1,1,0,4,33.33,0,2,1,50.0,3,3,12,7,9,29.03,3,59,35,87,38.7,3,0,131,2,0,0,7308.0,380000.0,F,26.0,Australia
Leonardo Buta,1120038,Udinese,2695,italy,2223,22,2,0,6.45,0,0,0,0.0,0.0,1,0,0.0,2,0,0.0,5,4,9,90.0,0,0.0,0,0,0,0,,0,0,0,0,0,2,0,0,0,0,0,0,0,0,0,0.0,,1,1,0,0,0,,1,100.0,0,0,0,1,0,0,0,0,,0,0,0,0,0.0,0,0,0,0,3,0,0,0,0,0,0,0,0,0,0,0.0,0.0,0,0,0,0,0,0,0.0,0,1,1,100.0,0,1,0,2,1,100.0,0,8,4,10,12.9,0,0,14,0,0,0,6154.0,320000.0,D,20.0,Portugal
Joaquín Sosa,1015274,Bologna,2685,italy,2223,691,10,7,6.42,0,0,0,0.07,0.11,21,1,100.0,27,32,46.38,83,225,307,81.22,14,53.85,12,0,0,0,,0,0,0,2,30,10,0,0,2,14,42,0,0,16,0,0.0,,10,10,0,0,0,,16,34.78,0,0,0,71,6,0,0,0,,0,0,0,2,0.0,0,0,0,0,78,0,0,0,0,0,0,0,0,0,0,0.0,0.0,0,0,3,2,1,3,100.0,0,6,2,33.33,0,46,3,1,30,41.67,69,118,261,378,64.2,3,0,461,7,2,0,7308.0,380000.0,D,21.0,Uruguay
Matteo Lovato,982601,Salernitana,2710,italy,2223,816,17,8,6.41,0,0,0,0.02,0.03,11,0,0.0,17,16,51.61,65,209,274,84.57,15,46.88,17,0,0,0,,0,0,0,1,33,17,0,0,3,15,40,1,1,6,0,0.0,,22,18,4,0,0,,21,47.73,0,0,0,50,13,0,0,0,,0,0,0,0,0.0,0,0,0,0,59,0,0,0,0,0,0,0,0,0,0,0.0,0.0,0,0,1,1,0,0,0.0,0,17,14,82.35,0,22,0,0,36,47.37,31,96,228,324,109.0,1,0,421,4,2,0,17885.0,930000.0,D,22.0,Italy
David Strelec,918482,Spezia,2735,italy,2223,163,7,1,6.4,0,0,0,0.52,0.13,0,0,0.0,9,0,0.0,16,9,25,58.14,5,45.45,6,0,0,0,,0,1,0,0,0,6,0,0,4,0,17,0,0,4,0,0.0,,5,5,0,0,0,,3,21.43,0,0,0,18,0,1,0,2,,0,0,0,0,0.0,0,0,0,0,29,0,0,0,0,0,0,0,0,0,0,0.0,0.0,0,3,0,2,1,0,0.0,0,2,2,100.0,1,1,3,0,8,32.0,1,31,12,43,38.4,3,0,66,1,0,0,3654.0,190000.0,F,21.0,Slovakia
Mikael Ellertsson,933203,Spezia,2735,italy,2223,174,11,1,6.4,0,0,0,0.13,0.02,1,0,0.0,8,0,0.0,19,5,24,64.86,2,50.0,2,0,0,0,,0,0,2,0,0,9,0,0,2,3,14,0,0,6,0,0.0,,6,5,1,0,0,,8,40.0,0,0,0,13,2,1,0,0,,0,0,0,0,0.0,0,0,0,0,21,0,0,0,0,0,0,0,0,0,0,0.0,0.0,0,0,2,0,0,1,50.0,0,4,2,50.0,1,1,2,3,10,41.67,4,32,8,37,57.6,2,0,64,3,3,0,8846.0,460000.0,M,20.0,Iceland
Marko Lazetić,997215,Milan,2692,italy,2223,13,1,0,6.4,0,0,0,0.06,0.0,0,0,0.0,0,0,0.0,1,0,1,100.0,0,0.0,1,0,0,0,,0,0,0,0,0,1,0,0,2,0,3,0,0,0,0,0.0,,0,0,0,0,0,,0,0.0,0,0,0,0,0,0,0,0,,0,0,0,0,0.0,0,0,0,0,3,0,0,0,0,0,0,0,0,0,0,0.0,0.0,0,1,0,1,0,0,0.0,0,0,0,0.0,0,0,0,0,0,0.0,0,1,0,1,6.4,1,0,5,0,1,0,6154.0,320000.0,F,18.0,Serbia
Emmanuel Ekong,1000015,Empoli,2705,italy,2223,23,2,0,6.4,0,0,0,0.04,0.0,0,0,0.0,0,1,100.0,1,2,3,75.0,0,0.0,1,0,0,0,,0,0,1,0,0,2,0,0,0,0,2,0,0,0,0,0.0,,1,1,0,0,0,,0,0.0,0,0,0,1,0,0,0,1,,0,0,0,0,0.0,0,0,0,0,2,0,0,0,0,0,0,0,0,0,0,0.0,0.0,0,0,1,0,0,0,0.0,0,0,0,0.0,0,0,1,0,0,0.0,1,2,2,4,12.8,1,0,6,0,0,0,3654.0,190000.0,F,20.0,Sweden
Gvidas Gineitis,1030829,Torino,2696,italy,2223,136,3,2,6.4,0,0,0,0.02,0.03,2,0,0.0,15,3,75.0,45,28,73,82.95,0,0.0,5,0,0,0,,0,0,0,0,1,2,0,0,1,1,15,0,0,6,0,0.0,,1,1,0,0,0,,5,33.33,0,0,0,15,0,0,0,0,,0,0,0,0,0.0,0,0,0,0,19,1,0,0,0,0,0,0,0,0,0,0.0,0.0,0,0,1,1,0,1,33.33,0,3,1,33.33,0,5,3,0,5,25.0,4,58,30,88,12.8,1,0,105,1,2,0,8846.0,460000.0,M,18.0,Lithuania
Julius Beck,1098541,Spezia,2735,italy,2223,9,1,0,6.4,0,0,0,0.0,0.0,0,0,0.0,0,0,0.0,3,2,5,100.0,0,0.0,1,0,0,0,,0,0,0,0,0,1,0,0,1,0,3,0,0,1,0,0.0,,1,1,0,0,0,,2,50.0,0,0,0,0,0,0,0,0,,0,0,0,0,0.0,0,0,0,0,2,0,0,0,0,0,0,0,0,0,0,0.0,0.0,0,0,0,0,0,0,0.0,0,2,1,50.0,0,0,0,0,2,40.0,0,3,2,5,6.4,0,0,9,0,0,0,500.0,26000.0,M,17.0,Denmark
Jacopo Segre,826555,Torino,2696,italy,2223,20,1,0,6.4,0,0,0,0.0,0.0,0,0,0.0,0,0,0.0,2,6,8,88.89,1,50.0,1,0,0,0,,0,0,0,0,0,1,0,0,0,0,1,0,0,0,0,0.0,,1,1,0,0,0,,0,0.0,0,0,0,1,0,0,0,0,,0,0,0,0,0.0,0,0,0,0,1,0,0,0,0,0,0,0,0,0,0,0.0,0.0,0,0,0,0,0,0,0.0,0,0,0,0.0,0,0,0,0,1,50.0,0,2,7,9,6.4,0,0,12,0,0,0,,,,,
Julian Kristoffersen,836093,Salernitana,2710,italy,2223,17,1,0,6.4,0,0,0,0.0,0.0,0,0,0.0,0,0,0.0,0,0,0,0.0,1,20.0,4,0,0,0,,0,0,0,0,0,1,0,0,0,0,5,0,0,2,0,0.0,,0,0,0,0,0,,0,0.0,0,0,0,2,0,0,0,0,,0,0,0,0,0.0,0,0,0,0,3,0,0,0,0,0,0,0,0,0,0,0.0,0.0,0,0,0,0,0,0,0.0,0,0,0,0.0,0,0,0,0,1,16.67,0,2,0,2,6.4,0,0,4,0,0,0,962.0,50000.0,F,25.0,Norway
Mert Müldür,836683,Sassuolo,2793,italy,2223,17,2,1,6.4,0,0,0,0.0,0.0,0,0,0.0,0,0,0.0,1,2,3,100.0,0,0.0,0,0,0,0,,0,0,0,0,0,1,0,0,0,0,1,0,0,1,0,0.0,,0,0,0,0,0,,0,0.0,0,0,0,0,0,0,0,0,,0,0,0,0,0.0,0,0,0,0,0,0,0,0,0,0,0,0,0,0,0,0.0,0.0,0,0,0,0,0,0,0.0,0,0,0,0.0,0,0,0,0,0,0.0,0,1,2,3,6.4,0,0,3,0,0,0,9808.0,510000.0,D,23.0,Turkey
Antonio Raimondo,1121578,Bologna,2685,italy,2223,19,2,0,6.4,0,0,0,0.0,0.0,0,0,0.0,2,0,0.0,3,0,3,75.0,0,0.0,3,0,0,0,,0,0,0,0,1,2,0,0,1,0,4,0,0,0,0,0.0,,0,0,0,0,0,,0,0.0,0,0,0,1,0,0,0,0,,0,0,0,0,0.0,0,0,0,0,3,0,0,0,0,0,0,0,0,0,0,0.0,0.0,0,0,0,0,0,0,0.0,0,0,0,0.0,0,0,0,0,0,0.0,0,4,0,4,12.8,0,0,7,0,0,0,1731.0,90000.0,F,18.0,Italy
Manuel De Luca,850971,Sampdoria,2711,italy,2223,43,2,0,6.4,0,0,0,0.0,0.01,0,0,0.0,2,0,0.0,5,0,5,62.5,0,0.0,3,0,0,0,,0,0,0,0,0,2,0,0,2,0,8,0,0,3,0,0.0,,1,1,0,0,0,,2,28.57,0,0,0,3,0,0,0,0,,0,0,0,0,0.0,0,0,0,0,7,0,0,0,0,0,0,0,0,0,0,0.0,0.0,0,0,0,0,0,0,0.0,0,0,0,0.0,0,0,0,0,2,20.0,0,8,0,8,12.8,0,0,17,2,0,0,1346.0,70000.0,F,24.0,Italy
Tommaso Barbieri,993389,Juventus,2687,italy,2223,114,3,2,6.4,0,0,0,0.0,0.01,3,0,0.0,5,3,60.0,12,23,35,81.4,0,0.0,2,0,0,0,,0,0,0,0,1,3,0,0,0,5,13,0,0,5,0,0.0,,2,2,0,0,0,,8,42.11,0,0,0,8,0,0,0,0,,0,0,0,0,0.0,0,0,0,0,27,0,0,0,0,0,0,0,0,0,0,0.0,0.0,0,0,0,0,0,1,50.0,0,3,3,100.0,0,5,2,7,8,38.1,5,24,26,43,19.2,0,0,84,4,0,0,,,,,
Jacopo Sala,100568,Spezia,2735,italy,2223,115,6,1,6.4,0,0,0,0.0,0.1,1,1,25.0,12,2,50.0,18,17,34,82.93,1,100.0,0,0,0,0,,0,0,0,0,1,5,0,0,0,2,7,0,0,3,0,0.0,,4,3,1,0,0,,4,36.36,0,0,0,7,1,1,0,0,,0,0,0,0,0.0,0,0,0,0,13,0,0,0,0,0,0,0,0,0,0,0.0,0.0,0,0,0,0,0,0,0.0,0,1,0,0.0,1,2,2,4,5,41.67,4,26,19,41,32.0,0,0,60,3,1,0,14231.0,740000.0,M,31.0,Italy
Valentín Carboni,1153083,Inter,2697,italy,2223,34,5,0,6.37,0,0,0,0.0,0.02,0,0,0.0,5,0,0.0,9,3,12,75.0,0,0.0,4,0,0,0,,0,0,0,0,0,3,0,0,1,2,8,0,0,0,0,0.0,,1,1,0,0,0,,5,55.56,0,0,0,4,0,1,0,0,,0,0,0,0,0.0,0,0,0,0,9,1,0,0,0,0,0,0,0,0,0,0.0,0.0,0,0,0,0,0,1,50.0,0,1,1,100.0,1,0,2,1,5,38.46,0,13,4,16,19.1,0,0,29,3,0,0,1731.0,90000.0,F,17.0,Argentina
Riccardo Marchizza,792311,Sassuolo,2793,italy,2223,301,10,3,6.35,0,1,1,0.0,0.09,3,4,22.22,21,4,20.0,64,53,113,81.88,5,71.43,2,0,0,0,,0,0,0,0,7,10,0,0,3,2,16,0,0,7,0,0.0,,9,6,3,0,0,,3,17.65,0,0,0,25,2,3,0,1,,0,0,0,0,0.0,0,0,0,0,53,0,0,0,0,0,0,0,0,0,0,0.0,0.0,0,0,0,0,0,1,20.0,0,2,2,100.0,3,15,5,18,8,33.33,20,100,56,138,63.5,0,0,210,0,1,0,17885.0,930000.0,D,24.0,Italy
Gianluca Pegolo,43985,Sassuolo,2793,italy,2223,180,2,2,6.35,0,0,0,0.0,0.0,8,0,0.0,0,13,52.0,5,49,54,80.6,0,0.0,0,0,0,0,,0,0,0,0,1,2,0,0,0,1,1,0,0,0,0,0.0,,3,3,0,0,0,0.24,1,50.0,0,2,0,13,0,0,0,0,,0,0,0,0,0.0,1,0,0,0,13,0,0,0,0,0,2,1,3,0,1,0.0,0.0,0,0,0,0,0,0,0.0,0,0,0,0.0,0,13,0,0,1,50.0,25,9,58,67,12.7,0,0,84,1,0,0,17885.0,930000.0,K,41.0,Italy
Luca Marrone,81827,Monza,2729,italy,2223,135,2,2,6.3,0,0,0,0.1,0.0,0,0,0.0,0,1,33.33,14,64,78,92.86,4,44.44,5,0,0,0,,0,0,0,0,4,2,0,0,0,2,7,0,1,1,0,0.0,,4,4,0,0,0,,2,50.0,0,0,0,6,0,0,0,0,,0,0,0,0,0.0,0,0,0,0,6,0,0,0,0,0,0,0,0,0,0,0.0,0.0,0,1,0,1,0,0,0.0,0,0,0,0.0,0,0,0,0,6,46.15,3,18,66,84,12.6,1,0,95,2,0,0,20385.0,1060000.0,D,32.0,Italy
Kastriot Dermaku,152082,Lecce,2689,italy,2223,33,1,0,6.3,0,0,0,0.0,0.0,1,0,0.0,0,0,0.0,0,1,1,50.0,0,0.0,0,0,0,0,,0,0,0,0,0,1,0,0,0,0,0,0,0,0,0,0.0,,1,1,0,0,0,,0,0.0,0,0,0,1,0,0,0,0,,0,0,0,0,0.0,0,0,0,0,1,0,0,0,0,0,0,0,0,0,0,0.0,0.0,0,0,0,0,0,0,0.0,0,0,0,0.0,0,1,0,0,0,0.0,1,1,1,2,6.3,0,0,2,0,0,0,10769.0,560000.0,D,31.0,Albania
Petar Zovko,1067207,Spezia,2735,italy,2223,72,1,0,6.3,0,0,0,0.0,0.0,2,0,0.0,1,7,33.33,5,14,19,57.58,0,0.0,0,0,0,0,,0,0,0,0,1,1,0,0,0,0,0,0,0,0,0,0.0,,2,2,0,0,0,-0.34,1,100.0,0,1,0,14,0,0,0,0,,0,0,0,0,0.0,0,0,0,0,14,0,1,0,0,1,1,0,1,0,0,0.0,0.0,0,0,0,0,0,0,0.0,1,1,0,0.0,0,7,0,0,1,100.0,21,19,14,33,6.3,0,0,40,0,0,0,5385.0,280000.0,K,20.0,Bosnia-Herzegovina
Vincenzo Fiorillo,28378,Salernitana,2710,italy,2223,90,1,1,6.3,0,0,0,0.0,0.0,7,0,0.0,0,8,50.0,6,7,13,61.9,0,0.0,0,0,0,0,,0,0,0,0,0,1,0,0,0,0,0,0,0,0,0,0.0,,2,2,0,0,0,-0.05,0,0.0,0,1,0,8,0,0,0,0,,0,0,0,0,0.0,0,0,0,0,8,0,0,0,0,0,2,0,2,0,0,0.0,0.0,0,0,0,0,0,0,0.0,0,0,0,0.0,0,14,0,0,0,0.0,16,12,9,21,6.3,0,0,27,0,0,0,9615.0,500000.0,K,33.0,Italy
Christian Acella,1011494,Cremonese,2761,italy,2223,14,1,0,6.3,0,0,0,0.0,0.0,0,0,0.0,1,0,0.0,3,6,9,100.0,0,0.0,0,0,0,0,,0,0,0,0,0,1,0,0,0,2,2,0,0,0,0,0.0,,1,1,0,0,0,,1,33.33,0,0,0,0,0,0,0,0,,0,0,0,0,0.0,0,0,0,0,1,1,0,0,0,0,0,0,0,0,0,0.0,0.0,0,0,0,0,0,0,0.0,0,1,0,0.0,0,0,0,0,1,33.33,0,3,6,9,6.3,0,0,11,0,0,0,1077.0,56000.0,M,20.0,Italy
Mattia Zanotti,1012175,Inter,2697,italy,2223,26,2,0,6.3,0,0,0,0.0,0.01,0,0,0.0,3,0,0.0,3,2,5,71.43,0,0.0,1,0,0,0,,0,0,0,0,0,1,0,0,0,1,4,0,0,2,0,0.0,,0,0,0,0,0,,0,0.0,0,0,0,2,0,1,0,0,,0,0,0,0,0.0,0,0,0,0,3,0,0,0,0,0,0,0,0,0,0,0.0,0.0,0,0,0,0,0,0,0.0,0,0,0,0.0,1,0,0,0,0,0.0,1,4,3,7,6.3,0,0,13,0,0,0,2115.0,110000.0,D,20.0,Italy
Filippo Romagna,356032,Sassuolo,2793,italy,2223,46,2,0,6.3,0,0,0,0.0,0.0,0,0,0.0,0,0,0.0,7,27,34,94.44,2,100.0,0,0,0,0,,0,0,0,0,2,1,0,0,0,0,0,0,0,0,0,0.0,,3,2,1,0,0,,0,0.0,0,0,0,2,0,0,0,0,,0,0,0,0,0.0,0,0,0,0,2,0,0,0,0,0,0,0,0,0,0,0.0,0.0,0,0,0,0,0,0,0.0,0,0,0,0.0,0,1,0,0,2,100.0,1,8,28,36,6.3,0,0,40,0,0,0,14231.0,740000.0,D,25.0,Italy
Salvador Ferrer,958521,Spezia,2735,italy,2223,219,6,1,6.3,0,0,0,0.0,0.03,8,1,25.0,12,11,64.71,33,62,94,79.66,7,46.67,8,0,0,0,,0,0,0,0,6,6,0,0,2,2,14,0,0,2,0,0.0,,6,5,1,0,0,,9,60.0,0,0,0,24,2,1,0,0,,0,0,0,1,0.0,0,0,0,0,37,0,0,0,0,0,0,0,0,0,0,0.0,0.0,0,0,0,0,0,0,0.0,0,4,2,50.0,1,11,0,4,16,53.33,17,53,69,118,37.8,0,0,175,5,0,0,6154.0,320000.0,D,25.0,Spain
Andrea Carboni,970978,Monza,2729,italy,2223,164,4,1,6.25,0,0,0,0.05,0.25,3,2,40.0,9,3,42.86,28,33,59,83.1,0,0.0,3,0,0,0,,0,0,0,0,1,4,0,0,0,3,9,1,0,1,0,0.0,,7,5,2,0,0,,5,45.45,0,0,0,12,3,1,0,0,,0,0,0,0,0.0,0,0,0,0,21,0,0,0,0,0,0,0,0,0,0,0.0,0.0,0,1,0,0,1,1,33.33,0,3,2,66.67,1,7,3,5,5,35.71,7,41,35,71,25.0,1,0,108,1,0,0,17885.0,930000.0,D,21.0,Italy
Filippo Missori,1121184,Roma,2702,italy,2223,181,3,2,6.25,0,0,0,0.0,0.01,2,0,0.0,4,1,50.0,9,18,27,75.0,2,50.0,2,0,0,0,,0,0,0,1,3,2,0,0,1,3,12,0,0,4,0,0.0,,2,2,0,0,0,,4,28.57,0,0,0,9,3,0,0,0,,0,0,0,0,0.0,0,0,0,0,26,1,0,0,0,0,0,0,0,0,0,0.0,0.0,0,0,0,0,0,0,0.0,0,4,3,75.0,0,5,2,2,6,33.33,2,16,22,36,12.5,0,0,83,0,1,0,,,,,
Franck Ribéry,5712,Salernitana,2710,italy,2223,36,1,0,6.2,0,0,0,0.0,0.01,0,0,0.0,5,0,0.0,13,6,19,90.48,0,0.0,0,0,0,0,,0,0,0,0,0,1,0,0,1,0,4,0,0,0,0,0.0,,0,0,0,0,0,,1,20.0,0,0,0,2,0,0,0,0,,0,0,0,0,0.0,0,0,0,0,7,2,0,0,0,0,0,0,0,0,0,0.0,0.0,0,0,0,0,0,0,0.0,0,0,0,0.0,0,0,3,0,1,20.0,0,13,8,21,6.2,0,0,31,1,0,0,,,,,
Andrea Conti,139262,Sampdoria,2711,italy,2223,22,1,0,6.2,0,0,0,0.0,0.0,0,0,0.0,1,0,0.0,2,1,3,42.86,0,0.0,0,0,0,0,,0,0,0,0,0,1,0,0,1,0,1,0,0,0,0,0.0,,1,0,1,0,0,,1,50.0,0,0,0,4,0,0,0,1,,0,0,0,0,0.0,0,0,0,0,6,0,0,0,0,0,0,0,0,0,0,0.0,0.0,0,0,0,0,0,0,0.0,0,0,0,0.0,0,0,0,0,1,50.0,0,6,1,7,6.2,0,0,13,1,0,0,71154.0,3700000.0,D,28.0,Italy
Deyovaisio Zeefuik,843156,Hellas Verona,2701,italy,2223,9,1,0,6.2,0,0,0,0.0,0.02,0,0,0.0,1,0,0.0,1,3,4,80.0,0,0.0,0,0,0,0,,0,0,0,0,0,1,0,0,0,0,1,0,0,0,0,0.0,,1,0,1,0,0,,1,50.0,0,0,0,1,0,0,0,0,,0,0,0,0,0.0,0,0,0,0,3,0,0,0,0,0,0,0,0,0,0,0.0,0.0,0,0,0,0,0,0,0.0,0,1,1,100.0,0,1,1,1,1,50.0,1,3,3,5,6.2,0,0,11,0,0,0,11538.0,600000.0,D,24.0,Netherlands
Federico Marchetti,41445,Spezia,2735,italy,2223,65,1,0,6.0,0,0,0,0.0,0.0,2,0,0.0,0,3,42.86,0,12,12,75.0,0,0.0,0,0,0,0,,0,0,0,0,0,1,0,1,0,0,0,0,0,0,0,0.0,,2,1,1,0,0,-0.55,0,0.0,0,0,0,4,0,0,0,0,,0,0,0,0,0.0,0,0,0,0,4,0,0,1,0,0,0,1,1,0,0,0.0,0.0,0,0,0,0,0,0,0.0,0,0,0,0.0,0,3,0,0,0,0.0,7,2,14,16,6.0,0,0,19,0,0,0,7115.0,370000.0,K,39.0,Italy
Alessandro Russo,918862,Sassuolo,2793,italy,2223,90,1,1,6.0,0,0,0,0.0,0.0,3,0,0.0,0,4,23.53,0,35,35,72.92,0,0.0,0,0,0,0,,0,0,0,0,1,1,0,0,0,0,0,1,0,0,0,0.0,,3,2,1,0,0,-0.22,1,100.0,0,0,0,13,0,0,0,0,,0,0,0,0,0.0,0,0,0,0,13,0,0,0,0,0,2,2,4,0,2,0.0,0.0,0,0,0,0,0,0,0.0,0,0,0,0.0,0,14,0,0,1,100.0,17,10,38,48,6.0,0,0,56,1,0,0,2115.0,110000.0,K,21.0,Italy
Samir Ujkani,27991,Empoli,2705,italy,2223,10,1,0,6.0,0,0,0,0.0,0.0,0,0,0.0,0,0,0.0,0,2,2,100.0,0,0.0,0,0,0,0,,0,0,0,0,0,1,0,0,0,0,0,0,0,0,0,0.0,,1,0,1,0,0,-0.75,0,0.0,0,0,0,0,0,0,0,0,,0,0,0,0,0.0,0,0,0,0,0,0,0,0,0,0,0,0,0,0,0,0.0,0.0,0,0,0,0,0,0,0.0,0,0,0,0.0,0,0,0,0,0,0.0,0,0,2,2,6.0,0,0,3,0,0,0,8846.0,460000.0,K,34.0,Kosovo
Lorenzo Tonelli,24818,Empoli,2705,italy,2223,18,1,0,5.9,0,0,0,0.0,0.0,0,0,0.0,0,1,50.0,2,3,5,71.43,0,0.0,0,0,0,0,,0,0,0,0,0,1,0,1,0,1,1,0,0,0,0,0.0,,2,2,0,0,0,,0,0.0,0,0,0,2,0,0,0,0,,0,0,0,0,0.0,0,0,0,0,2,0,0,1,0,0,0,0,0,0,0,0.0,0.0,0,0,0,0,0,0,0.0,0,0,0,0.0,0,0,0,0,0,0.0,2,4,3,7,5.9,0,0,7,0,0,0,35577.0,1850000.0,D,33.0,Italy
Alessio Cragno,148740,Monza,2729,italy,2223,90,1,1,5.8,0,0,0,0.0,0.0,1,0,0.0,0,2,50.0,1,24,25,92.59,0,0.0,0,0,0,0,,0,0,0,0,0,1,0,0,0,1,1,0,0,0,0,0.0,,3,3,0,0,0,-1.23,0,0.0,0,0,0,2,0,0,0,0,,0,0,0,0,0.0,0,0,0,0,2,0,0,0,0,0,0,2,2,0,0,0.0,0.0,0,0,0,0,0,0,0.0,0,0,0,0.0,0,3,0,0,0,0.0,4,3,24,27,5.8,0,0,33,0,0,0,35577.0,1850000.0,K,28.0,Italy
Luís Maximiano,845797,Lazio,2699,italy,2223,6,1,1,3.0,0,0,0,0.0,0.0,0,0,0.0,0,2,66.67,0,2,2,66.67,0,0.0,0,0,0,0,,0,0,0,0,0,1,0,1,0,0,0,0,0,1,0,0.0,,0,0,0,0,0,,0,0.0,0,0,0,1,0,0,0,0,,0,0,0,0,0.0,0,0,0,0,1,0,0,1,0,1,0,0,0,0,0,0.0,0.0,0,0,0,0,0,0,0.0,1,0,0,0.0,0,0,0,0,0,0.0,3,0,3,3,3.0,0,0,4,0,0,0,24615.0,1280000.0,K,24.0,Portugal
Samuel Ntanda,1397822,Sampdoria,2711,italy,2223,1,1,0,0.0,0,0,0,0.08,0.0,0,0,0.0,0,0,0.0,1,0,1,100.0,0,0.0,0,0,0,0,,0,0,0,0,0,0,0,0,0,0,0,0,0,0,0,0.0,,0,0,0,0,0,,1,100.0,0,0,0,0,0,0,0,0,,0,0,0,0,0.0,0,0,0,0,0,0,0,0,0,0,0,0,0,0,0,0.0,0.0,0,1,0,0,1,1,100.0,0,0,0,0.0,0,0,1,0,1,100.0,0,1,0,1,0.0,1,0,3,0,0,0,,,,,
Telasco Segovia,1106549,Sampdoria,2711,italy,2223,1,1,0,0.0,0,0,0,0.0,0.0,1,0,0.0,0,0,0.0,0,3,3,100.0,0,0.0,0,0,0,0,,0,0,0,0,0,0,0,0,0,0,0,0,0,0,0,0.0,,0,0,0,0,0,,0,0.0,0,0,0,0,0,0,0,0,,0,0,0,0,0.0,0,0,0,0,0,0,0,0,0,0,0,0,0,0,0,0.0,0.0,0,0,0,0,0,0,0.0,0,0,0,0.0,0,1,0,0,0,0.0,0,0,3,3,0.0,0,0,3,0,0,0,1154.0,60000.0,M,19.0,Venezuela
Niccolò Pisilli,1175821,Roma,2702,italy,2223,1,1,0,0.0,0,0,0,0.0,0.0,0,0,0.0,0,0,0.0,0,0,0,0.0,0,0.0,0,0,0,0,,0,0,0,0,0,0,0,0,0,0,0,0,0,0,0,0.0,,0,0,0,0,0,,0,0.0,0,0,0,0,0,0,0,0,,0,0,0,0,0.0,0,0,0,0,0,0,0,0,0,0,0,0,0,0,0,0.0,0.0,0,0,0,0,0,0,0.0,0,0,0,0.0,0,0,0,0,0,0.0,0,0,0,0,0.0,0,0,0,0,0,0,,,,,
Mihailo Ivanović,1165838,Sampdoria,2711,italy,2223,2,1,0,0.0,0,0,0,0.0,0.0,0,0,0.0,0,0,0.0,0,0,0,0.0,0,0.0,0,0,0,0,,0,0,0,0,0,0,0,0,0,0,0,0,0,0,0,0.0,,0,0,0,0,0,,0,0.0,0,0,0,0,0,0,0,0,,0,0,0,0,0.0,0,0,0,0,0,0,0,0,0,0,0,0,0,0,0,0.0,0.0,0,0,0,0,0,0,0.0,0,0,0,0.0,0,0,0,0,0,0.0,0,0,0,0,0.0,0,0,0,0,0,0,,,,,
Antonio Mirante,27955,Milan,2692,italy,2223,1,1,0,0.0,0,0,0,0.0,0.0,0,0,0.0,0,1,100.0,0,4,4,100.0,0,0.0,0,0,0,0,,0,0,0,0,0,0,0,0,0,0,0,0,0,0,0,0.0,,0,0,0,0,0,,0,0.0,0,0,0,0,0,0,0,0,,0,0,0,0,0.0,0,0,0,0,0,0,0,0,0,0,0,0,0,0,0,0.0,0.0,0,0,0,0,0,0,0.0,0,0,0,0.0,0,0,0,0,0,0.0,1,0,4,4,0.0,0,0,4,0,0,0,25000.0,1300000.0,K,39.0,Italy
Ştefan Radu,13592,Lazio,2699,italy,2223,1,1,0,0.0,0,0,0,0.0,0.0,0,0,0.0,0,0,0.0,1,5,6,100.0,0,0.0,0,0,0,0,,0,0,0,0,0,0,0,0,0,0,0,0,0,0,0,0.0,,0,0,0,0,0,,0,0.0,0,0,0,0,0,0,0,0,,0,0,0,0,0.0,0,0,0,0,1,0,0,0,0,0,0,0,0,0,0,0.0,0.0,0,0,0,0,0,0,0.0,0,0,0,0.0,0,0,0,0,0,0.0,0,1,5,6,0.0,0,0,7,0,1,0,42692.0,2220000.0,D,36.0,Romania
Herculano Nabian,1006079,Empoli,2705,italy,2223,1,1,0,0.0,0,0,0,0.0,0.0,0,0,0.0,0,0,0.0,0,0,0,0.0,0,0.0,0,0,0,0,,0,0,0,0,0,0,0,0,0,0,1,0,0,0,0,0.0,,0,0,0,0,0,,0,0.0,0,0,0,0,0,0,0,0,,0,0,0,0,0.0,0,0,0,0,1,0,0,0,0,0,0,0,0,0,0,0.0,0.0,0,0,0,0,0,0,0.0,0,0,0,0.0,0,0,1,0,0,0.0,0,0,0,0,0.0,0,0,1,0,0,0,,,,,
Duccio Degli Innocenti,1015856,Empoli,2705,italy,2223,1,1,0,0.0,0,0,0,0.0,0.0,0,0,0.0,0,0,0.0,0,0,0,0.0,0,0.0,0,0,0,0,,0,0,0,0,0,0,0,0,0,0,0,0,0,0,0,0.0,,1,1,0,0,0,,0,0.0,0,0,0,0,1,0,0,0,,0,0,0,0,0.0,0,0,0,0,0,0,0,0,0,0,0,0,0,0,0,0.0,0.0,0,0,0,0,0,0,0.0,0,0,0,0.0,0,0,0,0,0,0.0,0,0,0,0,0.0,0,0,1,0,0,0,1077.0,56000.0,M,19.0,Italy
Marco Bertini,1009691,Lazio,2699,italy,2223,1,1,0,0.0,0,0,0,0.0,0.0,0,0,0.0,0,0,0.0,0,0,0,0.0,0,0.0,0,0,0,0,,0,0,0,0,0,0,0,0,0,0,0,0,0,0,0,0.0,,0,0,0,0,0,,0,0.0,0,0,0,0,0,0,0,0,,0,0,0,0,0.0,0,0,0,0,0,0,0,0,0,0,0,0,0,0,0,0.0,0.0,0,0,0,0,0,0,0.0,0,0,0,0.0,0,0,0,0,0,0.0,0,0,0,0,0.0,0,0,0,0,0,0,1346.0,70000.0,M,20.0,Italy
