player,player_id,team,team_id,data_country,data_season,minutesPlayed,appearances,matchesStarted,rating,goals,assists,goalsAssistsSum,expectedGoals,expectedAssists,accurateChippedPasses,accurateCrosses,accurateCrossesPercentage,accurateFinalThirdPasses,accurateLongBalls,accurateLongBallsPercentage,accurateOppositionHalfPasses,accurateOwnHalfPasses,accuratePasses,accuratePassesPercentage,aerialDuelsWon,aerialDuelsWonPercentage,aerialLost,attemptPenaltyMiss,attemptPenaltyPost,attemptPenaltyTarget,ballRecovery,bigChancesCreated,bigChancesMissed,blockedShots,cleanSheet,clearances,countRating,crossesNotClaimed,directRedCards,dispossessed,dribbledPast,duelLost,errorLeadToGoal,errorLeadToShot,fouls,freeKickGoal,goalConversionPercentage,goalKicks,goalsConceded,goalsConcededInsideTheBox,goalsConcededOutsideTheBox,goalsFromInsideTheBox,goalsFromOutsideTheBox,goalsPrevented,groundDuelsWon,groundDuelsWonPercentage,headedGoals,highClaims,hitWoodwork,inaccuratePasses,interceptions,keyPasses,leftFootGoals,offsides,outfielderBlocks,ownGoals,passToAssist,penaltiesTaken,penaltyConceded,penaltyConversion,penaltyFaced,penaltyGoals,penaltySave,penaltyWon,possessionLost,possessionWonAttThird,punches,redCards,rightFootGoals,runsOut,savedShotsFromInsideTheBox,savedShotsFromOutsideTheBox,saves,savesCaught,savesParried,scoringFrequency,setPieceConversion,shotFromSetPiece,shotsFromInsideTheBox,shotsFromOutsideTheBox,shotsOffTarget,shotsOnTarget,successfulDribbles,successfulDribblesPercentage,successfulRunsOut,tackles,tacklesWon,tacklesWonPercentage,totalAttemptAssist,totalChippedPasses,totalContest,totalCross,totalDuelsWon,totalDuelsWonPercentage,totalLongBalls,totalOppositionHalfPasses,totalOwnHalfPasses,totalPasses,totalRating,totalShots,totwAppearances,touches,wasFouled,yellowCards,yellowRedCards,gross_weekly_eur,gross_annual_eur,position,age,nationality
Rodri,827606,Manchester City,17,england,2324,2938,34,34,8.01,8,9,17,4.07,6.1,265,0,0.0,1019,241,80.6,2122,1237,3359,92.46,55,70.51,23,0,0,0,235,8,2,16,11,40,34,0,1,32,31,139,1,3,41,0,12.9,0,26,24,2,4,4,,146,55.73,0,0,0,274,26,50,3,6,8,0,1,0,0,0.0,0,0,0,1,361,33,0,1,5,0,0,0,0,0,0,367.25,0.0,0,25,37,24,22,42,75.0,0,70,43,61.43,49,340,56,12,201,59.12,299,2342,1303,3633,272.4,62,13,4116,35,8,0,254864.0,13252913.0,M,27.0,Spain
Arijanet Murić,888971,Burnley,6,england,2324,900,10,10,8.0,0,0,0,,0.05,75,0,0.0,28,106,39.55,74,281,355,67.49,4,100.0,0,0,0,0,106,1,0,0,0,14,10,0,0,0,0,0,2,2,0,0,0.0,33,16,15,1,0,0,6.09,3,100.0,0,19,0,171,0,4,0,0,0,1,0,0,0,0.0,2,0,1,0,181,0,4,0,0,17,42,21,64,0,14,0.0,0.0,0,0,0,0,0,0,0.0,16,1,1,100.0,4,126,0,0,7,100.0,268,205,321,526,80.0,0,3,688,3,0,0,28962.0,1506013.0,K,25.0,Kosovo
Kevin De Bruyne,70996,Manchester City,17,england,2324,1235,18,15,7.93,4,10,14,2.41,7.13,12,35,25.74,379,22,73.33,582,127,674,83.83,6,54.55,5,0,0,0,54,21,1,14,1,4,18,0,0,20,13,70,0,0,11,0,9.09,0,8,7,1,3,1,,37,36.27,1,0,0,130,4,59,1,1,0,0,0,0,0,0.0,0,0,0,0,296,24,0,0,2,0,0,0,0,0,0,308.75,0.0,6,17,27,13,17,10,32.26,0,14,9,64.29,59,31,31,136,43,38.05,30,800,140,804,142.7,44,6,1154,13,2,0,463389.0,24096205.0,F,32.0,Belgium
Phil Foden,859765,Manchester City,17,england,2324,2873,35,33,7.79,19,8,27,10.34,6.93,41,19,21.35,677,42,62.69,1143,364,1488,89.1,6,26.09,17,0,0,0,127,10,7,41,8,16,35,0,0,49,18,143,0,1,14,2,18.1,0,27,24,3,13,6,,138,52.27,1,0,1,182,13,73,17,5,0,0,0,0,1,0.0,0,0,0,0,417,35,0,0,1,0,0,0,0,0,0,151.21,50.0,4,59,46,16,48,47,50.54,0,31,20,64.52,73,69,93,89,144,50.17,67,1356,403,1670,272.8,105,9,2299,60,2,0,260656.0,13554115.0,F,23.0,England
Bruno Fernandes,288205,Manchester United,35,england,2324,3119,35,35,7.75,10,8,18,9.94,9.74,149,52,23.32,666,152,57.36,1088,481,1517,79.38,21,43.75,27,0,0,1,200,21,7,27,7,47,35,0,0,35,58,180,0,2,41,0,10.53,0,52,48,4,8,2,,115,42.91,1,0,3,394,27,116,2,13,6,0,2,5,0,80.0,0,4,0,0,695,34,0,0,7,0,0,0,0,0,0,311.9,0.0,11,39,56,27,41,19,47.5,0,68,38,55.88,114,274,40,223,136,43.04,265,1585,549,1911,271.2,95,7,2687,28,9,0,278033.0,14457723.0,F,29.0,Portugal
Michael Olise,978838,Crystal Palace,7,england,2324,1277,19,14,7.74,10,6,16,5.51,4.99,27,25,25.77,222,25,71.43,369,162,506,83.09,7,31.82,15,0,0,0,68,9,3,21,1,9,19,0,0,33,16,110,0,0,13,0,17.54,0,19,17,2,8,2,,102,51.78,1,0,0,103,11,36,9,2,0,0,0,1,0,100.0,0,1,0,0,299,7,0,0,0,0,0,0,0,0,0,127.7,0.0,4,34,23,15,21,40,54.79,0,19,10,52.63,36,40,73,97,109,49.77,35,523,183,609,147.0,57,6,1078,43,0,0,115847.0,6024051.0,F,22.0,France
Bukayo Saka,934235,Arsenal,42,england,2324,2933,35,35,7.72,16,9,25,15.5,11.0,33,45,24.86,650,27,42.86,924,208,1087,82.98,24,39.34,37,0,0,0,155,15,11,44,3,19,35,0,0,53,33,212,1,0,41,0,14.81,0,27,24,3,15,1,,183,51.12,1,0,3,223,15,91,11,8,2,0,0,6,0,100.0,0,6,0,1,537,37,0,0,4,0,0,0,0,0,0,183.31,0.0,0,80,28,27,37,49,47.57,0,66,35,53.03,91,61,103,181,207,49.4,63,1236,255,1310,270.2,108,5,2130,69,4,0,225902.0,11746900.0,F,22.0,England
Cole Palmer,982780,Chelsea,38,england,2324,2624,34,29,7.7,22,11,33,18.21,8.75,74,16,19.75,509,69,65.71,785,320,1089,83.32,1,20.0,4,0,0,0,105,17,7,33,1,11,34,0,0,44,11,128,0,2,24,0,20.18,0,46,41,5,19,3,,101,44.89,2,0,1,218,20,72,17,6,2,0,0,9,0,100.0,0,9,0,1,451,26,0,0,3,0,0,0,0,0,0,119.27,0.0,11,52,57,30,46,52,53.06,0,23,12,52.17,72,127,98,81,102,44.35,105,1020,368,1307,261.8,109,8,1893,26,7,0,92678.0,4819241.0,F,21.0,England
Martin Ødegaard,547410,Arsenal,42,england,2324,3098,35,35,7.67,8,10,18,7.4,11.17,37,30,38.96,811,45,60.81,1196,483,1649,86.79,3,25.0,9,0,0,0,158,17,4,30,13,5,35,0,0,58,41,176,0,0,30,0,10.39,0,23,19,4,7,1,,122,42.21,0,0,0,251,15,102,8,3,1,0,0,2,0,100.0,0,2,0,1,463,41,0,0,0,0,0,0,0,0,0,387.25,0.0,4,38,39,24,23,37,49.33,0,49,17,34.69,102,88,75,77,125,41.53,74,1463,514,1900,268.5,77,6,2463,36,2,0,278033.0,14457723.0,F,25.0,Norway
James Maddison,356398,Tottenham Hotspur,33,england,2324,2152,28,26,7.59,4,9,13,6.43,6.27,25,23,17.29,546,43,62.32,874,326,1177,87.44,3,33.33,6,0,0,0,60,11,4,19,1,8,28,0,0,34,14,108,0,1,21,0,6.9,0,31,30,1,3,1,,139,57.68,0,0,0,169,13,68,1,2,3,0,1,0,0,0.0,0,0,0,0,395,19,0,0,3,0,0,0,0,0,0,538.0,0.0,3,31,27,16,23,32,48.48,0,33,19,57.58,67,76,66,133,142,56.8,69,1138,341,1346,212.4,58,4,1884,74,5,0,196940.0,10240887.0,F,27.0,England
Mohamed Salah,159665,Liverpool,44,england,2324,2535,32,28,7.58,18,10,28,21.21,7.5,28,10,24.39,378,24,64.86,565,153,708,75.72,6,30.0,14,0,0,2,84,22,17,24,7,1,32,0,0,59,15,149,0,0,12,0,15.79,0,30,26,4,17,1,,70,34.15,2,0,2,227,2,68,14,17,1,0,2,7,0,71.43,0,5,0,1,467,27,0,0,2,0,0,0,0,0,0,140.83,0.0,1,92,22,34,56,27,35.53,0,17,11,64.71,66,75,76,41,76,33.78,37,801,175,935,242.6,114,5,1468,26,2,0,405465.0,21084179.0,F,31.0,Egypt
Eberechi Eze,864921,Crystal Palace,7,england,2324,2065,27,24,7.58,11,4,15,9.12,5.55,22,35,32.71,265,27,69.23,458,239,662,83.69,12,33.33,24,0,0,0,135,7,5,28,2,4,26,0,0,48,16,176,0,0,27,1,13.25,0,28,27,1,7,4,,152,50.0,0,0,0,129,11,54,2,11,2,0,0,1,1,100.0,0,1,0,1,405,32,0,0,9,0,0,0,0,0,0,187.73,8.33,12,43,40,21,34,69,51.88,0,35,17,48.57,54,45,133,107,164,48.24,39,636,262,791,197.1,83,5,1442,48,3,0,115847.0,6024051.0,F,25.0,England
Pascal Groß,48480,Brighton & Hove Albion,30,england,2324,3114,36,34,7.55,4,10,14,6.14,9.2,109,89,37.39,718,98,56.98,1423,1305,2639,90.16,14,45.16,17,0,0,0,144,11,9,20,6,27,36,0,0,28,41,121,1,2,23,0,7.27,0,50,45,5,3,1,,113,52.07,0,0,1,288,22,104,1,3,8,0,1,1,1,100.0,0,1,0,0,526,22,0,0,3,0,0,0,0,0,0,778.5,0.0,4,25,30,15,20,16,55.17,0,70,46,65.71,103,193,29,238,127,51.21,172,1794,1371,2927,271.9,55,10,3630,27,7,0,75301.0,3915633.0,M,32.0,Germany
Heung-min Son,111505,Tottenham Hotspur,33,england,2324,2946,35,34,7.55,17,10,27,12.01,8.34,17,5,13.89,445,11,68.75,619,258,872,85.07,5,23.81,16,0,0,0,80,20,7,22,3,4,35,0,0,41,11,126,0,0,12,0,20.0,0,51,48,3,16,1,,99,47.37,0,0,4,153,8,69,4,20,1,1,1,2,1,100.0,0,2,0,1,334,33,0,0,13,0,0,0,0,0,0,173.29,0.0,0,66,19,23,40,39,45.35,0,21,13,61.9,68,23,86,36,104,45.22,16,784,277,1025,264.3,85,6,1471,39,1,0,220110.0,11445697.0,F,31.0,South Korea
Bernardo Silva,331209,Manchester City,17,england,2324,2581,33,29,7.53,6,9,15,3.73,7.97,69,17,20.48,703,59,63.44,1134,514,1631,89.42,2,18.18,9,0,0,0,102,13,3,8,9,12,32,0,0,34,32,118,0,1,22,0,17.65,0,26,22,4,5,1,,115,51.34,0,0,1,193,17,64,5,3,4,0,0,0,0,0.0,0,0,0,0,371,30,0,0,1,0,0,0,0,0,0,430.17,0.0,0,26,8,11,15,38,64.41,0,51,23,45.1,64,113,59,83,117,49.79,93,1359,548,1824,241.0,34,4,2304,26,8,0,347541.0,18072154.0,F,29.0,Portugal
Bruno Guimarães,866469,Newcastle United,39,england,2324,3268,37,37,7.49,7,8,15,4.82,6.28,132,12,37.5,564,129,59.17,1033,903,1924,84.98,18,42.86,24,0,0,0,237,12,2,16,7,19,37,0,0,70,37,218,0,0,50,0,14.58,1,60,51,9,6,1,,268,58.01,1,0,1,340,35,62,1,0,14,0,0,0,0,0.0,0,0,0,0,550,31,0,0,5,0,0,0,0,0,0,466.86,0.0,0,26,22,16,16,72,63.72,0,88,53,60.23,62,238,113,32,286,56.75,218,1323,973,2264,277.3,48,5,2998,108,9,0,185355.0,9638482.0,M,26.0,Brazil
Andrew Robertson,262911,Liverpool,44,england,2324,1691,23,18,7.43,3,2,5,1.95,4.4,40,56,30.43,300,47,48.96,639,508,1091,87.7,14,51.85,13,0,0,0,104,10,0,3,2,34,23,0,0,6,17,55,0,0,9,0,25.0,0,22,20,2,3,0,,45,51.72,0,0,0,153,13,65,2,3,6,0,3,0,0,0.0,0,0,0,0,335,3,0,0,1,0,0,0,0,0,0,563.67,0.0,0,10,2,2,7,5,29.41,0,35,24,68.57,62,78,17,184,59,51.75,96,873,555,1244,171.0,12,1,1744,5,2,0,185355.0,9638482.0,D,29.0,Scotland
Declan Rice,856714,Arsenal,42,england,2324,3230,38,37,7.43,7,8,15,3.34,4.8,61,21,35.0,653,78,55.32,1186,854,2019,90.66,39,45.88,46,0,0,0,178,9,2,23,11,51,38,0,0,22,25,143,0,0,34,0,12.07,0,28,24,4,5,2,,117,54.67,2,0,2,208,44,47,0,2,11,0,0,0,2,0.0,0,0,0,0,329,28,0,0,5,0,0,0,0,0,0,461.43,0.0,2,25,33,15,20,21,51.22,0,83,51,61.45,47,96,41,60,156,52.17,141,1375,912,2227,282.4,58,1,2729,13,5,0,278033.0,14457723.0,M,25.0,England
Jérémy Doku,934386,Manchester City,17,england,2324,1599,29,18,7.42,3,8,11,2.53,5.86,11,12,19.67,404,14,100.0,575,113,676,86.01,2,40.0,3,0,0,0,75,5,1,22,0,2,29,0,0,37,11,129,0,0,15,0,5.45,0,19,17,2,3,0,,159,55.79,0,0,2,110,9,45,0,5,0,0,0,0,0,0.0,0,0,0,2,323,18,0,0,3,0,0,0,0,0,0,533.0,0.0,0,46,9,14,19,87,57.62,0,39,22,56.41,45,14,151,61,161,55.52,14,720,127,786,215.1,55,5,1310,33,3,0,57924.0,3012026.0,F,21.0,Belgium
Anthony Gordon,914902,Newcastle United,39,england,2324,2899,35,34,7.41,11,10,21,10.23,5.58,23,30,27.03,338,29,56.86,563,221,754,81.78,9,33.33,18,0,0,0,125,16,9,26,4,4,35,0,0,40,42,194,0,0,38,0,13.58,0,48,42,6,10,1,,176,50.0,0,0,3,168,7,57,1,8,0,0,0,1,0,100.0,0,1,0,6,424,28,0,1,10,0,0,0,0,0,0,263.55,0.0,1,52,29,24,31,54,48.65,0,55,34,61.82,57,45,111,111,185,48.81,51,772,261,922,259.5,81,3,1573,67,10,1,69508.0,3614431.0,F,22.0,England
Joško Gvardiol,964994,Manchester City,17,england,2324,2328,28,26,7.4,4,1,5,3.1,2.07,30,4,12.12,443,41,63.08,921,612,1529,88.28,31,56.36,24,0,0,0,150,2,4,6,9,26,28,0,0,14,17,89,1,2,20,0,12.5,0,23,20,3,4,0,,103,61.31,1,0,0,203,27,18,0,2,12,0,0,0,0,0.0,0,0,0,1,300,17,0,0,3,0,0,0,0,0,0,582.0,0.0,0,20,12,12,14,26,65.0,0,55,33,60.0,18,57,40,33,134,60.09,65,1082,683,1732,207.2,32,8,2264,22,3,0,231694.0,12048102.0,D,22.0,Croatia
Thomas Strakosha,227212,Brentford,50,england,2324,135,2,1,7.4,0,0,0,0.0,0.01,12,0,0.0,2,16,45.71,5,42,47,71.21,1,100.0,0,0,0,0,11,0,0,0,0,1,2,0,0,0,0,0,0,0,0,0,0.0,15,2,2,0,0,0,-0.43,0,0.0,0,2,0,19,0,0,0,0,0,0,0,0,0,0.0,0,0,0,0,19,0,1,0,0,0,3,3,6,0,3,0.0,0.0,0,0,0,0,0,0,0.0,0,0,0,0.0,0,23,0,0,1,100.0,35,19,47,66,14.8,0,0,81,1,0,0,28962.0,1506013.0,K,28.0,Albania
Virgil van Dijk,151545,Liverpool,44,england,2324,3178,36,36,7.38,2,2,4,2.83,1.03,119,0,0.0,277,156,62.4,1010,1617,2627,91.47,140,81.4,32,0,0,0,170,3,3,10,9,142,36,0,1,4,2,63,0,0,23,0,4.44,80,40,36,4,2,0,,55,63.95,1,0,2,245,39,11,0,1,34,0,0,0,0,0.0,0,0,0,0,260,1,0,1,1,0,0,0,0,0,0,1589.0,0.0,1,41,4,21,14,2,50.0,0,40,23,57.5,11,183,4,0,195,75.58,250,1177,1695,2872,265.6,45,11,3267,13,3,0,254864.0,13252913.0,D,32.0,Netherlands
Solly March,301288,Brighton & Hove Albion,30,england,2324,558,7,7,7.37,3,1,4,1.96,0.95,5,7,33.33,71,4,57.14,117,70,180,81.45,6,60.0,4,0,0,0,36,2,1,6,0,8,7,0,0,10,6,40,0,0,12,0,21.43,0,11,10,1,3,0,,35,49.3,1,0,0,41,11,7,2,7,0,0,0,0,0,0.0,0,0,0,0,84,4,0,0,0,0,0,0,0,0,0,186.0,0.0,1,8,6,2,6,8,50.0,0,19,14,73.68,7,8,16,21,41,50.62,7,159,83,221,51.6,14,1,368,8,1,0,57924.0,3012026.0,F,29.0,England
Erling Haaland,839956,Manchester City,17,england,2324,2556,31,29,7.36,27,5,32,29.32,2.22,1,0,0.0,141,3,60.0,210,85,295,77.43,39,47.56,43,0,1,0,47,6,34,23,6,16,31,0,0,19,1,96,0,0,18,0,22.31,0,25,21,4,25,2,,49,48.04,4,0,2,86,2,29,20,6,1,0,0,8,0,87.5,0,7,0,2,170,24,0,0,2,0,0,0,0,0,0,94.67,0.0,1,114,7,39,59,12,42.86,0,6,3,50.0,29,4,28,5,88,47.83,5,285,101,381,228.3,121,5,697,31,1,0,434427.0,22590192.0,F,23.0,Norway
Alphonse Aréola,96531,West Ham United,37,england,2324,2699,31,31,7.36,0,0,0,0.0,0.02,75,0,0.0,18,184,38.98,103,323,426,59.33,12,85.71,2,0,0,0,225,0,0,0,4,27,31,1,0,0,2,5,0,0,2,0,0.0,219,53,46,7,0,0,-0.24,3,50.0,0,20,0,292,1,0,0,0,0,1,0,0,2,0.0,7,0,2,0,305,0,11,0,0,4,85,53,138,0,46,0.0,0.0,0,0,0,0,0,1,100.0,4,1,1,100.0,0,165,1,0,15,75.0,472,323,395,718,228.2,0,3,1074,3,1,0,139017.0,7228861.0,K,30.0,France
Julián Alvarez,944656,Manchester City,17,england,2324,2657,36,31,7.36,11,9,20,13.12,6.29,18,28,20.44,499,24,70.59,763,241,976,87.93,5,17.24,24,0,0,0,98,7,10,23,4,13,35,0,0,36,24,129,0,1,23,1,11.22,0,24,23,1,10,1,,56,34.78,1,0,2,134,2,67,2,2,0,0,0,2,0,100.0,0,2,0,2,364,32,0,0,8,0,0,0,0,0,0,241.55,7.69,13,62,36,35,40,20,47.62,0,24,13,54.17,67,38,42,137,61,32.11,34,973,274,1110,257.5,98,1,1632,13,2,0,115847.0,6024051.0,F,24.0,Argentina
Pedro Porro,913654,Tottenham Hotspur,33,england,2324,3092,35,35,7.34,3,7,10,2.95,6.03,70,37,18.69,477,77,43.26,871,651,1485,79.62,17,54.84,14,0,0,0,199,13,2,15,5,80,35,0,0,15,58,147,1,2,37,0,5.66,0,54,52,2,3,0,,142,51.64,0,0,2,380,34,51,0,1,18,0,0,0,1,0.0,0,0,0,0,645,13,0,0,3,0,0,0,0,0,0,1030.67,0.0,4,27,26,26,12,26,52.0,0,91,63,69.23,51,164,50,198,159,51.96,178,1277,786,1865,257.0,53,5,2911,27,3,0,98470.0,5120444.0,D,24.0,Spain
Ollie Watkins,555386,Aston Villa,40,england,2324,3221,37,37,7.32,19,13,32,16.93,4.16,13,2,15.38,212,3,27.27,324,131,453,76.78,50,37.88,82,0,0,0,64,11,22,21,4,19,37,0,0,57,6,194,0,0,22,0,17.76,0,56,50,6,19,0,,78,41.05,5,0,5,137,4,45,4,16,4,0,0,0,0,0.0,0,0,0,2,324,19,0,0,10,0,0,0,0,0,0,169.53,0.0,0,96,11,39,47,26,45.61,0,12,7,58.33,45,24,57,13,128,39.75,11,447,156,590,270.8,107,4,1075,41,4,0,150601.0,7831267.0,F,28.0,England
Conor Bradley,1008402,Liverpool,44,england,2324,761,11,10,7.32,1,3,4,0.89,1.19,11,4,22.22,121,15,50.0,224,131,351,80.32,11,68.75,5,0,0,0,50,2,0,4,0,13,11,0,0,10,14,51,0,0,8,0,8.33,0,7,6,1,1,0,,58,55.77,0,0,0,86,10,15,0,2,1,1,0,0,0,0.0,0,0,0,0,155,6,0,0,1,0,0,0,0,0,0,761.0,0.0,0,9,3,4,4,13,48.15,0,33,25,75.76,15,20,27,18,69,57.5,30,302,153,437,80.5,12,2,705,12,2,0,11585.0,602405.0,D,20.0,Northern Ireland
James Tarkowski,145188,Everton,48,england,2324,3419,38,38,7.32,1,1,2,2.62,2.72,102,3,50.0,187,159,53.36,444,745,1186,77.77,145,70.05,62,0,0,0,186,5,4,5,13,186,38,0,0,16,21,147,1,1,45,0,4.0,1,51,45,6,1,0,,97,53.3,1,0,1,339,56,23,0,1,56,0,1,0,1,0.0,0,0,0,0,391,6,0,0,0,0,0,0,0,0,0,3419.0,0.0,0,22,3,15,5,16,80.0,0,61,42,68.85,22,209,20,6,242,62.21,298,713,818,1525,278.0,25,6,2097,25,11,0,115847.0,6024051.0,D,31.0,England
Conor Gallagher,904970,Chelsea,38,england,2324,3135,37,37,7.31,5,7,12,4.2,3.49,55,18,28.13,546,54,66.67,1013,771,1766,91.5,25,47.17,28,0,0,0,221,11,5,12,8,30,37,0,0,39,44,210,0,0,83,0,10.42,0,55,50,5,3,2,,187,50.68,0,0,3,164,43,53,1,1,11,0,0,0,0,0.0,0,0,0,0,347,39,0,1,4,0,0,0,0,0,0,627.0,0.0,0,21,27,18,18,38,67.86,0,85,52,61.18,53,84,56,64,212,50.24,81,1189,805,1930,270.5,48,1,2603,64,7,1,57924.0,3012026.0,M,23.0,England
Kieran Trippier,69256,Newcastle United,39,england,2324,2240,28,26,7.31,1,10,11,0.67,7.07,96,69,32.55,349,79,44.63,711,724,1366,79.7,31,64.58,17,0,0,0,162,13,0,2,4,47,27,0,0,9,40,99,2,1,27,0,12.5,0,43,36,7,1,0,,94,53.41,0,0,2,348,24,65,1,3,8,0,0,0,0,0.0,0,0,0,0,542,12,0,0,0,0,0,0,0,0,0,2240.0,0.0,4,1,7,4,2,16,72.73,0,57,27,47.37,65,207,22,212,125,55.8,177,1090,836,1714,197.3,8,5,2429,21,5,0,139017.0,7228861.0,D,33.0,England
Trent Alexander-Arnold,795064,Liverpool,44,england,2324,2159,28,25,7.31,3,4,7,2.61,6.09,135,55,32.74,382,147,44.41,814,582,1341,79.58,8,57.14,6,0,0,0,176,17,2,14,4,42,28,0,0,6,60,102,2,3,9,1,6.38,0,28,25,3,2,1,,76,44.19,0,0,3,344,31,64,0,2,2,0,0,0,0,0.0,0,0,0,0,567,15,0,0,3,0,0,0,0,0,0,719.67,20.0,5,15,32,25,8,28,57.14,0,39,26,66.67,64,285,49,168,84,45.16,331,1212,641,1685,204.6,47,3,2366,9,6,0,208525.0,10843292.0,D,25.0,England
James Ward-Prowse,161717,West Ham United,37,england,2324,3019,37,34,7.29,7,7,14,6.2,6.25,48,64,33.86,359,50,63.29,756,627,1319,89.61,26,44.07,33,0,0,0,145,12,1,13,5,44,37,0,0,11,26,100,0,0,24,0,15.91,0,65,57,8,6,1,,76,53.15,1,0,1,153,38,64,1,0,9,0,0,2,0,100.0,0,2,0,0,319,13,0,0,5,0,0,0,0,0,0,431.29,0.0,16,15,29,13,18,11,61.11,0,45,29,64.44,64,84,18,189,102,50.5,79,991,670,1472,269.7,44,3,1991,20,4,0,133224.0,6927659.0,M,29.0,England
Bryan Mbeumo,927083,Brentford,50,england,2324,1959,25,22,7.27,9,6,15,9.81,5.63,22,29,31.52,251,17,50.0,363,136,470,72.31,23,33.82,45,0,0,0,93,6,9,11,4,12,25,0,0,39,14,160,0,0,22,0,16.98,0,31,28,3,8,1,,83,41.92,0,0,3,180,7,32,8,3,2,0,0,3,0,100.0,0,3,0,0,407,19,0,0,1,0,0,0,0,0,0,217.67,0.0,4,39,14,22,20,26,38.24,0,15,10,66.67,32,53,68,92,106,39.85,34,576,166,650,181.8,53,2,1143,42,2,0,52131.0,2710823.0,F,24.0,Cameroon
Douglas Luiz,867887,Aston Villa,40,england,2324,3001,35,35,7.27,9,5,14,6.97,5.35,110,31,26.96,417,99,66.0,897,897,1763,89.36,25,56.82,19,0,0,0,184,10,3,20,5,17,35,0,0,31,28,141,1,1,51,0,18.75,1,57,50,7,7,2,,123,50.2,1,0,1,210,23,53,0,0,8,0,0,4,0,100.0,0,4,0,0,383,23,0,0,8,0,0,0,0,0,0,333.44,0.0,5,20,28,11,17,24,60.0,0,58,38,65.52,53,179,40,115,148,51.21,150,1127,961,1973,254.3,48,2,2455,41,12,0,86885.0,4518038.0,M,25.0,Brazil
Diogo Jota,606164,Liverpool,44,england,2324,1156,21,14,7.26,10,3,13,5.32,1.74,3,0,0.0,125,9,69.23,214,72,286,74.48,18,31.58,39,0,0,0,48,4,3,11,1,4,21,0,0,18,13,115,0,0,27,0,24.39,0,10,10,0,9,1,,58,43.28,1,0,0,98,7,22,4,3,1,0,0,0,0,0.0,0,0,0,2,192,6,0,1,5,0,0,0,0,0,0,115.6,0.0,0,38,3,10,20,15,41.67,0,23,13,56.52,22,8,36,9,76,39.79,13,304,89,384,152.5,41,1,644,21,1,1,162186.0,8433672.0,F,27.0,Portugal
Manor Solomon,862223,Tottenham Hotspur,33,england,2324,208,5,2,7.26,0,2,2,0.42,0.75,0,1,20.0,50,2,100.0,61,17,77,90.59,0,0.0,1,0,0,0,11,1,0,3,0,1,5,0,0,2,1,13,0,0,2,0,0.0,0,2,2,0,0,0,,14,53.85,0,0,0,8,3,12,0,1,0,0,0,0,0,0.0,0,0,0,0,26,1,0,0,0,0,0,0,0,0,0,0.0,0.0,0,5,2,3,1,10,58.82,0,3,3,100.0,12,1,17,5,14,51.85,2,72,18,85,36.3,7,0,141,1,1,0,69508.0,3614431.0,F,24.0,Israel
Morgan Gibbs-White,865912,Nottingham Forest,14,england,2324,3160,37,35,7.26,5,10,15,6.92,6.76,58,54,29.67,406,73,56.59,729,312,987,76.87,61,46.56,70,0,0,0,179,16,5,25,3,18,37,0,0,44,19,222,0,0,37,0,7.04,0,59,50,9,4,1,,136,47.22,1,0,2,297,17,75,0,6,8,0,1,1,0,100.0,0,1,0,0,619,20,0,0,4,0,0,0,0,0,0,632.0,0.0,4,35,36,31,15,44,44.44,0,36,24,66.67,74,117,99,182,197,47.02,129,1095,371,1284,268.6,71,2,2030,57,9,0,92678.0,4819241.0,F,24.0,England
Matheus Cunha,886363,Wolverhampton,3,england,2324,2453,32,29,7.26,12,7,19,9.49,2.95,19,2,8.33,220,18,56.25,386,257,641,81.55,16,25.4,47,0,0,0,114,7,6,15,1,20,32,0,0,53,22,213,0,1,31,0,16.44,0,46,40,6,12,0,,144,46.45,2,0,3,145,13,28,1,4,7,0,0,1,0,100.0,0,1,0,1,377,23,0,0,9,0,0,0,0,0,0,204.42,0.0,0,49,24,20,38,64,51.2,0,30,16,53.33,28,40,125,24,160,42.9,32,528,282,786,232.2,73,4,1377,50,9,0,69508.0,3614431.0,F,24.0,Brazil
Ben White,846036,Arsenal,42,england,2324,2995,37,35,7.26,4,4,8,1.15,3.66,45,13,22.81,511,51,41.13,945,725,1657,86.71,36,62.07,22,0,0,0,120,7,0,1,13,67,36,0,0,9,32,92,0,1,19,0,30.77,0,26,22,4,4,0,,69,49.64,1,0,0,254,32,39,2,11,22,0,0,0,0,0.0,0,0,0,0,398,18,0,0,1,0,0,0,0,0,0,748.75,0.0,0,10,3,4,8,9,42.86,0,48,28,58.33,39,110,21,57,105,53.3,124,1179,789,1911,261.2,13,2,2508,12,8,0,173771.0,9036077.0,D,26.0,England
Cristian Romero,829932,Tottenham Hotspur,33,england,2324,2792,33,33,7.25,5,0,5,3.45,1.52,48,0,0.0,315,60,55.56,924,1452,2376,91.88,90,69.77,39,0,0,0,189,1,6,4,7,100,33,0,1,4,12,86,0,1,31,0,20.83,10,42,40,2,3,2,,92,66.19,3,0,2,210,44,7,0,1,22,1,0,0,2,0.0,0,0,0,0,233,8,0,1,2,0,0,0,0,0,0,558.4,0.0,0,21,3,10,10,5,83.33,0,66,40,60.61,7,83,6,3,182,67.91,108,1031,1558,2586,239.1,24,5,2981,24,7,0,191148.0,9939685.0,D,25.0,Argentina
Dwight McNeil,935543,Everton,48,england,2324,2897,35,33,7.24,3,6,9,3.44,8.18,43,65,28.38,289,46,46.46,574,275,784,78.32,16,44.44,20,0,0,0,177,17,3,20,11,27,35,0,0,60,31,160,0,0,18,0,5.26,0,39,33,6,2,1,,107,43.32,0,0,3,217,22,70,3,4,7,0,1,0,0,0.0,0,0,0,0,553,33,0,0,0,0,0,0,0,0,0,965.67,0.0,0,28,29,22,15,30,49.18,0,44,27,61.36,69,85,61,229,123,43.46,99,902,328,1001,253.4,57,3,1757,33,2,0,28962.0,1506013.0,F,24.0,England
Alexis Mac Allister,895324,Liverpool,44,england,2324,2609,33,31,7.24,5,5,10,3.66,4.89,66,10,31.25,455,61,57.55,1034,668,1692,87.8,31,51.67,29,0,0,0,195,3,2,19,4,25,33,0,1,35,66,193,1,0,53,0,11.36,0,34,30,4,3,2,,164,50.0,1,0,1,235,35,47,0,0,8,0,0,1,0,100.0,0,1,0,0,343,23,0,1,4,0,0,0,0,0,0,521.8,0.0,2,11,33,16,9,18,60.0,0,99,55,55.56,47,121,30,32,195,50.26,106,1239,720,1927,238.9,44,1,2449,47,7,0,173771.0,9036077.0,M,25.0,Argentina
Manuel Akanji,383560,Manchester City,17,england,2324,2514,30,28,7.24,2,0,2,1.89,1.78,72,2,22.22,481,81,68.07,1066,1089,2153,93.77,28,48.28,30,0,0,0,142,0,2,4,11,61,29,0,0,9,17,72,0,3,17,0,13.33,10,23,21,2,2,0,,62,59.62,1,0,0,143,23,13,0,0,12,0,0,0,0,0.0,0,0,0,0,180,9,0,1,0,0,0,0,0,0,0,1257.0,0.0,0,9,6,6,5,2,50.0,0,42,28,66.67,13,104,4,9,90,55.56,119,1167,1138,2296,209.9,15,2,2589,19,2,1,208525.0,10843292.0,D,28.0,Switzerland
Jack Grealish,189061,Manchester City,17,england,2324,1022,20,10,7.24,3,1,4,2.08,2.81,15,4,25.0,273,12,75.0,394,94,484,87.68,4,50.0,4,0,0,0,42,3,0,12,1,4,20,0,0,22,6,48,0,0,6,0,13.64,0,13,12,1,3,0,,71,61.74,0,0,0,68,6,27,1,2,2,0,1,0,0,0.0,0,0,0,0,133,10,0,0,2,0,0,0,0,0,0,340.67,0.0,0,17,5,5,5,18,62.07,0,13,8,61.54,26,24,29,16,75,60.98,16,466,102,552,144.7,22,2,769,41,7,0,347541.0,18072154.0,F,28.0,England
Gabriel Magalhães,869792,Arsenal,42,england,2324,3053,36,34,7.23,4,0,4,4.24,0.74,54,1,25.0,284,69,40.35,732,1179,1910,89.09,79,55.24,64,0,0,0,136,2,2,6,15,97,36,0,0,3,5,106,0,1,35,0,12.9,65,26,23,3,4,0,,82,66.13,4,0,0,234,31,3,0,1,33,1,0,0,0,0.0,0,0,0,0,261,5,0,0,0,0,0,0,0,0,0,763.25,0.0,0,28,3,14,11,2,50.0,0,48,28,58.33,3,108,4,4,161,60.3,171,877,1271,2144,260.2,31,2,2506,34,4,0,115847.0,6024051.0,D,26.0,Brazil
Kai Havertz,836705,Arsenal,42,england,2324,2639,37,30,7.23,13,7,20,12.34,4.32,16,2,16.67,332,8,47.06,527,231,756,81.12,105,50.0,105,0,0,0,122,8,13,18,8,22,37,0,0,35,25,220,0,0,49,0,18.84,0,22,19,3,13,0,,92,44.44,3,0,1,176,20,46,7,15,1,0,0,1,0,100.0,0,1,0,1,302,26,0,0,3,0,0,0,0,0,0,203.0,0.0,0,62,7,23,28,16,45.71,0,35,15,42.86,46,29,35,12,197,47.24,17,684,260,932,267.4,69,3,1371,44,11,0,324372.0,16867343.0,F,24.0,Germany
André Onana,787498,Manchester United,35,england,2324,3420,38,38,7.21,0,0,0,0.0,0.1,122,0,0.0,42,206,34.45,120,846,966,70.36,14,82.35,3,0,0,0,287,0,0,0,9,24,38,1,0,0,0,3,1,1,1,0,0.0,162,58,53,5,0,0,3.35,7,100.0,0,37,0,407,0,3,0,0,0,0,0,0,1,0.0,7,0,0,0,417,0,13,0,0,11,98,48,149,1,35,0.0,0.0,0,0,0,0,0,1,100.0,11,2,0,0.0,3,265,1,0,21,87.5,598,440,933,1373,274.1,0,4,1750,4,5,0,139017.0,7228861.0,K,27.0,Cameroon
João Pedro,975079,Brighton & Hove Albion,30,england,2324,2043,31,19,7.21,9,3,12,11.89,4.56,12,10,34.48,306,14,58.33,463,187,640,82.69,41,64.06,23,0,0,1,65,9,9,30,4,25,31,0,0,63,10,159,0,0,19,0,12.0,0,38,32,6,9,0,,134,49.63,3,0,1,134,11,38,0,11,2,0,0,5,0,80.0,0,4,0,2,357,17,0,0,6,0,0,0,0,0,0,227.0,0.0,0,69,6,19,26,43,48.86,0,31,14,45.16,38,24,88,29,175,52.4,24,592,211,774,223.6,75,3,1346,60,2,0,57924.0,3012026.0,F,22.0,Brazil
Jordan Pickford,138530,Everton,48,england,2324,3420,38,38,7.21,0,0,0,0.0,0.44,153,0,0.0,175,400,41.32,315,534,849,59.41,1,100.0,0,0,0,0,354,0,0,0,13,34,38,0,0,0,0,1,1,0,1,0,0.0,273,51,45,6,0,0,2.47,8,88.89,0,26,0,580,0,4,0,0,0,1,0,0,1,0.0,8,0,0,0,590,0,15,0,0,26,80,37,121,1,32,0.0,0.0,0,0,0,0,0,1,100.0,23,1,0,0.0,4,274,1,0,9,90.0,968,824,605,1429,274.0,0,2,1784,6,5,0,144809.0,7530064.0,K,29.0,England
Rúben Dias,318941,Manchester City,17,england,2324,2557,30,28,7.21,0,0,0,1.39,1.93,82,4,30.77,400,84,60.43,1148,1310,2454,94.1,47,52.22,43,0,0,0,108,1,3,6,9,75,30,0,0,7,7,79,0,0,23,0,0.0,8,28,24,4,0,0,,54,60.0,0,0,1,154,30,7,0,0,17,1,0,0,1,0.0,0,0,0,0,184,5,0,0,0,0,0,0,0,0,0,0.0,0.0,0,15,5,6,8,0,0.0,0,39,20,51.28,7,122,1,13,101,56.11,139,1251,1370,2608,216.3,20,2,2912,15,0,0,208525.0,10843292.0,D,26.0,Portugal
Lucas Paquetá,839981,West Ham United,37,england,2324,2634,31,31,7.21,4,6,10,5.39,5.1,82,10,28.57,369,70,53.03,657,414,1061,75.19,61,50.41,60,0,0,0,194,12,3,5,1,25,31,0,0,81,27,239,0,2,47,0,9.52,0,52,45,7,3,1,,176,49.58,0,0,2,350,21,44,4,5,1,0,1,2,0,100.0,0,2,0,0,572,29,0,0,0,0,0,0,0,0,0,658.5,0.0,1,29,13,26,11,41,58.57,0,71,48,67.61,43,174,70,35,237,49.79,132,955,491,1411,223.5,42,1,2036,66,10,0,173771.0,9036077.0,F,26.0,Brazil
Jacob Murphy,372336,Newcastle United,39,england,2324,1200,21,14,7.21,3,7,10,2.15,3.42,10,17,22.08,151,7,25.0,229,98,310,73.63,4,28.57,10,0,0,0,66,10,3,9,1,13,20,0,0,14,14,58,0,0,7,0,10.0,0,21,19,2,3,0,,48,50.0,0,0,0,111,6,31,0,1,0,0,0,0,0,0.0,0,0,0,0,223,12,0,0,3,0,0,0,0,0,0,400.0,0.0,0,19,11,11,10,13,50.0,0,20,10,50.0,31,23,26,77,52,47.27,28,371,127,421,144.1,30,1,710,15,1,0,40547.0,2108418.0,F,28.0,England
Enzo Fernández,974505,Chelsea,38,england,2324,2214,28,26,7.2,3,2,5,6.18,3.74,126,9,20.0,407,129,68.62,821,748,1560,86.91,21,47.73,23,0,0,1,122,5,6,12,2,26,28,0,0,24,38,135,0,0,33,0,6.38,0,47,43,4,3,0,,104,48.15,1,0,3,235,17,32,0,4,13,0,0,2,1,50.0,0,1,0,1,364,15,0,0,2,0,0,0,0,0,0,738.0,0.0,2,23,24,19,16,23,57.5,0,50,22,44.0,32,198,40,45,125,48.08,188,1024,816,1795,201.6,47,0,2218,31,7,0,208525.0,10843292.0,M,23.0,Argentina
Martin Dúbravka,42209,Newcastle United,39,england,2324,1994,23,22,7.2,0,0,0,,0.0,25,0,0.0,4,71,36.41,33,346,379,74.9,4,100.0,0,0,0,0,195,0,0,0,4,16,23,1,0,0,4,6,1,0,2,0,0.0,169,42,38,4,0,0,0.61,5,45.45,0,18,0,127,0,1,0,0,0,0,0,0,2,0.0,5,0,1,0,135,0,8,0,0,8,59,29,88,6,13,0.0,0.0,0,0,0,0,0,0,0.0,8,0,0,0.0,1,38,0,0,9,60.0,195,130,376,506,165.5,0,2,792,5,1,0,46339.0,2409620.0,K,35.0,Slovakia
Pedro Neto,879349,Wolverhampton,3,england,2324,1518,20,18,7.2,2,9,11,3.5,3.7,17,33,28.7,198,17,58.62,356,168,491,83.36,4,18.18,18,0,0,0,79,7,2,8,2,2,20,0,0,20,10,105,0,0,15,0,5.56,0,27,25,2,2,0,,65,42.76,0,0,3,98,5,38,2,2,1,0,0,0,0,0.0,0,0,0,1,301,12,0,0,0,0,0,0,0,0,0,759.0,0.0,3,27,9,16,12,37,46.84,0,7,3,42.86,38,35,79,115,69,39.66,29,510,194,589,143.9,36,0,979,21,4,0,57924.0,3012026.0,F,23.0,Portugal
Luis Díaz,883537,Liverpool,44,england,2324,2664,37,32,7.19,8,5,13,11.88,4.75,42,6,23.08,458,44,78.57,688,187,869,85.28,27,35.06,50,0,0,0,127,5,13,29,1,7,37,0,0,72,23,253,0,0,54,0,8.51,0,33,31,2,8,0,,143,41.33,1,0,3,150,3,65,2,20,0,0,1,0,0,0.0,0,0,0,1,379,24,0,0,4,0,0,0,0,0,0,333.0,0.0,0,73,21,33,32,67,54.03,0,35,25,71.43,64,55,124,26,170,40.19,56,830,215,1019,266.1,94,2,1620,42,3,0,63716.0,3313228.0,F,27.0,Colombia
Oleksandr Zinchenko,287643,Arsenal,42,england,2324,1730,27,20,7.18,1,2,3,0.58,2.94,63,5,16.67,441,53,63.1,787,479,1261,89.37,27,62.79,16,0,0,0,104,5,0,10,3,22,27,0,0,15,17,60,1,1,7,0,5.88,0,15,15,0,1,0,,66,60.0,0,0,0,150,20,30,1,1,3,0,1,0,0,0.0,0,0,0,0,227,6,0,0,0,0,0,0,0,0,0,1730.0,0.0,0,6,11,4,3,7,58.33,0,50,30,60.0,29,97,12,30,93,60.78,84,926,515,1411,193.9,17,4,1775,9,2,0,173771.0,9036077.0,D,27.0,Ukraine
Mark Travers,856720,Bournemouth,60,england,2324,360,4,4,7.18,0,0,0,,0.01,1,0,0.0,7,23,31.08,21,33,54,51.43,2,100.0,0,0,0,0,27,0,0,0,2,4,4,0,0,0,0,1,0,0,1,0,0.0,26,5,5,0,0,0,0.07,1,50.0,0,3,0,51,0,0,0,0,0,0,0,0,1,0.0,1,0,0,0,51,0,2,0,0,2,9,4,13,0,6,0.0,0.0,0,0,0,0,0,0,0.0,2,0,0,0.0,0,5,0,0,3,75.0,74,68,37,105,28.7,0,0,139,1,0,0,23169.0,1204810.0,K,24.0,Ireland
Kaoru Mitoma,936849,Brighton & Hove Albion,30,england,2324,1488,19,15,7.17,3,4,7,3.35,3.53,12,5,11.36,269,5,45.45,384,119,498,83.42,11,50.0,11,0,0,0,68,6,6,8,0,11,19,0,0,15,14,97,0,0,14,0,8.82,0,27,22,5,3,0,,75,46.58,1,0,0,99,5,25,0,7,1,0,0,0,0,0.0,0,0,0,0,245,14,0,0,2,0,0,0,0,0,0,496.0,0.0,0,31,3,11,15,39,46.99,0,13,6,46.15,25,21,83,44,86,46.99,11,507,134,597,136.3,34,2,919,23,4,0,92678.0,4819241.0,F,26.0,Japan
Casemiro,122951,Manchester United,35,england,2324,1985,25,24,7.17,1,2,3,3.49,1.21,95,3,23.08,229,79,50.64,502,663,1162,82.65,42,64.62,23,0,0,0,133,2,4,11,5,66,25,0,0,17,55,132,1,0,30,0,2.56,6,34,31,3,1,0,,102,48.34,0,0,0,244,18,16,0,6,33,0,0,0,1,0.0,0,0,0,0,300,3,0,0,1,0,0,0,0,0,0,1985.0,0.0,1,24,15,19,9,9,52.94,0,83,56,67.47,16,181,17,13,144,52.17,156,683,736,1406,179.3,39,1,1822,10,7,0,405465.0,21084179.0,M,31.0,Brazil
Alexander Isak,823941,Newcastle United,39,england,2324,2265,30,27,7.17,21,2,23,20.29,2.77,10,0,0.0,178,10,66.67,260,119,379,79.96,10,20.0,40,0,0,1,38,5,21,14,3,12,30,0,0,23,6,109,0,0,14,0,26.92,0,41,35,6,20,1,,62,47.33,1,0,2,95,6,27,1,17,1,0,0,6,0,83.33,0,5,0,1,210,12,0,0,19,0,0,0,0,0,0,107.86,0.0,1,67,11,21,43,42,60.0,0,5,0,0.0,27,14,70,10,72,39.78,15,344,140,474,215.1,78,3,803,15,1,0,139017.0,7228861.0,F,24.0,Sweden
Ross Barkley,98435,Luton Town,72,england,2324,2622,32,30,7.17,5,4,9,4.12,2.65,61,14,31.11,347,88,60.27,665,540,1191,84.53,44,56.41,34,0,0,0,201,6,1,19,1,48,32,0,0,56,37,186,0,2,25,0,7.58,0,66,63,3,5,0,,151,49.83,1,0,3,218,25,46,2,0,9,0,2,0,0,0.0,0,0,0,0,375,22,0,0,2,0,0,0,0,0,0,524.4,0.0,6,22,44,28,19,66,66.0,0,47,19,40.43,44,119,100,45,195,51.18,146,849,605,1409,229.4,66,1,1958,40,6,0,34754.0,1807215.0,M,30.0,England
Gabriel Jesus,794839,Arsenal,42,england,2324,1499,27,17,7.17,4,5,9,6.38,3.24,16,1,11.11,205,7,87.5,279,119,397,81.02,15,28.3,38,0,0,0,59,6,7,16,2,11,27,0,0,38,13,142,0,0,26,0,7.27,0,11,10,1,4,0,,91,46.67,2,0,2,93,13,29,1,16,1,0,0,0,0,0.0,0,0,0,1,243,17,0,0,1,0,0,0,0,0,0,374.75,0.0,0,50,5,20,19,35,53.85,0,24,17,70.83,29,28,65,9,106,42.74,8,367,132,490,193.5,55,3,886,32,6,0,306995.0,15963736.0,F,26.0,Brazil
Lewis Dunk,115365,Brighton & Hove Albion,30,england,2324,2872,33,33,7.16,3,1,4,3.07,2.2,108,1,14.29,293,149,55.19,861,2111,2971,92.5,57,63.33,33,0,0,0,180,1,1,10,5,88,33,0,1,2,23,81,1,0,23,0,9.09,99,52,44,8,3,0,,44,47.83,2,0,1,241,31,13,0,1,37,0,0,0,1,0.0,0,0,0,0,269,0,0,1,1,0,0,0,0,0,0,957.33,0.0,4,27,6,11,12,5,71.43,0,27,14,51.85,13,195,7,7,101,55.49,270,1040,2179,3212,236.2,33,3,3529,12,7,0,92678.0,4819241.0,D,32.0,England
Daniel Muñoz,870360,Crystal Palace,7,england,2324,1439,16,16,7.16,0,4,4,1.24,1.29,12,1,9.09,152,10,38.46,271,178,448,79.15,26,48.15,28,0,0,0,76,5,2,3,4,34,16,0,0,7,19,95,0,0,30,0,0.0,0,22,20,2,0,0,,76,53.15,0,0,0,118,24,21,0,8,7,0,0,0,0,0.0,0,0,0,0,200,10,0,0,0,0,0,0,0,0,0,0.0,0.0,0,8,0,5,0,13,52.0,0,55,35,63.64,21,19,25,11,102,51.78,26,362,215,566,114.5,8,0,986,8,4,0,52131.0,2710823.0,D,27.0,Colombia
Dominik Szoboszlai,869856,Liverpool,44,england,2324,2123,33,25,7.15,3,2,5,3.71,5.06,70,28,24.78,428,54,68.35,757,492,1221,87.28,14,41.18,20,0,0,0,171,7,2,23,4,13,32,0,0,27,34,137,0,1,29,0,5.0,0,23,19,4,2,1,,83,41.5,1,0,0,178,15,56,1,3,2,0,0,0,0,0.0,0,0,0,2,355,23,0,0,1,0,0,0,0,0,0,707.67,0.0,7,16,44,22,15,24,47.06,0,32,19,59.38,56,97,51,113,97,41.45,79,968,544,1399,228.7,60,1,1897,29,1,0,139017.0,7228861.0,M,23.0,Hungary
Kyle Walker,44614,Manchester City,17,england,2324,2767,32,30,7.15,0,4,4,0.39,3.24,61,19,32.2,579,78,56.52,1145,804,1930,90.36,26,63.41,15,0,0,0,152,7,0,7,6,35,32,0,0,13,20,81,0,1,23,0,0.0,0,29,25,4,0,0,,76,53.52,0,0,0,206,27,25,0,7,6,0,0,0,0,0.0,0,0,0,0,326,11,0,0,0,0,0,0,0,0,0,0.0,0.0,1,1,15,6,3,21,65.63,0,38,24,63.16,25,116,32,59,102,55.74,138,1331,864,2136,228.7,16,2,2679,18,2,0,202733.0,10542090.0,D,33.0,England
João Palhinha,364612,Fulham,43,england,2324,2709,33,31,7.14,4,1,5,3.31,1.0,90,1,20.0,196,80,55.56,496,602,1097,83.04,41,56.94,31,0,0,0,195,1,4,12,5,54,33,0,0,26,49,166,0,0,52,0,8.89,0,46,35,11,3,1,,218,61.76,2,0,1,224,46,13,0,2,9,0,0,0,1,0.0,0,0,0,0,300,11,0,0,2,0,0,0,0,0,0,677.25,0.0,1,28,17,19,14,11,55.0,0,152,75,49.34,13,145,20,5,259,60.94,144,646,680,1321,235.7,45,1,1895,56,13,0,92678.0,4819241.0,M,28.0,Portugal
Jarrod Bowen,552884,West Ham United,37,england,2324,3020,34,34,7.14,16,6,22,11.65,4.8,10,14,18.67,192,13,48.15,315,166,467,75.08,33,32.04,70,0,0,0,118,12,13,20,3,12,34,0,0,58,22,231,0,0,28,0,19.05,0,63,56,7,14,2,,118,42.29,5,0,5,155,19,32,8,20,5,0,0,0,0,0.0,0,0,0,0,418,27,0,0,3,0,0,0,0,0,0,188.75,0.0,0,67,17,27,37,34,38.2,0,42,28,66.67,32,25,89,75,151,39.53,27,500,197,622,242.6,84,2,1226,42,2,0,173771.0,9036077.0,F,27.0,England
Leon Bailey,808590,Aston Villa,40,england,2324,2072,35,22,7.13,10,9,19,6.33,7.28,26,17,22.67,279,27,65.85,398,167,548,78.17,15,38.46,24,0,0,0,107,12,1,16,0,4,35,0,0,41,15,156,0,0,26,0,18.87,0,32,30,2,9,1,,95,41.85,0,0,2,153,9,52,6,11,1,0,0,0,0,0.0,0,0,0,0,363,14,0,0,4,0,0,0,0,0,0,207.2,0.0,1,38,15,19,18,57,53.27,0,13,7,53.85,52,54,107,75,110,41.35,41,583,193,701,249.7,53,1,1159,26,5,0,139017.0,7228861.0,F,26.0,Jamaica
Craig Dawson,50027,Wolverhampton,3,england,2324,2211,25,25,7.13,1,1,2,1.5,0.55,66,0,0.0,76,100,54.05,257,846,1103,86.71,63,66.32,32,0,0,0,100,2,1,3,5,119,25,0,0,2,12,66,0,1,20,0,6.25,7,38,34,4,1,0,,48,58.54,0,0,0,169,16,9,0,4,39,0,0,0,0,0.0,0,0,0,0,180,1,0,0,1,0,0,0,0,0,0,2211.0,0.0,0,14,2,8,5,3,100.0,0,30,20,66.67,9,106,3,1,111,62.71,185,361,912,1272,178.3,16,3,1560,15,7,0,52131.0,2710823.0,D,33.0,England
Harry Maguire,149380,Manchester United,35,england,2324,1667,22,18,7.13,2,2,4,2.04,0.93,71,1,33.33,116,73,49.32,340,575,914,83.39,69,78.41,19,0,0,0,78,2,2,5,4,83,22,0,0,2,10,53,0,1,21,0,10.0,45,29,28,1,2,0,,34,50.0,1,0,0,182,25,6,1,6,24,0,0,0,0,0.0,0,0,0,1,199,4,0,0,0,0,0,0,0,0,0,833.5,0.0,0,19,1,12,3,0,0.0,0,24,17,70.83,6,121,2,3,103,66.03,148,465,634,1096,156.9,20,1,1336,10,4,0,220110.0,11445697.0,D,30.0,England
Jan Paul van Hecke,962012,Brighton & Hove Albion,30,england,2324,2368,28,26,7.13,0,0,0,1.23,1.06,64,1,25.0,246,88,62.86,748,1472,2219,92.5,66,66.0,34,0,0,0,130,0,2,4,5,74,27,0,0,3,18,71,1,3,14,0,0.0,17,38,35,3,0,0,,69,65.09,0,0,1,180,30,10,0,0,27,0,0,0,1,0.0,0,0,0,0,211,5,0,0,0,0,0,0,0,0,0,0.0,0.0,0,14,1,5,6,5,71.43,0,47,26,55.32,10,109,7,4,135,65.53,140,850,1553,2399,192.5,15,2,2705,17,4,0,57924.0,3012026.0,D,23.0,Netherlands
Harvey Elliott,955245,Liverpool,44,england,2324,1367,34,11,7.13,3,6,9,2.72,4.62,53,22,35.48,299,40,62.5,561,254,793,87.72,9,40.91,13,0,0,0,78,5,1,19,0,6,34,0,0,9,21,59,0,0,7,0,6.12,0,13,12,1,1,2,,49,51.58,0,0,3,111,6,37,3,1,0,0,0,0,0,0.0,0,0,0,1,198,20,0,0,0,0,0,0,0,0,0,455.67,0.0,2,18,31,13,17,9,47.37,0,27,17,62.96,37,77,19,62,58,49.57,64,688,278,904,242.4,49,2,1178,13,2,0,46339.0,2409620.0,F,20.0,England
Willian,31417,Fulham,43,england,2324,2054,31,24,7.13,4,2,6,5.14,4.5,62,21,28.0,399,60,81.08,602,324,905,85.46,9,36.0,16,0,0,0,99,6,3,17,3,10,31,0,0,26,18,93,0,1,9,0,8.89,0,28,24,4,4,0,,77,50.0,0,0,0,154,9,45,0,1,0,0,1,2,0,100.0,0,2,0,0,300,11,0,0,4,0,0,0,0,0,0,513.5,0.0,2,24,21,10,18,29,53.7,0,18,11,61.11,44,93,54,75,86,48.04,74,768,366,1059,221.0,45,0,1416,30,1,0,104262.0,5421646.0,F,35.0,Brazil
Rodrigo Muniz,1015256,Fulham,43,england,2324,1607,26,18,7.13,9,1,10,8.72,0.93,6,0,0.0,53,7,63.64,86,50,136,62.1,75,40.54,110,0,0,0,34,2,4,17,0,20,25,0,0,34,5,184,0,0,24,0,12.33,0,27,22,5,8,1,,45,37.82,2,0,3,83,6,18,0,4,3,0,0,0,0,0.0,0,0,0,0,190,11,0,0,7,0,0,0,0,0,0,178.56,0.0,0,67,6,29,27,5,27.78,0,7,3,42.86,18,9,18,2,120,39.47,11,151,70,219,178.2,73,0,533,34,1,0,8689.0,451804.0,F,22.0,Brazil
Moisés Caicedo,987650,Chelsea,38,england,2324,2872,35,33,7.13,1,3,4,0.45,2.02,92,0,0.0,401,88,72.13,905,999,1904,90.8,31,49.21,32,0,0,0,200,4,0,5,6,33,35,0,0,24,24,153,1,3,50,0,7.69,3,50,45,5,0,1,,165,57.69,0,0,0,193,37,23,0,0,25,0,0,0,1,0.0,0,0,0,0,296,23,0,0,1,0,0,0,0,0,0,2872.0,0.0,0,0,13,4,4,26,52.0,0,91,46,50.55,23,136,50,10,196,56.16,122,1026,1081,2097,249.4,13,1,2583,49,11,0,173771.0,9036077.0,M,22.0,Ecuador
Oscar Bobb,1065216,Manchester City,17,england,2324,303,14,2,7.12,1,1,2,1.38,1.33,3,3,60.0,107,0,0.0,136,15,148,88.1,1,33.33,2,0,0,0,17,2,1,1,0,1,10,0,0,6,2,17,0,0,2,0,25.0,0,5,4,1,1,0,,21,58.33,0,0,0,20,5,10,0,0,0,0,1,0,0,0.0,0,0,0,0,41,6,0,0,1,0,0,0,0,0,0,303.0,0.0,0,4,0,1,2,11,64.71,0,7,3,42.86,9,3,17,5,22,56.41,1,157,16,168,71.2,4,0,241,3,0,0,57924.0,3012026.0,F,20.0,Norway
Bart Verbruggen,994363,Brighton & Hove Albion,30,england,2324,1890,21,21,7.12,0,0,0,0.0,0.01,44,0,0.0,3,91,48.15,29,607,636,85.6,6,100.0,0,0,0,0,205,0,0,0,4,17,21,0,0,0,1,2,2,1,1,0,0.0,72,28,26,2,0,0,-2.53,3,60.0,0,17,0,107,0,0,0,0,0,0,0,0,0,0.0,3,0,0,0,109,0,6,0,0,11,42,21,65,1,6,0.0,0.0,0,0,0,0,0,1,100.0,10,1,1,100.0,0,81,1,0,9,81.82,189,95,648,743,149.5,0,0,976,2,3,0,40547.0,2108418.0,K,21.0,Netherlands
José Sá,252669,Wolverhampton,3,england,2324,3038,35,35,7.12,0,1,1,0.0,0.02,43,0,0.0,15,108,23.33,68,467,535,59.18,13,100.0,0,0,0,0,309,0,0,0,4,30,35,0,0,1,1,2,3,2,0,0,0.0,253,58,53,5,0,0,8.45,9,81.82,0,37,0,369,0,1,0,0,0,0,0,0,0,0.0,8,0,0,0,380,0,9,0,0,15,89,42,134,0,31,0.0,0.0,0,0,0,0,0,3,100.0,15,0,0,0.0,1,114,3,0,22,91.67,463,372,532,904,249.1,0,4,1339,9,1,0,69508.0,3614431.0,K,31.0,Portugal
Cody Gakpo,862967,Liverpool,44,england,2324,1651,35,17,7.11,8,5,13,8.96,2.69,15,6,28.57,210,10,83.33,336,94,424,79.25,32,53.33,28,0,0,0,81,5,6,17,0,7,35,0,0,32,17,121,0,0,28,0,12.12,0,20,20,0,8,0,,96,50.79,3,0,0,111,14,25,2,8,4,0,0,0,0,0.0,0,0,0,0,222,22,0,0,3,0,0,0,0,0,0,206.38,0.0,0,49,17,25,24,31,64.58,0,27,17,62.96,25,32,48,21,128,51.41,12,437,119,535,248.9,66,0,909,38,1,0,139017.0,7228861.0,F,24.0,Netherlands
Diogo Dalot,843200,Manchester United,35,england,2324,3174,36,35,7.11,2,3,5,1.67,2.38,56,24,30.0,348,77,51.33,673,601,1250,83.78,32,55.17,26,0,0,0,195,5,0,10,7,96,36,0,0,11,23,120,0,0,45,0,6.67,0,55,50,5,1,1,,126,57.27,0,0,2,242,37,38,0,2,16,0,0,0,1,0.0,0,0,0,0,403,12,0,1,2,0,0,0,0,0,0,1587.0,0.0,0,11,19,13,7,31,63.27,0,81,51,62.96,38,100,49,80,158,56.83,150,868,704,1492,256.0,30,2,2287,14,4,1,98470.0,5120444.0,D,24.0,Portugal
Josh Cullen,792122,Burnley,6,england,2324,2068,25,23,7.11,2,3,5,0.59,2.3,42,10,38.46,316,35,43.75,646,526,1162,86.65,21,46.67,24,0,0,0,141,3,0,7,0,24,25,0,0,10,20,82,0,1,24,0,12.5,0,48,40,8,0,2,,92,61.33,0,0,0,179,15,26,1,0,19,0,0,0,0,0.0,0,0,0,0,232,14,0,0,1,0,0,0,0,0,0,1034.0,0.0,0,5,11,4,5,3,37.5,0,42,29,69.05,26,86,8,26,113,57.95,80,793,574,1341,177.7,16,1,1623,49,9,0,46339.0,2409620.0,M,27.0,Ireland
Robert Sánchez,920546,Chelsea,38,england,2324,1434,16,16,7.11,0,0,0,0.0,0.01,46,0,0.0,10,85,46.2,30,384,414,79.62,3,100.0,0,0,0,0,133,0,0,0,3,13,16,1,0,0,0,0,1,2,0,0,0.0,91,25,23,2,0,0,-0.22,1,100.0,0,17,0,106,0,0,0,0,0,0,0,0,0,0.0,3,0,1,0,110,0,2,0,0,13,36,17,53,1,8,0.0,0.0,0,0,0,0,0,0,0.0,12,0,0,0.0,0,85,0,0,4,100.0,184,91,429,520,113.7,0,2,698,1,2,0,69508.0,3614431.0,K,26.0,Spain
Albert Sambi Lokonga,901892,Luton Town,72,england,2324,1308,17,16,7.11,1,3,4,0.62,0.78,29,1,7.69,165,41,66.13,335,326,660,89.19,16,64.0,9,0,0,0,64,2,0,4,0,14,17,0,0,11,7,52,0,0,18,0,12.5,0,31,26,5,1,0,,66,60.55,1,0,0,80,11,9,0,0,13,0,0,0,0,0.0,0,0,0,0,128,7,0,0,0,0,0,0,0,0,0,1308.0,0.0,0,3,5,2,2,11,61.11,0,29,18,62.07,9,47,18,13,82,61.19,62,399,354,740,120.8,8,1,952,27,4,0,57924.0,3012026.0,M,24.0,Belgium
Gabriel Martinelli,922573,Arsenal,42,england,2324,2029,35,24,7.11,6,4,10,6.85,5.22,27,28,25.69,385,24,72.73,582,132,686,85.01,17,39.53,26,0,0,0,95,7,5,19,1,7,35,0,0,41,19,169,0,1,23,0,10.34,0,23,19,4,5,1,,92,39.15,0,0,1,121,5,46,1,9,1,0,0,0,0,0.0,0,0,0,0,370,18,0,0,5,0,0,0,0,0,0,338.17,0.0,0,48,10,17,22,40,39.6,0,30,24,80.0,46,43,101,109,109,39.21,33,764,152,807,248.7,58,1,1345,24,1,0,208525.0,10843292.0,F,22.0,Brazil
John McGinn,250223,Aston Villa,40,england,2324,3009,35,35,7.11,6,4,10,4.97,4.92,62,25,33.78,358,73,61.86,641,329,945,82.75,9,32.14,19,0,0,0,161,10,3,11,4,18,35,0,1,61,45,191,0,0,39,1,15.0,0,52,45,7,4,2,,182,51.41,0,0,0,197,21,45,3,2,4,0,1,0,0,0.0,0,0,0,0,398,22,0,1,3,0,0,0,0,0,0,501.5,33.33,3,20,20,13,16,54,66.67,0,59,35,59.32,44,115,81,74,191,50.0,118,841,375,1142,248.7,40,0,1717,69,9,0,139017.0,7228861.0,M,29.0,Scotland
Neto,84844,Bournemouth,60,england,2324,2880,32,32,7.1,0,0,0,0.0,0.04,71,0,0.0,35,188,35.34,125,418,543,60.2,9,100.0,0,0,0,0,282,0,0,0,7,38,32,1,0,0,0,1,2,1,1,0,0.0,223,55,49,6,0,0,2.37,3,75.0,0,20,0,359,1,0,0,0,0,0,0,0,0,0.0,6,0,1,0,368,0,26,0,0,16,78,33,115,1,21,0.0,0.0,0,0,0,0,0,2,100.0,16,0,0,0.0,0,168,2,0,12,92.31,532,412,490,902,227.3,0,0,1254,0,5,0,57924.0,3012026.0,K,34.0,Brazil
Emiliano Martínez,158263,Aston Villa,40,england,2324,3015,34,34,7.1,0,0,0,0.0,0.04,79,0,0.0,31,163,41.69,101,934,1035,81.37,5,100.0,0,0,0,0,317,0,0,0,8,16,34,0,0,0,0,1,2,1,1,0,0.0,159,48,44,4,0,0,4.57,8,88.89,0,42,0,237,0,2,0,0,0,2,0,0,0,0.0,1,0,0,0,247,0,4,0,0,37,68,27,95,2,22,0.0,0.0,0,0,0,0,0,0,0.0,36,0,0,0.0,2,134,0,0,13,92.86,391,283,989,1272,241.5,0,0,1612,7,4,0,139017.0,7228861.0,K,31.0,Argentina
Dejan Kulusevski,928124,Tottenham Hotspur,33,england,2324,2763,36,31,7.1,8,3,11,4.66,6.72,18,22,24.72,485,16,61.54,721,228,927,81.89,7,31.82,15,0,0,0,133,14,4,26,4,1,36,0,0,65,42,240,0,1,54,0,14.04,0,46,43,3,8,0,,145,39.19,1,0,1,205,18,66,4,10,1,0,0,0,1,0.0,0,0,0,0,510,31,0,0,3,0,0,0,0,0,0,345.38,0.0,0,47,10,7,24,54,45.0,0,62,33,53.23,66,33,120,89,152,38.78,26,957,264,1132,255.7,57,2,1779,29,7,0,127432.0,6626456.0,F,23.0,Sweden
Mohammed Kudus,905163,West Ham United,37,england,2324,2483,33,27,7.1,8,6,14,5.16,3.67,24,21,22.34,198,44,72.13,411,263,653,84.48,15,34.09,29,0,0,0,212,5,4,24,1,8,32,0,0,93,20,252,0,1,39,0,11.94,0,61,54,7,6,2,,264,54.21,0,0,2,120,11,28,4,16,0,0,0,0,1,0.0,0,0,0,1,463,24,0,0,4,0,0,0,0,0,0,310.38,0.0,0,37,30,26,17,124,61.69,0,65,47,72.31,28,35,201,94,279,52.54,61,572,295,773,227.2,67,1,1595,75,6,0,104262.0,5421646.0,F,23.0,Ghana
Nathan Aké,149663,Manchester City,17,england,2324,2052,29,24,7.1,2,2,4,2.48,1.14,18,1,9.09,316,19,33.33,801,843,1643,92.82,47,62.67,28,0,0,0,119,3,2,8,5,52,27,0,0,2,7,49,0,0,10,0,10.0,5,20,18,2,2,0,,48,69.57,2,0,0,127,14,10,0,0,2,0,0,0,0,0.0,0,0,0,0,161,6,0,0,0,0,0,0,0,0,0,1026.0,0.0,0,19,1,7,5,5,62.5,0,26,16,61.54,10,38,8,11,95,65.97,57,887,894,1770,191.7,20,1,2062,18,0,0,185355.0,9638482.0,D,28.0,Netherlands
Aleksandar Mitrović,192144,Fulham,43,england,2324,32,1,0,7.1,0,0,0,0.16,0.02,0,0,0.0,2,1,100.0,2,2,4,50.0,2,66.67,1,0,0,0,1,0,0,1,0,0,1,0,0,0,0,1,0,0,0,0,0.0,0,0,0,0,0,0,,3,100.0,0,0,0,4,0,0,0,0,0,0,0,0,0,0.0,0,0,0,0,4,0,0,0,0,0,0,0,0,0,0,0.0,0.0,0,2,0,0,1,3,100.0,0,0,0,0.0,0,0,3,0,5,83.33,1,6,2,8,7.1,2,0,14,0,0,0,,,,,
Robin Olsen,26025,Aston Villa,40,england,2324,405,5,4,7.1,0,0,0,0.0,0.0,12,0,0.0,2,20,35.71,7,139,146,79.35,3,100.0,0,0,0,0,38,0,0,0,0,2,5,0,0,0,0,0,0,0,0,0,0.0,27,13,8,5,0,0,-1.6,1,100.0,0,5,0,38,0,0,0,0,0,0,0,0,0,0.0,1,0,1,0,38,0,1,0,0,0,17,4,21,1,4,0.0,0.0,0,0,0,0,0,0,0.0,0,0,0,0.0,0,21,0,0,4,100.0,56,35,149,184,35.5,0,1,235,2,0,0,57924.0,3012026.0,K,34.0,Sweden
Bernd Leno,103335,Fulham,43,england,2324,3420,38,38,7.1,0,0,0,0.0,0.04,85,0,0.0,38,176,35.7,121,965,1086,77.24,12,92.31,1,0,0,0,328,0,0,0,10,32,38,2,0,0,0,1,1,0,0,0,0.0,201,61,49,12,0,0,-4.59,1,100.0,0,16,0,320,0,0,0,0,0,1,0,0,0,0.0,8,0,0,0,328,0,18,0,0,19,86,47,134,4,19,0.0,0.0,0,0,0,0,0,0,0.0,18,0,0,0.0,0,159,0,0,13,92.86,493,393,1013,1406,269.8,0,1,1774,3,3,0,150601.0,7831267.0,K,31.0,Germany
James Garner,927361,Everton,48,england,2324,3005,37,34,7.09,1,2,3,2.71,3.74,43,25,22.32,303,46,53.49,563,382,920,82.81,25,51.02,24,0,0,0,172,7,1,10,11,45,37,0,0,10,47,134,1,0,39,0,2.44,0,47,41,6,0,1,,144,56.69,0,0,4,191,45,44,0,3,14,0,0,0,0,0.0,0,0,0,0,346,28,0,0,1,0,0,0,0,0,0,3005.0,0.0,5,15,26,20,11,19,54.29,0,83,44,53.01,44,78,35,112,169,55.78,86,799,424,1111,262.5,41,0,1699,44,7,0,34754.0,1807215.0,M,22.0,England
Mark Flekken,171919,Brentford,50,england,2324,3285,37,37,7.09,0,1,1,0.0,0.18,146,0,0.0,81,321,42.35,197,806,1003,69.36,10,90.91,1,0,0,0,299,2,0,0,7,40,37,1,0,0,4,8,1,0,2,0,0.0,289,63,57,6,0,0,-6.71,8,53.33,0,40,0,443,0,4,0,0,0,0,0,0,1,0.0,2,0,0,0,450,0,23,0,0,17,63,50,115,0,24,0.0,0.0,0,0,0,0,0,3,75.0,16,1,1,100.0,4,228,4,0,18,69.23,758,570,876,1446,262.4,0,2,1795,4,3,0,34754.0,1807215.0,K,30.0,Netherlands
Yoane Wissa,805123,Brentford,50,england,2324,2508,34,29,7.09,12,3,15,10.57,2.03,9,5,23.81,152,12,57.14,231,96,322,73.18,38,43.68,49,0,0,0,99,7,12,15,1,13,34,0,0,20,15,141,0,0,38,0,17.91,0,40,38,2,9,3,,99,51.83,0,0,2,118,9,30,4,20,3,0,0,0,0,0.0,0,0,0,1,238,24,0,0,8,0,0,0,0,0,0,209.0,0.0,0,55,12,26,26,20,46.51,0,28,16,57.14,30,23,43,21,137,49.28,21,335,126,440,241.1,67,3,836,51,7,0,28962.0,1506013.0,F,27.0,Democratic Republic of the Congo
Adam Wharton,1109771,Crystal Palace,7,england,2324,1305,16,15,7.09,0,3,3,0.34,1.51,26,8,32.0,131,28,57.14,280,184,456,81.14,8,40.0,12,0,0,0,76,5,0,3,2,24,16,0,0,12,23,66,1,0,18,0,0.0,0,16,15,1,0,0,,71,56.8,0,0,0,106,20,21,0,0,3,0,0,0,0,0.0,0,0,0,0,158,12,0,0,0,0,0,0,0,0,0,0.0,0.0,0,2,8,6,1,3,60.0,0,48,32,66.67,21,50,5,25,79,54.48,49,370,217,562,113.4,10,0,793,21,2,0,40547.0,2108418.0,M,19.0,England
Pablo Sarabia,138573,Wolverhampton,3,england,2324,1757,30,20,7.09,4,7,11,5.47,4.89,44,38,29.01,237,33,49.25,428,249,639,77.08,7,24.14,22,0,0,0,90,9,4,15,0,6,30,0,0,23,24,110,0,0,21,0,8.7,0,27,25,2,4,0,,62,41.33,1,0,0,190,10,51,3,9,1,0,0,2,0,100.0,0,2,0,0,384,16,0,0,0,0,0,0,0,0,0,439.25,0.0,7,27,19,13,18,17,43.59,0,20,13,65.0,51,87,39,131,69,38.55,67,659,301,829,212.6,46,1,1248,25,5,0,104262.0,5421646.0,F,31.0,Spain
Noni Madueke,966547,Chelsea,38,england,2324,1079,23,13,7.08,5,2,7,2.49,1.96,3,4,18.18,192,9,75.0,299,107,402,88.55,7,41.18,10,0,0,0,54,2,0,10,1,12,22,0,0,14,23,92,0,0,8,0,15.63,0,19,18,1,5,0,,72,46.75,1,0,1,52,4,20,3,3,0,0,0,1,0,100.0,0,1,0,2,153,3,0,0,1,0,0,0,0,0,0,215.8,0.0,0,22,10,9,13,37,50.0,0,16,10,62.5,20,3,74,22,79,46.2,12,359,117,454,155.8,32,2,729,19,2,0,57924.0,3012026.0,F,21.0,England
Ryan Christie,322391,Bournemouth,60,england,2324,2918,37,35,7.08,0,5,5,2.33,5.44,72,19,26.03,339,88,53.99,581,405,967,79.26,22,36.67,38,0,0,0,231,10,0,14,6,50,37,0,0,47,53,225,0,1,48,0,0.0,0,56,49,7,0,0,,174,48.2,0,0,0,253,52,55,0,5,11,0,0,0,1,0.0,0,0,0,0,460,22,0,0,0,0,0,0,0,0,0,0.0,0.0,0,19,24,16,13,51,55.43,0,86,44,51.16,55,132,92,73,196,46.56,163,836,457,1220,261.9,43,2,1897,38,6,0,81093.0,4216836.0,F,28.0,Scotland
Callum Hudson-Odoi,867442,Nottingham Forest,14,england,2324,1863,29,20,7.08,8,1,9,2.72,2.54,26,11,14.86,265,31,68.89,406,159,554,85.36,2,22.22,7,0,0,0,98,4,2,8,1,11,29,0,0,33,21,102,0,1,14,0,21.05,1,41,35,6,5,3,,91,48.92,0,0,2,95,7,36,0,9,1,0,0,0,0,0.0,0,0,0,1,260,14,0,0,8,0,0,0,0,0,0,232.88,0.0,1,25,13,10,20,43,61.43,0,18,8,44.44,36,44,70,74,93,47.69,45,540,183,649,205.2,38,1,1034,30,0,0,92678.0,4819241.0,F,23.0,England
Richarlison,840217,Tottenham Hotspur,33,england,2324,1510,28,18,7.08,11,4,15,9.59,1.45,7,1,7.14,109,7,70.0,165,101,265,70.86,26,30.95,58,0,0,0,42,3,7,15,0,23,28,0,0,40,8,148,0,0,20,0,17.74,0,18,17,1,10,1,,55,37.93,3,0,1,109,8,16,4,12,6,0,1,0,0,0.0,0,0,0,0,244,13,0,0,4,0,0,0,0,0,0,137.27,0.0,0,51,11,22,25,10,30.3,0,16,11,68.75,15,13,33,14,81,35.37,10,264,124,374,198.1,62,2,734,30,3,0,104262.0,5421646.0,F,26.0,Brazil
Ibrahima Konaté,826215,Liverpool,44,england,2324,1584,22,17,7.07,0,0,0,0.68,0.54,38,0,0.0,180,47,43.12,612,663,1275,87.99,77,71.3,31,0,0,0,97,1,0,1,5,51,22,0,0,5,6,68,1,0,25,0,0.0,0,18,18,0,0,0,,55,59.78,0,0,0,174,20,8,0,0,12,0,0,0,0,0.0,0,0,0,0,191,2,0,1,0,0,0,0,0,0,0,0.0,0.0,0,11,0,8,2,6,85.71,0,36,22,61.11,8,69,7,1,132,66.0,109,728,722,1449,155.6,11,2,1662,13,3,1,81093.0,4216836.0,D,24.0,France
Thiago Silva,33541,Chelsea,38,england,2324,2537,31,28,7.07,3,1,4,0.79,0.6,67,1,25.0,168,96,65.75,680,1483,2162,94.87,53,66.25,27,0,0,0,140,3,0,5,6,150,31,0,0,1,14,51,1,3,10,0,21.43,25,45,42,3,3,0,,37,60.66,2,0,1,117,26,9,0,1,24,0,0,0,0,0.0,0,0,0,0,129,0,0,0,1,0,0,0,0,0,0,845.67,0.0,0,14,0,5,4,2,100.0,0,29,15,51.72,9,101,2,4,90,63.83,146,753,1530,2279,219.1,14,2,2575,8,4,0,127432.0,6626456.0,D,39.0,Brazil
Jarrad Branthwaite,979563,Everton,48,england,2324,3117,35,35,7.07,3,0,3,1.74,1.29,40,1,100.0,76,73,40.11,344,755,1098,80.09,95,67.86,45,0,0,0,181,1,1,3,12,157,35,0,0,2,17,88,0,2,25,0,21.43,0,44,38,6,3,0,,89,67.42,1,0,0,273,50,4,2,5,36,0,0,0,1,0.0,0,0,0,1,305,2,0,0,0,0,0,0,0,0,0,1039.0,0.0,0,12,2,7,4,5,71.43,0,66,32,48.48,4,100,7,1,184,67.65,182,506,866,1371,247.3,14,0,1827,19,8,0,40547.0,2108418.0,D,21.0,England
Amadou Onana,923973,Everton,48,england,2324,2090,30,23,7.06,2,0,2,2.01,1.37,52,1,33.33,246,61,70.93,480,390,869,84.95,53,73.61,19,0,0,0,160,4,1,8,5,30,30,0,0,10,21,93,0,0,37,0,6.9,0,38,33,5,2,0,,127,63.18,2,0,0,154,21,18,0,1,6,0,0,0,1,0.0,0,0,0,0,205,17,0,0,0,0,0,0,0,0,0,1045.0,0.0,0,16,13,15,6,12,60.0,0,71,38,53.52,18,83,20,3,180,65.93,86,594,432,1023,211.8,29,0,1363,45,5,0,115847.0,6024051.0,M,22.0,Belgium
Leandro Trossard,135666,Arsenal,42,england,2324,1646,34,18,7.06,12,1,13,7.9,3.15,21,10,17.54,209,18,56.25,334,153,477,78.71,6,37.5,10,0,0,0,88,3,7,19,2,5,34,0,0,39,16,96,0,0,15,0,20.0,0,10,8,2,12,0,,71,45.22,1,0,1,129,8,24,4,9,1,0,0,0,0,0.0,0,0,0,1,282,12,0,0,7,0,0,0,0,0,0,137.17,0.0,0,42,18,19,22,25,60.98,0,27,16,59.26,24,44,41,57,77,44.51,32,479,184,606,240.0,60,1,994,20,2,0,104262.0,5421646.0,F,29.0,Belgium
Andreas Pereira,285949,Fulham,43,england,2324,2637,37,34,7.06,3,7,10,4.64,5.67,56,67,30.45,343,50,46.73,619,286,838,78.83,14,28.0,36,0,0,0,99,9,3,12,3,11,37,0,0,41,30,150,0,0,22,0,5.77,0,40,34,6,2,1,,70,38.04,0,0,3,225,4,85,1,3,2,0,1,0,0,0.0,0,0,0,0,498,24,0,0,2,0,0,0,0,0,0,879.0,0.0,7,20,32,24,16,19,46.34,0,25,12,48.0,84,124,41,220,84,35.9,107,948,335,1063,261.1,52,1,1615,27,6,0,57924.0,3012026.0,F,28.0,Brazil
Alex Iwobi,352770,Fulham,43,england,2324,2342,32,27,7.06,5,2,7,5.65,4.32,39,13,18.57,350,40,48.78,562,277,826,81.62,6,24.0,19,0,0,0,150,5,2,18,0,6,32,0,0,29,14,106,0,0,12,0,9.09,0,41,30,11,5,0,,76,46.63,0,0,1,186,15,53,1,8,0,0,0,0,0,0.0,0,0,0,0,367,20,0,0,4,0,0,0,0,0,0,468.4,0.0,0,30,25,17,20,40,54.79,0,31,18,58.06,53,81,73,70,82,43.62,82,754,328,1012,225.8,55,2,1420,5,2,0,92678.0,4819241.0,F,27.0,Nigeria
Jefferson Lerma,355796,Crystal Palace,7,england,2324,2403,28,27,7.05,1,1,2,2.65,2.0,45,3,21.43,254,40,44.94,507,505,1009,82.37,69,65.71,36,0,0,0,174,3,2,5,4,64,28,0,0,14,21,116,0,0,43,0,2.94,0,46,43,3,0,1,,78,49.37,0,0,3,216,36,24,0,4,12,0,0,0,0,0.0,0,0,0,0,279,13,0,0,1,0,0,0,0,0,0,2403.0,0.0,0,17,17,20,9,11,64.71,0,42,25,59.52,24,77,17,14,147,55.89,89,664,575,1225,197.5,34,1,1586,25,8,0,81093.0,4216836.0,M,29.0,Colombia
Alejandro Garnacho,1135873,Manchester United,35,england,2324,2586,36,30,7.05,7,4,11,8.39,2.91,15,7,12.07,289,19,45.24,440,229,662,79.38,7,21.88,25,0,0,0,106,6,7,40,2,12,35,0,0,49,33,188,0,0,20,0,7.0,0,39,35,4,7,0,,123,43.01,1,0,0,172,18,46,3,15,2,0,0,0,0,0.0,0,0,0,2,408,19,0,0,3,0,0,0,0,0,0,369.43,0.0,0,81,19,32,28,48,43.24,0,22,15,68.18,46,26,111,58,130,40.88,42,609,283,834,247.5,100,3,1445,54,4,0,57924.0,3012026.0,F,19.0,Argentina
Timo Werner,232306,Tottenham Hotspur,33,england,2324,824,13,10,7.05,2,3,5,3.72,2.9,2,7,25.0,138,3,50.0,209,59,261,80.8,1,33.33,2,0,0,0,27,3,5,11,0,1,13,0,0,5,13,35,0,0,3,0,6.9,0,16,15,1,2,0,,24,42.11,0,0,1,62,3,15,0,12,0,0,0,0,0,0.0,0,0,0,0,113,9,0,0,2,0,0,0,0,0,0,412.0,0.0,0,24,5,11,7,12,50.0,0,7,4,57.14,15,6,24,28,25,41.67,6,279,72,323,91.6,29,0,475,5,1,0,191148.0,9939685.0,F,27.0,Germany
Cheick Doucouré,906047,Crystal Palace,7,england,2324,921,11,11,7.05,0,0,0,0.28,0.75,6,0,0.0,82,8,50.0,185,182,367,87.17,5,35.71,9,0,0,0,74,1,0,2,3,9,11,0,0,8,12,42,0,0,10,0,0.0,0,12,12,0,0,0,,45,57.69,0,0,0,54,20,10,0,0,2,0,0,0,0,0.0,0,0,0,0,82,2,0,0,0,0,0,0,0,0,0,0.0,0.0,0,2,4,2,2,10,76.92,0,34,17,50.0,10,12,13,1,50,54.35,16,221,201,421,77.5,6,0,570,1,2,0,81093.0,4216836.0,M,24.0,Mali
Ethan Pinnock,855864,Brentford,50,england,2324,2529,29,28,7.04,2,0,2,2.04,0.77,37,0,0.0,107,71,45.51,307,867,1174,83.98,114,69.09,51,0,0,0,131,1,3,3,5,167,29,0,0,4,11,73,1,2,4,0,10.53,5,46,42,4,2,0,,51,69.86,2,0,0,224,43,4,0,0,24,0,0,0,0,0.0,0,0,0,0,259,3,0,0,0,0,0,0,0,0,0,1264.5,0.0,0,19,0,12,4,6,66.67,0,35,23,65.71,4,94,9,7,165,69.33,156,456,949,1398,204.3,19,2,1806,11,1,0,34754.0,1807215.0,D,30.0,Jamaica
Idrissa Gueye,106337,Everton,48,england,2324,1892,25,24,7.04,4,0,4,1.33,0.83,26,1,9.09,189,22,42.31,399,355,753,85.57,15,62.5,9,0,0,0,174,1,0,11,4,16,25,0,0,20,17,91,0,0,35,1,15.38,0,25,24,1,2,2,,113,57.95,0,0,0,127,28,15,1,0,7,0,0,0,0,0.0,0,0,0,0,188,16,0,0,3,0,0,0,0,0,0,473.0,100.0,1,8,18,8,7,11,50.0,0,73,44,60.27,15,53,22,11,128,58.45,52,493,398,880,176.1,26,0,1197,31,8,0,139017.0,7228861.0,M,34.0,Senegal
Ben Brereton Díaz,867583,Sheffield United,15,england,2324,1110,14,14,7.04,6,1,7,6.07,1.07,5,2,22.22,89,5,45.45,134,63,195,77.08,7,23.33,23,0,0,0,39,3,5,9,0,11,14,0,0,16,6,73,0,0,11,0,17.14,0,37,33,4,5,1,,38,43.18,1,0,1,58,3,8,0,11,3,0,0,1,0,100.0,0,1,0,1,125,8,0,0,5,0,0,0,0,0,0,185.0,0.0,0,30,5,7,19,10,37.04,0,9,4,44.44,8,13,27,9,45,38.14,11,188,74,253,98.6,35,1,438,19,3,0,40547.0,2108418.0,F,24.0,Chile
Malo Gusto,996958,Chelsea,38,england,2324,1761,27,19,7.04,0,6,6,0.93,3.25,15,17,26.56,280,30,61.22,561,543,1087,89.24,8,29.63,19,0,0,0,126,8,3,2,2,37,26,0,1,12,17,89,0,1,22,0,0.0,0,27,22,5,0,0,,102,59.3,0,0,0,131,17,32,0,6,4,0,0,0,1,0.0,0,0,0,0,259,10,0,1,0,0,0,0,0,0,0,0.0,0.0,0,7,8,8,5,17,45.95,0,55,27,49.09,32,29,37,64,110,55.28,49,692,590,1218,183.1,15,0,1729,30,7,0,52131.0,2710823.0,D,20.0,France
Dominic Solanke,361420,Bournemouth,60,england,2324,3331,38,37,7.04,19,3,22,19.63,2.03,8,3,50.0,191,8,66.67,261,135,393,73.73,98,41.88,136,1,0,0,97,3,14,31,5,43,38,0,0,81,19,333,0,0,42,0,17.43,0,61,55,6,17,2,,106,34.98,4,0,4,140,7,39,1,16,5,0,0,3,0,66.67,0,2,0,1,426,29,0,0,14,0,0,0,0,0,0,175.32,0.0,0,97,12,40,38,39,39.39,0,23,11,47.83,39,11,99,6,204,37.99,12,389,150,533,267.6,109,2,1224,45,3,0,81093.0,4216836.0,F,26.0,England
William Saliba,941168,Arsenal,42,england,2324,3420,38,38,7.04,2,1,3,1.6,0.91,57,1,33.33,256,68,53.97,973,1656,2628,92.57,72,59.5,49,0,0,0,213,0,1,4,18,78,38,0,0,13,7,94,0,3,22,0,20.0,15,29,25,4,2,0,,67,59.82,2,0,0,211,29,6,0,0,17,0,0,0,1,0.0,0,0,0,0,255,6,0,0,0,0,0,0,0,0,0,1710.0,0.0,0,8,2,2,4,10,71.43,0,41,26,63.41,6,95,14,3,139,59.66,126,1085,1757,2839,267.6,10,2,3152,16,4,0,220110.0,11445697.0,D,22.0,France
Christian Nørgaard,135256,Brentford,50,england,2324,2513,31,30,7.04,2,1,3,3.47,2.41,73,6,27.27,284,60,44.44,602,574,1170,81.19,41,46.59,47,0,0,0,216,6,3,12,2,49,31,0,0,15,55,159,0,0,41,0,5.71,0,51,46,5,2,0,,118,51.3,2,0,0,271,54,24,0,1,6,0,0,0,0,0.0,0,0,0,0,342,16,0,0,0,0,0,0,0,0,0,1256.5,0.0,0,25,10,16,7,6,60.0,0,81,50,61.73,24,129,10,22,159,50.0,135,813,650,1441,218.3,35,1,1919,32,8,0,40547.0,2108418.0,M,29.0,Denmark
Luis Sinisterra,836070,Bournemouth,60,england,2324,700,20,7,7.04,2,2,4,2.54,1.07,10,1,9.09,113,14,77.78,154,72,225,80.07,16,44.44,20,0,0,0,47,2,1,8,0,4,20,0,0,10,7,66,0,0,11,0,7.41,0,18,17,1,1,1,,58,55.77,0,0,1,56,8,20,0,4,0,0,0,0,0,0.0,0,0,0,0,122,6,0,0,2,0,0,0,0,0,0,350.0,0.0,0,21,6,10,9,29,61.7,0,23,12,52.17,20,15,47,11,74,52.86,18,208,84,281,140.8,27,0,484,6,0,0,75301.0,3915633.0,F,24.0,Colombia
Mario Lemina,307284,Wolverhampton,3,england,2324,2975,35,34,7.04,4,1,5,4.62,1.28,38,4,26.67,194,59,50.43,527,725,1248,86.73,35,45.45,42,0,0,0,199,3,4,14,4,56,35,0,0,22,22,146,0,0,43,0,8.33,0,55,49,6,4,0,,139,57.2,3,0,1,191,41,20,0,8,9,0,0,0,0,0.0,0,0,0,0,288,15,0,1,1,0,0,0,0,0,0,743.75,0.0,0,30,18,16,18,25,56.82,0,90,58,64.44,20,73,44,15,174,54.38,117,672,782,1439,246.3,48,1,1926,24,10,1,52131.0,2710823.0,M,30.0,Gabon
Pervis Estupiñán,805465,Brighton & Hove Albion,30,england,2324,1244,19,15,7.04,2,3,5,0.96,2.34,18,15,23.08,194,13,59.09,386,356,727,88.66,12,46.15,14,0,0,0,90,4,1,2,1,20,19,0,0,6,16,67,0,0,22,0,18.18,0,26,25,1,1,1,,52,49.52,0,0,0,93,21,26,2,5,4,1,0,0,0,0.0,0,0,0,0,189,9,0,0,0,0,0,0,0,0,0,622.0,0.0,0,6,5,3,6,9,50.0,0,26,13,50.0,26,28,18,65,64,48.85,22,494,391,820,133.7,11,1,1147,17,4,0,57924.0,3012026.0,D,26.0,Ecuador
Guglielmo Vicario,553606,Tottenham Hotspur,33,england,2324,3420,38,38,7.04,0,0,0,0.0,0.01,50,0,0.0,9,85,29.01,30,1117,1147,83.66,21,95.45,1,0,0,0,287,0,0,0,7,46,38,0,0,0,1,2,0,2,0,0,0.0,201,61,58,3,0,0,-0.27,8,88.89,0,30,0,224,1,0,0,0,0,0,0,0,0,0.0,7,0,0,0,234,0,15,0,0,31,78,31,110,0,34,0.0,0.0,0,0,0,0,0,0,0.0,30,0,0,0.0,0,125,0,0,29,93.55,293,166,1205,1371,267.4,0,2,1779,8,2,0,86885.0,4518038.0,K,27.0,Italy
Carlton Morris,358222,Luton Town,72,england,2324,2867,38,32,7.03,11,4,15,11.4,1.56,27,0,0.0,171,8,47.06,292,189,481,66.81,134,43.79,172,0,0,0,71,5,7,12,0,53,38,0,0,53,6,292,0,0,49,0,15.49,0,72,65,7,11,0,,88,42.31,2,0,4,239,1,22,0,9,5,0,0,5,0,100.0,0,5,0,0,397,15,0,0,9,0,0,0,0,0,0,260.64,0.0,0,62,9,28,31,31,60.78,0,15,8,53.33,22,40,51,15,222,43.19,17,510,225,720,267.3,71,1,1193,43,4,0,11585.0,602405.0,F,28.0,England
Łukasz Fabiański,15479,West Ham United,37,england,2324,721,10,7,7.03,0,0,0,,0.01,19,0,0.0,14,57,42.54,35,82,117,60.31,2,100.0,0,0,0,0,68,0,0,0,1,9,9,0,0,0,1,1,0,0,0,0,0.0,56,21,19,2,0,0,-0.63,1,50.0,0,8,0,77,1,0,0,0,0,0,0,0,0,0.0,3,0,0,0,79,0,5,0,0,0,21,12,33,0,5,0.0,0.0,0,0,0,0,0,0,0.0,0,1,0,0.0,0,28,0,0,3,75.0,134,101,93,194,63.3,0,1,293,0,0,0,75301.0,3915633.0,K,38.0,Poland
Marcus Tavernier,895576,Bournemouth,60,england,2324,2129,30,25,7.03,3,4,7,3.91,4.24,24,24,20.69,288,26,42.62,471,156,603,79.34,13,29.55,31,0,0,0,142,7,3,16,2,19,30,0,0,41,22,169,0,0,20,0,5.66,0,38,34,4,2,1,,119,46.3,0,0,1,157,5,45,3,3,3,0,1,0,0,0.0,0,0,0,0,418,22,0,0,0,0,0,0,0,0,0,709.67,0.0,4,27,26,21,16,44,44.44,0,53,34,64.15,44,48,99,116,132,43.85,61,683,193,760,210.9,53,1,1364,22,3,0,40547.0,2108418.0,F,24.0,England
Simon Adingra,1110842,Brighton & Hove Albion,30,england,2324,2239,31,25,7.03,6,1,7,4.31,3.44,14,14,18.42,238,14,42.42,426,194,606,81.12,8,40.0,12,0,0,0,118,6,4,7,1,22,31,0,0,28,23,155,0,0,29,0,11.54,0,38,31,7,5,1,,114,44.36,1,0,1,141,19,33,0,17,1,0,0,0,0,0.0,0,0,0,1,357,17,0,0,5,0,0,0,0,0,0,373.17,0.0,0,38,14,23,22,50,43.86,0,45,20,44.44,33,26,114,76,122,44.04,33,592,231,747,217.9,52,2,1262,19,3,0,14481.0,753006.0,F,22.0,Cote d'Ivoire
Giovani Lo Celso,798835,Tottenham Hotspur,33,england,2324,547,22,4,7.03,2,2,4,0.57,1.91,13,5,38.46,167,18,75.0,285,162,442,91.51,1,16.67,5,0,0,0,46,1,0,4,0,2,21,0,0,7,5,32,0,0,12,0,15.38,0,12,12,0,1,1,,56,67.47,0,0,1,41,5,18,2,1,1,0,0,0,1,0.0,0,0,0,0,76,6,0,0,0,0,0,0,0,0,0,273.5,0.0,0,3,10,3,6,8,72.73,0,22,13,59.09,18,19,11,13,57,64.04,24,324,172,483,147.6,13,0,617,26,2,0,81093.0,4216836.0,F,27.0,Argentina
Yves Bissouma,844842,Tottenham Hotspur,33,england,2324,2085,28,26,7.03,0,0,0,1.4,1.71,38,0,0.0,446,42,72.41,940,746,1686,91.93,14,48.28,15,0,0,0,128,0,1,6,2,42,28,0,1,30,20,111,1,2,35,0,0.0,0,35,33,2,0,0,,138,58.97,0,0,0,148,37,11,0,0,5,0,0,0,0,0.0,0,0,0,0,232,14,0,2,0,0,0,0,0,0,0,0.0,0.0,1,5,19,13,5,27,69.23,0,80,52,65.0,11,60,39,1,152,57.79,58,1037,798,1834,196.8,24,0,2230,31,9,1,63716.0,3313228.0,M,27.0,Mali
Alfie Doughty,945792,Luton Town,72,england,2324,2937,37,34,7.03,2,8,10,1.31,5.39,44,89,26.18,250,66,39.05,487,422,820,75.23,23,65.71,12,0,0,0,185,10,2,13,2,36,37,0,0,13,45,124,1,3,31,1,7.69,0,74,67,7,1,1,,105,48.39,0,0,0,270,31,71,2,13,9,0,1,0,0,0.0,0,0,0,0,659,11,0,0,0,0,0,0,0,0,0,1468.5,50.0,2,20,6,5,8,33,57.89,0,63,40,63.49,70,110,57,340,128,50.79,169,945,485,1090,260.0,26,1,2095,9,5,0,8689.0,451804.0,M,24.0,England
Chiedozie Ogbene,849309,Luton Town,72,england,2324,1993,30,20,7.03,4,1,5,4.25,3.54,10,11,13.92,230,10,37.04,358,166,513,81.56,29,54.72,24,0,0,0,125,5,1,17,1,31,30,0,0,21,10,104,0,2,8,0,11.43,0,47,43,4,4,0,,127,61.35,1,0,1,116,7,27,0,8,3,0,1,0,0,0.0,0,0,0,2,334,14,0,0,3,0,0,0,0,0,0,498.25,0.0,0,27,8,4,14,61,58.1,0,17,10,58.82,26,22,105,79,156,60.0,27,505,203,629,210.8,35,0,1183,50,1,0,17377.0,903608.0,F,26.0,Ireland
Jean-Philippe Mateta,848276,Crystal Palace,7,england,2324,2305,35,25,7.03,16,5,21,10.94,1.34,7,4,20.0,133,8,80.0,221,88,305,73.85,50,42.37,68,0,0,0,81,5,7,7,4,14,35,0,0,78,4,221,0,0,35,0,34.78,0,44,40,4,16,0,,69,31.08,1,0,0,108,4,32,3,24,4,0,0,2,0,100.0,0,2,0,2,328,30,0,0,12,0,0,0,0,0,0,144.06,0.0,0,45,1,10,29,25,40.98,0,22,15,68.18,32,9,61,20,119,35.0,10,325,108,413,245.9,46,3,845,22,3,0,57924.0,3012026.0,F,26.0,France
Darwin Núñez,924871,Liverpool,44,england,2324,2053,36,22,7.03,11,8,19,16.39,4.45,13,3,15.79,206,11,44.0,275,61,333,71.61,34,38.2,55,0,1,0,56,11,27,22,2,9,36,0,0,29,12,142,0,0,28,0,10.19,0,25,21,4,9,2,,52,37.41,2,0,9,132,3,33,2,33,6,0,0,1,0,0.0,0,0,0,1,259,16,0,0,7,0,0,0,0,0,0,186.64,0.0,0,83,25,40,46,15,42.86,0,22,12,54.55,33,33,35,19,86,37.72,25,408,76,465,252.9,108,2,838,15,9,0,162186.0,8433672.0,F,24.0,Uruguay
Tosin Adarabioyo,352668,Fulham,43,england,2324,1627,20,18,7.02,2,0,2,0.73,0.31,41,0,0.0,59,72,52.55,294,732,1026,84.72,57,67.06,28,0,0,0,43,0,1,2,6,80,19,0,0,4,9,51,0,0,10,0,14.29,3,25,19,6,2,0,,26,53.06,2,0,1,185,25,2,0,0,11,0,0,0,0,0.0,0,0,0,0,196,0,0,0,0,0,0,0,0,0,0,813.5,0.0,0,12,2,7,5,1,100.0,0,21,11,52.38,2,84,1,1,83,61.94,137,400,812,1211,133.4,14,1,1406,5,2,0,46339.0,2409620.0,D,26.0,England
Willy Boly,139310,Nottingham Forest,14,england,2324,1454,20,18,7.02,2,1,3,1.48,0.77,28,0,0.0,45,31,32.29,118,352,470,76.92,57,67.86,27,0,0,0,86,4,2,2,2,86,20,0,0,3,18,69,0,0,20,0,14.29,0,23,20,3,2,0,,51,54.84,2,0,0,141,25,9,0,1,21,0,0,0,0,0.0,0,0,0,0,178,2,0,1,0,0,0,0,0,0,0,727.0,0.0,0,13,1,6,6,3,60.0,0,46,29,63.04,9,76,5,1,108,61.02,96,216,396,611,140.4,14,1,917,2,1,1,46339.0,2409620.0,D,33.0,Cote d'Ivoire
Ivan Perišić,38710,Tottenham Hotspur,33,england,2324,98,5,0,7.02,0,1,1,0.11,0.71,2,3,23.08,23,2,66.67,33,19,49,80.33,5,100.0,0,0,0,0,3,2,0,1,0,1,5,0,0,0,2,7,0,0,2,0,0.0,0,1,1,0,0,0,,8,53.33,0,0,0,12,2,5,0,0,0,0,0,0,0,0.0,0,0,0,0,29,0,0,0,0,0,0,0,0,0,0,0.0,0.0,0,2,0,1,0,4,57.14,0,3,2,66.67,5,4,7,13,13,65.0,3,52,22,61,35.1,2,0,99,1,2,0,208525.0,10843292.0,M,34.0,Croatia
Joachim Andersen,362682,Crystal Palace,7,england,2324,3416,38,38,7.02,2,3,5,1.68,2.32,149,10,32.26,236,202,42.44,619,1104,1713,79.49,91,65.94,47,0,0,0,193,5,3,5,8,202,38,0,0,6,10,107,1,0,43,0,9.52,3,58,54,4,2,0,,91,60.26,0,0,0,442,41,20,0,1,18,0,0,0,0,0.0,0,0,0,0,501,2,0,0,2,0,0,0,0,0,0,1708.0,0.0,1,18,3,8,8,14,70.0,0,56,35,62.5,20,305,20,31,182,62.98,476,963,1223,2155,266.7,21,3,2673,23,7,0,92678.0,4819241.0,D,27.0,Denmark
Alisson,243609,Liverpool,44,england,2324,2520,28,28,7.02,0,0,0,0.0,0.02,55,0,0.0,10,83,37.9,51,797,848,85.06,9,81.82,2,0,0,0,221,0,0,0,8,21,28,0,0,0,1,4,2,2,1,0,0.0,116,30,27,3,0,0,-1.03,2,50.0,0,11,0,149,0,1,0,0,0,0,0,0,0,0.0,1,0,0,0,161,0,10,0,0,11,49,31,83,2,14,0.0,0.0,0,0,0,0,0,0,0.0,9,0,0,0.0,1,116,0,0,11,73.33,219,158,839,997,196.5,0,0,1271,5,1,0,173771.0,9036077.0,K,31.0,Brazil
Ben Davies,94758,Tottenham Hotspur,33,england,2324,1093,17,12,7.02,1,0,1,2.34,0.56,25,1,10.0,121,31,60.78,269,473,741,91.26,29,58.0,21,0,0,0,53,0,3,1,1,35,17,0,0,3,5,43,0,0,8,0,8.33,0,21,20,1,1,0,,47,68.12,1,0,0,71,10,4,0,0,15,0,0,0,0,0.0,0,0,0,1,95,2,0,0,0,0,0,0,0,0,0,1093.0,0.0,0,10,2,9,2,4,40.0,0,24,17,70.83,4,41,10,10,76,63.87,51,314,508,812,119.3,12,0,1007,19,2,0,92678.0,4819241.0,D,30.0,Wales
Mateo Kovačić,136710,Manchester City,17,england,2324,1581,30,16,7.02,1,0,1,1.27,1.85,16,0,0.0,346,20,54.05,894,539,1433,94.09,4,50.0,4,0,0,0,72,3,1,11,3,10,29,0,0,24,10,62,0,0,17,0,4.55,0,14,13,1,1,0,,71,55.04,0,0,0,90,10,21,0,0,1,0,0,0,0,0.0,0,0,0,0,139,10,0,0,1,0,0,0,0,0,0,1581.0,0.0,0,7,15,6,5,20,74.07,0,36,25,69.44,21,31,27,0,75,54.74,37,963,560,1523,203.5,22,1,1746,15,4,0,173771.0,9036077.0,M,29.0,Croatia
Thomas Partey,316148,Arsenal,42,england,2324,788,14,9,7.02,0,0,0,0.41,0.58,27,2,100.0,154,25,54.35,331,232,561,90.34,7,46.67,8,0,0,0,56,0,0,3,2,8,13,0,0,8,5,33,0,0,10,0,0.0,0,5,2,3,0,0,,29,53.7,0,0,0,60,11,6,0,0,3,0,0,0,0,0.0,0,0,0,0,84,10,0,0,0,0,0,0,0,0,0,0.0,0.0,0,2,6,3,2,9,81.82,0,14,11,78.57,6,43,11,2,36,52.17,46,379,244,621,91.2,8,0,734,6,3,0,231694.0,12048102.0,M,30.0,Ghana
Fabian Schär,101882,Newcastle United,39,england,2324,3054,36,35,7.01,4,1,5,2.55,1.45,150,3,37.5,203,185,50.14,516,1240,1753,83.24,70,49.3,72,0,0,0,174,2,2,12,8,131,36,0,0,12,22,149,0,1,38,0,11.43,3,58,49,9,4,0,,80,50.96,1,0,0,353,36,10,0,0,38,0,0,0,0,0.0,0,0,0,2,404,3,0,0,3,0,0,0,0,0,0,763.5,0.0,3,18,17,14,9,13,61.9,0,42,24,57.14,10,281,21,8,150,50.17,369,739,1375,2106,252.5,35,3,2557,26,5,0,52131.0,2710823.0,D,32.0,Switzerland
Joël Matip,51501,Liverpool,44,england,2324,783,10,9,7.01,0,0,0,0.49,0.13,14,0,0.0,45,16,42.11,155,339,494,87.74,28,73.68,10,0,0,0,58,0,1,1,2,41,10,0,0,4,4,27,0,0,7,0,0.0,0,9,8,1,0,0,,15,46.88,0,0,0,69,9,2,0,1,12,1,0,0,0,0.0,0,0,0,0,80,1,0,0,0,0,0,0,0,0,0,0.0,0.0,0,5,0,4,0,0,0.0,0,12,6,50.0,2,31,2,0,43,61.43,38,194,369,563,70.1,5,0,677,3,2,0,115847.0,6024051.0,D,32.0,Cameroon
Nicolas Jackson,1085381,Chelsea,38,england,2324,2804,35,31,7.01,14,5,19,18.64,2.88,7,0,0.0,232,11,61.11,361,152,513,77.96,35,35.71,63,0,0,0,98,8,24,17,2,17,35,0,0,66,19,209,0,0,28,0,17.5,0,48,43,5,14,0,,115,44.06,3,0,3,145,4,39,3,28,5,0,0,0,0,0.0,0,0,0,0,347,26,0,0,8,0,0,0,0,0,0,200.29,0.0,0,69,11,22,41,54,59.34,0,21,13,61.9,39,14,91,5,150,41.78,18,479,184,658,245.3,80,2,1142,40,10,0,75301.0,3915633.0,F,22.0,Senegal
Jarell Quansah,1003339,Liverpool,44,england,2324,1189,17,13,7.01,2,0,2,1.04,0.17,31,0,0.0,96,44,44.9,361,673,1034,88.76,45,67.16,22,0,0,0,72,0,0,0,2,39,16,0,0,2,6,43,1,0,10,0,33.33,2,15,12,3,2,0,,31,59.62,1,0,0,131,17,3,0,0,8,0,0,0,1,0.0,0,0,0,0,142,3,0,0,1,0,0,0,0,0,0,594.5,0.0,0,5,1,2,4,4,57.14,0,25,22,88.0,3,61,7,0,76,63.87,98,445,720,1165,112.1,6,2,1301,2,1,0,17377.0,903608.0,D,21.0,England
Jordan Ayew,103045,Crystal Palace,7,england,2324,2555,35,30,7.0,4,7,11,3.9,2.67,13,18,18.56,226,11,34.38,436,236,654,80.64,34,35.42,62,0,0,0,155,7,4,12,5,13,34,0,0,80,21,261,0,0,46,0,8.33,0,37,35,2,3,1,,210,51.34,1,0,1,157,16,25,0,7,2,0,0,0,0,0.0,0,0,0,0,466,23,0,1,3,0,0,0,0,0,0,638.75,0.0,0,28,20,16,20,52,47.71,0,65,36,55.38,25,27,109,97,244,48.32,32,636,272,811,238.1,48,1,1547,94,7,1,28962.0,1506013.0,F,32.0,Ghana
Levi Colwill,996911,Chelsea,38,england,2324,1798,23,20,7.0,1,1,2,1.3,0.53,26,0,0.0,145,43,38.39,369,509,878,83.38,44,68.75,20,0,0,0,96,3,0,3,4,64,23,0,0,4,8,61,0,0,25,0,9.09,4,26,25,1,1,0,,70,63.06,1,0,0,175,26,7,0,4,10,0,0,0,0,0.0,0,0,0,0,229,3,0,0,0,0,0,0,0,0,0,1798.0,0.0,0,10,1,5,3,9,69.23,0,48,30,62.5,7,70,13,12,114,65.14,112,490,575,1053,161.0,11,0,1438,14,2,0,115847.0,6024051.0,D,20.0,England
Konstantinos Tsimikas,786259,Liverpool,44,england,2324,701,13,8,7.0,0,3,3,0.1,1.25,5,19,26.39,87,12,44.44,189,138,308,85.56,4,22.22,14,0,0,0,43,2,0,1,3,9,12,0,0,4,6,44,0,0,11,0,0.0,0,7,7,0,0,0,,29,49.15,0,0,0,52,6,16,0,1,1,0,0,0,0,0.0,0,0,0,0,141,2,0,0,0,0,0,0,0,0,0,0.0,0.0,0,1,2,2,0,4,28.57,0,19,13,68.42,16,13,14,72,33,42.86,27,272,160,360,84.0,3,0,596,7,0,0,86885.0,4518038.0,D,27.0,Greece
Rico Henry,599128,Brentford,50,england,2324,402,5,5,7.0,0,1,1,0.08,0.78,9,2,18.18,37,8,61.54,55,79,132,84.62,4,40.0,6,0,0,0,24,2,0,0,1,5,5,0,0,7,1,18,1,0,4,0,0.0,0,5,4,1,0,0,,20,62.5,0,0,0,24,5,6,0,2,3,0,1,0,0,0.0,0,0,0,0,52,3,0,0,0,0,0,0,0,0,0,0.0,0.0,0,1,1,2,0,7,87.5,0,7,5,71.43,5,16,8,11,24,57.14,13,80,87,156,35.0,2,0,251,6,1,0,40547.0,2108418.0,D,26.0,England
Josh Acheampong,1403050,Chelsea,38,england,2324,12,1,0,7.0,0,0,0,,0.0,0,0,0.0,0,0,0.0,0,0,0,0.0,0,0.0,1,0,0,0,1,0,0,0,0,0,1,0,0,0,0,1,0,0,0,0,0.0,0,0,0,0,0,0,,0,0.0,0,0,0,1,0,0,0,0,3,0,0,0,0,0.0,0,0,0,0,1,0,0,0,0,0,0,0,0,0,0,0.0,0.0,0,0,0,0,0,0,0.0,0,0,0,0.0,0,1,0,0,0,0.0,1,1,0,1,7.0,0,0,6,0,0,0,,,,,
James Shea,137789,Luton Town,72,england,2324,14,1,0,7.0,0,0,0,,0.0,0,0,0.0,2,3,50.0,3,2,5,62.5,0,0.0,0,0,0,0,2,0,0,0,0,2,1,0,0,0,0,0,0,0,0,0,0.0,3,0,0,0,0,0,0.13,0,0.0,0,0,0,3,0,0,0,0,0,0,0,0,0,0.0,0,0,0,0,3,0,0,0,0,0,0,2,2,0,0,0.0,0.0,0,0,0,0,0,0,0.0,0,0,0,0.0,0,0,0,0,0,0.0,6,5,3,8,7.0,0,0,13,0,0,0,8689.0,451804.0,K,32.0,England
Davinson Sánchez,566102,Tottenham Hotspur,33,england,2324,76,1,0,7.0,0,0,0,0.12,0.03,2,0,0.0,21,3,50.0,43,24,67,90.54,3,75.0,1,0,0,0,4,0,0,0,0,2,1,0,0,0,0,3,0,0,2,0,0.0,0,2,2,0,0,0,,1,33.33,0,0,0,7,1,0,0,0,2,0,0,0,0,0.0,0,0,0,0,8,0,0,0,0,0,0,0,0,0,0,0.0,0.0,0,1,0,1,0,0,0.0,0,0,0,0.0,0,5,0,0,4,57.14,6,47,27,74,7.0,1,0,84,1,1,0,,,,,
Aymeric Laporte,149734,Manchester City,17,england,2324,11,1,0,7.0,0,0,0,0.04,0.0,0,0,0.0,0,0,0.0,4,7,11,100.0,0,0.0,0,0,0,0,2,0,0,0,0,1,1,0,0,0,0,0,0,0,0,0,0.0,0,0,0,0,0,0,,0,0.0,0,0,0,0,0,0,0,0,1,0,0,0,0,0.0,0,0,0,0,0,0,0,0,0,0,0,0,0,0,0,0.0,0.0,0,1,0,0,1,0,0.0,0,0,0,0.0,0,0,0,0,0,0.0,0,4,7,11,7.0,1,0,14,0,0,0,,,,,
Ederson,254491,Manchester City,17,england,2324,2788,33,33,7.0,0,0,0,0.0,0.06,112,0,0.0,37,185,56.06,81,861,942,85.87,9,100.0,0,0,0,0,218,0,0,0,10,16,33,2,0,0,1,3,0,1,2,0,0.0,114,27,23,4,0,0,0.66,4,57.14,0,22,0,155,0,1,0,0,0,0,0,0,1,0.0,3,0,0,0,157,0,6,0,0,27,37,19,57,0,15,0.0,0.0,0,0,0,0,0,1,100.0,25,0,0,0.0,1,175,1,0,13,81.25,330,196,901,1097,231.0,0,0,1346,4,5,0,115847.0,6024051.0,K,30.0,Brazil
Micky van de Ven,998247,Tottenham Hotspur,33,england,2324,2342,27,27,7.0,3,0,3,0.61,0.34,8,0,0.0,168,41,60.29,581,1100,1681,94.28,38,48.1,41,0,0,0,144,0,0,1,5,71,27,0,0,12,9,84,0,1,13,0,37.5,31,38,36,2,3,0,,81,65.32,0,0,0,102,18,1,3,1,15,0,0,0,1,0.0,0,0,0,0,148,3,0,0,0,0,0,0,0,0,0,780.67,0.0,0,7,1,4,3,15,62.5,0,49,35,71.43,1,29,24,3,119,58.62,68,641,1145,1783,188.9,8,2,2089,17,5,0,81093.0,4216836.0,D,22.0,Netherlands
Harvey Barnes,855647,Newcastle United,39,england,2324,794,21,7,7.0,5,3,8,3.58,1.91,7,3,25.0,97,3,33.33,137,67,201,79.13,4,33.33,8,0,0,0,43,8,2,9,0,2,21,0,0,16,1,43,0,0,5,0,18.52,0,10,10,0,3,2,,34,49.28,1,0,0,53,5,13,1,2,0,0,0,0,0,0.0,0,0,0,0,107,8,0,0,3,0,0,0,0,0,0,158.8,0.0,0,21,6,6,12,7,33.33,0,6,1,16.67,13,11,21,12,38,46.91,9,189,77,254,146.9,27,2,401,21,2,0,92678.0,4819241.0,F,26.0,England
Marc Cucurella,794939,Chelsea,38,england,2324,1784,21,20,7.0,0,2,2,1.13,1.21,13,5,31.25,184,15,27.27,399,522,916,86.66,25,59.52,17,0,0,0,96,1,2,2,4,33,21,0,0,6,30,83,0,0,23,0,0.0,0,33,29,4,0,0,,98,59.76,0,0,0,141,22,19,0,1,13,1,0,0,1,0.0,0,0,0,1,190,8,0,0,0,0,0,0,0,0,0,0.0,0.0,0,7,1,2,4,4,36.36,0,62,38,61.29,19,27,11,16,123,59.71,55,475,598,1057,146.9,8,1,1492,35,10,0,202733.0,10542090.0,D,25.0,Spain
Joelinton,560128,Newcastle United,39,england,2324,1282,20,15,6.99,2,1,3,3.09,1.14,15,0,0.0,165,11,61.11,310,207,517,83.93,18,36.0,32,0,0,0,85,5,3,4,2,10,19,0,0,28,24,122,0,1,28,0,10.53,0,23,21,2,2,0,,79,46.75,0,0,1,99,19,23,0,0,7,0,0,0,0,0.0,0,0,0,0,172,13,0,0,2,0,0,0,0,0,0,641.0,0.0,0,12,7,6,9,17,60.71,0,39,27,69.23,23,23,28,2,97,44.29,18,376,242,616,132.9,19,1,885,23,6,0,173771.0,9036077.0,M,27.0,Brazil
Nick Pope,162653,Newcastle United,39,england,2324,1346,15,15,6.99,0,0,0,0.03,0.01,22,0,0.0,9,46,34.85,32,189,221,71.06,3,75.0,1,0,0,0,117,0,0,0,5,17,15,1,0,0,1,2,1,1,0,0,0.0,95,16,11,5,0,0,1.5,3,75.0,0,9,0,90,0,0,0,0,0,0,0,0,0,0.0,0,0,0,0,92,0,10,0,0,11,30,12,43,0,13,0.0,0.0,0,1,0,1,0,0,0.0,10,0,0,0.0,0,57,0,0,6,75.0,132,100,211,311,104.9,1,1,474,3,1,0,69508.0,3614431.0,K,31.0,England
James Trafford,980643,Burnley,6,england,2324,2520,28,28,6.99,0,0,0,0.0,0.06,91,0,0.0,41,182,26.57,108,741,849,62.06,17,85.0,3,0,0,0,295,0,0,0,2,38,28,3,0,0,0,3,1,0,0,0,0.0,198,62,50,12,0,0,-7.47,6,100.0,0,25,0,519,1,0,0,0,0,0,0,0,0,0.0,5,0,0,0,533,0,20,0,0,20,78,28,106,1,32,0.0,0.0,0,0,0,0,0,2,100.0,20,2,1,50.0,0,213,2,0,23,88.46,685,555,813,1368,195.8,0,2,1735,5,2,0,28962.0,1506013.0,K,21.0,England
Julio Enciso,973556,Brighton & Hove Albion,30,england,2324,482,12,5,6.99,0,2,2,1.44,1.3,5,2,25.0,54,4,80.0,87,44,129,77.25,1,33.33,2,0,0,0,13,4,2,6,0,3,12,0,0,8,5,27,0,0,6,0,0.0,0,12,12,0,0,0,,33,56.9,0,0,0,38,0,9,0,1,0,0,0,0,0,0.0,0,0,0,0,77,2,0,0,0,0,0,0,0,0,0,0.0,0.0,0,13,15,14,8,17,70.83,0,6,2,33.33,9,12,24,8,34,55.74,5,125,50,167,83.9,28,0,288,10,2,0,11585.0,602405.0,F,20.0,Paraguay
Marcos Senesi,830659,Bournemouth,60,england,2324,2268,31,26,6.99,4,5,9,2.02,2.5,127,11,44.0,208,125,44.17,436,563,988,78.47,41,50.0,41,0,0,0,164,2,0,0,4,105,31,0,0,11,32,131,0,1,41,0,30.77,0,44,38,6,4,0,,73,44.79,3,0,1,271,35,22,0,0,23,0,0,0,0,0.0,0,0,0,0,330,10,0,0,1,0,0,0,0,0,0,567.0,0.0,0,10,3,9,4,11,57.89,0,55,32,58.18,22,249,19,25,114,46.53,283,650,634,1259,216.7,13,4,1668,11,13,0,57924.0,3012026.0,D,26.0,Argentina
Lewis Cook,548188,Bournemouth,60,england,2324,2792,33,32,6.99,0,3,3,0.39,2.96,39,34,25.76,272,51,38.35,586,539,1091,81.24,42,57.53,31,0,0,0,228,3,0,3,7,43,33,0,1,19,29,129,1,0,39,0,0.0,0,50,45,5,0,0,,98,50.0,0,0,0,252,65,47,0,2,11,0,1,0,0,0.0,0,0,0,0,421,22,0,1,0,0,0,0,0,0,0,0.0,0.0,0,3,9,5,4,21,60.0,0,61,41,67.21,46,86,35,132,140,52.04,133,865,610,1343,230.6,12,1,1855,16,5,0,46339.0,2409620.0,M,26.0,England
Rico Lewis,1136731,Manchester City,17,england,2324,806,16,8,6.99,2,0,2,0.63,1.25,12,0,0.0,156,8,44.44,275,210,485,90.99,0,0.0,6,0,0,0,42,4,0,0,0,3,14,0,0,12,4,32,0,0,7,0,40.0,0,9,9,0,2,0,,34,56.67,0,0,0,48,4,13,0,0,1,0,0,0,0,0.0,0,0,0,0,69,2,0,0,2,0,0,0,0,0,0,403.0,0.0,0,4,1,1,4,4,50.0,0,10,7,70.0,13,17,8,1,34,51.52,18,311,223,533,97.8,5,0,654,20,1,0,28962.0,1506013.0,D,19.0,England
Wesley Foderingham,187861,Sheffield United,15,england,2324,2648,30,29,6.98,0,0,0,0.0,0.09,79,0,0.0,44,229,34.13,186,311,497,52.65,5,83.33,1,0,0,0,283,0,0,0,1,29,30,1,0,1,1,3,5,1,1,0,0.0,262,79,72,7,0,0,-6.67,15,88.24,0,26,0,447,0,1,0,0,0,1,0,0,0,0.0,6,0,0,0,461,0,11,0,0,28,86,44,133,0,29,0.0,0.0,0,0,0,0,0,2,100.0,26,5,3,60.0,1,172,2,0,20,86.96,671,566,378,944,209.5,0,2,1270,12,2,0,14481.0,753006.0,K,33.0,England
Harry Wilson,355528,Fulham,43,england,2324,1622,35,16,6.98,4,6,10,3.38,2.74,27,12,28.57,179,29,61.7,311,162,461,79.21,5,45.45,6,0,0,0,78,5,2,11,1,11,34,0,0,12,17,72,0,0,21,0,10.0,0,30,23,7,2,2,,76,53.52,0,0,2,121,10,23,4,5,3,0,1,0,0,0.0,0,0,0,1,215,9,0,0,0,0,0,0,0,0,0,405.5,0.0,3,19,21,16,13,15,48.39,0,21,14,66.67,22,48,31,42,81,52.94,47,432,192,582,237.4,40,3,898,40,6,0,40547.0,2108418.0,F,26.0,Wales
Matt Turner,833943,Nottingham Forest,14,england,2324,1530,17,17,6.98,0,0,0,0.0,0.02,56,0,0.0,28,138,45.1,95,206,301,63.64,6,100.0,0,0,0,0,158,0,0,0,2,13,17,0,0,0,0,0,3,1,0,0,0.0,136,28,23,5,0,0,-5.45,1,100.0,0,28,0,172,0,0,0,0,0,0,0,0,0,0.0,2,0,0,0,181,0,5,0,0,9,29,23,55,1,12,0.0,0.0,0,0,0,0,0,0,0.0,8,0,0,0.0,0,119,0,0,7,100.0,306,236,237,473,118.7,0,0,685,3,2,0,46339.0,2409620.0,K,29.0,United States
Antonee Robinson,803174,Fulham,43,england,2324,3270,37,37,6.98,0,6,6,0.68,3.74,71,30,22.73,325,101,46.98,614,653,1237,75.94,42,60.87,27,0,0,0,227,6,2,6,7,109,37,0,0,16,58,169,1,2,34,0,0.0,0,60,49,11,0,0,,150,51.37,0,0,0,392,80,34,0,3,8,2,1,0,0,0.0,0,0,0,0,651,10,0,0,0,0,0,0,0,0,0,0.0,0.0,0,6,10,3,7,37,51.39,0,93,58,62.37,33,163,72,132,192,53.19,215,936,825,1629,258.3,16,1,2650,20,6,0,57924.0,3012026.0,D,26.0,United States
Pape Matar Sarr,1002711,Tottenham Hotspur,33,england,2324,2091,34,27,6.98,3,3,6,3.44,2.09,17,5,20.0,362,28,70.0,695,475,1165,88.73,24,47.06,27,0,0,0,144,2,3,11,2,28,34,0,0,15,21,111,0,1,32,0,8.33,0,27,25,2,3,0,,70,45.45,0,0,1,148,31,20,2,0,5,0,0,0,0,0.0,0,0,0,0,241,25,0,0,1,0,0,0,0,0,0,697.0,0.0,0,21,15,11,14,19,52.78,0,34,24,70.59,20,32,36,25,94,45.85,40,817,521,1313,237.3,36,1,1652,17,9,0,81093.0,4216836.0,M,21.0,Senegal
Max Kilman,894474,Wolverhampton,3,england,2324,3420,38,38,6.98,2,0,2,1.81,1.1,98,1,16.67,181,144,46.45,578,1395,1972,86.26,89,71.2,36,0,0,0,177,4,1,2,5,179,38,0,0,10,8,94,0,4,38,0,14.29,9,65,58,7,2,0,,72,55.38,0,0,0,314,39,17,2,2,37,0,0,0,1,0.0,0,0,0,0,351,2,0,0,0,0,0,0,0,0,0,1710.0,0.0,0,13,1,6,6,10,76.92,0,47,21,44.68,17,214,13,6,161,63.14,310,775,1517,2286,265.2,14,1,2757,18,7,0,57924.0,3012026.0,D,26.0,England
Ivan Toney,290927,Brentford,50,england,2324,1449,17,16,6.97,4,2,6,5.97,1.43,6,6,27.27,96,4,23.53,157,65,216,55.67,55,46.22,64,0,0,0,56,3,11,11,3,17,17,0,0,17,8,119,0,0,24,1,7.84,0,30,27,3,3,1,,53,49.07,0,0,1,172,10,12,0,7,1,0,0,0,0,0.0,0,0,0,0,285,11,0,0,4,0,0,0,0,0,0,362.25,12.5,8,34,17,18,22,10,50.0,0,15,5,33.33,12,24,20,22,108,47.58,17,312,98,388,118.5,51,0,685,29,5,0,23169.0,1204810.0,F,27.0,England
Tom Cairney,82566,Fulham,43,england,2324,1500,34,14,6.97,1,4,5,1.08,2.46,41,5,20.0,365,41,58.57,635,491,1121,90.33,14,70.0,6,0,0,0,105,5,0,3,3,6,34,0,0,24,12,61,0,0,16,0,5.88,0,27,23,4,1,0,,73,57.03,0,0,1,120,13,26,1,0,4,1,0,0,0,0.0,0,0,0,1,208,11,0,0,0,0,0,0,0,0,0,1500.0,0.0,0,8,9,6,8,26,83.87,0,24,16,66.67,26,72,31,25,87,58.78,70,742,524,1241,237.0,17,1,1481,23,3,0,34754.0,1807215.0,M,33.0,Scotland
Boubacar Kamara,826204,Aston Villa,40,england,2324,1660,20,20,6.97,0,1,1,0.13,1.4,45,0,0.0,197,41,60.29,445,469,914,89.26,20,44.44,25,0,0,0,97,1,0,1,4,15,20,0,1,13,23,108,0,0,35,0,0.0,0,22,18,4,0,0,,85,50.6,0,0,0,110,21,20,0,0,7,0,0,0,0,0.0,0,0,0,0,159,4,0,1,0,0,0,0,0,0,0,0.0,0.0,0,3,2,3,1,14,53.85,0,43,29,67.44,20,73,26,2,105,49.3,68,528,498,1024,139.4,5,0,1264,29,7,0,139017.0,7228861.0,M,24.0,France
Mathias Jensen,799251,Brentford,50,england,2324,2217,32,27,6.97,3,3,6,0.7,4.75,87,43,38.05,253,82,56.94,448,359,764,78.6,6,35.29,11,0,0,0,123,9,0,3,1,24,32,0,0,18,69,148,0,1,28,1,21.43,0,45,42,3,2,1,,90,39.65,0,0,0,208,23,41,1,2,6,0,0,0,0,0.0,0,0,0,1,400,14,0,0,2,0,0,0,0,0,0,739.0,33.33,3,5,9,4,7,18,43.9,0,54,32,59.26,41,150,41,113,96,39.34,144,675,410,972,222.9,14,1,1510,19,5,0,57924.0,3012026.0,M,28.0,Denmark
Vitaliy Mykolenko,876643,Everton,48,england,2324,2471,28,28,6.96,2,0,2,1.51,1.06,36,13,23.21,158,54,40.3,345,329,661,74.94,30,52.63,27,0,0,0,142,2,1,11,9,82,28,0,0,11,25,97,0,0,23,0,7.69,0,37,31,6,2,0,,96,57.83,1,0,2,221,36,13,0,1,11,0,0,0,0,0.0,0,0,0,0,360,2,0,0,1,0,0,0,0,0,0,1235.5,0.0,0,12,14,10,5,18,62.07,0,69,38,55.07,13,89,29,56,126,56.5,134,532,406,882,195.0,26,0,1566,9,1,0,67191.0,3493950.0,D,24.0,Ukraine
Oliver McBurnie,367228,Sheffield United,15,england,2324,1295,21,15,6.96,6,3,9,6.89,1.99,2,2,40.0,97,1,20.0,172,70,240,60.3,114,49.57,116,0,0,0,41,3,7,6,0,28,21,0,0,18,7,167,0,0,19,0,18.18,0,40,37,3,6,0,,46,47.42,1,0,2,158,5,12,1,4,2,0,0,2,0,100.0,0,2,0,1,220,7,0,2,4,0,0,0,0,0,0,215.83,0.0,0,32,1,10,17,6,37.5,0,17,7,41.18,12,4,16,5,160,48.93,5,317,86,398,146.2,33,0,634,27,3,2,28962.0,1506013.0,F,27.0,Scotland
Caoimhin Kelleher,827362,Liverpool,44,england,2324,900,10,10,6.96,0,0,0,,0.01,24,0,0.0,10,44,35.77,28,279,307,79.33,4,100.0,0,0,0,0,73,0,0,0,2,7,10,0,0,0,0,0,1,0,0,0,0.0,28,11,10,1,0,0,0.4,0,0.0,0,4,0,80,0,1,0,0,0,0,0,0,0,0.0,0,0,0,0,83,0,3,0,0,4,23,5,28,0,4,0.0,0.0,0,0,0,0,0,0,0.0,4,0,0,0.0,1,37,0,0,4,100.0,123,91,296,387,69.6,0,0,485,0,0,0,11585.0,602405.0,K,25.0,Ireland
Moussa Diaby,855817,Aston Villa,40,england,2324,2197,38,25,6.96,6,8,14,7.08,4.55,6,11,24.44,224,9,56.25,321,160,470,82.6,2,11.76,15,0,0,0,62,13,7,15,0,5,37,0,0,30,18,115,0,0,16,0,11.11,0,40,32,8,4,2,,56,35.9,0,0,1,99,9,47,3,6,1,0,0,0,0,0.0,0,0,0,0,239,9,0,0,3,0,0,0,0,0,0,366.17,0.0,0,40,14,16,23,29,43.94,0,12,5,41.67,47,19,66,45,58,33.53,16,435,179,569,257.5,54,2,896,15,1,0,150601.0,7831267.0,F,24.0,France
Hee-Chan Hwang,786186,Wolverhampton,3,england,2324,2124,29,25,6.96,12,3,15,7.69,2.87,10,2,18.18,145,10,58.82,230,184,412,77.74,7,13.73,44,0,0,0,75,4,8,10,2,8,29,0,0,31,15,148,0,0,31,0,26.67,0,37,33,4,12,0,,88,45.83,2,0,2,118,10,17,2,15,1,0,0,1,1,100.0,0,1,0,1,247,17,0,0,8,0,0,0,0,0,0,177.0,0.0,0,40,5,17,18,36,54.55,0,20,10,50.0,17,22,66,11,95,39.09,17,325,216,530,201.8,45,0,880,32,6,0,81093.0,4216836.0,F,28.0,South Korea
Raheem Sterling,138534,Chelsea,38,england,2324,1981,31,22,6.96,8,4,12,6.48,4.31,5,10,16.95,263,6,66.67,427,105,522,79.33,2,12.5,14,0,0,0,92,7,11,14,1,8,31,0,0,44,14,172,0,1,34,1,15.69,0,38,35,3,7,1,,107,40.38,0,0,2,136,13,30,3,10,0,0,0,0,0,0.0,0,0,0,3,365,23,0,0,5,0,0,0,0,0,0,247.63,20.0,5,38,13,15,22,45,39.13,0,21,10,47.62,30,15,115,59,109,38.79,9,592,125,658,215.7,51,2,1153,41,7,0,376503.0,19578166.0,F,29.0,England
Jorginho,132874,Arsenal,42,england,2324,934,24,10,6.96,0,2,2,0.1,2.11,47,1,33.33,244,38,71.7,428,270,697,90.17,7,50.0,7,0,0,0,49,2,0,2,1,7,19,0,0,4,12,35,1,0,9,0,0.0,0,11,10,1,0,0,,41,59.42,0,0,0,76,12,10,0,0,1,0,0,0,0,0.0,0,0,0,0,98,3,0,0,0,0,0,0,0,0,0,0.0,0.0,0,0,4,2,0,2,40.0,0,24,10,41.67,10,71,5,3,48,57.83,53,489,287,773,132.2,4,0,891,15,1,0,127432.0,6626456.0,M,32.0,Italy
Stefan Ortega,125274,Manchester City,17,england,2324,632,9,5,6.96,0,0,0,,0.01,26,0,0.0,2,36,41.86,16,173,189,78.1,1,100.0,0,0,0,0,50,0,0,0,1,3,9,0,0,0,0,0,0,1,0,0,0.0,19,7,7,0,0,0,2.03,1,100.0,0,6,0,53,0,0,0,0,0,0,0,0,0,0.0,0,0,0,0,53,0,1,0,0,4,15,5,20,0,7,0.0,0.0,0,0,0,0,0,0,0.0,4,0,0,0.0,0,50,0,0,2,100.0,86,51,191,242,62.6,0,0,299,1,0,0,104262.0,5421646.0,K,31.0,Germany
Dan Burn,99090,Newcastle United,39,england,2324,2732,33,32,6.95,2,2,4,3.09,1.14,19,4,36.36,123,25,27.47,357,863,1216,81.07,103,67.76,49,0,0,0,124,3,4,6,7,119,33,0,0,10,35,126,0,1,32,0,8.7,2,45,37,8,2,0,,74,49.01,1,0,0,284,37,10,1,4,25,0,0,0,1,0.0,0,0,0,0,345,2,0,0,0,0,0,0,0,0,0,1366.0,0.0,0,23,0,11,6,4,66.67,0,61,33,54.1,10,49,6,11,177,58.42,91,536,975,1500,229.5,23,2,2050,11,4,0,63716.0,3313228.0,D,31.0,England
Aaron Wan-Bissaka,863653,Manchester United,35,england,2324,1781,22,20,6.95,0,2,2,0.11,1.38,13,4,28.57,182,13,31.71,368,326,690,82.93,21,52.5,19,0,0,0,94,1,0,2,3,54,21,0,0,9,7,61,0,1,17,0,0.0,0,34,30,4,0,0,,68,61.82,0,0,0,142,41,12,0,0,15,0,0,0,1,0.0,0,0,0,0,204,6,0,0,0,0,0,0,0,0,0,0.0,0.0,0,1,2,0,1,17,65.38,0,42,25,59.52,12,26,26,14,89,59.33,41,463,383,832,146.3,3,1,1271,9,4,0,104262.0,5421646.0,D,26.0,England
Jakub Kiwior,976037,Arsenal,42,england,2324,971,20,11,6.95,1,3,4,0.83,0.61,14,3,25.0,117,21,50.0,257,213,467,85.85,16,59.26,11,0,0,0,35,1,3,2,5,24,16,0,0,2,5,29,0,1,10,0,16.67,0,8,7,1,1,0,,24,57.14,1,0,0,77,8,6,0,0,3,0,0,0,0,0.0,0,0,0,0,115,1,0,0,0,0,0,0,0,0,0,971.0,0.0,0,4,2,1,3,2,66.67,0,20,12,60.0,6,23,3,12,40,57.97,42,321,235,544,111.2,6,0,733,3,1,0,67191.0,3493950.0,D,23.0,Poland
Billy Gilmour,907668,Brighton & Hove Albion,30,england,2324,2125,30,24,6.95,0,1,1,0.98,2.34,72,11,32.35,402,64,62.14,939,975,1903,92.15,11,34.38,21,0,0,0,132,3,0,11,3,14,30,0,1,9,24,88,0,1,22,0,0.0,6,37,34,3,0,0,,64,48.85,0,0,0,162,11,22,0,0,9,0,0,0,0,0.0,0,0,0,0,244,17,0,1,0,0,0,0,0,0,0,0.0,0.0,0,4,21,9,5,8,38.1,0,26,16,61.54,22,125,21,34,75,46.01,103,1079,1020,2065,208.5,25,0,2328,30,8,0,23169.0,1204810.0,M,22.0,Scotland
Luke Shaw,190839,Manchester United,35,england,2324,962,12,12,6.95,0,0,0,0.05,0.87,20,9,27.27,99,16,41.03,203,278,472,85.66,13,56.52,10,0,0,0,59,1,0,0,2,37,12,0,0,6,6,39,0,0,14,0,0.0,8,13,13,0,0,0,,21,42.0,0,0,0,79,6,13,0,0,11,0,0,0,0,0.0,0,0,0,0,142,5,0,0,0,0,0,0,0,0,0,0.0,0.0,0,1,1,2,0,7,63.64,0,11,8,72.73,13,43,11,33,34,46.58,39,273,311,551,83.4,2,0,776,3,6,0,173771.0,9036077.0,D,28.0,England
Tomáš Souček,799041,West Ham United,37,england,2324,2881,37,34,6.95,7,2,9,6.73,1.19,35,2,33.33,162,31,44.93,332,387,717,75.71,108,57.14,81,0,0,0,151,4,11,8,5,107,37,0,0,12,26,161,0,0,41,0,16.28,0,64,56,8,6,1,,81,50.31,1,0,1,230,37,20,2,10,28,0,0,0,1,0.0,0,0,0,0,279,7,0,0,4,0,0,0,0,0,0,411.57,0.0,0,39,4,20,15,4,36.36,0,53,35,66.04,20,60,11,6,189,54.0,69,498,455,947,257.1,43,0,1389,24,7,0,104262.0,5421646.0,M,28.0,Czech Republic
Sander Berge,793167,Burnley,6,england,2324,3005,37,34,6.95,1,2,3,1.94,1.64,46,1,8.33,367,83,71.55,686,689,1374,88.82,65,57.02,49,0,0,0,202,5,2,8,2,58,37,0,0,23,24,150,2,0,40,0,4.0,0,69,59,10,0,1,,114,53.02,0,0,1,173,23,29,0,2,20,0,0,0,0,0.0,0,0,0,0,248,17,0,1,1,0,0,0,0,0,0,3005.0,0.0,0,13,12,14,3,20,55.56,0,76,46,60.53,29,63,36,12,179,54.41,116,828,731,1547,257.1,25,0,1964,19,8,1,46339.0,2409620.0,M,25.0,Norway
Josh Brownhill,358394,Burnley,6,england,2324,2265,33,23,6.95,4,2,6,1.94,2.1,40,13,22.81,286,44,45.36,461,377,825,80.25,36,52.17,33,0,0,0,124,0,1,5,2,40,33,0,1,14,10,101,0,1,38,0,14.29,0,53,44,9,3,1,,90,56.96,0,0,0,203,34,34,3,2,8,0,0,0,1,0.0,0,0,0,0,296,12,0,1,1,0,0,0,0,0,0,566.25,0.0,0,11,17,12,11,7,53.85,0,61,35,57.38,34,66,13,57,126,55.51,97,651,434,1028,229.3,28,0,1416,24,4,0,52131.0,2710823.0,M,28.0,England
Vitaly Janelt,814873,Brentford,50,england,2324,3069,38,37,6.95,1,3,4,1.76,3.68,56,20,33.9,289,60,45.45,538,525,1043,79.86,34,55.74,27,0,0,0,189,5,2,8,4,57,38,0,0,10,32,100,1,2,27,0,4.76,0,52,48,4,1,0,,99,57.56,0,0,1,263,36,37,1,3,9,0,0,0,0,0.0,0,0,0,1,355,17,0,0,0,0,0,0,0,0,0,3069.0,0.0,0,12,9,6,7,8,53.33,0,63,38,60.32,37,114,15,59,133,57.08,132,756,609,1306,264.0,21,0,1759,28,8,0,34754.0,1807215.0,M,25.0,Germany
Miguel Almirón,333373,Newcastle United,39,england,2324,1955,33,23,6.95,3,1,4,4.55,2.38,14,4,16.67,277,13,65.0,425,237,658,85.79,6,46.15,7,0,0,0,97,6,4,9,2,12,33,0,0,27,18,89,0,0,16,0,7.32,0,40,34,6,2,1,,81,49.69,0,0,2,109,10,24,3,10,2,0,0,0,0,0.0,0,0,0,0,218,18,0,0,0,0,0,0,0,0,0,651.67,0.0,0,29,12,20,12,23,51.11,0,36,24,66.67,24,27,45,24,87,49.43,20,532,259,767,229.2,41,0,1099,22,2,0,69508.0,3614431.0,F,29.0,Paraguay
Amad Diallo,971037,Manchester United,35,england,2324,388,9,3,6.94,1,1,2,0.52,0.48,4,0,0.0,51,3,75.0,106,41,147,88.02,4,40.0,6,0,0,0,14,1,0,3,0,6,9,0,0,14,4,39,0,0,5,0,10.0,0,6,5,1,1,0,,25,43.1,0,0,0,20,1,10,1,0,1,0,0,0,0,0.0,0,0,0,0,53,1,0,0,0,0,0,0,0,0,0,388.0,0.0,0,5,5,3,4,11,52.38,0,10,3,30.0,10,4,21,1,29,42.65,4,121,47,167,62.5,10,0,258,4,1,0,33417.0,1737707.0,F,21.0,Cote d'Ivoire
Ezri Konsa,827679,Aston Villa,40,england,2324,3073,35,35,6.94,1,0,1,2.47,1.03,40,4,23.53,232,46,56.1,663,1141,1800,92.17,30,68.18,14,0,0,0,142,1,3,5,6,68,35,0,0,17,4,53,2,1,14,0,5.26,3,54,45,9,1,0,,137,77.84,0,0,0,153,28,8,0,0,20,0,0,0,1,0.0,0,0,0,1,237,7,0,0,1,0,0,0,0,0,0,3073.0,0.0,0,15,4,9,5,19,76.0,0,54,32,59.26,8,72,25,17,167,75.91,82,751,1219,1953,243.0,19,2,2476,64,5,0,86885.0,4518038.0,D,26.0,England
Kobbie Mainoo,1142175,Manchester United,35,england,2324,1939,24,24,6.94,3,1,4,0.89,1.63,20,1,16.67,180,21,52.5,371,377,747,86.66,19,42.22,26,0,0,0,96,0,0,3,0,27,24,0,0,24,24,109,1,0,15,0,27.27,0,31,28,3,3,0,,101,54.89,0,0,0,115,22,15,0,0,12,0,0,0,0,0.0,0,0,0,0,195,7,0,0,3,0,0,0,0,0,0,646.33,0.0,0,5,6,3,5,31,58.49,0,47,27,57.45,15,43,53,6,120,52.4,40,444,424,862,166.6,11,1,1176,23,3,0,28962.0,1506013.0,M,19.0,England
Jack Hinshelwood,1142315,Brighton & Hove Albion,30,england,2324,870,12,8,6.94,3,0,3,2.0,0.38,5,2,20.0,79,5,22.73,152,217,367,84.37,7,46.67,8,0,0,0,33,1,3,1,1,16,12,0,0,2,8,33,0,0,11,0,21.43,0,17,16,1,3,0,,17,40.48,2,0,1,68,14,8,0,1,2,0,0,0,1,0.0,0,0,0,0,96,1,0,0,1,0,0,0,0,0,0,290.0,0.0,0,14,0,5,8,0,0.0,0,14,5,35.71,8,14,4,10,24,42.11,22,198,247,435,83.3,14,1,599,3,1,0,11585.0,602405.0,M,18.0,England
Brennan Johnson,1085180,Tottenham Hotspur,33,england,2324,2330,35,26,6.94,5,10,15,10.61,4.5,4,17,24.29,269,7,28.0,417,137,537,76.6,6,25.0,18,0,0,0,86,12,17,14,1,9,35,0,0,21,21,119,0,1,18,0,9.43,0,42,38,4,5,0,,93,47.94,0,0,2,164,10,46,1,13,2,0,0,0,0,0.0,0,0,0,0,331,20,0,0,4,0,0,0,0,0,0,466.0,0.0,0,46,7,18,21,27,39.13,0,30,16,53.33,46,12,69,70,99,45.41,25,595,176,701,242.9,53,0,1141,36,3,0,92678.0,4819241.0,F,22.0,Wales
Nicolás Domínguez,871765,Nottingham Forest,14,england,2324,1518,26,19,6.94,2,2,4,1.32,1.28,26,2,33.33,191,27,50.94,378,332,708,85.4,21,52.5,19,0,0,0,108,2,1,8,1,23,25,0,0,7,25,85,0,0,26,0,9.09,0,27,22,5,2,0,,86,56.58,1,0,0,121,18,10,0,2,5,0,0,0,0,0.0,0,0,0,0,167,8,0,0,1,0,0,0,0,0,0,759.0,0.0,0,17,5,8,6,7,46.67,0,63,34,53.97,10,45,15,6,107,55.73,53,469,366,829,173.5,22,0,1098,16,4,0,40547.0,2108418.0,M,25.0,Argentina
John Stones,152077,Manchester City,17,england,2324,1064,16,12,6.94,1,0,1,1.05,0.4,20,0,0.0,183,25,64.1,381,397,778,93.62,14,73.68,5,0,0,0,46,0,0,2,4,20,15,0,0,6,3,22,0,0,4,0,25.0,2,9,6,3,1,0,,8,32.0,0,0,0,53,10,6,0,0,7,0,0,0,0,0.0,0,0,0,0,73,2,0,0,1,0,0,0,0,0,0,1064.0,0.0,0,2,2,0,2,1,20.0,0,2,1,50.0,6,29,5,5,22,50.0,39,424,412,831,104.1,4,0,922,5,2,0,289618.0,15060128.0,D,29.0,England
Scott McKenna,358108,Nottingham Forest,14,england,2324,417,5,5,6.94,0,0,0,0.21,0.19,9,0,0.0,13,7,30.43,40,91,131,77.51,20,86.96,3,0,0,0,25,0,0,0,1,25,5,0,0,0,1,7,0,0,3,0,0.0,0,6,3,3,0,0,,6,60.0,0,0,0,38,5,3,0,0,4,0,0,0,0,0.0,0,0,0,0,52,0,0,0,0,0,0,0,0,0,0,0.0,0.0,0,2,0,2,0,0,0.0,0,4,0,0.0,3,17,0,0,26,78.79,23,64,105,169,34.7,2,0,246,2,0,0,23169.0,1204810.0,D,26.0,Scotland
Đorđe Petrović,882604,Chelsea,38,england,2324,1994,23,22,6.94,0,0,0,,0.01,28,0,0.0,9,93,35.91,45,495,540,76.38,6,100.0,0,0,0,0,152,0,0,0,5,20,23,2,0,0,0,0,2,1,0,0,0.0,149,38,35,3,0,0,-8.93,0,0.0,0,18,0,167,0,0,0,0,0,0,0,0,0,0.0,2,0,0,0,172,0,8,0,0,14,44,29,75,0,15,0.0,0.0,0,0,0,0,0,0,0.0,12,0,0,0.0,0,50,0,0,6,100.0,259,163,544,707,159.6,0,1,926,1,2,0,28962.0,1506013.0,K,24.0,Serbia
Youri Tielemans,331737,Aston Villa,40,england,2324,1642,32,17,6.94,2,6,8,1.32,2.17,23,2,6.45,244,36,66.67,475,307,780,86.0,13,59.09,9,0,0,0,97,5,1,5,2,8,32,0,0,22,24,86,0,0,22,0,14.29,0,27,26,1,2,0,,85,52.47,0,0,2,127,15,18,0,0,3,0,0,0,0,0.0,0,0,0,0,210,17,0,0,2,0,0,0,0,0,0,821.0,0.0,0,7,7,3,6,15,60.0,0,41,20,48.78,18,47,25,31,98,53.26,54,598,340,907,222.0,14,0,1173,29,3,0,173771.0,9036077.0,M,26.0,Belgium
Chris Wood,50480,Nottingham Forest,14,england,2324,1839,31,20,6.94,14,1,15,11.88,1.1,6,0,0.0,84,6,60.0,170,108,278,64.5,73,42.69,98,0,0,0,46,3,12,7,0,26,31,0,0,21,6,155,0,0,22,0,29.17,0,34,30,4,13,1,,25,30.49,5,0,2,153,1,22,5,7,3,0,0,0,1,0.0,0,0,0,0,235,4,0,0,4,0,0,0,0,0,0,131.36,0.0,0,44,4,15,26,6,40.0,0,7,4,57.14,22,15,15,2,98,38.74,10,286,147,431,215.0,48,3,671,13,0,0,92678.0,4819241.0,F,32.0,New Zealand
Scott McTominay,879346,Manchester United,35,england,2324,1919,32,18,6.93,7,1,8,5.74,0.5,13,0,0.0,143,18,60.0,287,237,524,81.49,38,46.34,44,0,0,0,91,2,6,11,7,54,32,0,0,23,11,115,0,0,29,0,15.91,0,30,27,3,7,0,,76,51.7,4,0,0,119,14,11,1,6,12,0,0,0,1,0.0,0,0,0,0,190,3,0,0,2,0,0,0,0,0,0,274.14,0.0,0,32,12,14,19,8,44.44,0,49,25,51.02,11,24,18,4,114,49.78,30,369,278,643,221.9,44,1,991,21,2,0,69508.0,3614431.0,M,27.0,Scotland
Emerson Palmieri,155997,West Ham United,37,england,2324,3142,36,35,6.93,1,2,3,1.52,2.08,56,10,20.41,296,42,37.17,643,556,1189,82.91,25,52.08,23,0,0,0,142,2,2,5,5,88,36,0,0,17,33,137,0,0,32,0,5.26,0,67,59,8,0,1,,163,58.84,0,0,1,245,43,25,1,1,15,1,0,0,1,0.0,0,0,0,2,413,15,0,0,0,0,0,0,0,0,0,3142.0,0.0,0,13,6,10,4,24,42.86,0,106,68,64.15,25,97,56,49,188,57.85,113,827,656,1434,249.5,19,2,2277,33,10,0,110055.0,5722849.0,D,29.0,Italy
Reece James,885908,Chelsea,38,england,2324,429,10,5,6.93,0,2,2,0.31,1.59,12,7,25.0,70,14,58.33,113,119,225,84.27,8,61.54,5,0,0,0,28,7,0,2,0,7,10,0,1,6,2,21,0,1,4,0,0.0,0,11,11,0,0,0,,28,63.64,0,0,0,42,3,13,0,2,4,0,1,0,0,0.0,0,0,0,0,82,3,0,2,0,0,0,0,0,0,0,0.0,0.0,3,4,3,4,1,9,69.23,0,14,9,64.29,12,22,13,28,36,63.16,24,164,131,267,69.3,7,0,415,5,0,1,289618.0,15060128.0,D,24.0,England
Tom Lockyer,197848,Luton Town,72,england,2324,1171,14,14,6.93,1,1,2,1.05,0.28,38,0,0.0,51,45,40.91,115,184,299,71.53,31,64.58,17,0,0,0,89,1,2,1,0,66,14,0,0,2,7,42,0,0,15,0,14.29,1,23,22,1,1,0,,39,60.94,0,0,0,119,23,3,1,0,13,1,0,0,1,0.0,0,0,0,0,132,0,0,0,0,0,0,0,0,0,0,1171.0,0.0,0,7,0,5,1,4,66.67,0,25,16,64.0,3,78,6,1,70,62.5,110,196,223,418,97.0,7,0,618,10,4,0,23169.0,1204810.0,D,29.0,Wales
Tyrick Mitchell,988275,Crystal Palace,7,england,2324,3208,37,37,6.92,2,3,5,1.61,2.35,46,17,24.64,247,35,31.82,489,423,895,74.21,21,44.68,26,0,0,0,208,5,2,4,10,86,37,0,0,28,17,108,0,0,22,0,16.67,0,55,52,3,2,0,,139,62.9,0,0,0,311,26,24,2,1,10,0,0,0,0,0.0,0,0,0,0,541,11,0,0,0,0,0,0,0,0,0,1604.0,0.0,0,11,1,4,4,18,51.43,0,105,60,57.14,24,105,35,69,160,59.7,110,713,562,1206,256.2,12,0,2130,16,6,0,46339.0,2409620.0,D,24.0,England
Fábio Vieira,904835,Arsenal,42,england,2324,292,11,2,6.92,1,2,3,1.25,0.82,4,3,20.0,53,4,66.67,93,29,119,88.81,1,100.0,0,0,0,0,16,2,0,1,0,1,10,0,1,5,0,18,0,0,8,0,14.29,0,2,2,0,1,0,,15,45.45,0,0,0,15,2,5,1,2,0,0,0,1,0,100.0,0,1,0,2,47,3,0,1,0,0,0,0,0,0,0,292.0,0.0,0,7,0,4,2,2,25.0,0,3,2,66.67,5,6,8,15,16,47.06,6,115,34,134,69.2,7,0,198,10,0,0,52131.0,2710823.0,F,23.0,Portugal
Gustavo Hamer,837495,Sheffield United,15,england,2324,2923,36,34,6.92,4,6,10,2.98,4.55,38,33,28.7,286,42,33.87,473,282,722,73.52,6,27.27,16,0,0,0,162,10,1,15,1,32,36,0,0,17,43,154,0,0,50,0,8.16,0,83,74,9,3,1,,84,37.84,0,0,0,260,29,71,1,6,9,0,1,0,1,0.0,0,0,0,0,436,15,0,0,3,0,0,0,0,0,0,730.75,0.0,6,14,35,19,15,28,50.0,0,39,21,53.85,70,87,56,115,90,36.89,124,755,342,982,249.0,49,0,1478,17,9,0,34754.0,1807215.0,M,26.0,Netherlands
Issa Diop,825719,Fulham,43,england,2324,1426,18,16,6.92,0,0,0,0.26,0.42,26,0,0.0,70,37,41.57,319,629,948,88.1,25,59.52,17,0,0,0,65,0,0,1,4,80,18,0,0,5,5,43,1,0,17,0,0.0,13,25,24,1,0,0,,35,57.38,0,0,0,128,17,0,0,0,19,0,0,0,3,0.0,0,0,0,0,138,2,0,1,0,0,0,0,0,0,0,0.0,0.0,0,4,1,3,1,1,100.0,0,30,16,53.33,0,68,1,0,60,58.25,89,391,685,1076,124.5,5,0,1273,4,2,1,81093.0,4216836.0,D,27.0,France
Mykhaylo Mudryk,958966,Chelsea,38,england,2324,1586,31,18,6.92,5,2,7,4.43,3.18,18,15,19.23,172,14,77.78,279,103,367,76.94,7,33.33,14,0,0,0,50,6,4,7,0,6,31,0,0,22,22,110,0,0,22,0,14.29,0,28,26,2,4,1,,87,47.54,0,0,1,110,9,32,2,1,1,0,0,0,0,0.0,0,0,0,2,293,6,0,0,3,0,0,0,0,0,0,317.2,0.0,0,23,12,16,12,39,55.71,0,21,12,57.14,32,32,70,78,94,46.08,18,430,125,477,214.4,35,0,862,27,5,0,115847.0,6024051.0,F,23.0,Ukraine
Jordan Beyer,927175,Burnley,6,england,2324,1238,15,15,6.91,0,1,1,0.52,0.19,19,0,0.0,41,47,55.95,157,605,762,89.12,29,52.73,26,0,0,0,57,1,0,3,2,68,15,0,0,1,10,50,1,0,11,0,0.0,1,23,18,5,0,0,,44,64.71,0,0,0,93,16,3,0,0,15,0,0,0,0,0.0,0,0,0,0,104,0,0,0,0,0,0,0,0,0,0,0.0,0.0,0,5,0,2,0,4,66.67,0,35,20,57.14,3,40,6,0,73,59.35,84,202,653,855,103.7,5,0,1038,6,6,0,3475.0,180722.0,D,23.0,Germany
Thomas Kaminski,45959,Luton Town,72,england,2324,3406,38,38,6.91,0,0,0,0.0,0.1,127,0,0.0,82,312,35.02,236,485,721,54.95,4,100.0,0,0,0,0,328,0,0,0,2,22,38,0,0,0,4,4,1,1,0,0,0.0,341,85,78,7,0,0,-5.15,7,63.64,0,15,0,591,0,1,0,0,0,0,0,0,0,0.0,4,0,0,0,600,1,8,0,0,32,98,42,145,1,29,0.0,0.0,0,0,0,0,0,2,100.0,29,2,1,50.0,1,257,2,0,11,73.33,891,728,584,1312,262.7,0,1,1670,3,3,0,28962.0,1506013.0,K,31.0,Belgium
Taiwo Awoniyi,359664,Nottingham Forest,14,england,2324,1055,20,12,6.91,6,3,9,4.73,0.88,1,0,0.0,45,2,66.67,82,45,127,73.84,21,30.43,48,0,0,0,33,2,4,3,0,9,19,0,0,11,1,76,0,0,9,0,27.27,0,21,16,5,6,0,,33,54.1,1,0,0,45,1,10,2,13,2,0,0,0,0,0.0,0,0,0,0,105,6,0,0,3,0,0,0,0,0,0,175.83,0.0,0,20,2,8,11,8,53.33,0,9,7,77.78,10,3,15,1,54,41.54,3,119,54,172,131.3,22,0,332,16,2,0,57924.0,3012026.0,F,26.0,Nigeria
Raphaël Varane,138310,Manchester United,35,england,2324,1377,22,16,6.91,1,0,1,1.26,0.57,20,0,0.0,78,29,45.31,264,427,691,89.28,21,80.77,5,0,0,0,67,0,0,2,3,86,21,0,0,2,4,20,0,0,8,0,12.5,42,23,20,3,1,0,,22,59.46,1,0,0,83,15,1,0,2,18,0,0,0,0,0.0,0,0,0,0,96,2,0,0,0,0,0,0,0,0,0,1377.0,0.0,0,8,0,4,2,1,50.0,0,18,11,61.11,1,35,2,0,43,68.25,64,308,466,774,145.1,8,0,957,3,2,0,393880.0,20481774.0,D,30.0,France
Nathan Collins,958916,Brentford,50,england,2324,2649,32,29,6.91,1,1,2,1.65,1.06,58,1,25.0,139,69,38.12,350,847,1196,81.47,73,67.59,35,0,0,0,136,5,3,2,7,129,32,0,0,13,10,72,4,0,12,0,10.0,3,51,47,4,1,0,,72,66.06,1,0,0,272,44,11,0,3,30,0,0,0,0,0.0,0,0,0,0,328,0,0,0,0,0,0,0,0,0,0,2649.0,0.0,0,9,1,6,2,11,84.62,0,38,20,52.63,11,129,13,4,145,66.82,181,527,945,1468,221.1,10,1,1944,23,3,0,34754.0,1807215.0,D,22.0,Ireland
Abdoulaye Doucouré,96535,Everton,48,england,2324,2637,32,32,6.91,7,2,9,8.77,1.51,21,3,11.54,261,17,48.57,437,246,680,78.52,24,36.36,42,0,0,0,144,4,10,9,9,18,32,0,0,42,28,183,0,0,53,0,14.89,0,36,33,3,7,0,,76,35.02,1,0,1,186,15,34,1,21,3,0,0,0,1,0.0,0,0,0,0,344,25,0,0,5,0,0,0,0,0,0,376.71,0.0,0,40,7,15,23,25,54.35,0,43,27,62.79,34,45,46,26,100,35.34,35,612,280,866,221.0,47,0,1272,8,7,0,150601.0,7831267.0,M,31.0,Mali
Wilson Odobert,1142679,Burnley,6,england,2324,2118,29,25,6.9,3,2,5,2.81,3.62,8,11,31.43,210,9,56.25,302,142,433,79.45,8,34.78,15,0,0,0,94,7,2,16,0,12,28,0,0,30,16,119,0,0,9,0,6.12,0,48,43,5,1,2,,89,46.11,0,0,0,112,6,31,1,1,2,0,0,0,0,0.0,0,0,0,0,273,13,0,0,2,0,0,0,0,0,0,706.0,0.0,0,26,23,19,14,53,51.96,0,17,13,76.47,31,16,102,35,97,44.91,16,407,173,545,193.3,49,1,943,19,3,0,11585.0,602405.0,F,19.0,France
Anthony Elanga,979232,Nottingham Forest,14,england,2324,2434,36,25,6.9,5,9,14,6.57,4.05,14,7,12.07,200,7,35.0,315,177,485,75.31,18,32.14,38,0,0,0,96,14,10,11,2,16,36,0,0,22,20,130,1,0,9,0,9.26,0,47,41,6,4,1,,86,48.31,1,0,3,159,8,33,1,19,2,0,1,0,0,0.0,0,0,0,0,358,12,0,0,3,0,0,0,0,0,0,486.8,0.0,0,40,14,20,23,28,40.0,0,33,19,57.58,32,21,70,58,104,44.44,20,473,229,644,248.5,54,2,1097,26,1,0,28962.0,1506013.0,F,21.0,Sweden
Dominic Calvert-Lewin,372344,Everton,48,england,2324,2185,32,26,6.9,7,2,9,12.93,1.59,8,0,0.0,134,4,50.0,192,55,247,56.91,141,48.79,148,0,0,0,46,4,16,8,0,38,32,0,0,25,13,237,0,0,31,0,9.59,0,27,24,3,6,1,,55,38.19,1,0,3,187,4,19,1,24,4,0,0,2,0,100.0,0,2,0,0,309,16,0,0,5,0,0,0,0,0,0,312.14,0.0,1,62,11,34,31,14,35.0,0,13,6,46.15,19,11,40,3,196,45.27,8,354,83,434,220.8,73,0,804,32,2,0,115847.0,6024051.0,F,26.0,England
Marcus Rashford,814590,Manchester United,35,england,2324,2291,33,26,6.9,7,2,9,6.69,2.73,19,2,5.71,260,26,55.32,383,160,541,79.21,16,38.1,26,0,0,0,81,6,7,23,5,20,33,0,0,38,17,147,0,0,13,0,11.29,0,37,32,5,5,2,,87,41.83,0,0,2,142,4,26,0,12,1,0,1,2,0,100.0,0,2,0,1,342,14,0,0,7,0,0,0,0,0,0,327.29,0.0,1,45,17,18,21,48,47.52,0,19,12,63.16,25,41,101,35,103,41.2,47,536,182,683,227.7,62,0,1131,21,2,0,347541.0,18072154.0,F,26.0,England
Edson Álvarez,847151,West Ham United,37,england,2324,2383,31,28,6.9,1,1,2,1.3,0.8,42,1,25.0,178,60,54.05,453,577,1029,86.11,30,45.45,36,0,0,0,164,0,0,8,3,70,31,0,0,30,35,146,0,0,33,0,5.88,0,45,42,3,1,0,,122,52.59,0,0,0,166,42,12,0,1,20,0,0,0,1,0.0,0,0,0,0,261,5,0,0,1,0,0,0,0,0,0,2383.0,0.0,0,7,10,6,3,27,65.85,0,80,39,48.75,12,84,41,4,152,51.01,111,564,635,1195,213.9,17,1,1690,15,11,0,115847.0,6024051.0,M,26.0,Mexico
Trevoh Chalobah,826134,Chelsea,38,england,2324,950,13,10,6.9,1,0,1,0.2,0.35,6,0,0.0,66,24,39.34,202,479,681,89.61,19,45.24,23,0,0,0,46,0,0,0,2,49,13,0,0,3,5,34,0,0,3,0,50.0,1,14,13,1,1,0,,20,64.52,1,0,0,79,8,3,0,0,7,0,1,0,0,0.0,0,0,0,0,97,3,0,0,0,0,0,0,0,0,0,950.0,0.0,0,2,0,0,2,1,50.0,0,16,12,75.0,2,17,2,0,39,53.42,61,246,514,760,89.7,2,0,897,3,1,0,57924.0,3012026.0,D,24.0,England
Ethan Nwaneri,1401702,Arsenal,42,england,2324,13,1,0,6.9,0,0,0,,0.04,0,0,0.0,7,0,0.0,14,1,15,83.33,1,100.0,0,0,0,0,0,0,0,0,0,0,1,0,0,0,0,1,0,0,1,0,0.0,0,0,0,0,0,0,,1,50.0,0,0,0,3,0,1,0,0,0,0,0,0,0,0.0,0,0,0,0,3,0,0,0,0,0,0,0,0,0,0,0.0,0.0,0,0,0,0,0,0,0.0,0,0,0,0.0,1,0,0,0,2,66.67,0,17,1,18,6.9,0,0,20,1,0,0,,,,,
Tyler Adams,800419,Bournemouth,60,england,2324,118,3,1,6.9,0,0,0,,0.03,2,0,0.0,16,4,44.44,31,27,58,84.06,2,40.0,3,0,0,0,7,0,0,0,0,2,3,0,0,0,1,4,0,0,0,0,0.0,0,3,3,0,0,0,,9,90.0,0,0,0,11,4,1,0,0,0,0,0,0,0,0.0,0,0,0,0,15,0,0,0,0,0,0,0,0,0,0,0.0,0.0,0,0,0,0,0,2,100.0,0,4,3,75.0,1,5,2,1,11,73.33,9,40,30,69,20.7,0,0,96,3,0,0,69508.0,3614431.0,M,24.0,United States
Mohamed Elneny,159675,Arsenal,42,england,2324,36,3,0,6.9,0,0,0,0.08,0.01,1,0,0.0,4,0,0.0,17,22,39,97.5,1,50.0,1,0,0,0,2,0,0,0,0,0,2,0,0,0,1,3,0,0,1,0,0.0,0,0,0,0,0,0,,0,0.0,0,0,0,1,1,0,0,0,0,0,0,0,0,0.0,0,0,0,0,2,0,0,0,0,0,0,0,0,0,0,0.0,0.0,0,0,2,1,1,0,0.0,0,0,0,0.0,0,1,0,0,1,25.0,0,18,22,40,13.8,2,0,45,0,0,0,63716.0,3313228.0,M,31.0,Egypt
Rayan Aït-Nouri,931278,Wolverhampton,3,england,2324,2344,33,29,6.9,2,1,3,3.29,1.73,22,8,19.51,231,23,42.59,491,416,899,86.61,21,45.65,25,0,0,0,136,3,5,5,0,31,33,0,0,56,21,166,0,0,25,0,8.33,0,43,39,4,2,0,,186,56.88,1,0,0,139,15,25,0,8,6,0,0,0,1,0.0,0,0,0,1,337,8,0,0,1,0,0,0,0,0,0,1172.0,0.0,0,13,11,11,8,62,61.39,0,71,44,61.97,25,45,101,41,207,55.5,54,609,470,1038,227.6,24,1,1689,53,7,0,11585.0,602405.0,D,22.0,Algeria
Elliot Anderson,994546,Newcastle United,39,england,2324,1022,21,10,6.89,0,2,2,1.54,1.22,4,3,15.79,158,4,19.05,251,97,345,82.93,19,57.58,14,0,0,0,60,2,1,5,2,20,19,0,0,22,14,87,0,0,21,0,0.0,0,14,10,4,0,0,,64,46.72,0,0,0,71,8,15,0,1,4,0,0,0,0,0.0,0,0,0,0,159,8,0,0,0,0,0,0,0,0,0,0.0,0.0,0,13,6,9,5,21,53.85,0,24,18,75.0,15,13,39,19,83,48.82,21,320,115,416,131.0,19,0,703,19,3,0,34754.0,1807215.0,F,21.0,Scotland
Antoine Semenyo,934354,Bournemouth,60,england,2324,2119,33,25,6.89,8,2,10,4.64,2.33,9,8,17.78,193,15,45.45,316,128,436,74.28,52,39.1,81,0,0,0,111,6,5,20,2,20,33,0,0,53,18,249,0,0,43,0,11.43,0,33,29,4,8,0,,98,36.84,0,0,1,151,6,29,4,3,2,0,0,0,0,0.0,0,0,0,1,373,16,0,0,4,0,0,0,0,0,0,264.88,0.0,0,46,24,19,31,50,47.62,0,24,17,70.83,29,13,105,45,150,37.59,33,475,157,587,227.5,70,0,1132,24,6,0,23169.0,1204810.0,F,24.0,Ghana
Joe Gomez,318927,Liverpool,44,england,2324,1793,32,17,6.89,0,1,1,0.77,1.1,33,7,17.95,222,48,58.54,518,480,991,86.25,31,73.81,11,0,0,0,111,2,0,5,5,45,31,0,0,11,33,94,0,2,28,0,0.0,2,19,17,2,0,0,,78,48.45,0,0,0,158,19,22,0,0,4,0,0,0,0,0.0,0,0,0,0,279,8,0,0,0,0,0,0,0,0,0,0.0,0.0,0,9,10,12,2,15,55.56,0,47,31,65.96,22,66,27,39,109,53.69,82,661,527,1149,213.7,19,1,1619,16,5,0,98470.0,5120444.0,D,26.0,England
Matty Cash,833956,Aston Villa,40,england,2324,2142,29,23,6.89,2,2,4,4.28,2.46,33,9,23.08,204,31,35.63,420,453,864,84.05,15,41.67,21,0,0,0,110,6,4,10,2,52,29,0,0,15,30,114,0,0,30,0,6.06,0,36,31,5,2,0,,88,48.62,0,0,0,164,18,13,0,0,14,1,0,0,1,0.0,0,0,0,0,296,7,0,0,2,0,0,0,0,0,0,1071.0,0.0,0,24,9,10,13,12,37.5,0,54,31,57.41,13,77,32,39,103,47.47,87,551,516,1028,199.9,33,1,1558,22,8,0,92678.0,4819241.0,D,26.0,Poland
Callum Wilson,113956,Newcastle United,39,england,2324,993,20,9,6.89,9,1,10,8.87,0.55,2,0,0.0,47,2,40.0,70,33,103,65.19,9,36.0,16,0,0,0,17,2,6,5,2,4,20,0,0,35,4,85,0,0,16,0,25.71,0,15,10,5,9,0,,36,34.29,1,0,1,55,2,8,1,4,0,0,0,2,0,100.0,0,2,0,0,156,5,0,0,7,0,0,0,0,0,0,110.33,0.0,0,33,2,9,21,14,48.28,0,5,3,60.0,8,9,29,3,45,34.62,5,121,40,158,137.8,35,0,367,17,3,0,53290.0,2771064.0,F,31.0,England
Destiny Udogie,983572,Tottenham Hotspur,33,england,2324,2398,28,28,6.89,2,3,5,2.47,2.02,13,1,4.55,373,7,35.0,631,432,1062,87.48,22,44.9,27,0,0,0,169,3,3,2,2,67,28,0,0,26,22,151,3,2,51,0,22.22,0,40,38,2,2,0,,128,50.79,0,0,0,152,37,24,2,3,8,0,0,0,0,0.0,0,0,0,0,310,20,0,1,0,0,0,0,0,0,0,1199.0,0.0,0,9,0,2,5,24,48.0,0,68,33,48.53,24,22,50,22,150,49.83,20,750,486,1214,192.9,9,0,1882,36,5,1,86885.0,4518038.0,D,21.0,Italy
Antony,958380,Manchester United,35,england,2324,1347,29,15,6.89,1,1,2,3.38,1.94,17,4,25.0,232,11,57.89,325,128,449,80.04,2,8.0,23,0,0,0,96,7,4,17,0,8,28,0,0,19,20,111,0,0,19,0,2.33,0,26,26,0,1,0,,98,52.69,0,0,1,112,12,22,1,2,1,0,0,0,1,0.0,0,0,0,1,206,25,0,0,0,0,0,0,0,0,0,1347.0,0.0,0,21,22,10,16,26,44.07,0,40,21,52.5,22,25,59,16,100,47.39,19,425,152,561,192.9,43,0,899,32,5,0,121640.0,6325254.0,F,23.0,Brazil
Edward Nketiah,858194,Arsenal,42,england,2324,1082,27,10,6.89,5,2,7,4.54,0.67,1,0,0.0,67,0,0.0,120,47,167,79.9,24,47.06,27,0,0,0,24,2,4,8,1,4,26,0,0,18,5,88,0,0,24,0,13.16,0,10,10,0,4,1,,47,43.52,0,0,2,42,4,9,0,8,0,0,0,0,0,0.0,0,0,0,2,118,7,0,0,5,0,0,0,0,0,0,216.4,0.0,0,34,4,18,12,8,34.78,0,12,7,58.33,9,2,23,5,71,44.65,2,161,53,209,179.1,38,1,415,28,3,0,115847.0,6024051.0,F,24.0,England
Sergio Reguilón,858195,Brentford,50,england,2324,1551,25,18,6.89,0,4,4,0.95,2.86,29,26,25.74,160,23,36.51,316,199,489,75.7,20,40.82,29,0,0,0,96,6,0,6,3,38,25,0,1,6,25,88,1,0,14,0,0.0,0,28,26,2,0,0,,99,62.66,0,0,1,157,21,28,0,4,6,0,0,0,1,0.0,0,0,0,0,296,6,0,1,0,0,0,0,0,0,0,0.0,0.0,0,10,7,9,2,16,51.61,0,58,28,48.28,28,56,31,101,119,57.49,63,490,257,646,172.2,17,2,1154,26,7,0,61399.0,3192747.0,D,27.0,Spain
James Milner,791,Brighton & Hove Albion,30,england,2324,778,15,11,6.89,0,2,2,0.28,1.73,13,8,27.59,164,19,61.29,278,162,432,86.4,6,31.58,13,0,0,0,45,2,0,2,1,13,15,0,0,6,5,38,0,0,10,0,0.0,0,12,10,2,0,0,,27,51.92,0,0,1,68,8,16,0,3,0,0,0,0,1,0.0,0,0,0,0,116,6,0,0,0,0,0,0,0,0,0,0.0,0.0,0,3,2,2,1,3,42.86,0,20,14,70.0,16,27,7,29,33,46.48,31,342,187,500,103.3,5,0,690,4,3,0,69508.0,3614431.0,M,38.0,England
Kristoffer Ajer,576384,Brentford,50,england,2324,1861,28,21,6.89,2,1,3,1.31,2.69,22,5,22.73,107,31,36.05,220,333,548,75.9,65,73.86,23,0,0,0,60,5,0,3,2,78,28,0,0,6,13,69,1,0,25,0,16.67,5,33,29,4,2,0,,56,54.9,1,0,0,174,25,12,0,1,11,0,0,0,0,0.0,0,0,0,0,226,1,0,0,1,0,0,0,0,0,0,930.5,0.0,0,12,0,5,4,10,83.33,0,38,21,55.26,12,60,12,22,121,63.68,86,355,389,722,192.8,12,1,1077,10,5,0,46339.0,2409620.0,D,25.0,Norway
Zanka,26404,Brentford,50,england,2324,1091,14,12,6.88,1,0,1,0.74,0.5,20,1,12.5,77,26,38.81,171,223,393,75.43,27,54.0,23,0,0,0,67,2,0,2,2,38,13,0,0,1,8,44,0,0,11,0,12.5,0,24,22,2,1,0,,25,54.35,0,0,1,128,12,7,1,3,5,0,0,0,0,0.0,0,0,0,0,153,2,0,0,0,0,0,0,0,0,0,1091.0,0.0,0,6,2,4,2,3,75.0,0,17,12,70.59,7,49,4,8,52,54.17,67,264,265,521,89.5,8,0,718,6,4,0,28962.0,1506013.0,D,33.0,Denmark
Chris Richards,931844,Crystal Palace,7,england,2324,2097,26,23,6.88,1,1,2,0.6,0.19,19,0,0.0,74,34,37.36,245,525,770,83.33,62,58.49,44,0,0,0,88,1,0,2,4,106,25,0,0,4,10,70,0,0,12,0,9.09,5,38,34,4,1,0,,53,67.09,1,0,0,154,27,6,0,1,12,0,0,0,1,0.0,0,0,0,0,175,1,0,0,0,0,0,0,0,0,0,2097.0,0.0,0,11,0,6,3,1,100.0,0,46,28,60.87,6,36,1,1,115,62.16,91,339,586,924,172.1,11,1,1216,7,3,0,63716.0,3313228.0,D,23.0,United States
Sean Longstaff,866191,Newcastle United,39,england,2324,2753,35,30,6.88,6,2,8,6.58,3.04,36,8,32.0,266,44,53.66,510,476,978,80.89,19,46.34,22,0,0,0,120,5,7,14,9,22,35,0,0,35,39,130,0,0,24,0,14.63,0,50,42,8,6,0,,98,47.57,0,0,0,231,17,20,1,2,7,0,0,0,0,0.0,0,0,0,0,330,16,0,0,5,0,0,0,0,0,0,458.83,0.0,0,30,11,12,15,11,50.0,0,54,30,55.56,20,76,22,25,117,47.37,82,700,534,1209,240.9,41,0,1613,34,7,0,57924.0,3012026.0,M,26.0,England
Dango Ouattara,1106451,Bournemouth,60,england,2324,1234,30,12,6.88,1,2,3,2.6,1.41,7,8,22.22,108,17,36.96,186,125,303,67.63,35,52.24,32,0,0,0,69,1,2,10,2,33,29,0,0,12,15,90,0,0,15,0,3.33,0,24,22,2,1,0,,83,58.87,1,0,0,145,22,17,0,4,3,0,0,0,0,0.0,0,0,0,0,248,8,0,0,0,0,0,0,0,0,0,1234.0,0.0,0,21,9,13,7,21,51.22,0,45,27,60.0,17,21,41,36,118,56.73,46,317,167,448,199.6,30,1,849,17,3,0,40547.0,2108418.0,F,21.0,Burkina Faso
Sven Botman,910046,Newcastle United,39,england,2324,1385,17,15,6.88,2,2,4,0.61,0.55,21,0,0.0,46,44,51.76,200,719,919,90.54,34,66.67,17,0,0,0,70,2,0,2,3,58,17,0,0,2,5,35,2,1,9,0,20.0,2,29,25,4,2,0,,22,55.0,2,0,0,96,9,5,0,1,16,1,0,0,1,0.0,0,0,0,0,105,0,0,0,0,0,0,0,0,0,0,692.5,0.0,0,10,0,6,2,0,0.0,0,20,13,65.0,5,40,2,0,56,61.54,85,244,771,1015,117.0,10,1,1164,2,2,0,104262.0,5421646.0,D,24.0,Netherlands
João Gomes,1015267,Wolverhampton,3,england,2324,2667,34,32,6.88,2,1,3,1.69,1.75,36,12,48.0,223,31,39.24,512,530,1030,83.27,19,42.22,26,0,0,0,183,2,1,11,3,29,34,0,0,44,55,211,0,2,66,0,7.69,0,51,46,5,2,0,,192,50.93,1,0,2,207,18,20,0,1,8,0,0,0,2,0.0,0,0,0,0,338,28,0,0,1,0,0,0,0,0,0,1333.5,0.0,0,13,13,7,8,26,53.06,0,128,74,57.81,20,71,49,25,211,50.0,79,659,603,1237,234.0,26,0,1764,38,11,0,34754.0,1807215.0,M,22.0,Brazil
Dara O'Shea,856719,Burnley,6,england,2324,2894,33,32,6.88,3,4,7,0.75,0.95,92,3,27.27,186,110,42.97,508,876,1381,79.73,127,65.13,68,0,0,0,140,3,1,3,1,158,33,0,1,1,15,120,0,2,36,0,15.79,4,71,60,11,3,0,,55,51.4,3,0,0,351,35,13,0,1,30,1,0,0,0,0.0,0,0,0,0,379,2,0,1,0,0,0,0,0,0,0,964.67,0.0,0,19,0,11,5,1,50.0,0,39,20,51.28,13,193,2,11,182,60.26,256,742,1001,1732,227.1,19,1,2126,15,5,0,23169.0,1204810.0,D,24.0,Ireland
Adam Webster,216308,Brighton & Hove Albion,30,england,2324,1143,15,13,6.88,0,0,0,0.43,0.32,31,0,0.0,145,35,55.56,366,625,991,91.25,33,71.74,13,0,0,0,63,0,0,3,1,41,15,0,0,2,12,38,1,0,9,0,0.0,1,22,18,4,0,0,,17,40.48,0,0,0,95,16,5,0,0,12,1,0,0,0,0.0,0,0,0,0,108,2,0,0,0,0,0,0,0,0,0,0.0,0.0,0,8,0,4,1,0,0.0,0,14,12,85.71,5,53,2,1,50,56.82,63,418,669,1086,103.2,8,0,1214,3,2,0,63716.0,3313228.0,D,29.0,England
Takehiro Tomiyasu,804434,Arsenal,42,england,2324,1143,22,10,6.88,2,1,3,1.57,0.83,10,5,35.71,185,16,42.11,325,200,520,85.53,26,56.52,20,0,0,0,54,0,3,6,3,30,22,0,0,3,7,50,0,0,14,0,11.76,0,10,7,3,2,0,,31,50.82,0,0,0,88,18,6,0,1,4,0,0,0,0,0.0,0,0,0,0,148,7,0,1,2,0,0,0,0,0,0,571.5,0.0,0,12,5,8,3,4,36.36,0,20,9,45.0,6,24,11,14,57,53.27,38,395,227,608,151.3,17,0,849,8,0,1,115847.0,6024051.0,D,25.0,Japan
Lewis Miley,1400650,Newcastle United,39,england,2324,1205,17,14,6.88,1,3,4,1.25,1.38,10,2,18.18,132,18,52.94,244,197,439,83.78,11,47.83,12,0,0,0,78,3,1,7,1,16,17,0,0,10,17,52,0,2,5,0,7.69,0,29,25,4,1,0,,47,54.02,0,0,0,85,8,12,0,2,3,0,0,0,0,0.0,0,0,0,0,128,9,0,0,1,0,0,0,0,0,0,1205.0,0.0,0,10,3,3,3,8,50.0,0,33,21,63.64,12,17,16,11,58,52.73,34,300,235,524,116.9,13,0,706,6,1,0,5792.0,301203.0,M,17.0,England
Hannibal Mejbri,1009386,Manchester United,35,england,2324,138,5,1,6.88,1,0,1,0.0,0.48,2,0,0.0,14,2,66.67,23,8,31,83.78,2,33.33,4,0,0,0,10,0,0,0,1,0,4,0,0,4,2,16,0,0,5,0,100.0,0,1,1,0,0,1,,11,47.83,0,0,0,6,0,2,0,1,1,0,0,0,0,0.0,0,0,0,0,19,3,0,0,1,0,0,0,0,0,0,138.0,0.0,0,0,1,0,1,2,66.67,0,3,3,100.0,2,3,3,1,13,44.83,3,28,10,37,27.5,1,0,69,6,1,0,0.0,0.0,F,20.0,Tunisia
Christopher Nkunku,769333,Chelsea,38,england,2324,438,11,2,6.87,3,0,3,2.3,0.48,8,0,0.0,68,4,57.14,110,48,158,89.27,10,62.5,6,0,0,0,12,0,3,3,0,4,11,0,0,8,1,28,0,0,8,0,18.75,0,12,12,0,3,0,,14,38.89,1,0,0,19,2,3,1,3,1,0,0,0,0,0.0,0,0,0,0,55,4,0,0,1,0,0,0,0,0,0,146.0,0.0,0,15,1,4,9,2,28.57,0,5,4,80.0,3,12,7,4,24,46.15,7,131,50,177,75.6,16,0,263,7,0,0,225902.0,11746900.0,F,26.0,France
Timothy Castagne,329417,Fulham,43,england,2324,2633,34,29,6.87,1,3,4,1.62,1.84,44,10,20.0,214,51,43.59,480,628,1098,81.33,35,50.72,34,0,0,0,119,1,1,4,8,57,33,0,0,10,18,92,0,1,22,0,7.14,0,40,31,9,1,0,,76,56.72,0,0,1,252,38,18,0,3,10,0,0,0,0,0.0,0,0,0,0,358,8,0,0,1,0,0,0,0,0,0,2633.0,0.0,0,13,1,5,5,17,62.96,0,49,24,48.98,18,98,27,50,111,54.68,117,655,745,1350,226.8,14,0,1991,10,3,0,75301.0,3915633.0,D,28.0,Belgium
Lucas Digne,96538,Aston Villa,40,england,2324,2417,33,27,6.87,1,3,4,1.06,3.61,50,36,23.38,222,21,36.21,468,393,825,81.44,42,62.69,25,0,0,0,101,5,0,7,3,61,33,0,0,15,19,101,0,0,29,0,5.0,0,41,32,9,1,0,,87,53.37,1,0,0,188,26,38,0,3,2,0,0,0,0,0.0,0,0,0,0,385,8,0,0,0,0,0,0,0,0,0,2417.0,0.0,6,9,11,9,4,10,38.46,0,47,19,40.43,38,94,26,154,129,56.09,58,694,473,1013,226.8,20,0,1659,30,7,0,139017.0,7228861.0,D,30.0,France
Marc Guéhi,877994,Crystal Palace,7,england,2324,2022,25,23,6.87,0,1,1,0.66,0.99,66,0,0.0,134,85,48.02,374,759,1133,87.22,29,50.0,29,0,0,0,120,1,0,1,4,88,25,0,0,2,10,59,1,0,14,0,0.0,0,32,30,2,0,0,,61,67.03,0,0,0,166,18,8,0,0,17,0,1,0,0,0.0,0,0,0,0,186,0,0,0,0,0,0,0,0,0,0,0.0,0.0,0,5,0,4,0,7,63.64,0,28,19,67.86,7,138,11,3,90,60.4,177,487,815,1299,171.8,5,0,1540,26,2,0,57924.0,3012026.0,D,23.0,England
Ben Godfrey,754698,Everton,48,england,2324,1129,15,13,6.87,0,0,0,1.78,0.47,13,4,19.05,70,10,20.83,142,104,242,70.76,26,50.98,25,0,0,0,45,0,4,5,4,51,14,0,0,6,13,60,0,0,8,0,0.0,0,13,11,2,0,0,,40,53.33,0,0,0,100,16,3,0,2,8,0,0,0,1,0.0,0,0,0,0,173,1,0,0,0,0,0,0,0,0,0,0.0,0.0,0,12,3,6,4,5,35.71,0,30,20,66.67,3,40,14,21,66,52.38,48,227,136,342,96.2,15,0,681,6,2,0,86885.0,4518038.0,D,26.0,England
Igor Júlio,842513,Brighton & Hove Albion,30,england,2324,1636,24,17,6.87,0,0,0,0.27,0.51,17,0,0.0,201,23,46.94,560,767,1327,93.65,26,65.0,14,0,0,0,105,1,0,2,2,45,23,0,0,6,12,56,0,1,21,0,0.0,5,26,24,2,0,0,,45,51.72,0,0,0,90,14,7,0,0,9,0,0,0,0,0.0,0,0,0,0,120,4,0,0,0,0,0,0,0,0,0,0.0,0.0,0,2,3,3,0,16,76.19,0,25,18,72.0,7,26,21,1,71,55.91,49,602,816,1417,158.0,5,0,1689,4,4,0,52131.0,2710823.0,D,25.0,Brazil
Ben Chilwell,802695,Chelsea,38,england,2324,756,13,9,6.87,0,1,1,1.22,1.8,6,9,20.93,101,5,23.81,210,124,325,80.25,12,44.44,15,0,0,0,33,3,2,4,0,17,13,0,0,5,3,41,0,1,11,0,0.0,0,14,13,1,0,0,,34,56.67,0,0,0,80,4,14,0,4,3,0,0,0,0,0.0,0,0,0,0,158,5,0,0,0,0,0,0,0,0,0,0.0,0.0,1,9,3,4,4,7,46.67,0,15,10,66.67,14,16,15,43,46,52.87,21,298,150,405,89.3,12,0,629,12,5,0,231694.0,12048102.0,D,27.0,England
Victor Lindelöf,143334,Manchester United,35,england,2324,1338,19,14,6.87,1,1,2,0.61,0.43,13,0,0.0,130,26,49.06,295,489,784,89.5,17,39.53,26,0,0,0,75,0,0,0,4,38,19,0,0,3,8,50,0,1,15,0,16.67,15,16,15,1,1,0,,18,42.86,0,0,0,92,12,8,0,3,9,0,0,0,0,0.0,0,0,0,0,109,3,0,0,1,0,0,0,0,0,0,1338.0,0.0,0,5,1,2,4,1,100.0,0,15,10,66.67,8,33,1,1,35,41.18,53,341,536,876,130.5,6,1,1048,2,2,0,139017.0,7228861.0,D,29.0,Sweden
Saša Kalajdžić,870038,Wolverhampton,3,england,2324,176,11,1,6.87,2,0,2,1.07,0.25,2,0,0.0,10,1,50.0,22,16,38,64.41,8,66.67,4,0,0,0,4,2,1,0,0,6,9,0,0,5,1,16,0,0,6,0,50.0,0,2,2,0,2,0,,11,47.83,0,0,0,21,1,4,0,2,0,0,0,0,0,0.0,0,0,0,0,29,0,0,0,1,0,0,0,0,0,0,88.0,0.0,0,4,0,2,2,1,100.0,0,6,2,33.33,4,5,1,1,19,54.29,2,39,21,59,61.8,4,0,98,4,1,0,40547.0,2108418.0,F,26.0,Austria
Christian Eriksen,105734,Manchester United,35,england,2324,1160,22,12,6.86,1,2,3,0.98,2.32,33,11,25.58,174,33,53.23,381,264,634,84.08,2,22.22,7,0,0,0,86,3,0,5,0,12,22,0,0,14,21,52,0,0,7,0,7.69,0,27,24,3,1,0,,23,33.82,0,0,0,120,4,27,0,1,6,0,0,0,0,0.0,0,0,0,0,182,11,0,0,1,0,0,0,0,0,0,1160.0,0.0,2,4,9,4,4,3,50.0,0,18,13,72.22,27,71,6,43,25,32.47,62,505,292,754,151.0,13,0,920,3,1,0,173771.0,9036077.0,M,31.0,Denmark
Rasmus Højlund,1086417,Manchester United,35,england,2324,2169,30,25,6.86,10,2,12,7.61,0.89,4,1,16.67,121,9,100.0,205,97,301,76.98,25,27.47,66,0,0,0,60,0,13,5,2,19,30,0,0,29,8,139,0,0,20,0,26.32,0,35,32,3,10,0,,59,44.7,0,0,0,90,1,28,5,15,1,0,0,0,1,0.0,0,0,0,0,197,19,0,0,4,0,0,0,0,0,0,216.9,0.0,0,35,3,12,21,18,50.0,0,11,7,63.64,28,4,36,6,84,37.67,9,280,117,391,205.9,38,1,685,30,2,0,98470.0,5120444.0,F,20.0,Denmark
Ryan Yates,846252,Nottingham Forest,14,england,2324,2000,35,21,6.86,1,1,2,2.7,0.6,13,1,16.67,151,29,44.62,304,353,656,80.2,43,53.09,38,0,0,0,110,2,2,11,1,39,35,0,0,10,16,120,0,1,54,0,3.13,0,38,34,4,1,0,,125,60.39,0,0,1,162,21,7,0,2,15,0,0,0,0,0.0,0,0,0,0,210,9,0,0,1,0,0,0,0,0,0,2000.0,0.0,0,19,13,14,7,4,50.0,0,66,40,60.61,7,32,8,6,168,58.33,65,426,398,818,240.0,32,1,1192,57,6,0,28962.0,1506013.0,M,26.0,England
Jonny Evans,30144,Manchester United,35,england,2324,1418,23,15,6.86,0,1,1,0.06,0.27,19,0,0.0,46,17,32.08,191,535,726,87.89,36,66.67,18,0,0,0,70,1,0,0,2,74,21,0,0,3,9,49,0,0,17,0,0.0,30,24,20,4,0,0,,39,55.71,0,0,0,100,23,6,0,0,18,0,0,0,0,0.0,0,0,0,0,114,1,0,0,0,0,0,0,0,0,0,0.0,0.0,0,1,0,1,0,4,66.67,0,22,14,63.64,6,52,6,0,75,60.48,53,240,586,826,144.0,1,0,1031,13,2,0,75301.0,3915633.0,D,36.0,Northern Ireland
Odsonne Édouard,795228,Crystal Palace,7,england,2324,1583,30,17,6.85,7,0,7,6.25,1.08,3,2,20.0,124,3,42.86,188,61,247,73.29,32,36.36,56,0,0,0,38,1,6,18,2,18,30,0,0,26,15,149,0,0,31,0,13.73,0,24,22,2,7,0,,63,40.38,0,0,3,90,6,18,3,9,1,0,0,0,0,0.0,0,0,0,0,209,10,0,0,4,0,0,0,0,0,0,226.14,0.0,3,44,7,14,19,19,44.19,0,24,12,50.0,18,6,43,10,95,38.93,7,271,76,337,205.5,51,0,664,22,4,0,104262.0,5421646.0,F,26.0,France
Jhon Durán,974577,Aston Villa,40,england,2324,505,23,3,6.85,5,0,5,2.03,0.18,3,1,16.67,22,1,50.0,53,29,81,71.05,20,60.61,13,0,0,0,15,0,1,3,0,9,20,0,0,14,5,44,0,0,12,0,25.0,0,12,8,4,3,2,,16,34.04,0,0,1,33,1,4,5,4,0,0,0,0,0,0.0,0,0,0,1,72,5,0,0,0,0,0,0,0,0,0,101.0,0.0,0,13,7,10,7,2,40.0,0,6,5,83.33,4,6,5,6,36,45.0,2,85,35,114,137.0,20,1,216,8,5,0,34754.0,1807215.0,F,20.0,Colombia
Danilo,1064039,Nottingham Forest,14,england,2324,1796,29,20,6.85,2,2,4,1.84,0.7,31,4,15.38,152,45,50.0,298,289,583,80.52,15,60.0,10,0,0,0,118,2,1,7,1,41,28,0,0,13,25,69,0,0,13,0,8.7,0,42,36,6,1,1,,61,50.83,0,0,0,141,35,20,1,2,8,0,0,0,1,0.0,0,0,0,0,216,7,0,0,1,0,0,0,0,0,0,898.0,0.0,0,8,15,9,7,17,65.38,0,36,18,50.0,20,53,26,26,76,52.41,90,406,344,724,191.8,23,0,1036,9,4,0,34754.0,1807215.0,M,22.0,Brazil
Jóhann Guðmundsson,49805,Burnley,6,england,2324,1197,26,12,6.85,1,3,4,1.85,2.5,26,26,37.14,142,29,46.77,238,152,364,78.28,14,38.89,22,0,0,0,56,5,3,3,0,16,24,0,0,15,9,61,0,0,9,0,6.67,0,25,20,5,1,0,,38,49.35,0,0,1,101,16,36,1,2,0,0,1,0,0,0.0,0,0,0,0,190,6,0,0,0,0,0,0,0,0,0,1197.0,0.0,1,12,3,6,6,5,41.67,0,13,4,30.77,35,57,12,70,52,46.02,62,360,175,465,164.4,15,0,701,20,2,0,40547.0,2108418.0,F,33.0,Iceland
Mads Juel Andersen,841005,Luton Town,72,england,2324,399,8,4,6.85,1,0,1,0.26,0.01,7,0,0.0,9,7,36.84,23,62,85,73.91,11,64.71,6,0,0,0,25,0,0,0,0,29,8,0,0,0,0,12,0,0,6,0,33.33,0,6,6,0,1,0,,8,57.14,1,0,0,30,8,0,0,0,6,0,0,0,0,0.0,0,0,0,0,37,0,0,0,0,0,0,0,0,0,0,399.0,0.0,0,3,0,2,1,0,0.0,0,6,5,83.33,0,13,1,0,19,61.29,19,37,78,115,54.8,3,0,186,2,1,0,17377.0,903608.0,D,26.0,Denmark
Murillo,1199282,Nottingham Forest,14,england,2324,2793,32,32,6.85,0,2,2,1.8,0.64,86,1,25.0,130,117,38.74,382,738,1119,77.55,38,48.72,40,0,0,0,146,2,2,1,3,185,32,0,0,15,14,121,0,0,38,0,0.0,28,56,49,7,0,0,,77,48.73,0,0,1,324,37,7,0,0,24,1,0,0,0,0.0,0,0,0,0,388,6,0,0,0,0,0,0,0,0,0,0.0,0.0,2,11,6,10,6,20,57.14,0,50,31,62.0,7,194,35,4,115,48.73,302,585,862,1443,219.2,17,1,1912,7,5,0,34754.0,1807215.0,D,21.0,Brazil
Oliver Arblaster,1191153,Sheffield United,15,england,2324,946,12,11,6.85,0,0,0,0.04,0.87,14,0,0.0,97,21,46.67,199,152,351,81.44,9,37.5,15,0,0,0,52,1,0,0,0,8,12,0,0,8,8,47,0,0,10,0,0.0,0,28,25,3,0,0,,52,61.9,0,0,0,80,16,11,0,0,7,1,0,0,0,0.0,0,0,0,0,117,2,0,0,0,0,0,0,0,0,0,0.0,0.0,0,1,0,0,1,17,73.91,0,23,14,60.87,11,28,23,7,61,56.48,45,260,178,431,82.2,1,0,593,12,2,0,,,,,
David Raya,581310,Arsenal,42,england,2324,2880,32,32,6.85,0,0,0,0.0,0.07,46,0,0.0,48,143,35.48,114,527,641,70.75,5,83.33,1,0,0,0,271,0,0,0,16,13,32,1,0,0,0,1,3,2,0,0,0.0,96,24,21,3,0,0,-3.07,6,100.0,0,35,0,265,0,0,0,0,0,0,0,0,0,0.0,3,0,1,0,269,0,5,0,0,18,26,20,46,1,12,0.0,0.0,0,0,0,0,0,0,0.0,18,1,1,100.0,0,104,0,0,11,91.67,403,330,576,906,219.2,0,0,1176,4,2,0,98470.0,5120444.0,K,28.0,Spain
Axel Disasi,827243,Chelsea,38,england,2324,2590,31,29,6.85,2,0,2,2.43,0.98,38,1,10.0,204,45,35.43,653,1340,1992,90.63,73,68.87,33,0,0,0,150,0,2,1,5,97,31,0,0,12,7,71,0,2,17,0,12.5,6,50,46,4,2,0,,61,61.62,1,0,0,206,18,3,0,4,19,1,0,0,0,0.0,0,0,0,0,258,3,0,0,1,0,0,0,0,0,0,1295.0,0.0,0,15,1,11,4,12,70.59,0,33,19,57.58,3,90,17,10,134,65.37,127,776,1432,2198,212.3,16,0,2546,17,6,0,92678.0,4819241.0,D,25.0,France
Philip Billing,548660,Bournemouth,60,england,2324,1411,29,13,6.85,2,2,4,2.47,2.14,16,7,24.14,136,17,58.62,252,148,393,78.44,36,60.0,24,0,0,0,76,7,1,8,1,27,29,0,1,17,18,96,1,0,19,0,6.67,0,36,31,5,1,1,,57,44.19,0,0,1,108,20,23,1,0,5,0,0,0,0,0.0,0,0,0,0,197,8,0,1,0,0,0,0,0,0,0,705.5,0.0,7,16,14,14,8,12,40.0,0,33,16,48.48,23,36,30,29,93,49.21,29,356,174,501,198.6,30,0,805,12,3,0,52131.0,2710823.0,M,27.0,Denmark
Raúl Jiménez,192442,Fulham,43,england,2324,1436,24,18,6.85,7,0,7,5.15,0.99,10,2,28.57,96,12,52.17,160,102,260,69.71,44,42.31,60,0,0,0,43,3,4,10,0,13,24,0,1,32,13,133,0,0,17,0,17.07,0,26,21,5,7,0,,49,40.16,2,0,2,113,4,11,0,12,3,0,0,0,0,0.0,0,0,0,0,212,12,0,1,5,0,0,0,0,0,0,205.14,0.0,0,35,6,14,17,10,45.45,0,18,12,66.67,11,24,22,7,93,41.15,23,257,123,373,164.3,41,1,631,21,3,0,115847.0,6024051.0,F,32.0,Mexico
Pau Torres,864169,Aston Villa,40,england,2324,2463,29,27,6.84,2,0,2,1.01,0.74,88,3,37.5,221,85,47.22,561,996,1554,87.8,23,51.11,22,0,0,0,127,1,3,3,6,74,29,0,0,13,16,76,0,0,18,0,16.67,36,37,32,5,2,0,,56,50.91,1,0,0,216,14,8,1,2,12,0,0,0,0,0.0,0,0,0,0,257,4,0,0,0,0,0,0,0,0,0,1231.5,0.0,0,9,3,4,5,17,65.38,0,29,18,62.07,8,170,26,8,79,50.97,180,689,1089,1770,198.5,12,1,2032,10,1,0,115847.0,6024051.0,D,27.0,Spain
Dean Henderson,788134,Crystal Palace,7,england,2324,1620,18,18,6.84,0,0,0,,0.03,10,0,0.0,12,65,25.0,48,183,231,53.72,5,100.0,0,0,0,0,121,0,0,0,4,22,18,0,0,0,1,1,1,1,0,0,0.0,105,30,28,2,0,0,-2.07,2,66.67,0,2,0,199,0,0,0,0,0,1,0,0,0,0.0,1,0,0,0,206,0,14,0,0,11,42,15,58,0,15,0.0,0.0,0,0,0,0,0,0,0.0,11,1,1,100.0,0,16,0,0,7,87.5,260,211,219,430,123.2,0,0,577,2,2,0,115847.0,6024051.0,K,26.0,England
Will Hughes,193554,Crystal Palace,7,england,2324,1904,30,23,6.84,0,1,1,0.32,1.79,20,10,33.33,183,10,27.78,385,346,721,85.22,12,40.0,18,0,0,0,121,2,0,2,5,20,29,0,0,27,24,109,0,0,39,0,0.0,0,38,35,3,0,0,,100,52.36,0,0,0,125,22,21,0,1,14,0,0,0,0,0.0,0,0,0,0,199,13,0,0,0,0,0,0,0,0,0,0.0,0.0,0,3,5,3,3,9,75.0,0,61,33,54.1,21,33,12,30,112,50.68,36,492,384,846,198.4,8,0,1176,30,6,0,57924.0,3012026.0,M,29.0,England
Ben Mee,137774,Brentford,50,england,2324,1276,16,15,6.84,2,0,2,1.48,0.72,31,3,60.0,78,36,38.3,181,284,462,76.36,35,52.24,32,0,0,0,67,0,1,4,1,57,15,0,1,7,5,54,0,1,7,0,20.0,1,26,22,4,2,0,,32,59.26,2,0,0,143,13,6,0,1,13,0,0,0,0,0.0,0,0,0,0,175,2,0,1,0,0,0,0,0,0,0,638.0,0.0,0,9,1,4,2,3,50.0,0,26,15,57.69,6,70,6,5,67,55.37,94,278,332,605,102.6,10,2,848,3,1,0,63716.0,3313228.0,D,34.0,England
Emerson Royal,856123,Tottenham Hotspur,33,england,2324,1192,22,11,6.84,1,0,1,0.2,0.87,6,2,14.29,175,19,52.78,364,503,865,91.24,16,42.11,22,0,0,0,82,1,0,1,0,45,21,0,0,12,22,75,0,1,14,0,16.67,2,31,28,3,0,1,,83,61.03,0,0,0,83,20,3,0,0,10,0,0,0,0,0.0,0,0,0,0,134,6,0,0,1,0,0,0,0,0,0,1192.0,0.0,0,1,5,2,3,10,62.5,0,36,24,66.67,3,18,16,14,99,56.9,36,417,545,948,143.6,6,1,1288,38,4,0,46339.0,2409620.0,D,25.0,Brazil
Sandro Tonali,892673,Newcastle United,39,england,2324,439,8,5,6.84,1,0,1,0.66,0.48,8,4,36.36,42,7,50.0,112,127,235,88.01,1,100.0,0,0,0,0,20,0,1,1,0,4,8,0,0,2,6,19,0,0,9,0,33.33,0,5,4,1,1,0,,16,45.71,0,0,0,32,2,8,0,0,0,0,1,0,0,0.0,0,0,0,0,47,3,0,0,1,0,0,0,0,0,0,439.0,0.0,0,2,1,0,2,3,60.0,0,7,7,100.0,7,12,5,11,17,47.22,14,144,134,267,54.7,3,0,318,6,2,0,0.0,0.0,M,23.0,Italy
Danny Welbeck,33902,Brighton & Hove Albion,30,england,2324,1703,29,21,6.83,5,1,6,4.77,1.38,2,0,0.0,165,1,33.33,267,154,421,83.2,16,42.11,22,0,0,0,42,3,10,10,0,17,29,0,0,21,7,77,0,1,12,0,12.2,0,28,26,2,5,0,,64,53.78,1,0,1,85,9,22,2,9,0,0,0,0,0,0.0,0,0,0,2,179,10,0,0,2,0,0,0,0,0,0,340.6,0.0,1,31,10,15,16,8,33.33,0,35,17,48.57,22,3,24,3,80,50.96,3,326,183,506,198.2,41,0,776,21,4,0,69508.0,3614431.0,F,33.0,England
James Hill,1156586,Bournemouth,60,england,2324,88,5,1,6.83,0,0,0,0.0,0.01,1,0,0.0,8,3,33.33,14,10,24,70.59,4,80.0,1,0,0,0,7,0,0,0,0,8,3,0,0,1,0,4,0,0,1,0,0.0,0,1,1,0,0,0,,3,50.0,0,0,0,10,3,0,0,0,2,0,0,0,0,0.0,0,0,0,0,17,0,0,0,0,0,0,0,0,0,0,0.0,0.0,0,0,0,0,0,0,0.0,0,3,2,66.67,0,3,1,0,7,63.64,9,19,15,34,20.5,0,0,63,0,0,0,3475.0,180722.0,D,22.0,England
Bobby Decordova-Reid,151499,Fulham,43,england,2324,1440,33,17,6.83,6,2,8,4.55,1.17,6,6,17.14,125,10,45.45,220,135,349,78.96,13,35.14,24,0,0,0,60,3,3,7,1,12,32,0,0,10,12,74,0,0,16,0,18.18,0,29,23,6,5,1,,55,52.38,1,0,1,93,5,17,1,4,2,0,0,0,0,0.0,0,0,0,0,180,6,0,0,4,0,0,0,0,0,0,240.0,0.0,0,22,11,18,8,8,40.0,0,22,14,63.64,17,12,20,35,68,47.89,22,314,163,442,218.6,33,0,713,25,4,0,40547.0,2108418.0,F,31.0,Jamaica
Reece Burke,372342,Luton Town,72,england,2324,1663,22,20,6.83,0,4,4,1.31,0.91,31,4,30.77,104,35,33.33,246,289,531,77.52,46,58.23,33,0,0,0,62,3,3,6,1,73,22,0,0,5,14,72,1,0,20,0,0.0,0,37,33,4,0,0,,53,57.61,0,0,0,154,18,13,0,1,18,0,0,0,1,0.0,0,0,0,0,197,2,0,0,0,0,0,0,0,0,0,0.0,0.0,0,9,4,3,4,4,66.67,0,37,23,62.16,13,65,6,13,99,57.89,105,365,333,685,150.2,13,0,951,12,5,0,14481.0,753006.0,D,27.0,England
Morgan Rogers,948261,Aston Villa,40,england,2324,640,11,8,6.82,3,1,4,1.35,0.39,3,0,0.0,52,9,81.82,76,69,145,77.13,7,43.75,9,0,0,0,31,1,1,3,1,8,10,0,0,11,9,52,0,0,12,0,27.27,0,13,10,3,3,0,,34,44.16,0,0,0,43,3,9,1,0,0,0,0,0,0,0.0,0,0,0,0,88,2,0,0,2,0,0,0,0,0,0,213.33,0.0,0,9,2,3,5,17,58.62,0,8,1,12.5,9,5,29,2,41,44.09,11,109,81,188,68.2,11,0,324,9,3,0,23169.0,1204810.0,F,21.0,England
Sam Johnstone,98427,Crystal Palace,7,england,2324,1797,20,20,6.82,0,0,0,0.0,0.02,79,0,0.0,29,138,35.84,81,200,281,52.92,2,66.67,1,0,0,0,131,0,0,0,6,13,20,1,0,0,0,2,0,0,1,0,0.0,141,27,26,1,0,0,-7.29,1,50.0,0,23,0,250,1,0,0,0,0,0,0,0,1,0.0,2,0,0,0,256,0,8,0,0,6,26,15,41,0,14,0.0,0.0,0,0,0,0,0,0,0.0,6,1,0,0.0,0,149,0,0,3,60.0,385,288,243,531,136.4,0,3,681,0,1,0,46339.0,2409620.0,K,30.0,England
Tommy Doyle,932628,Wolverhampton,3,england,2324,1246,26,11,6.82,0,0,0,0.44,0.88,55,6,21.43,178,75,57.25,404,389,787,86.39,0,0.0,4,0,0,0,93,1,0,2,2,17,26,0,0,7,9,31,0,0,11,0,0.0,0,24,21,3,0,0,,31,53.45,0,0,0,124,12,8,0,0,9,0,0,0,0,0.0,0,0,0,0,170,6,0,0,0,0,0,0,0,0,0,0.0,0.0,2,2,12,9,3,1,50.0,0,26,13,50.0,8,99,2,28,31,50.0,131,515,424,911,177.3,14,0,1086,4,2,0,11585.0,602405.0,M,22.0,England
Serge Aurier,105697,Nottingham Forest,14,england,2324,834,12,10,6.82,0,2,2,0.15,0.46,8,5,22.73,82,9,37.5,165,155,315,80.56,30,60.0,20,0,0,0,50,1,0,1,0,32,12,0,0,8,6,53,1,0,8,0,0.0,0,15,12,3,0,0,,32,49.23,0,0,0,76,9,4,0,0,3,0,0,0,0,0.0,0,0,0,0,130,4,0,0,0,0,0,0,0,0,0,0.0,0.0,0,4,2,4,1,3,21.43,0,20,14,70.0,4,21,14,22,62,53.91,24,239,174,391,81.8,6,0,590,9,2,0,57924.0,3012026.0,D,30.0,Cote d'Ivoire
Evan Ferguson,999231,Brighton & Hove Albion,30,england,2324,1381,27,15,6.81,6,0,6,4.53,0.78,4,0,0.0,77,4,57.14,127,117,244,81.33,14,43.75,18,0,0,0,25,1,4,4,0,8,26,0,0,31,9,87,0,0,24,0,18.18,0,28,24,4,3,3,,45,39.47,0,0,2,56,2,6,2,5,3,0,0,0,0,0.0,0,0,0,1,138,6,0,0,4,0,0,0,0,0,0,230.17,0.0,0,24,9,9,20,7,53.85,0,14,6,42.86,6,7,13,1,59,40.41,7,166,135,300,177.3,33,1,506,25,1,0,63716.0,3313228.0,F,19.0,Ireland
Zeki Amdouni,990550,Burnley,6,england,2324,1999,34,27,6.81,5,1,6,5.82,1.27,13,1,12.5,144,18,64.29,247,149,395,80.94,16,22.22,56,0,0,0,79,2,6,10,0,10,34,0,0,32,18,174,0,0,22,0,10.2,0,41,31,10,4,1,,94,44.34,0,0,1,93,9,16,2,2,10,0,0,1,0,100.0,0,1,0,1,252,14,0,0,3,0,0,0,0,0,0,399.8,0.0,0,31,18,17,22,29,38.16,0,27,18,66.67,16,21,76,8,110,38.73,28,319,177,488,231.7,49,1,879,39,2,0,34754.0,1807215.0,F,23.0,Switzerland
Jacob Bruun Larsen,809276,Burnley,6,england,2324,1279,32,16,6.81,6,0,6,5.0,1.79,16,23,37.1,172,14,66.67,276,98,351,76.81,12,29.27,29,0,0,0,64,1,4,15,0,21,31,0,0,10,14,96,0,0,13,0,13.64,0,23,21,2,5,1,,36,34.95,0,0,0,106,7,25,2,11,2,0,0,1,0,100.0,0,1,0,0,221,8,0,0,4,0,0,0,0,0,0,213.17,0.0,11,25,19,13,16,20,39.22,0,9,4,44.44,25,22,51,62,48,33.33,21,384,135,457,211.2,44,0,755,7,1,0,40547.0,2108418.0,F,25.0,Denmark
Jamaal Lascelles,153444,Newcastle United,39,england,2324,1080,16,13,6.81,1,0,1,0.75,0.12,18,0,0.0,52,14,29.79,203,464,667,86.74,47,64.38,26,0,0,0,53,0,1,1,5,42,16,0,0,4,5,51,0,0,17,0,16.67,0,15,13,2,1,0,,17,40.48,1,0,0,102,5,2,0,1,12,0,0,0,0,0.0,0,0,0,0,112,2,0,0,0,0,0,0,0,0,0,1080.0,0.0,0,6,0,4,1,1,50.0,0,14,9,64.29,2,43,2,1,64,55.65,47,263,507,769,109.0,6,0,884,2,4,0,46339.0,2409620.0,D,30.0,England
Joël Veltman,219572,Brighton & Hove Albion,30,england,2324,1591,27,17,6.81,1,1,2,0.54,0.57,17,0,0.0,145,30,46.15,309,379,688,84.94,29,58.0,21,0,0,0,76,1,0,0,2,52,27,0,0,7,19,69,1,0,17,0,20.0,0,32,27,5,1,0,,96,66.67,0,0,0,122,18,4,0,1,7,0,0,0,0,0.0,0,0,0,0,181,4,0,0,1,0,0,0,0,0,0,1591.0,0.0,0,4,1,2,3,1,16.67,0,54,41,75.93,4,38,6,11,125,64.43,65,385,436,810,183.9,5,0,1165,42,4,0,57924.0,3012026.0,D,32.0,Netherlands
Rodrigo Bentancur,791190,Tottenham Hotspur,33,england,2324,1019,23,13,6.81,1,1,2,1.9,1.06,12,1,11.11,212,20,76.92,400,274,673,85.51,14,38.89,22,0,0,0,54,0,1,5,0,16,23,0,0,19,14,83,0,1,20,0,5.56,0,25,23,2,1,0,,51,45.54,0,0,1,114,17,8,1,0,4,0,0,0,0,0.0,0,0,0,0,170,4,0,0,0,0,0,0,0,0,0,1019.0,0.0,0,12,6,8,5,11,57.89,0,23,15,65.22,8,25,19,9,65,43.92,26,488,308,787,156.6,18,0,990,17,7,0,86885.0,4518038.0,M,26.0,Uruguay
Valentino Livramento,980634,Newcastle United,39,england,2324,1311,26,12,6.81,1,0,1,0.37,0.84,9,5,19.23,171,13,37.14,299,292,586,86.81,12,60.0,8,0,0,0,85,1,1,2,1,37,25,0,0,18,11,48,0,1,3,0,25.0,0,27,25,2,1,0,,68,62.96,0,0,0,89,25,12,0,1,7,0,0,0,0,0.0,0,0,0,0,157,5,0,0,1,0,0,0,0,0,0,1311.0,0.0,0,4,0,0,2,17,68.0,0,23,13,56.52,12,18,25,26,80,62.5,35,368,333,675,170.2,4,0,1017,28,1,0,57924.0,3012026.0,D,21.0,England
Jack Harrison,829570,Everton,48,england,2324,2225,29,25,6.81,3,3,6,3.57,3.3,19,14,17.28,183,14,30.43,279,123,388,72.66,12,38.71,19,0,0,0,129,5,3,13,9,21,29,0,0,41,32,151,0,0,20,0,8.82,0,26,23,3,2,1,,94,41.59,0,0,0,146,12,28,2,1,5,0,0,0,0,0.0,0,0,0,0,375,17,0,0,1,0,0,0,0,0,0,741.67,0.0,1,16,18,12,9,29,42.65,0,37,22,59.46,28,44,68,81,106,41.25,46,454,161,534,197.4,34,0,1032,30,1,0,104262.0,5421646.0,F,27.0,England
Tim Ream,118179,Fulham,43,england,2324,1504,18,17,6.81,1,0,1,0.96,0.15,46,0,0.0,87,73,67.59,307,637,944,89.22,26,57.78,19,0,0,0,79,0,0,0,3,59,18,0,0,3,9,40,2,0,8,0,100.0,30,29,24,5,1,0,,31,59.62,0,0,0,114,25,0,1,1,15,0,0,0,2,0.0,0,0,0,0,126,1,0,1,0,0,0,0,0,0,0,1504.0,0.0,0,1,0,0,1,6,85.71,0,20,9,45.0,0,75,7,1,57,58.76,108,374,685,1058,122.5,1,1,1228,6,2,1,34754.0,1807215.0,D,36.0,United States
Lyle Foster,901907,Burnley,6,england,2324,1920,24,22,6.8,5,3,8,4.47,1.27,13,0,0.0,138,10,76.92,210,98,308,68.14,50,31.85,107,0,0,0,51,1,6,4,0,33,24,0,1,33,11,191,0,0,24,0,14.71,0,43,33,10,5,0,,49,36.84,0,0,0,144,3,19,2,14,3,0,0,0,0,0.0,0,0,0,0,273,8,0,1,3,0,0,0,0,0,0,384.0,0.0,0,29,5,13,17,19,51.35,0,19,10,52.63,19,18,37,3,99,34.14,13,317,138,452,163.3,34,0,757,11,0,0,37650.0,1957817.0,F,23.0,South Africa
Neco Williams,927356,Nottingham Forest,14,england,2324,1665,26,18,6.8,0,1,1,0.82,1.66,12,12,17.65,122,21,24.42,243,201,432,72.36,31,59.62,21,0,0,0,107,1,0,7,1,43,26,0,0,27,21,106,0,0,23,0,0.0,1,33,29,4,0,0,,118,58.13,0,0,3,165,22,11,0,4,13,0,0,0,0,0.0,0,0,0,0,351,8,0,0,0,0,0,0,0,0,0,0.0,0.0,0,8,7,4,4,19,51.35,0,69,40,57.97,11,38,37,68,149,58.43,86,414,251,597,176.9,15,0,1168,30,4,0,57924.0,3012026.0,D,22.0,Wales
Gabriel Osho,920680,Luton Town,72,england,2324,1848,21,21,6.8,2,0,2,1.09,0.22,18,1,33.33,57,27,31.03,166,414,579,82.48,37,49.33,38,0,0,0,103,0,0,1,2,88,21,0,0,10,11,85,0,0,23,0,20.0,0,47,42,5,2,0,,61,56.48,2,0,0,123,31,2,0,1,20,0,0,0,0,0.0,0,0,0,0,154,3,0,0,0,0,0,0,0,0,0,924.0,0.0,0,8,2,7,2,7,58.33,0,41,22,53.66,2,48,12,3,98,53.55,87,246,459,702,142.8,10,0,1007,14,3,0,11585.0,602405.0,D,25.0,England
Alex Scott,1104986,Bournemouth,60,england,2324,1017,23,11,6.8,1,1,2,0.72,1.06,12,7,19.44,113,15,51.72,213,144,350,81.02,17,43.59,22,0,0,0,63,4,0,5,1,17,23,0,0,11,16,89,1,1,20,0,6.67,0,25,24,1,1,0,,59,46.83,0,0,0,82,12,22,1,1,4,0,0,0,0,0.0,0,0,0,0,163,10,0,0,0,0,0,0,0,0,0,1017.0,0.0,2,5,10,6,4,13,39.39,0,24,15,62.5,22,21,33,36,76,46.06,29,300,168,432,156.4,15,0,670,25,3,0,46339.0,2409620.0,M,20.0,England
Ryan Gravenberch,904897,Liverpool,44,england,2324,1138,26,12,6.8,1,0,1,1.99,1.36,10,0,0.0,164,6,60.0,281,130,411,83.37,10,41.67,14,0,0,0,74,1,1,7,0,11,25,0,0,13,17,85,0,0,20,0,4.35,0,17,15,2,0,1,,64,47.41,0,0,1,82,14,16,0,0,2,0,0,0,0,0.0,0,0,0,0,171,13,0,0,1,0,0,0,0,0,0,1138.0,0.0,0,10,13,8,8,23,51.11,0,26,12,46.15,16,19,45,4,74,46.54,10,351,146,493,170.0,23,0,748,15,0,0,173771.0,9036077.0,M,21.0,Netherlands
Konstantinos Mavropanos,829022,West Ham United,37,england,2324,1501,19,16,6.8,1,0,1,1.23,0.12,31,0,0.0,41,40,33.9,155,326,481,76.71,44,64.71,24,0,0,0,70,0,1,1,3,78,18,0,0,0,4,44,2,1,15,0,8.33,2,27,20,7,1,0,,40,66.67,1,0,0,146,23,3,0,0,13,2,0,0,0,0.0,0,0,0,0,162,1,0,0,0,0,0,0,0,0,0,1501.0,0.0,0,12,0,8,3,2,50.0,0,28,16,57.14,3,71,4,1,84,65.63,118,260,368,627,122.4,12,1,850,10,2,0,57924.0,3012026.0,D,26.0,Greece
Kenny Tete,190877,Fulham,43,england,2324,891,14,10,6.8,1,0,1,0.85,0.46,21,7,30.43,113,15,57.69,201,146,340,80.57,5,50.0,5,0,0,0,45,0,1,0,2,31,14,0,0,3,8,40,0,0,16,0,25.0,0,21,18,3,1,0,,48,57.83,0,0,1,82,16,3,0,0,3,0,0,0,1,0.0,0,0,0,0,130,3,0,0,1,0,0,0,0,0,0,891.0,0.0,0,4,0,3,1,9,47.37,0,27,17,62.96,3,31,19,23,53,56.99,26,264,181,422,95.2,4,0,678,12,2,0,57924.0,3012026.0,D,28.0,Netherlands
Teden Mengi,979233,Luton Town,72,england,2324,2470,30,28,6.8,1,0,1,0.58,0.59,39,0,0.0,85,70,38.89,236,490,726,78.23,60,58.25,43,0,0,0,126,0,1,0,1,136,30,0,0,5,11,95,0,1,35,0,9.09,0,59,54,5,1,0,,68,56.67,0,0,0,202,57,6,0,1,27,0,0,0,1,0.0,0,0,0,0,241,2,0,0,1,0,0,0,0,0,0,2470.0,0.0,0,7,4,7,4,7,70.0,0,54,22,40.74,6,89,10,2,128,57.4,180,375,555,928,204.0,11,1,1331,7,3,0,11585.0,602405.0,D,21.0,England
Wataru Endo,143040,Liverpool,44,england,2324,1742,29,20,6.8,1,0,1,0.53,1.51,32,2,50.0,226,28,57.14,593,562,1153,88.35,31,53.45,27,0,0,0,108,2,0,4,5,30,28,0,0,22,41,145,0,3,50,0,10.0,0,16,15,1,0,1,,83,41.29,0,0,1,152,20,16,0,0,2,0,0,0,0,0.0,0,0,0,0,213,6,0,0,1,0,0,0,0,0,0,1742.0,0.0,0,3,7,3,3,10,66.67,0,48,28,58.33,16,53,15,4,114,44.02,49,690,619,1305,190.4,10,0,1579,25,10,0,57924.0,3012026.0,M,30.0,Japan
Mikkel Damsgaard,907072,Brentford,50,england,2324,860,23,7,6.8,0,2,2,0.92,0.92,23,3,10.34,124,23,62.16,199,94,290,73.6,12,52.17,11,0,0,0,57,5,1,3,0,10,23,0,0,8,26,70,0,1,14,0,0.0,0,9,8,1,0,0,,46,43.81,0,0,0,104,11,11,0,3,1,0,1,0,0,0.0,0,0,0,0,170,7,0,0,0,0,0,0,0,0,0,0.0,0.0,1,6,3,2,4,9,45.0,0,29,17,58.62,10,41,20,29,58,45.31,37,309,114,394,156.4,9,0,590,8,2,0,34754.0,1807215.0,F,23.0,Denmark
Matheus Nunes,945122,Manchester City,17,england,2324,841,19,9,6.8,0,2,2,0.92,1.7,6,7,31.82,166,4,30.77,295,162,450,86.21,7,43.75,9,0,0,0,40,2,2,2,1,9,18,0,0,16,15,66,1,0,9,0,0.0,0,13,11,2,0,0,,56,49.56,0,0,1,72,7,12,0,5,1,0,0,0,0,0.0,0,0,0,0,148,9,0,1,0,0,0,0,0,0,0,0.0,0.0,0,7,3,4,4,20,54.05,0,13,5,38.46,12,18,37,22,63,48.84,13,369,175,522,122.4,10,0,726,23,0,1,150601.0,7831267.0,M,25.0,Portugal
Benoît Badiashile,904827,Chelsea,38,england,2324,1337,18,15,6.8,0,1,1,0.28,0.92,24,0,0.0,70,36,47.37,314,745,1059,90.9,28,56.0,22,0,0,0,82,2,1,2,3,65,17,0,0,4,5,48,1,1,17,0,0.0,3,31,30,1,0,0,,27,50.94,0,0,0,106,18,6,0,1,14,1,0,0,1,0.0,0,0,0,0,118,5,0,0,0,0,0,0,0,0,0,0.0,0.0,0,5,1,3,1,0,0.0,0,21,15,71.43,6,45,0,2,55,53.4,76,368,799,1165,115.6,6,0,1340,6,3,0,104262.0,5421646.0,D,22.0,France
Nathaniel Clyne,43215,Crystal Palace,7,england,2324,1337,19,14,6.8,0,0,0,0.21,0.21,9,2,22.22,87,26,43.33,213,238,449,84.24,13,61.9,8,0,0,0,50,0,0,1,3,28,18,0,0,0,7,27,0,0,6,0,0.0,0,16,15,1,0,0,,35,64.81,0,0,1,84,10,3,0,0,6,0,0,0,0,0.0,0,0,0,0,124,4,0,0,0,0,0,0,0,0,0,0.0,0.0,0,2,2,3,0,8,57.14,0,24,15,62.5,3,24,14,9,48,64.0,60,263,279,533,122.4,4,0,737,3,0,0,57924.0,3012026.0,D,32.0,England
Philippe Coutinho,119159,Aston Villa,40,england,2324,31,2,0,6.8,0,0,0,0.14,0.01,0,0,0.0,7,0,0.0,11,9,20,83.33,0,0.0,0,0,0,0,1,0,0,0,0,0,2,0,0,0,1,2,0,0,0,0,0.0,0,1,1,0,0,0,,5,71.43,0,0,0,4,0,0,0,0,0,0,0,0,0,0.0,0,0,0,0,7,0,0,0,0,0,0,0,0,0,0,0.0,0.0,0,1,2,2,1,4,80.0,0,0,0,0.0,0,0,5,0,5,71.43,0,14,10,24,13.6,3,0,35,1,0,0,0.0,0.0,F,31.0,Brazil
Pierre-Emile Højbjerg,149593,Tottenham Hotspur,33,england,2324,1343,36,8,6.8,0,0,0,0.67,1.52,67,1,7.14,353,75,66.96,677,549,1225,88.58,8,38.1,13,0,0,0,121,3,0,8,1,27,36,0,0,9,21,72,1,2,20,0,0.0,0,28,27,1,0,0,,61,50.83,0,0,1,158,19,9,0,0,7,1,0,0,0,0.0,0,0,0,0,223,15,0,0,0,0,0,0,0,0,0,0.0,0.0,3,3,16,5,6,12,54.55,0,32,18,56.25,9,99,22,14,69,48.94,112,790,607,1383,244.7,19,0,1639,17,4,0,115847.0,6024051.0,M,28.0,Denmark
Issa Kaboré,1006189,Luton Town,72,england,2324,1732,24,21,6.8,0,2,2,0.22,1.88,8,14,21.21,107,15,31.91,212,213,411,75.97,18,47.37,20,0,0,0,102,5,0,2,0,46,24,0,0,8,21,92,1,1,27,0,0.0,0,39,37,2,0,0,,99,57.89,0,0,0,130,16,16,0,2,11,1,0,0,0,0.0,0,0,0,0,285,6,0,0,0,0,0,0,0,0,0,0.0,0.0,0,5,1,3,1,18,50.0,0,52,28,53.85,16,22,36,66,117,55.98,47,338,269,541,163.1,6,0,1047,30,7,0,23169.0,1204810.0,D,22.0,Burkina Faso
Neal Maupay,268903,Brentford,50,england,2324,1453,31,14,6.79,6,3,9,7.21,2.26,20,2,25.0,128,16,64.0,185,110,293,73.62,14,24.56,43,0,0,0,64,5,7,12,0,4,31,0,0,27,11,120,0,0,20,0,14.29,0,37,32,5,6,0,,45,36.89,1,0,1,105,2,17,2,6,0,0,1,0,0,0.0,0,0,0,0,195,18,0,0,3,0,0,0,0,0,0,242.17,0.0,1,35,7,10,20,9,31.03,0,10,7,70.0,16,31,29,8,59,32.96,25,275,131,398,210.6,42,0,637,26,8,0,57924.0,3012026.0,F,27.0,France
Emile Smith Rowe,867445,Arsenal,42,england,2324,363,13,3,6.79,0,1,1,1.98,0.42,3,0,0.0,82,1,33.33,136,51,187,88.63,3,37.5,5,0,0,0,15,0,1,4,0,1,12,0,0,4,2,19,0,0,5,0,0.0,0,3,3,0,0,0,,9,39.13,0,0,1,24,3,4,0,0,1,0,0,0,0,0.0,0,0,0,0,38,2,0,0,0,0,0,0,0,0,0,0.0,0.0,0,11,4,4,7,3,50.0,0,4,1,25.0,4,5,6,1,12,38.71,3,158,54,211,81.5,15,0,262,2,0,0,46339.0,2409620.0,F,23.0,England
Nayef Aguerd,877102,West Ham United,37,england,2324,1859,21,21,6.79,1,0,1,1.54,0.38,89,0,0.0,97,104,39.54,313,624,937,80.5,48,59.26,33,0,0,0,102,0,2,3,2,80,21,0,0,2,6,52,0,2,10,0,7.14,14,44,40,4,1,0,,35,64.81,1,0,0,227,17,4,0,0,24,0,0,0,1,0.0,0,0,0,0,248,0,0,1,0,0,0,0,0,0,0,1859.0,0.0,0,12,2,7,4,3,60.0,0,26,14,53.85,4,200,5,5,83,61.48,263,485,684,1164,142.6,14,1,1396,6,1,1,57924.0,3012026.0,D,27.0,Morocco
Matt Doherty,143047,Wolverhampton,3,england,2324,1192,30,9,6.79,1,0,1,0.84,0.86,19,1,7.69,111,29,69.05,204,244,447,79.26,38,52.78,34,0,0,0,65,3,1,1,1,37,27,0,0,6,11,68,0,0,13,0,11.11,0,21,18,3,1,0,,48,58.54,0,0,1,117,7,12,0,5,5,0,0,0,0,0.0,0,0,0,0,169,3,0,0,1,0,0,0,0,0,0,1192.0,0.0,0,8,1,5,3,6,46.15,0,31,18,58.06,12,32,13,13,86,55.84,42,291,286,564,183.3,9,0,842,11,2,0,57924.0,3012026.0,D,32.0,Ireland
Vinícius Souza,979290,Sheffield United,15,england,2324,2679,36,29,6.79,1,0,1,0.64,0.49,27,2,20.0,137,39,42.39,339,449,786,80.2,67,62.04,41,0,0,0,153,0,0,4,1,75,36,0,0,25,33,152,0,1,48,0,7.14,0,80,71,9,1,0,,153,57.95,0,0,0,194,32,4,0,2,17,0,0,0,1,0.0,0,0,0,0,277,6,0,0,1,0,0,0,0,0,0,2679.0,0.0,0,7,7,4,6,17,60.71,0,125,76,60.8,4,51,28,10,220,59.14,92,468,522,980,244.4,14,0,1458,14,3,0,34754.0,1807215.0,M,24.0,Brazil
Frank Onyeka,885864,Brentford,50,england,2324,1176,26,11,6.79,1,2,3,2.18,1.39,4,5,31.25,89,14,37.84,171,125,291,77.6,10,30.3,23,0,0,0,73,2,2,8,0,17,26,0,0,12,13,86,0,0,24,0,4.55,0,27,23,4,1,0,,79,55.63,0,0,0,84,23,12,0,4,7,0,0,0,0,0.0,0,0,0,0,157,7,0,0,1,0,0,0,0,0,0,1176.0,0.0,0,14,8,5,9,11,44.0,0,37,24,64.86,12,22,25,16,89,50.86,37,245,146,375,176.5,22,0,645,31,8,0,46339.0,2409620.0,M,26.0,Nigeria
Jacob Ramsey,975937,Aston Villa,40,england,2324,856,16,8,6.79,1,1,2,2.17,1.37,5,2,18.18,108,0,0.0,172,84,254,81.94,5,62.5,3,0,0,0,42,1,2,4,0,7,15,0,0,21,10,52,0,0,7,0,5.26,0,12,12,0,0,1,,36,42.35,0,0,0,56,3,11,0,0,2,0,1,0,0,0.0,0,0,0,0,118,5,0,0,1,0,0,0,0,0,0,856.0,0.0,0,13,6,10,5,8,42.11,0,16,8,50.0,10,7,19,11,41,44.09,5,225,96,310,101.8,19,0,477,12,2,0,81093.0,4216836.0,M,22.0,England
Clément Lenglet,580550,Aston Villa,40,england,2324,1155,14,14,6.79,0,1,1,0.86,0.52,43,0,0.0,68,51,53.68,227,591,818,89.89,15,57.69,11,0,0,0,37,1,1,3,2,47,14,0,0,3,6,25,0,1,3,0,0.0,14,27,23,4,0,0,,28,66.67,0,0,0,92,7,2,0,0,11,0,0,0,0,0.0,0,0,0,0,104,0,0,0,0,0,0,0,0,0,0,0.0,0.0,0,7,1,3,2,3,60.0,0,13,9,69.23,2,81,5,3,43,63.24,95,275,638,910,95.0,8,0,1043,12,3,0,173771.0,9036077.0,D,28.0,France
Adama Traoré,286165,Fulham,43,england,2324,404,17,1,6.78,2,3,5,1.53,0.89,7,5,19.23,51,3,60.0,76,19,90,81.08,9,60.0,6,0,0,0,13,2,2,1,0,2,17,0,0,9,3,29,0,0,5,0,18.18,0,13,12,1,1,1,,17,42.5,0,0,1,21,1,7,0,0,0,0,0,0,0,0.0,0,0,0,0,73,1,0,0,2,0,0,0,0,0,0,202.0,0.0,0,8,3,3,7,9,60.0,0,4,3,75.0,7,10,15,26,26,47.27,5,111,26,111,115.3,11,0,217,4,2,0,75301.0,3915633.0,F,28.0,Spain
Toti Gomes,973418,Wolverhampton,3,england,2324,2781,35,31,6.78,1,3,4,1.63,0.65,36,1,7.69,156,46,28.05,465,954,1418,82.78,56,63.64,32,0,0,0,136,2,3,2,4,87,35,0,0,6,13,91,0,2,38,0,10.0,0,49,42,7,1,0,,80,57.55,1,0,0,295,26,6,0,2,19,0,0,0,0,0.0,0,0,0,0,360,5,0,0,0,0,0,0,0,0,0,2781.0,0.0,0,9,1,3,5,23,82.14,0,44,25,56.82,6,95,28,13,136,59.91,164,625,1101,1713,237.2,10,1,2165,13,7,0,92678.0,4819241.0,D,25.0,Portugal
Harry Toffolo,358218,Nottingham Forest,14,england,2324,1485,23,15,6.77,1,3,4,1.64,1.16,15,16,34.04,95,17,25.76,185,171,340,76.23,25,62.5,15,0,0,0,57,3,2,1,1,44,23,0,0,5,9,48,0,0,17,0,12.5,0,29,26,3,1,0,,29,46.77,1,0,0,106,14,18,0,0,13,0,0,0,0,0.0,0,0,0,0,180,1,0,0,0,0,0,0,0,0,0,1485.0,0.0,0,5,3,2,5,1,33.33,0,26,14,53.85,18,39,3,47,54,52.94,66,287,206,446,155.8,8,0,763,2,3,0,40547.0,2108418.0,D,28.0,England
Gonzalo Montiel,822933,Nottingham Forest,14,england,2324,809,14,8,6.77,0,2,2,0.13,0.86,13,1,6.25,80,14,32.56,129,123,251,78.93,12,57.14,9,0,0,0,42,4,0,2,0,30,14,0,0,3,13,30,1,0,6,0,0.0,0,11,8,3,0,0,,24,53.33,0,0,0,67,9,9,0,2,3,0,0,0,1,0.0,0,0,0,0,105,2,0,0,0,0,0,0,0,0,0,0.0,0.0,0,1,2,1,0,1,100.0,0,22,19,86.36,9,25,1,16,36,54.55,43,193,141,318,94.8,3,0,487,1,5,0,28962.0,1506013.0,D,27.0,Argentina
Lewis Hall,1136730,Newcastle United,39,england,2324,799,18,8,6.77,1,0,1,0.35,0.73,15,4,17.39,86,27,57.45,186,207,389,83.12,10,47.62,11,0,0,0,56,0,0,6,0,17,18,0,0,13,11,47,0,1,5,0,9.09,0,12,11,1,0,1,,42,53.85,0,0,0,79,12,3,1,0,2,0,0,0,0,0.0,0,0,0,0,131,2,0,0,0,0,0,0,0,0,0,799.0,0.0,0,4,7,1,4,9,56.25,0,28,18,64.29,3,29,16,23,52,52.53,47,253,238,468,121.8,11,0,706,5,2,0,8109.0,421684.0,D,19.0,England
George Earthy,1212165,West Ham United,37,england,2324,33,3,0,6.77,1,0,1,0.31,0.01,0,0,0.0,5,0,0.0,9,7,16,94.12,0,0.0,0,0,0,0,4,0,0,0,0,0,3,0,0,0,1,2,0,0,1,0,100.0,0,0,0,0,1,0,,0,0.0,0,0,0,1,1,0,0,0,0,0,0,0,0,0.0,0,0,0,0,1,0,0,0,1,0,0,0,0,0,0,33.0,0.0,0,1,0,0,1,0,0.0,0,0,0,0.0,0,0,0,0,0,0.0,1,9,8,17,20.3,1,0,19,0,0,0,,,,,
David Datro Fofana,1090458,Burnley,6,england,2324,901,15,10,6.76,4,1,5,4.52,0.29,9,1,33.33,52,4,80.0,70,47,116,69.05,13,27.08,35,0,0,0,22,3,5,2,0,2,15,0,0,20,3,94,0,0,17,0,21.05,0,18,16,2,3,1,,35,37.23,1,0,0,52,1,8,0,9,3,0,0,0,0,0.0,0,0,0,0,142,6,0,0,3,0,0,0,0,0,0,225.25,0.0,0,16,3,7,10,15,40.54,0,10,5,50.0,8,11,37,3,48,33.8,5,114,57,168,101.4,19,0,350,10,1,0,34754.0,1807215.0,F,21.0,Cote d'Ivoire
Maxwel Cornet,280439,West Ham United,37,england,2324,128,7,1,6.76,1,0,1,0.4,0.03,0,0,0.0,13,0,0.0,21,15,36,75.0,0,0.0,5,0,0,0,8,0,0,1,0,1,5,0,0,3,4,14,0,0,2,0,25.0,0,3,3,0,1,0,,5,35.71,0,0,0,12,2,4,1,3,0,0,0,0,0,0.0,0,0,0,0,18,1,0,0,0,0,0,0,0,0,0,128.0,0.0,0,4,0,2,1,0,0.0,0,3,2,66.67,4,1,1,1,5,26.32,1,32,17,48,33.8,4,0,70,2,0,0,75301.0,3915633.0,F,27.0,Cote d'Ivoire
Ibrahim Sangaré,843754,Nottingham Forest,14,england,2324,1043,17,13,6.76,0,0,0,0.65,0.44,20,0,0.0,77,23,57.5,162,176,338,80.67,9,36.0,16,0,0,0,70,0,1,3,1,19,17,0,0,8,17,69,0,0,22,0,0.0,0,16,12,4,0,0,,56,51.38,0,0,0,81,16,7,0,2,7,0,0,0,0,0.0,0,0,0,0,111,3,0,0,0,0,0,0,0,0,0,0.0,0.0,0,5,3,5,0,6,50.0,0,42,23,54.76,7,34,12,2,65,48.51,40,216,205,419,114.9,8,0,595,9,6,0,86885.0,4518038.0,M,26.0,Cote d'Ivoire
Ilya Zabarnyi,1023567,Bournemouth,60,england,2324,3330,37,37,6.76,1,0,1,1.09,0.59,107,0,0.0,157,131,39.22,465,1005,1470,81.58,77,55.8,61,0,0,0,153,0,2,2,8,138,37,0,0,2,27,115,1,3,24,0,12.5,6,67,60,7,1,0,,90,62.5,1,0,0,332,33,7,0,0,34,0,0,0,0,0.0,0,0,0,0,353,1,0,0,0,0,0,0,0,0,0,3330.0,0.0,0,8,0,3,3,9,81.82,0,59,32,54.24,7,223,11,1,167,59.22,334,682,1121,1802,250.0,8,0,2218,24,5,0,28962.0,1506013.0,D,21.0,Ukraine
Giovanni Reyna,989056,Nottingham Forest,14,england,2324,230,9,2,6.76,0,1,1,0.3,0.37,5,2,25.0,45,4,80.0,78,39,115,89.15,7,43.75,9,0,0,0,14,0,0,1,0,0,9,0,0,4,3,23,0,0,3,0,0.0,0,3,2,1,0,0,,12,46.15,0,0,0,14,2,7,0,0,0,0,0,0,0,0.0,0,0,0,0,38,2,0,0,0,0,0,0,0,0,0,0.0,0.0,0,2,3,2,2,3,42.86,0,7,3,42.86,7,7,7,8,19,45.24,5,95,42,129,60.8,5,0,184,2,0,0,46339.0,2409620.0,F,21.0,United States
Álex Moreno,294593,Aston Villa,40,england,2324,1046,21,11,6.76,2,0,2,1.14,1.0,6,4,10.81,79,13,68.42,148,195,339,83.29,4,28.57,10,0,0,0,40,1,1,1,2,33,20,0,0,6,7,50,0,0,11,0,25.0,0,20,20,0,2,0,,49,55.06,1,0,0,68,13,11,1,2,2,1,0,0,0,0.0,0,0,0,0,155,2,0,0,0,0,0,0,0,0,0,523.0,0.0,0,7,1,3,4,15,46.88,0,18,12,66.67,11,13,32,37,53,51.46,19,216,228,407,135.1,8,0,725,16,2,0,40547.0,2108418.0,D,30.0,Spain
Tahith Chong,825845,Luton Town,72,england,2324,1993,33,20,6.75,4,0,4,2.73,1.38,13,8,22.86,162,15,45.45,276,141,409,81.8,10,31.25,22,0,0,0,104,0,1,16,0,10,33,0,0,40,18,130,0,1,21,0,12.9,0,51,45,6,4,0,,124,53.45,1,0,0,91,8,11,3,4,6,0,1,0,0,0.0,0,0,0,0,256,10,0,0,0,0,0,0,0,0,0,498.25,0.0,0,22,9,8,7,25,43.86,0,36,22,61.11,10,21,57,35,134,50.76,33,371,164,500,222.9,31,0,931,64,4,0,34754.0,1807215.0,F,24.0,Netherlands
Mason Mount,836694,Manchester United,35,england,2324,541,14,5,6.75,1,0,1,0.39,0.37,6,4,28.57,70,6,75.0,124,53,173,85.22,6,40.0,9,0,0,0,37,0,0,3,0,3,13,0,0,6,10,41,0,0,10,0,20.0,0,13,13,0,1,0,,35,52.24,0,0,0,30,6,6,1,0,1,0,0,0,0,0.0,0,0,0,0,65,6,0,0,0,0,0,0,0,0,0,541.0,0.0,0,5,0,1,1,4,40.0,0,22,14,63.64,6,12,10,14,41,50.0,8,156,61,203,87.8,5,0,311,9,2,0,231694.0,12048102.0,F,25.0,England
Marvelous Nakamba,556904,Luton Town,72,england,2324,1134,13,13,6.75,0,0,0,0.19,0.49,19,1,25.0,86,19,54.29,191,162,352,84.82,4,36.36,7,0,0,0,90,0,0,1,0,11,13,0,0,4,18,57,0,1,24,0,0.0,0,24,23,1,0,0,,52,50.98,0,0,0,63,11,7,0,0,6,0,0,0,0,0.0,0,0,0,0,86,6,0,0,0,0,0,0,0,0,0,0.0,0.0,0,2,3,4,0,3,37.5,0,40,24,60.0,7,32,8,4,56,49.56,35,236,183,415,87.8,5,0,571,9,5,0,34754.0,1807215.0,M,30.0,Zimbabwe
Cauley Woodrow,140487,Luton Town,72,england,2324,470,24,2,6.75,1,1,2,1.42,0.86,5,4,40.0,40,1,16.67,68,40,104,74.82,11,39.29,17,0,0,0,21,2,0,5,0,13,23,0,0,8,7,40,0,0,8,0,6.25,0,11,11,0,1,0,,21,47.73,1,0,1,35,1,9,0,2,1,0,0,0,0,0.0,0,0,0,0,60,4,0,0,0,0,0,0,0,0,0,470.0,0.0,1,8,8,7,4,2,66.67,0,16,10,62.5,9,8,3,10,32,44.44,6,96,53,139,155.3,16,0,241,4,2,0,23169.0,1204810.0,F,29.0,England
Jeffrey Schlupp,148710,Crystal Palace,7,england,2324,1376,29,17,6.75,2,2,4,1.83,1.41,7,2,20.0,83,6,27.27,153,94,245,75.85,22,56.41,17,0,0,0,54,2,1,4,1,18,28,0,0,23,9,93,0,0,24,0,10.53,0,25,25,0,1,1,,70,47.95,0,0,0,78,8,19,2,0,2,0,0,0,0,0.0,0,0,0,0,174,8,0,0,0,0,0,0,0,0,0,688.0,0.0,0,9,10,4,11,17,45.95,0,38,24,63.16,19,22,37,10,92,49.73,22,221,112,323,189.0,19,0,591,15,1,0,69508.0,3614431.0,M,31.0,Ghana
Ola Aina,800417,Nottingham Forest,14,england,2324,1719,22,20,6.75,1,1,2,0.27,1.03,24,7,25.0,149,20,42.55,286,228,507,79.97,18,60.0,12,0,0,0,97,0,0,5,0,41,22,0,0,10,11,65,0,1,18,0,9.09,0,39,34,5,0,1,,98,64.9,0,0,0,127,18,11,0,2,3,0,0,0,1,0.0,0,0,0,0,252,8,0,0,1,0,0,0,0,0,0,1719.0,0.0,0,1,10,5,1,27,65.85,0,47,31,65.96,11,50,41,28,116,64.09,47,387,275,634,148.5,11,0,1090,25,3,0,46339.0,2409620.0,D,27.0,Nigeria
Calvin Bassey,861972,Fulham,43,england,2324,2301,29,25,6.75,1,0,1,0.35,0.17,62,0,0.0,95,83,43.23,373,1064,1437,86.2,30,54.55,25,0,0,0,171,0,0,1,6,80,28,0,0,8,8,57,1,3,15,0,20.0,54,42,30,12,1,0,,71,68.93,0,0,1,230,28,1,0,2,11,0,0,0,1,0.0,0,0,0,0,258,2,0,1,1,0,0,0,0,0,0,2301.0,0.0,0,5,0,2,2,11,84.62,0,49,29,59.18,1,140,13,3,101,63.92,192,497,1173,1667,189.0,5,0,1956,11,4,1,52131.0,2710823.0,D,24.0,Nigeria
Jesurun Rak-Sakyi,1101362,Crystal Palace,7,england,2324,140,6,0,6.75,0,0,0,0.42,0.14,1,0,0.0,18,1,50.0,31,6,37,78.72,3,75.0,1,0,0,0,6,0,0,4,0,1,4,0,0,3,1,11,0,0,1,0,0.0,0,3,3,0,0,0,,12,54.55,0,0,0,10,3,2,0,0,0,0,0,0,0,0.0,0,0,0,0,26,0,0,0,0,0,0,0,0,0,0,0.0,0.0,0,4,1,0,1,4,44.44,0,4,1,25.0,2,3,9,3,15,57.69,2,43,7,47,27.0,5,0,90,5,0,0,8689.0,451804.0,F,21.0,England
Michael Obafemi,921216,Burnley,6,england,2324,30,2,0,6.75,0,0,0,0.09,0.01,0,0,0.0,2,0,0.0,2,2,4,80.0,0,0.0,1,0,0,0,1,0,0,0,0,0,2,0,0,1,0,2,0,0,0,0,0.0,0,0,0,0,0,0,,3,75.0,0,0,0,1,0,0,0,0,0,0,0,0,0,0.0,0,0,0,0,2,1,0,0,0,0,0,0,0,0,0,0.0,0.0,0,1,1,2,0,3,100.0,0,0,0,0.0,0,0,3,0,3,60.0,0,3,2,5,13.5,2,0,13,0,0,0,17377.0,903608.0,F,23.0,Ireland
Kurt Zouma,139227,West Ham United,37,england,2324,2838,33,32,6.75,3,0,3,1.85,0.12,52,0,0.0,65,69,39.66,240,719,959,83.9,58,57.43,43,0,0,0,95,0,0,4,3,158,33,0,0,3,6,76,0,0,24,0,18.75,8,63,56,7,3,0,,31,48.44,3,0,0,184,29,4,0,0,28,0,0,0,1,0.0,0,0,0,0,203,0,0,0,0,0,0,0,0,0,0,946.0,0.0,0,16,0,5,7,2,66.67,0,23,17,73.91,4,98,3,0,89,53.94,174,367,776,1143,222.7,16,1,1477,6,3,0,144809.0,7530064.0,D,29.0,France
Vladimír Coufal,138024,West Ham United,37,england,2324,3137,36,36,6.75,0,7,7,0.31,2.97,41,25,23.58,240,39,25.0,469,453,897,72.99,40,51.95,37,0,0,0,154,6,0,2,3,83,36,0,0,13,37,137,0,0,32,0,0.0,0,69,60,9,0,0,,102,50.5,0,0,1,332,43,33,0,1,15,0,0,0,1,0.0,0,0,0,0,574,7,0,1,0,0,0,0,0,0,0,0.0,0.0,0,4,4,4,2,12,38.71,0,64,41,64.06,33,127,31,106,142,50.9,156,763,572,1229,242.9,8,0,2093,26,5,1,40547.0,2108418.0,D,31.0,Czech Republic
Facundo Buonanotte,1117025,Brighton & Hove Albion,30,england,2324,1377,27,17,6.74,3,1,4,2.41,1.17,12,1,16.67,148,5,45.45,262,139,400,85.29,6,27.27,16,0,0,0,66,3,2,7,0,5,27,0,0,33,30,139,0,0,34,0,14.29,0,19,18,1,3,0,,101,45.09,0,0,1,69,8,18,3,3,3,0,0,0,0,0.0,0,0,0,0,179,11,0,0,0,0,0,0,0,0,0,459.0,0.0,0,13,8,5,9,18,39.13,0,42,22,52.38,18,15,46,6,107,43.5,11,307,168,469,182.1,21,0,767,41,7,0,17377.0,903608.0,F,19.0,Argentina
Joe Willock,888550,Newcastle United,39,england,2324,418,9,5,6.74,1,0,1,0.81,0.59,7,1,16.67,56,9,81.82,81,52,132,86.27,1,50.0,1,0,0,0,26,0,1,1,0,1,9,0,0,6,7,28,0,0,3,0,14.29,0,9,8,1,1,0,,23,46.0,1,0,0,21,1,7,0,1,0,0,0,0,0,0.0,0,0,0,0,60,2,0,0,0,0,0,0,0,0,0,418.0,0.0,0,6,1,2,4,7,38.89,0,13,7,53.85,7,10,18,6,24,46.15,11,104,55,153,60.7,7,0,247,3,0,0,92678.0,4819241.0,M,24.0,England
Facundo Pellistri,989803,Manchester United,35,england,2324,175,9,1,6.74,0,1,1,0.72,0.39,1,0,0.0,27,0,0.0,42,18,60,81.08,6,60.0,4,0,0,0,11,0,0,1,0,5,8,0,0,4,2,18,0,0,4,0,0.0,0,2,2,0,0,0,,16,53.33,0,0,0,14,1,1,0,0,1,0,0,0,0,0.0,0,0,0,0,31,2,0,0,0,0,0,0,0,0,0,0.0,0.0,0,4,0,1,2,5,55.56,0,5,3,60.0,1,1,9,4,22,55.0,0,57,21,74,53.9,4,0,133,6,0,0,23169.0,1204810.0,F,21.0,Uruguay
Jacob Brown,858911,Luton Town,72,england,2324,1020,19,12,6.74,2,0,2,2.78,0.44,1,3,30.0,54,4,16.67,95,37,129,56.33,43,44.33,54,0,0,0,56,1,3,10,1,17,19,0,0,25,11,125,0,0,19,0,7.69,0,26,26,0,1,1,,44,38.26,0,0,2,100,8,8,1,6,1,0,0,0,0,0.0,0,0,0,0,178,12,0,0,1,0,0,0,0,0,0,510.0,0.0,0,22,4,9,7,6,27.27,0,19,12,63.16,8,6,22,10,87,41.04,24,177,62,229,128.1,26,0,470,19,4,0,34754.0,1807215.0,F,25.0,Scotland
Andros Townsend,47992,Luton Town,72,england,2324,1228,27,14,6.74,1,3,4,1.22,1.81,20,17,22.97,111,15,42.86,206,91,280,80.23,0,0.0,10,0,0,0,68,2,0,9,0,9,27,0,0,26,14,76,0,0,13,0,5.0,0,27,26,1,1,0,,49,42.61,1,0,0,69,5,18,0,2,0,0,0,0,0,0.0,0,0,0,0,203,16,0,0,0,0,0,0,0,0,0,1228.0,0.0,2,5,15,4,7,16,53.33,0,21,13,61.9,18,38,30,74,49,39.2,35,314,109,349,182.0,20,1,631,12,1,0,23169.0,1204810.0,F,32.0,England
Harrison Reed,365802,Fulham,43,england,2324,1324,27,15,6.74,0,2,2,0.3,1.49,21,4,21.05,128,21,56.76,271,349,616,85.32,10,43.48,13,0,0,0,72,2,0,2,3,22,25,0,0,13,18,75,0,0,26,0,0.0,0,23,19,4,0,0,,43,40.95,0,0,0,106,11,15,0,0,9,0,1,0,0,0.0,0,0,0,0,159,7,0,0,0,0,0,0,0,0,0,0.0,0.0,1,2,7,5,2,5,50.0,0,29,18,62.07,14,42,10,19,53,41.41,37,347,394,722,168.5,9,0,917,10,6,0,57924.0,3012026.0,M,29.0,England
Michail Antonio,47772,West Ham United,37,england,2324,1710,26,21,6.74,6,2,8,5.77,1.29,9,2,7.41,73,8,53.33,116,59,173,64.55,33,38.37,53,0,0,0,55,1,6,6,0,4,26,0,0,39,8,147,0,0,25,0,20.0,0,34,30,4,6,0,,72,43.37,2,0,0,95,4,8,0,9,3,0,0,0,0,0.0,0,0,0,0,268,14,0,0,4,0,0,0,0,0,0,285.0,0.0,0,24,6,10,14,29,52.73,0,15,8,53.33,8,16,55,27,105,41.67,15,226,69,268,175.2,30,0,613,28,6,0,98470.0,5120444.0,F,33.0,Jamaica
Emil Krafth,150396,Newcastle United,39,england,2324,926,17,8,6.74,0,0,0,0.21,0.76,7,8,47.06,86,6,23.08,175,266,433,85.07,13,46.43,15,0,0,0,44,2,0,2,2,18,14,0,0,3,13,43,0,0,10,0,0.0,0,15,14,1,0,0,,31,52.54,0,0,1,76,9,9,0,0,3,0,0,0,0,0.0,0,0,0,0,105,1,0,0,0,0,0,0,0,0,0,0.0,0.0,0,2,2,2,0,3,60.0,0,21,14,66.67,9,25,5,17,44,50.57,26,226,300,509,94.3,4,0,681,7,2,0,63716.0,3313228.0,D,29.0,Sweden
Shandon Baptiste,892111,Brentford,50,england,2324,241,10,2,6.73,1,1,2,0.89,0.35,4,2,66.67,20,4,33.33,32,33,63,73.26,3,33.33,6,0,0,0,17,1,0,0,0,5,9,0,0,0,4,18,0,0,3,0,50.0,0,5,4,1,1,0,,10,45.45,0,0,0,23,3,4,0,0,1,0,0,0,0,0.0,0,0,0,0,38,0,0,0,1,0,0,0,0,0,0,241.0,0.0,0,2,0,0,2,6,54.55,0,4,4,100.0,4,7,11,3,13,41.94,12,46,43,86,60.6,2,0,137,0,1,0,17377.0,903608.0,M,25.0,Grenada
Ivo Grbić,283847,Sheffield United,15,england,2324,772,9,9,6.73,0,0,0,,0.01,8,0,0.0,6,68,31.92,57,67,124,45.76,7,100.0,0,0,0,0,87,0,0,0,0,14,9,0,0,0,1,1,1,0,0,0,0.0,89,25,21,4,0,0,-10.31,2,66.67,0,8,0,147,0,0,0,0,0,0,0,0,0,0.0,1,0,0,0,150,0,5,0,0,7,21,15,37,0,7,0.0,0.0,0,0,0,0,0,0,0.0,6,0,0,0.0,0,13,0,0,9,90.0,213,186,85,271,60.6,0,1,365,2,1,0,28962.0,1506013.0,K,28.0,Croatia
Beto,987489,Everton,48,england,2324,973,30,9,6.73,3,0,3,6.79,0.32,7,0,0.0,51,6,75.0,79,28,107,61.49,47,45.19,57,0,0,1,36,3,8,4,0,13,28,0,0,22,8,123,0,0,21,0,6.98,0,20,17,3,3,0,,48,42.11,1,0,0,67,1,11,1,10,0,0,0,1,0,0.0,0,0,0,0,158,15,0,0,1,0,0,0,0,0,0,324.33,0.0,0,35,8,26,13,15,46.88,0,14,6,42.86,11,11,32,5,95,43.58,8,145,34,174,188.5,43,0,427,19,2,0,57924.0,3012026.0,F,26.0,Portugal
Miloš Kerkez,1097425,Bournemouth,60,england,2324,1983,28,22,6.73,0,1,1,1.21,1.03,19,11,20.0,148,22,32.35,282,213,484,77.19,18,36.0,32,0,0,0,93,3,2,5,2,56,28,0,1,10,12,88,1,1,25,0,0.0,0,37,32,5,0,0,,80,58.82,0,0,1,143,20,12,0,1,11,1,0,0,0,0.0,0,0,0,1,283,11,0,1,0,0,0,0,0,0,0,0.0,0.0,0,9,7,6,5,12,50.0,0,47,26,55.32,12,43,24,55,98,52.69,68,417,265,627,188.5,16,0,1144,21,4,0,34754.0,1807215.0,D,20.0,Hungary
Anthony Martial,191176,Manchester United,35,england,2324,461,13,5,6.73,1,0,1,1.22,0.15,2,0,0.0,50,1,50.0,78,31,109,79.56,8,29.63,19,0,0,0,9,0,0,1,0,3,13,0,0,10,0,33,0,0,3,0,16.67,0,6,6,0,1,0,,12,46.15,0,0,0,28,0,6,0,3,0,0,0,0,0,0.0,0,0,0,1,56,4,0,0,1,0,0,0,0,0,0,461.0,0.0,0,5,1,1,4,2,50.0,0,4,1,25.0,6,4,4,0,20,37.74,2,102,35,137,87.5,6,0,195,6,0,0,289618.0,15060128.0,F,28.0,France
Saïd Benrahma,354808,West Ham United,37,england,2324,616,13,5,6.73,0,1,1,1.83,0.78,4,3,17.65,75,3,37.5,123,70,190,79.83,1,14.29,6,0,0,1,43,2,2,4,0,5,13,0,0,8,11,49,0,0,5,0,0.0,0,8,7,1,0,0,,28,39.44,0,0,0,48,5,11,0,1,0,0,0,1,0,0.0,0,0,0,0,108,5,0,0,0,0,0,0,0,0,0,0.0,0.0,0,10,9,9,6,14,40.0,0,8,4,50.0,11,15,35,17,29,37.18,8,171,84,238,87.5,19,0,384,6,1,0,63716.0,3313228.0,F,28.0,Algeria
Lloyd Kelly,865167,Bournemouth,60,england,2324,1564,23,17,6.73,0,1,1,0.33,0.84,30,5,23.81,119,55,36.18,235,369,599,77.59,28,60.87,18,0,0,0,121,2,1,0,4,59,23,0,0,6,11,52,0,0,17,0,0.0,0,32,30,2,0,0,,39,53.42,0,0,0,173,13,9,0,0,12,0,0,0,1,0.0,0,0,0,0,259,6,0,0,0,0,0,0,0,0,0,0.0,0.0,0,4,0,3,1,2,100.0,0,24,19,79.17,9,92,2,21,67,56.3,152,371,422,772,154.7,4,0,1091,13,2,0,34754.0,1807215.0,D,25.0,England
Nuno Tavares,944973,Nottingham Forest,14,england,2324,462,8,5,6.73,0,0,0,0.17,0.37,9,2,12.5,64,5,27.78,105,69,172,78.9,3,60.0,2,0,0,0,33,0,0,0,1,15,8,0,0,4,1,18,0,0,8,0,0.0,0,9,7,2,0,0,,19,54.29,0,0,0,46,1,2,0,0,0,0,0,0,0,0.0,0,0,0,0,90,2,0,0,0,0,0,0,0,0,0,0.0,0.0,0,1,6,6,1,6,66.67,0,11,7,63.64,2,19,9,16,22,55.0,18,140,94,218,53.8,7,0,359,2,2,0,34754.0,1807215.0,D,24.0,Portugal
Moussa Niakhaté,758168,Nottingham Forest,14,england,2324,1465,21,15,6.72,1,0,1,1.08,0.26,21,1,9.09,58,31,38.27,168,422,589,85.49,16,76.19,5,0,0,0,98,0,0,2,1,49,21,0,0,3,5,24,0,0,11,0,20.0,1,35,30,5,1,0,,48,71.64,0,0,0,100,14,3,0,0,12,0,0,0,0,0.0,0,0,0,0,164,2,0,1,0,0,0,0,0,0,0,1465.0,0.0,0,5,0,2,1,3,100.0,0,42,25,59.52,3,47,3,11,64,72.73,81,238,462,689,141.2,5,1,945,4,3,1,52131.0,2710823.0,D,27.0,Senegal
Cameron Archer,993451,Sheffield United,15,england,2324,1871,30,21,6.72,4,1,5,5.62,1.4,1,2,40.0,113,3,42.86,181,90,269,80.78,7,14.0,43,0,0,0,63,6,6,15,1,9,30,0,0,45,10,139,0,0,15,0,9.52,0,50,48,2,3,1,,68,41.46,0,0,1,64,1,24,0,13,3,0,0,0,0,0.0,0,0,0,0,208,15,0,0,4,0,0,0,0,0,0,467.75,0.0,0,28,14,16,11,30,50.85,0,18,13,72.22,24,5,59,5,75,35.05,7,231,107,333,201.7,42,0,665,20,2,0,34754.0,1807215.0,F,22.0,England
Curtis Jones,927353,Liverpool,44,england,2324,1167,23,14,6.72,1,1,2,2.63,1.06,10,1,25.0,206,12,50.0,417,270,686,91.47,7,36.84,12,0,0,0,72,0,1,7,0,7,23,0,1,33,13,84,0,0,16,0,5.26,0,17,15,2,1,0,,56,43.75,0,0,0,64,7,11,0,5,0,0,0,0,0,0.0,0,0,0,0,130,10,0,1,1,0,0,0,0,0,0,1167.0,0.0,0,14,5,6,6,15,60.0,0,27,14,51.85,11,21,25,4,63,42.86,24,470,284,750,154.6,19,1,980,14,3,0,17377.0,903608.0,M,23.0,England
Charlie Taylor,166381,Burnley,6,england,2324,2332,28,25,6.72,1,1,2,0.24,1.68,41,14,19.72,201,51,37.23,414,422,822,78.89,41,51.9,38,0,0,0,106,4,0,4,2,67,28,0,0,10,18,91,0,0,20,0,10.0,0,46,39,7,0,1,,60,53.1,0,0,0,220,19,15,1,2,11,0,0,0,0,0.0,0,0,0,0,353,6,0,0,0,0,0,0,0,0,0,2332.0,0.0,0,2,8,5,1,9,60.0,0,35,20,57.14,15,95,15,71,101,52.6,137,611,502,1042,188.2,10,0,1580,16,8,0,34754.0,1807215.0,D,30.0,England
Sergio Gómez,855835,Manchester City,17,england,2324,54,6,0,6.72,0,1,1,0.25,0.18,0,1,25.0,17,0,0.0,28,17,44,89.8,0,0.0,1,0,0,0,1,0,0,1,0,0,5,0,0,0,1,4,0,0,2,0,0.0,0,2,2,0,0,0,,3,50.0,0,0,1,5,1,1,0,1,0,0,0,0,0,0.0,0,0,0,0,8,1,0,0,0,0,0,0,0,0,0,0.0,0.0,0,1,1,1,0,2,100.0,0,1,0,0.0,1,0,2,4,3,42.86,0,34,19,49,33.6,2,0,61,0,0,0,57924.0,3012026.0,D,23.0,Spain
Maxime Estève,1117223,Burnley,6,england,2324,1312,16,15,6.72,0,0,0,0.27,0.18,15,1,20.0,63,24,32.43,234,451,684,84.44,27,51.92,25,0,0,0,62,0,0,2,0,55,16,0,0,3,14,64,0,0,25,0,0.0,48,28,26,2,0,0,,43,52.44,0,0,0,126,27,1,0,0,10,0,0,0,0,0.0,0,0,0,0,139,3,0,0,0,0,0,0,0,0,0,0.0,0.0,0,4,3,5,0,1,100.0,0,27,10,37.04,1,39,1,5,70,52.24,74,314,501,810,107.5,7,0,1001,16,6,0,5792.0,301203.0,D,21.0,France
Carlos Baleba,1199043,Brighton & Hove Albion,30,england,2324,1362,27,15,6.72,0,0,0,0.82,0.25,16,0,0.0,90,18,62.07,284,429,713,92.24,25,71.43,10,0,0,0,95,1,0,6,2,27,27,0,0,16,23,90,2,1,40,0,0.0,0,28,23,5,0,0,,77,49.04,0,0,0,60,18,8,0,0,7,0,0,0,0,0.0,0,0,0,0,103,6,0,0,0,0,0,0,0,0,0,0.0,0.0,0,5,16,10,5,11,64.71,0,40,20,50.0,8,24,17,0,102,53.13,29,318,455,773,181.4,21,0,1022,27,7,0,14481.0,753006.0,M,20.0,Cameroon
Pablo Fornals,816763,West Ham United,37,england,2324,452,15,4,6.71,0,0,0,0.31,0.34,8,1,12.5,62,11,68.75,98,62,159,79.5,3,30.0,7,0,0,0,26,1,0,0,1,5,14,0,0,8,11,33,0,0,3,0,0.0,0,9,9,0,0,0,,21,44.68,0,0,0,41,6,5,0,1,1,0,0,0,0,0.0,0,0,0,0,69,5,0,0,0,0,0,0,0,0,0,0.0,0.0,0,4,3,4,3,6,54.55,0,10,6,60.0,5,14,11,8,24,42.11,16,137,71,200,94.0,7,0,296,5,0,0,75301.0,3915633.0,F,27.0,Spain
Ansu Fati,962883,Brighton & Hove Albion,30,england,2324,524,19,3,6.71,2,0,2,2.93,0.59,9,0,0.0,71,6,85.71,113,65,178,87.25,1,9.09,10,0,0,0,22,1,4,12,0,3,17,0,0,10,10,45,0,0,6,0,7.69,0,12,8,4,2,0,,23,39.66,0,0,0,26,3,6,1,2,0,0,0,0,0,0.0,0,0,0,0,67,5,0,0,1,0,0,0,0,0,0,262.0,0.0,0,21,5,3,11,5,35.71,0,5,3,60.0,6,11,14,3,24,34.78,7,137,70,204,114.1,26,0,325,13,2,0,185355.0,9638482.0,F,21.0,Spain
Elijah Adebayo,920542,Luton Town,72,england,2324,1434,27,16,6.71,10,0,10,5.91,0.42,1,0,0.0,70,1,25.0,108,35,143,72.59,43,48.31,46,0,0,0,34,0,4,7,0,25,27,0,0,34,11,159,0,0,27,0,32.26,0,36,31,5,10,0,,38,25.17,4,0,2,54,6,14,1,13,2,0,0,0,0,0.0,0,0,0,0,215,9,0,0,5,0,0,0,0,0,0,143.4,0.0,0,30,1,10,14,18,28.13,0,4,1,25.0,14,2,64,5,81,33.75,4,157,45,197,181.2,31,1,528,16,1,0,14481.0,753006.0,F,26.0,England
Chris Mepham,865740,Bournemouth,60,england,2324,626,10,6,6.71,0,1,1,0.09,0.48,18,0,0.0,48,25,55.56,126,167,293,82.77,30,60.0,20,0,0,0,31,1,0,0,0,29,10,0,0,2,5,42,0,1,15,0,0.0,0,16,15,1,0,0,,13,37.14,0,0,0,61,7,3,0,0,6,0,0,0,0,0.0,0,0,0,0,67,0,0,0,0,0,0,0,0,0,0,0.0,0.0,0,1,0,0,1,0,0.0,0,12,11,91.67,3,25,0,1,43,50.59,45,156,199,354,67.1,1,0,441,2,2,0,40547.0,2108418.0,D,26.0,Wales
Jean-Ricner Bellegarde,845273,Wolverhampton,3,england,2324,964,22,10,6.71,2,1,3,1.57,0.8,6,3,10.0,83,5,45.45,142,98,237,84.34,8,22.86,27,0,0,0,41,1,0,5,0,13,22,0,1,19,8,78,0,0,10,0,13.33,0,23,20,3,2,0,,58,53.21,0,0,0,44,8,12,0,2,2,0,0,0,0,0.0,0,0,0,0,139,8,0,1,2,0,0,0,0,0,0,482.0,0.0,0,11,4,5,5,17,50.0,0,17,10,58.82,12,15,34,30,66,45.83,11,204,107,281,147.6,15,0,530,24,0,0,86885.0,4518038.0,M,25.0,France
Saša Lukić,371222,Fulham,43,england,2324,1133,24,13,6.71,1,0,1,1.61,0.47,12,0,0.0,74,11,52.38,206,222,428,87.53,11,57.89,8,0,0,0,65,0,2,5,2,18,22,0,0,10,21,69,0,1,27,0,7.69,0,20,15,5,1,0,,47,43.52,0,0,0,61,16,11,1,0,5,0,0,0,0,0.0,0,0,0,0,92,1,0,0,0,0,0,0,0,0,0,1133.0,0.0,0,10,3,5,3,5,62.5,0,33,19,57.58,11,20,8,4,58,45.67,21,246,247,489,147.6,13,0,663,9,3,0,72984.0,3795152.0,M,27.0,Serbia
Lisandro Martínez,859999,Manchester United,35,england,2324,656,11,8,6.71,0,1,1,0.0,0.08,10,0,0.0,40,10,37.04,137,274,411,92.99,4,44.44,5,0,0,0,33,0,0,0,0,23,11,0,0,3,7,22,0,0,6,0,0.0,20,12,11,1,0,0,,17,50.0,0,0,0,31,5,3,0,0,8,1,0,0,0,0.0,0,0,0,0,40,1,0,0,0,0,0,0,0,0,0,0.0,0.0,0,0,0,0,0,2,66.67,0,12,8,66.67,3,26,3,2,21,48.84,27,160,284,442,73.8,0,0,517,3,3,0,139017.0,7228861.0,D,26.0,Argentina
Oliver Norwood,100637,Sheffield United,15,england,2324,1481,27,16,6.71,1,0,1,1.08,1.2,77,16,30.77,146,68,34.34,308,325,617,72.16,14,45.16,17,0,0,0,98,1,0,4,0,36,27,0,0,4,27,63,0,0,15,0,6.67,0,47,40,7,1,0,,51,52.58,0,0,0,238,21,17,0,0,9,0,0,1,1,100.0,0,1,0,0,291,7,0,0,1,0,0,0,0,0,0,1481.0,0.0,0,1,14,5,6,1,50.0,0,41,26,63.41,17,169,2,52,65,50.78,198,543,364,855,181.1,15,0,1098,9,8,0,23169.0,1204810.0,M,32.0,Northern Ireland
Keane Lewis-Potter,972421,Brentford,50,england,2324,1441,30,15,6.71,3,1,4,6.34,1.96,9,6,12.0,129,10,33.33,187,96,277,77.37,15,40.54,22,0,0,0,62,3,12,10,0,20,29,0,0,18,8,90,0,0,9,0,6.98,0,29,27,2,3,0,,56,45.16,1,0,2,81,7,13,1,3,2,0,0,0,0,0.0,0,0,0,0,210,9,0,0,1,0,0,0,0,0,0,480.33,0.0,0,36,7,11,22,21,38.89,0,17,7,41.18,13,27,54,50,71,44.1,30,302,106,358,194.5,43,0,661,18,0,0,40547.0,2108418.0,F,22.0,England
Orel Mangala,793988,Nottingham Forest,14,england,2324,1580,20,19,6.71,1,0,1,0.84,0.3,9,1,50.0,101,23,63.89,270,300,569,88.63,10,71.43,4,0,0,0,74,0,1,1,1,28,20,0,0,18,15,72,0,0,23,0,10.0,0,31,25,6,0,1,,60,46.88,0,0,0,73,26,6,0,0,6,0,0,0,0,0.0,0,0,0,0,125,3,0,0,1,0,0,0,0,0,0,1580.0,0.0,0,6,4,8,1,13,50.0,0,27,13,48.15,6,25,26,2,70,49.3,36,319,325,642,134.1,10,0,866,21,6,0,34754.0,1807215.0,M,25.0,Belgium
David Brooks,855731,Bournemouth,60,england,2324,289,13,2,6.7,1,1,2,2.2,0.53,4,4,26.67,44,6,54.55,67,23,86,76.79,1,12.5,7,0,0,0,17,2,3,1,0,2,13,0,0,1,2,21,0,0,6,0,7.69,0,7,6,1,1,0,,10,41.67,0,0,1,26,2,8,1,1,0,0,0,0,0,0.0,0,0,0,0,52,0,0,0,0,0,0,0,0,0,0,289.0,0.0,0,8,5,7,5,4,40.0,0,5,4,80.0,8,10,10,15,11,34.38,11,99,28,112,87.1,13,0,184,1,1,0,57924.0,3012026.0,F,26.0,Wales
Leander Dendoncker,190405,Aston Villa,40,england,2324,155,8,1,6.7,1,0,1,0.74,0.02,2,0,0.0,5,3,42.86,16,29,45,80.36,4,44.44,5,0,0,0,4,0,0,1,0,3,6,0,0,1,1,8,0,1,1,0,50.0,0,3,3,0,1,0,,7,70.0,0,0,0,11,2,0,0,0,2,0,0,0,0,0.0,0,0,0,0,14,0,0,0,1,0,0,0,0,0,0,155.0,0.0,0,1,1,0,1,0,0.0,0,6,4,66.67,0,4,0,0,11,57.89,7,23,33,56,40.2,2,0,83,1,0,0,0.0,0.0,M,28.0,Belgium
Nélson Semedo,252821,Wolverhampton,3,england,2324,3092,36,36,6.7,0,1,1,1.26,1.8,42,13,16.25,297,48,33.1,633,607,1227,80.94,22,44.0,28,0,0,0,188,2,2,7,4,78,36,0,1,36,26,166,0,1,48,0,0.0,0,60,53,7,0,0,,160,53.69,0,0,0,289,36,24,0,1,8,0,0,0,2,0.0,0,0,0,0,507,14,0,1,0,0,0,0,0,0,0,0.0,0.0,0,11,6,6,4,51,63.75,0,79,48,60.76,24,101,80,80,182,52.3,145,856,740,1516,241.2,17,0,2382,30,11,0,92678.0,4819241.0,D,30.0,Portugal
Jurriën Timber,958959,Arsenal,42,england,2324,71,2,1,6.7,0,0,0,0.0,0.02,1,0,0.0,19,1,50.0,41,19,60,89.55,1,50.0,1,0,0,0,4,0,0,0,0,1,2,0,0,1,0,5,0,0,3,0,0.0,0,0,0,0,0,0,,3,42.86,0,0,0,7,0,0,0,1,0,0,0,0,0,0.0,0,0,0,0,9,0,0,0,0,0,0,0,0,0,0,0.0,0.0,0,0,0,0,0,1,100.0,0,2,2,100.0,0,2,1,1,4,44.44,2,47,21,67,13.4,0,0,81,0,2,0,104262.0,5421646.0,D,22.0,Netherlands
Lesley Ugochukwu,1048916,Chelsea,38,england,2324,311,12,3,6.7,0,0,0,0.0,0.14,1,0,0.0,33,5,62.5,74,81,155,84.7,9,81.82,2,0,0,0,12,0,0,0,1,5,9,0,0,3,6,15,0,0,4,0,0.0,0,6,6,0,0,0,,19,59.38,0,0,0,28,1,3,0,0,2,0,0,0,0,0.0,0,0,0,0,35,0,0,0,0,0,0,0,0,0,0,0.0,0.0,0,0,0,0,0,3,75.0,0,14,10,71.43,3,4,4,0,28,65.12,8,90,93,183,60.3,0,0,224,2,2,0,52131.0,2710823.0,M,19.0,France
Justin Kluivert,851596,Bournemouth,60,england,2324,1942,32,26,6.7,7,1,8,6.17,1.63,9,6,20.69,144,12,52.17,207,75,276,72.44,12,34.29,23,0,0,0,88,1,7,22,0,10,32,0,0,30,22,165,0,0,52,0,12.5,0,23,20,3,7,0,,80,36.04,0,0,1,105,8,21,2,5,1,0,0,0,0,0.0,0,0,0,0,261,19,0,0,5,0,0,0,0,0,0,277.43,0.0,3,39,17,14,20,24,36.92,0,28,14,50.0,21,14,65,29,92,35.8,23,314,96,381,214.3,56,0,777,28,5,0,92678.0,4819241.0,F,24.0,Netherlands
Amari'i Bell,369674,Luton Town,72,england,2324,1722,21,21,6.7,0,0,0,0.26,0.45,32,1,7.69,121,29,31.52,267,362,628,79.59,21,48.84,22,0,0,0,98,0,1,0,1,55,20,0,0,5,13,77,1,0,22,0,0.0,4,41,40,1,0,0,,75,57.69,0,0,0,161,25,8,0,0,15,0,0,0,0,0.0,0,0,0,0,229,3,0,0,0,0,0,0,0,0,0,0.0,0.0,0,1,1,0,2,10,40.0,0,50,33,66.0,8,78,25,13,96,55.49,92,378,424,789,133.9,2,0,1111,16,0,0,11585.0,602405.0,D,29.0,Jamaica
Jason Steele,31867,Brighton & Hove Albion,30,england,2324,1530,17,17,6.69,0,0,0,0.0,0.01,46,0,0.0,3,80,45.98,17,484,501,83.22,1,100.0,0,0,0,0,147,0,0,0,2,10,17,0,0,0,3,3,0,1,0,0,0.0,54,34,28,6,0,0,-7.09,1,25.0,0,7,0,101,0,0,0,0,0,0,0,0,0,0.0,3,0,0,0,103,0,2,0,0,17,28,14,43,0,4,0.0,0.0,0,0,0,0,0,0,0.0,14,0,0,0.0,0,75,0,0,2,40.0,174,88,514,602,113.8,0,0,743,1,0,0,23169.0,1204810.0,K,33.0,England
Adam Smith,44566,Bournemouth,60,england,2324,2175,28,25,6.69,0,2,2,0.05,1.72,21,18,46.15,158,23,18.85,311,299,592,77.08,19,45.24,23,0,0,0,92,2,0,1,6,49,28,0,0,7,20,85,0,0,30,0,0.0,0,33,30,3,0,0,,62,50.0,0,0,0,176,21,17,0,1,11,0,0,0,2,0.0,0,0,0,0,272,3,0,0,0,0,0,0,0,0,0,0.0,0.0,0,0,2,1,0,4,33.33,0,37,23,62.16,17,59,12,39,81,48.8,122,450,357,768,187.4,2,0,1268,22,6,0,40547.0,2108418.0,D,32.0,England
André Gomes,235460,Everton,48,england,2324,503,12,3,6.69,1,0,1,0.3,0.55,10,3,11.54,63,18,64.29,133,86,216,83.4,1,10.0,9,0,0,0,34,0,0,2,1,3,12,0,0,6,10,49,0,1,17,0,12.5,0,7,6,1,1,0,,15,27.27,0,0,0,43,3,4,0,0,1,0,0,0,0,0.0,0,0,0,0,90,7,0,0,1,0,0,0,0,0,0,503.0,0.0,2,4,4,2,4,3,27.27,0,7,4,57.14,4,20,11,26,16,24.62,28,186,99,259,80.3,8,0,368,5,4,0,130105.0,6765473.0,M,30.0,Portugal
Kevin Schade,1006387,Brentford,50,england,2324,339,11,3,6.69,2,1,3,1.2,0.73,0,2,40.0,24,0,0.0,40,18,56,63.64,17,54.84,14,0,0,0,23,2,2,1,0,4,11,0,0,6,5,44,0,0,10,0,25.0,0,5,5,0,2,0,,11,26.83,0,0,1,32,1,4,0,2,0,0,0,0,0,0.0,0,0,0,0,69,5,0,0,2,0,0,0,0,0,0,169.5,0.0,0,6,2,3,4,2,16.67,0,3,1,33.33,4,0,12,5,28,38.89,1,73,20,88,73.6,8,0,159,6,0,0,11585.0,602405.0,F,22.0,Germany
Matt Ritchie,42699,Newcastle United,39,england,2324,153,13,0,6.69,1,0,1,0.96,0.09,1,0,0.0,26,0,0.0,44,26,70,81.4,0,0.0,3,0,0,0,5,0,1,0,0,5,9,0,0,1,2,9,0,0,2,0,16.67,0,5,5,0,1,0,,6,50.0,0,0,0,16,1,0,0,0,2,0,0,0,0,0.0,0,0,0,0,28,1,0,0,1,0,0,0,0,0,0,153.0,0.0,0,5,1,2,4,0,0.0,0,5,3,60.0,0,3,1,7,6,40.0,3,63,30,86,60.2,6,0,126,1,1,0,52131.0,2710823.0,M,34.0,Scotland
Saman Ghoddos,548050,Brentford,50,england,2324,792,19,7,6.69,1,0,1,0.3,1.05,12,11,26.19,97,14,28.0,168,124,281,76.36,4,25.0,12,0,0,0,39,1,0,1,0,9,18,0,0,4,14,51,0,0,13,0,11.11,0,20,18,2,0,1,,40,50.63,0,0,0,87,5,9,0,2,2,0,0,0,0,0.0,0,0,0,0,145,5,0,0,1,0,0,0,0,0,0,792.0,0.0,0,3,6,6,2,3,27.27,0,28,19,67.86,9,41,11,42,44,46.32,50,269,141,368,120.4,9,0,558,9,5,0,17377.0,903608.0,F,30.0,Iran
Radu Drăguşin,997103,Tottenham Hotspur,33,england,2324,449,9,4,6.69,0,0,0,0.14,0.03,4,0,0.0,14,6,35.29,74,251,325,88.08,9,60.0,6,0,0,0,21,0,1,0,1,18,9,0,0,1,0,14,0,0,6,0,0.0,9,7,7,0,0,0,,10,55.56,0,0,0,44,8,0,0,1,4,0,0,0,0,0.0,0,0,0,0,47,0,0,0,0,0,0,0,0,0,0,0.0,0.0,0,1,0,1,0,1,50.0,0,5,3,60.0,0,8,2,0,19,57.58,17,94,275,369,60.2,1,0,418,4,1,0,98470.0,5120444.0,D,21.0,Romania
Jack Robinson,98454,Sheffield United,15,england,2324,2885,34,31,6.69,1,1,2,1.23,0.95,50,4,33.33,108,72,36.55,273,554,823,77.28,70,60.87,45,0,0,0,135,1,2,4,1,127,34,0,0,5,14,85,0,2,19,0,7.14,0,83,73,10,1,0,,63,61.17,0,0,0,242,33,12,1,1,33,2,0,0,0,0.0,0,0,0,0,386,1,0,0,0,0,0,0,0,0,0,2885.0,0.0,0,13,1,4,6,5,62.5,0,43,28,65.12,12,110,8,12,133,61.01,197,443,634,1065,227.3,14,1,1609,16,10,0,28962.0,1506013.0,D,30.0,England
Ashley Young,10589,Everton,48,england,2324,2299,31,27,6.68,0,0,0,0.61,1.43,43,24,24.0,168,48,32.43,343,242,561,72.39,19,37.25,32,0,0,0,120,2,0,6,6,45,31,0,0,13,24,114,3,0,33,0,0.0,0,32,29,3,0,0,,89,52.05,0,0,0,214,22,21,0,1,6,1,0,0,1,0.0,0,0,0,1,372,9,0,1,0,0,0,0,0,0,0,0.0,0.0,3,5,8,5,2,12,50.0,0,53,38,71.7,21,118,24,100,108,48.65,148,571,304,775,207.1,13,0,1341,24,5,1,46339.0,2409620.0,D,38.0,England
Enes Ünal,336655,Bournemouth,60,england,2324,363,16,2,6.68,2,2,4,2.92,0.13,3,0,0.0,32,3,75.0,41,14,55,76.39,9,45.0,11,0,0,0,10,2,6,5,0,6,15,0,0,10,3,41,0,0,10,0,8.7,0,9,8,1,2,0,,16,34.78,1,0,0,17,1,5,0,6,2,0,0,0,0,0.0,0,0,0,0,53,3,0,0,1,0,0,0,0,0,0,181.5,0.0,2,18,5,7,11,2,20.0,0,6,4,66.67,5,5,10,3,25,37.88,4,58,17,72,100.2,23,0,166,9,1,0,17377.0,903608.0,F,26.0,Turkey
Odysseas Vlachodimos,138149,Nottingham Forest,14,england,2324,450,5,5,6.68,0,0,0,,0.0,7,0,0.0,1,33,50.77,20,101,121,79.08,0,0.0,0,0,0,0,35,0,0,0,1,5,5,0,0,0,1,1,0,0,0,0,0.0,44,12,11,1,0,0,-4.15,1,50.0,0,2,0,32,0,1,0,0,0,0,0,0,0,0.0,1,0,0,0,35,0,4,0,0,0,9,1,10,0,1,0.0,0.0,0,0,0,0,0,0,0.0,0,0,0,0.0,1,9,0,0,1,50.0,65,47,106,153,33.4,0,0,197,1,0,0,52131.0,2710823.0,K,29.0,Greece
Adam Lallana,17054,Brighton & Hove Albion,30,england,2324,860,25,13,6.68,0,1,1,0.83,1.96,4,2,28.57,164,3,60.0,274,177,449,89.98,3,37.5,5,0,0,0,22,2,0,3,0,1,24,0,0,18,4,44,0,0,8,0,0.0,0,13,11,2,0,0,,22,36.07,0,0,0,50,3,15,0,2,1,0,0,0,0,0.0,0,0,0,0,99,4,0,0,0,0,0,0,0,0,0,0.0,0.0,0,7,4,6,2,3,25.0,0,8,3,37.5,15,7,12,7,25,36.23,5,317,189,499,160.3,11,0,604,11,2,0,104262.0,5421646.0,F,35.0,England
Mahmoud Dahoud,341589,Brighton & Hove Albion,30,england,2324,454,9,6,6.68,0,1,1,0.21,0.41,7,1,33.33,44,10,47.62,104,180,283,87.08,0,0.0,5,0,0,0,26,2,0,2,0,4,9,0,1,5,6,25,0,0,6,0,0.0,0,5,1,4,0,0,,13,39.39,0,0,0,42,1,10,0,0,1,0,0,0,0,0.0,0,0,0,0,58,2,0,1,0,0,0,0,0,0,0,0.0,0.0,0,0,6,3,1,2,40.0,0,9,4,44.44,10,16,5,3,13,34.21,21,140,188,325,60.1,6,0,378,2,1,0,63716.0,3313228.0,M,27.0,Germany
Joel Ward,39183,Crystal Palace,7,england,2324,1990,26,23,6.68,0,1,1,0.87,0.25,27,3,13.64,129,38,29.92,277,334,608,75.72,46,48.42,49,0,0,0,94,0,1,3,4,84,25,0,0,3,17,94,0,1,22,0,0.0,0,34,32,2,0,0,,59,56.73,0,0,0,195,14,3,0,0,10,1,0,0,0,0.0,0,0,0,0,249,4,0,0,0,0,0,0,0,0,0,0.0,0.0,0,5,5,7,0,8,66.67,0,45,28,62.22,3,82,12,22,105,52.76,127,440,385,803,166.9,10,0,1196,6,4,0,40547.0,2108418.0,D,34.0,England
Séamus Coleman,76632,Everton,48,england,2324,670,12,7,6.68,0,0,0,,0.71,14,2,15.38,41,11,25.0,77,73,148,67.27,1,20.0,4,0,0,0,39,1,0,0,3,24,12,0,0,4,5,25,1,0,6,0,0.0,0,10,8,2,0,0,,28,57.14,0,0,0,72,7,3,0,0,4,1,0,0,0,0.0,0,0,0,0,117,1,0,0,0,0,0,0,0,0,0,0.0,0.0,0,0,0,0,0,6,46.15,0,17,14,82.35,3,41,13,13,29,53.7,44,137,96,220,80.1,0,0,410,5,0,0,63716.0,3313228.0,D,35.0,Ireland
Carney Chukwuemeka,994556,Chelsea,38,england,2324,223,9,2,6.67,1,1,2,0.15,0.3,4,0,0.0,48,1,33.33,78,37,115,86.47,1,25.0,3,0,0,0,11,0,0,1,0,1,7,0,0,4,2,22,0,0,3,0,33.33,0,5,5,0,1,0,,10,34.48,0,0,0,18,0,4,0,0,1,0,0,0,0,0.0,0,0,0,0,39,3,0,0,1,0,0,0,0,0,0,223.0,0.0,0,1,2,0,2,2,16.67,0,6,4,66.67,4,8,12,1,11,33.33,3,90,44,133,46.7,3,0,175,2,2,0,115847.0,6024051.0,M,20.0,England
Arnaut Danjuma,827064,Everton,48,england,2324,595,14,5,6.67,1,0,1,2.62,0.41,5,0,0.0,44,2,50.0,66,35,101,72.14,3,37.5,5,0,0,0,25,1,5,8,0,0,14,0,0,7,3,32,0,0,7,0,4.0,0,10,9,1,1,0,,19,41.3,0,0,2,39,3,6,1,3,0,0,0,0,0,0.0,0,0,0,0,78,8,0,0,0,0,0,0,0,0,0,595.0,0.0,1,17,8,8,9,8,42.11,0,6,4,66.67,6,11,19,10,22,40.74,4,108,42,140,93.4,25,0,243,5,0,0,60820.0,3162627.0,F,27.0,Netherlands
Carlos Vinícius,891920,Fulham,43,england,2324,320,13,2,6.67,2,0,2,1.6,0.1,0,0,0.0,14,0,0.0,27,19,46,75.41,4,26.67,11,0,0,0,9,1,0,0,0,1,13,0,0,7,4,32,0,0,4,0,22.22,0,5,3,2,2,0,,7,25.0,0,0,0,15,0,5,2,6,0,0,0,0,0,0.0,0,0,0,0,41,2,0,0,0,0,0,0,0,0,0,160.0,0.0,0,8,1,4,5,2,25.0,0,3,2,66.67,5,1,8,1,11,25.58,0,40,22,61,86.7,9,0,116,2,2,0,28962.0,1506013.0,F,28.0,Brazil
Matz Sels,78152,Nottingham Forest,14,england,2324,1440,16,16,6.67,0,0,0,,0.07,27,0,0.0,17,85,43.15,57,155,212,65.23,4,100.0,0,0,0,0,78,0,0,0,1,17,16,0,0,0,0,0,1,0,0,0,0.0,93,27,23,4,0,0,-9.68,2,100.0,0,11,0,113,0,1,0,0,0,0,0,0,0,0.0,1,0,0,0,115,0,6,0,0,3,24,12,38,0,10,0.0,0.0,0,0,0,0,0,0,0.0,3,0,0,0.0,1,45,0,0,6,100.0,197,153,172,325,106.7,0,0,449,3,1,0,40547.0,2108418.0,K,31.0,Belgium
Danny Ings,130181,West Ham United,37,england,2324,452,20,3,6.67,1,0,1,1.29,0.27,0,0,0.0,31,1,14.29,49,27,76,72.38,3,25.0,9,0,0,0,12,0,1,5,0,6,19,0,0,4,9,32,0,0,4,0,8.33,0,10,10,0,1,0,,18,43.9,0,0,1,29,3,5,0,1,1,0,0,0,0,0.0,0,0,0,1,51,4,0,0,1,0,0,0,0,0,0,452.0,0.0,0,11,1,3,4,6,50.0,0,6,2,33.33,5,5,12,1,21,39.62,7,75,31,105,126.7,12,0,183,6,1,0,144809.0,7530064.0,F,31.0,England
Lewis Dobbin,998832,Everton,48,england,2324,263,12,1,6.67,1,0,1,0.29,0.13,0,1,14.29,18,1,25.0,29,13,41,75.93,2,66.67,1,0,0,0,20,1,1,0,0,0,9,0,0,6,4,29,0,0,3,0,20.0,0,3,3,0,1,0,,21,42.86,0,0,0,13,1,4,1,0,1,0,0,0,0,0.0,0,0,0,0,56,4,0,0,0,0,0,0,0,0,0,263.0,0.0,0,3,2,3,2,6,28.57,0,9,7,77.78,4,1,21,7,23,44.23,4,42,19,54,60.0,5,0,142,6,1,0,9268.0,481924.0,F,21.0,England
Oliver Skipp,859901,Tottenham Hotspur,33,england,2324,736,21,5,6.67,0,0,0,0.69,0.53,12,1,100.0,92,14,73.68,201,142,342,91.69,4,28.57,10,0,0,0,36,0,1,3,0,6,21,0,0,6,7,32,0,0,8,0,0.0,0,17,17,0,0,0,,31,58.49,0,0,0,31,3,8,0,0,1,0,1,0,0,0.0,0,0,0,0,49,4,0,0,0,0,0,0,0,0,0,0.0,0.0,0,3,1,0,1,2,66.67,0,18,12,66.67,7,16,3,1,35,52.24,19,224,150,373,140.0,4,0,474,12,3,0,46339.0,2409620.0,M,23.0,England
Angelo Ogbonna,21164,West Ham United,37,england,2324,633,11,7,6.67,0,0,0,0.04,0.06,5,0,0.0,10,9,24.32,34,137,171,79.91,12,63.16,7,0,0,0,10,0,0,0,2,29,9,0,0,0,1,9,0,0,1,0,0.0,8,14,13,1,0,0,,15,88.24,0,0,0,43,3,0,0,0,10,0,0,0,0,0.0,0,0,0,0,43,0,0,0,0,0,0,0,0,0,0,0.0,0.0,0,1,0,1,0,1,100.0,0,11,5,45.45,0,16,1,0,27,75.0,37,66,148,214,60.0,1,0,281,3,1,0,81093.0,4216836.0,D,35.0,Italy
Luke Berry,97465,Luton Town,72,england,2324,380,17,2,6.66,2,1,3,1.01,0.15,3,1,12.5,15,3,30.0,34,29,62,69.66,7,46.67,8,0,0,0,8,0,0,2,0,1,17,0,0,4,1,18,0,0,6,0,25.0,0,8,8,0,2,0,,16,61.54,0,0,0,27,0,2,1,0,1,0,0,0,0,0.0,0,0,0,0,44,2,0,0,1,0,0,0,0,0,0,190.0,0.0,0,8,0,2,4,2,100.0,0,7,2,28.57,2,5,2,8,23,56.1,10,61,36,89,113.3,8,0,155,7,1,0,11585.0,602405.0,M,31.0,England
Reiss Nelson,826139,Arsenal,42,england,2324,276,15,1,6.66,0,0,0,0.21,0.44,1,3,21.43,45,2,66.67,82,42,121,95.28,0,0.0,5,0,0,0,22,1,0,2,0,5,14,0,0,4,2,22,0,0,5,0,0.0,0,1,1,0,0,0,,16,48.48,0,0,0,6,1,5,0,0,1,0,0,0,0,0.0,0,0,0,0,40,6,0,0,0,0,0,0,0,0,0,0.0,0.0,0,1,3,1,1,1,14.29,0,9,6,66.67,5,2,7,14,16,42.11,3,98,43,127,93.3,4,0,203,6,1,0,115847.0,6024051.0,F,24.0,England
Jordan Clark,150477,Luton Town,72,england,2324,1315,23,14,6.66,1,1,2,1.0,1.17,20,7,30.43,94,25,51.02,198,167,358,74.12,18,54.55,15,0,0,0,59,3,0,8,0,14,22,0,0,21,28,100,0,1,14,0,5.88,0,41,36,5,1,0,,68,44.44,0,0,0,125,11,12,0,5,3,0,0,0,0,0.0,0,0,0,0,216,5,0,0,1,0,0,0,0,0,0,1315.0,0.0,0,13,4,5,4,12,33.33,0,30,17,56.67,12,40,36,23,86,46.24,49,304,202,483,146.6,17,0,753,26,4,0,5792.0,301203.0,M,30.0,England
Nathan Patterson,1020141,Everton,48,england,2324,1012,20,9,6.66,0,2,2,0.33,1.04,19,7,21.88,87,27,42.86,171,134,298,73.04,7,41.18,10,0,0,0,60,3,1,2,2,28,19,0,0,6,23,66,0,0,18,0,0.0,0,21,19,2,0,0,,46,45.1,0,0,1,110,9,8,0,1,3,0,0,0,0,0.0,0,0,0,0,193,7,0,0,0,0,0,0,0,0,0,0.0,0.0,0,2,2,2,0,7,41.18,0,34,24,70.59,8,52,17,32,53,44.54,63,284,156,408,126.6,4,0,707,5,4,0,32437.0,1686734.0,D,22.0,Scotland
Kieffer Moore,298366,Bournemouth,60,england,2324,131,8,0,6.66,1,0,1,1.48,0.33,0,0,0.0,13,0,0.0,20,8,28,70.0,6,50.0,6,0,0,0,4,1,2,1,0,0,8,0,0,1,0,13,0,0,5,0,16.67,0,2,2,0,1,0,,3,30.0,1,0,0,12,0,2,0,0,0,0,0,0,0,0.0,0,0,0,0,19,0,0,0,0,0,0,0,0,0,0,131.0,0.0,0,5,1,3,2,1,50.0,0,0,0,0.0,2,0,2,2,9,40.91,0,32,10,40,53.3,6,0,56,2,0,0,17377.0,903608.0,F,31.0,Wales
Andrew Omobamidele,983066,Nottingham Forest,14,england,2324,782,11,8,6.66,0,0,0,0.14,0.03,3,0,0.0,16,13,50.0,71,199,270,87.38,8,44.44,10,0,0,0,21,0,0,1,0,42,10,0,0,0,3,19,1,0,6,0,0.0,0,15,14,1,0,0,,12,57.14,0,0,0,39,13,2,0,0,8,1,0,0,0,0.0,0,0,0,0,42,0,0,0,0,0,0,0,0,0,0,0.0,0.0,0,1,0,0,0,0,0.0,0,10,3,30.0,2,9,0,0,20,51.28,26,88,221,309,66.6,1,0,402,3,2,0,40547.0,2108418.0,D,21.0,Ireland
Diego Carlos,604232,Aston Villa,40,england,2324,1827,27,20,6.66,0,0,0,1.95,0.37,50,0,0.0,85,66,41.77,347,837,1184,88.42,22,44.0,28,0,0,0,78,0,2,2,5,78,27,0,0,4,8,66,1,2,26,0,0.0,6,36,30,6,0,0,,32,45.71,0,0,0,155,13,3,0,1,19,0,0,0,0,0.0,0,0,0,0,170,1,0,0,0,0,0,0,0,0,0,0.0,0.0,0,10,0,7,1,2,50.0,0,27,16,59.26,3,119,4,1,54,45.0,158,447,893,1339,179.8,10,0,1535,4,4,0,115847.0,6024051.0,D,30.0,Brazil
Yehor Yarmolyuk,1031258,Brentford,50,england,2324,716,27,6,6.66,0,0,0,1.0,0.6,10,1,7.14,82,9,50.0,132,87,218,77.3,9,47.37,10,0,0,0,50,0,2,3,0,5,26,0,0,10,10,47,0,0,12,0,0.0,0,9,8,1,0,0,,40,51.95,0,0,0,64,6,3,0,1,4,0,0,0,0,0.0,0,0,0,0,112,5,0,0,0,0,0,0,0,0,0,0.0,0.0,0,7,4,3,5,17,70.83,0,17,11,64.71,3,24,24,14,49,51.04,18,197,99,282,173.1,11,0,444,6,2,0,5792.0,301203.0,F,19.0,Ukraine
Alfie Gilchrist,1114837,Chelsea,38,england,2324,223,11,2,6.66,1,0,1,0.32,0.05,1,0,0.0,21,1,16.67,43,62,105,85.37,2,33.33,4,0,0,0,9,0,0,1,0,9,7,0,0,2,3,13,0,0,4,0,20.0,0,6,6,0,1,0,,5,35.71,0,0,0,18,3,0,0,0,3,0,0,0,0,0.0,0,0,0,0,24,1,0,0,1,0,0,0,0,0,0,223.0,0.0,0,4,1,3,1,1,100.0,0,4,0,0.0,0,3,1,1,7,35.0,6,55,69,123,46.6,5,0,179,0,1,0,,,,,
Mads Roerslev,826057,Brentford,50,england,2324,2009,34,22,6.66,1,2,3,0.95,1.41,15,24,38.71,101,22,29.33,222,219,417,68.93,15,35.71,27,0,0,0,82,3,1,2,4,61,34,0,0,15,27,94,0,0,10,0,14.29,0,40,38,2,1,0,,73,52.14,0,0,0,188,19,15,0,3,3,0,0,0,0,0.0,0,0,0,0,301,4,0,0,1,0,0,0,0,0,0,2009.0,0.0,0,5,2,4,1,11,42.31,0,48,31,64.58,15,56,26,62,88,48.35,75,371,296,605,226.3,7,0,1016,15,1,0,23169.0,1204810.0,D,24.0,Denmark
George Baldock,112928,Sheffield United,15,england,2324,970,13,11,6.65,0,1,1,0.02,0.59,14,4,22.22,53,13,27.66,103,136,235,73.67,15,53.57,13,0,0,0,44,1,0,0,0,30,13,0,0,9,9,54,0,0,19,0,0.0,0,21,20,1,0,0,,36,46.75,0,0,0,84,10,7,0,1,8,0,0,0,0,0.0,0,0,0,1,129,4,0,0,0,0,0,0,0,0,0,0.0,0.0,0,0,1,1,0,6,60.0,0,18,10,55.56,7,32,10,18,51,48.57,47,172,165,319,86.5,1,0,533,14,4,0,11585.0,602405.0,D,30.0,Greece
Jayden Bogle,929132,Sheffield United,15,england,2324,2792,34,32,6.65,3,0,3,2.29,1.15,20,10,25.0,132,34,31.78,272,276,538,69.69,50,63.29,29,0,0,0,139,0,1,10,1,86,34,0,0,27,35,155,0,0,38,0,9.38,0,79,70,9,3,0,,113,47.28,0,0,0,234,32,10,0,4,11,1,0,0,0,0.0,0,0,0,0,395,10,0,0,3,0,0,0,0,0,0,930.67,0.0,0,26,6,11,11,25,48.08,0,66,36,54.55,10,57,52,40,163,51.26,107,455,357,772,226.1,32,0,1455,22,9,0,23169.0,1204810.0,D,23.0,England
Luke Thomas,991584,Sheffield United,15,england,2324,918,12,11,6.65,0,0,0,0.53,0.18,10,4,30.77,56,8,30.77,110,96,202,73.45,10,40.0,15,0,0,0,39,0,1,2,0,22,12,0,0,5,6,40,0,0,10,0,0.0,0,29,25,4,0,0,,38,60.32,0,0,0,73,10,2,0,0,5,0,0,0,0,0.0,0,0,0,0,105,1,0,0,0,0,0,0,0,0,0,0.0,0.0,0,5,1,3,1,5,55.56,0,20,9,45.0,2,25,9,13,48,54.55,26,159,129,275,79.8,6,0,458,13,3,0,17377.0,903608.0,D,22.0,England
Joe Worrall,838399,Nottingham Forest,14,england,2324,439,7,5,6.65,0,0,0,0.12,0.31,6,0,0.0,8,12,48.0,35,101,136,84.47,12,54.55,10,0,0,0,18,0,0,0,1,31,6,0,1,0,3,16,0,1,3,0,0.0,0,8,5,3,0,0,,9,60.0,0,0,0,25,3,2,0,0,4,0,0,0,0,0.0,0,0,0,0,26,0,0,1,0,0,0,0,0,0,0,0.0,0.0,0,2,0,2,0,0,0.0,0,7,5,71.43,2,17,0,0,21,56.76,25,54,107,161,39.9,2,0,220,2,0,0,0.0,0.0,D,27.0,England
Tariq Lamptey,914691,Brighton & Hove Albion,30,england,2324,919,19,10,6.65,0,3,3,0.42,0.76,3,9,29.03,75,7,63.64,167,168,326,87.87,4,30.77,9,0,0,0,32,1,1,4,0,5,19,0,0,2,9,38,0,0,11,0,0.0,0,20,17,3,0,0,,45,60.81,0,0,0,45,6,10,0,3,3,0,0,0,1,0.0,0,0,0,0,108,3,0,0,0,0,0,0,0,0,0,0.0,0.0,0,3,3,2,0,6,42.86,0,21,14,66.67,10,9,14,31,49,56.32,11,215,187,371,126.3,6,0,575,18,3,0,40547.0,2108418.0,D,23.0,Ghana
Jakub Moder,886242,Brighton & Hove Albion,30,england,2324,639,17,6,6.65,0,0,0,0.56,0.83,4,0,0.0,53,3,27.27,99,138,237,82.01,3,37.5,5,0,0,0,40,2,1,4,0,12,17,0,0,6,9,33,0,0,8,0,0.0,0,13,12,1,0,0,,30,51.72,0,0,0,52,2,5,0,2,2,0,0,0,0,0.0,0,0,0,0,84,3,0,0,0,0,0,0,0,0,0,0.0,0.0,1,7,4,4,3,6,54.55,0,19,10,52.63,5,12,11,6,33,50.0,11,140,155,289,113.0,11,0,407,5,2,0,11585.0,602405.0,M,24.0,Poland
Aaron Hickey,966869,Brentford,50,england,2324,720,9,9,6.64,0,0,0,0.21,0.14,8,0,0.0,33,9,64.29,86,139,225,89.29,2,18.18,9,0,0,0,42,0,0,2,0,10,9,0,0,5,0,29,0,0,10,0,0.0,0,12,11,1,0,0,,36,64.29,0,0,0,27,3,1,0,0,3,0,0,0,0,0.0,0,0,0,0,60,6,0,0,0,0,0,0,0,0,0,0.0,0.0,0,1,6,4,1,5,50.0,0,16,9,56.25,1,15,10,5,38,56.72,14,108,149,252,59.8,7,0,381,16,5,0,81093.0,4216836.0,D,21.0,Scotland
James McAtee,1003334,Sheffield United,15,england,2324,1843,31,20,6.64,3,3,6,3.07,2.14,13,9,25.0,157,7,28.0,232,129,352,71.98,12,27.91,31,0,0,0,96,4,2,8,0,15,30,0,0,40,20,156,0,0,15,0,11.54,0,66,57,9,3,0,,92,42.4,0,0,0,137,11,28,2,1,0,0,0,1,0,100.0,0,1,0,0,315,14,0,0,1,0,0,0,0,0,0,614.33,0.0,2,17,9,9,9,33,38.82,0,32,21,65.63,28,34,85,36,104,40.0,25,373,152,489,199.2,26,0,883,29,2,0,17377.0,903608.0,M,21.0,England
Lorenz Assignon,1009334,Burnley,6,england,2324,1237,15,15,6.64,1,2,3,0.4,1.58,9,5,17.24,81,3,15.79,161,110,266,75.57,13,43.33,17,0,0,0,67,3,0,4,0,41,15,0,0,13,13,93,0,1,33,0,11.11,0,30,27,3,1,0,,64,45.71,0,0,0,86,19,13,0,1,7,0,0,0,2,0.0,0,0,0,0,194,4,0,1,1,0,0,0,0,0,0,1237.0,0.0,0,4,5,1,4,13,43.33,0,35,17,48.57,13,21,30,29,77,45.29,19,235,146,352,99.6,9,1,726,16,3,1,11585.0,602405.0,D,23.0,France
Divock Origi,190399,Nottingham Forest,14,england,2324,607,20,6,6.64,0,1,1,1.4,0.83,8,3,23.08,40,5,62.5,62,30,89,67.94,11,39.29,17,0,0,0,16,5,4,4,0,2,20,0,0,10,0,53,0,0,14,0,0.0,0,6,6,0,0,0,,23,38.98,0,0,0,42,2,7,0,5,0,0,0,0,0,0.0,0,0,0,0,93,2,0,0,0,0,0,0,0,0,0,0.0,0.0,0,8,6,6,4,9,42.86,0,6,4,66.67,7,10,21,13,34,39.08,8,106,38,131,132.8,14,0,250,8,1,0,139017.0,7228861.0,F,28.0,Belgium
Hjalmar Ekdal,875360,Burnley,6,england,2324,441,8,5,6.64,0,0,0,0.07,0.03,6,0,0.0,15,6,37.5,64,127,191,88.02,4,30.77,9,0,0,0,26,0,0,0,0,21,8,0,0,1,2,21,0,0,8,0,0.0,0,8,6,2,0,0,,8,40.0,0,0,0,26,6,1,0,0,5,0,0,0,0,0.0,0,0,0,0,30,0,0,0,0,0,0,0,0,0,0,0.0,0.0,0,1,1,1,1,2,66.67,0,4,2,50.0,1,12,3,0,12,36.36,16,78,139,217,53.1,2,0,275,2,2,0,23169.0,1204810.0,D,25.0,Sweden
Sofyan Amrabat,359272,Manchester United,35,england,2324,944,21,10,6.64,0,0,0,0.07,0.38,28,1,14.29,131,35,79.55,294,275,568,88.06,5,45.45,6,0,0,0,60,0,0,1,1,19,19,0,0,11,14,56,1,1,24,0,0.0,0,15,14,1,0,0,,43,46.24,0,0,1,77,8,6,0,0,7,0,0,0,0,0.0,0,0,0,0,108,5,0,0,0,0,0,0,0,0,0,0.0,0.0,0,0,3,2,0,6,75.0,0,27,16,59.26,6,43,8,7,48,46.15,44,347,305,645,126.1,3,0,805,10,6,0,75301.0,3915633.0,M,27.0,Morocco
Cédric Soares,44760,Arsenal,42,england,2324,59,3,0,6.63,0,0,0,,0.02,4,0,0.0,10,4,80.0,19,35,54,91.53,0,0.0,1,0,0,0,3,0,0,0,0,0,3,0,0,0,0,1,0,0,0,0,0.0,0,0,0,0,0,0,,1,100.0,0,0,0,5,0,0,0,0,0,0,0,0,0,0.0,0,0,0,0,9,0,0,0,0,0,0,0,0,0,0,0.0,0.0,0,0,0,0,0,0,0.0,0,0,0,0.0,0,5,0,4,1,50.0,5,27,36,59,19.9,0,0,70,1,0,0,86885.0,4518038.0,D,32.0,Portugal
Cesare Casadei,1016788,Chelsea,38,england,2324,102,11,0,6.63,0,0,0,,0.08,0,0,0.0,9,2,66.67,21,32,53,81.54,12,70.59,5,0,0,0,1,0,0,0,0,4,9,0,0,0,3,11,0,0,4,0,0.0,0,3,3,0,0,0,,8,57.14,0,0,0,12,0,2,0,0,0,0,0,0,0,0.0,0,0,0,0,15,0,0,0,0,0,0,0,0,0,0,0.0,0.0,0,0,0,0,0,2,100.0,0,5,3,60.0,2,0,2,0,20,64.52,3,31,34,65,59.7,0,0,84,1,0,0,8689.0,451804.0,M,21.0,Italy
Hamed Junior Traorè,892924,Bournemouth,60,england,2324,51,3,0,6.63,0,0,0,0.18,0.01,0,0,0.0,5,0,0.0,12,6,18,75.0,1,50.0,1,0,0,0,4,0,0,1,0,0,3,0,0,1,2,8,0,0,0,0,0.0,0,1,1,0,0,0,,5,41.67,0,0,0,6,0,1,0,0,0,0,0,0,0,0.0,0,0,0,0,16,1,0,0,0,0,0,0,0,0,0,0.0,0.0,0,1,2,0,2,4,50.0,0,1,0,0.0,1,1,8,3,6,42.86,0,20,7,24,19.9,3,0,46,0,0,0,0.0,0.0,F,23.0,Cote d'Ivoire
Jaïro Riedewald,285989,Crystal Palace,7,england,2324,241,9,2,6.63,0,0,0,0.02,0.07,0,0,0.0,22,4,44.44,49,38,87,80.56,3,60.0,2,0,0,0,14,0,0,0,0,2,9,0,0,2,3,11,0,0,3,0,0.0,0,3,3,0,0,0,,12,57.14,0,0,0,21,2,0,0,0,0,0,0,0,0,0.0,0,0,0,0,35,5,0,0,0,0,0,0,0,0,0,0.0,0.0,0,1,0,1,0,1,33.33,0,9,3,33.33,0,3,3,3,15,57.69,9,66,45,108,59.7,1,0,144,2,0,0,63716.0,3313228.0,M,27.0,Netherlands
Aaron Ramsdale,839410,Arsenal,42,england,2324,540,6,6,6.63,0,0,0,0.0,0.01,12,0,0.0,6,23,29.49,21,82,103,65.19,0,0.0,0,0,0,0,53,0,0,0,2,3,6,0,0,0,0,0,1,1,0,0,0.0,19,5,4,1,0,0,-1.35,1,100.0,0,7,0,55,0,0,0,0,0,0,0,0,0,0.0,0,0,0,0,58,0,0,0,0,3,6,3,9,0,0,0.0,0.0,0,0,0,0,0,0,0.0,3,0,0,0.0,0,30,0,0,1,100.0,78,68,90,158,39.8,0,0,210,1,0,0,139017.0,7228861.0,K,25.0,England
Youssef Chermiti,1145627,Everton,48,england,2324,230,18,1,6.63,0,0,0,0.72,0.29,2,0,0.0,17,1,100.0,29,6,35,60.34,15,44.12,19,0,0,0,9,2,1,2,0,2,13,0,0,6,4,47,0,0,11,0,0.0,0,4,4,0,0,0,,10,26.32,0,0,0,23,1,4,0,6,1,0,0,0,0,0.0,0,0,0,0,51,4,0,0,0,0,0,0,0,0,0,0.0,0.0,0,6,1,3,2,3,30.0,0,3,2,66.67,4,3,10,0,25,34.72,1,46,12,58,86.2,7,0,121,4,3,0,34754.0,1807215.0,F,19.0,Portugal
Jay Rodriguez,26989,Burnley,6,england,2324,831,21,7,6.63,2,1,3,3.49,0.1,12,0,0.0,44,6,24.0,85,57,142,66.05,22,35.48,40,0,0,0,25,0,6,6,0,7,20,0,0,5,6,69,0,0,18,0,9.09,0,18,17,1,2,0,,25,46.3,1,0,1,73,1,4,0,7,1,0,0,1,0,100.0,0,1,0,0,102,3,0,0,1,0,0,0,0,0,0,415.5,0.0,0,17,5,8,8,6,66.67,0,14,9,64.29,4,23,9,1,47,40.52,25,140,76,215,132.6,22,0,332,6,0,0,46339.0,2409620.0,F,34.0,England
Bryan Gil,910026,Tottenham Hotspur,33,england,2324,236,11,2,6.63,0,0,0,0.75,0.25,0,2,18.18,55,0,0.0,79,46,123,85.42,0,0.0,3,0,0,0,16,0,1,0,0,4,11,0,0,7,3,18,0,0,2,0,0.0,0,11,11,0,0,0,,12,44.44,0,0,1,21,3,4,0,1,0,0,0,0,0,0.0,0,0,0,0,50,4,0,0,0,0,0,0,0,0,0,0.0,0.0,0,3,1,3,1,8,72.73,0,1,0,0.0,4,0,11,11,12,40.0,0,105,50,144,72.9,4,0,207,3,0,0,46339.0,2409620.0,F,22.0,Spain
Yasser Larouci,927360,Sheffield United,15,england,2324,533,11,6,6.63,0,0,0,0.23,0.05,4,0,0.0,28,2,11.76,56,63,119,72.12,1,20.0,4,0,0,0,34,1,0,2,0,20,11,0,0,5,4,25,0,1,5,0,0.0,0,11,11,0,0,0,,32,60.38,0,0,0,46,7,2,0,1,1,0,0,0,0,0.0,0,0,0,0,68,2,0,0,0,0,0,0,0,0,0,0.0,0.0,0,4,2,3,1,10,58.82,0,17,9,52.94,2,9,17,6,33,56.9,17,90,81,165,72.9,6,0,284,5,1,0,11585.0,602405.0,D,23.0,Algeria
Omari Forson,1153434,Manchester United,35,england,2324,87,4,1,6.63,0,1,1,0.03,0.02,1,0,0.0,9,0,0.0,21,9,30,90.91,0,0.0,2,0,0,0,2,1,0,1,0,0,4,0,0,0,0,4,0,0,1,0,0.0,0,2,2,0,0,0,,3,60.0,0,0,0,3,0,2,0,0,0,0,0,0,0,0.0,0,0,0,0,5,0,0,0,0,0,0,0,0,0,0,0.0,0.0,0,0,1,0,0,1,50.0,0,2,0,0.0,2,1,2,0,3,42.86,0,22,11,33,26.5,1,0,40,0,0,0,,,,,
Santiago Bueno,846308,Wolverhampton,3,england,2324,820,12,9,6.63,0,0,0,,0.03,5,0,0.0,26,14,37.84,92,333,425,89.29,16,38.1,26,0,0,0,30,0,0,0,0,33,12,0,0,2,6,44,0,0,10,0,0.0,3,18,16,2,0,0,,18,50.0,0,0,0,51,6,2,0,0,12,0,0,0,0,0.0,0,0,0,0,57,0,0,0,0,0,0,0,0,0,0,0.0,0.0,0,0,0,0,0,1,100.0,0,13,7,53.85,2,18,1,2,34,43.59,37,127,351,476,79.5,0,0,579,5,1,0,46339.0,2409620.0,D,25.0,Uruguay
Valentín Barco,1127057,Brighton & Hove Albion,30,england,2324,308,6,3,6.63,0,0,0,0.19,0.38,6,3,10.0,40,3,30.0,77,87,161,86.1,1,12.5,7,0,0,0,16,0,1,2,0,2,4,0,0,4,2,23,1,0,7,0,0.0,0,9,8,1,0,0,,23,58.97,0,0,0,26,4,4,0,0,0,0,0,0,0,0.0,0,0,0,0,67,2,0,0,0,0,0,0,0,0,0,0.0,0.0,0,2,2,0,2,5,55.56,0,11,5,45.45,4,15,9,30,24,51.06,10,122,95,187,26.5,4,0,290,7,1,0,28962.0,1506013.0,D,19.0,Argentina
Chris Basham,33854,Sheffield United,15,england,2324,318,8,3,6.63,0,0,0,0.13,0.08,3,0,0.0,18,4,36.36,38,55,93,76.23,8,50.0,8,0,0,0,16,0,1,0,0,17,8,0,0,2,7,21,0,0,3,0,0.0,0,6,6,0,0,0,,12,48.0,0,0,0,29,5,2,0,2,4,0,0,0,0,0.0,0,0,0,0,40,1,0,0,0,0,0,0,0,0,0,0.0,0.0,0,2,0,2,0,3,75.0,0,7,2,28.57,2,9,4,4,20,48.78,11,54,72,122,53.0,2,0,194,3,1,0,17377.0,903608.0,D,35.0,England
Armando Broja,996985,Fulham,43,england,2324,579,21,6,6.61,1,1,2,2.07,0.31,0,0,0.0,61,1,50.0,74,28,102,85.71,10,29.41,24,0,0,0,16,1,2,4,0,3,21,0,0,18,1,70,0,0,9,0,7.69,0,9,8,1,1,0,,29,38.67,0,0,1,17,0,4,0,6,1,0,0,0,0,0.0,0,0,0,1,80,6,0,0,1,0,0,0,0,0,0,579.0,0.0,0,13,0,7,2,15,42.86,0,3,0,0.0,4,0,35,2,39,35.78,2,91,30,119,138.9,13,0,252,11,0,0,46339.0,2409620.0,F,22.0,Albania
Nathan Fraser,1166679,Wolverhampton,3,england,2324,210,7,1,6.61,0,0,0,0.32,0.06,0,0,0.0,9,0,0.0,21,12,33,78.57,3,25.0,9,0,0,0,8,0,1,0,0,2,7,0,0,2,2,18,0,0,5,0,0.0,0,3,3,0,0,0,,8,47.06,0,0,0,9,1,2,0,0,1,0,0,0,0,0.0,0,0,0,0,15,1,0,0,0,0,0,0,0,0,0,0.0,0.0,0,2,1,1,2,0,0.0,0,5,2,40.0,2,0,0,0,11,37.93,0,27,15,42,46.3,3,0,70,3,1,0,,,,,
Matheus França,1116593,Crystal Palace,7,england,2324,238,10,1,6.61,0,1,1,0.36,0.46,2,3,21.43,17,3,60.0,31,20,48,73.85,1,16.67,5,0,0,0,17,1,0,2,0,1,10,0,0,7,6,33,0,0,6,0,0.0,0,7,6,1,0,0,,9,24.32,0,0,0,17,1,6,0,2,0,0,0,0,0,0.0,0,0,0,1,48,2,0,0,0,0,0,0,0,0,0,0.0,0.0,0,2,6,4,2,4,30.77,0,3,3,100.0,6,4,13,14,10,23.26,5,51,28,65,66.1,8,0,131,2,1,0,46339.0,2409620.0,F,19.0,Brazil
Alejo Véliz,1116987,Tottenham Hotspur,33,england,2324,70,8,0,6.6,1,0,1,0.24,0.01,0,0,0.0,2,0,0.0,3,2,5,50.0,1,33.33,2,0,0,0,0,0,0,1,0,0,6,0,0,2,0,5,0,0,0,0,50.0,0,2,2,0,1,0,,3,50.0,0,0,0,5,0,0,0,3,0,0,0,0,0,0.0,0,0,0,0,10,0,0,0,1,0,0,0,0,0,0,70.0,0.0,0,2,0,0,1,1,50.0,0,1,0,0.0,0,0,2,0,4,44.44,0,7,3,10,39.6,2,0,22,1,1,0,28962.0,1506013.0,F,19.0,Argentina
Roméo Lavia,1069488,Chelsea,38,england,2324,32,1,0,6.6,0,0,0,,0.01,0,0,0.0,6,0,0.0,17,5,22,81.48,0,0.0,0,0,0,0,0,0,0,0,0,1,1,0,0,0,0,1,0,0,1,0,0.0,0,0,0,0,0,0,,2,66.67,0,0,0,5,0,0,0,0,0,0,0,0,0,0.0,0,0,0,0,5,0,0,0,0,0,0,0,0,0,0,0.0,0.0,0,0,0,0,0,0,0.0,0,1,0,0.0,0,1,0,0,2,66.67,1,21,6,27,6.6,0,0,31,1,0,0,52131.0,2710823.0,M,20.0,Belgium
Enso González,1402232,Wolverhampton,3,england,2324,8,1,0,6.6,0,0,0,,0.0,0,0,0.0,1,0,0.0,4,2,6,100.0,0,0.0,0,0,0,0,0,0,0,0,0,0,1,0,0,0,1,1,0,0,0,0,0.0,0,0,0,0,0,0,,1,50.0,0,0,0,0,0,0,0,0,0,0,0,0,0,0.0,0,0,0,0,1,0,0,0,0,0,0,0,0,0,0,0.0,0.0,0,0,0,0,0,0,0.0,0,0,0,0.0,0,0,0,0,1,50.0,0,4,2,6,6.6,0,0,8,1,0,0,23169.0,1204810.0,F,19.0,Paraguay
Owen Beck,979114,Liverpool,44,england,2324,16,1,0,6.6,0,0,0,,0.0,0,0,0.0,1,0,0.0,2,1,3,75.0,0,0.0,0,0,0,0,0,0,0,0,0,0,1,0,0,0,0,1,0,0,0,0,0.0,0,0,0,0,0,0,,2,66.67,0,0,0,1,0,0,0,0,0,0,0,0,0,0.0,0,0,0,0,3,0,0,0,0,0,0,0,0,0,0,0.0,0.0,0,0,0,0,0,0,0.0,0,2,1,50.0,0,0,1,0,2,66.67,0,3,1,4,6.6,0,0,10,0,0,0,,,,,
Jonny Otto,235648,Wolverhampton,3,england,2324,11,1,0,6.6,0,0,0,,,0,0,0.0,0,0,0.0,0,0,0,0.0,0,0.0,0,0,0,0,0,0,0,0,0,0,1,0,0,0,1,1,0,0,0,0,0.0,0,0,0,0,0,0,,0,0.0,0,0,0,0,0,0,0,0,1,0,0,0,0,0.0,0,0,0,0,0,0,0,0,0,0,0,0,0,0,0,0.0,0.0,0,0,0,0,0,0,0.0,0,0,0,0.0,0,0,0,0,0,0.0,0,0,0,0,6.6,0,0,2,0,0,0,40547.0,2108418.0,D,29.0,Spain
Alex Murphy,1125214,Newcastle United,39,england,2324,16,2,0,6.6,0,0,0,,0.0,0,0,0.0,2,0,0.0,10,7,17,100.0,0,0.0,0,0,0,0,2,0,0,0,0,0,2,0,0,0,1,3,0,0,2,0,0.0,0,0,0,0,0,0,,1,25.0,0,0,0,0,1,0,0,0,0,0,0,0,0,0.0,0,0,0,0,1,0,0,0,0,0,0,0,0,0,0,0.0,0.0,0,0,0,0,0,0,0.0,0,1,1,100.0,0,0,0,0,1,25.0,0,10,7,17,13.2,0,0,21,0,0,0,,,,,
Han-Noah Massengo,927340,Burnley,6,england,2324,20,3,0,6.6,0,0,0,,0.0,0,0,0.0,1,0,0.0,1,4,5,55.56,0,0.0,1,0,0,0,1,0,0,0,0,0,2,0,0,0,0,1,0,0,0,0,0.0,0,0,0,0,0,0,,1,100.0,0,0,0,4,0,0,0,0,0,0,0,0,0,0.0,0,0,0,0,8,0,0,0,0,0,0,0,0,0,0,0.0,0.0,0,0,0,0,0,0,0.0,0,1,1,100.0,0,0,0,2,1,50.0,1,6,5,9,13.2,0,0,16,0,0,0,17377.0,903608.0,M,22.0,France
Ryan Giles,931304,Luton Town,72,england,2324,519,11,5,6.6,0,0,0,0.1,0.62,4,12,24.49,34,2,11.76,65,41,94,73.44,3,100.0,0,0,0,0,21,0,0,0,0,20,11,0,0,1,5,11,0,0,2,0,0.0,0,14,14,0,0,0,,14,56.0,0,0,0,34,4,5,0,0,0,0,0,0,0,0.0,0,0,0,0,89,2,0,0,0,0,0,0,0,0,0,0.0,0.0,0,2,0,0,2,4,57.14,0,8,6,75.0,5,14,7,49,17,60.71,17,125,52,128,72.6,2,0,278,2,0,0,40547.0,2108418.0,D,23.0,England
Manuel Benson,552632,Burnley,6,england,2324,133,8,1,6.6,0,0,0,0.06,0.2,0,2,22.22,21,0,0.0,34,12,44,93.62,0,0.0,4,0,0,0,6,0,0,0,0,0,8,0,0,4,0,15,0,0,1,0,0.0,0,5,5,0,0,0,,11,50.0,0,0,0,3,0,1,0,0,0,0,0,0,0,0.0,0,0,0,0,27,1,0,0,0,0,0,0,0,0,0,0.0,0.0,0,1,3,2,2,4,40.0,0,3,2,66.67,1,0,10,9,11,42.31,0,44,12,47,52.8,4,0,92,4,0,0,,,,,
Tyrone Mings,303638,Aston Villa,40,england,2324,31,1,1,6.6,0,0,0,0.01,0.16,1,0,0.0,1,1,100.0,1,4,5,100.0,1,100.0,0,0,0,0,2,0,0,1,0,1,1,0,0,0,0,0,0,0,0,0,0.0,0,2,2,0,0,0,,0,0.0,0,0,0,0,1,1,0,0,0,0,0,0,0,0.0,0,0,0,0,1,0,0,0,0,0,0,0,0,0,0,0.0,0.0,0,1,0,0,0,0,0.0,0,0,0,0.0,1,1,0,0,1,100.0,1,1,4,5,6.6,1,0,9,0,0,0,115847.0,6024051.0,D,30.0,England
Jadon Sancho,851100,Manchester United,35,england,2324,76,3,0,6.6,0,0,0,0.0,0.07,2,0,0.0,19,0,0.0,22,12,34,82.93,0,0.0,3,0,0,0,10,0,0,0,0,0,3,0,0,2,2,10,0,0,0,0,0.0,0,1,1,0,0,0,,6,46.15,0,0,0,7,1,1,0,1,0,0,0,0,0,0.0,0,0,0,0,15,1,0,0,0,0,0,0,0,0,0,0.0,0.0,0,0,0,0,0,3,50.0,0,1,0,0.0,1,2,6,1,6,37.5,1,28,14,41,19.8,0,0,59,2,0,0,225902.0,11746900.0,F,23.0,England
Auston Trusty,822459,Sheffield United,15,england,2324,2604,32,28,6.6,0,0,0,0.38,0.78,21,2,40.0,59,36,37.11,182,486,666,79.0,63,55.26,51,0,0,0,89,3,1,1,1,145,32,0,0,4,22,104,1,2,23,0,0.0,1,81,71,10,0,0,,64,54.7,0,0,1,177,35,8,0,3,22,0,0,0,1,0.0,0,0,0,0,245,2,0,0,0,0,0,0,0,0,0,0.0,0.0,0,7,1,5,2,6,54.55,0,47,30,63.83,8,50,11,5,127,54.98,97,290,558,843,211.1,8,0,1299,13,4,0,28962.0,1506013.0,D,25.0,United States
Luca Koleosho,1216282,Burnley,6,england,2324,984,15,13,6.59,1,1,2,1.97,1.07,3,2,8.7,87,1,16.67,138,51,187,76.02,2,6.9,27,0,0,0,46,2,3,6,0,0,15,0,0,14,8,106,0,0,18,0,4.35,0,23,15,8,1,0,,53,40.15,0,0,1,59,2,11,0,8,0,0,0,0,0,0.0,0,0,0,1,164,14,0,0,1,0,0,0,0,0,0,984.0,0.0,0,14,9,12,5,33,45.83,0,7,4,57.14,11,5,72,23,55,34.16,6,208,61,246,98.9,23,0,471,13,0,0,11585.0,602405.0,F,19.0,Italy
Cheikhou Kouyaté,45944,Nottingham Forest,14,england,2324,238,12,2,6.59,0,0,0,0.29,0.04,1,0,0.0,12,0,0.0,24,23,47,64.38,10,50.0,10,0,0,0,14,0,1,0,0,9,10,0,0,3,3,21,0,0,6,0,0.0,0,6,6,0,0,0,,11,50.0,0,0,0,26,2,1,0,0,1,0,0,0,0,0.0,0,0,0,0,34,1,0,0,0,0,0,0,0,0,0,0.0,0.0,0,2,3,4,1,1,50.0,0,8,5,62.5,1,4,2,0,21,50.0,3,45,28,73,65.9,5,0,116,2,2,0,52131.0,2710823.0,M,34.0,Senegal
Vitinho,914477,Burnley,6,england,2324,2323,32,26,6.59,0,2,2,1.61,1.16,22,5,8.93,169,26,42.62,323,265,583,77.12,20,47.62,22,0,0,0,109,1,2,12,2,43,32,0,0,26,43,143,1,3,27,0,0.0,0,44,40,4,0,0,,116,48.95,0,0,0,173,12,11,0,6,6,0,0,0,2,0.0,0,0,0,1,368,10,0,0,0,0,0,0,0,0,0,0.0,0.0,0,17,8,9,4,25,50.0,0,64,34,53.13,11,38,50,56,136,48.75,61,485,327,756,210.8,25,0,1382,28,1,0,28962.0,1506013.0,D,24.0,Brazil
Mike Trésor,826183,Burnley,6,england,2324,436,16,3,6.59,0,0,0,0.46,0.54,0,5,15.63,50,0,0.0,76,42,113,77.4,1,10.0,9,0,0,0,28,1,1,1,0,1,15,0,0,6,10,36,0,0,0,0,0.0,0,10,8,2,0,0,,24,47.06,0,0,0,33,1,7,0,2,0,0,0,0,0,0.0,0,0,0,0,87,0,0,0,0,0,0,0,0,0,0,0.0,0.0,1,3,2,4,0,11,50.0,0,10,6,60.0,7,1,22,32,25,40.98,2,124,54,146,98.8,5,0,258,3,0,0,11585.0,602405.0,F,24.0,Belgium
Felipe,242211,Nottingham Forest,14,england,2324,373,7,4,6.59,0,0,0,0.13,0.04,7,0,0.0,15,13,48.15,57,125,182,85.45,14,70.0,6,0,0,0,20,0,0,2,1,11,7,0,0,1,3,21,0,0,10,0,0.0,0,10,10,0,0,0,,15,50.0,0,0,1,31,4,2,0,0,1,0,0,0,0,0.0,0,0,0,0,37,0,0,0,0,0,0,0,0,0,0,0.0,0.0,0,2,1,1,0,1,50.0,0,12,9,75.0,2,12,2,0,29,58.0,27,70,143,213,46.1,3,0,264,2,4,0,92678.0,4819241.0,D,34.0,Brazil
Fodé Ballo-Touré,788170,Fulham,43,england,2324,80,6,0,6.58,0,0,0,,0.01,1,0,0.0,6,3,75.0,10,33,43,78.18,0,0.0,2,0,0,0,6,0,0,0,0,2,6,0,0,0,1,9,0,0,4,0,0.0,0,1,0,1,0,0,,9,56.25,0,0,0,12,3,0,0,0,0,0,0,0,0,0.0,0,0,0,0,26,0,0,0,0,0,0,0,0,0,0,0.0,0.0,0,0,0,0,0,3,60.0,0,4,2,50.0,0,2,5,4,9,50.0,4,22,37,55,39.5,0,0,98,2,1,0,37650.0,1957817.0,D,27.0,Senegal
Ben Osborn,282665,Sheffield United,15,england,2324,1369,24,14,6.58,0,2,2,0.23,0.91,23,10,21.28,125,23,35.94,214,189,393,77.67,6,21.43,22,0,0,0,80,1,0,3,0,26,23,0,0,10,9,55,0,0,8,0,0.0,0,39,37,2,0,0,,38,53.52,0,0,0,113,8,13,0,1,2,1,0,0,0,0.0,0,0,0,0,193,9,0,0,0,0,0,0,0,0,0,0.0,0.0,0,1,3,1,0,7,50.0,0,22,9,40.91,13,54,14,47,44,44.44,64,331,222,506,151.4,4,0,762,9,3,0,23169.0,1204810.0,M,29.0,England
Calum Chambers,227942,Aston Villa,40,england,2324,159,5,1,6.58,0,1,1,,0.01,4,0,0.0,7,4,57.14,23,77,100,88.5,1,50.0,1,0,0,0,8,0,0,0,0,4,5,0,0,1,1,6,0,0,3,0,0.0,0,6,4,2,0,0,,5,50.0,0,0,0,13,2,1,0,0,1,0,0,0,0,0.0,0,0,0,0,14,1,0,0,0,0,0,0,0,0,0,0.0,0.0,0,0,0,0,0,1,100.0,0,3,0,0.0,1,6,1,0,6,50.0,7,32,81,113,32.9,0,0,132,1,1,0,57924.0,3012026.0,D,29.0,England
Aaron Cresswell,43443,West Ham United,37,england,2324,453,11,4,6.58,0,0,0,,0.34,15,4,36.36,40,14,41.18,90,120,206,83.4,6,66.67,3,0,0,0,18,1,0,0,0,7,10,0,0,2,1,7,0,0,2,0,0.0,0,11,8,3,0,0,,6,60.0,0,0,0,41,3,5,0,1,3,0,0,0,0,0.0,0,0,0,0,57,2,0,0,0,0,0,0,0,0,0,0.0,0.0,0,0,0,0,0,0,0.0,0,3,2,66.67,5,28,1,11,12,63.16,34,127,131,247,65.8,0,0,335,3,1,0,57924.0,3012026.0,D,34.0,England
Nathan Redmond,115346,Burnley,6,england,2324,145,12,0,6.58,0,0,0,0.03,0.37,0,1,33.33,28,3,42.86,36,12,47,69.12,1,50.0,1,0,0,0,6,1,0,0,0,3,10,0,0,2,3,12,0,0,4,0,0.0,0,5,4,1,0,0,,8,42.11,0,0,1,21,0,4,0,2,0,0,0,0,0,0.0,0,0,0,0,32,0,0,0,0,0,0,0,0,0,0,0.0,0.0,0,0,0,0,0,4,66.67,0,2,1,50.0,4,6,6,3,9,42.86,7,59,12,68,65.8,0,0,95,2,1,0,40547.0,2108418.0,F,29.0,England
Hugo Bueno,1013928,Wolverhampton,3,england,2324,793,22,7,6.58,0,0,0,0.28,0.7,3,10,34.48,47,4,20.0,129,147,266,80.61,9,42.86,12,0,0,0,37,2,0,4,0,20,22,0,0,14,7,50,0,0,7,0,0.0,0,16,16,0,0,0,,35,47.95,0,0,0,64,6,6,0,1,4,1,0,0,0,0.0,0,0,0,0,125,2,0,0,0,0,0,0,0,0,0,0.0,0.0,0,3,2,1,0,8,42.11,0,21,14,66.67,6,9,19,29,44,46.81,20,175,184,330,144.7,5,0,545,6,1,0,28962.0,1506013.0,D,21.0,Spain
Odeluga Offiah,1069627,Brighton & Hove Albion,30,england,2324,146,4,1,6.58,0,0,0,,0.03,1,0,0.0,11,0,0.0,25,30,55,82.09,1,50.0,1,0,0,0,4,0,0,0,0,0,4,0,0,0,0,4,0,0,2,0,0.0,0,3,3,0,0,0,,7,70.0,0,0,0,12,1,0,0,0,0,0,0,0,0,0.0,0,0,0,0,19,2,0,0,0,0,0,0,0,0,0,0.0,0.0,0,0,0,0,0,4,80.0,0,1,0,0.0,0,2,5,3,8,66.67,1,36,34,67,26.3,0,0,92,2,0,0,,,,,
Michael Keane,110846,Everton,48,england,2324,438,9,4,6.57,1,0,1,0.69,0.06,7,0,0.0,21,17,44.74,52,119,171,77.73,16,59.26,11,0,0,0,26,0,1,1,1,18,7,0,0,3,6,25,1,0,5,0,16.67,0,13,12,1,1,0,,9,39.13,0,0,1,49,5,0,0,0,4,0,0,0,1,0.0,0,0,0,0,56,2,0,0,1,0,0,0,0,0,0,438.0,0.0,0,6,0,1,4,2,66.67,0,7,3,42.86,0,23,3,0,25,50.0,38,88,132,220,46.0,6,1,277,0,2,0,92678.0,4819241.0,D,31.0,England
Boubacar Traoré,982613,Wolverhampton,3,england,2324,840,24,7,6.57,0,0,0,0.29,0.32,9,3,50.0,68,15,62.5,182,197,376,84.88,6,26.09,17,0,0,0,62,0,0,4,0,7,24,0,0,17,12,72,0,0,23,0,0.0,0,23,20,3,0,0,,49,47.12,0,0,0,67,5,6,0,1,2,0,0,0,0,0.0,0,0,0,0,106,7,0,0,0,0,0,0,0,0,0,0.0,0.0,0,0,11,6,1,10,71.43,0,35,23,65.71,6,22,14,6,55,43.31,24,224,225,443,157.7,11,0,594,4,4,0,63716.0,3313228.0,M,22.0,Mali
Leon Chiwome,1400646,Wolverhampton,3,england,2324,175,3,2,6.57,0,0,0,0.1,0.02,0,0,0.0,5,0,0.0,9,10,19,86.36,2,25.0,6,0,0,0,5,0,0,1,0,2,3,0,0,2,1,11,0,0,2,0,0.0,0,4,2,2,0,0,,4,44.44,0,0,0,3,0,0,0,2,1,0,0,0,0,0.0,0,0,0,0,8,0,0,0,0,0,0,0,0,0,0,0.0,0.0,0,2,0,1,0,0,0.0,0,2,1,50.0,0,0,0,0,6,35.29,0,10,12,22,19.7,2,0,44,2,0,0,,,,,
Anel Ahmedhodžić,825899,Sheffield United,15,england,2324,2650,31,29,6.56,2,0,2,3.15,0.58,31,1,16.67,74,48,32.0,208,519,726,75.63,52,59.09,36,0,0,0,106,1,4,4,1,134,31,0,0,11,19,108,1,1,34,0,10.53,0,89,81,8,2,0,,88,55.0,1,0,1,234,34,7,0,2,26,0,0,0,0,0.0,0,0,0,0,280,1,0,1,1,0,0,0,0,0,0,1325.0,0.0,0,16,3,10,5,11,55.0,0,64,36,56.25,7,79,20,6,140,56.45,150,358,608,960,203.5,19,0,1386,13,9,1,34754.0,1807215.0,D,24.0,Bosnia-Herzegovina
Jayden Danns,1403108,Liverpool,44,england,2324,26,2,0,6.55,0,0,0,,0.01,0,0,0.0,2,0,0.0,4,1,5,71.43,0,0.0,3,0,0,0,1,0,0,0,0,0,2,0,0,0,0,4,0,0,2,0,0.0,0,0,0,0,0,0,,0,0.0,0,0,0,2,0,0,0,0,0,0,0,0,0,0.0,0,0,0,0,2,1,0,0,0,0,0,0,0,0,0,0.0,0.0,0,0,0,0,0,0,0.0,0,0,0,0.0,0,0,0,0,0,0.0,0,6,1,7,13.1,0,0,7,0,1,0,,,,,
Joe White,994550,Newcastle United,39,england,2324,21,4,0,6.55,0,0,0,,0.0,0,0,0.0,4,1,100.0,8,3,11,91.67,0,0.0,3,0,0,0,2,0,0,0,0,0,2,0,0,0,0,4,0,0,2,0,0.0,0,0,0,0,0,0,,1,50.0,0,0,0,1,0,0,0,0,0,0,0,0,0,0.0,0,0,0,0,1,0,0,0,0,0,0,0,0,0,0,0.0,0.0,0,0,0,0,0,0,0.0,0,1,1,100.0,0,0,0,0,1,20.0,1,9,3,12,13.1,0,0,13,0,1,0,,,,,
Joe Rothwell,190853,Bournemouth,60,england,2324,388,11,3,6.55,0,0,0,0.09,0.23,4,2,16.67,47,3,18.75,108,71,177,87.62,0,0.0,2,0,0,0,32,0,0,1,0,2,10,0,0,2,6,18,0,0,4,0,0.0,0,12,11,1,0,0,,16,50.0,0,0,1,25,3,4,0,0,2,0,0,0,1,0.0,0,0,0,0,49,4,0,0,0,0,0,0,0,0,0,0.0,0.0,0,0,2,1,0,7,63.64,0,7,2,28.57,4,17,11,12,16,47.06,16,139,75,202,65.5,2,0,262,2,0,0,9268.0,481924.0,M,28.0,England
Benicio Boaitey,1142604,Brighton & Hove Albion,30,england,2324,65,5,0,6.55,0,0,0,0.02,0.09,0,0,0.0,6,0,0.0,10,3,13,68.42,0,0.0,0,0,0,0,2,0,0,1,0,1,4,0,0,1,1,4,0,0,2,0,0.0,0,1,1,0,0,0,,1,20.0,0,0,0,6,0,1,0,1,0,0,0,0,0,0.0,0,0,0,0,10,0,0,0,0,0,0,0,0,0,0,0.0,0.0,0,0,1,0,0,1,100.0,0,0,0,0.0,1,1,1,0,1,20.0,0,15,4,19,26.2,1,0,31,0,1,0,,,,,
Tawanda Chirewa,1005725,Wolverhampton,3,england,2324,165,8,1,6.54,0,0,0,0.16,0.08,1,2,50.0,12,1,50.0,29,17,44,83.02,1,25.0,3,0,0,0,3,0,0,1,0,0,7,0,0,3,1,13,0,0,4,0,0.0,0,2,2,0,0,0,,10,50.0,0,0,0,9,1,1,0,1,0,0,0,0,0,0.0,0,0,0,0,25,0,0,0,0,0,0,0,0,0,0,0.0,0.0,0,1,2,1,1,1,33.33,0,7,3,42.86,1,2,3,4,11,45.83,2,37,20,53,45.8,3,0,93,2,1,0,,,,,
Max Aarons,943645,Bournemouth,60,england,2324,1249,20,13,6.54,0,1,1,0.05,0.91,18,3,23.08,87,20,39.22,164,185,346,76.72,5,31.25,11,0,0,0,75,1,0,1,1,21,19,0,0,8,14,57,0,0,12,0,0.0,0,34,30,4,0,0,,69,60.0,0,0,0,105,8,7,0,2,5,0,0,0,1,0.0,0,0,0,0,168,5,0,0,0,0,0,0,0,0,0,0.0,0.0,0,0,2,1,0,14,53.85,0,29,19,65.52,7,41,26,13,74,56.49,51,233,231,451,124.3,2,0,751,26,1,0,40547.0,2108418.0,D,24.0,England
Daniel Bentley,101367,Wolverhampton,3,england,2324,382,5,3,6.54,0,0,0,,0.0,12,0,0.0,3,23,32.86,11,76,87,64.44,2,100.0,0,0,0,0,21,0,0,0,1,3,5,0,0,0,1,1,0,0,0,0,0.0,33,7,5,2,0,0,-1.14,0,0.0,0,0,0,48,0,0,0,0,0,0,0,0,0,0.0,0,0,0,0,48,0,2,0,0,1,6,2,8,0,2,0.0,0.0,0,0,0,0,0,0,0.0,1,0,0,0.0,0,20,0,0,2,66.67,70,47,88,135,32.7,0,0,156,0,0,0,11585.0,602405.0,K,30.0,England
Ameen Al-Dakhil,1979970,Burnley,6,england,2324,1055,13,12,6.54,1,0,1,1.27,0.56,14,1,33.33,39,20,35.09,137,376,512,85.62,14,37.84,23,0,0,0,50,0,0,3,0,34,13,0,0,6,9,46,1,1,6,0,12.5,0,26,17,9,1,0,,19,45.24,0,0,0,86,12,2,1,0,6,1,0,0,1,0.0,0,0,0,0,117,3,0,0,0,0,0,0,0,0,0,1055.0,0.0,0,5,3,2,3,3,60.0,0,12,5,41.67,2,54,5,3,33,41.77,57,196,405,598,85.0,8,0,764,4,1,0,17377.0,903608.0,D,21.0,Belgium
Mark O'Mahony,1149855,Brighton & Hove Albion,30,england,2324,69,3,1,6.53,0,0,0,0.06,0.0,0,0,0.0,2,0,0.0,3,10,13,81.25,1,25.0,3,0,0,0,2,0,0,0,0,1,3,0,0,0,1,5,0,0,1,0,0.0,0,1,1,0,0,0,,1,33.33,0,0,0,3,0,0,0,0,1,0,0,0,0,0.0,0,0,0,0,7,0,0,0,0,0,0,0,0,0,0,0.0,0.0,0,1,0,1,0,0,0.0,0,1,0,0.0,0,0,0,0,2,28.57,0,3,13,16,19.6,1,0,27,0,1,0,,,,,
Thilo Kehrer,281277,West Ham United,37,england,2324,33,4,0,6.53,0,0,0,0.0,0.0,0,0,0.0,1,0,0.0,4,3,7,100.0,1,33.33,2,0,0,0,0,0,0,0,0,0,3,0,0,0,0,4,0,0,2,0,0.0,0,1,0,1,0,0,,1,33.33,0,0,0,0,0,0,0,0,2,0,0,0,0,0.0,0,0,0,0,0,0,0,0,0,0,0,0,0,0,0,0.0,0.0,0,0,0,0,0,0,0.0,0,1,1,100.0,0,0,0,0,2,33.33,0,4,3,7,19.6,0,0,12,0,2,0,92678.0,4819241.0,D,26.0,Germany
Max Lowe,355154,Sheffield United,15,england,2324,508,10,4,6.53,0,1,1,0.58,0.08,0,1,12.5,31,4,44.44,43,28,70,65.42,5,31.25,11,0,0,0,7,1,2,2,0,14,10,0,0,0,7,28,0,0,7,0,0.0,0,12,12,0,0,0,,26,60.47,0,0,0,37,5,2,0,1,4,0,0,0,0,0.0,0,0,0,0,56,1,0,0,0,0,0,0,0,0,0,0.0,0.0,0,2,0,0,0,2,40.0,0,21,10,47.62,2,5,5,8,31,52.54,9,76,39,107,65.3,2,0,209,3,1,0,11585.0,602405.0,D,26.0,England
John Fleck,27999,Sheffield United,15,england,2324,89,4,1,6.53,0,0,0,,0.35,2,0,0.0,5,1,100.0,13,16,29,72.5,2,22.22,7,0,0,0,5,1,0,0,0,1,4,0,0,0,1,10,0,0,2,0,0.0,0,5,5,0,0,0,,3,50.0,0,0,0,11,0,2,0,0,0,0,0,0,0,0.0,0,0,0,0,13,0,0,0,0,0,0,0,0,0,0,0.0,0.0,0,0,0,0,0,0,0.0,0,1,0,0.0,2,2,0,0,5,33.33,1,22,18,40,26.1,0,0,50,2,1,0,28962.0,1506013.0,M,32.0,Scotland
David Ozoh,1212155,Crystal Palace,7,england,2324,168,9,0,6.53,0,0,0,,0.02,1,0,0.0,9,0,0.0,23,25,48,94.12,3,37.5,5,0,0,0,8,0,0,0,0,2,8,0,0,4,1,14,0,0,2,0,0.0,0,5,5,0,0,0,,11,55.0,0,0,0,3,0,0,0,0,0,0,0,0,0,0.0,0,0,0,0,11,1,0,0,0,0,0,0,0,0,0,0.0,0.0,0,0,0,0,0,1,33.33,0,10,6,60.0,0,1,3,0,14,50.0,0,26,25,51,52.2,0,0,75,0,1,0,,,,,
Andre Brooks,1396445,Sheffield United,15,england,2324,948,20,12,6.53,0,0,0,0.4,0.26,2,0,0.0,49,3,14.29,112,79,191,77.33,11,44.0,14,0,0,0,45,0,1,3,0,14,20,0,0,19,12,67,0,0,11,0,0.0,0,29,27,2,0,0,,44,45.36,0,0,0,56,14,3,0,0,1,0,0,0,0,0.0,0,0,0,0,116,4,0,0,0,0,0,0,0,0,0,0.0,0.0,0,4,5,4,2,13,54.17,0,22,13,59.09,3,8,24,8,55,45.08,21,157,98,247,130.5,9,0,438,9,1,0,17377.0,903608.0,M,20.0,England
Michael Olakigbe,1014556,Brentford,50,england,2324,100,8,0,6.53,0,0,0,0.12,0.03,1,0,0.0,12,1,100.0,19,7,26,81.25,1,33.33,2,0,0,0,7,0,0,1,0,0,8,0,0,1,2,14,0,1,2,0,0.0,0,0,0,0,0,0,,8,40.0,0,0,0,6,1,0,0,1,0,0,0,0,0,0.0,0,0,0,0,25,0,0,0,0,0,0,0,0,0,0,0.0,0.0,0,2,1,1,1,3,30.0,0,3,0,0.0,0,2,10,7,9,39.13,1,28,11,32,52.2,3,0,75,2,0,0,,,,,
Nicolò Zaniolo,864898,Aston Villa,40,england,2324,845,25,9,6.52,2,0,2,2.57,0.72,8,0,0.0,73,3,25.0,106,43,149,71.63,7,33.33,14,0,0,0,36,0,3,10,0,11,25,0,0,36,8,112,0,0,24,0,7.41,0,13,9,4,2,0,,53,35.1,1,0,0,59,1,10,1,0,0,0,0,0,0,0.0,0,0,0,0,178,6,0,0,0,0,0,0,0,0,0,422.5,0.0,0,22,5,7,10,13,30.23,0,19,9,47.37,10,14,43,18,60,34.88,12,161,65,208,163.0,27,0,471,21,7,0,69508.0,3614431.0,F,24.0,Italy
Hannes Delcroix,826169,Burnley,6,england,2324,602,12,5,6.52,0,0,0,0.35,0.12,14,2,40.0,36,12,52.17,96,182,276,86.79,8,44.44,10,0,0,0,29,0,0,0,0,23,11,0,0,3,1,21,0,0,6,0,0.0,0,25,21,4,0,0,,13,54.17,0,0,0,42,9,4,0,0,3,0,0,0,0,0.0,0,0,0,0,60,0,0,0,0,0,0,0,0,0,0,0.0,0.0,0,4,0,2,2,3,60.0,0,10,6,60.0,4,25,5,5,21,50.0,23,120,203,318,71.7,4,0,430,0,2,0,17377.0,903608.0,D,24.0,Belgium
Aaron Ramsey,1000142,Burnley,6,england,2324,524,14,5,6.52,0,0,0,0.35,0.5,0,0,0.0,37,7,58.33,51,65,116,79.45,4,44.44,5,0,0,0,24,1,0,1,0,10,13,0,0,10,8,36,0,0,7,0,0.0,0,17,14,3,0,0,,23,42.59,0,0,0,30,1,1,0,1,2,0,0,0,1,0.0,0,0,0,0,63,1,0,0,0,0,0,0,0,0,0,0.0,0.0,0,5,1,3,2,3,33.33,0,17,14,82.35,1,0,9,2,27,42.86,12,67,81,146,84.7,6,0,249,3,1,0,28962.0,1506013.0,F,21.0,England
William Osula,1122603,Sheffield United,15,england,2324,803,21,9,6.51,0,0,0,1.65,0.16,0,1,50.0,21,0,0.0,32,17,48,53.33,24,25.26,71,0,0,0,12,1,2,6,0,9,20,0,0,15,1,112,0,0,15,0,0.0,0,23,19,4,0,0,,17,29.31,0,0,0,42,2,1,0,6,1,0,0,0,0,0.0,0,0,0,0,105,2,0,0,0,0,0,0,0,0,0,0.0,0.0,0,17,4,7,8,3,20.0,0,2,2,100.0,1,3,15,2,41,26.8,0,70,22,90,130.2,21,0,225,12,4,0,14481.0,753006.0,F,20.0,Denmark
Stefan Bajčetić,1142636,Liverpool,44,england,2324,26,1,0,6.5,0,0,0,,0.0,0,0,0.0,0,0,0.0,2,5,7,70.0,0,0.0,0,0,0,0,2,0,0,0,0,0,1,0,0,0,2,3,0,0,1,0,0.0,0,2,2,0,0,0,,6,66.67,0,0,0,3,0,0,0,0,0,0,0,0,0,0.0,0,0,0,0,3,0,0,0,0,0,0,0,0,0,0,0.0,0.0,0,0,0,0,0,0,0.0,0,4,1,25.0,0,1,0,0,6,66.67,0,4,6,10,6.5,0,0,16,2,0,0,46339.0,2409620.0,M,19.0,Spain
Daniel Jebbison,1096136,Sheffield United,15,england,2324,20,1,0,6.5,0,0,0,,0.0,0,0,0.0,0,0,0.0,1,0,1,33.33,0,0.0,0,0,0,0,1,0,0,0,0,0,1,0,0,0,0,0,0,0,0,0,0.0,0,0,0,0,0,0,,0,0.0,0,0,0,2,0,0,0,0,0,0,0,0,0,0.0,0,0,0,0,5,0,0,0,0,0,0,0,0,0,0,0.0,0.0,0,0,0,0,0,0,0.0,0,0,0,0.0,0,0,0,0,0,0.0,0,2,1,3,6.5,0,0,9,0,0,0,4634.0,240962.0,F,20.0,Canada
Sydie Peck,1391824,Sheffield United,15,england,2324,9,1,0,6.5,0,0,0,,0.0,0,0,0.0,0,0,0.0,1,0,1,100.0,0,0.0,0,0,0,0,1,0,0,0,0,0,1,0,0,0,0,0,0,0,0,0,0.0,0,0,0,0,0,0,,0,0.0,0,0,0,0,0,0,0,0,0,0,0,0,0,0.0,0,0,0,0,0,0,0,0,0,0,0,0,0,0,0,0.0,0.0,0,0,0,0,0,0,0.0,0,0,0,0.0,0,0,0,0,0,0.0,0,1,0,1,6.5,0,0,1,0,0,0,,,,,
Finley Munroe,1186812,Aston Villa,40,england,2324,8,1,0,6.5,0,0,0,,0.0,0,0,0.0,0,0,0.0,0,1,1,100.0,0,0.0,0,0,0,0,0,0,0,0,0,0,1,0,0,0,0,0,0,0,0,0,0.0,0,0,0,0,0,0,,0,0.0,0,0,0,0,0,0,0,0,0,0,0,0,0,0.0,0,0,0,0,0,0,0,0,0,0,0,0,0,0,0,0.0,0.0,0,0,0,0,0,0,0.0,0,0,0,0.0,0,0,0,0,0,0.0,0,0,1,1,6.5,0,0,1,0,0,0,,,,,
Ben Parkinson,1409087,Newcastle United,39,england,2324,24,1,0,6.5,0,0,0,,0.0,0,0,0.0,0,0,0.0,0,1,1,33.33,0,0.0,2,0,0,0,0,0,0,0,0,1,1,0,0,0,0,2,0,0,0,0,0.0,0,1,1,0,0,0,,0,0.0,0,0,0,2,0,0,0,1,0,0,0,0,0,0.0,0,0,0,0,2,0,0,0,0,0,0,0,0,0,0,0.0,0.0,0,0,0,0,0,0,0.0,0,0,0,0.0,0,0,0,0,0,0.0,0,2,1,3,6.5,0,0,6,0,0,0,,,,,
Zack Nelson,1394950,Luton Town,72,england,2324,12,2,0,6.5,0,0,0,,0.0,0,0,0.0,0,0,0.0,0,4,4,100.0,0,0.0,0,0,0,0,0,0,0,0,0,0,1,0,0,0,0,0,0,0,0,0,0.0,0,1,1,0,0,0,,1,100.0,0,0,0,0,0,0,0,0,0,0,0,0,0,0.0,0,0,0,0,1,0,0,0,0,0,0,0,0,0,0,0.0,0.0,0,0,0,0,0,0,0.0,0,1,0,0.0,0,0,0,0,1,100.0,0,0,4,4,6.5,0,0,6,0,0,0,,,,,
Ethan Wheatley,1426625,Manchester United,35,england,2324,28,3,0,6.5,0,0,0,,,0,0,0.0,0,0,0.0,0,0,0,0.0,0,0.0,0,0,0,0,1,0,0,0,0,0,3,0,0,2,0,5,0,0,3,0,0.0,0,0,0,0,0,0,,1,16.67,0,0,0,0,2,0,0,0,0,0,0,0,0,0.0,0,0,0,0,3,0,0,0,0,0,0,0,0,0,0,0.0,0.0,0,0,0,0,0,0,0.0,0,1,1,100.0,0,0,0,0,1,16.67,0,0,0,0,19.5,0,0,8,0,0,0,,,,,
James McConnell,1138428,Liverpool,44,england,2324,11,3,0,6.5,0,0,0,,0.0,0,0,0.0,0,1,100.0,1,4,5,83.33,0,0.0,0,0,0,0,0,0,0,0,0,0,1,0,0,0,0,1,0,0,1,0,0.0,0,0,0,0,0,0,,1,50.0,0,0,0,1,1,0,0,0,0,0,0,0,0,0.0,0,0,0,0,2,0,0,0,0,0,0,0,0,0,0,0.0,0.0,0,0,0,0,0,0,0.0,0,0,0,0.0,0,0,0,0,1,50.0,1,1,5,6,6.5,0,0,10,1,0,0,,,,,
Rodrigo Ribeiro,1215904,Nottingham Forest,14,england,2324,28,4,0,6.5,0,0,0,,0.01,0,0,0.0,3,0,0.0,6,0,6,75.0,2,66.67,1,0,0,0,1,0,0,0,0,0,3,0,0,1,1,5,0,0,1,0,0.0,0,0,0,0,0,0,,0,0.0,0,0,0,2,1,0,0,0,0,0,0,0,0,0.0,0,0,0,0,4,0,0,0,0,0,0,0,0,0,0,0.0,0.0,0,0,0,0,0,0,0.0,0,0,0,0.0,0,0,1,0,2,28.57,0,7,1,8,19.5,0,0,13,0,0,0,8689.0,451804.0,F,18.0,Portugal
Pelly Ruddock Mpanzu,387116,Luton Town,72,england,2324,1119,27,11,6.5,0,0,0,0.64,1.36,8,3,27.27,67,16,43.24,131,129,257,74.93,12,38.71,19,0,0,0,54,1,1,4,0,16,27,0,0,16,4,54,2,1,9,0,0.0,0,29,27,2,0,0,,36,50.7,0,0,0,86,9,6,0,0,7,0,0,0,0,0.0,0,0,0,0,130,4,0,0,0,0,0,0,0,0,0,0.0,0.0,0,5,6,6,1,9,60.0,0,13,5,38.46,6,27,15,11,48,47.06,37,204,150,343,175.5,11,0,518,14,1,0,11585.0,602405.0,M,29.0,Democratic Republic of the Congo
Romain Faivre,913942,Bournemouth,60,england,2324,61,5,0,6.5,0,0,0,0.15,0.03,0,0,0.0,10,0,0.0,17,2,19,82.61,0,0.0,1,0,0,0,1,0,0,1,0,0,5,0,0,1,3,10,0,0,2,0,0.0,0,1,1,0,0,0,,7,43.75,0,0,0,4,0,0,0,0,0,0,0,0,0,0.0,0,0,0,0,14,0,0,0,0,0,0,0,0,0,0,0.0,0.0,0,2,0,1,0,2,40.0,0,1,1,100.0,0,1,5,3,7,41.18,0,23,3,23,32.5,2,0,43,4,1,0,40547.0,2108418.0,M,25.0,France
Divin Mubama,1167025,West Ham United,37,england,2324,90,5,0,6.5,0,0,0,0.15,0.01,0,0,0.0,2,1,100.0,9,7,16,72.73,4,44.44,5,0,0,0,4,0,0,1,0,0,5,0,0,0,0,6,0,0,1,0,0.0,0,2,2,0,0,0,,1,50.0,0,0,0,6,0,0,0,0,0,0,0,0,0,0.0,0,0,0,0,13,1,0,0,0,0,0,0,0,0,0,0.0,0.0,0,1,0,0,0,0,0.0,0,0,0,0.0,0,0,0,0,5,45.45,1,13,9,22,32.5,1,0,33,1,0,0,4634.0,240962.0,F,19.0,England
Andrey Santos,1105779,Nottingham Forest,14,england,2324,12,1,0,6.5,0,0,0,0.06,0.0,0,0,0.0,2,0,0.0,3,3,6,100.0,0,0.0,0,0,0,0,0,0,0,1,0,0,1,0,0,0,0,1,0,0,0,0,0.0,0,0,0,0,0,0,,0,0.0,0,0,0,0,0,0,0,0,0,0,0,0,0,0.0,0,0,0,0,1,0,0,0,0,0,0,0,0,0,0,0.0,0.0,0,0,2,1,0,0,0.0,0,0,0,0.0,0,0,1,0,0,0.0,0,3,3,6,6.5,2,0,10,0,0,0,11585.0,602405.0,M,19.0,Brazil
Ben Gannon-Doak,1154861,Liverpool,44,england,2324,13,1,0,6.5,0,0,0,0.0,0.0,0,0,0.0,2,0,0.0,3,1,4,100.0,0,0.0,0,0,0,0,1,0,0,0,0,0,1,0,0,0,0,0,0,0,0,0,0.0,0,0,0,0,0,0,,0,0.0,0,0,0,0,0,0,0,0,0,0,0,0,0,0.0,0,0,0,0,2,0,0,0,0,0,0,0,0,0,0,0.0,0.0,0,0,0,0,0,0,0.0,0,0,0,0.0,0,0,0,0,0,0.0,0,3,1,4,6.5,0,0,6,0,0,0,17377.0,903608.0,F,18.0,Scotland
Mason Burstow,1138421,Chelsea,38,england,2324,16,2,0,6.5,0,0,0,0.0,0.0,0,0,0.0,2,0,0.0,2,1,3,75.0,0,0.0,0,0,0,0,0,0,0,0,0,0,1,0,0,0,0,0,0,0,0,0,0.0,0,1,1,0,0,0,,0,0.0,0,0,0,1,0,0,0,0,0,0,0,0,0,0.0,0,0,0,0,2,0,0,0,0,0,0,0,0,0,0,0.0,0.0,0,0,0,0,0,0,0.0,0,0,0,0.0,0,0,0,0,0,0.0,0,3,1,4,6.5,0,0,6,0,0,0,,,,,
Joshua Dasilva,856260,Brentford,50,england,2324,33,3,0,6.5,0,0,0,0.0,0.24,1,1,16.67,5,0,0.0,8,2,9,69.23,0,0.0,0,0,0,0,2,0,0,0,0,0,3,0,0,4,0,8,0,0,2,0,0.0,0,0,0,0,0,0,,4,33.33,0,0,0,4,0,1,0,0,0,0,0,0,0,0.0,0,0,0,0,17,0,0,0,0,0,0,0,0,0,0,0.0,0.0,0,0,0,0,0,2,50.0,0,2,1,50.0,1,2,4,6,4,33.33,0,17,2,13,19.5,0,0,33,0,0,0,34754.0,1807215.0,M,25.0,England
Jack Cork,20993,Burnley,6,england,2324,41,4,0,6.5,0,0,0,0.0,0.02,0,0,0.0,11,1,33.33,16,9,25,78.13,0,0.0,2,0,0,0,2,0,0,0,0,1,3,0,0,0,2,8,0,0,4,0,0.0,0,0,0,0,0,0,,3,33.33,0,0,0,7,1,0,0,0,0,0,0,0,0,0.0,0,0,0,0,8,0,0,0,0,0,0,0,0,0,0,0.0,0.0,0,0,0,0,0,0,0.0,0,2,0,0.0,0,4,0,1,3,27.27,3,22,11,32,19.5,0,0,40,1,0,0,52131.0,2710823.0,M,34.0,England
Naouirou Ahamada,997104,Crystal Palace,7,england,2324,376,20,0,6.5,0,0,0,0.49,0.13,4,0,0.0,43,8,61.54,84,64,148,82.68,4,57.14,3,0,0,0,30,0,0,4,0,4,20,0,0,11,9,37,0,0,9,0,0.0,0,14,12,2,0,0,,25,42.37,0,0,0,31,2,1,0,1,0,0,0,0,0,0.0,0,0,0,0,61,3,0,1,0,0,0,0,0,0,0,0.0,0.0,0,4,5,3,2,7,58.33,0,13,9,69.23,1,9,12,6,29,43.94,13,111,74,179,129.9,9,0,265,6,2,1,23169.0,1204810.0,M,21.0,France
Rhian Brewster,878705,Sheffield United,15,england,2324,353,13,3,6.49,0,0,0,0.37,0.08,1,0,0.0,23,1,25.0,37,15,52,71.23,4,17.39,19,0,0,0,9,0,0,1,0,2,13,0,1,8,2,37,0,0,5,0,0.0,0,8,6,2,0,0,,10,35.71,0,0,0,21,1,2,0,1,0,0,0,0,0,0.0,0,0,0,0,44,2,0,1,0,0,0,0,0,0,0,0.0,0.0,0,4,3,3,3,0,0.0,0,5,1,20.0,2,2,4,3,14,27.45,4,57,19,73,84.4,7,0,124,5,0,0,40547.0,2108418.0,F,23.0,England
Connor Roberts,804613,Burnley,6,england,2324,819,14,8,6.48,0,1,1,0.0,0.35,12,2,20.0,89,12,38.71,164,183,345,84.35,7,50.0,7,0,0,0,40,0,1,0,0,22,14,0,0,1,9,24,0,2,5,0,0.0,0,22,16,6,0,0,,20,54.05,0,0,0,64,4,7,0,3,6,0,0,0,0,0.0,0,0,0,0,106,4,0,1,0,0,0,0,0,0,0,0.0,0.0,0,0,0,0,0,0,0.0,0,12,5,41.67,7,27,2,10,27,52.94,31,203,216,409,90.7,0,0,571,9,3,1,34754.0,1807215.0,D,27.0,Wales
Eric Dier,146101,Tottenham Hotspur,33,england,2324,199,4,1,6.48,0,0,0,,0.04,2,0,0.0,4,2,20.0,33,92,125,88.65,3,37.5,5,0,0,0,7,0,0,0,0,12,4,0,0,0,0,5,0,0,0,0,0.0,3,8,8,0,0,0,,3,100.0,0,0,0,16,2,0,0,2,3,0,0,0,0,0.0,0,0,0,0,17,0,0,0,0,0,0,0,0,0,0,0.0,0.0,0,0,0,0,0,0,0.0,0,2,1,50.0,0,5,0,0,6,54.55,10,38,103,141,25.9,0,0,164,1,0,0,98470.0,5120444.0,D,29.0,England
Ben Johnson,914412,West Ham United,37,england,2324,550,14,4,6.47,0,0,0,0.2,0.12,7,1,3.23,68,14,48.28,118,98,215,82.06,7,36.84,12,0,0,0,49,0,0,2,1,13,11,0,0,10,5,42,0,0,3,0,0.0,0,16,14,2,0,0,,29,49.15,0,0,0,47,5,0,0,1,1,0,0,0,0,0.0,0,0,0,0,120,1,0,0,0,0,0,0,0,0,0,0.0,0.0,0,3,3,2,2,11,47.83,0,11,7,63.64,0,15,23,31,36,46.15,29,172,121,262,71.2,6,0,440,7,1,0,23169.0,1204810.0,D,24.0,England
Anass Zaroury,877036,Burnley,6,england,2324,160,6,1,6.47,0,0,0,0.17,0.1,0,3,27.27,11,2,33.33,26,17,40,67.8,0,0.0,1,0,0,0,8,0,0,1,0,1,6,0,1,2,4,14,0,1,4,0,0.0,0,4,4,0,0,0,,6,31.58,0,0,0,19,0,2,0,0,0,0,0,0,0,0.0,0,0,0,0,35,1,0,1,0,0,0,0,0,0,0,0.0,0.0,0,1,2,1,1,2,40.0,0,1,0,0.0,2,3,5,11,6,30.0,6,43,27,59,38.8,3,0,92,3,0,0,17377.0,903608.0,F,22.0,Morocco
Tim Iroegbunam,1085950,Aston Villa,40,england,2324,178,9,1,6.46,0,0,0,,0.01,1,0,0.0,3,0,0.0,23,28,51,92.73,2,100.0,0,0,0,0,15,0,0,0,0,2,8,0,0,3,5,19,0,0,9,0,0.0,0,7,4,3,0,0,,12,38.71,0,0,0,4,2,0,0,0,0,0,0,0,0,0.0,0,0,0,0,11,0,0,0,0,0,0,0,0,0,0,0.0,0.0,0,0,0,0,0,3,60.0,0,7,5,71.43,0,1,5,0,14,42.42,0,25,30,55,51.7,0,0,88,3,0,0,5792.0,301203.0,M,20.0,England
Myles Peart-Harris,980649,Brentford,50,england,2324,24,3,0,6.45,0,0,0,,0.0,0,0,0.0,4,0,0.0,4,1,5,71.43,0,0.0,5,0,0,0,0,0,0,0,0,1,2,0,0,2,0,9,0,0,2,0,0.0,0,0,0,0,0,0,,2,33.33,0,0,0,2,0,1,0,0,0,0,0,0,0,0.0,0,0,0,0,6,0,0,0,0,0,0,0,0,0,0,0.0,0.0,0,0,0,0,0,0,0.0,0,0,0,0.0,1,1,0,1,2,18.18,1,7,1,7,12.9,0,0,15,2,0,0,5792.0,301203.0,F,20.0,England
Dane Scarlett,998772,Tottenham Hotspur,33,england,2324,42,4,0,6.45,0,0,0,,0.0,0,0,0.0,1,0,0.0,2,0,2,66.67,0,0.0,3,0,0,0,0,0,0,0,0,0,4,0,0,0,1,6,0,0,1,0,0.0,0,0,0,0,0,0,,3,50.0,0,0,0,1,0,0,0,0,0,0,0,0,0,0.0,0,0,0,0,8,0,0,0,0,0,0,0,0,0,0,0.0,0.0,0,0,0,0,0,0,0.0,0,1,1,100.0,0,0,2,0,3,33.33,0,3,0,3,25.8,0,0,14,2,0,0,,,,,
Deivid Washington,1485371,Chelsea,38,england,2324,19,2,0,6.45,0,0,0,0.47,0.0,0,0,0.0,0,0,0.0,0,1,1,100.0,0,0.0,0,0,0,0,0,0,0,0,0,0,2,0,0,1,1,3,0,0,0,0,0.0,0,1,1,0,0,0,,1,25.0,0,0,0,0,0,0,0,0,0,0,0,0,0,0.0,0,0,0,0,2,0,0,0,0,0,0,0,0,0,0,0.0,0.0,0,1,0,1,0,0,0.0,0,1,1,100.0,0,0,1,0,1,25.0,0,0,1,1,12.9,1,0,6,0,0,0,46339.0,2409620.0,F,18.0,Brazil
James Tomkins,32124,Crystal Palace,7,england,2324,32,4,0,6.43,0,0,0,0.0,0.0,0,0,0.0,1,3,60.0,7,11,18,85.71,2,100.0,0,0,0,0,2,0,0,0,0,0,3,0,0,0,0,0,0,0,0,0,0.0,0,2,2,0,0,0,,0,0.0,0,0,0,3,1,0,0,0,0,0,0,0,0,0.0,0,0,0,0,3,0,0,0,0,0,0,0,0,0,0,0.0,0.0,0,0,0,0,0,0,0.0,0,0,0,0.0,0,0,0,0,2,100.0,5,10,11,21,19.3,0,0,24,0,0,0,57924.0,3012026.0,D,34.0,England
Daiki Hashioka,897334,Luton Town,72,england,2324,595,10,6,6.43,0,0,0,0.11,0.26,6,3,33.33,35,8,33.33,81,133,211,82.42,13,52.0,12,0,0,0,26,1,0,1,0,20,10,0,0,6,6,35,0,0,10,0,0.0,0,21,18,3,0,0,,17,42.5,0,0,0,45,8,3,0,0,7,2,0,0,0,0.0,0,0,0,0,70,1,0,0,0,0,0,0,0,0,0,0.0,0.0,0,1,1,1,0,1,50.0,0,11,5,45.45,3,14,2,9,30,46.15,24,117,148,256,64.3,2,0,371,6,0,0,17377.0,903608.0,D,24.0,Japan
Ian Maatsen,976263,Chelsea,38,england,2324,222,12,1,6.43,0,0,0,0.81,0.2,1,2,25.0,38,2,28.57,62,26,86,72.27,3,37.5,5,0,0,0,11,0,1,3,0,9,11,0,0,7,4,25,0,0,5,0,0.0,0,5,5,0,0,0,,4,16.67,0,0,1,33,3,2,0,0,0,0,0,0,0,0.0,0,0,0,0,60,0,0,0,0,0,0,0,0,0,0,0.0,0.0,0,4,1,1,1,0,0.0,0,3,2,66.67,2,7,4,8,7,21.88,7,88,39,119,70.7,5,0,190,1,1,0,0.0,0.0,D,21.0,Netherlands
Kalvin Phillips,786028,West Ham United,37,england,2324,403,12,3,6.43,0,0,0,0.16,0.12,11,1,33.33,51,13,52.0,98,104,201,82.72,7,87.5,1,0,0,0,31,0,0,1,0,4,12,0,0,5,4,33,1,0,17,0,0.0,0,12,9,3,0,0,,23,41.82,0,0,0,42,6,0,0,0,1,0,0,0,1,0.0,0,0,0,0,65,2,0,1,0,0,0,0,0,0,0,0.0,0.0,0,2,3,2,2,2,25.0,0,14,9,64.29,0,26,8,3,30,47.62,25,134,112,243,77.1,5,0,320,7,1,1,173771.0,9036077.0,M,28.0,England
Bobby Clark,1142638,Liverpool,44,england,2324,103,5,1,6.43,0,0,0,0.14,0.01,0,0,0.0,10,1,50.0,22,16,38,77.55,0,0.0,1,0,0,0,6,0,0,1,0,1,4,0,0,6,4,16,0,0,4,0,0.0,0,0,0,0,0,0,,5,25.0,0,0,0,11,1,0,0,0,2,0,0,0,0,0.0,0,0,0,0,23,1,0,0,0,0,0,0,0,0,0,0.0,0.0,0,2,0,1,0,0,0.0,0,2,1,50.0,0,3,3,0,5,23.81,2,30,19,49,25.7,2,0,79,3,0,0,,,,,
Willy Kambwala,1136721,Manchester United,35,england,2324,336,8,3,6.41,0,0,0,,0.02,1,0,0.0,8,5,23.81,41,121,162,84.82,6,75.0,2,0,0,0,12,0,0,0,0,12,7,0,0,1,2,11,1,0,4,0,0.0,1,10,9,1,0,0,,5,35.71,0,0,0,29,4,0,0,0,3,0,0,0,0,0.0,0,0,0,0,35,0,0,0,0,0,0,0,0,0,0,0.0,0.0,0,0,0,0,0,0,0.0,0,3,1,33.33,0,5,2,0,11,50.0,21,57,134,191,44.9,0,0,235,2,1,0,8689.0,451804.0,D,19.0,France
Thiago Alcântara,53825,Liverpool,44,england,2324,13,1,0,6.4,0,0,0,,0.0,0,0,0.0,0,1,50.0,4,3,7,70.0,0,0.0,0,0,0,0,0,0,0,0,0,0,1,0,0,0,0,0,0,0,0,0,0.0,0,1,1,0,0,0,,0,0.0,0,0,0,3,0,0,0,0,0,0,0,0,0,0.0,0,0,0,0,3,0,0,0,0,0,0,0,0,0,0,0.0,0.0,0,0,0,0,0,0,0.0,0,0,0,0.0,0,1,0,0,0,0.0,2,5,5,10,6.4,0,0,10,0,0,0,231694.0,12048102.0,M,32.0,Spain
Loris Karius,174135,Newcastle United,39,england,2324,90,1,1,6.4,0,0,0,,0.0,0,0,0.0,0,3,16.67,2,14,16,51.61,0,0.0,0,0,0,0,10,0,0,0,0,1,1,0,0,0,0,0,0,0,0,0,0.0,9,4,4,0,0,0,-1.99,0,0.0,0,1,0,15,0,0,0,0,0,0,0,0,0,0.0,0,0,0,0,16,0,0,0,0,2,3,1,4,0,1,0.0,0.0,0,0,0,0,0,0,0.0,2,0,0,0.0,0,1,0,0,0,0.0,18,15,16,31,6.4,0,0,43,0,0,0,11585.0,602405.0,K,30.0,Germany
Sam Curtis,1133697,Sheffield United,15,england,2324,27,1,0,6.4,0,0,0,,0.0,0,0,0.0,0,0,0.0,2,2,4,57.14,0,0.0,0,0,0,0,1,0,0,0,0,0,1,0,0,1,1,2,0,0,0,0,0.0,0,0,0,0,0,0,,1,33.33,0,0,0,3,0,0,0,0,0,0,0,0,0,0.0,0,0,0,0,6,0,0,0,0,0,0,0,0,0,0,0.0,0.0,0,0,0,0,0,0,0.0,0,1,0,0.0,0,2,0,1,1,33.33,1,4,4,7,6.4,0,0,15,0,0,0,,,,,
Mikey Moore,1403192,Tottenham Hotspur,33,england,2324,20,2,0,6.4,0,0,0,,0.0,0,0,0.0,1,0,0.0,4,0,4,80.0,0,0.0,0,0,0,0,0,0,0,0,0,1,2,0,0,0,0,1,0,0,1,0,0.0,0,0,0,0,0,0,,0,0.0,0,0,0,1,0,0,0,0,0,0,0,0,0,0.0,0,0,0,0,3,0,0,0,0,0,0,0,0,0,0,0.0,0.0,0,0,0,0,0,0,0.0,0,0,0,0.0,0,0,1,0,0,0.0,0,5,0,5,12.8,0,0,8,0,0,0,,,,,
Kaine Kesler-Hayden,1099074,Aston Villa,40,england,2324,10,3,0,6.4,0,0,0,,,0,0,0.0,0,0,0.0,0,0,0,0.0,0,0.0,1,0,0,0,0,0,0,0,0,0,1,0,0,0,0,1,0,0,0,0,0.0,0,0,0,0,0,0,,0,0.0,0,0,0,0,0,0,0,0,0,0,0,0,0,0.0,0,0,0,0,0,0,0,0,0,0,0,0,0,0,0,0.0,0.0,0,0,0,0,0,0,0.0,0,0,0,0.0,0,0,0,0,0,0.0,0,0,0,0,6.4,0,0,0,0,0,0,,,,,
Anis Ben Slimane,1006147,Sheffield United,15,england,2324,434,15,4,6.4,0,0,0,0.8,0.14,3,0,0.0,25,2,50.0,51,41,92,67.65,7,28.0,18,0,0,0,35,0,2,2,0,7,15,0,0,12,6,56,0,0,7,0,0.0,0,14,11,3,0,0,,19,33.33,0,0,0,44,5,3,0,2,1,1,0,0,0,0.0,0,0,0,0,81,5,0,0,0,0,0,0,0,0,0,0.0,0.0,0,5,3,3,3,2,13.33,0,11,6,54.55,3,4,15,0,26,31.71,4,81,55,136,96.0,8,0,239,6,2,0,14481.0,753006.0,M,22.0,Tunisia
Omari Kellyman,1162083,Aston Villa,40,england,2324,35,2,0,6.4,0,0,0,0.07,0.0,0,0,0.0,2,0,0.0,4,2,6,85.71,0,0.0,1,0,0,0,2,0,0,1,0,0,2,0,0,0,1,2,0,0,0,0,0.0,0,1,0,1,0,0,,1,50.0,0,0,0,1,0,0,0,0,0,0,0,0,0,0.0,0,0,0,0,3,0,0,0,0,0,0,0,0,0,0,0.0,0.0,0,0,1,0,0,0,0.0,0,1,0,0.0,0,0,0,0,1,33.33,0,4,3,7,12.8,1,0,11,0,0,0,,,,,
Jaden Philogene-Bidace,1014461,Aston Villa,40,england,2324,10,1,0,6.4,0,0,0,0.0,0.0,0,0,0.0,1,0,0.0,1,2,3,75.0,0,0.0,0,0,0,0,1,0,0,0,0,0,1,0,0,0,0,0,0,0,0,0,0.0,0,1,1,0,0,0,,0,0.0,0,0,0,1,0,0,0,0,0,0,0,0,0,0.0,0,0,0,0,1,0,0,0,0,0,0,0,0,0,0,0.0,0.0,0,0,0,0,0,0,0.0,0,0,0,0.0,0,0,0,0,0,0.0,0,2,2,4,6.4,0,0,4,0,0,0,,,,,
Bertrand Traoré,218160,Aston Villa,40,england,2324,10,2,0,6.4,0,0,0,0.0,0.0,0,0,0.0,0,0,0.0,0,2,2,66.67,0,0.0,0,0,0,0,2,0,0,0,0,0,1,0,0,1,0,2,0,0,0,0,0.0,0,0,0,0,0,0,,1,33.33,0,0,0,1,0,0,0,0,0,0,0,0,0,0.0,0,0,0,0,4,0,0,0,0,0,0,0,0,0,0,0.0,0.0,0,0,0,0,0,0,0.0,0,1,1,100.0,0,1,1,0,1,33.33,1,1,2,3,6.4,0,0,8,0,0,0,90227.0,4691809.0,F,27.0,Burkina Faso
Antwoine Hackford,1049860,Sheffield United,15,england,2324,17,2,0,6.4,0,0,0,0.0,0.0,0,0,0.0,0,0,0.0,1,1,2,100.0,0,0.0,1,0,0,0,0,0,0,0,0,0,2,0,0,0,0,2,0,0,0,0,0.0,0,1,1,0,0,0,,0,0.0,0,0,0,0,0,0,0,0,0,0,0,0,0,0.0,0,0,0,0,2,0,0,0,0,0,0,0,0,0,0,0.0,0.0,0,0,0,0,0,0,0.0,0,0,0,0.0,0,0,1,0,0,0.0,0,1,1,2,12.8,0,0,4,0,0,0,,,,,
Fábio Silva,954076,Wolverhampton,3,england,2324,282,8,3,6.39,0,0,0,1.03,0.1,0,0,0.0,21,0,0.0,37,23,60,80.0,2,25.0,6,0,0,0,15,0,2,1,0,0,8,0,0,4,1,23,0,0,8,0,0.0,0,8,8,0,0,0,,13,43.33,0,0,0,15,2,4,0,5,0,0,0,0,1,0.0,0,0,0,0,38,1,0,0,0,0,0,0,0,0,0,0.0,0.0,0,6,1,3,3,2,28.57,0,7,4,57.14,4,2,7,0,15,39.47,2,49,26,75,51.1,7,0,131,4,2,0,92678.0,4819241.0,F,21.0,Portugal
John Egan,100578,Sheffield United,15,england,2324,484,6,6,6.38,0,0,0,0.16,0.02,7,0,0.0,7,5,13.89,24,104,128,69.95,14,60.87,9,0,0,0,21,0,0,1,0,39,6,0,0,1,7,21,0,1,6,0,0.0,0,17,16,1,0,0,,7,36.84,0,0,0,55,13,0,0,0,4,0,0,0,1,0.0,0,0,0,0,60,0,0,0,0,0,0,0,0,0,0,0.0,0.0,0,3,0,1,1,0,0.0,0,6,4,66.67,0,27,0,0,21,50.0,36,64,119,183,38.3,3,0,264,1,2,0,14481.0,753006.0,D,31.0,Ireland
Jaidon Anthony,1020680,Bournemouth,60,england,2324,153,3,2,6.37,0,0,0,0.07,0.03,0,0,0.0,13,1,20.0,20,10,30,69.77,1,25.0,3,0,0,0,11,0,0,0,0,2,3,0,0,2,6,18,0,0,4,0,0.0,0,5,4,1,0,0,,7,31.82,0,0,0,13,1,0,0,2,0,0,0,0,0,0.0,0,0,0,0,25,1,0,0,0,0,0,0,0,0,0,0.0,0.0,0,0,2,1,1,2,40.0,0,3,1,33.33,0,5,5,2,8,30.77,5,31,14,43,19.1,2,0,75,2,1,0,,,,,
Bénie Traoré,1099792,Sheffield United,15,england,2324,392,8,3,6.36,0,0,0,0.27,0.46,2,1,33.33,20,1,100.0,31,24,54,80.6,2,10.0,18,0,0,0,22,0,1,0,0,1,8,0,0,7,4,54,0,0,10,0,0.0,0,13,11,2,0,0,,13,26.53,0,0,0,13,1,4,0,1,1,0,0,0,0,0.0,0,0,0,0,50,2,0,0,0,0,0,0,0,0,0,0.0,0.0,0,1,0,0,1,5,25.0,0,4,2,50.0,4,4,20,3,15,21.74,1,42,28,67,50.9,1,0,130,4,0,0,11585.0,602405.0,F,20.0,Cote d'Ivoire
Fred Onyedinma,370932,Luton Town,72,england,2324,414,8,4,6.35,0,0,0,0.16,0.13,0,1,7.69,21,0,0.0,33,33,65,76.47,8,57.14,6,0,0,0,10,0,0,1,0,13,8,0,0,10,7,41,0,0,10,0,0.0,0,14,13,1,0,0,,18,33.96,0,0,0,20,1,2,0,0,0,0,0,0,1,0.0,0,0,0,0,74,1,0,0,0,0,0,0,0,0,0,0.0,0.0,0,5,0,2,2,2,20.0,0,10,6,60.0,2,2,10,13,26,38.81,4,59,39,85,50.8,5,0,219,6,1,0,6951.0,361443.0,F,27.0,Nigeria
Tom Davies,795058,Sheffield United,15,england,2324,214,9,2,6.34,0,0,0,0.36,0.18,0,0,0.0,18,2,33.33,32,35,67,72.83,3,50.0,3,0,0,0,21,0,0,2,0,5,9,0,0,4,6,24,1,0,7,0,0.0,0,11,11,0,0,0,,14,40.0,0,0,0,25,3,1,0,0,1,0,0,0,1,0.0,0,0,0,0,43,1,0,0,0,0,0,0,0,0,0,0.0,0.0,0,3,1,1,1,2,28.57,0,10,5,50.0,1,5,7,4,17,41.46,6,51,45,92,57.1,4,0,147,2,2,0,34754.0,1807215.0,M,25.0,England
Brandon Aguilera,1020203,Nottingham Forest,14,england,2324,15,1,0,6.3,0,0,0,,0.0,0,0,0.0,2,0,0.0,3,1,4,50.0,0,0.0,0,0,0,0,0,0,0,0,0,0,1,0,0,0,0,3,0,0,3,0,0.0,0,0,0,0,0,0,,0,0.0,0,0,0,4,0,0,0,0,0,0,0,0,0,0.0,0,0,0,0,5,0,0,0,0,0,0,0,0,0,0,0.0,0.0,0,0,0,0,0,0,0.0,0,0,0,0.0,0,1,0,0,0,0.0,0,6,2,8,6.3,0,0,11,0,0,0,11585.0,602405.0,F,20.0,Costa Rica
Ryan One,1389768,Sheffield United,15,england,2324,18,1,0,6.3,0,0,0,,0.0,0,0,0.0,0,0,0.0,1,0,1,100.0,0,0.0,0,0,0,0,1,0,0,0,0,0,1,0,0,0,0,0,0,0,0,0,0.0,0,2,2,0,0,0,,0,0.0,0,0,0,0,0,0,0,0,0,0,0,0,0,0.0,0,0,0,0,0,0,0,0,0,0,0,0,0,0,0,0.0,0.0,0,0,0,0,0,0,0.0,0,0,0,0.0,0,0,0,0,0,0.0,0,1,0,1,6.3,0,0,2,0,0,0,,,,,
Matt Targett,368134,Newcastle United,39,england,2324,85,3,1,6.2,0,0,0,0.0,0.01,1,0,0.0,6,1,25.0,17,16,33,86.84,0,0.0,3,0,0,0,5,0,0,0,0,2,2,0,0,0,0,4,0,0,0,0,0.0,0,4,2,2,0,0,,4,80.0,0,0,0,5,0,1,0,0,0,0,0,0,0,0.0,0,0,0,0,6,0,0,0,0,0,0,0,0,0,0,0.0,0.0,0,0,0,0,0,0,0.0,0,2,0,0.0,1,3,1,0,4,50.0,4,20,18,38,12.4,0,0,52,2,1,0,115847.0,6024051.0,D,28.0,England
Rhys Norrington-Davies,911708,Sheffield United,15,england,2324,111,5,2,6.17,0,0,0,,0.0,0,0,0.0,4,1,14.29,11,28,39,72.22,1,50.0,1,0,0,0,4,0,0,0,0,2,3,0,0,2,1,7,0,0,3,0,0.0,0,6,5,1,0,0,,3,33.33,0,0,0,15,1,1,0,1,0,0,0,0,0,0.0,0,0,0,0,23,0,0,0,0,0,0,0,0,0,0,0.0,0.0,0,0,0,0,0,1,100.0,0,1,1,100.0,1,1,1,2,4,36.36,7,21,35,54,18.5,0,0,82,1,1,0,4634.0,240962.0,D,24.0,Wales
Remi Matthews,581610,Crystal Palace,7,england,2324,16,1,0,6.1,0,0,0,,,0,0,0.0,0,0,0.0,0,0,0,0.0,1,100.0,0,0,0,0,1,0,0,0,0,1,1,0,0,0,0,0,0,0,0,0,0.0,1,1,0,1,0,0,-0.85,0,0.0,0,1,0,5,0,0,0,0,0,0,0,0,0,0.0,0,0,0,0,5,0,0,0,0,0,0,0,0,0,0,0.0,0.0,0,0,0,0,0,0,0.0,0,0,0,0.0,0,0,0,0,1,100.0,5,4,1,5,6.1,0,0,7,0,0,0,8689.0,451804.0,K,29.0,England
Mason Holgate,781544,Sheffield United,15,england,2324,713,10,9,6.09,0,0,0,0.65,0.21,11,2,28.57,23,10,30.3,43,77,118,71.52,9,56.25,7,0,0,0,30,1,2,1,0,39,10,0,1,1,7,24,0,0,8,0,0.0,0,22,18,4,0,0,,17,50.0,0,0,1,47,11,1,0,0,5,0,0,0,1,0.0,0,0,0,0,80,0,0,1,0,0,0,0,0,0,0,0.0,0.0,0,3,0,2,0,1,50.0,0,12,7,58.33,1,22,2,7,26,52.0,33,78,94,165,60.9,3,0,307,4,3,0,81093.0,4216836.0,D,27.0,England
Ionuț Radu,815202,Bournemouth,60,england,2324,180,2,2,6.05,0,0,0,,0.0,5,0,0.0,2,8,40.0,4,42,46,79.31,0,0.0,0,0,0,0,15,0,0,0,0,1,2,0,0,0,0,0,0,0,0,0,0.0,11,7,6,1,0,0,-4.08,0,0.0,0,2,0,12,0,0,0,0,0,0,0,0,0,0.0,0,0,0,0,12,0,1,0,0,2,2,2,5,0,0,0.0,0.0,0,0,0,0,0,0,0.0,2,0,0,0.0,0,7,0,0,0,0.0,20,9,49,58,12.1,0,0,76,0,0,0,34754.0,1807215.0,K,26.0,Romania
Paul Dummett,185995,Newcastle United,39,england,2324,23,5,0,5.9,0,0,0,0.02,0.0,0,0,0.0,2,0,0.0,9,11,20,90.91,1,100.0,0,0,0,0,0,0,0,0,0,1,2,0,0,0,0,1,0,0,1,0,0.0,0,1,1,0,0,0,,1,50.0,0,0,0,2,0,0,0,0,0,0,0,0,1,0.0,0,0,0,0,2,0,0,0,0,0,0,0,0,0,0,0.0,0.0,0,1,0,1,0,0,0.0,0,1,0,0.0,0,0,0,0,2,66.67,1,10,12,22,11.8,1,0,26,0,0,0,40547.0,2108418.0,D,32.0,Wales
Joseph Johnson,825550,Luton Town,72,england,2324,75,2,0,5.8,0,0,0,,0.0,0,0,0.0,2,5,55.56,5,25,30,88.24,0,0.0,1,0,0,0,3,0,0,0,0,0,1,0,0,1,1,4,0,0,1,0,0.0,0,5,3,2,0,0,,0,0.0,0,0,0,4,0,0,0,0,0,0,0,0,0,0.0,0,0,0,0,7,0,0,0,0,0,0,0,0,0,0,0.0,0.0,0,0,0,0,0,0,0.0,0,0,0,0.0,0,2,0,0,0,0.0,9,9,25,34,5.8,0,0,37,0,1,0,,,,,
Luke Harris,1134729,Fulham,43,england,2324,74,1,0,5.8,0,0,0,0.28,0.01,0,0,0.0,1,0,0.0,2,9,11,78.57,0,0.0,0,0,0,0,3,0,1,0,0,0,1,0,0,0,1,5,0,0,2,0,0.0,0,5,5,0,0,0,,3,37.5,0,0,0,3,0,0,0,0,0,0,0,0,0,0.0,0,0,0,0,5,0,0,0,0,0,0,0,0,0,0,0.0,0.0,0,1,0,0,1,0,0.0,0,1,1,100.0,0,0,2,0,3,37.5,0,2,12,14,5.8,1,0,21,2,0,0,14481.0,753006.0,F,18.0,Wales
Daniel Gore,1146145,Manchester United,35,england,2324,1,1,0,0.0,0,0,0,,,0,0,0.0,0,0,0.0,0,0,0,0.0,0,0.0,0,0,0,0,0,0,0,0,0,0,0,0,0,0,0,0,0,0,0,0,0.0,0,0,0,0,0,0,,2,100.0,0,0,0,0,1,0,0,0,0,0,0,0,0,0.0,0,0,0,0,0,0,0,0,0,0,0,0,0,0,0,0.0,0.0,0,0,0,0,0,0,0.0,0,1,1,100.0,0,0,0,0,2,100.0,0,0,0,0,0.0,0,0,3,1,0,0,,,,,
Kaide Gordon,1096447,Liverpool,44,england,2324,1,1,0,0.0,0,0,0,,0.0,0,0,0.0,1,0,0.0,1,0,1,100.0,1,100.0,0,0,0,0,0,0,0,0,0,0,0,0,0,0,0,0,0,0,0,0,0.0,0,0,0,0,0,0,,0,0.0,0,0,0,0,0,0,0,0,0,0,0,0,0,0.0,0,0,0,0,1,0,0,0,0,0,0,0,0,0,0,0.0,0.0,0,0,0,0,0,0,0.0,0,0,0,0.0,0,0,0,0,1,100.0,0,1,0,1,0.0,0,0,2,0,0,0,,,,,
Jimi Tauriainen,1391111,Chelsea,38,england,2324,1,1,0,0.0,0,0,0,,,0,0,0.0,0,0,0.0,0,0,0,0.0,0,0.0,0,0,0,0,0,0,0,0,0,0,0,0,0,0,0,0,0,0,0,0,0.0,0,0,0,0,0,0,,0,0.0,0,0,0,0,0,0,0,0,0,0,0,0,0,0.0,0,0,0,0,0,0,0,0,0,0,0,0,0,0,0,0.0,0.0,0,0,0,0,0,0,0.0,0,0,0,0.0,0,0,0,0,0,0.0,0,0,0,0,0.0,0,0,1,0,0,0,,,,,
Kaelan Casey,1142343,West Ham United,37,england,2324,1,1,0,0.0,0,0,0,,,0,0,0.0,0,0,0.0,0,0,0,0.0,1,100.0,0,0,0,0,0,0,0,0,0,1,0,0,0,0,0,0,0,0,0,0,0.0,0,0,0,0,0,0,,0,0.0,0,0,0,0,0,0,0,0,0,0,0,0,0,0.0,0,0,0,0,0,0,0,0,0,0,0,0,0,0,0,0.0,0.0,0,0,0,0,0,0,0.0,0,0,0,0.0,0,0,0,0,1,100.0,0,0,0,0,0.0,0,0,1,0,0,0,,,,,
Dominic Sadi,1398550,Bournemouth,60,england,2324,1,1,0,0.0,0,0,0,,,0,0,0.0,0,0,0.0,0,0,0,0.0,0,0.0,1,0,0,0,0,0,0,0,0,0,0,0,0,0,0,1,0,0,0,0,0.0,0,0,0,0,0,0,,0,0.0,0,0,0,1,0,0,0,0,0,0,0,0,0,0.0,0,0,0,0,1,0,0,0,0,0,0,0,0,0,0,0.0,0.0,0,0,0,0,0,0,0.0,0,0,0,0.0,0,0,0,0,0,0.0,0,1,0,1,0.0,0,0,2,0,0,0,,,,,
Amadou Diallo,1000449,Newcastle United,39,england,2324,1,1,0,0.0,0,0,0,,0.0,0,0,0.0,0,0,0.0,0,1,1,100.0,0,0.0,0,0,0,0,0,0,0,0,0,0,0,0,0,0,0,0,0,0,0,0,0.0,0,0,0,0,0,0,,0,0.0,0,0,0,0,0,0,0,0,0,0,0,0,0,0.0,0,0,0,0,0,0,0,0,0,0,0,0,0,0,0,0.0,0.0,0,0,0,0,0,0,0.0,0,0,0,0.0,0,0,0,0,0,0.0,0,0,1,1,0.0,0,0,1,0,0,0,,,,,
Michael Ndiweni,1082894,Newcastle United,39,england,2324,1,1,0,0.0,0,0,0,,0.0,0,0,0.0,0,0,0.0,0,1,1,50.0,0,0.0,0,0,0,0,0,0,0,0,0,0,0,0,0,0,0,0,0,0,0,0,0.0,0,0,0,0,0,0,,0,0.0,0,0,0,1,0,0,0,0,0,0,0,0,0,0.0,0,0,0,0,1,0,0,0,0,0,0,0,0,0,0,0.0,0.0,0,0,0,0,0,0,0.0,0,0,0,0.0,0,0,0,0,0,0.0,0,0,2,2,0.0,0,0,2,0,0,0,,,,,
Lewis Warrington,1113799,Everton,48,england,2324,1,1,0,0.0,0,0,0,,0.0,0,0,0.0,0,0,0.0,0,2,2,100.0,0,0.0,0,0,0,0,1,0,0,0,0,0,0,0,0,0,0,0,0,0,0,0,0.0,0,0,0,0,0,0,,0,0.0,0,0,0,0,0,0,0,0,0,0,0,0,0,0.0,0,0,0,0,0,0,0,0,0,0,0,0,0,0,0,0.0,0.0,0,0,0,0,0,0,0.0,0,0,0,0.0,0,0,0,0,0,0.0,0,0,2,2,0.0,0,0,3,0,0,0,,,,,
Jamie Donley,1150934,Tottenham Hotspur,33,england,2324,3,3,0,0.0,0,0,0,,0.0,0,0,0.0,0,0,0.0,0,1,1,100.0,1,50.0,1,0,0,0,2,0,0,0,0,2,0,0,0,1,0,4,0,0,1,0,0.0,0,1,1,0,0,0,,1,25.0,0,0,0,0,0,0,0,0,0,0,0,0,0,0.0,0,0,0,0,2,0,0,0,0,0,0,0,0,0,0,0.0,0.0,0,0,0,0,0,0,0.0,0,0,0,0.0,0,0,1,0,2,33.33,0,0,1,1,0.0,0,0,7,1,1,0,,,,,
Donny van de Beek,361790,Manchester United,35,england,2324,2,1,0,0.0,0,0,0,0.04,0.04,0,0,0.0,1,0,0.0,1,0,1,100.0,0,0.0,0,0,0,0,0,0,0,0,0,0,0,0,0,0,0,0,0,0,0,0,0.0,0,0,0,0,0,0,,0,0.0,0,0,0,0,0,1,0,0,0,0,0,0,0,0.0,0,0,0,0,1,0,0,0,0,0,0,0,0,0,0,0.0,0.0,0,1,0,1,0,0,0.0,0,0,0,0.0,1,0,0,0,0,0.0,0,1,0,1,0.0,1,0,4,0,0,0,104262.0,5421646.0,M,26.0,Netherlands
Alex Matos,1186050,Chelsea,38,england,2324,1,1,0,0.0,0,0,0,0.0,0.0,0,0,0.0,0,0,0.0,0,0,0,0.0,0,0.0,0,0,0,0,0,0,0,0,0,0,0,0,0,1,0,1,0,0,0,0,0.0,0,0,0,0,0,0,,0,0.0,0,0,0,0,0,0,0,0,0,0,0,0,0,0.0,0,0,0,0,1,0,0,0,0,0,0,0,0,0,0,0.0,0.0,0,0,0,0,0,0,0.0,0,0,0,0.0,0,0,0,0,0,0.0,0,0,0,0,0.0,0,0,1,0,0,0,,,,,
Thomas Cannon,1005766,Everton,48,england,2324,1,1,0,0.0,0,0,0,0.0,0.0,0,0,0.0,0,0,0.0,0,0,0,0.0,0,0.0,0,0,0,0,0,0,0,0,0,0,0,0,0,0,0,0,0,0,0,0,0.0,0,0,0,0,0,0,,0,0.0,0,0,0,0,0,0,0,0,0,0,0,0,0,0.0,0,0,0,0,0,0,0,0,0,0,0,0,0,0,0,0.0,0.0,0,0,0,0,0,0,0.0,0,0,0,0.0,0,0,0,0,0,0.0,0,0,0,0,0.0,0,0,0,0,0,0,,,,,
Tyler Onyango,1004342,Everton,48,england,2324,1,1,0,0.0,0,0,0,0.0,0.0,0,0,0.0,0,0,0.0,0,0,0,0.0,0,0.0,0,0,0,0,0,0,0,0,0,0,0,0,0,0,0,0,0,0,0,0,0.0,0,0,0,0,0,0,,0,0.0,0,0,0,0,0,0,0,0,0,0,0,0,0,0.0,0,0,0,0,0,0,0,0,0,0,0,0,0,0,0,0.0,0.0,0,0,0,0,0,0,0.0,0,0,0,0.0,0,0,0,0,0,0.0,0,0,0,0,0.0,0,0,0,0,0,0,5792.0,301203.0,M,20.0,England
