player,player_id,team,team_id,data_country,data_season,minutesPlayed,appearances,matchesStarted,rating,goals,assists,goalsAssistsSum,expectedGoals,expectedAssists,accurateChippedPasses,accurateCrosses,accurateCrossesPercentage,accurateFinalThirdPasses,accurateLongBalls,accurateLongBallsPercentage,accurateOppositionHalfPasses,accurateOwnHalfPasses,accuratePasses,accuratePassesPercentage,aerialDuelsWon,aerialDuelsWonPercentage,aerialLost,attemptPenaltyMiss,attemptPenaltyPost,attemptPenaltyTarget,ballRecovery,bigChancesCreated,bigChancesMissed,blockedShots,cleanSheet,clearances,countRating,crossesNotClaimed,directRedCards,dispossessed,download_date,dribbledPast,duelLost,errorLeadToGoal,errorLeadToShot,fouls,freeKickGoal,goalConversionPercentage,goalKicks,goalsConceded,goalsConcededInsideTheBox,goalsConcededOutsideTheBox,goalsFromInsideTheBox,goalsFromOutsideTheBox,goalsPrevented,groundDuelsWon,groundDuelsWonPercentage,headedGoals,highClaims,hitWoodwork,inaccuratePasses,interceptions,keyPasses,leftFootGoals,offsides,outfielderBlocks,ownGoals,passToAssist,penaltiesTaken,penaltyConceded,penaltyConversion,penaltyFaced,penaltyGoals,penaltySave,penaltyWon,possessionLost,possessionWonAttThird,punches,redCards,rightFootGoals,runsOut,savedShotsFromInsideTheBox,savedShotsFromOutsideTheBox,saves,savesCaught,savesParried,scoringFrequency,setPieceConversion,shotFromSetPiece,shotsFromInsideTheBox,shotsFromOutsideTheBox,shotsOffTarget,shotsOnTarget,successfulDribbles,successfulDribblesPercentage,successfulRunsOut,tackles,tacklesWon,tacklesWonPercentage,totalAttemptAssist,totalChippedPasses,totalContest,totalCross,totalDuelsWon,totalDuelsWonPercentage,totalLongBalls,totalOppositionHalfPasses,totalOwnHalfPasses,totalPasses,totalRating,totalShots,totwAppearances,touches,wasFouled,yellowCards,yellowRedCards
Pape Sy,1463509,Metz,1651,france,2526,167,2,2,7.85,0,0,0,,0.0,0,0,0.0,1,15,32.61,13,11,24,42.11,1,100.0,0,0,0,0,20,0,0,0,1,3,2,0,0,0,20260326,0,0,1,0,0,0,0.0,19,4,3,1,0,0,0.59,1,100.0,0,3,0,33,0,0,0,0,0.0,0,0,0,0,0.0,0,0,0,0,34,0,0,0,0,0,5,7,12,0,5,0.0,0,0,0,0,0,0,0,0.0,0,0,0,0.0,0,0,0,0,2,100.0,46,41,16,57,15.7,0,1,87,2,0,0
Lionel M'Pasi,599192,Le Havre,1662,france,2526,315,4,3,7.83,0,0,0,,0.0,4,0,0.0,4,31,40.26,21,82,103,69.13,2,100.0,0,0,0,0,37,0,0,0,1,5,4,0,0,0,20260326,0,0,0,0,0,0,0.0,37,2,2,0,0,0,2.34,0,0.0,0,3,0,46,0,0,0,0,0.0,0,0,0,0,0.0,0,0,0,0,46,0,3,0,0,2,8,7,15,0,5,0.0,0,0,0,0,0,0,0,0.0,2,0,0,0.0,0,7,0,0,2,100.0,77,61,88,149,31.3,0,0,195,1,2,0
Vitinha,902029,Paris Saint-Germain,1644,france,2526,1946,25,22,7.69,1,7,8,0.97,3.68,125,7,33.33,607,162,76.78,1433,948,2381,94.04,3,60.0,2,0,0,0,128,8,0,9,10,22,25,0,0,9,20260326,13,38,0,1,13,0,3.23,0,17,12,5,0,1,,53,59.55,0,0,0,151,25,34,0,0,5.0,0,0,0,0,0.0,0,0,0,0,204,16,0,0,1,0,0,0,0,0,0,1946.0,0,2,2,29,12,10,12,75.0,0,22,17,77.27,34,178,16,21,56,59.57,211,1554,978,2532,192.2,31,6,2769,19,2,0
Rémy Descamps,788180,Olympique Lyonnais,1649,france,2526,450,5,5,7.66,0,0,0,,0.0,8,0,0.0,1,16,34.04,4,96,100,74.07,0,0.0,0,0,0,0,35,0,0,0,4,3,5,0,0,0,20260326,1,1,0,0,0,0,0.0,15,3,3,0,0,0,2.79,1,50.0,0,3,0,35,0,0,0,0,0.0,1,0,0,0,0.0,0,0,0,0,37,0,2,0,0,2,10,4,14,0,5,0.0,0,0,0,0,0,0,1,100.0,1,0,0,0.0,0,12,1,0,1,50.0,47,25,110,135,38.3,0,1,178,0,0,0
Dilane Bakwa,963298,RC Strasbourg,1659,france,2526,105,3,0,7.53,1,2,3,0.15,0.81,4,2,28.57,16,2,66.67,28,9,37,88.1,0,0.0,0,0,0,0,6,2,0,1,0,1,3,0,0,1,20260326,1,6,0,0,0,0,50.0,0,2,2,0,1,0,,10,62.5,0,0,0,5,1,3,1,0,0.0,0,0,0,0,0.0,0,0,0,1,19,1,0,0,0,0,0,0,0,0,0,105.0,0,0,2,0,0,1,5,55.56,0,1,1,100.0,3,6,9,7,10,62.5,3,33,9,42,22.6,2,1,77,4,0,0
Ilan Kebbal,1049442,Paris FC,6070,france,2526,1966,23,23,7.5,8,4,12,5.63,4.77,48,18,19.35,343,67,71.28,654,431,1085,86.45,2,15.38,11,0,0,0,111,6,3,9,2,6,23,0,0,38,20260326,13,107,0,0,12,0,17.78,0,37,34,3,6,2,,114,54.29,0,0,0,170,7,46,7,3,0.0,0,0,3,0,100.0,0,3,0,1,366,21,0,0,1,0,0,0,0,0,0,245.75,0,0,28,17,18,18,29,46.03,0,31,17,54.84,46,79,63,93,116,52.02,94,787,468,1255,172.5,45,4,1709,55,5,0
Ousmane Dembélé,818244,Paris Saint-Germain,1644,france,2526,744,16,7,7.49,8,5,13,4.92,3.6,22,9,21.95,274,22,75.86,406,69,475,83.92,2,33.33,4,1,0,0,20,7,3,4,0,0,16,0,0,10,20260326,1,29,0,1,2,0,24.24,0,7,4,3,7,1,,24,48.98,1,0,0,91,0,33,3,5,0.0,0,0,3,0,66.67,0,2,0,0,154,7,0,0,4,0,0,0,0,0,0,93.0,0,1,21,12,15,14,17,58.62,0,5,2,40.0,33,29,29,41,26,47.27,29,490,76,566,119.9,33,4,709,2,0,0
Hervé Koffi,867299,Angers,1684,france,2526,2070,23,23,7.39,0,0,0,,0.01,55,0,0.0,11,106,35.45,42,442,484,70.66,7,87.5,1,0,0,0,233,0,0,0,9,24,23,0,0,0,20260326,0,2,1,3,1,0,0.0,141,26,24,2,0,0,10.32,9,90.0,0,33,0,201,0,0,0,0,0.0,0,0,0,1,0.0,5,0,2,0,209,0,9,0,0,8,59,28,88,0,23,0.0,0,0,0,0,0,0,0,0.0,8,1,1,100.0,0,93,0,0,16,88.89,299,176,509,685,169.9,0,4,970,9,1,0
Mason Greenwood,942116,Olympique de Marseille,1641,france,2526,2003,26,24,7.38,15,4,19,12.42,4.61,56,23,24.73,355,65,65.0,613,245,858,81.79,2,25.0,6,1,0,1,58,9,4,26,3,2,26,0,0,18,20260326,17,97,0,0,17,0,15.79,0,28,28,0,12,3,,78,46.15,0,0,3,191,3,47,5,0,1.0,0,2,7,0,71.43,0,5,0,1,380,11,0,0,10,0,0,0,0,0,0,133.53,0,5,56,39,31,38,45,52.94,0,11,10,90.91,45,101,85,93,80,45.2,100,770,279,1049,191.8,95,5,1496,22,4,0
Bradley Barcola,996952,Paris Saint-Germain,1644,france,2526,1328,22,15,7.34,10,1,11,9.05,3.75,10,4,21.05,247,11,91.67,369,88,457,84.16,6,46.15,7,0,0,0,44,9,13,12,4,6,22,0,0,18,20260326,11,93,0,0,16,0,17.86,0,11,10,1,7,3,,61,41.5,2,0,1,86,11,32,2,4,1.0,0,0,0,0,0.0,0,0,0,1,201,16,0,0,6,0,0,0,0,0,0,132.8,0,0,39,17,18,26,29,41.43,0,24,12,50.0,32,13,70,19,67,41.88,12,440,103,543,161.4,56,6,844,8,2,0
Aron Dønnum,863133,Toulouse,1681,france,2526,1951,22,22,7.33,4,4,8,4.55,5.83,77,44,34.92,237,69,69.0,399,235,634,77.89,3,75.0,1,0,0,0,111,8,1,9,7,13,22,0,0,37,20260326,23,110,0,2,25,0,12.12,0,26,24,2,3,1,,87,44.39,0,0,3,180,21,55,4,0,1.0,0,0,3,0,100.0,0,3,0,2,382,13,0,0,0,0,0,0,0,0,0,487.75,0,2,23,10,12,12,20,42.55,0,34,22,64.71,55,132,47,126,90,45.0,100,549,265,814,161.2,33,4,1306,33,7,0
João Neves,1190933,Paris Saint-Germain,1644,france,2526,1004,14,11,7.3,5,1,6,2.38,1.82,19,2,100.0,194,26,72.22,409,307,716,92.03,12,60.0,8,0,0,0,54,3,1,5,2,2,14,0,0,4,20260326,12,39,0,1,12,0,23.81,0,11,7,4,4,1,,37,54.41,1,0,0,62,5,10,1,0,5.0,0,0,0,0,0.0,0,0,0,1,95,8,0,0,3,0,0,0,0,0,0,200.8,0,1,15,6,10,6,7,63.64,0,23,13,56.52,10,29,11,2,49,55.68,36,452,326,778,102.2,21,2,927,8,0,0
Karl-Johan Johnsson,40973,RC Strasbourg,1659,france,2526,90,1,1,7.3,0,0,0,,0.0,2,0,0.0,1,4,36.36,2,23,25,78.13,1,100.0,0,0,0,0,9,0,0,0,1,3,1,0,0,0,20260326,0,0,0,0,0,0,0.0,2,0,0,0,0,0,0.28,0,0.0,0,1,0,7,0,0,0,0,0.0,0,0,0,0,0.0,0,0,0,0,7,0,1,0,0,1,2,0,2,0,0,0.0,0,0,0,0,0,0,0,0.0,1,0,0,0.0,0,2,0,0,1,100.0,11,8,24,32,7.3,0,0,40,0,0,0
Florian Thauvin,148824,RC Lens,1648,france,2526,2142,27,26,7.29,9,5,14,10.33,7.97,56,50,29.41,323,38,54.29,517,268,785,79.13,10,35.71,18,0,0,1,96,15,10,13,3,7,27,0,0,50,20260326,15,147,0,2,17,0,14.06,0,22,16,6,8,1,,97,42.92,1,0,0,207,10,68,7,6,1.0,0,1,3,0,66.67,0,2,0,0,520,23,0,0,1,0,0,0,0,0,0,238.0,0,1,47,17,26,25,44,46.81,0,22,15,68.18,67,118,94,170,107,42.13,70,695,297,992,196.8,64,5,1613,31,5,0
Lucas Beraldo,1108441,Paris Saint-Germain,1644,france,2526,873,12,10,7.27,1,0,1,0.44,0.52,27,0,0.0,95,29,65.91,273,577,850,94.55,23,54.76,19,0,0,0,54,0,0,0,4,47,11,0,0,0,20260326,7,37,0,0,12,0,33.33,15,8,6,2,1,0,,15,45.45,1,0,0,49,13,1,0,0,6.0,0,0,0,0,0.0,0,0,0,0,54,1,0,0,0,0,0,0,0,0,0,873.0,0,0,3,0,2,1,0,0.0,0,13,7,53.85,1,46,0,0,38,50.67,44,302,597,899,80.0,3,1,1009,2,1,0
Grégoire Coudert,891508,Stade Brestois,1715,france,2526,1561,18,17,7.27,0,0,0,,0.04,8,0,0.0,30,127,35.77,101,182,283,55.17,7,100.0,0,0,0,0,122,0,0,0,6,15,18,0,0,0,20260326,1,1,0,0,0,0,0.0,125,24,20,4,0,0,2.46,6,85.71,0,11,0,230,0,0,0,0,0.0,0,0,0,0,0.0,2,0,1,0,232,0,6,0,0,5,36,19,55,0,16,0.0,0,0,0,0,0,0,1,100.0,4,0,0,0.0,0,15,1,0,13,92.86,355,315,198,513,130.8,0,0,667,7,0,0
Nuno Mendes,989768,Paris Saint-Germain,1644,france,2526,1211,18,13,7.26,4,4,8,4.3,3.61,24,15,34.88,266,51,64.56,488,346,834,89.39,7,46.67,8,0,0,0,81,11,3,7,5,14,17,0,0,13,20260326,7,63,0,0,12,1,13.79,0,12,9,3,3,1,,73,57.03,1,0,1,99,13,29,2,2,3.0,0,0,1,1,100.0,0,1,0,0,211,9,0,0,1,0,0,0,0,0,0,302.75,25,4,16,13,8,14,24,50.0,0,25,19,76.0,29,39,48,43,80,55.94,79,563,370,933,123.5,29,3,1312,24,1,0
Berke Özer,847494,Lille,1643,france,2526,2204,25,25,7.26,0,1,1,,0.05,42,0,0.0,29,123,42.86,86,570,656,79.52,9,81.82,2,0,0,0,171,0,0,0,8,22,25,0,0,0,20260326,1,3,0,1,0,0,0.0,94,31,27,4,0,0,4.66,10,90.91,0,11,0,169,0,2,0,0,0.0,0,0,0,0,0.0,2,0,1,0,172,0,8,0,0,9,39,21,61,0,13,0.0,0,0,0,0,0,0,0,0.0,8,2,1,50.0,2,80,0,0,19,86.36,287,228,597,825,181.6,0,1,1041,11,2,0
Yann Gboho,911851,Toulouse,1681,france,2526,2254,26,25,7.25,8,2,10,5.33,4.25,10,8,25.81,295,16,53.33,435,126,561,81.54,2,14.29,12,0,0,0,128,1,3,19,6,2,26,0,0,53,20260326,15,160,0,0,14,0,16.67,0,29,26,3,6,2,,145,49.49,0,0,2,127,13,51,1,3,1.0,0,1,0,0,0.0,0,0,0,0,341,27,0,0,7,0,0,0,0,0,0,281.75,0,0,31,17,14,15,67,50.0,0,17,10,58.82,50,21,134,31,147,47.88,30,550,138,688,188.6,48,3,1184,61,1,0
Gerónimo Rulli,128383,Olympique de Marseille,1641,france,2526,2070,23,23,7.24,0,0,0,,0.02,52,0,0.0,13,109,44.86,52,560,612,81.49,14,93.33,1,0,0,0,219,0,0,0,7,24,23,0,0,0,20260326,1,2,1,2,1,0,0.0,103,27,27,0,0,0,3.11,11,91.67,0,43,0,139,0,0,0,0,0.0,0,0,0,1,0.0,4,0,0,0,143,0,7,0,0,21,42,22,64,1,9,0.0,0,0,0,0,0,0,1,100.0,21,2,0,0.0,0,78,1,0,25,92.59,243,161,590,751,166.6,0,4,1024,13,2,0
Malang Sarr,826203,RC Lens,1648,france,2526,2340,26,26,7.23,0,1,1,1.14,0.52,72,2,28.57,200,111,58.42,569,844,1413,88.59,42,59.15,29,0,0,0,135,1,2,3,10,106,26,0,0,4,20260326,15,67,0,2,16,0,0.0,18,22,16,6,0,0,,68,64.15,0,0,2,182,63,4,0,0,20.0,0,0,0,0,0.0,0,0,0,0,213,5,0,0,0,0,0,0,0,0,0,0.0,0,0,9,8,10,4,5,55.56,0,49,31,63.27,4,128,9,7,110,62.15,190,692,903,1595,188.1,17,5,1967,15,2,0
Samson Baidoo,1099117,RC Lens,1648,france,2526,1545,18,17,7.23,2,1,3,1.62,0.38,9,0,0.0,59,50,66.67,253,571,824,92.69,33,46.48,38,0,0,0,86,1,3,3,7,67,18,0,0,1,20260326,10,62,0,0,16,0,12.5,17,12,9,3,2,0,,39,61.9,2,0,0,65,22,4,0,1,21.0,0,1,0,0,0.0,0,0,0,0,74,3,0,0,0,0,0,0,0,0,0,772.5,0,0,14,2,9,4,7,100.0,0,27,17,62.96,3,19,7,0,72,53.73,75,288,601,889,130.2,16,1,1106,5,2,0
Marquinhos,155995,Paris Saint-Germain,1644,france,2526,779,11,8,7.22,0,0,0,0.09,0.33,16,0,0.0,115,38,66.67,303,357,660,95.24,16,55.17,13,0,0,0,29,0,0,0,4,29,11,0,0,2,20260326,1,22,0,1,7,0,0.0,0,4,3,1,0,0,,17,65.38,0,0,0,33,6,2,0,0,3.0,1,0,0,1,0.0,0,0,0,0,38,0,0,0,0,0,0,0,0,0,0,0.0,0,0,1,0,1,0,1,100.0,0,15,12,80.0,2,27,1,1,33,60.0,57,323,370,693,79.4,1,1,776,1,0,0
Valentin Rongier,581314,Stade Rennais,1658,france,2526,2205,25,25,7.21,1,4,5,0.94,3.51,47,1,6.25,439,41,52.56,810,650,1460,88.92,20,50.0,20,0,0,0,135,7,0,5,8,43,25,0,0,16,20260326,20,103,0,3,39,0,5.0,0,31,26,5,0,1,,97,53.89,0,0,1,182,31,38,0,0,9.0,0,0,0,0,0.0,0,0,0,0,261,18,0,0,1,0,0,0,0,0,0,2205.0,0,0,5,15,6,9,15,57.69,0,60,40,66.67,38,95,26,16,117,53.18,78,950,692,1642,180.3,20,3,2008,22,4,0
Tyler Morton,979118,Olympique Lyonnais,1649,france,2526,2037,23,23,7.2,2,2,4,1.45,3.25,71,18,22.5,260,84,70.0,560,528,1088,88.46,14,43.75,18,0,0,0,102,3,1,12,9,35,23,0,1,11,20260326,9,69,0,2,26,0,8.7,1,24,19,5,1,1,,66,56.41,1,0,2,142,17,27,0,0,11.0,0,1,0,1,0.0,0,0,0,0,259,10,0,1,1,0,0,0,0,0,0,1018.5,0,5,6,17,5,6,10,58.82,0,40,27,67.5,26,115,17,80,80,53.69,120,663,567,1230,165.6,23,1,1580,16,5,0
Andy Diouf,1048889,RC Lens,1648,france,2526,90,1,1,7.2,0,0,0,0.22,0.04,0,0,0.0,11,1,50.0,22,11,33,82.5,0,0.0,0,0,0,0,7,0,0,1,0,0,1,0,0,2,20260326,0,4,0,0,0,0,0.0,0,1,1,0,0,0,,5,55.56,0,0,0,7,0,0,0,0,,0,0,0,0,0.0,0,0,0,0,14,1,0,0,0,0,0,0,0,0,0,0.0,0,0,2,1,1,1,3,60.0,0,1,0,0.0,0,1,5,0,5,55.56,2,29,11,40,7.2,3,0,58,1,0,0
Kyllian Antonio,1546405,RC Lens,1648,france,2526,120,2,1,7.2,0,0,0,0.06,0.02,3,0,0.0,11,1,50.0,23,23,46,86.79,1,25.0,3,0,0,0,10,0,0,0,1,12,2,0,0,0,20260326,0,5,0,0,1,0,0.0,0,0,0,0,0,0,,10,83.33,0,0,0,7,5,0,0,0,0.0,0,0,0,0,0.0,0,0,0,0,9,1,0,0,0,0,0,0,0,0,0,0.0,0,0,1,0,1,0,2,66.67,0,4,3,75.0,0,5,3,1,11,68.75,2,29,24,53,14.4,1,0,88,4,1,0
Moussa Niakhaté,758168,Olympique Lyonnais,1649,france,2526,2128,25,23,7.2,0,2,2,0.3,1.66,46,2,66.67,139,62,43.66,489,991,1480,90.08,70,66.67,35,0,0,0,96,3,0,2,13,138,25,0,0,2,20260326,7,71,0,2,30,0,0.0,48,23,19,4,0,0,,55,60.44,0,0,0,163,21,12,0,0,18.0,0,0,0,1,0.0,0,0,0,0,185,1,0,0,0,0,0,0,0,0,0,0.0,0,0,3,1,2,0,4,66.67,0,28,16,57.14,12,94,6,3,125,63.78,142,602,1041,1643,179.9,4,5,1962,23,3,0
Valentín Barco,1127057,RC Strasbourg,1659,france,2526,1990,24,22,7.19,1,4,5,2.15,6.29,88,27,27.84,286,61,57.55,565,673,1238,86.63,8,44.44,10,0,0,0,120,13,3,9,5,11,24,0,1,25,20260326,11,98,0,3,23,0,4.17,0,27,26,1,1,0,,131,59.82,0,0,0,191,13,38,1,1,0.0,0,2,0,1,0.0,0,0,0,0,356,12,0,1,0,0,0,0,0,0,0,1990.0,0,4,16,8,7,8,21,40.38,0,52,29,55.77,36,162,52,97,139,58.65,106,720,709,1429,172.6,24,2,1894,58,5,0
Robin Risser,1387161,RC Lens,1648,france,2526,2430,27,27,7.19,0,1,1,,0.01,60,0,0.0,13,123,43.93,51,516,567,77.56,4,100.0,0,0,0,0,198,0,0,0,10,14,27,0,0,0,20260326,1,1,0,0,0,0,0.0,121,24,18,6,0,0,6.98,3,75.0,0,10,0,164,0,2,0,0,0.0,0,0,0,0,0.0,5,0,2,0,165,0,5,0,0,8,43,26,69,0,12,0.0,0,0,0,0,0,0,0,0.0,7,0,0,0.0,2,83,0,0,7,87.5,280,162,569,731,194.0,0,1,947,4,2,0
Aïssa Mandi,122810,Lille,1643,france,2526,1805,22,21,7.17,1,0,1,1.01,0.84,62,1,14.29,140,106,66.67,436,794,1230,91.65,35,72.92,13,0,0,0,93,0,0,4,5,80,22,0,0,1,20260326,8,37,0,1,13,0,11.11,54,25,22,3,1,0,,42,63.64,1,0,0,112,30,7,0,0,14.0,0,0,0,0,0.0,0,0,0,0,135,3,0,0,0,0,0,0,0,0,0,1805.0,0,0,8,1,3,2,3,60.0,0,27,19,70.37,7,97,5,7,77,67.54,159,517,825,1342,157.7,9,3,1583,13,7,0
Wesley Saïd,227862,RC Lens,1648,france,2526,1618,23,20,7.17,10,2,12,7.8,3.65,29,5,27.78,139,23,62.16,265,192,457,82.79,14,37.84,23,0,0,0,51,10,8,10,2,15,23,0,0,17,20260326,10,90,0,0,30,0,22.22,0,13,10,3,10,0,,53,44.17,1,0,1,95,9,23,2,12,0.0,0,0,1,0,100.0,0,1,0,0,171,9,0,0,7,0,0,0,0,0,0,161.8,0,0,38,7,15,20,22,61.11,0,18,13,72.22,23,49,36,18,67,42.68,37,337,215,552,164.8,45,4,803,13,2,0
Lamine Camara,1389846,AS Monaco,1653,france,2526,1388,18,16,7.16,0,4,4,1.41,3.22,35,22,29.73,166,48,62.34,404,332,736,84.7,14,45.16,17,0,0,0,125,7,1,6,6,14,18,0,0,16,20260326,10,72,0,3,21,0,0.0,0,14,14,0,0,0,,94,63.09,0,0,0,133,34,27,0,0,4.0,0,0,0,0,0.0,0,0,0,0,259,15,0,0,0,0,0,0,0,0,0,0.0,0,5,5,12,10,1,13,54.17,0,41,24,58.54,27,60,24,74,108,60.0,77,500,369,869,128.8,17,0,1243,40,4,0
Melvin Zinga,963201,Angers,1684,france,2526,180,2,2,7.15,0,0,0,,0.0,2,0,0.0,0,9,36.0,4,29,33,67.35,0,0.0,0,0,0,0,19,0,0,0,0,1,2,0,0,0,20260326,0,0,0,0,0,0,0.0,14,4,3,1,0,0,-0.95,1,100.0,0,0,0,16,0,0,0,0,0.0,0,0,0,0,0.0,0,0,0,0,18,0,0,0,0,0,6,1,7,0,1,0.0,0,0,0,0,0,0,0,0.0,0,1,1,100.0,0,4,0,0,1,100.0,25,16,33,49,14.3,0,0,73,0,0,0
Jaydee Canvot,1471671,Toulouse,1681,france,2526,180,2,2,7.15,0,0,0,0.14,0.02,0,0,0.0,6,1,20.0,35,62,97,91.51,3,60.0,2,0,0,0,10,0,0,0,2,8,2,0,0,0,20260326,1,5,0,0,1,0,0.0,0,0,0,0,0,0,,4,57.14,0,0,0,9,0,0,0,0,,0,0,0,0,0.0,0,0,0,0,10,1,0,0,0,0,0,0,0,0,0,0.0,0,0,1,1,2,0,2,66.67,0,2,1,50.0,0,1,3,0,7,58.33,5,42,64,106,14.3,2,0,132,0,1,0
Pierre-Emile Højbjerg,149593,Olympique de Marseille,1641,france,2526,2108,25,23,7.14,2,4,6,2.22,2.15,40,0,0.0,403,62,56.88,929,692,1621,91.22,24,60.0,16,0,0,0,120,4,4,8,6,32,25,0,0,13,20260326,24,88,0,4,25,0,5.88,0,31,30,1,1,1,,75,51.02,1,0,1,156,20,30,0,0,5.0,0,0,0,0,0.0,0,0,0,0,218,16,0,0,1,0,0,0,0,0,0,1054.0,0,3,18,16,15,11,13,54.17,0,29,18,62.07,30,87,24,6,99,52.94,109,1054,723,1777,178.6,34,3,2078,34,3,0
Bryan Okoh,987491,Auxerre,1646,france,2526,548,7,6,7.13,2,0,2,0.56,0.11,8,0,0.0,16,14,48.28,61,120,181,85.78,14,77.78,4,0,0,0,25,0,0,2,2,31,7,0,0,1,20260326,0,11,1,1,7,0,40.0,0,7,6,1,2,0,,11,61.11,2,0,0,30,15,3,0,0,8.0,0,0,0,0,0.0,0,0,0,0,34,0,0,0,0,0,0,0,0,0,0,274.0,0,0,5,0,1,2,0,0.0,0,8,4,50.0,3,15,1,0,25,69.44,29,82,129,211,49.9,5,1,300,3,1,0
Cristian Cásseres Jr.,878938,Toulouse,1681,france,2526,1966,24,22,7.13,1,1,2,1.67,3.09,64,25,29.07,225,64,62.14,488,421,909,84.72,13,48.15,14,0,0,1,150,4,1,6,8,25,24,0,0,17,20260326,20,89,0,3,29,0,4.76,0,25,22,3,1,0,,114,60.32,0,0,0,164,27,31,0,1,7.0,0,1,1,1,0.0,0,0,0,1,294,15,0,0,1,0,0,0,0,0,0,1966.0,0,2,7,14,10,5,16,57.14,0,64,35,54.69,30,112,28,86,127,58.8,103,614,459,1073,171.0,21,1,1484,35,6,0
Nayef Aguerd,877102,Olympique de Marseille,1641,france,2526,1399,16,16,7.13,1,0,1,0.66,0.3,16,0,0.0,108,28,36.84,463,747,1210,92.86,38,63.33,22,0,0,0,74,1,0,4,4,75,16,0,0,3,20260326,4,51,1,0,21,0,10.0,21,17,16,1,0,1,,29,50.0,0,0,0,93,21,3,1,0,9.0,0,0,0,0,0.0,0,0,0,0,112,1,0,0,0,0,0,0,0,0,0,1399.0,0,0,8,2,5,1,1,33.33,0,22,16,72.73,3,39,3,2,67,56.78,76,519,784,1303,114.0,10,3,1501,6,4,0
Endrick,1174937,Olympique Lyonnais,1649,france,2526,703,9,8,7.12,3,4,7,4.47,1.33,16,4,16.0,73,19,63.33,111,33,144,75.39,1,14.29,6,0,0,0,22,6,6,4,1,3,9,0,0,15,20260326,2,58,0,1,10,0,10.0,0,11,9,2,3,0,,44,45.83,0,0,0,47,3,15,3,3,0.0,0,0,1,0,100.0,0,1,0,1,140,6,0,1,0,0,0,0,0,0,0,234.33,0,0,16,14,8,18,25,50.0,0,4,2,50.0,15,26,50,25,45,43.69,30,151,40,191,64.1,30,1,388,15,1,1
Anthony Rouault,991479,Stade Rennais,1658,france,2526,1544,19,17,7.11,1,0,1,1.21,0.35,25,0,0.0,122,40,44.44,351,633,984,88.65,40,57.14,30,0,0,0,51,0,3,3,7,100,19,0,0,5,20260326,12,72,0,1,25,0,12.5,21,19,17,2,1,0,,36,46.15,0,0,0,126,16,6,0,0,18.0,0,0,0,1,0.0,0,0,0,0,149,0,0,0,1,0,0,0,0,0,0,1544.0,0,0,8,0,2,3,3,75.0,0,25,13,52.0,6,61,4,0,76,51.35,90,414,696,1110,135.1,8,3,1364,8,5,0
Benjamin André,51665,Lille,1643,france,2526,1790,20,20,7.11,2,1,3,2.44,2.1,48,3,23.08,285,49,66.22,564,349,913,82.48,69,56.56,53,0,0,0,114,2,0,7,8,30,20,0,0,20,20260326,13,118,0,0,31,0,9.09,0,17,14,3,2,0,,83,56.08,2,0,0,194,26,21,0,2,4.0,0,0,0,0,0.0,0,0,0,0,263,21,0,0,0,0,0,0,0,0,0,895.0,0,0,21,1,11,4,9,52.94,0,46,26,56.52,21,70,17,13,152,56.3,74,716,391,1107,142.1,22,1,1430,31,7,0
Mamadou Sangare,1064697,RC Lens,1648,france,2526,1877,24,22,7.1,3,3,6,2.61,1.5,42,1,14.29,238,60,64.52,535,436,971,86.39,25,56.82,19,0,0,0,163,2,2,13,4,24,24,0,0,21,20260326,34,124,0,1,32,0,7.89,0,18,13,5,1,2,,134,56.07,0,0,1,153,33,22,3,3,4.0,0,0,0,1,0.0,0,0,0,0,253,24,0,0,0,0,0,0,0,0,0,625.67,0,1,13,25,14,11,28,58.33,0,71,44,61.97,22,70,48,7,159,56.18,93,644,480,1124,170.5,38,0,1539,37,4,0
Pape Diop,1410217,Toulouse,1681,france,2526,872,10,10,7.1,1,2,3,1.14,1.23,16,3,23.08,120,25,62.5,216,220,436,87.73,4,50.0,4,0,0,0,69,2,2,5,3,10,10,0,0,12,20260326,17,51,0,0,12,0,4.35,1,9,8,1,0,1,,45,48.91,0,0,0,61,20,16,0,0,1.0,0,0,0,0,0.0,0,0,0,0,113,7,0,0,1,0,0,0,0,0,0,872.0,0,1,4,19,7,11,4,40.0,0,27,15,55.56,16,29,10,13,49,49.0,40,264,233,497,71.0,23,1,675,14,2,0
Georges Mikautadze,1009372,Olympique Lyonnais,1649,france,2526,179,2,2,7.1,1,0,1,1.06,0.07,0,0,0.0,9,1,100.0,17,10,27,84.38,0,0.0,2,0,0,0,7,0,0,2,2,0,2,0,0,3,20260326,1,8,0,0,0,0,10.0,0,0,0,0,1,0,,6,50.0,0,0,0,5,1,0,0,1,0.0,0,0,0,0,0.0,0,0,0,0,13,0,0,0,1,0,0,0,0,0,0,179.0,0,0,6,4,4,4,5,71.43,0,0,0,0.0,0,1,7,0,6,42.86,1,21,11,32,14.2,10,0,60,1,0,0
Anthony Lopes,48535,Nantes,1647,france,2526,2249,25,25,7.1,0,0,0,0.08,0.03,46,0,0.0,20,138,42.33,84,489,573,75.2,10,90.91,1,0,0,0,194,0,0,1,4,28,25,1,0,0,20260326,1,2,0,0,0,0,0.0,104,43,37,6,0,0,-0.05,9,90.0,0,17,0,189,1,0,0,0,0.0,0,0,0,0,0.0,3,0,0,0,194,0,7,0,0,13,57,24,81,1,18,0.0,0,0,1,0,0,0,1,100.0,13,1,1,100.0,0,73,1,0,19,90.48,326,233,529,762,177.4,1,1,1030,13,3,0
Issa Soumaré,1001458,Le Havre,1662,france,2526,2319,27,26,7.09,6,2,8,11.51,2.67,18,10,18.52,131,20,76.92,235,127,362,70.57,102,58.96,71,1,0,1,75,7,13,8,6,38,27,0,0,39,20260326,11,185,0,0,41,0,9.68,0,34,33,1,5,1,,101,46.98,0,0,4,151,7,22,3,11,5.0,0,0,3,0,33.33,0,1,0,2,346,13,0,0,3,0,0,0,0,0,0,386.5,0,1,46,16,33,21,21,40.38,0,25,13,52.0,22,24,52,54,203,52.32,26,361,152,513,191.4,62,3,1015,57,2,0
Emmanuel Emegha,1048333,RC Strasbourg,1659,france,2526,414,7,4,7.09,4,2,6,3.6,0.12,0,0,0.0,8,1,100.0,19,16,35,81.4,5,100.0,0,0,0,0,9,2,2,4,1,5,7,0,0,1,20260326,0,15,0,1,10,0,25.0,0,4,3,1,4,0,,11,42.31,1,0,0,8,0,3,1,3,0.0,0,0,0,0,0.0,0,0,0,0,22,1,0,0,2,0,0,0,0,0,0,103.5,0,1,15,1,4,8,2,33.33,0,0,0,0.0,3,0,6,0,16,51.61,1,24,19,43,49.6,16,1,94,9,3,0
Maghnes Akliouche,1130939,AS Monaco,1653,france,2526,1893,24,22,7.08,6,3,9,6.39,4.01,41,8,29.63,312,34,77.27,523,215,738,84.54,3,15.79,16,0,0,0,122,7,5,13,3,12,24,0,0,32,20260326,22,113,1,0,20,0,15.0,0,29,28,1,6,0,,82,45.81,0,0,1,135,15,31,4,9,1.0,0,0,0,0,0.0,0,0,0,1,276,23,0,0,2,0,0,0,0,0,0,315.5,0,0,23,17,13,14,18,41.86,0,35,20,57.14,31,60,43,27,85,42.93,44,634,239,873,170.0,40,2,1247,29,2,0
Allan Saint-Maximin,347010,RC Lens,1648,france,2526,177,5,1,7.08,1,2,3,0.19,0.56,1,0,0.0,36,6,85.71,45,9,54,87.1,1,50.0,1,0,0,0,12,1,0,4,0,0,5,0,0,8,20260326,0,21,0,0,3,0,16.67,0,3,2,1,0,1,,10,33.33,0,0,0,8,0,7,0,1,0.0,0,0,0,0,0.0,0,0,0,0,38,4,0,0,1,0,0,0,0,0,0,177.0,0,0,2,4,1,1,7,43.75,0,1,0,0.0,7,2,16,3,11,34.38,7,51,11,62,35.4,6,0,111,2,0,0
Eric Dier,146101,AS Monaco,1653,france,2526,672,8,7,7.08,1,0,1,0.49,0.34,17,0,0.0,83,29,67.44,277,269,546,93.65,14,51.85,13,0,0,0,19,0,0,1,0,28,8,0,0,0,20260326,5,27,1,0,9,0,33.33,2,14,13,1,1,0,,9,39.13,1,0,0,37,10,2,0,0,9.0,0,0,0,0,0.0,0,0,0,0,42,0,0,0,0,0,0,0,0,0,0,672.0,0,0,3,0,0,2,0,0.0,0,7,4,57.14,2,29,0,2,23,46.0,43,300,283,583,56.6,3,2,661,4,0,0
Branco van den Boomen,190883,Angers,1684,france,2526,620,8,7,7.08,0,1,1,0.32,1.13,30,11,31.43,95,41,89.13,196,188,384,91.87,5,41.67,7,0,0,0,25,1,0,3,2,9,8,0,0,2,20260326,11,33,0,1,11,0,0.0,0,10,8,2,0,0,,17,39.53,0,0,0,34,4,14,0,0,2.0,0,0,0,0,0.0,0,0,0,0,73,3,0,0,0,0,0,0,0,0,0,0.0,0,2,1,8,4,2,3,50.0,0,10,4,40.0,14,37,6,35,22,40.0,46,216,202,418,56.6,9,0,517,4,2,0
Matthieu Udol,787827,RC Lens,1648,france,2526,2418,27,27,7.07,1,7,8,3.83,6.96,35,33,38.37,221,38,37.62,425,448,873,83.54,30,49.18,31,0,0,0,114,19,6,8,10,53,27,0,0,23,20260326,16,117,0,0,27,0,2.7,0,24,18,6,1,0,,79,47.88,0,0,0,172,43,44,1,2,8.0,0,1,0,0,0.0,0,0,0,0,330,12,0,0,0,0,0,0,0,0,0,2418.0,0,0,34,3,17,12,15,40.54,0,40,18,45.0,43,80,37,86,109,48.23,101,548,497,1045,191.0,37,1,1684,24,2,0
Maxi Oyedele,1153355,RC Strasbourg,1659,france,2526,75,3,1,7.05,1,0,1,0.1,0.01,3,0,0.0,6,3,60.0,22,34,56,88.89,1,50.0,1,0,0,0,3,0,0,0,0,1,2,0,0,0,20260326,0,4,0,0,3,0,100.0,0,2,2,0,1,0,,4,57.14,0,0,0,7,3,0,0,0,0.0,0,0,0,0,0.0,0,0,0,0,13,0,0,0,1,0,0,0,0,0,0,75.0,0,0,1,0,0,1,1,100.0,0,2,1,50.0,0,4,1,0,5,55.56,5,28,35,63,14.1,1,0,81,1,1,0
Désiré Doué,1154605,Paris Saint-Germain,1644,france,2526,918,17,11,7.05,5,2,7,7.05,1.87,12,7,18.42,210,13,54.17,337,140,477,85.79,0,0.0,3,0,0,1,40,4,8,8,0,1,17,0,0,23,20260326,8,84,1,0,19,0,12.5,0,10,8,2,4,1,,69,46.0,0,0,4,79,7,22,1,0,1.0,0,0,1,0,0.0,0,0,0,3,197,13,0,0,4,0,0,0,0,0,0,183.6,0,2,25,15,16,16,22,41.51,0,24,13,54.17,22,20,53,38,69,45.1,24,403,153,556,119.8,40,1,848,23,0,0
Gautier Lloris,287887,Le Havre,1662,france,2526,1770,22,21,7.05,1,1,2,0.76,0.37,27,0,0.0,68,51,51.0,276,778,1054,92.21,57,73.08,21,0,0,0,60,1,3,1,4,116,22,0,1,4,20260326,7,52,0,0,22,0,12.5,4,22,22,0,1,0,,43,58.11,1,0,0,89,35,3,0,0,15.0,1,0,0,1,0.0,0,0,0,1,104,1,0,1,0,0,0,0,0,0,0,1770.0,0,0,8,0,4,3,1,33.33,0,30,18,60.0,3,58,3,0,100,65.79,100,339,804,1143,155.0,8,3,1415,12,1,0
Lucas Hernández,352370,Paris Saint-Germain,1644,france,2526,1255,18,14,7.04,0,2,2,0.3,0.56,20,2,22.22,180,23,43.4,459,572,1031,92.38,17,68.0,8,0,0,0,54,1,0,2,8,35,18,0,0,5,20260326,6,36,0,0,14,0,0.0,0,8,6,2,0,0,,32,53.33,0,0,0,85,15,13,0,0,7.0,0,0,0,0,0.0,0,0,0,0,110,3,0,0,0,0,0,0,0,0,0,0.0,0,0,5,2,3,2,3,50.0,0,16,8,50.0,13,45,6,9,49,57.65,53,517,599,1116,126.8,7,0,1355,15,2,0
Corentin Tolisso,343067,Olympique Lyonnais,1649,france,2526,1895,24,22,7.04,7,1,8,7.88,3.08,71,9,21.43,246,72,75.0,498,417,915,84.41,41,49.4,42,0,0,1,89,6,7,10,7,26,24,0,0,22,20260326,25,132,0,2,36,0,17.07,0,22,19,3,7,0,,77,46.11,1,0,1,169,15,29,3,3,6.0,0,1,2,1,50.0,0,1,0,1,277,13,0,0,3,0,0,0,0,0,0,270.71,0,0,29,12,11,20,4,28.57,0,28,17,60.71,28,96,14,42,118,47.2,96,622,462,1084,169.0,41,2,1438,46,5,0
Fabián Ruiz,784655,Paris Saint-Germain,1644,france,2526,795,13,9,7.04,1,2,3,1.02,1.48,26,1,9.09,255,34,68.0,510,269,779,92.41,2,66.67,1,0,0,0,33,2,3,3,2,6,13,0,0,4,20260326,7,17,0,1,1,0,7.69,0,9,6,3,1,0,,11,40.74,0,0,1,64,8,12,0,1,0.0,0,0,0,0,0.0,0,0,0,0,100,4,0,0,1,0,0,0,0,0,0,795.0,0,0,9,4,6,4,0,0.0,0,10,6,60.0,12,45,5,11,13,43.33,50,565,278,843,91.5,13,1,945,1,1,0
Przemysław Frankowski,286909,Stade Rennais,1658,france,2526,1198,18,15,7.04,1,2,3,0.5,2.52,30,20,23.26,168,23,45.1,317,206,523,82.1,6,54.55,5,0,0,0,49,2,0,3,1,35,17,0,0,7,20260326,17,42,0,1,12,0,11.11,0,16,13,3,1,0,,54,59.34,1,0,0,114,8,31,0,1,1.0,0,2,0,0,0.0,0,0,0,0,217,8,0,0,0,0,0,0,0,0,0,1198.0,0,1,5,4,3,3,4,57.14,0,40,22,55.0,29,51,7,86,60,58.82,51,392,245,637,119.6,9,1,987,10,5,0
Charlie Cresswell,1020744,Toulouse,1681,france,2526,2160,24,24,7.03,3,2,5,2.78,0.85,47,0,0.0,82,71,45.22,285,764,1049,85.77,116,64.44,64,0,0,0,62,1,2,5,8,152,24,0,0,5,20260326,17,110,0,0,28,0,10.0,46,28,25,3,3,0,,36,43.9,1,0,2,174,23,9,0,4,26.0,0,0,0,0,0.0,0,0,0,0,187,0,0,0,2,0,0,0,0,0,0,720.0,0,0,29,1,16,9,0,0.0,0,23,12,52.17,9,90,0,1,152,58.02,157,426,797,1223,168.8,30,2,1551,14,6,0
Mohammed Salisu,946158,AS Monaco,1653,france,2526,1080,12,12,7.03,1,0,1,0.77,0.2,10,0,0.0,51,25,36.23,254,460,714,87.5,38,66.67,19,0,0,0,52,0,1,2,2,84,12,0,0,2,20260326,12,50,0,2,17,0,12.5,25,21,20,1,1,0,,30,49.18,1,0,1,102,17,2,0,4,21.0,1,0,0,0,0.0,0,0,0,0,111,2,0,0,0,0,0,0,0,0,0,1080.0,0,0,7,1,4,2,2,100.0,0,25,10,40.0,2,45,2,0,68,57.63,69,320,496,816,84.4,8,1,1009,3,3,0
Donovan Léon,159837,Auxerre,1646,france,2526,2122,25,25,7.03,0,0,0,,0.04,43,0,0.0,30,172,35.39,113,237,350,52.63,6,85.71,1,0,0,0,185,0,0,0,6,18,25,0,2,0,20260326,0,3,2,2,2,0,0.0,150,32,27,5,0,0,1.79,8,80.0,0,8,0,315,0,1,0,0,0.0,0,0,0,0,0.0,2,0,1,0,318,0,8,2,0,18,55,28,83,0,18,0.0,0,0,0,0,0,0,1,100.0,14,2,2,100.0,1,67,1,0,14,82.35,486,396,269,665,175.8,0,2,882,6,0,0
Khvicha Kvaratskhelia,889259,Paris Saint-Germain,1644,france,2526,1160,22,14,7.03,4,3,7,5.28,4.36,26,9,25.0,248,18,54.55,449,148,597,87.15,4,30.77,9,0,0,0,37,8,6,14,2,4,22,0,0,21,20260326,12,86,0,0,17,0,8.0,0,10,7,3,4,0,,70,47.62,0,0,2,88,9,28,0,4,2.0,0,0,0,0,0.0,0,0,0,0,206,10,0,0,4,0,0,0,0,0,0,290.0,0,1,40,10,15,21,31,53.45,0,18,8,44.44,28,38,58,36,74,46.25,33,520,165,685,154.7,50,3,990,21,1,0
Pavel Šulc,957604,Olympique Lyonnais,1649,france,2526,1348,22,15,7.03,11,3,14,8.02,1.65,5,3,21.43,93,6,42.86,145,94,239,74.45,12,24.49,37,0,0,0,34,5,4,11,3,10,20,0,0,11,20260326,15,103,0,0,27,0,27.5,0,16,13,3,10,1,,49,42.61,3,0,0,82,7,18,1,6,0.0,0,0,0,0,0.0,0,0,0,0,170,7,0,0,7,0,0,0,0,0,0,122.55,0,0,34,6,13,16,15,51.72,0,20,10,50.0,18,16,29,14,61,37.2,14,208,113,321,140.6,40,1,552,14,2,0
Pablo Pagis,1174462,Lorient,1656,france,2526,1277,21,16,7.03,8,1,9,5.8,2.12,21,19,28.36,117,33,67.35,218,141,359,76.71,7,25.0,21,0,0,0,65,4,3,11,0,17,21,0,0,16,20260326,9,81,0,0,17,1,18.6,0,22,21,1,6,2,,45,42.86,0,0,2,109,14,25,2,2,2.0,0,1,1,0,100.0,0,1,0,0,227,10,0,0,6,0,0,0,0,0,0,159.63,20,5,25,18,17,15,14,43.75,0,18,11,61.11,24,49,32,67,52,39.1,49,303,165,468,147.6,43,3,776,13,1,0
Amadou Haidara,822708,RC Lens,1648,france,2526,96,4,0,7.03,1,0,1,0.14,0.1,1,0,0.0,22,2,66.67,42,23,65,92.86,3,100.0,0,0,0,0,1,0,0,0,0,1,4,0,0,1,20260326,1,3,0,0,1,0,50.0,0,0,0,0,1,0,,2,40.0,0,0,0,5,2,0,1,0,0.0,0,0,0,0,0.0,0,0,0,0,6,0,0,0,0,0,0,0,0,0,0,96.0,0,0,1,1,0,2,0,0.0,0,0,0,0.0,0,1,0,0,5,62.5,3,47,23,70,28.1,2,1,80,2,0,0
Malick Fofana,1195784,Olympique Lyonnais,1649,france,2526,740,10,9,7.02,2,1,3,2.71,1.84,8,7,29.17,71,4,40.0,120,47,167,79.9,0,0.0,4,0,0,0,19,3,4,7,3,2,10,0,0,4,20260326,2,33,0,0,11,0,11.11,0,7,7,0,2,0,,39,57.35,0,0,0,42,3,9,0,3,0.0,0,0,0,0,0.0,0,0,0,0,94,2,0,0,2,0,0,0,0,0,0,370.0,0,0,16,2,2,9,7,35.0,0,11,5,45.45,9,14,20,24,39,54.17,10,151,58,209,70.2,18,1,354,21,1,0
Ismaelo Ganiou,1408080,RC Lens,1648,france,2526,1423,16,16,7.02,2,0,2,1.46,0.55,22,2,22.22,101,36,42.35,300,488,788,87.75,30,52.63,27,0,0,0,74,1,2,3,7,79,16,0,0,2,20260326,7,57,1,0,20,0,16.67,4,14,11,3,2,0,,44,59.46,0,0,0,110,19,4,1,0,7.0,0,0,0,1,0.0,0,0,0,0,143,1,0,1,1,0,0,0,0,0,0,711.5,0,0,9,3,7,2,5,62.5,0,23,18,78.26,4,43,8,9,74,56.49,85,368,530,898,112.3,12,2,1132,16,2,1
Matías Fernández,1149144,Lille,1643,france,2526,1767,22,20,7.02,5,4,9,5.21,3.55,12,11,22.92,222,12,80.0,316,102,418,82.77,3,12.5,21,0,0,0,42,4,9,21,4,3,22,0,0,19,20260326,15,92,0,0,11,0,10.2,0,23,21,2,5,0,,75,51.37,0,0,3,87,6,28,0,10,1.0,0,0,0,0,0.0,0,0,0,1,212,13,0,0,5,0,0,0,0,0,0,353.4,0,0,38,11,6,22,29,48.33,0,17,11,64.71,28,15,60,48,78,45.88,15,395,110,505,154.4,49,4,830,29,4,0
Jonathan Clauss,821728,Nice,1661,france,2526,2010,24,22,7.01,1,6,7,1.14,5.7,33,56,30.27,237,46,49.46,460,395,855,81.2,9,39.13,14,0,0,0,115,12,1,7,3,58,24,0,0,12,20260326,21,71,0,2,17,0,5.26,0,47,42,5,1,0,,92,61.74,0,0,0,198,35,56,0,1,5.0,0,1,0,1,0.0,0,0,0,0,396,9,0,0,1,0,0,0,0,0,0,2010.0,0,4,8,11,8,4,23,69.7,0,54,31,57.41,55,88,33,185,101,58.72,93,618,435,1053,168.2,19,2,1720,15,0,0
Odsonne Édouard,795228,RC Lens,1648,france,2526,1475,23,22,7.0,12,3,15,9.77,1.62,4,0,0.0,89,4,66.67,138,64,202,80.8,22,53.66,19,0,0,0,31,3,14,8,0,20,23,0,0,34,20260326,13,103,1,0,18,0,26.09,0,15,10,5,12,0,,38,31.15,3,0,1,48,1,17,2,9,3.0,0,0,1,0,100.0,0,1,0,1,140,11,0,0,7,0,0,0,0,0,0,122.92,0,1,37,9,13,25,14,41.18,0,9,5,55.56,17,8,34,1,60,36.81,6,175,75,250,161.0,46,3,494,16,1,0
Rassoul Ndiaye,992026,Le Havre,1662,france,2526,2079,27,24,7.0,4,3,7,2.69,2.12,19,19,22.89,191,24,63.16,343,241,584,83.31,12,35.29,22,0,0,0,122,4,3,9,3,17,27,0,0,11,20260326,36,96,0,0,14,0,14.81,0,26,25,1,4,0,,96,56.47,1,0,1,117,13,24,0,4,2.0,0,0,0,0,0.0,0,0,0,0,233,10,0,0,3,0,0,0,0,0,0,519.75,0,0,15,12,11,7,19,57.58,0,48,22,45.83,24,38,33,83,108,52.94,38,423,278,701,189.0,27,1,1069,30,1,0
Arthur Avom Ebong,1465307,Lorient,1656,france,2526,1712,24,18,7.0,1,1,2,0.86,2.6,53,12,30.77,223,66,61.11,416,435,851,83.51,9,39.13,14,0,0,0,96,3,0,5,3,18,24,0,0,18,20260326,21,82,0,1,15,0,5.88,6,24,22,2,0,1,,97,58.79,0,0,0,168,25,28,0,0,2.0,1,0,0,1,0.0,0,0,0,1,271,12,0,0,1,0,0,0,0,0,0,1712.0,0,1,5,12,9,3,21,58.33,0,45,26,57.78,28,106,36,39,106,56.38,108,532,487,1019,168.0,17,1,1350,34,3,0
Brad-Hamilton Mantsounga,2168291,Nice,1661,france,2526,90,1,1,7.0,0,0,0,,0.01,0,0,0.0,4,1,50.0,27,58,85,98.84,0,0.0,1,0,0,0,1,0,0,0,0,5,1,0,0,0,20260326,0,1,0,0,0,0,0.0,0,5,4,1,0,0,,8,100.0,0,0,0,1,0,0,0,0,3.0,0,0,0,0,0.0,0,0,0,0,1,0,0,0,0,0,0,0,0,0,0,0.0,0,0,0,0,0,0,0,0.0,0,6,3,50.0,0,0,0,0,8,88.89,2,28,58,86,7.0,0,0,103,2,0,0
Yvon Mvogo,149656,Lorient,1656,france,2526,2160,24,24,7.0,0,0,0,,0.02,82,0,0.0,11,161,46.4,50,629,679,77.51,11,84.62,2,0,0,0,170,0,0,0,4,19,24,0,0,0,20260326,1,3,0,2,0,0,0.0,88,33,31,2,0,0,-2.28,3,75.0,0,27,0,197,1,0,0,0,0.0,0,0,0,0,0.0,5,0,0,0,204,0,8,0,0,5,34,20,54,0,12,0.0,0,0,0,0,0,0,1,100.0,4,1,1,100.0,0,119,1,0,14,82.35,347,185,691,876,168.0,0,3,1091,4,0,0
Michel Diaz,1400993,Stade Brestois,1715,france,2526,1294,16,14,7.0,0,0,0,0.27,0.19,23,0,0.0,39,47,58.75,129,325,454,85.18,30,56.6,23,0,0,0,46,0,1,2,6,84,16,0,0,0,20260326,4,34,0,0,6,0,0.0,0,16,15,1,0,0,,30,73.17,0,0,1,79,19,1,0,0,19.0,0,0,0,0,0.0,0,0,0,1,89,1,0,0,0,0,0,0,0,0,0,0.0,0,0,5,0,3,0,3,75.0,0,19,13,68.42,1,34,4,0,60,63.83,80,179,354,533,112.0,5,0,725,8,3,0
Ali Youssef,1107439,Nantes,1647,france,2526,528,6,6,7.0,0,0,0,0.08,0.17,11,0,0.0,20,18,56.25,64,144,208,85.25,17,94.44,1,0,0,0,18,0,0,0,1,39,6,0,0,0,20260326,3,10,0,0,6,0,0.0,10,8,7,1,0,0,,13,59.09,0,0,0,36,8,1,0,0,3.0,0,0,0,0,0.0,0,0,0,0,39,1,0,0,0,0,0,0,0,0,0,0.0,0,0,1,1,2,0,2,100.0,0,7,5,71.43,1,27,2,1,30,75.0,32,90,154,244,42.0,2,0,325,4,3,0
Kévin Danois,1151803,Auxerre,1646,france,2526,2208,26,25,7.0,2,1,3,1.57,3.8,55,35,33.98,300,72,69.23,576,420,996,85.79,9,34.62,17,0,0,0,157,8,1,5,7,10,26,0,0,33,20260326,35,126,0,1,24,0,9.52,0,31,26,5,0,2,,105,49.07,0,0,1,165,33,45,1,2,2.0,0,1,0,0,0.0,0,0,0,0,331,16,0,0,1,0,0,0,0,0,0,1104.0,0,0,7,14,10,6,30,62.5,0,56,31,55.36,44,92,48,103,114,47.5,104,701,460,1161,181.9,21,3,1604,19,3,0
Clinton Mata,152813,Olympique Lyonnais,1649,france,2526,2206,25,25,7.0,0,0,0,0.11,0.65,38,2,28.57,108,50,42.02,381,948,1329,90.59,31,54.39,26,0,0,0,86,0,0,0,9,120,25,0,0,2,20260326,9,72,0,1,28,0,0.0,23,29,24,5,0,0,,72,61.02,0,0,0,138,20,2,0,0,24.0,1,0,0,1,0.0,0,0,0,0,171,2,0,0,0,0,0,0,0,0,0,0.0,0,1,1,2,3,0,8,53.33,0,34,15,44.12,2,86,15,7,103,58.86,119,469,998,1467,174.9,3,4,1809,31,5,0
Pierre-Emerick Aubameyang,51498,Olympique de Marseille,1641,france,2526,1583,24,17,6.99,8,5,13,9.14,3.28,12,2,8.7,114,7,53.85,170,119,289,83.77,10,37.04,17,0,0,0,33,8,11,3,0,8,24,0,0,10,20260326,7,59,1,0,17,0,21.05,0,19,18,1,8,0,,30,41.67,0,0,1,56,4,22,1,6,0.0,0,0,0,0,0.0,0,0,0,1,136,7,0,0,7,0,0,0,0,0,0,197.88,0,0,35,3,13,22,9,52.94,0,7,4,57.14,22,24,17,23,40,40.4,13,212,133,345,167.8,38,2,548,14,1,0
Jérémy Jacquet,1445625,Stade Rennais,1658,france,2526,1673,19,19,6.99,0,0,0,1.04,0.48,32,0,0.0,106,57,55.88,359,614,973,90.43,37,75.51,12,0,0,0,77,0,0,3,5,91,19,0,0,1,20260326,2,39,1,2,20,0,0.0,29,29,27,2,0,0,,44,61.97,0,0,0,103,19,9,0,1,16.0,0,0,0,1,0.0,0,0,0,0,119,0,0,1,0,0,0,0,0,0,0,0.0,0,0,9,2,5,3,4,50.0,0,27,16,59.26,9,61,8,0,81,67.5,102,429,647,1076,132.8,11,1,1321,17,4,1
Rémy Cabella,72998,Nantes,1647,france,2526,497,9,5,6.99,1,0,1,2.09,1.03,11,14,46.67,84,11,52.38,149,125,274,83.28,6,54.55,5,0,0,0,34,1,2,2,0,1,9,0,0,6,20260326,6,26,0,0,7,0,16.67,0,14,10,4,1,0,,25,54.35,0,0,0,55,4,15,0,1,0.0,0,1,1,0,100.0,0,1,0,0,91,9,0,0,1,0,0,0,0,0,0,497.0,0,0,5,1,1,3,4,57.14,0,12,6,50.0,14,26,7,30,31,54.39,21,188,141,329,62.9,6,1,436,10,1,0
Wout Faes,361696,AS Monaco,1653,france,2526,659,8,8,6.99,0,0,0,0.38,0.49,1,0,0.0,53,9,56.25,175,230,405,93.75,14,58.33,10,0,0,0,22,0,1,1,2,41,8,0,0,0,20260326,1,19,0,0,9,0,0.0,13,8,8,0,0,0,,11,55.0,0,0,0,27,10,0,0,0,6.0,0,0,0,0,0.0,0,0,0,0,30,0,0,0,0,0,0,0,0,0,0,0.0,0,0,4,0,2,1,0,0.0,0,8,6,75.0,0,6,0,0,25,56.82,16,193,239,432,55.9,4,2,519,3,3,0
Kang-in Lee,917087,Paris Saint-Germain,1644,france,2526,1167,21,14,6.99,2,3,5,2.3,4.25,45,29,43.28,309,48,67.61,499,223,722,91.16,4,40.0,6,0,0,0,48,10,1,9,0,5,21,0,0,15,20260326,8,58,2,3,14,0,6.25,0,11,8,3,2,0,,49,48.51,0,0,1,70,2,42,2,2,1.0,0,1,0,1,0.0,0,0,0,0,168,8,0,0,0,0,0,0,0,0,0,583.5,0,2,16,16,11,12,18,52.94,0,14,6,42.86,41,61,34,67,53,47.75,71,549,243,792,146.7,32,1,1046,18,2,0
Mike Penders,1149148,RC Strasbourg,1659,france,2526,2340,26,26,6.98,0,0,0,,0.03,53,0,0.0,18,110,44.35,65,870,935,86.1,4,100.0,0,0,0,0,192,0,0,0,8,14,26,0,0,0,20260326,0,1,2,2,1,0,0.0,95,33,31,2,0,0,1.95,0,0.0,0,18,0,151,0,0,0,0,0.0,0,0,0,1,0.0,4,0,1,0,157,0,6,0,0,4,55,24,79,4,16,0.0,0,0,0,0,0,0,0,0.0,4,0,0,0.0,0,81,0,0,4,80.0,248,173,913,1086,181.6,0,1,1280,1,3,0
Yehvann Diouf,845183,Nice,1661,france,2526,1710,19,19,6.98,0,0,0,,0.01,38,0,0.0,4,89,41.78,31,346,377,74.51,5,83.33,1,0,0,0,166,0,0,0,3,24,19,0,0,0,20260326,0,1,0,0,0,0,0.0,74,37,33,4,0,0,-0.84,4,100.0,0,19,0,129,1,0,0,0,0.0,0,0,0,0,0.0,7,0,2,0,134,0,9,0,0,9,40,29,70,1,13,0.0,0,0,0,0,0,0,1,100.0,9,0,0,0.0,0,61,1,0,9,90.0,213,115,391,506,132.7,0,2,741,3,1,0
Matthis Abline,999070,Nantes,1647,france,2526,1991,25,21,6.98,5,3,8,5.3,2.73,6,5,12.82,120,6,46.15,173,59,232,70.95,26,48.15,28,0,0,1,61,6,6,22,2,9,25,0,0,37,20260326,7,149,0,0,25,0,7.46,0,43,37,6,4,1,,102,45.74,1,0,4,95,6,23,0,3,0.0,0,0,1,0,0.0,0,0,0,2,293,13,0,0,4,0,0,0,0,0,0,398.2,0,6,35,32,27,18,44,44.44,0,18,12,66.67,23,17,99,39,128,46.21,13,246,81,327,174.6,67,3,774,41,5,0
Julio Enciso,973556,RC Strasbourg,1659,france,2526,1415,20,17,6.98,1,2,3,4.52,3.57,16,19,42.22,133,7,70.0,260,167,427,84.39,8,44.44,10,0,0,0,54,5,7,14,1,8,20,0,0,31,20260326,6,89,0,1,13,0,2.44,0,20,18,2,1,0,,79,50.0,0,0,0,79,4,19,0,1,1.0,0,0,0,0,0.0,0,0,0,0,208,10,0,0,1,0,0,0,0,0,0,1415.0,0,4,20,21,12,15,41,56.94,0,16,7,43.75,19,27,72,45,87,49.43,10,324,182,506,139.6,41,1,839,22,2,0
Julien Le Cardinal,1129751,Stade Brestois,1715,france,2526,327,5,3,6.98,1,0,1,0.82,0.14,4,0,0.0,8,7,33.33,24,94,118,81.94,14,56.0,11,0,0,0,7,0,0,0,0,23,5,0,0,0,20260326,3,17,0,0,2,0,20.0,0,9,9,0,1,0,,9,60.0,0,0,0,26,3,1,0,0,5.0,0,0,0,0,0.0,0,0,0,0,30,0,0,0,1,0,0,0,0,0,0,327.0,0,0,5,0,3,2,0,0.0,0,5,4,80.0,1,11,1,0,23,57.5,21,38,106,144,34.9,5,0,208,4,1,0
Dominik Greif,791046,Olympique Lyonnais,1649,france,2526,1980,22,22,6.98,0,1,1,,0.02,50,0,0.0,13,102,40.16,48,520,568,78.67,5,83.33,1,0,0,0,158,0,0,0,9,23,22,0,0,0,20260326,0,1,0,2,0,0,0.0,92,26,21,5,0,0,0.7,4,100.0,0,14,0,154,0,1,0,0,0.0,0,0,0,0,0.0,4,0,2,0,158,0,8,0,0,21,42,18,61,0,13,0.0,0,0,0,0,0,0,0,0.0,21,0,0,0.0,1,78,0,0,9,90.0,254,160,562,722,153.5,0,1,921,4,1,0
Jonathan Fischer,1004550,Metz,1651,france,2526,2263,26,25,6.98,0,0,0,,0.03,58,0,0.0,17,142,44.1,72,642,714,79.69,11,91.67,1,0,0,0,183,0,0,0,4,24,26,0,0,0,20260326,1,2,0,0,0,0,0.0,128,56,47,9,0,0,-5.82,1,50.0,0,12,0,182,0,1,0,0,0.0,0,0,0,0,0.0,7,0,1,0,187,0,13,0,0,12,60,28,90,1,13,0.0,0,0,0,0,0,0,0,0.0,12,0,0,0.0,1,92,0,0,12,85.71,322,206,690,896,181.4,0,1,1142,4,0,0
Kevin Trapp,38440,Paris FC,6070,france,2526,1440,16,16,6.98,0,0,0,,0.01,24,0,0.0,8,94,36.02,53,405,458,73.16,3,100.0,0,0,0,0,139,0,0,0,6,12,16,0,0,0,20260326,0,0,1,0,0,0,0.0,146,23,23,0,0,0,2.78,3,100.0,0,11,0,168,1,0,0,0,0.0,0,0,0,0,0.0,7,0,1,0,171,0,4,0,0,9,30,12,45,0,4,0.0,0,0,0,0,0,0,0,0.0,9,0,0,0.0,0,42,0,0,6,100.0,261,187,439,626,111.6,0,1,787,4,2,0
Willian Pacho,979480,Paris Saint-Germain,1644,france,2526,1555,19,17,6.97,0,0,0,0.82,0.38,11,0,0.0,55,19,43.18,313,892,1205,94.51,30,61.22,19,0,0,0,96,0,0,2,7,51,19,0,0,4,20260326,6,36,0,1,6,0,0.0,19,17,12,5,0,0,,42,71.19,0,0,0,70,20,2,0,1,10.0,0,0,0,0,0.0,0,0,0,0,84,1,0,0,0,0,0,0,0,0,0,0.0,0,0,6,1,5,0,0,0.0,0,38,25,65.79,2,27,1,0,72,66.67,44,351,924,1275,132.5,7,2,1471,5,0,0
Brendan Chardonnet,328035,Stade Brestois,1715,france,2526,2097,24,24,6.97,0,3,3,0.62,1.23,44,2,33.33,68,74,41.34,186,662,848,83.06,70,60.87,45,0,0,0,57,4,1,0,9,153,24,0,0,1,20260326,10,75,1,0,22,0,0.0,13,30,26,4,0,0,,42,58.33,0,0,0,173,27,10,0,0,31.0,0,0,0,0,0.0,0,0,0,1,186,2,0,0,0,0,0,0,0,0,0,0.0,0,0,10,0,5,5,1,50.0,0,29,17,58.62,10,97,2,6,112,59.89,179,319,702,1021,167.3,10,2,1343,17,4,0
Diego Moreira,1142233,RC Strasbourg,1659,france,2526,1838,23,21,6.97,3,4,7,1.46,3.76,31,17,21.25,193,30,53.57,371,313,684,81.82,12,46.15,14,0,0,0,79,11,1,8,2,23,23,0,0,24,20260326,24,124,0,1,16,0,13.04,0,25,23,2,1,2,,92,45.54,0,0,0,152,17,33,3,8,4.0,0,2,0,0,0.0,0,0,0,0,340,12,0,0,0,0,0,0,0,0,0,612.67,0,2,10,13,6,9,27,36.99,0,41,21,51.22,31,66,73,80,104,45.61,56,484,352,836,160.3,23,2,1313,25,4,0
Pierre Lees Melou,801306,Paris FC,6070,france,2526,1528,19,17,6.97,1,2,3,1.21,1.63,63,3,21.43,157,63,52.07,339,319,658,82.98,9,52.94,8,0,0,0,101,2,1,11,4,28,19,0,0,8,20260326,27,76,1,2,24,0,3.45,1,25,23,2,1,0,,84,55.26,0,0,0,135,13,13,0,0,7.0,0,0,0,2,0.0,0,0,0,0,185,10,0,0,1,0,0,0,0,0,0,1528.0,0,1,14,15,12,6,9,45.0,0,51,32,62.75,13,94,20,14,93,55.03,121,420,373,793,132.4,29,0,1063,24,4,0
Ilya Zabarnyi,1023567,Paris Saint-Germain,1644,france,2526,1757,21,19,6.97,1,0,1,0.32,0.34,26,0,0.0,187,48,58.54,585,857,1442,93.88,26,53.06,23,0,0,0,88,0,0,1,10,69,21,0,0,2,20260326,4,44,0,2,14,0,33.33,6,20,14,6,1,0,,27,56.25,0,0,0,94,15,4,1,0,6.0,0,0,0,1,0.0,0,0,0,0,110,1,0,0,0,0,0,0,0,0,0,1757.0,0,0,3,0,0,2,3,75.0,0,20,14,70.0,4,49,4,1,53,54.64,82,630,906,1536,146.3,3,1,1727,4,3,0
Brice Samba,164055,Stade Rennais,1658,france,2526,2340,26,26,6.97,0,0,0,,0.04,75,0,0.0,17,120,36.7,61,670,731,77.19,5,100.0,0,0,0,0,213,0,0,0,9,16,26,0,0,0,20260326,0,0,1,2,0,0,0.0,148,34,30,4,0,0,0.82,4,100.0,0,16,0,216,0,2,0,0,0.0,0,0,0,0,0.0,4,0,1,0,222,0,4,0,0,21,49,22,72,0,17,0.0,0,0,0,0,0,0,0,0.0,20,1,0,0.0,2,139,0,0,9,100.0,327,214,733,947,181.1,0,1,1182,5,3,0
Laurent Abergel,296434,Lorient,1656,france,2526,1987,23,23,6.97,1,0,1,0.73,0.91,73,3,37.5,239,92,59.74,541,746,1287,88.15,15,60.0,10,0,0,0,111,2,1,8,5,37,23,0,0,10,20260326,21,75,0,3,23,0,5.0,33,36,32,4,0,1,,64,49.61,0,0,0,173,24,15,1,0,4.0,0,0,0,1,0.0,0,0,0,0,221,9,0,0,0,0,0,0,0,0,0,1987.0,0,0,4,16,7,5,8,36.36,0,33,20,60.61,15,127,22,8,79,51.3,154,657,803,1460,160.2,20,0,1702,23,6,0
Gauthier Hein,842391,Metz,1651,france,2526,1724,22,19,6.96,6,4,10,5.78,2.73,60,21,22.83,275,90,84.91,500,446,946,91.05,7,36.84,12,0,0,0,65,6,1,12,1,3,22,0,0,28,20260326,13,70,0,1,11,1,22.22,0,46,38,8,5,1,,31,34.83,0,0,0,93,5,39,6,1,2.0,0,0,4,0,100.0,0,4,0,0,241,10,0,1,0,0,0,0,0,0,0,287.33,25,4,16,11,6,9,6,46.15,0,12,5,41.67,39,85,13,92,38,35.19,106,570,469,1039,153.2,27,1,1321,13,1,1
Nabil Bentaleb,368120,Lille,1643,france,2526,1017,22,10,6.96,2,2,4,1.28,1.72,50,4,22.22,159,44,60.27,318,319,637,87.02,11,50.0,11,0,0,0,65,3,0,5,1,35,22,0,0,8,20260326,6,38,0,0,9,0,11.76,3,18,15,3,1,1,,30,52.63,0,0,0,95,11,8,2,0,6.0,0,0,1,0,100.0,0,1,0,0,130,6,0,0,0,0,0,0,0,0,0,508.5,0,1,4,13,7,5,3,42.86,0,12,7,58.33,8,74,7,18,41,51.9,73,388,344,732,153.2,17,1,889,15,3,0
Joris Chotard,976396,Stade Brestois,1715,france,2526,2235,26,25,6.96,2,0,2,1.2,0.9,56,8,22.22,159,60,47.62,359,393,752,79.91,26,65.0,14,0,0,0,104,0,2,6,8,71,26,0,0,4,20260326,24,73,0,1,27,0,9.09,0,33,28,5,0,2,,71,54.62,0,0,0,189,37,5,0,0,10.0,0,0,0,0,0.0,0,0,0,0,247,5,0,0,2,0,0,0,0,0,0,1117.5,0,0,3,19,9,7,4,50.0,0,57,30,52.63,5,118,8,36,97,57.06,126,504,437,941,181.0,22,1,1284,11,2,0
Mory Diaw,580226,Le Havre,1662,france,2526,2025,23,23,6.96,0,1,1,,0.06,34,0,0.0,18,134,41.88,75,459,534,73.15,4,100.0,0,0,0,0,213,1,0,0,6,21,23,1,0,0,20260326,1,1,1,1,0,0,0.0,161,32,31,1,0,0,-3.6,6,85.71,0,29,0,196,2,3,0,0,0.0,0,0,0,0,0.0,5,0,1,0,204,0,4,0,0,11,37,22,59,0,10,0.0,0,0,0,0,0,0,0,0.0,11,2,0,0.0,3,55,0,0,10,90.91,320,211,519,730,160.1,0,1,981,4,1,0
Ludovic Ajorque,343971,Stade Brestois,1715,france,2526,2193,25,25,6.96,7,7,14,7.66,1.86,30,2,25.0,137,29,67.44,252,178,430,69.47,140,57.85,102,0,0,0,55,2,8,10,8,33,25,0,1,21,20260326,12,185,0,2,50,0,15.91,0,33,29,4,7,0,,73,46.79,2,0,3,189,10,33,3,9,5.0,0,0,0,0,0.0,0,0,0,1,292,14,0,1,2,0,0,0,0,0,0,313.29,0,0,37,7,19,15,10,66.67,0,18,12,66.67,33,42,15,8,213,53.52,43,406,213,619,174.0,44,3,942,47,9,0
Alidu Seidu,1049515,Stade Rennais,1658,france,2526,810,15,8,6.96,0,1,1,0.1,0.79,4,3,42.86,129,24,75.0,270,245,515,91.96,12,50.0,12,0,0,0,64,3,0,0,2,23,14,0,0,9,20260326,5,39,0,1,9,0,0.0,0,16,13,3,0,0,,54,66.67,0,0,1,45,14,7,0,2,2.0,0,0,0,0,0.0,0,0,0,0,84,1,0,0,0,0,0,0,0,0,0,0.0,0,0,0,4,3,1,6,60.0,0,27,17,62.96,7,14,10,7,66,62.86,32,300,260,560,97.4,4,0,756,21,1,0
Denis Zakaria,770677,AS Monaco,1653,france,2526,1403,17,16,6.95,2,1,3,1.36,0.71,6,1,14.29,103,16,59.26,317,366,683,93.56,13,56.52,10,0,0,0,63,1,2,4,3,44,17,0,1,7,20260326,6,42,0,2,14,0,16.67,3,16,16,0,2,0,,32,50.0,1,0,1,47,25,5,0,0,10.0,0,0,0,0,0.0,0,0,0,0,84,2,0,1,1,0,0,0,0,0,0,701.5,0,0,10,2,6,2,6,50.0,0,23,16,69.57,5,11,12,7,45,51.72,27,351,379,730,118.2,12,2,934,3,3,0
Lucas Chevalier,996953,Paris Saint-Germain,1644,france,2526,1530,17,17,6.95,0,0,0,,0.0,12,0,0.0,2,30,39.47,7,343,350,87.72,2,100.0,0,0,0,0,108,0,0,0,9,8,17,0,0,0,20260326,0,0,1,0,0,0,0.0,56,13,10,3,0,0,-0.59,1,100.0,0,7,0,49,0,0,0,0,0.0,0,0,0,0,0.0,3,0,1,0,51,0,4,0,0,3,23,10,33,0,4,0.0,0,0,0,0,0,0,0,0.0,3,0,0,0.0,0,19,0,0,3,100.0,76,38,361,399,118.2,0,1,512,1,0,0
Geoffrey Kondogbia,96544,Olympique de Marseille,1641,france,2526,593,10,9,6.95,0,0,0,0.27,0.25,13,0,0.0,56,9,39.13,161,216,377,87.27,9,56.25,7,0,0,0,51,0,1,1,0,17,10,0,0,6,20260326,2,27,0,0,12,0,0.0,1,6,6,0,0,0,,28,58.33,0,0,0,55,10,2,0,0,5.0,0,0,0,0,0.0,0,0,0,0,69,4,0,0,0,0,0,0,0,0,0,0.0,0,0,3,1,2,1,6,100.0,0,14,8,57.14,2,35,6,1,37,57.81,23,203,229,432,69.5,4,0,528,8,3,0
Krépin Diatta,873534,AS Monaco,1653,france,2526,866,15,9,6.95,0,1,1,0.63,2.12,17,8,25.81,75,12,38.71,178,107,285,77.24,21,65.63,11,0,0,0,48,4,0,2,1,27,15,0,0,3,20260326,10,32,0,0,8,0,0.0,0,13,12,1,0,0,,42,66.67,0,0,0,84,16,12,0,4,3.0,0,0,0,1,0.0,0,0,0,0,136,2,0,0,0,0,0,0,0,0,0,0.0,0,0,3,2,2,1,5,62.5,0,29,17,58.62,12,32,8,31,63,66.32,31,242,127,369,104.2,5,1,620,8,2,0
Warren Zaïre-Emery,1142672,Paris Saint-Germain,1644,france,2526,2120,26,24,6.95,2,4,6,1.21,3.18,28,2,15.38,498,32,65.31,1019,607,1626,93.61,14,70.0,6,0,0,0,120,7,1,7,9,16,26,0,0,25,20260326,19,95,1,0,31,0,11.11,0,21,15,6,2,0,,79,47.02,0,0,0,111,12,37,0,0,7.0,0,0,0,0,0.0,0,0,0,0,202,14,0,0,2,0,0,0,0,0,0,1060.0,0,0,9,9,5,6,25,62.5,0,41,26,63.41,37,41,40,13,93,49.47,49,1104,633,1737,180.6,18,2,2099,13,2,0
Ousmane Camara,1049538,Angers,1684,france,2526,2224,26,25,6.95,1,0,1,0.28,0.23,25,0,0.0,27,36,42.86,219,854,1073,91.09,40,50.63,39,0,0,0,96,0,0,1,9,147,26,0,0,1,20260326,7,63,1,0,17,0,16.67,3,30,25,5,1,0,,51,68.0,0,0,0,105,28,4,0,1,23.0,0,0,0,0,0.0,0,0,0,0,126,1,0,0,1,0,0,0,0,0,0,2224.0,0,0,5,1,3,2,3,60.0,0,42,30,71.43,4,44,5,3,91,59.09,84,286,892,1178,180.6,6,0,1514,7,2,0
Ruben Aguilar,579576,RC Lens,1648,france,2526,1513,21,18,6.94,2,2,4,0.92,2.0,21,12,15.19,201,18,40.0,376,246,622,83.94,13,59.09,9,0,0,0,71,6,0,3,3,26,21,0,0,5,20260326,13,55,0,0,23,0,15.38,0,17,13,4,2,0,,51,52.58,1,0,0,119,25,19,0,5,10.0,0,0,0,0,0.0,0,0,0,0,234,9,0,1,1,0,0,0,0,0,0,756.5,0,0,6,7,7,3,6,46.15,0,35,21,60.0,19,45,13,79,64,53.78,45,469,272,741,145.8,13,1,1180,10,3,1
Chidozie Awaziem,804764,Nantes,1647,france,2526,1951,22,22,6.94,1,2,3,0.52,1.26,95,0,0.0,100,122,51.69,305,759,1064,85.12,41,67.21,20,0,0,0,86,2,0,2,3,168,22,0,0,3,20260326,10,58,0,3,21,0,11.11,77,39,34,5,1,0,,43,53.09,1,0,0,186,18,10,0,1,16.0,1,0,0,0,0.0,0,0,0,0,208,0,0,0,0,0,0,0,0,0,0,1951.0,0,1,8,1,3,4,4,50.0,0,21,14,66.67,10,172,8,2,84,59.15,236,452,798,1250,152.7,9,2,1572,19,7,0
Hamza Igamane,1140859,Lille,1643,france,2526,428,13,4,6.94,5,1,6,3.57,0.81,4,1,20.0,49,3,75.0,70,25,95,74.8,9,45.0,11,0,0,0,15,2,1,5,0,2,13,0,0,9,20260326,1,36,0,0,6,0,21.74,0,3,3,0,5,0,,23,47.92,1,0,0,32,2,4,1,5,0.0,0,0,0,0,0.0,0,0,0,0,76,5,0,0,3,0,0,0,0,0,0,85.6,0,0,17,6,9,9,13,59.09,0,7,4,57.14,4,8,22,5,32,47.06,4,99,28,127,90.2,23,0,243,3,2,0
Fode Sylla,1426222,RC Lens,1648,france,2526,78,3,1,6.93,0,0,0,,0.02,1,0,0.0,6,1,100.0,14,23,37,82.22,2,100.0,0,0,0,0,8,0,0,0,0,3,3,0,0,1,20260326,0,4,0,0,2,0,0.0,0,1,1,0,0,0,,8,66.67,0,0,0,8,3,1,0,0,0.0,0,0,0,0,0.0,0,0,0,0,10,0,0,0,0,0,0,0,0,0,0,0.0,0,0,0,0,0,0,0,0.0,0,8,6,75.0,1,2,1,0,10,71.43,1,18,27,45,20.8,0,0,65,0,0,0
Luc Zogbé,1499870,Stade Brestois,1715,france,2526,110,6,1,6.93,0,0,0,0.04,0.26,3,2,40.0,5,7,70.0,9,12,21,65.63,3,37.5,5,0,0,0,8,0,0,1,1,5,3,0,0,2,20260326,2,15,0,1,5,0,0.0,0,1,1,0,0,0,,6,37.5,0,0,0,11,2,1,0,0,1.0,0,0,0,0,0.0,0,0,0,0,20,0,0,0,0,0,0,0,0,0,0,0.0,0,0,0,2,1,0,1,50.0,0,3,3,100.0,1,4,2,5,9,37.5,10,18,14,32,20.8,2,0,70,2,0,0
Arsène Kouassi,1855502,Lorient,1656,france,2526,2089,25,24,6.93,2,5,7,0.51,2.8,8,18,17.14,160,12,31.58,309,286,595,86.23,7,29.17,17,0,0,0,94,7,1,1,4,46,25,0,0,15,20260326,6,74,1,0,12,1,33.33,0,31,28,3,1,1,,96,62.75,1,0,1,95,20,26,1,6,3.0,0,0,0,0,0.0,0,0,0,1,267,10,0,0,0,0,0,0,0,0,0,1044.5,50,2,4,2,2,3,31,53.45,0,21,15,71.43,26,24,58,105,103,58.19,38,369,321,690,173.3,6,3,1219,44,3,0
Samir El Mourabet,1605921,RC Strasbourg,1659,france,2526,1758,27,21,6.93,0,1,1,0.27,1.97,39,3,21.43,151,42,67.74,441,635,1076,90.65,8,36.36,14,0,0,0,103,4,0,6,2,20,27,0,0,16,20260326,14,76,2,2,21,0,0.0,0,20,18,2,0,0,,92,59.74,0,0,0,111,23,23,0,2,11.0,0,0,0,0,0.0,0,0,0,1,180,13,0,0,0,0,0,0,0,0,0,0.0,0,0,2,7,3,0,12,52.17,0,62,33,53.23,23,69,23,14,100,56.82,62,529,658,1187,187.1,9,1,1488,18,4,0
Adrien Thomasson,231946,RC Lens,1648,france,2526,2239,26,26,6.93,2,8,10,4.88,5.49,52,37,37.0,267,34,54.84,513,456,969,83.61,16,42.11,22,0,0,0,165,8,7,9,9,24,26,0,0,39,20260326,51,175,0,0,46,0,6.45,0,22,16,6,2,0,,128,45.55,0,0,1,190,14,69,2,3,3.0,0,0,0,0,0.0,0,0,0,0,363,14,0,0,0,0,0,0,0,0,0,1119.5,0,1,23,8,14,8,15,40.54,0,78,39,50.0,69,94,37,100,144,45.14,62,649,510,1159,180.1,31,1,1695,36,8,0
Philipp Köhn,868964,AS Monaco,1653,france,2526,1619,19,17,6.93,0,0,0,,0.01,35,0,0.0,4,81,43.32,31,320,351,75.65,6,100.0,0,0,0,0,170,0,0,0,5,9,19,0,0,1,20260326,0,1,1,0,0,0,0.0,103,27,25,2,0,0,-1.23,4,80.0,0,14,0,113,1,0,0,0,0.0,0,0,0,0,0.0,2,0,0,0,116,0,3,0,0,10,28,21,49,0,4,0.0,0,0,0,0,0,0,0,0.0,10,0,0,0.0,0,57,0,0,10,90.91,187,111,353,464,131.6,0,0,631,3,1,0
Ethan Mbappé,1402698,Lille,1643,france,2526,396,11,4,6.92,3,1,4,1.41,1.14,5,6,35.29,47,4,66.67,85,37,122,84.14,0,0.0,3,0,0,0,20,1,2,4,0,0,9,0,0,6,20260326,8,31,0,0,3,0,23.08,0,9,8,1,3,0,,18,39.13,0,0,0,23,1,8,3,1,0.0,0,0,0,0,0.0,0,0,0,0,58,0,0,0,0,0,0,0,0,0,0,132.0,0,1,11,2,3,6,3,21.43,0,10,5,50.0,8,12,14,17,18,36.73,6,104,41,145,62.3,13,0,233,5,0,0
Lukáš Hrádecký,15219,AS Monaco,1653,france,2526,811,10,10,6.92,0,0,0,,0.02,16,0,0.0,5,37,32.74,18,143,161,67.08,4,100.0,0,0,0,0,62,0,0,0,2,8,10,0,0,0,20260326,0,0,0,0,0,0,0.0,52,11,11,0,0,0,1.8,2,100.0,0,5,0,79,0,0,0,0,0.0,0,0,0,0,0.0,3,0,0,0,81,0,3,0,0,5,15,9,24,1,1,0.0,0,0,0,0,0,0,0,0.0,4,1,1,100.0,0,26,0,0,6,100.0,113,72,168,240,69.2,0,0,307,0,0,0
Jordan Teze,825846,AS Monaco,1653,france,2526,1955,26,21,6.92,0,1,1,0.37,3.65,37,11,23.91,230,53,47.75,474,419,893,83.22,24,57.14,18,0,0,0,104,5,0,2,4,52,26,0,0,13,20260326,21,87,0,0,28,0,0.0,0,31,29,2,0,0,,74,51.75,0,0,0,180,23,27,0,2,8.0,0,0,0,0,0.0,0,0,0,0,277,9,0,0,0,0,0,0,0,0,0,0.0,0,0,2,7,5,2,2,22.22,0,50,40,80.0,27,76,9,46,98,52.97,111,602,471,1073,179.9,9,0,1472,23,8,0
Ethan Nwaneri,1401702,Olympique de Marseille,1641,france,2526,274,7,3,6.92,2,1,3,0.66,0.9,5,4,44.44,35,4,100.0,71,25,96,87.27,1,33.33,2,0,0,0,12,1,0,4,0,0,6,0,0,9,20260326,1,25,0,0,4,0,25.0,0,4,4,0,1,1,,8,25.81,0,0,0,14,2,5,2,0,0.0,0,0,0,0,0.0,0,0,0,0,49,3,0,0,0,0,0,0,0,0,0,137.0,0,0,5,3,1,3,4,30.77,0,3,1,33.33,5,6,13,9,9,26.47,4,82,28,110,41.5,8,0,178,1,1,0
Romain Faivre,913942,Auxerre,1646,france,2526,255,6,3,6.92,0,2,2,0.18,0.76,4,2,28.57,33,4,100.0,49,30,79,89.77,2,100.0,0,0,0,0,15,2,0,2,0,2,6,0,0,1,20260326,2,9,0,0,3,0,0.0,0,1,1,0,0,0,,13,59.09,0,0,0,9,1,4,0,1,1.0,0,0,0,0,0.0,0,0,0,0,32,0,0,0,0,0,0,0,0,0,0,0.0,0,0,3,3,2,2,6,66.67,0,3,2,66.67,4,4,9,7,15,62.5,4,52,36,88,41.5,6,0,142,4,0,0
Quentin Merlin,1102502,Stade Rennais,1658,france,2526,1902,26,20,6.92,1,3,4,1.15,3.52,37,21,16.15,265,33,32.67,489,306,795,79.82,11,44.0,14,0,0,0,96,5,1,9,6,41,26,0,0,20,20260326,16,78,1,1,15,0,4.76,0,30,25,5,1,0,,77,54.61,0,0,0,201,28,30,1,5,8.0,0,0,0,0,0.0,0,0,0,0,402,11,0,0,0,0,0,0,0,0,0,1902.0,0,1,11,10,6,6,10,41.67,0,42,29,69.05,30,90,24,130,88,53.01,101,624,372,996,179.8,21,1,1635,26,1,0
Igor Paixão,981815,Olympique de Marseille,1641,france,2526,1550,24,17,6.91,5,5,10,4.42,2.08,16,5,14.29,210,21,60.0,341,111,452,82.33,14,29.79,33,0,0,0,69,4,3,9,2,16,24,0,0,15,20260326,15,118,0,0,15,0,12.2,0,21,21,0,4,1,,67,44.08,0,0,0,97,12,25,1,4,1.0,0,0,0,0,0.0,0,0,0,1,228,11,0,0,4,0,0,0,0,0,0,310.0,0,1,24,17,17,15,21,33.87,0,21,8,38.1,25,31,62,35,81,40.7,35,425,124,549,165.9,41,2,872,26,3,0
Maxime López,352802,Paris FC,6070,france,2526,1686,20,19,6.91,0,3,3,0.33,3.93,91,16,22.86,317,66,56.9,700,683,1383,89.63,2,40.0,3,0,0,0,85,12,0,3,4,10,20,0,0,12,20260326,14,66,1,1,26,0,0.0,0,31,28,3,0,0,,34,35.05,0,0,0,160,8,38,0,3,3.0,0,0,0,0,0.0,0,0,0,0,266,8,0,0,0,0,0,0,0,0,0,0.0,0,0,2,6,0,5,7,31.82,0,19,14,73.68,38,153,22,70,36,35.29,116,821,722,1543,138.2,8,0,1776,8,9,0
Thilo Kehrer,281277,AS Monaco,1653,france,2526,1828,21,21,6.91,0,0,0,1.6,0.35,37,0,0.0,145,53,45.3,470,610,1080,86.75,54,62.79,32,0,0,0,74,0,2,3,6,68,21,0,1,1,20260326,16,72,1,1,22,0,0.0,4,25,24,1,0,0,,71,63.96,0,0,1,165,28,5,0,1,20.0,0,1,0,0,0.0,0,0,0,0,193,1,0,2,0,0,0,0,0,0,0,0.0,0,0,15,0,11,1,3,60.0,0,45,27,60.0,4,90,5,3,125,63.45,117,586,659,1245,145.1,15,1,1549,23,5,1
Saud Abdulhamid,966849,RC Lens,1648,france,2526,1012,20,10,6.91,1,3,4,0.39,2.21,16,9,28.13,158,7,36.84,238,158,396,89.8,4,33.33,8,0,0,0,54,3,0,2,3,9,20,0,0,6,20260326,12,53,0,1,19,0,16.67,0,12,9,3,1,0,,39,46.43,0,0,0,45,7,12,0,1,2.0,0,1,0,1,0.0,0,0,0,1,108,5,0,0,1,0,0,0,0,0,0,1012.0,0,0,4,2,2,2,3,21.43,0,27,19,70.37,11,24,14,32,43,44.79,19,270,171,441,138.1,6,1,682,9,2,0
Koffi Kouao,867575,Metz,1651,france,2526,1938,23,23,6.9,2,1,3,1.7,1.39,36,8,15.09,155,49,47.57,321,455,776,85.84,7,33.33,14,0,0,0,116,2,1,3,5,60,23,0,0,13,20260326,32,94,0,1,26,0,9.52,0,41,35,6,2,0,,118,59.6,1,0,1,128,23,11,0,2,13.0,1,0,0,1,0.0,0,0,0,1,234,7,0,0,1,0,0,0,0,0,0,969.0,0,0,11,10,9,9,27,72.97,0,63,38,60.32,11,72,37,53,125,57.08,103,401,503,904,158.8,21,0,1448,29,8,0
Gaëtan Perrin,827506,Lille,1643,france,2526,263,5,3,6.9,1,0,1,0.42,1.42,3,7,25.0,33,4,57.14,49,22,71,77.17,0,0.0,1,0,0,0,10,1,0,1,0,0,5,0,0,6,20260326,1,18,0,0,6,0,16.67,0,0,0,0,1,0,,13,43.33,0,0,2,21,2,8,0,0,0.0,0,0,0,0,0.0,0,0,0,0,65,3,0,0,1,0,0,0,0,0,0,263.0,0,1,2,4,2,3,5,45.45,0,7,5,71.43,8,7,11,28,13,41.94,7,67,25,92,34.5,6,0,171,1,1,0
André Gomes,235460,Lille,1643,france,2526,14,2,0,6.9,0,0,0,,0.02,1,0,0.0,2,1,100.0,4,3,7,100.0,0,0.0,0,0,0,0,2,0,0,0,0,0,1,0,0,1,20260326,1,4,0,0,2,0,0.0,0,0,0,0,0,0,,3,42.86,0,0,0,0,0,0,0,0,0.0,0,0,0,0,0.0,0,0,0,0,1,0,0,0,0,0,0,0,0,0,0,0.0,0,0,0,0,0,0,3,100.0,0,0,0,0.0,0,1,3,0,3,42.86,1,4,3,7,6.9,0,0,11,0,0,0
Formose Mendy,982316,Lorient,1656,france,2526,135,2,2,6.9,0,0,0,,0.01,3,0,0.0,9,5,55.56,27,47,74,86.05,3,60.0,2,0,0,0,6,0,0,0,0,15,2,0,0,0,20260326,2,6,0,0,2,0,0.0,0,1,0,1,0,0,,6,60.0,0,0,0,12,3,0,0,0,0.0,0,0,0,0,0.0,0,0,0,0,16,0,0,0,0,0,0,0,0,0,0,0.0,0,0,0,0,0,0,0,0.0,0,3,2,66.67,0,7,0,1,9,60.0,9,37,49,86,13.8,0,0,124,3,1,0
Paul Pogba,111802,AS Monaco,1653,france,2526,43,3,0,6.9,0,0,0,,0.04,3,1,100.0,9,4,66.67,17,12,29,87.88,3,100.0,0,0,0,0,7,0,0,0,0,2,3,0,0,0,20260326,0,1,0,0,1,0,0.0,0,0,0,0,0,0,,3,75.0,0,0,0,4,1,0,0,0,0.0,0,0,0,0,0.0,0,0,0,0,10,1,0,0,0,0,0,0,0,0,0,0.0,0,0,0,0,0,0,0,0.0,0,3,3,100.0,0,5,0,1,6,85.71,6,21,12,33,20.7,0,0,47,0,0,0
Abdoulaye Bamba,121180,Angers,1684,france,2526,100,3,1,6.9,0,0,0,0.02,0.01,0,0,0.0,1,0,0.0,9,12,21,70.0,4,80.0,1,0,0,0,2,0,0,0,0,4,2,0,0,0,20260326,0,2,0,0,1,0,0.0,0,2,2,0,0,0,,1,50.0,0,0,0,9,2,0,0,0,2.0,0,0,0,0,0.0,0,0,0,0,12,0,0,0,0,0,0,0,0,0,0,0.0,0,0,0,1,0,1,0,0.0,0,1,1,100.0,0,2,0,1,5,71.43,4,14,16,30,13.8,1,0,47,1,0,0
Moustapha Mbow,982319,Paris FC,6070,france,2526,2266,26,25,6.9,0,1,1,0.55,0.47,44,2,100.0,92,90,62.07,302,944,1246,91.48,53,63.86,30,0,0,0,105,1,1,0,7,132,26,0,0,5,20260326,8,62,0,1,20,0,0.0,3,38,35,3,0,0,,69,68.32,0,0,0,116,30,4,0,1,22.0,0,0,0,3,0.0,0,0,0,0,137,3,0,0,0,0,0,0,0,0,0,0.0,0,0,7,0,5,2,6,100.0,0,48,28,58.33,4,75,6,2,122,66.3,145,373,989,1362,179.3,7,0,1690,16,3,0
Emerson Palmieri,155997,Olympique de Marseille,1641,france,2526,1694,22,18,6.9,0,3,3,0.41,3.3,32,24,25.81,260,17,34.0,541,391,932,89.1,17,56.67,13,0,0,0,62,4,0,5,5,41,22,0,0,7,20260326,7,52,0,1,15,0,0.0,0,24,24,0,0,0,,56,58.95,0,0,0,114,30,30,0,2,8.0,0,0,0,1,0.0,0,0,0,0,230,7,0,0,0,0,0,0,0,0,0,0.0,0,2,3,9,5,2,5,33.33,0,36,24,66.67,30,62,15,93,73,58.4,50,622,424,1046,151.7,12,1,1481,15,2,0
Félix Correia,934498,Lille,1643,france,2526,1578,27,19,6.89,3,5,8,3.36,4.19,31,20,28.99,236,32,65.31,371,166,537,79.32,9,37.5,15,0,0,0,72,8,5,8,0,6,26,0,0,15,20260326,10,74,1,0,9,0,12.0,0,20,18,2,2,1,,55,48.25,0,0,2,140,19,30,0,3,1.0,0,0,0,1,0.0,0,0,0,0,262,12,0,0,3,0,0,0,0,0,0,526.0,0,0,17,8,11,6,13,33.33,0,21,9,42.86,30,46,39,69,64,46.38,49,486,191,677,179.2,25,1,995,22,2,0
Joaquin Panichelli,1410925,RC Strasbourg,1659,france,2526,2195,27,24,6.89,16,1,17,14.21,1.48,11,0,0.0,113,3,27.27,197,141,338,72.53,60,43.17,79,0,0,1,71,5,13,8,6,32,27,0,0,26,20260326,12,169,0,0,43,0,27.12,0,29,27,2,15,1,,78,46.43,3,0,3,128,12,22,2,14,8.0,0,0,6,0,83.33,0,5,0,0,249,18,0,0,11,0,0,0,0,0,0,137.19,0,0,56,3,20,31,11,36.67,0,26,8,30.77,22,26,30,0,138,44.95,11,309,157,466,186.0,59,2,838,44,3,0
Esteban Lepaul,966621,Stade Rennais,1658,france,2526,2078,27,26,6.89,14,3,17,10.63,0.83,10,1,10.0,82,11,55.0,158,135,293,75.71,29,38.67,46,0,0,1,43,2,8,16,2,13,27,0,0,12,20260326,6,95,0,0,23,0,22.95,0,26,23,3,14,0,,22,30.99,1,0,3,94,1,15,2,6,0.0,0,0,1,0,0.0,0,0,0,0,169,13,0,0,11,0,0,0,0,0,0,148.43,0,1,51,10,18,27,5,27.78,0,6,4,66.67,15,16,18,10,51,34.93,20,228,159,387,186.0,61,1,595,11,2,0
Matvey Safonov,800749,Paris Saint-Germain,1644,france,2526,810,9,9,6.89,0,0,0,,0.0,11,0,0.0,2,34,53.13,8,180,188,85.45,2,100.0,0,0,0,0,56,0,0,0,5,9,9,0,0,0,20260326,0,0,0,0,0,0,0.0,29,9,6,3,0,0,-0.48,1,100.0,0,6,0,32,0,2,0,0,0.0,0,0,0,0,0.0,1,0,1,0,34,0,3,0,0,8,9,9,18,0,4,0.0,0,0,0,0,0,0,0,0.0,8,0,0,0.0,2,17,0,0,3,100.0,64,28,192,220,62.0,0,0,289,1,0,0
Lucas Gourna-Douath,1012657,Le Havre,1662,france,2526,803,9,9,6.89,0,0,0,0.15,0.24,15,2,66.67,57,19,65.52,148,180,328,88.17,10,50.0,10,0,0,0,53,0,0,2,2,9,9,0,0,5,20260326,8,40,0,3,12,0,0.0,0,11,10,1,0,0,,43,58.9,0,0,0,44,10,4,0,1,9.0,0,0,0,2,0.0,0,0,0,0,65,3,0,0,0,0,0,0,0,0,0,0.0,0,0,1,5,3,1,8,61.54,0,15,7,46.67,4,27,13,3,53,56.99,29,176,196,372,62.0,6,0,513,20,3,0
Himad Abdelli,945830,Olympique de Marseille,1641,france,2526,1019,17,11,6.89,2,0,2,2.11,0.75,24,3,30.0,125,23,60.53,267,303,570,87.29,9,75.0,3,0,0,0,67,0,0,4,3,12,17,0,0,11,20260326,7,56,0,1,19,0,14.29,0,18,17,1,2,0,,49,48.04,0,0,0,83,14,9,0,1,3.0,0,0,2,0,100.0,0,2,0,0,134,7,0,0,2,0,0,0,0,0,0,509.5,0,0,4,10,4,6,15,46.88,0,22,17,77.27,9,34,32,10,58,50.88,38,325,328,653,117.1,14,0,848,12,2,0
Ayumu Seko,873221,Le Havre,1662,france,2526,2085,24,23,6.89,0,0,0,0.99,1.11,41,1,25.0,140,60,48.39,281,405,686,82.85,30,66.67,15,0,0,0,65,1,1,1,7,92,24,0,0,1,20260326,10,48,0,0,22,0,0.0,3,29,29,0,0,0,,56,62.92,0,0,0,142,25,9,0,1,6.0,1,0,0,0,0.0,0,0,0,0,164,5,0,0,0,0,0,0,0,0,0,0.0,0,0,7,7,9,4,1,50.0,0,37,20,54.05,9,79,2,4,86,64.18,124,398,430,828,165.3,14,0,1101,18,3,0
Elye Wahi,979315,Nice,1661,france,2526,475,8,6,6.89,4,1,5,2.15,0.48,2,4,66.67,17,0,0.0,31,15,46,65.71,0,0.0,18,0,0,0,7,2,3,2,1,1,7,0,0,3,20260326,3,42,0,0,12,0,28.57,0,10,9,1,3,1,,8,25.0,0,0,0,24,1,6,0,10,0.0,0,0,0,0,0.0,0,0,0,0,50,5,0,0,4,0,0,0,0,0,0,118.75,0,0,11,3,2,10,4,36.36,0,2,1,50.0,6,4,11,6,8,16.0,3,54,16,70,48.2,14,1,133,2,2,0
Kenny Lala,141080,Stade Brestois,1715,france,2526,2319,26,26,6.88,0,2,2,0.25,3.53,75,27,31.03,178,119,54.09,325,462,787,77.54,14,42.42,19,0,0,0,108,7,0,3,8,72,26,0,0,8,20260326,22,71,2,0,12,0,0.0,0,38,33,5,0,0,,63,54.78,0,0,0,228,22,21,0,0,9.0,0,0,0,1,0.0,0,0,0,0,379,2,0,0,0,0,0,0,0,0,0,0.0,0,1,2,7,5,1,7,41.18,0,36,23,63.89,21,160,17,87,77,52.03,220,491,524,1015,179.0,9,2,1589,21,3,0
Montassar Talbi,879618,Lorient,1656,france,2526,2250,25,25,6.88,0,1,1,0.54,0.45,51,0,0.0,101,57,44.53,322,789,1111,88.53,72,62.07,44,0,0,0,78,1,1,4,5,164,25,0,0,2,20260326,17,70,0,1,6,0,0.0,9,39,35,4,0,0,,34,56.67,0,0,0,144,23,7,0,0,19.0,0,0,0,0,0.0,0,0,0,0,166,1,0,0,0,0,0,0,0,0,0,0.0,0,0,9,2,5,2,2,50.0,0,20,16,80.0,7,104,4,4,106,60.23,128,419,836,1255,172.1,11,1,1568,12,3,0
Oussama El Azzouzi,1127191,Auxerre,1646,france,2526,813,11,10,6.88,1,0,1,0.52,0.49,15,0,0.0,106,25,78.13,186,164,350,90.67,11,73.33,4,0,0,0,41,1,1,1,0,13,11,0,1,7,20260326,8,47,0,0,18,0,20.0,0,11,8,3,1,0,,31,41.89,0,0,0,36,16,9,0,0,3.0,0,0,0,0,0.0,0,0,0,0,63,3,0,1,1,0,0,0,0,0,0,813.0,0,0,3,2,3,1,6,33.33,0,19,16,84.21,9,19,18,0,42,47.19,32,214,172,386,75.7,5,1,513,7,1,0
Amine Gouiri,859026,Olympique de Marseille,1641,france,2526,885,16,10,6.88,6,2,8,4.47,1.57,4,8,38.1,87,2,50.0,144,63,207,82.8,6,37.5,10,0,0,0,28,3,5,8,0,2,16,0,0,13,20260326,4,56,0,1,9,0,20.69,0,16,16,0,6,0,,28,37.84,0,0,1,43,2,15,0,2,1.0,0,0,0,0,0.0,0,0,0,0,118,7,0,0,6,0,0,0,0,0,0,147.5,0,1,23,6,7,14,13,38.24,0,9,6,66.67,15,6,34,21,34,37.78,4,179,71,250,110.1,29,2,409,6,0,0
Sofiane Diop,944164,Nice,1661,france,2526,1708,26,21,6.88,7,2,9,5.5,3.22,36,6,21.43,210,44,63.77,337,209,546,78.45,6,24.0,19,0,0,0,84,5,1,11,0,7,26,0,0,28,20260326,15,106,0,0,20,0,16.28,0,36,32,4,6,1,,75,46.3,0,0,2,150,17,24,0,5,2.0,0,0,2,0,100.0,0,2,0,0,276,14,0,0,7,0,0,0,0,0,0,244.0,0,1,24,19,18,14,22,46.81,0,14,6,42.86,24,58,47,28,81,43.32,69,462,234,696,178.9,43,1,1041,40,5,0
Hakon Arnar Haraldsson,1138804,Lille,1643,france,2526,1883,25,22,6.88,6,1,7,5.86,3.95,24,18,29.03,255,25,64.1,474,302,776,86.13,6,30.0,14,0,0,0,99,3,6,12,2,7,25,0,0,24,20260326,19,99,0,0,21,0,16.67,0,24,21,3,6,0,,59,40.97,0,0,2,125,10,43,3,0,0.0,0,3,0,0,0.0,0,0,0,1,255,18,0,0,3,0,0,0,0,0,0,313.83,0,1,20,16,15,9,15,41.67,0,16,9,56.25,40,42,36,62,65,39.63,39,574,327,901,172.0,36,0,1229,28,5,0
Tanner Tessmann,1022084,Olympique Lyonnais,1649,france,2526,1812,25,21,6.88,1,0,1,2.21,1.2,44,3,20.0,172,48,53.93,398,490,888,86.05,23,53.49,20,0,0,0,112,3,3,4,11,52,25,0,0,15,20260326,11,74,1,1,20,0,4.0,9,18,14,4,1,0,,55,50.46,0,0,1,144,13,11,1,3,11.0,0,0,0,0,0.0,0,0,0,0,211,6,0,0,0,0,0,0,0,0,0,1812.0,0,0,13,12,13,8,9,50.0,0,28,21,75.0,11,83,18,15,78,51.32,89,493,539,1032,171.9,25,0,1325,18,2,0
Sadibou Sané,1471683,Metz,1651,france,2526,1313,16,15,6.88,2,0,2,0.18,0.13,42,0,0.0,65,67,54.92,238,681,919,89.66,26,60.47,17,0,0,0,67,0,0,0,2,84,16,0,2,1,20260326,13,46,0,3,15,0,66.67,40,32,26,6,2,0,,44,60.27,1,0,0,106,24,2,1,0,15.0,1,0,0,2,0.0,0,0,0,0,121,1,0,2,0,0,0,0,0,0,0,656.5,0,0,3,0,1,2,3,60.0,0,31,22,70.97,2,72,5,0,70,60.34,122,290,735,1025,110.0,3,1,1248,10,4,0
Théo De Percin,1095836,Auxerre,1646,france,2526,308,4,2,6.88,0,0,0,,0.01,5,0,0.0,11,30,33.71,25,30,55,47.41,3,100.0,0,0,0,0,23,0,0,0,0,3,4,0,0,0,20260326,0,0,0,0,0,0,0.0,25,4,4,0,0,0,0.0,0,0.0,0,3,0,61,0,0,0,0,0.0,0,0,0,0,0.0,0,0,0,0,62,0,2,0,0,5,2,3,9,0,0,0.0,0,0,0,0,0,0,0,0.0,5,0,0,0.0,0,11,0,0,3,100.0,89,79,37,116,27.5,0,0,141,1,0,0
Afonso Moreira,1215906,Olympique Lyonnais,1649,france,2526,1094,20,11,6.87,2,6,8,1.37,3.8,6,17,24.64,104,9,47.37,188,81,269,82.52,5,21.74,18,0,0,0,56,7,1,6,4,11,19,0,0,22,20260326,6,90,0,1,14,0,8.7,0,12,11,1,2,0,,63,46.67,0,0,0,57,9,21,0,4,0.0,0,0,0,0,0.0,0,0,0,0,202,9,0,0,2,0,0,0,0,0,0,547.0,0,1,15,8,9,8,15,33.33,0,21,14,66.67,21,16,45,69,68,43.04,19,235,91,326,130.6,23,1,636,28,2,0
Abdoulaye Touré,149732,Le Havre,1662,france,2526,741,11,8,6.87,2,0,2,1.5,0.92,11,1,7.69,76,21,80.77,142,117,259,87.21,7,50.0,7,0,1,0,27,0,2,5,3,16,11,0,0,7,20260326,1,33,0,1,13,0,15.38,0,8,8,0,1,1,,32,55.17,0,0,1,38,9,3,1,0,4.0,0,0,1,0,0.0,0,0,0,0,84,3,0,0,1,0,0,0,0,0,0,370.5,0,0,4,9,4,4,3,33.33,0,12,6,50.0,3,16,9,13,39,54.17,26,171,126,297,75.6,13,0,439,17,2,0
Junior Mwanga,1197153,RC Strasbourg,1659,france,2526,1476,18,18,6.87,1,1,2,1.2,1.16,21,1,12.5,109,35,52.24,254,333,587,85.94,15,42.86,20,0,0,0,70,2,1,2,3,22,18,0,1,9,20260326,15,73,0,0,20,0,10.0,2,28,23,5,1,0,,65,55.08,0,0,0,96,11,16,0,0,7.0,0,0,0,0,0.0,0,0,0,0,145,4,0,1,1,0,0,0,0,0,0,1476.0,0,0,8,2,5,3,15,62.5,0,35,17,48.57,16,48,24,8,80,52.29,67,329,354,683,123.7,10,0,909,15,2,0
Nathan Mbala,2195736,Metz,1651,france,2526,151,7,1,6.87,2,0,2,0.6,0.14,0,4,17.39,11,0,0.0,16,5,21,84.0,3,37.5,5,0,0,0,5,0,0,3,0,2,6,0,0,1,20260326,1,11,0,0,1,0,22.22,0,4,1,3,2,0,,6,50.0,0,0,0,4,0,4,2,0,0.0,0,0,0,0,0.0,0,0,0,0,33,0,0,0,0,0,0,0,0,0,0,75.5,0,1,5,4,2,4,3,50.0,0,2,1,50.0,4,0,6,23,9,45.0,0,19,6,25,41.2,9,0,79,1,0,0
Mark McKenzie,922759,Toulouse,1681,france,2526,1997,24,22,6.87,0,2,2,0.32,0.92,27,0,0.0,132,37,44.05,347,487,834,85.98,32,50.0,32,0,0,0,74,2,0,2,7,80,24,0,0,1,20260326,7,67,0,0,27,0,0.0,3,30,27,3,0,0,,50,58.82,0,0,0,136,18,15,0,1,11.0,0,0,0,0,0.0,0,0,0,0,213,2,0,0,0,0,0,0,0,0,0,0.0,0,0,5,1,3,1,3,75.0,0,38,24,63.16,15,54,4,2,82,55.03,84,443,527,970,164.8,6,1,1338,10,6,0
Aladji Bamba,1868591,AS Monaco,1653,france,2526,511,12,7,6.87,0,0,0,,1.26,8,2,66.67,51,9,90.0,132,138,270,85.99,10,52.63,9,0,0,0,32,3,0,0,0,10,12,0,0,8,20260326,7,41,0,1,13,0,0.0,0,5,5,0,0,0,,39,54.93,0,0,0,44,3,5,0,0,0.0,0,0,0,0,0.0,0,0,0,0,67,3,0,0,0,0,0,0,0,0,0,0.0,0,0,0,0,0,0,6,60.0,0,22,16,72.73,5,12,10,3,49,54.44,10,164,150,314,82.4,0,0,412,11,2,0
Hugo Magnetti,861324,Stade Brestois,1715,france,2526,2178,26,25,6.86,1,1,2,0.5,1.47,31,3,21.43,169,41,45.56,367,408,775,84.06,10,50.0,10,0,0,0,137,1,0,7,8,47,26,0,0,13,20260326,27,77,1,2,27,0,5.56,0,33,28,5,0,1,,100,59.88,0,0,0,147,39,13,0,0,2.0,0,0,0,0,0.0,0,0,0,0,209,11,0,0,1,0,0,0,0,0,0,2178.0,0,0,2,16,8,3,13,76.47,0,58,34,58.62,13,71,17,14,110,58.82,90,468,454,922,178.4,18,1,1258,29,4,0
Mohamed-Ali Cho,1063235,Nice,1661,france,2526,1213,17,15,6.86,4,3,7,2.58,2.61,10,7,23.33,109,6,60.0,151,107,258,78.18,12,23.53,39,0,0,0,53,7,6,6,0,6,17,0,0,20,20260326,6,104,0,0,12,0,18.18,0,30,26,4,3,1,,50,43.48,1,0,0,72,3,17,3,4,2.0,0,0,0,0,0.0,0,0,0,0,194,10,0,0,0,0,0,0,0,0,0,303.25,0,0,18,4,6,10,16,36.36,0,11,5,45.45,17,21,44,30,62,37.35,10,209,121,330,116.6,22,1,584,23,1,0
Mamadou Coulibaly,1410148,AS Monaco,1653,france,2526,1148,19,13,6.86,3,3,6,1.36,1.5,16,1,12.5,103,27,67.5,241,243,484,85.97,10,38.46,16,0,0,0,77,3,1,2,1,17,17,0,1,11,20260326,14,84,0,0,27,0,37.5,0,24,23,1,2,1,,57,45.6,0,0,0,79,16,12,3,2,2.0,0,0,0,0,0.0,0,0,0,0,149,7,0,1,0,0,0,0,0,0,0,382.67,0,0,4,4,2,4,13,43.33,0,32,17,53.13,12,26,30,8,67,44.37,40,301,262,563,116.6,8,1,785,12,5,0
Seko Fofana,191188,Stade Rennais,1658,france,2526,668,12,7,6.86,1,0,1,1.04,0.77,6,1,14.29,102,8,61.54,205,123,328,91.11,8,80.0,2,0,0,0,42,0,0,1,1,7,12,0,0,7,20260326,4,24,0,0,3,0,11.11,0,12,11,1,1,0,,28,56.0,0,0,1,32,4,11,1,0,1.0,0,0,0,0,0.0,0,0,0,0,63,6,0,0,0,0,0,0,0,0,0,668.0,0,0,3,6,5,3,12,60.0,0,3,2,66.67,11,11,20,7,36,60.0,13,233,127,360,82.3,9,0,458,13,0,0
Johann Lepenant,963299,Nantes,1647,france,2526,1562,20,16,6.86,0,1,1,0.57,1.33,26,16,32.0,137,34,57.63,258,243,501,82.81,8,34.78,15,0,0,0,94,3,0,4,2,15,20,0,0,14,20260326,37,103,0,2,23,0,0.0,0,26,23,3,0,0,,107,54.87,0,0,0,104,15,20,0,0,3.0,0,0,0,0,0.0,0,0,0,0,201,11,0,0,0,0,0,0,0,0,0,0.0,0,0,5,9,7,3,9,39.13,0,64,44,68.75,20,54,23,50,115,52.75,59,336,269,605,137.1,14,0,944,35,3,0
Benjamin Pavard,787505,Olympique de Marseille,1641,france,2526,1493,21,17,6.85,1,2,3,0.59,0.73,16,2,20.0,162,28,53.85,420,548,968,93.08,30,58.82,21,0,0,0,47,3,0,2,6,60,21,0,0,0,20260326,5,41,0,0,14,0,12.5,0,18,17,1,1,0,,30,60.0,1,0,0,72,16,8,0,4,10.0,1,0,0,2,0.0,0,0,0,0,85,3,0,0,0,0,0,0,0,0,0,1493.0,0,0,7,1,3,3,0,0.0,0,21,8,38.1,8,41,1,10,60,59.41,52,463,577,1040,143.9,8,1,1224,10,4,0
Angel Gomes,867441,Olympique de Marseille,1641,france,2526,892,14,12,6.85,3,0,3,1.42,0.93,27,2,28.57,160,18,69.23,334,195,529,90.89,5,35.71,9,0,0,0,24,1,3,2,1,2,14,0,0,5,20260326,5,40,0,0,19,1,27.27,0,9,9,0,1,2,,28,47.46,0,0,0,53,4,18,0,0,0.0,0,0,0,0,0.0,0,0,0,0,77,5,0,0,3,0,0,0,0,0,0,297.33,100,1,4,7,4,5,6,66.67,0,10,6,60.0,18,42,9,7,33,45.21,26,379,203,582,95.9,11,2,681,12,4,0
Guéla Doué,1002033,RC Strasbourg,1659,france,2526,1703,20,19,6.85,2,5,7,2.09,1.5,18,12,27.91,140,16,36.36,394,519,913,86.87,48,64.86,26,0,0,0,79,4,3,3,5,82,20,0,0,20,20260326,16,111,0,0,39,0,18.18,3,25,23,2,2,0,,74,46.54,0,0,1,138,24,12,0,0,4.0,0,0,0,0,0.0,0,0,0,0,248,5,0,0,2,0,0,0,0,0,0,851.5,0,0,10,1,3,5,15,55.56,0,40,33,82.5,12,50,27,43,122,52.36,44,490,561,1051,137.0,11,2,1520,19,3,0
Fodé Doucouré,1035695,Le Havre,1662,france,2526,825,20,9,6.85,2,1,3,1.47,1.69,4,12,21.43,80,12,42.86,147,93,240,81.08,6,46.15,7,0,0,0,41,2,0,6,0,16,20,0,0,8,20260326,8,38,0,0,8,0,12.5,0,12,11,1,2,0,,33,51.56,0,0,0,56,4,14,0,2,1.0,0,0,0,0,0.0,0,0,0,0,144,3,0,0,2,0,0,0,0,0,0,412.5,0,0,9,7,5,5,3,27.27,0,28,17,60.71,14,12,11,56,39,50.65,28,192,104,296,137.0,16,0,514,3,1,0
Nordan Mukiele,1891021,Stade Rennais,1658,france,2526,49,3,0,6.85,1,0,1,0.11,0.01,1,0,0.0,7,0,0.0,11,8,19,95.0,0,0.0,0,0,0,0,4,0,0,2,0,1,2,0,0,4,20260326,0,8,0,0,3,0,33.33,0,0,0,0,0,1,,2,20.0,0,0,0,1,0,1,0,0,0.0,0,0,0,0,0.0,0,0,0,0,11,0,0,0,1,0,0,0,0,0,0,49.0,0,0,1,2,0,1,1,50.0,0,1,0,0.0,1,1,2,1,2,20.0,0,12,8,20,13.7,3,0,40,0,0,0
Théo Le Bris,1131540,Lorient,1656,france,2526,1794,26,20,6.85,2,2,4,1.59,1.72,7,13,17.33,170,10,62.5,303,205,508,85.96,7,36.84,12,0,0,0,56,2,1,2,2,36,26,0,0,4,20260326,13,48,0,0,8,0,12.5,0,25,23,2,2,0,,55,60.44,1,0,0,83,15,13,0,0,2.0,0,0,0,0,0.0,0,0,0,0,194,7,0,0,1,0,0,0,0,0,0,897.0,0,0,12,4,8,6,11,50.0,0,37,25,67.57,13,11,22,75,62,56.36,16,355,236,591,178.0,16,0,946,7,0,0
Benjamin Stambouli,105951,Metz,1651,france,2526,749,14,8,6.85,0,0,0,0.21,0.74,33,1,25.0,47,31,44.93,113,189,302,80.32,4,66.67,2,0,0,0,36,1,0,1,0,22,11,0,0,4,20260326,10,27,0,3,12,0,0.0,1,19,18,1,0,0,,32,56.14,0,0,0,74,5,7,0,0,4.0,0,0,0,0,0.0,0,0,0,0,100,2,0,0,0,0,0,0,0,0,0,0.0,0,0,3,2,3,1,5,71.43,0,19,13,68.42,7,69,7,4,36,57.14,69,166,210,376,75.3,5,0,491,8,0,0
Kamory Doumbia,1156353,Stade Brestois,1715,france,2526,1528,20,19,6.85,5,3,8,4.5,2.4,13,3,15.79,139,26,68.42,267,211,478,82.27,11,30.56,25,0,0,0,99,9,3,16,1,5,20,0,0,27,20260326,24,131,1,0,26,0,13.16,0,21,19,2,5,0,,85,44.5,2,0,2,103,18,21,0,2,0.0,0,0,0,0,0.0,0,0,0,0,238,22,0,0,3,0,0,0,0,0,0,305.6,0,0,26,12,10,12,13,28.89,0,54,29,53.7,21,28,45,19,96,42.29,38,344,237,581,136.9,38,1,933,18,6,0
Lilian Brassier,988907,Stade Rennais,1658,france,2526,1802,22,20,6.84,0,1,1,0.72,0.95,28,6,25.0,198,38,30.65,464,624,1088,85.53,30,62.5,18,0,0,0,102,2,1,2,6,60,22,0,0,11,20260326,2,60,1,1,22,0,0.0,6,26,21,5,0,0,,48,53.33,0,0,0,184,31,10,0,0,20.0,0,0,0,0,0.0,0,0,0,0,264,3,0,0,0,0,0,0,0,0,0,0.0,0,0,5,3,5,1,7,46.67,0,26,11,42.31,10,79,15,24,78,56.52,124,586,686,1272,150.5,8,1,1614,16,1,0
Aleksandr Golovin,318963,AS Monaco,1653,france,2526,1412,20,18,6.84,4,5,9,2.95,1.61,24,6,20.0,213,19,59.38,349,159,508,82.07,5,26.32,14,0,0,0,64,2,3,7,3,11,20,0,0,15,20260326,16,77,0,1,24,0,13.33,0,17,16,1,4,0,,55,46.61,0,0,0,111,22,21,2,2,5.0,0,0,0,0,0.0,0,0,0,0,204,14,0,1,2,0,0,0,0,0,0,353.0,0,1,20,10,6,17,17,65.38,0,23,15,65.22,21,51,26,30,60,43.8,32,433,186,619,136.8,30,2,907,15,2,1
Marvin Senaya,1087805,Auxerre,1646,france,2526,1540,20,17,6.84,1,0,1,1.31,0.47,25,9,24.32,75,31,38.75,174,264,438,76.98,36,63.16,21,0,0,0,52,0,2,7,2,67,20,0,0,6,20260326,11,70,0,0,21,0,7.69,0,25,23,2,1,0,,77,61.11,0,0,0,131,30,5,0,1,10.0,0,0,0,0,0.0,0,0,0,0,221,4,0,0,1,0,0,0,0,0,0,1540.0,0,0,8,5,2,4,3,16.67,0,46,24,52.17,5,57,18,37,113,61.75,80,269,300,569,136.8,13,1,976,30,5,0
Ansu Fati,962883,AS Monaco,1653,france,2526,692,18,6,6.84,8,0,8,8.51,0.94,16,2,100.0,73,10,62.5,133,72,205,81.67,10,52.63,9,0,0,1,26,2,9,5,0,8,18,0,0,4,20260326,7,36,0,1,7,0,27.59,0,9,8,1,7,1,,24,47.06,1,0,0,46,3,9,2,2,0.0,0,0,4,0,75.0,0,3,0,0,85,3,0,0,5,0,0,0,0,0,0,86.5,0,0,25,4,7,17,9,45.0,0,11,7,63.64,9,23,20,2,34,48.57,16,171,80,251,123.1,29,1,382,4,1,0
Fabien Centonze,802034,Nantes,1647,france,2526,704,13,8,6.84,3,0,3,1.3,0.88,4,9,37.5,44,7,53.85,87,57,144,75.0,10,52.63,9,0,0,0,21,1,0,2,1,32,13,0,0,3,20260326,6,38,0,1,12,0,42.86,0,13,13,0,3,0,,41,58.57,0,0,0,48,23,4,1,1,2.0,0,0,0,0,0.0,0,0,0,0,110,3,0,0,2,0,0,0,0,0,0,234.67,0,0,4,3,2,3,4,26.67,0,30,17,56.67,4,14,15,24,51,57.3,13,119,73,192,88.9,7,0,430,7,3,0
Lassine Sinayoko,927005,Auxerre,1646,france,2526,2165,25,25,6.84,6,3,9,8.35,2.61,12,5,20.0,211,12,66.67,328,118,446,75.08,32,28.57,80,0,0,1,71,5,10,16,4,14,25,0,0,40,20260326,7,174,0,0,24,0,9.23,0,29,25,4,5,1,,106,53.0,1,0,1,148,19,28,0,7,0.0,0,0,4,0,75.0,0,3,0,1,303,22,0,0,5,0,0,0,0,0,0,360.83,0,0,46,19,22,27,27,50.94,0,34,19,55.88,28,25,53,25,138,44.23,18,451,143,594,170.9,65,2,1028,45,5,0
Sinaly Diomandé,996951,Auxerre,1646,france,2526,1504,17,17,6.84,1,1,2,1.21,0.22,30,0,0.0,66,48,49.48,194,388,582,86.74,28,65.12,15,0,0,0,51,1,1,0,5,78,17,0,0,2,20260326,11,50,0,2,21,0,25.0,4,21,16,5,1,0,,40,53.33,1,0,0,89,27,3,0,1,10.0,0,0,0,0,0.0,0,0,0,0,107,1,0,1,0,0,0,0,0,0,0,1504.0,0,0,3,1,3,1,3,42.86,0,22,13,59.09,3,51,7,0,68,57.63,97,251,420,671,116.2,4,1,884,17,2,1
Diego Coppola,1050692,Paris FC,6070,france,2526,540,6,6,6.83,0,1,1,0.12,0.1,13,0,0.0,18,19,42.22,60,174,234,84.17,12,50.0,12,0,0,0,20,1,0,0,2,58,6,0,0,1,20260326,2,19,0,1,4,0,0.0,0,9,9,0,0,0,,7,50.0,0,0,0,44,2,2,0,0,6.0,0,0,0,0,0.0,0,0,0,0,47,0,0,0,0,0,0,0,0,0,0,0.0,0,0,2,0,2,0,0,0.0,0,6,2,33.33,2,36,0,0,19,50.0,45,86,192,278,41.0,2,0,373,3,1,0
Loic Négo,54308,Le Havre,1662,france,2526,2027,24,23,6.83,0,0,0,0.75,1.36,25,18,25.35,147,42,33.87,314,383,697,78.23,16,59.26,11,0,0,0,106,2,1,3,6,80,24,0,0,6,20260326,18,61,1,0,15,0,0.0,0,28,27,1,0,0,,73,59.35,0,0,1,194,28,13,0,3,6.0,0,0,0,1,0.0,0,0,0,0,297,5,0,0,0,0,0,0,0,0,0,0.0,0,0,8,8,10,3,13,52.0,0,44,26,59.09,13,85,25,71,89,59.33,124,459,432,891,164.0,16,0,1435,16,2,0
Lilian Raolisoa,1462778,Angers,1684,france,2526,1382,25,14,6.83,2,2,4,0.77,1.91,19,13,18.31,90,20,46.51,186,168,354,75.64,23,56.1,18,0,0,0,52,6,0,6,2,33,25,0,0,15,20260326,11,82,0,0,22,0,13.33,0,20,18,2,1,1,,61,48.8,0,0,0,114,9,18,0,0,3.0,0,0,0,0,0.0,0,0,0,0,246,6,0,0,2,0,0,0,0,0,0,691.0,0,1,7,8,4,5,12,40.0,0,37,19,51.35,18,35,30,71,84,50.6,43,258,210,468,170.8,15,1,798,12,2,0
Mousa Tamari,876600,Stade Rennais,1658,france,2526,1669,26,18,6.83,3,5,8,3.19,3.33,6,13,18.06,159,12,57.14,277,136,413,81.78,1,16.67,5,0,0,0,93,5,1,14,3,6,25,0,0,33,20260326,11,110,0,0,16,0,6.82,0,19,18,1,2,1,,63,37.5,0,0,0,92,8,26,3,17,1.0,0,0,0,0,0.0,0,0,0,1,293,23,0,0,0,0,0,0,0,0,0,556.33,0,0,23,21,15,15,25,35.21,0,18,13,72.22,26,12,71,72,64,36.78,21,349,156,505,170.7,44,2,924,20,4,0
Christian Mawissa,1407848,AS Monaco,1653,france,2526,641,11,7,6.83,0,0,0,0.32,0.66,5,0,0.0,36,6,30.0,153,281,434,91.37,14,60.87,9,0,0,0,37,0,1,0,1,33,11,0,0,3,20260326,6,25,0,0,4,0,0.0,12,10,9,1,0,0,,33,67.35,0,0,0,41,12,2,0,0,5.0,0,0,0,1,0.0,0,0,0,0,59,0,0,0,0,0,0,0,0,0,0,0.0,0,0,1,0,0,1,9,75.0,0,17,14,82.35,2,9,12,2,47,65.28,20,178,297,475,75.1,1,0,598,7,1,0
Leonardo Balerdi,928236,Olympique de Marseille,1641,france,2526,1447,19,15,6.83,0,1,1,1.13,0.23,22,0,0.0,81,54,51.43,322,743,1065,92.37,24,52.17,22,0,0,0,80,0,2,2,2,69,19,0,0,4,20260326,18,64,1,0,16,0,0.0,17,25,24,1,0,0,,58,58.0,0,0,1,88,18,4,0,0,8.0,0,0,0,0,0.0,0,0,0,0,109,5,0,0,0,0,0,0,0,0,0,0.0,0,0,9,2,6,3,5,50.0,0,35,20,57.14,4,49,10,1,82,56.16,105,377,776,1153,129.7,11,0,1377,18,4,0
Tom Louchet,1127313,Nice,1661,france,2526,1134,21,12,6.82,3,2,5,2.96,1.72,14,9,22.5,90,18,52.94,188,149,337,78.55,8,57.14,6,0,0,0,46,6,2,8,0,22,21,0,1,11,20260326,7,50,0,0,14,0,15.0,0,24,21,3,2,1,,47,51.65,0,0,1,92,8,18,2,0,4.0,0,0,0,0,0.0,0,0,0,0,173,6,0,1,1,0,0,0,0,0,0,378.0,0,0,9,11,6,6,11,47.83,0,25,10,40.0,18,34,23,40,55,52.38,34,259,170,429,143.3,20,2,665,11,1,0
Charles Vanhoutte,928033,Nice,1661,france,2526,1611,21,19,6.82,0,2,2,0.12,0.81,38,1,7.69,175,49,62.82,378,378,756,84.19,32,61.54,20,0,0,0,97,2,0,2,2,41,21,0,0,7,20260326,20,82,0,0,30,0,0.0,0,32,28,4,0,0,,55,47.01,0,0,0,142,17,11,0,0,10.0,0,0,0,1,0.0,0,0,0,0,199,8,0,0,0,0,0,0,0,0,0,0.0,0,0,1,2,0,1,6,46.15,0,42,26,61.9,11,70,13,13,87,51.48,78,484,414,898,143.3,3,0,1138,7,6,0
Otávio,1069159,Paris FC,6070,france,2526,1734,21,19,6.82,0,0,0,0.26,0.24,39,2,40.0,93,67,49.26,281,831,1112,88.39,20,47.62,22,0,0,0,71,0,0,4,5,123,21,0,1,7,20260326,12,66,0,3,22,0,0.0,6,29,28,1,0,0,,73,62.39,0,0,0,146,27,3,0,1,15.0,0,0,0,2,0.0,0,0,0,0,183,3,0,1,0,0,0,0,0,0,0,0.0,0,0,5,6,5,2,6,60.0,0,39,22,56.41,3,85,10,5,93,58.49,136,374,884,1258,143.3,11,2,1588,28,6,0
Marshall Munetsi,894733,Paris FC,6070,france,2526,609,10,6,6.82,3,0,3,3.11,0.09,0,0,0.0,30,4,44.44,53,56,109,74.15,20,52.63,18,0,0,0,22,0,3,3,2,17,10,0,0,7,20260326,3,40,0,1,8,0,21.43,0,6,6,0,3,0,,16,42.11,0,0,0,38,2,3,1,0,2.0,0,0,0,0,0.0,0,0,0,1,64,2,0,0,2,0,0,0,0,0,0,203.0,0,0,11,3,5,6,2,33.33,0,8,3,37.5,3,2,6,0,36,47.37,9,81,66,147,68.2,14,0,249,7,0,0
Noam Obougou Jacquet,1895833,Le Havre,1662,france,2526,99,5,0,6.82,1,0,1,0.13,0.02,0,0,0.0,4,0,0.0,5,1,6,46.15,5,50.0,5,0,0,0,3,0,0,1,0,0,5,0,0,1,20260326,0,12,0,0,5,0,25.0,0,0,0,0,1,0,,5,41.67,0,0,0,7,1,0,1,0,0.0,0,0,0,0,0.0,0,0,0,1,21,2,0,0,0,0,0,0,0,0,0,99.0,0,0,3,1,0,3,2,66.67,0,0,0,0.0,0,0,3,2,10,45.45,0,10,3,13,34.1,4,0,41,3,0,0
Arouna Sangante,1035988,Le Havre,1662,france,2526,1899,23,23,6.82,1,1,2,0.4,0.69,35,0,0.0,107,53,43.09,352,644,996,86.91,45,60.81,29,0,0,0,67,0,1,1,4,108,23,0,1,5,20260326,11,80,0,4,34,0,12.5,1,30,29,1,1,0,,64,55.65,1,0,0,150,26,9,0,0,15.0,0,0,0,1,0.0,0,0,0,0,177,1,0,1,0,0,0,0,0,0,0,1899.0,0,0,7,1,2,5,4,50.0,0,29,14,48.28,9,73,8,3,109,57.67,123,450,696,1146,156.8,8,2,1458,31,3,0
Étienne Youte Kinkoue,980406,Le Havre,1662,france,2526,335,7,3,6.82,0,0,0,,0.04,3,0,0.0,5,15,48.39,34,95,129,83.23,3,50.0,3,0,0,0,12,0,0,0,2,28,6,0,0,0,20260326,1,7,0,1,3,0,0.0,0,8,8,0,0,0,,7,63.64,0,0,0,26,0,1,0,0,8.0,0,0,0,0,0.0,0,0,0,0,27,0,0,0,0,0,0,0,0,0,0,0.0,0,0,0,0,0,0,0,0.0,0,6,3,50.0,1,8,0,0,10,58.82,31,51,104,155,40.9,0,1,205,1,2,0
Noah Cadiou,993952,Lorient,1656,france,2526,1251,21,13,6.81,1,1,2,0.77,1.28,21,0,0.0,128,29,49.15,281,396,677,87.58,12,52.17,11,0,0,0,78,0,1,2,2,23,21,0,0,12,20260326,10,63,0,1,20,0,8.33,6,23,22,1,1,0,,41,44.09,0,0,0,96,18,8,0,0,10.0,0,0,0,0,0.0,0,0,0,1,145,6,0,0,1,0,0,0,0,0,0,1251.0,0,0,6,6,4,6,10,47.62,0,20,12,60.0,8,44,21,5,53,45.69,59,347,426,773,143.1,12,1,954,11,1,0
Martial Godo,1190938,RC Strasbourg,1659,france,2526,1206,22,14,6.81,7,1,8,6.22,1.6,8,7,30.43,75,4,40.0,157,111,268,82.97,2,40.0,3,0,0,0,51,1,7,8,1,8,22,0,0,23,20260326,7,61,0,0,13,0,24.14,0,16,14,2,6,1,,48,45.28,1,0,1,55,11,13,0,6,0.0,0,1,0,1,0.0,0,0,0,1,148,14,0,0,5,0,0,0,0,0,0,172.29,0,0,25,4,8,13,12,40.0,0,13,10,76.92,12,14,30,23,50,45.05,10,197,126,323,149.9,29,0,558,23,2,0
Noah Nartey,1195782,Olympique Lyonnais,1649,france,2526,487,8,4,6.81,2,0,2,0.92,0.27,1,0,0.0,51,5,71.43,98,71,169,86.67,1,16.67,5,0,0,0,28,0,0,1,3,2,8,0,0,11,20260326,9,35,0,1,5,0,50.0,0,7,5,2,2,0,,27,47.37,0,0,0,26,2,3,1,1,0.0,0,0,0,0,0.0,0,0,0,0,65,0,0,0,1,0,0,0,0,0,0,243.5,0,0,3,1,1,2,13,65.0,0,8,6,75.0,3,2,20,1,28,44.44,7,120,75,195,54.5,4,1,279,6,0,0
Mathys de Carvalho,1545023,Olympique Lyonnais,1649,france,2526,293,10,3,6.81,0,0,0,0.44,0.14,5,0,0.0,39,12,80.0,80,96,176,94.12,4,40.0,6,0,0,0,14,0,0,1,0,7,8,0,0,4,20260326,3,14,0,1,2,0,0.0,1,4,2,2,0,0,,13,61.9,0,0,0,11,4,1,0,0,1.0,0,0,0,0,0.0,0,0,0,0,24,2,0,0,0,0,0,0,0,0,0,0.0,0,0,3,4,4,2,1,100.0,0,7,4,57.14,1,6,1,2,17,54.84,15,86,101,187,54.5,7,0,244,5,1,0
Ahmadou Bamba Dieng,1102503,Lorient,1656,france,2526,760,15,9,6.81,7,1,8,4.86,0.15,2,0,0.0,22,1,50.0,46,47,93,75.0,17,43.59,22,0,0,0,16,2,5,3,0,8,15,0,0,16,20260326,1,55,0,0,13,0,22.58,0,8,8,0,7,0,,18,35.29,1,0,1,31,2,10,3,6,1.0,0,0,1,0,100.0,0,1,0,0,76,1,0,0,3,0,0,0,0,0,0,108.57,0,1,24,7,12,16,5,41.67,0,5,2,40.0,10,2,12,2,35,38.89,2,65,59,124,102.1,31,1,248,8,3,0
Jean-Victor Makengo,802138,Lorient,1656,france,2526,1359,24,17,6.8,3,2,5,2.25,0.89,9,3,23.08,134,11,52.38,229,121,350,83.33,8,30.77,18,0,0,0,48,0,0,8,0,17,24,0,0,14,20260326,6,59,0,1,8,0,10.0,0,21,20,1,2,1,,69,62.73,0,0,1,70,6,17,3,0,0.0,1,0,0,0,0.0,0,0,0,0,138,9,0,0,0,0,0,0,0,0,0,453.0,0,0,16,14,11,11,19,59.38,0,22,11,50.0,17,15,32,13,77,56.62,21,280,140,420,163.3,30,0,652,28,1,0
Haris Belkebla,580642,Angers,1684,france,2526,2250,26,26,6.8,0,0,0,0.28,0.37,18,0,0.0,129,25,42.37,374,533,907,87.46,15,50.0,15,0,0,0,117,0,0,2,7,34,26,0,0,14,20260326,24,80,1,1,17,0,0.0,0,36,31,5,0,0,,118,64.48,0,0,0,130,24,10,0,0,8.0,0,0,0,0,0.0,0,0,0,1,208,5,0,0,0,0,0,0,0,0,0,0.0,0,0,2,3,3,0,18,60.0,0,58,36,62.07,10,38,30,2,133,62.44,59,454,583,1037,176.9,5,0,1377,43,7,0
Sebastian Nanasi,962068,RC Strasbourg,1659,france,2526,537,13,5,6.8,3,1,4,2.47,0.61,3,1,10.0,81,6,60.0,124,76,200,86.21,2,22.22,7,0,0,0,16,2,6,0,1,10,13,0,0,1,20260326,5,21,0,0,4,0,25.0,0,5,5,0,3,0,,10,41.67,0,0,0,32,4,11,1,1,0.0,0,0,0,0,0.0,0,0,0,0,55,4,0,0,2,0,0,0,0,0,0,179.0,0,0,12,0,5,7,1,20.0,0,8,3,37.5,11,6,5,10,12,36.36,10,155,77,232,88.4,12,1,309,1,0,0
Romain Perraud,827519,Lille,1643,france,2526,1693,23,20,6.8,2,3,5,1.6,2.94,18,26,26.26,242,17,34.69,441,267,708,85.71,12,32.43,25,0,0,0,71,6,0,7,3,36,23,0,1,8,20260326,18,79,0,0,18,0,8.33,0,24,20,4,2,0,,81,60.0,0,0,0,118,17,30,2,1,5.0,0,0,0,0,0.0,0,0,0,0,254,9,0,1,0,0,0,0,0,0,0,846.5,0,0,14,10,7,10,7,36.84,0,35,24,68.57,30,42,19,99,93,54.07,49,520,306,826,156.4,24,0,1343,39,4,0
Nathan Ngoy,1119487,Lille,1643,france,2526,1872,23,21,6.8,1,2,3,1.06,0.8,47,1,25.0,97,72,53.33,352,823,1175,91.37,20,58.82,14,0,0,0,86,3,2,6,5,75,23,0,1,2,20260326,10,43,0,5,16,0,5.56,0,28,25,3,1,0,,41,58.57,0,0,1,111,31,4,0,0,10.0,0,0,0,0,0.0,0,0,0,0,127,1,0,1,1,0,0,0,0,0,0,1872.0,0,0,10,8,7,5,6,75.0,0,28,17,60.71,4,81,8,4,61,58.65,135,430,856,1286,156.4,18,1,1508,7,7,0
Sebastian Szymański,847983,Stade Rennais,1658,france,2526,469,9,6,6.8,1,2,3,0.53,1.07,13,2,10.53,54,4,44.44,93,62,155,80.31,2,22.22,7,0,0,0,17,2,0,2,0,1,9,0,0,8,20260326,3,30,0,0,9,0,12.5,0,6,6,0,1,0,,21,47.73,0,0,0,38,0,7,1,2,2.0,0,0,0,0,0.0,0,0,0,0,75,1,0,0,0,0,0,0,0,0,0,469.0,0,1,3,5,3,3,1,20.0,0,13,5,38.46,7,20,5,19,23,43.4,9,121,72,193,61.2,8,0,278,7,0,0
Francisco Sierralta,805096,Auxerre,1646,france,2526,862,10,9,6.8,1,0,1,1.03,0.17,7,0,0.0,21,13,43.33,88,275,363,89.63,32,71.11,13,0,0,0,27,0,0,3,2,56,10,0,0,0,20260326,4,24,0,0,8,0,14.29,3,15,15,0,1,0,,21,65.63,1,0,0,42,8,2,0,0,5.0,0,0,0,0,0.0,0,0,0,0,46,0,0,0,0,0,0,0,0,0,0,862.0,0,0,7,0,2,2,2,100.0,0,14,6,42.86,2,11,2,0,53,68.83,30,114,291,405,68.0,7,1,523,5,2,0
Luca Koleosho,1216282,Paris FC,6070,france,2526,253,9,1,6.8,1,0,1,0.86,0.22,1,0,0.0,26,3,100.0,40,24,64,71.91,2,33.33,4,0,0,0,20,1,1,1,0,3,9,0,0,2,20260326,1,24,0,0,7,0,14.29,0,6,6,0,1,0,,22,52.38,0,0,2,25,0,4,0,0,0.0,0,1,0,0,0.0,0,0,0,0,50,2,0,0,1,0,0,0,0,0,0,253.0,0,0,5,2,2,4,5,33.33,0,15,8,53.33,3,3,15,5,24,50.0,3,59,30,89,61.2,7,0,157,2,0,0
Frédéric Guilbert,372430,Nantes,1647,france,2526,15,1,0,6.8,0,0,0,,0.02,3,0,0.0,2,1,100.0,4,5,9,100.0,0,0.0,1,0,0,0,1,0,0,0,0,1,1,0,0,0,20260326,0,1,0,0,0,0,0.0,0,0,0,0,0,0,,0,0.0,0,0,0,0,1,0,0,0,0.0,0,0,0,0,0.0,0,0,0,0,2,0,0,0,0,0,0,0,0,0,0,0.0,0,0,0,0,0,0,0,0.0,0,0,0,0.0,0,3,0,2,0,0.0,1,4,5,9,6.8,0,0,15,0,0,0
Sékou Doucoure,1415436,Nantes,1647,france,2526,45,1,0,6.8,0,0,0,,0.0,0,0,0.0,0,0,0.0,2,24,26,86.67,1,100.0,0,0,0,0,1,0,0,0,0,5,1,0,0,0,20260326,0,1,0,1,1,0,0.0,1,0,0,0,0,0,,0,0.0,0,0,0,4,3,0,0,0,1.0,0,0,0,0,0.0,0,0,0,0,4,0,0,0,0,0,0,0,0,0,0,0.0,0,0,0,0,0,0,0,0.0,0,0,0,0.0,0,0,0,0,1,50.0,1,2,28,30,6.8,0,0,39,0,0,0
Derek Cornelius,801411,Olympique de Marseille,1641,france,2526,57,2,0,6.8,0,0,0,,0.0,0,0,0.0,0,0,0.0,2,10,12,85.71,0,0.0,1,0,0,0,0,0,0,0,0,4,1,0,0,0,20260326,0,1,0,0,0,0,0.0,0,1,1,0,0,0,,2,100.0,0,0,0,2,1,0,0,0,2.0,0,0,0,0,0.0,0,0,0,0,2,0,0,0,0,0,0,0,0,0,0,0.0,0,0,0,0,0,0,0,0.0,0,0,0,0.0,0,1,0,0,2,66.67,0,3,11,14,6.8,0,0,24,2,0,0
Pablo Rosario,804472,Nice,1661,france,2526,27,1,0,6.8,0,0,0,0.09,0.01,0,0,0.0,5,0,0.0,11,4,15,93.75,0,0.0,1,0,0,0,3,0,0,0,0,0,1,0,0,0,20260326,0,2,0,0,0,0,0.0,0,0,0,0,0,0,,3,75.0,0,0,0,1,0,1,0,0,,0,0,0,0,0.0,0,0,0,0,4,0,0,0,0,0,0,0,0,0,0,0.0,0,0,1,1,1,1,2,66.67,0,1,0,0.0,1,0,3,0,3,60.0,0,11,5,16,6.8,2,0,25,0,0,0
Jérémie Boga,367056,Nice,1661,france,2526,645,14,7,6.79,2,2,4,1.57,0.57,3,4,33.33,74,4,50.0,120,45,165,83.33,0,0.0,3,0,0,0,22,2,2,3,0,2,14,0,0,5,20260326,1,24,0,1,2,0,13.33,0,14,13,1,2,0,,29,58.0,0,0,0,33,3,13,2,0,0.0,0,0,0,0,0.0,0,0,0,0,69,5,0,0,0,0,0,0,0,0,0,322.5,0,1,6,9,7,5,13,50.0,0,4,4,100.0,13,9,26,12,29,54.72,8,143,55,198,95.1,15,0,296,12,0,0
Abdelhamid Ait Boudlal,1597145,Stade Rennais,1658,france,2526,785,13,10,6.79,2,1,3,1.2,0.36,11,1,50.0,36,18,46.15,100,276,376,86.04,17,56.67,13,0,0,0,34,1,0,1,1,40,13,0,1,2,20260326,5,32,0,1,6,0,50.0,3,15,13,2,2,0,,24,55.81,1,0,0,61,7,1,0,0,6.0,0,0,0,0,0.0,0,0,0,0,85,2,0,1,1,0,0,0,0,0,0,392.5,0,0,2,2,1,2,4,40.0,0,17,10,58.82,1,28,10,2,41,56.16,39,136,301,437,88.3,4,0,564,3,2,0
Rafik Messali,1198264,Toulouse,1681,france,2526,500,12,5,6.79,0,0,0,,0.62,6,1,9.09,49,5,50.0,82,52,134,75.71,6,46.15,7,0,0,0,29,1,0,0,1,19,12,0,0,1,20260326,2,27,0,0,11,0,0.0,0,2,2,0,0,0,,23,53.49,0,0,0,43,12,3,0,0,2.0,0,0,0,0,0.0,0,0,0,0,72,2,0,0,0,0,0,0,0,0,0,0.0,0,0,0,0,0,0,4,36.36,0,10,6,60.0,3,9,11,11,29,51.79,10,109,68,177,81.5,0,0,287,9,2,0
Gideon Mensah,844942,Auxerre,1646,france,2526,1715,23,19,6.79,0,1,1,0.0,1.2,28,10,21.74,189,37,37.37,351,317,668,82.78,10,45.45,12,0,0,0,84,1,0,0,4,51,23,0,0,13,20260326,17,78,0,1,27,0,0.0,0,20,19,1,0,0,,75,53.19,0,0,1,139,22,13,0,1,3.0,0,0,0,0,0.0,0,0,0,0,240,4,0,0,0,0,0,0,0,0,0,0.0,0,0,0,1,1,0,12,57.14,0,37,26,70.27,13,74,21,46,85,52.15,99,450,357,807,156.2,1,0,1259,26,6,0
Mamadou Sarr,1154657,RC Strasbourg,1659,france,2526,1305,15,15,6.79,0,0,0,0.07,0.11,14,0,0.0,38,30,60.0,208,725,933,95.01,20,47.62,22,0,0,0,72,0,0,0,5,65,15,0,0,4,20260326,5,47,0,0,16,0,0.0,28,16,15,1,0,0,,31,55.36,0,0,0,49,9,1,0,0,3.0,0,0,0,0,0.0,0,0,0,0,67,0,0,0,0,0,0,0,0,0,0,0.0,0,0,1,0,1,0,5,71.43,0,15,12,80.0,1,25,7,0,51,52.04,50,233,749,982,101.8,1,0,1139,11,3,0
Elisha Owusu,904424,Auxerre,1646,france,2526,1723,22,20,6.79,0,0,0,0.09,0.47,14,0,0.0,114,25,50.0,274,247,521,81.28,6,27.27,16,0,0,0,110,0,0,2,5,33,22,0,0,12,20260326,14,71,0,1,31,0,0.0,0,23,21,2,0,0,,76,58.02,0,0,0,120,20,9,0,0,7.0,0,0,0,0,0.0,0,0,0,0,159,9,0,0,0,0,0,0,0,0,0,0.0,0,0,0,4,2,0,9,81.82,0,49,32,65.31,9,25,11,1,82,53.59,50,357,284,641,149.3,4,0,872,18,6,0
Simon Adingra,1110842,AS Monaco,1653,france,2526,444,7,5,6.79,3,0,3,1.11,0.21,1,1,12.5,50,1,33.33,73,51,124,75.15,3,37.5,5,0,0,0,33,0,0,3,0,3,7,0,0,11,20260326,10,58,0,0,4,0,33.33,0,4,4,0,2,1,,21,28.38,0,0,1,41,3,3,1,1,0.0,0,0,0,0,0.0,0,0,0,0,102,6,0,0,2,0,0,0,0,0,0,148.0,0,0,6,3,3,3,13,31.71,0,5,5,100.0,3,11,41,8,24,29.27,3,103,62,165,47.5,9,1,292,3,0,0
Mohamed Kaba,1127590,Nantes,1647,france,2526,526,7,6,6.79,0,1,1,0.31,0.39,7,0,0.0,38,5,71.43,87,52,139,78.98,7,43.75,9,0,0,0,26,2,0,0,1,1,7,0,0,5,20260326,5,31,0,1,7,0,0.0,0,8,7,1,0,0,,35,61.4,0,0,1,37,6,5,0,0,1.0,0,0,0,0,0.0,0,0,0,0,54,4,0,0,0,0,0,0,0,0,0,0.0,0,0,2,2,3,1,2,28.57,0,19,10,52.63,5,11,7,0,42,57.53,7,109,67,176,47.5,4,0,257,15,2,0
Hyeok-kyu Kwon,1025895,Nantes,1647,france,2526,764,12,9,6.78,0,0,0,0.08,0.08,6,0,0.0,21,10,55.56,57,135,192,86.88,9,60.0,6,0,0,0,21,0,0,2,1,28,12,0,0,4,20260326,9,31,0,1,11,0,0.0,0,14,13,1,0,0,,24,48.98,0,0,0,29,7,0,0,0,8.0,0,0,0,0,0.0,0,0,0,0,42,2,0,0,0,0,0,0,0,0,0,0.0,0,0,0,3,1,0,0,0.0,0,15,5,33.33,0,9,1,1,33,51.56,18,77,144,221,81.4,3,0,321,10,2,0
Rayan Fofana,1545376,RC Lens,1648,france,2526,703,22,5,6.78,5,0,5,5.38,0.19,3,0,0.0,25,2,66.67,50,43,93,76.23,14,40.0,21,0,0,0,15,0,8,6,0,5,22,0,0,14,20260326,4,63,0,1,11,0,15.15,0,6,6,0,5,0,,51,54.84,0,0,0,29,2,5,2,6,2.0,0,0,0,0,0.0,0,0,0,1,88,2,0,0,3,0,0,0,0,0,0,140.6,0,0,26,7,15,12,11,45.83,0,10,5,50.0,5,5,24,4,65,50.78,3,70,52,122,149.2,33,1,307,31,0,0
Gessime Yassine,1638338,RC Strasbourg,1659,france,2526,177,7,2,6.78,0,1,1,0.12,0.47,1,1,14.29,22,0,0.0,34,15,49,77.78,0,0.0,0,0,0,0,4,1,0,2,0,0,5,0,0,2,20260326,3,13,0,0,4,0,0.0,0,1,1,0,0,0,,20,60.61,0,0,0,14,1,3,0,0,0.0,0,0,0,0,0.0,0,0,0,1,34,1,0,0,0,0,0,0,0,0,0,0.0,0,0,2,1,1,0,6,54.55,0,7,3,42.86,3,4,11,7,20,60.61,2,47,16,63,33.9,3,0,119,7,0,0
Djibril Sidibé,123388,Toulouse,1681,france,2526,1978,27,23,6.78,3,3,6,2.45,1.49,23,11,21.15,186,31,41.89,366,321,687,80.44,18,50.0,18,0,0,1,85,4,1,1,4,44,27,0,0,4,20260326,10,65,1,2,28,0,42.86,3,28,26,2,3,0,,64,57.66,0,0,0,167,16,14,1,4,4.0,0,0,2,2,50.0,0,1,0,0,251,7,0,0,2,0,0,0,0,0,0,659.33,0,0,6,1,2,4,8,53.33,0,44,29,65.91,14,56,15,52,82,55.78,74,498,356,854,183.0,7,1,1212,13,1,0
Hamed Junior Traorè,892924,Olympique de Marseille,1641,france,2526,359,9,4,6.78,1,1,2,1.0,0.8,2,3,15.0,32,2,50.0,68,45,113,84.96,6,50.0,6,0,0,0,16,1,1,1,0,1,8,0,0,3,20260326,0,23,0,0,6,0,20.0,0,6,6,0,1,0,,16,48.48,0,0,0,20,4,5,0,2,1.0,0,0,0,0,0.0,0,0,0,0,60,3,0,0,1,0,0,0,0,0,0,359.0,0,0,4,1,1,3,3,27.27,0,7,5,71.43,5,5,11,20,22,48.89,4,83,50,133,54.2,5,0,215,6,1,0
Morgan Guilavogui,990743,RC Lens,1648,france,2526,485,16,3,6.78,1,0,1,1.24,1.06,8,1,33.33,70,11,78.57,107,58,165,79.33,10,62.5,6,0,0,0,33,2,3,3,0,5,16,0,1,1,20260326,6,35,0,0,15,0,10.0,0,5,4,1,1,0,,34,53.97,0,0,0,43,1,10,1,4,0.0,0,0,0,0,0.0,0,0,0,1,70,5,0,1,0,0,0,0,0,0,0,485.0,0,0,8,2,5,2,8,53.33,0,14,8,57.14,10,9,15,3,44,55.7,14,137,71,208,108.4,10,0,308,12,3,0
Rémi Himbert,1961628,Olympique Lyonnais,1649,france,2526,139,6,1,6.78,1,0,1,1.05,0.03,0,0,0.0,8,0,0.0,11,3,14,60.87,3,37.5,5,0,0,0,5,0,2,3,0,0,4,0,0,5,20260326,0,16,0,0,2,0,10.0,0,4,4,0,1,0,,11,50.0,0,0,0,9,0,0,1,0,0.0,0,0,0,0,0.0,0,0,0,0,26,1,0,0,0,0,0,0,0,0,0,139.0,0,0,8,2,6,1,4,50.0,0,3,2,66.67,0,2,8,3,14,46.67,0,17,6,23,27.1,10,0,64,4,0,0
Jordan Lefort,363042,Angers,1684,france,2526,2430,27,27,6.77,0,2,2,0.45,1.2,61,7,46.67,83,80,41.03,313,1090,1403,86.98,30,60.0,20,0,0,0,106,3,0,1,9,135,27,0,0,7,20260326,16,63,0,2,17,0,0.0,64,37,32,5,0,0,,58,57.43,0,0,0,210,39,7,0,1,12.0,0,0,0,1,0.0,0,0,0,0,248,1,0,0,0,0,0,0,0,0,0,0.0,0,1,5,3,6,1,7,70.0,0,38,22,57.89,7,138,10,15,88,58.28,195,443,1170,1613,182.9,8,2,1980,14,2,0
Ludovic Blas,806076,Stade Rennais,1658,france,2526,1052,25,9,6.77,4,3,7,4.1,3.6,13,15,25.86,156,14,56.0,265,115,380,84.44,6,37.5,10,0,0,0,56,7,2,12,0,7,25,0,0,17,20260326,16,79,0,0,16,0,11.76,0,20,16,4,4,0,,48,41.03,0,0,1,70,10,28,4,4,1.0,0,0,2,0,100.0,0,2,0,0,176,11,0,0,0,0,0,0,0,0,0,263.0,0,1,16,18,12,10,16,44.44,0,10,6,60.0,28,26,36,58,54,40.6,25,319,131,450,169.3,34,1,710,22,0,0
Igor Silva,831246,Lorient,1656,france,2526,1198,14,13,6.77,1,0,1,0.43,0.78,18,5,25.0,87,19,41.3,199,318,517,87.33,14,53.85,12,0,0,0,47,0,0,2,2,44,14,0,0,2,20260326,9,35,0,1,9,0,14.29,6,22,20,2,0,1,,41,64.06,0,0,0,75,13,8,0,1,7.0,0,0,0,0,0.0,0,0,0,0,124,2,0,0,1,0,0,0,0,0,0,1198.0,0,1,2,5,4,1,3,33.33,0,20,13,65.0,8,35,9,20,55,61.11,46,248,344,592,94.8,7,1,834,18,1,0
Vanderson,1090694,AS Monaco,1653,france,2526,613,14,7,6.77,0,2,2,0.11,1.59,21,8,24.24,106,23,44.23,185,106,291,79.95,10,83.33,2,0,0,0,34,3,0,0,0,30,14,0,0,5,20260326,5,35,0,2,15,0,0.0,0,11,11,0,0,0,,34,50.75,0,0,0,73,23,11,0,0,1.0,0,0,0,0,0.0,0,0,0,0,143,1,0,0,0,0,0,0,0,0,0,0.0,0,0,1,2,3,0,8,47.06,0,24,14,58.33,11,41,17,33,44,55.7,52,238,126,364,94.8,3,0,593,2,4,0
Habib Diallo,802159,Metz,1651,france,2526,1665,20,18,6.77,4,1,5,6.36,0.42,5,1,20.0,51,9,90.0,85,61,146,65.18,64,48.48,68,0,0,1,33,0,5,10,5,27,20,0,0,25,20260326,3,130,0,0,26,0,11.76,0,40,34,6,3,1,,49,44.14,0,0,1,78,2,10,0,9,4.0,0,1,1,0,0.0,0,0,0,1,176,7,0,0,4,0,0,0,0,0,0,416.25,0,0,26,8,12,12,12,48.0,0,9,5,55.56,9,9,25,5,113,46.5,10,148,76,224,135.4,34,2,480,28,0,0
Yassin Belkhdim,1195241,Angers,1684,france,2526,2060,26,25,6.77,2,2,4,2.18,1.23,27,5,12.5,115,22,55.0,278,321,599,84.37,10,40.0,15,0,0,0,81,4,2,6,3,22,26,0,0,13,20260326,19,86,0,0,28,0,6.67,0,32,28,4,2,0,,90,55.9,0,0,0,111,34,15,2,2,6.0,0,0,0,0,0.0,0,0,0,0,197,7,0,0,0,0,0,0,0,0,0,1030.0,0,0,16,14,10,14,5,29.41,0,59,41,69.49,15,38,17,40,100,53.76,40,338,372,710,176.0,30,2,1047,27,4,0
Thomas Meunier,128587,Lille,1643,france,2526,1388,19,15,6.77,1,2,3,1.14,2.34,40,8,23.53,171,29,49.15,302,271,573,80.48,16,61.54,10,0,0,0,68,4,0,5,5,44,19,0,0,9,20260326,8,53,0,0,21,0,6.67,0,18,16,2,1,0,,33,43.42,0,0,0,139,12,13,1,1,2.0,0,0,0,0,0.0,0,0,0,0,218,8,0,0,0,0,0,0,0,0,0,1388.0,0,0,10,5,7,3,8,61.54,0,23,14,60.87,13,76,13,34,49,48.04,59,410,302,712,128.6,15,2,1051,2,2,0
Andrew Omobamidele,983066,RC Strasbourg,1659,france,2526,1041,19,10,6.77,0,0,0,0.21,0.09,4,0,0.0,23,8,72.73,177,711,888,96.84,21,75.0,7,0,0,0,46,0,1,0,3,53,19,0,0,1,20260326,0,18,0,0,9,0,0.0,18,15,13,2,0,0,,13,54.17,0,0,0,29,10,0,0,0,5.0,0,0,0,0,0.0,0,0,0,0,35,0,0,0,0,0,0,0,0,0,0,0.0,0,0,2,0,1,1,0,0.0,0,5,3,60.0,0,6,1,0,34,65.38,11,197,720,917,128.6,2,0,1024,8,4,0
Romain Del Castillo,825681,Stade Brestois,1715,france,2526,2074,25,25,6.77,8,2,10,7.58,5.17,33,40,23.39,231,21,40.38,386,198,584,74.21,25,48.08,27,1,0,1,123,9,3,5,4,21,25,0,1,35,20260326,29,162,0,2,23,0,30.77,0,30,28,2,8,0,,108,44.44,0,0,0,203,22,51,8,3,1.0,0,0,8,0,75.0,0,6,0,0,496,21,0,1,0,0,0,0,0,0,0,259.25,0,3,14,12,10,11,26,34.21,0,53,32,60.38,51,79,76,171,133,45.08,52,552,235,787,169.2,26,2,1384,29,1,0
Moses Simon,330051,Paris FC,6070,france,2526,1622,24,20,6.77,3,2,5,2.52,3.09,11,29,26.13,108,8,44.44,199,112,311,84.97,7,23.33,23,0,0,0,53,6,2,8,1,13,24,0,0,38,20260326,5,106,0,0,10,0,10.34,0,26,24,2,3,0,,43,34.13,0,0,0,55,9,29,1,5,1.0,0,0,0,0,0.0,0,0,0,0,251,9,0,0,2,0,0,0,0,0,0,540.67,0,0,17,12,11,10,20,40.0,0,10,7,70.0,29,20,50,111,50,32.05,18,237,129,366,162.4,29,0,733,14,0,0
Jim Allevinah,988632,Angers,1684,france,2526,132,6,0,6.77,1,0,1,1.02,0.03,0,0,0.0,10,1,100.0,15,19,34,89.47,1,100.0,0,0,0,0,11,0,0,1,0,1,6,0,0,1,20260326,1,8,0,0,0,0,20.0,0,1,1,0,1,0,,6,42.86,0,0,1,4,0,1,1,1,1.0,0,0,0,0,0.0,0,0,0,0,16,3,0,0,0,0,0,0,0,0,0,132.0,0,0,4,1,3,1,1,14.29,0,1,0,0.0,1,0,7,1,7,46.67,1,18,20,38,40.6,5,0,66,4,0,0
Remy Labeau Lascary,1401005,Stade Brestois,1715,france,2526,880,21,9,6.76,4,1,5,4.04,1.7,5,3,30.0,45,5,45.45,86,54,140,79.55,8,25.81,23,0,0,0,36,4,5,4,0,2,21,0,0,7,20260326,13,85,0,0,21,0,16.0,0,13,9,4,3,1,,39,38.61,0,0,0,36,4,10,1,6,2.0,0,0,0,0,0.0,0,0,0,0,112,6,0,0,3,0,0,0,0,0,0,220.0,0,0,16,9,8,13,13,37.14,0,14,8,57.14,10,9,35,10,47,35.61,11,111,65,176,142.0,25,1,367,12,2,0
Robinio Vaz,1514800,Olympique de Marseille,1641,france,2526,393,14,3,6.76,4,2,6,2.3,0.39,1,0,0.0,27,1,100.0,37,17,54,77.14,5,35.71,9,0,0,0,8,2,2,0,0,3,13,0,0,6,20260326,5,30,0,0,8,0,50.0,0,6,5,1,4,0,,15,41.67,0,0,1,16,2,6,0,3,0.0,0,0,0,0,0.0,0,0,0,1,46,1,0,0,4,0,0,0,0,0,0,98.25,0,0,8,0,2,6,1,33.33,0,5,4,80.0,6,1,3,4,20,40.0,1,50,20,70,87.9,8,1,146,9,2,0
Ainsley Maitland-Niles,352768,Olympique Lyonnais,1649,france,2526,1918,23,21,6.76,1,3,4,2.3,2.53,22,4,10.81,169,36,49.32,323,426,749,85.6,13,43.33,17,0,0,1,87,4,3,1,9,61,23,0,0,14,20260326,14,88,0,1,32,0,8.33,0,25,20,5,0,1,,72,50.35,0,0,0,126,24,18,0,1,2.0,0,0,1,0,0.0,0,0,0,0,228,7,0,1,1,0,0,0,0,0,0,1918.0,0,0,7,5,6,5,11,44.0,0,51,27,52.94,18,50,25,37,85,49.13,73,403,472,875,155.5,12,0,1343,10,4,1
Karim Dermane,1130307,Lorient,1656,france,2526,1234,25,14,6.76,1,2,3,1.12,0.97,11,1,7.14,155,19,55.88,244,176,420,85.19,6,24.0,19,0,0,0,83,1,0,1,0,5,25,0,0,23,20260326,13,88,0,0,18,0,6.67,0,22,20,2,1,0,,76,52.41,0,0,2,73,11,15,0,0,2.0,0,0,0,0,0.0,0,0,0,1,172,11,0,0,1,0,0,0,0,0,0,1234.0,0,0,12,3,12,2,18,50.0,0,21,15,71.43,15,24,36,14,82,48.24,34,304,189,493,169.0,15,1,745,37,3,0
Abdulay Juma Bah,1606792,Nice,1661,france,2526,1556,21,17,6.76,0,0,0,0.65,0.94,18,0,0.0,58,29,49.15,243,666,909,91.63,44,56.41,34,0,0,0,89,2,2,1,3,107,21,0,0,3,20260326,9,71,0,1,25,0,0.0,8,35,31,4,0,0,,40,51.95,0,0,0,83,19,6,0,1,20.0,0,0,0,1,0.0,0,0,0,0,99,2,0,0,0,0,0,0,0,0,0,0.0,0,0,6,0,4,1,8,88.89,0,26,14,53.85,6,36,9,0,84,54.19,59,289,703,992,141.9,6,0,1237,6,6,0
Kojo Peprah Oppong,1473092,Nice,1661,france,2526,1888,23,22,6.76,1,0,1,1.59,0.33,14,2,40.0,94,26,41.94,353,717,1070,92.48,47,61.84,29,0,0,0,82,1,2,5,3,120,23,0,0,6,20260326,6,68,0,1,24,0,9.09,30,38,34,4,1,0,,72,64.86,0,0,0,87,23,6,1,1,14.0,0,0,0,1,0.0,0,0,0,0,110,0,0,0,0,0,0,0,0,0,0,1888.0,0,0,8,3,3,3,11,78.57,0,38,24,63.16,6,29,14,5,119,63.64,62,411,746,1157,155.4,11,0,1466,24,3,0
Guillaume Restes,1154630,Toulouse,1681,france,2526,2400,27,27,6.76,0,0,0,,0.06,42,0,0.0,30,122,38.36,96,347,443,68.47,5,100.0,0,0,0,0,143,0,0,0,9,27,27,0,0,0,20260326,2,2,0,4,0,0,0.0,116,31,28,3,0,0,-0.27,6,75.0,0,15,0,204,1,1,0,0,0.0,0,0,0,0,0.0,4,0,0,0,207,0,11,0,0,13,38,19,58,0,12,0.0,0,0,0,0,0,0,0,0.0,13,0,0,0.0,1,69,0,0,11,84.62,318,264,383,647,182.4,0,0,851,8,3,0
Matt O'Riley,891829,Olympique de Marseille,1641,france,2526,739,15,6,6.75,1,2,3,0.83,2.1,12,0,0.0,122,12,48.0,222,170,392,88.29,2,25.0,6,0,0,0,44,5,1,1,2,10,14,0,0,7,20260326,7,40,0,0,15,0,14.29,0,9,9,0,0,1,,21,38.18,0,0,0,52,6,13,1,1,3.0,0,1,0,0,0.0,0,0,0,0,84,7,0,0,0,0,0,0,0,0,0,739.0,0,0,3,4,3,3,2,28.57,0,18,7,38.89,12,22,7,7,23,36.51,25,269,175,444,94.5,7,1,543,1,2,0
Ignatius Ganago,890329,Nantes,1647,france,2526,333,6,4,6.75,1,0,1,1.77,0.18,0,1,33.33,17,0,0.0,26,15,41,67.21,13,56.52,10,0,0,0,10,0,3,1,0,4,6,0,0,0,20260326,0,14,0,0,4,0,14.29,0,5,5,0,1,0,,5,55.56,0,0,2,20,0,0,0,2,0.0,0,0,1,0,100.0,0,1,0,0,32,4,0,0,1,0,0,0,0,0,0,333.0,0,0,5,2,2,4,2,100.0,0,0,0,0.0,0,0,2,3,18,56.25,1,44,17,61,40.5,7,0,98,4,0,0
Steeve Kango,1627804,Olympique Lyonnais,1649,france,2526,24,2,0,6.75,0,0,0,,0.02,0,0,0.0,4,0,0.0,12,4,16,100.0,0,0.0,1,0,0,0,1,0,0,0,0,0,2,0,0,0,20260326,0,2,0,0,1,0,0.0,0,0,0,0,0,0,,1,50.0,0,0,0,0,0,0,0,0,1.0,0,0,0,0,0.0,0,0,0,0,6,0,0,0,0,0,0,0,0,0,0,0.0,0,0,0,0,0,0,1,100.0,0,0,0,0.0,0,0,1,4,1,33.33,0,12,4,16,13.5,0,0,28,0,0,0
Senny Mayulu,1473491,Paris Saint-Germain,1644,france,2526,1218,19,16,6.75,3,4,7,2.84,1.83,12,6,30.0,162,11,68.75,292,139,431,89.42,5,27.78,13,0,0,0,60,6,4,5,2,3,19,0,0,16,20260326,5,71,0,0,21,0,13.04,0,9,6,3,3,0,,64,52.46,1,0,1,51,6,27,1,1,0.0,0,0,0,0,0.0,0,0,0,0,139,16,0,0,1,0,0,0,0,0,0,406.0,0,0,15,8,11,7,9,34.62,0,38,21,55.26,27,17,26,20,69,49.29,16,333,149,482,128.2,23,1,722,17,2,0
Hicham Boudaoui,985923,Nice,1661,france,2526,1200,19,13,6.75,1,2,3,1.55,1.6,18,5,35.71,99,15,40.54,198,189,387,83.41,9,50.0,9,0,0,0,64,2,3,5,1,21,19,0,0,17,20260326,10,60,0,1,14,0,5.26,0,25,24,1,1,0,,52,50.49,0,0,0,77,15,12,0,2,6.0,0,0,0,0,0.0,0,0,0,0,142,5,0,0,1,0,0,0,0,0,0,1200.0,0,0,8,11,6,8,9,47.37,0,17,11,64.71,12,40,19,14,61,50.41,37,258,206,464,128.2,19,1,677,26,5,0
Andrija Bulatovic,1423504,RC Lens,1648,france,2526,575,14,4,6.75,0,1,1,0.4,1.01,9,9,25.71,50,10,58.82,104,121,225,85.23,2,40.0,3,0,0,0,32,3,1,0,2,7,13,0,0,6,20260326,12,47,0,0,15,0,0.0,0,7,6,1,0,0,,47,51.65,0,0,0,39,7,8,0,0,1.0,0,0,0,1,0.0,0,0,0,0,99,4,0,0,0,0,0,0,0,0,0,0.0,0,2,1,5,2,4,3,18.75,0,27,15,55.56,8,13,16,35,49,51.04,17,131,133,264,87.7,6,0,428,17,1,0
Achraf Hakimi,814594,Paris Saint-Germain,1644,france,2526,1089,14,11,6.74,2,1,3,1.96,1.8,16,8,24.24,383,22,61.11,649,272,921,91.01,3,42.86,4,0,0,0,57,1,3,6,6,11,14,0,1,9,20260326,10,53,0,0,8,0,9.52,0,12,9,3,2,0,,33,40.24,0,0,1,91,9,15,0,4,1.0,0,0,0,0,0.0,0,0,0,0,171,9,0,1,2,0,0,0,0,0,0,544.5,0,2,7,14,8,7,6,21.43,0,14,10,71.43,15,22,28,33,36,40.45,36,705,307,1012,94.4,21,1,1274,13,3,0
Stephan Zagadou,2073555,Le Havre,1662,france,2526,494,7,6,6.74,1,0,1,0.07,0.02,5,0,0.0,17,10,45.45,63,112,175,88.83,7,36.84,12,0,0,0,8,0,0,0,0,20,7,0,1,1,20260326,1,20,0,0,7,0,100.0,0,5,4,1,1,0,,14,63.64,1,0,0,22,2,2,0,0,7.0,0,0,0,0,0.0,0,0,0,0,29,0,0,1,0,0,0,0,0,0,0,494.0,0,0,1,0,0,1,2,66.67,0,11,5,45.45,2,10,3,0,21,51.22,22,79,118,197,47.2,1,1,266,1,0,0
Urie-Michel Mboula,1397934,Metz,1651,france,2526,576,10,7,6.74,0,0,0,0.11,0.17,17,2,33.33,43,31,64.58,133,257,390,91.76,2,66.67,1,0,0,0,24,0,0,0,1,23,10,0,0,0,20260326,2,14,0,0,7,0,0.0,0,11,8,3,0,0,,21,61.76,0,0,0,35,10,0,0,0,4.0,1,0,0,0,0.0,0,0,0,0,49,3,0,0,0,0,0,0,0,0,0,0.0,0,0,2,0,1,1,5,55.56,0,7,5,71.43,0,30,9,6,23,62.16,48,161,264,425,67.4,2,0,527,9,1,0
Danny Namaso,867440,Auxerre,1646,france,2526,1979,23,22,6.74,3,2,5,4.96,1.48,18,2,8.33,187,22,64.71,303,146,449,83.3,35,37.63,58,0,0,0,94,3,7,18,4,20,23,0,0,41,20260326,10,194,0,0,45,0,5.45,0,28,24,4,2,1,,96,41.38,0,0,2,90,9,27,0,4,2.0,0,0,0,0,0.0,0,0,0,0,278,19,0,0,3,0,0,0,0,0,0,659.67,0,2,35,20,21,16,27,36.99,0,25,15,60.0,27,39,73,24,131,40.31,34,379,160,539,155.0,55,0,999,44,6,0
Caio Henrique,845170,AS Monaco,1653,france,2526,1527,21,17,6.74,0,1,1,0.25,3.49,42,21,23.08,189,26,36.11,381,238,619,80.6,7,36.84,12,0,0,0,59,6,0,2,2,32,21,0,0,9,20260326,7,50,0,0,13,0,0.0,0,24,22,2,0,0,,43,53.09,0,0,0,149,11,19,0,1,6.0,0,0,0,1,0.0,0,0,0,0,287,7,0,0,0,0,0,0,0,0,0,0.0,0,2,0,2,0,0,6,40.0,0,22,9,40.91,19,96,15,91,50,50.0,72,490,278,768,141.5,2,0,1170,17,2,0
Osame Sahraoui,965357,Lille,1643,france,2526,467,16,4,6.74,1,2,3,0.82,1.27,3,0,0.0,105,4,80.0,141,52,193,80.42,0,0.0,2,0,0,0,18,2,1,4,0,2,16,0,0,15,20260326,4,39,1,1,3,0,9.09,0,5,5,0,0,1,,43,53.75,0,0,1,47,3,9,0,1,1.0,0,1,0,0,0.0,0,0,0,0,96,4,0,0,1,0,0,0,0,0,0,467.0,0,0,9,2,3,4,14,48.28,0,5,3,60.0,8,6,29,2,43,52.44,5,179,61,240,107.8,11,0,373,24,0,0
Stanis Idumbo Muzambo,1149152,AS Monaco,1653,france,2526,164,8,0,6.74,1,1,2,0.56,0.16,0,0,0.0,16,0,0.0,28,18,46,90.2,1,50.0,1,0,0,0,6,1,1,2,0,2,8,0,0,2,20260326,1,9,0,0,3,0,16.67,0,5,4,1,1,0,,6,42.86,0,0,0,5,0,3,0,0,0.0,0,0,0,0,0.0,0,0,0,0,14,2,0,0,1,0,0,0,0,0,0,164.0,0,0,4,2,2,2,1,25.0,0,3,3,100.0,3,1,4,1,7,43.75,1,33,18,51,53.9,6,1,87,2,0,0
Abner Vinícius,973838,Olympique Lyonnais,1649,france,2526,1535,19,18,6.74,3,0,3,1.41,1.39,31,12,25.53,192,32,64.0,348,209,557,84.39,7,35.0,13,0,0,0,39,2,2,7,8,27,19,0,1,11,20260326,11,61,0,1,19,0,21.43,0,14,12,2,2,1,,33,40.74,0,0,0,103,4,15,1,1,3.0,0,2,0,0,0.0,0,0,0,0,188,2,0,1,2,0,0,0,0,0,0,511.67,0,0,13,1,2,5,7,46.67,0,20,13,65.0,13,47,15,47,40,39.6,50,417,243,660,128.0,14,0,942,6,4,0
Adama Camara,1507384,Paris FC,6070,france,2526,1830,23,22,6.73,1,0,1,1.78,0.9,19,2,28.57,117,31,56.36,297,354,651,86.23,21,42.0,29,0,0,0,67,2,1,4,4,50,23,0,0,14,20260326,12,84,1,1,21,0,5.88,0,30,30,0,1,0,,72,56.69,0,0,0,104,29,12,0,0,9.0,0,0,0,0,0.0,0,0,0,0,171,4,0,0,1,0,0,0,0,0,0,1830.0,0,0,12,5,9,4,9,47.37,0,45,23,51.11,12,37,19,7,93,52.54,55,357,398,755,154.9,17,0,1080,18,6,0
Arnaud Bodart,878898,Lille,1643,france,2526,226,3,2,6.73,0,0,0,,0.01,9,0,0.0,4,18,43.9,9,58,67,73.63,0,0.0,0,0,0,0,14,0,0,0,0,1,3,0,0,0,20260326,0,1,0,1,1,0,0.0,13,3,3,0,0,0,0.24,0,0.0,0,1,0,24,0,0,0,0,0.0,0,0,0,1,0.0,1,0,0,0,24,0,1,0,0,2,1,3,4,0,0,0.0,0,0,0,0,0,0,0,0.0,1,0,0,0.0,0,17,0,0,0,0.0,41,28,63,91,20.2,0,0,107,0,0,0
Gabin Bernardeau,1893993,Nice,1661,france,2526,100,4,1,6.73,0,0,0,0.08,0.17,1,1,25.0,14,5,71.43,20,9,29,67.44,2,66.67,1,0,0,0,7,0,0,1,0,3,3,0,0,2,20260326,3,9,0,0,1,0,0.0,0,1,1,0,0,0,,7,46.67,0,0,0,14,0,2,0,1,0.0,0,0,0,0,0.0,0,0,0,0,24,1,0,0,0,0,0,0,0,0,0,0.0,0,0,2,1,1,1,0,0.0,0,4,4,100.0,2,4,2,4,9,50.0,7,32,11,43,20.2,3,0,72,3,0,0
Amine Sbai,1392829,Angers,1684,france,2526,1364,19,17,6.73,2,1,3,2.63,1.84,14,6,11.54,136,12,48.0,221,101,322,71.71,3,21.43,11,0,0,0,66,3,2,8,1,2,19,0,0,33,20260326,9,118,0,2,15,0,7.69,0,18,14,4,2,0,,66,38.15,0,0,1,127,7,21,1,3,0.0,0,0,0,0,0.0,0,0,0,0,324,11,0,0,1,0,0,0,0,0,0,682.0,0,0,17,9,5,13,30,36.59,0,17,7,41.18,21,31,82,52,69,36.9,25,319,130,449,127.9,26,0,810,19,1,0
Samuel Amo-Ameyaw,1407484,RC Strasbourg,1659,france,2526,672,20,5,6.73,1,2,3,0.48,0.97,5,9,25.0,80,6,75.0,137,119,256,88.89,0,0.0,3,0,0,0,33,2,1,2,1,1,19,0,0,12,20260326,12,51,0,0,12,0,14.29,0,10,10,0,1,0,,52,52.0,0,0,0,32,3,10,0,1,0.0,0,0,0,1,0.0,0,0,0,0,110,6,0,0,1,0,0,0,0,0,0,672.0,0,0,4,3,4,1,20,57.14,0,16,8,50.0,10,9,35,36,52,50.49,8,162,126,288,127.9,7,0,482,16,2,0
Ibou Sane,1470032,Metz,1651,france,2526,555,16,5,6.73,1,1,2,0.36,0.72,2,2,15.38,37,3,42.86,73,35,108,82.44,5,62.5,3,0,0,0,15,1,0,1,0,4,16,0,0,7,20260326,2,28,0,0,8,0,16.67,0,11,8,3,1,0,,24,48.98,0,0,0,23,1,5,0,3,0.0,0,0,0,0,0.0,0,0,0,2,67,1,0,0,1,0,0,0,0,0,0,555.0,0,0,4,2,2,3,2,20.0,0,7,3,42.86,5,4,10,13,29,50.88,7,89,42,131,107.7,6,0,228,15,2,0
Folarin Balogun,934237,AS Monaco,1653,france,2526,1643,23,19,6.73,9,4,13,10.32,1.33,4,1,8.33,87,3,60.0,145,79,224,73.68,20,37.04,34,0,0,0,43,7,10,11,2,6,23,0,1,24,20260326,4,108,0,2,32,0,15.25,0,23,21,2,8,1,,45,37.82,0,0,2,80,3,16,1,11,1.0,0,0,2,0,100.0,0,2,0,2,186,17,0,1,8,0,0,0,0,0,0,182.56,0,0,53,6,23,25,12,41.38,0,5,5,100.0,16,11,29,12,65,37.57,5,211,93,304,154.8,59,0,554,29,4,0
Mohamed Kader Meite,1606642,Stade Rennais,1658,france,2526,530,17,6,6.73,3,2,5,3.5,0.59,0,0,0.0,31,0,0.0,42,12,54,65.06,20,76.92,6,0,0,0,12,2,4,8,0,10,17,0,0,9,20260326,1,33,0,0,12,0,13.64,0,5,3,2,3,0,,13,32.5,1,0,1,29,1,5,2,8,1.0,0,0,0,0,0.0,0,0,0,0,64,2,0,0,0,0,0,0,0,0,0,176.67,0,0,19,3,7,7,6,54.55,0,3,2,66.67,5,1,11,3,33,50.0,0,70,13,83,114.4,22,1,183,4,0,0
Rafael Luis,1153333,RC Strasbourg,1659,france,2526,270,8,3,6.73,0,0,0,0.06,0.34,14,0,0.0,29,8,72.73,74,112,186,92.08,1,100.0,0,0,0,0,8,0,0,0,0,4,7,0,0,1,20260326,3,11,0,1,4,0,0.0,0,5,5,0,0,0,,13,54.17,0,0,0,16,2,3,0,0,0.0,0,0,0,0,0.0,0,0,0,0,28,0,0,0,0,0,0,0,0,0,0,0.0,0,0,0,1,0,1,1,25.0,0,11,7,63.64,3,16,4,1,14,56.0,11,84,118,202,47.1,1,0,248,1,0,0
Clement Akpa,1387156,Auxerre,1646,france,2526,1829,23,21,6.73,0,0,0,0.21,0.77,54,10,34.48,103,69,35.75,271,534,805,80.82,32,56.14,25,0,0,0,72,1,0,3,4,85,23,0,0,2,20260326,10,49,1,3,11,0,0.0,11,27,24,3,0,0,,71,74.74,0,0,1,191,21,9,0,1,8.0,2,0,0,1,0.0,0,0,0,0,235,2,0,1,0,0,0,0,0,0,0,0.0,0,1,3,3,3,0,11,84.62,0,31,19,61.29,9,129,13,29,103,67.76,193,413,583,996,154.7,6,0,1296,30,2,1
Reda Khadra,995671,Le Havre,1662,france,2526,223,8,1,6.73,0,0,0,0.21,0.81,0,4,22.22,24,1,25.0,36,3,39,70.91,2,66.67,1,0,0,0,10,1,0,2,0,1,8,0,0,3,20260326,3,19,0,0,4,0,0.0,0,5,5,0,0,0,,13,41.94,0,0,0,16,0,7,0,0,0.0,0,1,0,0,0.0,0,0,0,0,52,3,0,0,0,0,0,0,0,0,0,0.0,0,2,1,5,1,3,5,38.46,0,7,4,57.14,6,5,13,18,15,44.12,4,48,7,55,53.8,6,0,124,1,0,0
Adam Karabec,1000175,Olympique Lyonnais,1649,france,2526,912,19,11,6.72,1,0,1,1.65,1.95,9,19,24.68,88,5,31.25,140,71,211,79.92,7,53.85,6,0,0,0,18,2,1,3,2,2,17,0,0,7,20260326,6,41,0,1,13,0,11.11,0,7,7,0,1,0,,35,50.0,0,0,0,53,1,22,1,3,1.0,0,1,0,0,0.0,0,0,0,0,152,7,0,0,0,0,0,0,0,0,0,912.0,0,0,7,2,1,5,11,55.0,0,4,3,75.0,21,18,20,77,42,50.6,16,185,79,264,114.3,9,0,451,20,3,0
Antoine Mendy,1120615,Nice,1661,france,2526,1468,18,17,6.72,0,0,0,1.55,0.38,30,0,0.0,91,39,46.99,286,492,778,86.35,42,68.85,19,0,0,0,85,0,3,4,2,97,18,0,0,5,20260326,16,66,2,2,22,0,0.0,2,30,26,4,0,0,,61,56.48,0,0,0,123,11,1,0,1,14.0,0,0,0,1,0.0,0,0,0,0,176,1,0,0,0,0,0,0,0,0,0,0.0,0,0,8,4,3,5,5,41.67,0,36,27,75.0,1,73,12,13,103,60.95,83,363,538,901,121.0,12,1,1216,21,5,0
Thomas Delaine,153218,Le Havre,1662,france,2526,200,5,2,6.72,0,0,0,0.07,0.33,8,4,21.05,18,2,11.11,32,58,90,73.77,0,0.0,1,0,0,0,9,0,0,2,0,7,5,0,0,0,20260326,2,5,0,0,2,0,0.0,0,1,1,0,0,0,,5,55.56,0,0,0,32,3,3,0,0,0.0,0,0,0,0,0.0,0,0,0,0,49,0,0,0,0,0,0,0,0,0,0,0.0,0,0,2,1,1,0,2,100.0,0,2,0,0.0,3,24,2,19,5,50.0,18,58,64,122,33.6,3,0,188,1,1,0
Georgiy Tsitaishvili,875677,Metz,1651,france,2526,1917,27,22,6.72,2,2,4,1.22,4.02,12,30,22.39,143,14,32.56,255,187,442,79.07,3,37.5,5,0,0,0,59,4,0,8,1,28,26,0,0,10,20260326,14,79,0,2,19,0,8.7,0,43,35,8,2,0,,70,48.61,0,0,1,117,11,37,1,5,2.0,0,1,0,0,0.0,0,0,0,0,311,6,0,0,1,0,0,0,0,0,0,958.5,0,0,14,9,10,5,26,44.07,0,15,11,73.33,36,37,59,134,73,48.03,43,333,226,559,174.7,23,1,995,29,2,0
Chancel Mbemba,238612,Lille,1643,france,2526,863,12,8,6.72,0,0,0,0.43,0.09,11,0,0.0,46,34,53.97,169,378,547,91.47,16,69.57,7,0,0,0,34,1,0,1,3,62,11,0,0,4,20260326,4,26,0,2,9,0,0.0,5,15,14,1,0,0,,21,52.5,0,0,0,51,12,4,0,0,4.0,1,0,0,0,0.0,0,0,0,0,66,1,0,0,0,0,0,0,0,0,0,0.0,0,0,5,0,1,3,1,33.33,0,14,9,64.29,4,25,3,0,37,58.73,63,209,389,598,73.9,5,0,734,6,2,0
Lucas Høgsberg,1426597,RC Strasbourg,1659,france,2526,1314,17,16,6.72,0,0,0,0.25,0.5,20,0,0.0,61,30,51.72,252,628,880,92.73,10,52.63,9,0,0,0,66,0,0,1,4,46,17,0,0,1,20260326,9,32,0,2,14,0,0.0,33,22,22,0,0,0,,24,51.06,0,0,0,69,9,1,0,1,12.0,0,0,0,0,0.0,0,0,0,0,82,0,0,1,0,0,0,0,0,0,0,0.0,0,0,4,0,2,1,1,100.0,0,15,8,53.33,1,43,1,0,34,51.52,58,291,658,949,114.2,4,0,1090,9,1,1
Julian Vignolo,1657108,Toulouse,1681,france,2526,206,12,1,6.72,2,0,2,1.44,0.44,0,6,60.0,9,0,0.0,16,9,25,62.5,0,0.0,1,0,0,0,8,0,1,1,0,0,12,0,0,3,20260326,3,13,0,1,3,0,25.0,0,4,3,1,1,1,,7,36.84,0,0,0,15,0,7,1,0,0.0,0,0,0,0,0.0,0,0,0,0,35,2,0,0,1,0,0,0,0,0,0,103.0,0,0,6,2,0,7,3,50.0,0,3,3,100.0,7,1,6,10,7,35.0,2,29,11,40,80.6,8,0,91,1,0,0
Dro Fernández,1926085,Paris Saint-Germain,1644,france,2526,232,6,3,6.72,1,0,1,0.72,0.38,1,0,0.0,39,1,50.0,83,62,145,94.16,2,100.0,0,0,0,0,10,0,1,0,0,2,6,0,0,6,20260326,3,15,0,0,4,0,33.33,0,3,3,0,1,0,,13,46.43,0,0,0,9,5,3,0,0,1.0,0,0,0,0,0.0,0,0,0,0,31,1,0,0,1,0,0,0,0,0,0,232.0,0,0,3,0,1,2,4,57.14,0,1,0,0.0,3,1,7,2,15,50.0,2,90,64,154,40.3,3,0,205,8,0,0
Tanguy Ndombélé,845486,Nice,1661,france,2526,195,7,2,6.72,0,1,1,0.5,0.23,0,1,100.0,18,1,50.0,23,21,44,89.8,0,0.0,1,0,0,0,10,1,1,2,0,1,6,0,0,3,20260326,0,9,0,0,1,0,0.0,0,3,3,0,0,0,,10,55.56,0,0,0,5,0,4,0,0,0.0,0,0,0,0,0.0,0,0,0,0,18,2,0,0,0,0,0,0,0,0,0,0.0,0,0,3,1,1,1,1,20.0,0,3,1,33.33,4,0,5,1,10,52.63,2,28,21,49,40.3,4,0,82,6,0,0
Boubacar Traoré,982613,Metz,1651,france,2526,1366,19,16,6.72,1,0,1,0.93,0.34,16,1,50.0,72,28,65.12,198,332,530,86.6,22,55.0,18,0,0,0,87,0,1,4,1,16,19,0,0,13,20260326,14,80,1,2,29,0,5.56,0,31,27,4,1,0,,70,53.03,0,0,0,82,14,4,0,0,1.0,0,0,0,1,0.0,0,0,0,0,135,6,0,0,1,0,0,0,0,0,0,1366.0,0,0,8,10,11,3,18,69.23,0,47,24,51.06,4,33,26,2,92,53.49,43,247,365,612,127.6,18,0,835,5,3,0
Calvin Verdonk,361780,Lille,1643,france,2526,719,13,7,6.72,0,0,0,0.05,0.84,13,6,23.08,96,11,29.73,184,210,394,82.43,12,66.67,6,0,0,0,42,1,0,1,2,23,13,0,1,0,20260326,3,23,0,0,14,0,0.0,0,9,9,0,0,0,,17,50.0,0,0,0,84,16,8,0,0,1.0,0,0,0,0,0.0,0,0,0,0,122,6,0,1,0,0,0,0,0,0,0,0.0,0,0,0,2,1,0,0,0.0,0,14,9,64.29,8,36,2,26,29,55.77,37,243,235,478,87.3,2,0,663,3,3,0
Timothy Weah,855810,Olympique de Marseille,1641,france,2526,1861,24,22,6.71,2,2,4,1.46,2.21,29,11,24.44,235,25,45.45,429,293,722,86.36,17,60.71,11,0,0,0,85,4,3,7,3,21,24,0,0,9,20260326,12,82,0,1,29,0,8.7,0,28,27,1,2,0,,67,48.55,1,0,0,114,12,24,0,0,3.0,0,0,0,0,0.0,0,0,0,0,211,5,0,0,1,0,0,0,0,0,0,930.5,0,0,9,14,7,9,12,35.29,0,40,26,65.0,24,58,34,45,84,50.6,55,509,327,836,161.1,23,0,1214,17,3,0
Pierrick Capelle,209768,Angers,1684,france,2526,249,9,1,6.71,0,0,0,0.17,0.25,4,3,37.5,16,4,57.14,34,33,67,79.76,3,60.0,2,0,0,0,9,1,0,2,0,7,8,0,0,4,20260326,1,15,0,0,6,0,0.0,0,2,2,0,0,0,,21,61.76,0,0,0,17,3,3,0,0,0.0,0,0,0,0,0.0,0,0,0,0,31,1,0,0,0,0,0,0,0,0,0,0.0,0,1,2,1,1,0,1,33.33,0,12,8,66.67,3,5,3,8,24,61.54,7,45,39,84,53.7,3,0,144,9,0,0
Ibrahim Mbaye,1590918,Paris Saint-Germain,1644,france,2526,837,19,9,6.71,1,2,3,2.06,1.93,2,2,14.29,187,5,71.43,315,99,414,86.07,4,33.33,8,0,0,0,34,2,4,4,2,2,18,0,0,15,20260326,4,66,0,1,9,0,5.56,0,8,6,2,0,1,,43,42.57,0,0,1,67,5,17,0,2,0.0,0,0,0,0,0.0,0,0,0,0,165,9,0,0,1,0,0,0,0,0,0,837.0,0,0,14,4,7,7,18,37.5,0,13,7,53.85,17,7,48,14,47,41.59,7,372,109,481,120.8,18,0,682,12,0,0
Mama Baldé,557166,Stade Brestois,1715,france,2526,660,14,8,6.71,2,2,4,2.74,0.56,3,1,25.0,49,3,27.27,77,20,97,70.29,19,50.0,19,0,0,0,29,0,2,10,0,5,14,0,0,11,20260326,1,52,0,0,11,0,6.9,0,16,14,2,2,0,,25,43.1,0,0,1,41,4,7,2,0,0.0,0,0,0,0,0.0,0,0,0,0,90,14,0,0,0,0,0,0,0,0,0,330.0,0,0,23,6,14,5,5,29.41,0,11,6,54.55,7,9,17,4,44,45.83,11,110,28,138,93.9,29,0,273,10,0,0
Amir Murillo,839493,Olympique de Marseille,1641,france,2526,988,16,11,6.71,2,1,3,1.03,1.6,11,5,18.52,115,10,41.67,222,196,418,86.01,10,45.45,12,0,0,0,43,3,0,2,3,19,16,0,0,7,20260326,5,57,0,0,22,0,22.22,0,13,12,1,2,0,,45,50.0,1,0,1,68,6,11,1,2,2.0,0,0,0,0,0.0,0,0,0,1,135,2,0,0,0,0,0,0,0,0,0,494.0,0,1,7,2,5,2,8,42.11,0,21,14,66.67,11,19,19,27,55,49.11,24,278,208,486,107.3,9,1,730,16,4,0
Frank Magri,1169436,Toulouse,1681,france,2526,1264,17,16,6.71,5,1,6,4.39,0.92,1,2,13.33,53,2,100.0,96,54,150,73.89,40,44.44,50,0,0,1,28,1,2,8,0,13,17,0,0,19,20260326,6,113,0,0,28,0,15.15,0,17,17,0,5,0,,38,37.62,1,0,0,53,3,14,2,3,1.0,0,0,1,0,0.0,0,0,0,0,136,6,0,0,2,0,0,0,0,0,0,252.8,0,0,27,6,13,12,10,45.45,0,8,2,25.0,14,2,22,15,78,40.84,2,139,64,203,114.0,33,1,422,22,3,0
Bradley Locko,1129382,Stade Brestois,1715,france,2526,1204,19,13,6.71,0,1,1,0.12,0.97,27,9,30.0,75,24,53.33,143,186,329,77.23,7,28.0,18,0,0,0,59,2,0,0,4,28,19,0,0,9,20260326,22,70,0,1,11,0,0.0,0,18,16,2,0,0,,79,60.31,0,0,0,97,11,7,0,2,0.0,0,0,0,0,0.0,0,0,0,0,187,3,0,0,0,0,0,0,0,0,0,0.0,0,0,1,1,1,1,12,50.0,0,50,27,54.0,7,48,24,30,86,55.13,45,201,225,426,127.4,2,0,775,17,0,0
Rasmus Nicolaisen,798124,Toulouse,1681,france,2526,2028,26,24,6.7,0,0,0,0.68,0.47,35,0,0.0,76,45,48.39,295,569,864,87.18,64,70.33,27,0,0,0,74,0,0,2,7,121,26,0,0,0,20260326,8,56,1,3,25,0,0.0,4,27,25,2,0,0,,33,53.23,0,0,0,127,35,2,0,1,12.0,0,0,0,1,0.0,0,0,0,0,156,4,0,0,0,0,0,0,0,0,0,0.0,0,0,12,1,7,4,3,100.0,0,17,11,64.71,2,59,3,2,97,63.4,93,379,612,991,174.3,13,0,1302,14,3,0
Martín Satriano,973536,Olympique Lyonnais,1649,france,2526,703,11,8,6.7,2,1,3,1.79,0.72,5,2,40.0,45,4,66.67,78,53,131,83.44,13,37.14,22,0,0,0,17,2,3,3,1,3,10,0,0,6,20260326,2,49,0,0,11,0,12.5,0,6,6,0,2,0,,22,44.9,0,0,2,26,6,9,0,3,0.0,0,0,0,0,0.0,0,0,0,0,59,4,0,0,2,0,0,0,0,0,0,351.5,0,0,13,3,6,7,5,33.33,0,5,3,60.0,9,7,15,5,35,41.67,6,100,57,157,67.0,16,1,258,13,1,0
Arnaud Nordin,848458,Stade Rennais,1658,france,2526,504,7,7,6.7,1,1,2,0.86,0.74,1,4,28.57,31,3,50.0,59,37,96,80.0,2,20.0,8,0,0,0,18,2,2,4,0,5,7,0,0,5,20260326,6,33,0,0,7,0,6.25,0,4,4,0,1,0,,28,52.83,1,0,0,24,0,3,0,1,0.0,0,0,0,0,0.0,0,0,0,0,64,2,0,0,0,0,0,0,0,0,0,504.0,0,0,13,3,8,4,5,41.67,0,8,6,75.0,3,2,12,14,30,47.62,6,81,39,120,46.9,16,1,236,15,1,0
Nicolás Tagliafico,158243,Olympique Lyonnais,1649,france,2526,1307,19,14,6.7,0,3,3,1.51,1.05,14,5,26.32,123,14,37.84,270,306,576,85.59,22,44.9,27,0,0,0,58,3,3,4,4,34,19,0,1,6,20260326,6,76,0,0,36,0,0.0,0,14,10,4,0,0,,62,55.86,0,0,2,97,20,13,0,2,4.0,0,0,0,0,0.0,0,0,0,0,145,4,0,2,0,0,0,0,0,0,0,0.0,0,0,13,2,10,1,3,42.86,0,28,13,46.43,13,29,7,19,84,52.5,37,328,345,673,127.3,15,1,993,31,4,1
Ayyoub Bouaddi,1564180,Lille,1643,france,2526,1861,24,22,6.7,0,1,1,1.53,1.17,18,1,7.69,185,24,70.59,365,302,667,84.64,20,62.5,12,0,0,0,119,2,2,8,5,22,24,0,1,14,20260326,11,82,0,1,30,0,0.0,1,23,20,3,0,0,,94,57.32,0,0,0,121,22,18,0,0,7.0,0,0,0,1,0.0,0,0,0,0,209,12,0,1,0,0,0,0,0,0,0,0.0,0,0,7,7,2,4,25,58.14,0,49,29,59.18,18,34,43,13,114,58.16,34,459,329,788,160.8,14,0,1143,20,5,0
Mikayil Faye,1002564,Stade Rennais,1658,france,2526,12,1,0,6.7,0,0,0,,0.0,0,0,0.0,1,1,100.0,6,1,7,77.78,1,100.0,0,0,0,0,0,0,0,0,0,0,1,0,0,0,20260326,0,0,0,0,0,0,0.0,0,0,0,0,0,0,,0,0.0,0,0,0,2,0,0,0,0,0.0,0,0,0,0,0.0,0,0,0,0,2,0,0,0,0,0,0,0,0,0,0,0.0,0,0,0,0,0,0,0,0.0,0,0,0,0.0,0,0,0,0,1,100.0,1,8,1,9,6.7,0,0,10,0,0,0
Billal Brahimi,948250,Nice,1661,france,2526,8,1,0,6.7,0,0,0,,0.14,0,0,0.0,3,0,0.0,3,0,3,100.0,0,0.0,0,0,0,0,0,0,0,0,0,0,1,0,0,0,20260326,0,0,0,0,0,0,0.0,0,0,0,0,0,0,,0,0.0,0,0,0,0,0,1,0,0,0.0,0,0,0,0,0.0,0,0,0,0,2,0,0,0,0,0,0,0,0,0,0,0.0,0,0,0,0,0,0,0,0.0,0,0,0,0.0,1,0,0,2,0,0.0,0,3,0,3,6.7,0,0,5,0,0,0
Erawan Garnier,1842137,RC Lens,1648,france,2526,14,1,0,6.7,0,0,0,,0.01,0,1,50.0,5,0,0.0,7,1,8,88.89,0,0.0,0,0,0,0,1,0,0,0,0,0,1,0,0,0,20260326,0,0,0,0,0,0,0.0,0,0,0,0,0,0,,1,100.0,0,0,0,1,0,0,0,0,0.0,0,0,0,0,0.0,0,0,0,0,2,0,0,0,0,0,0,0,0,0,0,0.0,0,0,0,0,0,0,0,0.0,0,1,1,100.0,0,0,0,2,1,100.0,0,8,1,9,6.7,0,0,13,0,0,0
Paul Argney,1426218,Le Havre,1662,france,2526,90,1,1,6.7,0,0,0,,0.0,2,0,0.0,0,3,33.33,1,23,24,80.0,0,0.0,0,0,0,0,6,0,0,0,0,1,1,0,0,0,20260326,0,0,0,0,0,0,0.0,5,1,1,0,0,0,-0.03,0,0.0,0,1,0,6,0,0,0,0,0.0,0,0,0,0,0.0,0,0,0,0,6,0,1,0,0,0,1,1,2,0,0,0.0,0,0,0,0,0,0,0,0.0,0,0,0,0.0,0,3,0,0,0,0.0,9,7,23,30,6.7,0,0,37,0,0,0
Maxima Goffi,1937040,Lille,1643,france,2526,38,1,0,6.7,0,0,0,,0.01,0,1,100.0,1,2,66.67,7,12,19,86.36,2,66.67,1,0,0,0,5,0,0,0,0,1,1,0,0,0,20260326,0,2,0,0,1,0,0.0,0,1,1,0,0,0,,2,66.67,0,0,0,3,0,0,0,0,0.0,0,0,0,0,0.0,0,0,0,0,6,0,0,0,0,0,0,0,0,0,0,0.0,0,0,0,0,0,0,1,100.0,0,1,1,100.0,0,0,1,1,4,66.67,3,7,15,22,6.7,0,0,33,0,0,0
Conrad Jaden Egan-Riley,1131448,Olympique de Marseille,1641,france,2526,549,10,7,6.7,0,0,0,,0.41,11,0,0.0,35,14,45.16,151,310,461,93.13,8,61.54,5,0,0,0,27,1,0,0,1,28,9,0,1,1,20260326,3,15,0,1,4,0,0.0,1,7,7,0,0,0,,12,54.55,0,0,0,34,1,2,0,0,4.0,0,0,0,0,0.0,0,0,0,0,43,0,0,1,0,0,0,0,0,0,0,0.0,0,0,0,0,0,0,1,33.33,0,7,4,57.14,2,20,3,1,20,57.14,31,174,321,495,60.3,0,0,567,4,1,0
Abu Francis,988801,Toulouse,1681,france,2526,532,8,7,6.7,0,0,0,0.13,0.17,6,0,0.0,29,1,9.09,80,117,197,82.77,7,77.78,2,0,0,0,33,0,0,4,1,10,8,0,0,4,20260326,4,16,1,1,5,0,0.0,0,7,7,0,0,0,,26,65.0,0,0,0,41,8,1,0,0,3.0,0,0,0,0,0.0,0,0,0,0,48,1,0,0,0,0,0,0,0,0,0,0.0,0,0,1,5,2,0,3,75.0,0,19,14,73.68,1,10,4,0,33,67.35,11,108,130,238,53.6,6,0,314,4,2,0
Jonathan Gradit,369650,RC Lens,1648,france,2526,809,10,10,6.7,0,0,0,0.11,0.2,12,1,33.33,62,14,42.42,185,248,433,91.54,14,51.85,13,0,0,0,32,0,0,1,2,51,10,0,1,1,20260326,3,33,1,0,15,0,0.0,1,8,5,3,0,0,,29,59.18,0,0,0,40,16,2,0,0,9.0,0,0,0,1,0.0,0,0,0,0,48,2,0,1,0,0,0,0,0,0,0,0.0,0,0,1,1,1,0,3,60.0,0,17,12,70.59,2,23,5,3,43,56.58,33,213,260,473,67.0,2,0,604,9,2,0
Abdallah Sima,1029018,RC Lens,1648,france,2526,448,16,3,6.69,1,2,3,0.75,1.02,3,5,50.0,40,4,66.67,72,38,110,76.92,12,60.0,8,0,0,0,22,0,1,4,0,7,15,0,0,8,20260326,2,31,0,0,7,0,8.33,0,6,4,2,1,0,,18,43.9,1,0,0,33,1,9,0,0,0.0,0,0,0,0,0.0,0,0,0,0,71,6,0,0,0,0,0,0,0,0,0,448.0,0,0,10,2,4,4,3,33.33,0,7,5,71.43,9,3,9,10,30,49.18,6,97,46,143,100.4,12,0,246,8,2,0
Lasso Coulibaly,1126588,Auxerre,1646,france,2526,287,14,1,6.69,0,0,0,0.24,0.35,0,4,25.0,27,4,50.0,48,27,75,80.65,2,100.0,0,0,0,0,27,0,0,2,0,0,13,0,0,5,20260326,3,21,0,0,8,0,0.0,0,5,4,1,0,0,,30,58.82,0,0,0,18,5,3,0,2,1.0,0,0,0,0,0.0,0,0,0,0,54,1,0,0,0,0,0,0,0,0,0,0.0,0,1,3,1,1,1,14,73.68,0,6,5,83.33,3,2,19,16,32,60.38,8,59,34,93,87.0,4,0,187,10,1,0
Santiago Hidalgo,1199247,Toulouse,1681,france,2526,1013,23,10,6.69,4,4,8,2.19,0.63,6,1,11.11,66,5,71.43,107,60,167,74.22,13,28.26,33,0,0,0,52,3,0,6,1,8,23,0,0,22,20260326,15,122,0,0,29,0,15.38,0,10,8,2,4,0,,56,38.62,1,0,0,58,4,9,2,7,1.0,0,0,0,0,0.0,0,0,0,0,153,13,0,0,1,0,0,0,0,0,0,253.25,0,0,20,6,11,9,5,17.24,0,28,14,50.0,9,14,29,9,69,36.13,7,152,73,225,153.9,26,1,474,24,4,0
Godson Kyeremeh,975300,Le Havre,1662,france,2526,363,11,3,6.69,1,1,2,1.05,0.28,1,5,33.33,25,1,33.33,34,17,51,80.95,1,16.67,5,0,0,0,9,1,0,1,1,3,11,0,0,3,20260326,2,24,0,0,7,0,20.0,0,2,2,0,1,0,,26,57.78,1,0,0,12,0,5,0,3,0.0,0,0,0,0,0.0,0,0,0,0,43,1,0,0,0,0,0,0,0,0,0,363.0,0,0,4,1,2,2,3,30.0,0,6,6,100.0,5,3,10,15,27,52.94,3,42,21,63,73.6,5,0,146,17,0,0
Bamo Meïté,1131541,Lorient,1656,france,2526,1606,20,18,6.69,0,3,3,0.7,0.43,7,2,20.0,103,21,40.38,258,363,621,84.95,54,58.06,39,0,0,0,49,2,1,0,3,97,20,0,0,6,20260326,8,81,0,0,24,0,0.0,0,24,22,2,0,0,,47,52.81,0,0,0,110,12,7,0,1,13.0,0,0,0,2,0.0,0,0,0,0,156,1,0,0,0,0,0,0,0,0,0,0.0,0,0,5,1,5,1,7,58.33,0,21,13,61.9,7,18,12,10,101,55.49,52,317,414,731,133.8,6,0,1062,19,4,0
Warren Kamanzi,1048366,Toulouse,1681,france,2526,678,18,6,6.68,0,1,1,0.58,0.69,2,1,10.0,73,2,33.33,137,90,227,89.02,2,18.18,9,0,0,0,22,0,0,4,0,14,18,0,0,6,20260326,3,31,0,0,7,0,0.0,0,14,13,1,0,0,,31,58.49,0,0,0,28,6,8,0,1,1.0,0,0,0,0,0.0,0,0,0,1,56,4,0,0,0,0,0,0,0,0,0,0.0,0,0,6,3,4,1,10,62.5,0,15,9,60.0,8,6,16,10,33,51.56,6,160,95,255,120.3,9,0,378,6,1,0
Nathaniel Adjei,1103079,Lorient,1656,france,2526,317,9,3,6.68,0,0,0,,0.04,3,0,0.0,20,12,60.0,79,118,197,92.06,5,38.46,8,0,0,0,13,0,0,0,0,17,6,0,0,1,20260326,1,13,1,0,3,0,0.0,1,4,4,0,0,0,,7,58.33,0,0,0,17,4,0,0,0,1.0,0,0,0,0,0.0,0,0,0,0,21,0,0,0,0,0,0,0,0,0,0,0.0,0,0,0,0,0,0,0,0.0,0,5,4,80.0,0,5,0,0,12,48.0,20,89,125,214,40.1,0,0,258,2,0,0
Djibirin Harouna,2318284,Angers,1684,france,2526,323,15,1,6.68,2,1,3,1.05,0.6,1,3,33.33,24,1,33.33,36,17,53,69.74,9,64.29,5,0,0,0,22,1,0,2,0,7,15,0,0,7,20260326,8,38,0,0,9,0,28.57,0,5,4,1,2,0,,17,34.0,1,0,1,23,4,4,1,0,0.0,0,0,0,0,0.0,0,0,0,0,59,3,0,0,0,0,0,0,0,0,0,161.5,0,0,3,4,2,3,3,23.08,0,7,4,57.14,4,2,13,9,26,40.63,3,52,24,76,100.2,7,0,168,8,2,0
Carlens Arcus,794373,Angers,1684,france,2526,2015,24,24,6.68,0,3,3,0.29,1.49,29,11,28.95,151,42,48.84,373,589,962,87.61,25,64.1,14,0,0,0,91,3,0,2,7,65,24,0,0,6,20260326,14,67,0,3,31,0,0.0,0,27,24,3,0,0,,54,50.47,0,0,0,136,31,16,0,0,2.0,0,0,0,1,0.0,0,0,0,0,210,5,0,0,0,0,0,0,0,0,0,0.0,0,0,2,7,6,1,2,40.0,0,36,27,75.0,16,58,5,38,79,54.11,86,466,632,1098,160.3,9,1,1533,16,6,0
Jeffrey de Lange,803034,Olympique de Marseille,1641,france,2526,360,4,4,6.68,0,0,0,,0.0,5,0,0.0,1,10,31.25,3,85,88,78.57,0,0.0,0,0,0,0,25,0,0,0,1,1,4,0,0,0,20260326,1,1,0,1,0,0,0.0,13,8,7,1,0,0,-2.16,0,0.0,0,0,0,24,0,1,0,0,0.0,0,0,0,0,0.0,0,0,0,0,25,0,1,0,0,1,9,2,11,0,3,0.0,0,0,0,0,0,0,0,0.0,0,0,0,0.0,1,10,0,0,0,0.0,32,20,92,112,26.7,0,0,135,0,0,0
Alexsandro Ribeiro,1049775,Lille,1643,france,2526,515,8,7,6.68,0,0,0,0.37,0.04,9,0,0.0,17,19,52.78,102,306,408,90.07,20,68.97,9,0,0,0,30,0,0,0,2,34,8,0,1,0,20260326,1,21,0,0,10,0,0.0,6,5,4,1,0,0,,19,61.29,0,0,0,45,11,0,0,0,3.0,0,0,0,0,0.0,0,0,0,0,55,0,0,1,0,0,0,0,0,0,0,0.0,0,0,7,0,5,2,2,66.67,0,10,8,80.0,0,20,3,0,39,65.0,36,127,326,453,53.4,7,0,546,8,0,0
Abdoul Ouattara,1930811,RC Strasbourg,1659,france,2526,1437,23,15,6.67,2,0,2,2.17,0.88,13,3,20.0,112,6,66.67,236,356,592,90.38,1,16.67,5,0,0,0,77,4,1,6,4,25,23,0,0,8,20260326,5,39,0,1,10,0,8.7,0,20,19,1,2,0,,31,47.69,0,0,0,63,14,5,0,1,1.0,0,0,0,0,0.0,0,0,0,1,127,3,0,0,2,0,0,0,0,0,0,718.5,0,0,14,9,8,9,5,29.41,0,19,11,57.89,5,17,17,15,32,45.07,9,275,380,655,153.5,23,1,901,7,2,0
Aiyegun Tosin,875548,Lorient,1656,france,2526,882,20,10,6.67,4,0,4,4.71,0.56,4,0,0.0,58,6,66.67,84,44,128,78.05,4,28.57,10,0,0,1,16,1,4,4,0,6,19,0,0,13,20260326,2,47,0,0,11,0,17.39,0,13,11,2,4,0,,23,38.33,0,0,1,36,2,10,0,1,0.0,0,0,1,0,0.0,0,0,0,0,81,3,0,0,4,0,0,0,0,0,0,220.5,0,0,18,5,9,10,9,39.13,0,4,4,100.0,10,5,23,4,27,36.49,9,112,52,164,126.8,23,0,284,10,1,0
Lamine Sy,1177351,Auxerre,1646,france,2526,1157,18,13,6.67,0,0,0,0.79,0.72,0,4,11.76,102,14,41.18,178,145,323,81.36,6,75.0,2,0,0,0,58,2,1,2,4,26,18,0,0,7,20260326,6,46,0,1,12,0,0.0,0,16,11,5,0,0,,58,56.86,0,0,0,74,14,9,0,2,6.0,0,0,0,0,0.0,0,0,0,1,176,5,0,0,0,0,0,0,0,0,0,0.0,0,0,6,1,4,1,10,31.25,0,35,22,62.86,9,4,32,34,64,58.18,34,217,180,397,120.1,7,0,752,13,0,0
Nouha Dicko,204286,Paris FC,6070,france,2526,98,8,0,6.67,1,1,2,0.4,0.01,0,0,0.0,3,1,50.0,7,3,10,76.92,3,37.5,5,0,0,0,1,1,0,0,0,0,7,0,0,1,20260326,0,9,0,0,4,0,25.0,0,2,2,0,1,0,,4,50.0,1,0,0,3,0,1,0,2,0.0,0,0,0,0,0.0,0,0,0,0,7,1,0,0,0,0,0,0,0,0,0,98.0,0,0,3,1,2,2,0,0.0,0,1,0,0.0,1,0,0,2,7,43.75,2,9,4,13,46.7,4,0,28,3,0,0
Breel Embolo,352296,Stade Rennais,1658,france,2526,1402,24,15,6.67,6,3,9,5.08,1.12,1,1,25.0,73,3,37.5,126,68,194,71.32,17,37.78,28,0,0,0,44,2,3,3,2,12,24,0,0,22,20260326,7,117,0,0,37,0,25.0,0,24,21,3,6,0,,71,44.38,3,0,0,78,4,14,0,13,3.0,0,0,0,0,0.0,0,0,0,0,170,10,0,0,2,0,0,0,0,0,0,233.67,0,0,21,3,10,11,11,31.43,0,15,10,66.67,14,8,35,4,88,42.93,8,193,79,272,160.1,24,0,522,45,3,0
Jonathan Ikoné,802142,Paris FC,6070,france,2526,719,17,8,6.67,1,0,1,1.32,0.48,4,1,33.33,40,4,80.0,80,95,175,82.55,4,33.33,8,0,0,0,30,2,2,6,0,6,17,0,0,7,20260326,7,41,0,0,10,0,7.69,0,7,7,0,1,0,,30,47.62,1,0,0,37,2,6,0,1,0.0,0,0,0,0,0.0,0,0,0,0,77,1,0,0,0,0,0,0,0,0,0,719.0,0,0,9,4,4,3,11,47.83,0,10,7,70.0,6,6,23,3,34,45.33,5,100,112,212,113.4,13,0,326,9,1,0
Tiago Santos,1087364,Lille,1643,france,2526,707,13,8,6.67,0,0,0,0.39,0.53,9,4,12.9,61,10,40.0,125,109,234,83.87,3,33.33,6,0,0,0,23,1,1,2,1,15,13,0,0,13,20260326,3,47,0,0,12,0,0.0,0,8,7,1,0,0,,37,47.44,0,0,1,45,5,6,0,0,0.0,0,0,0,0,0.0,0,0,0,1,132,4,0,0,0,0,0,0,0,0,0,0.0,0,0,4,4,6,0,3,17.65,0,13,8,61.54,6,22,17,31,40,45.98,25,161,118,279,86.7,8,0,495,21,0,0
Djaoui Cissé,1445628,Stade Rennais,1658,france,2526,959,21,12,6.67,0,0,0,0.79,0.78,9,4,14.81,131,19,51.35,229,166,395,80.78,4,30.77,9,0,0,0,51,0,0,9,0,5,21,0,0,12,20260326,8,60,0,0,18,0,0.0,0,14,13,1,0,0,,49,49.0,0,0,0,94,6,12,0,0,5.0,0,0,0,0,0.0,0,0,0,0,180,7,0,0,0,0,0,0,0,0,0,0.0,0,1,8,16,9,6,9,40.91,0,31,15,48.39,12,23,22,27,53,46.9,37,296,193,489,140.0,24,0,709,9,3,0
Anthony Bermont,1545297,RC Lens,1648,france,2526,112,9,0,6.67,0,0,0,0.14,0.38,3,4,36.36,35,2,100.0,50,20,70,85.37,3,60.0,2,0,0,0,11,0,0,0,0,0,9,0,0,1,20260326,1,8,0,0,2,0,0.0,0,0,0,0,0,0,,2,25.0,0,0,0,12,3,1,0,0,0.0,0,0,0,0,0.0,0,0,0,0,24,1,0,0,0,0,0,0,0,0,0,0.0,0,0,2,1,2,1,2,50.0,0,0,0,0.0,1,4,4,11,5,38.46,2,60,22,82,60.0,3,0,114,0,0,0
Panos Katseris,1402217,Lorient,1656,france,2526,247,9,3,6.66,0,0,0,0.49,0.47,3,4,22.22,28,3,75.0,52,34,86,81.13,5,71.43,2,0,0,0,22,1,0,2,1,7,8,0,0,3,20260326,5,21,0,0,5,0,0.0,0,2,2,0,0,0,,15,44.12,0,0,0,20,6,4,0,1,1.0,0,0,0,0,0.0,0,0,0,0,50,3,0,0,0,0,0,0,0,0,0,0.0,0,0,4,1,1,2,3,33.33,0,4,4,100.0,4,6,9,18,20,48.78,4,66,40,106,53.3,5,0,197,8,2,0
Mathis Amougou,1426224,RC Strasbourg,1659,france,2526,267,9,2,6.66,0,0,0,0.17,0.12,1,0,0.0,34,0,0.0,71,62,133,92.36,0,0.0,0,0,0,0,14,0,1,0,0,1,8,0,0,1,20260326,3,10,0,1,2,0,0.0,0,6,6,0,0,0,,15,60.0,0,0,0,11,1,2,0,0,1.0,0,0,0,0,0.0,0,0,0,0,19,3,0,0,0,0,0,0,0,0,0,0.0,0,0,2,0,1,1,2,33.33,0,10,5,50.0,2,1,6,0,15,60.0,1,78,66,144,53.3,2,0,185,3,1,0
Sofiane Boufal,257205,Le Havre,1662,france,2526,624,10,8,6.66,0,3,3,0.34,1.17,6,12,26.67,63,10,45.45,102,67,169,75.11,2,100.0,0,0,0,0,40,4,0,3,0,4,10,0,0,15,20260326,6,52,0,0,13,0,0.0,0,11,10,1,0,0,,37,41.57,0,0,1,56,2,18,0,2,0.0,0,0,0,0,0.0,0,0,0,0,153,4,0,0,0,0,0,0,0,0,0,0.0,0,1,2,8,5,2,10,34.48,0,11,9,81.82,18,14,29,45,39,42.86,22,141,84,225,66.6,10,0,417,16,1,0
Seny Koumbassa,2077075,Toulouse,1681,france,2526,170,5,1,6.66,0,0,0,0.01,0.01,0,0,0.0,3,0,0.0,21,52,73,87.95,1,50.0,1,0,0,0,9,0,0,0,1,11,5,0,0,0,20260326,0,2,0,0,1,0,0.0,2,2,2,0,0,0,,3,75.0,0,0,0,10,2,0,0,0,0.0,0,0,0,0,0.0,0,0,0,0,11,0,0,0,0,0,0,0,0,0,0,0.0,0,0,1,0,1,0,0,0.0,0,3,3,100.0,0,3,0,0,4,66.67,7,29,54,83,33.3,1,0,106,0,0,0
Mahdi Camara,916041,Stade Rennais,1658,france,2526,2041,25,24,6.66,3,1,4,2.54,2.1,10,4,16.0,262,12,57.14,488,310,798,88.77,23,62.16,14,0,0,0,77,3,3,5,6,31,25,0,1,16,20260326,14,99,0,1,28,0,14.29,0,28,25,3,2,1,,90,51.43,1,0,1,101,24,19,0,3,4.0,0,0,0,0,0.0,0,0,0,1,211,10,0,1,2,0,0,0,0,0,0,680.33,0,0,12,9,7,9,21,41.18,0,46,25,54.35,19,16,51,25,113,53.3,21,556,343,899,166.4,21,2,1258,24,4,0
Melvin Bard,906075,Nice,1661,france,2526,1896,23,20,6.65,2,1,3,1.07,1.13,35,14,20.59,139,32,30.77,342,426,768,81.53,24,51.06,23,0,0,0,111,4,0,2,3,57,23,0,0,17,20260326,19,85,0,3,21,0,13.33,4,44,40,4,2,0,,70,53.03,0,0,0,174,30,13,2,3,13.0,0,0,0,1,0.0,0,0,0,0,311,6,0,0,0,0,0,0,0,0,0,948.0,0,0,8,7,8,5,15,65.22,0,36,19,52.78,13,96,23,68,94,52.51,104,465,477,942,153.0,15,1,1440,19,3,0
Bahereba Guirassy,1406007,Nantes,1647,france,2526,788,18,9,6.65,2,1,3,1.63,0.39,7,4,19.05,39,3,50.0,72,57,129,66.15,13,37.14,22,0,0,0,45,2,2,3,0,10,18,0,0,12,20260326,6,79,0,0,14,0,15.38,0,10,10,0,2,0,,38,40.0,0,0,2,66,5,7,0,3,1.0,0,0,0,0,0.0,0,0,0,0,152,4,0,0,2,0,0,0,0,0,0,394.0,0,0,12,1,4,6,9,24.32,0,21,14,66.67,7,11,37,21,51,39.23,6,115,80,195,119.7,13,0,390,8,2,0
Gabriel Osho,920680,Auxerre,1646,france,2526,134,2,2,6.65,0,0,0,,0.01,1,0,0.0,6,1,25.0,18,51,69,93.24,2,40.0,3,0,0,0,3,0,0,0,1,2,2,0,0,0,20260326,0,5,0,1,2,0,0.0,0,2,2,0,0,0,,4,66.67,0,0,0,5,1,0,0,0,2.0,0,0,0,0,0.0,0,0,0,0,7,0,0,0,0,0,0,0,0,0,0,0.0,0,0,0,0,0,0,0,0.0,0,3,2,66.67,0,3,0,2,6,54.55,4,21,53,74,13.3,0,0,91,1,0,0
Radosław Majecki,849114,Stade Brestois,1715,france,2526,865,10,10,6.65,0,0,0,,0.02,19,0,0.0,17,83,46.89,63,139,202,67.79,2,100.0,0,0,0,0,75,0,0,0,3,5,10,0,1,0,20260326,1,2,2,0,1,0,0.0,61,15,14,1,0,0,-2.79,1,33.33,0,7,0,96,0,0,0,0,0.0,0,0,0,1,0.0,1,0,0,0,98,0,3,1,0,3,16,10,26,0,7,0.0,0,0,0,0,0,0,0,0.0,2,0,0,0.0,0,25,0,0,3,60.0,177,135,163,298,66.5,0,0,386,1,0,0
Facundo Medina,860307,Olympique de Marseille,1641,france,2526,836,11,10,6.65,0,0,0,0.13,0.24,22,0,0.0,101,21,47.73,276,348,624,92.44,6,66.67,3,0,0,0,44,0,0,0,2,27,11,0,0,2,20260326,4,22,0,0,14,0,0.0,11,15,15,0,0,0,,21,52.5,0,0,0,51,12,1,0,0,3.0,1,0,0,0,0.0,0,0,0,0,70,1,0,0,0,0,0,0,0,0,0,0.0,0,0,2,1,3,0,2,100.0,0,12,9,75.0,1,45,2,3,27,55.1,44,312,363,675,73.1,3,0,797,7,3,0
Francis Coquelin,40672,Nantes,1647,france,2526,432,12,5,6.64,0,0,0,0.11,0.16,8,0,0.0,28,10,76.92,76,100,176,87.56,8,61.54,5,0,0,0,15,0,0,2,0,5,12,0,0,4,20260326,3,23,1,1,9,0,0.0,0,6,4,2,0,0,,20,52.63,0,0,0,25,4,2,0,0,4.0,0,0,0,0,0.0,0,0,0,0,40,1,0,0,0,0,0,0,0,0,0,0.0,0,0,2,2,1,1,5,71.43,0,10,7,70.0,2,14,7,0,28,54.9,13,88,113,201,79.7,4,0,267,5,1,0
Florent Hanin,170129,Angers,1684,france,2526,772,19,8,6.64,0,0,0,0.03,0.5,20,7,35.0,48,15,53.57,99,140,239,77.35,9,40.91,13,0,0,0,43,1,0,2,1,25,17,0,0,2,20260326,9,35,0,0,6,0,0.0,0,13,11,2,0,0,,23,51.11,0,0,0,70,10,7,0,0,4.0,0,0,0,0,0.0,0,0,0,0,110,1,0,0,0,0,0,0,0,0,0,0.0,0,0,1,1,0,0,3,33.33,0,13,7,53.85,7,38,9,20,32,47.76,28,141,168,309,112.9,2,0,495,7,0,0
Vincent Marchetti,795508,Paris FC,6070,france,2526,775,19,9,6.64,2,0,2,2.12,0.29,13,1,100.0,69,8,32.0,137,187,324,87.33,11,52.38,10,0,0,0,30,0,1,8,0,21,18,0,0,9,20260326,6,39,0,0,12,0,8.7,0,19,16,3,1,1,,30,50.85,0,0,1,47,3,3,0,1,2.0,0,0,0,1,0.0,0,0,0,0,75,2,0,0,2,0,0,0,0,0,0,387.5,0,0,9,14,8,7,10,83.33,0,16,14,87.5,3,22,12,1,41,51.25,25,177,194,371,119.5,23,0,500,4,1,0
Gonçalo Ramos,934510,Paris Saint-Germain,1644,france,2526,1038,24,10,6.64,5,1,6,6.85,1.29,3,1,100.0,74,2,66.67,142,83,225,83.33,16,44.44,20,0,0,0,25,2,11,10,3,4,24,0,0,11,20260326,10,69,0,0,18,0,10.64,0,9,7,2,4,1,,41,45.56,2,0,1,45,3,13,2,4,0.0,0,0,1,0,100.0,0,1,0,0,100,12,0,0,1,0,0,0,0,0,0,207.6,0,0,40,7,16,21,14,48.28,0,11,10,90.91,13,8,29,1,57,45.24,3,178,92,270,159.3,47,1,450,16,2,0
Jessy Deminguet,902657,Metz,1651,france,2526,1525,25,19,6.64,1,0,1,0.38,0.55,30,0,0.0,101,45,67.16,236,355,591,88.74,11,40.74,16,0,0,0,58,0,0,3,0,14,24,0,0,25,20260326,14,85,0,1,21,0,9.09,0,35,27,8,0,1,,62,47.33,0,0,0,75,16,3,1,0,2.0,0,0,0,0,0.0,0,0,0,1,140,3,0,0,0,0,0,0,0,0,0,1525.0,0,0,5,6,4,4,8,47.06,0,32,17,53.13,3,47,17,15,73,46.2,67,288,378,666,159.3,11,0,897,23,4,0
Morgan Bokele Mputu,1394735,Metz,1651,france,2526,228,10,1,6.64,0,0,0,0.34,0.23,2,3,50.0,22,3,60.0,45,34,79,79.0,0,0.0,2,0,0,0,10,0,0,2,0,2,8,0,0,5,20260326,3,17,0,0,2,0,0.0,0,7,7,0,0,0,,16,51.61,0,0,0,21,1,2,0,0,1.0,0,0,0,0,0.0,0,0,0,0,41,0,0,0,0,0,0,0,0,0,0,0.0,0,0,2,1,0,1,3,37.5,0,5,4,80.0,2,7,8,6,16,48.48,5,61,39,100,53.1,3,0,152,8,0,0
Dehmaine Tabibou,1405912,Nantes,1647,france,2526,1087,22,12,6.64,1,0,1,1.17,1.22,13,16,22.22,68,17,35.42,135,122,257,74.93,9,52.94,8,0,0,0,56,3,0,5,0,17,22,0,0,15,20260326,11,66,3,0,19,0,4.55,0,17,16,1,1,0,,62,51.67,0,0,2,86,14,16,1,0,0.0,0,0,0,0,0.0,0,0,0,0,201,4,0,0,0,0,0,0,0,0,0,1087.0,0,3,8,14,11,6,18,54.55,0,27,16,59.26,16,29,33,72,71,51.82,48,200,143,343,146.0,22,0,653,17,4,0
Louis Leroux,1405998,Nantes,1647,france,2526,1236,18,14,6.63,1,1,2,1.4,0.72,16,8,32.0,65,17,36.17,155,150,305,75.68,8,44.44,10,0,0,0,46,0,1,6,1,30,18,0,0,9,20260326,12,56,0,1,11,0,10.0,0,19,16,3,1,0,,48,51.06,1,0,0,98,4,12,0,1,2.0,0,0,0,0,0.0,0,0,0,0,167,3,0,0,0,0,0,0,0,0,0,1236.0,0,0,8,2,1,3,8,36.36,0,29,17,58.62,12,42,22,25,56,50.0,47,218,185,403,119.4,10,0,663,12,1,0
Nidal Čelik,1399503,RC Lens,1648,france,2526,473,6,6,6.63,0,0,0,0.03,0.07,6,0,0.0,35,12,52.17,92,138,230,92.0,5,71.43,2,0,0,0,19,0,0,0,1,11,6,0,0,1,20260326,2,16,1,1,8,0,0.0,0,7,5,2,0,0,,19,57.58,0,0,0,20,8,0,0,0,4.0,0,0,0,0,0.0,0,0,0,0,33,0,0,0,0,0,0,0,0,0,0,0.0,0,0,1,0,0,1,1,25.0,0,17,9,52.94,0,12,4,0,24,60.0,23,104,146,250,39.8,1,0,322,1,1,0
Timothee Pembele,1824137,Le Havre,1662,france,2526,251,7,2,6.63,0,0,0,0.39,0.07,0,2,40.0,12,3,42.86,39,54,93,85.32,2,66.67,1,0,0,0,8,0,1,0,0,9,7,0,0,1,20260326,3,8,0,0,2,0,0.0,0,4,4,0,0,0,,12,63.16,0,0,0,16,2,1,0,0,1.0,0,0,0,0,0.0,0,0,0,0,28,0,0,0,0,0,0,0,0,0,0,0.0,0,0,3,1,2,2,3,75.0,0,6,4,66.67,1,3,4,5,14,63.64,7,50,59,109,46.4,4,0,171,3,1,0
Mahamadou Nagida,1545409,Stade Rennais,1658,france,2526,562,12,5,6.63,0,0,0,0.5,0.33,11,4,50.0,67,22,56.41,148,150,298,83.47,8,66.67,4,0,0,0,32,0,1,3,2,22,11,0,0,6,20260326,10,32,1,1,10,0,0.0,0,9,8,1,0,0,,28,50.0,0,0,0,59,13,3,0,0,2.0,0,0,0,1,0.0,0,0,0,0,86,1,0,0,0,0,0,0,0,0,0,0.0,0,0,2,9,5,3,9,81.82,0,15,9,60.0,3,24,11,8,36,52.94,39,186,171,357,72.9,11,0,526,5,2,0
Assane Dioussé,782240,Auxerre,1646,france,2526,234,14,1,6.63,0,0,0,0.12,0.3,9,2,33.33,41,11,73.33,74,55,129,91.49,2,28.57,5,0,0,0,20,0,0,2,0,4,11,0,0,2,20260326,1,15,0,0,7,0,0.0,0,10,8,2,0,0,,9,47.37,0,0,0,12,5,3,0,0,2.0,0,0,0,0,0.0,0,0,0,0,22,0,0,0,0,0,0,0,0,0,0,0.0,0,0,1,3,1,1,1,50.0,0,5,2,40.0,3,10,2,6,11,42.31,15,83,58,141,72.9,4,0,184,3,3,0
Tuomas Ollila,930813,Paris FC,6070,france,2526,312,9,3,6.63,0,0,0,0.07,0.78,2,3,33.33,15,4,30.77,34,56,90,72.58,7,58.33,5,0,0,0,11,0,0,1,1,10,8,0,0,3,20260326,0,12,1,1,3,0,0.0,0,4,4,0,0,0,,11,61.11,0,0,2,34,1,1,0,1,0.0,0,0,0,0,0.0,0,0,0,0,52,0,0,0,0,0,0,0,0,0,0,0.0,0,0,0,3,2,0,2,50.0,0,2,1,50.0,1,7,4,9,18,60.0,13,52,72,124,53.0,3,0,202,7,0,0
Lucas Tousart,787889,Stade Brestois,1715,france,2526,543,19,5,6.62,0,0,0,0.37,0.35,4,2,66.67,25,8,47.06,54,72,126,79.75,14,48.28,15,0,0,0,23,2,0,1,0,14,19,0,0,6,20260326,5,43,0,0,17,0,0.0,0,11,8,3,0,0,,27,49.09,0,0,0,32,7,4,0,0,0.0,0,0,0,0,0.0,0,0,0,1,54,3,0,0,0,0,0,0,0,0,0,0.0,0,0,3,3,3,2,2,66.67,0,21,11,52.38,4,6,3,3,41,48.81,17,77,81,158,125.8,6,0,269,4,0,0
Soriba Diaoune,1936816,Lille,1643,france,2526,202,10,1,6.62,1,1,2,1.25,0.39,3,2,40.0,18,1,100.0,34,16,50,79.37,1,20.0,4,0,0,0,7,0,1,2,0,2,10,0,0,6,20260326,1,22,0,0,5,0,10.0,0,6,4,2,1,0,,11,37.93,0,0,1,13,1,5,0,0,1.0,0,0,0,0,0.0,0,0,0,0,36,2,0,0,1,0,0,0,0,0,0,202.0,0,0,9,1,4,4,5,45.45,0,3,2,66.67,5,3,11,5,12,35.29,1,45,18,63,66.2,10,0,123,3,0,0
Mario Sauer,1386065,Toulouse,1681,france,2526,639,21,6,6.62,1,0,1,1.73,0.54,5,3,42.86,52,7,46.67,101,68,169,77.88,6,54.55,5,0,0,0,42,0,1,6,0,10,20,0,0,2,20260326,6,24,0,0,9,0,7.69,0,14,13,1,1,0,,17,47.22,0,0,0,48,9,2,0,0,1.0,0,0,0,0,0.0,0,0,0,0,68,6,0,0,1,0,0,0,0,0,0,639.0,0,0,3,10,4,3,3,60.0,0,11,6,54.55,2,10,5,7,23,48.94,15,132,85,217,132.4,13,0,309,3,2,0
Daren Nbenbege Mosengo,1895829,Le Havre,1662,france,2526,108,5,0,6.62,0,0,0,,0.01,1,0,0.0,5,2,33.33,14,24,38,77.55,2,40.0,3,0,0,0,10,0,0,0,0,4,5,0,0,1,20260326,8,15,0,0,1,0,0.0,0,0,0,0,0,0,,4,25.0,0,0,0,11,1,0,0,0,2.0,0,0,0,0,0.0,0,0,0,0,16,0,0,0,0,0,0,0,0,0,0,0.0,0,0,0,0,0,0,0,0.0,0,2,0,0.0,0,2,2,0,6,28.57,6,24,25,49,33.1,0,0,71,2,0,0
Yassine Benhattab,1049528,Nantes,1647,france,2526,477,10,5,6.62,0,0,0,0.15,0.77,7,4,16.0,30,5,55.56,52,50,102,72.34,1,20.0,4,0,0,0,28,1,0,2,0,3,10,0,0,4,20260326,2,20,0,2,3,0,0.0,0,9,7,2,0,0,,21,56.76,0,0,0,39,0,7,0,1,0.0,0,1,0,0,0.0,0,0,0,0,102,3,0,0,0,0,0,0,0,0,0,0.0,0,0,3,1,1,1,8,53.33,0,10,6,60.0,6,12,15,25,22,52.38,9,84,57,141,66.2,4,0,248,3,0,0
Kelvin Amian,802143,Nantes,1647,france,2526,1961,22,22,6.61,0,1,1,0.39,1.21,24,7,24.14,112,27,33.75,281,354,635,80.89,29,69.05,13,0,0,0,55,4,0,1,3,72,22,0,0,16,20260326,6,61,0,0,23,0,0.0,2,40,33,7,0,0,,50,51.02,0,0,0,150,7,8,0,2,10.0,0,0,0,1,0.0,0,0,0,0,239,3,0,0,0,0,0,0,0,0,0,0.0,0,0,6,4,7,2,5,50.0,0,28,16,57.14,8,68,10,29,79,56.43,80,384,401,785,145.5,10,0,1250,18,3,0
Takumi Minamino,155818,AS Monaco,1653,france,2526,961,15,11,6.61,3,2,5,3.18,1.99,8,0,0.0,86,7,43.75,148,78,226,73.38,6,42.86,8,0,0,0,39,3,4,6,1,5,15,0,0,8,20260326,12,46,0,0,10,0,14.29,0,14,14,0,3,0,,15,28.3,1,0,0,82,4,9,1,3,2.0,0,0,0,1,0.0,0,0,0,0,134,14,0,0,1,0,0,0,0,0,0,320.33,0,0,19,2,8,7,4,33.33,0,3,2,66.67,9,21,12,8,21,31.34,16,211,97,308,99.2,21,1,446,8,4,0
Quinten Timber,959805,Olympique de Marseille,1641,france,2526,718,9,9,6.61,0,0,0,0.81,0.53,5,0,0.0,89,4,40.0,162,111,273,86.39,1,33.33,2,0,0,0,31,0,1,2,1,3,9,0,0,12,20260326,9,45,0,0,8,0,0.0,0,12,12,0,0,0,,46,51.69,0,0,0,43,3,7,0,1,0.0,0,1,0,0,0.0,0,0,0,0,95,7,0,0,0,0,0,0,0,0,0,0.0,0,0,3,3,3,1,10,41.67,0,21,10,47.62,6,9,24,5,47,51.09,10,204,112,316,59.5,6,0,464,15,3,0
Naouirou Ahamada,997104,Auxerre,1646,france,2526,378,9,5,6.61,0,0,0,0.29,0.23,0,1,50.0,43,5,62.5,75,52,127,87.59,3,75.0,1,0,0,0,22,1,0,1,0,3,9,0,0,3,20260326,2,15,0,0,4,0,0.0,0,5,4,1,0,0,,14,50.0,0,0,0,18,2,5,0,1,0.0,0,0,0,0,0.0,0,0,0,0,37,2,0,0,0,0,0,0,0,0,0,0.0,0,0,2,2,3,0,5,50.0,0,5,5,100.0,5,1,10,2,17,53.13,8,86,59,145,59.5,4,0,201,4,0,0
Enzo Koffi,2277165,Le Havre,1662,france,2526,317,11,3,6.61,0,0,0,0.14,0.4,4,3,14.29,22,2,22.22,39,51,90,73.17,5,62.5,3,0,0,0,19,0,0,0,0,11,9,0,0,9,20260326,2,33,0,1,9,0,0.0,0,4,3,1,0,0,,29,49.15,0,0,0,33,7,3,0,1,0.0,0,0,0,0,0.0,0,0,0,0,97,1,0,0,0,0,0,0,0,0,0,0.0,0,0,2,2,2,2,8,44.44,0,13,9,69.23,3,6,18,21,34,50.75,9,65,58,123,59.5,4,0,278,8,1,0
Olivier Giroud,39070,Lille,1643,france,2526,1484,24,17,6.61,6,1,7,7.38,1.56,8,0,0.0,79,7,63.64,139,84,223,68.4,49,53.26,43,1,0,0,26,2,7,5,1,14,24,0,0,8,20260326,8,84,1,0,26,0,15.38,0,24,22,2,6,0,,35,46.05,1,0,1,103,4,19,5,7,4.0,0,0,3,0,66.67,0,2,0,0,150,8,0,0,0,0,0,0,0,0,0,247.33,0,0,34,5,20,14,2,50.0,0,7,7,100.0,19,14,4,2,84,50.0,11,218,108,326,158.6,39,0,501,27,2,0
Giorgi Abuashvili,985199,Metz,1651,france,2526,541,18,5,6.61,2,0,2,0.59,0.59,7,5,17.86,51,9,50.0,96,72,168,88.42,2,22.22,7,0,0,0,27,1,0,4,0,6,17,0,0,11,20260326,13,52,0,0,6,0,13.33,0,16,15,1,1,1,,24,34.78,0,0,0,22,3,5,2,1,1.0,0,0,0,1,0.0,0,0,0,0,83,2,0,0,0,0,0,0,0,0,0,270.5,0,0,5,10,5,6,5,25.0,0,11,6,54.55,5,13,20,28,26,33.33,18,112,78,190,112.3,15,0,333,8,1,0
Kaïl Boudache,1518669,Nice,1661,france,2526,378,8,1,6.6,1,0,1,2.14,0.34,1,2,28.57,24,2,100.0,43,21,64,75.29,4,20.0,16,0,0,0,14,0,3,1,0,2,8,0,0,9,20260326,5,40,0,0,3,0,11.11,0,8,7,1,1,0,,18,42.86,0,0,1,21,5,3,1,0,0.0,0,0,0,0,0.0,0,0,0,0,62,2,0,0,0,0,0,0,0,0,0,378.0,0,0,5,4,6,2,4,33.33,0,10,7,70.0,3,2,12,7,22,35.48,2,58,27,85,52.8,9,0,180,4,0,0
Isak Jansson,962064,Nice,1661,france,2526,548,16,6,6.6,1,0,1,1.56,1.0,1,5,50.0,47,1,20.0,66,25,91,72.22,3,17.65,14,0,0,0,25,1,2,3,0,2,16,0,0,4,20260326,6,36,0,1,6,0,7.14,0,9,8,1,1,0,,17,43.59,0,0,0,35,5,6,0,0,0.0,0,0,0,0,0.0,0,0,0,0,66,5,0,0,1,0,0,0,0,0,0,548.0,0,0,9,5,2,9,3,30.0,0,9,6,66.67,6,4,10,10,20,35.71,5,92,34,126,105.6,14,0,217,5,2,0
Khalis Merah,2127096,Olympique Lyonnais,1649,france,2526,837,17,11,6.6,0,1,1,0.76,0.9,10,1,14.29,93,8,61.54,180,138,318,86.18,2,20.0,8,0,0,0,36,2,3,0,0,3,16,0,0,7,20260326,13,40,0,4,10,0,0.0,0,7,6,1,0,0,,33,50.77,0,0,0,51,4,9,0,0,0.0,0,0,0,0,0.0,0,0,0,0,87,4,0,0,0,0,0,0,0,0,0,0.0,0,0,2,2,1,3,8,80.0,0,11,5,45.45,9,13,10,7,35,46.67,13,214,155,369,105.6,4,0,473,14,2,0
Djibril Coulibaly,2020789,Nice,1661,france,2526,13,1,0,6.6,0,0,0,,0.01,0,0,0.0,2,0,0.0,5,0,5,83.33,1,100.0,0,0,0,0,1,0,0,0,0,0,1,0,0,0,20260326,0,1,0,0,1,0,0.0,0,0,0,0,0,0,,0,0.0,0,0,0,1,0,0,0,0,0.0,0,0,0,0,0.0,0,0,0,0,3,0,0,0,0,0,0,0,0,0,0,0.0,0,0,0,0,0,0,0,0.0,0,0,0,0.0,0,0,0,0,1,50.0,0,6,0,6,6.6,0,0,8,0,0,0
Aarón Anselmino,1500263,RC Strasbourg,1659,france,2526,11,2,0,6.6,0,0,0,,0.0,0,0,0.0,0,0,0.0,0,4,4,100.0,0,0.0,0,0,0,0,0,0,0,0,0,1,1,0,0,0,20260326,0,0,0,0,0,0,0.0,0,0,0,0,0,0,,0,0.0,0,0,0,0,1,0,0,0,0.0,0,0,0,0,0.0,0,0,0,0,0,0,0,0,0,0,0,0,0,0,0,0.0,0,0,0,0,0,0,0,0.0,0,0,0,0.0,0,0,0,0,0,0.0,0,0,4,4,6.6,0,0,6,0,0,0
Moise Bombito,1469180,Nice,1661,france,2526,146,2,2,6.6,0,0,0,,0.0,1,0,0.0,3,2,40.0,12,42,54,84.38,6,66.67,3,0,0,0,4,0,0,0,0,6,2,0,0,1,20260326,0,6,0,0,3,0,0.0,3,2,2,0,0,0,,3,50.0,0,0,0,10,2,0,0,0,3.0,0,0,0,2,0.0,0,0,0,0,11,0,0,0,0,0,0,0,0,0,0,0.0,0,0,0,0,0,0,0,0.0,0,2,2,100.0,0,3,0,0,9,60.0,5,20,44,64,13.2,0,0,81,1,1,0
Tidiane Devernois,1927719,Auxerre,1646,france,2526,18,2,0,6.6,0,0,0,,0.07,0,1,33.33,3,0,0.0,5,1,6,60.0,0,0.0,0,0,0,0,2,0,0,0,0,0,2,0,0,0,20260326,0,0,0,0,0,0,0.0,0,0,0,0,0,0,,0,0.0,0,0,0,4,0,2,0,0,0.0,0,0,0,0,0.0,0,0,0,0,6,0,0,0,0,0,0,0,0,0,0,0.0,0,0,0,0,0,0,0,0.0,0,0,0,0.0,2,0,0,3,0,0.0,0,6,4,10,13.2,0,0,13,0,0,0
Glen Kamara,292665,Stade Rennais,1658,france,2526,55,3,0,6.6,0,0,0,,0.02,2,0,0.0,9,2,100.0,18,26,44,89.8,2,100.0,0,0,0,0,6,0,0,0,0,0,3,0,0,0,20260326,1,1,0,0,0,0,0.0,0,3,3,0,0,0,,2,66.67,0,0,0,5,0,0,0,0,0.0,0,0,0,0,0.0,0,0,0,0,6,0,0,0,0,0,0,0,0,0,0,0.0,0,0,0,0,0,0,0,0.0,0,0,0,0.0,0,3,0,0,4,80.0,2,20,29,49,19.8,0,0,54,2,0,0
Pape Cabral,1606641,AS Monaco,1653,france,2526,73,4,0,6.6,0,0,0,0.53,0.06,2,0,0.0,8,0,0.0,24,21,45,86.54,2,100.0,0,0,0,0,4,0,1,0,0,4,4,0,0,2,20260326,2,6,0,0,1,0,0.0,0,2,1,1,0,0,,4,40.0,0,0,0,7,1,0,0,0,0.0,0,0,0,0,0.0,0,0,0,0,10,0,0,0,0,0,0,0,0,0,0,0.0,0,0,2,1,1,2,1,50.0,0,2,1,50.0,0,4,2,0,6,50.0,1,29,23,52,26.4,3,0,71,1,0,0
Hyun-Seok Hong,942937,Nantes,1647,france,2526,284,6,3,6.6,0,0,0,0.47,0.06,1,2,14.29,15,1,25.0,29,28,57,77.03,1,25.0,3,0,0,0,13,0,1,1,0,3,6,0,0,3,20260326,2,8,0,0,0,0,0.0,0,3,2,1,0,0,,12,70.59,0,0,0,17,3,1,0,1,1.0,0,0,0,0,0.0,0,0,0,0,36,2,0,0,0,0,0,0,0,0,0,0.0,0,1,1,3,1,2,2,100.0,0,9,6,66.67,1,5,2,14,13,61.9,4,39,35,74,39.6,4,0,127,1,0,0
Mathieu Cafaro,816810,Paris FC,6070,france,2526,151,9,1,6.6,0,0,0,0.28,0.25,1,2,28.57,14,1,50.0,29,10,39,81.25,1,100.0,0,0,0,0,4,0,0,1,0,1,7,0,0,1,20260326,0,4,0,0,2,0,0.0,0,3,3,0,0,0,,4,50.0,0,0,0,9,0,3,0,2,0.0,0,0,0,0,0.0,0,0,0,0,18,0,0,0,0,0,0,0,0,0,0,0.0,0,1,1,5,4,1,1,50.0,0,0,0,0.0,3,1,2,7,5,55.56,2,36,12,48,46.2,6,0,78,4,0,0
Believe Munongo,2076689,Metz,1651,france,2526,305,7,4,6.6,0,0,0,0.2,0.14,6,0,0.0,34,3,75.0,57,65,122,84.14,7,77.78,2,0,0,0,16,0,0,1,0,6,7,0,0,1,20260326,4,19,0,0,10,0,0.0,0,8,7,1,0,0,,11,39.29,0,0,0,23,4,2,0,0,1.0,0,0,0,0,0.0,0,0,0,0,29,1,0,0,0,0,0,0,0,0,0,0.0,0,0,0,3,2,0,3,60.0,0,6,2,33.33,2,11,5,2,18,48.65,4,77,68,145,46.2,3,0,192,2,0,0
Dante,3577,Nice,1661,france,2526,717,10,8,6.6,0,0,0,0.17,0.1,23,0,0.0,26,28,56.0,109,244,353,90.05,13,72.22,5,0,0,0,33,0,0,1,1,32,10,0,0,0,20260326,5,16,0,1,7,0,0.0,6,13,11,2,0,0,,9,45.0,0,0,0,39,9,0,0,1,4.0,0,0,0,1,0.0,0,0,0,0,44,2,0,0,0,0,0,0,0,0,0,0.0,0,0,4,1,3,1,1,100.0,0,5,4,80.0,0,34,1,0,22,57.89,50,137,255,392,66.0,5,0,467,3,1,0
Orel Mangala,793988,Olympique Lyonnais,1649,france,2526,197,5,2,6.6,0,0,0,0.14,0.17,3,0,0.0,38,2,66.67,79,34,113,88.98,1,50.0,1,0,0,0,9,0,0,1,0,4,5,0,0,1,20260326,2,11,0,1,5,0,0.0,0,3,3,0,0,0,,9,47.37,0,0,0,14,0,3,0,0,1.0,0,0,0,0,0.0,0,0,0,0,25,0,0,0,0,0,0,0,0,0,0,0.0,0,0,1,2,1,1,3,60.0,0,4,3,75.0,3,5,5,3,10,47.62,3,89,38,127,33.0,3,0,161,2,0,0
Malick Mbaye,1463503,Metz,1651,france,2526,299,5,3,6.6,0,0,0,0.13,0.21,1,2,25.0,21,5,62.5,46,33,79,82.29,1,11.11,8,0,0,0,14,0,0,1,0,9,5,0,0,4,20260326,2,21,0,0,3,0,0.0,0,7,4,3,0,0,,16,55.17,0,0,0,17,3,2,0,0,0.0,0,0,0,0,0.0,0,0,0,0,39,0,0,0,0,0,0,0,0,0,0,0.0,0,0,2,0,0,1,3,42.86,0,10,5,50.0,2,1,7,8,17,44.74,8,52,44,96,33.0,2,0,160,3,1,0
Badredine Bouanani,1153265,Nice,1661,france,2526,93,2,1,6.6,0,0,0,0.07,0.29,0,1,20.0,12,0,0.0,25,12,37,78.72,0,0.0,2,0,0,0,4,0,0,0,0,0,2,0,0,0,20260326,1,6,0,0,0,0,0.0,0,0,0,0,0,0,,3,42.86,0,0,0,10,1,1,0,0,0.0,0,0,0,0,0.0,0,0,0,0,20,0,0,0,0,0,0,0,0,0,0,0.0,0,0,1,0,1,0,1,25.0,0,0,0,0.0,1,3,4,5,3,33.33,1,34,13,47,13.2,1,0,65,2,0,0
Ibrahim Salah,1386639,Stade Rennais,1658,france,2526,40,2,0,6.6,0,0,0,0.02,0.01,0,0,0.0,5,0,0.0,15,7,22,100.0,1,50.0,1,0,0,0,1,0,0,1,0,1,2,0,0,2,20260326,0,3,0,0,0,0,0.0,0,2,2,0,0,0,,3,60.0,0,0,0,0,0,0,0,1,,0,0,0,0,0.0,0,0,0,0,2,0,0,0,0,0,0,0,0,0,0,0.0,0,0,1,0,0,0,0,0.0,0,1,1,100.0,0,0,0,0,4,57.14,0,15,7,22,13.2,1,0,30,2,0,0
Justin-Noel Kalumba,1484974,Angers,1684,france,2526,225,4,3,6.6,0,0,0,0.02,0.45,1,7,46.67,29,1,50.0,38,19,57,76.0,1,11.11,8,0,0,0,10,0,0,1,0,3,4,0,0,4,20260326,0,25,0,0,3,0,0.0,0,5,5,0,0,0,,13,43.33,0,0,0,18,1,4,0,0,0.0,0,0,0,0,0.0,0,0,0,0,52,3,0,0,0,0,0,0,0,0,0,0.0,0,0,0,1,0,0,4,28.57,0,6,3,50.0,4,3,14,15,14,35.9,2,53,22,75,26.4,1,0,142,3,0,0
Sambou Soumano,1103141,Lorient,1656,france,2526,869,26,8,6.6,4,2,6,5.37,0.77,3,0,0.0,40,2,28.57,66,54,120,73.17,25,39.06,39,0,0,1,24,2,5,9,0,12,25,0,0,20,20260326,1,81,0,0,14,0,14.29,0,14,13,1,4,0,,27,39.13,0,0,0,44,4,9,1,9,0.0,0,0,1,0,0.0,0,0,0,0,97,3,0,0,3,0,0,0,0,0,0,217.25,0,0,27,1,9,10,5,35.71,0,4,3,75.0,9,4,14,0,52,39.1,7,104,60,164,164.9,28,0,307,18,2,0
Sidiki Cherif,1514916,Angers,1684,france,2526,1164,19,14,6.59,4,0,4,2.96,0.38,1,1,16.67,39,1,50.0,77,91,168,74.67,17,33.33,34,0,0,0,41,1,3,10,0,2,19,0,0,19,20260326,4,88,0,0,15,0,14.29,0,16,15,1,4,0,,35,39.33,0,0,0,57,7,5,1,11,0.0,0,0,0,0,0.0,0,0,0,0,150,3,0,0,3,0,0,0,0,0,0,291.0,0,0,21,7,6,12,11,32.35,0,8,3,37.5,5,3,34,6,52,37.14,2,117,108,225,125.3,28,0,428,16,3,0
Younes Namli,235538,Le Havre,1662,france,2526,340,12,3,6.59,0,1,1,0.15,0.62,2,5,23.81,25,5,83.33,54,26,80,70.8,3,30.0,7,0,0,0,26,1,0,2,0,3,12,0,0,5,20260326,5,25,0,0,8,0,0.0,0,7,7,0,0,0,,18,50.0,0,0,0,33,6,3,0,2,0.0,0,0,0,0,0.0,0,0,0,0,66,3,0,0,0,0,0,0,0,0,0,0.0,0,0,2,2,2,0,5,83.33,0,9,5,55.56,3,8,6,21,21,45.65,6,79,34,113,79.1,4,0,195,4,2,0
Youssef El Arabi,45512,Nantes,1647,france,2526,948,22,11,6.59,3,0,3,2.53,0.96,14,0,0.0,43,11,50.0,86,71,157,62.06,24,36.36,42,0,0,1,43,1,7,2,1,11,22,0,0,6,20260326,5,86,0,0,21,0,20.0,0,13,10,3,2,1,,38,46.34,0,0,2,96,3,9,0,9,1.0,0,0,1,0,0.0,0,0,0,2,163,6,0,0,3,0,0,0,0,0,0,316.0,0,0,14,1,4,9,6,30.0,0,11,8,72.73,9,27,20,2,62,41.89,22,162,91,253,145.0,15,1,416,22,0,0
Félix Lemaréchal,1130942,RC Strasbourg,1659,france,2526,554,11,7,6.59,0,2,2,0.89,0.64,4,5,33.33,55,3,50.0,101,80,181,77.35,4,57.14,3,0,0,0,25,2,1,3,1,7,11,0,0,11,20260326,10,42,0,1,8,0,0.0,0,6,6,0,0,0,,35,47.3,0,0,0,53,3,7,0,0,0.0,0,0,0,0,0.0,0,0,0,0,106,6,0,0,0,0,0,0,0,0,0,0.0,0,2,4,6,5,2,12,54.55,0,17,6,35.29,7,13,22,15,39,48.15,6,143,91,234,72.5,10,0,377,6,1,0
Ben Chilwell,802695,RC Strasbourg,1659,france,2526,1544,19,18,6.59,0,2,2,0.32,0.97,18,11,36.67,94,21,36.84,233,433,666,87.98,8,47.06,9,0,0,0,72,4,1,1,2,50,19,0,0,10,20260326,15,55,1,1,14,0,0.0,0,24,24,0,0,0,,56,54.9,0,0,0,91,22,7,0,4,4.0,0,0,0,0,0.0,0,0,0,0,184,3,0,0,0,0,0,0,0,0,0,0.0,0,0,4,1,1,3,10,58.82,0,25,17,68.0,7,53,17,30,64,53.78,57,303,454,757,125.2,5,0,1118,21,4,0
Jean-Philippe Krasso,940328,Paris FC,6070,france,2526,1099,25,12,6.59,2,2,4,3.43,2.4,4,1,25.0,65,8,61.54,112,71,183,71.48,32,37.65,53,0,0,0,23,4,6,3,0,7,25,0,0,13,20260326,9,125,0,0,20,0,7.41,0,17,14,3,2,0,,46,38.98,0,0,2,73,1,24,2,11,1.0,0,1,1,0,100.0,0,1,0,0,176,6,0,0,0,0,0,0,0,0,0,549.5,0,0,20,7,14,10,18,37.5,0,13,8,61.54,23,12,48,4,78,38.42,13,175,81,256,164.7,27,0,499,19,0,0
Marius Courcoul,1506932,Angers,1684,france,2526,373,18,3,6.59,0,0,0,0.07,0.11,5,0,0.0,23,4,33.33,53,72,125,79.62,3,50.0,3,0,0,0,17,0,0,0,0,8,16,0,0,5,20260326,4,21,0,0,6,0,0.0,0,8,7,1,0,0,,19,51.35,0,0,0,32,3,3,0,0,2.0,0,0,0,1,0.0,0,0,0,0,50,0,0,0,0,0,0,0,0,0,0,0.0,0,0,1,1,1,1,1,25.0,0,15,9,60.0,3,11,4,0,22,51.16,12,74,83,157,105.4,2,0,220,3,0,0
Marius Sivertsen Broholm,1130111,Lille,1643,france,2526,288,11,3,6.58,1,1,2,0.98,0.41,5,4,28.57,52,2,66.67,63,29,92,78.63,0,0.0,1,0,0,0,16,0,0,1,0,2,11,0,0,5,20260326,4,22,1,0,4,0,25.0,0,7,7,0,1,0,,21,50.0,0,0,0,25,2,8,1,0,0.0,0,0,1,0,100.0,0,1,0,0,57,3,0,0,0,0,0,0,0,0,0,288.0,0,0,3,1,0,3,3,25.0,0,10,6,60.0,8,7,12,14,21,48.84,3,86,31,117,72.4,4,0,198,8,0,0
Ruben Kluivert,1014540,Olympique Lyonnais,1649,france,2526,662,11,7,6.58,1,2,3,0.21,0.46,6,0,0.0,20,7,35.0,77,239,316,87.05,15,60.0,10,0,0,0,33,2,0,0,1,36,10,0,0,0,20260326,3,21,1,0,7,0,100.0,7,15,13,2,1,0,,17,60.71,0,0,0,47,8,2,1,0,4.0,0,0,0,0,0.0,0,0,0,0,55,1,0,0,0,0,0,0,0,0,0,662.0,0,0,1,0,0,1,3,75.0,0,11,8,72.73,2,13,4,1,32,60.38,20,102,261,363,65.8,1,0,476,3,2,0
Alimami Gory,842399,Paris FC,6070,france,2526,743,18,7,6.58,2,1,3,1.7,0.43,3,2,28.57,38,4,36.36,71,57,128,83.66,6,50.0,6,0,0,0,33,1,2,1,1,11,18,0,0,10,20260326,4,33,1,0,8,0,20.0,0,17,16,1,2,0,,32,54.24,0,0,0,25,8,3,0,6,1.0,0,1,0,1,0.0,0,0,0,1,75,2,0,0,2,0,0,0,0,0,0,371.5,0,0,9,1,7,2,3,30.0,0,15,9,60.0,2,6,10,7,38,53.52,11,88,65,153,118.4,10,0,309,14,0,0
Bilal Nadir,1129527,Olympique de Marseille,1641,france,2526,565,19,5,6.58,0,4,4,0.49,1.37,4,3,33.33,98,7,53.85,198,117,315,90.26,2,25.0,6,0,0,0,31,3,0,3,1,5,18,0,0,9,20260326,9,47,0,0,22,0,0.0,0,5,4,1,0,0,,25,37.88,0,0,0,34,5,10,0,1,1.0,0,1,0,0,0.0,0,0,0,0,64,4,0,1,0,0,0,0,0,0,0,0.0,0,0,4,3,3,1,4,66.67,0,17,8,47.06,9,10,6,9,27,36.49,13,222,127,349,118.4,7,0,444,4,3,1
Mayckel Lahdo,1046028,Nantes,1647,france,2526,418,8,5,6.58,1,1,2,0.36,0.1,1,0,0.0,24,3,60.0,51,35,86,86.0,1,12.5,7,0,0,0,11,0,0,1,0,2,8,0,0,7,20260326,2,26,0,0,5,0,33.33,0,9,9,0,1,0,,17,47.22,0,0,0,14,0,5,0,1,0.0,0,0,0,0,0.0,0,0,0,0,46,1,0,0,1,0,0,0,0,0,0,418.0,0,0,3,0,1,1,6,50.0,0,5,2,40.0,5,3,12,1,18,40.91,5,61,39,100,52.6,3,0,172,6,0,0
Lohann Doucet,1170523,Paris FC,6070,france,2526,127,5,1,6.58,1,0,1,0.3,0.06,4,0,0.0,14,5,83.33,25,26,51,91.07,0,0.0,1,0,0,0,5,0,0,0,0,3,4,0,0,2,20260326,1,9,1,1,4,0,50.0,0,5,4,1,1,0,,4,33.33,0,0,0,5,0,3,0,0,1.0,0,0,0,0,0.0,0,0,0,0,10,1,0,0,1,0,0,0,0,0,0,127.0,0,0,1,1,1,1,2,66.67,0,1,0,0.0,3,4,3,0,4,30.77,6,27,29,56,26.3,2,0,72,1,2,0
Ismael Doukouré,1049517,RC Strasbourg,1659,france,2526,1670,20,20,6.58,0,1,1,0.42,0.41,23,1,33.33,72,27,41.54,321,748,1069,91.13,26,59.09,18,0,0,0,75,2,2,0,5,49,20,0,2,7,20260326,2,45,0,3,16,0,0.0,16,22,20,2,0,0,,37,57.81,0,0,0,104,20,6,0,0,9.0,1,1,0,0,0.0,0,0,0,0,139,4,0,2,0,0,0,0,0,0,0,0.0,0,0,3,3,3,3,7,70.0,0,17,11,64.71,5,52,10,3,63,58.33,65,389,784,1173,131.5,6,0,1373,13,3,0
Brian Madjo,2070311,Metz,1651,france,2526,162,5,2,6.58,0,0,0,0.35,0.0,0,0,0.0,1,0,0.0,2,8,10,55.56,3,60.0,2,0,0,0,4,0,0,1,0,2,4,0,0,3,20260326,0,9,0,0,3,0,0.0,0,3,2,1,0,0,,3,30.0,0,0,0,8,0,0,0,3,0.0,0,0,0,0,0.0,0,0,0,0,19,0,0,0,0,0,0,0,0,0,0,0.0,0,0,3,0,1,1,0,0.0,0,0,0,0.0,0,0,1,0,6,40.0,0,5,13,18,26.3,3,0,41,3,0,0
Kassoum Ouattara,1397558,AS Monaco,1653,france,2526,983,15,12,6.57,0,3,3,0.92,2.18,11,12,24.0,67,10,37.04,153,127,280,74.27,16,61.54,10,0,0,0,52,5,1,6,2,21,15,0,0,13,20260326,9,79,0,2,22,0,0.0,0,20,19,1,0,0,,46,40.0,0,0,2,97,16,17,0,1,0.0,0,0,0,1,0.0,0,0,0,0,220,5,0,0,0,0,0,0,0,0,0,0.0,0,0,10,2,6,0,9,26.47,0,27,17,62.96,17,30,34,50,62,43.97,27,224,153,377,98.6,12,0,751,10,3,0
Josué Casimir,1035986,Auxerre,1646,france,2526,1429,25,16,6.57,1,0,1,2.83,1.35,7,9,16.98,120,13,48.15,209,122,331,77.88,24,50.0,24,0,1,0,61,1,3,5,0,12,25,0,0,10,20260326,9,82,0,1,32,0,4.76,0,23,23,0,1,0,,63,52.07,0,0,2,94,10,9,0,3,0.0,0,0,1,0,0.0,0,0,0,0,200,6,0,1,1,0,0,0,0,0,0,1429.0,0,0,15,6,5,11,7,43.75,0,27,14,51.85,9,21,16,53,87,51.48,27,282,143,425,164.3,21,0,714,29,3,1
Cheick Tidiane Sabaly,942834,Metz,1651,france,2526,976,14,12,6.57,0,2,2,1.62,1.36,5,4,28.57,64,5,62.5,100,75,175,76.42,2,10.53,17,0,0,0,36,4,4,1,2,5,14,0,0,21,20260326,9,80,0,1,14,0,0.0,0,24,22,2,0,0,,48,43.24,0,0,0,54,5,10,0,5,3.0,0,0,0,0,0.0,0,0,0,0,130,6,0,0,0,0,0,0,0,0,0,0.0,0,0,7,1,3,4,14,41.18,0,18,13,72.22,10,8,34,14,50,38.46,8,135,94,229,92.0,8,0,416,16,2,0
Jean-Philippe Gbamin,326343,Metz,1651,france,2526,2009,24,24,6.57,1,1,2,1.99,0.4,84,2,66.67,110,94,46.08,337,960,1297,88.29,26,50.0,26,0,0,0,136,2,1,3,4,69,24,0,1,18,20260326,17,85,0,1,18,0,7.69,33,52,44,8,1,0,,75,55.97,0,0,1,172,20,12,0,0,12.0,0,0,0,0,0.0,0,0,0,0,224,0,0,1,1,0,0,0,0,0,0,2009.0,0,0,8,5,3,7,21,75.0,0,47,22,46.81,12,165,28,3,101,54.3,204,454,1015,1469,157.7,13,1,1764,7,2,0
Ibrahim Osman,1471095,Auxerre,1646,france,2526,630,14,7,6.57,0,2,2,1.86,0.67,2,1,10.0,56,4,66.67,99,32,131,79.88,6,37.5,10,0,0,0,24,1,5,3,0,2,13,0,0,16,20260326,3,52,0,0,7,0,0.0,0,11,10,1,0,0,,31,42.47,0,0,0,33,4,7,0,3,0.0,0,0,0,0,0.0,0,0,0,0,104,2,0,0,0,0,0,0,0,0,0,0.0,0,0,11,7,9,6,6,27.27,0,11,8,72.73,7,2,22,10,37,41.57,6,125,39,164,85.4,18,0,309,14,0,0
Joel Mugisha Mvuka,1027091,Lorient,1656,france,2526,572,15,5,6.57,0,0,0,0.52,0.69,2,1,8.33,39,2,28.57,67,50,117,79.05,1,11.11,8,0,0,0,26,2,1,2,0,13,13,0,0,5,20260326,4,31,0,1,4,0,0.0,0,18,15,3,0,0,,39,62.9,0,0,0,31,7,4,0,1,0.0,0,0,0,0,0.0,0,0,0,0,65,2,0,0,0,0,0,0,0,0,0,0.0,0,0,4,4,5,1,6,37.5,0,22,12,54.55,4,6,16,12,40,56.34,7,84,64,148,85.4,8,0,273,11,0,0
Soumaila Coulibaly,1001858,Stade Brestois,1715,france,2526,1145,13,13,6.57,0,0,0,0.35,0.1,23,0,0.0,40,32,50.0,139,436,575,89.98,22,68.75,10,0,0,0,63,0,0,1,3,64,13,0,0,0,20260326,0,31,0,3,22,0,0.0,6,24,19,5,0,0,,30,58.82,0,0,0,64,12,2,0,1,8.0,1,1,0,0,0.0,0,0,0,0,72,1,0,0,0,0,0,0,0,0,0,0.0,0,0,6,0,3,2,3,100.0,0,13,10,76.92,1,44,3,1,52,62.65,64,187,452,639,85.4,6,0,793,15,3,0
Mostafa Mohamed,873551,Nantes,1647,france,2526,999,19,11,6.57,3,0,3,2.7,0.74,3,1,16.67,31,1,25.0,47,48,95,60.9,42,47.73,46,0,0,0,24,2,2,5,0,9,19,0,0,20,20260326,5,99,0,1,16,0,10.0,0,20,15,5,3,0,,31,36.9,1,0,1,61,7,8,0,3,3.0,0,0,0,0,0.0,0,0,0,0,138,2,0,0,2,0,0,0,0,0,0,333.0,0,0,25,5,19,6,3,17.65,0,8,6,75.0,8,5,17,6,73,42.44,4,92,64,156,124.8,30,0,347,22,1,0
Jacques Ekomié,1170532,Angers,1684,france,2526,1675,25,19,6.57,0,0,0,0.95,0.85,13,8,17.78,83,12,40.0,208,295,503,82.06,21,58.33,15,0,0,0,91,1,4,2,4,44,24,0,0,21,20260326,7,80,0,1,22,0,0.0,0,25,23,2,0,0,,77,54.23,0,0,0,110,26,10,0,2,5.0,0,0,0,1,0.0,0,0,0,0,256,4,0,0,0,0,0,0,0,0,0,0.0,0,0,8,0,3,3,10,37.04,0,46,29,63.04,10,28,27,45,98,55.06,30,272,341,613,157.6,8,0,1113,21,3,0
Nhoa Sangui,1426221,Paris FC,6070,france,2526,1294,20,13,6.57,0,0,0,0.17,1.03,10,10,37.04,111,17,40.48,239,257,496,86.11,6,50.0,6,0,0,0,72,2,0,1,3,40,20,0,0,6,20260326,3,29,1,2,4,0,0.0,0,24,23,1,0,0,,36,61.02,0,0,0,80,11,16,0,3,3.0,0,0,0,0,0.0,0,0,0,0,137,2,0,0,0,0,0,0,0,0,0,0.0,0,0,1,2,2,0,6,35.29,0,17,10,58.82,16,19,17,27,42,59.15,42,291,285,576,131.3,3,0,864,13,0,0
Louis Mouton,1172936,Angers,1684,france,2526,1718,26,22,6.56,2,1,3,2.84,2.19,21,6,24.0,131,24,50.0,250,222,472,74.8,14,35.0,26,0,0,0,57,4,1,13,3,13,25,0,1,23,20260326,19,103,0,1,17,0,5.71,0,24,19,5,2,0,,62,44.6,0,0,0,159,12,19,0,4,4.0,0,0,0,0,0.0,0,0,0,0,257,8,0,1,2,0,0,0,0,0,0,859.0,0,0,22,13,14,8,11,35.48,0,35,21,60.0,19,43,31,25,76,42.46,48,351,280,631,164.1,35,0,917,16,1,0
Hamidou Makalou,1597197,Stade Brestois,1715,france,2526,197,12,1,6.56,0,0,0,0.03,0.22,3,2,25.0,23,2,28.57,48,25,73,77.66,0,0.0,1,0,0,0,14,0,0,0,0,1,11,0,0,3,20260326,0,8,0,0,1,0,0.0,0,6,6,0,0,0,,6,46.15,0,0,0,21,3,6,0,0,1.0,0,0,0,0,0.0,0,0,0,0,38,2,0,0,0,0,0,0,0,0,0,0.0,0,0,0,2,2,0,1,25.0,0,3,3,100.0,6,5,4,8,6,42.86,7,68,26,94,72.2,2,0,134,2,0,0
Quentin Ndjantou,1861665,Paris Saint-Germain,1644,france,2526,354,10,3,6.56,1,1,2,1.49,0.35,3,0,0.0,60,4,100.0,108,59,167,84.34,0,0.0,6,0,0,0,13,0,2,2,0,2,10,0,0,1,20260326,4,22,0,0,7,0,11.11,0,3,2,1,1,0,,10,38.46,0,0,1,31,2,5,0,0,1.0,0,0,0,0,0.0,0,0,0,0,46,1,0,0,1,0,0,0,0,0,0,354.0,0,0,5,4,4,3,6,60.0,0,2,1,50.0,5,6,10,4,10,31.25,4,130,68,198,65.6,9,0,252,2,1,0
Noah Edjouma,1512354,Lille,1643,france,2526,365,15,3,6.55,0,0,0,0.77,0.68,2,4,22.22,26,2,28.57,43,21,64,70.33,3,42.86,4,0,0,0,22,0,0,4,0,5,15,0,0,10,20260326,8,41,0,0,5,0,0.0,0,3,1,2,0,0,,27,42.19,0,0,0,27,3,7,0,1,0.0,0,0,0,0,0.0,0,0,0,0,83,3,0,0,0,0,0,0,0,0,0,0.0,0,0,9,1,3,3,10,41.67,0,11,6,54.55,7,3,24,18,30,42.25,7,63,28,91,98.3,10,0,205,6,0,0
Thelonius Bair,936848,Auxerre,1646,france,2526,23,2,0,6.55,0,0,0,,0.0,1,0,0.0,2,0,0.0,3,0,3,75.0,3,100.0,0,0,0,0,0,0,0,0,0,1,2,0,0,2,20260326,0,2,0,0,0,0,0.0,0,0,0,0,0,0,,0,0.0,0,0,0,1,0,0,0,0,0.0,0,0,0,0,0.0,0,0,0,0,5,0,0,0,0,0,0,0,0,0,0,0.0,0,0,0,0,0,0,0,0.0,0,0,0,0.0,0,1,0,0,3,60.0,0,3,1,4,13.1,0,0,9,0,0,0
Tadjidine Mmadi,2250107,Olympique de Marseille,1641,france,2526,18,2,0,6.55,0,0,0,,0.01,0,0,0.0,5,0,0.0,6,2,8,80.0,1,50.0,1,0,0,0,0,0,0,0,0,1,2,0,0,1,20260326,0,3,0,0,0,0,0.0,0,0,0,0,0,0,,1,33.33,0,0,0,2,1,1,0,0,0.0,0,0,0,0,0.0,0,0,0,0,5,0,0,0,0,0,0,0,0,0,0,0.0,0,0,0,0,0,0,0,0.0,0,1,1,100.0,1,0,1,0,2,40.0,0,8,2,10,13.1,0,0,17,0,0,0
Oumar Pona,1651830,Angers,1684,france,2526,180,2,2,6.55,0,0,0,,0.0,2,0,0.0,2,10,50.0,6,31,37,78.72,0,0.0,0,0,0,0,12,0,0,0,0,3,2,0,0,0,20260326,0,0,0,0,0,0,0.0,16,7,5,2,0,0,-1.7,2,100.0,0,0,0,10,0,0,0,0,0.0,0,0,0,0,0.0,0,0,0,0,10,0,1,0,0,1,4,2,6,0,1,0.0,0,0,0,0,0,0,0,0.0,1,0,0,0.0,0,5,0,0,2,100.0,20,10,37,47,13.1,0,0,69,2,1,0
Serigne Diop,1922996,Stade Brestois,1715,france,2526,26,2,0,6.55,0,0,0,0.13,0.05,0,1,100.0,0,0,0.0,0,1,1,50.0,2,100.0,0,0,0,0,1,0,0,1,0,0,2,0,0,1,20260326,0,1,0,0,0,0,0.0,0,1,1,0,0,0,,1,50.0,0,0,0,1,0,0,0,0,0.0,0,0,0,0,0.0,0,0,0,0,2,0,0,0,0,0,0,0,0,0,0,0.0,0,0,1,0,0,0,1,100.0,0,0,0,0.0,0,0,1,1,3,75.0,0,1,1,2,13.1,1,0,7,0,0,0
Hamari Traoré,362014,Paris FC,6070,france,2526,863,11,11,6.55,0,1,1,0.18,0.54,11,4,22.22,76,19,47.5,169,208,377,82.14,13,56.52,10,0,0,0,40,1,1,3,2,29,11,0,0,1,20260326,3,31,0,1,19,0,0.0,0,14,12,2,0,0,,26,55.32,0,0,0,82,12,5,0,1,1.0,0,0,0,1,0.0,0,0,0,0,121,1,0,0,0,0,0,0,0,0,0,0.0,0,0,4,0,1,0,0,0.0,0,23,15,65.22,5,18,1,18,39,55.71,40,211,248,459,72.0,4,0,669,3,3,0
George Ilenikhena,1462434,AS Monaco,1653,france,2526,386,15,3,6.54,2,0,2,1.44,0.2,1,0,0.0,24,2,66.67,27,12,39,73.58,8,42.11,11,0,0,0,4,0,3,2,0,2,15,0,0,6,20260326,3,32,0,0,2,0,13.33,0,8,8,0,2,0,,8,27.59,1,0,0,14,0,3,1,8,1.0,0,0,0,0,0.0,0,0,0,0,45,3,0,0,0,0,0,0,0,0,0,193.0,0,0,13,2,6,7,1,9.09,0,1,0,0.0,3,2,11,0,16,33.33,3,39,14,53,98.1,15,0,125,6,0,0
Morgan Sanson,250133,Nice,1661,france,2526,1346,25,14,6.54,0,2,2,2.31,1.26,30,2,6.06,103,38,62.3,223,175,398,83.09,10,41.67,14,0,0,0,61,3,5,3,0,11,25,0,0,21,20260326,15,84,0,2,28,0,0.0,0,32,29,3,0,0,,50,41.67,0,0,0,81,17,10,0,1,7.0,0,0,0,1,0.0,0,0,0,0,174,10,0,0,0,0,0,0,0,0,0,0.0,0,0,9,5,7,4,18,58.06,0,22,18,81.82,10,54,31,33,60,41.67,61,282,197,479,163.5,14,0,717,10,3,0
Simon Ebonog,1490783,Le Havre,1662,france,2526,1394,23,17,6.54,0,0,0,1.3,0.34,6,1,10.0,85,6,37.5,172,133,305,77.61,21,53.85,18,0,0,0,86,1,0,6,1,18,23,0,0,26,20260326,3,84,0,0,22,0,0.0,0,24,23,1,0,0,,70,51.47,0,0,0,88,18,5,0,0,4.0,0,0,0,0,0.0,0,0,0,0,179,7,0,0,0,0,0,0,0,0,0,0.0,0,0,7,10,9,2,15,48.39,0,32,18,56.25,5,11,31,10,91,52.0,16,227,166,393,150.4,17,0,673,23,6,0
Junior Dina Ebimbe,904994,Stade Brestois,1715,france,2526,786,21,10,6.54,2,0,2,2.6,0.59,3,0,0.0,40,5,83.33,70,58,128,76.65,7,28.0,18,0,0,0,27,2,5,8,0,7,21,0,0,8,20260326,9,58,0,0,18,0,10.53,0,9,9,0,2,0,,27,40.3,0,0,0,39,3,5,1,2,0.0,0,0,0,0,0.0,0,0,0,0,82,5,0,0,1,0,0,0,0,0,0,393.0,0,0,16,3,6,5,1,11.11,0,15,8,53.33,5,8,9,3,34,36.96,6,99,68,167,137.3,19,0,284,11,2,0
Yanis Zouaoui,1397882,Le Havre,1662,france,2526,1850,24,22,6.53,0,1,1,0.5,1.56,32,29,20.28,132,47,38.21,239,364,603,77.41,12,40.0,18,0,0,0,95,3,1,5,2,47,24,0,0,15,20260326,15,86,0,2,15,0,0.0,0,29,29,0,0,0,,66,49.25,0,0,0,176,19,26,0,1,7.0,1,0,0,0,0.0,0,0,0,0,393,9,0,0,0,0,0,0,0,0,0,0.0,0,6,2,10,4,3,17,42.5,0,30,19,63.33,26,98,40,143,78,47.56,123,369,410,779,156.8,12,1,1397,20,5,0
Bernard Nguene,2017474,Nice,1661,france,2526,133,6,0,6.53,0,0,0,0.21,0.02,0,0,0.0,10,0,0.0,15,10,25,75.76,6,85.71,1,0,0,0,5,0,0,0,0,2,6,0,0,4,20260326,1,10,0,0,3,0,0.0,0,3,3,0,0,0,,7,43.75,0,0,0,8,3,0,0,1,0.0,0,0,0,0,0.0,0,0,0,0,23,0,0,0,0,0,0,0,0,0,0,0.0,0,0,2,1,3,0,1,33.33,0,4,1,25.0,0,0,3,1,13,56.52,0,19,14,33,39.2,3,0,71,2,1,0
Adil Hamdani,2369898,Olympique Lyonnais,1649,france,2526,28,4,0,6.53,0,0,0,0.06,0.03,3,0,0.0,8,3,100.0,10,1,11,84.62,0,0.0,1,0,0,0,0,0,0,1,0,0,3,0,0,0,20260326,0,3,0,0,1,0,0.0,0,0,0,0,0,0,,2,50.0,0,0,0,2,0,0,0,0,1.0,0,0,0,0,0.0,0,0,0,0,9,0,0,0,0,0,0,0,0,0,0,0.0,0,0,1,1,1,0,1,50.0,0,1,0,0.0,0,4,2,5,2,40.0,3,12,1,13,19.6,2,0,27,0,0,0
Terem Moffi,894396,Nice,1661,france,2526,489,10,6,6.53,2,0,2,3.28,0.5,0,0,0.0,26,0,0.0,34,19,53,71.62,6,42.86,8,0,0,0,10,1,5,3,0,1,10,0,0,7,20260326,3,26,0,0,2,0,12.5,0,11,9,2,2,0,,6,25.0,1,0,1,21,0,5,1,7,0.0,0,0,0,0,0.0,0,0,0,0,52,2,0,0,0,0,0,0,0,0,0,244.5,0,0,15,1,5,8,3,33.33,0,1,1,100.0,5,0,9,0,12,31.58,0,50,24,74,65.3,16,0,137,2,0,0
Rudy Matondo,1961626,Paris FC,6070,france,2526,955,21,10,6.53,0,0,0,0.28,0.23,7,3,25.0,54,9,50.0,143,164,307,87.22,7,36.84,12,0,0,0,39,0,0,5,1,16,20,0,1,11,20260326,10,59,0,1,23,0,0.0,0,13,11,2,0,0,,34,41.98,0,0,0,45,8,4,0,1,3.0,0,0,0,0,0.0,0,0,0,0,92,2,0,1,0,0,0,0,0,0,0,0.0,0,0,4,3,1,1,6,54.55,0,17,14,82.35,4,16,11,12,41,41.0,18,168,184,352,130.6,7,0,512,12,4,0
Ngal'ayel Mukau,1391541,Lille,1643,france,2526,1096,23,12,6.53,1,0,1,1.97,0.34,9,0,0.0,113,14,63.64,215,140,355,87.65,10,29.41,24,0,0,0,46,0,3,7,0,5,23,0,0,8,20260326,13,70,0,2,20,0,6.25,0,19,16,3,1,0,,41,47.13,0,0,0,50,7,8,0,3,0.0,0,0,0,0,0.0,0,0,0,0,93,9,0,0,1,0,0,0,0,0,0,1096.0,0,0,11,5,6,3,9,56.25,0,19,12,63.16,8,14,16,1,51,42.15,22,254,151,405,150.1,16,0,552,13,2,0
Deiver Machado,822110,Nantes,1647,france,2526,755,13,11,6.53,0,1,1,0.48,0.54,6,2,14.29,50,6,40.0,111,94,205,83.33,8,36.36,14,0,0,0,37,1,1,3,1,19,12,0,0,11,20260326,4,55,1,1,18,0,0.0,0,10,9,1,0,0,,31,43.06,0,0,0,41,8,2,0,3,0.0,0,0,0,0,0.0,0,0,0,0,97,5,0,0,0,0,0,0,0,0,0,0.0,0,0,5,3,4,1,2,16.67,0,10,6,60.0,2,14,12,14,39,41.49,15,134,112,246,78.3,8,0,452,19,2,0
Kenny Quetant,2198657,Le Havre,1662,france,2526,387,9,4,6.52,1,0,1,0.75,0.07,1,0,0.0,12,0,0.0,23,17,40,63.49,8,40.0,12,0,0,0,8,0,1,2,0,3,9,0,0,3,20260326,2,24,0,0,6,0,12.5,0,2,2,0,1,0,,5,29.41,0,0,0,23,1,1,0,4,0.0,0,0,0,0,0.0,0,0,0,0,40,2,0,0,1,0,0,0,0,0,0,387.0,0,0,7,1,4,2,2,66.67,0,0,0,0.0,1,2,3,0,13,35.14,0,37,26,63,58.7,8,0,108,3,1,0
Mika Biereth,1083007,AS Monaco,1653,france,2526,1032,25,12,6.52,2,2,4,3.31,1.44,7,2,28.57,54,1,33.33,72,40,112,59.26,14,24.56,43,0,0,0,29,4,3,7,0,5,25,0,0,22,20260326,8,93,0,0,16,0,10.53,0,20,19,1,2,0,,29,36.71,0,0,0,77,0,20,0,8,2.0,0,1,0,0,0.0,0,0,0,0,148,11,0,0,2,0,0,0,0,0,0,516.0,0,0,16,3,5,7,4,30.77,0,11,7,63.64,19,12,13,7,43,31.62,3,138,51,189,162.9,19,0,343,14,0,0
Fredrik Oppegård,1005648,Auxerre,1646,france,2526,1001,19,11,6.52,0,0,0,0.46,0.95,5,14,30.43,77,7,29.17,152,110,262,80.12,0,0.0,8,0,0,0,36,1,0,5,1,19,19,0,1,7,20260326,5,33,0,0,7,0,0.0,0,17,14,3,0,0,,32,56.14,0,0,0,65,13,10,0,1,5.0,0,0,0,0,0.0,0,0,0,0,135,1,0,1,0,0,0,0,0,0,0,0.0,0,0,5,4,3,1,7,53.85,0,22,17,77.27,10,13,13,46,32,49.23,24,200,127,327,123.8,9,0,562,3,1,0
Ciro Immobile,45923,Paris FC,6070,france,2526,457,7,6,6.51,1,0,1,0.96,0.62,2,0,0.0,18,1,25.0,40,20,60,69.77,6,27.27,16,0,0,0,11,2,1,2,0,4,7,0,0,6,20260326,2,30,0,0,5,0,11.11,0,5,5,0,1,0,,6,30.0,0,0,1,26,0,4,0,7,2.0,0,0,0,0,0.0,0,0,0,0,55,1,0,0,1,0,0,0,0,0,0,457.0,0,0,7,2,4,3,3,60.0,0,0,0,0.0,4,3,5,2,12,28.57,4,61,25,86,45.6,9,0,150,3,1,0
Prosper Peter,2137784,Angers,1684,france,2526,969,23,10,6.51,3,0,3,3.97,0.46,1,0,0.0,46,1,100.0,68,45,113,72.44,32,44.44,40,0,0,0,26,1,7,3,0,7,23,0,0,16,20260326,1,96,0,0,25,0,17.65,0,21,18,3,3,0,,29,34.12,1,0,0,43,3,11,1,11,0.0,0,0,0,0,0.0,0,0,0,0,128,6,0,0,1,0,0,0,0,0,0,323.0,0,0,17,0,4,10,3,13.04,0,6,2,33.33,11,1,23,0,61,38.85,1,101,55,156,149.8,17,0,339,20,0,0
Amady Camara,1516047,Nantes,1647,france,2526,168,10,1,6.51,0,0,0,0.43,0.13,1,1,5.88,10,2,50.0,20,18,38,76.0,1,20.0,4,0,0,0,10,0,1,3,0,0,9,0,0,6,20260326,2,17,0,0,4,0,0.0,0,5,5,0,0,0,,7,35.0,0,0,0,12,1,2,0,0,0.0,0,0,0,0,0.0,0,0,0,0,47,0,0,0,0,0,0,0,0,0,0,0.0,0,0,4,2,3,0,1,25.0,0,4,3,75.0,2,1,4,17,8,32.0,4,28,22,50,58.6,6,0,109,2,0,0
Fodé Ballo-Touré,788170,Metz,1651,france,2526,835,12,11,6.51,0,0,0,0.22,1.0,4,3,18.75,45,6,54.55,121,186,307,90.83,5,50.0,5,0,0,0,30,2,0,1,1,18,12,0,0,7,20260326,10,40,0,0,13,0,0.0,0,21,17,4,0,0,,52,59.77,0,0,0,31,5,4,0,1,0.0,0,0,0,1,0.0,0,0,0,0,85,2,0,0,0,0,0,0,0,0,0,0.0,0,0,3,2,3,1,13,65.0,0,21,14,66.67,4,5,20,16,57,58.76,11,142,196,338,78.1,5,0,543,18,2,0
Felix Mambimbi,910076,Le Havre,1662,france,2526,548,16,7,6.51,1,0,1,0.66,0.48,0,0,0.0,37,1,20.0,52,34,86,72.27,3,16.67,15,0,0,0,27,1,1,1,0,7,15,0,0,7,20260326,5,48,0,0,15,0,16.67,0,8,8,0,1,0,,21,38.89,0,0,0,33,3,7,1,5,0.0,0,0,0,0,0.0,0,0,0,0,62,11,0,0,0,0,0,0,0,0,0,548.0,0,0,3,3,3,2,4,40.0,0,12,9,75.0,7,2,10,5,24,33.33,5,81,38,119,97.6,6,0,202,5,1,0
Ali Abdi,919027,Nice,1661,france,2526,909,16,11,6.51,1,0,1,0.29,0.6,9,4,16.0,60,10,27.03,103,152,255,75.67,18,48.65,19,0,0,0,50,1,1,2,1,24,16,0,0,6,20260326,7,62,1,1,14,0,25.0,0,14,12,2,1,0,,44,50.57,1,0,0,82,10,10,0,0,2.0,0,0,0,0,0.0,0,0,0,0,155,5,0,1,0,0,0,0,0,0,0,909.0,0,0,4,0,1,1,13,41.94,0,18,7,38.89,10,33,31,25,62,50.0,37,158,179,337,104.1,4,0,604,13,2,1
Willem Geubbels,877979,Paris FC,6070,france,2526,729,18,8,6.51,3,0,3,4.38,0.63,1,0,0.0,33,1,100.0,58,50,108,71.05,24,44.44,30,0,0,0,19,0,5,3,0,8,18,0,0,11,20260326,2,62,0,0,15,0,13.04,0,15,15,0,3,0,,4,11.11,0,0,2,44,4,4,0,7,3.0,0,0,1,0,100.0,0,1,0,0,87,4,0,0,3,0,0,0,0,0,0,243.0,0,0,21,2,14,6,1,16.67,0,1,1,100.0,4,2,6,7,28,31.11,1,88,64,152,117.1,23,0,259,2,0,0
Alpha Touré,1597191,Metz,1651,france,2526,1394,27,13,6.5,0,1,1,1.06,0.38,11,3,25.0,95,13,48.15,211,321,532,86.08,17,45.95,20,0,0,0,56,0,1,7,4,22,27,0,0,15,20260326,17,84,0,3,26,0,0.0,0,33,29,4,0,0,,62,49.21,0,0,0,86,7,8,0,0,4.0,0,0,0,1,0.0,0,0,0,0,150,3,0,0,0,0,0,0,0,0,0,0.0,0,0,8,8,8,1,12,63.16,0,32,18,56.25,8,24,19,12,79,48.47,27,268,350,618,175.6,16,0,864,18,5,0
Alexis Vossah,2193194,Toulouse,1681,france,2526,765,18,8,6.5,1,1,2,0.56,0.35,6,3,50.0,40,5,27.78,92,121,213,78.02,13,72.22,5,0,0,0,24,1,0,2,2,17,17,0,1,7,20260326,6,33,1,0,14,0,12.5,1,9,8,1,0,1,,19,40.43,0,0,0,60,6,4,0,0,2.0,0,0,0,0,0.0,0,0,0,0,82,2,0,1,1,0,0,0,0,0,0,765.0,0,0,4,4,4,2,3,60.0,0,9,5,55.56,4,15,5,6,32,49.23,18,131,142,273,110.5,8,0,372,7,3,0
Kendry Páez,1464025,RC Strasbourg,1659,france,2526,431,15,4,6.5,1,0,1,0.83,1.03,10,2,11.76,44,2,22.22,78,45,123,77.36,2,33.33,4,0,0,0,11,1,1,2,0,6,13,0,0,9,20260326,15,48,0,1,7,0,10.0,0,3,3,0,1,0,,15,25.42,1,0,0,36,3,6,0,1,0.0,0,0,0,0,0.0,0,0,0,0,82,2,0,0,0,0,0,0,0,0,0,431.0,0,2,4,6,4,4,6,31.58,0,6,4,66.67,6,21,19,17,17,26.15,9,108,51,159,84.5,10,0,267,3,0,0
Noah Nsoki,1937806,Paris Saint-Germain,1644,france,2526,15,1,0,6.5,0,0,0,,0.0,1,0,0.0,2,0,0.0,3,3,6,75.0,0,0.0,0,0,0,0,1,0,0,0,0,0,1,0,0,0,20260326,0,0,0,0,0,0,0.0,0,0,0,0,0,0,,1,100.0,0,0,0,2,0,0,0,0,0.0,0,0,0,0,0.0,0,0,0,0,2,0,0,0,0,0,0,0,0,0,0,0.0,0,0,0,0,0,0,0,0.0,0,1,1,100.0,0,1,0,0,1,100.0,0,4,4,8,6.5,0,0,9,0,0,0
Mathis Jangeal,1937851,Paris Saint-Germain,1644,france,2526,10,1,0,6.5,0,0,0,,0.0,0,0,0.0,2,0,0.0,5,4,9,100.0,0,0.0,0,0,0,0,1,0,0,0,0,1,1,0,0,1,20260326,0,2,0,0,1,0,0.0,0,0,0,0,0,0,,0,0.0,0,0,0,0,0,0,0,0,0.0,0,0,0,0,0.0,0,0,0,0,1,0,0,0,0,0,0,0,0,0,0,0.0,0,0,0,0,0,0,0,0.0,0,0,0,0.0,0,0,0,0,0,0.0,0,5,4,9,6.5,0,0,13,0,0,0
Ugo Raghouber,1170694,Lille,1643,france,2526,10,1,0,6.5,0,0,0,,0.0,0,0,0.0,0,0,0.0,4,0,4,66.67,0,0.0,0,0,0,0,1,0,0,0,0,0,1,0,0,0,20260326,0,1,0,0,0,0,0.0,0,0,0,0,0,0,,0,0.0,0,0,0,2,0,0,0,0,0.0,0,0,0,0,0.0,0,0,0,0,3,0,0,0,0,0,0,0,0,0,0,0.0,0,0,0,0,0,0,0,0.0,0,0,0,0.0,0,0,1,0,0,0.0,0,6,0,6,6.5,0,0,9,0,0,0
Mathis Saka,1884150,Toulouse,1681,france,2526,8,1,0,6.5,0,0,0,,0.0,0,0,0.0,1,0,0.0,2,0,2,40.0,0,0.0,0,0,0,0,0,0,0,0,0,0,1,0,0,0,20260326,0,1,0,0,1,0,0.0,0,0,0,0,0,0,,0,0.0,0,0,0,3,0,0,0,0,0.0,0,0,0,0,0.0,0,0,0,0,3,0,0,0,0,0,0,0,0,0,0,0.0,0,0,0,0,0,0,0,0.0,0,0,0,0.0,0,0,0,0,0,0.0,0,5,0,5,6.5,0,0,6,0,0,0
Mohamed Benoit-Dao,1823080,Paris FC,6070,france,2526,9,1,0,6.5,0,0,0,,0.0,0,0,0.0,0,0,0.0,0,2,2,100.0,0,0.0,0,0,0,0,0,0,0,0,0,0,1,0,0,0,20260326,0,0,0,0,0,0,0.0,0,0,0,0,0,0,,0,0.0,0,0,0,0,0,0,0,0,0.0,0,0,0,0,0.0,0,0,0,0,1,0,0,0,0,0,0,0,0,0,0,0.0,0,0,0,0,0,0,0,0.0,0,0,0,0.0,0,0,0,1,0,0.0,0,0,2,2,6.5,0,0,3,0,0,0
Zoumana Diallo,1214843,Nice,1661,france,2526,9,1,0,6.5,0,0,0,,,0,0,0.0,0,0,0.0,0,0,0,0.0,0,0.0,0,0,0,0,0,0,0,0,0,1,1,0,0,0,20260326,0,2,0,0,2,0,0.0,0,0,0,0,0,0,,1,33.33,0,0,0,1,0,1,0,0,0.0,0,0,0,0,0.0,0,0,0,0,1,0,0,0,0,0,0,0,0,0,0,0.0,0,0,0,0,0,0,0,0.0,0,0,0,0.0,1,0,0,0,1,33.33,0,1,0,1,6.5,0,0,5,1,0,0
Tochukwu Nnadi,1191892,Olympique de Marseille,1641,france,2526,26,3,0,6.5,0,0,0,,0.0,0,0,0.0,1,0,0.0,4,5,9,100.0,0,0.0,0,0,0,0,0,0,0,0,0,0,1,0,0,0,20260326,0,2,0,0,2,0,0.0,0,0,0,0,0,0,,0,0.0,0,0,0,0,1,0,0,0,0.0,0,0,0,0,0.0,0,0,0,0,0,0,0,0,0,0,0,0,0,0,0,0.0,0,0,0,0,0,0,0,0.0,0,0,0,0.0,0,0,0,0,0,0.0,0,4,5,9,6.5,0,0,10,0,0,0
Maxime Dupé,96542,Nice,1661,france,2526,720,8,8,6.5,0,0,0,,0.0,4,0,0.0,1,34,29.31,12,151,163,65.99,2,100.0,0,0,0,0,50,0,0,0,1,7,8,0,0,0,20260326,0,0,1,1,0,0,0.0,61,15,13,2,0,0,-2.15,1,100.0,0,0,0,84,0,1,0,0,0.0,0,0,0,0,0.0,3,0,0,0,85,0,4,0,0,1,12,7,20,0,4,0.0,0,0,0,0,0,0,0,0.0,1,0,0,0.0,1,10,0,0,3,100.0,116,77,170,247,52.0,0,0,312,1,0,0
Giorgi Kvilitaia,300412,Metz,1651,france,2526,125,5,1,6.5,0,0,0,0.11,0.11,0,0,0.0,11,0,0.0,18,8,26,70.27,7,46.67,8,0,0,0,4,1,0,0,0,1,5,0,0,1,20260326,0,12,0,0,3,0,0.0,0,6,5,1,0,0,,4,50.0,0,0,0,11,0,2,0,0,1.0,0,0,0,0,0.0,0,0,0,0,18,0,0,0,0,0,0,0,0,0,0,0.0,0,0,2,1,2,1,0,0.0,0,2,1,50.0,2,0,0,0,11,47.83,1,27,10,37,32.5,3,0,59,2,0,0
Idrissa Gueye,1536811,Metz,1651,france,2526,130,3,1,6.5,0,0,0,0.1,0.0,1,0,0.0,0,0,0.0,2,6,8,50.0,2,25.0,6,0,0,0,0,0,0,1,0,5,3,0,0,1,20260326,1,11,0,0,3,0,0.0,0,5,5,0,0,0,,4,44.44,0,0,0,8,0,0,0,0,0.0,0,0,0,0,0.0,0,0,0,0,15,0,0,0,0,0,0,0,0,0,0,0.0,0,0,2,0,1,0,0,0.0,0,2,2,100.0,0,1,1,0,6,35.29,0,9,7,16,19.5,2,0,37,2,0,0
Darryl Bakola,1823916,Olympique de Marseille,1641,france,2526,90,8,0,6.5,0,0,0,0.08,0.04,1,0,0.0,10,2,50.0,20,17,37,84.09,1,25.0,3,0,0,0,6,0,0,1,0,0,7,0,0,3,20260326,1,11,0,0,4,0,0.0,0,4,3,1,0,0,,7,46.67,0,0,0,7,0,1,0,0,0.0,0,0,0,0,0.0,0,0,0,0,18,1,0,0,0,0,0,0,0,0,0,0.0,0,0,0,3,1,1,1,50.0,0,2,0,0.0,1,2,2,1,8,42.11,4,25,19,44,45.5,3,0,69,4,0,0
Yassir Zabiri,1606013,Stade Rennais,1658,france,2526,33,3,0,6.5,0,0,0,0.08,0.01,0,0,0.0,1,0,0.0,5,2,7,87.5,1,50.0,1,0,0,0,1,0,0,0,0,0,3,0,0,0,20260326,0,4,0,0,3,0,0.0,0,0,0,0,0,0,,3,50.0,0,0,0,1,0,0,0,0,0.0,0,0,0,0,0.0,0,0,0,0,4,0,0,0,0,0,0,0,0,0,0,0.0,0,0,1,0,1,0,2,100.0,0,1,1,100.0,0,0,2,1,4,50.0,0,6,2,8,19.5,1,0,18,0,0,0
Ibrahima Sissoko,829093,Nantes,1647,france,2526,342,6,4,6.5,0,0,0,0.07,0.08,7,0,0.0,26,8,47.06,65,72,137,78.74,10,71.43,4,0,0,0,25,0,0,2,0,7,6,0,0,4,20260326,0,23,0,0,14,0,0.0,2,9,7,2,0,0,,13,40.63,0,0,0,37,5,0,0,0,2.0,0,0,0,0,0.0,0,0,0,0,58,2,0,0,0,0,0,0,0,0,0,0.0,0,0,0,3,1,0,4,66.67,0,6,4,66.67,0,14,6,4,23,50.0,17,89,85,174,39.0,3,0,235,4,3,0
Adrien Rabiot,250737,Olympique de Marseille,1641,france,2526,90,1,1,6.5,0,0,0,0.04,0.51,0,3,33.33,21,0,0.0,29,10,39,95.12,0,0.0,1,0,0,0,2,0,0,0,0,1,1,0,0,0,20260326,0,4,0,0,2,0,0.0,0,1,1,0,0,0,,1,25.0,0,0,1,2,0,4,0,0,0.0,0,0,0,0,0.0,0,0,0,0,9,0,0,0,0,0,0,0,0,0,0,0.0,0,0,0,1,1,0,0,0.0,0,0,0,0.0,4,0,1,9,1,20.0,0,31,10,41,6.5,1,0,59,1,1,0
Yassine Kechta,1000442,Le Havre,1662,france,2526,1138,25,12,6.5,1,1,2,1.45,1.55,10,7,29.17,77,11,42.31,158,131,289,79.4,3,15.79,16,0,0,0,56,4,4,4,0,15,23,0,0,16,20260326,24,101,0,2,33,0,5.88,0,20,20,0,1,0,,48,36.09,0,0,0,75,15,11,0,3,3.0,0,0,0,0,0.0,0,0,0,0,159,8,0,0,1,0,0,0,0,0,0,1138.0,0,0,12,5,6,7,6,28.57,0,27,17,62.96,11,25,21,24,51,33.55,26,216,148,364,149.4,17,0,591,15,4,0
Emersonn,1128844,Toulouse,1681,france,2526,1214,21,15,6.5,4,2,6,6.26,0.66,2,0,0.0,61,4,80.0,114,32,146,74.87,48,43.24,63,0,0,0,25,1,9,9,1,14,21,0,1,12,20260326,12,127,0,0,32,0,8.89,0,11,10,1,4,0,,34,34.69,1,0,1,49,5,13,2,4,1.0,0,0,0,0,0.0,0,0,0,0,133,10,0,1,1,0,0,0,0,0,0,303.5,0,0,36,9,19,17,9,37.5,0,17,8,47.06,13,2,24,8,82,39.23,5,152,43,195,136.4,45,2,425,8,4,0
Dayann Methalie,1894003,Toulouse,1681,france,2526,1473,21,17,6.5,0,0,0,0.55,1.24,7,7,21.21,81,8,36.36,149,129,278,77.65,8,44.44,10,0,0,0,69,1,1,2,1,26,21,0,0,28,20260326,4,119,0,1,42,0,0.0,0,18,16,2,0,0,,75,40.76,0,0,0,80,19,7,0,0,3.0,0,0,0,0,0.0,0,0,0,1,231,6,0,0,0,0,0,0,0,0,0,0.0,0,0,7,4,4,5,24,38.71,0,44,24,54.55,7,21,62,33,83,41.09,22,206,152,358,136.4,11,0,768,8,6,0
Sékou Mara,1047484,Auxerre,1646,france,2526,948,21,11,6.49,0,1,1,1.94,1.02,3,0,0.0,60,7,87.5,91,47,138,73.4,25,36.23,44,0,0,0,20,1,1,9,0,6,19,0,0,16,20260326,3,97,0,0,25,0,0.0,0,15,12,3,0,0,,45,45.92,0,0,0,50,2,6,0,2,0.0,0,0,0,0,0.0,0,0,0,1,116,4,0,0,0,0,0,0,0,0,0,0.0,0,1,16,8,7,8,12,46.15,0,12,6,50.0,6,3,26,0,70,41.92,8,127,61,188,123.4,24,0,372,21,0,0
Mohamed Bamba,1405239,Lorient,1656,france,2526,685,18,7,6.49,1,2,3,2.38,0.97,2,1,33.33,27,4,80.0,46,51,97,75.19,16,37.21,27,0,1,0,19,2,3,2,0,6,18,0,0,4,20260326,2,49,0,0,17,0,7.69,0,16,13,3,1,0,,15,40.54,0,0,1,32,2,6,0,12,0.0,0,0,1,0,0.0,0,0,0,0,66,3,0,0,1,0,0,0,0,0,0,685.0,0,0,8,5,5,6,4,66.67,0,4,2,50.0,6,3,6,3,31,38.75,5,74,55,129,116.9,13,0,225,8,3,0
Tiago Gouveia,976410,Nice,1661,france,2526,532,14,5,6.49,0,0,0,0.85,0.14,7,0,0.0,37,5,41.67,62,74,136,77.27,2,40.0,3,0,0,0,35,1,1,1,1,5,14,0,0,3,20260326,9,37,1,0,6,0,0.0,0,13,10,3,0,0,,24,41.38,0,0,0,40,9,2,0,0,0.0,0,0,0,0,0.0,0,0,0,0,81,4,0,0,0,0,0,0,0,0,0,0.0,0,0,9,3,7,4,7,30.43,0,8,3,37.5,2,12,23,3,26,41.27,12,83,93,176,90.9,12,0,304,9,3,0
Lanroy Machine,2142283,Angers,1684,france,2526,300,15,1,6.49,1,0,1,1.53,0.09,1,0,0.0,18,2,100.0,39,26,65,84.42,8,47.06,9,0,0,0,9,0,2,1,0,2,12,0,0,5,20260326,3,29,0,0,5,0,9.09,0,5,4,1,1,0,,12,37.5,0,0,1,12,0,2,0,4,0.0,0,0,0,0,0.0,0,0,0,0,46,2,0,0,1,0,0,0,0,0,0,300.0,0,0,8,3,7,3,4,36.36,0,6,4,66.67,2,1,11,3,20,40.82,2,46,31,77,77.9,11,0,149,2,0,0
Maxime Colin,128285,Metz,1651,france,2526,1465,19,15,6.49,0,0,0,0.4,0.32,15,3,33.33,97,24,48.98,255,448,703,88.99,9,52.94,8,0,0,0,57,0,1,2,3,41,19,0,0,9,20260326,12,40,0,0,8,0,0.0,0,37,28,9,0,0,,47,59.49,0,0,0,87,21,5,0,0,10.0,0,0,0,0,0.0,0,0,0,0,123,2,0,0,0,0,0,0,0,0,0,0.0,0,0,2,5,3,2,4,50.0,0,37,27,72.97,5,28,8,9,56,58.33,49,309,481,790,123.3,7,0,1095,6,0,0
Darlin Yongwa,998241,Lorient,1656,france,2526,1195,20,13,6.48,0,1,1,0.47,1.38,17,8,28.57,107,23,40.35,211,290,501,82.54,18,42.86,24,0,0,0,55,3,1,5,2,28,20,0,1,17,20260326,13,79,0,0,13,0,0.0,17,20,19,1,0,0,,59,51.75,0,0,0,106,10,13,0,1,1.0,0,0,0,1,0.0,0,0,0,1,187,3,0,1,0,0,0,0,0,0,0,0.0,0,0,4,6,3,2,11,45.83,0,28,19,67.86,13,43,24,28,77,49.36,57,289,318,607,129.6,10,0,871,20,3,0
Roman Yaremchuk,829296,Olympique Lyonnais,1649,france,2526,165,5,1,6.48,0,1,1,0.3,0.16,2,1,100.0,8,1,50.0,13,16,29,74.36,5,83.33,1,0,0,0,4,1,2,0,0,0,5,0,0,3,20260326,0,9,0,0,2,0,0.0,0,3,2,1,0,0,,1,11.11,0,0,0,10,0,2,0,4,0.0,0,0,0,0,0.0,0,0,0,0,22,0,0,0,0,0,0,0,0,0,0,0.0,0,0,3,0,2,1,1,25.0,0,0,0,0.0,2,2,4,1,6,40.0,2,22,17,39,32.4,3,0,59,0,0,0
Timothée Kolodziejczak,41605,Paris FC,6070,france,2526,674,11,7,6.48,0,0,0,0.12,0.1,9,0,0.0,27,18,45.0,115,333,448,90.32,10,38.46,16,0,0,0,30,0,0,0,2,37,10,0,0,0,20260326,3,24,2,0,8,0,0.0,5,14,14,0,0,0,,11,57.89,0,0,0,48,8,2,0,0,3.0,0,0,0,1,0.0,0,0,0,0,49,0,0,0,0,0,0,0,0,0,0,0.0,0,0,1,0,0,1,1,100.0,0,9,5,55.56,2,27,1,0,21,46.67,40,149,347,496,64.8,1,0,574,1,2,0
Salis Abdul Samed,993455,Nice,1661,france,2526,670,14,9,6.48,0,0,0,,0.13,2,0,0.0,41,4,57.14,136,181,317,92.69,5,41.67,7,0,0,0,27,0,0,0,0,4,14,0,0,6,20260326,5,37,0,0,14,0,0.0,0,15,13,2,0,0,,20,40.0,0,0,0,25,9,1,0,0,0.0,0,0,0,0,0.0,0,0,0,0,47,0,0,0,0,0,0,0,0,0,0,0.0,0,0,0,0,0,0,2,28.57,0,11,6,54.55,1,4,7,1,25,40.32,7,152,190,342,90.7,0,0,418,7,3,0
Nicolas Cozza,886286,Nantes,1647,france,2526,1673,22,18,6.48,0,0,0,0.17,0.56,32,2,10.53,80,27,27.27,185,289,474,75.84,17,47.22,19,0,0,0,65,0,0,2,3,72,21,0,0,4,20260326,17,64,0,0,16,0,0.0,1,28,22,6,0,0,,56,55.45,0,0,0,151,12,7,0,0,6.0,0,0,0,0,0.0,0,0,0,0,220,5,0,0,0,0,0,0,0,0,0,0.0,0,0,1,3,2,0,8,47.06,0,30,17,56.67,7,81,17,19,73,53.28,99,286,339,625,136.0,4,0,980,20,1,0
Julien López,826492,Paris FC,6070,france,2526,50,5,0,6.48,0,0,0,,0.09,0,0,0.0,7,0,0.0,11,2,13,86.67,0,0.0,0,0,0,0,2,0,0,0,0,0,4,0,0,1,20260326,0,3,0,0,0,0,0.0,0,1,1,0,0,0,,0,0.0,0,0,0,2,1,0,0,0,0.0,0,0,0,0,0.0,0,0,0,0,6,0,0,0,0,0,0,0,0,0,0,0.0,0,0,0,0,0,0,0,0.0,0,0,0,0.0,0,0,2,1,0,0.0,0,13,2,15,25.9,0,0,21,0,0,0
Florian Sotoca,788921,RC Lens,1648,france,2526,260,20,1,6.48,0,0,0,0.48,0.5,4,0,0.0,37,5,83.33,64,38,102,80.95,6,42.86,8,0,0,0,8,1,0,2,0,2,16,0,0,4,20260326,3,23,0,0,6,0,0.0,0,2,2,0,0,0,,10,40.0,0,0,1,24,3,5,0,0,0.0,0,1,0,0,0.0,0,0,0,0,42,0,0,0,0,0,0,0,0,0,0,0.0,0,0,5,4,7,0,1,25.0,0,3,1,33.33,4,7,4,4,16,41.03,6,84,42,126,103.6,9,0,187,6,2,0
Terry Yegbe,1200442,Metz,1651,france,2526,1532,19,17,6.47,0,1,1,0.65,0.25,39,1,20.0,40,53,41.73,159,628,787,86.96,16,57.14,12,0,0,0,45,1,2,0,4,104,19,0,0,2,20260326,4,35,1,3,16,0,0.0,5,39,33,6,0,0,,22,48.89,0,0,0,118,16,3,0,0,14.0,0,0,0,0,0.0,0,0,0,0,158,1,0,0,0,0,0,0,0,0,0,0.0,0,0,4,0,3,1,1,50.0,0,14,8,57.14,3,81,2,5,38,52.05,127,227,678,905,123.0,4,0,1141,7,3,0
Ismaël Guerti,1928232,Metz,1651,france,2526,35,3,0,6.47,0,0,0,,0.0,0,0,0.0,3,2,50.0,14,5,19,86.36,0,0.0,0,0,0,0,2,0,0,0,0,1,3,0,0,2,20260326,0,3,0,0,0,0,0.0,0,4,4,0,0,0,,3,50.0,0,0,0,3,1,0,0,0,0.0,0,0,0,0,0.0,0,0,0,0,9,0,0,0,0,0,0,0,0,0,0,0.0,0,0,0,0,0,0,1,50.0,0,2,1,50.0,0,1,2,1,3,50.0,4,16,6,22,19.4,0,0,35,0,0,0
Rachid Ghezzal,123228,Olympique Lyonnais,1649,france,2526,148,8,1,6.47,0,0,0,0.09,0.12,0,2,16.67,17,0,0.0,29,28,57,79.17,4,50.0,4,0,0,0,6,0,0,2,0,4,6,0,0,2,20260326,3,13,0,0,4,0,0.0,0,5,5,0,0,0,,6,40.0,0,0,0,15,0,1,0,1,0.0,0,0,0,0,0.0,0,0,0,0,36,1,0,0,0,0,0,0,0,0,0,0.0,0,0,2,1,0,1,1,50.0,0,5,3,60.0,1,3,2,12,10,43.48,4,38,34,72,38.8,3,0,114,1,0,0
Thibault De Smet,844744,Paris FC,6070,france,2526,1059,16,12,6.46,0,1,1,0.19,0.44,19,4,16.67,76,17,34.69,191,250,441,84.48,12,66.67,6,0,0,0,43,1,0,1,2,46,16,0,0,3,20260326,10,32,0,1,11,0,0.0,0,21,19,2,0,0,,38,59.38,0,0,1,81,8,5,0,1,2.0,0,0,0,0,0.0,0,0,0,0,120,3,0,2,0,0,0,0,0,0,0,0.0,0,0,1,3,3,0,3,60.0,0,22,11,50.0,5,41,5,24,50,60.98,49,233,289,522,103.4,4,0,771,13,3,2
Arthur Vermeeren,1149127,Olympique de Marseille,1641,france,2526,628,14,8,6.46,0,1,1,0.05,0.31,12,0,0.0,108,7,58.33,229,205,434,88.93,3,42.86,4,0,0,0,43,0,0,1,1,7,13,0,1,3,20260326,12,33,0,2,12,0,0.0,0,10,10,0,0,0,,24,45.28,0,0,0,54,7,7,0,0,1.0,0,0,0,0,0.0,0,0,0,0,73,3,0,1,0,0,0,0,0,0,0,0.0,0,0,0,2,1,0,4,66.67,0,19,8,42.11,7,17,6,3,27,45.0,12,264,224,488,84.0,2,0,580,1,1,0
Samir Sophian Chergui,981168,Paris FC,6070,france,2526,974,12,11,6.46,1,0,1,1.56,0.35,2,2,33.33,53,11,47.83,142,300,442,89.47,18,50.0,18,0,0,0,35,0,1,6,1,29,12,0,0,2,20260326,2,34,0,0,12,0,9.09,1,21,18,3,1,0,,23,58.97,0,0,1,52,6,2,0,1,4.0,0,0,0,0,0.0,0,0,0,0,77,0,0,0,1,0,0,0,0,0,0,974.0,0,0,10,1,2,3,3,60.0,0,16,8,50.0,2,9,5,6,41,54.67,23,173,321,494,77.5,11,1,664,4,1,0
Tylel Tati,2193204,Nantes,1647,france,2526,1685,19,19,6.46,0,0,0,0.27,0.17,21,1,100.0,41,31,33.7,171,633,804,87.87,13,48.15,14,0,0,0,54,0,1,3,2,77,19,0,0,2,20260326,4,41,1,2,22,0,0.0,9,37,31,6,0,0,,41,60.29,0,0,0,111,17,1,0,0,15.0,0,0,0,2,0.0,0,0,0,0,122,0,0,0,0,0,0,0,0,0,0,0.0,0,0,2,1,0,0,8,72.73,0,19,12,63.16,1,55,11,1,54,56.84,92,246,669,915,122.7,3,0,1118,15,5,0
Damián Pizarro,1177565,Le Havre,1662,france,2526,26,2,0,6.45,0,0,0,,0.0,0,0,0.0,0,0,0.0,1,1,2,66.67,0,0.0,2,0,0,0,3,0,0,0,0,0,2,0,0,0,20260326,0,3,0,0,1,0,0.0,0,0,0,0,0,0,,1,50.0,0,0,0,1,0,0,0,1,0.0,0,0,0,0,0.0,0,0,0,0,2,0,0,0,0,0,0,0,0,0,0,0.0,0,0,0,0,0,0,0,0.0,0,0,0,0.0,0,1,0,0,1,25.0,0,2,1,3,12.9,0,0,5,1,0,0
Raphaël Le Guen,1894085,Stade Brestois,1715,france,2526,20,2,0,6.45,0,0,0,,0.0,0,0,0.0,0,0,0.0,2,3,5,83.33,0,0.0,0,0,0,0,1,0,0,0,0,0,2,0,0,0,20260326,0,0,0,0,0,0,0.0,0,1,1,0,0,0,,0,0.0,0,0,0,1,1,0,0,0,0.0,0,0,0,0,0.0,0,0,0,0,2,0,0,0,0,0,0,0,0,0,0,0.0,0,0,0,0,0,0,0,0.0,0,0,0,0.0,0,0,0,0,0,0.0,0,3,3,6,12.9,0,0,10,0,0,0
Marius Louer,1862843,Angers,1684,france,2526,121,4,1,6.45,0,0,0,,0.1,1,2,50.0,9,2,40.0,14,36,50,81.97,1,50.0,1,0,0,0,7,0,0,0,0,5,4,0,0,1,20260326,0,2,0,0,0,0,0.0,0,6,5,1,0,0,,5,83.33,0,0,0,11,0,2,0,0,0.0,0,0,0,0,0.0,0,0,0,0,17,1,0,0,0,0,0,0,0,0,0,0.0,0,0,0,0,0,0,0,0.0,0,3,3,100.0,2,4,0,4,6,75.0,5,20,41,61,25.8,0,0,96,2,0,0
Abdoulaye Faye,1529051,Lorient,1656,france,2526,844,10,9,6.45,0,0,0,0.48,0.12,6,0,0.0,44,22,36.07,144,306,450,87.04,20,62.5,12,0,0,0,29,0,1,1,0,50,10,0,0,3,20260326,3,35,1,0,19,0,0.0,27,21,18,3,0,0,,33,58.93,0,0,0,67,19,0,0,0,4.0,0,0,0,1,0.0,0,0,0,0,77,0,0,0,0,0,0,0,0,0,0,0.0,0,0,6,0,4,1,5,71.43,0,18,11,61.11,0,29,7,1,53,60.23,61,181,336,517,64.5,6,0,669,10,7,0
Bahmed Deuff,1562126,Nantes,1647,france,2526,228,10,1,6.44,0,0,0,0.19,0.17,1,1,100.0,8,1,25.0,29,15,44,80.0,7,50.0,7,0,0,0,12,0,0,0,0,6,10,0,0,5,20260326,1,23,0,0,6,0,0.0,0,12,9,3,0,0,,9,36.0,0,0,0,11,2,1,0,0,3.0,0,0,0,0,0.0,0,0,0,0,29,1,0,0,0,0,0,0,0,0,0,0.0,0,0,2,4,4,2,2,33.33,0,4,2,50.0,1,2,6,1,16,41.03,4,38,17,55,64.4,6,0,116,3,1,0
Ryan Rodin,1927696,Auxerre,1646,france,2526,34,3,0,6.43,0,0,0,,0.0,0,0,0.0,2,0,0.0,3,1,4,100.0,0,0.0,0,0,0,0,0,0,0,0,0,0,3,0,0,3,20260326,0,3,0,0,0,0,0.0,0,1,0,1,0,0,,0,0.0,0,0,0,0,0,0,0,0,0.0,0,0,0,0,0.0,0,0,0,0,4,0,0,0,0,0,0,0,0,0,0,0.0,0,0,0,0,0,0,0,0.0,0,0,0,0.0,0,0,0,0,0,0.0,0,3,1,4,19.3,0,0,9,0,0,0
Telli Siwe,1897492,Auxerre,1646,france,2526,225,3,3,6.43,0,0,0,0.02,0.02,1,0,0.0,7,3,50.0,23,33,56,84.85,1,20.0,4,0,0,0,5,0,0,0,1,6,3,0,0,2,20260326,0,10,0,0,2,0,0.0,0,3,3,0,0,0,,5,45.45,0,0,0,10,4,1,0,0,1.0,0,0,0,1,0.0,0,0,0,0,17,0,0,0,0,0,0,0,0,0,0,0.0,0,0,1,0,1,0,1,25.0,0,4,3,75.0,1,3,4,0,6,37.5,6,28,38,66,19.3,1,0,100,0,0,0
Elias Legendre Quiñonez,2111258,Stade Rennais,1658,france,2526,41,6,0,6.43,0,0,0,0.15,0.33,0,0,0.0,6,0,0.0,11,4,15,83.33,1,50.0,1,0,0,0,1,0,1,0,0,0,4,0,0,0,20260326,2,9,0,0,1,0,0.0,0,3,1,2,0,0,,4,33.33,0,0,0,3,1,2,0,0,0.0,0,0,0,0,0.0,0,0,0,0,13,0,0,0,0,0,0,0,0,0,0,0.0,0,0,1,0,1,0,1,16.67,0,2,0,0.0,2,0,6,2,5,35.71,0,13,5,18,25.7,1,0,37,1,0,0
Obed Nkambadio,1015872,Paris FC,6070,france,2526,990,11,11,6.42,0,0,0,,0.01,8,0,0.0,4,48,35.29,24,325,349,79.86,1,100.0,0,0,0,0,88,0,0,0,1,11,11,0,0,0,20260326,1,1,2,0,0,0,0.0,71,20,17,3,0,0,-4.96,1,50.0,0,4,0,88,0,1,0,0,0.0,0,0,0,0,0.0,4,0,1,0,89,0,4,0,0,8,15,8,23,1,7,0.0,0,0,0,0,0,0,0,0.0,7,0,0,0.0,1,19,0,0,2,66.67,136,85,352,437,70.6,0,0,529,0,0,0
Pathé Mboup,1410231,Stade Brestois,1715,france,2526,931,22,8,6.4,1,0,1,2.69,0.68,2,1,20.0,53,4,50.0,94,56,150,77.72,10,31.25,22,0,0,0,62,1,5,2,0,5,20,0,0,28,20260326,15,125,0,1,31,0,5.26,0,15,13,2,1,0,,52,33.55,0,0,0,43,11,7,0,5,1.0,0,0,0,0,0.0,0,0,0,0,167,11,0,0,1,0,0,0,0,0,0,931.0,0,0,16,3,8,9,20,36.36,0,16,13,81.25,7,5,55,5,62,33.16,8,126,67,193,128.0,19,1,451,16,6,0
Joseph N'Duquidi,1392812,Metz,1651,france,2526,14,1,0,6.4,0,0,0,,0.0,0,0,0.0,1,0,0.0,1,1,2,66.67,0,0.0,0,0,0,0,0,0,0,0,0,0,1,0,0,0,20260326,0,0,0,0,0,0,0.0,0,1,1,0,0,0,,0,0.0,0,0,0,1,0,0,0,0,0.0,0,0,0,0,0.0,0,0,0,0,2,0,0,0,0,0,0,0,0,0,0,0.0,0,0,0,0,0,0,0,0.0,0,0,0,0.0,0,1,0,1,0,0.0,1,2,1,3,6.4,0,0,4,0,0,0
Axel Camblan,1135605,Stade Brestois,1715,france,2526,11,1,0,6.4,0,0,0,,0.02,0,0,0.0,3,0,0.0,3,0,3,100.0,0,0.0,1,0,0,0,0,0,0,0,0,0,1,0,0,0,20260326,0,1,0,0,0,0,0.0,0,0,0,0,0,0,,0,0.0,0,0,0,0,0,1,0,0,0.0,0,0,0,0,0.0,0,0,0,0,1,0,0,0,0,0,0,0,0,0,0,0.0,0,0,0,0,0,0,0,0.0,0,0,0,0.0,1,0,0,0,0,0.0,0,3,0,3,6.4,0,0,5,0,0,0
Daniel Semedo,2430329,Lorient,1656,france,2526,10,1,0,6.4,0,0,0,,0.0,0,0,0.0,1,0,0.0,1,1,2,100.0,0,0.0,1,0,0,0,1,0,0,0,0,0,1,0,0,0,20260326,1,3,0,0,2,0,0.0,0,0,0,0,0,0,,0,0.0,0,0,0,0,1,0,0,0,0.0,0,0,0,0,0.0,0,0,0,0,0,0,0,0,0,0,0,0,0,0,0,0.0,0,0,0,0,0,0,0,0.0,0,0,0,0.0,0,0,0,0,0,0.0,0,1,1,2,6.4,0,0,3,0,0,0
Pol Lirola,844480,Olympique de Marseille,1641,france,2526,42,3,0,6.4,0,0,0,,0.15,0,0,0.0,4,0,0.0,7,3,10,83.33,3,42.86,4,0,0,0,2,0,0,0,0,0,3,0,0,0,20260326,0,7,0,0,1,0,0.0,0,2,2,0,0,0,,2,40.0,0,0,0,2,1,1,0,0,0.0,0,0,0,0,0.0,0,0,0,0,10,1,0,0,0,0,0,0,0,0,0,0.0,0,0,0,0,0,0,0,0.0,0,0,0,0.0,1,0,2,2,5,41.67,0,8,4,12,19.2,0,0,28,2,0,0
Goduine Koyalipou,891505,Angers,1684,france,2526,486,7,6,6.4,0,0,0,1.46,0.12,3,0,0.0,18,2,50.0,27,36,63,69.23,11,37.93,18,0,0,0,19,0,2,2,0,4,7,0,0,11,20260326,0,39,0,0,4,0,0.0,0,5,4,1,0,0,,11,34.38,0,0,0,28,2,3,0,3,0.0,0,0,0,0,0.0,0,0,0,0,63,4,0,0,0,0,0,0,0,0,0,0.0,0,0,13,2,8,5,5,41.67,0,3,2,66.67,3,5,12,1,22,36.07,4,47,44,91,44.8,15,0,171,3,0,0
Dan Sinaté,1493480,Angers,1684,france,2526,30,2,0,6.4,0,0,0,0.12,0.01,1,0,0.0,5,1,100.0,10,4,14,87.5,0,0.0,1,0,0,0,1,0,0,0,0,0,2,0,0,0,20260326,1,3,0,0,0,0,0.0,0,2,1,1,0,0,,2,50.0,0,0,0,2,0,0,0,0,0.0,0,0,0,0,0.0,0,0,0,0,5,0,0,0,0,0,0,0,0,0,0,0.0,0,0,1,0,1,0,2,66.67,0,0,0,0.0,0,1,3,1,2,40.0,1,11,5,16,12.8,1,0,24,0,0,0
Eliesse Ben Seghir,1394353,AS Monaco,1653,france,2526,43,2,0,6.4,0,0,0,0.06,0.02,0,0,0.0,2,1,33.33,9,10,19,76.0,0,0.0,0,0,0,0,2,0,0,0,0,0,2,0,0,1,20260326,1,3,0,1,1,0,0.0,0,2,2,0,0,0,,4,57.14,0,0,0,6,0,0,0,0,0.0,0,0,0,0,0.0,0,0,0,0,9,0,0,0,0,0,0,0,0,0,0,0.0,0,0,0,1,1,0,1,100.0,0,2,0,0.0,0,2,1,1,4,57.14,3,15,10,25,12.8,1,0,34,1,0,0
Saël Kumbedi,1155226,Olympique Lyonnais,1649,france,2526,66,1,1,6.4,0,0,0,0.01,0.0,0,0,0.0,1,0,0.0,3,4,7,53.85,1,100.0,0,0,0,0,0,0,0,0,0,2,1,0,0,1,20260326,1,7,0,0,4,0,0.0,0,0,0,0,0,0,,3,30.0,0,0,0,6,1,0,0,0,0.0,0,0,0,0,0.0,0,0,0,0,11,0,0,0,0,0,0,0,0,0,0,0.0,0,0,1,0,1,0,0,0.0,0,1,0,0.0,0,1,1,1,4,36.36,1,5,8,13,6.4,1,0,28,2,1,0
Fabian Rieder,929620,Stade Rennais,1658,france,2526,139,3,2,6.4,0,0,0,0.01,0.02,3,0,0.0,9,0,0.0,16,12,28,82.35,1,25.0,3,0,0,0,6,1,0,0,0,2,3,0,0,2,20260326,5,13,0,0,2,0,0.0,0,2,2,0,0,0,,4,28.57,0,0,0,6,2,2,0,0,1.0,0,0,0,0,0.0,0,0,0,0,14,1,0,0,0,0,0,0,0,0,0,0.0,0,0,0,1,1,0,0,0.0,0,3,2,66.67,2,3,1,1,5,27.78,1,20,14,34,19.2,1,0,60,1,0,0
Kevin Carlos Omoruyi,1035619,Nice,1661,france,2526,829,18,9,6.39,0,0,0,1.7,0.15,3,1,33.33,24,2,66.67,48,54,102,68.92,25,45.45,30,0,0,0,14,0,8,8,1,5,17,0,0,13,20260326,2,73,0,0,27,0,0.0,0,16,12,4,0,0,,17,28.33,0,0,0,46,1,1,0,5,1.0,0,0,0,0,0.0,0,0,0,1,92,2,0,0,0,0,0,0,0,0,0,0.0,0,0,17,3,5,7,2,28.57,0,2,1,50.0,1,5,7,3,42,36.52,3,84,64,148,108.7,20,0,254,14,3,0
Mbwana Ally Samatta,825088,Le Havre,1662,france,2526,1018,20,11,6.39,0,1,1,2.74,0.87,8,1,16.67,54,7,58.33,96,32,128,70.72,31,40.79,45,0,0,0,25,2,8,4,0,4,20,0,0,18,20260326,8,104,0,0,24,0,0.0,0,13,13,0,0,0,,27,31.4,0,0,3,53,3,14,0,5,0.0,0,0,0,0,0.0,0,0,0,0,124,8,0,0,0,0,0,0,0,0,0,0.0,0,0,27,4,17,10,6,37.5,0,8,4,50.0,14,15,16,6,58,35.8,12,139,42,181,127.8,31,0,349,13,4,0
David Datro Fofana,1090458,RC Strasbourg,1659,france,2526,135,4,2,6.38,0,0,0,0.43,0.02,0,0,0.0,6,0,0.0,17,7,24,85.71,1,33.33,2,0,0,0,3,0,2,0,0,2,4,0,0,4,20260326,0,11,0,0,3,0,0.0,0,1,1,0,0,0,,4,30.77,0,0,0,4,1,1,0,1,0.0,0,0,0,0,0.0,0,0,0,0,14,0,0,0,0,0,0,0,0,0,0,0.0,0,0,2,0,2,0,1,33.33,0,2,1,50.0,1,0,3,0,5,31.25,0,20,8,28,25.5,2,0,51,1,0,0
Jacen Russell-Rowe,1002267,Toulouse,1681,france,2526,219,7,2,6.37,0,0,0,0.44,0.19,0,0,0.0,18,0,0.0,26,8,34,66.67,4,33.33,8,0,0,0,3,0,2,1,0,0,7,0,0,1,20260326,2,16,0,0,6,0,0.0,0,3,2,1,0,0,,4,33.33,0,0,0,17,1,5,0,0,1.0,0,0,0,0,0.0,0,0,0,0,31,2,0,0,0,0,0,0,0,0,0,0.0,0,0,5,1,4,1,0,0.0,0,3,2,66.67,5,0,0,3,8,33.33,0,40,11,51,44.6,6,0,80,1,0,0
Uroš Radaković,151900,Nantes,1647,france,2526,35,4,0,6.37,0,0,0,,0.0,0,0,0.0,1,0,0.0,2,2,4,40.0,2,50.0,2,0,0,0,0,0,0,0,0,2,3,0,0,0,20260326,0,3,0,0,1,0,0.0,0,2,1,1,0,0,,0,0.0,0,0,0,6,0,0,0,0,0.0,0,0,0,0,0.0,0,0,0,0,7,0,0,0,0,0,0,0,0,0,0,0.0,0,0,0,0,0,0,0,0.0,0,0,0,0.0,0,0,0,0,2,40.0,2,6,4,10,19.1,0,0,13,0,0,0
Daouda Guindo,1135887,Stade Brestois,1715,france,2526,1283,20,14,6.35,0,0,0,1.1,0.35,16,5,21.74,58,18,40.91,164,220,384,78.53,7,58.33,5,0,0,0,42,1,1,4,4,31,20,0,1,2,20260326,10,45,0,0,23,0,0.0,0,20,17,3,0,0,,46,53.49,0,0,1,105,20,4,0,1,5.0,0,0,0,1,0.0,0,0,0,0,146,4,0,1,0,0,0,0,0,0,0,0.0,0,4,5,12,9,4,2,28.57,0,32,24,75.0,4,41,7,23,53,54.08,44,232,257,489,127.0,17,0,781,12,3,0
Joel Asoro,825901,Metz,1651,france,2526,233,8,2,6.34,0,0,0,0.72,0.19,0,1,100.0,7,1,20.0,14,7,21,56.76,3,20.0,12,0,0,0,3,0,1,1,0,1,7,0,0,1,20260326,1,19,0,0,2,0,0.0,0,6,5,1,0,0,,2,22.22,0,0,0,16,0,1,0,2,0.0,0,0,0,0,0.0,0,0,0,0,25,1,0,0,0,0,0,0,0,0,0,0.0,0,0,4,0,2,1,1,25.0,0,0,0,0.0,1,3,4,1,5,20.83,5,25,12,37,44.4,4,0,60,1,0,0
Lucas Michal,1154647,Metz,1651,france,2526,241,7,2,6.34,0,0,0,0.26,0.06,0,0,0.0,24,0,0.0,43,27,70,85.37,5,38.46,8,0,0,0,9,0,0,0,0,2,7,0,0,7,20260326,1,23,0,0,5,0,0.0,0,6,5,1,0,0,,6,28.57,0,0,0,12,0,1,0,1,0.0,0,0,0,0,0.0,0,0,0,0,35,1,0,0,0,0,0,0,0,0,0,0.0,0,0,3,1,2,2,3,50.0,0,0,0,0.0,1,0,6,4,11,32.35,0,53,29,82,44.4,4,0,134,3,1,0
Emmanuel Biumla,1442036,Angers,1684,france,2526,232,5,2,6.34,0,0,0,,0.01,1,0,0.0,2,3,37.5,19,97,116,88.55,3,42.86,4,0,0,0,13,0,0,0,0,12,5,0,0,1,20260326,2,9,1,1,2,0,0.0,0,6,6,0,0,0,,9,64.29,0,0,0,15,3,0,0,0,0.0,0,0,0,0,0.0,0,0,0,0,24,0,0,0,0,0,0,0,0,0,0,0.0,0,0,0,0,0,0,0,0.0,0,5,3,60.0,0,5,0,0,12,57.14,8,23,108,131,31.7,0,0,172,4,0,0
Paris Brunner,1403216,AS Monaco,1653,france,2526,113,6,1,6.34,0,0,0,0.13,0.03,1,0,0.0,5,1,50.0,12,2,14,63.64,2,100.0,0,0,0,0,4,0,0,1,0,0,5,0,0,2,20260326,3,16,0,0,8,0,0.0,0,2,2,0,0,0,,4,20.0,0,0,0,8,1,0,0,1,0.0,0,0,0,0,0.0,0,0,0,0,21,1,0,0,0,0,0,0,0,0,0,0.0,0,0,2,0,1,0,1,25.0,0,2,2,100.0,0,1,4,1,6,27.27,2,18,4,22,31.7,2,0,46,1,1,0
Enzo Molebe,1861678,Olympique Lyonnais,1649,france,2526,9,1,0,6.3,0,0,0,,0.0,0,0,0.0,1,0,0.0,1,2,3,60.0,0,0.0,1,0,0,0,0,0,0,0,0,0,1,0,0,0,20260326,0,1,0,0,0,0,0.0,0,0,0,0,0,0,,0,0.0,0,0,0,2,0,0,0,0,0.0,0,0,0,0,0.0,0,0,0,0,2,0,0,0,0,0,0,0,0,0,0,0.0,0,0,0,0,0,0,0,0.0,0,0,0,0.0,0,0,0,0,0,0.0,0,3,2,5,6.3,0,0,5,0,0,0
Jonathan Rowe,1065261,Olympique de Marseille,1641,france,2526,63,1,1,6.3,0,0,0,0.24,0.03,0,0,0.0,10,0,0.0,17,2,19,79.17,0,0.0,2,0,0,0,0,0,1,1,0,0,1,0,0,0,20260326,1,5,0,0,2,0,0.0,0,0,0,0,0,0,,2,40.0,0,0,0,5,1,0,0,0,0.0,0,0,0,0,0.0,0,0,0,0,14,0,0,0,0,0,0,0,0,0,0,0.0,0,0,4,1,4,0,0,0.0,0,0,0,0.0,0,1,1,4,2,28.57,1,21,3,24,6.3,5,0,46,2,0,0
Rabby Nzingoula,1492676,RC Strasbourg,1659,france,2526,62,4,0,6.28,0,0,0,0.03,0.01,0,0,0.0,2,0,0.0,6,10,16,80.0,0,0.0,0,0,0,0,0,0,0,1,0,1,4,0,1,2,20260326,1,8,0,0,3,0,0.0,0,1,1,0,0,0,,5,38.46,0,0,0,4,1,1,0,0,0.0,0,0,0,0,0.0,0,0,0,0,12,0,0,1,0,0,0,0,0,0,0,0.0,0,0,0,1,0,0,1,33.33,0,2,1,50.0,1,0,3,1,5,38.46,0,10,10,20,25.1,1,0,39,2,0,0
Pierre-Yves Hamel,857471,Paris FC,6070,france,2526,79,2,1,6.25,0,0,0,,0.01,0,0,0.0,3,0,0.0,3,3,6,66.67,2,40.0,3,0,0,0,2,0,0,0,0,0,2,0,0,0,20260326,1,6,0,0,2,0,0.0,0,2,2,0,0,0,,0,0.0,0,0,0,3,1,0,0,0,1.0,0,0,0,0,0.0,0,0,0,0,3,1,0,0,0,0,0,0,0,0,0,0.0,0,0,0,0,0,0,0,0.0,0,0,0,0.0,0,0,0,0,2,25.0,0,6,3,9,12.5,0,0,12,0,0,0
Ulisses Garcia,558320,Olympique de Marseille,1641,france,2526,211,4,2,6.25,0,0,0,0.08,0.02,0,0,0.0,14,0,0.0,32,45,77,91.67,1,25.0,3,0,0,0,1,0,0,0,0,6,4,0,1,0,20260326,2,10,0,0,4,0,0.0,0,4,4,0,0,0,,6,46.15,0,0,0,7,0,1,0,0,2.0,0,0,0,0,0.0,0,0,0,0,14,0,0,1,0,0,0,0,0,0,0,0.0,0,0,0,2,1,1,1,33.33,0,3,2,66.67,1,2,3,1,7,41.18,1,38,46,84,25.0,2,0,125,2,1,0
Bouna Sarr,158233,Metz,1651,france,2526,334,5,4,6.22,0,0,0,0.33,0.07,4,2,16.67,25,3,42.86,52,61,113,88.28,4,50.0,4,0,0,0,16,0,1,2,1,5,5,0,0,6,20260326,0,30,1,0,5,0,0.0,0,7,5,2,0,0,,18,40.91,0,0,0,15,2,2,0,1,2.0,0,0,0,0,0.0,0,0,0,0,58,1,0,0,0,0,0,0,0,0,0,0.0,0,0,3,2,2,1,3,15.79,0,7,3,42.86,2,5,19,12,22,42.31,7,60,68,128,31.1,5,0,226,8,0,0
Vincent Burlet,1149293,Lille,1643,france,2526,18,1,0,6.2,0,0,0,,0.13,0,1,100.0,6,0,0.0,9,4,13,92.86,0,0.0,0,0,0,0,0,1,0,0,0,0,1,0,0,0,20260326,2,3,0,0,0,0,0.0,0,1,1,0,0,0,,0,0.0,0,0,0,1,0,1,0,0,0.0,0,0,0,0,0.0,0,0,0,0,2,0,0,0,0,0,0,0,0,0,0,0.0,0,0,0,0,0,0,0,0.0,0,0,0,0.0,1,0,1,1,0,0.0,0,10,4,14,6.2,0,0,18,0,0,0
Mathieu Acapandié,1405926,Nantes,1647,france,2526,12,1,0,6.2,0,0,0,,0.0,1,0,0.0,0,0,0.0,1,2,3,60.0,0,0.0,0,0,0,0,0,0,0,0,0,0,1,0,0,0,20260326,0,0,0,0,0,0,0.0,0,1,0,1,0,0,,0,0.0,0,0,0,2,0,0,0,0,0.0,0,0,0,0,0.0,0,0,0,0,4,0,0,0,0,0,0,0,0,0,0,0.0,0,0,0,0,0,0,0,0.0,0,0,0,0.0,0,1,0,1,0,0.0,1,3,2,5,6.2,0,0,7,0,0,0
Kjetil Haug,792318,Toulouse,1681,france,2526,30,1,0,6.2,0,0,0,,0.0,0,0,0.0,0,1,16.67,1,5,6,54.55,0,0.0,0,0,0,0,5,0,0,0,0,0,1,0,0,0,20260326,0,0,0,0,0,0,0.0,4,1,1,0,0,0,-0.45,0,0.0,0,0,0,5,0,0,0,0,0.0,0,0,0,0,0.0,0,0,0,0,5,0,0,0,0,0,0,1,1,0,0,0.0,0,0,0,0,0,0,0,0.0,0,0,0,0.0,0,0,0,0,0,0.0,6,5,6,11,6.2,0,0,15,0,0,0
Youssouf Ndayishimiye,985934,Nice,1661,france,2526,72,2,1,6.2,0,0,0,,0.0,0,0,0.0,1,1,100.0,7,7,14,73.68,1,100.0,0,0,0,0,0,0,0,0,0,4,2,0,1,1,20260326,0,3,0,0,2,0,0.0,0,2,2,0,0,0,,0,0.0,0,0,0,5,2,0,0,0,1.0,0,0,0,0,0.0,0,0,0,0,6,0,0,1,0,0,0,0,0,0,0,0.0,0,0,0,0,0,0,0,0.0,0,0,0,0.0,0,0,0,0,1,25.0,1,10,9,19,12.4,0,0,30,0,0,0
Bingourou Kamara,583312,Lorient,1656,france,2526,270,3,3,6.2,0,0,0,,0.0,1,0,0.0,5,12,50.0,7,46,53,79.1,0,0.0,0,0,0,0,17,0,0,0,1,2,3,0,0,0,20260326,0,0,0,0,0,0,0.0,9,8,6,2,0,0,-2.88,1,100.0,0,0,0,14,0,0,0,0,0.0,0,0,0,0,0.0,1,0,0,0,14,0,0,0,0,2,5,2,8,0,1,0.0,0,0,0,0,0,0,0,0.0,2,0,0,0.0,0,4,0,0,1,100.0,24,14,53,67,18.6,0,0,87,1,0,0
Hans Hateboer,356352,Olympique Lyonnais,1649,france,2526,698,14,8,6.19,0,0,0,0.64,0.21,5,4,20.0,60,10,38.46,152,141,293,87.2,8,53.33,7,0,0,0,18,0,1,1,1,20,12,0,1,1,20260326,6,24,1,2,10,0,0.0,0,8,6,2,0,0,,14,45.16,0,0,0,43,7,1,0,1,1.0,0,0,0,1,0.0,0,0,0,0,85,1,0,1,0,0,0,0,0,0,0,0.0,0,0,5,1,4,1,0,0.0,0,11,8,72.73,1,10,1,20,22,47.83,26,178,158,336,74.3,6,0,482,3,0,0
Ousmane Touré,1513466,Lille,1643,france,2526,52,1,1,6.1,0,0,0,,0.0,1,0,0.0,1,1,100.0,6,12,18,85.71,2,66.67,1,0,0,0,2,0,0,0,0,5,1,0,0,1,20260326,0,4,0,0,0,0,0.0,0,2,2,0,0,0,,1,25.0,0,0,0,3,2,0,0,0,,0,0,0,0,0.0,0,0,0,0,10,0,0,0,0,0,0,0,0,0,0,0.0,0,0,0,0,0,0,0,0.0,0,1,0,0.0,0,1,2,0,3,42.86,1,7,14,21,6.1,0,0,44,0,0,0
Patrik Carlgren,156236,Nantes,1647,france,2526,98,2,1,6.1,0,0,0,,0.0,2,0,0.0,0,5,21.74,2,10,12,40.0,1,100.0,0,0,0,0,12,0,0,0,0,4,2,0,0,0,20260326,0,0,0,0,0,0,0.0,9,2,1,1,0,0,-1.28,0,0.0,0,1,0,18,0,0,0,0,0.0,0,0,0,0,0.0,0,0,0,0,18,0,4,0,0,1,2,1,3,0,1,0.0,0,0,0,0,0,0,0,0.0,1,0,0,0.0,0,8,0,0,1,100.0,23,18,12,30,12.2,0,0,47,0,0,0
Everton Pereira,1551242,Nice,1661,france,2526,137,3,2,6.1,0,0,0,0.16,0.12,3,0,0.0,5,1,25.0,18,35,53,81.54,3,42.86,4,0,0,0,4,0,0,2,0,5,2,0,0,0,20260326,2,10,0,1,4,0,0.0,0,4,4,0,0,0,,0,0.0,0,0,0,12,3,0,0,0,0.0,0,0,0,0,0.0,0,0,0,0,16,0,0,0,0,0,0,0,0,0,0,0.0,0,0,2,0,0,0,0,0.0,0,0,0,0.0,0,5,0,0,3,23.08,4,26,39,65,12.2,2,0,82,0,0,0
Justin Bourgault,1891025,Stade Brestois,1715,france,2526,15,1,0,6.1,0,0,0,0.04,0.0,1,0,0.0,1,1,100.0,2,2,4,100.0,1,33.33,2,0,0,0,0,0,0,0,0,1,1,0,0,0,20260326,0,2,0,0,0,0,0.0,0,2,2,0,0,0,,1,100.0,0,0,0,0,1,0,0,0,0.0,0,0,0,0,0.0,0,0,0,0,0,0,0,0,0,0,0,0,0,0,0,0.0,0,0,0,1,1,0,1,100.0,0,0,0,0.0,0,1,1,0,2,50.0,1,2,2,4,6.1,1,0,11,0,0,0
Abakar Sylla,1170197,Nantes,1647,france,2526,65,3,1,6.05,0,0,0,0.28,0.01,0,0,0.0,5,0,0.0,16,25,41,85.42,5,83.33,1,0,0,0,2,0,1,0,0,2,2,0,0,2,20260326,0,5,1,0,2,0,0.0,0,3,3,0,0,0,,0,0.0,0,0,0,7,0,0,0,0,0.0,0,0,0,0,0.0,0,0,0,0,11,0,0,0,0,0,0,0,0,0,0,0.0,0,0,2,0,2,0,0,0.0,0,0,0,0.0,0,1,0,0,5,50.0,1,20,28,48,12.1,2,0,59,0,0,0
Mathys Silistrie,1513605,Stade Rennais,1658,france,2526,90,1,1,5.7,0,0,0,,0.0,0,0,0.0,0,5,71.43,1,27,28,87.5,0,0.0,0,0,0,0,12,0,0,0,0,0,1,0,0,0,20260326,0,0,0,0,0,0,0.0,9,3,2,1,0,0,-1.68,0,0.0,0,1,0,4,0,0,0,0,0.0,0,0,0,0,0.0,0,0,0,0,4,0,0,0,0,0,0,0,0,0,0,0.0,0,0,0,0,0,0,0,0.0,0,0,0,0.0,0,0,0,0,0,0.0,7,2,30,32,5.7,0,0,39,0,0,0
Cléo Mélières,1928235,Metz,1651,france,2526,30,2,0,5.6,0,0,0,,0.02,0,1,33.33,5,0,0.0,8,3,11,91.67,0,0.0,0,0,0,0,1,0,0,0,0,2,1,0,0,0,20260326,0,1,0,0,1,0,0.0,0,3,3,0,0,0,,0,0.0,0,0,0,1,0,0,0,0,0.0,0,0,0,0,0.0,0,0,0,0,4,0,0,0,0,0,0,0,0,0,0,0.0,0,0,0,0,0,0,0,0.0,0,0,0,0.0,0,0,0,3,0,0.0,0,8,4,12,5.6,0,0,20,0,1,0
Christopher Wooh,930231,Stade Rennais,1658,france,2526,64,2,1,5.0,0,0,0,,0.0,0,0,0.0,3,0,0.0,7,11,18,94.74,0,0.0,0,0,0,0,0,0,0,0,0,6,2,0,1,0,20260326,0,1,0,0,1,0,0.0,0,0,0,0,0,0,,1,50.0,0,0,0,1,0,0,0,0,,0,0,0,0,0.0,0,0,0,0,2,0,0,1,0,0,0,0,0,0,0,0.0,0,0,0,0,0,0,1,100.0,0,0,0,0.0,0,1,1,0,1,50.0,0,7,12,19,10.0,0,0,28,0,0,0
Arthur Masuaku,174975,RC Lens,1648,france,2526,1,1,0,0.0,0,0,0,,,0,0,0.0,0,0,0.0,0,0,0,0.0,0,0.0,0,0,0,0,0,0,0,0,0,0,0,0,0,0,20260326,0,0,0,0,0,0,0.0,0,0,0,0,0,0,,2,100.0,0,0,0,0,0,0,0,0,0.0,0,0,0,0,0.0,0,0,0,0,0,0,0,0,0,0,0,0,0,0,0,0.0,0,0,0,0,0,0,0,0.0,0,1,1,100.0,0,0,0,0,2,100.0,0,0,0,0,0.0,0,0,2,1,0,0
Noham Kamara,1937750,Olympique Lyonnais,1649,france,2526,1,1,0,0.0,0,0,0,,0.0,0,0,0.0,1,0,0.0,1,1,2,100.0,0,0.0,0,0,0,0,0,0,0,0,0,1,0,0,0,0,20260326,0,0,0,0,0,0,0.0,0,0,0,0,0,0,,0,0.0,0,0,0,0,0,0,0,0,0.0,0,0,0,0,0.0,0,0,0,0,0,0,0,0,0,0,0,0,0,0,0,0.0,0,0,0,0,0,0,0,0.0,0,0,0,0.0,0,0,0,0,0,0.0,0,1,1,2,0.0,0,0,3,0,0,0
Neal Maupay,268903,Olympique de Marseille,1641,france,2526,1,1,0,0.0,0,0,0,,0.0,0,0,0.0,0,0,0.0,0,1,1,100.0,0,0.0,0,0,0,0,0,0,0,0,0,0,0,0,0,0,20260326,0,0,0,0,0,0,0.0,0,0,0,0,0,0,,0,0.0,0,0,0,0,0,0,0,0,0.0,0,0,0,0,0.0,0,0,0,0,0,0,0,0,0,0,0,0,0,0,0,0.0,0,0,0,0,0,0,0,0.0,0,0,0,0.0,0,0,0,0,0,0.0,0,0,1,1,0.0,0,0,1,0,0,0
Bertuğ Yıldırım,1382235,Stade Rennais,1658,france,2526,2,1,0,0.0,0,0,0,,0.42,0,0,0.0,2,0,0.0,2,0,2,50.0,0,0.0,0,0,0,0,0,0,0,0,0,0,0,0,0,0,20260326,0,0,0,0,0,0,0.0,0,0,0,0,0,0,,0,0.0,0,0,0,2,0,1,0,0,0.0,0,0,0,0,0.0,0,0,0,0,2,0,0,0,0,0,0,0,0,0,0,0.0,0,0,0,0,0,0,0,0.0,0,0,0,0.0,1,0,0,0,0,0.0,0,4,0,4,0.0,0,0,4,0,0,0
Hamza Koutoune,1597141,Nice,1661,france,2526,1,1,0,0.0,0,0,0,,0.0,0,0,0.0,3,0,0.0,4,1,5,100.0,0,0.0,0,0,0,0,0,0,0,0,0,0,0,0,0,0,20260326,0,0,0,0,0,0,0.0,0,0,0,0,0,0,,0,0.0,0,0,0,0,0,0,0,0,0.0,0,0,0,0,0.0,0,0,0,0,1,0,0,0,0,0,0,0,0,0,0,0.0,0,0,0,0,0,0,0,0.0,0,0,0,0.0,0,0,0,1,0,0.0,0,4,1,5,0.0,0,0,6,0,0,0
Martin Bley,2266256,Lorient,1656,france,2526,1,1,0,0.0,0,0,0,,,0,0,0.0,0,0,0.0,0,0,0,0.0,0,0.0,0,0,0,0,0,0,0,0,0,0,0,0,0,0,20260326,0,1,0,0,0,0,0.0,0,0,0,0,0,0,,0,0.0,0,0,0,0,0,0,0,0,0.0,0,0,0,0,0.0,0,0,0,0,1,0,0,0,0,0,0,0,0,0,0,0.0,0,0,0,0,0,0,0,0.0,0,0,0,0.0,0,0,1,0,0,0.0,0,0,0,0,0.0,0,0,1,0,0,0
Samuel Nibombe,1566349,AS Monaco,1653,france,2526,1,1,0,0.0,0,0,0,,,0,0,0.0,0,0,0.0,0,0,0,0.0,0,0.0,0,0,0,0,0,0,0,0,0,0,0,0,0,0,20260326,0,0,0,0,0,0,0.0,0,0,0,0,0,0,,0,0.0,0,0,0,0,0,0,0,0,0.0,0,0,0,0,0.0,0,0,0,0,0,0,0,0,0,0,0,0,0,0,0,0.0,0,0,0,0,0,0,0,0.0,0,0,0,0.0,0,0,0,0,0,0.0,0,0,0,0,0.0,0,0,0,0,0,0
Yvan Zaddy,1974226,Auxerre,1646,france,2526,1,1,0,0.0,0,0,0,,0.0,0,0,0.0,0,0,0.0,1,2,3,100.0,0,0.0,0,0,0,0,0,0,0,0,0,0,0,0,0,0,20260326,0,0,0,0,0,0,0.0,0,1,1,0,0,0,,0,0.0,0,0,0,0,0,0,0,0,0.0,0,0,0,0,0.0,0,0,0,0,0,0,0,0,0,0,0,0,0,0,0,0.0,0,0,0,0,0,0,0,0.0,0,0,0,0.0,0,0,0,0,0,0.0,0,1,2,3,0.0,0,0,3,0,0,0
Henrick Do Marcolino,2033811,Stade Rennais,1658,france,2526,2,1,0,0.0,0,0,0,,0.0,0,0,0.0,0,0,0.0,0,1,1,33.33,1,100.0,0,0,0,0,0,0,0,0,0,0,0,0,0,0,20260326,0,0,0,0,0,0,0.0,0,0,0,0,0,0,,1,100.0,0,0,0,2,2,0,0,0,0.0,0,0,0,0,0.0,0,0,0,0,2,0,0,0,0,0,0,0,0,0,0,0.0,0,0,0,0,0,0,0,0.0,0,1,1,100.0,0,0,0,0,2,100.0,0,2,1,3,0.0,0,0,6,0,0,0
Mamoudou Cissokho,2409356,Auxerre,1646,france,2526,1,1,0,0.0,0,0,0,,,0,0,0.0,0,0,0.0,0,0,0,0.0,0,0.0,0,0,0,0,0,0,0,0,0,0,0,0,0,0,20260326,0,0,0,0,0,0,0.0,0,0,0,0,0,0,,0,0.0,0,0,0,0,0,0,0,0,0.0,0,0,0,0,0.0,0,0,0,0,0,0,0,0,0,0,0,0,0,0,0,0.0,0,0,0,0,0,0,0,0.0,0,0,0,0.0,0,0,0,0,0,0.0,0,0,0,0,0.0,0,0,0,0,0,0
Lucas Rosier,2077096,Stade Rennais,1658,france,2526,2,2,0,0.0,0,0,0,,,0,0,0.0,0,0,0.0,0,0,0,0.0,0,0.0,0,0,0,0,0,0,0,0,0,0,0,0,0,1,20260326,0,1,0,0,0,0,0.0,0,1,1,0,0,0,,0,0.0,0,0,0,0,0,0,0,0,0.0,0,0,0,0,0.0,0,0,0,0,1,0,0,0,0,0,0,0,0,0,0,0.0,0,0,0,0,0,0,0,0.0,0,0,0,0.0,0,0,0,0,0,0.0,0,0,0,0,0.0,0,0,1,0,0,0
