player,player_id,team,team_id,data_country,data_season,minutesPlayed,appearances,matchesStarted,rating,goals,assists,goalsAssistsSum,expectedGoals,expectedAssists,accurateChippedPasses,accurateCrosses,accurateCrossesPercentage,accurateFinalThirdPasses,accurateLongBalls,accurateLongBallsPercentage,accurateOppositionHalfPasses,accurateOwnHalfPasses,accuratePasses,accuratePassesPercentage,aerialDuelsWon,aerialDuelsWonPercentage,aerialLost,attemptPenaltyMiss,attemptPenaltyPost,attemptPenaltyTarget,ballRecovery,bigChancesCreated,bigChancesMissed,blockedShots,cleanSheet,clearances,countRating,crossesNotClaimed,directRedCards,dispossessed,dribbledPast,duelLost,errorLeadToGoal,errorLeadToShot,fouls,freeKickGoal,goalConversionPercentage,goalKicks,goalsConceded,goalsConcededInsideTheBox,goalsConcededOutsideTheBox,goalsFromInsideTheBox,goalsFromOutsideTheBox,goalsPrevented,groundDuelsWon,groundDuelsWonPercentage,headedGoals,highClaims,hitWoodwork,inaccuratePasses,interceptions,keyPasses,leftFootGoals,offsides,outfielderBlocks,ownGoals,passToAssist,penaltiesTaken,penaltyConceded,penaltyConversion,penaltyFaced,penaltyGoals,penaltySave,penaltyWon,possessionLost,possessionWonAttThird,punches,redCards,rightFootGoals,runsOut,savedShotsFromInsideTheBox,savedShotsFromOutsideTheBox,saves,savesCaught,savesParried,scoringFrequency,setPieceConversion,shotFromSetPiece,shotsFromInsideTheBox,shotsFromOutsideTheBox,shotsOffTarget,shotsOnTarget,successfulDribbles,successfulDribblesPercentage,successfulRunsOut,tackles,tacklesWon,tacklesWonPercentage,totalAttemptAssist,totalChippedPasses,totalContest,totalCross,totalDuelsWon,totalDuelsWonPercentage,totalLongBalls,totalOppositionHalfPasses,totalOwnHalfPasses,totalPasses,totalRating,totalShots,totwAppearances,touches,wasFouled,yellowCards,yellowRedCards
Juan Musso,263651,Atalanta,2686,italy,2425,90,1,1,7.6,0,0,0,,0.0,1,0,0.0,0,5,23.81,3,10,13,44.83,1,100.0,0,0,0,0,8,0,0,0,1,0,1,0,0,0,0,0,0,0,0,0,0.0,14,0,0,0,0,0,0.74,0,0.0,0,0,0,16,0,0,0,0,,0,0,0,0,0.0,0,0,0,0,16,0,0,0,0,1,3,1,4,0,1,0.0,0.0,0,0,0,0,0,0,0.0,1,0,0,0.0,0,1,0,0,1,100.0,21,18,11,29,7.6,0,0,39,1,0,0
Bremer,885197,Juventus,2687,italy,2425,540,6,6,7.57,0,0,0,0.13,0.06,9,0,0.0,30,22,66.67,134,333,467,92.84,12,63.16,7,0,0,0,23,0,0,1,6,14,6,0,0,2,1,20,0,0,9,0,0.0,1,0,0,0,0,0,,22,62.86,0,0,0,36,6,0,0,0,,0,0,0,0,0.0,0,0,0,0,43,0,0,0,0,0,0,0,0,0,0,0.0,0.0,0,2,1,2,0,3,75.0,0,15,7,46.67,0,16,4,0,34,62.96,33,153,350,503,45.4,3,3,582,5,1,0
Daniele Padelli,2899,Udinese,2695,italy,2425,90,1,1,7.5,0,0,0,,0.0,0,0,0.0,0,3,37.5,1,12,13,72.22,0,0.0,0,0,0,0,5,0,0,0,1,0,1,0,0,0,1,1,0,0,0,0,0.0,2,0,0,0,0,0,0.74,0,0.0,0,1,0,5,0,0,0,0,,0,0,0,0,0.0,0,0,0,0,5,0,0,0,0,0,2,1,3,0,2,0.0,0.0,0,0,0,0,0,0,0.0,0,0,0,0.0,0,0,0,0,0,0.0,8,5,13,18,7.5,0,0,24,0,0,0
Benjamin Siegrist,137773,Genoa,2713,italy,2425,153,2,2,7.45,0,0,0,,0.0,7,0,0.0,0,12,32.43,6,33,39,60.94,0,0.0,0,0,0,0,17,0,0,0,0,2,2,0,0,0,0,0,0,0,0,0,0.0,19,2,2,0,0,0,0.38,0,0.0,0,0,0,25,1,0,0,0,,0,0,0,0,0.0,0,0,0,0,25,0,1,0,0,0,7,3,10,0,2,0.0,0.0,0,0,0,0,0,0,0.0,0,0,0,0.0,0,10,0,0,0,0.0,37,29,35,64,14.9,0,1,87,0,0,0
Hakan Çalhanoğlu,135700,Inter,2697,italy,2425,1961,29,26,7.41,5,6,11,4.4,5.6,68,53,43.44,378,96,66.21,830,631,1408,90.2,16,45.71,19,0,1,0,110,11,1,14,1,22,29,0,0,9,15,67,0,0,22,0,10.87,0,20,18,2,3,2,,59,55.14,0,0,1,153,18,50,0,0,,0,1,4,1,75.0,0,3,0,0,260,8,0,0,5,0,0,0,0,0,0,392.2,0.0,6,11,35,17,15,3,42.86,0,43,23,53.49,49,118,7,122,75,52.82,145,1013,670,1561,214.8,46,3,1918,13,5,0
Paulo Dybala,256219,Roma,2702,italy,2425,1420,24,16,7.39,6,3,9,6.34,5.17,37,23,37.1,241,36,72.0,440,153,570,86.49,8,32.0,17,0,0,0,63,8,6,13,1,2,23,0,0,28,11,78,0,0,6,0,12.0,0,15,14,1,5,1,,88,59.06,0,0,3,89,2,40,5,6,,0,0,3,0,100.0,0,3,0,2,221,12,0,0,1,0,0,0,0,0,0,236.67,0.0,6,27,23,18,19,11,39.29,0,17,7,41.18,40,53,28,62,96,55.17,50,558,163,659,169.9,50,4,998,60,2,0
Rui Patrício,17737,Atalanta,2686,italy,2425,270,3,3,7.37,0,0,0,,0.0,3,0,0.0,1,12,44.44,5,68,73,82.02,1,100.0,0,0,0,0,23,0,0,0,1,3,3,0,0,0,0,0,0,0,0,0,0.0,18,3,3,0,0,0,1.73,0,0.0,0,0,0,16,0,0,0,0,,0,0,0,0,0.0,0,0,0,0,16,0,1,0,0,4,9,3,12,0,1,0.0,0.0,0,0,0,0,0,0,0.0,4,0,0,0.0,0,8,0,0,1,100.0,27,15,74,89,22.1,0,1,116,0,0,0
Mattia Zaccagni,293581,Lazio,2699,italy,2425,2705,34,33,7.34,8,6,14,6.29,4.05,41,30,19.23,338,32,60.38,625,231,826,84.89,20,47.62,22,0,0,0,86,7,5,12,2,16,34,0,0,40,16,146,0,2,35,0,16.67,0,37,33,4,7,1,,179,59.08,1,0,2,147,29,55,1,9,,0,0,2,0,100.0,0,2,0,0,412,8,0,0,6,0,0,0,0,0,0,338.13,0.0,2,32,16,19,17,44,54.32,0,38,27,71.05,55,72,81,156,199,57.68,53,877,252,973,249.6,48,5,1634,98,10,0
Mateo Retegui,914501,Atalanta,2686,italy,2425,2402,36,32,7.33,25,8,33,19.24,2.21,14,4,26.67,198,14,66.67,324,114,434,78.06,51,42.15,70,0,0,1,69,6,18,20,2,17,36,0,0,48,13,167,0,0,32,0,24.04,0,28,25,3,24,1,,60,38.22,5,0,2,122,4,38,10,6,,0,0,5,0,80.0,0,4,0,2,293,17,0,0,10,0,0,0,0,0,0,96.08,0.0,2,96,8,46,38,12,50.0,0,14,9,64.29,38,19,24,15,111,39.93,21,441,130,556,263.9,104,10,970,34,2,0
Ademola Lookman,824200,Atalanta,2686,italy,2425,2263,31,28,7.32,15,5,20,10.37,7.89,14,38,30.65,341,8,44.44,534,141,637,79.03,18,56.25,14,0,0,0,69,12,13,22,2,5,31,0,0,51,8,166,0,1,31,0,18.29,0,23,20,3,13,2,,88,36.67,1,0,5,169,3,63,5,26,,0,2,1,0,100.0,0,1,0,0,449,11,0,0,9,0,0,0,0,0,0,150.87,0.0,0,67,15,25,35,37,36.63,0,32,15,46.88,61,25,101,124,106,38.97,18,765,165,806,226.9,82,7,1382,20,4,0
Vanja Milinković-Savić,356160,Torino,2696,italy,2425,3330,37,37,7.31,0,0,0,,0.26,64,0,0.0,117,275,35.35,189,730,919,64.18,13,86.67,2,0,0,0,347,0,0,0,10,45,37,1,0,1,2,6,1,3,1,0,0.0,271,42,35,7,0,0,10.56,9,69.23,0,34,0,513,0,3,0,0,,0,0,0,1,0.0,7,0,4,0,523,0,27,0,0,19,89,44,135,2,27,0.0,0.0,0,0,0,0,0,0,0.0,18,1,0,0.0,3,118,0,0,22,78.57,778,644,788,1432,270.4,0,6,1869,10,3,0
Marcus Thuram,791702,Inter,2697,italy,2425,2298,32,27,7.3,14,4,18,10.06,4.08,5,4,30.77,191,4,40.0,265,147,408,75.0,48,57.83,35,0,0,0,71,6,10,16,5,15,32,0,0,29,11,124,0,0,30,0,21.54,0,24,21,3,14,0,,75,45.73,3,0,4,136,3,40,0,13,,0,0,0,0,0.0,0,0,0,2,260,17,0,0,11,0,0,0,0,0,0,164.14,0.0,0,60,5,22,27,24,52.17,0,18,10,55.56,40,12,46,13,123,49.8,10,385,172,544,233.6,65,5,915,36,1,0
Christian Pulišić,817957,Milan,2692,italy,2425,2489,34,29,7.28,11,9,20,11.96,6.26,26,27,22.69,343,21,63.64,575,234,782,83.55,11,20.75,42,0,0,1,94,8,8,20,3,12,34,0,0,40,22,158,0,2,20,0,19.3,0,32,24,8,11,0,,119,50.64,0,0,2,154,5,69,3,3,,0,0,4,0,75.0,0,3,0,1,391,14,0,0,8,0,0,0,0,0,0,226.27,0.0,1,42,15,13,24,39,52.0,0,43,29,67.44,69,54,75,119,130,45.14,33,791,264,936,247.6,57,5,1487,37,1,0
Filip Stanković,986355,Venezia,2688,italy,2425,1368,16,16,7.28,0,0,0,,0.01,35,0,0.0,6,79,37.26,31,290,321,69.63,5,100.0,0,0,0,0,105,0,0,0,0,21,16,0,0,0,0,0,0,2,0,0,0.0,73,23,21,2,0,0,3.0,1,100.0,0,12,0,140,0,0,0,0,,0,0,0,0,0.0,5,0,1,0,141,0,10,0,0,7,35,26,62,0,20,0.0,0.0,0,0,0,0,0,0,0.0,6,0,0,0.0,0,58,0,0,6,100.0,212,104,357,461,116.5,0,2,614,1,1,0
Scott McTominay,879346,Napoli,2714,italy,2425,2941,34,33,7.27,12,4,16,7.44,1.69,22,1,9.09,200,42,68.85,386,387,772,85.12,67,54.92,55,0,0,0,143,5,8,21,16,50,34,0,0,48,18,192,0,0,45,0,15.79,0,22,14,8,11,1,,141,50.72,3,0,3,135,24,26,1,5,,0,0,0,0,0.0,0,0,0,1,304,13,0,0,8,0,0,0,0,0,0,245.08,0.0,2,55,21,22,33,39,52.7,0,43,25,58.14,26,35,74,11,208,52.0,61,498,420,907,247.3,76,4,1465,60,3,0
Amir Rrahmani,332155,Napoli,2714,italy,2425,3406,38,38,7.27,1,3,4,2.88,0.73,62,0,0.0,260,166,59.07,934,1587,2521,91.04,128,69.57,56,0,0,0,135,2,1,5,18,177,38,0,0,6,9,112,1,1,42,0,3.57,33,27,18,9,1,0,,55,49.55,1,0,0,248,27,11,0,0,,1,0,0,0,0.0,0,0,0,0,267,3,0,0,0,0,0,0,0,0,0,3406.0,0.0,0,27,1,19,4,4,66.67,0,39,31,79.49,11,131,6,1,183,62.03,281,1094,1676,2769,276.3,28,5,3195,16,2,0
Khvicha Kvaratskhelia,889259,Napoli,2714,italy,2425,1187,17,15,7.27,5,3,8,4.14,2.97,25,14,27.45,151,24,70.59,254,89,329,83.29,5,50.0,5,0,0,0,45,5,2,17,1,3,17,0,0,21,11,91,0,0,12,0,10.0,0,6,3,3,3,2,,66,43.42,0,0,1,66,4,29,1,0,,0,1,1,0,100.0,0,1,0,0,204,7,0,0,4,0,0,0,0,0,0,237.4,0.0,3,28,22,16,17,19,31.15,0,15,9,60.0,28,41,61,51,71,43.83,34,347,99,395,123.6,50,3,727,33,1,0
Josep Martínez,845291,Inter,2697,italy,2425,450,5,5,7.26,0,0,0,,0.0,12,0,0.0,1,32,50.0,14,178,192,84.96,1,100.0,0,0,0,0,28,1,0,0,3,2,5,0,0,0,0,0,0,0,0,0,0.0,25,3,2,1,0,0,0.84,1,100.0,0,3,0,34,0,1,0,0,,0,0,0,0,0.0,0,0,0,0,35,0,2,0,0,1,10,1,12,0,1,0.0,0.0,0,0,0,0,0,0,0.0,0,0,0,0.0,1,15,0,0,2,100.0,64,41,185,226,36.3,0,0,259,1,0,0
Leandro Paredes,255389,Roma,2702,italy,2425,1370,22,15,7.25,3,1,4,2.3,1.55,47,12,21.05,199,83,66.4,571,531,1090,91.6,9,75.0,3,0,0,0,83,3,0,5,4,31,22,0,0,1,16,34,1,1,15,1,11.54,0,12,11,1,2,1,,45,59.21,0,0,1,100,19,21,0,0,,0,0,2,1,100.0,0,2,0,0,158,8,0,0,3,0,0,0,0,0,0,456.67,20.0,5,5,21,12,9,3,100.0,0,26,14,53.85,21,91,3,57,54,61.36,125,691,556,1190,159.6,26,3,1420,16,4,0
Manuel Locatelli,363860,Juventus,2687,italy,2425,2840,36,34,7.25,2,2,4,1.85,2.73,166,6,25.0,574,178,67.94,1191,936,2121,88.74,37,60.66,24,0,0,0,141,4,0,6,10,72,36,0,0,8,24,111,0,0,46,0,8.0,0,31,29,2,1,1,,100,53.48,0,0,0,269,23,29,0,1,,0,0,1,1,100.0,0,1,0,0,346,7,0,0,2,0,0,0,0,0,0,1420.0,0.0,0,6,19,10,9,8,38.1,0,72,49,68.06,29,260,21,24,137,55.24,262,1418,996,2390,261.1,25,2,2817,22,9,0
Kenan Yıldız,1149011,Juventus,2687,italy,2425,2408,35,28,7.25,7,4,11,4.23,4.84,20,28,24.35,369,26,61.9,610,265,847,86.16,8,23.53,26,0,0,0,123,8,4,21,8,8,35,0,1,41,14,151,0,3,25,0,11.48,0,15,15,0,6,1,,161,56.29,1,0,1,136,5,57,4,4,,0,0,0,0,0.0,0,0,0,0,407,16,0,1,2,0,0,0,0,0,0,344.0,0.0,0,46,15,17,23,59,54.63,0,54,30,55.56,57,33,108,115,169,52.81,42,803,295,983,253.7,61,5,1635,48,2,0
Riccardo Orsolini,793645,Bologna,2685,italy,2425,1885,30,23,7.25,15,4,19,9.97,2.85,31,18,25.71,156,24,48.98,310,112,404,70.88,23,52.27,21,0,0,0,65,8,6,25,3,10,29,0,0,25,6,108,0,1,27,0,20.0,0,24,21,3,14,1,,95,52.2,1,0,1,166,8,30,12,12,,0,0,3,0,100.0,0,3,0,0,333,14,0,0,2,0,0,0,0,0,0,125.67,0.0,6,50,25,22,28,33,48.53,0,16,13,81.25,30,56,68,70,118,52.21,49,501,139,570,210.2,75,4,1018,46,2,0
Alexis Saelemaekers,901891,Roma,2702,italy,2425,1494,23,18,7.25,7,3,10,2.49,2.27,18,15,23.81,215,23,74.19,426,216,627,86.36,9,75.0,3,0,0,0,79,5,2,5,2,8,23,0,0,14,17,71,0,1,13,0,28.0,0,10,10,0,5,2,,87,56.13,1,0,0,99,10,26,4,0,,0,0,0,0,0.0,0,0,0,2,238,9,0,0,2,0,0,0,0,0,0,213.43,0.0,0,20,5,8,12,22,44.9,0,34,21,61.76,26,32,49,63,96,57.49,31,546,243,726,166.7,25,2,1104,32,5,0
Federico Dimarco,284361,Inter,2697,italy,2425,2229,33,29,7.24,4,7,11,3.34,5.09,39,56,29.47,261,35,49.3,554,340,838,84.05,7,35.0,13,0,0,0,76,17,3,18,2,24,33,0,0,10,9,57,2,0,19,1,7.14,0,18,17,1,3,1,,40,47.62,0,0,1,159,14,49,3,8,,0,1,0,0,0.0,0,0,0,0,337,11,0,0,1,0,0,0,0,0,0,557.25,12.5,8,31,25,16,22,4,40.0,0,25,14,56.0,48,77,10,190,47,45.19,71,809,378,997,239.0,56,5,1516,11,3,0
Tijjani Reijnders,893549,Milan,2692,italy,2425,3132,37,36,7.24,10,4,14,6.78,3.61,25,13,28.26,467,60,73.17,870,478,1335,89.54,5,25.0,15,0,0,0,125,8,4,25,10,24,37,0,1,32,16,119,0,2,28,0,12.99,0,40,32,8,8,2,,84,44.68,1,0,2,156,38,47,2,2,,0,0,0,0,0.0,0,0,0,1,302,15,0,1,7,0,0,0,0,0,0,313.2,0.0,2,36,41,24,28,36,55.38,0,26,13,50.0,47,50,65,46,89,42.79,82,1029,508,1491,267.8,77,6,1961,22,2,0
Nico Paz,1171451,Como,2704,italy,2425,2699,35,30,7.23,6,8,14,9.26,3.86,43,9,21.95,396,23,50.0,664,326,981,83.42,31,57.41,23,0,0,1,118,11,7,24,3,15,35,0,0,45,27,194,0,0,47,0,5.45,0,38,34,4,4,2,,153,47.22,0,0,3,195,21,54,6,2,,0,0,1,1,0.0,0,0,0,0,452,23,0,0,0,0,0,0,0,0,0,449.83,0.0,12,53,57,47,39,69,54.33,0,51,33,64.71,54,83,127,41,184,48.68,46,839,378,1176,253.2,110,4,1850,33,6,0
Pietro Terracciano,136856,Fiorentina,2693,italy,2425,270,3,3,7.23,0,0,0,,0.0,4,0,0.0,0,9,33.33,6,51,57,76.0,0,0.0,0,0,0,0,26,0,0,0,1,0,3,0,0,0,0,0,0,0,0,0,0.0,11,3,2,1,0,0,0.18,0,0.0,0,1,0,18,0,0,0,0,,0,0,0,0,0.0,0,0,0,0,19,0,0,0,0,1,7,3,11,0,1,0.0,0.0,0,0,0,0,0,0,0.0,1,0,0,0.0,0,8,0,0,0,0.0,27,19,56,75,21.7,0,0,103,0,0,0
Oumar Solet,892979,Udinese,2695,italy,2425,1674,19,19,7.23,1,2,3,0.84,0.77,22,2,22.22,99,98,66.67,292,688,978,89.32,20,48.78,21,0,0,0,92,1,1,0,6,75,19,0,0,11,9,61,2,2,17,0,8.33,45,24,22,2,0,1,,72,64.29,0,0,0,117,17,17,0,0,,0,0,0,0,0.0,0,0,0,0,161,1,0,1,1,0,0,0,0,0,0,1674.0,0.0,1,6,6,5,7,25,83.33,0,33,19,57.58,17,44,30,9,92,60.13,147,374,730,1095,137.4,12,2,1390,14,1,1
Jacob Ondrejka,1004790,Parma,2690,italy,2425,428,12,3,7.23,5,0,5,1.28,1.14,4,5,31.25,37,3,42.86,62,32,89,80.91,1,16.67,5,0,0,0,18,1,1,3,0,2,12,0,0,3,2,12,0,0,1,0,35.71,0,4,3,1,5,0,,25,78.13,0,0,0,21,7,7,2,0,,0,0,0,0,0.0,0,0,0,0,46,2,0,0,3,0,0,0,0,0,0,85.6,0.0,2,8,6,1,10,6,85.71,0,12,6,50.0,7,6,7,16,26,68.42,7,87,39,110,86.7,14,3,211,8,0,0
Christos Mandas,913762,Lazio,2699,italy,2425,810,9,9,7.22,0,0,0,,0.04,18,0,0.0,15,62,41.61,33,173,206,69.36,6,85.71,1,0,0,0,82,0,0,0,4,7,9,1,0,1,0,2,0,0,0,0,0.0,25,7,6,1,0,0,0.2,3,75.0,0,19,0,91,0,0,0,0,,0,0,0,0,0.0,0,0,0,0,96,0,3,0,0,5,15,5,20,0,6,0.0,0.0,0,0,0,0,0,0,0.0,5,0,0,0.0,0,33,0,0,9,81.82,149,103,194,297,65.0,0,0,391,3,0,0
Alessandro Bastoni,826188,Inter,2697,italy,2425,2420,33,31,7.21,1,5,6,0.84,2.76,79,28,43.75,353,137,57.81,800,1069,1841,90.51,46,65.71,24,0,0,0,96,7,1,2,5,46,33,0,0,5,10,87,0,1,44,0,7.69,34,21,20,1,1,0,,90,58.82,1,0,0,193,22,27,0,1,,0,0,0,0,0.0,0,0,0,0,295,4,0,1,0,0,0,0,0,0,0,2420.0,0.0,0,10,3,9,2,7,58.33,0,46,24,52.17,27,152,12,64,136,60.99,237,972,1126,2034,238.0,13,5,2507,39,4,1
Renato Veiga,1087359,Juventus,2687,italy,2425,1094,13,12,7.21,0,1,1,1.02,0.2,12,0,0.0,55,26,42.62,154,346,500,88.03,27,71.05,11,0,0,0,38,0,1,2,4,79,13,0,0,0,5,24,0,0,9,0,0.0,15,11,9,2,0,0,,20,60.61,0,0,0,68,19,2,0,1,,0,0,0,0,0.0,0,0,0,0,70,0,0,0,0,0,0,0,0,0,0,0.0,0.0,1,10,2,5,5,1,100.0,0,17,12,70.59,2,26,1,0,47,66.2,61,200,368,568,93.7,12,0,736,2,2,0
Matías Soulé,1082406,Roma,2702,italy,2425,1799,27,22,7.21,5,5,10,3.02,3.44,20,32,36.36,322,22,59.46,555,202,725,87.35,10,34.48,19,0,0,0,105,9,4,12,3,22,27,0,0,32,13,127,0,0,12,1,11.9,0,17,15,2,2,3,,97,47.32,0,0,2,105,9,51,4,1,,0,0,0,0,0.0,0,0,0,0,322,23,0,0,1,0,0,0,0,0,0,359.8,100.0,1,16,26,16,14,35,39.33,0,26,16,61.54,51,36,89,88,107,45.73,37,700,218,830,194.6,42,3,1372,36,3,0
Antonín Barák,330705,Fiorentina,2693,italy,2425,55,1,1,7.2,0,0,0,0.08,0.15,0,0,0.0,7,0,0.0,10,7,17,89.47,0,0.0,1,0,0,0,2,0,0,0,0,0,1,0,0,0,2,4,0,0,0,0,0.0,0,0,0,0,0,0,,2,40.0,0,0,0,2,0,3,0,0,,0,0,0,0,0.0,0,0,0,0,5,1,0,0,0,0,0,0,0,0,0,0.0,0.0,0,0,2,0,2,0,0.0,0,2,0,0.0,3,1,1,1,2,33.33,0,13,7,19,7.2,2,0,27,0,0,0
Theo Hernández,788027,Milan,2692,italy,2425,2696,33,30,7.2,4,3,7,2.66,4.07,38,28,25.23,333,33,42.31,681,527,1180,87.54,37,69.81,16,0,0,1,129,8,2,13,7,62,33,0,1,20,18,94,0,3,17,0,9.09,0,34,28,6,4,0,,103,56.91,0,0,0,168,17,47,4,3,,0,0,1,1,0.0,0,0,0,1,342,3,0,1,0,0,0,0,0,0,0,674.0,0.0,3,20,24,14,17,24,51.06,0,36,28,77.78,47,68,47,111,140,59.83,78,866,593,1348,237.5,44,4,2007,43,4,0
Lautaro Martínez,823984,Inter,2697,italy,2425,2577,31,31,7.2,12,3,15,13.46,4.34,27,2,15.38,196,29,76.32,321,149,468,76.6,36,47.37,40,0,0,0,73,9,19,18,4,15,31,0,0,54,12,164,0,0,41,0,11.76,0,27,24,3,11,1,,88,41.51,2,0,2,143,10,37,5,22,,0,0,0,0,0.0,0,0,0,0,315,25,0,0,5,0,0,0,0,0,0,214.75,0.0,0,84,18,50,34,17,40.48,0,30,16,53.33,37,37,42,13,124,43.06,38,452,172,611,223.1,102,4,1091,42,1,0
Florian Thauvin,148824,Udinese,2695,italy,2425,1971,25,24,7.2,8,3,11,8.69,4.73,45,38,22.62,204,38,60.32,377,160,499,78.46,5,33.33,10,0,0,2,68,9,5,15,4,8,25,0,0,38,15,120,0,0,10,0,14.81,0,33,31,2,7,1,,86,43.88,1,0,2,137,7,39,7,3,,0,0,3,0,33.33,0,1,0,0,425,12,0,0,0,0,0,0,0,0,0,246.38,0.0,3,33,21,12,27,39,45.35,0,20,14,70.0,39,92,86,168,91,43.13,63,614,190,636,179.9,54,3,1164,27,0,0
Nicolò Barella,363856,Inter,2697,italy,2425,2526,33,29,7.19,3,6,9,2.18,5.15,100,17,25.0,467,91,63.64,899,578,1460,85.13,27,51.92,25,0,0,0,165,6,1,14,4,16,33,0,0,42,33,151,0,1,25,0,6.98,0,25,22,3,1,2,,105,45.45,0,0,1,255,12,56,1,4,,0,1,0,0,0.0,0,0,0,0,422,17,0,0,2,0,0,0,0,0,0,842.0,0.0,1,11,32,20,9,23,46.0,0,50,31,62.0,55,180,50,68,132,46.64,143,1169,614,1715,237.3,43,4,2170,33,4,0
Mile Svilar,793986,Roma,2702,italy,2425,3420,38,38,7.19,0,0,0,0.05,0.03,19,0,0.0,22,176,36.59,91,890,981,76.16,7,87.5,1,0,0,0,288,0,0,0,16,21,38,1,0,1,0,2,1,1,0,0,0.0,200,35,32,3,0,0,6.47,7,87.5,0,28,0,307,0,0,0,0,,0,0,0,0,0.0,4,0,0,0,309,0,9,0,0,11,67,50,118,1,32,0.0,0.0,0,1,0,1,0,0,0.0,11,0,0,0.0,0,42,0,0,14,87.5,481,350,938,1288,273.2,1,2,1644,8,1,0
Rafael Leão,851284,Milan,2692,italy,2425,2330,34,25,7.19,8,8,16,7.25,6.2,19,17,30.91,252,25,59.52,435,176,594,77.04,26,52.0,24,0,0,0,66,10,8,21,3,4,34,0,0,36,18,151,0,0,19,0,12.12,0,27,22,5,8,0,,127,50.0,1,0,0,177,6,58,1,7,,0,0,0,0,0.0,0,0,0,1,369,15,0,0,6,0,0,0,0,0,0,291.25,0.0,0,53,13,16,29,59,50.0,0,16,10,62.5,58,37,118,55,153,50.33,42,622,204,771,244.4,66,4,1268,52,5,0
Marco Carnesecchi,865646,Atalanta,2686,italy,2425,3060,34,34,7.19,0,0,0,,0.02,22,0,0.0,15,162,37.94,81,554,635,70.4,8,100.0,0,0,0,0,288,1,0,0,13,41,34,0,0,0,0,0,0,2,0,0,0.0,201,34,30,4,0,0,3.88,4,100.0,0,20,0,267,0,1,0,0,,0,0,0,0,0.0,2,0,0,0,271,0,15,0,0,20,61,36,98,0,24,0.0,0.0,0,0,0,0,0,0,0.0,19,0,0,0.0,1,36,0,0,12,100.0,427,296,606,902,244.4,0,3,1258,5,1,0
Valentín Castellanos,877013,Lazio,2699,italy,2425,2395,29,28,7.19,10,3,13,13.75,2.56,9,4,16.0,159,9,47.37,254,108,358,70.33,69,51.49,65,0,0,1,51,7,15,23,3,24,29,0,1,29,9,155,0,0,38,0,9.26,0,28,25,3,10,0,,70,43.75,0,0,3,151,6,28,1,17,,0,1,3,0,66.67,0,2,0,1,283,13,0,1,9,0,0,0,0,0,0,239.5,0.0,3,77,31,44,41,16,45.71,0,13,6,46.15,27,29,35,25,139,47.28,19,408,126,509,208.4,108,4,923,42,8,0
Giovanni Di Lorenzo,153257,Napoli,2714,italy,2425,3330,37,37,7.17,3,2,5,2.83,3.87,46,11,17.46,433,56,49.56,829,767,1585,85.22,47,50.54,46,0,0,0,94,6,2,3,18,77,37,0,0,14,23,148,0,1,46,0,14.29,2,27,18,9,2,1,,119,53.85,0,0,2,275,31,38,2,5,,0,0,0,0,0.0,0,0,0,0,428,8,0,0,1,0,0,0,0,0,0,1110.0,0.0,0,16,5,12,6,4,17.39,0,66,44,66.67,38,106,23,63,166,52.87,113,1075,848,1860,265.3,21,7,2631,51,6,0
Elia Caprile,947954,Cagliari,2719,italy,2425,1944,22,21,7.17,0,0,0,,0.03,50,0,0.0,19,184,43.91,107,355,462,66.0,7,100.0,0,0,0,0,191,0,0,0,7,16,22,0,0,0,2,2,0,1,0,0,0.0,174,23,21,2,0,0,3.33,5,71.43,0,20,0,238,0,0,0,0,,0,0,0,0,0.0,1,0,0,0,242,0,5,0,0,16,36,15,53,0,23,0.0,0.0,0,0,0,0,0,0,0.0,15,1,0,0.0,0,77,0,0,12,85.71,419,294,406,700,157.7,0,2,915,6,0,0
Alessandro Buongiorno,870263,Napoli,2714,italy,2425,1926,22,22,7.16,1,0,1,0.81,0.59,25,0,0.0,86,40,47.62,395,763,1158,91.04,45,68.18,21,0,0,0,84,1,1,3,10,73,22,0,0,8,8,57,0,2,17,0,12.5,11,14,7,7,1,0,,59,62.11,1,0,1,114,35,5,0,1,,0,0,0,0,0.0,0,0,0,0,143,4,0,0,0,0,0,0,0,0,0,1926.0,0.0,0,8,0,1,4,1,25.0,0,39,23,58.97,5,58,4,1,104,64.6,84,461,812,1272,157.6,8,2,1536,21,2,0
Éderson,946888,Atalanta,2686,italy,2425,2888,37,32,7.16,4,1,5,4.07,4.83,66,10,43.48,525,99,63.87,1014,681,1685,87.22,54,60.0,36,0,0,0,186,6,3,8,10,34,37,0,0,41,12,145,1,0,31,0,10.26,0,31,27,4,4,0,,127,53.81,1,0,0,247,35,39,0,0,,0,2,0,0,0.0,0,0,0,0,382,17,0,1,3,0,0,0,0,0,0,722.0,0.0,0,21,18,19,12,23,46.94,0,52,32,61.54,37,119,49,23,181,55.52,155,1213,742,1932,265.0,39,3,2439,53,3,1
Marten de Roon,100389,Atalanta,2686,italy,2425,3058,36,34,7.16,4,4,8,0.87,2.85,67,9,32.14,531,112,49.78,1126,803,1920,87.11,47,61.84,29,0,0,0,140,4,0,3,12,63,36,0,0,9,36,128,0,1,48,0,28.57,0,32,28,4,2,2,,101,50.5,0,0,0,284,47,26,1,1,,0,1,0,0,0.0,0,0,0,0,347,8,0,0,3,0,0,0,0,0,0,764.5,0.0,0,5,9,7,4,6,50.0,0,74,48,64.86,25,122,12,28,148,53.62,225,1354,878,2204,257.8,14,1,2615,22,5,0
David De Gea,69378,Fiorentina,2693,italy,2425,3150,35,35,7.16,0,1,1,,0.05,53,0,0.0,36,269,48.21,153,550,703,70.44,6,100.0,0,0,0,0,228,1,0,0,11,30,35,0,0,0,0,0,0,0,0,0,0.0,241,38,34,4,0,0,0.59,3,100.0,0,13,0,295,0,3,0,0,,0,0,0,0,0.0,3,0,2,0,304,0,18,0,0,13,56,42,98,1,20,0.0,0.0,0,0,0,0,0,0,0.0,12,1,0,0.0,3,66,0,0,9,100.0,558,380,618,998,250.6,0,2,1281,2,1,0
Nicola Leali,98059,Genoa,2713,italy,2425,2610,29,29,7.14,0,0,0,,0.04,46,0,0.0,27,179,40.77,115,444,559,67.84,10,100.0,0,0,0,0,206,0,0,0,10,29,29,0,0,0,0,0,0,1,1,0,0.0,214,31,26,5,0,0,4.26,2,100.0,0,18,0,265,0,0,0,0,,1,0,0,0,0.0,4,0,1,0,271,0,15,0,0,8,51,32,86,1,27,0.0,0.0,0,0,0,0,0,0,0.0,8,0,0,0.0,0,81,0,0,12,100.0,439,314,510,824,207.2,0,3,1090,6,1,0
Nikola Krstović,839156,Lecce,2689,italy,2425,3068,37,37,7.14,11,5,16,12.05,1.68,23,2,25.0,171,22,56.41,278,148,424,66.67,94,41.41,133,0,0,1,72,5,9,27,3,24,37,0,0,40,9,265,0,0,57,1,8.03,0,52,44,8,9,2,,87,39.73,1,0,4,212,7,30,3,20,,0,0,3,0,66.67,0,2,0,0,392,23,0,0,7,0,0,0,0,0,0,278.91,16.67,6,83,54,68,42,17,28.33,0,18,9,50.0,30,40,60,8,181,40.58,39,466,178,636,264.2,137,3,1169,55,6,0
Juan Miranda,855829,Bologna,2685,italy,2425,2291,31,25,7.14,0,6,6,0.72,5.56,61,57,27.01,355,99,44.39,662,576,1181,82.07,37,52.86,33,0,0,0,97,10,0,9,7,44,31,0,1,8,19,96,0,1,26,0,0.0,0,32,26,6,0,0,,71,52.99,0,0,0,258,23,58,0,2,,0,1,0,0,0.0,0,0,0,0,501,6,0,1,0,0,0,0,0,0,0,0.0,0.0,6,5,17,8,5,7,36.84,0,32,18,56.25,57,135,19,211,108,52.94,223,1007,643,1439,221.2,22,3,2155,33,4,0
Lucas Da Cunha,911848,Como,2704,italy,2425,2625,36,30,7.13,3,2,5,2.0,4.65,53,35,34.31,392,65,62.5,802,631,1398,87.87,16,38.1,26,0,0,0,157,7,0,14,5,29,36,0,0,16,19,96,1,0,21,0,8.11,0,37,33,4,1,2,,86,55.13,0,0,0,193,17,57,2,1,,0,2,0,0,0.0,0,0,0,0,319,18,0,0,1,0,0,0,0,0,0,875.0,0.0,3,11,26,9,14,12,41.38,0,45,25,55.56,55,94,29,102,102,51.52,104,1007,686,1591,256.6,37,2,1996,29,4,0
Nicolò Rovella,937324,Lazio,2699,italy,2425,2728,33,31,7.12,0,3,3,1.55,2.12,65,7,18.92,324,105,60.69,900,954,1847,91.03,11,35.48,20,0,0,0,154,6,2,8,3,42,33,0,0,14,38,118,2,1,43,0,0.0,0,41,37,4,0,0,,135,57.94,0,0,0,182,47,31,0,2,,0,0,0,0,0.0,0,0,0,0,258,8,0,0,0,0,0,0,0,0,0,0.0,0.0,2,8,20,12,8,18,75.0,0,84,50,59.52,31,123,24,37,146,55.3,173,1061,1005,2029,235.0,28,0,2445,33,13,0
Kialonda Gaspar,1090374,Lecce,2689,italy,2425,2143,24,24,7.12,0,1,1,1.11,0.66,14,1,33.33,46,66,53.66,191,606,796,86.8,95,67.86,45,0,0,0,58,2,0,3,6,130,24,0,0,1,5,61,0,1,9,0,0.0,2,36,30,6,0,0,,57,78.08,0,0,2,121,32,6,0,0,,0,0,0,1,0.0,0,0,0,0,142,0,0,0,0,0,0,0,0,0,0,0.0,0.0,0,14,2,12,1,8,80.0,0,34,12,35.29,6,30,10,3,152,71.36,123,267,653,917,170.9,16,2,1276,20,3,0
Dan Ndoye,944327,Bologna,2685,italy,2425,2151,30,26,7.12,8,4,12,6.96,2.69,18,4,9.09,242,22,55.0,378,129,503,78.47,15,41.67,21,0,0,0,89,8,7,14,2,4,30,0,0,46,12,143,0,0,23,0,15.38,0,25,21,4,8,0,,163,57.19,0,0,2,138,9,27,1,13,,0,0,2,0,100.0,0,2,0,1,362,9,0,0,7,0,0,0,0,0,0,268.88,0.0,0,40,12,18,20,37,46.25,0,26,19,73.08,27,40,80,44,178,55.45,40,539,146,641,213.6,52,3,1185,101,4,0
Assane Diao,1493689,Como,2704,italy,2425,1257,15,14,7.12,8,1,9,3.7,0.57,3,0,0.0,100,5,83.33,167,71,238,82.93,18,34.62,34,0,0,0,41,1,0,9,1,13,15,0,0,38,16,143,0,0,20,0,28.57,0,15,14,1,8,0,,91,45.5,1,0,0,49,3,8,2,6,,0,0,0,0,0.0,0,0,0,0,189,9,0,0,5,0,0,0,0,0,0,157.13,0.0,0,25,3,6,13,19,35.19,0,25,14,56.0,8,5,54,12,109,43.25,6,213,86,287,106.8,28,2,617,49,2,0
Adrián Bernabé,934384,Parma,2690,italy,2425,1461,21,18,7.12,1,1,2,1.35,1.51,45,6,20.69,224,71,65.74,467,354,815,85.7,5,55.56,4,0,0,0,72,1,1,11,0,22,20,0,0,14,18,57,0,1,9,0,3.7,0,22,17,5,0,1,,79,59.85,0,0,1,136,7,23,1,0,,0,1,0,0,0.0,0,0,0,0,202,2,0,0,0,0,0,0,0,0,0,1461.0,0.0,7,2,25,11,5,15,53.57,0,29,18,62.07,22,91,28,29,84,59.57,108,598,382,951,142.4,27,1,1213,36,1,0
Berat Djimsiti,151003,Atalanta,2686,italy,2425,2652,34,32,7.12,1,2,3,2.69,0.73,31,3,27.27,210,58,48.74,589,879,1465,88.09,91,60.67,59,0,0,0,102,2,6,4,7,138,34,0,0,1,11,94,1,1,23,0,5.0,0,31,28,3,1,0,,74,67.89,1,0,1,198,40,11,0,0,,1,0,0,1,0.0,0,0,0,0,222,2,0,0,0,0,0,0,0,0,0,2652.0,0.0,0,20,0,12,4,1,50.0,0,53,33,62.26,11,64,2,11,165,63.71,119,722,952,1663,242.0,20,3,2060,21,6,0
Gabriel Strefezza,877201,Como,2704,italy,2425,2632,37,32,7.11,6,4,10,3.64,4.14,46,31,25.2,335,34,52.31,593,275,837,82.06,10,28.57,25,0,0,0,108,5,2,15,1,25,37,0,0,53,34,189,0,0,46,0,10.34,0,34,29,5,4,2,,164,50.0,0,0,1,183,13,57,2,2,,0,0,0,0,0.0,0,0,0,0,419,20,0,0,4,0,0,0,0,0,0,438.67,0.0,2,29,29,21,22,36,52.17,0,57,39,68.42,57,95,69,123,174,47.93,65,836,307,1020,263.1,58,4,1639,71,5,0
Pedro,35428,Lazio,2699,italy,2425,1093,30,6,7.11,10,1,11,5.34,2.07,24,16,24.62,168,21,70.0,317,160,461,86.98,1,14.29,6,0,0,0,59,3,3,8,0,3,29,0,0,21,11,65,0,1,17,0,25.64,0,18,16,2,10,0,,59,50.0,1,0,1,69,3,23,4,1,,0,1,2,0,100.0,0,2,0,0,176,8,0,0,5,0,0,0,0,0,0,109.3,0.0,0,21,18,13,18,16,59.26,0,19,14,73.68,22,31,27,65,60,48.0,30,419,176,530,206.2,39,4,785,24,3,0
Francesco Acerbi,126816,Inter,2697,italy,2425,1714,23,20,7.11,0,1,1,0.4,1.37,22,8,80.0,122,44,56.41,424,768,1184,92.72,62,67.39,30,0,0,0,62,2,0,1,4,79,23,0,0,2,6,50,0,0,11,0,0.0,7,21,18,3,0,0,,43,68.25,0,0,0,93,26,10,0,2,,0,0,0,0,0.0,0,0,0,0,107,1,0,0,0,0,0,0,0,0,0,0.0,0.0,0,5,0,3,1,3,75.0,0,23,19,82.61,10,34,4,10,105,67.74,78,475,812,1277,163.5,5,3,1521,18,0,0
Alberto Paleari,259281,Torino,2696,italy,2425,90,1,1,7.1,0,0,0,,0.0,1,0,0.0,0,9,69.23,7,16,23,85.19,1,100.0,0,0,0,0,9,0,0,0,0,2,1,0,0,0,0,0,0,0,0,0,0.0,6,3,3,0,0,0,-0.76,0,0.0,0,0,0,4,0,0,0,0,,0,0,0,0,0.0,0,0,0,0,4,0,0,0,0,2,4,0,4,0,1,0.0,0.0,0,0,0,0,0,0,0.0,2,0,0,0.0,0,2,0,0,1,100.0,13,10,17,27,7.1,0,0,39,1,0,0
Estanis Pedrola,1142256,Bologna,2685,italy,2425,8,1,0,7.1,0,0,0,0.07,0.17,0,0,0.0,5,0,0.0,7,0,7,87.5,0,0.0,0,0,0,0,0,0,0,1,0,0,1,0,0,0,0,2,0,0,1,0,0.0,0,0,0,0,0,0,,2,50.0,0,0,0,1,0,2,0,0,,0,0,0,0,0.0,0,0,0,0,2,0,0,0,0,0,0,0,0,0,0,0.0,0.0,0,1,1,1,0,2,66.67,0,0,0,0.0,2,0,3,0,2,50.0,0,8,0,8,7.1,2,0,14,0,0,0
Charles De Ketelaere,960441,Atalanta,2686,italy,2425,2079,36,25,7.1,7,7,14,7.28,4.84,25,13,23.21,355,27,61.36,563,168,718,79.25,37,48.68,39,0,0,0,78,12,10,10,0,9,36,0,0,50,11,164,1,0,22,0,14.58,0,22,20,2,7,0,,94,42.92,3,0,2,188,3,40,4,2,,0,1,0,0,0.0,0,0,0,0,393,15,0,0,0,0,0,0,0,0,0,297.0,0.0,0,46,2,17,21,43,48.86,0,13,9,69.23,39,55,88,56,131,44.41,44,771,191,906,255.5,48,5,1362,39,1,0
Yann Sommer,16206,Inter,2697,italy,2425,2970,33,33,7.09,0,0,0,,0.02,59,0,0.0,10,160,51.28,50,981,1031,86.71,4,100.0,0,0,0,0,213,0,0,0,13,22,33,0,0,0,0,0,0,1,0,0,0.0,126,32,29,3,0,0,0.11,1,100.0,0,13,0,158,0,0,0,0,,0,0,0,0,0.0,4,0,1,0,165,0,9,0,0,10,53,32,85,0,18,0.0,0.0,0,0,0,0,0,0,0.0,9,0,0,0.0,0,98,0,0,5,100.0,312,156,1033,1189,234.1,0,1,1457,1,0,0
Johan Vásquez,889785,Genoa,2713,italy,2425,3041,36,34,7.09,3,0,3,2.44,0.41,59,2,28.57,109,84,39.07,367,1119,1484,85.14,94,55.62,75,0,0,0,122,0,2,10,9,145,36,0,0,5,18,131,0,1,31,0,8.33,19,43,38,5,3,0,,92,62.16,2,0,1,259,50,7,0,1,,0,0,0,1,0.0,0,0,0,1,300,4,0,0,1,0,0,0,0,0,0,1013.67,0.0,1,28,8,18,8,5,71.43,0,56,31,55.36,7,126,7,7,186,58.68,215,540,1210,1743,255.1,36,4,2236,32,9,0
Sebastiano Esposito,965008,Empoli,2705,italy,2425,2341,33,27,7.08,8,0,8,5.69,2.15,46,9,16.36,191,29,43.94,320,118,429,63.84,27,32.53,56,0,0,1,106,3,1,22,0,9,33,0,0,50,17,196,0,0,47,0,13.11,0,42,36,6,8,0,,141,50.18,2,0,1,243,12,36,1,10,,0,0,2,0,50.0,0,1,0,2,467,26,0,0,5,0,0,0,0,0,0,292.63,0.0,10,38,23,18,21,29,48.33,0,57,29,50.88,36,103,60,55,168,46.15,66,573,154,672,233.8,61,1,1225,56,1,0
Wladimiro Falcone,256667,Lecce,2689,italy,2425,3420,38,38,7.08,0,0,0,,0.07,41,0,0.0,41,249,35.42,176,438,614,57.12,17,100.0,0,0,0,0,303,0,0,0,9,50,38,0,0,0,0,1,1,2,1,0,0.0,178,58,50,8,0,0,-2.37,7,87.5,0,28,0,461,0,0,0,0,,0,0,0,1,0.0,10,0,1,0,470,0,21,0,0,14,78,48,129,0,27,0.0,0.0,0,0,0,0,0,0,0.0,13,0,0,0.0,0,79,0,0,24,96.0,703,549,526,1075,269.1,0,3,1433,10,2,0
Mike Maignan,191210,Milan,2692,italy,2425,3295,37,37,7.08,0,0,0,,0.21,57,0,0.0,34,204,50.12,102,1062,1164,84.72,4,100.0,0,0,0,0,288,1,0,0,12,25,37,0,0,0,1,2,2,1,1,0,0.0,194,41,33,8,0,0,-3.41,8,80.0,0,21,0,210,0,5,0,0,,0,0,0,1,0.0,2,0,1,0,216,0,6,0,0,24,62,36,99,2,24,0.0,0.0,0,0,0,0,0,1,100.0,23,0,0,0.0,5,89,1,0,12,85.71,407,254,1120,1374,262.0,0,4,1722,7,2,0
Yerry Mina,360396,Cagliari,2719,italy,2425,2576,31,31,7.08,1,0,1,2.34,0.7,21,1,100.0,94,56,41.48,291,901,1191,86.05,97,64.24,54,0,0,0,158,1,5,7,5,155,31,0,0,13,12,117,1,2,40,0,3.85,5,40,37,3,1,0,,124,66.31,1,0,1,193,37,4,0,2,,0,0,0,0,0.0,0,0,0,0,231,1,0,1,0,0,0,0,0,0,0,2576.0,0.0,0,25,1,11,8,3,60.0,0,66,32,48.48,4,55,5,1,221,65.38,135,430,955,1384,219.5,26,1,1887,58,4,1
Strahinja Pavlović,965893,Milan,2692,italy,2425,1869,24,21,7.08,2,1,3,1.8,0.39,33,2,20.0,138,47,42.73,438,764,1200,89.02,45,66.18,23,0,0,0,67,2,0,5,7,78,23,0,1,4,21,69,0,0,20,0,11.76,38,25,19,6,2,0,,74,61.67,1,0,0,148,16,6,0,2,,0,0,0,0,0.0,0,0,0,1,190,1,0,1,0,0,0,0,0,0,0,934.5,0.0,1,11,6,4,8,4,50.0,0,52,31,59.62,6,87,8,10,119,63.3,110,545,813,1348,162.8,17,3,1628,18,3,0
Angeliño,848355,Roma,2702,italy,2425,3179,38,36,7.08,2,1,3,1.07,3.96,93,36,31.03,341,93,46.27,720,640,1324,82.03,31,53.45,27,0,0,0,101,7,2,11,13,87,38,0,0,9,17,96,0,0,32,0,8.7,1,32,29,3,2,0,,89,56.33,0,0,0,290,28,51,2,5,,0,1,0,0,0.0,0,0,0,1,475,5,0,0,0,0,0,0,0,0,0,1589.5,0.0,0,15,8,7,5,11,50.0,0,46,24,52.17,50,194,22,116,120,55.56,201,1020,710,1614,268.9,23,4,2333,33,1,0
Mattéo Guendouzi,852404,Lazio,2699,italy,2425,3274,37,37,7.07,1,3,4,1.34,2.78,63,5,23.81,608,111,66.87,1207,725,1927,90.6,18,45.0,22,0,0,0,173,3,1,10,7,45,37,0,0,18,27,104,0,2,28,0,3.7,0,47,43,4,1,0,,87,51.48,0,0,2,200,32,44,0,1,,0,1,0,1,0.0,0,0,0,0,279,15,0,0,1,0,0,0,0,0,0,3274.0,0.0,0,12,15,8,9,15,60.0,0,37,21,56.76,43,108,25,21,105,50.24,166,1377,771,2127,261.7,27,1,2526,35,8,0
Frank Anguissa,787941,Napoli,2714,italy,2425,2857,35,32,7.07,6,4,10,4.45,2.65,37,3,13.04,339,40,57.97,725,539,1261,85.49,68,56.2,53,0,0,0,150,3,3,14,11,40,35,0,0,35,19,161,1,0,39,0,13.64,0,23,17,6,5,1,,102,48.57,3,0,3,214,35,26,3,2,,0,0,0,1,0.0,0,0,0,1,337,17,0,0,0,0,0,0,0,0,0,476.17,0.0,0,29,15,17,13,25,58.14,0,42,26,61.9,26,55,43,23,170,51.36,69,893,605,1475,247.4,44,3,1926,36,5,0
Ruslan Malinovskyi,195850,Genoa,2713,italy,2425,383,9,4,7.07,0,2,2,0.24,0.7,9,2,66.67,51,10,62.5,101,61,160,81.63,7,53.85,6,0,0,0,16,4,0,2,0,4,9,0,0,5,3,23,0,0,9,0,0.0,0,2,2,0,0,0,,20,54.05,0,0,0,36,1,8,0,0,,0,0,0,0,0.0,0,0,0,0,50,2,0,0,0,0,0,0,0,0,0,0.0,0.0,3,0,9,4,3,3,75.0,0,12,8,66.67,8,18,4,3,27,54.0,16,129,70,196,63.6,9,1,256,5,2,0
Paulo Azzi,383314,Cagliari,2719,italy,2425,427,6,5,7.07,0,0,0,0.52,0.71,5,5,22.73,20,6,42.86,56,54,105,75.0,6,54.55,5,0,0,0,24,1,1,1,1,11,6,0,0,4,4,22,0,0,5,0,0.0,0,5,4,1,0,0,,22,56.41,0,0,0,35,5,5,0,0,,0,0,0,0,0.0,0,0,0,0,66,1,0,0,0,0,0,0,0,0,0,0.0,0.0,0,5,3,4,3,8,66.67,0,11,9,81.82,5,10,12,22,28,56.0,14,94,68,140,42.4,8,0,259,3,2,0
Rolando Mandragora,548178,Fiorentina,2693,italy,2425,1913,29,22,7.07,4,3,7,2.66,2.73,44,16,40.0,163,50,40.98,384,333,701,80.02,14,46.67,16,0,0,0,61,10,0,10,3,52,29,0,0,4,17,64,0,1,21,0,10.53,0,28,26,2,3,1,,69,58.97,0,0,3,175,17,33,4,2,,0,2,1,0,100.0,0,1,0,0,228,2,0,0,0,0,0,0,0,0,0,478.25,0.0,6,11,27,13,15,7,53.85,0,23,13,56.52,31,92,13,40,83,56.46,122,541,375,876,204.9,38,3,1182,39,7,0
Emerson Royal,856123,Milan,2692,italy,2425,1382,17,16,7.06,0,0,0,0.38,1.14,5,8,17.78,140,18,58.06,325,382,699,89.96,25,64.1,14,0,0,0,59,1,0,5,5,51,17,0,0,10,18,84,0,0,34,0,0.0,0,16,15,1,0,0,,83,54.25,0,0,0,78,14,15,0,0,,0,0,0,0,0.0,0,0,0,0,164,5,0,0,0,0,0,0,0,0,0,0.0,0.0,0,6,4,3,2,7,43.75,0,45,28,62.22,15,17,16,45,108,56.25,31,415,407,777,120.1,10,1,1157,32,5,0
Jean Butez,599114,Como,2704,italy,2425,1665,19,18,7.06,0,0,0,,0.04,53,0,0.0,28,113,41.7,63,433,496,75.15,6,100.0,0,0,0,0,197,0,0,0,5,20,19,0,0,0,2,3,0,1,1,0,0.0,43,20,19,1,0,0,0.17,2,40.0,0,21,0,164,0,1,0,0,,0,0,0,1,0.0,2,0,0,0,165,0,2,0,0,19,28,20,49,1,8,0.0,0.0,0,0,0,0,0,0,0.0,18,0,0,0.0,1,76,0,0,8,72.73,271,177,483,660,134.2,0,1,849,2,0,0
Henrikh Mkhitaryan,37151,Inter,2697,italy,2425,2410,32,30,7.06,1,4,5,1.49,4.13,50,8,33.33,457,58,81.69,868,455,1315,88.55,24,64.86,13,0,0,0,131,6,2,9,6,33,32,0,0,15,25,103,0,0,33,0,4.35,0,24,21,3,1,0,,73,44.79,0,0,1,170,17,30,1,5,,0,1,0,0,0.0,0,0,0,0,254,12,0,0,0,0,0,0,0,0,0,2410.0,0.0,0,8,15,12,2,7,26.92,0,43,24,55.81,29,71,26,24,97,48.5,71,1012,497,1485,226.0,23,2,1801,24,4,0
Giacomo Raspadori,865651,Napoli,2714,italy,2425,1119,26,11,7.06,6,1,7,4.1,2.19,15,19,28.36,92,14,60.87,187,92,260,76.25,5,31.25,11,0,0,0,43,2,3,17,0,11,25,0,0,9,4,39,0,0,12,1,14.29,0,13,8,5,5,1,,47,62.67,0,0,1,81,3,28,4,1,,0,0,0,0,0.0,0,0,0,0,167,6,0,0,2,0,0,0,0,0,0,186.5,50.0,2,30,12,11,14,9,75.0,0,18,9,50.0,28,28,12,67,52,57.14,23,296,112,341,176.5,42,1,588,20,1,0
Mattia Perin,79645,Juventus,2687,italy,2425,450,5,5,7.06,0,0,0,,0.01,4,0,0.0,3,16,30.77,8,107,115,75.66,1,100.0,0,0,0,0,48,0,0,0,3,2,5,0,0,0,0,0,0,0,0,0,0.0,12,3,3,0,0,0,0.33,0,0.0,0,3,0,37,0,0,0,0,,0,0,0,0,0.0,0,0,0,0,37,0,0,0,0,0,6,7,13,0,1,0.0,0.0,0,0,0,0,0,0,0.0,0,0,0,0.0,0,14,0,0,1,100.0,52,37,115,152,35.3,0,0,201,0,0,0
Matteo Politano,235672,Napoli,2714,italy,2425,2828,37,34,7.06,3,4,7,3.07,5.24,37,51,22.27,340,35,47.3,606,246,801,80.18,6,23.08,20,0,0,0,95,8,2,21,2,41,37,0,0,24,28,120,0,1,14,0,5.36,0,23,15,8,3,0,,92,47.92,0,0,1,198,13,56,3,6,,0,0,0,0,0.0,0,0,0,1,499,16,0,0,0,0,0,0,0,0,0,942.67,0.0,1,32,24,21,14,32,47.06,0,29,15,51.72,56,84,68,229,98,44.95,74,929,299,999,261.1,56,1,1655,31,3,0
Robin Gosens,377118,Fiorentina,2693,italy,2425,2527,32,29,7.06,5,5,10,1.82,1.71,33,13,20.31,198,31,33.33,428,427,842,78.99,72,62.61,43,0,0,0,69,4,3,7,6,82,32,0,0,5,19,96,0,0,24,0,21.74,0,32,27,5,5,0,,82,60.74,2,0,0,224,18,27,3,9,,0,0,0,0,0.0,0,0,0,0,355,5,0,0,0,0,0,0,0,0,0,505.4,0.0,0,18,5,8,8,4,44.44,0,56,32,57.14,27,61,9,64,154,61.6,93,635,495,1066,225.8,23,0,1663,23,6,0
Aarón Martín,797286,Genoa,2713,italy,2425,3088,36,35,7.06,0,8,8,0.89,6.09,59,79,30.86,207,75,44.64,487,540,948,81.09,20,37.04,34,0,0,0,146,8,0,5,10,65,36,0,0,17,18,118,0,1,38,0,0.0,0,44,37,7,0,0,,111,56.92,0,0,0,221,19,65,0,4,,0,0,0,1,0.0,0,0,0,0,516,12,0,0,0,0,0,0,0,0,0,0.0,0.0,5,5,11,7,4,12,50.0,0,71,47,66.2,65,143,24,256,131,52.61,168,805,620,1169,254.0,16,2,2038,28,5,0
Elseid Hysaj,136322,Lazio,2699,italy,2425,422,11,4,7.06,0,3,3,0.17,1.13,6,6,33.33,47,14,60.87,95,91,180,83.72,8,57.14,6,0,0,0,20,3,0,0,1,18,9,0,0,0,0,14,0,0,5,0,0.0,0,2,2,0,0,0,,15,65.22,0,0,0,35,5,6,0,0,,0,0,0,0,0.0,0,0,0,0,58,1,0,1,0,0,0,0,0,0,0,0.0,0.0,0,1,1,2,0,3,50.0,0,11,6,54.55,6,14,6,18,23,62.16,23,130,103,215,63.5,2,0,325,1,0,1
Khéphren Thuram,904832,Juventus,2687,italy,2425,2337,35,26,7.05,4,5,9,3.48,1.76,33,1,7.69,296,41,62.12,653,571,1223,89.4,28,48.28,30,0,0,0,110,8,3,8,4,37,35,0,0,23,14,130,0,2,36,0,11.11,0,23,21,2,3,1,,105,51.22,0,0,2,145,14,25,2,0,,0,0,0,0,0.0,0,0,0,0,244,6,0,0,2,0,0,0,0,0,0,584.25,0.0,0,16,20,17,11,39,58.21,0,44,21,47.73,25,60,67,13,133,50.57,66,775,606,1368,246.9,36,3,1746,22,5,0
Yacine Adli,859024,Fiorentina,2693,italy,2425,1276,26,15,7.05,4,6,10,1.03,2.25,52,14,22.22,184,76,64.41,431,282,699,85.66,5,23.81,16,0,0,0,77,6,0,4,1,19,24,0,0,8,22,71,0,0,9,0,28.57,0,16,13,3,3,1,,64,53.78,0,0,0,117,6,23,0,0,,0,0,0,0,0.0,0,0,0,0,215,3,0,1,4,0,0,0,0,0,0,319.0,0.0,2,4,10,5,5,12,42.86,0,32,19,59.38,23,89,28,63,69,49.29,118,568,311,816,169.3,14,1,1077,20,1,1
Edoardo Bove,986352,Fiorentina,2693,italy,2425,884,12,11,7.05,1,2,3,0.56,0.83,9,0,0.0,84,14,58.33,174,105,279,83.28,12,42.86,16,0,0,0,45,1,0,2,3,6,12,0,0,11,14,63,0,0,16,0,14.29,0,7,5,2,1,0,,51,52.04,0,0,0,56,6,11,0,0,,0,0,0,0,0.0,0,0,0,1,93,2,0,0,1,0,0,0,0,0,0,884.0,0.0,0,6,1,3,2,7,50.0,0,24,17,70.83,11,14,14,2,63,50.0,24,218,119,335,84.6,7,1,481,21,3,0
Tiago Gabriel,1651825,Lecce,2689,italy,2425,94,2,0,7.05,0,0,0,,0.04,1,0,0.0,3,4,80.0,11,24,35,87.5,5,83.33,1,0,0,0,2,0,0,0,0,11,2,0,0,0,0,1,0,0,0,0,0.0,0,1,1,0,0,0,,0,0.0,0,0,0,5,0,0,0,0,,0,0,0,0,0.0,0,0,0,0,5,0,0,0,0,0,0,0,0,0,0,0.0,0.0,0,0,0,0,0,0,0.0,0,0,0,0.0,0,1,0,0,5,83.33,5,14,26,40,14.1,0,0,56,0,0,0
Simone Perilli,253369,Hellas Verona,2701,italy,2425,180,2,2,7.05,0,0,0,,0.0,1,0,0.0,1,9,20.45,7,4,11,23.91,1,100.0,0,0,0,0,12,0,0,0,0,2,2,0,0,0,0,0,0,0,0,0,0.0,14,2,2,0,0,0,1.26,0,0.0,0,2,0,35,0,0,0,0,,0,0,0,0,0.0,0,0,0,0,36,0,1,0,0,2,3,6,9,0,1,0.0,0.0,0,0,0,0,0,0,0.0,2,0,0,0.0,0,2,0,0,1,100.0,44,39,7,46,14.1,0,0,62,0,0,0
Mats Hummels,16632,Roma,2702,italy,2425,918,14,11,7.05,0,0,0,0.47,0.09,9,0,0.0,25,21,60.0,142,246,388,89.4,23,58.97,16,0,0,0,41,0,1,1,5,43,13,0,0,1,7,34,0,0,9,0,0.0,2,9,7,2,0,0,,38,67.86,0,0,0,46,26,2,0,0,,1,0,0,0,0.0,0,0,0,0,51,1,0,0,0,0,0,0,0,0,0,0.0,0.0,0,6,2,6,1,4,66.67,0,30,15,50.0,2,14,6,2,61,64.21,35,177,259,434,91.6,8,1,578,4,1,0
Stefan de Vrij,91046,Inter,2697,italy,2425,1719,26,18,7.04,3,0,3,1.1,0.33,15,0,0.0,81,34,53.13,438,869,1307,93.29,65,63.11,38,0,0,0,66,0,1,6,7,88,25,0,0,1,3,56,0,0,9,0,23.08,3,19,17,2,3,0,,26,59.09,1,0,0,94,23,1,1,0,,0,0,0,0,0.0,0,0,0,0,104,0,0,0,1,0,0,0,0,0,0,573.0,0.0,0,13,0,4,3,3,37.5,0,18,12,66.67,1,29,8,0,91,61.9,64,501,900,1401,176.1,13,3,1628,5,2,0
Nicolás Valentini,1116570,Hellas Verona,2701,italy,2425,1132,14,13,7.04,0,0,0,0.33,0.39,31,0,0.0,56,40,32.79,130,180,310,68.43,50,79.37,13,0,0,0,43,2,0,5,3,91,14,0,0,2,11,46,0,0,22,0,0.0,0,11,11,0,0,0,,42,56.0,0,0,0,143,15,6,0,0,,0,0,0,1,0.0,0,0,0,0,159,0,0,1,0,0,0,0,0,0,0,0.0,0.0,0,7,1,3,0,2,100.0,0,35,23,65.71,6,81,2,5,92,66.67,122,243,215,453,98.6,8,0,673,5,3,1
Evan Ndicka,848287,Roma,2702,italy,2425,3420,38,38,7.04,0,1,1,0.97,0.42,50,0,0.0,179,85,44.97,700,1590,2290,92.19,62,55.36,50,0,0,0,134,2,0,5,16,145,38,0,0,3,7,97,0,2,37,0,0.0,54,35,32,3,0,0,,54,53.47,0,0,0,194,33,8,0,1,,0,0,0,0,0.0,0,0,0,0,222,3,0,0,0,0,0,0,0,0,0,0.0,0.0,0,18,0,8,5,0,0.0,0,32,26,81.25,8,99,2,0,116,54.46,189,827,1657,2484,267.6,18,0,2861,23,2,0
Randal Kolo Muani,871706,Juventus,2687,italy,2425,1164,16,13,7.04,8,1,9,4.7,0.76,1,0,0.0,66,2,100.0,101,49,150,72.82,10,27.03,27,0,0,0,33,2,4,7,2,2,16,0,0,23,1,101,0,0,27,0,30.77,0,15,13,2,8,0,,49,39.84,1,0,0,56,4,17,1,6,,0,0,1,0,100.0,0,1,0,0,156,8,0,0,6,0,0,0,0,0,0,145.5,0.0,0,25,1,5,14,18,42.86,0,11,7,63.64,17,2,42,8,59,36.88,2,156,58,206,112.6,26,1,421,20,0,0
Mario Gila Fuentes,965828,Lazio,2699,italy,2425,2742,32,31,7.04,1,0,1,1.03,1.04,46,1,16.67,225,127,67.91,734,1136,1869,91.98,67,51.15,64,0,0,0,153,1,0,4,7,110,32,0,0,7,19,128,3,1,32,0,6.67,27,35,33,2,1,0,,88,57.89,1,0,0,163,28,15,0,0,,1,0,0,0,0.0,0,0,0,0,204,1,0,0,0,0,0,0,0,0,0,2742.0,0.0,0,10,5,7,4,4,33.33,0,55,37,67.27,15,84,12,6,155,54.77,187,844,1194,2032,225.2,15,2,2403,30,8,0
Teun Koopmeiners,803033,Juventus,2687,italy,2425,1997,28,23,7.04,3,3,6,3.78,3.78,27,28,24.78,224,20,62.5,458,287,717,87.76,22,50.0,22,0,0,0,51,1,5,14,7,23,28,0,0,16,20,101,1,1,32,0,7.14,0,19,17,2,3,0,,51,39.23,0,0,1,100,8,39,2,3,,0,1,0,0,0.0,0,0,0,0,261,8,0,0,1,0,0,0,0,0,0,665.67,0.0,2,24,18,17,11,10,47.62,0,32,16,50.0,38,43,21,113,73,41.95,32,622,308,817,197.0,42,1,1221,9,3,0
Denzel Dumfries,759520,Inter,2697,italy,2425,1951,29,20,7.03,7,2,9,5.3,2.77,11,14,24.56,165,17,48.57,312,182,480,76.68,57,72.15,22,0,0,0,65,6,5,9,5,22,29,0,0,14,13,122,0,1,54,0,19.44,0,23,21,2,7,0,,56,35.9,3,0,3,146,6,21,1,6,,0,0,0,0,0.0,0,0,0,2,302,12,0,0,3,0,0,0,0,0,0,278.71,0.0,0,35,1,8,19,13,31.71,0,25,18,72.0,21,23,41,57,113,48.09,35,471,212,626,204.0,36,4,1104,18,4,0
Mathías Olivera,805078,Napoli,2714,italy,2425,2371,32,26,7.03,0,2,2,1.14,0.83,34,5,22.73,224,46,47.92,532,662,1189,85.91,41,52.56,37,0,0,0,93,2,1,2,9,66,32,0,0,13,21,105,0,1,28,0,0.0,0,16,12,4,0,0,,90,56.96,0,0,0,195,28,25,0,2,,0,0,0,0,0.0,0,0,0,1,279,3,0,0,0,0,0,0,0,0,0,0.0,0.0,0,10,6,12,2,5,35.71,0,63,35,55.56,25,81,14,22,131,55.51,96,655,751,1384,225.1,16,1,1943,22,4,0
Moise Kean,835601,Fiorentina,2693,italy,2425,2710,32,31,7.03,19,3,22,19.32,1.08,13,2,22.22,79,9,75.0,144,82,224,71.79,52,51.49,49,0,0,1,52,4,22,16,4,26,32,0,0,53,1,189,0,1,41,0,18.1,0,34,30,4,18,1,,102,42.15,3,0,3,88,6,19,3,57,,0,0,2,1,50.0,0,1,0,0,301,16,0,0,13,0,0,0,0,0,0,142.63,0.0,0,83,22,38,51,44,47.31,0,7,5,71.43,19,17,93,9,154,44.9,12,221,100,312,225.0,105,2,840,52,6,0
Duván Zapata,38162,Torino,2696,italy,2425,589,7,7,7.03,3,0,3,3.35,0.46,3,3,100.0,38,5,83.33,54,33,84,69.42,20,40.82,29,0,0,0,15,1,4,5,1,7,7,0,0,8,3,56,0,0,10,0,14.29,0,9,8,1,3,0,,16,37.21,2,0,0,37,2,9,0,2,,0,0,0,0,0.0,0,0,0,0,63,3,0,0,1,0,0,0,0,0,0,196.33,0.0,0,19,2,6,10,1,12.5,0,7,5,71.43,9,5,8,3,36,39.13,6,83,41,121,49.2,21,0,211,8,1,0
Zion Suzuki,905351,Parma,2690,italy,2425,3315,37,37,7.03,0,0,0,,0.11,48,0,0.0,86,250,34.34,180,649,829,63.23,16,94.12,1,0,0,0,344,0,0,0,7,53,37,1,0,0,1,4,0,4,3,0,0.0,223,53,47,6,0,0,-0.99,4,57.14,0,55,0,482,0,0,0,0,,0,0,0,1,0.0,5,0,0,0,489,0,18,1,0,20,75,24,100,0,22,0.0,0.0,0,0,0,0,0,0,0.0,19,1,0,0.0,0,83,0,0,20,83.33,728,621,690,1311,260.0,0,2,1737,6,0,1
Bryan Cristante,186855,Roma,2702,italy,2425,2047,30,23,7.03,4,2,6,2.11,1.3,58,2,13.33,260,58,52.73,632,433,1063,83.5,63,52.07,58,0,0,0,109,3,3,11,8,34,30,0,0,13,11,125,0,1,37,0,13.33,0,20,17,3,2,2,,61,47.66,2,0,0,210,19,18,0,0,,0,1,0,0,0.0,0,0,0,0,271,7,0,0,2,0,0,0,0,0,0,511.75,0.0,0,19,11,12,7,6,50.0,0,48,29,60.42,17,100,12,15,124,49.8,110,804,484,1273,210.8,30,1,1543,9,8,0
Matteo Gabbia,826195,Milan,2692,italy,2425,2161,26,24,7.02,2,0,2,1.08,0.25,41,1,50.0,95,72,54.14,366,946,1311,91.49,49,57.65,36,0,0,0,69,0,1,3,8,100,26,0,0,1,2,56,0,1,20,0,14.29,3,22,17,5,2,0,,26,56.52,2,0,0,122,15,2,0,1,,0,0,0,0,0.0,0,0,0,1,133,0,0,0,0,0,0,0,0,0,0,1080.5,0.0,0,13,1,7,4,1,100.0,0,21,15,71.43,2,78,1,2,75,57.25,133,442,993,1433,182.6,14,0,1648,6,4,0
Benjamin Pavard,787505,Inter,2697,italy,2425,1584,23,18,7.02,0,1,1,0.55,0.95,26,2,18.18,170,42,58.33,429,603,1030,92.05,40,54.79,33,0,0,0,46,3,0,4,6,50,23,0,0,1,7,58,0,0,18,0,0.0,0,16,14,2,0,0,,38,60.32,0,0,0,89,16,8,0,2,,0,0,0,0,0.0,0,0,0,0,108,4,0,0,0,0,0,0,0,0,0,0.0,0.0,0,6,2,3,1,0,0.0,0,29,16,55.17,8,42,1,11,78,57.35,72,509,621,1119,161.4,8,2,1311,9,4,0
Răzvan Sava,1001997,Udinese,2695,italy,2425,1080,12,12,7.02,0,0,0,,0.02,13,0,0.0,11,55,32.93,39,213,252,68.85,0,0.0,1,0,0,0,71,0,0,0,4,12,12,0,0,0,0,2,0,2,1,0,0.0,55,16,15,1,0,0,-0.88,1,50.0,0,3,0,114,0,0,0,0,,0,0,0,1,0.0,3,0,0,0,119,0,6,0,0,5,27,10,38,0,11,0.0,0.0,0,0,0,0,0,0,0.0,5,0,0,0.0,0,20,0,0,1,33.33,167,136,230,366,84.2,0,0,452,1,1,0
Stefano Turati,893752,Monza,2729,italy,2425,2677,30,30,7.02,0,0,0,,0.05,32,0,0.0,34,210,40.86,134,505,639,67.48,11,91.67,1,0,0,0,229,0,0,0,2,25,30,0,0,0,1,2,2,0,0,0,0.0,131,52,44,8,0,0,-4.25,4,80.0,0,21,0,308,0,0,0,0,,0,0,0,0,0.0,4,0,2,0,313,0,4,0,0,13,69,26,95,0,33,0.0,0.0,0,0,0,0,0,0,0.0,13,0,0,0.0,0,59,0,0,15,88.24,514,346,601,947,210.5,0,3,1240,12,1,0
Marc-Oliver Kempf,226974,Como,2704,italy,2425,2617,31,30,7.02,0,0,0,1.59,1.18,57,1,25.0,152,75,44.91,462,1026,1487,87.83,109,71.71,43,0,0,0,106,2,2,5,6,132,31,0,0,5,11,77,1,3,21,0,0.0,56,35,31,4,0,0,,53,60.92,0,0,1,206,33,10,0,0,,0,0,0,0,0.0,0,0,0,0,238,3,0,1,0,0,0,0,0,0,0,0.0,0.0,0,19,1,11,4,4,80.0,0,30,20,66.67,10,121,5,4,162,67.78,167,598,1099,1693,217.5,20,2,2051,20,4,1
Pablo Marí,208988,Fiorentina,2693,italy,2425,2727,32,31,7.02,0,0,0,0.3,0.25,33,0,0.0,97,85,47.75,406,1153,1559,90.69,71,68.27,33,0,0,0,98,1,0,4,6,177,32,0,0,7,15,96,0,2,41,0,0.0,52,37,34,3,0,0,,56,47.06,0,0,0,160,62,4,0,0,,0,0,0,1,0.0,0,0,0,0,181,2,0,1,0,0,0,0,0,0,0,0.0,0.0,0,4,3,2,1,6,85.71,0,40,24,60.0,4,71,7,1,127,56.95,178,518,1202,1719,224.5,7,1,2122,10,4,1
Dodô,822518,Fiorentina,2693,italy,2425,3119,35,35,7.01,0,5,5,1.3,4.27,44,34,23.61,227,59,44.7,554,581,1101,81.92,13,43.33,17,0,0,0,183,8,3,9,9,51,35,0,0,26,24,135,0,2,24,0,0.0,0,36,32,4,0,0,,156,56.93,0,0,0,243,35,36,0,3,,0,0,0,0,0.0,0,0,0,2,544,16,0,0,0,0,0,0,0,0,0,0.0,0.0,0,18,9,12,6,52,53.06,0,44,30,68.18,36,87,98,144,169,55.59,132,827,661,1344,245.5,27,0,2236,61,8,0
Ardian Ismajli,840414,Empoli,2705,italy,2425,2510,29,29,7.01,0,0,0,0.31,0.09,20,0,0.0,15,59,48.36,169,702,871,86.84,79,59.4,54,0,0,0,83,0,1,1,5,246,29,0,0,3,4,82,0,3,21,0,0.0,10,36,31,5,0,0,,57,67.06,0,0,0,132,56,2,0,0,,0,0,0,0,0.0,0,0,0,0,144,0,0,0,0,0,0,0,0,0,0,0.0,0.0,0,5,0,4,0,0,0.0,0,30,23,76.67,2,38,0,0,136,62.39,122,246,757,1003,203.4,5,0,1456,29,3,0
Michele Di Gregorio,844609,Juventus,2687,italy,2425,2970,33,33,7.01,0,0,0,,0.05,63,0,0.0,32,168,42.75,99,540,639,73.62,11,91.67,1,0,0,0,211,1,0,0,14,29,33,0,0,0,0,1,0,0,0,0,0.0,146,32,30,2,0,0,-3.6,3,100.0,0,27,0,229,1,1,0,0,,0,0,0,0,0.0,5,0,0,0,233,0,15,0,0,11,42,29,72,2,7,0.0,0.0,0,0,0,0,0,0,0.0,10,0,0,0.0,1,96,0,0,14,93.33,393,281,587,868,231.3,0,0,1135,7,0,0
Sam Beukema,898815,Bologna,2685,italy,2425,3016,35,33,7.01,0,1,1,1.46,1.03,71,3,37.5,238,112,45.53,696,1124,1817,86.69,98,56.32,76,0,0,0,135,1,2,2,11,105,35,0,0,8,19,124,0,0,28,0,0.0,1,39,33,6,0,0,,86,64.18,0,0,0,279,30,10,0,2,,0,0,0,1,0.0,0,0,0,0,308,1,0,0,0,0,0,0,0,0,0,0.0,0.0,0,14,1,8,5,1,100.0,0,54,29,53.7,10,146,1,8,184,59.74,246,903,1201,2096,245.3,15,1,2479,36,1,0
Ionuț Radu,815202,Venezia,2688,italy,2425,1350,15,15,7.01,0,0,0,,0.03,18,0,0.0,21,88,28.39,55,201,256,53.11,2,100.0,0,0,0,0,134,0,0,0,4,13,15,0,0,0,0,0,0,0,0,0,0.0,73,18,17,1,0,0,0.77,1,100.0,0,13,0,226,0,0,0,0,,0,0,0,0,0.0,3,0,0,0,232,0,4,0,0,1,34,13,48,0,9,0.0,0.0,0,0,0,0,0,1,100.0,1,0,0,0.0,0,32,1,0,3,100.0,310,238,244,482,105.1,0,0,629,1,1,0
Stanislav Lobotka,150383,Napoli,2714,italy,2425,2647,32,31,7.01,0,1,1,0.33,1.86,61,2,100.0,285,82,73.87,744,856,1598,91.05,6,50.0,6,0,0,0,166,1,0,2,8,55,32,0,0,12,12,56,1,0,24,0,0.0,0,20,13,7,0,0,,86,63.24,0,0,0,157,21,17,0,0,,0,0,0,1,0.0,0,0,0,0,190,17,0,0,0,0,0,0,0,0,0,0.0,0.0,0,3,4,5,0,8,72.73,0,47,30,63.83,17,89,11,2,92,62.16,111,847,910,1755,224.2,7,0,2029,31,3,0
Nuno Tavares,944973,Lazio,2699,italy,2425,1698,23,22,7.0,0,8,8,1.09,4.92,23,34,26.98,187,24,61.54,413,273,652,84.13,11,50.0,11,0,0,0,104,10,2,8,1,33,23,0,0,32,20,122,1,1,18,0,0.0,0,23,21,2,0,0,,107,49.08,0,0,1,123,21,33,0,1,,0,0,0,1,0.0,0,0,0,0,343,7,0,1,0,0,0,0,0,0,0,0.0,0.0,5,7,21,15,5,49,53.26,0,28,21,75.0,33,40,92,126,118,49.17,39,584,317,775,161.1,28,2,1431,30,2,1
Andrea Cambiaso,917048,Juventus,2687,italy,2425,2222,33,25,7.0,2,3,5,0.73,2.06,31,14,21.21,311,51,82.26,650,690,1326,91.39,7,38.89,11,0,0,0,116,4,1,6,9,20,33,0,0,21,17,95,1,4,28,0,11.76,0,20,20,0,0,2,,95,53.07,0,0,0,125,16,34,2,6,,0,0,0,0,0.0,0,0,0,0,279,5,0,0,0,0,0,0,0,0,0,1111.0,0.0,0,6,11,5,6,27,60.0,0,46,30,65.22,34,48,45,66,102,51.78,62,777,740,1451,231.1,17,3,2000,23,4,0
Raoul Bellanova,826185,Atalanta,2686,italy,2425,2495,35,28,7.0,0,9,9,1.09,5.11,25,35,21.74,253,31,47.69,492,346,803,84.17,25,52.08,23,0,0,0,121,12,3,4,8,38,35,0,0,11,9,80,0,0,16,0,0.0,0,27,25,2,0,0,,79,58.09,0,0,2,151,18,35,0,0,,0,0,0,0,0.0,0,0,0,0,365,8,0,0,0,0,0,0,0,0,0,0.0,0.0,0,15,4,10,5,21,46.67,0,24,14,58.33,35,48,45,161,104,56.52,65,715,400,954,245.1,19,2,1593,35,3,0
Carlos Augusto,929199,Inter,2697,italy,2425,1653,29,15,7.0,3,2,5,2.86,1.47,23,5,25.0,164,27,55.1,421,594,1010,90.02,58,62.37,35,0,0,0,70,4,3,6,6,48,29,0,0,13,7,70,0,0,10,0,12.5,4,17,15,2,3,0,,47,57.32,2,0,1,112,9,9,1,3,,0,0,0,0,0.0,0,0,0,0,182,4,0,0,0,0,0,0,0,0,0,551.0,0.0,0,23,1,11,7,7,58.33,0,29,14,48.28,9,35,12,20,105,60.0,49,500,642,1122,203.0,24,3,1451,12,1,0
Juan Cuadrado,47743,Atalanta,2686,italy,2425,825,23,7,7.0,0,2,2,0.92,1.94,19,12,21.43,172,29,69.05,308,117,413,85.33,12,70.59,5,0,0,0,31,3,3,4,1,6,22,0,0,10,12,47,0,0,9,0,0.0,0,4,4,0,0,0,,63,60.0,0,0,2,71,7,19,0,0,,0,0,0,0,0.0,0,0,0,1,163,2,0,0,0,0,0,0,0,0,0,0.0,0.0,0,12,4,8,4,17,58.62,0,19,9,47.37,19,27,29,56,75,61.48,42,398,142,484,153.9,16,0,769,27,3,0
Gianluca Mancini,611210,Roma,2702,italy,2425,3144,37,36,6.99,2,0,2,1.66,0.78,55,7,21.21,228,87,42.44,630,1041,1664,87.21,61,62.89,36,0,0,0,99,1,2,4,14,99,37,0,0,8,14,108,0,0,49,0,9.09,1,33,30,3,2,0,,76,51.35,2,0,1,244,35,14,0,6,,0,0,0,0,0.0,0,0,0,0,299,3,0,0,0,0,0,0,0,0,0,1572.0,0.0,0,20,2,11,7,1,20.0,0,42,26,61.9,14,113,5,33,137,55.92,205,839,1102,1908,258.8,22,3,2293,34,8,0
Federico Gatti,1128063,Juventus,2687,italy,2425,2213,30,26,6.99,1,0,1,2.45,0.27,10,0,0.0,79,23,51.11,383,1000,1383,95.18,37,57.81,27,0,0,0,110,1,2,7,9,76,30,0,0,8,10,69,0,2,20,0,4.0,10,19,19,0,1,0,,54,56.25,0,0,0,70,18,7,0,1,,0,0,0,0,0.0,0,0,0,1,99,0,0,0,1,0,0,0,0,0,0,2213.0,0.0,0,19,6,9,9,7,58.33,0,28,23,82.14,7,22,12,1,91,56.88,45,422,1032,1453,209.7,25,2,1729,19,2,0
Romelu Lukaku,78893,Napoli,2714,italy,2425,2870,36,35,6.99,14,10,24,13.03,2.61,12,2,50.0,165,5,50.0,247,106,351,71.2,42,42.86,56,0,0,1,34,8,9,25,1,17,36,0,0,53,3,171,0,0,47,0,21.88,0,20,12,8,14,0,,46,28.57,1,0,2,142,1,35,12,24,,0,0,4,0,75.0,0,3,0,0,272,11,0,0,1,0,0,0,0,0,0,205.0,0.0,1,56,8,15,24,6,25.0,0,4,2,50.0,35,18,24,4,88,33.98,10,375,122,493,251.6,64,3,817,36,4,0
Nicolò Cambiaghi,971005,Bologna,2685,italy,2425,614,18,4,6.99,1,3,4,0.78,2.17,2,12,25.53,66,3,60.0,132,44,164,84.97,3,27.27,8,0,0,0,29,3,1,5,0,2,18,0,0,11,5,39,0,0,9,0,7.14,0,7,5,2,1,0,,61,66.3,0,0,1,29,2,13,1,0,,0,1,0,0,0.0,0,0,0,1,105,4,0,0,0,0,0,0,0,0,0,614.0,0.0,0,9,5,5,4,11,57.89,0,16,10,62.5,12,3,19,47,64,62.14,5,191,49,193,125.8,14,0,385,34,0,0
Charalampos Lykogiannis,98212,Bologna,2685,italy,2425,1050,17,12,6.99,0,4,4,0.24,2.08,17,31,29.25,103,26,38.24,220,221,410,79.61,26,66.67,13,0,0,0,35,4,0,3,0,36,17,0,0,3,10,38,0,1,10,0,0.0,0,15,13,2,0,0,,34,57.63,0,0,0,105,11,19,0,2,,0,0,0,0,0.0,0,0,0,0,216,1,0,0,0,0,0,0,0,0,0,0.0,0.0,2,1,5,1,2,4,66.67,0,23,14,60.87,19,53,6,106,60,61.22,68,357,264,515,118.8,6,0,834,7,3,0
Cristiano Biraghi,122848,Torino,2696,italy,2425,1600,23,18,6.99,1,0,1,0.62,2.68,26,39,28.47,151,35,37.63,348,337,646,83.35,13,48.15,14,0,0,0,49,7,0,4,4,49,23,0,0,2,12,46,0,0,13,1,6.67,2,22,18,4,0,1,,37,53.62,0,0,0,129,12,31,1,2,,1,0,0,0,0.0,0,0,0,0,277,3,0,0,0,0,0,0,0,0,0,1600.0,16.67,6,5,10,8,3,1,14.29,0,20,14,70.0,31,52,7,137,50,52.08,93,541,371,775,160.7,15,1,1204,19,1,0
Sead Kolašinac,142148,Atalanta,2686,italy,2425,1910,23,23,6.99,0,2,2,0.8,1.48,26,2,20.0,238,24,40.68,533,563,1094,88.08,35,56.45,27,0,0,0,135,5,1,0,6,52,23,0,0,16,14,104,0,1,38,0,0.0,0,18,16,2,0,0,,63,45.0,0,0,1,148,25,17,0,3,,1,0,0,0,0.0,0,0,0,0,205,8,0,0,0,0,0,0,0,0,0,0.0,0.0,0,8,2,7,3,3,20.0,0,41,26,63.41,17,58,15,10,98,48.51,59,638,614,1242,160.7,10,2,1519,20,7,0
Christian Kabasele,58351,Udinese,2695,italy,2425,1163,16,12,6.98,2,0,2,1.49,0.53,25,0,0.0,63,47,55.29,159,316,475,85.43,35,62.5,21,0,0,0,33,0,1,2,1,72,16,0,0,3,3,44,0,1,20,0,13.33,6,21,20,1,2,0,,34,59.65,1,0,1,81,14,6,0,0,,0,0,0,2,0.0,0,0,0,0,95,1,0,0,1,0,0,0,0,0,0,581.5,0.0,0,13,2,9,4,1,100.0,0,17,9,52.94,6,49,1,2,69,61.06,85,216,342,556,111.7,15,1,743,16,0,0
Nicolás González,901325,Juventus,2687,italy,2425,1776,26,23,6.98,3,2,5,4.04,1.18,13,1,6.67,170,16,51.61,283,172,454,77.34,60,55.05,49,0,0,0,69,2,4,7,4,36,26,0,0,15,16,134,0,2,30,0,6.67,0,18,16,2,2,1,,80,48.48,0,0,3,133,9,19,2,6,,0,0,0,0,0.0,0,0,0,0,239,6,0,0,1,0,0,0,0,0,0,592.0,0.0,0,33,12,17,21,17,36.17,0,24,13,54.17,19,22,47,15,140,51.09,31,399,203,587,181.4,45,0,952,40,3,0
Álvaro Morata,125407,Milan,2692,italy,2425,1105,16,13,6.98,5,0,5,3.87,0.25,10,2,15.38,63,11,68.75,123,79,200,78.43,15,42.86,20,0,0,0,31,3,4,5,2,5,16,0,0,16,3,71,0,0,25,0,18.52,0,10,7,3,5,0,,39,43.33,1,0,1,55,5,7,0,11,,0,0,0,0,0.0,0,0,0,0,113,8,0,0,4,0,0,0,0,0,0,221.0,0.0,0,26,1,12,10,6,46.15,0,16,10,62.5,7,23,13,13,54,43.2,16,179,89,255,111.6,27,2,421,18,5,0
Morten Frendrup,918440,Genoa,2713,italy,2425,3107,35,35,6.97,2,0,2,1.67,0.78,19,2,66.67,207,34,53.13,460,599,1057,85.87,31,44.29,39,0,0,0,184,0,0,7,10,49,35,0,0,24,44,167,0,0,51,0,6.67,0,42,36,6,2,0,,142,52.59,0,0,0,174,47,14,1,1,,1,0,0,0,0.0,0,0,0,0,260,20,0,0,1,0,0,0,0,0,0,1553.5,0.0,0,12,18,14,9,10,47.62,0,102,61,59.8,14,42,21,3,173,50.88,64,584,650,1231,244.1,30,1,1743,31,5,0
Enrico Delprato,928103,Parma,2690,italy,2425,2946,34,32,6.97,4,0,4,2.06,0.9,35,4,25.0,150,61,40.67,407,769,1172,85.92,39,47.56,43,0,0,0,126,2,0,1,7,118,34,0,0,3,7,73,0,2,20,0,33.33,12,49,44,5,4,0,,51,62.96,1,1,0,192,19,14,1,0,,0,0,0,0,0.0,0,0,0,0,263,2,0,0,2,0,0,0,0,0,0,736.5,0.0,0,12,0,6,5,2,66.67,0,33,17,51.52,14,87,3,16,90,55.21,150,551,829,1364,237.1,12,2,1874,17,8,0
João Félix,851671,Milan,2692,italy,2425,767,15,8,6.97,2,0,2,2.58,1.33,16,0,0.0,96,11,57.89,162,79,241,83.97,7,50.0,7,0,0,0,30,3,4,7,0,9,15,0,0,9,10,52,0,0,12,1,6.9,0,8,5,3,1,1,,51,53.13,0,0,2,46,1,10,0,2,,0,0,0,0,0.0,0,0,0,0,98,5,0,0,2,0,0,0,0,0,0,383.5,100.0,1,17,12,14,8,15,50.0,0,6,6,100.0,10,24,30,5,58,52.73,19,198,94,287,104.6,29,1,455,30,3,0
Alex Meret,592794,Napoli,2714,italy,2425,3006,34,34,6.97,0,0,0,,0.02,50,0,0.0,9,157,49.53,70,864,934,84.52,8,100.0,0,0,0,0,219,0,0,0,16,24,34,0,0,0,0,1,0,0,1,0,0.0,181,25,17,8,0,0,0.48,2,66.67,0,17,0,171,0,0,0,0,,1,0,0,1,0.0,4,0,2,0,174,0,8,0,0,20,38,23,61,0,17,0.0,0.0,0,0,0,0,0,0,0.0,19,0,0,0.0,0,86,0,0,10,90.91,317,163,942,1105,237.0,0,2,1338,4,0,0
Nikola Moro,814882,Bologna,2685,italy,2425,1229,22,15,6.97,0,2,2,0.49,1.02,46,10,30.3,195,64,64.65,389,255,634,82.55,17,51.52,16,0,0,0,73,1,0,6,1,16,22,0,0,4,11,56,0,0,22,0,0.0,0,21,18,3,0,0,,51,56.04,0,0,1,134,13,20,0,0,,0,0,0,0,0.0,0,0,0,0,178,8,0,0,0,0,0,0,0,0,0,0.0,0.0,1,1,13,6,2,7,63.64,0,35,27,77.14,20,83,11,33,68,54.84,99,519,282,768,153.3,14,1,958,9,1,0
Pierre Kalulu,965330,Juventus,2687,italy,2425,2335,29,25,6.97,1,0,1,0.68,0.77,24,6,27.27,221,65,63.11,658,1248,1900,93.83,27,36.49,47,0,0,0,95,0,0,2,8,64,29,0,1,7,6,91,0,1,26,0,14.29,36,26,24,2,1,0,,64,59.26,0,0,1,125,17,11,1,2,,0,0,0,1,0.0,0,0,0,0,176,2,0,1,0,0,0,0,0,0,0,2335.0,0.0,0,7,0,2,3,4,44.44,0,41,25,60.98,11,43,9,22,91,50.0,103,732,1315,2025,202.0,7,2,2324,19,2,0
Remo Freuler,115516,Bologna,2685,italy,2425,3214,37,37,6.96,1,2,3,1.27,1.6,60,5,26.32,451,75,52.45,967,722,1684,88.54,28,50.0,28,0,0,0,146,2,2,4,7,51,37,0,0,14,46,138,0,1,47,0,5.88,0,44,36,8,1,0,,102,48.11,0,0,0,218,38,36,0,1,,0,0,0,0,0.0,0,0,0,0,293,14,0,0,1,0,0,0,0,0,0,3214.0,0.0,0,7,10,9,4,5,41.67,0,79,40,50.63,36,114,12,19,130,48.51,143,1163,758,1902,257.7,17,2,2318,18,6,0
Ondrej Duda,246319,Hellas Verona,2701,italy,2425,2403,28,27,6.96,1,3,4,1.03,2.59,59,26,29.21,210,78,54.55,496,439,909,82.56,16,51.61,15,0,0,0,188,6,0,8,6,28,28,0,0,22,35,132,1,3,51,1,4.0,0,35,31,4,0,1,,126,51.85,0,0,0,192,31,32,0,0,,0,0,0,0,0.0,0,0,0,0,348,11,0,2,1,0,0,0,0,0,0,2403.0,20.0,5,3,22,12,5,25,67.57,0,46,27,58.7,32,120,37,89,142,51.82,143,708,482,1101,195.0,25,1,1581,57,10,2
Saúl Coco,1089453,Torino,2696,italy,2425,2847,32,32,6.96,2,0,2,1.18,0.2,29,1,50.0,91,63,49.61,381,964,1344,88.54,63,51.64,59,0,0,0,87,0,4,5,9,153,32,0,0,2,11,125,1,3,53,0,10.0,21,36,32,4,2,0,,71,51.82,1,0,0,174,38,1,0,0,,1,0,0,0,0.0,0,0,0,0,198,1,0,0,1,0,0,0,0,0,0,1423.5,0.0,3,12,8,9,6,7,77.78,0,46,26,56.52,1,70,9,2,134,51.74,127,488,1032,1518,222.8,20,2,1924,19,10,0
Luca Ranieri,893998,Fiorentina,2693,italy,2425,3077,36,35,6.96,1,3,4,1.06,1.38,72,5,55.56,126,127,45.85,446,1085,1526,86.31,48,45.28,58,0,0,0,95,2,3,3,10,150,36,0,0,3,5,98,1,0,25,0,9.09,31,36,31,5,1,0,,74,64.91,0,0,1,242,28,16,1,1,,0,0,0,1,0.0,0,0,0,0,284,0,0,0,0,0,0,0,0,0,0,3077.0,0.0,0,8,3,3,5,9,50.0,0,42,24,57.14,16,128,18,9,122,55.45,277,625,1152,1768,250.6,11,1,2179,23,7,0
Maduka Okoye,891656,Udinese,2695,italy,2425,2250,25,25,6.96,0,0,0,,0.06,34,0,0.0,20,146,43.32,99,502,601,75.6,7,100.0,0,0,0,0,182,0,0,0,4,19,25,0,0,0,0,0,1,0,0,0,0.0,99,40,37,3,0,0,-3.03,1,100.0,0,12,0,194,0,0,0,0,,1,0,0,0,0.0,5,0,0,0,197,0,7,0,0,10,53,20,73,2,12,0.0,0.0,0,0,0,0,0,0,0.0,10,0,0,0.0,0,47,0,0,8,100.0,337,246,549,795,174.0,0,0,992,1,1,0
Weston McKennie,881931,Juventus,2687,italy,2425,2320,32,27,6.96,2,4,6,2.78,3.48,33,3,15.79,294,24,64.86,515,342,854,85.06,36,54.55,30,0,0,0,104,6,4,9,5,36,32,0,0,26,9,104,0,0,32,0,9.09,0,28,26,2,2,0,,71,48.97,1,0,0,150,14,32,0,1,,0,0,0,1,0.0,0,0,0,0,268,13,0,0,1,0,0,0,0,0,0,1160.0,0.0,0,19,3,5,8,20,64.52,0,33,12,36.36,32,48,31,19,107,50.71,37,651,372,1004,222.7,22,1,1422,19,3,0
Samuel Chukwueze,822470,Milan,2692,italy,2425,947,26,9,6.96,3,2,5,2.67,2.43,13,10,20.0,121,18,72.0,212,95,297,83.66,7,41.18,10,0,0,0,38,5,1,16,0,9,24,0,0,11,14,57,0,0,3,0,9.38,0,11,10,1,3,0,,52,52.53,1,0,1,58,2,27,2,3,,0,0,0,0,0.0,0,0,0,0,164,9,0,0,0,0,0,0,0,0,0,315.67,0.0,0,19,13,8,8,26,56.52,0,17,11,64.71,27,19,46,50,59,50.86,25,297,108,355,167.0,32,0,604,10,0,0
Mario Pašalić,190437,Atalanta,2686,italy,2425,1969,34,23,6.96,3,4,7,6.63,2.22,45,3,27.27,354,58,63.74,729,464,1190,88.21,31,50.0,31,0,0,1,112,4,8,13,3,28,34,0,0,22,15,97,0,1,19,0,6.52,0,21,19,2,3,0,,40,37.74,0,0,0,159,12,32,2,2,,0,0,1,0,0.0,0,0,0,0,233,7,0,0,1,0,0,0,0,0,0,656.33,0.0,0,40,6,21,12,5,29.41,0,26,16,61.54,32,76,17,11,71,42.26,91,858,502,1349,236.5,46,0,1630,10,1,0
Jacopo Fazzini,1012179,Empoli,2705,italy,2425,1393,20,16,6.96,4,1,5,3.09,0.74,7,2,6.25,128,6,30.0,194,110,302,77.63,19,43.18,25,0,0,0,70,1,1,10,0,22,20,0,1,33,10,106,0,0,23,0,14.81,0,24,21,3,4,0,,87,51.79,0,0,0,87,6,12,0,4,,0,0,0,0,0.0,0,0,0,0,214,9,0,1,4,0,0,0,0,0,0,348.25,0.0,2,17,10,8,9,23,54.76,0,32,19,59.38,12,20,42,32,106,50.0,20,288,133,389,139.1,27,1,724,32,2,0
Billy Gilmour,907668,Napoli,2714,italy,2425,1178,26,13,6.96,0,1,1,0.51,1.9,27,9,50.0,142,35,60.34,353,449,793,89.3,9,47.37,10,0,0,0,64,1,1,6,2,21,20,0,0,5,8,40,0,0,14,0,0.0,0,8,4,4,0,0,,45,60.0,0,0,0,95,9,21,0,0,,0,0,0,0,0.0,0,0,0,0,124,6,0,0,0,0,0,0,0,0,0,0.0,0.0,0,2,7,2,1,5,55.56,0,24,16,66.67,21,53,9,18,54,57.45,58,439,467,888,139.1,9,0,1040,16,0,0
Lorenzo Lucca,962364,Udinese,2695,italy,2425,2361,33,27,6.95,12,1,13,7.62,0.79,5,0,0.0,60,10,66.67,123,117,240,64.86,59,43.7,76,0,0,0,44,1,7,12,0,27,33,0,0,29,6,177,0,0,65,0,18.46,0,35,32,3,12,0,,77,43.26,5,0,4,130,7,14,0,16,,0,0,1,0,100.0,0,1,0,0,249,13,0,0,7,0,0,0,0,0,0,196.75,0.0,0,57,8,27,26,12,52.17,0,10,6,60.0,14,12,23,5,136,43.45,15,233,142,370,229.4,65,0,738,55,10,0
Lewis Ferguson,907152,Bologna,2685,italy,2425,985,16,10,6.95,1,1,2,0.96,0.77,14,2,11.11,165,26,57.78,318,244,560,88.89,16,51.61,15,0,0,0,28,2,0,2,2,9,16,0,0,10,7,59,0,0,27,0,16.67,0,12,8,4,1,0,,49,52.69,0,0,0,70,5,14,0,1,,0,0,1,0,100.0,0,1,0,0,114,3,0,0,1,0,0,0,0,0,0,985.0,0.0,0,3,3,2,2,5,71.43,0,24,13,54.17,14,18,7,18,65,52.42,45,390,258,630,111.2,6,0,788,20,0,0
Malick Thiaw,1014286,Milan,2692,italy,2425,1803,22,19,6.95,0,0,0,0.58,0.22,36,1,33.33,102,71,68.27,392,787,1178,93.57,49,64.47,27,0,0,0,65,0,0,3,7,76,22,0,0,2,4,58,0,1,24,0,0.0,15,23,17,6,0,0,,33,51.56,0,0,0,81,15,4,0,1,,3,0,0,0,0.0,0,0,0,0,99,0,0,0,0,0,0,0,0,0,0,0.0,0.0,0,7,0,3,1,3,75.0,0,24,17,70.83,4,54,4,3,82,58.57,104,446,816,1259,152.9,7,0,1454,6,2,0
Enzo Le Fée,984014,Roma,2702,italy,2425,319,6,4,6.95,0,0,0,0.23,0.23,6,2,28.57,56,6,46.15,152,72,222,87.75,2,33.33,4,0,0,0,22,0,0,1,1,2,6,0,0,4,4,20,0,0,6,0,0.0,0,2,2,0,0,0,,16,50.0,0,0,0,31,5,3,0,0,,0,0,0,0,0.0,0,0,0,0,47,0,0,0,0,0,0,0,0,0,0,0.0,0.0,0,1,3,1,2,4,66.67,0,7,4,57.14,3,12,6,7,18,47.37,13,182,78,253,41.7,4,0,313,5,1,0
Ismaël Bennacer,823733,Milan,2692,italy,2425,302,6,4,6.95,0,0,0,0.08,0.29,12,2,33.33,49,12,66.67,109,87,194,90.65,3,75.0,1,0,0,0,17,0,0,1,0,1,6,0,0,3,6,16,0,0,5,0,0.0,0,3,3,0,0,0,,19,55.88,0,0,0,20,3,4,0,0,,0,0,0,0,0.0,0,0,0,0,31,0,0,0,0,0,0,0,0,0,0,0.0,0.0,0,0,3,0,2,9,90.0,0,5,4,80.0,4,21,10,6,22,57.89,18,129,91,214,41.7,3,0,267,5,2,0
Andrea Pinamonti,826198,Genoa,2713,italy,2425,2860,36,33,6.95,10,1,11,7.86,1.28,13,4,23.53,107,12,44.44,218,200,414,64.29,86,43.22,113,0,0,1,53,2,4,20,6,28,36,0,0,34,6,182,1,1,21,0,12.66,0,39,33,6,9,1,,61,46.92,3,0,4,230,1,15,1,16,,0,0,1,0,0.0,0,0,0,0,363,8,0,0,6,0,0,0,0,0,0,286.0,0.0,2,61,18,29,30,11,47.83,0,10,6,60.0,15,32,23,17,147,44.68,27,415,246,644,250.1,79,5,1040,43,4,0
Patrick Cutrone,795044,Como,2704,italy,2425,2053,33,23,6.95,7,4,11,7.13,2.06,9,3,10.0,143,4,40.0,219,115,331,74.89,23,25.27,68,1,0,0,54,5,8,20,0,5,33,0,0,26,7,129,0,0,23,0,10.0,0,31,28,3,6,1,,53,46.49,1,0,1,111,5,19,1,20,,0,0,1,0,0.0,0,0,0,1,242,21,0,0,5,0,0,0,0,0,0,293.29,0.0,0,57,13,24,26,9,42.86,0,16,11,68.75,19,13,21,30,76,37.07,10,342,130,442,229.2,70,2,757,28,1,0
Yann Bisseck,906275,Inter,2697,italy,2425,1645,27,17,6.94,3,2,5,2.49,1.24,11,2,25.0,163,21,47.73,458,704,1160,92.36,48,73.85,17,0,0,0,66,2,1,2,3,63,27,0,0,7,5,51,1,0,16,0,14.29,3,20,17,3,3,0,,28,45.16,1,0,1,96,17,8,1,1,,0,1,0,2,0.0,0,0,0,0,139,3,0,0,1,0,0,0,0,0,0,548.33,0.0,0,21,0,14,5,3,23.08,0,17,12,70.59,7,23,13,8,76,59.84,44,533,731,1256,187.5,21,2,1495,9,4,0
Francisco Conceição,979222,Juventus,2687,italy,2425,1342,26,12,6.94,3,3,6,2.32,4.43,13,15,24.19,161,14,70.0,278,140,403,85.2,2,18.18,9,0,0,0,55,6,2,17,0,5,26,0,0,22,17,105,0,0,24,0,7.5,0,16,16,0,3,0,,94,49.47,0,0,2,70,6,28,3,4,,0,0,0,0,0.0,0,0,0,1,218,6,0,1,0,0,0,0,0,0,0,447.33,0.0,1,29,11,10,13,35,48.61,0,23,14,60.87,28,16,72,62,96,47.76,20,381,154,473,180.5,40,1,829,36,3,1
Emil Holm,965264,Bologna,2685,italy,2425,1137,21,12,6.94,1,1,2,0.57,0.91,19,12,30.0,126,37,45.68,247,211,446,79.22,31,59.62,21,0,0,0,47,3,1,3,3,48,19,0,0,14,11,71,1,0,16,0,10.0,0,17,14,3,1,0,,68,57.63,0,0,0,117,10,10,0,1,,0,0,0,0,0.0,0,0,0,1,229,4,0,0,1,0,0,0,0,0,0,1137.0,0.0,0,7,3,4,3,10,50.0,0,34,21,61.76,10,44,20,40,99,58.24,81,363,240,563,131.9,10,1,972,24,3,0
Lazar Samardžić,980624,Atalanta,2686,italy,2425,1149,31,7,6.94,2,1,3,2.05,4.04,49,15,25.0,279,46,77.97,419,120,524,83.57,4,14.81,23,0,0,0,50,4,0,13,1,3,31,0,0,19,13,106,0,0,19,0,6.06,0,13,10,3,1,1,,58,41.13,0,0,1,103,2,36,2,1,,0,1,0,0,0.0,0,0,0,0,243,12,0,0,0,0,0,0,0,0,0,574.5,0.0,3,17,16,7,13,27,45.76,0,21,15,71.43,35,74,59,60,62,36.9,59,547,140,627,215.2,33,1,927,10,3,0
Zeki Çelik,893008,Roma,2702,italy,2425,2261,31,27,6.94,0,2,2,0.57,1.0,44,12,28.57,252,39,42.86,542,456,986,84.49,30,53.57,26,0,0,0,75,2,0,4,8,71,31,0,0,8,20,89,1,2,31,0,0.0,0,25,22,3,0,0,,80,55.94,0,0,0,181,15,19,0,0,,0,0,0,1,0.0,0,0,0,0,276,4,0,0,0,0,0,0,0,0,0,0.0,0.0,0,11,2,5,4,8,66.67,0,62,37,59.68,19,92,12,42,110,55.28,91,703,506,1167,215.1,13,1,1664,10,5,0
Matteo Ruggeri,965011,Atalanta,2686,italy,2425,1760,30,19,6.94,0,3,3,0.24,1.84,19,25,30.49,301,26,34.67,560,427,962,87.14,23,57.5,17,0,0,0,124,4,1,0,4,43,29,0,0,4,14,49,0,1,12,0,0.0,0,22,18,4,0,0,,50,60.98,0,0,0,142,22,24,0,2,,0,0,0,0,0.0,0,0,0,0,229,8,0,0,0,0,0,0,0,0,0,0.0,0.0,0,2,1,1,2,6,60.0,0,39,24,61.54,24,36,10,82,73,59.84,75,705,481,1104,201.2,3,0,1511,5,2,0
Joaquín Correa,249929,Inter,2697,italy,2425,735,19,6,6.94,2,2,4,2.09,0.87,6,3,37.5,123,10,83.33,216,93,306,87.93,6,25.0,18,0,0,0,31,3,1,4,4,6,19,0,0,5,9,44,0,0,8,0,14.29,0,7,6,1,2,0,,31,54.39,0,0,2,42,0,10,0,2,,0,0,0,0,0.0,0,0,0,0,75,7,0,0,2,0,0,0,0,0,0,367.5,0.0,0,12,2,4,6,6,60.0,0,11,5,45.45,10,9,10,8,37,45.68,12,250,106,348,131.8,14,1,462,14,3,0
Fali Candé,892430,Venezia,2688,italy,2425,1530,17,17,6.94,1,1,2,1.08,0.2,30,1,14.29,74,45,34.88,224,476,699,82.43,40,48.78,42,0,0,0,79,2,0,2,4,88,17,0,0,8,7,79,1,1,24,0,20.0,63,22,21,1,1,0,,52,58.43,0,0,0,149,15,5,0,0,,0,1,0,0,0.0,0,0,0,0,198,1,0,0,1,0,0,0,0,0,0,1530.0,0.0,1,4,1,1,2,9,100.0,0,25,19,76.0,4,69,9,7,92,53.8,129,334,521,848,117.9,5,0,1183,21,4,0
Nikola Vlašić,357596,Torino,2696,italy,2425,2128,30,23,6.93,5,4,9,3.44,1.99,13,5,19.23,260,16,69.57,439,170,604,82.29,29,48.33,31,0,0,0,93,3,0,9,3,12,30,0,0,42,18,135,0,0,28,0,15.63,0,30,25,5,4,1,,85,44.97,0,0,0,130,9,32,2,6,,0,0,2,0,100.0,0,2,0,0,262,17,0,0,3,0,0,0,0,0,0,425.6,0.0,0,13,19,11,12,24,53.33,0,37,19,51.35,32,30,45,26,114,45.78,23,560,200,734,208.0,32,1,1083,26,0,0
Cesare Casadei,1016788,Torino,2696,italy,2425,1023,15,13,6.93,1,1,2,1.17,0.4,7,1,50.0,72,13,76.47,168,155,322,79.7,64,69.57,28,0,0,0,41,1,0,2,1,25,15,0,0,9,5,56,0,0,16,0,7.14,0,13,11,2,1,0,,29,50.88,0,0,0,82,5,7,0,0,,0,0,0,1,0.0,0,0,0,0,114,2,0,0,1,0,0,0,0,0,0,1023.0,0.0,0,12,2,5,7,7,77.78,0,12,5,41.67,7,14,9,2,93,62.42,17,233,173,404,104.0,14,1,534,10,1,0
Alessio Romagnoli,227864,Lazio,2699,italy,2425,2674,32,31,6.93,2,0,2,1.96,0.27,32,0,0.0,134,56,49.12,541,1072,1613,91.96,87,64.44,48,0,0,0,96,0,4,6,4,114,32,0,2,1,5,82,1,0,29,0,10.0,87,38,35,3,2,0,,60,63.83,1,0,0,141,26,9,1,2,,0,0,0,0,0.0,0,0,0,0,155,0,0,2,0,0,0,0,0,0,0,1337.0,0.0,0,20,0,6,8,1,33.33,0,48,29,60.42,9,55,3,0,147,64.19,114,623,1131,1754,221.8,20,2,2076,14,4,0
Eljif Elmas,838232,Torino,2696,italy,2425,1025,13,12,6.93,4,0,4,1.48,1.11,10,8,34.78,108,5,50.0,180,80,252,83.72,2,40.0,3,0,0,0,33,0,0,8,0,5,13,0,0,10,6,50,0,2,13,0,21.05,0,13,11,2,4,0,,37,44.05,0,0,0,49,6,9,1,2,,0,0,0,0,0.0,0,0,0,0,119,0,0,0,3,0,0,0,0,0,0,256.25,0.0,0,13,6,1,10,13,39.39,0,10,7,70.0,9,23,33,23,39,43.82,10,235,89,301,90.1,19,0,482,14,0,0
Antonino Gallo,945616,Lecce,2689,italy,2425,2615,31,31,6.93,0,2,2,0.25,2.71,36,34,29.31,173,56,32.75,365,284,615,70.45,26,41.27,37,0,0,0,116,6,0,3,8,115,31,0,1,14,28,101,0,0,12,0,0.0,0,34,28,6,0,0,,94,59.49,0,0,0,258,20,44,0,3,,2,0,0,0,0.0,0,0,0,0,483,7,0,1,0,0,0,0,0,0,0,0.0,0.0,2,2,7,3,3,13,54.17,0,65,42,64.62,44,98,24,116,120,54.3,171,618,371,873,214.8,9,0,1649,16,3,0
Alen Sherri,363380,Cagliari,2719,italy,2425,622,7,7,6.93,0,0,0,,0.01,9,0,0.0,3,35,36.46,20,121,141,69.46,0,0.0,0,0,0,0,44,0,0,0,1,10,7,0,0,0,1,1,0,0,0,0,0.0,57,11,10,1,0,0,0.05,1,50.0,0,3,0,62,1,1,0,0,,0,0,0,0,0.0,0,0,0,0,62,0,9,0,0,1,15,5,20,0,4,0.0,0.0,0,0,0,0,0,0,0.0,1,1,0,0.0,1,14,0,0,1,50.0,96,63,140,203,48.5,0,0,263,0,0,0
Danilo Cataldi,317301,Fiorentina,2693,italy,2425,1768,25,23,6.93,3,0,3,0.98,0.77,36,6,28.57,150,45,44.55,402,438,834,86.16,6,54.55,5,0,0,0,114,0,0,6,4,34,25,0,0,7,13,44,0,0,15,1,23.08,0,20,17,3,0,3,,50,56.18,0,0,0,134,22,16,0,0,,0,1,0,0,0.0,0,0,0,0,180,9,0,0,3,0,0,0,0,0,0,589.33,50.0,2,4,9,2,5,3,42.86,0,25,16,64.0,15,85,7,21,56,56.0,101,512,477,968,173.2,13,2,1189,22,1,0
Hernani,156019,Parma,2690,italy,2425,1329,25,15,6.92,3,3,6,2.84,1.29,24,9,27.27,139,38,58.46,282,176,449,78.5,18,48.65,19,0,0,0,68,3,0,5,0,9,25,0,0,12,23,93,0,1,33,0,15.0,0,28,24,4,3,0,,80,51.95,0,0,1,123,19,25,0,1,,0,0,3,0,100.0,0,3,0,0,195,9,0,0,3,0,0,0,0,0,0,443.0,0.0,7,4,16,9,6,8,53.33,0,47,26,55.32,25,39,15,33,98,51.31,65,406,199,572,173.1,20,1,834,25,7,0
Kristjan Asllani,996820,Inter,2697,italy,2425,1007,22,10,6.92,2,2,4,2.48,1.86,39,15,34.88,135,57,62.64,407,460,852,92.01,4,50.0,4,0,0,0,49,3,0,6,4,10,22,0,0,2,14,32,0,1,9,0,12.5,0,10,7,3,2,0,,34,54.84,0,0,0,74,9,15,0,0,,0,0,2,0,100.0,0,2,0,0,116,4,0,0,2,0,0,0,0,0,0,503.5,0.0,2,6,10,5,5,1,20.0,0,14,3,21.43,15,65,5,43,38,54.29,91,486,483,926,152.3,16,2,1089,19,4,0
Artem Dovbyk,798820,Roma,2702,italy,2425,2430,32,27,6.92,12,2,14,12.25,1.55,7,0,0.0,147,1,100.0,226,94,320,74.94,43,41.75,60,0,0,0,26,5,11,15,2,12,32,0,0,33,4,136,0,0,30,0,19.05,0,27,25,2,12,0,,26,25.49,1,0,3,107,2,25,9,22,,0,0,2,0,100.0,0,2,0,0,236,8,0,0,2,0,0,0,0,0,0,202.5,0.0,0,52,11,21,27,7,38.89,0,4,2,50.0,25,9,18,1,69,33.66,1,310,118,427,221.5,63,1,712,16,0,0
Alieu Fadera,1031548,Como,2704,italy,2425,1667,28,20,6.92,1,3,4,1.71,1.92,16,8,20.51,152,12,60.0,253,143,388,77.14,11,42.31,15,0,0,0,95,6,1,14,2,8,28,0,1,33,25,147,0,0,40,0,3.57,0,24,20,4,1,0,,140,51.47,0,0,0,115,12,24,1,14,,0,1,0,0,0.0,0,0,0,0,263,17,0,1,0,0,0,0,0,0,0,1667.0,0.0,0,16,12,5,9,26,43.33,0,64,47,73.44,23,30,60,39,151,50.67,20,369,173,503,193.8,28,0,957,50,2,0
Máximo Perrone,1086286,Como,2704,italy,2425,1859,26,20,6.92,0,3,3,0.89,1.69,33,0,0.0,216,44,61.97,586,625,1211,90.98,11,40.74,16,0,0,0,96,2,1,2,2,42,26,0,0,16,25,86,0,0,26,0,0.0,0,26,25,1,0,0,,54,43.55,0,0,0,120,20,31,0,0,,0,1,0,0,0.0,0,0,0,0,171,8,0,0,0,0,0,0,0,0,0,0.0,0.0,0,4,6,6,2,3,37.5,0,38,27,71.05,30,56,8,4,65,43.05,71,675,660,1331,179.9,10,0,1556,13,6,0
David Neres,850993,Napoli,2714,italy,2425,1294,28,13,6.92,2,4,6,2.69,3.19,3,23,25.0,156,5,62.5,283,129,389,86.06,3,21.43,11,0,0,0,52,6,4,8,2,3,28,0,0,23,5,87,0,0,14,0,6.9,0,10,9,1,2,0,,64,45.71,0,0,0,63,7,26,1,4,,0,0,0,0,0.0,0,0,0,0,234,6,0,0,1,0,0,0,0,0,0,647.0,0.0,0,18,11,14,7,33,47.83,0,21,11,52.38,26,6,69,92,67,43.51,8,401,143,452,193.7,29,0,795,10,2,0
Jhon Lucumí,818481,Bologna,2685,italy,2425,2613,32,29,6.92,0,1,1,0.62,0.71,75,0,0.0,164,121,59.61,651,1203,1854,91.51,45,50.0,45,0,0,0,176,1,1,3,10,83,32,0,1,4,12,83,3,4,22,0,0.0,38,37,31,6,0,0,,79,67.52,0,0,1,172,26,8,0,0,,0,0,0,1,0.0,0,0,0,0,202,2,0,1,0,0,0,0,0,0,0,0.0,0.0,0,12,1,8,2,10,83.33,0,53,30,56.6,8,126,12,4,124,59.9,203,778,1252,2026,221.3,13,1,2341,16,8,0
Martin Erlić,789234,Bologna,2685,italy,2425,334,8,5,6.91,0,0,0,0.23,0.03,7,0,0.0,17,20,74.07,68,152,220,91.67,10,52.63,9,0,0,0,11,0,0,1,1,8,7,0,0,0,1,17,0,0,7,0,0.0,2,3,2,1,0,0,,9,52.94,0,0,0,20,2,0,0,0,,0,0,0,0,0.0,0,0,0,1,22,0,0,0,0,0,0,0,0,0,0,0.0,0.0,0,5,1,5,0,0,0.0,0,2,0,0.0,0,13,0,0,19,52.78,27,80,160,240,48.4,6,0,275,7,0,0
Federico Baschirotto,786175,Lecce,2689,italy,2425,3420,38,38,6.91,2,0,2,1.23,0.51,49,0,0.0,75,126,51.01,305,1098,1403,86.71,105,64.81,57,0,0,0,93,0,2,5,9,235,38,0,0,1,6,92,0,2,31,0,9.09,83,58,50,8,2,0,,47,57.32,2,0,0,215,23,4,0,0,,0,0,0,3,0.0,0,0,0,0,240,1,0,0,0,0,0,0,0,0,0,1710.0,0.0,0,22,0,9,8,4,100.0,0,37,25,67.57,4,89,4,5,152,62.3,247,455,1168,1618,262.7,22,1,2077,7,3,0
Kike Pérez,857178,Venezia,2688,italy,2425,1120,16,13,6.91,1,0,1,0.84,1.49,33,15,30.61,153,43,57.33,297,166,448,78.73,15,48.39,16,0,0,0,71,2,2,2,2,11,16,0,0,22,26,107,0,0,31,0,7.69,0,13,13,0,1,0,,69,43.13,0,0,1,121,10,17,0,1,,0,1,0,0,0.0,0,0,0,0,221,8,0,0,1,0,0,0,0,0,0,1120.0,0.0,0,6,7,4,7,13,50.0,0,41,25,60.98,16,61,26,49,84,43.98,75,425,193,569,110.6,13,0,854,16,4,0
Jaka Bijol,886930,Udinese,2695,italy,2425,2964,34,34,6.91,1,0,1,2.01,0.74,80,2,66.67,131,139,49.47,452,976,1426,83.83,110,67.07,54,0,0,0,101,0,3,3,8,182,34,0,0,2,19,122,0,1,49,0,5.26,21,46,42,4,1,0,,52,43.33,0,0,0,275,38,12,0,2,,1,0,0,1,0.0,0,0,0,0,300,3,0,1,1,0,0,0,0,0,0,2964.0,0.0,0,17,2,10,6,2,66.67,0,43,25,58.14,12,166,3,3,162,57.04,281,658,1046,1701,235.0,19,2,2118,8,11,1
Hans Nicolussi Caviglia,876259,Venezia,2688,italy,2425,2870,35,33,6.91,4,2,6,2.43,2.31,73,17,23.61,275,82,55.03,613,506,1102,82.55,28,53.85,24,0,0,0,147,4,0,13,2,55,35,0,0,37,35,173,1,1,50,2,7.55,0,48,44,4,1,3,,102,40.64,0,0,2,233,28,29,1,0,,0,0,0,1,0.0,0,0,0,0,401,13,0,1,3,0,0,0,0,0,0,717.5,10.53,19,6,47,20,20,17,36.96,0,47,28,59.57,29,125,46,72,130,42.9,149,833,574,1335,241.9,53,2,1858,39,5,1
Santiago Castro,1116577,Bologna,2685,italy,2425,2305,36,27,6.91,8,4,12,7.63,1.52,20,1,12.5,136,31,79.49,229,116,344,78.0,38,35.19,70,0,0,1,69,4,7,13,2,19,36,0,0,64,11,213,0,0,49,0,12.7,0,32,28,4,6,2,,87,37.83,1,0,1,97,3,28,2,9,,1,0,1,0,0.0,0,0,0,0,264,15,0,0,5,0,0,0,0,0,0,288.13,0.0,0,49,14,29,21,18,45.0,0,18,10,55.56,28,31,40,8,125,36.98,39,321,128,441,248.8,63,0,852,52,8,0
Maxence Caqueret,859027,Como,2704,italy,2425,1097,18,15,6.91,2,3,5,0.83,1.08,14,2,12.5,172,14,66.67,305,166,469,85.58,3,23.08,10,0,0,0,69,3,0,3,0,3,18,0,0,17,18,76,0,1,17,0,25.0,0,12,11,1,2,0,,61,48.03,0,0,0,79,7,19,0,1,,0,0,0,0,0.0,0,0,0,0,161,10,0,0,2,0,0,0,0,0,0,548.5,0.0,0,5,3,2,3,14,48.28,0,36,21,58.33,19,21,29,16,64,45.71,21,379,185,548,124.4,8,1,753,11,4,0
Samuel Mbangula,1100836,Juventus,2687,italy,2425,710,23,7,6.91,3,3,6,0.62,0.79,3,6,35.29,80,4,80.0,147,80,221,89.47,2,22.22,7,0,0,0,33,2,0,1,1,3,19,0,0,10,6,42,0,0,6,0,33.33,0,6,6,0,2,1,,38,52.05,0,0,0,26,3,15,0,0,,0,0,0,0,0.0,0,0,0,1,78,5,0,0,3,0,0,0,0,0,0,236.67,0.0,0,6,3,3,5,9,40.91,0,15,10,66.67,15,5,22,17,40,48.78,5,176,88,247,131.3,9,1,383,14,1,0
Joel Pohjanpalo,137155,Venezia,2688,italy,2425,1615,20,19,6.91,6,0,6,7.6,1.03,9,1,33.33,82,12,44.44,122,89,210,61.05,46,43.81,59,0,0,1,20,3,6,14,0,24,20,0,0,11,4,92,0,0,12,0,15.79,0,29,26,3,6,0,,21,38.89,0,0,0,134,4,15,0,10,,0,0,4,0,75.0,0,3,0,1,180,5,0,0,6,0,0,0,0,0,0,269.17,0.0,0,29,9,7,17,3,30.0,0,3,3,100.0,15,27,10,3,67,42.14,27,229,118,344,138.2,38,1,521,15,1,0
Luca Pellegrini,826186,Lazio,2699,italy,2425,1074,22,10,6.91,0,4,4,0.66,1.63,21,23,25.84,141,28,46.67,286,164,427,81.18,9,56.25,7,0,0,0,41,5,1,4,2,24,22,0,0,9,15,63,0,0,18,0,0.0,0,14,12,2,0,0,,44,44.0,0,0,1,99,19,20,0,0,,0,0,0,0,0.0,0,0,0,1,219,2,0,0,0,0,0,0,0,0,0,0.0,0.0,1,5,8,5,4,11,40.74,0,23,11,47.83,20,49,27,89,53,45.69,60,427,188,526,152.0,13,0,904,11,5,0
Manu Koné,974087,Roma,2702,italy,2425,2582,34,31,6.91,2,1,3,3.34,1.56,18,1,50.0,299,40,72.73,698,461,1158,91.32,23,40.35,34,0,0,0,131,2,3,14,8,28,34,0,0,45,21,152,0,0,28,0,5.88,0,29,26,3,1,1,,154,56.62,0,0,2,110,24,21,0,2,,0,2,0,1,0.0,0,0,0,0,242,8,0,0,2,0,0,0,0,0,0,1291.0,0.0,0,20,14,11,9,30,52.63,0,41,26,63.41,19,26,57,2,177,53.8,55,784,486,1268,234.9,34,0,1711,86,6,0
Milan Đurić,76132,Parma,2690,italy,2425,1554,27,16,6.91,5,1,6,3.25,0.31,2,0,0.0,52,2,100.0,96,70,166,47.43,168,70.29,71,0,0,0,21,2,5,6,0,19,26,0,0,16,5,105,0,0,19,0,17.86,0,30,26,4,5,0,,30,46.88,2,0,1,184,2,5,2,6,,0,0,0,0,0.0,0,0,0,0,219,2,0,0,1,0,0,0,0,0,0,310.8,0.0,0,27,1,11,11,6,75.0,0,1,1,100.0,5,4,8,0,198,65.35,2,249,101,350,179.6,28,0,506,24,4,0
Daniele Ghilardi,1384847,Hellas Verona,2701,italy,2425,2031,24,21,6.9,0,0,0,0.57,0.41,23,3,30.0,85,42,35.0,235,386,618,80.68,42,50.6,41,0,0,0,55,0,0,3,5,102,24,0,1,2,16,93,0,0,33,0,0.0,1,34,29,5,0,0,,74,58.73,0,0,0,148,30,6,0,0,,0,0,0,0,0.0,0,0,0,0,188,1,0,1,0,0,0,0,0,0,0,0.0,0.0,0,11,1,5,4,2,50.0,0,44,29,65.91,6,70,4,10,116,55.5,120,351,425,766,165.7,12,0,1111,29,7,0
Diego Coppola,1050692,Hellas Verona,2701,italy,2425,2926,34,33,6.9,2,0,2,0.75,0.18,25,0,0.0,36,53,37.86,231,689,920,81.42,133,64.56,73,0,0,0,89,0,1,0,8,194,33,0,0,5,12,135,2,0,44,0,20.0,0,51,44,7,2,0,,67,51.94,2,0,0,210,72,3,0,0,,0,0,0,0,0.0,0,0,0,0,235,0,0,0,0,0,0,0,0,0,0,1463.0,0.0,0,10,0,6,4,1,20.0,0,66,36,54.55,3,65,5,0,200,59.7,140,369,761,1130,227.8,10,3,1604,0,10,0
Ange-Yoan Bonny,1086223,Parma,2690,italy,2425,2545,37,30,6.9,6,4,10,9.37,2.16,11,2,14.29,181,12,57.14,295,135,428,76.84,25,26.32,70,0,1,0,64,7,6,18,0,14,37,0,0,70,6,192,0,0,21,0,9.38,0,36,33,3,6,0,,112,47.86,0,0,3,129,3,30,0,14,,0,0,3,0,66.67,0,2,0,1,328,10,0,0,6,0,0,0,0,0,0,424.17,0.0,0,51,13,24,22,33,54.1,0,34,16,47.06,30,27,61,14,137,41.64,21,417,154,557,255.4,64,0,1048,47,2,0
Lorenzo Venturino,1618563,Genoa,2713,italy,2425,163,6,1,6.9,2,0,2,0.96,0.1,1,2,20.0,6,1,33.33,18,9,25,56.82,1,50.0,1,0,0,0,8,0,1,1,0,4,6,0,0,1,3,10,0,0,3,0,50.0,0,2,2,0,1,1,,10,52.63,0,0,0,19,0,3,0,0,,0,0,0,0,0.0,0,0,0,0,39,0,0,0,2,0,0,0,0,0,0,81.5,0.0,0,2,2,0,3,4,66.67,0,5,3,60.0,3,1,6,10,11,52.38,3,37,17,44,41.4,4,1,94,1,0,0
Gabriel Charpentier,979043,Parma,2690,italy,2425,266,10,0,6.9,1,2,3,1.29,0.27,1,0,0.0,16,2,66.67,22,9,31,60.78,10,38.46,16,0,0,0,12,1,1,1,0,7,10,0,0,4,1,35,0,0,13,0,11.11,0,6,5,1,1,0,,15,44.12,0,0,0,20,0,7,0,0,,0,0,0,0,0.0,0,0,0,1,46,2,0,0,1,0,0,0,0,0,0,266.0,0.0,0,6,3,4,4,2,40.0,0,4,3,75.0,7,1,5,2,25,41.67,3,39,14,51,69.0,9,0,125,10,1,0
Devyne Rensch,982778,Roma,2702,italy,2425,470,14,5,6.9,0,1,1,0.27,0.77,2,2,18.18,42,5,35.71,90,104,192,85.71,10,58.82,7,0,0,0,13,1,1,1,1,11,12,0,0,2,1,12,0,1,1,0,0.0,0,3,3,0,0,0,,24,82.76,0,0,0,32,7,2,0,1,,0,0,0,0,0.0,0,0,0,0,55,1,0,0,0,0,0,0,0,0,0,0.0,0.0,0,2,1,0,2,0,0.0,0,17,13,76.47,2,10,1,11,34,73.91,14,122,113,224,82.8,3,0,332,7,0,0
Leandro Chichizola,80532,Parma,2690,italy,2425,90,1,1,6.9,0,0,0,,0.0,3,0,0.0,1,3,18.75,3,28,31,70.45,1,100.0,0,0,0,0,8,0,0,0,0,3,1,0,0,0,0,0,0,0,0,0,0.0,8,3,3,0,0,0,-0.39,0,0.0,0,2,0,13,0,0,0,0,,0,0,0,0,0.0,0,0,0,0,14,0,1,0,0,1,3,0,4,0,0,0.0,0.0,0,0,0,0,0,0,0.0,1,0,0,0.0,0,6,0,0,1,100.0,16,15,29,44,6.9,0,0,59,0,0,0
Sofyan Amrabat,359272,Fiorentina,2693,italy,2425,180,2,2,6.9,0,0,0,,0.05,4,0,0.0,16,9,60.0,50,61,111,86.05,1,50.0,1,0,0,0,7,0,0,0,1,2,2,0,0,2,0,7,0,0,4,0,0.0,0,1,1,0,0,0,,4,40.0,0,0,0,18,0,2,0,0,,0,0,0,0,0.0,0,0,0,0,24,0,0,0,0,0,0,0,0,0,0,0.0,0.0,0,0,0,0,0,0,0.0,0,3,2,66.67,2,11,0,3,5,41.67,15,70,62,129,13.8,0,0,145,1,0,0
Mattia Liberali,1475557,Milan,2692,italy,2425,62,1,1,6.9,0,0,0,0.07,0.02,0,0,0.0,10,0,0.0,18,6,24,82.76,1,100.0,0,0,0,0,4,0,0,0,0,0,1,0,0,2,0,3,0,0,1,0,0.0,0,0,0,0,0,0,,2,40.0,0,0,0,5,0,1,0,0,,0,0,0,0,0.0,0,0,0,0,11,0,0,0,0,0,0,0,0,0,0,0.0,0.0,0,1,1,2,0,0,0.0,0,2,1,50.0,1,1,0,2,3,50.0,0,23,8,29,6.9,2,0,40,0,0,0
Victor Nelsson,846148,Roma,2702,italy,2425,185,4,1,6.9,0,0,0,0.03,0.01,1,0,0.0,9,1,33.33,33,71,104,89.66,8,80.0,2,0,0,0,4,0,0,0,1,9,4,0,0,0,2,6,0,0,3,0,0.0,0,0,0,0,0,0,,10,71.43,0,0,0,12,2,0,0,0,,0,0,0,0,0.0,0,0,0,0,18,0,0,0,0,0,0,0,0,0,0,0.0,0.0,0,1,0,1,0,1,100.0,0,5,4,80.0,0,3,1,0,18,75.0,3,41,75,116,27.6,1,0,149,5,0,0
Davide Zappacosta,132318,Atalanta,2686,italy,2425,2076,30,26,6.9,4,2,6,2.28,3.0,35,33,34.74,275,20,37.74,487,313,767,85.89,11,47.83,12,0,0,0,89,4,2,11,4,24,30,0,0,17,19,93,1,1,19,0,10.26,0,23,20,3,1,3,,50,38.17,0,0,1,126,11,23,0,6,,0,0,0,0,0.0,0,0,0,0,279,8,0,0,4,0,0,0,0,0,0,519.0,0.0,0,19,20,16,12,12,30.77,0,26,16,61.54,23,73,39,95,61,39.61,53,636,352,893,206.9,39,0,1468,14,3,0
Adam Masina,259995,Torino,2696,italy,2425,1926,28,20,6.9,1,2,3,0.72,0.74,41,4,28.57,105,67,47.52,371,679,1046,85.39,68,73.91,24,0,0,0,88,1,2,1,4,90,27,0,0,8,17,77,1,1,23,0,12.5,14,28,23,5,1,0,,55,50.93,1,0,0,179,27,4,0,2,,0,0,0,0,0.0,0,0,0,1,228,3,0,0,0,0,0,0,0,0,0,1926.0,0.0,0,5,3,5,2,6,50.0,0,33,15,45.45,4,95,12,14,123,61.5,141,510,729,1225,186.2,8,0,1545,18,5,0
Albert Guðmundsson,804909,Fiorentina,2693,italy,2425,1285,24,16,6.9,6,1,7,4.51,0.96,6,3,12.5,123,11,47.83,242,169,408,86.81,4,25.0,12,0,0,0,53,3,6,6,0,6,24,0,0,14,10,54,0,1,13,0,22.22,0,12,11,1,4,2,,42,50.0,0,0,1,62,6,15,1,3,,0,0,2,0,100.0,0,2,0,1,137,10,0,0,5,0,0,0,0,0,0,214.17,0.0,2,15,12,6,15,15,71.43,0,9,5,55.56,15,16,21,24,46,46.0,23,305,189,470,165.5,27,1,668,18,2,0
Ignace Van der Brempt,989186,Como,2704,italy,2425,1264,20,14,6.89,0,1,1,0.46,0.39,8,3,15.0,97,17,44.74,208,240,445,82.87,18,52.94,16,0,0,0,59,0,0,0,2,31,19,0,0,10,9,66,0,0,21,0,0.0,0,18,15,3,0,0,,68,57.63,0,0,0,92,17,10,0,0,,0,0,0,0,0.0,0,0,0,0,174,3,0,0,0,0,0,0,0,0,0,0.0,0.0,0,7,0,4,3,13,52.0,0,40,32,80.0,10,23,25,20,86,56.58,38,280,277,537,131.0,7,1,894,15,3,0
Che Adams,773409,Torino,2696,italy,2425,2657,36,30,6.89,9,3,12,8.92,2.86,16,3,30.0,150,20,66.67,261,152,410,75.23,36,36.73,62,0,0,1,50,5,13,17,6,18,36,0,0,34,6,144,0,0,29,0,14.06,0,36,30,6,7,2,,63,43.45,0,0,1,135,2,27,1,23,,0,0,1,0,0.0,0,0,0,0,262,12,0,0,8,0,0,0,0,0,0,295.22,0.0,0,50,14,21,26,11,33.33,0,12,6,50.0,27,29,33,10,99,40.74,30,382,173,545,248.2,64,3,888,40,3,0
Youssouf Fofana,945062,Milan,2692,italy,2425,2509,35,29,6.89,1,6,7,1.32,2.63,41,2,20.0,260,51,49.51,667,567,1232,86.33,11,34.38,21,0,0,0,151,5,0,14,6,22,35,0,0,20,26,110,1,2,28,0,2.78,0,29,25,4,1,0,,87,49.43,1,0,0,195,19,23,0,0,,0,0,0,0,0.0,0,0,0,0,276,8,0,0,0,0,0,0,0,0,0,2509.0,0.0,0,7,29,17,5,14,45.16,0,56,34,60.71,23,88,31,10,98,47.12,103,828,609,1427,241.3,36,0,1733,17,5,0
Dany Mota,838907,Monza,2729,italy,2425,2111,31,24,6.89,5,2,7,5.1,1.74,14,8,21.05,146,17,73.91,249,157,398,75.95,62,46.27,72,0,0,0,61,3,2,8,0,24,31,0,0,29,4,154,0,3,30,0,11.9,0,42,36,6,5,0,,60,42.25,1,0,2,126,9,22,0,7,,0,0,0,0,0.0,0,0,0,0,273,11,0,0,4,0,0,0,0,0,0,422.2,0.0,0,36,6,23,11,13,37.14,0,13,3,23.08,22,21,35,38,122,44.2,23,377,185,524,213.7,42,1,891,36,3,0
Isak Hien,1157713,Atalanta,2686,italy,2425,2325,30,27,6.89,0,0,0,1.0,0.21,17,0,0.0,59,50,62.5,326,815,1141,89.77,68,54.4,57,0,0,0,141,0,1,1,10,81,30,0,0,9,17,120,1,1,36,0,0.0,0,21,19,2,0,0,,73,53.68,0,0,0,130,31,2,0,0,,0,0,0,1,0.0,0,0,0,0,166,4,0,0,0,0,0,0,0,0,0,0.0,0.0,0,8,0,5,2,6,66.67,0,48,28,58.33,2,32,9,1,141,54.02,80,397,875,1271,206.8,8,1,1594,19,10,0
Juan Jesus,108484,Napoli,2714,italy,2425,1075,15,12,6.89,0,1,1,0.34,0.14,33,0,0.0,45,54,55.67,267,494,761,89.74,25,59.52,17,0,0,0,30,0,0,1,3,39,14,0,0,1,8,39,0,0,14,0,0.0,8,12,9,3,0,0,,29,56.86,0,0,0,87,9,1,0,0,,0,0,0,0,0.0,0,0,0,0,94,0,0,0,0,0,0,0,0,0,0,0.0,0.0,0,3,0,2,0,0,0.0,0,25,14,56.0,1,59,0,0,54,58.06,97,324,524,848,96.5,3,0,972,5,2,0
Samuel Gigot,339231,Lazio,2699,italy,2425,688,15,7,6.89,2,0,2,1.31,0.05,1,0,0.0,20,4,33.33,78,208,286,91.96,19,79.17,5,0,0,0,15,0,0,1,1,33,12,0,0,1,1,14,0,0,8,0,50.0,4,5,4,1,2,0,,13,59.09,2,0,0,25,13,0,0,1,,0,0,0,1,0.0,0,0,0,0,31,0,0,0,0,0,0,0,0,0,0,344.0,0.0,0,4,0,0,3,1,50.0,0,4,3,75.0,0,6,2,0,32,69.57,12,96,215,311,82.7,4,0,403,9,2,0
Boulaye Dia,960080,Lazio,2699,italy,2425,2194,35,27,6.89,9,3,12,7.14,1.48,10,0,0.0,136,20,80.0,303,191,494,84.16,21,26.92,57,0,0,0,55,7,8,11,1,16,35,0,0,34,9,141,0,1,23,0,23.08,0,24,23,1,9,0,,63,42.86,0,0,1,93,6,27,4,4,,0,1,0,0,0.0,0,0,0,1,188,13,0,0,5,0,0,0,0,0,0,243.78,0.0,0,36,3,8,20,17,43.59,0,22,10,45.45,26,14,39,2,84,37.33,25,377,212,587,241.2,39,1,877,24,2,0
Fikayo Tomori,788255,Milan,2692,italy,2425,1611,22,19,6.89,0,1,1,0.08,0.77,17,3,50.0,86,32,49.23,327,669,993,92.89,28,47.46,31,0,0,0,60,1,0,0,4,56,22,0,0,2,8,50,0,2,10,0,0.0,11,22,19,3,0,0,,50,72.46,0,0,0,76,20,8,0,0,,0,0,0,0,0.0,0,0,0,0,95,0,0,1,0,0,0,0,0,0,0,0.0,0.0,0,2,0,2,0,2,100.0,0,40,25,62.5,8,27,2,6,78,60.94,65,374,701,1069,151.6,2,0,1285,8,2,1
Tommaso Augello,596736,Cagliari,2719,italy,2425,2714,38,30,6.89,0,7,7,0.26,4.78,56,49,23.67,227,61,41.78,483,475,909,78.23,51,68.92,23,0,0,0,135,13,0,2,6,96,38,0,0,18,13,85,0,2,15,0,0.0,0,46,42,4,0,0,,82,56.94,0,0,0,253,16,39,0,3,,0,0,0,0,0.0,0,0,0,0,528,2,0,0,0,0,0,0,0,0,0,0.0,0.0,0,2,6,6,0,24,57.14,0,49,28,57.14,39,118,42,207,133,61.01,146,802,567,1162,261.8,8,2,1992,11,3,0
Guillermo Maripán,339909,Torino,2696,italy,2425,2341,28,27,6.89,1,1,2,0.95,0.93,36,0,0.0,99,75,51.02,356,791,1147,86.76,73,59.84,49,0,0,0,90,4,0,4,6,134,28,0,1,5,12,99,0,1,29,0,8.33,1,30,24,6,1,0,,49,49.49,1,0,0,175,41,5,0,1,,0,0,0,0,0.0,0,0,0,0,213,2,0,1,0,0,0,0,0,0,0,2341.0,0.0,0,11,1,3,5,2,25.0,0,40,23,57.5,5,82,8,2,122,55.2,147,462,862,1322,192.9,12,0,1671,8,4,0
Samuele Birindelli,856729,Monza,2729,italy,2425,1474,21,18,6.89,3,0,3,2.08,1.11,11,12,18.75,109,18,42.86,223,169,380,80.0,5,25.0,15,0,0,0,47,2,1,0,1,25,20,0,0,13,8,55,0,2,16,0,18.75,0,30,26,4,3,0,,42,51.22,0,0,1,95,10,18,1,5,,0,0,0,0,0.0,0,0,0,0,196,3,0,0,2,0,0,0,0,0,0,491.33,0.0,0,15,1,6,10,5,62.5,0,22,15,68.18,18,24,8,64,47,46.08,42,334,205,475,137.7,16,0,799,15,2,0
Georgios Kyriakopoulos,377302,Monza,2729,italy,2425,2761,33,32,6.88,2,4,6,0.85,2.53,34,33,20.0,221,27,32.14,440,370,777,80.52,24,43.64,31,0,0,0,91,3,0,10,3,67,33,0,0,17,30,117,0,0,23,0,7.69,0,56,48,8,2,0,,90,51.14,0,0,1,188,23,40,2,6,,1,0,0,1,0.0,0,0,0,0,409,2,0,0,0,0,0,0,0,0,0,1380.5,0.0,4,11,15,7,9,15,48.39,0,40,25,62.5,40,87,31,165,114,49.35,84,690,440,965,227.2,26,2,1732,35,5,0
Tete Morente,605374,Lecce,2689,italy,2425,2029,31,23,6.88,3,2,5,2.67,1.23,19,11,19.64,201,38,49.35,335,189,513,79.29,41,64.06,23,0,0,0,104,2,3,11,2,26,31,0,0,15,26,111,1,0,26,0,7.32,0,37,34,3,2,1,,77,46.67,0,0,0,134,14,25,1,0,,0,0,0,0,0.0,0,0,0,0,265,12,0,0,2,0,0,0,0,0,0,676.33,0.0,0,19,22,17,13,30,57.69,0,27,17,62.96,25,37,52,56,118,51.53,77,487,216,647,213.4,41,1,1055,24,5,0
Gustav Isaksen,976381,Lazio,2699,italy,2425,2226,37,29,6.88,4,2,6,5.13,2.76,20,29,26.36,205,25,65.79,407,194,572,84.99,13,34.21,25,0,0,0,68,4,6,14,1,18,37,0,0,31,21,143,0,1,23,0,7.41,0,33,29,4,3,1,,106,47.32,0,0,0,101,10,36,4,3,,0,1,0,0,0.0,0,0,0,1,319,10,0,0,0,0,0,0,0,0,0,556.5,0.0,0,37,17,15,25,44,48.89,0,16,9,56.25,35,34,90,110,119,45.42,38,569,214,673,254.6,54,1,1191,46,5,0
Timothy Weah,855810,Juventus,2687,italy,2425,1644,30,18,6.88,5,2,7,3.43,1.18,16,8,18.18,192,14,43.75,359,236,587,88.27,19,44.19,24,0,0,0,60,4,1,6,3,23,30,0,0,15,11,83,0,2,20,0,23.81,0,21,19,2,5,0,,63,51.64,0,0,0,78,14,19,3,3,,0,0,0,0,0.0,0,0,0,0,187,11,0,0,2,0,0,0,0,0,0,328.8,0.0,0,9,12,6,9,13,44.83,0,36,19,52.78,19,23,29,44,82,49.7,32,443,266,665,206.4,21,1,1024,14,4,0
Hassane Kamara,351434,Udinese,2695,italy,2425,2006,30,25,6.88,1,4,5,0.9,2.27,28,27,25.47,141,32,36.36,330,318,621,81.82,21,65.63,11,0,0,0,92,4,0,6,6,44,30,0,0,10,12,74,0,1,25,0,5.88,0,27,24,3,0,1,,75,54.35,0,0,0,138,26,24,1,1,,0,0,0,0,0.0,0,0,0,0,310,5,0,1,0,0,0,0,0,0,0,2006.0,0.0,0,9,8,8,3,18,46.15,0,35,25,71.43,24,59,39,106,96,56.47,88,504,361,759,206.4,17,1,1311,22,6,1
Medon Berisha,1142149,Lecce,2689,italy,2425,723,17,7,6.88,0,1,1,0.73,0.84,28,8,27.59,83,39,60.94,168,139,299,82.14,7,46.67,8,0,0,0,36,1,0,8,0,5,17,0,0,1,4,31,0,2,16,0,0.0,0,10,9,1,0,0,,26,53.06,0,0,1,65,11,11,0,0,,0,0,0,0,0.0,0,0,0,0,103,7,0,0,0,0,0,0,0,0,0,0.0,0.0,2,3,21,10,6,3,42.86,0,12,8,66.67,11,57,7,29,33,51.56,64,240,153,364,116.9,24,0,503,11,5,0
Piotr Zieliński,138605,Inter,2697,italy,2425,984,26,8,6.88,2,2,4,2.63,1.05,20,6,21.43,177,22,75.86,380,255,629,92.5,10,76.92,3,0,0,0,58,0,1,8,2,11,25,0,0,6,7,34,0,1,9,0,11.76,0,8,8,0,2,0,,35,53.03,0,0,0,51,6,14,0,0,,0,0,2,0,100.0,0,2,0,0,99,5,0,0,2,0,0,0,0,0,0,492.0,0.0,0,8,9,3,6,6,40.0,0,14,10,71.43,14,32,15,28,45,56.96,29,441,267,680,171.9,17,1,833,16,0,0
Giorgio Altare,882004,Venezia,2688,italy,2425,751,12,8,6.88,0,0,0,0.15,0.16,8,3,42.86,27,15,34.88,89,161,247,76.0,21,55.26,17,0,0,0,27,1,0,0,1,46,12,0,0,5,7,40,0,0,10,0,0.0,0,12,11,1,0,0,,18,43.9,0,0,0,78,17,1,0,0,,1,0,0,0,0.0,0,0,0,0,117,0,0,0,0,0,0,0,0,0,0,0.0,0.0,0,2,1,2,1,5,83.33,0,13,12,92.31,1,29,6,7,39,49.37,43,144,188,325,82.5,3,1,522,2,2,0
Ruben Loftus-Cheek,284441,Milan,2692,italy,2425,1031,19,10,6.87,0,0,0,0.7,0.87,9,2,28.57,119,11,73.33,244,191,433,90.59,19,63.33,11,0,0,0,48,5,1,3,2,19,19,0,0,7,6,54,0,0,23,0,0.0,0,14,11,3,0,0,,56,56.57,0,0,1,45,3,16,0,0,,0,0,0,0,0.0,0,0,0,0,86,6,0,0,0,0,0,0,0,0,0,0.0,0.0,0,6,3,4,2,11,57.89,0,19,8,42.11,16,13,19,7,75,58.14,15,278,207,478,130.6,9,0,637,27,3,0
Mattia Viti,1009268,Empoli,2705,italy,2425,2576,30,30,6.87,1,0,1,0.77,0.22,52,0,0.0,97,65,37.57,281,650,931,80.26,63,54.78,52,0,0,0,97,0,1,6,6,125,30,0,0,17,18,118,2,2,30,0,9.09,107,36,31,5,1,0,,98,59.76,1,0,0,229,48,5,0,1,,0,0,0,0,0.0,0,0,0,0,272,0,0,0,0,0,0,0,0,0,0,2576.0,0.0,0,7,4,3,2,6,66.67,0,65,45,69.23,5,122,9,0,161,57.71,173,448,712,1160,206.2,11,1,1578,29,3,0
Alessio Zerbin,869888,Venezia,2688,italy,2425,1522,20,17,6.87,1,1,2,2.0,2.32,27,18,24.32,119,13,27.66,200,90,272,66.5,10,43.48,13,0,0,0,69,4,2,6,4,24,18,0,0,19,23,125,0,1,36,0,6.25,0,22,21,1,1,0,,108,49.09,0,0,0,137,15,25,1,3,,0,0,0,0,0.0,0,0,0,0,313,4,0,0,0,0,0,0,0,0,0,1522.0,0.0,0,15,1,4,6,21,36.21,0,53,29,54.72,25,58,58,74,118,48.56,47,360,123,409,123.7,16,1,944,34,4,0
Michel Aebischer,850891,Bologna,2685,italy,2425,728,14,9,6.87,0,0,0,0.41,0.61,11,6,42.86,90,24,68.57,214,152,360,89.33,5,35.71,9,0,0,0,35,0,1,3,0,5,14,0,0,7,4,38,0,0,16,0,0.0,0,12,10,2,0,0,,37,56.06,0,0,0,43,7,8,0,0,,0,0,0,0,0.0,0,0,0,0,67,5,0,0,0,0,0,0,0,0,0,0.0,0.0,1,3,7,2,5,3,60.0,0,18,13,72.22,8,16,5,14,42,52.5,35,253,164,403,96.2,10,0,514,16,2,0
Ivan Provedel,308182,Lazio,2699,italy,2425,2610,29,29,6.87,0,0,0,,0.08,97,0,0.0,35,231,48.73,112,657,769,75.47,10,90.91,1,0,0,0,189,1,0,0,5,24,29,1,0,0,0,1,2,1,0,0,0.0,106,42,39,3,0,0,-9.41,2,100.0,0,28,0,250,1,3,0,0,,0,0,0,0,0.0,4,0,0,0,253,0,12,0,0,9,32,20,53,0,18,0.0,0.0,0,0,0,0,0,0,0.0,9,0,0,0.0,3,141,0,0,12,92.31,474,300,719,1019,199.2,0,0,1237,5,0,0
Faustino Anjorin,907667,Empoli,2705,italy,2425,1117,22,14,6.87,2,3,5,0.86,1.15,16,3,17.65,83,18,47.37,187,167,351,83.18,9,37.5,15,0,0,0,65,5,0,4,0,18,22,0,0,11,9,76,0,0,24,0,8.7,0,19,18,1,0,2,,64,51.2,0,0,0,71,13,17,0,0,,0,0,0,1,0.0,0,0,0,0,148,13,0,0,2,0,0,0,0,0,0,558.5,0.0,1,4,19,12,7,16,42.11,0,29,13,44.83,17,29,38,17,73,48.99,38,254,185,422,151.1,23,0,679,19,3,0
Samuele Ricci,930189,Torino,2696,italy,2425,2836,34,34,6.86,1,1,2,1.26,1.17,56,4,13.33,237,58,60.42,613,556,1165,89.82,19,55.88,15,0,0,0,130,0,3,7,6,44,34,0,1,18,10,93,0,2,38,0,4.55,0,35,28,7,1,0,,106,57.61,0,0,0,132,25,15,0,0,,0,0,0,0,0.0,0,0,0,0,229,5,0,1,1,0,0,0,0,0,0,2836.0,0.0,0,7,15,8,7,6,31.58,0,35,21,60.0,15,92,19,30,125,57.34,96,737,590,1297,233.4,22,0,1682,70,8,0
Kyle Walker,44614,Milan,2692,italy,2425,658,11,7,6.86,0,0,0,0.04,0.45,11,0,0.0,65,17,56.67,149,188,337,90.59,6,60.0,4,0,0,0,37,1,0,2,1,14,11,0,0,4,4,20,0,1,7,0,0.0,0,9,7,2,0,0,,26,61.9,0,0,0,35,9,6,0,0,,0,0,0,0,0.0,0,0,0,0,66,3,0,0,0,0,0,0,0,0,0,0.0,0.0,0,0,2,0,0,5,71.43,0,17,9,52.94,6,19,7,11,32,61.54,30,178,205,372,75.5,2,1,510,4,1,0
Brenner,884980,Udinese,2695,italy,2425,390,9,5,6.86,1,2,3,0.63,0.14,2,3,27.27,21,4,44.44,55,31,83,82.18,2,40.0,3,0,0,0,16,1,0,2,0,5,8,0,0,9,5,19,0,0,0,0,14.29,0,4,4,0,1,0,,14,46.67,0,0,0,18,1,5,0,0,,0,0,0,0,0.0,0,0,0,0,43,2,0,0,1,0,0,0,0,0,0,390.0,0.0,0,4,3,1,4,3,60.0,0,6,4,66.67,5,7,5,11,16,45.71,9,74,38,101,54.9,7,0,169,5,0,0
Lucas Martínez Quarta,795297,Fiorentina,2693,italy,2425,348,8,4,6.86,1,0,1,0.72,0.1,6,0,0.0,26,15,53.57,74,148,222,88.8,12,48.0,13,0,0,0,13,0,0,0,1,25,8,0,0,1,5,24,0,1,8,0,33.33,0,5,5,0,1,0,,16,59.26,0,0,0,28,3,1,1,0,,0,0,0,0,0.0,0,0,0,0,36,0,0,0,0,0,0,0,0,0,0,348.0,0.0,0,2,1,2,1,2,100.0,0,12,7,58.33,1,13,2,0,28,53.85,28,92,158,250,54.9,3,0,324,2,1,0
Jesse Joronen,97978,Venezia,2688,italy,2425,702,8,7,6.86,0,0,0,,0.01,7,0,0.0,2,29,27.88,15,162,177,69.41,3,100.0,0,0,0,0,74,0,0,0,2,11,8,1,0,0,0,1,1,0,1,0,0.0,41,15,14,1,0,0,-2.0,0,0.0,0,6,0,78,0,0,0,0,,1,0,0,1,0.0,3,0,0,0,79,0,7,0,0,1,14,13,27,0,8,0.0,0.0,0,0,0,0,0,0,0.0,1,0,0,0.0,0,11,0,0,3,75.0,104,74,181,255,54.9,0,0,353,0,0,0
Stephan El Shaarawy,45925,Roma,2702,italy,2425,1110,31,12,6.86,3,4,7,2.45,1.96,12,5,18.52,139,9,50.0,255,101,351,82.39,5,20.83,19,0,0,0,48,0,6,8,1,12,29,0,0,10,6,56,0,0,7,0,10.71,0,9,8,1,2,1,,47,55.95,1,0,1,75,10,15,0,5,,0,0,0,0,0.0,0,0,0,1,153,6,0,0,2,0,0,0,0,0,0,370.0,0.0,1,17,11,8,12,17,54.84,0,16,12,75.0,15,28,31,27,52,48.15,18,336,117,426,199.0,28,2,671,14,2,0
Patrick Dorgu,1397168,Lecce,2689,italy,2425,1843,21,21,6.86,3,1,4,3.25,1.05,17,10,25.0,149,29,50.0,272,224,486,78.77,31,57.41,23,0,0,0,99,1,1,10,3,36,21,0,1,37,22,127,1,1,24,0,8.33,0,40,33,7,3,0,,113,52.07,1,0,0,131,18,19,1,4,,1,0,0,0,0.0,0,0,0,1,270,6,0,1,1,0,0,0,0,0,0,614.33,0.0,0,20,16,16,10,13,34.21,0,45,27,60.0,19,42,38,40,144,53.14,58,388,269,617,144.1,36,0,1120,55,2,0
Frédéric Guilbert,372430,Lecce,2689,italy,2425,2451,31,31,6.86,0,1,1,0.31,2.1,40,18,33.33,163,50,46.3,369,401,752,80.0,40,57.97,29,0,0,0,84,2,0,1,5,99,31,0,2,7,19,97,1,2,33,0,0.0,1,36,29,7,0,0,,107,61.14,0,0,0,188,47,19,0,1,,0,0,0,1,0.0,0,0,0,0,344,6,0,2,0,0,0,0,0,0,0,0.0,0.0,0,1,10,10,0,18,58.06,0,65,36,55.38,19,77,31,54,147,60.25,108,530,464,940,212.7,11,0,1693,24,3,0
Douglas Luiz,867887,Juventus,2687,italy,2425,522,19,3,6.86,0,0,0,0.65,1.26,20,7,26.92,79,27,75.0,199,176,368,90.42,5,55.56,4,0,0,0,31,3,1,2,1,5,18,0,0,7,3,29,0,0,14,0,0.0,0,5,5,0,0,0,,31,55.36,0,0,0,39,4,15,0,0,,0,0,0,1,0.0,0,0,0,0,77,4,0,0,0,0,0,0,0,0,0,0.0,0.0,0,4,4,4,2,11,78.57,0,13,8,61.54,15,37,14,26,36,55.38,36,248,185,407,123.5,8,0,518,7,2,0
Milan Badelj,39482,Genoa,2713,italy,2425,1486,23,21,6.86,1,0,1,0.93,0.9,37,0,0.0,138,48,51.06,320,358,678,82.38,10,62.5,6,0,0,0,74,2,1,4,1,43,23,0,0,11,20,63,0,0,18,0,7.14,0,17,13,4,1,0,,57,50.0,0,0,0,145,20,12,0,0,,0,0,0,0,0.0,0,0,0,0,194,3,0,0,1,0,0,0,0,0,0,1486.0,0.0,0,5,9,7,3,9,50.0,0,29,16,55.17,12,79,18,5,67,51.54,94,439,389,823,157.8,14,0,1062,19,3,0
Lorenzo Pellegrini,555540,Roma,2702,italy,2425,1632,25,20,6.86,2,1,3,4.86,2.69,16,15,30.61,158,16,51.61,299,212,496,83.93,11,35.48,20,0,0,0,61,3,7,11,2,21,25,0,0,16,11,89,0,0,26,0,4.76,0,22,22,0,2,0,,61,46.92,0,0,2,95,6,27,0,4,,0,0,1,0,100.0,0,1,0,0,193,11,0,0,2,0,0,0,0,0,0,816.0,0.0,2,22,20,17,14,11,40.74,0,24,16,66.67,27,31,27,49,72,44.72,31,411,229,591,171.5,42,0,888,27,4,0
Nicolò Fagioli,901850,Fiorentina,2693,italy,2425,1541,32,15,6.86,1,2,3,1.12,2.48,52,6,15.0,209,57,60.64,486,398,878,88.96,3,33.33,6,0,0,0,79,5,0,12,2,17,30,0,0,14,16,65,0,2,19,0,4.55,0,23,22,1,1,0,,64,52.03,0,0,2,109,7,27,1,0,,0,0,0,0,0.0,0,0,0,0,200,6,0,0,0,0,0,0,0,0,0,1541.0,0.0,1,9,13,5,5,12,54.55,0,33,20,60.61,27,88,22,40,67,50.76,94,592,435,987,205.8,22,1,1241,19,4,0
Riccardo Sottil,893640,Milan,2692,italy,2425,952,24,9,6.86,1,1,2,1.05,1.43,3,9,18.0,96,6,37.5,177,58,226,81.88,5,35.71,9,0,0,0,49,2,0,9,0,3,24,0,0,9,1,37,0,0,8,0,4.17,0,14,11,3,1,0,,54,65.85,0,0,0,50,4,15,1,1,,0,0,0,0,0.0,0,0,0,1,142,8,0,0,0,0,0,0,0,0,0,952.0,0.0,1,16,8,9,6,12,52.17,0,6,5,83.33,15,7,23,50,59,61.46,16,249,77,276,164.6,24,0,471,36,1,0
Michael Svoboda,888340,Venezia,2688,italy,2425,1314,16,15,6.86,1,0,1,0.2,1.21,14,1,50.0,70,36,43.37,230,469,698,85.12,37,56.92,28,0,0,0,71,2,0,0,1,63,16,0,0,11,11,58,1,1,7,0,25.0,26,28,25,3,1,0,,37,55.22,1,0,0,122,22,5,0,0,,0,0,0,0,0.0,0,0,0,0,150,4,0,0,0,0,0,0,0,0,0,1314.0,0.0,0,3,1,0,4,2,66.67,0,26,14,53.85,5,35,3,2,74,56.06,83,305,517,820,109.7,4,1,1018,11,1,0
Dušan Vlahović,832208,Juventus,2687,italy,2425,1797,29,21,6.86,10,4,14,12.5,0.91,7,1,11.11,103,10,71.43,165,88,252,71.59,39,47.56,43,0,0,0,36,3,15,13,7,9,29,0,0,28,4,115,1,2,27,0,12.99,0,17,17,0,9,1,,31,30.1,0,0,3,100,1,15,10,12,,0,0,4,0,100.0,0,4,0,0,212,14,0,0,0,0,0,0,0,0,0,179.7,0.0,7,61,16,34,30,9,33.33,0,4,2,50.0,15,20,27,9,70,37.84,14,253,108,352,198.8,77,2,620,18,3,0
Sandi Lovrić,575852,Udinese,2695,italy,2425,2326,36,31,6.85,2,3,5,2.65,2.42,35,17,18.89,224,47,51.65,441,300,724,85.18,1,5.56,17,0,0,0,118,5,1,16,2,23,35,0,0,28,22,144,1,0,54,0,4.08,0,40,36,4,2,0,,101,44.3,0,0,0,126,22,32,0,0,,0,0,0,0,0.0,0,0,0,1,317,13,0,0,2,0,0,0,0,0,0,1163.0,0.0,5,19,30,21,12,21,45.65,0,46,29,63.04,32,65,46,90,102,41.46,91,610,330,850,239.8,49,1,1355,34,5,0
Nehuén Pérez,913401,Udinese,2695,italy,2425,180,2,2,6.85,0,0,0,,0.01,6,0,0.0,7,8,66.67,14,35,49,81.67,3,75.0,1,0,0,0,6,0,0,0,0,7,2,0,0,0,1,5,0,0,3,0,0.0,2,2,2,0,0,0,,4,50.0,0,0,0,11,1,0,0,0,,0,0,0,0,0.0,0,0,0,0,11,0,0,0,0,0,0,0,0,0,0,0.0,0.0,0,0,0,0,0,1,100.0,0,1,1,100.0,0,10,1,0,7,58.33,12,22,38,60,13.7,0,0,78,2,0,0
Enzo Ebosse,848279,Udinese,2695,italy,2425,90,2,0,6.85,0,0,0,,0.01,3,0,0.0,9,4,66.67,20,26,46,86.79,1,100.0,0,0,0,0,5,0,0,0,0,1,2,0,0,0,2,3,0,0,1,0,0.0,1,1,1,0,0,0,,1,25.0,0,0,0,7,1,1,0,0,,0,0,0,0,0.0,0,0,0,0,9,2,0,0,0,0,0,0,0,0,0,0.0,0.0,0,0,0,0,0,1,100.0,0,0,0,0.0,1,3,1,0,2,40.0,6,24,29,53,13.7,0,0,63,0,1,0
Pietro Comuzzo,1210848,Fiorentina,2693,italy,2425,2202,33,24,6.85,1,0,1,0.52,0.23,29,1,33.33,92,69,47.59,330,744,1073,86.32,65,59.63,44,0,0,0,86,0,1,1,6,106,33,0,0,4,6,80,2,2,25,0,20.0,0,25,21,4,1,0,,53,59.55,0,0,0,170,29,7,1,0,,0,0,0,0,0.0,0,0,0,0,203,2,0,0,0,0,0,0,0,0,0,2202.0,0.0,0,4,1,2,2,0,0.0,0,43,21,48.84,7,63,2,3,118,59.6,145,431,815,1243,226.0,5,1,1563,12,5,0
Jens Odgaard,826064,Bologna,2685,italy,2425,1975,29,24,6.85,6,1,7,3.62,1.45,8,7,29.17,147,11,40.74,266,105,364,77.94,45,42.06,62,0,0,0,70,6,6,12,3,12,29,0,0,33,15,179,1,0,42,0,12.24,0,20,16,4,4,2,,77,39.69,0,0,2,103,9,17,4,4,,0,0,0,0,0.0,0,0,0,0,246,16,0,0,2,0,0,0,0,0,0,329.17,0.0,1,23,26,15,22,15,34.09,0,20,14,70.0,17,22,44,24,122,40.53,27,370,121,467,198.6,49,1,846,44,1,0
Keinan Davis,830858,Udinese,2695,italy,2425,1071,23,10,6.85,2,1,3,2.88,0.7,7,0,0.0,82,6,75.0,138,70,208,76.75,38,48.1,41,0,0,0,34,2,1,11,1,5,22,0,0,25,3,109,0,0,24,0,6.9,0,20,19,1,2,0,,37,35.24,1,0,1,63,1,20,0,8,,0,0,0,0,0.0,0,0,0,0,145,10,0,0,1,0,0,0,0,0,0,535.5,0.0,0,26,3,7,11,17,48.57,0,9,4,44.44,20,9,35,3,75,40.76,8,195,79,271,150.6,29,0,457,12,2,0
Mërgim Vojvoda,798147,Como,2704,italy,2425,1826,28,20,6.84,1,2,3,0.67,1.8,29,14,21.21,189,44,48.89,428,503,917,85.62,14,46.67,16,0,0,0,81,5,1,5,4,38,27,0,0,12,9,67,0,1,21,0,11.11,0,24,21,3,1,0,,42,45.16,0,0,2,154,10,23,0,2,,0,0,0,0,0.0,0,0,0,0,249,8,0,0,1,0,0,0,0,0,0,1826.0,0.0,0,5,4,3,1,9,47.37,0,27,16,59.26,23,62,19,66,56,45.53,90,586,551,1071,184.8,9,2,1434,6,6,0
Hamza Rafia,857772,Lecce,2689,italy,2425,1064,18,14,6.84,0,0,0,0.5,1.32,12,11,24.44,109,15,55.56,227,182,398,83.09,6,31.58,13,0,0,0,62,1,0,4,0,16,18,0,0,20,17,83,0,1,26,0,0.0,0,16,11,5,0,0,,78,52.7,0,0,0,81,4,16,0,0,,0,0,0,0,0.0,0,0,0,0,167,8,0,0,0,0,0,0,0,0,0,0.0,0.0,1,5,5,4,2,10,58.82,0,44,27,61.36,16,26,17,45,84,50.3,27,322,202,479,123.2,10,0,714,25,4,0
Christian Kouamé,812946,Empoli,2705,italy,2425,1127,26,10,6.84,1,1,2,3.27,1.35,5,4,50.0,88,9,60.0,169,51,216,65.65,77,62.6,46,0,0,0,38,3,5,5,1,14,25,0,0,20,5,106,0,0,20,0,3.7,0,12,11,1,1,0,,59,49.58,1,0,1,113,2,17,0,4,,0,0,0,0,0.0,0,0,0,0,190,9,0,0,0,0,0,0,0,0,0,1127.0,0.0,0,21,6,16,6,12,40.0,0,18,12,66.67,17,8,30,8,136,56.2,15,272,65,329,171.1,27,0,563,29,1,0
Antoine Hainaut,1394202,Parma,2690,italy,2425,1207,25,10,6.84,2,0,2,0.83,1.37,7,10,38.46,86,18,42.86,187,132,309,76.67,33,67.35,16,0,0,0,58,2,0,1,0,48,23,0,0,9,4,54,0,1,13,0,33.33,0,20,17,3,2,0,,55,59.14,1,0,0,94,15,9,0,1,,0,0,0,0,0.0,0,0,0,0,167,3,0,0,1,0,0,0,0,0,0,603.5,0.0,0,3,3,2,3,13,52.0,0,26,14,53.85,9,16,25,26,88,61.97,42,276,153,403,157.4,6,0,722,16,3,0
Maxwel Cornet,280439,Genoa,2713,italy,2425,242,7,2,6.84,2,1,3,1.05,0.7,0,2,25.0,17,2,100.0,28,20,46,74.19,1,10.0,9,0,0,0,14,3,1,0,0,2,7,0,0,3,1,18,0,0,0,0,40.0,0,4,4,0,2,0,,6,40.0,0,0,0,16,2,5,2,1,,0,0,0,0,0.0,0,0,0,0,35,0,0,0,0,0,0,0,0,0,0,121.0,0.0,0,5,0,2,3,3,37.5,0,2,1,50.0,5,1,8,8,7,28.0,2,48,22,62,47.9,5,0,104,1,0,0
Leonardo Spinazzola,148899,Napoli,2714,italy,2425,1536,27,17,6.84,1,1,2,0.74,3.44,43,15,23.08,170,36,50.7,336,268,589,83.55,3,50.0,3,0,0,0,62,6,1,8,3,29,26,0,0,18,13,68,0,1,6,0,8.33,0,10,7,3,1,0,,58,47.15,0,0,0,116,9,26,0,1,,0,0,0,0,0.0,0,0,0,0,250,2,0,0,1,0,0,0,0,0,0,1536.0,0.0,0,9,3,0,4,28,49.12,0,17,10,58.82,26,74,57,65,61,47.29,71,468,302,705,177.9,12,0,1113,13,1,0
Lloyd Kelly,865167,Juventus,2687,italy,2425,1015,12,11,6.84,0,0,0,0.39,0.25,13,0,0.0,95,20,30.77,236,310,546,84.91,36,57.14,27,0,0,0,55,0,1,2,5,55,12,0,0,3,2,45,1,2,14,0,0.0,15,12,10,2,0,0,,19,51.35,0,0,0,97,2,3,0,0,,0,0,0,0,0.0,0,0,0,0,127,0,0,0,0,0,0,0,0,0,0,0.0,0.0,0,5,2,4,1,0,0.0,0,15,11,73.33,3,42,1,14,55,55.0,65,317,340,643,82.1,7,0,812,4,1,0
Álex Jiménez,1184308,Milan,2692,italy,2425,1270,22,14,6.84,0,1,1,1.01,1.33,12,9,24.32,119,19,73.08,224,174,389,82.94,9,40.91,13,0,0,0,69,2,2,2,2,21,22,0,0,13,16,73,0,0,12,0,0.0,0,15,11,4,0,0,,68,53.13,0,0,0,80,15,13,0,5,,0,1,0,0,0.0,0,0,0,0,177,6,0,0,0,0,0,0,0,0,0,0.0,0.0,0,7,8,8,5,26,56.52,0,24,13,54.17,12,24,46,37,77,51.33,26,313,193,469,150.5,15,1,795,18,6,0
Gianluca Busio,896180,Venezia,2688,italy,2425,2531,33,28,6.84,2,0,2,2.46,1.81,25,4,13.79,199,35,53.03,403,289,688,78.18,33,48.53,35,0,0,0,107,1,4,9,0,48,33,0,0,32,27,146,0,0,26,0,5.56,0,45,41,4,1,1,,104,48.37,0,0,2,192,19,28,0,4,,0,0,0,0,0.0,0,0,0,1,337,8,0,0,2,0,0,0,0,0,0,1265.5,0.0,0,23,13,20,7,15,34.88,0,46,31,67.39,28,49,43,29,137,48.41,66,571,338,880,225.7,36,0,1348,44,4,0
Mateo Pellegrino,1099296,Parma,2690,italy,2425,745,13,8,6.84,3,1,4,3.81,0.58,5,1,25.0,39,9,64.29,68,21,88,55.0,50,52.08,46,0,0,0,20,1,6,5,0,6,13,0,0,16,3,94,0,0,27,0,13.64,0,5,5,0,3,0,,21,30.43,2,0,1,72,1,5,1,0,,0,0,0,0,0.0,0,0,0,0,125,5,0,0,0,0,0,0,0,0,0,248.33,0.0,0,18,4,8,9,3,37.5,0,3,2,66.67,5,6,8,4,71,43.03,14,135,29,160,88.9,22,1,293,16,2,0
Valentin Mihăilă,925242,Parma,2690,italy,2425,1300,21,16,6.84,0,3,3,2.41,1.11,18,7,21.21,161,15,65.22,250,70,313,80.26,14,34.15,27,0,0,0,39,2,3,5,1,4,21,0,0,20,13,90,0,0,17,0,0.0,0,22,21,1,0,0,,58,47.93,0,0,3,77,8,17,0,1,,0,0,0,1,0.0,0,0,0,0,176,5,0,0,0,0,0,0,0,0,0,0.0,0.0,5,14,17,15,11,10,41.67,0,29,15,51.72,17,26,24,33,72,44.44,23,340,83,390,143.6,31,0,641,20,2,0
Armando Izzo,165583,Monza,2729,italy,2425,2444,30,28,6.84,1,1,2,0.44,0.29,66,1,12.5,96,95,53.98,329,953,1281,88.34,57,44.88,70,0,0,0,90,1,0,0,3,98,30,0,0,6,18,153,0,0,65,0,16.67,22,46,41,5,1,0,,88,51.46,0,0,0,169,45,11,0,0,,0,0,0,0,0.0,0,0,0,0,209,0,0,0,1,0,0,0,0,0,0,2444.0,0.0,0,5,1,4,2,6,75.0,0,40,15,37.5,11,102,8,8,145,48.66,176,422,1036,1450,205.1,6,0,1852,47,12,0
Patrizio Masini,970998,Genoa,2713,italy,2425,1544,26,16,6.84,1,0,1,0.41,0.44,25,3,11.54,91,20,40.82,224,272,493,79.52,30,54.55,25,0,0,0,87,0,0,2,3,34,25,0,0,12,21,102,0,0,36,0,12.5,0,22,19,3,1,0,,110,58.82,0,0,1,127,15,6,0,0,,0,0,0,0,0.0,0,0,0,0,198,5,0,0,1,0,0,0,0,0,0,1544.0,0.0,0,6,2,5,1,10,52.63,0,54,29,53.7,6,51,19,26,140,57.85,49,334,312,620,170.9,8,0,942,48,3,0
Nicola Zalewski,984184,Inter,2697,italy,2425,982,23,8,6.83,1,1,2,0.52,2.41,15,20,38.46,116,15,51.72,228,140,348,83.45,9,45.0,11,0,0,0,44,5,0,1,0,8,23,0,0,11,7,55,1,2,9,0,10.0,0,13,12,1,0,1,,48,52.17,0,0,0,69,6,21,0,1,,0,0,0,0,0.0,0,0,0,0,159,8,0,0,1,0,0,0,0,0,0,982.0,0.0,0,3,7,6,3,11,39.29,0,15,10,66.67,21,20,28,52,57,50.89,29,312,157,417,157.2,10,1,664,24,3,0
Emanuele Valeri,891346,Parma,2690,italy,2425,2878,35,34,6.83,2,6,8,1.96,3.45,44,25,19.38,175,41,35.34,354,283,612,73.82,20,48.78,21,0,0,0,124,7,0,12,6,93,35,0,0,5,31,113,2,2,28,0,7.41,0,45,41,4,1,1,,88,48.89,0,0,0,217,29,36,2,0,,0,0,1,0,100.0,0,1,0,0,490,8,0,0,0,0,0,0,0,0,0,1439.0,0.0,1,6,21,10,5,12,27.91,0,51,31,60.78,36,94,43,129,108,48.87,116,620,338,829,239.2,27,0,1602,26,1,0
Gvidas Gineitis,1030829,Torino,2696,italy,2425,1423,30,15,6.83,3,1,4,1.45,2.19,9,13,25.49,117,17,48.57,229,166,382,80.76,14,43.75,18,0,0,0,57,4,1,10,2,28,30,0,0,10,12,69,0,0,23,0,10.34,0,20,17,3,3,0,,56,52.34,0,0,0,91,18,22,2,2,,0,0,0,0,0.0,0,0,0,0,177,4,0,0,1,0,0,0,0,0,0,474.33,0.0,2,10,19,11,8,8,57.14,0,25,15,60.0,22,23,14,51,70,50.36,35,328,196,473,205.0,29,0,763,23,5,0
Alessandro Circati,1155423,Parma,2690,italy,2425,540,6,6,6.83,0,0,0,0.27,0.02,4,0,0.0,7,11,52.38,35,162,197,86.03,17,80.95,4,0,0,0,11,0,0,1,1,41,6,0,0,2,1,11,0,1,4,0,0.0,10,9,8,1,0,0,,12,63.16,0,0,0,32,3,1,0,0,,0,0,0,0,0.0,0,0,0,0,38,0,0,0,0,0,0,0,0,0,0,0.0,0.0,0,2,0,1,0,0,0.0,0,7,5,71.43,1,14,0,0,29,72.5,21,57,172,229,41.0,2,0,308,5,1,0
Borna Sosa,357584,Torino,2696,italy,2425,1184,19,14,6.83,0,0,0,0.31,0.91,18,14,27.45,108,21,40.38,228,227,441,83.05,16,45.71,19,0,0,0,53,1,0,0,1,28,19,0,0,1,9,41,0,0,12,0,0.0,0,15,13,2,0,0,,36,62.07,0,0,0,90,14,11,0,1,,0,0,0,1,0.0,0,0,0,0,152,6,0,0,0,0,0,0,0,0,0,0.0,0.0,0,3,1,3,1,3,60.0,0,26,19,73.08,11,39,5,51,52,55.91,52,326,256,531,129.8,4,0,811,7,0,0
Mattia Bani,250547,Genoa,2713,italy,2425,1511,20,19,6.83,0,0,0,1.23,0.17,36,1,25.0,26,57,48.31,108,659,766,87.94,23,47.92,25,0,0,0,60,0,3,2,5,84,20,0,0,3,4,36,0,2,7,0,0.0,1,19,16,3,0,0,,31,73.81,0,0,0,105,22,2,0,1,,0,0,0,0,0.0,0,0,0,0,119,1,0,0,0,0,0,0,0,0,0,0.0,0.0,0,8,0,3,3,2,100.0,0,19,10,52.63,2,73,2,4,54,60.0,118,163,712,871,136.6,8,0,1069,11,3,0
Juan Cabal,988037,Juventus,2687,italy,2425,461,7,6,6.83,0,0,0,0.15,0.29,8,3,42.86,38,10,52.63,112,169,278,87.97,8,66.67,4,0,0,0,20,0,0,1,2,14,7,0,0,4,4,18,0,1,7,0,0.0,0,6,6,0,0,0,,24,63.16,0,0,0,38,2,2,0,1,,0,1,0,0,0.0,0,0,0,0,54,1,0,0,0,0,0,0,0,0,0,0.0,0.0,0,2,3,4,0,4,100.0,0,10,4,40.0,1,13,4,7,32,64.0,19,138,185,316,47.8,5,0,418,10,1,0
Gianluca Caprari,148458,Monza,2729,italy,2425,1663,34,18,6.83,3,2,5,4.23,2.06,22,18,22.5,200,25,69.44,370,206,558,86.65,4,22.22,14,0,0,0,57,2,0,11,0,2,33,0,0,31,7,91,0,1,18,0,10.0,0,32,27,5,3,0,,71,47.97,0,0,1,86,8,30,0,5,,0,0,2,0,100.0,0,2,0,0,250,10,0,0,2,0,0,0,0,0,0,554.33,0.0,2,17,13,8,11,10,30.3,0,19,11,57.89,30,41,33,80,75,45.18,36,501,223,644,225.3,30,0,988,42,3,0
Simon Sohm,909991,Parma,2690,italy,2425,2999,37,36,6.83,4,0,4,3.15,2.07,28,3,20.0,269,39,58.21,575,471,1043,86.06,30,50.85,29,0,0,0,127,2,5,3,5,35,37,0,0,23,19,102,0,0,19,0,11.76,0,51,47,4,3,1,,72,49.66,0,0,1,169,26,20,1,1,,0,0,0,0,0.0,0,0,0,0,256,7,0,0,3,0,0,0,0,0,0,749.75,0.0,0,21,13,18,13,15,53.57,0,28,17,60.71,20,49,28,15,102,50.0,67,715,512,1212,252.6,34,1,1533,30,7,0
Davide Frattesi,835600,Inter,2697,italy,2425,1194,28,9,6.83,5,1,6,4.1,0.82,11,1,12.5,64,8,57.14,166,127,292,84.39,10,43.48,13,0,0,0,48,2,6,9,2,13,27,0,0,4,8,43,0,1,11,0,17.86,0,16,16,0,5,0,,56,65.12,0,0,1,54,5,7,1,2,,0,0,0,0,0.0,0,0,0,1,96,3,0,0,4,0,0,0,0,0,0,238.8,0.0,0,24,4,11,8,7,50.0,0,17,8,47.06,7,16,14,8,66,60.55,14,215,139,346,184.3,28,2,543,32,1,0
Stefano Sensi,294313,Monza,2729,italy,2425,272,12,2,6.83,1,0,1,0.94,0.33,17,2,16.67,67,16,55.17,142,114,254,89.44,2,40.0,3,0,0,0,16,1,0,1,0,3,12,0,0,3,1,11,0,1,3,0,14.29,0,7,5,2,1,0,,19,70.37,0,0,0,30,3,3,0,0,,0,0,1,0,100.0,0,1,0,0,47,1,0,0,1,0,0,0,0,0,0,272.0,0.0,1,1,6,4,2,5,83.33,0,8,5,62.5,3,29,6,12,21,65.63,29,175,121,284,81.9,7,0,345,6,0,0
Manuel Lazzari,273405,Lazio,2699,italy,2425,1415,25,16,6.83,0,1,1,0.12,1.58,17,17,17.53,136,15,60.0,286,211,480,87.11,6,31.58,13,0,0,0,50,3,0,2,2,10,24,0,0,7,10,47,0,0,12,0,0.0,0,24,21,3,0,0,,69,66.99,0,0,0,71,10,21,0,1,,0,1,0,1,0.0,0,0,0,0,203,4,0,0,0,0,0,0,0,0,0,0.0,0.0,0,1,5,2,2,15,71.43,0,26,16,61.54,20,24,21,97,75,61.48,25,412,236,551,163.8,6,0,951,29,3,0
Rafa Marín,984623,Napoli,2714,italy,2425,142,4,1,6.83,0,0,0,0.22,0.01,8,0,0.0,5,14,93.33,49,66,115,97.46,2,50.0,2,0,0,0,4,0,0,0,1,4,4,0,0,0,1,5,0,0,2,0,0.0,1,1,1,0,0,0,,3,50.0,0,0,0,3,1,0,0,0,,0,0,0,0,0.0,0,0,0,0,4,0,0,0,0,0,0,0,0,0,0,0.0,0.0,0,1,1,1,1,0,0.0,0,1,0,0.0,0,8,0,0,5,50.0,15,51,67,118,27.3,2,0,134,2,1,0
Michael Kayode,1137431,Fiorentina,2693,italy,2425,129,5,1,6.83,0,0,0,0.1,0.02,1,0,0.0,11,0,0.0,19,14,33,70.21,2,100.0,0,0,0,0,6,1,0,0,0,7,4,0,0,3,0,4,0,0,1,0,0.0,0,2,1,1,0,0,,6,60.0,0,0,0,14,2,1,0,0,,0,0,0,0,0.0,0,0,0,0,30,0,0,0,0,0,0,0,0,0,0,0.0,0.0,0,1,0,1,0,3,100.0,0,1,1,100.0,1,4,3,6,8,66.67,7,33,20,47,27.3,1,0,95,2,0,0
Kingsley Ehizibue,609206,Udinese,2695,italy,2425,2510,33,30,6.82,0,1,1,1.24,1.82,13,20,32.79,134,24,40.68,292,277,549,78.77,29,46.77,33,0,0,0,110,3,3,1,2,58,33,0,0,21,16,115,1,4,33,0,0.0,0,40,37,3,0,0,,100,54.95,0,0,0,148,23,22,0,5,,0,0,0,0,0.0,0,0,0,0,297,12,0,0,0,0,0,0,0,0,0,0.0,0.0,0,10,4,9,4,12,44.44,0,55,35,63.64,22,38,27,61,129,52.87,59,434,324,697,225.2,14,0,1346,33,5,0
Þórir Jóhann Helgason,886628,Lecce,2689,italy,2425,1157,21,13,6.82,0,4,4,1.16,0.94,9,18,25.35,82,21,67.74,173,80,235,73.21,17,50.0,17,0,0,0,46,1,2,2,0,6,21,0,0,10,6,49,0,2,10,0,0.0,0,14,14,0,0,0,,28,46.67,0,0,1,86,6,22,0,2,,0,0,0,0,0.0,0,0,0,0,182,9,0,0,0,0,0,0,0,0,0,0.0,0.0,5,8,8,9,5,8,57.14,0,10,7,70.0,22,22,14,71,45,47.87,31,291,101,321,143.3,16,0,528,10,0,0
Sebastiano Luperto,352736,Cagliari,2719,italy,2425,3240,36,36,6.82,1,3,4,2.15,0.76,30,1,12.5,110,56,32.18,335,977,1311,84.85,61,52.59,55,0,0,0,139,2,3,3,7,156,36,0,0,3,10,93,1,0,23,0,4.76,15,50,46,4,1,0,,69,64.49,0,0,1,234,33,8,0,1,,0,0,0,1,0.0,0,0,0,0,272,1,0,0,0,0,0,0,0,0,0,3240.0,0.0,0,18,3,12,6,1,20.0,0,48,27,56.25,8,103,5,8,130,58.3,174,504,1049,1545,245.6,21,1,1961,20,4,0
Davide Calabria,318607,Bologna,2685,italy,2425,976,18,11,6.82,0,1,1,0.52,0.68,15,9,27.27,118,20,45.45,248,228,467,86.48,12,57.14,9,0,0,0,46,2,0,2,2,26,18,0,0,4,10,34,0,1,10,0,0.0,0,11,8,3,0,0,,33,56.9,0,0,0,73,11,14,0,0,,0,0,0,0,0.0,0,0,0,0,124,2,0,0,0,0,0,0,0,0,0,0.0,0.0,0,2,3,3,0,3,42.86,0,22,15,68.18,14,37,7,33,45,56.96,44,325,248,540,122.8,5,0,772,9,3,0
Matteo Darmian,19352,Inter,2697,italy,2425,1793,29,20,6.82,3,2,5,1.95,1.33,12,8,25.0,149,29,40.28,342,395,729,85.36,14,48.28,15,0,0,0,39,1,3,0,8,32,29,0,0,6,11,59,0,0,26,0,27.27,0,14,12,2,3,0,,50,53.19,1,0,0,125,10,16,1,5,,1,1,0,1,0.0,0,0,0,0,189,2,0,0,1,0,0,0,0,0,0,597.67,0.0,0,8,3,7,4,4,50.0,0,28,17,60.71,15,34,8,32,64,52.03,72,432,454,854,197.8,11,2,1178,19,3,0
Botond Balogh,983510,Parma,2690,italy,2425,2053,29,23,6.82,0,1,1,0.43,0.26,8,0,0.0,34,49,55.68,194,663,857,89.55,36,55.38,29,0,0,0,64,1,1,1,4,134,29,0,0,1,8,53,1,1,17,0,0.0,24,32,29,3,0,0,,41,63.08,0,0,0,100,25,2,0,0,,0,0,0,2,0.0,0,0,0,0,113,3,0,0,0,0,0,0,0,0,0,0.0,0.0,0,3,0,2,0,0,0.0,0,36,16,44.44,2,25,0,1,77,59.23,88,259,699,957,197.8,3,1,1245,7,5,0
Tomáš Suslov,964154,Hellas Verona,2701,italy,2425,2097,31,27,6.82,0,1,1,1.61,1.74,26,14,28.57,141,37,62.71,249,127,362,77.68,5,16.67,25,0,0,0,88,4,1,9,2,15,31,0,0,34,49,188,0,1,54,0,0.0,0,36,33,3,0,0,,155,48.74,0,0,0,104,18,27,0,2,,0,0,0,0,0.0,0,0,0,0,264,12,0,1,0,0,0,0,0,0,0,0.0,0.0,4,13,19,16,7,36,54.55,0,54,38,70.37,27,47,66,49,160,45.98,59,363,152,466,211.4,32,2,944,65,5,1
Nicolò Savona,1010220,Juventus,2687,italy,2425,1726,28,19,6.82,2,1,3,0.45,0.9,19,11,32.35,147,29,44.62,353,529,871,91.49,9,33.33,18,0,0,0,72,2,1,1,2,30,27,0,0,4,12,52,0,0,13,0,33.33,0,13,13,0,2,0,,44,56.41,1,0,0,81,11,16,1,1,,0,0,0,0,0.0,0,0,0,0,133,1,0,0,0,0,0,0,0,0,0,863.0,0.0,0,5,1,1,4,6,54.55,0,29,13,44.83,16,44,11,34,53,50.48,65,423,563,952,184.1,6,1,1259,9,5,0
Łukasz Skorupski,44906,Bologna,2685,italy,2425,2365,27,27,6.82,0,0,0,,0.04,33,0,0.0,32,161,41.6,86,667,753,76.29,3,75.0,1,0,0,0,194,0,0,0,8,22,27,0,0,0,2,4,1,1,1,0,0.0,95,33,27,6,0,0,-4.19,5,62.5,0,17,0,234,0,0,0,0,,0,0,0,1,0.0,2,0,1,0,243,0,9,0,0,12,38,13,53,0,6,0.0,0.0,0,0,0,0,0,1,100.0,11,1,0,0.0,0,57,1,0,8,66.67,387,270,717,987,184.1,0,0,1210,4,1,0
Anastasios Douvikas,894863,Como,2704,italy,2425,578,13,6,6.82,2,2,4,2.55,0.7,0,0,0.0,35,1,33.33,52,28,80,77.67,9,31.03,20,0,0,0,11,2,4,1,1,3,12,0,0,12,3,51,0,0,13,0,14.29,0,8,8,0,2,0,,24,43.64,1,0,0,23,1,9,1,1,,0,0,0,0,0.0,0,0,0,0,66,3,0,0,0,0,0,0,0,0,0,289.0,0.0,0,13,1,8,5,5,55.56,0,3,2,66.67,9,3,9,2,33,39.29,3,73,32,103,81.8,14,0,217,17,1,0
Stefan Posch,355486,Atalanta,2686,italy,2425,1110,19,11,6.82,0,0,0,0.5,0.59,29,8,34.78,109,44,47.83,251,281,524,80.86,19,54.29,16,0,0,0,65,0,1,1,3,32,19,0,0,17,11,77,0,0,27,0,0.0,0,18,14,4,0,0,,63,50.81,0,0,1,124,9,10,0,1,,0,0,0,0,0.0,0,0,0,0,187,4,0,0,0,0,0,0,0,0,0,0.0,0.0,0,4,1,2,2,4,30.77,0,44,26,59.09,10,51,13,23,82,51.57,92,353,318,648,129.5,5,2,957,17,1,0
Jay Idzes,933641,Venezia,2688,italy,2425,3128,35,35,6.81,1,0,1,1.91,0.44,29,2,33.33,116,57,36.77,396,985,1379,87.11,58,41.13,83,0,0,0,113,4,4,3,5,153,35,0,0,7,16,155,0,0,50,0,6.67,26,48,45,3,1,0,,57,44.19,1,0,1,204,32,8,0,3,,0,0,0,3,0.0,0,0,0,0,280,3,0,0,0,0,0,0,0,0,0,3128.0,0.0,0,13,2,9,3,1,16.67,0,45,29,64.44,8,55,6,6,115,42.59,155,537,1052,1583,238.5,15,1,2123,12,5,0
Álex Valle,1142238,Como,2704,italy,2425,1034,15,12,6.81,0,0,0,0.29,0.48,15,6,37.5,114,16,40.0,239,231,464,85.29,6,28.57,15,0,0,0,51,0,0,5,1,40,14,0,0,8,6,51,0,0,14,0,0.0,0,13,13,0,0,0,,53,59.55,0,0,0,80,8,11,0,1,,0,0,0,0,0.0,0,0,0,0,135,3,0,0,0,0,0,0,0,0,0,0.0,0.0,0,4,5,3,1,9,50.0,0,26,12,46.15,11,27,18,16,59,53.64,40,299,261,544,95.4,9,0,846,18,2,0
Alberto Dossena,870211,Como,2704,italy,2425,1829,23,20,6.81,0,2,2,0.79,0.43,26,0,0.0,38,41,47.67,224,666,890,87.94,62,72.09,24,0,0,0,68,2,0,1,0,87,23,0,1,3,12,62,0,1,22,0,0.0,18,34,31,3,0,0,,50,56.82,0,0,1,122,22,5,0,0,,0,0,0,2,0.0,0,0,0,0,139,0,0,1,0,0,0,0,0,0,0,0.0,0.0,0,11,1,7,4,4,66.67,0,33,20,60.61,5,53,6,1,112,64.37,86,303,710,1012,156.7,12,0,1255,16,1,0
Fabio Miretti,1010223,Genoa,2713,italy,2425,1694,25,22,6.81,3,3,6,3.17,2.13,22,21,34.43,116,19,41.3,246,170,395,80.12,12,34.29,23,0,0,0,85,4,3,9,1,8,25,0,0,36,15,133,1,1,23,0,12.5,0,23,21,2,3,0,,105,48.84,0,0,1,98,7,23,1,2,,0,1,0,0,0.0,0,0,0,0,289,12,0,0,2,0,0,0,0,0,0,564.67,0.0,1,18,6,9,6,25,39.68,0,28,15,53.57,22,44,63,61,117,46.8,46,359,195,493,170.3,24,1,939,53,2,0
Marko Arnautović,21927,Inter,2697,italy,2425,562,18,5,6.81,4,2,6,3.28,0.91,5,0,0.0,61,2,66.67,84,29,113,74.83,12,60.0,8,0,0,0,10,2,6,0,0,1,17,0,0,3,2,17,0,0,4,0,28.57,0,9,7,2,4,0,,15,62.5,2,0,0,38,1,7,2,8,,0,0,0,0,0.0,0,0,0,0,62,3,0,0,0,0,0,0,0,0,0,140.5,0.0,0,14,0,8,6,2,66.67,0,7,6,85.71,7,9,3,5,27,61.36,3,124,32,151,115.8,14,1,213,6,2,0
Ivan Smolčić,974581,Como,2704,italy,2425,635,9,7,6.81,0,0,0,0.44,0.14,8,0,0.0,38,18,47.37,103,182,285,85.84,11,52.38,10,0,0,0,27,0,1,1,1,23,9,0,0,3,4,30,0,0,11,0,0.0,0,8,8,0,0,0,,21,51.22,0,0,1,47,10,2,0,0,,0,0,0,1,0.0,0,0,0,0,80,2,0,0,0,0,0,0,0,0,0,0.0,0.0,0,6,1,3,3,0,0.0,0,16,9,56.25,2,14,2,4,32,51.61,38,142,194,332,61.3,7,0,490,5,2,0
Luca Mazzitelli,369866,Como,2704,italy,2425,358,11,3,6.81,1,1,2,0.21,0.64,18,0,0.0,41,16,55.17,80,74,154,84.62,2,20.0,8,0,0,0,14,1,0,0,0,10,11,0,0,5,2,23,0,0,9,0,14.29,0,11,10,1,1,0,,17,53.13,0,0,0,28,3,6,1,0,,0,0,0,0,0.0,0,0,0,0,51,0,0,0,0,0,0,0,0,0,0,358.0,0.0,0,5,2,4,3,4,80.0,0,9,6,66.67,6,24,5,12,19,45.24,29,111,83,182,74.9,7,0,251,4,1,0
Mikael Ellertsson,933203,Venezia,2688,italy,2425,2480,36,29,6.81,2,2,4,1.14,1.79,7,3,10.71,129,13,32.5,248,139,384,73.0,16,47.06,18,0,0,0,74,4,1,11,3,61,36,0,0,19,28,106,0,0,22,0,9.52,0,31,28,3,2,0,,118,57.28,1,0,0,142,17,20,1,2,,0,0,0,0,0.0,0,0,0,0,266,6,0,0,0,0,0,0,0,0,0,1240.0,0.0,0,14,7,5,5,16,43.24,0,58,26,44.83,20,20,37,28,134,55.83,40,376,178,526,245.1,21,0,1017,44,2,0
Koni De Winter,1001828,Genoa,2713,italy,2425,2133,25,23,6.81,3,0,3,2.08,0.17,24,2,50.0,67,41,45.56,271,801,1070,86.85,76,69.09,34,0,0,0,114,0,4,0,7,112,25,0,0,8,8,103,0,3,43,0,23.08,2,33,28,5,3,0,,51,42.5,3,0,0,162,25,3,0,1,,0,0,0,2,0.0,0,0,0,0,210,1,0,0,0,0,0,0,0,0,0,711.0,0.0,0,13,0,6,7,6,35.29,0,33,19,57.58,3,55,17,4,127,55.22,90,368,868,1232,170.2,13,0,1590,14,6,0
Martín Payero,895592,Udinese,2695,italy,2425,1383,25,16,6.81,1,1,2,1.28,1.12,13,13,33.33,115,17,47.22,248,103,338,82.44,21,50.0,21,0,0,0,75,1,0,11,0,10,25,0,0,13,8,102,0,0,35,0,3.23,0,20,18,2,0,1,,93,53.45,0,0,1,72,13,15,0,0,,0,0,0,2,0.0,0,0,0,1,175,13,0,0,1,0,0,0,0,0,0,1383.0,0.0,2,10,21,15,5,30,49.18,0,24,16,66.67,15,33,61,39,114,52.78,36,330,119,410,170.2,31,0,734,39,5,0
Eldor Shomurodov,791355,Roma,2702,italy,2425,1108,27,11,6.81,4,4,8,4.77,1.39,9,0,0.0,101,6,75.0,159,56,215,76.79,26,38.81,41,0,0,0,36,3,5,6,1,3,26,0,0,19,3,92,0,0,14,0,13.79,0,10,8,2,4,0,,29,36.25,2,0,2,65,3,17,1,3,,0,0,0,0,0.0,0,0,0,0,159,8,0,0,1,0,0,0,0,0,0,277.0,0.0,0,25,4,9,14,8,29.63,0,14,6,42.86,17,11,27,6,55,37.41,8,217,69,280,177.0,29,0,481,7,1,0
Gabriele Zappa,927304,Cagliari,2719,italy,2425,3062,37,35,6.81,2,0,2,0.84,3.34,66,17,23.61,214,79,40.51,471,629,1083,78.71,21,43.75,27,0,0,0,123,8,1,4,5,85,36,0,0,7,17,89,0,1,25,0,18.18,0,54,49,5,2,0,,71,53.38,0,0,0,293,23,28,0,0,,0,0,0,0,0.0,0,0,0,0,460,2,0,0,2,0,0,0,0,0,0,1531.0,0.0,0,7,4,2,5,13,48.15,0,40,23,57.5,28,157,27,72,92,50.83,195,707,741,1376,245.0,11,1,2073,18,4,0
Matías Vecino,158615,Lazio,2699,italy,2425,875,20,7,6.81,2,3,5,2.27,2.79,19,0,0.0,71,23,76.67,144,178,322,81.73,31,52.54,28,0,0,0,29,5,2,4,1,14,20,0,0,10,14,71,0,0,20,0,12.5,0,13,13,0,2,0,,16,27.12,1,0,1,72,5,11,1,0,,0,0,0,0,0.0,0,0,0,0,91,1,0,0,0,0,0,0,0,0,0,437.5,0.0,0,13,3,7,5,1,100.0,0,13,7,53.85,11,30,1,2,47,39.83,30,195,201,394,136.1,16,0,496,3,7,0
Andrea Carboni,970978,Monza,2729,italy,2425,2196,26,25,6.8,0,1,1,0.3,0.22,33,3,20.0,94,44,44.9,295,682,974,86.89,40,48.78,42,0,0,0,62,1,0,1,2,104,26,0,0,5,18,98,0,4,29,0,0.0,29,39,34,5,0,0,,80,58.82,0,0,0,147,27,4,0,0,,0,0,0,1,0.0,0,0,0,0,192,5,0,0,0,0,0,0,0,0,0,0.0,0.0,0,5,3,6,1,5,55.56,0,60,35,58.33,4,69,9,15,120,55.05,98,394,742,1121,176.9,8,0,1459,17,5,0
Ibrahim Sulemana,105905,Atalanta,2686,italy,2425,282,9,3,6.8,2,0,2,0.43,0.11,0,0,0.0,33,4,57.14,94,65,159,88.33,9,69.23,4,0,0,0,13,0,1,2,0,1,7,0,0,3,6,16,0,0,2,0,40.0,0,4,4,0,0,2,,12,50.0,0,0,0,21,0,1,0,0,,0,0,0,0,0.0,0,0,0,0,33,0,0,0,2,0,0,0,0,0,0,141.0,0.0,0,1,4,1,2,1,50.0,0,9,4,44.44,1,3,2,0,21,56.76,7,111,69,180,47.6,5,0,216,2,1,0
Sergi Roberto,123976,Como,2704,italy,2425,696,13,8,6.8,0,1,1,0.67,0.51,2,3,50.0,99,5,55.56,255,200,452,90.95,7,43.75,9,0,0,0,48,0,1,2,0,14,13,0,0,5,2,29,0,0,7,0,0.0,0,10,9,1,0,0,,31,60.78,0,0,0,45,9,15,0,0,,0,0,0,2,0.0,0,0,0,0,75,2,0,0,0,0,0,0,0,0,0,0.0,0.0,0,2,4,3,1,3,33.33,0,14,8,57.14,15,8,9,6,38,56.72,9,283,220,497,88.4,6,0,615,14,4,0
Alberto Costa,1160957,Juventus,2687,italy,2425,358,9,3,6.8,0,1,1,0.6,0.08,2,0,0.0,40,3,27.27,82,79,161,83.85,5,62.5,3,0,0,0,23,0,2,4,1,13,9,0,0,0,2,17,0,0,8,0,0.0,0,3,3,0,0,0,,20,58.82,0,0,0,31,4,2,0,0,,0,0,0,0,0.0,0,0,0,0,52,1,0,0,0,0,0,0,0,0,0,0.0,0.0,0,7,0,1,2,4,40.0,0,14,10,71.43,2,8,10,2,25,59.52,11,102,92,192,61.2,7,0,291,2,3,0
Danilo,124992,Juventus,2687,italy,2425,582,12,6,6.8,0,1,1,0.1,0.61,9,1,33.33,90,36,66.67,224,269,492,91.11,16,69.57,7,0,0,0,24,2,0,0,1,20,10,0,0,2,5,25,0,1,11,0,0.0,2,12,12,0,0,0,,11,37.93,0,0,0,48,9,3,0,0,,0,0,0,1,0.0,0,0,0,0,60,0,0,0,0,0,0,0,0,0,0,0.0,0.0,0,1,0,1,0,0,0.0,0,10,4,40.0,3,25,0,3,27,51.92,54,254,289,540,68.0,1,0,635,1,2,0
Matteo Palma,1495719,Udinese,2695,italy,2425,8,1,0,6.8,0,0,0,,0.0,0,0,0.0,0,0,0.0,2,3,5,83.33,1,100.0,0,0,0,0,1,0,0,0,0,1,1,0,0,0,0,1,0,0,1,0,0.0,0,0,0,0,0,0,,0,0.0,0,0,0,1,0,0,0,0,,0,0,0,0,0.0,0,0,0,0,2,0,0,0,0,0,0,0,0,0,0,0.0,0.0,0,0,0,0,0,0,0.0,0,0,0,0.0,0,0,0,0,1,50.0,0,3,3,6,6.8,0,0,9,0,0,0
Giuseppe Ciocci,992605,Cagliari,2719,italy,2425,8,1,0,6.8,0,0,0,,0.0,0,0,0.0,0,0,0.0,0,1,1,100.0,0,0.0,0,0,0,0,0,0,0,0,0,0,1,0,0,0,0,0,0,0,0,0,0.0,0,0,0,0,0,0,,1,100.0,0,0,0,0,0,0,0,0,,0,0,0,0,0.0,0,0,0,0,0,0,0,0,0,1,0,0,0,0,0,0.0,0.0,0,0,0,0,0,0,0.0,1,0,0,0.0,0,0,0,0,1,100.0,0,0,1,1,6.8,0,0,2,1,0,0
Simone Scuffet,284349,Napoli,2714,italy,2425,1260,14,14,6.8,0,0,0,,0.02,13,0,0.0,8,101,44.69,60,205,265,67.6,4,80.0,1,0,0,0,105,0,0,0,1,16,14,1,0,0,1,2,2,0,0,0,0.0,108,24,21,3,0,0,-1.99,1,50.0,0,6,0,127,0,0,0,0,,0,0,0,0,0.0,5,0,0,0,130,0,6,0,0,4,19,17,36,0,9,0.0,0.0,0,0,0,0,0,0,0.0,4,0,0,0.0,0,18,0,0,5,71.43,226,156,236,392,95.2,0,0,516,1,0,0
Gianluca Scamacca,807301,Atalanta,2686,italy,2425,13,1,0,6.8,0,0,0,0.09,0.0,0,0,0.0,0,0,0.0,0,1,1,100.0,0,0.0,0,0,0,0,0,0,0,0,0,0,1,0,0,0,0,0,0,0,0,0,0.0,0,0,0,0,0,0,,0,0.0,0,0,0,0,0,0,0,0,,0,0,0,0,0.0,0,0,0,0,0,0,0,0,0,0,0,0,0,0,0,0.0,0.0,0,1,0,0,1,0,0.0,0,0,0,0.0,0,0,0,0,0,0.0,0,0,1,1,6.8,1,0,2,0,0,0
Alphadjo Cissè,1169409,Hellas Verona,2701,italy,2425,12,2,0,6.8,0,0,0,0.05,0.01,0,0,0.0,2,0,0.0,3,3,6,75.0,1,100.0,0,0,0,0,0,0,0,0,0,0,1,0,0,0,0,1,0,0,1,0,0.0,0,0,0,0,0,0,,0,0.0,0,0,0,2,0,0,0,0,,0,0,0,0,0.0,0,0,0,0,2,0,0,0,0,0,0,0,0,0,0,0.0,0.0,0,0,2,0,2,0,0.0,0,0,0,0.0,0,0,0,0,1,50.0,0,4,4,8,6.8,2,0,11,0,0,0
Daniel Mosquera,1018179,Hellas Verona,2701,italy,2425,1371,35,12,6.8,5,1,6,6.63,0.89,7,0,0.0,86,3,37.5,156,73,229,69.18,81,46.82,92,0,0,0,54,2,7,15,0,10,35,0,0,17,14,163,0,0,44,0,8.77,0,25,22,3,4,1,,42,37.17,0,0,1,102,2,13,0,8,,0,1,0,0,0.0,0,0,0,0,173,9,0,0,4,0,0,0,0,0,0,274.2,0.0,0,47,10,26,16,16,66.67,0,11,8,72.73,12,9,24,2,123,43.01,8,239,94,331,237.9,57,1,562,17,4,0
Nicolò Casale,862697,Bologna,2685,italy,2425,1046,17,11,6.79,0,1,1,0.51,0.51,14,0,0.0,41,32,64.0,179,367,546,88.21,38,61.29,24,0,0,0,44,1,0,2,2,44,17,0,0,1,5,52,2,1,25,0,0.0,4,18,14,4,0,0,,27,49.09,0,0,1,73,18,3,0,0,,1,0,0,0,0.0,0,0,0,0,85,0,0,0,0,0,0,0,0,0,0,0.0,0.0,0,5,0,1,2,3,100.0,0,16,8,50.0,3,23,3,0,65,55.56,50,222,397,619,115.5,5,1,761,8,1,0
Rafael Tolói,82943,Atalanta,2686,italy,2425,464,11,2,6.79,0,0,0,0.07,0.5,8,1,50.0,48,6,28.57,115,141,255,88.24,9,90.0,1,0,0,0,33,1,0,0,1,11,11,0,0,3,7,18,0,0,6,0,0.0,0,2,2,0,0,0,,14,45.16,0,0,0,34,8,3,0,0,,0,0,0,0,0.0,0,0,0,0,46,3,0,0,0,0,0,0,0,0,0,0.0,0.0,0,1,2,3,0,2,66.67,0,10,5,50.0,3,18,3,2,23,56.1,21,142,149,289,74.7,3,1,357,2,1,0
Semuel Pizzignacco,923820,Monza,2729,italy,2425,736,9,8,6.79,0,0,0,,0.01,9,0,0.0,6,49,37.12,25,183,208,71.48,7,100.0,0,0,0,0,53,0,0,0,1,13,9,0,0,0,1,1,0,0,0,0,0.0,49,17,16,1,0,0,-4.72,0,0.0,0,4,0,83,0,0,0,0,,1,0,0,0,0.0,0,0,0,0,83,0,7,0,0,3,15,7,23,1,4,0.0,0.0,0,0,0,0,0,0,0.0,3,0,0,0.0,0,19,0,0,7,87.5,132,85,206,291,61.1,0,0,366,2,0,0
Alessandro Bianco,1101992,Monza,2729,italy,2425,2622,35,29,6.79,1,0,1,1.28,1.34,68,3,13.04,239,98,62.03,578,742,1317,87.68,17,37.78,28,0,0,0,125,2,0,4,1,49,35,0,0,24,15,125,1,3,43,0,3.85,0,60,52,8,1,0,,122,55.71,0,0,0,185,22,18,0,3,,0,0,0,1,0.0,0,0,0,0,301,7,0,0,1,0,0,0,0,0,0,2622.0,0.0,0,6,20,16,6,17,47.22,0,51,28,54.9,18,107,36,23,139,52.65,158,719,806,1502,237.6,26,0,1946,55,9,0
Răzvan Marin,279563,Cagliari,2719,italy,2425,1407,33,13,6.79,3,2,5,2.41,3.53,28,26,33.77,139,37,42.53,300,260,534,81.16,10,37.04,17,0,0,0,70,5,0,6,1,20,33,0,0,16,12,79,1,1,25,0,13.04,0,22,18,4,2,1,,47,43.12,0,0,2,124,2,34,0,0,,0,0,2,0,100.0,0,2,0,0,223,8,0,0,3,0,0,0,0,0,0,469.0,0.0,2,6,17,7,10,13,54.17,0,22,13,59.09,34,61,24,77,57,41.91,87,443,292,658,224.0,23,0,911,13,4,0
Tommaso Pobega,928796,Bologna,2685,italy,2425,1178,21,13,6.79,2,2,4,2.12,0.83,14,3,37.5,105,18,41.86,212,169,378,83.63,15,48.39,16,0,0,0,45,1,3,8,3,16,21,0,1,6,8,67,0,0,33,0,8.33,0,13,13,0,2,0,,49,49.0,0,0,2,74,14,12,1,0,,0,0,0,0,0.0,0,0,0,1,108,4,0,2,1,0,0,0,0,0,0,589.0,0.0,0,12,12,8,8,3,42.86,0,33,19,57.58,12,35,7,8,64,48.85,43,273,187,452,142.5,24,1,636,14,4,1
Patrick Ciurria,346676,Monza,2729,italy,2425,1117,21,12,6.79,1,1,2,0.85,1.56,11,13,21.31,78,16,57.14,163,121,271,80.65,5,25.0,15,0,0,0,32,4,0,4,0,21,21,0,0,14,7,58,0,0,17,0,9.09,0,23,20,3,1,0,,38,46.91,0,0,0,65,6,14,1,1,,0,1,0,0,0.0,0,0,0,0,160,2,0,0,0,0,0,0,0,0,0,1117.0,0.0,0,5,6,5,2,5,41.67,0,22,14,63.64,13,29,12,61,43,42.57,28,255,142,336,142.5,11,0,581,11,1,0
Pierluigi Gollini,329175,Roma,2702,italy,2425,630,7,7,6.79,0,0,0,,0.02,10,0,0.0,9,45,50.56,25,160,185,80.79,0,0.0,0,0,0,0,32,0,0,0,1,2,7,0,0,0,0,0,1,0,0,0,0.0,52,15,13,2,0,0,-2.66,0,0.0,0,2,0,44,0,0,0,0,,0,0,0,0,0.0,4,0,1,0,44,0,0,0,0,1,13,4,18,0,3,0.0,0.0,0,0,0,0,0,0,0.0,1,0,0,0.0,0,15,0,0,0,0.0,89,61,168,229,47.5,0,0,274,0,1,0
Lucas Beltrán,962029,Fiorentina,2693,italy,2425,1958,33,21,6.78,5,4,9,5.42,1.89,15,4,57.14,155,14,45.16,294,162,452,78.75,32,36.36,56,0,1,0,59,4,5,8,2,12,33,0,0,41,14,152,0,0,32,0,17.24,0,25,20,5,5,0,,87,47.54,2,0,2,122,5,29,1,4,,0,0,3,0,66.67,0,2,0,1,230,10,0,0,2,0,0,0,0,0,0,391.6,0.0,0,23,6,12,9,15,51.72,0,23,10,43.48,29,30,29,7,119,43.91,31,397,184,574,223.9,29,0,891,49,6,0
Nicolas Viola,21608,Cagliari,2719,italy,2425,1280,27,18,6.78,3,1,4,2.37,2.58,20,29,36.71,109,17,45.95,197,85,253,68.94,21,46.67,24,0,0,0,52,4,5,8,0,5,26,0,0,21,9,86,0,0,20,1,9.68,0,25,21,4,2,1,,59,48.76,1,0,1,114,3,29,2,8,,0,1,0,0,0.0,0,0,0,0,237,6,0,0,0,0,0,0,0,0,0,426.67,25.0,4,17,14,14,9,11,40.74,0,14,7,50.0,28,44,27,79,80,48.19,37,336,110,367,176.4,31,1,660,34,2,0
José Luis Palomino,79680,Cagliari,2719,italy,2425,1082,18,10,6.78,1,0,1,0.48,0.17,11,0,0.0,47,35,50.72,135,356,491,87.68,16,57.14,12,0,0,0,50,0,0,0,2,46,18,0,0,1,6,31,0,0,11,0,50.0,1,17,15,2,1,0,,29,60.42,1,0,0,69,22,1,0,0,,0,0,0,1,0.0,0,0,0,0,83,0,0,0,0,0,0,0,0,0,0,1082.0,0.0,0,2,0,1,1,0,0.0,0,27,15,55.56,1,25,1,0,45,59.21,69,170,390,560,122.1,2,1,723,2,3,0
Keita Baldé,317699,Monza,2729,italy,2425,640,11,8,6.78,2,0,2,1.14,0.43,5,3,50.0,75,6,85.71,124,74,195,90.28,5,31.25,11,0,0,0,12,0,1,5,0,0,11,0,0,15,1,39,0,0,7,0,14.29,0,18,15,3,1,1,,29,50.88,0,0,1,21,2,4,0,3,,0,0,0,0,0.0,0,0,0,0,67,3,0,0,2,0,0,0,0,0,0,320.0,0.0,0,11,3,4,5,5,38.46,0,1,1,100.0,4,5,13,6,34,46.58,7,142,80,216,74.6,14,0,329,23,2,0
Lorenzo Montipò,253391,Hellas Verona,2701,italy,2425,3240,36,36,6.78,0,0,0,,0.1,13,0,0.0,72,235,30.44,198,231,429,44.36,11,91.67,1,0,0,0,255,0,0,0,8,45,36,0,0,0,3,4,3,1,0,0,0.0,298,64,56,8,0,0,-12.53,4,57.14,0,29,0,538,0,0,0,0,,1,0,0,0,0.0,4,0,1,0,549,0,21,0,0,9,54,44,100,2,28,0.0,0.0,0,0,0,0,0,0,0.0,9,1,0,0.0,0,20,0,0,15,78.95,772,672,295,967,244.1,0,0,1269,7,0,0
Andrea Colpani,928122,Fiorentina,2693,italy,2425,1490,25,18,6.78,2,1,3,2.68,1.35,18,5,15.15,157,16,51.61,247,124,366,86.12,11,40.74,16,0,0,0,46,0,4,15,1,9,25,0,0,22,8,79,0,0,22,0,5.56,0,20,15,5,2,0,,50,44.25,0,0,1,59,9,17,2,1,,0,0,0,0,0.0,0,0,0,0,154,8,0,0,0,0,0,0,0,0,0,745.0,0.0,2,22,14,9,12,12,48.0,0,15,9,60.0,17,31,25,33,61,43.57,31,322,136,425,169.5,36,1,666,24,1,0
Lautaro Valenti,958517,Parma,2690,italy,2425,1557,20,18,6.78,1,0,1,0.27,0.16,17,1,50.0,34,43,38.39,177,520,696,84.67,25,54.35,21,0,0,0,48,0,0,1,5,92,20,0,0,0,2,48,0,1,24,0,14.29,36,21,21,0,1,0,,23,46.0,1,0,0,126,13,4,0,0,,0,0,0,0,0.0,0,0,0,0,139,0,0,1,0,0,0,0,0,0,0,1557.0,0.0,0,4,3,4,2,0,0.0,0,17,12,70.59,4,47,1,2,48,50.0,112,264,560,822,135.6,7,1,1028,7,4,1
Lautaro Giannetti,233856,Udinese,2695,italy,2425,882,15,11,6.78,1,0,1,0.08,0.25,7,0,0.0,16,16,36.36,82,233,315,82.46,30,68.18,14,0,0,0,28,0,0,0,1,45,15,0,0,0,6,27,1,0,7,0,50.0,23,17,15,2,1,0,,22,62.86,1,0,0,67,15,2,0,0,,2,0,0,1,0.0,0,0,0,0,71,2,0,0,0,0,0,0,0,0,0,882.0,0.0,0,1,1,0,2,0,0.0,0,22,10,45.45,2,12,2,0,52,65.82,44,122,260,382,101.7,2,1,508,0,4,0
Lorenzo Colombo,930191,Empoli,2705,italy,2425,2249,37,26,6.78,6,2,8,6.11,0.91,11,2,20.0,114,21,58.33,218,122,338,68.42,54,30.34,124,0,0,0,73,5,6,13,0,15,37,0,0,52,14,255,1,0,46,0,10.71,0,36,30,6,5,1,,95,42.04,0,0,4,156,2,21,5,6,,0,0,1,0,100.0,0,1,0,0,331,16,0,1,1,0,0,0,0,0,0,374.83,0.0,0,37,19,23,20,24,48.98,0,31,14,45.16,21,18,49,10,149,36.88,36,353,151,494,250.8,56,1,954,41,3,1
Suat Serdar,800408,Hellas Verona,2701,italy,2425,1377,22,16,6.78,2,1,3,2.04,0.54,20,3,33.33,98,19,51.35,206,148,351,76.47,17,54.84,14,0,0,0,74,2,1,15,0,19,22,0,0,15,16,91,0,0,33,0,6.67,0,29,27,2,0,2,,69,47.26,0,0,1,108,8,10,0,0,,0,0,0,0,0.0,0,0,0,0,175,5,0,1,2,0,0,0,0,0,0,688.5,0.0,0,12,18,7,8,19,55.88,0,35,22,62.86,10,52,34,9,86,48.59,37,296,172,459,149.1,30,0,716,18,2,1
Casper Tengstedt,957937,Hellas Verona,2701,italy,2425,1531,25,20,6.78,6,1,7,5.16,1.1,5,1,10.0,76,8,40.0,132,64,195,69.4,20,24.69,61,0,0,0,37,2,6,11,0,29,25,0,0,6,5,93,0,0,6,0,15.79,0,34,32,2,6,0,,25,43.86,0,0,1,86,4,12,1,6,,0,0,1,0,100.0,0,1,0,0,155,11,0,0,5,0,0,0,0,0,0,255.17,0.0,0,33,5,16,11,9,36.0,0,7,5,71.43,12,17,25,10,45,32.61,20,207,84,281,169.4,38,0,483,9,2,0
Alberto Grassi,186845,Empoli,2705,italy,2425,2228,28,27,6.78,1,0,1,1.04,0.7,20,0,0.0,132,44,37.61,282,348,630,75.9,31,56.36,24,0,0,0,124,1,2,3,2,40,28,0,1,18,8,80,0,1,28,0,9.09,0,36,31,5,1,0,,76,57.58,0,0,1,200,33,7,0,1,,0,0,0,0,0.0,0,0,0,1,266,14,0,1,1,0,0,0,0,0,0,2228.0,0.0,0,9,2,4,4,5,45.45,0,39,21,53.85,7,61,11,10,107,57.22,117,453,387,830,189.7,11,0,1124,34,8,0
Saud Abdulhamid,966849,Roma,2702,italy,2425,205,4,2,6.78,0,1,1,0.03,0.23,1,3,42.86,24,0,0.0,56,33,86,88.66,0,0.0,1,0,0,0,3,1,0,0,0,0,4,0,0,1,0,6,0,0,2,0,0.0,0,1,1,0,0,0,,11,68.75,0,0,0,11,2,2,0,0,,0,0,0,1,0.0,0,0,0,0,28,0,0,0,0,0,0,0,0,0,0,0.0,0.0,0,0,1,1,0,3,60.0,0,3,2,66.67,2,4,5,7,11,64.71,3,69,35,97,27.1,1,0,163,5,0,0
Matias Moreno,1496360,Fiorentina,2693,italy,2425,150,4,2,6.78,0,0,0,,0.03,3,0,0.0,9,2,66.67,24,34,58,84.06,3,37.5,5,0,0,0,5,0,0,0,0,9,4,0,0,1,0,9,0,0,4,0,0.0,0,4,4,0,0,0,,11,73.33,0,0,0,11,1,1,0,0,,0,0,0,1,0.0,0,0,0,0,15,1,0,0,0,0,0,0,0,0,0,0.0,0.0,0,0,0,0,0,3,100.0,0,8,8,100.0,1,4,3,2,14,60.87,3,32,39,69,27.1,0,0,105,0,0,0
Kacper Urbański,1012383,Monza,2729,italy,2425,755,15,7,6.77,1,0,1,0.47,0.58,19,3,25.0,108,17,85.0,193,127,317,87.57,9,30.0,21,0,0,0,39,1,0,2,0,12,15,0,0,13,5,56,0,0,13,0,11.11,0,14,12,2,1,0,,23,39.66,1,0,0,45,4,13,0,0,,0,0,0,0,0.0,0,0,0,0,89,1,0,0,0,0,0,0,0,0,0,755.0,0.0,0,5,4,5,2,6,50.0,0,10,5,50.0,13,22,12,12,32,36.36,20,233,141,362,101.6,9,1,495,8,3,0
Michel Adopo,928777,Cagliari,2719,italy,2425,2417,35,27,6.77,1,1,2,1.08,1.32,17,3,37.5,209,24,54.55,420,391,808,83.9,29,54.72,24,0,0,0,135,3,1,6,4,25,35,0,0,26,14,111,0,0,29,0,5.0,0,41,39,2,1,0,,90,50.85,0,0,0,155,27,19,0,0,,0,0,0,0,0.0,0,0,0,0,254,12,0,1,1,0,0,0,0,0,0,2417.0,0.0,0,15,5,10,4,19,48.72,0,55,32,58.18,19,34,39,8,119,51.74,44,539,432,963,237.0,20,0,1298,16,3,1
Ivan Ilić,877371,Torino,2696,italy,2425,921,19,9,6.77,1,0,1,0.95,0.92,13,7,25.93,116,18,60.0,269,175,437,86.71,4,22.22,14,0,0,0,28,2,1,3,1,10,19,0,0,9,6,44,0,0,11,0,9.09,0,10,9,1,1,0,,34,53.13,0,0,0,67,5,10,1,1,,0,1,0,0,0.0,0,0,0,0,124,1,0,0,0,0,0,0,0,0,0,921.0,0.0,2,4,7,4,4,6,60.0,0,5,2,40.0,9,26,10,27,38,46.34,30,339,192,504,128.6,11,0,655,23,4,0
Fabiano Parisi,972886,Fiorentina,2693,italy,2425,1112,26,11,6.77,2,0,2,0.46,0.94,24,5,35.71,85,14,35.9,161,170,326,80.1,13,41.94,18,0,0,0,64,3,0,1,1,11,25,0,0,16,9,69,0,0,17,0,22.22,0,14,14,0,1,1,,65,56.03,0,0,0,81,17,4,2,0,,0,0,0,0,0.0,0,0,0,0,140,5,0,0,0,0,0,0,0,0,0,556.0,0.0,0,5,4,3,5,10,47.62,0,27,17,62.96,4,39,21,14,78,53.06,39,213,208,407,169.2,9,1,666,28,3,0
Jürgen Ekkelenkamp,904887,Udinese,2695,italy,2425,1902,34,20,6.77,3,2,5,2.79,1.24,10,4,33.33,154,15,50.0,293,232,521,81.03,18,54.55,15,0,0,0,82,2,4,8,1,19,34,0,0,7,17,80,0,0,29,0,11.11,0,30,28,2,2,1,,60,48.0,0,0,0,122,12,15,0,2,,0,0,0,0,0.0,0,0,0,0,189,6,0,0,3,0,0,0,0,0,0,634.0,0.0,0,14,13,10,9,10,37.04,0,36,25,69.44,15,29,27,12,78,49.37,30,388,267,643,230.1,27,1,914,14,2,0
Jesper Karlström,227894,Udinese,2695,italy,2425,3189,37,36,6.77,0,3,3,0.73,1.41,58,4,26.67,257,81,43.09,649,678,1323,83.79,32,50.79,31,0,0,0,146,0,1,4,8,74,37,0,0,18,26,124,0,5,42,0,0.0,0,53,50,3,0,0,,91,49.46,0,0,0,256,35,21,0,1,,0,0,0,0,0.0,0,0,0,0,330,8,0,0,0,0,0,0,0,0,0,0.0,0.0,0,7,6,7,2,6,40.0,0,61,34,55.74,21,122,15,15,123,49.8,188,850,744,1579,250.4,13,0,1956,25,9,0
Daniel Maldini,970928,Atalanta,2686,italy,2425,1571,30,18,6.77,6,0,6,7.13,1.43,14,6,13.95,117,18,64.29,201,119,314,72.52,31,49.21,32,0,0,0,60,1,12,9,0,12,30,0,0,36,8,139,0,2,18,0,12.24,0,23,21,2,4,2,,97,47.55,0,0,2,119,6,15,1,3,,0,0,0,0,0.0,0,0,0,0,287,8,0,0,5,0,0,0,0,0,0,261.83,0.0,5,27,22,21,19,36,43.37,0,16,8,50.0,15,28,83,43,128,47.94,28,332,144,433,203.0,49,1,834,46,5,0
Niccolò Pisilli,1175821,Roma,2702,italy,2425,1225,28,11,6.77,2,1,3,2.61,0.99,10,3,30.0,145,21,58.33,302,169,468,85.25,3,12.5,21,0,0,0,58,1,3,7,1,13,27,0,0,15,10,70,0,0,19,0,7.41,0,14,13,1,2,0,,42,46.15,1,0,0,81,11,10,0,1,,0,0,0,0,0.0,0,0,0,0,142,12,0,0,1,0,0,0,0,0,0,612.5,0.0,0,17,10,12,8,5,45.45,0,24,11,45.83,10,20,11,10,45,39.13,36,373,186,549,182.7,27,1,753,13,7,0
Yannik Engelhardt,990209,Como,2704,italy,2425,1185,26,11,6.76,1,1,2,0.56,1.37,8,0,0.0,104,22,64.71,287,310,597,88.97,11,55.0,9,0,0,0,62,1,1,2,0,23,25,0,0,7,11,51,0,0,21,0,12.5,0,22,18,4,1,0,,59,58.42,1,0,0,74,11,12,0,1,,0,0,0,0,0.0,0,0,0,0,111,3,0,0,0,0,0,0,0,0,0,1185.0,0.0,0,6,2,4,2,9,75.0,0,30,12,40.0,12,19,12,1,70,57.85,34,341,331,671,169.1,8,0,876,20,4,0
Giuseppe Pezzella,814589,Empoli,2705,italy,2425,2887,35,34,6.76,0,3,3,0.52,4.39,30,34,19.1,147,34,31.48,307,293,566,72.75,36,65.45,19,0,0,0,88,10,0,2,4,98,35,0,0,32,28,151,0,2,49,0,0.0,3,45,38,7,0,0,,105,44.3,0,0,0,212,15,38,0,6,,0,2,0,1,0.0,0,0,0,0,522,6,0,0,0,0,0,0,0,0,0,0.0,0.0,0,9,6,10,3,17,41.46,0,55,31,56.36,36,79,41,178,141,48.29,108,600,356,778,236.7,15,0,1681,33,7,0
Michael Folorunsho,869795,Fiorentina,2693,italy,2425,685,20,6,6.76,0,0,0,1.21,0.55,6,3,14.29,54,8,47.06,100,76,173,75.55,20,60.61,13,0,0,0,31,2,1,1,0,6,16,0,0,9,14,60,0,1,17,0,0.0,0,6,5,1,0,0,,53,53.0,0,0,0,56,5,3,0,0,,0,0,0,0,0.0,0,0,0,0,111,6,0,0,0,0,0,0,0,0,0,0.0,0.0,0,8,2,6,3,9,50.0,0,22,14,63.64,3,13,18,21,73,54.89,17,154,96,229,108.2,10,0,412,24,5,0
Fisayo Dele-Bashiru,910121,Lazio,2699,italy,2425,953,20,12,6.76,3,1,4,1.09,0.78,4,1,14.29,85,3,75.0,168,147,314,89.46,3,18.75,13,0,0,0,48,1,1,6,2,4,20,0,0,17,4,47,0,0,8,0,18.75,0,16,15,1,3,0,,28,45.16,0,0,1,37,4,10,1,0,,0,0,0,0,0.0,0,0,0,0,85,2,0,0,2,0,0,0,0,0,0,317.67,0.0,0,9,7,5,5,14,70.0,0,10,6,60.0,10,6,20,7,31,39.74,4,203,155,351,135.2,16,0,479,4,0,0
Luka Jović,319129,Milan,2692,italy,2425,568,15,6,6.76,2,0,2,2.41,1.02,2,1,50.0,38,3,50.0,65,49,113,82.48,10,52.63,9,0,0,0,9,1,3,1,0,3,15,0,0,6,0,21,0,0,4,0,18.18,0,8,6,2,2,0,,10,45.45,0,0,0,24,1,12,1,0,,0,0,0,0,0.0,0,0,0,0,43,2,0,0,1,0,0,0,0,0,0,284.0,0.0,0,10,1,6,4,4,66.67,0,0,0,0.0,12,5,6,2,20,48.78,6,87,52,137,101.4,11,1,189,7,1,0
Lorenzo De Silvestri,14718,Bologna,2685,italy,2425,1065,18,13,6.76,1,0,1,0.9,0.38,15,5,21.74,65,28,53.85,158,196,349,80.23,13,44.83,16,0,0,0,26,0,0,0,1,29,17,0,0,2,9,47,0,0,17,0,11.11,0,11,10,1,1,0,,19,38.0,1,0,1,86,10,5,0,1,,0,0,0,0,0.0,0,0,0,0,131,1,0,0,0,0,0,0,0,0,0,1065.0,0.0,0,8,1,5,4,1,20.0,0,11,6,54.55,5,33,5,23,32,40.51,52,244,214,435,114.9,9,0,673,8,1,0
Luca Marianucci,1165371,Empoli,2705,italy,2425,1068,18,12,6.76,0,0,0,0.49,0.23,20,1,14.29,41,46,46.94,125,217,341,78.75,28,45.16,34,0,0,0,43,1,1,3,1,62,17,0,1,3,8,57,0,1,11,0,0.0,8,16,12,4,0,0,,38,62.3,0,0,0,92,19,3,0,0,,0,0,0,0,0.0,0,0,0,0,120,0,0,1,0,0,0,0,0,0,0,0.0,0.0,0,4,4,3,2,5,62.5,0,28,12,42.86,3,46,8,7,66,53.66,98,199,241,433,114.9,8,0,631,5,0,0
Benjamín Domínguez,1162611,Bologna,2685,italy,2425,1310,24,16,6.76,3,2,5,2.24,0.93,4,2,18.18,126,13,61.9,212,56,266,80.85,2,8.7,21,0,0,0,62,1,2,7,0,7,24,0,0,33,14,118,0,0,10,0,10.0,0,16,15,1,3,0,,77,44.25,0,0,0,63,4,10,0,4,,0,0,0,0,0.0,0,0,0,0,199,12,0,0,3,0,0,0,0,0,0,436.67,0.0,0,14,16,6,17,28,40.58,0,18,7,38.89,10,8,69,11,79,40.1,21,273,67,329,162.2,30,1,640,31,0,0
Dennis Man,812145,Parma,2690,italy,2425,2005,33,23,6.76,4,4,8,5.73,2.73,15,10,30.3,283,16,55.17,455,164,609,81.53,9,34.62,17,0,0,0,72,5,9,21,0,8,33,0,0,31,18,117,0,0,8,0,8.16,0,40,36,4,4,0,,55,35.48,0,0,0,138,8,45,4,4,,0,0,0,0,0.0,0,0,0,0,289,12,0,0,0,0,0,0,0,0,0,501.25,0.0,0,35,14,8,20,25,35.71,0,13,6,46.15,45,27,70,33,64,35.36,29,588,192,747,223.0,49,1,1094,17,0,0
Magnus Kofod Andersen,872272,Venezia,2688,italy,2425,692,14,7,6.76,1,1,2,0.28,0.62,8,6,37.5,54,10,37.04,148,96,238,82.35,8,53.33,7,0,0,0,31,0,0,4,1,11,14,0,0,6,6,27,0,0,7,0,12.5,0,10,10,0,1,0,,20,50.0,0,0,1,51,6,9,0,0,,0,0,0,0,0.0,0,0,0,0,77,2,0,0,1,0,0,0,0,0,0,692.0,0.0,0,2,6,2,2,2,66.67,0,13,4,30.77,9,21,3,16,28,50.91,27,194,111,289,94.6,8,0,387,5,1,0
Devis Vásquez,925285,Empoli,2705,italy,2425,2880,32,32,6.76,0,0,0,,0.07,40,0,0.0,44,199,31.89,125,440,565,56.56,9,90.0,1,0,0,0,257,0,0,0,6,29,32,2,0,0,0,2,3,1,1,0,0.0,150,45,39,6,0,0,-4.53,4,80.0,0,33,0,434,0,0,0,0,,0,0,0,1,0.0,3,0,1,0,440,0,8,0,0,13,59,21,83,0,15,0.0,0.0,0,0,0,0,0,1,100.0,13,0,0,0.0,0,75,1,0,13,86.67,624,496,503,999,216.2,0,0,1271,4,2,0
Alfred Duncan,232224,Venezia,2688,italy,2425,959,16,12,6.75,0,0,0,0.78,1.02,19,7,41.18,116,20,42.55,224,178,395,82.98,10,52.63,9,0,0,0,52,5,1,4,1,7,15,0,0,14,9,61,0,0,22,0,0.0,0,19,16,3,0,0,,41,44.09,0,0,0,81,8,11,0,0,,0,0,0,0,0.0,0,0,0,0,131,6,0,0,0,0,0,0,0,0,0,0.0,0.0,0,3,12,7,4,13,61.9,0,17,8,47.06,11,45,21,17,51,45.54,47,288,205,476,101.3,15,0,631,11,2,0
Adam Marušić,267619,Lazio,2699,italy,2425,2341,35,26,6.75,4,0,4,2.02,0.59,24,10,18.52,183,19,33.33,458,444,892,87.8,31,54.39,26,0,0,0,83,0,0,5,5,58,34,0,0,13,12,83,0,0,20,0,17.39,0,39,37,2,3,1,,54,48.65,2,0,0,124,16,13,0,2,,1,0,0,0,0.0,0,0,0,0,226,3,0,0,2,0,0,0,0,0,0,585.25,0.0,0,15,8,8,10,10,45.45,0,32,20,62.5,13,47,22,54,85,50.6,57,587,483,1016,229.6,23,1,1487,14,1,0
Liam Henderson,287573,Empoli,2705,italy,2425,2345,36,27,6.75,0,4,4,0.65,2.97,24,25,25.51,184,46,44.23,384,342,701,78.41,16,44.44,20,0,0,0,89,7,0,9,3,42,36,0,0,9,31,145,0,0,83,0,0.0,0,40,33,7,0,0,,68,35.23,0,0,0,193,15,33,0,2,,0,0,0,0,0.0,0,0,0,0,306,7,0,0,0,0,0,0,0,0,0,0.0,0.0,2,2,20,10,3,6,66.67,0,42,22,52.38,33,61,9,98,84,36.68,104,617,375,894,243.1,22,0,1251,23,10,0
Leonardo Pavoletti,132704,Cagliari,2719,italy,2425,452,26,1,6.75,2,0,2,2.65,0.69,3,0,0.0,41,1,20.0,66,26,92,58.6,56,51.38,53,0,0,0,9,3,2,0,0,3,25,0,0,2,0,67,0,0,25,0,11.11,0,6,6,0,2,0,,8,36.36,1,0,1,65,0,9,0,7,,0,0,0,0,0.0,0,0,0,0,86,1,0,0,1,0,0,0,0,0,0,226.0,0.0,0,16,2,11,7,0,0.0,0,1,0,0.0,9,7,0,0,64,48.85,5,123,34,157,168.8,18,0,235,7,5,0
Valentino Lazaro,233826,Torino,2696,italy,2425,2322,33,26,6.75,0,6,6,1.06,3.44,23,32,22.07,213,30,46.15,442,337,747,81.64,17,40.48,25,0,0,0,94,7,3,6,3,29,33,0,0,12,15,98,0,1,30,0,0.0,0,30,23,7,0,0,,52,41.6,0,0,1,168,11,33,0,2,,0,0,0,1,0.0,0,0,0,0,359,7,0,0,0,0,0,0,0,0,0,0.0,0.0,2,9,7,8,2,14,41.18,0,26,12,46.15,33,50,34,145,69,41.32,65,681,379,915,222.8,16,0,1418,13,6,0
Gianluca Gaetano,902019,Cagliari,2719,italy,2425,1003,28,8,6.75,2,4,6,4.89,2.29,16,7,29.17,117,16,64.0,180,75,248,75.15,10,33.33,20,0,0,0,34,4,7,8,0,8,28,0,0,16,10,73,0,0,16,1,6.67,0,11,9,2,1,1,,38,41.76,0,0,1,82,6,22,0,4,,0,0,0,0,0.0,0,0,0,0,162,5,0,0,2,0,0,0,0,0,0,501.5,50.0,2,18,12,16,6,14,51.85,0,11,8,72.73,22,26,27,24,48,39.67,25,264,90,330,189.0,30,1,537,13,0,0
Mehdi Taremi,812533,Inter,2697,italy,2425,816,26,7,6.75,1,2,3,3.4,1.05,2,0,0.0,79,1,50.0,124,60,184,81.42,19,43.18,25,0,0,0,29,2,6,1,2,10,24,0,0,5,3,45,0,0,9,0,7.14,0,6,5,1,1,0,,26,56.52,0,0,0,42,0,15,0,6,,0,0,1,0,100.0,0,1,0,1,72,5,0,0,1,0,0,0,0,0,0,816.0,0.0,0,13,1,6,7,6,60.0,0,7,1,14.29,15,4,10,1,45,50.0,2,161,66,226,162.0,14,0,338,13,1,0
Marin Šverko,822485,Venezia,2688,italy,2425,1119,16,12,6.75,1,0,1,0.41,0.33,20,0,0.0,55,31,52.54,161,297,458,85.77,20,50.0,20,0,0,0,44,1,0,0,1,43,16,0,0,4,2,36,0,3,9,0,33.33,30,19,19,0,1,0,,36,69.23,0,0,0,76,16,2,1,0,,0,0,0,1,0.0,0,0,0,0,121,1,0,0,0,0,0,0,0,0,0,1119.0,0.0,0,2,1,2,1,6,75.0,0,20,9,45.0,2,43,8,2,56,60.87,59,210,326,534,108.0,3,0,743,10,3,0
Stefano Sabelli,184421,Genoa,2713,italy,2425,2069,34,23,6.75,0,2,2,0.14,1.72,68,15,25.0,141,51,31.68,314,346,645,70.96,18,40.91,26,0,0,0,92,2,0,2,5,59,33,0,0,4,32,91,0,0,25,0,0.0,0,26,21,5,0,0,,83,56.08,0,0,0,264,22,18,0,0,,0,0,0,0,0.0,0,0,0,0,412,6,0,0,0,0,0,0,0,0,0,0.0,0.0,0,4,2,3,1,4,44.44,0,58,31,53.45,18,164,9,60,101,52.6,161,554,415,909,222.7,6,0,1472,23,3,0
Matteo Pessina,350210,Monza,2729,italy,2425,856,11,10,6.75,0,0,0,0.17,0.22,15,1,16.67,76,24,61.54,165,259,423,87.76,10,55.56,8,0,0,0,58,0,0,1,0,7,11,0,0,13,5,33,0,0,5,0,0.0,1,12,11,1,0,0,,33,56.9,0,0,0,59,12,4,0,0,,0,0,0,0,0.0,0,0,0,0,92,3,0,0,0,0,0,0,0,0,0,0.0,0.0,1,0,3,2,0,5,62.5,0,15,4,26.67,4,23,8,6,43,56.58,39,205,283,482,74.2,3,0,594,13,2,0
Alessandro Deiola,328109,Cagliari,2719,italy,2425,1446,29,16,6.74,2,1,3,1.74,0.68,19,1,7.14,98,26,50.98,211,167,377,75.4,38,56.72,29,0,0,0,68,1,1,4,1,35,29,0,0,11,22,95,0,0,32,0,11.11,0,22,21,1,2,0,,44,40.0,0,0,0,123,13,6,0,0,,0,0,0,0,0.0,0,0,0,0,167,5,0,0,2,0,0,0,0,0,0,723.0,0.0,0,10,8,8,6,3,75.0,0,31,20,64.52,6,40,4,14,82,46.33,51,311,203,500,195.6,18,0,717,11,6,0
Samuel Iling Junior,996919,Bologna,2685,italy,2425,131,7,0,6.74,1,0,1,0.14,0.2,3,1,11.11,30,3,50.0,53,8,60,77.92,0,0.0,3,0,0,0,8,0,0,1,0,1,7,0,0,1,1,11,0,0,2,0,25.0,0,2,1,1,1,0,,7,46.67,0,0,0,17,2,1,1,0,,0,0,0,0,0.0,0,0,0,0,35,2,0,0,0,0,0,0,0,0,0,131.0,0.0,0,3,1,2,1,3,42.86,0,3,2,66.67,1,8,7,9,7,38.89,6,74,12,77,47.2,4,0,116,1,0,0
Ylber Ramadani,841977,Lecce,2689,italy,2425,1819,29,21,6.74,1,1,2,0.6,0.43,24,1,16.67,106,40,42.55,281,414,694,83.01,15,36.59,26,0,0,0,117,1,0,2,3,26,29,0,0,22,19,94,0,3,18,0,5.88,1,31,26,5,0,1,,75,52.45,0,0,0,142,24,16,0,0,,0,0,0,0,0.0,0,0,0,0,208,11,0,0,1,0,0,0,0,0,0,1819.0,0.0,0,4,13,9,6,13,54.17,0,51,28,54.9,16,57,24,6,90,48.91,94,392,450,836,195.5,17,0,1105,11,4,0
Youssef Maleh,849274,Empoli,2705,italy,2425,1514,22,17,6.74,0,1,1,0.87,0.44,28,2,12.5,127,29,33.33,240,157,395,73.83,10,35.71,18,0,0,0,96,1,2,4,2,22,22,0,0,10,17,82,0,0,32,0,0.0,0,26,22,4,0,0,,77,54.61,0,0,1,140,16,12,0,1,,0,0,0,0,0.0,0,0,0,0,203,12,0,1,0,0,0,0,0,0,0,0.0,0.0,0,3,14,10,3,4,40.0,0,45,23,51.11,12,52,10,16,87,51.48,87,354,197,535,148.3,17,0,802,29,3,1
Tammy Abraham,610766,Milan,2692,italy,2425,1183,29,12,6.74,3,4,7,7.12,1.26,2,0,0.0,61,3,42.86,88,65,153,69.55,37,50.68,36,0,0,1,12,5,10,5,1,15,27,0,0,13,3,79,0,0,23,0,10.71,0,14,14,0,3,0,,33,43.42,0,0,1,67,2,15,0,7,,0,1,2,0,50.0,0,1,0,1,121,1,0,0,3,0,0,0,0,0,0,394.33,0.0,0,25,3,10,13,4,28.57,0,17,11,64.71,14,3,14,3,70,46.98,7,143,80,220,182.0,28,0,399,12,1,0
Tijjani Noslin,1069244,Lazio,2699,italy,2425,893,30,8,6.74,2,2,4,2.03,1.07,6,5,33.33,63,7,70.0,118,66,179,77.83,27,46.55,31,0,0,0,22,2,2,2,0,5,27,0,0,13,7,79,0,0,21,0,10.53,0,19,18,1,2,0,,29,37.66,0,0,0,51,1,12,0,1,,0,0,0,0,0.0,0,0,0,0,109,5,0,0,2,0,0,0,0,0,0,446.5,0.0,0,16,3,11,6,8,44.44,0,6,5,83.33,12,12,18,15,56,41.48,10,166,79,230,181.9,19,0,386,15,2,0
Cheikh Niasse,972523,Hellas Verona,2701,italy,2425,757,11,8,6.74,0,0,0,0.39,0.28,5,0,0.0,55,11,73.33,106,85,191,80.93,20,48.78,21,0,0,0,26,0,0,0,2,16,11,0,0,7,9,53,1,1,11,0,0.0,0,12,12,0,0,0,,32,50.0,0,0,0,45,17,4,0,0,,0,0,0,0,0.0,0,0,0,0,74,0,0,0,0,0,0,0,0,0,0,0.0,0.0,0,2,1,2,1,1,16.67,0,18,15,83.33,4,10,6,2,52,49.52,15,132,106,236,74.1,3,0,378,14,4,0
Amin Sarr,1022204,Hellas Verona,2701,italy,2425,1918,32,25,6.74,4,1,5,3.35,1.03,10,2,28.57,138,12,66.67,237,84,319,70.89,66,41.25,94,0,0,0,42,2,5,8,0,14,31,0,0,26,5,179,0,0,47,0,17.39,0,35,32,3,3,1,,55,39.29,0,0,1,131,3,22,1,13,,0,0,0,1,0.0,0,0,0,0,239,9,0,0,3,0,0,0,0,0,0,479.5,0.0,0,18,5,8,7,14,43.75,0,22,12,54.55,22,16,32,7,121,40.33,18,347,110,450,208.8,23,0,743,20,1,0
Darko Lazović,41157,Hellas Verona,2701,italy,2425,1468,27,17,6.73,2,3,5,2.5,1.78,12,13,18.57,85,15,34.09,169,98,254,67.02,9,40.91,13,0,0,0,59,7,4,4,1,37,27,0,0,10,17,59,0,0,9,0,10.0,0,29,25,4,2,0,,33,41.77,0,0,1,125,11,19,1,4,,0,0,1,0,100.0,0,1,0,1,230,5,0,0,1,0,0,0,0,0,0,734.0,0.0,0,13,7,12,4,7,35.0,0,21,10,47.62,19,48,20,70,42,41.58,44,326,123,379,181.8,20,1,691,5,0,0
Florinel Coman,794254,Cagliari,2719,italy,2425,257,9,2,6.73,1,0,1,0.22,0.05,2,0,0.0,30,1,50.0,42,25,67,83.75,4,66.67,2,0,0,0,12,0,0,0,0,3,9,0,0,6,0,18,0,0,8,0,25.0,0,4,4,0,0,1,,16,50.0,0,0,1,13,1,1,0,0,,0,0,0,0,0.0,0,0,0,0,38,1,0,0,1,0,0,0,0,0,0,257.0,0.0,1,2,2,3,1,2,50.0,0,5,3,60.0,1,4,4,2,20,52.63,2,52,30,80,60.6,4,0,138,9,2,0
Honest Ahanor,1634980,Genoa,2713,italy,2425,270,6,3,6.73,0,0,0,0.62,0.06,1,1,25.0,6,2,40.0,24,20,43,69.35,5,62.5,3,0,0,0,14,0,1,0,0,9,6,0,0,2,3,10,0,0,2,0,0.0,0,7,7,0,0,0,,15,68.18,0,0,2,19,1,2,0,0,,0,0,0,0,0.0,0,0,0,0,34,1,0,0,0,0,0,0,0,0,0,0.0,0.0,0,3,0,2,1,0,0.0,0,7,5,71.43,2,2,0,4,20,66.67,5,41,25,62,40.4,3,0,118,8,0,0
Thijs Dallinga,905381,Bologna,2685,italy,2425,1163,31,11,6.73,3,2,5,4.26,0.69,9,0,0.0,89,5,62.5,145,65,210,72.41,42,52.5,38,0,0,0,35,0,7,5,0,13,28,0,0,22,0,89,0,1,24,0,9.68,0,15,11,4,3,0,,28,35.44,1,0,1,80,1,12,0,8,,0,0,0,0,0.0,0,0,0,1,156,11,0,0,2,0,0,0,0,0,0,387.67,0.0,0,30,1,15,11,2,18.18,0,10,5,50.0,12,10,11,3,70,44.03,8,215,78,290,188.5,31,0,479,17,1,0
Domagoj Bradarić,897594,Hellas Verona,2701,italy,2425,1948,28,24,6.73,1,0,1,0.82,2.1,21,24,30.77,121,21,35.0,241,192,409,75.88,16,43.24,21,0,0,0,80,3,0,4,1,42,28,0,0,11,11,81,0,1,21,0,11.11,0,39,37,2,1,0,,65,52.0,1,0,0,130,15,25,0,3,,0,0,0,0,0.0,0,0,0,0,277,5,0,0,0,0,0,0,0,0,0,1948.0,0.0,0,5,4,1,4,15,45.45,0,36,28,77.78,25,46,33,78,81,50.0,60,385,232,539,188.5,9,0,1037,14,6,0
Alessandro Vogliacco,807295,Parma,2690,italy,2425,1488,22,18,6.73,2,0,2,1.43,0.26,29,4,30.77,74,51,49.51,210,481,687,87.18,30,57.69,22,0,0,0,44,0,0,1,3,55,22,0,0,1,4,47,0,0,22,0,33.33,5,28,24,4,2,0,,26,50.98,0,0,0,101,12,4,0,0,,1,0,0,1,0.0,0,0,0,0,123,1,0,0,2,0,0,0,0,0,0,744.0,0.0,0,5,1,2,3,1,50.0,0,20,5,25.0,4,58,2,13,56,54.37,103,290,511,788,148.1,6,0,970,7,5,0
Ridgeciano Haps,250501,Venezia,2688,italy,2425,1376,25,14,6.73,1,1,2,1.23,0.83,13,6,23.08,80,23,37.7,198,196,388,80.67,18,50.0,18,0,0,0,54,2,4,4,0,37,23,0,0,6,8,52,0,0,14,0,6.67,6,24,20,4,1,0,,47,58.02,0,0,0,93,7,7,1,1,,0,0,0,1,0.0,0,0,0,0,158,4,0,0,0,0,0,0,0,0,0,1376.0,0.0,0,11,4,8,3,5,45.45,0,30,16,53.33,7,26,11,26,65,55.56,61,280,227,481,154.8,15,0,770,16,3,0
Abdou Harroui,915812,Hellas Verona,2701,italy,2425,462,10,5,6.73,1,2,3,2.16,0.58,2,2,22.22,48,2,25.0,100,57,155,82.01,8,53.33,7,0,0,0,22,2,2,3,0,4,10,0,0,10,0,39,0,0,10,0,6.67,0,12,12,0,1,0,,18,36.0,0,0,0,34,2,5,0,0,,0,1,0,0,0.0,0,0,0,0,79,0,0,0,1,0,0,0,0,0,0,462.0,0.0,1,11,4,8,4,6,31.58,0,9,6,66.67,4,7,19,9,26,40.0,8,130,68,189,67.3,15,0,303,3,1,0
Marin Pongračić,847467,Fiorentina,2693,italy,2425,1340,20,14,6.73,0,0,0,0.05,0.29,28,0,0.0,69,49,59.04,201,484,685,89.19,26,70.27,11,0,0,0,73,1,0,0,2,68,20,0,0,7,4,51,0,2,26,0,0.0,2,17,16,1,0,0,,33,45.21,0,0,0,83,12,5,0,0,,1,0,0,0,0.0,0,0,0,0,105,1,0,1,0,0,0,0,0,0,0,0.0,0.0,0,1,1,1,1,9,69.23,0,18,13,72.22,5,51,13,1,59,53.64,83,250,519,768,134.6,2,0,951,7,1,1
Andrea Belotti,220223,Como,2704,italy,2425,611,18,7,6.73,2,0,2,2.49,0.12,0,0,0.0,32,1,33.33,56,34,90,78.26,20,42.55,27,0,0,0,17,0,3,5,0,8,17,0,0,10,3,48,0,0,9,0,10.53,0,12,10,2,2,0,,26,55.32,0,0,0,25,1,7,1,5,,0,0,0,0,0.0,0,0,0,0,52,4,0,0,1,0,0,0,0,0,0,305.5,0.0,0,15,4,11,3,2,50.0,0,7,5,71.43,7,2,4,5,46,48.94,3,78,42,115,114.4,19,0,216,19,1,0
Santiago Giménez,892141,Milan,2692,italy,2425,676,14,7,6.73,5,2,7,4.84,0.45,2,1,50.0,30,0,0.0,48,29,76,80.85,7,38.89,11,0,0,1,14,3,4,2,0,13,14,0,1,2,1,36,0,0,11,0,21.74,0,9,6,3,5,0,,16,39.02,1,0,1,18,1,6,3,7,,0,0,1,0,0.0,0,0,0,0,58,2,0,1,1,0,0,0,0,0,0,135.2,0.0,0,20,3,11,10,7,36.84,0,5,3,60.0,6,3,19,2,23,38.98,1,63,33,94,94.2,23,1,203,4,3,0
Marco Brescianini,928800,Atalanta,2686,italy,2425,1010,29,9,6.73,4,2,6,3.13,0.73,12,2,11.11,124,7,41.18,224,105,327,82.58,12,54.55,10,0,0,0,50,3,4,6,0,6,28,0,0,19,2,67,0,0,22,0,20.0,0,14,13,1,4,0,,35,38.04,0,0,0,69,2,7,1,2,,0,0,0,0,0.0,0,0,0,0,149,5,0,0,3,0,0,0,0,0,0,252.5,0.0,0,16,4,6,8,8,34.78,0,18,11,61.11,7,24,23,18,47,41.23,17,298,116,396,188.4,20,1,581,9,1,0
Liberato Cacace,905264,Empoli,2705,italy,2425,2234,33,24,6.73,2,4,6,2.59,1.51,27,21,20.59,161,40,40.82,297,273,549,74.49,42,45.16,51,0,0,0,98,2,5,14,1,53,32,0,0,21,9,142,0,0,27,0,6.9,30,46,37,9,2,0,,67,42.41,1,0,1,188,22,25,1,5,,0,0,0,0,0.0,0,0,0,0,390,7,0,0,0,0,0,0,0,0,0,1117.0,0.0,2,18,11,6,9,14,29.17,0,37,25,67.57,25,50,48,102,109,43.43,98,519,320,737,215.3,29,0,1258,18,6,0
Edoardo Goldaniga,295133,Como,2704,italy,2425,2543,32,28,6.73,1,0,1,2.09,0.36,43,1,11.11,122,63,42.57,415,856,1270,87.95,54,59.34,37,0,0,0,74,0,4,2,7,98,32,0,0,8,5,94,1,2,44,0,8.33,24,38,33,5,1,0,,71,55.47,1,0,0,174,33,4,0,4,,0,0,0,0,0.0,0,0,0,0,232,2,0,1,0,0,0,0,0,0,0,2543.0,0.0,0,11,1,5,5,3,42.86,0,34,21,61.76,4,94,7,9,125,57.08,148,542,911,1444,215.3,12,1,1820,36,10,1
Sebastian Walukiewicz,886243,Torino,2696,italy,2425,1848,31,22,6.73,0,0,0,0.39,0.58,24,5,19.23,146,42,48.84,337,393,725,83.14,28,41.79,39,0,0,0,58,1,0,2,3,69,29,0,0,5,9,100,0,0,33,0,0.0,0,20,17,3,0,0,,52,46.02,0,0,0,147,19,5,0,1,,0,0,0,0,0.0,0,0,0,0,222,2,0,0,0,0,0,0,0,0,0,0.0,0.0,0,3,3,3,1,6,30.0,0,39,20,51.28,5,51,20,26,80,44.44,86,458,440,872,195.1,6,0,1227,7,6,0
Zito Luvumbo,1000150,Cagliari,2719,italy,2425,1614,26,19,6.73,2,2,4,2.07,2.15,10,8,12.31,78,8,44.44,127,50,169,72.53,6,26.09,17,0,0,0,50,6,2,9,0,2,26,0,0,29,13,119,0,0,38,0,8.7,0,27,25,2,2,0,,86,45.74,0,0,2,64,4,17,1,11,,0,0,0,0,0.0,0,0,0,0,245,9,0,0,1,0,0,0,0,0,0,807.0,0.0,0,18,5,10,4,25,50.0,0,10,6,60.0,17,19,50,65,92,43.6,18,235,63,233,174.9,23,0,574,51,2,0
Anas Haj Mohamed,1155432,Parma,2690,italy,2425,455,15,3,6.73,1,2,3,0.68,0.67,3,3,42.86,55,5,38.46,89,29,115,79.86,7,53.85,6,0,0,0,15,2,1,2,0,5,15,0,0,1,1,21,0,0,6,0,14.29,0,10,10,0,0,1,,17,53.13,0,0,0,29,4,9,0,0,,0,0,0,0,0.0,0,0,0,0,56,4,0,0,1,0,0,0,0,0,0,455.0,0.0,0,5,2,2,3,4,28.57,0,3,1,33.33,9,9,14,7,24,53.33,13,117,34,144,100.9,7,0,223,11,4,0
Thomas Kristensen,1063373,Udinese,2695,italy,2425,1770,24,19,6.73,1,0,1,0.93,0.55,25,3,30.0,100,45,42.45,280,449,726,80.58,61,64.21,34,0,0,0,63,0,0,1,3,79,24,0,0,9,12,85,0,2,31,0,25.0,1,31,30,1,1,0,,44,46.32,0,0,0,175,21,4,0,1,,0,0,0,1,0.0,0,0,0,0,220,1,0,0,0,0,0,0,0,0,0,1770.0,0.0,0,3,1,2,1,10,76.92,0,31,21,67.74,4,63,13,10,105,55.26,106,403,508,901,161.4,4,0,1175,3,5,0
Marco Palestra,1397736,Atalanta,2686,italy,2425,218,9,2,6.73,0,0,0,,0.51,2,5,41.67,23,0,0.0,47,28,70,83.33,2,50.0,2,0,0,0,7,0,0,0,0,4,8,0,0,1,0,9,0,0,1,0,0.0,0,3,3,0,0,0,,20,74.07,0,0,0,14,2,3,0,1,,0,0,0,0,0.0,0,0,0,0,33,1,0,0,0,0,0,0,0,0,0,0.0,0.0,0,0,0,0,0,4,44.44,0,6,4,66.67,3,3,9,12,22,70.97,2,65,31,84,53.8,0,0,151,10,0,0
Alberto Moreno,229740,Como,2704,italy,2425,1741,24,21,6.73,0,0,0,0.37,1.6,34,15,30.61,170,45,46.88,354,417,756,84.85,11,35.48,20,0,0,0,74,2,0,5,1,34,24,0,0,3,14,55,1,1,17,0,0.0,0,26,23,3,0,0,,42,54.55,0,0,0,135,14,19,0,1,,0,0,0,0,0.0,0,0,0,0,213,3,0,0,0,0,0,0,0,0,0,0.0,0.0,0,4,10,3,6,3,50.0,0,25,11,44.0,19,67,6,49,53,49.07,96,479,461,891,161.4,14,0,1255,14,4,0
Lassana Coulibaly,804621,Lecce,2689,italy,2425,2678,38,30,6.72,1,0,1,0.83,0.62,22,0,0.0,151,62,59.05,371,404,775,82.45,31,42.47,42,0,0,0,146,2,3,4,6,39,38,0,0,19,37,148,0,1,39,0,11.11,0,38,33,5,1,0,,110,50.93,0,0,0,165,18,12,0,0,,0,0,0,1,0.0,0,0,0,1,249,8,0,0,1,0,0,0,0,0,0,2678.0,0.0,0,4,5,2,3,18,58.06,0,48,29,60.42,12,54,31,13,141,48.79,105,495,458,940,255.5,9,0,1323,44,3,0
Junior Messias,888219,Genoa,2713,italy,2425,851,17,8,6.72,1,1,2,2.37,0.63,5,4,18.18,65,11,57.89,105,39,140,68.29,14,34.15,27,0,0,1,39,1,2,4,1,20,17,0,0,5,7,71,0,0,8,0,5.56,0,10,10,0,1,0,,44,50.0,0,0,0,65,6,8,0,0,,0,0,1,0,0.0,0,0,0,0,153,5,0,0,1,0,0,0,0,0,0,851.0,0.0,1,10,8,8,6,10,28.57,0,13,7,53.85,8,21,35,22,58,44.96,19,172,55,205,114.3,18,0,429,21,1,0
Rui Modesto,1068286,Udinese,2695,italy,2425,612,20,4,6.72,0,1,1,0.5,0.49,2,7,26.92,68,11,40.74,125,58,176,77.19,10,41.67,14,0,0,0,26,1,1,0,0,11,17,0,0,3,2,33,0,0,10,0,0.0,0,13,13,0,0,0,,24,55.81,0,0,0,52,8,14,0,1,,0,0,0,0,0.0,0,0,0,0,98,3,0,0,0,0,0,0,0,0,0,0.0,0.0,0,2,1,1,2,3,37.5,0,16,12,75.0,14,20,8,26,34,50.75,27,183,71,228,114.3,3,1,404,5,1,0
Odilon Kossounou,973437,Atalanta,2686,italy,2425,1125,18,12,6.72,0,0,0,0.53,0.21,13,0,0.0,100,33,61.11,267,324,591,88.74,23,54.76,19,0,0,0,62,0,3,0,1,21,17,0,0,3,7,48,0,1,15,0,0.0,0,15,13,2,0,0,,27,48.21,0,0,0,75,13,1,0,1,,0,0,0,0,0.0,0,0,0,0,102,1,0,0,0,0,0,0,0,0,0,0.0,0.0,0,4,2,2,4,5,41.67,0,16,11,68.75,1,23,12,3,50,51.02,54,316,353,666,114.3,6,0,817,6,1,0
Nicolò Zaniolo,864898,Fiorentina,2693,italy,2425,700,23,4,6.72,2,2,4,1.59,0.84,6,0,0.0,70,4,50.0,104,32,136,81.93,7,31.82,15,0,0,0,22,2,2,4,0,2,22,0,1,24,6,79,0,0,20,0,10.0,0,5,5,0,2,0,,47,42.34,1,0,1,30,1,13,1,3,,0,1,0,0,0.0,0,0,0,0,115,5,0,1,0,0,0,0,0,0,0,350.0,0.0,1,11,9,8,8,12,44.44,0,3,1,33.33,12,11,27,8,54,40.6,8,134,40,166,147.9,20,0,343,32,6,0
Amir Richardson,1121333,Fiorentina,2693,italy,2425,1078,27,10,6.72,1,1,2,0.86,0.65,13,2,40.0,142,14,45.16,310,227,535,88.14,19,54.29,16,0,0,0,51,1,1,3,0,28,27,0,0,10,12,75,0,1,31,0,9.09,0,13,13,0,1,0,,60,50.42,0,0,0,72,6,8,1,1,,0,0,0,0,0.0,0,0,0,0,112,7,0,0,0,0,0,0,0,0,0,1078.0,0.0,0,5,6,3,5,11,64.71,0,30,13,43.33,8,26,17,5,79,51.3,31,363,249,607,181.5,11,0,792,19,6,0
Nahuel Estévez,895868,Parma,2690,italy,2425,664,14,7,6.72,0,0,0,0.08,0.54,10,3,18.75,49,11,36.67,113,123,233,78.98,14,82.35,3,0,0,0,28,1,0,2,0,26,14,0,0,4,9,25,0,0,9,0,0.0,0,10,9,1,0,0,,28,56.0,0,0,0,62,3,6,0,0,,0,0,0,0,0.0,0,0,0,0,83,3,0,0,0,0,0,0,0,0,0,0.0,0.0,0,1,4,2,1,3,100.0,0,16,6,37.5,6,23,3,16,42,62.69,30,175,136,295,94.1,5,0,399,9,3,0
Martin Frese,874812,Hellas Verona,2701,italy,2425,551,11,5,6.72,0,0,0,0.07,0.19,6,0,0.0,33,15,34.88,70,88,158,74.18,11,50.0,11,0,0,0,14,0,0,2,1,16,11,0,0,0,6,25,0,1,9,0,0.0,0,7,5,2,0,0,,26,65.0,0,0,0,55,8,5,0,0,,0,0,0,0,0.0,0,0,0,0,78,0,0,0,0,0,0,0,0,0,0,0.0,0.0,0,1,1,0,0,0,0.0,0,18,11,61.11,5,20,0,10,37,59.68,43,124,99,213,73.9,2,0,333,9,0,0
Vitinha,1093695,Genoa,2713,italy,2425,1337,25,16,6.72,2,3,5,1.66,2.02,3,12,26.67,60,7,36.84,111,73,172,64.18,31,51.67,29,0,0,0,53,6,1,13,0,21,24,0,0,34,19,144,0,0,23,0,6.06,0,23,19,4,2,0,,70,37.84,0,0,0,96,12,16,0,8,,0,0,0,0,0.0,0,0,0,0,264,10,0,0,2,0,0,0,0,0,0,668.5,0.0,1,18,15,14,6,22,34.38,0,23,8,34.78,16,13,64,45,101,41.22,19,218,95,268,161.2,33,0,652,25,2,0
Federico Ravaglia,850952,Bologna,2685,italy,2425,1055,12,11,6.72,0,0,0,,0.02,17,0,0.0,18,64,39.02,43,283,326,76.17,7,100.0,0,0,0,0,80,0,0,0,4,15,12,0,0,0,0,0,0,0,0,0,0.0,47,14,12,2,0,0,-0.99,3,100.0,0,11,0,102,0,1,0,0,,0,0,0,0,0.0,1,0,0,0,102,0,6,0,0,6,5,5,10,0,3,0.0,0.0,0,0,0,0,0,2,100.0,6,0,0,0.0,1,32,2,0,10,100.0,164,123,305,428,80.6,0,0,515,4,0,0
Arthur Atta,1444690,Udinese,2695,italy,2425,1246,27,12,6.72,0,1,1,1.33,1.37,12,7,29.17,155,18,45.0,312,186,491,82.38,14,41.18,20,0,0,0,57,2,2,11,0,12,26,0,0,22,5,93,0,1,16,0,0.0,0,20,19,1,0,0,,61,45.52,0,0,1,105,7,18,0,1,,0,0,0,0,0.0,0,0,0,0,212,7,0,0,0,0,0,0,0,0,0,0.0,0.0,0,13,13,8,7,27,47.37,0,20,12,60.0,18,31,57,24,75,44.64,40,409,211,596,174.6,26,0,884,14,5,0
Mandela Keita,1110136,Parma,2690,italy,2425,1827,30,24,6.71,0,2,2,0.13,0.76,15,0,0.0,131,30,71.43,316,343,659,90.52,16,53.33,14,0,0,0,94,2,0,0,5,29,29,0,0,18,17,84,0,2,28,0,0.0,0,24,22,2,0,0,,92,56.79,0,0,0,69,21,15,0,1,,0,0,0,1,0.0,0,0,0,0,126,8,0,1,0,0,0,0,0,0,0,0.0,0.0,0,0,5,1,4,17,65.38,0,44,25,56.82,15,19,26,0,108,56.25,42,355,373,728,194.7,5,0,988,33,4,1
Gaetano Oristanio,965009,Venezia,2688,italy,2425,2333,37,29,6.71,3,3,6,4.28,2.19,19,13,22.03,168,20,66.67,232,74,293,77.31,15,28.3,38,0,0,0,84,2,8,14,0,4,37,0,0,72,8,221,0,1,50,0,6.82,0,35,33,2,2,1,,142,43.69,2,0,1,86,6,33,1,11,,0,0,0,0,0.0,0,0,0,0,351,15,0,0,0,0,0,0,0,0,0,777.67,0.0,3,25,19,18,12,55,48.25,0,17,13,76.47,33,34,114,59,157,41.53,30,349,89,379,248.4,44,0,937,71,3,0
Giovanni Leoni,1473137,Parma,2690,italy,2425,1203,17,14,6.71,1,0,1,0.23,0.05,8,0,0.0,29,14,31.82,117,432,549,88.69,17,62.96,10,0,0,0,34,0,0,0,1,62,17,0,1,2,5,28,0,1,11,0,50.0,3,19,17,2,1,0,,26,59.09,1,0,0,70,15,1,0,0,,0,0,0,0,0.0,0,0,0,0,87,0,0,1,0,0,0,0,0,0,0,1203.0,0.0,0,2,0,1,1,3,100.0,0,14,6,42.86,1,25,3,3,43,60.56,44,165,457,619,114.1,2,0,798,9,3,0
Santiago Pierotti,984998,Lecce,2689,italy,2425,1947,36,22,6.71,4,2,6,3.07,1.4,6,5,29.41,112,8,42.11,192,112,299,73.28,50,43.48,65,0,0,0,111,5,4,10,0,30,36,0,0,33,28,202,0,0,55,0,12.5,0,31,26,5,4,0,,80,36.87,1,0,0,109,14,25,1,12,,0,0,0,0,0.0,0,0,0,0,249,18,0,1,2,0,0,0,0,0,0,486.75,0.0,0,28,4,15,7,22,45.83,0,46,24,52.17,25,11,48,17,130,39.16,19,286,139,408,241.6,32,1,820,13,4,1
Omari Forson,1153434,Monza,2729,italy,2425,222,9,1,6.71,0,0,0,0.23,0.32,1,3,33.33,42,3,75.0,62,28,87,86.14,0,0.0,2,0,0,0,11,0,1,2,0,1,9,0,0,6,2,13,0,0,2,0,0.0,0,4,2,2,0,0,,11,50.0,0,0,0,14,1,8,0,1,,0,0,0,0,0.0,0,0,0,0,38,0,0,0,0,0,0,0,0,0,0,0.0,0.0,0,2,3,2,1,6,75.0,0,3,3,100.0,8,3,8,9,11,45.83,4,79,31,101,60.4,5,0,154,2,0,0
Alessandro Gabrielloni,813070,Como,2704,italy,2425,173,15,0,6.71,1,1,2,0.3,0.16,0,0,0.0,17,0,0.0,19,8,27,57.45,3,21.43,11,0,0,0,12,1,0,2,0,1,13,0,0,3,3,23,0,0,6,0,20.0,0,3,2,1,1,0,,4,25.0,0,0,0,20,0,4,0,1,,0,0,0,0,0.0,0,0,0,0,26,2,0,0,1,0,0,0,0,0,0,173.0,0.0,0,3,2,1,2,0,0.0,0,0,0,0.0,4,0,0,1,7,23.33,2,33,15,47,87.2,5,1,70,4,1,0
Luca Caldirola,100565,Monza,2729,italy,2425,876,14,10,6.71,0,0,0,0.29,0.24,21,0,0.0,35,28,51.85,170,384,554,90.52,14,51.85,13,0,0,0,19,0,1,0,1,42,14,0,0,1,3,35,0,1,18,0,0.0,17,16,12,4,0,0,,27,55.1,0,0,0,58,11,2,0,1,,0,0,0,0,0.0,0,0,0,0,62,1,0,0,0,0,0,0,0,0,0,0.0,0.0,1,2,2,2,2,1,100.0,0,11,7,63.64,2,36,1,1,41,53.95,54,210,403,612,93.9,4,0,725,16,4,0
Yunus Musah,983815,Milan,2692,italy,2425,1581,29,19,6.71,0,2,2,1.85,1.45,15,9,37.5,182,30,71.43,384,228,603,88.94,8,33.33,16,0,0,0,60,3,5,5,2,8,29,0,0,13,5,80,2,1,36,0,0.0,0,24,16,8,0,0,,65,50.39,0,0,0,75,7,23,0,1,,0,0,0,0,0.0,0,0,0,0,165,9,0,0,0,0,0,0,0,0,0,0.0,0.0,0,11,11,12,5,21,63.64,0,27,19,70.37,23,24,33,24,73,47.71,42,449,253,678,194.5,22,0,942,17,5,0
Adam Obert,964153,Cagliari,2719,italy,2425,1076,21,13,6.7,1,1,2,0.9,0.22,8,1,9.09,69,15,25.86,139,194,332,77.03,25,53.19,22,0,0,0,59,0,2,3,0,46,21,0,0,7,11,71,0,2,22,0,11.11,0,16,13,3,1,0,,43,46.74,0,0,2,99,23,10,1,0,,0,0,0,0,0.0,0,0,0,0,166,1,0,0,0,0,0,0,0,0,0,1076.0,0.0,0,8,1,4,2,5,35.71,0,31,18,58.06,10,34,14,11,68,48.92,58,207,235,431,140.8,9,0,747,7,4,0
Philip Billing,548660,Napoli,2714,italy,2425,201,10,1,6.7,1,0,1,1.54,0.17,3,1,50.0,21,2,66.67,36,43,78,79.59,11,52.38,10,0,0,0,8,0,2,1,0,6,10,0,0,2,3,25,0,0,10,0,16.67,0,3,2,1,1,0,,11,42.31,0,0,1,20,4,3,0,0,,0,0,0,1,0.0,0,0,0,0,26,2,0,0,1,0,0,0,0,0,0,201.0,0.0,2,4,2,2,3,1,50.0,0,9,6,66.67,3,4,2,2,22,46.81,3,53,47,98,67.0,6,0,141,1,1,0
Tommaso Rubino,1484675,Fiorentina,2693,italy,2425,13,1,0,6.7,0,0,0,,0.14,0,0,0.0,0,0,0.0,1,0,1,33.33,0,0.0,0,0,0,0,2,0,0,0,0,0,1,0,0,0,1,2,0,0,1,0,0.0,0,0,0,0,0,0,,0,0.0,0,0,0,2,0,1,0,0,,0,0,0,0,0.0,0,0,0,0,2,0,0,0,0,0,0,0,0,0,0,0.0,0.0,0,0,0,0,0,0,0.0,0,0,0,0.0,1,1,0,0,0,0.0,0,3,0,3,6.7,0,0,3,0,0,0
Lorenzo Anghelè,1167365,Juventus,2687,italy,2425,9,1,0,6.7,0,0,0,,0.0,0,0,0.0,1,1,100.0,1,3,4,100.0,0,0.0,2,0,0,0,0,0,0,0,0,0,1,0,0,0,0,2,0,0,0,0,0.0,0,0,0,0,0,0,,1,100.0,0,0,0,0,0,0,0,0,,0,0,0,0,0.0,0,0,0,0,0,0,0,0,0,0,0,0,0,0,0,0.0,0.0,0,0,0,0,0,1,100.0,0,0,0,0.0,0,0,1,0,1,33.33,1,1,3,4,6.7,0,0,6,0,0,0
Daniele Sommariva,595572,Genoa,2713,italy,2425,27,1,0,6.7,0,0,0,,0.0,0,0,0.0,1,1,9.09,1,4,5,33.33,1,100.0,0,0,0,0,1,0,0,0,0,4,1,0,0,0,0,0,0,0,0,0,0.0,6,1,1,0,0,0,-0.11,0,0.0,0,0,0,10,0,0,0,0,,0,0,0,0,0.0,0,0,0,0,10,0,3,0,0,0,2,0,2,0,1,0.0,0.0,0,0,0,0,0,0,0.0,0,0,0,0.0,0,0,0,0,1,100.0,11,10,5,15,6.7,0,0,21,0,0,0
Andrea Mazza,1109940,Monza,2729,italy,2425,10,1,0,6.7,0,0,0,,0.0,0,0,0.0,0,1,50.0,1,4,5,83.33,0,0.0,0,0,0,0,1,0,0,0,0,0,1,0,0,0,0,0,0,0,0,0,0.0,2,0,0,0,0,0,,0,0.0,0,0,0,1,0,0,0,0,,0,0,0,0,0.0,0,0,0,0,1,0,0,0,0,0,0,0,0,0,0,0.0,0.0,0,0,0,0,0,0,0.0,0,0,0,0.0,0,0,0,0,0,0.0,2,2,4,6,6.7,0,0,7,0,0,0
Oussama El Azzouzi,1127191,Bologna,2685,italy,2425,21,2,0,6.7,0,0,0,,0.01,0,0,0.0,4,1,100.0,12,5,17,94.44,0,0.0,0,0,0,0,1,0,0,0,0,0,2,0,0,0,0,0,0,0,0,0,0.0,0,1,1,0,0,0,,2,100.0,0,0,0,1,2,0,0,0,,0,0,0,0,0.0,0,0,0,0,1,1,0,0,0,0,0,0,0,0,0,0.0,0.0,0,0,0,0,0,0,0.0,0,0,0,0.0,0,0,0,0,2,100.0,1,12,6,18,13.4,0,0,22,2,0,0
Alessio Cacciamani,1868036,Torino,2696,italy,2425,29,2,0,6.7,0,0,0,,0.02,1,0,0.0,4,1,100.0,8,4,12,100.0,1,50.0,1,0,0,0,1,0,0,0,0,0,2,0,0,0,0,1,0,0,0,0,0.0,0,0,0,0,0,0,,1,100.0,0,0,0,0,1,0,0,0,,0,0,0,0,0.0,0,0,0,0,4,1,0,0,0,0,0,0,0,0,0,0.0,0.0,0,0,0,0,0,1,100.0,0,0,0,0.0,0,1,1,3,2,66.67,1,11,4,12,13.4,0,0,19,0,0,0
Daniele Baselli,168647,Como,2704,italy,2425,23,2,1,6.7,0,0,0,,0.0,0,0,0.0,3,1,100.0,12,12,24,88.89,0,0.0,1,0,0,0,0,0,0,0,0,1,1,0,0,0,0,1,0,0,0,0,0.0,0,1,1,0,0,0,,1,100.0,0,0,0,3,1,0,0,0,,0,0,0,0,0.0,0,0,0,0,4,0,0,0,0,0,0,0,0,0,0,0.0,0.0,0,0,0,0,0,0,0.0,0,0,0,0.0,0,1,0,0,1,50.0,1,14,13,27,6.7,0,0,32,1,0,0
Federico Cassa,1547497,Atalanta,2686,italy,2425,23,2,0,6.7,0,0,0,,0.0,0,0,0.0,4,0,0.0,5,0,5,83.33,0,0.0,1,0,0,0,1,0,0,0,0,0,2,0,0,0,0,3,0,0,2,0,0.0,0,0,0,0,0,0,,1,33.33,0,0,0,1,0,0,0,0,,0,0,0,0,0.0,0,0,0,1,2,0,0,0,0,0,0,0,0,0,0,0.0,0.0,0,0,0,0,0,0,0.0,0,0,0,0.0,0,0,1,0,1,25.0,0,6,0,6,13.4,0,0,10,1,0,0
Arvid Brorsson,859741,Monza,2729,italy,2425,365,6,3,6.7,0,0,0,,0.02,2,0,0.0,11,6,40.0,46,177,223,91.02,8,57.14,6,0,0,0,14,0,0,0,0,34,6,0,0,1,3,11,0,1,1,0,0.0,2,11,10,1,0,0,,8,61.54,0,0,0,22,2,0,0,0,,0,0,0,0,0.0,0,0,0,0,25,0,0,0,0,0,0,0,0,0,0,0.0,0.0,0,0,0,0,0,1,100.0,0,4,3,75.0,0,4,1,0,16,59.26,15,59,186,245,40.2,0,0,309,4,0,0
Alberto Manzoni,1492462,Atalanta,2686,italy,2425,14,1,0,6.7,0,0,0,0.06,0.01,0,0,0.0,4,0,0.0,8,3,11,91.67,1,100.0,0,0,0,0,0,0,0,1,0,0,1,0,0,0,0,1,0,0,1,0,0.0,0,0,0,0,0,0,,1,50.0,0,0,0,1,0,0,0,0,,0,0,0,0,0.0,0,0,0,0,1,0,0,0,0,0,0,0,0,0,0,0.0,0.0,0,0,1,0,0,0,0.0,0,0,0,0.0,0,0,0,0,2,66.67,0,8,4,12,6.7,1,0,15,1,0,0
Roberto Piccoli,958982,Cagliari,2719,italy,2425,3142,37,37,6.7,10,1,11,12.3,0.52,3,0,0.0,113,5,45.45,193,147,340,67.73,110,40.89,159,0,0,0,54,2,26,29,1,31,37,0,0,46,9,298,0,0,60,0,10.2,0,54,49,5,10,0,,81,36.82,5,0,1,162,3,13,1,23,,0,0,1,0,100.0,0,1,0,2,379,13,0,0,4,0,0,0,0,0,0,314.2,0.0,1,86,12,38,31,14,25.45,0,13,9,69.23,13,11,55,8,191,39.06,11,337,173,502,247.8,98,0,1028,54,6,0
Pontus Almqvist,856065,Parma,2690,italy,2425,1120,29,10,6.69,1,1,2,2.11,0.9,2,2,18.18,84,4,50.0,146,67,211,75.36,9,36.0,16,0,0,0,40,3,2,8,0,8,28,0,0,13,9,79,0,0,15,0,3.85,0,24,22,2,1,0,,52,45.22,0,0,0,69,19,10,1,2,,0,0,0,0,0.0,0,0,0,1,155,7,0,0,0,0,0,0,0,0,0,1120.0,0.0,0,18,8,8,10,20,41.67,0,17,13,76.47,10,2,48,11,61,43.57,8,216,75,280,187.4,26,0,516,15,5,0
Matteo Cancellieri,1017649,Parma,2690,italy,2425,1440,27,19,6.69,3,0,3,2.74,0.68,7,5,23.81,74,7,33.33,138,71,204,70.59,29,50.0,29,0,0,0,55,1,2,3,0,26,27,0,1,24,21,132,0,0,26,0,13.64,0,26,25,1,2,1,,95,47.98,0,0,2,85,13,11,2,2,,0,0,0,0,0.0,0,0,0,0,194,8,0,1,1,0,0,0,0,0,0,480.0,0.0,0,15,7,12,7,28,45.9,0,26,16,61.54,11,16,61,21,124,48.44,21,226,84,289,180.6,22,0,616,41,2,0
Grigoris Kastanos,791566,Hellas Verona,2701,italy,2425,866,27,8,6.69,1,1,2,0.97,0.99,14,6,26.09,79,15,51.72,162,59,215,73.13,15,45.45,18,0,0,0,48,2,1,9,0,7,27,0,0,10,12,68,0,0,15,0,4.55,0,20,17,3,0,1,,42,45.65,0,0,0,79,7,12,1,1,,0,0,0,0,0.0,0,0,0,0,132,6,0,0,0,0,0,0,0,0,0,866.0,0.0,2,8,14,8,5,0,0.0,0,23,16,69.57,12,29,14,23,57,45.6,29,237,80,294,180.6,22,0,474,19,4,0
Warren Bondo,1000366,Milan,2692,italy,2425,1785,24,22,6.69,0,0,0,0.43,0.6,11,3,37.5,121,23,67.65,298,323,618,89.96,7,43.75,9,0,0,0,103,0,0,4,2,8,24,0,0,31,6,89,0,4,32,0,0.0,0,30,26,4,0,0,,100,55.56,0,0,0,69,5,6,0,1,,0,0,0,0,0.0,0,0,0,0,141,2,0,1,0,0,0,0,0,0,0,0.0,0.0,0,1,13,8,2,21,63.64,0,40,27,67.5,6,17,33,8,107,54.59,34,339,356,687,160.5,14,0,938,40,4,1
Balthazar Pierret,1014651,Lecce,2689,italy,2425,1725,30,21,6.69,0,0,0,0.17,0.56,33,1,11.11,134,34,44.74,344,352,695,84.55,29,45.31,35,0,0,0,93,0,0,2,1,29,30,0,0,10,17,98,0,1,34,0,0.0,0,37,34,3,0,0,,82,56.55,0,0,0,127,19,10,0,0,,0,0,0,1,0.0,0,0,0,0,179,6,0,0,0,0,0,0,0,0,0,0.0,0.0,0,2,4,4,0,13,68.42,0,51,31,60.78,10,70,19,9,111,53.11,76,438,393,822,200.6,6,0,1073,20,2,0
Alieu Njie,1493157,Torino,2696,italy,2425,385,16,0,6.69,1,0,1,1.35,0.3,3,1,16.67,23,3,60.0,42,17,58,69.88,13,41.94,18,0,0,0,12,0,0,1,0,1,14,0,0,9,3,51,0,0,12,0,11.11,0,5,5,0,1,0,,23,41.07,0,0,0,25,0,4,0,2,,0,0,0,0,0.0,0,0,0,0,67,2,0,0,1,0,0,0,0,0,0,385.0,0.0,0,5,4,3,5,7,38.89,0,5,1,20.0,4,4,18,6,36,41.38,5,70,19,83,93.6,9,0,191,12,1,0
Alessandro Zanoli,922928,Genoa,2713,italy,2425,1714,31,19,6.68,1,0,1,0.43,1.11,5,19,29.23,82,8,25.81,168,138,287,71.93,20,51.28,19,0,0,0,60,0,0,4,1,33,31,0,0,9,13,88,0,0,17,0,9.09,0,22,19,3,1,0,,67,49.26,0,0,0,112,12,19,0,1,,0,0,0,0,0.0,0,0,0,0,248,9,0,0,1,0,0,0,0,0,0,1714.0,0.0,0,8,3,4,3,20,38.46,0,29,20,68.97,19,20,52,65,87,49.71,31,293,171,399,207.2,11,1,768,19,3,0
Fellipe Jack,1804801,Como,2704,italy,2425,170,7,1,6.68,0,0,0,,0.05,5,0,0.0,9,6,50.0,22,52,74,79.57,4,50.0,4,0,0,0,4,0,0,0,0,5,6,0,0,0,2,11,0,0,5,0,0.0,1,3,3,0,0,0,,10,58.82,0,0,0,19,4,1,0,0,,0,0,0,0,0.0,0,0,0,0,27,0,0,0,0,0,0,0,0,0,0,0.0,0.0,0,0,0,0,0,0,0.0,0,9,4,44.44,1,7,1,0,14,56.0,12,30,63,93,40.1,0,0,131,1,2,0
Pietro Pellegri,839226,Empoli,2705,italy,2425,413,11,5,6.68,3,0,3,0.29,0.2,0,0,0.0,19,1,100.0,28,22,50,72.46,3,12.0,22,0,0,0,15,1,0,4,0,3,10,0,0,15,2,54,0,0,10,0,37.5,0,6,5,1,1,2,,17,34.69,0,0,0,19,0,7,0,1,,0,0,0,0,0.0,0,0,0,0,62,3,0,0,3,0,0,0,0,0,0,137.67,0.0,0,5,3,0,4,5,41.67,0,7,2,28.57,7,0,12,3,20,27.03,1,45,27,69,66.8,8,0,153,5,3,0
Giorgio Scalvini,1012176,Atalanta,2686,italy,2425,273,6,4,6.68,0,0,0,0.1,0.05,7,0,0.0,29,11,61.11,75,89,164,84.54,8,57.14,6,0,0,0,13,0,0,1,0,7,5,0,0,0,4,19,0,0,7,0,0.0,0,5,5,0,0,0,,14,51.85,0,0,0,30,4,0,0,0,,0,0,0,0,0.0,0,0,0,0,36,1,0,0,0,0,0,0,0,0,0,0.0,0.0,0,2,2,3,0,5,71.43,0,8,4,50.0,0,12,7,0,22,53.66,18,95,99,194,33.4,4,0,235,1,2,0
Drissa Camara,958167,Parma,2690,italy,2425,444,21,1,6.68,0,0,0,1.24,0.46,0,1,20.0,55,3,27.27,94,39,132,75.86,4,28.57,10,0,0,0,29,1,1,6,0,1,18,0,0,3,9,46,0,0,17,0,0.0,0,13,11,2,0,0,,42,53.85,0,0,1,42,3,5,0,1,,0,0,0,0,0.0,0,0,0,1,78,3,0,0,0,0,0,0,0,0,0,0.0,0.0,0,9,6,4,5,17,62.96,0,9,7,77.78,5,6,27,5,46,50.0,11,132,47,174,120.2,15,0,289,17,3,0
Tommaso Baldanzi,1012172,Roma,2702,italy,2425,848,31,5,6.68,1,1,2,1.44,0.84,4,2,28.57,129,2,25.0,223,72,293,85.17,1,25.0,3,0,0,0,48,2,1,14,0,8,30,0,0,9,8,48,0,0,7,0,5.0,0,8,8,0,1,0,,45,50.0,0,0,0,51,6,10,1,0,,0,0,0,0,0.0,0,0,0,0,106,10,0,0,0,0,0,0,0,0,0,848.0,0.0,0,13,7,2,4,17,44.74,0,12,4,33.33,10,9,38,7,46,48.94,8,272,79,344,200.3,20,0,519,16,2,0
Emmanuel Gyasi,541578,Empoli,2705,italy,2425,3224,37,37,6.68,2,1,3,3.94,1.66,14,13,35.14,167,17,27.87,333,251,571,75.53,43,38.39,69,0,0,0,135,1,7,6,4,66,37,0,0,24,14,173,0,0,56,0,9.09,0,55,47,8,2,0,,93,47.21,0,0,1,185,11,18,0,14,,1,1,0,0,0.0,0,0,0,0,343,12,0,0,1,0,0,0,0,0,0,1612.0,0.0,0,20,2,8,8,20,60.61,0,52,29,55.77,17,43,33,37,136,44.01,61,475,318,756,247.0,22,0,1463,21,5,0
Antonio Sanabria,333261,Torino,2696,italy,2425,1330,26,16,6.68,2,1,3,2.92,0.7,5,0,0.0,66,5,62.5,144,65,209,78.57,26,30.95,58,0,1,0,24,0,1,6,0,13,24,0,0,23,3,103,0,0,16,0,10.53,0,15,12,3,2,0,,22,32.84,1,0,1,57,1,9,0,1,,0,0,1,0,0.0,0,0,0,1,119,1,0,0,1,0,0,0,0,0,0,665.0,0.0,0,15,4,9,4,6,54.55,0,3,3,100.0,9,10,11,0,48,31.79,8,191,75,266,160.2,19,0,416,13,2,0
Kevin Martins,1547260,Monza,2729,italy,2425,197,9,1,6.68,0,1,1,,0.19,1,2,33.33,10,1,50.0,21,14,33,73.33,2,66.67,1,0,0,0,12,1,0,0,0,2,8,0,0,1,3,10,0,1,3,0,0.0,0,5,5,0,0,0,,13,59.09,0,0,0,12,1,2,0,0,,0,0,0,0,0.0,0,0,0,0,29,1,0,0,0,0,0,0,0,0,0,0.0,0.0,0,0,0,0,0,4,66.67,0,5,4,80.0,2,2,6,6,15,60.0,2,30,21,45,53.4,0,0,90,4,1,0
Lior Kasa,1605340,Genoa,2713,italy,2425,235,8,2,6.68,0,0,0,1.18,0.09,1,2,100.0,16,7,58.33,35,27,60,85.71,1,25.0,3,0,0,0,14,0,1,0,0,5,8,0,0,1,3,13,0,0,4,0,0.0,0,1,1,0,0,0,,8,44.44,0,0,0,10,3,2,0,0,,0,0,0,0,0.0,0,0,0,0,22,2,0,0,0,0,0,0,0,0,0,0.0,0.0,0,3,2,3,2,1,33.33,0,4,4,100.0,2,4,3,2,9,40.91,12,43,29,70,53.4,5,0,115,3,2,0
Jordan Zemura,964119,Udinese,2695,italy,2425,1415,23,13,6.67,1,2,3,1.03,1.44,9,12,30.77,104,20,42.55,216,162,366,78.71,6,28.57,15,0,0,0,60,4,1,4,1,34,23,0,0,17,12,85,0,0,22,1,7.14,0,28,27,1,0,1,,58,45.31,0,0,0,99,16,11,1,2,,0,0,0,0,0.0,0,0,0,0,212,5,0,0,0,0,0,0,0,0,0,1415.0,33.33,3,5,9,7,3,20,45.45,0,31,14,45.16,11,37,44,39,64,42.95,47,312,192,465,153.5,14,0,871,7,2,0
Jackson Tchatchoua,1096210,Hellas Verona,2701,italy,2425,3169,36,36,6.67,2,3,5,1.61,3.03,16,24,20.34,173,20,30.77,401,264,641,79.14,31,46.97,35,0,0,0,121,4,1,5,8,65,36,0,1,15,15,102,1,1,26,0,11.11,0,61,54,7,2,0,,81,54.73,0,0,0,169,14,34,1,8,,0,0,0,1,0.0,0,0,0,0,377,14,0,1,1,0,0,0,0,0,0,1584.5,0.0,0,10,8,10,3,21,56.76,0,50,31,62.0,34,38,37,118,112,52.34,65,607,321,810,240.2,18,1,1467,11,6,0
Ante Rebić,152769,Lecce,2689,italy,2425,799,27,7,6.67,1,0,1,2.21,1.22,3,9,28.13,77,4,44.44,120,61,172,65.4,27,42.19,37,0,0,0,33,4,1,0,0,4,25,0,2,14,6,91,0,1,19,0,7.69,0,13,11,2,1,0,,34,38.64,0,0,0,91,2,18,0,7,,0,0,0,0,0.0,0,0,0,0,187,8,0,2,1,0,0,0,0,0,0,799.0,0.0,0,10,3,8,5,8,32.0,0,12,9,75.0,18,7,25,32,61,40.13,9,220,75,263,166.8,13,0,462,14,3,0
Giangiacomo Magnani,812829,Hellas Verona,2701,italy,2425,1072,17,11,6.67,1,0,1,1.15,0.05,11,0,0.0,28,25,41.67,111,203,314,81.56,30,62.5,18,0,0,0,38,0,1,0,0,73,17,0,0,1,0,30,1,0,8,0,9.09,0,35,29,6,1,0,,31,72.09,1,0,0,71,17,1,0,0,,0,0,0,0,0.0,0,0,0,0,84,0,0,0,0,0,0,0,0,0,0,1072.0,0.0,0,10,1,9,2,1,25.0,0,20,15,75.0,1,28,4,2,61,67.03,60,163,224,385,113.4,11,0,563,11,2,0
Caleb Ekuban,309156,Genoa,2713,italy,2425,543,18,3,6.67,1,3,4,2.51,0.21,4,1,33.33,33,3,50.0,55,17,71,68.93,12,38.71,19,0,0,0,20,1,5,2,0,6,18,0,0,12,0,49,0,0,15,0,5.56,0,8,7,1,1,0,,15,33.33,0,0,0,32,1,8,1,5,,0,0,0,0,0.0,0,0,0,0,72,5,0,0,0,0,0,0,0,0,0,543.0,0.0,0,14,4,10,6,3,30.0,0,3,3,100.0,8,5,10,3,27,35.53,6,85,21,103,120.0,18,0,197,9,1,0
Jeff Ekhator,1613917,Genoa,2713,italy,2425,787,24,6,6.67,1,1,2,1.38,0.58,4,1,10.0,47,2,50.0,70,39,108,71.52,16,33.33,32,0,0,0,32,2,1,4,0,5,24,0,0,9,5,65,0,0,15,0,10.0,0,11,8,3,1,0,,23,41.07,0,0,0,43,2,11,0,3,,0,0,0,0,0.0,0,0,0,0,107,8,0,0,1,0,0,0,0,0,0,787.0,0.0,0,8,2,3,3,4,40.0,0,7,4,57.14,11,10,10,10,39,37.5,4,114,47,151,160.0,10,0,283,13,1,0
Tomás Palacios,1173598,Monza,2729,italy,2425,455,10,5,6.67,0,0,0,0.04,0.07,6,0,0.0,32,18,51.43,96,238,334,89.54,6,60.0,4,0,0,0,31,0,0,0,0,15,9,0,0,4,4,15,1,1,2,0,0.0,9,15,15,0,0,0,,29,72.5,0,0,0,39,9,0,0,1,,0,0,0,0,0.0,0,0,0,0,49,0,0,0,0,0,0,0,0,0,0,0.0,0.0,1,0,1,1,0,8,88.89,0,11,5,45.45,0,17,9,1,35,70.0,35,120,254,373,60.0,1,0,455,10,2,0
Antoine Bernede,837080,Hellas Verona,2701,italy,2425,598,14,7,6.66,1,0,1,0.77,0.38,12,3,23.08,60,13,50.0,109,65,171,76.0,6,42.86,8,0,0,0,38,0,0,1,0,3,14,0,0,6,6,36,0,0,16,0,25.0,0,13,13,0,1,0,,21,42.86,0,0,0,54,5,11,0,0,,0,0,0,0,0.0,0,0,0,0,86,2,0,0,1,0,0,0,0,0,0,598.0,0.0,0,1,3,1,2,2,50.0,0,15,8,53.33,11,24,4,13,27,42.86,26,162,76,225,93.3,4,0,317,4,2,0
John Yeboah,879802,Venezia,2688,italy,2425,1231,33,11,6.66,1,1,2,2.82,1.51,8,5,19.23,125,7,63.64,210,46,251,77.47,6,37.5,10,0,0,0,45,3,5,6,0,2,33,0,0,30,9,86,0,0,14,0,3.33,0,23,21,2,1,0,,51,40.16,0,0,1,73,4,20,1,4,,0,0,0,0,0.0,0,0,0,1,198,9,0,0,0,0,0,0,0,0,0,1231.0,0.0,0,19,11,14,10,24,50.0,0,6,3,50.0,20,13,48,26,57,39.86,11,292,58,324,219.9,30,0,583,21,6,0
Daniel Fila,1088870,Venezia,2688,italy,2425,500,10,6,6.66,2,0,2,1.42,0.35,4,0,0.0,29,2,50.0,47,23,70,77.78,7,25.93,20,0,0,0,9,0,2,2,0,5,10,0,0,14,2,50,0,0,13,0,25.0,0,6,6,0,2,0,,11,26.83,0,0,0,20,0,6,1,3,,0,0,0,0,0.0,0,0,0,0,51,3,0,1,1,0,0,0,0,0,0,250.0,0.0,0,7,1,0,6,2,66.67,0,2,0,0.0,6,6,3,0,18,26.47,4,64,26,90,66.6,8,0,167,7,1,1
Marco Silvestri,43970,Empoli,2705,italy,2425,450,5,5,6.66,0,0,0,,0.02,3,0,0.0,9,38,41.3,28,50,78,59.09,1,100.0,0,0,0,0,31,0,0,0,0,6,5,1,0,0,2,2,1,0,0,0,0.0,13,11,8,3,0,0,-2.36,0,0.0,0,1,0,54,0,0,0,0,,0,0,0,0,0.0,0,0,0,0,54,0,3,0,0,3,11,5,16,0,6,0.0,0.0,0,0,0,0,0,0,0.0,3,0,0,0.0,0,5,0,0,1,33.33,92,72,60,132,33.3,0,0,172,0,0,0
Jonathan Ikoné,802142,Como,2704,italy,2425,864,27,6,6.66,2,0,2,2.68,0.94,7,0,0.0,96,6,75.0,154,65,219,82.64,4,36.36,7,0,0,0,37,1,5,7,0,1,27,0,0,21,7,69,0,1,6,0,8.0,0,5,5,0,2,0,,49,44.14,0,0,0,46,1,5,2,2,,0,1,0,0,0.0,0,0,0,0,116,8,0,0,0,0,0,0,0,0,0,432.0,0.0,0,23,2,8,10,15,34.09,0,20,11,55.0,4,10,44,2,53,43.44,8,194,73,265,179.8,25,0,452,14,1,0
Cheick Oumar Condé,1019971,Venezia,2688,italy,2425,166,9,1,6.66,0,0,0,0.01,0.05,1,0,0.0,14,0,0.0,25,9,34,66.67,7,70.0,3,0,0,0,13,0,0,1,0,3,7,0,0,5,3,18,0,0,5,0,0.0,0,2,2,0,0,0,,12,44.44,0,0,0,17,4,1,0,0,,0,0,0,0,0.0,0,0,0,0,26,2,0,0,0,0,0,0,0,0,0,0.0,0.0,0,0,1,0,0,2,50.0,0,6,5,83.33,1,3,4,0,19,51.35,1,40,11,51,46.6,1,0,96,4,2,0
Simone Pafundi,1133119,Udinese,2695,italy,2425,113,9,0,6.66,0,0,0,0.07,0.34,3,2,14.29,17,3,75.0,36,19,53,86.89,0,0.0,2,0,0,0,3,1,0,0,0,1,9,0,0,1,3,9,0,0,1,0,0.0,0,3,3,0,0,0,,10,58.82,0,0,0,8,0,3,0,0,,0,0,0,0,0.0,0,0,0,0,25,1,0,0,0,0,0,0,0,0,0,0.0,0.0,1,1,1,1,1,1,33.33,0,3,3,100.0,3,4,3,14,10,52.63,4,55,20,61,59.9,2,0,101,6,0,0
Oier Zarraga,1009661,Udinese,2695,italy,2425,896,22,9,6.66,1,0,1,0.4,0.6,8,6,30.0,68,9,47.37,145,92,231,87.5,6,35.29,11,0,0,0,25,1,0,2,0,8,20,0,0,4,12,41,0,0,12,0,16.67,1,13,12,1,1,0,,27,47.37,0,0,1,33,2,7,0,0,,0,1,0,0,0.0,0,0,0,0,66,3,0,0,1,0,0,0,0,0,0,896.0,0.0,0,2,4,3,1,2,50.0,0,19,13,68.42,6,15,4,20,33,44.59,19,181,103,264,133.1,6,0,372,6,0,0
Pasquale Mazzocchi,377512,Napoli,2714,italy,2425,735,20,7,6.66,0,0,0,0.27,0.55,3,3,23.08,58,5,35.71,101,101,199,83.97,5,38.46,8,0,0,0,31,0,0,2,1,23,20,0,0,11,7,37,0,0,9,0,0.0,0,7,4,3,0,0,,30,50.85,0,0,0,38,5,5,0,1,,0,0,0,0,0.0,0,0,0,0,89,2,0,0,0,0,0,0,0,0,0,0.0,0.0,0,3,0,0,1,10,71.43,0,15,7,46.67,5,11,14,13,35,48.61,14,139,111,237,133.1,3,0,415,5,3,0
Karol Linetty,189135,Torino,2696,italy,2425,1559,28,18,6.65,1,0,1,1.07,0.92,18,1,25.0,97,32,65.31,246,231,476,85.15,9,39.13,14,0,0,0,63,1,1,7,3,31,26,0,0,9,21,95,1,0,39,0,5.88,0,19,16,3,0,1,,58,41.73,0,0,0,83,12,10,0,0,,0,0,0,0,0.0,0,0,0,0,125,4,0,0,1,0,0,0,0,0,0,1559.0,0.0,0,6,11,6,4,7,36.84,0,39,23,58.97,10,32,19,4,67,41.36,49,310,253,559,173.0,17,0,774,13,6,0
Junior Sambia,603738,Empoli,2705,italy,2425,394,17,2,6.65,0,0,0,0.39,0.3,2,8,28.57,32,6,40.0,64,27,83,72.17,7,43.75,9,0,0,0,18,0,1,3,0,4,17,0,0,6,0,26,0,0,6,0,0.0,0,7,5,2,0,0,,30,63.83,0,0,0,32,2,6,0,0,,0,0,0,0,0.0,0,0,0,0,80,2,0,0,0,0,0,0,0,0,0,0.0,0.0,4,3,7,6,1,7,46.67,0,14,10,71.43,6,8,15,28,37,58.73,15,106,37,115,113.1,10,0,266,9,0,0
Antoine Makoumbou,920391,Cagliari,2719,italy,2425,2164,33,27,6.65,0,3,3,0.3,0.96,25,3,42.86,199,38,43.68,423,626,1046,89.33,4,18.18,18,0,0,0,109,2,0,5,3,24,33,0,0,24,6,82,0,0,27,0,0.0,0,39,36,3,0,0,,67,51.15,0,0,0,125,17,8,0,0,,0,0,0,1,0.0,0,0,0,0,181,7,0,1,0,0,0,0,0,0,0,0.0,0.0,0,1,6,1,1,10,55.56,0,42,23,54.76,8,55,18,7,71,46.41,87,515,663,1171,219.5,7,0,1424,15,2,1
Ismael Konate,1397346,Empoli,2705,italy,2425,136,12,0,6.65,0,1,1,0.2,0.02,0,0,0.0,7,1,50.0,11,4,15,46.88,5,38.46,8,0,0,0,3,0,0,0,0,0,10,0,0,1,1,15,0,0,5,0,0.0,0,2,2,0,0,0,,8,53.33,0,0,0,17,0,2,0,0,,0,0,0,0,0.0,0,0,0,0,24,2,0,0,0,0,0,0,0,0,0,0.0,0.0,0,2,1,1,2,2,100.0,0,4,2,50.0,2,1,2,1,13,46.43,2,25,8,32,66.5,3,0,57,2,0,0
Marco Sportiello,176301,Milan,2692,italy,2425,125,2,1,6.65,0,0,0,,0.0,2,0,0.0,2,8,50.0,3,40,43,82.69,0,0.0,0,0,0,0,11,0,0,0,0,1,2,0,0,0,0,0,0,0,0,0,0.0,14,2,1,1,0,0,-0.2,0,0.0,0,1,0,9,0,0,0,0,,0,0,0,0,0.0,0,0,0,0,10,0,0,0,0,1,1,3,4,0,0,0.0,0.0,0,0,0,0,0,0,0.0,1,0,0,0.0,0,2,0,0,0,0.0,16,9,43,52,13.3,0,0,67,0,0,0
Tyronne Ebuehi,580512,Empoli,2705,italy,2425,74,4,0,6.65,0,0,0,,0.06,1,2,100.0,11,0,0.0,14,6,18,64.29,3,60.0,2,0,0,0,6,0,0,0,0,0,4,0,0,2,0,4,0,0,0,0,0.0,0,1,1,0,0,0,,6,75.0,0,0,0,10,2,0,0,0,,0,0,0,0,0.0,0,0,0,0,18,1,0,0,0,0,0,0,0,0,0,0.0,0.0,0,0,0,0,0,1,100.0,0,3,2,66.67,0,3,1,2,9,69.23,1,22,8,28,26.6,0,0,64,2,0,0
Cyril Ngonge,877037,Napoli,2714,italy,2425,238,18,1,6.65,0,0,0,0.69,0.24,2,2,18.18,27,1,50.0,49,19,66,86.84,4,40.0,6,0,0,0,8,0,0,5,0,4,16,0,0,7,3,34,0,0,8,0,0.0,0,2,2,0,0,0,,29,50.88,0,0,0,10,2,3,0,1,,0,0,0,0,0.0,0,0,0,0,40,1,0,0,0,0,0,0,0,0,0,0.0,0.0,0,6,7,2,6,7,41.18,0,8,5,62.5,3,3,17,11,33,49.25,2,65,22,76,106.4,13,0,171,14,2,0
Cher Ndour,1114422,Fiorentina,2693,italy,2425,407,9,4,6.65,0,0,0,0.13,0.12,3,3,42.86,49,3,50.0,111,71,179,82.87,15,51.72,14,0,0,0,20,0,0,0,1,6,8,0,0,6,8,35,0,1,6,0,0.0,0,6,6,0,0,0,,12,36.36,0,0,0,37,2,1,0,0,,0,0,0,0,0.0,0,0,0,0,55,3,0,0,0,0,0,0,0,0,0,0.0,0.0,0,2,2,4,0,2,66.67,0,4,1,25.0,1,4,3,7,27,43.55,6,138,85,216,53.2,4,0,280,7,1,0
Franco Carboni,1086199,Venezia,2688,italy,2425,228,8,3,6.65,0,0,0,0.02,0.15,1,2,25.0,12,3,23.08,23,32,53,71.62,2,40.0,3,0,0,0,13,0,0,0,0,9,6,0,0,3,3,14,0,0,3,0,0.0,0,1,1,0,0,0,,9,45.0,0,0,0,21,0,2,0,0,,0,0,0,0,0.0,0,0,0,1,41,0,0,0,0,0,0,0,0,0,0,0.0,0.0,0,0,1,1,0,2,40.0,0,5,3,60.0,2,7,5,8,11,44.0,13,44,38,74,39.9,1,0,134,2,2,0
Danilo D'Ambrosio,107936,Monza,2729,italy,2425,1095,20,12,6.65,0,1,1,0.58,0.33,19,3,33.33,53,28,51.85,139,398,534,88.26,16,41.03,23,0,0,0,46,1,0,1,0,35,19,0,1,1,9,56,0,2,18,0,0.0,25,24,21,3,0,0,,41,55.41,0,0,0,71,15,5,0,3,,0,0,0,0,0.0,0,0,0,0,108,0,0,1,0,0,0,0,0,0,0,0.0,0.0,1,7,2,4,4,2,28.57,0,28,15,53.57,5,35,7,9,57,50.44,54,184,430,605,126.3,9,0,806,11,2,0
Francesco Camarda,1520771,Milan,2692,italy,2425,214,10,1,6.64,0,0,0,0.57,0.22,0,0,0.0,8,0,0.0,19,18,37,86.05,6,46.15,7,0,0,0,6,0,0,1,0,3,9,0,0,3,4,24,0,0,8,0,0.0,0,3,3,0,0,0,,8,32.0,0,0,0,6,0,5,0,2,,0,0,0,0,0.0,0,0,0,0,23,3,0,0,0,0,0,0,0,0,0,0.0,0.0,0,7,1,6,1,2,33.33,0,5,2,40.0,5,0,6,1,14,36.84,0,26,18,43,59.8,8,0,86,1,0,0
Morten Thorsby,280991,Genoa,2713,italy,2425,1902,30,22,6.64,0,1,1,2.78,1.25,5,2,22.22,137,6,42.86,219,134,351,67.63,107,50.95,103,0,0,0,51,3,4,2,3,28,30,0,0,28,12,197,1,0,53,0,0.0,0,26,22,4,0,0,,73,43.71,0,0,1,168,5,27,0,9,,1,0,0,2,0.0,0,0,0,0,263,8,0,0,0,0,0,0,0,0,0,0.0,0.0,0,15,0,6,7,9,40.91,0,49,30,61.22,27,15,22,9,180,47.75,14,356,172,519,199.3,15,0,816,15,5,0
Bjarki Steinn Bjarkason,933207,Venezia,2688,italy,2425,171,9,1,6.64,0,0,0,,0.16,1,4,57.14,22,1,50.0,45,27,68,89.47,0,0.0,0,0,0,0,9,0,0,0,0,4,7,0,0,0,1,6,0,0,2,0,0.0,0,1,1,0,0,0,,12,66.67,0,0,0,8,2,1,0,0,,0,0,0,0,0.0,0,0,0,0,16,1,0,0,0,0,0,0,0,0,0,0.0,0.0,0,0,0,0,0,1,25.0,0,3,2,66.67,1,1,4,7,12,66.67,2,53,30,76,46.5,0,0,118,8,2,0
Pepe Reina,26937,Como,2704,italy,2425,1035,12,12,6.64,0,0,0,,0.02,17,0,0.0,6,61,42.36,30,208,238,73.68,1,100.0,0,0,0,0,83,0,0,0,2,9,12,0,1,0,1,2,1,1,1,0,0.0,34,14,11,3,0,0,-2.0,1,33.33,0,2,0,85,0,0,0,0,,0,0,0,0,0.0,1,0,0,0,86,0,6,1,0,5,16,11,28,0,7,0.0,0.0,0,0,0,0,0,0,0.0,5,0,0,0.0,0,35,0,0,2,50.0,144,82,241,323,79.7,0,0,406,1,0,0
Patric,217784,Lazio,2699,italy,2425,604,10,5,6.64,1,0,1,1.07,0.07,12,1,50.0,31,25,43.86,123,233,355,89.2,8,53.33,7,0,0,0,29,0,0,0,1,21,10,0,0,0,4,15,0,1,5,0,50.0,1,14,13,1,1,0,,13,61.9,1,0,0,43,3,1,0,0,,0,0,0,0,0.0,0,0,0,0,49,0,0,0,0,0,0,0,0,0,0,604.0,0.0,0,2,0,1,1,0,0.0,0,9,6,66.67,1,25,0,2,21,58.33,57,150,250,398,66.4,2,0,457,5,3,0
Simone Verdi,98058,Como,2704,italy,2425,125,9,0,6.64,0,0,0,0.11,0.56,2,4,28.57,9,2,40.0,20,10,26,59.09,0,0.0,0,0,0,0,5,1,0,0,0,1,8,0,0,4,2,7,0,0,1,0,0.0,0,3,2,1,0,0,,5,41.67,0,0,0,18,0,6,0,0,,0,0,0,0,0.0,0,0,0,0,33,0,0,0,0,0,0,0,0,0,0,0.0,0.0,0,0,2,0,2,2,100.0,0,2,2,100.0,6,6,2,14,5,41.67,5,44,14,44,53.1,2,0,81,1,1,0
Rémi Oudin,842709,Lecce,2689,italy,2425,308,11,3,6.64,0,0,0,0.12,1.1,6,5,21.74,24,12,63.16,51,42,88,77.19,1,50.0,1,0,0,0,18,0,0,1,0,1,11,0,0,3,2,11,0,0,2,0,0.0,0,8,5,3,0,0,,7,41.18,0,0,0,26,2,7,0,0,,0,1,0,0,0.0,0,0,0,0,58,2,0,0,0,0,0,0,0,0,0,0.0,0.0,2,0,3,1,1,3,50.0,0,3,1,33.33,6,11,6,23,8,42.11,19,91,46,114,73.0,3,0,178,1,1,0
Reda Belahyane,1389689,Lazio,2699,italy,2425,1848,28,18,6.64,0,2,2,0.23,0.67,16,0,0.0,151,24,40.68,348,322,670,84.92,7,31.82,15,0,0,0,122,1,0,0,3,24,28,0,1,23,4,94,0,1,35,0,0.0,0,40,32,8,0,0,,90,53.25,0,0,0,119,11,16,0,0,,0,0,0,0,0.0,0,0,0,0,213,7,0,2,0,0,0,0,0,0,0,0.0,0.0,0,1,5,4,2,36,65.45,0,44,32,72.73,16,45,55,3,97,50.79,59,435,357,789,185.8,6,0,1084,10,4,1
Noah Okafor,865523,Napoli,2714,italy,2425,469,15,5,6.63,1,0,1,1.42,0.87,5,3,18.75,36,2,40.0,62,25,84,80.0,4,36.36,7,0,0,0,11,1,5,1,0,2,15,0,0,11,1,42,0,0,8,0,7.14,0,8,7,1,1,0,,25,41.67,0,0,0,21,2,7,0,1,,0,0,0,0,0.0,0,0,0,0,76,1,0,0,1,0,0,0,0,0,0,469.0,0.0,0,11,3,6,7,14,48.28,0,5,3,60.0,7,8,29,16,29,40.85,5,93,28,105,99.5,14,0,220,6,0,0
Gianluca Lapadula,147368,Cagliari,2719,italy,2425,306,12,1,6.63,0,0,0,1.4,0.23,0,0,0.0,19,0,0.0,28,10,38,63.33,11,57.89,8,0,0,0,5,0,1,10,0,1,12,0,0,1,1,18,0,0,9,0,0.0,0,2,2,0,0,0,,5,33.33,0,0,1,22,0,3,0,1,,0,0,0,0,0.0,0,0,0,0,32,2,0,0,0,0,0,0,0,0,0,0.0,0.0,0,13,2,2,3,2,100.0,0,2,0,0.0,3,3,2,3,16,47.06,1,50,13,60,79.6,15,0,99,1,1,0
Mohamed Kaba,1127590,Lecce,2689,italy,2425,452,15,2,6.63,0,0,0,0.37,0.07,4,1,100.0,34,5,45.45,77,62,138,80.7,9,42.86,12,0,0,0,19,0,1,1,0,10,15,0,0,5,2,27,0,1,6,0,0.0,0,9,7,2,0,0,,24,61.54,0,0,1,33,4,1,0,0,,0,0,0,0,0.0,0,0,0,0,54,2,0,0,0,0,0,0,0,0,0,0.0,0.0,0,4,0,3,0,2,40.0,0,13,8,61.54,1,12,5,1,33,55.0,11,99,73,171,99.5,4,0,261,10,1,0
Alessandro Marcandalli,1068885,Venezia,2688,italy,2425,403,10,6,6.63,0,0,0,0.27,0.03,6,0,0.0,14,9,39.13,43,75,118,73.29,14,53.85,12,0,0,0,19,0,1,0,0,23,9,0,0,0,3,25,0,0,9,0,0.0,0,5,5,0,0,0,,9,40.91,0,0,0,43,2,0,0,0,,0,0,0,1,0.0,0,0,0,0,53,0,0,0,0,0,0,0,0,0,0,0.0,0.0,0,2,0,1,1,0,0.0,0,9,6,66.67,0,14,1,0,23,47.92,23,68,93,161,59.7,2,0,225,0,2,0
Emil Bohinen,824584,Genoa,2713,italy,2425,165,3,1,6.63,0,0,0,0.1,0.04,3,0,0.0,14,2,66.67,28,41,69,80.23,3,75.0,1,0,0,0,9,0,0,1,0,6,3,0,0,2,3,9,0,0,3,0,0.0,0,8,7,1,0,0,,6,42.86,0,0,0,17,1,3,0,0,,0,0,0,0,0.0,0,0,0,0,23,1,0,0,0,0,0,0,0,0,0,0.0,0.0,1,0,2,1,0,0,0.0,0,4,4,100.0,3,5,0,0,9,50.0,3,39,47,86,19.9,2,0,115,3,0,0
Gaby Jean,1392819,Lecce,2689,italy,2425,1387,19,16,6.63,0,0,0,0.05,0.12,28,1,100.0,41,41,39.81,163,554,716,84.53,42,61.76,26,0,0,0,55,0,0,0,3,69,18,0,0,5,5,50,0,1,15,0,0.0,46,25,23,2,0,0,,28,53.85,0,0,0,131,9,1,0,0,,0,0,0,1,0.0,0,0,0,0,146,0,0,0,0,0,0,0,0,0,0,0.0,0.0,0,1,0,0,1,2,66.67,0,14,7,50.0,1,65,3,1,70,58.33,103,239,609,847,119.4,1,0,1019,13,0,0
Nadir Zortea,928104,Cagliari,2719,italy,2425,2728,35,33,6.63,6,2,8,3.07,2.23,17,34,28.57,121,18,34.62,277,246,489,73.2,17,36.17,30,0,0,0,96,6,2,10,4,40,35,0,0,31,23,164,0,2,33,0,18.18,0,51,47,4,4,2,,90,40.18,2,0,1,179,19,28,2,1,,0,0,0,1,0.0,0,0,0,0,409,8,0,0,2,0,0,0,0,0,0,454.67,0.0,0,14,19,13,10,38,44.71,0,30,14,46.67,28,36,85,119,107,39.48,52,473,314,668,232.1,33,0,1218,22,3,0
Alan Matturro,1177401,Genoa,2713,italy,2425,902,13,9,6.63,0,0,0,0.18,0.26,8,3,37.5,19,15,34.88,67,193,257,79.81,16,48.48,17,0,0,0,26,0,0,0,2,38,13,0,0,3,11,41,0,0,10,0,0.0,1,13,11,2,0,0,,19,44.19,0,0,0,65,14,3,0,2,,0,0,0,1,0.0,0,0,0,0,90,0,0,0,0,0,0,0,0,0,0,0.0,0.0,0,3,1,1,3,3,60.0,0,11,6,54.55,3,25,5,8,35,46.05,43,118,212,322,86.2,4,0,471,5,2,0
Jesper Karlsson,834597,Lecce,2689,italy,2425,800,20,9,6.63,2,0,2,2.09,0.54,3,10,31.25,64,2,33.33,132,46,168,77.06,3,23.08,10,0,0,0,20,1,2,7,0,5,20,0,0,15,8,48,0,0,10,0,12.5,0,13,10,3,2,0,,16,29.63,0,0,0,50,0,12,0,1,,0,0,1,1,100.0,0,1,0,0,111,3,0,0,2,0,0,0,0,0,0,400.0,0.0,3,7,9,2,7,8,57.14,0,4,2,50.0,12,11,14,32,19,28.36,6,190,60,218,132.6,16,0,356,4,3,0
Mattia Felici,975811,Cagliari,2719,italy,2425,923,20,9,6.63,0,3,3,0.61,0.73,5,4,16.0,89,2,40.0,125,56,177,72.84,7,41.18,10,0,0,0,51,2,2,3,0,4,20,0,0,10,7,74,0,1,18,0,0.0,0,13,13,0,0,0,,53,45.3,0,0,1,66,7,10,0,4,,0,0,0,1,0.0,0,0,0,0,164,8,0,0,0,0,0,0,0,0,0,0.0,0.0,0,9,1,1,6,19,38.78,0,17,12,70.59,10,9,49,25,60,44.78,5,183,85,243,132.6,10,0,466,17,1,0
Pedro Pereira,807291,Monza,2729,italy,2425,2691,35,32,6.63,1,3,4,1.2,1.41,32,16,28.07,163,37,41.11,372,443,799,83.14,27,40.3,40,0,0,0,88,6,2,4,1,76,35,0,0,18,20,134,2,3,48,0,7.69,0,56,47,9,1,0,,76,44.71,0,0,0,162,21,14,0,0,,0,0,0,0,0.0,0,0,0,0,277,2,0,0,1,0,0,0,0,0,0,2691.0,0.0,0,10,3,3,6,14,56.0,0,53,32,60.38,14,68,25,57,103,43.46,90,496,522,961,232.0,13,0,1462,9,10,0
Nicola Sansone,100580,Lecce,2689,italy,2425,71,5,0,6.63,0,0,0,0.22,0.06,0,2,50.0,5,0,0.0,15,3,16,88.89,0,0.0,1,0,0,0,1,0,1,0,0,0,4,0,0,1,0,3,0,0,0,0,0.0,0,1,1,0,0,0,,1,33.33,0,0,1,2,0,1,0,1,,0,0,0,0,0.0,0,0,0,0,7,0,0,0,0,0,0,0,0,0,0,0.0,0.0,2,1,2,2,1,0,0.0,0,0,0,0.0,1,0,1,4,1,25.0,0,19,3,18,26.5,3,0,31,1,1,0
Adrien Tameze,139235,Torino,2696,italy,2425,659,20,9,6.62,0,0,0,0.39,0.71,8,2,22.22,57,11,78.57,122,135,255,87.93,11,57.89,8,0,0,0,25,2,0,1,0,4,17,0,0,3,9,36,0,1,8,0,0.0,0,10,9,1,0,0,,13,31.71,0,0,0,35,10,6,0,0,,0,0,0,1,0.0,0,0,0,0,63,2,0,0,0,0,0,0,0,0,0,0.0,0.0,0,5,2,3,3,4,33.33,0,5,2,40.0,6,13,12,9,24,40.0,14,159,140,290,112.6,7,0,382,4,3,0
Iker Bravo,1155571,Udinese,2695,italy,2425,688,29,4,6.62,2,1,3,0.9,0.43,3,1,12.5,60,5,55.56,108,48,155,84.7,12,29.27,29,0,0,0,30,0,1,3,0,3,29,0,0,14,4,73,0,0,12,0,15.38,0,11,10,1,1,1,,31,41.33,0,0,0,28,1,7,0,2,,0,0,0,0,0.0,0,0,0,0,102,8,0,0,2,0,0,0,0,0,0,344.0,0.0,0,8,5,6,4,11,37.93,0,10,6,60.0,7,6,29,8,43,37.07,9,136,55,183,192.0,13,0,333,10,3,0
Mattia De Sciglio,137667,Empoli,2705,italy,2425,781,16,7,6.62,1,0,1,0.61,0.25,14,4,57.14,24,18,41.86,82,127,205,77.65,6,75.0,2,0,0,0,27,0,0,2,1,32,15,0,1,4,3,19,1,0,8,0,20.0,0,23,19,4,1,0,,24,58.54,1,0,0,59,8,3,0,0,,0,0,0,0,0.0,0,0,0,0,77,1,0,1,0,0,0,0,0,0,0,781.0,0.0,0,3,2,0,3,1,33.33,0,18,13,72.22,3,28,3,7,30,61.22,43,126,145,264,99.3,5,0,408,5,0,0
Sergiu Perciun,1592970,Torino,2696,italy,2425,148,5,0,6.62,0,0,0,0.05,0.52,2,3,60.0,11,0,0.0,28,6,31,65.96,0,0.0,2,0,0,0,10,0,0,1,0,2,5,0,0,1,3,11,0,0,3,0,0.0,0,0,0,0,0,0,,8,47.06,0,0,0,16,1,2,0,0,,0,0,0,0,0.0,0,0,0,0,27,1,0,0,0,0,0,0,0,0,0,0.0,0.0,0,0,2,0,1,2,50.0,0,2,2,100.0,2,3,4,5,8,42.11,4,43,9,47,33.1,2,0,78,4,0,0
Filippo Terracciano,1034303,Milan,2692,italy,2425,550,13,6,6.62,0,0,0,0.17,0.08,6,1,33.33,30,2,33.33,85,116,200,89.69,10,66.67,5,0,0,0,21,0,0,2,2,10,11,0,0,5,5,28,0,0,11,0,0.0,0,6,5,1,0,0,,18,43.9,0,0,0,23,6,2,0,1,,0,0,0,0,0.0,0,0,0,0,39,2,0,0,0,0,0,0,0,0,0,0.0,0.0,0,2,1,0,1,0,0.0,0,9,6,66.67,2,7,2,3,28,50.0,6,98,128,223,72.8,3,0,318,9,3,0
Danilo Veiga,1002045,Lecce,2689,italy,2425,375,13,2,6.62,0,0,0,0.62,0.2,2,3,17.65,25,2,16.67,47,38,82,70.09,5,31.25,11,0,0,0,19,0,1,3,0,11,12,0,0,5,7,35,0,0,6,0,0.0,0,6,6,0,0,0,,25,51.02,0,0,0,35,4,6,0,0,,0,0,0,0,0.0,0,0,0,0,78,2,0,0,0,0,0,0,0,0,0,0.0,0.0,0,2,3,2,0,6,50.0,0,8,6,75.0,6,9,12,17,30,46.15,12,86,48,117,79.4,5,0,246,11,0,0
Jean-Daniel Akpa Akpro,164511,Monza,2729,italy,2425,970,14,12,6.61,0,0,0,0.34,0.21,8,1,16.67,55,8,44.44,130,133,262,80.62,11,40.74,16,0,0,0,54,0,1,0,0,14,14,0,0,2,12,71,0,1,24,0,0.0,0,24,21,3,0,0,,60,52.17,0,0,0,63,13,3,0,0,,0,0,0,0,0.0,0,0,0,0,119,2,0,0,0,0,0,0,0,0,0,0.0,0.0,0,2,2,2,2,12,38.71,0,30,18,60.0,3,18,31,6,71,50.0,18,171,160,325,92.6,4,0,540,18,4,0
Federico Barba,184417,Como,2704,italy,2425,437,7,5,6.61,0,0,0,0.21,0.04,6,0,0.0,24,9,45.0,75,175,250,89.29,5,38.46,8,0,0,0,19,0,1,0,1,15,7,0,0,1,3,15,0,0,3,0,0.0,8,9,7,2,0,0,,3,30.0,0,0,0,30,4,0,0,0,,0,0,0,0,0.0,0,0,0,0,36,0,0,0,0,0,0,0,0,0,0,0.0,0.0,0,2,0,1,1,0,0.0,0,2,2,100.0,0,12,0,3,8,34.78,20,100,183,280,46.3,2,0,325,1,0,0
Saba Goglichidze,1126175,Empoli,2705,italy,2425,2546,33,29,6.61,0,1,1,0.3,0.22,35,1,20.0,71,74,41.57,205,514,718,78.38,33,37.5,55,0,0,0,108,1,0,1,4,93,33,0,1,5,26,115,3,0,26,0,0.0,2,49,42,7,0,0,,97,61.78,0,0,0,198,33,3,0,1,,0,0,0,0,0.0,0,0,0,0,234,4,0,1,0,0,0,0,0,0,0,0.0,0.0,0,4,2,5,0,4,50.0,0,64,37,57.81,3,97,8,5,130,53.06,178,340,581,916,218.2,6,0,1265,34,3,0
Kevin Zeroli,1397348,Monza,2729,italy,2425,405,9,4,6.61,0,1,1,0.72,0.03,1,0,0.0,18,1,50.0,33,47,80,77.67,5,55.56,4,0,0,0,16,1,0,3,0,10,9,0,0,4,1,15,0,0,5,0,0.0,0,12,11,1,0,0,,8,42.11,0,0,0,23,2,2,0,2,,0,0,0,0,0.0,0,0,0,0,40,2,0,0,0,0,0,0,0,0,0,0.0,0.0,0,5,1,2,1,0,0.0,0,7,3,42.86,2,3,1,2,13,46.43,2,53,52,103,59.5,6,0,162,1,0,0
Konan N'Dri,978327,Lecce,2689,italy,2425,313,11,2,6.61,0,0,0,0.52,0.12,0,2,15.38,24,2,66.67,34,11,43,79.63,1,25.0,3,0,0,0,7,0,0,5,0,0,10,0,0,8,1,28,0,0,7,0,0.0,0,4,4,0,0,0,,16,39.02,0,0,1,11,1,6,0,0,,0,0,0,0,0.0,0,0,0,0,53,3,0,0,0,0,0,0,0,0,0,0.0,0.0,0,5,4,2,2,7,43.75,0,3,3,100.0,6,2,16,13,17,37.78,3,54,13,54,66.1,9,0,140,6,0,0
Christian Gytkjær,78939,Venezia,2688,italy,2425,768,29,6,6.6,2,1,3,2.56,0.29,1,0,0.0,29,2,66.67,59,28,87,56.13,24,29.63,57,0,0,0,15,1,3,4,0,8,26,0,0,9,1,80,0,0,11,0,11.76,0,14,14,0,2,0,,11,32.35,0,0,0,68,0,7,1,7,,0,0,1,0,100.0,0,1,0,0,101,4,0,0,1,0,0,0,0,0,0,384.0,0.0,1,14,3,7,6,1,20.0,0,6,4,66.67,7,3,5,1,35,30.43,3,120,36,155,171.6,17,0,251,5,0,0
Francesco Zampano,235656,Venezia,2688,italy,2425,1648,24,17,6.6,1,2,3,1.15,0.7,21,7,14.29,96,21,41.18,171,190,354,76.96,11,37.93,18,0,0,0,77,2,1,1,2,25,24,0,0,17,17,89,0,2,24,0,14.29,0,29,28,1,1,0,,57,44.53,0,0,0,106,6,12,0,5,,0,0,0,0,0.0,0,0,0,0,217,3,0,0,1,0,0,0,0,0,0,1648.0,0.0,0,6,1,2,4,8,32.0,0,31,20,64.52,12,36,25,49,68,43.31,51,282,227,460,158.4,7,0,781,19,5,0
Woyo Coulibaly,989894,Parma,2690,italy,2425,1085,14,12,6.6,0,1,1,0.14,0.81,3,0,0.0,93,8,40.0,229,227,456,88.37,9,50.0,9,0,0,0,60,2,0,1,0,19,14,0,1,11,6,46,0,0,12,0,0.0,0,23,20,3,0,0,,33,47.14,0,0,0,60,8,8,0,1,,1,0,0,0,0.0,0,0,0,1,119,1,0,1,0,0,0,0,0,0,0,0.0,0.0,0,1,2,2,0,8,50.0,0,13,10,76.92,8,11,16,5,42,47.73,20,281,240,516,92.4,3,0,747,12,1,0
Walid Cheddira,917485,Napoli,2714,italy,2425,11,1,0,6.6,0,0,0,,0.0,1,0,0.0,2,0,0.0,2,0,2,66.67,0,0.0,1,0,0,0,0,0,0,0,0,0,1,0,0,0,0,1,0,0,0,0,0.0,0,1,1,0,0,0,,0,0.0,0,0,0,1,0,1,0,0,,0,0,0,0,0.0,0,0,0,0,1,0,0,0,0,0,0,0,0,0,0,0.0,0.0,0,0,0,0,0,0,0.0,0,0,0,0.0,1,1,0,0,0,0.0,0,3,0,3,6.6,0,0,3,0,0,0
Filip Marchwiński,966929,Lecce,2689,italy,2425,14,1,0,6.6,0,0,0,,0.0,0,0,0.0,1,0,0.0,4,0,4,80.0,0,0.0,0,0,0,0,1,0,0,0,0,0,1,0,0,0,0,0,0,0,0,0,0.0,0,0,0,0,0,0,,1,100.0,0,0,0,1,0,0,0,0,,0,0,0,0,0.0,0,0,0,0,1,0,0,0,0,0,0,0,0,0,0,0.0,0.0,0,0,0,0,0,0,0.0,0,0,0,0.0,0,0,0,0,1,100.0,0,5,0,5,6.6,0,0,6,1,0,0
Mitchel Bakker,856638,Atalanta,2686,italy,2425,21,1,0,6.6,0,0,0,,0.01,0,0,0.0,2,0,0.0,4,3,7,87.5,1,50.0,1,0,0,0,2,0,0,0,0,0,1,0,0,0,0,2,0,0,1,0,0.0,0,0,0,0,0,0,,1,50.0,0,0,0,1,0,0,0,0,,0,0,0,0,0.0,0,0,0,0,2,0,0,0,0,0,0,0,0,0,0,0.0,0.0,0,0,0,0,0,0,0.0,0,1,0,0.0,0,0,0,1,2,50.0,0,6,3,8,6.6,0,0,10,0,0,0
Luka Topalović,1215062,Inter,2697,italy,2425,10,1,0,6.6,0,0,0,,0.0,0,0,0.0,1,0,0.0,2,3,5,62.5,0,0.0,0,0,0,0,0,0,0,0,0,0,1,0,0,0,0,1,0,0,0,0,0.0,0,0,0,0,0,0,,1,50.0,0,0,0,3,0,0,0,0,,0,0,0,0,0.0,0,0,0,0,5,0,0,0,0,0,0,0,0,0,0,0.0,0.0,0,0,0,0,0,0,0.0,0,1,1,100.0,0,0,1,0,1,50.0,1,5,3,8,6.6,0,0,11,0,0,0
Ben Godfrey,754698,Atalanta,2686,italy,2425,22,1,0,6.6,0,0,0,,0.0,0,0,0.0,2,0,0.0,5,2,7,77.78,0,0.0,0,0,0,0,2,0,0,0,0,0,1,0,0,0,1,2,0,0,1,0,0.0,0,0,0,0,0,0,,0,0.0,0,0,0,2,0,0,0,0,,0,0,0,0,0.0,0,0,0,0,3,0,0,0,0,0,0,0,0,0,0,0.0,0.0,0,0,0,0,0,0,0.0,0,0,0,0.0,0,0,0,0,0,0.0,0,6,3,9,6.6,0,0,12,0,0,0
Nunzio Lella,881068,Venezia,2688,italy,2425,8,1,0,6.6,0,0,0,,0.0,0,0,0.0,0,0,0.0,0,1,1,100.0,0,0.0,1,0,0,0,0,0,0,0,0,0,1,0,0,0,0,1,0,0,1,0,0.0,0,0,0,0,0,0,,1,100.0,0,0,0,0,0,0,0,0,,0,0,0,0,0.0,0,0,0,0,0,0,0,0,0,0,0,0,0,0,0,0.0,0.0,0,0,0,0,0,0,0.0,0,0,0,0.0,0,0,0,0,1,50.0,0,0,1,1,6.6,0,0,2,1,0,0
Gastón Pereiro,311396,Genoa,2713,italy,2425,29,2,0,6.6,0,0,0,,0.02,0,0,0.0,7,0,0.0,10,1,11,78.57,1,50.0,1,0,0,0,0,0,0,0,0,1,2,0,0,0,0,1,0,0,0,0,0.0,0,0,0,0,0,0,,2,100.0,0,0,0,3,0,0,0,0,,0,0,0,0,0.0,0,0,0,0,4,0,0,0,0,0,0,0,0,0,0,0.0,0.0,0,0,0,0,0,0,0.0,0,1,0,0.0,0,0,0,1,3,75.0,1,12,3,14,13.2,0,0,18,1,0,0
Jacopo Bacci,1163081,Empoli,2705,italy,2425,29,3,0,6.6,0,0,0,,0.01,1,0,0.0,1,1,25.0,3,3,6,60.0,1,100.0,0,0,0,0,0,0,0,0,0,1,2,0,0,0,0,0,0,0,0,0,0.0,0,1,1,0,0,0,,2,100.0,0,0,0,4,1,0,0,0,,0,0,0,0,0.0,0,0,0,0,5,0,0,0,0,0,0,0,0,0,0,0.0,0.0,0,0,0,0,0,0,0.0,0,1,0,0.0,0,1,0,0,3,100.0,4,6,4,10,13.2,0,0,15,1,0,0
Vanja Vlahović,1089098,Atalanta,2686,italy,2425,57,3,0,6.6,0,0,0,0.16,0.09,0,0,0.0,3,0,0.0,3,1,4,66.67,0,0.0,3,0,0,0,0,0,1,0,0,0,3,0,0,1,0,5,0,0,0,0,0.0,0,1,1,0,0,0,,4,66.67,0,0,0,2,0,2,0,0,,0,0,0,0,0.0,0,0,0,1,11,0,0,0,0,0,0,0,0,0,0,0.0,0.0,0,1,0,0,1,0,0.0,0,1,1,100.0,2,0,1,0,4,44.44,0,4,2,6,19.8,1,0,21,3,0,0
Lucas Gourna-Douath,1012657,Roma,2702,italy,2425,226,6,2,6.6,0,0,0,0.14,0.07,3,0,0.0,26,2,50.0,62,42,104,92.86,0,0.0,4,0,0,0,8,0,0,2,0,2,6,0,0,5,4,23,0,0,9,0,0.0,0,0,0,0,0,0,,16,45.71,0,0,0,8,0,2,0,1,,0,0,0,0,0.0,0,0,0,0,18,1,0,0,0,0,0,0,0,0,0,0.0,0.0,0,2,1,1,0,2,50.0,0,9,4,44.44,2,4,4,2,16,41.03,4,68,46,112,39.6,3,0,156,5,2,0
Viktor Kovalenko,287659,Empoli,2705,italy,2425,78,6,0,6.6,0,0,0,0.1,0.01,1,0,0.0,6,1,50.0,12,14,26,72.22,3,50.0,3,0,0,0,3,0,0,0,0,0,6,0,0,2,1,8,0,0,2,0,0.0,0,1,1,0,0,0,,5,50.0,0,0,0,10,0,0,0,0,,0,0,0,0,0.0,0,0,0,0,14,0,0,0,0,0,0,0,0,0,0,0.0,0.0,0,1,2,2,1,1,100.0,0,2,1,50.0,0,1,1,1,8,50.0,2,21,16,36,39.6,3,0,50,2,0,0
Tommaso Gabellini,1526925,Torino,2696,italy,2425,9,1,0,6.6,0,0,0,0.05,0.0,0,0,0.0,1,0,0.0,1,0,1,50.0,0,0.0,0,0,0,0,1,0,0,0,0,0,1,0,0,0,0,0,0,0,0,0,0.0,0,0,0,0,0,0,,0,0.0,0,0,0,1,0,0,0,0,,0,0,0,0,0.0,0,0,0,0,2,1,0,0,0,0,0,0,0,0,0,0.0,0.0,0,0,1,1,0,0,0.0,0,0,0,0.0,0,0,0,0,0,0.0,0,2,0,2,6.6,1,0,4,0,0,0
Vasilije Adžić,1149288,Juventus,2687,italy,2425,50,6,0,6.6,0,0,0,0.03,0.03,1,0,0.0,7,1,100.0,8,7,15,75.0,2,40.0,3,0,0,0,3,0,0,0,0,0,4,0,0,1,1,7,0,0,1,0,0.0,0,0,0,0,0,0,,3,42.86,0,0,0,5,0,0,0,0,,0,0,0,0,0.0,0,0,0,0,8,0,0,0,0,0,0,0,0,0,0,0.0,0.0,0,0,1,0,1,0,0.0,0,2,2,100.0,0,1,1,0,5,41.67,1,12,8,20,26.4,1,0,27,1,0,0
Nicolas Haas,587126,Empoli,2705,italy,2425,291,10,2,6.6,0,0,0,0.01,0.04,2,0,0.0,18,2,20.0,41,57,98,82.35,3,37.5,5,0,0,0,19,0,0,0,0,5,9,0,0,3,4,22,0,0,11,0,0.0,0,3,3,0,0,0,,14,45.16,0,0,0,21,4,2,0,0,,0,0,0,0,0.0,0,0,0,0,29,0,0,0,0,0,0,0,0,0,0,0.0,0.0,0,0,1,1,0,0,0.0,0,11,8,72.73,2,5,0,0,17,43.59,10,52,67,119,59.4,1,0,162,3,1,0
Ola Solbakken,920744,Empoli,2705,italy,2425,764,21,8,6.6,0,0,0,0.78,0.34,15,1,14.29,56,13,76.47,86,53,138,73.02,9,31.03,20,0,0,0,19,0,1,0,0,8,21,0,0,8,3,44,0,0,8,0,0.0,0,10,9,1,0,0,,16,40.0,0,0,0,51,2,9,0,2,,0,0,0,0,0.0,0,0,0,0,91,0,0,0,0,0,0,0,0,0,0,0.0,0.0,0,4,0,1,3,7,46.67,0,7,4,57.14,9,19,15,7,25,36.23,17,133,63,189,138.5,4,0,279,2,2,0
Lameck Banda,911350,Lecce,2689,italy,2425,609,15,6,6.59,0,1,1,1.21,0.83,0,9,34.62,33,3,60.0,73,49,113,84.96,2,13.33,13,0,0,0,30,1,2,4,0,6,15,0,0,9,9,54,1,0,10,0,0.0,0,11,11,0,0,0,,38,48.1,0,0,0,20,2,11,0,2,,0,0,0,0,0.0,0,0,0,0,80,2,0,0,0,0,0,0,0,0,0,0.0,0.0,0,9,8,9,4,10,41.67,0,8,5,62.5,11,2,24,26,40,42.55,5,106,53,133,98.9,17,0,293,20,1,0
Giovanni Simeone,341143,Napoli,2714,italy,2425,440,30,1,6.59,1,1,2,2.58,0.3,2,0,0.0,30,0,0.0,54,25,79,71.82,9,20.45,35,0,0,0,25,1,3,3,0,6,27,0,0,14,5,66,0,0,7,0,7.69,0,5,4,1,1,0,,23,42.59,0,0,0,31,1,8,0,2,,0,0,0,0,0.0,0,0,0,0,75,6,0,0,1,0,0,0,0,0,0,440.0,0.0,0,11,2,7,3,6,50.0,0,2,0,0.0,8,2,12,3,32,32.65,1,85,28,110,178.0,13,0,224,16,1,0
Mirko Marić,190933,Venezia,2688,italy,2425,476,18,5,6.59,0,0,0,0.91,0.25,1,1,20.0,35,1,100.0,60,48,107,73.29,19,35.85,34,0,0,0,15,0,2,2,0,11,17,0,0,6,4,52,0,0,5,0,0.0,0,5,4,1,0,0,,16,47.06,0,0,0,39,2,3,0,3,,0,0,0,0,0.0,0,0,0,0,69,2,0,0,0,0,0,0,0,0,0,0.0,0.0,0,6,1,4,1,3,42.86,0,7,3,42.86,3,2,7,5,35,40.23,1,97,54,146,112.0,7,0,231,6,0,0
Domen Črnigoj,232096,Venezia,2688,italy,2425,142,8,1,6.59,0,0,0,0.11,0.01,2,0,0.0,4,1,20.0,14,11,25,54.35,2,28.57,5,0,0,0,8,0,0,1,0,4,8,0,0,1,1,10,0,0,2,0,0.0,0,4,4,0,0,0,,8,61.54,0,0,0,21,4,0,0,0,,0,0,0,0,0.0,0,0,0,0,33,2,0,0,0,0,0,0,0,0,0,0.0,0.0,0,1,0,0,0,0,0.0,0,4,2,50.0,0,3,1,2,10,50.0,5,35,13,46,52.7,1,0,85,4,0,0
Alexis Sánchez,34120,Udinese,2695,italy,2425,439,13,6,6.58,0,0,0,0.79,0.3,3,1,12.5,56,7,70.0,98,27,124,80.52,2,14.29,12,0,0,0,17,0,2,2,0,1,13,0,0,8,6,31,0,1,4,0,0.0,0,6,5,1,0,0,,18,48.65,0,0,2,30,4,3,0,4,,0,0,0,0,0.0,0,0,0,0,66,5,0,0,0,0,0,0,0,0,0,0.0,0.0,0,5,2,5,0,4,66.67,0,3,1,33.33,3,11,6,8,20,39.22,10,130,32,154,85.6,7,0,237,11,0,0
Gaetano Castrovilli,587628,Monza,2729,italy,2425,759,21,8,6.58,0,0,0,0.39,0.66,13,5,35.71,67,10,52.63,139,110,244,82.15,1,14.29,6,0,0,0,35,1,1,2,0,9,20,0,0,13,9,46,0,0,12,0,0.0,0,16,13,3,0,0,,31,43.66,0,0,0,53,5,10,0,2,,0,1,0,0,0.0,0,0,0,0,94,3,0,0,0,0,0,0,0,0,0,0.0,0.0,1,5,3,6,0,6,50.0,0,17,9,52.94,9,22,12,14,32,41.03,19,185,126,297,131.6,8,0,431,8,0,0
Issa Doumbia,1141754,Venezia,2688,italy,2425,944,24,10,6.58,0,0,0,1.07,0.19,2,0,0.0,62,3,21.43,122,80,202,78.6,18,46.15,21,0,0,0,45,0,2,5,0,12,24,0,0,18,10,69,0,1,18,0,0.0,0,16,16,0,0,0,,37,43.53,0,0,0,55,9,3,0,0,,0,0,0,0,0.0,0,0,0,0,117,5,0,0,0,0,0,0,0,0,0,0.0,0.0,0,10,6,6,5,11,78.57,0,14,8,57.14,3,7,14,10,55,44.35,14,172,95,257,157.9,16,0,445,12,0,0
Loum Tchaouna,1004505,Lazio,2699,italy,2425,653,24,6,6.58,1,0,1,2.49,0.74,6,7,21.88,63,4,36.36,114,54,161,76.3,5,15.63,27,0,0,0,18,1,7,3,0,13,23,0,0,6,6,53,1,1,10,0,4.35,0,10,10,0,1,0,,20,43.48,0,0,1,50,4,11,0,0,,0,1,0,0,0.0,0,0,0,0,114,3,0,1,1,0,0,0,0,0,0,653.0,0.0,0,15,8,12,8,5,50.0,0,8,4,50.0,10,14,10,32,25,32.05,11,177,66,211,151.3,23,0,362,7,2,1
Flavius Daniliuc,901885,Hellas Verona,2701,italy,2425,1004,18,9,6.58,0,0,0,0.15,0.14,8,1,16.67,49,14,35.0,146,187,332,84.05,19,52.78,17,0,0,0,44,0,0,0,1,26,18,0,0,4,9,45,0,0,12,0,0.0,0,24,20,4,0,0,,31,52.54,0,0,1,63,7,2,0,0,,0,0,0,0,0.0,0,0,0,0,87,1,0,0,0,0,0,0,0,0,0,0.0,0.0,0,3,1,2,2,4,57.14,0,26,21,80.77,2,23,7,6,50,52.63,40,194,207,395,118.4,4,0,561,2,0,0
James Abankwah,1127232,Udinese,2695,italy,2425,89,6,0,6.58,0,0,0,0.06,0.0,2,0,0.0,4,1,14.29,11,25,36,78.26,2,50.0,2,0,0,0,7,0,0,0,0,3,4,0,0,3,1,10,0,0,4,0,0.0,0,0,0,0,0,0,,7,46.67,0,0,0,10,1,0,0,0,,0,0,0,0,0.0,0,0,0,0,14,0,0,0,0,0,0,0,0,0,0,0.0,0.0,0,1,0,1,0,0,0.0,0,4,2,50.0,0,4,0,0,9,47.37,7,18,28,46,26.3,1,0,69,3,1,0
Mathis Lambourde,1426235,Hellas Verona,2701,italy,2425,104,7,0,6.57,1,0,1,0.15,0.12,0,1,100.0,3,0,0.0,6,7,12,57.14,2,33.33,4,0,0,0,3,0,0,0,0,1,7,0,0,6,2,18,0,0,4,0,50.0,0,3,3,0,1,0,,5,26.32,0,0,0,9,0,1,1,0,,0,0,0,0,0.0,0,0,0,0,21,0,0,0,0,0,0,0,0,0,0,104.0,0.0,0,1,1,1,1,1,33.33,0,3,1,33.33,1,0,3,1,7,28.0,0,13,9,21,46.0,2,0,47,1,1,0
Giovanni Fabbian,1067204,Bologna,2685,italy,2425,1023,30,9,6.57,3,1,4,2.34,0.56,3,1,11.11,50,3,33.33,88,60,147,75.38,19,34.55,36,0,0,0,31,2,3,7,0,4,30,0,0,18,6,88,0,0,21,0,14.29,0,18,16,2,3,0,,34,39.53,1,0,0,48,2,9,0,1,,0,0,0,0,0.0,0,0,0,0,117,6,0,0,2,0,0,0,0,0,0,341.0,0.0,0,19,2,9,5,2,18.18,0,10,6,60.0,9,10,11,9,53,37.59,9,140,64,195,197.1,21,0,368,22,2,0
Faride Alidou,994197,Hellas Verona,2701,italy,2425,68,3,0,6.57,0,0,0,0.01,0.02,0,1,33.33,6,0,0.0,13,3,15,88.24,1,100.0,0,0,0,0,0,0,0,0,0,2,3,0,0,1,0,4,0,1,1,0,0.0,0,0,0,0,0,0,,2,33.33,0,0,0,2,1,1,0,0,,0,0,0,0,0.0,0,0,0,0,9,0,0,0,0,0,0,0,0,0,0,0.0,0.0,0,0,1,1,0,2,50.0,0,0,0,0.0,1,0,4,3,3,42.86,0,15,5,17,19.7,1,0,35,0,0,0
Dani Silva,974863,Hellas Verona,2701,italy,2425,425,11,4,6.56,0,0,0,0.05,0.1,4,0,0.0,28,6,54.55,90,104,194,85.46,7,63.64,4,0,0,0,36,0,0,1,0,7,11,0,0,6,3,16,0,0,4,0,0.0,0,12,9,3,0,0,,9,42.86,0,0,0,33,6,3,0,0,,0,0,0,0,0.0,0,0,0,0,51,1,0,0,0,0,0,0,0,0,0,0.0,0.0,0,0,2,0,1,1,100.0,0,4,0,0.0,3,9,1,8,16,50.0,11,119,116,227,72.2,2,0,279,4,1,0
Mateusz Wieteska,286087,Cagliari,2719,italy,2425,182,5,1,6.56,0,0,0,0.21,0.16,4,0,0.0,4,6,50.0,22,60,82,86.32,2,22.22,7,0,0,0,11,0,1,0,1,5,5,0,0,0,0,10,0,0,4,0,0.0,0,3,3,0,0,0,,1,25.0,0,0,0,13,7,1,0,0,,0,0,0,1,0.0,0,0,0,0,14,0,0,0,0,0,0,0,0,0,0,0.0,0.0,0,1,0,1,0,0,0.0,0,1,0,0.0,1,7,0,0,3,23.08,12,32,63,95,32.8,1,0,118,0,1,0
Mario Balotelli,25530,Genoa,2713,italy,2425,67,6,0,6.56,0,0,0,0.05,0.0,2,0,0.0,1,1,100.0,3,1,4,36.36,2,50.0,2,0,0,0,1,0,0,2,0,1,5,0,0,0,0,4,0,0,2,0,0.0,0,0,0,0,0,0,,2,50.0,0,0,1,7,0,0,0,0,,0,0,0,0,0.0,0,0,0,0,12,0,0,0,0,0,0,0,0,0,0,0.0,0.0,1,0,2,0,0,0,0.0,0,0,0,0.0,0,3,0,3,4,50.0,1,13,1,11,32.8,2,0,25,2,2,0
Silvère Ganvoula,787448,Monza,2729,italy,2425,325,7,4,6.56,0,0,0,0.31,0.03,2,0,0.0,9,2,100.0,23,14,37,61.67,16,57.14,12,0,0,0,6,0,0,0,0,5,7,0,0,8,1,28,0,0,4,0,0.0,0,10,9,1,0,0,,9,36.0,0,0,0,23,1,1,0,1,,0,0,0,0,0.0,0,0,0,0,56,2,0,0,0,0,0,0,0,0,0,0.0,0.0,0,4,0,3,1,2,28.57,0,0,0,0.0,1,3,7,0,25,47.17,2,39,21,60,45.9,4,0,120,8,0,0
Dailon Rocha Livramento,1155358,Hellas Verona,2701,italy,2425,953,29,8,6.55,1,1,2,1.81,0.87,2,1,5.56,56,3,50.0,78,19,96,59.63,33,38.37,53,0,0,0,21,1,4,2,0,7,28,0,1,12,6,107,0,0,21,0,7.69,0,22,16,6,1,0,,26,32.5,0,0,0,65,3,8,0,8,,0,0,0,0,0.0,0,0,0,0,145,2,0,1,1,0,0,0,0,0,0,953.0,0.0,0,12,1,7,4,6,26.09,0,15,11,73.33,8,5,23,18,59,35.54,6,154,25,161,183.5,13,0,329,6,2,0
Oliver Provstgaard,1160559,Lazio,2699,italy,2425,33,2,0,6.55,0,0,0,,0.0,0,0,0.0,3,1,100.0,6,9,15,88.24,0,0.0,2,0,0,0,1,0,0,0,0,2,2,0,0,0,0,4,0,0,2,0,0.0,2,0,0,0,0,0,,0,0.0,0,0,0,2,1,0,0,1,,0,0,0,0,0.0,0,0,0,0,2,0,0,0,0,0,0,0,0,0,0,0.0,0.0,0,0,0,0,0,0,0.0,0,0,0,0.0,0,0,0,0,0,0.0,1,7,10,17,13.1,0,0,24,0,1,0
Wylan Cyprien,308054,Parma,2690,italy,2425,26,2,0,6.55,0,0,0,0.2,0.16,1,0,0.0,7,2,50.0,8,6,14,70.0,0,0.0,0,0,0,0,6,0,1,0,0,0,2,0,0,0,1,1,0,0,0,0,0.0,0,0,0,0,0,0,,0,0.0,0,0,0,6,1,0,0,0,,0,0,0,0,0.0,0,0,0,0,7,0,0,0,0,0,0,0,0,0,0,0.0,0.0,0,1,0,1,0,0,0.0,0,0,0,0.0,0,1,0,0,0,0.0,4,13,7,20,13.1,1,0,28,0,0,0
Valentin Gendrey,944899,Lecce,2689,italy,2425,180,2,2,6.55,0,0,0,0.18,0.05,2,1,33.33,7,0,0.0,18,15,32,84.21,1,20.0,4,0,0,0,3,0,1,0,0,1,2,0,0,0,0,4,0,0,1,0,0.0,0,6,6,0,0,0,,4,100.0,0,0,0,6,2,2,0,0,,0,0,0,0,0.0,0,0,0,0,14,0,0,0,0,0,0,0,0,0,0,0.0,0.0,0,2,0,2,0,0,0.0,0,2,2,100.0,2,3,0,3,5,55.56,0,25,16,38,13.1,2,0,71,2,0,0
Joel Schingtienne,1388438,Venezia,2688,italy,2425,1121,16,12,6.55,0,0,0,,0.14,2,0,0.0,49,10,38.46,135,253,388,86.22,4,22.22,14,0,0,0,49,0,0,0,1,25,15,0,0,5,7,36,0,5,7,0,0.0,4,20,19,1,0,0,,33,60.0,0,0,0,62,14,3,0,0,,0,0,0,1,0.0,0,0,0,0,92,4,0,0,0,0,0,0,0,0,0,0.0,0.0,0,0,0,0,0,5,55.56,0,27,16,59.26,3,11,9,0,37,50.68,26,175,275,450,98.2,0,0,630,1,2,0
Daniel Oyegoke,998830,Hellas Verona,2701,italy,2425,110,5,0,6.54,0,0,0,0.03,0.01,0,0,0.0,8,1,33.33,14,8,22,81.48,0,0.0,2,0,0,0,5,0,0,1,0,6,5,0,0,2,0,7,0,0,2,0,0.0,0,2,2,0,0,0,,4,44.44,0,0,0,5,1,0,0,0,,0,0,0,0,0.0,0,0,0,0,19,1,0,0,0,0,0,0,0,0,0,0.0,0.0,0,0,1,0,0,2,66.67,0,2,2,100.0,0,2,3,4,4,36.36,3,21,10,27,32.7,1,0,68,0,1,0
Jean Onana,978301,Genoa,2713,italy,2425,298,9,2,6.54,0,0,0,0.02,0.06,5,0,0.0,20,8,47.06,49,59,108,81.2,6,37.5,10,0,0,0,13,0,0,1,0,7,8,0,0,7,4,34,0,1,12,0,0.0,0,4,4,0,0,0,,16,40.0,0,0,0,25,4,2,0,0,,0,0,0,0,0.0,0,0,0,0,41,1,0,0,0,0,0,0,0,0,0,0.0,0.0,0,0,1,0,0,2,66.67,0,12,6,50.0,2,7,3,1,22,39.29,17,66,68,133,52.3,1,0,196,2,1,0
Andrea Petagna,295973,Monza,2729,italy,2425,333,13,2,6.54,0,0,0,0.17,0.09,3,0,0.0,10,4,66.67,24,21,45,65.22,7,29.17,17,0,0,0,7,0,0,3,1,1,11,0,0,4,1,29,0,0,6,0,0.0,0,6,6,0,0,0,,8,40.0,0,0,0,24,1,1,0,4,,0,0,0,0,0.0,0,0,0,0,41,0,0,0,0,0,0,0,0,0,0,0.0,0.0,0,3,1,1,0,2,50.0,0,2,1,50.0,1,6,4,1,15,34.09,6,40,30,69,71.9,4,0,111,4,1,0
Yann Karamoh,802149,Torino,2696,italy,2425,1058,29,10,6.54,0,1,1,1.23,1.0,3,2,8.7,72,3,33.33,120,66,184,72.73,5,35.71,9,0,0,0,42,2,4,9,0,5,28,0,0,26,5,72,0,0,12,0,0.0,0,14,13,1,0,0,,31,32.98,0,0,1,69,3,9,0,4,,0,0,0,0,0.0,0,0,0,0,173,2,0,0,0,0,0,0,0,0,0,0.0,0.0,0,18,7,10,6,12,35.29,0,5,2,40.0,9,12,34,23,36,33.33,9,199,77,253,183.0,25,0,461,14,2,0
Tajon Buchanan,973290,Inter,2697,italy,2425,94,6,0,6.53,0,0,0,,0.06,0,0,0.0,6,0,0.0,17,18,35,87.5,1,100.0,0,0,0,0,6,0,0,0,0,2,6,0,0,2,1,9,0,0,2,0,0.0,0,1,1,0,0,0,,10,52.63,0,0,0,5,0,1,0,0,,0,0,0,0,0.0,0,0,0,0,17,1,0,0,0,0,0,0,0,0,0,0.0,0.0,0,0,0,0,0,3,42.86,0,3,0,0.0,1,0,7,3,11,55.0,1,25,18,40,39.2,0,0,72,4,0,0
Kingstone Mutandwa,1471569,Cagliari,2719,italy,2425,127,6,0,6.53,0,0,0,0.35,0.01,0,0,0.0,5,0,0.0,9,10,19,73.08,3,42.86,4,0,0,0,6,0,0,1,0,0,6,0,0,0,0,11,0,0,7,0,0.0,0,3,3,0,0,0,,2,22.22,0,0,0,7,0,0,0,0,,0,0,0,0,0.0,0,0,0,0,18,1,0,0,0,0,0,0,0,0,0,0.0,0.0,0,2,2,3,0,1,33.33,0,0,0,0.0,0,1,3,1,5,31.25,0,15,12,26,39.2,4,0,46,1,0,0
Richie Sagrado,1198069,Venezia,2688,italy,2425,143,3,3,6.53,0,0,0,0.05,0.01,0,0,0.0,7,0,0.0,13,9,22,81.48,2,100.0,0,0,0,0,6,0,0,0,0,4,3,0,0,0,0,2,0,0,2,0,0.0,0,5,5,0,0,0,,4,66.67,0,0,0,5,3,0,0,0,,0,0,0,0,0.0,0,0,0,0,10,0,0,0,0,0,0,0,0,0,0,0.0,0.0,0,0,1,1,0,0,0.0,0,2,2,100.0,0,1,0,0,6,75.0,2,16,11,27,19.6,1,0,48,2,1,0
Alessio Iovine,350882,Como,2704,italy,2425,393,10,3,6.53,0,0,0,0.02,0.2,3,4,23.53,19,13,40.63,50,82,128,76.65,3,30.0,7,0,0,0,16,0,0,0,0,19,10,0,0,0,6,17,1,0,5,0,0.0,0,7,6,1,0,0,,11,52.38,0,0,0,39,3,3,0,0,,0,0,0,0,0.0,0,0,0,0,57,1,0,0,0,0,0,0,0,0,0,0.0,0.0,0,0,1,1,0,1,100.0,0,5,2,40.0,3,16,1,17,14,45.16,32,89,95,167,65.3,1,0,275,6,2,0
Brooke Norton-Cuffy,1087514,Genoa,2713,italy,2425,721,14,8,6.52,0,0,0,0.26,0.13,4,1,8.33,29,7,50.0,75,101,175,79.91,12,42.86,16,0,0,0,26,0,0,3,0,8,13,0,0,9,2,45,0,0,7,0,0.0,0,15,12,3,0,0,,22,43.14,0,0,0,44,3,2,0,0,,0,0,0,0,0.0,0,0,0,0,100,3,0,0,0,0,0,0,0,0,0,0.0,0.0,0,3,2,0,2,7,38.89,0,12,7,58.33,2,9,18,12,34,43.04,14,110,121,219,84.8,5,0,362,3,0,0
Adrian Benedyczak,928295,Parma,2690,italy,2425,213,9,2,6.52,0,0,0,0.25,0.03,3,0,0.0,10,4,57.14,24,11,35,68.63,9,42.86,12,0,0,0,3,0,0,1,0,8,9,0,0,3,1,22,0,0,4,0,0.0,0,7,7,0,0,0,,5,33.33,0,0,0,16,0,2,0,1,,0,0,0,0,0.0,0,0,0,0,28,1,0,0,0,0,0,0,0,0,0,0.0,0.0,0,2,1,2,0,0,0.0,0,0,0,0.0,2,4,2,1,14,38.89,7,37,15,51,58.7,3,0,86,5,0,0
Antonio Candela,862464,Venezia,2688,italy,2425,1011,14,12,6.52,0,1,1,0.35,0.53,12,6,27.27,57,7,29.17,120,144,258,77.95,14,51.85,13,0,0,0,38,2,0,1,2,19,14,0,0,10,8,49,2,0,14,0,0.0,0,23,20,3,0,0,,41,53.25,0,0,0,73,8,9,0,0,,1,0,0,2,0.0,0,0,0,0,136,2,0,0,0,0,0,0,0,0,0,0.0,0.0,0,3,2,4,0,6,54.55,0,31,21,67.74,9,28,11,22,55,52.88,24,181,172,331,91.3,5,0,532,4,2,0
Marcus Pedersen,934409,Torino,2696,italy,2425,1377,29,15,6.52,0,0,0,0.54,0.37,6,11,19.64,70,15,51.72,157,140,286,77.93,6,24.0,19,0,0,0,43,0,2,2,0,25,28,0,0,12,6,69,0,1,16,0,0.0,0,18,18,0,0,0,,25,33.33,0,0,1,81,13,7,0,4,,0,0,0,1,0.0,0,0,0,0,197,1,0,0,0,0,0,0,0,0,0,0.0,0.0,0,6,2,3,3,7,28.0,0,13,8,61.54,7,24,25,56,31,31.0,29,257,166,367,182.6,8,0,686,5,3,0
Samuele Vignato,1119364,Monza,2729,italy,2425,467,17,3,6.52,0,0,0,0.26,0.24,3,0,0.0,48,3,37.5,78,47,125,82.24,5,26.32,14,0,0,0,12,0,0,0,0,5,15,0,0,10,4,39,0,0,3,0,0.0,0,8,8,0,0,0,,13,34.21,0,0,0,27,0,1,0,1,,0,0,0,0,0.0,0,0,0,0,68,1,0,0,0,0,0,0,0,0,0,0.0,0.0,0,4,0,3,1,4,30.77,0,6,3,50.0,1,7,13,14,18,31.58,8,110,56,152,97.8,4,0,234,3,0,0
Emmanuel Ekong,1000015,Empoli,2705,italy,2425,188,15,0,6.52,0,0,0,0.11,0.09,0,0,0.0,14,1,50.0,21,8,29,67.44,2,22.22,7,0,0,0,10,0,0,2,0,1,13,0,0,9,0,30,0,0,3,0,0.0,0,1,1,0,0,0,,16,41.03,0,0,0,14,1,2,0,1,,0,0,0,0,0.0,0,0,0,0,43,0,0,0,0,0,0,0,0,0,0,0.0,0.0,0,1,3,1,1,7,38.89,0,4,3,75.0,2,0,18,0,18,37.5,2,33,10,43,84.7,4,0,106,5,1,0
Davide Faraoni,32040,Hellas Verona,2701,italy,2425,263,8,3,6.51,0,0,0,0.21,0.12,2,3,25.0,14,1,14.29,27,26,50,73.53,1,10.0,9,0,0,0,9,1,0,0,0,11,7,0,0,0,6,23,1,0,7,0,0.0,0,3,2,1,0,0,,11,44.0,0,0,0,18,2,2,0,2,,0,0,0,0,0.0,0,0,0,0,35,0,0,0,0,0,0,0,0,0,0,0.0,0.0,0,1,0,1,0,0,0.0,0,10,9,90.0,2,6,1,12,12,34.29,7,48,32,68,45.6,1,0,138,1,1,0
Roberto Gagliardini,287057,Monza,2729,italy,2425,176,8,0,6.51,0,0,0,,0.02,5,0,0.0,18,5,38.46,47,60,107,86.99,5,45.45,6,0,0,0,6,0,0,0,0,4,8,0,0,4,3,20,0,0,6,0,0.0,0,3,3,0,0,0,,10,41.67,0,0,0,16,2,1,0,0,,0,0,0,0,0.0,0,0,0,0,26,0,0,0,0,0,0,0,0,0,0,0.0,0.0,0,0,0,0,0,1,50.0,0,3,2,66.67,1,9,2,1,15,42.86,13,62,62,123,52.1,0,0,154,7,1,0
Antonio Raimondo,1121578,Venezia,2688,italy,2425,116,9,0,6.51,0,0,0,0.32,0.16,1,0,0.0,7,0,0.0,12,4,16,66.67,1,14.29,6,0,0,0,4,0,1,0,0,0,8,0,0,3,0,11,0,1,2,0,0.0,0,0,0,0,0,0,,3,37.5,0,0,0,8,0,1,0,1,,0,0,0,0,0.0,0,0,0,0,17,0,0,0,0,0,0,0,0,0,0,0.0,0.0,0,1,0,0,1,0,0.0,0,2,1,50.0,1,1,0,1,4,26.67,0,19,6,24,52.1,1,0,40,1,0,0
Matteo Prati,1111640,Cagliari,2719,italy,2425,579,12,8,6.51,0,0,0,0.11,0.42,13,2,40.0,36,17,29.82,89,90,177,72.54,1,12.5,7,0,0,0,24,2,0,1,0,10,11,0,0,2,8,30,0,1,8,0,0.0,0,7,6,1,0,0,,19,45.24,0,0,0,67,7,6,0,0,,0,0,0,0,0.0,0,0,0,0,83,2,0,0,0,0,0,0,0,0,0,0.0,0.0,0,0,4,3,0,3,33.33,0,10,4,40.0,6,28,9,5,20,40.0,57,140,109,244,71.6,4,0,323,6,1,0
Anass Salah-Eddine,961684,Roma,2702,italy,2425,153,3,2,6.5,0,1,1,0.32,0.07,0,1,16.67,19,1,33.33,43,28,70,86.42,0,0.0,1,0,0,0,6,0,1,1,0,2,3,0,0,1,0,7,0,2,2,0,0.0,0,0,0,0,0,0,,2,25.0,0,0,1,11,1,2,0,0,,0,0,0,0,0.0,0,0,0,0,24,0,0,0,0,0,0,0,0,0,0,0.0,0.0,0,2,0,0,1,0,0.0,0,1,1,100.0,2,3,3,6,2,22.22,3,56,31,81,19.5,2,0,120,1,0,0
Francesco Caputo,43905,Empoli,2705,italy,2425,10,1,0,6.5,0,0,0,,0.0,0,0,0.0,0,0,0.0,2,0,2,100.0,0,0.0,0,0,0,0,1,0,0,0,0,0,1,0,0,0,0,0,0,0,0,0,0.0,0,0,0,0,0,0,,0,0.0,0,0,0,0,0,0,0,0,,0,0,0,0,0.0,0,0,0,0,0,0,0,0,0,0,0,0,0,0,0,0.0,0.0,0,0,0,0,0,0,0.0,0,0,0,0.0,0,0,0,0,0,0.0,0,2,0,2,6.5,0,0,2,0,0,0
Bob Murphy Omoregbe,1175945,Milan,2692,italy,2425,9,1,0,6.5,0,0,0,,0.02,0,0,0.0,1,0,0.0,1,0,1,100.0,0,0.0,0,0,0,0,0,0,0,0,0,0,1,0,0,0,0,1,0,0,1,0,0.0,0,0,0,0,0,0,,0,0.0,0,0,0,0,0,0,0,0,,0,0,0,0,0.0,0,0,0,0,1,0,0,0,0,0,0,0,0,0,0,0.0,0.0,0,0,0,0,0,0,0.0,0,0,0,0.0,0,0,0,1,0,0.0,0,2,0,1,6.5,0,0,2,0,0,0
Federico Accornero,1121370,Genoa,2713,italy,2425,10,1,0,6.5,0,0,0,,0.0,0,0,0.0,1,0,0.0,2,2,4,80.0,0,0.0,1,0,0,0,1,0,0,0,0,0,1,0,0,0,0,1,0,0,0,0,0.0,0,0,0,0,0,0,,0,0.0,0,0,0,1,0,0,0,0,,0,0,0,0,0.0,0,0,0,0,4,0,0,0,0,0,0,0,0,0,0,0.0,0.0,0,0,0,0,0,0,0.0,0,0,0,0.0,0,1,0,1,0,0.0,0,4,2,5,6.5,0,0,8,0,0,0
Junior Ajayi,1474846,Hellas Verona,2701,italy,2425,11,2,0,6.5,0,0,0,,0.0,0,0,0.0,0,0,0.0,3,1,4,100.0,0,0.0,1,0,0,0,1,0,0,0,0,0,1,0,0,0,0,1,0,0,1,0,0.0,0,0,0,0,0,0,,1,100.0,0,0,0,0,0,0,0,0,,0,0,0,0,0.0,0,0,0,0,1,0,0,0,0,0,0,0,0,0,0,0.0,0.0,0,0,0,0,0,0,0.0,0,0,0,0.0,0,0,0,0,1,50.0,0,3,1,4,6.5,0,0,6,1,0,0
Andy Pelmard,877978,Lecce,2689,italy,2425,134,3,1,6.5,0,0,0,,0.01,0,0,0.0,3,3,60.0,8,13,21,80.77,0,0.0,1,0,0,0,4,0,0,0,0,4,3,0,0,0,0,3,0,0,2,0,0.0,0,4,4,0,0,0,,7,77.78,0,0,0,5,0,0,0,0,,0,0,0,0,0.0,0,0,0,0,7,0,0,0,0,0,0,0,0,0,0,0.0,0.0,0,0,0,0,0,1,100.0,0,6,6,100.0,0,1,1,0,7,70.0,5,11,15,26,19.5,0,0,50,0,1,0
Mattia Valoti,139397,Monza,2729,italy,2425,48,5,0,6.5,0,0,0,,0.0,0,0,0.0,1,1,33.33,4,8,12,63.16,0,0.0,1,0,0,0,3,0,0,0,0,2,4,0,0,1,2,6,0,0,2,0,0.0,0,1,0,1,0,0,,5,50.0,0,0,0,7,0,0,0,0,,0,0,0,0,0.0,0,0,0,0,8,0,0,0,0,0,0,0,0,0,0,0.0,0.0,0,0,0,0,0,0,0.0,0,3,3,100.0,0,2,0,0,5,45.45,3,8,11,19,26.0,0,0,29,2,1,0
Emil Audero,318603,Como,2704,italy,2425,720,8,8,6.5,0,0,0,,0.01,4,0,0.0,2,29,40.85,10,169,179,80.27,2,66.67,1,0,0,0,49,0,0,0,0,4,8,0,0,0,1,2,1,0,0,0,0.0,21,18,16,2,0,0,-5.19,1,50.0,0,4,0,44,0,0,0,0,,0,0,0,0,0.0,4,0,0,0,44,0,0,0,0,2,10,6,17,0,5,0.0,0.0,0,0,0,0,0,0,0.0,2,0,0,0.0,0,7,0,0,3,60.0,71,43,180,223,52.0,0,0,280,1,0,0
Mathias Løvik,1133715,Parma,2690,italy,2425,105,6,0,6.5,0,0,0,0.1,0.01,0,0,0.0,6,3,60.0,11,23,34,80.95,2,50.0,2,0,0,0,2,0,0,1,0,3,6,0,0,1,2,8,0,0,2,0,0.0,0,2,2,0,0,0,,3,33.33,0,0,0,8,2,1,0,0,,0,0,0,0,0.0,0,0,0,0,23,0,0,0,0,0,0,0,0,0,0,0.0,0.0,0,1,0,0,0,2,50.0,0,1,0,0.0,1,1,4,3,5,38.46,5,19,26,42,39.0,1,0,74,0,0,0
Nicholas Pierini,829581,Venezia,2688,italy,2425,82,2,0,6.5,0,0,0,0.03,0.1,0,1,33.33,4,0,0.0,10,5,14,82.35,1,25.0,3,0,0,0,2,0,0,1,0,0,2,0,0,3,1,9,0,0,1,0,0.0,0,1,1,0,0,0,,2,25.0,0,0,0,3,0,2,0,0,,0,0,0,0,0.0,0,0,0,0,11,0,0,0,0,0,0,0,0,0,0,0.0,0.0,1,0,1,0,0,0,0.0,0,0,0,0.0,2,0,1,3,3,25.0,0,14,6,17,13.0,1,0,32,2,0,0
Paweł Dawidowicz,288321,Hellas Verona,2701,italy,2425,1853,26,24,6.5,0,0,0,0.3,0.17,22,0,0.0,73,37,36.63,223,411,634,83.42,33,52.38,30,0,0,0,54,0,0,0,6,70,26,0,1,3,9,75,1,1,36,0,0.0,0,30,27,3,0,0,,58,56.31,0,0,0,126,20,0,0,0,,0,0,0,1,0.0,0,0,0,0,156,1,0,1,0,0,0,0,0,0,0,0.0,0.0,0,3,1,4,0,2,66.67,0,45,24,53.33,0,46,3,1,91,54.82,101,324,437,760,168.9,4,0,1009,11,7,0
Souleymane Isaak Touré,1012650,Udinese,2695,italy,2425,736,12,11,6.49,1,0,1,0.38,0.23,7,1,16.67,51,25,69.44,154,319,472,92.55,7,53.85,6,0,0,0,23,0,0,1,2,14,11,0,2,0,1,25,0,1,15,0,25.0,10,11,10,1,1,0,,18,48.65,0,0,0,38,9,2,1,1,,1,0,0,0,0.0,0,0,0,0,54,1,0,2,0,0,0,0,0,0,0,736.0,0.0,0,4,0,1,2,5,55.56,0,7,6,85.71,2,15,9,6,25,50.0,36,184,332,510,71.4,4,0,603,6,2,0
Mario Hermoso,353130,Roma,2702,italy,2425,255,8,2,6.49,0,0,0,0.06,0.05,5,1,33.33,26,8,72.73,55,121,175,90.67,3,37.5,5,0,0,0,11,0,0,1,0,13,8,0,0,1,1,15,0,0,7,0,0.0,5,7,7,0,0,0,,5,33.33,0,0,0,18,4,0,0,0,,0,0,0,0,0.0,0,0,0,0,22,1,0,1,0,0,0,0,0,0,0,0.0,0.0,0,1,0,0,0,2,66.67,0,2,1,50.0,0,8,3,3,8,34.78,11,64,132,193,51.9,1,0,234,1,0,1
Szymon Żurkowski,860435,Empoli,2705,italy,2425,105,5,0,6.48,0,0,0,0.1,0.02,1,0,0.0,3,0,0.0,12,15,27,81.82,0,0.0,0,0,0,0,10,0,0,0,0,2,5,0,0,4,0,8,0,0,2,0,0.0,0,8,6,2,0,0,,9,52.94,0,0,0,6,1,0,0,0,,0,0,0,0,0.0,0,0,0,0,17,1,0,0,0,0,0,0,0,0,0,0.0,0.0,0,2,0,2,0,2,50.0,0,6,4,66.67,0,1,4,0,9,52.94,1,17,16,33,32.4,2,0,65,1,0,0
Ali Dembélé,1397347,Torino,2696,italy,2425,402,15,4,6.48,1,0,1,0.35,0.08,1,1,14.29,23,4,33.33,59,47,105,78.36,5,29.41,12,0,0,0,15,0,0,1,0,11,14,0,0,5,0,27,0,1,9,0,20.0,0,8,6,2,1,0,,18,54.55,0,0,0,29,1,3,1,0,,0,0,0,1,0.0,0,0,0,0,61,2,0,1,0,0,0,0,0,0,0,402.0,0.0,0,5,0,2,2,2,40.0,0,9,5,55.56,3,3,5,7,23,46.0,12,84,57,134,90.7,5,0,236,7,1,1
Marco Sala,927312,Lecce,2689,italy,2425,338,10,3,6.48,0,0,0,,0.28,1,2,11.76,30,4,23.53,73,54,125,78.62,1,20.0,4,0,0,0,12,1,0,0,0,8,9,0,0,1,4,14,0,0,6,0,0.0,0,8,4,4,0,0,,13,56.52,0,0,0,34,1,2,0,0,,0,0,0,0,0.0,0,0,0,0,53,1,0,0,0,0,0,0,0,0,0,0.0,0.0,0,0,0,0,0,1,100.0,0,10,6,60.0,2,6,1,17,14,50.0,17,108,68,159,58.3,0,0,231,2,3,0
David Ankeye,1457821,Genoa,2713,italy,2425,48,4,0,6.48,0,0,0,,0.02,0,0,0.0,1,0,0.0,5,1,6,85.71,0,0.0,1,0,0,0,0,0,0,0,0,1,4,0,0,2,1,7,0,0,3,0,0.0,0,1,1,0,0,0,,2,25.0,0,0,0,1,0,0,0,0,,0,0,0,0,0.0,0,0,0,0,3,0,0,0,0,0,0,0,0,0,0,0.0,0.0,0,0,0,0,0,1,100.0,0,0,0,0.0,0,0,1,0,2,22.22,0,6,1,7,25.9,0,0,13,1,0,0
Ben Lhassine Kone,915280,Como,2704,italy,2425,53,4,0,6.48,0,0,0,0.02,0.04,0,0,0.0,5,0,0.0,10,13,23,95.83,0,0.0,1,0,0,0,7,0,0,0,0,1,4,0,0,5,1,8,0,0,1,0,0.0,0,1,1,0,0,0,,4,36.36,0,0,0,1,1,0,0,0,,0,0,0,0,0.0,0,0,0,0,11,2,0,0,0,0,0,0,0,0,0,0.0,0.0,0,0,1,1,0,1,100.0,0,2,2,100.0,0,0,1,0,4,33.33,0,11,13,24,25.9,1,0,43,1,1,0
Filippo Melegoni,795056,Genoa,2713,italy,2425,87,3,1,6.47,0,1,1,0.04,0.24,0,0,0.0,2,0,0.0,3,4,7,58.33,1,100.0,0,0,0,0,2,1,0,1,0,2,3,0,0,1,4,6,0,0,0,0,0.0,0,5,4,1,0,0,,3,33.33,0,0,0,5,0,1,0,0,,0,0,0,0,0.0,0,0,0,0,12,1,0,0,0,0,0,0,0,0,0,0.0,0.0,0,0,1,0,0,1,50.0,0,1,1,100.0,1,0,2,2,4,40.0,0,6,8,12,19.4,1,0,29,1,0,0
Saad El Haddad,1887618,Venezia,2688,italy,2425,33,3,0,6.47,0,0,0,,0.01,0,0,0.0,2,0,0.0,4,6,10,76.92,0,0.0,1,0,0,0,1,0,0,0,0,0,3,0,0,2,0,4,0,0,1,0,0.0,0,1,1,0,0,0,,1,25.0,0,0,0,3,0,1,0,0,,0,0,0,0,0.0,0,0,0,0,9,0,0,0,0,0,0,0,0,0,0,0.0,0.0,0,0,0,0,0,0,0.0,0,0,0,0.0,1,0,0,0,1,20.0,0,7,6,13,19.4,0,0,24,1,0,0
Yordan Osorio,789958,Parma,2690,italy,2425,172,3,2,6.47,0,0,0,0.01,0.11,1,0,0.0,4,4,36.36,22,81,103,88.03,2,66.67,1,0,0,0,6,0,0,0,0,6,3,0,0,0,0,6,0,1,5,0,0.0,1,7,5,2,0,0,,7,58.33,0,0,0,14,4,1,0,0,,0,0,0,0,0.0,0,0,0,0,16,0,0,0,0,0,0,0,0,0,0,0.0,0.0,0,0,1,1,0,0,0.0,0,5,3,60.0,1,3,0,0,9,60.0,11,31,86,117,19.4,1,0,143,2,0,0
Damián Pizarro,1177565,Udinese,2695,italy,2425,24,2,0,6.45,0,0,0,,0.0,0,0,0.0,0,0,0.0,0,2,2,66.67,0,0.0,1,0,0,0,0,0,0,0,0,0,2,0,0,0,0,1,0,0,0,0,0.0,0,1,1,0,0,0,,0,0.0,0,0,0,1,0,0,0,0,,0,0,0,0,0.0,0,0,0,0,1,0,0,0,0,0,0,0,0,0,0,0.0,0.0,0,0,0,0,0,0,0.0,0,0,0,0.0,0,0,0,0,0,0.0,0,1,2,3,12.9,0,0,3,0,0,0
Davide Bartesaghi,1390489,Milan,2692,italy,2425,123,4,1,6.45,0,0,0,0.01,0.21,2,3,30.0,14,1,50.0,39,22,58,95.08,1,100.0,0,0,0,0,2,0,0,0,0,1,4,0,1,1,0,4,0,0,1,0,0.0,0,1,1,0,0,0,,4,50.0,0,0,0,3,3,2,0,1,,0,0,0,0,0.0,0,0,0,0,14,0,0,1,0,0,0,0,0,0,0,0.0,0.0,0,0,1,0,1,0,0.0,0,4,2,50.0,2,2,2,10,5,55.56,2,48,23,61,25.8,1,0,91,0,0,0
Kevin Bonifazi,365992,Lecce,2689,italy,2425,67,3,0,6.43,0,0,0,,0.0,0,0,0.0,2,0,0.0,10,27,37,88.1,1,50.0,1,0,0,0,7,0,0,0,0,3,3,0,0,0,0,2,0,0,0,0,0.0,1,4,4,0,0,0,,2,66.67,0,0,0,5,2,0,0,0,,0,0,0,0,0.0,0,0,0,0,8,0,0,0,0,0,0,0,0,0,0,0.0,0.0,0,0,0,0,0,1,50.0,0,1,1,100.0,0,3,2,0,3,60.0,3,13,29,42,19.3,0,0,55,0,0,0
Rareș Burnete,1136325,Lecce,2689,italy,2425,35,4,0,6.43,0,0,0,0.08,0.0,0,0,0.0,0,0,0.0,4,3,7,63.64,0,0.0,1,0,0,0,3,0,0,1,0,0,3,0,0,4,1,9,0,0,2,0,0.0,0,2,2,0,0,0,,3,27.27,0,0,0,4,0,0,0,0,,0,0,0,0,0.0,0,0,0,0,15,3,0,0,0,0,0,0,0,0,0,0.0,0.0,0,1,0,0,0,1,50.0,0,0,0,0.0,0,0,2,0,3,25.0,1,8,3,11,19.3,1,0,28,2,0,0
Petar Stojanović,227082,Empoli,2705,italy,2425,9,1,0,6.4,0,0,0,,0.0,0,0,0.0,0,0,0.0,0,1,1,33.33,0,0.0,0,0,0,0,1,0,0,0,0,0,1,0,0,0,0,0,0,0,0,0,0.0,0,0,0,0,0,0,,0,0.0,0,0,0,2,0,0,0,0,,0,0,0,0,0.0,0,0,0,0,2,0,0,0,0,0,0,0,0,0,0,0.0,0.0,0,0,0,0,0,0,0.0,0,0,0,0.0,0,0,0,0,0,0.0,2,1,2,3,6.4,0,0,3,0,0,0
Diego Pugno,1533725,Juventus,2687,italy,2425,10,1,0,6.4,0,0,0,,0.0,0,0,0.0,1,0,0.0,1,1,2,100.0,0,0.0,2,0,0,0,1,0,0,0,0,0,1,0,0,0,0,3,0,0,0,0,0.0,0,1,1,0,0,0,,0,0.0,0,0,0,0,0,1,0,0,,0,0,0,0,0.0,0,0,0,0,1,0,0,0,0,0,0,0,0,0,0,0.0,0.0,0,0,0,0,0,0,0.0,0,0,0,0.0,1,0,1,0,0,0.0,0,1,1,2,6.4,0,0,4,0,0,0
Ali Jasim,1066729,Como,2704,italy,2425,9,2,0,6.4,0,0,0,,0.0,0,0,0.0,2,0,0.0,3,4,7,87.5,1,100.0,0,0,0,0,1,0,0,0,0,0,1,0,0,0,0,1,0,0,1,0,0.0,0,1,1,0,0,0,,1,50.0,0,0,0,1,0,0,0,0,,0,0,0,0,0.0,0,0,0,0,2,0,0,0,0,0,0,0,0,0,0,0.0,0.0,0,0,0,0,0,0,0.0,0,1,0,0.0,0,0,0,1,2,66.67,1,4,5,8,6.4,0,0,11,0,0,0
Samuel Dahl,993101,Roma,2702,italy,2425,41,2,0,6.4,0,0,0,,0.05,0,0,0.0,11,0,0.0,20,3,23,88.46,0,0.0,1,0,0,0,1,0,0,0,0,0,2,0,0,0,1,5,0,0,2,0,0.0,0,2,2,0,0,0,,2,33.33,0,0,0,3,0,0,0,0,,0,0,0,0,0.0,0,0,0,0,7,0,0,0,0,0,0,0,0,0,0,0.0,0.0,0,0,0,0,0,0,0.0,0,2,2,100.0,0,0,1,1,2,28.57,1,23,4,26,12.8,0,0,39,0,0,0
Stefan Leković,1146225,Monza,2729,italy,2425,364,7,3,6.39,0,0,0,0.12,0.03,4,0,0.0,22,7,50.0,53,107,160,86.02,7,53.85,6,0,0,0,18,0,0,1,0,4,7,0,0,0,8,20,0,0,5,0,0.0,0,15,14,1,0,0,,13,48.15,0,0,0,26,7,0,0,0,,1,0,0,0,0.0,0,0,0,0,30,1,0,0,0,0,0,0,0,0,0,0.0,0.0,0,2,1,2,0,2,66.67,0,9,4,44.44,0,13,3,0,20,50.0,14,65,121,186,44.7,3,0,233,3,0,0
Jonas Rouhi,1087749,Juventus,2687,italy,2425,208,5,1,6.36,0,0,0,,0.02,2,0,0.0,16,2,18.18,51,57,108,78.83,0,0.0,4,0,0,0,15,0,0,0,0,1,5,0,0,5,1,17,0,0,4,0,0.0,0,3,3,0,0,0,,8,38.1,0,0,0,29,3,0,0,0,,0,0,0,0,0.0,0,0,0,0,48,0,0,0,0,0,0,0,0,0,0,0.0,0.0,0,0,0,0,0,2,40.0,0,4,1,25.0,0,10,5,3,8,32.0,11,69,71,137,31.8,0,0,201,2,0,0
Alberto Cerri,187121,Como,2704,italy,2425,86,5,0,6.33,0,0,0,1.01,0.06,1,0,0.0,6,1,100.0,9,6,15,65.22,4,50.0,4,0,0,0,3,0,3,0,0,1,4,0,0,3,0,10,0,0,3,0,0.0,0,4,3,1,0,0,,1,14.29,0,0,0,8,0,0,0,2,,0,0,0,0,0.0,0,0,0,0,13,0,0,0,0,0,0,0,0,0,0,0.0,0.0,0,4,0,3,1,0,0.0,0,0,0,0.0,0,1,0,0,5,33.33,1,17,6,23,25.3,4,0,39,1,0,0
Jacopo Seghetti,1397725,Empoli,2705,italy,2425,90,1,1,6.3,0,0,0,,0.0,1,0,0.0,0,4,40.0,2,7,9,56.25,0,0.0,0,0,0,0,5,0,0,0,0,0,1,0,0,0,0,0,0,0,0,0,0.0,5,3,3,0,0,0,-1.09,0,0.0,0,0,0,7,0,0,0,0,,0,0,0,0,0.0,0,0,0,0,8,0,0,0,0,1,1,2,3,0,1,0.0,0.0,0,0,0,0,0,0,0.0,1,0,0,0.0,0,1,0,0,0,0.0,10,7,9,16,6.3,0,0,25,0,0,0
Maat Daniel Caprini,1477340,Fiorentina,2693,italy,2425,15,2,0,6.3,0,0,0,,0.0,0,0,0.0,2,0,0.0,3,2,5,83.33,0,0.0,2,0,0,0,2,0,0,0,0,0,1,0,0,1,0,4,0,0,0,0,0.0,0,1,1,0,0,0,,0,0.0,0,0,0,1,0,0,0,1,,0,0,0,0,0.0,0,0,0,0,6,0,0,0,0,0,0,0,0,0,0,0.0,0.0,0,0,0,0,0,0,0.0,0,0,0,0.0,0,0,1,0,0,0.0,0,4,2,6,6.3,0,0,13,0,0,0
Thomas Campaniello,1825909,Empoli,2705,italy,2425,28,3,0,6.3,0,0,0,0.64,0.0,1,0,0.0,3,0,0.0,7,2,9,64.29,1,25.0,3,0,0,0,0,0,1,0,0,0,2,0,0,0,2,5,0,0,0,0,0.0,0,1,0,1,0,0,,1,33.33,0,0,0,5,0,0,0,0,,0,0,0,0,0.0,0,0,0,0,6,0,0,0,0,0,0,0,0,0,0,0.0,0.0,0,1,0,1,0,0,0.0,0,0,0,0.0,0,1,0,0,2,28.57,0,10,4,14,12.6,1,0,18,1,0,0
Arijon Ibrahimović,1142248,Lazio,2699,italy,2425,11,1,0,6.3,0,0,0,0.08,0.0,0,0,0.0,1,0,0.0,2,1,3,75.0,0,0.0,0,0,0,0,0,0,0,2,0,0,1,0,0,0,0,0,0,0,0,0,0.0,0,1,1,0,0,0,,0,0.0,0,0,0,1,0,0,0,0,,0,0,0,0,0.0,0,0,0,0,1,0,0,0,0,0,0,0,0,0,0,0.0,0.0,0,0,2,0,0,0,0.0,0,0,0,0.0,0,0,0,0,0,0.0,0,2,2,4,6.3,2,0,6,0,0,0
Matthias Braunöder,962282,Como,2704,italy,2425,279,8,3,6.29,0,0,0,0.1,0.03,4,0,0.0,21,6,54.55,56,72,128,87.67,1,20.0,4,0,0,0,8,0,0,2,0,4,7,0,0,2,4,22,1,0,10,0,0.0,0,9,8,1,0,0,,16,47.06,0,0,0,18,2,0,0,0,,0,0,0,0,0.0,0,0,0,0,25,2,0,1,0,0,0,0,0,0,0,0.0,0.0,0,1,1,0,0,1,33.33,0,10,4,40.0,0,7,3,0,17,43.59,11,71,75,146,44.0,2,0,184,5,1,1
Saba Sazonov,1101751,Empoli,2705,italy,2425,11,1,0,6.2,0,0,0,,,0,0,0.0,0,0,0.0,0,0,0,0.0,0,0.0,0,0,0,0,0,0,0,0,0,0,1,0,0,0,0,0,0,0,0,0,0.0,0,2,2,0,0,0,,0,0.0,0,0,0,0,0,0,0,0,,0,0,0,0,0.0,0,0,0,0,0,0,0,0,0,0,0,0,0,0,0,0.0,0.0,0,0,0,0,0,0,0.0,0,0,0,0.0,0,0,0,0,0,0.0,0,0,0,0,6.2,0,0,1,0,0,0
Mateusz Kowalski,1216053,Parma,2690,italy,2425,57,1,1,6.2,0,0,0,0.43,0.01,0,0,0.0,4,0,0.0,6,2,8,66.67,0,0.0,3,0,0,0,0,0,1,0,0,1,1,0,0,2,0,6,0,0,1,0,0.0,0,0,0,0,0,0,,0,0.0,0,0,1,4,0,0,0,0,,0,0,0,0,0.0,0,0,0,0,8,0,0,0,0,0,0,0,0,0,0,0.0,0.0,0,1,0,1,0,0,0.0,0,0,0,0.0,0,0,0,0,0,0.0,0,9,3,12,6.2,1,0,20,0,0,0
Dele Alli,198028,Como,2704,italy,2425,10,1,0,5.7,0,0,0,,0.0,0,0,0.0,0,0,0.0,2,1,3,100.0,0,0.0,0,0,0,0,0,0,0,0,0,0,1,0,1,0,0,1,0,0,1,0,0.0,0,0,0,0,0,0,,0,0.0,0,0,0,0,0,0,0,0,,0,0,0,0,0.0,0,0,0,0,1,0,0,1,0,0,0,0,0,0,0,0.0,0.0,0,0,0,0,0,0,0.0,0,0,0,0.0,0,0,0,0,0,0.0,0,2,1,3,5.7,0,0,4,0,0,0
Sebastian Otoa,1404639,Genoa,2713,italy,2425,180,3,3,5.6,0,0,0,,0.01,2,0,0.0,1,5,71.43,6,49,55,87.3,6,66.67,3,0,0,0,5,0,0,0,0,14,3,0,1,1,1,10,0,0,5,0,0.0,0,3,3,0,0,0,,1,12.5,0,0,0,8,3,0,0,0,,0,0,0,0,0.0,0,0,0,0,11,0,0,1,0,0,0,0,0,0,0,0.0,0.0,0,0,0,0,0,0,0.0,0,1,0,0.0,0,2,0,0,7,41.18,7,12,51,63,16.8,0,0,89,0,1,0
Alessandro Florenzi,152420,Milan,2692,italy,2425,4,1,0,0.0,0,0,0,,0.0,1,0,0.0,1,0,0.0,2,1,3,100.0,0,0.0,0,0,0,0,0,0,0,0,0,0,0,0,0,0,0,0,0,0,0,0,0.0,0,0,0,0,0,0,,0,0.0,0,0,0,0,0,0,0,0,,0,0,0,0,0.0,0,0,0,0,1,0,0,0,0,0,0,0,0,0,0,0.0,0.0,0,0,0,0,0,0,0.0,0,0,0,0.0,0,1,0,1,0,0.0,0,3,1,3,0.0,0,0,4,0,0,0
Aaron Ciammaglichella,1114354,Torino,2696,italy,2425,1,1,0,0.0,0,0,0,,,0,0,0.0,0,0,0.0,0,0,0,0.0,0,0.0,0,0,0,0,0,0,0,0,0,0,0,0,0,0,0,0,0,0,0,0,0.0,0,0,0,0,0,0,,0,0.0,0,0,0,0,0,0,0,0,,0,0,0,0,0.0,0,0,0,0,0,0,0,0,0,0,0,0,0,0,0,0.0,0.0,0,0,0,0,0,0,0.0,0,0,0,0.0,0,0,0,0,0,0.0,0,0,0,0,0.0,0,0,0,0,0,0
Oliver Abildgaard,798664,Como,2704,italy,2425,7,1,0,0.0,0,0,0,,0.0,0,0,0.0,0,0,0.0,0,1,1,100.0,0,0.0,0,0,0,0,0,0,0,0,0,0,0,0,0,0,0,0,0,0,0,0,0.0,0,0,0,0,0,0,,1,100.0,0,0,0,0,0,0,0,0,,0,0,0,0,0.0,0,0,0,0,0,0,0,0,0,0,0,0,0,0,0,0.0,0.0,0,0,0,0,0,0,0.0,0,0,0,0.0,0,0,0,0,1,100.0,0,0,1,1,0.0,0,0,3,1,0,0
Yllan Okou,1167514,Hellas Verona,2701,italy,2425,1,1,0,0.0,0,0,0,,,0,0,0.0,0,0,0.0,0,0,0,0.0,0,0.0,0,0,0,0,0,0,0,0,0,0,0,0,0,0,0,0,0,0,0,0,0.0,0,0,0,0,0,0,,0,0.0,0,0,0,1,0,0,0,0,,0,0,0,0,0.0,0,0,0,0,2,0,0,0,0,0,0,0,0,0,0,0.0,0.0,0,0,0,0,0,0,0.0,0,0,0,0.0,0,1,0,0,0,0.0,1,1,0,1,0.0,0,0,3,0,0,0
Lorenzo Tosto,1466118,Empoli,2705,italy,2425,1,1,0,0.0,0,0,0,,0.0,0,0,0.0,0,0,0.0,0,4,4,100.0,0,0.0,0,0,0,0,0,0,0,0,0,0,0,0,0,0,0,0,0,0,0,0,0.0,0,1,1,0,0,0,,0,0.0,0,0,0,0,0,0,0,0,,0,0,0,0,0.0,0,0,0,0,0,0,0,0,0,0,0,0,0,0,0,0.0,0.0,0,0,0,0,0,0,0.0,0,0,0,0.0,0,0,0,0,0,0.0,0,0,4,4,0.0,0,0,4,0,0,0
Nicola Pintus,1137733,Cagliari,2719,italy,2425,3,1,0,0.0,0,0,0,,0.0,0,0,0.0,0,0,0.0,0,1,1,100.0,0,0.0,0,0,0,0,0,0,0,0,0,2,0,0,0,0,0,0,0,0,0,0,0.0,0,0,0,0,0,0,,0,0.0,0,0,0,0,0,0,0,0,,0,0,0,0,0.0,0,0,0,0,0,0,0,0,0,0,0,0,0,0,0,0.0,0.0,0,0,0,0,0,0,0.0,0,0,0,0.0,0,0,0,0,0,0.0,0,0,1,1,0.0,0,0,3,0,0,0
