player,player_id,team,team_id,data_country,data_season,minutesPlayed,appearances,matchesStarted,rating,goals,assists,goalsAssistsSum,expectedGoals,expectedAssists,accurateChippedPasses,accurateCrosses,accurateCrossesPercentage,accurateFinalThirdPasses,accurateLongBalls,accurateLongBallsPercentage,accurateOppositionHalfPasses,accurateOwnHalfPasses,accuratePasses,accuratePassesPercentage,aerialDuelsWon,aerialDuelsWonPercentage,aerialLost,attemptPenaltyMiss,attemptPenaltyPost,attemptPenaltyTarget,ballRecovery,bigChancesCreated,bigChancesMissed,blockedShots,cleanSheet,clearances,countRating,crossesNotClaimed,directRedCards,dispossessed,dribbledPast,duelLost,errorLeadToGoal,errorLeadToShot,fouls,freeKickGoal,goalConversionPercentage,goalKicks,goalsConceded,goalsConcededInsideTheBox,goalsConcededOutsideTheBox,goalsFromInsideTheBox,goalsFromOutsideTheBox,goalsPrevented,groundDuelsWon,groundDuelsWonPercentage,headedGoals,highClaims,hitWoodwork,inaccuratePasses,interceptions,keyPasses,leftFootGoals,offsides,outfielderBlocks,ownGoals,passToAssist,penaltiesTaken,penaltyConceded,penaltyConversion,penaltyFaced,penaltyGoals,penaltySave,penaltyWon,possessionLost,possessionWonAttThird,punches,redCards,rightFootGoals,runsOut,savedShotsFromInsideTheBox,savedShotsFromOutsideTheBox,saves,savesCaught,savesParried,scoringFrequency,setPieceConversion,shotFromSetPiece,shotsFromInsideTheBox,shotsFromOutsideTheBox,shotsOffTarget,shotsOnTarget,successfulDribbles,successfulDribblesPercentage,successfulRunsOut,tackles,tacklesWon,tacklesWonPercentage,totalAttemptAssist,totalChippedPasses,totalContest,totalCross,totalDuelsWon,totalDuelsWonPercentage,totalLongBalls,totalOppositionHalfPasses,totalOwnHalfPasses,totalPasses,totalRating,totalShots,totwAppearances,touches,wasFouled,yellowCards,yellowRedCards
Karim Benzema,3306,Real Madrid,2829,spain,2122,2597,32,31,7.73,27,12,39,,,29,2,20.0,593,31,64.58,844,197,1039,85.16,18,37.5,30,1,0,3,,15,18,29,8,13,32,0,0,24,7,87,0,0,13,0,21.09,,23,20,3,27,0,,56,49.56,3,0,2,181,4,63,3,31,,0,1,11,0,63.64,0,7,0,0,276,16,0,0,20,0,0,0,0,0,0,96.19,0.0,3,104,24,40,59,36,70.59,0,11,9,81.82,62,41,51,10,74,45.96,48,1014,216,1220,247.2,128,10,1571,9,0,0
Kike Hermoso,990802,Real Betis,2816,spain,2122,90,1,1,7.7,1,0,1,,,1,0,0.0,0,2,33.33,3,47,50,83.33,6,75.0,2,0,0,0,,0,0,0,0,5,1,0,0,0,0,3,0,1,1,0,50.0,,1,1,0,1,0,,3,75.0,0,0,0,10,0,0,0,0,,0,0,0,0,0.0,0,0,0,0,11,0,0,0,1,0,0,0,0,0,0,90.0,0.0,0,2,0,1,1,1,100.0,0,2,1,50.0,0,3,1,0,9,75.0,6,7,53,60,7.7,2,1,76,0,0,0
Ousmane Dembélé,818244,Barcelona,2817,spain,2122,1411,21,15,7.53,1,13,14,,,13,29,20.14,285,24,70.59,480,111,562,84.38,4,44.44,5,0,0,0,,13,4,9,2,2,21,0,0,28,16,89,0,0,11,0,2.17,,14,14,0,1,0,,100,54.35,0,0,2,104,8,46,1,4,,0,1,0,0,0.0,0,0,0,0,333,14,0,0,0,0,0,0,0,0,0,1411.0,0.0,1,25,21,29,8,59,65.56,0,24,16,66.67,45,26,90,144,104,53.89,34,681,129,666,158.1,46,6,1123,17,3,0
Toni Kroos,26502,Real Madrid,2829,spain,2122,2108,28,25,7.44,1,3,4,,,171,21,24.14,623,217,86.8,1239,821,2039,94.88,9,47.37,10,0,0,0,,6,1,11,7,11,28,0,0,11,22,70,0,1,20,0,2.17,,18,16,2,1,0,,81,57.45,0,0,0,110,12,51,0,0,,0,0,0,0,0.0,0,0,0,0,219,11,0,0,1,0,0,0,0,0,0,2108.0,0.0,4,9,37,23,12,9,52.94,0,34,26,76.47,51,216,17,87,90,56.25,250,1384,852,2149,208.4,46,5,2477,39,4,0
Dani Parejo,39182,Villarreal,2819,spain,2122,2708,33,32,7.41,2,10,12,,,118,52,36.36,537,139,69.85,1096,700,1744,87.64,17,48.57,18,0,0,0,,11,0,5,7,15,33,0,0,23,32,96,0,1,16,0,12.5,,32,29,3,2,0,,123,61.19,0,0,0,246,29,67,1,0,,0,1,1,0,100.0,0,1,0,0,408,18,0,0,1,0,0,0,0,0,0,1354.0,0.0,3,4,12,5,6,25,75.76,0,43,29,67.44,66,189,33,143,140,59.32,199,1373,760,1990,244.4,16,2,2473,56,3,0
Gerard Moreno,146866,Villarreal,2819,spain,2122,1194,17,14,7.41,9,3,12,,,26,4,33.33,135,30,69.77,221,83,300,69.44,18,50.0,18,0,0,1,,7,5,9,2,13,17,0,0,29,6,84,0,0,11,0,23.68,,14,10,4,8,1,,58,46.77,2,0,0,132,6,30,7,8,,0,0,2,0,50.0,0,1,0,1,227,7,0,0,0,0,0,0,0,0,0,132.67,0.0,0,27,11,12,17,39,63.93,0,5,2,40.0,30,39,61,12,76,47.5,43,339,105,432,125.9,38,5,690,14,2,0
Vinicius Júnior,868812,Real Madrid,2829,spain,2122,2699,35,30,7.35,17,10,27,,,45,10,22.73,629,42,80.77,890,176,1056,85.85,3,27.27,8,0,0,0,,13,11,18,8,0,34,0,0,59,35,246,0,0,34,0,21.25,,22,19,3,16,1,,215,47.46,2,0,0,174,6,68,5,26,,0,0,0,0,0.0,0,0,0,4,498,15,0,0,10,0,0,0,0,0,0,158.76,0.0,0,64,16,19,43,95,45.45,0,46,24,52.17,68,57,209,44,218,46.98,52,1076,198,1230,249.9,80,8,1966,74,6,0
Casemiro,122951,Real Madrid,2829,spain,2122,2575,32,31,7.34,1,3,4,,,151,4,23.53,381,175,76.09,852,840,1688,86.03,101,66.45,51,0,0,0,,7,3,13,8,59,32,0,0,14,37,160,1,2,54,0,2.44,,23,22,1,1,0,,136,55.51,1,0,1,274,38,27,0,4,,0,1,0,0,0.0,0,0,0,1,349,16,0,0,0,0,0,0,0,0,0,2575.0,0.0,1,13,28,19,9,19,70.37,0,79,50,63.29,26,216,27,17,237,59.7,230,1041,938,1962,235.0,41,5,2447,38,11,0
Iago Aspas,19356,Celta Vigo,2821,spain,2122,3093,37,36,7.34,18,6,24,,,31,16,14.81,401,48,64.0,696,254,934,75.51,22,40.0,33,0,0,2,,8,10,25,6,18,37,0,0,32,20,133,0,0,22,0,20.0,,39,36,3,15,3,,115,53.49,0,0,1,303,11,57,14,20,,0,0,5,1,60.0,0,3,0,0,535,36,0,0,4,0,0,0,0,0,0,171.83,0.0,7,61,29,24,41,51,61.45,0,14,7,50.0,57,60,83,108,137,50.74,75,1054,291,1237,271.7,90,6,1832,50,8,0
Iker Muniain,71707,Athletic Club,2825,spain,2122,2802,35,34,7.32,4,10,14,,,40,53,30.64,580,52,71.23,926,291,1164,84.78,5,35.71,9,0,0,2,,15,8,10,6,3,35,0,0,56,28,146,0,1,15,1,9.76,,27,25,2,3,1,,178,56.51,0,0,0,209,17,107,0,5,,0,0,3,0,33.33,0,1,0,2,514,28,0,0,4,0,0,0,0,0,0,700.5,16.67,6,24,17,10,21,65,62.5,0,32,10,31.25,107,81,104,173,183,55.62,73,1228,318,1373,256.1,41,5,2069,81,3,0
Jordi Alba,35199,Barcelona,2817,spain,2122,2648,30,30,7.3,2,10,12,,,118,23,19.01,640,98,54.14,1295,799,2071,86.58,14,36.84,24,0,0,0,,11,1,9,4,33,30,0,0,4,20,87,0,1,26,0,6.45,,32,28,4,2,0,,71,52.99,0,0,2,321,33,60,2,11,,0,2,0,0,0.0,0,0,0,0,509,15,0,0,0,0,0,0,0,0,0,1324.0,0.0,1,10,21,16,6,6,27.27,0,47,34,72.34,58,221,22,121,85,49.42,181,1629,884,2392,219.1,31,3,3098,19,11,0
Jofre Carreras,1019236,Espanyol,2814,spain,2122,17,3,0,7.3,0,1,1,,,0,2,66.67,3,0,0.0,5,1,4,80.0,1,100.0,0,0,0,0,,1,0,0,0,0,2,0,0,0,0,1,0,0,0,0,0.0,,0,0,0,0,0,,5,83.33,0,0,0,1,0,2,0,0,,0,0,0,0,0.0,0,0,0,1,5,0,0,0,0,0,0,0,0,0,0,0.0,0.0,0,0,0,0,0,0,0.0,0,1,1,100.0,2,0,1,3,6,85.71,0,6,2,5,14.6,0,0,17,4,0,0
John Donald,1094758,Elche,2846,spain,2122,180,2,2,7.3,0,0,0,,,1,0,0.0,10,1,16.67,30,44,74,88.1,2,33.33,4,0,0,0,,0,1,1,0,3,2,0,0,0,3,9,0,0,2,0,0.0,,2,2,0,0,0,,8,61.54,0,0,0,10,3,2,0,0,,0,0,0,0,0.0,0,0,0,0,14,0,0,0,0,0,0,0,0,0,0,0.0,0.0,0,2,0,0,1,1,100.0,0,7,4,57.14,2,1,1,0,10,52.63,6,37,47,84,14.6,2,0,115,0,0,0
Dani Alves,4419,Barcelona,2817,spain,2122,1107,14,13,7.29,1,3,4,,,42,23,30.67,199,39,52.7,498,331,806,87.99,9,52.94,8,0,0,0,,3,0,0,4,8,14,0,1,6,12,53,0,2,27,0,20.0,,10,10,0,1,0,,48,51.61,0,0,0,110,11,22,0,0,,0,0,0,1,0.0,0,0,0,0,192,9,0,1,1,0,0,0,0,0,0,1107.0,0.0,0,1,4,3,2,12,100.0,0,30,19,63.33,22,90,12,75,57,51.82,74,630,361,916,102.0,5,1,1207,6,2,0
Memphis Depay,138833,Barcelona,2817,spain,2122,1847,28,20,7.26,12,2,14,,,27,37,29.6,335,17,62.96,552,149,664,82.08,10,40.0,15,0,0,1,,5,9,9,3,4,28,0,0,34,10,107,0,0,23,0,19.67,,21,18,3,11,1,,99,51.83,1,0,1,145,3,45,1,13,,0,0,5,0,80.0,0,4,0,3,392,12,0,0,10,0,0,0,0,0,0,153.92,0.0,6,38,23,18,34,45,60.81,0,10,4,40.0,45,47,74,125,109,50.46,27,761,173,809,203.4,61,5,1309,44,3,0
Nabil Fekir,337671,Real Betis,2816,spain,2122,2807,34,33,7.26,6,8,14,,,51,60,34.68,564,45,72.58,935,265,1140,86.49,26,35.14,48,0,0,0,,12,3,29,2,4,34,0,1,82,29,264,0,0,65,1,7.14,,32,29,3,4,2,,217,50.12,0,0,5,178,7,86,5,9,,0,2,0,0,0.0,0,0,0,0,529,20,0,1,1,0,0,0,0,0,0,467.83,9.09,11,37,47,23,32,82,66.67,0,43,29,67.44,84,87,123,173,243,47.93,62,1196,295,1318,246.9,84,4,2134,92,7,0
Sergio Busquets,39433,Barcelona,2817,spain,2122,3202,36,36,7.26,2,0,2,,,173,2,66.67,579,202,71.13,1411,1016,2425,87.58,60,46.51,69,0,0,0,,2,0,4,8,30,36,0,0,15,37,173,0,0,53,0,14.29,,36,32,4,1,1,,178,63.12,0,0,0,344,45,33,1,2,,0,0,0,0,0.0,0,0,0,0,403,30,0,0,1,0,0,0,0,0,0,1601.0,0.0,0,4,10,6,4,21,80.77,0,93,49,52.69,33,268,26,3,238,57.91,284,1667,1105,2769,261.4,14,3,3214,67,12,0
Ilias Akhomach,1089108,Barcelona,2817,spain,2122,125,2,2,7.25,0,0,0,,,0,2,33.33,23,0,0.0,40,5,43,87.76,1,33.33,2,0,0,0,,1,0,2,0,0,2,0,0,1,0,8,0,0,3,0,0.0,,0,0,0,0,0,,7,53.85,0,0,0,6,0,4,0,0,,0,0,0,0,0.0,0,0,0,0,14,1,0,0,0,0,0,0,0,0,0,0.0,0.0,0,4,0,0,2,1,33.33,0,2,0,0.0,4,0,3,6,8,50.0,1,49,6,49,14.5,4,0,75,4,0,0
Pedri,992587,Barcelona,2817,spain,2122,888,12,10,7.23,3,1,4,,,29,7,38.89,192,36,85.71,349,159,501,86.53,4,57.14,3,0,0,0,,1,0,3,2,5,12,0,0,17,13,38,1,0,1,0,25.0,,9,7,2,2,1,,52,59.77,0,0,0,78,5,15,0,0,,0,0,0,0,0.0,0,0,0,0,129,12,0,0,3,0,0,0,0,0,0,296.0,0.0,0,6,6,4,5,15,78.95,0,20,12,60.0,15,40,19,18,56,59.57,42,425,172,579,86.7,12,2,753,17,0,0
Vedat Muriqi,310874,Mallorca,2826,spain,2122,1439,16,16,7.21,5,3,8,,,6,1,14.29,96,8,50.0,148,97,244,54.22,116,53.46,101,0,0,0,,3,1,14,3,29,16,0,0,14,6,154,0,0,27,0,9.8,,28,25,3,5,0,,31,36.9,2,0,2,206,6,14,3,7,,0,0,2,0,100.0,0,2,0,0,282,12,0,0,0,0,0,0,0,0,0,287.8,0.0,0,40,11,19,18,9,40.91,0,6,3,50.0,14,12,22,7,147,48.84,16,339,118,450,115.4,51,1,707,16,6,0
Joselu,69418,Deportivo Alavés,2885,spain,2122,3126,37,35,7.21,14,4,18,,,20,4,12.9,267,22,44.9,467,180,643,61.12,284,67.46,137,0,0,1,,3,8,24,5,45,37,0,0,34,18,255,0,0,43,0,14.43,,58,52,6,12,2,,88,42.72,1,0,1,409,7,35,2,11,,0,0,7,0,85.71,0,6,0,2,598,18,0,0,11,0,0,0,0,0,0,223.29,0.0,5,66,31,32,41,18,35.29,0,16,11,68.75,35,36,51,31,372,59.33,49,847,236,1052,266.8,97,1,1586,57,0,0
Miguel Gutiérrez,908716,Real Madrid,2829,spain,2122,262,3,3,7.2,0,1,1,,,7,2,22.22,39,13,81.25,63,81,142,94.04,2,50.0,2,0,0,0,,1,0,0,0,2,3,0,0,2,2,12,0,0,3,0,0.0,,3,2,1,0,0,,21,67.74,0,0,0,9,2,3,0,0,,0,0,0,0,0.0,0,0,0,0,23,0,0,0,0,0,0,0,0,0,0,0.0,0.0,0,0,0,0,0,6,66.67,0,7,5,71.43,3,8,9,9,23,65.71,16,75,85,151,21.6,0,0,220,8,1,0
Andriy Lunin,857574,Real Madrid,2829,spain,2122,180,2,2,7.2,0,0,0,,,4,0,0.0,0,12,63.16,1,56,57,85.07,0,0.0,0,0,0,0,,0,0,0,0,3,2,0,0,0,0,1,0,0,1,0,0.0,,2,2,0,0,0,1.92,0,0.0,0,3,0,10,0,0,0,0,,0,0,0,1,0.0,2,0,1,0,10,0,1,0,0,0,6,1,7,0,1,0.0,0.0,0,0,0,0,0,0,0.0,0,0,0,0.0,0,4,0,0,0,0.0,19,4,63,67,14.4,0,0,93,0,0,0
Luka Modrić,15466,Real Madrid,2829,spain,2122,2049,28,25,7.19,2,8,10,,,105,11,22.92,563,106,79.7,954,534,1477,90.12,6,30.0,14,0,0,0,,10,1,12,2,9,28,0,0,22,21,94,0,0,24,0,7.41,,20,18,2,1,1,,82,50.62,0,0,2,162,20,38,1,1,,0,1,1,0,100.0,0,1,0,0,277,14,0,0,1,0,0,0,0,0,0,1024.5,0.0,1,11,16,4,11,32,66.67,0,18,10,55.56,37,139,48,48,88,48.35,133,1114,573,1639,201.3,27,3,1966,32,5,0
João Félix,851671,Atlético Madrid,2836,spain,2122,1272,24,13,7.15,8,4,12,,,21,3,16.67,144,24,60.0,223,95,315,75.0,19,48.72,20,0,0,0,,7,4,7,0,8,24,0,0,19,4,75,0,0,15,0,20.51,,22,19,3,7,1,,93,62.84,1,0,2,105,7,19,1,9,,0,0,0,0,0.0,0,0,0,0,197,2,0,1,6,0,0,0,0,0,0,159.0,0.0,1,26,13,17,15,31,59.62,0,5,2,40.0,19,50,52,18,112,59.89,40,329,109,420,171.6,39,2,703,57,1,1
Carlos Soler,832427,Valencia,2828,spain,2122,2480,32,28,7.15,11,5,16,,,49,43,29.25,243,54,43.55,435,222,614,74.42,12,41.38,17,0,0,0,,5,2,5,6,25,32,0,0,13,26,96,0,0,21,0,26.83,,33,27,6,11,0,,94,54.34,1,0,1,211,14,54,0,2,,0,1,7,0,100.0,0,7,0,0,399,13,0,0,10,0,0,0,0,0,0,225.45,0.0,6,25,16,15,21,19,50.0,0,29,19,65.52,53,121,38,147,106,52.48,124,713,259,825,228.7,41,4,1307,46,4,0
Jules Koundé,827212,Sevilla,2833,spain,2122,2737,32,31,7.14,2,1,3,,,91,5,27.78,234,126,58.6,635,1235,1865,88.85,77,60.63,50,0,0,0,,4,0,3,13,98,32,0,2,12,10,101,0,2,15,0,15.38,,25,20,5,2,0,,92,64.34,1,0,0,234,21,17,0,2,,0,0,0,0,0.0,0,0,0,1,316,6,0,2,1,0,0,0,0,0,0,1368.5,0.0,0,12,1,7,3,24,61.54,0,40,17,42.5,17,166,39,18,169,62.59,215,776,1341,2099,228.5,13,5,2516,28,2,0
Éder Militão,822519,Real Madrid,2829,spain,2122,3033,34,34,7.14,1,2,3,,,76,1,9.09,184,129,56.58,583,1197,1779,89.26,83,66.94,41,0,0,0,,2,1,7,13,105,34,0,0,7,19,108,2,1,38,0,3.03,,30,28,2,1,0,,100,59.88,1,0,1,214,52,12,0,1,,0,0,0,0,0.0,0,0,0,1,268,4,0,0,0,0,0,0,0,0,0,3033.0,0.0,0,24,9,18,8,11,55.0,0,50,32,64.0,12,153,20,11,183,62.89,228,719,1285,1993,242.7,33,3,2452,39,5,0
Rubén Alcaraz,259339,Cádiz,4488,spain,2122,1105,14,12,7.14,2,0,2,,,44,6,26.09,156,59,61.46,324,230,548,85.49,22,48.89,23,0,0,0,,0,0,6,5,13,14,0,0,11,23,92,0,0,30,0,8.7,,12,10,2,1,1,,87,55.77,1,0,0,93,13,14,1,1,,0,0,0,1,0.0,0,0,0,0,150,8,0,0,0,0,0,0,0,0,0,552.5,0.0,5,9,14,11,6,11,64.71,0,41,20,48.78,14,76,17,23,109,54.23,96,409,255,641,99.9,23,1,870,35,7,0
Pierre-Emerick Aubameyang,51498,Barcelona,2817,spain,2122,1092,17,13,7.14,11,1,12,,,4,0,0.0,49,5,83.33,106,70,176,75.54,7,35.0,13,0,0,0,,3,7,6,0,3,17,0,0,8,5,34,0,0,7,0,29.73,,10,10,0,10,1,,13,38.24,3,0,0,57,2,8,3,7,,0,0,0,0,0.0,0,0,0,0,101,5,0,0,4,0,0,0,0,0,0,99.27,0.0,0,33,4,11,20,4,66.67,0,2,2,100.0,8,11,6,5,20,37.04,6,160,78,233,121.3,37,3,364,7,0,0
Saúl Ñíguez,116955,Atlético Madrid,2836,spain,2122,200,3,2,7.13,0,1,1,,,3,0,0.0,14,7,70.0,33,46,79,86.81,6,66.67,3,0,0,0,,0,0,1,1,2,3,0,0,1,1,8,0,0,2,0,0.0,,2,2,0,0,0,,10,66.67,0,0,0,12,0,1,0,1,,0,0,0,0,0.0,0,0,0,0,26,0,0,0,0,0,0,0,0,0,0,0.0,0.0,0,3,1,3,0,1,50.0,0,7,2,28.57,1,6,2,5,16,66.67,10,48,48,91,21.4,4,0,145,2,0,0
Mathew Ryan,134029,Real Sociedad,2824,spain,2122,270,3,3,7.13,0,0,0,,,7,0,0.0,5,17,29.82,12,41,53,56.99,1,100.0,0,0,0,0,,0,0,0,1,5,3,0,0,0,0,0,0,0,0,0,0.0,,5,5,0,0,0,,0,0.0,0,2,0,40,0,0,0,0,,0,0,0,0,0.0,1,0,0,0,40,0,3,0,0,3,8,2,10,0,3,0.0,0.0,0,0,0,0,0,0,0.0,3,0,0,0.0,0,18,0,0,1,100.0,57,42,51,93,21.4,0,1,125,0,0,0
Martin Braithwaite,66471,Barcelona,2817,spain,2122,237,4,3,7.13,2,1,3,,,2,0,0.0,15,1,100.0,26,18,44,81.48,3,33.33,6,0,0,0,,2,1,3,0,1,4,0,0,5,0,17,0,0,5,0,28.57,,4,3,1,2,0,,5,31.25,1,0,0,10,1,2,0,2,,0,0,0,0,0.0,0,0,0,0,27,1,0,0,1,0,0,0,0,0,0,118.5,0.0,0,7,0,1,3,2,66.67,0,1,1,100.0,2,3,3,2,8,32.0,1,36,20,54,28.5,7,1,92,2,0,0
Gerard Piqué,770,Barcelona,2817,spain,2122,2096,27,25,7.11,1,0,1,,,80,0,0.0,134,118,62.43,542,967,1509,89.98,80,64.52,44,0,0,0,,1,1,5,8,85,27,0,0,3,3,77,0,1,30,0,5.26,,19,15,4,1,0,,43,56.58,1,0,3,168,34,5,0,1,,0,0,0,0,0.0,0,0,0,0,185,3,0,1,0,0,0,0,0,0,0,2096.0,0.0,1,16,3,11,3,6,100.0,0,22,12,54.55,5,140,6,0,123,61.5,189,652,1025,1677,191.9,19,3,1935,15,8,1
Sergio Canales,41560,Real Betis,2816,spain,2122,2803,34,33,7.11,5,7,12,,,112,15,22.39,551,105,62.87,986,549,1520,85.01,11,29.73,26,0,0,0,,8,2,14,6,11,34,0,0,41,25,136,0,0,19,1,9.26,,31,27,4,2,3,,92,45.54,0,0,1,268,10,65,5,11,,0,0,0,0,0.0,0,0,0,0,448,19,0,0,0,0,0,0,0,0,0,560.6,33.33,3,21,33,15,25,29,50.88,0,24,14,58.33,65,195,57,67,103,43.1,167,1259,596,1788,241.6,54,5,2223,39,7,0
Jesús Vallejo,355048,Real Madrid,2829,spain,2122,345,5,4,7.1,0,0,0,,,3,0,0.0,6,7,35.0,41,140,181,86.6,11,73.33,4,0,0,0,,0,0,0,2,15,5,0,0,0,1,11,0,0,4,0,0.0,,2,2,0,0,0,,10,58.82,0,0,0,28,6,1,0,0,,0,0,0,1,0.0,0,0,0,0,33,1,0,0,0,0,0,0,0,0,0,0.0,0.0,0,0,0,0,0,2,50.0,0,7,5,71.43,1,11,4,1,21,65.63,20,53,157,209,35.5,0,1,274,1,1,0
Gabriel Paulista,124737,Valencia,2828,spain,2122,1596,19,19,7.09,2,1,3,,,57,0,0.0,48,70,51.85,142,352,494,77.67,38,65.52,20,0,0,0,,0,1,0,7,85,19,0,0,3,6,40,0,0,11,0,33.33,,17,12,5,1,1,,34,62.96,0,0,0,142,39,4,0,1,,0,0,0,0,0.0,0,0,0,0,157,0,0,0,2,0,0,0,0,0,0,798.0,0.0,0,4,2,3,3,1,50.0,0,21,12,57.14,4,100,2,0,72,64.29,135,233,403,636,134.8,6,4,858,12,2,0
Diego Carlos,604232,Sevilla,2833,spain,2122,2959,34,34,7.09,3,0,3,,,111,1,33.33,109,192,53.48,486,1426,1911,87.62,80,64.52,44,0,0,0,,1,1,4,13,119,34,0,0,2,8,84,2,3,33,0,10.0,,27,21,6,3,0,,56,58.33,3,0,0,270,24,4,0,1,,0,0,0,2,0.0,0,0,0,0,297,2,0,1,0,0,0,0,0,0,0,986.33,0.0,1,25,5,16,10,2,50.0,0,35,24,68.57,4,240,4,3,136,61.82,359,682,1502,2181,241.2,30,6,2532,19,2,1
Raúl de Tomás,138387,Espanyol,2814,spain,2122,2924,34,33,7.09,17,3,20,,,46,5,22.73,240,61,72.62,412,197,604,83.89,35,48.61,37,0,0,0,,2,13,20,3,38,34,0,1,60,11,162,0,1,35,1,16.04,,44,43,1,16,1,,119,48.77,2,0,7,116,6,25,5,31,,0,0,5,1,100.0,0,5,0,1,313,15,0,2,10,0,0,0,0,0,0,172.0,11.11,9,69,37,41,45,50,69.44,0,15,11,73.33,25,70,72,22,154,48.73,84,517,225,720,241.1,106,2,1264,55,5,1
Marcos Acuña,578560,Sevilla,2833,spain,2122,2264,31,26,7.09,1,3,4,,,75,46,25.84,308,114,55.61,607,743,1304,84.18,22,40.74,32,0,0,0,,4,2,6,10,20,31,0,0,27,17,135,0,1,38,0,6.25,,13,9,4,0,1,,142,57.96,0,0,0,245,14,43,1,0,,0,0,0,1,0.0,0,0,0,0,513,7,0,0,0,0,0,0,0,0,0,2264.0,0.0,1,5,11,4,6,44,66.67,0,50,29,58.0,43,164,66,178,164,54.85,205,902,825,1549,219.8,16,4,2317,48,10,0
Yannick Carrasco,182001,Atlético Madrid,2836,spain,2122,2589,34,28,7.09,6,6,12,,,19,42,31.58,349,25,42.37,592,274,824,80.63,9,39.13,14,0,0,0,,10,3,17,3,12,34,0,0,52,25,162,0,2,30,0,12.0,,34,28,6,6,0,,160,51.95,0,0,3,198,19,54,2,13,,0,0,2,0,100.0,0,2,0,0,494,21,0,0,4,0,0,0,0,0,0,431.5,0.0,0,36,14,21,12,88,64.71,0,34,19,55.88,54,46,136,133,169,51.06,59,838,317,1022,241.0,50,4,1756,39,5,0
Pau Torres,864169,Villarreal,2819,spain,2122,2856,33,33,7.09,5,1,6,,,121,1,20.0,219,139,49.64,587,1111,1697,85.75,58,59.79,39,0,0,0,,4,3,4,11,103,33,0,0,5,7,68,1,1,14,0,20.83,,33,30,3,5,0,,73,71.57,2,0,1,282,19,9,3,0,,0,0,0,0,0.0,0,0,0,0,326,3,0,0,0,0,0,0,0,0,0,571.2,0.0,0,24,0,11,9,25,89.29,0,32,19,59.38,9,232,28,5,131,65.83,280,775,1209,1979,233.9,24,6,2322,16,5,0
Giovani Lo Celso,798835,Villarreal,2819,spain,2122,997,16,11,7.09,1,1,2,,,15,3,20.0,175,25,83.33,294,139,430,83.82,3,33.33,6,0,0,0,,3,1,5,1,3,16,0,0,17,13,66,0,0,16,0,5.56,,10,10,0,1,0,,90,60.0,0,0,0,83,5,17,1,3,,0,0,0,0,0.0,0,0,0,0,161,18,0,0,0,0,0,0,0,0,0,997.0,0.0,1,9,9,7,6,26,65.0,0,22,12,54.55,17,32,40,15,93,58.49,30,369,159,513,113.4,18,0,735,42,2,0
David Silva,11781,Real Sociedad,2824,spain,2122,1732,25,22,7.08,2,4,6,,,24,14,46.67,366,27,71.05,605,304,895,88.09,15,55.56,12,0,0,0,,8,1,5,3,12,25,0,1,28,17,90,0,0,23,0,9.52,,11,9,2,2,0,,82,51.25,1,0,1,121,7,40,1,3,,0,1,0,1,0.0,0,0,0,2,226,11,0,1,0,0,0,0,0,0,0,866.0,0.0,0,16,5,10,6,29,65.91,0,28,17,60.71,39,34,44,30,97,51.87,38,709,337,1016,177.1,21,3,1303,25,4,0
Ivan Rakitić,7635,Sevilla,2833,spain,2122,2185,35,26,7.08,4,6,10,,,95,29,34.94,322,117,63.93,695,670,1336,85.86,38,55.88,30,0,0,1,,4,1,6,4,34,35,0,0,12,27,118,0,0,36,1,12.9,,19,14,5,2,2,,82,48.24,0,0,0,220,23,42,0,0,,0,1,2,0,50.0,0,1,0,0,337,17,0,0,4,0,0,0,0,0,0,546.25,25.0,4,13,18,13,12,8,38.1,0,40,22,55.0,41,167,21,83,120,50.42,183,909,730,1556,247.9,31,2,1968,35,5,0
Iñigo Martínez,173883,Athletic Club,2825,spain,2122,2344,27,26,7.08,3,0,3,,,83,3,27.27,92,121,45.32,340,608,945,79.21,72,59.5,49,0,0,0,,1,2,8,13,137,27,0,1,3,9,89,0,0,33,0,11.11,,18,17,1,3,0,,54,57.45,3,0,0,248,39,4,0,2,,0,0,0,1,0.0,0,0,0,0,271,0,0,2,0,0,0,0,0,0,0,781.33,0.0,3,22,5,10,9,2,100.0,0,28,13,46.43,4,167,2,11,126,58.6,267,517,687,1193,191.2,27,2,1550,27,7,1
Gonçalo Guedes,280979,Valencia,2828,spain,2122,2620,36,30,7.08,11,6,17,,,38,32,29.09,281,36,52.94,428,108,504,68.48,16,35.56,29,0,0,1,,7,5,19,2,1,36,0,0,46,20,186,0,0,37,0,15.94,,42,34,8,8,3,,159,50.32,3,0,2,232,9,43,2,5,,0,0,2,0,50.0,0,1,0,1,526,18,0,0,6,0,0,0,0,0,0,238.18,0.0,3,31,38,22,28,64,51.61,0,21,14,66.67,43,79,124,110,175,48.48,68,705,141,736,254.8,69,4,1393,74,3,0
Frenkie de Jong,795222,Barcelona,2817,spain,2122,2486,32,30,7.08,3,3,6,,,59,5,16.13,450,75,83.33,943,558,1496,91.33,26,61.9,16,0,0,0,,3,6,0,4,15,32,0,0,28,11,85,0,0,24,0,17.65,,30,26,4,3,0,,120,63.49,0,0,2,142,20,43,1,6,,0,0,0,0,0.0,0,0,0,0,255,16,0,1,2,0,0,0,0,0,0,828.67,0.0,0,12,5,9,8,51,85.0,0,35,19,54.29,43,74,60,31,146,63.2,90,1080,589,1638,226.4,17,4,2000,35,5,1
Rodrigo de Paul,249399,Atlético Madrid,2836,spain,2122,2154,36,24,7.07,3,1,4,,,100,33,35.87,314,102,57.3,662,427,1056,81.92,18,45.0,22,0,0,0,,7,0,7,4,13,35,0,0,31,30,135,0,2,44,0,12.5,,24,20,4,2,1,,138,54.98,0,0,0,233,21,51,0,1,,0,2,0,0,0.0,0,0,0,0,381,13,0,0,3,0,0,0,0,0,0,718.0,0.0,0,7,17,8,9,25,65.79,0,55,30,54.55,49,192,38,92,156,53.61,178,912,469,1289,247.6,24,4,1778,59,7,0
Daniel Carvajal,138572,Real Madrid,2829,spain,2122,1549,24,17,7.07,1,3,4,,,33,9,22.5,242,43,67.19,468,421,880,87.3,14,50.0,14,0,0,0,,4,1,2,6,33,23,0,0,9,11,60,0,2,19,0,10.0,,13,11,2,1,0,,63,57.8,0,0,0,128,20,25,0,0,,0,0,0,1,0.0,0,0,0,0,217,8,0,0,1,0,0,0,0,0,0,1549.0,0.0,0,6,4,6,2,10,55.56,0,42,27,64.29,25,59,18,40,77,56.2,64,582,466,1008,162.7,10,3,1414,11,1,0
Marco Asensio,361004,Real Madrid,2829,spain,2122,1739,31,19,7.07,10,0,10,,,27,13,18.31,334,28,71.79,549,167,703,87.66,0,0.0,9,0,0,0,,1,6,17,2,6,30,0,0,25,14,69,0,1,8,0,15.63,,13,11,2,7,3,,59,49.58,0,0,0,99,12,32,8,2,,0,1,0,0,0.0,0,0,0,0,222,9,0,0,2,0,0,0,0,0,0,173.9,0.0,2,34,30,13,34,27,67.5,0,12,8,66.67,31,46,40,71,59,46.09,39,689,184,802,212.2,64,2,1136,20,2,0
Marcelo,17787,Real Madrid,2829,spain,2122,524,12,5,7.07,0,2,2,,,13,6,20.69,121,14,45.16,232,117,343,85.75,3,42.86,4,0,0,0,,1,1,3,2,10,11,0,0,1,5,13,0,0,3,0,0.0,,0,0,0,0,0,,25,73.53,0,0,0,57,1,9,0,0,,0,0,0,0,0.0,0,0,0,0,90,3,0,0,0,0,0,0,0,0,0,0.0,0.0,0,4,4,2,3,9,90.0,0,8,4,50.0,9,28,10,29,28,68.29,31,303,126,400,77.8,8,0,534,8,0,0
Luis Milla,811629,Granada,33779,spain,2122,2785,34,33,7.07,3,3,6,,,74,42,31.82,320,91,54.17,642,506,1106,83.6,31,50.82,30,0,0,0,,9,1,7,4,30,34,0,0,23,39,125,0,0,26,0,13.64,,45,40,5,3,0,,150,61.22,0,0,1,217,25,42,0,1,,0,0,3,0,100.0,0,3,0,0,381,18,0,0,3,0,0,0,0,0,0,928.33,0.0,3,8,14,9,6,28,73.68,0,59,29,49.15,42,155,38,132,181,59.15,168,894,561,1323,240.4,22,4,1849,64,4,0
Ronald Araújo,925097,Barcelona,2817,spain,2122,2283,30,25,7.07,4,0,4,,,37,3,42.86,107,85,51.52,472,980,1449,90.17,60,70.59,25,0,0,0,,2,0,3,6,59,30,0,0,6,4,61,0,1,25,0,22.22,,29,25,4,4,0,,59,62.11,3,0,1,158,23,8,0,1,,0,0,0,0,0.0,0,0,0,0,198,1,0,0,1,0,0,0,0,0,0,570.75,0.0,0,16,2,5,10,6,75.0,0,41,23,56.1,8,86,8,7,119,66.11,165,576,1038,1607,212.1,18,4,1912,12,6,0
Marko Dmitrović,94527,Sevilla,2833,spain,2122,540,6,6,7.07,0,0,0,,,9,0,0.0,7,27,41.54,15,144,159,80.71,1,100.0,0,0,0,0,,0,0,0,4,4,6,0,0,0,0,0,1,0,0,0,0.0,,5,4,1,0,0,0.43,0,0.0,0,4,0,38,0,0,0,0,,0,0,0,0,0.0,0,0,0,0,39,0,1,0,0,5,9,5,15,0,5,0.0,0.0,0,0,0,0,0,0,0.0,5,0,0,0.0,0,16,0,0,1,100.0,65,43,154,197,42.4,0,0,249,0,1,0
Robin Le Normand,787751,Real Sociedad,2824,spain,2122,3330,37,37,7.06,1,1,2,,,51,0,0.0,101,127,56.7,440,1455,1895,88.02,109,61.58,68,0,0,0,,1,3,5,19,118,37,0,0,3,8,115,0,0,37,0,5.56,,37,32,5,1,0,,70,59.83,1,0,2,258,48,5,0,2,,0,0,0,0,0.0,0,0,0,0,288,1,0,0,0,0,0,0,0,0,0,3330.0,0.0,0,18,0,8,5,1,33.33,0,49,32,65.31,5,107,3,1,179,60.88,224,591,1563,2153,261.2,18,3,2521,22,7,0
Yuri Berchiche,84531,Athletic Club,2825,spain,2122,1023,14,11,7.06,1,2,3,,,18,4,12.12,109,23,50.0,223,172,391,79.31,21,72.41,8,0,0,0,,2,0,3,2,19,14,0,0,7,7,31,0,0,7,0,12.5,,10,9,1,1,0,,52,69.33,0,0,0,102,13,7,1,0,,0,0,0,0,0.0,0,0,0,0,170,4,0,0,0,0,0,0,0,0,0,1023.0,0.0,1,4,4,2,3,8,72.73,0,25,11,44.0,7,32,11,33,73,70.19,46,309,217,493,98.8,8,0,800,19,3,0
Julen Agirrezabala,1014412,Athletic Club,2825,spain,2122,360,4,4,7.05,0,0,0,,,0,0,0.0,2,15,42.86,10,40,50,71.43,0,0.0,0,0,0,0,,0,0,0,1,4,4,0,0,0,0,0,0,0,0,0,0.0,,5,5,0,0,0,,0,0.0,0,1,0,20,0,0,0,0,,0,0,0,0,0.0,0,0,0,0,20,0,2,0,0,1,8,7,15,0,3,0.0,0.0,0,0,0,0,0,0,0.0,0,0,0,0.0,0,2,0,0,0,0.0,35,23,47,70,28.2,0,0,102,0,0,0
Guido Rodríguez,609752,Real Betis,2816,spain,2122,2533,32,29,7.05,1,2,3,,,92,1,25.0,200,100,62.11,554,688,1241,85.53,33,66.0,17,0,0,0,,0,1,8,9,51,31,0,0,17,44,131,0,0,47,0,4.76,,26,24,2,1,0,,165,59.14,1,0,1,210,31,15,0,2,,0,1,0,0,0.0,0,0,0,0,265,5,0,1,0,0,0,0,0,0,0,2533.0,0.0,0,8,13,5,8,18,66.67,0,97,53,54.64,14,139,27,4,198,60.18,161,683,772,1451,218.4,21,2,1893,50,7,1
José María Giménez,325355,Atlético Madrid,2836,spain,2122,2046,24,24,7.04,1,1,2,,,52,0,0.0,44,75,59.52,202,617,819,88.73,42,63.64,24,0,0,0,,1,3,2,9,94,24,0,0,1,8,48,0,1,11,0,5.0,,22,21,1,1,0,,46,65.71,1,0,0,104,25,5,0,2,,0,0,0,0,0.0,0,0,0,0,123,3,0,0,0,0,0,0,0,0,0,2046.0,0.0,0,17,3,11,7,8,66.67,0,18,12,66.67,5,89,12,1,88,64.71,126,273,651,923,169.0,20,3,1176,21,8,0
Mikel Oyarzabal,823622,Real Sociedad,2824,spain,2122,1673,22,19,7.04,9,3,12,,,9,26,23.64,143,13,50.0,281,127,382,74.76,22,38.6,35,0,0,1,,5,5,13,5,14,22,0,1,29,14,112,0,1,14,1,21.43,,22,19,3,8,1,,66,46.15,2,0,0,129,10,39,6,5,,0,0,5,0,80.0,0,4,0,0,310,14,0,1,1,0,0,0,0,0,0,185.89,20.0,5,31,11,11,18,22,51.16,0,18,10,55.56,39,24,43,110,88,44.0,26,465,156,511,154.9,42,4,912,26,0,0
Lucas Olaza,333595,Elche,2846,spain,2122,301,5,3,7.04,1,0,1,,,9,2,12.5,36,5,55.56,66,65,129,80.63,1,33.33,2,0,0,0,,1,0,2,0,5,5,0,0,3,0,8,0,0,3,0,25.0,,4,4,0,1,0,,11,64.71,0,0,0,31,4,6,0,0,,0,0,0,0,0.0,0,0,0,0,56,1,0,0,0,0,0,0,0,0,0,301.0,0.0,0,2,2,1,1,2,100.0,0,5,3,60.0,6,11,2,16,12,60.0,9,102,74,160,35.2,4,1,251,4,1,0
Thibaut Courtois,70988,Real Madrid,2829,spain,2122,3240,36,36,7.04,0,0,0,,,48,0,0.0,14,110,36.79,35,715,750,79.2,8,88.89,1,0,0,0,,0,0,0,16,14,36,0,0,0,1,3,0,1,1,0,0.0,,29,26,3,0,0,4.24,2,50.0,0,19,0,197,0,0,0,0,,0,0,0,1,0.0,3,0,1,0,202,0,5,0,0,7,51,40,93,0,23,0.0,0.0,0,0,0,0,0,0,0.0,7,1,0,0.0,0,90,0,0,10,76.92,299,178,769,947,253.4,0,4,1275,1,1,0
Bono,360938,Sevilla,2833,spain,2122,2790,31,31,7.03,0,2,2,,,60,0,0.0,19,186,43.56,88,618,706,74.0,7,87.5,1,0,0,0,,1,0,0,13,23,31,0,0,0,0,1,1,0,0,0,0.0,,24,18,6,0,0,0.49,4,100.0,0,24,0,248,0,2,0,0,,0,0,0,0,0.0,4,0,1,0,254,0,12,0,0,8,46,30,76,0,16,0.0,0.0,0,0,0,0,0,1,100.0,8,0,0,0.0,2,108,1,0,11,91.67,427,263,691,954,218.0,0,2,1207,3,2,0
Enes Ünal,336655,Getafe,2859,spain,2122,2809,37,33,7.03,16,1,17,,,11,3,21.43,159,9,60.0,290,102,389,61.45,146,46.79,166,0,0,2,,1,6,24,7,36,37,0,0,55,37,347,0,0,77,0,18.6,,35,34,1,14,2,,129,41.61,4,0,2,244,5,29,1,14,,0,0,4,0,50.0,0,2,0,0,454,28,0,0,11,0,0,0,0,0,0,175.56,0.0,7,66,20,34,28,25,52.08,0,37,22,59.46,29,22,48,14,275,44.21,15,520,127,633,260.1,86,3,1233,71,8,0
Mikel Merino,592010,Real Sociedad,2824,spain,2122,2894,34,33,7.03,3,2,5,,,74,7,30.43,380,80,50.63,742,606,1341,77.6,113,57.36,84,0,0,0,,6,6,12,14,56,34,0,0,56,41,257,0,2,60,0,6.67,,24,20,4,3,0,,162,48.36,0,0,2,387,21,31,2,4,,0,0,0,1,0.0,0,0,0,2,540,18,0,0,1,0,0,0,0,0,0,964.67,0.0,0,30,15,18,15,28,59.57,0,71,38,53.52,31,142,47,23,275,51.69,158,1067,684,1728,238.9,45,3,2309,67,8,0
Álvaro García,345111,Rayo Vallecano,2818,spain,2122,3005,36,34,7.03,7,4,11,,,23,42,21.65,244,28,35.44,426,195,579,70.18,5,17.86,23,0,0,0,,9,4,12,4,15,36,0,0,13,27,112,0,0,23,0,10.29,,44,38,6,7,0,,89,50.0,0,0,4,246,42,43,3,11,,0,0,0,0,0.0,0,0,0,0,520,21,0,0,4,0,0,0,0,0,0,429.29,0.0,0,48,20,32,24,22,44.0,0,42,23,54.76,43,58,50,194,94,45.63,79,774,245,825,252.9,68,0,1465,25,6,0
Marc Bartra,99519,Real Betis,2816,spain,2122,1994,23,23,7.02,1,0,1,,,78,0,0.0,77,82,42.49,272,652,924,82.43,61,62.89,36,0,0,0,,0,2,1,8,102,23,0,0,4,16,76,1,0,21,0,6.67,,24,22,2,1,0,,60,60.0,0,0,0,197,33,4,0,0,,0,0,0,0,0.0,0,0,0,0,222,2,0,0,0,0,0,0,0,0,0,1994.0,0.0,0,11,4,11,3,7,87.5,0,39,14,35.9,4,152,8,0,121,61.42,193,409,712,1121,161.5,15,1,1436,16,5,0
David Alaba,66492,Real Madrid,2829,spain,2122,2644,30,30,7.02,2,3,5,,,32,6,15.0,287,53,48.62,697,1059,1750,92.64,14,38.89,22,0,0,0,,4,1,7,11,67,30,0,0,3,10,57,0,1,16,0,9.52,,26,23,3,2,0,,33,48.53,0,0,0,139,22,22,2,2,,0,1,0,0,0.0,0,0,0,0,207,1,0,0,0,0,0,0,0,0,0,1322.0,0.0,7,10,11,7,7,4,40.0,0,23,13,56.52,21,73,10,40,47,45.19,109,826,1103,1889,210.5,21,2,2213,6,2,0
Juanmi,96369,Real Betis,2816,spain,2122,2145,33,26,7.02,16,4,20,,,19,1,25.0,128,17,51.52,222,154,375,78.13,32,45.07,39,0,0,0,,3,6,8,1,9,33,0,0,29,30,146,1,0,40,0,29.09,,21,20,1,15,1,,83,43.68,3,0,0,105,9,19,3,18,,0,0,0,0,0.0,0,0,0,1,226,13,0,0,10,0,0,0,0,0,0,134.06,0.0,0,43,12,17,30,29,67.44,0,39,25,64.1,19,30,43,4,115,44.06,33,307,177,480,231.5,55,4,859,15,5,0
Mauro Arambarri,385888,Getafe,2859,spain,2122,2667,31,31,7.01,0,5,5,,,80,44,37.93,177,125,61.58,513,418,887,77.6,28,51.85,26,0,0,0,,3,0,8,12,13,31,0,0,36,48,176,0,0,51,0,0.0,,27,26,1,0,0,,141,48.45,0,0,2,256,32,45,0,0,,0,0,0,1,0.0,0,0,0,0,431,4,0,0,0,0,0,0,0,0,0,0.0,0.0,2,6,31,21,8,32,64.0,0,62,37,59.68,45,156,50,116,169,48.99,203,784,475,1143,217.3,37,2,1689,48,13,0
David García,591136,Osasuna,2820,spain,2122,3105,35,35,7.01,4,0,4,,,89,0,0.0,134,122,49.8,443,726,1169,80.01,136,75.56,44,0,0,0,,1,1,5,12,166,35,0,0,3,10,107,0,0,53,0,12.9,,45,41,4,4,0,,50,44.25,4,0,0,292,52,9,0,0,,0,0,0,1,0.0,0,0,0,0,313,4,0,0,0,0,0,0,0,0,0,776.25,0.0,0,29,2,22,4,3,75.0,0,28,14,50.0,9,159,4,0,186,63.48,245,635,826,1461,245.3,31,3,1860,21,8,0
Óscar Trejo,21949,Rayo Vallecano,2818,spain,2122,2023,32,24,7.0,3,9,12,,,29,37,31.36,279,36,62.07,554,236,753,82.21,25,45.45,30,0,0,0,,7,2,8,0,11,32,0,0,66,35,229,0,0,59,0,13.04,,21,19,2,3,0,,192,49.1,0,0,0,163,13,60,0,4,,0,0,3,0,100.0,0,3,0,0,449,30,0,0,3,0,0,0,0,0,0,674.33,0.0,0,9,14,6,9,82,64.57,0,42,24,57.14,60,62,127,118,217,48.65,58,775,259,916,224.1,23,3,1564,68,13,0
Jeremías Ledesma,341097,Cádiz,4488,spain,2122,3420,38,38,7.0,0,0,0,,,59,0,0.0,85,293,35.13,231,258,489,47.29,16,94.12,1,0,0,0,,0,0,0,13,49,38,0,0,0,1,4,2,2,2,0,0.0,,51,47,4,0,0,4.55,7,70.0,0,37,0,545,1,2,0,0,,0,0,0,2,0.0,13,0,2,0,557,0,28,0,0,9,79,40,120,3,32,0.0,0.0,0,1,0,0,1,2,100.0,9,3,1,33.33,2,170,2,0,23,85.19,834,726,308,1034,266.1,1,4,1396,5,4,0
Ansu Fati,962883,Barcelona,2817,spain,2122,331,10,3,7.0,4,0,4,,,3,1,33.33,67,2,66.67,106,26,131,85.06,1,25.0,3,0,0,0,,1,0,5,0,0,10,0,0,2,0,24,0,0,9,0,22.22,,4,3,1,2,2,,19,47.5,0,0,0,23,1,2,0,3,,0,0,0,0,0.0,0,0,0,1,61,4,0,0,4,0,0,0,0,0,0,82.75,0.0,1,11,7,5,8,4,28.57,0,3,2,66.67,2,5,14,3,20,45.45,3,130,27,154,70.0,18,0,241,12,0,0
Sergi Darder,110783,Espanyol,2814,spain,2122,3132,36,36,7.0,3,9,12,,,125,13,18.57,391,138,62.73,823,599,1409,85.39,12,42.86,16,0,0,0,,8,3,11,5,27,36,0,0,32,36,134,0,1,28,0,6.82,,49,48,1,1,2,,136,53.54,1,0,0,241,26,37,0,0,,0,0,0,0,0.0,0,0,0,0,403,11,0,0,2,0,0,0,0,0,0,1044.0,0.0,0,10,34,16,17,53,68.83,0,45,22,48.89,37,200,77,70,148,52.48,220,1070,650,1650,252.0,44,4,2132,38,4,0
Geoffrey Kondogbia,96544,Atlético Madrid,2836,spain,2122,1884,28,21,7.0,1,2,3,,,61,0,0.0,136,72,70.59,376,478,854,86.0,38,64.41,21,0,0,0,,2,0,5,4,23,28,0,0,26,28,118,0,0,40,0,6.67,,24,22,2,0,1,,140,59.07,0,0,0,139,44,11,1,0,,0,0,0,0,0.0,0,0,0,0,205,21,0,2,0,0,0,0,0,0,0,1884.0,0.0,0,1,14,9,1,29,87.88,0,74,44,59.46,11,97,33,1,178,60.14,102,465,529,993,196.0,15,3,1332,37,9,2
Juan Foyth,873189,Villarreal,2819,spain,2122,1932,25,22,7.0,1,1,2,,,14,1,14.29,176,38,50.67,387,434,820,84.28,36,59.02,25,0,0,0,,3,0,1,4,42,25,0,0,7,12,95,0,0,39,0,16.67,,19,15,4,1,0,,119,62.96,1,0,1,153,20,10,0,0,,0,0,0,1,0.0,0,0,0,0,245,4,0,1,0,0,0,0,0,0,0,1932.0,0.0,0,5,1,3,2,28,68.29,0,69,49,71.01,10,43,41,7,155,62.0,75,481,499,973,175.0,6,1,1484,22,4,1
Jon Bautista,353262,Real Sociedad,2824,spain,2122,45,1,0,7.0,0,0,0,,,0,0,0.0,2,0,0.0,4,2,6,85.71,1,100.0,0,0,0,0,,0,0,0,0,1,1,0,0,1,1,3,0,0,1,0,0.0,,2,2,0,0,0,,6,66.67,0,0,0,1,1,0,0,1,,0,0,0,0,0.0,0,0,0,0,2,2,0,0,0,0,0,0,0,0,0,0.0,0.0,0,1,0,1,0,1,100.0,0,3,0,0.0,0,0,1,0,7,70.0,0,5,2,7,7.0,1,0,19,2,0,0
Pedro Ortiz,964981,Sevilla,2833,spain,2122,12,1,0,7.0,0,0,0,,,1,0,0.0,6,2,100.0,9,5,14,100.0,0,0.0,0,0,0,0,,1,1,0,0,1,1,0,0,0,0,1,0,0,1,0,0.0,,0,0,0,0,0,,0,0.0,0,0,0,0,0,1,0,0,,0,0,0,0,0.0,0,0,0,0,0,0,0,0,0,0,0,0,0,0,0,0.0,0.0,0,1,0,0,1,0,0.0,0,0,0,0.0,1,1,0,0,0,0.0,2,9,5,14,7.0,1,0,16,0,0,0
José Calderón,988650,Real Betis,2816,spain,2122,64,1,0,7.0,0,0,0,,,1,2,50.0,12,1,100.0,22,17,37,97.37,0,0.0,2,0,0,0,,0,0,0,0,1,1,0,0,0,2,5,0,0,1,0,0.0,,0,0,0,0,0,,3,50.0,0,0,0,1,0,1,0,0,,0,0,0,0,0.0,0,0,0,0,5,0,0,0,0,0,0,0,0,0,0,0.0,0.0,0,0,0,0,0,0,0.0,0,2,0,0.0,1,2,0,4,3,37.5,1,25,17,38,7.0,0,0,52,1,0,0
Oier Olazábal,32185,Espanyol,2814,spain,2122,135,2,1,7.0,0,0,0,,,1,0,0.0,0,9,32.14,6,13,19,50.0,1,100.0,0,0,0,0,,0,0,0,0,0,2,0,0,0,0,0,0,0,0,0,0.0,,1,1,0,0,0,1.37,0,0.0,0,1,0,19,0,0,0,0,,0,0,0,0,0.0,1,0,0,0,19,0,0,0,0,0,6,2,8,0,1,0.0,0.0,0,0,0,0,0,0,0.0,0,0,0,0.0,0,3,0,0,1,100.0,28,23,15,38,14.0,0,0,54,0,0,0
Daniel Vivian,910978,Athletic Club,2825,spain,2122,1991,24,22,7.0,2,1,3,,,46,0,0.0,56,90,48.39,217,570,787,83.37,30,36.14,53,0,0,0,,1,2,2,7,107,24,0,0,6,7,86,0,1,19,0,11.76,,23,22,1,2,0,,56,62.92,2,0,0,157,26,2,0,1,,0,0,0,0,0.0,0,0,0,0,184,3,0,0,0,0,0,0,0,0,0,995.5,0.0,0,15,2,7,8,4,80.0,0,32,21,65.63,2,87,5,3,86,50.0,186,319,628,944,167.9,17,3,1229,20,2,0
Ferland Mendy,792073,Real Madrid,2829,spain,2122,1738,22,20,7.0,2,1,3,,,27,4,14.29,372,27,69.23,646,449,1091,91.99,11,47.83,12,0,0,0,,2,1,3,5,20,22,0,0,13,6,63,0,3,15,0,16.67,,12,11,1,2,0,,83,61.94,0,0,0,95,18,20,1,3,,0,0,0,1,0.0,0,0,0,1,179,8,0,0,1,0,0,0,0,0,0,869.0,0.0,0,5,7,4,5,35,67.31,0,24,15,62.5,20,38,52,28,94,59.87,39,736,478,1186,153.9,12,1,1614,24,4,0
Diego López,4697,Espanyol,2814,spain,2122,3178,36,36,6.99,0,0,0,,,60,0,0.0,20,190,39.58,120,532,652,68.63,13,100.0,0,0,0,0,,0,0,0,9,39,36,0,0,0,2,2,1,0,0,0,0.0,,49,48,1,0,0,1.81,3,60.0,0,31,0,298,1,1,0,0,,0,0,0,0,0.0,4,0,0,0,303,0,18,0,0,18,73,37,115,1,25,0.0,0.0,0,0,0,0,0,0,0.0,18,0,0,0.0,1,148,0,0,16,88.89,480,359,591,950,251.7,0,4,1366,6,4,0
Lucas Vázquez,255239,Real Madrid,2829,spain,2122,1844,29,20,6.99,3,0,3,,,58,17,22.67,315,50,55.56,664,552,1199,89.34,2,18.18,9,0,0,0,,3,1,5,4,31,27,0,0,19,18,83,0,1,26,0,16.67,,18,17,1,3,0,,95,56.21,0,0,1,143,20,31,2,5,,0,0,0,0,0.0,0,0,0,0,281,7,0,0,1,0,0,0,0,0,0,614.67,0.0,0,10,8,8,5,18,58.06,0,43,22,51.16,31,103,31,75,97,53.89,90,824,593,1342,188.7,18,1,1841,34,3,0
Aïssa Mandi,122810,Villarreal,2819,spain,2122,1374,17,14,6.99,1,0,1,,,37,0,0.0,43,60,75.0,238,681,919,93.02,26,54.17,22,0,0,0,,0,2,1,5,49,17,0,0,1,3,39,2,1,14,0,10.0,,15,14,1,1,0,,16,48.48,1,0,0,69,13,1,0,1,,1,0,0,0,0.0,0,0,0,0,77,0,0,0,0,0,0,0,0,0,0,1374.0,0.0,0,9,1,6,3,0,0.0,0,11,5,45.45,1,53,0,0,42,51.85,80,275,713,988,118.8,10,1,1121,5,3,0
Étienne Capoue,16701,Villarreal,2819,spain,2122,2295,30,26,6.99,1,1,2,,,48,1,20.0,258,57,60.0,623,540,1162,88.37,53,68.83,24,0,0,0,,2,0,3,6,51,30,0,0,14,13,108,0,0,44,0,7.14,,23,19,4,0,1,,128,60.38,0,0,0,153,35,5,0,0,,0,0,0,0,0.0,0,0,0,0,221,8,0,0,1,0,0,0,0,0,0,2295.0,0.0,0,7,7,6,5,41,74.55,0,44,26,59.09,5,77,55,5,181,62.63,95,740,580,1315,209.6,14,0,1682,44,9,0
Yeray Álvarez,807648,Athletic Club,2825,spain,2122,1859,22,21,6.99,0,0,0,,,36,0,0.0,83,80,46.24,288,543,831,82.03,57,58.16,41,0,0,0,,0,0,3,6,95,22,0,0,3,8,73,0,0,23,0,0.0,,20,18,2,0,0,,38,54.29,0,0,0,182,45,4,0,1,,0,0,0,0,0.0,0,0,0,0,204,2,0,0,0,0,0,0,0,0,0,0.0,0.0,0,5,2,4,0,2,66.67,0,24,14,58.33,4,88,3,3,95,56.55,173,401,615,1013,153.7,7,2,1269,13,6,0
Alejandro Catena,900792,Rayo Vallecano,2818,spain,2122,3240,36,36,6.99,2,2,4,,,134,0,0.0,120,220,56.41,401,990,1391,81.25,122,74.85,41,0,0,0,,2,0,4,9,165,36,0,0,6,17,88,0,3,26,0,8.7,,46,40,6,2,0,,53,53.0,2,0,0,321,30,7,0,3,,0,0,0,1,0.0,0,0,0,0,345,1,0,0,0,0,0,0,0,0,0,1620.0,0.0,0,22,1,13,6,5,100.0,0,39,23,58.97,7,249,5,2,175,66.54,390,615,1099,1712,251.5,23,3,2093,14,8,0
Eduardo Camavinga,973887,Real Madrid,2829,spain,2122,1242,26,13,6.98,2,1,3,,,41,1,33.33,193,52,81.25,434,325,758,90.02,28,66.67,14,0,0,0,,4,0,2,2,12,26,0,0,10,18,86,0,1,35,0,16.67,,13,11,2,1,1,,103,58.86,0,0,0,84,17,14,2,1,,0,0,0,0,0.0,0,0,0,0,127,5,0,0,0,0,0,0,0,0,0,621.0,0.0,0,3,9,5,5,22,68.75,0,52,35,67.31,14,58,32,3,131,60.37,64,502,343,842,181.6,12,3,1091,29,9,0
Gerónimo Rulli,128383,Villarreal,2819,spain,2122,2880,32,32,6.98,0,0,0,,,73,0,0.0,29,163,42.34,84,808,892,79.22,12,100.0,0,0,0,0,,0,0,0,14,31,32,1,0,1,4,5,3,2,0,0,0.0,,28,24,4,0,0,1.39,2,28.57,0,19,0,234,1,0,0,0,,0,0,0,0,0.0,4,0,1,0,241,0,16,0,0,20,51,22,75,1,13,0.0,0.0,0,0,0,0,0,1,100.0,20,0,0,0.0,0,133,1,0,14,73.68,385,265,861,1126,223.5,0,2,1434,2,2,0
Ferran Torres,855833,Barcelona,2817,spain,2122,1417,18,17,6.98,4,4,8,,,19,0,0.0,198,24,85.71,350,134,484,84.62,12,44.44,15,0,0,0,,7,8,12,5,5,18,0,0,20,4,70,0,0,9,0,7.69,,11,10,1,4,0,,43,43.88,0,0,0,88,6,12,0,16,,0,0,1,0,100.0,0,1,0,0,191,9,0,0,4,0,0,0,0,0,0,354.25,0.0,3,39,13,21,19,13,35.14,0,10,5,50.0,12,33,37,7,55,44.0,28,430,149,572,125.7,52,2,827,20,1,0
Giorgi Mamardashvili,930997,Valencia,2828,spain,2122,1620,18,18,6.98,0,0,0,,,49,0,0.0,30,126,37.72,103,118,221,51.28,6,100.0,0,0,0,0,,0,0,0,8,19,18,0,0,0,0,0,1,0,0,0,0.0,,20,15,5,0,0,3.57,2,100.0,0,10,0,210,0,0,0,0,,0,0,0,0,0.0,2,0,0,0,218,0,13,0,0,14,34,21,55,0,8,0.0,0.0,0,0,0,0,0,0,0.0,14,0,0,0.0,0,126,0,0,8,100.0,334,286,145,431,125.7,0,2,589,2,2,0
Erik Lamela,122702,Sevilla,2833,spain,2122,1014,20,10,6.98,5,2,7,,,9,4,26.67,175,12,92.31,289,119,404,86.32,10,45.45,12,0,0,0,,5,0,3,1,2,20,0,0,29,19,97,0,0,21,0,23.81,,5,4,1,4,1,,62,42.18,0,0,1,64,5,21,4,5,,0,0,0,0,0.0,0,0,0,0,155,11,0,0,1,0,0,0,0,0,0,202.8,0.0,0,15,6,6,12,18,52.94,0,31,18,58.06,21,14,34,15,72,42.6,13,346,137,468,139.6,21,3,696,13,5,0
Álvaro Negredo,27838,Cádiz,4488,spain,2122,2170,34,24,6.98,7,2,9,,,32,5,33.33,109,34,62.96,188,131,314,60.04,115,50.22,114,0,0,1,,4,6,10,5,23,34,0,0,17,3,158,0,0,16,0,10.29,,30,27,3,7,0,,59,57.28,3,0,0,209,2,22,4,11,,0,0,3,1,66.67,0,2,0,1,306,10,0,0,0,0,0,0,0,0,0,310.0,0.0,1,50,18,29,29,21,61.76,0,5,3,60.0,22,60,34,15,174,52.41,54,375,163,523,237.3,68,2,830,34,3,0
Denis Suárez,138383,Celta Vigo,2821,spain,2122,2835,38,33,6.98,4,6,10,,,72,32,24.81,465,91,65.47,969,658,1595,83.64,14,37.84,23,0,0,0,,6,0,10,3,9,38,0,0,17,57,182,0,0,47,0,18.18,,38,34,4,4,0,,141,47.0,0,0,0,312,16,47,2,1,,0,1,0,1,0.0,0,0,0,0,535,14,0,0,2,0,0,0,0,0,0,708.75,0.0,1,6,16,4,8,42,51.22,0,61,29,47.54,46,129,82,129,155,45.99,139,1326,710,1907,265.2,22,3,2462,39,4,0
Jesús Navas,11869,Sevilla,2833,spain,2122,1788,25,19,6.98,0,3,3,,,67,29,25.89,268,86,52.12,476,448,895,81.0,14,42.42,19,0,0,0,,9,0,2,8,21,25,0,0,8,9,49,0,1,5,0,0.0,,16,12,4,0,0,,33,52.38,0,0,0,210,17,35,0,2,,0,0,0,0,0.0,0,0,0,0,350,4,0,0,0,0,0,0,0,0,0,0.0,0.0,0,4,6,7,1,6,40.0,0,18,13,72.22,35,137,15,112,47,48.96,165,692,525,1105,174.4,10,0,1588,10,4,0
Arnaut Danjuma,827064,Villarreal,2819,spain,2122,1483,23,17,6.97,10,3,13,,,2,7,25.93,148,7,58.33,214,61,268,77.01,3,27.27,8,0,0,0,,2,11,15,0,3,23,0,0,18,2,59,0,0,3,0,16.13,,19,18,1,10,0,,58,53.21,0,0,1,80,2,15,4,17,,0,0,3,0,100.0,0,3,0,0,193,6,0,0,6,0,0,0,0,0,0,148.3,0.0,2,54,8,18,29,33,54.1,0,7,6,85.71,15,9,61,27,61,50.83,12,308,67,348,160.4,62,3,620,18,2,0
Antoine Griezmann,85859,Atlético Madrid,2836,spain,2122,1970,29,24,6.97,3,4,7,,,29,6,17.65,234,28,71.79,415,207,616,81.27,36,37.5,60,0,0,0,,6,8,8,1,20,29,0,0,33,24,150,0,0,20,0,6.38,,20,15,5,2,1,,95,51.35,1,0,2,142,10,26,1,10,,0,0,0,0,0.0,0,0,0,0,260,12,0,0,1,0,0,0,0,0,0,656.67,0.0,3,33,14,25,14,22,61.11,0,43,19,44.19,26,48,36,34,131,46.62,39,558,234,758,202.1,47,2,1121,31,3,0
Álex Remiro,791773,Real Sociedad,2824,spain,2122,3150,35,35,6.97,0,0,0,,,128,0,0.0,40,272,48.14,120,707,827,73.12,4,100.0,0,0,0,0,,0,0,0,19,31,35,0,0,0,0,0,1,1,0,0,0.0,,32,27,5,0,0,0.8,3,100.0,0,17,0,304,1,0,0,0,,0,0,0,0,0.0,5,0,1,0,311,0,7,0,0,16,46,34,80,0,19,0.0,0.0,0,0,0,0,0,0,0.0,15,0,0,0.0,0,206,0,0,7,100.0,565,348,783,1131,243.9,0,0,1401,3,1,0
Salva Sevilla,83864,Mallorca,2826,spain,2122,1510,28,17,6.97,5,3,8,,,66,14,25.93,238,71,62.83,448,363,797,84.16,2,25.0,6,0,0,0,,5,1,8,1,10,28,0,0,5,11,38,0,0,15,0,19.23,,28,23,5,4,1,,32,50.0,0,0,1,150,14,27,0,0,,0,0,4,0,100.0,0,4,0,0,223,14,0,0,5,0,0,0,0,0,0,302.0,0.0,7,6,20,10,8,5,71.43,0,18,12,66.67,27,129,7,54,34,47.22,113,605,396,947,195.1,26,0,1154,9,2,0
Juan Miranda,855829,Real Betis,2816,spain,2122,792,13,9,6.97,0,2,2,,,14,5,17.86,70,10,26.32,168,144,307,79.12,12,40.0,18,0,0,0,,2,0,1,3,21,12,0,0,1,10,47,0,0,13,0,0.0,,6,4,2,0,0,,38,56.72,0,0,0,81,15,7,0,0,,0,0,0,0,0.0,0,0,0,0,144,3,0,0,0,0,0,0,0,0,0,0.0,0.0,2,2,4,3,2,4,44.44,0,21,11,52.38,7,38,9,28,50,51.55,38,248,168,388,83.6,6,0,637,13,3,0
Aritz Elustondo,785468,Real Sociedad,2824,spain,2122,2108,30,22,6.96,4,1,5,,,35,0,0.0,95,70,47.62,297,655,952,83.8,56,70.0,24,0,0,0,,1,2,4,12,85,29,0,1,1,10,53,0,0,18,0,28.57,,21,18,3,4,0,,47,61.84,0,0,1,184,29,1,0,2,,0,0,0,1,0.0,0,0,0,0,208,1,0,1,3,0,0,0,0,0,0,527.0,0.0,0,12,2,3,7,6,85.71,0,21,14,66.67,1,84,7,5,103,66.03,147,417,724,1136,201.9,14,4,1436,22,3,0
Nacho Fernández,69404,Real Madrid,2829,spain,2122,1557,28,17,6.95,3,0,3,,,13,2,18.18,90,31,57.41,315,609,922,93.04,28,59.57,19,0,0,0,,0,2,3,4,49,24,0,0,1,10,47,0,0,15,0,30.0,,19,17,2,3,0,,33,54.1,0,0,0,69,34,8,0,0,,0,0,0,0,0.0,0,0,0,0,95,6,0,0,3,0,0,0,0,0,0,519.0,0.0,0,8,2,3,4,2,50.0,0,18,14,77.78,8,25,4,11,61,56.48,54,356,646,991,166.9,10,1,1223,13,7,0
Rubén García,260031,Osasuna,2820,spain,2122,2395,37,30,6.95,1,6,7,,,56,65,32.66,328,52,61.18,609,262,806,77.87,29,39.19,45,0,0,2,,5,5,9,1,15,37,0,0,18,33,155,0,0,37,0,3.03,,36,35,1,0,1,,94,46.08,0,0,1,229,24,59,1,8,,0,0,2,1,0.0,0,0,0,0,470,17,0,0,0,0,0,0,0,0,0,2395.0,0.0,4,16,17,12,12,24,51.06,0,43,26,60.47,59,85,47,199,123,44.24,85,924,310,1035,257.3,33,2,1629,28,1,0
Martín Zubimendi,966837,Real Sociedad,2824,spain,2122,2585,36,26,6.95,2,1,3,,,43,0,0.0,213,76,55.47,598,646,1244,85.67,63,72.41,24,0,0,0,,0,0,2,12,48,35,0,0,12,22,98,0,1,34,0,10.0,,30,27,3,2,0,,90,54.88,1,0,0,208,49,15,0,3,,0,0,0,0,0.0,0,0,0,0,261,9,0,0,1,0,0,0,0,0,0,1292.5,0.0,0,15,5,9,9,17,70.83,0,52,25,48.08,15,86,24,2,153,60.96,137,741,713,1452,243.3,20,0,1807,21,4,0
Luis Hernández,260097,Cádiz,4488,spain,2122,1365,16,15,6.95,0,0,0,,,42,2,22.22,59,54,49.09,193,400,591,84.55,16,48.48,17,0,0,0,,0,0,0,8,33,16,0,0,1,3,30,0,0,9,0,0.0,,13,11,2,0,0,,14,51.85,0,0,0,108,16,5,0,1,,0,0,0,0,0.0,0,0,0,0,188,0,0,0,0,0,0,0,0,0,0,0.0,0.0,0,5,1,4,2,0,0.0,0,9,5,55.56,5,88,0,9,30,50.0,110,277,431,699,111.2,6,1,901,7,5,0
Lucas Torró,187313,Osasuna,2820,spain,2122,2732,33,32,6.95,1,0,1,,,33,0,0.0,229,48,46.6,566,423,989,77.75,131,68.59,60,0,0,0,,1,1,11,10,53,33,0,0,23,28,166,0,0,55,0,2.94,,36,34,2,1,0,,141,57.09,0,0,0,283,47,9,0,1,,1,0,0,0,0.0,0,0,0,0,354,16,0,0,1,0,0,0,0,0,0,2732.0,0.0,0,19,15,14,9,22,88.0,0,71,40,56.34,9,63,25,7,272,62.1,103,762,517,1272,229.3,34,2,1730,48,10,0
Germán Pezzella,158241,Real Betis,2816,spain,2122,1991,23,22,6.95,1,0,1,,,14,1,100.0,24,24,28.57,177,718,894,87.39,58,65.17,31,0,0,0,,0,2,2,8,102,23,0,1,1,13,69,0,0,26,0,5.26,,20,17,3,1,0,,30,44.12,1,0,1,129,39,0,0,2,,1,0,0,0,0.0,0,0,0,0,138,1,0,1,0,0,0,0,0,0,0,1991.0,0.0,0,18,1,11,6,3,100.0,0,21,9,42.86,0,52,3,1,88,56.05,84,251,773,1023,159.8,19,2,1297,6,5,0
William Carvalho,137978,Real Betis,2816,spain,2122,1810,33,20,6.95,2,3,5,,,80,1,25.0,300,75,70.09,677,479,1155,88.03,34,56.67,26,0,0,0,,3,0,12,3,20,32,0,0,27,25,129,0,0,31,0,6.06,,25,24,1,1,1,,126,55.02,0,0,0,157,16,22,1,0,,0,0,0,0,0.0,0,0,0,0,238,5,0,0,1,0,0,0,0,0,0,905.0,0.0,0,24,9,11,10,49,69.01,0,49,33,67.35,22,111,71,4,160,55.36,107,799,517,1312,222.3,33,3,1650,28,6,0
Jorge Molina,83618,Granada,33779,spain,2122,1978,35,19,6.94,10,5,15,,,13,4,44.44,149,6,33.33,246,82,324,63.91,89,48.11,96,1,0,0,,6,6,8,3,11,35,0,0,25,16,161,0,0,19,0,21.74,,35,30,5,8,2,,49,42.98,1,0,3,183,6,31,3,11,,0,0,1,0,0.0,0,0,0,0,282,18,0,0,6,0,0,0,0,0,0,197.8,0.0,0,38,8,16,22,7,41.18,0,4,2,50.0,31,29,17,9,138,46.15,18,413,103,507,243.0,46,3,789,39,2,0
Luís Maximiano,845797,Granada,33779,spain,2122,3137,35,35,6.94,0,0,0,,,56,0,0.0,65,253,32.39,196,296,492,48.05,6,85.71,1,0,0,0,,0,0,0,7,21,35,1,0,3,3,7,0,2,0,0,0.0,,55,49,6,0,0,3.13,8,57.14,0,21,0,532,1,0,0,0,,1,0,0,0,0.0,7,0,2,0,539,0,5,0,0,26,86,38,127,2,26,0.0,0.0,0,0,0,0,0,2,100.0,25,3,1,33.33,0,112,2,0,14,66.67,781,651,373,1024,243.0,0,2,1379,3,2,0
Stole Dimitrievski,97951,Rayo Vallecano,2818,spain,2122,2771,31,30,6.94,0,0,0,,,41,0,0.0,48,196,33.5,150,247,397,50.25,12,85.71,2,0,0,0,,0,0,0,9,35,31,1,0,0,0,2,2,1,0,0,0.0,,37,32,5,0,0,-0.53,5,100.0,0,30,0,393,1,0,0,0,,0,0,0,0,0.0,9,0,2,0,402,0,21,0,0,15,61,29,91,3,15,0.0,0.0,0,0,0,0,0,0,0.0,15,0,0,0.0,0,96,0,0,17,89.47,585,489,301,790,215.2,0,0,1124,6,0,0
Rui Silva,253809,Real Betis,2816,spain,2122,1963,22,21,6.94,0,0,0,,,69,0,0.0,7,129,38.86,54,367,421,66.93,4,100.0,0,0,0,0,,0,0,0,8,17,22,0,0,0,1,2,1,0,1,0,0.0,,21,18,3,0,0,-0.61,3,60.0,0,14,0,208,1,0,0,0,,0,0,0,1,0.0,2,0,0,0,213,0,6,0,0,16,39,16,55,3,9,0.0,0.0,0,0,0,0,0,0,0.0,16,1,0,0.0,0,130,0,0,7,77.78,332,210,419,629,152.7,0,3,842,3,2,0
Santi Mina,306498,Celta Vigo,2821,spain,2122,2378,33,30,6.94,7,3,10,,,17,1,8.33,172,25,67.57,287,136,422,66.67,128,44.91,157,0,0,1,,4,9,11,5,21,33,0,0,34,27,274,0,0,53,0,11.67,,26,24,2,6,1,,76,39.38,1,0,2,211,6,21,2,10,,0,0,1,0,0.0,0,0,0,2,337,21,0,0,4,0,0,0,0,0,0,339.71,0.0,1,50,10,26,23,12,57.14,0,27,17,62.96,21,29,21,12,204,42.68,37,465,180,633,228.9,60,2,1043,39,4,0
Raúl Albiol,3041,Villarreal,2819,spain,2122,2466,28,28,6.94,0,0,0,,,66,0,0.0,78,131,53.47,393,945,1338,86.05,42,60.0,28,0,0,0,,0,0,0,11,124,28,0,0,6,4,56,1,0,18,0,0.0,,25,21,4,0,0,,40,58.82,0,0,0,217,21,4,0,2,,0,0,0,0,0.0,0,0,0,0,235,0,0,0,0,0,0,0,0,0,0,0.0,0.0,0,5,0,4,1,3,75.0,0,26,15,57.69,4,127,4,3,82,59.42,245,526,1032,1555,194.2,5,0,1828,12,8,0
Lucas Boyé,814385,Elche,2846,spain,2122,1723,24,22,6.93,7,3,10,,,12,1,14.29,109,11,68.75,192,113,304,73.43,31,36.9,53,0,0,0,,7,5,14,1,23,24,0,0,78,15,215,0,0,39,0,14.29,,25,22,3,5,2,,124,43.36,1,0,2,110,2,22,0,13,,0,0,0,0,0.0,0,0,0,0,376,17,0,0,6,0,0,0,0,0,0,246.14,0.0,2,32,17,19,16,57,64.77,0,27,13,48.15,22,20,88,7,155,41.89,16,286,135,414,166.4,49,1,979,40,3,0
Federico Valverde,831808,Real Madrid,2829,spain,2122,1836,31,19,6.93,0,1,1,,,39,0,0.0,413,48,64.0,699,331,1030,89.72,15,65.22,8,0,0,0,,3,1,6,4,10,30,0,0,9,19,71,0,0,17,0,0.0,,19,17,2,0,0,,77,55.0,0,0,3,118,24,24,0,6,,0,0,0,0,0.0,0,0,0,0,199,19,0,0,0,0,0,0,0,0,0,0.0,0.0,0,7,27,19,9,32,64.0,0,36,16,44.44,24,63,50,20,92,56.44,75,811,357,1148,208.0,34,0,1442,9,2,0
Alfonso Pedraza,797290,Villarreal,2819,spain,2122,1703,28,19,6.93,4,4,8,,,22,16,15.84,195,19,26.03,349,232,565,77.19,14,50.0,14,0,0,0,,6,0,4,3,29,28,0,0,19,18,116,0,0,35,0,18.18,,18,17,1,4,0,,91,47.15,1,0,2,167,31,24,2,2,,0,0,0,0,0.0,0,0,0,0,383,13,0,0,1,0,0,0,0,0,0,425.75,0.0,0,18,4,10,8,31,50.82,0,34,16,47.06,24,52,61,101,105,47.51,73,542,291,732,194.1,22,4,1341,26,2,0
Matías Dituro,556884,Celta Vigo,2821,spain,2122,3420,38,38,6.93,0,0,0,,,138,0,0.0,53,362,41.04,221,578,799,60.17,8,100.0,0,0,0,0,,0,0,0,14,28,38,0,0,0,0,0,4,1,1,0,0.0,,43,38,5,0,0,-3.04,2,100.0,0,31,0,529,0,1,0,0,,0,0,0,0,0.0,8,0,4,0,541,0,18,0,0,11,66,29,96,0,20,0.0,0.0,0,0,1,1,0,0,0.0,11,0,0,0.0,1,283,0,0,10,100.0,882,671,657,1328,263.4,1,4,1637,2,1,0
Sergio Herrera,294377,Osasuna,2820,spain,2122,3240,36,36,6.93,0,0,0,,,95,0,0.0,107,410,46.07,357,235,592,54.81,9,100.0,0,0,0,0,,0,0,0,12,27,36,2,0,0,3,3,0,0,0,0,0.0,,48,44,4,0,0,1.51,11,78.57,0,21,0,488,1,1,0,0,,0,0,0,0,0.0,7,0,3,0,495,0,9,0,0,31,61,39,101,1,23,0.0,0.0,0,0,0,0,0,3,100.0,30,3,2,66.67,1,168,3,0,20,86.96,890,793,287,1080,249.5,0,1,1345,9,3,0
Edgar González,914522,Real Betis,2816,spain,2122,1464,21,14,6.93,1,1,2,,,19,0,0.0,36,40,51.95,201,593,794,88.03,32,47.76,35,0,0,0,,3,1,0,4,81,21,0,0,1,7,62,0,0,21,0,20.0,,21,19,2,1,0,,37,57.81,0,0,0,108,23,3,0,0,,0,0,0,0,0.0,0,0,0,0,118,2,0,0,1,0,0,0,0,0,0,1464.0,0.0,0,5,0,4,1,4,100.0,0,25,19,76.0,3,34,4,1,69,52.67,77,261,642,902,145.5,5,1,1097,8,6,0
Mathías Olivera,805078,Getafe,2859,spain,2122,2807,32,32,6.93,1,3,4,,,30,12,19.05,234,33,37.93,461,306,755,71.77,111,49.55,113,0,0,0,,4,4,5,13,55,32,0,0,38,29,258,0,1,55,0,4.17,,28,27,1,1,0,,152,51.18,1,0,1,297,55,31,0,3,,0,0,0,0,0.0,0,0,0,0,547,13,0,0,0,0,0,0,0,0,0,2807.0,0.0,0,23,1,12,7,27,50.0,0,79,47,59.49,31,55,54,63,263,50.48,87,717,398,1052,221.7,24,0,1991,46,10,0
José Campaña,96373,Levante UD,2849,spain,2122,1428,20,16,6.93,2,2,4,,,42,9,16.07,210,39,60.94,417,295,703,85.94,17,48.57,18,0,0,1,,1,1,4,2,19,20,0,1,10,20,78,0,1,17,0,15.38,,28,25,3,2,0,,70,53.85,0,0,0,115,21,24,0,1,,0,0,1,0,0.0,0,0,0,0,212,6,0,1,2,0,0,0,0,0,0,714.0,0.0,1,6,7,3,6,21,60.0,0,27,16,59.26,24,74,35,56,87,52.73,64,549,325,818,138.5,13,0,1092,22,6,0
Reinildo Mandava,831424,Atlético Madrid,2836,spain,2122,1298,17,15,6.92,0,0,0,,,12,0,0.0,60,18,31.03,171,315,486,83.65,23,44.23,29,0,0,0,,0,0,0,4,32,17,0,0,5,8,66,0,0,26,0,0.0,,12,10,2,0,0,,69,65.09,0,0,0,95,21,3,0,0,,0,0,0,1,0.0,0,0,0,0,150,2,0,0,0,0,0,0,0,0,0,0.0,0.0,0,2,0,2,0,5,71.43,0,45,25,55.56,3,42,7,16,92,58.23,58,246,351,581,117.7,2,0,879,20,4,0
Kiko Casilla,18184,Elche,2846,spain,2122,1260,14,14,6.92,0,0,0,,,44,0,0.0,18,102,40.32,58,194,252,61.92,3,100.0,0,0,0,0,,0,0,0,3,10,14,0,0,0,1,1,1,1,0,0,0.0,,17,14,3,0,0,0.71,2,66.67,0,7,0,155,1,1,0,0,,0,0,0,0,0.0,0,0,0,0,163,0,8,0,0,8,27,16,43,0,14,0.0,0.0,0,0,0,0,0,0,0.0,8,0,0,0.0,1,85,0,0,5,83.33,253,170,237,407,96.9,0,1,553,1,3,0
Édgar Badía,811557,Elche,2846,spain,2122,2160,24,24,6.92,0,0,0,,,60,0,0.0,24,205,44.57,143,318,461,63.85,9,75.0,3,0,0,0,,0,0,0,5,31,24,0,0,0,0,3,2,0,0,0,0.0,,35,34,1,0,0,-0.39,0,0.0,0,16,0,261,0,0,0,0,,0,0,0,0,0.0,9,0,1,0,266,0,15,0,0,13,51,28,79,1,17,0.0,0.0,0,0,0,0,0,0,0.0,12,0,0,0.0,0,111,0,0,9,75.0,460,334,388,722,166.1,0,1,963,1,2,0
Stefan Savić,76265,Atlético Madrid,2836,spain,2122,2440,28,28,6.92,0,0,0,,,65,0,0.0,94,106,44.92,361,772,1133,82.34,71,57.26,53,0,0,0,,0,3,1,11,97,28,0,0,3,14,99,0,1,30,0,0.0,,24,22,2,0,0,,75,61.98,0,0,0,243,37,3,0,3,,1,0,0,0,0.0,0,0,0,0,263,0,0,0,0,0,0,0,0,0,0,0.0,0.0,0,15,0,9,5,8,88.89,0,46,21,45.65,3,136,9,1,146,59.59,236,527,850,1376,193.7,15,0,1686,22,12,0
Isco,103417,Real Madrid,2829,spain,2122,332,14,3,6.92,1,0,1,,,13,2,25.0,85,12,70.59,152,85,235,90.73,4,66.67,2,0,0,0,,3,0,4,0,0,12,0,0,7,7,29,0,0,7,0,11.11,,2,2,0,1,0,,34,55.74,0,0,0,24,2,10,0,0,,0,0,0,0,0.0,0,0,0,0,58,1,0,0,1,0,0,0,0,0,0,332.0,0.0,0,6,3,2,3,17,68.0,0,9,5,55.56,10,19,25,8,38,56.72,17,179,88,259,83.0,9,0,350,8,1,0
Eden Hazard,27583,Real Madrid,2829,spain,2122,725,18,7,6.92,0,1,1,,,3,2,16.67,199,6,85.71,283,69,350,90.91,1,14.29,6,0,0,0,,2,2,3,1,0,18,0,0,11,4,36,0,0,9,0,0.0,,10,10,0,0,0,,61,67.03,0,0,0,35,2,27,0,4,,0,0,0,0,0.0,0,0,0,0,87,6,0,0,0,0,0,0,0,0,0,0.0,0.0,0,9,3,2,7,25,80.65,0,6,3,50.0,27,5,31,12,62,63.27,7,326,71,385,124.5,12,0,543,30,2,0
Borja Mayoral,604954,Getafe,2859,spain,2122,1050,18,11,6.91,6,1,7,,,4,3,42.86,67,6,50.0,128,61,186,73.52,21,41.18,30,0,0,0,,1,0,7,0,3,18,0,0,16,1,73,0,0,13,0,35.29,,10,10,0,6,0,,41,48.81,0,0,0,67,4,13,2,4,,0,0,1,0,100.0,0,1,0,0,129,13,0,0,4,0,0,0,0,0,0,175.0,0.0,0,14,3,3,7,14,48.28,0,7,5,71.43,13,9,29,7,62,45.93,12,183,77,253,124.4,17,1,417,20,3,0
Óscar de Marcos,52663,Athletic Club,2825,spain,2122,1683,22,19,6.91,1,2,3,,,24,9,18.75,192,35,38.46,358,294,643,74.16,23,58.97,16,0,0,0,,4,1,0,3,26,22,0,0,7,15,67,0,0,25,0,33.33,,13,13,0,0,1,,61,54.46,0,0,0,224,19,18,0,3,,0,0,0,0,0.0,0,0,0,0,305,9,0,0,1,0,0,0,0,0,0,1683.0,0.0,0,2,1,0,3,4,30.77,0,50,37,74.0,18,57,13,48,84,55.63,91,554,361,867,152.0,3,2,1328,8,4,0
Jon Moncayola,976141,Osasuna,2820,spain,2122,2921,36,33,6.91,2,3,5,,,82,31,31.63,277,104,56.83,596,493,1058,82.08,19,46.34,22,0,0,0,,2,2,8,5,35,36,0,0,15,27,88,0,0,20,0,4.88,,41,38,3,1,1,,67,50.38,0,0,1,231,20,32,0,1,,0,0,0,0,0.0,0,0,0,0,366,13,0,0,2,0,0,0,0,0,0,1460.5,0.0,2,9,32,21,12,13,68.42,0,40,20,50.0,32,148,19,98,86,49.43,183,830,557,1289,248.7,41,1,1726,15,3,0
Leandro Cabrera,81992,Espanyol,2814,spain,2122,3330,37,37,6.91,2,0,2,,,148,0,0.0,148,164,40.29,514,887,1401,76.6,84,62.69,50,0,0,0,,1,0,3,10,215,37,0,0,3,13,99,0,2,32,0,11.11,,49,48,1,2,0,,57,53.77,1,0,2,428,44,10,1,2,,1,0,0,2,0.0,0,0,0,0,500,4,0,0,0,0,0,0,0,0,0,1665.0,0.0,0,18,0,9,6,1,20.0,0,37,24,64.86,10,342,5,13,141,58.75,407,809,1033,1829,255.5,18,1,2372,21,7,0
Papu Gómez,33381,Sevilla,2833,spain,2122,1787,29,19,6.9,5,1,6,,,52,20,35.09,269,56,69.14,487,330,797,88.95,10,33.33,20,0,0,0,,6,2,10,3,9,29,0,0,28,26,119,0,2,21,0,14.71,,11,10,1,4,1,,95,48.97,0,0,0,99,7,24,1,1,,0,1,0,0,0.0,0,0,0,0,232,8,0,0,4,0,0,0,0,0,0,357.4,0.0,0,13,21,12,12,28,51.85,0,19,11,57.89,23,88,54,57,105,46.88,81,601,352,896,200.2,34,0,1268,48,4,0
Unai Simón,797291,Athletic Club,2825,spain,2122,3060,34,34,6.9,0,0,0,,,60,0,0.0,32,172,41.55,108,389,497,66.62,8,88.89,1,0,0,0,,0,0,0,12,15,34,2,0,0,0,1,1,0,0,0,0.0,,31,29,2,0,0,-0.79,0,0.0,0,27,0,249,1,1,0,0,,1,0,0,0,0.0,3,0,0,0,256,0,10,0,0,11,49,32,83,1,13,0.0,0.0,0,0,0,0,0,0,0.0,11,0,0,0.0,1,110,0,0,8,88.89,414,305,441,746,234.7,0,1,1075,1,3,0
Oihan Sancet,966801,Athletic Club,2825,spain,2122,1424,27,16,6.9,6,4,10,,,16,3,30.0,189,13,76.47,272,72,341,78.21,17,35.42,31,0,0,0,,5,3,6,0,12,27,0,0,45,15,120,0,0,20,0,20.0,,17,16,1,6,0,,62,41.06,1,0,1,95,5,27,0,5,,0,0,0,0,0.0,0,0,0,0,227,11,0,0,5,0,0,0,0,0,0,237.33,0.0,0,24,6,10,14,23,62.16,0,12,7,58.33,27,28,37,10,79,39.7,17,362,84,436,186.3,30,1,725,27,2,0
Hugo Mallo,83506,Celta Vigo,2821,spain,2122,1829,21,21,6.9,1,1,2,,,27,11,15.07,194,29,28.71,379,364,732,76.81,41,59.42,28,0,0,0,,4,2,4,7,47,21,0,0,10,15,97,0,0,38,0,5.88,,25,21,4,1,0,,57,45.24,0,0,0,221,20,20,1,6,,0,0,0,1,0.0,0,0,0,0,350,8,0,2,0,0,0,0,0,0,0,1829.0,0.0,0,12,5,11,2,8,50.0,0,45,25,55.56,20,72,16,73,98,50.26,101,585,441,953,144.9,17,1,1497,4,3,2
Abdessamad Ezzalzouli,1011375,Barcelona,2817,spain,2122,581,10,6,6.9,1,0,1,,,2,2,13.33,66,2,100.0,98,32,128,76.19,3,30.0,7,0,0,0,,2,1,6,0,0,10,0,0,12,3,61,0,0,17,0,6.25,,8,6,2,1,0,,66,55.0,0,0,1,40,9,6,0,2,,0,0,0,0,0.0,0,0,0,0,122,5,0,0,1,0,0,0,0,0,0,581.0,0.0,0,12,4,6,4,34,57.63,0,17,9,52.94,6,4,59,15,69,53.08,2,143,40,168,69.0,16,0,364,15,4,0
Rafinha Alcântara,96367,Real Sociedad,2824,spain,2122,1060,17,13,6.9,1,0,1,,,15,4,19.05,181,24,70.59,361,220,577,88.5,13,46.43,15,0,0,0,,1,3,3,0,3,17,0,0,22,12,87,0,0,21,0,7.14,,10,9,1,1,0,,99,57.89,0,0,1,75,12,9,1,0,,0,0,0,0,0.0,0,0,0,0,162,8,0,0,0,0,0,0,0,0,0,1060.0,0.0,1,9,5,9,2,18,50.0,0,43,27,62.79,9,26,36,21,112,56.28,34,433,240,652,117.3,14,0,937,38,3,0
Marc Cucurella,794939,Getafe,2859,spain,2122,22,1,0,6.9,0,0,0,,,0,0,0.0,8,0,0.0,15,0,15,78.95,0,0.0,0,0,0,0,,0,0,1,0,0,1,0,0,0,0,0,0,0,0,0,0.0,,0,0,0,0,0,,2,100.0,0,0,0,4,0,1,0,0,,0,0,0,0,0.0,0,0,0,0,6,0,0,0,0,0,0,0,0,0,0,0.0,0.0,0,1,0,0,0,1,100.0,0,0,0,0.0,1,1,1,2,2,100.0,2,19,2,19,6.9,1,0,25,1,0,0
Samuel Umtiti,96547,Barcelona,2817,spain,2122,90,1,1,6.9,0,0,0,,,3,0,0.0,5,5,100.0,14,27,41,87.23,3,60.0,2,0,0,0,,0,0,0,0,4,1,0,0,0,1,3,0,0,0,0,0.0,,2,1,1,0,0,,3,75.0,0,0,0,6,0,0,0,1,,0,0,0,0,0.0,0,0,0,0,8,0,0,0,0,0,0,0,0,0,0,0.0,0.0,0,0,0,0,0,0,0.0,0,2,2,100.0,0,3,0,0,6,66.67,5,15,32,47,6.9,0,0,58,1,1,0
Antonio Blanco,855832,Real Madrid,2829,spain,2122,30,1,0,6.9,0,0,0,,,0,0,0.0,3,1,50.0,7,11,18,90.0,0,0.0,1,0,0,0,,0,0,0,0,0,1,0,0,1,0,3,0,0,1,0,0.0,,0,0,0,0,0,,3,60.0,0,0,0,2,1,0,0,0,,0,0,0,0,0.0,0,0,0,0,3,0,0,0,0,0,0,0,0,0,0,0.0,0.0,0,0,0,0,0,1,100.0,0,2,0,0.0,0,0,1,0,3,50.0,2,8,12,20,6.9,0,0,27,0,0,0
Víctor Ruiz,82400,Real Betis,2816,spain,2122,1429,18,17,6.9,0,0,0,,,39,0,0.0,51,54,53.47,241,533,774,86.97,46,60.53,30,0,0,0,,0,2,2,4,70,17,0,0,1,3,46,1,0,12,0,0.0,,17,15,2,0,0,,14,46.67,0,0,0,116,29,6,0,2,,0,0,0,0,0.0,0,0,0,0,133,1,0,0,0,0,0,0,0,0,0,0.0,0.0,0,7,0,4,1,1,50.0,0,11,9,81.82,6,75,2,0,60,56.6,101,305,585,890,117.3,7,1,1075,2,2,0
Iñaki Williams,783374,Athletic Club,2825,spain,2122,2786,38,32,6.9,8,5,13,,,9,6,12.5,179,15,57.69,301,116,411,67.71,50,47.17,56,0,0,0,,12,16,26,5,20,38,0,0,42,12,160,0,0,24,0,8.42,,25,23,2,8,0,,81,43.78,0,0,4,196,3,33,1,29,,0,0,1,0,100.0,0,1,0,0,412,15,0,0,7,0,0,0,0,0,0,348.25,0.0,0,83,12,32,37,28,50.0,0,14,5,35.71,33,22,56,48,131,45.02,26,511,144,607,262.1,95,1,1116,40,4,0
José Luis Morales,344129,Levante UD,2849,spain,2122,2723,35,31,6.9,13,7,20,,,19,26,21.49,206,29,61.7,339,144,457,72.77,16,34.04,31,1,0,1,,8,10,20,4,5,35,0,0,55,30,233,0,0,28,0,16.05,,54,46,8,13,0,,131,39.34,0,0,3,171,4,36,4,15,,0,0,5,0,60.0,0,3,0,1,528,18,0,0,9,0,0,0,0,0,0,209.46,0.0,2,54,27,25,36,64,41.03,0,27,17,62.96,36,38,156,121,147,38.68,47,579,170,628,241.4,81,5,1334,40,7,0
Thomas Lemar,191182,Atlético Madrid,2836,spain,2122,1451,24,17,6.9,4,5,9,,,31,24,26.67,237,28,71.79,419,184,579,85.15,12,54.55,10,0,0,0,,5,3,9,2,10,24,0,0,34,15,91,0,0,11,0,13.79,,25,23,2,4,0,,77,48.73,1,0,1,101,8,31,2,2,,0,0,0,2,0.0,0,0,0,0,246,11,0,0,1,0,0,0,0,0,0,362.75,0.0,1,15,14,12,8,32,58.18,0,24,14,58.33,31,48,55,90,89,49.44,39,563,207,680,165.5,29,1,1059,21,2,0
Héctor Bellerín,188365,Real Betis,2816,spain,2122,1979,23,22,6.9,0,2,2,,,41,12,28.57,179,26,41.94,378,273,639,77.83,27,58.7,19,0,0,0,,3,0,4,8,55,23,0,1,8,13,81,0,1,23,0,0.0,,23,19,4,0,0,,88,58.67,0,0,0,182,23,26,0,2,,1,0,0,0,0.0,0,0,0,0,304,4,0,1,0,0,0,0,0,0,0,0.0,0.0,0,4,6,4,2,22,52.38,0,52,32,61.54,26,76,42,42,115,58.67,62,508,355,821,158.6,10,1,1338,14,2,0
Iñigo Ruiz de Galarreta,96365,Mallorca,2826,spain,2122,1398,22,17,6.9,0,0,0,,,44,2,14.29,171,41,58.57,354,260,612,82.59,18,60.0,12,0,0,0,,1,0,2,1,20,22,0,0,15,16,76,0,0,25,0,0.0,,18,16,2,0,0,,99,60.74,0,0,0,129,20,11,0,0,,0,0,0,0,0.0,0,0,0,0,190,6,0,0,0,0,0,0,0,0,0,0.0,0.0,0,2,6,3,3,26,74.29,0,40,21,52.5,11,75,35,14,117,60.62,70,472,283,741,151.7,8,0,1003,33,4,0
David Soria,604258,Getafe,2859,spain,2122,3415,38,38,6.89,0,0,0,,,107,0,0.0,67,397,43.11,277,273,550,50.97,16,100.0,0,0,0,0,,0,0,0,13,47,38,0,0,0,1,2,2,0,1,0,0.0,,41,40,1,0,0,-0.28,2,50.0,0,20,0,529,0,0,0,0,,0,0,0,1,0.0,4,0,1,0,540,0,25,0,0,17,58,34,94,2,22,0.0,0.0,0,0,0,0,0,0,0.0,16,1,0,0.0,0,196,0,0,18,90.0,921,711,368,1079,262.0,0,1,1367,3,4,0
Boulaye Dia,960080,Villarreal,2819,spain,2122,1266,25,13,6.89,5,5,10,,,5,0,0.0,76,3,60.0,120,69,189,75.3,31,46.27,36,0,0,0,,3,3,15,2,3,25,0,0,21,3,91,0,0,23,0,13.51,,9,8,1,5,0,,32,36.78,1,0,1,62,5,17,1,7,,0,0,0,0,0.0,0,0,0,0,130,10,0,0,3,0,0,0,0,0,0,253.2,0.0,0,32,5,11,11,11,52.38,0,8,6,75.0,17,6,21,1,63,40.91,5,170,82,251,172.3,37,0,422,13,3,0
Alberto Moreno,229740,Villarreal,2819,spain,2122,1226,24,13,6.89,3,2,5,,,16,14,29.79,152,11,47.83,276,194,456,85.55,7,41.18,10,0,0,0,,5,0,8,3,11,23,0,0,13,13,63,0,0,20,0,13.64,,9,7,2,3,0,,44,45.36,0,0,1,77,27,16,3,6,,0,0,0,2,0.0,0,0,0,0,179,11,0,0,0,0,0,0,0,0,0,408.67,0.0,1,15,7,4,10,10,58.82,0,13,7,53.85,16,30,17,47,51,44.74,23,371,209,533,158.5,22,0,812,21,3,0
Adama Traoré,286165,Barcelona,2817,spain,2122,384,11,4,6.89,0,2,2,,,5,11,28.95,51,3,75.0,100,20,109,85.16,5,71.43,2,0,0,0,,2,1,2,0,3,11,0,0,5,2,26,1,0,7,0,0.0,,7,6,1,0,0,,35,59.32,0,0,0,19,4,7,0,2,,0,0,0,0,0.0,0,0,0,0,78,5,0,0,0,0,0,0,0,0,0,0.0,0.0,0,9,0,4,3,24,68.57,0,4,2,50.0,7,8,35,38,40,60.61,4,140,26,128,75.8,9,0,258,7,0,0
Marcos Llorente,353138,Atlético Madrid,2836,spain,2122,2455,29,29,6.89,0,2,2,,,16,12,16.9,285,37,52.11,483,453,924,84.77,18,42.86,24,0,0,0,,2,0,5,5,37,29,0,0,22,15,97,0,0,30,0,0.0,,26,22,4,0,0,,86,54.09,0,0,1,166,27,27,0,7,,0,1,0,1,0.0,0,0,0,0,348,13,0,0,0,0,0,0,0,0,0,0.0,0.0,0,8,8,9,2,19,63.33,0,51,23,45.1,26,32,30,71,104,51.74,71,649,512,1090,199.8,16,0,1656,16,5,0
Pedro Bigas,141832,Elche,2846,spain,2122,1555,19,19,6.89,1,0,1,,,26,1,50.0,67,53,44.92,254,551,804,86.92,36,76.6,11,0,0,0,,0,0,3,2,76,19,0,0,0,11,42,1,0,16,0,8.33,,26,24,2,1,0,,36,53.73,1,0,0,121,18,5,0,0,,0,0,0,0,0.0,0,0,0,0,144,2,0,0,0,0,0,0,0,0,0,1555.0,0.0,1,8,4,6,3,2,33.33,0,24,10,41.67,5,63,6,2,72,63.16,118,339,588,925,130.9,12,1,1141,11,6,0
Ángel Correa,316152,Atlético Madrid,2836,spain,2122,1856,36,21,6.89,12,5,17,,,17,5,14.71,210,12,44.44,324,139,458,76.46,6,27.27,16,0,0,0,,6,3,17,1,3,36,0,1,48,22,133,0,0,24,0,24.0,,21,18,3,10,2,,74,38.74,1,0,2,141,10,25,2,10,,0,0,0,0,0.0,0,0,0,0,327,11,0,1,9,0,0,0,0,0,0,154.67,0.0,0,38,12,10,23,32,58.18,0,16,8,50.0,25,33,55,34,80,37.56,27,473,160,599,248.0,50,3,1005,27,3,0
Óscar Valentín,900008,Rayo Vallecano,2818,spain,2122,2575,35,29,6.89,0,0,0,,,68,1,33.33,229,91,56.88,570,532,1101,83.79,37,43.53,48,0,0,0,,2,2,3,2,43,35,0,0,11,61,173,0,0,50,0,0.0,,38,34,4,0,0,,171,57.77,0,0,0,213,39,15,0,0,,0,0,0,1,0.0,0,0,0,0,272,10,0,0,0,0,0,0,0,0,0,0.0,0.0,0,5,6,6,2,16,80.0,0,102,53,51.96,15,114,20,3,208,54.59,160,723,594,1314,241.0,11,0,1762,55,8,0
Aitor Fernández,99516,Levante UD,2849,spain,2122,1167,13,13,6.88,0,0,0,,,22,0,0.0,6,69,39.66,33,170,203,65.06,2,100.0,0,0,0,0,,0,0,0,2,9,13,1,1,0,0,0,0,0,1,0,0.0,,29,25,4,0,0,,2,100.0,0,7,0,109,0,0,0,0,,0,0,0,0,0.0,2,0,1,0,114,0,2,1,0,10,27,25,52,1,11,0.0,0.0,0,0,0,0,0,0,0.0,10,2,1,50.0,0,38,0,0,4,100.0,174,114,198,312,89.5,0,1,462,1,1,0
Rodrygo,910536,Real Madrid,2829,spain,2122,1534,33,17,6.88,4,4,8,,,8,8,19.51,261,7,43.75,436,111,539,86.1,14,35.9,25,0,0,0,,3,4,7,1,3,31,0,0,15,15,103,0,0,20,0,11.76,,13,12,1,4,0,,74,48.68,0,0,0,87,11,28,0,13,,0,0,0,0,0.0,0,0,0,3,229,10,0,0,4,0,0,0,0,0,0,383.5,0.0,0,25,9,12,15,27,46.55,0,18,14,77.78,28,15,58,41,88,46.07,16,535,132,626,213.4,34,2,972,29,3,0
Álex Moreno,294593,Real Betis,2816,spain,2122,2407,30,28,6.88,5,3,8,,,27,13,15.48,231,29,27.36,457,354,798,76.22,24,40.0,36,0,0,0,,2,4,8,7,68,30,0,1,18,27,149,1,0,33,0,18.52,,30,28,2,4,1,,137,54.8,1,0,2,249,34,21,2,3,,0,0,0,0,0.0,0,0,0,1,483,5,0,1,2,0,0,0,0,0,0,481.4,0.0,0,21,6,11,8,23,37.7,0,76,40,52.63,21,71,61,84,161,51.94,106,680,451,1047,206.5,27,3,1871,38,4,0
Martín Montoya,99517,Real Betis,2816,spain,2122,519,6,6,6.88,0,1,1,,,9,1,7.69,65,9,42.86,128,93,220,82.71,10,62.5,6,0,0,0,,2,0,1,0,17,6,0,0,2,11,27,0,0,8,0,0.0,,8,8,0,0,0,,30,58.82,0,0,0,46,11,3,0,0,,0,0,0,0,0.0,0,0,0,0,76,0,0,0,0,0,0,0,0,0,0,0.0,0.0,0,2,3,2,2,0,0.0,0,20,12,60.0,3,17,1,13,40,59.7,21,169,110,266,41.3,5,0,411,10,2,0
Sergio Asenjo,41011,Villarreal,2819,spain,2122,540,6,6,6.88,0,0,0,,,15,0,0.0,3,23,37.7,8,139,147,78.19,2,100.0,0,0,0,0,,0,0,0,0,7,6,0,0,0,1,1,0,0,0,0,0.0,,9,9,0,0,0,1.58,0,0.0,0,3,0,41,1,0,0,0,,0,0,0,0,0.0,1,0,0,0,43,0,1,0,0,7,11,8,19,0,6,0.0,0.0,0,0,0,0,0,0,0.0,7,0,0,0.0,0,31,0,0,2,66.67,61,41,147,188,41.3,0,0,259,0,1,0
Nemanja Maksimović,331449,Getafe,2859,spain,2122,2943,35,34,6.88,1,1,2,,,25,2,15.38,167,31,43.66,346,304,648,77.7,47,52.81,42,0,0,0,,0,2,9,8,33,35,0,0,11,31,102,0,0,13,0,3.23,,37,36,1,1,0,,79,56.83,0,0,0,186,71,19,0,0,,0,0,0,0,0.0,0,0,0,0,248,10,0,0,1,0,0,0,0,0,0,2943.0,0.0,0,22,9,17,5,10,62.5,0,56,32,57.14,19,50,16,13,126,55.26,71,493,354,834,240.8,31,0,1247,13,4,0
Fernando,41837,Sevilla,2833,spain,2122,1850,24,21,6.88,1,1,2,,,42,0,0.0,152,104,67.53,416,694,1110,89.23,35,43.75,45,0,0,0,,0,0,2,7,31,24,0,0,6,21,91,0,2,16,0,16.67,,17,13,4,1,0,,42,47.73,0,0,0,134,29,6,0,1,,0,0,0,0,0.0,0,0,0,0,172,9,0,0,1,0,0,0,0,0,0,1850.0,0.0,0,3,3,3,1,7,63.64,0,24,17,70.83,6,70,11,1,77,45.83,154,500,745,1244,165.1,6,0,1451,11,6,0
Javi Galán,825133,Celta Vigo,2821,spain,2122,3300,37,37,6.88,0,3,3,,,58,30,17.34,297,75,42.86,666,694,1330,81.95,25,34.72,47,0,0,0,,2,0,3,12,39,37,0,0,37,57,233,0,0,54,0,0.0,,43,38,5,0,0,,268,59.03,0,0,1,293,45,23,0,11,,0,0,0,0,0.0,0,0,0,0,643,8,0,0,0,0,0,0,0,0,0,0.0,0.0,1,5,14,11,5,85,68.0,0,108,66,61.11,23,118,125,173,293,55.7,175,992,804,1623,254.5,19,1,2854,75,9,0
Unai García,330675,Osasuna,2820,spain,2122,1407,18,15,6.88,0,0,0,,,35,1,12.5,59,66,45.21,136,264,399,75.14,34,50.75,33,0,0,0,,0,0,3,4,76,18,0,0,2,3,48,0,0,10,0,0.0,,18,17,1,0,0,,31,67.39,0,0,0,132,22,3,0,0,,0,0,0,1,0.0,0,0,0,0,157,1,0,0,0,0,0,0,0,0,0,0.0,0.0,0,6,2,5,0,3,75.0,0,21,12,57.14,3,78,4,8,65,57.52,146,248,291,531,123.8,8,0,749,7,5,0
Kevin Vázquez,795257,Celta Vigo,2821,spain,2122,1331,17,16,6.88,0,1,1,,,7,6,14.29,137,23,35.94,290,232,516,78.3,18,38.3,29,0,0,0,,1,1,0,3,26,17,0,0,12,14,75,0,0,18,0,0.0,,15,14,1,0,0,,64,58.18,0,0,1,143,36,10,0,0,,0,0,0,1,0.0,0,0,0,0,239,1,0,0,0,0,0,0,0,0,0,0.0,0.0,0,3,0,2,1,11,68.75,0,34,24,70.59,10,26,16,42,82,52.23,64,412,289,659,116.9,3,1,1101,19,3,0
Darwin Machís,252863,Granada,33779,spain,2122,1391,25,16,6.88,4,2,6,,,12,15,22.73,94,18,40.91,179,88,252,71.39,12,40.0,18,0,0,0,,4,0,11,1,13,25,0,0,22,14,100,0,0,20,0,10.81,,22,19,3,1,3,,87,51.48,0,0,0,101,15,19,1,6,,0,1,0,0,0.0,0,0,0,0,264,10,0,0,3,0,0,0,0,0,0,347.75,0.0,1,18,19,9,17,34,56.67,0,23,13,56.52,18,32,60,66,99,49.75,44,308,111,353,171.9,37,1,738,30,2,0
Francis Coquelin,40672,Villarreal,2819,spain,2122,835,20,8,6.88,2,1,3,,,14,0,0.0,143,12,66.67,281,126,407,86.05,15,55.56,12,0,0,0,,0,0,1,0,10,20,0,0,17,9,62,0,0,23,0,40.0,,10,9,1,2,0,,56,52.83,0,0,0,66,19,10,0,0,,0,0,0,0,0.0,0,0,0,0,105,11,0,0,2,0,0,0,0,0,0,417.5,0.0,0,5,0,2,2,17,85.0,0,26,17,65.38,10,27,20,1,71,53.38,18,336,138,473,137.5,5,0,639,13,3,0
Yéremy Pino,984624,Villarreal,2819,spain,2122,1685,31,21,6.87,6,4,10,,,8,4,26.67,163,8,53.33,276,132,404,78.91,16,37.21,27,0,0,0,,6,5,3,0,6,31,0,0,23,14,122,0,1,29,0,22.22,,20,20,0,6,0,,91,48.92,1,0,0,108,6,26,1,10,,0,0,0,0,0.0,0,0,0,0,243,19,0,0,4,0,0,0,0,0,0,280.83,0.0,0,24,3,9,15,25,44.64,0,32,14,43.75,26,13,56,15,107,46.72,15,381,146,512,213.1,27,2,873,34,2,0
Thomas Delaney,66477,Sevilla,2833,spain,2122,1547,26,15,6.87,2,1,3,,,39,1,7.14,120,53,50.48,274,343,616,78.27,55,59.14,38,0,0,0,,1,1,5,3,33,26,0,0,6,14,83,0,0,26,0,11.76,,12,9,3,1,1,,68,60.18,0,0,2,171,13,10,2,1,,0,0,0,0,0.0,0,0,0,0,213,3,0,1,0,0,0,0,0,0,0,773.5,0.0,0,15,2,8,4,6,66.67,0,41,24,58.54,10,82,9,14,123,59.71,105,408,393,787,178.7,17,0,1009,21,2,1
Eric García,876214,Barcelona,2817,spain,2122,2042,26,23,6.87,0,0,0,,,41,0,0.0,184,86,69.92,671,887,1558,93.18,32,60.38,21,0,0,0,,0,1,2,5,47,26,0,1,1,15,71,0,3,34,0,0.0,,20,19,1,0,0,,34,40.48,0,0,0,114,44,4,0,2,,0,0,0,1,0.0,0,0,0,0,135,2,0,1,0,0,0,0,0,0,0,0.0,0.0,0,2,4,0,4,2,66.67,0,27,18,66.67,4,72,3,2,66,48.18,123,744,930,1672,178.7,6,0,1883,5,5,0
Fran Beltrán,835484,Celta Vigo,2821,spain,2122,2608,37,31,6.87,1,0,1,,,78,6,35.29,255,135,76.7,751,963,1708,91.24,16,28.57,40,0,0,0,,0,0,7,6,31,37,0,0,20,40,125,0,0,17,0,5.0,,28,27,1,0,1,,100,54.05,0,0,0,164,32,11,0,0,,0,0,0,0,0.0,0,0,0,0,236,8,0,0,1,0,0,0,0,0,0,2608.0,0.0,0,0,20,9,4,19,70.37,0,56,41,73.21,11,109,27,17,116,48.13,176,862,1027,1872,254.3,20,1,2255,25,4,0
Joan Jordán,591750,Sevilla,2833,spain,2122,2527,36,31,6.87,0,1,1,,,106,6,26.09,401,153,73.56,860,735,1589,88.47,11,32.35,23,0,0,0,,2,1,5,6,17,36,0,0,21,37,147,0,1,54,0,0.0,,21,16,5,0,0,,110,47.01,0,0,1,207,30,24,0,1,,0,0,0,0,0.0,0,0,0,0,304,21,0,0,0,0,0,0,0,0,0,0.0,0.0,1,7,9,10,1,23,62.16,0,61,30,49.18,24,150,37,23,121,45.15,208,1014,805,1796,247.4,16,0,2153,26,9,0
Luis Suárez,16943,Atlético Madrid,2836,spain,2122,1842,35,20,6.87,11,2,13,,,21,1,16.67,146,22,75.86,240,123,362,73.73,20,45.45,24,0,0,1,,4,8,5,0,14,35,0,0,10,8,78,0,0,20,0,20.37,,26,23,3,10,1,,39,41.94,3,0,1,129,1,15,3,12,,0,0,3,1,66.67,0,2,0,2,220,6,0,0,5,0,0,0,0,0,0,167.45,0.0,2,40,14,23,26,6,26.09,0,8,5,62.5,15,41,23,6,59,43.07,29,351,146,491,240.5,54,2,726,26,7,0
Santi Comesaña,843678,Rayo Vallecano,2818,spain,2122,2698,35,32,6.87,1,2,3,,,58,3,30.0,284,86,64.66,649,565,1211,82.72,59,48.36,63,0,0,0,,2,4,7,2,29,35,0,0,35,64,237,0,0,60,0,3.13,,34,30,4,1,0,,188,51.93,1,0,1,253,33,27,0,1,,0,0,0,0,0.0,0,0,0,0,365,13,0,1,0,0,0,0,0,0,0,2698.0,0.0,1,25,7,20,5,48,75.0,0,87,56,64.37,27,104,64,10,247,51.03,133,832,642,1464,240.4,32,1,2004,56,10,1
Johan Mojica,344847,Elche,2846,spain,2122,2856,33,32,6.87,2,5,7,,,86,44,27.85,255,86,43.0,575,539,1070,77.37,28,57.14,21,0,0,0,,10,0,4,7,49,33,0,0,21,8,123,1,2,32,0,12.5,,40,38,2,2,0,,127,55.46,0,0,1,313,25,29,2,4,,0,0,0,0,0.0,0,0,0,0,594,3,0,0,0,0,0,0,0,0,0,1428.0,0.0,0,8,8,9,3,31,43.06,0,46,25,54.35,29,171,72,158,155,55.76,200,865,676,1383,226.6,16,0,2301,50,4,0
Antonio Raíllo,807116,Mallorca,2826,spain,2122,1530,17,17,6.86,2,0,2,,,23,0,0.0,46,51,51.52,158,373,531,85.65,28,50.0,28,0,0,0,,0,0,3,3,80,17,0,0,1,1,50,0,0,20,0,22.22,,30,27,3,2,0,,29,56.86,1,0,1,89,18,0,0,1,,1,0,0,0,0.0,0,0,0,0,102,0,0,0,1,0,0,0,0,0,0,765.0,0.0,0,9,0,2,4,0,0.0,0,16,7,43.75,0,54,1,1,57,53.27,99,220,401,620,116.7,9,1,810,14,8,0
Damián Suárez,36982,Getafe,2859,spain,2122,2720,35,31,6.86,0,3,3,,,81,37,28.46,248,77,39.49,507,269,739,70.99,25,46.3,29,0,0,0,,4,0,1,9,27,34,0,0,14,49,163,0,0,46,0,0.0,,28,27,1,0,0,,122,47.66,0,0,1,302,31,47,0,1,,0,1,0,0,0.0,0,0,0,0,566,19,0,0,0,0,0,0,0,0,0,0.0,0.0,2,4,10,9,4,15,35.71,0,74,47,63.51,46,173,42,130,147,47.42,195,832,339,1041,233.4,14,2,1868,33,13,0
Willian José,123223,Real Betis,2816,spain,2122,1615,32,19,6.86,8,4,12,,,25,2,28.57,143,23,54.76,263,154,415,78.3,22,39.29,34,0,0,0,,2,2,11,1,16,30,0,0,36,6,98,0,0,12,0,22.86,,18,17,1,7,1,,44,40.74,0,0,1,115,3,22,3,7,,0,0,3,0,100.0,0,3,0,0,206,10,0,0,5,0,0,0,0,0,0,201.88,0.0,3,24,11,12,12,6,37.5,0,15,13,86.67,22,40,16,7,66,40.24,42,358,179,530,205.9,35,1,757,23,1,0
Kieran Trippier,69256,Atlético Madrid,2836,spain,2122,978,15,12,6.86,0,0,0,,,37,7,21.21,146,41,48.24,284,219,496,78.73,28,68.29,13,0,0,0,,0,0,1,2,8,15,0,0,4,9,44,0,0,14,0,0.0,,13,10,3,0,0,,35,53.03,0,0,0,134,10,7,0,4,,0,0,0,0,0.0,0,0,0,0,194,5,0,0,0,0,0,0,0,0,0,0.0,0.0,1,1,1,1,0,7,58.33,0,22,12,54.55,7,84,12,33,63,58.88,85,413,250,630,102.9,2,0,884,6,1,0
Raúl García,4581,Athletic Club,2825,spain,2122,1819,35,24,6.86,6,2,8,,,21,2,10.0,157,19,43.18,253,110,361,62.03,57,44.53,71,0,0,1,,6,4,11,0,20,35,0,0,15,28,160,0,0,49,0,13.64,,17,16,1,6,0,,68,43.31,1,0,2,221,9,18,2,12,,0,0,1,0,0.0,0,0,0,0,293,15,0,0,3,0,0,0,0,0,0,303.17,0.0,0,31,13,19,14,9,75.0,0,27,17,62.96,18,56,12,20,125,43.86,44,454,148,582,240.0,44,0,862,32,4,0
Sergiño Dest,906021,Barcelona,2817,spain,2122,1521,21,17,6.85,0,3,3,,,13,7,11.86,243,15,68.18,478,283,754,92.4,7,35.0,13,0,0,0,,5,2,1,2,17,21,0,0,24,5,87,0,0,17,0,0.0,,15,13,2,0,0,,88,54.32,0,0,0,62,2,18,0,1,,0,0,0,0,0.0,0,0,0,0,216,6,0,0,0,0,0,0,0,0,0,0.0,0.0,0,9,3,8,3,37,56.06,0,32,15,46.88,18,17,66,59,95,52.2,22,575,300,816,143.9,12,1,1265,19,2,0
Diego Rico,350560,Real Sociedad,2824,spain,2122,1651,21,19,6.85,0,0,0,,,37,15,26.32,164,19,22.89,338,326,649,75.64,26,65.0,14,0,0,0,,0,0,3,7,39,21,0,0,7,23,76,0,0,16,0,0.0,,13,12,1,0,0,,70,53.03,0,0,0,209,30,15,0,4,,0,0,0,1,0.0,0,0,0,0,339,9,0,0,0,0,0,0,0,0,0,0.0,0.0,0,3,7,6,1,12,41.38,0,41,20,48.78,15,89,29,57,96,55.81,83,523,392,858,143.9,10,0,1417,17,4,0
Chimy Ávila,789381,Osasuna,2820,spain,2122,1878,36,22,6.85,6,1,7,,,27,23,29.11,113,21,37.5,216,85,278,60.04,52,42.28,71,0,0,0,,5,3,13,0,14,36,0,0,22,14,147,0,1,31,0,9.52,,22,20,2,5,1,,73,48.99,1,0,2,185,13,19,2,13,,0,0,1,1,100.0,0,1,0,0,336,8,0,1,3,0,0,0,0,0,0,313.0,0.0,4,23,40,34,16,18,56.25,0,17,7,41.18,19,46,32,79,125,45.96,56,433,109,463,246.6,63,0,864,40,7,1
Álex Berenguer,592012,Athletic Club,2825,spain,2122,2177,34,24,6.85,3,6,9,,,23,31,21.38,250,17,32.08,398,146,513,71.55,51,46.36,59,0,0,1,,11,8,12,5,14,34,0,0,36,40,213,0,0,44,0,6.52,,17,16,1,3,0,,122,44.2,1,0,1,204,16,43,0,14,,0,0,1,0,0.0,0,0,0,0,482,13,0,0,2,0,0,0,0,0,0,725.67,0.0,1,28,18,18,16,33,46.48,0,45,26,57.78,43,55,71,145,173,44.82,53,678,184,717,232.9,46,2,1344,46,8,0
Oussama Idrissi,823963,Cádiz,4488,spain,2122,1049,17,13,6.85,1,1,2,,,13,12,24.49,122,19,76.0,207,109,304,81.72,0,0.0,9,0,0,0,,2,3,5,1,4,16,0,0,19,12,74,0,0,14,0,4.0,,12,10,2,1,0,,47,41.96,0,0,1,68,4,22,0,4,,0,0,0,0,0.0,0,0,0,1,170,9,0,0,1,0,0,0,0,0,0,1049.0,0.0,0,16,9,10,10,31,59.62,0,9,4,44.44,22,23,52,49,47,38.84,25,304,117,372,109.6,25,1,613,7,3,0
Marcelo Saracchi,796444,Levante UD,2849,spain,2122,186,4,2,6.85,0,1,1,,,4,2,28.57,19,6,75.0,35,35,68,81.93,1,50.0,1,0,0,0,,1,0,0,0,7,4,0,0,1,2,7,0,1,3,0,0.0,,4,4,0,0,0,,10,62.5,0,0,0,15,4,6,0,0,,0,0,0,0,0.0,0,0,0,0,24,0,0,0,0,0,0,0,0,0,0,0.0,0.0,0,0,0,0,0,2,100.0,0,8,5,62.5,6,7,2,7,11,61.11,8,51,39,83,27.4,0,0,136,0,2,0
Leo Román,1131909,Mallorca,2826,spain,2122,180,2,2,6.85,0,0,0,,,3,0,0.0,1,9,31.03,4,36,40,66.67,0,0.0,0,0,0,0,,0,0,0,0,3,2,0,0,0,0,0,0,0,0,0,0.0,,5,5,0,0,0,,1,100.0,0,1,0,20,0,0,0,0,,0,0,0,0,0.0,1,0,0,0,20,0,1,0,0,1,4,6,10,0,1,0.0,0.0,0,0,0,0,0,1,100.0,1,0,0,0.0,0,5,1,0,1,100.0,29,19,41,60,13.7,0,0,82,0,0,0
Luis Abram,790031,Granada,33779,spain,2122,559,8,6,6.85,0,0,0,,,5,0,0.0,9,12,44.44,35,154,189,84.75,7,31.82,15,0,0,0,,0,1,0,1,37,8,0,0,0,2,21,0,1,5,0,0.0,,5,5,0,0,0,,10,62.5,0,0,1,34,5,0,0,0,,1,0,0,0,0.0,0,0,0,0,35,0,0,0,0,0,0,0,0,0,0,0.0,0.0,0,2,0,1,1,0,0.0,0,6,3,50.0,0,13,0,0,17,44.74,27,47,176,223,54.8,2,0,292,4,2,0
Luis Javier Suárez,914213,Granada,33779,spain,2122,2855,37,34,6.85,8,4,12,,,22,6,15.79,173,19,40.43,301,120,415,67.26,56,32.56,116,1,0,0,,4,9,26,2,21,37,0,0,42,20,252,0,0,40,0,9.3,,51,46,5,5,3,,105,43.57,0,0,3,202,6,31,1,5,,0,1,1,0,0.0,0,0,0,0,423,24,0,0,7,0,0,0,0,0,0,356.88,0.0,1,57,29,35,25,44,55.7,0,26,14,53.85,30,43,79,38,161,38.98,47,499,156,617,253.4,86,0,1168,36,6,0
Nacho Vidal,844752,Osasuna,2820,spain,2122,2918,35,33,6.85,0,1,1,,,66,11,15.49,221,73,43.71,427,356,772,70.96,71,66.98,35,0,0,0,,2,1,9,10,71,35,0,0,9,38,153,0,0,48,0,0.0,,40,37,3,0,0,,137,53.73,0,0,0,316,58,22,0,3,,0,1,0,2,0.0,0,0,0,1,530,9,0,0,0,0,0,0,0,0,0,0.0,0.0,0,11,10,11,1,23,47.92,0,83,47,56.63,21,132,48,71,208,57.62,167,694,465,1088,239.7,21,4,2014,33,9,0
Franco Cervi,557008,Celta Vigo,2821,spain,2122,1804,33,21,6.85,4,3,7,,,20,13,16.67,178,22,56.41,338,214,539,80.09,17,35.42,31,0,0,0,,1,2,3,1,13,33,0,0,21,44,136,0,0,22,0,18.18,,22,21,1,4,0,,133,55.88,1,0,3,134,21,12,2,2,,0,0,0,0,0.0,0,0,0,1,291,20,0,0,1,0,0,0,0,0,0,451.0,0.0,0,14,8,9,10,20,51.28,0,73,41,56.16,12,40,39,78,150,52.45,39,496,255,673,226.0,22,0,1149,40,6,0
Matheus Cunha,886363,Atlético Madrid,2836,spain,2122,1055,29,8,6.85,6,4,10,,,4,3,42.86,61,3,42.86,98,52,147,71.01,20,21.28,74,0,0,0,,5,6,7,0,9,29,0,0,12,15,126,0,0,22,0,16.22,,14,12,2,6,0,,52,50.0,0,0,2,60,5,8,1,1,,0,0,0,1,0.0,0,0,0,2,119,7,0,0,5,0,0,0,0,0,0,175.83,0.0,0,28,9,15,15,7,58.33,0,19,12,63.16,8,9,12,7,72,36.36,7,150,64,207,198.6,37,0,427,26,3,0
Pepelu,826948,Levante UD,2849,spain,2122,2032,29,23,6.85,0,0,0,,,100,23,39.66,228,75,51.37,507,496,980,81.13,31,68.89,14,0,0,0,,4,1,7,2,29,29,0,0,10,25,101,0,0,47,0,0.0,,39,35,4,0,0,,79,47.59,0,0,0,228,38,26,0,0,,0,0,0,0,0.0,0,0,0,0,309,12,0,0,0,0,0,0,0,0,0,0.0,0.0,2,4,10,5,2,13,65.0,0,46,27,58.7,26,164,20,58,110,52.13,146,711,555,1208,198.6,14,0,1542,20,9,0
Pablo Gavi,1103693,Barcelona,2817,spain,2122,2329,34,28,6.85,2,5,7,,,21,8,16.67,401,33,62.26,794,282,1068,89.3,32,47.76,35,0,0,0,,8,7,8,3,10,34,0,0,49,24,200,0,0,63,0,6.67,,27,24,3,2,0,,160,49.23,1,0,2,128,25,21,0,12,,0,1,0,0,0.0,0,0,0,1,329,20,0,1,1,0,0,0,0,0,0,1164.5,0.0,0,23,7,14,8,53,61.63,0,38,18,47.37,20,42,86,48,192,48.98,53,931,313,1196,232.8,30,1,1748,69,9,1
Nemanja Gudelj,68332,Sevilla,2833,spain,2122,1047,21,9,6.85,0,0,0,,,12,0,0.0,42,22,45.83,166,433,599,89.27,29,78.38,8,0,0,0,,0,0,0,4,36,20,0,0,2,3,28,0,0,15,0,0.0,,9,7,2,0,0,,25,55.56,0,0,0,72,22,2,0,0,,0,0,0,0,0.0,0,0,0,0,82,3,0,0,0,0,0,0,0,0,0,0.0,0.0,1,1,3,3,1,0,0.0,0,16,7,43.75,2,28,0,0,54,65.85,48,200,471,671,136.9,4,1,806,9,5,0
Borja Iglesias,785989,Real Betis,2816,spain,2122,1577,33,18,6.84,10,0,10,,,9,1,16.67,102,11,52.38,153,84,236,71.08,22,44.0,28,0,0,0,,5,5,8,0,7,32,0,0,30,8,107,0,0,25,0,26.32,,18,16,2,9,1,,48,37.8,2,0,2,96,4,15,0,8,,0,0,3,0,100.0,0,3,0,2,198,9,0,0,8,0,0,0,0,0,0,157.7,0.0,0,30,8,11,19,13,40.63,0,6,4,66.67,15,20,32,6,70,39.55,21,241,97,332,219.0,38,2,580,31,4,0
Okay Yokuşlu,97967,Getafe,2859,spain,2122,626,19,6,6.84,0,0,0,,,8,0,0.0,27,16,45.71,68,159,227,82.55,16,61.54,10,0,0,0,,0,1,1,4,23,16,0,0,4,1,22,0,0,8,0,0.0,,4,4,0,0,0,,27,69.23,0,0,0,48,7,0,0,0,,0,0,0,0,0.0,0,0,0,0,57,5,0,0,0,0,0,0,0,0,0,0.0,0.0,0,5,1,4,1,7,100.0,0,13,9,69.23,0,26,7,0,43,66.15,35,100,175,275,109.5,6,0,365,7,1,0
Brais Méndez,845385,Celta Vigo,2821,spain,2122,3036,37,36,6.84,4,5,9,,,64,7,17.07,434,74,66.67,785,395,1173,80.29,46,47.92,50,0,0,0,,5,2,20,8,28,37,0,0,49,61,269,0,0,75,0,7.14,,33,30,3,4,0,,155,41.44,0,0,1,288,37,35,3,9,,0,0,0,0,0.0,0,0,0,0,508,21,0,0,1,0,0,0,0,0,0,759.0,0.0,3,29,27,19,17,34,48.57,0,68,35,51.47,35,101,70,41,201,42.77,111,1034,468,1461,253.2,56,2,2134,54,8,0
Rubén Rochina,114155,Granada,33779,spain,2122,739,15,8,6.84,1,3,4,,,28,9,25.0,90,35,50.72,169,86,246,72.78,6,40.0,9,0,0,0,,2,0,5,2,4,14,0,0,16,20,61,0,1,11,0,6.67,,12,11,1,0,1,,51,49.51,0,0,0,92,6,13,1,1,,0,0,0,0,0.0,0,0,0,0,172,3,0,0,0,0,0,0,0,0,0,739.0,0.0,1,3,12,5,5,14,73.68,0,21,13,61.9,13,53,19,36,57,48.31,69,269,105,338,95.8,15,0,541,16,3,0
Takefusa Kubo,880218,Mallorca,2826,spain,2122,1612,28,17,6.84,1,0,1,,,10,13,25.49,155,10,45.45,261,84,332,74.94,11,44.0,14,0,0,0,,3,2,13,0,4,28,0,0,30,14,97,0,0,17,0,2.08,,33,29,4,1,0,,118,58.71,0,0,1,111,8,32,1,5,,0,0,0,0,0.0,0,0,0,0,279,17,0,0,0,0,0,0,0,0,0,1612.0,0.0,2,24,24,27,8,40,62.5,0,31,19,61.29,32,16,64,51,129,57.08,22,381,113,443,191.6,48,1,874,47,4,0
Lucas Pérez,107128,Cádiz,4488,spain,2122,2338,33,27,6.84,5,3,8,,,23,29,25.89,248,31,60.78,407,139,517,80.16,3,12.0,22,0,0,0,,7,8,7,1,5,33,0,0,27,17,88,0,0,9,1,17.24,,31,26,5,4,1,,41,38.32,0,0,3,128,3,42,3,20,,0,0,0,0,0.0,0,0,0,1,305,19,0,0,2,0,0,0,0,0,0,467.6,33.33,3,22,7,12,10,10,41.67,0,7,4,57.14,42,45,24,112,44,33.33,51,595,162,645,225.7,29,0,981,24,1,0
Iddrisu Baba,914014,Mallorca,2826,spain,2122,1943,26,23,6.84,1,1,2,,,32,1,20.0,101,52,57.14,264,352,615,79.77,41,53.95,35,0,0,0,,1,1,6,3,33,26,0,0,20,18,123,1,0,42,0,4.35,,36,29,7,1,0,,117,57.07,0,0,0,156,24,10,0,0,,0,0,0,0,0.0,0,0,0,0,221,6,0,0,1,0,0,0,0,0,0,1943.0,0.0,0,6,17,9,8,22,70.97,0,57,30,52.63,10,62,31,5,158,56.23,91,365,411,771,177.8,23,1,1111,38,9,0
Manu Trigueros,153966,Villarreal,2819,spain,2122,2195,35,27,6.84,6,4,10,,,45,3,15.79,340,50,53.76,596,363,956,80.34,19,43.18,25,0,0,0,,3,7,10,2,14,35,0,0,27,43,150,0,0,49,0,14.63,,22,18,4,4,2,,95,43.18,0,0,0,234,13,25,1,0,,0,2,0,0,0.0,0,0,0,1,329,11,0,0,5,0,0,0,0,0,0,365.83,0.0,0,26,15,13,18,8,53.33,0,45,25,55.56,23,97,15,19,114,43.18,93,810,399,1190,239.3,41,0,1524,43,3,0
Thierry Correia,851282,Valencia,2828,spain,2122,1424,19,18,6.84,0,1,1,,,36,3,6.25,112,35,46.67,206,135,338,70.71,19,57.58,14,0,0,0,,2,1,1,5,22,19,0,0,8,15,80,0,0,32,0,0.0,,11,9,2,0,0,,75,53.19,0,0,0,140,19,8,0,0,,0,0,0,0,0.0,0,0,0,0,262,15,0,0,0,0,0,0,0,0,0,0.0,0.0,0,1,2,1,1,11,50.0,0,35,23,65.71,8,81,22,48,94,54.02,75,334,192,478,129.9,3,0,895,29,5,0
Sergio Agüero,17094,Barcelona,2817,spain,2122,151,4,2,6.83,1,0,1,,,0,1,33.33,9,0,0.0,20,10,29,74.36,3,60.0,2,0,0,0,,1,1,1,0,0,3,0,0,1,2,7,0,0,1,0,16.67,,2,2,0,1,0,,4,44.44,0,0,0,10,0,1,0,1,,0,0,0,0,0.0,0,0,0,0,19,0,0,0,1,0,0,0,0,0,0,151.0,0.0,0,5,1,4,1,1,50.0,0,1,1,100.0,1,1,2,3,7,50.0,0,31,11,39,20.5,6,0,61,2,0,0
Jaume Costa,44577,Mallorca,2826,spain,2122,1849,25,21,6.83,0,4,4,,,21,18,24.0,164,25,29.07,334,236,552,75.41,26,45.61,31,0,0,0,,4,2,5,4,54,25,0,1,6,8,70,0,0,21,0,0.0,,32,27,5,0,0,,69,63.89,0,0,0,180,23,20,0,2,,0,0,0,0,0.0,0,0,0,0,312,7,0,1,0,0,0,0,0,0,0,0.0,0.0,0,6,5,4,2,9,64.29,0,35,26,74.29,20,69,14,75,95,57.58,86,526,281,732,170.8,11,1,1243,26,5,0
Gonzalo Escalante,316170,Deportivo Alavés,2885,spain,2122,1306,17,15,6.83,5,0,5,,,20,1,33.33,80,20,41.67,151,114,264,66.84,35,58.33,25,0,0,0,,0,2,3,1,26,17,0,0,14,21,82,0,0,25,0,31.25,,26,22,4,5,0,,59,50.86,3,0,0,131,21,7,1,3,,0,0,0,0,0.0,0,0,0,1,166,8,0,1,1,0,0,0,0,0,0,261.2,0.0,0,15,1,4,9,7,77.78,0,30,14,46.67,7,37,9,3,94,53.41,48,253,145,395,116.1,16,0,628,23,6,1
Koke,84539,Atlético Madrid,2836,spain,2122,2509,31,29,6.83,1,2,3,,,93,5,15.15,392,72,54.55,814,683,1492,86.49,14,35.9,25,0,0,0,,2,1,2,8,30,31,0,0,32,37,128,0,1,29,0,8.33,,34,29,5,1,0,,94,47.72,0,0,0,233,24,26,0,0,,0,0,0,0,0.0,0,0,0,0,329,15,0,0,1,0,0,0,0,0,0,2509.0,0.0,0,5,7,4,6,13,72.22,0,55,31,56.36,26,164,18,33,108,45.76,132,1020,738,1725,211.7,12,0,2070,27,6,0
Carlos Akapo,284179,Cádiz,4488,spain,2122,1847,25,21,6.83,0,0,0,,,24,14,31.11,111,20,32.26,251,248,485,75.19,37,53.62,32,0,0,0,,0,0,2,5,55,25,0,0,9,16,85,0,0,23,0,0.0,,27,25,2,0,0,,80,60.15,0,0,0,160,51,7,0,2,,0,0,0,1,0.0,0,0,0,0,268,3,0,0,0,0,0,0,0,0,0,0.0,0.0,0,4,6,7,1,12,57.14,0,43,31,72.09,7,54,21,45,117,57.92,62,376,314,645,170.7,10,1,1145,25,4,0
Matthew Miazga,330485,Deportivo Alavés,2885,spain,2122,839,11,9,6.83,0,0,0,,,20,0,0.0,14,34,48.57,62,180,242,75.86,32,80.0,8,0,0,0,,0,0,1,3,52,11,0,0,0,5,19,1,0,6,0,0.0,,15,13,2,0,0,,9,45.0,0,0,0,77,11,2,0,0,,0,0,0,0,0.0,0,0,0,0,82,1,0,0,0,0,0,0,0,0,0,0.0,0.0,0,7,0,3,3,0,0.0,0,7,7,100.0,2,37,0,0,41,68.33,70,106,213,319,75.1,7,1,431,2,2,0
Helibelton Palacios,329597,Elche,2846,spain,2122,1932,26,22,6.83,0,0,0,,,23,4,10.81,112,24,36.92,288,288,572,78.68,25,53.19,22,0,0,0,,0,0,0,2,57,26,0,0,10,18,85,0,0,28,0,0.0,,28,26,2,0,0,,126,66.67,0,0,0,155,18,7,0,0,,0,0,0,1,0.0,0,0,0,0,265,1,0,0,0,0,0,0,0,0,0,0.0,0.0,0,1,0,1,0,27,77.14,0,69,38,55.07,7,56,35,37,151,63.98,65,401,363,727,177.5,1,0,1249,30,6,0
Pablo Maffeo,788216,Mallorca,2826,spain,2122,2950,35,35,6.83,1,3,4,,,28,28,25.69,133,31,24.22,353,321,646,70.45,61,51.69,57,0,0,0,,2,2,7,6,60,35,0,0,55,31,204,0,0,32,0,3.45,,47,42,5,1,0,,190,56.38,1,0,2,271,46,29,0,3,,0,1,0,0,0.0,0,0,0,3,580,10,0,0,0,0,0,0,0,0,0,2950.0,0.0,0,15,14,15,7,49,62.03,0,84,47,55.95,28,92,79,109,251,55.16,128,611,415,917,238.9,29,1,1913,59,10,0
Paul Akouokou,839309,Real Betis,2816,spain,2122,521,8,6,6.83,0,0,0,,,12,1,100.0,53,13,56.52,149,135,283,87.62,6,75.0,2,0,0,0,,0,0,0,2,6,8,0,1,5,4,26,0,0,13,0,0.0,,3,3,0,0,0,,22,47.83,0,0,0,40,11,3,0,0,,0,0,0,0,0.0,0,0,0,0,50,1,0,1,0,0,0,0,0,0,0,0.0,0.0,0,1,1,2,0,6,75.0,0,14,9,64.29,3,20,8,1,28,51.85,23,176,148,323,54.6,2,0,396,2,2,0
Jens Jønsson,156640,Cádiz,4488,spain,2122,1312,22,17,6.82,0,1,1,,,7,3,60.0,45,6,26.09,114,140,251,76.06,28,68.29,13,0,0,0,,1,0,1,0,31,22,0,0,4,18,53,0,0,16,0,0.0,,19,19,0,0,0,,56,58.33,0,0,0,79,34,8,0,1,,0,0,0,0,0.0,0,0,0,0,105,3,0,0,0,0,0,0,0,0,0,0.0,0.0,0,6,0,5,0,8,80.0,0,40,29,72.5,8,21,10,5,84,61.31,23,163,172,330,150.1,6,0,522,8,3,0
Mario Hermoso,353130,Atlético Madrid,2836,spain,2122,1869,26,21,6.82,2,1,3,,,74,5,20.83,163,99,63.46,447,588,1030,87.07,48,67.61,23,0,0,0,,1,1,4,5,46,25,0,1,5,17,73,0,2,26,0,11.76,,30,26,4,2,0,,49,49.49,0,0,0,153,29,9,2,1,,1,0,0,0,0.0,0,0,0,0,202,2,0,1,0,0,0,0,0,0,0,934.5,0.0,0,13,4,8,5,8,72.73,0,30,15,50.0,9,115,11,24,97,57.06,156,558,649,1183,170.5,17,3,1514,11,6,0
Jesús Corona,123906,Sevilla,2833,spain,2122,1161,18,12,6.82,2,4,6,,,19,12,23.08,167,16,45.71,276,162,426,82.24,7,35.0,13,0,0,0,,4,1,2,1,5,18,0,0,29,3,81,0,0,11,0,16.67,,10,5,5,2,0,,58,46.03,1,0,0,92,8,26,1,7,,0,0,0,0,0.0,0,0,0,0,228,7,0,0,0,0,0,0,0,0,0,580.5,0.0,0,11,1,7,3,19,43.18,0,12,7,58.33,26,41,44,52,65,44.52,35,381,189,518,122.7,12,0,811,27,2,0
Robert Navarro,944165,Real Sociedad,2824,spain,2122,198,6,3,6.82,0,0,0,,,3,0,0.0,29,1,50.0,48,27,75,85.23,1,14.29,6,0,0,0,,0,0,0,0,2,6,0,0,5,2,18,0,0,3,0,0.0,,3,3,0,0,0,,14,53.85,0,0,1,13,2,1,0,1,,0,0,0,0,0.0,0,0,0,0,33,2,0,0,0,0,0,0,0,0,0,0.0,0.0,0,5,2,4,3,7,77.78,0,5,3,60.0,1,4,9,2,15,45.45,2,59,31,88,40.9,7,0,143,2,0,0
Radamel Falcao,25682,Rayo Vallecano,2818,spain,2122,840,22,8,6.81,6,0,6,,,5,2,50.0,46,2,66.67,84,48,130,77.84,27,44.26,34,0,0,0,,1,3,5,0,11,21,0,0,11,3,71,0,0,17,0,18.18,,12,11,1,6,0,,23,38.33,2,0,1,37,2,5,2,15,,0,0,0,0,0.0,0,0,0,0,90,2,0,0,2,0,0,0,0,0,0,140.0,0.0,2,27,6,13,15,3,30.0,0,2,1,50.0,5,6,10,4,50,41.32,3,114,57,167,143.1,33,0,316,18,1,0
Maximiliano Gómez,805245,Valencia,2828,spain,2122,1960,29,21,6.81,5,1,6,,,11,4,21.05,115,8,44.44,204,50,250,64.77,85,54.49,71,0,0,0,,3,3,14,4,22,29,0,0,19,3,150,0,0,49,0,11.63,,28,22,6,5,0,,62,43.97,1,0,1,136,3,18,0,10,,0,0,0,0,0.0,0,0,0,1,249,18,0,1,3,0,0,0,0,0,0,392.0,0.0,6,30,13,15,14,5,27.78,0,5,3,60.0,18,19,18,19,147,49.49,18,334,71,386,197.6,43,0,672,55,5,1
Alfonso Espino,542634,Cádiz,4488,spain,2122,3329,37,37,6.81,2,2,4,,,60,30,20.0,212,81,31.76,445,405,820,64.41,46,46.0,54,0,0,0,,3,1,3,12,77,37,0,0,21,67,212,0,1,50,0,7.41,,51,47,4,2,0,,174,52.41,0,0,2,453,54,36,2,6,,0,0,0,1,0.0,0,0,0,0,756,14,0,0,0,0,0,0,0,0,0,1664.5,0.0,0,13,14,17,7,24,51.06,0,107,63,58.88,36,176,47,150,220,50.93,255,865,558,1273,252.1,27,0,2321,43,6,0
Joseph Aidoo,796320,Celta Vigo,2821,spain,2122,2640,32,30,6.81,0,0,0,,,52,1,33.33,113,112,46.09,384,869,1252,81.25,62,56.88,47,0,0,0,,1,0,1,8,95,31,0,0,6,14,79,2,1,10,0,0.0,,31,28,3,0,0,,66,67.35,0,0,0,289,38,6,0,1,,1,0,0,0,0.0,0,0,0,0,319,2,0,0,0,0,0,0,0,0,0,0.0,0.0,0,5,1,4,1,9,81.82,0,39,26,66.67,6,135,11,3,128,61.84,243,570,974,1541,211.2,6,1,1867,18,1,0
Youssouf Sabaly,111803,Real Betis,2816,spain,2122,789,10,9,6.81,0,1,1,,,6,2,11.76,93,10,35.71,177,171,346,84.6,10,52.63,9,0,0,0,,0,0,0,4,15,9,0,0,7,6,34,0,1,5,0,0.0,,8,8,0,0,0,,27,51.92,0,0,0,63,13,7,0,1,,0,0,0,0,0.0,0,0,0,0,119,1,0,0,0,0,0,0,0,0,0,0.0,0.0,0,1,3,3,1,6,46.15,0,12,10,83.33,7,18,13,17,37,52.11,28,230,196,409,61.3,4,0,629,9,1,0
Óscar Mingueza,859773,Barcelona,2817,spain,2122,910,19,9,6.81,0,1,1,,,11,9,28.13,112,24,48.98,300,293,584,89.3,9,60.0,6,0,0,0,,3,0,0,2,18,18,0,0,5,7,31,0,1,12,0,0.0,,10,8,2,0,0,,35,58.33,0,0,1,70,9,9,0,1,,0,0,0,0,0.0,0,0,0,0,117,0,0,0,0,0,0,0,0,0,0,0.0,0.0,0,2,0,1,1,6,85.71,0,25,11,44.0,9,31,7,32,44,58.67,49,372,314,654,122.6,2,1,862,4,2,0
Gerard Gumbau,326471,Elche,2846,spain,2122,1890,31,20,6.81,0,4,4,,,70,26,27.96,197,83,57.24,440,395,809,84.1,18,45.0,22,0,0,0,,3,1,9,2,24,31,0,1,6,29,112,0,0,50,0,0.0,,34,33,1,0,0,,72,44.44,0,0,0,153,23,29,0,0,,0,1,0,0,0.0,0,0,0,0,264,11,0,1,0,0,0,0,0,0,0,0.0,0.0,3,1,20,9,3,7,53.85,0,46,19,41.3,28,118,13,93,90,44.55,145,612,443,962,211.1,21,0,1308,22,8,0
Luuk de Jong,40878,Barcelona,2817,spain,2122,699,21,6,6.81,6,0,6,,,3,1,100.0,39,0,0.0,86,46,131,71.98,34,65.38,18,0,0,0,,1,6,2,1,12,21,0,0,15,1,42,0,0,8,0,25.0,,3,2,1,6,0,,23,48.94,5,0,2,51,0,5,0,6,,0,0,0,0,0.0,0,0,0,0,98,8,0,0,1,0,0,0,0,0,0,116.5,0.0,0,23,1,12,10,3,75.0,0,9,7,77.78,5,3,4,1,57,57.58,1,126,57,182,143.0,24,0,315,12,1,0
Adnan Januzaj,328145,Real Sociedad,2824,spain,2122,1637,33,17,6.81,3,0,3,,,38,36,24.66,210,35,46.67,369,111,444,75.64,10,34.48,19,0,0,0,,2,2,17,0,13,33,0,0,45,15,135,0,0,28,0,7.14,,14,14,0,3,0,,114,49.57,0,0,1,143,12,34,2,4,,0,0,2,0,100.0,0,2,0,1,433,15,0,0,1,0,0,0,0,0,0,545.67,0.0,9,16,26,10,15,46,58.23,0,17,11,64.71,34,59,79,146,124,47.88,75,599,134,587,224.7,42,1,1164,51,5,0
Óscar Rodríguez,794948,Getafe,2859,spain,2122,1364,29,13,6.81,0,1,1,,,39,15,25.86,131,47,61.04,281,199,465,80.45,12,37.5,20,0,0,0,,2,2,11,1,11,27,0,0,16,9,75,0,1,13,0,0.0,,11,10,1,0,0,,59,51.75,0,0,2,113,16,16,0,2,,0,0,0,0,0.0,0,0,0,0,231,8,0,0,0,0,0,0,0,0,0,0.0,0.0,10,11,29,20,9,22,56.41,0,20,14,70.0,16,67,39,58,71,48.63,77,409,227,578,183.8,40,0,882,17,4,0
Omar Alderete,805137,Valencia,2828,spain,2122,2411,29,28,6.81,2,0,2,,,92,0,0.0,106,118,35.12,240,338,578,60.84,69,62.16,42,0,0,0,,0,0,1,7,150,29,0,0,4,19,103,0,0,42,0,11.11,,34,27,7,2,0,,73,54.48,2,0,0,372,35,4,0,0,,0,0,0,2,0.0,0,0,0,0,406,1,0,0,0,0,0,0,0,0,0,1205.5,0.0,0,14,4,12,5,13,92.86,0,53,34,64.15,4,264,14,4,142,57.96,336,532,422,950,197.4,18,0,1334,7,15,0
Anthony Lozano,169549,Cádiz,4488,spain,2122,1695,31,21,6.81,7,2,9,,,6,3,11.11,71,6,50.0,119,56,172,67.45,43,35.83,77,0,0,0,,1,3,9,0,7,31,0,0,44,13,194,0,0,43,0,14.29,,25,23,2,6,1,,81,40.91,1,0,1,83,2,10,3,9,,0,0,0,0,0.0,0,0,0,4,245,16,0,0,3,0,0,0,0,0,0,242.14,0.0,0,40,9,20,20,35,60.34,0,8,4,50.0,10,16,58,27,124,38.99,12,214,68,255,211.0,49,1,627,38,8,0
Lucas Ocampos,155702,Sevilla,2833,spain,2122,2124,30,23,6.8,6,4,10,,,35,15,23.81,249,29,53.7,405,205,595,82.3,27,47.37,30,0,0,0,,2,5,10,5,22,30,0,0,43,32,201,0,1,45,0,11.76,,20,15,5,6,0,,123,41.84,1,0,1,128,9,18,2,2,,0,0,0,1,0.0,0,0,0,0,400,17,0,0,3,0,0,0,0,0,0,354.0,0.0,0,38,13,24,17,37,38.95,0,45,24,53.33,18,62,95,63,150,42.74,54,555,231,723,204.1,51,2,1356,41,7,0
Sergi Gómez,125625,Espanyol,2814,spain,2122,2724,31,31,6.8,1,2,3,,,36,0,0.0,58,85,38.99,288,872,1160,84.8,39,43.82,50,0,0,0,,2,0,2,7,118,31,0,1,3,9,73,1,1,11,0,12.5,,47,46,1,1,0,,38,62.3,0,0,0,208,40,4,1,0,,0,0,0,0,0.0,0,0,0,0,218,0,0,1,0,0,0,0,0,0,0,2724.0,0.0,0,7,1,3,3,1,100.0,0,33,24,72.73,4,104,1,0,77,51.33,218,400,968,1368,210.9,8,0,1654,4,1,0
Fidel,116607,Elche,2846,spain,2122,2280,33,29,6.8,5,6,11,,,46,25,21.19,271,38,57.58,502,290,767,78.75,6,22.22,21,0,0,0,,8,2,5,2,18,33,0,0,40,43,156,0,0,26,0,27.78,,31,27,4,5,0,,117,46.43,1,0,1,207,7,40,4,7,,0,0,1,1,100.0,0,1,0,0,449,14,0,0,0,0,0,0,0,0,0,456.0,0.0,1,14,4,5,8,44,58.67,0,44,23,52.27,40,77,75,118,123,44.09,66,758,334,974,224.5,18,1,1482,29,9,0
Sergi Roberto,123976,Barcelona,2817,spain,2122,399,9,4,6.8,2,1,3,,,5,1,11.11,57,2,50.0,129,91,219,92.02,2,50.0,2,0,0,0,,0,1,0,0,6,9,0,0,2,2,7,0,0,1,0,50.0,,7,5,2,2,0,,12,70.59,0,0,1,19,4,4,1,1,,0,0,0,0,0.0,0,0,0,0,34,1,0,0,1,0,0,0,0,0,0,199.5,0.0,0,4,0,1,3,3,100.0,0,5,1,20.0,4,6,3,9,14,66.67,4,148,99,238,61.2,4,0,296,4,1,0
Mariano Díaz,175753,Real Madrid,2829,spain,2122,347,9,3,6.8,1,1,2,,,3,0,0.0,18,2,33.33,26,16,42,70.0,9,64.29,5,0,0,0,,4,4,2,0,3,8,0,0,4,0,14,0,0,2,0,7.14,,4,4,0,1,0,,8,47.06,0,0,1,18,1,6,1,4,,0,0,0,0,0.0,0,0,0,0,33,1,0,0,0,0,0,0,0,0,0,347.0,0.0,0,11,3,9,3,6,60.0,0,2,0,0.0,6,10,10,1,17,54.84,6,41,20,60,54.4,14,0,106,0,2,0
Cristiano Piccini,143061,Valencia,2828,spain,2122,322,6,3,6.8,1,0,1,,,7,4,50.0,19,9,33.33,44,25,65,65.66,2,66.67,1,0,0,0,,0,0,1,0,11,6,0,0,2,2,16,0,0,10,0,33.33,,9,9,0,1,0,,26,63.41,0,0,0,34,1,2,0,0,,0,0,0,0,0.0,0,0,0,0,53,2,0,0,1,0,0,0,0,0,0,322.0,0.0,0,2,1,1,1,9,90.0,0,14,8,57.14,2,19,10,8,28,63.64,27,70,37,99,40.8,3,0,199,3,1,0
Shkodran Mustafi,89894,Levante UD,2849,spain,2122,658,11,8,6.8,1,0,1,,,20,0,0.0,28,31,42.47,67,219,286,78.36,24,77.42,7,0,0,0,,0,0,1,2,40,11,0,0,1,4,17,0,0,3,0,25.0,,12,11,1,1,0,,15,60.0,1,0,0,79,15,0,0,3,,0,0,0,0,0.0,0,0,0,0,85,0,0,0,0,0,0,0,0,0,0,658.0,0.0,0,3,1,1,2,2,50.0,0,9,6,66.67,0,47,4,0,39,69.64,73,116,249,365,74.8,4,1,461,4,1,0
Rubén Sánchez,1021165,Espanyol,2814,spain,2122,148,4,1,6.8,0,1,1,,,1,0,0.0,2,1,33.33,8,25,33,71.74,5,71.43,2,0,0,0,,1,0,0,0,4,3,0,0,1,3,10,0,0,4,0,0.0,,3,3,0,0,0,,10,55.56,0,0,0,13,2,1,0,0,,0,0,0,0,0.0,0,0,0,0,29,1,0,0,0,0,0,0,0,0,0,0.0,0.0,0,0,1,1,0,3,100.0,0,6,1,16.67,1,3,3,9,15,60.0,3,25,30,46,20.4,1,0,97,1,0,0
Lluís Recasens,1085252,Espanyol,2814,spain,2122,45,1,0,6.8,0,0,0,,,0,0,0.0,0,1,100.0,3,3,6,54.55,1,100.0,0,0,0,0,,0,0,0,0,2,1,0,0,0,0,0,0,0,0,0,0.0,,2,2,0,0,0,,2,100.0,0,0,0,5,2,0,0,0,,0,0,0,0,0.0,0,0,0,0,5,0,0,0,0,0,0,0,0,0,0,0.0,0.0,0,0,0,0,0,0,0.0,0,2,0,0.0,0,1,0,0,3,100.0,1,5,6,11,6.8,0,0,17,0,0,0
Neto,84844,Barcelona,2817,spain,2122,270,3,3,6.8,0,0,0,,,22,0,0.0,0,32,64.0,10,79,89,79.46,0,0.0,0,0,0,0,,0,0,0,0,3,3,0,0,0,0,0,0,1,0,0,0.0,,4,3,1,0,0,-0.4,0,0.0,0,0,0,23,0,1,0,0,,0,0,0,0,0.0,0,0,0,0,24,0,1,0,0,2,4,6,10,0,1,0.0,0.0,0,0,0,0,0,0,0.0,2,0,0,0.0,1,36,0,0,0,0.0,50,25,87,112,20.4,0,0,144,0,0,0
Héctor Herrera,204790,Atlético Madrid,2836,spain,2122,863,21,8,6.8,0,0,0,,,29,3,30.0,121,32,61.54,309,248,554,84.84,23,48.94,24,0,0,0,,1,0,3,2,13,20,0,0,3,13,61,0,0,19,0,0.0,,9,8,1,0,0,,40,51.95,0,0,0,99,12,10,0,1,,0,0,0,1,0.0,0,0,0,0,129,3,0,0,0,0,0,0,0,0,0,0.0,0.0,0,3,5,2,3,16,84.21,0,16,8,50.0,10,57,19,10,63,50.81,52,391,272,653,136.0,8,0,808,8,4,0
Marc-André Ter Stegen,88625,Barcelona,2817,spain,2122,3150,35,35,6.8,0,0,0,,,107,0,0.0,15,220,60.94,63,907,970,85.92,7,100.0,0,0,0,0,,0,0,0,11,22,35,1,0,0,1,1,2,3,0,0,0.0,,34,30,4,0,0,1.88,6,85.71,0,10,0,159,1,1,0,0,,0,0,0,0,0.0,3,0,1,0,168,0,9,0,0,9,43,32,76,1,10,0.0,0.0,0,0,0,0,0,2,100.0,8,0,0,0.0,1,168,2,0,13,92.86,361,151,978,1129,237.9,0,0,1411,6,3,0
Adrián Embarba,346516,Espanyol,2814,spain,2122,2008,32,24,6.8,0,2,2,,,23,32,16.67,179,24,46.15,320,147,435,75.52,17,35.42,31,0,0,0,,3,3,13,3,25,32,0,0,38,43,179,0,0,30,0,0.0,,23,22,1,0,0,,128,46.38,0,0,2,141,19,38,0,7,,0,1,0,0,0.0,0,0,0,0,450,7,0,0,0,0,0,0,0,0,0,0.0,0.0,15,20,29,20,16,41,51.25,0,44,29,65.91,37,33,80,192,145,44.75,52,579,189,576,217.5,49,0,1238,43,4,0
Ante Budimir,37318,Osasuna,2820,spain,2122,1746,28,20,6.8,8,2,10,,,4,2,28.57,83,2,40.0,145,56,199,58.02,109,51.9,101,0,0,0,,2,12,5,1,16,28,0,0,28,13,195,0,0,37,0,17.78,,24,22,2,7,1,,64,40.51,1,0,3,144,3,10,5,16,,0,0,2,0,100.0,0,2,0,1,269,11,0,0,2,0,0,0,0,0,0,218.25,0.0,0,43,2,18,22,11,35.48,0,24,10,41.67,10,14,31,7,173,47.01,5,276,74,343,190.3,45,0,682,32,3,0
Rubén Duarte,253415,Deportivo Alavés,2885,spain,2122,2627,34,31,6.79,0,4,4,,,40,26,21.85,158,59,30.73,335,316,625,67.71,54,59.34,37,0,0,0,,4,0,3,4,71,34,0,0,7,42,134,0,0,45,0,0.0,,44,39,5,0,0,,121,55.5,0,0,1,298,57,23,0,2,,0,1,0,1,0.0,0,0,0,1,487,11,0,1,0,0,0,0,0,0,0,0.0,0.0,0,4,5,3,3,5,55.56,0,76,47,61.84,22,125,9,119,175,56.63,192,647,395,923,231.0,9,2,1762,40,10,1
Kike Pérez,857178,Elche,2846,spain,2122,525,12,5,6.79,2,0,2,,,7,3,42.86,61,15,57.69,117,62,176,74.89,14,56.0,11,0,0,0,,2,0,2,0,4,12,0,0,11,10,54,0,0,17,0,20.0,,5,5,0,2,0,,23,34.85,0,0,0,59,3,6,1,1,,0,0,0,0,0.0,0,0,0,0,103,5,0,0,1,0,0,0,0,0,0,262.5,0.0,0,4,6,3,5,9,64.29,0,8,6,75.0,6,17,14,7,37,40.66,26,172,70,235,81.5,10,1,343,6,1,0
Jorge Cuenca,868715,Getafe,2859,spain,2122,2686,32,31,6.79,1,0,1,,,42,1,20.0,59,85,30.8,230,501,730,67.97,81,67.5,39,0,0,0,,0,0,2,11,146,32,0,2,3,7,83,0,0,33,0,6.25,,32,31,1,1,0,,61,58.1,1,0,1,344,39,2,0,0,,0,0,0,0,0.0,0,0,0,0,386,1,0,2,0,0,0,0,0,0,0,2686.0,0.0,0,15,1,7,7,3,50.0,0,46,32,69.57,2,131,6,5,142,63.11,276,474,605,1074,217.3,16,1,1473,14,6,0
Maxime Gonalons,82555,Granada,33779,spain,2122,1561,25,20,6.79,0,2,2,,,33,0,0.0,98,45,65.22,246,304,550,84.49,34,68.0,16,0,0,0,,0,0,4,1,28,25,0,0,17,25,93,0,0,29,0,0.0,,25,23,2,0,0,,87,53.05,0,0,0,101,18,13,0,0,,0,0,0,0,0.0,0,0,0,0,145,9,0,0,0,0,0,0,0,0,0,0.0,0.0,0,2,9,5,2,14,66.67,0,43,28,65.12,13,56,21,6,121,56.54,69,321,336,651,169.7,11,0,905,31,6,0
José Luis Gayà,227922,Valencia,2828,spain,2122,1881,24,22,6.79,2,4,6,,,41,23,24.47,125,46,35.94,286,208,471,75.72,8,34.78,15,0,0,0,,5,0,1,5,33,24,0,1,5,18,85,0,0,34,0,11.11,,32,26,6,1,1,,72,50.7,0,0,0,151,19,25,2,4,,0,2,0,1,0.0,0,0,0,1,286,7,0,2,0,0,0,0,0,0,0,940.5,0.0,1,7,11,8,9,16,55.17,0,35,21,60.0,23,89,29,94,80,48.48,128,466,250,622,162.9,18,0,1131,21,6,1
Óscar Duarte,156401,Levante UD,2849,spain,2122,1774,23,20,6.79,2,0,2,,,63,0,0.0,43,98,59.04,212,595,807,83.63,68,64.76,37,0,0,0,,1,0,2,2,98,23,0,0,1,15,78,0,0,26,0,10.53,,36,29,7,2,0,,22,34.92,2,0,0,158,24,3,0,2,,0,0,0,0,0.0,0,0,0,0,170,0,0,0,0,0,0,0,0,0,0,887.0,0.0,0,18,1,12,5,1,50.0,0,18,8,44.44,3,111,2,0,90,53.57,166,308,657,965,156.1,19,1,1187,4,5,0
Roberto Torres,211122,Osasuna,2820,spain,2122,818,28,6,6.78,2,2,4,,,28,21,26.25,93,28,51.85,167,93,239,69.08,4,23.53,13,0,0,0,,4,0,4,0,4,26,0,0,5,12,45,0,0,8,0,13.33,,14,14,0,2,0,,23,41.82,0,0,0,107,8,24,0,0,,0,0,2,0,100.0,0,2,0,0,194,5,0,0,2,0,0,0,0,0,0,409.0,0.0,0,4,11,5,6,5,41.67,0,7,4,57.14,24,59,12,80,27,37.5,54,315,111,346,176.4,15,1,535,11,3,0
Youssef En-Nesyri,846470,Sevilla,2833,spain,2122,1279,23,15,6.78,5,1,6,,,3,0,0.0,41,6,60.0,64,57,121,66.48,45,46.88,51,0,0,0,,3,9,3,1,18,23,0,0,12,7,91,0,0,11,0,13.51,,5,3,2,5,0,,24,37.5,3,0,1,61,4,6,2,18,,0,0,1,0,100.0,0,1,0,1,117,5,0,0,0,0,0,0,0,0,0,255.8,0.0,0,36,1,20,14,4,28.57,0,10,5,50.0,6,6,14,5,69,43.13,10,118,69,182,156.0,37,0,357,10,1,0
Alexander Isak,823941,Real Sociedad,2824,spain,2122,2155,32,26,6.78,6,2,8,,,12,3,17.65,170,5,41.67,234,79,310,74.34,29,46.03,34,0,0,0,,7,11,19,1,7,32,0,0,36,10,153,0,0,32,1,8.22,,21,17,4,5,1,,80,40.2,0,0,4,107,3,20,1,15,,0,0,2,0,100.0,0,2,0,0,266,14,0,0,5,0,0,0,0,0,0,359.17,33.33,3,56,17,19,35,44,50.0,0,7,4,57.14,20,21,88,17,109,41.6,12,336,98,417,217.0,73,0,803,30,6,0
Manolo Reina,34265,Mallorca,2826,spain,2122,1890,21,21,6.78,0,0,0,,,38,0,0.0,40,150,39.79,108,238,346,60.28,6,85.71,1,0,0,0,,0,0,0,8,12,21,0,1,0,0,1,2,0,0,0,0.0,,26,22,4,0,0,3.21,4,100.0,0,13,0,228,1,0,0,0,,1,0,0,0,0.0,3,0,1,0,235,0,6,1,0,3,38,12,52,0,8,0.0,0.0,0,0,0,0,0,0,0.0,3,0,0,0.0,0,77,0,0,10,90.91,377,299,275,574,142.4,0,1,738,5,5,0
Ferran Jutglà,949962,Barcelona,2817,spain,2122,307,6,4,6.78,1,0,1,,,3,2,33.33,36,3,75.0,63,35,96,84.96,6,60.0,4,0,0,0,,0,2,1,1,1,5,0,0,3,1,15,0,0,4,0,10.0,,3,3,0,1,0,,10,47.62,1,0,0,17,1,2,0,1,,0,0,0,0,0.0,0,0,0,0,33,0,0,0,0,0,0,0,0,0,0,307.0,0.0,0,7,3,5,4,2,40.0,0,2,1,50.0,2,5,5,6,16,51.61,4,81,38,113,33.9,10,0,166,6,1,0
Djené,307702,Getafe,2859,spain,2122,3117,35,35,6.78,0,1,1,,,43,4,18.18,127,104,39.1,394,633,1023,77.5,53,62.35,32,0,0,0,,1,0,2,13,105,35,0,1,9,11,98,0,2,47,0,0.0,,37,37,0,0,0,,97,59.51,0,0,0,297,59,10,0,1,,0,0,0,2,0.0,0,0,0,0,358,3,0,1,0,0,0,0,0,0,0,0.0,0.0,0,1,3,1,1,18,100.0,0,44,26,59.09,10,129,18,22,150,60.48,266,609,733,1320,237.3,4,1,1728,36,11,0
Tomás Alarcón,844224,Cádiz,4488,spain,2122,1434,23,16,6.78,0,1,1,,,50,14,21.88,90,54,57.45,195,201,382,76.25,15,44.12,19,0,0,0,,0,1,2,2,28,23,0,0,10,21,71,0,0,19,0,0.0,,23,21,2,0,0,,44,45.83,0,0,1,119,30,15,0,1,,0,1,0,2,0.0,0,0,0,0,204,9,0,0,0,0,0,0,0,0,0,0.0,0.0,0,5,10,11,2,4,50.0,0,31,20,64.52,14,75,8,64,59,45.38,94,320,245,501,155.9,15,0,781,9,5,0
Andoni Gorosabel,866810,Real Sociedad,2824,spain,2122,2300,32,25,6.78,0,4,4,,,28,16,25.4,245,31,44.93,551,431,966,84.89,22,42.31,30,0,0,0,,3,0,6,6,42,32,0,0,14,22,108,0,0,27,0,0.0,,22,18,4,0,0,,83,51.55,0,0,0,172,18,22,0,0,,0,0,0,0,0.0,0,0,0,0,312,11,0,0,0,0,0,0,0,0,0,0.0,0.0,0,6,5,4,1,18,52.94,0,47,31,65.96,22,63,34,63,105,49.3,69,716,485,1138,216.9,11,1,1739,18,4,0
Fali,349794,Cádiz,4488,spain,2122,1813,28,23,6.78,0,2,2,,,42,2,18.18,52,55,36.18,154,357,509,76.66,31,54.39,26,0,0,0,,3,0,4,2,78,27,0,0,3,15,63,0,0,19,0,0.0,,24,23,1,0,0,,44,54.32,0,0,1,155,24,7,0,0,,0,0,0,0,0.0,0,0,0,0,184,0,0,0,0,0,0,0,0,0,0,0.0,0.0,2,9,5,10,0,1,100.0,0,32,19,59.38,7,90,1,11,75,54.35,152,270,405,664,183.0,14,1,927,11,6,0
Enzo Roco,105971,Elche,2846,spain,2122,2555,30,29,6.78,1,0,1,,,70,0,0.0,70,111,51.15,247,702,949,82.38,61,69.32,27,0,0,0,,0,1,3,4,108,30,0,0,2,9,79,2,1,37,0,9.09,,40,38,2,1,0,,48,48.0,0,0,0,203,28,3,1,1,,0,0,0,2,0.0,0,0,0,0,231,2,0,0,0,0,0,0,0,0,0,2555.0,0.0,0,11,0,5,3,5,50.0,0,36,20,55.56,3,143,10,1,109,57.98,217,372,781,1152,203.3,11,1,1462,7,10,0
Antonio Sivera,369004,Deportivo Alavés,2885,spain,2122,284,4,3,6.78,0,0,0,,,6,0,0.0,5,30,42.25,25,32,57,58.16,0,0.0,0,0,0,0,,0,0,0,0,2,4,0,0,0,1,1,0,0,0,0,0.0,,4,3,1,0,0,1.58,0,0.0,0,2,0,41,0,0,0,0,,0,0,0,0,0.0,1,0,0,0,41,0,2,0,0,1,8,4,12,0,2,0.0,0.0,0,0,0,0,0,0,0.0,1,0,0,0.0,0,18,0,0,0,0.0,71,61,37,98,27.1,0,0,123,0,1,0
David López,135116,Espanyol,2814,spain,2122,746,18,8,6.77,0,0,0,,,4,0,0.0,36,15,41.67,118,235,353,82.86,21,55.26,17,0,0,0,,1,1,0,1,25,15,0,0,2,7,35,1,1,9,0,0.0,,7,6,1,0,0,,26,59.09,0,0,0,73,10,3,0,0,,0,0,0,0,0.0,0,0,0,0,82,2,0,0,0,0,0,0,0,0,0,0.0,0.0,0,4,1,1,4,2,100.0,0,18,13,72.22,3,20,2,0,47,57.32,36,161,265,426,101.6,5,0,528,6,1,0
Florian Lejeune,88528,Deportivo Alavés,2885,spain,2122,2700,30,30,6.77,0,0,0,,,94,0,0.0,99,162,51.76,295,611,906,77.97,71,61.21,45,0,0,0,,0,1,3,4,153,30,0,0,1,8,87,0,0,34,0,0.0,,54,48,6,0,0,,41,49.4,0,0,1,256,31,5,0,2,,0,0,0,2,0.0,0,0,0,0,279,1,0,1,0,0,0,0,0,0,0,0.0,0.0,6,13,9,17,2,3,50.0,0,33,24,72.73,5,158,6,3,112,56.28,313,477,688,1162,203.2,22,0,1511,5,7,1
Sergi Guardiola,141945,Rayo Vallecano,2818,spain,2122,1734,32,20,6.77,8,2,10,,,13,3,18.75,106,11,73.33,186,82,265,69.01,24,34.78,45,0,0,0,,4,6,15,0,17,32,0,0,32,20,132,0,0,29,0,15.69,,25,21,4,8,0,,51,36.96,0,0,3,119,4,15,7,14,,0,0,1,0,100.0,0,1,0,1,232,11,0,0,1,0,0,0,0,0,0,216.75,0.0,0,42,9,18,18,13,65.0,0,10,9,90.0,15,22,20,16,75,36.23,15,301,99,384,216.7,51,0,686,29,3,0
Carlos Domínguez,1069703,Celta Vigo,2821,spain,2122,341,8,3,6.77,0,0,0,,,8,0,0.0,10,15,45.45,28,103,131,79.39,10,62.5,6,0,0,0,,0,0,0,2,19,7,0,0,0,2,11,0,0,3,0,0.0,,2,1,1,0,0,,9,64.29,0,0,0,34,4,0,0,0,,0,0,0,1,0.0,0,0,0,0,38,1,0,0,0,0,0,0,0,0,0,0.0,0.0,0,1,0,1,0,1,100.0,0,4,1,25.0,0,20,1,0,19,63.33,33,48,117,165,47.4,1,0,212,4,1,0
Víctor Laguardia,84298,Deportivo Alavés,2885,spain,2122,3044,34,34,6.77,3,2,5,,,122,0,0.0,113,167,49.7,304,626,930,75.24,63,57.27,47,0,0,0,,1,2,0,5,145,34,0,0,2,11,81,0,1,21,0,23.08,,56,50,6,3,0,,34,50.0,2,0,0,306,27,5,0,4,,0,0,0,0,0.0,0,0,0,0,327,0,0,0,1,0,0,0,0,0,0,1014.67,0.0,0,13,0,8,5,0,0.0,0,29,16,55.17,5,227,0,3,97,54.49,336,532,707,1236,230.2,13,3,1565,6,9,0
Enis Bardhi,355024,Levante UD,2849,spain,2122,1700,30,17,6.77,3,3,6,,,33,22,25.29,227,36,51.43,351,163,492,76.88,6,42.86,8,0,0,0,,3,1,18,0,5,30,0,0,32,23,131,0,0,33,0,6.98,,44,39,5,3,0,,111,47.44,0,0,2,148,10,42,1,4,,0,0,2,1,100.0,0,2,0,0,345,11,0,0,2,0,0,0,0,0,0,566.67,0.0,9,14,29,15,10,38,51.35,0,29,12,41.38,42,69,74,87,117,47.18,70,533,194,640,203.1,43,1,1101,44,3,0
Daniel Wass,35219,Atlético Madrid,2836,spain,2122,1637,20,19,6.77,1,1,2,,,31,5,13.51,144,46,48.42,325,219,539,81.05,28,53.85,24,0,0,0,,1,1,4,2,19,20,0,0,7,24,85,0,0,30,0,3.57,,29,23,6,1,0,,50,45.05,0,0,2,126,13,14,0,1,,0,0,0,0,0.0,0,0,0,0,181,7,0,0,1,0,0,0,0,0,0,1637.0,0.0,1,6,22,16,8,8,80.0,0,23,13,56.52,14,67,10,37,78,47.85,95,452,250,665,135.4,28,1,892,19,7,0
Dani Ceballos,547838,Real Madrid,2829,spain,2122,280,11,2,6.77,0,0,0,,,10,0,0.0,60,11,68.75,126,113,239,91.92,0,0.0,0,0,0,0,,0,1,4,1,1,10,0,0,1,4,14,0,0,3,0,0.0,,2,2,0,0,0,,19,57.58,0,0,0,21,4,3,0,0,,0,0,0,0,0.0,0,0,0,0,39,2,0,0,0,0,0,0,0,0,0,0.0,0.0,1,4,6,2,4,5,45.45,0,7,5,71.43,3,14,11,1,19,57.58,16,143,118,260,67.7,10,0,332,7,1,0
Roger Martí,212074,Levante UD,2849,spain,2122,2124,29,25,6.77,7,3,10,,,19,1,10.0,112,12,44.44,192,121,312,69.64,31,36.47,54,0,0,2,,4,7,6,1,8,29,0,0,23,22,173,0,0,62,0,14.29,,42,36,6,7,0,,63,34.62,0,0,2,136,2,23,1,12,,0,0,3,0,33.33,0,1,0,1,244,9,0,0,6,0,0,0,0,0,0,303.43,0.0,0,38,11,23,20,14,50.0,0,23,14,60.87,23,37,28,10,94,35.21,27,312,146,448,196.3,49,0,751,28,8,0
Šime Vrsaljko,70630,Atlético Madrid,2836,spain,2122,915,21,10,6.77,1,2,3,,,16,5,11.36,90,22,41.51,184,173,352,77.19,33,57.89,24,0,0,0,,2,0,0,3,26,19,0,0,7,8,54,0,0,13,0,25.0,,12,12,0,1,0,,37,55.22,0,0,0,104,12,3,0,2,,0,0,0,0,0.0,0,0,0,0,188,1,0,0,1,0,0,0,0,0,0,915.0,0.0,0,3,1,3,1,5,71.43,0,27,17,62.96,3,31,7,44,70,56.45,53,291,209,456,128.6,4,0,744,5,4,0
Pathé Ismaël Ciss,913679,Rayo Vallecano,2818,spain,2122,1112,31,11,6.77,2,1,3,,,26,0,0.0,82,51,72.86,198,235,433,83.27,34,59.65,23,0,0,0,,0,2,6,1,27,30,0,0,11,14,67,0,0,19,0,10.53,,15,13,2,2,0,,50,53.19,2,0,1,87,30,4,0,1,,1,0,0,1,0.0,0,0,0,0,116,3,0,0,0,0,0,0,0,0,0,556.0,0.0,2,4,15,8,5,10,66.67,0,31,15,48.39,4,49,15,0,84,55.63,70,253,267,520,203.0,19,1,730,9,5,0
Philippe Coutinho,119159,Barcelona,2817,spain,2122,500,12,5,6.77,2,0,2,,,8,3,15.79,135,7,63.64,228,37,262,86.75,2,33.33,4,0,0,0,,1,2,7,0,3,12,0,0,16,8,41,0,0,7,0,8.33,,7,6,1,2,0,,32,46.38,0,0,0,40,4,1,0,2,,0,0,1,0,100.0,0,1,0,1,98,5,0,0,2,0,0,0,0,0,0,250.0,0.0,2,13,11,10,7,13,68.42,0,6,3,50.0,1,16,19,19,34,45.33,11,281,40,302,81.2,24,0,449,13,1,0
Coke,41668,Levante UD,2849,spain,2122,147,6,1,6.77,1,0,1,,,4,0,0.0,15,5,83.33,20,26,46,80.7,4,50.0,4,0,0,0,,0,0,0,0,7,6,0,0,0,1,9,0,0,4,0,100.0,,2,2,0,1,0,,6,54.55,1,0,0,11,2,2,0,0,,0,0,0,0,0.0,0,0,0,0,14,1,0,0,0,0,0,0,0,0,0,147.0,0.0,0,1,0,0,1,2,66.67,0,3,2,66.67,2,7,3,0,10,52.63,6,26,31,57,40.6,1,0,90,1,1,0
Manu García,792317,Deportivo Alavés,2885,spain,2122,1080,24,10,6.77,0,1,1,,,52,17,39.53,159,54,58.7,302,129,414,78.71,3,23.08,10,0,0,0,,1,0,5,1,3,23,0,0,22,18,87,0,0,24,0,0.0,,15,15,0,0,0,,83,51.88,0,0,0,112,13,20,0,0,,0,1,0,0,0.0,0,0,0,0,210,16,0,0,0,0,0,0,0,0,0,0.0,0.0,0,2,6,2,1,32,71.11,0,18,9,50.0,19,94,45,43,86,49.71,92,418,151,526,155.6,8,1,784,33,3,0
Íñigo Lekue,801837,Athletic Club,2825,spain,2122,1927,25,22,6.76,0,2,2,,,47,17,25.76,166,58,39.73,337,315,635,72.49,18,51.43,17,0,0,0,,4,0,5,7,51,25,0,0,10,22,83,0,0,19,0,0.0,,23,22,1,0,0,,54,45.0,0,0,0,241,23,13,0,0,,0,0,0,0,0.0,0,0,0,0,389,10,0,0,0,0,0,0,0,0,0,0.0,0.0,0,1,6,1,1,13,44.83,0,32,23,71.88,13,117,29,66,72,46.45,146,546,396,876,169.1,7,0,1485,9,3,0
Álex Fernández,148588,Cádiz,4488,spain,2122,2062,32,22,6.76,3,2,5,,,55,13,18.84,199,63,51.22,458,344,789,81.85,18,37.5,30,0,0,1,,3,2,8,5,25,32,0,0,27,40,124,0,0,15,0,14.29,,32,32,0,3,0,,79,45.66,1,0,1,175,28,21,1,2,,0,0,2,0,50.0,0,1,0,0,307,11,0,0,1,0,0,0,0,0,0,687.33,0.0,0,10,11,5,8,9,40.91,0,47,31,65.96,21,97,22,69,97,43.89,123,635,398,964,216.4,21,1,1351,23,2,0
Fran García,851271,Rayo Vallecano,2818,spain,2122,3027,34,34,6.76,1,0,1,,,32,29,22.66,256,59,34.91,529,478,978,80.1,25,40.32,37,0,0,0,,1,0,12,9,45,34,0,0,15,34,133,0,0,24,0,4.0,,40,36,4,1,0,,97,50.26,0,0,0,243,45,29,1,2,,0,0,0,0,0.0,0,0,0,0,477,6,0,0,0,0,0,0,0,0,0,3027.0,0.0,0,9,16,5,8,22,48.89,0,60,35,58.33,29,85,45,128,122,47.84,169,771,578,1221,229.9,25,0,2114,15,4,0
Jon Pacheco,934383,Real Sociedad,2824,spain,2122,393,10,4,6.76,0,0,0,,,6,0,0.0,11,12,44.44,37,154,191,84.51,12,50.0,12,0,0,0,,0,0,0,3,18,10,0,0,0,0,14,0,0,3,0,0.0,,4,2,2,0,0,,7,77.78,0,0,0,35,6,0,0,0,,0,0,0,0,0.0,0,0,0,0,40,0,0,0,0,0,0,0,0,0,0,0.0,0.0,0,0,0,0,0,0,0.0,0,6,4,66.67,0,17,0,0,19,57.58,27,58,168,226,67.6,0,0,278,1,1,0
Omar Mascarell,255999,Elche,2846,spain,2122,2511,32,30,6.76,0,0,0,,,47,1,20.0,122,85,56.29,450,599,1048,85.41,43,51.81,40,0,0,0,,0,0,5,5,47,32,0,0,10,36,126,0,2,37,0,0.0,,39,36,3,0,0,,79,47.88,0,0,0,179,48,7,0,0,,0,0,0,0,0.0,0,0,0,0,219,4,0,0,0,0,0,0,0,0,0,0.0,0.0,0,2,10,6,1,12,75.0,0,46,26,56.52,7,92,16,5,122,49.19,151,572,660,1227,216.3,12,1,1564,22,6,0
Felipe,242211,Atlético Madrid,2836,spain,2122,1505,26,15,6.76,2,1,3,,,23,0,0.0,30,40,38.46,210,421,631,81.84,45,60.0,30,0,0,0,,2,1,0,1,75,23,0,1,2,10,63,0,0,22,0,18.18,,25,19,6,2,0,,36,52.17,2,0,1,140,28,5,0,2,,0,0,0,0,0.0,0,0,0,0,159,0,0,1,0,0,0,0,0,0,0,752.5,0.0,0,11,0,7,4,2,66.67,0,20,15,75.0,5,63,3,0,81,56.25,104,289,482,771,155.4,11,1,986,14,5,0
Hugo Duro,909119,Valencia,2828,spain,2122,1869,31,22,6.75,7,1,8,,,6,1,8.33,115,5,38.46,197,74,270,71.43,42,37.17,71,0,0,0,,0,2,5,1,16,31,0,0,32,23,162,0,1,30,0,21.21,,28,23,5,7,0,,82,47.4,2,0,1,108,4,14,3,7,,0,0,0,1,0.0,0,0,0,2,230,16,0,1,2,0,0,0,0,0,0,267.0,0.0,0,31,2,12,16,13,52.0,0,25,19,76.0,14,8,25,12,124,43.36,13,294,96,378,209.4,33,1,717,45,2,1
Josan,808955,Elche,2846,spain,2122,1203,31,10,6.75,2,3,5,,,10,16,21.62,85,11,45.83,170,145,299,78.68,3,15.79,16,0,0,0,,5,1,4,0,16,30,0,0,17,18,83,0,0,14,0,16.67,,25,23,2,2,0,,93,58.13,0,0,0,81,10,18,0,4,,0,0,0,0,0.0,0,0,0,0,214,3,0,0,2,0,0,0,0,0,0,601.5,0.0,0,9,3,3,5,27,58.7,0,36,22,61.11,18,23,46,74,96,53.63,24,277,177,380,202.5,12,0,773,30,2,0
Álvaro Vadillo,138381,Espanyol,2814,spain,2122,21,3,0,6.75,0,0,0,,,1,0,0.0,2,1,50.0,5,2,7,77.78,1,100.0,0,0,0,0,,0,0,0,0,1,2,0,0,0,1,2,0,0,1,0,0.0,,0,0,0,0,0,,2,50.0,0,0,0,2,0,0,0,0,,0,0,0,0,0.0,0,0,0,0,3,0,0,0,0,0,0,0,0,0,0,0.0,0.0,0,0,0,0,0,0,0.0,0,1,1,100.0,0,2,0,1,3,60.0,2,8,2,9,13.5,0,0,14,1,1,0
Samuel Chukwueze,822470,Villarreal,2819,spain,2122,1337,27,12,6.75,3,3,6,,,15,2,12.5,152,10,50.0,230,103,331,75.23,7,28.0,18,0,0,0,,6,5,9,1,4,27,0,0,20,3,111,0,0,11,0,9.38,,14,13,1,3,0,,96,50.79,0,0,2,109,5,29,3,12,,0,0,0,0,0.0,0,0,0,0,268,11,0,0,0,0,0,0,0,0,0,445.67,0.0,0,24,8,16,7,67,53.17,0,13,9,69.23,29,34,126,16,103,48.13,20,330,126,440,182.2,32,0,785,16,4,0
Dani Rodríguez,349526,Mallorca,2826,spain,2122,2838,36,33,6.75,3,3,6,,,38,12,21.82,274,29,50.0,469,239,696,78.56,40,40.4,59,0,0,0,,5,1,18,7,19,36,0,0,81,31,272,0,0,65,0,7.14,,43,37,6,3,0,,181,45.94,2,0,0,190,20,43,1,3,,0,0,0,0,0.0,0,0,0,0,452,24,0,0,0,0,0,0,0,0,0,946.0,0.0,3,21,21,14,10,60,60.0,0,53,31,58.49,43,63,100,55,221,44.83,58,664,277,886,242.9,42,1,1553,69,7,0
Alex Collado,859767,Granada,33779,spain,2122,1033,17,13,6.75,2,1,3,,,5,8,19.05,111,9,45.0,176,87,255,81.21,6,26.09,17,0,0,0,,2,0,5,1,8,17,0,0,19,19,94,0,0,15,0,11.76,,16,15,1,1,1,,57,42.54,0,0,0,59,6,17,2,0,,0,0,0,0,0.0,0,0,0,0,173,14,0,0,0,0,0,0,0,0,0,516.5,0.0,1,3,14,4,8,14,36.84,0,27,12,44.44,17,13,38,42,63,40.13,20,259,97,314,114.7,17,1,603,16,1,0
Varazdat Haroyan,67608,Cádiz,4488,spain,2122,1437,17,16,6.75,1,0,1,,,15,0,0.0,27,31,41.33,82,250,332,77.03,29,60.42,19,0,0,0,,0,1,0,3,61,17,0,0,1,10,53,0,0,22,0,33.33,,27,25,2,1,0,,40,54.05,0,0,0,99,15,4,0,1,,0,0,0,0,0.0,0,0,0,0,109,2,0,0,1,0,0,0,0,0,0,1437.0,0.0,0,3,0,1,2,3,75.0,0,31,21,67.74,4,38,4,1,69,56.56,75,143,289,431,114.7,3,0,608,6,9,0
Rodri Sánchez,1031421,Real Betis,2816,spain,2122,886,21,10,6.75,1,2,3,,,13,1,10.0,138,12,70.59,243,92,334,82.88,0,0.0,8,0,0,0,,3,2,2,0,4,20,0,0,11,17,47,0,0,2,0,6.67,,14,10,4,1,0,,41,51.25,0,0,2,69,3,17,1,1,,0,0,0,0,0.0,0,0,0,0,117,13,0,0,0,0,0,0,0,0,0,886.0,0.0,0,11,4,6,7,16,61.54,0,10,7,70.0,17,25,26,10,41,46.59,17,307,106,403,134.9,15,0,548,15,0,0
Kike García,84972,Osasuna,2820,spain,2122,1857,33,18,6.74,5,1,6,,,14,6,28.57,144,16,59.26,236,99,329,67.56,76,41.08,109,0,0,0,,2,5,10,2,11,33,0,0,37,20,206,0,0,23,0,9.43,,30,29,1,5,0,,59,37.82,1,0,1,158,3,21,0,9,,0,0,1,0,100.0,0,1,0,1,321,29,0,0,4,0,0,0,0,0,0,371.4,0.0,0,40,13,23,20,13,37.14,0,11,7,63.64,21,18,35,21,135,39.59,27,389,119,487,222.5,53,0,853,36,2,0
Florentino Luís,855845,Getafe,2859,spain,2122,984,22,9,6.74,0,1,1,,,20,0,0.0,66,21,61.76,172,169,341,78.94,17,42.5,23,0,0,0,,0,0,1,1,11,19,0,0,10,18,71,0,1,18,0,0.0,,15,15,0,0,0,,51,51.52,0,0,1,91,21,9,0,0,,0,0,0,0,0.0,0,0,0,0,125,4,0,0,0,0,0,0,0,0,0,0.0,0.0,0,0,3,1,1,7,63.64,0,42,25,59.52,9,34,11,2,68,48.92,34,228,206,432,128.1,3,0,601,2,2,0
Gonzalo Verdú,150910,Elche,2846,spain,2122,1395,19,16,6.74,0,0,0,,,26,0,0.0,28,66,48.53,125,470,595,84.16,28,54.9,23,0,0,0,,0,0,0,4,58,19,0,0,0,8,52,1,0,23,0,0.0,,14,12,2,0,0,,32,52.46,0,0,0,112,13,0,0,0,,0,0,0,1,0.0,0,0,0,0,121,0,0,0,0,0,0,0,0,0,0,0.0,0.0,1,2,1,3,0,0,0.0,0,19,9,47.37,0,64,0,0,60,53.57,136,205,502,707,128.1,3,0,864,14,11,0
Gonzalo Montiel,822933,Sevilla,2833,spain,2122,1068,18,15,6.74,1,2,3,,,17,7,21.21,108,18,30.51,211,232,436,78.42,10,58.82,7,0,0,0,,3,0,0,4,16,17,0,0,5,12,38,0,0,9,0,20.0,,11,8,3,0,1,,30,49.18,0,0,0,120,10,11,0,4,,0,0,0,0,0.0,0,0,0,0,184,3,0,0,1,0,0,0,0,0,0,1068.0,0.0,0,3,2,4,1,3,37.5,0,15,4,26.67,11,51,8,33,40,51.28,59,309,280,556,114.6,5,1,805,12,7,0
Mamadou Loum,796059,Deportivo Alavés,2885,spain,2122,2317,32,26,6.74,2,0,2,,,30,1,25.0,101,51,46.36,285,321,605,72.89,100,69.44,44,0,0,0,,1,1,6,4,68,32,0,0,25,28,159,0,1,50,0,6.06,,43,38,5,2,0,,97,45.75,0,0,1,225,37,9,0,1,,0,0,0,0,0.0,0,0,0,0,319,5,0,0,2,0,0,0,0,0,0,1158.5,0.0,0,16,17,19,8,26,61.9,0,49,22,44.9,9,58,42,4,197,55.34,110,444,390,830,215.7,33,0,1255,22,9,0
Gareth Bale,15354,Real Madrid,2829,spain,2122,283,5,4,6.74,1,0,1,,,2,2,66.67,16,1,33.33,33,12,43,72.88,7,53.85,6,0,0,0,,0,2,2,0,0,5,0,0,2,3,16,0,0,3,0,6.67,,3,3,0,1,0,,3,23.08,0,0,1,16,2,2,1,1,,0,0,0,0,0.0,0,0,0,0,31,1,0,0,0,0,0,0,0,0,0,283.0,0.0,2,9,6,7,6,1,25.0,0,2,1,50.0,2,4,4,3,10,38.46,3,46,16,59,33.7,15,0,105,0,2,0
Nico González,954056,Barcelona,2817,spain,2122,1124,27,12,6.74,2,1,3,,,10,2,28.57,201,12,63.16,416,192,606,90.04,5,27.78,13,0,0,0,,1,1,6,1,12,26,0,0,19,16,92,0,0,37,0,11.76,,10,9,1,2,0,,84,51.53,0,0,0,67,6,13,0,1,,0,0,0,0,0.0,0,0,0,0,141,8,0,0,2,0,0,0,0,0,0,562.0,0.0,0,7,10,7,4,34,79.07,0,31,20,64.52,13,19,43,7,89,49.17,19,471,209,673,175.2,17,0,907,19,6,0
Pere Milla,175185,Elche,2846,spain,2122,1656,32,17,6.74,8,3,11,,,14,4,30.77,97,14,37.84,211,147,354,72.39,32,42.67,43,0,0,0,,2,4,6,2,19,32,0,0,33,36,143,0,0,17,0,27.59,,24,24,0,7,1,,85,45.95,3,0,1,135,5,12,4,9,,0,0,0,1,0.0,0,0,0,0,254,12,0,0,1,0,0,0,0,0,0,207.0,0.0,0,23,6,9,14,16,48.48,0,20,15,75.0,12,35,33,13,117,45.0,37,320,182,489,215.6,29,2,830,50,5,0
Giovanni González,590404,Mallorca,2826,spain,2122,370,9,3,6.74,1,0,1,,,3,1,10.0,34,5,33.33,64,53,116,75.82,6,33.33,12,0,0,0,,1,0,0,0,13,8,0,0,3,2,20,0,0,3,0,33.33,,9,9,0,1,0,,15,65.22,0,0,0,37,4,6,0,0,,0,0,0,0,0.0,0,0,0,0,61,0,0,0,1,0,0,0,0,0,0,370.0,0.0,0,2,1,2,1,3,75.0,0,9,3,33.33,6,13,4,10,21,51.22,15,104,59,153,53.9,3,0,262,3,1,0
Iván Balliu,152446,Rayo Vallecano,2818,spain,2122,3148,35,35,6.74,1,2,3,,,56,36,32.43,309,75,39.06,607,386,957,76.32,23,40.35,34,0,0,0,,4,0,6,8,56,35,0,1,20,12,137,0,0,42,0,6.67,,48,44,4,1,0,,124,54.63,0,0,0,297,39,44,0,4,,0,0,0,3,0.0,0,0,0,0,544,11,0,1,1,0,0,0,0,0,0,3148.0,0.0,0,7,8,6,3,22,40.74,0,45,22,48.89,44,130,54,111,147,51.76,192,891,474,1254,235.8,15,1,2224,57,10,0
Óscar Gil,959820,Espanyol,2814,spain,2122,1696,22,20,6.74,0,2,2,,,18,8,21.05,111,20,43.48,242,241,475,85.28,6,20.0,24,0,0,0,,5,0,1,4,22,22,0,0,12,21,105,0,2,36,0,0.0,,21,20,1,0,0,,89,52.35,0,0,0,82,19,16,0,2,,0,0,0,0,0.0,0,0,0,0,195,2,0,0,0,0,0,0,0,0,0,0.0,0.0,0,2,4,4,1,13,48.15,0,52,35,67.31,16,36,27,38,95,47.5,46,317,278,557,148.2,6,0,1032,24,7,0
Moi Gómez,149370,Villarreal,2819,spain,2122,1281,29,13,6.74,2,2,4,,,15,11,33.33,187,20,62.5,308,164,461,82.76,11,44.0,14,0,0,0,,3,3,5,1,5,28,0,0,18,12,74,0,0,22,0,15.38,,14,12,2,2,0,,39,39.39,0,0,0,96,6,21,1,1,,0,2,0,0,0.0,0,0,0,0,162,14,0,0,1,0,0,0,0,0,0,640.5,0.0,0,10,3,3,5,13,59.09,0,15,7,46.67,19,36,22,33,50,40.32,32,399,191,557,188.6,13,0,744,11,2,0
Darío Benedetto,122630,Elche,2846,spain,2122,589,14,6,6.74,2,1,3,,,8,0,0.0,27,8,80.0,43,28,71,68.27,12,46.15,14,0,0,0,,2,3,2,0,1,14,0,0,4,3,32,0,0,3,0,11.11,,8,8,0,2,0,,19,51.35,0,0,1,33,1,4,0,3,,0,0,0,0,0.0,0,0,0,0,69,3,0,0,2,0,0,0,0,0,0,294.5,0.0,0,10,8,9,7,10,55.56,0,5,1,20.0,4,10,18,6,31,49.21,10,77,33,104,94.3,18,1,196,6,1,0
Joseba Zaldúa,347450,Real Sociedad,2824,spain,2122,1186,24,14,6.73,0,0,0,,,22,7,21.21,77,16,40.0,175,195,363,79.08,18,43.9,23,0,0,0,,1,0,1,4,30,23,0,0,7,6,58,0,0,18,0,0.0,,17,14,3,0,0,,53,60.23,0,0,0,96,13,4,0,1,,0,0,0,0,0.0,0,0,0,0,168,1,0,0,0,0,0,0,0,0,0,0.0,0.0,0,1,5,2,3,3,37.5,0,31,22,70.97,4,42,8,33,71,55.04,40,264,228,459,154.9,6,0,788,20,6,0
Domingos Duarte,576276,Granada,33779,spain,2122,1689,21,19,6.73,1,0,1,,,48,0,0.0,44,72,47.68,175,390,565,77.29,40,62.5,24,0,0,0,,1,0,2,4,79,21,0,1,1,5,53,0,0,24,0,16.67,,31,30,1,1,0,,34,53.97,1,0,0,166,22,3,0,0,,0,0,0,3,0.0,0,0,0,0,179,2,0,1,0,0,0,0,0,0,0,1689.0,0.0,0,6,0,3,1,2,66.67,0,18,14,77.78,3,100,3,1,74,58.27,151,293,439,731,141.4,6,1,932,15,7,0
Serge Aurier,105697,Villarreal,2819,spain,2122,1007,19,10,6.73,0,1,1,,,14,7,25.93,108,20,64.52,232,315,540,85.85,21,55.26,17,0,0,0,,1,1,4,3,22,18,0,0,11,3,50,0,0,15,0,0.0,,12,12,0,0,0,,34,50.75,0,0,0,89,11,6,0,1,,0,0,0,1,0.0,0,0,0,0,154,3,0,0,0,0,0,0,0,0,0,0.0,0.0,0,9,2,5,2,14,73.68,0,14,9,64.29,6,20,19,27,55,52.38,31,311,345,629,121.2,11,0,895,6,4,0
Jonas Ramalho,96363,Osasuna,2820,spain,2122,245,3,3,6.73,0,0,0,,,3,0,0.0,22,4,30.77,50,36,86,79.63,7,53.85,6,0,0,0,,0,0,1,1,9,3,0,0,1,1,11,0,0,1,0,0.0,,2,1,1,0,0,,4,44.44,0,0,0,22,3,0,0,0,,0,0,0,0,0.0,0,0,0,0,43,0,0,0,0,0,0,0,0,0,0,0.0,0.0,0,0,2,1,0,0,0.0,0,4,2,50.0,0,3,2,5,11,50.0,13,66,47,108,20.2,2,0,168,0,0,0
Isi Palazón,899982,Rayo Vallecano,2818,spain,2122,2298,34,27,6.73,2,4,6,,,50,16,22.86,272,50,51.02,447,173,604,74.29,46,38.66,73,0,0,0,,3,0,20,3,19,34,0,0,55,41,245,0,0,32,0,3.45,,26,22,4,1,1,,147,46.08,0,0,2,209,13,34,2,5,,0,0,0,0,0.0,0,0,0,0,461,23,0,0,0,0,0,0,0,0,0,1149.0,0.0,6,20,38,25,13,36,44.44,0,42,28,66.67,34,99,81,70,193,44.06,98,672,211,813,228.9,58,0,1421,69,7,0
Gonzalo Melero,789886,Levante UD,2849,spain,2122,1696,29,20,6.73,7,2,9,,,11,0,0.0,127,23,60.53,300,353,653,85.03,28,47.46,31,0,0,0,,1,1,6,0,22,29,0,0,25,20,108,0,0,20,0,31.82,,39,33,6,6,1,,65,45.77,1,0,0,115,7,16,0,2,,0,0,2,0,100.0,0,2,0,0,191,8,0,0,6,0,0,0,0,0,0,242.29,0.0,0,15,7,5,11,12,46.15,0,29,16,55.17,16,17,26,3,93,46.27,38,375,396,768,195.2,22,1,1023,27,5,0
Manu Morlanes,826004,Espanyol,2814,spain,2122,1144,27,11,6.73,2,0,2,,,30,2,33.33,130,28,60.87,322,237,557,86.36,18,42.86,24,0,0,0,,1,0,4,0,17,27,0,1,6,25,70,0,0,13,0,25.0,,23,23,0,1,1,,59,56.19,0,0,0,88,13,6,0,0,,0,0,0,0,0.0,0,0,0,0,114,12,0,1,2,0,0,0,0,0,0,572.0,0.0,0,4,4,2,2,13,86.67,0,36,15,41.67,6,51,15,6,77,52.38,46,388,263,645,181.7,8,0,817,11,6,0
Ander Guevara,891931,Real Sociedad,2824,spain,2122,888,17,11,6.73,0,0,0,,,17,0,0.0,77,28,70.0,223,302,525,86.49,15,40.54,22,0,0,0,,0,0,0,2,8,17,0,0,4,7,49,0,0,15,0,0.0,,10,9,1,0,0,,26,49.06,0,0,0,82,12,6,0,0,,0,0,0,1,0.0,0,0,0,0,101,2,0,0,0,0,0,0,0,0,0,0.0,0.0,0,1,1,2,0,3,75.0,0,18,13,72.22,6,22,4,0,41,45.56,40,272,335,607,114.4,2,0,712,5,2,0
Óliver Torres,231776,Sevilla,2833,spain,2122,1029,26,11,6.73,2,3,5,,,57,5,20.0,158,58,61.7,300,211,506,82.14,5,20.83,19,0,0,0,,3,0,4,0,4,25,0,0,21,17,84,0,0,17,0,14.29,,16,14,2,2,0,,54,45.38,0,0,1,110,6,13,0,2,,0,1,0,0,0.0,0,0,0,0,182,10,0,0,2,0,0,0,0,0,0,514.5,0.0,0,7,7,5,5,15,57.69,0,22,12,54.55,12,108,26,25,59,41.26,94,406,235,616,168.2,14,1,822,17,2,0
Adrià Pedrosa,928672,Espanyol,2814,spain,2122,2722,31,31,6.73,1,1,2,,,22,16,13.91,173,42,32.31,385,357,726,77.81,17,45.95,20,0,0,0,,2,1,7,8,86,31,0,0,26,31,130,1,1,19,0,4.0,,40,39,1,0,1,,151,57.85,0,0,0,207,25,23,1,0,,1,0,0,0,0.0,0,0,0,0,460,11,0,0,0,0,0,0,0,0,0,2722.0,0.0,0,7,18,11,7,48,58.54,0,58,30,51.72,23,65,82,115,168,56.38,130,599,449,933,208.5,25,0,1772,45,8,0
Bryan Gil,910026,Valencia,2828,spain,2122,755,13,9,6.73,0,1,1,,,8,7,15.91,85,6,46.15,125,25,143,74.87,2,22.22,7,0,0,0,,2,2,4,1,3,12,0,0,11,11,59,0,0,13,0,0.0,,7,6,1,0,0,,49,48.51,0,0,0,48,1,10,0,7,,0,0,0,0,0.0,0,0,0,0,166,5,0,0,0,0,0,0,0,0,0,0.0,0.0,0,8,3,5,2,17,48.57,0,13,8,61.54,10,11,35,44,51,46.36,13,202,33,191,80.7,11,0,422,20,3,0
Martín Merquelanz,353252,Rayo Vallecano,2818,spain,2122,176,4,3,6.73,0,0,0,,,1,6,50.0,17,1,25.0,32,16,42,73.68,3,42.86,4,0,0,0,,2,0,0,0,1,4,0,0,3,4,20,0,0,2,0,0.0,,1,1,0,0,0,,7,30.43,0,0,0,15,0,7,0,0,,0,0,0,0,0.0,0,0,0,0,37,1,0,0,0,0,0,0,0,0,0,0.0,0.0,1,1,1,2,0,3,30.0,0,2,1,50.0,7,3,10,12,10,33.33,4,49,20,57,26.9,2,0,103,2,0,0
Bebé,124950,Rayo Vallecano,2818,spain,2122,880,29,6,6.72,1,2,3,,,7,20,22.99,75,14,45.16,144,60,184,76.67,9,39.13,14,0,0,0,,3,1,19,0,4,29,0,0,19,12,75,0,0,12,0,2.0,,16,15,1,1,0,,50,45.05,0,0,3,56,3,15,0,6,,0,0,0,0,0.0,0,0,0,1,209,10,0,0,1,0,0,0,0,0,0,880.0,0.0,10,12,38,23,8,29,60.42,0,6,5,83.33,15,17,48,87,59,44.03,31,254,73,240,195.0,50,0,561,16,2,0
Esteban Saveljich,249393,Rayo Vallecano,2818,spain,2122,1707,21,21,6.72,0,0,0,,,16,1,100.0,20,33,38.82,110,385,494,82.47,56,60.22,37,0,0,0,,0,0,1,5,66,21,0,0,2,6,68,0,0,23,0,0.0,,20,18,2,0,0,,20,39.22,0,0,0,105,16,1,0,3,,0,0,0,1,0.0,0,0,0,0,113,0,0,0,0,0,0,0,0,0,0,0.0,0.0,0,9,0,5,3,0,0.0,0,18,11,61.11,1,38,1,1,76,52.78,85,175,425,599,141.2,9,0,779,2,4,0
Claudio Bravo,13249,Real Betis,2816,spain,2122,1457,17,17,6.72,0,0,0,,,54,0,0.0,23,120,41.81,72,209,281,62.31,6,85.71,1,0,0,0,,1,0,0,5,14,17,1,0,0,0,2,2,0,1,0,0.0,,19,18,1,0,0,1.16,1,50.0,0,6,0,170,0,1,0,0,,0,0,0,1,0.0,1,0,0,0,175,0,8,0,0,1,23,16,39,1,6,0.0,0.0,0,0,0,0,0,0,0.0,1,0,0,0.0,1,100,0,0,7,77.78,287,219,232,451,114.3,0,0,572,1,2,0
Luka Jović,319129,Real Madrid,2829,spain,2122,358,15,1,6.72,1,3,4,,,2,0,0.0,19,3,100.0,34,18,52,77.61,7,46.67,8,0,0,0,,2,3,5,0,4,13,0,0,6,1,20,0,0,3,0,6.25,,2,2,0,1,0,,7,36.84,1,0,1,15,1,5,0,2,,0,0,0,0,0.0,0,0,0,0,34,4,0,0,0,0,0,0,0,0,0,358.0,0.0,0,14,2,7,4,3,50.0,0,1,1,100.0,5,2,6,0,14,41.18,3,45,22,67,87.4,16,1,134,3,1,0
Karim Rekik,138827,Sevilla,2833,spain,2122,1099,18,11,6.72,0,2,2,,,5,2,33.33,65,13,36.11,184,480,662,90.44,23,48.94,24,0,0,0,,0,0,0,3,19,18,0,0,5,7,53,0,0,16,0,0.0,,8,6,2,0,0,,24,45.28,0,0,0,70,9,5,0,1,,0,0,0,0,0.0,0,0,0,0,112,5,0,0,0,0,0,0,0,0,0,0.0,0.0,0,4,0,4,0,5,62.5,0,11,8,72.73,5,22,8,6,47,47.0,36,229,509,732,121.0,4,0,892,8,2,0
Ludwig Augustinsson,138546,Sevilla,2833,spain,2122,814,19,9,6.72,0,1,1,,,9,10,21.28,72,15,38.46,159,208,357,84.8,15,65.22,8,0,0,0,,1,0,1,2,18,18,0,0,4,5,29,0,0,13,0,0.0,,13,11,2,0,0,,30,58.82,0,0,0,64,5,9,0,0,,0,0,0,0,0.0,0,0,0,0,130,4,0,0,0,0,0,0,0,0,0,0.0,0.0,0,4,0,1,2,2,100.0,0,18,14,77.78,9,30,2,47,45,60.81,39,238,230,421,121.0,4,1,651,10,3,0
Néstor Araujo,127585,Celta Vigo,2821,spain,2122,2617,34,29,6.72,0,0,0,,,29,1,33.33,88,88,45.6,329,994,1322,85.62,64,56.14,50,0,0,0,,0,0,1,9,102,32,0,0,4,12,86,0,2,19,0,0.0,,30,27,3,0,0,,36,50.0,0,0,0,222,27,2,0,0,,1,0,0,0,0.0,0,0,0,0,247,1,0,0,0,0,0,0,0,0,0,0.0,0.0,0,4,4,6,1,5,62.5,0,22,14,63.64,2,83,8,3,100,53.76,193,483,1064,1544,215.1,8,0,1813,10,4,0
Ángel Montoro,31517,Granada,33779,spain,2122,1333,24,13,6.72,1,1,2,,,48,13,28.89,119,53,50.96,256,236,479,77.63,8,30.77,18,0,0,0,,2,2,5,0,26,24,0,0,13,10,72,1,0,29,0,4.76,,30,29,1,0,1,,44,44.9,0,0,0,138,11,23,0,2,,0,0,0,0,0.0,0,0,0,0,206,6,0,0,1,0,0,0,0,0,0,1333.0,0.0,0,9,12,11,5,0,0.0,0,26,13,50.0,23,96,3,45,52,41.94,104,400,262,617,161.3,21,0,840,18,5,0
Jorge de Frutos,900003,Levante UD,2849,spain,2122,1766,25,20,6.72,4,7,11,,,19,17,24.64,128,17,39.53,210,96,289,70.49,8,33.33,16,0,0,0,,5,5,10,1,9,25,0,0,16,41,151,0,0,39,0,8.7,,43,35,8,4,0,,89,39.73,1,0,2,121,12,22,2,13,,0,0,0,2,0.0,0,0,0,0,301,15,0,0,1,0,0,0,0,0,0,441.5,0.0,0,32,14,16,20,36,47.37,0,33,15,45.45,22,31,76,69,97,39.11,43,348,131,410,168.0,46,1,833,21,4,0
Rúben Vezo,233180,Levante UD,2849,spain,2122,2432,32,27,6.72,0,0,0,,,65,0,0.0,97,92,51.11,314,729,1043,83.64,52,55.91,41,0,0,0,,1,0,4,4,101,32,0,0,5,15,98,1,0,35,0,0.0,,55,47,8,0,0,,75,56.82,0,0,0,204,36,6,0,0,,0,0,0,1,0.0,0,0,0,1,234,2,0,0,0,0,0,0,0,0,0,0.0,0.0,0,16,2,10,4,5,62.5,0,41,29,70.73,6,133,8,6,127,56.44,180,444,809,1247,215.0,18,1,1601,29,4,0
José Mari,141997,Cádiz,4488,spain,2122,395,11,4,6.72,0,0,0,,,9,0,0.0,39,16,55.17,76,81,157,83.96,4,36.36,7,0,0,0,,0,0,0,0,2,11,0,0,3,1,18,0,0,8,0,0.0,,3,3,0,0,0,,22,66.67,0,0,0,30,7,1,0,0,,0,0,0,0,0.0,0,0,0,0,41,2,0,1,0,0,0,0,0,0,0,0.0,0.0,0,2,2,2,2,1,100.0,0,14,7,50.0,1,20,1,1,26,59.09,29,103,85,187,73.9,4,0,252,7,1,1
Jasper Cillessen,123865,Valencia,2828,spain,2122,1458,17,17,6.72,0,1,1,,,26,0,0.0,26,118,44.87,78,152,230,61.17,2,100.0,0,0,0,0,,0,0,0,3,13,17,0,0,0,1,1,0,0,0,0,0.0,,29,26,3,0,0,0.79,0,0.0,0,4,0,146,1,1,0,0,,0,0,0,0,0.0,6,0,1,0,148,0,7,0,0,4,33,17,50,0,7,0.0,0.0,0,0,0,0,0,0,0.0,4,0,0,0.0,1,56,0,0,2,66.67,263,206,170,376,114.2,0,0,519,1,1,0
Thiago Galhardo,165677,Celta Vigo,2821,spain,2122,1146,31,9,6.72,2,2,4,,,4,2,22.22,73,4,66.67,116,52,166,63.85,48,42.11,66,0,0,0,,6,5,3,1,8,30,0,0,11,10,119,0,0,21,0,6.67,,16,14,2,2,0,,33,38.37,0,0,1,94,6,12,0,16,,0,0,0,0,0.0,0,0,0,0,160,5,0,0,2,0,0,0,0,0,0,573.0,0.0,0,26,4,11,16,8,40.0,0,12,6,50.0,12,9,20,9,81,40.5,6,207,62,260,201.5,30,0,454,13,5,0
Martin Valjent,300522,Mallorca,2826,spain,2122,3182,36,36,6.72,0,0,0,,,84,0,0.0,106,126,45.49,306,801,1107,81.22,60,63.83,34,0,0,0,,1,0,7,9,171,36,0,0,3,11,74,1,0,26,0,0.0,,59,50,9,0,0,,42,51.22,0,0,0,256,31,6,0,1,,0,0,0,2,0.0,0,0,0,0,281,3,0,0,0,0,0,0,0,0,0,0.0,0.0,0,1,9,2,1,4,66.67,0,31,19,61.29,6,177,6,3,102,57.95,277,486,880,1363,241.8,10,0,1731,8,4,0
Stefan Mitrović,108736,Getafe,2859,spain,2122,2670,32,31,6.72,0,0,0,,,55,0,0.0,39,83,44.86,145,565,710,78.63,56,64.37,31,0,0,0,,0,0,0,10,109,32,0,1,4,5,57,0,1,18,0,0.0,,32,31,1,0,0,,22,45.83,0,0,1,193,22,2,0,0,,0,0,0,0,0.0,0,0,0,0,208,0,0,1,0,0,0,0,0,0,0,0.0,0.0,0,4,0,3,1,2,100.0,0,16,8,50.0,2,116,2,0,78,57.78,185,274,629,903,214.9,4,0,1135,4,8,0
Unai Vencedor,966802,Athletic Club,2825,spain,2122,2396,34,29,6.72,0,0,0,,,80,8,17.02,297,98,55.68,610,403,1005,80.14,23,41.82,32,0,0,0,,0,0,10,3,20,33,0,0,22,34,119,0,0,28,0,0.0,,26,24,2,0,0,,85,49.42,0,0,1,249,19,15,0,0,,0,0,0,0,0.0,0,0,0,1,349,17,0,0,0,0,0,0,0,0,0,0.0,0.0,0,6,14,8,2,25,83.33,0,26,11,42.31,15,144,30,47,108,47.58,176,828,473,1254,221.6,20,0,1593,35,4,0
Andrés Guardado,14942,Real Betis,2816,spain,2122,1404,28,17,6.71,0,1,1,,,60,1,11.11,154,82,58.16,372,415,786,84.79,12,27.27,32,0,0,0,,0,1,5,3,24,27,0,0,4,21,82,0,1,24,0,0.0,,15,14,1,0,0,,54,51.92,0,0,1,141,21,10,0,0,,0,0,0,1,0.0,0,0,0,0,179,4,0,0,0,0,0,0,0,0,0,0.0,0.0,0,4,11,7,3,6,60.0,0,30,13,43.33,10,104,10,9,66,44.59,141,482,454,927,181.3,15,0,1150,18,4,0
Marcos André,880157,Valencia,2828,spain,2122,1000,29,8,6.71,1,3,4,,,4,0,0.0,58,7,53.85,87,33,120,68.18,42,45.16,51,0,0,0,,4,3,5,0,12,28,0,0,22,11,124,0,0,23,0,3.33,,16,15,1,1,0,,50,40.65,0,0,1,56,7,13,0,4,,0,0,0,0,0.0,0,0,0,1,129,10,0,0,1,0,0,0,0,0,0,1000.0,0.0,0,23,7,16,9,14,42.42,0,15,11,73.33,13,9,33,3,92,42.59,13,139,40,176,188.0,30,0,398,22,3,0
Brian Oliván,351500,Mallorca,2826,spain,2122,2200,28,24,6.71,1,0,1,,,37,14,19.18,129,47,27.49,262,268,516,68.16,21,36.21,37,0,0,1,,3,1,4,6,57,28,0,0,7,11,87,0,0,31,0,5.0,,39,32,7,1,0,,47,48.45,0,0,0,241,28,19,1,4,,0,0,1,1,0.0,0,0,0,1,399,8,0,0,0,0,0,0,0,0,0,2200.0,0.0,1,10,10,8,8,7,70.0,0,33,20,60.61,19,98,10,73,68,43.87,171,484,346,757,188.0,20,0,1256,7,7,0
Óscar Melendo,861317,Espanyol,2814,spain,2122,1011,21,14,6.71,0,0,0,,,25,1,25.0,141,13,61.9,257,132,388,91.08,7,31.82,15,0,0,0,,2,0,3,0,9,21,0,0,13,10,49,0,0,9,0,0.0,,20,19,1,0,0,,62,64.58,0,0,0,38,1,18,0,0,,0,0,0,0,0.0,0,0,0,0,75,7,0,0,0,0,0,0,0,0,0,0.0,0.0,0,5,3,5,0,15,83.33,0,11,5,45.45,18,37,18,4,69,58.47,21,285,145,426,141.0,8,0,571,37,0,0
Suso,96370,Sevilla,2833,spain,2122,388,8,6,6.71,0,1,1,,,6,2,16.67,61,5,45.45,97,40,135,80.36,0,0.0,2,0,0,0,,1,0,3,0,0,8,0,0,2,10,20,0,0,1,0,0.0,,6,5,1,0,0,,18,50.0,0,0,1,33,0,4,0,2,,0,0,0,0,0.0,0,0,0,0,60,1,0,0,0,0,0,0,0,0,0,0.0,0.0,0,2,4,1,2,7,58.33,0,4,3,75.0,4,16,12,12,18,47.37,11,134,46,168,53.7,6,0,233,7,0,0
Mikel Balenziaga,41963,Athletic Club,2825,spain,2122,2032,26,23,6.71,0,0,0,,,21,7,13.73,135,33,33.0,308,291,592,77.59,33,64.71,18,0,0,0,,0,0,2,8,71,25,0,0,12,18,73,0,0,21,0,0.0,,23,22,1,0,0,,51,48.11,0,0,0,171,21,8,0,1,,0,0,0,0,0.0,0,0,0,0,280,6,0,0,0,0,0,0,0,0,0,0.0,0.0,0,3,4,3,2,6,50.0,0,33,24,72.73,8,52,12,51,84,53.5,100,455,359,763,167.8,7,0,1272,12,2,0
Rafa Mir,825754,Sevilla,2833,spain,2122,1801,34,18,6.71,10,0,10,,,5,2,22.22,60,5,71.43,121,113,232,67.64,59,53.15,52,0,0,0,,0,15,10,2,15,34,0,0,16,11,121,0,0,32,0,16.13,,23,19,4,10,0,,33,32.35,2,0,3,111,0,7,2,23,,0,0,0,0,0.0,0,0,0,0,209,6,0,0,6,0,0,0,0,0,0,180.1,0.0,0,55,7,28,24,12,52.17,0,4,3,75.0,7,8,23,9,92,43.19,7,212,140,343,228.2,62,0,591,18,6,0
Carlos Neva,914178,Granada,33779,spain,2122,2115,26,24,6.71,0,0,0,,,18,20,23.81,91,23,24.21,221,256,457,72.31,20,39.22,31,0,0,0,,1,2,1,5,59,26,0,0,8,12,64,0,0,8,0,0.0,,36,31,5,0,0,,62,65.26,0,0,0,175,32,13,0,0,,0,0,0,0,0.0,0,0,0,0,320,3,0,0,0,0,0,0,0,0,0,0.0,0.0,0,4,2,4,1,9,56.25,0,31,19,61.29,13,58,16,84,82,56.16,95,378,338,632,174.5,6,0,1256,22,1,0
Julen Lobete,1006232,Real Sociedad,2824,spain,2122,281,13,2,6.71,2,0,2,,,0,0,0.0,18,1,100.0,29,15,44,80.0,4,33.33,8,0,0,0,,0,1,4,1,1,9,0,0,5,1,27,0,0,9,0,20.0,,4,3,1,2,0,,18,48.65,0,0,0,11,1,1,1,5,,0,0,0,0,0.0,0,0,0,0,38,5,0,0,1,0,0,0,0,0,0,140.5,0.0,0,10,0,4,2,3,33.33,0,4,3,75.0,1,1,9,0,22,44.9,1,38,17,55,60.4,10,0,128,11,0,0
Kike Barja,591132,Osasuna,2820,spain,2122,874,21,9,6.71,2,0,2,,,17,1,1.82,97,13,56.52,166,72,237,77.7,9,45.0,11,0,0,0,,2,2,6,0,4,19,0,0,28,14,91,0,0,17,0,11.76,,11,10,1,2,0,,72,47.37,1,0,0,68,9,5,1,0,,0,0,0,0,0.0,0,0,0,0,219,16,0,0,0,0,0,0,0,0,0,437.0,0.0,0,11,6,5,6,34,59.65,0,15,11,73.33,5,25,57,55,81,47.09,23,274,86,305,127.5,17,0,607,23,2,0
Ander Barrenetxea,966862,Real Sociedad,2824,spain,2122,548,11,6,6.71,1,1,2,,,5,0,0.0,49,5,62.5,91,38,129,73.3,4,50.0,4,0,0,0,,2,0,1,0,2,10,0,0,16,10,62,0,0,10,0,12.5,,8,7,1,1,0,,46,44.23,0,0,0,47,2,6,0,1,,0,0,0,0,0.0,0,0,0,0,117,3,0,0,1,0,0,0,0,0,0,548.0,0.0,0,8,0,4,3,15,40.54,0,15,10,66.67,6,9,37,8,50,44.64,8,134,50,176,67.1,8,0,321,16,0,0
Abdón Prats,146852,Mallorca,2826,spain,2122,661,23,6,6.71,3,0,3,,,5,0,0.0,44,4,66.67,67,37,104,67.53,31,50.0,31,0,0,0,,1,1,4,0,5,22,0,0,21,4,66,0,0,8,0,16.67,,14,13,1,3,0,,24,40.68,0,0,2,50,1,10,3,2,,0,0,0,0,0.0,0,0,0,0,94,5,0,0,0,0,0,0,0,0,0,220.33,0.0,2,13,5,8,6,7,63.64,0,2,2,100.0,10,5,11,2,55,45.45,6,108,48,154,147.6,18,0,269,15,4,0
Sandro Ramírez,188407,Getafe,2859,spain,2122,1471,29,19,6.71,3,0,3,,,8,3,7.69,95,11,73.33,193,81,271,79.24,14,37.84,23,0,0,0,,1,1,16,0,3,27,0,0,16,11,110,0,0,31,0,6.0,,15,14,1,2,1,,65,42.76,0,0,0,71,2,13,1,11,,0,0,0,0,0.0,0,0,0,0,213,10,0,0,2,0,0,0,0,0,0,490.33,0.0,7,22,28,21,13,13,29.55,0,7,3,42.86,13,9,44,39,79,41.8,15,285,96,342,181.1,50,0,670,45,7,0
Renan Lodi,851150,Atlético Madrid,2836,spain,2122,1187,29,13,6.71,2,2,4,,,11,9,18.75,88,11,35.48,181,227,399,81.6,28,57.14,21,0,0,0,,3,1,1,1,15,27,0,0,12,16,80,0,1,21,0,20.0,,13,11,2,2,0,,69,53.91,0,0,0,90,13,11,2,3,,0,0,0,1,0.0,0,0,0,0,189,4,0,0,0,0,0,0,0,0,0,593.5,0.0,0,7,3,5,4,17,54.84,0,31,18,58.06,11,23,31,48,97,54.8,31,269,268,489,181.1,10,1,837,21,5,0
Nahuel Tenaglia,896073,Deportivo Alavés,2885,spain,2122,1072,14,12,6.71,0,0,0,,,18,3,12.5,63,25,30.86,111,100,208,59.94,23,54.76,19,0,0,0,,0,0,2,2,35,14,0,0,6,13,50,0,0,8,0,0.0,,21,18,3,0,0,,57,64.77,0,0,0,139,26,3,0,0,,0,0,0,1,0.0,0,0,0,0,206,2,0,0,0,0,0,0,0,0,0,0.0,0.0,0,3,3,3,1,7,63.64,0,42,27,64.29,3,53,11,24,80,61.54,81,224,147,347,93.9,6,0,668,8,2,0
Dani Cárdenas,965832,Levante UD,2849,spain,2122,2160,24,24,6.7,0,0,0,,,53,0,0.0,25,127,36.71,54,356,410,64.36,2,66.67,1,0,0,0,,0,0,0,5,25,24,0,0,0,3,4,0,0,0,0,0.0,,46,39,7,0,0,0.52,4,57.14,0,9,0,227,1,1,0,0,,0,0,0,0,0.0,4,0,0,0,229,0,6,0,0,12,44,30,74,0,13,0.0,0.0,0,0,0,0,0,0,0.0,12,1,1,100.0,1,116,0,0,6,60.0,346,225,412,637,160.9,0,0,842,3,3,0
Víctor Chust,855831,Cádiz,4488,spain,2122,1829,25,20,6.7,0,0,0,,,29,0,0.0,49,70,52.63,185,486,671,84.3,31,46.27,36,0,0,0,,0,0,3,7,84,25,0,0,1,6,58,0,0,14,0,0.0,,27,24,3,0,0,,30,57.69,0,0,0,125,16,0,0,0,,0,0,0,2,0.0,0,0,0,0,136,1,0,0,0,0,0,0,0,0,0,0.0,0.0,0,9,0,4,2,4,80.0,0,19,10,52.63,0,65,5,2,61,51.26,133,263,535,796,167.6,9,0,1005,8,2,0
Toni Moya,862063,Deportivo Alavés,2885,spain,2122,1400,28,17,6.7,0,1,1,,,32,26,32.1,88,41,45.56,235,173,382,75.05,11,35.48,20,0,0,0,,4,1,4,2,18,27,0,0,12,30,91,0,0,27,0,0.0,,27,24,3,0,0,,52,42.28,0,0,1,127,20,23,0,0,,0,0,0,1,0.0,0,0,0,0,231,9,0,0,0,0,0,0,0,0,0,0.0,0.0,2,1,11,6,2,20,80.0,0,23,10,43.48,23,65,25,81,63,40.91,90,384,206,509,181.0,12,1,793,10,2,0
Pervis Estupiñán,805465,Villarreal,2819,spain,2122,1579,28,17,6.7,0,1,1,,,16,14,19.18,190,21,42.86,371,315,672,81.45,23,53.49,20,0,0,0,,4,2,3,4,22,28,0,0,14,7,81,2,0,24,0,0.0,,17,14,3,0,0,,64,51.2,0,0,0,153,25,13,0,11,,0,0,0,1,0.0,0,0,0,0,302,10,0,0,0,0,0,0,0,0,0,0.0,0.0,0,7,7,7,4,17,48.57,0,36,22,61.11,13,35,35,73,87,51.79,49,528,370,825,187.7,14,0,1319,11,3,0
José Ángel,46125,Osasuna,2820,spain,2122,1102,23,12,6.7,1,1,2,,,59,14,30.43,135,72,53.73,293,198,477,78.71,10,62.5,6,0,0,0,,4,0,5,1,20,22,0,1,21,5,51,0,0,10,0,9.09,,20,20,0,0,1,,45,50.0,0,0,0,129,10,8,1,0,,0,0,0,0,0.0,0,0,0,0,240,4,0,1,0,0,0,0,0,0,0,1102.0,0.0,0,0,11,3,3,20,68.97,0,20,13,65.0,8,111,29,46,55,51.89,134,421,231,606,147.4,11,0,952,5,2,0
Carlos Bacca,106572,Granada,33779,spain,2122,522,17,4,6.7,0,1,1,,,3,0,0.0,27,2,50.0,46,15,61,65.59,8,33.33,16,0,0,0,,2,0,3,0,4,16,0,0,4,3,30,0,0,3,0,0.0,,9,9,0,0,0,,19,57.58,0,0,1,32,1,7,0,5,,0,0,0,0,0.0,0,0,0,1,53,2,0,0,0,0,0,0,0,0,0,0.0,0.0,0,9,0,4,2,7,63.64,0,4,4,100.0,7,4,11,4,27,47.37,4,75,22,93,107.2,9,0,168,8,3,0
Joaquín,1749,Real Betis,2816,spain,2122,474,21,2,6.7,0,1,1,,,12,10,27.78,108,5,62.5,163,46,199,85.04,3,20.0,12,0,0,0,,2,2,3,0,6,20,0,0,7,5,38,0,0,1,0,0.0,,5,4,1,0,0,,32,55.17,0,0,0,35,3,14,0,0,,0,0,0,0,0.0,0,0,0,0,91,4,0,0,0,0,0,0,0,0,0,0.0,0.0,0,8,2,4,3,17,56.67,0,6,2,33.33,14,17,30,36,35,47.95,8,213,57,234,134.0,10,0,377,9,0,0
Igor Zubeldia,838159,Real Sociedad,2824,spain,2122,1651,26,19,6.7,0,1,1,,,26,1,25.0,65,47,43.52,267,639,905,87.61,42,54.55,35,0,0,0,,1,1,2,3,51,25,0,0,1,6,69,0,0,25,0,0.0,,25,21,4,0,0,,26,43.33,0,0,0,128,27,2,0,1,,0,0,0,1,0.0,0,0,0,0,149,0,0,0,0,0,0,0,0,0,0,0.0,0.0,0,6,3,5,2,3,50.0,0,20,10,50.0,2,66,6,4,68,49.64,108,350,687,1033,167.5,9,0,1219,4,7,0
Carlos Martín,1131581,Atlético Madrid,2836,spain,2122,8,1,0,6.7,0,0,0,,,0,0,0.0,0,0,0.0,0,1,1,50.0,1,50.0,1,0,0,0,,0,0,0,0,1,1,0,0,0,0,2,0,0,1,0,0.0,,0,0,0,0,0,,1,50.0,0,0,0,1,0,0,0,0,,0,0,0,0,0.0,0,0,0,0,1,0,0,0,0,0,0,0,0,0,0,0.0,0.0,0,0,0,0,0,1,100.0,0,0,0,0.0,0,0,1,0,2,50.0,0,1,1,2,6.7,0,0,4,0,1,0
José Ángel Carmona,1015240,Sevilla,2833,spain,2122,23,1,0,6.7,0,0,0,,,2,0,0.0,2,1,50.0,2,4,6,66.67,0,0.0,1,0,0,0,,0,0,0,0,0,1,0,0,0,0,1,0,0,0,0,0.0,,0,0,0,0,0,,2,100.0,0,0,0,3,1,0,0,0,,0,0,0,0,0.0,0,0,0,0,6,0,0,0,0,0,0,0,0,0,0,0.0,0.0,0,0,0,0,0,1,100.0,0,0,0,0.0,0,2,1,0,2,66.67,2,4,5,9,6.7,0,0,16,1,0,0
Hugo Álvarez,1154935,Celta Vigo,2821,spain,2122,10,1,0,6.7,0,0,0,,,0,0,0.0,0,0,0.0,1,0,1,33.33,0,0.0,0,0,0,0,,0,0,0,0,1,1,0,0,0,0,0,0,0,0,0,0.0,,0,0,0,0,0,,1,100.0,0,0,0,2,0,0,0,0,,0,0,0,0,0.0,0,0,0,0,4,0,0,0,0,0,0,0,0,0,0,0.0,0.0,0,1,0,1,0,0,0.0,0,1,0,0.0,0,0,0,0,1,100.0,0,3,0,3,6.7,1,0,8,0,0,0
Jesús Owono,990659,Deportivo Alavés,2885,spain,2122,90,1,1,6.7,0,0,0,,,2,0,0.0,2,8,40.0,6,3,9,42.86,0,0.0,0,0,0,0,,0,0,0,0,1,1,0,0,0,0,0,0,0,0,0,0.0,,1,1,0,0,0,,0,0.0,0,0,0,12,0,0,0,0,,0,0,0,0,0.0,0,0,0,0,12,0,0,0,0,1,1,2,3,0,0,0.0,0.0,0,0,0,0,0,0,0.0,1,0,0,0.0,0,2,0,0,0,0.0,20,18,3,21,6.7,0,0,27,0,0,0
Sergio Santos,1144660,Real Madrid,2829,spain,2122,10,1,0,6.7,0,0,0,,,0,1,100.0,0,0,0.0,2,5,6,100.0,0,0.0,0,0,0,0,,0,0,0,0,0,1,0,0,0,0,0,0,0,0,0,0.0,,0,0,0,0,0,,0,0.0,0,0,0,0,0,1,0,0,,0,0,0,0,0.0,0,0,0,0,0,0,0,0,0,0,0,0,0,0,0,0.0,0.0,0,0,0,0,0,0,0.0,0,0,0,0.0,1,0,0,1,0,0.0,0,2,5,6,6.7,0,0,8,0,0,0
Saúl García,351086,Deportivo Alavés,2885,spain,2122,9,1,0,6.7,0,0,0,,,0,0,0.0,0,1,50.0,0,1,1,33.33,0,0.0,0,0,0,0,,0,0,0,0,0,1,0,0,0,0,0,0,0,0,0,0.0,,0,0,0,0,0,,1,100.0,0,0,0,2,0,0,0,0,,0,0,0,0,0.0,0,0,0,0,2,0,0,0,0,0,0,0,0,0,0,0.0,0.0,0,0,0,0,0,0,0.0,0,1,1,100.0,0,1,0,0,1,100.0,2,2,1,3,6.7,0,0,5,0,0,0
Gori Gracia,857907,Espanyol,2814,spain,2122,8,1,0,6.7,0,0,0,,,0,0,0.0,4,0,0.0,4,1,5,83.33,0,0.0,1,0,0,0,,0,0,0,0,0,1,0,0,0,0,2,0,0,1,0,0.0,,0,0,0,0,0,,0,0.0,0,0,0,1,0,1,0,0,,0,0,0,0,0.0,0,0,0,0,1,0,0,0,0,0,0,0,0,0,0,0.0,0.0,0,0,0,0,0,0,0.0,0,0,0,0.0,1,1,0,0,0,0.0,1,5,1,6,6.7,0,0,8,0,1,0
Luismi Cruz,966526,Sevilla,2833,spain,2122,12,2,0,6.7,0,0,0,,,0,0,0.0,1,0,0.0,1,1,2,33.33,0,0.0,0,0,0,0,,0,0,0,0,0,1,0,0,0,0,0,0,0,0,0,0.0,,0,0,0,0,0,,1,100.0,0,0,0,4,0,0,0,0,,0,0,0,0,0.0,0,0,0,0,4,0,0,0,0,0,0,0,0,0,0,0.0,0.0,0,0,0,0,0,1,100.0,0,0,0,0.0,0,0,1,0,1,100.0,1,3,3,6,6.7,0,0,8,0,0,0
Álex Sola,966836,Real Sociedad,2824,spain,2122,39,2,0,6.7,0,0,0,,,0,0,0.0,4,0,0.0,6,7,13,68.42,0,0.0,1,0,0,0,,0,0,0,0,3,2,0,0,0,2,4,0,0,0,0,0.0,,0,0,0,0,0,,5,62.5,0,0,0,6,2,1,0,0,,0,0,0,0,0.0,0,0,0,0,10,1,0,0,0,0,0,0,0,0,0,0.0,0.0,0,0,1,1,0,2,66.67,0,1,1,100.0,1,1,3,0,5,55.56,1,10,9,19,13.4,1,0,41,2,0,0
Nicolas Jackson,1085381,Villarreal,2819,spain,2122,162,9,0,6.7,0,0,0,,,0,0,0.0,15,0,0.0,29,9,38,76.0,13,68.42,6,0,0,0,,1,1,2,0,1,8,0,0,6,0,16,0,0,2,0,0.0,,3,3,0,0,0,,11,52.38,0,0,0,12,1,3,0,1,,0,0,0,0,0.0,0,0,0,1,30,3,0,0,0,0,0,0,0,0,0,0.0,0.0,0,5,0,2,1,4,66.67,0,2,0,0.0,3,0,6,1,24,60.0,1,41,10,50,53.6,5,0,93,5,1,0
Manuel Sánchez,984789,Osasuna,2820,spain,2122,2264,33,25,6.7,1,3,4,,,33,22,31.43,233,28,28.87,425,239,642,74.74,9,20.0,36,0,0,0,,5,0,2,7,34,33,0,0,26,36,149,0,0,32,0,16.67,,29,25,4,1,0,,112,49.78,1,0,0,217,18,19,0,0,,0,0,0,1,0.0,0,0,0,0,381,13,0,0,0,0,0,0,0,0,0,2264.0,0.0,0,3,3,2,2,24,53.33,0,72,34,47.22,19,80,45,70,121,44.81,97,634,295,859,221.0,6,0,1502,16,5,0
Guido Carrillo,174519,Elche,2846,spain,2122,1161,29,11,6.7,2,0,2,,,4,0,0.0,72,5,62.5,141,66,207,70.17,84,57.53,62,0,0,0,,0,5,2,1,27,28,0,0,15,10,122,0,0,33,0,8.7,,20,19,1,2,0,,36,37.5,1,0,2,88,1,6,0,6,,0,0,0,0,0.0,0,0,0,0,149,7,0,0,1,0,0,0,0,0,0,580.5,0.0,0,21,2,11,10,8,57.14,0,7,4,57.14,6,5,14,1,120,49.59,8,206,90,295,187.5,23,0,501,25,3,0
Keidi Bare,862480,Espanyol,2814,spain,2122,1485,25,18,6.7,1,1,2,,,36,1,14.29,142,52,66.67,363,396,758,86.93,13,30.23,30,0,0,0,,1,0,2,1,26,25,0,0,11,20,92,1,0,25,0,25.0,,20,20,0,1,0,,65,51.18,0,0,0,114,15,8,0,0,,0,0,0,0,0.0,0,0,0,1,156,6,0,0,1,0,0,0,0,0,0,1485.0,0.0,0,3,1,1,1,9,56.25,0,27,17,62.96,8,57,16,7,78,45.88,78,442,437,872,167.4,4,0,1095,29,9,0
Paco Alcácer,96366,Villarreal,2819,spain,2122,795,18,10,6.69,1,3,4,,,6,0,0.0,48,3,60.0,78,43,121,71.18,10,28.57,25,0,0,0,,2,3,3,0,1,18,0,0,7,4,44,0,0,5,0,5.56,,11,11,0,1,0,,21,52.5,0,0,1,49,6,7,1,8,,0,0,0,0,0.0,0,0,0,0,83,7,0,0,0,0,0,0,0,0,0,795.0,0.0,1,15,3,8,7,5,50.0,0,9,3,33.33,7,8,10,1,31,41.33,5,120,51,170,120.5,18,0,276,7,1,0
Tonny Vilhena,149659,Espanyol,2814,spain,2122,940,17,13,6.69,1,1,2,,,14,10,31.25,85,9,32.14,160,75,225,74.01,10,45.45,12,0,0,0,,2,1,4,0,11,17,0,0,12,14,57,0,0,16,0,6.67,,15,15,0,1,0,,37,45.12,0,0,1,79,8,11,0,2,,0,0,0,0,0.0,0,0,0,0,142,0,0,0,1,0,0,0,0,0,0,940.0,0.0,0,7,8,8,3,12,70.59,0,16,6,37.5,11,28,17,32,47,45.19,28,236,100,304,113.8,15,0,490,10,4,0
Nikola Maraš,101156,Rayo Vallecano,2818,spain,2122,1075,16,11,6.69,0,0,0,,,6,0,0.0,15,21,37.5,97,272,369,81.1,30,52.63,27,0,0,0,,0,1,0,3,50,16,0,0,0,6,43,0,0,11,0,0.0,,18,15,3,0,0,,17,51.52,0,0,0,86,15,3,0,0,,0,0,0,0,0.0,0,0,0,0,92,0,0,0,0,0,0,0,0,0,0,0.0,0.0,0,1,0,1,0,1,100.0,0,13,9,69.23,3,25,1,0,47,52.22,56,154,301,455,107.1,1,0,580,4,4,0
Munir El Haddadi,350170,Sevilla,2833,spain,2122,483,16,4,6.69,2,0,2,,,3,2,33.33,29,3,100.0,72,28,98,79.03,8,33.33,16,0,0,0,,1,2,3,0,2,15,0,0,9,6,44,0,0,7,0,16.67,,6,5,1,1,1,,23,45.1,0,0,0,26,5,7,2,3,,0,0,0,0,0.0,0,0,0,0,63,2,0,0,0,0,0,0,0,0,0,241.5,0.0,0,10,2,2,7,2,25.0,0,8,4,50.0,7,4,8,6,31,41.33,3,93,37,124,100.4,12,0,227,13,3,0
Renato Tapia,352376,Celta Vigo,2821,spain,2122,1402,29,13,6.69,0,0,0,,,43,1,33.33,101,63,47.01,335,347,681,80.02,30,56.6,23,0,0,0,,0,1,2,3,39,28,0,0,13,30,110,0,0,35,0,0.0,,19,14,5,0,0,,82,48.52,0,0,0,170,28,4,0,0,,0,0,0,0,0.0,0,0,0,0,212,2,0,0,0,0,0,0,0,0,0,0.0,0.0,0,5,7,7,3,6,40.0,0,50,31,62.0,4,95,15,3,112,50.45,134,445,409,851,187.4,12,1,1126,26,10,0
Mickaël Malsa,360866,Levante UD,2849,spain,2122,1157,26,11,6.69,1,2,3,,,34,0,0.0,76,30,44.78,193,239,432,80.75,11,35.48,20,0,0,0,,3,1,6,0,12,25,0,0,11,27,78,0,0,19,0,7.69,,32,24,8,1,0,,58,50.0,0,0,1,103,18,10,0,0,,0,0,0,0,0.0,0,0,0,0,136,7,0,0,1,0,0,0,0,0,0,1157.0,0.0,0,5,8,5,2,7,87.5,0,37,17,45.95,10,71,8,0,69,46.94,67,267,268,535,167.3,13,0,718,15,7,0
Yangel Herrera,839585,Espanyol,2814,spain,2122,1650,23,19,6.69,1,1,2,,,18,3,30.0,130,22,55.0,357,345,699,81.66,56,48.28,60,0,0,0,,1,2,2,5,32,23,0,0,23,21,157,1,0,44,0,6.67,,24,24,0,1,0,,93,48.95,0,0,0,157,19,12,0,1,,0,0,0,0,0.0,0,0,0,0,231,9,0,1,1,0,0,0,0,0,0,1650.0,0.0,0,9,6,11,2,19,63.33,0,41,31,75.61,12,36,30,10,149,48.69,40,477,389,856,153.9,15,1,1177,34,5,1
Fernando Niño,1016019,Mallorca,2826,spain,2122,879,23,9,6.69,2,0,2,,,3,1,100.0,55,1,33.33,92,53,144,67.92,47,47.47,52,0,0,0,,0,5,3,0,13,21,0,0,14,10,98,0,0,18,0,8.7,,20,16,4,2,0,,37,44.58,0,0,0,68,3,9,0,3,,0,0,0,0,0.0,0,0,0,1,117,11,0,0,2,0,0,0,0,0,0,439.5,0.0,0,21,2,7,13,9,56.25,0,10,4,40.0,9,6,16,1,84,46.15,3,140,73,212,140.5,23,0,371,19,2,0
Gonzalo Villar,914765,Getafe,2859,spain,2122,291,10,2,6.69,0,1,1,,,9,0,0.0,20,10,62.5,52,64,116,84.67,4,40.0,6,0,0,0,,1,1,0,0,0,10,0,0,4,3,21,0,0,9,0,0.0,,6,6,0,0,0,,25,62.5,0,0,0,21,1,1,0,0,,0,0,0,0,0.0,0,0,0,0,33,1,0,0,0,0,0,0,0,0,0,0.0,0.0,0,1,1,0,2,8,100.0,0,5,3,60.0,1,16,8,1,29,58.0,16,66,72,137,66.9,2,0,199,13,0,0
Jesús Vázquez,996929,Valencia,2828,spain,2122,819,15,8,6.69,0,0,0,,,1,3,12.5,64,8,30.77,109,65,171,72.77,12,38.71,19,0,0,0,,0,0,1,2,14,14,0,0,10,12,64,0,0,14,0,0.0,,12,10,2,0,0,,57,55.88,0,0,0,64,9,6,0,0,,0,0,0,0,0.0,0,0,0,0,149,6,0,0,0,0,0,0,0,0,0,0.0,0.0,0,3,1,2,1,25,73.53,0,24,13,54.17,6,3,34,24,69,51.88,26,163,96,235,93.6,4,0,527,8,0,0
Sergio Escudero,88859,Granada,33779,spain,2122,1438,27,15,6.69,2,1,3,,,28,9,30.0,85,41,41.41,209,200,400,71.43,33,47.83,36,0,0,0,,1,1,7,3,27,27,0,0,10,28,97,0,0,14,0,9.52,,22,21,1,2,0,,69,53.08,0,0,1,160,26,13,2,5,,0,0,0,1,0.0,0,0,0,0,248,6,0,0,0,0,0,0,0,0,0,719.0,0.0,4,5,16,10,4,3,25.0,0,46,24,52.17,13,70,12,30,102,51.26,99,335,255,560,180.5,21,0,982,20,6,0
Iza Carcelén,800403,Cádiz,4488,spain,2122,1555,25,17,6.68,0,1,1,,,28,6,12.24,109,37,46.84,221,222,437,78.04,15,44.12,19,0,0,0,,1,0,3,3,37,25,0,0,14,28,94,0,0,23,0,0.0,,22,21,1,0,0,,79,51.3,0,0,1,123,32,9,0,1,,0,0,0,0,0.0,0,0,0,0,250,5,0,0,0,0,0,0,0,0,0,0.0,0.0,1,1,10,4,4,11,45.83,0,43,29,67.44,9,47,24,49,94,50.0,79,330,279,560,167.1,11,1,1013,25,2,0
Orbelín Pineda,850404,Celta Vigo,2821,spain,2122,99,7,0,6.68,0,0,0,,,3,0,0.0,28,4,100.0,37,20,57,87.69,1,25.0,3,0,0,0,,0,0,1,0,1,6,0,0,3,1,10,0,0,2,0,0.0,,1,1,0,0,0,,9,56.25,0,0,0,8,0,1,0,0,,0,0,0,0,0.0,0,0,0,0,15,1,0,0,0,0,0,0,0,0,0,0.0,0.0,0,2,3,3,1,1,50.0,0,4,1,25.0,1,3,2,0,10,50.0,4,43,22,65,40.1,5,0,91,4,0,0
Vicente Iborra,32690,Villarreal,2819,spain,2122,1037,20,12,6.68,0,1,1,,,12,0,0.0,89,15,41.67,249,296,545,85.83,26,61.9,16,0,0,0,,1,2,2,4,27,17,0,0,5,12,51,0,1,19,0,0.0,,10,10,0,0,0,,31,46.97,0,0,0,90,11,2,0,0,,0,0,0,0,0.0,0,0,0,0,104,3,0,0,0,0,0,0,0,0,0,0.0,0.0,0,6,2,4,2,2,50.0,0,19,10,52.63,2,21,4,0,57,52.78,36,310,325,635,113.6,8,0,757,10,4,0
Njegoš Petrović,844179,Granada,33779,spain,2122,917,15,10,6.68,0,1,1,,,7,0,0.0,61,14,70.0,131,133,264,80.0,12,37.5,20,0,0,0,,0,1,3,1,11,15,0,0,6,6,49,0,0,11,0,0.0,,23,21,2,0,0,,46,61.33,0,0,0,66,9,3,0,1,,0,0,0,0,0.0,0,0,0,0,99,4,0,0,0,0,0,0,0,0,0,0.0,0.0,0,4,4,3,2,10,62.5,0,24,11,45.83,3,18,16,5,58,54.21,20,183,152,330,100.2,8,0,482,14,5,0
Ilaix Moriba,962890,Valencia,2828,spain,2122,820,14,9,6.68,0,0,0,,,12,1,33.33,66,12,44.44,142,73,214,76.98,14,40.0,21,0,0,0,,1,0,4,1,14,14,0,0,8,21,78,0,0,21,0,0.0,,11,9,2,0,0,,58,50.43,0,0,0,64,12,2,0,0,,0,0,0,0,0.0,0,0,0,0,112,8,0,1,0,0,0,0,0,0,0,0.0,0.0,1,7,7,5,5,7,50.0,0,26,18,69.23,2,22,14,3,72,48.0,27,188,93,278,93.5,14,0,468,25,7,1
Luis Rioja,900433,Deportivo Alavés,2885,spain,2122,3126,37,36,6.68,1,3,4,,,9,30,17.65,215,28,37.84,370,174,514,69.65,17,38.64,27,0,0,0,,12,1,10,1,16,37,0,0,51,44,197,0,0,17,0,2.27,,57,50,7,1,0,,137,44.63,0,0,0,224,25,33,1,12,,0,0,0,0,0.0,0,0,0,0,594,28,0,0,0,0,0,0,0,0,0,3126.0,0.0,0,27,17,18,16,70,53.85,0,28,15,53.57,33,26,130,170,154,43.87,74,679,229,738,247.1,44,0,1470,39,3,0
Juan Cruz,897902,Osasuna,2820,spain,2122,1934,23,22,6.68,0,0,0,,,25,1,12.5,82,39,40.63,286,444,729,82.94,23,46.0,27,0,0,0,,0,0,1,6,55,23,0,0,11,8,67,0,1,19,0,0.0,,27,24,3,0,0,,43,51.81,0,0,0,150,16,3,0,0,,0,0,0,0,0.0,0,0,0,0,203,1,0,0,0,0,0,0,0,0,0,0.0,0.0,0,2,1,2,0,10,76.92,0,28,21,75.0,3,60,13,8,66,49.62,96,391,496,879,153.6,3,0,1132,5,4,0
Tete Morente,605374,Elche,2846,spain,2122,1634,32,18,6.68,3,3,6,,,6,15,20.27,153,15,38.46,263,121,369,74.4,22,51.16,21,0,0,0,,5,2,7,0,10,32,0,0,14,21,121,0,0,32,0,10.71,,22,21,1,3,0,,73,42.2,0,0,0,127,12,16,1,8,,0,0,0,0,0.0,0,0,0,0,287,10,0,0,2,0,0,0,0,0,0,544.67,0.0,0,18,10,13,8,30,47.62,0,21,14,66.67,16,19,63,74,95,43.98,39,411,159,496,213.7,28,1,878,22,4,0
Fernando Pacheco,144501,Deportivo Alavés,2885,spain,2122,3054,34,34,6.68,0,0,0,,,82,0,0.0,68,361,48.92,289,275,564,59.75,5,100.0,0,0,0,0,,0,0,0,5,25,34,1,0,0,0,0,1,0,0,0,0.0,,60,54,6,0,0,-1.08,3,100.0,0,20,0,380,0,2,0,0,,0,0,0,0,0.0,8,0,3,0,385,0,7,0,0,19,66,22,89,0,18,0.0,0.0,0,0,0,0,0,0,0.0,19,2,1,50.0,2,128,0,0,8,100.0,738,622,322,944,227.0,0,1,1186,1,1,0
Jan Oblak,69768,Atlético Madrid,2836,spain,2122,3420,38,38,6.68,0,0,0,,,55,0,0.0,24,206,31.55,116,370,486,51.81,8,100.0,0,0,0,0,,0,0,0,12,17,38,1,0,0,0,0,2,2,0,0,0.0,,43,37,6,0,0,-2.14,8,100.0,0,23,0,452,1,0,0,0,,1,0,0,0,0.0,8,0,1,0,457,0,7,0,0,10,39,27,66,2,20,0.0,0.0,0,1,0,1,0,2,100.0,10,0,0,0.0,0,133,2,0,16,100.0,653,475,463,938,253.7,1,2,1227,7,1,0
Diego González,597756,Elche,2846,spain,2122,1806,28,19,6.68,0,0,0,,,32,0,0.0,37,48,41.03,129,465,594,82.73,27,49.09,28,0,0,0,,0,0,2,4,87,25,0,1,0,7,59,0,0,25,0,0.0,,26,24,2,0,0,,29,48.33,0,0,0,124,19,2,0,0,,0,0,0,1,0.0,0,0,0,0,132,0,0,1,0,0,0,0,0,0,0,0.0,0.0,0,4,0,1,1,1,100.0,0,25,16,64.0,2,68,1,0,56,48.7,117,202,516,718,166.9,4,0,914,3,3,0
Alberto Perea,52125,Cádiz,4488,spain,2122,783,18,8,6.68,0,1,1,,,10,8,16.67,110,6,30.0,176,83,251,80.71,2,18.18,9,0,0,0,,1,1,8,0,4,16,0,0,18,14,72,0,0,7,0,0.0,,16,15,1,0,0,,68,51.91,0,0,0,60,9,12,0,0,,0,0,0,0,0.0,0,0,0,0,176,8,0,0,0,0,0,0,0,0,0,0.0,0.0,1,7,10,5,4,29,54.72,0,19,9,47.37,12,25,53,48,70,49.3,20,260,99,311,106.8,17,0,576,20,2,0
Rober González,910022,Real Betis,2816,spain,2122,137,4,1,6.68,0,0,0,,,0,0,0.0,11,2,66.67,18,10,28,80.0,1,50.0,1,0,0,0,,0,0,0,0,0,4,0,0,1,2,9,0,0,2,0,0.0,,1,1,0,0,0,,10,55.56,0,0,0,7,1,1,0,0,,0,0,0,0,0.0,0,0,0,0,16,0,0,0,0,0,0,0,0,0,0,0.0,0.0,0,1,1,2,0,2,40.0,0,5,4,80.0,1,1,5,1,11,55.0,3,25,11,35,26.7,2,0,67,3,0,0
José Pozo,608370,Rayo Vallecano,2818,spain,2122,68,5,0,6.68,0,0,0,,,2,1,50.0,21,3,100.0,33,13,45,91.84,1,50.0,1,0,0,0,,0,0,1,0,1,4,0,0,2,1,9,0,0,3,0,0.0,,1,1,0,0,0,,3,27.27,0,0,0,4,0,3,0,0,,0,0,0,0,0.0,0,0,0,0,13,0,0,0,0,0,0,0,0,0,0,0.0,0.0,0,1,2,2,0,0,0.0,0,2,2,100.0,3,2,2,2,4,30.77,3,36,15,49,26.7,3,0,69,2,0,0
Alexander Sørloth,309078,Real Sociedad,2824,spain,2122,1777,33,20,6.67,4,0,4,,,6,0,0.0,149,8,50.0,233,96,329,73.6,51,51.0,49,0,0,0,,5,10,9,5,15,33,0,0,52,10,165,0,0,29,0,11.43,,18,17,1,3,1,,72,38.3,1,0,2,118,4,23,3,12,,0,0,0,0,0.0,0,0,0,2,285,23,0,0,0,0,0,0,0,0,0,444.25,0.0,0,28,7,13,13,38,57.58,0,20,7,35.0,23,12,66,9,123,42.71,16,340,116,447,220.2,35,1,802,14,2,0
Mouctar Diakhaby,797306,Valencia,2828,spain,2122,1964,29,21,6.67,0,1,1,,,39,1,20.0,78,72,39.78,183,356,538,74.72,33,51.56,31,0,0,0,,0,0,2,5,83,28,0,0,4,10,74,0,3,26,0,0.0,,35,31,4,0,0,,64,59.81,0,0,0,182,30,4,0,1,,2,0,0,1,0.0,0,0,0,0,212,1,0,0,0,0,0,0,0,0,0,0.0,0.0,0,8,0,4,2,13,68.42,0,35,24,68.57,4,86,19,5,97,56.73,181,321,404,720,186.8,8,0,1017,16,11,0
Clément Lenglet,580550,Barcelona,2817,spain,2122,822,21,7,6.67,0,1,1,,,27,0,0.0,80,48,60.0,316,424,740,91.02,16,39.02,25,0,0,0,,2,0,1,1,19,17,0,0,2,5,52,0,0,19,0,0.0,,12,11,1,0,0,,25,48.08,0,0,0,73,13,2,0,0,,0,0,0,1,0.0,0,0,0,0,85,3,0,0,0,0,0,0,0,0,0,0.0,0.0,0,2,0,0,1,1,50.0,0,20,11,55.0,2,54,2,1,41,44.09,80,367,447,813,113.4,2,0,905,4,4,0
Antonio Puertas,316406,Granada,33779,spain,2122,2270,33,25,6.67,6,1,7,,,19,8,19.05,151,21,43.75,273,180,445,72.48,49,39.52,75,0,0,0,,0,3,9,1,25,33,0,0,40,27,205,0,0,44,0,18.18,,34,30,4,5,1,,94,41.96,1,0,1,169,11,18,4,9,,0,0,0,1,0.0,0,0,0,0,334,10,0,0,1,0,0,0,0,0,0,378.33,0.0,0,28,5,9,15,31,55.36,0,34,20,58.82,18,39,56,42,143,41.09,48,434,222,614,220.1,33,1,1085,30,4,0
Iñigo Pérez,99104,Osasuna,2820,spain,2122,334,10,4,6.67,1,0,1,,,8,6,19.35,37,8,57.14,64,31,89,74.79,2,15.38,11,0,0,0,,1,0,2,0,3,9,0,0,3,2,19,0,0,0,1,25.0,,7,7,0,0,1,,6,42.86,0,0,0,30,0,8,1,0,,0,0,0,0,0.0,0,0,0,0,64,5,0,0,0,0,0,0,0,0,0,334.0,100.0,1,0,4,1,1,0,0.0,0,3,2,66.67,8,14,3,31,8,29.63,14,113,37,119,60.0,4,0,182,3,0,0
Jason,330677,Deportivo Alavés,2885,spain,2122,777,19,11,6.67,0,1,1,,,9,22,32.35,53,9,33.33,101,30,109,62.64,10,35.71,18,0,0,0,,1,2,2,0,5,18,0,0,11,14,70,0,0,16,0,0.0,,13,10,3,0,0,,39,42.86,0,0,0,65,8,20,0,0,,0,0,0,1,0.0,0,0,0,0,154,6,0,0,0,0,0,0,0,0,0,0.0,0.0,1,6,5,7,2,8,38.1,0,15,8,53.33,20,23,21,68,49,41.18,27,199,43,174,120.0,11,0,388,17,3,0
Pablo Piatti,33959,Elche,2846,spain,2122,307,10,3,6.67,0,0,0,,,4,0,0.0,29,2,100.0,55,19,74,76.29,7,50.0,7,0,0,0,,0,0,1,0,2,9,0,0,4,5,26,0,0,8,0,0.0,,6,6,0,0,0,,19,50.0,0,0,1,23,2,4,0,1,,0,0,0,0,0.0,0,0,0,0,44,4,0,0,0,0,0,0,0,0,0,0.0,0.0,0,1,3,1,2,2,40.0,0,9,4,44.44,4,4,5,3,26,50.0,2,70,30,97,60.0,4,0,156,8,0,0
Fran Mérida,32606,Espanyol,2814,spain,2122,262,10,3,6.67,0,0,0,,,9,3,37.5,33,16,43.24,68,51,116,69.05,0,0.0,4,0,0,0,,0,0,1,0,1,9,0,1,2,6,20,0,0,6,0,0.0,,5,5,0,0,0,,22,57.89,0,0,0,52,6,4,0,0,,0,0,0,0,0.0,0,0,0,0,64,4,0,1,0,0,0,0,0,0,0,0.0,0.0,0,2,2,3,0,9,81.82,0,7,3,42.86,4,28,11,8,22,52.38,37,113,63,168,60.0,4,0,225,6,2,0
Salvi Sánchez,811493,Cádiz,4488,spain,2122,1414,23,17,6.67,2,1,3,,,7,11,16.92,60,8,23.53,127,73,189,67.74,15,44.12,19,0,0,1,,2,2,6,2,10,23,0,0,5,12,51,0,0,9,0,10.0,,20,18,2,2,0,,45,58.44,0,0,0,90,6,8,0,1,,0,0,1,0,0.0,0,0,0,0,194,3,0,1,2,0,0,0,0,0,0,707.0,0.0,0,15,5,6,8,9,56.25,0,20,10,50.0,8,28,16,65,60,54.05,34,245,99,279,153.3,20,0,531,16,1,1
Portu,218616,Real Sociedad,2824,spain,2122,1621,37,17,6.66,1,2,3,,,10,7,20.0,155,5,50.0,250,95,338,76.82,14,27.45,37,0,0,0,,5,3,9,1,7,37,0,0,19,16,99,0,0,19,0,4.0,,16,14,2,1,0,,50,44.64,0,0,1,102,7,18,0,11,,0,0,1,0,100.0,0,1,0,1,196,11,0,0,1,0,0,0,0,0,0,1621.0,0.0,0,23,2,6,10,9,50.0,0,16,7,43.75,18,22,18,35,64,39.26,10,354,121,440,246.6,25,0,708,25,5,0
Alberto Soro,944049,Granada,33779,spain,2122,616,16,7,6.66,0,0,0,,,1,1,6.67,47,4,40.0,84,37,120,75.47,10,34.48,19,0,0,0,,2,1,0,0,1,16,0,0,13,6,47,0,0,5,0,0.0,,14,12,2,0,0,,23,45.1,0,0,0,39,3,8,0,2,,0,0,0,0,0.0,0,0,0,0,91,3,0,0,0,0,0,0,0,0,0,0.0,0.0,0,5,2,3,4,6,54.55,0,12,10,83.33,8,4,11,15,33,41.25,10,124,50,159,106.6,7,0,289,5,0,0
Javi Puado,891511,Espanyol,2814,spain,2122,2255,30,26,6.66,4,1,5,,,7,3,16.67,166,11,52.38,312,201,510,83.74,13,27.08,35,0,0,0,,0,4,14,0,21,30,0,0,33,25,141,0,0,23,0,10.0,,38,38,0,4,0,,79,42.7,1,0,1,99,11,21,0,6,,0,0,0,0,0.0,0,0,0,0,225,6,0,0,3,0,0,0,0,0,0,563.75,0.0,0,31,9,14,12,30,54.55,0,24,14,58.33,21,14,55,18,92,39.48,21,398,229,609,199.8,40,1,954,25,5,0
Unai López,588566,Rayo Vallecano,2818,spain,2122,1160,27,13,6.66,0,0,0,,,40,22,35.48,163,75,61.98,396,291,665,86.36,8,26.67,22,0,0,0,,3,1,4,0,6,27,0,0,20,23,100,0,1,26,0,0.0,,24,21,3,0,0,,50,39.06,0,0,0,105,10,24,0,5,,0,0,0,0,0.0,0,0,0,0,203,8,0,0,0,0,0,0,0,0,0,0.0,0.0,4,5,14,8,7,14,51.85,0,19,9,47.37,24,75,27,62,58,36.71,121,520,312,770,179.8,19,0,1021,17,5,0
Rubén Sobrino,329563,Cádiz,4488,spain,2122,1874,34,19,6.66,4,1,5,,,9,3,21.43,133,12,46.15,215,139,351,73.74,40,41.67,56,0,0,0,,2,7,6,4,15,34,0,0,33,30,187,0,0,48,0,12.12,,31,28,3,4,0,,95,42.04,1,0,1,125,23,13,0,4,,0,0,0,0,0.0,0,0,0,0,260,18,0,0,3,0,0,0,0,0,0,468.5,0.0,0,27,6,17,10,34,59.65,0,29,18,62.07,13,19,57,14,135,41.93,26,314,176,476,226.4,33,0,868,33,3,0
Cristian Tello,114157,Real Betis,2816,spain,2122,821,23,5,6.66,2,2,4,,,4,4,25.0,112,12,63.16,202,69,267,78.07,5,50.0,5,0,0,0,,2,4,12,0,6,23,0,0,13,18,62,0,0,9,0,6.9,,14,13,1,0,2,,32,35.96,0,0,0,75,10,16,1,4,,0,0,0,0,0.0,0,0,0,0,134,7,0,0,1,0,0,0,0,0,0,410.5,0.0,2,13,16,8,9,10,37.04,0,17,11,64.71,16,11,27,16,37,37.37,19,267,91,342,153.1,29,0,519,5,2,0
Raúl Guti,591740,Elche,2846,spain,2122,1632,31,17,6.66,0,0,0,,,38,1,11.11,166,42,54.55,354,302,655,84.3,12,40.0,18,0,0,0,,0,1,3,3,7,29,0,0,15,20,77,0,0,16,0,0.0,,17,15,2,0,0,,67,53.17,0,0,0,122,25,12,0,0,,0,2,0,0,0.0,0,0,0,0,178,7,0,1,0,0,0,0,0,0,0,0.0,0.0,0,6,12,10,5,11,52.38,0,25,15,60.0,10,69,21,9,79,50.64,77,442,344,777,193.0,18,0,1000,34,2,1
Iván Alejo,352486,Cádiz,4488,spain,2122,1068,20,11,6.66,2,2,4,,,6,25,25.77,57,5,20.83,133,54,162,72.0,11,45.83,13,0,0,0,,2,0,3,1,13,20,0,0,17,29,122,0,0,37,0,16.67,,9,8,1,2,0,,81,42.63,0,0,1,63,8,21,0,5,,0,1,0,1,0.0,0,0,0,0,229,3,0,0,2,0,0,0,0,0,0,534.0,0.0,0,6,6,5,4,15,34.88,0,33,15,45.45,20,9,43,97,92,42.99,24,248,74,225,133.1,12,0,576,33,7,0
Aridane Hernández,41013,Osasuna,2820,spain,2122,1159,15,12,6.65,0,0,0,,,29,1,100.0,34,35,38.89,134,295,428,79.7,22,52.38,20,0,0,0,,0,0,0,3,69,15,0,0,2,10,38,0,0,5,0,0.0,,22,20,2,0,0,,18,50.0,0,0,0,109,20,2,0,3,,1,0,0,0,0.0,0,0,0,0,117,0,0,0,0,0,0,0,0,0,0,0.0,0.0,0,2,0,2,0,2,66.67,0,12,9,75.0,2,62,3,1,40,51.28,90,202,336,537,99.8,2,0,680,4,1,0
Ángel Rodríguez,52093,Mallorca,2826,spain,2122,1561,29,19,6.65,4,2,6,,,9,2,20.0,62,9,56.25,116,70,184,73.31,19,38.78,30,0,0,0,,2,6,4,0,11,29,0,0,21,17,111,0,0,37,0,13.79,,26,22,4,4,0,,51,38.64,1,0,2,67,3,13,0,17,,0,0,0,0,0.0,0,0,0,1,153,9,0,0,3,0,0,0,0,0,0,390.25,0.0,0,25,4,14,11,13,56.52,0,15,9,60.0,13,19,23,10,70,38.67,16,179,82,251,192.9,29,0,495,23,4,0
Antonio Sánchez,949722,Mallorca,2826,spain,2122,1628,29,19,6.65,1,0,1,,,27,1,6.25,147,41,49.4,268,249,516,79.26,11,50.0,11,0,0,0,,0,2,6,0,27,29,0,0,20,30,115,0,1,40,0,5.56,,31,28,3,1,0,,98,48.51,0,0,0,135,32,9,0,3,,0,0,0,0,0.0,0,0,0,0,233,10,0,0,1,0,0,0,0,0,0,1628.0,0.0,0,7,11,8,4,18,52.94,0,53,24,45.28,9,53,34,16,109,48.66,83,384,283,651,192.9,18,0,1020,27,3,0
Clément Grenier,39009,Mallorca,2826,spain,2122,70,5,0,6.65,1,0,1,,,1,0,0.0,11,0,0.0,15,14,29,74.36,1,33.33,2,0,0,0,,0,0,0,0,1,4,0,0,1,0,6,0,0,2,0,100.0,,0,0,0,1,0,,0,0.0,0,0,0,10,0,1,0,0,,0,0,0,0,0.0,0,0,0,0,14,0,0,0,1,0,0,0,0,0,0,70.0,0.0,0,1,0,0,1,0,0.0,0,0,0,0.0,1,4,1,2,1,14.29,3,24,17,39,26.6,1,0,48,0,1,0
Rober Ibáñez,383406,Osasuna,2820,spain,2122,97,4,1,6.65,0,0,0,,,1,0,0.0,14,0,0.0,22,7,29,80.56,0,0.0,2,0,0,0,,1,0,1,0,1,4,0,0,3,1,6,0,0,0,0,0.0,,4,3,1,0,0,,10,71.43,0,0,0,7,1,2,0,1,,0,0,0,0,0.0,0,0,0,0,16,1,0,0,0,0,0,0,0,0,0,0.0,0.0,0,2,1,2,0,2,100.0,0,3,3,100.0,2,1,2,0,10,62.5,0,28,8,36,26.6,3,0,69,5,0,0
José Juan Macías,888754,Getafe,2859,spain,2122,205,7,2,6.65,0,0,0,,,1,0,0.0,12,0,0.0,20,10,30,73.17,4,40.0,6,0,0,0,,0,0,1,0,0,6,0,0,2,1,15,0,0,1,0,0.0,,4,4,0,0,0,,17,65.38,0,0,0,11,1,0,0,4,,0,0,0,0,0.0,0,0,0,1,31,2,0,0,0,0,0,0,0,0,0,0.0,0.0,0,2,2,3,0,5,50.0,0,1,0,0.0,0,3,10,3,21,58.33,0,33,11,41,39.9,4,0,89,11,1,0
Beñat Turrientes,980410,Real Sociedad,2824,spain,2122,212,8,1,6.65,0,0,0,,,5,1,50.0,21,8,100.0,51,30,80,88.89,1,33.33,2,0,0,0,,0,0,2,0,2,8,0,0,3,4,16,0,0,3,0,0.0,,2,2,0,0,0,,10,41.67,0,0,0,10,2,4,0,0,,0,1,0,0,0.0,0,0,0,0,21,2,0,0,0,0,0,0,0,0,0,0.0,0.0,0,3,4,3,2,7,63.64,0,0,0,0.0,3,7,11,2,11,40.74,8,57,35,90,53.2,7,0,129,3,1,0
Fede San Emeterio,376382,Cádiz,4488,spain,2122,836,12,10,6.65,0,0,0,,,14,0,0.0,57,17,56.67,124,157,281,80.98,11,68.75,5,0,0,0,,2,0,0,1,5,12,0,0,1,10,43,0,0,26,0,0.0,,10,8,2,0,0,,26,40.63,0,0,0,66,8,3,0,0,,0,0,0,0,0.0,0,0,0,0,77,8,0,0,0,0,0,0,0,0,0,0.0,0.0,0,0,0,0,0,0,0.0,0,16,5,31.25,3,25,2,0,37,46.25,30,163,184,347,79.8,0,0,417,10,3,0
Iván Marcone,122634,Elche,2846,spain,2122,831,20,10,6.65,0,0,0,,,23,1,100.0,40,22,50.0,141,214,354,82.33,6,66.67,3,0,0,0,,0,0,1,1,13,20,0,0,3,12,32,0,0,12,0,0.0,,16,14,2,0,0,,38,56.72,0,0,0,76,12,0,0,0,,0,0,0,0,0.0,0,0,0,0,87,2,0,0,0,0,0,0,0,0,0,0.0,0.0,0,1,1,1,0,10,83.33,0,24,14,58.33,0,38,12,1,44,57.89,44,185,246,430,133.0,2,0,535,4,5,0
Nolito,123977,Celta Vigo,2821,spain,2122,1388,32,15,6.65,2,0,2,,,34,2,11.11,156,26,61.9,263,151,412,78.03,12,48.0,13,0,0,0,,5,3,4,0,2,30,0,0,21,34,94,0,0,21,0,10.0,,20,15,5,2,0,,50,38.17,1,0,0,116,9,15,1,6,,0,0,0,1,0.0,0,0,0,0,193,7,0,0,0,0,0,0,0,0,0,694.0,0.0,1,14,6,7,9,13,59.09,0,26,15,57.69,15,56,22,18,62,39.74,42,377,169,528,199.4,20,0,764,11,1,0
Uroš Račić,839909,Valencia,2828,spain,2122,1229,28,13,6.65,0,0,0,,,35,2,40.0,111,53,56.38,223,146,367,73.55,33,54.1,28,0,0,0,,0,1,5,0,20,28,0,0,9,21,91,0,0,29,0,0.0,,20,18,2,0,0,,69,52.27,0,0,0,132,16,5,0,1,,0,0,0,0,0.0,0,0,0,0,169,4,0,1,0,0,0,0,0,0,0,0.0,0.0,0,7,9,10,1,14,77.78,0,32,18,56.25,5,61,18,5,102,52.85,94,324,180,499,186.1,16,0,709,25,1,1
Javier Pastore,79853,Elche,2846,spain,2122,528,13,6,6.65,0,0,0,,,12,3,37.5,84,14,56.0,141,71,209,77.41,4,40.0,6,0,0,0,,2,0,3,0,2,13,0,1,11,9,38,0,0,7,0,0.0,,10,9,1,0,0,,20,38.46,0,0,1,61,4,11,0,1,,0,0,0,0,0.0,0,0,0,0,94,2,0,1,0,0,0,0,0,0,0,0.0,0.0,0,5,3,3,2,8,57.14,0,7,3,42.86,11,29,14,8,24,38.71,25,193,85,270,86.4,8,0,363,5,2,0
Dimitri Foulquier,151138,Valencia,2828,spain,2122,2519,31,27,6.65,0,1,1,,,37,10,14.93,131,38,25.33,292,238,520,67.27,21,44.68,26,0,0,0,,1,0,2,10,44,31,0,0,15,14,103,0,0,40,0,0.0,,37,31,6,0,0,,102,56.98,0,0,0,253,30,12,0,1,,0,0,0,1,0.0,0,0,0,1,391,14,0,0,0,0,0,0,0,0,0,0.0,0.0,0,6,10,9,5,23,69.7,0,36,17,47.22,12,85,33,67,123,54.42,150,532,308,773,206.0,16,1,1414,43,11,0
Roberto Soldado,13208,Levante UD,2849,spain,2122,672,18,7,6.64,3,2,5,,,3,1,100.0,32,3,42.86,62,35,96,66.21,6,25.0,18,0,0,0,,2,2,1,0,7,18,0,1,3,2,36,0,0,9,0,17.65,,15,13,2,3,0,,11,37.93,0,0,0,49,1,8,1,9,,0,0,0,0,0.0,0,0,0,0,70,2,0,2,2,0,0,0,0,0,0,224.0,0.0,0,15,2,8,8,3,42.86,0,3,1,33.33,8,8,7,1,17,32.08,7,105,41,145,119.6,17,0,218,5,5,1
Asier Villalibre,355072,Athletic Club,2825,spain,2122,546,19,3,6.64,2,0,2,,,3,0,0.0,29,0,0.0,48,21,69,62.16,19,57.58,14,0,0,0,,0,3,5,0,7,18,0,0,14,1,40,0,0,10,0,10.53,,8,8,0,2,0,,21,44.68,0,0,1,42,1,3,1,3,,0,0,0,0,0.0,0,0,0,0,83,3,0,0,1,0,0,0,0,0,0,273.0,0.0,0,17,2,8,6,4,80.0,0,4,3,75.0,3,8,5,4,40,50.0,3,86,29,111,119.6,19,0,216,13,0,0
Randy Nteka,932764,Rayo Vallecano,2818,spain,2122,1476,34,16,6.64,3,0,3,,,4,1,11.11,119,4,33.33,196,71,266,67.34,62,47.33,69,0,0,0,,2,2,2,0,10,33,0,0,33,11,164,0,0,41,0,10.34,,20,16,4,2,1,,63,39.87,0,0,1,129,8,14,1,3,,0,0,0,0,0.0,0,0,0,2,258,17,0,0,2,0,0,0,0,0,0,492.0,0.0,0,24,5,19,8,16,53.33,0,24,13,54.17,14,10,30,9,125,43.25,12,317,87,395,219.2,29,0,706,24,3,0
Nemanja Radoja,194446,Levante UD,2849,spain,2122,1229,19,17,6.64,0,0,0,,,18,1,20.0,62,20,58.82,156,227,382,84.14,18,58.06,13,0,0,0,,1,0,2,2,15,19,0,0,20,12,66,0,2,16,0,0.0,,27,26,1,0,0,,49,48.04,0,0,0,72,22,8,0,0,,0,1,0,1,0.0,0,0,0,1,124,5,0,0,0,0,0,0,0,0,0,0.0,0.0,0,3,2,2,1,11,68.75,0,25,8,32.0,7,30,16,5,67,50.38,34,203,256,454,126.2,5,0,648,13,3,0
Mario Gaspar,48751,Villarreal,2819,spain,2122,625,12,7,6.64,0,0,0,,,7,2,50.0,60,14,37.84,115,131,244,79.22,8,42.11,11,0,0,0,,1,0,3,2,13,12,0,0,2,4,25,0,0,8,0,0.0,,8,7,1,0,0,,15,51.72,0,0,0,64,6,5,0,0,,0,0,0,0,0.0,0,0,0,0,85,3,0,0,0,0,0,0,0,0,0,0.0,0.0,0,3,1,0,1,3,75.0,0,10,4,40.0,5,19,4,4,23,47.92,37,158,154,308,79.7,4,0,439,2,1,0
Kang-in Lee,917087,Mallorca,2826,spain,2122,1420,30,15,6.64,1,2,3,,,19,12,16.44,148,21,43.75,264,138,390,77.84,16,29.09,39,0,0,0,,4,0,10,1,4,29,0,0,32,24,140,0,0,23,0,2.78,,27,24,3,0,1,,87,46.28,0,0,3,111,5,22,1,1,,1,0,0,0,0.0,0,0,0,0,286,5,0,1,0,0,0,0,0,0,0,1420.0,0.0,8,7,29,11,15,38,62.3,0,13,6,46.15,22,46,61,73,103,42.39,48,411,163,501,192.6,36,0,879,36,1,1
Raúl Torrente,1134758,Granada,33779,spain,2122,1282,18,15,6.64,0,0,0,,,20,0,0.0,33,40,30.77,107,326,433,72.41,21,45.65,25,0,0,0,,1,1,2,2,68,17,0,0,0,13,61,0,0,24,0,0.0,,20,16,4,0,0,,43,54.43,0,0,1,165,12,4,0,1,,0,0,0,2,0.0,0,0,0,1,173,0,0,0,0,0,0,0,0,0,0,0.0,0.0,0,3,1,2,0,1,100.0,0,31,21,67.74,4,83,1,2,64,51.2,130,226,374,598,112.9,4,0,769,11,5,0
Toni Lato,828239,Valencia,2828,spain,2122,591,11,7,6.64,0,1,1,,,9,4,21.05,53,16,41.03,104,79,179,76.5,4,17.39,19,0,0,0,,1,0,0,1,12,10,0,0,7,7,47,0,0,14,0,0.0,,9,8,1,0,0,,31,52.54,0,0,0,55,8,3,0,1,,0,0,0,0,0.0,0,0,0,0,97,3,0,0,0,0,0,0,0,0,0,0.0,0.0,0,0,0,0,0,8,100.0,0,17,12,70.59,3,19,8,19,35,42.68,39,152,101,234,66.4,0,0,404,6,5,0
Fernando Calero,857205,Espanyol,2814,spain,2122,1096,16,13,6.64,0,0,0,,,22,0,0.0,45,35,38.04,186,330,516,83.23,21,48.84,22,0,0,0,,0,0,0,3,62,15,0,0,1,5,38,0,1,10,0,0.0,,17,17,0,0,0,,27,62.79,0,0,0,104,16,2,0,0,,0,0,0,1,0.0,0,0,0,0,115,0,0,0,0,0,0,0,0,0,0,0.0,0.0,0,1,0,1,0,4,80.0,0,17,10,58.82,2,66,5,0,48,55.81,92,256,364,620,99.6,1,0,776,6,3,0
Jon Guridi,788141,Real Sociedad,2824,spain,2122,200,8,1,6.64,1,0,1,,,2,0,0.0,22,1,33.33,40,17,57,73.08,1,7.69,12,0,0,0,,0,0,0,0,4,8,0,0,0,3,23,0,0,4,0,50.0,,4,4,0,1,0,,13,54.17,1,0,0,21,3,1,0,0,,0,0,0,0,0.0,0,0,0,0,33,1,0,0,0,0,0,0,0,0,0,200.0,0.0,0,2,0,1,1,5,55.56,0,5,3,60.0,1,5,9,3,14,37.84,3,59,22,78,53.1,2,0,120,3,0,0
Denis Cheryshev,167855,Valencia,2828,spain,2122,562,17,5,6.64,0,1,1,,,4,3,11.11,42,2,25.0,75,27,99,70.21,5,27.78,13,0,0,0,,1,3,3,0,9,16,0,0,3,9,44,0,0,15,0,0.0,,9,7,2,0,0,,27,46.55,0,0,0,42,9,3,0,4,,0,0,0,0,0.0,0,0,0,1,91,4,0,0,0,0,0,0,0,0,0,0.0,0.0,0,7,3,2,5,6,54.55,0,14,5,35.71,3,10,11,27,32,42.11,8,127,41,141,106.2,10,0,274,7,1,0
Dani Raba,873947,Granada,33779,spain,2122,125,9,0,6.64,0,0,0,,,1,2,20.0,11,3,50.0,18,12,28,70.0,2,50.0,2,0,0,0,,1,0,0,0,2,8,0,0,5,2,15,0,0,5,0,0.0,,4,3,1,0,0,,10,43.48,0,0,0,12,1,4,0,1,,0,0,0,0,0.0,0,0,0,0,35,1,0,0,0,0,0,0,0,0,0,0.0,0.0,0,0,0,0,0,1,33.33,0,3,2,66.67,4,3,3,10,12,44.44,6,36,14,40,53.1,0,0,83,6,1,0
Mikel Vesga,359742,Athletic Club,2825,spain,2122,1373,32,17,6.64,2,0,2,,,42,3,25.0,146,45,51.72,330,221,548,77.73,40,64.52,22,0,0,0,,1,1,3,1,33,30,0,0,10,20,90,1,1,34,0,14.29,,16,15,1,1,1,,52,43.33,1,0,0,157,20,12,1,0,,0,0,0,1,0.0,0,0,0,0,204,11,0,1,0,0,0,0,0,0,0,686.5,0.0,0,7,7,7,4,9,60.0,0,27,14,51.85,12,75,15,12,92,50.55,87,451,266,705,199.1,14,0,926,17,4,1
Javi Martínez,913732,Osasuna,2820,spain,2122,892,26,9,6.63,1,1,2,,,6,6,19.35,98,8,40.0,195,92,281,77.84,10,37.04,17,0,0,0,,1,0,1,0,9,26,0,0,10,19,64,0,0,15,0,11.11,,16,15,1,1,0,,40,45.98,0,0,0,80,9,11,0,0,,0,0,0,0,0.0,0,0,0,0,148,11,0,0,1,0,0,0,0,0,0,892.0,0.0,0,6,3,6,2,11,68.75,0,21,14,66.67,11,10,16,31,50,43.86,20,276,116,361,172.5,9,0,536,9,1,0
Germán Sánchez,141525,Granada,33779,spain,2122,2301,32,25,6.63,2,1,3,,,41,0,0.0,64,78,34.51,192,584,776,74.54,64,58.72,45,0,0,0,,1,3,5,3,136,32,0,0,1,9,78,0,0,23,0,15.38,,47,42,5,2,0,,50,60.24,2,0,1,265,28,5,0,1,,0,0,0,1,0.0,0,0,0,0,273,1,0,1,0,0,0,0,0,0,0,1150.5,0.0,0,13,0,4,4,0,0.0,0,27,19,70.37,5,139,2,1,114,59.38,226,390,652,1041,212.3,13,0,1339,25,9,1
Carles Aleñá,794937,Getafe,2859,spain,2122,2339,33,30,6.63,1,2,3,,,26,13,29.55,182,44,57.89,429,252,668,81.46,13,34.21,25,0,0,0,,2,1,15,4,10,32,0,1,32,39,159,0,0,50,0,2.17,,20,19,1,1,0,,81,37.67,0,0,0,152,15,20,1,1,,0,0,0,0,0.0,0,0,0,0,285,14,0,1,0,0,0,0,0,0,0,2339.0,0.0,0,9,37,17,14,17,48.57,0,27,19,70.37,20,56,35,44,94,37.15,76,579,285,820,212.3,46,0,1179,37,6,0
Aleix Vidal,41218,Espanyol,2814,spain,2122,1905,31,21,6.63,2,0,2,,,27,14,26.92,210,34,43.04,423,338,747,82.72,10,50.0,10,0,0,0,,4,0,2,2,25,30,0,0,15,20,84,1,1,24,0,33.33,,34,34,0,2,0,,74,50.0,0,0,0,156,25,26,0,1,,0,0,0,1,0.0,0,0,0,0,279,7,0,0,2,0,0,0,0,0,0,952.5,0.0,0,4,2,1,3,12,37.5,0,31,25,80.65,26,59,32,52,84,50.0,79,558,397,903,199.0,6,1,1352,31,10,0
Santiago Arias,158583,Granada,33779,spain,2122,441,12,4,6.63,1,0,1,,,5,3,20.0,40,8,50.0,69,53,119,78.29,9,39.13,14,0,0,0,,0,0,0,0,9,12,0,0,3,5,32,0,0,6,0,33.33,,9,8,1,1,0,,20,52.63,0,0,0,33,5,5,0,2,,0,0,0,0,0.0,0,0,0,0,80,1,0,0,1,0,0,0,0,0,0,441.0,0.0,0,2,1,2,1,3,42.86,0,12,5,41.67,5,8,7,15,29,47.54,16,102,65,152,79.6,3,0,290,5,1,0
Rodrigo Battaglia,158257,Mallorca,2826,spain,2122,1219,26,12,6.63,0,0,0,,,15,0,0.0,80,18,41.86,205,222,427,83.73,33,56.9,25,0,0,0,,0,0,2,3,36,24,0,0,11,15,81,0,0,28,0,0.0,,25,23,2,0,0,,59,51.3,0,0,0,83,10,3,0,0,,0,0,0,1,0.0,0,0,0,0,117,5,0,1,0,0,0,0,0,0,0,0.0,0.0,0,2,3,2,1,10,66.67,0,32,16,50.0,3,21,15,1,92,53.18,43,261,250,510,159.1,5,0,706,18,3,1
Edgar Méndez,175415,Deportivo Alavés,2885,spain,2122,1614,32,17,6.63,1,1,2,,,13,14,23.73,81,19,44.19,164,83,233,62.47,35,48.61,37,0,0,0,,6,0,4,0,16,31,0,0,20,23,140,0,0,50,0,4.0,,35,31,4,1,0,,69,40.12,0,0,0,140,4,18,0,15,,0,0,0,0,0.0,0,0,0,0,269,13,0,0,1,0,0,0,0,0,0,1614.0,0.0,0,13,12,13,8,14,53.85,0,25,14,56.0,18,34,26,59,104,42.62,43,314,118,373,205.5,25,0,701,31,6,0
Nico Serrano,1019318,Athletic Club,2825,spain,2122,353,14,3,6.63,1,0,1,,,0,4,18.18,28,1,20.0,53,31,80,77.67,1,11.11,8,0,0,0,,0,0,3,0,1,14,0,0,2,7,28,0,0,8,0,11.11,,6,6,0,1,0,,19,48.72,0,0,0,23,2,3,1,1,,0,0,0,0,0.0,0,0,0,0,64,4,0,0,0,0,0,0,0,0,0,353.0,0.0,0,5,4,2,4,4,57.14,0,9,6,66.67,3,3,7,22,20,41.67,5,88,37,103,92.8,9,0,199,6,0,0
Riqui Puig,901842,Barcelona,2817,spain,2122,474,15,2,6.63,1,0,1,,,10,0,0.0,126,16,80.0,285,132,417,92.67,1,25.0,3,0,0,0,,0,0,4,2,0,15,0,0,10,12,35,0,0,9,0,11.11,,4,3,1,1,0,,21,39.62,0,0,0,33,3,5,0,0,,0,0,0,0,0.0,0,0,0,0,58,10,0,0,1,0,0,0,0,0,0,474.0,0.0,0,2,7,2,3,5,62.5,0,6,3,50.0,5,14,8,1,22,38.6,20,312,139,450,99.4,9,0,521,10,0,0
Aarón Escandell,368922,Granada,33779,spain,2122,283,4,3,6.63,0,0,0,,,19,0,0.0,6,38,40.86,27,32,59,51.3,0,0.0,0,0,0,0,,0,0,0,1,5,4,0,1,0,1,1,0,0,0,0,0.0,,6,6,0,0,0,,1,50.0,0,3,0,56,0,0,0,0,,0,0,0,0,0.0,2,0,0,0,56,0,1,1,0,4,5,5,10,0,1,0.0,0.0,0,0,0,0,0,0,0.0,3,0,0,0.0,0,40,0,0,1,50.0,93,76,39,115,26.5,0,0,148,1,1,0
Pablo Martínez,927066,Levante UD,2849,spain,2122,653,13,7,6.62,0,1,1,,,9,2,14.29,34,8,32.0,81,93,172,71.97,11,47.83,12,0,0,0,,2,0,2,1,4,13,0,0,10,9,51,0,0,11,0,0.0,,15,13,2,0,0,,31,44.29,0,0,0,67,15,6,0,1,,0,0,0,0,0.0,0,0,0,0,116,5,0,0,0,0,0,0,0,0,0,0.0,0.0,0,4,7,8,1,7,43.75,0,15,8,53.33,6,23,16,14,42,45.16,25,144,109,239,86.1,11,0,382,9,2,0
Dani García,298920,Athletic Club,2825,spain,2122,2190,32,27,6.62,0,0,0,,,60,1,25.0,210,67,45.58,440,363,802,78.09,34,50.0,34,0,0,0,,1,0,4,3,38,32,0,0,9,33,121,1,0,44,0,0.0,,22,21,1,0,0,,61,41.22,0,0,1,225,24,9,0,1,,0,0,0,0,0.0,0,0,0,0,251,8,0,0,0,0,0,0,0,0,0,0.0,0.0,0,5,7,6,2,4,66.67,0,36,22,61.11,9,121,6,4,95,43.98,147,617,414,1027,211.9,12,0,1248,22,9,0
Darko Brašanac,94539,Osasuna,2820,spain,2122,2412,35,27,6.62,1,2,3,,,23,5,18.52,275,8,25.0,441,231,667,76.4,33,34.74,62,0,0,0,,2,1,8,4,15,35,0,0,26,26,173,0,0,52,0,5.88,,34,31,3,1,0,,74,40.0,0,0,0,206,25,30,1,9,,0,1,0,0,0.0,0,0,0,0,318,30,0,0,0,0,0,0,0,0,0,2412.0,0.0,0,15,2,4,5,15,55.56,0,35,22,62.86,29,39,27,27,107,38.21,32,628,272,873,231.7,17,0,1202,24,9,0
Javi Llabrés,1162309,Mallorca,2826,spain,2122,135,5,1,6.62,0,0,0,,,2,0,0.0,17,3,42.86,35,13,48,82.76,1,50.0,1,0,0,0,,0,0,3,0,0,5,0,0,1,1,5,0,0,0,0,0.0,,2,2,0,0,0,,6,60.0,0,0,0,10,0,3,0,1,,0,0,0,0,0.0,0,0,0,0,22,0,0,0,0,0,0,0,0,0,0,0.0,0.0,0,1,4,0,2,4,66.67,0,2,1,50.0,3,2,6,4,7,58.33,7,47,15,58,33.1,5,0,88,0,0,0
John Guidetti,37191,Deportivo Alavés,2885,spain,2122,288,10,2,6.62,0,0,0,,,0,0,0.0,28,1,50.0,43,11,54,77.14,1,14.29,6,0,0,0,,0,0,5,0,0,10,0,0,2,1,18,0,0,9,0,0.0,,7,7,0,0,0,,9,42.86,0,0,0,16,0,4,0,3,,0,0,0,0,0.0,0,0,0,1,32,1,0,0,0,0,0,0,0,0,0,0.0,0.0,1,8,2,3,2,4,66.67,0,2,1,50.0,4,1,6,4,10,35.71,2,58,16,70,66.2,10,0,113,3,2,0
Antonio Barragán,9645,Elche,2846,spain,2122,1028,16,12,6.62,0,0,0,,,24,3,9.09,60,24,46.15,138,218,353,82.48,8,80.0,2,0,0,0,,0,0,0,2,33,16,0,0,1,6,26,0,0,19,0,0.0,,20,17,3,0,0,,38,61.29,0,0,0,75,17,2,0,0,,0,0,0,2,0.0,0,0,0,0,131,2,0,0,0,0,0,0,0,0,0,0.0,0.0,0,1,0,1,0,0,0.0,0,21,14,66.67,2,48,1,33,46,63.89,52,217,244,428,105.9,1,0,665,17,5,0
Nikola Vukčević,67739,Levante UD,2849,spain,2122,129,6,0,6.62,0,0,0,,,0,0,0.0,6,0,0.0,27,33,60,82.19,6,75.0,2,0,0,0,,0,0,0,0,1,6,0,0,0,1,6,0,0,4,0,0.0,,3,2,1,0,0,,5,55.56,0,0,0,13,2,2,0,0,,0,0,0,0,0.0,0,0,0,0,15,0,0,0,0,0,0,0,0,0,0,0.0,0.0,0,0,1,1,0,1,100.0,0,3,2,66.67,2,2,1,0,11,64.71,4,34,39,73,39.7,1,0,93,1,1,0
Víctor Camarasa,367096,Real Betis,2816,spain,2122,108,7,0,6.62,0,0,0,,,0,0,0.0,9,0,0.0,23,18,41,82.0,2,66.67,1,0,0,0,,0,0,0,0,2,6,0,0,0,1,4,0,0,2,0,0.0,,2,1,1,0,0,,5,62.5,0,0,0,9,2,0,0,0,,0,0,0,0,0.0,0,0,0,0,15,1,0,0,0,0,0,0,0,0,0,0.0,0.0,0,0,1,1,0,0,0.0,0,2,1,50.0,0,1,1,0,7,63.64,0,28,22,50,39.7,1,0,71,3,0,0
Róber Pier,826552,Levante UD,2849,spain,2122,2009,27,21,6.61,1,0,1,,,67,1,16.67,87,67,36.81,265,565,829,79.87,28,46.67,32,0,0,0,,0,2,2,4,86,27,0,0,3,16,86,1,0,35,0,12.5,,41,35,6,1,0,,51,48.57,0,0,0,209,30,4,1,0,,0,0,0,1,0.0,0,0,0,0,236,2,0,1,0,0,0,0,0,0,0,2009.0,0.0,0,8,0,3,3,5,83.33,0,36,20,55.56,4,140,6,6,79,47.88,182,403,641,1038,178.6,8,2,1300,10,3,1
Asier Illarramendi,113593,Real Sociedad,2824,spain,2122,382,8,6,6.61,0,0,0,,,7,1,20.0,33,7,43.75,108,143,250,87.41,12,63.16,7,0,0,0,,0,0,0,0,12,7,0,0,6,9,30,0,0,4,0,0.0,,5,2,3,0,0,,13,36.11,0,0,0,36,4,4,0,0,,0,0,0,0,0.0,0,0,0,0,54,4,0,0,0,0,0,0,0,0,0,0.0,0.0,0,0,0,0,0,3,42.86,0,9,5,55.56,4,13,7,5,25,45.45,16,131,160,286,46.3,0,0,355,1,1,0
Jose Fontán,964609,Celta Vigo,2821,spain,2122,291,9,3,6.61,0,0,0,,,4,2,40.0,6,8,38.1,47,120,165,85.49,4,66.67,2,0,0,0,,0,0,0,1,10,7,0,0,1,4,17,0,0,10,0,0.0,,4,3,1,0,0,,6,28.57,0,0,0,28,10,2,0,0,,0,0,0,1,0.0,0,0,0,0,36,0,0,0,0,0,0,0,0,0,0,0.0,0.0,0,1,0,1,0,1,100.0,0,5,3,60.0,2,14,1,5,10,37.04,21,70,128,193,46.3,1,0,240,0,3,0
Yunus Musah,983815,Valencia,2828,spain,2122,1276,29,13,6.61,1,0,1,,,9,4,13.79,115,16,80.0,203,64,263,77.35,16,43.24,21,0,0,0,,1,0,3,0,10,25,0,0,14,14,100,0,0,24,0,14.29,,18,18,0,1,0,,75,48.7,0,0,0,77,14,10,0,0,,0,0,0,1,0.0,0,0,0,0,187,8,0,0,1,0,0,0,0,0,0,1276.0,0.0,0,6,1,2,2,36,56.25,0,23,13,56.52,10,13,64,29,91,47.64,20,292,77,340,165.3,7,0,617,16,5,0
Son,597716,Levante UD,2849,spain,2122,1978,26,22,6.61,1,0,1,,,49,9,20.0,166,74,45.68,301,310,602,73.24,10,34.48,19,0,0,0,,2,1,4,3,28,26,0,1,4,17,77,0,1,21,0,7.14,,40,34,6,1,0,,61,51.26,1,0,0,220,19,16,0,3,,0,0,0,0,0.0,0,0,0,1,347,8,0,1,0,0,0,0,0,0,0,1978.0,0.0,0,6,8,3,7,19,48.72,0,28,18,64.29,16,115,39,45,71,47.97,162,489,378,822,171.9,14,0,1309,14,5,0
Álvaro Jiménez,788097,Cádiz,4488,spain,2122,232,9,1,6.61,0,0,0,,,2,5,21.74,18,2,50.0,34,6,35,76.09,2,40.0,3,0,0,0,,0,0,0,0,0,9,0,0,2,3,19,0,0,4,0,0.0,,9,8,1,0,0,,21,56.76,0,0,1,11,3,2,0,0,,0,0,0,0,0.0,0,0,0,0,47,2,0,0,0,0,0,0,0,0,0,0.0,0.0,0,2,1,2,1,8,53.33,0,6,3,50.0,2,3,15,23,23,54.76,4,58,11,46,59.5,3,0,127,7,0,0
Martín Aguirregabiria,868262,Deportivo Alavés,2885,spain,2122,1634,24,17,6.61,0,1,1,,,27,14,31.11,104,33,38.37,225,180,391,68.36,31,53.45,27,0,0,0,,0,0,1,2,33,24,0,0,8,19,81,0,0,24,0,0.0,,31,27,4,0,0,,70,56.45,0,0,0,181,25,14,0,1,,0,0,0,1,0.0,0,0,0,0,281,5,0,0,0,0,0,0,0,0,0,0.0,0.0,0,2,2,3,0,14,73.68,0,34,22,64.71,14,57,19,45,101,55.49,86,371,246,572,158.6,4,0,1013,22,4,0
Darío Poveda,836600,Getafe,2859,spain,2122,391,15,3,6.61,1,0,1,,,2,1,20.0,24,2,33.33,32,16,47,58.75,12,46.15,14,0,0,0,,0,0,0,0,1,13,0,0,7,5,35,0,0,3,0,25.0,,4,4,0,1,0,,11,34.38,1,0,0,33,1,3,0,2,,0,0,0,0,0.0,0,0,0,0,73,3,0,0,0,0,0,0,0,0,0,391.0,0.0,0,1,3,0,4,7,53.85,0,2,0,0.0,3,4,13,5,23,39.66,6,66,19,80,85.9,4,0,153,2,0,0
Dani Gómez,888930,Levante UD,2849,spain,2122,1072,28,11,6.61,4,2,6,,,2,1,20.0,63,3,50.0,87,66,152,80.85,4,11.76,30,0,0,0,,4,6,9,0,5,27,0,0,24,8,105,0,0,18,0,12.9,,28,24,4,4,0,,45,37.5,1,0,1,36,3,13,0,11,,0,0,0,0,0.0,0,0,0,1,145,10,0,0,3,0,0,0,0,0,0,268.0,0.0,0,23,8,8,14,18,39.13,0,7,4,57.14,13,4,46,5,49,31.82,6,122,71,188,178.4,31,0,418,20,1,0
Manu Vallejo,828969,Deportivo Alavés,2885,spain,2122,488,20,2,6.61,1,1,2,,,3,6,28.57,41,3,37.5,70,30,94,73.44,7,26.92,19,0,0,0,,1,0,0,0,3,19,0,0,7,10,55,0,0,10,0,16.67,,16,13,3,1,0,,15,29.41,0,0,0,34,0,6,0,1,,0,1,0,0,0.0,0,0,0,0,81,5,0,0,1,0,0,0,0,0,0,488.0,0.0,0,3,3,3,3,1,10.0,0,10,3,30.0,5,6,10,21,22,28.57,8,114,35,128,125.5,6,1,228,4,3,0
Hugo Guillamón,855830,Valencia,2828,spain,2122,2372,31,28,6.6,1,0,1,,,96,1,16.67,218,113,60.43,475,411,885,80.53,48,54.55,40,0,0,0,,0,0,2,3,49,31,0,1,21,26,160,0,1,71,0,14.29,,40,35,5,1,0,,116,49.15,0,0,1,214,30,14,0,2,,1,1,0,0,0.0,0,0,0,0,275,7,0,2,1,0,0,0,0,0,0,2372.0,0.0,0,4,3,3,2,10,62.5,0,43,27,62.79,13,147,16,6,164,50.62,187,630,475,1099,204.7,7,1,1443,63,8,1
Jaime Mata,351140,Getafe,2859,spain,2122,669,22,4,6.6,1,0,1,,,2,1,10.0,45,2,40.0,90,43,132,68.39,26,32.5,54,0,0,0,,1,1,2,0,5,21,0,0,6,8,97,0,0,25,0,10.0,,9,9,0,1,0,,27,38.57,0,0,0,61,1,8,0,9,,0,0,0,0,0.0,0,0,0,0,118,7,0,0,1,0,0,0,0,0,0,669.0,0.0,0,8,2,5,3,4,44.44,0,7,5,71.43,8,6,9,10,53,35.33,5,155,48,193,138.6,10,0,323,17,7,0
Juanmi Latasa,966679,Real Madrid,2829,spain,2122,9,1,0,6.6,0,0,0,,,0,0,0.0,1,0,0.0,2,2,4,80.0,0,0.0,0,0,0,0,,0,0,0,0,0,1,0,0,0,0,0,0,0,0,0,0.0,,0,0,0,0,0,,0,0.0,0,0,0,1,0,0,0,0,,0,0,0,0,0.0,0,0,0,0,2,0,0,0,0,0,0,0,0,0,0,0.0,0.0,0,1,0,1,0,0,0.0,0,0,0,0.0,0,0,0,0,0,0.0,0,3,2,5,6.6,1,0,7,0,0,0
Alexandru Țîrlea,978658,Deportivo Alavés,2885,spain,2122,14,1,0,6.6,0,0,0,,,0,1,50.0,0,0,0.0,2,4,5,71.43,0,0.0,1,0,0,0,,0,0,0,0,1,1,0,0,0,0,2,0,0,0,0,0.0,,0,0,0,0,0,,2,66.67,0,0,0,2,0,0,0,0,,0,0,0,0,0.0,0,0,0,0,4,0,0,0,0,0,0,0,0,0,0,0.0,0.0,0,0,0,0,0,2,66.67,0,0,0,0.0,0,0,3,2,2,50.0,0,3,6,7,6.6,0,0,20,0,0,0
Carlo Adriano García,1021217,Villarreal,2819,spain,2122,9,1,0,6.6,0,0,0,,,0,0,0.0,2,0,0.0,4,0,4,100.0,0,0.0,0,0,0,0,,0,0,0,0,0,1,0,0,0,0,0,0,0,0,0,0.0,,0,0,0,0,0,,0,0.0,0,0,0,0,0,0,0,0,,0,0,0,0,0.0,0,0,0,0,0,0,0,0,0,0,0,0,0,0,0,0.0,0.0,0,0,0,0,0,0,0.0,0,0,0,0.0,0,0,0,0,0,0.0,0,4,0,4,6.6,0,0,5,0,0,0
Alejandro Primo,1215079,Levante UD,2849,spain,2122,90,1,1,6.6,0,0,0,,,1,0,0.0,1,3,37.5,2,18,20,80.0,0,0.0,0,0,0,0,,0,0,0,0,0,1,0,0,0,0,0,0,0,0,0,0.0,,1,1,0,0,0,-0.18,0,0.0,0,0,0,5,0,0,0,0,,0,0,0,0,0.0,0,0,0,0,5,0,0,0,0,0,1,0,1,0,1,0.0,0.0,0,0,0,0,0,0,0.0,0,0,0,0.0,0,3,0,0,0,0.0,8,5,20,25,6.6,0,0,26,0,0,0
Unai Dufur,1035699,Osasuna,2820,spain,2122,90,1,1,6.6,0,0,0,,,2,0,0.0,4,1,25.0,20,15,35,71.43,2,50.0,2,0,0,0,,0,0,0,0,4,1,0,0,0,0,3,0,0,1,0,0.0,,2,2,0,0,0,,0,0.0,0,0,0,14,4,0,0,0,,0,0,0,0,0.0,0,0,0,0,14,0,0,0,0,0,0,0,0,0,0,0.0,0.0,0,1,0,1,0,0,0.0,0,0,0,0.0,0,6,0,0,2,40.0,4,26,23,49,6.6,1,0,62,0,0,0
Mario Gila Fuentes,965828,Real Madrid,2829,spain,2122,23,2,0,6.6,0,0,0,,,0,0,0.0,1,0,0.0,3,16,19,86.36,0,0.0,0,0,0,0,,0,0,0,0,1,2,0,0,0,1,1,0,0,0,0,0.0,,0,0,0,0,0,,2,66.67,0,0,0,3,1,0,0,0,,0,0,0,0,0.0,0,0,0,0,3,0,0,0,0,0,0,0,0,0,0,0.0,0.0,0,0,0,0,0,1,100.0,0,1,0,0.0,0,1,1,0,2,66.67,2,4,18,22,13.2,0,0,26,0,0,0
Alejandro Asensio,1191337,Rayo Vallecano,2818,spain,2122,12,2,0,6.6,0,0,0,,,1,1,100.0,2,1,100.0,4,3,6,85.71,1,100.0,0,0,0,0,,0,0,0,0,0,1,0,0,0,0,0,0,0,0,0,0.0,,0,0,0,0,0,,0,0.0,0,0,0,1,0,1,0,0,,0,0,0,0,0.0,0,0,0,0,3,0,0,0,0,0,0,0,0,0,0,0.0,0.0,0,1,0,0,1,0,0.0,0,0,0,0.0,1,1,0,1,1,100.0,1,5,3,7,6.6,1,0,11,0,0,0
Peter González,1048927,Real Madrid,2829,spain,2122,37,3,0,6.6,0,0,0,,,0,0,0.0,5,1,50.0,8,5,13,81.25,0,0.0,1,0,0,0,,0,1,0,0,0,3,0,0,1,0,2,0,0,0,0,0.0,,0,0,0,0,0,,3,75.0,0,0,0,3,1,2,0,0,,0,0,0,0,0.0,0,0,0,0,6,0,0,0,0,0,0,0,0,0,0,0.0,0.0,0,1,1,1,1,1,100.0,0,0,0,0.0,2,1,1,1,3,60.0,2,10,7,16,19.8,2,0,29,2,0,0
Martín Calderón,927408,Cádiz,4488,spain,2122,121,6,1,6.6,0,0,0,,,5,0,0.0,15,7,58.33,24,10,34,75.56,6,54.55,5,0,0,0,,0,0,1,0,3,6,0,0,0,0,9,0,0,4,0,0.0,,1,1,0,0,0,,4,50.0,0,0,0,11,1,1,0,0,,0,0,0,0,0.0,0,0,0,0,15,0,0,0,0,0,0,0,0,0,0,0.0,0.0,1,0,2,1,0,1,100.0,0,2,2,100.0,1,7,1,3,10,52.63,12,36,12,45,39.6,2,0,62,1,1,0
Iván Chapela,826012,Cádiz,4488,spain,2122,400,9,4,6.6,0,0,0,,,4,0,0.0,15,9,64.29,28,24,52,69.33,4,40.0,6,0,0,0,,0,0,1,0,5,9,0,0,3,2,17,0,0,4,0,0.0,,9,9,0,0,0,,16,59.26,0,0,0,23,4,2,0,1,,0,0,0,0,0.0,0,0,0,0,48,1,0,0,0,0,0,0,0,0,0,0.0,0.0,0,2,1,2,0,3,60.0,0,4,2,50.0,2,6,5,12,20,54.05,14,55,32,75,59.4,3,0,144,9,0,0
Carlos Clerc,192430,Levante UD,2849,spain,2122,1523,19,18,6.6,0,0,0,,,29,7,14.89,128,23,29.49,242,293,528,77.42,15,46.88,17,0,0,0,,0,0,1,2,28,19,0,0,6,12,67,1,0,23,0,0.0,,37,32,5,0,0,,74,59.68,0,0,0,154,26,11,0,0,,0,0,0,0,0.0,0,0,0,0,242,5,0,0,0,0,0,0,0,0,0,0.0,0.0,0,1,1,1,0,23,69.7,0,35,17,48.57,11,69,33,47,89,57.05,78,386,343,682,125.4,2,0,1084,18,6,0
Víctor Díaz,141655,Granada,33779,spain,2122,1509,22,18,6.6,1,0,1,,,35,4,30.77,62,52,33.99,152,334,482,74.84,29,48.33,31,0,0,0,,0,0,3,3,68,22,0,0,0,13,63,0,1,15,0,7.69,,30,28,2,1,0,,31,49.21,1,0,0,162,17,3,0,0,,0,0,0,0,0.0,0,0,0,0,195,1,0,0,0,0,0,0,0,0,0,1509.0,0.0,0,7,6,8,2,4,50.0,0,23,15,65.22,3,87,8,13,60,48.78,153,276,381,644,145.1,13,0,867,4,5,0
Juan Iglesias,949707,Getafe,2859,spain,2122,748,20,7,6.6,0,1,1,,,10,10,21.74,17,21,31.82,58,54,102,52.58,10,41.67,14,0,0,0,,1,0,1,0,21,20,0,0,7,10,51,0,0,16,0,0.0,,14,14,0,0,0,,41,52.56,0,0,0,92,10,8,0,1,,0,0,0,0,0.0,0,0,0,0,191,1,0,0,0,0,0,0,0,0,0,0.0,0.0,0,0,5,4,0,5,55.56,0,19,10,52.63,8,36,9,46,51,50.0,66,162,78,194,131.9,5,0,475,17,1,0
Franco Russo,914775,Mallorca,2826,spain,2122,1478,19,17,6.59,1,0,1,,,38,0,0.0,37,61,44.53,157,332,489,76.41,29,43.28,38,0,0,0,,1,0,1,4,71,19,0,0,3,18,80,1,0,26,0,16.67,,18,16,2,1,0,,35,45.45,1,0,0,151,27,1,0,1,,1,0,0,2,0.0,0,0,0,0,166,2,0,2,0,0,0,0,0,0,0,1478.0,0.0,0,5,1,3,2,5,83.33,0,19,10,52.63,1,84,6,1,64,44.44,137,261,380,640,125.3,6,1,842,11,3,2
Nicolás Melamed,989878,Espanyol,2814,spain,2122,1108,31,7,6.59,2,0,2,,,19,6,37.5,124,18,66.67,238,129,361,87.62,10,21.74,36,0,0,0,,2,0,7,0,3,31,0,0,18,23,119,0,0,26,0,10.0,,14,14,0,1,1,,73,46.79,0,0,0,51,7,13,0,3,,0,0,0,0,0.0,0,0,0,0,135,6,0,1,2,0,0,0,0,0,0,554.0,0.0,0,8,12,9,4,23,58.97,0,15,6,40.0,13,26,39,16,83,41.09,27,284,144,412,204.4,20,0,648,36,3,1
Myrto Uzuni,895533,Granada,33779,spain,2122,857,15,9,6.59,1,1,2,,,2,4,26.67,41,6,46.15,93,45,134,71.28,6,30.0,14,0,0,0,,2,2,0,0,7,15,0,0,9,2,50,0,0,13,0,9.09,,19,18,1,1,0,,28,43.75,0,0,1,54,10,7,1,8,,0,0,0,1,0.0,0,0,0,0,125,10,0,0,0,0,0,0,0,0,0,857.0,0.0,0,6,5,9,2,9,40.91,0,7,4,57.14,7,9,22,15,34,40.48,13,141,62,188,98.9,11,0,369,12,4,0
Loren Morón,893063,Espanyol,2814,spain,2122,591,22,4,6.59,1,0,1,,,1,1,20.0,17,1,25.0,35,16,50,58.82,19,39.58,29,0,0,0,,1,1,4,0,8,19,0,0,8,12,62,0,0,10,0,10.0,,10,10,0,0,1,,26,44.07,0,0,1,35,2,5,0,7,,0,0,0,0,0.0,0,0,0,0,70,2,0,0,1,0,0,0,0,0,0,591.0,0.0,0,6,4,4,2,4,57.14,0,7,5,71.43,5,3,7,5,45,42.06,4,67,23,85,125.2,10,0,197,15,0,0
Mario Hernández,900671,Rayo Vallecano,2818,spain,2122,426,9,5,6.59,1,0,1,,,5,3,20.0,27,4,19.05,56,49,102,68.46,2,28.57,5,0,0,0,,0,0,0,1,6,9,0,0,3,4,20,0,0,4,0,33.33,,6,3,3,1,0,,16,51.61,1,0,0,47,4,3,0,1,,0,1,0,0,0.0,0,0,0,0,85,2,0,0,0,0,0,0,0,0,0,426.0,0.0,0,2,1,2,1,2,33.33,0,10,4,40.0,2,20,6,15,18,47.37,21,95,69,149,59.3,3,0,263,4,3,0
Unai Núñez,892521,Athletic Club,2825,spain,2122,625,9,7,6.59,0,0,0,,,17,1,100.0,31,25,49.02,103,188,290,86.05,12,52.17,11,0,0,0,,0,1,0,0,24,9,0,0,1,3,26,1,1,10,0,0.0,,11,11,0,0,0,,14,48.28,0,0,0,47,8,2,0,0,,0,0,0,1,0.0,0,0,0,0,53,0,0,0,0,0,0,0,0,0,0,0.0,0.0,0,6,0,5,1,3,75.0,0,4,4,100.0,2,33,4,1,26,50.0,51,143,195,337,59.3,6,0,419,7,2,0
Tomás Pina,106726,Deportivo Alavés,2885,spain,2122,1471,29,16,6.59,0,0,0,,,13,1,20.0,104,15,48.39,224,230,453,78.51,32,57.14,24,0,0,0,,0,1,1,0,23,29,0,0,6,15,85,0,0,39,0,0.0,,32,29,3,0,0,,60,49.59,0,0,0,124,22,2,0,0,,0,0,0,0,0.0,0,0,0,0,154,7,0,0,0,0,0,0,0,0,0,0.0,0.0,0,1,4,3,1,4,57.14,0,28,16,57.14,2,29,7,5,92,51.98,31,310,272,577,191.0,5,0,772,29,4,0
Quini,255241,Granada,33779,spain,2122,2304,32,27,6.58,0,1,1,,,28,8,11.11,103,41,30.15,219,256,467,69.6,27,44.26,34,0,0,0,,1,0,2,5,52,32,0,0,20,37,142,0,0,39,0,0.0,,41,36,5,0,0,,102,48.57,0,0,0,204,36,18,0,1,,0,0,0,0,0.0,0,0,0,0,384,10,0,0,0,0,0,0,0,0,0,0.0,0.0,0,6,11,13,2,17,51.52,0,73,33,45.21,18,64,33,72,129,47.6,136,413,330,671,210.7,17,0,1334,13,11,0
Florin Andone,235444,Cádiz,4488,spain,2122,173,5,1,6.58,0,0,0,,,0,0,0.0,11,0,0.0,14,11,25,65.79,7,38.89,11,0,0,0,,0,0,0,0,1,5,0,0,3,1,18,0,0,3,0,0.0,,7,7,0,0,0,,5,41.67,0,0,0,13,0,3,0,3,,0,0,0,0,0.0,0,0,0,0,25,0,0,0,0,0,0,0,0,0,0,0.0,0.0,0,3,0,2,1,2,100.0,0,1,1,100.0,3,1,2,0,12,40.0,1,22,16,38,32.9,3,0,70,2,1,0
Alberto Rodríguez,862481,Deportivo Alavés,2885,spain,2122,241,5,2,6.58,0,0,0,,,15,1,50.0,11,13,41.94,24,31,54,62.79,4,50.0,4,0,0,0,,0,0,0,0,9,5,0,0,0,2,9,0,0,3,0,0.0,,5,5,0,0,0,,10,66.67,0,0,0,32,1,1,0,0,,0,0,0,0,0.0,0,0,0,0,37,0,0,0,0,0,0,0,0,0,0,0.0,0.0,0,0,0,0,0,0,0.0,0,6,3,50.0,1,25,0,2,14,60.87,31,49,39,86,32.9,0,0,122,4,1,0
Ander Martín,1134399,Real Sociedad,2824,spain,2122,108,5,1,6.58,0,0,0,,,0,1,20.0,14,0,0.0,25,10,34,79.07,2,50.0,2,0,0,0,,0,0,1,0,1,5,0,0,1,0,10,0,0,4,0,0.0,,2,2,0,0,0,,2,20.0,0,0,0,9,3,2,0,0,,0,0,0,0,0.0,0,0,0,0,23,0,0,0,0,0,0,0,0,0,0,0.0,0.0,0,1,2,0,2,1,25.0,0,1,0,0.0,2,1,4,5,4,28.57,3,34,14,43,32.9,3,0,73,0,0,0
Mamadou Sylla,793761,Rayo Vallecano,2818,spain,2122,663,25,5,6.58,0,0,0,,,0,2,12.5,42,4,66.67,56,30,84,67.2,25,54.35,21,0,0,0,,0,2,2,0,8,24,0,0,4,2,50,0,0,16,0,0.0,,15,15,0,0,0,,20,40.82,0,0,0,41,5,5,0,8,,0,0,0,0,0.0,0,0,0,0,96,5,0,0,0,0,0,0,0,0,0,0.0,0.0,1,12,1,10,1,7,46.67,0,3,3,100.0,5,2,15,16,45,47.37,6,105,36,125,157.8,13,0,245,10,3,0
Aihen Muñoz,966441,Real Sociedad,2824,spain,2122,1353,20,15,6.57,0,0,0,,,13,7,17.95,106,25,39.68,225,248,466,78.58,25,53.19,22,0,0,0,,0,0,3,4,29,19,0,0,12,11,85,0,0,27,0,0.0,,18,16,2,0,0,,56,47.06,0,0,0,127,17,6,0,0,,0,0,0,0,0.0,0,0,0,0,245,4,0,1,0,0,0,0,0,0,0,0.0,0.0,0,2,5,4,0,14,50.0,0,28,17,60.71,6,36,28,39,81,48.8,63,332,300,593,124.8,7,0,973,14,2,1
Wu Lei,223232,Espanyol,2814,spain,2122,485,23,4,6.57,1,0,1,,,3,1,25.0,16,3,100.0,34,25,58,69.88,8,25.81,23,0,0,0,,3,1,2,0,3,21,0,0,1,5,37,0,0,5,0,14.29,,7,6,1,1,0,,9,39.13,0,0,0,25,4,7,0,5,,0,0,0,0,0.0,0,0,0,0,43,0,0,0,1,0,0,0,0,0,0,485.0,0.0,0,7,0,0,5,1,16.67,0,3,2,66.67,7,7,6,4,17,31.48,3,55,32,83,137.9,7,0,143,5,0,0
Marc Tenas,997100,Deportivo Alavés,2885,spain,2122,51,3,0,6.57,0,0,0,,,0,0,0.0,4,0,0.0,9,5,14,73.68,1,100.0,0,0,0,0,,1,0,0,0,0,3,0,0,1,0,4,0,1,3,0,0.0,,2,2,0,0,0,,3,42.86,0,0,0,5,0,1,0,0,,0,0,0,0,0.0,0,0,0,0,12,0,0,0,0,0,0,0,0,0,0,0.0,0.0,0,0,0,0,0,1,100.0,0,1,1,100.0,1,0,1,2,4,50.0,0,15,6,19,19.7,0,0,30,1,2,0
Álvaro Bastida,1114420,Cádiz,4488,spain,2122,203,6,2,6.57,0,0,0,,,1,0,0.0,8,4,50.0,20,21,41,77.36,1,12.5,7,0,0,0,,0,0,0,0,1,6,0,0,0,1,9,0,0,1,0,0.0,,6,5,1,0,0,,7,77.78,0,0,0,12,3,0,0,0,,0,0,0,0,0.0,0,0,0,0,13,2,0,0,0,0,0,0,0,0,0,0.0,0.0,0,0,0,0,0,0,0.0,0,7,4,57.14,0,4,0,0,8,47.06,8,29,24,53,39.4,0,0,67,0,1,0
Oier Zarraga,1009661,Athletic Club,2825,spain,2122,1169,31,8,6.56,1,0,1,,,16,2,10.53,137,19,42.22,274,103,375,79.96,10,41.67,14,0,0,0,,0,0,5,0,9,31,0,0,9,25,68,0,0,16,0,5.56,,13,13,0,1,0,,29,34.94,0,0,0,94,19,5,0,1,,0,0,1,0,100.0,0,1,0,1,146,3,0,0,1,0,0,0,0,0,0,1169.0,0.0,0,4,14,9,4,4,50.0,0,13,5,38.46,5,31,8,19,39,36.45,45,355,133,469,203.5,18,0,650,12,5,0
Nico Williams,1085400,Athletic Club,2825,spain,2122,1325,34,11,6.56,0,0,0,,,2,7,12.07,133,6,40.0,227,84,304,78.15,10,47.62,11,0,0,0,,1,2,13,0,8,33,0,0,28,21,128,0,0,24,0,0.0,,15,14,1,0,0,,87,42.65,0,0,0,85,5,16,0,10,,0,0,0,0,0.0,0,0,0,1,263,12,0,0,0,0,0,0,0,0,0,0.0,0.0,0,28,5,10,10,44,48.89,0,20,10,50.0,16,13,90,58,97,43.11,15,338,109,389,216.6,33,0,782,23,4,0
Allan Nyom,128637,Getafe,2859,spain,2122,256,5,3,6.56,0,0,0,,,0,2,66.67,6,4,25.0,14,30,42,65.63,5,71.43,2,0,0,0,,0,0,0,0,6,5,0,0,1,0,5,0,0,1,0,0.0,,3,3,0,0,0,,5,62.5,0,0,0,22,2,2,0,0,,0,0,0,0,0.0,0,0,0,0,32,0,0,0,0,0,0,0,0,0,0,0.0,0.0,0,0,0,0,0,0,0.0,0,3,1,33.33,2,5,1,3,10,66.67,16,34,33,64,32.8,0,0,116,3,1,0
Jakub Jankto,569556,Getafe,2859,spain,2122,598,14,6,6.56,0,2,2,,,7,4,14.81,37,6,18.75,76,60,132,70.59,2,40.0,3,0,0,0,,2,0,4,0,7,14,0,1,4,7,19,0,0,3,0,0.0,,11,11,0,0,0,,22,57.89,0,0,0,55,4,5,0,0,,0,0,0,0,0.0,0,0,0,0,101,2,0,1,0,0,0,0,0,0,0,0.0,0.0,0,2,4,2,0,4,66.67,0,11,7,63.64,5,21,6,27,24,55.81,32,140,74,187,91.8,6,0,317,7,1,0
Naïs Djouahra,955133,Real Sociedad,2824,spain,2122,209,7,1,6.56,0,0,0,,,0,1,6.67,28,0,0.0,49,14,62,78.48,2,50.0,2,0,0,0,,0,0,1,0,1,7,0,0,5,4,18,0,0,3,0,0.0,,4,4,0,0,0,,12,42.86,0,0,0,17,2,4,0,1,,0,0,0,0,0.0,0,0,0,0,51,1,0,0,0,0,0,0,0,0,0,0.0,0.0,0,4,1,2,2,3,42.86,0,7,3,42.86,4,0,7,15,14,43.75,3,76,18,79,45.9,5,0,143,2,0,0
Jorge Miramón,175139,Levante UD,2849,spain,2122,1986,29,22,6.56,1,0,1,,,51,14,28.57,138,51,41.46,285,315,586,74.74,18,43.9,23,0,0,0,,1,1,1,5,51,29,0,0,21,29,114,0,0,31,0,14.29,,43,38,5,1,0,,80,46.78,0,0,0,198,35,16,0,0,,0,0,0,0,0.0,0,0,0,0,319,9,0,0,1,0,0,0,0,0,0,1986.0,0.0,0,4,3,4,2,21,67.74,0,36,19,52.78,16,102,31,49,98,46.23,123,447,386,784,190.1,7,0,1352,23,5,0
Miguel de la Fuente,914212,Deportivo Alavés,2885,spain,2122,867,22,10,6.55,1,1,2,,,2,1,16.67,37,3,42.86,66,36,101,66.45,14,25.45,41,0,0,0,,1,2,7,0,7,22,0,0,12,13,96,0,0,19,0,4.55,,13,12,1,1,0,,40,42.11,0,0,1,51,1,5,1,5,,0,0,0,0,0.0,0,0,0,1,121,10,0,0,0,0,0,0,0,0,0,867.0,0.0,0,18,4,11,4,13,52.0,0,7,3,42.86,5,3,25,6,54,36.0,7,114,44,152,144.2,22,0,319,20,2,0
Aleix Febas,286167,Mallorca,2826,spain,2122,115,4,1,6.55,0,0,0,,,1,0,0.0,14,5,83.33,32,14,46,86.79,1,33.33,2,0,0,0,,0,0,0,0,0,4,0,0,1,2,9,0,0,2,0,0.0,,5,4,1,0,0,,10,58.82,0,0,0,7,0,1,0,0,,0,0,0,0,0.0,0,0,0,0,13,0,0,0,0,0,0,0,0,0,0,0.0,0.0,0,0,0,0,0,1,33.33,0,4,1,25.0,1,1,3,0,11,55.0,6,38,15,53,26.2,0,0,77,5,1,0
Jaume Doménech,235386,Valencia,2828,spain,2122,342,4,3,6.55,0,0,0,,,14,0,0.0,4,36,46.15,24,34,58,58.0,0,0.0,0,0,0,0,,0,0,0,1,4,4,0,0,0,0,0,1,0,0,0,0.0,,4,4,0,0,0,1.34,0,0.0,0,1,0,42,0,0,0,0,,0,0,0,0,0.0,0,0,0,0,42,0,1,0,0,1,7,1,8,0,0,0.0,0.0,0,0,0,0,0,0,0.0,1,0,0,0.0,0,23,0,0,0,0.0,78,60,40,100,26.2,0,0,121,0,2,0
Amath Ndiaye,845168,Mallorca,2826,spain,2122,884,19,9,6.55,0,1,1,,,3,1,14.29,65,5,100.0,99,57,155,81.15,5,20.0,20,0,0,0,,1,3,3,1,6,19,0,0,19,10,84,0,0,19,0,0.0,,13,10,3,0,0,,54,45.76,0,0,0,36,7,6,0,6,,0,0,0,0,0.0,0,0,0,0,105,6,0,0,0,0,0,0,0,0,0,0.0,0.0,0,6,5,4,4,15,48.39,0,21,11,52.38,6,4,31,7,59,41.26,5,138,60,191,124.4,11,0,384,18,5,0
Gabri Veiga,1010505,Celta Vigo,2821,spain,2122,126,7,0,6.54,0,0,0,,,0,1,33.33,14,1,50.0,29,23,51,79.69,1,9.09,10,0,0,0,,0,0,1,0,1,7,0,0,1,9,22,0,0,1,0,0.0,,3,1,2,0,0,,14,53.85,0,0,0,13,4,1,0,0,,0,0,0,0,0.0,0,0,0,0,20,0,0,0,0,0,0,0,0,0,0,0.0,0.0,0,0,2,1,0,6,85.71,0,5,4,80.0,1,1,7,3,15,40.54,2,42,25,64,45.8,2,0,104,3,0,0
Vitolo,129452,Getafe,2859,spain,2122,221,7,1,6.54,0,0,0,,,0,0,0.0,41,0,0.0,71,14,85,80.19,4,57.14,3,0,0,0,,0,0,1,0,1,7,0,0,2,3,19,0,0,7,0,0.0,,3,3,0,0,0,,17,51.52,0,0,0,21,1,3,0,1,,0,0,0,0,0.0,0,0,0,0,33,3,0,0,0,0,0,0,0,0,0,0.0,0.0,0,0,1,0,0,5,55.56,0,3,2,66.67,3,2,9,2,21,52.5,2,91,17,106,45.8,1,0,153,9,0,0
Rubén Peña,255973,Villarreal,2819,spain,2122,146,7,1,6.54,0,0,0,,,1,2,33.33,11,1,50.0,27,10,35,79.55,2,28.57,5,0,0,0,,2,0,0,0,1,7,0,0,6,4,26,0,0,8,0,0.0,,0,0,0,0,0,,8,27.59,0,0,0,9,5,2,0,0,,0,0,0,0,0.0,0,0,0,0,25,1,0,0,0,0,0,0,0,0,0,0.0,0.0,0,3,0,1,2,2,40.0,0,2,0,0.0,2,4,5,6,10,27.78,2,39,11,44,45.8,3,0,86,4,1,0
Monchu,859774,Granada,33779,spain,2122,669,14,7,6.54,0,0,0,,,14,2,33.33,64,21,55.26,131,138,267,80.42,11,57.89,8,0,0,0,,1,0,2,1,4,14,0,1,8,5,54,0,0,29,0,0.0,,11,10,1,0,0,,31,40.26,0,0,0,65,4,3,0,0,,0,0,0,0,0.0,0,0,0,0,95,2,0,1,0,0,0,0,0,0,0,0.0,0.0,1,2,6,5,1,6,60.0,0,15,6,40.0,3,23,10,6,42,43.75,38,175,163,332,91.6,8,0,440,11,3,0
Jeison Murillo,158599,Celta Vigo,2821,spain,2122,1123,19,12,6.54,0,0,0,,,26,0,0.0,53,53,56.38,210,410,620,89.21,32,48.48,34,0,0,0,,0,1,2,4,33,19,0,1,3,4,53,0,0,13,0,0.0,,20,18,2,0,0,,30,61.22,0,0,1,75,17,1,0,0,,0,0,0,1,0.0,0,0,0,0,83,0,0,1,0,0,0,0,0,0,0,0.0,0.0,0,5,1,3,1,3,100.0,0,15,10,66.67,1,53,3,1,62,53.91,94,255,441,695,124.3,6,0,828,13,5,0
Álex Petxarroman,914048,Athletic Club,2825,spain,2122,424,17,1,6.54,0,0,0,,,5,0,0.0,44,13,43.33,85,73,158,75.24,6,42.86,8,0,0,0,,1,0,1,0,6,15,0,0,3,4,31,0,0,11,0,0.0,,8,7,1,0,0,,27,54.0,0,0,0,52,4,1,0,0,,0,0,0,0,0.0,0,0,0,0,93,2,0,0,0,0,0,0,0,0,0,0.0,0.0,0,1,1,0,1,3,33.33,0,12,9,75.0,1,21,9,13,33,51.56,30,133,90,210,98.1,2,0,347,12,4,0
Matías Arezo,975814,Granada,33779,spain,2122,156,8,1,6.54,0,0,0,,,0,0,0.0,11,0,0.0,13,4,17,51.52,7,58.33,5,0,0,0,,0,2,1,0,1,8,0,0,3,5,19,0,0,3,0,0.0,,5,5,0,0,0,,8,36.36,0,0,0,16,1,6,0,0,,0,0,0,0,0.0,0,0,0,0,35,3,0,0,0,0,0,0,0,0,0,0.0,0.0,0,3,2,1,3,2,40.0,0,5,3,60.0,6,2,5,4,15,44.12,1,31,6,33,52.3,5,0,75,1,1,0
Aleksandar Sedlar,799195,Mallorca,2826,spain,2122,406,10,3,6.54,0,0,0,,,6,0,0.0,9,9,40.91,37,106,143,81.71,8,61.54,5,0,0,0,,0,0,0,0,18,8,0,0,0,2,16,0,0,9,0,0.0,,9,7,2,0,0,,11,50.0,0,0,0,32,5,2,0,0,,0,0,0,0,0.0,0,0,0,0,36,1,0,1,0,0,0,0,0,0,0,0.0,0.0,0,0,0,0,0,0,0.0,0,5,3,60.0,2,12,0,0,19,54.29,22,55,120,175,52.3,0,0,222,6,3,1
Yusuf Demir,962283,Barcelona,2817,spain,2122,196,6,2,6.53,0,0,0,,,0,0,0.0,38,0,0.0,52,16,68,90.67,0,0.0,0,0,0,0,,0,0,1,0,1,6,0,0,5,3,12,0,0,0,0,0.0,,1,1,0,0,0,,12,50.0,0,0,0,7,2,0,0,0,,0,0,0,0,0.0,0,0,0,0,28,2,0,0,0,0,0,0,0,0,0,0.0,0.0,0,1,0,0,0,5,55.56,0,3,1,33.33,0,2,9,2,12,50.0,0,60,17,75,39.2,1,0,127,4,0,0
Pere Pons,263505,Deportivo Alavés,2885,spain,2122,1381,27,17,6.53,1,0,1,,,8,2,25.0,65,10,47.62,131,134,263,73.06,17,33.33,34,0,0,0,,0,4,2,0,11,25,0,0,10,14,86,0,0,25,0,6.67,,26,22,4,1,0,,47,47.47,0,0,0,97,6,12,1,2,,0,0,0,0,0.0,0,0,0,0,158,8,0,0,0,0,0,0,0,0,0,1381.0,0.0,0,12,3,9,4,4,50.0,0,26,18,69.23,12,16,8,8,64,42.67,21,207,161,360,163.3,15,0,545,17,2,0
Milutin Osmajić,928047,Cádiz,4488,spain,2122,256,10,2,6.53,0,0,0,,,0,0,0.0,13,0,0.0,15,10,25,54.35,12,35.29,22,0,0,0,,0,0,2,0,3,10,0,0,3,0,31,0,0,3,0,0.0,,5,5,0,0,0,,10,52.63,0,0,0,21,1,0,0,5,,0,0,0,0,0.0,0,0,0,0,45,3,0,0,0,0,0,0,0,0,0,0.0,0.0,0,4,0,2,0,2,40.0,0,1,1,100.0,0,0,5,2,22,41.51,1,34,14,46,65.3,4,0,97,7,0,0
Landry Dimata,826944,Espanyol,2814,spain,2122,554,17,4,6.53,0,0,0,,,1,0,0.0,28,2,66.67,45,22,67,72.83,18,41.86,25,0,0,0,,0,3,2,0,7,15,0,0,10,3,54,0,0,14,0,0.0,,10,10,0,0,0,,27,48.21,0,0,0,25,1,5,0,3,,0,0,0,0,0.0,0,0,0,0,64,4,0,0,0,0,0,0,0,0,0,0.0,0.0,0,7,1,6,0,6,60.0,0,2,2,100.0,5,1,10,0,45,45.45,3,65,27,92,97.9,8,0,196,20,0,0
Alejandro Balde,997035,Barcelona,2817,spain,2122,187,5,2,6.53,0,0,0,,,0,2,33.33,30,0,0.0,82,53,133,95.68,0,0.0,2,0,0,0,,0,0,0,0,0,4,0,0,3,0,13,0,0,4,0,0.0,,4,3,1,0,0,,7,38.89,0,0,0,6,1,1,0,0,,0,0,0,0,0.0,0,0,0,0,24,1,0,0,0,0,0,0,0,0,0,0.0,0.0,0,1,0,1,0,1,20.0,0,2,1,50.0,1,1,5,6,7,35.0,3,91,54,139,26.1,1,0,185,4,0,0
Isma Ruiz,1009873,Granada,33779,spain,2122,286,8,3,6.53,0,0,0,,,1,0,0.0,16,7,63.64,55,48,103,83.74,3,33.33,6,0,0,0,,0,1,1,0,2,8,0,0,1,7,16,0,0,2,0,0.0,,5,3,2,0,0,,8,44.44,0,0,0,20,3,2,0,1,,0,0,0,0,0.0,0,0,0,0,23,1,0,0,0,0,0,0,0,0,0,0.0,0.0,0,0,4,2,1,2,100.0,0,3,1,33.33,2,6,2,1,11,40.74,11,71,53,123,52.2,4,0,155,3,1,0
Santiago Arzamendia,887429,Cádiz,4488,spain,2122,467,14,5,6.52,1,0,1,,,3,5,27.78,16,5,20.83,45,50,90,66.18,12,38.71,19,0,0,0,,0,0,2,1,6,14,0,0,6,7,44,0,0,6,0,14.29,,7,6,1,0,1,,21,45.65,0,0,0,46,4,1,1,1,,0,0,0,0,0.0,0,0,0,0,92,1,0,0,0,0,0,0,0,0,0,467.0,0.0,0,2,5,4,1,3,30.0,0,14,6,42.86,1,14,10,18,33,42.86,24,89,65,136,91.3,7,0,259,4,2,0
Aitor Ruibal,893062,Real Betis,2816,spain,2122,870,19,9,6.52,0,0,0,,,3,2,11.76,89,5,31.25,171,66,235,79.66,5,26.32,14,0,0,0,,2,2,7,0,5,19,0,0,11,24,83,0,0,23,0,0.0,,11,11,0,0,0,,49,41.53,0,0,0,60,8,11,0,1,,0,0,0,0,0.0,0,0,0,0,136,3,0,0,0,0,0,0,0,0,0,0.0,0.0,0,12,8,10,3,13,50.0,0,21,15,71.43,11,10,26,17,54,39.42,16,239,73,295,123.8,20,0,508,15,6,0
Augusto Solari,291279,Celta Vigo,2821,spain,2122,707,26,4,6.51,0,0,0,,,8,8,16.33,75,10,32.26,156,109,257,69.27,4,26.67,11,0,0,0,,1,0,1,0,8,23,0,0,14,20,76,0,1,23,0,0.0,,13,12,1,0,0,,44,40.37,0,0,0,114,7,6,0,1,,0,0,0,0,0.0,0,0,0,0,202,8,0,0,0,0,0,0,0,0,0,0.0,0.0,0,5,2,5,1,9,45.0,0,24,12,50.0,6,29,20,49,48,38.71,31,271,149,371,149.8,7,0,597,11,5,0
Anthony Martial,191176,Sevilla,2833,spain,2122,495,9,7,6.51,0,1,1,,,5,1,16.67,50,5,100.0,85,43,127,84.11,6,40.0,9,0,0,0,,0,1,1,0,3,9,0,0,13,4,38,0,0,5,0,0.0,,2,0,2,0,0,,20,40.82,0,0,0,24,0,2,0,0,,0,0,0,0,0.0,0,0,0,0,72,2,0,0,0,0,0,0,0,0,0,0.0,0.0,1,4,3,3,3,7,43.75,0,2,1,50.0,2,6,16,6,26,40.63,5,107,50,151,58.6,7,0,250,11,1,0
Koba Koindredi,930233,Valencia,2828,spain,2122,196,10,1,6.51,0,0,0,,,2,0,0.0,9,2,33.33,18,12,30,68.18,5,41.67,7,0,0,0,,0,0,0,0,4,10,0,0,3,4,23,0,0,8,0,0.0,,5,5,0,0,0,,12,42.86,0,0,0,14,4,2,0,0,,0,0,0,0,0.0,0,0,0,0,27,0,0,0,0,0,0,0,0,0,0,0.0,0.0,0,0,1,1,0,2,66.67,0,4,3,75.0,2,3,3,2,17,42.5,6,29,17,44,65.1,1,0,91,6,1,0
Mario Suárez,14046,Rayo Vallecano,2818,spain,2122,733,14,8,6.51,0,0,0,,,18,0,0.0,19,28,45.16,87,170,257,77.88,29,69.05,13,0,0,0,,0,2,3,1,35,11,0,0,2,6,38,1,0,17,0,0.0,,15,14,1,0,0,,18,41.86,0,0,0,73,7,1,0,0,,0,0,0,1,0.0,0,0,0,0,82,1,0,0,0,0,0,0,0,0,0,0.0,0.0,0,8,1,3,3,4,66.67,0,9,4,44.44,1,34,6,0,47,55.29,62,134,196,330,71.6,9,1,425,5,2,0
Omar Faraj,1021274,Levante UD,2849,spain,2122,9,1,0,6.5,0,0,0,,,0,0,0.0,0,0,0.0,0,0,0,0.0,0,0.0,1,0,0,0,,0,0,0,0,0,1,0,0,0,0,2,0,0,1,0,0.0,,0,0,0,0,0,,1,50.0,0,0,0,2,0,0,0,0,,0,0,0,0,0.0,0,0,0,0,3,0,0,0,0,0,0,0,0,0,0,0.0,0.0,0,0,0,0,0,0,0.0,0,1,0,0.0,0,0,0,0,1,33.33,0,0,2,2,6.5,0,0,5,0,0,0
Estanis Pedrola,1142256,Barcelona,2817,spain,2122,10,1,0,6.5,0,0,0,,,0,0,0.0,0,0,0.0,0,0,0,0.0,0,0.0,2,0,0,0,,0,0,0,0,0,1,0,0,0,0,3,0,0,1,0,0.0,,0,0,0,0,0,,1,50.0,0,0,0,1,0,0,0,0,,0,0,0,0,0.0,0,0,0,0,2,0,0,0,0,0,0,0,0,0,0,0.0,0.0,0,0,0,0,0,0,0.0,0,1,1,100.0,0,0,0,0,1,25.0,0,0,1,1,6.5,0,0,4,0,0,0
Diego Conde,951008,Getafe,2859,spain,2122,15,1,0,6.5,0,0,0,,,0,0,0.0,0,0,0.0,0,0,0,0.0,0,0.0,0,0,0,0,,0,0,0,0,0,1,0,0,0,0,0,0,0,0,0,0.0,,0,0,0,0,0,,0,0.0,0,1,0,6,0,0,0,0,,0,0,0,0,0.0,0,0,0,0,6,0,0,0,0,0,0,0,0,0,0,0.0,0.0,0,0,0,0,0,0,0.0,0,0,0,0.0,0,0,0,0,0,0.0,6,6,0,6,6.5,0,0,7,0,0,0
Miguel Baeza,902051,Celta Vigo,2821,spain,2122,12,1,0,6.5,0,0,0,,,0,0,0.0,1,0,0.0,2,2,4,100.0,0,0.0,0,0,0,0,,0,0,0,0,0,1,0,0,0,0,0,0,0,0,0,0.0,,0,0,0,0,0,,0,0.0,0,0,0,0,0,0,0,0,,0,0,0,0,0.0,0,0,0,0,1,0,0,0,0,0,0,0,0,0,0,0.0,0.0,0,0,0,0,0,0,0.0,0,0,0,0.0,0,0,0,1,0,0.0,0,3,2,4,6.5,0,0,5,0,0,0
Ander Capa,267863,Athletic Club,2825,spain,2122,8,1,0,6.5,0,0,0,,,0,0,0.0,1,0,0.0,1,0,1,50.0,0,0.0,0,0,0,0,,0,0,0,0,0,1,0,0,0,0,0,0,0,0,0,0.0,,0,0,0,0,0,,0,0.0,0,0,0,1,0,0,0,0,,0,0,0,0,0.0,0,0,0,0,1,0,0,0,0,0,0,0,0,0,0,0.0,0.0,0,0,1,1,0,0,0.0,0,0,0,0.0,0,0,0,0,0,0.0,0,1,1,2,6.5,1,0,3,0,0,0
Yacine Qasmi,908642,Rayo Vallecano,2818,spain,2122,9,1,0,6.5,0,0,0,,,0,0,0.0,0,0,0.0,0,1,1,50.0,1,50.0,1,0,0,0,,0,0,0,0,0,1,0,0,0,0,1,0,0,0,0,0.0,,0,0,0,0,0,,0,0.0,0,0,0,1,0,0,0,0,,0,0,0,0,0.0,0,0,0,0,2,0,0,0,0,0,0,0,0,0,0,0.0,0.0,0,0,0,0,0,0,0.0,0,0,0,0.0,0,0,0,0,1,50.0,0,1,1,2,6.5,0,0,4,0,0,0
Tomás Mendes,1119693,Deportivo Alavés,2885,spain,2122,8,1,0,6.5,0,0,0,,,0,0,0.0,0,1,100.0,2,2,4,80.0,0,0.0,1,0,0,0,,0,0,0,0,1,1,0,0,0,0,1,0,0,0,0,0.0,,0,0,0,0,0,,0,0.0,0,0,0,1,0,0,0,0,,0,0,0,0,0.0,0,0,0,0,1,0,0,0,0,0,0,0,0,0,0,0.0,0.0,0,0,0,0,0,0,0.0,0,0,0,0.0,0,0,0,0,0,0.0,1,3,2,5,6.5,0,0,6,0,0,0
Daniel Villahermosa,1012440,Espanyol,2814,spain,2122,22,1,0,6.5,0,0,0,,,1,0,0.0,1,1,100.0,1,3,4,57.14,0,0.0,0,0,0,0,,0,0,0,0,1,1,0,0,1,0,1,0,0,0,0,0.0,,0,0,0,0,0,,2,66.67,0,0,0,3,0,0,0,0,,0,0,0,0,0.0,0,0,0,0,5,0,0,0,0,0,0,0,0,0,0,0.0,0.0,0,0,0,0,0,1,100.0,0,0,0,0.0,0,1,1,0,2,66.67,1,2,5,7,6.5,0,0,12,1,0,0
Unai Ropero,1018197,Deportivo Alavés,2885,spain,2122,11,1,0,6.5,0,0,0,,,0,0,0.0,0,0,0.0,0,1,1,100.0,0,0.0,0,0,0,0,,0,0,0,0,0,1,0,0,1,0,1,0,0,0,0,0.0,,0,0,0,0,0,,1,50.0,0,0,0,0,1,0,0,0,,0,0,0,0,0.0,0,0,0,0,2,0,0,0,0,0,0,0,0,0,0,0.0,0.0,0,0,0,0,0,0,0.0,0,0,0,0.0,0,0,0,0,1,50.0,0,0,1,1,6.5,0,0,5,1,0,0
Álvaro Aguirre,1165778,Rayo Vallecano,2818,spain,2122,8,1,0,6.5,0,0,0,,,0,0,0.0,0,0,0.0,0,2,2,100.0,0,0.0,0,0,0,0,,0,0,0,0,0,1,0,0,0,0,0,0,0,0,0,0.0,,0,0,0,0,0,,0,0.0,0,0,0,0,0,0,0,0,,0,0,0,0,0.0,0,0,0,0,1,0,0,0,0,0,0,0,0,0,0,0.0,0.0,0,0,0,0,0,0,0.0,0,0,0,0.0,0,0,0,0,0,0.0,0,0,2,2,6.5,0,0,4,0,0,0
Emerson Royal,856123,Barcelona,2817,spain,2122,90,3,1,6.5,0,0,0,,,1,0,0.0,8,1,50.0,20,25,45,86.54,0,0.0,1,0,0,0,,0,0,0,0,1,3,0,0,0,1,6,0,0,3,0,0.0,,3,2,1,0,0,,6,54.55,0,0,0,7,2,0,0,0,,0,0,0,0,0.0,0,0,0,0,12,0,0,0,0,0,0,0,0,0,0,0.0,0.0,0,0,0,0,0,0,0.0,0,3,3,100.0,0,2,1,2,6,50.0,2,26,28,52,19.5,0,0,81,3,0,0
Jon Morcillo,966804,Athletic Club,2825,spain,2122,54,7,0,6.5,0,0,0,,,0,0,0.0,6,1,25.0,12,8,20,76.92,0,0.0,0,0,0,0,,0,1,0,0,0,5,0,0,1,1,5,0,0,2,0,0.0,,1,1,0,0,0,,4,44.44,0,0,0,6,0,0,0,0,,0,0,0,0,0.0,0,0,0,0,19,1,0,0,0,0,0,0,0,0,0,0.0,0.0,0,1,0,1,0,0,0.0,0,3,0,0.0,0,0,1,7,4,44.44,4,22,11,26,32.5,1,0,46,1,2,0
Kévin Rodrigues,234232,Rayo Vallecano,2818,spain,2122,449,13,5,6.5,0,0,0,,,2,1,10.0,24,6,33.33,63,59,121,71.18,10,55.56,8,0,0,0,,0,0,2,0,4,11,0,0,5,4,23,0,0,5,0,0.0,,13,11,2,0,0,,24,61.54,0,0,0,49,7,3,0,0,,0,0,0,0,0.0,0,0,0,0,85,0,0,0,0,0,0,0,0,0,0,0.0,0.0,0,0,4,2,0,2,50.0,0,15,11,73.33,3,9,4,10,34,59.65,18,99,81,170,71.5,4,0,312,7,0,0
Sergio Postigo,217384,Levante UD,2849,spain,2122,849,13,10,6.49,0,0,0,,,16,0,0.0,18,18,32.73,78,225,303,83.47,12,50.0,12,0,0,0,,0,0,1,0,45,13,0,0,1,4,23,0,1,5,0,0.0,,23,21,2,0,0,,14,56.0,0,0,0,60,7,3,0,0,,0,0,0,0,0.0,0,0,0,0,65,1,0,0,0,0,0,0,0,0,0,0.0,0.0,0,2,0,1,0,0,0.0,0,11,7,63.64,3,44,1,0,26,53.06,55,119,244,363,84.4,2,0,454,3,3,0
Ximo Navarro,150864,Deportivo Alavés,2885,spain,2122,1353,18,16,6.49,0,0,0,,,11,1,3.45,50,18,24.32,123,197,319,74.36,9,28.13,23,0,0,0,,1,1,3,2,54,18,0,1,6,14,64,1,1,16,0,0.0,,23,23,0,0,0,,58,58.59,0,0,0,110,22,4,0,2,,0,0,0,2,0.0,0,0,0,0,207,3,0,1,0,0,0,0,0,0,0,0.0,0.0,0,7,3,4,3,5,41.67,0,28,19,67.86,4,47,12,29,67,51.15,74,232,226,429,116.8,10,0,808,25,4,0
Hélder Costa,138891,Valencia,2828,spain,2122,1152,22,13,6.48,0,1,1,,,3,12,26.09,95,3,21.43,135,54,177,70.8,8,38.1,13,0,0,0,,1,0,3,2,7,22,0,0,22,27,123,0,0,28,0,0.0,,23,22,1,0,0,,64,36.78,0,0,0,73,3,17,0,1,,0,0,0,0,0.0,0,0,0,0,204,10,0,0,0,0,0,0,0,0,0,0.0,0.0,0,8,1,4,2,23,39.66,0,27,16,59.26,17,10,58,46,72,36.92,14,218,78,250,142.6,9,0,526,14,3,0
Facundo Pellistri,989803,Deportivo Alavés,2885,spain,2122,677,21,6,6.48,0,0,0,,,0,1,7.69,38,1,16.67,71,34,104,77.04,8,30.77,18,0,0,0,,1,0,4,0,5,21,0,0,13,9,63,0,0,8,0,0.0,,10,10,0,0,0,,40,47.06,0,0,0,31,6,6,0,3,,0,0,0,0,0.0,0,0,0,0,98,1,0,0,0,0,0,0,0,0,0,0.0,0.0,0,7,0,1,2,11,42.31,0,9,5,55.56,6,0,26,13,48,43.24,6,107,41,135,136.0,7,0,295,20,0,0
Ivan Barbero,913728,Osasuna,2820,spain,2122,41,6,0,6.48,0,0,0,,,0,0,0.0,4,0,0.0,6,1,7,63.64,2,50.0,2,0,0,0,,0,0,0,0,1,4,0,0,2,0,6,0,0,2,0,0.0,,3,2,1,0,0,,1,20.0,0,0,0,4,0,0,0,0,,0,0,0,0,0.0,0,0,0,0,11,0,0,0,0,0,0,0,0,0,0,0.0,0.0,0,0,0,0,0,0,0.0,0,0,0,0.0,0,0,0,0,3,33.33,0,10,1,11,25.9,0,0,21,1,0,0
Oier,22141,Osasuna,2820,spain,2122,777,25,8,6.47,1,0,1,,,14,2,18.18,74,17,50.0,140,85,223,72.17,21,56.76,16,0,0,0,,0,0,1,0,9,21,0,0,5,17,56,0,0,17,0,11.11,,15,13,2,1,0,,18,31.03,1,0,0,86,1,2,0,2,,0,0,0,0,0.0,0,0,0,0,111,4,0,0,0,0,0,0,0,0,0,777.0,0.0,0,4,5,7,1,2,66.67,0,10,6,60.0,2,23,3,11,39,41.05,34,214,106,309,135.9,9,0,401,6,3,0
Juan Cala,40984,Cádiz,4488,spain,2122,945,14,10,6.47,0,0,0,,,22,0,0.0,12,33,44.59,62,153,215,73.63,16,51.61,15,0,0,0,,1,1,0,2,55,14,0,0,3,9,37,0,0,11,0,0.0,,20,19,1,0,0,,16,42.11,0,0,0,77,12,2,0,1,,0,0,0,2,0.0,0,0,0,0,86,0,0,1,0,0,0,0,0,0,0,0.0,0.0,0,5,0,5,0,1,100.0,0,9,4,44.44,2,54,1,0,32,46.38,74,116,176,292,90.6,5,0,416,7,7,1
Germán Valera,962710,Real Sociedad,2824,spain,2122,53,3,0,6.47,0,0,0,,,0,0,0.0,7,1,50.0,10,4,14,82.35,1,50.0,1,0,0,0,,0,0,1,0,1,3,0,0,1,0,10,0,0,3,0,0.0,,1,1,0,0,0,,5,35.71,0,0,0,3,0,0,0,0,,0,0,0,0,0.0,0,0,0,0,14,1,0,0,0,0,0,0,0,0,0,0.0,0.0,0,0,1,0,0,2,28.57,0,3,2,66.67,0,0,7,1,6,37.5,2,13,5,17,19.4,1,0,38,0,0,0
Eray Cömert,814023,Valencia,2828,spain,2122,423,8,5,6.46,0,0,0,,,20,0,0.0,15,17,47.22,44,125,169,84.5,2,22.22,7,0,0,0,,0,1,0,0,6,7,0,0,0,3,12,0,0,3,0,0.0,,6,6,0,0,0,,5,50.0,0,0,0,31,2,1,0,0,,0,0,0,1,0.0,0,0,0,0,35,0,0,0,0,0,0,0,0,0,0,0.0,0.0,0,3,0,2,1,0,0.0,0,5,3,60.0,1,35,0,0,7,36.84,36,67,133,200,45.2,3,0,228,0,2,0
Dídac Vila,82401,Espanyol,2814,spain,2122,212,9,1,6.46,0,0,0,,,1,0,0.0,15,1,16.67,25,31,56,80.0,3,50.0,3,0,0,0,,0,0,0,0,8,7,0,0,0,5,15,0,0,7,0,0.0,,4,4,0,0,0,,9,42.86,0,0,0,14,3,3,0,0,,0,0,0,0,0.0,0,0,0,0,23,2,0,0,0,0,0,0,0,0,0,0.0,0.0,0,0,0,0,0,1,100.0,0,7,5,71.43,3,4,1,2,12,44.44,6,38,34,70,45.2,0,0,118,1,3,0
Erick Cabaco,587074,Getafe,2859,spain,2122,408,10,5,6.46,0,1,1,,,9,0,0.0,19,16,32.0,51,61,112,66.27,8,57.14,6,0,0,0,,1,0,0,0,8,9,0,0,0,3,15,0,0,7,0,0.0,,5,4,1,0,0,,6,40.0,0,0,0,57,4,2,0,0,,1,0,0,0,0.0,0,0,0,0,59,1,0,0,0,0,0,0,0,0,0,0.0,0.0,0,1,0,1,0,0,0.0,0,2,1,50.0,2,34,0,1,14,48.28,50,94,76,169,58.1,1,0,207,4,3,0
Miguelón,826701,Espanyol,2814,spain,2122,70,2,1,6.45,0,0,0,,,0,0,0.0,4,0,0.0,14,14,28,73.68,0,0.0,2,0,0,0,,0,0,0,0,3,2,0,0,0,0,3,0,0,0,0,0.0,,2,2,0,0,0,,5,83.33,0,0,0,10,0,0,0,0,,0,0,0,0,0.0,0,0,0,0,16,0,0,0,0,0,0,0,0,0,0,0.0,0.0,0,0,0,0,0,2,66.67,0,2,2,100.0,0,0,3,1,5,62.5,4,19,20,38,12.9,0,0,62,1,0,0
Marc Pubill,1094106,Levante UD,2849,spain,2122,512,11,5,6.44,0,1,1,,,4,2,13.33,44,3,25.0,86,76,160,79.21,5,55.56,4,0,0,0,,1,1,2,0,7,10,0,0,3,4,25,1,1,11,0,0.0,,17,12,5,0,0,,24,53.33,0,0,1,42,4,6,0,0,,0,0,0,0,0.0,0,0,0,0,87,2,0,0,0,0,0,0,0,0,0,0.0,0.0,0,5,1,3,1,4,40.0,0,12,6,50.0,6,10,10,15,29,53.7,12,129,88,202,64.4,6,0,356,8,1,0
Martín Cáceres,28186,Levante UD,2849,spain,2122,669,10,9,6.44,0,0,0,,,22,1,25.0,42,24,43.64,118,165,282,81.98,7,35.0,13,0,0,0,,0,0,0,1,15,10,0,0,1,4,25,1,0,8,0,0.0,,13,9,4,0,0,,11,47.83,0,0,0,62,11,3,0,0,,0,0,0,0,0.0,0,0,0,0,71,0,0,0,0,0,0,0,0,0,0,0.0,0.0,0,0,0,0,0,1,100.0,0,2,2,100.0,3,50,1,4,18,41.86,55,159,189,344,64.4,0,0,409,8,2,0
Jordi Mboula,826003,Mallorca,2826,spain,2122,437,11,5,6.44,0,0,0,,,0,1,8.33,17,0,0.0,32,18,49,64.47,10,52.63,9,0,0,0,,0,1,1,0,2,11,0,0,8,4,34,0,0,6,0,0.0,,6,6,0,0,0,,24,48.98,0,0,0,27,3,3,0,5,,0,0,0,1,0.0,0,0,0,0,69,1,0,0,0,0,0,0,0,0,0,0.0,0.0,0,4,1,4,0,7,46.67,0,8,2,25.0,3,0,15,12,34,50.0,0,67,21,76,70.8,5,0,173,9,2,0
Amankwaa Akurugu Koffi,1084737,Getafe,2859,spain,2122,84,3,1,6.43,0,1,1,,,0,0,0.0,5,1,50.0,7,12,19,70.37,2,50.0,2,0,0,0,,0,0,0,0,0,3,0,0,0,2,6,0,0,1,0,0.0,,1,1,0,0,0,,4,50.0,0,0,0,8,0,1,0,0,,0,0,0,0,0.0,0,0,0,0,16,0,0,0,0,0,0,0,0,0,0,0.0,0.0,0,0,1,1,0,3,75.0,0,0,0,0.0,1,1,4,4,6,50.0,2,17,14,27,19.3,1,0,51,1,0,0
Álejandro Cantero,980143,Levante UD,2849,spain,2122,620,25,4,6.43,0,1,1,,,1,3,50.0,36,5,62.5,62,23,82,68.33,3,18.75,13,0,0,0,,1,5,1,0,0,24,0,0,8,7,48,0,0,13,0,0.0,,16,14,2,0,0,,18,33.96,0,0,1,38,1,4,0,0,,0,1,0,0,0.0,0,0,0,0,77,4,0,0,0,0,0,0,0,0,0,0.0,0.0,0,12,3,9,5,8,53.33,0,6,4,66.67,3,5,15,6,21,30.43,8,96,30,120,154.4,15,0,213,4,1,0
Diego Lainez,874535,Real Betis,2816,spain,2122,142,7,1,6.43,0,0,0,,,1,0,0.0,24,1,50.0,32,11,43,79.63,0,0.0,2,0,0,0,,0,0,0,0,0,6,0,0,8,3,19,0,0,4,0,0.0,,2,2,0,0,0,,8,32.0,0,0,0,11,1,3,0,0,,0,0,0,0,0.0,0,0,0,0,29,1,0,0,0,0,0,0,0,0,0,0.0,0.0,0,1,0,0,1,6,66.67,0,1,1,100.0,3,4,9,2,8,29.63,2,43,13,54,38.6,1,0,89,1,0,0
Enric Franquesa,885259,Levante UD,2849,spain,2122,632,16,6,6.43,0,0,0,,,2,1,10.0,43,6,40.0,75,73,147,73.87,8,53.33,7,0,0,0,,0,0,1,1,8,15,0,0,8,1,32,0,0,7,0,0.0,,12,11,1,0,0,,22,46.81,0,0,0,52,7,3,0,1,,0,0,0,0,0.0,0,0,0,0,95,0,0,0,0,0,0,0,0,0,0,0.0,0.0,0,1,0,0,0,10,52.63,0,5,3,60.0,3,8,19,10,30,48.39,15,113,96,199,96.5,1,0,356,7,1,0
David Timor,47625,Getafe,2859,spain,2122,344,7,3,6.43,0,0,0,,,12,2,22.22,25,21,63.64,84,59,141,81.5,7,38.89,11,0,0,0,,0,0,2,0,4,7,0,0,5,3,26,0,1,6,0,0.0,,7,7,0,0,0,,4,21.05,0,0,0,32,1,1,0,0,,0,0,0,0,0.0,0,0,0,0,46,1,0,0,0,0,0,0,0,0,0,0.0,0.0,2,1,7,6,0,1,50.0,0,1,1,100.0,1,18,2,9,11,29.73,33,115,67,173,45.0,8,0,218,2,2,0
Matthew Hoppe,1066809,Mallorca,2826,spain,2122,129,5,1,6.43,0,1,1,,,0,0,0.0,7,0,0.0,12,12,24,70.59,2,15.38,11,0,0,0,,0,0,1,0,0,4,0,0,4,3,24,0,0,4,0,0.0,,5,4,1,0,0,,2,13.33,0,0,0,10,0,3,0,2,,0,0,0,0,0.0,0,0,0,0,20,1,0,0,0,0,0,0,0,0,0,0.0,0.0,0,2,0,1,0,0,0.0,0,1,0,0.0,3,0,3,0,4,14.29,0,20,14,34,25.7,2,0,51,1,0,0
Iker Benito,1086346,Osasuna,2820,spain,2122,116,4,1,6.43,0,0,0,,,0,1,25.0,3,0,0.0,10,9,18,78.26,1,50.0,1,0,0,0,,0,0,0,0,1,4,0,0,4,1,11,0,0,1,0,0.0,,4,4,0,0,0,,7,41.18,0,0,0,5,0,1,0,0,,0,0,0,0,0.0,0,0,0,0,23,0,0,0,0,0,0,0,0,0,0,0.0,0.0,0,0,3,2,1,2,33.33,0,2,1,50.0,1,0,6,4,8,42.11,1,15,12,23,25.7,3,0,63,3,1,0
Yan Eteki,848082,Granada,33779,spain,2122,352,12,2,6.42,0,0,0,,,3,0,0.0,21,4,33.33,52,43,95,74.8,7,46.67,8,0,0,0,,0,0,0,0,6,12,0,0,7,4,38,0,1,18,0,0.0,,6,6,0,0,0,,12,28.57,0,0,0,32,4,1,0,0,,0,0,0,0,0.0,0,0,0,0,47,3,0,0,0,0,0,0,0,0,0,0.0,0.0,0,1,0,1,0,1,33.33,0,6,3,50.0,1,8,3,0,19,33.33,12,73,54,127,77.0,1,0,182,5,3,0
Juanlu Sánchez,1010655,Sevilla,2833,spain,2122,11,1,0,6.4,0,0,0,,,0,0,0.0,0,0,0.0,0,2,2,50.0,0,0.0,0,0,0,0,,0,0,0,0,0,1,0,0,0,1,2,0,0,1,0,0.0,,0,0,0,0,0,,1,33.33,0,0,0,2,0,0,0,0,,0,0,0,0,0.0,0,0,0,0,3,0,0,0,0,0,0,0,0,0,0,0.0,0.0,0,0,0,0,0,0,0.0,0,1,0,0.0,0,0,0,0,1,33.33,1,1,3,4,6.4,0,0,7,0,1,0
Javier Díaz,1166864,Sevilla,2833,spain,2122,90,1,1,6.4,0,0,0,,,2,0,0.0,0,7,58.33,0,26,26,81.25,0,0.0,0,0,0,0,,0,0,0,0,0,1,0,0,0,0,0,0,0,0,0,0.0,,1,1,0,0,0,,0,0.0,0,0,0,6,0,0,0,0,,0,0,0,0,0.0,0,0,0,0,6,0,0,0,0,0,0,1,1,0,0,0.0,0.0,0,0,0,0,0,0,0.0,0,0,0,0.0,0,2,0,0,0,0.0,12,3,29,32,6.4,0,0,36,0,0,0
Cristo Romero,992370,Real Sociedad,2824,spain,2122,16,1,0,6.4,0,0,0,,,0,2,100.0,1,0,0.0,6,2,6,85.71,0,0.0,1,0,0,0,,0,0,0,0,0,1,0,0,0,0,4,0,0,1,0,0.0,,0,0,0,0,0,,0,0.0,0,0,0,1,0,1,0,0,,0,0,0,0,0.0,0,0,0,0,3,0,0,0,0,0,0,0,0,0,0,0.0,0.0,0,0,1,1,0,0,0.0,0,0,0,0.0,1,0,2,2,0,0.0,1,7,2,7,6.4,1,0,14,0,0,0
Álvaro Sanz Catalán,930266,Barcelona,2817,spain,2122,27,2,0,6.4,0,0,0,,,0,0,0.0,3,0,0.0,8,2,10,83.33,0,0.0,0,0,0,0,,0,0,0,0,0,2,0,0,0,1,2,0,0,0,0,0.0,,1,1,0,0,0,,1,33.33,0,0,0,2,0,1,0,0,,0,0,0,0,0.0,0,0,0,0,3,1,0,0,0,0,0,0,0,0,0,0.0,0.0,0,0,0,0,0,0,0.0,0,0,0,0.0,1,0,1,0,1,33.33,1,10,2,12,12.8,0,0,15,1,0,0
Mario Domínguez,1211006,Valencia,2828,spain,2122,23,2,0,6.4,0,0,0,,,0,0,0.0,0,0,0.0,1,1,2,66.67,0,0.0,2,0,0,0,,0,0,0,0,1,1,0,0,0,0,3,0,0,1,0,0.0,,0,0,0,0,0,,0,0.0,0,0,0,1,0,0,0,0,,0,0,0,0,0.0,0,0,0,0,1,0,0,0,0,0,0,0,0,0,0,0.0,0.0,0,0,0,0,0,0,0.0,0,0,0,0.0,0,0,0,0,0,0.0,0,2,1,3,6.4,0,0,4,0,0,0
Marcos Mauro,258913,Cádiz,4488,spain,2122,136,3,1,6.4,0,0,0,,,2,0,0.0,1,0,0.0,3,10,13,52.0,4,80.0,1,0,0,0,,0,0,0,0,9,2,0,0,0,2,4,0,0,1,0,0.0,,3,3,0,0,0,,2,40.0,0,0,0,12,1,0,0,0,,0,0,0,0,0.0,0,0,0,0,13,0,0,0,0,0,0,0,0,0,0,0.0,0.0,0,0,0,0,0,0,0.0,0,1,0,0.0,0,5,0,0,6,60.0,8,12,13,25,12.8,0,0,41,1,1,0
Iván Romero,1014042,Sevilla,2833,spain,2122,183,5,2,6.4,0,0,0,,,0,0,0.0,14,0,0.0,16,12,28,82.35,1,9.09,10,0,0,0,,0,1,1,0,0,4,0,0,6,0,26,0,0,4,0,0.0,,1,1,0,0,0,,11,40.74,0,0,0,6,2,0,0,1,,0,0,0,0,0.0,0,0,0,0,24,2,0,0,0,0,0,0,0,0,0,0.0,0.0,0,2,0,0,1,3,33.33,0,2,2,100.0,0,0,9,0,12,31.58,1,22,12,34,25.6,2,0,71,6,0,0
Ezequiel Ponce,356444,Elche,2846,spain,2122,662,13,5,6.39,1,0,1,,,4,0,0.0,41,8,88.89,76,46,122,77.71,17,40.48,25,0,0,0,,0,3,6,2,6,13,0,1,20,7,76,0,0,14,0,6.67,,7,7,0,1,0,,30,37.04,0,0,0,35,1,7,1,6,,0,0,0,0,0.0,0,0,0,0,95,6,0,1,0,0,0,0,0,0,0,662.0,0.0,0,13,2,4,5,14,56.0,0,5,4,80.0,7,7,25,6,47,38.21,9,113,50,157,83.1,15,0,294,11,1,0
Jonathan Silva,155711,Getafe,2859,spain,2122,230,9,1,6.39,0,0,0,,,4,1,10.0,19,3,30.0,37,14,50,69.44,1,33.33,2,0,0,0,,0,0,0,0,7,9,0,0,4,5,21,0,0,10,0,0.0,,8,8,0,0,0,,16,45.71,0,0,0,22,3,2,0,0,,0,0,0,0,0.0,0,0,0,0,38,2,0,0,0,0,0,0,0,0,0,0.0,0.0,0,0,1,0,1,1,100.0,0,10,8,80.0,2,7,1,10,17,44.74,10,61,21,72,57.5,1,0,140,5,4,0
Javi López,945404,Deportivo Alavés,2885,spain,2122,458,9,4,6.39,0,0,0,,,4,4,28.57,23,10,37.04,55,72,123,77.36,0,0.0,6,0,0,0,,0,0,0,0,11,8,0,0,6,2,24,0,0,6,0,0.0,,12,11,1,0,0,,22,55.0,0,0,0,36,4,5,0,0,,0,1,0,0,0.0,0,0,0,0,80,0,0,0,0,0,0,0,0,0,0,0.0,0.0,0,0,0,0,0,2,33.33,0,8,6,75.0,4,13,6,14,22,47.83,27,90,83,159,51.1,0,0,293,12,2,0
Lago Júnior,50730,Mallorca,2826,spain,2122,179,6,1,6.38,0,0,0,,,1,0,0.0,13,0,0.0,17,9,26,65.0,4,28.57,10,0,0,0,,0,1,1,0,2,6,0,0,6,2,28,0,0,5,0,0.0,,8,5,3,0,0,,13,41.94,0,0,0,14,2,0,0,0,,0,0,0,0,0.0,0,0,0,0,35,1,0,0,0,0,0,0,0,0,0,0.0,0.0,0,5,1,4,1,3,37.5,0,3,2,66.67,0,1,8,5,17,37.78,1,35,10,40,38.3,6,0,90,7,0,0
Sergio Rico,211064,Mallorca,2826,spain,2122,1260,14,14,6.37,0,0,0,,,27,0,0.0,24,105,47.95,76,119,195,62.9,2,66.67,1,0,0,0,,0,0,0,1,9,14,0,0,0,0,1,1,1,0,0,0.0,,29,26,3,0,0,-8.08,0,0.0,0,1,0,115,0,1,0,0,,0,0,0,0,0.0,4,0,1,0,115,0,4,0,0,4,19,11,30,0,7,0.0,0.0,0,0,0,0,0,0,0.0,4,0,0,0.0,1,53,0,0,2,66.67,219,172,138,310,89.2,0,0,403,0,0,0
Josema,826668,Elche,2846,spain,2122,181,6,1,6.37,0,0,0,,,3,0,0.0,6,3,33.33,12,19,31,67.39,3,37.5,5,0,0,0,,0,0,0,0,11,6,0,0,0,2,10,0,0,3,0,0.0,,5,4,1,0,0,,7,58.33,0,0,0,15,0,1,0,0,,0,0,0,1,0.0,0,0,0,0,31,0,0,0,0,0,0,0,0,0,0,0.0,0.0,0,0,0,0,0,0,0.0,0,3,2,66.67,1,11,0,3,10,50.0,9,25,24,46,38.2,0,0,89,4,0,0
Raúl Parra,1069725,Cádiz,4488,spain,2122,88,2,1,6.35,0,0,0,,,0,0,0.0,1,1,20.0,4,10,14,56.0,0,0.0,0,0,0,0,,0,0,0,0,5,2,0,0,0,2,3,0,0,0,0,0.0,,1,1,0,0,0,,3,50.0,0,0,0,11,0,0,0,0,,0,0,0,0,0.0,0,0,0,0,14,0,0,0,0,0,0,0,0,0,0,0.0,0.0,0,0,0,0,0,0,0.0,0,2,1,50.0,0,1,1,0,3,50.0,5,9,16,25,12.7,0,0,44,1,0,0
Yellu Santiago,1211005,Valencia,2828,spain,2122,81,3,0,6.35,0,0,0,,,0,0,0.0,7,2,50.0,20,8,28,80.0,0,0.0,0,0,0,0,,0,0,0,0,1,2,0,0,1,2,5,0,0,1,0,0.0,,3,2,1,0,0,,3,37.5,0,0,0,7,0,0,0,0,,0,0,0,0,0.0,0,0,0,0,11,0,0,0,0,0,0,0,0,0,0,0.0,0.0,0,0,0,0,0,0,0.0,0,2,2,100.0,0,2,1,0,3,37.5,4,25,10,35,12.7,0,0,44,1,0,0
Javi Serrano,1019320,Atlético Madrid,2836,spain,2122,69,5,1,6.35,0,0,0,,,2,0,0.0,3,1,33.33,8,21,29,78.38,4,80.0,1,0,0,0,,0,0,0,0,2,4,0,1,0,2,8,0,0,4,0,0.0,,0,0,0,0,0,,4,36.36,0,0,0,8,3,0,0,0,,0,0,0,0,0.0,0,0,0,0,12,0,0,1,0,0,0,0,0,0,0,0.0,0.0,0,0,0,0,0,0,0.0,0,3,1,33.33,0,2,1,0,8,50.0,3,13,24,37,25.4,0,0,51,1,1,0
Andrés Martín,922939,Rayo Vallecano,2818,spain,2122,185,7,1,6.34,0,0,0,,,1,0,0.0,7,0,0.0,14,7,21,63.64,2,50.0,2,0,0,0,,0,2,2,0,0,7,0,0,5,1,12,0,0,3,0,0.0,,4,4,0,0,0,,3,23.08,0,0,1,12,0,0,0,3,,0,0,0,0,0.0,0,0,0,0,25,0,0,0,0,0,0,0,0,0,0,0.0,0.0,0,3,2,2,1,1,33.33,0,0,0,0.0,0,3,3,2,5,29.41,0,27,8,33,44.4,5,0,60,2,0,0
Cristhian Mosquera,1144630,Valencia,2828,spain,2122,220,6,3,6.33,0,0,0,,,4,0,0.0,9,7,63.64,20,45,65,85.53,1,25.0,3,0,0,0,,0,1,0,0,1,6,0,0,0,3,9,0,1,4,0,0.0,,5,5,0,0,0,,4,40.0,0,0,0,11,3,0,0,0,,0,0,0,0,0.0,0,0,0,0,14,0,0,0,0,0,0,0,0,0,0,0.0,0.0,0,1,0,1,0,0,0.0,0,4,2,50.0,0,8,0,0,5,35.71,11,28,48,76,38.0,1,0,91,0,1,0
Pedro Benito,1146760,Cádiz,4488,spain,2122,30,1,0,6.3,0,0,0,,,0,0,0.0,2,0,0.0,2,1,3,75.0,0,0.0,4,0,0,0,,0,0,0,0,0,1,0,0,0,1,8,0,0,3,0,0.0,,0,0,0,0,0,,0,0.0,0,0,0,1,0,0,0,0,,0,0,0,0,0.0,0,0,0,0,4,0,0,0,0,0,0,0,0,0,0,0.0,0.0,0,0,0,0,0,0,0.0,0,0,0,0.0,0,0,0,1,0,0.0,0,4,1,4,6.3,0,0,7,0,0,0
Iván Martín,973699,Deportivo Alavés,2885,spain,2122,170,6,2,6.3,0,0,0,,,0,0,0.0,19,1,33.33,37,13,50,81.97,3,50.0,3,0,0,0,,0,0,1,0,1,5,0,0,6,1,14,0,0,2,0,0.0,,4,4,0,0,0,,2,15.38,0,0,0,11,1,0,0,0,,0,0,0,0,0.0,0,0,0,0,25,1,0,0,0,0,0,0,0,0,0,0.0,0.0,0,0,1,0,0,0,0.0,0,1,1,100.0,0,2,2,3,5,26.32,3,50,14,61,31.5,1,0,89,1,0,0
Joan Sastre,813738,Mallorca,2826,spain,2122,262,7,2,6.25,0,0,0,,,5,0,0.0,8,6,46.15,18,41,59,74.68,5,62.5,3,0,0,0,,0,0,1,0,10,6,0,0,2,1,10,0,0,3,0,0.0,,10,7,3,0,0,,14,66.67,0,0,0,20,2,0,0,0,,0,0,0,1,0.0,0,0,0,0,38,0,0,0,0,0,0,0,0,0,0,0.0,0.0,0,0,2,1,0,3,60.0,0,6,3,50.0,0,10,5,6,19,65.52,13,38,47,79,37.5,2,0,148,6,1,0
Chema,345193,Getafe,2859,spain,2122,45,1,1,6.2,0,0,0,,,1,0,0.0,4,2,40.0,6,5,11,73.33,0,0.0,1,0,0,0,,0,0,1,0,0,1,0,1,0,1,4,0,0,2,0,0.0,,1,1,0,0,0,,0,0.0,0,0,0,4,0,1,0,0,,0,0,0,0,0.0,0,0,0,0,4,0,0,1,0,0,0,0,0,0,0,0.0,0.0,0,0,1,0,0,0,0.0,0,0,0,0.0,1,3,0,0,0,0.0,5,10,5,15,6.2,1,0,17,0,1,0
Javier Ontiveros,825750,Osasuna,2820,spain,2122,36,3,0,6.2,0,0,0,,,0,1,33.33,7,0,0.0,16,8,23,79.31,1,100.0,0,0,0,0,,0,0,0,0,0,3,0,0,1,2,4,1,0,1,0,0.0,,2,1,1,0,0,,2,33.33,0,0,0,6,1,0,0,0,,0,0,0,0,0.0,0,0,0,0,10,0,0,0,0,0,0,0,0,0,0,0.0,0.0,0,1,1,1,1,1,100.0,0,0,0,0.0,0,0,1,3,3,42.86,1,24,8,29,18.6,2,0,39,1,0,0
Rubén Iranzo,1167704,Valencia,2828,spain,2122,134,4,1,6.2,0,0,0,,,1,0,0.0,10,2,28.57,20,18,38,80.85,0,0.0,1,0,0,0,,0,0,0,0,6,4,0,0,0,5,8,0,0,2,0,0.0,,6,6,0,0,0,,3,30.0,0,0,1,9,2,0,0,0,,0,0,0,0,0.0,0,0,0,0,10,1,0,0,0,0,0,0,0,0,0,0.0,0.0,0,1,0,1,0,0,0.0,0,3,3,100.0,0,5,0,0,3,27.27,7,27,20,47,24.8,1,0,69,0,2,0
Jesús Areso,910267,Osasuna,2820,spain,2122,188,3,2,6.17,0,0,0,,,1,0,0.0,8,2,40.0,17,15,32,84.21,3,33.33,6,0,0,0,,0,0,0,0,2,3,0,0,4,2,15,0,1,3,0,0.0,,5,5,0,0,0,,7,43.75,0,0,0,6,0,1,0,0,,0,0,0,0,0.0,0,0,0,0,33,0,0,0,0,0,0,0,0,0,0,0.0,0.0,0,0,0,0,0,0,0.0,0,3,3,100.0,1,2,0,2,10,40.0,5,24,16,38,18.5,0,0,97,4,1,0
Luca Zidane,802133,Rayo Vallecano,2818,spain,2122,646,8,8,6.16,0,0,0,,,32,0,0.0,5,59,50.86,27,104,131,69.31,1,100.0,0,0,0,0,,0,0,0,0,4,8,0,1,0,1,2,1,0,1,0,0.0,,13,12,1,0,0,0.01,3,60.0,0,6,0,58,0,0,0,0,,0,0,0,1,0.0,0,0,0,0,59,0,3,1,0,1,17,7,24,0,3,0.0,0.0,0,0,0,0,0,2,100.0,1,0,0,0.0,0,48,2,0,4,66.67,116,74,115,189,49.3,0,0,272,1,0,0
Dominik Greif,791046,Mallorca,2826,spain,2122,90,1,1,6.1,0,0,0,,,1,0,0.0,0,4,26.67,1,13,14,56.0,0,0.0,0,0,0,0,,0,0,0,0,0,1,0,0,0,0,0,0,0,0,0,0.0,,3,1,2,0,0,,0,0.0,0,0,0,11,0,0,0,0,,0,0,0,0,0.0,0,0,0,0,11,0,0,0,0,0,2,1,3,0,1,0.0,0.0,0,0,0,0,0,0,0.0,0,0,0,0.0,0,2,0,0,0,0.0,15,9,16,25,6.1,0,0,34,0,0,0
Sergio Barcia,1084706,Granada,33779,spain,2122,77,1,1,6.1,0,0,0,,,0,0,0.0,0,0,0.0,1,7,8,36.36,1,50.0,1,0,0,0,,0,0,0,0,0,1,0,0,1,0,2,0,1,0,0,0.0,,1,1,0,0,0,,0,0.0,0,0,0,14,1,0,0,0,,0,0,0,0,0.0,0,0,0,0,15,0,0,0,0,0,0,0,0,0,0,0.0,0.0,0,0,0,0,0,0,0.0,0,0,0,0.0,0,1,0,0,1,33.33,7,13,9,22,6.1,0,0,27,0,0,0
Juan Pérez,252777,Osasuna,2820,spain,2122,180,2,2,6.0,0,0,0,,,4,0,0.0,3,11,36.67,6,8,14,40.0,0,0.0,0,0,0,0,,0,0,0,0,2,2,0,0,0,1,1,1,0,0,0,0.0,,3,3,0,0,0,,0,0.0,0,1,0,21,0,0,0,0,,0,0,0,0,0.0,0,0,0,0,21,0,1,0,0,2,1,1,2,1,0,0.0,0.0,0,0,0,0,0,0,0.0,1,0,0,0.0,0,8,0,0,0,0.0,30,23,12,35,12.0,0,0,47,0,0,0
Josep Gayá,1100406,Mallorca,2826,spain,2122,59,1,1,5.5,0,0,0,,,1,0,0.0,0,1,50.0,4,19,23,82.14,0,0.0,0,0,0,0,,0,0,0,0,3,1,0,0,0,0,0,1,0,0,0,0.0,,4,3,1,0,0,,0,0.0,0,0,0,5,1,0,0,0,,0,0,0,0,0.0,0,0,0,0,6,0,0,0,0,0,0,0,0,0,0,0.0,0.0,0,0,0,0,0,0,0.0,0,0,0,0.0,0,2,0,0,0,0.0,2,4,24,28,5.5,0,0,36,0,0,0
Joan García,930267,Espanyol,2814,spain,2122,107,2,1,4.9,0,0,0,,,3,0,0.0,3,6,46.15,5,13,18,72.0,0,0.0,0,0,0,0,,0,0,0,0,1,2,0,0,0,0,0,2,0,0,0,0.0,,3,3,0,0,0,-0.77,0,0.0,0,0,0,7,1,0,0,0,,0,0,0,0,0.0,0,0,0,0,7,0,0,0,0,0,0,0,0,0,0,0.0,0.0,0,0,0,0,0,0,0.0,0,0,0,0.0,0,4,0,0,0,0.0,13,9,16,25,9.8,0,0,36,0,0,0
Benjamin Lecomte,123207,Atlético Madrid,2836,spain,2122,0,0,0,0.0,0,0,0,,,0,0,0.0,0,0,0.0,0,0,0,0.0,0,0.0,0,0,0,0,,0,0,0,0,0,0,0,0,0,0,0,0,0,0,0,0.0,,0,0,0,0,0,0.0,0,0.0,0,0,0,0,0,0,0,0,,0,0,0,0,0.0,0,0,0,0,0,0,0,0,0,0,0,0,0,0,0,0.0,0.0,0,0,0,0,0,0,0.0,0,0,0,0.0,0,0,0,0,0,0.0,0,0,0,0,0.0,0,0,0,0,1,0
Giuliano Simeone,1099352,Atlético Madrid,2836,spain,2122,1,1,0,0.0,0,0,0,,,0,0,0.0,1,0,0.0,1,0,1,33.33,1,100.0,0,0,0,0,,0,0,0,0,0,0,0,0,0,0,0,0,0,0,0,0.0,,0,0,0,0,0,,2,100.0,0,0,0,2,0,0,0,0,,0,0,0,0,0.0,0,0,0,0,2,0,0,0,0,0,0,0,0,0,0,0.0,0.0,0,0,0,0,0,0,0.0,0,0,0,0.0,0,0,0,0,3,100.0,0,3,0,3,0.0,0,0,5,2,0,0
Luca Koleosho,1216282,Espanyol,2814,spain,2122,1,1,0,0.0,0,0,0,,,0,0,0.0,1,0,0.0,1,0,1,100.0,0,0.0,1,0,0,0,,0,0,0,0,0,0,0,0,0,0,3,0,0,2,0,0.0,,0,0,0,0,0,,0,0.0,0,0,0,0,0,0,0,0,,0,0,0,0,0.0,0,0,0,0,0,0,0,0,0,0,0,0,0,0,0,0.0,0.0,0,0,0,0,0,0,0.0,0,0,0,0.0,0,0,0,0,0,0.0,0,1,0,1,0.0,0,0,2,0,0,0
Raúl García de Haro,997280,Real Betis,2816,spain,2122,1,1,0,0.0,0,0,0,,,0,0,0.0,0,0,0.0,0,0,0,0.0,0,0.0,0,0,0,0,,0,0,0,0,0,0,0,0,0,0,0,0,0,0,0,0.0,,0,0,0,0,0,,0,0.0,0,0,0,1,0,0,0,0,,0,0,0,0,0.0,0,0,0,0,1,0,0,0,0,0,0,0,0,0,0,0.0,0.0,0,0,0,0,0,0,0.0,0,0,0,0.0,0,0,0,0,0,0.0,0,1,0,1,0.0,0,0,1,0,0,0
Mika Mármol,979146,Barcelona,2817,spain,2122,1,1,0,0.0,0,0,0,,,0,0,0.0,0,0,0.0,1,3,4,80.0,0,0.0,0,0,0,0,,0,0,0,0,0,0,0,0,0,0,0,0,0,0,0,0.0,,0,0,0,0,0,,0,0.0,0,0,0,1,0,0,0,0,,0,0,0,0,0.0,0,0,0,0,1,0,0,0,0,0,0,0,0,0,0,0.0,0.0,0,0,0,0,0,0,0.0,0,0,0,0.0,0,0,0,0,0,0.0,0,2,3,5,0.0,0,0,5,0,0,0
Hugo Sotelo,1120669,Celta Vigo,2821,spain,2122,1,1,0,0.0,0,0,0,,,0,0,0.0,0,0,0.0,0,1,1,100.0,0,0.0,0,0,0,0,,0,0,0,0,0,0,0,0,0,0,0,0,0,0,0,0.0,,1,0,1,0,0,,0,0.0,0,0,0,0,0,0,0,0,,0,0,0,0,0.0,0,0,0,0,0,0,0,0,0,0,0,0,0,0,0,0.0,0.0,0,0,0,0,0,0,0.0,0,0,0,0.0,0,0,0,0,0,0.0,0,0,1,1,0.0,0,0,1,0,0,0
Nikita Iosifov,1046461,Villarreal,2819,spain,2122,1,1,0,0.0,0,0,0,,,0,0,0.0,2,0,0.0,2,0,2,100.0,0,0.0,0,0,0,0,,0,0,0,0,0,0,0,0,0,0,0,0,0,0,0,0.0,,0,0,0,0,0,,1,100.0,0,0,0,0,0,0,0,0,,0,0,0,0,0.0,0,0,0,0,2,0,0,0,0,0,0,0,0,0,0,0.0,0.0,0,0,0,0,0,1,100.0,0,0,0,0.0,0,0,1,2,1,100.0,0,4,0,2,0.0,0,0,5,0,0,0
Victor Gómez,877918,Espanyol,2814,spain,2122,3,1,0,0.0,0,0,0,,,0,0,0.0,0,0,0.0,0,1,1,100.0,0,0.0,0,0,0,0,,0,0,0,0,0,0,0,0,0,0,0,0,0,0,0,0.0,,0,0,0,0,0,,0,0.0,0,0,0,0,0,0,0,0,,0,0,0,0,0.0,0,0,0,0,1,0,0,0,0,0,0,0,0,0,0,0.0,0.0,0,0,0,0,0,0,0.0,0,0,0,0.0,0,0,0,0,0,0.0,0,0,1,1,0.0,0,0,3,0,0,0
Adrián Butzke,991292,Granada,33779,spain,2122,1,1,0,0.0,0,0,0,,,0,0,0.0,0,0,0.0,0,0,0,0.0,0,0.0,0,0,0,0,,0,0,0,0,0,0,0,0,0,0,0,0,0,0,0,0.0,,0,0,0,0,0,,0,0.0,0,0,0,1,0,0,0,0,,0,0,0,0,0.0,0,0,0,0,1,0,0,0,0,0,0,0,0,0,0,0.0,0.0,0,0,0,0,0,0,0.0,0,0,0,0.0,0,0,0,0,0,0.0,0,0,1,1,0.0,0,0,1,0,0,0
Valentino Fattore,910105,Sevilla,2833,spain,2122,1,1,0,0.0,0,0,0,,,0,0,0.0,0,0,0.0,0,0,0,0.0,0,0.0,0,0,0,0,,0,0,0,0,0,0,0,0,1,0,1,0,0,0,0,0.0,,0,0,0,0,0,,0,0.0,0,0,0,0,0,0,0,0,,0,0,0,0,0.0,0,0,0,0,1,0,0,0,0,0,0,0,0,0,0,0.0,0.0,0,0,0,0,0,0,0.0,0,0,0,0.0,0,0,0,0,0,0.0,0,0,0,0,0.0,0,0,2,0,0,0
Peru Nolaskoain,910975,Athletic Club,2825,spain,2122,1,1,0,0.0,0,0,0,,,0,0,0.0,0,0,0.0,0,2,2,100.0,0,0.0,0,0,0,0,,0,0,0,0,0,0,0,0,0,0,1,0,0,1,0,0.0,,0,0,0,0,0,,0,0.0,0,0,0,0,0,0,0,0,,0,0,0,0,0.0,0,0,0,0,0,0,0,0,0,0,0,0,0,0,0,0.0,0.0,0,0,0,0,0,0,0.0,0,0,0,0.0,0,0,0,0,0,0.0,0,0,2,2,0.0,0,0,2,0,0,0
Jaume Grau,838633,Osasuna,2820,spain,2122,2,1,0,0.0,0,0,0,,,0,0,0.0,0,0,0.0,1,1,2,50.0,0,0.0,1,0,0,0,,0,0,0,0,0,0,0,0,0,1,2,0,0,0,0,0.0,,0,0,0,0,0,,1,50.0,0,0,0,2,0,0,0,0,,0,0,0,0,0.0,0,0,0,0,2,0,0,0,0,0,0,0,0,0,0,0.0,0.0,0,0,0,0,0,0,0.0,0,1,1,100.0,0,0,0,0,1,33.33,0,2,2,4,0.0,0,0,5,0,0,0
