player,player_id,team,team_id,data_country,data_season,minutesPlayed,appearances,matchesStarted,rating,goals,assists,goalsAssistsSum,expectedGoals,expectedAssists,accurateChippedPasses,accurateCrosses,accurateCrossesPercentage,accurateFinalThirdPasses,accurateLongBalls,accurateLongBallsPercentage,accurateOppositionHalfPasses,accurateOwnHalfPasses,accuratePasses,accuratePassesPercentage,aerialDuelsWon,aerialDuelsWonPercentage,aerialLost,attemptPenaltyMiss,attemptPenaltyPost,attemptPenaltyTarget,ballRecovery,bigChancesCreated,bigChancesMissed,blockedShots,cleanSheet,clearances,countRating,crossesNotClaimed,directRedCards,dispossessed,download_date,dribbledPast,duelLost,errorLeadToGoal,errorLeadToShot,fouls,freeKickGoal,goalConversionPercentage,goalKicks,goalsConceded,goalsConcededInsideTheBox,goalsConcededOutsideTheBox,goalsFromInsideTheBox,goalsFromOutsideTheBox,goalsPrevented,groundDuelsWon,groundDuelsWonPercentage,headedGoals,highClaims,hitWoodwork,inaccuratePasses,interceptions,keyPasses,leftFootGoals,offsides,outfielderBlocks,ownGoals,passToAssist,penaltiesTaken,penaltyConceded,penaltyConversion,penaltyFaced,penaltyGoals,penaltySave,penaltyWon,possessionLost,possessionWonAttThird,punches,redCards,rightFootGoals,runsOut,savedShotsFromInsideTheBox,savedShotsFromOutsideTheBox,saves,savesCaught,savesParried,scoringFrequency,setPieceConversion,shotFromSetPiece,shotsFromInsideTheBox,shotsFromOutsideTheBox,shotsOffTarget,shotsOnTarget,successfulDribbles,successfulDribblesPercentage,successfulRunsOut,tackles,tacklesWon,tacklesWonPercentage,totalAttemptAssist,totalChippedPasses,totalContest,totalCross,totalDuelsWon,totalDuelsWonPercentage,totalLongBalls,totalOppositionHalfPasses,totalOwnHalfPasses,totalPasses,totalRating,totalShots,totwAppearances,touches,wasFouled,yellowCards,yellowRedCards
Bachir Gueye,2266453,Antalyaspor,3056,turkey,2526,90,2,1,7.75,2,0,2,0.33,0.01,0,0,0.0,2,0,0.0,2,6,8,57.14,0,0.0,4,0,0,0,1,0,1,0,0,1,2,0,0,2,20260326,0,11,0,0,4,0,66.67,0,2,2,0,1,1,,6,46.15,0,0,0,6,0,0,2,0,0.0,0,0,0,0,0.0,0,0,0,0,13,0,0,0,0,0,0,0,0,0,0,45.0,0.0,0,2,1,0,3,1,50.0,0,2,1,50.0,0,0,2,1,6,35.29,0,6,8,14,15.5,3,1,32,3,1,0
Orkun Kökçü,907461,Beşiktaş JK,3050,turkey,2526,1950,23,23,7.56,6,6,12,5.04,6.58,63,37,33.64,461,55,60.44,712,297,1009,85.73,8,34.78,15,0,0,0,97,11,1,26,5,16,23,0,2,23,20260326,10,77,0,0,20,1,8.7,0,21,17,4,4,2,,79,56.03,0,0,4,168,8,73,1,0,3.0,0,2,1,0,100.0,0,1,0,1,311,20,0,2,5,0,0,0,0,0,0,325.0,8.33,12,25,44,17,26,15,62.5,0,26,14,53.85,71,110,24,110,87,53.05,91,860,317,1177,173.9,69,9,1599,38,5,0
Tarık Çetin,913985,Fenerbahçe,3052,turkey,2526,180,2,2,7.45,0,0,0,,0.0,3,0,0.0,1,8,33.33,6,36,42,71.19,1,100.0,0,0,0,0,9,0,0,0,1,2,2,0,0,0,20260326,0,0,0,0,0,0,0.0,10,1,1,0,0,0,0.95,1,100.0,0,1,0,17,0,0,0,0,0.0,0,0,0,0,0.0,0,0,0,0,17,0,1,0,0,0,7,2,9,0,5,0.0,0.0,0,0,0,0,0,0,0.0,0,0,0,0.0,0,5,0,0,2,100.0,24,18,41,59,14.9,0,0,79,1,1,0
Mattéo Guendouzi,852404,Fenerbahçe,3052,turkey,2526,893,10,10,7.43,1,1,2,0.44,1.08,21,3,25.0,146,37,78.72,318,274,592,91.93,6,37.5,10,0,0,0,63,1,0,3,1,18,10,0,0,5,20260326,6,32,0,0,8,0,12.5,0,14,14,0,1,0,,45,67.16,0,0,1,52,10,12,0,0,5.0,0,0,0,0,0.0,0,0,0,0,78,3,0,0,1,0,0,0,0,0,0,893.0,0.0,1,4,4,4,1,8,72.73,0,9,7,77.78,12,25,11,12,51,61.45,47,358,286,644,74.3,8,3,791,28,3,0
Deniz Dilmen,1065508,Başakşehir FK,3086,turkey,2526,90,1,1,7.4,0,0,0,,0.0,1,0,0.0,0,3,23.08,2,22,24,70.59,0,0.0,0,0,0,0,7,0,0,0,1,0,1,0,0,0,20260326,0,0,0,0,0,0,0.0,7,0,0,0,0,0,0.08,0,0.0,0,0,0,10,0,0,0,0,0.0,0,0,0,0,0.0,0,0,0,0,10,0,0,0,0,0,0,1,1,0,0,0.0,0.0,0,0,0,0,0,0,0.0,0,0,0,0.0,0,2,0,0,0,0.0,13,10,24,34,7.4,0,0,37,0,0,0
Adamo Nagalo,1108094,Konyaspor,3085,turkey,2526,336,5,3,7.38,0,0,0,0.09,0.1,5,0,0.0,21,15,53.57,72,142,214,91.85,5,71.43,2,0,0,0,15,0,0,2,1,18,5,0,0,0,20260326,1,4,0,0,2,0,0.0,0,3,3,0,0,0,,14,87.5,0,0,0,19,3,3,0,1,2.0,0,0,0,0,0.0,0,0,0,0,20,0,0,0,0,0,0,0,0,0,0,0.0,0.0,0,2,1,1,0,3,100.0,0,4,3,75.0,3,13,3,0,19,82.61,28,86,147,233,36.9,3,1,279,7,1,0
Marco Asensio,361004,Fenerbahçe,3052,turkey,2526,1852,23,21,7.36,11,12,23,6.09,4.34,27,20,16.13,321,26,60.47,517,177,694,86.64,3,75.0,1,0,0,0,97,12,6,24,2,7,23,0,0,18,20260326,11,54,0,0,13,0,16.67,0,22,19,3,8,3,,37,41.11,0,0,4,107,9,50,9,0,1.0,0,0,0,1,0.0,0,0,0,0,274,20,0,0,2,0,0,0,0,0,0,168.36,0.0,3,28,38,17,25,17,58.62,0,14,9,64.29,50,43,29,124,40,42.55,43,610,191,801,169.2,66,6,1169,6,2,0
Chibuike Nwaiwu,1481134,Trabzonspor,3051,turkey,2526,770,10,9,7.36,2,1,3,1.39,0.41,10,1,100.0,37,25,58.14,169,389,558,91.63,15,41.67,21,0,0,0,61,1,1,2,3,21,9,0,0,1,20260326,8,44,1,1,13,0,18.18,0,8,8,0,2,0,,41,64.06,2,0,0,51,19,5,0,0,10.0,0,0,0,0,0.0,0,0,0,0,66,1,0,0,0,0,0,0,0,0,0,385.0,0.0,0,11,0,5,4,3,75.0,0,24,12,50.0,5,27,4,1,56,56.0,43,200,409,609,66.2,11,1,759,14,0,0
Hyeon-gyu Oh,1010634,Beşiktaş JK,3050,turkey,2526,623,7,7,7.3,4,1,5,1.73,0.5,5,1,33.33,29,1,25.0,46,31,77,74.04,15,38.46,24,0,0,0,12,2,2,6,1,7,7,0,0,4,20260326,3,43,0,0,12,0,22.22,0,5,4,1,4,0,,22,53.66,0,0,0,27,2,6,0,7,0.0,0,0,0,0,0.0,0,0,0,1,53,6,0,0,4,0,0,0,0,0,0,155.75,0.0,0,15,3,5,7,3,60.0,0,2,1,50.0,6,9,5,3,37,46.25,4,66,38,104,51.1,18,2,195,17,1,0
Emersonn,1128844,Göztepe,3054,turkey,2526,124,3,1,7.3,1,0,1,0.28,0.04,1,0,0.0,11,0,0.0,14,3,17,62.96,14,63.64,8,0,0,0,3,0,0,0,0,2,3,0,0,1,20260326,1,21,0,0,7,0,33.33,0,0,0,0,1,0,,12,48.0,0,0,0,10,0,1,1,0,0.0,0,0,0,0,0.0,0,0,0,0,26,2,0,0,0,0,0,0,0,0,0,124.0,0.0,0,3,0,1,2,3,42.86,0,4,4,100.0,1,1,7,2,26,55.32,1,24,3,27,21.9,3,0,65,5,0,0
Muhammed Şengezer,827418,Başakşehir FK,3086,turkey,2526,2340,26,26,7.3,0,1,1,,0.58,60,0,0.0,33,170,36.8,104,606,710,70.37,12,100.0,0,0,0,0,213,2,0,0,8,21,26,3,0,0,20260326,1,1,1,0,0,0,0.0,132,30,24,6,0,0,3.71,5,83.33,0,20,0,299,0,2,0,0,0.0,0,0,0,0,0.0,3,0,0,0,301,0,6,0,0,17,56,30,87,2,22,0.0,0.0,0,0,0,0,0,0,0.0,16,2,0,0.0,2,113,0,0,17,94.44,462,358,651,1009,189.8,0,4,1249,7,0,0
Majid Hosseini,359332,Kayserispor,3072,turkey,2526,270,3,3,7.3,0,0,0,,0.01,7,0,0.0,10,10,62.5,30,85,115,89.84,10,71.43,4,0,0,0,16,0,0,0,0,16,3,0,0,0,20260326,3,8,0,0,2,0,0.0,4,7,7,0,0,0,,10,71.43,0,0,0,13,10,0,0,0,6.0,0,0,0,0,0.0,0,0,0,0,13,0,0,0,0,0,0,0,0,0,0,0.0,0.0,0,0,0,0,0,2,100.0,0,7,4,57.14,0,11,2,0,20,71.43,16,39,89,128,21.9,0,1,173,1,1,0
Paul Onuachu,295123,Trabzonspor,3051,turkey,2526,2059,24,23,7.26,21,2,23,15.75,1.34,20,0,0.0,79,24,70.59,178,131,309,73.75,97,63.82,55,0,0,1,39,3,17,12,5,47,24,0,0,47,20260326,6,165,0,0,53,0,29.58,0,18,15,3,20,1,,57,34.13,8,0,2,110,1,18,0,21,2.0,0,0,7,0,85.71,0,6,0,2,244,11,0,0,13,0,0,0,0,0,0,98.05,0.0,1,66,5,20,39,17,50.0,0,4,2,50.0,18,27,34,1,154,48.28,34,257,162,419,174.3,71,6,784,39,5,0
Oleksandr Zubkov,353282,Trabzonspor,3051,turkey,2526,1767,24,20,7.25,3,6,9,3.38,5.81,46,41,29.08,236,48,57.83,334,196,530,78.99,5,41.67,7,0,0,0,70,13,2,21,0,1,24,0,0,21,20260326,20,95,0,0,23,0,5.0,0,18,16,2,2,1,,80,47.62,0,0,3,141,7,60,3,4,1.0,0,0,0,0,0.0,0,0,0,1,333,13,0,0,0,0,0,0,0,0,0,589.0,0.0,4,25,35,24,15,35,58.33,0,25,16,64.0,60,89,60,141,85,47.22,83,457,214,671,174.1,60,5,1116,21,1,0
Çağlar Söyüncü,758608,Fenerbahçe,3052,turkey,2526,457,6,6,7.25,0,1,1,0.16,0.22,10,1,50.0,14,13,56.52,91,204,295,89.12,18,85.71,3,0,0,0,15,0,0,0,0,18,6,0,0,1,20260326,0,10,0,0,6,0,0.0,2,5,4,1,0,0,,19,73.08,0,0,0,36,3,2,0,0,4.0,0,0,0,0,0.0,0,0,0,0,40,0,0,0,0,0,0,0,0,0,0,0.0,0.0,0,2,0,2,0,0,0.0,0,13,8,61.54,2,22,0,2,37,78.72,23,115,216,331,43.5,2,0,391,6,0,0
Leroy Sané,293519,Galatasaray,3061,turkey,2526,1736,21,20,7.25,6,4,10,5.63,5.28,14,14,24.14,267,20,57.14,464,212,676,85.25,5,41.67,7,0,0,0,98,12,6,9,5,2,21,0,1,32,20260326,15,111,0,1,21,0,14.29,0,15,15,0,4,2,,93,47.21,0,0,0,117,9,35,4,1,0.0,0,0,0,0,0.0,0,0,0,0,308,14,0,1,2,0,0,0,0,0,0,289.33,0.0,2,23,19,22,11,53,58.89,0,30,16,53.33,35,25,90,58,98,46.89,35,566,227,793,152.2,42,3,1197,10,1,0
Ricardo Velho,845792,Gençlerbirliği,7802,turkey,2526,1440,16,16,7.24,0,0,0,,0.03,30,0,0.0,26,108,33.96,72,190,262,55.51,6,100.0,0,0,0,0,124,0,0,0,4,22,16,1,0,0,20260326,0,0,0,0,0,0,0.0,137,21,20,1,0,0,7.21,6,100.0,0,9,0,210,0,1,0,0,0.0,0,0,0,0,0.0,2,0,0,0,215,0,11,0,0,7,49,10,61,0,15,0.0,0.0,0,0,0,0,0,1,100.0,7,0,0,0.0,1,54,1,0,12,100.0,318,247,225,472,115.8,0,1,641,5,0,0
Gabriel Sara,913593,Galatasaray,3061,turkey,2526,1656,24,19,7.23,5,2,7,2.23,5.52,25,45,37.5,301,35,60.34,541,271,812,86.94,17,45.95,20,0,0,0,67,6,1,6,5,15,24,0,0,17,20260326,14,89,0,0,19,0,15.63,0,13,13,0,4,1,,59,46.09,1,0,2,122,15,51,1,2,4.0,0,1,0,0,0.0,0,0,0,0,259,12,0,0,3,0,0,0,0,0,0,331.2,0.0,3,9,23,15,11,16,45.71,0,27,15,55.56,50,51,35,120,76,46.06,58,639,295,934,173.6,32,4,1302,16,1,0
Arseniy Batagov,981395,Trabzonspor,3051,turkey,2526,2115,24,24,7.23,0,2,2,1.05,0.64,77,0,0.0,159,136,64.76,484,867,1351,89.23,26,44.07,33,0,0,0,99,2,2,2,7,114,24,0,0,3,20260326,7,59,1,0,14,0,0.0,35,28,26,2,0,0,,66,71.74,0,0,0,163,32,14,0,0,18.0,0,0,0,0,0.0,0,0,0,0,189,2,0,0,0,0,0,0,0,0,0,0.0,0.0,0,9,0,4,3,8,72.73,0,47,33,70.21,14,143,11,5,92,60.93,210,601,913,1514,173.6,9,4,1843,11,1,0
Rafa Silva,252577,Beşiktaş JK,3050,turkey,2526,820,10,10,7.23,5,1,6,4.49,1.52,7,0,0.0,100,10,62.5,165,52,217,80.67,1,20.0,4,0,0,0,35,3,5,7,1,0,10,0,0,9,20260326,3,34,0,0,8,0,20.83,0,13,13,0,4,1,,44,59.46,0,0,1,52,3,15,0,3,1.0,0,0,0,0,0.0,0,0,0,0,91,5,0,0,5,0,0,0,0,0,0,164.0,0.0,0,19,5,4,13,17,60.71,0,9,5,55.56,15,10,28,7,45,56.96,16,203,66,269,72.3,24,1,401,18,0,0
Abdülkerim Bardakcı,178963,Galatasaray,3061,turkey,2526,2022,24,24,7.23,0,1,1,1.0,1.05,66,6,28.57,165,74,56.49,516,789,1305,90.12,47,54.02,40,0,0,0,82,4,1,2,7,77,24,0,0,6,20260326,11,70,0,2,13,0,0.0,35,14,14,0,0,0,,60,66.67,0,0,1,143,24,11,0,2,15.0,0,0,0,0,0.0,0,0,0,0,185,2,0,0,0,0,0,0,0,0,0,0.0,0.0,0,11,4,11,2,7,70.0,0,37,22,59.46,11,128,10,21,107,60.45,131,630,818,1448,173.4,15,2,1732,16,4,0
Milan Škriniar,187205,Fenerbahçe,3052,turkey,2526,1800,20,20,7.22,2,0,2,0.96,0.35,24,0,0.0,138,50,53.76,457,831,1288,93.33,57,63.33,33,0,0,0,98,0,0,2,8,102,20,0,0,3,20260326,8,69,0,0,25,0,13.33,18,18,14,4,2,0,,60,62.5,2,0,0,92,13,1,0,1,10.0,0,0,0,0,0.0,0,0,0,0,108,2,0,0,0,0,0,0,0,0,0,900.0,0.0,0,13,2,9,4,2,50.0,0,36,18,50.0,1,51,4,2,117,62.9,93,520,860,1380,144.4,15,3,1642,24,6,0
Yunus Akgün,857738,Galatasaray,3061,turkey,2526,1396,22,18,7.22,5,8,13,4.29,4.72,10,7,26.92,225,13,59.09,382,141,523,87.17,3,42.86,4,0,0,0,60,9,6,4,3,4,21,0,0,20,20260326,14,67,0,0,6,0,18.52,0,7,7,0,5,0,,46,42.2,2,0,0,77,8,35,2,1,0.0,0,0,0,0,0.0,0,0,0,0,173,18,0,0,1,0,0,0,0,0,0,279.2,0.0,0,23,4,14,9,19,44.19,0,14,9,64.29,35,19,43,26,49,42.24,22,450,150,600,151.6,27,4,824,13,0,0
Stefan Savić,76265,Trabzonspor,3051,turkey,2526,1487,19,17,7.21,1,1,2,0.79,1.19,39,1,50.0,85,52,48.6,323,567,890,89.36,32,61.54,20,0,0,0,44,2,0,1,7,90,18,0,0,1,20260326,6,35,1,0,8,0,20.0,0,12,11,1,1,0,,26,63.41,1,0,0,106,13,4,0,0,9.0,0,1,0,0,0.0,0,0,0,0,112,2,0,0,0,0,0,0,0,0,0,1487.0,0.0,0,5,0,2,2,2,66.67,0,15,7,46.67,3,72,3,2,58,62.37,107,395,601,996,129.7,5,2,1176,10,3,0
Jankat Yılmaz,1210422,Eyüpspor,7040,turkey,2526,810,9,9,7.2,0,0,0,,0.03,25,0,0.0,12,63,36.21,29,192,221,65.38,7,77.78,2,0,0,0,80,1,0,0,2,18,9,4,0,0,20260326,1,3,3,0,1,0,0.0,43,13,12,1,0,0,1.28,1,50.0,0,11,0,117,0,2,0,0,0.0,0,0,0,0,0.0,2,0,1,0,121,0,13,0,0,5,17,17,34,0,10,0.0,0.0,0,0,0,0,0,0,0.0,5,0,0,0.0,2,39,0,0,8,72.73,174,118,220,338,64.8,0,1,455,2,2,0
Ivo Grbić,283847,Fatih Karagümrük,4954,turkey,2526,2430,27,27,7.2,0,0,0,,0.03,58,0,0.0,18,135,40.66,80,619,699,77.24,10,90.91,1,0,0,0,241,0,0,0,4,47,27,0,0,0,20260326,1,2,0,1,0,0,0.0,204,47,44,3,0,0,1.51,6,85.71,0,12,0,206,1,1,0,0,0.0,0,0,0,0,0.0,4,0,1,0,214,0,20,0,0,28,66,32,99,0,22,0.0,0.0,0,0,0,0,0,0,0.0,26,4,4,100.0,1,93,0,0,16,88.89,332,243,662,905,194.3,0,1,1233,5,3,0
Marcos Felipe,358524,Eyüpspor,7040,turkey,2526,1530,17,17,7.19,0,0,0,,0.05,70,0,0.0,16,142,45.95,60,387,447,71.98,5,100.0,0,0,0,0,118,0,0,0,3,26,17,0,0,0,20260326,1,1,1,5,0,0,0.0,79,21,19,2,0,0,3.02,2,66.67,0,14,0,174,0,2,0,0,0.0,0,0,0,0,0.0,4,0,0,0,180,0,10,0,0,13,35,20,56,0,21,0.0,0.0,0,0,0,0,0,0,0.0,12,0,0,0.0,2,110,0,0,7,87.5,309,183,438,621,122.3,0,2,804,4,0,0
Uğurcan Çakır,754330,Galatasaray,3061,turkey,2526,2070,23,23,7.18,0,0,0,,0.1,53,0,0.0,40,154,44.25,85,587,672,76.98,11,100.0,0,0,0,0,166,0,0,0,10,35,23,0,0,0,20260326,1,1,0,3,0,0,0.0,114,15,15,0,0,0,7.71,6,85.71,0,11,0,201,0,1,0,0,0.0,0,0,0,0,0.0,0,0,0,0,204,0,17,0,0,16,36,28,65,2,17,0.0,0.0,0,0,0,0,0,1,100.0,16,0,0,0.0,1,88,1,0,17,94.44,348,251,622,873,165.1,0,2,1108,10,2,0
Florent Hadergjonaj,354860,Alanyaspor,6362,turkey,2526,1672,23,19,7.17,5,7,12,2.08,3.24,43,43,29.05,203,51,46.36,336,242,578,77.58,14,63.64,8,0,0,0,44,8,0,4,4,31,23,0,0,5,20260326,9,36,0,1,9,0,31.25,0,24,23,1,4,1,,38,57.58,0,0,1,167,7,30,0,1,2.0,0,0,2,0,100.0,0,2,0,0,320,2,0,0,5,0,0,0,0,0,0,334.4,0.0,1,8,8,3,9,9,60.0,0,16,10,62.5,30,88,15,148,52,59.09,110,465,280,745,164.9,16,3,1210,14,3,0
Alexandru Maxim,180511,Gaziantep FK,5138,turkey,2526,2085,26,25,7.17,5,7,12,5.13,5.72,95,37,28.03,296,141,73.82,509,487,996,86.84,9,32.14,19,0,0,0,87,8,2,10,2,7,26,0,0,23,20260326,17,94,1,1,28,0,14.29,0,39,33,6,4,1,,77,50.66,0,0,0,151,11,76,0,2,2.0,0,0,4,1,100.0,0,4,0,0,318,9,0,0,5,0,0,0,0,0,0,417.0,0.0,6,15,20,15,10,14,58.33,0,22,15,68.18,76,140,24,132,86,47.78,191,616,531,1147,186.4,35,3,1550,41,6,0
Rick Van Drongelen,803023,Samsunspor,3053,turkey,2526,2160,24,24,7.16,2,0,2,1.66,0.74,72,2,20.0,194,122,55.96,491,791,1282,87.21,67,56.3,52,0,0,0,98,0,3,3,8,162,24,0,0,3,20260326,7,93,0,2,36,0,12.5,6,29,26,3,2,0,,50,54.95,0,0,2,188,23,7,2,0,17.0,0,0,0,0,0.0,0,0,0,0,221,2,0,0,0,0,0,0,0,0,0,1080.0,0.0,0,14,2,10,3,6,85.71,0,36,28,77.78,7,135,7,10,117,55.71,218,624,846,1470,171.8,16,3,1857,8,4,0
Güray Vural,43559,Antalyaspor,3056,turkey,2526,277,4,3,7.15,2,0,2,1.35,0.78,2,3,21.43,14,8,61.54,33,41,74,72.55,6,42.86,8,0,0,0,9,2,1,1,0,3,4,0,0,3,20260326,3,21,0,0,5,0,22.22,0,2,2,0,1,1,,7,35.0,0,0,0,28,0,7,2,1,0.0,0,0,0,0,0.0,0,0,0,0,48,1,0,0,0,0,0,0,0,0,0,138.5,0.0,0,6,3,4,4,1,33.33,0,4,2,50.0,7,4,3,14,13,38.24,13,57,45,102,28.6,9,1,157,2,1,0
Noa Lang,875136,Galatasaray,3061,turkey,2526,427,6,5,7.15,0,2,2,0.74,1.62,7,7,20.59,95,10,58.82,143,56,199,83.61,2,100.0,0,0,0,0,15,5,0,4,1,1,6,0,0,5,20260326,2,17,0,1,4,0,0.0,0,3,3,0,0,0,,15,46.88,0,0,1,39,1,11,0,1,0.0,0,1,0,0,0.0,0,0,0,0,90,1,0,0,0,0,0,0,0,0,0,0.0,0.0,0,6,5,4,3,10,58.82,0,2,1,50.0,10,14,17,34,17,50.0,17,177,61,238,42.9,11,0,332,3,1,0
Ernest Muçi,924670,Trabzonspor,3051,turkey,2526,1668,24,19,7.15,10,3,13,7.34,4.14,9,27,26.73,200,21,61.76,379,184,563,86.09,5,55.56,4,0,0,0,58,6,5,15,2,6,24,0,0,25,20260326,12,70,0,1,9,1,14.71,0,25,22,3,6,4,,52,44.07,0,0,1,91,8,43,2,3,1.0,0,2,2,0,100.0,0,2,0,1,273,11,0,0,8,0,0,0,0,0,0,166.8,11.11,9,35,33,28,25,23,52.27,0,17,10,58.82,41,24,44,101,57,44.88,34,451,203,654,171.5,68,3,1058,12,3,0
Julián Cuesta,217110,Antalyaspor,3056,turkey,2526,1440,16,16,7.14,0,0,0,,0.01,46,0,0.0,10,126,40.0,54,263,317,62.16,7,77.78,2,0,0,0,137,0,0,0,2,16,16,1,0,0,20260326,2,5,2,2,0,0,0.0,127,26,24,2,0,0,0.81,3,50.0,0,19,0,193,0,0,0,0,0.0,0,0,0,0,0.0,6,0,1,0,199,0,8,0,0,12,38,23,62,1,8,0.0,0.0,0,0,0,0,0,1,50.0,12,1,1,100.0,0,106,2,0,10,66.67,315,182,328,510,114.3,0,1,685,3,4,0
Davinson Sánchez,566102,Galatasaray,3061,turkey,2526,1794,23,22,7.14,1,0,1,0.98,0.73,24,2,100.0,138,71,53.79,490,752,1242,90.46,40,59.7,27,0,0,0,79,1,1,3,7,97,23,0,1,3,20260326,16,80,0,1,30,0,8.33,15,13,13,0,1,0,,66,55.46,1,0,0,131,16,9,0,1,16.0,0,0,0,0,0.0,0,0,0,0,164,4,0,1,0,0,0,0,0,0,0,1794.0,0.0,0,12,0,6,3,8,61.54,0,36,23,63.89,9,61,13,2,106,56.99,132,579,794,1373,164.2,12,4,1693,23,4,0
Christ Inao Oulaï,1888002,Trabzonspor,3051,turkey,2526,1638,19,19,7.14,2,4,6,0.98,2.08,50,10,41.67,221,58,82.86,495,411,906,91.89,6,50.0,6,0,0,0,100,3,0,5,4,7,19,0,0,23,20260326,20,97,1,0,31,0,9.52,0,21,20,1,2,0,,114,55.61,0,0,1,80,17,32,1,0,1.0,0,0,0,0,0.0,0,0,0,0,179,11,0,0,1,0,0,0,0,0,0,819.0,0.0,0,5,16,10,6,38,66.67,0,39,23,58.97,32,63,57,24,120,55.3,70,549,437,986,135.6,21,1,1301,37,8,0
Bilal Bayazit,825850,Kayserispor,3072,turkey,2526,1980,22,22,7.14,0,0,0,,0.06,51,0,0.0,17,170,39.91,99,367,466,64.28,1,50.0,1,0,0,0,159,0,0,0,6,14,22,1,0,0,20260326,0,3,3,0,2,0,0.0,158,36,32,4,0,0,-0.01,4,66.67,0,14,0,259,0,0,0,0,0.0,1,0,0,2,0.0,6,0,0,0,260,0,8,0,0,6,59,25,85,0,13,0.0,0.0,0,0,0,0,0,1,100.0,5,1,1,100.0,0,91,1,0,5,62.5,426,292,433,725,157.0,0,2,926,2,5,0
Barış Alper Yılmaz,904096,Galatasaray,3061,turkey,2526,1735,23,20,7.13,6,9,15,7.06,3.98,13,26,30.95,192,15,53.57,290,111,401,79.88,30,55.56,24,0,0,0,63,9,1,10,2,6,23,0,0,30,20260326,14,134,0,1,35,0,12.0,0,16,16,0,6,0,,99,47.37,1,0,5,101,3,45,0,4,0.0,0,0,2,0,100.0,0,2,0,1,281,9,0,0,5,0,0,0,0,0,0,289.17,0.0,0,41,9,19,21,39,53.42,0,18,11,61.11,45,26,73,84,129,49.05,28,372,130,502,164.1,50,4,917,42,4,0
André Onana,787498,Trabzonspor,3051,turkey,2526,2070,23,23,7.13,0,1,1,,0.06,63,0,0.0,26,145,45.31,87,522,609,76.7,4,100.0,0,0,0,0,155,1,0,0,6,9,23,1,0,0,20260326,1,1,0,2,0,0,0.0,155,28,25,3,0,0,1.89,5,83.33,0,16,0,185,0,2,0,0,0.0,0,0,0,0,0.0,1,0,0,0,190,0,1,0,0,8,44,23,67,0,8,0.0,0.0,0,0,0,0,0,3,100.0,7,0,0,0.0,2,120,3,1,9,90.0,320,230,564,794,164.1,0,3,974,2,2,0
Gabriel Paulista,124737,Beşiktaş JK,3050,turkey,2526,865,10,10,7.13,0,1,1,0.39,0.12,22,0,0.0,33,41,56.16,151,263,414,85.36,28,73.68,10,0,0,0,34,1,0,0,1,61,10,0,0,0,20260326,5,19,0,1,3,0,0.0,1,14,12,2,0,0,,15,62.5,0,0,0,71,7,2,0,0,7.0,0,0,0,0,0.0,0,0,0,0,82,0,0,0,0,0,0,0,0,0,0,0.0,0.0,0,7,1,6,2,1,50.0,0,8,7,87.5,2,39,2,0,43,69.35,73,188,297,485,71.3,8,2,607,6,1,0
Eldor Shomurodov,791355,Başakşehir FK,3086,turkey,2526,2345,27,27,7.13,16,4,20,11.27,2.63,16,4,26.67,213,23,65.71,332,130,462,76.11,28,33.33,56,0,0,0,62,5,11,14,6,9,27,0,0,27,20260326,18,147,0,1,18,0,20.25,0,28,22,6,13,3,,61,40.13,2,0,2,145,2,33,4,6,5.0,0,1,2,1,100.0,0,2,0,0,281,15,0,0,10,0,0,0,0,0,0,146.56,0.0,0,65,14,26,39,25,45.45,0,21,12,57.14,32,32,55,15,89,37.71,35,452,155,607,192.5,79,4,956,16,0,0
İlkay Gündoğan,45853,Galatasaray,3061,turkey,2526,1012,17,11,7.13,2,3,5,2.1,1.98,22,5,33.33,155,37,86.05,386,346,732,93.73,6,75.0,2,0,0,0,53,4,1,3,1,7,17,0,0,1,20260326,10,28,0,1,12,0,20.0,0,8,8,0,2,0,,37,58.73,0,0,0,49,10,21,1,0,4.0,0,1,0,0,0.0,0,0,0,0,81,8,0,0,1,0,0,0,0,0,0,506.0,0.0,0,7,3,5,2,6,60.0,0,21,13,61.9,20,28,10,15,43,60.56,43,420,361,781,121.2,10,2,912,10,1,0
Lucas Torreira,754794,Galatasaray,3061,turkey,2526,1781,23,22,7.13,2,4,6,0.92,1.37,58,1,20.0,265,80,67.23,658,480,1138,91.11,3,33.33,6,0,0,0,98,2,1,1,4,25,23,0,0,3,20260326,21,56,0,1,26,0,10.0,0,13,13,0,1,1,,62,55.36,0,0,1,111,14,21,0,2,4.0,0,0,0,0,0.0,0,0,0,0,134,12,0,0,2,0,0,0,0,0,0,890.5,0.0,0,6,14,12,7,4,57.14,0,42,25,59.52,21,81,7,5,65,53.72,119,745,504,1249,163.9,20,2,1460,16,4,0
Mateusz Lis,798375,Göztepe,3054,turkey,2526,2340,26,26,7.12,0,0,0,,0.2,16,0,0.0,107,215,33.54,200,72,272,38.86,9,81.82,2,0,0,0,176,0,0,0,14,45,26,3,0,0,20260326,1,3,0,0,0,0,0.0,194,20,16,4,0,0,5.85,7,87.5,0,10,1,428,1,0,0,0,0.0,0,0,0,0,0.0,3,0,1,0,437,0,21,0,0,19,47,26,73,2,14,0.0,0.0,0,0,0,0,0,0,0.0,19,0,0,0.0,0,35,0,0,16,84.21,641,610,90,700,185.0,0,2,878,10,2,0
Haris Hajradinović,254979,Kasımpaşa,6063,turkey,2526,554,7,7,7.11,2,0,2,1.93,0.83,18,7,15.56,72,18,54.55,112,52,164,75.23,0,0.0,4,0,0,0,26,2,1,3,1,3,7,0,0,2,20260326,6,25,0,0,11,0,11.11,0,7,7,0,2,0,,36,63.16,0,0,0,54,4,13,2,1,0.0,0,1,1,0,100.0,0,1,0,0,108,3,0,0,0,0,0,0,0,0,0,277.0,0.0,3,5,13,9,6,5,71.43,0,18,9,50.0,12,32,7,45,36,59.02,33,159,59,218,49.8,18,1,365,13,2,0
Emmanuel Agbadou,1013842,Beşiktaş JK,3050,turkey,2526,630,7,7,7.11,1,1,2,0.23,0.55,9,0,0.0,46,19,43.18,125,212,337,87.08,21,67.74,10,0,0,0,42,1,0,2,3,23,7,0,0,0,20260326,3,22,0,0,9,0,16.67,0,6,5,1,1,0,,15,55.56,1,0,0,50,7,4,0,1,9.0,0,0,0,0,0.0,0,0,0,0,62,0,0,0,0,0,0,0,0,0,0,630.0,0.0,0,3,3,2,2,2,50.0,0,11,9,81.82,4,24,4,1,36,62.07,44,159,228,387,49.8,6,1,478,2,2,0
Renato Nhaga,2119726,Galatasaray,3061,turkey,2526,40,2,0,7.1,1,0,1,0.85,0.02,0,0,0.0,3,0,0.0,17,26,43,95.56,0,0.0,0,0,0,0,3,0,0,0,0,0,2,0,0,1,20260326,2,4,0,0,0,0,100.0,0,1,1,0,1,0,,7,63.64,0,0,0,2,0,0,0,0,0.0,0,0,0,0,0.0,0,0,0,0,5,1,0,0,1,0,0,0,0,0,0,40.0,0.0,0,1,0,0,1,0,0.0,0,2,1,50.0,0,0,1,0,7,63.64,0,19,26,45,14.2,1,0,58,5,0,0
Yusuf Akçiçek,1479523,Fenerbahçe,3052,turkey,2526,90,1,1,7.1,0,0,0,,0.02,1,0,0.0,5,2,50.0,20,30,50,92.59,3,50.0,3,0,0,0,0,0,0,0,1,10,1,0,0,0,20260326,1,6,0,1,2,0,0.0,1,0,0,0,0,0,,1,25.0,0,0,0,4,1,0,0,0,,0,0,0,0,0.0,0,0,0,0,4,0,0,0,0,0,0,0,0,0,0,0.0,0.0,0,0,0,0,0,0,0.0,0,0,0,0.0,0,2,0,0,4,40.0,4,22,32,54,7.1,0,0,71,1,0,0
Arda Yavuz,1618417,Eyüpspor,7040,turkey,2526,65,1,1,7.1,0,0,0,,0.0,0,0,0.0,1,2,40.0,2,9,11,57.89,1,50.0,1,0,0,0,5,0,0,0,0,4,1,0,0,1,20260326,0,2,0,0,0,0,0.0,0,0,0,0,0,0,,3,75.0,0,0,0,8,1,0,0,0,0.0,0,0,0,0,0.0,0,0,0,0,15,0,0,0,0,0,0,0,0,0,0,0.0,0.0,0,0,0,0,0,0,0.0,0,3,3,100.0,0,0,0,0,4,66.67,5,4,15,19,7.1,0,0,40,0,0,0
Günay Güvenç,103457,Galatasaray,3061,turkey,2526,630,7,7,7.1,0,0,0,,0.01,25,0,0.0,4,36,58.06,11,186,197,87.17,2,100.0,0,0,0,0,69,0,0,0,4,11,7,0,0,0,20260326,0,0,0,1,0,0,0.0,29,4,4,0,0,0,0.87,0,0.0,0,3,0,29,0,0,0,0,0.0,0,0,0,0,0.0,0,0,0,0,29,0,5,0,0,9,9,4,13,0,2,0.0,0.0,0,0,0,0,0,0,0.0,9,0,0,0.0,0,37,0,0,2,100.0,62,33,193,226,49.7,0,0,287,0,2,0
Erhan Erentürk,997705,Gençlerbirliği,7802,turkey,2526,630,7,7,7.09,0,0,0,,0.02,8,0,0.0,13,47,33.1,42,52,94,49.47,1,50.0,1,0,0,0,60,0,0,0,1,8,7,1,0,0,20260326,0,1,0,1,0,0,0.0,74,8,7,1,0,0,2.59,0,0.0,0,4,0,96,0,0,0,0,0.0,0,0,0,0,0.0,0,0,0,0,102,0,4,0,0,2,15,9,24,0,10,0.0,0.0,0,0,0,0,0,0,0.0,2,0,0,0.0,0,13,0,0,1,50.0,142,125,65,190,49.6,0,1,259,1,1,0
Kerem Demirbay,142619,Kasımpaşa,6063,turkey,2526,1754,21,20,7.08,1,0,1,1.33,2.99,72,32,29.36,212,61,43.57,408,361,769,79.03,8,38.1,13,0,0,0,127,3,2,7,1,20,20,0,0,19,20260326,24,101,0,0,35,0,4.35,0,26,25,1,0,1,,100,53.19,0,0,0,204,24,38,1,1,3.0,0,0,0,0,0.0,0,0,0,1,359,12,0,1,0,0,0,0,0,0,0,1754.0,0.0,1,8,15,9,7,10,45.45,0,60,34,56.67,38,139,22,109,108,51.67,140,556,417,973,141.6,23,0,1379,30,4,1
Roland Sallai,355088,Galatasaray,3061,turkey,2526,1844,22,20,7.08,1,3,4,1.83,2.78,35,22,27.85,218,44,55.7,442,406,848,88.15,24,58.54,17,0,0,0,92,5,2,7,7,25,22,0,1,9,20260326,9,86,1,0,43,0,4.17,0,11,11,0,1,0,,80,53.69,0,0,1,114,21,22,0,1,1.0,0,1,0,0,0.0,0,0,0,1,230,9,0,1,1,0,0,0,0,0,0,1844.0,0.0,0,15,9,9,8,7,41.18,0,39,22,56.41,21,61,17,79,104,54.74,79,528,434,962,155.7,24,2,1436,35,3,0
Samet Akaydın,863600,Çaykur Rizespor,3064,turkey,2526,2148,24,24,7.07,3,1,4,1.4,0.54,49,0,0.0,81,85,54.49,278,627,905,86.69,63,50.4,62,0,0,0,96,0,0,4,5,178,24,0,0,3,20260326,8,110,1,1,36,0,21.43,10,33,31,2,3,0,,76,61.29,2,0,1,139,56,7,1,3,27.0,0,0,0,0,0.0,0,0,0,0,165,0,0,0,0,0,0,0,0,0,0,716.0,0.0,0,13,1,3,7,9,69.23,0,46,23,50.0,7,106,13,1,139,55.82,156,366,678,1044,169.7,14,2,1475,21,7,0
Anderson Talisca,329245,Fenerbahçe,3052,turkey,2526,1492,24,18,7.06,13,3,16,11.79,1.59,22,1,10.0,136,26,72.22,241,108,349,82.9,24,43.64,31,0,0,2,35,1,7,29,1,13,24,0,0,13,20260326,14,82,0,0,15,1,15.48,0,12,11,1,10,3,,41,44.57,3,0,1,72,7,19,10,6,3.0,0,1,6,0,66.67,0,4,0,0,159,7,0,0,0,0,0,0,0,0,0,114.77,10.0,10,44,40,22,33,13,56.52,0,6,2,33.33,18,38,23,10,65,44.22,36,298,123,421,169.5,84,4,695,22,1,0
Enzo Roco,105971,Fatih Karagümrük,4954,turkey,2526,576,7,7,7.06,0,0,0,0.09,0.28,26,0,0.0,16,18,46.15,92,132,224,82.05,16,55.17,13,0,0,0,20,0,0,0,1,33,7,0,0,0,20260326,5,27,0,1,9,0,0.0,7,11,11,0,0,0,,13,48.15,0,0,0,49,6,1,0,1,10.0,0,0,0,0,0.0,0,0,0,0,56,0,0,0,0,0,0,0,0,0,0,0.0,0.0,0,1,0,1,0,1,33.33,0,8,4,50.0,1,40,3,0,29,51.79,39,128,145,273,49.4,1,1,356,4,2,0
Victor Osimhen,822471,Galatasaray,3061,turkey,2526,1449,19,16,7.05,12,4,16,12.84,1.58,7,5,41.67,89,4,50.0,137,41,178,75.42,37,53.62,32,0,0,0,36,5,17,9,4,17,19,0,0,15,20260326,2,97,1,0,29,0,15.79,0,10,10,0,12,0,,40,38.1,2,0,3,58,7,21,3,23,1.0,0,0,1,0,100.0,0,1,0,1,154,20,0,0,7,0,0,0,0,0,0,120.75,0.0,0,70,6,33,34,6,23.08,0,13,10,76.92,21,11,26,12,77,44.25,8,187,49,236,134.0,76,2,514,21,6,0
Ertuğrul Taşkıran,105974,Alanyaspor,6362,turkey,2526,1800,20,20,7.05,0,0,0,,0.01,46,0,0.0,5,74,42.53,29,275,304,74.15,4,80.0,1,0,0,0,148,0,0,0,7,15,20,1,0,0,20260326,2,3,0,2,0,0,0.0,76,22,21,1,0,0,4.34,7,77.78,0,12,0,106,0,0,0,0,0.0,0,0,0,0,0.0,2,0,1,0,109,0,5,0,0,8,37,19,58,1,12,0.0,0.0,0,0,0,0,0,0,0.0,8,2,2,100.0,0,63,0,0,11,78.57,174,95,315,410,141.0,0,1,600,5,2,0
Oğulcan Ülgün,1063942,Gençlerbirliği,7802,turkey,2526,1274,18,16,7.04,4,2,6,1.61,1.32,20,1,10.0,84,18,35.29,158,128,286,73.15,24,60.0,16,0,0,0,35,3,2,5,0,24,18,0,0,11,20260326,15,72,0,0,27,0,19.05,0,18,17,1,3,1,,58,50.88,1,0,0,105,8,16,0,2,5.0,0,0,0,0,0.0,0,0,0,1,151,5,0,0,3,0,0,0,0,0,0,318.5,0.0,0,12,9,9,7,3,42.86,0,15,9,60.0,16,37,7,10,82,53.25,51,239,152,391,126.7,21,1,592,42,5,0
Ahmet Oğuz,603902,Kocaelispor,3065,turkey,2526,1642,21,18,7.02,0,2,2,0.11,1.53,57,20,22.47,109,66,42.31,247,306,553,74.93,22,55.0,18,0,0,0,91,4,0,1,8,58,21,0,0,7,20260326,23,94,0,0,39,0,0.0,0,14,12,2,0,0,,85,52.8,0,0,1,185,38,24,0,0,3.0,0,0,0,0,0.0,0,0,0,0,373,9,0,0,0,0,0,0,0,0,0,0.0,0.0,0,0,8,5,2,2,16.67,0,55,42,76.36,24,122,12,89,107,53.23,156,386,352,738,147.5,8,2,1272,30,8,0
Yusuf Sarı,896364,Başakşehir FK,3086,turkey,2526,980,15,12,7.02,0,3,3,1.48,4.31,16,31,35.63,104,20,80.0,171,82,253,82.95,1,14.29,6,0,0,0,39,5,1,7,1,4,15,0,0,9,20260326,9,42,0,0,7,0,0.0,0,11,9,2,0,0,,41,53.25,0,0,0,52,2,28,0,1,0.0,0,0,0,0,0.0,0,0,0,0,152,8,0,0,0,0,0,0,0,0,0,0.0,0.0,5,10,14,5,12,19,57.58,0,8,3,37.5,28,28,33,87,42,50.0,25,211,94,305,105.3,24,2,534,14,1,0
Dorgeles Nene,1102788,Fenerbahçe,3052,turkey,2526,1178,21,12,7.02,8,3,11,4.95,1.78,10,6,22.22,152,6,66.67,231,90,321,81.47,8,44.44,10,0,0,0,38,3,3,7,2,5,21,0,0,14,20260326,7,62,0,0,15,0,27.59,0,13,11,2,8,0,,45,46.39,0,0,1,73,17,21,2,1,0.0,0,0,0,0,0.0,0,0,0,2,153,7,0,0,6,0,0,0,0,0,0,147.25,0.0,0,21,8,6,16,9,36.0,0,21,13,61.9,21,18,25,27,53,46.09,9,290,104,394,147.4,29,3,627,15,2,0
Felix Uduokhai,792142,Beşiktaş JK,3050,turkey,2526,854,12,9,7.02,0,0,0,0.23,0.16,11,0,0.0,58,12,29.27,200,342,542,90.33,38,66.67,19,0,0,0,47,1,1,1,3,60,11,0,0,2,20260326,4,37,0,1,11,0,0.0,16,9,9,0,0,0,,26,59.09,0,0,0,58,14,3,0,0,6.0,0,0,0,0,0.0,0,0,0,0,74,1,0,0,0,0,0,0,0,0,0,0.0,0.0,0,4,0,0,3,2,66.67,0,16,13,81.25,3,26,3,0,64,63.37,41,239,361,600,77.2,4,0,755,10,4,0
Adrian Benedyczak,928295,Kasımpaşa,6063,turkey,2526,555,7,7,7.01,4,1,5,2.79,0.61,3,0,0.0,27,4,50.0,36,22,58,63.74,15,45.45,18,0,0,0,18,3,1,4,0,3,7,0,0,6,20260326,2,38,0,0,10,0,28.57,0,9,8,1,4,0,,13,39.39,0,0,0,33,3,9,1,0,1.0,0,1,2,0,100.0,0,2,0,1,61,4,0,0,3,0,0,0,0,0,0,138.75,0.0,0,11,3,3,7,3,60.0,0,7,6,85.71,8,5,5,8,28,42.42,8,66,25,91,49.1,14,0,167,3,0,0
Arda Kurtulan,1063395,Göztepe,3054,turkey,2526,1768,23,20,7.01,3,1,4,1.79,1.77,7,9,23.68,77,16,42.11,128,70,198,65.13,28,50.0,28,0,0,0,71,1,2,3,5,59,22,0,0,17,20260326,24,129,0,0,36,0,18.75,0,15,12,3,3,0,,83,45.11,0,0,1,106,38,14,2,0,6.0,0,0,0,0,0.0,0,0,0,0,338,6,0,0,1,0,0,0,0,0,0,589.33,0.0,0,13,3,10,3,21,43.75,0,40,29,72.5,14,21,48,38,111,46.25,38,220,84,304,154.3,16,1,922,23,4,0
Eren Elmalı,981483,Galatasaray,3061,turkey,2526,1293,19,14,7.01,3,0,3,1.21,2.07,19,11,32.35,187,20,52.63,333,254,587,89.21,23,57.5,17,0,0,0,64,4,1,4,5,27,19,0,0,12,20260326,13,65,0,0,16,0,27.27,0,7,7,0,3,0,,43,47.25,1,0,0,71,11,22,1,1,6.0,0,0,0,0,0.0,0,0,0,0,139,4,0,0,1,0,0,0,0,0,0,431.0,0.0,0,8,3,3,4,7,50.0,0,25,16,64.0,22,29,14,34,66,50.38,38,381,277,658,133.2,11,2,973,12,3,0
Fred,243623,Fenerbahçe,3052,turkey,2526,1130,25,12,7.0,0,2,2,2.01,2.11,26,3,15.79,225,36,60.0,421,247,668,85.2,3,42.86,4,0,0,0,73,4,2,14,1,6,25,0,0,7,20260326,17,54,0,0,17,0,0.0,0,10,7,3,0,0,,67,57.26,0,0,2,116,13,25,0,1,3.0,0,0,0,0,0.0,0,0,0,0,179,12,0,0,0,0,0,0,0,0,0,0.0,0.0,1,13,20,9,10,10,50.0,0,36,20,55.56,25,52,20,19,70,56.45,60,514,270,784,175.0,33,2,1027,21,1,0
Igor Lichnovsky,221566,Fatih Karagümrük,4954,turkey,2526,630,7,7,7.0,0,1,1,0.37,0.03,7,0,0.0,20,16,57.14,64,176,240,90.57,15,68.18,7,0,0,0,27,1,0,2,3,46,7,0,0,0,20260326,1,13,0,0,5,0,0.0,10,8,6,2,0,0,,9,60.0,0,0,0,25,6,2,0,0,3.0,0,0,0,0,0.0,0,0,0,0,29,0,0,0,0,0,0,0,0,0,0,0.0,0.0,0,4,0,2,0,0,0.0,0,7,5,71.43,2,17,0,1,24,64.86,28,80,185,265,49.0,4,0,349,2,0,0
Oghenekaro Etebo,839110,Gençlerbirliği,7802,turkey,2526,42,1,1,7.0,0,0,0,,0.01,1,0,0.0,2,2,66.67,6,6,12,85.71,0,0.0,0,0,0,0,5,0,0,0,0,1,1,0,0,0,20260326,0,1,0,0,0,0,0.0,0,1,1,0,0,0,,5,83.33,0,0,0,2,1,0,0,0,,0,0,0,0,0.0,0,0,0,0,4,0,0,0,0,0,0,0,0,0,0,0.0,0.0,0,0,0,0,0,0,0.0,0,3,1,33.33,0,2,1,0,5,83.33,3,7,7,14,7.0,0,0,25,2,0,0
Sokratis Dioudis,173933,Gaziantep FK,5138,turkey,2526,23,1,0,7.0,0,0,0,,0.0,1,0,0.0,0,5,55.56,4,5,9,69.23,0,0.0,0,0,0,0,5,0,0,0,0,0,1,0,0,0,20260326,0,0,0,0,0,0,0.0,5,0,0,0,0,0,0.05,0,0.0,0,2,0,4,0,0,0,0,,0,0,0,0,0.0,0,0,0,0,4,0,0,0,0,0,0,1,1,0,0,0.0,0.0,0,0,0,0,0,0,0.0,0,0,0,0.0,0,1,0,0,0,0.0,9,8,5,13,7.0,0,0,19,0,0,0
Ruan,868049,Göztepe,3054,turkey,2526,114,2,1,7.0,0,0,0,,0.4,0,1,100.0,6,0,0.0,8,5,13,72.22,1,33.33,2,0,0,0,6,1,0,0,0,3,2,0,0,0,20260326,0,8,0,0,2,0,0.0,0,0,0,0,0,0,,8,57.14,0,0,0,5,2,2,0,0,0.0,0,0,0,0,0.0,0,0,0,0,15,1,0,0,0,0,0,0,0,0,0,0.0,0.0,0,0,0,0,0,3,42.86,0,3,2,66.67,2,1,7,1,9,52.94,3,13,5,18,14.0,0,0,54,2,1,0
João Mário,97001,Beşiktaş JK,3050,turkey,2526,105,2,1,7.0,0,0,0,0.23,0.19,3,1,33.33,23,4,80.0,33,11,44,86.27,0,0.0,1,0,0,0,6,0,0,1,0,1,2,0,0,3,20260326,1,7,0,0,0,0,0.0,0,2,2,0,0,0,,6,50.0,0,0,0,7,0,3,0,2,0.0,0,0,0,0,0.0,0,0,0,0,14,2,0,0,0,0,0,0,0,0,0,0.0,0.0,0,2,0,0,1,2,50.0,0,4,3,75.0,3,4,4,3,6,46.15,5,40,11,51,14.0,2,0,74,0,0,0
Drissa Camara,958167,Gaziantep FK,5138,turkey,2526,1298,20,15,6.99,3,6,9,3.73,2.92,9,5,26.32,114,14,73.68,200,135,335,80.14,7,30.43,16,0,0,0,60,9,3,10,1,8,19,0,1,24,20260326,10,111,0,0,17,0,6.82,0,21,18,3,3,0,,105,52.5,0,0,1,83,9,24,1,2,0.0,0,0,0,0,0.0,0,0,0,3,224,7,0,1,2,0,0,0,0,0,0,432.67,0.0,1,27,17,18,16,45,49.45,0,15,13,86.67,24,21,91,19,112,50.22,19,268,150,418,132.9,44,1,787,46,5,0
Emirhan Topçu,895009,Beşiktaş JK,3050,turkey,2526,1477,18,17,6.99,1,0,1,0.7,0.97,45,4,21.05,129,54,40.91,329,467,796,81.64,38,67.86,18,0,0,0,70,1,0,4,4,97,18,0,0,1,20260326,15,61,1,0,25,0,7.69,44,20,15,5,1,0,,65,60.19,0,0,0,179,25,7,0,1,9.0,0,0,0,0,0.0,0,0,0,0,213,4,0,0,1,0,0,0,0,0,0,1477.0,0.0,0,6,7,4,5,7,77.78,0,44,23,52.27,7,81,9,19,103,62.8,132,446,529,975,125.9,13,1,1289,16,7,0
Jesurun Rak-Sakyi,1101362,Çaykur Rizespor,3064,turkey,2526,817,11,11,6.99,4,1,5,3.08,1.16,7,2,22.22,71,1,14.29,122,69,191,80.93,3,75.0,1,0,0,0,21,2,2,5,0,3,11,0,0,11,20260326,5,44,0,0,9,0,21.05,0,12,10,2,4,0,,31,41.89,0,0,1,45,3,8,4,3,1.0,0,0,0,0,0.0,0,0,0,0,103,5,0,0,0,0,0,0,0,0,0,204.25,0.0,0,17,2,5,9,15,44.12,0,9,6,66.67,8,11,34,9,34,43.59,7,158,78,236,76.9,19,1,376,7,1,0
László Bénes,354558,Kayserispor,3072,turkey,2526,2102,25,24,6.99,4,2,6,2.55,2.6,68,24,23.53,247,75,55.97,430,301,731,82.97,14,41.18,20,1,0,0,99,6,2,5,5,37,25,0,1,16,20260326,16,84,0,0,29,0,10.0,0,38,34,4,1,3,,60,48.39,0,0,0,150,20,36,4,0,6.0,0,1,1,1,0.0,0,0,0,0,286,11,0,1,0,0,0,0,0,0,0,525.5,0.0,5,11,29,17,18,9,60.0,0,17,12,70.59,35,102,15,102,74,46.84,134,544,337,881,174.7,40,3,1270,35,2,0
Adedire Mebude,1144096,Çaykur Rizespor,3064,turkey,2526,390,7,4,6.99,1,2,3,1.15,0.56,1,0,0.0,49,0,0.0,68,25,93,80.17,1,50.0,1,0,0,0,21,2,3,1,0,2,7,0,0,0,20260326,4,10,0,0,2,0,11.11,0,2,2,0,1,0,,21,70.0,0,0,0,23,5,4,0,2,0.0,0,0,0,0,0.0,0,0,0,1,49,2,0,0,1,0,0,0,0,0,0,390.0,0.0,0,8,1,1,7,7,70.0,0,4,1,25.0,4,5,10,7,22,68.75,2,86,30,116,48.9,9,0,192,10,0,0
Hrvoje Smolčić,974582,Kocaelispor,3065,turkey,2526,1689,20,20,6.99,1,1,2,0.85,0.57,38,2,12.5,107,65,46.1,320,639,959,86.24,43,59.72,29,0,0,0,95,1,1,4,6,96,20,0,0,8,20260326,10,86,0,2,40,0,7.69,38,20,17,3,1,0,,48,45.71,0,0,1,153,27,6,1,1,15.0,0,0,0,1,0.0,0,0,0,0,200,1,0,0,0,0,0,0,0,0,0,1689.0,0.0,0,8,5,4,5,12,80.0,0,26,17,65.38,6,86,15,16,91,51.41,141,421,691,1112,139.7,13,3,1428,10,2,0
Ederson,254491,Fenerbahçe,3052,turkey,2526,1800,20,20,6.99,0,0,0,,0.06,30,0,0.0,18,113,46.89,48,346,394,75.19,9,100.0,0,0,0,0,111,0,0,0,6,15,20,0,0,0,20260326,0,0,1,1,0,0,0.0,88,21,18,3,0,0,1.13,1,100.0,0,10,0,130,0,1,0,0,0.0,0,0,0,0,0.0,1,0,0,0,134,0,9,0,0,6,30,16,47,1,10,0.0,0.0,0,0,0,0,0,0,0.0,6,0,0,0.0,1,61,0,0,10,100.0,241,155,369,524,139.7,0,0,674,2,4,0
Alassane Ndao,1016033,Konyaspor,3085,turkey,2526,798,11,11,6.98,2,3,5,1.21,1.92,7,5,16.67,74,13,61.9,127,79,206,78.33,2,18.18,9,0,0,0,39,5,1,7,0,4,11,0,0,11,20260326,1,30,0,0,2,0,12.5,0,15,13,2,2,0,,24,53.33,0,0,0,57,6,14,0,4,0.0,0,0,0,0,0.0,0,0,0,0,120,4,0,0,2,0,0,0,0,0,0,399.0,0.0,0,10,6,5,4,7,50.0,0,9,6,66.67,14,18,14,30,26,46.43,21,165,98,263,76.8,16,1,403,8,0,0
Jhon Durán,974577,Fenerbahçe,3052,turkey,2526,543,10,6,6.98,3,2,5,1.91,1.33,2,2,50.0,40,4,57.14,69,29,98,77.78,12,63.16,7,0,0,0,14,1,2,7,1,1,10,0,0,2,20260326,0,22,0,0,12,0,17.65,0,3,1,2,3,0,,21,58.33,1,0,0,28,0,6,2,8,1.0,0,0,0,0,0.0,0,0,0,1,50,3,0,0,0,0,0,0,0,0,0,181.0,0.0,0,13,4,4,6,5,62.5,0,4,3,75.0,6,4,8,4,33,60.0,7,92,34,126,69.8,17,0,203,13,2,0
Ümit Akdağ,1215071,Alanyaspor,6362,turkey,2526,2242,25,25,6.98,1,2,3,1.25,1.91,60,7,25.0,211,87,50.0,490,611,1101,83.09,53,65.43,28,0,0,0,101,2,2,4,8,131,25,0,0,13,20260326,12,93,0,3,34,0,5.56,0,31,29,2,1,0,,67,50.76,0,0,0,224,25,18,1,1,15.0,0,0,0,2,0.0,0,0,0,0,300,2,0,0,0,0,0,0,0,0,0,2242.0,0.0,0,15,3,12,2,17,70.83,0,29,19,65.52,18,133,24,28,120,56.34,174,647,678,1325,174.5,18,2,1738,21,5,0
Demir Ege Tıknaz,1142613,Beşiktaş JK,3050,turkey,2526,321,10,2,6.98,0,1,1,0.15,0.79,14,0,0.0,56,17,68.0,101,90,191,85.65,7,100.0,0,0,0,0,12,1,0,1,1,4,9,0,0,1,20260326,5,22,0,0,12,0,0.0,0,6,5,1,0,0,,22,50.0,0,0,0,32,1,3,0,0,3.0,0,0,0,0,0.0,0,0,0,0,41,1,0,0,0,0,0,0,0,0,0,0.0,0.0,0,2,2,2,1,6,60.0,0,12,8,66.67,3,20,10,0,29,56.86,25,129,94,223,62.8,4,0,284,4,2,0
Daniele Verde,605580,Fatih Karagümrük,4954,turkey,2526,256,4,3,6.98,1,1,2,0.74,0.43,1,2,15.38,29,1,50.0,47,22,69,80.23,0,0.0,0,0,0,0,10,1,1,3,0,1,4,0,0,1,20260326,2,6,0,0,1,0,9.09,0,5,4,1,1,0,,9,60.0,0,0,0,17,4,5,1,0,0.0,0,0,0,0,0.0,0,0,0,0,36,1,0,0,0,0,0,0,0,0,0,256.0,0.0,0,5,6,0,8,4,66.67,0,0,0,0.0,5,6,6,13,9,60.0,2,62,24,86,27.9,11,0,140,5,0,0
Berat Ayberk Özdemir,876857,Başakşehir FK,3086,turkey,2526,924,17,10,6.98,0,0,0,0.46,0.42,60,1,25.0,111,77,71.96,293,304,597,87.67,8,50.0,8,0,0,0,59,0,0,3,2,16,16,0,0,3,20260326,7,27,0,1,7,0,0.0,2,15,11,4,0,0,,24,55.81,0,0,0,84,13,4,0,0,10.0,0,0,0,0,0.0,0,0,0,0,98,2,0,0,0,0,0,0,0,0,0,0.0,0.0,1,2,5,3,1,1,33.33,0,13,11,84.62,4,80,3,4,32,54.24,107,350,331,681,111.6,7,0,800,10,2,0
Robin Yalçın,138154,Eyüpspor,7040,turkey,2526,1631,19,18,6.97,0,0,0,0.44,0.34,68,0,0.0,92,84,63.16,267,565,832,88.98,9,33.33,18,0,0,0,43,0,0,0,3,71,19,0,0,0,20260326,7,31,0,0,6,0,0.0,19,25,23,2,0,0,,45,77.59,0,0,0,103,15,4,0,2,13.0,0,0,0,1,0.0,0,0,0,0,116,1,0,0,0,0,0,0,0,0,0,0.0,0.0,0,1,2,2,1,4,100.0,0,25,12,48.0,4,106,4,4,54,63.53,133,336,599,935,132.5,3,0,1125,16,0,0
N'Golo Kanté,234148,Fenerbahçe,3052,turkey,2526,529,7,6,6.97,1,0,1,0.25,0.56,5,0,0.0,81,8,61.54,157,123,280,86.96,8,72.73,3,0,0,0,35,1,0,1,0,5,7,0,0,3,20260326,6,24,0,0,9,0,20.0,0,11,11,0,0,1,,23,52.27,0,0,0,42,10,7,0,0,1.0,0,0,0,0,0.0,0,0,0,0,62,3,0,0,1,0,0,0,0,0,0,529.0,0.0,0,1,4,3,1,2,40.0,0,20,12,60.0,7,9,5,5,31,56.36,13,188,134,322,48.8,5,1,415,1,2,0
Léo Duarte,839982,Başakşehir FK,3086,turkey,2526,1800,20,20,6.97,0,1,1,0.68,0.39,28,1,25.0,91,43,47.78,303,772,1075,92.27,52,65.0,28,0,0,0,63,1,0,1,6,110,20,0,0,6,20260326,13,71,0,1,22,0,0.0,0,24,20,4,0,0,,50,53.76,0,0,0,90,19,8,0,0,13.0,0,1,0,0,0.0,0,0,0,0,114,2,0,0,0,0,0,0,0,0,0,0.0,0.0,0,9,0,6,2,6,75.0,0,29,22,75.86,7,55,8,4,102,58.96,90,361,804,1165,139.4,9,1,1426,17,4,0
Gökhan Değirmenci,60317,Kocaelispor,3065,turkey,2526,855,10,9,6.97,0,0,0,,0.02,14,0,0.0,7,74,46.84,44,138,182,68.16,2,100.0,0,0,0,0,92,0,0,0,3,7,10,0,0,0,20260326,0,0,0,0,0,0,0.0,43,14,11,3,0,0,-2.48,1,100.0,0,6,0,85,1,0,0,0,0.0,0,0,0,0,0.0,1,0,0,0,85,0,3,0,0,1,13,8,21,0,4,0.0,0.0,0,0,0,0,0,0,0.0,1,0,0,0.0,0,20,0,0,3,100.0,158,103,164,267,69.7,0,0,353,0,1,0
Umut Nayir,284767,Trabzonspor,3051,turkey,2526,1834,26,20,6.97,8,2,10,6.42,2.08,2,3,60.0,90,5,50.0,161,80,241,64.61,93,61.18,59,0,0,0,28,3,7,11,1,19,26,0,0,16,20260326,10,114,0,0,15,0,16.33,0,31,26,5,8,0,,45,45.0,4,0,0,132,2,17,1,14,4.0,0,0,1,0,100.0,0,1,0,2,198,8,0,0,3,0,0,0,0,0,0,229.25,0.0,0,47,2,20,18,6,28.57,0,4,1,25.0,17,6,21,5,138,54.76,10,268,105,373,181.2,49,2,617,39,2,0
Archie Brown,1009738,Fenerbahçe,3052,turkey,2526,1134,19,12,6.96,2,1,3,1.5,1.51,12,12,17.91,130,14,50.0,226,173,399,84.18,15,51.72,14,0,0,0,50,1,1,1,4,14,19,0,0,10,20260326,6,76,0,1,26,0,11.76,0,8,6,2,2,0,,61,49.59,0,0,0,75,8,14,2,0,3.0,0,1,0,0,0.0,0,0,0,0,219,6,0,0,0,0,0,0,0,0,0,567.0,0.0,0,13,4,12,4,12,35.29,0,26,18,69.23,13,20,34,67,76,50.0,28,280,194,474,132.3,17,1,871,24,3,0
Mustafa Eskihellaç,899069,Trabzonspor,3051,turkey,2526,1928,24,22,6.96,0,3,3,1.29,1.99,18,7,24.14,173,22,57.89,365,420,785,87.81,11,36.67,19,0,0,0,114,5,1,15,6,44,24,0,0,10,20260326,14,89,0,1,20,0,0.0,0,20,17,3,0,0,,118,62.77,0,0,0,109,14,21,0,3,5.0,0,0,0,0,0.0,0,0,0,0,225,8,0,0,0,0,0,0,0,0,0,0.0,0.0,0,10,21,9,7,31,53.45,0,35,27,77.14,21,28,58,29,129,59.17,38,443,451,894,167.1,31,2,1387,53,5,0
Amine Harit,827522,Başakşehir FK,3086,turkey,2526,1189,18,15,6.96,1,3,4,1.91,2.46,9,6,21.43,210,12,63.16,338,131,469,87.5,4,30.77,9,0,0,0,67,4,2,5,1,4,18,0,0,22,20260326,13,80,0,2,16,0,4.17,0,12,9,3,1,0,,81,53.29,0,0,1,67,13,35,0,2,1.0,0,0,0,0,0.0,0,0,0,1,159,11,0,0,1,0,0,0,0,0,0,1189.0,0.0,1,11,13,14,5,38,65.52,0,13,5,38.46,35,17,58,28,85,51.52,19,393,143,536,125.3,24,2,806,30,2,0
İrfan Can Kahveci,226986,Kasımpaşa,6063,turkey,2526,1033,17,11,6.96,1,2,3,1.69,3.6,32,24,37.5,139,29,61.7,224,104,328,78.85,7,31.82,15,0,0,0,60,5,2,5,1,1,17,0,0,7,20260326,7,64,0,1,19,0,5.88,0,11,10,1,1,0,,47,48.96,0,0,1,88,8,25,0,5,2.0,0,0,0,0,0.0,0,0,0,0,172,9,0,0,1,0,0,0,0,0,0,1033.0,0.0,4,4,13,7,5,7,29.17,0,22,14,63.64,25,58,24,64,54,45.76,47,294,122,416,118.3,17,1,640,18,4,0
Kerem Aktürkoğlu,903324,Fenerbahçe,3052,turkey,2526,1415,22,18,6.95,4,4,8,2.71,3.18,14,23,27.38,153,9,45.0,239,82,321,76.07,9,33.33,18,0,0,0,52,6,1,5,0,2,22,0,0,18,20260326,9,78,0,1,12,0,15.38,0,21,18,3,4,0,,66,52.38,0,0,2,101,9,41,2,6,0.0,0,0,0,0,0.0,0,0,0,0,267,6,0,0,2,0,0,0,0,0,0,353.75,0.0,3,15,11,9,12,17,43.59,0,20,15,75.0,41,31,39,84,75,49.02,20,326,96,422,153.0,26,3,760,29,3,0
Bertuğ Yıldırım,1382235,Başakşehir FK,3086,turkey,2526,244,13,0,6.95,5,0,5,2.46,0.02,1,0,0.0,7,4,80.0,11,5,16,43.24,19,65.52,10,0,0,0,6,0,2,0,0,3,13,0,0,7,20260326,0,27,0,0,12,0,55.56,0,4,2,2,5,0,,8,32.0,3,0,0,21,3,0,0,1,0.0,0,0,0,0,0.0,0,0,0,0,40,1,0,0,2,0,0,0,0,0,0,48.8,0.0,0,9,0,3,6,2,100.0,0,2,1,50.0,0,2,2,1,27,50.0,5,28,9,37,90.4,9,0,88,5,1,0
Deniz Türüç,252207,Konyaspor,3085,turkey,2526,1194,21,14,6.95,1,2,3,1.18,4.58,31,25,25.0,140,33,55.93,260,179,439,81.15,14,48.28,15,0,0,0,44,6,0,6,0,10,21,0,0,16,20260326,13,66,0,0,15,0,5.26,0,14,14,0,0,1,,48,48.48,0,0,1,102,8,21,1,2,4.0,0,1,0,0,0.0,0,0,0,0,237,5,0,0,0,0,0,0,0,0,0,1194.0,0.0,6,3,16,7,6,9,52.94,0,21,12,57.14,20,69,17,100,62,48.44,59,351,190,541,146.0,19,0,840,18,7,0
Mohamed Bayo,909318,Gaziantep FK,5138,turkey,2526,1812,22,21,6.95,12,3,15,11.24,1.16,2,2,25.0,64,4,57.14,117,63,180,72.0,27,45.76,32,1,0,0,41,3,11,9,0,12,22,0,0,32,20260326,2,98,0,0,15,0,23.53,0,34,28,6,11,1,,39,37.14,0,0,0,70,1,19,4,13,5.0,0,0,1,0,0.0,0,0,0,0,190,12,0,0,8,0,0,0,0,0,0,151.0,0.0,0,42,9,18,24,25,58.14,0,9,4,44.44,19,6,43,8,66,40.24,7,174,76,250,152.8,51,3,519,5,1,0
Yiğit Efe Demir,1133200,Fenerbahçe,3052,turkey,2526,582,12,5,6.95,0,0,0,0.51,0.22,13,1,33.33,39,16,55.17,149,277,426,90.64,30,76.92,9,0,0,0,22,2,0,2,0,31,11,0,0,0,20260326,7,25,0,0,9,0,0.0,1,8,8,0,0,0,,21,56.76,0,0,0,44,10,5,0,0,7.0,0,0,0,0,0.0,0,0,0,0,51,0,0,0,0,0,0,0,0,0,0,0.0,0.0,0,8,0,6,0,1,100.0,0,16,12,75.0,5,21,1,3,51,67.11,29,179,291,470,76.4,8,0,577,4,2,0
Dimitris Goutas,257497,Gençlerbirliği,7802,turkey,2526,2367,27,27,6.94,2,0,2,1.93,0.31,44,0,0.0,56,75,44.38,184,653,837,83.95,66,68.75,30,0,0,0,54,0,1,1,5,197,27,0,0,1,20260326,3,46,1,3,13,0,13.33,27,36,33,3,2,0,,50,75.76,1,0,1,160,31,2,1,1,23.0,0,0,0,0,0.0,0,0,0,0,171,0,0,0,0,0,0,0,0,0,0,1183.5,0.0,0,14,1,10,4,2,100.0,0,37,21,56.76,2,101,2,0,116,71.6,169,298,699,997,187.5,15,2,1362,12,3,0
Ramzi Safuri,186949,Antalyaspor,3056,turkey,2526,1210,18,15,6.94,1,4,5,0.41,2.02,35,19,23.17,100,38,61.29,190,137,327,77.12,12,50.0,12,0,0,0,62,2,0,3,1,13,18,0,0,19,20260326,6,67,0,0,16,0,8.33,0,24,24,0,0,1,,80,59.26,0,0,1,97,5,29,0,3,0.0,0,0,0,0,0.0,0,0,0,0,223,7,0,0,1,0,0,0,0,0,0,1210.0,0.0,3,1,11,5,4,21,60.0,0,12,7,58.33,29,69,35,82,92,57.86,62,264,160,424,125.0,12,0,711,47,5,0
Fidan Aliti,385296,Alanyaspor,6362,turkey,2526,2224,25,25,6.94,0,1,1,0.22,0.58,25,4,33.33,73,51,47.22,306,800,1106,90.58,37,64.91,20,0,0,0,76,4,0,2,9,106,25,0,0,3,20260326,13,70,0,0,34,0,0.0,48,27,25,2,0,0,,72,59.02,0,0,0,115,39,8,0,0,16.0,0,0,0,0,0.0,0,0,0,0,135,1,0,0,0,0,0,0,0,0,0,0.0,0.0,1,5,2,3,2,3,100.0,0,31,20,64.52,8,61,3,12,109,60.89,108,386,835,1221,173.6,7,2,1525,40,10,0
David Datro Fofana,1090458,Fatih Karagümrük,4954,turkey,2526,983,13,10,6.94,6,0,6,4.07,0.62,4,0,0.0,51,6,66.67,96,52,148,70.48,16,37.21,27,0,1,0,30,2,7,8,0,6,13,0,0,31,20260326,4,107,0,0,17,0,27.27,0,20,20,0,6,0,,44,35.48,1,0,1,62,2,9,2,7,0.0,0,0,1,0,0.0,0,0,0,0,174,7,0,0,3,0,0,0,0,0,0,163.83,0.0,0,20,2,6,8,25,44.64,0,5,2,40.0,9,10,56,5,60,35.93,9,144,66,210,90.2,22,1,443,14,0,0
Tim Jabol-Folcarelli,1106446,Trabzonspor,3051,turkey,2526,1970,23,23,6.92,0,3,3,0.79,1.4,19,1,50.0,177,23,54.76,445,429,874,89.18,13,56.52,10,0,0,0,142,3,1,2,8,15,23,0,0,26,20260326,13,97,0,0,32,0,0.0,0,21,18,3,0,0,,107,55.15,0,0,1,106,24,17,0,0,6.0,0,0,0,0,0.0,0,0,0,0,196,14,0,0,0,0,0,0,0,0,0,0.0,0.0,0,5,6,8,1,26,59.09,0,51,29,56.86,17,37,44,2,120,55.3,42,512,468,980,159.2,11,0,1310,30,3,0
Olivier Ntcham,352676,Samsunspor,3053,turkey,2526,1244,18,15,6.92,1,0,1,2.09,1.18,33,1,12.5,204,46,59.74,373,240,613,85.5,14,73.68,5,0,0,0,72,0,0,8,2,6,17,0,0,12,20260326,10,49,0,0,16,0,2.94,0,13,11,2,1,0,,35,44.3,0,0,1,104,8,13,0,0,2.0,0,0,1,0,100.0,0,1,0,0,155,8,0,0,1,0,0,0,0,0,0,1244.0,0.0,0,9,25,18,8,15,71.43,0,9,5,55.56,13,63,21,8,49,50.0,77,450,267,717,117.6,34,0,880,12,3,0
Wilfried Singo,978285,Galatasaray,3061,turkey,2526,634,13,8,6.92,1,1,2,0.6,0.85,9,0,0.0,39,17,37.78,118,252,370,87.68,22,64.71,12,0,0,0,37,1,1,0,1,36,12,0,0,1,20260326,1,27,0,0,14,0,16.67,5,8,8,0,1,0,,28,65.12,0,0,1,52,13,1,0,0,3.0,0,0,0,0,0.0,0,0,0,0,73,2,0,0,1,0,0,0,0,0,0,634.0,0.0,0,5,1,5,1,6,75.0,0,10,7,70.0,1,25,8,4,50,64.94,45,152,270,422,83.0,6,1,557,12,2,0
Semih Güler,325155,Kayserispor,3072,turkey,2526,1521,24,15,6.92,0,0,0,0.76,0.53,41,0,0.0,76,70,53.03,215,442,657,87.25,16,34.78,30,0,0,0,65,0,1,2,6,79,24,0,0,0,20260326,7,41,0,0,4,0,0.0,30,26,24,2,0,0,,43,79.63,0,0,0,96,21,3,0,1,16.0,0,0,0,0,0.0,0,0,0,0,107,0,0,0,0,0,0,0,0,0,0,0.0,0.0,0,5,1,3,1,3,100.0,0,34,23,67.65,3,82,3,2,59,59.0,132,289,464,753,166.0,6,1,969,6,2,0
İsmail Yüksek,952600,Fenerbahçe,3052,turkey,2526,1520,25,17,6.92,1,1,2,1.4,1.4,31,1,10.0,202,34,60.71,468,306,774,85.24,22,51.16,21,0,0,0,97,3,2,8,1,16,25,0,0,23,20260326,18,105,0,1,32,0,4.17,0,21,18,3,1,0,,122,59.22,0,0,1,134,17,14,0,1,5.0,0,0,0,0,0.0,0,0,0,0,217,12,0,0,1,0,0,0,0,0,0,1520.0,0.0,0,13,11,11,5,23,65.71,0,67,34,50.75,14,56,35,10,144,57.83,56,578,330,908,172.9,24,0,1245,33,5,0
Nélson Semedo,252821,Fenerbahçe,3052,turkey,2526,1427,19,19,6.92,1,2,3,0.23,1.22,7,11,30.56,170,28,43.75,348,254,602,86.49,8,34.78,15,0,0,0,80,3,0,1,4,25,19,0,0,11,20260326,8,66,0,0,18,0,11.11,0,14,12,2,1,0,,82,61.65,0,0,0,94,20,13,0,0,3.0,0,0,0,0,0.0,0,0,0,0,183,5,0,0,1,0,0,0,0,0,0,1427.0,0.0,0,2,7,6,2,22,59.46,0,36,21,58.33,13,24,37,36,90,57.69,64,401,295,696,131.4,9,1,1083,24,7,0
Maestro,1002146,Alanyaspor,6362,turkey,2526,1125,15,13,6.91,1,1,2,0.79,1.36,10,1,14.29,123,14,73.68,293,233,526,93.93,6,40.0,9,0,0,0,75,3,1,5,2,10,15,0,0,13,20260326,8,53,0,0,18,0,5.56,0,15,15,0,1,0,,56,56.0,0,0,0,34,2,18,0,0,2.0,0,0,0,0,0.0,0,0,0,0,74,4,0,1,1,0,0,0,0,0,0,1125.0,0.0,0,5,13,11,2,19,76.0,0,22,11,50.0,18,16,25,7,62,53.91,19,312,248,560,103.7,18,1,724,16,3,1
Adil Demirbağ,787949,Konyaspor,3085,turkey,2526,1648,19,19,6.91,2,2,4,1.68,1.17,38,1,12.5,93,73,65.77,304,583,887,90.42,42,50.0,42,0,0,0,71,1,0,0,4,92,19,0,0,1,20260326,8,89,0,0,38,0,20.0,20,25,22,3,2,0,,41,46.59,1,0,0,94,29,6,0,0,19.0,0,0,0,1,0.0,0,0,0,0,115,2,0,0,1,0,0,0,0,0,0,824.0,0.0,0,10,0,8,2,6,66.67,0,21,12,57.14,6,67,9,8,83,48.26,111,364,617,981,131.3,10,1,1225,14,8,0
Ivan Brnić,916182,Başakşehir FK,3086,turkey,2526,653,21,5,6.91,4,1,5,1.44,2.7,8,12,23.08,69,14,70.0,124,56,180,74.69,0,0.0,3,0,0,0,37,5,2,4,0,5,20,0,0,10,20260326,6,31,0,1,1,0,22.22,0,8,7,1,4,0,,17,37.78,1,0,0,61,6,13,0,2,0.0,0,0,0,0,0.0,0,0,0,0,140,13,0,0,3,0,0,0,0,0,0,163.25,0.0,0,12,6,6,8,14,56.0,0,2,2,100.0,13,18,25,52,17,35.42,20,173,68,241,138.2,18,1,395,1,0,0
Mario Lemina,307284,Galatasaray,3061,turkey,2526,1265,20,15,6.91,0,0,0,1.68,0.79,19,3,60.0,100,42,63.64,346,440,786,92.36,12,75.0,4,0,0,0,49,1,2,0,1,22,20,0,0,1,20260326,6,30,0,0,16,0,0.0,2,9,9,0,0,0,,31,54.39,0,0,0,65,20,5,0,0,5.0,0,0,0,0,0.0,0,0,0,0,83,3,0,0,0,0,0,0,0,0,0,0.0,0.0,0,10,5,10,5,2,40.0,0,24,16,66.67,5,30,5,5,43,58.9,66,392,459,851,138.2,15,1,992,5,6,0
Luccas Claro,998209,Eyüpspor,7040,turkey,2526,842,10,10,6.91,0,0,0,0.5,0.05,14,0,0.0,14,19,41.3,74,280,354,85.92,41,67.21,20,0,0,0,29,0,0,2,3,60,10,0,0,1,20260326,1,27,0,1,9,0,0.0,31,12,12,0,0,0,,21,75.0,0,0,0,58,11,1,0,0,9.0,0,0,0,2,0.0,0,0,0,0,65,0,0,0,0,0,0,0,0,0,0,0.0,0.0,0,6,1,5,0,1,100.0,0,8,5,62.5,1,22,1,0,62,69.66,46,108,304,412,69.1,7,1,550,13,1,0
Bartuğ Elmaz,997165,Fatih Karagümrük,4954,turkey,2526,618,14,5,6.91,1,0,1,0.26,0.26,24,1,12.5,102,28,50.0,204,196,400,88.11,6,75.0,2,0,0,0,41,0,0,2,1,10,13,0,0,0,20260326,9,21,0,0,9,0,10.0,0,7,6,1,1,0,,18,48.65,0,0,1,54,6,5,0,0,3.0,0,0,0,0,0.0,0,0,0,0,67,3,0,0,1,0,0,0,0,0,0,618.0,0.0,0,2,8,3,5,1,50.0,0,11,6,54.55,5,43,2,8,24,53.33,56,245,209,454,89.8,10,0,539,6,2,0
Abbosbek Fayzullaev,1118429,Başakşehir FK,3086,turkey,2526,1006,17,13,6.91,2,2,4,3.79,2.75,11,15,20.83,86,14,63.64,152,90,242,77.32,13,56.52,10,0,0,0,48,4,5,6,1,3,17,0,0,11,20260326,13,61,0,0,17,1,7.41,0,7,5,2,1,1,,57,52.78,0,0,1,71,7,16,0,3,0.0,0,0,0,0,0.0,0,0,0,1,185,11,0,0,2,0,0,0,0,0,0,503.0,33.33,3,20,7,10,11,12,52.17,0,27,17,62.96,16,21,23,72,70,53.44,22,210,103,313,117.4,27,1,577,19,3,0
Antoine Makoumbou,920391,Samsunspor,3053,turkey,2526,1660,24,17,6.9,1,1,2,0.79,2.24,34,1,50.0,206,57,59.38,421,467,888,88.1,8,38.1,13,0,0,0,79,4,0,4,4,18,23,0,0,11,20260326,7,74,0,1,36,0,10.0,0,22,21,1,1,0,,56,47.86,0,0,0,120,10,20,1,0,6.0,0,0,0,0,0.0,0,0,0,0,171,5,0,0,0,0,0,0,0,0,0,1660.0,0.0,0,5,5,4,2,7,43.75,0,25,12,48.0,20,66,16,2,64,46.38,96,508,500,1008,158.8,10,1,1209,24,5,0
Kacper Kozłowski,984602,Gaziantep FK,5138,turkey,2526,2031,24,23,6.9,5,1,6,3.92,1.69,21,5,17.24,163,30,61.22,262,224,486,80.33,16,48.48,17,0,0,0,93,2,2,10,3,4,24,0,0,22,20260326,10,125,0,0,35,0,15.15,0,38,35,3,4,1,,132,55.0,0,0,2,119,3,21,3,0,3.0,0,0,0,0,0.0,0,0,0,0,264,5,0,0,2,0,0,0,0,0,0,406.2,0.0,1,19,14,10,13,34,43.59,0,26,18,69.23,21,37,78,29,148,54.21,49,353,252,605,165.7,33,1,997,72,5,0
Mauro Icardi,233114,Galatasaray,3061,turkey,2526,1037,24,9,6.9,13,0,13,9.92,1.1,6,1,12.5,60,11,47.83,95,55,150,78.13,10,34.48,19,0,0,0,18,2,9,7,2,16,24,0,0,7,20260326,4,37,0,0,6,0,24.53,0,9,9,0,13,0,,7,28.0,0,0,3,42,1,13,2,3,0.0,0,0,1,0,100.0,0,1,0,0,77,5,0,0,11,0,0,0,0,0,0,79.77,0.0,2,44,9,22,24,4,66.67,0,0,0,0.0,13,18,6,8,17,31.48,23,132,60,192,165.6,53,1,320,3,1,0
Cengiz Ünder,758876,Beşiktaş JK,3050,turkey,2526,898,22,10,6.9,5,2,7,5.46,2.6,3,15,22.39,122,5,23.81,186,76,262,84.24,10,58.82,7,0,0,1,36,6,6,11,0,8,22,0,0,10,20260326,4,36,1,0,8,0,14.29,0,11,9,2,5,0,,33,53.23,1,0,2,49,6,21,2,4,3.0,0,0,2,0,50.0,0,1,0,0,136,6,0,0,2,0,0,0,0,0,0,179.6,0.0,2,26,9,7,17,11,57.89,0,9,6,66.67,21,11,19,67,43,54.43,21,227,84,311,151.8,35,0,536,17,1,0
Christopher Operi,858977,Başakşehir FK,3086,turkey,2526,1675,20,20,6.9,0,4,4,0.34,1.43,27,14,22.95,194,41,57.75,380,328,708,85.3,22,66.67,11,0,0,0,87,4,0,5,7,40,20,0,0,13,20260326,11,65,0,3,20,0,0.0,0,16,12,4,0,0,,60,52.63,0,0,0,122,20,14,0,0,9.0,0,0,0,0,0.0,0,0,0,0,228,8,0,0,0,0,0,0,0,0,0,0.0,0.0,1,5,5,3,2,11,52.38,0,29,18,62.07,14,47,21,61,82,55.78,71,457,373,830,138.0,10,0,1269,20,3,0
Wagner Pina,1513625,Trabzonspor,3051,turkey,2526,1914,25,22,6.9,0,4,4,0.27,2.84,22,21,44.68,141,18,32.73,322,408,730,87.11,18,47.37,20,0,0,0,98,4,0,3,6,42,24,0,1,11,20260326,12,88,0,2,22,0,0.0,0,19,17,2,0,0,,83,54.97,0,0,0,108,16,21,0,1,11.0,0,0,0,0,0.0,0,0,0,0,242,10,0,1,0,0,0,0,0,0,0,0.0,0.0,0,1,7,3,2,9,28.13,0,48,31,64.58,21,45,32,47,101,53.44,55,393,445,838,165.6,8,1,1390,27,2,0
Yiğit Emre Çeltik,1035954,Kayserispor,3072,turkey,2526,18,1,0,6.9,0,0,0,,0.06,0,0,0.0,4,0,0.0,6,0,6,100.0,0,0.0,0,0,0,0,1,0,0,0,0,0,1,0,0,0,20260326,2,2,0,0,0,0,0.0,0,0,0,0,0,0,,4,66.67,0,0,0,0,0,0,0,0,0.0,0,0,0,0,0.0,0,0,0,0,2,0,0,0,0,0,0,0,0,0,0,0.0,0.0,0,0,0,0,0,0,0.0,0,3,1,33.33,0,0,0,1,4,66.67,0,6,0,6,6.9,0,0,12,1,0,0
Landry Dimata,826944,Samsunspor,3053,turkey,2526,132,2,2,6.9,0,0,0,0.23,0.02,1,0,0.0,12,1,50.0,24,8,32,84.21,2,50.0,2,0,0,0,7,0,0,0,0,0,2,0,0,4,20260326,1,8,0,0,0,0,0.0,0,0,0,0,0,0,,7,53.85,0,0,0,6,0,0,0,0,0.0,0,0,0,0,0.0,0,0,0,0,17,1,0,0,0,0,0,0,0,0,0,0.0,0.0,0,3,0,1,2,0,0.0,0,2,2,100.0,0,1,1,2,9,52.94,2,29,9,38,13.8,3,0,62,5,0,0
Baran Ali Gezek,1215110,Eyüpspor,7040,turkey,2526,908,11,10,6.9,0,0,0,0.2,0.47,14,0,0.0,45,17,47.22,111,232,343,82.65,9,60.0,6,0,0,0,45,0,1,1,2,27,11,0,0,6,20260326,9,32,0,0,10,0,0.0,3,14,13,1,0,0,,32,55.17,0,0,0,72,16,3,0,0,8.0,0,0,0,0,0.0,0,0,0,0,88,3,0,0,0,0,0,0,0,0,0,0.0,0.0,0,2,1,1,1,2,66.67,0,21,12,57.14,3,22,3,1,41,56.16,36,146,269,415,75.9,3,0,538,9,1,0
Ali Osman Kalın,2161813,Gaziantep FK,5138,turkey,2526,34,1,0,6.9,0,0,0,0.03,0.0,0,0,0.0,0,1,100.0,1,10,11,91.67,1,100.0,0,0,0,0,1,0,0,1,0,1,1,0,0,0,20260326,2,4,0,0,0,0,0.0,0,1,1,0,0,0,,2,33.33,0,0,0,1,2,0,0,0,0.0,0,0,0,0,0.0,0,0,0,0,3,0,0,0,0,0,0,0,0,0,0,0.0,0.0,0,1,0,0,0,0,0.0,0,1,1,100.0,0,0,2,0,3,42.86,1,2,10,12,6.9,1,0,21,1,0,0
Qazim Laci,284395,Çaykur Rizespor,3064,turkey,2526,1991,24,24,6.9,4,6,10,4.06,4.17,59,24,27.91,235,64,66.67,427,357,784,83.85,18,47.37,20,0,0,0,119,10,1,15,5,14,24,0,0,31,20260326,31,125,0,1,33,1,10.0,0,27,27,0,3,1,,64,37.87,0,0,1,151,12,48,0,7,6.0,0,0,3,0,100.0,0,3,0,0,296,7,0,1,4,0,0,0,0,0,0,497.75,20.0,5,12,28,14,11,15,50.0,0,30,22,73.33,48,96,30,86,82,39.61,96,524,411,935,165.5,40,1,1316,19,4,1
Tom Dele-Bashiru,904845,Gençlerbirliği,7802,turkey,2526,1905,22,21,6.9,0,1,1,0.35,0.24,16,0,0.0,96,43,72.88,240,358,598,86.29,11,68.75,5,0,0,0,82,1,0,5,4,36,22,0,0,12,20260326,9,49,0,2,19,0,0.0,0,28,26,2,0,0,,75,63.03,0,0,1,95,21,8,0,0,6.0,0,0,0,0,0.0,0,0,0,0,137,3,0,0,0,0,0,0,0,0,0,0.0,0.0,0,3,9,5,2,14,70.0,0,31,20,64.52,8,30,20,0,86,63.7,59,297,396,693,151.7,12,0,927,30,1,0
Ianis Hagi,756344,Alanyaspor,6362,turkey,2526,1285,21,15,6.9,3,2,5,2.01,2.17,10,32,35.56,145,15,50.0,229,99,328,78.85,7,43.75,9,0,0,0,44,5,4,9,2,7,21,0,0,10,20260326,13,63,0,0,18,2,8.33,0,16,15,1,0,3,,77,58.78,0,0,0,88,4,32,2,2,1.0,0,0,0,1,0.0,0,0,0,0,205,8,0,0,1,0,0,0,0,0,0,428.33,25.0,8,14,22,16,11,14,46.67,0,18,13,72.22,32,20,30,90,84,57.14,30,299,117,416,144.8,36,1,738,45,4,0
Ibrahim Olawoyin,1008173,Çaykur Rizespor,3064,turkey,2526,1464,20,17,6.9,1,1,2,0.79,1.29,15,1,5.88,133,20,42.55,231,163,394,79.44,14,41.18,20,0,0,0,93,2,0,3,3,27,20,0,0,25,20260326,4,95,0,0,26,0,6.25,0,21,20,1,0,1,,105,58.33,0,0,0,102,12,14,0,4,6.0,0,1,0,0,0.0,0,0,0,0,219,4,0,0,1,0,0,0,0,0,0,1464.0,0.0,0,6,10,9,4,30,57.69,0,33,17,51.52,13,30,52,17,119,55.61,47,302,194,496,137.9,16,2,846,42,3,0
Ozan Tufan,251907,Trabzonspor,3051,turkey,2526,889,18,9,6.89,0,2,2,0.24,1.33,13,3,20.0,95,20,54.05,201,195,396,90.0,9,64.29,5,0,0,0,50,3,0,1,1,16,16,0,0,3,20260326,4,25,0,1,9,0,0.0,0,14,12,2,0,0,,30,60.0,0,0,0,44,11,15,0,1,6.0,0,0,0,0,0.0,0,0,0,0,78,2,0,0,0,0,0,0,0,0,0,0.0,0.0,0,4,3,3,3,2,33.33,0,21,13,61.9,15,24,6,15,39,60.94,37,226,214,440,110.3,7,1,614,7,2,0
Nuno Lima,1133301,Alanyaspor,6362,turkey,2526,2285,26,26,6.89,1,0,1,0.88,0.61,41,0,0.0,189,71,44.94,500,808,1308,88.5,46,54.12,39,0,0,0,86,1,2,0,8,103,26,0,0,0,20260326,12,75,0,0,25,0,5.88,14,29,29,0,1,0,,36,50.0,1,0,1,170,20,4,0,0,17.0,0,0,0,0,0.0,0,0,0,0,187,3,0,0,0,0,0,0,0,0,0,2285.0,0.0,0,15,2,14,3,2,100.0,0,23,16,69.57,4,94,2,5,82,52.23,158,616,862,1478,179.2,17,2,1735,11,6,0
Okan Kocuk,190179,Samsunspor,3053,turkey,2526,2160,24,24,6.89,0,0,0,,0.02,32,0,0.0,10,99,36.13,66,383,449,71.84,3,100.0,0,0,0,0,175,0,0,0,8,12,24,1,0,0,20260326,0,0,1,2,0,0,0.0,178,27,26,1,0,0,-3.5,4,100.0,0,11,0,176,0,1,0,0,0.0,0,0,0,0,0.0,2,0,0,0,183,0,5,0,0,7,27,30,58,0,9,0.0,0.0,0,0,0,0,0,0,0.0,7,2,1,50.0,1,67,0,0,7,100.0,274,196,429,625,165.4,0,1,832,3,3,0
Ersin Destanoğlu,913656,Beşiktaş JK,3050,turkey,2526,1710,19,19,6.89,0,0,0,,0.02,23,0,0.0,6,80,41.03,44,296,340,74.07,7,100.0,0,0,0,0,142,0,0,0,7,9,19,0,0,0,20260326,0,0,1,0,0,0,0.0,94,20,15,5,0,0,0.03,3,100.0,0,15,0,119,0,0,0,0,0.0,0,0,0,0,0.0,2,0,0,0,121,0,3,0,0,4,28,22,52,0,13,0.0,0.0,0,0,0,0,0,0,0.0,3,0,0,0.0,0,41,0,0,10,100.0,195,129,330,459,130.9,0,0,625,7,2,0
Junior Olaitan,1124357,Beşiktaş JK,3050,turkey,2526,1534,24,17,6.89,4,0,4,5.13,2.59,23,12,24.0,179,33,60.0,297,128,425,77.27,15,33.33,30,0,0,0,95,6,8,14,2,7,24,0,0,21,20260326,6,109,0,0,31,0,6.9,0,14,10,4,4,0,,74,48.37,0,0,0,125,12,25,1,5,0.0,0,0,0,0,0.0,0,0,0,0,296,15,0,0,3,0,0,0,0,0,0,383.5,0.0,9,28,30,23,21,28,50.91,0,17,8,47.06,25,53,55,50,89,44.95,55,408,142,550,165.3,58,2,945,29,2,0
Paulo Victor,34142,Alanyaspor,6362,turkey,2526,630,7,7,6.89,0,0,0,,0.0,11,0,0.0,2,40,41.24,16,100,116,65.54,0,0.0,0,0,0,0,60,0,0,0,2,6,7,0,0,0,20260326,1,1,1,0,0,0,0.0,39,10,9,1,0,0,0.82,1,50.0,0,5,0,61,0,0,0,0,0.0,0,0,0,0,0.0,3,0,1,0,61,0,5,0,0,3,10,4,14,0,2,0.0,0.0,0,0,0,0,0,0,0.0,3,0,0,0.0,0,16,0,0,1,50.0,97,62,115,177,48.2,0,0,228,0,2,0
Juan Santos da Silva,1009928,Göztepe,3054,turkey,2526,1944,24,23,6.88,7,3,10,7.31,3.7,5,4,22.22,120,8,72.73,153,23,176,59.46,53,38.13,86,1,0,1,57,9,8,10,3,11,24,0,0,27,20260326,8,173,0,0,31,0,15.91,0,16,12,4,6,1,,63,42.0,2,0,1,120,6,37,2,18,2.0,0,0,2,0,0.0,0,0,0,0,252,17,0,1,3,0,0,0,0,0,0,277.71,0.0,0,35,9,12,22,21,44.68,0,20,13,65.0,37,12,47,18,116,40.14,11,262,34,296,165.1,44,1,609,22,2,1
Allan,987088,Göztepe,3054,turkey,2526,1268,20,13,6.88,0,1,1,1.07,0.26,12,0,0.0,38,22,30.56,111,118,229,73.63,40,58.82,28,0,0,0,51,0,2,2,8,95,18,0,0,4,20260326,6,54,1,2,14,0,0.0,0,10,8,2,0,0,,51,66.23,0,0,1,82,22,5,0,0,9.0,0,0,0,0,0.0,0,0,0,0,111,1,0,0,0,0,0,0,0,0,0,0.0,0.0,0,8,0,4,2,4,44.44,0,26,21,80.77,5,37,9,1,91,62.76,72,175,136,311,123.8,8,0,566,21,2,0
Ruan,1400494,Alanyaspor,6362,turkey,2526,1721,22,20,6.88,1,0,1,1.62,1.26,23,3,9.38,129,24,53.33,243,188,431,82.73,3,21.43,11,0,0,0,66,2,0,6,3,29,22,0,0,13,20260326,18,76,0,1,9,0,3.13,0,26,24,2,1,0,,107,62.21,0,0,3,90,20,12,1,1,3.0,0,0,0,0,0.0,0,0,0,1,235,6,0,0,0,0,0,0,0,0,0,1721.0,0.0,0,21,11,13,13,26,47.27,0,33,25,75.76,12,38,55,32,110,59.14,45,299,222,521,151.3,32,1,1016,48,3,0
Levent Mercan,1085938,Fenerbahçe,3052,turkey,2526,963,15,11,6.87,0,3,3,0.33,1.69,11,6,17.65,147,27,48.21,273,203,476,84.85,11,61.11,7,0,0,0,50,1,0,6,1,20,15,0,0,4,20260326,7,33,0,0,9,0,0.0,0,14,12,2,0,0,,40,60.61,0,0,1,85,14,20,0,2,4.0,1,0,0,0,0.0,0,0,0,0,149,9,0,0,0,0,0,0,0,0,0,0.0,0.0,0,1,9,3,1,11,57.89,0,21,14,66.67,20,29,19,34,51,60.71,56,332,229,561,103.1,10,1,848,8,1,0
Felipe Augusto,1106681,Trabzonspor,3051,turkey,2526,1748,26,21,6.87,11,0,11,5.96,1.23,1,4,28.57,81,4,44.44,134,69,203,77.78,19,35.19,35,0,0,0,44,3,8,8,0,13,26,0,0,26,20260326,17,129,0,0,32,0,22.92,0,20,19,1,11,0,,60,38.96,4,0,3,58,10,11,7,5,6.0,0,0,0,0,0.0,0,0,0,0,160,10,0,0,0,0,0,0,0,0,0,158.91,0.0,0,42,6,14,26,18,46.15,0,22,14,63.64,11,6,39,14,79,37.98,9,181,80,261,178.7,48,0,582,22,1,0
Nicolas Janvier,802150,Alanyaspor,6362,turkey,2526,1100,20,12,6.87,1,1,2,0.61,1.67,37,9,36.0,130,57,72.15,284,285,569,88.49,3,25.0,9,0,0,0,64,3,0,4,3,14,20,0,0,6,20260326,11,48,0,1,16,0,7.14,0,13,12,1,1,0,,25,39.06,0,0,0,74,18,14,0,0,1.0,0,0,0,0,0.0,0,0,0,0,118,6,0,0,1,0,0,0,0,0,0,1100.0,0.0,0,3,11,7,3,2,25.0,0,20,13,65.0,14,58,8,25,28,36.84,79,341,302,643,137.4,14,1,798,3,1,0
Wilfred Ndidi,787885,Beşiktaş JK,3050,turkey,2526,1758,21,20,6.86,2,0,2,2.09,1.06,27,0,0.0,135,36,41.86,378,479,857,84.94,41,62.12,25,0,0,0,102,0,1,6,5,58,21,0,0,13,20260326,23,102,1,0,38,0,8.0,0,22,19,3,2,0,,78,50.32,2,0,0,152,34,12,0,1,8.0,0,0,0,0,0.0,0,0,0,0,196,6,0,0,0,0,0,0,0,0,0,879.0,0.0,0,15,10,12,7,7,58.33,0,52,31,59.62,12,52,12,3,119,53.85,86,482,527,1009,144.1,25,1,1312,19,3,0
Botond Balogh,983510,Kocaelispor,3065,turkey,2526,1657,21,18,6.86,0,0,0,0.44,0.57,30,0,0.0,56,65,47.45,193,539,732,84.72,45,56.96,34,0,0,0,58,1,1,1,6,97,21,0,0,5,20260326,7,64,1,0,17,0,0.0,7,23,18,5,0,0,,44,59.46,0,0,0,132,25,7,0,1,24.0,0,0,0,2,0.0,0,0,0,0,151,1,0,0,0,0,0,0,0,0,0,0.0,0.0,1,3,2,4,0,0,0.0,0,26,19,73.08,7,60,2,1,89,58.17,137,288,576,864,144.1,5,3,1106,19,6,0
Adem Arous,2018238,Kasımpaşa,6063,turkey,2526,1042,14,12,6.86,1,0,1,0.3,0.08,22,0,0.0,34,32,37.21,99,283,382,78.6,23,58.97,16,0,0,0,29,1,0,0,4,69,13,0,0,2,20260326,0,27,0,0,10,0,33.33,8,15,13,2,1,0,,31,73.81,1,0,0,104,15,2,0,0,5.0,0,0,0,0,0.0,0,0,0,1,121,0,0,0,0,0,0,0,0,0,0,1042.0,0.0,0,3,0,2,1,2,100.0,0,21,14,66.67,2,57,2,4,54,66.67,86,173,313,486,89.2,3,1,651,8,0,0
Valentin Mihăilă,925242,Çaykur Rizespor,3064,turkey,2526,760,15,8,6.86,5,1,6,1.76,0.9,12,4,28.57,55,9,56.25,98,46,144,69.57,6,33.33,12,0,0,0,27,3,1,5,0,9,15,0,0,12,20260326,8,55,0,0,10,0,20.0,0,12,11,1,2,3,,27,38.57,0,0,1,63,2,7,0,5,1.0,0,0,0,0,0.0,0,0,0,0,136,2,0,0,5,0,0,0,0,0,0,152.0,0.0,4,8,17,7,13,7,31.82,0,4,3,75.0,7,17,22,14,33,37.5,16,146,61,207,102.9,25,0,374,16,2,0
Bruno Petković,309306,Kocaelispor,3065,turkey,2526,1311,17,15,6.86,6,0,6,5.25,0.78,14,2,50.0,83,9,60.0,137,70,207,61.98,62,45.59,74,0,0,0,39,1,4,5,1,25,17,0,0,32,20260326,9,155,0,0,22,1,25.0,0,20,16,4,5,1,,59,42.14,0,0,1,127,2,17,1,7,4.0,0,0,2,0,100.0,0,2,0,0,244,10,0,0,5,0,0,0,0,0,0,218.5,25.0,4,20,4,8,11,6,21.43,0,12,8,66.67,17,21,28,4,121,43.84,15,246,88,334,116.6,24,2,612,42,2,0
Halil Akbunar,217782,Eyüpspor,7040,turkey,2526,513,12,6,6.86,2,0,2,2.23,0.65,7,0,0.0,44,9,75.0,61,58,119,82.64,5,38.46,8,0,0,0,20,1,3,1,0,5,12,0,0,4,20260326,8,31,0,0,8,0,20.0,0,10,9,1,2,0,,26,53.06,0,0,0,25,1,4,2,7,1.0,0,0,0,0,0.0,0,0,0,0,55,1,0,0,0,0,0,0,0,0,0,256.5,0.0,0,8,2,6,3,8,72.73,0,13,9,69.23,4,10,11,9,31,50.0,12,76,68,144,82.3,10,1,244,5,1,0
Jakub Kałuziński,1019026,Başakşehir FK,3086,turkey,2526,514,12,4,6.86,0,1,1,0.36,1.27,11,9,40.91,75,18,50.0,173,153,326,88.83,7,70.0,3,0,0,0,33,0,1,2,0,8,12,0,0,5,20260326,7,24,0,0,10,0,0.0,0,5,4,1,0,0,,19,47.5,0,0,0,41,6,13,0,0,1.0,0,0,0,0,0.0,0,0,0,0,64,2,0,0,0,0,0,0,0,0,0,0.0,0.0,0,2,4,1,3,2,100.0,0,9,5,55.56,13,24,2,22,26,52.0,36,201,166,367,82.3,6,1,454,8,2,0
Filip Mladenović,126680,Fatih Karagümrük,4954,turkey,2526,579,7,7,6.86,1,0,1,0.35,0.45,18,2,8.7,45,13,38.24,87,112,199,78.35,2,100.0,0,0,0,0,26,1,0,0,1,13,7,0,0,3,20260326,9,16,0,0,2,0,20.0,0,8,6,2,1,0,,17,51.52,0,0,0,55,13,3,1,0,2.0,0,0,0,0,0.0,0,0,0,0,101,1,0,0,0,0,0,0,0,0,0,579.0,0.0,1,1,4,4,1,2,50.0,0,4,3,75.0,3,37,4,23,19,54.29,34,121,133,254,48.0,5,1,414,11,1,0
El Bilal Touré,982615,Beşiktaş JK,3050,turkey,2526,1274,16,15,6.86,5,4,9,5.86,1.4,3,2,28.57,131,5,41.67,202,65,267,73.15,55,56.7,42,0,0,0,31,1,8,7,2,9,16,0,1,16,20260326,7,105,0,0,25,0,14.29,0,19,16,3,5,0,,53,45.69,2,0,1,98,4,25,0,10,1.0,0,0,0,0,0.0,0,0,0,1,200,4,0,1,2,0,0,0,0,0,0,254.8,0.0,0,32,3,10,18,18,47.37,0,17,8,47.06,25,9,38,7,108,50.7,12,275,90,365,109.7,35,1,610,19,4,0
Enis Bardhi,355024,Konyaspor,3085,turkey,2526,1717,26,19,6.85,4,2,6,4.28,4.2,42,25,27.17,228,33,62.26,360,185,545,84.37,7,38.89,11,0,0,0,79,5,4,11,1,13,26,0,0,20,20260326,15,88,0,2,23,1,8.7,0,31,26,5,3,1,,59,43.38,0,0,1,101,11,46,0,3,0.0,0,0,1,0,100.0,0,1,0,0,251,13,0,1,4,0,0,0,0,0,0,429.25,12.5,8,19,27,18,17,14,42.42,0,21,11,52.38,46,61,33,92,66,42.86,53,442,204,646,178.2,46,0,1015,24,2,1
Youssef Aït Bennasser,802850,Kayserispor,3072,turkey,2526,1101,16,14,6.85,0,0,0,0.09,0.46,29,1,33.33,60,44,55.7,164,280,444,87.4,8,44.44,10,0,0,0,48,1,0,0,3,48,15,0,0,5,20260326,9,40,0,0,16,0,0.0,3,18,17,1,0,0,,20,40.0,0,0,0,64,12,5,0,0,14.0,0,0,0,1,0.0,0,0,0,0,79,0,0,0,0,0,0,0,0,0,0,0.0,0.0,0,1,4,5,0,1,50.0,0,17,9,52.94,5,47,2,3,28,41.18,79,210,298,508,102.8,5,1,646,2,4,0
Veysel Sarı,98276,Antalyaspor,3056,turkey,2526,1580,18,18,6.85,1,1,2,0.73,0.46,19,0,0.0,55,46,33.33,157,350,507,77.52,40,64.52,22,0,0,0,47,0,1,0,4,105,18,0,0,2,20260326,10,53,0,1,18,0,14.29,1,22,22,0,1,0,,52,62.65,1,0,0,147,19,2,0,1,11.0,1,0,0,0,0.0,0,0,0,0,167,1,0,0,0,0,0,0,0,0,0,1580.0,0.0,0,7,0,4,3,0,0.0,0,30,22,73.33,2,61,2,1,92,63.45,138,269,385,654,123.3,7,1,893,22,3,0
Yahia Fofana,877977,Çaykur Rizespor,3064,turkey,2526,1710,19,19,6.85,0,0,0,,0.02,61,0,0.0,10,113,38.18,58,338,396,67.12,4,80.0,1,0,0,0,154,0,0,0,6,14,19,0,0,1,20260326,1,3,3,1,0,0,0.0,150,26,23,3,0,0,0.0,8,80.0,0,9,0,194,1,0,0,0,0.0,0,0,0,0,0.0,4,0,1,0,199,0,7,0,0,10,33,28,61,0,16,0.0,0.0,0,0,0,0,0,2,100.0,9,1,0,0.0,0,113,2,0,12,80.0,296,194,396,590,130.1,0,0,765,5,1,0
Serginho,849301,Fatih Karagümrük,4954,turkey,2526,1771,26,21,6.85,6,1,7,4.85,1.62,9,4,16.67,102,8,36.36,163,70,233,68.13,11,36.67,19,0,0,0,66,1,3,11,1,17,26,0,0,25,20260326,11,97,0,0,25,0,19.35,0,34,32,2,4,2,,110,58.51,0,0,2,109,6,16,0,18,1.0,0,0,0,1,0.0,0,0,0,1,231,10,0,0,6,0,0,0,0,0,0,295.17,0.0,0,18,13,10,10,26,54.17,0,34,22,64.71,16,25,48,24,121,55.5,22,251,91,342,178.0,31,0,683,50,2,0
Logi Tomasson,858266,Samsunspor,3053,turkey,2526,1815,24,21,6.85,1,3,4,0.86,2.63,17,16,22.86,167,48,57.83,298,284,582,81.4,16,57.14,12,0,0,0,83,6,1,2,5,50,24,0,0,10,20260326,10,81,0,0,32,0,5.88,0,22,22,0,1,0,,51,42.5,0,0,2,133,17,26,1,2,7.0,0,0,0,0,0.0,0,0,0,0,270,14,0,0,0,0,0,0,0,0,0,1815.0,0.0,0,12,5,10,5,17,45.95,0,31,19,61.29,26,35,37,70,67,45.27,83,382,333,715,164.3,17,1,1224,3,4,0
German Onugkha,928418,Kayserispor,3072,turkey,2526,1612,22,18,6.85,8,0,8,8.51,0.42,3,0,0.0,57,6,85.71,87,52,139,62.05,65,50.0,65,0,0,0,26,0,11,12,3,24,22,0,0,24,20260326,5,128,0,0,28,0,16.33,0,27,23,4,7,1,,41,39.42,2,0,3,85,1,8,4,10,1.0,0,0,0,0,0.0,0,0,0,0,164,7,0,0,2,0,0,0,0,0,0,201.5,0.0,0,39,10,19,18,8,44.44,0,5,4,80.0,8,7,18,3,106,45.3,7,164,60,224,150.6,49,3,464,30,2,0
Taha Altıkardeş,1101279,Göztepe,3054,turkey,2526,1114,23,12,6.84,1,0,1,0.48,0.38,19,5,35.71,39,31,36.47,91,99,190,65.29,27,58.7,19,0,0,0,47,1,1,3,5,70,18,0,0,2,20260326,0,34,0,0,15,0,9.09,0,9,7,2,1,0,,16,51.61,1,0,0,101,20,3,0,0,12.0,0,0,0,0,0.0,0,0,0,0,127,3,0,0,0,0,0,0,0,0,0,1114.0,0.0,0,7,4,5,3,0,0.0,0,14,9,64.29,3,50,0,14,43,55.84,85,177,114,291,123.2,11,0,488,3,0,0
Anthony Musaba,979473,Fenerbahçe,3052,turkey,2526,1664,25,20,6.84,5,3,8,6.07,3.36,6,14,22.22,120,5,27.78,191,113,304,72.04,6,26.09,17,0,0,0,65,11,9,13,0,7,25,0,0,29,20260326,8,124,0,0,15,0,10.42,0,19,19,0,5,0,,82,43.39,0,0,2,118,1,23,1,1,0.0,0,1,0,0,0.0,0,0,0,0,305,12,0,0,3,0,0,0,0,0,0,332.8,0.0,0,35,13,22,13,42,42.0,0,17,11,64.71,22,16,100,63,88,41.51,18,285,137,422,171.1,48,2,836,23,3,0
Youssef En-Nesyri,846470,Fenerbahçe,3052,turkey,2526,1008,16,11,6.84,7,0,7,8.79,0.88,1,1,33.33,37,5,83.33,72,43,115,75.16,22,44.0,28,0,0,0,8,2,8,5,1,7,16,0,0,3,20260326,1,46,0,0,9,0,18.92,0,10,7,3,7,0,,11,37.93,0,0,3,38,1,5,5,4,0.0,0,0,0,0,0.0,0,0,0,0,70,2,0,0,2,0,0,0,0,0,0,144.0,0.0,0,33,4,16,16,3,37.5,0,4,2,50.0,5,6,8,3,33,41.77,6,105,48,153,109.5,37,1,253,4,1,0
João Mendes,857376,Kayserispor,3072,turkey,2526,1375,22,15,6.84,0,4,4,1.32,3.45,42,14,28.0,199,42,68.85,304,150,454,81.36,4,44.44,5,0,0,0,75,9,1,9,0,8,21,0,0,12,20260326,9,61,0,1,19,0,0.0,0,20,18,2,0,0,,62,52.54,0,0,0,104,6,35,0,3,1.0,0,0,0,0,0.0,0,0,0,0,203,7,0,1,0,0,0,0,0,0,0,0.0,0.0,3,7,14,9,3,17,48.57,0,18,9,50.0,35,77,35,50,66,51.97,61,386,172,558,143.7,21,2,817,28,2,1
Jerome Opoku,920514,Başakşehir FK,3086,turkey,2526,2245,26,25,6.84,0,1,1,1.13,0.78,20,1,16.67,105,43,37.39,329,918,1247,89.39,68,73.12,25,0,0,0,81,1,1,7,8,102,26,0,0,7,20260326,3,79,1,2,42,0,0.0,54,28,22,6,0,0,,59,52.21,0,0,1,148,29,5,0,0,26.0,1,0,0,0,0.0,0,0,0,0,196,2,0,0,0,0,0,0,0,0,0,0.0,0.0,0,12,1,4,2,4,40.0,0,19,13,68.42,5,56,10,6,127,61.65,115,430,965,1395,177.9,13,1,1726,37,7,0
Melih İbrahimoğlu,998462,Konyaspor,3085,turkey,2526,1852,24,22,6.84,0,1,1,0.68,1.82,32,5,26.32,174,45,51.14,401,356,757,86.12,10,50.0,10,0,0,0,99,3,0,7,5,20,24,0,0,12,20260326,28,93,0,2,27,0,0.0,0,32,27,5,0,0,,107,56.32,0,0,1,122,15,20,0,1,7.0,0,0,0,0,0.0,0,0,0,0,199,10,0,0,0,0,0,0,0,0,0,0.0,0.0,0,5,15,9,4,23,57.5,0,50,35,70.0,20,54,40,19,117,55.71,88,484,395,879,164.2,20,0,1187,36,1,0
Edson Álvarez,847151,Fenerbahçe,3052,turkey,2526,767,11,10,6.84,0,1,1,0.71,0.3,12,0,0.0,74,19,54.29,212,247,459,87.93,12,44.44,15,0,0,0,55,1,1,1,0,10,10,0,0,11,20260326,12,64,1,3,22,0,0.0,0,8,6,2,0,0,,48,49.48,0,0,0,63,17,9,0,1,6.0,0,0,0,0,0.0,0,0,0,0,97,2,0,0,0,0,0,0,0,0,0,0.0,0.0,0,7,3,4,5,6,42.86,0,28,16,57.14,9,27,14,2,60,48.39,35,249,273,522,68.4,10,0,672,14,4,0
Luis Pérez,843180,Gaziantep FK,5138,turkey,2526,1494,20,18,6.84,0,1,1,0.13,2.7,15,12,23.08,116,35,53.03,224,264,488,79.48,18,46.15,21,0,0,0,56,4,0,2,3,58,20,0,0,8,20260326,11,55,1,1,11,0,0.0,0,26,21,5,0,0,,54,61.36,0,0,0,126,21,17,0,2,11.0,0,0,0,0,0.0,0,0,0,0,204,3,0,0,0,0,0,0,0,0,0,0.0,0.0,0,1,5,3,1,5,55.56,0,36,24,66.67,17,37,9,52,72,56.69,66,305,309,614,136.8,6,1,981,14,1,0
Deniz Ertaş,1195772,Konyaspor,3085,turkey,2526,720,8,8,6.84,0,1,1,,0.01,12,0,0.0,13,53,39.55,33,110,143,63.84,0,0.0,0,0,0,0,63,1,0,0,1,4,8,1,0,0,20260326,1,1,1,0,0,0,0.0,56,13,10,3,0,0,-0.71,0,0.0,0,2,0,81,0,1,0,0,0.0,0,0,0,0,0.0,0,0,0,0,83,0,0,0,0,3,14,6,21,0,5,0.0,0.0,0,0,0,0,0,0,0.0,3,0,0,0.0,1,14,0,0,0,0.0,134,101,123,224,54.7,0,1,290,0,3,0
Jayden Oosterwolde,1048324,Fenerbahçe,3052,turkey,2526,2131,25,24,6.84,0,0,0,1.37,0.63,34,5,38.46,177,42,37.84,522,835,1357,89.57,32,51.61,30,0,0,0,78,0,2,1,7,74,25,0,0,6,20260326,6,79,0,0,32,0,0.0,5,25,22,3,0,0,,65,57.02,0,0,1,158,21,7,0,1,10.0,0,0,0,0,0.0,0,0,0,0,195,2,0,1,0,0,0,0,0,0,0,0.0,0.0,0,8,5,9,3,13,65.0,0,30,22,73.33,7,92,20,13,97,55.11,111,628,887,1515,170.9,13,2,1807,22,6,1
Christophe Lungoyi,883355,Gaziantep FK,5138,turkey,2526,1351,22,15,6.84,2,2,4,2.31,2.5,4,4,40.0,77,1,25.0,143,84,227,77.47,7,25.0,21,0,0,0,45,5,2,9,2,4,20,0,0,23,20260326,7,129,1,0,34,0,5.71,0,20,19,1,2,0,,103,48.82,0,0,0,66,4,17,0,4,1.0,0,2,0,0,0.0,0,0,0,1,193,4,0,0,2,0,0,0,0,0,0,675.5,0.0,1,22,13,13,13,36,43.9,0,15,11,73.33,15,7,82,10,110,46.03,4,193,100,293,136.7,35,0,632,52,4,0
Georgiy Dzhikiya,295495,Antalyaspor,3056,turkey,2526,1072,13,12,6.83,2,0,2,0.22,0.11,30,0,0.0,38,43,46.24,94,325,419,85.51,13,48.15,14,0,0,0,22,0,0,1,3,59,13,0,0,1,20260326,3,23,0,0,5,0,33.33,16,20,17,3,2,0,,15,62.5,1,0,0,71,5,0,1,0,10.0,0,0,0,0,0.0,0,0,0,0,79,0,0,0,0,0,0,0,0,0,0,536.0,0.0,0,4,2,2,3,1,100.0,0,7,6,85.71,0,57,1,4,28,54.9,93,143,347,490,88.8,6,2,614,7,3,0
Svit Sešlar,946291,Eyüpspor,7040,turkey,2526,564,10,6,6.83,1,1,2,0.91,0.55,7,1,12.5,52,5,45.45,84,70,154,83.7,5,45.45,6,0,0,0,31,2,0,2,1,5,10,0,0,13,20260326,4,32,0,1,4,0,12.5,0,6,6,0,1,0,,21,44.68,1,0,0,30,5,8,0,1,2.0,0,0,0,0,0.0,0,0,0,0,63,5,0,0,0,0,0,0,0,0,0,564.0,0.0,0,6,2,3,3,4,44.44,0,8,4,50.0,8,11,9,8,26,44.83,11,103,81,184,68.3,8,0,280,9,1,0
Jackson Muleka,927649,Konyaspor,3085,turkey,2526,1885,24,21,6.83,5,2,7,7.3,1.39,14,5,21.74,152,14,50.0,265,119,384,75.59,42,44.21,53,0,0,0,75,1,8,15,2,13,24,0,0,41,20260326,12,172,0,1,36,0,7.94,0,32,27,5,5,0,,138,53.7,2,0,1,124,17,17,1,5,1.0,0,0,1,0,100.0,0,1,0,0,286,14,0,0,2,0,0,0,0,0,0,377.0,0.0,0,46,17,27,21,39,52.7,0,30,22,73.33,17,25,74,23,180,51.14,28,366,142,508,163.9,63,3,995,70,4,0
Héliton,922725,Göztepe,3054,turkey,2526,2250,25,25,6.83,0,1,1,2.35,0.25,27,0,0.0,41,48,44.44,161,235,396,74.86,93,65.49,49,0,0,0,49,1,3,5,14,147,25,0,0,3,20260326,4,81,0,1,25,0,0.0,0,19,15,4,0,0,,35,52.24,0,0,1,133,21,4,0,4,18.0,0,0,0,0,0.0,0,0,0,0,154,0,0,0,0,0,0,0,0,0,0,0.0,0.0,0,31,0,19,7,3,60.0,0,25,15,60.0,4,51,5,0,128,61.24,108,270,259,529,170.7,31,1,835,7,5,0
Yhoan Andzouana,605548,Konyaspor,3085,turkey,2526,2253,26,25,6.83,1,4,5,1.02,3.37,44,19,21.35,235,30,46.15,423,357,780,83.69,9,60.0,6,0,0,0,129,9,1,10,5,40,26,0,0,18,20260326,17,82,1,0,21,0,3.85,0,36,31,5,1,0,,84,52.5,0,0,2,152,17,28,0,1,5.0,0,0,0,0,0.0,0,0,0,0,337,5,0,0,1,0,0,0,0,0,0,2253.0,0.0,0,13,13,9,7,38,65.52,0,31,18,58.06,28,67,58,89,93,53.14,65,530,402,932,177.5,26,1,1551,15,3,0
Calegari,988906,Eyüpspor,7040,turkey,2526,1052,15,12,6.83,0,1,1,0.31,0.74,9,7,28.0,95,16,47.06,166,159,325,80.65,7,53.85,6,0,0,0,42,2,0,4,2,34,15,0,0,3,20260326,8,36,0,0,11,0,0.0,0,10,10,0,0,0,,53,63.86,0,0,0,78,8,9,0,0,4.0,0,0,0,0,0.0,0,0,0,0,135,2,0,0,0,0,0,0,0,0,0,0.0,0.0,0,4,3,1,2,7,43.75,0,28,17,60.71,9,19,16,25,60,62.5,34,210,193,403,102.4,7,0,681,20,1,0
Miguel Crespo,972410,Başakşehir FK,3086,turkey,2526,936,16,10,6.83,0,5,5,1.35,1.63,12,4,30.77,98,15,71.43,159,112,271,82.87,10,47.62,11,0,0,0,44,4,2,4,1,9,16,0,0,11,20260326,7,50,0,0,17,0,0.0,0,11,9,2,0,0,,52,57.14,0,0,1,56,7,18,0,2,3.0,0,0,0,0,0.0,0,0,0,0,104,8,0,0,0,0,0,0,0,0,0,0.0,0.0,0,8,2,4,2,16,76.19,0,14,8,57.14,18,21,21,13,62,55.36,21,204,123,327,109.2,10,0,499,22,3,0
Emre Kılınç,202032,Samsunspor,3053,turkey,2526,930,13,11,6.82,1,2,3,1.67,1.6,13,4,13.33,111,10,58.82,170,57,227,75.92,9,40.91,13,0,0,0,50,4,2,7,1,6,13,0,0,7,20260326,14,59,0,0,14,0,5.56,0,13,12,1,1,0,,47,50.54,0,0,0,72,2,15,1,0,2.0,0,0,0,0,0.0,0,0,0,0,144,3,0,0,0,0,0,0,0,0,0,930.0,0.0,0,12,6,5,6,6,33.33,0,24,13,54.17,15,21,18,30,56,48.7,17,223,76,299,88.7,18,1,474,17,3,0
Talha Ülvan,1084164,Eyüpspor,7040,turkey,2526,861,13,10,6.82,1,0,1,0.39,0.47,13,8,29.63,44,21,43.75,98,166,264,78.11,13,54.17,11,0,0,0,38,0,0,3,1,28,13,0,0,5,20260326,12,46,0,0,11,0,10.0,0,17,15,2,1,0,,35,50.0,0,0,0,74,14,2,0,0,7.0,0,0,0,0,0.0,0,0,0,0,129,1,0,0,1,0,0,0,0,0,0,861.0,0.0,1,4,6,3,4,6,46.15,0,22,16,72.73,2,29,13,27,48,51.06,48,145,193,338,88.7,10,2,587,7,1,0
Mithat Pala,1016393,Çaykur Rizespor,3064,turkey,2526,1233,22,13,6.82,2,0,2,0.9,1.58,17,11,29.73,148,23,54.76,241,160,401,85.32,10,33.33,20,0,0,0,73,2,0,7,5,27,22,0,0,12,20260326,21,88,0,0,15,0,11.11,0,18,18,0,2,0,,66,49.25,0,0,0,69,11,12,0,1,4.0,0,0,0,0,0.0,0,0,0,0,179,4,0,0,2,0,0,0,0,0,0,616.5,0.0,0,8,10,5,6,10,32.26,0,34,23,67.65,12,31,31,37,76,46.34,42,287,183,470,150.1,18,1,832,23,1,0
Milot Rashica,800411,Beşiktaş JK,3050,turkey,2526,891,22,7,6.82,1,3,4,1.75,2.31,7,10,33.33,87,9,50.0,129,45,174,78.38,5,33.33,10,0,0,0,45,8,2,9,3,12,22,0,0,7,20260326,8,55,0,1,12,0,5.0,0,10,8,2,1,0,,45,50.0,0,0,0,48,3,19,0,4,3.0,0,0,0,0,0.0,0,0,0,0,114,13,0,0,1,0,0,0,0,0,0,891.0,0.0,0,14,6,7,4,10,35.71,0,17,10,58.82,19,15,28,30,50,47.62,18,169,53,222,150.1,20,0,408,18,1,0
Olivier Kemen,280447,Başakşehir FK,3086,turkey,2526,1668,22,19,6.82,0,3,3,2.27,1.72,63,3,14.29,174,73,66.36,318,253,571,80.99,16,55.17,13,0,0,0,74,5,4,10,4,11,22,0,0,21,20260326,14,86,0,1,31,0,0.0,0,20,17,3,0,0,,76,51.01,0,0,0,134,7,19,0,2,0.0,0,0,0,1,0.0,0,0,0,0,225,12,0,0,0,0,0,0,0,0,0,0.0,0.0,0,11,18,13,6,15,57.69,0,30,22,73.33,19,90,26,21,92,51.69,110,424,281,705,150.1,29,0,974,32,4,0
Anthony Junior Dennis,1484438,Göztepe,3054,turkey,2526,1946,24,22,6.82,3,0,3,1.06,0.74,12,4,44.44,133,25,43.1,314,210,524,78.33,30,55.56,24,0,0,0,185,2,0,6,7,22,24,0,0,36,20260326,12,137,0,0,50,0,14.29,0,15,12,3,2,1,,88,43.78,0,0,0,145,28,12,1,0,8.0,0,0,0,1,0.0,0,0,0,1,244,13,0,0,2,0,0,0,0,0,0,648.67,0.0,0,8,13,9,6,21,56.76,0,45,28,62.22,12,19,37,9,118,46.27,58,419,250,669,163.7,21,0,1012,22,6,0
Nikola Storm,149796,Antalyaspor,3056,turkey,2526,1434,22,19,6.82,3,1,4,1.57,1.13,10,11,17.74,79,16,57.14,140,98,238,74.84,2,16.67,10,0,0,0,47,3,1,3,2,6,21,0,0,10,20260326,15,66,0,0,15,0,11.54,0,22,22,0,2,1,,46,45.1,0,0,1,80,8,14,1,1,4.0,0,0,0,0,0.0,0,0,0,0,194,6,0,0,2,0,0,0,0,0,0,478.0,0.0,0,16,10,10,13,20,51.28,0,14,7,50.0,14,24,39,62,48,42.11,28,195,123,318,143.2,26,0,572,12,1,0
Jesper Ceesay,1021269,Antalyaspor,3056,turkey,2526,1738,25,17,6.82,0,0,0,0.3,0.48,13,4,57.14,69,25,48.08,197,321,518,85.34,24,66.67,12,0,0,0,71,0,0,1,5,62,25,0,0,4,20260326,12,42,0,0,13,0,0.0,0,28,25,3,0,0,,60,66.67,0,0,0,89,25,9,0,1,5.0,0,0,0,0,0.0,0,0,0,0,121,7,0,0,0,0,0,0,0,0,0,0.0,0.0,0,3,3,3,2,2,66.67,0,44,28,63.64,9,24,3,7,84,66.67,52,253,354,607,170.4,6,0,860,19,4,0
Jim Allevinah,988632,Kasımpaşa,6063,turkey,2526,266,7,3,6.81,1,0,1,0.79,0.28,2,2,33.33,10,0,0.0,20,17,37,74.0,2,40.0,3,0,0,0,13,1,0,1,0,0,7,0,0,2,20260326,7,18,0,0,4,0,16.67,0,8,7,1,1,0,,24,61.54,0,0,0,13,1,4,0,0,1.0,0,0,0,0,0.0,0,0,0,0,32,2,0,0,1,0,0,0,0,0,0,266.0,0.0,0,3,3,4,1,6,75.0,0,10,6,60.0,4,3,8,6,26,59.09,1,29,21,50,47.7,6,0,114,8,2,0
Kaan Ayhan,138152,Galatasaray,3061,turkey,2526,306,15,1,6.81,0,0,0,0.28,0.09,7,1,25.0,30,16,66.67,89,108,197,93.81,7,63.64,4,0,0,0,12,1,0,0,0,4,14,0,0,0,20260326,1,9,0,0,4,0,0.0,0,2,2,0,0,0,,12,70.59,0,0,0,13,4,1,0,0,2.0,0,0,0,0,0.0,0,0,0,0,17,0,0,0,0,0,0,0,0,0,0,0.0,0.0,0,4,0,4,0,1,100.0,0,7,6,85.71,1,12,1,4,19,67.86,24,101,109,210,95.4,4,0,248,4,1,0
Václav Černý,280631,Beşiktaş JK,3050,turkey,2526,1746,23,23,6.81,4,8,12,6.27,3.72,17,20,28.17,244,22,61.11,383,161,544,82.55,1,7.14,13,0,0,0,74,7,6,17,1,9,23,0,0,14,20260326,15,83,0,0,15,0,7.69,0,22,17,5,4,0,,43,38.05,0,0,1,115,9,53,3,1,1.0,0,0,0,0,0.0,0,0,0,0,259,6,0,0,1,0,0,0,0,0,0,436.5,0.0,1,30,22,13,22,24,47.06,0,15,12,80.0,53,30,51,71,44,34.65,36,474,185,659,156.7,52,1,983,4,1,0
Tammy Abraham,610766,Beşiktaş JK,3050,turkey,2526,1258,18,15,6.81,7,1,8,8.2,1.79,3,0,0.0,63,4,36.36,98,55,153,73.91,24,50.0,24,0,0,1,17,1,10,6,3,13,18,0,0,12,20260326,6,71,0,0,25,0,21.88,0,16,14,2,6,1,,19,28.79,1,0,1,54,6,14,0,9,5.0,0,0,2,0,50.0,0,1,0,1,125,3,0,0,6,0,0,0,0,0,0,179.71,0.0,0,30,2,10,16,3,21.43,0,5,2,40.0,14,5,14,4,43,37.72,11,142,65,207,122.6,32,1,389,12,3,0
Andreas Gianniotis,236746,Kasımpaşa,6063,turkey,2526,2430,27,27,6.81,0,0,0,,0.09,57,0,0.0,34,181,36.2,123,469,592,64.77,5,100.0,0,0,0,0,199,0,0,0,6,20,27,1,0,0,20260326,2,2,1,1,0,0,0.0,164,38,35,3,0,0,-3.33,2,50.0,0,7,0,322,1,1,0,0,0.0,0,0,0,0,0.0,1,0,1,0,325,0,9,0,0,17,47,22,70,0,16,0.0,0.0,0,0,0,0,0,1,100.0,15,1,0,0.0,1,85,1,0,7,77.78,500,383,531,914,183.9,0,2,1125,2,2,0
Ibrahim Kaya,996405,Alanyaspor,6362,turkey,2526,853,23,8,6.81,4,1,5,2.15,0.94,8,12,23.53,53,9,56.25,105,40,145,78.38,6,35.29,11,0,0,0,30,2,0,8,1,4,21,0,0,13,20260326,5,53,0,0,7,0,15.38,0,12,11,1,4,0,,40,48.78,0,0,0,40,5,16,0,1,0.0,0,0,1,0,100.0,0,1,0,0,136,4,0,0,4,0,0,0,0,0,0,213.25,0.0,2,14,12,9,9,9,34.62,0,7,6,85.71,16,14,26,51,46,46.46,16,135,50,185,143.0,26,1,405,24,1,0
Davie Selke,187437,Başakşehir FK,3086,turkey,2526,969,17,13,6.81,7,0,7,5.32,0.6,3,1,16.67,33,0,0.0,65,26,91,64.54,40,54.79,33,0,0,0,5,3,6,4,0,10,17,0,0,6,20260326,4,66,0,0,21,0,33.33,0,11,9,2,7,0,,20,37.74,2,0,0,50,2,7,2,3,2.0,0,0,2,0,100.0,0,2,0,1,79,2,0,1,3,0,0,0,0,0,0,138.43,0.0,0,21,0,6,11,1,33.33,0,2,1,50.0,7,4,3,6,60,47.62,0,108,33,141,115.7,21,1,247,18,3,1
Bahadır Han Güngördü,807289,Konyaspor,3085,turkey,2526,1710,19,19,6.81,0,0,0,,0.05,39,0,0.0,20,116,36.59,62,326,388,65.32,5,100.0,0,0,0,0,146,0,0,0,4,16,19,1,0,0,20260326,2,3,3,2,1,0,0.0,111,26,24,2,0,0,-1.04,6,66.67,0,13,0,206,1,1,0,0,0.0,0,0,0,1,0.0,5,0,1,0,212,0,8,0,0,20,26,14,41,0,14,0.0,0.0,0,0,0,0,0,2,100.0,18,0,0,0.0,1,85,2,0,11,78.57,317,218,376,594,129.3,0,1,749,3,3,0
Žan Žužek,355582,Gençlerbirliği,7802,turkey,2526,2212,27,25,6.8,2,0,2,1.15,0.83,45,3,50.0,48,71,48.3,182,639,821,83.52,49,52.69,44,0,0,0,71,1,1,5,4,125,27,0,0,4,20260326,25,94,0,4,21,0,11.11,15,37,34,3,2,0,,45,47.37,1,0,0,162,40,9,1,0,28.0,0,0,0,1,0.0,0,0,0,1,187,2,0,0,0,0,0,0,0,0,0,1106.0,0.0,1,11,7,8,5,3,75.0,0,33,21,63.64,9,93,4,6,94,50.0,147,285,698,983,183.7,18,1,1315,10,2,0
Emre Akbaba,343527,Eyüpspor,7040,turkey,2526,991,21,10,6.8,3,0,3,3.14,1.9,10,11,32.35,96,17,60.71,163,133,296,81.54,7,31.82,15,0,0,0,41,2,3,6,0,6,21,0,0,14,20260326,12,57,0,0,14,0,12.0,0,17,16,1,3,0,,65,60.75,1,0,0,67,8,22,2,6,2.0,0,0,1,1,100.0,0,1,0,0,133,9,0,0,0,0,0,0,0,0,0,330.33,0.0,2,11,14,10,9,11,68.75,0,32,21,65.63,22,22,16,34,72,55.81,28,217,146,363,142.8,25,1,590,22,3,0
Amir Murillo,839493,Beşiktaş JK,3050,turkey,2526,552,7,6,6.8,1,1,2,0.26,0.46,6,4,25.0,50,5,41.67,87,68,155,82.45,6,54.55,5,0,0,0,31,1,0,4,3,14,7,0,0,4,20260326,3,24,0,0,8,0,12.5,0,4,4,0,1,0,,19,50.0,0,0,0,33,2,6,0,2,2.0,0,0,0,1,0.0,0,0,0,0,81,0,0,0,1,0,0,0,0,0,0,552.0,0.0,0,5,3,2,2,7,63.64,0,6,3,50.0,6,9,11,16,25,51.02,12,107,81,188,47.6,8,1,339,6,3,0
Taha Şahin,1394729,Çaykur Rizespor,3064,turkey,2526,1741,22,19,6.8,1,0,1,0.53,2.27,23,17,19.1,176,31,46.27,343,337,680,83.64,9,36.0,16,0,0,0,79,4,1,0,3,58,22,0,0,8,20260326,11,58,0,1,13,0,14.29,0,32,29,3,0,1,,73,63.48,0,0,2,133,20,29,0,0,6.0,0,0,0,0,0.0,0,0,0,0,272,4,0,0,1,0,0,0,0,0,0,1741.0,0.0,0,4,3,4,3,18,64.29,0,33,17,51.52,29,60,28,89,82,58.57,67,431,382,813,149.6,7,0,1316,23,4,0
Kartal Kayra Yılmaz,966811,Beşiktaş JK,3050,turkey,2526,468,12,4,6.8,0,1,1,0.19,0.59,10,3,20.0,95,12,42.86,204,140,344,88.21,6,54.55,5,0,0,0,31,1,0,2,0,7,12,0,0,0,20260326,6,24,0,1,10,0,0.0,0,5,4,1,0,0,,22,53.66,0,0,0,46,4,5,0,0,0.0,0,0,0,0,0.0,0,0,0,0,68,3,0,0,0,0,0,0,0,0,0,0.0,0.0,0,0,6,4,0,4,50.0,0,11,6,54.55,5,19,8,15,28,53.85,28,239,151,390,81.6,6,0,468,7,2,0
Sofyan Amrabat,359272,Fenerbahçe,3052,turkey,2526,102,2,1,6.8,0,0,0,,0.05,3,0,0.0,12,4,80.0,32,22,54,91.53,4,50.0,4,0,0,0,3,0,0,0,1,3,2,0,0,1,20260326,1,11,0,0,2,0,0.0,0,0,0,0,0,0,,5,41.67,0,0,0,5,2,2,0,0,1.0,0,0,0,0,0.0,0,0,0,0,12,1,0,0,0,0,0,0,0,0,0,0.0,0.0,0,0,0,0,0,0,0.0,0,1,0,0.0,2,5,3,2,9,45.0,5,35,24,59,13.6,0,0,79,4,0,0
Yasir Subaşı,796555,Konyaspor,3085,turkey,2526,347,9,3,6.8,0,0,0,,0.05,4,0,0.0,15,8,44.44,74,146,220,90.53,7,43.75,9,0,0,0,16,0,0,0,1,18,8,0,0,0,20260326,0,13,0,0,4,0,0.0,12,2,2,0,0,0,,8,66.67,0,0,0,23,4,1,0,0,1.0,0,0,0,0,0.0,0,0,0,0,34,0,0,0,0,0,0,0,0,0,0,0.0,0.0,0,0,0,0,0,1,100.0,0,6,3,50.0,1,11,1,4,15,53.57,18,92,151,243,54.4,0,0,293,1,0,0
Rıdvan Yılmaz,910086,Beşiktaş JK,3050,turkey,2526,1625,19,18,6.8,0,0,0,0.79,0.9,32,8,13.79,185,28,38.36,366,245,611,80.5,11,44.0,14,0,0,0,57,0,2,4,6,45,19,0,0,9,20260326,12,51,1,2,6,0,0.0,0,18,15,3,0,0,,74,66.67,0,0,2,148,16,12,0,3,2.0,0,0,0,0,0.0,0,0,0,0,262,7,0,0,0,0,0,0,0,0,0,0.0,0.0,0,3,6,4,1,10,47.62,0,36,24,66.67,12,65,21,58,85,62.5,73,457,302,759,129.2,9,1,1210,29,2,0
David Jurásek,1030711,Beşiktaş JK,3050,turkey,2526,637,10,7,6.8,0,0,0,0.2,2.09,9,8,21.05,47,7,25.93,96,118,214,81.37,3,75.0,1,0,0,0,31,4,1,0,2,14,9,0,0,3,20260326,4,10,0,1,1,0,0.0,0,10,9,1,0,0,,23,71.88,0,0,0,49,6,8,0,4,1.0,1,0,0,0,0.0,0,0,0,0,99,1,0,0,0,0,0,0,0,0,0,0.0,0.0,0,1,0,1,0,7,87.5,0,13,8,61.54,8,17,8,38,26,72.22,27,123,140,263,61.2,1,1,431,3,0,0
Enver Kulašin,1124590,Gaziantep FK,5138,turkey,2526,132,5,1,6.8,0,0,0,0.04,0.24,1,0,0.0,10,2,50.0,17,16,33,80.49,0,0.0,1,0,0,0,9,0,0,0,0,1,4,0,0,1,20260326,2,8,0,0,2,0,0.0,0,3,3,0,0,0,,9,56.25,0,0,0,8,0,2,0,0,0.0,0,0,0,0,0.0,0,0,0,0,20,0,0,0,0,0,0,0,0,0,0,0.0,0.0,0,1,1,1,1,0,0.0,0,5,3,60.0,2,2,2,1,9,52.94,4,21,20,41,27.2,2,0,73,4,1,0
Bruno Viana,804703,Alanyaspor,6362,turkey,2526,194,3,2,6.8,0,0,0,0.03,0.02,3,0,0.0,8,4,57.14,25,74,99,86.09,8,61.54,5,0,0,0,8,0,0,0,0,10,3,0,0,0,20260326,1,8,0,1,2,0,0.0,6,3,3,0,0,0,,5,62.5,0,0,0,16,1,0,0,0,3.0,0,0,0,0,0.0,0,0,0,0,17,0,0,0,0,0,0,0,0,0,0,0.0,0.0,0,1,0,1,0,0,0.0,0,5,3,60.0,0,8,0,1,13,61.9,7,33,82,115,20.4,1,0,140,0,0,0
Carlo Holse,837012,Samsunspor,3053,turkey,2526,1978,24,22,6.8,5,2,7,4.99,1.83,12,2,11.76,184,23,53.49,383,274,657,82.54,20,37.74,33,0,0,0,67,2,5,7,4,9,24,0,0,18,20260326,37,118,0,1,27,0,12.82,0,25,22,3,4,1,,91,51.7,1,0,1,139,16,24,4,0,1.0,0,0,0,0,0.0,0,0,0,0,220,6,0,0,0,0,0,0,0,0,0,395.6,0.0,0,26,13,15,17,16,69.57,0,50,31,62.0,24,22,23,17,111,48.47,43,494,302,796,163.1,39,2,1093,25,1,0
Kévin Rodrigues,234232,Gaziantep FK,5138,turkey,2526,1825,22,21,6.8,2,1,3,0.66,1.3,31,9,25.0,167,60,56.07,383,450,833,84.74,15,55.56,12,0,0,0,89,2,0,6,3,40,22,0,1,11,20260326,48,103,1,2,23,0,8.33,0,34,31,3,0,2,,95,51.08,0,0,1,150,36,22,2,0,4.0,1,0,0,1,0.0,0,0,0,0,242,2,0,1,0,0,0,0,0,0,0,912.5,0.0,1,5,19,11,7,7,36.84,0,62,38,61.29,22,61,19,36,110,51.64,107,478,505,983,149.5,24,1,1429,26,6,0
Ismail Jakobs,897291,Galatasaray,3061,turkey,2526,806,17,9,6.79,0,0,0,0.16,0.87,4,10,27.78,91,13,34.21,180,162,342,83.01,14,60.87,9,0,0,0,38,0,0,3,2,42,17,0,0,2,20260326,1,26,0,0,8,0,0.0,2,5,5,0,0,0,,31,64.58,0,0,0,70,7,7,0,0,1.0,0,0,0,0,0.0,0,0,0,0,141,1,0,0,0,0,0,0,0,0,0,0.0,0.0,0,1,4,2,0,6,46.15,0,18,9,50.0,7,14,13,36,45,63.38,38,226,186,412,115.5,5,0,658,7,1,0
Berkan Kutlu,992912,Konyaspor,3085,turkey,2526,873,17,9,6.79,0,1,1,0.55,0.81,13,7,33.33,101,24,48.98,191,163,354,82.33,5,41.67,7,0,0,0,44,1,1,3,2,8,16,0,0,5,20260326,7,36,0,2,10,0,0.0,0,10,10,0,0,0,,31,51.67,0,0,0,76,6,13,0,0,1.0,0,0,0,0,0.0,0,0,0,0,117,5,0,0,0,0,0,0,0,0,0,0.0,0.0,0,2,7,2,4,5,41.67,0,14,7,50.0,13,40,12,21,36,50.0,49,255,175,430,108.7,9,0,573,12,3,0
Lautaro Giannetti,233856,Antalyaspor,3056,turkey,2526,1332,22,14,6.79,1,1,2,0.83,0.14,15,0,0.0,36,38,50.67,119,370,489,86.09,39,59.09,27,0,0,0,35,0,1,1,1,116,21,0,0,1,20260326,10,50,1,0,13,0,14.29,19,29,26,3,1,0,,27,54.0,1,0,1,79,12,2,0,1,16.0,0,0,0,1,0.0,0,0,0,0,89,0,0,0,0,0,0,0,0,0,0,1332.0,0.0,0,6,1,3,3,1,25.0,0,23,16,69.57,2,26,4,1,66,56.9,75,165,403,568,142.6,7,1,784,3,4,0
Furkan Soyalp,226992,Kayserispor,3072,turkey,2526,1485,21,18,6.79,1,0,1,1.22,0.91,29,4,25.0,113,41,53.95,205,222,427,77.78,24,53.33,21,0,0,0,90,0,0,0,1,34,21,0,0,15,20260326,39,114,0,1,38,0,6.25,0,33,29,4,1,0,,100,51.81,0,0,0,122,25,12,0,0,5.0,0,0,0,0,0.0,0,0,0,0,181,9,0,0,1,0,0,0,0,0,0,1485.0,0.0,0,9,7,7,9,14,82.35,0,58,38,65.52,12,57,17,16,124,52.1,76,290,259,549,142.6,16,1,852,31,7,0
Lenny Pintor,896596,Eyüpspor,7040,turkey,2526,662,10,9,6.79,0,0,0,0.76,0.78,3,6,37.5,46,2,25.0,85,57,142,80.23,2,9.52,19,0,0,0,39,1,0,6,1,6,10,0,0,13,20260326,11,69,1,1,7,0,0.0,0,9,8,1,0,0,,58,53.7,0,0,0,35,7,12,0,1,2.0,0,0,0,0,0.0,0,0,0,1,97,2,0,0,0,0,0,0,0,0,0,0.0,0.0,0,6,5,4,1,12,38.71,0,19,12,63.16,12,7,31,16,60,46.51,8,109,68,177,67.9,11,0,374,27,1,0
Elayis Tavsan,929631,Samsunspor,3053,turkey,2526,449,9,4,6.79,0,1,1,1.34,1.16,1,5,21.74,36,2,40.0,66,40,106,83.46,6,85.71,1,0,0,0,12,1,1,9,1,1,9,0,0,7,20260326,0,23,0,0,11,0,0.0,0,5,5,0,0,0,,21,48.84,0,0,0,21,2,6,0,0,0.0,0,0,0,0,0.0,0,0,0,0,60,4,0,0,0,0,0,0,0,0,0,0.0,0.0,1,16,3,8,2,11,68.75,0,6,5,83.33,6,2,16,23,27,54.0,5,82,45,127,61.1,19,0,236,5,0,0
Nazım Sangaré,169425,Gaziantep FK,5138,turkey,2526,695,9,8,6.79,0,0,0,0.11,0.32,16,0,0.0,30,21,43.75,68,160,228,77.29,12,85.71,2,0,0,0,33,0,0,0,2,26,9,0,1,0,20260326,6,26,1,1,10,0,0.0,0,7,6,1,0,0,,45,65.22,0,0,0,67,25,4,0,0,3.0,0,0,0,0,0.0,0,0,0,0,90,0,0,1,0,0,0,0,0,0,0,0.0,0.0,0,3,0,2,1,5,38.46,0,26,18,69.23,4,38,13,3,57,68.67,48,107,188,295,61.1,3,0,453,14,4,0
Myenty Abena,555422,Gaziantep FK,5138,turkey,2526,1371,17,15,6.79,1,1,2,1.28,0.38,3,0,0.0,19,22,62.86,105,460,565,92.47,49,63.64,28,0,0,0,43,1,1,2,1,89,17,0,1,3,20260326,1,46,0,1,16,0,12.5,20,31,26,5,1,0,,37,67.27,1,0,0,46,10,3,0,1,17.0,0,0,0,0,0.0,0,0,0,0,55,0,0,1,0,0,0,0,0,0,0,1371.0,0.0,0,8,0,4,2,1,100.0,0,22,16,72.73,3,7,1,1,86,65.15,35,121,490,611,115.4,8,0,811,15,2,0
Massadio Haïdara,143344,Kocaelispor,3065,turkey,2526,1322,17,16,6.79,0,1,1,0.48,1.06,8,15,25.86,107,15,41.67,216,178,394,82.43,14,63.64,8,0,0,0,45,1,1,0,4,35,17,0,0,4,20260326,3,51,0,1,25,0,0.0,0,12,10,2,0,0,,52,54.74,0,0,1,84,18,11,0,2,6.0,0,0,0,0,0.0,0,0,0,0,188,3,0,0,0,0,0,0,0,0,0,0.0,0.0,0,4,2,3,3,9,45.0,0,22,10,45.45,11,19,20,58,66,56.41,36,273,205,478,115.4,6,0,889,24,4,0
Novatus Miroshi,1103597,Göztepe,3054,turkey,2526,1625,25,17,6.79,1,1,2,1.6,1.09,22,5,41.67,125,33,49.25,265,160,425,77.41,30,62.5,18,0,0,0,86,1,1,4,5,49,25,0,0,6,20260326,12,77,0,1,44,0,5.56,0,16,14,2,1,0,,51,46.36,0,0,0,124,32,7,1,0,10.0,0,0,0,1,0.0,0,0,0,0,172,12,0,0,0,0,0,0,0,0,0,1625.0,0.0,0,13,5,10,4,3,42.86,0,40,25,62.5,7,43,7,12,81,51.27,67,356,193,549,169.7,18,1,826,9,6,0
Zeki Yavru,140735,Samsunspor,3053,turkey,2526,1788,22,22,6.79,0,1,1,0.29,2.59,46,29,20.86,177,50,42.37,365,322,687,81.21,14,51.85,13,0,0,0,67,2,0,3,5,47,22,0,0,5,20260326,22,60,1,0,17,0,0.0,0,20,19,1,0,0,,57,54.81,0,0,1,159,21,29,0,1,4.0,0,0,0,0,0.0,0,0,0,0,296,4,0,0,0,0,0,0,0,0,0,0.0,0.0,5,0,9,4,2,8,66.67,0,36,20,55.56,29,83,12,139,71,54.2,118,484,362,846,149.3,9,0,1355,14,3,0
Marko Jevtović,310068,Konyaspor,3085,turkey,2526,824,15,9,6.79,0,0,0,0.96,0.2,15,1,100.0,59,26,55.32,129,186,315,81.4,33,58.93,23,0,0,0,22,0,2,5,0,43,14,0,0,1,20260326,9,39,0,1,6,0,0.0,0,11,9,2,0,0,,29,64.44,0,0,0,72,13,5,0,0,4.0,0,0,0,0,0.0,0,0,0,0,76,3,0,0,0,0,0,0,0,0,0,0.0,0.0,0,8,2,3,2,1,100.0,0,20,14,70.0,5,27,1,1,62,61.39,47,182,205,387,95.0,10,0,516,9,2,0
Rhaldney,992024,Göztepe,3054,turkey,2526,1098,18,12,6.78,1,1,2,1.22,0.86,11,11,47.83,125,16,51.61,237,95,332,85.79,12,34.29,23,0,0,0,82,0,1,4,4,12,18,0,0,10,20260326,4,71,0,0,30,0,6.67,0,4,3,1,1,0,,52,52.0,0,0,0,55,15,17,0,1,1.0,0,0,0,0,0.0,0,0,0,0,112,3,0,1,1,0,0,0,0,0,0,1098.0,0.0,0,8,7,6,5,5,33.33,0,33,21,63.64,17,20,15,23,64,47.41,31,279,108,387,122.1,15,0,590,15,1,1
Umut Güneş,876782,Başakşehir FK,3086,turkey,2526,1642,23,20,6.78,1,0,1,0.85,0.56,26,3,30.0,151,43,74.14,353,422,775,89.91,13,50.0,13,0,0,0,60,0,0,1,1,19,23,0,0,13,20260326,17,79,0,1,35,0,11.11,0,17,14,3,1,0,,54,45.0,0,0,0,87,20,4,0,0,4.0,0,0,0,1,0.0,0,0,0,0,134,6,0,0,1,0,0,0,0,0,0,1642.0,0.0,0,3,6,6,2,5,50.0,0,26,16,61.54,4,47,10,10,67,45.89,58,406,456,862,156.0,9,1,1071,23,2,0
Franco Tongya,965015,Gençlerbirliği,7802,turkey,2526,1712,21,20,6.78,3,2,5,2.48,0.91,10,0,0.0,119,11,40.74,198,158,356,85.99,3,17.65,14,0,0,0,60,3,3,3,1,8,21,0,1,20,20260326,13,95,0,0,35,0,11.54,0,25,24,1,3,0,,75,48.08,0,0,0,58,11,22,1,4,3.0,0,0,0,0,0.0,0,0,0,1,156,7,0,1,2,0,0,0,0,0,0,570.67,0.0,0,17,9,9,14,9,34.62,0,35,16,45.71,22,20,26,10,78,45.09,27,238,176,414,142.4,26,0,710,31,4,0
Tiago Djaló,892735,Beşiktaş JK,3050,turkey,2526,1210,15,13,6.78,1,0,1,0.9,0.13,13,0,0.0,38,20,46.51,163,433,596,91.69,32,57.14,24,0,0,0,48,1,1,1,2,83,15,0,0,2,20260326,7,59,1,1,25,0,12.5,19,17,13,4,1,0,,28,44.44,1,0,1,54,20,2,0,0,8.0,0,0,0,1,0.0,0,0,0,0,68,0,0,0,0,0,0,0,0,0,0,1210.0,0.0,0,7,1,5,2,1,25.0,0,17,10,58.82,2,23,4,0,60,50.42,43,188,462,650,101.7,8,1,843,11,4,0
Jonas Svensson,98199,Beşiktaş JK,3050,turkey,2526,353,5,4,6.78,0,0,0,0.06,0.16,0,2,50.0,34,5,55.56,73,59,132,82.5,9,90.0,1,0,0,0,11,0,0,0,0,9,5,0,0,0,20260326,3,15,0,0,11,0,0.0,0,5,5,0,0,0,,20,58.82,0,0,0,28,9,1,0,0,1.0,0,0,0,0,0.0,0,0,0,0,32,0,0,0,0,0,0,0,0,0,0,0.0,0.0,0,1,0,1,0,0,0.0,0,13,8,61.54,1,3,0,4,29,65.91,9,94,66,160,33.9,1,0,246,8,1,0
Aleksandar Jovanović,800971,Kocaelispor,3065,turkey,2526,1575,18,18,6.78,0,0,0,,0.03,30,0,0.0,20,133,41.18,98,237,335,63.69,4,100.0,0,0,0,0,118,0,0,0,6,21,18,1,0,0,20260326,1,1,1,1,0,0,0.0,105,18,16,2,0,0,-0.73,2,66.67,0,14,0,191,0,0,0,0,0.0,1,0,0,0,0.0,2,0,0,0,198,0,9,0,0,6,16,15,32,1,11,0.0,0.0,0,0,0,0,0,0,0.0,6,0,0,0.0,0,55,0,0,6,85.71,323,253,273,526,122.0,0,0,669,3,3,0
Habib Keita,1082953,Kocaelispor,3065,turkey,2526,1531,21,18,6.78,1,2,3,0.44,0.85,17,1,11.11,124,29,61.7,259,270,529,84.24,15,57.69,11,0,0,0,84,1,0,2,3,12,21,0,0,12,20260326,16,73,0,3,28,0,5.88,0,15,12,3,0,1,,63,50.4,0,0,2,99,12,8,1,0,3.0,0,0,0,0,0.0,0,0,0,0,158,3,0,0,0,0,0,0,0,0,0,1531.0,0.0,0,2,15,13,2,6,37.5,0,31,17,54.84,8,30,16,9,78,51.66,47,327,301,628,142.3,17,0,839,27,3,0
Andri Baldursson,932856,Kasımpaşa,6063,turkey,2526,2183,25,25,6.78,0,1,1,0.57,0.66,30,1,25.0,145,38,36.54,305,275,580,76.52,38,60.32,25,0,0,0,108,1,0,4,5,67,25,0,0,15,20260326,30,128,1,1,56,0,0.0,0,33,30,3,0,0,,95,47.98,0,0,0,178,29,11,0,0,10.0,0,0,0,0,0.0,0,0,0,0,224,10,0,0,0,0,0,0,0,0,0,0.0,0.0,0,4,14,13,1,6,54.55,0,60,40,66.67,11,53,11,4,133,50.96,104,436,322,758,169.4,18,0,1094,29,6,0
Uğurcan Yazğılı,904303,Konyaspor,3085,turkey,2526,1624,20,19,6.78,0,1,1,0.93,0.56,45,1,33.33,95,76,58.46,301,554,855,87.16,40,52.63,36,0,0,0,79,1,1,1,2,84,20,0,0,2,20260326,9,66,1,2,20,0,0.0,5,24,20,4,0,0,,51,62.96,0,0,0,126,33,6,0,0,12.0,0,0,0,2,0.0,0,0,0,0,145,0,0,0,0,0,0,0,0,0,0,0.0,0.0,0,11,3,11,2,2,66.67,0,30,20,66.67,6,85,3,3,91,57.96,130,392,589,981,135.5,14,0,1248,20,9,0
Hamza Güreler,1562294,Başakşehir FK,3086,turkey,2526,126,4,1,6.78,0,0,0,,0.0,3,0,0.0,3,5,41.67,12,44,56,86.15,0,0.0,3,0,0,0,3,0,0,0,1,5,4,0,0,0,20260326,0,3,0,0,0,0,0.0,0,1,1,0,0,0,,4,100.0,0,0,0,9,3,0,0,0,1.0,0,0,0,0,0.0,0,0,0,0,9,0,0,0,0,0,0,0,0,0,0,0.0,0.0,0,0,0,0,0,0,0.0,0,2,1,50.0,0,6,0,0,4,57.14,12,18,47,65,27.1,0,0,83,2,0,0
Show,933115,Kocaelispor,3065,turkey,2526,1800,24,19,6.78,0,0,0,0.47,0.83,11,1,33.33,93,25,38.46,260,390,650,84.75,17,51.52,16,0,0,0,87,0,0,2,6,29,24,0,0,9,20260326,6,60,0,0,31,0,0.0,0,22,18,4,0,0,,71,61.74,0,0,1,117,19,6,0,0,12.0,0,0,0,0,0.0,0,0,0,0,149,3,0,0,0,0,0,0,0,0,0,0.0,0.0,0,3,13,12,2,6,85.71,0,33,24,72.73,6,34,7,3,88,59.46,65,348,419,767,162.6,16,0,996,32,8,0
Çağtay Kurukalıp,962620,Fatih Karagümrük,4954,turkey,2526,902,19,10,6.77,0,2,2,0.17,0.77,6,7,18.92,48,8,40.0,121,135,256,79.5,11,52.38,10,0,0,0,42,2,0,0,1,29,18,0,0,5,20260326,5,38,0,0,14,0,0.0,0,16,16,0,0,0,,49,63.64,0,0,0,66,14,6,0,3,4.0,0,0,0,0,0.0,0,0,0,0,127,5,0,0,0,0,0,0,0,0,0,0.0,0.0,1,1,3,3,1,7,63.64,0,18,13,72.22,6,19,11,37,60,61.22,20,162,160,322,121.9,4,1,594,24,0,0
Metehan Mimaroğlu,900809,Gençlerbirliği,7802,turkey,2526,1537,25,17,6.77,4,2,6,2.66,2.64,11,20,20.0,119,12,44.44,199,85,284,73.58,14,48.28,15,0,0,0,82,7,1,16,2,21,25,0,0,33,20260326,20,117,0,0,16,0,10.0,0,25,23,2,4,0,,65,38.92,1,0,0,102,11,25,1,9,1.0,0,1,0,0,0.0,0,0,0,0,306,13,0,0,2,0,0,0,0,0,0,384.25,0.0,1,26,14,11,13,24,41.38,0,16,10,62.5,24,21,58,100,79,40.31,27,276,110,386,169.3,40,1,812,25,2,0
Celil Yüksel,806972,Samsunspor,3053,turkey,2526,1154,20,14,6.77,0,1,1,0.57,1.93,25,10,35.71,96,29,51.79,247,199,446,81.24,11,40.74,16,0,0,0,84,2,0,9,1,12,20,0,0,22,20260326,22,92,0,0,25,0,0.0,0,12,10,2,0,0,,76,50.0,0,0,0,103,18,18,0,0,4.0,0,0,0,0,0.0,0,0,0,0,178,7,0,0,0,0,0,0,0,0,0,0.0,0.0,0,2,16,7,2,11,57.89,0,43,26,60.47,18,44,19,28,87,48.6,56,331,218,549,135.4,18,0,811,23,2,0
Modibo Sagnan,904759,Çaykur Rizespor,3064,turkey,2526,1030,13,12,6.77,0,0,0,0.21,0.28,22,0,0.0,39,21,36.21,93,318,411,86.89,21,48.84,22,0,0,0,52,1,1,0,4,61,13,0,0,2,20260326,5,56,0,0,25,0,0.0,11,11,10,1,0,0,,32,48.48,0,0,0,62,17,3,0,2,9.0,0,0,0,0,0.0,0,0,0,0,75,0,0,0,0,0,0,0,0,0,0,0.0,0.0,0,2,1,3,0,4,57.14,0,22,15,68.18,3,41,7,0,53,48.62,58,132,341,473,88.0,3,1,646,6,4,0
Atakan Mujde,1134704,Kasımpaşa,6063,turkey,2526,167,6,2,6.77,0,1,1,,0.1,2,3,37.5,6,1,50.0,12,17,29,64.44,5,71.43,2,0,0,0,11,0,0,0,0,4,6,0,0,1,20260326,1,13,0,0,7,0,0.0,0,4,4,0,0,0,,14,56.0,0,0,0,16,5,3,0,0,4.0,0,0,0,0,0.0,0,0,0,0,33,2,0,0,0,0,0,0,0,0,0,0.0,0.0,0,0,0,0,0,3,60.0,0,6,2,33.33,3,4,5,8,19,59.38,2,23,22,45,40.6,0,0,101,5,3,0
Nicholas Opoku,885683,Kasımpaşa,6063,turkey,2526,2101,24,23,6.77,0,0,0,0.4,0.21,44,0,0.0,73,60,56.07,264,652,916,90.07,43,65.15,23,0,0,0,107,0,2,1,5,153,24,0,0,7,20260326,19,67,0,0,18,0,0.0,7,31,28,3,0,0,,44,50.0,0,0,0,101,19,4,0,0,19.0,0,0,0,1,0.0,0,0,0,0,118,3,0,0,0,0,0,0,0,0,0,0.0,0.0,0,3,2,3,1,1,100.0,0,29,14,48.28,4,77,1,2,87,56.49,107,335,682,1017,162.4,5,0,1314,14,5,0
Rodrigo Becão,880207,Kasımpaşa,6063,turkey,2526,720,9,8,6.77,0,0,0,0.09,0.04,14,0,0.0,18,20,34.48,79,257,336,85.28,11,64.71,6,0,0,0,25,0,0,0,1,34,9,0,0,0,20260326,3,21,0,0,11,0,0.0,0,12,12,0,0,0,,23,60.53,0,0,0,58,7,0,0,0,10.0,0,0,0,0,0.0,0,0,0,0,64,0,0,0,0,0,0,0,0,0,0,0.0,0.0,0,1,0,1,0,2,50.0,0,9,6,66.67,0,37,4,1,34,61.82,58,120,274,394,60.9,1,0,487,12,3,0
Bünyamin Balcı,967214,Antalyaspor,3056,turkey,2526,1941,26,21,6.77,0,3,3,0.26,1.65,50,13,35.14,142,44,41.9,266,312,578,76.56,18,54.55,15,0,0,0,76,3,0,1,4,81,26,0,0,7,20260326,19,64,0,0,17,0,0.0,0,36,34,2,0,0,,90,64.75,0,0,0,177,23,15,0,3,6.0,0,0,0,0,0.0,0,0,0,0,272,3,0,0,0,0,0,0,0,0,0,0.0,0.0,0,2,3,3,1,9,52.94,0,57,31,54.39,15,97,17,37,108,62.79,105,379,376,755,175.9,5,0,1352,27,4,0
Sebastian Szymański,847983,Fenerbahçe,3052,turkey,2526,446,14,4,6.76,1,0,1,0.83,1.29,7,3,11.11,72,7,50.0,117,38,155,82.89,1,20.0,4,0,0,0,28,3,2,4,1,4,14,0,0,3,20260326,2,23,0,0,5,0,11.11,0,2,1,1,1,0,,19,50.0,1,0,0,32,3,11,0,2,0.0,0,0,0,0,0.0,0,0,0,0,89,6,0,0,0,0,0,0,0,0,0,446.0,0.0,0,7,2,2,3,2,16.67,0,8,6,75.0,11,11,12,27,20,46.51,14,142,45,187,94.7,9,0,296,9,0,0
Efkan Bekiroğlu,800458,Göztepe,3054,turkey,2526,880,21,11,6.76,3,2,5,2.04,1.89,8,25,45.45,53,7,41.18,106,61,167,74.22,4,40.0,6,0,0,0,40,2,4,1,0,4,21,0,0,10,20260326,5,50,0,0,17,1,12.5,0,7,6,1,2,1,,32,42.11,0,0,0,58,5,30,2,1,1.0,0,0,0,0,0.0,0,0,0,0,124,5,0,0,1,0,0,0,0,0,0,293.33,25.0,4,7,17,17,6,16,57.14,0,12,6,50.0,30,25,28,55,36,41.86,17,154,71,225,142.0,24,0,402,4,3,0
Miguel Cardoso,344009,Kayserispor,3072,turkey,2526,2314,26,26,6.76,2,4,6,4.76,6.53,15,37,17.87,221,18,46.15,357,173,530,82.04,31,47.69,34,0,0,0,81,9,8,18,5,11,26,0,0,12,20260326,27,123,0,1,36,0,3.33,0,45,39,6,1,1,,74,45.4,0,0,1,116,6,38,1,19,1.0,0,0,0,1,0.0,0,0,0,0,371,19,0,0,1,0,0,0,0,0,0,1157.0,0.0,1,33,27,24,18,16,45.71,0,30,20,66.67,38,39,35,207,105,46.05,39,448,198,646,175.7,60,1,1167,29,6,0
Dario Šarić,848385,Antalyaspor,3056,turkey,2526,1078,18,11,6.76,1,0,1,0.52,0.4,11,2,20.0,68,15,62.5,133,128,261,80.31,15,55.56,12,0,0,0,54,0,0,5,0,22,18,0,0,12,20260326,10,71,0,1,15,0,8.33,0,19,18,1,1,0,,72,54.96,1,0,0,64,4,6,0,3,2.0,0,0,0,0,0.0,0,0,0,0,150,5,0,0,0,0,0,0,0,0,0,1078.0,0.0,0,7,5,3,4,6,20.69,0,26,18,69.23,6,18,29,10,87,55.06,24,177,148,325,121.6,12,0,571,40,2,0
Gaius Makouta,847013,Alanyaspor,6362,turkey,2526,2207,26,26,6.75,1,0,1,1.29,1.89,34,6,31.58,240,40,59.7,495,411,906,87.45,24,60.0,16,0,0,0,101,2,1,7,5,17,26,0,0,26,20260326,11,89,1,5,30,0,4.35,0,30,28,2,1,0,,75,50.68,1,0,0,130,25,16,0,1,0.0,0,0,0,1,0.0,0,0,0,0,205,4,0,0,0,0,0,0,0,0,0,2207.0,0.0,0,11,12,12,4,14,60.87,0,26,19,73.08,16,63,23,19,99,52.66,67,586,450,1036,175.6,23,0,1310,35,6,0
Cláudio Winck,155998,Kasımpaşa,6063,turkey,2526,1852,22,21,6.75,3,1,4,2.38,1.42,38,9,16.07,133,34,33.33,238,149,387,68.5,46,57.5,34,0,0,0,72,1,3,9,3,56,22,0,0,8,20260326,13,100,0,1,31,0,12.5,0,30,28,2,3,0,,73,52.52,1,0,0,178,18,12,1,3,4.0,0,0,0,0,0.0,0,0,0,0,307,3,0,0,1,0,0,0,0,0,0,617.33,0.0,2,15,9,7,8,10,38.46,0,39,26,66.67,12,87,26,56,119,54.34,102,380,185,565,148.5,24,0,1102,28,5,0
Pedrinho,1015939,Konyaspor,3085,turkey,2526,676,15,6,6.75,1,0,1,1.39,1.07,15,8,21.05,94,19,57.58,143,75,218,80.44,3,33.33,6,0,0,0,32,1,1,5,0,8,14,0,0,8,20260326,4,34,0,1,7,0,6.67,0,10,9,1,1,0,,45,61.64,0,0,0,53,4,10,0,0,1.0,0,0,1,0,100.0,0,1,0,0,119,6,0,0,1,0,0,0,0,0,0,676.0,0.0,5,4,11,5,5,9,45.0,0,19,9,47.37,10,32,20,38,48,58.54,33,184,87,271,94.5,15,0,438,17,0,0
Filip Krastev,935556,Göztepe,3054,turkey,2526,318,6,4,6.75,0,1,1,0.56,0.55,4,7,41.18,25,5,100.0,42,30,72,74.23,3,33.33,6,0,0,0,14,2,0,3,1,0,6,0,0,10,20260326,3,31,0,0,9,0,0.0,0,4,4,0,0,0,,26,50.98,0,0,1,25,5,8,0,0,0.0,0,0,0,0,0.0,0,0,0,0,57,0,0,0,0,0,0,0,0,0,0,0.0,0.0,2,2,7,6,0,6,60.0,0,14,5,35.71,8,9,10,17,29,48.33,5,63,34,97,40.5,9,0,196,6,1,0
Oğuz Aydın,999396,Fenerbahçe,3052,turkey,2526,493,16,4,6.75,0,1,1,0.53,2.13,6,7,19.44,94,4,50.0,140,47,187,87.38,1,12.5,7,0,0,0,29,3,0,3,0,6,14,0,0,5,20260326,3,22,0,0,6,0,0.0,0,4,3,1,0,0,,20,57.14,0,0,0,27,2,17,0,2,1.0,0,0,0,0,0.0,0,0,0,0,75,5,0,0,0,0,0,0,0,0,0,0.0,0.0,0,8,1,2,4,4,66.67,0,10,7,70.0,17,8,6,36,21,48.84,8,162,52,214,94.5,9,0,349,6,1,0
Nicolò Zaniolo,864898,Galatasaray,3061,turkey,2526,56,4,0,6.75,0,1,1,0.05,0.65,1,0,0.0,7,1,100.0,9,6,15,78.95,0,0.0,0,0,0,0,2,1,0,0,0,0,4,0,0,0,20260326,1,6,0,0,1,0,0.0,0,0,0,0,0,0,,3,33.33,0,0,0,4,0,2,0,0,0.0,0,0,0,0,0.0,0,0,0,0,11,0,0,0,0,0,0,0,0,0,0,0.0,0.0,0,0,2,1,1,2,33.33,0,1,0,0.0,2,1,6,1,3,33.33,1,13,6,19,27.0,2,0,33,0,0,0
Metehan Baltacı,997155,Galatasaray,3061,turkey,2526,24,2,0,6.75,0,0,0,,0.0,0,0,0.0,1,0,0.0,1,7,8,88.89,0,0.0,0,0,0,0,0,0,0,0,0,3,2,0,0,0,20260326,0,0,0,0,0,0,0.0,0,0,0,0,0,0,,1,100.0,0,0,0,1,1,0,0,0,0.0,0,0,0,0,0.0,0,0,0,0,1,0,0,0,0,0,0,0,0,0,0,0.0,0.0,0,0,0,0,0,0,0.0,0,1,1,100.0,0,0,0,0,1,100.0,0,1,8,9,13.5,0,0,14,0,0,0
Salih Malkoçoğlu,1499364,Trabzonspor,3051,turkey,2526,35,5,0,6.75,0,0,0,,0.02,0,0,0.0,3,0,0.0,6,10,16,80.0,2,50.0,2,0,0,0,2,0,0,0,0,0,2,0,0,0,20260326,2,4,0,0,0,0,0.0,0,2,2,0,0,0,,4,66.67,0,0,0,4,2,2,0,0,0.0,0,0,0,0,0.0,0,0,0,0,4,1,0,0,0,0,0,0,0,0,0,0.0,0.0,0,0,0,0,0,1,100.0,0,3,3,100.0,2,0,1,0,6,60.0,0,9,11,20,13.5,0,0,29,0,0,0
Rayyan Baniya,929739,Trabzonspor,3051,turkey,2526,225,6,1,6.75,0,0,0,,0.01,1,0,0.0,6,3,33.33,27,71,98,89.09,2,40.0,3,0,0,0,7,0,0,0,0,12,6,0,0,1,20260326,1,7,0,0,2,0,0.0,0,1,0,1,0,0,,5,55.56,0,0,0,12,3,0,0,0,1.0,0,0,0,0,0.0,0,0,0,0,16,0,0,0,0,0,0,0,0,0,0,0.0,0.0,0,0,0,0,0,0,0.0,0,5,1,20.0,0,4,0,0,7,50.0,9,35,75,110,40.5,0,0,141,0,0,0
Seyfettin Anıl Yaşar,999646,Eyüpspor,7040,turkey,2526,100,2,1,6.75,0,0,0,0.01,0.01,2,0,0.0,2,3,50.0,13,46,59,93.65,3,75.0,1,0,0,0,6,0,0,0,0,3,2,0,0,0,20260326,0,2,0,0,1,0,0.0,4,1,1,0,0,0,,0,0.0,0,0,0,4,0,0,0,0,0.0,0,0,0,0,0.0,0,0,0,0,4,0,0,0,0,0,0,0,0,0,0,0.0,0.0,0,1,0,0,1,0,0.0,0,0,0,0.0,0,3,0,0,3,60.0,6,15,48,63,13.5,1,0,69,0,0,0
Amine Cherni,1094487,Göztepe,3054,turkey,2526,2286,26,26,6.75,0,4,4,0.4,3.01,24,54,31.76,135,35,32.11,264,125,389,67.65,34,54.84,28,0,0,0,83,4,0,6,13,58,26,0,0,19,20260326,21,129,1,1,38,0,0.0,0,19,15,4,0,0,,67,39.88,0,0,0,186,12,38,0,3,2.0,0,0,0,0,0.0,0,0,0,0,427,5,0,0,0,0,0,0,0,0,0,0.0,0.0,0,5,10,7,2,8,24.24,0,46,24,52.17,38,62,33,170,101,43.91,109,409,166,575,175.4,15,0,1231,14,1,0
Enes Keskin,897168,Alanyaspor,6362,turkey,2526,499,15,4,6.75,0,1,1,0.43,0.21,5,2,28.57,37,8,61.54,78,76,154,81.91,5,45.45,6,0,0,0,27,1,1,0,0,19,13,0,0,3,20260326,9,25,0,0,5,0,0.0,0,5,5,0,0,0,,33,63.46,0,0,0,34,10,3,0,4,0.0,0,0,0,1,0.0,0,0,0,0,65,1,0,0,0,0,0,0,0,0,0,0.0,0.0,0,4,2,5,1,5,62.5,0,15,12,80.0,3,7,8,7,38,60.32,13,97,91,188,87.7,6,0,353,13,1,0
Prince Ampem,923888,Eyüpspor,7040,turkey,2526,648,20,4,6.75,2,0,2,1.48,0.72,6,4,18.18,54,7,87.5,90,53,143,79.44,3,18.75,13,0,0,0,44,2,0,7,0,4,20,0,0,12,20260326,3,49,1,0,9,0,10.53,0,13,11,2,2,0,,42,53.85,0,0,0,37,8,9,1,5,2.0,0,0,0,0,0.0,0,0,0,0,100,4,0,0,1,0,0,0,0,0,0,324.0,0.0,0,7,12,5,7,22,64.71,0,5,3,60.0,9,10,34,22,45,47.87,8,118,62,180,134.9,19,1,351,15,3,0
Ogün Bayrak,903999,Göztepe,3054,turkey,2526,510,11,6,6.74,0,1,1,0.13,0.39,6,5,21.74,33,11,45.83,55,42,97,75.78,2,20.0,8,0,0,0,30,0,0,1,0,21,9,0,0,2,20260326,3,24,0,0,7,0,0.0,0,6,5,1,0,0,,11,40.74,0,0,0,31,6,3,0,0,4.0,0,0,0,0,0.0,0,0,0,0,69,2,0,0,0,0,0,0,0,0,0,0.0,0.0,0,1,2,2,0,4,50.0,0,6,5,83.33,3,13,8,23,13,35.14,24,74,54,128,60.7,3,0,265,1,1,0
Casper Højer,281233,Çaykur Rizespor,3064,turkey,2526,2120,25,25,6.74,0,0,0,0.28,2.12,41,21,21.88,184,56,42.42,369,427,796,82.49,29,67.44,14,0,0,0,92,1,0,6,5,81,25,0,0,9,20260326,19,78,1,0,29,0,0.0,0,32,29,3,0,0,,59,47.97,0,0,0,169,22,25,0,0,9.0,0,0,0,1,0.0,0,0,0,0,310,4,0,0,0,0,0,0,0,0,0,0.0,0.0,1,2,11,6,1,10,52.63,0,36,24,66.67,25,89,19,96,88,53.01,132,482,483,965,168.6,13,1,1493,14,2,0
Erdem Canpolat,1066726,Çaykur Rizespor,3064,turkey,2526,630,7,7,6.74,0,0,0,,0.01,7,0,0.0,8,36,29.27,24,69,93,50.82,1,100.0,0,0,0,0,48,0,0,0,2,5,7,0,0,0,20260326,1,1,0,0,0,0,0.0,51,10,10,0,0,0,-0.56,1,50.0,0,2,0,90,0,0,0,0,0.0,0,0,0,0,0.0,0,0,0,0,93,0,2,0,0,2,13,9,22,0,5,0.0,0.0,0,0,0,0,0,0,0.0,2,0,0,0.0,0,17,0,0,2,66.67,123,103,80,183,47.2,0,0,245,2,2,0
Yohan Boli,797732,Antalyaspor,3056,turkey,2526,838,16,8,6.74,2,1,3,2.1,0.43,7,1,100.0,53,3,75.0,93,54,147,83.05,26,56.52,20,0,0,0,19,1,3,4,3,2,15,0,0,14,20260326,3,61,0,0,15,0,13.33,0,19,16,3,2,0,,37,47.44,0,0,0,30,0,11,0,13,0.0,0,0,0,0,0.0,0,0,0,0,85,4,0,0,2,0,0,0,0,0,0,419.0,0.0,0,13,2,6,5,10,50.0,0,5,3,60.0,11,12,20,1,63,50.81,4,119,58,177,101.1,15,0,317,22,0,0
Alexis Antunes,865516,Göztepe,3054,turkey,2526,258,5,3,6.74,1,0,1,0.23,0.14,3,3,27.27,27,2,66.67,40,16,56,75.68,1,14.29,6,0,0,0,13,0,0,2,0,1,5,0,0,7,20260326,2,24,0,0,8,0,20.0,0,4,3,1,0,1,,15,45.45,0,0,0,18,6,7,0,2,1.0,0,0,0,0,0.0,0,0,0,0,41,4,0,0,1,0,0,0,0,0,0,258.0,0.0,1,1,4,1,2,3,60.0,0,6,4,66.67,7,5,5,11,16,40.0,3,53,21,74,33.7,5,0,146,6,0,0
Taras Stepanenko,45604,Eyüpspor,7040,turkey,2526,530,8,6,6.74,0,0,0,0.06,0.04,5,0,0.0,19,14,53.85,63,99,162,83.51,6,50.0,6,0,0,0,14,0,0,1,0,7,8,0,0,1,20260326,4,21,0,1,10,0,0.0,0,7,6,1,0,0,,20,57.14,0,0,0,32,7,0,0,0,3.0,0,0,0,0,0.0,0,0,0,0,38,1,0,0,0,0,0,0,0,0,0,0.0,0.0,0,0,2,0,1,0,0.0,0,15,12,80.0,0,14,0,1,26,55.32,26,84,110,194,53.9,2,0,253,6,3,0
Jota Silva,1011895,Beşiktaş JK,3050,turkey,2526,353,13,3,6.74,2,0,2,1.63,0.85,2,4,57.14,36,2,66.67,48,29,77,70.0,11,42.31,15,0,0,0,17,1,2,4,0,5,11,0,0,6,20260326,4,39,0,0,8,0,11.76,0,5,4,1,2,0,,18,42.86,0,0,1,33,3,9,1,3,0.0,0,0,0,0,0.0,0,0,0,0,61,3,0,0,1,0,0,0,0,0,0,176.5,0.0,0,13,4,7,6,3,33.33,0,7,1,14.29,9,3,9,7,29,42.65,3,73,37,110,74.1,17,0,204,9,1,0
Danijel Aleksić,45377,Konyaspor,3085,turkey,2526,198,3,3,6.73,1,0,1,1.05,0.07,5,1,100.0,23,5,71.43,38,27,65,82.28,5,50.0,5,0,0,0,12,0,1,2,0,1,3,0,0,3,20260326,5,14,0,0,1,0,20.0,0,2,2,0,1,0,,5,35.71,0,0,0,14,1,2,1,0,0.0,0,0,0,0,0.0,0,0,0,0,22,3,0,0,0,0,0,0,0,0,0,198.0,0.0,0,4,1,1,2,0,0.0,0,4,2,50.0,2,5,0,1,10,41.67,7,48,31,79,20.2,5,0,106,1,0,0
Badou Ndiaye,228342,Gaziantep FK,5138,turkey,2526,431,12,3,6.73,0,1,1,0.11,0.51,8,1,100.0,33,13,56.52,85,100,185,88.1,3,50.0,3,0,0,0,16,1,0,2,0,6,12,0,0,5,20260326,2,21,0,0,9,0,0.0,1,8,6,2,0,0,,24,57.14,0,0,0,25,1,6,0,0,1.0,0,0,0,0,0.0,0,0,0,0,36,2,0,0,0,0,0,0,0,0,0,0.0,0.0,0,0,5,2,1,3,60.0,0,9,6,66.67,6,15,5,1,27,56.25,23,104,106,210,80.8,5,0,267,12,4,0
Zafer Görgen,930907,Gaziantep FK,5138,turkey,2526,1350,15,15,6.73,0,0,0,,0.03,15,0,0.0,19,62,29.52,40,260,300,65.36,2,100.0,0,0,0,0,134,0,0,0,2,13,15,2,0,0,20260326,1,1,1,1,0,0,0.0,70,26,25,1,0,0,-3.13,5,83.33,0,12,0,159,0,0,0,0,0.0,0,0,0,0,0.0,1,0,0,0,164,0,0,0,0,7,33,19,53,1,17,0.0,0.0,0,0,0,0,0,0,0.0,7,0,0,0.0,0,31,0,0,7,87.5,210,161,298,459,101.0,0,0,623,6,2,0
Samed Onur,980608,Gençlerbirliği,7802,turkey,2526,463,21,2,6.73,0,1,1,0.44,0.73,10,8,44.44,47,16,53.33,92,90,182,83.11,5,50.0,5,0,0,0,30,2,1,1,0,11,19,0,0,6,20260326,12,35,0,1,10,0,0.0,0,6,5,1,0,0,,32,51.61,0,0,0,37,9,8,0,1,0.0,0,0,0,0,0.0,0,0,0,0,65,0,0,0,0,0,0,0,0,0,0,0.0,0.0,2,1,5,3,2,4,66.67,0,14,6,42.86,8,25,6,18,37,51.39,30,119,100,219,127.9,6,0,321,15,3,0
Güven Yalçın,826162,Alanyaspor,6362,turkey,2526,696,21,8,6.73,6,0,6,2.84,0.45,7,1,14.29,36,6,54.55,63,32,95,66.9,5,22.73,17,0,0,0,26,0,2,5,0,4,20,0,0,17,20260326,5,72,0,0,21,0,25.0,0,9,9,0,5,1,,22,28.57,1,0,0,47,5,3,2,5,1.0,0,0,0,0,0.0,0,0,0,0,108,4,0,0,3,0,0,0,0,0,0,116.0,0.0,1,14,10,9,10,6,33.33,0,2,0,0.0,3,15,18,7,27,27.27,11,100,42,142,134.6,24,2,283,14,2,0
Fousseni Diabaté,796374,Kasımpaşa,6063,turkey,2526,1372,20,14,6.73,1,1,2,1.57,2.27,5,19,34.55,118,5,31.25,195,116,311,77.36,11,39.29,17,0,0,0,47,2,4,5,0,8,20,0,0,14,20260326,12,68,0,0,7,0,7.14,0,18,17,1,1,0,,49,49.0,0,0,0,91,5,29,1,4,2.0,0,0,0,0,0.0,0,0,0,0,198,5,0,0,0,0,0,0,0,0,0,1372.0,0.0,1,7,7,2,7,14,43.75,0,17,11,64.71,29,10,32,55,60,46.88,16,270,132,402,134.6,14,0,651,18,1,0
Göktan Gürpüz,997007,Gençlerbirliği,7802,turkey,2526,1787,25,23,6.73,0,5,5,1.92,4.14,18,31,34.07,121,16,48.48,214,149,363,78.91,1,6.25,15,0,0,0,73,7,3,9,0,10,25,0,0,19,20260326,14,107,0,1,18,0,0.0,0,27,25,2,0,0,,88,48.89,0,0,2,97,15,34,0,0,0.0,0,0,0,0,0.0,0,0,0,0,271,11,0,0,0,0,0,0,0,0,0,0.0,0.0,1,12,8,8,3,39,46.99,0,30,17,56.67,34,45,83,91,89,45.41,33,279,181,460,168.2,20,1,851,19,2,0
Mortadha Ben Ouanes,919225,Kasımpaşa,6063,turkey,2526,1865,22,21,6.73,1,5,6,1.72,2.73,20,18,31.58,187,29,55.77,303,184,487,79.32,18,40.0,27,0,0,0,93,4,2,7,2,27,22,0,0,13,20260326,20,108,0,0,34,0,5.26,0,24,22,2,1,0,,72,47.06,1,0,1,127,20,22,0,1,3.0,0,0,0,0,0.0,0,0,0,0,243,12,0,1,0,0,0,0,0,0,0,1865.0,0.0,0,18,1,9,3,11,36.67,0,15,9,60.0,22,45,30,57,90,45.45,52,406,208,614,148.0,19,1,1002,46,4,1
Muhammet Tunahan Taşçı,980612,Konyaspor,3085,turkey,2526,204,12,0,6.73,1,1,2,0.22,0.25,2,1,10.0,45,2,33.33,62,26,88,80.0,1,50.0,1,0,0,0,12,0,0,0,0,2,11,0,0,4,20260326,3,18,0,0,3,0,20.0,0,3,2,1,1,0,,14,45.16,0,0,0,22,0,9,0,0,0.0,0,0,0,0,0.0,0,0,0,0,48,3,0,0,1,0,0,0,0,0,0,204.0,0.0,0,2,3,2,3,3,30.0,0,6,3,50.0,9,6,10,10,15,45.45,6,80,30,110,74.0,5,0,171,5,1,0
Talha Sariarslan,1088715,Kayserispor,3072,turkey,2526,164,13,1,6.73,2,2,4,0.66,0.03,1,0,0.0,5,3,100.0,13,9,22,68.75,11,44.0,14,0,0,0,4,1,0,0,0,3,12,0,0,3,20260326,0,17,0,0,0,0,28.57,0,5,5,0,2,0,,6,66.67,1,0,0,10,0,3,0,2,0.0,0,0,0,0,0.0,0,0,0,0,18,0,0,0,1,0,0,0,0,0,0,82.0,0.0,0,7,0,4,3,0,0.0,0,4,3,75.0,3,1,0,0,17,50.0,3,21,11,32,80.7,7,0,64,2,1,0
Nuno Da Costa,209374,Başakşehir FK,3086,turkey,2526,822,22,8,6.72,3,1,4,3.43,1.11,6,2,20.0,44,6,75.0,77,34,111,69.81,32,55.17,26,0,0,0,27,5,3,4,0,9,21,0,0,21,20260326,7,79,0,1,16,0,12.0,0,13,10,3,3,0,,46,46.46,1,0,1,48,7,14,0,3,1.0,0,1,0,0,0.0,0,0,0,0,114,7,0,0,2,0,0,0,0,0,0,274.0,0.0,0,17,8,15,6,18,64.29,0,13,9,69.23,13,9,28,10,78,49.68,8,119,40,159,141.2,25,2,352,16,3,0
Ľubomír Šatka,187231,Samsunspor,3053,turkey,2526,1882,22,22,6.72,0,1,1,0.17,1.01,31,0,0.0,69,54,52.43,290,770,1060,89.0,46,50.55,45,0,0,0,71,1,0,2,6,105,22,0,0,1,20260326,10,68,1,3,12,0,0.0,0,25,22,3,0,0,,32,58.18,0,0,0,131,18,3,0,0,11.0,1,0,0,0,0.0,0,0,0,0,149,1,0,0,0,0,0,0,0,0,0,0.0,0.0,0,2,2,2,0,5,83.33,0,27,17,62.96,3,57,6,2,78,53.42,103,375,816,1191,147.9,4,1,1426,2,0,0
Ömer Ali Şahiner,103912,Başakşehir FK,3086,turkey,2526,1387,20,16,6.72,2,0,2,1.22,1.1,22,6,20.0,98,35,50.0,212,228,440,82.86,10,50.0,10,0,0,0,38,2,0,4,1,37,20,0,0,3,20260326,10,42,0,0,20,0,22.22,0,20,15,5,2,0,,28,46.67,0,0,0,91,7,10,1,1,7.0,0,0,0,0,0.0,0,0,0,0,146,4,0,0,1,0,0,0,0,0,0,693.5,0.0,0,8,1,1,4,4,80.0,0,17,11,64.71,10,37,5,30,38,47.5,70,271,260,531,134.4,9,1,835,7,3,0
Kamil Ahmet Çörekçi,124728,Kasımpaşa,6063,turkey,2526,420,5,5,6.72,0,0,0,,0.35,6,0,0.0,24,6,33.33,46,79,125,81.7,1,50.0,1,0,0,0,15,0,0,0,1,9,5,0,0,0,20260326,3,8,0,0,4,0,0.0,0,6,5,1,0,0,,21,75.0,0,0,0,28,4,0,0,0,2.0,0,0,0,0,0.0,0,0,0,0,46,1,0,0,0,0,0,0,0,0,0,0.0,0.0,0,0,0,0,0,1,100.0,0,14,9,64.29,0,15,1,4,22,73.33,18,68,85,153,33.6,0,0,245,6,3,0
Bahadır Öztürk,790783,Antalyaspor,3056,turkey,2526,229,6,3,6.72,0,0,0,0.47,0.0,3,0,0.0,0,5,62.5,11,44,55,84.62,8,80.0,2,0,0,0,8,0,1,0,1,21,5,0,0,1,20260326,0,6,0,0,2,0,0.0,4,3,3,0,0,0,,6,60.0,0,0,0,10,3,0,0,0,0.0,0,0,0,0,0.0,0,0,0,0,12,0,0,0,0,0,0,0,0,0,0,0.0,0.0,0,1,0,0,1,0,0.0,0,2,1,50.0,0,4,1,0,14,70.0,8,17,48,65,33.6,1,0,105,4,0,0
Serdar Dursun,123917,Kocaelispor,3065,turkey,2526,1116,21,12,6.72,5,1,6,4.73,0.5,7,0,0.0,61,5,55.56,128,68,196,72.86,37,52.86,33,0,0,0,21,1,5,14,4,18,18,0,0,13,20260326,4,70,0,0,19,0,16.67,0,10,9,1,5,0,,17,31.48,2,0,0,73,0,11,1,5,0.0,0,0,1,0,100.0,0,1,0,1,123,7,0,0,2,0,0,0,0,0,0,223.2,0.0,0,28,2,7,9,1,25.0,0,4,2,50.0,11,13,4,0,54,43.55,9,187,82,269,120.9,30,0,407,15,3,0
Ousseynou Ba,889430,Başakşehir FK,3086,turkey,2526,856,13,8,6.71,0,0,0,0.2,0.12,4,0,0.0,29,23,71.88,149,347,496,92.71,25,60.98,16,0,0,0,23,0,0,1,2,61,13,0,0,0,20260326,7,41,1,1,18,0,0.0,10,12,9,3,0,0,,22,46.81,0,0,0,39,17,0,0,2,9.0,0,0,0,0,0.0,0,0,0,0,49,0,0,1,0,0,0,0,0,0,0,0.0,0.0,0,4,0,3,0,2,100.0,0,10,5,50.0,0,11,2,0,47,53.41,32,176,359,535,87.2,4,0,678,10,4,1
Attila Szalai,823092,Kasımpaşa,6063,turkey,2526,1168,15,14,6.71,0,1,1,0.65,0.57,33,3,100.0,52,40,33.9,152,351,503,82.32,21,56.76,16,0,0,0,40,2,1,2,2,78,15,0,0,1,20260326,6,36,1,1,14,0,0.0,26,22,21,1,0,0,,26,56.52,0,0,0,108,15,7,0,0,8.0,0,0,0,0,0.0,0,0,0,0,120,1,0,0,0,0,0,0,0,0,0,0.0,0.0,1,8,1,3,4,2,100.0,0,20,11,55.0,7,71,2,3,47,56.63,118,238,373,611,100.6,9,0,788,4,1,0
Ogün Özçiçek,859783,Gaziantep FK,5138,turkey,2526,1147,19,13,6.71,0,0,0,0.04,0.9,21,0,0.0,77,24,58.54,168,259,427,85.57,8,36.36,14,0,0,0,69,2,0,2,1,15,19,0,0,11,20260326,10,59,0,1,20,0,0.0,0,17,16,1,0,0,,56,55.45,0,0,0,72,15,9,0,0,2.0,0,1,0,0,0.0,0,0,0,0,116,1,0,0,0,0,0,0,0,0,0,0.0,0.0,0,1,1,0,0,9,52.94,0,19,11,57.89,8,37,17,5,64,52.03,41,218,281,499,127.4,2,0,656,29,4,0
Malcom Bokele,1122632,Göztepe,3054,turkey,2526,2020,23,23,6.7,1,0,1,0.55,0.69,24,1,8.33,90,34,33.01,257,217,474,74.76,48,56.47,37,0,0,0,59,0,0,3,12,89,23,0,0,3,20260326,6,64,0,1,21,0,8.33,0,17,14,3,1,0,,33,55.0,1,0,0,160,27,1,0,0,11.0,0,0,0,1,0.0,0,0,0,0,198,1,0,1,0,0,0,0,0,0,0,2020.0,0.0,0,10,2,6,3,3,60.0,0,16,11,68.75,1,51,5,12,81,55.86,103,388,246,634,154.2,12,1,897,14,7,1
Ui-Jo Hwang,791314,Alanyaspor,6362,turkey,2526,1895,26,23,6.7,4,6,10,3.26,1.45,10,5,23.81,111,9,50.0,202,122,324,80.2,8,30.77,18,0,0,0,40,5,3,10,1,4,26,0,0,16,20260326,7,73,0,0,12,0,11.11,0,25,23,2,4,0,,51,48.11,1,0,1,80,5,26,0,8,1.0,0,0,0,0,0.0,0,0,0,0,184,8,0,0,3,0,0,0,0,0,0,473.75,0.0,0,26,10,13,13,15,42.86,0,7,5,71.43,26,17,35,21,59,44.7,18,263,141,404,174.3,36,1,667,31,1,0
Deian Sorescu,797602,Gaziantep FK,5138,turkey,2526,1115,20,11,6.7,2,1,3,2.76,1.05,20,13,28.26,69,28,44.44,143,120,263,72.05,2,15.38,11,0,1,0,51,2,3,8,0,15,20,0,0,7,20260326,9,53,0,0,18,0,6.67,0,26,20,6,2,0,,41,49.4,0,0,1,102,5,16,0,6,0.0,0,0,1,0,0.0,0,0,0,1,189,4,0,0,2,0,0,0,0,0,0,557.5,0.0,0,16,14,14,8,6,42.86,0,18,12,66.67,16,39,14,46,43,44.79,63,220,145,365,134.0,30,1,665,17,2,0
Melih Kabasakal,828872,Gaziantep FK,5138,turkey,2526,1325,22,16,6.7,1,1,2,0.14,0.2,19,0,0.0,66,27,57.45,179,318,497,88.12,5,45.45,6,0,0,0,74,0,0,0,2,35,22,0,0,10,20260326,20,64,1,5,21,0,33.33,0,28,25,3,1,0,,63,52.07,0,0,0,67,31,4,0,1,2.0,0,0,0,0,0.0,0,0,0,0,102,1,0,0,1,0,0,0,0,0,0,1325.0,0.0,0,1,2,1,2,8,53.33,0,48,38,79.17,4,34,15,2,68,51.52,47,209,355,564,147.4,3,2,770,7,7,0
Onur Ergün,893009,Başakşehir FK,3086,turkey,2526,289,14,3,6.7,0,1,1,0.24,0.77,3,0,0.0,18,2,40.0,44,72,116,85.93,5,62.5,3,0,0,0,17,1,0,1,0,10,12,0,0,0,20260326,5,14,0,0,3,0,0.0,0,4,4,0,0,0,,10,47.62,0,0,0,19,3,4,0,0,2.0,0,0,0,0,0.0,0,0,0,0,27,1,0,0,0,0,0,0,0,0,0,0.0,0.0,0,4,0,2,1,0,0.0,0,7,4,57.14,4,5,3,1,15,51.72,5,58,77,135,80.4,4,0,177,3,1,0
Serkan Emrecan Terzi,1142614,Beşiktaş JK,3050,turkey,2526,20,1,0,6.7,0,0,0,,0.0,0,0,0.0,2,1,100.0,8,7,15,93.75,0,0.0,0,0,0,0,1,0,0,0,0,0,1,0,0,0,20260326,0,1,0,0,1,0,0.0,0,0,0,0,0,0,,0,0.0,0,0,0,1,0,0,0,0,,0,0,0,0,0.0,0,0,0,0,1,0,0,0,0,0,0,0,0,0,0,0.0,0.0,0,0,0,0,0,0,0.0,0,0,0,0.0,0,0,0,0,0,0.0,1,8,8,16,6.7,0,0,18,0,0,0
Ismail Esat Buga,2166295,Konyaspor,3085,turkey,2526,9,2,0,6.7,0,0,0,,0.01,0,0,0.0,2,0,0.0,3,0,3,100.0,0,0.0,0,0,0,0,0,0,0,0,0,0,1,0,0,1,20260326,1,2,0,0,0,0,0.0,0,0,0,0,0,0,,1,33.33,0,0,0,0,0,0,0,0,0.0,0,0,0,0,0.0,0,0,0,0,3,0,0,0,0,0,0,0,0,0,0,0.0,0.0,0,0,0,0,0,1,100.0,0,0,0,0.0,0,0,1,1,1,33.33,0,3,0,3,6.7,0,0,7,0,0,0
Jadel Katongo,1142702,Kayserispor,3072,turkey,2526,68,3,0,6.7,0,0,0,,0.02,0,0,0.0,4,0,0.0,8,8,16,84.21,3,100.0,0,0,0,0,2,0,0,0,0,5,3,0,0,0,20260326,0,1,0,0,2,0,0.0,0,1,1,0,0,0,,2,66.67,0,0,0,3,0,0,0,0,0.0,0,0,0,1,0.0,0,0,0,0,3,0,0,0,0,0,0,0,0,0,0,0.0,0.0,0,0,0,0,0,0,0.0,0,2,2,100.0,0,0,0,0,5,83.33,2,9,10,19,20.1,0,0,29,0,0,0
Onurcan Piri,213542,Kayserispor,3072,turkey,2526,360,4,4,6.7,0,0,0,,0.01,4,0,0.0,9,31,44.29,25,50,75,65.79,1,100.0,0,0,0,0,30,0,0,0,0,4,4,0,0,0,20260326,0,0,0,1,0,0,0.0,30,10,8,2,0,0,-3.1,0,0.0,0,1,0,39,0,0,0,0,0.0,0,0,0,0,0.0,1,0,0,0,41,0,1,0,0,1,6,7,13,0,5,0.0,0.0,0,0,0,0,0,0,0.0,1,0,0,0.0,0,6,0,0,1,100.0,70,58,56,114,26.8,0,0,148,1,1,0
Jo Jin-ho,1019710,Konyaspor,3085,turkey,2526,836,15,9,6.7,0,0,0,0.39,0.77,12,6,35.29,103,11,42.31,198,174,372,87.94,4,26.67,11,0,0,0,35,1,0,3,1,7,15,0,0,10,20260326,13,58,0,0,24,0,0.0,0,15,13,2,0,0,,51,52.04,0,0,0,51,8,5,0,0,1.0,0,0,0,1,0.0,0,0,0,0,94,3,0,0,0,0,0,0,0,0,0,0.0,0.0,0,3,7,4,3,9,75.0,0,29,13,44.83,5,24,12,17,55,48.67,26,233,190,423,100.5,10,0,584,13,4,0
Arbnor Muja,890695,Samsunspor,3053,turkey,2526,48,2,0,6.7,0,0,0,0.14,0.45,1,0,0.0,5,1,100.0,8,8,16,84.21,0,0.0,1,0,0,0,5,0,0,0,0,0,2,0,0,0,20260326,0,2,0,0,1,0,0.0,0,1,1,0,0,0,,4,80.0,0,0,0,3,0,0,0,1,0.0,0,0,0,0,0.0,0,0,0,0,7,2,0,0,0,0,0,0,0,0,0,0.0,0.0,0,1,0,1,0,1,50.0,0,2,2,100.0,0,1,2,1,4,66.67,1,11,8,19,13.4,1,0,28,1,0,0
Ali Diabaté,2430541,Samsunspor,3053,turkey,2526,104,3,1,6.7,0,0,0,0.1,0.26,2,0,0.0,4,5,71.43,16,33,49,87.5,2,66.67,1,0,0,0,2,1,0,0,0,5,2,0,0,0,20260326,0,2,0,0,1,0,0.0,0,3,3,0,0,0,,4,80.0,0,0,0,7,3,2,0,0,0.0,0,0,0,0,0.0,0,0,0,0,8,0,0,0,0,0,0,0,0,0,0,0.0,0.0,0,2,0,1,1,0,0.0,0,3,2,66.67,2,5,0,0,6,75.0,7,21,35,56,13.4,2,0,73,1,0,0
Taşkın Ilter,171911,Eyüpspor,7040,turkey,2526,748,16,8,6.7,0,0,0,0.08,0.28,27,0,0.0,70,32,58.18,136,246,382,84.14,10,40.0,15,0,0,0,35,0,0,0,0,11,15,0,0,3,20260326,7,41,0,1,15,0,0.0,0,12,11,1,0,0,,26,50.0,0,0,0,72,9,3,0,0,3.0,0,0,0,0,0.0,0,0,0,0,85,1,0,0,0,0,0,0,0,0,0,0.0,0.0,0,1,2,1,2,0,0.0,0,20,13,65.0,3,52,1,0,36,46.75,55,187,267,454,100.5,3,0,536,6,4,0
Stefano Denswil,97404,Kayserispor,3072,turkey,2526,2317,26,26,6.7,1,0,1,1.5,0.61,35,1,25.0,90,73,47.71,293,651,944,88.64,53,62.35,32,0,0,0,77,1,2,3,6,129,26,0,0,3,20260326,9,61,0,1,20,0,5.0,41,44,39,5,1,0,,37,56.06,1,0,0,121,17,5,0,4,21.0,0,0,0,1,0.0,0,0,0,0,136,0,0,0,0,0,0,0,0,0,0,2317.0,0.0,3,14,6,15,2,1,100.0,0,25,11,44.0,5,78,1,4,90,59.6,153,393,672,1065,174.1,20,0,1332,12,3,0
Daniel Johnson,291237,Fatih Karagümrük,4954,turkey,2526,1017,17,11,6.69,1,3,4,0.75,1.62,19,8,23.53,115,21,43.75,214,190,404,83.82,4,50.0,4,0,0,0,50,3,1,3,0,10,17,0,0,10,20260326,8,42,1,0,15,0,16.67,0,22,21,1,1,0,,20,34.48,0,0,1,78,10,20,1,3,3.0,0,0,0,0,0.0,0,0,0,0,139,6,0,0,0,0,0,0,0,0,0,1017.0,0.0,0,2,4,1,2,5,50.0,0,6,2,33.33,20,40,10,34,24,36.36,48,275,207,482,113.8,6,0,635,9,4,0
Okay Yokuşlu,97967,Trabzonspor,3051,turkey,2526,888,20,10,6.69,1,0,1,0.33,0.74,17,2,50.0,54,22,53.66,166,285,451,88.95,25,54.35,21,0,0,0,34,1,0,1,3,43,16,0,1,6,20260326,7,47,0,1,16,0,16.67,7,8,7,1,0,1,,28,51.85,0,0,0,56,8,6,0,0,6.0,1,0,0,1,0.0,0,0,0,0,76,1,0,1,1,0,0,0,0,0,0,888.0,0.0,0,4,2,2,3,2,66.67,0,9,5,55.56,6,30,3,4,53,53.0,41,210,297,507,107.1,6,1,651,18,1,0
Fatih Aksoy,827922,Alanyaspor,6362,turkey,2526,607,14,6,6.69,0,0,0,0.44,0.35,18,1,25.0,56,18,51.43,141,132,273,84.52,10,47.62,11,0,0,0,31,0,0,1,3,23,14,0,0,1,20260326,4,24,0,0,7,0,0.0,3,9,7,2,0,0,,19,59.38,0,0,0,50,13,5,0,0,2.0,0,0,0,0,0.0,0,0,0,0,58,3,0,0,0,0,0,0,0,0,0,0.0,0.0,0,2,3,2,2,2,66.67,0,8,6,75.0,5,31,3,4,29,54.72,35,177,146,323,93.7,5,0,406,9,2,0
Metehan Altunbaş,957798,Eyüpspor,7040,turkey,2526,556,12,6,6.69,3,0,3,2.14,0.09,0,0,0.0,34,1,50.0,60,25,85,77.98,9,37.5,15,0,0,0,19,2,1,1,0,5,11,0,0,6,20260326,5,50,0,0,20,0,21.43,0,9,8,1,3,0,,28,44.44,0,0,1,24,6,4,0,6,0.0,0,0,0,0,0.0,0,0,0,0,52,2,0,0,3,0,0,0,0,0,0,185.33,0.0,0,12,2,9,4,0,0.0,0,13,13,100.0,4,1,5,1,37,42.53,2,77,32,109,73.6,14,0,209,16,4,0
Hüseyin Türkmen,913994,Antalyaspor,3056,turkey,2526,1166,17,13,6.69,0,0,0,0.17,0.09,21,1,20.0,31,49,52.69,124,312,436,83.37,22,39.29,34,0,0,0,37,0,0,1,3,83,17,0,0,1,20260326,10,55,0,1,10,0,0.0,8,17,17,0,0,0,,20,48.78,0,0,0,87,26,1,0,0,10.0,0,0,0,2,0.0,0,0,0,0,104,1,0,0,0,0,0,0,0,0,0,0.0,0.0,0,4,0,2,1,1,50.0,0,14,8,57.14,1,50,2,5,42,43.3,93,185,338,523,113.7,4,1,738,6,0,0
Blaž Kramer,804405,Konyaspor,3085,turkey,2526,496,8,5,6.69,3,0,3,2.13,0.29,1,0,0.0,33,0,0.0,46,24,70,69.31,16,44.44,20,0,0,0,10,0,3,1,1,7,8,0,0,9,20260326,2,47,0,0,15,0,33.33,0,6,6,0,3,0,,14,34.15,0,0,0,31,0,4,0,2,2.0,0,0,0,0,0.0,0,0,0,0,63,4,0,0,3,0,0,0,0,0,0,165.33,0.0,0,9,0,0,8,4,66.67,0,3,1,33.33,4,1,6,4,30,38.96,1,72,29,101,53.5,9,0,180,8,4,0
Salih Uçan,135695,Beşiktaş JK,3050,turkey,2526,450,15,4,6.69,0,0,0,0.49,0.14,8,1,20.0,49,7,46.67,97,82,179,83.26,6,40.0,9,0,0,0,29,0,1,1,0,14,14,0,0,5,20260326,4,34,0,0,13,0,0.0,0,6,5,1,0,0,,29,53.7,0,0,0,36,7,3,0,0,4.0,0,0,0,0,0.0,0,0,0,0,60,4,0,0,0,0,0,0,0,0,0,0.0,0.0,0,3,2,3,1,5,55.56,0,18,12,66.67,3,20,9,5,35,50.72,15,125,90,215,93.6,5,0,321,6,3,0
Soner Gönül,867727,Samsunspor,3053,turkey,2526,572,13,5,6.68,0,0,0,0.13,0.88,11,15,39.47,59,13,38.24,129,79,208,77.04,10,52.63,9,0,0,0,35,0,1,0,1,18,13,0,0,4,20260326,2,21,0,0,6,0,0.0,0,10,7,3,0,0,,24,66.67,0,0,0,62,3,13,0,4,0.0,0,0,0,1,0.0,0,0,0,0,114,0,0,0,0,0,0,0,0,0,0,0.0,0.0,0,2,3,2,3,2,66.67,0,13,6,46.15,13,25,3,38,34,61.82,34,165,105,270,86.9,5,0,446,9,2,0
Toni Borevković,886843,Samsunspor,3053,turkey,2526,789,13,7,6.68,1,0,1,0.63,0.11,8,0,0.0,28,14,41.18,120,244,364,86.46,16,53.33,14,0,0,0,28,0,0,0,2,49,12,0,0,1,20260326,4,32,0,1,13,0,100.0,0,11,11,0,1,0,,21,53.85,0,0,0,57,11,0,0,0,7.0,1,0,0,1,0.0,0,0,0,0,62,1,0,0,1,0,0,0,0,0,0,789.0,0.0,0,1,0,0,1,1,100.0,0,16,8,50.0,0,14,1,0,37,53.62,34,150,271,421,80.1,1,0,531,5,2,0
Emre Taşdemir,190191,Kasımpaşa,6063,turkey,2526,65,5,1,6.68,0,0,0,,0.1,5,0,0.0,5,4,66.67,8,3,11,68.75,0,0.0,1,0,0,0,3,0,0,0,0,3,4,0,0,0,20260326,0,1,0,0,0,0,0.0,0,1,1,0,0,0,,2,100.0,0,0,0,5,1,0,0,0,0.0,0,0,0,0,0.0,0,0,0,0,10,0,0,0,0,0,0,0,0,0,0,0.0,0.0,0,0,0,0,0,0,0.0,0,0,0,0.0,0,9,0,3,2,66.67,6,11,5,16,26.7,0,0,34,2,0,0
Uğur Kaan Yıldız,995383,Göztepe,3054,turkey,2526,47,6,0,6.68,0,0,0,,0.01,1,0,0.0,6,1,100.0,9,2,11,91.67,0,0.0,1,0,0,0,0,0,0,0,0,4,4,0,0,0,20260326,0,1,0,0,0,0,0.0,0,0,0,0,0,0,,2,100.0,0,0,0,1,0,0,0,0,0.0,0,0,0,0,0.0,0,0,0,0,5,0,0,0,0,0,0,0,0,0,0,0.0,0.0,0,0,0,0,0,0,0.0,0,2,1,50.0,0,1,0,2,2,66.67,1,9,3,12,26.7,0,0,24,0,0,0
Taylan Antalyalı,190197,Çaykur Rizespor,3064,turkey,2526,728,21,8,6.67,0,0,0,0.27,0.19,17,1,14.29,62,17,60.71,141,141,282,84.18,3,30.0,7,0,0,0,43,0,0,4,2,9,19,0,0,10,20260326,7,35,0,0,11,0,0.0,0,13,12,1,0,0,,32,53.33,0,0,0,53,14,3,0,0,6.0,0,0,0,0,0.0,0,0,0,0,82,3,0,0,0,0,0,0,0,0,0,0.0,0.0,0,2,5,2,1,4,80.0,0,17,12,70.59,3,35,5,7,35,50.0,28,175,160,335,126.8,7,0,451,11,3,0
Thalisson Kelven,863277,Gençlerbirliği,7802,turkey,2526,2169,25,24,6.67,2,0,2,1.43,0.27,17,1,16.67,55,61,53.04,174,494,668,83.6,35,50.72,34,0,0,0,73,0,2,1,5,105,25,0,0,4,20260326,12,76,1,1,28,0,22.22,2,33,30,3,2,0,,60,58.82,0,0,0,131,25,3,0,0,11.0,0,0,0,1,0.0,0,0,0,0,173,1,0,2,2,0,0,0,0,0,0,1084.5,0.0,0,8,1,3,5,3,75.0,0,41,22,53.66,3,44,4,6,95,55.56,115,251,548,799,166.8,9,2,1199,17,3,2
Anfernee Dijksteel,869199,Kocaelispor,3065,turkey,2526,2057,25,21,6.67,0,0,0,0.15,0.33,30,2,13.33,87,59,49.58,234,600,834,86.51,18,40.0,27,0,0,0,101,0,0,4,8,73,25,0,0,12,20260326,9,72,0,1,19,0,0.0,11,30,25,5,0,0,,82,64.57,0,0,0,130,17,4,0,0,9.0,0,0,0,0,0.0,0,0,0,0,202,5,0,0,0,0,0,0,0,0,0,0.0,0.0,0,3,1,0,0,18,72.0,0,38,16,42.11,4,61,25,15,100,58.14,119,319,645,964,166.7,4,1,1337,26,2,0
Sander van de Streek,220155,Antalyaspor,3056,turkey,2526,1755,24,22,6.67,4,3,7,4.72,1.62,14,5,25.0,100,12,63.16,173,97,270,72.0,42,51.22,40,0,0,0,51,4,7,1,2,20,24,0,0,17,20260326,19,132,1,0,41,0,14.29,0,27,27,0,4,0,,55,37.41,2,0,1,105,15,21,0,8,0.0,0,0,0,0,0.0,0,0,0,0,207,7,0,1,2,0,0,0,0,0,0,438.75,0.0,0,26,2,17,10,7,25.93,0,27,12,44.44,21,18,27,20,97,42.36,19,253,122,375,160.0,28,1,670,21,3,1
Sacha Boey,980418,Galatasaray,3061,turkey,2526,294,6,3,6.67,1,0,1,0.26,0.1,0,1,25.0,39,3,100.0,71,57,128,94.12,1,33.33,2,0,0,0,12,0,1,1,0,7,6,0,0,3,20260326,2,17,0,0,5,0,33.33,0,3,3,0,1,0,,12,44.44,0,0,0,8,1,3,1,1,0.0,0,0,0,0,0.0,0,0,0,0,27,1,0,0,0,0,0,0,0,0,0,294.0,0.0,0,3,0,0,2,1,16.67,0,10,6,60.0,3,0,6,4,13,43.33,3,77,59,136,40.0,3,0,205,1,0,0
Ángel Torres,954090,Eyüpspor,7040,turkey,2526,451,9,5,6.67,0,1,1,0.25,0.99,6,2,33.33,54,8,88.89,81,55,136,77.71,3,27.27,8,0,0,0,38,1,0,0,0,4,9,0,0,11,20260326,6,46,0,0,8,0,0.0,0,5,5,0,0,0,,31,44.93,0,0,0,39,2,7,0,1,0.0,0,0,0,0,0.0,0,0,0,0,89,5,0,0,0,0,0,0,0,0,0,0.0,0.0,0,3,1,4,0,17,53.13,0,8,6,75.0,7,8,32,6,34,42.5,9,107,68,175,60.0,4,0,281,6,0,0
Edin Višća,109779,Trabzonspor,3051,turkey,2526,188,9,2,6.67,0,0,0,0.35,0.35,5,6,27.27,25,5,83.33,36,17,53,80.3,1,25.0,3,0,0,0,9,0,0,3,0,3,9,0,0,1,20260326,4,9,0,0,0,0,0.0,0,2,2,0,0,0,,10,62.5,0,0,0,13,0,5,0,2,1.0,0,0,0,0,0.0,0,0,0,0,35,3,0,0,0,0,0,0,0,0,0,0.0,0.0,0,6,2,3,2,1,50.0,0,2,1,50.0,5,8,2,22,11,55.0,6,46,20,66,60.0,8,0,130,7,0,0
Afonso Sousa,855672,Samsunspor,3053,turkey,2526,119,3,1,6.67,0,0,0,0.19,0.24,1,0,0.0,20,1,50.0,33,19,52,91.23,1,50.0,1,0,0,0,2,1,1,1,0,3,3,0,0,1,20260326,3,7,0,0,0,0,0.0,0,3,3,0,0,0,,7,53.85,0,0,0,5,0,2,0,0,0.0,0,0,0,0,0.0,0,0,0,0,13,0,0,0,0,0,0,0,0,0,0,0.0,0.0,0,2,1,1,1,2,50.0,0,3,1,33.33,2,2,4,2,8,53.33,2,37,20,57,20.0,3,0,82,2,0,0
Dorin Rotariu,335317,Eyüpspor,7040,turkey,2526,63,3,0,6.67,0,0,0,0.04,0.05,0,0,0.0,4,0,0.0,6,3,9,60.0,2,66.67,1,0,0,0,1,0,0,0,0,1,3,0,0,1,20260326,0,4,0,0,0,0,0.0,0,2,2,0,0,0,,2,40.0,0,0,0,6,1,1,0,0,0.0,0,0,0,0,0.0,0,0,0,0,11,0,0,0,0,0,0,0,0,0,0,0.0,0.0,0,0,1,0,1,1,33.33,0,1,1,100.0,1,1,3,1,4,50.0,0,11,4,15,20.0,1,0,27,0,0,0
Görkem Sağlam,795001,Kayserispor,3072,turkey,2526,129,6,1,6.67,0,0,0,0.04,0.26,9,0,0.0,18,6,60.0,37,22,59,83.1,1,33.33,2,0,0,0,9,0,0,0,0,1,6,0,0,3,20260326,2,10,0,0,3,0,0.0,0,2,2,0,0,0,,7,46.67,0,0,0,12,1,1,0,0,0.0,0,0,0,0,0.0,0,0,0,0,17,0,0,0,0,0,0,0,0,0,0,0.0,0.0,1,0,1,1,0,1,50.0,0,2,1,50.0,1,9,2,1,8,44.44,10,45,26,71,40.0,1,0,93,4,2,0
Loide Augusto,1110708,Çaykur Rizespor,3064,turkey,2526,719,14,9,6.66,0,2,2,0.89,1.09,3,7,29.17,84,3,37.5,137,78,215,84.31,14,53.85,12,0,0,0,38,2,0,9,1,9,14,0,0,10,20260326,12,63,0,0,17,0,0.0,0,7,7,0,0,0,,33,39.29,0,0,0,40,2,7,0,0,2.0,0,0,0,0,0.0,0,0,0,0,101,4,0,0,0,0,0,0,0,0,0,0.0,0.0,0,11,13,12,3,16,55.17,0,7,4,57.14,7,5,29,24,47,42.73,8,163,92,255,93.3,24,0,412,12,2,0
Onur Bulut,142494,Başakşehir FK,3086,turkey,2526,798,14,8,6.66,0,1,1,0.09,1.27,7,7,26.92,84,14,50.0,157,119,276,84.4,6,42.86,8,0,0,0,28,0,0,0,3,25,14,0,0,1,20260326,8,28,0,0,7,0,0.0,0,10,9,1,0,0,,23,53.49,0,0,0,51,7,9,0,1,1.0,0,0,0,0,0.0,0,0,0,0,94,4,0,0,0,0,0,0,0,0,0,0.0,0.0,1,0,3,3,0,0,0.0,0,16,9,56.25,9,14,5,26,29,50.88,28,194,133,327,93.3,3,0,504,7,1,0
Altin Zeqiri,991742,Çaykur Rizespor,3064,turkey,2526,704,22,5,6.66,1,0,1,1.44,0.91,8,7,29.17,56,10,50.0,93,66,159,74.65,5,50.0,5,0,0,0,34,1,1,4,2,3,22,0,0,16,20260326,7,45,0,0,9,0,7.69,0,12,11,1,1,0,,31,43.66,0,0,0,54,2,7,0,1,0.0,0,0,0,0,0.0,0,0,0,0,119,7,0,0,1,0,0,0,0,0,0,704.0,0.0,0,9,4,3,6,12,60.0,0,14,12,85.71,7,19,20,24,36,44.44,20,129,84,213,146.6,13,0,359,5,3,0
Umut Meraş,609746,Eyüpspor,7040,turkey,2526,1211,16,13,6.66,0,1,1,0.33,0.73,26,7,25.93,102,21,30.88,175,260,435,78.1,16,44.44,20,0,0,0,56,1,0,2,2,37,16,0,0,5,20260326,5,43,0,0,8,0,0.0,0,18,17,1,0,0,,41,64.06,0,0,1,122,19,7,0,4,8.0,0,0,0,0,0.0,0,0,0,0,198,7,0,0,0,0,0,0,0,0,0,0.0,0.0,0,4,4,6,0,5,41.67,0,25,14,56.0,7,52,12,27,57,57.0,68,252,305,557,106.6,8,0,922,11,2,0
Benjamin Bouchouari,1046446,Trabzonspor,3051,turkey,2526,312,10,3,6.66,0,0,0,0.15,0.17,4,0,0.0,51,6,75.0,97,53,150,88.24,2,50.0,2,0,0,0,13,1,0,1,0,1,10,0,1,4,20260326,2,13,0,1,2,0,0.0,0,6,6,0,0,0,,15,57.69,0,0,0,20,2,8,0,0,2.0,0,0,0,0,0.0,0,0,0,0,40,1,0,1,0,0,0,0,0,0,0,0.0,0.0,0,1,3,2,1,2,40.0,0,5,5,100.0,8,6,5,2,17,56.67,8,109,61,170,66.6,4,0,225,8,0,0
Joshua Brenet,296438,Kayserispor,3072,turkey,2526,553,7,6,6.66,0,0,0,0.54,1.04,3,3,20.0,46,8,40.0,76,55,131,75.29,4,33.33,8,0,0,0,18,1,1,1,4,14,7,0,0,7,20260326,8,32,0,2,5,0,0.0,0,5,5,0,0,0,,11,31.43,0,0,0,43,8,8,0,0,0.0,0,0,0,0,0.0,0,0,0,0,88,0,0,0,0,0,0,0,0,0,0,0.0,0.0,0,2,0,1,0,3,37.5,0,5,0,0.0,8,10,8,15,15,31.91,20,110,64,174,46.6,2,0,319,3,1,0
Muharrem Cinan,957582,Kocaelispor,3065,turkey,2526,349,9,3,6.66,0,0,0,0.19,0.38,2,4,12.5,39,9,52.94,49,63,112,80.58,10,71.43,4,0,0,0,19,1,0,1,0,16,7,0,0,1,20260326,5,15,0,0,2,0,0.0,0,7,5,2,0,0,,16,59.26,0,0,0,27,4,2,0,0,1.0,0,0,0,0,0.0,0,0,0,0,80,2,0,0,0,0,0,0,0,0,0,0.0,0.0,0,1,0,0,0,2,40.0,0,10,8,80.0,2,8,5,32,26,63.41,17,65,74,139,46.6,1,0,269,4,2,0
Soner Dikmen,847782,Antalyaspor,3056,turkey,2526,1726,22,20,6.65,2,0,2,1.39,0.29,29,1,10.0,76,36,48.65,223,289,512,81.53,25,52.08,23,0,0,0,78,1,0,4,1,50,22,0,0,8,20260326,23,88,0,0,27,0,13.33,0,28,26,2,2,0,,55,45.83,0,0,0,116,19,5,0,3,3.0,0,0,0,0,0.0,0,0,0,0,161,9,0,0,2,0,0,0,0,0,0,863.0,0.0,1,10,5,4,7,9,56.25,0,26,9,34.62,5,61,16,10,80,47.62,74,306,322,628,146.4,15,0,871,21,7,0
Umut Bozok,869839,Eyüpspor,7040,turkey,2526,1581,26,17,6.65,4,0,4,5.01,1.14,19,0,0.0,111,23,82.14,200,149,349,82.7,25,43.86,32,0,0,0,54,1,7,5,1,13,26,0,0,37,20260326,5,111,0,1,21,0,15.38,0,24,22,2,3,1,,62,43.97,0,0,2,73,1,15,1,7,3.0,0,0,1,0,100.0,0,1,0,0,187,12,0,0,3,0,0,0,0,0,0,395.25,0.0,0,17,9,7,14,10,34.48,0,6,4,66.67,15,29,29,5,87,43.94,28,253,169,422,173.0,26,0,683,47,3,0
Kazımcan Karataş,1008884,Başakşehir FK,3086,turkey,2526,667,13,5,6.65,0,1,1,0.24,1.13,6,5,27.78,66,7,31.82,117,88,205,80.08,9,60.0,6,0,0,0,23,0,0,0,1,25,13,0,0,4,20260326,10,35,1,0,6,0,0.0,0,8,7,1,0,0,,28,49.12,0,0,0,51,6,12,0,2,1.0,0,0,0,0,0.0,0,0,0,0,123,1,0,0,0,0,0,0,0,0,0,0.0,0.0,0,5,1,3,3,3,25.0,0,20,15,75.0,12,18,12,18,37,51.39,22,148,108,256,86.5,6,1,479,5,4,0
Cherif Ndiaye,868268,Samsunspor,3053,turkey,2526,1043,17,12,6.65,4,1,5,4.44,0.96,8,1,50.0,53,10,83.33,104,55,159,79.9,18,33.96,35,0,0,0,23,2,5,5,0,8,17,0,0,14,20260326,4,91,0,0,30,0,19.05,0,17,14,3,4,0,,53,48.62,0,0,0,40,0,15,0,12,0.0,0,0,0,0,0.0,0,0,0,1,108,6,0,1,4,0,0,0,0,0,0,260.75,0.0,0,19,2,10,6,4,28.57,0,8,5,62.5,15,13,14,2,71,43.83,12,136,63,199,113.1,21,0,391,41,2,1
Darko Churlinov,876345,Kocaelispor,3065,turkey,2526,904,20,11,6.65,0,3,3,1.29,1.73,9,7,21.88,66,5,29.41,112,58,170,74.89,4,15.38,22,0,0,0,25,3,0,7,0,9,19,0,0,15,20260326,5,64,0,0,7,0,0.0,0,11,9,2,0,0,,51,54.84,0,0,1,57,6,8,0,7,1.0,0,0,0,0,0.0,0,0,0,0,139,7,0,0,0,0,0,0,0,0,0,0.0,0.0,0,9,6,5,3,24,61.54,0,15,8,53.33,8,20,39,32,55,46.22,17,162,65,227,126.4,15,1,427,12,1,0
Jaures Assoumou,1514452,Samsunspor,3053,turkey,2526,368,6,5,6.65,1,0,1,0.64,0.34,3,1,11.11,30,4,50.0,54,20,74,71.84,3,30.0,7,0,0,0,18,0,0,3,2,0,6,0,0,8,20260326,4,29,0,0,6,0,12.5,0,2,1,1,1,0,,19,46.34,1,0,0,29,4,3,0,1,0.0,0,0,0,0,0.0,0,0,0,0,65,3,0,0,0,0,0,0,0,0,0,368.0,0.0,0,5,3,3,2,4,44.44,0,5,4,80.0,3,7,9,9,22,43.14,8,81,22,103,39.9,8,0,186,10,0,0
Karamba Gassama,1528256,Gaziantep FK,5138,turkey,2526,510,10,5,6.65,0,1,1,0.68,0.74,2,1,14.29,27,6,46.15,60,47,107,81.06,3,50.0,3,0,0,0,24,2,1,2,0,4,10,0,0,6,20260326,8,25,0,0,6,0,0.0,0,13,10,3,0,0,,22,50.0,0,0,0,25,5,6,0,1,5.0,0,0,0,0,0.0,0,0,0,0,63,4,0,0,0,0,0,0,0,0,0,0.0,0.0,0,5,3,3,3,4,50.0,0,9,5,55.56,6,5,8,7,25,50.0,13,77,55,132,66.5,8,0,234,9,0,0
Hasan Yakub İlçin,2031279,Antalyaspor,3056,turkey,2526,182,4,3,6.65,0,0,0,,0.03,5,0,0.0,13,8,100.0,27,33,60,85.71,3,60.0,2,0,0,0,10,1,0,0,0,0,4,0,0,0,20260326,1,8,0,2,0,0,0.0,0,3,3,0,0,0,,8,57.14,0,0,0,10,2,1,0,0,0.0,0,0,0,0,0.0,0,0,0,0,17,0,0,0,0,0,0,0,0,0,0,0.0,0.0,0,0,0,0,0,2,28.57,0,4,3,75.0,1,6,7,0,11,57.89,8,32,38,70,26.6,0,0,97,2,0,0
Juninho Bacuna,788971,Gaziantep FK,5138,turkey,2526,232,9,2,6.65,0,0,0,0.42,0.51,9,1,11.11,33,11,61.11,66,42,108,80.6,4,66.67,2,0,0,0,21,1,0,3,0,2,8,0,0,2,20260326,2,14,0,1,4,0,0.0,0,7,6,1,0,0,,15,55.56,0,0,1,26,4,6,0,0,0.0,0,0,0,1,0.0,0,0,0,0,47,0,0,0,0,0,0,0,0,0,0,0.0,0.0,1,0,7,2,2,3,42.86,0,8,6,75.0,6,14,7,9,19,57.58,18,85,49,134,53.2,7,0,193,4,1,0
Karol Linetty,189135,Kocaelispor,3065,turkey,2526,1471,22,18,6.65,0,2,2,1.76,1.79,20,13,26.0,144,23,67.65,267,198,465,82.74,12,57.14,9,0,0,0,73,3,4,5,3,7,22,0,0,15,20260326,12,100,1,1,53,0,0.0,0,17,13,4,0,0,,50,35.46,0,0,0,97,19,26,0,0,4.0,0,0,0,0,0.0,0,0,0,0,202,8,0,0,0,0,0,0,0,0,0,0.0,0.0,0,13,9,7,10,3,20.0,0,31,15,48.39,26,36,15,50,62,38.27,34,331,231,562,146.2,22,0,831,17,5,0
Guilherme Haubert Sityá,224112,Konyaspor,3085,turkey,2526,1860,22,21,6.65,0,1,1,0.39,2.68,35,37,34.91,161,47,41.96,328,314,642,79.95,18,47.37,20,0,0,0,58,3,0,9,3,57,22,0,0,8,20260326,15,63,0,1,17,0,0.0,0,33,28,5,0,0,,47,52.22,0,0,0,161,24,29,0,1,8.0,0,0,0,0,0.0,0,0,0,0,279,2,0,0,0,0,0,0,0,0,0,0.0,0.0,1,3,9,2,1,6,66.67,0,33,22,66.67,29,82,9,106,65,50.78,112,455,348,803,146.2,12,0,1315,8,3,0
Lionel Carole,122922,Kayserispor,3072,turkey,2526,1542,20,19,6.65,0,0,0,,0.53,41,2,11.76,114,66,53.66,247,313,560,80.46,16,50.0,16,0,0,0,76,2,0,0,1,50,20,0,0,6,20260326,9,43,0,1,8,0,0.0,4,37,31,6,0,0,,54,66.67,0,0,0,136,23,7,0,2,4.0,0,0,0,0,0.0,0,0,0,0,204,2,0,0,0,0,0,0,0,0,0,0.0,0.0,0,0,0,0,0,1,16.67,0,27,19,70.37,7,78,6,17,70,61.95,123,340,356,696,132.9,0,0,995,26,4,0
Mame Thiam,180981,Eyüpspor,7040,turkey,2526,1182,14,13,6.64,2,0,2,3.29,2.37,4,2,20.0,71,6,50.0,120,85,205,78.24,35,53.03,31,0,0,0,31,5,5,6,1,11,14,0,0,16,20260326,3,82,0,0,27,0,7.69,0,17,17,0,2,0,,23,31.08,1,0,0,57,5,12,0,14,2.0,0,0,0,0,0.0,0,0,0,0,115,4,0,0,1,0,0,0,0,0,0,591.0,0.0,0,25,1,9,11,0,0.0,0,14,11,78.57,12,8,6,10,58,41.43,12,162,100,262,93.0,26,1,424,10,4,0
Emrecan Bulut,1480663,Çaykur Rizespor,3064,turkey,2526,554,15,6,6.64,1,2,3,0.82,1.15,1,2,16.67,49,1,16.67,65,23,88,68.22,8,47.06,9,0,0,0,25,2,0,5,0,2,14,0,0,6,20260326,10,53,0,0,12,0,6.67,0,9,7,2,1,0,,34,43.59,0,0,0,41,2,5,0,1,2.0,0,0,0,1,0.0,0,0,0,0,92,2,0,0,1,0,0,0,0,0,0,554.0,0.0,0,7,8,5,5,13,44.83,0,13,6,46.15,5,6,29,12,42,44.21,6,91,38,129,93.0,15,0,252,8,1,0
Mert Müldür,836683,Fenerbahçe,3052,turkey,2526,1099,19,10,6.64,1,1,2,1.1,1.26,14,1,3.45,143,20,55.56,259,200,459,82.41,7,29.17,17,0,0,0,32,1,2,1,4,23,19,0,0,7,20260326,13,55,0,0,6,0,10.0,0,18,16,2,1,0,,63,62.38,0,0,0,98,15,13,1,0,2.0,0,0,0,0,0.0,0,0,0,0,173,3,0,0,0,0,0,0,0,0,0,1099.0,0.0,0,8,2,7,2,10,45.45,0,38,25,65.79,13,31,22,29,70,56.0,36,323,234,557,126.2,10,0,875,15,3,0
Cafú,110956,Kasımpaşa,6063,turkey,2526,893,19,10,6.64,0,1,1,0.73,1.34,23,12,33.33,118,27,60.0,205,162,367,87.38,7,77.78,2,0,0,0,42,1,0,6,1,13,19,0,1,8,20260326,2,30,0,0,12,0,0.0,0,18,17,1,0,0,,28,50.0,0,0,0,53,8,14,0,0,4.0,0,1,0,0,0.0,0,0,0,0,101,3,0,1,0,0,0,0,0,0,0,0.0,0.0,3,5,9,5,3,3,30.0,0,7,5,71.43,13,40,10,36,35,53.85,45,254,166,420,126.2,14,0,566,19,5,0
Cenk Tosun,72127,Kasımpaşa,6063,turkey,2526,434,13,4,6.64,1,1,2,0.64,0.41,2,0,0.0,17,2,50.0,33,12,45,62.5,19,50.0,19,0,0,0,7,1,0,4,0,5,12,0,0,2,20260326,1,33,0,0,10,0,12.5,0,6,6,0,1,0,,8,36.36,1,0,1,27,1,2,0,4,1.0,0,0,0,0,0.0,0,0,0,1,44,3,0,0,0,0,0,0,0,0,0,434.0,0.0,0,5,3,3,1,1,33.33,0,1,1,100.0,2,4,3,0,27,45.0,4,59,13,72,79.7,8,0,120,6,3,0
Muhamed Buljubašić,1134586,Çaykur Rizespor,3064,turkey,2526,769,19,7,6.64,0,0,0,0.43,0.56,10,1,16.67,73,16,66.67,144,146,290,86.83,11,47.83,12,0,0,0,37,0,0,7,0,12,17,0,0,14,20260326,16,66,0,0,17,0,0.0,0,11,9,2,0,0,,47,46.53,0,0,0,44,6,5,0,0,2.0,0,1,0,0,0.0,0,0,0,0,86,3,0,0,0,0,0,0,0,0,0,0.0,0.0,0,3,8,2,2,11,55.0,0,19,8,42.11,4,15,20,6,58,46.77,24,178,156,334,112.9,11,0,479,17,1,0
Yalçın Kayan,945548,Samsunspor,3053,turkey,2526,1280,23,16,6.64,0,3,3,2.09,1.8,13,9,20.45,89,16,44.44,183,202,385,82.62,3,27.27,8,0,0,0,75,6,5,3,2,6,22,0,0,25,20260326,9,84,0,1,24,0,0.0,0,19,17,2,0,0,,85,52.8,0,0,2,81,7,15,0,1,1.0,0,0,0,0,0.0,0,0,0,0,194,11,0,0,0,0,0,0,0,0,0,0.0,0.0,0,10,4,5,6,31,63.27,0,24,12,50.0,15,29,49,44,88,51.16,36,243,223,466,146.1,14,0,749,31,6,0
Janderson,1462989,Göztepe,3054,turkey,2526,1922,25,23,6.64,5,3,8,6.37,2.15,7,2,11.11,116,5,45.45,151,34,185,55.06,82,36.12,145,0,0,1,58,5,12,14,5,12,25,0,0,35,20260326,9,253,0,0,43,0,8.93,0,16,13,3,5,0,,56,34.15,2,0,1,151,2,26,0,11,3.0,0,0,1,0,0.0,0,0,0,0,363,18,0,0,3,0,0,0,0,0,0,384.4,0.0,0,43,13,21,21,23,43.4,0,24,16,66.67,26,15,53,18,138,35.29,11,286,50,336,166.0,56,0,775,9,5,0
Halil Dervişoğlu,930775,Çaykur Rizespor,3064,turkey,2526,696,15,6,6.64,1,0,1,1.29,0.88,2,0,0.0,30,4,57.14,57,29,86,69.92,17,51.52,16,0,0,0,21,1,0,4,0,1,15,0,0,13,20260326,5,55,0,0,12,0,6.67,0,7,7,0,1,0,,39,50.0,0,0,0,37,3,6,0,6,2.0,0,0,0,0,0.0,0,0,0,0,89,6,0,0,1,0,0,0,0,0,0,696.0,0.0,0,11,4,9,2,14,58.33,0,6,2,33.33,6,8,24,0,56,50.45,7,89,34,123,99.6,15,0,255,19,4,0
Ahmed Ildız,849329,Göztepe,3054,turkey,2526,63,7,0,6.64,0,0,0,0.09,0.01,0,0,0.0,7,0,0.0,8,3,11,84.62,1,50.0,1,0,0,0,1,0,0,1,0,3,5,0,0,1,20260326,0,5,0,0,2,0,0.0,0,0,0,0,0,0,,4,50.0,0,0,0,2,1,0,0,0,1.0,0,0,0,0,0.0,0,0,0,0,8,0,0,0,0,0,0,0,0,0,0,0.0,0.0,0,1,0,0,0,1,50.0,0,2,1,50.0,0,0,2,0,5,50.0,0,10,3,13,33.2,1,0,32,1,1,0
Tayfur Bingöl,255957,Kocaelispor,3065,turkey,2526,1781,23,20,6.64,5,1,6,4.01,1.56,16,4,25.0,154,13,36.11,276,181,457,80.6,21,34.43,40,0,0,0,109,2,5,9,4,19,23,0,0,43,20260326,19,146,0,0,29,0,12.82,0,19,16,3,5,0,,79,42.7,0,0,1,110,15,22,0,19,0.0,0,0,0,0,0.0,0,0,0,0,242,15,0,0,5,0,0,0,0,0,0,356.2,0.0,0,26,13,12,18,17,47.22,0,28,17,60.71,22,33,36,16,100,40.65,36,362,205,567,152.7,39,1,924,34,5,0
Furkan Bayır,1003161,Göztepe,3054,turkey,2526,351,9,4,6.64,0,0,0,0.04,0.01,3,0,0.0,8,6,40.0,29,21,50,64.94,8,50.0,8,0,0,0,6,0,0,0,1,25,8,0,0,0,20260326,1,13,1,0,5,0,0.0,0,3,3,0,0,0,,7,58.33,0,0,0,27,3,0,0,0,5.0,0,0,0,0,0.0,0,0,0,0,30,1,0,0,0,0,0,0,0,0,0,0.0,0.0,0,1,0,0,1,0,0.0,0,5,2,40.0,0,6,0,0,15,53.57,15,47,30,77,53.1,1,0,129,2,2,0
Atakan Çankaya,1066338,Fatih Karagümrük,4954,turkey,2526,1530,17,17,6.64,1,1,2,1.58,1.08,22,5,31.25,79,20,30.3,217,260,477,76.57,28,50.0,28,0,0,0,74,5,2,5,1,49,17,0,0,8,20260326,18,86,1,1,22,0,6.67,2,32,31,1,1,0,,84,59.15,1,0,0,146,27,5,0,1,7.0,0,0,0,1,0.0,0,0,0,1,213,2,0,0,0,0,0,0,0,0,0,1530.0,0.0,0,9,6,7,3,14,50.0,0,29,21,72.41,5,56,28,16,112,56.57,66,323,300,623,112.8,15,1,1042,44,3,0
Daniel Agyei,793227,Kocaelispor,3065,turkey,2526,1548,24,16,6.63,4,0,4,3.03,0.92,2,9,18.37,70,2,33.33,133,79,212,72.6,33,49.25,34,0,0,0,49,1,5,6,3,12,24,0,0,41,20260326,10,144,0,0,23,0,12.5,0,19,17,2,4,0,,46,29.49,0,0,2,80,4,9,2,6,0.0,0,0,0,0,0.0,0,0,0,0,241,12,0,0,2,0,0,0,0,0,0,387.0,0.0,0,21,11,13,13,21,35.59,0,7,2,28.57,9,6,59,49,79,35.43,6,202,90,292,159.2,32,1,621,18,0,0
Ahmed Traore,2430477,Fatih Karagümrük,4954,turkey,2526,205,9,1,6.63,1,0,1,0.64,0.07,1,0,0.0,19,3,100.0,34,16,50,73.53,3,100.0,0,0,0,0,14,0,1,1,0,2,9,0,0,6,20260326,2,16,0,0,3,0,11.11,0,4,4,0,1,0,,12,42.86,0,0,0,18,0,1,1,2,0.0,0,0,0,0,0.0,0,0,0,0,37,2,0,0,0,0,0,0,0,0,0,205.0,0.0,0,3,6,5,3,3,37.5,0,5,4,80.0,1,2,8,3,15,48.39,3,48,20,68,59.7,9,0,121,4,0,0
Tanguy Coulibaly,954060,Samsunspor,3053,turkey,2526,322,6,4,6.63,0,0,0,0.6,0.36,2,0,0.0,29,3,75.0,44,29,73,74.49,3,75.0,1,0,0,0,17,1,1,4,0,1,6,0,0,4,20260326,1,28,0,0,15,0,0.0,0,3,3,0,0,0,,19,41.3,0,0,0,25,1,3,0,1,0.0,0,0,0,0,0.0,0,0,0,0,50,2,0,0,0,0,0,0,0,0,0,0.0,0.0,0,7,2,3,2,5,38.46,0,8,4,50.0,3,3,13,7,22,44.0,4,61,37,98,39.8,9,0,163,6,3,0
Husniddin Alikulov,1121174,Çaykur Rizespor,3064,turkey,2526,427,7,5,6.63,0,0,0,0.13,0.29,4,1,33.33,20,12,41.38,58,146,204,84.65,24,77.42,7,0,0,0,12,0,0,3,2,30,6,0,0,1,20260326,2,18,0,0,9,0,0.0,2,7,7,0,0,0,,3,21.43,0,0,0,37,12,2,0,0,2.0,0,0,0,1,0.0,0,0,0,0,42,0,0,0,0,0,0,0,0,0,0,0.0,0.0,0,2,2,0,1,0,0.0,0,3,2,66.67,2,9,0,3,27,60.0,29,86,155,241,39.8,4,0,305,1,4,0
Nihad Mujakić,858004,Gaziantep FK,5138,turkey,2526,2025,24,22,6.63,0,1,1,0.02,0.38,23,5,29.41,95,33,37.08,235,570,805,86.75,17,40.48,25,0,0,0,84,1,1,0,4,71,24,0,0,8,20260326,9,58,0,1,13,0,0.0,14,30,26,4,0,0,,56,62.92,0,0,0,123,19,6,0,1,7.0,0,0,0,0,0.0,0,0,0,0,187,1,0,0,0,0,0,0,0,0,0,0.0,0.0,0,1,0,0,1,8,72.73,0,24,17,70.83,6,51,11,17,73,55.73,89,307,621,928,159.1,1,0,1314,24,4,0
Charles-Andre Raux Yao,1622183,Eyüpspor,7040,turkey,2526,128,9,0,6.63,1,0,1,0.45,0.03,1,0,0.0,15,8,72.73,29,24,53,77.94,2,18.18,9,0,0,0,12,0,0,2,0,1,8,0,0,1,20260326,2,19,0,0,5,0,20.0,0,2,2,0,1,0,,16,61.54,0,0,0,15,2,1,0,0,0.0,0,0,0,0,0.0,0,0,0,0,32,0,0,0,1,0,0,0,0,0,0,128.0,0.0,0,3,2,1,2,4,57.14,0,1,0,0.0,1,4,7,3,18,48.65,11,42,26,68,53.0,5,0,115,11,1,0
Yáser Asprilla,1092769,Galatasaray,3061,turkey,2526,89,5,0,6.63,0,0,0,0.37,0.25,3,1,25.0,21,1,100.0,33,10,43,95.56,0,0.0,1,0,0,0,4,0,1,2,0,0,4,0,0,1,20260326,0,5,1,0,2,0,0.0,0,2,2,0,0,0,,3,42.86,0,0,0,2,1,4,0,0,0.0,0,0,0,0,0.0,0,0,0,0,14,0,0,0,0,0,0,0,0,0,0,0.0,0.0,0,3,3,3,1,3,75.0,0,0,0,0.0,4,4,4,4,3,37.5,1,35,10,45,26.5,6,0,68,0,0,0
Ryan Mendes,52797,Kocaelispor,3065,turkey,2526,273,4,4,6.63,0,0,0,0.26,0.09,1,2,40.0,19,3,60.0,31,18,49,73.13,5,50.0,5,0,0,0,8,0,0,2,0,4,4,0,0,4,20260326,3,22,0,0,3,0,0.0,0,5,5,0,0,0,,7,29.17,0,0,0,18,2,2,0,0,0.0,0,0,0,0,0.0,0,0,0,0,38,0,0,0,0,0,0,0,0,0,0,0.0,0.0,0,3,4,4,1,3,30.0,0,3,2,66.67,2,3,10,5,12,35.29,5,43,24,67,26.5,7,0,122,1,0,0
Kazeem Olaigbe,1004346,Konyaspor,3085,turkey,2526,1611,25,20,6.62,0,1,1,2.26,1.65,17,5,11.63,157,21,61.76,261,137,398,80.89,2,15.38,11,0,0,0,54,3,0,13,1,7,25,0,0,27,20260326,7,103,0,0,18,0,0.0,0,19,18,1,0,0,,78,45.88,0,0,1,94,6,18,0,17,3.0,0,0,0,0,0.0,0,0,0,0,255,13,0,0,0,0,0,0,0,0,0,0.0,0.0,0,23,16,13,13,31,43.06,0,21,10,47.62,18,29,72,43,80,43.72,34,336,156,492,165.6,39,0,858,26,1,0
Morten Bjørlo,921358,Konyaspor,3085,turkey,2526,1106,23,12,6.62,0,1,1,0.93,0.81,16,1,14.29,121,22,91.67,210,148,358,83.84,17,43.59,22,0,0,0,60,2,1,2,1,11,23,0,0,8,20260326,6,58,0,0,14,0,0.0,0,18,16,2,0,0,,37,50.68,0,0,0,69,7,14,0,2,2.0,0,0,0,0,0.0,0,0,0,0,110,7,0,0,0,0,0,0,0,0,0,0.0,0.0,0,4,4,5,1,9,47.37,0,15,6,40.0,14,22,19,7,54,48.21,24,256,171,427,152.3,8,0,569,15,3,0
Yusuf Özdemir,1084884,Alanyaspor,6362,turkey,2526,908,11,10,6.62,1,1,2,1.53,1.04,14,6,26.09,72,10,41.67,121,72,193,76.59,2,18.18,9,0,0,0,31,1,3,1,3,12,11,0,0,3,20260326,10,48,0,1,13,0,14.29,0,10,10,0,1,0,,24,38.1,1,0,1,59,9,10,0,0,0.0,0,0,0,0,0.0,0,0,0,0,118,3,0,0,0,0,0,0,0,0,0,908.0,0.0,0,7,0,2,4,3,18.75,0,14,8,57.14,10,32,16,23,26,35.14,24,165,87,252,72.8,7,0,452,7,1,0
Matías Kranevitter,295159,Fatih Karagümrük,4954,turkey,2526,1415,18,18,6.62,1,0,1,0.88,0.33,32,1,25.0,82,26,39.39,259,262,521,80.65,19,59.38,13,0,0,0,73,1,0,1,3,24,18,0,1,8,20260326,28,83,0,1,30,0,14.29,0,20,18,2,1,0,,42,37.5,0,0,0,125,11,9,0,0,3.0,0,0,0,0,0.0,0,0,0,0,154,4,0,1,1,0,0,0,0,0,0,1415.0,0.0,0,2,5,4,2,4,40.0,0,28,18,64.29,9,69,10,4,61,42.36,66,354,292,646,119.1,7,0,800,10,5,0
Marius Ștefănescu,988637,Konyaspor,3085,turkey,2526,168,8,1,6.62,0,0,0,0.38,0.55,1,3,18.75,23,2,66.67,39,11,50,80.65,0,0.0,4,0,0,0,4,1,0,3,0,1,6,0,0,1,20260326,1,13,0,0,5,0,0.0,0,1,1,0,0,0,,6,40.0,0,0,0,12,0,2,0,1,0.0,0,0,0,0,0.0,0,0,0,0,36,0,0,0,0,0,0,0,0,0,0,0.0,0.0,0,2,4,1,2,2,50.0,0,2,2,100.0,2,3,4,16,6,31.58,3,48,14,62,39.7,6,0,107,2,0,0
Guilherme Luiz,1631434,Göztepe,3054,turkey,2526,171,7,2,6.62,0,0,0,0.07,0.62,0,0,0.0,6,0,0.0,9,0,9,60.0,4,40.0,6,0,0,0,5,1,0,1,0,1,6,0,0,3,20260326,1,13,0,1,3,0,0.0,0,1,1,0,0,0,,12,63.16,0,0,0,6,2,1,0,1,0.0,0,0,0,0,0.0,0,0,0,0,15,0,0,0,0,0,0,0,0,0,0,0.0,0.0,0,1,0,0,0,6,85.71,0,2,1,50.0,1,0,7,0,16,55.17,0,14,1,15,39.7,1,0,48,5,0,0
Sidiki Cherif,1514916,Fenerbahçe,3052,turkey,2526,377,7,4,6.61,2,0,2,1.3,0.14,0,0,0.0,20,0,0.0,28,16,44,72.13,7,43.75,9,0,0,0,6,0,3,0,0,1,7,0,0,7,20260326,0,22,0,0,5,0,25.0,0,8,8,0,2,0,,9,40.91,1,0,0,17,0,2,0,3,0.0,0,0,0,0,0.0,0,0,0,0,48,3,0,0,1,0,0,0,0,0,0,188.5,0.0,0,7,1,1,7,1,50.0,0,2,1,50.0,2,0,2,9,16,42.11,0,42,19,61,46.3,8,0,113,6,0,0
Sam Larsson,229800,Fatih Karagümrük,4954,turkey,2526,1111,16,15,6.61,1,3,4,2.34,1.81,15,6,35.29,120,12,57.14,190,105,295,75.45,8,29.63,19,0,0,0,48,4,2,9,0,3,16,0,0,20,20260326,11,73,1,0,9,0,5.0,0,24,22,2,1,0,,44,44.9,0,0,0,96,12,27,0,2,4.0,0,0,1,0,100.0,0,1,0,0,189,10,0,0,1,0,0,0,0,0,0,1111.0,0.0,2,9,11,4,7,23,62.16,0,15,7,46.67,27,24,37,17,52,41.6,21,266,125,391,105.8,20,0,609,8,1,0
Mathias Løvik,1133715,Trabzonspor,3051,turkey,2526,452,8,6,6.61,0,1,1,0.01,0.18,1,3,14.29,28,4,23.53,65,85,150,84.75,0,0.0,3,0,0,0,13,0,0,1,1,11,8,0,0,1,20260326,2,15,0,0,5,0,0.0,0,5,5,0,0,0,,17,58.62,0,0,0,27,9,4,0,0,1.0,0,0,0,0,0.0,0,0,0,0,65,0,0,0,0,0,0,0,0,0,0,0.0,0.0,0,0,1,0,0,6,60.0,0,9,7,77.78,4,10,10,21,17,53.13,17,88,89,177,52.9,1,0,302,2,1,0
Tayyip Talha Sanuç,851909,Gaziantep FK,5138,turkey,2526,1156,17,14,6.61,0,0,0,0.63,0.06,5,0,0.0,26,13,36.11,107,370,477,88.5,23,52.27,21,0,0,0,25,0,0,0,2,68,16,0,0,2,20260326,3,47,0,1,23,0,0.0,15,22,18,4,0,0,,30,53.57,0,0,1,62,29,3,0,1,15.0,0,0,0,1,0.0,0,0,0,0,76,0,0,0,0,0,0,0,0,0,0,0.0,0.0,0,6,0,6,0,4,80.0,0,17,12,70.59,3,13,5,1,53,53.0,36,144,395,539,105.8,6,0,737,10,4,0
Marius Mouandilmadji,943593,Samsunspor,3053,turkey,2526,1431,26,15,6.61,5,0,5,6.19,1.13,10,0,0.0,73,11,68.75,119,47,166,56.85,59,55.66,47,0,0,0,31,2,8,6,3,13,26,0,0,28,20260326,7,112,0,0,24,0,14.29,0,19,17,2,5,0,,35,35.0,1,0,0,126,3,11,0,18,2.0,0,0,1,0,100.0,0,1,0,0,212,12,0,0,4,0,0,0,0,0,0,286.2,0.0,0,29,6,16,13,12,57.14,0,3,2,66.67,11,19,21,3,94,45.63,16,227,65,292,171.9,35,1,505,21,2,0
Anıl Yiğit Çınar,1198959,Fatih Karagümrük,4954,turkey,2526,978,12,10,6.61,1,0,1,0.52,0.06,16,0,0.0,24,21,31.34,110,255,365,77.33,39,68.42,18,0,0,0,20,0,0,1,1,81,12,0,0,1,20260326,2,36,0,1,15,0,20.0,4,17,16,1,1,0,,25,58.14,0,0,0,107,14,0,1,0,8.0,2,0,0,0,0.0,0,0,0,0,116,0,0,0,0,0,0,0,0,0,0,978.0,0.0,0,5,0,3,1,1,100.0,0,13,10,76.92,0,46,1,1,64,64.0,67,177,295,472,79.3,5,0,647,13,4,0
Mustafa Burak Bozan,934201,Gaziantep FK,5138,turkey,2526,1054,12,12,6.61,0,2,2,,0.01,16,0,0.0,10,38,19.9,20,160,180,53.89,5,100.0,0,0,0,0,105,1,0,0,3,15,12,0,1,0,20260326,1,1,2,0,1,0,0.0,45,20,14,6,0,0,-2.77,0,0.0,0,11,0,154,0,2,0,0,0.0,0,0,0,0,0.0,4,0,0,0,154,0,2,1,0,8,23,15,38,1,4,0.0,0.0,0,0,0,0,0,0,0.0,7,0,0,0.0,2,46,0,0,5,83.33,191,130,204,334,79.3,0,0,459,3,2,0
Cem Üstündag,1387006,Kasımpaşa,6063,turkey,2526,949,18,9,6.61,0,0,0,0.27,0.37,8,2,16.67,54,7,53.85,109,111,220,79.42,10,43.48,13,0,0,0,43,0,0,1,2,15,18,0,0,6,20260326,15,60,0,0,20,0,0.0,0,14,13,1,0,0,,43,47.78,0,0,0,57,6,3,0,0,1.0,0,0,0,0,0.0,0,0,0,0,98,7,0,0,0,0,0,0,0,0,0,0.0,0.0,0,2,3,4,0,3,30.0,0,27,13,48.15,3,15,10,12,53,46.9,13,148,129,277,118.9,5,0,438,14,2,0
Gökhan Sazdağı,595396,Beşiktaş JK,3050,turkey,2526,1530,19,17,6.61,0,0,0,0.22,1.61,17,13,26.0,145,38,37.62,253,238,491,75.42,32,62.75,19,0,0,0,89,3,0,3,2,46,18,0,0,4,20260326,26,85,3,0,29,0,0.0,0,26,21,5,0,0,,71,51.82,0,0,0,160,22,18,0,0,3.0,0,0,0,0,0.0,0,0,0,0,245,2,0,0,0,0,0,0,0,0,0,0.0,0.0,0,2,6,4,1,16,61.54,0,42,28,66.67,18,57,26,50,103,54.79,101,369,282,651,118.9,8,0,1046,14,5,0
Kubilay Kanatsızkuş,828953,Kasımpaşa,6063,turkey,2526,631,19,6,6.61,1,1,2,0.99,1.06,0,1,25.0,27,0,0.0,41,19,60,65.22,27,55.1,22,0,0,0,12,1,1,5,0,10,19,0,0,5,20260326,2,40,0,0,7,0,8.33,0,12,11,1,1,0,,21,53.85,0,0,2,32,2,3,1,2,0.0,0,0,0,0,0.0,0,0,0,0,63,3,0,0,0,0,0,0,0,0,0,631.0,0.0,0,9,3,5,2,4,44.44,0,7,2,28.57,3,1,9,4,48,54.55,0,70,22,92,125.5,12,1,193,11,0,0
Joseph Nonge,1149138,Kocaelispor,3065,turkey,2526,833,19,9,6.61,0,0,0,0.22,0.88,9,2,66.67,53,8,61.54,96,72,168,84.0,6,33.33,12,0,0,0,21,3,0,3,0,7,19,0,0,15,20260326,2,71,0,0,23,0,0.0,0,14,13,1,0,0,,57,49.14,0,0,0,32,10,6,0,1,4.0,0,0,0,0,0.0,0,0,0,0,105,2,0,0,0,0,0,0,0,0,0,0.0,0.0,0,4,2,2,1,12,38.71,0,18,11,61.11,6,12,31,3,63,47.01,13,123,77,200,125.5,6,0,381,27,2,0
Uchenna Ogundu,1996846,Alanyaspor,6362,turkey,2526,993,17,11,6.6,2,1,3,3.48,0.84,1,0,0.0,46,0,0.0,75,40,115,63.19,23,37.7,38,0,0,0,29,2,8,5,0,19,17,0,0,19,20260326,5,88,0,0,13,0,8.33,0,8,8,0,1,1,,29,36.71,0,0,0,67,5,9,0,2,0.0,0,0,0,0,0.0,0,0,0,1,142,6,0,0,2,0,0,0,0,0,0,496.5,0.0,0,20,4,11,8,7,30.43,0,7,3,42.86,9,3,23,1,52,37.14,1,131,51,182,112.2,24,1,366,15,3,0
Steve Mounié,345035,Alanyaspor,6362,turkey,2526,622,17,5,6.6,2,0,2,3.47,0.54,7,0,0.0,39,3,42.86,75,37,112,70.89,33,47.83,36,0,0,0,17,1,6,7,0,10,17,0,0,8,20260326,3,73,0,0,23,0,8.33,0,8,6,2,2,0,,19,33.93,1,0,1,46,1,9,0,2,1.0,0,0,0,0,0.0,0,0,0,0,84,5,0,0,1,0,0,0,0,0,0,311.0,0.0,0,20,4,9,8,2,22.22,0,9,4,44.44,9,11,9,2,52,41.6,7,117,41,158,112.2,24,1,267,9,3,0
Giannis Papanikolaou,856988,Çaykur Rizespor,3064,turkey,2526,1687,24,21,6.6,1,0,1,2.25,0.34,26,1,100.0,100,36,56.25,244,332,576,84.46,29,67.44,14,0,0,0,70,1,1,6,4,61,24,0,1,3,20260326,20,72,1,1,29,0,5.0,0,25,22,3,1,0,,70,54.69,1,0,1,106,24,11,0,0,4.0,0,0,0,1,0.0,0,0,0,0,140,6,0,1,0,0,0,0,0,0,0,1687.0,0.0,0,16,4,12,2,7,50.0,0,45,29,64.44,11,43,14,1,99,57.89,64,306,376,682,158.4,20,0,951,18,6,0
Denis Radu,1102676,Eyüpspor,7040,turkey,2526,210,9,1,6.6,0,1,1,,0.35,2,1,33.33,17,2,28.57,39,12,51,78.46,0,0.0,2,0,0,0,8,1,0,0,0,4,8,0,0,1,20260326,1,6,0,0,1,0,0.0,0,5,5,0,0,0,,5,55.56,0,0,0,14,5,3,0,0,1.0,0,0,0,0,0.0,0,0,0,0,22,0,0,0,0,0,0,0,0,0,0,0.0,0.0,0,0,0,0,0,1,50.0,0,1,1,100.0,3,5,2,3,5,45.45,7,51,14,65,52.8,0,0,99,3,0,0
Berkay Özcan,806964,Fatih Karagümrük,4954,turkey,2526,1838,26,20,6.6,0,1,1,1.48,1.17,14,5,15.15,181,26,56.52,359,279,638,87.64,18,47.37,20,0,0,0,60,3,1,6,1,11,26,0,0,25,20260326,12,92,0,0,15,0,0.0,0,33,31,2,0,0,,63,46.67,0,0,0,90,13,20,0,0,4.0,0,0,0,0,0.0,0,0,0,0,205,6,0,0,0,0,0,0,0,0,0,0.0,0.0,2,11,12,14,3,20,48.78,0,17,11,64.71,20,37,41,33,81,46.82,46,430,298,728,171.6,23,0,1010,26,1,0
Josafat Mendes,1133258,Samsunspor,3053,turkey,2526,775,20,6,6.6,0,1,1,0.26,0.48,2,6,22.22,78,5,33.33,156,144,300,89.29,4,26.67,11,0,0,0,34,0,0,2,3,23,20,0,1,7,20260326,9,46,0,0,12,0,0.0,0,11,9,2,0,0,,35,50.0,0,0,0,36,7,8,0,0,0.0,0,1,0,0,0.0,0,0,0,0,90,2,0,1,0,0,0,0,0,0,0,0.0,0.0,0,1,4,2,1,6,46.15,0,14,9,64.29,7,9,13,27,39,45.88,15,182,154,336,132.0,5,0,534,16,3,0
Dominik Livaković,190419,Fenerbahçe,3052,turkey,2526,90,1,1,6.6,0,0,0,,0.0,1,0,0.0,0,3,27.27,1,16,17,68.0,0,0.0,0,0,0,0,7,0,0,0,0,0,1,0,0,0,20260326,0,0,0,0,0,0,0.0,8,1,1,0,0,0,0.03,0,0.0,0,0,0,8,0,0,0,0,0.0,0,0,0,0,0.0,0,0,0,0,8,0,0,0,0,0,1,1,2,0,0,0.0,0.0,0,0,0,0,0,0,0.0,0,0,0,0.0,0,3,0,0,0,0.0,11,6,19,25,6.6,0,0,32,0,0,0
Berke Özer,847494,Eyüpspor,7040,turkey,2526,90,1,1,6.6,0,0,0,,0.01,1,0,0.0,5,7,58.33,7,23,30,85.71,0,0.0,0,0,0,0,4,0,0,0,0,0,1,0,0,0,20260326,0,0,0,0,0,0,0.0,0,4,4,0,0,0,-0.86,0,0.0,0,0,0,5,0,0,0,0,,0,0,0,0,0.0,1,0,0,0,5,0,0,0,0,0,1,0,1,0,1,0.0,0.0,0,0,0,0,0,0,0.0,0,0,0,0.0,0,2,0,0,0,0.0,12,12,23,35,6.6,0,0,36,0,0,0
Sam Mather,1136727,Kayserispor,3072,turkey,2526,10,1,0,6.6,0,0,0,,0.0,0,0,0.0,1,0,0.0,2,0,2,100.0,0,0.0,0,0,0,0,1,0,0,0,0,0,1,0,0,0,20260326,0,0,0,0,0,0,0.0,0,1,1,0,0,0,,1,100.0,0,0,0,0,1,0,0,0,0.0,0,0,0,0,0.0,0,0,0,0,0,0,0,0,0,0,0,0,0,0,0,0.0,0.0,0,0,0,0,0,0,0.0,0,1,1,100.0,0,0,0,0,1,100.0,0,2,0,2,6.6,0,0,6,0,0,0
Ismaila Manga,2169898,Eyüpspor,7040,turkey,2526,10,1,0,6.6,0,0,0,,0.0,0,0,0.0,0,0,0.0,0,4,4,100.0,0,0.0,0,0,0,0,0,0,0,0,0,0,1,0,0,0,20260326,0,1,0,0,0,0,0.0,0,0,0,0,0,0,,1,50.0,0,0,0,0,0,0,0,0,0.0,0,0,0,0,0.0,0,0,0,0,1,0,0,0,0,0,0,0,0,0,0,0.0,0.0,0,0,0,0,0,0,0.0,0,0,0,0.0,0,0,1,0,1,50.0,0,0,4,4,6.6,0,0,6,1,0,0
Diogo Gonçalves,357746,Konyaspor,3085,turkey,2526,9,2,0,6.6,0,0,0,,0.0,0,0,0.0,0,0,0.0,1,0,1,25.0,0,0.0,0,0,0,0,0,0,0,0,0,1,1,0,0,0,20260326,0,0,0,0,0,0,0.0,0,0,0,0,0,0,,0,0.0,0,0,0,3,1,0,0,0,0.0,0,0,0,0,0.0,0,0,0,0,3,0,0,0,0,0,0,0,0,0,0,0.0,0.0,0,0,0,0,0,0,0.0,0,0,0,0.0,0,2,0,0,0,0.0,2,4,0,4,6.6,0,0,7,0,0,0
Mahamadou Susoho,1156644,Kocaelispor,3065,turkey,2526,81,2,0,6.6,0,0,0,,0.01,3,0,0.0,0,3,100.0,20,19,39,90.7,2,66.67,1,0,0,0,3,0,0,0,0,0,2,0,0,0,20260326,1,2,0,0,1,0,0.0,0,3,3,0,0,0,,1,50.0,0,0,0,4,3,0,0,0,0.0,0,0,0,0,0.0,0,0,0,0,7,1,0,0,0,0,0,0,0,0,0,0.0,0.0,0,0,0,0,0,0,0.0,0,0,0,0.0,0,4,0,1,3,60.0,3,22,21,43,13.2,0,0,55,2,0,0
Rob Nizet,964758,Gaziantep FK,5138,turkey,2526,20,2,0,6.6,0,0,0,,0.0,0,0,0.0,2,2,100.0,3,6,9,90.0,2,100.0,0,0,0,0,2,0,0,0,0,2,2,0,0,0,20260326,0,0,0,0,0,0,0.0,0,2,1,1,0,0,,2,100.0,0,0,0,1,0,0,0,0,0.0,0,0,0,0,0.0,0,0,0,0,2,1,0,0,0,0,0,0,0,0,0,0.0,0.0,0,0,0,0,0,0,0.0,0,1,1,100.0,0,0,0,0,4,100.0,2,3,7,10,13.2,0,0,19,1,0,0
Baran Mogultay,1388550,Alanyaspor,6362,turkey,2526,56,2,1,6.6,0,0,0,,0.05,1,1,50.0,6,2,66.67,12,5,17,85.0,0,0.0,1,0,0,0,0,0,0,0,0,1,2,0,0,0,20260326,0,2,0,0,1,0,0.0,0,0,0,0,0,0,,1,50.0,0,0,0,3,0,0,0,0,0.0,0,0,0,0,0.0,0,0,0,0,8,0,0,0,0,0,0,0,0,0,0,0.0,0.0,0,0,0,0,0,1,100.0,0,0,0,0.0,0,2,1,2,1,33.33,3,13,7,20,13.2,0,0,32,0,0,0
Alper Demirol,1145695,Fatih Karagümrük,4954,turkey,2526,82,3,1,6.6,0,0,0,,0.01,3,0,0.0,7,1,25.0,12,15,27,75.0,1,100.0,0,0,0,0,5,0,0,0,0,3,3,0,0,1,20260326,0,1,0,1,0,0,0.0,0,1,1,0,0,0,,4,80.0,0,0,0,9,0,1,0,0,0.0,0,0,0,0,0.0,0,0,0,0,11,0,0,0,0,0,0,0,0,0,0,0.0,0.0,0,0,0,0,0,2,100.0,0,1,0,0.0,1,5,2,0,5,83.33,4,17,19,36,19.8,0,0,50,2,0,0
Efecan Karaca,60510,Alanyaspor,6362,turkey,2526,450,15,4,6.6,0,0,0,,0.23,3,3,17.65,48,6,60.0,100,65,165,85.49,3,42.86,4,0,0,0,24,0,0,0,0,7,15,0,0,4,20260326,2,18,0,0,8,0,0.0,0,4,3,1,0,0,,25,64.1,0,0,0,28,2,6,0,0,0.0,0,0,0,0,0.0,0,0,0,0,57,2,0,0,0,0,0,0,0,0,0,0.0,0.0,0,0,0,0,0,4,80.0,0,7,4,57.14,6,7,5,17,28,60.87,10,119,74,193,99.0,0,0,272,15,2,0
Arif Boşluk,1138095,Konyaspor,3085,turkey,2526,812,20,7,6.6,0,0,0,0.75,0.34,8,3,37.5,55,10,34.48,132,115,247,82.89,11,50.0,11,0,0,0,36,0,1,2,0,28,20,0,0,10,20260326,7,50,3,2,15,0,0.0,0,15,13,2,0,0,,54,58.06,0,0,0,51,9,11,0,0,4.0,0,0,0,0,0.0,0,0,0,0,116,2,0,0,0,0,0,0,0,0,0,0.0,0.0,0,1,4,3,0,17,70.83,0,34,22,64.71,11,22,24,8,65,56.52,29,169,129,298,132.0,5,0,572,3,2,0
Emir Ortakaya,1091815,Çaykur Rizespor,3064,turkey,2526,728,9,8,6.6,0,0,0,0.18,0.04,8,0,0.0,15,15,32.61,60,263,323,84.78,25,56.82,19,0,0,0,27,0,0,0,0,68,9,0,0,1,20260326,3,29,0,1,7,0,0.0,6,13,10,3,0,0,,20,66.67,0,0,0,58,15,0,0,1,5.0,0,0,0,0,0.0,0,0,0,0,67,1,0,0,0,0,0,0,0,0,0,0.0,0.0,0,3,0,3,0,0,0.0,0,11,6,54.55,0,28,0,1,45,60.81,46,94,287,381,59.4,3,0,514,9,2,0
Yusuf Barası,1000187,Kasımpaşa,6063,turkey,2526,285,8,3,6.6,0,0,0,0.15,0.21,0,2,22.22,9,2,40.0,21,23,44,84.62,2,40.0,3,0,0,0,16,0,0,2,0,1,8,0,0,3,20260326,2,19,0,0,4,0,0.0,0,6,6,0,0,0,,14,46.67,0,0,0,8,4,2,0,0,1.0,0,0,0,0,0.0,0,0,0,0,37,0,0,0,0,0,0,0,0,0,0,0.0,0.0,0,1,4,1,2,3,27.27,0,3,1,33.33,2,0,11,9,16,45.71,5,28,24,52,52.8,5,0,121,9,2,0
Michał Nalepa,760480,Gençlerbirliği,7802,turkey,2526,262,3,3,6.6,0,0,0,0.15,0.17,6,2,25.0,19,10,71.43,32,24,56,75.68,0,0.0,1,0,0,0,13,0,1,0,0,2,3,0,0,1,20260326,0,11,0,0,7,0,0.0,0,4,3,1,0,0,,10,50.0,0,0,0,18,1,1,0,0,1.0,0,0,0,1,0.0,0,0,0,0,29,2,0,1,0,0,0,0,0,0,0,0.0,0.0,0,1,1,1,1,2,50.0,0,5,4,80.0,1,11,4,8,10,47.62,14,46,28,74,19.8,2,0,108,3,0,1
Arda Ünyay,1464636,Galatasaray,3061,turkey,2526,131,7,0,6.6,0,0,0,0.06,0.01,1,0,0.0,3,3,75.0,14,39,53,88.33,4,40.0,6,0,0,0,5,0,0,0,0,10,7,0,0,0,20260326,0,8,0,0,2,0,0.0,0,4,4,0,0,0,,3,60.0,0,0,0,7,1,0,0,0,3.0,0,0,0,0,0.0,0,0,0,0,7,0,0,0,0,0,0,0,0,0,0,0.0,0.0,0,1,0,1,0,0,0.0,0,3,2,66.67,0,2,0,0,7,46.67,4,20,40,60,46.2,1,0,83,0,0,0
Serdar Saatçı,1084880,Trabzonspor,3051,turkey,2526,185,3,2,6.6,0,0,0,0.04,0.01,2,0,0.0,3,3,60.0,28,88,116,92.06,8,57.14,6,0,0,0,7,0,0,0,0,18,3,0,0,1,20260326,1,10,0,0,2,0,0.0,0,6,5,1,0,0,,5,55.56,0,0,0,10,0,0,0,0,2.0,0,0,0,0,0.0,0,0,0,0,13,0,0,0,0,0,0,0,0,0,0,0.0,0.0,0,1,0,1,0,0,0.0,0,3,2,66.67,0,3,0,0,13,56.52,5,30,96,126,19.8,1,0,159,2,0,0
Yunus Emre Çift,1063325,Samsunspor,3053,turkey,2526,533,16,6,6.59,0,0,0,0.06,0.13,10,1,100.0,23,11,40.74,73,108,181,81.53,11,57.89,8,0,0,0,38,0,0,0,1,14,12,0,0,4,20260326,6,40,0,0,20,0,0.0,0,9,9,0,0,0,,29,47.54,0,0,0,41,12,2,0,0,2.0,0,0,0,0,0.0,0,0,0,0,53,1,0,0,0,0,0,0,0,0,0,0.0,0.0,0,0,3,2,1,2,50.0,0,23,16,69.57,2,21,4,1,40,50.0,27,103,119,222,79.1,3,0,324,4,4,0
Cihan Çanak,1127335,Gençlerbirliği,7802,turkey,2526,267,11,1,6.59,0,0,0,0.12,0.28,4,1,14.29,34,2,50.0,56,29,85,80.95,4,44.44,5,0,0,0,15,0,0,0,0,1,10,0,0,5,20260326,3,24,0,0,7,0,0.0,0,3,3,0,0,0,,18,48.65,0,0,0,20,3,2,0,1,0.0,0,0,0,0,0.0,0,0,0,0,46,0,0,0,0,0,0,0,0,0,0,0.0,0.0,0,1,0,0,1,9,69.23,0,5,3,60.0,2,8,13,7,22,47.83,4,69,36,105,65.9,1,0,170,4,0,0
Arda Kızıldağ,904228,Gaziantep FK,5138,turkey,2526,1411,19,18,6.59,1,0,1,0.88,0.42,14,0,0.0,58,27,35.53,153,448,601,85.86,29,46.03,34,0,0,0,40,0,1,2,2,88,19,0,0,0,20260326,10,67,0,0,23,0,10.0,20,28,26,2,1,0,,33,50.0,1,0,0,99,23,4,0,0,15.0,1,0,0,1,0.0,0,0,0,0,112,2,0,0,0,0,0,0,0,0,0,1411.0,0.0,0,10,0,4,4,0,0.0,0,22,14,63.64,4,36,2,2,62,48.06,76,210,490,700,125.2,10,0,917,12,8,0
Samuel Ballet,966663,Antalyaspor,3056,turkey,2526,1186,18,11,6.59,2,0,2,1.1,0.68,7,4,17.39,84,8,44.44,128,75,203,72.76,2,12.5,14,0,0,0,66,1,1,11,1,4,18,0,0,37,20260326,18,179,0,0,50,0,10.0,1,24,22,2,1,1,,117,41.49,0,0,1,76,9,8,1,5,2.0,0,0,0,0,0.0,0,0,0,0,261,10,0,0,1,0,0,0,0,0,0,593.0,0.0,0,11,9,3,6,32,34.04,0,39,28,71.79,8,12,94,23,119,39.93,18,190,89,279,118.6,20,0,695,46,6,0
Burak Kapacak,836686,Kayserispor,3072,turkey,2526,253,10,0,6.59,0,1,1,0.01,0.67,6,5,26.32,18,8,50.0,32,21,53,65.43,4,57.14,3,0,0,0,17,1,0,0,0,5,9,0,0,3,20260326,7,21,0,0,4,0,0.0,0,8,8,0,0,0,,19,51.35,0,0,0,28,5,2,0,0,0.0,0,0,0,0,0.0,0,0,0,0,61,1,0,0,0,0,0,0,0,0,0,0.0,0.0,0,0,1,0,1,1,20.0,0,13,8,61.54,2,7,5,19,23,52.27,16,49,32,81,59.3,1,0,177,5,0,0
Jure Balkovec,171625,Fatih Karagümrük,4954,turkey,2526,1513,17,17,6.59,0,0,0,0.35,0.73,47,5,16.67,70,59,42.45,188,359,547,77.7,17,54.84,14,0,0,0,66,0,0,2,1,82,17,0,0,8,20260326,6,45,2,0,16,0,0.0,23,32,31,1,0,0,,42,57.53,0,0,0,157,14,13,0,0,9.0,0,1,0,1,0.0,0,0,0,0,212,3,0,1,0,0,0,0,0,0,0,0.0,0.0,3,2,9,6,3,3,60.0,0,19,12,63.16,12,112,5,30,59,56.73,139,296,408,704,112.0,11,1,1021,20,5,1
Jhon Espinoza,929098,Kasımpaşa,6063,turkey,2526,558,10,6,6.59,0,0,0,0.18,0.46,5,3,20.0,48,10,34.48,93,80,173,79.36,8,50.0,8,0,0,0,21,0,0,0,1,13,8,0,0,1,20260326,6,31,1,0,14,0,0.0,0,10,10,0,0,0,,16,41.03,0,0,0,45,9,5,0,0,3.0,0,0,0,0,0.0,0,0,0,0,84,3,0,0,0,0,0,0,0,0,0,0.0,0.0,0,1,4,5,0,3,50.0,0,8,8,100.0,5,20,6,15,24,43.64,29,123,95,218,52.7,5,0,348,5,4,0
İzzet Çelik,826836,Alanyaspor,6362,turkey,2526,114,8,0,6.59,0,0,0,0.06,0.03,1,0,0.0,11,0,0.0,22,15,37,78.72,1,50.0,1,0,0,0,10,0,0,0,0,0,7,0,0,2,20260326,1,9,0,0,3,0,0.0,0,3,3,0,0,0,,9,52.94,0,0,0,10,2,1,0,0,0.0,0,0,0,0,0.0,0,0,0,0,18,2,0,0,0,0,0,0,0,0,0,0.0,0.0,0,1,0,1,0,0,0.0,0,4,3,75.0,1,3,3,0,10,52.63,3,28,19,47,46.1,1,0,75,5,0,0
Abdülkadir Ömür,826155,Antalyaspor,3056,turkey,2526,1049,20,14,6.59,0,1,1,1.25,0.68,12,4,13.79,79,11,61.11,122,125,247,80.46,10,40.0,15,0,0,0,42,1,1,1,1,7,20,0,0,10,20260326,15,61,1,1,12,0,0.0,0,19,17,2,0,0,,38,45.24,0,0,1,60,6,11,0,0,2.0,0,0,0,0,0.0,0,0,0,0,124,4,0,0,0,0,0,0,0,0,0,0.0,0.0,1,9,4,3,9,6,40.0,0,24,17,70.83,11,23,15,29,48,44.04,18,164,143,307,131.7,13,0,484,8,2,0
Mateusz Łęgowski,1064080,Eyüpspor,7040,turkey,2526,1041,20,12,6.58,0,1,1,0.69,0.77,10,1,12.5,70,8,33.33,139,124,263,77.13,8,34.78,15,0,0,0,41,1,1,2,2,10,20,0,0,15,20260326,3,50,0,1,13,0,0.0,0,13,10,3,0,0,,39,52.7,0,0,0,78,3,12,0,1,1.0,0,0,0,1,0.0,0,0,0,0,130,2,0,0,0,0,0,0,0,0,0,0.0,0.0,0,5,5,6,2,6,46.15,0,19,9,47.37,12,28,13,8,47,48.45,24,193,148,341,131.6,10,0,500,16,4,0
Sinan Osmanoğlu,69369,Gençlerbirliği,7802,turkey,2526,72,7,0,6.58,0,0,0,0.37,0.02,0,0,0.0,1,0,0.0,2,8,10,71.43,3,50.0,3,0,0,0,4,0,1,0,0,10,4,0,0,0,20260326,0,3,0,0,0,0,0.0,0,2,2,0,0,0,,4,100.0,0,0,0,4,2,0,0,0,0.0,0,0,0,0,0.0,0,0,0,0,4,0,0,0,0,0,0,0,0,0,0,0.0,0.0,0,1,0,0,1,0,0.0,0,3,2,66.67,0,1,0,0,7,70.0,0,5,9,14,26.3,1,0,33,1,0,0
Kevin Csoboth,879542,Gençlerbirliği,7802,turkey,2526,52,5,0,6.58,0,0,0,0.15,0.03,0,0,0.0,2,1,50.0,4,3,7,58.33,3,100.0,0,0,0,0,4,0,0,0,0,1,4,0,0,0,20260326,0,2,0,0,2,0,0.0,0,1,1,0,0,0,,3,60.0,0,0,0,5,0,0,0,0,0.0,0,0,0,0,0.0,0,0,0,0,12,0,0,0,0,0,0,0,0,0,0,0.0,0.0,0,1,0,0,1,1,50.0,0,1,0,0.0,0,2,2,3,6,75.0,2,8,4,12,26.3,1,0,28,1,0,0
Mustafa Hekimoğlu,1524303,Beşiktaş JK,3050,turkey,2526,267,12,1,6.57,1,0,1,1.27,0.03,2,0,0.0,15,1,50.0,26,12,38,76.0,6,42.86,8,0,0,0,10,0,0,1,0,3,11,0,0,4,20260326,1,37,0,0,16,0,20.0,0,5,4,1,1,0,,21,42.0,0,0,0,12,3,2,1,2,0.0,0,0,0,0,0.0,0,0,0,0,44,1,0,0,0,0,0,0,0,0,0,267.0,0.0,0,5,0,1,3,3,27.27,0,6,5,83.33,2,2,11,3,27,42.19,2,33,17,50,72.3,5,0,122,13,2,0
M'Baye Niang,139228,Gençlerbirliği,7802,turkey,2526,1504,21,17,6.57,3,2,5,4.8,0.25,6,0,0.0,45,9,64.29,102,85,187,70.83,43,38.05,70,0,0,0,41,3,2,9,2,17,21,0,0,19,20260326,5,152,0,0,42,0,7.5,0,18,16,2,3,0,,70,46.05,0,0,0,77,5,9,0,14,1.0,0,0,2,0,100.0,0,2,0,0,205,6,0,0,3,0,0,0,0,0,0,501.33,0.0,1,27,13,19,12,12,31.58,0,5,3,60.0,9,14,38,4,113,42.64,14,161,103,264,138.0,40,0,588,57,6,0
Baris Kalayci,1534046,Fatih Karagümrük,4954,turkey,2526,1051,22,12,6.57,1,2,3,1.95,1.1,7,3,15.79,87,5,55.56,136,99,235,79.39,9,31.03,20,0,0,0,42,3,1,5,1,6,21,0,0,27,20260326,9,78,0,0,12,0,4.35,0,20,17,3,1,0,,47,44.76,0,0,1,61,11,14,0,5,2.0,0,2,0,0,0.0,0,0,0,0,137,2,0,0,1,0,0,0,0,0,0,1051.0,0.0,0,17,6,9,9,6,37.5,0,15,7,46.67,12,8,16,19,56,41.79,9,183,113,296,138.0,23,0,508,26,4,0
Festy Ebosele,983059,Başakşehir FK,3086,turkey,2526,695,14,9,6.57,0,0,0,0.04,0.29,8,2,25.0,39,16,44.44,93,135,228,80.57,10,47.62,11,0,0,0,39,0,0,1,2,16,13,0,1,9,20260326,9,55,0,1,22,0,0.0,0,7,6,1,0,0,,63,58.88,0,0,0,55,12,2,0,0,5.0,0,0,0,0,0.0,0,0,0,0,113,1,0,2,0,0,0,0,0,0,0,0.0,0.0,0,1,0,0,0,12,75.0,0,35,25,71.43,2,17,16,8,73,57.03,36,126,157,283,85.4,1,0,498,16,2,1
Attila Mocsi,889382,Çaykur Rizespor,3064,turkey,2526,1168,18,12,6.57,1,0,1,0.88,0.2,25,2,40.0,46,50,47.62,145,409,554,84.19,23,53.49,20,0,0,0,56,0,0,1,2,61,16,0,0,0,20260326,11,44,1,0,16,0,33.33,1,23,20,3,1,0,,29,54.72,0,0,0,104,5,2,1,0,9.0,0,0,0,0,0.0,0,0,0,0,113,1,0,0,0,0,0,0,0,0,0,1168.0,0.0,0,1,2,1,1,3,100.0,0,21,14,66.67,2,53,3,5,52,54.17,105,211,447,658,105.1,3,1,797,6,3,0
Tarkan Serbest,164099,Kocaelispor,3065,turkey,2526,244,6,2,6.56,0,0,0,0.05,0.01,4,0,0.0,7,8,47.06,25,50,75,86.21,5,50.0,5,0,0,0,6,0,0,1,1,12,5,0,0,0,20260326,3,10,0,0,2,0,0.0,0,5,5,0,0,0,,3,37.5,0,0,0,12,3,0,0,0,1.0,0,0,0,0,0.0,0,0,0,0,16,0,0,0,0,0,0,0,0,0,0,0.0,0.0,0,0,2,1,0,0,0.0,0,0,0,0.0,0,7,0,0,8,44.44,17,36,51,87,32.8,2,0,117,3,0,0
Kenneth Paal,285997,Antalyaspor,3056,turkey,2526,2337,27,26,6.56,0,0,0,0.35,1.15,25,9,33.33,134,40,46.51,315,410,725,85.19,25,59.52,17,0,0,0,94,2,0,3,4,65,27,0,0,7,20260326,23,88,0,2,31,0,0.0,0,42,39,3,0,0,,85,54.49,0,0,0,126,15,15,0,2,8.0,0,0,0,2,0.0,0,0,0,0,210,0,0,0,0,0,0,0,0,0,0,0.0,0.0,1,2,6,4,1,11,47.83,0,49,31,63.27,15,58,23,27,110,55.56,86,404,447,851,177.1,8,0,1336,28,3,0
Václav Jurečka,225850,Çaykur Rizespor,3064,turkey,2526,479,12,5,6.56,1,0,1,2.27,0.35,7,0,0.0,27,3,75.0,56,35,91,77.12,11,45.83,13,0,0,0,10,0,3,0,1,4,12,0,0,8,20260326,2,34,0,0,7,0,9.09,0,9,8,1,1,0,,10,32.26,0,0,0,27,0,8,1,7,1.0,0,0,0,0,0.0,0,0,0,0,58,3,0,0,0,0,0,0,0,0,0,479.0,0.0,0,9,2,7,4,1,20.0,0,4,2,50.0,8,8,5,0,21,38.18,4,80,38,118,78.7,11,0,188,5,2,0
Mehmet Eray Özbek,1011955,Kayserispor,3072,turkey,2526,138,8,0,6.56,0,0,0,0.02,0.07,2,0,0.0,16,4,40.0,36,13,49,75.38,2,50.0,2,0,0,0,7,0,0,0,0,4,7,0,0,3,20260326,3,13,0,0,4,0,0.0,0,1,1,0,0,0,,5,31.25,0,0,0,16,0,0,0,0,1.0,0,0,0,0,0.0,0,0,0,0,24,1,0,0,0,0,0,0,0,0,0,0.0,0.0,0,0,1,1,0,0,0.0,0,4,3,75.0,0,8,1,2,7,35.0,10,49,16,65,45.9,1,0,92,1,1,0
Samet Karakoc,1148625,Antalyaspor,3056,turkey,2526,587,18,5,6.56,0,3,3,0.55,0.97,2,8,27.59,21,4,23.53,51,48,99,68.75,7,33.33,14,0,0,0,23,2,0,0,0,29,16,0,0,8,20260326,3,44,0,1,9,0,0.0,0,11,10,1,0,0,,26,46.43,0,0,0,45,6,6,0,3,2.0,0,0,0,0,0.0,0,0,0,0,104,2,0,0,0,0,0,0,0,0,0,0.0,0.0,0,4,0,4,0,11,50.0,0,5,3,60.0,6,8,22,29,33,42.86,17,79,65,144,104.9,4,0,323,10,1,0
Christ Sadia,2266454,Eyüpspor,7040,turkey,2526,22,3,0,6.55,0,0,0,,0.0,0,0,0.0,0,0,0.0,0,2,2,66.67,0,0.0,1,0,0,0,0,0,0,0,0,3,2,0,0,0,20260326,0,2,0,0,0,0,0.0,0,1,1,0,0,0,,2,66.67,0,0,0,1,0,0,0,1,0.0,0,0,0,0,0.0,0,0,0,0,3,0,0,0,0,0,0,0,0,0,0,0.0,0.0,0,0,0,0,0,0,0.0,0,1,1,100.0,0,0,1,0,2,50.0,0,0,3,3,13.1,0,0,15,1,0,0
Eyüp Aydın,1130115,Kasımpaşa,6063,turkey,2526,381,8,4,6.55,0,0,0,0.37,0.25,12,1,20.0,30,10,58.82,86,69,155,84.24,3,50.0,3,0,0,0,22,1,0,2,0,6,8,0,0,2,20260326,7,25,1,0,10,0,0.0,0,9,8,1,0,0,,24,52.17,0,0,0,29,4,5,0,0,1.0,0,1,0,0,0.0,0,0,0,0,44,2,0,0,0,0,0,0,0,0,0,0.0,0.0,0,1,4,1,2,2,40.0,0,11,8,72.73,4,20,5,5,27,51.92,17,104,80,184,52.4,5,0,255,11,1,0
Cihat Çelik,339253,Kocaelispor,3065,turkey,2526,19,2,0,6.55,0,0,0,0.02,0.0,0,0,0.0,1,0,0.0,4,8,12,100.0,0,0.0,0,0,0,0,2,0,0,0,0,0,2,0,0,0,20260326,1,2,0,0,1,0,0.0,0,0,0,0,0,0,,0,0.0,0,0,0,0,0,0,0,0,0.0,0,0,0,0,0.0,0,0,0,0,2,1,0,0,0,0,0,0,0,0,0,0.0,0.0,0,0,1,1,0,0,0.0,0,0,0,0.0,0,0,0,0,0,0.0,0,4,8,12,13.1,1,0,18,0,0,0
Pedro Pereira,807291,Gençlerbirliği,7802,turkey,2526,2250,25,25,6.54,0,1,1,0.44,1.73,43,12,30.77,104,64,50.39,223,300,523,77.25,15,45.45,18,0,0,0,75,2,0,4,5,68,25,0,0,9,20260326,21,102,1,2,40,0,0.0,0,32,29,3,0,0,,76,47.5,0,0,0,154,22,12,0,2,12.0,1,0,0,0,0.0,0,0,0,0,267,1,0,0,0,0,0,0,0,0,0,0.0,0.0,4,2,9,4,3,9,36.0,0,48,33,68.75,12,79,25,39,91,47.15,127,322,355,677,163.5,11,0,1219,19,10,0
İrfan Can Eğribayat,594618,Samsunspor,3053,turkey,2526,450,5,5,6.54,0,0,0,,0.01,12,0,0.0,2,34,54.84,8,102,110,79.71,1,100.0,0,0,0,0,38,0,0,0,1,0,5,0,0,0,20260326,0,1,1,0,0,0,0.0,23,7,4,3,0,0,-4.51,3,75.0,0,6,0,28,0,0,0,0,0.0,0,0,0,0,0.0,0,0,0,0,29,0,0,0,0,2,4,2,6,0,1,0.0,0.0,0,0,0,0,0,1,50.0,2,0,0,0.0,0,20,2,0,4,80.0,62,28,110,138,32.7,0,1,171,2,0,0
Musah Mohammed,1105505,Göztepe,3054,turkey,2526,88,5,0,6.54,0,0,0,0.04,0.09,2,0,0.0,4,2,28.57,10,7,17,47.22,6,75.0,2,0,0,0,3,0,0,0,0,4,5,0,0,1,20260326,0,4,0,0,1,0,0.0,0,2,2,0,0,0,,2,50.0,0,0,0,19,1,1,0,0,0.0,0,0,0,0,0.0,0,0,0,0,22,0,0,0,0,0,0,0,0,0,0,0.0,0.0,0,1,0,0,1,0,0.0,0,0,0,0.0,1,8,0,0,8,66.67,7,26,10,36,32.7,1,0,58,3,0,0
Sekou Koita,822710,Gençlerbirliği,7802,turkey,2526,1343,21,16,6.54,6,0,6,4.06,0.74,3,1,12.5,59,11,57.89,107,87,194,69.78,16,29.63,38,0,0,0,40,2,2,9,0,14,21,0,2,12,20260326,7,90,0,0,21,0,18.18,0,20,20,0,6,0,,56,51.85,1,0,0,84,5,18,5,4,4.0,0,0,0,0,0.0,0,0,0,0,163,6,0,2,0,0,0,0,0,0,0,223.83,0.0,4,17,16,11,13,17,56.67,0,17,10,58.82,18,11,30,8,72,44.44,19,171,107,278,137.3,33,2,521,23,3,0
Dal Varešanović,979109,Gençlerbirliği,7802,turkey,2526,340,14,3,6.54,1,0,1,0.95,0.12,3,0,0.0,20,4,66.67,28,38,66,84.62,1,10.0,9,0,0,0,12,0,1,0,0,0,11,0,0,4,20260326,4,33,0,0,8,0,25.0,0,5,5,0,1,0,,15,38.46,0,0,0,12,1,2,1,2,1.0,0,0,0,0,0.0,0,0,0,0,43,0,0,0,0,0,0,0,0,0,0,340.0,0.0,0,4,0,3,1,3,25.0,0,6,4,66.67,2,6,12,3,16,32.65,6,37,41,78,71.9,4,0,136,6,0,0
Erdoğan Yeşilyurt,142541,Antalyaspor,3056,turkey,2526,94,3,1,6.53,0,0,0,,0.14,0,3,60.0,1,0,0.0,7,3,10,55.56,0,0.0,1,0,0,0,3,1,0,0,0,3,3,0,0,0,20260326,2,6,0,0,2,0,0.0,0,1,1,0,0,0,,2,28.57,0,0,0,8,2,2,0,0,0.0,0,0,0,0,0.0,0,0,0,0,16,0,0,0,0,0,0,0,0,0,0,0.0,0.0,0,0,0,0,0,0,0.0,0,2,0,0.0,2,2,1,5,2,25.0,4,12,6,18,19.6,0,0,47,0,2,0
Fatih Kurucuk,807093,Fatih Karagümrük,4954,turkey,2526,227,4,2,6.53,0,0,0,,0.01,2,0,0.0,3,6,37.5,24,47,71,78.89,11,44.0,14,0,0,0,3,0,0,0,0,14,3,0,0,0,20260326,3,19,0,0,1,0,0.0,0,6,5,1,0,0,,9,64.29,0,0,0,19,0,0,0,0,3.0,1,0,0,0,0.0,0,0,0,0,22,0,0,0,0,0,0,0,0,0,0,0.0,0.0,0,0,0,0,0,0,0.0,0,5,1,20.0,0,9,1,0,20,51.28,16,38,52,90,19.6,0,0,125,4,1,0
Bedirhan Özyurt,1138102,Eyüpspor,7040,turkey,2526,488,6,6,6.53,0,0,0,0.23,0.1,11,1,50.0,22,13,39.39,71,180,251,84.23,17,65.38,9,0,0,0,18,0,0,3,1,38,6,0,1,1,20260326,2,24,0,0,12,0,0.0,0,7,7,0,0,0,,9,37.5,0,0,0,47,12,2,0,0,3.0,0,0,0,0,0.0,0,0,0,0,54,0,0,1,0,0,0,0,0,0,0,0.0,0.0,0,3,1,1,0,1,100.0,0,6,5,83.33,2,27,1,2,26,52.0,33,99,199,298,39.2,4,0,380,2,0,0
Devrim Şahin,2273226,Beşiktaş JK,3050,turkey,2526,164,4,2,6.53,0,0,0,0.17,0.03,0,1,14.29,8,0,0.0,13,6,19,55.88,3,50.0,3,0,0,0,5,0,0,1,0,0,3,0,0,3,20260326,3,15,0,0,5,0,0.0,0,0,0,0,0,0,,9,42.86,0,0,0,15,1,1,0,0,0.0,0,0,0,0,0.0,0,0,0,0,28,0,0,0,0,0,0,0,0,0,0,0.0,0.0,0,3,1,2,1,6,85.71,0,2,1,50.0,1,0,7,7,12,44.44,3,24,10,34,19.6,4,0,75,1,0,0
Yaw Ackah,984096,Kayserispor,3072,turkey,2526,185,3,2,6.53,0,0,0,0.06,0.05,0,0,0.0,11,7,58.33,31,36,67,84.81,3,75.0,1,0,0,0,14,0,0,0,0,3,3,0,0,4,20260326,4,12,0,0,2,0,0.0,0,3,2,1,0,0,,3,21.43,0,0,0,12,1,0,0,0,0.0,0,0,0,0,0.0,0,0,0,0,19,1,0,0,0,0,0,0,0,0,0,0.0,0.0,0,0,2,1,1,1,50.0,0,0,0,0.0,0,5,2,0,6,33.33,12,41,38,79,19.6,2,0,98,2,0,0
Mert Yilmaz,881966,Antalyaspor,3056,turkey,2526,36,3,0,6.53,0,0,0,0.06,0.01,0,0,0.0,3,0,0.0,6,2,8,66.67,0,0.0,0,0,0,0,2,0,0,1,0,0,3,0,0,0,20260326,0,1,0,0,1,0,0.0,0,1,1,0,0,0,,2,66.67,0,0,0,4,0,0,0,0,0.0,0,0,0,0,0.0,0,0,0,0,4,0,0,0,0,0,0,0,0,0,0,0.0,0.0,0,0,1,0,0,0,0.0,0,1,0,0.0,0,1,0,0,2,66.67,1,9,3,12,19.6,1,0,16,1,1,0
Can Keleş,918408,Kocaelispor,3065,turkey,2526,688,20,7,6.53,0,1,1,0.58,1.07,3,8,25.0,20,6,54.55,42,49,91,72.8,5,38.46,8,0,0,0,21,0,1,4,0,5,20,0,1,14,20260326,3,48,0,1,9,0,0.0,0,14,11,3,0,0,,29,42.03,0,0,1,34,6,5,0,2,0.0,0,0,0,0,0.0,0,0,0,0,110,2,0,1,0,0,0,0,0,0,0,0.0,0.0,0,8,5,6,3,11,44.0,0,9,6,66.67,5,7,25,32,34,41.46,11,64,61,125,130.6,13,0,284,9,2,0
Anthony Nwakaeme,139455,Trabzonspor,3051,turkey,2526,173,9,1,6.53,0,1,1,0.13,0.1,3,0,0.0,25,2,50.0,52,32,84,85.71,2,50.0,2,0,0,0,10,0,0,0,0,1,7,0,0,2,20260326,0,8,0,0,2,0,0.0,0,1,1,0,0,0,,4,40.0,0,0,0,14,1,4,0,0,0.0,0,0,0,0,0.0,0,0,0,0,28,0,0,0,0,0,0,0,0,0,0,0.0,0.0,0,1,1,2,0,0,0.0,0,3,1,33.33,4,4,2,6,6,42.86,4,63,35,98,45.7,2,0,126,1,1,0
Fedor Chalov,814599,Kayserispor,3072,turkey,2526,406,7,4,6.53,0,0,0,1.0,1.02,1,0,0.0,28,1,20.0,57,35,92,69.7,9,52.94,8,0,0,0,16,4,2,1,1,2,7,0,0,7,20260326,8,32,0,0,4,0,0.0,0,5,5,0,0,0,,6,20.0,0,0,1,40,1,5,0,1,0.0,0,0,0,0,0.0,0,0,0,0,74,4,0,0,0,0,0,0,0,0,0,0.0,0.0,0,7,2,5,3,1,16.67,0,2,1,50.0,5,3,6,3,15,31.91,5,89,43,132,45.7,9,0,202,3,1,0
Denis Drăguş,841199,Gaziantep FK,5138,turkey,2526,1130,18,13,6.53,0,1,1,1.93,1.33,8,2,18.18,75,8,61.54,124,80,204,76.69,9,39.13,14,0,0,0,60,3,2,6,0,8,18,0,0,34,20260326,19,142,0,1,29,0,0.0,0,17,16,1,0,0,,88,40.74,0,0,0,62,8,9,0,5,0.0,0,0,0,0,0.0,0,0,0,0,208,11,0,0,0,0,0,0,0,0,0,0.0,0.0,0,19,11,16,8,35,43.21,0,25,22,88.0,9,18,81,11,97,40.59,13,171,95,266,117.5,30,0,608,28,3,0
Oğulcan Çağlayan,387050,Kocaelispor,3065,turkey,2526,196,4,2,6.53,0,0,0,0.19,0.78,2,0,0.0,11,1,33.33,22,9,31,65.96,5,45.45,6,0,0,0,5,0,0,1,0,3,4,0,0,3,20260326,3,13,0,0,2,0,0.0,0,2,2,0,0,0,,5,41.67,0,0,0,16,0,0,0,3,0.0,0,0,0,0,0.0,0,0,0,0,26,0,0,0,0,0,0,0,0,0,0,0.0,0.0,0,4,2,5,0,2,100.0,0,2,0,0.0,0,4,2,2,10,43.48,3,37,10,47,26.1,6,0,71,1,1,0
Abdurrahim Dursun,883275,Gençlerbirliği,7802,turkey,2526,431,13,4,6.52,0,0,0,0.14,0.69,1,3,16.67,31,6,27.27,67,41,108,70.59,4,30.77,9,0,0,0,20,0,0,1,0,14,13,0,0,1,20260326,4,25,0,1,7,0,0.0,0,8,6,2,0,0,,21,56.76,0,0,0,45,5,6,0,1,0.0,0,0,0,0,0.0,0,0,0,0,78,1,0,0,0,0,0,0,0,0,0,0.0,0.0,0,2,4,4,1,2,33.33,0,17,11,64.71,6,9,6,18,25,50.0,22,97,56,153,84.8,6,0,283,2,1,0
Mert Günok,39573,Fenerbahçe,3052,turkey,2526,810,9,9,6.52,0,0,0,,0.01,15,0,0.0,5,29,33.72,15,118,133,69.63,2,100.0,0,0,0,0,82,0,0,0,1,6,9,0,0,0,20260326,0,0,0,0,0,0,0.0,41,13,13,0,0,0,-3.67,0,0.0,0,3,0,58,0,0,0,0,0.0,0,0,0,0,0.0,1,0,0,0,61,0,1,0,0,4,7,9,16,0,5,0.0,0.0,0,0,0,0,0,0,0.0,4,0,0,0.0,0,32,0,0,2,100.0,86,61,130,191,58.7,0,0,277,2,1,0
Matěj Hanousek,320905,Gençlerbirliği,7802,turkey,2526,1055,18,11,6.52,0,0,0,0.02,0.96,15,5,25.0,71,21,38.18,143,163,306,79.27,6,33.33,12,0,0,0,33,2,0,1,1,43,16,0,0,3,20260326,11,35,0,0,5,0,0.0,0,18,18,0,0,0,,21,47.73,0,0,0,80,10,6,0,0,2.0,0,0,0,0,0.0,0,0,0,0,127,1,0,0,0,0,0,0,0,0,0,0.0,0.0,0,0,1,0,0,1,20.0,0,18,8,44.44,6,38,5,20,27,43.55,55,195,191,386,104.3,1,0,626,2,1,0
Pape Habib Gueye,880778,Kasımpaşa,6063,turkey,2526,1547,24,16,6.52,5,0,5,4.96,0.62,2,0,0.0,93,3,50.0,131,47,178,66.42,69,43.67,89,0,0,1,37,1,7,4,1,14,24,0,0,27,20260326,16,210,0,0,65,0,13.16,0,25,22,3,5,0,,51,29.65,2,0,1,90,4,9,1,5,2.0,0,0,1,0,0.0,0,0,0,1,240,10,0,1,2,0,0,0,0,0,0,309.4,0.0,0,33,5,20,14,12,36.36,0,15,12,80.0,9,7,33,8,120,36.36,6,207,61,268,156.4,38,1,586,26,3,1
Polat Yaldır,1135583,Samsunspor,3053,turkey,2526,108,6,0,6.52,0,0,0,0.71,0.26,0,1,33.33,12,0,0.0,20,4,24,72.73,2,66.67,1,0,0,0,9,0,1,0,0,1,6,0,0,2,20260326,2,14,0,0,4,0,0.0,0,3,2,1,0,0,,8,38.1,0,0,0,9,2,4,0,1,0.0,0,0,0,0,0.0,0,0,0,0,23,1,0,0,0,0,0,0,0,0,0,0.0,0.0,0,2,0,0,2,3,37.5,0,2,2,100.0,4,0,8,3,10,41.67,1,26,7,33,39.1,2,0,63,3,0,0
Davide Biraschi,233252,Fatih Karagümrük,4954,turkey,2526,515,7,7,6.51,0,0,0,0.13,0.04,5,0,0.0,18,11,37.93,49,81,130,76.02,8,50.0,8,0,0,0,24,0,0,0,2,27,7,0,0,0,20260326,5,18,0,1,4,0,0.0,0,9,8,1,0,0,,14,58.33,0,0,0,41,7,0,0,0,1.0,0,0,0,0,0.0,0,0,0,0,47,1,0,0,0,0,0,0,0,0,0,0.0,0.0,0,2,0,1,1,0,0.0,0,4,3,75.0,0,16,1,2,22,55.0,29,72,99,171,45.6,2,0,241,10,1,0
Ramazan Civelek,781408,Kayserispor,3072,turkey,2526,1916,25,23,6.51,0,2,2,0.45,1.26,17,7,20.0,227,29,48.33,366,280,646,84.33,10,26.32,28,0,0,0,97,0,0,3,2,55,25,0,0,15,20260326,32,116,0,1,27,0,0.0,0,33,28,5,0,0,,71,44.65,0,0,0,120,21,15,0,4,2.0,1,0,0,0,0.0,0,0,0,0,221,9,0,0,0,0,0,0,0,0,0,0.0,0.0,0,4,6,6,1,9,39.13,0,30,17,56.67,15,35,23,35,81,41.12,60,439,327,766,162.8,10,0,1215,33,6,0
Tomáš Čvančara,929163,Antalyaspor,3056,turkey,2526,533,11,6,6.51,1,0,1,1.41,0.09,0,2,40.0,15,1,16.67,29,27,56,65.12,11,36.67,19,0,0,0,13,0,2,1,0,3,10,0,0,6,20260326,1,39,0,0,9,0,8.33,0,11,8,3,1,0,,20,50.0,0,0,0,30,1,1,0,5,0.0,0,0,0,0,0.0,0,0,0,0,56,4,0,0,1,0,0,0,0,0,0,533.0,0.0,0,11,1,5,6,5,55.56,0,4,2,50.0,1,2,9,5,31,44.29,6,56,30,86,65.1,12,1,167,11,1,0
Doğukan Sinik,796114,Antalyaspor,3056,turkey,2526,498,14,5,6.51,0,1,1,0.41,0.4,6,5,38.46,33,11,55.0,64,39,103,72.54,4,57.14,3,0,0,0,24,1,1,4,0,8,13,0,0,8,20260326,0,37,0,0,15,0,0.0,0,10,9,1,0,0,,32,48.48,0,0,1,39,1,7,0,1,1.0,0,0,0,1,0.0,0,0,0,0,94,1,0,1,0,0,0,0,0,0,0,0.0,0.0,0,6,8,8,2,18,60.0,0,5,4,80.0,7,12,30,13,36,49.32,20,97,45,142,84.6,14,0,281,9,2,1
Carlos Mané,859748,Kayserispor,3072,turkey,2526,1003,20,12,6.51,0,1,1,1.43,0.55,13,4,14.29,69,11,61.11,110,86,196,73.41,9,45.0,11,0,0,0,41,1,4,3,0,7,20,0,0,6,20260326,14,58,0,0,13,0,0.0,0,20,19,1,0,0,,41,46.59,0,0,1,71,9,8,0,4,1.0,0,0,0,0,0.0,0,0,0,0,135,2,0,0,0,0,0,0,0,0,0,0.0,0.0,0,6,2,0,5,10,38.46,0,22,7,31.82,8,21,26,28,50,46.3,18,165,102,267,130.1,8,0,450,10,2,0
Ali Yavuz Kol,910091,Kasımpaşa,6063,turkey,2526,721,21,5,6.51,0,0,0,1.04,1.07,12,8,18.18,88,13,76.47,135,60,195,78.31,8,53.33,7,0,0,0,50,1,1,10,1,3,20,0,0,19,20260326,24,97,0,0,24,0,0.0,0,9,8,1,0,0,,44,32.84,0,0,0,54,6,10,0,1,1.0,0,0,0,0,0.0,0,0,0,0,167,8,0,0,0,0,0,0,0,0,0,0.0,0.0,0,13,12,13,2,19,45.24,0,20,17,85.0,10,16,42,44,52,34.9,17,178,71,249,130.1,25,0,497,5,4,0
Danylo Sikan,945479,Trabzonspor,3051,turkey,2526,251,13,1,6.5,1,0,1,1.46,0.16,2,2,66.67,19,1,50.0,34,24,58,75.32,5,38.46,8,0,0,0,8,1,1,2,0,1,10,0,0,7,20260326,0,26,0,0,12,0,12.5,0,7,7,0,1,0,,14,43.75,1,0,1,19,1,3,0,0,0.0,0,0,0,0,0.0,0,0,0,1,38,0,0,0,0,0,0,0,0,0,0,251.0,0.0,1,6,2,4,2,2,50.0,0,5,3,60.0,3,4,4,3,19,42.22,2,51,26,77,65.0,8,0,131,7,2,0
Ahmed Kutucu,906049,Galatasaray,3061,turkey,2526,84,8,0,6.5,0,1,1,0.33,0.32,0,1,100.0,10,1,50.0,11,11,22,88.0,3,50.0,3,0,0,0,3,1,0,3,0,2,8,0,0,3,20260326,1,11,0,0,4,0,0.0,0,0,0,0,0,0,,4,33.33,0,0,0,3,1,2,0,0,0.0,0,0,0,0,0.0,0,0,0,0,12,0,0,0,0,0,0,0,0,0,0,0.0,0.0,1,4,2,2,1,1,100.0,0,3,2,66.67,2,0,1,1,7,38.89,2,13,12,25,52.0,6,0,52,0,0,0
Nurettin Korkmaz,976993,Kayserispor,3072,turkey,2526,163,7,1,6.5,0,1,1,0.03,0.17,2,2,22.22,17,4,50.0,31,29,60,84.51,0,0.0,4,0,0,0,6,1,0,0,0,3,6,0,0,0,20260326,2,9,0,0,2,0,0.0,0,5,4,1,0,0,,8,61.54,0,0,0,11,2,3,0,0,0.0,0,0,0,0,0.0,0,0,0,0,29,2,0,0,0,0,0,0,0,0,0,0.0,0.0,0,0,1,0,1,2,66.67,0,1,0,0.0,3,4,3,9,8,47.06,8,41,30,71,39.0,1,0,121,5,1,0
Mateusz Wieteska,286087,Kocaelispor,3065,turkey,2526,22,1,1,6.5,0,0,0,,0.0,0,0,0.0,1,1,50.0,1,3,4,57.14,0,0.0,1,0,0,0,1,0,0,0,0,0,1,0,0,0,20260326,0,1,0,0,0,0,0.0,0,0,0,0,0,0,,0,0.0,0,0,0,3,0,0,0,0,,0,0,0,0,0.0,0,0,0,0,4,0,0,0,0,0,0,0,0,0,0,0.0,0.0,0,0,0,0,0,0,0.0,0,0,0,0.0,0,0,0,0,0,0.0,2,3,4,7,6.5,0,0,8,0,0,0
Serdar Gürler,96520,Eyüpspor,7040,turkey,2526,1288,17,16,6.5,0,0,0,1.77,1.17,12,8,25.0,68,8,34.78,143,130,273,81.01,6,22.22,21,0,0,0,52,1,5,5,0,23,17,0,0,9,20260326,11,76,0,0,10,0,0.0,0,19,18,1,0,0,,42,43.3,0,0,0,64,9,8,0,4,2.0,0,0,0,0,0.0,0,0,0,0,152,2,0,0,0,0,0,0,0,0,0,0.0,0.0,1,9,13,11,6,8,24.24,0,15,12,80.0,8,19,33,32,48,38.71,23,196,141,337,110.5,22,0,598,19,2,0
Andraž Šporar,166987,Alanyaspor,6362,turkey,2526,165,2,2,6.5,0,0,0,0.56,0.03,1,0,0.0,9,1,100.0,19,6,25,73.53,7,63.64,4,0,0,0,2,0,1,0,0,1,2,0,0,2,20260326,1,14,0,0,4,0,0.0,0,2,2,0,0,0,,5,33.33,0,0,1,9,0,1,0,0,0.0,0,0,0,0,0.0,0,0,0,0,20,1,0,0,0,0,0,0,0,0,0,0.0,0.0,0,4,1,4,1,0,0.0,0,1,1,100.0,1,1,3,1,12,46.15,1,26,8,34,13.0,5,0,60,4,0,0
Andre Gray,73951,Fatih Karagümrük,4954,turkey,2526,539,12,6,6.5,0,0,0,0.26,0.2,1,0,0.0,34,2,66.67,47,25,72,75.79,1,33.33,2,0,0,0,6,0,0,0,0,4,12,0,0,1,20260326,0,15,0,0,8,0,0.0,0,12,11,1,0,0,,8,38.1,0,0,0,23,0,5,0,5,0.0,0,0,0,0,0.0,0,0,0,0,45,2,0,0,0,0,0,0,0,0,0,0.0,0.0,0,1,4,3,2,1,20.0,0,3,1,33.33,5,4,5,5,9,37.5,3,70,25,95,78.0,5,0,152,4,0,0
Ayaz Özcan,2311147,Gençlerbirliği,7802,turkey,2526,29,3,0,6.5,0,0,0,0.23,,0,0,0.0,0,0,0.0,0,0,0,0.0,1,33.33,2,0,0,0,3,0,1,0,0,0,3,0,0,1,20260326,1,5,0,0,0,0,0.0,0,0,0,0,0,0,,2,40.0,0,0,0,1,0,0,0,0,0.0,0,0,0,0,0.0,0,0,0,0,4,1,0,0,0,0,0,0,0,0,0,0.0,0.0,0,1,0,1,0,0,0.0,0,1,0,0.0,0,0,1,0,3,37.5,0,1,0,1,19.5,1,0,9,1,0,0
Sander Svendsen,327053,Konyaspor,3085,turkey,2526,142,5,2,6.5,0,0,0,0.14,0.25,0,0,0.0,10,0,0.0,13,7,20,66.67,1,50.0,1,0,0,0,3,1,0,1,0,1,4,0,0,4,20260326,0,8,0,0,1,0,0.0,0,2,2,0,0,0,,2,22.22,0,0,0,10,0,3,0,1,0.0,0,0,0,0,0.0,0,0,0,0,25,1,0,0,0,0,0,0,0,0,0,0.0,0.0,0,1,1,1,0,1,33.33,0,1,1,100.0,3,1,3,2,3,27.27,2,21,9,30,26.0,2,0,53,0,0,0
Soner Aydoğdu,69351,Samsunspor,3053,turkey,2526,113,8,0,6.5,0,0,0,0.04,0.09,1,2,28.57,12,1,50.0,23,14,37,78.72,1,33.33,2,0,0,0,3,1,0,0,0,0,7,0,0,1,20260326,1,6,0,0,2,0,0.0,0,3,3,0,0,0,,3,42.86,0,0,0,10,0,2,0,0,0.0,0,0,0,0,0.0,0,0,0,0,18,0,0,0,0,0,0,0,0,0,0,0.0,0.0,0,0,1,1,0,1,100.0,0,2,2,100.0,2,4,1,7,4,40.0,2,29,18,47,45.5,1,0,66,0,0,0
Ömer Faruk Beyaz,1022881,Başakşehir FK,3086,turkey,2526,30,3,0,6.5,0,0,0,0.04,0.02,0,0,0.0,3,0,0.0,6,4,10,76.92,0,0.0,0,0,0,0,2,0,0,0,0,0,2,0,0,0,20260326,1,2,0,0,0,0,0.0,0,0,0,0,0,0,,3,60.0,0,0,0,3,0,1,0,0,0.0,0,0,0,0,0.0,0,0,0,0,5,1,0,0,0,0,0,0,0,0,0,0.0,0.0,0,1,0,1,0,1,50.0,0,1,0,0.0,1,0,2,0,3,60.0,1,8,5,13,13.0,1,0,19,1,0,0
Dilhan Demir,1907100,Gençlerbirliği,7802,turkey,2526,106,6,1,6.5,0,0,0,0.03,0.09,0,0,0.0,8,0,0.0,16,8,24,80.0,0,0.0,1,0,0,0,6,0,0,1,0,2,5,0,0,2,20260326,2,12,0,0,5,0,0.0,0,2,2,0,0,0,,7,38.89,0,0,0,6,0,1,0,1,1.0,0,0,0,0,0.0,0,0,0,0,14,1,0,0,0,0,0,0,0,0,0,0.0,0.0,0,0,1,0,0,2,50.0,0,3,1,33.33,1,1,4,0,7,36.84,1,22,8,30,32.5,1,0,53,2,1,0
Batista Mendy,859021,Trabzonspor,3051,turkey,2526,56,2,0,6.5,0,0,0,0.03,0.01,0,0,0.0,2,0,0.0,4,15,19,86.36,0,0.0,0,0,0,0,4,0,0,0,0,1,2,0,0,1,20260326,0,5,0,0,4,0,0.0,0,0,0,0,0,0,,4,44.44,0,0,0,3,0,1,0,0,,0,0,0,0,0.0,0,0,0,0,6,0,0,0,0,0,0,0,0,0,0,0.0,0.0,0,0,1,1,0,0,0.0,0,1,1,100.0,1,0,0,0,4,44.44,1,6,16,22,13.0,1,0,33,3,0,0
Indrit Tuci,985412,Kayserispor,3072,turkey,2526,584,16,4,6.49,2,0,2,2.51,0.27,3,1,50.0,28,4,44.44,56,31,87,63.97,14,41.18,20,0,0,0,14,0,4,7,1,7,16,0,0,11,20260326,3,55,0,0,18,0,7.69,0,12,10,2,2,0,,27,43.55,2,0,1,49,2,4,0,2,0.0,0,0,0,0,0.0,0,0,0,0,81,5,0,0,0,0,0,0,0,0,0,292.0,0.0,0,19,7,11,8,3,42.86,0,8,6,75.0,4,6,7,2,41,42.71,9,101,35,136,103.9,26,0,249,16,1,0
Abdullah Yiğiter,827515,Antalyaspor,3056,turkey,2526,990,11,11,6.49,0,0,0,,0.06,23,0,0.0,19,80,33.47,49,176,225,57.84,2,66.67,1,0,0,0,90,0,0,0,4,10,11,0,0,0,20260326,0,1,2,2,0,0,0.0,85,17,16,1,0,0,-2.44,3,100.0,0,16,0,164,0,0,0,0,0.0,0,0,0,0,0.0,0,0,0,0,173,0,5,0,0,5,21,11,32,1,6,0.0,0.0,0,0,0,0,0,2,100.0,5,0,0,0.0,0,44,2,0,5,83.33,239,179,210,389,71.4,0,0,504,1,0,0
Aaron Opoku,930136,Kayserispor,3072,turkey,2526,1235,19,14,6.49,0,2,2,0.53,2.26,12,12,24.49,97,13,46.43,132,111,243,76.66,14,45.16,17,0,0,0,55,4,1,6,1,17,19,0,0,13,20260326,18,78,0,0,16,0,0.0,0,30,25,5,0,0,,37,37.76,0,0,0,74,7,22,0,2,1.0,1,1,0,0,0.0,0,0,0,0,171,4,0,0,0,0,0,0,0,0,0,0.0,0.0,0,8,5,4,3,17,54.84,0,14,6,42.86,21,24,31,49,51,39.53,28,186,131,317,123.3,13,0,572,7,3,0
Ali Sowe,238394,Çaykur Rizespor,3064,turkey,2526,1669,24,19,6.48,3,3,6,9.28,0.25,12,1,50.0,59,13,86.67,125,98,223,74.83,37,35.24,68,0,0,0,37,2,13,9,3,10,24,0,0,27,20260326,4,136,0,0,27,0,8.82,0,29,26,3,3,0,,50,42.37,0,0,0,75,1,21,2,8,2.0,1,0,0,0,0.0,0,0,0,0,193,5,0,0,1,0,0,0,0,0,0,556.33,0.0,0,33,1,16,9,14,51.85,0,5,2,40.0,21,13,27,2,87,39.01,15,188,110,298,155.6,34,0,561,33,2,0
Godfried Frimpong,931743,Kasımpaşa,6063,turkey,2526,1842,22,21,6.48,0,1,1,0.11,1.53,20,14,26.92,106,27,37.5,207,294,501,77.67,11,36.67,19,0,0,0,75,2,0,2,5,55,22,0,0,6,20260326,16,62,0,0,20,0,0.0,0,28,26,2,0,0,,36,45.57,0,0,0,144,22,13,0,2,2.0,0,0,0,0,0.0,0,0,0,0,240,0,0,0,0,0,0,0,0,0,0,0.0,0.0,0,2,2,1,1,6,60.0,0,17,11,64.71,13,47,10,52,47,43.12,72,300,345,645,142.6,4,0,1040,13,1,0
Frantzdy Pierrot,943278,Çaykur Rizespor,3064,turkey,2526,79,5,0,6.48,0,0,0,0.36,0.01,0,0,0.0,3,0,0.0,6,3,9,56.25,7,70.0,3,0,0,0,1,0,1,0,0,1,5,0,0,1,20260326,0,6,0,0,1,0,0.0,0,0,0,0,0,0,,2,40.0,0,0,0,7,0,0,0,0,0.0,0,0,0,0,0.0,0,0,0,0,14,0,0,0,0,0,0,0,0,0,0,0.0,0.0,0,2,0,1,1,0,0.0,0,0,0,0.0,0,0,1,0,9,60.0,0,12,4,16,32.4,2,0,31,2,0,0
Meschack Elia,862078,Alanyaspor,6362,turkey,2526,531,18,5,6.48,0,0,0,0.51,0.47,0,5,19.23,65,1,25.0,103,47,150,85.23,2,33.33,4,0,0,0,26,1,0,4,0,0,17,0,0,7,20260326,3,40,0,0,10,0,0.0,0,10,10,0,0,0,,18,33.33,0,0,1,26,4,6,0,4,0.0,0,0,0,0,0.0,0,0,0,0,90,3,0,0,0,0,0,0,0,0,0,0.0,0.0,0,7,3,0,6,5,23.81,0,5,3,60.0,6,6,21,26,20,33.33,4,121,55,176,110.1,10,0,305,8,0,0
Tiago Cukur,1134447,Fatih Karagümrük,4954,turkey,2526,1247,22,13,6.48,1,2,3,2.66,0.94,15,2,11.76,126,9,52.94,210,70,280,72.92,27,45.0,33,0,0,0,33,3,4,8,1,9,21,0,0,28,20260326,6,98,0,0,25,0,3.85,0,23,22,1,1,0,,33,33.67,0,0,0,104,3,19,0,3,0.0,0,0,0,0,0.0,0,0,0,0,195,7,0,0,1,0,0,0,0,0,0,1247.0,0.0,0,18,8,10,8,4,33.33,0,18,7,38.89,19,25,12,17,60,37.97,17,301,83,384,136.0,26,0,591,11,2,0
Abdulsamet Burak,900798,Kayserispor,3072,turkey,2526,384,8,5,6.48,0,0,0,,0.08,5,1,20.0,13,8,40.0,44,85,129,80.12,4,36.36,7,0,0,0,16,0,0,0,0,13,8,0,0,1,20260326,1,19,0,0,8,0,0.0,2,7,4,3,0,0,,15,55.56,0,0,0,32,6,1,0,1,2.0,0,0,0,0,0.0,0,0,0,0,47,0,0,0,0,0,0,0,0,0,0,0.0,0.0,0,0,0,0,0,1,33.33,0,6,4,66.67,1,14,3,5,19,50.0,20,61,100,161,51.8,0,0,234,8,3,0
Riechedly Bazoer,227196,Konyaspor,3085,turkey,2526,681,10,8,6.48,0,0,0,0.1,0.08,22,0,0.0,33,32,52.46,104,242,346,89.87,7,38.89,11,0,0,0,25,0,0,0,1,26,8,0,0,1,20260326,2,28,1,1,13,0,0.0,1,12,12,0,0,0,,13,43.33,0,0,0,39,4,1,0,0,1.0,1,0,0,0,0.0,0,0,0,0,45,1,0,0,0,0,0,0,0,0,0,0.0,0.0,0,1,1,2,0,0,0.0,0,8,6,75.0,1,39,1,1,20,41.67,61,133,252,385,51.8,2,0,452,5,3,0
İsmail Köybaşı,43605,Göztepe,3054,turkey,2526,78,9,0,6.48,0,0,0,0.04,0.02,0,0,0.0,7,0,0.0,10,5,15,51.72,0,0.0,1,0,0,0,1,0,0,0,0,0,4,0,0,1,20260326,0,4,0,0,2,0,0.0,0,2,1,1,0,0,,7,70.0,0,0,0,14,0,0,0,0,1.0,0,0,0,0,0.0,0,0,0,0,24,0,0,1,0,0,0,0,0,0,0,0.0,0.0,1,0,1,0,1,2,100.0,0,3,3,100.0,0,1,2,5,7,63.64,5,23,6,29,25.9,1,0,51,2,0,1
Victor Ntino-Emo Gidado,1632791,Gaziantep FK,5138,turkey,2526,95,6,0,6.48,0,0,0,0.02,0.01,0,0,0.0,4,0,0.0,9,11,20,66.67,2,40.0,3,0,0,0,6,0,0,0,0,2,4,0,0,0,20260326,0,6,0,0,2,0,0.0,0,2,0,2,0,0,,4,57.14,0,0,0,10,1,0,0,0,0.0,0,0,0,0,0.0,0,0,0,0,13,0,0,0,0,0,0,0,0,0,0,0.0,0.0,0,0,1,1,0,0,0.0,0,4,3,75.0,0,1,1,0,6,50.0,2,16,14,30,25.9,1,0,43,0,0,0
Dorukhan Toköz,796133,Kayserispor,3072,turkey,2526,980,20,12,6.47,0,0,0,0.3,0.73,25,1,33.33,54,33,47.83,114,161,275,79.02,13,41.94,18,0,0,0,37,1,0,3,1,35,20,0,1,2,20260326,12,53,0,0,22,0,0.0,0,19,16,3,0,0,,37,51.39,0,0,0,73,17,4,0,0,4.0,0,0,0,0,0.0,0,0,0,0,92,2,0,1,0,0,0,0,0,0,0,0.0,0.0,0,3,4,4,0,1,33.33,0,20,11,55.0,4,45,3,3,50,48.54,69,167,181,348,129.4,7,0,514,16,4,0
Furkan Gedik,1129463,Kocaelispor,3065,turkey,2526,33,4,0,6.47,0,0,0,,0.0,0,0,0.0,3,1,100.0,3,0,3,60.0,1,50.0,1,0,0,0,1,0,0,0,0,0,3,0,0,1,20260326,0,2,0,0,0,0,0.0,0,0,0,0,0,0,,0,0.0,0,0,0,2,0,0,0,0,0.0,0,0,0,0,0.0,0,0,0,0,6,0,0,0,0,0,0,0,0,0,0,0.0,0.0,0,0,0,0,0,0,0.0,0,0,0,0.0,0,0,0,2,1,33.33,1,5,0,5,19.4,0,0,12,0,1,0
Kaan Akyazı,1476229,Konyaspor,3085,turkey,2526,34,5,0,6.47,0,0,0,,0.02,0,0,0.0,4,0,0.0,5,1,6,85.71,0,0.0,1,0,0,0,0,0,0,0,0,0,3,0,0,0,20260326,0,5,0,0,1,0,0.0,0,0,0,0,0,0,,4,50.0,0,0,0,1,0,1,0,0,0.0,0,0,0,0,0.0,0,0,0,0,5,0,0,0,0,0,0,0,0,0,0,0.0,0.0,0,0,0,0,0,0,0.0,0,3,3,100.0,1,1,3,1,4,44.44,0,6,1,7,19.4,0,0,18,1,0,0
Adama Malouda Traoré,1172372,Gençlerbirliği,7802,turkey,2526,627,9,7,6.47,0,0,0,0.62,0.46,8,1,14.29,33,6,33.33,60,55,115,74.19,7,38.89,11,0,0,0,33,1,2,2,0,9,9,0,0,17,20260326,3,46,0,0,9,0,0.0,0,6,6,0,0,0,,23,39.66,0,0,0,40,3,8,0,4,0.0,0,0,0,0,0.0,0,0,0,0,81,3,0,0,0,0,0,0,0,0,0,0.0,0.0,0,6,5,8,1,7,53.85,0,5,3,60.0,8,13,13,7,30,39.47,18,88,67,155,58.2,11,0,258,11,2,0
Melih Bostan,1133195,Konyaspor,3085,turkey,2526,122,10,0,6.46,0,0,0,0.74,0.08,0,0,0.0,10,0,0.0,17,5,22,62.86,2,40.0,3,0,0,0,2,0,1,1,0,0,10,0,0,0,20260326,0,5,0,0,1,0,0.0,0,2,2,0,0,0,,3,60.0,0,0,1,13,0,2,0,1,0.0,0,0,0,0,0.0,0,0,0,0,19,1,0,0,0,0,0,0,0,0,0,0.0,0.0,0,3,1,3,0,1,50.0,0,1,1,100.0,2,2,2,4,5,50.0,1,26,9,35,64.6,4,0,52,1,0,0
Poyraz Efe Yıldırım,1195797,Antalyaspor,3056,turkey,2526,180,10,0,6.46,0,0,0,0.17,0.03,0,0,0.0,13,0,0.0,22,11,33,78.57,4,25.0,12,0,0,0,5,0,0,0,0,2,9,0,0,1,20260326,1,20,0,0,4,0,0.0,0,3,3,0,0,0,,8,50.0,0,0,0,9,0,0,0,0,1.0,0,0,0,0,0.0,0,0,0,0,21,0,0,0,0,0,0,0,0,0,0,0.0,0.0,0,2,1,2,1,1,25.0,0,2,2,100.0,0,1,4,0,12,37.5,0,31,11,42,58.1,3,0,75,6,1,0
Necip Uysal,43394,Beşiktaş JK,3050,turkey,2526,81,2,1,6.45,0,0,0,,0.01,1,0,0.0,5,1,25.0,14,18,32,86.49,3,75.0,1,0,0,0,3,0,0,0,0,2,2,0,0,0,20260326,3,7,0,0,4,0,0.0,0,2,2,0,0,0,,1,14.29,0,0,0,5,4,0,0,0,0.0,0,0,0,0,0.0,0,0,0,0,5,0,0,0,0,0,0,0,0,0,0,0.0,0.0,0,0,0,0,0,0,0.0,0,1,0,0.0,0,2,0,0,4,36.36,4,18,19,37,12.9,0,0,49,1,1,0
Ali Karimi,803869,Kayserispor,3072,turkey,2526,39,2,0,6.45,0,0,0,,0.0,0,0,0.0,4,0,0.0,4,6,10,76.92,0,0.0,2,0,0,0,3,0,0,0,0,0,2,0,0,0,20260326,0,3,0,0,0,0,0.0,0,2,1,1,0,0,,1,50.0,0,0,0,3,0,0,0,0,0.0,0,0,0,0,0.0,0,0,0,0,7,0,0,0,0,0,0,0,0,0,0,0.0,0.0,0,0,0,0,0,0,0.0,0,1,1,100.0,0,3,1,1,1,25.0,1,7,6,13,12.9,0,0,20,0,0,0
Salem Bouajila,2029551,Göztepe,3054,turkey,2526,20,4,0,6.45,0,0,0,,0.0,0,0,0.0,0,0,0.0,0,2,2,33.33,1,100.0,0,0,0,0,1,0,0,0,0,0,2,0,0,0,20260326,0,1,0,0,1,0,0.0,0,1,1,0,0,0,,0,0.0,0,0,0,4,0,0,0,1,0.0,0,0,0,0,0.0,0,0,0,0,5,0,0,0,0,0,0,0,0,0,0,0.0,0.0,0,0,0,0,0,0,0.0,0,0,0,0.0,0,0,0,0,1,50.0,0,3,3,6,12.9,0,0,8,0,1,0
Denis Makarov,955978,Kayserispor,3072,turkey,2526,301,6,3,6.45,0,0,0,1.03,0.37,5,3,27.27,6,5,55.56,17,25,42,65.63,3,37.5,5,0,0,0,17,2,3,2,0,6,6,0,0,3,20260326,8,33,0,1,10,0,0.0,0,6,6,0,0,0,,13,31.71,0,0,0,22,2,5,0,1,0.0,0,0,0,0,0.0,0,0,0,1,50,2,0,0,0,0,0,0,0,0,0,0.0,0.0,0,6,5,3,6,6,46.15,0,2,1,50.0,5,8,13,11,16,32.65,9,34,30,64,38.7,11,0,137,5,2,0
João Camacho,317677,Fatih Karagümrük,4954,turkey,2526,324,8,3,6.45,0,0,0,0.39,0.14,0,2,22.22,17,0,0.0,28,17,45,67.16,1,14.29,6,0,0,0,15,0,1,1,0,3,8,0,0,5,20260326,2,24,0,0,8,0,0.0,0,10,10,0,0,0,,14,43.75,0,0,0,22,4,4,0,2,0.0,0,0,0,0,0.0,0,0,0,0,51,1,0,0,0,0,0,0,0,0,0,0.0,0.0,0,4,0,1,2,3,50.0,0,3,1,33.33,4,4,6,9,15,38.46,5,43,24,67,51.6,4,0,135,8,1,0
Rigoberto Rivas,837742,Kocaelispor,3065,turkey,2526,819,15,9,6.45,1,1,2,1.13,0.71,5,7,20.0,79,8,47.06,132,83,215,76.24,7,33.33,14,0,0,0,35,1,0,2,0,6,15,0,0,12,20260326,5,53,0,1,16,0,14.29,0,17,13,4,1,0,,29,42.65,0,0,0,67,8,7,0,4,1.0,0,0,0,0,0.0,0,0,0,0,152,7,0,0,1,0,0,0,0,0,0,819.0,0.0,0,5,2,4,1,7,50.0,0,14,6,42.86,7,12,14,35,36,40.45,17,182,100,282,96.7,7,0,468,8,3,0
Mamadou Fall,822228,Kasımpaşa,6063,turkey,2526,1181,20,14,6.44,0,0,0,1.69,0.65,1,3,13.64,55,1,12.5,88,35,123,70.29,15,36.59,26,0,0,0,49,2,2,2,2,14,20,0,0,6,20260326,8,68,0,0,12,0,0.0,0,17,16,1,0,0,,41,49.4,0,0,0,52,6,9,0,16,2.0,0,0,0,0,0.0,0,0,0,0,139,14,0,0,0,0,0,0,0,0,0,0.0,0.0,0,10,1,7,2,7,29.17,0,16,10,62.5,9,3,24,22,56,45.16,8,125,50,175,128.8,11,0,373,19,1,0
Yusuf Kabadayi,1130113,Gaziantep FK,5138,turkey,2526,568,16,5,6.44,1,0,1,1.11,0.1,0,1,20.0,25,3,100.0,43,34,77,70.0,3,27.27,8,0,0,0,20,0,1,3,1,15,16,0,0,14,20260326,7,68,1,0,21,0,7.69,0,12,7,5,1,0,,26,30.23,0,0,0,33,9,5,1,1,2.0,0,0,0,0,0.0,0,0,0,0,111,1,0,0,0,0,0,0,0,0,0,568.0,0.0,0,9,4,5,5,9,31.03,0,9,8,88.89,5,2,29,5,29,29.9,3,64,46,110,103.0,13,0,318,8,6,0
Shavy Warren Babicka,1136280,Fatih Karagümrük,4954,turkey,2526,418,8,5,6.44,0,1,1,0.81,0.1,1,1,50.0,16,1,20.0,34,14,48,57.83,4,26.67,11,0,0,0,10,3,0,3,0,1,8,0,0,7,20260326,5,38,0,0,10,0,0.0,0,8,7,1,0,0,,25,48.08,0,0,0,35,1,5,0,3,0.0,0,0,0,0,0.0,0,0,0,0,72,1,0,0,0,0,0,0,0,0,0,0.0,0.0,0,7,0,2,2,9,60.0,0,6,4,66.67,5,3,15,2,29,43.28,5,65,18,83,51.5,7,0,171,10,0,0
Emmanuel Boateng,580392,Gaziantep FK,5138,turkey,2526,466,11,4,6.44,1,0,1,1.34,0.1,2,0,0.0,24,1,100.0,41,18,59,70.24,19,38.0,31,0,0,0,12,1,1,4,0,9,11,0,0,6,20260326,2,52,0,0,12,0,7.14,0,14,12,2,0,1,,12,36.36,0,0,0,25,0,6,0,2,1.0,0,0,0,0,0.0,0,0,0,0,47,2,0,0,1,0,0,0,0,0,0,466.0,0.0,0,10,4,6,4,1,25.0,0,3,2,66.67,6,2,4,1,31,37.35,1,62,22,84,70.8,14,0,160,8,2,0
Firatcan Üzüm,904112,Gençlerbirliği,7802,turkey,2526,147,4,2,6.43,0,0,0,0.09,0.01,0,1,33.33,4,1,33.33,11,7,18,72.0,3,100.0,0,0,0,0,7,0,0,1,0,3,3,0,0,3,20260326,1,7,0,0,1,0,0.0,0,3,3,0,0,0,,2,22.22,0,0,0,7,1,0,0,0,0.0,0,0,0,0,0.0,0,0,0,0,19,1,0,0,0,0,0,0,0,0,0,0.0,0.0,0,0,1,0,0,1,33.33,0,0,0,0.0,0,0,3,3,5,41.67,3,17,8,25,19.3,1,0,61,1,0,0
Ricardo Esgaio,97000,Fatih Karagümrük,4954,turkey,2526,1548,19,17,6.43,0,0,0,0.06,0.99,30,2,9.52,152,28,33.73,262,223,485,76.86,20,43.48,26,0,0,0,69,1,0,1,3,49,18,0,0,8,20260326,15,79,1,2,29,0,0.0,0,31,29,2,0,0,,54,50.47,0,0,0,146,18,10,0,4,3.0,0,0,0,0,0.0,0,0,0,0,237,4,0,0,0,0,0,0,0,0,0,0.0,0.0,0,0,2,1,0,5,71.43,0,35,27,77.14,10,57,7,21,74,48.37,83,366,265,631,115.8,2,0,1025,16,3,0
Muzaffer Utku Eriş,1981253,Konyaspor,3085,turkey,2526,157,3,2,6.43,0,0,0,0.04,0.02,3,0,0.0,10,7,36.84,21,77,98,85.22,4,66.67,2,0,0,0,11,0,0,0,0,7,3,0,0,1,20260326,3,8,0,0,1,0,0.0,6,6,5,1,0,0,,6,50.0,0,0,0,17,3,0,0,0,1.0,0,0,0,0,0.0,0,0,0,0,20,0,0,0,0,0,0,0,0,0,0,0.0,0.0,0,1,0,1,0,3,75.0,0,3,3,100.0,0,7,4,0,10,55.56,19,31,84,115,19.3,1,0,146,0,0,0
Gökhan Akkan,225012,Gençlerbirliği,7802,turkey,2526,360,4,4,6.43,0,0,0,,0.0,5,0,0.0,3,28,31.46,15,51,66,51.56,0,0.0,0,0,0,0,40,0,0,0,0,3,4,0,0,0,20260326,0,0,1,0,0,0,0.0,21,8,7,1,0,0,-2.26,3,100.0,0,4,0,62,0,0,0,0,0.0,0,0,0,0,0.0,2,0,0,0,63,0,1,0,0,0,5,2,7,0,2,0.0,0.0,0,0,0,0,0,0,0.0,0,0,0,0.0,0,11,0,0,3,100.0,89,70,58,128,25.7,0,0,169,3,1,0
Marius Tresor Doh,1907330,Fatih Karagümrük,4954,turkey,2526,1024,17,12,6.42,0,0,0,0.73,0.51,15,3,25.0,73,19,44.19,170,161,331,77.16,13,41.94,18,0,0,0,67,0,0,4,1,24,17,0,1,6,20260326,9,60,1,1,27,0,0.0,0,22,22,0,0,0,,51,54.84,0,0,0,98,23,7,0,0,8.0,0,0,0,0,0.0,0,0,0,0,152,6,0,1,0,0,0,0,0,0,0,0.0,0.0,0,6,10,9,3,4,44.44,0,25,17,68.0,7,33,9,12,64,51.61,43,246,183,429,109.1,16,0,654,23,2,0
Jeh,1464661,Göztepe,3054,turkey,2526,250,8,2,6.41,0,0,0,1.04,1.16,3,1,50.0,16,1,50.0,22,2,24,63.16,15,42.86,20,0,0,0,8,1,2,5,0,1,8,0,0,5,20260326,1,42,0,0,16,0,0.0,0,3,2,1,0,0,,8,26.67,0,0,0,14,0,5,0,0,0.0,0,0,0,0,0.0,0,0,0,0,37,4,0,0,0,0,0,0,0,0,0,0.0,0.0,0,12,3,3,7,4,57.14,0,0,0,0.0,5,5,7,2,23,35.38,2,35,3,38,51.3,15,0,90,4,3,0
Muhammed-Cham Saračević,958901,Trabzonspor,3051,turkey,2526,11,1,0,6.4,0,0,0,,0.02,0,0,0.0,1,0,0.0,2,0,2,100.0,0,0.0,0,0,0,0,0,0,0,0,0,0,1,0,0,0,20260326,0,4,0,0,2,0,0.0,0,0,0,0,0,0,,0,0.0,0,0,0,0,0,0,0,0,0.0,0,0,0,0,0.0,0,0,0,0,3,0,0,0,0,0,0,0,0,0,0,0.0,0.0,0,0,0,0,0,0,0.0,0,0,0,0.0,0,0,2,1,0,0.0,0,2,0,2,6.4,0,0,5,0,0,0
Daniel Popa,845165,Gençlerbirliği,7802,turkey,2526,68,1,1,6.4,0,0,0,,0.02,0,0,0.0,1,0,0.0,3,7,10,83.33,1,33.33,2,0,0,0,0,0,0,0,0,0,1,0,0,0,20260326,0,4,0,0,2,0,0.0,0,2,1,1,0,0,,1,33.33,0,0,0,2,0,1,0,1,,0,0,0,0,0.0,0,0,0,0,4,0,0,0,0,0,0,0,0,0,0,0.0,0.0,0,0,0,0,0,0,0.0,0,1,1,100.0,1,0,0,0,2,33.33,0,5,7,12,6.4,0,0,15,0,0,0
Ebrima Ceesay,2216420,Samsunspor,3053,turkey,2526,8,1,0,6.4,0,0,0,,0.0,0,0,0.0,0,0,0.0,4,1,5,100.0,1,100.0,0,0,0,0,0,0,0,0,0,0,1,0,0,0,20260326,0,1,0,0,1,0,0.0,0,1,1,0,0,0,,0,0.0,0,0,0,0,0,0,0,0,0.0,0,0,0,0,0.0,0,0,0,0,2,0,0,0,0,0,0,0,0,0,0,0.0,0.0,0,0,0,0,0,0,0.0,0,0,0,0.0,0,0,0,0,1,50.0,0,4,1,5,6.4,0,0,7,0,0,0
Taylan Utku Aydın,1498789,Kasımpaşa,6063,turkey,2526,21,1,0,6.4,0,0,0,,0.0,0,0,0.0,0,0,0.0,1,2,3,75.0,1,100.0,0,0,0,0,0,0,0,0,0,1,1,0,0,0,20260326,0,0,0,0,0,0,0.0,0,1,0,1,0,0,,0,0.0,0,0,0,1,0,0,0,0,1.0,0,0,0,0,0.0,0,0,0,0,1,0,0,0,0,0,0,0,0,0,0,0.0,0.0,0,0,0,0,0,0,0.0,0,0,0,0.0,0,0,0,0,1,100.0,1,1,3,4,6.4,0,0,6,0,0,0
Burhan Ersoy,1640309,Fatih Karagümrük,4954,turkey,2526,8,1,0,6.4,0,0,0,,0.0,0,0,0.0,3,0,0.0,4,2,6,85.71,0,0.0,0,0,0,0,1,0,0,0,0,0,1,0,0,0,20260326,0,0,0,0,0,0,0.0,0,0,0,0,0,0,,0,0.0,0,0,0,1,0,0,0,0,0.0,0,0,0,0,0.0,0,0,0,0,1,0,0,0,0,0,0,0,0,0,0,0.0,0.0,0,0,0,0,0,0,0.0,0,0,0,0.0,0,0,0,0,0,0.0,0,5,2,7,6.4,0,0,9,0,0,0
Tuğbey Akgün,1082393,Fatih Karagümrük,4954,turkey,2526,8,1,0,6.4,0,0,0,,0.0,0,0,0.0,0,0,0.0,0,1,1,100.0,0,0.0,0,0,0,0,0,0,0,0,0,0,1,0,0,1,20260326,0,2,0,0,1,0,0.0,0,0,0,0,0,0,,0,0.0,0,0,0,0,0,0,0,0,0.0,0,0,0,0,0.0,0,0,0,0,3,0,0,0,0,0,0,0,0,0,0,0.0,0.0,0,0,0,0,0,0,0.0,0,0,0,0.0,0,0,0,0,0,0.0,0,0,1,1,6.4,0,0,5,0,0,0
Mesut Can Tunalı,984742,Kocaelispor,3065,turkey,2526,45,1,0,6.4,0,0,0,,0.0,0,0,0.0,1,0,0.0,2,1,3,37.5,0,0.0,0,0,0,0,0,0,0,0,0,0,1,0,0,0,20260326,0,0,0,0,0,0,0.0,0,1,1,0,0,0,,0,0.0,0,0,0,5,0,0,0,0,,0,0,0,0,0.0,0,0,0,0,5,0,0,0,0,0,0,0,0,0,0,0.0,0.0,0,0,0,0,0,0,0.0,0,0,0,0.0,0,0,0,0,0,0.0,0,7,1,8,6.4,0,0,9,0,0,0
Moussa Kyabou,1099267,Gençlerbirliği,7802,turkey,2526,147,2,2,6.4,0,0,0,,0.0,1,0,0.0,2,0,0.0,7,22,29,96.67,2,66.67,1,0,0,0,7,0,0,0,0,5,2,0,0,1,20260326,1,6,0,0,4,0,0.0,0,5,4,1,0,0,,5,50.0,0,0,0,1,3,0,0,0,1.0,0,0,0,1,0.0,0,0,0,0,8,0,0,0,0,0,0,0,0,0,0,0.0,0.0,0,0,0,0,0,0,0.0,0,4,3,75.0,0,1,0,1,7,53.85,0,7,23,30,12.8,0,0,58,1,0,0
Taylan Bulut,1418644,Beşiktaş JK,3050,turkey,2526,274,5,3,6.4,0,0,0,0.1,0.12,3,1,20.0,15,2,33.33,30,19,49,71.01,3,50.0,3,0,0,0,7,1,1,0,2,3,4,0,0,2,20260326,0,15,0,0,4,0,0.0,0,2,1,1,0,0,,9,42.86,0,0,0,20,2,2,0,1,1.0,0,0,0,1,0.0,0,0,0,0,40,0,0,0,0,0,0,0,0,0,0,0.0,0.0,0,1,0,0,1,1,12.5,0,8,4,50.0,2,4,8,5,12,44.44,6,43,26,69,25.6,1,0,133,0,0,0
Kristjan Asllani,996820,Beşiktaş JK,3050,turkey,2526,458,7,6,6.39,0,1,1,0.54,0.21,12,0,0.0,40,6,46.15,85,90,175,86.63,1,50.0,1,0,0,0,22,0,0,4,0,3,7,0,1,0,20260326,2,10,0,0,6,0,0.0,0,3,3,0,0,0,,11,55.0,0,0,0,27,5,5,0,0,1.0,0,0,0,0,0.0,0,0,0,0,43,0,0,1,0,0,0,0,0,0,0,0.0,0.0,0,7,3,6,0,1,50.0,0,7,2,28.57,5,20,2,7,12,54.55,13,109,93,202,44.7,10,0,266,4,0,0
Josip Ćalušić,172331,Konyaspor,3085,turkey,2526,298,8,2,6.38,0,0,0,,0.04,5,0,0.0,9,9,69.23,48,96,144,89.44,6,31.58,13,0,0,0,9,0,0,0,0,16,8,0,0,0,20260326,2,18,0,2,3,0,0.0,5,11,9,2,0,0,,3,37.5,0,0,0,17,5,1,0,0,4.0,0,0,0,0,0.0,0,0,0,0,21,0,0,0,0,0,0,0,0,0,0,0.0,0.0,0,0,0,0,0,0,0.0,0,2,2,100.0,1,8,1,0,9,33.33,13,58,103,161,51.0,0,0,198,1,1,0
Henry Onyekuru,809220,Gençlerbirliği,7802,turkey,2526,208,15,1,6.37,0,0,0,1.0,0.04,0,0,0.0,15,3,42.86,22,11,33,75.0,2,33.33,4,0,0,1,11,0,1,0,0,1,11,0,0,7,20260326,0,15,0,0,3,0,0.0,0,4,3,1,0,0,,5,31.25,0,0,0,11,3,2,0,4,0.0,0,0,1,0,0.0,0,0,0,0,33,1,0,0,0,0,0,0,0,0,0,0.0,0.0,0,2,0,0,2,2,40.0,0,2,2,100.0,2,0,5,1,7,31.82,7,32,12,44,70.1,2,0,81,1,1,0
Tarik Bugra Kalpakli,2018983,Fatih Karagümrük,4954,turkey,2526,292,10,2,6.36,0,0,0,0.14,0.17,2,1,50.0,18,1,33.33,28,19,47,74.6,0,0.0,12,0,0,0,14,1,0,0,0,1,10,0,0,5,20260326,9,37,0,0,9,0,0.0,0,5,4,1,0,0,,11,30.56,0,0,0,16,1,1,0,3,0.0,0,0,0,0,0.0,0,0,0,0,38,1,0,0,0,0,0,0,0,0,0,0.0,0.0,0,2,4,5,1,2,33.33,0,7,4,57.14,1,5,6,2,11,22.92,3,39,24,63,63.6,6,0,121,2,1,0
Ibrahim Sabra,1522038,Göztepe,3054,turkey,2526,88,9,0,6.36,1,0,1,0.53,0.04,2,0,0.0,8,1,100.0,10,4,14,70.0,6,24.0,19,0,0,0,7,0,1,1,0,1,7,0,0,5,20260326,2,33,0,0,5,0,20.0,0,1,1,0,1,0,,2,12.5,0,0,0,6,0,0,0,0,0.0,0,0,0,0,0.0,0,0,0,0,19,2,0,0,1,0,0,0,0,0,0,88.0,0.0,0,4,1,1,3,1,25.0,0,0,0,0.0,0,2,4,2,8,19.51,1,16,4,20,44.5,5,0,48,1,1,0
Mirza Cihan,909289,Gaziantep FK,5138,turkey,2526,23,3,0,6.35,0,0,0,,0.0,0,0,0.0,1,0,0.0,1,3,4,66.67,0,0.0,0,0,0,0,1,0,0,0,0,1,2,0,0,0,20260326,0,3,0,0,1,0,0.0,0,1,1,0,0,0,,2,40.0,0,0,0,2,1,0,0,0,0.0,0,0,0,0,0.0,0,0,0,0,4,0,0,0,0,0,0,0,0,0,0,0.0,0.0,0,0,0,0,0,1,33.33,0,0,0,0.0,0,0,3,0,2,40.0,0,2,4,6,12.7,0,0,14,1,0,0
Aaron Appindangoyé,785850,Kocaelispor,3065,turkey,2526,315,4,4,6.35,0,0,0,0.06,0.02,4,0,0.0,6,9,30.0,20,92,112,80.58,9,36.0,16,0,0,0,9,0,0,0,0,17,4,0,0,0,20260326,0,20,0,0,5,0,0.0,5,5,5,0,0,0,,2,33.33,0,0,0,27,6,0,0,1,6.0,0,0,0,0,0.0,0,0,0,0,27,0,0,0,0,0,0,0,0,0,0,0.0,0.0,0,1,0,0,1,0,0.0,0,1,1,100.0,0,12,0,0,11,35.48,30,35,104,139,25.4,1,0,178,1,0,0
Abdul Kader Moussa Kone,2430490,Fatih Karagümrük,4954,turkey,2526,44,4,0,6.35,0,0,0,0.03,0.01,0,0,0.0,1,1,100.0,2,2,4,57.14,1,33.33,2,0,0,0,3,1,0,0,0,0,4,0,0,0,20260326,0,8,0,0,5,0,0.0,0,0,0,0,0,0,,0,0.0,0,0,0,3,0,1,0,2,0.0,0,0,0,0,0.0,0,0,0,0,6,0,0,0,0,0,0,0,0,0,0,0.0,0.0,0,1,0,0,1,0,0.0,0,0,0,0.0,1,0,1,0,1,11.11,1,3,4,7,25.4,1,0,11,0,0,0
Tahsin Bülbül ,2237105,Samsunspor,3053,turkey,2526,83,3,1,6.35,0,0,0,0.02,0.06,1,0,0.0,8,1,100.0,15,6,21,95.45,0,0.0,4,0,0,0,2,0,0,1,0,0,2,0,0,1,20260326,2,10,0,0,1,0,0.0,0,1,1,0,0,0,,3,33.33,0,0,0,1,1,1,0,0,0.0,0,0,0,0,0.0,0,0,0,0,10,0,0,0,0,0,0,0,0,0,0,0.0,0.0,0,0,1,0,0,2,50.0,0,1,1,100.0,1,1,4,2,3,23.08,1,15,7,22,12.7,1,0,37,0,1,0
Jérôme Onguene,580750,Eyüpspor,7040,turkey,2526,747,9,9,6.34,0,2,2,0.09,0.03,5,0,0.0,9,6,18.75,41,238,279,82.54,12,44.44,15,0,0,0,13,1,1,0,2,55,9,0,0,0,20260326,3,24,1,1,7,0,0.0,23,13,12,1,0,0,,11,55.0,0,0,0,59,8,2,0,1,8.0,1,0,0,2,0.0,0,0,0,0,65,0,0,0,0,0,0,0,0,0,0,0.0,0.0,0,2,0,1,1,1,100.0,0,10,6,60.0,2,22,1,0,23,48.94,32,68,270,338,57.1,2,0,447,0,2,0
Ahmet Sivri,941378,Fatih Karagümrük,4954,turkey,2526,302,9,3,6.32,0,0,0,0.43,0.06,3,0,0.0,24,3,27.27,40,18,58,66.67,2,40.0,3,0,0,0,22,0,0,3,0,2,9,0,0,5,20260326,4,41,0,0,14,0,0.0,0,7,7,0,0,0,,15,28.3,0,0,1,29,4,1,0,0,1.0,0,0,0,0,0.0,0,0,0,0,77,3,0,0,0,0,0,0,0,0,0,0.0,0.0,0,4,8,6,3,2,10.53,0,10,2,20.0,1,10,19,8,17,29.31,11,62,25,87,56.9,12,0,195,3,0,0
Deniz Eren Dönmezer,1550760,Kayserispor,3072,turkey,2526,90,1,1,6.3,0,0,0,,0.0,1,0,0.0,1,1,16.67,1,15,16,76.19,0,0.0,0,0,0,0,7,0,0,0,0,0,1,0,0,0,20260326,0,0,0,1,0,0,0.0,4,2,2,0,0,0,-0.01,0,0.0,0,0,0,5,0,0,0,0,0.0,0,0,0,0,0.0,0,0,0,0,5,0,0,0,0,0,1,1,2,0,0,0.0,0.0,0,0,0,0,0,0,0.0,0,0,0,0.0,0,1,0,0,0,0.0,6,4,17,21,6.3,0,0,26,0,0,0
Berk Can Yildizli,2056436,Kasımpaşa,6063,turkey,2526,11,1,0,6.3,0,0,0,,,0,0,0.0,0,0,0.0,0,0,0,0.0,0,0.0,3,0,0,0,0,0,0,0,0,0,1,0,0,0,20260326,0,3,0,0,0,0,0.0,0,0,0,0,0,0,,0,0.0,0,0,0,1,0,0,0,0,0.0,0,0,0,0,0.0,0,0,0,0,1,0,0,0,0,0,0,0,0,0,0,0.0,0.0,0,0,0,0,0,0,0.0,0,0,0,0.0,0,0,0,0,0,0.0,0,1,0,1,6.3,0,0,1,0,0,0
Arda Ozyar,2492573,Kocaelispor,3065,turkey,2526,20,1,0,6.3,0,0,0,,0.07,0,0,0.0,1,0,0.0,1,2,3,60.0,0,0.0,1,0,0,0,0,0,0,0,0,0,1,0,0,0,20260326,0,3,0,0,1,0,0.0,0,2,2,0,0,0,,1,33.33,0,0,0,2,0,0,0,0,0.0,0,0,0,0,0.0,0,0,0,0,3,0,0,0,0,0,0,0,0,0,0,0.0,0.0,0,0,0,0,0,0,0.0,0,0,0,0.0,0,0,1,0,1,25.0,0,3,2,5,6.3,0,0,7,1,0,0
Nikoloz Ugrekhelidze,1006105,Fatih Karagümrük,4954,turkey,2526,187,4,2,6.3,0,0,0,0.05,0.01,2,0,0.0,3,1,10.0,17,39,56,74.67,5,83.33,1,0,0,0,11,0,0,0,0,11,3,0,0,0,20260326,1,7,0,0,6,0,0.0,0,6,6,0,0,0,,6,50.0,0,0,0,19,4,0,0,0,3.0,0,0,0,0,0.0,0,0,0,0,19,0,0,0,0,0,0,0,0,0,0,0.0,0.0,0,1,0,1,0,0,0.0,0,3,1,33.33,0,7,0,0,11,61.11,10,26,49,75,18.9,1,0,105,3,1,0
Muhammed Kadıoğlu,2044133,Fatih Karagümrük,4954,turkey,2526,585,8,6,6.29,0,0,0,0.1,0.1,3,1,50.0,21,13,35.14,76,170,246,80.66,10,41.67,14,0,0,0,22,0,1,0,0,31,8,0,0,2,20260326,9,32,0,5,6,0,0.0,2,12,11,1,0,0,,9,33.33,0,0,0,59,13,1,0,0,6.0,1,0,0,1,0.0,0,0,0,0,70,0,0,0,0,0,0,0,0,0,0,0.0,0.0,0,3,0,2,1,0,0.0,0,6,4,66.67,1,16,1,2,19,37.25,37,115,190,305,50.3,3,0,392,3,1,0
Kayra Cihan,1982283,Kayserispor,3072,turkey,2526,93,4,1,6.28,0,0,0,,0.01,0,0,0.0,4,2,25.0,13,26,39,81.25,2,100.0,0,0,0,0,1,0,0,0,0,5,4,0,0,0,20260326,3,4,1,0,1,0,0.0,0,5,3,2,0,0,,5,55.56,0,0,0,9,5,0,0,0,1.0,0,0,0,0,0.0,0,0,0,0,13,0,0,0,0,0,0,0,0,0,0,0.0,0.0,0,0,0,0,0,0,0.0,0,4,4,100.0,0,1,0,0,7,63.64,8,20,28,48,25.1,0,0,75,1,0,0
Samet Yalçın,789102,Kocaelispor,3065,turkey,2526,267,11,3,6.28,0,0,0,0.19,0.06,3,1,50.0,8,1,20.0,19,18,37,69.81,3,37.5,5,0,0,0,10,0,0,1,0,1,8,0,1,3,20260326,5,17,0,0,3,0,0.0,0,3,3,0,0,0,,6,33.33,0,0,1,16,4,3,0,1,1.0,0,0,0,0,0.0,0,0,0,0,28,3,0,1,0,0,0,0,0,0,0,0.0,0.0,0,3,1,3,0,0,0.0,0,6,5,83.33,3,6,1,2,9,34.62,5,30,23,53,50.2,4,0,90,0,0,0
Oleksandr Syrota,976367,Kocaelispor,3065,turkey,2526,372,6,4,6.26,0,0,0,,0.02,6,0,0.0,16,15,48.39,48,98,146,84.88,4,50.0,4,0,0,0,6,0,0,0,0,23,5,0,0,0,20260326,3,13,0,0,6,0,0.0,13,9,9,0,0,0,,5,35.71,0,0,0,26,2,1,0,0,2.0,1,0,0,0,0.0,0,0,0,0,29,1,0,0,0,0,0,0,0,0,0,0.0,0.0,0,0,0,0,0,0,0.0,0,5,2,40.0,1,13,0,0,9,40.91,31,69,103,172,31.3,0,0,221,0,0,0
Gideon Jung,288439,Kayserispor,3072,turkey,2526,305,4,4,6.23,0,0,0,0.43,0.15,3,0,0.0,6,6,37.5,12,54,66,75.86,3,42.86,4,0,0,0,8,1,1,0,0,8,4,0,0,0,20260326,2,11,0,0,4,0,0.0,0,9,7,2,0,0,,5,41.67,0,0,0,21,0,1,0,0,0.0,0,0,0,0,0.0,0,0,0,0,22,0,0,0,0,0,0,0,0,0,0,0.0,0.0,0,1,0,1,0,0,0.0,0,2,2,100.0,1,7,1,0,8,42.11,16,26,61,87,24.9,1,0,109,3,1,0
Yusuf Demir,962283,Galatasaray,3061,turkey,2526,28,1,0,6.2,0,0,0,0.35,0.01,0,0,0.0,2,0,0.0,6,1,7,63.64,0,0.0,1,0,0,0,2,0,0,1,0,0,1,0,0,2,20260326,0,3,0,0,0,0,0.0,0,1,1,0,0,0,,2,50.0,0,0,0,4,0,0,0,0,0.0,0,0,0,0,0.0,0,0,0,0,9,0,0,0,0,0,0,0,0,0,0,0.0,0.0,0,2,1,1,1,1,100.0,0,0,0,0.0,0,0,1,0,2,40.0,1,9,2,11,6.2,3,0,22,1,0,0
Ömer Faruk Gümüş,1134270,Fatih Karagümrük,4954,turkey,2526,72,2,0,6.15,0,0,0,0.02,0.26,1,0,0.0,8,0,0.0,19,9,28,80.0,0,0.0,0,0,0,0,2,0,0,0,0,0,2,0,0,2,20260326,1,5,1,0,1,0,0.0,0,3,3,0,0,0,,1,16.67,0,0,0,7,0,1,0,0,0.0,0,0,0,0,0.0,0,0,0,0,17,0,0,0,0,0,0,0,0,0,0,0.0,0.0,0,0,1,1,0,0,0.0,0,1,1,100.0,1,2,1,5,1,16.67,1,23,12,35,12.3,1,0,55,0,0,0
Muhammet Akmelek,2405904,Gaziantep FK,5138,turkey,2526,12,1,0,6.1,0,0,0,,0.0,0,0,0.0,0,0,0.0,0,1,1,100.0,0,0.0,1,0,0,0,0,0,0,0,0,0,1,0,0,0,20260326,1,4,0,0,2,0,0.0,0,1,1,0,0,0,,0,0.0,0,0,0,0,0,0,0,0,0.0,0,0,0,0,0.0,0,0,0,0,1,0,0,0,0,0,0,0,0,0,0,0.0,0.0,0,0,0,0,0,0,0.0,0,0,0,0.0,0,0,0,0,0,0.0,0,0,1,1,6.1,0,0,4,0,1,0
Arif Kocaman,1173638,Kayserispor,3072,turkey,2526,228,5,3,6.1,0,0,0,0.42,0.02,6,0,0.0,9,5,29.41,21,82,103,84.43,4,50.0,4,0,0,0,9,0,1,1,0,7,4,0,0,0,20260326,1,7,0,0,2,0,0.0,0,9,8,1,0,0,,3,50.0,0,0,0,19,2,0,0,0,1.0,0,0,0,0,0.0,0,0,0,0,21,0,0,0,0,0,0,0,0,0,0,0.0,0.0,0,2,0,0,1,0,0.0,0,3,2,66.67,0,15,0,0,7,50.0,17,34,88,122,24.4,2,0,144,0,0,0
Salem M'Bakata,940367,Gaziantep FK,5138,turkey,2526,35,1,1,6.0,0,0,0,,0.0,0,0,0.0,0,0,0.0,2,4,6,85.71,0,0.0,0,0,0,0,2,0,0,0,0,0,1,0,0,0,20260326,0,0,0,0,0,0,0.0,0,2,2,0,0,0,,0,0.0,0,0,0,1,1,0,0,0,,0,0,0,0,0.0,0,0,0,0,2,0,0,0,0,0,0,0,0,0,0,0.0,0.0,0,0,0,0,0,0,0.0,0,0,0,0.0,0,0,0,0,0,0.0,1,3,4,7,6.0,0,0,13,0,0,0
Alexander Djiku,289977,Fenerbahçe,3052,turkey,2526,1,1,0,0.0,0,0,0,,,0,0,0.0,0,0,0.0,0,0,0,0.0,0,0.0,0,0,0,0,0,0,0,0,0,0,0,0,0,0,20260326,0,0,0,0,0,0,0.0,0,0,0,0,0,0,,1,100.0,0,0,0,1,1,0,0,0,,0,0,0,0,0.0,0,0,0,0,1,0,0,0,0,0,0,0,0,0,0,0.0,0.0,0,0,0,0,0,0,0.0,0,1,1,100.0,0,0,0,0,1,100.0,1,0,1,1,0.0,0,0,3,0,0,0
Haydar Karataş,1823934,Fenerbahçe,3052,turkey,2526,1,1,0,0.0,0,0,0,,,0,0,0.0,0,0,0.0,0,0,0,0.0,0,0.0,0,0,0,0,1,0,0,0,0,0,0,0,0,0,20260326,0,1,0,0,1,0,0.0,0,0,0,0,0,0,,0,0.0,0,0,0,1,0,0,0,0,0.0,0,0,0,0,0.0,0,0,0,0,1,0,0,0,0,0,0,0,0,0,0,0.0,0.0,0,0,0,0,0,0,0.0,0,0,0,0.0,0,0,0,0,0,0.0,0,1,0,1,0.0,0,0,1,0,0,0
Boran Başkan,1974312,Trabzonspor,3051,turkey,2526,1,1,0,0.0,0,0,0,,0.0,0,0,0.0,0,0,0.0,0,2,2,50.0,0,0.0,1,0,0,0,0,0,0,0,0,0,0,0,0,1,20260326,0,2,0,0,0,0,0.0,0,2,2,0,0,0,,1,50.0,0,0,0,2,0,0,0,0,0.0,0,0,0,0,0.0,0,0,0,0,3,0,0,0,0,0,0,0,0,0,0,0.0,0.0,0,0,0,0,0,0,0.0,0,0,0,0.0,0,0,0,0,1,33.33,0,1,3,4,0.0,0,0,6,1,0,0
Samu Sáiz,99527,Eyüpspor,7040,turkey,2526,1,1,0,0.0,0,0,0,,0.0,0,0,0.0,0,0,0.0,0,1,1,100.0,0,0.0,0,0,0,0,0,0,0,0,0,0,0,0,0,0,20260326,0,0,0,0,0,0,0.0,0,1,0,1,0,0,,0,0.0,0,0,0,0,0,0,0,0,0.0,0,0,0,0,0.0,0,0,0,0,0,0,0,0,0,0,0,0,0,0,0,0.0,0.0,0,0,0,0,0,0,0.0,0,0,0,0.0,0,0,0,0,0,0.0,0,0,1,1,0.0,0,0,1,0,0,0
Kerem Kayaarasi,1839258,Antalyaspor,3056,turkey,2526,1,1,0,0.0,0,0,0,,0.0,0,0,0.0,0,0,0.0,0,1,1,100.0,0,0.0,0,0,0,0,0,0,0,0,0,0,0,0,0,0,20260326,0,0,0,0,0,0,0.0,0,0,0,0,0,0,,0,0.0,0,0,0,0,1,0,0,0,0.0,0,0,0,0,0.0,0,0,0,0,0,0,0,0,0,0,0,0,0,0,0,0.0,0.0,0,0,0,0,0,0,0.0,0,0,0,0.0,0,0,0,0,0,0.0,0,0,1,1,0.0,0,0,2,0,0,0
Ahmet Sağat,815131,Kocaelispor,3065,turkey,2526,1,1,0,0.0,0,0,0,,,0,0,0.0,0,0,0.0,0,0,0,0.0,0,0.0,0,0,0,0,0,0,0,0,0,0,0,0,0,0,20260326,0,0,0,0,0,0,0.0,0,0,0,0,0,0,,0,0.0,0,0,0,0,0,0,0,0,0.0,0,0,0,0,0.0,0,0,0,0,1,0,0,0,0,0,0,0,0,0,0,0.0,0.0,0,0,0,0,0,0,0.0,0,0,0,0.0,0,0,0,0,0,0.0,0,0,0,0,0.0,0,0,1,0,0,0
Ali Demirbilek,2128089,Antalyaspor,3056,turkey,2526,1,1,0,0.0,0,0,0,,0.0,0,0,0.0,1,0,0.0,2,2,4,80.0,0,0.0,0,0,0,0,0,0,0,0,0,0,0,0,0,0,20260326,0,0,0,0,0,0,0.0,0,0,0,0,0,0,,0,0.0,0,0,0,1,0,0,0,0,0.0,0,0,0,0,0.0,0,0,0,0,3,0,0,0,0,0,0,0,0,0,0,0.0,0.0,0,0,0,0,0,0,0.0,0,0,0,0.0,0,0,0,0,0,0.0,0,3,2,5,0.0,0,0,7,0,0,0
Batuhan Yavuz,1195735,Alanyaspor,6362,turkey,2526,1,1,0,0.0,0,0,0,,,0,0,0.0,0,0,0.0,0,0,0,0.0,0,0.0,0,0,0,0,0,0,0,0,0,0,0,0,0,0,20260326,0,0,0,0,0,0,0.0,0,0,0,0,0,0,,0,0.0,0,0,0,0,0,0,0,0,0.0,0,0,0,0,0.0,0,0,0,0,0,0,0,0,0,0,0,0,0,0,0,0.0,0.0,0,0,0,0,0,0,0.0,0,0,0,0.0,0,0,0,0,0,0.0,0,0,0,0,0.0,0,0,0,0,0,0
Ufuk Akyol,859546,Konyaspor,3085,turkey,2526,1,1,0,0.0,0,0,0,,0.0,0,0,0.0,0,0,0.0,3,4,7,100.0,0,0.0,0,0,0,0,0,0,0,0,0,0,0,0,0,0,20260326,0,0,0,0,0,0,0.0,0,0,0,0,0,0,,0,0.0,0,0,0,0,0,0,0,0,0.0,0,0,0,0,0.0,0,0,0,0,0,0,0,0,0,0,0,0,0,0,0,0.0,0.0,0,0,0,0,0,0,0.0,0,0,0,0.0,0,0,0,0,0,0.0,0,3,4,7,0.0,0,0,7,0,0,0
Mete Kaan Demir,845929,Eyüpspor,7040,turkey,2526,1,1,0,0.0,0,0,0,,,0,0,0.0,0,0,0.0,0,0,0,0.0,1,100.0,0,0,0,0,1,0,0,0,0,0,0,0,0,1,20260326,0,2,0,0,0,0,0.0,0,0,0,0,0,0,,1,33.33,0,0,0,1,0,0,0,0,0.0,0,0,0,0,0.0,0,0,0,0,4,0,0,0,0,0,0,0,0,0,0,0.0,0.0,0,0,0,0,0,0,0.0,0,1,1,100.0,0,0,1,0,2,50.0,0,0,1,1,0.0,0,0,6,0,0,0
Tibet Durakcay,2023967,Göztepe,3054,turkey,2526,1,1,0,0.0,0,0,0,,,0,0,0.0,0,0,0.0,0,0,0,0.0,0,0.0,0,0,0,0,0,0,0,0,0,0,0,0,0,0,20260326,0,0,0,0,0,0,0.0,0,0,0,0,0,0,,0,0.0,0,0,0,0,0,0,0,0,0.0,0,0,0,0,0.0,0,0,0,0,0,0,0,0,0,0,0,0,0,0,0,0.0,0.0,0,0,0,0,0,0,0.0,0,0,0,0.0,0,0,0,0,0,0.0,0,0,0,0,0.0,0,0,0,0,0,0
Mücahit Ibrahimoglu,1149209,Konyaspor,3085,turkey,2526,2,2,0,0.0,0,0,0,,0.0,0,0,0.0,1,0,0.0,3,3,6,100.0,0,0.0,0,0,0,0,2,0,0,0,0,1,0,0,0,0,20260326,0,0,0,0,0,0,0.0,0,0,0,0,0,0,,1,100.0,0,0,0,0,0,0,0,0,0.0,0,0,0,0,0.0,0,0,0,0,0,0,0,0,0,0,0,0,0,0,0,0.0,0.0,0,0,0,0,0,1,100.0,0,0,0,0.0,0,0,1,0,1,100.0,0,3,3,6,0.0,0,0,9,0,0,0
Gökdeniz Gürpüz,1417051,Galatasaray,3061,turkey,2526,1,1,0,0.0,0,0,0,0.09,0.02,0,0,0.0,1,0,0.0,1,0,1,100.0,0,0.0,0,0,0,0,0,0,0,1,0,0,0,0,0,0,20260326,0,0,0,0,0,0,0.0,0,0,0,0,0,0,,1,100.0,0,0,0,0,0,0,0,0,0.0,0,0,0,0,0.0,0,0,0,0,0,0,0,0,0,0,0,0,0,0,0,0.0,0.0,0,1,0,0,0,0,0.0,0,1,1,100.0,0,0,0,0,1,100.0,0,1,0,1,0.0,1,0,5,0,0,0
