player,player_id,team,team_id,data_country,data_season,minutesPlayed,appearances,matchesStarted,rating,goals,assists,goalsAssistsSum,expectedGoals,expectedAssists,accurateChippedPasses,accurateCrosses,accurateCrossesPercentage,accurateFinalThirdPasses,accurateLongBalls,accurateLongBallsPercentage,accurateOppositionHalfPasses,accurateOwnHalfPasses,accuratePasses,accuratePassesPercentage,aerialDuelsWon,aerialDuelsWonPercentage,aerialLost,attemptPenaltyMiss,attemptPenaltyPost,attemptPenaltyTarget,ballRecovery,bigChancesCreated,bigChancesMissed,blockedShots,cleanSheet,clearances,countRating,crossesNotClaimed,directRedCards,dispossessed,dribbledPast,duelLost,errorLeadToGoal,errorLeadToShot,fouls,freeKickGoal,goalConversionPercentage,goalKicks,goalsConceded,goalsConcededInsideTheBox,goalsConcededOutsideTheBox,goalsFromInsideTheBox,goalsFromOutsideTheBox,goalsPrevented,groundDuelsWon,groundDuelsWonPercentage,headedGoals,highClaims,hitWoodwork,inaccuratePasses,interceptions,keyPasses,leftFootGoals,offsides,outfielderBlocks,ownGoals,passToAssist,penaltiesTaken,penaltyConceded,penaltyConversion,penaltyFaced,penaltyGoals,penaltySave,penaltyWon,possessionLost,possessionWonAttThird,punches,redCards,rightFootGoals,runsOut,savedShotsFromInsideTheBox,savedShotsFromOutsideTheBox,saves,savesCaught,savesParried,scoringFrequency,setPieceConversion,shotFromSetPiece,shotsFromInsideTheBox,shotsFromOutsideTheBox,shotsOffTarget,shotsOnTarget,successfulDribbles,successfulDribblesPercentage,successfulRunsOut,tackles,tacklesWon,tacklesWonPercentage,totalAttemptAssist,totalChippedPasses,totalContest,totalCross,totalDuelsWon,totalDuelsWonPercentage,totalLongBalls,totalOppositionHalfPasses,totalOwnHalfPasses,totalPasses,totalRating,totalShots,totwAppearances,touches,wasFouled,yellowCards,yellowRedCards
Arda Akbulut,892937,Trabzonspor,3051,turkey,2122,90,1,1,7.6,0,0,0,,,0,0,0.0,0,8,38.1,6,5,11,45.83,0,0.0,0,0,0,0,,0,0,0,1,2,1,1,0,0,0,1,0,0,0,0,0.0,,0,0,0,0,0,,0,0.0,0,0,0,13,0,0,0,0,,0,0,0,0,0.0,0,0,0,0,14,0,1,0,0,0,3,1,4,0,0,0.0,0.0,0,0,0,0,0,0,0.0,0,0,0,0.0,0,1,1,0,0,0.0,21,17,7,24,7.6,0,0,38,0,0,0
Jackson Muleka,927649,Kasımpaşa,6063,turkey,2122,1062,14,11,7.57,12,4,16,,,9,3,27.27,82,6,54.55,144,71,212,76.26,15,32.61,31,0,0,0,,3,7,4,1,9,14,0,0,15,8,85,1,0,19,0,25.53,,19,18,1,11,1,,58,51.79,4,0,0,66,3,16,3,10,,0,0,0,0,0.0,0,0,0,1,138,14,0,0,5,0,0,0,0,0,0,88.5,0.0,0,44,3,20,23,19,55.88,0,18,11,61.11,16,18,34,11,73,46.2,11,212,77,278,106.0,47,5,502,21,2,0
Erten Ersu,188265,Konyaspor,3085,turkey,2122,90,1,1,7.5,0,0,0,,,1,0,0.0,0,4,50.0,4,9,13,76.47,1,100.0,0,0,0,0,,0,0,0,1,2,1,0,0,0,0,0,0,0,0,0,0.0,,0,0,0,0,0,,0,0.0,0,0,0,4,0,0,0,0,,0,0,0,0,0.0,0,0,0,0,4,0,1,0,0,0,1,2,3,0,0,0.0,0.0,0,0,0,0,0,0,0.0,0,0,0,0.0,0,1,0,0,1,100.0,8,7,10,17,7.5,0,0,29,0,0,0
Edin Višća,109779,Trabzonspor,3051,turkey,2122,2962,36,33,7.49,9,12,21,,,64,62,33.16,474,90,61.64,764,288,990,74.89,4,28.57,10,0,0,0,,18,3,28,5,11,36,0,0,17,50,132,0,0,22,0,10.34,,35,30,5,7,2,,108,46.96,0,0,0,332,23,111,4,4,,0,0,1,0,100.0,0,1,0,1,591,24,0,0,5,0,0,0,0,0,0,329.11,0.0,2,51,36,28,31,44,55.0,0,43,21,48.84,111,120,80,187,112,45.9,146,1159,350,1322,269.8,87,8,1986,21,3,0
Alexandru Maxim,180511,Gaziantep FK,5138,turkey,2122,2494,31,28,7.49,14,7,21,,,92,72,33.33,385,103,66.45,691,335,954,81.33,6,35.29,11,0,0,0,,9,1,16,3,4,31,0,0,34,31,136,0,0,26,0,26.92,,45,39,6,14,0,,112,47.26,1,0,1,219,9,92,1,5,,0,2,8,0,100.0,0,8,0,0,506,19,0,0,11,0,0,0,0,0,0,178.14,0.0,3,31,21,14,22,49,59.04,0,32,19,59.38,90,149,83,216,118,46.46,155,1011,378,1173,232.3,52,6,1810,31,7,0
Gedson Fernandes,862055,Çaykur Rizespor,3064,turkey,2122,890,11,10,7.46,3,3,6,,,21,8,25.81,91,21,61.76,183,188,363,87.68,3,27.27,8,0,0,0,,2,2,5,1,23,11,0,0,11,20,71,0,0,18,1,27.27,,19,16,3,1,2,,109,63.37,0,0,0,51,22,10,0,0,,0,0,0,0,0.0,0,0,0,0,129,10,0,0,3,0,0,0,0,0,0,296.67,100.0,1,3,8,1,5,23,62.16,0,35,19,54.29,10,32,37,31,112,61.2,34,245,200,414,82.1,11,2,712,51,4,0
Fernando,123354,Antalyaspor,3056,turkey,2122,1448,17,16,7.41,4,4,8,,,113,20,26.67,166,129,63.24,387,580,947,84.55,7,50.0,7,0,0,0,,4,1,3,6,9,17,0,0,7,25,63,0,1,15,1,20.0,,13,11,2,1,3,,51,47.66,0,0,1,173,23,28,0,0,,0,1,0,0,0.0,0,0,0,0,266,9,0,0,3,0,0,0,0,0,0,362.0,12.5,8,2,18,9,8,11,55.0,0,24,14,58.33,27,173,20,75,58,47.93,204,560,635,1120,126.0,20,3,1395,16,4,0
Rachid Ghezzal,123228,Beşiktaş JK,3050,turkey,2122,2800,35,33,7.41,4,7,11,,,77,62,27.43,461,53,48.62,829,337,1104,77.86,15,31.25,33,0,0,0,,19,2,22,3,10,35,0,0,54,56,223,0,0,41,0,5.88,,33,29,4,2,2,,202,51.53,1,0,5,314,28,88,3,2,,0,1,1,0,100.0,0,1,0,1,691,28,0,0,0,0,0,0,0,0,0,700.0,0.0,14,25,43,19,27,75,63.56,0,72,44,61.11,87,152,118,226,217,49.32,109,1247,397,1418,259.3,68,6,2306,55,8,0
Diogo Sousa,882110,Antalyaspor,3056,turkey,2122,90,1,1,7.4,0,0,0,,,2,0,0.0,0,5,29.41,0,26,26,68.42,0,0.0,0,0,0,0,,0,0,0,1,2,1,0,0,0,0,0,0,0,0,0,0.0,,0,0,0,0,0,,0,0.0,0,0,0,12,0,0,0,0,,0,0,0,0,0.0,0,0,0,0,12,0,2,0,0,0,1,2,3,0,0,0.0,0.0,0,0,0,0,0,0,0.0,0,0,0,0.0,0,10,0,0,0,0.0,17,4,34,38,7.4,0,0,51,0,0,0
Anthony Nwakaeme,139455,Trabzonspor,3051,turkey,2122,2266,30,27,7.38,13,10,23,,,66,11,22.0,350,50,56.82,607,316,912,80.78,25,53.19,22,0,0,0,,15,10,17,5,24,30,0,0,47,21,156,0,0,16,0,15.48,,23,22,1,12,1,,115,46.18,2,0,3,217,13,53,0,6,,0,0,2,1,100.0,0,2,0,0,436,24,0,0,11,0,0,0,0,0,0,174.31,0.0,1,55,29,30,37,71,58.2,0,28,20,71.43,53,112,122,50,140,47.3,88,842,337,1129,221.3,84,7,1712,16,3,0
Marek Hamšík,25985,Trabzonspor,3051,turkey,2122,2108,26,24,7.37,2,3,5,,,121,26,30.23,403,130,69.15,843,686,1503,87.03,20,66.67,10,0,0,0,,5,1,7,6,18,26,0,0,14,23,74,0,0,19,0,6.45,,19,15,4,2,0,,53,45.3,0,0,0,224,22,56,1,0,,0,1,0,0,0.0,0,0,0,0,342,11,0,0,1,0,0,0,0,0,0,1054.0,0.0,1,13,18,11,13,15,57.69,0,29,16,55.17,55,187,26,86,73,49.66,188,1085,728,1727,191.5,31,6,2083,9,4,0
Kerem Kalafat,902037,Beşiktaş JK,3050,turkey,2122,156,2,2,7.35,0,1,1,,,1,5,62.5,14,3,33.33,32,24,51,79.69,4,66.67,2,0,0,0,,1,0,0,1,4,2,0,0,0,3,8,0,0,3,0,0.0,,0,0,0,0,0,,8,57.14,0,0,0,13,3,3,0,0,,0,0,0,0,0.0,0,0,0,0,28,0,0,0,0,0,0,0,0,0,0,0.0,0.0,0,0,0,0,0,0,0.0,0,5,1,20.0,3,4,0,8,12,60.0,9,45,27,64,14.7,0,0,116,3,0,0
Mario Balotelli,25530,Adana Demirspor,3101,turkey,2122,2100,31,25,7.34,18,4,22,,,34,3,15.0,172,42,51.22,240,116,353,70.74,36,45.57,43,0,0,0,,8,7,34,3,27,31,0,1,31,4,130,0,0,44,2,13.74,,29,25,4,14,4,,104,54.45,2,0,3,146,3,32,1,19,,0,0,4,0,100.0,0,4,0,0,289,10,0,1,15,0,0,0,0,0,0,116.67,12.5,16,58,73,42,55,26,61.9,0,15,5,33.33,32,73,42,20,140,51.85,82,385,134,499,227.4,131,3,954,65,10,0
Fayçal Fajr,143786,Sivasspor,3076,turkey,2122,2332,29,27,7.29,5,4,9,,,184,45,31.69,381,216,67.92,793,562,1310,84.84,11,42.31,15,0,0,0,,6,0,8,2,13,29,0,0,14,33,85,0,0,22,1,15.15,,32,30,2,3,2,,81,53.64,0,0,1,234,21,63,0,1,,0,0,2,1,100.0,0,2,0,0,404,10,0,0,5,0,0,0,0,0,0,466.4,16.67,6,9,24,11,14,18,81.82,0,32,12,37.5,63,280,22,142,92,51.98,318,1067,619,1544,211.5,33,4,1968,31,4,0
Guilherme Haubert Sityá,224112,Konyaspor,3085,turkey,2122,3417,38,38,7.29,4,5,9,,,76,75,31.91,299,80,40.4,661,635,1221,78.42,41,48.81,43,0,0,0,,13,0,8,13,74,38,0,0,12,26,130,0,0,34,1,15.38,,44,39,5,3,1,,122,58.37,0,0,0,336,56,89,4,2,,0,0,3,0,100.0,0,3,0,0,660,5,0,0,0,0,0,0,0,0,0,854.25,33.33,3,10,16,11,7,23,58.97,0,79,43,54.43,89,169,39,235,163,55.63,198,1032,760,1557,277.0,26,3,2652,21,2,0
Arda Güler,1091116,Fenerbahçe,3052,turkey,2122,299,12,2,7.27,3,3,6,,,12,7,50.0,57,14,82.35,101,73,167,90.76,2,66.67,1,0,0,0,,3,0,0,0,4,10,0,0,7,6,24,0,0,4,0,33.33,,1,1,0,2,1,,34,59.65,0,0,0,17,4,10,3,2,,0,0,1,0,100.0,0,1,0,0,47,3,0,0,0,0,0,0,0,0,0,99.67,0.0,0,5,4,3,6,11,64.71,0,12,8,66.67,10,15,17,14,36,60.0,17,118,80,184,72.7,9,1,283,11,0,0
Emre Akbaba,343527,Alanyaspor,6362,turkey,2122,2273,32,25,7.27,10,4,14,,,36,29,25.22,267,32,57.14,509,393,873,83.94,11,28.95,27,0,0,0,,9,7,17,4,5,32,0,0,32,22,137,0,0,30,0,14.49,,34,30,4,10,0,,127,53.59,1,0,3,167,13,43,6,6,,0,0,0,0,0.0,0,0,0,0,369,26,0,0,3,0,0,0,0,0,0,227.3,0.0,2,42,27,25,27,40,60.61,0,60,35,58.33,43,68,66,115,138,50.18,56,714,441,1040,232.6,69,4,1553,28,4,0
Anastasios Bakasetas,114076,Trabzonspor,3051,turkey,2122,2281,34,26,7.24,8,4,12,,,44,29,23.58,367,61,64.21,750,449,1170,87.18,21,51.22,20,0,0,2,,7,3,27,1,12,33,0,0,28,17,118,0,0,39,1,9.76,,27,24,3,5,3,,111,53.11,1,0,4,172,15,48,7,2,,0,0,5,0,60.0,0,3,0,0,362,17,0,0,0,0,0,0,0,0,0,285.13,11.11,9,29,53,25,30,34,68.0,0,30,14,46.67,48,83,50,123,132,52.8,95,982,483,1342,238.8,82,3,1859,47,5,0
Valentin Eysseric,139798,Kasımpaşa,6063,turkey,2122,2115,29,25,7.21,5,7,12,,,90,33,26.4,293,89,60.14,561,323,851,79.38,14,30.43,32,0,0,0,,11,4,11,1,7,29,0,1,23,27,146,0,0,36,3,11.36,,34,26,8,2,3,,112,49.56,0,0,2,221,22,55,1,5,,0,1,0,0,0.0,0,0,0,1,421,17,0,2,4,0,0,0,0,0,0,423.0,42.86,7,21,23,18,15,28,49.12,0,37,21,56.76,54,155,57,125,126,46.32,148,828,369,1072,209.2,44,5,1566,47,8,1
Lucas Biglia,17799,Fatih Karagümrük,4954,turkey,2122,2799,33,33,7.21,1,4,5,,,88,9,20.0,291,103,70.55,816,1191,1998,90.98,33,51.56,31,0,0,0,,5,0,4,10,36,33,0,0,19,47,156,2,0,47,1,6.25,,41,36,5,0,1,,174,58.19,0,0,0,198,43,32,0,0,,0,0,0,1,0.0,0,0,0,0,306,10,0,1,1,0,0,0,0,0,0,2799.0,12.5,8,1,15,8,4,27,69.23,0,100,54,54.0,32,137,39,45,207,57.02,146,971,1270,2196,237.9,16,1,2697,47,7,1
Amir Hadžiahmetović,795421,Konyaspor,3085,turkey,2122,3237,36,36,7.2,2,4,6,,,140,14,31.11,351,177,58.42,910,1176,2072,87.32,36,58.06,26,0,0,0,,6,0,12,12,31,36,0,0,32,52,167,0,2,34,0,5.71,,39,37,2,1,1,,172,54.95,0,0,1,301,73,37,0,0,,1,0,0,0,0.0,0,0,0,1,439,11,0,0,2,0,0,0,0,0,0,1618.5,0.0,2,9,26,14,9,58,69.88,0,76,43,56.58,37,274,83,45,208,55.47,303,1175,1243,2373,259.2,35,3,2944,39,5,0
Caner Erkin,15680,Fatih Karagümrük,4954,turkey,2122,2339,29,27,7.2,1,4,5,,,117,43,19.72,244,117,56.52,547,517,1021,79.27,21,55.26,17,0,0,0,,13,0,3,7,55,29,0,1,4,23,67,0,0,18,0,6.25,,27,24,3,0,1,,52,50.98,0,0,0,267,51,45,1,2,,0,0,0,1,0.0,0,0,0,0,524,9,0,1,0,0,0,0,0,0,0,2339.0,0.0,8,1,15,7,6,10,58.82,0,28,20,71.43,45,211,17,218,73,52.14,207,897,609,1288,208.8,16,5,1974,14,5,0
Arda Kurtulan,1063395,Fenerbahçe,3052,turkey,2122,8,1,0,7.2,0,0,0,,,0,0,0.0,1,0,0.0,2,0,2,50.0,0,0.0,0,0,0,0,,0,0,0,0,0,1,0,0,0,0,0,0,0,0,0,0.0,,0,0,0,0,0,,5,100.0,0,0,0,2,1,1,0,0,,0,0,0,0,0.0,0,0,0,0,2,0,0,0,0,0,0,0,0,0,0,0.0,0.0,0,0,0,0,0,3,100.0,0,1,1,100.0,1,0,3,0,5,100.0,0,4,0,4,7.2,0,0,13,1,0,0
Vedat Karakuş,847353,Adana Demirspor,3101,turkey,2122,90,1,1,7.2,0,0,0,,,4,0,0.0,0,3,60.0,0,29,29,93.55,0,0.0,0,0,0,0,,0,0,0,1,0,1,0,0,0,0,0,0,0,0,0,0.0,,0,0,0,0,0,,0,0.0,0,1,0,2,0,0,0,0,,0,0,0,0,0.0,0,0,0,0,2,0,0,0,0,1,1,0,1,0,0,0.0,0.0,0,0,0,0,0,0,0.0,1,0,0,0.0,0,4,0,0,0,0.0,5,0,31,31,7.2,0,0,38,0,0,0
Efe Tecimer,1214450,Çaykur Rizespor,3064,turkey,2122,33,3,0,7.2,0,0,0,,,0,0,0.0,3,0,0.0,7,5,12,80.0,0,0.0,0,0,0,0,,0,0,0,0,0,1,0,0,1,0,1,0,0,0,0,0.0,,0,0,0,0,0,,6,85.71,0,0,0,3,0,0,0,0,,0,0,0,0,0.0,0,0,0,0,9,0,0,0,0,0,0,0,0,0,0,0.0,0.0,0,0,0,0,0,3,100.0,0,3,2,66.67,0,0,3,0,6,85.71,0,9,6,15,7.2,0,0,29,0,0,0
Youssouf Ndayishimiye,985934,Başakşehir FK,3086,turkey,2122,2287,27,26,7.19,1,3,4,,,37,1,20.0,186,89,58.17,618,1247,1864,90.71,51,54.26,43,0,0,0,,5,1,5,8,83,27,0,0,6,7,71,0,0,15,0,4.55,,23,21,2,1,0,,56,66.67,0,0,0,191,15,12,0,0,,0,0,0,0,0.0,0,0,0,0,216,2,0,0,1,0,0,0,0,0,0,2287.0,0.0,0,19,3,10,7,17,94.44,0,23,14,60.87,12,97,18,5,107,60.11,153,749,1311,2055,194.1,22,1,2333,17,4,0
Umut Bozok,869839,Kasımpaşa,6063,turkey,2122,2542,38,27,7.19,20,7,27,,,18,0,0.0,204,37,86.05,318,217,535,80.57,19,24.36,59,0,0,1,,9,9,13,3,9,37,0,0,60,20,177,0,0,26,0,24.69,,44,33,11,17,3,,123,51.04,1,0,3,129,9,41,2,15,,0,0,6,0,83.33,0,5,0,2,294,22,0,0,17,0,0,0,0,0,0,127.1,0.0,0,68,13,27,41,23,58.97,0,25,14,56.0,41,25,39,4,142,44.51,43,437,231,664,265.9,81,5,1112,75,3,0
Bernard Mensah,546220,Kayserispor,3072,turkey,2122,477,6,6,7.18,2,3,5,,,6,3,25.0,55,10,71.43,108,55,160,80.4,4,25.0,12,0,0,0,,1,0,4,0,0,6,0,0,12,7,52,0,0,13,0,18.18,,4,4,0,1,1,,37,48.05,0,0,0,39,3,7,1,0,,0,0,0,0,0.0,0,0,0,0,90,2,0,0,1,0,0,0,0,0,0,238.5,0.0,1,2,9,3,4,13,59.09,0,7,4,57.14,7,10,22,12,41,44.09,14,148,63,199,43.1,11,0,322,17,1,0
Ahmet Çalık,135680,Konyaspor,3085,turkey,2122,1611,18,18,7.18,0,0,0,,,37,0,0.0,50,68,52.31,223,678,901,85.97,45,66.18,23,0,0,0,,0,0,2,7,88,18,0,1,1,4,55,1,0,28,0,0.0,,13,12,1,0,0,,40,55.56,0,0,0,147,36,2,0,1,,0,0,0,1,0.0,0,0,0,0,161,0,0,1,0,0,0,0,0,0,0,0.0,0.0,0,6,1,4,1,1,33.33,0,31,16,51.61,2,86,3,2,85,60.71,130,330,720,1048,129.2,7,2,1293,9,5,0
Arijanet Murić,888971,Adana Demirspor,3101,turkey,2122,2779,31,31,7.17,0,0,0,,,88,0,0.0,13,196,50.0,77,660,737,78.15,12,92.31,1,0,0,0,,0,0,0,8,22,31,1,0,0,3,4,1,2,0,0,0.0,,38,36,2,0,0,,6,66.67,0,44,0,206,2,1,0,0,,0,0,0,0,0.0,7,0,1,0,214,0,5,0,0,20,77,41,122,1,18,0.0,0.0,0,0,0,0,0,0,0.0,18,1,1,100.0,1,155,0,0,18,81.82,392,228,715,943,222.4,0,4,1397,5,3,0
Mortadha Ben Ouanes,919225,Kasımpaşa,6063,turkey,2122,1522,23,18,7.17,3,6,9,,,20,10,20.83,158,21,42.0,277,217,484,77.19,30,54.55,25,0,0,0,,6,5,2,2,29,22,0,0,13,18,92,0,1,26,0,12.5,,18,13,5,2,1,,78,53.79,0,0,3,143,30,33,1,3,,0,0,0,0,0.0,0,0,0,1,249,7,0,0,2,0,0,0,0,0,0,507.33,0.0,0,20,4,11,11,16,57.14,0,38,24,63.16,33,47,28,48,108,54.0,50,419,256,627,157.7,24,2,1014,24,4,0
Mert Hakan Yandaş,856849,Fenerbahçe,3052,turkey,2122,1426,24,16,7.15,0,9,9,,,70,22,26.19,342,70,74.47,591,229,798,86.08,9,39.13,14,0,0,0,,9,1,6,2,10,24,0,0,19,33,94,0,0,24,0,0.0,,12,10,2,0,0,,77,49.04,0,0,0,129,15,39,0,3,,0,1,0,1,0.0,0,0,0,0,248,17,0,0,0,0,0,0,0,0,0,0.0,0.0,0,9,16,8,11,16,72.73,0,32,14,43.75,38,102,22,84,86,47.78,94,756,255,927,171.7,25,3,1251,29,9,0
Miguel Crespo,972410,Fenerbahçe,3052,turkey,2122,1672,23,19,7.15,1,1,2,,,25,4,23.53,159,38,59.38,373,365,734,84.46,17,51.52,16,0,0,0,,3,1,5,3,28,23,0,0,18,43,130,0,0,46,0,7.69,,19,14,5,1,0,,157,57.93,0,0,0,135,38,20,0,1,,0,0,0,0,0.0,0,0,0,1,219,12,0,0,1,0,0,0,0,0,0,1672.0,0.0,0,5,8,4,4,31,70.45,0,79,45,56.96,20,46,44,17,174,57.24,64,473,413,869,164.4,13,4,1281,48,5,0
Matías Vargas,796723,Adana Demirspor,3101,turkey,2122,2517,36,30,7.14,5,13,18,,,44,67,36.41,256,38,47.5,506,166,605,74.51,7,35.0,13,0,0,0,,14,4,11,3,4,36,0,0,60,54,202,0,1,40,2,9.09,,33,29,4,2,3,,142,42.9,0,0,2,207,18,98,0,8,,0,1,0,0,0.0,0,0,0,0,519,19,0,0,5,0,0,0,0,0,0,503.4,33.33,6,26,29,27,17,66,63.46,0,32,16,50.0,97,112,104,184,149,42.45,80,801,195,812,257.2,55,4,1518,45,1,0
Mahmoud Trézéguet,295361,Başakşehir FK,3086,turkey,2122,1043,13,13,7.14,6,3,9,,,21,6,35.29,137,18,72.0,213,69,276,83.64,3,30.0,7,0,0,0,,2,6,9,1,11,13,0,0,13,15,74,0,0,17,0,15.79,,9,9,0,6,0,,43,39.09,0,0,1,54,19,21,2,2,,0,0,0,0,0.0,0,0,0,1,157,12,0,0,4,0,0,0,0,0,0,173.83,0.0,0,32,6,14,15,19,43.18,0,12,7,58.33,21,32,44,17,46,38.33,25,266,81,330,92.8,38,1,595,12,1,0
Miralem Pjanić,27678,Beşiktaş JK,3050,turkey,2122,1398,20,16,7.14,0,2,2,,,65,30,37.97,280,70,67.31,663,439,1072,86.24,6,25.0,18,0,0,0,,5,2,10,1,5,20,0,0,17,29,79,0,0,14,0,0.0,,19,16,3,0,0,,52,46.02,0,0,3,171,28,41,0,0,,0,1,0,0,0.0,0,0,0,0,272,11,0,1,0,0,0,0,0,0,0,0.0,0.0,6,2,20,8,4,11,84.62,0,22,8,36.36,40,119,13,79,58,42.34,104,847,475,1243,142.7,22,2,1525,19,3,1
Uğurcan Çakır,754330,Trabzonspor,3051,turkey,2122,3229,36,36,7.13,0,0,0,,,86,0,0.0,108,321,47.63,251,342,593,62.36,11,100.0,0,0,0,0,,0,0,0,10,25,36,1,0,0,0,0,2,1,1,0,0.0,,33,29,4,0,0,,5,100.0,0,21,0,358,0,1,0,0,,0,0,0,0,0.0,8,0,3,0,368,0,13,1,0,5,74,49,124,2,30,0.0,0.0,0,0,0,0,0,2,100.0,5,0,0,0.0,1,157,2,0,16,100.0,674,564,387,951,256.7,0,0,1285,3,5,1
Abdülkerim Bardakcı,178963,Konyaspor,3085,turkey,2122,2969,33,33,7.12,5,3,8,,,77,2,33.33,159,113,55.39,428,1066,1492,86.44,80,64.0,45,0,0,0,,0,4,2,12,116,33,0,0,12,21,129,2,1,42,0,13.16,,37,32,5,5,0,,106,55.79,4,0,0,234,56,11,1,5,,0,1,0,0,0.0,0,0,0,0,313,1,0,0,0,0,0,0,0,0,0,593.8,0.0,0,34,4,23,13,36,75.0,0,46,35,76.09,10,158,48,6,186,59.05,204,575,1157,1726,235.1,38,3,2229,24,10,0
Dorukhan Toköz,796133,Trabzonspor,3051,turkey,2122,2125,29,23,7.12,2,2,4,,,22,1,10.0,180,35,56.45,362,365,726,84.32,35,67.31,17,0,0,0,,0,0,2,2,52,29,0,0,11,26,98,0,0,35,0,11.11,,20,17,3,2,0,,144,64.0,1,0,3,135,49,11,0,3,,1,0,0,0,0.0,0,0,0,0,226,9,0,0,1,0,0,0,0,0,0,1062.5,0.0,0,13,5,12,4,18,62.07,0,91,61,67.03,11,46,29,10,179,64.62,62,449,422,861,206.4,18,2,1382,35,2,0
İrfan Can Kahveci,226986,Fenerbahçe,3052,turkey,2122,1640,24,21,7.12,4,6,10,,,45,30,29.41,305,36,69.23,477,162,609,80.98,6,21.43,22,0,1,0,,10,3,11,4,7,24,0,1,25,10,120,0,1,40,1,10.53,,14,11,3,2,2,,96,49.48,0,0,3,143,15,47,3,8,,0,0,1,0,0.0,0,0,0,1,324,25,0,1,1,0,0,0,0,0,0,410.0,11.11,9,11,27,9,18,41,60.29,0,24,14,58.33,47,81,68,102,102,45.95,52,666,188,752,170.8,38,3,1199,31,7,0
Tolga Ciğerci,120298,Başakşehir FK,3086,turkey,2122,2465,32,28,7.11,1,1,2,,,92,1,7.14,394,128,77.58,916,976,1891,90.05,18,41.86,25,0,0,0,,2,0,6,7,31,32,0,0,19,29,130,0,3,49,0,2.38,,26,24,2,1,0,,108,50.7,0,0,1,209,44,25,0,0,,0,1,0,0,0.0,0,0,0,0,302,6,0,0,1,0,0,0,0,0,0,2465.0,0.0,2,9,33,22,14,29,74.36,0,50,32,64.0,24,149,39,14,126,49.22,165,1079,1035,2100,227.5,42,0,2505,30,7,0
Samet Akaydın,863600,Adana Demirspor,3101,turkey,2122,2952,33,33,7.11,2,0,2,,,54,0,0.0,122,95,42.41,474,1030,1504,83.6,121,69.54,53,0,0,0,,0,2,4,9,148,33,0,0,16,14,130,1,2,44,0,6.67,,39,36,3,2,0,,96,55.49,1,0,1,295,52,8,1,0,,0,0,0,1,0.0,0,0,0,1,346,1,0,0,0,0,0,0,0,0,0,1476.0,0.0,0,27,3,19,7,14,73.68,0,60,40,66.67,8,160,19,1,217,62.54,224,659,1141,1799,234.6,30,4,2275,24,6,0
Rúben Ribeiro,44653,Hatayspor,3091,turkey,2122,2370,29,29,7.11,2,3,5,,,91,15,24.19,286,137,65.87,622,635,1242,84.78,20,48.78,21,0,0,0,,3,0,3,5,13,29,0,2,34,37,162,0,0,46,0,8.7,,37,32,5,1,1,,170,54.66,0,0,1,223,35,42,0,0,,0,2,0,0,0.0,0,0,0,0,406,17,0,2,2,0,0,0,0,0,0,1185.0,0.0,2,4,19,12,8,48,64.86,0,56,36,64.29,40,175,74,62,190,53.98,208,847,680,1465,206.1,23,3,2011,66,9,0
Adem Büyük,60250,Yeni Malatyaspor,24759,turkey,2122,1653,21,18,7.1,5,2,7,,,12,1,9.09,110,21,60.0,185,83,267,69.9,43,50.59,42,0,0,0,,2,1,4,1,14,21,0,0,31,13,134,0,0,26,0,12.2,,32,27,5,5,0,,135,59.47,0,0,2,115,7,24,1,8,,0,0,2,0,100.0,0,2,0,0,244,7,0,0,4,0,0,0,0,0,0,330.6,0.0,1,30,11,23,14,35,54.69,0,31,23,74.19,24,28,64,11,178,57.05,35,284,109,382,149.2,41,1,760,69,6,0
Pa Dibba,172025,Adana Demirspor,3101,turkey,2122,14,1,0,7.1,0,0,0,,,0,0,0.0,2,0,0.0,3,0,3,60.0,0,0.0,0,0,0,0,,0,0,0,0,0,1,0,0,0,0,0,0,0,0,0,0.0,,0,0,0,0,0,,0,0.0,0,0,0,2,0,0,0,0,,0,0,0,0,0.0,0,0,0,0,4,0,0,0,0,0,0,0,0,0,0,0.0,0.0,0,4,0,3,1,0,0.0,0,0,0,0.0,0,0,0,2,0,0.0,0,7,0,5,7.1,4,0,15,0,0,0
Emre Bilgin,1050730,Beşiktaş JK,3050,turkey,2122,270,3,3,7.1,0,0,0,,,11,0,0.0,2,20,42.55,11,36,47,63.51,1,100.0,0,0,0,0,,0,0,0,1,3,3,0,0,0,0,1,0,0,1,0,0.0,,2,1,1,0,0,,1,50.0,0,1,0,27,0,0,0,0,,0,0,0,0,0.0,0,0,0,0,28,0,1,0,0,4,3,6,9,0,1,0.0,0.0,0,0,0,0,0,0,0.0,4,0,0,0.0,0,12,0,0,2,66.67,47,31,43,74,21.3,0,0,102,1,1,0
Adama Traoré,333239,Hatayspor,3091,turkey,2122,1302,17,15,7.09,1,3,4,,,27,11,32.35,185,50,72.46,351,190,530,86.6,5,26.32,14,0,0,0,,3,1,4,2,6,17,0,0,16,15,67,0,0,10,0,5.0,,18,17,1,1,0,,77,59.23,0,0,2,82,13,26,1,0,,0,0,0,0,0.0,0,0,0,0,163,8,0,0,0,0,0,0,0,0,0,1302.0,0.0,0,6,14,11,5,22,64.71,0,13,8,61.54,26,43,34,34,82,55.03,69,439,207,612,120.6,20,1,860,42,4,0
Edgar Ié,235458,Trabzonspor,3051,turkey,2122,1525,17,17,7.09,0,0,0,,,22,0,0.0,52,40,52.63,266,653,919,91.72,18,48.65,19,0,0,0,,0,0,2,7,60,17,0,0,5,6,39,1,0,11,0,0.0,,13,12,1,0,0,,38,65.52,0,0,0,83,21,1,0,0,,0,0,0,3,0.0,0,0,0,0,100,1,0,0,0,0,0,0,0,0,0,0.0,0.0,0,7,2,5,2,13,92.86,0,18,9,50.0,1,47,14,0,56,58.95,76,308,694,1002,120.6,9,2,1197,7,6,0
Ibrahim Šehić,63952,Konyaspor,3085,turkey,2122,3330,37,37,7.09,0,0,0,,,104,0,0.0,15,189,50.81,75,943,1018,83.92,14,100.0,0,0,0,0,,0,0,0,12,37,37,0,0,1,0,2,1,1,1,0,0.0,,45,40,5,0,0,,5,71.43,0,20,0,195,1,0,0,0,,0,0,0,0,0.0,6,0,0,0,205,0,23,0,0,12,68,54,123,1,26,0.0,0.0,0,0,0,0,0,0,0.0,12,2,0,0.0,0,171,0,0,19,90.48,372,202,1011,1213,262.4,0,3,1639,5,6,0
Yassine Benzia,155718,Hatayspor,3091,turkey,2122,762,12,9,7.09,2,1,3,,,18,10,16.67,100,18,69.23,197,115,302,79.89,3,30.0,7,0,0,0,,1,2,5,0,5,12,0,0,12,5,44,0,0,15,1,13.33,,11,11,0,1,1,,59,61.46,0,0,0,76,5,10,0,1,,0,0,0,0,0.0,0,0,0,0,160,8,0,0,2,0,0,0,0,0,0,381.0,50.0,2,6,9,3,7,20,80.0,0,17,7,41.18,10,35,25,60,62,58.49,26,312,126,378,85.1,15,0,581,22,1,0
Altay Bayındır,815890,Fenerbahçe,3052,turkey,2122,2142,24,24,7.09,0,1,1,,,36,0,0.0,40,120,35.93,82,328,410,65.29,11,100.0,0,0,0,0,,0,0,0,10,21,24,0,0,0,0,2,1,1,1,0,0.0,,20,16,4,0,0,,3,60.0,0,13,0,218,1,2,0,0,,0,0,0,1,0.0,6,0,0,0,220,0,15,0,0,6,34,31,67,0,20,0.0,0.0,0,0,0,0,0,1,50.0,6,0,0,0.0,2,87,2,0,14,87.5,334,271,357,628,170.2,0,3,832,3,2,0
Abdulsamed Damlu,847749,Yeni Malatyaspor,24759,turkey,2122,719,9,8,7.09,0,0,0,,,18,0,0.0,9,53,38.41,31,93,124,59.33,4,100.0,0,0,0,0,,0,0,0,1,12,9,1,0,0,0,0,0,0,0,0,0.0,,22,19,3,0,0,,3,100.0,0,2,0,85,2,0,0,0,,0,0,0,0,0.0,0,0,0,0,85,0,7,0,0,3,24,20,45,1,14,0.0,0.0,0,0,0,0,0,0,0.0,3,2,1,50.0,0,50,0,0,7,100.0,138,100,109,209,63.8,0,1,314,2,0,0
Max Gradel,16590,Sivasspor,3076,turkey,2122,2574,31,29,7.07,3,10,13,,,30,51,25.5,248,35,57.38,503,207,659,74.04,13,43.33,17,0,0,1,,12,5,17,5,7,31,0,0,73,27,215,0,0,31,0,5.0,,31,26,5,2,1,,168,45.9,1,0,2,231,17,62,1,9,,0,1,1,0,0.0,0,0,0,1,656,17,0,0,1,0,0,0,0,0,0,858.0,0.0,3,37,23,22,21,64,47.06,0,44,27,61.36,61,64,136,200,181,45.71,61,839,251,890,219.3,60,4,1740,60,5,0
Emiliano Viviano,38599,Fatih Karagümrük,4954,turkey,2122,3420,38,38,7.07,0,0,0,,,147,0,0.0,44,255,43.89,108,919,1027,75.57,17,100.0,0,0,0,0,,0,0,0,11,25,38,1,0,0,0,0,1,0,0,0,0.0,,52,46,6,0,0,,5,100.0,0,16,0,332,0,4,0,0,,0,0,0,0,0.0,8,0,1,0,340,0,8,0,0,10,81,51,133,2,33,0.0,0.0,0,0,0,0,0,3,100.0,10,0,0,0.0,4,231,3,0,22,100.0,581,356,1003,1359,268.8,0,4,1715,7,2,0
Serdar Aziz,43528,Fenerbahçe,3052,turkey,2122,1808,25,21,7.07,2,1,3,,,44,0,0.0,85,74,54.41,308,792,1100,89.14,61,76.25,19,0,0,0,,1,0,1,3,66,25,0,0,2,8,40,0,1,12,0,25.0,,16,15,1,2,0,,48,69.57,2,0,0,134,32,4,0,1,,0,0,0,0,0.0,0,0,0,0,150,0,0,0,0,0,0,0,0,0,0,904.0,0.0,0,7,1,3,4,2,100.0,0,37,22,59.46,4,87,2,3,109,73.15,136,396,841,1234,176.8,8,1,1463,10,9,0
Ferdi Kadıoğlu,825844,Fenerbahçe,3052,turkey,2122,2254,28,26,7.06,2,1,3,,,51,19,24.68,346,50,60.98,599,469,1049,82.6,18,45.0,22,0,0,0,,3,1,8,5,28,28,0,0,31,35,139,0,0,23,0,10.0,,23,17,6,1,1,,155,56.99,0,0,0,221,38,31,0,0,,0,0,0,1,0.0,0,0,0,0,421,12,0,0,2,0,0,0,0,0,0,1127.0,0.0,0,6,14,5,7,51,63.75,0,75,40,53.33,31,82,80,77,173,55.45,82,827,520,1270,197.8,20,2,2012,29,5,0
Junior Caiçara,128440,Başakşehir FK,3086,turkey,2122,2150,27,23,7.06,2,0,2,,,31,5,12.5,346,68,54.4,594,566,1155,85.24,25,43.86,32,0,0,0,,3,0,1,7,43,27,0,0,20,31,138,0,0,39,0,18.18,,18,17,1,1,1,,114,51.82,0,0,0,200,38,25,0,3,,0,0,0,0,0.0,0,0,0,0,335,13,0,0,2,0,0,0,0,0,0,1075.0,0.0,0,2,9,7,3,7,28.0,0,83,41,49.4,25,53,25,40,139,50.18,125,756,639,1355,190.7,11,4,2042,24,6,0
Alexis Pérez,602812,Giresunspor,5765,turkey,2122,3052,34,34,7.06,2,1,3,,,126,3,60.0,169,190,51.35,504,909,1410,81.6,79,58.09,57,0,0,0,,2,1,6,9,158,34,0,1,8,25,132,2,1,40,0,7.41,,39,36,3,2,0,,100,57.14,1,0,0,318,75,11,1,1,,1,0,0,4,0.0,0,0,0,0,356,2,0,1,0,0,0,0,0,0,0,1526.0,0.0,1,18,9,15,6,12,66.67,0,61,41,67.21,11,272,18,5,179,57.56,370,727,1006,1728,240.1,27,3,2227,27,8,0
Serdar Dursun,123917,Fenerbahçe,3052,turkey,2122,1883,33,20,7.06,15,3,18,,,22,3,60.0,104,32,76.19,206,115,318,69.74,53,47.32,59,0,1,0,,1,12,20,1,27,33,0,0,21,12,141,0,0,41,0,17.44,,19,17,2,14,1,,60,42.25,6,0,5,138,4,16,0,6,,0,0,5,0,80.0,0,4,0,2,224,13,0,0,9,0,0,0,0,0,0,125.53,0.0,1,73,13,30,36,12,54.55,0,15,10,66.67,16,37,22,5,113,44.49,42,319,142,456,233.0,86,3,774,33,2,0
Mame Biram Diouf,22481,Hatayspor,3091,turkey,2122,3010,35,34,7.06,12,3,15,,,15,4,21.05,184,12,42.86,289,94,379,59.59,161,55.71,128,0,0,1,,12,8,13,8,27,35,0,0,15,17,213,0,0,55,0,19.35,,51,45,6,12,0,,63,42.57,6,0,3,257,6,39,0,34,,0,1,4,0,75.0,0,3,0,0,356,22,0,0,6,0,0,0,0,0,0,250.83,0.0,0,59,3,19,30,13,56.52,0,19,10,52.63,38,33,23,19,224,51.26,28,522,133,636,247.1,62,2,958,33,8,0
Alexandru Epureanu,18577,Başakşehir FK,3086,turkey,2122,1461,22,16,7.06,1,0,1,,,51,0,0.0,116,82,62.6,436,847,1283,91.45,30,60.0,20,0,0,0,,3,0,2,5,58,20,0,0,2,8,51,0,0,19,0,14.29,,14,12,2,1,0,,24,43.64,1,0,0,120,29,3,0,0,,0,0,0,0,0.0,0,0,0,0,136,1,0,0,0,0,0,0,0,0,0,1461.0,0.0,0,6,1,2,3,0,0.0,0,17,8,47.06,3,98,2,2,54,51.43,131,519,886,1403,141.2,7,2,1576,8,3,0
Abdülkadir Ömür,826155,Trabzonspor,3051,turkey,2122,2195,33,27,7.04,7,3,10,,,37,7,21.88,307,31,70.45,593,317,903,86.49,7,21.88,25,0,0,0,,10,2,11,0,8,33,0,0,26,24,109,0,0,15,1,16.28,,20,18,2,5,2,,105,55.56,0,0,1,141,17,37,7,2,,0,0,0,1,0.0,0,0,0,0,271,18,0,0,0,0,0,0,0,0,0,313.57,50.0,2,16,27,15,17,33,62.26,0,47,30,63.83,37,67,53,32,112,50.68,44,726,350,1044,232.2,43,1,1418,25,1,0
Emirhan Topçu,895009,Çaykur Rizespor,3064,turkey,2122,842,12,9,7.04,0,0,0,,,36,4,44.44,41,45,50.0,128,318,442,82.16,14,58.33,10,0,0,0,,0,1,0,1,38,11,0,0,2,7,26,0,0,6,0,0.0,,13,13,0,0,0,,36,69.23,0,0,0,96,17,5,0,0,,0,0,0,0,0.0,0,0,0,0,111,2,0,0,0,0,0,0,0,0,0,0.0,0.0,0,1,1,0,2,4,80.0,0,25,15,60.0,5,69,5,9,50,65.79,90,195,352,538,77.4,2,1,698,8,1,0
Andrea Bertolacci,47568,Kayserispor,3072,turkey,2122,1640,25,21,7.04,8,1,9,,,45,8,32.0,183,53,51.96,330,247,569,75.77,9,37.5,15,0,0,0,,2,4,6,0,11,25,0,0,22,18,97,0,1,31,0,20.0,,23,17,6,5,3,,101,55.19,2,0,3,182,7,18,5,3,,0,1,0,0,0.0,0,0,0,0,303,13,0,0,1,0,0,0,0,0,0,205.0,0.0,1,24,16,17,17,22,61.11,0,36,28,77.78,17,94,36,25,110,53.14,102,483,293,751,175.9,40,1,1099,44,5,0
Endri Çekiçi,187153,Konyaspor,3085,turkey,2122,1899,35,23,7.03,6,3,9,,,33,4,30.77,205,47,65.28,375,206,577,81.84,14,36.84,24,0,0,0,,4,3,9,0,10,33,0,0,16,26,104,0,0,22,1,13.04,,19,18,1,5,1,,122,60.4,1,0,0,128,19,24,2,4,,0,0,0,0,0.0,0,0,0,1,218,5,0,0,3,0,0,0,0,0,0,316.5,25.0,4,24,22,17,20,21,53.85,0,64,43,67.19,24,61,39,13,136,56.67,72,485,233,705,232.1,46,2,1076,37,3,0
Chidozie Awaziem,804764,Alanyaspor,6362,turkey,2122,1525,18,17,7.03,1,0,1,,,52,0,0.0,75,67,52.76,297,632,929,87.48,38,67.86,18,0,0,0,,2,1,3,6,74,18,0,0,1,8,47,1,1,21,0,9.09,,22,19,3,1,0,,45,60.81,1,0,0,133,30,3,0,0,,1,0,0,1,0.0,0,0,0,0,157,1,0,0,0,0,0,0,0,0,0,1525.0,0.0,0,11,0,7,1,2,50.0,0,37,20,54.05,3,109,4,0,83,63.85,127,392,670,1062,126.6,11,2,1303,6,9,0
João Novais,233370,Alanyaspor,6362,turkey,2122,1861,29,22,7.03,3,7,10,,,58,23,27.06,180,66,57.39,411,387,775,82.45,24,54.55,20,0,0,0,,8,1,11,4,29,28,0,0,26,19,89,1,1,18,0,7.32,,38,31,7,1,2,,69,50.0,0,0,0,165,37,40,0,1,,0,0,0,0,0.0,0,0,0,0,303,3,0,0,3,0,0,0,0,0,0,620.33,0.0,4,4,37,19,11,15,65.22,0,16,11,68.75,40,115,23,85,93,51.1,115,602,423,940,196.9,41,2,1332,38,6,0
Davidson,814334,Alanyaspor,6362,turkey,2122,1721,22,20,7.03,6,4,10,,,17,4,15.38,195,25,62.5,314,164,474,80.07,14,31.82,30,0,0,0,,8,3,11,3,7,22,0,0,47,34,171,0,0,30,0,14.29,,24,21,3,4,2,,136,49.1,0,0,1,118,5,28,1,2,,0,0,0,0,0.0,0,0,0,0,316,14,0,0,5,0,0,0,0,0,0,286.83,0.0,0,26,16,17,14,45,58.44,0,32,14,43.75,28,36,77,26,150,46.73,40,428,190,592,154.7,42,2,1080,59,4,0
Chiquinho,584124,Giresunspor,5765,turkey,2122,1149,13,13,7.03,4,3,7,,,13,13,33.33,157,15,40.54,266,142,395,79.64,2,15.38,11,0,0,0,,4,0,8,1,9,13,0,0,18,10,66,0,0,13,0,14.81,,17,15,2,3,1,,35,38.89,0,0,0,101,6,24,0,2,,0,0,2,0,100.0,0,2,0,1,201,10,0,0,4,0,0,0,0,0,0,287.25,0.0,2,14,13,8,11,15,51.72,0,8,4,50.0,24,38,29,39,37,35.92,37,369,166,496,91.4,27,0,728,12,3,0
Umut Nayir,284767,Giresunspor,5765,turkey,2122,1696,32,18,7.03,6,1,7,,,8,1,14.29,125,9,75.0,218,98,315,65.08,110,53.92,94,0,0,0,,4,2,8,0,16,30,0,0,12,8,132,0,0,15,0,12.77,,24,22,2,6,0,,54,58.7,3,0,0,169,5,17,2,12,,0,1,0,0,0.0,0,0,0,0,245,6,0,0,1,0,0,0,0,0,0,282.67,0.0,0,41,6,19,20,7,53.85,0,13,11,84.62,16,17,13,7,164,55.41,12,368,123,484,210.9,47,1,762,36,1,0
Serdar Gürler,96520,Başakşehir FK,3086,turkey,2122,1958,34,23,7.03,6,8,14,,,19,34,32.08,196,5,25.0,350,133,449,76.62,13,39.39,20,0,0,0,,13,3,5,1,7,34,0,0,12,14,92,0,0,20,0,13.64,,22,20,2,6,0,,72,50.0,2,0,4,137,8,45,0,17,,0,0,0,0,0.0,0,0,0,0,316,10,0,0,4,0,0,0,0,0,0,326.33,0.0,4,29,15,24,15,34,55.74,0,19,11,57.89,45,27,61,106,85,48.02,20,532,160,586,239.0,44,2,997,19,6,0
Deniz Türüç,252207,Başakşehir FK,3086,turkey,2122,1917,33,20,7.03,6,1,7,,,35,33,25.0,303,47,71.21,499,222,688,84.73,14,36.84,24,0,0,0,,6,3,8,0,11,31,0,0,27,28,123,0,0,28,1,13.95,,17,15,2,3,3,,86,46.49,0,0,3,124,11,48,6,4,,0,0,1,0,100.0,0,1,0,0,333,16,0,0,0,0,0,0,0,0,0,319.5,100.0,1,26,17,20,15,31,63.27,0,26,17,65.38,48,56,49,132,100,44.84,66,695,249,812,217.9,43,2,1292,29,6,0
Bafetimbi Gomis,3530,Galatasaray,3061,turkey,2122,806,14,9,7.03,9,0,9,,,4,0,0.0,40,5,83.33,80,44,124,85.52,7,33.33,14,0,0,1,,1,6,3,0,10,14,0,0,6,6,37,0,0,6,0,32.14,,14,12,2,9,0,,24,51.06,0,0,0,21,1,7,2,12,,0,0,6,0,83.33,0,5,0,1,54,2,0,0,7,0,0,0,0,0,0,89.56,0.0,0,25,3,11,14,8,61.54,0,2,2,100.0,7,4,13,1,31,45.59,6,95,51,145,98.4,28,1,253,14,2,0
Papy Djilobodji,106661,Gaziantep FK,5138,turkey,2122,2624,31,30,7.03,5,1,6,,,108,2,18.18,149,169,47.47,443,732,1173,79.36,84,74.34,29,0,0,0,,1,2,8,9,128,31,0,1,5,23,85,1,1,27,0,13.89,,38,33,5,5,0,,70,55.56,2,0,1,305,62,7,3,3,,1,0,0,4,0.0,0,0,0,0,336,5,0,1,0,0,0,0,0,0,0,524.8,0.0,1,29,7,18,10,11,68.75,0,43,28,65.12,7,223,16,11,154,64.44,356,684,805,1478,217.8,36,4,1889,16,7,0
Dimitris Goutas,257497,Sivasspor,3076,turkey,2122,2806,32,31,7.03,5,1,6,,,52,0,0.0,62,107,45.15,269,748,1017,80.59,71,59.17,49,0,0,0,,2,1,5,8,145,32,0,0,4,8,78,0,1,15,0,19.23,,40,34,6,5,0,,54,65.06,5,0,0,245,48,9,0,1,,1,0,0,0,0.0,0,0,0,0,273,1,0,0,0,0,0,0,0,0,0,561.2,0.0,0,25,1,16,5,9,75.0,0,34,21,61.76,9,144,12,0,125,61.58,237,427,835,1262,224.8,26,2,1638,11,3,0
Zeki Yavru,140735,Giresunspor,5765,turkey,2122,2597,31,29,7.02,0,2,2,,,70,34,20.86,302,82,46.33,632,426,1024,76.7,50,61.73,31,0,0,0,,3,0,4,7,75,30,0,0,16,21,109,0,0,32,0,0.0,,36,33,3,0,0,,106,57.61,0,0,0,311,41,36,0,1,,0,0,0,0,0.0,0,0,0,0,533,8,0,0,0,0,0,0,0,0,0,0.0,0.0,8,4,13,8,5,22,68.75,0,62,37,59.68,36,143,32,163,156,58.87,177,989,509,1335,210.6,17,2,2146,22,7,0
Souza,119035,Beşiktaş JK,3050,turkey,2122,2607,32,29,7.02,5,0,5,,,57,2,28.57,299,62,50.0,689,618,1305,85.41,51,53.68,44,0,0,0,,5,3,4,8,50,32,0,1,22,28,145,0,1,47,0,16.67,,35,30,5,4,1,,126,55.51,1,0,0,223,47,24,2,0,,0,0,0,1,0.0,0,0,0,0,310,17,0,1,2,0,0,0,0,0,0,521.4,0.0,0,19,11,14,12,19,76.0,0,75,35,46.67,24,113,25,7,177,54.97,124,855,680,1528,224.6,30,1,1962,33,9,0
Haji Wright,818391,Antalyaspor,3056,turkey,2122,1903,32,21,7.02,14,2,16,,,4,3,37.5,89,2,33.33,145,77,219,66.77,48,42.11,66,0,0,0,,2,5,12,1,10,28,0,0,30,7,170,0,0,46,0,26.92,,27,21,6,13,1,,69,39.88,0,0,0,109,3,19,5,12,,0,0,3,0,100.0,0,3,0,1,249,9,0,0,9,0,0,0,0,0,0,135.93,0.0,0,44,8,14,26,25,48.08,0,17,9,52.94,19,7,52,8,117,40.77,6,238,98,328,196.5,52,3,660,27,2,0
Patrick van Aanholt,74577,Galatasaray,3061,turkey,2122,2787,35,33,7.01,2,2,4,,,34,40,27.4,281,52,52.53,595,679,1234,85.52,14,60.87,9,0,0,1,,7,2,11,7,44,34,0,0,8,25,83,0,0,25,0,6.06,,42,35,7,1,1,,84,53.16,0,0,0,209,43,50,0,8,,0,0,1,1,0.0,0,0,0,0,414,12,0,0,2,0,0,0,0,0,0,1393.5,0.0,2,9,24,13,9,18,51.43,0,53,37,69.81,50,70,35,146,98,54.14,99,849,740,1443,238.4,33,3,2187,13,3,0
Flávio,839521,Giresunspor,5765,turkey,2122,3033,35,35,7.01,0,2,2,,,56,3,12.5,278,109,70.78,727,835,1559,87.05,31,48.44,33,0,0,0,,3,1,7,9,46,35,0,0,17,68,178,0,0,44,0,0.0,,37,35,2,0,0,,160,52.46,0,0,0,232,49,29,0,2,,0,0,0,0,0.0,0,0,0,0,337,13,0,0,0,0,0,0,0,0,0,0.0,0.0,0,8,13,9,5,23,58.97,0,97,55,56.7,29,94,39,24,191,51.76,154,906,909,1791,245.4,21,0,2327,40,4,0
Mateusz Lis,798375,Altay,3070,turkey,2122,3150,35,35,7.01,0,0,0,,,67,0,0.0,51,194,33.62,133,417,550,58.45,16,88.89,2,0,0,0,,0,0,0,7,35,35,1,0,0,7,9,1,0,0,0,0.0,,50,45,5,0,0,,4,36.36,0,29,0,391,1,1,0,0,,0,0,0,0,0.0,9,0,2,0,401,0,19,0,0,21,89,38,128,2,27,0.0,0.0,0,0,0,0,0,0,0.0,19,0,0,0.0,1,149,0,0,20,68.97,577,477,464,941,245.4,0,2,1347,7,3,0
Mehdi Zeffane,217770,Yeni Malatyaspor,24759,turkey,2122,810,9,9,7.01,0,1,1,,,13,9,23.68,64,20,38.46,155,174,320,77.67,9,64.29,5,0,0,0,,1,1,1,2,18,9,0,0,4,5,24,0,0,9,0,0.0,,14,10,4,0,0,,25,56.82,0,0,0,92,10,13,0,1,,0,0,0,0,0.0,0,0,0,0,145,3,0,0,0,0,0,0,0,0,0,0.0,0.0,0,4,0,1,2,6,85.71,0,15,9,60.0,13,39,7,38,34,58.62,52,245,205,412,63.1,4,1,617,4,1,0
Oğuz Aydın,999396,Alanyaspor,6362,turkey,2122,608,20,5,7.01,6,0,6,,,7,6,23.08,76,7,63.64,114,52,160,80.0,2,20.0,8,0,0,0,,3,4,5,0,3,19,0,0,4,2,32,0,1,12,0,23.08,,10,9,1,6,0,,34,58.62,1,0,1,40,1,15,2,1,,0,0,0,0,0.0,0,0,0,0,102,6,0,0,3,0,0,0,0,0,0,101.33,0.0,0,19,7,8,13,16,66.67,0,13,6,46.15,15,11,24,26,36,52.94,11,166,60,200,133.2,26,1,354,5,2,0
José Sosa,22981,Fenerbahçe,3052,turkey,2122,953,19,10,7.01,0,2,2,,,70,18,38.3,180,55,63.95,379,300,661,85.4,11,73.33,4,0,0,0,,1,0,3,2,7,19,0,0,4,27,56,0,0,17,0,0.0,,12,9,3,0,0,,56,51.85,0,0,0,113,10,22,0,0,,0,0,0,0,0.0,0,0,0,0,169,10,0,0,0,0,0,0,0,0,0,0.0,0.0,2,2,8,6,1,7,58.33,0,35,21,60.0,22,106,12,47,67,54.47,86,503,318,774,133.2,10,1,972,14,1,0
Erick Pulgar,590262,Galatasaray,3061,turkey,2122,602,11,7,7.01,0,0,0,,,22,7,63.64,51,25,65.79,138,193,324,87.33,9,60.0,6,0,0,0,,3,0,0,1,14,11,0,0,3,13,30,0,1,7,0,0.0,,9,7,2,0,0,,28,53.85,0,0,0,47,14,13,0,0,,0,0,0,0,0.0,0,0,0,0,68,3,0,0,0,0,0,0,0,0,0,0.0,0.0,1,1,2,2,1,3,60.0,0,19,10,52.63,13,33,5,11,37,55.22,38,173,209,371,77.1,3,0,477,6,2,0
Tarık Çetin,913985,Çaykur Rizespor,3064,turkey,2122,852,11,9,7.01,0,0,0,,,9,0,0.0,4,53,43.44,32,104,136,65.38,2,50.0,2,0,0,0,,0,0,0,3,5,11,0,0,0,1,5,2,0,2,0,0.0,,12,11,1,0,0,,1,25.0,0,5,0,72,0,0,0,0,,0,0,0,2,0.0,3,0,1,0,74,0,1,0,0,0,26,11,38,0,14,0.0,0.0,0,0,0,0,0,0,0.0,0,0,0,0.0,0,19,0,0,3,37.5,122,78,130,208,77.1,0,0,310,2,1,0
Mesut Özil,16176,Fenerbahçe,3052,turkey,2122,1255,22,14,7.0,8,2,10,,,15,15,21.43,232,17,65.38,404,156,545,86.51,1,11.11,8,0,0,0,,3,0,4,0,1,22,0,0,18,12,54,1,0,6,0,42.11,,16,13,3,8,0,,38,45.24,0,0,0,85,8,27,7,8,,0,0,4,0,100.0,0,4,0,0,212,14,0,0,1,0,0,0,0,0,0,156.88,0.0,2,16,3,3,12,12,54.55,0,13,9,69.23,27,30,22,70,39,41.94,26,535,165,630,154.1,19,2,881,13,0,0
Ekrem Kılıçarslan,852187,Gaziantep FK,5138,turkey,2122,41,1,0,7.0,0,0,0,,,3,0,0.0,0,5,83.33,0,13,13,92.86,0,0.0,0,0,0,0,,0,0,0,0,1,1,0,0,0,0,0,0,0,0,0,0.0,,0,0,0,0,0,,0,0.0,0,1,0,1,0,0,0,0,,0,0,0,0,0.0,0,0,0,0,2,0,1,0,0,1,1,2,3,0,0,0.0,0.0,0,0,0,0,0,0,0.0,1,0,0,0.0,0,3,0,0,0,0.0,6,0,14,14,7.0,0,0,27,0,0,0
Marin Aničić,55398,Konyaspor,3085,turkey,2122,90,1,1,7.0,0,0,0,,,1,0,0.0,2,4,66.67,9,44,53,91.38,5,50.0,5,0,0,0,,0,0,0,0,5,1,0,0,0,0,7,0,0,3,0,0.0,,3,3,0,0,0,,2,50.0,0,0,0,5,2,0,0,0,,0,0,0,0,0.0,0,0,0,0,5,0,0,0,0,0,0,0,0,0,0,0.0,0.0,0,1,0,0,1,0,0.0,0,2,1,50.0,0,2,0,0,7,50.0,6,11,47,58,7.0,1,0,71,0,1,0
Cenk Gönen,43556,Kayserispor,3072,turkey,2122,180,2,2,7.0,0,0,0,,,4,0,0.0,0,15,50.0,7,31,38,71.7,0,0.0,0,0,0,0,,0,0,0,1,0,2,0,0,0,0,0,0,0,0,0,0.0,,2,2,0,0,0,,1,100.0,0,1,0,15,0,0,0,0,,0,0,0,0,0.0,0,0,0,0,15,0,0,0,0,1,2,3,5,0,2,0.0,0.0,0,0,0,0,0,0,0.0,1,0,0,0.0,0,4,0,0,1,100.0,30,17,36,53,14.0,0,0,73,1,0,0
Nuri Şahin,21881,Antalyaspor,3056,turkey,2122,613,8,8,7.0,0,0,0,,,26,6,31.58,57,24,61.54,142,190,326,87.17,7,50.0,7,0,0,0,,2,0,1,0,4,8,0,0,1,9,28,0,0,12,0,0.0,,7,5,2,0,0,,24,53.33,0,0,0,48,9,6,0,0,,0,0,0,0,0.0,0,0,0,0,68,2,0,0,0,0,0,0,0,0,0,0.0,0.0,1,2,2,3,0,2,100.0,0,16,10,62.5,6,44,2,19,31,52.54,39,191,202,374,56.0,4,0,455,6,0,0
Volkan Babacan,30143,Başakşehir FK,3086,turkey,2122,2790,31,31,7.0,0,0,0,,,88,0,0.0,17,166,46.89,84,852,936,82.32,8,100.0,0,0,0,0,,0,0,0,9,9,31,0,0,0,1,2,3,1,1,0,0.0,,31,28,3,0,0,,6,75.0,0,18,0,201,0,1,0,0,,0,0,0,1,0.0,3,0,0,0,206,0,4,0,0,11,51,38,90,3,21,0.0,0.0,0,0,0,0,0,0,0.0,11,0,0,0.0,1,155,0,0,14,87.5,354,233,904,1137,216.9,0,2,1442,7,1,0
Serkan Kırıntılı,5247,Alanyaspor,6362,turkey,2122,1710,19,19,6.99,0,0,0,,,50,0,0.0,15,142,48.46,84,317,401,71.61,12,92.31,1,0,0,0,,0,0,0,6,26,19,0,0,0,0,1,0,1,0,0,0.0,,28,24,4,0,0,,0,0.0,0,15,0,159,0,0,0,0,,0,0,0,0,0.0,1,0,0,0,162,0,14,0,0,4,38,26,64,1,12,0.0,0.0,0,0,0,0,0,0,0.0,4,0,0,0.0,0,85,0,0,12,92.31,293,203,357,560,132.9,0,2,784,1,2,0
Bruno Peres,243175,Trabzonspor,3051,turkey,2122,2155,27,25,6.99,1,1,2,,,23,16,20.78,192,48,57.83,517,597,1098,88.91,24,57.14,18,0,0,0,,1,2,3,6,47,27,0,0,14,17,76,0,1,16,0,7.69,,24,22,2,1,0,,100,63.29,0,0,1,137,45,17,0,0,,0,0,1,0,100.0,0,1,0,0,288,4,0,1,1,0,0,0,0,0,0,2155.0,0.0,0,7,6,7,3,28,71.79,0,49,35,71.43,17,49,39,77,124,62.0,83,661,651,1235,188.8,13,0,1853,23,5,1
Léo Duarte,839982,Başakşehir FK,3086,turkey,2122,2874,33,31,6.99,0,0,0,,,51,0,0.0,148,74,49.33,612,1454,2066,92.52,52,53.61,45,0,0,0,,0,2,5,10,102,33,0,0,1,9,72,0,1,14,0,0.0,,30,28,2,0,0,,73,73.0,0,0,1,167,28,3,0,0,,0,0,0,0,0.0,0,0,0,0,192,0,0,1,0,0,0,0,0,0,0,0.0,0.0,0,15,2,8,4,9,75.0,0,38,26,68.42,3,116,12,1,125,63.45,150,701,1533,2233,230.7,17,1,2539,26,5,1
Miha Zajc,139256,Fenerbahçe,3052,turkey,2122,2215,32,25,6.99,9,1,10,,,37,4,11.76,259,66,68.04,609,594,1199,88.88,14,46.67,16,0,0,0,,5,1,12,4,20,32,0,0,23,34,126,1,1,35,0,18.37,,24,19,5,6,3,,87,44.16,1,0,0,150,28,31,1,1,,0,0,0,0,0.0,0,0,0,1,272,15,0,0,7,0,0,0,0,0,0,246.11,0.0,0,28,21,20,17,34,62.96,0,30,20,66.67,31,76,54,34,101,44.49,97,762,621,1349,223.7,49,1,1732,23,4,0
Nemanja Milunović,54775,Alanyaspor,6362,turkey,2122,2103,27,23,6.99,1,1,2,,,29,1,50.0,81,58,46.77,319,885,1203,88.13,72,66.67,36,0,0,0,,2,2,2,5,133,27,0,0,3,13,78,1,0,26,0,6.25,,37,32,5,1,0,,47,52.81,1,0,1,162,42,6,0,0,,0,0,0,2,0.0,0,0,0,0,181,1,0,0,0,0,0,0,0,0,0,2103.0,0.0,0,16,0,10,4,5,83.33,0,37,19,51.35,6,75,6,2,119,60.41,124,415,952,1365,188.7,16,3,1696,5,6,0
Fernando Muslera,28381,Galatasaray,3061,turkey,2122,2243,25,25,6.99,0,0,0,,,49,0,0.0,17,136,52.51,69,612,681,83.66,6,85.71,1,0,0,0,,0,0,0,8,11,25,1,0,1,0,3,2,0,0,0,0.0,,31,25,6,0,0,,2,50.0,0,9,0,133,1,2,0,0,,0,0,0,0,0.0,5,0,1,0,139,0,2,0,0,3,49,30,79,1,11,0.0,0.0,0,0,0,0,0,2,66.67,3,0,0,0.0,2,87,3,0,8,72.73,259,161,653,814,174.7,0,3,1089,0,3,0
Omar Elabdellaoui,100619,Galatasaray,3061,turkey,2122,549,7,6,6.99,0,1,1,,,5,6,46.15,32,4,57.14,93,110,197,87.56,3,27.27,8,0,0,0,,2,0,1,2,6,7,0,0,1,3,19,0,0,5,0,0.0,,6,4,2,0,0,,23,67.65,0,0,0,28,10,2,0,0,,0,0,0,0,0.0,0,0,0,0,49,2,0,0,0,0,0,0,0,0,0,0.0,0.0,0,0,2,1,0,1,33.33,0,16,10,62.5,2,13,3,13,26,57.78,7,119,119,225,48.9,2,1,355,6,2,0
Mahmut Tekdemir,43666,Başakşehir FK,3086,turkey,2122,2039,25,24,6.98,3,1,4,,,31,1,8.33,215,52,67.53,441,463,903,87.08,15,51.72,14,0,0,0,,3,1,5,2,29,25,0,0,6,24,73,0,0,29,0,17.65,,17,16,1,3,0,,90,60.4,0,0,0,134,14,12,3,3,,0,0,0,0,0.0,0,0,0,0,192,10,0,0,0,0,0,0,0,0,0,679.67,0.0,0,13,4,6,6,9,69.23,0,36,20,55.56,12,50,13,12,105,58.99,77,540,509,1037,174.6,17,0,1311,45,4,0
Mame Thiam,180981,Kayserispor,3072,turkey,2122,2049,24,23,6.98,11,3,14,,,29,4,19.05,152,22,56.41,322,205,523,73.97,61,61.0,39,0,0,0,,2,4,7,2,21,24,0,0,26,21,155,1,0,35,0,21.57,,34,28,6,11,0,,70,37.63,3,0,2,184,23,20,1,14,,0,1,3,0,100.0,0,3,0,0,349,14,0,0,7,0,0,0,0,0,0,186.27,0.0,1,46,5,22,22,21,36.21,0,21,14,66.67,19,56,58,21,131,45.8,39,475,253,707,167.6,51,2,1128,28,1,0
Joel Pohjanpalo,137155,Çaykur Rizespor,3064,turkey,2122,2108,33,25,6.98,16,1,17,,,8,1,11.11,86,12,60.0,149,117,265,65.76,75,47.47,83,0,0,0,,1,12,12,0,16,33,0,0,16,5,128,0,0,20,0,23.53,,38,36,2,16,0,,33,42.31,3,0,0,138,2,13,2,5,,0,0,5,0,100.0,0,5,0,1,215,6,0,0,11,0,0,0,0,0,0,131.75,0.0,0,59,9,19,37,11,61.11,0,4,1,25.0,13,21,18,9,108,45.76,20,266,146,403,230.3,68,4,645,18,0,0
Güray Vural,43559,Antalyaspor,3056,turkey,2122,3237,36,36,6.98,1,6,7,,,39,33,18.44,277,55,44.0,588,616,1171,81.55,22,40.74,32,0,0,0,,3,0,6,7,51,36,0,0,16,31,117,0,1,24,0,3.33,,46,38,8,1,0,,93,52.25,0,0,3,265,43,37,1,12,,0,0,0,0,0.0,0,0,0,0,513,13,0,1,0,0,0,0,0,0,0,3237.0,0.0,2,14,16,15,9,25,60.98,0,55,35,63.64,37,99,41,179,115,49.57,125,894,721,1436,251.2,30,1,2297,13,6,1
Emre Mor,826258,Fatih Karagümrük,4954,turkey,2122,1745,26,21,6.97,5,3,8,,,24,2,9.09,152,22,75.86,242,138,378,83.26,5,29.41,12,0,0,0,,4,3,10,1,8,25,0,0,34,22,138,0,0,20,0,10.87,,22,19,3,4,1,,139,52.45,0,0,2,76,23,30,5,7,,0,0,0,0,0.0,0,0,0,0,257,15,0,0,0,0,0,0,0,0,0,349.0,0.0,0,24,22,23,13,73,57.94,0,25,17,68.0,30,34,126,22,144,51.06,29,327,149,454,174.3,46,1,913,41,5,0
Onur Ergün,893009,Hatayspor,3091,turkey,2122,1882,24,21,6.97,1,0,1,,,79,1,9.09,165,81,61.83,431,480,910,85.13,18,43.9,23,0,0,0,,4,0,4,4,27,24,0,0,5,42,103,0,1,30,0,12.5,,31,28,3,1,0,,88,52.38,0,0,0,159,46,12,1,0,,0,1,0,0,0.0,0,0,0,0,207,8,0,0,0,0,0,0,0,0,0,1882.0,0.0,0,5,3,2,2,11,78.57,0,70,38,54.29,11,128,14,11,106,50.72,131,539,541,1069,167.3,8,0,1368,7,9,0
Zymer Bytyqi,226784,Konyaspor,3085,turkey,2122,2921,37,35,6.97,8,7,15,,,36,40,19.14,262,45,66.18,481,242,683,82.29,6,35.29,11,0,0,0,,9,2,16,3,11,37,0,0,29,17,97,1,0,19,0,14.29,,39,35,4,7,1,,60,41.1,0,0,2,147,15,54,2,10,,0,0,0,0,0.0,0,0,0,0,441,16,0,0,6,0,0,0,0,0,0,365.13,0.0,0,30,26,20,20,30,51.72,0,13,10,76.92,54,58,58,209,66,40.49,68,755,284,830,257.9,56,0,1362,17,3,0
Ertaç Özbir,126077,Yeni Malatyaspor,24759,turkey,2122,2562,29,29,6.97,0,0,0,,,58,0,0.0,18,203,45.82,96,486,582,70.12,13,92.86,1,0,0,0,,0,0,0,5,20,29,0,0,0,2,3,0,2,0,0,0.0,,44,38,6,0,0,,10,83.33,0,28,0,248,0,0,0,0,,0,0,0,0,0.0,6,0,0,0,253,0,9,0,0,19,62,39,102,3,22,0.0,0.0,0,1,1,1,1,1,100.0,16,3,2,66.67,0,107,1,0,23,88.46,443,280,550,830,202.1,2,3,1168,7,0,0
Francisco Montero,927376,Beşiktaş JK,3050,turkey,2122,1355,17,15,6.97,1,1,2,,,40,3,30.0,95,51,38.93,259,468,724,80.18,40,63.49,23,0,0,0,,3,2,1,3,59,16,0,0,2,6,54,0,0,24,0,14.29,,20,17,3,1,0,,43,58.11,1,0,1,179,29,11,0,1,,0,0,0,1,0.0,0,0,0,0,200,2,0,2,0,0,0,0,0,0,0,1355.0,0.0,0,7,0,4,2,1,100.0,0,24,15,62.5,11,99,1,10,83,60.58,131,394,519,903,111.5,7,1,1110,19,4,2
Atınç Nukan,115205,Göztepe,3054,turkey,2122,1784,20,20,6.97,3,1,4,,,50,0,0.0,64,65,46.43,171,356,527,75.94,80,57.55,59,0,0,0,,1,2,3,1,99,20,0,0,1,13,89,0,0,16,0,18.75,,30,26,4,3,0,,33,52.38,2,0,0,167,46,3,0,1,,0,0,0,0,0.0,0,0,0,0,178,1,0,0,0,0,0,0,0,0,0,594.67,0.0,0,16,0,8,5,2,100.0,0,17,11,64.71,3,100,2,0,113,55.94,140,291,403,694,139.3,16,2,955,15,4,0
Michy Batshuayi,147745,Beşiktaş JK,3050,turkey,2122,2421,33,28,6.96,14,3,17,,,20,1,33.33,166,23,76.67,291,147,437,75.74,40,43.48,52,0,2,0,,2,14,31,1,18,33,0,0,44,13,175,0,0,39,0,14.14,,33,28,5,12,2,,87,41.43,0,0,6,140,5,28,2,39,,0,0,6,0,66.67,0,4,0,0,311,29,0,0,11,0,0,0,0,0,0,172.93,0.0,0,77,22,27,41,41,56.16,0,6,3,50.0,28,32,73,3,127,42.05,30,408,172,577,229.7,99,3,1027,40,6,0
Bilal Bayazit,825850,Kayserispor,3072,turkey,2122,450,5,5,6.96,0,0,0,,,7,0,0.0,7,45,50.0,27,56,83,64.34,0,0.0,0,0,0,0,,0,0,0,0,2,5,0,0,0,0,0,0,0,0,0,0.0,,10,10,0,0,0,,1,100.0,0,0,0,46,0,0,0,0,,0,0,0,0,0.0,1,0,0,0,47,0,0,0,0,1,14,9,23,1,4,0.0,0.0,0,0,0,0,0,0,0.0,1,1,0,0.0,0,12,0,0,1,100.0,90,60,69,129,34.8,0,0,181,0,1,0
Okan Kocuk,190179,Giresunspor,5765,turkey,2122,2880,32,32,6.96,0,0,0,,,102,0,0.0,28,221,38.24,142,376,518,58.73,7,87.5,1,0,0,0,,0,0,0,9,20,32,1,0,0,0,1,2,0,0,0,0.0,,38,35,3,0,0,,4,100.0,0,13,0,364,0,0,0,0,,0,0,0,0,0.0,8,0,4,0,369,0,12,0,0,5,53,39,94,1,21,0.0,0.0,0,0,0,0,0,0,0.0,5,1,0,0.0,0,217,0,0,11,91.67,578,443,439,882,222.7,0,3,1145,3,0,0
Welinton,76529,Beşiktaş JK,3050,turkey,2122,1781,23,20,6.96,0,0,0,,,56,1,14.29,136,101,52.06,406,598,1003,83.17,63,61.17,40,0,0,0,,0,3,3,4,66,22,0,0,3,23,96,0,0,32,0,0.0,,29,26,3,0,0,,82,59.42,0,0,1,203,49,9,0,2,,0,0,0,1,0.0,0,0,0,0,227,2,0,0,0,0,0,0,0,0,0,0.0,0.0,0,15,3,12,3,2,100.0,0,59,44,74.58,9,114,2,7,145,60.17,194,552,661,1206,153.1,18,1,1513,22,10,0
Munir El Kajoui,141967,Hatayspor,3091,turkey,2122,3060,34,34,6.96,0,0,0,,,129,0,0.0,44,302,45.62,168,651,819,69.23,11,100.0,0,0,0,0,,0,0,0,8,26,34,0,0,0,0,1,1,0,1,0,0.0,,49,44,5,0,0,,11,91.67,0,24,0,364,1,1,0,0,,0,0,0,1,0.0,10,0,2,0,371,0,11,0,0,9,74,39,113,0,20,0.0,0.0,0,0,0,0,0,0,0.0,9,1,0,0.0,1,191,0,0,22,95.65,662,463,720,1183,236.6,0,1,1579,10,3,0
Djaniny,975869,Trabzonspor,3051,turkey,2122,1895,30,19,6.96,10,3,13,,,11,3,10.34,210,13,61.9,390,154,541,80.39,58,53.21,51,0,0,0,,6,8,7,3,11,29,0,0,44,9,171,0,0,31,0,23.81,,18,15,3,10,0,,99,45.21,0,0,1,132,10,26,4,9,,0,0,3,0,100.0,0,3,0,2,322,17,0,0,6,0,0,0,0,0,0,189.5,0.0,0,35,7,15,20,48,55.17,0,24,9,37.5,26,24,87,29,157,47.87,21,533,169,673,201.7,42,3,1104,28,4,0
Mustapha Yatabaré,51558,Sivasspor,3076,turkey,2122,2123,33,24,6.95,10,2,12,,,15,3,17.65,142,19,73.08,261,143,401,68.78,117,52.47,106,0,0,0,,6,5,8,0,11,33,0,1,23,18,190,0,0,47,0,16.95,,33,29,4,9,1,,47,35.88,5,0,2,182,5,15,3,30,,0,0,0,0,0.0,0,0,0,1,302,19,0,1,2,0,0,0,0,0,0,212.3,0.0,0,57,2,31,20,11,55.0,0,11,8,72.73,15,21,20,17,164,46.33,26,434,166,583,229.5,59,2,901,25,6,0
Naldo,243719,Antalyaspor,3056,turkey,2122,2709,36,29,6.95,4,0,4,,,53,0,0.0,33,96,48.73,265,1061,1326,87.07,57,54.29,48,0,0,0,,0,0,4,7,144,35,0,0,0,17,93,0,0,31,0,20.0,,39,33,6,4,0,,41,47.67,4,0,0,197,47,2,0,2,,0,0,0,0,0.0,0,0,0,0,210,1,0,0,0,0,0,0,0,0,0,677.25,0.0,0,19,1,7,9,2,50.0,0,34,21,61.76,2,97,4,1,98,51.31,197,367,1157,1523,243.4,20,1,1854,5,7,0
Ayoub El Kaabi,919793,Hatayspor,3091,turkey,2122,2453,32,29,6.95,18,2,20,,,13,1,10.0,151,20,54.05,271,160,430,76.92,51,36.43,89,0,0,0,,6,24,4,1,19,32,0,0,13,18,142,0,0,17,0,22.78,,41,39,2,17,1,,47,47.0,1,0,1,129,17,21,16,16,,0,0,1,2,100.0,0,1,0,0,226,12,0,0,1,0,0,0,0,0,0,136.28,0.0,1,72,7,32,43,13,54.17,0,19,9,47.37,21,32,24,10,98,40.83,37,383,186,559,222.5,79,1,886,15,2,0
Stefano Denswil,97404,Trabzonspor,3051,turkey,2122,1948,28,21,6.95,0,2,2,,,31,3,42.86,138,64,66.67,444,834,1275,92.53,48,71.64,19,0,0,0,,2,0,3,7,65,28,0,0,4,9,59,0,0,28,0,0.0,,17,14,3,0,0,,41,50.62,0,0,0,103,26,4,0,0,,0,0,0,2,0.0,0,0,0,0,140,3,0,0,0,0,0,0,0,0,0,0.0,0.0,0,10,1,8,0,2,40.0,0,32,15,46.88,4,51,5,7,89,60.14,96,512,873,1378,194.6,11,2,1663,8,3,0
Emirhan Aydoğan,829766,Alanyaspor,6362,turkey,2122,54,2,1,6.95,0,0,0,,,2,0,0.0,3,2,100.0,10,10,20,83.33,0,0.0,0,0,0,0,,0,0,0,0,1,2,0,0,0,2,3,0,0,1,0,0.0,,0,0,0,0,0,,6,66.67,0,0,0,4,0,1,0,0,,0,0,0,0,0.0,0,0,0,0,6,0,0,0,0,0,0,0,0,0,0,0.0,0.0,0,0,0,0,0,1,100.0,0,1,0,0.0,1,2,1,2,6,66.67,2,16,10,24,13.9,0,0,40,4,0,0
Domagoj Vida,51225,Beşiktaş JK,3050,turkey,2122,2395,28,28,6.95,1,0,1,,,43,0,0.0,142,71,53.38,545,890,1435,88.47,72,59.5,49,0,0,0,,0,6,3,7,75,28,0,0,2,8,81,1,2,22,0,6.25,,31,28,3,1,0,,48,60.0,1,0,1,187,51,4,0,2,,0,0,0,1,0.0,0,0,0,0,209,3,0,0,0,0,0,0,0,0,0,2395.0,0.0,0,16,0,9,4,2,50.0,0,19,13,68.42,4,76,4,2,120,59.7,133,649,975,1622,194.5,16,3,1913,27,6,0
Mostafa Mohamed,873551,Galatasaray,3061,turkey,2122,1118,27,10,6.95,7,3,10,,,6,4,66.67,72,2,28.57,120,64,180,67.42,74,56.06,58,0,0,1,,3,8,11,1,18,26,0,0,15,7,96,0,0,13,0,12.07,,18,12,6,7,0,,28,42.42,2,0,3,87,4,14,1,7,,0,0,1,0,0.0,0,0,0,0,145,12,0,0,4,0,0,0,0,0,0,159.71,0.0,0,52,6,24,23,8,61.54,0,9,5,55.56,14,10,13,6,102,51.52,7,199,74,267,180.6,58,1,479,11,4,0
Andreas Cornelius,183483,Trabzonspor,3051,turkey,2122,2430,37,28,6.95,15,3,18,,,13,1,25.0,233,4,26.67,360,114,473,71.88,109,63.01,64,0,0,0,,3,14,15,1,19,37,0,0,48,7,175,0,0,50,0,19.23,,27,23,4,15,0,,69,38.33,3,0,6,185,3,28,10,16,,0,0,0,0,0.0,0,0,0,1,332,15,0,0,2,0,0,0,0,0,0,162.0,0.0,0,73,5,32,31,17,56.67,0,8,4,50.0,28,24,30,4,178,50.42,15,514,148,658,257.0,78,2,1044,45,1,0
Enner Valencia,106456,Fenerbahçe,3052,turkey,2122,1081,25,9,6.95,7,6,13,,,8,2,14.29,110,7,77.78,167,61,226,77.93,23,40.35,34,0,0,0,,6,9,3,0,4,24,0,0,21,8,114,0,0,17,0,15.91,,12,7,5,7,0,,64,44.44,1,0,1,64,2,16,1,11,,0,0,1,0,100.0,0,1,0,1,186,13,0,0,5,0,0,0,0,0,0,154.43,0.0,2,35,9,20,21,23,38.33,0,19,7,36.84,16,17,60,14,87,43.28,9,238,66,290,166.7,44,0,589,23,1,0
Martín Rodríguez,312130,Altay,3070,turkey,2122,2125,29,25,6.94,3,1,4,,,27,38,30.16,241,23,54.76,421,172,555,77.41,14,41.18,20,0,0,0,,8,3,8,2,10,29,0,0,33,23,144,0,0,30,1,8.57,,32,30,2,1,2,,104,45.61,0,0,2,162,17,47,0,8,,0,0,0,0,0.0,0,0,0,0,401,18,0,0,3,0,0,0,0,0,0,708.33,25.0,4,17,18,7,20,56,57.14,0,24,15,62.5,47,45,98,126,118,45.04,42,629,214,717,201.4,35,3,1265,24,4,0
Pedro Henrique,219190,Sivasspor,3076,turkey,2122,1902,25,24,6.94,8,2,10,,,30,19,32.76,104,49,72.06,224,147,352,74.58,28,53.85,24,0,0,0,,5,5,11,1,26,25,0,0,12,33,150,0,0,62,1,14.81,,27,25,2,7,1,,94,42.73,0,0,1,120,24,18,1,29,,0,0,5,0,100.0,0,5,0,1,271,13,0,1,7,0,0,0,0,0,0,237.75,100.0,1,39,15,22,21,34,56.67,0,34,23,67.65,18,42,60,58,122,44.85,68,350,180,472,173.6,54,1,905,26,5,1
Kerem Aktürkoğlu,903324,Galatasaray,3061,turkey,2122,2874,37,33,6.94,10,5,15,,,26,13,24.07,300,29,49.15,473,195,655,72.22,15,26.79,41,0,0,0,,16,4,25,1,9,37,0,0,62,44,235,0,0,22,1,12.82,,45,36,9,7,3,,172,46.99,2,0,2,252,21,54,2,4,,0,1,0,0,0.0,0,0,0,4,571,24,0,0,6,0,0,0,0,0,0,287.4,33.33,3,42,36,24,29,84,55.26,0,29,13,44.83,53,54,152,54,187,44.31,59,727,234,907,256.9,78,2,1637,59,5,0
Fabio Borini,89510,Fatih Karagümrük,4954,turkey,2122,1471,21,15,6.94,3,3,6,,,14,5,31.25,113,26,41.94,227,151,373,73.43,13,56.52,10,0,0,0,,2,2,7,1,25,21,0,0,18,17,94,0,0,34,0,6.52,,23,20,3,2,1,,74,46.84,0,0,0,135,13,19,0,2,,0,0,1,0,100.0,0,1,0,1,218,11,0,0,3,0,0,0,0,0,0,490.33,0.0,1,30,16,23,16,12,42.86,0,22,14,63.64,19,37,28,16,87,48.07,62,334,190,508,145.8,46,1,810,40,3,0
Benjamin Stambouli,105951,Adana Demirspor,3101,turkey,2122,2461,32,29,6.94,2,3,5,,,111,4,30.77,243,87,44.62,572,472,1040,78.14,24,64.86,13,0,0,0,,5,0,5,7,34,32,0,0,26,39,134,0,1,39,0,15.38,,32,27,5,2,0,,131,51.98,0,0,1,291,30,24,2,0,,0,0,0,0,0.0,0,0,0,1,392,15,0,0,0,0,0,0,0,0,0,1230.5,0.0,0,3,10,6,2,41,70.69,0,69,32,46.38,24,224,58,13,155,53.63,195,810,534,1331,222.1,13,1,1768,21,4,0
Florent Hadergjonaj,354860,Kasımpaşa,6063,turkey,2122,2956,33,33,6.94,2,3,5,,,69,31,24.03,332,82,41.0,565,443,977,74.13,13,44.83,16,0,0,1,,6,1,5,6,47,33,0,0,5,30,72,0,0,15,0,14.29,,49,38,11,2,0,,86,60.56,0,0,0,341,45,46,0,5,,1,0,3,0,66.67,0,2,0,0,534,10,0,0,2,0,0,0,0,0,0,1478.0,0.0,0,5,9,4,5,20,74.07,0,45,30,66.67,46,184,27,129,99,57.89,200,918,529,1318,229.0,14,3,2126,21,7,0
Magomed Shapi Suleymanov,800698,Giresunspor,5765,turkey,2122,2010,31,22,6.94,3,1,4,,,11,15,26.79,262,13,44.83,451,200,636,81.54,19,27.94,49,0,0,0,,2,4,12,0,13,31,0,0,19,20,113,0,1,17,0,5.77,,23,20,3,2,1,,111,63.43,0,0,0,144,9,37,2,2,,0,0,0,0,0.0,0,0,0,2,269,14,0,0,1,0,0,0,0,0,0,670.0,0.0,4,18,34,21,19,25,64.1,0,32,18,56.25,37,20,39,56,130,53.5,29,603,233,780,215.1,52,0,1186,54,4,0
Marcão,840951,Galatasaray,3061,turkey,2122,2277,26,26,6.94,0,0,0,,,43,0,0.0,111,96,57.83,469,978,1447,89.1,43,61.43,27,0,0,0,,1,0,1,4,78,26,0,1,4,28,89,1,0,29,0,0.0,,36,30,6,0,0,,103,62.42,0,0,0,177,48,8,0,0,,0,0,0,0,0.0,0,0,0,0,208,0,0,1,0,0,0,0,0,0,0,0.0,0.0,0,9,1,5,4,11,78.57,0,47,28,59.57,8,99,14,1,146,62.13,166,584,1041,1624,180.4,10,1,1981,47,9,0
Yunus Akgün,857738,Adana Demirspor,3101,turkey,2122,2609,34,31,6.94,8,9,17,,,16,14,14.58,281,12,41.38,497,178,661,82.63,13,37.14,22,0,0,0,,3,8,10,1,5,34,0,0,42,28,169,0,0,16,0,12.31,,34,32,2,7,1,,135,47.87,0,0,2,139,8,52,3,6,,0,0,0,0,0.0,0,0,0,4,439,31,0,0,5,0,0,0,0,0,0,326.13,0.0,1,35,30,23,32,68,51.13,0,17,10,58.82,52,37,133,96,148,46.69,29,701,195,800,235.9,65,2,1414,50,5,0
Fredy,845281,Antalyaspor,3056,turkey,2122,2401,37,26,6.93,6,4,10,,,57,21,22.83,272,51,54.26,534,396,909,79.11,11,25.0,33,0,0,1,,5,2,17,2,21,36,0,0,40,52,193,1,0,49,0,11.32,,35,31,4,5,1,,165,50.77,0,0,2,240,35,32,0,2,,0,0,3,2,66.67,0,2,0,0,447,21,0,0,6,0,0,0,0,0,0,400.17,0.0,2,18,35,17,19,36,62.07,0,82,50,60.98,32,118,58,92,176,47.7,94,777,464,1149,249.6,53,2,1762,47,7,0
Ahmetcan Kaplan,1064177,Trabzonspor,3051,turkey,2122,883,13,9,6.93,0,1,1,,,18,0,0.0,32,33,53.23,151,361,512,91.27,16,59.26,11,0,0,0,,1,0,0,1,43,12,0,0,3,1,22,0,0,8,0,0.0,,15,13,2,0,0,,28,71.79,0,0,0,49,12,2,0,0,,0,0,0,2,0.0,0,0,0,0,54,0,0,0,0,0,0,0,0,0,0,0.0,0.0,0,2,1,3,0,6,100.0,0,11,8,72.73,2,31,6,0,44,66.67,62,185,376,561,83.2,3,1,682,12,0,0
Famara Diédhiou,293115,Alanyaspor,6362,turkey,2122,1602,26,19,6.93,11,0,11,,,10,0,0.0,83,7,53.85,146,101,247,66.4,62,57.41,46,0,0,1,,1,10,5,0,21,26,0,0,15,8,99,0,0,19,0,22.92,,23,21,2,9,2,,56,51.38,0,0,1,125,0,14,3,9,,1,0,3,0,66.67,0,2,0,1,213,11,0,1,8,0,0,0,0,0,0,145.64,0.0,1,35,13,16,27,18,60.0,0,7,5,71.43,14,13,30,2,118,54.38,13,256,118,372,180.2,48,0,639,32,5,1
Nejc Skubic,41240,Konyaspor,3085,turkey,2122,3105,36,36,6.93,1,3,4,,,39,16,23.19,258,46,52.87,573,497,1054,82.6,42,54.55,35,0,0,0,,3,1,2,10,69,36,0,0,9,18,98,0,1,27,0,6.25,,40,35,5,1,0,,77,55.0,0,0,1,222,48,37,0,14,,0,0,0,1,0.0,0,0,0,0,425,8,0,0,1,0,0,0,0,0,0,3105.0,0.0,0,15,1,6,8,5,33.33,0,42,27,64.29,37,65,15,69,119,54.84,87,793,552,1276,249.5,16,0,1981,31,7,0
Daniel Candeias,41835,Alanyaspor,6362,turkey,2122,1555,35,18,6.93,3,4,7,,,25,25,21.01,176,17,38.64,313,154,442,71.99,8,28.57,20,0,0,0,,10,6,7,0,14,33,0,0,7,22,83,0,0,21,0,7.89,,32,26,6,3,0,,59,48.36,0,0,1,172,8,36,0,5,,0,0,0,0,0.0,0,0,0,1,325,16,0,0,3,0,0,0,0,0,0,518.33,0.0,1,21,17,16,15,14,48.28,0,35,25,71.43,36,60,29,119,67,44.67,44,548,185,614,228.7,38,0,988,10,1,0
Serge Aka,971563,Altay,3070,turkey,2122,310,7,3,6.93,0,1,1,,,7,0,0.0,33,10,58.82,85,71,156,80.41,3,50.0,3,0,0,0,,0,0,1,0,3,7,0,0,2,2,14,0,0,6,0,0.0,,5,4,1,0,0,,22,66.67,0,0,0,38,6,3,0,0,,0,0,0,0,0.0,0,0,0,0,46,4,0,0,0,0,0,0,0,0,0,0.0,0.0,0,1,1,0,1,4,80.0,0,17,11,64.71,3,14,5,1,25,64.1,17,109,86,194,48.5,2,0,244,1,0,0
Hasan Ali Kaldırım,39847,Başakşehir FK,3086,turkey,2122,1479,19,18,6.93,0,2,2,,,25,5,11.36,207,33,53.23,409,412,816,87.55,17,54.84,14,0,0,0,,2,0,4,5,32,18,0,0,4,7,41,0,0,12,0,0.0,,14,14,0,0,0,,35,56.45,0,0,0,116,20,16,0,5,,0,0,0,1,0.0,0,0,0,0,181,3,0,0,0,0,0,0,0,0,0,0.0,0.0,0,2,6,3,1,5,50.0,0,17,8,47.06,16,47,10,44,52,55.91,62,525,451,932,124.7,8,0,1234,13,3,0
Min-jae Kim,896569,Fenerbahçe,3052,turkey,2122,2674,31,31,6.93,1,0,1,,,50,1,50.0,77,88,53.99,429,1242,1670,89.02,53,62.35,32,0,0,0,,0,1,0,4,126,31,0,0,3,12,72,0,1,24,0,33.33,,30,22,8,1,0,,62,60.78,0,0,0,206,70,3,1,0,,0,0,0,0,0.0,0,0,0,0,236,2,0,1,0,0,0,0,0,0,0,2674.0,0.0,0,3,0,0,3,9,75.0,0,47,32,68.09,3,94,12,2,115,61.5,163,541,1337,1876,214.7,3,1,2248,6,4,1
Cherif Ndiaye,868268,Göztepe,3054,turkey,2122,2138,30,26,6.92,10,2,12,,,19,4,25.0,186,18,58.06,315,182,493,76.67,75,44.12,95,0,0,0,,4,10,4,0,19,30,0,1,61,17,229,0,0,40,0,20.41,,37,33,4,9,1,,103,43.46,1,0,3,150,10,26,3,8,,0,0,3,0,100.0,0,3,0,1,352,23,0,1,6,0,0,0,0,0,0,213.8,0.0,0,42,7,21,24,29,58.0,0,27,17,62.96,26,35,50,16,178,43.73,31,451,208,643,207.6,49,2,1116,48,3,0
Silviu Lung Jr.,44556,Kayserispor,3072,turkey,2122,2700,30,30,6.92,0,0,0,,,57,0,0.0,16,191,43.02,97,353,450,63.83,7,100.0,0,0,0,0,,0,0,0,8,27,30,0,0,0,0,0,2,0,0,0,0.0,,46,34,12,0,0,,9,100.0,0,6,0,255,0,0,0,0,,0,0,0,0,0.0,5,0,0,0,261,0,18,0,0,1,64,35,100,2,27,0.0,0.0,0,0,0,0,0,0,0.0,1,1,0,0.0,0,96,0,0,16,100.0,444,286,419,705,207.6,0,0,946,8,3,0
Ervin Zukanović,48543,Fatih Karagümrük,4954,turkey,2122,1788,21,20,6.92,0,1,1,,,64,2,66.67,104,56,47.46,383,973,1354,89.31,40,60.61,26,0,0,0,,3,1,4,5,75,20,0,0,2,7,50,4,1,13,0,0.0,,27,24,3,0,0,,36,60.0,0,0,0,162,26,6,0,0,,0,0,0,0,0.0,0,0,0,0,175,2,0,1,0,0,0,0,0,0,0,0.0,0.0,0,10,0,3,3,0,0.0,0,19,10,52.63,6,114,2,3,76,60.32,118,483,1036,1516,138.3,10,2,1723,18,4,1
Ertuğrul Ersoy,355004,Gaziantep FK,5138,turkey,2122,1831,23,21,6.91,0,1,1,,,44,1,25.0,62,68,46.26,193,577,769,82.16,41,64.06,23,0,0,0,,1,2,3,5,82,23,0,0,3,13,60,1,0,22,0,0.0,,31,29,2,0,0,,52,58.43,0,0,0,167,36,11,0,2,,0,0,0,2,0.0,0,0,0,0,186,4,0,0,0,0,0,0,0,0,0,0.0,0.0,0,22,0,15,4,3,75.0,0,42,26,61.9,11,100,4,4,93,60.78,147,303,637,936,159.0,22,1,1224,7,4,0
Gökhan Gönül,30137,Çaykur Rizespor,3064,turkey,2122,1910,25,22,6.91,1,1,2,,,33,19,30.16,129,35,37.23,283,386,650,78.41,27,48.21,29,0,0,0,,5,0,4,3,49,24,0,0,1,26,82,0,0,20,0,7.14,,35,34,1,1,0,,67,55.83,1,0,0,179,41,23,0,1,,0,0,0,1,0.0,0,0,0,0,292,11,0,1,0,0,0,0,0,0,0,1910.0,0.0,0,12,2,8,2,7,46.67,0,43,22,51.16,23,69,15,63,94,53.41,94,445,447,829,165.9,14,0,1323,19,3,1
Murat Akça,39551,Altay,3070,turkey,2122,2256,26,26,6.91,0,0,0,,,70,1,20.0,95,100,46.73,313,648,960,79.67,81,63.28,47,0,0,0,,1,2,3,6,96,26,0,0,3,19,102,0,0,35,0,0.0,,38,33,5,0,0,,69,55.65,0,0,1,245,55,6,0,1,,0,0,0,0,0.0,0,0,0,0,273,4,0,0,0,0,0,0,0,0,0,0.0,0.0,4,10,8,8,7,6,75.0,0,34,24,70.59,6,153,8,5,150,59.52,214,470,740,1205,179.7,18,2,1566,30,6,0
Juanfran,30745,Alanyaspor,6362,turkey,2122,3050,37,34,6.91,0,1,1,,,43,45,27.11,340,67,51.15,655,630,1240,82.94,24,45.28,29,0,0,0,,3,0,3,5,66,37,0,1,9,16,74,0,0,8,0,0.0,,51,43,8,0,0,,80,64.0,0,0,0,255,41,49,0,0,,0,2,0,0,0.0,0,0,0,0,477,11,0,1,0,0,0,0,0,0,0,0.0,0.0,0,4,11,7,5,18,60.0,0,42,27,64.29,47,80,30,166,104,58.43,131,958,703,1495,255.7,15,1,2271,20,1,0
Soner Aydoğdu,69351,Göztepe,3054,turkey,2122,2376,32,27,6.91,2,4,6,,,91,17,25.37,355,112,60.54,694,539,1216,84.44,10,29.41,24,0,0,1,,9,1,11,0,19,32,0,0,38,33,143,0,0,23,0,4.26,,44,38,6,2,0,,94,44.13,0,0,1,224,24,36,2,4,,0,1,2,0,50.0,0,1,0,0,372,21,0,0,0,0,0,0,0,0,0,1188.0,0.0,1,23,24,24,12,24,48.98,0,41,27,65.85,35,179,49,67,104,42.11,185,925,582,1440,221.1,47,0,1891,29,5,0
Caner Osmanpaşa,135941,Sivasspor,3076,turkey,2122,2791,32,31,6.91,1,0,1,,,31,5,45.45,33,74,50.0,179,846,1020,85.57,82,65.6,43,0,0,0,,1,2,2,5,88,32,0,0,9,6,79,1,0,18,0,9.09,,42,38,4,1,0,,58,61.7,1,0,0,172,50,3,0,0,,0,0,0,0,0.0,0,0,0,0,217,2,0,0,0,0,0,0,0,0,0,2791.0,0.0,0,11,0,6,3,3,50.0,0,44,27,61.36,3,64,6,11,140,63.93,148,276,927,1192,221.1,11,2,1551,12,2,0
Ronaldo Mendes,580826,Çaykur Rizespor,3064,turkey,2122,512,12,4,6.91,1,0,1,,,18,10,24.39,55,25,78.13,132,94,216,82.44,1,14.29,6,0,0,0,,1,0,2,0,2,12,0,0,12,12,41,0,1,11,0,10.0,,15,15,0,1,0,,51,59.3,0,0,0,46,4,12,0,0,,0,0,0,1,0.0,0,0,0,0,107,2,0,0,1,0,0,0,0,0,0,512.0,0.0,1,5,5,4,4,14,87.5,0,20,12,60.0,12,23,16,41,52,55.91,32,197,106,262,82.9,10,0,422,17,0,0
Sadık Çiftpınar,111811,Yeni Malatyaspor,24759,turkey,2122,1973,24,23,6.91,0,0,0,,,63,1,100.0,33,82,46.59,181,506,686,80.9,40,70.18,17,0,0,0,,0,1,1,4,101,24,0,0,1,9,43,1,0,17,0,0.0,,36,29,7,0,0,,52,66.67,0,0,1,162,36,3,0,0,,0,0,0,1,0.0,0,0,0,0,179,2,0,0,0,0,0,0,0,0,0,0.0,0.0,0,9,2,9,1,3,100.0,0,25,15,60.0,3,129,3,1,92,68.15,176,290,559,848,165.8,11,1,1131,25,8,0
Luiz Adriano,39438,Antalyaspor,3056,turkey,2122,1212,15,15,6.91,4,3,7,,,2,1,25.0,59,10,45.45,93,73,165,72.37,13,32.5,27,0,0,0,,4,1,5,0,16,15,0,0,19,9,73,0,0,17,0,20.0,,10,9,1,3,1,,52,53.06,0,0,1,63,5,17,0,5,,0,0,0,1,0.0,0,0,0,0,113,7,0,0,4,0,0,0,0,0,0,303.0,0.0,0,14,6,7,8,9,69.23,0,14,8,57.14,17,8,13,4,65,47.1,22,152,80,228,103.6,20,1,390,29,3,0
Uğur Demirok,43427,Kayserispor,3072,turkey,2122,1448,18,15,6.91,2,0,2,,,52,0,0.0,56,71,61.74,198,411,609,86.26,36,63.16,21,0,0,1,,0,2,0,4,87,18,0,0,2,6,39,1,0,10,0,25.0,,28,23,5,2,0,,27,60.0,1,0,0,97,15,4,0,1,,0,1,1,2,0.0,0,0,0,0,107,1,0,0,1,0,0,0,0,0,0,724.0,0.0,0,8,0,3,5,2,66.67,0,17,12,70.59,3,93,3,0,63,61.76,115,266,440,706,124.3,8,1,887,8,4,0
Stelios Kitsiou,189627,Gaziantep FK,5138,turkey,2122,2439,32,25,6.9,0,1,1,,,31,10,14.71,224,37,47.44,431,311,732,78.96,12,37.5,20,0,0,0,,2,0,14,7,19,32,0,0,17,44,141,0,0,34,0,0.0,,39,35,4,0,0,,160,56.94,0,0,3,195,22,24,0,4,,0,0,0,0,0.0,0,0,0,1,420,15,0,0,0,0,0,0,0,0,0,0.0,0.0,0,19,11,9,7,27,49.09,0,80,47,58.75,24,61,55,68,172,54.95,78,624,371,927,220.9,30,0,1689,53,9,0
Onur Bulut,142494,Kayserispor,3072,turkey,2122,2739,34,31,6.9,1,8,9,,,48,40,36.36,187,76,41.08,414,467,841,74.89,19,36.54,33,0,0,0,,6,0,4,6,54,33,0,0,19,34,134,0,2,27,0,6.67,,51,40,11,1,0,,124,55.11,0,0,1,282,44,42,0,1,,0,2,0,0,0.0,0,0,0,0,490,3,0,1,1,0,0,0,0,0,0,2739.0,0.0,0,7,8,3,8,41,66.13,0,60,41,68.33,40,110,62,110,143,51.62,185,669,564,1123,227.8,15,1,1974,23,4,1
Sokol Cikalleshi,81138,Konyaspor,3085,turkey,2122,2170,34,23,6.9,10,2,12,,,21,5,35.71,146,27,60.0,241,140,376,76.27,53,43.44,69,0,0,0,,3,4,21,3,14,34,0,0,58,24,211,0,0,44,0,12.99,,26,24,2,10,0,,64,31.07,2,0,3,117,6,28,4,20,,0,0,1,0,100.0,0,1,0,0,293,14,0,0,4,0,0,0,0,0,0,217.0,0.0,0,59,18,33,23,17,44.74,0,27,19,70.37,28,40,38,14,117,35.67,45,349,158,493,234.7,77,2,911,20,4,0
Veysel Sarı,98276,Antalyaspor,3056,turkey,2122,2960,35,33,6.9,2,1,3,,,85,1,14.29,138,125,40.72,389,1008,1396,80.18,82,65.08,44,0,0,0,,1,2,1,9,123,35,0,0,6,15,94,1,0,29,0,11.11,,42,35,7,2,0,,108,68.35,2,0,0,345,41,4,0,2,,0,0,0,2,0.0,0,0,0,0,387,0,0,0,0,0,0,0,0,0,0,1480.0,0.0,0,13,5,12,5,5,62.5,0,57,36,63.16,4,216,8,7,190,66.9,307,616,1132,1741,241.6,18,3,2141,46,5,0
Mahmoud Kahraba,333439,Hatayspor,3091,turkey,2122,296,11,3,6.9,1,4,5,,,5,5,38.46,29,6,50.0,44,16,55,66.27,1,25.0,3,0,0,0,,3,0,1,0,0,10,0,0,1,4,14,0,0,2,0,9.09,,9,8,1,0,1,,10,47.62,0,0,0,28,1,8,0,0,,0,0,0,0,0.0,0,0,0,0,57,3,0,0,1,0,0,0,0,0,0,296.0,0.0,0,6,5,6,4,6,54.55,0,4,0,0.0,8,13,11,13,11,44.0,12,78,18,83,69.0,11,1,153,0,0,0
Radamel Falcao,25682,Galatasaray,3061,turkey,2122,10,1,0,6.9,0,0,0,,,0,0,0.0,4,0,0.0,6,0,6,85.71,1,33.33,2,0,0,0,,1,0,0,0,0,1,0,0,1,0,4,0,0,1,0,0.0,,0,0,0,0,0,,0,0.0,0,0,0,1,0,1,0,0,,0,0,0,0,0.0,0,0,0,0,3,0,0,0,0,0,0,0,0,0,0,0.0,0.0,0,0,1,1,0,0,0.0,0,0,0,0.0,1,1,0,0,1,20.0,0,7,0,7,6.9,1,0,10,0,0,0
Onur Efe,1084702,Altay,3070,turkey,2122,9,1,0,6.9,0,0,0,,,0,0,0.0,0,0,0.0,0,2,2,100.0,0,0.0,0,0,0,0,,0,0,0,0,0,1,0,0,0,0,0,0,0,0,0,0.0,,0,0,0,0,0,,1,100.0,0,0,0,0,1,0,0,0,,0,0,0,0,0.0,0,0,0,0,0,0,0,0,0,0,0,0,0,0,0,0.0,0.0,0,0,1,0,1,0,0.0,0,0,0,0.0,0,0,0,0,1,100.0,0,0,2,2,6.9,1,0,5,1,0,0
Efecan Karaca,60510,Alanyaspor,6362,turkey,2122,2791,34,33,6.9,5,12,17,,,19,11,20.0,368,23,65.71,643,409,1041,85.47,10,22.73,34,0,0,0,,15,13,7,3,8,34,0,1,40,39,164,0,0,27,0,10.87,,45,40,5,5,0,,144,52.55,0,0,3,177,10,56,0,15,,0,0,1,0,100.0,0,1,0,1,370,19,0,1,5,0,0,0,0,0,0,558.2,0.0,0,30,16,24,15,34,54.84,0,44,21,47.73,56,32,62,55,154,48.43,35,829,444,1218,234.5,46,3,1718,66,4,0
Aleksandar Pešić,41069,Fatih Karagümrük,4954,turkey,2122,2482,31,28,6.9,14,4,18,,,9,1,14.29,124,10,47.62,212,159,370,70.48,15,26.79,41,0,0,1,,6,19,17,6,15,31,0,0,27,3,123,0,0,26,0,18.42,,33,28,5,13,1,,80,49.38,4,0,3,155,3,32,3,15,,0,0,3,0,66.67,0,2,0,0,343,16,0,0,6,0,0,0,0,0,0,177.29,0.0,1,64,12,22,37,30,46.15,0,6,2,33.33,32,14,65,7,95,43.58,21,340,192,525,213.8,76,2,936,44,3,0
Emrah Başsan,174141,Kayserispor,3072,turkey,2122,1950,31,25,6.9,5,5,10,,,31,29,19.73,154,32,48.48,280,148,399,69.76,10,41.67,14,0,0,0,,6,2,11,0,14,30,0,0,30,34,127,0,0,18,0,12.2,,36,29,7,4,1,,108,48.87,1,0,3,173,25,37,2,16,,0,0,0,0,0.0,0,0,0,1,434,13,0,0,2,0,0,0,0,0,0,390.0,0.0,9,15,26,14,16,23,41.07,0,35,17,48.57,37,72,56,147,118,48.16,66,529,190,572,206.9,41,1,1144,51,1,0
Hüseyin Türkmen,913994,Trabzonspor,3051,turkey,2122,715,13,9,6.89,0,1,1,,,16,0,0.0,20,30,44.12,148,327,475,84.82,14,43.75,18,0,0,0,,1,1,0,3,31,12,0,0,0,3,27,0,0,6,0,0.0,,4,4,0,0,0,,15,62.5,0,0,0,85,16,2,0,0,,0,0,0,0,0.0,0,0,0,0,90,0,0,1,0,0,0,0,0,0,0,0.0,0.0,0,3,1,1,3,2,100.0,0,7,3,42.86,2,35,2,2,29,51.79,68,201,361,560,82.7,4,0,649,6,4,1
Bright Osayi-Samuel,791616,Fenerbahçe,3052,turkey,2122,2370,31,27,6.89,1,3,4,,,7,2,9.09,232,17,73.91,458,431,887,88.35,8,27.59,21,0,0,0,,5,1,5,8,13,31,0,0,43,12,136,0,0,38,0,4.17,,24,16,8,1,0,,160,58.18,0,0,0,117,28,22,1,0,,0,0,0,0,0.0,0,0,0,0,279,11,0,0,0,0,0,0,0,0,0,2370.0,0.0,0,20,4,8,11,72,75.0,0,41,22,53.66,22,16,96,22,168,55.26,23,560,466,1004,213.6,24,0,1596,47,4,0
Doğucan Haspolat,846087,Kasımpaşa,6063,turkey,2122,2078,31,22,6.89,1,1,2,,,30,9,45.0,148,39,38.24,329,392,712,82.12,19,52.78,17,0,0,0,,2,0,7,5,38,30,0,0,11,38,121,0,0,53,0,5.0,,31,25,6,1,0,,115,52.51,0,0,0,155,66,11,1,0,,0,0,0,0,0.0,0,0,0,0,209,16,0,0,0,0,0,0,0,0,0,2078.0,0.0,3,4,16,9,4,16,76.19,0,55,33,60.0,11,66,21,20,134,52.55,102,451,436,867,206.7,20,0,1247,44,5,0
Günay Güvenç,103457,Gaziantep FK,5138,turkey,2122,3100,35,35,6.89,0,0,0,,,151,0,0.0,29,266,46.58,111,573,684,68.81,18,100.0,0,0,0,0,,1,0,0,9,28,35,0,0,0,2,2,1,2,1,0,0.0,,50,45,5,0,0,,3,60.0,0,15,0,310,0,2,0,0,,1,0,0,0,0.0,9,0,2,0,319,0,16,0,0,18,64,38,104,3,23,0.0,0.0,0,0,0,0,0,1,100.0,18,0,0,0.0,2,215,1,1,21,91.3,571,345,650,994,241.1,0,2,1290,6,3,0
Mario Gavranović,49351,Kayserispor,3072,turkey,2122,1722,26,21,6.89,10,4,14,,,10,0,0.0,107,14,48.28,172,131,303,75.94,17,42.5,23,0,0,0,,2,4,4,0,11,26,0,0,28,12,113,0,0,35,0,25.0,,33,24,9,9,1,,43,32.33,2,0,1,96,5,21,1,27,,0,0,0,0,0.0,0,0,0,0,192,7,0,1,7,0,0,0,0,0,0,172.2,0.0,0,31,9,17,19,11,36.67,0,17,8,47.06,21,23,30,2,60,34.68,29,256,145,399,179.1,40,3,631,15,0,1
Yusuf Sarı,896364,Çaykur Rizespor,3064,turkey,2122,1110,28,7,6.89,4,2,6,,,18,10,20.41,98,21,72.41,201,92,283,81.56,7,46.67,8,0,0,0,,1,2,6,1,2,25,0,0,11,19,67,0,0,14,0,19.05,,18,16,2,3,1,,74,55.64,0,0,1,64,4,18,4,3,,0,0,0,0,0.0,0,0,0,0,179,8,0,0,0,0,0,0,0,0,0,277.5,0.0,1,6,15,3,12,31,62.0,0,26,13,50.0,18,25,50,49,81,54.73,29,293,103,347,172.2,21,1,610,17,1,0
Tayyip Talha Sanuç,851909,Adana Demirspor,3101,turkey,2122,2065,26,23,6.89,1,1,2,,,37,0,0.0,89,56,59.57,327,768,1095,90.57,69,56.56,53,0,0,0,,1,1,2,3,84,25,0,0,4,5,84,0,0,17,0,9.09,,29,27,2,1,0,,29,48.33,0,0,0,114,24,7,1,4,,1,0,0,0,0.0,0,0,0,0,144,2,0,0,0,0,0,0,0,0,0,2065.0,0.0,0,11,0,8,1,7,58.33,0,13,7,53.85,7,59,12,1,98,53.85,94,388,822,1209,172.2,11,1,1446,9,3,0
Vitor Hugo,794838,Trabzonspor,3051,turkey,2122,2465,29,29,6.89,1,1,2,,,32,0,0.0,53,72,53.73,365,1100,1465,92.02,52,65.0,28,0,0,0,,1,4,3,10,98,29,0,1,2,14,66,0,0,22,0,4.55,,24,21,3,1,0,,44,53.66,0,0,1,127,45,2,1,3,,0,0,0,0,0.0,0,0,0,0,136,1,0,1,0,0,0,0,0,0,0,2465.0,0.0,0,21,1,13,6,0,0.0,0,34,18,52.94,2,66,0,0,96,59.26,134,447,1145,1592,199.7,22,2,1854,10,2,0
Furkan Bayır,1003161,Alanyaspor,6362,turkey,2122,1114,15,13,6.89,0,0,0,,,16,0,0.0,31,27,58.7,179,676,855,91.94,33,66.0,17,0,0,0,,0,0,2,2,43,14,0,0,5,6,46,0,2,18,0,0.0,,17,13,4,0,0,,24,45.28,0,0,0,75,17,1,0,0,,0,0,0,0,0.0,0,0,0,0,86,0,0,0,0,0,0,0,0,0,0,0.0,0.0,0,7,0,5,0,1,100.0,0,17,8,47.06,1,33,1,0,57,55.34,46,218,712,930,96.4,7,0,1064,6,2,0
Benjamin Tetteh,796324,Yeni Malatyaspor,24759,turkey,2122,2004,26,23,6.88,7,2,9,,,13,4,20.0,122,6,50.0,177,91,264,68.39,47,46.08,55,0,0,0,,3,8,12,0,22,26,0,0,39,7,165,0,0,39,1,10.94,,41,37,4,6,1,,97,46.86,1,0,4,122,2,27,1,35,,0,0,0,0,0.0,0,0,0,2,306,12,0,0,5,0,0,0,0,0,0,286.29,25.0,4,42,22,28,24,41,52.56,0,12,8,66.67,27,22,78,20,144,46.6,12,300,106,386,179.0,64,1,821,46,4,0
Fatih Aksoy,827922,Alanyaspor,6362,turkey,2122,2625,32,31,6.88,1,1,2,,,78,1,33.33,156,76,57.14,522,1041,1562,86.83,40,54.05,34,0,0,0,,1,0,1,6,91,32,0,0,12,27,112,0,1,33,0,11.11,,42,36,6,1,0,,100,56.18,1,0,0,237,21,6,0,0,,0,0,0,0,0.0,0,0,0,0,283,4,0,0,0,0,0,0,0,0,0,2625.0,0.0,0,6,3,5,3,14,63.64,0,60,36,60.0,6,147,22,3,140,55.56,133,659,1143,1799,220.3,9,1,2167,28,6,0
Furkan Soyalp,226992,Gaziantep FK,5138,turkey,2122,1521,26,18,6.88,3,3,6,,,26,10,31.25,128,30,52.63,232,151,373,69.98,29,42.65,39,0,0,0,,3,3,9,1,6,25,0,0,11,30,128,0,0,33,0,9.68,,22,18,4,2,1,,64,41.83,1,0,1,160,19,24,0,3,,0,0,0,0,0.0,0,0,0,1,249,16,0,0,2,0,0,0,0,0,0,507.0,0.0,1,19,12,10,12,11,34.38,0,41,26,63.41,24,53,32,32,93,42.08,57,377,188,533,172.1,31,1,832,12,3,0
Kristijan Bistrović,796658,Fatih Karagümrük,4954,turkey,2122,1127,18,13,6.88,1,1,2,,,15,0,0.0,101,25,67.57,212,158,370,85.25,3,23.08,10,0,0,0,,2,1,6,2,5,18,0,0,6,7,33,0,0,8,0,7.14,,14,13,1,1,0,,46,66.67,0,0,0,64,15,8,0,1,,0,0,0,0,0.0,0,0,0,0,98,2,0,0,1,0,0,0,0,0,0,1127.0,0.0,1,5,9,2,6,13,81.25,0,19,12,63.16,8,27,16,8,49,59.76,37,269,173,434,123.9,14,1,586,14,3,0
Ahmed Hassan,1143587,Konyaspor,3085,turkey,2122,1363,30,14,6.88,8,4,12,,,15,0,0.0,70,10,71.43,123,155,278,81.52,34,41.46,48,0,0,0,,5,9,7,3,10,28,0,0,11,10,94,0,0,21,0,16.67,,23,20,3,8,0,,35,43.21,3,0,7,63,2,10,2,6,,0,0,1,0,100.0,0,1,0,0,119,6,0,0,3,0,0,0,0,0,0,170.38,0.0,0,42,6,23,18,9,56.25,0,16,7,43.75,10,17,16,0,69,42.33,14,169,172,341,192.7,48,0,524,10,2,0
Majid Hosseini,359332,Kayserispor,3072,turkey,2122,2439,28,27,6.88,0,1,1,,,81,0,0.0,104,116,52.25,350,644,994,84.67,38,54.29,32,0,0,0,,4,1,4,5,113,28,0,0,7,17,78,0,1,19,0,0.0,,49,40,9,0,0,,59,56.19,0,0,1,180,39,7,0,0,,1,0,0,0,0.0,0,0,0,0,218,2,0,0,0,0,0,0,0,0,0,0.0,0.0,0,8,1,4,1,6,66.67,0,47,30,63.83,7,159,9,3,97,55.43,222,471,706,1174,192.7,9,4,1519,6,3,0
Emirhan İlkhan,1142612,Beşiktaş JK,3050,turkey,2122,634,11,7,6.88,1,0,1,,,7,5,31.25,59,8,40.0,110,59,164,76.64,7,26.92,19,0,0,0,,3,2,5,0,5,11,0,0,5,11,48,0,0,9,0,5.56,,9,9,0,1,0,,38,56.72,0,0,2,50,6,14,1,1,,0,0,0,0,0.0,0,0,0,0,97,9,0,0,0,0,0,0,0,0,0,634.0,0.0,0,7,11,8,5,10,58.82,0,12,5,41.67,14,19,17,16,45,48.39,20,158,72,214,75.7,18,0,365,16,0,0
Mert Çetin,858148,Kayserispor,3072,turkey,2122,822,10,10,6.88,1,0,1,,,21,0,0.0,7,30,50.85,51,185,236,82.23,13,56.52,10,0,0,0,,0,0,1,0,55,10,0,0,1,2,26,0,0,13,0,33.33,,17,12,5,1,0,,14,46.67,1,0,0,51,15,0,0,0,,0,0,0,1,0.0,0,0,0,0,61,0,0,0,0,0,0,0,0,0,0,822.0,0.0,0,3,0,1,1,1,33.33,0,7,6,85.71,0,28,3,0,27,50.94,59,80,207,287,68.8,3,0,409,6,2,0
Nazım Sangaré,169425,Fenerbahçe,3052,turkey,2122,1119,20,12,6.88,1,2,3,,,14,9,26.47,108,13,50.0,214,167,372,83.78,11,45.83,13,0,0,0,,2,0,1,2,20,19,0,0,5,14,50,0,0,14,0,11.11,,13,8,5,1,0,,53,58.89,0,0,0,72,28,14,0,0,,0,0,0,0,0.0,0,0,0,0,152,3,0,0,1,0,0,0,0,0,0,1119.0,0.0,0,6,3,4,4,6,46.15,0,34,19,55.88,14,25,13,34,64,56.14,26,293,185,444,130.7,9,0,776,13,3,0
Sebastian Holmén,228833,Çaykur Rizespor,3064,turkey,2122,2905,33,33,6.88,0,0,0,,,52,0,0.0,77,103,49.05,315,896,1211,84.21,59,60.82,38,0,0,0,,0,1,1,5,149,33,0,0,3,12,79,0,0,28,0,0.0,,64,60,4,0,0,,60,59.41,0,0,1,227,58,1,0,0,,0,0,0,1,0.0,0,0,0,1,252,0,0,0,0,0,0,0,0,0,0,0.0,0.0,0,5,0,3,1,2,100.0,0,42,21,50.0,1,112,2,6,119,60.1,210,449,995,1438,227.0,5,1,1861,17,8,0
Berkan Emir,344407,Göztepe,3054,turkey,2122,2352,32,27,6.88,1,5,6,,,25,62,23.31,209,34,32.38,436,309,683,76.4,28,58.33,20,0,0,0,,11,1,0,0,28,32,0,0,17,23,95,0,0,18,0,11.11,,49,42,7,1,0,,75,50.0,0,0,0,211,28,52,1,3,,0,0,1,2,100.0,0,1,0,0,554,14,0,0,0,0,0,0,0,0,0,2352.0,0.0,2,4,5,7,2,15,45.45,0,36,22,61.11,52,82,33,266,103,52.02,105,792,368,894,220.1,9,2,1711,24,9,0
Luiz Gustavo,29735,Fenerbahçe,3052,turkey,2122,1525,22,17,6.88,1,0,1,,,26,4,25.0,170,52,70.27,371,371,738,88.81,13,61.9,8,0,0,0,,0,0,6,6,14,21,0,0,17,19,84,0,0,35,0,7.14,,18,13,5,0,1,,72,48.65,0,0,1,93,22,10,1,1,,0,0,0,0,0.0,0,0,0,0,152,11,0,0,0,0,0,0,0,0,0,1525.0,0.0,0,1,13,3,5,13,65.0,0,39,28,71.79,10,47,20,16,85,50.3,74,458,389,831,144.4,14,1,1060,20,3,0
Mamadou Diarra,848055,Giresunspor,5765,turkey,2122,2496,28,27,6.87,1,0,1,,,47,0,0.0,77,93,53.45,395,854,1249,87.71,52,52.0,48,0,0,0,,0,1,2,7,71,28,0,0,4,20,97,0,0,24,0,10.0,,33,30,3,1,0,,71,59.17,1,0,0,175,42,5,0,1,,0,0,0,0,0.0,0,0,0,0,201,1,0,0,0,0,0,0,0,0,0,2496.0,0.0,0,10,0,6,2,5,55.56,0,39,19,48.72,5,95,9,2,123,55.91,174,489,937,1424,192.4,10,0,1730,27,4,0
Muhammed Şengezer,827418,Başakşehir FK,3086,turkey,2122,630,7,7,6.87,0,0,0,,,19,0,0.0,1,38,43.68,19,196,215,80.52,1,50.0,1,0,0,0,,0,0,0,3,3,7,0,0,0,0,1,0,1,0,0,0.0,,5,5,0,0,0,,0,0.0,0,8,0,52,0,0,0,0,,0,0,0,0,0.0,0,0,0,0,52,0,2,0,0,0,9,6,15,0,0,0.0,0.0,0,0,0,0,0,0,0.0,0,0,0,0.0,0,35,0,0,1,50.0,87,51,216,267,48.1,0,0,336,0,1,0
Diego Rossi,831809,Fenerbahçe,3052,turkey,2122,1987,31,25,6.87,6,7,13,,,8,10,26.32,256,4,22.22,428,181,599,86.31,6,24.0,19,0,0,0,,4,6,6,4,4,31,0,0,28,18,106,0,0,16,0,11.76,,19,15,4,5,1,,63,42.0,0,0,3,95,9,28,0,7,,0,0,0,0,0.0,0,0,0,1,244,15,0,0,6,0,0,0,0,0,0,331.17,0.0,0,38,13,28,17,22,44.0,0,20,8,40.0,28,14,50,38,69,39.43,18,533,199,694,213.0,51,2,1060,21,2,0
João Figueiredo,841012,Gaziantep FK,5138,turkey,2122,2358,34,28,6.87,8,4,12,,,28,7,35.0,127,28,66.67,239,130,362,70.43,34,32.38,71,0,0,0,,7,9,12,3,20,34,0,0,29,23,188,0,1,47,0,11.59,,33,29,4,7,1,,85,42.08,1,0,1,152,4,23,1,11,,0,0,0,0,0.0,0,0,0,4,301,16,0,0,6,0,0,0,0,0,0,294.75,0.0,0,43,26,29,28,24,45.28,0,17,9,52.94,23,46,53,20,119,38.76,42,374,160,514,233.6,69,1,924,44,7,0
Kamil Ahmet Çörekçi,124728,Hatayspor,3091,turkey,2122,2526,30,28,6.87,0,3,3,,,67,16,18.6,182,103,52.02,426,540,950,79.23,21,36.84,36,0,0,0,,3,0,1,7,50,30,0,0,14,37,123,0,0,26,0,0.0,,43,38,5,0,0,,120,57.97,0,0,0,249,42,24,0,0,,0,1,0,2,0.0,0,0,0,0,436,4,0,0,0,0,0,0,0,0,0,0.0,0.0,0,1,1,0,1,19,61.29,0,82,44,53.66,23,147,31,86,141,53.41,198,675,610,1199,206.1,2,2,1955,19,4,0
Hamidou Traoré,333213,Giresunspor,5765,turkey,2122,2456,32,29,6.87,2,2,4,,,54,4,66.67,247,67,47.18,574,449,1019,82.24,29,50.88,28,0,0,0,,4,0,18,3,16,32,0,0,30,63,173,0,1,38,0,4.26,,33,29,4,2,0,,131,47.46,0,0,0,220,38,20,0,1,,0,0,0,0,0.0,0,0,0,0,316,15,0,1,2,0,0,0,0,0,0,1228.0,0.0,2,9,38,19,10,36,70.59,0,89,56,62.92,20,112,51,6,160,48.05,142,731,514,1239,219.8,47,0,1680,6,3,1
Samed Onur,980608,Fatih Karagümrük,4954,turkey,2122,83,8,0,6.87,1,0,1,,,3,0,0.0,11,2,100.0,15,14,29,78.38,2,28.57,5,0,0,0,,0,0,1,0,1,6,0,0,0,2,8,0,0,0,0,16.67,,0,0,0,1,0,,7,70.0,0,0,1,8,1,1,1,0,,0,0,0,0,0.0,0,0,0,0,13,0,0,0,0,0,0,0,0,0,0,83.0,0.0,0,5,1,3,2,3,75.0,0,1,1,100.0,1,4,4,0,9,52.94,2,19,18,37,41.2,6,0,63,3,0,0
Aaron Appindangoyé,785850,Sivasspor,3076,turkey,2122,255,4,3,6.87,0,1,1,,,4,0,0.0,8,9,39.13,19,67,86,81.13,8,57.14,6,0,0,0,,0,0,0,0,15,3,0,0,0,1,11,0,0,4,0,0.0,,4,4,0,0,0,,4,44.44,0,0,0,20,3,2,0,1,,0,0,0,1,0.0,0,0,0,0,22,0,0,0,0,0,0,0,0,0,0,0.0,0.0,0,1,0,0,1,2,100.0,0,2,2,100.0,2,11,2,0,12,52.17,23,30,76,106,20.6,1,0,138,0,1,0
Nabil Dirar,42102,Kasımpaşa,6063,turkey,2122,265,6,2,6.87,0,0,0,,,4,0,0.0,34,6,85.71,60,47,107,82.31,5,62.5,3,0,0,0,,0,0,1,0,2,6,0,0,0,1,8,0,0,3,0,0.0,,2,2,0,0,0,,20,80.0,0,0,0,23,5,1,0,0,,0,0,0,0,0.0,0,0,0,0,43,1,0,0,0,0,0,0,0,0,0,0.0,0.0,0,1,0,0,0,3,75.0,0,8,3,37.5,1,7,4,6,25,75.76,7,82,54,130,41.2,1,0,196,9,0,0
Jonas Svensson,98199,Adana Demirspor,3101,turkey,2122,2901,33,33,6.86,0,2,2,,,35,8,21.62,288,34,40.96,551,501,1044,82.99,27,55.1,22,0,0,0,,3,1,1,6,30,33,0,0,13,24,100,1,0,30,0,0.0,,40,35,5,0,0,,119,60.41,0,0,1,214,54,36,0,2,,0,0,0,1,0.0,0,0,0,0,334,11,0,0,0,0,0,0,0,0,0,0.0,0.0,0,4,4,4,3,18,62.07,0,69,40,57.97,36,73,29,37,146,59.35,83,717,578,1258,226.5,8,0,1933,32,4,0
Güven Yalçın,826162,Beşiktaş JK,3050,turkey,2122,983,30,10,6.86,6,3,9,,,9,0,0.0,121,3,25.0,169,57,226,74.1,9,50.0,9,0,0,0,,4,1,8,1,5,27,0,0,49,9,111,0,0,24,0,15.0,,19,17,2,6,0,,45,30.61,1,0,0,79,8,19,2,1,,0,0,0,0,0.0,0,0,0,0,220,17,0,0,3,0,0,0,0,0,0,163.83,0.0,1,24,16,12,20,28,57.14,0,11,7,63.64,19,17,49,14,54,32.73,12,246,73,305,185.3,40,2,575,6,3,0
Rıdvan Yılmaz,910086,Beşiktaş JK,3050,turkey,2122,2048,27,23,6.86,3,4,7,,,35,17,21.25,178,30,38.46,390,345,718,75.82,16,88.89,2,0,0,0,,5,1,6,4,30,27,0,0,14,22,87,0,0,19,0,14.29,,26,22,4,3,0,,84,49.7,0,0,0,229,32,20,2,0,,1,0,0,0,0.0,0,0,0,0,432,8,0,0,1,0,0,0,0,0,0,682.67,0.0,0,12,9,10,5,31,50.0,0,43,22,51.16,20,91,62,80,100,53.48,78,595,432,947,185.3,21,1,1619,10,4,0
Sofiane Feghouli,37240,Galatasaray,3061,turkey,2122,997,21,12,6.86,2,4,6,,,22,11,28.21,163,27,62.79,309,138,436,83.85,7,33.33,14,0,0,0,,6,6,2,0,3,21,0,0,14,9,53,0,0,12,0,8.7,,13,10,3,1,1,,22,36.07,0,0,0,84,6,22,1,3,,0,0,0,0,0.0,0,0,0,0,160,8,0,0,1,0,0,0,0,0,0,498.5,0.0,0,14,9,10,11,8,61.54,0,9,3,33.33,22,43,13,39,29,35.37,43,413,146,520,144.1,23,0,686,5,1,0
Sam Adekugbe,362042,Hatayspor,3091,turkey,2122,2934,34,34,6.86,0,2,2,,,37,23,24.21,226,47,61.04,492,553,1022,84.88,46,62.16,28,0,0,0,,5,0,2,7,77,34,0,0,5,14,84,0,0,23,0,0.0,,43,39,4,0,0,,73,56.59,0,0,0,182,30,32,0,6,,0,0,0,1,0.0,0,0,0,0,364,7,0,1,0,0,0,0,0,0,0,0.0,0.0,0,6,6,10,0,16,47.06,0,36,21,58.33,32,62,34,95,119,58.62,77,681,618,1204,233.3,12,1,1931,22,7,1
Berkay Özcan,806964,Başakşehir FK,3086,turkey,2122,2490,35,30,6.86,3,1,4,,,32,9,39.13,323,41,71.93,624,375,990,89.59,17,48.57,18,0,0,0,,2,4,8,1,7,35,0,0,32,15,102,0,1,16,0,6.82,,28,26,2,2,1,,102,54.84,0,0,1,115,9,34,0,6,,0,0,0,0,0.0,0,0,0,0,245,17,0,0,3,0,0,0,0,0,0,830.0,0.0,2,21,23,14,22,46,67.65,0,32,21,65.63,34,41,68,23,119,53.85,57,726,402,1105,240.1,44,2,1467,24,1,0
Abdulkadir Parmak,344225,Kayserispor,3072,turkey,2122,977,17,11,6.86,1,2,3,,,6,1,12.5,92,10,66.67,239,200,438,87.6,6,50.0,6,0,0,0,,3,0,2,1,6,15,0,0,15,10,49,0,0,8,0,14.29,,22,19,3,0,1,,67,60.91,0,0,0,62,12,6,0,0,,0,0,0,0,0.0,0,0,0,0,109,4,0,0,1,0,0,0,0,0,0,977.0,0.0,0,2,5,2,3,17,60.71,0,29,16,55.17,6,9,28,8,73,59.84,15,283,225,500,102.9,7,0,673,21,1,0
Alexandru Cicâldău,827540,Galatasaray,3061,turkey,2122,2205,32,25,6.86,4,3,7,,,47,18,18.37,240,41,55.41,479,282,743,78.13,23,52.27,21,0,0,0,,1,4,17,2,17,32,0,0,16,31,111,0,0,29,0,8.7,,34,29,5,3,1,,82,47.67,0,0,2,208,19,35,0,2,,0,0,2,0,100.0,0,2,0,0,374,14,0,0,4,0,0,0,0,0,0,551.25,0.0,7,24,22,13,16,18,54.55,0,40,22,55.0,35,88,33,98,105,48.61,74,717,332,951,219.5,46,0,1377,25,7,0
Muammer Yıldırım,130582,Sivasspor,3076,turkey,2122,1080,12,12,6.86,0,0,0,,,32,0,0.0,16,96,48.73,69,121,190,65.29,2,100.0,0,0,0,0,,0,0,0,3,7,12,0,0,0,1,1,0,1,0,0,0.0,,16,13,3,0,0,,5,83.33,0,3,0,101,2,0,0,0,,0,0,0,0,0.0,2,0,0,0,104,0,1,0,0,2,15,22,37,1,5,0.0,0.0,0,0,0,0,0,0,0.0,2,0,0,0.0,0,52,0,0,7,87.5,197,147,144,291,82.3,0,1,435,7,1,0
Marcel Tisserand,338651,Fenerbahçe,3052,turkey,2122,1373,19,15,6.86,0,0,0,,,40,7,30.43,94,57,51.35,275,526,794,86.49,30,51.72,28,0,0,0,,1,1,1,7,49,19,0,0,3,5,58,0,0,21,0,0.0,,16,13,3,0,0,,27,47.37,0,0,0,124,17,6,0,0,,0,1,0,1,0.0,0,0,0,0,159,2,0,1,0,0,0,0,0,0,0,0.0,0.0,0,4,0,1,2,6,75.0,0,18,11,61.11,5,92,8,23,57,49.57,111,384,557,918,130.3,4,0,1106,3,3,1
Ahmet Oğuz,603902,Sivasspor,3076,turkey,2122,1912,26,23,6.86,1,0,1,,,60,16,30.77,135,57,46.34,321,291,596,77.81,19,54.29,16,0,0,0,,3,0,0,3,40,26,0,0,12,30,108,0,0,42,0,16.67,,27,24,3,0,1,,112,54.9,0,0,0,170,42,24,0,0,,0,0,0,1,0.0,0,0,0,0,325,5,0,0,1,0,0,0,0,0,0,1912.0,0.0,0,0,6,4,2,12,57.14,0,64,39,60.94,24,110,21,52,131,54.81,123,472,346,766,178.3,6,1,1311,36,7,0
Halil Dervişoğlu,930775,Galatasaray,3061,turkey,2122,1426,28,17,6.86,4,1,5,,,1,3,27.27,119,8,57.14,196,56,249,77.09,17,29.31,41,0,0,0,,4,9,6,0,6,27,0,0,35,6,133,0,0,18,0,7.55,,17,14,3,2,2,,112,54.9,1,0,0,74,6,20,2,2,,0,1,0,0,0.0,0,0,0,0,220,16,0,0,1,0,0,0,0,0,0,356.5,0.0,0,34,19,24,23,64,64.0,0,24,13,54.17,19,3,100,11,129,49.24,14,271,63,323,185.1,53,0,710,24,2,0
Obinna Nwobodo,887836,Göztepe,3054,turkey,2122,2504,29,29,6.86,0,1,1,,,45,3,30.0,241,73,52.14,545,534,1076,79.94,21,44.68,26,0,0,0,,1,0,2,1,27,29,0,0,19,64,171,0,0,55,0,0.0,,45,39,6,0,0,,165,53.23,0,0,0,270,55,17,0,0,,0,0,0,1,0.0,0,0,0,0,368,16,0,1,0,0,0,0,0,0,0,0.0,0.0,0,2,4,3,1,30,75.0,0,111,63,56.76,17,95,40,10,186,52.1,140,734,622,1346,198.8,6,1,1784,24,10,1
Filip Novák,12194,Fenerbahçe,3052,turkey,2122,1416,20,14,6.86,3,2,5,,,13,4,23.53,91,26,52.0,226,289,511,82.69,28,49.12,29,0,0,0,,0,3,2,3,30,20,0,0,4,7,61,0,0,20,0,18.75,,17,14,3,3,0,,36,52.94,0,0,1,107,16,10,2,1,,0,0,0,2,0.0,0,0,0,0,169,3,0,1,1,0,0,0,0,0,0,472.0,0.0,0,15,1,6,8,6,60.0,0,22,10,45.45,10,32,10,17,64,51.2,50,305,330,618,137.1,16,1,897,8,3,1
Awer Mabil,307082,Kasımpaşa,6063,turkey,2122,395,11,4,6.85,2,1,3,,,3,7,23.33,44,11,84.62,72,40,105,72.41,0,0.0,0,0,0,0,,1,1,5,0,0,11,0,0,2,7,15,0,0,3,0,18.18,,7,7,0,1,1,,17,53.13,0,0,1,40,2,9,0,0,,0,0,0,0,0.0,0,0,0,0,87,4,0,1,2,0,0,0,0,0,0,197.5,0.0,1,5,6,4,2,7,70.0,0,3,1,33.33,9,8,10,30,17,53.13,13,127,48,145,75.4,11,0,245,7,0,1
Campanharo,220094,Kayserispor,3072,turkey,2122,1318,22,14,6.85,0,0,0,,,15,9,39.13,84,32,54.24,234,309,534,83.83,19,79.17,5,0,0,0,,1,0,4,1,14,22,0,0,14,27,80,0,0,27,0,0.0,,21,19,2,0,0,,83,52.53,0,0,0,103,26,13,0,0,,0,0,0,1,0.0,0,0,0,0,154,6,0,0,0,0,0,0,0,0,0,0.0,0.0,0,6,8,8,2,11,57.89,0,48,40,83.33,13,38,19,23,102,56.04,59,313,347,637,150.8,14,1,893,24,7,0
Recep Niyaz,116944,Gaziantep FK,5138,turkey,2122,1897,29,22,6.85,1,1,2,,,52,9,40.91,192,63,57.27,448,366,805,85.64,14,40.0,21,0,0,0,,1,1,10,1,10,28,0,0,14,20,75,0,0,17,0,3.23,,31,27,4,1,0,,68,55.74,0,0,0,135,27,27,1,0,,0,0,0,0,0.0,0,0,0,0,195,8,0,0,0,0,0,0,0,0,0,1897.0,0.0,0,13,18,12,9,15,75.0,0,26,12,46.15,27,98,20,22,82,52.23,110,563,399,940,191.9,31,0,1205,27,4,0
Steven Caulker,73685,Gaziantep FK,5138,turkey,2122,2115,25,24,6.85,2,0,2,,,53,0,0.0,51,63,52.94,237,720,957,86.37,70,61.95,43,0,0,0,,1,2,6,6,96,25,0,0,0,3,55,0,0,11,0,14.29,,35,30,5,2,0,,22,64.71,1,0,2,151,23,3,0,0,,2,0,0,1,0.0,0,0,0,0,162,1,0,0,1,0,0,0,0,0,0,1057.5,0.0,0,14,0,6,2,3,75.0,0,18,10,55.56,3,91,4,2,92,62.59,119,335,775,1108,171.3,14,2,1335,1,3,0
Doğukan Sinik,796114,Antalyaspor,3056,turkey,2122,2317,32,29,6.85,3,5,8,,,23,9,20.45,211,38,55.07,330,152,473,74.61,15,51.72,14,0,0,0,,4,3,14,2,20,32,0,0,38,30,185,0,0,33,0,4.55,,31,27,4,1,2,,163,48.8,0,0,2,161,28,26,1,5,,0,0,0,0,0.0,0,0,0,1,408,19,0,0,2,0,0,0,0,0,0,772.33,0.0,0,30,36,33,19,78,51.32,0,39,18,46.15,26,48,152,44,178,49.04,69,495,183,634,219.2,66,3,1261,46,4,0
Erencan Yardımcı,989168,Alanyaspor,6362,turkey,2122,27,3,0,6.85,1,0,1,,,0,0,0.0,2,0,0.0,2,0,2,33.33,0,0.0,0,0,0,0,,0,1,1,0,0,2,0,0,1,0,3,0,0,1,0,33.33,,0,0,0,1,0,,3,50.0,0,0,0,4,0,1,0,1,,0,0,0,0,0.0,0,0,0,0,7,0,0,0,1,0,0,0,0,0,0,27.0,0.0,0,3,0,0,2,2,66.67,0,0,0,0.0,1,1,3,0,3,50.0,0,6,0,6,13.7,3,0,17,1,0,0
Christian Luyindama,867191,Galatasaray,3061,turkey,2122,657,8,7,6.85,1,0,1,,,12,0,0.0,31,23,54.76,126,331,457,88.57,22,53.66,19,0,0,0,,0,0,0,1,28,8,0,0,5,4,38,1,0,10,0,33.33,,8,6,2,1,0,,22,53.66,1,0,0,59,12,0,0,1,,0,0,0,0,0.0,0,0,0,0,75,0,0,0,0,0,0,0,0,0,0,657.0,0.0,0,3,0,2,1,7,70.0,0,11,5,45.45,0,24,10,0,44,53.66,42,165,351,516,54.8,3,0,614,4,3,0
Stefano Okaka,13148,Başakşehir FK,3086,turkey,2122,2663,31,29,6.85,12,3,15,,,8,0,0.0,177,13,86.67,310,136,446,79.36,51,50.0,51,0,0,0,,4,11,10,6,18,31,0,0,48,14,195,0,0,74,0,23.08,,28,26,2,12,0,,79,35.43,2,0,0,116,5,29,1,18,,0,0,0,0,0.0,0,0,0,0,285,19,0,0,9,0,0,0,0,0,0,221.92,0.0,0,50,2,18,24,23,46.94,0,13,6,46.15,29,14,49,0,130,40.0,15,392,170,562,212.3,52,1,971,44,7,0
Damjan Đoković,108740,Adana Demirspor,3101,turkey,2122,1750,30,19,6.85,4,0,4,,,42,3,23.08,156,51,52.58,359,481,837,83.2,43,63.24,25,0,0,0,,1,0,5,5,36,29,0,0,5,15,66,0,0,21,1,12.9,,32,31,1,3,1,,39,48.75,0,0,0,169,19,9,4,1,,0,0,3,0,100.0,0,3,0,0,194,6,0,0,0,0,0,0,0,0,0,437.5,33.33,3,10,21,16,10,3,75.0,0,24,13,54.17,9,80,4,13,82,55.41,97,497,522,1006,198.6,31,1,1206,12,1,0
Ángelo Sagal,588784,Gaziantep FK,5138,turkey,2122,1875,30,21,6.85,3,1,4,,,22,32,28.83,162,34,73.91,340,192,500,79.87,30,47.62,33,0,0,0,,8,5,11,0,20,30,0,0,27,27,131,0,0,23,0,7.89,,29,27,2,2,1,,86,46.74,0,0,3,126,23,33,3,8,,0,0,1,0,100.0,0,1,0,0,319,7,0,1,0,0,0,0,0,0,0,625.0,0.0,1,24,14,16,11,19,46.34,0,37,21,56.76,33,39,41,111,116,46.96,46,515,222,626,205.4,38,0,1162,30,5,1
Jeffrey Bruma,87223,Kasımpaşa,6063,turkey,2122,1327,15,15,6.85,0,0,0,,,20,0,0.0,50,54,56.25,203,460,663,87.24,34,66.67,17,0,0,0,,0,0,1,3,58,15,0,0,1,6,44,0,0,18,0,0.0,,23,19,4,0,0,,26,49.06,0,0,0,97,21,4,0,0,,0,0,0,0,0.0,0,0,0,0,106,0,0,0,0,0,0,0,0,0,0,0.0,0.0,0,1,0,0,0,1,33.33,0,17,12,70.59,4,46,3,1,60,57.69,96,266,495,760,102.7,1,0,910,8,2,0
Necip Uysal,43394,Beşiktaş JK,3050,turkey,2122,1559,27,18,6.85,0,1,1,,,25,4,44.44,97,39,50.0,317,445,758,86.23,38,73.08,14,0,0,0,,3,0,1,4,50,26,0,1,4,18,67,0,1,30,0,0.0,,16,14,2,0,0,,60,53.1,0,0,0,121,32,13,0,0,,0,0,0,1,0.0,0,0,0,0,141,3,0,1,0,0,0,0,0,0,0,0.0,0.0,0,7,1,4,3,8,80.0,0,39,27,69.23,13,55,10,9,98,59.39,78,405,483,879,178.0,8,0,1099,13,2,0
Harun Tekin,60635,Kasımpaşa,6063,turkey,2122,788,9,8,6.84,0,0,0,,,19,0,0.0,4,55,39.57,32,128,160,65.57,7,100.0,0,0,0,0,,0,0,0,1,12,9,0,0,0,0,0,1,0,0,0,0.0,,14,11,3,0,0,,1,100.0,0,4,0,84,0,0,0,0,,0,0,0,0,0.0,1,0,0,0,87,0,7,0,0,1,19,9,28,0,4,0.0,0.0,0,0,0,0,0,0,0.0,1,0,0,0.0,0,56,0,0,8,100.0,139,102,142,244,61.6,0,0,340,3,0,0
Danijel Aleksić,45377,Başakşehir FK,3086,turkey,2122,1646,32,16,6.84,6,2,8,,,26,13,36.11,207,34,62.96,393,299,679,83.52,27,54.0,23,0,0,0,,4,11,16,2,9,30,0,0,15,34,109,0,0,19,0,10.17,,15,14,1,6,0,,49,36.3,1,0,1,134,9,29,4,4,,0,0,2,0,100.0,0,2,0,1,232,13,0,0,1,0,0,0,0,0,0,274.33,0.0,5,42,17,25,18,13,39.39,0,27,14,51.85,29,54,33,36,76,41.08,54,519,330,813,205.3,59,1,1109,9,2,0
Buğra Çağıran,816071,Yeni Malatyaspor,24759,turkey,2122,720,13,10,6.84,2,0,2,,,14,4,28.57,67,20,55.56,142,102,240,78.69,4,26.67,11,0,0,0,,0,0,3,0,5,12,0,0,7,11,48,0,0,17,0,14.29,,24,22,2,1,1,,33,47.14,0,0,0,65,15,14,1,0,,0,0,0,0,0.0,0,0,0,0,101,7,0,0,1,0,0,0,0,0,0,360.0,0.0,2,2,12,3,8,5,71.43,0,21,9,42.86,14,29,7,14,37,43.53,36,199,120,305,82.1,14,0,438,7,2,0
Cemali Sertel,929956,Çaykur Rizespor,3064,turkey,2122,2256,30,26,6.84,1,1,2,,,25,13,20.97,156,29,35.8,329,302,618,76.2,29,56.86,22,0,0,0,,1,0,5,5,60,30,0,0,29,18,111,0,1,17,0,8.33,,36,35,1,0,1,,129,59.17,0,0,0,193,53,10,1,2,,0,0,0,0,0.0,0,0,0,0,396,9,0,0,0,0,0,0,0,0,0,2256.0,0.0,0,5,7,6,1,32,56.14,0,82,51,62.2,10,66,57,62,158,58.74,81,494,379,811,205.2,12,3,1584,15,2,0
Erdoğan Yeşilyurt,142541,Sivasspor,3076,turkey,2122,1995,33,20,6.84,1,3,4,,,28,29,25.44,128,32,37.21,293,193,457,71.97,18,46.15,21,0,0,0,,4,1,8,2,22,33,0,0,13,24,85,0,0,14,0,3.13,,29,25,4,1,0,,85,57.05,0,0,0,178,22,29,1,3,,0,0,0,0,0.0,0,0,0,0,394,7,0,0,0,0,0,0,0,0,0,1995.0,0.0,0,11,21,15,9,13,44.83,0,43,29,67.44,29,60,29,114,103,54.79,86,508,241,635,225.7,32,0,1184,29,7,0
Atiba Hutchinson,7721,Beşiktaş JK,3050,turkey,2122,1274,25,14,6.84,1,1,2,,,16,1,20.0,164,17,65.38,373,365,737,89.99,16,55.17,13,0,0,0,,4,0,2,0,17,24,0,0,17,7,52,0,0,11,0,14.29,,24,23,1,1,0,,49,55.68,0,0,1,82,18,20,0,0,,0,0,0,0,0.0,0,0,0,0,133,11,0,0,1,0,0,0,0,0,0,1274.0,0.0,0,4,3,3,2,4,44.44,0,24,11,45.83,20,28,9,5,65,55.56,26,431,393,819,164.1,7,1,1027,21,3,0
Victor Nelsson,846148,Galatasaray,3061,turkey,2122,3240,36,36,6.84,1,0,1,,,78,0,0.0,121,108,52.17,543,1304,1847,87.49,115,63.89,65,0,0,0,,1,3,3,8,141,36,0,0,3,12,105,0,1,28,0,5.26,,49,39,10,1,0,,65,61.9,0,0,0,264,29,3,0,1,,0,0,0,0,0.0,0,0,0,0,281,0,0,0,1,0,0,0,0,0,0,3240.0,0.0,0,19,0,9,7,0,0.0,0,28,18,64.29,3,145,0,2,180,63.16,207,704,1409,2111,246.1,19,0,2458,40,7,0
Sergen Piçinciol,897339,Giresunspor,5765,turkey,2122,787,16,7,6.84,0,0,0,,,15,0,0.0,23,28,46.67,89,204,293,81.62,10,34.48,19,0,0,0,,0,0,0,3,41,14,0,0,0,2,35,0,0,15,0,0.0,,8,8,0,0,0,,27,62.79,0,0,0,66,15,1,0,1,,0,0,0,0,0.0,0,0,0,0,76,0,0,0,0,0,0,0,0,0,0,0.0,0.0,0,3,0,2,1,4,80.0,0,21,13,61.9,1,39,5,2,37,51.39,60,131,230,359,95.7,3,1,483,2,4,0
Burak Bekaroğlu,802645,Fatih Karagümrük,4954,turkey,2122,2192,30,24,6.83,1,0,1,,,40,0,0.0,65,63,50.4,344,1054,1398,89.67,44,49.44,45,0,0,0,,0,0,0,6,101,30,0,1,3,12,79,1,1,20,0,33.33,,31,30,1,1,0,,48,58.54,1,0,1,161,35,4,0,1,,0,0,0,1,0.0,0,0,0,0,176,2,0,1,0,0,0,0,0,0,0,2192.0,0.0,0,2,1,2,1,10,76.92,0,29,18,62.07,4,90,13,0,92,53.8,125,435,1124,1559,205.0,3,3,1820,9,6,0
Mbwana Ally Samatta,825088,Fenerbahçe,3052,turkey,2122,162,3,2,6.83,0,0,0,,,0,0,0.0,15,0,0.0,18,7,25,86.21,5,33.33,10,0,0,0,,0,0,0,1,1,3,0,0,2,1,15,0,0,1,0,0.0,,0,0,0,0,0,,8,61.54,0,0,0,4,0,4,0,0,,0,0,0,0,0.0,0,0,0,0,17,3,0,0,0,0,0,0,0,0,0,0.0,0.0,0,1,1,2,0,4,80.0,0,3,1,33.33,4,0,5,1,13,46.43,0,23,7,29,20.5,2,0,57,1,0,0
Fernando Boldrin,849787,Çaykur Rizespor,3064,turkey,2122,1949,26,24,6.83,1,5,6,,,38,38,29.69,233,39,66.1,439,272,673,83.29,8,33.33,16,1,0,0,,9,1,12,1,4,26,0,0,47,19,127,0,0,19,0,3.03,,34,30,4,0,1,,99,47.14,0,0,1,135,8,46,1,2,,0,0,1,0,0.0,0,0,0,0,375,8,0,0,0,0,0,0,0,0,0,1949.0,0.0,8,7,26,11,10,38,58.46,0,16,6,37.5,46,60,65,128,107,45.73,59,633,303,808,177.6,33,1,1307,45,4,0
Aminu Umar,333087,Çaykur Rizespor,3064,turkey,2122,1356,26,14,6.83,1,1,2,,,11,6,21.43,145,15,51.72,269,186,449,76.49,16,50.0,16,0,0,0,,1,1,0,0,6,26,0,0,40,20,119,0,0,20,0,9.09,,25,24,1,1,0,,141,57.79,1,0,0,138,20,14,0,8,,0,0,0,1,0.0,0,0,0,1,281,16,0,0,0,0,0,0,0,0,0,1356.0,0.0,0,4,7,7,4,67,72.83,0,43,27,62.79,14,22,92,28,157,56.88,29,394,221,587,177.6,11,0,1007,32,3,0
Admir Mehmedi,37386,Antalyaspor,3056,turkey,2122,298,7,3,6.83,1,0,1,,,2,1,25.0,57,9,64.29,95,44,138,78.86,0,0.0,5,0,0,0,,0,0,1,0,0,7,0,0,5,3,19,0,0,5,0,25.0,,2,1,1,1,0,,17,54.84,0,0,0,37,3,5,0,1,,0,0,0,0,0.0,0,0,0,0,54,6,0,0,1,0,0,0,0,0,0,298.0,0.0,0,4,0,2,1,4,80.0,0,8,5,62.5,5,10,5,4,17,47.22,14,130,49,175,47.8,4,0,228,5,1,0
Lebogang Phiri,317179,Çaykur Rizespor,3064,turkey,2122,1005,16,10,6.83,0,2,2,,,19,1,14.29,105,25,67.57,269,252,520,89.04,4,28.57,10,0,0,0,,1,0,0,0,7,15,0,0,4,15,46,0,0,12,0,0.0,,20,18,2,0,0,,33,47.83,0,0,0,64,17,8,0,0,,0,0,0,0,0.0,0,0,0,1,96,2,0,0,0,0,0,0,0,0,0,0.0,0.0,0,1,5,3,3,11,68.75,0,13,9,69.23,8,28,16,7,37,44.58,37,314,277,584,102.4,6,1,718,9,4,0
Leandro Kappel,136269,Altay,3070,turkey,2122,2904,38,32,6.83,5,6,11,,,33,16,16.67,214,21,56.76,291,114,389,69.34,14,43.75,18,0,0,0,,11,6,11,0,4,38,0,0,47,24,200,0,0,63,0,8.06,,48,44,4,5,0,,133,42.22,1,0,4,172,16,45,3,5,,0,0,1,0,100.0,0,1,0,2,457,25,0,0,1,0,0,0,0,0,0,580.8,0.0,0,46,16,23,28,60,53.1,0,38,23,60.53,45,73,113,96,147,42.36,37,523,134,561,259.4,62,1,1200,35,3,0
Serginho,849301,Giresunspor,5765,turkey,2122,2753,35,33,6.83,4,3,7,,,20,10,13.16,284,19,39.58,449,159,598,72.05,7,19.44,29,0,0,0,,5,3,11,1,7,35,0,0,33,28,200,0,0,44,0,8.7,,33,30,3,4,0,,189,52.5,1,0,2,232,29,49,0,19,,0,0,0,0,0.0,0,0,0,0,508,23,0,0,3,0,0,0,0,0,0,688.25,0.0,0,32,14,20,15,74,50.68,0,53,32,60.38,49,63,146,76,196,49.49,48,704,202,830,238.9,46,0,1519,62,5,0
Berat Ayberk Özdemir,876857,Trabzonspor,3051,turkey,2122,1743,36,21,6.83,0,1,1,,,65,0,0.0,163,88,75.21,511,608,1119,89.23,26,72.22,10,0,0,0,,2,0,3,4,27,35,0,0,12,30,74,0,0,15,0,0.0,,24,23,1,0,0,,74,53.62,0,0,0,135,35,8,0,0,,0,0,0,0,0.0,0,0,0,0,182,4,0,0,0,0,0,0,0,0,0,0.0,0.0,0,4,6,7,0,12,63.16,0,50,23,46.0,8,96,19,2,100,57.47,117,595,661,1254,238.9,10,1,1507,13,2,0
Mustafa Pektemek,43643,Kayserispor,3072,turkey,2122,1106,27,12,6.83,3,2,5,,,5,1,14.29,94,4,100.0,175,87,261,74.79,45,45.92,53,0,0,0,,2,1,1,0,8,24,0,0,28,13,130,0,0,20,0,21.43,,22,16,6,3,0,,73,48.67,0,0,0,88,8,19,0,3,,0,0,0,0,0.0,0,0,0,0,201,13,0,0,3,0,0,0,0,0,0,368.67,0.0,0,13,1,6,7,28,58.33,0,24,12,50.0,19,8,48,7,118,47.58,4,255,101,349,163.8,14,0,626,23,1,0
Ersin Destanoğlu,913656,Beşiktaş JK,3050,turkey,2122,2791,32,31,6.82,0,0,0,,,62,0,0.0,17,153,44.35,66,528,594,75.19,7,77.78,2,0,0,0,,0,0,0,9,30,31,2,0,0,1,3,1,0,0,0,0.0,,35,31,4,0,0,,3,75.0,0,12,0,196,0,0,0,0,,0,0,0,0,0.0,6,0,2,0,205,0,10,0,0,20,43,21,65,4,14,0.0,0.0,0,0,0,0,0,0,0.0,20,0,0,0.0,0,118,0,0,10,76.92,345,219,571,790,211.5,0,0,1072,3,6,0
Halil Akbunar,217782,Göztepe,3054,turkey,2122,2505,32,29,6.82,4,4,8,,,25,21,16.8,257,25,52.08,431,169,579,74.14,27,32.53,56,0,0,0,,12,1,13,0,2,32,0,1,62,41,235,0,0,39,0,7.55,,53,45,8,4,0,,125,41.12,0,0,2,202,10,31,2,21,,0,0,0,0,0.0,0,0,0,2,528,23,0,1,2,0,0,0,0,0,0,626.25,0.0,0,36,17,21,19,51,57.3,0,45,24,53.33,31,60,89,125,152,39.28,48,709,197,781,218.3,53,0,1439,30,5,0
Alassane Ndao,1016033,Antalyaspor,3056,turkey,2122,938,15,14,6.82,3,0,3,,,3,3,13.64,75,11,61.11,136,92,225,81.82,0,0.0,9,0,0,0,,1,3,1,0,3,15,0,0,11,2,38,0,0,2,0,20.0,,7,6,1,3,0,,39,57.35,0,0,0,50,8,9,0,5,,0,0,0,0,0.0,0,0,0,1,120,6,0,0,3,0,0,0,0,0,0,312.67,0.0,0,12,3,7,7,11,42.31,0,19,8,42.11,9,8,26,22,39,50.65,18,193,104,275,102.3,15,0,445,9,2,0
Samba Camara,837301,Sivasspor,3076,turkey,2122,1242,19,14,6.82,0,0,0,,,19,0,0.0,24,46,50.0,130,373,503,85.25,22,56.41,17,0,0,0,,0,0,0,4,42,15,0,0,0,7,34,0,0,10,0,0.0,,19,17,2,0,0,,27,61.36,0,0,1,87,29,2,0,0,,1,0,0,0,0.0,0,0,0,0,96,1,0,0,0,0,0,0,0,0,0,0.0,0.0,0,2,0,2,0,2,100.0,0,19,12,63.16,2,44,2,2,49,59.04,92,191,401,590,102.3,2,0,724,6,1,0
Haris Hajradinović,254979,Kasımpaşa,6063,turkey,2122,2775,36,31,6.82,2,7,9,,,81,15,13.51,453,99,67.35,731,320,1036,79.69,11,40.74,16,0,0,0,,7,5,27,7,8,36,0,0,27,49,162,1,0,52,0,2.94,,44,34,10,2,0,,140,48.95,2,0,3,264,14,44,0,4,,0,0,0,1,0.0,0,0,0,0,477,30,0,1,0,0,0,0,0,0,0,1387.5,0.0,10,22,46,29,12,32,59.26,0,62,38,61.29,44,137,54,111,151,48.24,147,1028,383,1300,245.4,68,4,1837,46,4,1
Hayrullah Bilazer,852161,Giresunspor,5765,turkey,2122,1389,23,16,6.82,1,3,4,,,36,9,25.0,103,37,48.05,219,197,407,74.82,13,34.21,25,0,0,0,,3,0,1,4,29,19,0,0,10,19,80,0,0,20,0,20.0,,23,21,2,1,0,,75,57.69,0,0,0,137,26,10,0,1,,0,0,0,0,0.0,0,0,0,0,247,6,0,0,1,0,0,0,0,0,0,1389.0,0.0,0,4,1,2,2,11,61.11,0,41,29,70.73,10,77,18,36,88,52.38,77,336,244,544,129.5,5,1,953,24,2,0
Ryan Donk,14900,Kasımpaşa,6063,turkey,2122,2140,28,24,6.82,2,1,3,,,81,0,0.0,113,117,47.95,321,628,949,80.49,65,67.71,31,0,0,0,,1,0,3,5,74,26,0,0,6,20,87,0,1,29,0,12.5,,34,23,11,2,0,,58,50.88,0,0,0,230,36,6,0,1,,0,0,0,0,0.0,0,0,0,0,257,2,0,0,2,0,0,0,0,0,0,1070.0,0.0,0,14,2,8,5,7,77.78,0,28,18,64.29,6,166,9,0,123,58.57,244,471,708,1179,177.2,16,2,1440,23,7,0
Thaciano,872039,Altay,3070,turkey,2122,1719,28,19,6.81,3,1,4,,,30,1,16.67,113,30,47.62,265,324,588,84.97,38,57.58,28,1,0,0,,2,2,9,4,26,27,0,0,12,28,103,0,0,30,0,11.54,,24,21,3,3,0,,77,50.66,0,0,1,104,27,14,1,0,,0,0,1,0,0.0,0,0,0,0,163,6,0,0,2,0,0,0,0,0,0,573.0,0.0,0,13,13,8,9,19,73.08,0,37,25,67.57,14,52,26,6,115,52.75,63,342,356,692,184.0,26,0,968,21,4,0
Ravil Tagir,992551,Başakşehir FK,3086,turkey,2122,562,7,7,6.81,0,0,0,,,3,0,0.0,19,11,55.0,132,303,435,94.77,7,43.75,9,0,0,0,,0,1,0,1,23,7,0,0,1,5,19,0,0,2,0,0.0,,10,9,1,0,0,,13,56.52,0,0,0,24,9,1,0,0,,0,0,0,0,0.0,0,0,0,0,36,0,0,0,0,0,0,0,0,0,0,0.0,0.0,0,3,0,2,1,1,33.33,0,11,6,54.55,1,8,3,1,20,51.28,20,142,318,459,47.7,3,0,530,1,0,0
Tayfur Bingöl,255957,Alanyaspor,6362,turkey,2122,1580,30,14,6.81,3,10,13,,,22,2,11.11,139,33,60.0,274,403,675,87.1,26,48.15,28,0,0,0,,8,4,8,1,32,30,0,0,20,24,119,0,0,17,0,12.0,,33,29,4,2,1,,106,53.81,0,0,0,100,21,27,0,5,,0,0,0,0,0.0,0,0,0,0,221,12,0,1,3,0,0,0,0,0,0,526.67,0.0,0,16,9,9,8,45,59.21,0,37,23,62.16,27,33,76,18,132,52.59,55,347,446,775,204.4,25,1,1229,25,5,1
İbrahim Akdağ,847053,Kayserispor,3072,turkey,2122,2263,32,28,6.81,1,2,3,,,63,3,27.27,176,79,59.4,427,463,887,82.43,8,32.0,17,0,0,0,,1,0,4,4,16,32,0,0,13,48,144,1,0,60,0,7.14,,35,26,9,1,0,,122,49.0,0,0,1,189,26,14,0,0,,0,0,1,0,100.0,0,1,0,0,257,13,0,0,1,0,0,0,0,0,0,2263.0,0.0,0,2,12,6,4,15,68.18,0,69,39,56.52,14,105,22,11,130,47.45,133,567,520,1076,218.0,14,0,1397,39,11,0
Mounir Chouiar,845274,Yeni Malatyaspor,24759,turkey,2122,2099,26,25,6.81,3,4,7,,,21,16,30.77,225,30,61.22,396,215,595,79.23,20,54.05,17,0,1,0,,5,2,9,3,5,26,0,0,57,31,211,0,0,39,0,8.82,,33,27,6,3,0,,175,47.43,0,0,3,156,13,30,1,2,,0,0,1,0,0.0,0,0,0,0,421,11,0,0,2,0,0,0,0,0,0,699.67,0.0,0,22,12,12,13,107,60.45,0,46,21,45.65,30,41,177,52,195,48.03,49,545,258,751,177.1,34,2,1357,22,2,0
Wallace,800407,Yeni Malatyaspor,24759,turkey,2122,1583,18,18,6.81,0,0,0,,,60,1,100.0,37,74,49.01,145,489,633,82.53,25,60.98,16,0,0,0,,0,1,1,5,100,18,0,0,1,6,28,1,1,6,0,0.0,,31,28,3,0,0,,33,73.33,0,0,0,134,17,4,0,1,,0,0,0,0,0.0,0,0,0,0,144,0,0,0,0,0,0,0,0,0,0,0.0,0.0,0,10,0,7,2,0,0.0,0,20,10,50.0,4,110,0,1,58,67.44,151,238,530,767,122.6,10,0,979,13,3,0
Simon Deli,326419,Adana Demirspor,3101,turkey,2122,1399,19,16,6.81,0,1,1,,,29,1,100.0,39,52,50.0,196,458,653,84.04,33,61.11,21,0,0,0,,1,0,1,5,71,19,0,0,1,4,40,0,1,15,0,0.0,,19,16,3,0,0,,22,53.66,0,0,0,124,29,5,0,0,,1,0,0,2,0.0,0,0,0,0,135,0,0,0,0,0,0,0,0,0,0,0.0,0.0,0,2,0,1,0,1,33.33,0,20,13,65.0,5,62,3,1,55,57.89,104,267,511,777,129.4,2,1,941,1,2,0
Sherel Floranus,803021,Antalyaspor,3056,turkey,2122,940,18,9,6.81,1,0,1,,,6,6,54.55,47,24,52.17,115,191,300,83.1,8,47.06,9,0,0,0,,2,0,1,4,19,17,0,0,2,9,31,0,0,10,0,20.0,,10,6,4,1,0,,24,52.17,0,0,0,61,11,9,0,0,,0,0,0,1,0.0,0,0,0,0,101,6,0,0,1,0,0,0,0,0,0,940.0,0.0,0,4,1,1,3,2,50.0,0,18,13,72.22,9,22,4,11,32,50.79,46,159,213,361,115.7,5,0,571,4,2,0
Mergim Berisha,770083,Fenerbahçe,3052,turkey,2122,1010,22,10,6.81,4,1,5,,,2,4,22.22,74,2,66.67,120,47,163,72.12,27,36.99,46,0,0,0,,5,3,6,0,16,20,0,0,19,13,125,0,0,32,0,12.12,,14,11,3,3,1,,28,26.17,2,0,3,63,2,15,0,10,,0,0,0,0,0.0,0,0,0,1,140,6,0,0,2,0,0,0,0,0,0,252.5,0.0,2,29,4,19,8,3,15.79,0,11,4,36.36,15,6,19,18,55,30.56,3,186,58,226,136.1,33,1,428,14,2,0
Khaly Thiam,258157,Altay,3070,turkey,2122,2336,30,26,6.8,1,1,2,,,68,1,14.29,142,75,41.67,337,555,891,78.99,58,50.43,57,0,0,0,,1,0,2,3,54,29,0,0,7,17,118,0,0,34,0,5.88,,43,39,4,1,0,,81,57.04,0,0,1,237,56,17,1,1,,0,0,0,1,0.0,0,0,0,0,278,4,0,1,0,0,0,0,0,0,0,2336.0,0.0,0,15,2,11,4,13,76.47,0,46,27,58.7,17,163,17,7,139,54.09,180,510,625,1128,197.3,17,1,1459,22,5,1
Georges-Kévin N'Koudou,342909,Beşiktaş JK,3050,turkey,2122,560,16,6,6.8,4,0,4,,,6,2,11.76,115,10,62.5,173,59,230,85.19,1,33.33,2,0,0,0,,1,0,4,0,1,16,0,0,12,4,45,0,0,10,0,33.33,,9,9,0,4,0,,40,48.19,0,0,0,40,4,10,0,6,,0,0,1,0,100.0,0,1,0,1,112,2,0,0,4,0,0,0,0,0,0,140.0,0.0,1,7,5,3,5,14,45.16,0,14,9,64.29,10,16,31,17,41,47.67,16,224,63,270,108.8,12,1,430,12,1,0
Luka Stankovski,1063157,Gaziantep FK,5138,turkey,2122,85,4,1,6.8,1,0,1,,,0,1,100.0,10,0,0.0,17,5,21,75.0,2,100.0,0,0,0,0,,0,0,2,0,1,3,0,0,1,0,5,0,0,3,0,33.33,,3,3,0,1,0,,3,37.5,0,0,0,7,2,2,0,0,,0,0,0,0,0.0,0,0,0,0,11,0,0,0,0,0,0,0,0,0,0,85.0,0.0,0,3,0,0,1,1,50.0,0,1,1,100.0,2,0,2,1,5,50.0,1,24,5,28,20.4,3,0,47,1,0,0
Sadik Bas,859172,Hatayspor,3091,turkey,2122,937,19,11,6.8,0,3,3,,,12,8,17.02,72,14,34.15,132,112,236,71.95,12,42.86,16,0,0,0,,2,0,2,0,10,15,0,0,11,2,42,0,0,10,0,0.0,,19,17,2,0,0,,53,67.09,0,0,1,92,17,7,0,1,,0,0,0,0,0.0,0,0,0,0,176,4,0,0,0,0,0,0,0,0,0,0.0,0.0,1,2,8,6,2,18,81.82,0,22,13,59.09,7,38,22,47,65,60.75,41,235,140,328,102.0,10,0,592,13,1,0
Talha Karatas,1216028,Kayserispor,3072,turkey,2122,45,1,0,6.8,0,1,1,,,0,1,50.0,3,2,66.67,6,8,13,72.22,1,33.33,2,0,0,0,,0,0,0,0,0,1,0,0,0,0,3,0,0,0,0,0.0,,1,1,0,0,0,,0,0.0,0,0,0,5,0,1,0,0,,0,0,0,0,0.0,0,0,0,0,8,0,0,0,0,0,0,0,0,0,0,0.0,0.0,0,0,0,0,0,0,0.0,0,0,0,0.0,1,0,1,2,1,25.0,3,11,9,18,6.8,0,0,28,0,0,0
Mustafa Erdilman,1003335,Antalyaspor,3056,turkey,2122,12,1,0,6.8,0,0,0,,,1,0,0.0,1,2,66.67,2,1,3,75.0,0,0.0,0,0,0,0,,0,0,0,0,0,1,0,0,0,0,0,0,0,0,0,0.0,,0,0,0,0,0,,1,100.0,0,0,0,1,0,0,0,0,,0,0,0,0,0.0,0,0,0,0,1,1,0,0,0,0,0,0,0,0,0,0.0,0.0,0,0,0,0,0,0,0.0,0,1,1,100.0,0,2,0,0,1,100.0,3,3,1,4,6.8,0,0,6,0,0,0
Efe Arda Koyuncu,1148991,Başakşehir FK,3086,turkey,2122,90,1,1,6.8,0,0,0,,,1,0,0.0,5,1,33.33,10,38,48,88.89,0,0.0,1,0,0,0,,0,0,0,1,2,1,0,0,0,1,3,0,0,1,0,0.0,,0,0,0,0,0,,1,33.33,0,0,0,6,2,1,0,0,,0,0,0,0,0.0,0,0,0,0,6,0,0,0,0,0,0,0,0,0,0,0.0,0.0,0,0,0,0,0,0,0.0,0,1,1,100.0,1,3,0,0,1,25.0,3,15,39,54,6.8,0,0,60,0,0,0
Hijran Ali Boyaci,1216307,Adana Demirspor,3101,turkey,2122,18,1,0,6.8,0,0,0,,,2,0,0.0,2,1,100.0,4,10,14,100.0,1,100.0,0,0,0,0,,0,0,0,0,0,1,0,0,0,0,1,0,0,1,0,0.0,,0,0,0,0,0,,2,66.67,0,0,0,0,0,0,0,0,,0,0,0,0,0.0,0,0,0,0,0,0,0,0,0,0,0,0,0,0,0,0.0,0.0,0,0,0,0,0,1,100.0,0,1,1,100.0,0,2,1,0,3,75.0,1,4,10,14,6.8,0,0,17,0,0,0
Paweł Olkowski,122833,Gaziantep FK,5138,turkey,2122,116,2,1,6.8,0,0,0,,,2,3,60.0,7,0,0.0,19,20,36,66.67,3,60.0,2,0,0,0,,1,0,0,0,3,2,0,0,0,3,6,0,0,0,0,0.0,,3,3,0,0,0,,4,50.0,0,0,0,18,3,3,0,0,,0,0,0,0,0.0,0,0,0,0,25,1,0,0,0,0,0,0,0,0,0,0.0,0.0,0,0,1,1,0,0,0.0,0,3,2,66.67,3,3,1,5,7,53.85,4,30,29,54,13.6,1,0,91,1,0,0
Çağtay Kurukalıp,962620,Fenerbahçe,3052,turkey,2122,91,2,1,6.8,0,0,0,,,0,0,0.0,3,0,0.0,7,31,38,82.61,1,100.0,0,0,0,0,,0,0,0,1,2,1,0,0,0,0,5,0,2,2,0,0.0,,0,0,0,0,0,,7,58.33,0,0,0,8,0,0,0,0,,0,0,0,0,0.0,0,0,0,0,19,1,0,0,0,0,0,0,0,0,0,0.0,0.0,0,0,0,0,0,2,40.0,0,3,2,66.67,0,2,5,3,8,61.54,2,15,34,46,6.8,0,0,73,2,0,0
Murat Cem Akpinar,873813,Trabzonspor,3051,turkey,2122,47,2,1,6.8,0,0,0,,,3,0,0.0,6,2,100.0,13,19,32,84.21,0,0.0,1,0,0,0,,0,0,0,0,0,1,0,0,1,1,5,0,0,0,0,0.0,,0,0,0,0,0,,4,50.0,0,0,0,6,0,2,0,0,,0,0,0,0,0.0,0,0,0,1,10,0,0,0,0,0,0,0,0,0,0,0.0,0.0,0,0,0,0,0,2,50.0,0,0,0,0.0,2,4,4,0,4,44.44,2,16,22,38,6.8,0,0,47,2,0,0
İsmail Çokçalış,906050,Adana Demirspor,3101,turkey,2122,198,3,2,6.8,0,0,0,,,1,0,0.0,12,2,66.67,34,54,88,87.13,2,50.0,2,0,0,0,,0,0,0,1,2,3,0,0,2,2,9,0,0,2,0,0.0,,2,2,0,0,0,,10,58.82,0,0,0,13,8,0,0,0,,0,0,0,0,0.0,0,0,0,0,21,0,0,0,0,0,0,0,0,0,0,0.0,0.0,0,0,0,0,0,3,75.0,0,3,1,33.33,0,3,4,4,12,57.14,3,43,62,101,20.4,0,0,146,4,1,0
Alpaslan Öztürk,148857,Galatasaray,3061,turkey,2122,627,11,6,6.8,0,0,0,,,7,0,0.0,27,19,40.43,77,230,307,83.42,18,66.67,9,0,0,0,,0,1,2,2,28,10,0,0,4,2,24,0,0,7,0,0.0,,11,10,1,0,0,,23,60.53,0,0,0,61,8,4,0,0,,0,0,0,1,0.0,0,0,0,0,72,0,0,0,0,0,0,0,0,0,0,0.0,0.0,0,5,2,2,3,1,33.33,0,14,12,85.71,4,27,3,0,41,63.08,47,114,254,368,68.0,7,0,467,8,2,0
Adil Demirbağ,787949,Konyaspor,3085,turkey,2122,1642,30,19,6.8,0,0,0,,,32,1,100.0,44,63,58.33,207,630,836,88.28,39,52.7,35,0,0,0,,0,2,2,6,83,22,0,0,2,10,69,0,1,26,0,0.0,,27,23,4,0,0,,53,60.92,0,0,1,111,16,3,0,1,,1,0,0,2,0.0,0,0,0,0,125,0,0,0,0,0,0,0,0,0,0,0.0,0.0,0,11,1,8,2,2,100.0,0,35,22,62.86,3,59,2,1,92,57.14,108,269,679,947,149.6,12,1,1188,17,5,0
Emre Kılınç,202032,Galatasaray,3061,turkey,2122,1220,27,14,6.8,3,1,4,,,26,4,30.77,138,26,81.25,246,130,372,77.34,13,41.94,18,0,0,0,,4,1,6,0,10,27,0,0,11,25,86,1,0,19,0,13.04,,20,16,4,3,0,,65,48.87,0,0,0,109,7,18,1,3,,0,0,0,0,0.0,0,0,0,1,183,13,0,0,2,0,0,0,0,0,0,406.67,0.0,0,14,9,7,10,16,55.17,0,31,19,61.29,18,41,29,13,78,47.56,32,341,153,481,183.5,23,1,730,18,4,0
Britt Assombalonga,151512,Adana Demirspor,3101,turkey,2122,1750,37,15,6.79,10,1,11,,,4,1,20.0,100,5,50.0,161,49,209,72.32,34,40.96,49,0,0,2,,3,7,10,1,19,37,0,0,23,6,141,0,0,45,0,19.61,,24,21,3,9,1,,60,39.47,3,0,1,80,3,15,2,17,,0,0,4,0,50.0,0,2,0,2,200,7,0,0,4,0,0,0,0,0,0,175.0,0.0,0,39,12,14,27,34,56.67,0,4,2,50.0,15,8,60,5,94,40.0,10,236,58,289,251.4,51,2,591,22,4,0
Soner Dikmen,847782,Konyaspor,3085,turkey,2122,2535,37,32,6.79,3,4,7,,,63,4,20.0,157,92,56.79,422,534,952,85.38,16,37.21,27,0,0,0,,3,3,9,4,39,37,0,0,14,45,135,0,0,33,0,6.25,,30,25,5,2,1,,86,44.33,0,0,1,163,35,20,0,4,,0,0,0,0,0.0,0,0,0,0,251,3,0,0,3,0,0,0,0,0,0,845.0,0.0,0,24,24,23,16,14,41.18,0,40,20,50.0,20,127,34,20,102,43.04,162,549,586,1115,251.4,48,0,1489,32,5,0
Oğuz Ceylan,152758,Gaziantep FK,5138,turkey,2122,932,20,12,6.79,0,1,1,,,18,10,19.61,64,19,50.0,139,157,286,79.67,17,65.38,9,0,0,0,,1,1,2,2,22,17,0,0,7,12,43,0,1,8,0,0.0,,18,14,4,0,0,,48,58.54,0,0,0,73,17,12,0,0,,0,0,0,1,0.0,0,0,0,0,174,3,0,0,0,0,0,0,0,0,0,0.0,0.0,0,6,5,4,5,12,63.16,0,24,18,75.0,12,33,19,51,65,60.19,38,232,178,359,115.5,11,0,692,12,2,0
Uğur Çiftçi,142850,Sivasspor,3076,turkey,2122,2665,34,29,6.79,0,3,3,,,75,38,37.25,247,72,45.57,570,472,1004,79.75,18,52.94,16,0,0,0,,7,1,2,4,54,34,0,1,24,18,128,0,0,43,0,0.0,,40,36,4,0,0,,95,45.89,0,0,1,255,36,34,0,6,,1,0,0,1,0.0,0,0,0,0,486,9,0,2,0,0,0,0,0,0,0,0.0,0.0,1,3,4,5,0,16,35.56,0,67,46,68.66,34,156,45,102,113,46.89,158,815,546,1259,230.9,7,1,2042,12,4,1
Kerem Atakan Kesgin,857745,Sivasspor,3076,turkey,2122,1209,22,14,6.79,2,1,3,,,29,3,13.04,132,35,71.43,281,178,456,84.44,8,26.67,22,0,0,0,,2,1,4,0,5,22,0,0,20,9,96,0,0,28,0,8.0,,17,16,1,1,1,,69,48.25,0,0,0,84,16,16,1,1,,0,0,0,0,0.0,0,0,0,0,184,12,0,0,1,0,0,0,0,0,0,604.5,0.0,0,7,18,12,9,16,48.48,0,25,14,56.0,16,48,33,23,77,44.51,49,371,192,540,149.4,25,0,805,28,5,0
Jimmy Durmaz,37504,Fatih Karagümrük,4954,turkey,2122,1825,32,20,6.79,1,2,3,,,60,4,21.05,227,65,71.43,507,518,1021,85.51,7,31.82,15,0,0,0,,4,0,5,1,18,32,0,1,16,21,85,0,2,14,0,8.33,,23,20,3,1,0,,83,54.25,0,0,1,173,10,22,1,0,,0,0,0,0,0.0,0,0,0,0,268,11,0,1,0,0,0,0,0,0,0,1825.0,0.0,0,5,7,3,4,28,59.57,0,26,16,61.54,22,91,47,19,90,51.43,91,650,563,1194,217.2,12,0,1497,30,8,0
Selim Ay,116282,Çaykur Rizespor,3064,turkey,2122,1978,23,21,6.79,4,0,4,,,68,1,25.0,77,70,33.82,250,600,849,79.2,46,62.16,28,0,0,0,,0,1,2,4,98,23,0,0,2,8,60,0,1,24,0,40.0,,41,38,3,4,0,,46,58.97,2,0,0,223,25,3,0,1,,1,0,0,2,0.0,0,0,0,1,236,0,0,0,2,0,0,0,0,0,0,494.5,0.0,0,9,1,3,5,1,50.0,0,26,16,61.54,3,167,2,4,92,60.53,207,418,658,1072,156.1,10,3,1332,20,6,0
Younès Belhanda,72999,Adana Demirspor,3101,turkey,2122,1204,22,14,6.79,3,1,4,,,20,10,32.26,156,22,64.71,303,153,446,82.44,6,46.15,7,0,0,0,,5,1,6,0,6,21,0,0,19,17,59,0,0,13,0,15.79,,20,18,2,3,0,,35,40.23,0,0,0,95,10,31,0,1,,0,0,0,2,0.0,0,0,0,0,173,11,0,0,3,0,0,0,0,0,0,401.33,0.0,0,12,7,6,7,17,77.27,0,9,5,55.56,31,39,22,31,41,41.0,34,405,167,541,142.5,19,1,744,9,2,0
Ömer Bayram,68335,Galatasaray,3061,turkey,2122,945,21,8,6.79,0,2,2,,,18,25,25.25,111,18,42.86,247,230,452,84.64,7,43.75,9,0,0,0,,4,1,1,1,21,21,0,0,9,8,43,0,0,11,0,0.0,,16,13,3,0,0,,47,58.02,0,0,0,82,13,21,0,0,,0,1,0,1,0.0,0,0,0,0,205,5,0,0,0,0,0,0,0,0,0,0.0,0.0,0,4,1,2,2,14,63.64,0,18,9,50.0,20,37,22,99,54,55.67,42,375,258,534,142.5,5,1,893,15,4,0
Fatih Kurucuk,807093,Hatayspor,3091,turkey,2122,2358,28,25,6.79,0,1,1,,,47,1,50.0,45,65,45.77,230,702,931,84.18,46,46.94,52,0,0,0,,1,0,3,6,103,27,0,0,6,20,107,0,0,28,0,0.0,,45,40,5,0,0,,68,55.28,0,0,0,175,43,2,0,1,,0,0,0,0,0.0,0,0,0,0,189,2,0,0,0,0,0,0,0,0,0,0.0,0.0,0,8,1,2,4,3,60.0,0,46,26,56.52,2,96,5,2,114,51.58,142,333,775,1106,183.2,9,1,1408,20,7,0
Davide Biraschi,233252,Fatih Karagümrük,4954,turkey,2122,1171,14,13,6.78,0,1,1,,,24,3,21.43,58,42,53.85,153,334,484,85.36,16,61.54,10,0,0,0,,0,0,0,4,43,13,0,0,8,7,46,0,0,14,0,0.0,,17,16,1,0,0,,38,51.35,0,0,0,83,18,3,0,0,,0,0,0,1,0.0,0,0,0,0,127,1,0,0,0,0,0,0,0,0,0,0.0,0.0,0,3,0,2,1,8,53.33,0,17,7,41.18,3,54,15,14,54,54.0,78,213,368,567,88.2,3,0,801,13,1,0
Karim Hafez,577736,Yeni Malatyaspor,24759,turkey,2122,2306,31,24,6.78,0,0,0,,,64,32,23.36,200,70,46.98,394,353,715,78.92,10,34.48,19,0,0,0,,4,1,4,4,48,31,0,0,7,33,96,0,1,30,0,0.0,,43,39,4,0,0,,79,50.64,0,0,1,191,32,29,0,1,,0,0,0,3,0.0,0,0,0,0,399,4,0,0,0,0,0,0,0,0,0,0.0,0.0,3,7,6,7,2,22,62.86,0,34,18,52.94,29,126,35,137,89,48.11,149,628,415,906,210.3,13,0,1531,23,10,0
Berkan Kutlu,992912,Galatasaray,3061,turkey,2122,2854,35,33,6.78,0,3,3,,,40,6,31.58,281,75,55.56,672,647,1313,83.26,26,43.33,34,0,0,0,,3,2,17,5,24,35,0,1,18,50,164,0,0,59,0,0.0,,42,34,8,0,0,,115,46.94,0,0,0,264,29,33,0,1,,0,1,0,3,0.0,0,0,0,0,358,21,0,1,0,0,0,0,0,0,0,0.0,0.0,0,16,26,15,10,20,74.07,0,63,31,49.21,32,96,27,19,141,46.23,135,872,724,1577,237.4,42,0,2008,32,5,0
Leke James,226716,Sivasspor,3076,turkey,2122,428,12,4,6.78,2,0,2,,,1,0,0.0,30,0,0.0,46,27,73,68.22,24,60.0,16,0,0,0,,0,0,4,0,3,11,0,0,5,3,33,0,0,8,0,13.33,,3,3,0,2,0,,8,32.0,0,0,0,34,1,3,1,3,,0,0,0,0,0.0,0,0,0,0,62,1,0,0,1,0,0,0,0,0,0,214.0,0.0,0,14,1,5,6,2,50.0,0,3,2,66.67,3,2,4,5,32,49.23,3,80,32,107,74.6,15,0,179,5,0,0
Paul-José Mpoku,108580,Konyaspor,3085,turkey,2122,899,27,8,6.78,3,0,3,,,20,1,16.67,129,38,61.29,283,267,549,84.72,17,62.96,10,0,0,0,,1,1,7,0,10,26,0,0,9,12,56,0,0,21,0,13.04,,16,14,2,3,0,,50,52.08,0,0,0,99,9,15,1,1,,0,0,0,0,0.0,0,0,0,1,146,6,0,0,2,0,0,0,0,0,0,299.67,0.0,2,10,13,10,6,13,68.42,0,13,8,61.54,15,36,19,6,67,54.47,62,355,299,648,176.3,23,1,816,24,2,0
Franco Di Santo,18294,Göztepe,3054,turkey,2122,996,15,12,6.78,3,0,3,,,7,2,18.18,54,8,50.0,97,69,164,66.94,33,52.38,30,0,0,0,,1,6,5,0,8,15,0,0,8,6,69,0,0,25,0,9.68,,31,26,5,2,1,,20,33.9,0,0,1,81,1,6,1,6,,0,0,0,0,0.0,0,0,0,0,125,5,0,0,2,0,0,0,0,0,0,332.0,0.0,1,27,4,14,12,3,75.0,0,6,2,33.33,6,19,4,11,53,43.44,16,176,80,245,101.7,31,1,388,11,3,0
Attila Szalai,823092,Fenerbahçe,3052,turkey,2122,2232,31,24,6.78,1,2,3,,,64,6,27.27,143,85,43.37,428,713,1135,80.96,38,52.05,35,0,0,0,,3,1,2,5,63,29,0,0,3,24,97,0,1,26,0,5.88,,30,23,7,1,0,,47,43.12,0,0,0,267,36,10,1,0,,0,0,0,1,0.0,0,0,0,0,322,2,0,0,0,0,0,0,0,0,0,2232.0,0.0,0,14,3,9,6,6,40.0,0,35,24,68.57,10,158,15,22,85,46.7,196,622,802,1402,196.6,17,2,1737,6,6,0
Manolis Siopis,136675,Trabzonspor,3051,turkey,2122,1798,33,18,6.78,0,1,1,,,23,1,50.0,163,28,63.64,384,403,786,88.81,14,34.15,27,0,0,0,,1,0,3,5,10,33,0,0,22,33,119,0,0,23,0,0.0,,20,18,2,0,0,,135,59.47,0,0,0,99,45,10,0,0,,0,0,0,1,0.0,0,0,0,0,171,7,0,0,0,0,0,0,0,0,0,0.0,0.0,0,1,9,4,3,26,63.41,0,54,34,62.96,10,37,41,2,149,55.6,44,443,444,885,223.7,10,1,1257,55,4,0
Doğan Erdoğan,257407,Gaziantep FK,5138,turkey,2122,2067,31,25,6.78,0,1,1,,,99,5,31.25,165,114,62.64,378,371,744,77.26,24,64.86,13,0,0,0,,3,0,2,5,34,31,0,1,16,38,113,0,0,40,0,0.0,,30,26,4,0,0,,98,49.49,0,0,1,219,30,16,0,0,,0,0,0,0,0.0,0,0,0,0,302,6,0,1,0,0,0,0,0,0,0,0.0,0.0,0,3,10,10,1,20,76.92,0,50,34,68.0,16,169,26,16,122,51.91,182,542,437,963,210.1,13,0,1312,28,3,0
Olimpiu Moruțan,833613,Galatasaray,3061,turkey,2122,1069,26,13,6.78,3,3,6,,,22,5,17.24,136,25,55.56,235,98,328,78.66,5,50.0,5,0,0,0,,3,1,6,0,1,26,0,0,20,27,86,0,0,15,0,10.0,,17,13,4,3,0,,81,50.0,0,0,0,89,8,20,3,0,,0,0,0,0,0.0,0,0,0,0,201,12,0,0,0,0,0,0,0,0,0,356.33,0.0,0,14,16,14,10,49,72.06,0,20,10,50.0,20,53,68,29,86,50.0,45,342,104,417,176.2,30,1,703,13,1,0
Bertuğ Yıldırım,1382235,Hatayspor,3091,turkey,2122,225,16,1,6.78,1,1,2,,,0,1,50.0,9,0,0.0,18,11,28,50.0,18,51.43,17,0,0,0,,2,0,2,0,2,8,0,0,2,4,31,0,0,8,0,16.67,,5,4,1,1,0,,7,33.33,1,0,0,28,3,4,0,3,,0,0,0,0,0.0,0,0,0,0,43,1,0,0,0,0,0,0,0,0,0,225.0,0.0,0,4,2,3,1,1,50.0,0,3,1,33.33,4,0,2,2,25,44.64,1,43,15,56,54.2,6,0,102,3,2,0
Dino Arslanagić,94280,Göztepe,3054,turkey,2122,2615,31,31,6.77,2,0,2,,,71,3,30.0,120,101,50.25,326,659,982,81.22,96,67.61,46,0,0,0,,3,1,4,0,87,31,0,0,5,9,110,0,0,46,0,12.5,,50,41,9,2,0,,50,43.86,2,0,1,227,63,7,0,2,,0,0,0,2,0.0,0,0,0,0,253,6,0,1,0,0,0,0,0,0,0,1307.5,0.0,0,14,2,6,6,3,37.5,0,33,20,60.61,7,130,8,10,146,57.03,201,480,739,1209,210.0,16,1,1540,16,9,1
Efkan Bekiroğlu,800458,Alanyaspor,6362,turkey,2122,1532,31,19,6.77,3,2,5,,,35,1,16.67,164,38,64.41,326,426,751,87.53,3,30.0,7,0,0,0,,6,2,12,1,8,30,0,0,18,14,65,0,0,16,0,8.57,,28,22,6,2,1,,55,48.67,1,0,1,107,4,19,1,4,,0,0,0,0,0.0,0,0,0,0,171,5,0,0,1,0,0,0,0,0,0,510.67,0.0,1,12,23,13,10,26,72.22,0,16,10,62.5,19,61,36,6,58,47.15,59,411,453,858,203.2,35,0,1075,13,4,0
Nouha Dicko,204286,Yeni Malatyaspor,24759,turkey,2122,2103,33,23,6.77,5,0,5,,,8,4,12.9,129,7,38.89,224,123,343,75.05,36,38.3,58,0,0,0,,4,1,15,1,19,33,0,0,29,12,156,0,0,39,0,8.06,,42,37,5,4,1,,78,44.32,0,0,2,114,10,15,2,21,,0,0,2,0,100.0,0,2,0,1,291,18,0,0,3,0,0,0,0,0,0,420.6,0.0,0,38,24,27,20,20,45.45,0,23,16,69.57,15,14,44,31,114,42.22,18,344,144,457,223.5,62,0,877,36,3,0
Jefferson Junior,552142,Gaziantep FK,5138,turkey,2122,417,7,5,6.77,0,0,0,,,11,0,0.0,37,6,46.15,77,80,157,82.2,4,66.67,2,0,0,0,,0,1,0,1,2,7,0,0,5,5,19,0,0,6,0,0.0,,6,6,0,0,0,,19,52.78,0,0,0,34,11,6,0,0,,0,0,0,0,0.0,0,0,0,0,59,2,0,0,0,0,0,0,0,0,0,0.0,0.0,0,2,7,7,2,4,57.14,0,12,7,58.33,6,18,7,4,23,54.76,13,107,88,191,47.4,9,0,276,3,0,0
Ruud Boffin,15039,Antalyaspor,3056,turkey,2122,3330,37,37,6.77,0,0,0,,,94,0,0.0,43,215,36.69,137,770,907,70.04,7,87.5,1,0,0,0,,0,0,0,9,27,37,0,0,0,3,6,0,3,2,0,0.0,,47,39,8,0,0,,2,28.57,0,19,0,388,1,1,0,0,,0,0,0,2,0.0,11,0,0,0,397,0,17,0,0,7,54,37,91,2,21,0.0,0.0,0,0,0,0,0,0,0.0,7,1,0,0.0,1,217,0,0,9,60.0,586,433,862,1295,250.5,0,1,1571,1,5,0
Gökhan Inler,4252,Adana Demirspor,3101,turkey,2122,1754,30,21,6.77,1,1,2,,,71,0,0.0,227,68,64.76,469,408,877,86.32,11,50.0,11,0,0,0,,2,0,8,2,14,30,0,0,18,27,99,0,0,37,0,3.33,,22,22,0,0,1,,76,46.34,0,0,0,139,12,13,1,0,,0,0,0,0,0.0,0,0,0,0,205,6,0,0,0,0,0,0,0,0,0,1754.0,0.0,0,2,28,15,7,23,71.88,0,25,19,76.0,13,113,32,6,87,46.77,105,575,447,1016,203.1,30,1,1258,28,3,0
Eren Elmalı,981483,Kasımpaşa,6063,turkey,2122,2453,32,27,6.77,1,2,3,,,27,21,30.88,165,70,52.63,368,427,774,79.38,29,48.33,31,0,0,0,,6,2,6,4,69,32,0,0,19,17,113,1,2,23,0,4.17,,40,29,11,1,0,,91,52.6,0,0,0,201,40,26,1,3,,0,0,0,0,0.0,0,0,0,1,370,5,0,0,0,0,0,0,0,0,0,2453.0,0.0,0,13,11,14,4,32,55.17,0,28,14,50.0,26,67,58,68,120,51.5,133,530,513,975,216.6,24,1,1696,32,5,0
Tarkan Serbest,164099,Kasımpaşa,6063,turkey,2122,2244,30,25,6.77,1,1,2,,,45,0,0.0,182,85,56.29,495,810,1305,88.18,36,57.14,27,0,0,0,,0,1,2,2,68,30,0,0,6,23,90,0,0,29,0,7.69,,37,27,10,1,0,,54,46.15,0,0,1,175,35,14,0,1,,0,0,0,0,0.0,0,0,0,0,215,6,0,0,1,0,0,0,0,0,0,2244.0,0.0,0,8,5,9,2,9,60.0,0,31,17,54.84,14,92,15,5,90,50.0,151,610,875,1480,203.0,13,1,1756,14,10,0
Hayrullah Erkip,1177165,Kayserispor,3072,turkey,2122,111,3,0,6.77,1,0,1,,,0,0,0.0,3,1,50.0,7,9,16,84.21,0,0.0,5,0,0,0,,0,0,2,0,1,3,0,0,3,0,11,0,0,2,0,25.0,,1,1,0,1,0,,9,60.0,0,0,0,3,1,0,1,0,,0,0,0,0,0.0,0,0,0,0,14,1,0,0,0,0,0,0,0,0,0,111.0,0.0,0,3,1,1,1,1,50.0,0,5,2,40.0,0,0,2,2,9,45.0,2,10,11,19,20.3,4,0,49,3,0,0
İbrahim Öztürk,43541,Altay,3070,turkey,2122,1722,25,18,6.77,1,0,1,,,38,2,66.67,44,45,36.59,158,371,527,77.27,29,53.7,25,0,0,0,,2,1,1,4,82,24,0,0,4,6,42,0,0,7,0,11.11,,28,24,4,1,0,,32,65.31,1,0,0,155,34,5,0,0,,1,0,0,2,0.0,0,0,0,0,172,1,0,0,0,0,0,0,0,0,0,1722.0,0.0,0,7,2,5,3,2,100.0,0,16,13,81.25,5,96,2,3,61,59.22,123,267,418,682,162.4,9,0,914,14,2,0
Erdem Canpolat,1066726,Kasımpaşa,6063,turkey,2122,270,3,3,6.77,0,0,0,,,6,0,0.0,1,12,28.57,6,68,74,70.48,1,100.0,0,0,0,0,,0,0,0,0,3,3,0,0,0,0,0,1,0,0,0,0.0,,7,7,0,0,0,,2,100.0,0,2,0,31,0,1,0,0,,0,0,0,0,0.0,1,0,0,0,32,0,1,0,0,3,7,6,13,0,2,0.0,0.0,0,0,0,0,0,0,0.0,3,1,0,0.0,1,25,0,0,3,100.0,42,28,77,105,20.3,0,0,143,0,1,0
Yusuf Karagöz,1133582,Alanyaspor,6362,turkey,2122,270,3,3,6.77,0,0,0,,,5,0,0.0,2,10,34.48,3,70,73,79.35,0,0.0,0,0,0,0,,1,0,0,0,0,3,1,0,0,0,0,0,0,0,0,0.0,,3,2,1,0,0,,1,100.0,0,0,0,19,0,1,0,0,,0,0,0,0,0.0,1,0,0,0,19,0,0,0,0,1,2,5,7,0,1,0.0,0.0,0,0,0,0,0,0,0.0,1,0,0,0.0,1,7,0,0,1,100.0,29,14,78,92,20.3,0,0,118,0,0,0
Onurcan Piri,213542,Giresunspor,5765,turkey,2122,503,6,6,6.77,0,0,0,,,17,0,0.0,0,44,45.83,29,97,126,70.39,2,100.0,0,0,0,0,,0,0,0,1,4,6,0,0,0,0,0,0,0,0,0,0.0,,6,6,0,0,0,,1,100.0,0,7,0,53,0,0,0,0,,0,0,0,0,0.0,0,0,0,0,54,0,1,0,0,3,6,4,11,0,4,0.0,0.0,0,0,0,0,0,1,100.0,3,0,0,0.0,0,38,1,0,3,100.0,96,73,106,179,40.6,0,0,230,0,2,0
Yusuf Erdoğan,256663,Trabzonspor,3051,turkey,2122,1780,31,17,6.76,2,2,4,,,18,15,17.24,218,13,44.83,346,144,475,77.49,29,39.73,44,0,0,0,,5,8,11,1,8,31,0,0,16,21,126,0,0,24,0,3.92,,29,20,9,2,0,,78,48.75,0,0,1,138,18,30,1,13,,0,0,0,1,0.0,0,0,0,0,315,16,0,0,1,0,0,0,0,0,0,890.0,0.0,2,36,15,20,20,13,36.11,0,40,22,55.0,30,35,36,87,107,45.92,29,523,177,613,209.7,51,1,1067,25,5,0
Fredrik Ulvestad,36922,Sivasspor,3076,turkey,2122,962,16,11,6.76,2,1,3,,,3,2,66.67,55,13,44.83,111,180,289,83.77,14,50.0,14,0,0,0,,0,1,2,1,9,14,0,0,6,7,41,0,0,11,0,25.0,,17,13,4,2,0,,28,50.91,0,0,0,56,9,5,1,0,,0,0,0,0,0.0,0,0,0,0,78,4,0,0,1,0,0,0,0,0,0,481.0,0.0,0,6,2,2,4,4,44.44,0,15,9,60.0,5,14,9,3,42,50.6,29,154,194,345,94.7,8,0,458,9,2,0
Fedor Kudryashov,24639,Antalyaspor,3056,turkey,2122,2267,29,25,6.76,1,0,1,,,74,1,50.0,128,86,54.43,376,868,1243,87.35,27,52.94,24,0,0,0,,1,0,3,5,73,28,0,0,3,4,56,0,0,23,0,16.67,,31,26,5,1,0,,25,43.86,1,0,0,180,29,6,0,0,,0,0,0,1,0.0,0,0,0,0,205,3,0,0,0,0,0,0,0,0,0,2267.0,0.0,0,5,1,2,1,0,0.0,0,18,6,33.33,6,140,3,2,52,48.15,158,474,951,1423,189.4,6,1,1641,8,2,0
Alper Uludağ,100102,Adana Demirspor,3101,turkey,2122,532,16,5,6.76,0,0,0,,,4,6,27.27,56,10,55.56,115,110,219,83.59,9,60.0,6,0,0,0,,0,0,1,1,16,14,0,0,4,5,22,0,0,6,0,0.0,,8,8,0,0,0,,18,52.94,0,0,0,43,6,8,0,0,,0,1,0,0,0.0,0,0,0,0,73,1,0,0,0,0,0,0,0,0,0,0.0,0.0,0,1,5,4,1,4,80.0,0,10,8,80.0,7,9,5,22,27,55.1,18,159,125,262,94.7,6,1,400,4,3,0
Ertuğrul Taşkıran,105974,Kasımpaşa,6063,turkey,2122,2362,27,27,6.76,0,0,0,,,57,0,0.0,11,115,38.21,51,534,585,75.39,5,83.33,1,0,0,0,,0,0,0,6,24,27,0,0,0,2,5,0,0,2,0,0.0,,36,26,10,0,0,,6,60.0,0,17,0,191,0,0,0,0,,0,0,0,1,0.0,2,0,0,0,200,0,15,0,0,9,37,26,63,0,11,0.0,0.0,0,0,0,0,0,0,0.0,8,1,1,100.0,0,96,0,0,11,68.75,301,198,578,776,182.6,0,1,1053,4,3,0
Valentin Rosier,842419,Beşiktaş JK,3050,turkey,2122,2710,31,31,6.76,1,4,5,,,49,22,23.91,307,50,42.02,638,459,1075,80.28,18,50.0,18,0,0,0,,5,2,7,8,51,31,0,0,30,28,137,0,0,31,0,4.35,,40,35,5,1,0,,113,48.71,0,0,0,264,54,27,0,3,,0,0,0,1,0.0,0,0,0,0,487,11,0,3,1,0,0,0,0,0,0,2710.0,0.0,0,9,14,10,6,34,49.28,0,65,40,61.54,27,111,69,92,131,48.88,119,875,556,1339,209.6,23,0,2189,14,4,3
André Poko,177103,Altay,3070,turkey,2122,2378,30,26,6.76,2,1,3,,,45,4,12.9,200,59,39.07,388,276,660,70.66,18,40.0,27,0,0,0,,2,3,5,4,32,30,0,0,37,51,181,0,1,41,0,10.53,,40,35,5,2,0,,178,53.61,1,0,1,274,35,26,0,0,,0,0,0,0,0.0,0,0,0,0,470,19,0,0,1,0,0,0,0,0,0,1189.0,0.0,0,11,8,11,3,52,65.0,0,85,44,51.76,26,116,80,31,196,51.99,151,635,330,934,202.8,19,0,1520,41,5,0
César Pinares,818974,Altay,3070,turkey,2122,1971,27,25,6.76,3,4,7,,,35,18,22.5,276,28,48.28,474,215,671,83.98,1,5.56,17,0,0,0,,5,1,7,0,4,27,0,0,52,27,137,0,0,31,0,11.11,,34,31,3,2,1,,90,42.86,0,0,0,128,12,36,3,2,,0,0,0,3,0.0,0,0,0,0,328,16,0,1,0,0,0,0,0,0,0,657.0,0.0,5,12,15,11,9,39,72.22,0,23,9,39.13,36,80,54,80,91,39.91,58,649,230,799,182.5,27,0,1217,28,8,1
Cristián Borja,831038,Alanyaspor,6362,turkey,2122,2164,28,24,6.76,1,0,1,,,27,9,17.65,173,34,42.5,378,440,809,85.07,16,48.48,17,0,0,0,,4,0,1,5,52,28,0,0,13,15,75,0,0,22,0,16.67,,37,31,6,0,1,,72,55.38,0,0,1,142,22,18,0,4,,0,0,0,0,0.0,0,0,0,0,270,10,0,0,1,0,0,0,0,0,0,2164.0,0.0,0,2,4,2,3,21,70.0,0,30,21,70.0,18,67,30,51,88,53.99,80,507,495,951,189.2,6,0,1471,22,1,0
Berke Özer,847494,Fenerbahçe,3052,turkey,2122,1183,14,13,6.76,0,0,0,,,15,0,0.0,3,38,38.38,15,168,183,74.69,0,0.0,0,0,0,0,,0,0,0,2,12,14,0,0,0,1,2,0,0,0,0,0.0,,17,12,5,0,0,,3,60.0,0,2,0,62,0,0,0,0,,0,0,0,0,0.0,1,0,0,0,64,0,4,0,0,4,22,10,32,0,9,0.0,0.0,0,0,0,0,0,0,0.0,3,2,1,50.0,0,36,1,0,3,60.0,99,71,174,245,94.6,0,0,350,0,2,0
Deniz Kadah,27220,Altay,3070,turkey,2122,467,10,5,6.76,1,0,1,,,2,0,0.0,28,0,0.0,55,34,89,62.68,20,40.82,29,0,0,0,,0,0,1,1,7,9,0,0,4,4,41,0,0,5,0,20.0,,4,4,0,1,0,,15,55.56,0,0,0,53,1,3,0,3,,0,0,1,0,100.0,0,1,0,0,77,3,0,0,1,0,0,0,0,0,0,467.0,0.0,0,4,1,1,3,4,100.0,0,1,1,100.0,3,5,4,0,35,46.05,1,100,42,142,60.8,5,0,212,11,0,0
Anders Trondsen,181901,Trabzonspor,3051,turkey,2122,621,11,7,6.75,0,0,0,,,6,2,25.0,52,14,60.87,125,186,309,86.31,5,55.56,4,0,0,0,,0,0,1,1,14,11,0,0,4,6,27,1,0,6,0,0.0,,5,4,1,0,0,,28,54.9,0,0,0,49,10,2,0,0,,0,0,0,0,0.0,0,0,0,0,81,2,0,0,0,0,0,0,0,0,0,0.0,0.0,0,0,1,0,0,6,46.15,0,15,10,66.67,2,14,13,8,33,55.0,23,159,207,358,74.3,1,0,521,7,1,0
Jorge Félix,811324,Sivasspor,3076,turkey,2122,626,12,6,6.75,3,0,3,,,8,0,0.0,53,11,84.62,134,96,230,85.5,16,53.33,14,0,0,0,,0,1,1,0,5,12,0,0,16,10,54,0,0,11,0,25.0,,9,6,3,3,0,,30,42.86,1,0,0,39,4,5,0,2,,0,0,0,0,0.0,0,0,0,0,78,5,0,0,2,0,0,0,0,0,0,208.67,0.0,0,10,2,5,6,7,70.0,0,15,11,73.33,5,9,10,2,46,46.0,13,168,103,269,81.0,12,0,379,8,1,0
Ziya Erdal,138312,Sivasspor,3076,turkey,2122,834,17,9,6.75,1,1,2,,,19,5,26.32,73,35,50.0,153,202,350,77.61,14,53.85,12,0,0,0,,0,0,1,2,17,16,0,0,2,6,32,0,0,8,0,33.33,,12,10,2,1,0,,26,56.52,0,0,0,101,14,9,1,1,,0,0,1,1,100.0,0,1,0,0,138,2,0,0,0,0,0,0,0,0,0,834.0,0.0,0,2,1,0,2,0,0.0,0,19,15,78.95,9,43,4,19,40,55.56,70,229,241,451,108.0,3,1,658,7,2,0
Manuel Fernandes,12982,Kayserispor,3072,turkey,2122,142,5,1,6.75,0,1,1,,,2,1,10.0,27,6,66.67,42,29,70,81.4,2,40.0,3,0,0,0,,2,0,1,0,0,4,0,0,3,2,11,0,0,1,0,0.0,,2,1,1,0,0,,11,57.89,0,0,0,16,0,5,0,0,,0,0,0,0,0.0,0,0,0,0,33,1,0,0,0,0,0,0,0,0,0,0.0,0.0,0,0,3,2,0,4,66.67,0,1,1,100.0,5,4,6,10,13,54.17,9,64,32,86,27.0,3,0,121,6,0,0
Mustafa Burak Bozan,934201,Gaziantep FK,5138,turkey,2122,279,4,3,6.75,0,0,0,,,4,0,0.0,0,15,46.88,6,57,63,77.78,0,0.0,0,0,0,0,,0,0,0,0,2,4,0,0,0,1,1,0,0,0,0,0.0,,6,5,1,0,0,,3,75.0,0,3,0,18,0,0,0,0,,0,0,0,0,0.0,0,0,0,0,18,0,0,0,0,4,10,3,13,0,1,0.0,0.0,0,0,0,0,0,0,0.0,4,1,1,100.0,0,10,0,0,3,75.0,32,13,68,81,27.0,0,0,128,1,0,0
Burak Öksüz,816313,Hatayspor,3091,turkey,2122,2748,33,31,6.75,0,2,2,,,67,1,50.0,63,88,45.83,261,805,1065,81.8,94,64.38,52,0,0,0,,2,1,8,8,130,33,0,0,5,14,104,1,2,32,0,0.0,,43,38,5,0,0,,38,42.22,0,0,0,237,50,5,0,0,,0,0,0,0,0.0,0,0,0,0,270,2,0,0,0,0,0,0,0,0,0,0.0,0.0,0,18,3,7,6,2,33.33,0,19,13,68.42,5,146,6,2,132,55.93,192,406,898,1302,222.7,21,1,1643,17,2,0
Loret Sadiku,143356,Kasımpaşa,6063,turkey,2122,898,11,11,6.75,1,0,1,,,5,1,100.0,54,14,53.85,153,233,385,84.62,17,70.83,7,0,0,0,,0,0,0,2,10,11,0,0,8,18,44,0,0,14,0,50.0,,12,7,5,1,0,,28,43.08,1,0,0,70,14,2,0,0,,0,0,0,0,0.0,0,0,0,0,85,2,0,0,0,0,0,0,0,0,0,898.0,0.0,0,1,1,1,1,3,100.0,0,25,15,60.0,2,8,3,1,45,50.56,26,193,263,455,74.2,2,0,555,0,4,0
Didier N'Dong,786029,Yeni Malatyaspor,24759,turkey,2122,1401,20,16,6.75,0,1,1,,,14,0,0.0,59,32,65.31,221,335,556,87.84,17,58.62,12,0,0,0,,0,0,1,3,17,20,0,0,8,15,60,0,0,23,0,0.0,,28,23,5,0,0,,48,50.0,0,0,0,77,21,7,0,0,,0,0,0,0,0.0,0,0,0,0,108,4,0,0,0,0,0,0,0,0,0,0.0,0.0,0,0,5,4,0,10,76.92,0,32,12,37.5,7,25,13,3,65,52.0,49,272,364,633,134.9,5,0,813,6,5,0
Isaac Cofie,45926,Sivasspor,3076,turkey,2122,1855,28,20,6.74,1,0,1,,,27,0,0.0,78,52,60.47,293,343,636,81.54,28,43.75,36,0,0,0,,0,0,4,3,24,27,0,0,10,24,95,0,0,23,0,8.33,,28,26,2,1,0,,64,52.03,0,0,1,144,29,3,0,0,,0,0,0,0,0.0,0,0,0,1,174,5,0,0,1,0,0,0,0,0,0,1855.0,0.0,0,5,7,4,4,7,77.78,0,33,20,60.61,3,55,9,0,92,49.2,86,387,393,780,182.1,12,0,1005,24,5,0
Joher Khadim Rassoul,800344,Adana Demirspor,3101,turkey,2122,1736,25,20,6.74,0,0,0,,,28,15,29.41,89,34,44.74,261,311,557,78.01,43,76.79,13,0,0,0,,1,0,0,4,35,25,0,0,8,19,67,0,1,11,0,0.0,,28,24,4,0,0,,74,57.81,0,0,0,157,22,11,0,0,,1,0,0,0,0.0,0,0,0,0,268,3,0,0,0,0,0,0,0,0,0,0.0,0.0,0,3,0,1,2,26,60.47,0,38,19,50.0,11,70,43,51,117,63.59,76,408,357,714,168.6,3,0,1146,10,2,0
Oğulcan Ülgün,1063942,Konyaspor,3085,turkey,2122,666,22,6,6.74,1,1,2,,,11,0,0.0,63,11,45.83,131,92,223,80.51,8,44.44,10,0,0,0,,1,0,1,0,12,16,0,0,2,4,39,0,1,22,0,11.11,,13,12,1,1,0,,40,57.97,0,0,0,54,14,7,1,3,,0,0,0,0,0.0,0,0,0,0,79,4,0,0,0,0,0,0,0,0,0,666.0,0.0,0,6,3,5,3,0,0.0,0,21,8,38.1,7,22,3,3,48,55.17,24,168,112,277,107.9,9,1,405,19,3,0
Douglas,185233,Giresunspor,5765,turkey,2122,485,10,6,6.74,0,0,0,,,10,0,0.0,16,14,46.67,60,165,225,83.03,19,63.33,11,0,0,0,,0,0,0,1,29,7,0,0,0,0,18,1,1,6,0,0.0,,8,8,0,0,0,,7,50.0,0,0,0,46,11,0,0,0,,0,0,0,0,0.0,0,0,0,0,50,0,0,0,0,0,0,0,0,0,0,0.0,0.0,0,0,0,0,0,0,0.0,0,5,5,100.0,0,19,1,1,26,59.09,30,87,185,271,47.2,0,0,336,2,1,0
Lucas Lima,248529,Başakşehir FK,3086,turkey,2122,1855,29,20,6.74,0,0,0,,,33,23,29.87,223,43,45.26,423,385,785,81.1,27,60.0,18,0,0,0,,2,0,4,6,42,26,0,0,12,19,89,0,0,26,0,0.0,,22,19,3,0,0,,52,42.28,0,0,0,183,24,24,0,0,,0,1,0,1,0.0,0,0,0,0,323,7,0,0,0,0,0,0,0,0,0,0.0,0.0,1,3,7,4,2,10,40.0,0,32,19,59.38,23,79,25,77,79,47.02,95,598,447,968,175.3,10,0,1479,10,2,0
Sinan Kurt,381560,Adana Demirspor,3101,turkey,2122,1621,25,18,6.74,0,1,1,,,30,5,31.25,168,36,53.73,391,310,696,85.4,5,22.73,17,0,0,0,,2,2,6,2,10,24,0,0,11,27,69,0,1,9,0,0.0,,24,21,3,0,0,,58,52.73,0,0,2,119,13,18,0,0,,0,1,0,0,0.0,0,0,0,0,172,8,0,0,0,0,0,0,0,0,0,0.0,0.0,0,3,14,9,2,13,72.22,0,28,19,67.86,17,61,18,16,63,47.73,67,491,340,815,161.8,17,0,1031,17,1,0
Oussama Tannane,249435,Göztepe,3054,turkey,2122,249,5,3,6.74,0,0,0,,,3,2,33.33,37,5,62.5,59,22,79,77.45,1,33.33,2,0,0,0,,0,0,2,0,1,5,0,0,8,1,21,0,0,6,0,0.0,,6,5,1,0,0,,20,51.28,0,0,0,23,2,4,0,1,,0,0,0,0,0.0,0,0,0,0,52,1,0,0,0,0,0,0,0,0,0,0.0,0.0,0,1,5,3,1,4,50.0,0,7,4,57.14,4,8,8,6,21,50.0,8,83,25,102,33.7,6,0,174,9,0,0
Derrick Luckassen,363782,Fatih Karagümrük,4954,turkey,2122,1619,20,19,6.74,0,0,0,,,27,0,0.0,69,51,63.75,285,786,1071,93.21,26,54.17,22,0,0,0,,0,3,1,2,70,20,0,2,2,6,48,0,0,15,0,0.0,,23,19,4,0,0,,24,48.0,0,0,0,78,11,6,0,1,,0,0,0,1,0.0,0,0,0,0,93,0,0,2,0,0,0,0,0,0,0,0.0,0.0,0,7,0,5,1,5,55.56,0,9,8,88.89,6,51,9,0,50,51.02,80,330,819,1149,134.8,7,0,1324,10,3,0
Oğuzhan Özyakup,137642,Beşiktaş JK,3050,turkey,2122,607,13,7,6.74,0,1,1,,,6,5,33.33,83,6,66.67,138,92,225,80.94,0,0.0,6,0,0,0,,1,0,3,0,1,13,0,0,6,4,24,0,0,9,0,0.0,,5,4,1,0,0,,26,59.09,0,0,0,53,1,9,0,2,,0,0,0,0,0.0,0,0,0,0,86,4,0,0,0,0,0,0,0,0,0,0.0,0.0,1,5,7,8,1,6,85.71,0,11,7,63.64,9,14,7,15,26,52.0,9,191,102,278,87.6,12,0,375,9,3,0
Salih Dursun,179189,Fatih Karagümrük,4954,turkey,2122,1039,14,11,6.74,2,1,3,,,5,2,11.76,55,16,29.09,139,207,344,79.26,25,60.98,16,0,0,0,,1,0,1,4,30,14,0,0,5,14,54,0,0,15,0,25.0,,17,15,2,2,0,,42,52.5,1,0,0,90,14,4,0,1,,0,0,0,1,0.0,0,0,0,0,135,2,0,0,1,0,0,0,0,0,0,519.5,0.0,0,7,1,4,3,8,66.67,0,26,14,53.85,4,38,12,17,67,55.37,55,218,233,434,94.3,8,1,670,8,3,0
Mehdi Boudjemaa,960088,Hatayspor,3091,turkey,2122,1769,29,19,6.74,0,1,1,,,22,2,18.18,122,48,60.0,268,302,568,83.16,20,55.56,16,0,0,0,,1,0,1,1,24,28,0,0,14,19,100,0,0,36,0,0.0,,27,24,3,0,0,,96,53.33,0,0,0,115,25,12,0,0,,0,0,0,1,0.0,0,0,0,0,189,8,0,1,0,0,0,0,0,0,0,0.0,0.0,0,2,11,10,2,21,58.33,0,56,32,57.14,12,41,36,11,116,53.7,80,369,325,683,188.6,13,0,988,19,7,1
Amar Rahmanović,138123,Konyaspor,3085,turkey,2122,1387,31,13,6.74,6,1,7,,,21,2,12.5,143,20,66.67,242,143,383,77.22,23,41.07,33,0,0,0,,1,3,4,0,12,31,0,1,17,23,110,0,0,24,0,21.43,,20,16,4,6,0,,84,52.17,2,0,0,113,19,16,3,2,,0,0,0,0,0.0,0,0,0,0,212,10,0,1,1,0,0,0,0,0,0,231.17,0.0,0,21,7,13,11,24,61.54,0,26,16,61.54,16,37,39,16,107,49.31,30,348,164,496,208.8,28,1,780,34,4,0
Paul Mukairu,992198,Antalyaspor,3056,turkey,2122,1080,17,14,6.74,3,0,3,,,7,0,0.0,103,16,84.21,145,74,219,79.35,4,10.26,35,0,0,0,,0,5,6,0,0,17,0,0,27,13,112,0,1,23,0,11.54,,14,9,5,3,0,,68,46.9,0,0,0,57,7,15,0,8,,0,0,0,0,0.0,0,0,0,0,159,12,0,0,3,0,0,0,0,0,0,360.0,0.0,0,19,7,6,14,38,70.37,0,18,13,72.22,15,10,54,0,72,39.13,19,193,83,276,114.5,26,0,516,12,1,0
Erdem Ozcan,1214451,Altay,3070,turkey,2122,79,3,0,6.73,0,0,0,,,0,2,40.0,4,0,0.0,13,7,18,72.0,0,0.0,0,0,0,0,,0,0,0,0,0,3,0,0,1,1,2,0,0,0,0,0.0,,1,1,0,0,0,,5,71.43,0,0,0,7,1,0,0,0,,0,0,0,0,0.0,0,0,0,0,16,1,0,0,0,0,0,0,0,0,0,0.0,0.0,0,0,1,1,0,2,100.0,0,3,2,66.67,0,1,2,5,5,71.43,0,21,9,25,20.2,1,0,45,0,0,0
Muhammed Mert,227468,Hatayspor,3091,turkey,2122,395,15,3,6.73,0,0,0,,,8,3,18.75,66,9,42.86,156,88,241,82.82,4,57.14,3,0,0,0,,1,1,1,0,0,12,0,0,1,6,19,0,0,8,0,0.0,,10,9,1,0,0,,21,56.76,0,0,0,50,5,6,0,0,,0,0,0,0,0.0,0,0,0,0,76,6,0,0,0,0,0,0,0,0,0,0.0,0.0,0,2,1,2,0,6,75.0,0,12,8,66.67,6,28,8,16,25,56.82,21,213,94,291,80.8,3,0,361,3,0,0
Hakan Özmert,43512,Antalyaspor,3056,turkey,2122,1014,25,11,6.73,0,1,1,,,37,8,20.51,87,45,51.72,202,266,460,83.18,9,56.25,7,0,0,0,,3,0,1,0,9,25,0,0,9,19,56,0,0,18,0,0.0,,16,13,3,0,0,,45,47.87,0,0,0,93,20,15,0,0,,0,0,0,0,0.0,0,0,0,0,159,3,0,0,0,0,0,0,0,0,0,0.0,0.0,2,3,15,15,2,12,70.59,0,20,13,65.0,15,83,17,39,54,49.09,87,307,285,553,168.3,18,0,751,13,3,0
Mohammed Kamara,884538,Hatayspor,3091,turkey,2122,801,23,7,6.73,4,0,4,,,4,1,12.5,61,3,16.67,109,57,165,69.62,21,56.76,16,0,0,0,,1,5,6,0,4,22,0,0,12,7,65,0,0,17,0,14.29,,14,9,5,4,0,,50,50.51,1,0,1,72,5,8,0,5,,0,0,0,0,0.0,0,0,0,1,137,9,0,0,3,0,0,0,0,0,0,200.25,0.0,0,24,4,10,12,24,63.16,0,11,6,54.55,8,14,38,8,71,52.21,18,174,71,237,148.1,28,0,425,15,5,0
Mbaye Diagne,346790,Galatasaray,3061,turkey,2122,681,14,7,6.73,2,1,3,,,5,1,100.0,33,2,50.0,69,34,102,69.86,26,56.52,20,0,0,1,,1,5,3,1,11,14,0,0,9,2,42,0,0,10,0,13.33,,7,7,0,2,0,,17,43.59,1,0,1,44,0,5,0,6,,0,0,1,0,0.0,0,0,0,1,74,3,0,0,1,0,0,0,0,0,0,340.5,0.0,0,15,0,4,8,5,71.43,0,2,1,50.0,5,8,7,1,43,50.59,4,105,42,146,94.2,15,0,235,10,1,0
Muhammet Demir,43543,Gaziantep FK,5138,turkey,2122,2531,32,27,6.73,6,0,6,,,18,0,0.0,186,12,66.67,353,149,502,75.49,86,43.22,113,1,0,0,,1,9,12,5,31,32,0,0,66,17,251,0,0,28,0,9.68,,40,36,4,6,0,,85,38.12,1,0,3,163,10,23,0,12,,0,0,2,0,50.0,0,1,0,0,376,27,0,0,5,0,0,0,0,0,0,421.83,0.0,6,45,17,27,23,38,54.29,0,21,10,47.62,23,36,70,4,171,40.52,18,497,172,665,215.3,62,1,1151,28,3,0
Saba Lobjanidze,286923,Hatayspor,3091,turkey,2122,2450,37,28,6.73,8,8,16,,,10,16,16.0,194,5,50.0,320,118,422,75.36,1,9.09,10,0,0,0,,12,6,13,1,6,37,0,0,21,27,103,0,0,13,1,17.02,,48,43,5,7,1,,52,35.86,0,0,1,138,16,32,1,3,,0,0,0,0,0.0,0,0,0,1,368,15,0,0,7,0,0,0,0,0,0,306.25,100.0,1,36,11,15,19,25,41.67,0,21,9,42.86,32,28,60,100,53,33.97,10,515,145,560,248.9,47,2,1017,6,2,0
Nicolai Jørgensen,57857,Kasımpaşa,6063,turkey,2122,839,15,10,6.73,2,0,2,,,5,0,0.0,54,6,50.0,89,59,148,72.2,20,50.0,20,0,0,0,,0,2,10,0,9,15,0,0,10,6,60,0,0,20,0,8.0,,13,8,5,2,0,,24,37.5,0,0,0,57,2,6,0,7,,0,0,0,0,0.0,0,0,0,0,106,5,0,0,2,0,0,0,0,0,0,419.5,0.0,1,15,10,5,10,9,60.0,0,6,1,16.67,6,12,15,4,44,42.31,12,139,70,205,100.9,25,0,335,9,2,0
Makana Baku,886328,Göztepe,3054,turkey,2122,821,20,8,6.73,2,1,3,,,0,4,21.05,101,7,77.78,155,61,212,77.09,3,17.65,14,0,0,0,,1,1,2,0,5,19,0,0,12,7,48,0,0,8,0,16.67,,18,15,3,2,0,,25,42.37,0,0,0,63,4,14,1,1,,0,0,0,0,0.0,0,0,0,0,130,13,0,0,1,0,0,0,0,0,0,410.5,0.0,0,12,0,5,5,12,63.16,0,6,4,66.67,14,1,19,19,28,36.84,9,222,72,275,127.8,12,0,426,7,0,0
Alin Toșca,110210,Gaziantep FK,5138,turkey,2122,2645,31,30,6.73,0,0,0,,,51,2,20.0,95,98,47.57,356,779,1133,83.55,30,57.69,22,0,0,0,,0,0,0,7,75,31,0,0,3,15,54,0,0,12,0,0.0,,44,38,6,0,0,,49,60.49,0,0,0,223,37,6,0,1,,0,0,0,0,0.0,0,0,0,0,255,1,0,0,0,0,0,0,0,0,0,0.0,0.0,0,1,0,1,0,2,50.0,0,31,21,67.74,6,112,4,10,79,59.4,206,506,860,1356,208.5,1,0,1649,16,4,0
Adis Jahović,55367,Göztepe,3054,turkey,2122,1432,32,16,6.73,5,1,6,,,13,4,23.53,101,7,38.89,192,107,295,69.41,48,39.02,75,0,0,0,,2,9,4,0,10,32,0,1,21,5,138,0,0,30,0,12.5,,28,24,4,5,0,,32,33.68,0,0,2,130,5,18,0,17,,0,1,1,0,100.0,0,1,0,1,205,12,0,1,5,0,0,0,0,0,0,286.4,0.0,2,31,9,19,17,13,61.9,0,7,3,42.86,17,25,21,17,80,36.7,18,310,132,425,215.2,40,1,641,15,4,0
Kevin Varga,602730,Kasımpaşa,6063,turkey,2122,596,14,6,6.73,1,0,1,,,6,2,20.0,52,6,46.15,82,49,129,72.47,6,54.55,5,0,0,0,,1,0,2,1,6,12,0,0,3,8,19,0,0,0,0,12.5,,10,10,0,1,0,,16,53.33,0,0,0,49,7,5,1,1,,0,0,0,0,0.0,0,0,0,0,83,5,0,0,0,0,0,0,0,0,0,596.0,0.0,0,7,1,5,1,4,57.14,0,10,2,20.0,5,12,7,10,22,53.66,13,128,60,178,80.7,8,0,285,2,1,0
Umut Güneş,876782,Alanyaspor,6362,turkey,2122,2291,33,24,6.72,2,0,2,,,28,3,27.27,198,51,70.83,441,582,1020,88.77,15,53.57,13,0,0,0,,0,1,2,5,20,33,0,1,17,38,130,0,1,55,0,13.33,,39,35,4,0,2,,81,40.91,0,0,0,129,40,15,1,0,,0,1,0,0,0.0,0,0,0,0,220,13,0,1,1,0,0,0,0,0,0,1145.5,0.0,0,4,11,7,6,19,63.33,0,36,20,55.56,14,46,30,11,96,42.48,72,524,636,1149,221.9,15,0,1512,26,2,0
Okechukwu Azubuike,807114,Yeni Malatyaspor,24759,turkey,2122,1632,25,18,6.72,0,1,1,,,45,1,50.0,138,52,63.41,374,443,816,88.03,10,55.56,8,0,0,0,,1,0,0,2,9,25,0,0,16,25,79,0,0,27,0,0.0,,33,29,4,0,0,,70,49.65,0,0,0,111,26,8,0,0,,0,0,0,1,0.0,0,0,0,0,158,6,0,0,0,0,0,0,0,0,0,0.0,0.0,0,0,2,2,0,13,72.22,0,37,21,56.76,8,75,18,2,80,50.31,82,442,487,927,168.1,2,0,1152,20,2,0
Fousseni Diabaté,796374,Giresunspor,5765,turkey,2122,2580,34,30,6.72,6,2,8,,,8,9,21.95,341,10,47.62,623,188,802,78.24,18,31.58,39,0,0,0,,3,4,12,4,2,34,0,0,44,13,141,0,0,16,0,13.95,,32,30,2,6,0,,107,51.2,0,0,1,223,6,37,6,7,,0,2,5,0,100.0,0,5,0,0,450,17,0,0,0,0,0,0,0,0,0,430.0,0.0,0,30,13,12,19,45,59.21,0,26,7,26.92,35,20,76,41,125,46.99,21,838,228,1025,228.6,43,1,1491,36,2,0
Cyle Larin,790179,Beşiktaş JK,3050,turkey,2122,1772,29,19,6.72,7,1,8,,,12,2,12.5,145,8,40.0,297,159,454,78.82,48,46.15,56,0,0,0,,3,10,6,0,24,29,0,1,34,8,152,0,0,37,0,13.21,,22,19,3,7,0,,78,44.83,2,0,2,122,4,16,2,20,,0,0,0,1,0.0,0,0,0,0,262,16,0,1,3,0,0,0,0,0,0,253.14,0.0,0,47,6,24,23,16,42.11,0,18,13,72.22,16,23,38,16,126,45.32,20,408,184,576,194.9,53,1,951,45,3,0
Nacer Chadli,32492,Başakşehir FK,3086,turkey,2122,1312,28,14,6.72,1,3,4,,,10,0,0.0,187,8,53.33,327,181,508,84.95,13,40.63,19,0,0,0,,2,2,7,1,15,25,0,0,16,15,73,0,0,13,0,4.76,,11,10,1,1,0,,48,47.06,0,0,0,90,7,22,0,6,,0,0,0,0,0.0,0,0,0,0,169,6,0,0,1,0,0,0,0,0,0,1312.0,0.0,0,19,2,8,6,18,62.07,0,24,10,41.67,22,13,29,18,61,45.52,15,417,199,598,168.0,21,0,809,6,2,0
Birkir Bjarnason,13270,Adana Demirspor,3101,turkey,2122,1850,32,22,6.72,5,1,6,,,20,1,6.67,141,18,64.29,254,198,451,82.75,13,31.71,28,0,0,0,,3,3,4,1,19,31,0,0,14,7,83,0,0,31,0,17.86,,27,24,3,5,0,,55,50.0,1,0,1,94,8,18,0,10,,0,0,0,0,0.0,0,0,0,0,170,15,0,0,4,0,0,0,0,0,0,370.0,0.0,0,26,2,12,12,6,42.86,0,20,11,55.0,18,35,14,15,68,45.03,28,346,214,545,208.3,28,0,787,29,2,0
Andrea Poli,29746,Antalyaspor,3056,turkey,2122,1740,28,20,6.72,0,2,2,,,28,0,0.0,159,25,64.1,372,447,819,90.6,9,26.47,25,0,0,0,,2,0,4,2,9,28,0,0,25,15,88,0,1,25,0,0.0,,21,19,2,0,0,,61,49.19,0,0,0,85,43,12,0,0,,0,0,0,1,0.0,0,0,0,0,146,7,0,0,0,0,0,0,0,0,0,0.0,0.0,0,6,9,9,2,7,70.0,0,28,15,53.57,12,42,10,3,70,44.3,39,437,470,904,188.1,15,0,1165,26,5,0
Konrad Michalak,851243,Konyaspor,3085,turkey,2122,1490,35,14,6.72,3,4,7,,,1,18,32.14,85,6,54.55,163,95,240,78.43,7,31.82,15,0,0,0,,6,10,7,2,8,34,0,0,21,14,84,0,0,13,0,9.68,,18,16,2,3,0,,81,54.0,0,0,0,66,10,28,0,8,,0,0,0,0,0.0,0,0,0,0,196,10,0,0,3,0,0,0,0,0,0,496.67,0.0,0,24,7,9,15,30,56.6,0,17,12,70.59,28,8,53,56,88,51.16,11,251,111,306,228.4,31,2,623,34,0,0
Bünyamin Balcı,967214,Antalyaspor,3056,turkey,2122,2740,34,31,6.72,2,3,5,,,40,12,27.27,224,42,32.81,423,440,851,77.36,17,40.48,25,0,0,0,,1,0,7,5,30,34,0,0,8,24,105,2,0,31,0,10.53,,43,35,8,2,0,,116,59.18,0,0,0,249,40,23,1,5,,0,0,0,0,0.0,0,0,0,0,392,9,0,0,1,0,0,0,0,0,0,1370.0,0.0,0,15,4,4,8,11,34.38,0,58,33,56.9,23,91,32,44,133,55.88,128,602,542,1100,228.4,19,1,1796,48,2,0
Fredrik Gulbrandsen,51833,Başakşehir FK,3086,turkey,2122,1170,30,13,6.72,5,1,6,,,3,3,16.67,96,4,50.0,145,60,202,75.66,19,44.19,24,0,0,0,,1,6,9,1,7,29,0,0,18,18,93,0,0,19,0,13.51,,14,13,1,5,0,,35,33.65,1,0,0,65,13,14,0,6,,0,0,0,0,0.0,0,0,0,0,169,8,0,0,4,0,0,0,0,0,0,234.0,0.0,0,29,8,10,18,16,47.06,0,9,4,44.44,14,9,34,18,54,36.73,8,207,78,267,194.8,37,1,516,10,3,0
Wilson Eduardo,105404,Alanyaspor,6362,turkey,2122,951,22,10,6.72,4,1,5,,,1,3,27.27,43,5,55.56,78,80,155,80.73,10,41.67,14,0,0,1,,1,6,6,0,9,20,0,0,8,5,45,0,0,14,0,13.33,,18,14,4,4,0,,14,31.11,1,0,2,37,4,13,0,0,,0,0,1,0,0.0,0,0,0,0,85,3,0,0,3,0,0,0,0,0,0,237.75,0.0,0,23,7,11,13,4,40.0,0,4,1,25.0,13,6,10,11,24,34.78,9,115,88,192,134.3,30,0,329,6,0,0
Ryan Babel,1876,Galatasaray,3061,turkey,2122,1590,30,15,6.71,3,1,4,,,19,13,26.0,223,13,65.0,390,192,569,83.92,24,48.0,26,0,0,0,,3,3,10,2,8,30,0,0,35,8,115,0,0,18,0,9.38,,25,20,5,3,0,,65,42.21,0,0,1,109,6,27,0,4,,0,0,1,0,100.0,0,1,0,0,274,12,0,0,3,0,0,0,0,0,0,530.0,0.0,0,17,15,12,10,30,50.0,0,16,8,50.0,27,29,60,50,89,43.63,20,507,221,678,201.4,32,0,1050,19,3,0
Daouda Karamoko Bamba,344883,Altay,3070,turkey,2122,1993,32,22,6.71,7,1,8,,,7,1,12.5,130,6,60.0,201,108,308,71.63,12,19.67,49,0,0,0,,1,9,21,2,15,32,0,0,24,7,132,0,0,29,0,11.11,,37,34,3,7,0,,66,44.3,0,0,0,122,1,19,4,10,,0,0,2,0,100.0,0,2,0,1,257,20,0,0,3,0,0,0,0,0,0,284.71,0.0,0,50,13,19,23,39,59.09,0,16,9,56.25,19,13,66,8,78,37.14,10,314,124,430,214.8,63,2,776,11,2,0
Kenan Karaman,168943,Beşiktaş JK,3050,turkey,2122,1255,25,13,6.71,2,1,3,,,5,2,16.67,96,2,13.33,167,94,259,75.51,20,47.62,22,0,0,0,,2,3,15,1,12,24,0,0,24,9,102,0,0,36,0,5.88,,19,18,1,2,0,,59,42.45,1,0,1,84,4,16,0,7,,0,0,0,0,0.0,0,0,0,1,184,7,0,0,1,0,0,0,0,0,0,627.5,0.0,0,28,6,5,14,15,50.0,0,20,11,55.0,16,10,30,12,79,43.65,15,237,118,343,161.1,34,0,631,24,1,0
Uroš Spajić,111752,Kasımpaşa,6063,turkey,2122,602,8,6,6.71,0,1,1,,,10,0,0.0,18,18,47.37,84,234,318,85.95,14,73.68,5,0,0,0,,0,1,0,0,17,8,0,0,0,5,24,0,1,14,0,0.0,,10,9,1,0,0,,13,40.63,0,0,0,52,11,2,0,0,,0,0,0,0,0.0,0,0,0,0,58,0,0,0,0,0,0,0,0,0,0,0.0,0.0,0,4,0,1,3,0,0.0,0,9,6,66.67,2,27,0,0,27,52.94,38,117,253,370,53.7,4,1,435,4,3,0
Semih Güler,325155,Adana Demirspor,3101,turkey,2122,503,12,4,6.71,0,0,0,,,11,0,0.0,14,14,34.15,54,130,184,81.78,5,45.45,6,0,0,0,,0,0,1,0,21,12,0,0,0,4,13,0,0,2,0,0.0,,9,7,2,0,0,,17,70.83,0,0,0,41,5,1,0,0,,0,0,0,0,0.0,0,0,0,0,49,1,0,0,0,0,0,0,0,0,0,0.0,0.0,0,3,2,3,1,2,66.67,0,14,7,50.0,1,23,3,2,22,62.86,41,85,142,225,80.5,5,0,304,1,3,0
David Tijanič,827369,Göztepe,3054,turkey,2122,1623,33,15,6.71,4,0,4,,,12,8,27.59,191,16,47.06,381,295,668,85.53,5,25.0,15,0,0,1,,3,4,9,0,8,31,0,0,27,10,85,0,0,9,0,10.26,,40,32,8,3,1,,63,47.37,0,0,2,113,14,29,0,3,,0,0,1,0,0.0,0,0,0,0,239,16,0,0,4,0,0,0,0,0,0,405.75,0.0,1,22,17,14,16,20,44.44,0,17,7,41.18,29,38,45,29,68,44.44,34,493,317,781,207.9,39,0,1097,26,0,0
Can Bozdoğan,934249,Beşiktaş JK,3050,turkey,2122,1135,23,12,6.7,1,1,2,,,7,5,22.73,116,11,47.83,232,122,349,79.32,5,33.33,10,0,0,0,,1,3,7,0,3,22,0,0,12,12,75,0,0,23,0,4.35,,18,17,1,0,1,,77,54.23,0,0,1,91,8,9,1,0,,0,0,0,0,0.0,0,0,0,0,179,9,0,0,0,0,0,0,0,0,0,1135.0,0.0,0,7,16,6,10,22,53.66,0,29,15,51.72,9,19,41,22,82,52.23,23,323,139,440,147.5,23,0,682,26,3,0
Alex Teixeira,39649,Beşiktaş JK,3050,turkey,2122,1256,24,15,6.7,4,1,5,,,1,0,0.0,129,11,64.71,278,122,400,86.77,16,42.11,22,0,0,0,,2,5,2,0,0,24,0,0,21,6,89,0,0,21,0,16.0,,15,14,1,2,2,,55,45.08,1,0,2,61,6,13,1,8,,0,0,0,0,0.0,0,0,0,0,152,13,0,0,1,0,0,0,0,0,0,314.0,0.0,0,17,8,10,13,25,56.82,0,18,13,72.22,13,7,44,8,71,44.38,17,332,137,461,160.9,25,0,685,12,3,0
Rayane Aabid,297510,Kasımpaşa,6063,turkey,2122,2344,35,27,6.7,1,2,3,,,60,12,25.0,257,71,61.21,520,536,1044,84.06,1,25.0,3,0,0,0,,2,0,9,2,3,34,0,0,24,26,90,0,1,16,0,4.0,,47,42,5,1,0,,89,50.57,0,0,0,198,14,25,0,0,,0,0,0,0,0.0,0,0,0,0,351,10,0,0,1,0,0,0,0,0,0,2344.0,0.0,0,12,13,10,6,28,57.14,0,38,23,60.53,25,121,49,48,90,50.0,116,703,587,1242,227.9,25,0,1597,23,4,0
Mamadou Fall,822228,Kasımpaşa,6063,turkey,2122,1043,17,11,6.7,3,2,5,,,4,6,26.09,94,5,62.5,132,34,160,71.75,6,24.0,19,0,0,0,,2,4,3,1,9,17,0,0,12,4,62,0,0,12,0,15.0,,16,14,2,3,0,,34,44.16,1,0,0,63,7,10,0,9,,0,0,0,0,0.0,0,0,0,1,135,7,0,0,2,0,0,0,0,0,0,347.67,0.0,0,18,2,9,8,7,30.43,0,13,7,53.85,10,6,23,23,40,39.22,8,203,43,223,113.9,20,1,408,14,3,0
Jocelyn Janneh,1216031,Kayserispor,3072,turkey,2122,13,1,0,6.7,0,0,0,,,1,0,0.0,2,2,66.67,4,12,16,88.89,1,100.0,0,0,0,0,,0,0,0,0,0,1,0,0,0,0,0,0,0,0,0,0.0,,0,0,0,0,0,,0,0.0,0,0,0,2,1,0,0,0,,0,0,0,0,0.0,0,0,0,0,2,0,0,0,0,0,0,0,0,0,0,0.0,0.0,0,0,0,0,0,0,0.0,0,0,0,0.0,0,1,0,0,1,100.0,3,5,13,18,6.7,0,0,19,0,0,0
Zoran Kvržić,117692,Kayserispor,3072,turkey,2122,90,1,1,6.7,0,0,0,,,1,0,0.0,8,4,57.14,22,26,48,82.76,0,0.0,1,0,0,0,,0,0,0,0,0,1,0,0,3,1,5,0,0,1,0,0.0,,3,3,0,0,0,,5,55.56,0,0,0,10,2,0,0,0,,0,0,0,0,0.0,0,0,0,0,19,1,0,0,0,0,0,0,0,0,0,0.0,0.0,0,0,1,1,0,2,100.0,0,2,0,0.0,0,4,2,1,5,50.0,7,31,28,58,6.7,1,0,86,1,0,0
Engin Aksoy,1166884,Hatayspor,3091,turkey,2122,8,1,0,6.7,0,0,0,,,0,0,0.0,0,0,0.0,2,1,3,75.0,1,100.0,0,0,0,0,,0,0,0,0,1,1,0,0,0,0,0,0,0,0,0,0.0,,0,0,0,0,0,,0,0.0,0,0,0,1,0,0,0,0,,0,0,0,0,0.0,0,0,0,0,1,0,0,0,0,0,0,0,0,0,0,0.0,0.0,0,0,0,0,0,0,0.0,0,0,0,0.0,0,0,0,0,1,100.0,0,3,1,4,6.7,0,0,5,0,0,0
Eray Akar,1171399,Hatayspor,3091,turkey,2122,22,1,0,6.7,0,0,0,,,0,1,100.0,2,0,0.0,7,6,12,85.71,0,0.0,0,0,0,0,,0,0,0,0,1,1,0,0,0,0,3,0,0,2,0,0.0,,0,0,0,0,0,,1,25.0,0,0,0,2,0,1,0,0,,0,0,0,0,0.0,0,0,0,0,3,0,0,0,0,0,0,0,0,0,0,0.0,0.0,0,0,1,1,0,0,0.0,0,0,0,0.0,1,0,1,1,1,25.0,0,9,6,14,6.7,1,0,19,1,0,0
Ethem Balcı,1216030,Kayserispor,3072,turkey,2122,21,1,0,6.7,0,0,0,,,0,0,0.0,2,0,0.0,3,2,5,83.33,0,0.0,0,0,0,0,,0,0,0,0,0,1,0,0,0,0,0,0,0,0,0,0.0,,0,0,0,0,0,,0,0.0,0,0,0,1,0,1,0,0,,0,0,0,0,0.0,0,0,0,0,5,2,0,0,0,0,0,0,0,0,0,0.0,0.0,0,0,0,0,0,0,0.0,0,0,0,0.0,1,0,0,2,0,0.0,0,6,2,6,6.7,0,0,10,0,0,0
Cengizhan Sen,1213600,Göztepe,3054,turkey,2122,8,1,0,6.7,0,0,0,,,0,0,0.0,0,0,0.0,0,0,0,0.0,1,100.0,0,0,0,0,,0,0,0,0,0,1,0,0,0,0,0,0,0,0,0,0.0,,0,0,0,0,0,,0,0.0,0,0,0,0,0,0,0,0,,0,0,0,0,0.0,0,0,0,0,0,0,0,0,0,0,0,0,0,0,0,0.0,0.0,0,1,0,1,0,0,0.0,0,0,0,0.0,0,0,0,0,1,100.0,0,0,0,0,6.7,1,0,2,0,0,0
Emirhan Tak,1216033,Sivasspor,3076,turkey,2122,29,1,0,6.7,0,0,0,,,0,0,0.0,2,0,0.0,5,3,8,72.73,0,0.0,1,0,0,0,,0,0,0,0,0,1,0,0,1,0,2,0,0,0,0,0.0,,0,0,0,0,0,,1,50.0,0,0,0,3,1,1,0,0,,0,0,0,0,0.0,0,0,0,0,4,0,0,0,0,0,0,0,0,0,0,0.0,0.0,0,0,0,0,0,0,0.0,0,1,1,100.0,1,0,0,0,1,33.33,2,7,4,11,6.7,0,0,20,0,0,0
Zafer Görgen,930907,Çaykur Rizespor,3064,turkey,2122,180,2,2,6.7,0,0,0,,,5,0,0.0,2,11,50.0,5,38,43,79.63,2,100.0,0,0,0,0,,0,0,0,0,4,2,0,0,0,0,0,1,1,0,0,0.0,,5,4,1,0,0,,0,0.0,0,0,0,11,0,0,0,0,,0,0,0,0,0.0,0,0,0,0,11,0,4,0,0,2,4,5,9,0,2,0.0,0.0,0,0,0,0,0,0,0.0,1,0,0,0.0,0,13,0,0,2,100.0,22,12,42,54,13.4,0,0,79,0,0,0
Mustafa Eskihellaç,899069,Yeni Malatyaspor,24759,turkey,2122,2632,31,30,6.7,2,2,4,,,26,20,24.69,169,30,44.78,358,313,651,78.34,9,28.13,23,0,0,0,,3,2,11,3,15,31,0,0,36,33,142,0,0,15,0,5.13,,53,47,6,2,0,,135,53.15,0,0,3,180,27,29,0,1,,0,0,0,0,0.0,0,0,0,0,418,10,0,0,2,0,0,0,0,0,0,1316.0,0.0,0,20,19,19,9,48,57.14,0,38,26,68.42,29,48,84,81,144,50.35,67,541,371,831,207.6,39,0,1486,49,4,0
Ahmed Yasser Rayan,918500,Altay,3070,turkey,2122,876,26,9,6.7,5,1,6,,,2,0,0.0,49,2,40.0,69,31,100,65.36,18,24.66,55,0,0,0,,1,3,11,0,9,25,0,0,22,7,106,0,0,12,0,14.71,,16,13,3,4,1,,37,42.05,1,0,1,53,3,5,1,1,,0,0,1,0,100.0,0,1,0,0,137,15,0,0,3,0,0,0,0,0,0,175.2,0.0,0,24,10,16,7,11,47.83,0,12,5,41.67,5,10,23,2,55,34.16,5,121,34,153,167.4,34,0,358,14,4,0
Leroy Fer,31821,Alanyaspor,6362,turkey,2122,627,20,6,6.69,0,0,0,,,13,0,0.0,69,15,62.5,170,200,370,90.46,12,60.0,8,0,0,0,,0,0,1,1,5,17,0,0,5,6,34,0,1,14,0,0.0,,6,5,1,0,0,,27,50.94,0,0,0,39,5,4,0,0,,0,0,0,0,0.0,0,0,0,0,54,4,0,0,0,0,0,0,0,0,0,0.0,0.0,0,1,4,2,2,10,90.91,0,7,6,85.71,4,21,11,0,39,53.42,24,201,208,409,113.8,5,0,488,10,1,0
DeAndre Yedlin,314040,Galatasaray,3061,turkey,2122,1305,16,15,6.69,0,0,0,,,20,8,21.05,127,20,57.14,233,221,446,83.68,17,58.62,12,0,0,0,,0,0,1,3,22,16,0,0,7,7,43,0,1,10,0,0.0,,21,17,4,0,0,,34,52.31,0,0,0,87,16,11,0,1,,0,0,0,1,0.0,0,0,0,0,167,3,0,0,0,0,0,0,0,0,0,0.0,0.0,0,1,2,1,1,3,27.27,0,24,14,58.33,11,32,11,38,51,54.26,35,320,251,533,107.1,3,0,864,7,3,0
Jure Balkovec,171625,Fatih Karagümrük,4954,turkey,2122,1847,30,18,6.69,1,2,3,,,37,12,23.53,109,50,46.73,320,515,823,81.57,9,32.14,19,0,0,0,,8,1,1,5,38,29,0,0,9,11,56,0,1,14,0,6.67,,34,30,4,1,0,,36,49.32,0,0,0,186,15,19,1,0,,0,0,0,0,0.0,0,0,0,0,274,4,0,0,0,0,0,0,0,0,0,1847.0,0.0,3,5,10,7,7,5,55.56,0,20,11,55.0,19,104,9,51,45,44.55,107,473,587,1009,194.1,15,1,1343,11,4,0
Papiss Demba Cissé,8978,Çaykur Rizespor,3064,turkey,2122,647,14,8,6.69,2,2,4,,,6,0,0.0,41,5,62.5,86,58,144,75.39,14,43.75,18,0,0,0,,1,5,0,0,4,13,0,0,8,5,39,0,0,7,0,11.11,,16,15,1,2,0,,9,30.0,1,0,0,47,0,7,0,6,,0,0,0,0,0.0,0,0,0,0,82,3,0,0,1,0,0,0,0,0,0,323.5,0.0,0,16,2,10,8,4,50.0,0,3,1,33.33,7,6,8,6,23,37.1,8,129,68,191,87.0,18,0,276,2,1,0
Sacha Boey,980418,Galatasaray,3061,turkey,2122,1069,13,12,6.69,0,0,0,,,8,6,23.08,88,16,47.06,182,193,369,82.74,15,55.56,12,0,0,0,,0,0,1,2,21,13,0,0,6,14,60,0,0,19,0,0.0,,19,16,3,0,0,,48,50.0,0,0,0,77,18,10,0,1,,0,0,0,0,0.0,0,0,0,1,149,4,0,0,0,0,0,0,0,0,0,0.0,0.0,0,0,4,1,2,8,44.44,0,28,20,71.43,10,18,18,26,63,51.22,34,247,225,446,87.0,4,0,743,12,3,0
Olivier Kemen,280447,Kayserispor,3072,turkey,2122,1276,22,13,6.69,1,0,1,,,29,5,38.46,100,43,51.81,181,209,385,78.73,22,64.71,12,0,0,0,,0,0,7,2,5,22,0,0,19,20,95,0,0,39,0,5.0,,20,15,5,1,0,,67,44.67,1,0,0,104,13,12,0,2,,0,0,0,0,0.0,0,0,0,0,169,7,0,0,0,0,0,0,0,0,0,1276.0,0.0,0,14,6,8,5,10,58.82,0,27,16,59.26,12,51,17,13,89,48.37,83,270,232,489,147.2,20,0,713,31,4,0
Pizzi,77725,Başakşehir FK,3086,turkey,2122,283,10,4,6.69,1,1,2,,,4,2,22.22,33,8,72.73,61,67,126,85.14,1,16.67,5,0,0,0,,1,0,2,0,3,9,0,0,5,2,16,0,0,4,0,14.29,,4,3,1,0,1,,5,31.25,0,0,0,22,3,4,0,1,,0,0,0,0,0.0,0,0,0,0,45,2,0,0,1,0,0,0,0,0,0,283.0,0.0,1,5,2,3,2,1,100.0,0,2,2,100.0,4,9,1,9,6,27.27,11,83,74,148,60.2,7,0,204,2,0,0
Oğulcan Çağlayan,387050,Galatasaray,3061,turkey,2122,338,8,3,6.69,0,0,0,,,4,4,23.53,27,3,60.0,49,37,82,77.36,7,53.85,6,0,0,0,,0,1,1,1,3,8,0,0,4,3,27,0,0,11,0,0.0,,6,4,2,0,0,,23,52.27,0,0,0,24,3,4,0,0,,0,0,0,0,0.0,0,0,0,0,61,3,0,0,0,0,0,0,0,0,0,0.0,0.0,0,4,1,2,2,9,69.23,0,9,3,33.33,4,6,13,17,30,52.63,5,81,42,106,53.5,5,0,204,5,2,0
Joseph Attamah,332963,Kayserispor,3072,turkey,2122,2043,30,21,6.69,2,1,3,,,26,0,0.0,93,44,48.89,287,432,719,85.19,18,54.55,15,0,0,0,,1,2,4,4,45,30,0,0,8,21,66,0,0,17,0,15.38,,38,33,5,2,0,,57,52.78,1,0,0,125,22,6,0,1,,0,0,0,0,0.0,0,0,0,0,162,4,0,0,1,0,0,0,0,0,0,1021.5,0.0,0,5,8,5,4,10,66.67,0,34,23,67.65,6,50,15,2,75,53.19,90,370,476,844,200.6,13,0,1078,15,2,0
Aytaç Kara,128196,Göztepe,3054,turkey,2122,599,13,5,6.68,0,1,1,,,19,4,23.53,76,25,53.19,149,165,310,82.01,8,57.14,6,0,0,0,,2,0,4,0,5,13,0,0,3,9,26,0,0,7,0,0.0,,19,16,3,0,0,,26,56.52,0,0,0,68,2,7,0,0,,0,0,0,0,0.0,0,0,0,0,92,3,0,0,0,0,0,0,0,0,0,0.0,0.0,1,4,5,4,1,3,75.0,0,12,9,75.0,7,40,4,17,34,56.67,47,211,184,378,86.9,9,0,470,11,4,0
Amedej Vetrih,68342,Gaziantep FK,5138,turkey,2122,853,14,10,6.68,0,0,0,,,29,1,100.0,53,29,78.38,145,189,333,87.63,10,58.82,7,0,0,0,,0,0,3,0,13,13,0,0,8,11,36,0,0,9,0,0.0,,15,13,2,0,0,,23,44.23,0,0,0,47,10,5,0,0,,0,0,0,0,0.0,0,0,0,0,66,3,0,0,0,0,0,0,0,0,0,0.0,0.0,0,2,3,2,0,1,33.33,0,17,10,58.82,5,42,3,1,33,47.83,37,178,203,380,86.9,5,0,485,5,2,0
Ali Şaşal Vural,94540,Sivasspor,3076,turkey,2122,2250,25,25,6.68,0,1,1,,,58,0,0.0,22,193,44.78,115,302,417,63.28,13,92.86,1,0,0,0,,1,0,0,5,4,25,1,0,0,0,1,1,0,0,0,0.0,,33,30,3,0,0,,2,100.0,0,19,0,242,1,1,0,0,,0,0,0,0,0.0,5,0,0,0,248,0,4,0,0,3,30,27,57,0,11,0.0,0.0,0,0,0,0,0,1,100.0,3,0,0,0.0,1,113,1,0,15,93.75,431,302,357,659,167.1,0,0,862,6,2,0
Medhi Benatia,27068,Fatih Karagümrük,4954,turkey,2122,330,6,5,6.68,0,0,0,,,3,0,0.0,20,7,41.18,109,232,341,93.42,7,70.0,3,0,0,0,,0,0,0,0,3,6,0,0,4,2,15,0,1,7,0,0.0,,3,2,1,0,0,,5,29.41,0,0,0,24,5,0,0,0,,0,0,0,0,0.0,0,0,0,0,28,0,0,0,0,0,0,0,0,0,0,0.0,0.0,0,0,0,0,0,0,0.0,0,3,1,33.33,0,9,0,0,12,44.44,17,121,244,365,40.1,0,0,388,2,0,0
Vato Arveladze,886407,Fatih Karagümrük,4954,turkey,2122,147,6,0,6.68,0,0,0,,,0,0,0.0,24,0,0.0,37,26,63,88.73,1,33.33,2,0,0,0,,0,0,0,0,1,6,0,0,3,0,9,0,0,3,0,0.0,,5,5,0,0,0,,12,63.16,0,0,0,8,0,4,0,1,,0,0,0,0,0.0,0,0,0,0,17,0,0,0,0,0,0,0,0,0,0,0.0,0.0,0,1,0,0,1,7,77.78,0,3,3,100.0,4,0,9,0,13,59.09,1,45,26,71,40.1,1,0,99,2,1,0
Peter Žulj,95377,Başakşehir FK,3086,turkey,2122,187,7,2,6.68,0,0,0,,,2,1,100.0,39,3,60.0,86,50,135,91.22,2,40.0,3,0,0,0,,0,0,0,0,1,6,0,0,4,2,14,0,0,3,0,0.0,,5,5,0,0,0,,9,45.0,0,0,0,13,0,4,0,0,,0,0,0,0,0.0,0,0,0,0,24,4,0,0,0,0,0,0,0,0,0,0.0,0.0,0,1,2,1,2,3,60.0,0,2,2,100.0,4,5,5,1,11,44.0,5,96,53,148,40.1,3,0,179,4,0,0
Bryan Dabo,116623,Çaykur Rizespor,3064,turkey,2122,870,19,9,6.68,0,1,1,,,16,0,0.0,85,24,57.14,184,184,368,76.67,30,76.92,9,0,0,0,,2,0,1,1,15,17,0,0,12,11,61,0,0,23,0,0.0,,21,21,0,0,0,,56,51.85,0,0,0,112,10,5,0,0,,0,0,0,1,0.0,0,0,0,1,156,4,0,0,0,0,0,0,0,0,0,0.0,0.0,0,7,1,6,1,15,65.22,0,14,6,42.86,5,34,23,5,86,58.5,42,271,214,480,113.6,8,0,640,27,3,0
Dylan Saint-Louis,788833,Hatayspor,3091,turkey,2122,1529,35,14,6.68,4,5,9,,,16,15,20.27,109,15,40.54,200,115,300,71.26,8,21.62,29,0,0,0,,8,4,8,1,11,33,0,0,30,20,123,0,0,20,0,14.81,,31,26,5,3,1,,73,43.71,0,0,0,121,2,24,1,8,,0,0,0,1,0.0,0,0,0,0,300,15,0,0,3,0,0,0,0,0,0,382.25,0.0,1,19,8,11,8,25,47.17,0,26,14,53.85,24,42,53,74,81,39.71,37,361,134,421,220.5,27,0,787,23,2,0
Gökhan Akkan,225012,Çaykur Rizespor,3064,turkey,2122,2388,27,27,6.68,0,0,0,,,41,0,0.0,14,135,37.29,91,375,466,66.76,14,100.0,0,0,0,0,,0,0,0,3,27,27,3,0,0,3,3,4,0,0,0,0.0,,54,52,2,0,0,,2,40.0,0,15,0,232,0,0,0,0,,0,0,0,0,0.0,10,0,0,0,237,0,13,0,0,10,57,32,91,0,19,0.0,0.0,0,0,0,0,0,0,0.0,10,2,1,50.0,0,84,0,0,16,84.21,362,274,424,698,180.4,0,2,995,3,0,0
Ceyhun Gülselam,20747,Altay,3070,turkey,2122,1259,22,15,6.68,1,2,3,,,21,4,100.0,98,26,50.0,208,200,404,79.06,25,50.0,25,0,0,0,,4,0,3,0,24,21,0,0,6,24,91,0,0,32,0,10.0,,26,23,3,0,1,,49,42.61,0,0,0,107,16,9,0,1,,0,0,0,1,0.0,0,0,0,0,140,4,0,0,1,0,0,0,0,0,0,1259.0,0.0,0,2,8,6,1,7,53.85,0,30,16,53.33,9,39,13,4,74,44.85,52,287,228,511,140.3,10,0,691,12,6,0
Umut Meraş,609746,Beşiktaş JK,3050,turkey,2122,1357,22,14,6.68,0,2,2,,,20,9,18.37,183,15,33.33,339,244,574,81.42,30,53.57,26,0,0,0,,2,0,5,1,37,21,0,0,9,10,71,1,1,17,0,0.0,,23,22,1,0,0,,55,55.0,0,0,0,131,24,8,0,1,,0,0,0,0,0.0,0,0,0,0,236,4,0,0,0,0,0,0,0,0,0,0.0,0.0,0,5,4,4,0,10,50.0,0,28,19,67.86,8,47,20,49,85,54.49,45,468,286,705,140.3,9,0,1129,17,2,0
Gervinho,26991,Trabzonspor,3051,turkey,2122,379,9,6,6.68,2,1,3,,,3,1,25.0,43,0,0.0,67,28,94,88.68,0,0.0,4,0,0,0,,2,2,0,0,0,9,0,0,5,3,32,0,0,3,0,33.33,,3,3,0,2,0,,12,30.0,0,0,0,12,2,9,2,4,,0,0,0,0,0.0,0,0,0,0,56,6,0,0,0,0,0,0,0,0,0,189.5,0.0,0,6,0,1,5,4,19.05,0,4,2,50.0,9,3,21,4,12,27.27,0,80,30,106,60.1,6,0,183,4,0,0
Taylan Antalyalı,190197,Galatasaray,3061,turkey,2122,2051,30,25,6.68,0,0,0,,,61,2,28.57,211,85,63.91,512,486,996,84.84,19,44.19,24,0,0,0,,1,1,2,1,27,30,0,1,19,20,110,2,1,39,0,0.0,,34,27,7,0,0,,81,48.5,0,0,0,178,40,12,0,0,,0,0,0,1,0.0,0,0,0,0,234,17,0,1,0,0,0,0,0,0,0,0.0,0.0,0,2,6,6,0,15,60.0,0,31,17,54.84,12,106,25,7,100,47.62,133,636,545,1174,200.3,8,0,1462,35,6,0
Fabrice N'Sakala,123387,Beşiktaş JK,3050,turkey,2122,346,4,4,6.68,0,0,0,,,1,2,20.0,51,5,33.33,100,57,155,79.9,3,60.0,2,0,0,0,,0,0,1,1,5,4,0,0,7,1,20,1,0,6,0,0.0,,4,4,0,0,0,,18,50.0,0,0,0,39,6,5,0,0,,0,0,0,0,0.0,0,0,0,0,69,2,0,0,0,0,0,0,0,0,0,0.0,0.0,0,0,1,0,0,4,50.0,0,9,2,22.22,5,10,8,10,21,51.22,15,130,74,194,26.7,1,0,298,5,1,0
Bahadır Öztürk,790783,Antalyaspor,3056,turkey,2122,252,10,3,6.68,0,0,0,,,5,0,0.0,12,11,50.0,27,124,151,88.3,10,66.67,5,0,0,0,,1,0,0,0,13,8,0,0,1,0,7,0,0,1,0,0.0,,4,4,0,0,0,,4,66.67,0,0,0,20,3,1,0,0,,0,0,0,0,0.0,0,0,0,0,22,1,0,0,0,0,0,0,0,0,0,0.0,0.0,0,1,0,1,0,1,100.0,0,2,2,100.0,1,10,1,0,14,66.67,22,38,133,171,53.4,1,0,202,1,0,0
Oussama Haddadi,867180,Yeni Malatyaspor,24759,turkey,2122,2252,26,25,6.67,0,1,1,,,76,12,23.53,156,90,54.55,385,507,880,79.71,14,63.64,8,0,0,0,,1,1,1,6,52,26,0,0,10,13,56,1,0,15,0,0.0,,44,36,8,0,0,,44,47.83,0,0,0,224,34,20,0,0,,0,0,0,2,0.0,0,0,0,0,336,1,0,1,0,0,0,0,0,0,0,0.0,0.0,2,4,2,2,3,8,44.44,0,23,13,56.52,20,144,18,51,58,50.88,165,562,593,1104,173.5,6,0,1552,13,0,1
Kaan Kanak,78839,Adana Demirspor,3101,turkey,2122,1285,18,14,6.67,0,2,2,,,19,8,19.51,76,24,36.92,170,211,373,76.12,12,66.67,6,0,0,0,,1,0,2,2,31,18,0,0,13,6,36,0,0,6,0,0.0,,14,13,1,0,0,,24,44.44,0,0,0,117,17,10,0,0,,0,0,0,0,0.0,0,0,0,0,205,5,0,0,0,0,0,0,0,0,0,0.0,0.0,1,4,1,2,1,2,22.22,0,12,10,83.33,10,43,9,41,36,50.0,65,272,259,490,120.1,5,0,787,10,0,0
Yasir Subaşı,796555,Kayserispor,3072,turkey,2122,769,15,8,6.67,0,1,1,,,5,8,38.1,29,12,52.17,85,122,199,80.57,5,31.25,11,0,0,0,,2,1,0,2,22,14,0,0,1,4,26,0,0,8,0,0.0,,14,11,3,0,0,,25,62.5,0,0,0,48,9,3,0,4,,1,0,0,0,0.0,0,0,0,0,80,1,0,0,0,0,0,0,0,0,0,0.0,0.0,0,3,1,3,1,2,50.0,0,15,9,60.0,3,13,4,21,30,53.57,23,128,140,247,93.4,4,0,417,8,2,0
Lionel Carole,122922,Kayserispor,3072,turkey,2122,2650,31,31,6.67,0,2,2,,,42,12,18.75,168,64,41.29,412,514,914,76.68,33,51.56,31,0,0,0,,2,2,5,7,61,31,0,0,17,19,101,0,0,18,0,0.0,,46,36,10,0,0,,83,54.25,0,0,0,278,49,14,0,5,,0,0,0,1,0.0,0,0,0,0,478,7,0,0,0,0,0,0,0,0,0,0.0,0.0,0,2,8,3,2,14,42.42,0,43,26,60.47,14,119,33,64,116,53.46,155,641,615,1192,206.8,10,0,1878,26,5,0
Ahmed Musa,139502,Fatih Karagümrük,4954,turkey,2122,1746,31,20,6.67,2,2,4,,,3,7,21.88,128,15,46.88,217,153,363,73.78,9,28.13,23,0,0,0,,2,4,11,3,7,30,0,0,18,22,105,0,0,12,0,4.65,,24,21,3,2,0,,54,39.71,0,0,2,129,9,23,1,4,,0,0,0,0,0.0,0,0,0,0,253,7,0,0,1,0,0,0,0,0,0,873.0,0.0,0,18,25,13,19,24,44.44,0,18,11,61.11,23,16,54,32,63,37.5,32,345,179,492,200.1,43,0,779,12,1,0
Mohammad Naderi,925894,Altay,3070,turkey,2122,1639,24,22,6.67,1,1,2,,,11,6,16.67,110,15,30.61,210,195,399,76.0,23,60.53,15,0,0,0,,2,0,1,1,25,23,0,0,17,16,85,0,0,28,0,12.5,,28,25,3,1,0,,101,59.06,0,0,0,126,26,11,1,5,,0,0,0,0,0.0,0,0,0,0,250,6,0,1,0,0,0,0,0,0,0,1639.0,0.0,0,5,3,6,1,13,56.52,0,52,34,65.38,11,31,23,36,124,59.33,49,326,235,525,153.4,8,0,978,36,3,1
Khouma Babacar,88697,Alanyaspor,6362,turkey,2122,538,16,5,6.67,3,0,3,,,4,0,0.0,32,5,45.45,49,59,108,73.47,13,46.43,15,0,0,0,,1,3,5,0,3,16,0,0,6,3,46,0,0,15,0,13.64,,9,7,2,3,0,,22,41.51,2,0,1,39,4,3,0,2,,0,0,0,0,0.0,0,0,0,0,71,2,0,0,1,0,0,0,0,0,0,179.33,0.0,1,15,7,11,6,5,35.71,0,5,1,20.0,3,8,14,0,35,43.21,11,79,68,147,106.7,22,0,236,12,1,0
Anthony Uzodimma,993108,Kayserispor,3072,turkey,2122,140,3,2,6.67,0,0,0,,,0,0,0.0,6,3,42.86,14,24,38,77.55,2,50.0,2,0,0,0,,0,0,0,0,3,3,0,0,2,1,7,0,0,1,0,0.0,,2,2,0,0,0,,11,68.75,0,0,0,11,1,0,0,0,,0,0,0,0,0.0,0,0,0,0,24,0,0,0,0,0,0,0,0,0,0,0.0,0.0,0,0,1,1,0,1,50.0,0,5,4,80.0,0,0,2,1,13,65.0,7,22,28,49,20.0,1,0,83,5,0,0
Strahil Popov,52001,Hatayspor,3091,turkey,2122,227,4,2,6.67,0,0,0,,,4,3,15.79,16,14,56.0,52,41,90,75.63,5,100.0,0,0,0,0,,0,0,0,1,5,3,0,0,2,3,11,0,0,1,0,0.0,,4,4,0,0,0,,4,26.67,0,0,0,29,5,2,0,1,,0,0,0,0,0.0,0,0,0,0,63,2,0,0,0,0,0,0,0,0,0,0.0,0.0,0,0,0,0,0,1,16.67,0,3,2,66.67,2,15,6,19,9,45.0,25,85,53,119,20.0,0,0,207,0,0,0
Tymoteusz Puchacz,867493,Trabzonspor,3051,turkey,2122,733,9,8,6.67,0,0,0,,,11,5,35.71,53,26,70.27,124,151,270,85.99,4,40.0,6,0,0,0,,1,0,3,2,7,9,0,0,8,8,46,0,0,12,0,0.0,,9,9,0,0,0,,30,42.86,0,0,0,44,6,3,0,0,,0,0,0,0,0.0,0,0,0,0,98,2,0,0,0,0,0,0,0,0,0,0.0,0.0,0,2,6,4,1,5,29.41,0,16,12,75.0,3,21,17,14,34,42.5,37,160,168,314,60.0,8,0,509,9,0,0
Erik Sabo,156617,Çaykur Rizespor,3064,turkey,2122,2111,34,25,6.66,1,2,3,,,39,2,12.5,139,52,50.98,356,412,766,81.14,33,49.25,34,0,0,0,,4,4,2,0,16,34,0,0,17,15,108,0,0,31,0,4.35,,43,42,1,1,0,,80,51.95,0,0,0,178,18,21,0,7,,0,0,0,0,0.0,0,0,0,0,257,8,0,0,1,0,0,0,0,0,0,2111.0,0.0,1,13,10,12,9,15,55.56,0,29,22,75.86,21,72,27,16,113,51.13,102,500,460,944,226.6,23,0,1230,36,6,0
Carlos Mané,859748,Kayserispor,3072,turkey,2122,1028,29,6,6.66,2,0,2,,,14,11,23.4,102,12,60.0,167,139,295,78.67,11,57.89,8,0,0,0,,1,0,7,0,5,28,0,0,18,12,69,0,0,11,0,11.11,,17,12,5,2,0,,60,49.59,0,0,1,80,14,11,1,2,,0,1,0,0,0.0,0,0,0,0,186,3,0,0,1,0,0,0,0,0,0,514.0,0.0,0,12,6,5,6,23,52.27,0,24,9,37.5,10,25,44,47,71,50.71,20,270,152,375,186.6,18,0,631,13,2,0
Houssameddine Ghacha,941633,Antalyaspor,3056,turkey,2122,1130,32,7,6.66,1,2,3,,,0,7,23.33,97,5,23.81,158,59,210,73.17,2,6.67,28,0,0,0,,5,3,4,0,2,32,0,0,30,17,129,0,0,20,0,6.25,,17,15,2,1,0,,91,47.4,0,0,0,77,20,27,0,2,,0,0,0,1,0.0,0,0,0,1,213,16,0,0,1,0,0,0,0,0,0,1130.0,0.0,0,13,3,5,7,44,56.41,0,26,14,53.85,27,9,78,30,93,41.89,21,242,75,287,213.2,16,0,623,21,2,0
Hakan Arslan,60646,Sivasspor,3076,turkey,2122,2168,31,24,6.66,0,0,0,,,42,0,0.0,84,48,55.81,269,363,632,78.22,59,47.58,65,0,0,0,,0,4,5,4,32,31,0,0,12,46,154,0,0,32,0,0.0,,27,24,3,0,0,,84,48.55,0,0,2,176,27,12,0,2,,0,0,0,1,0.0,0,0,0,0,223,5,0,0,0,0,0,0,0,0,0,0.0,0.0,0,23,3,15,6,3,37.5,0,54,25,46.3,12,70,8,1,143,48.15,86,375,434,808,206.5,26,0,1098,27,2,0
Zeki Yildirim,107658,Altay,3070,turkey,2122,1631,28,18,6.66,0,1,1,,,12,1,6.67,137,16,41.03,268,247,514,79.94,20,57.14,15,0,0,0,,1,1,3,2,17,26,0,0,22,33,109,0,0,29,0,0.0,,25,24,1,0,0,,77,45.03,0,0,0,129,30,11,0,1,,0,0,0,1,0.0,0,0,0,0,218,17,0,0,0,0,0,0,0,0,0,0.0,0.0,0,6,14,11,6,13,52.0,0,44,24,54.55,11,29,25,15,97,47.09,39,381,277,643,173.1,20,0,957,20,6,0
Vegar Eggen Hedenstad,35799,Fatih Karagümrük,4954,turkey,2122,1096,14,14,6.66,0,1,1,,,6,0,0.0,53,15,53.57,138,285,423,88.49,8,40.0,12,0,0,0,,1,1,1,2,21,14,0,1,2,8,34,0,0,11,0,0.0,,16,14,2,0,0,,28,56.0,0,0,0,55,8,5,0,0,,0,0,0,0,0.0,0,0,0,0,99,1,0,2,0,0,0,0,0,0,0,0.0,0.0,0,2,1,2,0,4,66.67,0,14,9,64.29,5,13,6,10,36,51.43,28,176,312,478,93.2,3,0,688,11,0,1
Michal Trávník,152973,Kasımpaşa,6063,turkey,2122,1728,29,17,6.66,3,2,5,,,37,10,17.86,206,42,56.76,384,247,621,81.39,14,37.84,23,0,0,0,,3,2,7,1,14,29,0,0,23,28,118,0,2,37,0,10.34,,35,26,9,3,0,,81,46.02,0,0,0,142,12,16,2,3,,0,0,0,1,0.0,0,0,0,0,265,7,0,0,1,0,0,0,0,0,0,576.0,0.0,0,16,13,13,9,13,59.09,0,37,20,54.05,16,65,22,56,95,44.6,74,540,279,763,193.0,29,0,1109,31,9,0
Olarenwaju Kayode,799559,Sivasspor,3076,turkey,2122,1663,33,18,6.65,6,1,7,,,3,3,7.5,84,7,35.0,147,86,230,73.48,9,26.47,25,0,0,0,,0,12,6,0,10,33,0,1,16,14,99,0,0,28,0,15.38,,25,21,4,6,0,,60,44.78,1,0,1,83,8,13,1,11,,0,0,0,0,0.0,0,0,0,1,219,11,0,1,2,0,0,0,0,0,0,277.17,0.0,0,34,5,18,15,12,38.71,0,12,7,58.33,13,12,31,40,69,41.07,20,254,99,313,219.6,39,0,624,36,1,0
Emre Çolak,68002,Başakşehir FK,3086,turkey,2122,360,15,4,6.65,0,0,0,,,22,5,22.73,88,21,67.74,139,56,190,82.97,2,33.33,4,0,0,0,,1,0,3,0,2,11,0,0,6,8,27,0,0,5,0,0.0,,6,4,2,0,0,,20,46.51,0,0,0,39,4,6,0,0,,0,0,0,0,0.0,0,0,0,0,77,3,0,0,0,0,0,0,0,0,0,0.0,0.0,1,1,6,3,1,4,44.44,0,7,6,85.71,6,39,9,22,22,44.9,31,182,69,229,73.2,7,0,318,9,0,0
Kubilay Kanatsızkuş,828953,Çaykur Rizespor,3064,turkey,2122,458,19,3,6.65,1,0,1,,,0,0,0.0,16,0,0.0,36,27,63,69.23,10,43.48,13,0,0,0,,0,1,1,0,7,17,0,0,9,3,32,0,0,8,0,25.0,,7,6,1,1,0,,18,48.65,0,0,0,28,5,4,0,2,,0,0,0,0,0.0,0,0,0,0,47,4,0,0,1,0,0,0,0,0,0,458.0,0.0,0,4,0,2,1,6,100.0,0,7,6,85.71,4,0,6,1,28,46.67,1,62,30,91,113.1,4,0,158,5,1,0
Dimitris Kolovetsios,68228,Kayserispor,3072,turkey,2122,1791,21,20,6.65,1,0,1,,,41,0,0.0,37,73,46.5,189,555,744,83.31,22,51.16,21,0,0,0,,0,0,2,5,79,21,0,0,1,10,42,0,0,10,0,12.5,,29,24,5,1,0,,24,53.33,0,0,0,149,17,0,0,0,,0,0,0,0,0.0,0,0,0,0,159,0,0,1,1,0,0,0,0,0,0,1791.0,0.0,0,7,1,4,2,0,0.0,0,21,10,47.62,0,84,1,0,46,52.27,157,287,606,893,139.7,8,0,1077,3,2,1
Miguel Cardoso,344009,Kayserispor,3072,turkey,2122,1276,28,15,6.65,4,1,5,,,8,17,22.37,113,17,36.17,194,124,301,72.01,26,50.98,25,0,0,0,,3,1,6,0,15,26,0,0,11,17,99,0,0,22,0,18.18,,31,27,4,4,0,,51,40.8,1,0,0,117,7,15,0,5,,0,1,0,0,0.0,0,0,0,0,260,5,0,0,3,0,0,0,0,0,0,319.0,0.0,0,15,7,8,8,15,37.5,0,22,9,40.91,14,26,40,76,77,43.75,47,332,162,418,172.9,22,1,728,15,1,0
Buluthan Bulut,1046689,Alanyaspor,6362,turkey,2122,30,2,0,6.65,0,0,0,,,0,0,0.0,3,0,0.0,6,5,11,78.57,2,66.67,1,0,0,0,,0,0,0,0,0,2,0,0,1,0,2,0,0,0,0,0.0,,1,0,1,0,0,,3,75.0,0,0,0,3,0,0,0,0,,0,0,0,0,0.0,0,0,0,0,6,0,0,0,0,0,0,0,0,0,0,0.0,0.0,0,0,0,0,0,0,0.0,0,3,3,100.0,0,0,0,1,5,71.43,1,10,5,14,13.3,0,0,24,0,0,0
Uğurcan Yazğılı,904303,Konyaspor,3085,turkey,2122,101,3,1,6.65,0,0,0,,,1,0,0.0,0,2,25.0,2,28,30,78.95,1,50.0,1,0,0,0,,0,0,0,0,9,2,0,0,0,1,3,0,0,1,0,0.0,,1,1,0,0,0,,3,60.0,0,0,0,8,1,0,0,0,,0,0,0,0,0.0,0,0,0,0,9,0,0,0,0,0,0,0,0,0,0,0.0,0.0,0,2,0,2,0,0,0.0,0,0,0,0.0,0,5,0,0,4,57.14,8,5,33,38,13.3,2,0,57,3,0,0
Çağan Kayra Erciyas,1171404,Alanyaspor,6362,turkey,2122,54,3,1,6.65,0,0,0,,,0,0,0.0,3,0,0.0,5,5,10,62.5,1,100.0,0,0,0,0,,0,0,0,0,1,2,0,0,0,0,1,0,1,1,0,0.0,,0,0,0,0,0,,1,50.0,0,0,0,6,1,0,0,0,,0,0,0,0,0.0,0,0,0,0,8,0,0,0,0,0,0,0,0,0,0,0.0,0.0,0,0,0,0,0,0,0.0,0,1,0,0.0,0,0,0,0,2,66.67,1,9,7,16,13.3,0,0,28,0,0,0
Eren Karadağ,953508,Çaykur Rizespor,3064,turkey,2122,24,5,0,6.65,0,0,0,,,0,0,0.0,4,0,0.0,7,3,10,83.33,0,0.0,1,0,0,0,,0,0,0,0,1,2,0,0,1,1,5,0,0,0,0,0.0,,3,3,0,0,0,,3,42.86,0,0,0,2,0,0,0,0,,0,0,0,0,0.0,0,0,0,1,12,0,0,0,0,0,0,0,0,0,0,0.0,0.0,0,1,1,1,1,0,0.0,0,1,1,100.0,0,0,2,2,3,37.5,1,11,3,12,13.3,2,0,33,2,0,0
Ozan Tufan,251907,Fenerbahçe,3052,turkey,2122,174,6,2,6.65,0,0,0,,,5,0,0.0,13,3,50.0,35,44,79,79.8,2,66.67,1,0,0,0,,0,0,1,0,3,4,0,0,0,2,5,0,0,1,0,0.0,,3,2,1,0,0,,8,66.67,0,0,0,20,0,1,0,0,,0,0,0,0,0.0,0,0,0,0,25,1,0,0,0,0,0,0,0,0,0,0.0,0.0,0,1,2,2,0,3,75.0,0,3,2,66.67,1,11,4,2,10,66.67,6,53,48,99,26.6,3,0,132,2,0,0
Atakan Mujde,1134704,Yeni Malatyaspor,24759,turkey,2122,295,6,3,6.65,0,0,0,,,6,0,0.0,8,5,50.0,35,55,90,84.91,6,75.0,2,0,0,0,,0,0,1,0,4,6,0,0,2,6,18,0,0,4,0,0.0,,7,6,1,0,0,,16,50.0,0,0,0,16,3,3,0,0,,0,0,0,0,0.0,0,0,0,0,31,3,0,0,0,0,0,0,0,0,0,0.0,0.0,0,1,4,0,4,2,33.33,0,6,4,66.67,3,9,6,1,22,55.0,10,48,59,106,39.9,5,0,160,8,3,0
Serkan Asan,952726,Trabzonspor,3051,turkey,2122,291,10,3,6.65,0,0,0,,,4,1,20.0,25,7,53.85,54,65,118,83.1,3,37.5,5,0,0,0,,1,0,0,1,7,10,0,0,4,3,15,0,1,1,0,0.0,,1,1,0,0,0,,11,52.38,0,0,0,24,7,1,0,1,,0,0,0,0,0.0,0,0,0,0,53,1,0,0,0,0,0,0,0,0,0,0.0,0.0,0,0,0,0,0,2,50.0,0,4,2,50.0,1,7,4,5,14,48.28,13,69,78,142,66.5,0,0,224,5,0,0
Philip Awuku Gameli,1126524,Yeni Malatyaspor,24759,turkey,2122,1000,18,10,6.65,0,0,0,,,9,0,0.0,25,24,38.1,68,235,303,77.49,26,66.67,13,0,0,0,,0,0,2,1,48,16,0,0,3,9,43,0,1,14,0,0.0,,23,22,1,0,0,,36,54.55,0,0,0,88,12,0,0,0,,0,0,0,0,0.0,0,0,0,0,103,1,0,0,0,0,0,0,0,0,0,0.0,0.0,0,7,1,4,2,5,55.56,0,17,9,52.94,0,34,9,0,62,59.05,63,121,270,391,106.4,8,0,554,14,3,0
Isaac Sackey,292965,Hatayspor,3091,turkey,2122,1671,26,20,6.65,0,0,0,,,42,1,25.0,77,81,50.31,229,470,698,82.51,42,67.74,20,0,0,0,,1,0,3,3,49,23,0,0,8,15,71,0,0,19,0,0.0,,28,24,4,0,0,,44,46.32,0,0,0,148,20,2,0,0,,0,0,0,0,0.0,0,0,0,0,190,5,0,0,0,0,0,0,0,0,0,0.0,0.0,0,3,3,3,0,14,60.87,0,24,15,62.5,2,98,23,4,86,54.78,161,339,511,846,152.9,6,1,1066,6,6,0
Marco Paixão,81478,Altay,3070,turkey,2122,688,23,4,6.65,2,0,2,,,5,1,12.5,49,3,60.0,80,38,117,66.86,33,44.59,41,0,0,1,,0,4,8,0,7,22,0,0,13,5,82,0,0,20,0,7.14,,9,8,1,2,0,,31,43.06,0,0,3,58,1,7,0,8,,0,0,2,0,50.0,0,1,0,0,104,9,0,0,2,0,0,0,0,0,0,344.0,0.0,0,24,4,15,5,4,40.0,0,8,5,62.5,7,9,10,8,64,43.84,5,142,41,175,146.2,28,0,313,19,3,0
Lucas Castro,122711,Adana Demirspor,3101,turkey,2122,399,11,4,6.65,0,0,0,,,4,3,30.0,36,2,28.57,84,66,147,81.22,2,25.0,6,0,0,0,,0,0,0,0,4,11,0,0,7,4,33,0,0,12,0,0.0,,6,4,2,0,0,,23,46.0,0,0,1,34,3,7,0,1,,0,0,0,0,0.0,0,0,0,0,71,0,0,0,0,0,0,0,0,0,0,0.0,0.0,0,3,2,3,2,8,61.54,0,8,5,62.5,7,14,13,10,25,43.1,7,122,69,181,73.1,5,0,270,7,1,0
Atabey Çiçek,190207,Başakşehir FK,3086,turkey,2122,120,11,0,6.64,0,1,1,,,0,1,100.0,10,0,0.0,18,9,26,65.0,5,38.46,8,0,0,0,,2,2,3,0,0,9,0,0,2,4,20,0,0,5,0,0.0,,0,0,0,0,0,,3,20.0,0,0,0,14,2,3,0,0,,0,0,0,0,0.0,0,0,0,0,21,1,0,0,0,0,0,0,0,0,0,0.0,0.0,0,5,1,0,3,1,50.0,0,2,0,0.0,3,0,2,1,8,28.57,0,29,12,40,59.8,6,0,63,0,0,0
Aziz Behich,576220,Giresunspor,5765,turkey,2122,2793,34,32,6.64,0,2,2,,,59,12,13.33,249,77,37.56,487,532,1007,79.79,13,36.11,23,0,0,0,,6,0,2,7,49,34,0,0,23,25,113,0,1,10,0,0.0,,35,32,3,0,0,,95,51.35,0,0,0,255,15,23,0,3,,0,0,0,0,0.0,0,0,0,1,480,16,0,0,0,0,0,0,0,0,0,0.0,0.0,0,6,3,3,4,31,47.69,0,36,20,55.56,23,124,65,90,108,48.87,205,739,613,1262,225.9,9,1,2006,28,4,0
Yann Karamoh,802149,Fatih Karagümrük,4954,turkey,2122,1604,32,19,6.64,4,1,5,,,11,3,15.79,151,15,62.5,266,116,379,82.03,5,41.67,7,0,0,0,,1,3,9,0,6,32,0,1,25,12,98,0,1,15,0,14.81,,23,20,3,4,0,,93,50.54,0,0,0,83,7,15,1,17,,0,0,0,0,0.0,0,0,0,1,244,12,0,1,3,0,0,0,0,0,0,401.0,0.0,0,19,8,9,9,53,57.61,0,11,4,36.36,15,19,92,19,98,50.0,24,345,136,462,212.6,27,1,809,29,2,0
Cebrail Karayel,816485,Altay,3070,turkey,2122,2468,30,28,6.64,1,4,5,,,37,19,23.75,188,31,34.83,373,374,728,77.61,14,31.11,31,0,0,0,,3,0,3,3,30,30,0,0,17,48,159,0,0,49,0,10.0,,41,36,5,0,1,,123,49.0,0,0,2,210,30,12,1,6,,0,0,0,0,0.0,0,0,0,1,400,12,0,1,0,0,0,0,0,0,0,2468.0,0.0,0,6,4,5,2,15,45.45,0,70,32,45.71,12,86,33,80,137,46.28,89,575,443,938,199.3,10,2,1675,38,5,1
İrfan Can Eğribayat,594618,Göztepe,3054,turkey,2122,2700,30,30,6.64,0,0,0,,,76,0,0.0,30,223,42.88,151,299,450,59.76,8,88.89,1,0,0,0,,0,0,0,1,22,30,0,0,0,3,6,2,2,2,0,0.0,,50,42,8,0,0,,7,58.33,0,20,0,303,0,1,0,0,,0,0,0,2,0.0,8,0,0,0,308,0,10,0,0,11,62,28,91,1,21,0.0,0.0,0,1,0,1,0,3,100.0,11,0,0,0.0,1,118,3,0,15,71.43,520,393,360,753,199.3,1,0,1025,3,3,0
Bengali-Fodé Koita,51407,Trabzonspor,3051,turkey,2122,211,18,0,6.64,0,1,1,,,3,0,0.0,37,0,0.0,59,16,75,74.26,14,48.28,15,0,0,0,,1,1,3,0,2,14,0,0,2,1,26,0,0,5,0,0.0,,1,1,0,0,0,,11,50.0,0,0,0,26,0,4,0,2,,0,0,0,0,0.0,0,0,0,0,42,2,0,0,0,0,0,0,0,0,0,0.0,0.0,0,8,2,5,2,3,50.0,0,3,3,100.0,4,5,6,0,25,49.02,1,84,17,101,93.0,10,0,152,5,1,0
Özkan Yigiter,1131626,Sivasspor,3076,turkey,2122,425,12,5,6.64,0,0,0,,,5,0,0.0,19,9,47.37,57,85,142,80.68,3,37.5,5,0,0,0,,0,0,2,0,6,7,0,0,3,6,18,1,1,4,0,0.0,,8,6,2,0,0,,19,59.38,0,0,0,34,5,6,0,0,,0,0,0,0,0.0,0,0,0,0,49,1,0,0,0,0,0,0,0,0,0,0.0,0.0,0,0,7,3,2,2,100.0,0,10,6,60.0,6,13,2,1,22,55.0,19,83,94,176,46.5,7,0,241,7,1,0
Miha Mevlja,604754,Alanyaspor,6362,turkey,2122,1041,14,11,6.64,0,0,0,,,20,0,0.0,32,35,55.56,141,470,611,90.25,19,57.58,14,0,0,0,,0,0,0,2,48,14,0,0,1,6,25,1,1,5,0,0.0,,19,16,3,0,0,,13,54.17,0,0,0,66,9,1,0,0,,0,0,0,0,0.0,0,0,0,0,69,0,0,0,0,0,0,0,0,0,0,0.0,0.0,0,3,0,3,0,1,100.0,0,7,5,71.43,1,40,1,0,32,56.14,63,174,503,677,93.0,3,0,782,5,0,0
Eric Björkander,588374,Altay,3070,turkey,2122,1928,24,21,6.64,1,0,1,,,25,1,12.5,40,48,32.0,149,435,583,75.13,41,47.67,45,0,0,0,,0,1,2,4,81,24,0,0,4,15,78,1,0,14,0,12.5,,30,28,2,1,0,,30,47.62,1,0,2,193,34,2,0,0,,0,0,0,0,0.0,0,0,0,0,225,1,0,0,0,0,0,0,0,0,0,1928.0,0.0,0,8,0,4,2,2,100.0,0,20,9,45.0,2,93,2,8,71,47.65,150,286,498,776,159.4,8,0,1028,8,3,0
Tomáš Břečka,152971,Kasımpaşa,6063,turkey,2122,1071,20,13,6.64,0,0,0,,,28,0,0.0,38,39,39.8,152,349,501,81.73,41,62.12,25,0,0,0,,0,0,2,1,48,17,0,0,0,16,53,1,0,12,0,0.0,,20,15,5,0,0,,31,52.54,0,0,0,112,28,1,0,0,,1,0,0,0,0.0,0,0,0,0,125,1,0,0,0,0,0,0,0,0,0,0.0,0.0,0,7,1,4,2,1,100.0,0,17,10,58.82,1,75,1,0,72,57.6,98,226,387,613,112.9,8,0,776,13,1,0
Şener Özbayraklı,129992,Başakşehir FK,3086,turkey,2122,238,9,3,6.64,0,0,0,,,4,0,0.0,24,7,53.85,41,59,100,82.64,2,22.22,7,0,0,0,,0,0,0,0,5,5,0,0,1,2,13,0,0,1,0,0.0,,6,6,0,0,0,,17,73.91,0,0,0,21,2,1,0,0,,0,0,0,0,0.0,0,0,0,0,31,1,0,0,0,0,0,0,0,0,0,0.0,0.0,0,1,0,1,0,5,71.43,0,9,5,55.56,1,9,7,0,19,59.38,13,51,70,121,33.2,1,0,187,3,0,0
Yasin Pehlivan,47824,Çaykur Rizespor,3064,turkey,2122,412,11,4,6.64,0,0,0,,,6,0,0.0,35,8,57.14,79,77,156,86.19,5,62.5,3,0,0,0,,0,0,1,0,7,10,0,0,2,3,18,0,0,10,0,0.0,,9,9,0,0,0,,12,44.44,0,0,0,25,4,3,0,0,,0,0,0,0,0.0,0,0,0,0,28,1,0,0,0,0,0,0,0,0,0,0.0,0.0,0,1,3,2,1,0,0.0,0,8,5,62.5,3,12,0,0,17,48.57,14,94,87,181,66.4,4,0,219,4,1,0
Lourency,840073,Göztepe,3054,turkey,2122,1288,30,14,6.64,2,2,4,,,11,6,16.22,146,11,68.75,226,114,334,77.14,9,34.62,17,0,0,0,,2,2,7,0,7,29,0,0,37,24,135,0,0,28,0,6.67,,26,21,5,2,0,,78,39.8,1,0,1,99,10,20,0,6,,0,0,0,0,0.0,0,0,0,0,256,13,0,0,1,0,0,0,0,0,0,644.0,0.0,1,16,14,11,12,28,46.67,0,19,13,68.42,20,18,60,37,87,39.19,16,342,128,433,192.5,30,1,778,31,7,0
Souleymane Doukara,170781,Giresunspor,5765,turkey,2122,700,19,8,6.64,3,0,3,,,1,0,0.0,66,3,50.0,117,63,180,79.65,9,23.68,29,0,0,0,,0,5,4,0,2,19,0,0,3,3,49,0,0,9,0,11.54,,13,13,0,2,1,,26,56.52,0,0,1,46,3,4,0,6,,0,0,1,1,100.0,0,1,0,0,80,7,0,0,3,0,0,0,0,0,0,233.33,0.0,0,13,13,9,13,16,66.67,0,4,3,75.0,4,4,24,6,35,41.67,6,161,71,226,126.1,26,1,341,6,1,0
Gökhan Sazdağı,595396,Kayserispor,3072,turkey,2122,993,24,11,6.63,3,0,3,,,7,4,28.57,76,7,53.85,137,59,192,72.18,20,41.67,28,0,0,0,,1,1,6,1,6,23,0,0,12,6,79,0,0,18,0,15.79,,13,11,2,3,0,,33,39.29,2,0,0,74,3,8,0,3,,0,0,0,0,0.0,0,0,0,0,145,11,0,0,1,0,0,0,0,0,0,331.0,0.0,0,12,7,3,10,10,38.46,0,14,12,85.71,8,16,26,14,53,40.15,13,208,72,266,152.6,19,1,441,10,2,0
Yannick Bolasie,46620,Çaykur Rizespor,3064,turkey,2122,1366,27,14,6.63,2,1,3,,,10,13,18.31,98,12,30.77,175,76,238,66.3,26,42.62,35,0,0,0,,5,2,7,0,11,26,0,0,28,11,123,0,0,24,0,4.76,,35,32,3,1,1,,74,45.68,0,0,0,121,2,16,0,4,,0,0,0,1,0.0,0,0,0,0,292,7,0,0,2,0,0,0,0,0,0,683.0,0.0,0,24,18,24,11,30,50.85,0,18,12,66.67,16,31,59,71,100,44.84,39,329,101,359,172.5,42,0,726,26,6,0
Abdoulaye Touré,149732,Fatih Karagümrük,4954,turkey,2122,429,10,6,6.63,0,1,1,,,4,0,0.0,33,8,88.89,86,67,153,81.82,10,66.67,5,0,0,0,,1,0,2,1,5,9,0,0,4,6,19,0,1,2,0,0.0,,10,9,1,0,0,,19,57.58,0,0,0,34,7,2,0,0,,0,0,0,0,0.0,0,0,0,0,52,4,0,0,0,0,0,0,0,0,0,0.0,0.0,0,3,2,2,1,7,77.78,0,4,1,25.0,2,7,9,1,29,60.42,9,110,78,187,59.7,5,0,262,8,0,0
Stevie Mallan,757878,Yeni Malatyaspor,24759,turkey,2122,835,18,9,6.63,0,0,0,,,11,11,36.67,75,20,54.05,154,118,261,80.56,4,33.33,8,0,0,0,,1,1,1,1,3,18,0,0,4,14,44,0,0,14,0,0.0,,14,14,0,0,0,,15,29.41,0,0,0,63,9,15,0,1,,0,0,0,0,0.0,0,0,0,0,112,4,0,0,0,0,0,0,0,0,0,0.0,0.0,3,4,11,9,5,2,28.57,0,10,4,40.0,15,25,7,30,19,30.16,37,223,131,324,119.4,15,0,458,3,1,0
Joseph William Champness,921561,Giresunspor,5765,turkey,2122,138,11,0,6.63,2,0,2,,,1,0,0.0,16,1,100.0,22,5,27,71.05,2,66.67,1,0,0,0,,1,1,0,0,0,10,0,0,1,0,12,0,0,3,0,50.0,,3,3,0,2,0,,5,31.25,0,0,0,11,0,1,2,1,,0,0,0,0,0.0,0,0,0,0,30,0,0,0,0,0,0,0,0,0,0,69.0,0.0,0,3,1,0,4,4,33.33,0,1,1,100.0,1,2,12,0,7,36.84,1,30,8,38,66.3,4,0,77,0,0,0
Tarık Çamdal,70963,Adana Demirspor,3101,turkey,2122,246,12,2,6.63,0,0,0,,,1,2,40.0,21,3,30.0,38,26,62,75.61,2,40.0,3,0,0,0,,0,0,0,0,5,10,0,0,2,3,13,0,0,4,0,0.0,,0,0,0,0,0,,22,68.75,0,0,0,20,6,2,0,0,,0,0,0,0,0.0,0,0,0,0,31,0,0,0,0,0,0,0,0,0,0,0.0,0.0,0,0,0,0,0,4,80.0,0,10,6,60.0,2,3,5,5,24,64.86,10,51,36,82,66.3,0,0,150,8,0,0
Francis Ezeh,999288,Adana Demirspor,3101,turkey,2122,208,7,2,6.63,0,1,1,,,0,2,66.67,22,0,0.0,32,8,38,71.7,2,28.57,5,0,0,0,,1,0,3,0,0,7,0,0,3,1,17,0,0,3,0,0.0,,5,3,2,0,0,,14,53.85,0,0,0,15,0,4,0,0,,0,0,0,0,0.0,0,0,0,0,36,1,0,0,0,0,0,0,0,0,0,0.0,0.0,1,2,4,2,1,7,58.33,0,2,0,0.0,4,0,12,3,16,48.48,0,44,12,53,46.4,6,0,104,5,1,0
Wilker Ángel,147358,Göztepe,3054,turkey,2122,1228,15,13,6.63,0,0,0,,,39,0,0.0,44,45,37.82,116,218,334,69.15,36,61.02,23,0,0,0,,0,2,2,1,54,15,0,0,1,6,48,1,0,19,0,0.0,,26,21,5,0,0,,28,52.83,0,0,0,149,27,1,0,0,,0,0,0,0,0.0,0,0,0,0,157,1,0,0,0,0,0,0,0,0,0,0.0,0.0,0,7,3,3,5,1,50.0,0,19,15,78.95,1,90,2,1,64,57.14,119,216,268,483,99.4,10,0,659,8,3,0
Godfred Donsah,368418,Yeni Malatyaspor,24759,turkey,2122,757,12,9,6.63,0,0,0,,,11,1,33.33,49,17,58.62,95,115,209,80.08,10,47.62,11,0,0,0,,0,0,0,0,9,12,0,0,9,4,35,0,0,5,0,0.0,,15,13,2,0,0,,20,45.45,0,0,0,52,7,7,0,1,,0,0,0,0,0.0,0,0,0,0,93,2,0,0,0,0,0,0,0,0,0,0.0,0.0,0,3,1,2,2,5,45.45,0,13,8,61.54,7,17,11,3,30,46.15,29,133,131,261,79.5,4,0,368,2,2,0
Semih Kaya,47599,Galatasaray,3061,turkey,2122,1954,24,23,6.63,0,0,0,,,36,2,15.38,69,55,55.0,193,448,639,82.56,35,52.24,32,0,0,0,,0,0,1,5,81,24,0,0,4,12,60,0,0,12,0,0.0,,38,34,4,0,0,,23,45.1,0,0,0,135,17,4,0,0,,0,0,0,0,0.0,0,0,0,1,186,2,0,0,0,0,0,0,0,0,0,0.0,0.0,0,4,0,2,1,2,50.0,0,11,4,36.36,4,71,4,13,58,49.15,100,288,499,774,159.0,4,0,1060,11,1,0
Alexander Merkel,143228,Gaziantep FK,5138,turkey,2122,1002,24,11,6.62,1,1,2,,,30,3,30.0,83,28,53.85,185,238,420,82.19,10,52.63,9,0,0,0,,0,0,5,1,12,24,0,0,6,31,65,1,0,17,0,9.09,,19,19,0,1,0,,51,47.66,0,0,0,91,18,12,0,0,,0,0,0,0,0.0,0,0,0,0,124,7,0,0,1,0,0,0,0,0,0,1002.0,0.0,0,5,6,4,2,5,71.43,0,36,20,55.56,12,64,7,10,61,48.41,52,255,266,511,158.9,11,0,671,10,2,0
Salih Uçan,135695,Başakşehir FK,3086,turkey,2122,739,21,7,6.62,0,0,0,,,18,2,10.53,94,21,55.26,210,140,348,80.37,13,59.09,9,0,0,0,,0,0,3,1,8,20,0,0,11,11,50,0,0,16,0,0.0,,9,8,1,0,0,,29,41.43,0,0,0,85,12,8,0,1,,0,0,0,0,0.0,0,0,0,0,139,9,0,1,0,0,0,0,0,0,0,0.0,0.0,1,5,6,4,4,5,62.5,0,19,9,47.37,8,39,8,19,42,45.65,38,285,167,433,132.4,11,0,580,5,3,1
İlhan Parlak,5810,Kayserispor,3072,turkey,2122,816,27,8,6.62,2,1,3,,,6,0,0.0,37,2,100.0,57,41,98,64.9,26,40.63,38,0,0,0,,0,3,1,1,9,22,0,0,13,5,66,0,0,7,0,12.5,,12,11,1,2,0,,20,41.67,1,0,1,53,5,4,1,5,,0,0,0,0,0.0,0,0,0,0,102,3,0,0,0,0,0,0,0,0,0,408.0,0.0,1,13,3,9,6,1,25.0,0,10,4,40.0,4,8,4,2,46,41.07,2,105,48,151,145.6,16,0,266,9,1,0
Serdar Saatçı,1084880,Beşiktaş JK,3050,turkey,2122,855,11,8,6.62,1,1,2,,,14,1,25.0,37,17,40.48,146,258,403,80.6,22,52.38,20,0,0,0,,0,0,2,1,32,11,0,0,3,4,47,1,1,16,0,20.0,,13,13,0,1,0,,26,49.06,1,0,0,97,14,3,0,0,,0,0,0,0,0.0,0,0,0,0,119,1,0,0,0,0,0,0,0,0,0,855.0,0.0,0,5,0,2,1,6,60.0,0,15,11,73.33,3,44,10,4,48,50.53,42,203,301,500,72.8,5,0,628,6,3,0
Simon Falette,201918,Hatayspor,3091,turkey,2122,724,11,9,6.62,1,0,1,,,14,1,100.0,34,34,51.52,99,217,315,82.25,13,65.0,7,0,0,0,,0,0,0,1,30,11,0,0,2,2,18,0,0,5,0,50.0,,17,15,2,0,1,,16,59.26,0,0,0,68,11,0,1,0,,0,0,0,1,0.0,0,0,0,0,82,0,0,0,0,0,0,0,0,0,0,724.0,0.0,0,1,1,1,1,1,25.0,0,7,5,71.43,0,35,4,1,29,61.7,66,147,237,383,72.8,2,1,494,8,3,0
Muhammed Gümüşkaya,929649,Giresunspor,5765,turkey,2122,1196,25,13,6.62,2,1,3,,,22,13,21.67,128,21,56.76,226,146,359,76.38,14,42.42,19,0,0,0,,0,2,8,0,10,24,0,0,31,46,156,0,0,30,0,7.14,,20,16,4,2,0,,86,38.57,0,0,0,111,17,17,2,0,,0,0,1,0,100.0,0,1,0,1,281,14,0,0,0,0,0,0,0,0,0,598.0,0.0,1,18,10,11,9,25,43.86,0,34,20,58.82,17,39,57,60,100,39.06,37,359,171,470,158.8,28,1,906,27,0,0
Yunus Malli,136262,Trabzonspor,3051,turkey,2122,62,7,0,6.62,0,0,0,,,0,0,0.0,14,2,66.67,28,10,38,82.61,1,100.0,0,0,0,0,,0,0,1,0,0,6,0,0,3,0,6,0,0,2,0,0.0,,0,0,0,0,0,,6,50.0,0,0,0,8,0,0,0,0,,0,0,0,0,0.0,0,0,0,0,14,2,0,0,0,0,0,0,0,0,0,0.0,0.0,0,1,2,0,2,1,50.0,0,2,0,0.0,0,0,2,0,7,53.85,3,36,10,46,39.7,3,0,62,3,1,0
Atakan Çankaya,1066338,Göztepe,3054,turkey,2122,1601,24,17,6.62,0,0,0,,,22,2,50.0,53,24,33.8,198,265,461,80.17,27,48.21,29,0,0,0,,1,1,1,0,55,24,0,0,3,24,81,0,1,26,0,0.0,,40,33,7,0,0,,65,55.56,0,0,0,114,49,2,0,1,,1,0,0,0,0.0,0,0,0,0,139,4,0,0,0,0,0,0,0,0,0,0.0,0.0,0,3,4,4,2,6,75.0,0,34,18,52.94,2,51,8,4,92,53.18,71,279,300,575,158.8,7,0,844,26,6,0
Deni Milošević,190403,Antalyaspor,3056,turkey,2122,493,15,5,6.62,0,0,0,,,5,2,66.67,84,10,76.92,151,85,234,91.05,3,30.0,7,0,0,0,,0,1,1,0,1,13,0,0,4,5,29,0,0,7,0,0.0,,8,6,2,0,0,,17,43.59,0,0,0,23,9,10,0,1,,0,0,0,0,0.0,0,0,0,0,41,4,0,0,0,0,0,0,0,0,0,0.0,0.0,1,1,4,2,2,7,50.0,0,5,3,60.0,10,9,14,3,20,40.82,13,172,88,257,86.0,5,0,323,5,1,0
Emre Taşdemir,190191,Giresunspor,5765,turkey,2122,485,18,4,6.61,0,0,0,,,9,7,17.95,58,16,45.71,100,72,165,78.95,5,35.71,9,0,0,0,,1,1,0,0,7,15,0,0,3,6,27,0,0,5,0,0.0,,8,8,0,0,0,,19,51.35,0,0,1,44,5,7,0,2,,0,0,0,0,0.0,0,0,0,0,103,1,0,0,0,0,0,0,0,0,0,0.0,0.0,0,5,2,6,1,4,50.0,0,9,6,66.67,7,23,8,39,24,47.06,35,161,87,209,99.2,7,0,351,6,1,0
Özgür Özkaya,256669,Altay,3070,turkey,2122,383,9,5,6.61,0,0,0,,,7,6,40.0,16,6,19.35,47,53,94,56.97,12,70.59,5,0,0,0,,0,0,0,0,7,8,0,0,2,6,24,0,0,7,0,0.0,,2,2,0,0,0,,15,44.12,0,0,0,71,7,6,0,0,,0,0,0,0,0.0,0,0,0,0,104,2,0,0,0,0,0,0,0,0,0,0.0,0.0,0,1,0,1,0,0,0.0,0,11,6,54.55,6,21,4,15,27,52.94,31,99,81,165,52.9,1,0,267,4,2,0
Metehan Mimaroğlu,900809,Adana Demirspor,3101,turkey,2122,209,9,1,6.61,0,0,0,,,2,1,20.0,16,3,60.0,30,15,44,83.02,0,0.0,3,0,0,0,,0,1,1,0,2,9,0,0,3,2,15,0,0,4,0,0.0,,2,2,0,0,0,,8,40.0,0,0,1,9,4,3,0,0,,0,0,0,0,0.0,0,0,0,0,29,0,0,0,0,0,0,0,0,0,0,0.0,0.0,0,3,5,5,2,5,62.5,0,0,0,0.0,3,3,8,5,8,34.78,5,40,18,53,59.5,8,0,110,3,1,0
Dženan Bureković,843352,Göztepe,3054,turkey,2122,256,9,3,6.61,0,0,0,,,4,4,17.39,16,2,15.38,37,38,71,68.93,3,33.33,6,0,0,0,,1,0,0,0,3,9,0,0,1,4,16,0,0,3,0,0.0,,5,5,0,0,0,,7,41.18,0,0,0,32,7,3,0,0,,0,0,0,0,0.0,0,0,0,0,62,0,0,0,0,0,0,0,0,0,0,0.0,0.0,0,1,0,1,0,2,50.0,0,3,3,100.0,3,12,4,23,10,38.46,13,78,48,103,59.5,1,0,189,2,1,0
Levent Mercan,1085938,Fatih Karagümrük,4954,turkey,2122,508,18,3,6.61,0,0,0,,,11,0,0.0,57,16,66.67,105,67,172,83.9,4,57.14,3,0,0,0,,0,0,5,0,7,18,0,0,9,9,32,0,0,5,0,0.0,,4,4,0,0,0,,23,44.23,0,0,0,33,5,5,0,0,,0,0,0,0,0.0,0,0,0,0,71,5,0,0,0,0,0,0,0,0,0,0.0,0.0,0,3,7,3,2,8,53.33,0,8,3,37.5,5,19,15,8,27,45.76,24,136,77,205,119.0,10,0,307,7,1,0
Deniz Hümmet,604928,Çaykur Rizespor,3064,turkey,2122,915,29,8,6.61,1,0,1,,,9,0,0.0,59,6,50.0,112,92,204,81.93,9,25.71,26,0,0,0,,2,0,8,0,9,27,0,0,6,12,73,0,0,23,0,4.55,,19,19,0,1,0,,23,32.86,0,0,2,45,7,8,0,3,,0,0,0,0,0.0,0,0,0,0,87,3,0,0,1,0,0,0,0,0,0,915.0,0.0,0,11,11,10,4,12,63.16,0,6,3,50.0,8,12,19,4,32,30.48,12,157,96,249,178.4,22,0,392,5,0,0
Eren Erdoğan,997699,Altay,3070,turkey,2122,425,14,4,6.61,0,1,1,,,0,1,9.09,31,3,30.0,46,37,82,73.87,5,33.33,10,0,0,0,,0,0,1,0,2,14,0,0,2,3,30,0,0,10,0,0.0,,11,8,3,0,0,,20,50.0,0,0,1,29,5,8,0,2,,0,0,0,0,0.0,0,0,0,0,69,4,0,0,0,0,0,0,0,0,0,0.0,0.0,0,1,5,4,1,7,50.0,0,12,8,66.67,8,7,14,11,25,45.45,10,79,43,111,92.5,6,0,200,1,0,0
Yalçın Kayan,945548,Göztepe,3054,turkey,2122,1494,29,16,6.61,0,0,0,,,38,7,21.88,165,48,55.81,322,322,637,84.15,5,45.45,6,0,0,0,,0,1,5,0,8,29,0,1,22,32,105,0,0,19,0,0.0,,39,33,6,0,0,,96,49.23,0,0,0,120,23,15,0,0,,0,0,0,0,0.0,0,0,0,0,242,14,0,1,0,0,0,0,0,0,0,0.0,0.0,0,6,14,8,7,32,53.33,0,42,22,52.38,15,65,60,32,101,49.03,86,438,351,757,191.6,20,0,1095,22,2,0
Joey Pelupessy,235404,Giresunspor,5765,turkey,2122,826,20,9,6.61,0,0,0,,,6,0,0.0,39,21,70.0,133,217,350,87.72,8,38.1,13,0,0,0,,1,0,0,1,10,20,0,1,2,5,29,0,0,6,0,0.0,,12,12,0,0,0,,19,54.29,0,0,0,49,5,3,0,0,,0,0,0,0,0.0,0,0,0,0,63,5,0,1,0,0,0,0,0,0,0,0.0,0.0,0,1,5,4,2,3,50.0,0,11,7,63.64,3,19,6,0,27,48.21,30,161,238,399,132.1,6,0,476,5,1,0
Halil Ibrahim Pehlivan,777291,Gaziantep FK,5138,turkey,2122,1289,24,15,6.6,0,1,1,,,14,5,11.36,103,20,39.22,191,211,397,78.77,10,45.45,12,0,0,0,,1,0,1,3,14,23,0,0,9,5,43,0,0,8,0,0.0,,16,15,1,0,0,,37,54.41,0,0,0,107,5,10,0,2,,0,0,0,1,0.0,0,0,0,0,205,5,0,0,0,0,0,0,0,0,0,0.0,0.0,0,2,2,1,2,16,61.54,0,17,12,70.59,10,38,26,44,47,52.22,51,295,253,504,151.9,4,0,837,5,1,0
Erhun Öztümer,582228,Adana Demirspor,3101,turkey,2122,964,25,9,6.6,1,2,3,,,17,0,0.0,135,21,70.0,284,187,471,88.2,0,0.0,7,0,0,0,,3,4,5,1,1,24,0,0,21,6,50,0,0,10,0,7.69,,19,17,2,1,0,,49,53.26,0,0,0,63,6,12,0,0,,0,0,0,0,0.0,0,0,0,0,132,8,0,0,1,0,0,0,0,0,0,964.0,0.0,0,8,5,4,4,18,69.23,0,12,9,75.0,12,27,26,0,49,49.49,30,335,199,534,158.5,13,0,697,19,3,0
Ibrahima Baldé,101864,Giresunspor,5765,turkey,2122,1264,33,12,6.6,3,0,3,,,9,1,25.0,71,11,55.0,140,72,211,69.18,26,24.07,82,0,1,0,,1,8,8,0,14,31,0,0,12,7,131,0,0,27,0,8.57,,13,12,1,3,0,,32,39.51,0,0,1,94,7,11,0,8,,0,0,1,1,0.0,0,0,0,1,151,8,0,0,3,0,0,0,0,0,0,421.33,0.0,0,29,6,15,12,3,25.0,0,10,3,30.0,11,14,12,4,58,30.69,20,218,91,305,204.6,35,0,494,21,1,0
Erhan Çelenk,130498,Altay,3070,turkey,2122,362,10,3,6.6,1,0,1,,,6,4,14.81,44,5,62.5,70,22,88,72.13,6,40.0,9,0,0,0,,1,0,5,0,2,9,0,0,7,7,39,0,0,4,0,12.5,,8,8,0,1,0,,16,34.78,0,0,0,34,4,7,1,2,,0,1,0,0,0.0,0,0,0,0,91,6,0,0,0,0,0,0,0,0,0,362.0,0.0,0,5,3,0,3,5,29.41,0,10,6,60.0,6,19,17,27,22,36.07,8,124,25,122,59.4,8,0,249,1,0,0
Ramazan Civelek,781408,Kayserispor,3072,turkey,2122,1065,24,12,6.6,0,2,2,,,10,5,18.52,88,14,40.0,163,173,331,80.73,2,18.18,9,0,0,0,,3,0,0,0,23,22,0,0,18,22,71,0,0,15,0,0.0,,17,15,2,0,0,,52,45.61,0,0,0,79,15,16,0,1,,0,0,0,1,0.0,0,0,0,0,166,4,0,0,0,0,0,0,0,0,0,0.0,0.0,0,2,3,3,2,12,60.0,0,26,17,65.38,16,21,20,27,54,43.2,35,236,201,410,145.2,5,0,696,14,2,0
Erol Can Akdag,856249,Giresunspor,5765,turkey,2122,54,5,0,6.6,0,1,1,,,1,0,0.0,7,2,50.0,11,14,25,75.76,1,16.67,5,0,0,0,,0,0,0,0,1,4,0,0,0,0,7,0,0,2,0,0.0,,0,0,0,0,0,,1,33.33,0,0,0,8,3,1,0,0,,0,0,0,0,0.0,0,0,0,0,9,0,0,0,0,0,0,0,0,0,0,0.0,0.0,0,0,0,0,0,0,0.0,0,0,0,0.0,1,2,1,0,2,22.22,4,19,14,33,26.4,0,0,43,1,1,0
Kazımcan Karataş,1008884,Altay,3070,turkey,2122,1444,23,15,6.6,0,1,1,,,12,10,19.61,84,20,28.99,187,206,383,70.53,22,47.83,24,0,0,0,,1,1,2,4,30,23,0,0,9,19,85,0,0,18,0,0.0,,22,20,2,0,0,,45,42.45,0,0,2,160,25,7,0,2,,0,0,0,2,0.0,0,0,0,1,304,4,0,0,0,0,0,0,0,0,0,0.0,0.0,1,3,8,8,1,13,41.94,0,26,17,65.38,7,39,31,51,67,44.08,69,331,263,543,151.8,11,0,935,6,1,0
Mickael Tirpan,800340,Kasımpaşa,6063,turkey,2122,9,1,0,6.6,0,0,0,,,0,0,0.0,2,0,0.0,2,2,4,100.0,1,50.0,1,0,0,0,,0,0,0,0,0,1,0,0,0,0,2,0,0,1,0,0.0,,0,0,0,0,0,,2,66.67,0,0,0,0,0,0,0,0,,0,0,0,0,0.0,0,0,0,0,0,0,0,0,0,0,0,0,0,0,0,0.0,0.0,0,0,0,0,0,1,100.0,0,1,0,0.0,0,0,1,0,3,60.0,0,2,2,4,6.6,0,0,6,0,0,0
Sedat Şahintürk,845771,Adana Demirspor,3101,turkey,2122,45,1,1,6.6,0,0,0,,,1,0,0.0,5,1,50.0,9,9,18,90.0,0,0.0,4,0,0,0,,0,0,0,0,0,1,0,0,1,0,5,0,0,0,0,0.0,,0,0,0,0,0,,1,50.0,0,0,0,2,0,0,0,0,,0,0,0,0,0.0,0,0,0,0,4,0,0,0,0,0,0,0,0,0,0,0.0,0.0,0,1,0,1,0,0,0.0,0,1,1,100.0,0,1,0,1,1,16.67,2,12,9,20,6.6,1,0,25,0,0,0
Murat Akşit,957248,Yeni Malatyaspor,24759,turkey,2122,13,1,0,6.6,0,0,0,,,1,0,0.0,0,2,66.67,2,3,5,83.33,1,100.0,0,0,0,0,,0,0,0,0,0,1,0,0,0,0,0,0,0,0,0,0.0,,0,0,0,0,0,,0,0.0,0,0,0,1,0,0,0,0,,0,0,0,0,0.0,0,0,0,0,1,0,0,0,0,0,0,0,0,0,0,0.0,0.0,0,0,0,0,0,0,0.0,0,0,0,0.0,0,1,0,0,1,100.0,3,3,3,6,6.6,0,0,7,1,0,0
Metehan Ünal,1200981,Yeni Malatyaspor,24759,turkey,2122,22,1,0,6.6,0,0,0,,,0,0,0.0,1,0,0.0,3,2,5,71.43,0,0.0,1,0,0,0,,0,0,0,0,1,1,0,0,0,0,1,0,0,0,0,0.0,,0,0,0,0,0,,1,100.0,0,0,0,2,0,0,0,0,,0,0,0,0,0.0,0,0,0,0,2,0,0,0,0,0,0,0,0,0,0,0.0,0.0,0,0,0,0,0,0,0.0,0,1,0,0.0,0,2,0,0,1,50.0,2,5,2,7,6.6,0,0,11,0,0,0
Harun Elyesa Akaydın,1213418,Kasımpaşa,6063,turkey,2122,45,1,1,6.6,0,0,0,,,2,0,0.0,3,2,50.0,11,12,23,88.46,0,0.0,0,0,0,0,,0,0,0,0,1,1,0,0,0,2,3,0,0,1,0,0.0,,1,1,0,0,0,,4,57.14,0,0,0,3,1,0,0,0,,0,0,0,0,0.0,0,0,0,0,4,0,0,0,0,0,0,0,0,0,0,0.0,0.0,0,0,0,0,0,0,0.0,0,4,2,50.0,0,4,0,0,4,57.14,4,14,12,26,6.6,0,0,33,0,0,0
Ufuk Akyol,859546,Antalyaspor,3056,turkey,2122,229,7,2,6.6,0,0,0,,,6,1,25.0,9,5,71.43,26,59,84,89.36,2,33.33,4,0,0,0,,0,0,1,1,1,5,0,0,0,5,11,0,1,1,0,0.0,,4,3,1,0,0,,9,56.25,0,0,0,10,2,1,0,0,,0,0,0,0,0.0,0,0,0,0,19,0,0,0,0,0,0,0,0,0,0,0.0,0.0,0,0,1,0,0,1,50.0,0,7,4,57.14,1,9,2,4,11,50.0,7,33,65,94,33.0,1,0,129,1,0,0
Marafona,59715,Alanyaspor,6362,turkey,2122,1440,16,16,6.6,0,0,0,,,75,0,0.0,12,105,50.97,42,434,476,81.37,0,0.0,0,0,0,0,,0,0,0,4,4,16,0,0,0,0,0,2,1,0,0,0.0,,27,23,4,0,0,,5,100.0,0,11,0,109,0,0,0,0,,0,0,0,0,0.0,1,0,0,0,113,0,2,0,0,4,25,13,39,0,13,0.0,0.0,0,0,0,0,0,0,0.0,4,0,0,0.0,0,112,0,0,5,100.0,206,101,484,585,105.6,0,0,721,5,0,0
Ahmet Engin,791087,Kasımpaşa,6063,turkey,2122,837,28,10,6.59,2,0,2,,,3,9,37.5,55,3,30.0,96,66,153,80.53,6,28.57,15,0,0,0,,3,2,3,0,0,22,0,0,7,5,56,0,0,16,0,11.76,,15,12,3,1,1,,19,31.67,0,0,0,37,8,11,0,3,,0,0,0,0,0.0,0,0,0,0,98,2,0,0,2,0,0,0,0,0,0,418.5,0.0,0,10,7,5,9,5,27.78,0,8,4,50.0,11,5,18,24,25,30.86,10,138,76,190,145.0,17,0,341,6,1,0
Musa Çağıran,60363,Konyaspor,3085,turkey,2122,496,12,4,6.59,0,0,0,,,14,0,0.0,27,20,60.61,89,206,295,90.77,11,64.71,6,0,0,0,,0,0,0,0,11,11,0,0,3,5,17,0,0,4,0,0.0,,9,9,0,0,0,,12,52.17,0,0,0,30,8,0,0,1,,1,0,0,1,0.0,0,0,0,0,41,2,0,0,0,0,0,0,0,0,0,0.0,0.0,0,1,1,1,1,1,100.0,0,9,4,44.44,0,28,1,3,23,57.5,33,115,213,325,72.5,2,0,391,2,2,0
Jean Evrard Kouassi,156008,Trabzonspor,3051,turkey,2122,199,11,2,6.59,0,0,0,,,1,1,33.33,20,1,25.0,42,22,63,86.3,0,0.0,5,0,0,0,,0,0,0,0,0,10,0,0,3,0,15,0,0,2,0,0.0,,2,2,0,0,0,,12,54.55,0,0,0,10,0,4,0,0,,0,0,0,0,0.0,0,0,0,0,27,0,0,0,0,0,0,0,0,0,0,0.0,0.0,0,2,1,0,3,6,50.0,0,1,1,100.0,4,1,12,3,12,44.44,4,52,24,73,65.9,3,0,115,5,0,0
Moussa Konaté,157143,Sivasspor,3076,turkey,2122,245,12,1,6.59,0,0,0,,,2,0,0.0,15,1,100.0,26,27,53,76.81,8,40.0,12,0,0,0,,0,1,0,0,0,10,0,0,3,1,21,0,0,5,0,0.0,,2,2,0,0,0,,1,10.0,0,0,0,16,2,1,0,5,,0,0,0,0,0.0,0,0,0,0,33,3,0,0,0,0,0,0,0,0,0,0.0,0.0,0,8,0,4,4,0,0.0,0,0,0,0.0,1,3,1,0,9,30.0,1,40,29,69,65.9,8,0,103,1,1,0
Carlos Ponck,584116,Çaykur Rizespor,3064,turkey,2122,1392,19,15,6.59,0,1,1,,,18,0,0.0,45,34,46.58,219,494,713,87.7,24,51.06,23,0,0,0,,0,0,3,1,53,19,0,0,5,7,54,0,1,18,0,0.0,,32,31,1,0,0,,31,50.0,0,0,0,100,16,2,0,0,,0,0,0,1,0.0,0,0,0,0,118,2,0,0,0,0,0,0,0,0,0,0.0,0.0,0,8,0,5,0,1,25.0,0,21,17,80.95,2,45,4,1,55,50.46,73,283,531,813,125.2,8,0,991,9,7,0
Gökdeniz Bayrakdar,952564,Antalyaspor,3056,turkey,2122,953,29,6,6.59,2,1,3,,,7,2,28.57,69,8,72.73,108,48,154,75.49,8,22.22,28,0,0,0,,1,4,5,0,2,28,0,0,15,13,94,0,0,17,0,9.09,,12,10,2,1,1,,32,32.65,0,0,2,50,5,12,2,12,,0,0,0,0,0.0,0,0,0,0,126,6,0,0,0,0,0,0,0,0,0,476.5,0.0,0,17,5,5,12,9,29.03,0,14,7,50.0,12,13,31,7,40,29.85,11,146,65,204,184.5,22,0,389,9,2,0
Kerim Alıcı,758870,Göztepe,3054,turkey,2122,1798,27,19,6.59,0,1,1,,,17,9,18.37,138,21,42.0,270,204,465,75.24,28,33.33,56,0,0,0,,1,3,3,0,35,27,0,0,12,15,121,0,0,31,0,0.0,,41,34,7,0,0,,47,41.96,0,0,0,153,25,14,0,5,,0,0,0,0,0.0,0,0,0,1,283,13,0,0,0,0,0,0,0,0,0,0.0,0.0,0,11,1,8,1,2,20.0,0,32,22,68.75,14,34,10,49,75,38.27,50,409,258,618,177.8,12,0,1099,14,2,0
Adnan Uğur,987539,Fatih Karagümrük,4954,turkey,2122,1176,24,13,6.58,1,0,1,,,14,0,0.0,54,18,69.23,177,289,466,92.09,4,40.0,6,0,0,0,,0,1,3,1,6,24,0,0,14,17,69,0,1,28,0,10.0,,23,19,4,1,0,,58,47.93,0,0,1,40,10,6,0,1,,0,0,0,0,0.0,0,0,0,0,85,4,0,0,1,0,0,0,0,0,0,1176.0,0.0,0,7,3,3,4,12,66.67,0,27,19,70.37,6,18,18,2,62,47.33,26,204,304,506,157.9,10,0,666,19,5,0
Barış Yardımcı,594420,Konyaspor,3085,turkey,2122,282,10,2,6.58,0,0,0,,,2,2,18.18,21,2,14.29,44,47,89,73.55,1,25.0,3,0,0,0,,0,0,0,0,5,9,0,0,1,5,13,0,0,4,0,0.0,,5,5,0,0,0,,20,66.67,0,0,0,32,3,2,0,0,,0,0,0,1,0.0,0,0,0,0,55,0,0,0,0,0,0,0,0,0,0,0.0,0.0,0,0,0,0,0,1,50.0,0,14,12,85.71,2,12,2,11,21,61.76,14,69,63,121,59.2,0,0,214,5,0,0
İsmail Köybaşı,43605,Trabzonspor,3051,turkey,2122,967,13,12,6.58,0,0,0,,,8,6,30.0,92,11,36.67,248,276,518,89.77,8,44.44,10,0,0,0,,1,0,0,2,13,13,0,0,12,12,50,1,0,13,0,0.0,,15,14,1,0,0,,27,40.3,0,0,0,59,21,5,0,2,,0,0,0,0,0.0,0,0,0,0,109,3,0,0,0,0,0,0,0,0,0,0.0,0.0,0,0,3,0,3,5,62.5,0,17,9,52.94,5,20,8,20,35,41.18,30,295,302,577,85.5,3,0,783,5,1,0
İsmail Çipe,788088,Galatasaray,3061,turkey,2122,555,7,6,6.57,0,0,0,,,24,0,0.0,10,54,48.65,31,106,137,70.26,1,100.0,0,0,0,0,,0,0,0,1,3,7,0,0,0,0,0,0,0,0,0,0.0,,11,10,1,0,0,,2,100.0,0,2,0,58,0,0,0,0,,0,0,0,0,0.0,1,0,0,0,59,0,2,0,0,3,10,2,13,1,3,0.0,0.0,0,0,0,0,0,1,100.0,3,0,0,0.0,0,41,1,0,3,100.0,111,80,115,195,46.0,0,0,241,2,0,0
Eren Albayrak,43532,Çaykur Rizespor,3064,turkey,2122,859,17,10,6.57,0,0,0,,,10,7,14.89,60,13,31.71,128,140,261,78.61,8,40.0,12,0,0,0,,4,0,0,0,23,17,0,0,5,14,48,1,0,9,0,0.0,,20,18,2,0,0,,37,50.68,0,0,0,71,13,10,0,0,,0,0,0,1,0.0,0,0,0,0,148,1,0,0,0,0,0,0,0,0,0,0.0,0.0,0,0,1,1,0,5,38.46,0,24,17,70.83,10,17,13,47,45,48.39,41,212,167,332,111.7,1,0,593,8,3,0
Ahmed El Messaoudi,369798,Gaziantep FK,5138,turkey,2122,444,16,3,6.57,0,0,0,,,2,1,33.33,45,4,50.0,90,40,129,82.17,5,45.45,6,0,0,0,,1,0,2,0,5,13,0,0,8,2,29,0,0,5,0,0.0,,7,7,0,0,0,,22,48.89,0,0,0,28,5,1,0,1,,0,0,0,0,0.0,0,0,0,0,64,4,0,0,0,0,0,0,0,0,0,0.0,0.0,0,2,1,0,1,6,42.86,0,13,10,76.92,1,7,14,3,27,48.21,8,115,45,157,85.4,3,0,247,3,2,0
Brown Ideye,37377,Göztepe,3054,turkey,2122,54,5,0,6.57,0,0,0,,,0,0,0.0,6,1,100.0,6,3,9,56.25,3,75.0,1,0,0,0,,0,0,0,0,0,3,0,0,0,1,6,0,0,4,0,0.0,,1,1,0,0,0,,1,16.67,0,0,0,7,0,0,0,0,,0,0,0,0,0.0,0,0,0,0,10,0,0,0,0,0,0,0,0,0,0,0.0,0.0,0,1,0,0,1,0,0.0,0,0,0,0.0,0,0,0,0,4,40.0,1,12,4,16,19.7,1,0,22,1,1,0
Hamza Mendyl,846447,Gaziantep FK,5138,turkey,2122,1045,22,10,6.56,1,2,3,,,5,8,20.51,68,15,38.46,152,126,270,79.41,5,25.0,15,0,0,0,,3,1,1,0,21,21,0,0,1,17,75,0,0,16,0,16.67,,17,16,1,1,0,,39,39.39,0,0,1,70,15,11,1,0,,0,0,0,0,0.0,0,0,0,0,168,3,0,1,0,0,0,0,0,0,0,1045.0,0.0,0,4,2,2,3,16,38.1,0,17,8,47.06,11,17,42,39,44,36.97,39,232,147,340,137.8,6,0,629,6,5,1
Fabricio Baiano,329469,Çaykur Rizespor,3064,turkey,2122,2162,28,26,6.56,0,0,0,,,14,6,21.43,156,23,46.94,345,351,690,82.93,11,34.38,21,0,0,0,,0,1,1,5,32,28,0,2,9,24,125,0,0,55,0,0.0,,38,35,3,0,0,,116,52.73,0,0,0,142,23,10,0,1,,0,0,0,1,0.0,0,0,0,0,265,7,0,4,0,0,0,0,0,0,0,0.0,0.0,0,2,5,2,4,21,53.85,0,62,31,50.0,10,31,39,28,127,50.4,49,437,423,832,183.7,7,0,1319,33,6,2
Babajide David Akintola,798676,Adana Demirspor,3101,turkey,2122,1210,26,12,6.56,2,1,3,,,5,9,22.5,84,4,57.14,157,72,220,78.01,19,57.58,14,0,0,0,,2,5,9,2,5,26,0,1,25,10,90,0,0,16,0,6.9,,15,15,0,1,1,,54,41.54,0,0,0,62,8,19,2,4,,0,0,0,0,0.0,0,0,0,0,209,5,0,1,0,0,0,0,0,0,0,605.0,0.0,0,24,5,8,12,24,47.06,0,15,7,46.67,19,8,51,40,73,44.79,7,239,83,282,170.5,29,0,576,15,1,0
Kahraman Demirtaş,845313,Göztepe,3054,turkey,2122,1619,23,18,6.55,0,0,0,,,36,4,36.36,90,49,43.36,251,447,694,81.94,36,58.06,26,0,0,0,,0,0,1,0,57,22,0,0,4,13,62,1,0,21,0,0.0,,43,40,3,0,0,,38,51.35,0,0,1,153,32,3,0,0,,1,0,0,0,0.0,0,0,0,0,180,3,0,0,0,0,0,0,0,0,0,0.0,0.0,0,1,2,2,0,3,100.0,0,25,16,64.0,3,82,3,11,74,54.41,113,350,508,847,144.2,3,0,1094,10,3,0
Barış Alper Yılmaz,904096,Galatasaray,3061,turkey,2122,330,17,3,6.55,0,0,0,,,0,2,20.0,35,0,0.0,64,36,98,82.35,2,18.18,9,0,0,0,,0,1,4,0,0,13,0,0,10,3,37,0,0,11,0,0.0,,4,4,0,0,0,,23,45.1,0,0,1,21,3,5,0,2,,0,0,0,0,0.0,0,0,0,0,63,2,0,0,0,0,0,0,0,0,0,0.0,0.0,0,4,6,5,1,6,54.55,0,7,5,71.43,5,0,11,10,25,40.32,1,90,39,119,85.2,10,0,213,10,0,0
Kerim Frei,157014,Fatih Karagümrük,4954,turkey,2122,533,10,6,6.55,0,1,1,,,1,0,0.0,57,1,33.33,106,45,151,86.78,3,60.0,2,0,0,0,,0,1,2,0,0,10,0,0,7,3,32,0,0,6,0,0.0,,8,7,1,0,0,,30,50.0,0,0,0,23,2,3,0,5,,0,0,0,0,0.0,0,0,0,0,74,3,0,0,0,0,0,0,0,0,0,0.0,0.0,0,3,2,2,1,12,46.15,0,6,3,50.0,3,7,26,3,33,50.77,3,129,48,174,65.5,5,0,284,12,0,0
Cenk Şahin,135694,Gaziantep FK,5138,turkey,2122,44,2,0,6.55,0,0,0,,,0,0,0.0,6,0,0.0,13,2,15,83.33,0,0.0,1,0,0,0,,0,0,0,0,0,2,0,0,1,1,5,0,0,1,0,0.0,,0,0,0,0,0,,2,33.33,0,0,0,3,0,1,0,0,,0,0,0,0,0.0,0,0,0,0,8,1,0,0,0,0,0,0,0,0,0,0.0,0.0,0,0,0,0,0,1,50.0,0,1,1,100.0,1,0,2,2,2,28.57,0,17,3,18,13.1,0,0,28,0,0,0
Yusuf Turk,954837,Gaziantep FK,5138,turkey,2122,42,2,0,6.55,0,0,0,,,1,1,100.0,2,1,50.0,5,3,7,63.64,2,50.0,2,0,0,0,,0,0,0,0,1,2,0,0,0,0,5,0,0,1,0,0.0,,1,1,0,0,0,,2,40.0,0,0,0,4,1,1,0,0,,0,0,0,0,0.0,0,0,0,0,8,0,0,0,0,0,0,0,0,0,0,0.0,0.0,0,0,1,1,0,2,50.0,0,0,0,0.0,1,2,4,1,4,44.44,2,5,7,11,13.1,1,0,23,0,1,0
Nurettin Küçükdeniz,1136073,Altay,3070,turkey,2122,42,3,0,6.55,0,0,0,,,1,0,0.0,3,0,0.0,4,1,5,55.56,0,0.0,2,0,0,0,,0,0,0,0,0,2,0,0,0,0,4,0,0,2,0,0.0,,1,1,0,0,0,,1,33.33,0,0,0,4,0,0,0,0,,0,0,0,0,0.0,0,0,0,0,8,1,0,0,0,0,0,0,0,0,0,0.0,0.0,0,0,0,0,0,0,0.0,0,0,0,0.0,0,2,0,0,1,20.0,0,8,1,9,13.1,0,0,16,1,0,0
Berat Yaman,1200980,Yeni Malatyaspor,24759,turkey,2122,112,3,1,6.55,0,0,0,,,0,0,0.0,1,1,25.0,2,4,6,54.55,1,50.0,1,0,0,0,,0,1,0,0,8,2,0,0,0,0,2,0,0,1,0,0.0,,2,2,0,0,0,,2,66.67,0,0,0,5,0,1,0,0,,0,0,0,0,0.0,0,0,0,0,8,0,0,0,0,0,0,0,0,0,0,0.0,0.0,0,1,0,1,0,0,0.0,0,2,2,100.0,1,1,0,0,3,60.0,4,6,5,11,13.1,1,0,33,0,0,0
Tolga Ünlü,150469,Altay,3070,turkey,2122,759,12,8,6.55,0,0,0,,,17,4,13.79,47,20,41.67,116,97,209,69.9,4,28.57,10,0,0,0,,0,0,0,1,13,12,0,0,7,11,45,0,1,12,0,0.0,,10,9,1,0,0,,29,45.31,0,0,0,90,9,5,0,0,,0,0,0,0,0.0,0,0,0,0,155,5,0,0,0,0,0,0,0,0,0,0.0,0.0,0,0,1,1,0,5,45.45,0,19,9,47.37,5,46,11,29,33,42.31,48,198,130,299,78.6,1,0,515,5,1,0
Dimitrios Pelkas,139304,Fenerbahçe,3052,turkey,2122,790,23,8,6.54,4,0,4,,,8,2,11.11,78,8,66.67,135,65,198,82.85,5,45.45,6,0,0,0,,0,3,14,0,3,23,0,0,10,17,80,0,0,21,0,12.9,,14,9,5,3,1,,34,31.48,0,0,1,41,4,9,0,2,,0,0,0,0,0.0,0,0,0,0,128,8,0,0,4,0,0,0,0,0,0,197.5,0.0,0,20,11,6,11,10,27.78,0,16,8,50.0,9,12,36,18,39,32.77,12,190,67,239,150.5,31,0,436,9,2,0
Jospin Nshimirimana,1015829,Yeni Malatyaspor,24759,turkey,2122,1236,23,12,6.54,0,0,0,,,14,0,0.0,64,35,54.69,145,243,388,85.27,16,66.67,8,0,0,0,,1,0,2,3,17,21,0,0,8,22,64,0,1,21,0,0.0,,24,21,3,0,0,,50,47.17,0,0,0,67,13,6,0,0,,0,0,0,0,0.0,0,0,0,0,109,5,0,1,0,0,0,0,0,0,0,0.0,0.0,0,7,7,9,3,12,60.0,0,21,11,52.38,6,35,20,4,66,50.77,64,200,259,455,137.4,14,0,632,17,8,1
Gökhan Töre,88125,Beşiktaş JK,3050,turkey,2122,254,12,2,6.54,0,0,0,,,1,3,21.43,26,0,0.0,46,21,64,63.37,1,33.33,2,0,0,0,,0,0,3,0,1,11,0,0,6,3,20,0,0,4,0,0.0,,5,4,1,0,0,,10,35.71,0,0,0,37,0,3,0,3,,0,0,0,0,0.0,0,0,0,0,69,2,0,0,0,0,0,0,0,0,0,0.0,0.0,1,2,2,0,1,4,44.44,0,3,3,100.0,3,6,9,14,11,35.48,6,82,33,101,71.9,4,0,166,3,0,0
Burak Çamoğlu,352568,Hatayspor,3091,turkey,2122,50,3,1,6.53,0,0,0,,,0,2,66.67,2,0,0.0,5,6,9,75.0,0,0.0,1,0,0,0,,0,0,0,0,0,3,0,0,0,1,2,0,0,0,0,0.0,,1,1,0,0,0,,3,75.0,0,0,0,3,0,1,0,0,,0,0,0,0,0.0,0,0,0,0,10,0,0,0,0,0,0,0,0,0,0,0.0,0.0,0,0,0,0,0,0,0.0,0,1,1,100.0,1,1,0,3,3,60.0,1,8,7,12,19.6,0,0,28,2,0,0
Berat Mert,1213564,Yeni Malatyaspor,24759,turkey,2122,34,3,0,6.53,0,0,0,,,0,0,0.0,2,1,100.0,8,11,19,86.36,0,0.0,0,0,0,0,,0,0,0,0,1,3,0,0,2,0,2,0,0,0,0,0.0,,1,1,0,0,0,,4,66.67,0,0,0,3,1,0,0,0,,0,0,0,0,0.0,0,0,0,0,6,0,0,0,0,0,0,0,0,0,0,0.0,0.0,0,0,0,0,0,1,100.0,0,1,1,100.0,0,1,1,0,4,66.67,1,9,13,22,19.6,0,0,32,2,0,0
Iñaki Peña,794949,Galatasaray,3061,turkey,2122,540,6,6,6.53,0,0,0,,,26,0,0.0,6,40,44.44,20,92,112,68.71,2,100.0,0,0,0,0,,0,0,0,0,10,6,0,0,0,0,0,1,0,0,0,0.0,,9,7,2,0,0,,1,100.0,0,1,0,51,0,1,0,0,,0,0,0,0,0.0,2,0,0,0,52,0,5,0,0,0,9,6,15,0,3,0.0,0.0,0,0,0,0,0,0,0.0,0,0,0,0.0,1,58,0,0,3,100.0,90,59,104,163,39.2,0,0,209,1,1,0
Mehmet Topal,17793,Beşiktaş JK,3050,turkey,2122,133,7,1,6.53,0,0,0,,,3,0,0.0,9,4,50.0,29,46,75,81.52,4,44.44,5,0,0,0,,0,0,1,0,7,6,0,0,0,2,12,0,0,4,0,0.0,,2,2,0,0,0,,2,22.22,0,0,0,17,4,1,0,0,,0,0,0,0,0.0,0,0,0,0,19,0,0,0,0,0,0,0,0,0,0,0.0,0.0,0,1,0,0,0,0,0.0,0,1,1,100.0,1,7,1,0,6,33.33,8,41,51,92,39.2,1,0,111,1,1,0
Amilton da Silva,803148,Konyaspor,3085,turkey,2122,1514,32,20,6.53,1,0,1,,,10,14,30.43,99,14,58.33,196,92,274,68.84,27,54.0,23,0,0,0,,1,1,7,0,7,31,0,0,25,20,123,0,0,24,0,6.25,,29,24,5,0,1,,77,43.5,0,0,0,124,10,15,0,8,,0,0,0,0,0.0,0,0,0,0,272,6,0,1,1,0,0,0,0,0,0,1514.0,0.0,0,10,6,5,4,26,41.94,0,25,17,68.0,15,19,62,46,104,45.81,24,327,117,398,202.5,16,0,735,26,5,1
Sefa Yılmaz,39737,Sivasspor,3076,turkey,2122,477,22,3,6.53,0,0,0,,,2,1,10.0,47,5,33.33,85,39,123,75.0,2,25.0,6,0,0,0,,1,1,4,0,3,19,0,0,6,6,38,0,0,15,0,0.0,,7,6,1,0,0,,31,49.21,0,0,0,41,3,7,0,3,,0,0,0,0,0.0,0,0,0,0,80,4,0,0,0,0,0,0,0,0,0,0.0,0.0,0,6,3,3,2,10,55.56,0,9,7,77.78,7,10,18,10,33,46.48,15,127,47,164,124.1,9,0,268,12,1,0
Tunay Torun,30241,Kasımpaşa,6063,turkey,2122,456,21,4,6.53,0,2,2,,,4,3,23.08,37,9,81.82,75,88,160,87.43,1,33.33,2,0,0,0,,2,0,1,0,2,17,0,0,3,6,23,0,0,11,0,0.0,,10,9,1,0,0,,18,46.15,0,0,0,23,3,10,0,9,,0,0,0,1,0.0,0,0,0,0,46,2,0,0,0,0,0,0,0,0,0,0.0,0.0,0,4,2,2,3,4,80.0,0,7,2,28.57,10,8,5,13,19,45.24,11,101,95,183,111.0,6,0,256,7,6,0
Alper Potuk,55028,Çaykur Rizespor,3064,turkey,2122,1243,22,14,6.53,0,0,0,,,11,8,26.67,106,13,56.52,204,117,313,76.9,18,50.0,18,0,0,0,,0,1,6,1,7,22,0,0,17,15,89,1,0,16,0,0.0,,26,25,1,0,0,,90,55.9,0,0,0,94,5,14,0,4,,0,0,0,0,0.0,0,0,0,0,198,15,0,1,0,0,0,0,0,0,0,0.0,0.0,0,6,6,6,0,25,51.02,0,20,12,60.0,14,18,49,30,108,54.82,23,300,137,407,143.6,12,0,679,45,1,1
Ömer Ali Şahiner,103912,Başakşehir FK,3086,turkey,2122,1125,22,14,6.53,0,1,1,,,12,3,17.65,109,39,65.0,211,224,432,84.05,5,35.71,9,0,0,0,,1,0,0,0,15,20,0,0,8,8,59,0,0,27,0,0.0,,12,10,2,0,0,,26,34.21,0,0,0,82,10,8,0,2,,0,0,0,0,0.0,0,0,0,0,143,4,0,1,0,0,0,0,0,0,0,0.0,0.0,0,2,7,7,2,7,50.0,0,16,11,68.75,8,34,14,17,31,34.44,60,283,248,514,130.5,9,0,740,4,5,1
Younousse Sankharé,27049,Giresunspor,5765,turkey,2122,335,8,3,6.53,0,0,0,,,3,1,33.33,32,3,42.86,73,53,125,75.3,5,41.67,7,0,0,0,,0,1,0,0,0,8,0,0,4,4,22,0,0,6,0,0.0,,3,3,0,0,0,,11,42.31,0,0,0,41,2,1,0,0,,0,0,0,0,0.0,0,0,0,0,56,4,0,0,0,0,0,0,0,0,0,0.0,0.0,0,4,1,4,1,1,33.33,0,5,4,80.0,1,10,3,3,16,42.11,7,110,59,166,52.2,5,0,208,5,3,0
Selimcan Temel,1003319,Hatayspor,3091,turkey,2122,124,7,0,6.52,0,0,0,,,5,1,12.5,12,3,42.86,22,30,51,70.83,0,0.0,2,0,0,0,,0,0,1,0,0,5,0,0,3,5,17,0,0,7,0,0.0,,4,3,1,0,0,,14,48.28,0,0,0,21,2,0,0,0,,0,0,0,0,0.0,0,0,0,0,33,2,0,0,0,0,0,0,0,0,0,0.0,0.0,0,0,1,0,0,3,100.0,0,8,3,37.5,0,9,3,8,14,45.16,7,47,33,72,32.6,1,0,112,3,1,0
Arda Turan,5702,Galatasaray,3061,turkey,2122,93,7,0,6.51,0,0,0,,,2,0,0.0,22,2,50.0,27,11,38,73.08,2,25.0,6,0,0,0,,0,0,1,0,1,7,0,0,3,3,15,0,0,3,0,0.0,,1,1,0,0,0,,3,25.0,0,0,0,14,0,2,0,1,,0,0,0,0,0.0,0,0,0,0,24,0,0,0,0,0,0,0,0,0,0,0.0,0.0,0,2,0,1,0,1,50.0,0,1,1,100.0,2,6,2,3,5,25.0,4,43,12,52,45.6,2,0,76,1,0,0
Murat Paluli,893014,Göztepe,3054,turkey,2122,1746,22,21,6.51,0,1,1,,,16,5,9.8,126,13,32.5,266,210,471,78.24,15,36.59,26,0,0,0,,1,0,1,1,29,22,0,0,22,15,95,0,0,19,0,0.0,,35,32,3,0,0,,67,49.26,0,0,0,131,26,8,0,1,,0,0,0,1,0.0,0,0,0,0,269,5,0,0,0,0,0,0,0,0,0,0.0,0.0,0,5,2,5,1,20,57.14,0,26,11,42.31,8,33,35,51,82,46.33,40,397,256,602,143.2,7,1,1079,21,5,0
Mirza Cihan,909289,Gaziantep FK,5138,turkey,2122,283,10,3,6.5,0,1,1,,,0,0,0.0,14,2,40.0,18,11,29,58.0,2,22.22,7,0,0,0,,1,1,2,0,0,9,0,0,8,5,35,0,0,7,0,0.0,,5,5,0,0,0,,14,33.33,0,0,0,21,2,2,0,2,,0,0,0,0,0.0,0,0,0,0,46,0,0,0,0,0,0,0,0,0,0,0.0,0.0,1,3,8,7,2,4,33.33,0,7,4,57.14,2,2,12,1,16,31.37,5,35,16,50,58.5,11,0,116,3,0,0
Arif Kocaman,1173638,Kayserispor,3072,turkey,2122,30,1,0,6.5,0,0,0,,,0,0,0.0,1,0,0.0,3,15,18,75.0,0,0.0,1,0,0,0,,0,0,0,0,0,1,0,0,0,0,2,0,0,1,0,0.0,,0,0,0,0,0,,1,50.0,0,0,0,6,0,0,0,0,,0,0,0,0,0.0,0,0,0,0,6,0,0,0,0,0,0,0,0,0,0,0.0,0.0,0,0,0,0,0,0,0.0,0,1,0,0.0,0,1,0,0,1,33.33,4,6,18,24,6.5,0,0,25,0,0,0
Erkan Eyibil,930283,Antalyaspor,3056,turkey,2122,11,1,0,6.5,0,0,0,,,0,0,0.0,2,0,0.0,2,0,2,100.0,1,100.0,0,0,0,0,,0,0,0,0,0,1,0,0,0,0,0,0,0,0,0,0.0,,2,1,1,0,0,,0,0.0,0,0,0,0,0,1,0,0,,0,0,0,0,0.0,0,0,0,0,0,0,0,0,0,0,0,0,0,0,0,0.0,0.0,0,1,0,1,0,0,0.0,0,0,0,0.0,1,0,0,0,1,100.0,0,2,0,2,6.5,1,0,4,0,0,0
Mehmet Albayrak,1141652,Sivasspor,3076,turkey,2122,61,1,1,6.5,0,0,0,,,0,0,0.0,2,0,0.0,6,9,15,78.95,2,100.0,0,0,0,0,,0,0,0,0,2,1,0,0,1,1,3,0,0,1,0,0.0,,1,1,0,0,0,,4,57.14,0,0,0,4,0,0,0,0,,0,0,0,0,0.0,0,0,0,0,7,0,0,0,0,0,0,0,0,0,0,0.0,0.0,0,0,0,0,0,1,100.0,0,2,2,100.0,0,1,1,1,6,66.67,0,10,10,19,6.5,0,0,33,1,0,0
Bahattin Demircan,1084999,Fatih Karagümrük,4954,turkey,2122,12,1,0,6.5,0,0,0,,,0,0,0.0,0,0,0.0,0,0,0,0.0,0,0.0,0,0,0,0,,0,0,1,0,0,1,0,0,0,0,0,0,0,0,0,0.0,,0,0,0,0,0,,0,0.0,0,0,0,1,0,0,0,0,,0,0,0,0,0.0,0,0,0,0,2,0,0,0,0,0,0,0,0,0,0,0.0,0.0,0,1,0,0,0,0,0.0,0,0,0,0.0,0,0,0,0,0,0.0,0,1,0,1,6.5,1,0,3,0,0,0
Emre Satılmış,863607,Sivasspor,3076,turkey,2122,90,1,1,6.5,0,0,0,,,4,0,0.0,0,4,30.77,0,15,15,62.5,1,100.0,0,0,0,0,,0,0,0,0,2,1,0,0,0,0,0,0,0,0,0,0.0,,1,1,0,0,0,,0,0.0,0,1,0,9,0,0,0,0,,0,0,0,0,0.0,0,0,0,0,9,0,2,0,0,0,0,1,1,0,0,0.0,0.0,0,0,0,0,0,0,0.0,0,0,0,0.0,0,12,0,0,1,100.0,13,7,17,24,6.5,0,0,33,0,0,0
Erşan Yaşa,989835,Yeni Malatyaspor,24759,turkey,2122,10,1,0,6.5,0,0,0,,,0,0,0.0,2,0,0.0,4,2,6,100.0,0,0.0,0,0,0,0,,0,0,0,0,0,1,0,0,0,0,0,0,0,0,0,0.0,,0,0,0,0,0,,0,0.0,0,0,0,0,0,0,0,0,,0,0,0,0,0.0,0,0,0,0,1,0,0,0,0,0,0,0,0,0,0,0.0,0.0,0,0,0,0,0,0,0.0,0,0,0,0.0,0,0,0,0,0,0.0,0,4,2,6,6.5,0,0,7,0,0,0
Tugay Gündem,1144931,Altay,3070,turkey,2122,8,1,0,6.5,0,0,0,,,0,0,0.0,0,0,0.0,0,5,5,100.0,0,0.0,0,0,0,0,,0,0,0,0,0,1,0,0,0,0,0,0,0,0,0,0.0,,0,0,0,0,0,,0,0.0,0,0,0,0,0,0,0,0,,0,0,0,0,0.0,0,0,0,0,0,0,0,0,0,0,0,0,0,0,0,0.0,0.0,0,0,0,0,0,0,0.0,0,0,0,0.0,0,0,0,0,0,0.0,0,0,5,5,6.5,0,0,5,0,0,0
Firat Arslan,1201886,Göztepe,3054,turkey,2122,8,1,0,6.5,0,0,0,,,0,0,0.0,0,0,0.0,0,0,0,0.0,0,0.0,0,0,0,0,,0,0,0,0,1,1,0,0,0,0,0,0,1,0,0,0.0,,0,0,0,0,0,,0,0.0,0,0,0,1,0,0,0,0,,0,0,0,0,0.0,0,0,0,0,1,0,0,0,0,0,0,0,0,0,0,0.0,0.0,0,0,0,0,0,0,0.0,0,0,0,0.0,0,0,0,0,0,0.0,0,0,1,1,6.5,0,0,3,0,0,0
Baris Gun,1216268,Giresunspor,5765,turkey,2122,59,1,1,6.5,0,0,0,,,1,0,0.0,0,1,50.0,0,5,5,45.45,1,25.0,3,0,0,0,,0,0,0,0,1,1,0,0,0,0,5,0,0,2,0,0.0,,2,2,0,0,0,,2,50.0,0,0,0,6,0,0,0,0,,0,0,0,0,0.0,0,0,0,0,9,0,0,0,0,0,0,0,0,0,0,0.0,0.0,0,1,0,1,0,0,0.0,0,2,0,0.0,0,1,0,0,3,37.5,2,2,9,11,6.5,1,0,28,0,0,0
Ahmed Kutucu,906049,Başakşehir FK,3086,turkey,2122,43,3,0,6.5,0,0,0,,,0,0,0.0,9,0,0.0,10,8,18,85.71,2,100.0,0,0,0,0,,0,0,2,0,0,3,0,0,3,1,6,0,0,1,0,0.0,,1,1,0,0,0,,3,33.33,0,0,0,3,1,0,0,0,,0,0,0,0,0.0,0,0,0,0,12,0,0,0,0,0,0,0,0,0,0,0.0,0.0,0,1,1,0,0,2,66.67,0,1,0,0.0,0,1,3,0,5,45.45,0,13,8,21,19.5,2,0,38,0,0,0
Ferhat Kaplan,81949,Adana Demirspor,3101,turkey,2122,551,7,6,6.5,0,0,0,,,11,0,0.0,3,35,50.0,21,98,119,75.8,3,100.0,0,0,0,0,,0,0,0,1,1,7,0,0,0,0,0,2,0,0,0,0.0,,9,6,3,0,0,,4,100.0,0,7,0,38,0,0,0,0,,0,0,0,0,0.0,0,0,0,0,39,0,1,0,0,2,11,5,16,0,2,0.0,0.0,0,0,0,0,0,1,100.0,2,0,0,0.0,0,22,1,0,7,100.0,70,48,109,157,45.5,0,0,204,3,1,0
Walter Bwalya,998820,Yeni Malatyaspor,24759,turkey,2122,132,8,0,6.5,0,0,0,,,2,0,0.0,7,1,50.0,11,9,20,64.52,7,33.33,14,0,0,0,,0,0,1,0,3,8,0,0,5,1,25,0,0,2,0,0.0,,4,4,0,0,0,,7,38.89,0,0,0,11,0,1,0,1,,0,0,0,0,0.0,0,0,0,0,27,1,0,0,0,0,0,0,0,0,0,0.0,0.0,0,1,2,1,1,1,25.0,0,3,0,0.0,1,2,4,0,14,35.9,2,21,10,31,52.0,3,0,65,3,0,0
Mert Miraç Altıntaş,1133255,Yeni Malatyaspor,24759,turkey,2122,315,15,3,6.5,0,0,0,,,3,0,0.0,19,4,57.14,37,19,56,81.16,3,60.0,2,0,0,0,,0,0,1,0,2,9,0,0,3,3,16,0,0,2,0,0.0,,9,8,1,0,0,,14,50.0,0,0,0,13,2,1,0,1,,0,0,0,0,0.0,0,0,0,0,39,2,0,0,0,0,0,0,0,0,0,0.0,0.0,0,0,3,1,1,3,33.33,0,5,3,60.0,1,3,9,3,17,51.52,7,49,23,69,58.5,3,0,126,6,0,0
Kenan Özer,146364,Yeni Malatyaspor,24759,turkey,2122,966,23,10,6.49,1,1,2,,,10,7,25.93,85,8,47.06,146,90,229,75.83,8,32.0,17,0,0,0,,2,2,5,0,8,22,0,1,10,16,91,0,0,23,0,5.56,,21,19,2,1,0,,64,46.38,0,0,1,73,10,12,0,7,,0,0,0,0,0.0,0,0,0,0,175,8,0,1,1,0,0,0,0,0,0,966.0,0.0,3,10,8,4,9,15,35.71,0,20,11,55.0,12,15,42,27,72,44.17,17,224,105,302,142.8,18,0,574,29,3,0
Tyler Boyd,277437,Çaykur Rizespor,3064,turkey,2122,1780,29,23,6.49,2,2,4,,,32,20,25.0,184,27,50.0,294,96,370,71.57,17,42.5,23,0,0,0,,2,1,7,0,11,29,0,1,36,27,157,0,0,42,0,6.45,,36,34,2,1,1,,81,37.67,0,0,2,147,14,30,0,3,,0,0,0,0,0.0,0,0,0,0,339,9,0,1,2,0,0,0,0,0,0,890.0,0.0,3,14,17,17,7,29,49.15,0,29,16,55.17,30,57,59,80,98,38.43,54,460,137,517,188.1,31,0,961,23,2,0
Gastón Campi,351824,Yeni Malatyaspor,24759,turkey,2122,1154,14,14,6.49,0,0,0,,,49,0,0.0,36,53,50.48,124,300,424,81.54,18,52.94,16,0,0,0,,0,0,1,1,45,14,0,1,1,10,42,0,0,15,0,0.0,,29,24,5,0,0,,27,50.94,0,0,0,96,29,2,0,0,,0,0,0,0,0.0,0,0,0,0,105,1,0,1,0,0,0,0,0,0,0,0.0,0.0,0,3,1,3,0,6,85.71,0,19,11,57.89,2,96,7,1,45,51.72,105,187,334,520,90.8,4,0,676,3,1,0
Yannis Salibur,39220,Fatih Karagümrük,4954,turkey,2122,354,12,3,6.48,0,1,1,,,1,0,0.0,26,1,100.0,41,15,56,81.16,4,44.44,5,0,0,0,,1,0,5,0,4,11,0,0,10,2,31,0,0,8,0,0.0,,7,7,0,0,0,,13,33.33,0,0,0,13,2,3,0,4,,0,0,0,0,0.0,0,0,0,0,50,1,0,0,0,0,0,0,0,0,0,0.0,0.0,0,6,3,3,1,3,30.0,0,2,2,100.0,3,3,10,8,17,35.42,1,59,18,69,71.3,9,0,142,8,2,0
Emre Demir,974075,Kayserispor,3072,turkey,2122,31,4,0,6.47,0,0,0,,,0,0,0.0,5,0,0.0,10,1,11,78.57,1,100.0,0,0,0,0,,0,0,2,0,0,3,0,0,1,0,3,0,0,1,0,0.0,,0,0,0,0,0,,1,25.0,0,0,0,3,0,1,0,0,,0,0,0,0,0.0,0,0,0,0,9,0,0,0,0,0,0,0,0,0,0,0.0,0.0,0,1,1,0,0,1,50.0,0,0,0,0.0,1,0,2,1,2,40.0,0,13,2,14,19.4,2,0,25,0,1,0
Torgeir Børven,381820,Gaziantep FK,5138,turkey,2122,191,14,0,6.46,0,0,0,,,1,0,0.0,15,0,0.0,27,17,44,70.97,7,35.0,13,0,0,0,,0,2,0,0,0,14,0,0,4,2,22,0,0,2,0,0.0,,5,5,0,0,0,,4,30.77,0,0,0,18,0,1,0,3,,0,0,0,0,0.0,0,0,0,0,31,1,0,0,0,0,0,0,0,0,0,0.0,0.0,0,2,0,1,1,0,0.0,0,2,2,100.0,1,2,1,1,11,33.33,2,44,19,62,90.5,2,0,91,2,1,0
Sakıb Aytaç,86777,Kasımpaşa,6063,turkey,2122,325,8,3,6.46,0,0,0,,,4,2,28.57,27,10,52.63,60,63,121,79.08,4,80.0,1,0,0,0,,0,0,0,1,6,8,0,0,2,7,17,0,0,5,0,0.0,,5,4,1,0,0,,13,44.83,0,0,0,32,7,1,0,1,,0,0,0,0,0.0,0,0,0,0,49,0,0,0,0,0,0,0,0,0,0,0.0,0.0,0,0,1,1,0,1,33.33,0,7,6,85.71,1,15,3,7,17,50.0,19,90,70,153,51.7,1,0,235,5,1,0
Max Meyer,187431,Fenerbahçe,3052,turkey,2122,221,6,3,6.46,0,0,0,,,2,0,0.0,36,3,42.86,81,38,119,85.0,5,62.5,3,0,0,0,,0,0,1,0,0,5,0,0,3,3,15,0,0,3,0,0.0,,3,3,0,0,0,,8,40.0,0,0,0,21,3,1,0,0,,0,0,0,0,0.0,0,0,0,0,41,0,0,0,0,0,0,0,0,0,0,0.0,0.0,0,1,1,1,0,3,42.86,0,2,1,50.0,1,4,7,3,13,46.43,7,98,45,140,32.3,2,0,185,3,0,0
Sinan Gümüş,169165,Antalyaspor,3056,turkey,2122,118,6,1,6.46,0,0,0,,,0,0,0.0,8,0,0.0,11,12,23,71.88,1,25.0,3,0,0,0,,0,1,1,0,0,5,0,0,1,4,10,0,0,1,0,0.0,,1,1,0,0,0,,7,50.0,0,0,0,9,0,0,0,0,,0,0,0,0,0.0,0,0,0,0,16,1,0,0,0,0,0,0,0,0,0,0.0,0.0,0,2,1,0,2,1,50.0,0,2,2,100.0,0,1,2,1,8,44.44,1,17,16,32,32.3,3,0,50,4,1,0
Enzo Crivelli,380974,Antalyaspor,3056,turkey,2122,445,12,5,6.46,0,0,0,,,1,0,0.0,21,1,100.0,31,20,51,63.75,15,33.33,30,0,0,0,,0,0,0,0,4,12,0,0,10,3,59,0,0,14,0,0.0,,8,7,1,0,0,,14,32.56,0,0,0,29,2,2,0,4,,0,0,0,0,0.0,0,0,0,0,56,3,0,0,0,0,0,0,0,0,0,0.0,0.0,0,2,2,2,2,1,20.0,0,5,3,60.0,2,3,5,0,29,32.95,1,53,27,80,77.5,4,0,145,8,3,0
Ersin Zehir,886314,Antalyaspor,3056,turkey,2122,37,2,0,6.45,0,0,0,,,1,0,0.0,2,1,25.0,5,3,8,61.54,1,100.0,0,0,0,0,,0,0,0,0,1,2,0,0,0,0,2,0,0,2,0,0.0,,2,2,0,0,0,,1,33.33,0,0,0,5,0,0,0,0,,0,0,0,0,0.0,0,0,0,0,6,0,0,0,0,0,0,0,0,0,0,0.0,0.0,0,0,0,0,0,1,100.0,0,0,0,0.0,0,4,1,0,2,50.0,4,9,4,13,12.9,0,0,18,0,1,0
Ahmed Ildız,849329,Alanyaspor,6362,turkey,2122,207,8,1,6.44,0,0,0,,,4,1,33.33,29,9,64.29,56,70,125,86.81,2,50.0,2,0,0,0,,1,1,2,0,0,7,0,0,2,6,17,0,0,5,0,0.0,,5,4,1,0,0,,7,31.82,0,0,0,19,0,1,0,0,,0,0,0,0,0.0,0,0,0,0,29,1,0,0,0,0,0,0,0,0,0,0.0,0.0,0,1,3,0,2,3,60.0,0,1,0,0.0,1,10,5,3,9,34.62,14,72,75,144,45.1,4,0,173,3,0,0
Umut Taniş,1202011,Yeni Malatyaspor,24759,turkey,2122,201,6,2,6.44,0,0,0,,,0,0,0.0,15,1,33.33,25,15,40,76.92,5,100.0,0,0,0,0,,0,0,0,0,1,5,0,0,2,6,15,0,0,1,0,0.0,,6,6,0,0,0,,6,28.57,0,0,0,12,3,3,0,0,,0,0,0,0,0.0,0,0,0,0,25,4,0,0,0,0,0,0,0,0,0,0.0,0.0,0,1,0,0,1,1,14.29,0,4,4,100.0,3,1,7,0,11,42.31,3,32,20,52,32.2,1,0,84,1,0,0
Loïc Rémy,16674,Adana Demirspor,3101,turkey,2122,295,10,2,6.44,0,0,0,,,0,0,0.0,12,2,66.67,27,16,43,82.69,4,50.0,4,0,1,0,,0,2,1,0,1,10,0,0,1,1,10,0,0,0,0,0.0,,10,9,1,0,0,,6,50.0,0,0,1,9,0,0,0,2,,0,0,1,0,0.0,0,0,0,0,19,0,0,0,0,0,0,0,0,0,0,0.0,0.0,0,7,0,5,1,2,33.33,0,1,0,0.0,0,1,6,0,10,50.0,3,36,16,52,64.4,7,0,82,3,0,0
Ahmet Gülay,989069,Alanyaspor,6362,turkey,2122,165,5,3,6.43,0,0,0,,,0,0,0.0,7,2,66.67,29,55,84,93.33,0,0.0,0,0,0,0,,0,0,0,0,3,3,0,0,1,3,7,0,0,0,0,0.0,,3,2,1,0,0,,3,30.0,0,0,0,6,0,1,0,0,,0,0,0,0,0.0,0,0,0,0,20,0,0,0,0,0,0,0,0,0,0,0.0,0.0,0,0,0,0,0,1,25.0,0,2,2,100.0,1,4,4,4,3,30.0,3,37,57,90,19.3,0,0,125,0,0,0
Burak Kapacak,836686,Fenerbahçe,3052,turkey,2122,41,6,0,6.43,0,0,0,,,0,0,0.0,5,1,100.0,10,10,20,95.24,0,0.0,0,0,0,0,,0,0,0,0,0,3,0,0,2,2,11,0,0,2,0,0.0,,1,1,0,0,0,,3,21.43,0,0,0,1,0,0,0,0,,0,0,0,0,0.0,0,0,0,0,11,0,0,0,0,0,0,0,0,0,0,0.0,0.0,0,0,1,1,0,1,16.67,0,2,0,0.0,0,0,6,3,3,21.43,1,14,10,21,19.3,1,0,38,0,0,0
Serhat Ahmetoglu,1084170,Fatih Karagümrük,4954,turkey,2122,145,4,1,6.43,0,0,0,,,1,0,0.0,5,2,100.0,34,31,65,95.59,0,0.0,4,0,0,0,,1,0,1,0,0,4,0,0,0,1,10,0,1,3,0,0.0,,3,2,1,0,0,,7,53.85,0,0,0,3,2,1,0,0,,0,0,0,0,0.0,0,0,0,0,17,0,0,0,0,0,0,0,0,0,0,0.0,0.0,0,1,1,1,0,1,33.33,0,5,3,60.0,1,1,3,5,7,41.18,2,40,33,68,25.7,2,0,107,1,0,0
Muhammed Emin Sarikaya,929653,Yeni Malatyaspor,24759,turkey,2122,107,4,2,6.43,0,0,0,,,2,0,0.0,14,4,80.0,17,14,31,88.57,1,100.0,0,0,0,0,,0,0,0,0,0,4,0,0,1,0,4,0,0,1,0,0.0,,5,3,2,0,0,,5,55.56,0,0,0,4,3,1,0,0,,0,0,0,0,0.0,0,0,0,0,15,0,0,0,0,0,0,0,0,0,0,0.0,0.0,0,0,0,0,0,4,66.67,0,1,0,0.0,1,2,6,3,6,60.0,5,22,16,35,25.7,0,0,62,0,0,0
Beykan Şimşek,116942,Göztepe,3054,turkey,2122,157,6,1,6.42,1,0,1,,,2,0,0.0,17,3,60.0,33,8,41,73.21,2,66.67,1,0,0,0,,1,2,1,0,0,6,0,1,3,2,14,0,0,5,0,14.29,,3,3,0,1,0,,11,45.83,0,0,0,15,3,1,0,1,,0,0,0,0,0.0,0,0,0,0,31,1,0,1,1,0,0,0,0,0,0,157.0,0.0,0,5,2,3,3,7,70.0,0,0,0,0.0,1,3,10,6,13,48.15,5,50,12,56,38.5,7,0,100,4,0,0
Çekdar Orhan,992598,Giresunspor,5765,turkey,2122,14,1,0,6.4,0,0,0,,,0,0,0.0,0,0,0.0,1,3,4,66.67,0,0.0,0,0,0,0,,0,0,0,0,0,1,0,0,0,1,1,0,0,0,0,0.0,,0,0,0,0,0,,0,0.0,0,0,0,2,0,0,0,0,,0,0,0,0,0.0,0,0,0,0,3,0,0,0,0,0,0,0,0,0,0,0.0,0.0,0,0,0,0,0,0,0.0,0,0,0,0.0,0,0,0,0,0,0.0,1,3,3,6,6.4,0,0,7,0,0,0
Erdon Daci,889761,Konyaspor,3085,turkey,2122,12,1,0,6.4,0,0,0,,,1,0,0.0,3,0,0.0,4,1,5,71.43,0,0.0,0,0,0,0,,0,0,0,0,0,1,0,0,0,0,3,0,0,3,0,0.0,,0,0,0,0,0,,0,0.0,0,0,0,2,0,0,0,0,,0,0,0,0,0.0,0,0,0,0,2,0,0,0,0,0,0,0,0,0,0,0.0,0.0,0,0,0,0,0,0,0.0,0,0,0,0.0,0,1,0,0,0,0.0,0,6,1,7,6.4,0,0,7,0,0,0
Fatih Öztürk,60390,Galatasaray,3061,turkey,2122,90,1,1,6.4,0,0,0,,,1,0,0.0,0,6,54.55,4,25,29,82.86,0,0.0,0,0,0,0,,0,0,0,0,1,1,0,0,0,0,0,0,0,0,0,0.0,,2,1,1,0,0,,0,0.0,0,0,0,6,0,0,0,0,,0,0,0,0,0.0,0,0,0,0,6,0,0,0,0,1,0,3,3,0,0,0.0,0.0,0,0,0,0,0,0,0.0,1,0,0,0.0,0,2,0,0,0,0.0,11,9,26,35,6.4,0,0,48,0,1,0
Kerem Altunışık,1213562,Yeni Malatyaspor,24759,turkey,2122,57,1,1,6.4,0,0,0,,,0,0,0.0,4,0,0.0,5,3,8,72.73,0,0.0,0,0,0,0,,0,0,1,0,0,1,0,0,0,1,3,0,0,1,0,0.0,,2,2,0,0,0,,1,25.0,0,0,0,3,0,0,0,0,,0,0,0,0,0.0,0,0,0,0,6,0,0,0,0,0,0,0,0,0,0,0.0,0.0,0,1,0,0,0,0,0.0,0,1,1,100.0,0,0,1,0,1,25.0,0,8,3,11,6.4,1,0,18,0,0,0
Ulaş Zengin,904237,Gaziantep FK,5138,turkey,2122,63,1,1,6.4,0,0,0,,,2,0,0.0,0,2,50.0,3,16,19,86.36,1,100.0,0,0,0,0,,0,0,0,0,0,1,0,0,0,0,0,0,0,0,0,0.0,,2,2,0,0,0,,1,100.0,0,0,0,3,2,0,0,0,,0,0,0,0,0.0,0,0,0,0,4,0,0,0,0,0,0,0,0,0,0,0.0,0.0,0,0,0,0,0,1,100.0,0,0,0,0.0,0,4,1,0,2,100.0,4,6,16,22,6.4,0,0,30,0,0,0
Metin Caner Akbayrak,1170159,Giresunspor,5765,turkey,2122,54,1,1,6.4,0,0,0,,,1,0,0.0,3,0,0.0,3,4,7,63.64,1,33.33,2,0,0,0,,0,0,0,0,0,1,0,0,0,0,2,0,0,0,0,0.0,,1,1,0,0,0,,0,0.0,0,0,0,4,1,0,0,0,,0,0,0,0,0.0,0,0,0,0,7,0,0,0,0,0,0,0,0,0,0,0.0,0.0,0,0,0,0,0,0,0.0,0,0,0,0.0,0,1,0,0,1,33.33,1,6,5,11,6.4,0,0,17,0,0,0
Osman Ertuğrul Çetin,1023481,Fenerbahçe,3052,turkey,2122,104,2,1,6.4,0,0,0,,,0,0,0.0,0,0,0.0,0,14,14,93.33,0,0.0,0,0,0,0,,0,0,0,0,0,2,0,0,0,0,0,0,0,0,0,0.0,,1,1,0,0,0,,0,0.0,0,1,0,1,0,0,0,0,,0,0,0,0,0.0,0,0,0,0,1,0,0,0,0,0,0,0,0,0,0,0.0,0.0,0,0,0,0,0,0,0.0,0,0,0,0.0,0,0,0,0,0,0.0,1,1,14,15,12.8,0,0,18,0,0,0
Gustavo Assunção,981217,Galatasaray,3061,turkey,2122,135,2,1,6.4,0,0,0,,,5,0,0.0,15,6,60.0,28,56,84,86.6,2,50.0,2,0,0,0,,0,0,0,0,4,2,0,0,1,4,11,0,0,3,0,0.0,,3,2,1,0,0,,3,25.0,0,0,0,13,2,1,0,0,,0,0,0,0,0.0,0,0,0,0,20,1,0,0,0,0,0,0,0,0,0,0.0,0.0,0,0,1,1,0,0,0.0,0,2,2,100.0,1,6,2,1,5,31.25,10,41,57,97,12.8,1,0,117,1,1,0
Efe Sarıkaya,1191140,Altay,3070,turkey,2122,91,2,1,6.4,0,0,0,,,2,0,0.0,6,5,71.43,10,14,24,72.73,3,75.0,1,0,0,0,,0,0,0,0,5,1,0,0,1,0,2,0,0,0,0,0.0,,4,3,1,0,0,,0,0.0,0,0,0,9,5,0,0,0,,0,0,0,0,0.0,0,0,0,0,10,0,0,0,0,0,0,0,0,0,0,0.0,0.0,0,0,0,0,0,0,0.0,0,0,0,0.0,0,5,0,0,3,60.0,7,15,18,33,6.4,0,0,52,0,0,0
Koray Altınay,164759,Sivasspor,3076,turkey,2122,322,5,5,6.4,0,0,0,,,7,0,0.0,17,9,40.91,50,72,122,80.79,1,25.0,3,0,0,0,,0,0,1,0,6,5,0,0,3,5,14,0,0,3,0,0.0,,8,7,1,0,0,,13,54.17,0,0,0,29,4,1,0,0,,0,0,0,0,0.0,0,0,0,0,45,1,0,0,0,0,0,0,0,0,0,0.0,0.0,0,0,1,0,0,4,100.0,0,4,4,100.0,1,13,4,3,14,50.0,22,76,78,151,32.0,1,0,211,5,1,0
Haqi Osman,1126525,Yeni Malatyaspor,24759,turkey,2122,360,16,2,6.4,0,0,0,,,0,0,0.0,10,0,0.0,18,19,37,64.91,2,40.0,3,0,0,0,,0,2,1,0,1,15,0,0,3,5,33,0,0,2,0,0.0,,11,10,1,0,0,,27,47.37,0,0,2,20,2,1,0,3,,0,1,0,0,0.0,0,0,0,0,69,5,0,0,0,0,0,0,0,0,0,0.0,0.0,0,4,0,1,2,16,43.24,0,7,3,42.86,0,0,37,1,29,46.77,0,32,26,57,96.0,4,0,151,4,0,0
Ege Özkayımoğlu,992199,Göztepe,3054,turkey,2122,232,11,1,6.39,0,0,0,,,1,0,0.0,19,0,0.0,29,19,48,73.85,2,15.38,11,0,0,0,,0,1,1,0,1,9,0,0,0,2,17,0,0,3,0,0.0,,13,12,1,0,0,,2,25.0,0,0,0,17,1,3,0,3,,0,0,0,0,0.0,0,0,0,0,36,0,0,0,0,0,0,0,0,0,0,0.0,0.0,0,4,0,1,2,0,0.0,0,1,0,0.0,3,3,1,6,4,19.05,2,47,24,65,57.5,4,0,98,1,1,0
François Moubandje,106869,Göztepe,3054,turkey,2122,522,8,6,6.39,0,1,1,,,6,2,11.11,55,8,66.67,99,61,158,77.07,13,65.0,7,0,0,0,,1,1,1,0,10,8,0,1,5,6,42,0,0,15,0,0.0,,18,15,3,0,0,,21,37.5,0,0,0,47,11,7,0,0,,0,0,0,1,0.0,0,0,0,0,95,1,0,1,0,0,0,0,0,0,0,0.0,0.0,0,1,4,3,1,9,50.0,0,8,5,62.5,7,12,18,18,34,44.74,12,151,72,205,51.1,5,0,371,4,3,0
Efe Tatlı,992390,Fatih Karagümrük,4954,turkey,2122,297,6,3,6.37,0,1,1,,,5,0,0.0,29,3,33.33,68,90,158,83.6,3,75.0,1,0,0,0,,0,0,1,0,2,6,0,0,8,7,25,0,0,6,0,0.0,,7,7,0,0,0,,12,33.33,0,0,0,31,2,3,0,0,,0,0,0,1,0.0,0,0,0,0,53,3,0,0,0,0,0,0,0,0,0,0.0,0.0,0,2,0,1,0,2,40.0,0,5,3,60.0,3,9,5,0,15,37.5,9,93,96,189,38.2,2,0,245,5,1,0
Abdullah Yiğiter,827515,Hatayspor,3091,turkey,2122,360,4,4,6.35,0,0,0,,,8,0,0.0,0,31,39.24,15,47,62,56.36,0,0.0,0,0,0,0,,0,0,0,1,3,4,0,0,0,1,1,1,0,0,0,0.0,,11,9,2,0,0,,0,0.0,0,1,0,48,1,0,0,0,,0,0,0,0,0.0,1,0,1,0,48,0,3,0,0,1,7,5,13,0,1,0.0,0.0,0,0,0,0,0,0,0.0,0,0,0,0.0,0,20,0,0,0,0.0,79,44,66,110,25.4,0,0,152,0,0,0
Efe Can Saçıkara,1133586,Göztepe,3054,turkey,2122,135,4,1,6.35,0,0,0,,,1,2,33.33,10,2,66.67,28,21,47,82.46,0,0.0,1,0,0,0,,0,0,1,0,0,4,0,0,0,6,12,0,0,1,0,0.0,,10,10,0,0,0,,3,21.43,0,0,0,10,0,2,0,0,,0,0,0,0,0.0,0,0,0,0,20,1,0,0,0,0,0,0,0,0,0,0.0,0.0,1,0,3,2,0,1,20.0,0,1,1,100.0,2,2,5,6,3,20.0,3,41,22,57,25.4,3,0,78,1,0,0
Bülent Cevahir,114204,Hatayspor,3091,turkey,2122,117,5,1,6.35,0,0,0,,,1,1,25.0,3,3,60.0,10,26,35,87.5,0,0.0,0,0,0,0,,0,0,0,0,1,4,0,0,0,2,2,0,0,0,0,0.0,,4,2,2,0,0,,2,50.0,0,0,0,5,2,0,0,0,,0,0,0,0,0.0,0,0,0,0,11,0,0,0,0,0,0,0,0,0,0,0.0,0.0,0,0,0,0,0,0,0.0,0,0,0,0.0,0,1,0,4,2,50.0,5,15,29,40,25.4,0,0,58,2,0,0
Alberk Koç,826809,Konyaspor,3085,turkey,2122,316,12,2,6.33,0,0,0,,,10,6,20.69,21,5,41.67,46,34,74,79.57,0,0.0,6,0,0,0,,0,0,0,0,7,12,0,0,3,3,19,0,1,1,0,0.0,,15,14,1,0,0,,12,48.0,0,0,0,19,9,3,0,0,,0,0,0,0,0.0,0,0,0,0,61,0,0,0,0,0,0,0,0,0,0,0.0,0.0,0,1,1,2,0,2,25.0,0,4,2,50.0,3,20,8,29,12,38.71,12,82,40,93,76.0,2,0,202,6,0,0
Işık Kaan Arslan,910087,Galatasaray,3061,turkey,2122,18,1,1,6.3,0,0,0,,,0,0,0.0,1,0,0.0,7,12,19,82.61,0,0.0,0,0,0,0,,0,0,0,0,1,1,0,0,0,0,0,0,0,0,0,0.0,,1,1,0,0,0,,0,0.0,0,0,0,4,0,0,0,0,,0,0,0,0,0.0,0,0,0,0,4,0,0,0,0,0,0,0,0,0,0,0.0,0.0,0,0,0,0,0,0,0.0,0,0,0,0.0,0,1,0,0,0,0.0,1,11,12,23,6.3,0,0,24,0,0,0
Daniel Avramovski,157615,Kayserispor,3072,turkey,2122,45,1,1,6.3,0,0,0,,,1,0,0.0,4,0,0.0,11,10,21,80.77,0,0.0,0,0,0,0,,0,0,0,0,0,1,0,0,1,1,2,0,0,0,0,0.0,,2,2,0,0,0,,0,0.0,0,0,0,5,3,0,0,0,,0,0,0,0,0.0,0,0,0,0,8,0,0,0,0,0,0,0,0,0,0,0.0,0.0,0,0,0,0,0,0,0.0,0,0,0,0.0,0,2,0,0,0,0.0,0,14,12,26,6.3,0,0,33,0,0,0
Mahsun Çapkan,826154,Çaykur Rizespor,3064,turkey,2122,8,1,0,6.3,0,0,0,,,0,0,0.0,0,0,0.0,1,1,2,66.67,0,0.0,0,0,0,0,,0,0,0,0,0,1,0,0,2,0,3,0,0,1,0,0.0,,1,1,0,0,0,,2,40.0,0,0,0,1,0,0,0,0,,0,0,0,0,0.0,0,0,0,0,3,0,0,0,0,0,0,0,0,0,0,0.0,0.0,0,0,0,0,0,0,0.0,0,2,2,100.0,0,0,0,0,2,40.0,0,1,2,3,6.3,0,0,7,0,0,0
Furkan Kütük,1165614,Giresunspor,5765,turkey,2122,90,1,1,6.3,0,0,0,,,1,0,0.0,3,2,66.67,6,11,17,77.27,1,50.0,1,0,0,0,,0,0,0,0,2,1,0,0,1,2,5,0,0,1,0,0.0,,4,3,1,0,0,,5,55.56,0,0,0,5,1,1,0,0,,0,0,0,0,0.0,0,0,0,0,11,0,0,0,0,0,0,0,0,0,0,0.0,0.0,0,0,0,0,0,3,100.0,0,1,0,0.0,1,1,3,0,6,54.55,3,9,13,22,6.3,0,0,37,1,1,0
Emircan Bayrakdar,1213563,Yeni Malatyaspor,24759,turkey,2122,10,1,0,6.3,0,0,0,,,0,0,0.0,0,0,0.0,0,0,0,0.0,0,0.0,1,0,0,0,,0,0,0,0,0,1,0,0,0,0,2,0,0,0,0,0.0,,0,0,0,0,0,,0,0.0,0,0,0,1,0,0,0,0,,0,0,0,0,0.0,0,0,0,0,2,0,0,0,0,0,0,0,0,0,0,0.0,0.0,0,0,0,0,0,0,0.0,0,0,0,0.0,0,0,1,0,0,0.0,0,1,0,1,6.3,0,0,2,0,0,0
Ismail Zehir,1138143,Alanyaspor,6362,turkey,2122,15,1,0,6.3,0,0,0,,,0,0,0.0,1,0,0.0,2,5,7,100.0,0,0.0,0,0,0,0,,0,0,0,0,0,1,0,0,0,1,2,0,0,1,0,0.0,,0,0,0,0,0,,0,0.0,0,0,0,0,0,0,0,0,,0,0,0,0,0.0,0,0,0,0,2,0,0,0,0,0,0,0,0,0,0,0.0,0.0,0,0,0,0,0,0,0.0,0,0,0,0.0,0,0,0,0,0,0.0,0,2,5,7,6.3,0,0,9,0,0,0
Kasim Kosker,1216267,Giresunspor,5765,turkey,2122,31,1,0,6.3,0,0,0,,,0,0,0.0,0,1,100.0,0,5,5,71.43,0,0.0,0,0,0,0,,0,0,0,0,0,1,0,0,0,0,0,0,0,0,0,0.0,,2,1,1,0,0,,0,0.0,0,0,0,2,0,0,0,0,,0,0,0,0,0.0,0,0,0,0,3,0,0,0,0,0,0,0,0,0,0,0.0,0.0,0,0,0,0,0,0,0.0,0,0,0,0.0,0,0,0,0,0,0.0,1,0,7,7,6.3,0,0,9,0,0,0
Mustafa Kapı,962924,Adana Demirspor,3101,turkey,2122,98,3,1,6.3,0,0,0,,,0,0,0.0,13,1,33.33,35,28,63,84.0,1,100.0,0,0,0,0,,0,0,2,0,1,3,0,0,1,3,12,0,0,7,0,0.0,,1,1,0,0,0,,10,45.45,0,0,0,12,3,2,0,0,,0,0,0,1,0.0,0,0,0,0,16,1,0,0,0,0,0,0,0,0,0,0.0,0.0,0,1,1,0,0,3,75.0,0,5,3,60.0,2,2,4,0,11,47.83,3,42,33,75,18.9,2,0,98,2,0,0
Barış Başdaş,74075,Yeni Malatyaspor,24759,turkey,2122,517,9,6,6.28,0,0,0,,,2,1,50.0,11,4,19.05,43,93,135,80.36,12,57.14,9,0,0,0,,1,0,0,0,19,8,0,1,1,6,21,1,0,6,0,0.0,,16,14,2,0,0,,16,57.14,0,0,0,33,5,1,0,1,,0,0,0,0,0.0,0,0,0,0,44,1,0,1,0,0,0,0,0,0,0,0.0,0.0,0,3,0,2,1,3,100.0,0,11,10,90.91,1,9,3,2,28,57.14,21,66,104,168,50.2,3,0,261,2,1,0
Mehmet Feyzi Yıldırım,787897,Kasımpaşa,6063,turkey,2122,557,11,6,6.27,0,0,0,,,6,3,13.64,41,14,56.0,88,84,169,76.82,7,43.75,9,0,0,0,,1,0,3,1,6,9,0,0,7,9,38,0,0,7,0,0.0,,12,10,2,0,0,,12,29.27,0,0,0,51,7,1,0,0,,0,0,0,0,0.0,0,0,0,0,96,3,0,0,0,0,0,0,0,0,0,0.0,0.0,0,1,2,0,0,5,45.45,0,7,4,57.14,1,22,11,22,19,33.33,25,141,101,220,56.4,3,0,349,0,2,0
Burak Efe Yaz,1091976,Yeni Malatyaspor,24759,turkey,2122,58,2,0,6.25,0,0,0,,,0,0,0.0,4,0,0.0,9,5,14,93.33,0,0.0,1,0,0,0,,0,0,0,0,0,2,0,0,0,2,7,0,0,3,0,0.0,,4,4,0,0,0,,3,33.33,0,0,0,1,0,0,0,0,,0,0,0,0,0.0,0,0,0,0,4,2,0,0,0,0,0,0,0,0,0,0.0,0.0,0,0,1,1,0,0,0.0,0,2,1,50.0,0,0,2,0,3,30.0,1,10,5,15,12.5,1,0,27,1,0,0
Cihan Topaloğlu,595038,Altay,3070,turkey,2122,270,3,3,6.23,0,0,0,,,12,0,0.0,1,27,50.0,14,55,69,71.88,0,0.0,1,0,0,0,,0,0,0,0,2,3,0,0,0,0,1,0,0,0,0,0.0,,7,6,1,0,0,,0,0.0,0,0,0,27,0,0,0,0,,0,0,0,0,0.0,1,0,0,0,27,0,0,0,0,1,5,0,5,0,1,0.0,0.0,0,0,0,0,0,0,0.0,1,0,0,0.0,0,21,0,0,0,0.0,54,36,60,96,18.7,0,0,112,0,0,0
El Mami Tetah,1101148,Alanyaspor,6362,turkey,2122,8,1,0,6.2,0,0,0,,,0,0,0.0,2,1,100.0,3,0,3,100.0,1,33.33,2,0,0,0,,0,1,0,0,0,1,0,0,0,0,2,0,0,0,0,0.0,,0,0,0,0,0,,1,100.0,0,0,0,0,0,0,0,0,,0,0,0,0,0.0,0,0,0,0,2,0,0,0,0,0,0,0,0,0,0,0.0,0.0,0,1,0,1,0,0,0.0,0,0,0,0.0,0,0,0,0,2,50.0,1,3,0,3,6.2,1,0,8,1,0,0
Enes Savucu,1216103,Yeni Malatyaspor,24759,turkey,2122,12,1,0,6.2,0,0,0,,,0,0,0.0,0,0,0.0,0,4,4,80.0,0,0.0,1,0,0,0,,0,0,0,0,0,1,0,0,1,2,4,0,0,0,0,0.0,,1,1,0,0,0,,0,0.0,0,0,0,1,0,0,0,0,,0,0,0,0,0.0,0,0,0,0,3,0,0,0,0,0,0,0,0,0,0,0.0,0.0,0,0,0,0,0,0,0.0,0,0,0,0.0,0,0,0,0,0,0.0,0,1,4,5,6.2,0,0,9,0,0,0
Güvenç Usta,1136045,Çaykur Rizespor,3064,turkey,2122,27,1,0,6.2,0,0,0,,,0,0,0.0,2,0,0.0,4,1,5,62.5,0,0.0,0,0,0,0,,0,0,0,0,1,1,0,0,1,1,3,0,0,0,0,0.0,,0,0,0,0,0,,1,25.0,0,0,0,3,0,0,0,0,,0,0,0,0,0.0,0,0,0,0,6,0,0,0,0,0,0,0,0,0,0,0.0,0.0,0,0,0,0,0,0,0.0,0,0,0,0.0,0,1,1,0,1,25.0,0,7,1,8,6.2,0,0,18,1,0,0
Rayyan Baniya,929739,Fatih Karagümrük,4954,turkey,2122,19,2,0,6.2,0,0,0,,,0,0,0.0,0,0,0.0,8,9,17,94.44,0,0.0,1,0,0,0,,0,0,0,0,1,2,0,0,0,1,2,0,0,0,0,0.0,,2,1,1,0,0,,0,0.0,0,0,0,1,1,0,0,0,,0,0,0,0,0.0,0,0,0,0,1,0,0,0,0,0,0,0,0,0,0,0.0,0.0,0,0,0,0,0,0,0.0,0,0,0,0.0,0,0,0,0,0,0.0,0,8,10,18,12.4,0,0,21,0,0,0
Emir Dilaver,66171,Çaykur Rizespor,3064,turkey,2122,24,2,0,6.2,0,0,0,,,0,0,0.0,1,1,100.0,6,7,13,76.47,0,0.0,2,0,0,0,,0,0,0,0,0,1,0,0,1,0,3,0,0,0,0,0.0,,1,1,0,0,0,,2,66.67,0,0,0,4,1,0,0,0,,0,0,0,0,0.0,0,0,0,0,6,0,0,0,0,0,0,0,0,0,0,0.0,0.0,0,0,0,0,0,0,0.0,0,1,0,0.0,0,0,0,0,2,40.0,1,9,8,17,6.2,0,0,30,1,0,0
Mert Günok,39573,Beşiktaş JK,3050,turkey,2122,359,4,4,6.2,0,0,0,,,7,0,0.0,3,19,47.5,13,75,88,79.28,1,100.0,0,0,0,0,,0,0,0,0,2,4,0,0,0,0,0,2,0,0,0,0.0,,11,11,0,0,0,,1,100.0,0,3,0,23,0,0,0,0,,0,0,0,0,0.0,1,0,0,0,24,0,0,0,0,5,6,5,11,0,4,0.0,0.0,0,0,0,0,0,0,0.0,5,1,1,100.0,0,12,0,0,2,100.0,40,33,78,111,24.8,0,0,150,0,0,0
Alparslan Erdem,26683,Fatih Karagümrük,4954,turkey,2122,38,4,0,6.2,0,0,0,,,0,0,0.0,1,0,0.0,5,6,11,73.33,0,0.0,0,0,0,0,,0,0,0,0,1,2,0,0,0,1,1,0,0,0,0,0.0,,3,3,0,0,0,,0,0.0,0,0,0,4,1,1,0,0,,0,0,0,0,0.0,0,0,0,0,5,0,0,0,0,0,0,0,0,0,0,0.0,0.0,0,0,0,0,0,0,0.0,0,0,0,0.0,1,1,0,1,0,0.0,1,9,7,15,12.4,0,0,23,0,0,0
Ahmet Eyüp Türkaslan,231092,Yeni Malatyaspor,24759,turkey,2122,135,2,1,6.15,0,0,0,,,1,0,0.0,0,5,62.5,5,23,28,90.32,0,0.0,0,0,0,0,,0,0,0,0,2,2,0,0,0,0,0,0,0,0,0,0.0,,5,5,0,0,0,,0,0.0,0,0,0,3,0,0,0,0,,0,0,0,0,0.0,0,0,0,0,3,0,0,0,0,0,2,3,5,0,0,0.0,0.0,0,0,0,0,0,0,0.0,0,0,0,0.0,0,1,0,0,0,0.0,8,8,23,31,12.3,0,0,46,0,0,0
Atalay Babacan,857747,Galatasaray,3061,turkey,2122,20,3,0,6.15,0,0,0,,,0,0,0.0,5,0,0.0,10,9,19,100.0,0,0.0,2,0,0,0,,0,0,0,0,0,2,0,0,4,2,8,0,0,0,0,0.0,,1,1,0,0,0,,1,14.29,0,0,0,0,0,1,0,0,,0,0,0,0,0.0,0,0,0,0,5,0,0,0,0,0,0,0,0,0,0,0.0,0.0,0,0,0,0,0,0,0.0,0,1,0,0.0,1,0,0,0,1,11.11,0,10,9,19,12.3,0,0,27,0,0,0
Emre Kaplan,1009308,Hatayspor,3091,turkey,2122,264,7,2,6.15,0,0,0,,,1,0,0.0,6,2,33.33,19,38,57,77.03,3,75.0,1,0,0,0,,0,0,1,0,6,6,0,0,1,7,17,0,0,6,0,0.0,,10,9,1,0,0,,10,38.46,0,0,0,17,8,0,0,0,,0,0,0,2,0.0,0,0,0,0,35,0,0,0,0,0,0,0,0,0,0,0.0,0.0,0,0,2,1,0,1,25.0,0,8,6,75.0,0,4,4,6,13,43.33,6,36,44,74,36.9,2,0,153,1,1,0
Anıl Yiğit Çınar,1198959,Giresunspor,5765,turkey,2122,90,1,1,6.1,0,0,0,,,1,0,0.0,1,1,33.33,3,8,11,78.57,2,40.0,3,0,0,0,,0,0,0,0,11,1,0,0,0,1,5,0,0,1,0,0.0,,4,3,1,0,0,,2,50.0,0,0,0,3,1,0,0,0,,0,0,0,0,0.0,0,0,0,0,4,0,0,0,0,0,0,0,0,0,0,0.0,0.0,0,0,0,0,0,0,0.0,0,2,2,100.0,0,2,0,0,4,44.44,3,5,9,14,6.1,0,0,32,0,0,0
Erce Kardeşler,758606,Trabzonspor,3051,turkey,2122,101,2,1,6.1,0,0,0,,,0,0,0.0,2,8,33.33,6,8,14,46.67,1,100.0,0,0,0,0,,0,0,0,0,0,2,0,0,0,0,1,0,0,1,0,0.0,,3,3,0,0,0,,0,0.0,0,0,0,16,0,0,0,0,,0,0,0,1,0.0,3,0,0,0,16,0,0,0,0,0,1,2,3,0,0,0.0,0.0,0,0,0,0,0,0,0.0,0,0,0,0.0,0,2,0,0,1,50.0,24,18,12,30,12.2,0,0,37,1,2,0
Şahin Dik,1214454,Giresunspor,5765,turkey,2122,36,1,0,6.0,0,0,0,,,0,0,0.0,1,0,0.0,3,4,7,63.64,0,0.0,2,0,0,0,,0,0,0,0,0,1,0,0,0,1,3,0,0,0,0,0.0,,3,2,1,0,0,,1,50.0,0,0,0,4,0,0,0,0,,0,0,0,0,0.0,0,0,0,0,5,0,0,0,0,0,0,0,0,0,0,0.0,0.0,0,0,0,0,0,0,0.0,0,1,1,100.0,0,2,0,1,1,25.0,2,6,6,11,6.0,0,0,17,0,0,0
Marko Mihojević,812376,Göztepe,3054,turkey,2122,288,4,3,6.0,0,0,0,,,1,0,0.0,10,10,83.33,35,69,104,92.04,0,0.0,3,0,0,0,,0,0,0,0,6,4,0,0,0,2,7,1,0,2,0,0.0,,16,14,2,0,0,,3,42.86,0,0,0,9,1,2,0,0,,0,0,0,0,0.0,0,0,0,0,10,0,0,0,0,0,0,0,0,0,0,0.0,0.0,0,0,0,0,0,0,0.0,0,2,1,50.0,2,3,0,0,3,30.0,12,35,78,113,24.0,0,0,128,1,0,0
Kenan Pirić,840898,Göztepe,3054,turkey,2122,360,4,4,5.95,0,0,0,,,7,0,0.0,1,13,41.94,6,81,87,82.86,0,0.0,0,0,0,0,,0,0,0,0,4,4,0,0,0,0,0,0,1,0,0,0.0,,14,13,1,0,0,,2,100.0,0,5,0,18,0,0,0,0,,0,0,0,0,0.0,1,0,0,0,20,0,2,0,0,0,6,1,7,0,0,0.0,0.0,0,0,0,0,0,1,100.0,0,0,0,0.0,0,18,1,0,2,100.0,31,21,84,105,23.8,0,0,144,1,0,0
Arda Özçimen,964196,Göztepe,3054,turkey,2122,360,4,4,5.95,0,0,0,,,4,0,0.0,4,23,38.33,9,62,71,65.74,0,0.0,0,0,0,0,,0,0,0,0,0,4,0,0,0,1,2,0,0,2,0,0.0,,13,11,2,0,0,,0,0.0,0,2,0,37,0,0,0,0,,0,0,0,1,0.0,1,0,0,0,37,0,0,0,0,2,6,6,12,0,1,0.0,0.0,0,0,0,0,0,0,0.0,2,0,0,0.0,0,11,0,0,0,0.0,60,36,72,108,23.8,0,0,137,0,0,0
Doğan Alemdar,947874,Kayserispor,3072,turkey,2122,90,1,1,5.8,0,0,0,,,1,0,0.0,0,1,12.5,0,22,22,73.33,0,0.0,0,0,0,0,,0,0,0,0,1,1,0,0,1,0,1,1,0,0,0,0.0,,3,3,0,0,0,,0,0.0,0,1,0,8,0,0,0,0,,0,0,0,0,0.0,0,0,0,0,10,0,0,0,0,0,3,1,4,0,0,0.0,0.0,0,0,0,0,0,0,0.0,0,0,0,0.0,0,2,0,0,0,0.0,8,3,27,30,5.8,0,0,48,0,0,0
Göktan Cörüt,1046216,Giresunspor,5765,turkey,2122,37,1,0,5.8,0,0,0,,,3,0,0.0,1,4,44.44,3,2,5,50.0,0,0.0,0,0,0,0,,0,0,0,0,0,1,0,0,0,0,0,0,0,0,0,0.0,,3,2,1,0,0,,1,100.0,0,0,0,5,0,0,0,0,,0,0,0,0,0.0,0,0,0,0,5,0,0,0,0,0,2,0,2,0,0,0.0,0.0,0,0,0,0,0,0,0.0,0,0,0,0.0,0,6,0,0,1,100.0,9,7,3,10,5.8,0,0,13,1,0,0
Fatih Yilmaz,1066354,Giresunspor,5765,turkey,2122,90,1,1,5.8,0,0,0,,,0,0,0.0,1,1,50.0,1,11,12,70.59,0,0.0,0,0,0,0,,0,0,0,0,4,1,0,0,0,2,2,0,0,0,0,0.0,,4,3,1,0,0,,0,0.0,0,0,0,5,2,0,0,0,,0,0,0,0,0.0,0,0,0,0,5,0,0,0,0,0,0,0,0,0,0,0.0,0.0,0,0,0,0,0,0,0.0,0,0,0,0.0,0,2,0,0,0,0.0,2,1,16,17,5.8,0,0,26,0,0,0
Yiğit Ulaş,1202012,Yeni Malatyaspor,24759,turkey,2122,136,3,1,5.75,0,0,0,,,0,0,0.0,1,2,50.0,3,8,11,52.38,2,66.67,1,0,0,0,,0,0,0,0,5,2,0,0,0,2,6,1,0,2,0,0.0,,6,6,0,0,0,,0,0.0,0,0,0,10,1,0,0,0,,0,0,0,0,0.0,0,0,0,0,14,0,0,0,0,0,0,0,0,0,0,0.0,0.0,0,0,0,0,0,0,0.0,0,0,0,0.0,0,2,1,0,2,25.0,4,8,13,21,11.5,0,0,44,0,0,0
İzzet Furkan Malak,1397819,Göztepe,3054,turkey,2122,21,3,0,5.7,0,0,0,,,0,0,0.0,3,1,100.0,5,4,9,100.0,0,0.0,0,0,0,0,,0,0,0,0,0,2,0,0,1,0,2,1,0,0,0,0.0,,1,1,0,0,0,,2,50.0,0,0,0,0,0,0,0,0,,0,0,0,0,0.0,0,0,0,0,4,0,0,0,0,0,0,0,0,0,0,0.0,0.0,0,0,1,1,0,1,50.0,0,1,1,100.0,0,0,2,0,2,50.0,1,5,4,9,11.4,1,0,16,0,0,0
Hüsamettin Tut,60477,Giresunspor,5765,turkey,2122,45,1,1,4.5,0,0,0,,,0,0,0.0,3,0,0.0,3,3,6,42.86,2,100.0,0,0,0,0,,0,0,0,0,0,1,0,1,1,1,4,0,0,2,0,0.0,,1,1,0,0,0,,0,0.0,0,0,0,8,0,0,0,0,,0,0,0,2,0.0,0,0,0,0,10,0,0,1,0,0,0,0,0,0,0,0.0,0.0,0,0,0,0,0,0,0.0,0,0,0,0.0,0,0,0,0,2,33.33,2,8,6,14,4.5,0,0,18,0,0,0
Eray Birnican,94533,Konyaspor,3085,turkey,2122,0,0,0,0.0,0,0,0,,,0,0,0.0,0,0,0.0,0,0,0,0.0,0,0.0,0,0,0,0,,0,0,0,0,0,0,0,1,0,0,0,0,0,0,0,0.0,,0,0,0,0,0,,0,0.0,0,0,0,0,0,0,0,0,,0,0,0,0,0.0,0,0,0,0,0,0,0,1,0,0,0,0,0,0,0,0.0,0.0,0,0,0,0,0,0,0.0,0,0,0,0.0,0,0,0,0,0,0.0,0,0,0,0,0.0,0,0,0,0,0,0
İzzet Çelik,826836,Adana Demirspor,3101,turkey,2122,1,1,0,0.0,0,0,0,,,0,0,0.0,0,0,0.0,1,1,2,66.67,0,0.0,0,0,0,0,,0,0,0,0,0,0,0,0,1,2,3,0,0,0,0,0.0,,0,0,0,0,0,,2,40.0,0,0,0,1,0,0,0,0,,0,0,0,0,0.0,0,0,0,0,4,0,0,0,0,0,0,0,0,0,0,0.0,0.0,0,0,0,0,0,0,0.0,0,1,0,0.0,0,0,0,0,2,40.0,1,2,1,3,0.0,0,0,9,1,0,0
Ahmet Karademir,1091506,Konyaspor,3085,turkey,2122,1,1,0,0.0,0,0,0,,,0,0,0.0,0,0,0.0,1,0,1,100.0,0,0.0,0,0,0,0,,0,0,0,0,0,0,0,0,0,0,1,0,0,0,0,0.0,,0,0,0,0,0,,0,0.0,0,0,0,0,0,0,0,0,,0,0,0,0,0.0,0,0,0,0,1,0,0,0,0,0,0,0,0,0,0,0.0,0.0,0,0,0,0,0,0,0.0,0,0,0,0.0,0,0,1,0,0,0.0,0,1,0,1,0.0,0,0,2,0,0,0
Berat Kalkan,1063358,Kasımpaşa,6063,turkey,2122,1,1,0,0.0,0,0,0,,,0,0,0.0,0,0,0.0,0,0,0,0.0,0,0.0,0,0,0,0,,0,0,0,0,0,0,0,0,0,0,0,0,0,0,0,0.0,,0,0,0,0,0,,0,0.0,0,0,0,1,0,0,0,0,,0,0,0,0,0.0,0,0,0,0,1,0,0,0,0,0,0,0,0,0,0,0.0,0.0,0,1,0,1,0,0,0.0,0,0,0,0.0,0,0,0,0,0,0.0,0,1,0,1,0.0,1,0,2,0,0,0
Mehmet Eray Özbek,1011955,Kayserispor,3072,turkey,2122,3,1,0,0.0,0,0,0,,,0,0,0.0,1,0,0.0,2,1,3,100.0,0,0.0,0,0,0,0,,0,0,0,0,0,0,0,0,0,0,0,0,0,0,0,0.0,,0,0,0,0,0,,0,0.0,0,0,0,0,0,0,0,0,,0,0,0,0,0.0,0,0,0,0,0,0,0,0,0,0,0,0,0,0,0,0.0,0.0,0,0,0,0,0,0,0.0,0,0,0,0.0,0,0,0,0,0,0.0,0,2,1,3,0.0,0,0,4,0,0,0
Yusuf Talum,993039,Göztepe,3054,turkey,2122,1,1,0,0.0,0,0,0,,,0,0,0.0,0,0,0.0,0,2,2,66.67,0,0.0,0,0,0,0,,0,0,0,0,0,0,0,0,0,0,0,0,0,0,0,0.0,,0,0,0,0,0,,0,0.0,0,0,0,1,0,0,0,0,,0,0,0,0,0.0,0,0,0,0,1,0,0,0,0,0,0,0,0,0,0,0.0,0.0,0,0,0,0,0,0,0.0,0,0,0,0.0,0,0,0,0,0,0.0,0,1,2,3,0.0,0,0,4,0,0,0
Berke Gürbüz,998450,Gaziantep FK,5138,turkey,2122,1,1,0,0.0,0,0,0,,,0,0,0.0,0,0,0.0,0,0,0,0.0,0,0.0,0,0,0,0,,0,0,0,0,0,0,0,0,0,0,0,0,0,0,0,0.0,,0,0,0,0,0,,0,0.0,0,0,0,1,0,0,0,0,,0,0,0,0,0.0,0,0,0,0,2,0,0,0,0,0,0,0,0,0,0,0.0,0.0,0,0,0,0,0,0,0.0,0,0,0,0.0,0,0,0,0,0,0.0,0,0,1,1,0.0,0,0,2,0,0,0
Eren Fansa,1120430,Hatayspor,3091,turkey,2122,1,1,0,0.0,0,0,0,,,0,0,0.0,0,0,0.0,0,4,4,100.0,0,0.0,0,0,0,0,,0,0,0,0,0,0,0,0,1,0,1,0,0,0,0,0.0,,0,0,0,0,0,,0,0.0,0,0,0,0,0,0,0,0,,0,0,0,0,0.0,0,0,0,0,1,0,0,0,0,0,0,0,0,0,0,0.0,0.0,0,0,0,0,0,0,0.0,0,0,0,0.0,0,0,0,0,0,0.0,0,0,4,4,0.0,0,0,5,0,0,0
Emre Nizam,1165616,Giresunspor,5765,turkey,2122,1,1,0,0.0,0,0,0,,,0,0,0.0,0,0,0.0,0,0,0,0.0,0,0.0,0,0,0,0,,0,0,0,0,0,0,0,0,0,0,0,0,0,0,0,0.0,,0,0,0,0,0,,0,0.0,0,0,0,0,0,0,0,0,,0,0,0,0,0.0,0,0,0,0,0,0,0,0,0,0,0,0,0,0,0,0.0,0.0,0,0,0,0,0,0,0.0,0,0,0,0.0,0,0,0,0,0,0.0,0,0,0,0,0.0,0,0,0,0,0,0
Kaan Onaran,1216034,Sivasspor,3076,turkey,2122,1,1,0,0.0,0,0,0,,,0,0,0.0,0,0,0.0,0,0,0,0.0,0,0.0,0,0,0,0,,0,0,0,0,0,0,0,0,0,0,0,0,0,0,0,0.0,,0,0,0,0,0,,0,0.0,0,0,0,2,0,0,0,0,,0,0,0,0,0.0,0,0,0,0,2,0,0,0,0,0,0,0,0,0,0,0.0,0.0,0,0,0,0,0,0,0.0,0,0,0,0.0,0,0,0,0,0,0.0,0,0,2,2,0.0,0,0,2,0,0,0
Yunus Toplu,1215016,Göztepe,3054,turkey,2122,1,1,0,0.0,0,0,0,,,0,0,0.0,0,0,0.0,0,0,0,0.0,0,0.0,0,0,0,0,,0,0,0,0,0,0,0,0,0,0,0,0,0,0,0,0.0,,0,0,0,0,0,,0,0.0,0,0,0,0,0,0,0,0,,0,0,0,0,0.0,0,0,0,0,0,0,0,0,0,0,0,0,0,0,0,0.0,0.0,0,0,0,0,0,0,0.0,0,0,0,0.0,0,0,0,0,0,0.0,0,0,0,0,0.0,0,0,0,0,0,0
Muhammed Egemen Pehlivan,999550,Fatih Karagümrük,4954,turkey,2122,1,1,0,0.0,0,0,0,,,0,0,0.0,0,0,0.0,0,0,0,0.0,0,0.0,0,0,0,0,,0,0,0,0,0,0,0,0,0,0,0,0,0,0,0,0.0,,1,1,0,0,0,,0,0.0,0,0,0,0,0,0,0,0,,0,0,0,0,0.0,0,0,0,0,2,0,0,0,0,0,0,0,0,0,0,0.0,0.0,0,0,0,0,0,0,0.0,0,0,0,0.0,0,0,0,0,0,0.0,0,0,0,0,0.0,0,0,2,0,0,0
Soner Özdemir,1215933,Çaykur Rizespor,3064,turkey,2122,2,1,0,0.0,0,0,0,,,0,0,0.0,0,0,0.0,0,1,1,100.0,0,0.0,0,0,0,0,,0,0,0,0,0,0,0,0,0,0,0,0,0,0,0,0.0,,0,0,0,0,0,,1,100.0,0,0,0,0,0,0,0,0,,0,0,0,0,0.0,0,0,0,0,0,0,0,0,0,0,0,0,0,0,0,0.0,0.0,0,0,0,0,0,0,0.0,0,0,0,0.0,0,0,0,0,1,100.0,0,0,1,1,0.0,0,0,2,1,0,0
Halit Çokyaşar,1216035,Sivasspor,3076,turkey,2122,1,1,0,0.0,0,0,0,,,0,0,0.0,0,0,0.0,0,1,1,100.0,0,0.0,1,0,0,0,,0,0,0,0,0,0,0,0,0,0,1,0,0,0,0,0.0,,0,0,0,0,0,,0,0.0,0,0,0,0,0,0,0,0,,0,0,0,0,0.0,0,0,0,0,0,0,0,0,0,0,0,0,0,0,0,0.0,0.0,0,0,0,0,0,0,0.0,0,0,0,0.0,0,0,0,0,0,0.0,0,0,1,1,0.0,0,0,1,0,0,0
Atalay Çayırlı,1965728,Göztepe,3054,turkey,2122,1,1,0,0.0,0,0,0,,,0,0,0.0,0,0,0.0,0,0,0,0.0,0,0.0,0,0,0,0,,0,0,0,0,0,0,0,0,0,0,0,0,0,0,0,0.0,,0,0,0,0,0,,0,0.0,0,0,0,0,0,0,0,0,,0,0,0,0,0.0,0,0,0,0,0,0,0,0,0,0,0,0,0,0,0,0.0,0.0,0,0,0,0,0,0,0.0,0,0,0,0.0,0,0,0,0,0,0.0,0,0,0,0,0.0,0,0,0,0,0,0
Kaan Yilmaz,1216269,Giresunspor,5765,turkey,2122,1,1,0,0.0,0,0,0,,,0,0,0.0,0,0,0.0,0,0,0,0.0,0,0.0,0,0,0,0,,0,0,0,0,0,0,0,0,0,0,0,0,0,0,0,0.0,,0,0,0,0,0,,0,0.0,0,0,0,0,0,0,0,0,,0,0,0,0,0.0,0,0,0,0,0,0,0,0,0,0,0,0,0,0,0,0.0,0.0,0,0,0,0,0,0,0.0,0,0,0,0.0,0,0,0,0,0,0.0,0,0,0,0,0.0,0,0,0,0,0,0
Emre Karaal,1121257,Başakşehir FK,3086,turkey,2122,3,2,0,0.0,0,0,0,,,3,0,0.0,3,1,100.0,6,5,11,84.62,0,0.0,0,0,0,0,,0,0,0,0,0,0,0,0,0,0,0,0,0,0,0,0.0,,0,0,0,0,0,,0,0.0,0,0,0,2,0,0,0,0,,0,0,0,0,0.0,0,0,0,0,2,0,0,0,0,0,0,0,0,0,0,0.0,0.0,0,0,0,0,0,0,0.0,0,0,0,0.0,0,3,0,0,0,0.0,1,8,5,13,0.0,0,0,13,0,0,0
Muhammed Ergin,1161903,Sivasspor,3076,turkey,2122,2,2,0,0.0,0,0,0,,,0,0,0.0,0,0,0.0,0,0,0,0.0,0,0.0,0,0,0,0,,0,0,0,0,0,0,0,0,0,0,0,0,0,0,0,0.0,,0,0,0,0,0,,0,0.0,0,0,0,0,0,0,0,0,,0,0,0,0,0.0,0,0,0,0,0,0,0,0,0,0,0,0,0,0,0,0.0,0.0,0,0,0,0,0,0,0.0,0,0,0,0.0,0,0,0,0,0,0.0,0,0,0,0,0.0,0,0,1,0,0,0
