player,player_id,team,team_id,data_country,data_season,minutesPlayed,appearances,matchesStarted,rating,goals,assists,goalsAssistsSum,expectedGoals,expectedAssists,accurateChippedPasses,accurateCrosses,accurateCrossesPercentage,accurateFinalThirdPasses,accurateLongBalls,accurateLongBallsPercentage,accurateOppositionHalfPasses,accurateOwnHalfPasses,accuratePasses,accuratePassesPercentage,aerialDuelsWon,aerialDuelsWonPercentage,aerialLost,attemptPenaltyMiss,attemptPenaltyPost,attemptPenaltyTarget,ballRecovery,bigChancesCreated,bigChancesMissed,blockedShots,cleanSheet,clearances,countRating,crossesNotClaimed,directRedCards,dispossessed,download_date,dribbledPast,duelLost,errorLeadToGoal,errorLeadToShot,fouls,freeKickGoal,goalConversionPercentage,goalKicks,goalsConceded,goalsConcededInsideTheBox,goalsConcededOutsideTheBox,goalsFromInsideTheBox,goalsFromOutsideTheBox,goalsPrevented,groundDuelsWon,groundDuelsWonPercentage,headedGoals,highClaims,hitWoodwork,inaccuratePasses,interceptions,keyPasses,leftFootGoals,offsides,outfielderBlocks,ownGoals,passToAssist,penaltiesTaken,penaltyConceded,penaltyConversion,penaltyFaced,penaltyGoals,penaltySave,penaltyWon,possessionLost,possessionWonAttThird,punches,redCards,rightFootGoals,runsOut,savedShotsFromInsideTheBox,savedShotsFromOutsideTheBox,saves,savesCaught,savesParried,scoringFrequency,setPieceConversion,shotFromSetPiece,shotsFromInsideTheBox,shotsFromOutsideTheBox,shotsOffTarget,shotsOnTarget,successfulDribbles,successfulDribblesPercentage,successfulRunsOut,tackles,tacklesWon,tacklesWonPercentage,totalAttemptAssist,totalChippedPasses,totalContest,totalCross,totalDuelsWon,totalDuelsWonPercentage,totalLongBalls,totalOppositionHalfPasses,totalOwnHalfPasses,totalPasses,totalRating,totalShots,totwAppearances,touches,wasFouled,yellowCards,yellowRedCards
Devis Vásquez,925285,Beşiktaş JK,3050,turkey,2526,90,1,1,7.8,0,0,0,,0.0,0,0,0.0,0,0,0.0,0,29,29,82.86,0,0.0,0,0,0,0,6,0,0,0,1,1,1,0,0,0,20260428,0,0,0,0,0,0,0.0,7,0,0,0,0,0,0.53,0,0.0,0,0,0,6,0,0,0,0,0.0,0,0,0,0,0.0,0,0,0,0,6,0,0,0,0,2,1,2,3,0,1,0.0,0.0,0,0,0,0,0,0,0.0,2,0,0,0.0,0,0,0,0,0,0.0,5,5,30,35,7.8,0,0,40,0,0,0
Bachir Gueye,2266453,Antalyaspor,3056,turkey,2526,90,2,1,7.75,2,0,2,0.33,0.01,0,0,0.0,2,0,0.0,2,6,8,57.14,0,0.0,4,0,0,0,1,0,1,0,0,1,2,0,0,2,20260428,0,11,0,0,4,0,66.67,0,2,2,0,1,1,,6,46.15,0,0,0,6,0,0,2,0,0.0,0,0,0,0,0.0,0,0,0,0,13,0,0,0,0,0,0,0,0,0,0,45.0,0.0,0,2,1,0,3,1,50.0,0,2,1,50.0,0,0,2,1,6,35.29,0,6,8,14,15.5,3,1,32,3,1,0
Orkun Kökçü,907461,Beşiktaş JK,3050,turkey,2526,2294,27,27,7.59,7,7,14,5.97,8.02,73,48,35.04,540,65,60.75,846,359,1205,85.7,8,32.0,17,0,0,0,111,14,1,32,6,18,27,0,2,26,20260428,11,90,0,0,22,1,8.75,0,26,19,7,5,2,,95,56.55,0,0,4,201,8,83,1,1,3.0,0,2,1,0,100.0,0,1,0,1,382,21,0,2,6,0,0,0,0,0,0,327.71,6.67,15,26,54,19,29,15,51.72,0,30,16,53.33,81,127,29,137,103,53.37,107,1024,382,1406,204.9,80,10,1916,50,5,0
Tarık Çetin,913985,Fenerbahçe,3052,turkey,2526,180,2,2,7.45,0,0,0,,0.0,3,0,0.0,1,8,33.33,6,36,42,71.19,1,100.0,0,0,0,0,9,0,0,0,1,2,2,0,0,0,20260428,0,0,0,0,0,0,0.0,10,1,1,0,0,0,0.95,1,100.0,0,1,0,17,0,0,0,0,0.0,0,0,0,0,0.0,0,0,0,0,17,0,1,0,0,0,7,2,9,0,5,0.0,0.0,0,0,0,0,0,0,0.0,0,0,0,0.0,0,5,0,0,2,100.0,24,18,41,59,14.9,0,0,79,1,1,0
Mattéo Guendouzi,852404,Fenerbahçe,3052,turkey,2526,1253,14,14,7.41,1,1,2,0.73,1.91,29,3,13.64,211,48,73.85,426,356,782,90.51,10,50.0,10,0,0,0,83,2,0,5,3,23,14,0,0,6,20260428,10,41,0,0,10,0,8.33,0,19,19,0,1,0,,65,67.71,0,0,1,82,16,13,0,1,9.0,0,0,0,0,0.0,0,0,0,0,130,8,0,0,1,0,0,0,0,0,0,1253.0,0.0,1,6,6,5,2,11,68.75,0,15,12,80.0,13,41,16,22,75,64.66,65,494,370,864,103.8,12,4,1091,39,4,0
Deniz Dilmen,1065508,Başakşehir FK,3086,turkey,2526,90,1,1,7.4,0,0,0,,0.0,1,0,0.0,0,3,23.08,2,22,24,70.59,0,0.0,0,0,0,0,7,0,0,0,1,0,1,0,0,0,20260428,0,0,0,0,0,0,0.0,7,0,0,0,0,0,0.08,0,0.0,0,0,0,10,0,0,0,0,0.0,0,0,0,0,0.0,0,0,0,0,10,0,0,0,0,0,0,1,1,0,0,0.0,0.0,0,0,0,0,0,0,0.0,0,0,0,0.0,0,2,0,0,0,0.0,13,10,24,34,7.4,0,0,37,0,0,0
Chibuike Nwaiwu,1481134,Trabzonspor,3051,turkey,2526,1130,14,13,7.35,3,1,4,1.65,0.48,17,1,100.0,57,36,52.94,243,526,769,91.44,26,49.06,27,0,0,0,90,1,2,2,3,45,13,0,0,2,20260428,12,57,1,1,15,0,21.43,0,13,13,0,3,0,,54,64.29,3,0,0,72,22,5,0,1,15.0,0,0,0,1,0.0,0,0,0,0,92,1,0,0,0,0,0,0,0,0,0,376.67,0.0,0,13,1,7,5,3,60.0,0,29,14,48.28,5,44,5,1,80,58.39,68,289,552,841,95.5,14,2,1051,22,0,0
Marco Asensio,361004,Fenerbahçe,3052,turkey,2526,1876,24,22,7.34,11,12,23,6.09,4.44,27,20,16.13,325,26,60.47,521,180,701,86.54,3,75.0,1,0,0,0,97,13,6,24,2,7,24,0,0,18,20260428,11,54,0,0,13,0,16.67,0,22,19,3,8,3,,38,41.76,0,0,4,109,10,51,9,0,1.0,0,0,0,1,0.0,0,0,0,0,276,20,0,0,2,0,0,0,0,0,0,170.55,0.0,3,28,38,17,25,17,58.62,0,14,9,64.29,51,44,29,124,41,43.16,43,616,194,810,176.2,66,6,1181,7,2,0
Muhammed Şengezer,827418,Başakşehir FK,3086,turkey,2526,2700,30,30,7.34,0,1,1,,0.6,76,0,0.0,40,206,38.43,125,721,846,71.51,12,100.0,0,0,0,0,246,2,0,0,11,24,30,3,0,0,20260428,1,1,1,0,0,0,0.0,153,31,25,6,0,0,4.58,6,85.71,0,22,0,337,0,2,0,0,0.0,0,0,0,0,0.0,3,0,0,0,339,0,6,0,0,21,59,34,94,2,22,0.0,0.0,0,0,0,0,0,1,100.0,20,2,0,0.0,2,137,1,0,18,94.74,536,416,767,1183,220.2,0,4,1454,7,0,0
Emersonn,1128844,Göztepe,3054,turkey,2526,124,3,1,7.3,1,0,1,0.28,0.04,1,0,0.0,11,0,0.0,14,3,17,62.96,14,63.64,8,0,0,0,3,0,0,0,0,2,3,0,0,1,20260428,1,21,0,0,7,0,33.33,0,0,0,0,1,0,,12,48.0,0,0,0,10,0,1,1,0,0.0,0,0,0,0,0.0,0,0,0,0,26,2,0,0,0,0,0,0,0,0,0,124.0,0.0,0,3,0,1,2,3,42.86,0,4,4,100.0,1,1,7,2,26,55.32,1,24,3,27,21.9,3,0,65,5,0,0
Majid Hosseini,359332,Kayserispor,3072,turkey,2526,270,3,3,7.3,0,0,0,,0.01,7,0,0.0,10,10,62.5,30,85,115,89.84,10,71.43,4,0,0,0,16,0,0,0,0,16,3,0,0,0,20260428,3,8,0,0,2,0,0.0,4,7,7,0,0,0,,10,71.43,0,0,0,13,10,0,0,0,6.0,0,0,0,0,0.0,0,0,0,0,13,0,0,0,0,0,0,0,0,0,0,0.0,0.0,0,0,0,0,0,2,100.0,0,7,4,57.14,0,11,2,0,20,71.43,16,39,89,128,21.9,0,1,173,1,1,0
Jankat Yılmaz,1210422,Eyüpspor,7040,turkey,2526,990,11,11,7.29,0,0,0,,0.04,31,0,0.0,16,76,35.85,39,234,273,65.78,7,77.78,2,0,0,0,94,1,0,0,3,21,11,4,0,0,20260428,1,3,3,1,1,0,0.0,54,14,13,1,0,0,2.67,1,50.0,0,12,0,142,0,2,0,0,0.0,0,0,0,0,0.0,2,0,1,0,147,0,14,0,0,6,19,20,39,0,13,0.0,0.0,0,0,0,0,0,0,0.0,6,0,0,0.0,2,47,0,0,8,72.73,212,149,266,415,80.2,0,1,544,2,3,0
Leroy Sane,293519,Galatasaray,3061,turkey,2526,2091,25,24,7.26,7,5,12,5.9,6.63,16,20,28.17,335,24,53.33,569,246,815,84.28,5,35.71,9,0,0,0,115,15,6,9,6,2,25,0,1,41,20260428,16,135,0,3,27,0,15.91,0,18,18,0,5,2,,107,45.92,1,0,0,152,12,47,4,2,0.0,0,1,0,0,0.0,0,0,0,0,377,16,0,1,2,0,0,0,0,0,0,298.71,0.0,2,24,20,22,13,64,59.81,0,30,16,53.33,46,32,107,71,112,45.34,45,699,268,967,181.5,44,3,1442,13,1,0
Serhat Öztaşdelen,1102775,Kocaelispor,3065,turkey,2526,360,4,4,7.25,0,0,0,,0.01,1,0,0.0,6,25,39.68,18,41,59,60.82,0,0.0,0,0,0,0,37,0,0,0,1,4,4,0,0,0,20260428,0,0,0,0,0,0,0.0,23,3,3,0,0,0,1.16,2,100.0,0,3,0,38,0,0,0,0,0.0,0,0,0,0,0.0,1,0,0,0,40,0,1,0,0,3,6,4,10,0,2,0.0,0.0,0,0,0,0,0,0,0.0,3,0,0,0.0,0,2,0,0,2,100.0,63,51,46,97,29.0,0,0,141,2,0,0
Arseniy Batagov,981395,Trabzonspor,3051,turkey,2526,2115,24,24,7.23,0,2,2,1.05,0.64,77,0,0.0,159,136,64.76,484,867,1351,89.23,26,44.07,33,0,0,0,99,2,2,2,7,114,24,0,0,3,20260428,7,59,1,0,14,0,0.0,35,28,26,2,0,0,,66,71.74,0,0,0,163,32,14,0,0,18.0,0,0,0,0,0.0,0,0,0,0,189,2,0,0,0,0,0,0,0,0,0,0.0,0.0,0,9,0,4,3,8,72.73,0,47,33,70.21,14,143,11,5,92,60.93,210,601,913,1514,173.6,9,4,1843,11,1,0
Rafa Silva,252577,Beşiktaş JK,3050,turkey,2526,820,10,10,7.23,5,1,6,4.49,1.52,7,0,0.0,100,10,62.5,165,52,217,80.67,1,20.0,4,0,0,0,35,3,5,7,1,0,10,0,0,9,20260428,3,34,0,0,8,0,20.83,0,13,13,0,4,1,,44,59.46,0,0,1,52,3,15,0,3,1.0,0,0,0,0,0.0,0,0,0,0,91,5,0,0,5,0,0,0,0,0,0,164.0,0.0,0,19,5,4,13,17,60.71,0,9,5,55.56,15,10,28,7,45,56.96,16,203,66,269,72.3,24,1,401,18,0,0
Oleksandr Zubkov,353282,Trabzonspor,3051,turkey,2526,2072,28,24,7.23,3,6,9,3.87,6.67,53,48,29.27,270,60,57.14,387,232,619,79.05,5,38.46,8,0,0,0,84,13,3,25,0,4,28,0,0,21,20260428,23,102,0,0,23,0,4.29,0,22,20,2,2,1,,85,47.49,0,0,3,164,9,66,3,4,2.0,0,0,0,0,0.0,0,0,0,1,376,15,0,0,0,0,0,0,0,0,0,690.67,0.0,6,28,42,29,16,35,55.56,0,28,19,67.86,66,101,63,164,90,46.88,105,530,253,783,202.3,70,5,1282,23,1,0
Yunus Akgün,857738,Galatasaray,3061,turkey,2526,1654,26,21,7.22,6,9,15,5.76,5.75,12,11,32.35,262,14,60.87,440,155,595,86.36,4,40.0,6,0,0,0,69,10,6,9,3,5,25,0,0,20,20260428,17,81,0,1,12,0,17.14,0,10,10,0,6,0,,61,44.85,2,0,0,94,10,41,3,3,0.0,0,0,0,0,0.0,0,0,0,1,205,21,0,0,1,0,0,0,0,0,0,275.67,0.0,0,28,7,16,10,22,44.0,0,21,12,57.14,41,21,50,34,65,44.52,23,525,164,689,180.4,35,4,963,18,1,0
Paul Onuachu,295123,Trabzonspor,3051,turkey,2526,2329,27,26,7.21,22,2,24,16.41,1.39,20,0,0.0,89,26,70.27,196,141,337,73.26,113,63.13,66,0,0,1,45,3,18,14,5,53,27,0,0,54,20260428,8,199,0,0,65,0,27.5,0,22,19,3,21,1,,65,32.83,9,0,3,123,2,22,0,25,3.0,0,0,7,0,85.71,0,6,0,2,281,12,0,0,13,0,0,0,0,0,0,105.86,0.0,1,75,5,25,41,20,45.45,0,5,2,40.0,22,27,44,1,178,47.21,37,286,174,460,194.7,80,6,880,43,5,0
Ivo Grbic,283847,Fatih Karagümrük,4954,turkey,2526,2790,31,31,7.2,0,0,0,,0.04,63,0,0.0,23,160,39.8,94,701,795,75.64,12,92.31,1,0,0,0,279,0,0,0,5,51,31,0,0,0,20260428,1,2,0,1,0,0,0.0,228,53,49,4,0,0,0.82,7,87.5,0,14,0,256,1,2,0,0,0.0,0,0,0,0,0.0,4,0,1,0,266,0,21,0,0,31,77,36,114,0,26,0.0,0.0,0,0,0,0,0,0,0.0,28,5,5,100.0,2,108,0,0,19,90.48,402,301,750,1051,223.1,0,2,1426,6,3,0
Eldor Shomurodov,791355,Başakşehir FK,3086,turkey,2526,2674,31,31,7.19,20,4,24,13.7,2.96,21,4,22.22,242,29,69.05,378,145,523,76.46,29,33.33,58,0,0,0,69,5,13,15,7,9,31,0,0,32,20260428,19,160,0,1,20,0,22.22,0,29,23,6,17,3,,68,40.0,4,0,2,161,3,37,5,8,5.0,0,1,2,1,100.0,0,2,0,0,317,18,0,0,11,0,0,0,0,0,0,133.7,0.0,0,76,14,30,45,29,46.77,0,23,14,60.87,36,40,62,18,97,37.74,42,512,172,684,222.9,90,6,1079,17,0,0
Hyeon-gyu Oh,1010634,Beşiktaş JK,3050,turkey,2526,980,11,11,7.18,6,1,7,3.35,0.68,8,1,33.33,49,3,50.0,80,59,139,74.73,24,40.0,36,0,0,0,18,2,3,7,2,13,11,0,0,10,20260428,5,68,0,0,17,0,21.43,0,9,5,4,6,0,,31,49.21,0,0,0,47,3,9,1,7,1.0,0,0,0,0,0.0,0,0,0,1,93,8,0,0,5,0,0,0,0,0,0,163.33,0.0,0,24,4,8,13,4,66.67,0,2,1,50.0,9,13,6,3,55,44.72,6,118,68,186,79.0,28,2,334,25,1,0
Gabriel Sara,913593,Galatasaray,3061,turkey,2526,1840,27,21,7.18,5,4,9,2.48,6.41,32,49,37.69,322,39,61.9,583,311,894,86.96,21,47.73,23,0,0,0,74,9,1,7,5,15,27,0,0,18,20260428,15,98,0,1,21,0,14.29,0,15,15,0,4,1,,63,45.65,1,0,2,134,16,57,1,2,4.0,0,1,0,0,0.0,0,0,0,0,287,14,0,0,3,0,0,0,0,0,0,368.0,0.0,3,10,25,15,13,17,44.74,0,28,16,57.14,56,59,38,130,84,46.15,63,689,339,1028,193.9,35,4,1431,18,1,0
Alexandru Maxim,180511,Gaziantep FK,5138,turkey,2526,2426,30,29,7.18,5,7,12,5.45,6.58,107,43,29.25,341,155,72.77,591,605,1196,87.17,9,30.0,21,0,0,0,101,11,3,11,2,7,30,0,0,26,20260428,19,108,1,1,34,0,12.5,0,43,37,6,4,1,,87,50.0,0,0,0,176,15,91,0,2,3.0,0,0,4,1,100.0,0,4,0,0,362,9,0,0,5,0,0,0,0,0,0,485.2,0.0,8,16,24,16,13,16,57.14,0,27,18,66.67,91,160,28,147,96,47.06,213,715,657,1372,215.4,40,4,1830,44,6,0
Emmanuel Agbadou,1013842,Beşiktaş JK,3050,turkey,2526,900,10,10,7.18,1,1,2,0.36,0.68,18,0,0.0,76,29,46.03,211,320,531,88.06,28,70.0,12,0,0,0,69,2,0,2,4,36,10,0,0,1,20260428,4,30,0,2,12,0,12.5,1,9,6,3,1,0,,28,60.87,1,0,0,72,12,5,0,1,12.0,0,0,0,1,0.0,0,0,0,0,92,0,0,0,0,0,0,0,0,0,0,900.0,0.0,0,5,3,3,3,4,57.14,0,20,13,65.0,5,41,7,2,56,65.12,63,262,341,603,71.8,8,3,750,4,3,0
Ricardo Velho,845792,Gençlerbirliği,7802,turkey,2526,1800,20,20,7.18,0,0,0,,0.04,34,0,0.0,36,137,34.16,93,239,332,55.7,7,100.0,0,0,0,0,151,0,0,0,5,29,20,1,0,0,20260428,0,0,0,0,0,0,0.0,166,28,27,1,0,0,6.0,8,100.0,0,10,0,264,0,2,0,0,0.0,0,0,0,0,0.0,4,0,0,0,270,0,16,0,0,12,55,12,69,0,16,0.0,0.0,0,0,0,0,0,1,100.0,11,1,1,100.0,2,64,1,0,15,100.0,401,313,283,596,143.6,0,2,797,6,0,0
Abdulkerim Bardakci,178963,Galatasaray,3061,turkey,2526,2382,28,28,7.17,0,1,1,1.78,1.65,78,6,24.0,182,85,55.19,587,959,1546,90.09,58,56.31,45,0,0,0,101,6,3,4,8,84,28,0,0,6,20260428,13,80,0,2,16,0,0.0,39,18,18,0,0,0,,66,65.35,0,0,1,170,27,15,0,2,16.0,0,0,0,0,0.0,0,0,0,0,220,2,0,1,0,0,0,0,0,0,0,0.0,0.0,0,15,6,13,4,9,75.0,0,38,23,60.53,15,154,12,25,124,60.78,154,723,993,1716,200.7,21,2,2037,19,4,1
Stefan Savić,76265,Trabzonspor,3051,turkey,2526,1757,22,20,7.16,1,1,2,0.85,1.23,46,1,33.33,104,64,50.39,378,681,1059,90.13,35,57.38,26,0,0,0,52,2,0,1,7,103,21,0,0,1,20260428,6,43,1,0,10,0,16.67,9,15,14,1,1,0,,27,61.36,1,0,0,116,18,6,0,0,11.0,0,1,0,0,0.0,0,0,0,0,125,2,0,0,0,0,0,0,0,0,0,1757.0,0.0,0,6,0,3,2,3,75.0,0,15,7,46.67,5,83,4,3,62,59.05,127,460,715,1175,150.3,6,2,1384,10,3,0
Güray Vural,43559,Antalyaspor,3056,turkey,2526,277,4,3,7.15,2,0,2,1.35,0.78,2,3,21.43,14,8,61.54,33,41,74,72.55,6,42.86,8,0,0,0,9,2,1,1,0,3,4,0,0,3,20260428,3,21,0,0,5,0,22.22,0,2,2,0,1,1,,7,35.0,0,0,0,28,0,7,2,1,0.0,0,0,0,0,0.0,0,0,0,0,48,1,0,0,0,0,0,0,0,0,0,138.5,0.0,0,6,3,4,4,1,33.33,0,4,2,50.0,7,4,3,14,13,38.24,13,57,45,102,28.6,9,1,157,2,1,0
Uğurcan Çakır,754330,Galatasaray,3061,turkey,2526,2520,28,28,7.15,0,0,0,,0.11,72,0,0.0,45,192,44.44,104,731,835,76.82,14,100.0,0,0,0,0,208,0,0,0,11,41,28,0,0,0,20260428,1,1,0,3,0,0,0.0,150,20,20,0,0,0,8.4,7,87.5,0,13,0,252,0,2,0,0,0.0,0,0,0,0,0.0,1,0,0,0,255,0,20,0,0,19,45,30,76,2,18,0.0,0.0,0,0,0,0,0,1,100.0,19,0,0,0.0,2,123,1,0,21,95.45,432,318,769,1087,200.2,0,2,1370,11,4,0
Christ Inao Oulaï,1888002,Trabzonspor,3051,turkey,2526,1862,22,22,7.13,2,4,6,1.04,2.35,53,12,42.86,262,67,83.75,568,456,1024,91.84,6,46.15,7,0,0,0,113,3,0,6,4,8,22,0,0,25,20260428,22,103,1,0,32,0,9.09,0,24,23,1,2,0,,129,57.33,0,0,1,91,19,38,1,0,1.0,0,0,0,0,0.0,0,0,0,0,201,11,0,0,1,0,0,0,0,0,0,931.0,0.0,0,5,17,10,6,39,67.24,0,47,26,55.32,38,69,58,28,135,56.72,80,629,486,1115,156.9,22,1,1465,43,8,0
Gabriel Paulista,124737,Beşiktaş JK,3050,turkey,2526,865,10,10,7.13,0,1,1,0.39,0.12,22,0,0.0,33,41,56.16,151,263,414,85.36,28,73.68,10,0,0,0,34,1,0,0,1,61,10,0,0,0,20260428,5,19,0,1,3,0,0.0,1,14,12,2,0,0,,15,62.5,0,0,0,71,7,2,0,0,7.0,0,0,0,0,0.0,0,0,0,0,82,0,0,0,0,0,0,0,0,0,0,0.0,0.0,0,7,1,6,2,1,50.0,0,8,7,87.5,2,39,2,0,43,69.35,73,188,297,485,71.3,8,2,607,6,1,0
Julian Cuesta,217110,Antalyaspor,3056,turkey,2526,1710,19,19,7.13,0,0,0,,0.02,56,0,0.0,11,143,39.29,66,294,360,61.43,7,77.78,2,0,0,0,160,0,0,0,2,19,19,1,0,0,20260428,3,6,3,3,0,0,0.0,141,34,31,3,0,0,1.46,5,55.56,0,22,0,226,0,0,0,0,0.0,0,0,0,0,0.0,6,0,1,0,232,0,9,0,0,15,51,26,79,1,15,0.0,0.0,0,0,0,0,0,1,50.0,15,2,1,50.0,0,127,2,0,12,66.67,364,220,366,586,135.4,0,1,800,4,4,0
Çağlar Söyüncü,758608,Fenerbahçe,3052,turkey,2526,592,8,7,7.13,0,1,1,0.16,0.24,10,1,50.0,17,13,48.15,113,248,361,88.05,28,87.5,4,0,0,0,22,0,0,0,0,22,8,0,0,1,20260428,2,18,0,0,11,0,0.0,4,7,6,1,0,0,,23,62.16,0,0,0,49,4,3,0,0,6.0,0,0,0,0,0.0,0,0,0,0,53,0,0,0,0,0,0,0,0,0,0,0.0,0.0,0,2,0,2,0,0,0.0,0,15,10,66.67,3,24,0,2,51,73.91,27,149,261,410,57.0,2,0,484,8,0,0
Ernest Muçi,924670,Trabzonspor,3051,turkey,2526,1735,25,20,7.12,10,3,13,7.42,4.57,10,29,27.88,211,21,60.0,398,199,597,86.02,5,55.56,4,0,0,0,61,6,5,16,2,7,25,0,0,26,20260428,12,71,0,1,9,1,14.29,0,27,24,3,6,4,,55,45.08,0,0,1,97,8,46,2,3,1.0,0,2,2,0,100.0,0,2,0,1,282,12,0,0,8,0,0,0,0,0,0,173.5,10.0,10,36,34,29,25,25,54.35,0,17,10,58.82,44,27,46,104,60,45.8,35,475,219,694,178.1,70,3,1110,13,3,0
Florent Hadergjonaj,354860,Alanyaspor,6362,turkey,2526,1942,26,22,7.12,5,7,12,2.15,3.6,49,48,29.09,231,59,45.04,382,280,662,76.98,16,64.0,9,0,0,0,53,8,0,5,4,34,26,0,0,5,20260428,12,45,0,1,13,0,26.32,0,29,25,4,4,1,,45,55.56,0,0,1,198,8,39,0,1,2.0,0,0,2,0,100.0,0,2,0,0,382,2,0,0,5,0,0,0,0,0,0,388.4,0.0,1,9,10,4,10,10,58.82,0,19,11,57.89,39,103,17,165,61,57.55,131,533,327,860,185.2,19,3,1402,17,4,0
André Onana,787498,Trabzonspor,3051,turkey,2526,2430,27,27,7.12,0,1,1,,0.07,75,0,0.0,35,179,45.55,113,598,711,75.96,4,100.0,0,0,0,0,180,1,0,0,6,11,27,1,0,0,20260428,1,1,0,2,0,0,0.0,188,33,30,3,0,0,0.56,6,85.71,0,16,0,225,0,2,0,0,0.0,0,0,0,0,0.0,2,0,0,0,231,0,1,0,0,8,50,25,75,0,9,0.0,0.0,0,0,0,0,0,3,100.0,7,0,0,0.0,2,140,3,1,10,90.91,393,287,649,936,192.3,0,3,1138,3,3,0
Davinson Sánchez,566102,Galatasaray,3061,turkey,2526,2244,28,27,7.12,1,0,1,1.2,0.84,30,2,50.0,167,86,52.44,598,931,1529,89.99,50,58.82,35,0,0,0,102,1,1,4,8,121,28,0,1,3,20260428,18,97,1,1,36,0,7.14,17,18,18,0,1,0,,79,56.03,1,0,0,170,21,13,0,1,21.0,0,0,0,1,0.0,0,0,0,0,211,5,0,1,0,0,0,0,0,0,0,2244.0,0.0,0,13,1,7,3,9,60.0,0,45,29,64.44,13,77,15,4,129,57.08,164,712,987,1699,199.3,14,4,2097,26,5,0
Haris Hajradinovic,254979,Kasımpaşa,6063,turkey,2526,554,7,7,7.11,2,0,2,1.93,0.83,18,7,15.56,72,18,54.55,112,52,164,75.23,0,0.0,4,0,0,0,26,2,1,3,1,3,7,0,0,2,20260428,6,25,0,0,11,0,11.11,0,7,7,0,2,0,,36,63.16,0,0,0,54,4,13,2,1,0.0,0,1,1,0,100.0,0,1,0,0,108,3,0,0,0,0,0,0,0,0,0,277.0,0.0,3,5,13,9,6,5,71.43,0,18,9,50.0,12,32,7,45,36,59.02,33,159,59,218,49.8,18,1,365,13,2,0
Lucas Torreira,754794,Galatasaray,3061,turkey,2526,2089,28,26,7.11,3,4,7,1.04,1.52,68,1,20.0,294,92,68.66,745,552,1297,91.02,5,38.46,8,0,0,0,113,2,1,1,5,30,28,0,0,6,20260428,25,71,0,2,32,0,13.64,0,16,16,0,2,1,,79,55.63,0,0,1,128,20,22,0,3,4.0,0,0,0,0,0.0,0,0,0,0,159,12,0,0,3,0,0,0,0,0,0,696.33,0.0,0,8,14,13,8,6,66.67,0,51,30,58.82,22,95,9,5,84,54.19,134,846,579,1425,199.1,22,3,1684,22,5,0
N'Golo Kante,234148,Fenerbahçe,3052,turkey,2526,874,11,10,7.11,2,0,2,0.29,0.76,8,0,0.0,137,15,62.5,273,206,479,86.46,11,57.89,8,0,0,0,65,1,0,1,1,11,11,0,0,5,20260428,14,45,0,0,15,0,28.57,0,16,16,0,0,2,,46,55.42,0,0,0,75,16,10,0,0,3.0,0,0,0,0,0.0,0,0,0,0,106,6,0,0,2,0,0,0,0,0,0,437.0,0.0,0,1,6,4,2,7,70.0,0,33,19,57.58,10,18,10,7,57,55.88,24,330,224,554,78.2,7,1,713,6,2,0
Milan Skriniar,187205,Fenerbahçe,3052,turkey,2526,2115,24,24,7.11,2,0,2,1.14,0.4,26,0,0.0,152,56,53.85,521,961,1482,93.27,61,58.1,44,0,0,0,102,0,0,3,9,115,24,0,0,3,20260428,8,82,0,0,29,0,11.76,24,23,19,4,2,0,,65,63.11,2,0,1,107,16,1,0,1,10.0,0,0,0,0,0.0,0,0,0,0,123,2,0,0,0,0,0,0,0,0,0,1057.5,0.0,0,15,2,10,4,3,60.0,0,40,21,52.5,1,55,5,2,126,60.58,104,593,996,1589,170.6,17,3,1876,24,6,0
Yusuf Sarı,896364,Başakşehir FK,3086,turkey,2526,1301,19,16,7.11,0,6,6,1.95,5.75,26,46,36.8,137,31,83.78,245,118,363,85.01,3,33.33,6,0,0,0,47,10,1,10,3,4,19,0,0,9,20260428,13,56,0,0,11,0,0.0,0,12,10,2,0,0,,49,49.49,0,0,0,64,4,44,0,2,0.0,0,0,0,0,0.0,0,0,0,0,203,9,0,0,0,0,0,0,0,0,0,0.0,0.0,6,14,18,8,14,23,53.49,0,10,4,40.0,44,39,43,125,52,48.15,37,293,134,427,135.0,32,3,739,16,1,0
Renato Nhaga,2119726,Galatasaray,3061,turkey,2526,40,2,0,7.1,1,0,1,0.85,0.02,0,0,0.0,3,0,0.0,17,26,43,95.56,0,0.0,0,0,0,0,3,0,0,0,0,0,2,0,0,1,20260428,2,4,0,0,0,0,100.0,0,1,1,0,1,0,,7,63.64,0,0,0,2,0,0,0,0,0.0,0,0,0,0,0.0,0,0,0,0,5,1,0,0,1,0,0,0,0,0,0,40.0,0.0,0,1,0,0,1,0,0.0,0,2,1,50.0,0,0,1,0,7,63.64,0,19,26,45,14.2,1,0,58,5,0,0
Yusuf Akçiçek,1479523,Fenerbahçe,3052,turkey,2526,90,1,1,7.1,0,0,0,,0.02,1,0,0.0,5,2,50.0,20,30,50,92.59,3,50.0,3,0,0,0,0,0,0,0,1,10,1,0,0,0,20260428,1,6,0,1,2,0,0.0,1,0,0,0,0,0,,1,25.0,0,0,0,4,1,0,0,0,,0,0,0,0,0.0,0,0,0,0,4,0,0,0,0,0,0,0,0,0,0,0.0,0.0,0,0,0,0,0,0,0.0,0,0,0,0.0,0,2,0,0,4,40.0,4,22,32,54,7.1,0,0,71,1,0,0
Arda Yavuz,1618417,Eyüpspor,7040,turkey,2526,68,2,1,7.1,0,0,0,,0.0,0,0,0.0,1,2,40.0,2,9,11,57.89,1,50.0,1,0,0,0,5,0,0,0,0,4,1,0,0,1,20260428,1,4,0,0,1,0,0.0,0,0,0,0,0,0,,3,50.0,0,0,0,8,1,0,0,0,0.0,0,0,0,0,0.0,0,0,0,0,15,0,0,0,0,0,0,0,0,0,0,0.0,0.0,0,0,0,0,0,0,0.0,0,3,3,100.0,0,0,0,0,4,50.0,5,4,15,19,7.1,0,0,40,0,0,0
Günay Güvenç,103457,Galatasaray,3061,turkey,2526,630,7,7,7.1,0,0,0,,0.01,25,0,0.0,4,36,58.06,11,186,197,87.17,2,100.0,0,0,0,0,69,0,0,0,4,11,7,0,0,0,20260428,0,0,0,1,0,0,0.0,29,4,4,0,0,0,0.87,0,0.0,0,3,0,29,0,0,0,0,0.0,0,0,0,0,0.0,0,0,0,0,29,0,5,0,0,9,9,4,13,0,2,0.0,0.0,0,0,0,0,0,0,0.0,9,0,0,0.0,0,37,0,0,2,100.0,62,33,193,226,49.7,0,0,287,0,2,0
Marcos Felipe,358524,Eyüpspor,7040,turkey,2526,1710,19,19,7.1,0,0,0,,0.05,73,0,0.0,17,158,45.14,68,426,494,71.28,5,100.0,0,0,0,0,132,0,0,0,3,28,19,0,0,0,20260428,1,1,1,5,0,0,0.0,91,26,24,2,0,0,0.22,2,66.67,0,16,0,199,0,2,0,0,0.0,0,0,0,0,0.0,4,0,0,0,205,0,10,0,0,13,38,22,61,0,23,0.0,0.0,0,0,0,0,0,0,0.0,12,0,0,0.0,2,118,0,0,7,87.5,350,212,481,693,134.9,0,2,890,4,0,0
Adamo Nagalo,1108094,Konyaspor,3085,turkey,2526,606,8,6,7.1,0,0,0,0.09,0.11,7,0,0.0,24,19,48.72,86,203,289,89.47,9,60.0,6,0,0,0,25,0,0,2,2,36,8,0,0,0,20260428,1,12,0,0,6,0,0.0,0,6,5,1,0,0,,19,76.0,0,0,0,34,5,3,0,1,4.0,0,0,0,1,0.0,0,0,0,0,35,0,0,1,0,0,0,0,0,0,0,0.0,0.0,0,2,1,1,0,4,100.0,0,8,6,75.0,3,20,4,0,28,70.0,39,109,214,323,56.8,3,1,401,7,2,1
Talisca,329245,Fenerbahçe,3052,turkey,2526,1794,28,22,7.09,16,4,20,14.51,1.9,24,2,18.18,159,30,71.43,280,125,405,81.65,26,42.62,35,1,0,2,41,1,8,36,2,14,28,0,0,17,20260428,14,97,0,0,21,1,15.53,0,14,13,1,12,4,,53,46.09,4,0,2,91,9,21,12,6,4.0,0,1,8,0,62.5,0,5,0,1,196,8,0,0,0,0,0,0,0,0,0,112.13,7.69,13,50,53,28,39,14,56.0,0,8,4,50.0,20,42,25,11,79,44.89,42,350,146,496,198.4,103,5,833,31,2,0
Erhan Erentürk,997705,Gençlerbirliği,7802,turkey,2526,630,7,7,7.09,0,0,0,,0.02,8,0,0.0,13,47,33.1,42,52,94,49.47,1,50.0,1,0,0,0,60,0,0,0,1,8,7,1,0,0,20260428,0,1,0,1,0,0,0.0,74,8,7,1,0,0,2.59,0,0.0,0,4,0,96,0,0,0,0,0.0,0,0,0,0,0.0,0,0,0,0,102,0,4,0,0,2,15,9,24,0,10,0.0,0.0,0,0,0,0,0,0,0.0,2,0,0,0.0,0,13,0,0,1,50.0,142,125,65,190,49.6,0,1,259,1,1,0
Diogo Goncalves,357746,Konyaspor,3085,turkey,2526,160,6,1,7.08,2,0,2,1.13,0.31,4,0,0.0,7,2,50.0,19,6,25,75.76,0,0.0,0,0,0,0,7,2,0,0,0,1,5,0,0,1,20260428,1,7,0,0,4,0,66.67,0,2,2,0,1,1,,8,53.33,0,0,0,8,1,3,0,1,0.0,0,0,0,0,0.0,0,0,0,0,13,0,0,0,2,0,0,0,0,0,0,80.0,0.0,0,1,2,1,2,0,0.0,0,5,3,60.0,3,7,1,0,8,53.33,4,26,7,33,35.4,3,1,53,3,1,0
Barış Alper Yılmaz,904096,Galatasaray,3061,turkey,2526,2177,28,25,7.08,8,10,18,8.16,4.59,16,35,30.7,223,19,52.78,332,128,460,78.23,42,56.76,32,0,0,0,75,10,2,10,2,7,28,0,0,35,20260428,16,165,0,1,47,0,14.55,0,21,21,0,8,0,,113,45.93,2,0,5,128,3,53,0,4,0.0,0,0,3,0,100.0,0,3,0,1,364,14,0,0,6,0,0,0,0,0,0,272.13,0.0,0,45,10,21,24,44,52.38,0,22,13,59.09,53,31,84,114,155,48.44,36,435,153,588,198.2,55,4,1105,48,7,0
Mateusz Lis,798375,Göztepe,3054,turkey,2526,2790,31,31,7.07,0,0,0,,0.23,26,0,0.0,129,258,32.99,242,82,324,38.12,10,76.92,3,0,0,0,214,0,0,0,16,55,31,3,0,0,20260428,1,4,1,0,0,0,0.0,240,27,22,5,0,0,4.34,8,88.89,0,12,1,526,1,0,0,0,0.0,0,0,0,0,0.0,4,0,1,0,536,0,28,0,0,24,55,29,84,2,17,0.0,0.0,0,0,0,0,0,0,0.0,24,0,0,0.0,0,51,0,0,18,81.82,782,743,107,850,219.3,0,2,1058,11,3,0
Enzo Roco,105971,Fatih Karagümrük,4954,turkey,2526,576,7,7,7.06,0,0,0,0.09,0.28,26,0,0.0,16,18,46.15,92,132,224,82.05,16,55.17,13,0,0,0,20,0,0,0,1,33,7,0,0,0,20260428,5,27,0,1,9,0,0.0,7,11,11,0,0,0,,13,48.15,0,0,0,49,6,1,0,1,10.0,0,0,0,0,0.0,0,0,0,0,56,0,0,0,0,0,0,0,0,0,0,0.0,0.0,0,1,0,1,0,1,33.33,0,8,4,50.0,1,40,3,0,29,51.79,39,128,145,273,49.4,1,1,356,4,2,0
Ertugrul Taskiran,105974,Alanyaspor,6362,turkey,2526,1800,20,20,7.05,0,0,0,,0.01,46,0,0.0,5,74,42.53,29,275,304,74.15,4,80.0,1,0,0,0,148,0,0,0,7,15,20,1,0,0,20260428,2,3,0,2,0,0,0.0,76,22,21,1,0,0,4.34,7,77.78,0,12,0,106,0,0,0,0,0.0,0,0,0,0,0.0,2,0,1,0,109,0,5,0,0,8,37,19,58,1,12,0.0,0.0,0,0,0,0,0,0,0.0,8,2,2,100.0,0,63,0,0,11,78.57,174,95,315,410,141.0,0,1,600,5,2,0
Samet Akaydın,863600,Çaykur Rizespor,3064,turkey,2526,2400,27,27,7.04,3,1,4,1.75,0.81,59,0,0.0,91,97,54.49,332,734,1066,86.67,70,52.24,64,0,0,0,109,2,1,5,5,188,27,0,0,4,20260428,12,121,1,1,41,0,17.65,11,36,34,2,3,0,,86,60.14,2,0,1,164,60,13,1,3,27.0,0,0,0,0,0.0,0,0,0,0,195,0,0,1,0,0,0,0,0,0,0,800.0,0.0,0,16,1,5,7,11,73.33,0,52,26,50.0,13,123,15,1,156,56.32,178,432,798,1230,190.2,17,2,1705,23,9,1
Bertuğ Yıldırım,1382235,Başakşehir FK,3086,turkey,2526,468,17,3,7.04,7,1,8,3.42,0.26,4,0,0.0,13,5,71.43,20,15,35,50.0,32,60.38,21,0,0,0,10,1,4,2,0,4,17,0,0,9,20260428,1,46,0,0,19,0,46.67,0,5,3,2,7,0,,18,41.86,4,0,0,35,3,1,0,4,0.0,0,0,0,0,0.0,0,0,0,0,65,2,0,0,3,0,0,0,0,0,0,66.86,0.0,0,14,1,3,10,4,100.0,0,6,3,50.0,1,5,4,1,50,52.08,7,51,19,70,119.7,15,0,152,9,2,0
Bilal Bayazit,825850,Kayserispor,3072,turkey,2526,2340,26,26,7.04,0,0,0,,0.06,59,0,0.0,22,204,41.13,122,418,540,64.67,1,50.0,1,0,0,0,180,0,0,0,7,16,26,1,0,0,20260428,0,3,3,0,2,0,0.0,182,45,37,8,0,0,-2.49,4,66.67,0,15,0,295,0,0,0,0,0.0,1,0,0,2,0.0,7,0,0,0,296,0,10,0,0,6,67,26,94,0,16,0.0,0.0,0,0,0,0,0,1,100.0,5,1,1,100.0,0,106,1,0,5,62.5,496,341,494,835,183.0,0,2,1056,2,5,0
Hrvoje Smolčić,974582,Kocaelispor,3065,turkey,2526,2049,24,24,7.04,1,1,2,0.92,0.87,55,2,10.0,130,87,45.31,387,758,1145,84.5,57,58.16,41,0,0,0,108,1,1,5,7,124,24,0,0,8,20260428,12,101,0,3,42,0,6.67,45,23,20,3,1,0,,59,49.58,0,0,1,210,31,8,1,2,21.0,0,0,0,2,0.0,0,0,0,0,266,1,0,0,0,0,0,0,0,0,0,2049.0,0.0,0,10,5,5,5,15,83.33,0,30,21,70.0,8,125,18,20,116,53.46,192,528,827,1355,168.9,15,4,1741,14,2,0
Rick Van Drongelen,803023,Samsunspor,3053,turkey,2526,2553,29,28,7.03,2,1,3,1.78,1.39,81,2,20.0,247,132,54.55,610,938,1548,87.66,80,55.17,65,0,0,0,114,1,3,3,8,183,29,0,0,3,20260428,12,122,0,2,47,0,11.11,7,39,36,3,2,0,,57,50.0,0,0,2,218,25,13,2,0,21.0,0,0,0,1,0.0,0,0,0,0,258,4,0,0,0,0,0,0,0,0,0,1276.5,0.0,0,16,2,12,3,9,90.0,0,39,30,76.92,13,151,10,10,137,52.9,242,764,1002,1766,203.9,18,3,2215,9,5,0
Dorgeles Nene,1102788,Fenerbahçe,3052,turkey,2526,1465,25,16,7.02,9,3,12,5.53,2.15,11,6,21.43,179,7,58.33,279,106,385,81.74,10,43.48,13,0,0,0,53,3,4,7,3,7,25,0,0,16,20260428,7,76,0,0,19,0,29.03,0,16,14,2,9,0,,58,47.93,0,0,1,86,21,28,3,2,0.0,0,0,0,0,0.0,0,0,0,3,185,9,0,0,6,0,0,0,0,0,0,162.78,0.0,0,23,8,7,17,12,36.36,0,25,14,56.0,28,21,33,28,68,47.22,12,349,122,471,175.6,31,3,761,21,3,0
İlkay Gündoğan,45853,Galatasaray,3061,turkey,2526,1219,21,13,7.02,2,3,5,2.15,2.12,28,5,31.25,188,44,74.58,471,418,889,92.99,8,72.73,3,0,0,0,67,4,1,4,1,8,21,0,0,1,20260428,10,32,0,2,15,0,18.18,0,11,11,0,2,0,,40,57.97,0,0,0,67,12,22,1,0,4.0,0,1,0,0,0.0,0,0,0,0,103,10,0,0,1,0,0,0,0,0,0,609.5,0.0,0,7,4,5,2,7,63.64,0,21,13,61.9,21,40,11,16,48,60.0,59,516,440,956,147.5,11,2,1102,13,1,0
Irfan Can Kahveci,226986,Kasımpaşa,6063,turkey,2526,1389,21,15,7.02,2,3,5,1.93,3.95,43,29,34.94,168,38,55.07,274,138,412,75.32,12,41.38,17,0,0,0,90,6,2,6,3,1,21,0,0,8,20260428,12,80,0,1,23,0,8.33,0,17,16,1,1,1,,73,53.68,0,0,2,135,10,30,1,7,2.0,0,0,0,0,0.0,0,0,0,0,251,14,0,0,1,0,0,0,0,0,0,694.5,0.0,6,5,19,10,8,14,40.0,0,29,17,58.62,30,87,35,83,85,51.52,69,379,168,547,147.5,24,2,859,30,5,0
Felix Uduokhai,792142,Beşiktaş JK,3050,turkey,2526,1034,14,11,7.02,0,0,0,0.23,0.2,12,0,0.0,64,18,36.73,225,405,630,90.65,46,64.79,25,0,0,0,56,1,1,1,3,74,13,0,0,2,20260428,4,48,0,1,16,0,0.0,21,12,10,2,0,0,,37,61.67,0,0,0,65,18,3,0,0,6.0,0,0,0,0,0.0,0,0,0,0,85,1,0,0,0,0,0,0,0,0,0,0.0,0.0,0,4,0,0,3,2,50.0,0,24,18,75.0,3,29,4,0,83,63.36,49,269,426,695,91.3,4,0,889,15,4,0
Kerem Demirbay,142619,Kasımpaşa,6063,turkey,2526,1925,24,22,7.02,1,0,1,1.33,3.01,73,32,28.57,221,63,42.28,427,384,811,78.74,9,39.13,14,0,0,0,137,3,2,7,1,24,22,0,0,21,20260428,24,108,0,0,38,0,4.35,0,31,30,1,0,1,,108,53.47,0,0,0,219,24,38,1,1,3.0,0,0,0,0,0.0,0,0,0,1,382,13,0,2,0,0,0,0,0,0,0,1925.0,0.0,1,8,15,9,7,14,51.85,0,62,36,58.06,38,144,27,112,117,52.0,149,586,444,1030,154.4,23,0,1462,32,4,2
Emirhan Topçu,895009,Beşiktaş JK,3050,turkey,2526,1657,20,19,7.02,1,0,1,0.72,1.1,46,4,21.05,145,59,41.84,378,559,937,83.21,43,67.19,21,0,0,0,77,1,0,5,5,106,20,0,0,1,20260428,19,72,1,0,29,0,7.14,46,22,16,6,1,0,,71,58.2,0,0,0,189,28,10,0,1,12.0,0,0,0,0,0.0,0,0,0,0,225,4,0,0,1,0,0,0,0,0,0,1657.0,0.0,0,6,8,4,5,10,76.92,0,46,25,54.35,10,86,13,19,114,61.29,141,504,622,1126,140.3,14,1,1471,17,9,0
Ivan Brnić,916182,Başakşehir FK,3086,turkey,2526,857,25,7,7.01,4,3,7,1.74,4.29,13,25,30.12,90,20,68.97,161,81,242,77.81,0,0.0,4,0,0,0,46,8,2,5,1,6,24,0,0,12,20260428,8,40,0,1,1,0,18.18,0,8,7,1,4,0,,26,41.94,1,0,0,69,7,19,0,2,0.0,0,0,0,0,0.0,0,0,0,0,177,17,0,0,3,0,0,0,0,0,0,214.25,0.0,0,14,8,8,9,19,55.88,0,5,2,40.0,19,24,34,83,26,39.39,29,218,93,311,168.3,22,2,532,2,0,0
Roland Sallai,355088,Galatasaray,3061,turkey,2526,2167,27,24,7.01,1,3,4,2.72,2.84,40,22,25.88,253,51,55.43,503,469,972,87.96,31,59.62,21,0,0,0,105,6,3,10,7,29,27,0,1,10,20260428,11,101,1,1,50,0,2.94,0,12,12,0,1,0,,93,53.76,0,0,1,133,25,23,0,1,2.0,0,1,0,0,0.0,0,0,0,1,263,9,0,1,1,0,0,0,0,0,0,2167.0,0.0,0,21,13,13,11,9,45.0,0,43,26,60.47,22,71,20,85,124,55.11,92,605,500,1105,189.3,34,2,1644,42,4,0
Victor Osimhen,822471,Galatasaray,3061,turkey,2526,1539,20,17,7.01,13,4,17,14.25,1.68,8,6,42.86,96,5,45.45,144,42,186,74.4,42,54.55,35,0,0,0,40,5,19,10,5,17,20,0,0,16,20260428,2,106,1,0,31,0,15.48,0,10,10,0,13,0,,40,36.04,2,0,3,64,7,24,3,25,1.0,0,0,1,0,100.0,0,1,0,1,169,21,0,0,8,0,0,0,0,0,0,118.38,0.0,0,78,6,37,37,6,20.69,0,13,10,76.92,24,13,29,14,82,43.62,11,198,52,250,140.2,84,2,550,21,7,0
Arda Kurtulan,1063395,Göztepe,3054,turkey,2526,2168,28,24,7.01,4,1,5,2.6,2.08,9,11,24.44,90,21,44.68,152,88,240,65.4,34,50.0,34,0,0,0,85,1,3,4,7,71,27,0,0,20,20260428,27,150,0,0,43,0,21.05,0,21,17,4,4,0,,98,45.79,0,0,1,127,42,20,2,0,7.0,0,0,0,0,0.0,0,0,0,0,398,8,0,0,2,0,0,0,0,0,0,542.0,0.0,0,16,3,10,5,25,46.3,0,49,35,71.43,20,27,54,45,132,46.81,47,259,108,367,189.2,19,2,1088,25,5,0
Léo Duarte,839982,Başakşehir FK,3086,turkey,2526,2139,24,24,7.0,0,1,1,0.73,0.53,37,1,25.0,127,55,50.93,389,927,1316,92.68,58,60.42,38,0,0,0,80,1,0,2,8,126,24,0,0,7,20260428,13,91,0,1,29,0,0.0,0,25,21,4,0,0,,57,51.82,0,0,0,104,21,8,0,0,18.0,0,1,0,0,0.0,0,0,0,0,133,2,0,0,0,0,0,0,0,0,0,0.0,0.0,0,10,0,6,2,6,60.0,0,33,22,66.67,7,68,10,4,115,55.83,108,455,965,1420,168.1,10,1,1727,22,5,0
Fred,243623,Fenerbahçe,3052,turkey,2526,1211,27,12,7.0,0,2,2,2.04,2.33,28,3,12.5,240,41,61.19,448,264,712,85.37,4,50.0,4,0,0,0,79,5,2,15,1,7,27,0,0,8,20260428,17,57,0,0,19,0,0.0,0,10,7,3,0,0,,71,57.26,0,0,2,122,17,27,0,1,4.0,0,0,0,0,0.0,0,0,0,0,192,12,0,0,0,0,0,0,0,0,0,0.0,0.0,1,14,21,10,10,10,50.0,0,37,20,54.05,27,56,20,24,75,56.82,67,546,288,834,189.0,35,2,1098,24,2,0
Peter Etebo,839110,Gençlerbirliği,7802,turkey,2526,42,1,1,7.0,0,0,0,,0.01,1,0,0.0,2,2,66.67,6,6,12,85.71,0,0.0,0,0,0,0,5,0,0,0,0,1,1,0,0,0,20260428,0,1,0,0,0,0,0.0,0,1,1,0,0,0,,5,83.33,0,0,0,2,1,0,0,0,,0,0,0,0,0.0,0,0,0,0,4,0,0,0,0,0,0,0,0,0,0,0.0,0.0,0,0,0,0,0,0,0.0,0,3,1,33.33,0,2,1,0,5,83.33,3,7,7,14,7.0,0,0,25,2,0,0
Sokratis Dioudis,173933,Gaziantep FK,5138,turkey,2526,23,1,0,7.0,0,0,0,,0.0,1,0,0.0,0,5,55.56,4,5,9,69.23,0,0.0,0,0,0,0,5,0,0,0,0,0,1,0,0,0,20260428,0,0,0,0,0,0,0.0,5,0,0,0,0,0,0.05,0,0.0,0,2,0,4,0,0,0,0,,0,0,0,0,0.0,0,0,0,0,4,0,0,0,0,0,0,1,1,0,0,0.0,0.0,0,0,0,0,0,0,0.0,0,0,0,0.0,0,1,0,0,0,0.0,9,8,5,13,7.0,0,0,19,0,0,0
Ruan,868049,Göztepe,3054,turkey,2526,114,2,1,7.0,0,0,0,,0.4,0,1,100.0,6,0,0.0,8,5,13,72.22,1,33.33,2,0,0,0,6,1,0,0,0,3,2,0,0,0,20260428,0,8,0,0,2,0,0.0,0,0,0,0,0,0,,8,57.14,0,0,0,5,2,2,0,0,0.0,0,0,0,0,0.0,0,0,0,0,15,1,0,0,0,0,0,0,0,0,0,0.0,0.0,0,0,0,0,0,3,42.86,0,3,2,66.67,2,1,7,1,9,52.94,3,13,5,18,14.0,0,0,54,2,1,0
João Mário,97001,Beşiktaş JK,3050,turkey,2526,105,2,1,7.0,0,0,0,0.23,0.19,3,1,33.33,23,4,80.0,33,11,44,86.27,0,0.0,1,0,0,0,6,0,0,1,0,1,2,0,0,3,20260428,1,7,0,0,0,0,0.0,0,2,2,0,0,0,,6,50.0,0,0,0,7,0,3,0,2,0.0,0,0,0,0,0.0,0,0,0,0,14,2,0,0,0,0,0,0,0,0,0,0.0,0.0,0,2,0,0,1,2,50.0,0,4,3,75.0,3,4,4,3,6,46.15,5,40,11,51,14.0,2,0,74,0,0,0
Qazim Laci,284395,Çaykur Rizespor,3064,turkey,2526,2423,29,29,6.99,6,8,14,4.72,4.75,73,31,26.96,290,81,65.85,520,417,937,83.51,21,50.0,21,0,0,0,134,12,1,19,5,17,29,0,0,37,20260428,37,148,0,1,43,1,11.54,0,34,33,1,5,1,,87,40.65,0,0,1,185,19,57,1,7,8.0,0,0,3,0,100.0,0,3,0,0,376,11,0,1,5,0,0,0,0,0,0,403.83,14.29,7,17,35,19,14,20,51.28,0,38,29,76.32,57,120,39,115,108,42.19,123,645,477,1122,202.8,52,1,1617,29,4,1
Ahmet Oğuz,603902,Kocaelispor,3065,turkey,2526,2000,25,22,6.99,0,2,2,0.15,1.87,73,23,20.0,140,79,43.17,313,375,688,74.78,27,50.94,26,0,0,0,107,4,0,2,8,70,25,0,0,9,20260428,27,113,0,0,43,0,0.0,0,17,15,2,0,0,,93,51.67,0,0,1,232,40,26,0,0,4.0,0,0,0,0,0.0,0,0,0,0,466,10,0,0,0,0,0,0,0,0,0,0.0,0.0,1,0,10,6,2,3,21.43,0,59,45,76.27,26,157,14,115,120,51.5,183,482,438,920,174.8,10,2,1556,33,8,0
Jesurun Rak-Sakyi,1101362,Çaykur Rizespor,3064,turkey,2526,817,11,11,6.99,4,1,5,3.08,1.16,7,2,22.22,71,1,14.29,122,69,191,80.93,3,75.0,1,0,0,0,21,2,2,5,0,3,11,0,0,11,20260428,5,44,0,0,9,0,21.05,0,12,10,2,4,0,,31,41.89,0,0,1,45,3,8,4,3,1.0,0,0,0,0,0.0,0,0,0,0,103,5,0,0,0,0,0,0,0,0,0,204.25,0.0,0,17,2,5,9,15,44.12,0,9,6,66.67,8,11,34,9,34,43.59,7,158,78,236,76.9,19,1,376,7,1,0
Adil Demirbağ,787949,Konyaspor,3085,turkey,2526,2008,23,23,6.98,2,2,4,1.68,1.18,40,1,12.5,98,76,62.81,333,682,1015,90.3,47,51.09,45,0,0,0,78,1,0,0,6,113,23,0,0,1,20260428,8,97,0,1,44,0,20.0,37,28,24,4,2,0,,46,46.94,1,0,0,109,37,6,0,0,27.0,0,0,0,1,0.0,0,0,0,0,131,2,0,0,1,0,0,0,0,0,0,1004.0,0.0,0,10,0,8,2,6,66.67,0,25,15,60.0,6,75,9,8,93,48.95,121,405,719,1124,160.6,10,3,1417,15,9,0
Alassane Ndao,1016033,Konyaspor,3085,turkey,2526,798,11,11,6.98,2,3,5,1.21,1.92,7,5,16.67,74,13,61.9,127,79,206,78.33,2,18.18,9,0,0,0,39,5,1,7,0,4,11,0,0,11,20260428,1,30,0,0,2,0,12.5,0,15,13,2,2,0,,24,53.33,0,0,0,57,6,14,0,4,0.0,0,0,0,0,0.0,0,0,0,0,120,4,0,0,2,0,0,0,0,0,0,399.0,0.0,0,10,6,5,4,7,50.0,0,9,6,66.67,14,18,14,30,26,46.43,21,165,98,263,76.8,16,1,403,8,0,0
Jhon Durán,974577,Fenerbahçe,3052,turkey,2526,543,10,6,6.98,3,2,5,1.91,1.33,2,2,50.0,40,4,57.14,69,29,98,77.78,12,63.16,7,0,0,0,14,1,2,7,1,1,10,0,0,2,20260428,0,22,0,0,12,0,17.65,0,3,1,2,3,0,,21,58.33,1,0,0,28,0,6,2,8,1.0,0,0,0,0,0.0,0,0,0,1,50,3,0,0,0,0,0,0,0,0,0,181.0,0.0,0,13,4,4,6,5,62.5,0,4,3,75.0,6,4,8,4,33,60.0,7,92,34,126,69.8,17,0,203,13,2,0
Demir Ege Tıknaz,1142613,Beşiktaş JK,3050,turkey,2526,321,10,2,6.98,0,1,1,0.15,0.79,14,0,0.0,56,17,68.0,101,90,191,85.65,7,100.0,0,0,0,0,12,1,0,1,1,4,9,0,0,1,20260428,5,22,0,0,12,0,0.0,0,6,5,1,0,0,,22,50.0,0,0,0,32,1,3,0,0,3.0,0,0,0,0,0.0,0,0,0,0,41,1,0,0,0,0,0,0,0,0,0,0.0,0.0,0,2,2,2,1,6,60.0,0,12,8,66.67,3,20,10,0,29,56.86,25,129,94,223,62.8,4,0,284,4,2,0
Berat Ayberk Özdemir,876857,Başakşehir FK,3086,turkey,2526,924,17,10,6.98,0,0,0,0.46,0.42,60,1,25.0,111,77,71.96,293,304,597,87.67,8,50.0,8,0,0,0,59,0,0,3,2,16,16,0,0,3,20260428,7,27,0,1,7,0,0.0,2,15,11,4,0,0,,24,55.81,0,0,0,84,13,4,0,0,10.0,0,0,0,0,0.0,0,0,0,0,98,2,0,0,0,0,0,0,0,0,0,0.0,0.0,1,2,5,3,1,1,33.33,0,13,11,84.62,4,80,3,4,32,54.24,107,350,331,681,111.6,7,0,800,10,2,0
Robin Yalcin,138154,Eyüpspor,7040,turkey,2526,1631,19,18,6.97,0,0,0,0.44,0.34,68,0,0.0,92,84,63.16,267,565,832,88.98,9,33.33,18,0,0,0,43,0,0,0,3,71,19,0,0,0,20260428,7,31,0,0,6,0,0.0,19,25,23,2,0,0,,45,77.59,0,0,0,103,15,4,0,2,13.0,0,0,0,1,0.0,0,0,0,0,116,1,0,0,0,0,0,0,0,0,0,0.0,0.0,0,1,2,2,1,4,100.0,0,25,12,48.0,4,106,4,4,54,63.53,133,336,599,935,132.5,3,0,1125,16,0,0
Gökhan Değirmenci,60317,Kocaelispor,3065,turkey,2526,855,10,9,6.97,0,0,0,,0.02,14,0,0.0,7,74,46.84,44,138,182,68.16,2,100.0,0,0,0,0,92,0,0,0,3,7,10,0,0,0,20260428,0,0,0,0,0,0,0.0,43,14,11,3,0,0,-2.48,1,100.0,0,6,0,85,1,0,0,0,0.0,0,0,0,0,0.0,1,0,0,0,85,0,3,0,0,1,13,8,21,0,4,0.0,0.0,0,0,0,0,0,0,0.0,1,0,0,0.0,0,20,0,0,3,100.0,158,103,164,267,69.7,0,0,353,0,1,0
Laszlo Benes,354558,Kayserispor,3072,turkey,2526,2311,29,26,6.97,5,2,7,2.76,2.77,76,25,21.37,283,81,55.48,499,342,841,83.35,14,40.0,21,1,0,0,103,7,2,5,5,37,29,0,1,18,20260428,18,92,0,0,32,0,11.11,0,43,38,5,1,4,,65,47.79,0,0,0,168,22,38,5,0,7.0,0,1,1,1,0.0,0,0,0,0,323,11,0,1,0,0,0,0,0,0,0,462.2,0.0,5,12,33,20,20,9,60.0,0,20,14,70.0,37,114,15,117,79,46.2,146,629,380,1009,202.0,45,3,1436,37,3,0
Kerem Aktürkoğlu,903324,Fenerbahçe,3052,turkey,2526,1689,26,21,6.96,6,5,11,5.38,4.09,18,30,26.79,173,11,42.31,275,91,366,75.31,11,31.43,24,0,0,0,64,8,2,5,1,4,26,0,0,23,20260428,10,98,0,1,12,0,17.65,0,24,21,3,6,0,,73,49.66,0,0,2,120,9,47,2,6,0.0,0,0,1,0,100.0,0,1,0,0,325,11,0,0,4,0,0,0,0,0,0,281.5,0.0,3,22,12,11,18,20,40.0,0,20,15,75.0,47,37,50,112,84,46.15,26,378,108,486,180.9,34,3,897,33,3,0
Daniele Verde,605580,Fatih Karagümrük,4954,turkey,2526,462,7,6,6.96,1,3,4,1.49,1.33,4,4,16.67,53,4,57.14,84,37,121,79.08,0,0.0,0,0,0,0,15,4,3,3,0,2,7,0,0,4,20260428,2,11,0,1,2,0,6.25,0,9,7,2,1,0,,13,54.17,0,0,0,32,7,8,1,0,0.0,0,0,0,0,0.0,0,0,0,0,71,2,0,0,0,0,0,0,0,0,0,462.0,0.0,0,7,9,3,10,6,60.0,0,0,0,0.0,8,13,10,24,13,54.17,7,111,42,153,48.7,16,0,248,7,0,0
Kacper Kozłowski,984602,Gaziantep FK,5138,turkey,2526,2387,28,27,6.95,6,2,8,4.05,2.29,23,6,18.18,196,38,61.29,314,277,591,81.07,16,45.71,19,0,0,0,118,3,2,10,4,12,28,0,0,30,20260428,10,147,0,0,44,0,16.22,0,44,41,3,4,2,,152,54.29,0,0,2,138,3,31,3,1,4.0,0,0,0,0,0.0,0,0,0,0,309,10,0,0,3,0,0,0,0,0,0,397.83,0.0,1,19,18,12,15,41,45.56,0,31,21,67.74,31,45,90,33,168,53.33,62,421,308,729,194.7,37,2,1198,80,6,0
Amine Harit,827522,Başakşehir FK,3086,turkey,2526,1375,21,17,6.95,1,3,4,1.97,2.56,11,6,18.75,241,16,66.67,387,162,549,87.28,4,30.77,9,0,0,0,80,4,2,6,2,5,21,0,0,27,20260428,14,90,0,2,18,0,4.0,0,13,10,3,1,0,,95,53.98,0,0,1,80,13,35,0,2,1.0,0,0,0,0,0.0,0,0,0,1,189,11,0,0,1,0,0,0,0,0,0,1375.0,0.0,1,12,13,14,5,47,68.12,0,15,7,46.67,35,20,69,32,99,52.38,24,455,174,629,146.0,25,2,937,33,2,0
Wilfried Singo,978285,Galatasaray,3061,turkey,2526,849,17,10,6.95,2,1,3,0.84,0.98,11,2,22.22,57,20,35.71,158,325,483,87.5,29,63.04,17,0,0,0,46,1,1,2,1,44,16,0,0,1,20260428,2,36,0,0,17,0,20.0,6,12,12,0,2,0,,41,68.33,0,0,1,69,14,2,0,1,3.0,0,0,0,0,0.0,0,0,0,0,99,2,0,0,2,0,0,0,0,0,0,424.5,0.0,0,8,2,6,2,6,75.0,0,17,10,58.82,2,31,8,9,70,66.04,56,201,351,552,111.2,10,2,741,18,2,0
Antoine Makoumbou,920391,Samsunspor,3053,turkey,2526,2037,29,21,6.95,1,1,2,0.84,3.62,42,3,60.0,275,70,60.87,550,567,1117,89.07,8,38.1,13,0,0,0,100,5,0,5,4,20,28,0,0,14,20260428,7,85,0,1,42,0,8.33,0,31,30,1,1,0,,65,47.45,0,0,0,137,13,26,1,0,9.0,0,0,0,0,0.0,0,0,0,0,197,5,0,0,0,0,0,0,0,0,0,2037.0,0.0,0,5,7,4,3,8,42.11,0,30,16,53.33,26,79,19,5,73,46.2,115,652,602,1254,194.6,12,1,1496,27,6,0
Mustafa Eskihellaç,899069,Trabzonspor,3051,turkey,2526,2287,28,26,6.95,0,4,4,1.42,2.48,19,8,23.53,218,25,58.14,453,501,954,87.76,17,41.46,24,0,0,0,137,6,1,18,6,51,28,0,0,12,20260428,16,102,0,1,21,0,0.0,0,25,22,3,0,0,,132,62.86,0,0,0,133,15,25,0,5,5.0,0,0,0,0,0.0,0,0,0,0,263,11,0,0,0,0,0,0,0,0,0,0.0,0.0,0,11,25,11,7,34,52.31,0,39,31,79.49,25,32,65,34,149,59.36,43,544,543,1087,194.6,36,2,1657,61,5,0
Christopher Operi,858977,Başakşehir FK,3086,turkey,2526,1824,22,22,6.95,0,4,4,0.51,1.61,30,15,22.39,208,45,57.69,412,356,768,84.96,29,65.91,15,0,0,0,95,4,0,6,8,45,22,0,0,16,20260428,11,73,0,3,21,0,0.0,0,16,12,4,0,0,,71,55.04,0,0,0,136,24,15,0,0,9.0,0,0,0,0,0.0,0,0,0,0,259,8,0,0,0,0,0,0,0,0,0,0.0,0.0,1,7,6,5,2,15,60.0,0,30,18,60.0,15,53,25,67,100,57.8,78,499,405,904,152.9,13,1,1401,26,3,0
Drissa Camara,958167,Gaziantep FK,5138,turkey,2526,1589,24,19,6.95,3,6,9,4.53,2.99,14,5,26.32,128,18,62.07,232,190,422,80.23,7,29.17,17,0,0,0,83,9,4,14,1,9,23,0,1,33,20260428,12,132,0,0,19,0,5.36,0,27,24,3,3,0,,127,52.48,0,0,1,104,10,25,1,3,0.0,0,0,0,0,0.0,0,0,0,3,269,8,0,1,2,0,0,0,0,0,0,529.67,0.0,1,35,21,21,21,51,49.04,0,21,16,76.19,25,31,104,19,134,50.38,29,312,214,526,159.8,56,1,970,56,5,0
Yiğit Efe Demir,1133200,Fenerbahçe,3052,turkey,2526,582,12,5,6.95,0,0,0,0.51,0.22,13,1,33.33,39,16,55.17,149,277,426,90.64,30,76.92,9,0,0,0,22,2,0,2,0,31,11,0,0,0,20260428,7,25,0,0,9,0,0.0,1,8,8,0,0,0,,21,56.76,0,0,0,44,10,5,0,0,7.0,0,0,0,0,0.0,0,0,0,0,51,0,0,0,0,0,0,0,0,0,0,0.0,0.0,0,8,0,6,0,1,100.0,0,16,12,75.0,5,21,1,3,51,67.11,29,179,291,470,76.4,8,0,577,4,2,0
Mario Lemina,307284,Galatasaray,3061,turkey,2526,1548,25,18,6.94,1,1,2,2.42,0.93,23,4,66.67,113,50,66.67,398,530,928,91.88,18,66.67,9,0,0,0,58,2,4,0,1,31,25,0,0,2,20260428,8,44,0,1,23,0,4.76,2,12,12,0,1,0,,43,55.13,1,0,0,82,27,6,0,0,5.0,0,0,0,0,0.0,0,0,0,0,102,3,0,0,0,0,0,0,0,0,0,1548.0,0.0,0,15,6,14,7,4,57.14,0,31,21,67.74,6,39,7,6,61,58.1,75,457,553,1010,173.6,21,1,1198,8,6,0
Deniz Turuc,252207,Konyaspor,3085,turkey,2526,1449,24,17,6.94,1,2,3,1.24,4.88,38,26,23.01,159,41,56.16,285,205,490,79.42,16,47.06,18,0,0,0,53,7,0,6,0,10,24,0,0,19,20260428,17,86,0,0,21,0,5.0,0,17,16,1,0,1,,56,45.16,0,0,1,127,8,24,1,3,6.0,0,1,0,0,0.0,0,0,0,0,286,6,0,0,0,0,0,0,0,0,0,1449.0,0.0,7,3,17,7,7,14,53.85,0,23,14,60.87,23,82,26,113,72,45.57,73,397,220,617,166.6,20,0,963,19,10,0
David Datro Fofana,1090458,Fatih Karagümrük,4954,turkey,2526,983,13,10,6.94,6,0,6,4.07,0.62,4,0,0.0,51,6,66.67,96,52,148,70.48,16,37.21,27,0,1,0,30,2,7,8,0,6,13,0,0,31,20260428,4,107,0,0,17,0,27.27,0,20,20,0,6,0,,44,35.48,1,0,1,62,2,9,2,7,0.0,0,0,1,0,0.0,0,0,0,0,174,7,0,0,3,0,0,0,0,0,0,163.83,0.0,0,20,2,6,8,25,44.64,0,5,2,40.0,9,10,56,5,60,35.93,9,144,66,210,90.2,22,1,443,14,0,0
Archie Brown,1009738,Fenerbahçe,3052,turkey,2526,1447,23,16,6.93,2,2,4,1.58,1.63,13,14,17.28,150,19,48.72,267,220,487,82.4,20,55.56,16,0,0,0,67,1,1,2,5,26,23,0,0,14,20260428,11,96,0,1,32,0,10.53,0,12,10,2,2,0,,80,50.0,0,0,0,104,9,16,2,0,4.0,0,1,0,0,0.0,0,0,0,0,284,7,0,0,0,0,0,0,0,0,0,723.5,0.0,0,15,4,12,5,17,40.48,0,35,22,62.86,15,27,42,81,100,51.02,39,342,249,591,159.5,19,2,1097,29,4,0
Afonso Sousa,855672,Samsunspor,3053,turkey,2526,156,6,1,6.93,1,1,2,0.3,0.61,3,1,12.5,44,2,66.67,63,23,86,91.49,1,50.0,1,0,0,0,5,2,1,2,0,3,6,0,0,1,20260428,3,7,0,0,0,0,16.67,0,4,4,0,1,0,,10,62.5,0,0,0,8,1,3,0,0,0.0,0,0,0,0,0.0,0,0,0,0,22,1,0,0,1,0,0,0,0,0,0,156.0,0.0,0,4,2,1,3,3,60.0,0,4,2,50.0,3,5,5,8,11,61.11,3,70,24,94,41.6,6,1,135,3,1,0
Junior Olaitan,1124357,Beşiktaş JK,3050,turkey,2526,1885,28,21,6.93,4,1,5,5.47,3.35,26,13,24.53,239,39,59.09,404,188,592,79.25,19,37.25,32,0,0,0,118,8,8,17,2,11,28,0,0,30,20260428,11,134,0,0,38,0,6.35,0,19,12,7,4,0,,93,47.69,0,0,0,155,15,32,1,5,1.0,0,0,0,0,0.0,0,0,0,0,351,21,0,0,3,0,0,0,0,0,0,471.25,0.0,9,30,33,25,21,38,55.07,0,21,10,47.62,32,62,69,53,112,45.53,66,539,208,747,194.1,63,2,1213,35,2,0
Ramzi Safouri,186949,Antalyaspor,3056,turkey,2526,1570,22,19,6.93,1,5,6,0.56,3.1,49,27,22.88,153,50,58.82,280,196,476,78.16,15,45.45,18,0,0,0,79,6,0,4,2,18,22,0,0,24,20260428,9,90,0,0,23,0,5.56,0,32,31,1,0,1,,97,57.4,0,0,1,133,6,44,0,3,0.0,0,0,0,0,0.0,0,0,0,0,302,8,0,0,1,0,0,0,0,0,0,1570.0,0.0,3,3,15,9,5,25,59.52,0,15,10,66.67,44,94,42,118,112,55.45,85,384,225,609,152.5,18,0,990,57,7,0
Dimitris Goutas,257497,Gençlerbirliği,7802,turkey,2526,2637,30,30,6.93,2,0,2,1.99,0.33,48,0,0.0,62,82,42.71,208,735,943,83.67,83,70.34,35,0,0,0,61,0,1,2,6,220,30,0,0,1,20260428,3,52,1,3,14,0,11.76,27,40,37,3,2,0,,53,75.71,1,0,1,184,34,2,1,1,24.0,0,0,0,0,0.0,0,0,0,0,196,0,0,0,0,0,0,0,0,0,0,1318.5,0.0,0,16,1,11,4,2,100.0,0,39,23,58.97,2,114,2,0,136,72.34,192,337,790,1127,207.9,17,2,1529,13,4,0
Umut Nayir,284767,Trabzonspor,3051,turkey,2526,1872,29,20,6.93,8,2,10,6.96,2.09,2,3,60.0,93,6,54.55,166,81,247,64.49,99,61.88,61,0,0,0,29,3,8,12,1,19,28,0,0,16,20260428,10,116,0,0,16,0,15.38,0,31,26,5,8,0,,47,46.08,4,0,0,136,2,17,1,14,4.0,0,0,1,0,100.0,0,1,0,2,204,8,0,0,3,0,0,0,0,0,0,234.0,0.0,0,50,2,22,18,6,28.57,0,4,1,25.0,17,6,21,5,146,55.73,11,277,106,383,194.0,52,2,634,41,2,0
Mohamed Bayo,909318,Gaziantep FK,5138,turkey,2526,2079,26,25,6.93,14,3,17,12.01,1.2,3,2,20.0,74,5,55.56,134,74,208,71.72,28,45.9,33,1,0,0,48,4,11,9,0,14,26,0,0,35,20260428,3,105,0,0,15,0,22.95,0,38,32,6,13,1,,40,35.71,0,0,0,82,1,21,4,13,8.0,0,0,1,0,0.0,0,0,0,0,219,13,0,0,10,0,0,0,0,0,0,148.5,0.0,0,49,12,24,28,26,56.52,0,9,4,44.44,21,8,46,10,68,39.31,9,202,88,290,180.1,61,3,599,5,1,0
Eren Elmalı,981483,Galatasaray,3061,turkey,2526,1417,23,15,6.93,3,0,3,1.4,2.14,21,13,35.14,195,21,51.22,351,284,635,89.19,25,59.52,17,0,0,0,70,4,1,5,5,30,23,0,0,14,20260428,15,72,0,0,16,0,23.08,0,9,9,0,3,0,,48,46.6,1,0,0,77,12,23,1,1,6.0,0,0,0,0,0.0,0,0,0,0,153,5,0,0,1,0,0,0,0,0,0,472.33,0.0,0,10,3,3,5,9,47.37,0,28,18,64.29,23,33,19,37,73,50.34,41,404,308,712,159.3,13,2,1058,12,3,0
Wilfred Ndidi,787885,Beşiktaş JK,3050,turkey,2526,1934,23,22,6.93,2,0,2,2.29,1.77,31,0,0.0,157,39,42.86,441,523,964,85.46,43,63.24,25,0,0,0,112,1,1,7,6,61,23,0,0,13,20260428,24,106,1,0,39,0,6.9,0,22,19,3,2,0,,88,52.07,2,0,1,164,37,13,0,1,9.0,0,0,0,0,0.0,0,0,0,0,214,7,0,0,0,0,0,0,0,0,0,967.0,0.0,0,17,12,13,9,9,56.25,0,57,35,61.4,13,58,16,4,131,55.27,91,551,577,1128,159.3,29,1,1461,22,4,0
Fidan Aliti,385296,Alanyaspor,6362,turkey,2526,2404,27,27,6.93,0,1,1,0.23,0.58,26,4,30.77,73,52,46.85,317,850,1167,90.61,39,65.0,21,0,0,0,78,4,0,2,9,120,27,0,0,3,20260428,14,73,0,1,35,0,0.0,48,29,26,3,0,0,,76,59.38,0,0,0,121,41,8,0,0,18.0,0,0,0,0,0.0,0,0,0,0,144,1,0,0,0,0,0,0,0,0,0,0.0,0.0,1,6,2,4,2,3,100.0,0,34,22,64.71,8,65,3,13,115,61.17,111,401,887,1288,187.0,8,2,1619,41,10,0
Adrian Benedyczak,928295,Kasımpaşa,6063,turkey,2526,896,11,11,6.92,6,1,7,4.22,0.66,8,0,0.0,43,7,46.67,61,36,97,68.31,19,33.93,37,0,0,0,24,3,4,5,0,6,11,0,0,8,20260428,3,65,0,0,17,0,26.09,0,13,12,1,5,1,,18,39.13,0,0,0,45,3,10,2,1,1.0,0,1,2,0,100.0,0,2,0,1,83,8,0,0,4,0,0,0,0,0,0,149.33,0.0,0,18,5,7,11,3,60.0,0,9,8,88.89,9,12,5,11,37,36.27,15,101,41,142,76.1,23,0,249,7,0,0
Ümit Akdağ,1215071,Alanyaspor,6362,turkey,2526,2534,29,29,6.92,1,2,3,1.3,1.95,69,8,25.81,227,99,51.3,534,686,1220,82.82,59,64.84,32,0,0,0,117,2,2,4,8,148,29,0,0,14,20260428,16,109,1,4,39,0,5.0,0,36,31,5,1,0,,76,49.67,0,0,0,253,29,18,1,1,19.0,0,0,0,2,0.0,0,0,0,0,337,2,0,0,0,0,0,0,0,0,0,2534.0,0.0,0,17,3,14,2,18,66.67,0,34,23,67.65,18,148,27,31,135,55.33,193,707,766,1473,200.6,20,2,1942,24,7,0
Ederson,254491,Fenerbahçe,3052,turkey,2526,2132,24,24,6.92,0,0,0,,0.07,38,0,0.0,21,131,45.17,57,409,466,74.32,11,100.0,0,0,0,0,131,0,0,0,8,16,24,0,0,0,20260428,0,0,2,1,0,0,0.0,103,24,21,3,0,0,1.39,3,100.0,0,18,0,161,0,1,0,0,0.0,0,0,0,0,0.0,1,0,0,0,165,0,10,1,0,6,33,21,55,1,12,0.0,0.0,0,0,0,0,0,0,0.0,6,0,0,0.0,1,73,0,0,14,100.0,290,194,433,627,166.0,0,0,810,6,6,1
Tim Jabol-Folcarelli,1106446,Trabzonspor,3051,turkey,2526,2240,26,26,6.92,0,3,3,0.9,1.45,22,1,50.0,198,28,58.33,520,500,1020,90.11,13,56.52,10,0,0,0,162,3,1,3,8,16,26,0,0,29,20260428,16,105,0,0,34,0,0.0,0,25,22,3,0,0,,118,55.4,0,0,1,112,27,18,0,0,6.0,0,0,0,0,0.0,0,0,0,0,209,16,0,0,0,0,0,0,0,0,0,0.0,0.0,0,5,8,9,1,27,60.0,0,60,34,56.67,18,41,45,2,131,55.51,48,589,543,1132,179.8,13,0,1494,31,4,0
Baran Ali Gezek,1215110,Eyüpspor,7040,turkey,2526,1178,14,13,6.91,0,0,0,0.29,0.49,18,0,0.0,58,23,48.94,135,270,405,83.33,12,57.14,9,0,0,0,61,0,1,1,2,47,14,0,0,9,20260428,15,47,0,0,13,0,0.0,3,20,19,1,0,0,,44,53.66,0,0,1,81,20,3,0,0,11.0,0,0,0,0,0.0,0,0,0,0,104,4,0,0,0,0,0,0,0,0,0,0.0,0.0,0,3,1,2,1,3,75.0,0,30,20,66.67,3,28,4,1,56,54.37,47,174,312,486,96.8,4,0,664,11,1,0
Oğulcan Ülgün,1063942,Gençlerbirliği,7802,turkey,2526,1431,22,19,6.91,4,2,6,1.67,1.33,22,1,8.33,88,20,35.71,167,136,303,70.96,28,56.0,22,0,0,0,38,4,2,5,0,27,22,0,0,11,20260428,15,84,0,0,33,0,17.39,0,24,23,1,3,1,,64,50.79,1,0,0,124,9,18,0,3,5.0,0,0,0,0,0.0,0,0,0,1,175,6,0,0,3,0,0,0,0,0,0,357.75,0.0,0,14,9,10,8,3,42.86,0,15,9,60.0,18,42,7,12,92,52.27,56,261,166,427,152.1,23,1,650,48,5,0
Bartuğ Elmaz,997165,Fatih Karagümrük,4954,turkey,2526,931,18,9,6.91,1,0,1,0.51,0.66,38,1,12.5,150,40,48.19,309,280,589,87.26,8,80.0,2,0,0,0,71,2,0,5,1,17,17,0,0,1,20260428,11,30,1,0,14,0,6.25,0,13,11,2,1,0,,30,51.72,0,0,2,86,6,8,0,0,5.0,0,0,0,0,0.0,0,0,0,0,109,6,0,0,1,0,0,0,0,0,0,931.0,0.0,1,2,14,5,6,2,50.0,0,17,11,64.71,8,67,4,8,38,55.88,83,374,301,675,117.5,16,0,804,11,2,0
Ozan Tufan,251907,Trabzonspor,3051,turkey,2526,1189,22,12,6.91,1,2,3,0.61,1.49,17,3,17.65,120,27,57.45,249,247,496,89.53,11,55.0,9,0,0,0,57,3,0,3,1,21,20,0,0,5,20260428,6,38,0,1,14,0,9.09,0,17,15,2,1,0,,40,57.97,1,0,0,58,13,18,0,1,7.0,0,0,0,0,0.0,0,0,0,0,103,3,0,0,0,0,0,0,0,0,0,1189.0,0.0,0,6,5,4,4,3,37.5,0,24,16,66.67,18,33,8,17,51,57.3,47,284,270,554,138.2,11,1,765,13,3,0
Olivier Ntcham,352676,Samsunspor,3053,turkey,2526,1557,23,19,6.91,2,1,3,3.74,1.37,40,1,9.09,257,62,64.58,462,319,781,86.01,15,65.22,8,0,0,1,82,0,1,12,2,6,22,0,0,14,20260428,11,57,0,0,18,0,4.76,0,18,16,2,2,0,,44,47.31,0,0,1,127,10,14,0,1,4.0,0,0,2,0,50.0,0,1,0,0,190,8,0,0,2,0,0,0,0,0,0,778.5,0.0,0,13,29,19,11,17,73.91,0,10,5,50.0,14,72,23,11,59,50.86,96,552,356,908,152.0,42,0,1113,18,3,0
Igor Lichnovsky,221566,Fatih Karagümrük,4954,turkey,2526,990,11,11,6.91,0,1,1,0.37,0.1,12,0,0.0,38,22,50.0,125,263,388,89.2,23,71.88,9,0,0,0,45,1,0,2,4,61,11,0,0,0,20260428,1,16,0,1,7,0,0.0,15,14,11,3,0,0,,16,69.57,0,0,0,47,15,3,0,0,4.0,0,0,0,0,0.0,0,0,0,0,55,1,0,0,0,0,0,0,0,0,0,0.0,0.0,0,4,0,2,0,1,100.0,0,12,8,66.67,3,27,1,1,39,70.91,44,157,278,435,76.0,4,0,566,3,2,0
Olivier Kemen,280447,Başakşehir FK,3086,turkey,2526,2028,26,23,6.91,0,3,3,2.79,2.79,76,6,22.22,223,105,70.47,433,306,739,82.48,21,58.33,15,0,0,0,93,8,4,14,7,12,26,0,0,25,20260428,18,101,0,2,33,0,0.0,0,21,18,3,0,0,,86,50.0,0,0,0,157,8,27,0,2,1.0,0,0,0,1,0.0,0,0,0,0,267,15,0,0,0,0,0,0,0,0,0,0.0,0.0,0,13,22,14,7,18,56.25,0,32,24,75.0,27,110,32,27,107,51.44,149,557,339,896,179.6,35,0,1216,40,5,0
Wagner Pina,1513625,Trabzonspor,3051,turkey,2526,2274,29,26,6.91,0,7,7,0.35,4.46,24,27,43.55,162,23,35.38,371,463,834,86.25,23,53.49,20,0,0,0,118,8,0,3,6,47,28,0,1,13,20260428,19,108,0,2,27,0,0.0,0,24,22,2,0,0,,98,52.69,0,0,0,133,21,31,0,1,12.0,0,0,0,0,0.0,0,0,0,0,290,10,0,1,0,0,0,0,0,0,0,0.0,0.0,0,2,7,3,3,12,29.27,0,56,36,64.29,31,55,41,62,121,52.84,65,459,508,967,193.4,9,1,1617,31,3,0
Juan Santos da Silva,1009928,Göztepe,3054,turkey,2526,2320,29,27,6.9,10,4,14,8.58,5.24,7,4,19.05,145,11,68.75,184,28,212,59.89,55,33.74,108,1,0,1,70,11,9,11,4,14,29,0,0,39,20260428,10,221,0,0,37,0,19.61,0,22,17,5,9,1,,76,40.21,3,0,1,142,7,43,3,21,2.0,0,0,2,0,0.0,0,0,0,0,312,20,0,1,4,0,0,0,0,0,0,232.0,0.0,0,42,9,13,27,24,42.86,0,25,14,56.0,43,19,56,21,131,37.22,16,313,41,354,200.2,51,2,745,27,3,1
Noa Lang,875136,Galatasaray,3061,turkey,2526,553,10,6,6.9,0,2,2,0.84,1.68,7,7,17.5,109,12,60.0,172,70,242,84.03,3,75.0,1,0,0,0,21,5,0,4,1,1,10,0,0,9,20260428,5,27,0,1,4,0,0.0,0,6,6,0,0,0,,22,45.83,0,0,1,46,2,11,0,1,1.0,0,1,0,0,0.0,0,0,0,0,112,2,0,0,0,0,0,0,0,0,0,0.0,0.0,0,7,6,5,4,11,55.0,0,5,4,80.0,10,14,20,40,25,48.08,20,212,76,288,69.0,13,0,412,6,1,0
Yiğit Emre Çeltik,1035954,Kayserispor,3072,turkey,2526,18,1,0,6.9,0,0,0,,0.06,0,0,0.0,4,0,0.0,6,0,6,100.0,0,0.0,0,0,0,0,1,0,0,0,0,0,1,0,0,0,20260428,2,2,0,0,0,0,0.0,0,0,0,0,0,0,,4,66.67,0,0,0,0,0,0,0,0,0.0,0,0,0,0,0.0,0,0,0,0,2,0,0,0,0,0,0,0,0,0,0,0.0,0.0,0,0,0,0,0,0,0.0,0,3,1,33.33,0,0,0,1,4,66.67,0,6,0,6,6.9,0,0,12,1,0,0
Nany Dimata,826944,Samsunspor,3053,turkey,2526,132,2,2,6.9,0,0,0,0.23,0.02,1,0,0.0,12,1,50.0,24,8,32,84.21,2,50.0,2,0,0,0,7,0,0,0,0,0,2,0,0,4,20260428,1,8,0,0,0,0,0.0,0,0,0,0,0,0,,7,53.85,0,0,0,6,0,0,0,0,0.0,0,0,0,0,0.0,0,0,0,0,17,1,0,0,0,0,0,0,0,0,0,0.0,0.0,0,3,0,1,2,0,0.0,0,2,2,100.0,0,1,1,2,9,52.94,2,29,9,38,13.8,3,0,62,5,0,0
Ali Osman Kalın,2161813,Gaziantep FK,5138,turkey,2526,34,1,0,6.9,0,0,0,0.03,0.0,0,0,0.0,0,1,100.0,1,10,11,91.67,1,100.0,0,0,0,0,1,0,0,1,0,1,1,0,0,0,20260428,2,4,0,0,0,0,0.0,0,1,1,0,0,0,,2,33.33,0,0,0,1,2,0,0,0,0.0,0,0,0,0,0.0,0,0,0,0,3,0,0,0,0,0,0,0,0,0,0,0.0,0.0,0,1,0,0,0,0,0.0,0,1,1,100.0,0,0,2,0,3,42.86,1,2,10,12,6.9,1,0,21,1,0,0
Felipe Augusto,1106681,Trabzonspor,3051,turkey,2526,2051,30,24,6.9,13,0,13,8.28,1.37,3,4,28.57,89,6,50.0,151,77,228,77.03,24,36.92,41,0,0,0,50,5,8,14,0,15,30,0,0,29,20260428,17,143,0,0,35,0,20.63,0,23,22,1,13,0,,69,40.35,5,0,3,68,11,14,8,5,7.0,0,0,0,0,0.0,0,0,0,0,184,12,0,0,0,0,0,0,0,0,0,157.77,0.0,0,54,9,19,30,21,47.73,0,25,17,68.0,14,8,44,14,93,39.41,12,205,91,296,206.9,63,0,667,25,1,0
Tom Dele-Bashiru,904845,Gençlerbirliği,7802,turkey,2526,2182,26,24,6.9,0,1,1,0.46,0.29,18,0,0.0,111,47,72.31,274,424,698,86.71,12,70.59,5,0,0,0,94,1,0,6,4,41,26,0,0,15,20260428,13,56,0,2,19,0,0.0,0,35,33,2,0,0,,94,64.83,0,0,1,107,21,8,0,0,6.0,0,0,0,0,0.0,0,0,0,0,159,4,0,0,0,0,0,0,0,0,0,0.0,0.0,0,3,12,7,2,17,73.91,0,39,25,64.1,8,34,23,1,106,65.43,65,340,465,805,179.3,15,0,1082,38,1,0
Adedire Mebude,1144096,Çaykur Rizespor,3064,turkey,2526,484,10,5,6.89,1,2,3,1.2,0.6,1,0,0.0,58,1,33.33,80,27,107,81.68,1,50.0,1,0,0,0,23,2,3,1,0,2,10,0,0,0,20260428,4,13,0,0,2,0,10.0,0,2,2,0,1,0,,27,69.23,0,0,0,24,5,5,0,2,0.0,0,0,0,0,0.0,0,0,0,1,54,3,0,0,1,0,0,0,0,0,0,484.0,0.0,0,9,1,1,8,8,57.14,0,4,1,25.0,5,5,14,7,28,68.29,3,99,32,131,68.9,10,0,221,15,0,0
Carlo Holse,837012,Samsunspor,3053,turkey,2526,2338,28,26,6.89,8,3,11,6.05,2.38,18,5,17.86,230,30,55.56,457,335,792,83.28,21,36.84,36,0,0,0,81,4,6,12,4,14,28,0,0,20,20260428,39,129,1,1,29,0,15.09,0,34,31,3,5,3,,102,52.31,1,0,1,159,18,31,7,3,1.0,0,0,0,0,0.0,0,0,0,0,262,8,0,0,0,0,0,0,0,0,0,292.25,0.0,1,33,20,20,21,18,66.67,0,56,36,64.29,31,35,27,28,123,48.81,54,584,367,951,192.9,53,4,1314,28,1,0
Bruno Petkovic,309306,Kocaelispor,3065,turkey,2526,1337,18,15,6.89,7,0,7,5.37,0.78,14,2,50.0,83,9,60.0,140,73,213,62.28,63,45.65,75,0,0,0,40,1,4,5,1,25,18,0,0,32,20260428,9,156,0,0,22,1,28.0,0,20,16,4,6,1,,60,42.55,0,0,1,129,2,17,1,8,4.0,0,0,2,0,100.0,0,2,0,0,248,10,0,0,6,0,0,0,0,0,0,191.0,25.0,4,21,4,8,12,6,21.43,0,12,8,66.67,17,21,28,4,123,44.09,15,251,91,342,124.0,25,2,625,43,2,0
Nelson Semedo,252821,Fenerbahçe,3052,turkey,2526,1759,23,23,6.89,1,2,3,0.3,1.36,12,13,31.71,198,37,48.05,404,308,712,86.41,9,36.0,16,0,0,0,97,3,0,2,5,31,23,0,0,15,20260428,9,78,0,0,20,0,8.33,0,18,16,2,1,0,,98,61.25,0,0,0,112,26,15,0,0,3.0,0,0,0,0,0.0,0,0,0,0,221,7,0,0,1,0,0,0,0,0,0,1759.0,0.0,0,2,10,8,2,26,57.78,0,46,30,65.22,15,34,45,41,107,57.84,77,463,361,824,158.4,12,1,1290,26,7,0
Ersin Destanoğlu,913656,Beşiktaş JK,3050,turkey,2526,1980,22,22,6.89,0,0,0,,0.02,29,0,0.0,8,95,40.43,55,360,415,74.11,7,100.0,0,0,0,0,158,0,0,0,7,10,22,0,0,0,20260428,0,0,1,0,0,0,0.0,110,25,17,8,0,0,-0.23,3,100.0,0,16,0,145,0,0,0,0,0.0,0,0,0,0,0.0,3,0,0,0,147,0,4,0,0,4,34,25,61,0,17,0.0,0.0,0,0,0,0,0,0,0.0,3,0,0,0.0,0,57,0,0,10,100.0,235,158,402,560,151.5,0,0,744,7,4,0
Maestro,1002146,Alanyaspor,6362,turkey,2526,1283,19,14,6.88,1,1,2,0.85,1.41,12,1,14.29,143,16,72.73,336,272,608,94.26,6,40.0,9,0,0,0,91,3,1,6,2,11,19,0,0,16,20260428,9,60,0,0,19,0,5.0,0,17,16,1,1,0,,62,54.87,0,0,0,37,3,18,0,0,2.0,0,0,0,0,0.0,0,0,0,0,87,6,0,1,1,0,0,0,0,0,0,1283.0,0.0,0,5,15,12,2,21,72.41,0,25,13,52.0,18,19,29,7,68,53.13,22,355,290,645,130.8,20,1,834,17,3,1
Ianis Hagi,756344,Alanyaspor,6362,turkey,2526,1354,23,16,6.88,3,2,5,2.01,2.34,12,34,36.17,149,16,50.0,236,106,342,79.35,7,43.75,9,0,0,0,48,5,4,9,2,7,23,0,0,12,20260428,14,66,0,0,18,2,8.33,0,16,15,1,0,3,,80,58.39,0,0,0,89,5,33,2,3,1.0,0,0,0,1,0.0,0,0,0,0,211,9,0,0,1,0,0,0,0,0,0,451.33,25.0,8,14,22,16,11,14,46.67,0,19,14,73.68,33,23,30,94,87,56.86,32,307,124,431,158.3,36,1,765,47,4,0
Enis Bardhi,355024,Konyaspor,3085,turkey,2526,1965,30,22,6.88,5,4,9,5.37,4.7,46,29,28.71,251,38,61.29,396,215,611,83.7,7,38.89,11,0,0,0,92,8,5,14,1,15,30,0,0,20,20260428,17,94,0,2,26,1,9.62,0,33,27,6,4,1,,68,45.03,0,0,1,119,11,53,0,3,0.0,0,0,2,0,100.0,0,2,0,0,280,14,0,1,5,0,0,0,0,0,0,393.0,12.5,8,22,30,20,18,17,44.74,0,25,14,56.0,53,68,38,101,75,44.38,62,491,239,730,206.4,52,0,1140,26,2,1
Melih İbrahimoğlu,998462,Konyaspor,3085,turkey,2526,2203,28,26,6.88,1,1,2,0.95,2.28,36,5,23.81,192,55,50.0,439,429,868,84.85,11,50.0,11,0,0,0,125,3,0,7,6,26,28,0,0,17,20260428,32,109,0,2,32,0,4.35,0,35,29,6,1,0,,123,55.66,0,0,1,155,15,22,0,1,10.0,0,0,0,0,0.0,0,0,0,0,252,10,0,0,1,0,0,0,0,0,0,2203.0,0.0,0,6,17,11,5,26,56.52,0,55,39,70.91,22,65,46,21,134,55.14,110,542,481,1023,192.6,23,0,1385,44,2,0
Abbosbek Fayzullaev,1118429,Başakşehir FK,3086,turkey,2526,1015,18,13,6.88,2,2,4,3.81,2.75,11,15,20.27,86,14,60.87,153,91,244,77.22,13,54.17,11,0,0,0,49,4,5,6,1,3,18,0,0,11,20260428,13,64,0,0,18,1,7.14,0,7,5,2,1,1,,58,52.25,0,0,1,72,7,16,0,3,0.0,0,0,0,0,0.0,0,0,0,1,189,11,0,0,2,0,0,0,0,0,0,507.5,33.33,3,20,8,11,11,12,50.0,0,28,18,64.29,16,21,24,74,71,52.59,23,212,104,316,123.8,28,1,585,19,4,0
Jackson Muleka,927649,Konyaspor,3085,turkey,2526,2150,28,24,6.88,6,3,9,7.7,1.43,18,5,20.83,166,18,54.55,286,141,427,74.91,55,46.22,64,0,0,0,85,2,11,15,2,15,28,0,0,45,20260428,16,195,0,1,41,0,8.82,0,34,28,6,6,0,,148,53.05,2,0,1,143,19,20,2,5,2.0,0,0,1,0,100.0,0,1,0,0,325,15,0,0,2,0,0,0,0,0,0,358.33,0.0,0,49,19,28,25,40,53.33,0,33,24,72.73,20,31,75,24,203,51.01,33,399,171,570,192.5,68,3,1109,77,4,0
Nicolas Janvier,802150,Alanyaspor,6362,turkey,2526,1438,24,16,6.88,1,1,2,0.87,1.91,46,13,39.39,162,69,73.4,355,392,747,89.25,5,35.71,9,0,0,0,81,3,0,6,3,19,24,0,0,6,20260428,13,54,0,1,20,0,4.76,0,19,15,4,1,0,,30,40.0,0,0,0,90,19,19,0,0,1.0,0,0,0,0,0.0,0,0,0,0,139,7,0,0,1,0,0,0,0,0,0,1438.0,0.0,0,3,18,10,5,4,40.0,0,23,15,65.22,19,73,10,33,35,39.33,94,419,418,837,165.0,21,1,1022,3,2,0
Andreas Gianniotis,236746,Kasımpaşa,6063,turkey,2526,2790,31,31,6.87,1,0,1,0.01,0.11,66,0,0.0,40,214,36.21,144,523,667,63.71,6,85.71,1,0,0,0,230,0,0,0,8,25,31,1,0,0,20260428,3,4,1,1,0,0,100.0,194,45,42,3,0,1,-2.61,4,57.14,0,13,0,380,1,1,0,0,0.0,0,0,0,0,0.0,2,0,1,0,384,0,12,0,1,20,56,25,82,0,18,2790.0,0.0,0,0,1,0,1,2,100.0,18,1,0,0.0,1,106,2,0,10,71.43,591,455,592,1047,213.1,1,3,1299,3,3,0
Serginho,849301,Fatih Karagümrük,4954,turkey,2526,2081,30,25,6.87,8,1,9,6.79,1.71,13,5,17.86,127,11,44.0,201,81,282,67.95,11,30.56,25,0,0,0,76,1,7,12,1,17,30,0,0,26,20260428,13,119,0,0,31,0,20.51,0,39,36,3,6,2,,136,59.13,1,0,2,133,6,18,0,22,1.0,0,0,0,1,0.0,0,0,0,1,280,12,0,0,7,0,0,0,0,0,0,260.13,0.0,0,26,13,13,14,36,55.38,0,38,24,63.16,18,31,65,28,147,55.26,25,310,105,415,206.2,39,1,826,62,2,0
Christopher Lungoyi,883355,Gaziantep FK,5138,turkey,2526,1698,26,19,6.87,2,2,4,3.06,2.83,6,5,31.25,92,6,60.0,169,131,300,78.74,9,29.03,22,0,0,0,51,5,4,14,3,11,24,0,0,27,20260428,11,149,1,0,43,0,4.65,0,24,23,1,2,0,,128,50.2,0,0,0,81,5,22,0,6,1.0,0,2,0,0,0.0,0,0,0,1,229,5,0,0,2,0,0,0,0,0,0,849.0,0.0,1,27,16,14,15,39,44.32,0,23,15,65.22,20,11,88,16,137,47.9,10,229,152,381,164.9,43,0,811,66,7,0
İsmail Yüksek,952600,Fenerbahçe,3052,turkey,2526,1564,27,17,6.87,1,1,2,1.44,1.42,31,1,9.09,208,34,58.62,477,314,791,84.87,25,54.35,21,0,0,0,99,3,2,8,1,16,27,0,0,23,20260428,20,110,0,1,35,0,4.0,0,24,21,3,1,0,,124,58.22,0,0,1,141,18,14,0,1,5.0,0,0,0,0,0.0,0,0,0,0,226,12,0,0,1,0,0,0,0,0,0,1564.0,0.0,0,14,11,11,6,23,65.71,0,68,34,50.0,14,56,35,11,149,57.53,58,592,340,932,185.5,25,0,1275,34,5,0
Nuno Lima,1133301,Alanyaspor,6362,turkey,2526,2645,30,30,6.87,1,1,2,0.92,0.81,49,0,0.0,203,86,47.25,533,967,1500,88.6,59,54.63,49,0,0,0,108,2,2,0,8,124,30,0,0,0,20260428,13,93,0,0,32,0,5.56,18,35,32,3,1,0,,41,48.24,1,0,1,193,21,6,0,0,19.0,0,0,0,0,0.0,0,0,0,0,211,3,0,0,0,0,0,0,0,0,0,2645.0,0.0,0,16,2,15,3,2,100.0,0,23,16,69.57,6,105,2,5,100,51.81,182,661,1032,1693,206.1,18,2,1987,17,7,0
Semih Guler,325155,Kayserispor,3072,turkey,2526,1881,28,19,6.87,0,0,0,0.89,0.6,52,0,0.0,98,93,55.03,274,535,809,87.27,17,35.42,31,0,0,0,93,0,1,2,7,88,28,0,0,0,20260428,8,44,0,3,5,0,0.0,34,35,29,6,0,0,,51,79.69,0,0,0,118,26,3,0,1,18.0,0,0,0,0,0.0,0,0,0,0,131,0,0,0,0,0,0,0,0,0,0,0.0,0.0,0,6,1,4,1,3,100.0,0,40,26,65.0,3,98,3,3,68,60.71,169,364,563,927,192.3,7,2,1176,8,2,0
Baran Mogultay,1388550,Alanyaspor,6362,turkey,2526,101,3,1,6.87,0,0,0,,0.09,2,3,42.86,6,2,66.67,20,16,36,85.71,3,75.0,1,0,0,0,0,0,0,0,0,2,3,0,0,0,20260428,0,3,0,0,1,0,0.0,0,1,1,0,0,0,,1,33.33,0,0,0,6,0,2,0,0,2.0,0,0,0,0,0.0,0,0,0,0,15,0,0,0,0,0,0,0,0,0,0,0.0,0.0,0,0,0,0,0,1,50.0,0,0,0,0.0,2,3,2,7,4,57.14,3,24,18,42,20.6,0,0,64,0,0,0
Ruan Pereira Duarte,1400494,Alanyaspor,6362,turkey,2526,2072,26,24,6.87,1,1,2,2.03,1.57,27,3,8.57,157,28,53.85,291,226,517,83.25,5,25.0,15,0,0,0,77,4,0,7,3,36,26,0,0,16,20260428,19,91,0,1,13,0,2.78,0,32,27,5,1,0,,120,61.22,0,0,3,104,23,17,1,1,3.0,0,0,0,0,0.0,0,0,0,1,266,9,0,0,0,0,0,0,0,0,0,2072.0,0.0,0,25,11,13,16,29,47.54,0,35,27,77.14,17,44,61,35,125,57.87,52,355,266,621,178.5,36,1,1188,56,3,0
Calegari,988906,Eyüpspor,7040,turkey,2526,1375,19,16,6.86,0,1,1,0.36,1.17,13,13,30.23,123,18,40.91,207,196,403,79.96,9,52.94,8,0,0,0,58,2,0,4,3,46,19,0,0,4,20260428,9,45,1,0,15,0,0.0,0,13,13,0,0,0,,70,65.42,0,0,0,101,11,14,0,0,7.0,0,0,0,0,0.0,0,0,0,1,184,3,0,0,0,0,0,0,0,0,0,0.0,0.0,0,4,5,3,2,13,56.52,0,33,19,57.58,14,29,23,43,79,63.71,44,266,238,504,130.4,9,1,872,26,1,0
Botond Balogh,983510,Kocaelispor,3065,turkey,2526,1657,21,18,6.86,0,0,0,0.44,0.57,30,0,0.0,56,65,47.45,193,539,732,84.72,45,56.96,34,0,0,0,58,1,1,1,6,97,21,0,0,5,20260428,7,64,1,0,17,0,0.0,7,23,18,5,0,0,,44,59.46,0,0,0,132,25,7,0,1,24.0,0,0,0,2,0.0,0,0,0,0,151,1,0,0,0,0,0,0,0,0,0,0.0,0.0,1,3,2,4,0,0,0.0,0,26,19,73.08,7,60,2,1,89,58.17,137,288,576,864,144.1,5,3,1106,19,6,0
Ibrahim Olawoyin,1008173,Çaykur Rizespor,3064,turkey,2526,1852,25,22,6.86,1,1,2,1.01,1.38,24,2,10.53,173,31,47.69,312,226,538,81.27,16,43.24,21,0,0,0,115,2,0,8,3,33,25,0,0,28,20260428,8,117,0,0,36,0,4.55,0,27,26,1,0,1,,122,55.96,0,0,0,124,16,17,0,4,7.0,0,1,0,0,0.0,0,0,0,0,263,8,0,0,1,0,0,0,0,0,0,1852.0,0.0,0,10,12,9,5,33,55.93,0,38,20,52.63,16,42,59,19,138,54.12,65,401,261,662,171.5,22,2,1088,51,3,0
Mauro Icardi,233114,Galatasaray,3061,turkey,2526,1232,29,11,6.86,14,0,14,10.53,1.17,7,1,12.5,71,13,50.0,108,61,169,77.88,12,38.71,19,0,0,0,22,3,9,8,2,18,29,0,0,8,20260428,6,41,0,0,7,0,24.14,0,12,12,0,14,0,,9,29.03,0,0,3,48,1,16,2,3,0.0,0,0,1,0,100.0,0,1,0,0,85,6,0,0,12,0,0,0,0,0,0,88.0,0.0,2,47,11,25,25,5,71.43,0,0,0,0.0,16,20,7,8,21,33.87,26,150,67,217,198.9,58,2,359,4,1,0
Halil Akbunar,217782,Eyüpspor,7040,turkey,2526,513,12,6,6.86,2,0,2,2.23,0.65,7,0,0.0,44,9,75.0,61,58,119,82.64,5,38.46,8,0,0,0,20,1,3,1,0,5,12,0,0,4,20260428,8,31,0,0,8,0,20.0,0,10,9,1,2,0,,26,53.06,0,0,0,25,1,4,2,7,1.0,0,0,0,0,0.0,0,0,0,0,55,1,0,0,0,0,0,0,0,0,0,256.5,0.0,0,8,2,6,3,8,72.73,0,13,9,69.23,4,10,11,9,31,50.0,12,76,68,144,82.3,10,1,244,5,1,0
Elayis Tavsan,929631,Samsunspor,3053,turkey,2526,622,12,6,6.86,1,1,2,1.96,1.18,2,6,20.69,47,2,28.57,85,50,135,82.32,7,63.64,4,0,0,0,17,1,3,11,1,3,12,0,0,10,20260428,2,35,0,0,15,0,4.17,0,10,10,0,0,1,,37,54.41,0,0,0,29,3,6,1,0,0.0,0,0,0,0,0.0,0,0,0,0,79,4,0,0,0,0,0,0,0,0,0,622.0,0.0,1,20,4,8,5,12,70.59,0,18,14,77.78,6,5,17,29,44,55.7,7,109,55,164,82.3,24,0,317,8,1,0
Allan,987088,Göztepe,3054,turkey,2526,1718,25,18,6.86,0,2,2,1.07,0.45,16,0,0.0,49,28,31.11,137,155,292,72.1,57,60.64,37,0,0,0,71,0,2,2,10,128,23,0,0,4,20260428,6,66,1,2,17,0,0.0,0,17,14,3,0,0,,63,68.48,0,0,1,113,30,7,0,0,11.0,1,0,0,0,0.0,0,0,0,0,147,1,0,0,0,0,0,0,0,0,0,0.0,0.0,0,8,0,4,2,6,54.55,0,31,25,80.65,7,48,11,2,120,64.52,90,225,180,405,157.7,8,0,731,26,2,0
Jerome Opoku,920514,Başakşehir FK,3086,turkey,2526,2515,29,28,6.86,0,1,1,1.24,0.9,27,1,16.67,113,51,37.5,368,1036,1404,89.54,73,73.74,26,0,0,0,91,1,1,9,10,114,29,0,0,8,20260428,3,88,1,2,49,0,0.0,63,29,23,6,0,0,,63,50.4,0,0,1,164,32,5,0,0,27.0,1,0,0,0,0.0,0,0,0,0,214,2,0,0,0,0,0,0,0,0,0,0.0,0.0,0,15,1,5,2,5,45.45,0,20,14,70.0,5,69,11,6,136,60.71,136,483,1085,1568,198.8,16,1,1932,39,8,0
Jakub Kałuziński,1019026,Başakşehir FK,3086,turkey,2526,536,13,4,6.85,0,1,1,0.38,1.29,11,9,39.13,79,18,47.37,179,163,342,88.83,7,70.0,3,0,0,0,34,0,1,2,0,8,13,0,0,5,20260428,7,25,0,0,11,0,0.0,0,5,4,1,0,0,,20,47.62,0,0,0,43,6,13,0,0,1.0,0,0,0,0,0.0,0,0,0,0,67,2,0,0,0,0,0,0,0,0,0,0.0,0.0,0,2,5,1,4,2,100.0,0,10,5,50.0,13,26,2,23,27,51.92,38,209,176,385,89.1,7,1,476,8,2,0
Jayden Oosterwolde,1048324,Fenerbahçe,3052,turkey,2526,2401,28,27,6.85,0,0,0,1.37,0.68,39,6,42.86,190,47,37.3,583,954,1537,89.15,35,51.47,33,0,0,0,85,0,2,1,9,88,28,0,0,6,20260428,6,87,0,0,37,0,0.0,5,28,25,3,0,0,,74,57.81,0,0,1,187,25,7,0,1,16.0,0,0,0,1,0.0,0,0,0,0,225,2,0,1,0,0,0,0,0,0,0,0.0,0.0,0,8,5,9,3,16,69.57,0,34,24,70.59,7,106,23,14,109,55.61,126,709,1015,1724,191.9,13,2,2055,24,9,1
Bahadır Han Güngördü,807289,Konyaspor,3085,turkey,2526,1890,21,21,6.85,0,0,0,,0.05,44,0,0.0,23,129,37.5,67,366,433,66.31,6,100.0,0,0,0,0,165,0,0,0,5,19,21,1,0,0,20260428,2,3,4,2,1,0,0.0,117,28,25,3,0,0,0.29,7,70.0,0,14,0,220,2,1,0,0,0.0,0,0,0,1,0.0,6,0,2,0,227,0,9,0,0,22,32,16,49,0,14,0.0,0.0,0,0,0,0,0,2,100.0,20,0,0,0.0,1,93,2,0,13,81.25,344,233,420,653,143.9,0,1,830,4,3,0
Deniz Ertaş,1195772,Konyaspor,3085,turkey,2526,900,10,10,6.85,0,1,1,,0.02,18,0,0.0,16,69,38.98,43,145,188,63.3,0,0.0,0,0,0,0,73,1,0,0,2,6,10,1,0,0,20260428,1,1,1,1,0,0,0.0,77,14,11,3,0,0,-0.11,0,0.0,0,3,0,109,0,1,0,0,0.0,0,0,0,0,0.0,0,0,0,0,111,0,0,0,0,3,17,9,27,0,7,0.0,0.0,0,0,0,0,0,0,0.0,3,0,0,0.0,1,27,0,0,0,0.0,177,130,167,297,68.5,0,1,378,0,3,0
Berkan Kutlu,992912,Konyaspor,3085,turkey,2526,1143,20,12,6.85,2,1,3,1.43,0.92,18,8,36.36,112,34,49.28,222,216,438,80.51,8,44.44,10,0,0,0,59,1,1,5,3,22,19,0,0,6,20260428,11,49,0,2,12,0,13.33,0,13,12,1,2,0,,40,50.63,1,0,0,106,17,14,1,0,1.0,0,0,0,0,0.0,0,0,0,0,155,5,0,0,0,0,0,0,0,0,0,571.5,0.0,0,7,8,3,7,9,47.37,0,17,9,52.94,14,49,19,22,48,49.48,69,306,238,544,130.1,15,1,776,14,4,0
Nikola Storm,149796,Antalyaspor,3056,turkey,2526,1558,26,20,6.85,4,1,5,1.61,1.55,12,13,19.7,89,18,54.55,168,106,274,75.07,2,14.29,12,0,0,0,53,3,1,5,2,6,24,0,0,13,20260428,15,73,0,0,15,0,12.12,0,25,25,0,3,1,,49,44.55,0,0,1,91,10,15,1,1,4.0,0,0,0,0,0.0,0,0,0,0,214,7,0,0,3,0,0,0,0,0,0,389.5,0.0,0,19,14,10,18,22,51.16,0,15,8,53.33,15,27,43,66,51,41.13,33,231,134,365,164.3,33,0,647,12,1,0
Yahia Fofana,877977,Çaykur Rizespor,3064,turkey,2526,2160,24,24,6.85,0,1,1,,0.03,82,0,0.0,15,147,37.5,75,421,496,65.87,7,87.5,1,0,0,0,209,0,0,0,6,19,24,0,0,1,20260428,2,4,3,1,0,0,0.0,179,34,30,4,0,0,-0.94,11,78.57,0,15,0,257,1,1,0,0,0.0,0,0,0,0,0.0,5,0,1,0,262,0,10,0,0,17,41,36,77,0,19,0.0,0.0,0,0,0,0,0,2,100.0,16,1,0,0.0,1,146,2,0,18,81.82,392,265,488,753,164.3,0,0,996,8,2,0
Loide Augusto,1110708,Çaykur Rizespor,3064,turkey,2526,1017,18,13,6.84,2,2,4,1.5,1.4,5,10,29.41,120,6,54.55,199,110,309,84.43,16,51.61,15,0,0,0,44,3,0,11,1,13,18,0,0,15,20260428,14,77,0,0,18,0,6.9,0,10,10,0,2,0,,46,42.59,0,0,0,57,2,12,0,1,3.0,0,0,0,0,0.0,0,0,0,0,145,5,0,0,2,0,0,0,0,0,0,508.5,0.0,0,14,15,13,5,25,60.98,0,8,5,62.5,12,10,41,34,62,44.6,11,242,124,366,123.2,29,0,581,15,4,0
Levent Mercan,1085938,Fenerbahçe,3052,turkey,2526,1032,18,11,6.84,0,3,3,0.35,1.71,12,7,17.5,155,29,50.0,284,212,496,85.37,11,55.0,9,0,0,0,52,1,0,6,1,21,18,0,0,4,20260428,8,36,0,0,9,0,0.0,0,15,13,2,0,0,,45,62.5,0,0,1,85,15,20,0,2,4.0,1,0,0,0,0.0,0,0,0,0,155,9,0,0,0,0,0,0,0,0,0,0.0,0.0,0,2,9,4,1,11,57.89,0,24,15,62.5,20,30,19,40,56,60.87,58,343,238,581,123.2,11,1,889,10,1,0
Youssef En-Nesyri,846470,Fenerbahçe,3052,turkey,2526,1008,16,11,6.84,7,0,7,8.79,0.88,1,1,33.33,37,5,83.33,72,43,115,75.16,22,44.0,28,0,0,0,8,2,8,5,1,7,16,0,0,3,20260428,1,46,0,0,9,0,18.92,0,10,7,3,7,0,,11,37.93,0,0,3,38,1,5,5,4,0.0,0,0,0,0,0.0,0,0,0,0,70,2,0,0,2,0,0,0,0,0,0,144.0,0.0,0,33,4,16,16,3,37.5,0,4,2,50.0,5,6,8,3,33,41.77,6,105,48,153,109.5,37,1,253,4,1,0
Cengiz Ünder,758876,Beşiktaş JK,3050,turkey,2526,1063,25,12,6.84,5,3,8,5.66,2.98,3,16,22.54,140,8,32.0,217,92,309,83.06,10,58.82,7,0,0,1,40,7,6,12,0,9,25,0,0,10,20260428,4,40,1,0,9,0,13.16,0,16,11,5,5,0,,36,52.17,1,0,2,63,7,23,2,4,3.0,0,0,2,0,50.0,0,1,0,0,157,6,0,0,2,0,0,0,0,0,0,212.6,0.0,2,28,10,9,17,11,50.0,0,11,7,63.64,23,12,22,71,46,53.49,25,267,105,372,171.0,38,0,617,18,2,0
Edson Álvarez,847151,Fenerbahçe,3052,turkey,2526,767,11,10,6.84,0,1,1,0.71,0.3,12,0,0.0,74,19,54.29,212,247,459,87.93,12,44.44,15,0,0,0,55,1,1,1,0,10,10,0,0,11,20260428,12,64,1,3,22,0,0.0,0,8,6,2,0,0,,48,49.48,0,0,0,63,17,9,0,1,6.0,0,0,0,0,0.0,0,0,0,0,97,2,0,0,0,0,0,0,0,0,0,0.0,0.0,0,7,3,4,5,6,42.86,0,28,16,57.14,9,27,14,2,60,48.39,35,249,273,522,68.4,10,0,672,14,4,0
João Mendes,857376,Kayserispor,3072,turkey,2526,1437,24,15,6.84,0,4,4,1.32,3.6,43,16,30.19,208,44,68.75,324,161,485,81.79,4,44.44,5,0,0,0,79,9,1,9,0,8,23,0,0,12,20260428,9,62,0,1,19,0,0.0,0,21,18,3,0,0,,64,52.89,0,0,0,108,6,36,0,3,1.0,0,0,0,0,0.0,0,0,0,0,210,7,0,1,0,0,0,0,0,0,0,0.0,0.0,3,7,14,9,3,17,47.22,0,18,9,50.0,36,80,36,53,68,52.31,64,410,183,593,157.3,21,2,862,30,2,1
Davie Selke,187437,Başakşehir FK,3086,turkey,2526,1083,21,14,6.84,9,0,9,6.94,0.62,3,1,16.67,38,0,0.0,73,27,100,64.1,44,55.7,35,0,0,0,6,3,8,4,0,11,21,0,0,6,20260428,4,70,0,0,23,0,31.03,0,11,9,2,9,0,,23,39.66,3,0,0,56,2,7,2,3,2.0,0,0,2,0,100.0,0,2,0,1,88,2,0,1,4,0,0,0,0,0,0,120.33,0.0,0,29,0,10,15,2,50.0,0,2,1,50.0,7,4,4,6,67,48.91,0,121,35,156,143.6,29,1,278,20,3,1
Anthony Musaba,979473,Fenerbahçe,3052,turkey,2526,1802,29,21,6.84,5,4,9,6.58,3.44,6,14,20.9,132,5,26.32,209,121,330,72.53,8,29.63,19,0,0,0,70,12,9,14,0,8,29,0,0,32,20260428,9,140,0,0,17,0,10.2,0,21,21,0,5,0,,87,41.83,0,0,2,125,1,24,1,3,1.0,0,1,0,0,0.0,0,0,0,0,334,14,0,0,3,0,0,0,0,0,0,360.4,0.0,0,35,14,22,13,45,40.54,0,18,12,66.67,23,16,111,67,95,40.43,19,310,145,455,198.3,49,2,903,24,3,0
Novatus Miroshi,1103597,Göztepe,3054,turkey,2526,1985,29,21,6.83,2,2,4,3.16,1.59,29,8,47.06,151,43,51.81,325,207,532,77.55,39,60.0,26,0,0,0,107,3,2,7,6,62,29,0,0,7,20260428,17,99,0,1,52,0,8.0,0,23,20,3,2,0,,61,45.52,0,0,0,154,40,10,2,0,11.0,0,0,1,1,100.0,0,1,0,0,210,13,0,0,0,0,0,0,0,0,0,992.5,0.0,1,17,8,13,5,3,42.86,0,49,29,59.18,10,53,7,17,100,50.25,83,439,247,686,198.2,25,1,1030,11,8,0
Filip Mladenovic,126680,Fatih Karagümrük,4954,turkey,2526,759,9,9,6.83,1,0,1,0.35,0.76,19,8,19.51,62,17,38.64,122,139,261,79.09,2,28.57,5,0,0,0,33,1,0,0,2,14,9,0,0,6,20260428,9,27,0,0,5,0,20.0,0,10,7,3,1,0,,22,50.0,0,0,0,69,14,6,1,0,2.0,0,0,0,0,0.0,0,0,0,0,134,1,0,0,0,0,0,0,0,0,0,759.0,0.0,1,1,4,4,1,3,60.0,0,5,4,80.0,6,44,5,41,24,47.06,44,167,163,330,61.5,5,1,542,14,2,0
Kamil Corekci,124728,Kasımpaşa,6063,turkey,2526,500,6,6,6.83,0,0,0,,0.35,8,0,0.0,28,9,36.0,61,88,149,81.87,1,25.0,3,0,0,0,21,0,0,0,1,14,6,0,0,0,20260428,5,13,0,0,5,0,0.0,0,6,5,1,0,0,,26,72.22,0,0,0,33,5,0,0,0,2.0,0,0,0,0,0.0,0,0,0,0,56,1,0,0,0,0,0,0,0,0,0,0.0,0.0,0,0,0,0,0,3,100.0,0,17,12,70.59,0,18,3,5,27,67.5,25,85,97,182,41.0,0,0,298,6,3,0
Habib Keita,1082953,Kocaelispor,3065,turkey,2526,1883,25,22,6.83,1,2,3,0.64,1.75,21,1,11.11,159,34,60.71,336,340,676,84.71,23,62.16,14,0,0,0,104,2,0,4,3,16,25,0,0,12,20260428,21,85,0,3,31,0,4.76,0,18,15,3,0,1,,74,51.03,0,0,2,122,15,13,1,0,3.0,0,0,0,0,0.0,0,0,0,0,193,4,0,0,0,0,0,0,0,0,0,1883.0,0.0,0,3,18,15,2,7,36.84,0,37,22,59.46,13,36,19,9,97,53.3,56,420,378,798,170.8,21,1,1058,32,3,0
Svit Sešlar,946291,Eyüpspor,7040,turkey,2526,564,10,6,6.83,1,1,2,0.91,0.55,7,1,12.5,52,5,45.45,84,70,154,83.7,5,45.45,6,0,0,0,31,2,0,2,1,5,10,0,0,13,20260428,4,32,0,1,4,0,12.5,0,6,6,0,1,0,,21,44.68,1,0,0,30,5,8,0,1,2.0,0,0,0,0,0.0,0,0,0,0,63,5,0,0,0,0,0,0,0,0,0,564.0,0.0,0,6,2,3,3,4,44.44,0,8,4,50.0,8,11,9,8,26,44.83,11,103,81,184,68.3,8,0,280,9,1,0
Bahadır Öztürk,790783,Antalyaspor,3056,turkey,2526,345,8,4,6.83,0,0,0,0.47,0.01,8,0,0.0,3,12,63.16,37,89,126,85.14,20,74.07,7,0,0,0,11,0,1,0,1,29,7,0,0,1,20260428,0,12,0,1,3,0,0.0,4,6,6,0,0,0,,12,70.59,0,0,0,22,3,0,0,0,0.0,0,0,0,0,0.0,0,0,0,0,28,0,0,0,0,0,0,0,0,0,0,0.0,0.0,0,1,0,0,1,0,0.0,0,4,2,50.0,0,11,1,0,32,72.73,19,52,96,148,47.8,1,0,212,9,1,0
Luis Pérez,843180,Gaziantep FK,5138,turkey,2526,1665,24,20,6.83,0,1,1,0.13,2.71,15,12,21.43,121,35,51.47,236,285,521,79.91,21,47.73,23,0,0,0,60,4,0,2,3,64,24,0,0,8,20260428,13,62,1,1,13,0,0.0,0,27,22,5,0,0,,58,59.79,0,0,0,131,21,17,0,3,13.0,0,0,0,0,0.0,0,0,0,0,217,3,0,0,0,0,0,0,0,0,0,0.0,0.0,0,1,5,3,1,5,50.0,0,40,26,65.0,17,37,10,56,79,56.03,68,320,332,652,163.8,6,2,1048,14,2,0
Okan Kocuk,190179,Samsunspor,3053,turkey,2526,2520,28,28,6.83,0,0,0,,0.02,41,0,0.0,10,119,37.54,73,450,523,72.34,4,100.0,0,0,0,0,203,0,0,0,8,14,28,1,0,0,20260428,1,1,1,2,0,0,0.0,205,35,34,1,0,0,-6.59,5,83.33,0,12,0,200,0,1,0,0,0.0,0,0,0,0,0.0,5,0,0,0,208,0,7,0,0,8,29,31,61,0,10,0.0,0.0,0,0,0,0,0,0,0.0,8,2,1,50.0,1,84,0,0,9,90.0,317,216,507,723,191.1,0,1,954,4,3,0
Kartal Kayra Yılmaz,966811,Beşiktaş JK,3050,turkey,2526,545,13,5,6.82,0,1,1,0.25,0.91,12,4,21.05,102,13,41.94,222,166,388,87.98,7,53.85,6,0,0,0,36,1,0,2,0,8,13,0,0,0,20260428,8,28,0,1,11,0,0.0,0,7,5,2,0,0,,26,54.17,0,0,0,53,6,5,0,0,0.0,0,0,0,0,0.0,0,0,0,0,78,4,0,0,0,0,0,0,0,0,0,0.0,0.0,0,0,7,4,1,5,55.56,0,14,8,57.14,5,23,9,19,33,54.1,31,262,179,441,88.7,7,0,533,7,2,0
Modibo Sagnan,904759,Çaykur Rizespor,3064,turkey,2526,1372,18,16,6.82,1,0,1,0.52,0.41,30,0,0.0,51,30,40.54,135,435,570,87.56,26,52.0,24,0,0,0,66,1,2,0,4,75,18,0,0,2,20260428,6,65,0,0,31,0,16.67,18,17,15,2,1,0,,47,53.41,1,0,0,81,20,3,0,2,11.0,0,0,0,0,0.0,0,0,0,0,97,0,0,0,0,0,0,0,0,0,0,1372.0,0.0,0,4,2,4,2,5,62.5,0,35,23,65.71,3,56,8,0,73,52.9,74,186,465,651,122.8,6,1,877,7,6,0
Zafer Görgen,930907,Gaziantep FK,5138,turkey,2526,1710,19,19,6.82,0,0,0,,0.04,22,0,0.0,21,76,29.57,50,350,400,67.34,2,100.0,0,0,0,0,179,0,0,0,3,17,19,2,0,0,20260428,2,2,2,1,0,0,0.0,82,32,31,1,0,0,-1.57,6,75.0,0,13,0,194,0,0,0,0,0.0,0,0,0,0,0.0,1,0,0,0,200,0,0,0,0,10,44,24,69,1,19,0.0,0.0,0,0,0,0,0,0,0.0,10,0,0,0.0,0,45,0,0,8,80.0,257,196,398,594,129.5,0,1,812,7,3,0
Jim Allevinah,988632,Kasımpaşa,6063,turkey,2526,266,7,3,6.81,1,0,1,0.79,0.28,2,2,33.33,10,0,0.0,20,17,37,74.0,2,40.0,3,0,0,0,13,1,0,1,0,0,7,0,0,2,20260428,7,18,0,0,4,0,16.67,0,8,7,1,1,0,,24,61.54,0,0,0,13,1,4,0,0,1.0,0,0,0,0,0.0,0,0,0,0,32,2,0,0,1,0,0,0,0,0,0,266.0,0.0,0,3,3,4,1,6,75.0,0,10,6,60.0,4,3,8,6,26,59.09,1,29,21,50,47.7,6,0,114,8,2,0
Luccas Claro,998209,Eyüpspor,7040,turkey,2526,1147,14,13,6.81,0,0,0,0.5,0.07,15,0,0.0,18,24,40.0,101,357,458,86.25,45,65.22,24,0,0,0,42,0,0,2,4,76,14,0,0,1,20260428,1,33,0,1,10,0,0.0,33,18,18,0,0,0,,23,71.88,0,0,0,73,13,1,0,0,14.0,0,0,0,2,0.0,0,0,0,0,85,0,0,0,0,0,0,0,0,0,0,0.0,0.0,0,6,1,5,0,1,50.0,0,10,7,70.0,1,28,2,0,68,67.33,60,145,386,531,95.4,7,1,703,14,2,0
Emre Kilinc,202032,Samsunspor,3053,turkey,2526,1195,16,14,6.81,1,5,6,2.08,2.47,16,6,13.33,178,13,56.52,271,81,352,78.75,11,42.31,15,0,0,0,65,4,2,9,1,6,16,0,0,11,20260428,19,79,0,0,21,0,4.55,0,17,16,1,1,0,,55,46.22,0,0,0,95,3,24,1,0,4.0,0,0,0,0,0.0,0,0,0,0,194,5,0,0,0,0,0,0,0,0,0,1195.0,0.0,1,14,8,7,6,8,36.36,0,28,15,53.57,24,27,22,45,66,45.52,23,344,103,447,109.0,22,1,672,19,6,0
Ibrahim Kaya,996405,Alanyaspor,6362,turkey,2526,1052,27,10,6.81,5,1,6,2.62,0.97,10,12,21.82,60,11,61.11,124,54,178,79.46,8,40.0,12,0,0,0,30,2,1,9,1,4,25,0,0,16,20260428,6,61,0,0,8,0,16.67,0,16,12,4,5,0,,49,50.0,0,0,0,46,5,17,1,4,1.0,0,0,1,0,100.0,0,1,0,0,157,4,0,0,4,0,0,0,0,0,0,210.4,0.0,2,18,12,9,12,12,37.5,0,7,6,85.71,17,16,32,55,57,48.31,18,160,64,224,170.3,30,1,483,30,2,0
Adem Arous,2018238,Kasımpaşa,6063,turkey,2526,1402,18,16,6.81,1,0,1,0.3,0.09,28,0,0.0,36,42,34.71,116,388,504,78.38,34,61.82,21,0,0,0,37,1,0,0,6,98,17,0,0,2,20260428,1,35,0,0,12,0,33.33,10,22,20,2,1,0,,40,74.07,1,0,0,139,20,2,0,0,7.0,0,0,0,0,0.0,0,0,0,1,156,0,0,0,0,0,0,0,0,0,0,1402.0,0.0,0,3,0,2,1,3,100.0,0,27,17,62.96,2,79,3,4,74,67.89,121,215,428,643,115.8,3,1,864,10,1,0
Tammy Abraham,610766,Beşiktaş JK,3050,turkey,2526,1258,18,15,6.81,7,1,8,8.2,1.79,3,0,0.0,63,4,36.36,98,55,153,73.91,24,50.0,24,0,0,1,17,1,10,6,3,13,18,0,0,12,20260428,6,71,0,0,25,0,21.88,0,16,14,2,6,1,,19,28.79,1,0,1,54,6,14,0,9,5.0,0,0,2,0,50.0,0,1,0,1,125,3,0,0,6,0,0,0,0,0,0,179.71,0.0,0,30,2,10,16,3,21.43,0,5,2,40.0,14,5,14,4,43,37.72,11,142,65,207,122.6,32,1,389,12,3,0
El Bilal Touré,982615,Beşiktaş JK,3050,turkey,2526,1447,19,17,6.81,5,4,9,6.75,1.69,3,2,22.22,156,6,46.15,243,84,327,76.22,59,57.28,44,0,0,0,40,1,10,8,2,12,19,0,1,20,20260428,7,113,0,0,26,0,12.82,0,21,16,5,5,0,,58,45.67,2,0,2,102,4,27,0,10,1.0,0,0,0,0,0.0,0,0,0,1,215,5,0,1,2,0,0,0,0,0,0,289.4,0.0,0,36,3,11,20,23,52.27,0,17,8,47.06,27,9,44,9,117,50.87,13,320,109,429,129.4,39,1,699,19,4,0
Uğurcan Yazğılı,904303,Konyaspor,3085,turkey,2526,1904,24,22,6.81,0,1,1,1.23,0.67,50,2,25.0,112,86,57.72,336,602,938,86.21,43,48.86,45,0,0,0,91,1,2,1,4,101,24,0,0,3,20260428,15,87,1,2,26,0,0.0,5,25,21,4,0,0,,64,60.38,0,0,0,150,36,7,0,0,12.0,0,0,0,2,0.0,0,0,0,0,176,0,0,0,0,0,0,0,0,0,0,0.0,0.0,0,12,3,12,2,2,66.67,0,42,29,69.05,7,95,3,8,107,55.15,149,446,642,1088,163.4,15,0,1423,21,9,0
German Onugkha,928418,Kayserispor,3072,turkey,2526,1845,26,20,6.81,8,1,9,8.91,0.92,3,0,0.0,68,6,85.71,105,57,162,62.79,76,51.7,71,0,0,0,27,1,12,13,4,26,26,0,0,25,20260428,7,144,0,0,38,0,14.81,0,31,26,5,7,1,,47,39.17,2,0,3,96,1,11,4,10,1.0,0,0,0,0,0.0,0,0,0,0,191,7,0,0,2,0,0,0,0,0,0,230.63,0.0,0,44,10,20,21,8,44.44,0,7,6,85.71,11,8,18,3,123,46.07,7,191,67,258,177.0,54,3,531,34,3,0
Yhoan Andzouana,605548,Konyaspor,3085,turkey,2526,2351,28,26,6.81,1,4,5,1.1,3.38,44,19,21.35,238,31,46.27,430,366,796,83.53,10,52.63,9,0,0,0,136,9,1,10,5,42,28,0,0,18,20260428,18,87,1,0,22,0,3.7,0,38,32,6,1,0,,88,53.01,0,0,2,157,17,28,0,1,5.0,0,0,0,0,0.0,0,0,0,0,344,5,0,0,1,0,0,0,0,0,0,2351.0,0.0,0,14,13,10,7,38,65.52,0,35,20,57.14,28,67,58,89,98,52.97,67,538,415,953,190.6,27,1,1591,15,3,0
Héliton,922725,Göztepe,3054,turkey,2526,2610,29,29,6.81,0,1,1,2.72,0.28,34,0,0.0,50,58,48.33,174,276,450,75.5,109,66.46,55,0,0,0,56,1,3,5,15,173,29,0,0,3,20260428,4,88,0,2,26,0,0.0,0,26,21,5,0,0,,38,53.52,0,0,2,146,23,4,0,4,21.0,0,0,0,0,0.0,0,0,0,0,170,0,0,0,0,0,0,0,0,0,0,0.0,0.0,0,38,0,25,8,3,60.0,0,28,16,57.14,4,60,5,0,147,62.55,120,292,304,596,197.4,38,1,951,7,8,0
Kaan Ayhan,138152,Galatasaray,3061,turkey,2526,324,17,1,6.81,0,0,0,0.28,0.09,8,1,20.0,32,16,66.67,91,108,199,93.43,7,63.64,4,0,0,0,13,1,0,0,0,4,16,0,0,0,20260428,1,9,0,0,4,0,0.0,0,2,2,0,0,0,,14,73.68,0,0,0,14,4,1,0,0,2.0,0,0,0,0,0.0,0,0,0,0,21,0,0,0,0,0,0,0,0,0,0,0.0,0.0,0,4,0,4,0,1,100.0,0,9,6,66.67,1,13,1,5,21,70.0,24,104,109,213,108.9,4,0,257,4,1,0
Miguel Crespo,972410,Başakşehir FK,3086,turkey,2526,967,17,10,6.81,0,5,5,2.45,1.65,12,4,30.77,103,15,71.43,169,114,283,82.99,10,47.62,11,0,0,0,45,4,4,4,1,9,17,0,0,11,20260428,9,54,0,0,18,0,0.0,0,11,9,2,0,0,,54,55.67,0,0,1,58,7,20,0,2,3.0,0,0,0,0,0.0,0,0,0,0,107,8,0,0,0,0,0,0,0,0,0,0.0,0.0,0,10,2,5,3,18,75.0,0,14,8,57.14,20,21,24,13,64,54.24,21,216,125,341,115.7,12,0,519,22,3,0
Veysel Sarı,98276,Antalyaspor,3056,turkey,2526,1850,21,21,6.8,1,1,2,0.77,0.5,22,0,0.0,72,50,30.3,198,419,617,77.51,46,65.71,24,0,0,0,54,0,1,1,5,113,21,0,0,2,20260428,12,61,0,1,22,0,11.11,1,28,27,1,1,0,,64,63.37,1,0,0,179,22,4,0,2,11.0,1,0,0,0,0.0,0,0,0,0,202,1,0,0,0,0,0,0,0,0,0,1850.0,0.0,0,9,0,5,3,0,0.0,0,36,28,77.78,4,79,2,1,110,64.33,165,333,463,796,142.9,9,1,1075,28,4,0
Emre Akbaba,343527,Eyüpspor,7040,turkey,2526,991,21,10,6.8,3,0,3,3.14,1.9,10,11,32.35,96,17,60.71,163,133,296,81.54,7,31.82,15,0,0,0,41,2,3,6,0,6,21,0,0,14,20260428,12,57,0,0,14,0,12.0,0,17,16,1,3,0,,65,60.75,1,0,0,67,8,22,2,6,2.0,0,0,1,1,100.0,0,1,0,0,133,9,0,0,0,0,0,0,0,0,0,330.33,0.0,2,11,14,10,9,11,68.75,0,32,21,65.63,22,22,16,34,72,55.81,28,217,146,363,142.8,25,1,590,22,3,0
Jota Silva,1011895,Beşiktaş JK,3050,turkey,2526,441,15,4,6.8,3,0,3,2.02,1.31,2,6,66.67,45,3,75.0,62,35,97,72.93,12,41.38,17,0,0,0,21,2,3,6,0,5,13,0,0,11,20260428,4,49,0,0,11,0,12.5,0,7,5,2,3,0,,20,38.46,0,0,1,36,5,13,1,4,0.0,0,0,0,0,0.0,0,0,0,0,70,3,0,0,2,0,0,0,0,0,0,147.0,0.0,0,19,5,10,8,3,33.33,0,7,1,14.29,13,4,9,9,32,39.51,4,90,43,133,88.4,24,0,249,11,1,0
Umut Güneş,876782,Başakşehir FK,3086,turkey,2526,1957,27,24,6.8,1,0,1,0.88,0.64,32,3,27.27,185,63,77.78,437,500,937,90.01,16,53.33,14,0,0,0,69,0,0,1,2,21,27,0,0,16,20260428,19,90,0,1,42,0,10.0,0,18,15,3,1,0,,58,43.28,0,0,0,104,21,4,0,0,4.0,0,0,0,1,0.0,0,0,0,0,160,9,0,0,1,0,0,0,0,0,0,1957.0,0.0,0,3,7,7,2,5,50.0,0,29,19,65.52,4,57,10,11,74,45.12,81,500,541,1041,183.6,10,1,1280,24,3,0
Massadio Haidara,143344,Kocaelispor,3065,turkey,2526,1547,20,18,6.8,0,1,1,0.65,1.72,13,18,28.13,137,18,40.91,264,201,465,81.72,16,64.0,9,0,0,0,52,3,2,0,4,43,20,0,0,6,20260428,3,56,0,1,26,0,0.0,0,14,12,2,0,0,,60,56.07,0,0,1,104,21,16,0,3,6.0,0,0,0,0,0.0,0,0,0,0,216,3,0,0,0,0,0,0,0,0,0,0.0,0.0,0,7,3,7,3,9,42.86,0,24,12,50.0,16,28,21,64,76,57.58,44,337,232,569,136.0,10,0,1043,30,5,0
Ege Yildirim,1533919,Göztepe,3054,turkey,2526,8,1,0,6.8,0,0,0,,0.0,0,0,0.0,0,0,0.0,0,1,1,100.0,1,100.0,0,0,0,0,2,0,0,0,0,2,1,0,0,0,20260428,0,1,0,0,0,0,0.0,0,0,0,0,0,0,,0,0.0,0,0,0,0,0,0,0,0,1.0,0,0,0,0,0.0,0,0,0,0,1,0,0,0,0,0,0,0,0,0,0,0.0,0.0,0,0,0,0,0,0,0.0,0,0,0,0.0,0,0,1,0,1,50.0,0,0,1,1,6.8,0,0,7,0,0,0
Sofyan Amrabat,359272,Fenerbahçe,3052,turkey,2526,102,2,1,6.8,0,0,0,,0.05,3,0,0.0,12,4,80.0,32,22,54,91.53,4,50.0,4,0,0,0,3,0,0,0,1,3,2,0,0,1,20260428,1,11,0,0,2,0,0.0,0,0,0,0,0,0,,5,41.67,0,0,0,5,2,2,0,0,1.0,0,0,0,0,0.0,0,0,0,0,12,1,0,0,0,0,0,0,0,0,0,0.0,0.0,0,0,0,0,0,0,0.0,0,1,0,0.0,2,5,3,2,9,45.0,5,35,24,59,13.6,0,0,79,4,0,0
Hamza Güreler,1562294,Başakşehir FK,3086,turkey,2526,147,5,1,6.8,0,0,0,,0.01,3,0,0.0,5,7,43.75,21,54,75,87.21,1,25.0,3,0,0,0,3,0,0,0,1,6,5,0,0,0,20260428,0,3,0,0,0,0,0.0,0,1,1,0,0,0,,4,100.0,0,0,0,11,3,0,0,0,1.0,0,0,0,0,0.0,0,0,0,0,12,0,0,0,0,0,0,0,0,0,0,0.0,0.0,0,0,0,0,0,0,0.0,0,2,1,50.0,0,7,0,0,5,62.5,16,29,57,86,34.0,0,0,107,2,0,0
Yasir Subaşı,796555,Konyaspor,3085,turkey,2526,347,9,3,6.8,0,0,0,,0.05,4,0,0.0,15,8,44.44,74,146,220,90.53,7,43.75,9,0,0,0,16,0,0,0,1,18,8,0,0,0,20260428,0,13,0,0,4,0,0.0,12,2,2,0,0,0,,8,66.67,0,0,0,23,4,1,0,0,1.0,0,0,0,0,0.0,0,0,0,0,34,0,0,0,0,0,0,0,0,0,0,0.0,0.0,0,0,0,0,0,1,100.0,0,6,3,50.0,1,11,1,4,15,53.57,18,92,151,243,54.4,0,0,293,1,0,0
Paulo Victor,34142,Alanyaspor,6362,turkey,2526,990,11,11,6.8,0,0,0,,0.01,22,0,0.0,4,53,34.19,28,174,202,65.16,2,100.0,0,0,0,0,102,0,0,0,2,9,11,0,0,0,20260428,1,1,1,0,0,0,0.0,61,16,12,4,0,0,-1.33,5,83.33,0,9,0,108,0,0,0,0,0.0,0,0,0,0,0.0,3,0,1,0,108,0,6,0,0,4,18,6,24,0,3,0.0,0.0,0,0,0,0,0,0,0.0,4,0,0,0.0,0,36,0,0,7,87.5,155,109,201,310,74.8,0,0,411,4,3,0
David Jurásek,1030711,Beşiktaş JK,3050,turkey,2526,637,10,7,6.8,0,0,0,0.2,2.09,9,8,21.05,47,7,25.93,96,118,214,81.37,3,75.0,1,0,0,0,31,4,1,0,2,14,9,0,0,3,20260428,4,10,0,1,1,0,0.0,0,10,9,1,0,0,,23,71.88,0,0,0,49,6,8,0,4,1.0,1,0,0,0,0.0,0,0,0,0,99,1,0,0,0,0,0,0,0,0,0,0.0,0.0,0,1,0,1,0,7,87.5,0,13,8,61.54,8,17,8,38,26,72.22,27,123,140,263,61.2,1,1,431,3,0,0
Enver Kulašin,1124590,Gaziantep FK,5138,turkey,2526,132,5,1,6.8,0,0,0,0.04,0.24,1,0,0.0,10,2,50.0,17,16,33,80.49,0,0.0,1,0,0,0,9,0,0,0,0,1,4,0,0,1,20260428,2,8,0,0,2,0,0.0,0,3,3,0,0,0,,9,56.25,0,0,0,8,0,2,0,0,0.0,0,0,0,0,0.0,0,0,0,0,20,0,0,0,0,0,0,0,0,0,0,0.0,0.0,0,1,1,1,1,0,0.0,0,5,3,60.0,2,2,2,1,9,52.94,4,21,20,41,27.2,2,0,73,4,1,0
Bruno Viana,804703,Alanyaspor,6362,turkey,2526,217,4,2,6.8,0,0,0,0.03,0.02,5,0,0.0,10,6,66.67,31,81,112,84.21,9,64.29,5,0,0,0,9,0,0,0,0,10,4,0,0,0,20260428,1,9,0,1,3,0,0.0,6,3,3,0,0,0,,6,60.0,0,0,0,21,1,0,0,0,3.0,0,0,0,0,0.0,0,0,0,0,22,0,0,0,0,0,0,0,0,0,0,0.0,0.0,0,1,0,1,0,0,0.0,0,5,3,60.0,0,11,0,1,15,62.5,9,43,90,133,27.2,1,0,161,1,1,0
Logi Tomasson,858266,Samsunspor,3053,turkey,2526,2085,27,24,6.8,1,4,5,0.81,3.01,19,19,22.62,203,52,55.32,358,326,684,82.21,18,58.06,13,0,0,0,95,7,1,2,5,60,27,0,0,11,20260428,12,91,0,0,38,0,5.88,0,28,28,0,1,0,,58,42.65,0,0,2,148,19,30,1,2,9.0,0,0,0,1,0.0,0,0,0,0,301,15,0,0,0,0,0,0,0,0,0,2085.0,0.0,0,12,5,10,5,18,46.15,0,37,22,59.46,30,40,39,84,76,45.51,94,450,382,832,183.5,17,1,1413,3,5,0
Kevin Rodrigues,234232,Gaziantep FK,5138,turkey,2526,2043,25,23,6.79,2,2,4,0.67,1.39,36,9,24.32,186,67,57.26,442,519,961,85.35,15,55.56,12,0,0,0,104,3,0,7,4,46,25,0,1,11,20260428,55,116,2,3,28,0,8.0,0,37,34,3,0,2,,108,50.94,0,0,2,165,42,25,2,0,4.0,1,0,0,1,0.0,0,0,0,0,267,2,0,1,0,0,0,0,0,0,0,1021.5,0.0,1,5,20,11,7,12,48.0,0,68,42,61.76,25,69,25,37,123,51.46,117,543,583,1126,169.8,25,1,1623,28,7,0
Valentin Mihăilă,925242,Çaykur Rizespor,3064,turkey,2526,1200,20,13,6.79,5,3,8,2.28,1.47,24,6,33.33,99,21,65.63,177,88,265,74.65,9,36.0,16,0,0,0,44,4,2,7,0,9,20,0,0,15,20260428,11,83,0,0,15,0,14.71,0,19,17,2,2,3,,45,40.18,0,0,2,90,3,15,0,6,1.0,0,0,0,0,0.0,0,0,0,0,193,4,0,0,5,0,0,0,0,0,0,240.0,0.0,5,11,23,14,13,17,37.78,0,7,3,42.86,15,33,45,18,54,39.42,32,246,109,355,135.8,34,0,602,21,4,0
Taha Altıkardeş,1101279,Göztepe,3054,turkey,2526,1294,25,14,6.79,1,0,1,0.48,0.39,20,5,33.33,41,34,33.66,101,119,220,65.09,29,55.77,23,0,0,0,50,1,1,3,6,78,20,0,0,2,20260428,0,41,0,0,18,0,9.09,0,12,10,2,1,0,,19,51.35,1,0,0,118,24,3,0,0,14.0,0,0,0,0,0.0,0,0,0,0,146,3,0,0,0,0,0,0,0,0,0,1294.0,0.0,0,7,4,5,3,0,0.0,0,17,11,64.71,3,60,0,15,48,53.93,101,202,136,338,135.8,11,0,559,3,0,0
Ismail Jakobs,897291,Galatasaray,3061,turkey,2526,1141,22,13,6.79,0,1,1,0.34,1.28,4,13,28.26,104,18,37.5,222,206,428,82.31,18,58.06,13,0,0,0,52,2,0,3,2,51,22,0,0,3,20260428,6,39,0,0,11,0,0.0,2,8,8,0,0,0,,41,61.19,0,0,0,92,9,12,0,0,1.0,0,0,0,0,0.0,0,0,0,0,178,1,0,0,0,0,0,0,0,0,0,0.0,0.0,0,2,4,3,0,9,56.25,0,24,11,45.83,12,17,16,46,59,60.2,48,283,237,520,149.3,6,0,827,9,1,0
Metehan Altunbaş,957798,Eyüpspor,7040,turkey,2526,807,15,9,6.79,5,0,5,3.51,0.21,1,0,0.0,44,1,50.0,78,38,116,77.33,13,40.63,19,0,0,0,28,2,2,1,0,5,14,0,0,6,20260428,7,61,0,0,23,0,27.78,0,11,10,1,5,0,,40,48.78,0,0,1,34,9,5,0,7,0.0,0,0,1,0,100.0,0,1,0,0,71,5,0,0,5,0,0,0,0,0,0,161.4,0.0,0,16,2,10,7,4,36.36,0,17,16,94.12,5,3,11,2,53,46.49,2,103,47,150,95.0,18,0,289,20,4,0
Zeki Yavru,140735,Samsunspor,3053,turkey,2526,1947,25,24,6.78,0,1,1,0.34,2.8,48,30,20.0,190,54,42.86,390,355,745,81.69,14,50.0,14,0,0,0,76,2,0,4,5,50,25,0,0,5,20260428,25,65,1,0,18,0,0.0,0,21,20,1,0,0,,59,53.64,0,0,1,167,22,29,0,1,5.0,0,0,0,0,0.0,0,0,0,0,317,6,0,0,0,0,0,0,0,0,0,0.0,0.0,5,1,10,4,3,9,69.23,0,37,20,54.05,29,89,13,150,73,52.9,126,514,398,912,169.6,11,0,1460,14,3,0
Rhaldney,992024,Göztepe,3054,turkey,2526,1098,18,12,6.78,1,1,2,1.22,0.86,11,11,47.83,125,16,51.61,237,95,332,85.79,12,34.29,23,0,0,0,82,0,1,4,4,12,18,0,0,10,20260428,4,71,0,0,30,0,6.67,0,4,3,1,1,0,,52,52.0,0,0,0,55,15,17,0,1,1.0,0,0,0,0,0.0,0,0,0,0,112,3,0,1,1,0,0,0,0,0,0,1098.0,0.0,0,8,7,6,5,5,33.33,0,33,21,63.64,17,20,15,23,64,47.41,31,279,108,387,122.1,15,0,590,15,1,1
Talha Ülvan,1084164,Eyüpspor,7040,turkey,2526,1075,17,12,6.78,1,0,1,0.49,0.78,17,13,33.33,55,27,45.76,116,203,319,78.77,20,62.5,12,0,0,0,46,0,0,4,1,40,17,0,0,8,20260428,15,57,0,0,14,0,7.14,0,22,20,2,1,0,,45,50.0,0,0,0,86,16,5,0,0,8.0,0,0,0,0,0.0,0,0,0,0,162,2,0,0,1,0,0,0,0,0,0,1075.0,0.0,2,4,10,6,4,8,47.06,0,29,22,75.86,5,39,17,39,65,53.28,59,172,233,405,115.3,14,2,737,9,2,0
Anthony Dennis,1484438,Göztepe,3054,turkey,2526,2243,28,26,6.78,3,0,3,1.08,0.77,16,4,33.33,142,30,44.78,348,234,582,77.39,36,54.55,30,0,0,0,216,2,0,6,7,26,28,0,0,39,20260428,12,155,1,1,60,0,13.64,0,20,16,4,2,1,,105,45.65,0,0,0,170,32,12,1,0,9.0,0,0,0,1,0.0,0,0,0,1,286,18,0,0,2,0,0,0,0,0,0,747.67,0.0,0,8,14,10,6,24,58.54,0,52,31,59.62,12,26,41,12,141,47.64,67,466,286,752,189.9,22,0,1150,30,8,0
Georgi Dzhikiya,295495,Antalyaspor,3056,turkey,2526,1154,15,13,6.78,2,0,2,0.28,0.12,34,0,0.0,40,47,46.53,103,340,443,84.7,15,51.72,14,0,0,0,26,0,0,2,3,67,15,0,0,1,20260428,4,24,0,0,5,0,28.57,17,23,20,3,2,0,,16,61.54,1,0,0,80,5,0,1,0,10.0,0,0,0,0,0.0,0,0,0,0,88,0,0,0,0,0,0,0,0,0,0,577.0,0.0,0,5,2,2,3,1,100.0,0,8,7,87.5,0,61,1,4,31,56.36,101,156,367,523,101.7,7,2,658,7,3,0
Jonas Svensson,98199,Beşiktaş JK,3050,turkey,2526,353,5,4,6.78,0,0,0,0.06,0.16,0,2,50.0,34,5,55.56,73,59,132,82.5,9,90.0,1,0,0,0,11,0,0,0,0,9,5,0,0,0,20260428,3,15,0,0,11,0,0.0,0,5,5,0,0,0,,20,58.82,0,0,0,28,9,1,0,0,1.0,0,0,0,0,0.0,0,0,0,0,32,0,0,0,0,0,0,0,0,0,0,0.0,0.0,0,1,0,1,0,0,0.0,0,13,8,61.54,1,3,0,4,29,65.91,9,94,66,160,33.9,1,0,246,8,1,0
Youssef Aït Bennasser,802850,Kayserispor,3072,turkey,2526,1386,20,18,6.78,0,0,0,0.11,0.53,37,1,25.0,82,53,57.61,227,355,582,87.78,10,41.67,14,0,0,0,65,1,0,0,3,58,19,0,0,6,20260428,15,57,0,0,22,0,0.0,3,25,20,5,0,0,,30,41.1,0,0,0,81,13,9,0,2,18.0,1,0,0,1,0.0,0,0,0,0,101,0,0,0,0,0,0,0,0,0,0,0.0,0.0,0,1,5,6,0,3,60.0,0,23,13,56.52,9,58,5,4,40,41.24,92,285,378,663,128.8,6,1,844,4,7,0
Rıdvan Yılmaz,910086,Beşiktaş JK,3050,turkey,2526,1985,23,22,6.78,0,0,0,0.83,1.6,38,9,13.24,214,34,40.96,441,314,755,81.71,13,41.94,18,0,0,0,67,0,2,5,7,54,23,0,0,9,20260428,16,65,1,3,10,0,0.0,0,23,17,6,0,0,,88,65.19,0,0,2,169,22,14,0,4,2.0,0,0,0,0,0.0,0,0,0,0,303,7,0,0,0,0,0,0,0,0,0,0.0,0.0,0,4,6,4,1,10,41.67,0,45,31,68.89,14,74,24,68,101,60.84,83,544,380,924,155.9,10,1,1458,34,4,0
Aleksandar Jovanović,800971,Kocaelispor,3065,turkey,2526,1575,18,18,6.78,0,0,0,,0.03,30,0,0.0,20,133,41.18,98,237,335,63.69,4,100.0,0,0,0,0,118,0,0,0,6,21,18,1,0,0,20260428,1,1,1,1,0,0,0.0,105,18,16,2,0,0,-0.73,2,66.67,0,14,0,191,0,0,0,0,0.0,1,0,0,0,0.0,2,0,0,0,198,0,9,0,0,6,16,15,32,1,11,0.0,0.0,0,0,0,0,0,0,0.0,6,0,0,0.0,0,55,0,0,6,85.71,323,253,273,526,122.0,0,0,669,3,3,0
Tiago Djaló,892735,Beşiktaş JK,3050,turkey,2526,1300,16,14,6.78,1,0,1,0.9,0.15,15,0,0.0,42,22,48.89,175,471,646,92.02,32,56.14,25,0,0,0,52,1,1,1,2,86,16,0,0,2,20260428,7,64,1,1,26,0,12.5,20,19,14,5,1,0,,31,44.29,1,0,1,56,21,3,0,0,8.0,0,0,0,1,0.0,0,0,0,0,75,0,0,0,0,0,0,0,0,0,0,1300.0,0.0,0,7,1,5,2,2,25.0,0,18,11,61.11,3,25,8,0,63,49.61,45,201,501,702,108.4,8,1,909,12,4,0
Vaclav Cerny,280631,Beşiktaş JK,3050,turkey,2526,1875,27,24,6.77,4,8,12,7.16,3.88,17,21,27.27,269,23,62.16,418,170,588,82.7,1,6.67,14,0,0,0,75,7,8,21,1,9,27,0,0,16,20260428,17,89,0,0,15,0,6.67,0,22,17,5,4,0,,44,36.97,0,0,1,123,10,57,3,1,1.0,0,0,0,0,0.0,0,0,0,0,277,6,0,0,1,0,0,0,0,0,0,468.75,0.0,1,35,25,15,24,25,47.17,0,15,12,80.0,57,32,53,77,45,33.58,37,515,196,711,182.9,60,1,1063,4,1,0
Nazim Sangare,169425,Gaziantep FK,5138,turkey,2526,876,12,10,6.77,0,0,0,0.23,0.37,23,0,0.0,42,25,39.68,100,222,322,77.22,15,83.33,3,0,0,0,42,0,0,0,2,36,11,0,1,0,20260428,8,33,1,1,13,0,0.0,0,10,9,1,0,0,,56,65.12,0,0,0,95,34,6,0,0,3.0,0,0,0,0,0.0,0,0,0,0,121,0,0,1,0,0,0,0,0,0,0,0.0,0.0,0,4,0,3,1,7,43.75,0,31,19,61.29,6,54,16,3,71,68.27,63,159,258,417,74.5,4,0,616,18,4,0
Milot Rashica,800411,Beşiktaş JK,3050,turkey,2526,993,25,8,6.77,1,3,4,2.23,2.37,7,11,33.33,94,9,45.0,137,53,190,76.92,5,31.25,11,0,0,0,51,8,3,9,3,14,25,0,0,7,20260428,8,59,0,1,13,0,4.35,0,11,9,2,1,0,,47,49.47,0,0,0,57,3,19,0,4,3.0,0,0,0,0,0.0,0,0,0,0,127,15,0,0,1,0,0,0,0,0,0,993.0,0.0,0,16,7,8,6,11,35.48,0,17,10,58.82,19,16,31,33,52,46.85,20,184,63,247,169.3,23,0,448,19,1,0
Jesper Ceesay,1021269,Antalyaspor,3056,turkey,2526,1913,28,19,6.77,0,0,0,0.3,0.5,14,4,57.14,73,25,48.08,214,349,563,85.3,27,67.5,13,0,0,0,74,0,0,1,5,64,28,0,0,4,20260428,15,50,0,0,16,0,0.0,0,35,32,3,0,0,,66,64.08,0,0,0,97,30,9,0,1,6.0,0,0,0,0,0.0,0,0,0,0,132,7,0,0,0,0,0,0,0,0,0,0.0,0.0,0,3,3,3,2,2,50.0,0,48,30,62.5,9,26,4,7,93,65.03,52,274,386,660,189.6,6,0,932,21,4,0
Efkan Bekiroğlu,800458,Göztepe,3054,turkey,2526,1083,25,14,6.77,3,3,6,2.13,2.71,11,26,41.27,71,9,40.91,132,83,215,75.7,4,33.33,8,0,0,0,48,3,4,1,0,4,24,0,0,13,20260428,7,62,0,0,19,1,11.11,0,11,9,2,2,1,,36,40.0,0,0,1,69,5,33,2,1,1.0,0,0,0,0,0.0,0,0,0,0,153,7,0,0,1,0,0,0,0,0,0,361.0,20.0,5,7,20,19,7,16,51.61,0,13,7,53.85,33,33,31,63,40,39.22,22,189,95,284,162.5,27,0,491,7,3,0
Show,933115,Kocaelispor,3065,turkey,2526,2057,27,22,6.77,0,0,0,0.54,1.33,14,1,25.0,105,29,37.66,297,431,728,84.26,22,48.89,23,0,0,0,99,0,0,2,7,32,27,0,0,11,20260428,9,79,0,0,38,0,0.0,0,24,20,4,0,0,,84,60.0,0,0,1,136,23,9,0,0,14.0,0,0,0,0,0.0,0,0,0,0,177,3,0,1,0,0,0,0,0,0,0,0.0,0.0,0,4,13,13,2,7,77.78,0,42,27,64.29,9,42,9,4,106,57.3,77,399,465,864,182.8,17,0,1135,35,8,1
Celil Yüksel,806972,Samsunspor,3053,turkey,2526,1154,20,14,6.77,0,1,1,0.58,1.93,25,10,35.71,96,29,51.79,247,199,446,81.24,11,40.74,16,0,0,0,84,2,0,9,1,12,20,0,0,22,20260428,22,92,0,0,25,0,0.0,0,12,10,2,0,0,,76,50.0,0,0,0,103,18,18,0,0,4.0,0,0,0,0,0.0,0,0,0,0,178,7,0,0,0,0,0,0,0,0,0,0.0,0.0,0,2,16,7,2,11,57.89,0,43,26,60.47,18,44,19,28,87,48.6,56,331,218,549,135.4,18,0,811,23,2,0
Umut Bozok,869839,Eyüpspor,7040,turkey,2526,1850,29,20,6.77,5,2,7,5.95,1.43,23,0,0.0,134,29,85.29,243,171,414,82.97,31,43.06,41,0,0,0,68,3,8,8,2,13,29,0,0,41,20260428,6,133,0,1,24,0,14.29,0,28,26,2,4,1,,77,45.56,0,0,2,85,4,20,2,8,3.0,0,0,1,0,100.0,0,1,0,0,215,17,0,0,3,0,0,0,0,0,0,370.0,0.0,0,23,12,8,19,12,33.33,0,7,5,71.43,20,34,36,5,108,44.81,34,305,194,499,196.3,35,1,808,59,4,0
Dario Šarić,848385,Antalyaspor,3056,turkey,2526,1367,22,15,6.77,1,1,2,0.77,0.46,12,2,12.5,85,17,65.38,165,162,327,81.34,17,51.52,16,0,0,0,71,0,0,6,1,24,22,0,0,16,20260428,13,87,0,2,18,0,6.25,0,26,24,2,1,0,,97,57.74,1,0,0,75,9,8,0,3,2.0,0,0,0,0,0.0,0,0,0,0,177,5,0,0,0,0,0,0,0,0,0,1367.0,0.0,0,8,8,5,5,10,28.57,0,33,22,66.67,8,21,35,16,114,56.72,26,217,185,402,148.9,16,0,707,54,2,0
Sander van de Streek,220155,Antalyaspor,3056,turkey,2526,2113,28,26,6.77,6,3,9,5.42,2.36,15,6,28.57,122,13,61.9,209,103,312,72.39,53,50.0,53,0,0,0,56,5,9,1,2,24,28,0,0,19,20260428,20,153,1,0,45,0,17.14,0,35,34,1,6,0,,66,39.76,3,0,1,119,17,29,0,12,1.0,0,0,0,0,0.0,0,0,0,0,231,10,0,1,3,0,0,0,0,0,0,352.17,0.0,0,32,3,22,12,9,30.0,0,33,16,48.48,29,19,30,21,119,43.75,21,300,131,431,189.5,35,2,767,24,3,1
Atakan Mujde,1134704,Kasımpaşa,6063,turkey,2526,167,6,2,6.77,0,1,1,,0.1,2,3,37.5,6,1,50.0,12,17,29,64.44,5,71.43,2,0,0,0,11,0,0,0,0,4,6,0,0,1,20260428,1,13,0,0,7,0,0.0,0,4,4,0,0,0,,14,56.0,0,0,0,16,5,3,0,0,4.0,0,0,0,0,0.0,0,0,0,0,33,2,0,0,0,0,0,0,0,0,0,0.0,0.0,0,0,0,0,0,3,60.0,0,6,2,33.33,3,4,5,8,19,59.38,2,23,22,45,40.6,0,0,101,5,3,0
Ali Diabaté,2430541,Samsunspor,3053,turkey,2526,161,4,2,6.77,0,1,1,0.1,0.29,2,0,0.0,7,6,50.0,28,59,87,87.0,2,66.67,1,0,0,0,5,1,0,0,0,10,3,0,0,0,20260428,0,5,0,0,4,0,0.0,0,3,3,0,0,0,,5,55.56,0,0,0,13,6,3,0,0,0.0,0,0,0,0,0.0,0,0,0,0,14,0,0,0,0,0,0,0,0,0,0,0.0,0.0,0,2,0,1,1,0,0.0,0,4,3,75.0,3,8,0,0,7,58.33,12,38,62,100,20.3,2,0,128,1,1,0
Andri Fannar Baldursson,932856,Kasımpaşa,6063,turkey,2526,2543,29,29,6.77,0,1,1,0.65,0.68,32,1,25.0,155,46,37.7,339,324,663,76.03,44,59.46,30,0,0,0,124,1,0,4,7,76,29,0,0,17,20260428,36,152,1,1,66,0,0.0,0,40,37,3,0,0,,110,47.41,0,0,0,209,34,12,0,0,10.0,0,0,0,0,0.0,0,0,0,0,259,13,0,0,0,0,0,0,0,0,0,0.0,0.0,0,4,16,14,2,7,53.85,0,70,49,70.0,12,65,13,4,154,50.33,122,493,379,872,196.2,20,0,1254,33,8,0
Sebastian Szymański,847983,Fenerbahçe,3052,turkey,2526,446,14,4,6.76,1,0,1,0.83,1.29,7,3,11.11,72,7,50.0,117,38,155,82.89,1,20.0,4,0,0,0,28,3,2,4,1,4,14,0,0,3,20260428,2,23,0,0,5,0,11.11,0,2,1,1,1,0,,19,50.0,1,0,0,32,3,11,0,2,0.0,0,0,0,0,0.0,0,0,0,0,89,6,0,0,0,0,0,0,0,0,0,446.0,0.0,0,7,2,2,3,2,16.67,0,8,6,75.0,11,11,12,27,20,46.51,14,142,45,187,94.7,9,0,296,9,0,0
Claudio Winck,155998,Kasımpaşa,6063,turkey,2526,2212,26,25,6.76,3,1,4,2.46,1.84,51,10,15.38,153,49,36.57,276,203,479,69.22,51,57.95,37,0,0,0,92,1,3,10,5,70,26,0,0,9,20260428,21,118,0,1,36,0,10.71,0,37,35,2,3,0,,90,52.63,1,0,1,213,22,15,1,3,5.0,0,0,0,0,0.0,0,0,0,0,359,4,0,0,1,0,0,0,0,0,0,737.33,0.0,2,16,12,10,8,13,43.33,0,48,34,70.83,15,113,30,65,141,54.44,134,442,250,692,175.8,28,0,1320,33,6,0
Nicholas Opoku,885683,Kasımpaşa,6063,turkey,2526,2262,28,24,6.76,0,0,0,0.44,0.3,45,0,0.0,78,64,56.14,272,704,976,89.79,48,67.61,23,0,0,0,110,0,2,1,6,165,28,0,0,7,20260428,20,69,0,0,18,0,0.0,7,34,31,3,0,0,,46,50.0,0,0,0,111,21,4,0,0,21.0,0,0,0,1,0.0,0,0,0,0,129,3,0,0,0,0,0,0,0,0,0,0.0,0.0,0,4,2,4,1,1,50.0,0,30,14,46.67,4,80,2,2,94,57.67,114,347,740,1087,189.3,6,0,1407,15,5,0
Bünyamin Balcı,967214,Antalyaspor,3056,turkey,2526,2109,30,22,6.76,0,3,3,0.43,1.9,52,13,27.08,166,46,41.82,310,334,644,77.22,20,55.56,16,0,0,0,84,3,0,2,4,87,30,0,0,8,20260428,21,68,0,0,17,0,0.0,0,38,35,3,0,0,,94,64.38,0,0,0,190,25,16,0,3,6.0,0,0,0,0,0.0,0,0,0,0,298,3,0,0,0,0,0,0,0,0,0,0.0,0.0,0,3,5,4,2,9,52.94,0,59,32,54.24,16,101,17,48,114,62.64,110,433,401,834,202.8,8,0,1480,29,4,0
Mithat Pala,1016393,Çaykur Rizespor,3064,turkey,2526,1677,27,18,6.76,2,0,2,1.6,2.23,19,14,29.17,186,27,50.0,316,221,537,84.83,14,32.56,29,0,0,0,103,2,1,7,5,44,27,0,0,23,20260428,26,133,0,2,24,0,8.7,0,25,25,0,2,0,,98,48.51,0,0,0,96,16,16,0,1,6.0,0,0,0,0,0.0,0,0,0,0,263,6,0,0,2,0,0,0,0,0,0,838.5,0.0,0,9,14,9,7,17,34.0,0,46,32,69.57,16,38,50,48,112,45.71,54,385,248,633,182.5,23,1,1176,36,1,0
Deian Sorescu,797602,Gaziantep FK,5138,turkey,2526,1291,22,13,6.76,3,1,4,3.64,1.33,23,16,30.19,83,33,46.48,178,166,344,74.78,3,20.0,12,0,1,0,59,3,3,10,0,17,22,0,0,7,20260428,9,56,0,0,20,0,8.82,0,29,23,6,3,0,,48,52.17,0,0,1,116,9,21,0,6,0.0,0,0,2,0,50.0,0,1,0,2,212,5,0,0,3,0,0,0,0,0,0,430.33,0.0,0,17,17,15,9,8,50.0,0,21,14,66.67,21,44,16,53,51,47.66,71,264,196,460,148.7,34,2,805,19,3,0
Güven Yalçın,826162,Alanyaspor,6362,turkey,2526,929,25,11,6.76,8,0,8,3.83,0.49,8,1,14.29,52,10,58.82,88,47,135,67.5,10,31.25,22,0,0,0,31,0,2,5,0,7,24,0,0,20,20260428,6,87,0,0,25,0,30.77,0,13,11,2,7,1,,26,28.57,1,0,0,65,6,5,2,5,2.0,0,0,1,0,100.0,0,1,0,0,137,5,0,0,5,0,0,0,0,0,0,116.13,0.0,1,16,10,9,12,9,39.13,0,2,0,0.0,5,19,23,7,36,29.27,17,140,60,200,162.2,26,2,366,15,2,0
Charles-Andre Raux Yao,1622183,Eyüpspor,7040,turkey,2526,418,13,4,6.76,2,0,2,0.92,0.09,4,0,0.0,38,14,63.64,69,57,126,76.83,5,27.78,13,0,0,0,32,0,0,4,0,5,12,0,0,12,20260428,4,51,0,0,10,0,22.22,0,4,4,0,2,0,,43,53.09,0,0,0,38,3,3,0,0,0.0,0,0,0,0,0.0,0,0,0,0,87,2,0,0,2,0,0,0,0,0,0,209.0,0.0,0,5,4,2,3,9,39.13,0,6,5,83.33,3,11,23,5,48,48.48,22,99,65,164,81.1,9,0,297,29,3,0
Ousseynou Ba,889430,Başakşehir FK,3086,turkey,2526,946,14,9,6.76,0,0,0,0.25,0.14,5,0,0.0,38,30,76.92,178,406,584,93.29,25,58.14,18,0,0,0,29,0,1,1,3,62,14,0,0,0,20260428,7,44,1,1,20,0,0.0,10,12,9,3,0,0,,22,45.83,0,0,0,42,17,0,0,2,9.0,0,0,0,0,0.0,0,0,0,0,54,0,0,1,0,0,0,0,0,0,0,0.0,0.0,0,5,0,3,1,2,100.0,0,10,5,50.0,0,12,2,0,47,51.65,39,207,419,626,94.6,5,0,774,10,4,1
Mortadha Ben Ouanes,919225,Kasımpaşa,6063,turkey,2526,2121,25,24,6.76,2,5,7,1.94,2.86,22,18,28.13,207,30,52.63,339,213,552,78.63,22,40.0,33,0,0,0,110,6,2,8,3,32,25,0,0,17,20260428,23,125,0,0,37,0,9.09,0,27,25,2,2,0,,83,47.43,2,0,1,150,22,27,0,1,3.0,0,0,0,0,0.0,0,0,0,0,288,14,0,1,0,0,0,0,0,0,0,1060.5,0.0,0,20,2,10,4,14,38.89,0,16,10,62.5,27,49,36,64,105,45.65,57,460,242,702,168.9,22,1,1145,53,5,1
Malcom Bokele,1122632,Göztepe,3054,turkey,2526,2379,27,27,6.76,3,0,3,2.24,0.73,28,1,8.33,108,46,37.7,298,255,553,75.44,54,56.25,42,0,0,0,68,0,0,3,14,106,27,0,0,4,20260428,6,72,0,1,22,0,18.75,0,21,17,4,3,0,,37,55.22,1,0,0,180,28,2,0,0,15.0,0,0,1,1,100.0,0,1,0,0,221,1,0,1,2,0,0,0,0,0,0,793.0,0.0,0,14,2,8,5,3,50.0,0,17,11,64.71,2,59,6,12,91,55.83,122,445,288,733,182.4,16,1,1036,17,8,1
Marko Jevtovic,310068,Konyaspor,3085,turkey,2526,1099,19,12,6.76,0,0,0,1.24,0.4,19,1,25.0,64,29,47.54,153,246,399,80.93,38,59.38,26,0,0,0,33,0,2,5,1,55,18,0,0,3,20260428,14,51,0,1,8,0,0.0,0,14,11,3,0,0,,31,55.36,0,0,1,94,18,7,0,0,7.0,0,0,0,0,0.0,0,0,0,0,108,3,0,0,0,0,0,0,0,0,0,0.0,0.0,0,10,3,4,4,1,100.0,0,22,15,68.18,7,35,1,4,69,57.5,61,217,276,493,121.6,13,0,672,9,3,0
Metehan Mimaroğlu,900809,Gençlerbirliği,7802,turkey,2526,1713,29,18,6.75,5,2,7,3.51,2.86,13,21,18.26,129,13,44.83,220,94,314,73.36,14,46.67,16,0,0,0,89,7,1,17,2,22,29,0,0,37,20260428,23,129,0,0,17,0,11.63,0,25,23,2,5,0,,71,38.59,1,0,0,114,11,28,1,10,1.0,0,1,1,0,100.0,0,1,0,0,346,15,0,0,3,0,0,0,0,0,0,342.6,0.0,2,27,16,12,14,25,40.32,0,16,10,62.5,27,25,62,115,85,39.72,29,307,121,428,195.8,43,1,899,30,2,0
Miguel Cardoso,344009,Kayserispor,3072,turkey,2526,2674,30,30,6.75,2,4,6,5.37,7.0,18,44,18.49,256,21,48.84,419,204,623,82.08,35,47.3,39,0,0,0,96,10,9,21,6,13,30,0,0,14,20260428,31,141,0,1,41,0,2.94,0,54,44,10,1,1,,88,46.32,0,0,1,136,6,48,1,19,1.0,0,0,0,1,0.0,0,0,0,0,430,21,0,0,1,0,0,0,0,0,0,1337.0,0.0,1,36,32,26,21,19,47.5,0,36,24,66.67,48,45,40,238,123,46.59,43,527,232,759,202.5,68,1,1359,34,6,0
Pedrinho,1015939,Konyaspor,3085,turkey,2526,676,15,6,6.75,1,0,1,1.39,1.07,15,8,21.05,94,19,57.58,143,75,218,80.44,3,33.33,6,0,0,0,32,1,1,5,0,8,14,0,0,8,20260428,4,34,0,1,7,0,6.67,0,10,9,1,1,0,,45,61.64,0,0,0,53,4,10,0,0,1.0,0,0,1,0,100.0,0,1,0,0,119,6,0,0,1,0,0,0,0,0,0,676.0,0.0,5,4,11,5,5,9,45.0,0,19,9,47.37,10,32,20,38,48,58.54,33,184,87,271,94.5,15,0,438,17,0,0
Nicolò Zaniolo,864898,Galatasaray,3061,turkey,2526,56,4,0,6.75,0,1,1,0.05,0.65,1,0,0.0,7,1,100.0,9,6,15,78.95,0,0.0,0,0,0,0,2,1,0,0,0,0,4,0,0,0,20260428,1,6,0,0,1,0,0.0,0,0,0,0,0,0,,3,33.33,0,0,0,4,0,2,0,0,0.0,0,0,0,0,0.0,0,0,0,0,11,0,0,0,0,0,0,0,0,0,0,0.0,0.0,0,0,2,1,1,2,33.33,0,1,0,0.0,2,1,6,1,3,33.33,1,13,6,19,27.0,2,0,33,0,0,0
Metehan Baltacı,997155,Galatasaray,3061,turkey,2526,24,2,0,6.75,0,0,0,,0.0,0,0,0.0,1,0,0.0,1,7,8,88.89,0,0.0,0,0,0,0,0,0,0,0,0,3,2,0,0,0,20260428,0,0,0,0,0,0,0.0,0,0,0,0,0,0,,1,100.0,0,0,0,1,1,0,0,0,0.0,0,0,0,0,0.0,0,0,0,0,1,0,0,0,0,0,0,0,0,0,0,0.0,0.0,0,0,0,0,0,0,0.0,0,1,1,100.0,0,0,0,0,1,100.0,0,1,8,9,13.5,0,0,14,0,0,0
Rayyan Baniya,929739,Konyaspor,3085,turkey,2526,225,6,1,6.75,0,0,0,,0.01,1,0,0.0,6,3,33.33,27,71,98,89.09,2,40.0,3,0,0,0,7,0,0,0,0,12,6,0,0,1,20260428,1,7,0,0,2,0,0.0,0,1,0,1,0,0,,5,55.56,0,0,0,12,3,0,0,0,1.0,0,0,0,0,0.0,0,0,0,0,16,0,0,0,0,0,0,0,0,0,0,0.0,0.0,0,0,0,0,0,0,0.0,0,5,1,20.0,0,4,0,0,7,50.0,9,35,75,110,40.5,0,0,141,0,0,0
Salih Malkoçoğlu,1499364,Trabzonspor,3051,turkey,2526,36,6,0,6.75,0,0,0,,0.02,0,0,0.0,3,0,0.0,6,10,16,80.0,2,50.0,2,0,0,0,2,0,0,0,0,0,2,0,0,0,20260428,2,4,0,0,0,0,0.0,0,2,2,0,0,0,,4,66.67,0,0,0,4,2,2,0,0,0.0,0,0,0,0,0.0,0,0,0,0,4,1,0,0,0,0,0,0,0,0,0,0.0,0.0,0,0,0,0,0,1,100.0,0,3,3,100.0,2,0,1,0,6,60.0,0,9,11,20,13.5,0,0,29,0,0,0
Furkan Soyalp,226992,Kayserispor,3072,turkey,2526,1708,25,21,6.75,1,0,1,1.48,1.02,34,6,26.09,135,45,52.94,239,236,475,76.37,25,52.08,23,0,0,0,97,0,0,3,1,37,25,0,0,17,20260428,45,130,0,1,45,0,5.0,0,40,32,8,1,0,,108,50.23,0,0,0,147,27,14,0,1,8.0,0,0,0,0,0.0,0,0,0,0,217,9,0,0,1,0,0,0,0,0,0,1708.0,0.0,1,11,9,8,9,15,83.33,0,61,39,63.93,14,66,18,23,133,50.57,85,345,277,622,168.7,20,1,965,35,7,0
Taha Şahin,1394729,Çaykur Rizespor,3064,turkey,2526,1784,26,19,6.75,1,0,1,0.57,2.27,24,17,18.28,178,31,45.59,346,341,687,83.58,9,34.62,17,0,0,0,80,4,1,0,3,59,25,0,0,8,20260428,12,61,0,1,14,0,12.5,0,34,30,4,0,1,,74,62.71,0,0,2,135,21,29,0,0,6.0,0,0,0,0,0.0,0,0,0,0,280,4,0,0,1,0,0,0,0,0,0,1784.0,0.0,0,5,3,4,4,19,65.52,0,33,17,51.52,29,61,29,93,83,57.64,68,436,386,822,168.7,8,0,1338,23,4,0
Myenty Abena,555422,Gaziantep FK,5138,turkey,2526,1655,21,18,6.75,1,1,2,1.37,0.4,4,0,0.0,20,24,63.16,120,570,690,92.99,55,63.22,32,0,0,0,53,1,1,2,2,101,21,0,1,4,20260428,1,56,0,1,21,0,11.11,29,36,31,5,1,0,,39,61.9,1,0,0,52,13,3,0,1,20.0,0,0,0,0,0.0,0,0,0,0,62,0,0,1,0,0,0,0,0,0,0,1655.0,0.0,0,9,0,5,2,2,100.0,0,23,17,73.91,3,9,2,1,94,62.67,38,137,605,742,141.7,9,0,972,16,2,0
Zan Zuzek,355582,Gençlerbirliği,7802,turkey,2526,2482,30,28,6.75,2,0,2,1.3,0.87,53,3,42.86,60,83,46.63,218,755,973,83.09,58,51.79,54,0,0,0,79,1,1,6,4,142,30,0,0,4,20260428,26,111,0,4,27,0,9.52,16,44,41,3,2,0,,52,47.71,1,0,0,198,43,10,1,0,30.0,0,0,0,1,0.0,0,0,0,1,228,2,0,0,0,0,0,0,0,0,0,1241.0,0.0,1,13,8,10,5,4,80.0,0,38,24,63.16,10,117,5,7,110,49.77,178,349,822,1171,202.4,21,1,1552,11,4,0
Lenny Pintor,896596,Eyüpspor,7040,turkey,2526,704,13,9,6.75,0,0,0,0.79,0.79,3,6,35.29,47,2,22.22,88,60,148,79.14,2,9.52,19,0,0,0,44,1,0,7,1,10,13,0,0,16,20260428,11,75,1,1,8,0,0.0,0,10,9,1,0,0,,63,52.94,0,0,0,39,7,13,0,1,2.0,0,0,0,0,0.0,0,0,0,1,111,2,0,0,0,0,0,0,0,0,0,0.0,0.0,0,7,5,4,1,15,41.67,0,21,14,66.67,13,8,36,17,65,46.43,9,114,73,187,87.7,12,0,407,27,2,0
Prince Ampem,923888,Eyüpspor,7040,turkey,2526,648,20,4,6.75,2,0,2,1.48,0.72,6,4,18.18,54,7,87.5,90,53,143,79.44,3,18.75,13,0,0,0,44,2,0,7,0,4,20,0,0,12,20260428,3,49,1,0,9,0,10.53,0,13,11,2,2,0,,42,53.85,0,0,0,37,8,9,1,5,2.0,0,0,0,0,0.0,0,0,0,0,100,4,0,0,1,0,0,0,0,0,0,324.0,0.0,0,7,12,5,7,22,64.71,0,5,3,60.0,9,10,34,22,45,47.87,8,118,62,180,134.9,19,1,351,15,3,0
Sacha Boey,980418,Galatasaray,3061,turkey,2526,476,9,5,6.74,1,0,1,0.26,0.14,0,1,12.5,65,4,44.44,115,98,213,89.5,4,50.0,4,0,0,0,27,0,1,1,0,16,9,0,0,4,20260428,3,25,0,1,7,0,33.33,0,5,5,0,1,0,,26,55.32,0,0,0,25,2,3,1,1,2.0,0,0,0,0,0.0,0,0,0,0,59,1,0,0,0,0,0,0,0,0,0,476.0,0.0,0,3,0,0,2,3,30.0,0,18,12,66.67,3,0,10,8,30,54.55,9,129,109,238,60.7,3,0,374,5,0,0
Lautaro Giannetti,233856,Antalyaspor,3056,turkey,2526,1621,26,18,6.74,1,1,2,0.92,0.15,21,0,0.0,39,44,51.76,155,456,611,87.29,44,55.7,35,0,0,0,44,0,1,1,2,133,25,0,0,1,20260428,10,62,1,0,17,0,11.11,23,36,32,4,1,0,,35,56.45,1,0,1,89,14,2,0,1,20.0,0,0,0,1,0.0,0,0,0,0,102,0,0,0,0,0,0,0,0,0,0,1621.0,0.0,0,8,1,4,4,1,20.0,0,31,20,64.52,2,34,5,1,79,56.03,85,208,492,700,168.6,9,1,962,3,5,0
Erdem Canpolat,1066726,Çaykur Rizespor,3064,turkey,2526,630,7,7,6.74,0,0,0,,0.01,7,0,0.0,8,36,29.27,24,69,93,50.82,1,100.0,0,0,0,0,48,0,0,0,2,5,7,0,0,0,20260428,1,1,0,0,0,0,0.0,51,10,10,0,0,0,-0.56,1,50.0,0,2,0,90,0,0,0,0,0.0,0,0,0,0,0.0,0,0,0,0,93,0,2,0,0,2,13,9,22,0,5,0.0,0.0,0,0,0,0,0,0,0.0,2,0,0,0.0,0,17,0,0,2,66.67,123,103,80,183,47.2,0,0,245,2,3,0
Amine Cherni,1094487,Göztepe,3054,turkey,2526,2736,31,31,6.74,0,4,4,0.68,3.77,29,63,31.19,157,38,30.89,304,153,457,67.7,39,54.93,32,0,0,0,99,4,1,7,15,71,31,0,0,20,20260428,23,141,1,1,43,0,0.0,0,26,21,5,0,0,,75,40.76,0,0,0,218,14,45,0,3,2.0,0,0,0,0,0.0,0,0,0,0,502,6,0,0,0,0,0,0,0,0,0,0.0,0.0,0,9,12,8,6,8,23.53,0,52,28,53.85,45,70,34,202,114,44.71,123,475,200,675,209.0,21,0,1447,16,1,0
Muhammet Tunahan Taşçı,980612,Konyaspor,3085,turkey,2526,223,13,0,6.74,1,1,2,0.22,0.3,2,1,10.0,51,2,33.33,72,30,102,80.95,1,50.0,1,0,0,0,15,0,0,0,0,2,12,0,0,4,20260428,3,18,0,0,3,0,20.0,0,3,2,1,1,0,,15,46.88,0,0,0,24,0,9,0,0,0.0,0,0,0,0,0.0,0,0,0,0,51,3,0,0,1,0,0,0,0,0,0,223.0,0.0,0,2,3,2,3,4,36.36,0,6,3,50.0,9,6,11,10,16,47.06,6,92,34,126,80.9,5,0,191,5,1,0
Çağtay Kurukalıp,962620,Fatih Karagümrük,4954,turkey,2526,1090,22,12,6.74,0,2,2,0.19,0.83,6,7,16.67,62,10,43.48,148,155,303,79.95,12,52.17,11,0,0,0,50,2,0,0,1,37,21,0,0,5,20260428,7,42,0,0,15,0,0.0,0,20,20,0,0,0,,56,64.37,0,0,0,76,20,7,0,3,4.0,0,0,0,0,0.0,0,0,0,0,146,6,0,0,0,0,0,0,0,0,0,0.0,0.0,1,1,4,4,1,9,69.23,0,22,15,68.18,7,20,13,42,68,61.82,23,196,183,379,141.5,5,1,701,25,1,0
Taras Stepanenko,45604,Eyüpspor,7040,turkey,2526,530,8,6,6.74,0,0,0,0.06,0.04,5,0,0.0,19,14,53.85,63,99,162,83.51,6,50.0,6,0,0,0,14,0,0,1,0,7,8,0,0,1,20260428,4,21,0,1,10,0,0.0,0,7,6,1,0,0,,20,57.14,0,0,0,32,7,0,0,0,3.0,0,0,0,0,0.0,0,0,0,0,38,1,0,0,0,0,0,0,0,0,0,0.0,0.0,0,0,2,0,1,0,0.0,0,15,12,80.0,0,14,0,1,26,55.32,26,84,110,194,53.9,2,0,253,6,3,0
Danijel Aleksić,45377,Konyaspor,3085,turkey,2526,198,3,3,6.73,1,0,1,1.05,0.07,5,1,100.0,23,5,71.43,38,27,65,82.28,5,50.0,5,0,0,0,12,0,1,2,0,1,3,0,0,3,20260428,5,14,0,0,1,0,20.0,0,2,2,0,1,0,,5,35.71,0,0,0,14,1,2,1,0,0.0,0,0,0,0,0.0,0,0,0,0,22,3,0,0,0,0,0,0,0,0,0,198.0,0.0,0,4,1,1,2,0,0.0,0,4,2,50.0,2,5,0,1,10,41.67,7,48,31,79,20.2,5,0,106,1,0,0
Oğuz Aydın,999396,Fenerbahçe,3052,turkey,2526,513,18,4,6.73,0,1,1,0.53,2.15,6,7,18.42,100,4,50.0,152,49,201,87.39,1,12.5,7,0,0,0,30,3,0,3,0,6,15,0,0,5,20260428,3,23,0,0,7,0,0.0,0,5,4,1,0,0,,20,55.56,0,0,0,29,2,18,0,2,1.0,0,0,0,0,0.0,0,0,0,0,79,6,0,0,0,0,0,0,0,0,0,0.0,0.0,0,8,1,2,4,4,66.67,0,10,7,70.0,18,8,6,38,21,47.73,8,176,54,230,101.0,9,0,367,6,1,0
Badou Ndiaye,228342,Gaziantep FK,5138,turkey,2526,431,12,3,6.73,0,1,1,0.11,0.51,8,1,100.0,33,13,56.52,85,100,185,88.1,3,50.0,3,0,0,0,16,1,0,2,0,6,12,0,0,5,20260428,2,21,0,0,9,0,0.0,1,8,6,2,0,0,,24,57.14,0,0,0,25,1,6,0,0,1.0,0,0,0,0,0.0,0,0,0,0,36,2,0,0,0,0,0,0,0,0,0,0.0,0.0,0,0,5,2,1,3,60.0,0,9,6,66.67,6,15,5,1,27,56.25,23,104,106,210,80.8,5,0,267,12,4,0
Gaius Makouta,847013,Alanyaspor,6362,turkey,2526,2429,30,29,6.73,1,0,1,1.29,1.93,35,6,28.57,252,41,58.57,520,459,979,87.25,24,57.14,18,0,0,0,107,2,1,7,5,18,30,0,0,29,20260428,12,99,1,5,33,0,4.35,0,34,30,4,1,0,,87,51.79,1,0,0,143,28,18,0,1,1.0,0,0,0,1,0.0,0,0,0,0,229,4,0,0,0,0,0,0,0,0,0,2429.0,0.0,0,11,12,12,4,16,61.54,0,31,23,74.19,18,67,26,21,111,52.86,70,614,508,1122,201.9,23,0,1429,40,6,0
Samed Onur,980608,Gençlerbirliği,7802,turkey,2526,561,24,3,6.73,0,1,1,0.47,0.77,12,9,37.5,53,18,50.0,104,110,214,81.99,7,46.67,8,0,0,0,32,2,1,1,0,12,22,0,0,6,20260428,13,42,0,1,12,0,0.0,0,6,5,1,0,0,,38,52.78,0,0,0,47,11,10,0,1,1.0,0,0,0,0,0.0,0,0,0,0,83,0,0,0,0,0,0,0,0,0,0,0.0,0.0,2,1,7,4,3,5,62.5,0,15,7,46.67,10,31,8,24,45,51.72,36,140,121,261,148.0,8,0,389,19,3,0
Ogün Bayrak,903999,Göztepe,3054,turkey,2526,561,14,7,6.73,0,1,1,0.16,0.4,7,5,20.83,37,13,48.15,62,44,106,75.71,2,20.0,8,0,0,0,35,0,0,1,0,22,11,0,0,2,20260428,4,26,0,0,8,0,0.0,0,7,6,1,0,0,,13,41.94,0,0,0,34,6,3,0,0,4.0,0,0,0,0,0.0,0,0,0,0,78,2,0,0,0,0,0,0,0,0,0,0.0,0.0,0,2,2,3,0,4,50.0,0,7,6,85.71,3,14,8,24,15,36.59,27,84,56,140,74.0,4,0,290,2,1,0
Talha Sariarslan,1088715,Kayserispor,3072,turkey,2526,164,13,1,6.73,2,2,4,0.66,0.03,1,0,0.0,5,3,100.0,13,9,22,68.75,11,44.0,14,0,0,0,4,1,0,0,0,3,12,0,0,3,20260428,0,17,0,0,0,0,28.57,0,5,5,0,2,0,,6,66.67,1,0,0,10,0,3,0,2,0.0,0,0,0,0,0.0,0,0,0,0,18,0,0,0,1,0,0,0,0,0,0,82.0,0.0,0,7,0,4,3,0,0.0,0,4,3,75.0,3,1,0,0,17,50.0,3,21,11,32,80.7,7,0,64,2,1,0
Kazımcan Karataş,1008884,Başakşehir FK,3086,turkey,2526,878,16,7,6.73,0,2,2,0.31,1.5,9,7,26.92,90,13,38.24,167,130,297,81.82,12,54.55,10,0,0,0,39,0,0,0,2,31,16,0,0,7,20260428,14,49,1,0,7,0,0.0,0,9,8,1,0,0,,35,47.3,0,0,0,66,8,15,0,3,1.0,0,0,0,0,0.0,0,0,0,0,156,3,0,0,0,0,0,0,0,0,0,0.0,0.0,0,7,1,5,3,4,26.67,0,25,18,72.0,15,24,15,26,47,48.96,34,209,154,363,107.6,8,1,640,6,4,0
Omer Ali Sahiner,103912,Başakşehir FK,3086,turkey,2526,1581,23,19,6.72,2,0,2,1.25,1.19,24,6,18.18,120,45,52.94,263,269,532,83.52,12,44.44,15,0,0,0,47,2,0,5,2,42,23,0,0,3,20260428,10,50,0,0,23,0,20.0,0,20,15,5,2,0,,30,46.15,0,0,0,105,8,12,1,2,7.0,0,0,0,0,0.0,0,0,0,0,169,5,0,0,1,0,0,0,0,0,0,790.5,0.0,0,9,1,1,4,5,71.43,0,18,12,66.67,12,42,7,33,42,45.65,85,332,305,637,154.6,10,1,975,7,5,0
Blaž Kramer,804405,Konyaspor,3085,turkey,2526,660,11,7,6.72,5,0,5,4.24,0.32,2,0,0.0,39,1,50.0,56,33,89,68.99,18,42.86,24,0,0,0,10,0,6,2,2,8,11,0,0,9,20260428,3,59,0,0,20,0,31.25,0,7,7,0,5,0,,17,32.69,0,0,0,40,1,5,1,2,2.0,0,0,0,0,0.0,0,0,0,0,79,4,0,0,4,0,0,0,0,0,0,132.0,0.0,0,16,0,2,12,5,55.56,0,5,1,20.0,5,2,9,4,35,37.23,2,89,40,129,73.9,16,0,229,8,4,0
Franco Tongya,965015,Gençlerbirliği,7802,turkey,2526,2019,25,24,6.72,3,2,5,2.66,0.96,12,0,0.0,140,13,43.33,226,194,420,86.07,4,20.0,16,0,0,0,72,3,3,5,1,9,25,0,1,27,20260428,15,113,0,0,43,0,10.0,0,32,31,1,3,0,,85,46.7,0,0,0,68,11,23,1,7,3.0,0,0,0,0,0.0,0,0,0,1,184,8,0,1,2,0,0,0,0,0,0,673.0,0.0,0,19,11,10,15,9,32.14,0,42,21,50.0,23,22,28,10,89,44.06,30,270,218,488,167.9,30,0,826,34,5,0
Casper Højer,281233,Çaykur Rizespor,3064,turkey,2526,2465,29,29,6.71,0,1,1,0.96,2.44,50,23,21.7,210,67,42.95,430,509,939,82.51,31,67.39,15,0,0,0,105,2,1,8,5,88,29,0,0,9,20260428,21,92,1,0,39,0,0.0,0,38,34,4,0,0,,69,47.26,0,0,0,199,28,31,0,1,11.0,0,1,0,1,0.0,0,0,0,0,352,4,0,0,0,0,0,0,0,0,0,0.0,0.0,2,3,13,6,2,14,58.33,0,37,24,64.86,30,106,24,106,100,52.08,156,563,575,1138,194.5,16,1,1732,19,5,0
Anfernee Jamal Dijksteel,869199,Kocaelispor,3065,turkey,2526,2417,29,25,6.71,0,0,0,0.15,0.36,36,2,13.33,102,72,50.7,273,714,987,86.65,26,41.27,37,0,0,0,118,0,0,4,9,92,29,0,0,12,20260428,9,85,0,1,22,0,0.0,11,33,28,5,0,0,,95,66.43,0,0,0,152,21,5,0,1,10.0,0,0,0,0,0.0,0,0,0,0,229,5,0,0,0,0,0,0,0,0,0,0.0,0.0,0,3,1,0,0,20,74.07,0,45,22,48.89,5,71,27,15,121,58.74,142,365,774,1139,194.5,4,1,1568,31,2,0
Attila Szalai,823092,Kasımpaşa,6063,turkey,2526,1168,15,14,6.71,0,1,1,0.65,0.57,33,3,100.0,52,40,33.9,152,351,503,82.32,21,56.76,16,0,0,0,40,2,1,2,2,78,15,0,0,1,20260428,6,36,1,1,14,0,0.0,26,22,21,1,0,0,,26,56.52,0,0,0,108,15,7,0,0,8.0,0,0,0,0,0.0,0,0,0,0,120,1,0,0,0,0,0,0,0,0,0,0.0,0.0,1,8,1,3,4,2,100.0,0,20,11,55.0,7,71,2,3,47,56.63,118,238,373,611,100.6,9,0,788,4,1,0
Serdar Dursun,123917,Kocaelispor,3065,turkey,2526,1341,25,14,6.7,6,1,7,6.11,0.67,7,0,0.0,68,5,50.0,139,79,218,71.01,44,51.16,42,0,0,0,26,1,7,15,5,22,22,0,0,16,20260428,6,86,0,0,22,0,17.14,0,11,10,1,6,0,,21,32.31,2,0,0,89,0,11,1,6,1.0,0,0,2,0,100.0,0,2,0,1,148,8,0,0,3,0,0,0,0,0,0,223.5,0.0,0,33,2,10,10,1,25.0,0,5,2,40.0,11,14,4,1,65,43.05,10,213,94,307,147.5,35,0,471,18,3,0
Melih Kabasakal,828872,Gaziantep FK,5138,turkey,2526,1514,25,18,6.7,1,1,2,0.2,0.24,20,0,0.0,69,29,59.18,204,372,576,89.03,6,42.86,8,0,0,0,82,0,0,0,2,42,25,0,0,10,20260428,23,72,1,5,24,0,25.0,0,31,28,3,1,0,,73,53.28,0,0,0,71,34,4,0,1,3.0,0,0,0,0,0.0,0,0,0,0,106,1,0,0,1,0,0,0,0,0,0,1514.0,0.0,0,2,2,2,2,9,56.25,0,56,41,73.21,4,35,16,2,79,52.32,49,236,411,647,167.6,4,2,881,8,8,0
Yohan Boli,797732,Antalyaspor,3056,turkey,2526,869,19,8,6.7,2,1,3,2.25,0.43,8,1,100.0,55,4,80.0,99,56,155,83.33,28,54.9,23,0,0,0,19,1,3,4,3,2,17,0,0,14,20260428,3,65,0,0,16,0,11.76,0,20,17,3,2,0,,37,46.84,0,0,0,31,0,11,0,13,0.0,0,0,0,0,0.0,0,0,0,0,86,4,0,0,2,0,0,0,0,0,0,434.5,0.0,0,15,2,8,5,10,50.0,0,5,3,60.0,11,13,20,1,65,50.0,5,126,60,186,113.9,17,0,328,22,0,0
Amir Murillo,839493,Beşiktaş JK,3050,turkey,2526,777,10,9,6.7,1,1,2,0.82,0.7,6,7,25.93,69,8,50.0,125,100,225,81.23,6,46.15,7,0,0,0,48,1,1,5,3,18,10,0,0,8,20260428,4,38,0,1,13,0,9.09,0,8,5,3,1,0,,31,50.0,0,0,0,52,4,8,0,2,2.0,0,0,0,1,0.0,0,0,0,0,121,2,0,0,1,0,0,0,0,0,0,777.0,0.0,0,6,5,3,3,8,57.14,0,11,6,54.55,8,12,14,27,37,49.33,16,157,120,277,67.0,11,1,501,12,4,0
Onur Bulut,142494,Başakşehir FK,3086,turkey,2526,964,17,9,6.7,0,1,1,0.24,1.41,8,7,25.93,105,17,51.52,190,142,332,85.57,8,50.0,8,0,0,0,35,0,0,1,3,30,17,0,0,1,20260428,9,29,0,0,7,0,0.0,0,11,10,1,0,0,,28,57.14,0,0,0,56,9,10,0,1,2.0,0,0,0,0,0.0,0,0,0,0,105,4,0,0,0,0,0,0,0,0,0,0.0,0.0,1,1,5,4,1,0,0.0,0,20,12,60.0,10,15,5,27,36,55.38,33,232,156,388,113.9,6,0,601,8,1,0
Lubomir Satka,187231,Samsunspor,3053,turkey,2526,2005,24,23,6.7,0,1,1,0.21,1.02,34,0,0.0,73,57,51.82,301,814,1115,88.84,50,52.63,45,0,0,0,73,2,0,2,6,113,24,0,0,1,20260428,10,70,1,3,14,0,0.0,0,28,25,3,0,0,,33,56.9,0,0,0,140,19,4,0,0,11.0,1,0,0,0,0.0,0,0,0,0,161,1,0,0,0,0,0,0,0,0,0,0.0,0.0,0,2,3,3,0,5,83.33,0,28,18,64.29,4,60,6,2,83,54.25,110,392,863,1255,160.8,5,1,1507,2,1,0
Serkan Emrecan Terzi,1142614,Beşiktaş JK,3050,turkey,2526,20,1,0,6.7,0,0,0,,0.0,0,0,0.0,2,1,100.0,8,7,15,93.75,0,0.0,0,0,0,0,1,0,0,0,0,0,1,0,0,0,20260428,0,1,0,0,1,0,0.0,0,0,0,0,0,0,,0,0.0,0,0,0,1,0,0,0,0,,0,0,0,0,0.0,0,0,0,0,1,0,0,0,0,0,0,0,0,0,0,0.0,0.0,0,0,0,0,0,0,0.0,0,0,0,0.0,0,0,0,0,0,0.0,1,8,8,16,6.7,0,0,18,0,0,0
Ousmane Diabate,2434516,Gençlerbirliği,7802,turkey,2526,90,1,1,6.7,0,0,0,,0.0,2,0,0.0,5,2,40.0,8,12,20,74.07,1,100.0,0,0,0,0,5,0,0,0,1,1,1,0,0,0,20260428,0,1,0,0,1,0,0.0,0,0,0,0,0,0,,2,66.67,0,0,0,7,2,0,0,0,0.0,0,0,0,0,0.0,0,0,0,0,7,1,0,0,0,0,0,0,0,0,0,0.0,0.0,0,0,0,0,0,0,0.0,0,1,0,0.0,0,6,0,0,3,75.0,5,15,12,27,6.7,0,0,32,1,1,0
Ismail Esat Buga,2166295,Konyaspor,3085,turkey,2526,9,2,0,6.7,0,0,0,,0.01,0,0,0.0,2,0,0.0,3,0,3,100.0,0,0.0,0,0,0,0,0,0,0,0,0,0,1,0,0,1,20260428,1,2,0,0,0,0,0.0,0,0,0,0,0,0,,1,33.33,0,0,0,0,0,0,0,0,0.0,0,0,0,0,0.0,0,0,0,0,3,0,0,0,0,0,0,0,0,0,0,0.0,0.0,0,0,0,0,0,1,100.0,0,0,0,0.0,0,0,1,1,1,33.33,0,3,0,3,6.7,0,0,7,0,0,0
Onurcan Piri,213542,Kayserispor,3072,turkey,2526,360,4,4,6.7,0,0,0,,0.01,4,0,0.0,9,31,44.29,25,50,75,65.79,1,100.0,0,0,0,0,30,0,0,0,0,4,4,0,0,0,20260428,0,0,0,1,0,0,0.0,30,10,8,2,0,0,-3.1,0,0.0,0,1,0,39,0,0,0,0,0.0,0,0,0,0,0.0,1,0,0,0,41,0,1,0,0,1,6,7,13,0,5,0.0,0.0,0,0,0,0,0,0,0.0,1,0,0,0.0,0,6,0,0,1,100.0,70,58,56,114,26.8,0,0,148,1,1,0
Fatih Aksoy,827922,Alanyaspor,6362,turkey,2526,777,17,8,6.7,0,0,0,0.47,0.37,21,1,20.0,66,22,51.16,172,207,379,85.36,14,48.28,15,0,0,0,38,0,0,1,3,30,17,0,0,1,20260428,4,30,0,0,8,0,0.0,7,12,8,4,0,0,,25,62.5,0,0,0,65,15,5,0,0,3.0,0,0,0,0,0.0,0,0,0,0,77,3,0,0,0,0,0,0,0,0,0,0.0,0.0,0,3,3,3,2,4,66.67,0,10,7,70.0,5,38,6,5,39,56.52,43,213,231,444,113.9,6,0,551,11,3,0
Muharrem Cinan,957582,Kocaelispor,3065,turkey,2526,417,10,4,6.7,0,0,0,0.19,0.41,3,5,14.29,40,9,52.94,53,71,124,81.05,10,71.43,4,0,0,0,23,1,0,1,0,19,8,0,0,1,20260428,5,15,0,0,2,0,0.0,0,7,5,2,0,0,,18,62.07,0,0,0,29,4,3,0,0,1.0,0,0,0,0,0.0,0,0,0,0,84,2,0,0,0,0,0,0,0,0,0,0.0,0.0,0,1,0,0,0,2,40.0,0,11,8,72.73,3,9,5,35,28,65.12,17,69,84,153,53.6,1,0,298,5,2,0
Arbnor Muja,890695,Samsunspor,3053,turkey,2526,48,2,0,6.7,0,0,0,0.14,0.45,1,0,0.0,5,1,100.0,8,8,16,84.21,0,0.0,1,0,0,0,5,0,0,0,0,0,2,0,0,0,20260428,0,2,0,0,1,0,0.0,0,1,1,0,0,0,,4,80.0,0,0,0,3,0,0,0,1,0.0,0,0,0,0,0.0,0,0,0,0,7,2,0,0,0,0,0,0,0,0,0,0.0,0.0,0,1,0,1,0,1,50.0,0,2,2,100.0,0,1,2,1,4,66.67,1,11,8,19,13.4,1,0,28,1,0,0
Ogün Özçiçek,859783,Gaziantep FK,5138,turkey,2526,1169,20,13,6.7,0,0,0,0.11,0.91,21,0,0.0,79,24,58.54,175,266,441,85.8,8,34.78,15,0,0,0,69,2,0,2,1,15,20,0,0,11,20260428,10,62,0,1,21,0,0.0,0,17,16,1,0,0,,57,54.81,0,0,0,73,15,9,0,0,2.0,0,1,0,0,0.0,0,0,0,0,118,1,0,0,0,0,0,0,0,0,0,0.0,0.0,0,1,2,1,0,10,52.63,0,19,11,57.89,8,37,19,5,65,51.18,41,225,289,514,134.0,3,0,674,29,4,0
Yunus Emre Çift,1063325,Samsunspor,3053,turkey,2526,681,19,8,6.7,0,0,0,0.06,0.16,15,1,100.0,37,16,41.03,118,175,293,84.2,17,58.62,12,0,0,0,46,0,0,0,1,25,15,0,0,4,20260428,7,48,0,0,23,0,0.0,0,11,11,0,0,0,,36,50.0,0,0,0,55,13,2,0,0,5.0,0,0,0,0,0.0,0,0,0,0,68,1,0,0,0,0,0,0,0,0,0,0.0,0.0,0,0,3,2,1,3,60.0,0,26,18,69.23,2,28,5,1,53,52.48,39,158,190,348,100.5,3,1,477,7,4,0
Göktan Gürpüz,997007,Gençlerbirliği,7802,turkey,2526,1926,28,25,6.7,0,5,5,2.14,4.25,20,32,31.68,137,19,48.72,239,170,409,78.96,1,5.56,17,0,0,0,82,7,4,9,0,10,28,0,0,20,20260428,16,115,0,1,19,0,0.0,0,32,30,2,0,0,,93,48.69,0,0,2,109,15,36,0,1,0.0,0,0,0,0,0.0,0,0,0,0,300,11,0,0,0,0,0,0,0,0,0,0.0,0.0,2,13,10,11,3,43,48.31,0,30,17,56.67,36,49,89,101,94,44.98,39,312,206,518,187.5,23,1,939,20,2,0
Daniel Johnson,291237,Fatih Karagümrük,4954,turkey,2526,1017,17,11,6.69,1,3,4,0.75,1.62,19,8,23.53,115,21,43.75,214,190,404,83.82,4,50.0,4,0,0,0,50,3,1,3,0,10,17,0,0,10,20260428,8,42,1,0,15,0,16.67,0,22,21,1,1,0,,20,34.48,0,0,1,78,10,20,1,3,3.0,0,0,0,0,0.0,0,0,0,0,139,6,0,0,0,0,0,0,0,0,0,1017.0,0.0,0,2,4,1,2,5,50.0,0,6,2,33.33,20,40,10,34,24,36.36,48,275,207,482,113.8,6,0,635,9,4,0
Onur Ergün,893009,Başakşehir FK,3086,turkey,2526,312,16,3,6.69,0,1,1,0.31,0.77,4,0,0.0,21,3,50.0,52,76,128,85.33,5,55.56,4,0,0,0,19,1,0,2,0,10,14,0,0,0,20260428,6,16,0,0,3,0,0.0,0,4,4,0,0,0,,12,50.0,0,0,0,22,3,4,0,0,2.0,0,0,0,0,0.0,0,0,0,0,30,2,0,0,0,0,0,0,0,0,0,0.0,0.0,0,5,0,2,1,0,0.0,0,9,6,66.67,4,6,3,1,17,51.52,6,69,81,150,93.7,5,0,195,3,1,0
Nuno Da Costa,209374,Başakşehir FK,3086,turkey,2526,850,24,8,6.69,3,1,4,3.47,1.11,6,2,20.0,45,6,75.0,79,35,114,69.51,34,53.97,29,0,0,0,27,5,3,4,0,9,23,0,0,22,20260428,7,87,0,1,19,0,11.54,0,13,10,3,3,0,,47,44.76,1,0,1,50,7,14,0,3,1.0,0,1,0,0,0.0,0,0,0,0,119,7,0,0,2,0,0,0,0,0,0,283.33,0.0,0,18,8,16,6,19,63.33,0,13,9,69.23,13,9,30,10,81,48.21,8,123,41,164,153.9,26,2,364,16,3,0
Filip Krastev,935556,Göztepe,3054,turkey,2526,474,10,5,6.69,0,1,1,0.78,0.59,4,7,36.84,31,6,60.0,55,40,95,71.43,7,46.67,8,0,0,0,24,2,0,3,1,1,10,0,0,11,20260428,6,47,0,0,20,0,0.0,0,5,5,0,0,0,,40,50.63,0,0,1,38,7,9,0,0,1.0,1,0,0,0,0.0,0,0,0,0,79,2,0,0,0,0,0,0,0,0,0,0.0,0.0,2,4,7,6,2,9,69.23,0,23,8,34.78,9,13,13,19,47,50.0,10,88,45,133,66.9,11,0,272,8,1,0
Okay Yokuşlu,97967,Trabzonspor,3051,turkey,2526,898,22,10,6.69,1,0,1,0.33,0.74,17,2,50.0,54,22,53.66,167,286,453,89.0,26,55.32,21,0,0,0,34,1,0,1,3,44,17,0,1,6,20260428,7,47,0,2,16,0,16.67,7,9,8,1,0,1,,29,52.73,0,0,0,56,8,6,0,0,6.0,1,0,0,1,0.0,0,0,0,0,77,1,0,1,1,0,0,0,0,0,0,898.0,0.0,0,4,2,2,3,2,66.67,0,10,6,60.0,6,30,3,4,55,53.92,41,211,298,509,113.7,6,1,657,18,1,0
Hüseyin Türkmen,913994,Antalyaspor,3056,turkey,2526,1166,17,13,6.69,0,0,0,0.17,0.09,21,1,20.0,31,49,52.69,124,312,436,83.37,22,39.29,34,0,0,0,37,0,0,1,3,83,17,0,0,1,20260428,10,55,0,1,10,0,0.0,8,17,17,0,0,0,,20,48.78,0,0,0,87,26,1,0,0,10.0,0,0,0,2,0.0,0,0,0,0,104,1,0,0,0,0,0,0,0,0,0,0.0,0.0,0,4,0,2,1,1,50.0,0,14,8,57.14,1,50,2,5,42,43.3,93,185,338,523,113.7,4,1,738,6,0,0
Toni Borevković,886843,Samsunspor,3053,turkey,2526,1073,17,10,6.69,1,0,1,0.72,0.32,21,0,0.0,48,22,48.89,190,342,532,88.08,21,56.76,16,0,0,0,35,0,0,0,2,66,16,0,0,1,20260428,4,35,0,2,15,0,50.0,0,19,19,0,1,0,,32,62.75,0,0,0,72,14,1,0,0,8.0,1,0,0,2,0.0,0,0,0,0,79,1,0,0,1,0,0,0,0,0,0,1073.0,0.0,0,2,0,1,1,1,100.0,0,23,11,47.83,1,32,1,0,53,60.23,45,225,379,604,107.0,2,0,756,9,2,0
Thalisson,863277,Gençlerbirliği,7802,turkey,2526,2529,29,28,6.68,2,0,2,1.47,0.28,20,1,16.67,59,71,55.04,206,606,812,84.76,44,53.01,39,0,0,0,89,0,2,1,6,120,29,0,0,4,20260428,13,83,1,2,31,0,18.18,2,40,37,3,2,0,,72,62.07,0,0,0,146,30,3,0,0,15.0,0,0,0,2,0.0,0,0,0,0,192,1,0,2,2,0,0,0,0,0,0,1264.5,0.0,0,10,1,4,6,6,85.71,0,46,26,56.52,3,50,7,6,116,58.29,129,291,667,958,193.8,11,2,1424,21,3,2
Enes Keskin,897168,Alanyaspor,6362,turkey,2526,608,19,5,6.68,0,1,1,0.46,0.25,7,2,20.0,48,10,58.82,96,105,201,81.05,5,41.67,7,0,0,0,32,1,1,0,0,20,17,0,0,5,20260428,12,37,0,0,7,0,0.0,0,7,7,0,0,0,,39,56.52,0,0,0,47,11,4,0,4,0.0,0,0,0,1,0.0,0,0,0,0,91,1,0,0,0,0,0,0,0,0,0,0.0,0.0,0,5,2,5,2,5,41.67,0,18,14,77.78,4,13,12,10,44,54.32,17,122,126,248,113.6,7,0,441,16,1,0
Jo Jin-ho,1019710,Konyaspor,3085,turkey,2526,908,17,10,6.68,0,1,1,0.39,0.82,13,6,35.29,106,13,46.43,205,184,389,88.01,5,31.25,11,0,0,0,37,2,0,3,1,10,17,0,0,11,20260428,18,66,0,0,27,0,0.0,0,15,13,2,0,0,,53,49.07,0,0,0,53,8,6,0,0,1.0,0,0,0,1,0.0,0,0,0,0,103,3,0,0,0,0,0,0,0,0,0,0.0,0.0,0,3,7,4,3,10,76.92,0,30,14,46.67,6,26,13,17,58,46.77,28,242,200,442,113.6,10,0,617,13,4,0
Soner Gönül,867727,Samsunspor,3053,turkey,2526,752,15,7,6.68,0,0,0,0.16,1.08,14,19,36.54,80,16,41.03,178,104,282,78.99,11,55.0,9,0,0,0,40,0,1,1,1,21,15,0,0,5,20260428,3,25,0,0,6,0,0.0,0,14,11,3,0,0,,31,65.96,0,0,0,75,3,15,0,4,0.0,0,0,0,1,0.0,0,0,0,0,147,0,0,0,0,0,0,0,0,0,0,0.0,0.0,0,3,3,2,3,2,40.0,0,18,7,38.89,15,33,5,52,42,62.69,39,225,132,357,100.2,6,0,587,11,3,0
Uğur Kaan Yıldız,995383,Göztepe,3054,turkey,2526,69,7,0,6.68,0,0,0,0.15,0.11,1,1,33.33,7,1,100.0,10,2,12,85.71,0,0.0,1,0,0,0,0,1,0,0,0,4,5,0,0,0,20260428,1,3,0,0,1,0,0.0,0,0,0,0,0,0,,2,50.0,0,0,0,2,0,1,0,0,0.0,0,0,0,0,0.0,0,0,0,0,6,0,0,0,0,0,0,0,0,0,0,0.0,0.0,0,1,0,0,1,0,0.0,0,2,1,50.0,1,1,0,3,2,40.0,1,11,3,14,33.4,1,0,29,0,0,0
Marius Mouandilmadji,943593,Samsunspor,3053,turkey,2526,1785,31,19,6.68,7,1,8,7.59,1.32,11,0,0.0,87,12,66.67,140,55,195,57.35,69,53.08,61,0,0,0,38,3,11,10,3,17,31,0,0,37,20260428,9,144,0,0,31,0,15.22,0,24,22,2,7,0,,44,34.65,1,0,0,145,3,14,1,25,2.0,0,0,1,0,100.0,0,1,0,1,252,16,0,0,5,0,0,0,0,0,0,255.0,0.0,0,40,6,18,18,14,53.85,0,5,4,80.0,14,21,26,3,113,43.97,18,261,79,340,207.0,46,2,606,26,3,0
Lionel Carole,122922,Kayserispor,3072,turkey,2526,1632,21,20,6.68,0,0,0,0.01,0.54,41,2,11.76,120,68,52.71,256,327,583,80.41,16,45.71,19,0,0,0,85,2,0,1,2,54,21,0,0,6,20260428,10,48,0,1,9,0,0.0,4,37,31,6,0,0,,58,66.67,0,0,0,142,24,8,0,2,6.0,0,0,0,0,0.0,0,0,0,0,213,2,0,0,0,0,0,0,0,0,0,0.0,0.0,0,0,1,0,0,1,16.67,0,29,20,68.97,8,82,6,17,74,60.66,129,355,370,725,140.2,1,0,1052,28,4,0
Emre Tasdemir,190191,Kasımpaşa,6063,turkey,2526,65,5,1,6.68,0,0,0,,0.1,5,0,0.0,5,4,66.67,8,3,11,68.75,0,0.0,1,0,0,0,3,0,0,0,0,3,4,0,0,0,20260428,0,1,0,0,0,0,0.0,0,1,1,0,0,0,,2,100.0,0,0,0,5,1,0,0,0,0.0,0,0,0,0,0.0,0,0,0,0,10,0,0,0,0,0,0,0,0,0,0,0.0,0.0,0,0,0,0,0,0,0.0,0,0,0,0.0,0,9,0,3,2,66.67,6,11,5,16,26.7,0,0,34,2,0,0
Salih Ucan,135695,Beşiktaş JK,3050,turkey,2526,472,17,4,6.67,0,0,0,0.49,0.15,8,1,20.0,50,7,43.75,100,84,184,82.14,7,43.75,9,0,0,0,30,0,1,1,0,14,15,0,0,5,20260428,4,34,0,0,13,0,0.0,0,7,6,1,0,0,,29,53.7,0,0,0,40,8,3,0,0,4.0,0,0,0,0,0.0,0,0,0,0,65,4,0,0,0,0,0,0,0,0,0,0.0,0.0,0,3,2,3,1,5,55.56,0,18,12,66.67,3,20,9,5,36,51.43,16,131,93,224,100.1,5,0,334,6,3,0
Taskin Ilter,171911,Eyüpspor,7040,turkey,2526,916,19,10,6.67,0,0,0,0.18,0.3,29,0,0.0,78,33,56.9,156,296,452,84.33,12,42.86,16,0,0,0,42,0,0,0,0,14,18,0,0,3,20260428,10,51,0,1,19,0,0.0,0,14,13,1,0,0,,31,46.97,0,0,0,84,11,4,0,0,3.0,0,0,0,0,0.0,0,0,0,0,104,1,0,0,0,0,0,0,0,0,0,0.0,0.0,0,3,2,2,3,0,0.0,0,24,15,62.5,4,55,3,0,43,45.74,58,216,320,536,120.1,5,0,642,7,6,0
Cherif Ndiaye,868268,Samsunspor,3053,turkey,2526,1253,21,14,6.67,5,1,6,4.98,1.08,9,1,33.33,67,12,85.71,133,65,198,79.84,25,39.06,39,0,0,0,28,3,6,6,0,11,21,0,0,18,20260428,5,104,0,0,33,0,18.52,0,23,20,3,5,0,,67,50.76,1,0,0,50,0,18,0,14,0.0,0,0,0,0,0.0,0,0,0,1,129,7,0,1,4,0,0,0,0,0,0,250.6,0.0,0,25,2,11,10,8,40.0,0,13,8,61.54,18,14,20,3,92,46.94,14,173,75,248,140.1,27,0,486,46,2,1
Samuel Ballet,966663,Antalyaspor,3056,turkey,2526,1453,21,14,6.67,4,0,4,1.97,0.73,8,4,14.29,103,9,42.86,153,92,245,73.35,4,19.05,17,0,0,0,82,2,1,11,1,4,21,0,0,40,20260428,22,209,0,0,58,0,14.29,1,30,27,3,2,2,,140,42.17,0,0,2,89,12,10,2,8,2.0,0,0,0,0,0.0,0,0,0,0,312,14,0,0,2,0,0,0,0,0,0,363.25,0.0,1,16,12,8,9,41,35.65,0,45,32,71.11,10,14,115,28,144,40.79,21,225,109,334,140.0,28,0,832,54,8,0
Edin Visca,109779,Trabzonspor,3051,turkey,2526,188,9,2,6.67,0,0,0,0.35,0.35,5,6,27.27,25,5,83.33,36,17,53,80.3,1,25.0,3,0,0,0,9,0,0,3,0,3,9,0,0,1,20260428,4,9,0,0,0,0,0.0,0,2,2,0,0,0,,10,62.5,0,0,0,13,0,5,0,2,1.0,0,0,0,0,0.0,0,0,0,0,35,3,0,0,0,0,0,0,0,0,0,0.0,0.0,0,6,2,3,2,1,50.0,0,2,1,50.0,5,8,2,22,11,55.0,6,46,20,66,60.0,8,0,130,7,0,0
Dorin Rotariu,335317,Eyüpspor,7040,turkey,2526,63,3,0,6.67,0,0,0,0.04,0.05,0,0,0.0,4,0,0.0,6,3,9,60.0,2,66.67,1,0,0,0,1,0,0,0,0,1,3,0,0,1,20260428,0,4,0,0,0,0,0.0,0,2,2,0,0,0,,2,40.0,0,0,0,6,1,1,0,0,0.0,0,0,0,0,0.0,0,0,0,0,11,0,0,0,0,0,0,0,0,0,0,0.0,0.0,0,0,1,0,1,1,33.33,0,1,1,100.0,1,1,3,1,4,50.0,0,11,4,15,20.0,1,0,27,0,0,0
Mert Müldür,836683,Fenerbahçe,3052,turkey,2526,1134,22,10,6.66,1,1,2,1.1,1.26,15,1,3.45,146,20,52.63,264,204,468,82.25,8,30.77,18,0,0,0,35,1,2,1,4,26,21,0,0,7,20260428,13,56,0,0,6,0,10.0,0,19,17,2,1,0,,65,63.11,0,0,0,101,17,13,1,0,2.0,0,0,0,0,0.0,0,0,0,0,176,3,0,0,0,0,0,0,0,0,0,1134.0,0.0,0,8,2,7,2,10,45.45,0,38,25,65.79,13,33,22,29,73,56.59,38,330,239,569,139.9,10,0,897,18,4,0
Sam Larsson,229800,Fatih Karagümrük,4954,turkey,2526,1433,20,19,6.66,1,3,4,3.1,2.57,16,6,31.58,169,14,56.0,265,133,398,76.25,11,34.38,21,0,0,0,63,4,4,12,0,3,20,0,0,27,20260428,13,90,1,0,14,0,3.7,0,30,27,3,1,0,,60,46.51,0,0,0,124,22,34,0,3,4.0,0,1,1,0,100.0,0,1,0,0,239,14,0,0,1,0,0,0,0,0,0,1433.0,0.0,2,13,14,5,10,26,63.41,0,24,13,54.17,33,30,41,19,71,44.1,25,363,159,522,133.2,27,0,809,12,1,0
Alexis Antunes,865516,Göztepe,3054,turkey,2526,453,10,5,6.66,1,0,1,0.8,0.5,6,7,36.84,36,4,66.67,56,31,87,77.68,4,26.67,11,0,0,0,20,2,1,3,0,4,10,0,0,10,20260428,4,43,0,0,14,0,10.0,0,7,6,1,0,1,,26,44.83,0,0,0,25,6,14,0,4,1.0,0,0,0,1,0.0,0,0,0,0,65,6,0,0,1,0,0,0,0,0,0,453.0,0.0,1,5,5,2,5,4,44.44,0,10,8,80.0,14,9,9,19,30,41.1,6,75,37,112,66.6,10,0,231,12,1,0
Stefano Denswil,97404,Kayserispor,3072,turkey,2526,2677,30,30,6.66,1,0,1,1.62,0.65,37,1,20.0,104,81,47.37,343,739,1082,88.04,62,63.27,36,0,0,0,88,1,2,4,7,138,30,0,0,3,20260428,11,69,0,1,22,0,4.35,45,53,44,9,1,0,,41,55.41,1,0,0,147,22,6,0,4,24.0,0,0,0,1,0.0,0,0,0,0,167,0,0,0,0,0,0,0,0,0,0,2677.0,0.0,3,16,7,17,2,1,100.0,0,28,14,50.0,6,87,1,5,103,59.88,171,457,772,1229,199.7,23,0,1532,13,3,0
Altin Zeqiri,991742,Çaykur Rizespor,3064,turkey,2526,721,23,5,6.66,1,0,1,1.44,0.93,8,7,26.92,58,10,47.62,98,67,165,74.66,6,54.55,5,0,0,0,35,1,1,4,2,3,23,0,0,16,20260428,7,45,0,0,9,0,7.69,0,13,12,1,1,0,,33,45.21,0,0,0,56,2,8,0,1,0.0,0,0,0,0,0.0,0,0,0,0,123,7,0,0,1,0,0,0,0,0,0,721.0,0.0,0,9,4,3,6,13,61.9,0,14,12,85.71,8,20,21,26,39,46.43,21,136,85,221,153.1,13,0,371,6,3,0
Karol Linetty,189135,Kocaelispor,3065,turkey,2526,1539,25,19,6.66,0,2,2,1.76,1.91,21,14,27.45,146,24,68.57,270,208,478,82.27,12,54.55,10,0,0,0,74,4,4,5,3,8,25,0,0,15,20260428,12,103,1,1,55,0,0.0,0,18,14,4,0,0,,51,35.42,0,0,0,103,19,28,0,0,4.0,0,0,0,0,0.0,0,0,0,1,209,9,0,0,0,0,0,0,0,0,0,0.0,0.0,0,13,9,7,10,3,20.0,0,31,15,48.39,28,37,15,51,63,37.95,35,338,243,581,166.4,22,0,856,18,7,0
Tanguy Coulibaly,954060,Samsunspor,3053,turkey,2526,591,11,7,6.65,1,0,1,1.05,0.68,5,0,0.0,57,6,75.0,95,54,149,78.84,3,33.33,6,0,0,0,27,1,1,6,0,2,11,0,0,4,20260428,8,55,0,0,25,0,6.67,0,10,10,0,0,1,,33,40.24,0,0,0,40,2,4,1,1,1.0,0,0,0,0,0.0,0,0,0,0,89,5,0,0,0,0,0,0,0,0,0,591.0,0.0,0,12,3,5,4,9,40.91,0,13,6,46.15,4,7,22,10,36,39.56,8,124,65,189,73.2,15,0,318,11,3,0
Benjamin Bouchouari,1046446,Trabzonspor,3051,turkey,2526,379,14,3,6.65,0,0,0,0.29,0.23,7,0,0.0,74,9,81.82,131,63,194,88.58,2,40.0,3,0,0,0,16,1,0,2,0,1,13,0,1,4,20260428,4,18,0,1,2,0,0.0,0,7,7,0,0,0,,17,53.13,0,0,0,25,3,8,0,0,2.0,0,0,0,0,0.0,0,0,0,0,48,1,0,1,0,0,0,0,0,0,0,0.0,0.0,0,1,5,2,2,3,37.5,0,6,5,83.33,8,9,8,3,19,51.35,11,148,71,219,86.5,6,0,285,8,0,0
Taylan Antalyali,190197,Çaykur Rizespor,3064,turkey,2526,1062,25,12,6.65,0,0,0,0.41,0.36,27,2,22.22,84,26,66.67,200,203,403,85.02,4,36.36,7,0,0,0,69,0,0,4,2,10,23,0,0,12,20260428,9,47,1,0,18,0,0.0,0,17,16,1,0,0,,41,50.62,0,0,0,71,16,5,0,0,7.0,0,0,0,1,0.0,0,0,0,0,109,5,0,0,0,0,0,0,0,0,0,0.0,0.0,0,2,8,3,3,6,75.0,0,20,13,65.0,5,49,8,9,45,48.91,39,250,224,474,153.0,10,0,625,15,4,0
Yalçın Kayan,945548,Samsunspor,3053,turkey,2526,1556,28,19,6.65,0,3,3,2.28,2.32,20,13,22.41,126,22,52.38,266,253,519,84.25,4,22.22,14,0,0,0,89,6,5,4,2,7,27,0,0,30,20260428,13,105,0,1,28,0,0.0,0,25,23,2,0,0,,96,51.34,0,0,2,97,11,21,0,1,1.0,0,0,0,0,0.0,0,0,0,0,233,14,0,0,0,0,0,0,0,0,0,0.0,0.0,0,14,4,6,8,35,62.5,0,27,14,51.85,21,39,56,58,100,48.78,42,339,277,616,179.6,18,0,958,35,7,0
Attila Mocsi,889382,Çaykur Rizespor,3064,turkey,2526,1528,22,16,6.65,2,0,2,1.63,0.23,40,2,33.33,68,67,47.18,204,522,726,84.22,31,53.45,27,0,0,0,76,0,0,1,2,82,20,0,0,0,20260428,12,57,1,0,21,0,40.0,1,29,25,4,2,0,,38,55.88,0,0,0,136,7,2,1,0,13.0,0,0,0,0,0.0,0,0,0,0,149,2,0,0,1,0,0,0,0,0,0,764.0,0.0,0,3,2,2,2,3,100.0,0,28,21,75.0,2,88,3,6,69,54.76,142,295,567,862,133.0,5,1,1056,8,3,0
Jaures Assoumou,1514452,Samsunspor,3053,turkey,2526,368,6,5,6.65,1,0,1,0.64,0.34,3,1,11.11,30,4,50.0,54,20,74,71.84,3,30.0,7,0,0,0,18,0,0,3,2,0,6,0,0,8,20260428,4,29,0,0,6,0,12.5,0,2,1,1,1,0,,19,46.34,1,0,0,29,4,3,0,1,0.0,0,0,0,0,0.0,0,0,0,0,65,3,0,0,0,0,0,0,0,0,0,368.0,0.0,0,5,3,3,2,4,44.44,0,5,4,80.0,3,7,9,9,22,43.14,8,81,22,103,39.9,8,0,186,10,0,0
Sam Mather,1136727,Kayserispor,3072,turkey,2526,55,2,1,6.65,0,0,0,,0.2,0,1,100.0,3,0,0.0,8,1,9,69.23,0,0.0,0,0,0,0,3,1,0,0,0,0,2,0,0,2,20260428,1,3,0,0,0,0,0.0,0,3,2,1,0,0,,5,62.5,0,0,0,4,1,2,0,0,0.0,0,0,0,0,0.0,0,0,0,0,11,1,0,0,0,0,0,0,0,0,0,0.0,0.0,0,0,0,0,0,3,100.0,0,2,1,50.0,2,0,3,1,5,62.5,0,11,2,13,13.3,0,0,30,0,0,0
Hasan Yakub İlçin,2031279,Antalyaspor,3056,turkey,2526,182,4,3,6.65,0,0,0,,0.03,5,0,0.0,13,8,100.0,27,33,60,85.71,3,60.0,2,0,0,0,10,1,0,0,0,0,4,0,0,0,20260428,1,8,0,2,0,0,0.0,0,3,3,0,0,0,,8,57.14,0,0,0,10,2,1,0,0,0.0,0,0,0,0,0.0,0,0,0,0,17,0,0,0,0,0,0,0,0,0,0,0.0,0.0,0,0,0,0,0,2,28.57,0,4,3,75.0,1,6,7,0,11,57.89,8,32,38,70,26.6,0,0,97,2,0,0
Yáser Asprilla,1092769,Galatasaray,3061,turkey,2526,164,7,1,6.65,0,0,0,0.94,0.32,5,2,33.33,36,2,66.67,57,20,77,92.77,1,50.0,1,0,0,0,7,0,2,2,0,0,6,0,0,2,20260428,0,7,1,0,2,0,0.0,0,3,3,0,0,0,,6,50.0,0,0,0,6,2,4,0,0,0.0,0,0,0,0,0.0,0,0,0,0,23,0,0,0,0,0,0,0,0,0,0,0.0,0.0,0,4,4,5,1,4,66.67,0,0,0,0.0,4,6,6,6,7,50.0,3,63,20,83,39.9,8,0,121,2,0,0
Juninho Bacuna,788971,Gaziantep FK,5138,turkey,2526,232,9,2,6.65,0,0,0,0.42,0.51,9,1,11.11,33,11,61.11,66,42,108,80.6,4,66.67,2,0,0,0,21,1,0,3,0,2,8,0,0,2,20260428,2,14,0,1,4,0,0.0,0,7,6,1,0,0,,15,55.56,0,0,1,26,4,6,0,0,0.0,0,0,0,1,0.0,0,0,0,0,47,0,0,0,0,0,0,0,0,0,0,0.0,0.0,1,0,7,2,2,3,42.86,0,8,6,75.0,6,14,7,9,19,57.58,18,85,49,134,53.2,7,0,193,4,1,0
Joseph Nonge,1149138,Kocaelispor,3065,turkey,2526,1057,22,12,6.65,0,0,0,0.27,1.26,10,2,16.67,75,8,57.14,133,89,222,82.84,9,33.33,18,0,0,0,26,5,0,3,0,8,22,0,0,20,20260428,3,89,0,0,28,0,0.0,0,17,16,1,0,0,,74,51.03,0,0,0,46,11,9,0,1,5.0,0,0,0,0,0.0,0,0,0,0,144,2,0,0,0,0,0,0,0,0,0,0.0,0.0,0,5,3,4,1,15,41.67,0,20,12,60.0,9,17,36,12,83,48.26,14,171,97,268,146.3,8,0,511,39,3,0
Hwang Ui-Jo,791314,Alanyaspor,6362,turkey,2526,2243,30,27,6.65,4,6,10,3.38,1.48,14,5,22.73,122,12,50.0,231,158,389,80.87,8,28.57,20,0,0,0,43,5,3,11,1,5,30,0,0,21,20260428,8,88,0,0,19,0,10.0,0,30,25,5,4,0,,59,46.46,1,0,1,92,5,27,0,10,1.0,0,0,0,0,0.0,0,0,0,0,213,8,0,0,3,0,0,0,0,0,0,560.75,0.0,0,29,11,15,14,17,44.74,0,11,8,72.73,27,22,38,22,67,43.23,24,300,181,481,199.4,40,1,784,33,2,0
Emrecan Bulut,1480663,Çaykur Rizespor,3064,turkey,2526,578,17,6,6.65,1,2,3,0.82,1.15,1,2,16.67,51,1,12.5,69,23,92,66.67,9,50.0,9,0,0,0,28,2,0,5,0,2,15,0,0,7,20260428,10,55,0,0,12,0,6.67,0,11,8,3,1,0,,37,44.58,0,0,0,46,2,5,0,1,2.0,0,0,0,1,0.0,0,0,0,0,101,2,0,0,1,0,0,0,0,0,0,578.0,0.0,0,7,8,5,5,14,45.16,0,15,7,46.67,5,8,31,12,46,45.54,8,98,40,138,99.7,15,0,269,8,1,0
Fedor Chalov,814599,Kayserispor,3072,turkey,2526,655,11,7,6.65,1,1,2,1.8,1.64,5,1,20.0,56,2,25.0,113,63,176,72.13,10,43.48,13,0,0,0,22,4,2,1,1,2,11,0,0,10,20260428,10,48,0,0,8,0,7.69,0,12,9,3,1,0,,14,28.57,0,0,2,68,1,12,0,2,0.0,0,0,0,0,0.0,0,0,0,0,115,4,0,0,1,0,0,0,0,0,0,655.0,0.0,0,10,3,7,5,4,36.36,0,2,1,50.0,12,11,11,5,24,33.33,8,168,76,244,73.1,13,0,350,8,1,0
Guilherme,224112,Konyaspor,3085,turkey,2526,1860,22,21,6.65,0,1,1,0.39,2.68,35,37,34.91,161,47,41.96,328,314,642,79.95,18,47.37,20,0,0,0,58,3,0,9,3,57,22,0,0,8,20260428,15,63,0,1,17,0,0.0,0,33,28,5,0,0,,47,52.22,0,0,0,161,24,29,0,1,8.0,0,0,0,0,0.0,0,0,0,0,279,2,0,0,0,0,0,0,0,0,0,0.0,0.0,1,3,9,2,1,6,66.67,0,33,22,66.67,29,82,9,106,65,50.78,112,455,348,803,146.2,12,0,1315,8,3,0
Ángel Torres,954090,Eyüpspor,7040,turkey,2526,553,11,6,6.65,0,1,1,0.34,1.03,6,3,42.86,61,8,88.89,94,64,158,79.4,4,33.33,8,0,0,0,46,1,0,1,0,5,11,0,0,14,20260428,7,54,0,0,9,0,0.0,0,10,10,0,0,0,,35,43.21,0,0,0,41,3,9,0,3,0.0,0,0,0,0,0.0,0,0,0,0,100,8,0,0,0,0,0,0,0,0,0,0.0,0.0,0,4,3,6,0,19,51.35,0,8,6,75.0,9,9,37,7,39,41.94,9,122,77,199,73.1,7,0,329,8,0,0
Arif Boşluk,1138095,Konyaspor,3085,turkey,2526,910,22,8,6.65,0,0,0,0.75,0.55,9,3,37.5,58,10,31.25,143,124,267,82.66,11,45.83,13,0,0,0,44,1,1,2,1,30,22,0,0,11,20260428,7,55,3,2,17,0,0.0,0,15,13,2,0,0,,62,59.62,0,0,0,56,9,12,0,0,4.0,0,0,0,0,0.0,0,0,0,0,123,2,0,0,0,0,0,0,0,0,0,0.0,0.0,0,1,4,3,0,19,73.08,0,40,27,67.5,12,25,26,8,73,57.03,32,183,140,323,146.2,5,1,623,3,3,0
Kazeem Olaigbe,1004346,Konyaspor,3085,turkey,2526,1890,29,24,6.64,0,1,1,2.4,1.73,17,5,10.2,171,22,57.89,291,159,450,80.36,3,17.65,14,0,0,0,73,3,0,14,1,7,29,0,0,30,20260428,8,123,0,0,23,0,0.0,0,20,18,2,0,0,,91,45.5,0,0,1,110,6,18,0,17,4.0,0,0,0,0,0.0,0,0,0,0,297,14,0,0,0,0,0,0,0,0,0,0.0,0.0,0,25,18,15,14,37,43.02,0,24,12,50.0,18,30,86,49,94,43.32,38,377,183,560,192.7,43,0,986,30,1,0
Tayfur Bingol,255957,Kocaelispor,3065,turkey,2526,2022,27,23,6.64,5,2,7,4.38,2.08,17,6,31.58,167,13,31.71,299,200,499,79.97,27,36.99,46,0,0,0,118,3,5,10,4,21,27,0,0,45,20260428,19,158,0,0,32,0,11.63,0,21,18,3,5,0,,88,44.0,0,0,1,125,15,27,0,24,1.0,0,0,0,0,0.0,0,0,0,0,264,17,0,0,5,0,0,0,0,0,0,404.4,0.0,0,29,14,15,18,19,48.72,0,32,21,65.63,27,39,39,19,115,42.12,41,397,227,624,179.4,43,1,1012,37,5,0
Mame Thiam,180981,Eyüpspor,7040,turkey,2526,1182,14,13,6.64,2,0,2,3.29,2.37,4,2,20.0,71,6,50.0,120,85,205,78.24,35,53.03,31,0,0,0,31,5,5,6,1,11,14,0,0,16,20260428,3,82,0,0,27,0,7.69,0,17,17,0,2,0,,23,31.08,1,0,0,57,5,12,0,14,2.0,0,0,0,0,0.0,0,0,0,0,115,4,0,0,1,0,0,0,0,0,0,591.0,0.0,0,25,1,9,11,0,0.0,0,14,11,78.57,12,8,6,10,58,41.43,12,162,100,262,93.0,26,1,424,10,4,0
Morten Bjørlo,921358,Konyaspor,3085,turkey,2526,1210,26,13,6.64,0,3,3,0.93,1.65,19,1,14.29,127,24,88.89,223,166,389,84.2,17,42.5,23,0,0,0,63,5,1,2,1,15,26,0,0,9,20260428,8,66,0,0,17,0,0.0,0,18,16,2,0,0,,39,47.56,0,0,0,73,8,17,0,2,2.0,0,0,0,0,0.0,0,0,0,0,118,7,0,0,0,0,0,0,0,0,0,0.0,0.0,0,4,4,5,1,10,47.62,0,16,6,37.5,17,25,21,7,56,45.9,27,273,189,462,172.7,8,0,616,15,4,0
Fousseni Diabaté,796374,Kasımpaşa,6063,turkey,2526,1728,24,18,6.64,1,2,3,1.57,2.6,8,19,34.55,139,7,38.89,236,147,383,78.48,13,34.21,25,0,0,0,60,3,4,5,0,9,24,0,0,18,20260428,15,86,1,0,11,0,7.14,0,25,24,1,1,0,,55,47.41,0,0,0,105,9,31,1,4,2.0,0,0,0,0,0.0,0,0,0,0,222,6,0,0,0,0,0,0,0,0,0,1728.0,0.0,1,7,7,2,7,14,43.75,0,22,15,68.18,31,14,32,55,68,44.16,18,320,168,488,159.4,14,0,764,19,1,0
Ahmed Ildız,849329,Göztepe,3054,turkey,2526,63,7,0,6.64,0,0,0,0.09,0.01,0,0,0.0,7,0,0.0,8,3,11,84.62,1,50.0,1,0,0,0,1,0,0,1,0,3,5,0,0,1,20260428,0,5,0,0,2,0,0.0,0,0,0,0,0,0,,4,50.0,0,0,0,2,1,0,0,0,1.0,0,0,0,0,0.0,0,0,0,0,8,0,0,0,0,0,0,0,0,0,0,0.0,0.0,0,1,0,0,0,1,50.0,0,2,1,50.0,0,0,2,0,5,50.0,0,10,3,13,33.2,1,0,32,1,1,0
Furkan Bayır,1003161,Göztepe,3054,turkey,2526,351,9,4,6.64,0,0,0,0.04,0.01,3,0,0.0,8,6,40.0,29,21,50,64.94,8,50.0,8,0,0,0,6,0,0,0,1,25,8,0,0,0,20260428,1,13,1,0,5,0,0.0,0,3,3,0,0,0,,7,58.33,0,0,0,27,3,0,0,0,5.0,0,0,0,0,0.0,0,0,0,0,30,1,0,0,0,0,0,0,0,0,0,0.0,0.0,0,1,0,0,1,0,0.0,0,5,2,40.0,0,6,0,0,15,53.57,15,47,30,77,53.1,1,0,129,2,2,0
Atakan Çankaya,1066338,Fatih Karagümrük,4954,turkey,2526,1530,17,17,6.64,1,1,2,1.58,1.08,22,5,31.25,79,20,30.3,217,260,477,76.57,28,50.0,28,0,0,0,74,5,2,5,1,49,17,0,0,8,20260428,18,86,1,1,22,0,6.67,2,32,31,1,1,0,,84,59.15,1,0,0,146,27,5,0,1,7.0,0,0,0,1,0.0,0,0,0,1,213,2,0,0,0,0,0,0,0,0,0,1530.0,0.0,0,9,6,7,3,14,50.0,0,29,21,72.41,5,56,28,16,112,56.57,66,323,300,623,112.8,15,1,1042,44,3,0
Darko Churlinov,876345,Kocaelispor,3065,turkey,2526,979,24,11,6.63,0,3,3,2.12,1.74,9,7,20.0,69,7,36.84,118,67,185,75.51,5,17.24,24,0,0,0,26,3,2,8,0,10,23,0,0,15,20260428,5,66,0,0,7,0,0.0,0,11,9,2,0,0,,52,55.32,0,0,2,60,6,9,0,7,1.0,0,0,0,0,0.0,0,0,0,0,149,7,0,0,0,0,0,0,0,0,0,0.0,0.0,0,12,6,6,4,25,62.5,0,15,8,53.33,9,20,40,35,57,46.34,19,168,77,245,152.6,18,1,458,12,2,0
Husniddin Aliqulov,1121174,Çaykur Rizespor,3064,turkey,2526,427,7,5,6.63,0,0,0,0.13,0.29,4,1,33.33,20,12,41.38,58,146,204,84.65,24,77.42,7,0,0,0,12,0,0,3,2,30,6,0,0,1,20260428,2,18,0,0,9,0,0.0,2,7,7,0,0,0,,3,21.43,0,0,0,37,12,2,0,0,2.0,0,0,0,1,0.0,0,0,0,0,42,0,0,0,0,0,0,0,0,0,0,0.0,0.0,0,2,2,0,1,0,0.0,0,3,2,66.67,2,9,0,3,27,60.0,29,86,155,241,39.8,4,0,305,1,4,0
Soner Dikmen,847782,Antalyaspor,3056,turkey,2526,1902,25,22,6.63,2,0,2,1.99,0.38,33,2,18.18,87,38,46.91,253,315,568,81.38,29,51.79,27,0,0,0,85,1,1,7,1,55,25,0,0,9,20260428,25,101,0,1,32,0,9.09,0,29,26,3,2,0,,62,45.59,0,0,0,130,21,7,0,3,3.0,0,0,0,0,0.0,0,0,0,0,181,10,0,0,2,0,0,0,0,0,0,951.0,0.0,1,15,7,7,8,9,52.94,0,30,13,43.33,7,67,17,11,91,47.4,81,346,352,698,165.8,22,0,974,24,8,0
Cafu,110956,Kasımpaşa,6063,turkey,2526,1118,22,13,6.63,0,1,1,0.73,1.44,24,13,34.21,129,29,54.72,243,195,438,86.9,9,81.82,2,0,0,0,55,1,0,6,3,13,22,0,2,10,20260428,2,36,0,0,15,0,0.0,0,20,19,1,0,0,,33,49.25,0,0,0,66,10,15,0,0,4.0,0,1,0,0,0.0,0,0,0,0,118,5,0,2,0,0,0,0,0,0,0,0.0,0.0,3,5,9,5,3,4,33.33,0,8,6,75.0,14,45,12,38,42,53.85,53,302,202,504,145.9,14,0,664,22,5,0
Muhamed Buljubašić,1134586,Çaykur Rizespor,3064,turkey,2526,798,21,7,6.63,0,0,0,0.52,0.82,10,2,28.57,76,16,66.67,149,148,297,86.84,11,47.83,12,0,0,0,39,0,0,7,0,13,19,0,0,14,20260428,17,67,0,0,17,0,0.0,0,13,10,3,0,0,,50,47.62,0,0,0,45,6,6,0,0,2.0,0,1,0,0,0.0,0,0,0,0,88,3,0,0,0,0,0,0,0,0,0,0.0,0.0,0,4,8,3,2,13,59.09,0,19,8,42.11,5,15,22,7,61,47.66,24,183,159,342,126.0,12,0,494,18,1,0
Anıl Yiğit Çınar,1198959,Fatih Karagümrük,4954,turkey,2526,990,13,10,6.63,1,0,1,0.53,0.06,16,0,0.0,24,21,31.34,110,255,365,77.33,41,69.49,18,0,0,0,20,0,0,2,1,85,13,0,0,1,20260428,2,37,0,1,16,0,16.67,4,17,16,1,1,0,,26,57.78,0,0,0,107,15,0,1,0,8.0,2,0,0,0,0.0,0,0,0,0,116,0,0,0,0,0,0,0,0,0,0,990.0,0.0,0,5,1,3,1,2,100.0,0,13,10,76.92,0,46,2,1,67,64.42,67,177,295,472,86.2,6,0,654,13,4,0
Matias Kranevitter,295159,Fatih Karagümrük,4954,turkey,2526,1539,20,19,6.63,1,0,1,0.92,0.38,37,1,25.0,104,33,44.0,301,287,588,81.55,20,54.05,17,0,0,0,80,1,0,2,3,27,20,0,1,8,20260428,29,88,0,1,30,0,12.5,0,22,19,3,1,0,,44,38.26,0,0,0,133,12,9,0,0,4.0,1,0,0,0,0.0,0,0,0,0,163,5,0,1,1,0,0,0,0,0,0,1539.0,0.0,0,2,6,4,2,4,40.0,0,30,19,63.33,9,76,10,4,64,42.11,75,402,319,721,132.6,8,0,890,10,5,0
Cenk Tosun,72127,Kasımpaşa,6063,turkey,2526,457,15,4,6.63,1,1,2,0.64,0.41,2,0,0.0,18,2,50.0,34,13,47,61.84,21,51.22,20,0,0,0,7,1,0,4,0,6,14,0,0,2,20260428,1,34,0,0,10,0,12.5,0,7,7,0,1,0,,8,36.36,1,0,1,29,1,2,0,5,1.0,0,0,0,0,0.0,0,0,0,1,48,3,0,0,0,0,0,0,0,0,0,457.0,0.0,0,5,3,3,1,1,33.33,0,1,1,100.0,2,4,3,0,29,46.03,4,62,14,76,92.8,8,0,127,6,3,0
Karamba Gassama,1528256,Gaziantep FK,5138,turkey,2526,559,14,5,6.63,0,1,1,0.75,0.76,2,1,12.5,31,7,41.18,70,59,129,81.65,3,50.0,3,0,0,0,29,2,1,2,0,4,14,0,0,6,20260428,9,28,0,0,7,0,0.0,0,15,12,3,0,0,,25,50.0,0,0,0,29,5,6,0,1,6.0,0,0,0,0,0.0,0,0,0,0,70,4,0,0,0,0,0,0,0,0,0,0.0,0.0,0,5,4,3,4,4,44.44,0,10,6,60.0,6,7,9,8,28,50.0,17,90,68,158,92.8,9,0,269,11,0,0
Halil Dervişoğlu,930775,Çaykur Rizespor,3064,turkey,2526,822,18,7,6.63,1,0,1,1.67,1.06,2,0,0.0,39,4,57.14,72,34,106,72.6,19,52.78,17,0,0,0,26,1,0,5,0,2,18,0,0,13,20260428,6,62,0,0,15,0,5.88,0,10,9,1,1,0,,43,48.86,0,0,0,40,4,6,0,6,2.0,0,0,0,0,0.0,0,0,0,0,98,8,0,0,1,0,0,0,0,0,0,822.0,0.0,0,12,5,10,2,16,57.14,0,7,3,42.86,6,8,28,0,62,50.0,7,107,39,146,119.3,17,0,295,20,4,0
Mateusz Łęgowski,1064080,Eyüpspor,7040,turkey,2526,1305,23,15,6.63,1,1,2,0.78,1.15,12,1,10.0,89,10,37.04,172,157,329,77.23,11,39.29,17,0,0,0,51,2,1,2,3,14,23,0,0,18,20260428,6,65,0,1,17,0,9.09,0,15,12,3,0,1,,47,49.47,0,0,0,97,4,13,0,1,2.0,0,0,0,1,0.0,0,0,0,0,164,2,0,0,1,0,0,0,0,0,0,1305.0,0.0,0,5,6,6,3,6,37.5,0,22,11,50.0,13,31,16,10,58,47.15,27,239,187,426,152.4,11,0,623,21,5,0
Ryan Mendes,52797,Kocaelispor,3065,turkey,2526,273,4,4,6.63,0,0,0,0.26,0.09,1,2,40.0,19,3,60.0,31,18,49,73.13,5,50.0,5,0,0,0,8,0,0,2,0,4,4,0,0,4,20260428,3,22,0,0,3,0,0.0,0,5,5,0,0,0,,7,29.17,0,0,0,18,2,2,0,0,0.0,0,0,0,0,0.0,0,0,0,0,38,0,0,0,0,0,0,0,0,0,0,0.0,0.0,0,3,4,4,1,3,30.0,0,3,2,66.67,2,3,10,5,12,35.29,5,43,24,67,26.5,7,0,122,1,0,0
Firatcan Üzüm,904112,Gençlerbirliği,7802,turkey,2526,237,5,3,6.63,0,0,0,0.09,0.03,2,1,33.33,7,5,41.67,18,16,34,62.96,6,85.71,1,0,0,0,10,0,0,1,1,9,4,0,0,3,20260428,1,9,0,0,2,0,0.0,0,3,3,0,0,0,,4,33.33,0,0,0,20,1,0,0,0,1.0,0,0,0,0,0.0,0,0,0,0,34,1,0,0,0,0,0,0,0,0,0,0.0,0.0,0,0,1,0,0,1,33.33,0,1,1,100.0,0,4,3,3,10,52.63,12,34,20,54,26.5,1,0,108,2,0,0
Görkem Sağlam,795001,Kayserispor,3072,turkey,2526,165,8,1,6.63,0,0,0,0.06,0.28,11,0,0.0,23,10,62.5,53,33,86,84.31,1,33.33,2,0,0,0,14,0,0,0,0,1,8,0,0,3,20260428,3,12,0,1,4,0,0.0,0,3,3,0,0,0,,9,47.37,0,0,0,16,1,1,0,0,0.0,0,0,0,0,0.0,0,0,0,0,23,0,0,0,0,0,0,0,0,0,0,0.0,0.0,1,0,2,1,1,1,50.0,0,4,1,25.0,1,14,2,1,10,45.45,16,64,38,102,53.0,2,0,132,4,3,0
Yusuf Özdemir,1084884,Alanyaspor,6362,turkey,2526,908,11,10,6.62,1,1,2,1.53,1.04,14,6,26.09,72,10,41.67,121,72,193,76.59,2,18.18,9,0,0,0,31,1,3,1,3,12,11,0,0,3,20260428,10,48,0,1,13,0,14.29,0,10,10,0,1,0,,24,38.1,1,0,1,59,9,10,0,0,0.0,0,0,0,0,0.0,0,0,0,0,118,3,0,0,0,0,0,0,0,0,0,908.0,0.0,0,7,0,2,4,3,18.75,0,14,8,57.14,10,32,16,23,26,35.14,24,165,87,252,72.8,7,0,452,7,1,0
Dan Agyei,793227,Kocaelispor,3065,turkey,2526,1890,28,20,6.62,4,0,4,4.07,0.98,2,9,15.52,80,4,44.44,151,93,244,72.62,39,48.15,42,0,0,0,57,2,6,8,4,13,28,0,0,50,20260428,10,168,0,0,27,0,9.09,0,22,20,2,4,0,,53,29.61,0,0,4,92,4,10,2,7,0.0,0,0,0,0,0.0,0,0,0,0,294,14,0,0,2,0,0,0,0,0,0,472.5,0.0,0,29,15,20,16,22,34.92,0,8,3,37.5,10,6,63,58,92,35.38,9,231,105,336,185.3,44,1,733,23,0,0
Janderson,1462989,Göztepe,3054,turkey,2526,2306,30,28,6.62,6,3,9,8.26,2.56,7,3,14.29,132,5,38.46,177,39,216,54.68,104,37.41,174,0,0,1,73,5,15,16,5,17,30,0,0,41,20260428,18,316,0,0,53,0,8.96,0,21,17,4,6,0,,64,31.07,2,0,1,179,2,29,1,13,3.0,0,0,1,0,0.0,0,0,0,0,438,25,0,0,3,0,0,0,0,0,0,384.33,0.0,0,53,14,28,23,27,40.91,0,26,16,61.54,29,17,66,21,168,34.71,13,337,58,395,198.5,67,0,923,12,7,0
Erdogan Yesilyurt,142541,Antalyaspor,3056,turkey,2526,292,6,4,6.62,0,1,1,0.16,0.35,3,9,52.94,10,4,44.44,44,37,81,80.2,2,40.0,3,0,0,0,11,2,0,0,0,4,6,0,0,1,20260428,2,11,1,0,3,0,0.0,0,6,6,0,0,0,,8,50.0,0,0,0,20,7,5,0,0,1.0,0,0,0,0,0.0,0,0,0,0,42,1,0,0,0,0,0,0,0,0,0,0.0,0.0,0,2,2,2,2,0,0.0,0,4,1,25.0,5,9,2,17,10,47.62,9,60,41,101,39.7,4,0,193,5,3,0
İrfan Can Eğribayat,594618,Samsunspor,3053,turkey,2526,540,6,6,6.62,0,0,0,,0.01,22,0,0.0,4,44,51.16,13,124,137,75.69,1,100.0,0,0,0,0,50,0,0,0,1,1,6,0,0,0,20260428,0,1,1,1,0,0,0.0,34,9,6,3,0,0,-5.43,3,75.0,0,10,0,44,0,0,0,0,0.0,0,0,0,0,0.0,0,0,0,0,45,0,0,0,0,3,6,3,9,0,1,0.0,0.0,0,0,0,0,0,1,50.0,3,0,0,0.0,0,35,2,0,4,80.0,86,41,140,181,39.7,0,1,231,2,0,0
Marius Ștefănescu,988637,Konyaspor,3085,turkey,2526,168,8,1,6.62,0,0,0,0.36,0.55,1,3,18.75,23,2,66.67,39,11,50,80.65,0,0.0,4,0,0,0,4,1,0,3,0,1,6,0,0,1,20260428,1,13,0,0,5,0,0.0,0,1,1,0,0,0,,6,40.0,0,0,0,12,0,2,0,1,0.0,0,0,0,0,0.0,0,0,0,0,36,0,0,0,0,0,0,0,0,0,0,0.0,0.0,0,2,4,1,2,2,50.0,0,2,2,100.0,2,3,4,16,6,31.58,3,48,14,62,39.7,6,0,107,2,0,0
Mahamadou Susoho,1156644,Kocaelispor,3065,turkey,2526,272,6,2,6.62,0,0,0,0.03,0.02,4,0,0.0,7,4,66.67,42,45,87,83.65,3,75.0,1,0,0,0,13,0,0,0,0,1,6,0,0,1,20260428,2,6,0,0,3,0,0.0,0,4,4,0,0,0,,7,58.33,0,0,0,17,4,0,0,0,0.0,0,0,0,0,0.0,0,0,0,0,25,2,0,0,0,0,0,0,0,0,0,0.0,0.0,0,0,1,1,0,0,0.0,0,4,4,100.0,0,6,0,2,10,62.5,6,51,53,104,39.7,1,0,132,4,0,0
Berkay Özcan,806964,Fatih Karagümrük,4954,turkey,2526,2137,30,23,6.61,0,1,1,1.59,1.31,20,6,15.79,216,28,51.85,433,321,754,87.37,19,46.34,22,0,0,0,80,3,1,7,2,13,30,0,0,28,20260428,14,103,0,0,19,0,0.0,0,37,35,2,0,0,,76,48.41,0,0,0,109,16,22,0,0,5.0,0,0,0,0,0.0,0,0,0,0,237,7,0,0,0,0,0,0,0,0,0,0.0,0.0,2,13,12,15,3,22,51.16,0,24,12,50.0,22,49,43,38,95,47.98,54,521,342,863,198.4,25,0,1189,30,1,0
Josafat Mendes,1133258,Samsunspor,3053,turkey,2526,1072,25,9,6.61,0,1,1,0.3,0.74,3,9,26.47,110,9,45.0,224,184,408,90.07,9,45.0,11,0,0,0,48,0,0,3,3,35,25,0,1,7,20260428,9,51,0,0,16,0,0.0,0,18,16,2,0,0,,46,53.49,0,0,0,45,9,13,0,2,1.0,0,1,0,0,0.0,0,0,0,0,112,2,0,1,0,0,0,0,0,0,0,0.0,0.0,0,2,5,3,1,8,50.0,0,17,11,64.71,12,11,16,34,55,51.89,20,256,197,453,165.3,7,0,724,22,3,0
Tayyip Talha Sanuç,851909,Gaziantep FK,5138,turkey,2526,1336,19,16,6.61,0,0,0,0.73,0.07,6,0,0.0,27,15,37.5,127,434,561,88.91,24,51.06,23,0,0,0,30,0,0,0,2,81,18,0,0,3,20260428,4,53,0,1,24,0,0.0,18,25,21,4,0,0,,34,53.13,0,0,1,70,32,3,0,1,18.0,0,0,0,1,0.0,0,0,0,0,89,0,0,0,0,0,0,0,0,0,0,0.0,0.0,0,7,0,6,1,4,66.67,0,20,14,70.0,3,16,6,1,58,52.25,40,168,463,631,119.0,7,0,862,11,4,0
Burak Bozan,934201,Gaziantep FK,5138,turkey,2526,1054,12,12,6.61,0,2,2,,0.01,16,0,0.0,10,38,19.9,20,160,180,53.89,5,100.0,0,0,0,0,105,1,0,0,3,15,12,0,1,0,20260428,1,1,2,0,1,0,0.0,45,20,14,6,0,0,-2.77,0,0.0,0,11,0,154,0,2,0,0,0.0,0,0,0,0,0.0,4,0,0,0,154,0,2,1,0,8,23,15,38,1,4,0.0,0.0,0,0,0,0,0,0,0.0,7,0,0,0.0,2,46,0,0,5,83.33,191,130,204,334,79.3,0,0,459,3,2,0
Rodrigo Becão,880207,Kasımpaşa,6063,turkey,2526,944,12,11,6.61,0,1,1,0.09,0.04,17,0,0.0,18,25,35.21,91,292,383,84.18,19,67.86,9,0,0,0,29,0,0,0,2,44,12,0,1,2,20260428,3,28,0,0,14,0,0.0,0,17,17,0,0,0,,29,60.42,0,0,0,72,8,1,0,0,10.0,0,0,0,0,0.0,0,0,0,0,82,0,0,1,0,0,0,0,0,0,0,0.0,0.0,0,1,0,1,0,2,50.0,0,9,6,66.67,1,43,4,1,48,63.16,71,144,311,455,79.3,1,0,572,18,4,0
Cem Üstündag,1387006,Kasımpaşa,6063,turkey,2526,949,18,9,6.61,0,0,0,0.27,0.37,8,2,16.67,54,7,53.85,109,111,220,79.42,10,43.48,13,0,0,0,43,0,0,1,2,15,18,0,0,6,20260428,15,60,0,0,20,0,0.0,0,14,13,1,0,0,,43,47.78,0,0,0,57,6,3,0,0,1.0,0,0,0,0,0.0,0,0,0,0,98,7,0,0,0,0,0,0,0,0,0,0.0,0.0,0,2,3,4,0,3,30.0,0,27,13,48.15,3,15,10,12,53,46.9,13,148,129,277,118.9,5,0,438,14,2,0
Arda Kızıldağ,904228,Gaziantep FK,5138,turkey,2526,1679,23,21,6.6,1,0,1,1.36,0.45,16,0,0.0,67,33,36.67,182,577,759,86.55,35,47.95,38,0,0,0,47,0,2,2,3,104,23,0,0,0,20260428,10,72,0,0,24,0,7.69,22,34,32,2,1,0,,41,54.67,1,0,0,118,29,6,0,0,20.0,1,0,0,1,0.0,0,0,0,0,133,2,0,0,0,0,0,0,0,0,0,1679.0,0.0,0,13,0,7,4,0,0.0,0,28,19,67.86,6,41,2,2,76,51.35,90,253,624,877,151.9,13,0,1144,14,8,0
Nihad Mujakić,858004,Gaziantep FK,5138,turkey,2526,2037,25,22,6.6,0,1,1,0.02,0.38,24,5,29.41,96,33,37.08,238,576,814,86.78,17,40.48,25,0,0,0,88,1,1,0,4,72,25,0,0,9,20260428,9,59,0,1,13,0,0.0,14,32,28,4,0,0,,57,62.64,0,0,0,124,19,6,0,1,7.0,0,0,0,0,0.0,0,0,0,0,190,1,0,0,0,0,0,0,0,0,0,0.0,0.0,0,1,0,0,1,8,72.73,0,24,17,70.83,6,52,11,17,74,55.64,89,310,628,938,165.1,1,0,1328,25,4,0
Uchenna Ogundu,1996846,Alanyaspor,6362,turkey,2526,993,17,11,6.6,2,1,3,3.48,0.84,1,0,0.0,46,0,0.0,75,40,115,63.19,23,37.7,38,0,0,0,29,2,8,5,0,19,17,0,0,19,20260428,5,88,0,0,13,0,8.33,0,8,8,0,1,1,,29,36.71,0,0,0,67,5,9,0,2,0.0,0,0,0,0,0.0,0,0,0,1,142,6,0,0,2,0,0,0,0,0,0,496.5,0.0,0,20,4,11,8,7,30.43,0,7,3,42.86,9,3,23,1,52,37.14,1,131,51,182,112.2,24,1,366,15,3,0
Shavy Babicka,1136280,Fatih Karagümrük,4954,turkey,2526,651,12,8,6.6,1,1,2,1.33,0.54,2,1,14.29,32,2,28.57,59,28,87,62.14,5,21.74,18,0,0,0,22,5,1,6,0,3,12,0,0,11,20260428,9,62,0,0,12,0,7.14,0,11,10,1,1,0,,42,48.84,0,0,0,53,4,7,0,4,0.0,0,0,0,0,0.0,0,0,0,0,111,2,0,0,1,0,0,0,0,0,0,651.0,0.0,0,12,2,4,4,17,54.84,0,8,6,75.0,7,4,31,7,47,43.12,7,105,35,140,79.2,14,1,288,17,0,0
Dominik Livaković,190419,Fenerbahçe,3052,turkey,2526,90,1,1,6.6,0,0,0,,0.0,1,0,0.0,0,3,27.27,1,16,17,68.0,0,0.0,0,0,0,0,7,0,0,0,0,0,1,0,0,0,20260428,0,0,0,0,0,0,0.0,8,1,1,0,0,0,0.03,0,0.0,0,0,0,8,0,0,0,0,0.0,0,0,0,0,0.0,0,0,0,0,8,0,0,0,0,0,1,1,2,0,0,0.0,0.0,0,0,0,0,0,0,0.0,0,0,0,0.0,0,3,0,0,0,0.0,11,6,19,25,6.6,0,0,32,0,0,0
Berke Özer,847494,Eyüpspor,7040,turkey,2526,90,1,1,6.6,0,0,0,,0.01,1,0,0.0,5,7,58.33,7,23,30,85.71,0,0.0,0,0,0,0,4,0,0,0,0,0,1,0,0,0,20260428,0,0,0,0,0,0,0.0,0,4,4,0,0,0,-0.86,0,0.0,0,0,0,5,0,0,0,0,,0,0,0,0,0.0,1,0,0,0,5,0,0,0,0,0,1,0,1,0,1,0.0,0.0,0,0,0,0,0,0,0.0,0,0,0,0.0,0,2,0,0,0,0.0,12,12,23,35,6.6,0,0,36,0,0,0
Rob Nizet,964758,Gaziantep FK,5138,turkey,2526,20,2,0,6.6,0,0,0,,0.0,0,0,0.0,2,2,100.0,3,6,9,90.0,2,100.0,0,0,0,0,2,0,0,0,0,2,2,0,0,0,20260428,0,0,0,0,0,0,0.0,0,2,1,1,0,0,,2,100.0,0,0,0,1,0,0,0,0,0.0,0,0,0,0,0.0,0,0,0,0,2,1,0,0,0,0,0,0,0,0,0,0.0,0.0,0,0,0,0,0,0,0.0,0,1,1,100.0,0,0,0,0,4,100.0,2,3,7,10,13.2,0,0,19,1,0,0
Alper Demirol,1145695,Fatih Karagümrük,4954,turkey,2526,82,3,1,6.6,0,0,0,,0.01,3,0,0.0,7,1,25.0,12,15,27,75.0,1,100.0,0,0,0,0,5,0,0,0,0,3,3,0,0,1,20260428,0,1,0,1,0,0,0.0,0,1,1,0,0,0,,4,80.0,0,0,0,9,0,1,0,0,0.0,0,0,0,0,0.0,0,0,0,0,11,0,0,0,0,0,0,0,0,0,0,0.0,0.0,0,0,0,0,0,2,100.0,0,1,0,0.0,1,5,2,0,5,83.33,4,17,19,36,19.8,0,0,50,2,0,0
Abdou Sy,2460449,Eyüpspor,7040,turkey,2526,26,3,0,6.6,0,0,0,,0.0,0,0,0.0,0,0,0.0,0,3,3,60.0,0,0.0,1,0,0,0,1,0,0,0,0,0,2,0,0,0,20260428,0,2,0,0,1,0,0.0,0,2,2,0,0,0,,5,83.33,0,0,0,2,0,0,0,0,0.0,0,0,0,0,0.0,0,0,0,0,2,0,0,0,0,0,0,0,0,0,0,0.0,0.0,0,0,0,0,0,1,100.0,0,2,0,0.0,0,0,1,0,5,71.43,0,1,4,5,13.2,0,0,11,2,0,0
Yusuf Barası,1000187,Kasımpaşa,6063,turkey,2526,285,8,3,6.6,0,0,0,0.15,0.21,0,2,22.22,9,2,40.0,21,23,44,84.62,2,40.0,3,0,0,0,16,0,0,2,0,1,8,0,0,3,20260428,2,19,0,0,4,0,0.0,0,6,6,0,0,0,,14,46.67,0,0,0,8,4,2,0,0,1.0,0,0,0,0,0.0,0,0,0,0,37,0,0,0,0,0,0,0,0,0,0,0.0,0.0,0,1,4,1,2,3,27.27,0,3,1,33.33,2,0,11,9,16,45.71,5,28,24,52,52.8,5,0,121,9,2,0
Michał Nalepa,760480,Gençlerbirliği,7802,turkey,2526,262,3,3,6.6,0,0,0,0.15,0.17,6,2,25.0,19,10,71.43,32,24,56,75.68,0,0.0,1,0,0,0,13,0,1,0,0,2,3,0,0,1,20260428,0,11,0,0,7,0,0.0,0,4,3,1,0,0,,10,50.0,0,0,0,18,1,1,0,0,1.0,0,0,0,1,0.0,0,0,0,0,29,2,0,1,0,0,0,0,0,0,0,0.0,0.0,0,1,1,1,1,2,50.0,0,5,4,80.0,1,11,4,8,10,47.62,14,46,28,74,19.8,2,0,108,3,0,1
İzzet Çelik,826836,Alanyaspor,6362,turkey,2526,157,10,0,6.6,0,0,0,0.1,0.05,1,0,0.0,19,0,0.0,32,23,55,77.46,1,33.33,2,0,0,0,12,0,0,0,0,1,9,0,0,4,20260428,2,15,0,0,4,0,0.0,0,4,4,0,0,0,,16,55.17,0,0,0,16,3,1,0,0,0.0,0,0,0,0,0.0,0,0,0,0,29,2,0,0,0,0,0,0,0,0,0,0.0,0.0,0,2,0,2,0,2,33.33,0,7,5,71.43,1,4,6,1,17,53.13,4,43,28,71,59.4,2,0,118,7,0,0
Arda Ünyay,1464636,Galatasaray,3061,turkey,2526,131,7,0,6.6,0,0,0,0.06,0.01,1,0,0.0,3,3,75.0,14,39,53,88.33,4,40.0,6,0,0,0,5,0,0,0,0,10,7,0,0,0,20260428,0,8,0,0,2,0,0.0,0,4,4,0,0,0,,3,60.0,0,0,0,7,1,0,0,0,3.0,0,0,0,0,0.0,0,0,0,0,7,0,0,0,0,0,0,0,0,0,0,0.0,0.0,0,1,0,1,0,0,0.0,0,3,2,66.67,0,2,0,0,7,46.67,4,20,40,60,46.2,1,0,83,0,0,0
Serdar Saatçı,1084880,Trabzonspor,3051,turkey,2526,185,3,2,6.6,0,0,0,0.04,0.01,2,0,0.0,3,3,60.0,28,88,116,92.06,8,57.14,6,0,0,0,7,0,0,0,0,18,3,0,0,1,20260428,1,10,0,0,2,0,0.0,0,6,5,1,0,0,,5,55.56,0,0,0,10,0,0,0,0,2.0,0,0,0,0,0.0,0,0,0,0,13,0,0,0,0,0,0,0,0,0,0,0.0,0.0,0,1,0,1,0,0,0.0,0,3,2,66.67,0,3,0,0,13,56.52,5,30,96,126,19.8,1,0,159,2,0,0
Steve Mounie,345035,Alanyaspor,6362,turkey,2526,716,21,6,6.6,2,0,2,3.88,0.67,7,0,0.0,46,3,33.33,88,46,134,72.43,41,50.62,40,0,0,0,20,1,6,8,0,12,21,0,0,9,20260428,4,84,0,0,28,0,6.67,0,10,7,3,2,0,,24,35.29,1,0,1,51,1,10,0,2,1.0,0,0,0,0,0.0,0,0,0,0,95,5,0,0,1,0,0,0,0,0,0,358.0,0.0,0,26,4,14,8,2,22.22,0,11,5,45.45,10,11,9,2,65,43.62,9,134,51,185,138.5,30,1,317,12,4,0
Kubilay Kanatsızkuş,828953,Kasımpaşa,6063,turkey,2526,650,21,6,6.6,1,1,2,0.99,1.06,0,1,25.0,28,0,0.0,42,21,63,64.95,28,53.85,24,0,0,0,12,1,1,5,0,10,21,0,0,5,20260428,2,42,0,0,7,0,8.33,0,14,13,1,1,0,,21,53.85,0,0,2,34,2,4,1,2,0.0,0,0,0,0,0.0,0,0,0,0,65,3,0,0,0,0,0,0,0,0,0,650.0,0.0,0,9,3,5,2,4,44.44,0,7,2,28.57,4,1,9,4,49,53.85,0,73,24,97,138.5,12,1,200,11,0,0
Abdurrahim Dursun,883275,Gençlerbirliği,7802,turkey,2526,521,14,5,6.59,0,0,0,0.14,0.69,4,3,15.79,35,9,36.0,76,49,125,73.53,6,37.5,10,0,0,0,22,0,0,1,1,22,14,0,0,1,20260428,5,27,0,1,7,0,0.0,0,8,6,2,0,0,,26,60.47,0,0,0,45,5,6,0,1,0.0,0,0,0,0,0.0,0,0,0,0,86,1,0,0,0,0,0,0,0,0,0,0.0,0.0,0,2,4,4,1,2,33.33,0,21,15,71.43,6,12,6,19,32,54.24,25,106,64,170,92.3,6,0,326,3,1,0
Cihan Çanak,1127335,Gençlerbirliği,7802,turkey,2526,326,15,1,6.59,0,0,0,0.12,0.92,5,1,14.29,47,2,50.0,74,33,107,82.95,4,40.0,6,0,0,0,18,1,0,0,0,1,14,0,0,7,20260428,3,29,0,0,7,0,0.0,0,3,3,0,0,0,,23,50.0,0,0,0,22,3,4,0,1,0.0,0,0,0,0,0.0,0,0,0,0,54,0,0,0,0,0,0,0,0,0,0,0.0,0.0,0,1,0,0,1,11,64.71,0,6,4,66.67,4,11,17,7,27,48.21,4,88,41,129,92.3,1,0,209,6,0,0
Umut Meraş,609746,Eyüpspor,7040,turkey,2526,1568,20,17,6.59,0,2,2,0.34,0.81,36,7,21.21,130,23,27.38,225,317,542,77.32,20,48.78,21,0,0,0,67,1,0,2,3,51,20,0,0,6,20260428,8,54,0,1,11,0,0.0,0,24,23,1,0,0,,48,59.26,0,0,1,159,26,8,0,4,8.0,0,0,0,0,0.0,0,0,0,0,259,7,0,0,0,0,0,0,0,0,0,0.0,0.0,0,5,4,7,0,5,33.33,0,29,16,55.17,8,68,15,33,68,55.74,84,322,379,701,131.8,9,0,1149,14,2,0
Efecan Karaca,60510,Alanyaspor,6362,turkey,2526,526,17,5,6.59,0,0,0,,0.41,4,3,17.65,56,6,60.0,110,72,182,84.65,3,42.86,4,0,0,0,27,0,0,0,0,8,17,0,0,5,20260428,2,22,0,0,11,0,0.0,0,5,4,1,0,0,,28,60.87,0,0,0,33,2,7,0,1,0.0,0,0,0,0,0.0,0,0,0,0,63,2,0,0,0,0,0,0,0,0,0,0.0,0.0,0,0,0,0,0,4,80.0,0,8,4,50.0,7,9,5,17,31,58.49,10,131,84,215,112.0,0,0,300,17,3,0
Jure Balkovec,171625,Fatih Karagümrük,4954,turkey,2526,1513,17,17,6.59,0,0,0,0.35,0.73,47,5,16.67,70,59,42.45,188,359,547,77.7,17,54.84,14,0,0,0,66,0,0,2,1,82,17,0,0,8,20260428,6,45,2,0,16,0,0.0,23,32,31,1,0,0,,42,57.53,0,0,0,157,14,13,0,0,9.0,0,1,0,1,0.0,0,0,0,0,212,3,0,1,0,0,0,0,0,0,0,0.0,0.0,3,2,9,6,3,3,60.0,0,19,12,63.16,12,112,5,30,59,56.73,139,296,408,704,112.0,11,1,1021,20,5,1
Jhon Espinoza,929098,Kasımpaşa,6063,turkey,2526,558,10,6,6.59,0,0,0,0.18,0.46,5,3,20.0,48,10,34.48,93,80,173,79.36,8,50.0,8,0,0,0,21,0,0,0,1,13,8,0,0,1,20260428,6,31,1,0,14,0,0.0,0,10,10,0,0,0,,16,41.03,0,0,0,45,9,5,0,0,3.0,0,0,0,0,0.0,0,0,0,0,84,3,0,0,0,0,0,0,0,0,0,0.0,0.0,0,1,4,5,0,3,50.0,0,8,8,100.0,5,20,6,15,24,43.64,29,123,95,218,52.7,5,0,348,5,4,0
Ahmed Traore,2430477,Fatih Karagümrük,4954,turkey,2526,285,12,2,6.58,1,0,1,0.64,0.08,1,0,0.0,23,3,100.0,40,20,60,74.07,5,83.33,1,0,0,0,18,0,1,1,0,2,12,0,0,7,20260428,2,25,0,0,6,0,11.11,0,5,5,0,1,0,,15,38.46,0,0,0,21,1,2,1,4,0.0,0,0,0,0,0.0,0,0,0,0,49,3,0,0,0,0,0,0,0,0,0,285.0,0.0,0,3,6,5,3,3,25.0,0,7,5,71.43,2,2,12,3,20,44.44,3,56,25,81,79.0,9,0,152,5,1,0
Anthony Nwakaeme,139455,Trabzonspor,3051,turkey,2526,495,13,5,6.58,0,2,2,1.08,0.79,10,6,21.43,66,9,60.0,119,79,198,85.34,6,46.15,7,0,0,0,18,2,1,0,0,6,11,0,0,8,20260428,0,27,0,1,7,0,0.0,0,5,5,0,0,0,,12,37.5,0,0,1,34,3,13,0,0,0.0,0,0,0,0,0.0,0,0,0,0,85,1,0,0,0,0,0,0,0,0,0,0.0,0.0,0,5,3,7,1,6,54.55,0,4,2,50.0,13,16,11,28,18,40.0,15,146,86,232,72.4,8,0,342,2,1,0
Sekou Koita,822710,Gençlerbirliği,7802,turkey,2526,1628,25,20,6.58,6,0,6,4.23,0.85,4,3,25.0,74,14,58.33,129,102,231,70.21,21,31.34,46,0,0,0,46,2,2,10,0,16,25,0,2,13,20260428,10,106,0,0,25,0,16.22,0,27,27,0,6,0,,68,53.13,1,0,0,98,6,22,5,6,5.0,0,0,0,0,0.0,0,0,0,0,189,6,0,2,0,0,0,0,0,0,0,271.33,0.0,4,18,19,13,14,19,57.58,0,21,12,57.14,22,13,33,12,89,45.64,24,204,125,329,164.5,37,2,614,29,3,0
Gökhan Sazdağı,595396,Beşiktaş JK,3050,turkey,2526,1575,20,17,6.58,0,0,0,0.22,1.61,17,13,26.0,145,38,36.89,255,248,503,75.3,32,62.75,19,0,0,0,92,3,0,3,2,46,19,0,0,6,20260428,28,93,3,0,30,0,0.0,0,27,22,5,0,0,,72,49.32,0,0,0,165,22,18,0,0,3.0,0,0,0,0,0.0,0,0,0,0,256,2,0,0,0,0,0,0,0,0,0,0.0,0.0,0,2,6,4,1,16,55.17,0,42,28,66.67,18,58,29,50,104,52.79,103,372,296,668,125.0,8,0,1073,15,5,0
Mathias Løvik,1133715,Trabzonspor,3051,turkey,2526,544,12,7,6.58,0,1,1,0.01,0.19,4,3,12.5,31,5,22.73,77,113,190,82.97,0,0.0,3,0,0,0,17,0,0,1,1,16,12,0,0,1,20260428,4,17,0,1,5,0,0.0,1,8,8,0,0,0,,22,61.11,0,0,0,39,11,4,0,0,2.0,0,0,0,0,0.0,0,0,0,0,84,0,0,0,0,0,0,0,0,0,0,0.0,0.0,0,0,1,0,0,7,63.64,0,12,8,66.67,4,14,11,24,22,56.41,22,111,118,229,78.9,1,0,378,3,1,0
Sinan Osmanoğlu,69369,Gençlerbirliği,7802,turkey,2526,72,7,0,6.58,0,0,0,0.37,0.02,0,0,0.0,1,0,0.0,2,8,10,71.43,3,50.0,3,0,0,0,4,0,1,0,0,10,4,0,0,0,20260428,0,3,0,0,0,0,0.0,0,2,2,0,0,0,,4,100.0,0,0,0,4,2,0,0,0,0.0,0,0,0,0,0.0,0,0,0,0,4,0,0,0,0,0,0,0,0,0,0,0.0,0.0,0,1,0,0,1,0,0.0,0,3,2,66.67,0,1,0,0,7,70.0,0,5,9,14,26.3,1,0,33,1,0,0
Kevin Csoboth,879542,Gençlerbirliği,7802,turkey,2526,52,5,0,6.58,0,0,0,0.15,0.03,0,0,0.0,2,1,50.0,4,3,7,58.33,3,100.0,0,0,0,0,4,0,0,0,0,1,4,0,0,0,20260428,0,2,0,0,2,0,0.0,0,1,1,0,0,0,,3,60.0,0,0,0,5,0,0,0,0,0.0,0,0,0,0,0.0,0,0,0,0,12,0,0,0,0,0,0,0,0,0,0,0.0,0.0,0,1,0,0,1,1,50.0,0,1,0,0.0,0,2,2,3,6,75.0,2,8,4,12,26.3,1,0,28,1,0,0
Giannis Papanikolaou,856988,Çaykur Rizespor,3064,turkey,2526,1796,28,22,6.57,1,0,1,2.25,0.35,30,1,50.0,104,37,54.41,259,350,609,83.88,29,64.44,16,0,0,0,76,1,1,6,4,64,27,0,1,7,20260428,20,81,1,2,32,0,5.0,0,28,25,3,1,0,,75,53.57,1,0,1,117,24,12,0,0,6.0,0,0,0,1,0.0,0,0,0,0,156,6,0,1,0,0,0,0,0,0,0,1796.0,0.0,0,16,4,12,2,8,53.33,0,48,31,64.58,12,47,15,2,104,56.22,68,329,397,726,177.5,20,0,1015,19,6,0
Abdülkadir Ömür,826155,Antalyaspor,3056,turkey,2526,1160,23,15,6.57,0,1,1,1.28,0.75,13,4,12.9,100,14,60.87,158,136,294,80.99,10,37.04,17,0,0,0,47,1,1,1,1,7,23,0,0,10,20260428,16,64,1,1,12,0,0.0,0,20,18,2,0,0,,38,44.71,0,0,1,69,6,15,0,0,2.0,0,0,0,0,0.0,0,0,0,0,136,5,0,0,0,0,0,0,0,0,0,0.0,0.0,1,10,4,4,9,6,40.0,0,24,17,70.83,15,26,15,31,48,42.86,23,207,156,363,151.2,14,0,546,8,2,0
Sidiki Cherif,1514916,Fenerbahçe,3052,turkey,2526,637,11,7,6.57,2,0,2,2.65,0.24,1,0,0.0,33,0,0.0,52,23,75,72.82,9,33.33,18,0,0,0,10,0,6,1,0,1,11,0,0,14,20260428,1,46,0,0,8,0,16.67,0,12,12,0,2,0,,14,33.33,1,0,0,28,1,3,0,7,0.0,0,0,0,0,0.0,0,0,0,1,82,5,0,0,1,0,0,0,0,0,0,318.5,0.0,0,10,2,2,9,1,16.67,0,4,3,75.0,3,1,6,10,23,33.33,0,75,28,103,72.3,12,0,193,9,0,0
M'Baye Niang,139228,Gençlerbirliği,7802,turkey,2526,1734,25,19,6.57,4,2,6,5.87,0.28,6,0,0.0,52,9,60.0,112,94,206,70.55,50,37.31,84,0,0,0,42,3,3,11,2,19,25,0,0,24,20260428,5,178,0,0,51,0,8.7,0,22,20,2,4,0,,76,44.71,0,0,0,86,5,9,1,14,1.0,0,0,2,0,100.0,0,2,0,0,234,6,0,0,3,0,0,0,0,0,0,433.5,0.0,1,33,13,22,13,13,32.5,0,6,4,66.67,9,15,40,6,126,41.45,15,179,113,292,164.3,46,0,656,61,6,0
Festy Ebosele,983059,Başakşehir FK,3086,turkey,2526,695,14,9,6.57,0,0,0,0.04,0.29,8,2,25.0,39,16,44.44,93,135,228,80.57,10,47.62,11,0,0,0,39,0,0,1,2,16,13,0,1,9,20260428,9,55,0,1,22,0,0.0,0,7,6,1,0,0,,63,58.88,0,0,0,55,12,2,0,0,5.0,0,0,0,0,0.0,0,0,0,0,113,1,0,2,0,0,0,0,0,0,0,0.0,0.0,0,1,0,0,0,12,75.0,0,35,25,71.43,2,17,16,8,73,57.03,36,126,157,283,85.4,1,0,498,16,2,1
Baris Kalayci,1534046,Fatih Karagümrük,4954,turkey,2526,1186,26,13,6.57,1,2,3,2.22,1.19,7,4,16.67,98,6,46.15,159,108,267,78.99,9,29.03,22,0,0,0,47,3,1,7,1,7,25,0,0,29,20260428,13,87,0,0,12,0,3.57,0,21,18,3,1,0,,52,44.44,0,0,1,71,12,17,0,5,2.0,0,2,0,0,0.0,0,0,0,0,159,2,0,0,1,0,0,0,0,0,0,1186.0,0.0,0,19,9,11,10,6,35.29,0,17,9,52.94,15,12,17,24,61,41.22,13,216,122,338,164.2,28,0,579,29,4,0
Davide Biraschi,233252,Fatih Karagümrük,4954,turkey,2526,875,11,11,6.56,0,0,0,0.13,0.3,7,0,0.0,40,16,33.33,99,139,238,76.28,18,54.55,15,0,0,0,35,1,0,0,3,43,11,0,0,1,20260428,7,34,0,2,9,0,0.0,0,15,13,2,0,0,,25,56.82,0,0,0,74,14,1,0,0,2.0,0,0,0,0,0.0,0,0,0,0,86,1,0,0,0,0,0,0,0,0,0,0.0,0.0,0,2,0,1,1,3,60.0,0,8,5,62.5,1,27,5,3,43,55.84,48,147,165,312,72.2,2,0,432,16,1,0
Ali Sowe,238394,Çaykur Rizespor,3064,turkey,2526,2040,29,23,6.56,6,4,10,11.5,0.34,12,1,50.0,78,14,87.5,163,118,281,75.95,45,33.83,88,0,0,0,44,3,13,10,3,12,29,0,0,34,20260428,7,178,0,0,34,0,14.29,0,34,31,3,6,0,,61,40.4,0,0,1,89,3,24,2,8,2.0,1,0,0,0,0.0,0,0,0,0,238,9,0,0,2,0,0,0,0,0,0,340.0,0.0,0,40,2,19,13,17,47.22,0,8,4,50.0,24,13,36,2,106,37.32,16,237,133,370,190.3,42,0,698,38,2,0
Burak Kapacak,836686,Kayserispor,3072,turkey,2526,298,11,0,6.56,0,1,1,0.03,0.69,6,5,26.32,22,8,50.0,42,24,66,70.21,4,57.14,3,0,0,0,19,1,0,1,0,5,10,0,0,3,20260428,9,24,0,0,5,0,0.0,0,9,9,0,0,0,,22,51.16,0,0,0,28,7,2,0,0,0.0,0,0,0,1,0.0,0,0,0,0,61,1,0,0,0,0,0,0,0,0,0,0.0,0.0,0,0,2,0,1,1,20.0,0,16,11,68.75,2,7,5,19,26,52.0,16,59,35,94,65.6,2,0,199,5,1,0
Taylan Bulut,1418644,Beşiktaş JK,3050,turkey,2526,364,6,4,6.56,0,0,0,0.1,0.3,4,3,33.33,29,2,33.33,57,35,92,80.0,5,62.5,3,0,0,0,11,1,1,0,3,5,5,0,0,2,20260428,0,17,0,0,5,0,0.0,0,2,1,1,0,0,,11,44.0,0,0,0,23,2,4,0,3,2.0,0,0,0,1,0.0,0,0,0,0,46,0,0,0,0,0,0,0,0,0,0,0.0,0.0,0,1,0,0,1,2,20.0,0,9,5,55.56,4,5,10,9,16,48.48,6,72,43,115,32.8,1,0,194,0,0,0
Tarkan Serbest,164099,Kocaelispor,3065,turkey,2526,244,6,2,6.56,0,0,0,0.05,0.01,4,0,0.0,7,8,47.06,25,50,75,86.21,5,50.0,5,0,0,0,6,0,0,1,1,12,5,0,0,0,20260428,3,10,0,0,2,0,0.0,0,5,5,0,0,0,,3,37.5,0,0,0,12,3,0,0,0,1.0,0,0,0,0,0.0,0,0,0,0,16,0,0,0,0,0,0,0,0,0,0,0.0,0.0,0,0,2,1,0,0,0.0,0,0,0,0.0,0,7,0,0,8,44.44,17,36,51,87,32.8,2,0,117,3,0,0
Vaclav Jurecka,225850,Çaykur Rizespor,3064,turkey,2526,479,12,5,6.56,1,0,1,2.27,0.35,7,0,0.0,27,3,75.0,56,35,91,77.12,11,45.83,13,0,0,0,10,0,3,0,1,4,12,0,0,8,20260428,2,34,0,0,7,0,9.09,0,9,8,1,1,0,,10,32.26,0,0,0,27,0,8,1,7,1.0,0,0,0,0,0.0,0,0,0,0,58,3,0,0,0,0,0,0,0,0,0,479.0,0.0,0,9,2,7,4,1,20.0,0,4,2,50.0,8,8,5,0,21,38.18,4,80,38,118,78.7,11,0,188,5,2,0
Mehmet Eray Özbek,1011955,Kayserispor,3072,turkey,2526,138,8,0,6.56,0,0,0,0.02,0.07,2,0,0.0,16,4,40.0,36,13,49,75.38,2,50.0,2,0,0,0,7,0,0,0,0,4,7,0,0,3,20260428,3,13,0,0,4,0,0.0,0,1,1,0,0,0,,5,31.25,0,0,0,16,0,0,0,0,1.0,0,0,0,0,0.0,0,0,0,0,24,1,0,0,0,0,0,0,0,0,0,0.0,0.0,0,0,1,1,0,0,0.0,0,4,3,75.0,0,8,1,2,7,35.0,10,49,16,65,45.9,1,0,92,1,1,0
Samet Karakoc,1148625,Antalyaspor,3056,turkey,2526,590,20,5,6.56,0,3,3,0.55,0.98,2,8,27.59,23,4,23.53,53,49,102,68.46,8,36.36,14,0,0,0,23,2,0,0,0,29,16,0,0,8,20260428,3,44,0,1,9,0,0.0,0,11,10,1,0,0,,27,47.37,0,0,0,47,6,6,0,3,2.0,0,0,0,0,0.0,0,0,0,0,107,2,0,0,0,0,0,0,0,0,0,0.0,0.0,0,4,0,4,0,11,50.0,0,6,4,66.67,6,8,22,29,35,44.3,17,82,67,149,104.9,4,0,331,10,1,0
Bedirhan Özyurt,1138102,Eyüpspor,7040,turkey,2526,638,9,8,6.56,0,0,0,0.27,0.12,17,1,50.0,29,22,43.14,93,242,335,84.38,20,64.52,11,0,0,0,25,0,0,3,2,49,9,0,1,2,20260428,2,29,0,1,14,0,0.0,7,7,7,0,0,0,,13,41.94,0,0,0,62,13,2,0,0,3.0,0,0,0,0,0.0,0,0,0,0,70,0,0,2,0,0,0,0,0,0,0,0.0,0.0,0,4,1,2,0,1,100.0,0,8,7,87.5,2,36,1,2,33,53.23,51,131,266,397,59.0,5,0,498,4,0,1
Denis Radu,1102676,Eyüpspor,7040,turkey,2526,426,12,4,6.55,0,2,2,0.09,0.58,5,3,37.5,34,3,37.5,66,30,96,78.69,2,25.0,6,0,0,0,16,3,0,1,0,5,11,0,0,2,20260428,1,18,0,0,5,0,0.0,0,8,8,0,0,0,,9,42.86,0,0,0,26,6,8,0,1,3.0,0,0,0,0,0.0,0,0,0,0,47,1,0,1,0,0,0,0,0,0,0,0.0,0.0,0,1,3,3,0,3,42.86,0,2,2,100.0,8,10,7,8,11,37.93,8,87,35,122,72.1,4,0,190,4,0,1
Emir Ortakaya,1091815,Çaykur Rizespor,3064,turkey,2526,764,11,8,6.55,0,0,0,0.18,0.04,8,0,0.0,15,15,31.91,61,272,333,84.73,27,57.45,20,0,0,0,27,0,0,0,0,73,11,0,0,1,20260428,3,30,0,1,7,0,0.0,7,15,12,3,0,0,,20,66.67,0,0,0,60,16,0,0,1,6.0,0,0,0,0,0.0,0,0,0,0,70,1,0,0,0,0,0,0,0,0,0,0.0,0.0,0,3,0,3,0,0,0.0,0,11,6,54.55,0,28,0,1,47,61.04,47,96,297,393,72.1,3,0,535,9,2,0
Denis Drăguş,841199,Gaziantep FK,5138,turkey,2526,1199,22,13,6.55,0,1,1,2.06,1.34,9,2,18.18,77,8,61.54,131,86,217,76.68,9,34.62,17,0,0,0,61,3,3,6,0,9,22,0,0,36,20260428,19,150,0,1,29,0,0.0,0,19,18,1,0,0,,99,42.67,0,0,0,66,8,9,0,6,0.0,0,0,0,0,0.0,0,0,0,0,220,11,0,0,0,0,0,0,0,0,0,0.0,0.0,0,21,12,18,9,42,46.15,0,25,22,88.0,9,19,91,11,108,41.86,13,181,102,283,144.1,33,0,651,32,3,0
Christ Sadia,2266454,Eyüpspor,7040,turkey,2526,22,3,0,6.55,0,0,0,,0.0,0,0,0.0,0,0,0.0,0,2,2,66.67,0,0.0,1,0,0,0,0,0,0,0,0,3,2,0,0,0,20260428,0,2,0,0,0,0,0.0,0,1,1,0,0,0,,2,66.67,0,0,0,1,0,0,0,1,0.0,0,0,0,0,0.0,0,0,0,0,3,0,0,0,0,0,0,0,0,0,0,0.0,0.0,0,0,0,0,0,0,0.0,0,1,1,100.0,0,0,1,0,2,50.0,0,0,3,3,13.1,0,0,15,1,0,0
Eyüp Aydın,1130115,Kasımpaşa,6063,turkey,2526,405,10,4,6.55,0,0,0,0.37,0.25,12,1,16.67,31,10,58.82,87,74,161,83.85,3,37.5,5,0,0,0,23,1,0,2,0,6,10,0,0,2,20260428,7,27,1,0,10,0,0.0,0,11,10,1,0,0,,26,54.17,0,0,0,31,4,5,0,0,1.0,0,1,0,0,0.0,0,0,0,0,47,2,0,0,0,0,0,0,0,0,0,0.0,0.0,0,1,4,1,2,2,40.0,0,12,9,75.0,4,20,5,6,29,51.79,17,107,85,192,65.5,5,0,266,12,1,0
Riechedly Bazoer,227196,Konyaspor,3085,turkey,2526,723,12,8,6.55,0,0,0,0.1,0.08,22,0,0.0,33,32,51.61,107,251,358,89.72,7,38.89,11,0,0,0,28,0,0,0,1,31,10,0,0,1,20260428,2,29,1,1,14,0,0.0,1,12,12,0,0,0,,15,45.45,0,0,0,41,5,1,0,1,1.0,1,0,0,0,0.0,0,0,0,0,47,1,0,0,0,0,0,0,0,0,0,0.0,0.0,0,1,1,2,0,1,50.0,0,9,7,77.78,1,39,2,1,22,43.14,62,138,261,399,65.5,2,0,476,5,4,0
Cihat Celik,339253,Kocaelispor,3065,turkey,2526,19,2,0,6.55,0,0,0,0.02,0.0,0,0,0.0,1,0,0.0,4,8,12,100.0,0,0.0,0,0,0,0,2,0,0,0,0,0,2,0,0,0,20260428,1,2,0,0,1,0,0.0,0,0,0,0,0,0,,0,0.0,0,0,0,0,0,0,0,0,0.0,0,0,0,0,0.0,0,0,0,0,2,1,0,0,0,0,0,0,0,0,0,0.0,0.0,0,0,1,1,0,0,0.0,0,0,0,0.0,0,0,0,0,0,0.0,0,4,8,12,13.1,1,0,18,0,0,0
Mustafa Hekimoğlu,1524303,Beşiktaş JK,3050,turkey,2526,300,15,1,6.54,1,0,1,1.44,0.04,2,0,0.0,19,1,50.0,31,12,43,75.44,7,41.18,10,0,0,0,10,0,0,2,0,4,14,0,0,6,20260428,1,42,0,0,17,0,16.67,0,6,5,1,1,0,,22,40.74,0,0,0,14,3,2,1,2,0.0,0,0,0,0,0.0,0,0,0,0,50,1,0,0,0,0,0,0,0,0,0,300.0,0.0,0,6,0,1,3,3,27.27,0,6,5,83.33,2,2,11,3,29,40.85,2,40,17,57,91.6,6,0,139,14,2,0
Jadel Katongo,1142702,Kayserispor,3072,turkey,2526,371,7,4,6.54,0,0,0,0.04,0.07,2,0,0.0,21,6,40.0,41,38,79,82.29,6,66.67,3,0,0,0,15,0,0,0,1,16,7,0,0,2,20260428,5,17,0,0,7,0,0.0,0,8,5,3,0,0,,18,56.25,0,0,0,17,2,1,0,0,2.0,0,0,0,1,0.0,0,0,0,0,33,0,0,0,0,0,0,0,0,0,0,0.0,0.0,0,1,1,1,1,2,50.0,0,10,7,70.0,1,7,4,4,24,58.54,15,52,44,96,45.8,2,0,188,6,1,0
Pedro Pereira,807291,Gençlerbirliği,7802,turkey,2526,2430,27,27,6.54,0,1,1,0.57,2.0,49,15,30.61,126,71,52.21,261,327,588,77.78,16,43.24,21,0,0,0,86,2,0,4,5,72,27,0,0,11,20260428,24,113,1,3,43,0,0.0,0,37,34,3,0,0,,86,48.31,0,0,0,168,22,15,0,2,12.0,1,0,0,1,0.0,0,0,0,0,296,1,0,0,0,0,0,0,0,0,0,0.0,0.0,5,2,12,6,4,14,45.16,0,52,35,67.31,15,86,31,49,102,47.44,136,367,389,756,176.6,14,0,1351,20,11,0
Guilherme Luiz,1631434,Göztepe,3054,turkey,2526,193,10,2,6.54,0,0,0,0.07,0.68,0,1,100.0,7,0,0.0,11,1,12,63.16,4,28.57,10,0,0,0,7,1,0,1,0,2,8,0,0,4,20260428,1,22,0,1,6,0,0.0,0,2,2,0,0,0,,12,50.0,0,0,0,7,2,2,0,1,0.0,0,0,0,0,0.0,0,0,0,0,19,0,0,0,0,0,0,0,0,0,0,0.0,0.0,0,1,0,0,0,6,75.0,0,2,1,50.0,2,0,8,1,16,42.11,0,17,2,19,52.3,1,0,59,5,1,0
Dal Varešanović,979109,Gençlerbirliği,7802,turkey,2526,340,14,3,6.54,1,0,1,0.95,0.12,3,0,0.0,20,4,66.67,28,38,66,84.62,1,10.0,9,0,0,0,12,0,1,0,0,0,11,0,0,4,20260428,4,33,0,0,8,0,25.0,0,5,5,0,1,0,,15,38.46,0,0,0,12,1,2,1,2,1.0,0,0,0,0,0.0,0,0,0,0,43,0,0,0,0,0,0,0,0,0,0,340.0,0.0,0,4,0,3,1,3,25.0,0,6,4,66.67,2,6,12,3,16,32.65,6,37,41,78,71.9,4,0,136,6,0,0
Kenneth Paal,285997,Antalyaspor,3056,turkey,2526,2688,31,30,6.54,0,0,0,0.33,1.58,30,10,29.41,155,44,46.32,382,479,861,85.59,25,53.19,22,0,0,0,112,2,0,3,5,68,31,0,0,10,20260428,29,108,0,2,36,0,0.0,0,50,46,4,0,0,,99,53.51,0,0,0,145,19,18,0,2,9.0,0,0,0,2,0.0,0,0,0,0,250,0,0,0,0,0,0,0,0,0,0,0.0,0.0,1,2,6,4,1,15,53.57,0,57,35,61.4,18,68,28,34,124,53.45,95,482,524,1006,202.6,8,0,1572,30,3,0
Fatih Kurucuk,807093,Fatih Karagümrük,4954,turkey,2526,227,4,2,6.53,0,0,0,,0.01,2,0,0.0,3,6,37.5,24,47,71,78.89,11,44.0,14,0,0,0,3,0,0,0,0,14,3,0,0,0,20260428,3,19,0,0,1,0,0.0,0,6,5,1,0,0,,9,64.29,0,0,0,19,0,0,0,0,3.0,1,0,0,0,0.0,0,0,0,0,22,0,0,0,0,0,0,0,0,0,0,0.0,0.0,0,0,0,0,0,0,0.0,0,5,1,20.0,0,9,1,0,20,51.28,16,38,52,90,19.6,0,0,125,4,1,0
Devrim Şahin,2273226,Beşiktaş JK,3050,turkey,2526,164,4,2,6.53,0,0,0,0.17,0.03,0,1,14.29,8,0,0.0,13,6,19,55.88,3,50.0,3,0,0,0,5,0,0,1,0,0,3,0,0,3,20260428,3,15,0,0,5,0,0.0,0,0,0,0,0,0,,9,42.86,0,0,0,15,1,1,0,0,0.0,0,0,0,0,0.0,0,0,0,0,28,0,0,0,0,0,0,0,0,0,0,0.0,0.0,0,3,1,2,1,6,85.71,0,2,1,50.0,1,0,7,7,12,44.44,3,24,10,34,19.6,4,0,75,1,0,0
Yaw Ackah,984096,Kayserispor,3072,turkey,2526,185,3,2,6.53,0,0,0,0.06,0.05,0,0,0.0,11,7,58.33,31,36,67,84.81,3,75.0,1,0,0,0,14,0,0,0,0,3,3,0,0,4,20260428,4,12,0,0,2,0,0.0,0,3,2,1,0,0,,3,21.43,0,0,0,12,1,0,0,0,0.0,0,0,0,0,0.0,0,0,0,0,19,1,0,0,0,0,0,0,0,0,0,0.0,0.0,0,0,2,1,1,1,50.0,0,0,0,0.0,0,5,2,0,6,33.33,12,41,38,79,19.6,2,0,98,2,0,0
Mert Yilmaz,881966,Antalyaspor,3056,turkey,2526,36,3,0,6.53,0,0,0,0.06,0.01,0,0,0.0,3,0,0.0,6,2,8,66.67,0,0.0,0,0,0,0,2,0,0,1,0,0,3,0,0,0,20260428,0,1,0,0,1,0,0.0,0,1,1,0,0,0,,2,66.67,0,0,0,4,0,0,0,0,0.0,0,0,0,0,0.0,0,0,0,0,4,0,0,0,0,0,0,0,0,0,0,0.0,0.0,0,0,1,0,0,0,0.0,0,1,0,0.0,0,1,0,0,2,66.67,1,9,3,12,19.6,1,0,16,1,1,0
Gidado Victor Ntino-Emo,1632791,Gaziantep FK,5138,turkey,2526,267,8,2,6.53,0,0,0,0.02,0.04,1,0,0.0,11,5,55.56,24,49,73,81.11,2,40.0,3,0,0,0,9,0,0,0,0,4,6,0,0,0,20260428,1,11,0,0,5,0,0.0,0,5,3,2,0,0,,10,55.56,0,0,0,17,6,0,0,0,0.0,0,0,0,0,0.0,0,0,0,0,27,0,0,0,0,0,0,0,0,0,0,0.0,0.0,0,0,1,1,0,0,0.0,0,10,5,50.0,0,2,2,0,12,52.17,9,36,54,90,39.2,1,0,129,0,1,0
Denis Makarov,955978,Kayserispor,3072,turkey,2526,534,10,6,6.53,0,0,0,1.3,0.77,6,8,28.57,19,10,62.5,38,32,70,62.5,4,44.44,5,0,0,0,28,2,4,4,0,6,10,0,0,6,20260428,18,50,0,1,12,0,0.0,0,10,8,2,0,0,,30,40.0,0,0,0,42,2,10,0,3,1.0,0,0,0,0,0.0,0,0,0,1,96,4,0,0,0,0,0,0,0,0,0,0.0,0.0,0,9,10,6,9,8,47.06,0,8,4,50.0,10,11,17,28,34,40.48,16,70,42,112,65.3,19,0,252,14,3,0
Ogulcan Caglayan,387050,Kocaelispor,3065,turkey,2526,196,4,2,6.53,0,0,0,0.19,0.78,2,0,0.0,11,1,33.33,22,9,31,65.96,5,45.45,6,0,0,0,5,0,0,1,0,3,4,0,0,3,20260428,3,13,0,0,2,0,0.0,0,2,2,0,0,0,,5,41.67,0,0,0,16,0,0,0,3,0.0,0,0,0,0,0.0,0,0,0,0,26,0,0,0,0,0,0,0,0,0,0,0.0,0.0,0,4,2,5,0,2,100.0,0,2,0,0.0,0,4,2,2,10,43.48,3,37,10,47,26.1,6,0,71,1,1,0
Can Keleş,918408,Kocaelispor,3065,turkey,2526,715,22,7,6.52,0,1,1,0.62,1.16,3,9,27.27,23,6,54.55,46,52,98,73.68,5,33.33,10,0,0,0,21,0,1,4,0,5,21,0,1,15,20260428,3,52,0,1,11,0,0.0,0,14,11,3,0,0,,29,40.85,0,0,1,35,6,6,0,2,0.0,0,1,0,0,0.0,0,0,0,0,112,2,0,1,0,0,0,0,0,0,0,0.0,0.0,0,9,5,6,4,11,44.0,0,9,6,66.67,5,7,25,33,34,39.53,11,69,64,133,137.0,14,0,296,9,2,0
Seyfettin Anıl Yaşar,999646,Eyüpspor,7040,turkey,2526,358,5,4,6.52,0,0,0,0.01,0.11,6,0,0.0,8,10,40.0,28,112,140,84.85,12,66.67,6,0,0,0,7,0,0,0,0,26,5,0,1,1,20260428,1,12,1,0,4,0,0.0,10,7,7,0,0,0,,7,53.85,0,0,0,25,8,0,0,1,2.0,0,0,0,0,0.0,0,0,0,0,26,0,0,1,0,0,0,0,0,0,0,0.0,0.0,0,1,0,0,1,0,0.0,0,5,4,80.0,0,13,0,0,19,61.29,25,40,125,165,32.6,1,0,219,3,1,0
Habib Gueye,880778,Kasımpaşa,6063,turkey,2526,1547,24,16,6.52,5,0,5,4.96,0.62,2,0,0.0,93,3,50.0,131,47,178,66.42,69,43.67,89,0,0,1,37,1,7,4,1,14,24,0,0,27,20260428,16,210,0,0,65,0,13.16,0,25,22,3,5,0,,51,29.65,2,0,1,90,4,9,1,5,2.0,0,0,1,0,0.0,0,0,0,1,240,10,0,1,2,0,0,0,0,0,0,309.4,0.0,0,33,5,20,14,12,36.36,0,15,12,80.0,9,7,33,8,120,36.36,6,207,61,268,156.4,38,1,586,26,3,1
Abdullah Yiğiter,827515,Antalyaspor,3056,turkey,2526,1080,12,12,6.52,0,0,0,,0.06,25,0,0.0,20,87,34.52,54,187,241,58.64,3,75.0,1,0,0,0,98,0,0,0,5,10,12,0,0,0,20260428,0,1,2,2,0,0,0.0,91,17,16,1,0,0,-2.44,3,100.0,0,17,0,170,0,0,0,0,0.0,0,0,0,0,0.0,0,0,0,0,180,0,5,0,0,5,21,11,32,1,6,0.0,0.0,0,0,0,0,0,2,100.0,5,0,0,0.0,0,49,2,0,6,85.71,252,188,223,411,78.2,0,0,532,1,0,0
Polat Yaldır,1135583,Samsunspor,3053,turkey,2526,108,6,0,6.52,0,0,0,0.71,0.26,0,1,33.33,12,0,0.0,20,4,24,72.73,2,66.67,1,0,0,0,9,0,1,0,0,1,6,0,0,2,20260428,2,14,0,0,4,0,0.0,0,3,2,1,0,0,,8,38.1,0,0,0,9,2,4,0,1,0.0,0,0,0,0,0.0,0,0,0,0,23,1,0,0,0,0,0,0,0,0,0,0.0,0.0,0,2,0,0,2,3,37.5,0,2,2,100.0,4,0,8,3,10,41.67,1,26,7,33,39.1,2,0,63,3,0,0
Jeh,1464661,Göztepe,3054,turkey,2526,376,13,3,6.52,1,0,1,2.11,1.34,3,2,28.57,22,2,50.0,32,2,34,52.31,27,44.26,34,0,0,0,15,2,2,7,0,3,13,0,0,8,20260428,1,66,0,0,23,0,4.17,0,5,4,1,1,0,,13,28.89,0,0,0,31,0,8,0,2,1.0,0,0,1,0,100.0,0,1,0,1,73,6,0,0,1,0,0,0,0,0,0,376.0,0.0,1,17,7,8,9,6,60.0,0,1,0,0.0,8,7,10,7,40,37.74,4,61,4,65,84.7,24,0,162,6,3,0
Adama Malouda Traoré,1172372,Gençlerbirliği,7802,turkey,2526,824,13,8,6.52,0,1,1,0.94,0.6,11,1,11.11,45,7,35.0,86,70,156,74.64,12,46.15,14,0,0,0,40,1,2,4,1,11,13,0,0,20,20260428,6,62,0,0,14,0,0.0,0,6,6,0,0,0,,31,39.24,0,0,0,53,3,9,0,4,1.0,0,0,0,0,0.0,0,0,0,0,106,5,0,0,0,0,0,0,0,0,0,0.0,0.0,0,8,7,10,1,9,52.94,0,10,7,70.0,9,17,17,9,43,40.95,20,122,87,209,84.7,15,0,345,12,3,0
Dorukhan Toköz,796133,Kayserispor,3072,turkey,2526,1145,23,14,6.51,0,0,0,0.42,0.81,30,1,25.0,66,39,51.32,143,173,316,78.41,15,45.45,18,0,0,0,48,1,0,3,1,38,23,0,1,2,20260428,17,63,0,0,28,0,0.0,0,23,18,5,0,0,,49,52.13,0,0,0,87,18,5,0,0,5.0,0,0,0,0,0.0,0,0,0,0,109,2,0,1,0,0,0,0,0,0,0,0.0,0.0,0,4,4,5,0,3,60.0,0,24,15,62.5,5,51,5,4,64,50.39,76,206,197,403,149.8,8,0,591,22,5,0
Matej Hanousek,320905,Gençlerbirliği,7802,turkey,2526,1280,21,13,6.51,0,0,0,0.02,1.14,20,9,30.0,89,26,38.24,175,202,377,79.87,7,33.33,14,0,0,0,44,3,0,1,1,51,19,0,0,3,20260428,13,40,0,0,5,0,0.0,0,24,24,0,0,0,,27,50.94,0,0,0,95,10,9,0,0,2.0,0,0,0,0,0.0,0,0,0,0,153,3,0,0,0,0,0,0,0,0,0,0.0,0.0,0,0,1,0,0,2,28.57,0,23,9,39.13,9,48,7,30,34,45.95,68,239,233,472,123.7,1,0,760,2,1,0
Tomáš Čvančara,929163,Antalyaspor,3056,turkey,2526,533,11,6,6.51,1,0,1,1.41,0.09,0,2,40.0,15,1,16.67,29,27,56,65.12,11,36.67,19,0,0,0,13,0,2,1,0,3,10,0,0,6,20260428,1,39,0,0,9,0,8.33,0,11,8,3,1,0,,20,50.0,0,0,0,30,1,1,0,5,0.0,0,0,0,0,0.0,0,0,0,0,56,4,0,0,1,0,0,0,0,0,0,533.0,0.0,0,11,1,5,6,5,55.56,0,4,2,50.0,1,2,9,5,31,44.29,6,56,30,86,65.1,12,1,167,11,1,0
Kristjan Asllani,996820,Beşiktaş JK,3050,turkey,2526,637,11,8,6.51,1,1,2,1.48,0.27,17,0,0.0,58,14,51.85,120,148,268,85.08,1,25.0,3,0,0,0,24,0,0,7,0,5,11,0,1,0,20260428,3,15,0,0,7,0,6.67,0,5,3,2,1,0,,12,50.0,0,0,0,47,6,7,0,0,1.0,0,0,1,0,100.0,0,1,0,0,68,0,0,1,1,0,0,0,0,0,0,637.0,0.0,0,10,5,6,2,1,33.33,0,8,3,37.5,7,30,3,11,13,46.43,27,156,159,315,71.6,15,0,397,4,0,0
Doğukan Sinik,796114,Antalyaspor,3056,turkey,2526,738,18,7,6.51,0,2,2,2.38,0.79,7,7,38.89,57,12,50.0,101,55,156,75.36,7,50.0,7,0,0,0,35,1,6,5,0,11,17,0,0,13,20260428,2,62,0,0,18,0,0.0,0,14,12,2,0,0,,49,47.12,0,0,2,51,2,13,0,2,1.0,0,0,0,1,0.0,0,0,0,0,135,3,0,1,0,0,0,0,0,0,0,0.0,0.0,0,14,9,14,4,24,50.0,0,11,8,72.73,13,15,48,18,56,47.46,24,143,64,207,110.6,23,0,415,14,3,1
Meschak Elia,862078,Alanyaspor,6362,turkey,2526,576,19,5,6.51,1,0,1,0.68,0.48,0,5,19.23,69,1,25.0,107,48,155,84.7,2,28.57,5,0,0,0,26,1,0,4,0,0,18,0,0,8,20260428,3,44,0,0,10,0,8.33,0,11,11,0,1,0,,18,31.58,0,0,1,28,4,6,1,4,0.0,0,0,0,0,0.0,0,0,0,0,97,3,0,0,0,0,0,0,0,0,0,576.0,0.0,0,8,4,1,7,5,21.74,0,5,3,60.0,6,6,23,26,20,31.25,4,127,56,183,117.1,12,0,324,8,0,0
Ali Yavuz Kol,910091,Kasımpaşa,6063,turkey,2526,734,23,5,6.5,0,0,0,1.12,1.07,12,8,18.18,88,13,76.47,135,62,197,77.25,9,56.25,7,0,0,0,53,1,1,10,1,3,21,0,0,19,20260428,24,98,0,0,25,0,0.0,0,10,9,1,0,0,,45,33.09,0,0,0,58,6,10,0,1,1.0,0,0,0,0,0.0,0,0,0,0,172,8,0,0,0,0,0,0,0,0,0,0.0,0.0,0,13,13,13,3,20,46.51,0,20,17,85.0,10,16,43,44,54,35.53,17,181,74,255,136.6,26,0,506,5,4,0
Ramazan Civelek,781408,Kayserispor,3072,turkey,2526,2049,28,24,6.5,0,2,2,0.48,1.34,19,7,19.44,254,35,50.72,404,312,716,85.04,10,25.64,29,0,0,0,103,0,0,3,2,58,28,0,0,15,20260428,33,121,0,1,28,0,0.0,0,39,31,8,0,0,,74,44.58,0,0,0,126,23,16,0,5,2.0,1,0,0,0,0.0,0,0,0,0,233,10,0,0,0,0,0,0,0,0,0,0.0,0.0,0,4,8,8,1,10,38.46,0,32,19,59.38,16,38,26,36,84,40.98,69,482,360,842,182.1,12,0,1317,33,7,0
Danylo Sikan,945479,Trabzonspor,3051,turkey,2526,251,13,1,6.5,1,0,1,1.46,0.16,2,2,66.67,19,1,50.0,34,24,58,75.32,5,38.46,8,0,0,0,8,1,1,2,0,1,10,0,0,7,20260428,0,26,0,0,12,0,12.5,0,7,7,0,1,0,,14,43.75,1,0,1,19,1,3,0,0,0.0,0,0,0,0,0.0,0,0,0,1,38,0,0,0,0,0,0,0,0,0,0,251.0,0.0,1,6,2,4,2,2,50.0,0,5,3,60.0,3,4,4,3,19,42.22,2,51,26,77,65.0,8,0,131,7,2,0
Carlos Mané,859748,Kayserispor,3072,turkey,2526,1050,22,12,6.5,0,1,1,1.48,0.56,13,4,12.9,75,11,61.11,119,94,213,74.74,10,47.62,11,0,0,0,44,1,4,4,0,7,22,0,0,7,20260428,15,64,0,0,15,0,0.0,0,21,20,1,0,0,,44,45.36,0,0,1,72,9,8,0,5,1.0,0,0,0,0,0.0,0,0,0,0,142,2,0,0,0,0,0,0,0,0,0,0.0,0.0,0,7,2,0,5,11,37.93,0,23,8,34.78,8,21,29,31,54,45.76,18,175,110,285,143.0,9,0,483,11,2,0
Ahmed Kutucu,906049,Galatasaray,3061,turkey,2526,86,9,0,6.5,0,1,1,0.33,0.33,0,1,100.0,11,1,50.0,12,12,24,88.89,3,50.0,3,0,0,0,3,1,0,3,0,2,8,0,0,3,20260428,1,11,0,0,4,0,0.0,0,0,0,0,0,0,,4,33.33,0,0,0,3,1,2,0,0,0.0,0,0,0,0,0.0,0,0,0,0,12,0,0,0,0,0,0,0,0,0,0,0.0,0.0,1,4,2,2,1,1,100.0,0,3,2,66.67,2,0,1,1,7,38.89,2,14,13,27,52.0,6,0,54,0,0,0
Nurettin Korkmaz,976993,Kayserispor,3072,turkey,2526,163,7,1,6.5,0,1,1,0.03,0.17,2,2,22.22,17,4,50.0,31,29,60,84.51,0,0.0,4,0,0,0,6,1,0,0,0,3,6,0,0,0,20260428,2,9,0,0,2,0,0.0,0,5,4,1,0,0,,8,61.54,0,0,0,11,2,3,0,0,0.0,0,0,0,0,0.0,0,0,0,0,29,2,0,0,0,0,0,0,0,0,0,0.0,0.0,0,0,1,0,1,2,66.67,0,1,0,0.0,3,4,3,9,8,47.06,8,41,30,71,39.0,1,0,121,5,1,0
Mateusz Wieteska,286087,Kocaelispor,3065,turkey,2526,22,1,1,6.5,0,0,0,,0.0,0,0,0.0,1,1,50.0,1,3,4,57.14,0,0.0,1,0,0,0,1,0,0,0,0,0,1,0,0,0,20260428,0,1,0,0,0,0,0.0,0,0,0,0,0,0,,0,0.0,0,0,0,3,0,0,0,0,,0,0,0,0,0.0,0,0,0,0,4,0,0,0,0,0,0,0,0,0,0,0.0,0.0,0,0,0,0,0,0,0.0,0,0,0,0.0,0,0,0,0,0,0.0,2,3,4,7,6.5,0,0,8,0,0,0
Ismaila Manga,2169898,Eyüpspor,7040,turkey,2526,26,3,0,6.5,0,0,0,,0.0,0,0,0.0,1,0,0.0,3,6,9,90.0,0,0.0,0,0,0,0,1,0,0,0,0,0,2,0,0,2,20260428,0,4,0,0,1,0,0.0,0,0,0,0,0,0,,1,20.0,0,0,0,1,0,0,0,0,0.0,0,0,0,0,0.0,0,0,0,0,5,0,0,0,0,0,0,0,0,0,0,0.0,0.0,0,0,0,0,0,0,0.0,0,0,0,0.0,0,0,1,0,1,20.0,0,4,6,10,13.0,0,0,16,1,1,0
Mert Günok,39573,Fenerbahçe,3052,turkey,2526,835,10,9,6.5,0,0,0,,0.01,15,0,0.0,5,29,31.18,15,118,133,67.17,3,100.0,0,0,0,0,85,0,0,0,1,6,10,0,0,0,20260428,0,0,1,0,0,0,0.0,42,15,15,0,0,0,-2.85,0,0.0,0,3,0,65,0,0,0,0,0.0,0,0,0,0,0.0,2,0,0,0,68,0,1,0,0,4,9,10,19,0,6,0.0,0.0,0,0,0,0,0,0,0.0,4,0,0,0.0,0,32,0,0,3,100.0,93,66,132,198,65.0,0,0,291,2,1,0
Serdar Gürler,96520,Eyüpspor,7040,turkey,2526,1288,17,16,6.5,0,0,0,1.77,1.17,12,8,25.0,68,8,34.78,143,130,273,81.01,6,22.22,21,0,0,0,52,1,5,5,0,23,17,0,0,9,20260428,11,76,0,0,10,0,0.0,0,19,18,1,0,0,,42,43.3,0,0,0,64,9,8,0,4,2.0,0,0,0,0,0.0,0,0,0,0,152,2,0,0,0,0,0,0,0,0,0,0.0,0.0,1,9,13,11,6,8,24.24,0,15,12,80.0,8,19,33,32,48,38.71,23,196,141,337,110.5,22,0,598,19,2,0
Andraž Šporar,166987,Alanyaspor,6362,turkey,2526,165,2,2,6.5,0,0,0,0.56,0.03,1,0,0.0,9,1,100.0,19,6,25,73.53,7,63.64,4,0,0,0,2,0,1,0,0,1,2,0,0,2,20260428,1,14,0,0,4,0,0.0,0,2,2,0,0,0,,5,33.33,0,0,1,9,0,1,0,0,0.0,0,0,0,0,0.0,0,0,0,0,20,1,0,0,0,0,0,0,0,0,0,0.0,0.0,0,4,1,4,1,0,0.0,0,1,1,100.0,1,1,3,1,12,46.15,1,26,8,34,13.0,5,0,60,4,0,0
Andre Gray,73951,Fatih Karagümrük,4954,turkey,2526,539,12,6,6.5,0,0,0,0.26,0.2,1,0,0.0,34,2,66.67,47,25,72,75.79,1,33.33,2,0,0,0,6,0,0,0,0,4,12,0,0,1,20260428,0,15,0,0,8,0,0.0,0,12,11,1,0,0,,8,38.1,0,0,0,23,0,5,0,5,0.0,0,0,0,0,0.0,0,0,0,0,45,2,0,0,0,0,0,0,0,0,0,0.0,0.0,0,1,4,3,2,1,20.0,0,3,1,33.33,5,4,5,5,9,37.5,3,70,25,95,78.0,5,0,152,4,0,0
Ayaz Özcan,2311147,Gençlerbirliği,7802,turkey,2526,29,3,0,6.5,0,0,0,0.23,,0,0,0.0,0,0,0.0,0,0,0,0.0,1,33.33,2,0,0,0,3,0,1,0,0,0,3,0,0,1,20260428,1,5,0,0,0,0,0.0,0,0,0,0,0,0,,2,40.0,0,0,0,1,0,0,0,0,0.0,0,0,0,0,0.0,0,0,0,0,4,1,0,0,0,0,0,0,0,0,0,0.0,0.0,0,1,0,1,0,0,0.0,0,1,0,0.0,0,0,1,0,3,37.5,0,1,0,1,19.5,1,0,9,1,0,0
Sander Svendsen,327053,Konyaspor,3085,turkey,2526,175,8,2,6.5,0,0,0,0.14,0.29,0,0,0.0,12,0,0.0,15,10,25,62.5,1,33.33,2,0,0,0,4,1,0,1,0,1,7,0,0,4,20260428,0,9,0,0,1,0,0.0,0,3,3,0,0,0,,2,22.22,0,0,0,15,0,4,0,1,0.0,0,0,0,0,0.0,0,0,0,0,33,1,0,0,0,0,0,0,0,0,0,0.0,0.0,0,1,1,1,0,1,33.33,0,1,1,100.0,4,1,3,2,3,25.0,3,27,13,40,45.5,2,0,68,0,0,0
Soner Aydoğdu,69351,Samsunspor,3053,turkey,2526,113,8,0,6.5,0,0,0,0.04,0.09,1,2,28.57,12,1,50.0,23,14,37,78.72,1,33.33,2,0,0,0,3,1,0,0,0,0,7,0,0,1,20260428,1,6,0,0,2,0,0.0,0,3,3,0,0,0,,3,42.86,0,0,0,10,0,2,0,0,0.0,0,0,0,0,0.0,0,0,0,0,18,0,0,0,0,0,0,0,0,0,0,0.0,0.0,0,0,1,1,0,1,100.0,0,2,2,100.0,2,4,1,7,4,40.0,2,29,18,47,45.5,1,0,66,0,0,0
Musah Mohammed,1105505,Göztepe,3054,turkey,2526,196,8,1,6.5,0,0,0,0.04,0.11,4,0,0.0,6,6,46.15,15,15,30,53.57,9,64.29,5,0,0,0,7,0,0,0,0,6,7,0,0,1,20260428,0,13,0,0,8,0,0.0,0,3,3,0,0,0,,5,38.46,0,0,0,26,2,1,0,0,0.0,0,0,0,0,0.0,0,0,0,0,32,0,0,0,0,0,0,0,0,0,0,0.0,0.0,0,1,0,0,1,0,0.0,0,2,1,50.0,1,10,0,0,14,51.85,13,34,22,56,45.5,1,0,89,4,1,0
Ömer Faruk Beyaz,1022881,Başakşehir FK,3086,turkey,2526,30,3,0,6.5,0,0,0,0.04,0.02,0,0,0.0,3,0,0.0,6,4,10,76.92,0,0.0,0,0,0,0,2,0,0,0,0,0,2,0,0,0,20260428,1,2,0,0,0,0,0.0,0,0,0,0,0,0,,3,60.0,0,0,0,3,0,1,0,0,0.0,0,0,0,0,0.0,0,0,0,0,5,1,0,0,0,0,0,0,0,0,0,0.0,0.0,0,1,0,1,0,1,50.0,0,1,0,0.0,1,0,2,0,3,60.0,1,8,5,13,13.0,1,0,19,1,0,0
Dilhan Demir,1907100,Gençlerbirliği,7802,turkey,2526,106,6,1,6.5,0,0,0,0.03,0.09,0,0,0.0,8,0,0.0,16,8,24,80.0,0,0.0,1,0,0,0,6,0,0,1,0,2,5,0,0,2,20260428,2,12,0,0,5,0,0.0,0,2,2,0,0,0,,7,38.89,0,0,0,6,0,1,0,1,1.0,0,0,0,0,0.0,0,0,0,0,14,1,0,0,0,0,0,0,0,0,0,0.0,0.0,0,0,1,0,0,2,50.0,0,3,1,33.33,1,1,4,0,7,36.84,1,22,8,30,32.5,1,0,53,2,1,0
Batista Mendy,859021,Trabzonspor,3051,turkey,2526,56,2,0,6.5,0,0,0,0.03,0.01,0,0,0.0,2,0,0.0,4,15,19,86.36,0,0.0,0,0,0,0,4,0,0,0,0,1,2,0,0,1,20260428,0,5,0,0,4,0,0.0,0,0,0,0,0,0,,4,44.44,0,0,0,3,0,1,0,0,,0,0,0,0,0.0,0,0,0,0,6,0,0,0,0,0,0,0,0,0,0,0.0,0.0,0,0,1,1,0,0,0.0,0,1,1,100.0,1,0,0,0,4,44.44,1,6,16,22,13.0,1,0,33,3,0,0
Indrit Tuci,985412,Kayserispor,3072,turkey,2526,597,17,4,6.49,2,0,2,2.51,0.27,3,1,50.0,28,4,44.44,58,32,90,64.75,14,41.18,20,0,0,0,14,0,4,7,1,7,17,0,0,13,20260428,3,58,0,0,19,0,7.69,0,12,10,2,2,0,,27,41.54,2,0,1,49,2,4,0,2,0.0,0,0,0,0,0.0,0,0,0,0,85,5,0,0,0,0,0,0,0,0,0,298.5,0.0,0,19,7,11,8,3,42.86,0,8,6,75.0,4,6,7,2,41,41.41,9,103,36,139,110.4,26,0,257,16,1,0
Aaron Opoku,930136,Kayserispor,3072,turkey,2526,1235,19,14,6.49,0,2,2,0.53,2.26,12,12,24.49,97,13,46.43,132,111,243,76.66,14,45.16,17,0,0,0,55,4,1,6,1,17,19,0,0,13,20260428,18,78,0,0,16,0,0.0,0,30,25,5,0,0,,37,37.76,0,0,0,74,7,22,0,2,1.0,1,1,0,0,0.0,0,0,0,0,171,4,0,0,0,0,0,0,0,0,0,0.0,0.0,0,8,5,4,3,17,54.84,0,14,6,42.86,21,24,31,49,51,39.53,28,186,131,317,123.3,13,0,572,7,3,0
Tiago Cukur,1134447,Fatih Karagümrük,4954,turkey,2526,1367,26,13,6.48,1,3,4,2.73,1.18,17,2,11.11,143,10,52.63,233,79,312,73.24,34,44.16,43,0,0,0,40,4,4,8,1,10,25,0,0,28,20260428,7,113,0,0,29,0,3.57,0,27,25,2,1,0,,35,33.33,0,0,0,114,3,22,0,3,0.0,0,0,0,0,0.0,0,0,0,0,210,8,0,0,1,0,0,0,0,0,0,1367.0,0.0,0,19,9,11,9,5,38.46,0,18,7,38.89,22,29,13,18,69,37.91,19,332,94,426,162.0,28,0,647,12,2,0
Abdulsamet Burak,900798,Kayserispor,3072,turkey,2526,384,8,5,6.48,0,0,0,,0.08,5,1,20.0,13,8,40.0,44,85,129,80.12,4,36.36,7,0,0,0,16,0,0,0,0,13,8,0,0,1,20260428,1,19,0,0,8,0,0.0,2,7,4,3,0,0,,15,55.56,0,0,0,32,6,1,0,1,2.0,0,0,0,0,0.0,0,0,0,0,47,0,0,0,0,0,0,0,0,0,0,0.0,0.0,0,0,0,0,0,1,33.33,0,6,4,66.67,1,14,3,5,19,50.0,20,61,100,161,51.8,0,0,234,8,3,0
İsmail Köybaşı,43605,Göztepe,3054,turkey,2526,78,9,0,6.48,0,0,0,0.04,0.02,0,0,0.0,7,0,0.0,10,5,15,51.72,0,0.0,1,0,0,0,1,0,0,0,0,0,4,0,0,1,20260428,0,4,0,0,2,0,0.0,0,2,1,1,0,0,,7,70.0,0,0,0,14,0,0,0,0,1.0,0,0,0,0,0.0,0,0,0,0,24,0,0,1,0,0,0,0,0,0,0,0.0,0.0,1,0,1,0,1,2,100.0,0,3,3,100.0,0,1,2,5,7,63.64,5,23,6,29,25.9,1,0,51,2,0,1
Kaan Akyazı,1476229,Konyaspor,3085,turkey,2526,34,5,0,6.47,0,0,0,,0.02,0,0,0.0,4,0,0.0,5,1,6,85.71,0,0.0,1,0,0,0,0,0,0,0,0,0,3,0,0,0,20260428,0,5,0,0,1,0,0.0,0,0,0,0,0,0,,4,50.0,0,0,0,1,0,1,0,0,0.0,0,0,0,0,0.0,0,0,0,0,5,0,0,0,0,0,0,0,0,0,0,0.0,0.0,0,0,0,0,0,0,0.0,0,3,3,100.0,1,1,3,1,4,44.44,0,6,1,7,19.4,0,0,18,1,0,0
Ricardo Esgaio,97000,Fatih Karagümrük,4954,turkey,2526,1908,23,21,6.46,0,0,0,0.06,1.2,35,3,10.0,174,35,35.35,315,256,571,76.95,22,39.29,34,0,0,0,85,1,0,1,4,63,22,0,0,11,20260428,22,109,1,2,39,0,0.0,0,37,34,3,0,0,,72,48.98,0,0,0,171,21,12,0,6,4.0,0,0,0,0,0.0,0,0,0,0,284,4,0,0,0,0,0,0,0,0,0,0.0,0.0,0,0,2,1,0,6,60.0,0,50,34,68.0,12,67,10,30,94,46.31,99,440,302,742,142.2,2,0,1235,18,3,0
Melih Bostan,1133195,Konyaspor,3085,turkey,2526,122,10,0,6.46,0,0,0,0.74,0.08,0,0,0.0,10,0,0.0,17,5,22,62.86,2,40.0,3,0,0,0,2,0,1,1,0,0,10,0,0,0,20260428,0,5,0,0,1,0,0.0,0,2,2,0,0,0,,3,60.0,0,0,1,13,0,2,0,1,0.0,0,0,0,0,0.0,0,0,0,0,19,1,0,0,0,0,0,0,0,0,0,0.0,0.0,0,3,1,3,0,1,50.0,0,1,1,100.0,2,2,2,4,5,50.0,1,26,9,35,64.6,4,0,52,1,0,0
Poyraz Efe Yıldırım,1195797,Antalyaspor,3056,turkey,2526,180,10,0,6.46,0,0,0,0.17,0.03,0,0,0.0,13,0,0.0,22,11,33,78.57,4,25.0,12,0,0,0,5,0,0,0,0,2,9,0,0,1,20260428,1,20,0,0,4,0,0.0,0,3,3,0,0,0,,8,50.0,0,0,0,9,0,0,0,0,1.0,0,0,0,0,0.0,0,0,0,0,21,0,0,0,0,0,0,0,0,0,0,0.0,0.0,0,2,1,2,1,1,25.0,0,2,2,100.0,0,1,4,0,12,37.5,0,31,11,42,58.1,3,0,75,6,1,0
Necip Uysal,43394,Beşiktaş JK,3050,turkey,2526,81,2,1,6.45,0,0,0,,0.01,1,0,0.0,5,1,25.0,14,18,32,86.49,3,75.0,1,0,0,0,3,0,0,0,0,2,2,0,0,0,20260428,3,7,0,0,4,0,0.0,0,2,2,0,0,0,,1,14.29,0,0,0,5,4,0,0,0,0.0,0,0,0,0,0.0,0,0,0,0,5,0,0,0,0,0,0,0,0,0,0,0.0,0.0,0,0,0,0,0,0,0.0,0,1,0,0.0,0,2,0,0,4,36.36,4,18,19,37,12.9,0,0,49,1,1,0
Ali Karimi,803869,Kayserispor,3072,turkey,2526,39,2,0,6.45,0,0,0,,0.0,0,0,0.0,4,0,0.0,4,6,10,76.92,0,0.0,2,0,0,0,3,0,0,0,0,0,2,0,0,0,20260428,0,3,0,0,0,0,0.0,0,2,1,1,0,0,,1,50.0,0,0,0,3,0,0,0,0,0.0,0,0,0,0,0.0,0,0,0,0,7,0,0,0,0,0,0,0,0,0,0,0.0,0.0,0,0,0,0,0,0,0.0,0,1,1,100.0,0,3,1,1,1,25.0,1,7,6,13,12.9,0,0,20,0,0,0
Salem Bouajila,2029551,Göztepe,3054,turkey,2526,20,4,0,6.45,0,0,0,,0.0,0,0,0.0,0,0,0.0,0,2,2,33.33,1,100.0,0,0,0,0,1,0,0,0,0,0,2,0,0,0,20260428,0,1,0,0,1,0,0.0,0,1,1,0,0,0,,0,0.0,0,0,0,4,0,0,0,1,0.0,0,0,0,0,0.0,0,0,0,0,5,0,0,0,0,0,0,0,0,0,0,0.0,0.0,0,0,0,0,0,0,0.0,0,0,0,0.0,0,0,0,0,1,50.0,0,3,3,6,12.9,0,0,8,0,1,0
Frantzdy Pierrot,943278,Çaykur Rizespor,3064,turkey,2526,111,9,0,6.45,0,0,0,0.46,0.01,0,0,0.0,4,0,0.0,7,4,11,61.11,7,53.85,6,0,0,0,1,0,1,2,0,2,8,0,0,2,20260428,0,12,0,0,1,0,0.0,0,2,1,1,0,0,,4,40.0,0,0,0,7,0,1,0,0,0.0,0,0,0,0,0.0,0,0,0,0,18,0,0,0,0,0,0,0,0,0,0,0.0,0.0,0,3,1,1,1,1,25.0,0,0,0,0.0,1,0,4,0,11,47.83,0,13,5,18,51.6,4,0,43,3,0,0
Joao Camacho,317677,Fatih Karagümrük,4954,turkey,2526,324,8,3,6.45,0,0,0,0.39,0.14,0,2,22.22,17,0,0.0,28,17,45,67.16,1,14.29,6,0,0,0,15,0,1,1,0,3,8,0,0,5,20260428,2,24,0,0,8,0,0.0,0,10,10,0,0,0,,14,43.75,0,0,0,22,4,4,0,2,0.0,0,0,0,0,0.0,0,0,0,0,51,1,0,0,0,0,0,0,0,0,0,0.0,0.0,0,4,0,1,2,3,50.0,0,3,1,33.33,4,4,6,9,15,38.46,5,43,24,67,51.6,4,0,135,8,1,0
Furkan Gedik,1129463,Kocaelispor,3065,turkey,2526,48,5,0,6.45,0,0,0,0.07,0.01,0,0,0.0,6,1,100.0,12,0,12,80.0,2,50.0,2,0,0,0,1,0,0,0,0,0,4,0,0,1,20260428,0,3,0,0,0,0,0.0,0,0,0,0,0,0,,0,0.0,0,0,0,3,0,0,0,0,0.0,0,0,0,0,0.0,0,0,0,0,7,0,0,0,0,0,0,0,0,0,0,0.0,0.0,0,1,0,1,0,0,0.0,0,0,0,0.0,0,0,0,2,2,40.0,1,15,0,15,25.8,1,0,23,0,1,0
Rigoberto Rivas,837742,Kocaelispor,3065,turkey,2526,1014,19,12,6.44,1,1,2,1.81,0.81,6,7,18.92,91,8,42.11,153,101,254,75.37,10,37.04,17,0,0,0,46,1,1,3,0,10,19,0,0,12,20260428,8,66,0,2,21,0,9.09,0,20,16,4,1,0,,36,42.35,0,0,1,83,10,10,0,4,1.0,0,0,0,0,0.0,0,0,0,0,178,7,0,0,1,0,0,0,0,0,0,1014.0,0.0,0,9,2,6,2,9,50.0,0,18,9,50.0,10,14,18,37,46,41.07,19,216,121,337,122.4,11,0,562,9,3,0
Mamadou Fall,822228,Kasımpaşa,6063,turkey,2526,1181,20,14,6.44,0,0,0,1.69,0.65,1,3,13.64,55,1,12.5,88,35,123,70.29,15,36.59,26,0,0,0,49,2,2,2,2,14,20,0,0,6,20260428,8,68,0,0,12,0,0.0,0,17,16,1,0,0,,41,49.4,0,0,0,52,6,9,0,16,2.0,0,0,0,0,0.0,0,0,0,0,139,14,0,0,0,0,0,0,0,0,0,0.0,0.0,0,10,1,7,2,7,29.17,0,16,10,62.5,9,3,24,22,56,45.16,8,125,50,175,128.8,11,0,373,19,1,0
Emmanuel Boateng,580392,Gaziantep FK,5138,turkey,2526,466,11,4,6.44,1,0,1,1.34,0.1,2,0,0.0,24,1,100.0,41,18,59,70.24,19,38.0,31,0,0,0,12,1,1,4,0,9,11,0,0,6,20260428,2,52,0,0,12,0,7.14,0,14,12,2,0,1,,12,36.36,0,0,0,25,0,6,0,2,1.0,0,0,0,0,0.0,0,0,0,0,47,2,0,0,1,0,0,0,0,0,0,466.0,0.0,0,10,4,6,4,1,25.0,0,3,2,66.67,6,2,4,1,31,37.35,1,62,22,84,70.8,14,0,160,8,2,0
Muzaffer Utku Eriş,1981253,Konyaspor,3085,turkey,2526,157,3,2,6.43,0,0,0,0.04,0.02,3,0,0.0,10,7,36.84,21,77,98,85.22,4,66.67,2,0,0,0,11,0,0,0,0,7,3,0,0,1,20260428,3,8,0,0,1,0,0.0,6,6,5,1,0,0,,6,50.0,0,0,0,17,3,0,0,0,1.0,0,0,0,0,0.0,0,0,0,0,20,0,0,0,0,0,0,0,0,0,0,0.0,0.0,0,1,0,1,0,3,75.0,0,3,3,100.0,0,7,4,0,10,55.56,19,31,84,115,19.3,1,0,146,0,0,0
Frimpong,931743,Kasımpaşa,6063,turkey,2526,2106,25,24,6.43,0,1,1,0.11,1.78,21,14,25.0,116,32,37.65,227,339,566,78.39,11,33.33,22,0,0,0,82,2,0,2,6,60,25,0,0,6,20260428,17,71,0,0,23,0,0.0,0,34,32,2,0,0,,42,46.15,0,0,0,156,22,13,0,2,3.0,0,0,0,1,0.0,0,0,0,0,263,1,0,0,0,0,0,0,0,0,0,0.0,0.0,0,2,2,1,1,8,57.14,0,20,12,60.0,13,57,14,56,53,42.74,85,329,393,722,160.7,4,0,1159,14,1,0
Gokhan Akkan,225012,Gençlerbirliği,7802,turkey,2526,360,4,4,6.43,0,0,0,,0.0,5,0,0.0,3,28,31.46,15,51,66,51.56,0,0.0,0,0,0,0,40,0,0,0,0,3,4,0,0,0,20260428,0,0,1,0,0,0,0.0,21,8,7,1,0,0,-2.26,3,100.0,0,4,0,62,0,0,0,0,0.0,0,0,0,0,0.0,2,0,0,0,63,0,1,0,0,0,5,2,7,0,2,0.0,0.0,0,0,0,0,0,0,0.0,0,0,0,0.0,0,11,0,0,3,100.0,89,70,58,128,25.7,0,0,169,3,1,0
Yusuf Kabadayi,1130113,Gaziantep FK,5138,turkey,2526,613,17,5,6.42,1,0,1,1.11,0.1,0,1,20.0,26,3,100.0,45,37,82,70.09,3,25.0,9,0,0,0,22,0,1,3,1,15,17,0,0,16,20260428,7,73,1,0,23,0,7.69,0,12,7,5,1,0,,27,29.67,0,0,0,35,9,5,1,1,2.0,0,0,0,0,0.0,0,0,0,0,118,1,0,0,0,0,0,0,0,0,0,613.0,0.0,0,9,4,5,5,10,33.33,0,9,8,88.89,5,2,30,5,30,29.13,3,67,50,117,109.2,13,0,333,8,6,0
Marius Tresor Doh,1907330,Fatih Karagümrük,4954,turkey,2526,1024,17,12,6.42,0,0,0,0.73,0.51,15,3,25.0,73,19,44.19,170,161,331,77.16,13,41.94,18,0,0,0,67,0,0,4,1,24,17,0,1,6,20260428,9,60,1,1,27,0,0.0,0,22,22,0,0,0,,51,54.84,0,0,0,98,23,7,0,0,8.0,0,0,0,0,0.0,0,0,0,0,152,6,0,1,0,0,0,0,0,0,0,0.0,0.0,0,6,10,9,3,4,44.44,0,25,17,68.0,7,33,9,12,64,51.61,43,246,183,429,109.1,16,0,654,23,2,0
Henry Onyekuru,809220,Gençlerbirliği,7802,turkey,2526,326,17,3,6.41,0,0,0,1.25,0.12,1,0,0.0,24,5,50.0,35,16,51,77.27,2,28.57,5,0,0,1,15,0,2,0,0,1,13,0,0,7,20260428,0,20,0,0,5,0,0.0,0,9,8,1,0,0,,11,42.31,0,0,0,15,4,3,0,5,0.0,0,0,1,0,0.0,0,0,0,0,44,2,0,0,0,0,0,0,0,0,0,0.0,0.0,0,3,0,1,2,2,25.0,0,2,2,100.0,3,1,8,1,13,39.39,10,48,18,66,83.3,3,0,121,7,1,0
Jérôme Onguene,580750,Eyüpspor,7040,turkey,2526,765,11,9,6.4,0,2,2,0.09,0.03,5,0,0.0,9,7,21.21,44,240,284,82.8,12,42.86,16,0,0,0,13,1,1,0,2,57,11,0,0,0,20260428,3,26,1,1,8,0,0.0,23,13,12,1,0,0,,11,52.38,0,0,0,59,8,2,0,1,8.0,1,0,0,2,0.0,0,0,0,0,65,0,0,0,0,0,0,0,0,0,0,0.0,0.0,0,2,0,1,1,1,100.0,0,10,6,60.0,2,22,1,0,23,46.94,33,71,272,343,70.4,2,0,454,0,3,0
Muhammed-Cham Saračević,958901,Trabzonspor,3051,turkey,2526,11,1,0,6.4,0,0,0,,0.02,0,0,0.0,1,0,0.0,2,0,2,100.0,0,0.0,0,0,0,0,0,0,0,0,0,0,1,0,0,0,20260428,0,4,0,0,2,0,0.0,0,0,0,0,0,0,,0,0.0,0,0,0,0,0,0,0,0,0.0,0,0,0,0,0.0,0,0,0,0,3,0,0,0,0,0,0,0,0,0,0,0.0,0.0,0,0,0,0,0,0,0.0,0,0,0,0.0,0,0,2,1,0,0.0,0,2,0,2,6.4,0,0,5,0,0,0
Daniel Popa,845165,Gençlerbirliği,7802,turkey,2526,68,1,1,6.4,0,0,0,,0.02,0,0,0.0,1,0,0.0,3,7,10,83.33,1,33.33,2,0,0,0,0,0,0,0,0,0,1,0,0,0,20260428,0,4,0,0,2,0,0.0,0,2,1,1,0,0,,1,33.33,0,0,0,2,0,1,0,1,,0,0,0,0,0.0,0,0,0,0,4,0,0,0,0,0,0,0,0,0,0,0.0,0.0,0,0,0,0,0,0,0.0,0,1,1,100.0,1,0,0,0,2,33.33,0,5,7,12,6.4,0,0,15,0,0,0
Ebrima Ceesay,2216420,Samsunspor,3053,turkey,2526,8,1,0,6.4,0,0,0,,0.0,0,0,0.0,0,0,0.0,4,1,5,100.0,1,100.0,0,0,0,0,0,0,0,0,0,0,1,0,0,0,20260428,0,1,0,0,1,0,0.0,0,1,1,0,0,0,,0,0.0,0,0,0,0,0,0,0,0,0.0,0,0,0,0,0.0,0,0,0,0,2,0,0,0,0,0,0,0,0,0,0,0.0,0.0,0,0,0,0,0,0,0.0,0,0,0,0.0,0,0,0,0,1,50.0,0,4,1,5,6.4,0,0,7,0,0,0
Burhan Ersoy,1640309,Fatih Karagümrük,4954,turkey,2526,8,1,0,6.4,0,0,0,,0.0,0,0,0.0,3,0,0.0,4,2,6,85.71,0,0.0,0,0,0,0,1,0,0,0,0,0,1,0,0,0,20260428,0,0,0,0,0,0,0.0,0,0,0,0,0,0,,0,0.0,0,0,0,1,0,0,0,0,0.0,0,0,0,0,0.0,0,0,0,0,1,0,0,0,0,0,0,0,0,0,0,0.0,0.0,0,0,0,0,0,0,0.0,0,0,0,0.0,0,0,0,0,0,0.0,0,5,2,7,6.4,0,0,9,0,0,0
Tuğbey Akgün,1082393,Fatih Karagümrük,4954,turkey,2526,8,1,0,6.4,0,0,0,,0.0,0,0,0.0,0,0,0.0,0,1,1,100.0,0,0.0,0,0,0,0,0,0,0,0,0,0,1,0,0,1,20260428,0,2,0,0,1,0,0.0,0,0,0,0,0,0,,0,0.0,0,0,0,0,0,0,0,0,0.0,0,0,0,0,0.0,0,0,0,0,3,0,0,0,0,0,0,0,0,0,0,0.0,0.0,0,0,0,0,0,0,0.0,0,0,0,0.0,0,0,0,0,0,0.0,0,0,1,1,6.4,0,0,5,0,0,0
Mesut Can Tunalı,984742,Kocaelispor,3065,turkey,2526,45,1,0,6.4,0,0,0,,0.0,0,0,0.0,1,0,0.0,2,1,3,37.5,0,0.0,0,0,0,0,0,0,0,0,0,0,1,0,0,0,20260428,0,0,0,0,0,0,0.0,0,1,1,0,0,0,,0,0.0,0,0,0,5,0,0,0,0,,0,0,0,0,0.0,0,0,0,0,5,0,0,0,0,0,0,0,0,0,0,0.0,0.0,0,0,0,0,0,0,0.0,0,0,0,0.0,0,0,0,0,0,0.0,0,7,1,8,6.4,0,0,9,0,0,0
Moussa Kyabou,1099267,Gençlerbirliği,7802,turkey,2526,147,2,2,6.4,0,0,0,,0.0,1,0,0.0,2,0,0.0,7,22,29,96.67,2,66.67,1,0,0,0,7,0,0,0,0,5,2,0,0,1,20260428,1,6,0,0,4,0,0.0,0,5,4,1,0,0,,5,50.0,0,0,0,1,3,0,0,0,1.0,0,0,0,1,0.0,0,0,0,0,8,0,0,0,0,0,0,0,0,0,0,0.0,0.0,0,0,0,0,0,0,0.0,0,4,3,75.0,0,1,0,1,7,53.85,0,7,23,30,12.8,0,0,58,1,0,0
Taylan Utku Aydın,1498789,Kasımpaşa,6063,turkey,2526,22,2,0,6.4,0,0,0,,0.0,0,0,0.0,0,0,0.0,1,3,4,80.0,2,100.0,0,0,0,0,0,0,0,0,0,1,1,0,0,0,20260428,0,0,0,0,0,0,0.0,0,1,0,1,0,0,,0,0.0,0,0,0,1,0,0,0,0,1.0,0,0,0,0,0.0,0,0,0,0,1,0,0,0,0,0,0,0,0,0,0,0.0,0.0,0,0,0,0,0,0,0.0,0,0,0,0.0,0,0,0,0,2,100.0,1,1,4,5,6.4,0,0,8,0,0,0
Joshua Brenet,296438,Kayserispor,3072,turkey,2526,707,10,8,6.39,0,0,0,0.72,1.06,4,3,20.0,55,10,43.48,101,87,188,80.0,5,38.46,8,0,0,0,28,1,1,1,4,18,10,0,0,10,20260428,9,37,2,2,6,0,0.0,0,11,8,3,0,0,,12,29.27,0,0,0,47,9,9,0,0,1.0,0,0,0,0,0.0,0,0,0,0,97,0,0,0,0,0,0,0,0,0,0,0.0,0.0,0,3,0,2,0,3,33.33,0,6,1,16.67,9,11,9,15,17,31.48,23,136,99,235,63.9,3,0,409,3,1,0
Josip Calusic,172331,Konyaspor,3085,turkey,2526,298,8,2,6.38,0,0,0,,0.04,5,0,0.0,9,9,69.23,48,96,144,89.44,6,31.58,13,0,0,0,9,0,0,0,0,16,8,0,0,0,20260428,2,18,0,2,3,0,0.0,5,11,9,2,0,0,,3,37.5,0,0,0,17,5,1,0,0,4.0,0,0,0,0,0.0,0,0,0,0,21,0,0,0,0,0,0,0,0,0,0,0.0,0.0,0,0,0,0,0,0,0.0,0,2,2,100.0,1,8,1,0,9,33.33,13,58,103,161,51.0,0,0,198,1,1,0
Tarik Bugra Kalpakli,2018983,Fatih Karagümrük,4954,turkey,2526,292,10,2,6.36,0,0,0,0.14,0.17,2,1,50.0,18,1,33.33,28,19,47,74.6,0,0.0,12,0,0,0,14,1,0,0,0,1,10,0,0,5,20260428,9,37,0,0,9,0,0.0,0,5,4,1,0,0,,11,30.56,0,0,0,16,1,1,0,3,0.0,0,0,0,0,0.0,0,0,0,0,38,1,0,0,0,0,0,0,0,0,0,0.0,0.0,0,2,4,5,1,2,33.33,0,7,4,57.14,1,5,6,2,11,22.92,3,39,24,63,63.6,6,0,121,2,1,0
Ibrahim Sabra,1522038,Göztepe,3054,turkey,2526,88,9,0,6.36,1,0,1,0.53,0.04,2,0,0.0,8,1,100.0,10,4,14,70.0,6,24.0,19,0,0,0,7,0,1,1,0,1,7,0,0,5,20260428,2,33,0,0,5,0,20.0,0,1,1,0,1,0,,2,12.5,0,0,0,6,0,0,0,0,0.0,0,0,0,0,0.0,0,0,0,0,19,2,0,0,1,0,0,0,0,0,0,88.0,0.0,0,4,1,1,3,1,25.0,0,0,0,0.0,0,2,4,2,8,19.51,1,16,4,20,44.5,5,0,48,1,1,0
Mirza Cihan,909289,Gaziantep FK,5138,turkey,2526,23,3,0,6.35,0,0,0,,0.0,0,0,0.0,1,0,0.0,1,3,4,66.67,0,0.0,0,0,0,0,1,0,0,0,0,1,2,0,0,0,20260428,0,3,0,0,1,0,0.0,0,1,1,0,0,0,,2,40.0,0,0,0,2,1,0,0,0,0.0,0,0,0,0,0.0,0,0,0,0,4,0,0,0,0,0,0,0,0,0,0,0.0,0.0,0,0,0,0,0,1,33.33,0,0,0,0.0,0,0,3,0,2,40.0,0,2,4,6,12.7,0,0,14,1,0,0
Aaron Appindangoyé,785850,Kocaelispor,3065,turkey,2526,315,4,4,6.35,0,0,0,0.06,0.02,4,0,0.0,6,9,30.0,20,92,112,80.58,9,36.0,16,0,0,0,9,0,0,0,0,17,4,0,0,0,20260428,0,20,0,0,5,0,0.0,5,5,5,0,0,0,,2,33.33,0,0,0,27,6,0,0,1,6.0,0,0,0,0,0.0,0,0,0,0,27,0,0,0,0,0,0,0,0,0,0,0.0,0.0,0,1,0,0,1,0,0.0,0,1,1,100.0,0,12,0,0,11,35.48,30,35,104,139,25.4,1,0,178,1,0,0
Abdul Kader Moussa Kone,2430490,Fatih Karagümrük,4954,turkey,2526,44,4,0,6.35,0,0,0,0.03,0.01,0,0,0.0,1,1,100.0,2,2,4,57.14,1,33.33,2,0,0,0,3,1,0,0,0,0,4,0,0,0,20260428,0,8,0,0,5,0,0.0,0,0,0,0,0,0,,0,0.0,0,0,0,3,0,1,0,2,0.0,0,0,0,0,0.0,0,0,0,0,6,0,0,0,0,0,0,0,0,0,0,0.0,0.0,0,1,0,0,1,0,0.0,0,0,0,0.0,1,0,1,0,1,11.11,1,3,4,7,25.4,1,0,11,0,0,0
Tahsin Bülbül ,2237105,Samsunspor,3053,turkey,2526,83,3,1,6.35,0,0,0,0.02,0.06,1,0,0.0,8,1,100.0,15,6,21,95.45,0,0.0,4,0,0,0,2,0,0,1,0,0,2,0,0,1,20260428,2,10,0,0,1,0,0.0,0,1,1,0,0,0,,3,33.33,0,0,0,1,1,1,0,0,0.0,0,0,0,0,0.0,0,0,0,0,10,0,0,0,0,0,0,0,0,0,0,0.0,0.0,0,0,1,0,0,2,50.0,0,1,1,100.0,1,1,4,2,3,23.08,1,15,7,22,12.7,1,0,37,0,1,0
Muhammed Kadıoğlu,2044133,Fatih Karagümrük,4954,turkey,2526,595,9,6,6.33,0,0,0,0.1,0.1,3,1,50.0,21,13,35.14,76,170,246,80.66,10,41.67,14,0,0,0,22,0,1,0,0,32,9,0,0,2,20260428,9,32,0,5,6,0,0.0,2,12,11,1,0,0,,9,33.33,0,0,0,59,14,1,0,0,6.0,1,0,0,1,0.0,0,0,0,0,70,0,0,0,0,0,0,0,0,0,0,0.0,0.0,0,3,0,2,1,0,0.0,0,6,4,66.67,1,16,1,2,19,37.25,37,115,190,305,57.0,3,0,394,3,1,0
Ahmet Sivri,941378,Fatih Karagümrük,4954,turkey,2526,302,9,3,6.32,0,0,0,0.43,0.06,3,0,0.0,24,3,27.27,40,18,58,66.67,2,40.0,3,0,0,0,22,0,0,3,0,2,9,0,0,5,20260428,4,41,0,0,14,0,0.0,0,7,7,0,0,0,,15,28.3,0,0,1,29,4,1,0,0,1.0,0,0,0,0,0.0,0,0,0,0,77,3,0,0,0,0,0,0,0,0,0,0.0,0.0,0,4,8,6,3,2,10.53,0,10,2,20.0,1,10,19,8,17,29.31,11,62,25,87,56.9,12,0,195,3,0,0
Samet Yalçın,789102,Kocaelispor,3065,turkey,2526,280,12,3,6.31,0,0,0,0.19,0.06,3,1,50.0,9,1,20.0,21,18,39,70.91,3,37.5,5,0,0,0,10,0,0,1,0,1,9,0,1,3,20260428,5,17,0,0,3,0,0.0,0,3,3,0,0,0,,6,33.33,0,0,1,16,4,3,0,1,1.0,0,0,0,0,0.0,0,0,0,0,29,3,0,1,0,0,0,0,0,0,0,0.0,0.0,0,3,1,3,0,0,0.0,0,6,5,83.33,3,6,1,2,9,34.62,5,32,23,55,56.8,4,0,93,0,0,0
Deniz Eren Dönmezer,1550760,Kayserispor,3072,turkey,2526,90,1,1,6.3,0,0,0,,0.0,1,0,0.0,1,1,16.67,1,15,16,76.19,0,0.0,0,0,0,0,7,0,0,0,0,0,1,0,0,0,20260428,0,0,0,1,0,0,0.0,4,2,2,0,0,0,-0.01,0,0.0,0,0,0,5,0,0,0,0,0.0,0,0,0,0,0.0,0,0,0,0,5,0,0,0,0,0,1,1,2,0,0,0.0,0.0,0,0,0,0,0,0,0.0,0,0,0,0.0,0,1,0,0,0,0.0,6,4,17,21,6.3,0,0,26,0,0,0
Berk Can Yildizli,2056436,Kasımpaşa,6063,turkey,2526,11,1,0,6.3,0,0,0,,,0,0,0.0,0,0,0.0,0,0,0,0.0,0,0.0,3,0,0,0,0,0,0,0,0,0,1,0,0,0,20260428,0,3,0,0,0,0,0.0,0,0,0,0,0,0,,0,0.0,0,0,0,1,0,0,0,0,0.0,0,0,0,0,0.0,0,0,0,0,1,0,0,0,0,0,0,0,0,0,0,0.0,0.0,0,0,0,0,0,0,0.0,0,0,0,0.0,0,0,0,0,0,0.0,0,1,0,1,6.3,0,0,1,0,0,0
Arda Ozyar,2492573,Kocaelispor,3065,turkey,2526,20,1,0,6.3,0,0,0,,0.07,0,0,0.0,1,0,0.0,1,2,3,60.0,0,0.0,1,0,0,0,0,0,0,0,0,0,1,0,0,0,20260428,0,3,0,0,1,0,0.0,0,2,2,0,0,0,,1,33.33,0,0,0,2,0,0,0,0,0.0,0,0,0,0,0.0,0,0,0,0,3,0,0,0,0,0,0,0,0,0,0,0.0,0.0,0,0,0,0,0,0,0.0,0,0,0,0.0,0,0,1,0,1,25.0,0,3,2,5,6.3,0,0,7,1,0,0
Nikoloz Ugrekhelidze,1006105,Fatih Karagümrük,4954,turkey,2526,187,4,2,6.3,0,0,0,0.05,0.01,2,0,0.0,3,1,10.0,17,39,56,74.67,5,83.33,1,0,0,0,11,0,0,0,0,11,3,0,0,0,20260428,1,7,0,0,6,0,0.0,0,6,6,0,0,0,,6,50.0,0,0,0,19,4,0,0,0,3.0,0,0,0,0,0.0,0,0,0,0,19,0,0,0,0,0,0,0,0,0,0,0.0,0.0,0,1,0,1,0,0,0.0,0,3,1,33.33,0,7,0,0,11,61.11,10,26,49,75,18.9,1,0,105,3,1,0
Kayra Cihan,1982283,Kayserispor,3072,turkey,2526,93,4,1,6.28,0,0,0,,0.01,0,0,0.0,4,2,25.0,13,26,39,81.25,2,100.0,0,0,0,0,1,0,0,0,0,5,4,0,0,0,20260428,3,4,1,0,1,0,0.0,0,5,3,2,0,0,,5,55.56,0,0,0,9,5,0,0,0,1.0,0,0,0,0,0.0,0,0,0,0,13,0,0,0,0,0,0,0,0,0,0,0.0,0.0,0,0,0,0,0,0,0.0,0,4,4,100.0,0,1,0,0,7,63.64,8,20,28,48,25.1,0,0,75,1,0,0
Oleksandr Syrota,976367,Kocaelispor,3065,turkey,2526,372,6,4,6.26,0,0,0,,0.02,6,0,0.0,16,15,48.39,48,98,146,84.88,4,50.0,4,0,0,0,6,0,0,0,0,23,5,0,0,0,20260428,3,13,0,0,6,0,0.0,13,9,9,0,0,0,,5,35.71,0,0,0,26,2,1,0,0,2.0,1,0,0,0,0.0,0,0,0,0,29,1,0,0,0,0,0,0,0,0,0,0.0,0.0,0,0,0,0,0,0,0.0,0,5,2,40.0,1,13,0,0,9,40.91,31,69,103,172,31.3,0,0,221,0,0,0
Gideon Jung,288439,Kayserispor,3072,turkey,2526,305,4,4,6.23,0,0,0,0.43,0.15,3,0,0.0,6,6,37.5,12,54,66,75.86,3,42.86,4,0,0,0,8,1,1,0,0,8,4,0,0,0,20260428,2,11,0,0,4,0,0.0,0,9,7,2,0,0,,5,41.67,0,0,0,21,0,1,0,0,0.0,0,0,0,0,0.0,0,0,0,0,22,0,0,0,0,0,0,0,0,0,0,0.0,0.0,0,1,0,1,0,0,0.0,0,2,2,100.0,1,7,1,0,8,42.11,16,26,61,87,24.9,1,0,109,3,1,0
Yusuf Demir,962283,Galatasaray,3061,turkey,2526,28,1,0,6.2,0,0,0,0.35,0.01,0,0,0.0,2,0,0.0,6,1,7,63.64,0,0.0,1,0,0,0,2,0,0,1,0,0,1,0,0,2,20260428,0,3,0,0,0,0,0.0,0,1,1,0,0,0,,2,50.0,0,0,0,4,0,0,0,0,0.0,0,0,0,0,0.0,0,0,0,0,9,0,0,0,0,0,0,0,0,0,0,0.0,0.0,0,2,1,1,1,1,100.0,0,0,0,0.0,0,0,1,0,2,40.0,1,9,2,11,6.2,3,0,22,1,0,0
Ömer Faruk Gümüş,1134270,Fatih Karagümrük,4954,turkey,2526,72,2,0,6.15,0,0,0,0.02,0.26,1,0,0.0,8,0,0.0,19,9,28,80.0,0,0.0,0,0,0,0,2,0,0,0,0,0,2,0,0,2,20260428,1,5,1,0,1,0,0.0,0,3,3,0,0,0,,1,16.67,0,0,0,7,0,1,0,0,0.0,0,0,0,0,0.0,0,0,0,0,17,0,0,0,0,0,0,0,0,0,0,0.0,0.0,0,0,1,1,0,0,0.0,0,1,1,100.0,1,2,1,5,1,16.67,1,23,12,35,12.3,1,0,55,0,0,0
Furkan Orak,1822943,Çaykur Rizespor,3064,turkey,2526,11,1,0,6.1,0,0,0,,0.0,0,0,0.0,0,0,0.0,0,1,1,50.0,0,0.0,2,0,0,0,1,0,0,0,0,1,1,0,0,0,20260428,0,3,0,0,0,0,0.0,0,1,1,0,0,0,,0,0.0,0,0,0,1,1,0,0,0,0.0,0,0,0,0,0.0,0,0,0,0,3,0,0,0,0,0,0,0,0,0,0,0.0,0.0,0,0,0,0,0,0,0.0,0,0,0,0.0,0,0,1,0,0,0.0,0,0,2,2,6.1,0,0,9,0,0,0
Muhammet Akmelek,2405904,Gaziantep FK,5138,turkey,2526,12,1,0,6.1,0,0,0,,0.0,0,0,0.0,0,0,0.0,0,1,1,100.0,0,0.0,1,0,0,0,0,0,0,0,0,0,1,0,0,0,20260428,1,4,0,0,2,0,0.0,0,1,1,0,0,0,,0,0.0,0,0,0,0,0,0,0,0,0.0,0,0,0,0,0.0,0,0,0,0,1,0,0,0,0,0,0,0,0,0,0,0.0,0.0,0,0,0,0,0,0,0.0,0,0,0,0.0,0,0,0,0,0,0.0,0,0,1,1,6.1,0,0,4,0,1,0
Arif Kocaman,1173638,Kayserispor,3072,turkey,2526,228,5,3,6.1,0,0,0,0.42,0.02,6,0,0.0,9,5,29.41,21,82,103,84.43,4,50.0,4,0,0,0,9,0,1,1,0,7,4,0,0,0,20260428,1,7,0,0,2,0,0.0,0,9,8,1,0,0,,3,50.0,0,0,0,19,2,0,0,0,1.0,0,0,0,0,0.0,0,0,0,0,21,0,0,0,0,0,0,0,0,0,0,0.0,0.0,0,2,0,0,1,0,0.0,0,3,2,66.67,0,15,0,0,7,50.0,17,34,88,122,24.4,2,0,144,0,0,0
Salem M'Bakata,940367,Gaziantep FK,5138,turkey,2526,35,1,1,6.0,0,0,0,,0.0,0,0,0.0,0,0,0.0,2,4,6,85.71,0,0.0,0,0,0,0,2,0,0,0,0,0,1,0,0,0,20260428,0,0,0,0,0,0,0.0,0,2,2,0,0,0,,0,0.0,0,0,0,1,1,0,0,0,,0,0,0,0,0.0,0,0,0,0,2,0,0,0,0,0,0,0,0,0,0,0.0,0.0,0,0,0,0,0,0,0.0,0,0,0,0.0,0,0,0,0,0,0.0,1,3,4,7,6.0,0,0,13,0,0,0
Enes Albak,1431471,Samsunspor,3053,turkey,2526,8,1,0,5.5,0,0,0,,,0,0,0.0,0,0,0.0,0,0,0,0.0,0,0.0,0,0,0,0,0,0,0,0,0,0,1,0,0,0,20260428,0,0,1,0,0,0,0.0,0,2,2,0,0,0,,0,0.0,0,0,0,0,0,0,0,0,0.0,0,0,0,0,0.0,0,0,0,0,1,0,0,0,0,0,0,0,0,0,0,0.0,0.0,0,0,0,0,0,0,0.0,0,0,0,0.0,0,0,0,0,0,0.0,0,0,0,0,5.5,0,0,1,0,0,0
Alexander Djiku,289977,Fenerbahçe,3052,turkey,2526,1,1,0,0.0,0,0,0,,,0,0,0.0,0,0,0.0,0,0,0,0.0,0,0.0,0,0,0,0,0,0,0,0,0,0,0,0,0,0,20260428,0,0,0,0,0,0,0.0,0,0,0,0,0,0,,1,100.0,0,0,0,1,1,0,0,0,,0,0,0,0,0.0,0,0,0,0,1,0,0,0,0,0,0,0,0,0,0,0.0,0.0,0,0,0,0,0,0,0.0,0,1,1,100.0,0,0,0,0,1,100.0,1,0,1,1,0.0,0,0,3,0,0,0
Haydar Karataş,1823934,Fenerbahçe,3052,turkey,2526,1,1,0,0.0,0,0,0,,,0,0,0.0,0,0,0.0,0,0,0,0.0,0,0.0,0,0,0,0,1,0,0,0,0,0,0,0,0,0,20260428,0,1,0,0,1,0,0.0,0,0,0,0,0,0,,0,0.0,0,0,0,1,0,0,0,0,0.0,0,0,0,0,0.0,0,0,0,0,1,0,0,0,0,0,0,0,0,0,0,0.0,0.0,0,0,0,0,0,0,0.0,0,0,0,0.0,0,0,0,0,0,0.0,0,1,0,1,0.0,0,0,1,0,0,0
Boran Başkan,1974312,Trabzonspor,3051,turkey,2526,1,1,0,0.0,0,0,0,,0.0,0,0,0.0,0,0,0.0,0,2,2,50.0,0,0.0,1,0,0,0,0,0,0,0,0,0,0,0,0,1,20260428,0,2,0,0,0,0,0.0,0,2,2,0,0,0,,1,50.0,0,0,0,2,0,0,0,0,0.0,0,0,0,0,0.0,0,0,0,0,3,0,0,0,0,0,0,0,0,0,0,0.0,0.0,0,0,0,0,0,0,0.0,0,0,0,0.0,0,0,0,0,1,33.33,0,1,3,4,0.0,0,0,6,1,0,0
Samu Sáiz,99527,Eyüpspor,7040,turkey,2526,1,1,0,0.0,0,0,0,,0.0,0,0,0.0,0,0,0.0,0,1,1,100.0,0,0.0,0,0,0,0,0,0,0,0,0,0,0,0,0,0,20260428,0,0,0,0,0,0,0.0,0,1,0,1,0,0,,0,0.0,0,0,0,0,0,0,0,0,0.0,0,0,0,0,0.0,0,0,0,0,0,0,0,0,0,0,0,0,0,0,0,0.0,0.0,0,0,0,0,0,0,0.0,0,0,0,0.0,0,0,0,0,0,0.0,0,0,1,1,0.0,0,0,1,0,0,0
Kerem Kayaarasi,1839258,Antalyaspor,3056,turkey,2526,1,1,0,0.0,0,0,0,,0.0,0,0,0.0,0,0,0.0,0,1,1,100.0,0,0.0,0,0,0,0,0,0,0,0,0,0,0,0,0,0,20260428,0,0,0,0,0,0,0.0,0,0,0,0,0,0,,0,0.0,0,0,0,0,1,0,0,0,0.0,0,0,0,0,0.0,0,0,0,0,0,0,0,0,0,0,0,0,0,0,0,0.0,0.0,0,0,0,0,0,0,0.0,0,0,0,0.0,0,0,0,0,0,0.0,0,0,1,1,0.0,0,0,2,0,0,0
Ali Demirbilek,2128089,Antalyaspor,3056,turkey,2526,1,1,0,0.0,0,0,0,,0.0,0,0,0.0,1,0,0.0,2,2,4,80.0,0,0.0,0,0,0,0,0,0,0,0,0,0,0,0,0,0,20260428,0,0,0,0,0,0,0.0,0,0,0,0,0,0,,0,0.0,0,0,0,1,0,0,0,0,0.0,0,0,0,0,0.0,0,0,0,0,3,0,0,0,0,0,0,0,0,0,0,0.0,0.0,0,0,0,0,0,0,0.0,0,0,0,0.0,0,0,0,0,0,0.0,0,3,2,5,0.0,0,0,7,0,0,0
Batuhan Yavuz,1195735,Alanyaspor,6362,turkey,2526,1,1,0,0.0,0,0,0,,,0,0,0.0,0,0,0.0,0,0,0,0.0,0,0.0,0,0,0,0,0,0,0,0,0,0,0,0,0,0,20260428,0,0,0,0,0,0,0.0,0,0,0,0,0,0,,0,0.0,0,0,0,0,0,0,0,0,0.0,0,0,0,0,0.0,0,0,0,0,0,0,0,0,0,0,0,0,0,0,0,0.0,0.0,0,0,0,0,0,0,0.0,0,0,0,0.0,0,0,0,0,0,0.0,0,0,0,0,0.0,0,0,0,0,0,0
Ufuk Akyol,859546,Konyaspor,3085,turkey,2526,1,1,0,0.0,0,0,0,,0.0,0,0,0.0,0,0,0.0,3,4,7,100.0,0,0.0,0,0,0,0,0,0,0,0,0,0,0,0,0,0,20260428,0,0,0,0,0,0,0.0,0,0,0,0,0,0,,0,0.0,0,0,0,0,0,0,0,0,0.0,0,0,0,0,0.0,0,0,0,0,0,0,0,0,0,0,0,0,0,0,0,0.0,0.0,0,0,0,0,0,0,0.0,0,0,0,0.0,0,0,0,0,0,0.0,0,3,4,7,0.0,0,0,7,0,0,0
Mete Demir,845929,Eyüpspor,7040,turkey,2526,1,1,0,0.0,0,0,0,,,0,0,0.0,0,0,0.0,0,0,0,0.0,1,100.0,0,0,0,0,1,0,0,0,0,0,0,0,0,1,20260428,0,2,0,0,0,0,0.0,0,0,0,0,0,0,,1,33.33,0,0,0,1,0,0,0,0,0.0,0,0,0,0,0.0,0,0,0,0,4,0,0,0,0,0,0,0,0,0,0,0.0,0.0,0,0,0,0,0,0,0.0,0,1,1,100.0,0,0,1,0,2,50.0,0,0,1,1,0.0,0,0,6,0,0,0
Tibet Durakcay,2023967,Göztepe,3054,turkey,2526,1,1,0,0.0,0,0,0,,,0,0,0.0,0,0,0.0,0,0,0,0.0,0,0.0,0,0,0,0,0,0,0,0,0,0,0,0,0,0,20260428,0,0,0,0,0,0,0.0,0,0,0,0,0,0,,0,0.0,0,0,0,0,0,0,0,0,0.0,0,0,0,0,0.0,0,0,0,0,0,0,0,0,0,0,0,0,0,0,0,0.0,0.0,0,0,0,0,0,0,0.0,0,0,0,0.0,0,0,0,0,0,0.0,0,0,0,0,0.0,0,0,0,0,0,0
Ahmet Sağat,815131,Kocaelispor,3065,turkey,2526,2,2,0,0.0,0,0,0,,,0,0,0.0,0,0,0.0,0,0,0,0.0,0,0.0,1,0,0,0,0,0,0,0,0,0,0,0,0,0,20260428,0,1,0,0,0,0,0.0,0,0,0,0,0,0,,0,0.0,0,0,0,0,0,0,0,0,0.0,0,0,0,0,0.0,0,0,0,0,1,0,0,0,0,0,0,0,0,0,0,0.0,0.0,0,0,0,0,0,0,0.0,0,0,0,0.0,0,0,0,0,0,0.0,0,0,0,0,0.0,0,0,1,0,0,0
Mücahit Ibrahimoglu,1149209,Konyaspor,3085,turkey,2526,2,2,0,0.0,0,0,0,,0.0,0,0,0.0,1,0,0.0,3,3,6,100.0,0,0.0,0,0,0,0,2,0,0,0,0,1,0,0,0,0,20260428,0,0,0,0,0,0,0.0,0,0,0,0,0,0,,1,100.0,0,0,0,0,0,0,0,0,0.0,0,0,0,0,0.0,0,0,0,0,0,0,0,0,0,0,0,0,0,0,0,0.0,0.0,0,0,0,0,0,1,100.0,0,0,0,0.0,0,0,1,0,1,100.0,0,3,3,6,0.0,0,0,9,0,0,0
Gökdeniz Gürpüz,1417051,Galatasaray,3061,turkey,2526,1,1,0,0.0,0,0,0,0.09,0.02,0,0,0.0,1,0,0.0,1,0,1,100.0,0,0.0,0,0,0,0,0,0,0,1,0,0,0,0,0,0,20260428,0,0,0,0,0,0,0.0,0,0,0,0,0,0,,1,100.0,0,0,0,0,0,0,0,0,0.0,0,0,0,0,0.0,0,0,0,0,0,0,0,0,0,0,0,0,0,0,0,0.0,0.0,0,1,0,0,0,0,0.0,0,1,1,100.0,0,0,0,0,1,100.0,0,1,0,1,0.0,1,0,5,0,0,0
