accurateChippedPasses,accurateCrosses,accurateCrossesPercentage,accurateFinalThirdPasses,accurateLongBalls,accurateLongBallsPercentage,accurateOppositionHalfPasses,accurateOwnHalfPasses,accuratePasses,accuratePassesPercentage,aerialDuelsWon,aerialDuelsWonPercentage,aerialLost,appearances,assists,attemptPenaltyMiss,attemptPenaltyPost,attemptPenaltyTarget,ballRecovery,bigChancesCreated,bigChancesMissed,blockedShots,cleanSheet,clearances,countRating,crossesNotClaimed,directRedCards,dispossessed,dribbledPast,duelLost,errorLeadToGoal,errorLeadToShot,expectedAssists,expectedGoals,fouls,freeKickGoal,goalConversionPercentage,goalKicks,goals,goalsAssistsSum,goalsConceded,goalsConcededInsideTheBox,goalsConcededOutsideTheBox,goalsFromInsideTheBox,goalsFromOutsideTheBox,goalsPrevented,groundDuelsWon,groundDuelsWonPercentage,headedGoals,highClaims,hitWoodwork,inaccuratePasses,interceptions,keyPasses,leftFootGoals,matchesStarted,minutesPlayed,offsides,outfielderBlocks,ownGoals,passToAssist,penaltiesTaken,penaltyConceded,penaltyConversion,penaltyFaced,penaltyGoals,penaltySave,penaltyWon,possessionLost,possessionWonAttThird,punches,rating,redCards,rightFootGoals,runsOut,savedShotsFromInsideTheBox,savedShotsFromOutsideTheBox,saves,savesCaught,savesParried,scoringFrequency,setPieceConversion,shotFromSetPiece,shotsFromInsideTheBox,shotsFromOutsideTheBox,shotsOffTarget,shotsOnTarget,successfulDribbles,successfulDribblesPercentage,successfulRunsOut,tackles,tacklesWon,tacklesWonPercentage,totalAttemptAssist,totalChippedPasses,totalContest,totalCross,totalDuelsWon,totalDuelsWonPercentage,totalLongBalls,totalOppositionHalfPasses,totalOwnHalfPasses,totalPasses,totalRating,totalShots,totwAppearances,touches,wasFouled,yellowCards,yellowRedCards,player,team,player id,team id,data_country,data_season,download_date
0,0,0.0,0,1,100.0,2,0,2,66.67,0,0.0,0,1,0,0,0,0,0,0,0,0,0,0,1,0,0,1,0,2,0,0,0.0,0.16,0,0,100.0,0,1,1,0,0,0,1,0,,2,50.0,0,0,0,1,0,0,0,0,15,0,0,0,0,0,0,0.0,0,0,0,0,3,0,0,7.6,0,1,0,0,0,0,0,0,15.0,0.0,0,1,0,0,1,1,50.0,0,1,0,0.0,0,0,2,0,2,50.0,1,3,0,3,7.6,1,0,8,0,0,0,Tom Edozie,Wolverhampton,1445189,3,england,2526,20260326
123,41,30.83,530,110,59.14,885,446,1331,82.67,18,38.3,29,28,16,1,0,1,138,24,8,26,4,39,28,0,0,25,31,121,0,2,9.08,10.35,20,1,10.96,0,8,24,39,35,4,7,1,,93,50.27,0,0,5,279,15,101,0,28,2437,4,5,0,0,6,1,66.67,0,4,0,0,459,12,0,7.55,0,8,0,0,0,0,0,0,304.63,20.0,5,35,38,26,21,15,48.39,0,46,26,56.52,101,204,31,133,111,47.84,186,1105,505,1610,211.4,73,5,2143,33,3,0,Bruno Fernandes,Manchester United,288205,35,england,2526,20260326
58,41,28.08,459,72,48.65,891,687,1578,87.81,44,72.13,17,30,5,0,0,0,154,14,3,10,10,65,30,0,0,15,12,77,1,0,6.07,2.87,20,0,11.11,0,4,9,21,15,6,3,1,,77,56.2,1,0,0,219,30,59,0,29,2585,1,11,0,1,0,0,0.0,0,0,0,0,406,11,0,7.49,0,3,0,0,0,0,0,0,646.25,0.0,5,13,23,14,12,12,48.0,0,57,31,54.39,58,106,25,146,121,61.11,148,1054,743,1797,224.7,36,3,2327,8,2,0,Declan Rice,Arsenal,856714,42,england,2526,20260326
58,17,27.42,372,66,60.55,634,384,1018,86.49,11,34.38,21,23,4,0,0,0,108,5,3,5,6,29,23,0,0,33,22,128,0,0,3.65,4.82,33,0,28.13,0,9,13,31,26,5,6,3,,115,51.8,2,0,2,159,12,39,1,22,2018,1,1,0,1,2,0,100.0,0,2,0,2,319,16,0,7.49,0,6,0,0,0,0,0,0,224.22,0.0,1,15,17,10,17,13,37.14,0,50,36,72.0,38,92,35,62,126,49.61,109,764,413,1177,172.2,32,5,1633,52,5,0,Bruno Guimarães,Newcastle United,866469,39,england,2526,20260326
80,1,20.0,287,78,69.03,732,485,1217,89.88,28,77.78,8,18,0,0,0,0,91,2,0,4,2,34,17,0,0,10,12,47,0,3,2.27,0.76,10,0,9.09,1,1,1,13,10,3,1,0,,67,63.21,1,0,0,137,13,23,0,14,1245,0,2,0,0,0,0,0.0,0,0,0,0,172,7,0,7.45,0,0,0,0,0,0,0,0,1245.0,0.0,0,5,6,5,2,6,46.15,0,35,19,54.29,23,112,13,5,95,66.9,113,831,523,1354,126.7,11,2,1561,26,2,0,Rodri,Manchester City,827606,17,england,2526,20260326
3,0,0.0,1,13,32.5,3,74,77,71.96,1,100.0,0,3,0,0,0,0,33,0,0,0,1,6,3,0,0,0,0,0,1,0,0.0,,0,0,0.0,15,0,0,4,4,0,0,0,1.89,4,100.0,0,2,0,30,0,0,0,3,270,0,0,0,0,0,0,0.0,1,0,0,0,30,0,1,7.4,0,0,8,9,2,11,0,4,0.0,0.0,0,0,0,0,0,1,100.0,7,2,1,50.0,0,3,1,0,5,100.0,40,26,81,107,22.2,0,0,142,1,0,0,James Trafford,Manchester City,980643,17,england,2526,20260326
35,1,20.0,180,63,46.32,512,747,1259,88.72,87,66.92,43,25,4,0,0,0,46,5,3,6,13,149,25,0,0,2,4,62,1,2,1.73,1.88,14,0,16.67,37,3,7,15,10,5,3,0,,60,75.95,1,0,1,160,18,6,2,24,2166,0,25,0,0,0,0,0.0,0,0,0,0,181,2,0,7.37,0,0,0,0,0,0,0,0,722.0,0.0,0,14,4,7,5,1,50.0,0,32,16,50.0,6,78,2,5,147,70.33,136,622,797,1419,184.2,18,5,1747,27,3,0,Gabriel Magalhães,Arsenal,869792,42,england,2526,20260326
3,1,33.33,87,4,40.0,130,71,201,65.9,64,62.75,38,29,7,0,0,1,31,8,24,18,6,36,29,0,0,18,4,92,0,0,2.08,21.01,19,0,21.57,0,22,29,27,20,7,21,1,,49,47.57,3,0,4,104,4,21,17,28,2418,3,1,0,0,4,0,75.0,0,3,0,0,182,12,0,7.35,0,2,0,0,0,0,0,0,109.91,0.0,0,91,11,35,49,13,50.0,0,13,8,61.54,21,9,26,3,113,55.12,10,215,90,305,213.2,102,6,630,23,1,0,Erling Haaland,Manchester City,839956,17,england,2526,20260326
100,9,47.37,260,107,48.2,666,1066,1732,87.17,86,56.95,65,29,2,0,0,0,85,2,2,7,6,154,29,0,0,3,16,105,1,0,1.21,2.16,22,0,15.79,10,3,5,35,28,7,3,0,,77,65.81,1,0,1,255,32,10,0,29,2581,3,25,1,0,0,1,0.0,0,0,0,0,286,3,0,7.31,0,2,0,0,0,0,0,0,860.33,0.0,0,14,5,3,9,3,60.0,0,43,24,55.81,10,185,5,19,163,60.82,222,864,1123,1987,212.1,19,5,2404,34,7,0,Jan Paul van Hecke,Brighton & Hove Albion,962012,30,england,2526,20260326
71,43,27.39,504,106,56.68,947,770,1717,85.76,59,59.0,41,31,2,0,0,0,259,6,1,16,6,36,31,0,0,49,34,205,0,3,3.51,2.49,46,0,5.56,0,2,4,42,33,9,1,1,,195,54.32,0,0,0,285,34,48,0,31,2774,2,12,0,0,1,1,100.0,0,1,0,0,558,19,0,7.29,0,2,0,0,0,0,0,0,1387.0,0.0,2,15,21,12,8,40,51.95,0,90,56,62.22,48,143,77,157,254,55.34,187,1159,843,2002,225.9,36,2,2780,68,6,0,Elliot Anderson,Nottingham Forest,994546,14,england,2526,20260326
66,3,23.08,245,63,39.87,658,863,1521,88.33,82,68.91,37,28,2,0,0,0,118,5,6,7,10,137,28,0,0,13,10,81,1,0,2.03,3.58,18,0,7.41,36,2,4,30,23,7,2,0,,67,60.36,1,0,2,201,39,14,0,28,2520,0,18,0,0,0,0,0.0,0,0,0,1,247,4,0,7.28,0,1,0,0,0,0,0,0,1260.0,0.0,0,26,1,13,7,5,55.56,0,37,24,64.86,14,136,9,13,149,64.78,158,799,923,1722,203.7,27,4,2116,25,5,0,Marc Guéhi,Manchester City,877994,17,england,2526,20260326
30,40,23.95,398,50,49.02,729,530,1259,87.8,23,65.71,12,31,6,0,0,0,152,11,0,11,11,75,31,0,0,12,31,97,0,1,4.77,1.91,28,0,4.88,0,2,8,35,32,3,1,1,,139,62.05,0,0,1,175,50,44,0,31,2784,0,8,0,0,0,0,0.0,0,0,0,0,387,10,0,7.27,0,2,0,0,0,0,0,0,1392.0,0.0,10,14,27,18,12,16,51.61,0,93,53,56.99,44,61,31,167,162,62.55,102,842,592,1434,225.5,41,2,2145,30,7,0,James Garner,Everton,927361,48,england,2526,20260326
4,13,29.55,233,10,62.5,336,76,412,83.74,3,33.33,6,22,4,0,0,0,57,10,4,8,1,0,22,0,0,38,5,111,0,0,4.72,1.83,17,0,4.55,0,1,5,13,10,3,0,1,,118,52.91,0,0,1,80,10,43,0,13,1230,3,0,0,1,0,0,0.0,0,0,0,2,262,12,0,7.27,0,1,0,0,0,0,0,0,1230.0,0.0,0,16,6,6,8,63,57.8,0,16,11,68.75,42,6,109,44,121,52.16,16,408,84,492,159.9,22,3,880,40,0,0,Jérémy Doku,Manchester City,934386,17,england,2526,20260326
75,0,0.0,372,126,49.61,1000,1086,2086,89.15,147,75.77,47,31,0,0,0,0,69,0,6,4,9,233,31,0,0,1,1,60,2,1,1.11,2.66,14,0,13.64,112,3,3,42,35,7,3,0,,37,74.0,2,0,0,254,20,11,0,31,2790,1,17,0,0,0,1,0.0,0,0,0,0,274,1,0,7.26,0,0,0,0,0,0,0,0,930.0,0.0,0,20,2,8,10,2,100.0,0,20,11,55.0,11,135,2,1,184,75.41,254,1204,1136,2340,225.1,22,3,2732,15,4,0,Virgil van Dijk,Liverpool,151545,44,england,2526,20260326
78,18,24.32,308,109,54.23,611,491,1102,82.49,52,67.53,25,27,5,0,0,0,128,7,0,5,7,76,27,0,0,13,15,81,0,3,2.36,0.71,18,0,7.14,0,1,6,27,23,4,0,1,,74,56.92,0,0,1,234,23,28,1,25,2273,0,17,0,0,0,0,0.0,0,0,0,0,338,6,0,7.24,0,0,0,0,0,0,0,0,2273.0,0.0,2,4,10,4,5,7,36.84,0,38,24,63.16,28,146,19,74,126,60.87,201,796,540,1336,195.5,14,2,1723,31,5,0,Granit Xhaka,Sunderland,117777,41,england,2526,20260326
55,2,28.57,326,47,64.38,781,683,1464,92.25,12,34.29,23,26,1,0,0,0,141,3,1,9,5,22,26,0,1,14,23,111,0,3,2.04,1.28,41,0,13.64,0,3,4,32,30,2,1,2,,126,58.88,0,0,0,123,52,14,0,25,2185,0,14,0,1,0,1,0.0,0,0,0,0,177,7,0,7.23,1,3,0,0,0,0,0,0,728.33,0.0,0,6,16,6,7,10,50.0,0,76,42,55.26,13,89,20,7,138,55.42,73,868,719,1587,188.0,22,1,1943,40,9,0,Moisés Caicedo,Chelsea,987650,38,england,2526,20260326
18,10,25.64,238,18,56.25,347,135,482,84.12,4,17.39,19,20,6,0,0,0,87,5,4,12,5,11,20,0,0,30,10,104,0,2,3.57,2.15,13,0,7.69,0,2,8,23,21,2,1,1,,102,54.55,0,0,1,91,12,40,1,18,1631,0,6,0,2,0,0,0.0,0,0,0,0,227,16,0,7.23,1,1,0,0,0,0,0,0,815.5,0.0,0,19,7,6,8,23,40.35,0,21,15,71.43,38,29,57,39,106,50.48,32,416,157,573,144.6,26,3,932,58,3,1,Jack Grealish,Everton,189061,48,england,2526,20260326
15,36,32.43,300,14,36.84,419,105,524,76.72,22,44.9,27,27,3,0,0,0,105,9,8,22,7,10,27,0,0,29,15,140,0,1,5.76,6.99,28,0,9.52,0,6,9,16,11,5,6,0,,136,54.62,1,0,1,159,14,54,3,22,2001,14,0,0,2,1,0,100.0,0,1,0,0,362,25,0,7.21,0,2,0,0,0,0,0,0,333.5,0.0,2,47,16,15,26,49,53.26,0,36,17,47.22,52,36,92,111,158,53.02,38,557,126,683,194.8,63,4,1236,51,1,0,Bukayo Saka,Arsenal,934235,42,england,2526,20260326
35,25,26.04,225,31,56.36,365,172,537,80.51,3,15.0,17,29,6,0,0,0,71,7,0,23,2,40,29,0,0,19,17,75,0,0,4.18,5.07,11,1,15.15,0,10,16,32,29,3,7,3,,68,53.97,0,0,1,130,13,31,9,27,2276,10,2,0,0,0,0,0.0,0,0,0,0,267,9,0,7.21,0,1,0,0,0,0,0,0,227.6,20.0,5,39,27,19,24,13,54.17,0,24,16,66.67,31,58,24,96,71,48.63,55,463,204,667,209.1,66,6,1071,31,6,0,Harry Wilson,Fulham,355528,43,england,2526,20260326
39,19,32.76,335,22,46.81,580,236,816,86.08,1,14.29,6,25,8,0,0,0,76,15,1,13,2,6,25,0,0,27,17,104,0,1,6.62,2.47,13,0,9.09,0,3,11,13,10,3,2,1,,91,48.15,0,0,1,132,7,43,0,14,1316,1,1,0,1,0,0,0.0,0,0,0,0,282,15,0,7.21,0,3,0,0,0,0,0,0,438.67,0.0,2,24,9,12,8,37,47.44,0,24,17,70.83,42,71,78,58,92,46.94,47,690,258,948,180.2,33,2,1311,30,1,0,Rayan Cherki,Manchester City,979128,17,england,2526,20260326
43,30,24.39,295,56,55.45,578,554,1132,88.99,30,65.22,16,27,4,0,0,0,96,8,0,9,4,39,27,0,0,13,10,76,1,3,3.14,1.01,27,1,9.52,0,2,6,20,20,0,1,1,,77,56.2,0,0,2,140,32,27,0,20,1896,1,6,0,0,0,0,0.0,0,0,0,0,285,7,0,7.2,0,2,0,0,0,0,0,0,948.0,14.29,7,4,17,6,6,10,50.0,0,47,32,68.09,27,88,20,123,107,58.47,101,672,600,1272,194.4,21,3,1777,20,4,0,Reece James,Chelsea,885908,38,england,2526,20260326
34,3,33.33,229,47,50.0,722,848,1570,93.01,58,65.17,31,25,0,0,0,0,70,0,1,3,11,115,25,0,0,3,2,53,0,2,0.62,0.56,14,0,20.0,15,2,2,20,14,6,1,1,,24,52.17,0,0,0,118,22,6,0,23,2059,0,17,0,0,0,0,0.0,0,0,0,0,134,2,0,7.2,0,2,0,0,0,0,0,0,1029.5,0.0,0,6,4,3,4,3,50.0,0,13,6,46.15,6,72,6,9,82,60.74,94,797,891,1688,180.0,10,3,1945,9,3,0,Rúben Dias,Manchester City,318941,17,england,2526,20260326
10,14,15.05,288,21,42.86,471,198,669,83.31,16,45.71,19,24,3,0,0,0,96,8,1,9,5,24,24,0,0,36,9,100,0,1,4.06,3.32,25,0,20.0,0,6,9,25,23,2,6,0,,99,55.0,0,0,1,134,9,27,4,23,2013,1,3,0,0,0,1,0.0,0,0,0,0,303,16,0,7.2,0,2,0,0,0,0,0,0,335.5,0.0,0,22,8,10,11,21,58.33,0,40,19,47.5,27,25,36,93,115,53.49,49,574,229,803,172.7,30,3,1240,39,6,0,Kiernan Dewsbury-Hall,Everton,861970,48,england,2526,20260326
66,53,32.52,567,108,59.67,962,622,1584,87.37,16,51.61,15,29,3,0,1,0,160,7,3,17,7,51,29,0,1,20,31,110,1,4,5.17,3.86,28,4,8.62,0,5,8,41,34,7,1,4,,93,49.47,0,0,1,229,23,58,0,29,2603,1,8,0,0,1,0,0.0,0,0,0,0,425,15,0,7.19,1,5,0,0,0,0,0,0,520.6,33.33,12,13,45,22,19,23,58.97,0,44,29,65.91,58,118,39,163,109,49.77,181,1114,699,1813,208.6,58,4,2477,26,7,0,Dominik Szoboszlai,Liverpool,869856,44,england,2526,20260326
124,7,30.43,264,153,39.13,607,829,1436,77.5,74,48.68,78,30,4,0,0,0,123,6,2,4,8,220,30,0,0,12,22,139,0,2,4.11,1.39,27,0,0.0,65,0,4,47,41,6,0,0,,80,56.74,0,0,0,417,47,21,0,30,2660,1,37,0,0,0,0,0.0,0,0,0,0,487,2,0,7.19,0,0,0,0,0,0,0,0,0.0,0.0,0,9,7,7,5,3,60.0,0,50,30,60.0,21,277,5,23,154,52.56,391,925,928,1853,215.6,16,3,2418,28,8,0,Marcos Senesi,Bournemouth,830659,60,england,2526,20260326
59,2,28.57,123,82,40.8,352,668,1020,80.44,125,71.02,51,30,1,0,0,0,71,1,4,4,11,204,30,0,0,1,12,87,1,6,1.27,2.3,23,0,6.67,75,1,2,33,30,3,1,0,,70,66.04,1,0,0,248,27,15,0,30,2700,2,41,0,1,0,1,0.0,0,0,0,0,275,3,0,7.18,0,0,0,0,0,0,0,0,2700.0,0.0,0,15,0,4,7,4,57.14,0,39,23,58.97,14,147,7,7,195,69.15,201,546,722,1268,215.5,15,3,1715,30,5,0,James Tarkowski,Everton,145188,48,england,2526,20260326
52,12,26.09,242,77,61.11,532,520,1052,87.81,14,51.85,13,29,3,0,0,0,143,2,0,8,3,29,29,0,0,29,35,130,0,4,2.25,1.25,41,0,13.64,0,3,6,42,38,4,2,1,,144,55.17,1,0,1,146,30,29,0,28,2399,0,11,0,0,0,0,0.0,0,0,0,0,260,14,0,7.16,0,2,0,0,0,0,0,0,799.67,0.0,0,6,16,9,5,23,63.89,0,81,55,67.9,29,99,36,46,158,54.86,126,641,557,1198,207.5,22,1,1652,40,6,0,Mateus Fernandes,West Ham United,1142562,37,england,2526,20260326
30,9,30.0,220,42,63.64,442,255,697,84.59,14,48.28,15,18,4,0,0,0,71,4,2,6,2,13,18,0,0,11,16,67,0,1,2.61,0.99,22,0,0.0,0,0,4,17,15,2,0,0,,75,59.06,0,0,0,127,11,27,0,15,1322,1,10,0,0,0,0,0.0,0,0,0,0,187,7,0,7.15,0,0,0,0,0,0,0,0,0.0,0.0,0,7,10,7,4,9,69.23,0,40,24,60.0,27,62,13,30,89,57.05,66,540,284,824,128.7,17,1,1072,27,0,0,Youri Tielemans,Aston Villa,331737,40,england,2526,20260326
38,9,36.0,221,63,50.0,544,624,1168,84.88,49,67.12,24,28,1,0,0,0,148,1,2,7,4,67,28,0,0,10,14,84,0,3,2.0,1.81,36,0,5.0,0,1,2,41,36,5,1,0,,105,63.64,0,0,0,208,39,16,0,28,2493,0,14,0,1,0,1,0.0,0,0,0,0,367,12,0,7.14,0,1,0,0,0,0,0,0,2493.0,0.0,0,8,12,8,5,10,66.67,0,69,38,55.07,15,74,15,25,154,64.71,126,694,682,1376,199.9,20,3,1904,28,7,0,Ethan Ampadu,Leeds United,847097,34,england,2526,20260326
43,41,30.6,232,40,54.79,410,274,684,78.8,43,62.32,26,26,3,0,0,0,111,9,1,22,5,48,26,0,0,24,21,124,0,1,4.33,2.55,32,3,8.33,0,4,7,34,30,4,1,3,,93,48.69,0,0,0,184,19,58,0,25,2142,0,9,0,0,0,1,0.0,0,0,0,0,357,22,0,7.13,0,4,0,0,0,0,0,0,535.5,42.86,7,19,29,13,13,18,46.15,0,57,32,56.14,58,76,39,134,136,52.31,73,549,319,868,185.3,48,3,1384,20,3,0,Anton Stach,Leeds United,889861,34,england,2526,20260326
84,3,21.43,259,69,51.88,589,500,1089,81.03,46,47.42,51,29,2,0,0,0,117,4,5,14,1,50,29,0,0,11,37,143,0,2,2.91,4.66,41,0,16.28,0,7,9,24,23,1,6,1,,104,53.06,6,0,1,255,23,28,0,28,2152,3,17,0,0,0,0,0.0,0,0,0,0,314,7,0,7.12,1,1,0,0,0,0,0,0,307.43,0.0,0,25,18,15,14,6,50.0,0,71,36,50.7,28,138,12,14,150,51.19,133,762,582,1344,206.6,43,2,1758,27,8,1,Casemiro,Manchester United,122951,35,england,2526,20260326
19,0,0.0,405,21,31.34,855,592,1447,89.32,24,57.14,18,29,3,0,0,0,116,4,0,12,9,46,29,0,0,22,12,99,0,2,2.03,1.65,30,0,12.9,0,4,7,34,29,5,2,2,,112,58.03,0,0,1,173,41,24,1,29,2521,0,10,0,0,0,0,0.0,0,0,0,0,274,9,0,7.12,0,3,0,0,0,0,0,0,630.25,0.0,0,7,24,10,9,26,57.78,0,50,31,62.0,24,39,45,5,136,57.87,67,978,642,1620,206.6,31,3,2048,36,5,0,Ryan Gravenberch,Liverpool,904897,44,england,2526,20260326
64,10,15.38,459,72,58.06,871,577,1448,86.34,23,51.11,22,30,3,0,0,0,118,10,8,16,5,27,30,0,0,36,30,147,0,0,5.97,10.42,30,0,13.33,0,8,11,35,32,3,8,0,,98,43.95,1,0,3,229,17,52,0,29,2583,1,1,0,1,2,0,100.0,0,2,0,0,405,8,0,7.12,0,7,0,0,0,0,0,0,322.88,0.0,4,38,22,17,27,11,26.83,0,48,21,43.75,51,124,41,65,121,45.15,124,1048,629,1677,213.7,60,1,2153,39,8,0,Enzo Fernández,Chelsea,974505,38,england,2526,20260326
37,0,0.0,198,31,67.39,392,330,722,88.26,36,64.29,20,18,3,0,0,0,65,0,2,3,2,20,18,0,0,15,19,88,0,3,0.86,0.49,17,0,14.29,0,1,4,15,14,1,0,1,,80,54.05,0,0,0,96,18,15,1,17,1418,0,8,0,0,0,0,0.0,0,0,0,0,145,5,0,7.12,0,0,0,0,0,0,0,0,1418.0,0.0,0,5,2,0,4,14,45.16,0,37,17,45.95,15,61,31,2,116,56.86,46,461,357,818,128.2,7,0,1048,30,5,0,Boubacar Kamara,Aston Villa,826204,40,england,2526,20260326
36,0,0.0,102,46,48.42,309,647,956,87.23,70,72.16,27,22,1,0,0,0,86,4,1,2,4,90,22,0,1,6,11,75,1,2,1.25,1.27,29,0,25.0,16,4,5,30,26,4,4,0,,77,61.6,3,0,0,140,28,11,0,21,1802,1,14,0,1,0,0,0.0,0,0,0,0,167,2,0,7.11,2,1,0,0,0,0,0,0,450.5,0.0,0,15,1,8,6,8,80.0,0,55,27,49.09,10,63,10,1,147,66.22,95,404,692,1096,156.4,16,4,1399,14,8,1,Cristian Romero,Tottenham Hotspur,829932,33,england,2526,20260326
28,24,33.33,142,24,52.17,252,264,516,83.77,8,40.0,12,12,1,0,0,0,47,2,1,4,2,19,12,0,0,3,8,40,0,1,2.26,0.79,10,0,9.09,0,1,2,8,7,1,1,0,,36,56.25,0,0,0,100,8,21,0,11,1006,4,4,0,0,0,0,0.0,0,0,0,0,173,10,0,7.11,0,1,0,0,0,0,0,0,1006.0,0.0,0,5,6,3,4,6,42.86,0,19,11,57.89,21,55,14,72,44,52.38,46,329,287,616,85.3,11,0,822,11,2,0,Pascal Groß,Brighton & Hove Albion,48480,30,england,2526,20260326
16,3,11.11,216,31,65.96,332,179,511,83.91,0,0.0,2,20,1,0,0,0,63,3,4,13,2,9,20,0,0,24,8,76,0,0,1.89,8.59,12,0,20.0,0,9,10,22,21,1,9,0,,64,46.38,0,0,0,98,12,20,9,18,1426,1,0,0,1,5,0,100.0,0,5,0,0,215,14,0,7.11,0,0,0,0,0,0,0,0,158.44,0.0,3,28,17,13,19,19,38.0,0,20,11,55.0,19,29,50,27,64,45.71,47,411,198,609,142.1,45,2,894,25,4,0,Cole Palmer,Chelsea,982780,38,england,2526,20260326
42,1,33.33,212,59,48.36,673,883,1556,89.48,100,71.94,39,29,0,0,0,0,92,2,2,3,7,162,29,0,0,5,8,83,0,3,0.9,1.06,30,0,10.0,20,1,1,34,28,6,1,0,,83,65.35,0,0,0,183,23,7,0,29,2487,0,20,0,0,0,1,0.0,0,0,0,0,215,1,0,7.1,0,1,0,0,0,0,0,0,2487.0,0.0,0,9,1,4,3,5,71.43,0,47,25,53.19,7,85,7,3,183,68.8,122,790,949,1739,206.0,10,4,2133,32,6,0,Ibrahima Konaté,Liverpool,826215,44,england,2526,20260326
13,1,7.14,173,11,52.38,310,163,473,76.66,65,48.15,70,31,5,0,0,0,65,6,11,18,3,26,31,0,0,48,4,182,0,0,1.91,13.54,32,0,22.22,0,14,19,27,25,2,14,0,,97,46.41,3,0,0,144,5,28,5,27,2323,14,5,0,0,0,0,0.0,0,0,0,3,332,14,0,7.1,0,6,0,0,0,0,0,0,165.93,0.0,0,55,8,18,27,27,45.0,0,25,16,64.0,28,26,60,14,162,47.09,21,422,195,617,220.1,63,3,1088,46,4,0,João Pedro,Chelsea,975079,38,england,2526,20260326
0,0,0.0,2,5,35.71,4,14,18,66.67,0,0.0,0,1,0,0,0,0,9,0,0,0,1,1,1,0,0,0,0,0,0,0,0.0,,0,0,0.0,11,0,0,0,0,0,0,0,0.36,0,0.0,0,1,0,9,0,0,0,1,90,0,0,0,0,0,0,0.0,1,0,0,0,9,0,1,7.1,0,0,0,2,1,3,0,0,0.0,0.0,0,0,0,0,0,0,0.0,0,0,0,0.0,0,1,0,0,0,0.0,14,10,17,27,7.1,0,0,36,0,0,0,Walter Benítez,Crystal Palace,249859,7,england,2526,20260326
5,0,0.0,5,23,52.27,10,37,47,69.12,1,100.0,0,3,0,0,0,0,8,0,0,0,1,1,3,0,0,0,0,0,0,0,0.02,,0,0,0.0,14,0,0,4,4,0,0,0,1.01,0,0.0,0,0,0,21,0,0,0,3,270,0,0,0,0,0,0,0.0,0,0,0,0,21,0,1,7.1,0,0,1,7,1,8,0,0,0.0,0.0,0,0,0,0,0,0,0.0,1,0,0,0.0,0,8,0,0,1,100.0,44,29,39,68,21.3,0,0,81,0,0,0,Stefan Ortega,Nottingham Forest,125274,14,england,2526,20260326
37,1,25.0,78,71,46.1,240,432,672,84.42,46,63.01,27,16,0,0,0,0,43,0,2,4,4,71,14,0,0,1,6,48,0,3,0.61,0.98,15,0,0.0,4,0,0,13,10,3,0,0,,20,48.78,0,0,1,124,18,4,0,11,1091,1,12,0,0,0,0,0.0,0,0,0,0,138,1,0,7.1,0,0,0,0,0,0,0,0,0.0,0.0,2,7,10,9,4,0,0.0,0,14,10,71.43,4,90,1,4,66,57.89,154,336,460,796,99.4,17,1,975,6,1,0,Fabian Schär,Newcastle United,101882,39,england,2526,20260326
2,0,0.0,13,8,80.0,57,63,120,93.75,3,100.0,0,2,0,0,0,0,4,0,1,0,0,4,2,0,0,1,0,2,0,0,0.06,0.26,0,0,0.0,6,0,0,1,0,1,0,0,,6,75.0,0,0,0,8,4,1,0,2,135,0,0,0,0,0,0,0.0,0,0,0,0,11,0,0,7.1,0,0,0,0,0,0,0,0,0.0,0.0,0,2,0,1,1,3,75.0,0,3,3,100.0,1,3,4,0,9,81.82,10,63,65,128,14.2,2,0,148,0,0,0,Max Alleyne,Manchester City,1168513,17,england,2526,20260326
112,0,0.0,125,301,40.68,224,501,725,62.07,4,66.67,2,31,0,0,0,0,253,0,0,0,11,40,31,0,0,0,1,3,3,0,0.18,,0,0,0.0,160,0,0,35,32,3,0,0,5.13,8,88.89,0,10,0,443,0,0,0,31,2790,0,0,0,0,0,0,0.0,3,0,1,0,450,0,14,7.09,0,0,29,58,28,86,0,18,0.0,0.0,0,0,0,0,0,0,0.0,27,2,1,50.0,0,197,0,0,12,80.0,740,622,546,1168,219.9,0,4,1432,6,2,0,Jordan Pickford,Everton,138530,48,england,2526,20260326
44,2,18.18,369,48,49.48,833,661,1494,88.19,59,68.6,27,31,1,0,0,0,99,1,2,7,10,64,31,0,0,9,17,84,2,2,2.19,2.78,27,0,19.23,0,5,6,20,15,5,3,2,,68,54.4,2,0,2,200,34,16,0,30,2604,0,5,0,0,0,0,0.0,0,0,0,0,258,6,0,7.09,0,3,0,0,0,0,0,0,520.8,0.0,0,19,7,10,9,6,50.0,0,54,30,55.56,16,89,12,11,127,60.19,97,985,709,1694,219.7,26,2,2026,10,4,0,Martín Zubimendi,Arsenal,966837,42,england,2526,20260326
58,0,0.0,39,159,35.33,78,879,957,76.38,9,90.0,1,31,0,0,0,0,275,0,0,0,7,26,31,0,0,0,0,3,2,2,0.1,,2,0,0.0,88,0,0,37,30,7,0,0,1.09,5,71.43,0,16,0,296,0,1,0,31,2790,0,0,1,0,0,1,0.0,6,0,1,0,301,0,12,7.08,0,0,15,61,23,87,0,15,0.0,0.0,0,0,0,0,0,1,100.0,14,1,1,100.0,1,107,1,0,14,82.35,450,328,925,1253,219.4,0,2,1512,3,3,0,Bart Verbruggen,Brighton & Hove Albion,994363,30,england,2526,20260326
12,5,12.82,242,25,50.0,411,161,572,77.93,58,50.43,57,29,4,0,0,1,128,6,7,9,8,26,29,0,0,53,18,230,0,2,2.34,9.86,51,1,22.06,0,15,19,47,39,8,11,4,,97,35.93,0,0,3,162,9,33,6,29,2588,18,5,0,0,2,1,50.0,0,1,0,0,440,21,0,7.07,0,9,0,0,0,0,0,0,172.53,50.0,2,51,17,23,36,38,41.3,0,40,29,72.5,33,17,92,39,155,40.26,50,544,190,734,205.1,68,3,1360,19,6,0,Antoine Semenyo,Manchester City,934354,17,england,2526,20260326
52,25,31.65,314,66,62.26,565,493,1058,85.32,7,50.0,7,25,3,0,0,0,108,4,0,11,1,17,25,0,0,19,9,65,0,1,4.02,1.36,7,0,14.29,0,4,7,37,33,4,2,2,,44,43.14,0,0,0,182,11,39,1,25,2144,1,2,0,0,0,0,0.0,0,0,0,0,323,8,0,7.07,0,3,0,0,0,0,0,0,536.0,0.0,0,13,15,6,11,14,37.84,0,22,15,68.18,39,100,37,79,51,43.97,106,693,547,1240,176.8,28,3,1565,9,3,0,Alex Iwobi,Fulham,352770,43,england,2526,20260326
27,1,50.0,92,29,41.43,298,340,638,90.24,10,71.43,4,14,0,0,0,0,52,1,0,2,2,46,14,0,0,2,2,18,0,0,0.5,0.07,8,0,0.0,19,0,0,11,10,1,0,0,,25,64.1,0,0,0,69,10,4,0,9,911,0,7,1,0,0,0,0.0,0,0,0,0,81,1,0,7.07,0,0,0,0,0,0,0,0,0.0,0.0,0,0,4,2,0,11,84.62,0,12,7,58.33,4,52,13,2,35,66.04,70,354,353,707,99.0,4,1,833,2,0,0,Lisandro Martínez,Manchester United,859999,35,england,2526,20260326
9,15,21.43,196,17,70.83,293,111,404,82.28,8,23.53,26,25,2,0,0,0,55,5,9,10,2,13,24,0,1,25,12,109,1,1,3.34,8.79,13,0,12.77,0,6,8,28,23,5,6,0,,89,51.74,0,0,2,87,3,26,0,23,1746,5,0,0,0,3,0,100.0,0,3,0,1,249,10,0,7.07,1,6,0,0,0,0,0,0,291.0,0.0,0,31,16,17,20,33,49.25,0,19,13,68.42,26,18,67,70,97,47.09,24,365,126,491,169.7,47,2,899,37,3,0,Anthony Gordon,Newcastle United,914902,39,england,2526,20260326
0,0,0.0,9,0,0.0,13,3,16,94.12,0,0.0,0,3,0,0,0,0,5,0,0,1,0,0,3,0,0,3,2,12,0,0,0.05,1.11,0,0,20.0,0,1,1,0,0,0,1,0,,9,42.86,0,0,0,1,0,2,1,0,52,0,0,0,0,0,0,0.0,0,0,0,1,15,1,0,7.07,0,0,0,0,0,0,0,0,52.0,0.0,0,4,1,3,1,3,30.0,0,2,2,100.0,2,0,10,1,9,42.86,0,14,3,17,21.2,5,0,51,4,0,0,Max Dowman,Arsenal,1917626,42,england,2526,20260326
27,0,0.0,115,40,64.52,307,343,650,86.9,42,68.85,19,22,0,0,0,0,64,0,3,3,3,56,22,0,0,10,10,62,1,1,0.65,1.4,17,0,12.5,0,2,2,22,20,2,1,1,,69,61.61,1,0,0,98,23,5,0,19,1579,0,15,0,0,0,0,0.0,0,0,0,0,136,4,0,7.06,0,1,0,0,0,0,0,0,789.5,0.0,0,9,7,7,6,6,50.0,0,43,27,62.79,5,50,12,0,111,64.16,62,381,367,748,155.4,16,1,1021,23,2,0,Amadou Onana,Aston Villa,923973,40,england,2526,20260326
19,8,18.18,239,19,52.78,393,199,592,80.11,27,40.91,39,28,2,0,0,0,106,3,4,22,2,17,28,0,0,47,16,164,0,0,2.59,5.93,17,0,9.72,0,7,9,29,26,3,5,2,,118,48.56,0,0,3,147,16,27,0,24,2075,2,3,0,1,0,0,0.0,0,0,0,2,356,17,0,7.06,0,7,0,0,0,0,0,0,296.43,0.0,0,39,33,21,29,38,45.78,0,33,19,57.58,26,35,83,44,145,46.93,36,506,233,739,197.7,72,2,1281,48,1,0,Matheus Cunha,Manchester United,886363,35,england,2526,20260326
28,0,0.0,51,134,25.38,105,387,492,55.47,14,87.5,2,29,0,0,0,0,235,0,0,0,10,40,29,0,0,0,0,3,0,2,0.12,,1,0,0.0,202,0,0,35,31,4,0,0,4.4,3,75.0,0,19,0,395,2,1,0,29,2610,0,0,0,0,0,1,0.0,5,0,1,0,401,0,24,7.06,0,0,16,62,23,86,1,12,0.0,0.0,0,0,0,0,0,1,100.0,16,0,0,0.0,1,41,1,0,17,85.0,528,459,428,887,204.7,0,4,1160,5,3,0,Dean Henderson,Crystal Palace,788134,7,england,2526,20260326
49,21,27.63,228,54,46.96,466,357,823,79.13,22,46.81,25,27,5,0,0,0,134,11,0,14,5,35,27,0,0,22,33,120,0,2,5.93,1.34,29,0,0.0,0,0,5,33,29,4,0,0,,97,50.52,0,0,1,217,23,32,0,26,2174,0,3,0,0,0,1,0.0,0,0,0,0,341,14,0,7.06,1,0,0,0,0,0,0,0,0.0,0.0,0,7,19,8,4,11,45.83,0,60,34,56.67,32,93,24,76,119,49.79,115,629,411,1040,190.5,26,2,1434,26,4,1,Adam Wharton,Crystal Palace,1109771,7,england,2526,20260326
36,1,12.5,146,69,59.48,462,716,1178,89.58,100,66.67,50,28,0,0,0,0,96,1,5,7,4,158,28,0,0,3,12,81,2,3,0.89,3.67,19,0,16.0,2,4,4,42,37,5,4,0,,43,58.11,2,0,0,137,25,6,1,26,2334,2,28,0,0,0,1,0.0,0,0,0,0,158,0,0,7.05,0,1,0,0,0,0,0,0,583.5,0.0,0,23,2,6,12,4,100.0,0,31,23,74.19,6,59,4,8,143,63.84,116,551,764,1315,197.5,25,2,1662,9,3,0,Malick Thiaw,Newcastle United,1014286,39,england,2526,20260326
95,4,28.57,196,149,46.27,565,1174,1739,86.47,64,70.33,27,28,1,0,0,0,102,3,2,2,6,204,28,0,0,3,15,74,2,0,1.57,1.31,28,0,0.0,11,0,1,39,35,4,0,0,,51,52.04,0,0,0,272,28,6,0,28,2472,0,18,0,0,0,0,0.0,0,0,0,0,305,1,0,7.04,0,0,0,0,0,0,0,0,0.0,0.0,0,9,3,7,3,6,85.71,0,37,20,54.05,6,198,7,14,115,60.85,322,768,1243,2011,197.2,12,3,2430,10,7,0,Joachim Andersen,Fulham,362682,43,england,2526,20260326
41,0,0.0,69,160,28.88,127,576,703,63.97,21,100.0,0,28,0,0,0,0,278,1,0,0,8,33,28,0,0,0,2,2,2,2,0.13,,0,0,0.0,134,0,0,34,28,6,0,0,0.21,8,80.0,0,42,0,396,0,4,0,28,2520,0,0,0,0,0,0,0.0,3,0,1,0,406,0,21,7.03,0,0,9,55,29,85,0,16,0.0,0.0,0,0,0,0,0,1,100.0,9,0,0,0.0,4,78,1,0,29,93.55,554,477,622,1099,196.9,0,3,1407,11,3,0,Robin Roefs,Sunderland,1012928,41,england,2526,20260326
17,0,0.0,58,16,50.0,127,105,232,82.86,24,77.42,7,8,0,0,0,0,19,0,0,1,0,28,8,0,0,1,2,17,0,1,0.1,0.29,3,0,20.0,0,1,1,6,5,1,1,0,,9,47.37,1,0,0,48,8,2,0,5,512,0,0,0,0,0,0,0.0,0,0,0,1,65,0,0,7.03,0,0,0,0,0,0,0,0,512.0,0.0,0,5,0,2,2,0,0.0,0,8,4,50.0,2,31,4,3,33,66.0,32,160,120,280,56.2,5,0,365,1,1,0,Jarrad Branthwaite,Everton,979563,48,england,2526,20260326
9,0,0.0,82,10,71.43,129,89,218,87.55,13,68.42,6,14,0,0,0,0,25,3,0,3,0,7,14,0,0,6,4,22,0,0,1.15,0.68,3,0,18.18,0,2,2,6,6,0,2,0,,19,54.29,1,0,0,31,2,7,1,2,406,0,3,0,0,0,0,0.0,0,0,0,0,47,1,0,7.02,0,0,0,0,0,0,0,0,203.0,0.0,0,4,7,4,4,6,66.67,0,9,8,88.89,7,12,9,0,32,59.26,14,150,99,249,98.3,11,1,323,4,0,0,Ross Barkley,Aston Villa,98435,40,england,2526,20260326
37,34,33.01,314,39,61.9,602,322,924,88.08,6,28.57,15,26,3,0,0,0,84,8,4,19,7,12,26,0,0,25,13,86,0,2,3.98,5.47,17,0,13.73,0,7,10,16,11,5,5,2,,76,51.7,2,0,1,125,8,45,4,21,1828,2,3,0,1,0,0,0.0,0,0,0,0,275,9,0,7.02,0,1,0,0,0,0,0,0,261.14,0.0,2,28,23,15,17,22,56.41,0,28,12,42.86,44,58,39,103,82,48.81,63,698,351,1049,182.5,51,3,1439,26,4,0,Phil Foden,Manchester City,859765,17,england,2526,20260326
43,1,50.0,190,38,49.35,465,429,894,89.67,26,56.52,20,16,2,0,0,0,49,1,2,4,5,60,16,0,0,3,1,43,0,2,0.66,2.34,16,0,12.5,23,2,4,13,10,3,2,0,,27,54.0,1,0,1,103,13,5,0,15,1304,0,9,0,1,0,1,0.0,0,0,0,0,124,0,0,7.02,0,1,0,0,0,0,0,0,652.0,0.0,0,13,3,7,5,2,33.33,0,18,13,72.22,4,64,6,2,53,55.21,77,529,468,997,112.3,16,1,1188,7,2,0,Joško Gvardiol,Manchester City,964994,17,england,2526,20260326
66,0,0.0,12,108,42.86,45,521,566,79.27,14,93.33,1,27,0,0,0,0,183,0,0,0,11,35,27,3,0,0,1,2,1,3,0.02,,0,0,0.0,75,0,0,24,17,7,0,0,2.29,5,83.33,0,10,0,148,1,0,0,27,2430,0,0,0,0,0,0,0.0,1,0,1,0,153,0,24,7.01,0,0,15,45,17,64,1,16,0.0,0.0,0,0,0,0,0,2,100.0,14,0,0,0.0,0,102,2,0,19,90.48,252,145,569,714,189.4,0,0,937,3,6,0,Gianluigi Donnarumma,Manchester City,824509,17,england,2526,20260326
39,0,0.0,101,28,36.84,284,363,647,80.27,28,56.0,22,26,2,0,0,0,69,1,0,11,3,45,26,0,0,21,18,93,0,1,0.55,1.3,21,0,13.04,0,3,5,32,23,9,2,1,,129,64.5,0,0,0,159,24,6,0,19,1779,0,10,0,0,0,0,0.0,0,0,0,0,222,4,0,7.01,0,3,0,0,0,0,0,0,593.0,0.0,0,11,12,7,5,7,38.89,0,96,56,58.33,6,77,18,4,157,62.8,76,384,422,806,182.3,23,2,1181,26,6,0,João Palhinha,Tottenham Hotspur,364612,33,england,2526,20260326
29,1,20.0,166,51,57.3,593,1147,1740,95.13,29,58.0,21,30,0,0,0,0,90,1,1,4,8,107,30,0,1,5,4,45,1,1,0.55,1.24,11,0,0.0,23,0,0,36,32,4,0,0,,57,70.37,0,0,1,89,23,5,0,30,2676,0,27,0,0,0,0,0.0,0,0,0,0,117,3,0,7.01,1,0,0,0,0,0,0,0,0.0,0.0,0,11,0,5,2,7,63.64,0,20,7,35.0,5,71,11,5,86,65.65,89,650,1179,1829,210.2,11,0,2134,32,0,0,Ezri Konsa,Aston Villa,827679,40,england,2526,20260326
68,0,0.0,124,80,50.31,310,568,878,83.54,22,51.16,21,23,0,0,0,0,98,1,0,5,6,122,23,0,0,8,4,57,0,2,0.47,0.61,19,0,10.0,25,1,1,28,20,8,1,0,,47,56.63,0,0,0,173,31,8,1,23,2001,0,24,1,0,0,0,0.0,0,0,0,0,206,3,0,7.0,0,0,0,0,0,0,0,0,2001.0,0.0,2,4,6,1,4,9,64.29,0,32,22,68.75,8,126,14,3,69,54.76,159,433,618,1051,161.1,10,1,1377,7,4,0,Murillo,Nottingham Forest,1199282,14,england,2526,20260326
19,4,36.36,109,53,40.46,345,687,1032,84.45,88,57.52,65,26,0,0,0,0,52,1,0,6,9,159,26,0,0,9,15,105,2,1,1.25,1.13,14,0,10.0,0,1,1,31,28,3,1,0,,57,58.76,1,0,0,190,40,9,0,26,2333,0,17,0,0,0,0,0.0,0,0,0,0,290,0,0,7.0,0,0,0,0,0,0,0,0,2333.0,0.0,0,10,0,3,1,4,66.67,0,50,31,62.0,9,60,6,11,145,58.0,131,468,754,1222,182.1,10,0,1717,3,3,0,Chris Richards,Crystal Palace,931844,7,england,2526,20260326
4,10,25.0,145,7,70.0,255,148,403,83.78,4,30.77,9,24,1,0,0,0,90,2,5,17,3,26,24,0,0,27,10,121,0,0,2.01,4.27,37,0,11.63,0,5,6,34,31,3,5,0,,114,50.44,1,0,0,78,13,20,1,22,1864,5,3,0,0,0,0,0.0,0,0,0,1,242,10,0,7.0,0,3,0,0,0,0,0,0,372.8,0.0,0,33,10,11,15,33,45.21,0,31,18,58.06,20,9,73,40,118,49.37,10,314,167,481,168.0,43,3,909,50,4,0,Crysencio Summerville,West Ham United,917005,37,england,2526,20260326
12,7,24.14,94,14,73.68,137,92,229,72.93,6,40.0,9,17,4,0,0,0,46,4,2,5,0,9,17,0,0,12,5,45,0,1,2.96,1.87,5,0,14.29,0,3,7,16,14,2,3,0,,33,47.83,0,0,3,85,6,18,3,7,805,3,1,0,0,0,0,0.0,0,0,0,0,154,7,0,7.0,0,0,0,0,0,0,0,0,268.33,0.0,0,14,7,10,6,17,53.13,0,6,4,66.67,18,19,32,29,39,46.43,19,204,110,314,119.0,21,1,485,10,0,0,Samuel Chukwueze,Fulham,822470,43,england,2526,20260326
6,0,0.0,2,13,20.31,7,39,46,46.94,0,0.0,0,3,0,0,0,0,33,0,0,0,1,6,3,0,0,0,0,0,0,0,0.02,,0,0,0.0,15,0,0,2,2,0,0,0,0.61,2,100.0,0,0,0,52,0,0,0,3,270,0,0,0,0,0,0,0.0,0,0,0,0,52,0,3,7.0,0,0,1,5,5,10,0,2,0.0,0.0,0,0,0,0,0,1,100.0,1,0,0,0.0,0,11,1,0,2,100.0,64,54,44,98,21.0,0,0,131,1,0,0,Melker Ellborg,Sunderland,1099795,41,england,2526,20260326
12,19,17.59,202,13,35.14,347,141,488,73.72,26,34.67,49,31,6,0,0,0,132,9,5,25,4,33,31,0,0,66,19,199,0,0,4.05,6.2,17,0,11.94,0,8,14,55,51,4,6,2,,132,46.81,1,0,1,174,20,32,6,31,2778,17,6,0,0,1,0,100.0,0,1,0,0,464,22,0,7.0,0,1,0,0,0,0,0,0,347.25,0.0,1,49,18,19,23,46,47.92,0,41,23,56.1,32,37,96,108,158,44.26,37,486,176,662,216.9,67,0,1333,45,5,0,Jarrod Bowen,West Ham United,552884,37,england,2526,20260326
31,1,20.0,169,48,41.74,571,1396,1967,93.27,65,52.85,58,29,0,0,0,0,108,1,2,2,9,165,29,0,1,5,9,93,0,1,1.03,1.29,20,0,21.43,27,3,3,31,28,3,3,0,,59,62.77,2,0,0,142,34,4,1,29,2552,2,15,0,0,0,0,0.0,0,0,0,0,168,4,0,7.0,1,0,0,0,0,0,0,0,850.67,0.0,0,10,4,7,5,7,77.78,0,35,23,65.71,4,68,9,5,124,57.14,115,658,1451,2109,202.9,14,3,2486,18,3,0,Trevoh Chalobah,Chelsea,826134,38,england,2526,20260326
24,1,50.0,252,29,55.77,635,399,1034,89.76,29,52.73,26,21,0,0,0,0,79,1,0,8,4,40,21,0,0,13,8,77,0,1,1.0,0.57,28,0,8.33,3,1,1,14,11,3,0,1,,64,55.65,0,0,0,118,21,8,0,15,1375,0,6,0,0,0,0,0.0,0,0,0,0,157,11,0,7.0,0,1,0,0,0,0,0,0,1375.0,0.0,0,2,10,2,2,11,68.75,0,36,26,72.22,8,43,16,2,93,54.71,52,712,440,1152,146.9,12,1,1383,17,6,0,Nico González,Manchester City,954056,17,england,2526,20260326
24,5,25.0,228,32,56.14,373,164,537,85.1,2,28.57,5,20,5,0,0,0,51,5,0,4,2,6,20,0,0,10,10,43,0,1,2.92,1.01,7,0,5.0,0,1,6,11,8,3,0,1,,33,46.48,0,0,0,94,7,31,1,13,1078,2,0,0,1,0,0,0.0,0,0,0,0,148,14,0,7.0,0,0,0,0,0,0,0,0,1078.0,0.0,0,9,11,9,7,9,45.0,0,17,6,35.29,30,60,20,20,35,44.87,57,455,176,631,139.9,20,2,770,7,0,0,Martin Ødegaard,Arsenal,547410,42,england,2526,20260326
39,0,0.0,44,213,36.41,150,525,675,64.35,4,66.67,2,30,0,0,0,0,229,0,0,0,8,36,30,0,0,0,1,5,1,1,0.24,,2,0,0.0,159,0,0,39,36,3,0,0,-2.77,8,72.73,0,17,0,374,1,3,0,30,2700,0,0,0,1,0,2,0.0,7,0,3,0,383,0,24,6.99,0,0,13,46,33,82,1,14,0.0,0.0,0,0,0,0,0,2,100.0,13,1,0,0.0,2,73,2,0,12,70.59,585,475,574,1049,209.8,0,1,1339,6,1,0,Caoimhin Kelleher,Brentford,827362,50,england,2526,20260326
11,2,18.18,184,13,39.39,303,134,437,84.2,8,26.67,22,26,2,0,0,0,61,4,1,19,2,10,26,0,0,16,4,73,0,0,2.23,3.75,16,0,12.24,0,6,8,10,7,3,6,0,,69,57.5,0,0,0,82,8,13,1,17,1504,1,1,0,0,0,0,0.0,0,0,0,0,149,15,0,6.99,0,5,0,0,0,0,0,0,250.67,0.0,0,29,20,14,16,23,57.5,0,16,12,75.0,13,29,40,11,77,51.33,33,372,147,519,181.8,49,2,760,30,1,0,Eberechi Eze,Arsenal,864921,42,england,2526,20260326
22,4,44.44,221,44,48.35,589,1034,1623,92.69,60,54.05,51,25,0,0,0,0,96,0,2,1,11,102,24,0,0,6,6,83,0,2,0.9,0.86,17,0,20.0,20,1,1,16,11,5,1,0,,48,60.0,1,0,0,128,14,7,0,24,2075,1,4,0,0,0,0,0.0,0,0,0,0,156,2,0,6.99,0,0,0,0,0,0,0,0,2075.0,0.0,0,5,0,3,1,4,57.14,0,29,17,58.62,7,47,7,9,108,56.54,91,674,1077,1751,167.8,5,0,1990,15,1,0,William Saliba,Arsenal,941168,42,england,2526,20260326
23,0,0.0,148,31,55.36,357,341,698,87.14,21,44.68,26,23,2,0,0,0,87,2,1,2,7,43,22,0,0,13,19,101,0,3,1.66,1.15,35,0,12.5,1,2,4,22,19,3,1,1,,74,49.66,0,0,1,103,18,9,0,21,1770,0,15,0,0,0,2,0.0,0,0,0,0,160,3,0,6.99,0,2,0,0,0,0,0,0,885.0,0.0,0,5,11,9,5,10,52.63,0,51,25,49.02,9,41,19,8,95,48.47,56,427,374,801,153.8,16,1,1083,14,5,0,Ibrahim Sangaré,Nottingham Forest,843754,14,england,2526,20260326
23,30,18.63,344,27,71.05,517,175,692,87.26,7,25.0,21,29,4,0,0,0,74,11,3,18,5,11,28,0,0,21,19,119,0,0,5.64,4.35,10,1,12.5,0,5,9,23,22,1,4,1,,75,43.35,1,0,2,101,6,45,3,25,2219,5,0,0,1,0,0,0.0,0,0,0,0,362,12,0,6.99,1,1,0,0,0,0,0,0,443.8,100.0,1,27,13,11,11,40,45.45,0,15,9,60.0,44,36,88,161,82,40.8,38,599,194,793,195.7,40,2,1285,20,2,1,Pedro Neto,Chelsea,879349,38,england,2526,20260326
37,16,30.19,145,40,49.38,304,317,621,86.49,23,65.71,12,22,4,0,0,0,74,6,1,3,4,30,22,0,0,5,16,56,1,0,1.88,0.91,17,0,8.33,0,1,5,16,15,1,1,0,,38,46.34,1,0,1,97,29,19,0,13,1267,0,8,0,0,0,0,0.0,0,0,0,0,160,5,0,6.99,0,0,0,0,0,0,0,0,1267.0,0.0,0,6,6,6,3,4,40.0,0,24,15,62.5,19,65,10,53,61,52.14,81,374,344,718,153.7,12,2,964,12,7,0,Vitaly Janelt,Brentford,814873,50,england,2526,20260326
22,5,41.67,120,8,47.06,216,145,361,68.63,95,38.62,151,31,1,0,0,1,80,5,17,13,7,51,31,0,0,33,11,263,0,2,1.7,17.51,59,0,26.76,0,19,20,40,38,2,19,0,,75,40.11,2,0,2,165,9,19,6,30,2654,20,5,0,0,7,0,85.71,0,6,0,0,318,15,0,6.98,0,11,0,0,0,0,0,0,139.68,0.0,0,67,4,21,37,26,57.78,0,29,18,62.07,19,32,45,12,170,39.26,17,346,180,526,216.5,71,6,998,21,6,0,Igor Thiago,Brentford,1016907,50,england,2526,20260326
30,25,29.41,213,24,36.36,349,166,515,75.29,13,36.11,23,26,4,0,0,0,101,10,2,4,2,12,26,0,0,27,36,126,0,1,4.14,1.85,16,0,15.0,0,3,7,26,25,1,3,0,,74,41.81,1,0,1,169,19,32,0,18,1588,3,3,0,0,0,0,0.0,0,0,0,0,333,19,0,6.98,0,2,0,0,0,0,0,0,529.33,0.0,1,12,8,7,9,13,33.33,0,44,26,59.09,32,67,39,85,87,40.85,66,487,197,684,181.4,20,1,1062,18,0,0,Mikkel Damsgaard,Brentford,907072,50,england,2526,20260326
24,10,16.95,145,38,38.38,310,379,689,76.98,69,63.3,40,25,4,0,0,0,101,7,2,5,7,129,25,0,0,12,11,96,1,2,1.84,1.01,23,0,6.25,30,1,5,28,22,6,1,0,,81,59.12,0,0,0,206,32,20,0,25,2165,2,9,1,0,0,0,0.0,0,0,0,0,418,3,0,6.98,0,1,0,0,0,0,0,0,2165.0,0.0,0,13,3,9,2,7,41.18,0,57,38,66.67,20,56,17,59,150,60.98,99,443,452,895,174.4,16,1,1549,20,4,0,Nordi Mukiele,Sunderland,780014,41,england,2526,20260326
16,11,13.1,302,14,60.87,420,88,508,79.25,42,53.85,36,29,3,0,0,0,73,9,5,27,5,18,29,0,0,20,11,124,0,0,4.27,6.68,32,0,8.7,0,6,9,29,26,3,6,0,,90,50.56,0,0,4,133,10,44,1,25,2159,20,3,0,0,0,0,0.0,0,0,0,1,328,16,0,6.98,0,5,0,0,0,0,0,0,359.83,0.0,0,47,22,26,16,28,51.85,0,23,10,43.48,44,30,54,84,132,51.56,23,520,121,641,202.3,69,1,1111,39,2,0,Cody Gakpo,Liverpool,862967,44,england,2526,20260326
6,2,11.11,69,8,72.73,112,38,150,79.79,13,41.94,18,8,1,0,0,0,23,2,0,8,1,8,8,0,0,4,4,40,0,0,1.2,1.29,4,0,13.33,0,2,3,5,5,0,2,0,,17,43.59,1,0,2,38,2,10,0,7,626,0,0,0,0,0,1,0.0,0,0,0,0,86,5,0,6.98,0,1,0,0,0,0,0,0,313.0,0.0,0,5,10,3,4,7,38.89,0,6,4,66.67,10,8,18,18,30,42.86,11,147,41,188,55.8,15,0,302,4,1,0,Rayan,Bournemouth,1464966,60,england,2526,20260326
36,8,12.31,217,41,39.42,485,447,932,83.96,31,56.36,24,31,1,0,0,0,149,3,2,14,5,68,30,0,0,19,19,116,0,1,1.74,3.31,35,0,5.13,0,2,3,36,29,7,1,1,,126,57.8,0,0,1,178,32,21,2,28,2320,1,11,0,1,0,1,0.0,0,0,0,0,312,11,0,6.97,0,0,0,0,0,0,0,0,1160.0,0.0,1,15,24,15,10,26,56.52,0,49,31,63.27,20,85,46,65,157,57.51,104,626,484,1110,209.2,39,1,1612,52,3,0,Alex Scott,Bournemouth,1104986,60,england,2526,20260326
27,0,0.0,67,53,50.48,246,523,769,85.92,88,62.41,53,27,0,0,0,0,76,0,3,6,7,174,26,0,1,3,10,82,0,0,0.22,1.95,14,0,14.29,3,3,3,30,28,2,3,0,,41,58.57,1,0,2,126,33,1,0,24,2153,0,22,0,0,0,0,0.0,0,0,0,0,147,1,0,6.97,1,1,0,0,0,0,0,0,717.67,0.0,0,17,4,9,6,5,62.5,0,30,20,66.67,1,52,8,1,129,61.14,105,336,559,895,181.3,21,2,1263,6,0,0,Michael Keane,Everton,110846,48,england,2526,20260326
37,0,0.0,88,57,37.75,241,604,845,82.12,101,58.72,71,26,0,0,0,0,66,3,7,4,6,180,26,0,0,5,6,106,0,3,0.6,2.38,25,0,8.0,63,2,2,28,22,6,2,0,,58,62.37,1,0,0,184,19,15,0,22,2007,3,22,0,0,0,0,0.0,0,0,0,1,205,1,0,6.97,0,1,0,0,0,0,0,0,1003.5,0.0,0,24,1,12,9,2,50.0,0,31,17,54.84,15,84,4,0,159,60.0,151,382,647,1029,181.3,25,3,1397,28,3,0,Daniel Ballard,Sunderland,958878,41,england,2526,20260326
17,2,22.22,61,39,33.91,179,360,539,77.78,78,64.46,43,22,3,0,0,0,52,2,1,1,4,117,21,0,0,4,10,67,0,1,1.05,0.67,11,0,0.0,4,0,3,18,16,2,0,0,,37,60.66,0,0,1,154,31,8,0,15,1490,1,11,1,0,0,0,0.0,0,0,0,0,217,1,0,6.97,0,0,0,0,0,0,0,0,0.0,0.0,0,6,2,6,1,1,100.0,0,27,12,44.44,8,58,1,9,115,63.19,115,300,393,693,146.4,8,2,1023,11,2,0,James Hill,Bournemouth,1156586,60,england,2526,20260326
20,12,24.49,146,21,37.5,268,225,493,78.13,33,45.83,39,21,2,0,0,0,82,5,0,6,9,70,21,0,0,6,16,95,0,0,3.35,1.98,24,0,15.79,0,3,5,20,19,1,3,0,,65,53.72,1,0,0,138,22,20,0,21,1781,6,1,0,0,0,0,0.0,0,0,0,0,227,6,0,6.96,0,2,0,0,0,0,0,0,593.67,0.0,0,17,2,5,8,1,8.33,0,51,32,62.75,20,47,12,49,98,50.78,56,369,262,631,146.2,19,1,1068,13,5,0,Daniel Muñoz,Crystal Palace,870360,7,england,2526,20260326
2,7,16.28,252,6,31.58,414,226,640,83.66,10,27.78,26,25,3,0,0,0,149,6,1,8,5,15,25,0,0,53,22,176,0,1,4.18,5.08,26,0,19.35,0,6,9,29,27,2,6,0,,144,48.98,0,0,2,125,12,23,2,25,2156,9,2,0,0,2,0,100.0,0,2,0,0,335,21,0,6.96,0,4,0,0,0,0,0,0,359.33,0.0,0,20,11,7,16,55,52.88,0,57,36,63.16,23,6,104,43,154,46.67,19,517,248,765,174.0,31,0,1274,32,2,0,Iliman Ndiaye,Everton,914309,48,england,2526,20260326
13,10,25.0,281,22,68.75,446,245,691,88.36,9,36.0,16,25,2,0,0,0,100,5,4,14,3,25,25,0,0,21,17,103,0,0,3.54,4.69,17,0,4.65,0,2,4,27,25,2,1,1,,102,53.97,1,0,1,91,15,38,1,22,1919,11,1,0,0,0,0,0.0,0,0,0,1,229,9,0,6.96,0,0,0,0,0,0,0,0,959.5,0.0,0,32,11,12,17,36,52.17,0,33,21,63.64,38,23,69,40,111,51.87,32,514,268,782,174.0,43,0,1222,33,2,0,Amad Diallo,Manchester United,971037,35,england,2526,20260326
11,0,0.0,28,20,44.44,190,447,637,90.48,38,70.37,16,15,0,0,0,0,19,1,0,1,2,65,14,0,0,1,2,23,1,0,0.4,0.11,5,0,0.0,14,0,0,12,10,2,0,0,,15,68.18,0,0,0,67,9,1,0,7,751,1,5,0,0,0,0,0.0,0,0,0,0,73,0,0,6.96,0,0,0,0,0,0,0,0,0.0,0.0,0,2,0,1,0,0,0.0,0,15,8,53.33,1,23,0,0,53,69.74,45,228,476,704,97.4,2,1,818,0,2,0,Tosin Adarabioyo,Chelsea,352668,38,england,2526,20260326
13,0,0.0,26,34,49.28,172,497,669,88.26,52,63.41,30,18,1,0,0,0,62,2,1,1,4,84,16,0,0,4,1,42,0,3,0.39,1.43,8,0,10.0,3,1,2,17,14,3,1,0,,26,68.42,1,0,1,89,8,6,0,14,1208,0,14,1,0,0,0,0.0,0,0,0,0,104,1,0,6.96,0,0,0,0,0,0,0,0,1208.0,0.0,0,10,0,5,4,2,100.0,0,14,10,71.43,6,28,2,2,78,65.0,69,222,536,758,111.3,10,0,953,11,1,0,Sven Botman,Newcastle United,910046,39,england,2526,20260326
14,4,80.0,35,21,47.73,141,396,537,87.75,50,61.73,31,13,0,0,0,0,40,2,1,3,1,68,13,0,0,1,6,44,0,1,0.77,1.46,6,0,9.09,2,1,1,20,18,2,1,0,,24,64.86,1,0,0,75,15,3,0,13,1170,0,7,0,0,0,0,0.0,0,0,0,0,89,1,0,6.95,0,0,0,0,0,0,0,0,1170.0,0.0,0,11,0,5,3,1,50.0,0,19,13,68.42,3,28,2,5,74,62.71,44,187,425,612,90.4,11,1,791,5,0,0,Matthijs de Ligt,Manchester United,803031,35,england,2526,20260326
1,3,25.0,62,1,50.0,78,10,88,84.62,0,0.0,3,13,0,0,0,0,7,2,0,1,0,1,13,0,0,4,1,17,0,0,1.32,0.81,2,0,16.67,0,1,1,5,4,1,1,0,,27,65.85,0,0,1,16,1,9,0,1,250,0,0,0,0,0,0,0.0,0,0,0,0,50,2,0,6.95,0,1,0,0,0,0,0,0,250.0,0.0,0,5,1,1,4,20,74.07,0,2,1,50.0,9,2,27,12,27,61.36,2,89,15,104,90.4,6,1,185,5,0,0,Rio Ngumoha,Liverpool,1881902,44,england,2526,20260326
53,1,20.0,164,75,48.39,544,1498,2042,92.15,68,61.26,43,29,0,0,0,0,121,1,0,5,6,132,29,0,0,4,19,79,1,2,0.52,1.17,14,0,0.0,137,0,0,35,28,7,0,0,,45,55.56,0,0,0,174,29,6,0,28,2565,1,26,0,0,0,1,0.0,0,0,0,1,198,2,0,6.95,0,0,0,0,0,0,0,0,0.0,0.0,2,16,3,12,2,4,100.0,0,33,21,63.64,6,97,4,5,113,58.85,155,652,1564,2216,201.6,19,1,2552,8,10,0,Lewis Dunk,Brighton & Hove Albion,115365,30,england,2526,20260326
0,0,0.0,9,2,25.0,41,55,96,88.07,5,83.33,1,2,0,0,0,0,6,0,0,0,0,7,2,0,0,1,1,4,0,0,0.02,,1,0,0.0,5,0,0,2,2,0,0,0,,5,62.5,0,0,0,13,0,0,0,1,134,0,1,0,0,0,0,0.0,0,0,0,0,15,0,0,6.95,0,0,0,0,0,0,0,0,0.0,0.0,0,0,0,0,0,0,0.0,0,4,0,0.0,0,5,0,1,10,71.43,8,51,58,109,13.9,0,0,128,1,0,0,Jenson Seelt,Sunderland,1088897,41,england,2526,20260326
8,1,50.0,99,20,44.44,329,558,887,92.2,61,64.89,33,19,1,0,0,0,64,1,0,2,3,101,19,0,0,5,4,65,0,1,0.59,0.6,19,0,0.0,2,0,1,15,15,0,0,0,,38,54.29,0,0,0,75,26,3,0,14,1277,1,15,0,0,0,0,0.0,0,0,0,0,96,2,0,6.95,1,0,0,0,0,0,0,0,0.0,0.0,0,6,0,4,0,10,71.43,0,16,10,62.5,3,18,14,2,99,60.37,45,374,588,962,132.0,6,2,1213,12,4,1,Wesley Fofana,Chelsea,923894,38,england,2526,20260326
25,0,0.0,45,32,47.76,167,329,496,86.56,16,59.26,11,15,0,0,0,0,47,0,2,0,2,61,13,0,0,0,4,26,1,2,0.09,0.83,11,0,0.0,8,0,0,17,14,3,0,0,,35,70.0,0,0,0,77,8,1,0,10,955,1,8,0,0,0,0,0.0,0,0,0,0,89,0,0,6.95,0,0,0,0,0,0,0,0,0.0,0.0,0,3,1,3,1,4,100.0,0,24,15,62.5,1,52,4,1,51,66.23,67,212,361,573,90.3,4,0,739,7,4,0,Morato,Nottingham Forest,985086,14,england,2526,20260326
2,3,25.0,136,4,23.53,273,151,424,89.83,13,72.22,5,13,2,0,0,0,40,2,1,2,3,17,11,0,0,6,6,45,0,1,1.6,0.42,11,0,0.0,0,0,2,8,5,3,0,0,,55,57.89,0,0,0,48,13,8,0,10,782,0,1,0,0,0,0,0.0,0,0,0,0,103,3,0,6.95,0,0,0,0,0,0,0,0,0.0,0.0,0,2,5,4,1,19,52.78,0,28,20,71.43,8,7,36,12,68,60.18,17,303,169,472,76.4,7,1,701,8,2,0,Rayan Aït-Nouri,Manchester City,931278,17,england,2526,20260326
40,17,21.25,289,60,50.0,598,462,1060,84.94,11,50.0,11,29,2,0,0,0,123,5,1,13,5,26,27,0,0,17,21,77,0,1,2.37,1.56,18,0,0.0,0,0,2,31,26,5,0,0,,79,54.48,0,0,2,188,26,26,0,25,2045,1,7,0,0,0,0,0.0,0,0,0,0,318,9,0,6.94,0,0,0,0,0,0,0,0,0.0,0.0,2,9,19,8,7,17,62.96,0,29,20,68.97,26,74,27,80,90,53.89,120,738,510,1248,187.4,28,0,1638,35,3,0,Sandro Tonali,Newcastle United,892673,39,england,2526,20260326
49,0,0.0,62,224,33.53,179,404,583,56.55,22,84.62,4,31,0,0,0,0,248,0,0,0,4,54,31,0,0,0,1,5,2,0,0.06,,0,0,0.0,327,0,0,61,57,4,0,0,-3.04,5,83.33,0,21,0,448,0,0,0,31,2790,0,0,0,0,0,0,0.0,7,0,0,0,455,0,40,6.94,0,0,14,74,35,111,2,27,0.0,0.0,0,0,0,0,0,0,0.0,13,1,1,100.0,0,94,0,0,27,84.38,668,584,447,1031,215.1,0,2,1364,6,1,0,Martin Dúbravka,Burnley,42209,6,england,2526,20260326
30,15,28.85,460,47,51.09,907,615,1522,88.95,30,56.6,23,27,4,0,0,0,134,5,0,1,9,82,27,0,0,14,17,86,1,1,1.84,0.35,13,0,14.29,0,1,5,23,16,7,1,0,,96,60.38,0,0,0,189,25,20,0,25,2267,4,6,0,0,0,1,0.0,0,0,0,1,322,6,0,6.94,0,1,0,0,0,0,0,0,2267.0,0.0,0,2,5,4,2,23,52.27,0,48,34,70.83,20,74,44,52,126,59.43,92,1025,686,1711,187.3,7,1,2295,25,4,0,Matheus Nunes,Manchester City,945122,17,england,2526,20260326
59,0,0.0,37,141,35.34,108,624,732,73.49,14,93.33,1,27,0,0,0,0,224,1,0,0,7,25,27,1,0,0,0,1,3,2,0.08,,0,0,0.0,91,0,0,29,25,4,0,0,3.3,11,100.0,0,40,0,264,0,1,0,27,2385,0,0,0,0,0,0,0.0,1,0,1,0,271,0,9,6.94,0,0,17,44,31,76,1,19,0.0,0.0,0,0,0,0,0,0,0.0,16,0,0,0.0,1,122,0,0,25,96.15,399,316,680,996,187.3,0,3,1276,16,2,0,Emiliano Martínez,Aston Villa,158263,40,england,2526,20260326
33,23,21.9,272,47,41.23,515,457,972,85.34,28,56.0,22,28,2,0,0,0,74,4,0,7,8,75,28,0,0,13,25,104,1,1,2.69,1.14,37,0,11.11,0,3,5,27,25,2,1,2,,85,50.9,0,0,1,167,18,24,1,28,2446,3,10,0,0,0,0,0.0,0,0,0,0,351,3,0,6.94,0,2,0,0,0,0,0,0,815.33,0.0,0,9,18,11,9,11,61.11,0,51,23,45.1,24,89,18,105,113,52.07,114,629,510,1139,194.2,27,3,1773,25,7,0,Matty Cash,Aston Villa,833956,40,england,2526,20260326
16,4,12.12,148,15,68.18,320,284,604,90.55,31,68.89,14,19,3,0,0,0,57,2,2,4,2,23,17,0,0,7,9,35,0,2,2.0,1.34,4,0,8.33,0,1,4,16,12,4,1,0,,38,64.41,0,0,1,63,17,14,1,11,1134,2,2,0,0,0,0,0.0,0,0,0,0,118,2,0,6.94,0,0,0,0,0,0,0,0,1134.0,0.0,0,8,4,4,4,11,91.67,0,24,15,62.5,14,20,12,33,69,66.35,22,364,303,667,117.9,12,2,890,4,0,0,Lewis Miley,Newcastle United,1400650,39,england,2526,20260326
68,0,0.0,49,175,33.85,115,633,748,67.94,11,91.67,1,29,1,0,0,0,251,2,0,0,9,23,29,0,1,1,0,3,1,2,0.06,,2,0,0.0,110,0,1,34,31,3,0,0,2.14,10,83.33,0,34,0,353,1,5,0,29,2525,0,0,0,0,0,0,0.0,1,0,0,0,363,0,6,6.93,1,0,20,57,21,80,0,14,0.0,0.0,0,0,0,0,0,0,0.0,18,2,0,0.0,5,148,0,0,21,87.5,517,394,707,1101,201.1,0,0,1407,11,3,0,Robert Sánchez,Chelsea,920546,38,england,2526,20260326
14,0,0.0,4,15,40.54,6,103,109,81.95,1,100.0,0,3,0,0,0,0,23,0,0,0,0,2,3,0,0,1,0,1,0,0,0.0,,0,0,0.0,10,0,0,4,4,0,0,0,-0.45,0,0.0,0,3,0,24,1,0,0,2,264,0,0,0,0,0,0,0.0,0,0,0,0,25,0,1,6.93,0,0,4,4,2,6,0,2,0.0,0.0,0,0,0,0,0,0,0.0,4,0,0,0.0,0,20,0,0,1,50.0,37,25,108,133,20.8,0,0,160,0,0,0,Filip Jørgensen,Chelsea,962053,38,england,2526,20260326
25,0,0.0,34,147,32.24,124,300,424,57.61,6,100.0,0,25,0,0,0,0,176,0,0,0,5,22,25,0,0,0,0,0,0,0,0.04,,0,0,0.0,122,0,0,32,29,3,0,0,3.12,3,100.0,0,24,0,312,0,0,0,25,2250,0,0,0,0,0,0,0.0,4,0,0,0,320,0,13,6.93,0,0,9,36,21,57,1,9,0.0,0.0,0,0,0,0,0,0,0.0,9,1,1,100.0,0,69,0,0,9,100.0,456,388,348,736,173.3,0,0,916,3,0,0,Senne Lammens,Manchester United,964753,35,england,2526,20260326
47,0,0.0,72,163,35.28,133,471,604,66.52,7,87.5,1,31,0,0,0,0,258,0,0,0,15,30,31,1,0,0,0,1,1,3,0.1,,0,0,0.0,98,0,0,22,16,6,0,0,-0.88,11,100.0,0,29,0,304,1,3,0,31,2790,0,0,0,0,0,0,0.0,0,0,0,0,312,0,8,6.93,0,0,30,36,13,50,0,10,0.0,0.0,0,0,0,0,0,1,100.0,30,1,1,100.0,3,72,1,0,18,94.74,462,403,505,908,214.8,0,2,1197,9,1,0,David Raya,Arsenal,581310,42,england,2526,20260326
18,3,18.75,93,38,38.0,213,301,514,80.56,19,45.24,23,15,0,0,0,0,52,1,1,4,2,68,14,0,0,5,12,58,0,1,0.62,0.32,13,0,0.0,0,0,0,27,25,2,0,0,,35,50.0,0,0,0,124,7,6,0,13,1240,0,15,0,0,0,0,0.0,0,0,0,0,168,1,0,6.93,0,0,0,0,0,0,0,0,0.0,0.0,0,4,3,2,1,5,50.0,0,24,16,66.67,6,46,10,16,54,48.21,100,289,349,638,97.0,7,1,876,6,5,0,Bashir Humphreys,Burnley,996910,6,england,2526,20260326
19,3,27.27,49,18,48.65,139,225,364,87.08,11,55.0,9,8,1,0,0,0,34,0,0,0,1,23,8,0,0,1,1,18,0,0,0.31,0.04,7,0,0.0,15,0,1,5,5,0,0,0,,17,65.38,0,0,0,54,7,2,0,5,459,0,1,0,0,0,0,0.0,0,0,0,0,71,1,0,6.93,0,0,0,0,0,0,0,0,0.0,0.0,0,1,0,1,0,2,100.0,0,10,4,40.0,2,32,2,11,28,60.87,37,173,245,418,55.4,1,0,509,5,2,0,Olivier Boscagli,Brighton & Hove Albion,788784,30,england,2526,20260326
9,15,27.78,121,6,35.29,201,154,355,75.85,42,54.55,35,22,3,0,0,0,72,5,2,5,2,31,21,0,0,21,15,113,0,0,1.44,1.82,19,0,14.29,0,3,6,20,19,1,2,1,,98,55.68,0,0,1,113,14,24,3,14,1349,7,3,0,0,0,0,0.0,0,0,0,0,250,3,0,6.92,0,0,0,0,0,0,0,0,449.67,0.0,0,15,6,8,8,10,28.57,0,47,31,65.96,24,24,35,54,140,55.34,17,285,183,468,145.4,21,1,912,42,5,0,Patrick Dorgu,Manchester United,1397168,35,england,2526,20260326
5,1,12.5,162,3,60.0,241,66,307,76.75,31,37.8,51,28,4,0,0,0,42,3,11,17,2,27,28,0,0,26,3,147,0,0,2.67,9.9,35,0,16.92,0,11,15,25,23,2,11,0,,61,38.85,2,0,1,93,3,21,1,21,1810,10,2,0,0,0,0,0.0,0,0,0,0,216,14,0,6.92,0,8,0,0,0,0,0,0,164.55,0.0,0,50,15,29,19,38,52.78,0,11,7,63.64,21,10,72,8,92,38.49,5,321,79,400,193.8,65,5,745,12,0,0,Hugo Ekitiké,Liverpool,1048422,44,england,2526,20260326
11,4,14.29,146,20,35.71,324,338,662,89.22,30,51.72,28,21,2,0,0,0,55,2,0,1,3,75,21,0,0,4,11,62,0,0,1.35,0.33,16,0,50.0,4,1,3,16,12,4,1,0,,55,61.8,0,0,0,80,20,12,1,17,1504,0,7,1,0,0,0,0.0,0,0,0,0,146,3,0,6.92,0,0,0,0,0,0,0,0,1504.0,0.0,0,1,1,0,1,5,45.45,0,39,21,53.85,12,22,11,28,85,57.82,56,378,364,742,145.3,2,1,1091,12,2,0,Piero Hincapié,Arsenal,1002837,42,england,2526,20260326
8,0,0.0,62,6,37.5,151,254,405,91.22,11,37.93,18,14,0,0,0,0,23,0,0,0,1,32,12,0,0,0,3,30,0,1,0.49,,8,0,0.0,2,0,0,5,4,1,0,0,,26,68.42,0,0,0,39,8,3,0,6,678,1,5,0,0,0,0,0.0,0,0,0,0,49,0,0,6.92,0,0,0,0,0,0,0,0,0.0,0.0,0,0,0,0,0,0,0.0,0,23,15,65.22,3,13,1,0,37,55.22,16,169,275,444,83.0,0,0,546,3,2,0,Cristhian Mosquera,Arsenal,1144630,42,england,2526,20260326
34,13,38.24,145,36,46.75,328,420,748,84.42,27,60.0,18,22,0,0,0,0,82,1,0,6,5,68,22,0,0,16,13,87,0,0,1.42,0.96,27,0,6.25,0,1,1,25,23,2,0,1,,104,60.12,0,0,0,138,27,11,0,21,1802,1,6,0,0,0,0,0.0,0,0,0,0,237,2,0,6.91,0,1,0,0,0,0,0,0,1802.0,0.0,0,10,6,7,3,8,36.36,0,65,38,58.46,11,61,22,34,131,60.09,77,402,484,886,152.1,16,0,1407,31,2,0,Kenny Tete,Fulham,190877,43,england,2526,20260326
18,6,13.04,344,20,38.46,573,352,925,85.25,40,66.67,20,30,5,0,0,0,97,4,7,3,11,53,30,0,0,25,9,110,0,1,1.61,4.7,38,0,12.0,0,3,8,20,14,6,3,0,,107,54.31,2,0,0,160,24,27,0,28,2457,0,6,0,0,0,0,0.0,0,0,0,1,302,7,0,6.91,0,1,0,0,0,0,0,0,819.0,0.0,0,24,1,15,7,13,39.39,0,66,37,56.06,27,42,33,46,147,57.2,52,695,390,1085,207.4,25,1,1656,29,5,0,Jurriën Timber,Arsenal,958959,42,england,2526,20260326
41,1,33.33,75,71,45.51,275,474,749,83.04,56,65.88,29,24,0,0,0,0,73,0,2,2,3,149,24,0,0,2,10,50,0,2,0.54,2.0,9,0,6.25,0,1,1,35,32,3,1,0,,39,65.0,1,0,0,153,37,2,0,20,1905,1,22,1,0,0,0,0.0,0,0,0,0,172,1,0,6.91,0,0,0,0,0,0,0,0,1905.0,0.0,0,15,1,10,4,1,100.0,0,31,19,61.29,2,96,1,3,95,65.52,156,389,513,902,165.9,16,2,1233,8,2,0,Konstantinos Mavropanos,West Ham United,829022,37,england,2526,20260326
36,1,8.33,164,42,43.75,350,378,728,84.06,17,51.52,16,18,2,0,0,0,73,4,0,4,2,35,18,0,0,10,12,55,0,2,1.35,0.9,16,0,18.18,0,2,4,29,27,2,2,0,,49,55.68,0,0,0,138,22,13,0,18,1519,0,11,1,0,0,1,0.0,0,0,0,0,183,3,0,6.91,0,2,0,0,0,0,0,0,759.5,0.0,0,3,8,1,6,2,33.33,0,31,18,58.06,13,84,6,12,66,54.55,96,465,401,866,124.4,11,1,1084,18,2,0,Josh Cullen,Burnley,792122,6,england,2526,20260326
26,0,0.0,39,121,33.24,88,246,334,57.39,4,100.0,0,15,0,0,0,0,142,0,0,0,3,19,15,0,0,0,0,0,0,1,0.06,,0,0,0.0,89,0,0,19,15,4,0,0,-2.85,5,100.0,0,10,0,248,0,0,0,15,1350,0,0,0,0,0,0,0.0,2,0,0,0,250,0,8,6.91,0,0,12,24,12,36,0,6,0.0,0.0,0,0,0,0,0,1,100.0,12,0,0,0.0,0,55,1,0,9,100.0,364,307,275,582,103.6,0,1,734,5,1,0,Karl Darlow,Leeds United,123689,34,england,2526,20260326
41,0,0.0,23,127,33.16,82,399,481,64.91,17,100.0,0,31,0,0,0,0,238,0,0,0,9,56,31,2,0,0,3,3,2,2,0.02,,0,0,0.0,166,0,0,48,41,7,0,0,-1.85,2,40.0,0,25,0,260,0,0,0,31,2790,0,0,1,0,0,0,0.0,5,0,0,0,268,0,30,6.91,0,0,22,58,34,94,1,24,0.0,0.0,0,0,0,0,0,0,0.0,20,0,0,0.0,0,83,0,0,19,86.36,383,311,430,741,214.1,0,1,1090,2,2,0,Đorđe Petrović,Bournemouth,882604,60,england,2526,20260326
27,7,20.0,203,25,51.02,387,221,608,77.06,38,42.7,51,18,1,0,0,0,76,6,1,6,1,17,18,0,0,27,12,142,0,1,2.11,2.82,28,0,17.39,0,4,5,32,30,2,2,2,,85,48.3,0,0,0,181,8,23,4,18,1521,5,6,0,0,2,1,100.0,0,2,0,0,314,9,0,6.91,1,0,0,0,0,0,0,0,380.25,0.0,2,8,15,6,11,16,38.1,0,39,22,56.41,23,66,42,35,123,46.42,49,541,248,789,124.3,23,1,1141,30,5,1,Lucas Paquetá,West Ham United,839981,37,england,2526,20260326
60,2,22.22,103,68,40.24,305,584,889,82.16,73,57.48,54,27,1,0,0,0,86,1,2,6,7,189,27,0,0,12,7,103,0,3,0.87,1.4,26,0,5.26,6,1,2,31,26,5,1,0,,48,49.48,1,0,3,193,28,9,0,26,2356,4,26,0,0,0,0,0.0,0,0,0,0,237,3,0,6.9,0,0,0,0,0,0,0,0,2356.0,0.0,0,14,5,5,8,15,78.95,0,27,15,55.56,9,147,19,9,121,54.02,169,450,632,1082,186.4,19,1,1488,7,6,0,Omar Alderete,Sunderland,805137,41,england,2526,20260326
4,2,66.67,13,5,62.5,26,30,56,86.15,4,57.14,3,3,0,0,0,0,5,0,0,0,0,8,3,0,0,1,0,6,0,0,0.09,0.49,2,0,50.0,0,1,1,3,2,1,1,0,,5,62.5,0,0,0,9,1,1,1,2,138,0,1,0,0,0,0,0.0,0,0,0,0,16,0,0,6.9,0,0,0,0,0,0,0,0,138.0,0.0,0,2,0,0,2,0,0.0,0,5,4,80.0,1,4,0,3,9,60.0,8,31,34,65,20.7,2,0,105,0,1,0,Ben Davies,Tottenham Hotspur,94758,33,england,2526,20260326
8,0,0.0,72,21,53.85,158,205,363,87.47,21,63.64,12,13,0,0,0,0,28,0,1,0,3,56,12,0,0,2,10,33,1,1,0.22,0.79,9,0,0.0,0,0,0,9,8,1,0,0,,27,56.25,0,0,0,52,6,2,0,7,717,0,9,0,0,0,1,0.0,0,0,0,0,67,3,0,6.9,0,0,0,0,0,0,0,0,0.0,0.0,0,3,0,3,0,1,50.0,0,23,15,65.22,2,16,2,3,48,59.26,39,190,225,415,82.8,3,2,559,3,2,0,Jaydee Canvot,Crystal Palace,1471671,7,england,2526,20260326
6,1,6.25,108,7,43.75,187,83,270,71.43,21,28.77,52,20,1,0,0,0,62,3,6,7,7,25,20,0,0,37,6,119,0,2,0.66,7.97,11,0,20.59,0,7,8,19,18,1,7,0,,62,48.06,1,0,2,108,8,14,1,20,1730,12,3,0,0,2,0,100.0,0,2,0,1,219,8,0,6.9,0,5,0,0,0,0,0,0,247.14,0.0,0,27,7,13,14,10,37.04,0,17,9,52.94,14,18,27,16,83,41.09,16,272,106,378,137.9,34,1,701,35,2,0,Ismaïla Sarr,Crystal Palace,845286,7,england,2526,20260326
61,25,26.88,211,59,55.66,380,243,623,80.91,6,24.0,19,29,1,0,0,0,80,8,2,8,2,27,29,0,0,19,25,87,0,0,3.99,2.08,15,0,8.7,0,2,3,23,21,2,1,1,,54,44.26,0,0,1,147,13,22,0,19,1681,2,4,0,2,0,0,0.0,0,0,0,0,292,7,0,6.89,0,2,0,0,0,0,0,0,840.5,0.0,2,8,15,9,6,15,62.5,0,31,20,64.52,20,97,24,93,60,40.82,106,496,274,770,199.9,23,0,1130,8,3,0,Mathias Jensen,Brentford,799251,50,england,2526,20260326
16,2,40.0,78,69,48.59,338,816,1154,87.89,93,59.62,63,28,2,0,0,0,76,3,2,6,10,203,28,0,1,6,7,105,0,2,0.81,2.06,26,0,5.0,2,1,3,32,28,4,1,0,,70,62.5,1,0,1,159,35,5,0,28,2486,0,12,0,0,0,2,0.0,0,0,0,0,192,1,0,6.89,1,0,0,0,0,0,0,0,2486.0,0.0,0,18,2,10,4,5,55.56,0,50,31,62.0,5,46,9,5,163,60.82,142,447,866,1313,193.0,20,2,1774,16,3,0,Maxence Lacroix,Crystal Palace,879674,7,england,2526,20260326
20,1,50.0,44,26,35.14,149,402,551,88.3,17,54.84,14,14,0,0,0,0,40,1,0,0,2,74,13,0,0,0,4,30,0,0,0.56,0.05,9,0,0.0,33,0,0,11,11,0,0,0,,19,54.29,0,0,0,73,15,3,0,11,952,1,9,0,0,0,0,0.0,0,0,0,0,81,0,0,6.89,0,0,0,0,0,0,0,0,0.0,0.0,0,1,0,1,0,2,40.0,0,16,9,56.25,3,42,5,2,36,54.55,74,199,425,624,89.6,1,0,769,1,5,0,Jorge Cuenca,Fulham,868715,43,england,2526,20260326
26,15,16.85,260,38,40.43,496,367,863,85.19,24,51.06,23,24,1,0,0,0,111,4,1,10,3,65,23,0,0,31,12,104,1,1,2.44,0.81,15,0,4.76,0,1,2,32,29,3,0,1,,114,58.46,0,0,2,150,24,20,1,19,1752,0,11,0,0,0,0,0.0,0,0,0,0,333,9,0,6.89,0,0,0,0,0,0,0,0,1752.0,0.0,3,6,15,7,4,34,58.62,0,46,26,56.52,20,61,58,89,138,57.02,94,599,414,1013,158.5,21,0,1638,34,3,0,Lewis Hall,Newcastle United,1136730,39,england,2526,20260326
22,21,20.0,269,36,32.14,460,448,908,83.0,35,53.03,31,30,3,0,0,0,136,5,2,14,8,72,30,0,1,26,31,138,1,2,3.31,1.65,25,0,2.86,0,1,4,39,30,9,1,0,,149,58.2,0,0,0,186,36,30,0,30,2620,3,14,0,0,0,1,0.0,0,0,0,0,429,10,0,6.89,1,1,0,0,0,0,0,0,2620.0,0.0,1,12,23,6,15,26,47.27,0,78,51,65.38,30,66,55,105,184,57.14,112,587,507,1094,206.7,35,2,1951,47,5,0,Neco Williams,Nottingham Forest,927356,14,england,2526,20260326
20,14,27.45,153,30,44.12,331,462,793,85.18,37,60.66,24,30,0,0,0,0,140,3,0,3,6,90,30,0,0,24,17,124,1,2,2.59,0.63,22,0,14.29,0,1,1,39,37,2,1,0,,143,58.85,1,0,0,138,32,30,0,30,2634,1,10,1,1,0,2,0.0,0,0,0,0,420,5,0,6.89,0,0,0,0,0,0,0,0,2634.0,0.0,0,6,1,2,2,43,52.44,0,57,39,68.42,29,35,82,51,180,59.21,68,413,518,931,206.7,7,0,1793,43,6,0,Michael Kayode,Brentford,1137431,50,england,2526,20260326
11,0,0.0,14,79,30.15,51,239,290,61.18,12,100.0,0,22,0,0,0,0,205,0,0,0,7,32,22,0,0,0,0,0,3,1,0.02,0.16,0,0,0.0,147,0,0,32,27,5,0,0,-2.82,2,100.0,0,23,0,184,0,0,0,22,1967,0,0,0,0,0,0,0.0,2,0,0,0,193,0,10,6.89,0,0,23,45,21,67,0,20,0.0,0.0,0,1,0,0,1,0,0.0,22,1,1,100.0,0,15,0,0,14,100.0,262,206,268,474,151.5,1,1,774,2,1,0,Nick Pope,Newcastle United,162653,39,england,2526,20260326
53,0,0.0,18,129,32.41,71,813,884,76.47,16,94.12,1,31,0,0,0,0,260,0,0,0,6,35,31,1,0,0,0,1,1,3,0.02,,0,0,0.0,168,0,0,44,40,4,0,0,-5.76,7,100.0,0,21,0,272,1,0,0,31,2790,0,0,1,0,0,0,0.0,4,0,0,0,284,0,25,6.88,0,0,14,49,27,77,0,14,0.0,0.0,0,0,0,0,0,0,0.0,14,4,1,25.0,0,88,0,0,23,95.83,398,297,859,1156,213.4,0,1,1460,5,3,0,Bernd Leno,Fulham,103335,43,england,2526,20260326
37,0,0.0,33,127,39.69,99,146,245,55.94,3,75.0,1,12,0,0,0,0,108,0,0,0,0,24,12,4,0,0,0,1,1,0,0.05,,0,0,0.0,100,0,0,24,18,6,0,0,-5.3,2,100.0,0,7,0,193,0,0,0,12,1080,0,0,1,0,0,0,0.0,1,0,0,0,195,0,14,6.88,0,0,14,26,13,39,0,15,0.0,0.0,0,0,0,0,0,0,0.0,13,2,1,50.0,0,75,0,0,5,83.33,320,270,168,438,82.6,0,0,576,0,0,0,Sam Johnstone,Wolverhampton,98427,3,england,2526,20260326
6,0,0.0,13,4,30.77,28,36,64,77.11,7,77.78,2,6,0,0,0,0,14,0,0,0,1,16,6,0,0,1,4,13,0,0,0.04,0.03,2,0,0.0,0,0,0,1,1,0,0,0,,13,54.17,0,0,0,19,2,0,0,3,265,1,2,0,0,0,0,0.0,0,0,0,0,38,1,0,6.88,0,0,0,0,0,0,0,0,0.0,0.0,0,1,0,0,1,1,20.0,0,10,4,40.0,0,11,5,6,20,60.61,13,41,42,83,41.3,1,0,146,2,0,0,Nathan Patterson,Everton,1020141,48,england,2526,20260326
13,30,33.71,254,13,50.0,380,168,548,78.85,11,14.1,67,26,3,0,0,0,75,5,10,8,0,12,26,0,0,26,12,157,0,1,4.32,8.19,20,0,15.0,0,9,12,33,29,4,9,0,,63,41.18,1,0,1,147,7,40,5,26,2196,7,1,0,0,0,0,0.0,0,0,0,1,350,19,0,6.88,0,3,0,0,0,0,0,0,244.0,0.0,0,45,15,22,30,14,30.43,0,23,10,43.48,40,27,46,89,74,32.03,26,501,194,695,178.9,60,2,1149,26,4,0,Bryan Mbeumo,Manchester United,927083,35,england,2526,20260326
13,10,22.73,85,25,46.3,244,179,423,86.33,9,36.0,16,16,1,0,0,0,62,0,0,1,1,26,15,0,1,3,6,34,0,0,0.54,0.08,8,0,0.0,0,0,1,18,16,2,0,0,,33,64.71,0,0,0,67,24,11,0,8,892,0,6,0,0,0,0,0.0,0,0,0,0,118,5,0,6.88,1,0,0,0,0,0,0,0,0.0,0.0,0,0,3,2,0,3,75.0,0,25,16,64.0,11,28,4,44,42,55.26,54,300,190,490,103.2,3,0,674,5,1,0,Lewis Cook,Bournemouth,548188,60,england,2526,20260326
12,4,33.33,106,16,55.17,194,127,321,88.19,12,52.17,11,15,0,0,0,0,30,0,0,3,0,35,15,0,0,1,2,28,0,2,0.29,0.17,8,0,0.0,1,0,0,7,6,1,0,0,,31,64.58,0,0,0,43,8,3,0,7,653,0,2,0,1,0,0,0.0,0,0,0,0,69,2,0,6.88,0,0,0,0,0,0,0,0,0.0,0.0,0,1,3,1,0,6,50.0,0,16,9,56.25,2,24,12,12,43,60.56,29,221,143,364,103.2,4,0,540,9,3,0,Noussair Mazraoui,Manchester United,847030,35,england,2526,20260326
7,0,0.0,79,8,66.67,110,42,152,63.33,50,38.46,80,26,3,0,0,0,47,3,6,12,3,41,26,0,0,20,10,138,0,1,1.22,6.26,18,0,20.0,0,9,12,23,15,8,8,1,,54,48.21,2,0,1,88,4,16,1,15,1504,8,1,0,0,0,0,0.0,0,0,0,0,193,9,0,6.88,0,6,0,0,0,0,0,0,167.11,0.0,0,41,4,13,20,8,44.44,0,20,14,70.0,16,12,18,15,104,42.98,12,174,66,240,178.8,45,2,557,28,5,0,Richarlison,Tottenham Hotspur,840217,33,england,2526,20260326
34,12,22.64,244,29,44.62,375,110,485,76.02,6,40.0,9,26,5,0,0,0,68,4,6,18,2,12,26,0,0,35,16,100,0,1,2.68,4.82,13,0,11.36,0,5,10,14,11,3,3,2,,72,44.17,0,0,2,153,8,30,1,18,1685,4,2,0,0,0,0,0.0,0,0,0,0,302,8,0,6.87,0,4,0,0,0,0,0,0,337.0,0.0,0,33,11,15,11,17,37.78,0,25,16,64.0,30,67,45,53,78,43.82,65,505,133,638,178.7,44,1,1006,31,1,0,Leandro Trossard,Arsenal,135666,42,england,2526,20260326
36,5,16.67,503,34,54.84,792,234,1026,84.38,5,12.82,34,27,2,0,0,0,94,4,6,17,2,10,27,0,0,27,17,124,0,1,4.41,5.73,19,0,9.52,0,4,6,25,21,4,4,0,,83,47.98,0,0,1,190,9,51,1,23,2015,2,1,0,1,0,0,0.0,0,0,0,0,320,15,0,6.87,0,3,0,0,0,0,0,0,503.75,0.0,1,30,12,9,16,35,55.56,0,31,24,77.42,50,67,63,30,88,41.51,62,946,270,1216,185.4,42,3,1600,17,1,0,Florian Wirtz,Liverpool,1019322,44,england,2526,20260326
3,2,66.67,5,2,66.67,11,6,17,89.47,0,0.0,1,6,0,0,0,0,2,0,0,1,0,0,6,0,0,0,1,2,0,0,0.37,0.13,0,0,50.0,0,1,1,1,1,0,0,1,,1,50.0,0,0,0,2,0,1,0,0,62,0,0,0,0,0,0,0.0,0,0,0,0,5,1,0,6.87,0,1,0,0,0,0,0,0,62.0,0.0,0,0,2,0,1,0,0.0,0,0,0,0.0,1,4,0,3,1,33.33,3,13,6,19,41.2,2,0,28,1,0,0,Harrison Reed,Fulham,365802,43,england,2526,20260326
14,17,33.33,78,18,54.55,176,147,323,88.01,8,40.0,12,11,1,0,0,0,25,6,0,2,1,10,11,0,0,1,8,29,0,0,1.24,0.12,7,0,0.0,0,0,1,17,17,0,0,0,,15,46.88,0,0,0,44,10,17,0,8,737,0,5,0,0,0,0,0.0,0,0,0,0,88,3,0,6.86,0,0,0,0,0,0,0,0,0.0,0.0,1,0,2,0,0,0,0.0,0,8,4,50.0,17,26,1,51,23,44.23,33,214,153,367,75.5,2,0,489,7,1,0,James Ward-Prowse,Burnley,161717,6,england,2526,20260326
17,28,22.95,178,19,70.37,266,114,380,85.59,11,37.93,18,19,5,0,0,0,95,3,3,10,2,6,19,0,0,54,12,156,0,1,2.4,1.93,23,0,7.69,0,2,7,20,13,7,1,1,,96,41.03,0,0,1,64,3,25,2,19,1545,10,0,0,2,0,0,0.0,0,0,0,0,331,12,0,6.86,0,0,0,0,0,0,0,0,772.5,0.0,2,16,10,7,9,52,50.98,0,29,19,65.52,23,25,102,122,107,40.68,27,313,131,444,130.4,26,1,931,15,3,0,Mohammed Kudus,Tottenham Hotspur,905163,33,england,2526,20260326
8,0,0.0,96,7,33.33,164,105,269,75.77,28,39.44,43,21,3,0,0,0,55,4,4,6,2,19,21,0,0,17,6,92,0,0,1.45,3.0,21,0,19.05,0,4,7,9,7,2,4,0,,51,51.0,3,0,0,86,10,12,0,10,1007,3,2,0,0,0,0,0.0,0,0,0,0,133,8,0,6.86,0,1,0,0,0,0,0,0,251.75,0.0,0,17,4,7,8,5,41.67,0,26,13,50.0,12,21,12,4,79,46.2,21,237,118,355,144.1,21,1,539,20,1,0,Mikel Merino,Arsenal,592010,42,england,2526,20260326
15,12,20.34,191,25,58.14,323,205,528,79.16,11,35.48,20,30,1,0,0,0,119,5,2,12,2,24,30,0,0,34,25,143,0,3,2.56,3.96,20,0,15.22,0,7,8,46,44,2,7,0,,96,43.84,0,0,2,139,13,31,5,25,2131,7,7,0,0,0,1,0.0,0,0,0,1,354,20,0,6.86,0,2,0,0,0,0,0,0,304.43,0.0,0,32,14,16,18,27,38.03,0,34,18,52.94,31,25,71,59,107,42.8,43,419,248,667,205.8,46,1,1182,38,4,0,Jaidon Anthony,Burnley,1020680,6,england,2526,20260326
16,0,0.0,80,26,52.0,259,318,577,91.3,6,33.33,12,15,0,0,0,0,46,0,0,0,2,36,15,0,0,2,3,27,0,0,0.15,0.47,8,0,0.0,3,0,0,8,7,1,0,0,,30,66.67,0,0,0,55,21,2,0,9,889,0,2,0,0,0,0,0.0,0,0,0,0,75,1,0,6.86,0,0,0,0,0,0,0,0,0.0,0.0,0,2,0,2,0,4,66.67,0,21,15,71.43,2,27,6,0,36,57.14,50,290,342,632,102.9,2,0,783,5,2,0,Abdukodir Khusanov,Manchester City,1194333,17,england,2526,20260326
20,0,0.0,43,21,32.31,149,361,510,85.43,58,65.91,30,17,0,0,0,0,34,0,0,2,2,93,15,0,0,3,3,48,0,0,0.2,0.26,11,0,0.0,5,0,0,19,14,5,0,0,,28,60.87,0,0,1,87,12,0,0,11,947,0,8,0,0,0,0,0.0,0,0,0,0,141,0,0,6.86,0,0,0,0,0,0,0,0,0.0,0.0,0,4,0,1,1,0,0.0,0,19,8,42.11,0,46,1,5,86,64.18,65,205,392,597,102.9,4,1,829,9,4,0,Kevin Danso,Tottenham Hotspur,794953,33,england,2526,20260326
35,15,29.41,243,34,61.82,450,386,836,84.87,42,68.85,19,29,3,0,0,0,114,5,3,3,4,74,29,0,0,16,17,81,1,2,2.37,1.61,22,0,4.76,0,1,4,35,32,3,1,0,,67,51.94,0,0,0,149,25,27,0,25,2236,4,9,0,0,0,0,0.0,0,0,0,0,303,9,0,6.86,0,1,0,0,0,0,0,0,2236.0,0.0,0,13,8,12,6,16,69.57,0,40,26,65.0,27,60,23,51,109,57.37,55,552,433,985,198.9,21,2,1559,12,5,0,Diogo Dalot,Manchester United,843200,35,england,2526,20260326
30,16,25.4,172,30,55.56,312,180,492,82.0,9,39.13,14,24,2,0,0,0,73,4,3,5,2,13,24,0,0,41,14,110,0,0,2.13,2.58,25,0,20.0,0,4,6,22,19,3,1,3,,78,44.83,0,0,0,108,11,27,4,23,1735,0,5,0,0,0,0,0.0,0,0,0,0,252,17,0,6.86,0,0,0,0,0,0,0,0,433.75,0.0,0,9,11,7,8,10,38.46,0,27,15,55.56,27,69,26,63,87,44.16,54,396,204,600,164.6,20,1,946,41,3,0,John McGinn,Aston Villa,250223,40,england,2526,20260326
6,13,20.63,124,8,50.0,179,47,226,74.59,10,55.56,8,20,1,0,0,0,22,4,2,7,0,6,19,0,0,13,15,70,0,0,2.04,1.02,12,0,10.0,0,2,3,7,4,3,1,1,,50,44.64,1,0,0,77,4,17,1,12,908,2,1,0,0,0,0,0.0,0,0,0,0,198,7,0,6.86,0,0,0,0,0,0,0,0,454.0,0.0,0,19,1,6,7,24,52.17,0,16,9,56.25,17,13,46,63,60,46.15,16,249,54,303,130.3,20,2,552,10,0,0,Noni Madueke,Arsenal,966547,42,england,2526,20260326
35,8,21.05,146,44,62.86,417,523,940,90.21,4,23.53,13,28,0,0,0,0,162,1,0,7,1,44,28,0,0,23,26,107,1,4,0.77,0.44,33,0,9.09,0,1,1,39,34,5,0,1,,114,54.81,0,0,0,102,25,13,1,23,2136,0,8,0,0,0,0,0.0,0,0,0,0,191,7,0,6.86,0,0,0,0,0,0,0,0,2136.0,0.0,1,1,10,3,1,13,50.0,0,64,32,50.0,13,56,26,38,118,52.44,70,483,559,1042,192.0,11,1,1402,37,9,0,André,Wolverhampton,1035996,3,england,2526,20260326
4,2,15.38,75,6,35.29,109,61,170,82.93,9,42.86,12,7,1,0,0,0,18,2,0,0,2,17,7,0,0,1,5,24,0,0,0.48,0.44,5,0,0.0,0,0,1,4,3,1,0,0,,19,61.29,0,0,0,35,3,6,0,5,420,2,3,0,0,0,0,0.0,0,0,0,0,59,2,0,6.86,0,0,0,0,0,0,0,0,0.0,0.0,0,3,1,3,1,2,66.67,0,13,7,53.85,6,8,3,13,28,53.85,17,140,65,205,48.0,4,0,326,4,0,0,Ben White,Arsenal,846036,42,england,2526,20260326
20,11,26.19,126,24,57.14,257,240,497,89.39,7,53.85,6,16,0,0,0,0,48,2,2,3,0,8,16,0,0,3,6,32,0,1,1.39,0.49,12,0,10.0,0,1,1,13,9,4,1,0,,38,59.38,0,0,0,59,12,18,0,11,823,0,2,0,0,0,1,0.0,0,0,0,0,120,3,0,6.86,0,1,0,0,0,0,0,0,823.0,0.0,0,4,6,3,4,5,45.45,0,21,11,52.38,18,39,11,42,45,58.44,42,304,252,556,109.7,10,0,733,12,2,0,Douglas Luiz,Aston Villa,867887,40,england,2526,20260326
33,14,28.0,232,33,64.71,382,220,602,82.02,12,33.33,24,25,4,0,0,0,83,6,1,15,1,9,25,0,1,27,16,115,0,2,3.55,2.33,19,0,2.78,0,1,5,32,25,7,1,0,,98,51.85,0,0,1,132,15,31,0,17,1599,0,1,0,1,0,0,0.0,0,0,0,0,287,21,0,6.86,1,1,0,0,0,0,0,0,1599.0,0.0,3,14,22,12,9,26,43.33,0,33,20,60.61,30,52,60,50,110,48.89,51,482,252,734,171.4,36,2,1146,39,4,0,Xavi Simons,Tottenham Hotspur,997183,33,england,2526,20260326
61,15,29.41,452,51,62.96,826,662,1488,90.51,4,17.39,19,30,4,0,0,0,111,7,1,6,4,27,30,0,0,26,20,121,0,1,3.38,1.51,34,0,11.76,2,2,6,24,17,7,2,0,,67,39.64,0,0,1,156,16,35,2,26,2258,5,6,0,0,0,0,0.0,0,0,0,0,273,15,0,6.85,0,0,0,0,0,0,0,0,1129.0,0.0,0,16,1,6,5,16,40.0,0,32,14,43.75,35,89,40,51,71,36.98,81,941,703,1644,205.6,17,1,1985,19,9,0,Bernardo Silva,Manchester City,331209,17,england,2526,20260326
9,0,0.0,154,24,43.64,371,341,712,87.04,18,47.37,20,18,1,0,0,0,76,0,0,1,4,32,17,0,0,8,16,77,0,1,0.38,0.53,28,0,25.0,0,2,3,24,20,4,1,1,,54,48.65,0,0,0,106,28,3,0,18,1420,1,7,0,0,0,0,0.0,0,0,0,0,142,5,0,6.85,0,2,0,0,0,0,0,0,710.0,0.0,0,3,5,1,6,5,45.45,0,40,18,45.0,3,19,11,1,72,48.32,55,442,376,818,116.5,8,0,1050,12,7,0,Tyler Adams,Bournemouth,800419,60,england,2526,20260326
33,0,0.0,121,40,40.82,334,517,851,88.92,22,57.89,16,17,0,0,0,0,71,0,0,1,4,55,17,0,0,3,9,36,2,2,0.34,0.57,4,0,0.0,50,0,0,15,14,1,0,0,,29,59.18,0,0,0,106,11,1,0,15,1389,0,14,1,0,0,0,0.0,0,0,0,0,130,3,0,6.85,0,0,0,0,0,0,0,0,0.0,0.0,0,7,0,6,0,6,60.0,0,19,12,63.16,1,74,10,4,51,58.62,98,413,544,957,116.5,7,0,1113,4,0,0,Pau Torres,Aston Villa,864169,40,england,2526,20260326
8,3,14.29,161,18,50.0,292,265,557,85.43,40,58.82,28,22,2,0,0,0,64,0,1,9,3,48,21,0,0,7,8,72,0,1,0.49,2.9,25,0,3.57,0,1,3,8,6,2,1,0,,52,54.17,1,0,1,95,14,5,0,18,1455,2,2,0,0,0,0,0.0,0,0,0,0,175,4,0,6.85,0,0,0,0,0,0,0,0,1455.0,0.0,0,19,9,13,6,13,72.22,0,31,18,58.06,5,15,18,21,92,56.1,36,347,305,652,143.9,28,1,1010,9,5,0,Riccardo Calafiori,Arsenal,957602,42,england,2526,20260326
13,10,27.03,251,11,52.38,446,214,660,88.83,3,37.5,5,26,2,0,0,0,54,4,4,10,2,19,26,0,0,16,6,68,0,1,2.26,3.99,18,0,12.2,0,5,7,16,13,3,5,0,,44,41.12,0,0,1,83,10,18,3,17,1503,4,1,0,1,0,0,0.0,0,0,0,0,184,13,0,6.85,0,2,0,0,0,0,0,0,300.6,0.0,2,27,14,16,15,19,44.19,0,10,4,40.0,17,29,43,37,47,40.87,21,514,229,743,178.1,41,1,1018,15,2,0,Tijjani Reijnders,Manchester City,893549,17,england,2526,20260326
20,1,5.56,124,19,59.38,188,68,256,79.26,5,27.78,13,18,0,0,0,0,43,1,1,6,0,4,16,0,0,11,10,54,0,0,1.4,1.49,12,0,16.67,0,3,3,14,12,2,2,1,,28,40.58,0,0,1,67,3,13,0,10,820,0,0,0,0,0,0,0.0,0,0,0,1,117,9,0,6.85,0,3,0,0,0,0,0,0,273.33,0.0,1,12,6,7,5,5,38.46,0,14,8,57.14,13,29,13,18,33,37.93,32,235,88,323,109.6,18,0,453,9,0,0,Mason Mount,Manchester United,836694,35,england,2526,20260326
11,6,19.35,128,24,52.17,258,252,510,82.93,13,52.0,12,20,0,0,0,0,82,3,1,5,1,19,20,0,0,14,19,79,0,2,2.07,1.39,26,0,0.0,0,0,0,17,16,1,0,0,,79,54.11,0,0,0,105,9,14,0,17,1488,1,1,0,0,0,0,0.0,0,0,0,1,186,10,0,6.85,0,0,0,0,0,0,0,0,0.0,0.0,0,9,7,7,4,11,55.0,0,49,29,59.18,14,26,20,31,92,53.8,46,336,279,615,137.0,16,0,871,20,2,0,Daichi Kamada,Crystal Palace,794338,7,england,2526,20260326
31,4,28.57,74,50,42.74,197,350,547,83.0,26,63.41,15,14,0,0,0,0,66,0,0,3,0,65,14,0,1,5,7,38,2,0,0.4,0.56,10,0,0.0,1,0,0,27,22,5,0,0,,41,64.06,0,0,0,112,13,4,0,12,1101,0,15,0,0,0,0,0.0,0,0,0,0,147,1,0,6.85,1,0,0,0,0,0,0,0,0.0,0.0,1,6,4,4,3,4,80.0,0,32,20,62.5,4,75,5,14,67,63.81,117,283,376,659,95.9,10,1,872,5,1,0,Emmanuel Agbadou,Wolverhampton,1013842,3,england,2526,20260326
22,3,25.0,259,50,62.5,648,740,1388,89.66,47,61.84,29,31,1,0,0,0,119,3,2,5,3,47,31,0,0,16,10,97,1,1,1.17,1.29,31,0,0.0,0,0,1,42,38,4,0,0,,70,50.72,0,0,0,160,20,16,0,30,2596,0,15,1,0,0,1,0.0,0,0,0,0,226,6,0,6.85,0,0,0,0,0,0,0,0,0.0,0.0,0,6,4,2,3,8,42.11,0,51,36,70.59,16,37,19,12,117,54.67,80,749,799,1548,212.3,10,1,1855,11,5,0,Sander Berge,Fulham,793167,43,england,2526,20260326
12,12,13.79,316,22,62.86,456,110,566,89.27,3,25.0,9,29,3,0,0,0,66,5,1,8,2,12,29,0,0,22,9,77,0,1,2.68,2.72,11,0,10.71,0,3,6,25,20,5,2,1,,55,44.72,0,0,1,68,8,39,0,20,1759,3,2,0,0,0,0,0.0,0,0,0,0,240,8,0,6.85,0,3,0,0,0,0,0,0,586.33,0.0,1,16,12,10,10,30,51.72,0,13,6,46.15,39,24,58,87,58,42.96,35,510,124,634,198.6,28,1,969,12,0,0,Callum Hudson-Odoi,Nottingham Forest,867442,14,england,2526,20260326
14,25,24.51,149,10,41.67,236,79,315,66.74,14,35.9,25,27,4,0,0,0,79,8,3,12,1,13,27,0,0,27,17,138,0,1,3.95,3.15,22,0,5.71,0,2,6,27,22,5,2,0,,114,50.22,0,0,0,157,13,37,1,20,1837,10,0,0,2,0,0,0.0,0,0,0,1,389,14,0,6.85,0,1,0,0,0,0,0,0,918.5,0.0,0,29,6,13,10,56,54.37,0,39,27,69.23,35,33,103,102,128,48.12,24,368,104,472,184.9,35,0,989,19,2,0,Yankuba Minteh,Brighton & Hove Albion,1400106,30,england,2526,20260326
6,24,48.0,71,13,43.33,164,189,353,85.47,8,44.44,10,17,2,0,0,0,38,6,0,3,1,10,15,0,0,10,21,55,0,0,1.51,0.85,10,0,7.69,0,1,3,19,15,4,1,0,,55,55.0,0,0,1,60,10,22,0,10,957,1,5,0,0,0,0,0.0,0,0,0,0,110,5,0,6.85,0,1,0,0,0,0,0,0,957.0,0.0,1,6,7,8,2,1,16.67,0,37,22,59.46,22,17,6,50,63,53.39,30,205,208,413,102.7,13,1,612,17,2,0,Sean Longstaff,Leeds United,866191,34,england,2526,20260326
47,0,0.0,32,157,31.21,97,621,718,67.04,12,92.31,1,31,0,0,0,0,247,0,0,0,7,37,31,0,0,0,1,2,2,1,0.06,,0,0,0.0,130,0,0,50,39,11,0,0,-5.22,4,80.0,0,21,0,353,0,1,0,31,2790,0,0,0,0,0,0,0.0,2,0,0,0,361,0,19,6.85,0,0,27,62,21,83,2,23,0.0,0.0,0,0,0,0,0,0,0.0,27,1,1,100.0,1,86,0,0,16,88.89,503,382,689,1071,212.2,0,1,1365,3,1,0,Guglielmo Vicario,Tottenham Hotspur,553606,33,england,2526,20260326
16,0,0.0,190,19,55.88,277,176,453,81.04,20,38.46,32,29,2,0,0,0,92,2,2,13,0,17,29,0,0,30,18,130,0,1,1.94,2.92,34,1,12.5,0,5,7,19,18,1,2,3,,79,44.63,0,0,1,106,9,23,1,18,1475,1,3,0,0,0,0,0.0,0,0,0,0,193,13,0,6.84,0,4,0,0,0,0,0,0,295.0,25.0,4,15,25,18,9,8,29.63,0,38,20,52.63,23,27,27,8,99,43.23,34,358,201,559,198.5,40,3,879,33,6,0,Emiliano Buendía,Aston Villa,783126,40,england,2526,20260326
11,11,14.86,94,11,36.67,160,64,224,61.04,45,52.94,40,25,3,0,0,0,71,10,9,11,0,43,25,0,0,23,14,143,0,0,3.34,5.32,21,0,13.89,0,5,8,26,24,2,5,0,,66,39.05,0,0,0,143,20,20,5,19,1718,7,0,0,0,0,0,0.0,0,0,0,4,334,7,0,6.84,0,0,0,0,0,0,0,0,343.6,0.0,0,30,6,13,12,17,26.98,0,18,10,55.56,20,24,63,74,111,43.7,30,272,95,367,171.1,36,2,805,31,4,0,Dango Ouattara,Brentford,1106451,50,england,2526,20260326
18,5,18.52,67,22,39.29,146,213,359,76.06,28,50.91,27,22,1,0,0,0,50,4,1,5,4,59,21,0,0,7,9,62,0,1,0.97,0.87,9,0,5.88,0,1,2,18,17,1,1,0,,53,60.23,0,0,1,113,20,10,1,14,1286,2,7,0,0,0,0,0.0,0,0,0,0,191,0,0,6.84,0,0,0,0,0,0,0,0,1286.0,0.0,0,12,5,8,4,2,16.67,0,31,22,70.97,10,47,12,27,81,56.64,56,230,242,472,143.7,17,1,818,21,2,0,James Justin,Leeds United,827681,34,england,2526,20260326
4,2,10.0,54,2,25.0,94,43,137,78.29,6,37.5,10,15,0,0,0,0,21,0,0,1,0,12,15,0,0,4,4,34,0,0,0.33,1.7,4,0,21.43,0,3,3,11,8,3,3,0,,27,52.94,0,0,0,38,6,3,0,6,620,3,2,0,0,0,0,0.0,0,0,0,0,102,5,0,6.84,0,3,0,0,0,0,0,0,206.67,0.0,0,13,1,7,6,3,20.0,0,17,13,76.47,3,6,15,20,33,49.25,8,119,56,175,102.6,14,0,335,7,0,0,Rodrigo Gomes,Wolverhampton,1006073,3,england,2526,20260326
32,3,6.82,322,34,61.82,452,218,670,75.79,24,31.58,52,31,5,0,0,0,114,10,3,21,7,27,31,0,0,66,19,241,0,2,3.47,5.8,38,1,11.11,0,8,13,37,33,4,5,3,,106,35.93,0,0,2,214,11,40,1,31,2757,3,3,0,0,0,1,0.0,0,0,0,0,513,20,0,6.84,0,7,0,0,0,0,0,0,344.63,25.0,4,41,31,21,30,34,33.66,0,32,18,56.25,40,58,101,44,130,35.04,55,618,266,884,212.0,72,3,1504,40,6,0,Morgan Rogers,Aston Villa,948261,40,england,2526,20260326
10,9,28.13,247,10,24.39,564,365,929,86.58,38,54.29,32,28,3,0,0,0,83,5,5,9,8,56,28,0,0,27,20,141,0,1,1.73,4.04,33,0,12.9,0,4,7,20,16,4,4,0,,94,46.31,1,0,0,144,17,18,3,23,2134,1,7,0,0,0,0,0.0,0,0,0,0,295,6,0,6.84,0,0,0,0,0,0,0,0,533.5,0.0,0,24,7,12,10,20,40.82,0,61,32,52.46,18,23,49,32,132,48.35,41,658,415,1073,191.4,31,2,1654,13,4,0,Nico O'Reilly,Manchester City,1142703,17,england,2526,20260326
2,8,14.29,181,12,100.0,261,100,361,88.48,3,21.43,11,20,4,0,0,0,39,6,7,6,1,5,20,0,0,7,8,54,0,0,3.59,3.11,8,0,3.57,0,1,5,16,15,1,1,0,,43,50.0,0,0,2,47,4,26,1,14,1132,1,0,0,0,0,0,0.0,0,0,0,0,165,9,0,6.84,0,0,0,0,0,0,0,0,1132.0,0.0,0,20,8,15,7,11,35.48,0,13,10,76.92,26,4,31,56,46,46.0,12,300,108,408,136.7,28,1,639,19,2,0,Alejandro Garnacho,Chelsea,1135873,38,england,2526,20260326
34,13,20.0,195,30,49.18,305,193,498,73.02,19,35.19,35,27,1,0,0,0,81,10,5,18,1,17,27,0,0,28,27,132,0,0,4.77,3.94,25,0,5.26,0,2,3,20,17,3,1,1,,67,40.85,0,0,2,184,7,38,0,21,1739,8,1,0,0,0,0,0.0,0,0,0,0,323,15,0,6.83,0,2,0,0,0,0,0,0,869.5,0.0,4,21,17,10,10,16,43.24,0,30,17,56.67,38,76,37,65,86,39.45,61,454,228,682,184.5,38,1,1033,21,4,0,Yéremy Pino,Crystal Palace,984624,7,england,2526,20260326
29,0,0.0,56,38,45.24,164,460,624,85.36,50,54.35,42,18,1,0,0,0,49,1,1,3,3,101,18,0,0,0,3,59,0,1,0.65,0.79,15,0,8.33,17,1,2,21,21,0,1,0,,32,65.31,1,0,1,107,22,4,0,14,1329,0,6,0,0,0,1,0.0,0,0,0,0,117,1,0,6.83,0,0,0,0,0,0,0,0,1329.0,0.0,0,12,0,3,6,2,100.0,0,21,12,57.14,4,60,2,1,82,58.16,84,244,487,731,123.0,12,0,943,9,3,0,Jaka Bijol,Leeds United,886930,34,england,2526,20260326
91,40,21.86,295,104,42.98,486,361,847,73.78,17,47.22,19,27,2,0,0,0,107,6,0,7,7,79,27,0,0,7,34,103,0,5,3.13,0.59,26,0,0.0,0,0,2,33,23,10,0,0,,85,50.3,0,0,0,301,18,39,0,25,2168,1,9,0,2,0,0,0.0,0,0,0,0,523,7,0,6.83,0,0,0,0,0,0,0,0,0.0,0.0,4,7,13,11,2,13,43.33,0,51,34,66.67,37,198,30,183,102,49.76,242,700,448,1148,184.5,20,0,1877,21,6,0,Pedro Porro,Tottenham Hotspur,913654,33,england,2526,20260326
21,0,0.0,35,122,34.96,95,261,356,60.44,15,93.75,1,19,0,0,0,0,172,0,0,0,4,40,19,0,0,0,0,1,1,1,0.07,,0,0,0.0,142,0,0,30,27,3,0,0,-3.04,4,100.0,0,23,0,233,0,1,0,19,1710,0,0,0,0,0,0,0.0,2,0,0,0,236,0,26,6.83,0,0,15,36,14,50,0,6,0.0,0.0,0,0,0,0,0,0,0.0,14,0,0,0.0,1,42,0,0,19,95.0,349,295,294,589,129.8,0,1,802,6,2,0,José Sá,Wolverhampton,252669,3,england,2526,20260326
5,15,30.0,83,6,26.09,147,80,227,78.28,7,25.93,20,20,1,0,0,0,52,2,0,5,3,21,20,0,0,28,12,115,0,1,1.66,1.36,21,0,6.67,0,2,3,20,19,1,0,2,,72,43.11,0,0,1,63,4,15,0,14,1291,1,1,0,1,0,0,0.0,0,0,0,2,218,7,0,6.83,0,2,0,0,0,0,0,0,645.5,0.0,2,8,22,13,12,19,34.55,0,17,8,47.06,14,14,55,50,79,40.72,23,191,99,290,136.6,30,1,641,36,0,0,Mateus Mané,Wolverhampton,1899647,3,england,2526,20260326
16,6,18.75,85,19,79.17,132,58,190,75.7,12,41.38,17,24,0,0,0,0,46,2,3,9,0,11,24,0,0,20,11,106,0,0,0.97,4.22,16,0,14.81,0,4,4,24,21,3,4,0,,66,42.58,0,0,0,61,10,14,2,15,1303,0,0,0,0,0,0,0.0,0,0,0,0,214,7,0,6.83,0,2,0,0,0,0,0,0,325.75,0.0,0,20,7,8,10,33,43.42,0,20,13,65.0,14,23,76,32,78,42.39,24,181,70,251,163.9,27,1,560,13,3,0,Noah Okafor,Leeds United,865523,34,england,2526,20260326
7,5,38.46,100,14,63.64,174,141,315,82.46,12,40.0,18,20,0,0,0,0,42,1,1,7,0,12,18,0,0,4,19,57,0,1,0.44,1.15,11,0,6.25,0,1,1,18,16,2,1,0,,54,58.06,1,0,0,67,4,9,0,14,942,0,4,0,0,0,0,0.0,0,0,0,0,96,8,0,6.83,0,0,0,0,0,0,0,0,942.0,0.0,0,6,10,4,5,5,45.45,0,41,22,53.66,9,17,11,13,66,53.66,22,218,164,382,122.9,16,0,531,8,2,0,Nicolás Domínguez,Nottingham Forest,871765,14,england,2526,20260326
17,0,0.0,16,50,27.03,38,195,233,62.97,7,100.0,0,11,0,0,0,0,105,0,0,0,4,15,11,0,0,0,0,0,2,0,0.02,,0,0,0.0,41,0,0,20,19,1,0,0,-3.03,0,0.0,0,14,0,137,0,0,0,11,990,0,0,0,0,0,0,0.0,0,0,0,0,139,0,10,6.83,0,0,5,23,13,37,1,7,0.0,0.0,0,0,0,0,0,0,0.0,5,0,0,0.0,0,26,0,0,7,100.0,185,155,215,370,75.1,0,1,504,1,0,0,Mads Hermansen,West Ham United,856640,37,england,2526,20260326
13,2,22.22,185,19,63.33,352,258,610,82.77,57,58.76,40,24,1,0,0,0,101,3,1,9,3,38,24,0,0,23,18,123,0,2,1.15,2.13,38,0,7.14,0,2,3,24,20,4,2,0,,75,47.47,1,0,1,127,25,15,1,20,1689,1,3,0,0,0,0,0.0,0,0,0,0,193,9,0,6.83,0,0,0,0,0,0,0,0,844.5,0.0,0,21,7,9,10,11,55.0,0,37,19,51.35,15,18,20,9,132,51.76,30,437,300,737,163.8,28,1,1051,27,9,0,Joelinton,Newcastle United,560128,39,england,2526,20260326
8,2,16.67,69,11,31.43,134,131,265,79.1,18,64.29,10,19,0,0,0,0,34,0,0,1,1,39,17,0,0,2,7,30,0,0,0.13,0.95,9,0,33.33,0,1,1,12,11,1,1,0,,50,71.43,0,0,0,70,17,4,1,8,859,2,5,0,0,0,0,0.0,0,0,0,0,124,4,0,6.82,0,0,0,0,0,0,0,0,859.0,0.0,0,3,0,1,1,2,50.0,0,29,17,58.62,4,20,4,12,68,69.39,35,181,154,335,116.0,3,0,602,19,4,0,Joël Veltman,Brighton & Hove Albion,219572,30,england,2526,20260326
18,4,22.22,237,18,45.0,487,344,831,87.2,13,61.9,8,22,2,0,0,0,103,1,0,10,4,18,22,0,1,8,16,62,0,2,1.03,1.5,18,0,7.69,0,2,4,22,20,2,2,0,,75,58.14,0,0,2,122,27,12,0,22,1851,0,7,0,0,0,0,0.0,0,0,0,0,181,4,0,6.82,1,2,0,0,0,0,0,0,925.5,0.0,0,8,18,10,6,6,31.58,0,42,19,45.24,12,32,19,18,88,58.67,40,569,384,953,150.1,26,0,1222,27,1,0,Idrissa Gueye,Everton,106337,48,england,2526,20260326
9,5,29.41,125,6,40.0,209,91,300,67.87,71,51.08,68,28,3,0,0,1,78,7,11,8,4,26,28,0,1,40,9,195,0,0,1.88,9.95,39,0,15.56,0,7,10,26,23,3,7,0,,87,40.65,2,0,3,142,18,25,1,26,2217,9,3,0,1,1,0,0.0,0,0,0,1,319,9,0,6.82,1,4,0,0,0,0,0,0,316.71,0.0,0,44,1,16,21,18,30.0,0,33,18,54.55,24,21,60,17,158,44.76,15,321,121,442,191.0,45,1,902,36,6,0,Kevin Schade,Brentford,1006387,50,england,2526,20260326
64,16,35.56,189,69,37.5,387,456,843,77.7,11,37.93,18,29,3,0,0,0,94,8,0,2,3,34,29,0,0,6,8,50,0,0,2.39,0.33,13,0,16.67,0,1,4,26,23,3,1,0,,34,51.52,0,0,0,242,17,18,0,21,1831,1,7,0,0,0,0,0.0,0,0,0,0,301,6,0,6.82,0,1,0,0,0,0,0,0,1831.0,0.0,0,2,4,3,1,3,37.5,0,26,12,46.15,18,160,8,45,45,47.37,184,581,504,1085,197.8,6,0,1303,7,4,0,Jordan Henderson,Brentford,42694,50,england,2526,20260326
21,6,17.65,93,26,47.27,247,190,437,83.56,20,60.61,13,20,1,0,0,0,38,2,0,2,0,31,20,0,0,5,7,45,0,0,1.06,0.21,15,0,0.0,0,0,1,24,20,4,0,0,,43,57.33,0,0,0,86,16,8,0,12,1144,0,3,0,0,0,0,0.0,0,0,0,0,136,0,0,6.82,0,0,0,0,0,0,0,0,0.0,0.0,0,3,0,0,1,2,25.0,0,27,17,62.96,8,45,8,34,63,58.33,55,303,220,523,136.4,3,0,715,14,1,0,Freddie Potts,West Ham United,1089582,37,england,2526,20260326
21,21,22.11,299,38,45.24,520,392,912,85.23,24,46.15,28,30,0,0,0,0,110,0,2,6,7,63,30,0,0,16,28,93,0,0,2.43,1.55,15,0,0.0,0,0,0,32,27,5,0,0,,94,59.12,0,0,2,158,19,17,0,27,2504,6,7,0,1,0,0,0.0,0,0,0,0,325,8,0,6.82,0,0,0,0,0,0,0,0,0.0,0.0,0,9,12,6,9,11,55.0,0,51,35,68.63,16,47,20,95,118,55.92,84,624,446,1070,204.6,21,1,1633,33,6,0,Ferdi Kadıoğlu,Brighton & Hove Albion,825844,30,england,2526,20260326
17,6,18.75,112,30,57.69,230,207,437,86.36,20,62.5,12,15,0,0,0,0,68,0,0,3,5,61,15,0,0,13,10,65,0,2,0.69,0.36,13,0,0.0,0,0,0,17,15,2,0,0,,45,45.92,0,0,1,69,23,8,0,15,1321,0,3,0,1,0,0,0.0,0,0,0,0,184,2,0,6.82,0,0,0,0,0,0,0,0,0.0,0.0,0,4,7,7,1,13,41.94,0,23,17,73.91,7,35,31,32,65,50.0,52,277,229,506,102.3,11,0,902,10,3,0,Ola Aina,Nottingham Forest,800417,14,england,2526,20260326
19,14,22.95,133,23,43.4,223,211,434,79.34,12,60.0,8,15,0,0,0,0,63,1,0,1,3,41,15,0,0,6,16,47,0,1,1.29,0.22,10,0,0.0,0,0,0,12,12,0,0,0,,44,53.01,0,0,0,113,16,17,0,12,1045,2,3,0,0,0,0,0.0,0,0,0,0,220,1,0,6.82,0,0,0,0,0,0,0,0,0.0,0.0,0,1,1,1,0,7,46.67,0,32,17,53.13,17,38,15,61,56,54.37,53,284,263,547,102.3,2,1,902,5,3,0,Antonee Robinson,Fulham,803174,43,england,2526,20260326
13,1,14.29,146,20,60.61,278,234,512,84.91,26,40.63,38,22,3,0,0,0,74,2,1,7,3,46,22,0,0,16,9,95,0,2,1.06,1.54,26,0,12.5,0,2,5,22,20,2,2,0,,57,50.0,2,0,0,91,17,8,0,13,1330,3,10,0,0,0,0,0.0,0,0,0,0,142,5,0,6.82,0,0,0,0,0,0,0,0,665.0,0.0,0,8,8,3,6,11,57.89,0,33,21,63.64,8,22,19,7,83,46.63,33,339,264,603,150.0,16,1,860,13,2,0,Pape Matar Sarr,Tottenham Hotspur,1002711,33,england,2526,20260326
17,1,14.29,369,37,67.27,693,365,1058,92.0,7,26.92,19,27,1,0,0,0,95,3,3,5,1,17,27,0,0,21,17,74,0,4,2.37,2.07,10,0,0.0,0,0,1,26,23,3,0,0,,64,53.78,0,0,2,92,8,18,0,11,1368,0,4,0,0,0,0,0.0,0,0,0,0,158,7,0,6.81,0,0,0,0,0,0,0,0,0.0,0.0,0,12,8,9,6,16,69.57,0,28,17,60.71,18,33,23,7,71,48.97,55,762,388,1150,184.0,20,0,1387,20,1,0,Curtis Jones,Liverpool,927353,44,england,2526,20260326
7,5,31.25,105,4,50.0,154,55,209,81.01,3,21.43,11,20,2,0,0,0,34,4,2,11,0,5,19,0,0,16,10,85,0,0,2.19,2.83,11,0,7.69,0,2,4,9,7,2,2,0,,47,38.84,0,0,1,49,4,15,1,10,769,4,0,0,0,0,0,0.0,0,0,0,1,141,5,0,6.81,0,1,0,0,0,0,0,0,384.5,0.0,0,21,5,8,7,29,43.28,0,11,5,45.45,15,13,67,16,50,37.04,8,194,64,258,129.4,26,0,465,7,3,0,Estêvão,Chelsea,1597265,38,england,2526,20260326
11,3,75.0,80,5,26.32,165,169,334,89.3,13,68.42,6,14,0,0,0,0,12,2,1,1,2,25,11,0,0,0,2,11,0,1,0.44,0.28,2,0,0.0,11,0,0,7,6,1,0,0,,14,73.68,0,0,0,40,4,6,0,4,503,1,0,0,0,0,0,0.0,0,0,0,0,51,1,0,6.81,0,0,0,0,0,0,0,0,0.0,0.0,0,3,0,2,0,0,0.0,0,8,5,62.5,6,17,1,4,27,71.05,19,191,183,374,74.9,3,1,461,6,1,0,Nathan Aké,Manchester City,149663,17,england,2526,20260326
25,5,21.74,129,38,60.32,325,428,753,86.55,8,34.78,15,24,2,0,0,0,112,2,0,10,5,21,24,0,0,17,23,102,0,4,1.11,2.62,20,0,7.5,0,3,5,21,15,6,2,1,,81,48.21,0,0,1,117,23,14,0,18,1739,0,3,0,1,0,0,0.0,0,0,0,0,215,13,0,6.81,0,3,0,0,0,0,0,0,579.67,0.0,2,15,25,20,10,14,33.33,0,43,22,51.16,13,45,42,23,89,46.6,63,402,468,870,163.4,40,1,1194,24,1,0,Yasin Ayari,Brighton & Hove Albion,1036269,30,england,2526,20260326
49,0,0.0,20,103,39.92,56,569,625,79.62,6,85.71,1,25,0,0,0,0,221,0,0,0,8,37,25,0,0,0,1,3,0,3,0.04,,1,0,0.0,56,0,0,30,26,4,0,0,-2.55,5,71.43,0,16,0,160,0,0,0,25,2250,0,0,0,0,0,1,0.0,2,0,0,0,167,0,21,6.81,0,0,14,33,20,56,0,9,0.0,0.0,0,0,0,0,0,0,0.0,14,0,0,0.0,0,86,0,0,11,78.57,258,172,613,785,170.2,0,0,1029,7,1,0,Alisson,Liverpool,243609,44,england,2526,20260326
38,0,0.0,114,71,42.26,342,765,1107,86.69,76,67.86,36,31,0,0,0,0,87,1,2,2,8,179,31,0,0,2,10,60,0,1,0.49,0.82,13,0,0.0,3,0,0,43,34,9,0,0,,41,63.08,0,0,0,170,26,1,0,31,2790,1,29,1,0,0,0,0.0,0,0,0,0,185,0,0,6.81,0,0,0,0,0,0,0,0,0.0,0.0,0,12,3,12,1,1,100.0,0,22,13,59.09,1,80,1,2,117,66.1,168,462,815,1277,211.0,15,1,1638,18,6,0,Nikola Milenković,Nottingham Forest,836168,14,england,2526,20260326
12,2,28.57,95,23,46.94,224,294,518,85.06,10,47.62,11,25,0,0,0,0,60,1,1,4,2,43,25,0,0,3,12,44,0,2,0.73,0.87,14,0,0.0,1,0,0,21,19,2,0,0,,45,57.69,0,0,0,91,16,7,0,14,1432,1,8,0,0,0,0,0.0,0,0,0,0,131,5,0,6.8,0,0,0,0,0,0,0,0,0.0,0.0,0,3,5,2,2,6,60.0,0,34,19,55.88,7,24,10,7,55,55.56,49,278,331,609,170.1,8,0,833,5,1,0,Lutsharel Geertruida,Sunderland,856739,41,england,2526,20260326
26,16,16.0,275,13,41.94,387,89,476,75.2,8,33.33,16,22,6,0,0,0,67,10,10,20,4,6,22,0,0,37,5,109,0,0,4.35,6.82,10,0,8.77,0,5,11,32,26,6,5,0,,38,29.01,0,0,0,157,4,44,2,19,1820,12,1,0,0,1,0,100.0,0,1,0,0,387,18,0,6.8,0,3,0,0,0,0,0,0,364.0,0.0,2,47,10,23,14,12,22.64,0,10,8,80.0,44,57,53,100,46,29.68,31,526,107,633,149.6,57,0,1056,16,1,0,Mohamed Salah,Liverpool,159665,44,england,2526,20260326
19,20,27.03,219,25,54.35,403,297,700,81.59,16,25.81,46,29,4,0,0,1,118,5,1,8,6,31,29,0,0,23,30,151,1,3,3.39,4.54,26,0,16.67,0,4,8,31,26,5,4,0,,105,50.0,0,0,1,158,23,36,0,26,2315,3,11,0,0,4,0,75.0,0,3,0,0,332,14,0,6.8,0,4,0,0,0,0,0,0,578.75,0.0,3,12,12,10,6,10,27.78,0,69,44,63.77,36,40,36,74,121,44.49,46,523,335,858,197.2,24,0,1353,26,5,0,Enzo Le Fée,Sunderland,984014,41,england,2526,20260326
35,1,100.0,100,79,39.11,328,843,1171,82.93,74,57.36,55,28,2,0,0,0,108,4,3,2,7,167,28,0,0,9,5,87,1,2,1.21,1.65,16,0,7.14,37,1,3,34,31,3,1,0,,42,56.76,1,0,0,241,27,9,0,25,2342,2,35,1,0,0,1,0.0,0,0,0,1,272,1,0,6.8,0,0,0,0,0,0,0,0,2342.0,0.0,0,14,0,6,6,3,50.0,0,24,11,45.83,9,87,6,1,116,57.14,202,501,911,1412,190.4,14,1,1797,15,5,0,Nathan Collins,Brentford,958916,50,england,2526,20260326
13,1,50.0,47,28,37.33,196,359,555,86.45,47,78.33,13,18,1,0,0,0,45,1,1,2,3,71,18,0,1,2,2,30,1,0,0.21,0.81,13,0,10.0,16,1,2,14,13,1,1,0,,26,60.47,1,0,1,87,9,2,0,14,1217,0,7,0,0,0,2,0.0,0,0,0,0,93,2,0,6.8,1,0,0,0,0,0,0,0,1217.0,0.0,0,10,0,6,2,0,0.0,0,12,9,75.0,2,32,1,2,73,70.87,75,257,385,642,122.4,10,0,789,14,3,0,Harry Maguire,Manchester United,149380,35,england,2526,20260326
1,4,57.14,17,1,33.33,27,25,52,86.67,1,16.67,5,4,0,0,0,0,2,0,1,0,0,2,3,0,0,1,3,12,0,0,0.17,1.2,2,0,25.0,0,1,1,2,1,1,1,0,,5,41.67,0,0,0,8,0,4,1,2,187,1,1,0,0,1,0,100.0,0,1,0,0,21,1,0,6.8,0,0,0,0,0,0,0,0,187.0,0.0,0,3,1,2,2,0,0.0,0,4,2,50.0,4,2,1,7,6,33.33,3,32,28,60,20.4,4,0,96,1,0,0,Matt O'Riley,Brighton & Hove Albion,891829,30,england,2526,20260326
14,0,0.0,21,127,30.68,95,157,252,46.67,5,71.43,2,20,1,0,0,0,142,0,0,0,0,29,20,0,0,0,0,3,2,1,0.03,,1,0,0.0,164,0,1,37,34,3,0,0,-1.4,1,50.0,0,15,0,288,1,1,0,20,1800,0,0,0,0,0,1,0.0,6,0,0,0,294,0,21,6.8,0,0,0,51,21,77,0,19,0.0,0.0,0,0,0,0,0,0,0.0,0,0,0,0.0,1,29,0,0,6,66.67,414,349,191,540,136.0,0,1,762,1,0,0,Alphonse Aréola,West Ham United,96531,37,england,2526,20260326
36,0,0.0,151,59,45.04,443,926,1369,87.98,94,55.62,75,28,1,0,0,0,101,1,4,7,5,178,28,0,0,6,13,115,0,0,0.74,2.54,21,0,0.0,48,0,1,40,35,5,0,0,,50,55.56,0,0,0,187,27,11,0,27,2431,5,16,0,0,0,0,0.0,0,0,0,0,220,1,0,6.8,0,0,0,0,0,0,0,0,0.0,0.0,0,24,1,14,4,2,50.0,0,30,19,63.33,11,88,4,2,144,55.6,131,564,992,1556,190.4,25,0,1936,19,4,0,Pascal Struijk,Leeds United,836675,34,england,2526,20260326
9,0,0.0,26,12,60.0,88,245,333,90.74,17,62.96,10,14,1,0,0,0,33,1,1,1,1,52,12,0,0,1,4,21,0,0,0.17,0.35,5,0,0.0,5,0,1,12,10,2,0,0,,24,68.57,0,0,0,34,1,2,0,8,668,0,6,1,0,0,0,0.0,0,0,0,0,39,1,0,6.8,0,0,0,0,0,0,0,0,0.0,0.0,0,3,0,2,0,3,75.0,0,16,9,56.25,2,15,4,1,41,66.13,20,111,256,367,81.6,3,0,471,5,2,0,Ayden Heaven,Manchester United,1445799,35,england,2526,20260326
6,0,0.0,19,8,30.77,47,113,160,84.21,11,40.74,16,7,0,0,0,0,13,0,1,0,1,25,5,0,0,1,2,19,0,0,0.2,0.15,0,0,0.0,0,0,0,6,3,3,0,0,,6,66.67,0,0,0,30,4,1,0,4,375,0,5,0,0,0,0,0.0,0,0,0,0,34,0,0,6.8,0,0,0,0,0,0,0,0,0.0,0.0,0,1,0,1,0,1,100.0,0,5,4,80.0,1,17,1,0,17,47.22,26,70,120,190,34.0,1,0,248,0,0,0,Veljko Milosavljević,Bournemouth,1406130,60,england,2526,20260326
33,9,34.62,226,33,58.93,530,509,1039,85.94,23,51.11,22,29,1,0,0,0,164,2,0,4,2,37,29,0,0,40,40,179,0,1,1.83,1.15,56,0,6.25,0,1,2,43,37,6,1,0,,161,50.63,0,0,0,170,31,14,0,26,2309,0,5,0,0,0,0,0.0,0,0,0,0,293,9,0,6.8,0,1,0,0,0,0,0,0,2309.0,0.0,2,8,8,6,6,37,63.79,0,85,55,64.71,14,62,58,26,184,50.69,56,649,560,1209,197.1,16,1,1692,39,9,0,João Gomes,Wolverhampton,1015267,3,england,2526,20260326
26,8,19.51,182,32,46.38,322,247,569,80.37,12,37.5,20,27,0,0,0,0,108,2,0,8,2,35,27,0,0,17,20,112,0,0,1.41,1.11,26,0,5.0,0,1,1,35,29,6,1,0,,103,52.82,0,0,0,139,24,12,0,22,1971,0,11,0,0,0,1,0.0,0,0,0,0,276,9,0,6.8,0,1,0,0,0,0,0,0,1971.0,0.0,0,9,11,8,4,32,52.46,0,55,41,74.55,12,44,61,41,115,50.66,69,418,290,708,183.5,20,0,1215,16,9,0,Álex Jiménez,Bournemouth,1184308,60,england,2526,20260326
13,0,0.0,105,11,47.83,278,302,580,89.37,14,46.67,16,23,0,0,0,0,38,1,3,1,1,17,23,0,0,2,10,40,0,1,0.81,1.7,11,0,0.0,0,0,0,14,13,1,0,0,,49,67.12,0,0,1,69,18,7,0,10,1028,1,4,0,0,0,0,0.0,0,0,0,0,89,7,0,6.8,0,0,0,0,0,0,0,0,0.0,0.0,0,6,2,6,1,2,40.0,0,28,13,46.43,7,21,5,1,63,61.17,23,316,333,649,156.3,8,0,805,19,4,0,Andrey Santos,Chelsea,1105779,38,england,2526,20260326
18,2,40.0,61,44,47.83,242,494,736,87.1,37,54.41,31,22,1,0,0,0,50,0,0,1,4,84,22,0,0,3,10,65,0,1,1.03,1.68,21,0,33.33,2,2,3,33,29,4,2,0,,50,59.52,0,0,0,109,20,7,0,21,1923,1,13,0,0,0,0,0.0,0,0,0,1,128,0,0,6.79,0,2,0,0,0,0,0,0,961.5,0.0,0,6,0,0,5,0,0.0,0,41,21,51.22,7,47,1,5,87,57.24,92,313,532,845,149.4,6,0,1097,9,4,0,Santiago Bueno,Wolverhampton,846308,3,england,2526,20260326
18,11,28.95,146,19,44.19,288,187,475,81.76,17,43.59,22,27,0,0,0,0,56,1,1,7,2,25,26,0,0,13,10,67,0,1,1.67,1.09,19,0,0.0,1,0,0,13,12,1,0,0,,52,53.61,0,0,0,106,11,19,0,15,1304,0,5,0,0,0,1,0.0,0,0,0,0,159,0,0,6.79,0,0,0,0,0,0,0,0,0.0,0.0,0,10,7,10,0,10,66.67,0,24,14,58.33,19,42,15,38,69,50.74,43,368,213,581,176.5,17,0,806,19,7,0,Will Hughes,Crystal Palace,193554,7,england,2526,20260326
12,21,20.39,135,15,55.56,214,70,284,73.2,5,33.33,10,26,1,0,0,0,37,9,3,12,1,13,26,0,0,12,19,59,0,1,2.49,3.0,5,0,7.89,0,3,4,14,11,3,2,1,,38,43.68,0,0,1,104,2,18,0,14,1255,5,2,0,0,0,1,0.0,0,0,0,0,242,6,0,6.78,0,3,0,0,0,0,0,0,418.33,0.0,0,19,19,14,12,18,56.25,0,13,10,76.92,18,26,32,103,43,42.16,27,294,94,388,176.4,38,0,705,7,1,0,Jacob Murphy,Newcastle United,372336,39,england,2526,20260326
7,2,5.0,119,2,20.0,187,112,299,76.86,26,50.0,26,27,1,0,0,0,59,1,3,5,0,17,26,0,0,9,7,79,0,0,1.59,2.54,26,0,15.79,0,3,4,16,15,1,3,0,,64,54.7,1,0,1,90,6,15,2,10,1050,4,2,0,0,0,0,0.0,0,0,0,1,171,5,0,6.78,0,0,0,0,0,0,0,0,350.0,0.0,1,12,7,5,9,8,38.1,0,34,15,44.12,15,12,21,40,90,53.25,10,258,131,389,176.4,19,1,635,22,2,0,Amine Adli,Bournemouth,991478,60,england,2526,20260326
19,0,0.0,73,47,53.41,265,778,1043,88.69,118,68.21,55,26,1,0,0,0,95,4,4,3,6,167,26,0,0,3,5,75,2,0,0.84,2.63,13,0,0.0,29,0,1,36,33,3,0,0,,25,55.56,0,0,0,133,26,5,0,25,2303,0,15,0,0,0,0,0.0,0,0,0,0,148,1,0,6.78,0,0,0,0,0,0,0,0,0.0,0.0,0,19,1,11,6,1,100.0,0,15,6,40.0,5,34,1,0,143,65.6,88,354,822,1176,176.4,20,0,1496,9,1,0,Sepp van den Berg,Brentford,924378,50,england,2526,20260326
20,4,23.53,166,32,48.48,375,366,741,85.27,9,33.33,18,26,0,0,0,0,84,0,0,5,6,37,26,0,0,19,12,85,0,1,0.99,0.65,24,0,0.0,0,0,0,30,24,6,0,0,,87,56.49,0,0,0,128,29,10,0,26,2295,1,10,0,0,0,0,0.0,0,0,0,0,217,8,0,6.78,0,0,0,0,0,0,0,0,0.0,0.0,0,6,6,3,4,20,57.14,0,38,20,52.63,10,41,35,17,96,53.04,66,467,402,869,176.4,12,0,1219,30,7,0,Noah Sadiki,Sunderland,1171539,41,england,2526,20260326
10,0,0.0,76,8,53.33,173,124,297,81.37,13,48.15,14,23,2,0,0,0,63,3,0,3,3,5,21,0,0,19,6,78,1,1,0.61,0.47,22,0,0.0,0,0,2,10,9,1,0,0,,78,54.93,0,0,0,68,19,6,0,13,1128,0,8,0,0,0,0,0.0,0,0,0,1,127,4,0,6.78,0,0,0,0,0,0,0,0,0.0,0.0,0,4,5,5,1,8,30.77,0,51,36,70.59,6,18,26,2,91,53.85,15,225,140,365,142.4,9,0,588,19,8,0,Tim Iroegbunam,Everton,1085950,48,england,2526,20260326
7,1,11.11,80,8,57.14,146,90,236,72.84,6,26.09,17,26,0,0,0,0,48,2,3,10,0,26,25,0,0,14,6,69,0,1,0.99,5.91,15,0,26.47,0,9,9,18,17,1,7,2,,24,31.58,1,0,0,88,8,19,2,14,1168,4,0,0,0,1,0,100.0,0,1,0,0,161,14,0,6.78,0,6,0,0,0,0,0,0,129.78,0.0,0,24,10,8,16,8,32.0,0,8,6,75.0,19,14,25,9,30,30.3,14,214,110,324,169.5,34,0,532,8,3,0,Eli Junior Kroupi,Bournemouth,1426228,60,england,2526,20260326
2,8,19.05,125,6,30.0,204,90,294,84.97,5,41.67,7,15,1,0,0,0,40,3,0,3,1,11,15,0,0,11,8,37,0,0,1.26,0.43,4,0,0.0,0,0,1,9,8,1,0,0,,40,57.14,0,0,0,52,5,11,0,9,768,3,0,0,0,0,0,0.0,0,0,0,0,131,6,0,6.78,0,0,0,0,0,0,0,0,0.0,0.0,0,7,1,4,1,18,72.0,0,9,9,100.0,11,5,25,42,45,54.88,20,234,112,346,101.7,8,0,567,13,1,0,Jeremie Frimpong,Liverpool,970361,44,england,2526,20260326
12,12,29.27,115,17,77.27,171,60,231,77.78,7,33.33,14,23,1,0,0,0,40,1,1,5,0,7,23,0,0,20,18,103,0,0,1.41,1.11,12,0,4.55,0,1,2,15,14,1,0,1,,70,44.03,0,0,0,66,9,13,0,8,904,2,0,0,0,0,0,0.0,0,0,0,1,188,6,0,6.78,0,1,0,0,0,0,0,0,904.0,0.0,0,9,13,8,9,36,48.0,0,19,9,47.37,13,17,75,41,77,42.78,22,223,74,297,155.9,22,0,588,15,1,0,Kevin,Fulham,1112879,43,england,2526,20260326
14,8,22.22,178,10,66.67,272,101,373,80.91,13,43.33,17,20,1,0,0,0,47,3,7,4,1,13,20,0,0,22,12,103,0,2,2.5,3.27,24,0,8.7,0,2,3,16,12,4,1,1,,51,37.23,1,0,2,88,9,27,0,16,1426,4,0,0,1,0,0,0.0,0,0,0,0,205,6,0,6.78,0,1,0,0,0,0,0,0,713.0,0.0,0,18,5,8,11,23,43.4,0,12,7,58.33,26,23,53,36,64,38.32,15,336,125,461,135.5,23,0,741,16,3,0,Kaoru Mitoma,Brighton & Hove Albion,936849,30,england,2526,20260326
17,22,36.07,105,10,30.3,207,246,453,83.12,8,33.33,16,24,0,0,0,0,57,6,1,3,0,22,23,0,0,4,12,54,0,1,2.19,1.71,15,0,18.18,0,2,2,18,12,6,2,0,,41,51.9,1,0,1,92,10,20,0,14,1183,1,1,0,1,0,1,0.0,0,0,0,0,164,8,0,6.77,0,1,0,0,0,0,0,0,591.5,0.0,3,5,6,2,6,4,33.33,0,19,10,52.63,19,42,12,61,49,47.57,33,273,272,545,155.8,11,1,795,18,2,0,Maxim De Cuyper,Brighton & Hove Albion,997152,30,england,2526,20260326
18,12,28.57,147,36,31.03,318,368,686,74.08,91,66.42,46,30,1,0,0,0,97,0,0,3,9,122,30,0,1,17,4,93,0,2,0.83,0.86,15,0,0.0,6,0,1,33,30,3,0,0,,64,57.66,0,0,1,240,11,13,0,28,2556,3,14,0,0,0,1,0.0,0,0,0,0,402,4,0,6.77,1,0,0,0,0,0,0,0,0.0,0.0,0,9,0,3,3,5,29.41,0,49,29,59.18,13,51,17,42,155,62.5,116,474,452,926,203.2,9,1,1531,11,2,0,Jake O'Brien,Everton,998253,48,england,2526,20260326
17,5,26.32,150,17,48.57,307,230,537,78.51,49,56.98,37,28,1,0,0,0,95,4,6,9,0,27,28,0,0,26,28,153,0,2,1.58,5.33,44,0,14.29,0,5,6,25,23,2,5,0,,100,46.3,0,0,1,147,15,21,1,23,1944,1,3,0,0,0,1,0.0,0,0,0,0,267,17,0,6.77,0,4,0,0,0,0,0,0,388.8,0.0,2,21,14,12,14,18,47.37,0,74,48,64.86,21,34,38,19,149,49.34,35,418,266,684,189.6,35,1,1092,9,9,0,Diego Gómez,Brighton & Hove Albion,1065588,30,england,2526,20260326
13,2,50.0,29,8,66.67,50,56,106,86.18,0,0.0,1,7,0,0,0,0,13,0,0,0,0,2,7,0,0,0,2,9,0,0,0.16,0.11,5,0,0.0,0,0,0,4,4,0,0,0,,16,66.67,0,0,0,17,0,3,0,4,302,0,2,0,0,0,0,0.0,0,0,0,0,26,0,0,6.77,0,0,0,0,0,0,0,0,0.0,0.0,0,0,3,2,1,2,66.67,0,8,4,50.0,3,20,3,4,16,64.0,12,58,65,123,47.4,3,0,166,6,1,0,Angel Gomes,Wolverhampton,867441,3,england,2526,20260326
25,18,21.18,186,30,25.86,339,305,644,72.36,18,33.96,35,30,1,0,0,0,141,2,2,3,11,81,30,0,0,23,17,115,0,1,1.62,1.09,19,0,7.69,0,1,2,35,31,4,1,0,,115,58.97,0,0,1,246,28,22,0,30,2669,5,8,0,0,0,0,0.0,0,0,0,0,431,4,0,6.77,0,1,0,0,0,0,0,0,2669.0,0.0,0,9,4,5,5,14,37.84,0,80,49,61.25,22,63,37,85,133,53.63,116,495,395,890,203.1,13,1,1631,21,5,0,Tyrick Mitchell,Crystal Palace,988275,7,england,2526,20260326
22,28,31.82,159,10,19.23,283,224,507,80.35,28,56.0,22,26,4,0,0,0,57,2,0,5,5,51,26,0,0,8,12,60,2,0,2.72,0.63,11,0,0.0,0,0,4,17,14,3,0,0,,44,53.66,0,0,1,124,12,21,0,18,1572,3,4,0,0,0,0,0.0,0,0,0,0,248,1,0,6.77,0,0,0,0,0,0,0,0,0.0,0.0,4,5,7,2,5,4,36.36,0,29,22,75.86,21,46,11,88,72,54.55,52,356,275,631,176.0,12,0,1041,11,3,0,Lucas Digne,Aston Villa,96538,40,england,2526,20260326
5,3,37.5,122,2,50.0,203,67,270,86.82,5,50.0,5,16,1,0,0,0,33,1,1,3,1,1,16,0,0,19,7,52,0,1,1.53,1.06,8,0,0.0,0,0,1,10,9,1,0,0,,47,50.0,0,0,0,41,7,16,0,8,777,0,0,0,0,0,0,0.0,0,0,0,0,98,5,0,6.77,0,0,0,0,0,0,0,0,0.0,0.0,0,7,0,3,1,22,61.11,0,14,7,50.0,16,10,36,8,52,50.0,4,235,76,311,108.3,7,0,479,11,1,0,Oscar Bobb,Fulham,1065216,43,england,2526,20260326
5,1,33.33,51,7,53.85,95,36,131,65.83,50,43.86,64,22,0,0,0,0,24,0,8,10,0,24,22,0,0,13,4,117,0,0,0.31,6.02,31,0,21.05,0,8,8,22,21,1,7,1,,30,36.14,3,0,0,68,5,8,1,14,1222,2,4,0,0,2,0,100.0,0,2,0,0,140,1,0,6.77,0,4,0,0,0,0,0,0,152.75,0.0,1,30,8,12,16,3,30.0,0,10,6,60.0,8,15,10,3,80,40.61,13,154,45,199,148.9,38,1,423,17,3,0,Zian Flemming,Burnley,875137,6,england,2526,20260326
3,0,0.0,41,2,33.33,56,34,90,73.17,14,30.43,32,12,0,0,0,0,26,0,2,4,0,9,12,0,0,10,5,65,0,1,0.23,1.83,8,0,21.43,0,3,3,18,16,2,3,0,,33,50.0,0,0,0,33,3,5,1,8,780,2,1,0,0,0,0,0.0,0,0,0,0,90,6,0,6.77,0,2,0,0,0,0,0,0,260.0,0.0,0,13,1,2,8,10,47.62,0,17,13,76.47,5,5,21,2,47,41.96,6,82,41,123,81.2,14,1,267,6,1,0,Dominic Solanke,Tottenham Hotspur,361420,33,england,2526,20260326
6,4,33.33,178,15,60.0,398,233,631,89.89,13,38.24,21,22,2,0,0,0,63,0,0,3,3,19,21,0,0,23,7,72,0,1,0.85,0.24,8,0,0.0,0,0,2,17,14,3,0,0,,53,50.96,0,0,0,71,7,17,0,10,1130,1,5,0,0,0,0,0.0,0,0,0,0,140,8,0,6.77,0,0,0,0,0,0,0,0,0.0,0.0,0,0,8,3,2,11,44.0,0,26,11,42.31,17,19,25,12,66,47.83,25,449,253,702,142.1,8,0,917,16,0,0,Kobbie Mainoo,Manchester United,1142175,35,england,2526,20260326
18,4,18.18,100,21,53.85,195,107,302,80.11,6,23.08,20,22,1,0,0,0,37,1,0,6,0,18,22,0,0,17,3,66,3,0,1.01,0.98,17,0,5.0,0,1,2,26,20,6,1,0,,74,61.67,0,0,0,75,10,12,0,13,1089,0,2,0,1,0,0,0.0,0,0,0,0,151,4,0,6.76,0,1,0,0,0,0,0,0,1089.0,0.0,2,5,15,7,7,16,64.0,0,25,14,56.0,11,32,25,22,80,54.79,39,250,127,377,148.8,20,0,627,33,4,0,Jean-Ricner Bellegarde,Wolverhampton,845273,3,england,2526,20260326
9,9,30.0,178,18,60.0,287,208,495,89.35,5,35.71,9,15,1,0,0,0,73,1,0,2,5,34,15,0,0,7,8,47,0,0,0.89,0.14,7,0,0.0,0,0,1,11,10,1,0,0,,44,53.66,0,0,0,59,6,11,0,12,1164,2,2,0,1,0,0,0.0,0,0,0,0,153,4,0,6.76,0,0,0,0,0,0,0,0,0.0,0.0,0,1,2,1,0,11,39.29,0,20,15,75.0,10,13,28,30,49,51.04,30,326,228,554,101.4,3,0,858,13,1,0,Valentino Livramento,Newcastle United,980634,39,england,2526,20260326
20,3,20.0,111,17,39.53,204,113,317,76.57,8,44.44,10,21,0,0,0,0,45,1,0,9,0,15,21,0,0,12,9,62,0,1,0.58,1.6,14,0,10.0,0,2,2,12,11,1,2,0,,51,49.51,0,0,0,97,8,8,1,5,716,1,2,0,0,0,0,0.0,0,0,0,0,152,10,0,6.76,0,1,0,0,0,0,0,0,358.0,0.0,0,7,13,5,6,15,46.88,0,20,11,55.0,8,38,32,15,59,48.76,43,276,138,414,141.9,20,0,595,16,2,0,Ryan Christie,Bournemouth,322391,60,england,2526,20260326
24,3,33.33,101,37,47.44,240,280,520,79.51,52,59.09,36,24,2,0,0,0,71,2,2,4,5,48,23,0,0,7,11,77,0,1,0.94,1.04,19,0,0.0,0,0,2,15,13,2,0,0,,36,46.75,0,0,0,134,16,11,0,13,1254,0,2,1,1,0,0,0.0,0,0,0,0,192,1,0,6.75,0,0,0,0,0,0,0,0,0.0,0.0,0,8,6,4,6,2,33.33,0,20,13,65.0,10,51,6,9,88,53.33,78,339,315,654,155.3,14,0,895,14,6,0,Jefferson Lerma,Crystal Palace,355796,7,england,2526,20260326
10,13,19.4,195,6,42.86,293,94,387,80.46,4,28.57,10,30,0,0,0,0,56,3,9,16,3,15,29,0,0,20,10,79,0,1,2.19,6.16,15,0,10.0,0,5,5,24,20,4,4,1,,42,37.84,0,0,1,94,3,19,2,17,1657,3,1,0,1,0,0,0.0,0,0,0,0,239,7,0,6.75,0,3,0,0,0,0,0,0,331.4,0.0,0,32,18,16,18,11,28.95,0,12,5,41.67,18,23,38,67,46,36.8,14,373,108,481,195.8,50,2,788,19,1,0,Harvey Barnes,Newcastle United,855647,39,england,2526,20260326
39,7,20.0,387,37,56.92,610,250,860,81.75,39,35.78,70,31,2,0,0,0,92,3,6,19,6,29,31,0,0,31,20,164,1,3,2.15,8.34,22,0,13.85,0,9,11,39,30,9,8,1,,74,44.05,2,0,0,192,11,44,1,30,2646,4,2,0,0,1,0,100.0,0,1,0,1,367,15,0,6.75,0,6,0,0,0,0,0,0,294.0,0.0,4,39,26,23,23,23,50.0,0,16,11,68.75,44,69,46,35,113,40.79,65,766,286,1052,209.3,65,0,1494,37,1,0,Morgan Gibbs-White,Nottingham Forest,865912,14,england,2526,20260326
0,0,0.0,4,1,33.33,9,12,21,84.0,0,0.0,3,2,0,0,0,0,3,0,0,0,0,0,2,0,0,0,1,4,0,0,0.36,,0,0,0.0,0,0,0,0,0,0,0,0,,1,50.0,0,0,0,4,0,0,0,0,48,0,1,0,0,0,0,0.0,0,0,0,0,6,0,0,6.75,0,0,0,0,0,0,0,0,0.0,0.0,0,0,0,0,0,1,100.0,0,0,0,0.0,0,0,1,2,1,20.0,3,10,15,25,13.5,0,0,33,0,0,0,Luca Netz,Nottingham Forest,979144,14,england,2526,20260326
40,19,25.68,236,39,30.0,436,314,750,79.28,37,52.86,33,26,1,0,0,0,88,1,0,3,9,112,26,0,0,8,24,104,1,0,2.31,0.29,25,0,0.0,0,0,1,32,29,3,0,0,,68,48.92,0,0,0,196,26,19,0,26,2330,0,8,1,1,0,0,0.0,0,0,0,0,382,9,0,6.75,0,0,0,0,0,0,0,0,0.0,0.0,0,1,8,4,2,9,34.62,0,37,20,54.05,18,96,26,74,105,50.24,130,570,376,946,175.4,9,0,1595,22,5,0,Vitaliy Mykolenko,Everton,876643,48,england,2526,20260326
5,1,7.69,61,3,37.5,96,47,143,79.44,6,33.33,12,12,0,0,0,0,18,2,0,4,0,6,11,0,0,9,7,44,0,0,0.24,0.52,11,0,7.69,0,1,1,9,7,2,1,0,,36,52.94,0,0,0,37,2,8,1,9,638,1,3,0,0,0,0,0.0,0,0,0,0,91,3,0,6.75,0,0,0,0,0,0,0,0,638.0,0.0,0,9,4,3,6,14,63.64,0,11,4,36.36,8,8,22,13,42,48.84,8,124,56,180,74.2,13,0,318,11,1,0,Bertrand Traoré,Sunderland,218160,41,england,2526,20260326
31,3,33.33,120,44,38.26,357,798,1155,87.9,31,51.67,29,23,0,0,0,0,91,0,0,4,4,81,23,0,0,12,7,78,2,3,0.29,1.64,22,0,10.0,40,1,1,33,29,4,1,0,,81,62.31,1,0,0,159,15,6,0,21,1914,0,19,0,0,0,1,0.0,0,0,0,1,205,2,0,6.74,0,0,0,0,0,0,0,0,1914.0,0.0,0,8,2,4,2,7,43.75,0,45,23,51.11,6,89,16,9,112,58.95,115,462,852,1314,155.1,10,1,1633,29,5,0,Calvin Bassey,Fulham,861972,43,england,2526,20260326
9,0,0.0,13,17,51.52,59,211,270,89.11,10,62.5,6,7,0,0,0,0,15,0,1,1,3,23,7,0,0,1,0,12,0,0,0.02,1.02,5,0,0.0,26,0,0,9,8,1,0,0,,6,50.0,0,0,0,33,6,1,0,7,630,0,7,1,0,0,0,0.0,0,0,0,0,40,1,0,6.74,0,0,0,0,0,0,0,0,0.0,0.0,0,4,1,1,3,0,0.0,0,3,3,100.0,1,19,0,0,16,57.14,33,85,218,303,47.2,5,0,369,3,0,0,Axel Disasi,West Ham United,827243,37,england,2526,20260326
22,1,11.11,53,18,51.43,160,153,313,80.26,11,40.74,16,20,0,0,0,0,51,1,0,2,0,14,20,0,0,6,14,55,0,0,0.31,0.44,17,0,14.29,0,1,1,23,21,2,1,0,,62,61.39,0,0,0,77,16,5,0,11,977,0,4,0,0,0,1,0.0,0,0,0,0,107,4,0,6.74,0,1,0,0,0,0,0,0,977.0,0.0,0,2,5,3,2,5,62.5,0,40,21,52.5,5,37,8,9,73,57.03,35,208,182,390,134.8,7,0,578,17,4,0,Soungoutou Magassa,West Ham United,1170560,37,england,2526,20260326
3,0,0.0,26,5,55.56,42,37,79,90.8,1,25.0,3,6,0,0,0,0,10,0,0,2,0,1,5,0,0,2,3,14,0,0,0.08,0.23,2,0,0.0,0,0,0,0,0,0,0,0,,4,26.67,0,0,0,8,0,1,0,0,175,0,0,0,0,0,0,0.0,0,0,0,0,20,2,0,6.74,0,0,0,0,0,0,0,0,0.0,0.0,0,4,2,4,0,3,37.5,0,1,0,0.0,1,5,8,2,5,26.32,9,48,39,87,33.7,6,0,121,0,0,0,Ethan Nwaneri,Arsenal,1401702,42,england,2526,20260326
10,1,5.56,80,8,53.33,149,82,231,90.59,4,40.0,6,5,0,0,0,0,17,1,0,2,0,11,5,0,0,1,9,18,0,0,0.36,0.08,1,0,0.0,0,0,0,6,5,1,0,0,,12,50.0,0,0,0,24,2,5,0,4,353,1,1,0,0,0,0,0.0,0,0,0,0,48,0,0,6.74,0,0,0,0,0,0,0,0,0.0,0.0,1,0,4,0,2,1,50.0,0,10,6,60.0,5,17,2,18,16,47.06,15,167,88,255,33.7,4,0,359,2,0,0,Oleksandr Zinchenko,Nottingham Forest,287643,14,england,2526,20260326
18,23,20.0,154,9,42.86,241,100,341,83.17,3,12.0,22,24,3,0,0,0,69,6,2,7,3,6,23,0,0,19,15,102,1,1,3.08,1.79,17,0,4.35,0,1,4,17,15,2,1,0,,69,46.31,0,0,0,69,7,26,1,12,1290,6,0,0,0,0,0,0.0,0,0,0,1,248,11,0,6.74,0,0,0,0,0,0,0,0,1290.0,0.0,0,15,8,6,10,33,52.38,0,18,10,55.56,26,29,63,115,72,41.38,21,293,117,410,155.0,23,0,789,19,0,0,Omari Hutchinson,Nottingham Forest,1090963,14,england,2526,20260326
3,2,33.33,134,3,50.0,203,81,284,72.08,33,38.37,53,30,1,0,0,0,42,1,15,19,3,12,30,0,0,34,3,143,0,0,1.16,10.33,28,0,14.52,0,9,10,30,26,4,8,1,,68,43.04,2,0,2,110,6,16,2,27,2305,18,0,0,0,0,0,0.0,0,0,0,0,236,13,0,6.74,0,5,0,0,0,0,0,0,256.11,0.0,0,53,9,16,27,21,43.75,0,19,12,63.16,16,7,48,6,101,41.39,6,288,106,394,202.1,62,2,734,28,3,0,Ollie Watkins,Aston Villa,555386,40,england,2526,20260326
24,9,47.37,309,39,50.65,659,348,1007,86.36,14,42.42,19,30,2,0,0,0,92,2,2,18,6,29,30,0,0,25,33,112,0,1,1.32,3.28,23,0,4.55,0,2,4,31,25,6,2,0,,79,45.93,0,0,2,159,19,25,0,26,2184,0,8,0,0,0,0,0.0,0,0,0,0,245,10,0,6.74,0,2,0,0,0,0,0,0,1092.0,0.0,0,28,16,15,11,9,37.5,0,43,20,46.51,25,62,24,19,93,45.37,77,777,389,1166,202.1,44,0,1528,27,5,0,Alexis Mac Allister,Liverpool,895324,44,england,2526,20260326
10,1,20.0,101,15,65.22,183,126,309,64.51,77,40.96,111,30,3,0,0,0,49,2,9,18,2,28,30,0,0,25,15,197,1,0,0.9,10.96,41,0,14.06,0,9,12,25,23,2,9,0,,70,44.87,4,0,2,170,8,22,0,25,1993,18,2,0,0,4,0,100.0,0,4,0,2,272,7,0,6.73,0,5,0,0,0,0,0,0,221.44,0.0,4,53,11,28,18,10,40.0,0,32,18,56.25,22,16,25,5,147,42.73,23,310,169,479,202.0,64,1,843,29,5,0,Raúl Jiménez,Fulham,192442,43,england,2526,20260326
22,9,34.62,272,39,50.0,538,541,1079,88.01,34,53.13,30,27,3,0,0,0,90,5,0,6,9,78,27,0,1,6,16,88,0,1,2.95,1.72,35,0,6.25,0,1,4,23,21,2,1,0,,64,52.46,1,0,0,147,23,31,0,24,2080,1,6,0,0,0,0,0.0,0,0,0,0,207,3,0,6.73,1,0,0,0,0,0,0,0,2080.0,0.0,0,12,4,6,4,1,33.33,0,44,32,72.73,31,45,3,26,98,52.69,78,636,590,1226,181.8,16,2,1678,20,5,0,Marc Cucurella,Chelsea,794939,38,england,2526,20260326
0,0,0.0,2,0,0.0,4,2,6,46.15,4,50.0,4,3,0,0,0,0,1,0,1,0,0,3,3,0,0,2,0,7,0,0,0.01,0.72,1,0,33.33,0,1,1,1,1,0,1,0,,2,40.0,1,0,0,7,1,1,0,1,120,1,0,0,0,0,0,0.0,0,0,0,0,13,0,0,6.73,0,0,0,0,0,0,0,0,120.0,0.0,0,3,0,2,1,0,0.0,0,0,0,0.0,1,1,0,0,6,46.15,0,10,3,13,20.2,3,0,29,2,0,0,Lorenzo Lucca,Nottingham Forest,962364,14,england,2526,20260326
8,0,0.0,62,8,61.54,114,89,203,86.75,1,50.0,1,10,1,0,0,0,10,2,0,0,0,6,9,0,0,5,3,15,0,0,1.31,0.11,4,0,0.0,0,0,1,5,5,0,0,0,,14,50.0,0,0,0,31,7,6,0,3,333,0,1,0,0,0,0,0.0,0,0,0,0,46,3,0,6.73,0,0,0,0,0,0,0,0,0.0,0.0,0,1,1,2,0,2,50.0,0,5,3,60.0,6,13,4,2,15,50.0,13,142,92,234,60.6,2,0,319,7,1,0,Rico Lewis,Manchester City,1136731,17,england,2526,20260326
25,0,0.0,32,122,31.44,97,243,340,55.74,5,83.33,1,24,0,0,0,0,157,0,0,0,6,22,24,0,0,0,1,2,2,1,0.09,,0,0,0.0,157,0,0,31,24,7,0,0,-0.83,5,83.33,0,12,0,270,0,1,0,23,2037,0,0,0,0,0,0,0.0,4,0,0,0,273,0,11,6.73,0,0,12,44,23,67,1,16,0.0,0.0,0,0,0,0,0,0,0.0,12,1,1,100.0,1,65,0,0,10,83.33,388,321,289,610,161.6,0,1,802,4,2,0,Matz Sels,Nottingham Forest,78152,14,england,2526,20260326
19,2,40.0,113,36,43.9,369,793,1162,88.43,78,53.42,68,29,0,0,0,0,73,1,1,4,5,165,29,0,0,4,8,90,1,2,0.41,1.21,12,0,13.33,0,2,2,46,41,5,2,0,,48,68.57,2,0,1,152,27,5,0,29,2547,1,18,0,0,0,0,0.0,0,0,0,0,193,1,0,6.73,0,0,0,0,0,0,0,0,1273.5,0.0,0,15,0,7,4,1,100.0,0,32,17,53.13,5,45,1,5,126,58.33,82,470,844,1314,195.2,15,0,1705,17,1,0,Joe Rodon,Leeds United,828640,34,england,2526,20260326
14,0,0.0,65,28,42.42,206,363,569,89.32,31,57.41,23,13,0,0,0,0,29,1,1,4,3,62,13,0,0,2,1,33,0,0,0.38,1.07,5,0,0.0,31,0,0,15,14,1,0,0,,9,47.37,0,0,0,68,8,5,0,11,963,0,7,0,0,0,0,0.0,0,0,0,0,80,0,0,6.73,0,0,0,0,0,0,0,0,0.0,0.0,0,7,0,3,0,2,50.0,0,4,2,50.0,5,37,4,3,40,54.79,66,253,384,637,87.5,7,0,770,5,0,0,Tyrone Mings,Aston Villa,303638,40,england,2526,20260326
8,16,25.81,69,11,55.0,110,59,169,75.45,11,27.5,29,24,0,0,0,0,51,1,3,7,0,7,23,0,0,24,7,95,1,0,1.31,2.0,12,0,11.11,0,3,3,19,16,3,3,0,,63,48.84,0,0,1,55,2,20,0,9,914,2,1,0,0,0,0,0.0,0,0,0,0,189,7,0,6.73,0,3,0,0,0,0,0,0,304.67,0.0,0,18,9,13,7,30,55.56,0,16,9,56.25,20,15,54,62,74,43.79,20,156,68,224,154.8,27,0,508,17,0,0,Mathys Tel,Tottenham Hotspur,1048888,33,england,2526,20260326
18,2,33.33,107,18,75.0,222,226,448,92.75,8,72.73,3,20,0,0,0,0,33,0,0,5,0,5,20,0,0,2,7,24,0,0,0.37,0.94,8,0,8.33,0,1,1,9,8,1,0,1,,15,41.67,0,0,0,35,2,5,1,4,592,0,1,0,0,0,0,0.0,0,0,0,0,55,2,0,6.73,0,0,0,0,0,0,0,0,592.0,0.0,0,6,6,6,1,2,33.33,0,4,3,75.0,5,27,6,6,23,48.94,24,248,235,483,134.6,12,0,552,9,3,0,Tom Cairney,Fulham,82566,43,england,2526,20260326
5,9,26.47,147,6,27.27,268,161,429,79.44,19,31.15,42,30,3,0,0,0,107,8,4,15,1,11,30,0,0,60,31,192,0,0,3.01,4.14,17,0,9.76,0,4,7,27,23,4,3,1,,110,42.31,0,0,2,111,11,26,1,24,1995,5,3,0,0,0,1,0.0,0,0,0,0,316,11,0,6.73,0,3,0,0,0,0,0,0,498.75,0.0,0,25,16,11,15,22,32.84,0,45,21,46.67,26,14,67,34,129,40.19,22,352,188,540,201.8,41,1,1051,43,1,0,Brenden Aaronson,Leeds United,973431,34,england,2526,20260326
4,3,14.29,154,1,50.0,216,69,285,85.07,3,42.86,4,19,2,0,0,0,21,3,1,6,0,9,19,0,0,9,7,35,0,1,1.89,0.6,3,0,0.0,0,0,2,5,5,0,0,0,,21,40.38,0,0,0,50,2,21,0,8,771,2,0,0,0,0,0,0.0,0,0,0,0,109,1,0,6.73,0,0,0,0,0,0,0,0,0.0,0.0,0,8,2,1,3,13,52.0,0,6,3,50.0,21,8,25,21,24,40.68,2,258,77,335,127.8,10,0,468,2,0,0,Jadon Sancho,Aston Villa,851100,40,england,2526,20260326
6,0,0.0,9,9,50.0,23,87,110,82.71,13,56.52,10,4,0,0,0,0,11,0,0,0,1,27,4,0,0,1,3,14,0,0,0.06,0.01,0,0,0.0,1,0,0,5,5,0,0,0,,7,63.64,0,0,0,23,5,0,0,4,321,0,5,1,0,0,0,0.0,0,0,0,0,27,0,0,6.73,0,0,0,0,0,0,0,0,0.0,0.0,0,1,0,0,1,1,100.0,0,5,4,80.0,0,14,1,0,20,58.82,18,40,93,133,26.9,1,0,196,2,1,0,Ethan Pinnock,Brentford,855864,50,england,2526,20260326
5,0,0.0,51,4,80.0,111,67,178,69.26,54,50.47,53,26,1,0,0,0,30,0,11,8,1,14,26,0,0,24,2,109,0,0,0.23,7.17,15,0,16.98,0,9,10,26,23,3,9,0,,15,21.13,1,0,3,79,3,8,1,13,1332,5,2,0,0,0,0,0.0,0,0,0,0,158,4,0,6.72,0,7,0,0,0,0,0,0,148.0,0.0,0,48,5,17,28,6,25.0,0,5,3,60.0,8,9,24,2,69,38.76,5,176,81,257,174.8,53,1,470,4,2,0,Benjamin Šeško,Manchester United,986397,35,england,2526,20260326
9,1,14.29,121,15,44.12,294,331,625,84.57,25,40.98,36,20,1,0,0,0,100,1,0,3,4,40,20,0,0,5,7,72,0,1,0.68,0.47,15,0,11.11,0,1,2,21,17,4,1,0,,53,59.55,0,0,0,114,22,9,0,17,1415,1,6,0,0,0,1,0.0,0,0,0,0,151,5,0,6.72,0,1,0,0,0,0,0,0,1415.0,0.0,0,4,5,4,2,13,59.09,0,37,22,59.46,9,22,22,7,78,52.0,34,368,371,739,134.4,9,0,966,3,5,0,Rodrigo Bentancur,Tottenham Hotspur,791190,33,england,2526,20260326
12,9,34.62,129,15,41.67,214,91,305,77.22,5,17.24,24,23,3,0,0,0,56,4,0,6,1,5,21,0,0,27,12,86,0,2,1.32,0.55,17,0,7.14,0,1,4,22,22,0,1,0,,78,55.71,0,0,0,90,8,14,0,12,1012,3,2,0,0,0,1,0.0,0,0,0,0,182,7,0,6.72,0,1,0,0,0,0,0,0,1012.0,0.0,1,4,10,4,4,16,59.26,0,25,13,52.0,14,30,27,26,83,49.11,36,281,114,395,141.1,14,1,653,37,7,0,Hannibal Mejbri,Burnley,1009386,6,england,2526,20260326
16,13,15.12,334,25,39.68,524,207,731,83.16,20,40.0,30,27,4,0,0,0,115,5,7,16,4,34,27,0,0,33,14,142,0,0,3.22,7.18,25,1,8.62,0,5,9,39,33,6,3,2,,86,43.43,0,0,4,148,14,38,5,24,2126,4,4,0,1,2,0,100.0,0,2,0,0,363,18,0,6.72,0,0,0,0,0,0,0,0,425.2,16.67,6,25,33,23,19,25,37.31,0,32,18,56.25,37,37,67,86,106,42.74,63,643,236,879,181.4,58,0,1396,29,4,0,Marcus Tavernier,Bournemouth,895576,60,england,2526,20260326
7,0,0.0,124,5,55.56,191,132,323,79.17,17,36.17,30,30,0,0,1,1,41,3,8,7,1,21,30,0,0,17,12,92,1,1,1.29,10.36,23,1,27.91,0,12,12,22,17,5,10,2,,36,36.73,2,0,1,85,8,18,3,20,1826,4,0,0,0,3,0,33.33,0,1,0,0,163,10,0,6.72,0,7,0,0,0,0,0,0,152.17,50.0,2,33,10,16,20,8,40.0,0,20,11,55.0,18,10,20,2,53,36.55,9,264,144,408,201.5,43,1,642,8,5,0,Danny Welbeck,Brighton & Hove Albion,33902,30,england,2526,20260326
10,1,16.67,139,22,55.0,314,243,557,82.89,22,44.9,27,30,1,0,0,0,86,0,1,8,1,20,30,0,0,27,16,108,1,0,0.29,2.25,25,0,15.0,0,3,4,43,40,3,3,0,,81,50.0,2,0,0,115,16,8,1,22,1991,1,18,0,0,0,1,0.0,0,0,0,0,186,5,0,6.72,1,0,0,0,0,0,0,0,663.67,0.0,0,13,7,5,7,10,38.46,0,46,24,52.17,8,21,26,6,103,48.82,40,398,274,672,201.5,20,0,983,26,1,1,Lesley Ugochukwu,Burnley,1048916,6,england,2526,20260326
10,0,0.0,27,11,64.71,85,281,366,94.57,8,61.54,5,12,1,0,0,0,13,1,0,0,1,24,12,0,0,1,2,9,0,0,0.07,0.03,1,0,0.0,36,0,1,9,7,2,0,0,,4,50.0,0,0,0,21,4,2,0,6,613,0,4,0,0,0,0,0.0,0,0,0,0,24,0,0,6.72,0,0,0,0,0,0,0,0,0.0,0.0,0,1,0,1,0,0,0.0,0,4,1,25.0,2,13,0,0,12,57.14,17,95,292,387,80.6,1,0,440,0,0,0,Victor Lindelöf,Aston Villa,143334,40,england,2526,20260326
21,0,0.0,95,57,42.86,356,878,1234,89.1,36,45.0,44,28,1,0,0,0,96,1,1,3,6,110,28,0,1,4,9,81,1,1,0.33,2.5,21,0,26.67,83,4,5,40,30,10,4,0,,57,60.64,2,0,0,151,21,5,1,28,2413,1,18,0,0,0,1,0.0,0,0,0,0,180,0,0,6.71,1,1,0,0,0,0,0,0,603.25,0.0,0,13,2,6,6,9,69.23,0,32,15,46.88,5,54,13,3,93,53.45,133,449,936,1385,188.0,15,2,1693,16,7,0,Micky van de Ven,Tottenham Hotspur,998247,33,england,2526,20260326
2,1,5.56,83,3,23.08,155,110,265,81.04,8,50.0,8,14,0,0,0,0,32,0,1,2,3,13,14,0,0,11,3,49,0,1,0.5,2.28,14,0,11.11,0,2,2,11,10,1,2,0,,36,46.75,0,0,0,62,3,2,0,12,1102,1,0,0,0,1,0,100.0,0,1,0,1,116,4,0,6.71,0,2,0,0,0,0,0,0,551.0,0.0,0,12,6,9,7,4,23.53,0,13,6,46.15,2,10,17,18,44,47.31,13,201,126,327,94.0,18,0,483,19,4,0,Habib Diarra,Sunderland,1128532,41,england,2526,20260326
28,11,13.75,169,36,39.13,342,303,645,73.8,59,50.43,58,31,1,0,0,0,87,1,4,9,8,87,31,0,0,8,28,131,0,3,1.49,1.89,25,0,0.0,0,0,1,33,28,5,0,0,,93,56.02,0,0,3,229,22,19,0,29,2583,1,10,0,0,0,1,0.0,0,0,0,0,394,8,0,6.71,0,0,0,0,0,0,0,0,0.0,0.0,0,14,14,14,5,3,20.0,0,57,41,71.93,19,60,15,80,152,53.71,92,509,365,874,208.1,28,0,1468,34,8,0,Trai Hume,Sunderland,989034,41,england,2526,20260326
6,4,50.0,57,11,61.11,110,65,175,62.72,58,41.43,82,24,0,0,0,0,52,2,17,7,5,41,24,0,0,36,9,157,0,1,1.25,12.08,17,0,14.55,0,8,8,23,21,2,8,0,,37,33.04,3,0,1,104,5,6,2,23,1944,16,5,0,0,3,0,100.0,0,3,0,1,219,12,0,6.71,0,3,0,0,0,0,0,0,243.0,0.0,0,45,10,22,26,14,46.67,0,8,4,50.0,6,12,30,8,95,37.7,18,203,76,279,161.1,55,1,595,15,2,0,Jean-Philippe Mateta,Crystal Palace,848276,7,england,2526,20260326
46,1,11.11,134,35,63.64,331,383,714,85.61,19,47.5,21,24,2,0,0,0,85,0,2,3,1,48,24,0,0,12,29,104,1,3,0.42,0.57,31,0,0.0,0,0,2,37,36,1,0,0,,89,51.74,0,0,0,120,30,9,0,20,1665,1,10,0,0,0,1,0.0,0,0,0,0,170,2,0,6.71,0,0,0,0,0,0,0,0,0.0,0.0,0,2,7,5,1,7,38.89,0,75,40,53.33,9,67,18,9,108,50.94,55,414,420,834,161.1,9,0,1147,7,4,0,Florentino Luís,Burnley,855845,6,england,2526,20260326
15,6,42.86,95,18,40.0,204,178,382,86.43,6,37.5,10,19,1,0,0,0,38,1,0,2,2,18,18,0,0,3,7,32,1,0,0.62,1.02,11,0,12.5,0,1,2,14,11,3,1,0,,18,45.0,0,0,0,60,6,8,0,6,743,1,1,0,0,1,0,100.0,0,1,0,0,80,2,0,6.71,0,1,0,0,0,0,0,0,743.0,0.0,0,5,3,4,2,1,50.0,0,14,9,64.29,8,33,2,14,24,42.86,45,253,189,442,120.8,8,0,543,3,2,0,James Milner,Brighton & Hove Albion,791,30,england,2526,20260326
35,31,33.33,258,46,42.59,446,367,813,82.12,22,48.89,23,18,1,0,0,0,66,1,0,0,4,46,18,0,0,6,26,82,0,1,1.91,0.08,21,0,0.0,0,0,1,25,22,3,0,0,,44,42.72,0,0,1,177,10,27,0,17,1461,1,1,0,0,0,0,0.0,0,0,0,0,274,1,0,6.71,0,0,0,0,0,0,0,0,0.0,0.0,2,0,2,2,0,4,40.0,0,23,12,52.17,27,90,10,93,66,44.59,108,588,402,990,120.7,2,0,1385,18,3,0,Kieran Trippier,Newcastle United,69256,39,england,2526,20260326
21,4,26.67,75,19,67.86,190,313,503,89.82,12,37.5,20,21,3,0,0,0,49,2,1,1,2,16,20,0,0,5,18,60,0,0,0.87,0.44,16,0,0.0,0,0,3,23,22,1,0,0,,38,48.72,0,0,0,57,15,11,0,15,1306,0,6,0,0,0,0,0.0,0,0,0,0,90,4,0,6.71,0,0,0,0,0,0,0,0,0.0,0.0,0,3,3,4,1,6,85.71,0,24,12,50.0,11,28,7,15,50,45.45,28,227,333,560,134.1,6,0,718,9,3,0,Ilia Gruev,Leeds United,911679,34,england,2526,20260326
1,0,0.0,18,5,83.33,38,42,80,85.11,8,66.67,4,8,1,0,0,0,3,0,0,1,0,13,7,0,0,1,2,10,0,0,0.05,0.04,2,0,0.0,0,0,1,5,4,1,0,0,,10,62.5,0,0,0,14,0,1,0,1,206,0,0,0,0,0,0,0.0,0,0,0,0,27,0,0,6.7,0,0,0,0,0,0,0,0,0.0,0.0,0,0,1,0,0,0,0.0,0,7,3,42.86,1,1,1,3,18,64.29,6,46,48,94,46.9,1,0,140,3,1,0,Wataru Endo,Liverpool,143040,44,england,2526,20260326
0,0,0.0,2,0,0.0,9,13,22,100.0,0,0.0,0,1,0,0,0,0,0,0,0,0,0,0,1,0,0,1,0,1,0,0,0.0,,0,0,0.0,0,0,0,0,0,0,0,0,,1,50.0,0,0,0,0,0,0,0,0,12,0,0,0,0,0,0,0.0,0,0,0,0,1,0,0,6.7,0,0,0,0,0,0,0,0,0.0,0.0,0,0,0,0,0,1,100.0,0,0,0,0.0,0,0,1,0,1,50.0,0,9,13,22,6.7,0,0,24,0,0,0,Mateo Kovačić,Manchester City,136710,17,england,2526,20260326
0,0,0.0,3,0,0.0,5,3,8,72.73,2,66.67,1,1,0,0,0,0,2,0,0,0,0,0,1,0,0,0,0,1,0,0,0.01,,0,0,0.0,0,0,0,3,3,0,0,0,,3,100.0,0,0,0,3,0,0,0,1,45,0,0,0,0,0,0,0.0,0,0,0,0,4,0,0,6.7,0,0,0,0,0,0,0,0,0.0,0.0,0,0,0,0,0,0,0.0,0,3,1,33.33,0,0,0,0,5,83.33,0,7,4,11,6.7,0,0,19,0,0,0,Antoni Milambo,Brentford,1126692,50,england,2526,20260326
0,0,0.0,0,0,0.0,0,0,0,0.0,0,0.0,0,1,0,0,0,0,0,0,0,0,0,0,1,0,0,0,0,0,0,0,,,0,0,0.0,0,0,0,0,0,0,0,0,,1,100.0,0,0,0,0,0,0,0,0,11,0,0,0,0,0,0,0.0,0,0,0,0,0,0,0,6.7,0,0,0,0,0,0,0,0,0.0,0.0,0,0,0,0,0,0,0.0,0,0,0,0.0,0,0,0,0,1,100.0,0,0,0,0,6.7,0,0,2,1,0,0,Solly March,Brighton & Hove Albion,301288,30,england,2526,20260326
0,1,20.0,1,0,0.0,2,0,2,100.0,0,0.0,2,1,0,0,0,0,2,0,0,0,0,0,1,0,0,1,0,4,0,0,0.04,,0,0,0.0,0,0,0,0,0,0,0,0,,4,66.67,0,0,0,0,0,0,0,1,39,0,0,0,0,0,0,0.0,0,0,0,0,9,0,0,6.7,0,0,0,0,0,0,0,0,0.0,0.0,0,0,0,0,0,2,66.67,0,1,0,0.0,0,0,3,5,4,50.0,0,2,0,2,6.7,0,0,18,1,0,0,Jocelin Ta Bi,Sunderland,2138729,41,england,2526,20260326
0,0,0.0,2,0,0.0,4,0,4,80.0,1,100.0,0,1,0,0,0,0,0,0,0,0,0,0,1,0,0,0,0,0,0,0,0.0,,0,0,0.0,0,0,0,0,0,0,0,0,,0,0.0,0,0,0,1,0,0,0,0,10,0,0,0,0,0,0,0.0,0,0,0,0,1,0,0,6.7,0,0,0,0,0,0,0,0,0.0,0.0,0,0,0,0,0,0,0.0,0,0,0,0.0,0,0,0,0,1,100.0,0,5,0,5,6.7,0,0,7,0,0,0,Jun'ai Byfield,Tottenham Hotspur,1913038,33,england,2526,20260326
0,0,0.0,2,0,0.0,2,1,3,75.0,0,0.0,1,3,0,0,0,0,1,0,0,0,0,0,1,0,0,0,0,1,0,0,0.0,,0,0,0.0,0,0,0,1,1,0,0,0,,0,0.0,0,0,0,1,0,0,0,0,10,0,0,0,0,0,0,0.0,0,0,0,0,2,0,0,6.7,0,0,0,0,0,0,0,0,0.0,0.0,0,0,0,0,0,0,0.0,0,0,0,0.0,0,0,0,1,0,0.0,0,3,1,4,6.7,0,0,6,0,0,0,Pedro Lima,Wolverhampton,1597270,3,england,2526,20260326
0,0,0.0,0,0,0.0,2,2,4,100.0,1,100.0,0,3,0,0,0,0,1,0,0,0,0,0,1,0,0,0,1,1,0,0,0.0,,0,0,0.0,0,0,0,0,0,0,0,0,,1,50.0,0,0,0,0,0,0,0,1,12,0,0,0,0,0,0,0.0,0,0,0,0,1,0,0,6.7,0,0,0,0,0,0,0,0,0.0,0.0,0,0,0,0,0,0,0.0,0,0,0,0.0,0,0,0,1,2,66.67,0,2,2,4,6.7,0,0,7,1,0,0,Séamus Coleman,Everton,76632,48,england,2526,20260326
3,0,0.0,10,2,25.0,37,64,101,88.6,10,55.56,8,5,0,0,0,0,6,0,0,0,1,13,4,0,0,0,2,14,0,0,0.02,,4,0,0.0,0,0,0,3,2,1,0,0,,3,33.33,0,0,0,13,1,0,0,2,201,0,2,0,0,0,0,0.0,0,0,0,0,15,0,0,6.7,0,0,0,0,0,0,0,0,0.0,0.0,0,0,0,0,0,1,100.0,0,2,2,100.0,0,7,1,0,13,48.15,8,42,72,114,26.8,0,0,142,0,2,0,Diego Coppola,Brighton & Hove Albion,1050692,30,england,2526,20260326
3,1,100.0,6,6,40.0,24,64,88,81.48,9,47.37,10,9,0,0,0,0,7,0,0,0,0,23,5,0,0,1,2,18,0,0,0.01,,5,0,0.0,0,0,0,4,4,0,0,0,,7,46.67,0,0,0,20,4,0,0,4,315,0,5,0,0,0,0,0.0,0,0,0,0,26,0,0,6.7,0,0,0,0,0,0,0,0,0.0,0.0,0,0,0,0,0,1,100.0,0,6,2,33.33,0,6,1,1,16,47.06,15,36,72,108,33.5,0,0,170,0,1,0,Sebastiaan Bornauw,Leeds United,826167,34,england,2526,20260326
8,0,0.0,10,44,29.14,33,181,214,66.05,4,80.0,1,10,0,0,0,0,70,0,0,0,1,9,10,0,0,0,0,1,0,1,0.01,,0,0,0.0,67,0,0,13,12,1,0,0,-1.69,1,100.0,0,10,0,110,0,1,0,9,823,0,0,0,0,0,0,0.0,2,0,0,0,112,0,5,6.7,0,0,6,13,8,21,0,10,0.0,0.0,0,0,0,0,0,0,0.0,6,0,0,0.0,1,20,0,0,5,83.33,151,132,192,324,67.0,0,0,411,1,1,0,Aaron Ramsdale,Newcastle United,839410,39,england,2526,20260326
27,26,21.14,292,32,31.68,561,492,1053,82.85,39,44.83,48,31,3,0,0,0,159,4,0,5,9,123,31,0,0,22,25,160,1,1,2.43,0.44,32,0,0.0,0,0,3,45,38,7,0,0,,132,54.1,0,0,0,218,40,24,0,31,2750,0,9,0,0,0,0,0.0,0,0,0,0,426,5,0,6.7,0,0,0,0,0,0,0,0,0.0,0.0,0,5,7,5,2,26,44.07,0,83,44,53.01,24,64,59,123,171,51.66,101,703,568,1271,207.6,12,1,2130,23,3,0,Adrien Truffert,Bournemouth,999028,60,england,2526,20260326
15,48,34.04,144,22,35.48,257,307,564,80.92,16,47.06,18,28,1,0,0,0,100,4,0,1,3,53,28,0,0,27,26,123,0,2,2.89,0.5,14,0,10.0,0,1,2,33,27,6,0,1,,102,49.28,0,0,0,133,33,31,1,21,1957,2,4,0,0,0,0,0.0,0,0,0,0,350,5,0,6.7,0,0,0,0,0,0,0,0,1957.0,0.0,0,5,5,4,5,26,40.0,0,56,33,58.93,31,42,65,141,118,48.96,62,328,369,697,187.5,10,1,1396,20,1,0,Hugo Bueno,Wolverhampton,1013928,3,england,2526,20260326
3,6,21.43,105,5,45.45,173,46,219,83.59,0,0.0,4,17,1,0,0,0,31,0,6,2,1,4,17,0,0,6,2,40,0,0,1.21,1.53,8,0,0.0,0,0,1,5,4,1,0,0,,24,40.0,0,0,0,43,5,6,0,5,582,4,0,0,0,0,0,0.0,0,0,0,1,111,3,0,6.69,0,0,0,0,0,0,0,0,0.0,0.0,0,14,0,3,9,8,28.57,0,6,3,50.0,6,9,28,28,24,37.5,11,211,51,262,113.8,14,0,413,10,2,0,Savinho,Manchester City,1046795,17,england,2526,20260326
8,1,10.0,239,7,63.64,409,255,664,91.08,5,33.33,10,30,0,0,0,0,57,1,4,7,0,11,30,0,0,24,3,55,0,1,0.99,4.26,4,0,10.71,0,3,3,23,21,2,3,0,,42,48.28,1,0,1,65,20,17,0,16,1481,2,1,0,0,0,0,0.0,0,0,0,0,147,7,0,6.69,0,2,0,0,0,0,0,0,493.67,0.0,0,22,6,12,9,11,44.0,0,22,14,63.64,17,18,25,10,47,46.08,11,453,276,729,200.6,28,0,958,9,1,0,Emile Smith Rowe,Fulham,867445,43,england,2526,20260326
15,13,30.95,94,13,26.0,143,125,268,75.92,9,33.33,18,29,2,0,0,0,60,4,0,6,4,23,29,0,0,15,8,70,0,0,1.31,2.22,12,0,14.29,0,3,5,22,19,3,3,0,,52,50.0,1,0,1,85,8,13,1,15,1362,3,1,0,0,0,0,0.0,0,0,0,0,175,6,0,6.69,0,1,0,0,0,0,0,0,454.0,0.0,5,13,8,8,7,11,39.29,0,16,10,62.5,13,35,28,42,61,46.56,50,208,145,353,193.9,21,1,633,25,1,0,Keane Lewis-Potter,Brentford,972421,50,england,2526,20260326
25,5,13.16,246,29,50.0,451,416,867,86.87,11,45.83,13,28,3,0,0,0,98,3,1,3,3,29,28,0,0,13,16,66,0,1,1.89,1.46,15,0,18.18,0,2,5,23,21,2,2,0,,66,55.46,1,0,0,131,24,18,1,20,1744,1,3,0,0,0,0,0.0,0,0,0,0,246,9,0,6.69,1,0,0,0,0,0,0,0,872.0,0.0,0,6,5,3,5,10,50.0,0,43,22,51.16,18,41,20,38,77,53.85,58,537,461,998,187.2,11,1,1419,13,2,1,Malo Gusto,Chelsea,996958,38,england,2526,20260326
14,2,11.11,68,20,30.3,182,340,522,80.8,34,43.04,45,22,0,0,0,0,78,1,2,7,4,91,21,0,0,4,14,97,0,1,0.52,1.58,25,0,0.0,0,0,0,31,27,4,0,0,,91,63.64,0,0,3,124,19,10,0,19,1711,1,13,2,0,0,2,0.0,0,0,0,0,240,0,0,6.69,0,0,0,0,0,0,0,0,0.0,0.0,0,20,1,8,6,7,38.89,0,51,33,64.71,10,33,18,18,125,56.31,66,253,393,646,140.4,21,1,1123,35,9,0,Yerson Mosquera,Wolverhampton,1014835,3,england,2526,20260326
0,1,20.0,15,3,42.86,23,16,39,66.1,5,71.43,2,7,0,0,0,0,4,0,0,0,0,4,6,0,0,1,1,10,0,0,0.09,0.55,4,0,33.33,0,1,1,4,4,0,1,0,,3,27.27,0,0,0,20,1,1,1,1,165,0,0,0,0,0,0,0.0,0,0,0,0,31,0,0,6.68,0,0,0,0,0,0,0,0,165.0,0.0,0,3,0,2,1,1,33.33,0,2,1,50.0,1,1,3,5,8,44.44,7,38,21,59,40.1,3,0,98,0,0,0,Oliver Sonne,Burnley,1008456,6,england,2526,20260326
21,2,22.22,171,36,53.73,340,304,644,84.29,39,50.0,39,21,3,0,0,0,91,4,2,5,4,66,21,0,0,19,32,127,0,1,1.79,1.67,26,0,0.0,0,0,3,20,16,4,0,0,,82,48.24,0,0,1,120,24,19,0,18,1581,2,5,0,0,0,0,0.0,0,0,0,0,201,10,0,6.68,0,0,0,0,0,0,0,0,0.0,0.0,0,11,5,7,4,7,38.89,0,58,36,62.07,19,37,18,9,121,48.79,67,417,347,764,140.3,16,1,1238,18,7,0,Mats Wieffer,Brighton & Hove Albion,959628,30,england,2526,20260326
3,0,0.0,33,1,25.0,50,21,71,73.2,15,44.12,19,16,1,0,0,0,22,2,2,3,0,4,15,0,0,10,3,52,0,0,0.24,1.72,6,0,13.33,0,2,3,7,6,1,2,0,,26,44.07,1,0,0,26,1,6,0,2,319,2,0,0,0,0,0,0.0,0,0,0,0,76,5,0,6.68,0,1,0,0,0,0,0,0,159.5,0.0,0,14,1,6,6,8,34.78,0,11,7,63.64,6,7,23,5,41,44.09,4,68,29,97,100.2,15,0,217,7,2,0,Charalampos Kostoulas,Brighton & Hove Albion,1416535,30,england,2526,20260326
37,7,29.17,164,51,48.57,385,483,868,83.95,20,51.28,19,31,2,0,0,0,149,1,0,4,4,27,31,0,0,17,37,131,0,1,1.24,1.18,35,0,6.67,0,1,3,34,33,1,1,0,,74,39.78,0,0,1,166,25,14,0,24,2147,1,10,0,1,0,0,0.0,0,0,0,0,258,9,0,6.68,0,1,0,0,0,0,0,0,2147.0,0.0,0,7,8,7,4,11,32.35,0,54,34,62.96,13,77,34,24,94,41.78,105,508,526,1034,207.0,15,0,1376,9,7,0,Yehor Yarmolyuk,Brentford,1031258,50,england,2526,20260326
13,10,18.52,152,10,43.48,235,75,310,77.69,4,30.77,9,25,2,0,0,0,48,7,8,15,0,14,25,0,0,7,18,62,0,0,3.04,4.94,11,0,2.33,0,1,3,18,16,2,1,0,,43,44.79,0,0,1,89,3,23,1,12,1065,2,0,0,0,0,0,0.0,0,0,0,0,187,6,0,6.68,0,0,0,0,0,0,0,0,1065.0,0.0,2,33,10,16,12,16,48.48,0,15,9,60.0,23,23,33,54,47,43.12,23,304,95,399,166.9,43,0,645,12,7,0,David Brooks,Bournemouth,855731,60,england,2526,20260326
52,2,18.18,130,80,45.71,327,615,942,83.22,53,54.08,45,24,1,0,0,0,63,1,2,4,3,104,24,0,0,6,12,92,1,3,1.34,2.0,30,0,12.5,14,2,3,37,30,7,2,0,,29,38.16,1,0,0,190,28,7,1,23,2040,0,12,1,0,0,0,0.0,0,0,0,0,224,0,0,6.68,1,0,0,0,0,0,0,0,1020.0,0.0,0,15,1,4,8,1,50.0,0,22,15,68.18,7,104,2,11,82,47.13,175,460,672,1132,160.2,16,0,1410,7,3,1,Ladislav Krejčí,Wolverhampton,856250,3,england,2526,20260326
3,0,0.0,40,8,80.0,92,71,163,93.14,2,66.67,1,8,0,0,0,0,12,0,0,0,0,3,8,0,0,4,0,11,0,1,0.1,0.14,6,0,0.0,0,0,0,4,4,0,0,0,,11,52.38,0,0,0,12,5,0,0,2,221,0,0,0,0,0,0,0.0,0,0,0,0,24,0,0,6.68,0,0,0,0,0,0,0,0,0.0,0.0,0,1,0,1,0,3,75.0,0,4,3,75.0,0,5,4,1,13,54.17,10,99,76,175,53.4,1,0,215,4,0,0,Roméo Lavia,Chelsea,1069488,38,england,2526,20260326
2,1,6.67,51,6,75.0,73,46,119,80.95,1,7.69,12,16,1,0,0,0,17,1,0,4,0,7,15,0,0,6,2,35,0,0,0.55,0.28,7,0,0.0,0,0,1,11,11,0,0,0,,23,50.0,0,0,0,28,3,6,0,4,391,0,0,0,0,0,0,0.0,0,0,0,1,66,4,0,6.67,0,0,0,0,0,0,0,0,0.0,0.0,0,3,5,4,0,1,11.11,0,14,11,78.57,6,5,9,15,24,40.68,8,95,52,147,100.0,8,0,250,8,3,0,Wilfried Gnonto,Leeds United,998951,34,england,2526,20260326
12,10,26.32,165,14,35.0,274,165,439,84.1,11,47.83,12,19,0,0,0,0,31,3,0,4,2,19,18,0,0,0,3,22,1,0,1.02,0.32,4,0,0.0,0,0,0,11,7,4,0,0,,14,58.33,0,0,0,83,7,15,0,6,783,5,3,0,0,0,0,0.0,0,0,0,0,130,2,0,6.67,0,0,0,0,0,0,0,0,0.0,0.0,0,4,1,0,1,3,50.0,0,11,8,72.73,15,30,6,38,25,53.19,40,332,190,522,120.0,5,0,699,0,0,0,Andrew Robertson,Liverpool,262911,44,england,2526,20260326
4,1,50.0,42,3,37.5,66,70,136,77.71,14,60.87,9,16,1,0,0,0,12,0,1,2,0,11,16,0,0,5,3,26,0,0,0.21,0.22,8,0,0.0,0,0,1,5,3,2,0,0,,21,55.26,0,0,0,39,6,3,0,1,431,0,1,0,0,0,0,0.0,0,0,0,0,50,2,0,6.66,0,0,0,0,0,0,0,0,0.0,0.0,0,2,3,2,1,1,50.0,0,11,8,72.73,3,8,2,2,35,57.38,8,95,80,175,106.6,5,0,249,9,1,0,Ryan Yates,Nottingham Forest,846252,14,england,2526,20260326
10,0,0.0,25,19,55.88,100,308,408,92.94,8,47.06,9,8,0,0,0,0,16,0,0,0,0,27,8,0,0,0,1,15,1,1,0.07,,6,0,0.0,17,0,0,10,8,2,0,0,,9,60.0,0,0,0,31,10,0,0,6,471,0,4,0,0,0,0,0.0,0,0,0,0,35,1,0,6.66,0,0,0,0,0,0,0,0,0.0,0.0,0,0,0,0,0,0,0.0,0,7,4,57.14,0,20,0,0,17,53.13,34,116,323,439,53.3,0,0,499,2,2,0,Benoît Badiashile,Chelsea,904827,38,england,2526,20260326
13,0,0.0,90,12,50.0,205,173,378,84.75,10,45.45,12,21,0,0,0,0,50,0,1,3,1,17,21,0,0,11,16,63,0,1,0.18,0.49,22,0,0.0,0,0,0,21,20,1,0,0,,62,54.87,0,0,0,68,18,3,0,7,810,0,2,0,0,0,0,0.0,0,0,0,0,93,1,0,6.66,0,0,0,0,0,0,0,0,0.0,0.0,0,4,7,7,1,7,77.78,0,43,26,60.47,3,26,9,0,72,53.33,24,253,193,446,139.9,11,0,617,12,1,0,Manuel Ugarte,Manchester United,846425,35,england,2526,20260326
1,0,0.0,58,1,100.0,94,32,126,86.9,2,28.57,5,17,3,0,0,0,14,2,2,6,0,2,15,0,0,12,3,38,0,0,0.71,2.19,10,0,4.17,0,1,4,5,4,1,1,0,,36,52.17,0,0,1,19,2,11,0,7,600,6,2,0,0,0,0,0.0,0,0,0,0,67,3,0,6.66,0,1,0,0,0,0,0,0,600.0,0.0,2,17,7,11,7,7,43.75,0,12,6,50.0,11,2,16,11,38,50.0,1,111,34,145,99.9,24,1,279,18,2,0,Omar Marmoush,Manchester City,873554,17,england,2526,20260326
1,1,20.0,5,2,100.0,10,10,20,80.0,1,25.0,3,6,0,0,0,0,5,0,0,0,0,0,5,0,0,1,0,6,0,0,0.03,0.7,0,0,50.0,0,1,1,4,4,0,1,0,,4,57.14,0,0,0,5,0,0,0,1,128,0,0,0,0,0,0,0.0,0,0,0,0,14,1,0,6.66,0,1,0,0,0,0,0,0,128.0,0.0,0,1,1,1,1,1,33.33,0,3,2,66.67,0,1,3,5,5,45.45,2,15,10,25,33.3,2,0,45,0,0,0,Fabio Carvalho,Brentford,991604,50,england,2526,20260326
19,15,20.83,115,42,31.82,266,287,553,73.64,38,55.88,30,25,5,0,0,0,90,4,0,4,3,96,25,0,0,15,12,94,0,1,1.8,0.46,22,0,0.0,0,0,5,40,37,3,0,0,,66,50.77,0,0,0,198,29,15,0,23,2097,2,11,0,0,0,1,0.0,0,0,0,0,371,2,0,6.66,0,0,0,0,0,0,0,0,0.0,0.0,0,6,7,7,2,17,48.57,0,32,15,46.88,15,63,35,72,104,52.53,132,399,352,751,166.5,13,1,1342,17,4,0,El Hadji Malick Diouf,West Ham United,1471764,37,england,2526,20260326
10,0,0.0,82,7,53.85,147,77,224,74.17,34,39.08,53,27,3,0,0,0,43,3,6,8,1,21,27,0,0,37,10,134,0,0,0.86,6.39,18,0,22.58,0,7,10,26,22,4,7,0,,52,39.1,2,0,2,78,4,14,0,21,1681,8,2,1,0,1,0,100.0,0,1,0,0,183,8,0,6.66,0,5,0,0,0,0,0,0,240.14,0.0,0,29,2,11,12,12,40.0,0,22,11,50.0,14,12,30,3,86,39.09,13,214,88,302,179.8,31,0,567,18,0,0,Nick Woltemade,Newcastle United,980623,39,england,2526,20260326
1,0,0.0,57,1,33.33,92,40,132,69.84,51,45.13,62,24,1,0,0,0,36,2,7,5,0,8,24,0,0,21,3,110,0,0,0.47,3.82,19,0,25.0,0,6,7,19,16,3,6,0,,33,40.74,2,0,1,57,0,10,1,15,1381,8,5,0,0,0,1,0.0,0,0,0,1,130,4,0,6.66,0,3,0,0,0,0,0,0,230.17,0.0,0,23,1,7,12,2,25.0,0,7,1,14.29,10,5,8,1,84,43.3,3,138,51,189,159.8,24,2,373,25,4,0,Brian Brobbey,Sunderland,910048,41,england,2526,20260326
7,2,16.67,82,9,39.13,157,174,331,84.22,9,50.0,9,21,0,0,0,0,45,1,0,1,1,7,19,0,0,4,15,38,0,1,0.67,0.85,8,0,16.67,0,2,2,16,16,0,1,1,,22,43.14,0,0,0,62,12,8,1,7,775,0,1,0,0,0,0,0.0,0,0,0,0,94,5,0,6.66,0,1,0,0,0,0,0,0,387.5,0.0,0,4,8,8,3,1,20.0,0,17,8,47.06,8,20,5,12,31,44.93,23,198,195,393,126.5,12,0,511,4,1,0,Ao Tanaka,Leeds United,871886,34,england,2526,20260326
8,9,28.13,75,5,35.71,122,94,216,81.82,6,37.5,10,18,1,0,0,0,50,1,1,7,3,11,18,0,0,15,9,50,0,1,0.85,1.08,10,0,0.0,0,0,1,5,3,2,0,0,,31,43.66,0,0,1,48,6,12,0,11,960,1,2,0,0,0,0,0.0,0,0,0,0,118,10,0,6.66,0,0,0,0,0,0,0,0,0.0,0.0,0,9,8,5,5,7,53.85,0,18,13,72.22,12,15,13,32,37,42.53,14,154,110,264,119.8,17,0,451,6,1,0,Dwight McNeil,Everton,935543,48,england,2526,20260326
10,3,15.79,79,10,55.56,132,98,230,82.44,4,25.0,12,18,2,0,0,0,34,0,1,1,0,11,17,0,0,5,5,47,1,0,0.39,1.34,19,0,9.09,0,1,3,15,11,4,1,0,,40,53.33,1,0,0,49,2,4,0,10,867,3,2,0,0,0,0,0.0,0,0,0,0,117,1,0,6.65,0,0,0,0,0,0,0,0,867.0,0.0,0,9,2,5,5,14,70.0,0,20,12,60.0,4,16,20,19,44,48.35,18,172,107,279,113.1,11,1,447,6,2,0,Lucas Bergvall,Tottenham Hotspur,1391251,33,england,2526,20260326
2,0,0.0,25,0,0.0,35,7,42,63.64,9,40.91,13,6,1,0,0,0,6,0,0,1,0,4,6,0,0,4,3,23,0,0,0.1,0.31,1,0,0.0,0,0,1,0,0,0,0,0,,13,56.52,0,0,0,24,0,4,0,3,264,0,1,0,0,0,0,0.0,0,0,0,0,44,2,0,6.65,0,0,0,0,0,0,0,0,0.0,0.0,0,2,3,3,1,3,60.0,0,3,2,66.67,4,3,5,1,22,48.89,2,55,11,66,39.9,5,0,117,7,0,0,Kai Havertz,Arsenal,836705,42,england,2526,20260326
3,0,0.0,24,11,47.83,89,143,232,87.88,11,52.38,10,6,1,0,0,0,12,1,1,0,0,12,6,0,0,2,4,20,0,1,0.06,0.11,4,0,0.0,1,0,1,3,3,0,0,0,,7,41.18,0,0,0,32,1,1,0,3,314,0,1,0,0,0,0,0.0,0,0,0,0,42,0,0,6.65,0,0,0,0,0,0,0,0,0.0,0.0,0,2,0,1,1,1,100.0,0,4,2,50.0,1,6,1,6,18,47.37,23,109,155,264,39.9,2,0,311,2,2,0,Chadi Riad,Crystal Palace,1064218,7,england,2526,20260326
2,1,33.33,16,0,0.0,35,38,73,77.66,4,44.44,5,7,0,0,0,0,8,0,0,0,1,12,6,0,0,4,2,15,0,0,0.03,0.08,3,0,0.0,0,0,0,2,2,0,0,0,,13,56.52,0,0,0,21,5,0,0,3,311,0,1,0,0,0,0,0.0,0,0,0,0,36,0,0,6.65,0,0,0,0,0,0,0,0,0.0,0.0,0,1,0,1,0,3,75.0,0,8,5,62.5,0,5,4,3,17,53.13,3,49,45,94,39.9,1,0,164,2,1,0,Dennis Cirkin,Sunderland,1014987,41,england,2526,20260326
0,2,28.57,40,1,20.0,58,15,73,77.66,3,30.0,7,21,1,0,0,0,10,0,5,6,0,2,21,0,0,13,2,36,0,0,0.34,4.04,2,0,14.81,0,4,5,10,8,2,4,0,,18,38.3,0,0,1,21,0,7,0,5,680,1,0,0,0,0,0,0.0,0,0,0,0,65,1,0,6.65,0,4,0,0,0,0,0,0,170.0,0.0,0,22,5,12,9,8,40.0,0,4,3,75.0,7,1,20,7,21,36.84,5,74,20,94,139.6,27,1,206,6,0,0,Donyell Malen,Aston Villa,803039,40,england,2526,20260326
15,3,16.67,97,18,37.5,232,265,497,85.84,24,52.17,22,18,1,0,0,0,67,0,0,2,4,63,17,0,1,12,9,78,0,0,0.55,0.15,26,0,0.0,0,0,1,19,15,4,0,0,,65,53.72,0,0,0,82,23,4,0,17,1429,1,11,0,0,0,1,0.0,0,0,0,1,155,4,0,6.65,1,0,0,0,0,0,0,0,0.0,0.0,0,3,1,2,0,12,54.55,0,27,14,51.85,4,38,22,18,89,53.29,48,280,299,579,113.0,4,0,928,28,7,0,Reinildo Mandava,Sunderland,831424,41,england,2526,20260326
6,3,23.08,49,3,75.0,87,31,118,79.19,3,30.0,7,16,2,0,0,0,15,2,1,6,1,3,15,0,0,4,3,27,0,0,0.93,0.82,6,0,0.0,0,0,2,7,5,2,0,0,,29,59.18,0,0,0,31,2,9,0,5,495,2,1,0,0,0,0,0.0,0,0,0,0,68,2,0,6.65,0,0,0,0,0,0,0,0,0.0,0.0,0,5,5,2,2,13,61.9,0,8,3,37.5,9,10,21,13,32,54.24,4,112,37,149,99.7,10,0,255,8,0,0,Jamie Gittens,Chelsea,1140599,38,england,2526,20260326
0,3,21.43,47,6,50.0,81,26,107,63.31,30,46.88,34,13,1,0,0,0,20,1,0,2,0,30,13,0,0,11,9,77,0,0,0.38,1.61,19,0,7.14,0,1,2,19,14,5,1,0,,35,44.87,1,0,1,62,7,3,0,9,877,4,2,0,0,0,0,0.0,0,0,0,0,112,5,0,6.65,0,0,0,0,0,0,0,0,877.0,0.0,0,12,2,6,6,5,55.56,0,21,12,57.14,3,6,9,14,65,45.77,12,131,38,169,86.4,14,0,342,10,2,0,Marshall Munetsi,Wolverhampton,894733,3,england,2526,20260326
5,0,0.0,107,3,42.86,187,94,281,75.54,40,35.4,73,29,0,0,0,0,64,2,8,10,2,23,29,0,0,34,8,144,0,1,1.15,8.17,18,0,10.34,0,6,6,35,28,7,6,0,,47,39.83,2,0,2,91,3,25,2,25,2206,26,3,0,0,0,0,0.0,0,0,0,2,201,13,0,6.64,0,2,0,0,0,0,0,0,367.67,0.0,0,53,5,27,21,13,48.15,0,7,3,42.86,25,10,27,3,87,37.66,7,258,114,372,192.7,58,0,662,27,1,0,Evanilson,Bournemouth,998490,60,england,2526,20260326
6,4,23.53,113,5,50.0,173,60,233,82.62,1,12.5,7,19,3,0,0,0,42,5,2,9,0,4,18,0,0,23,16,71,0,0,1.66,1.45,7,0,4.76,0,1,4,16,15,1,1,0,,32,33.33,0,0,1,49,2,18,1,9,911,1,0,0,0,0,0,0.0,0,0,0,0,148,6,0,6.64,0,0,0,0,0,0,0,0,911.0,0.0,4,12,9,7,5,12,37.5,0,8,4,50.0,18,12,32,17,33,31.73,10,215,67,282,119.6,21,0,462,12,0,0,Marcus Edwards,Burnley,795066,6,england,2526,20260326
2,0,0.0,36,4,80.0,69,38,107,63.69,24,35.82,43,25,1,0,0,1,23,1,6,2,0,8,23,0,0,14,3,79,0,0,0.91,6.23,16,0,27.27,0,6,7,18,17,1,6,0,,22,37.93,0,0,0,61,3,6,1,9,893,2,1,0,0,3,0,66.67,0,2,0,0,119,6,0,6.64,0,5,0,0,0,0,0,0,148.83,0.0,0,21,1,6,14,2,28.57,0,8,5,62.5,6,5,7,7,46,36.8,5,121,47,168,152.8,22,0,320,14,0,0,Lukas Nmecha,Leeds United,803185,34,england,2526,20260326
9,6,15.38,87,12,60.0,162,110,272,81.68,1,8.33,11,23,1,0,0,0,51,0,2,4,2,15,23,0,0,9,12,52,2,0,0.98,1.99,4,0,18.18,0,4,5,12,8,4,2,2,,24,36.92,0,0,0,61,2,12,0,14,1327,1,1,0,0,0,0,0.0,0,0,0,0,156,4,0,6.64,0,4,0,0,0,0,0,0,331.75,0.0,0,15,7,9,9,15,48.39,0,8,4,50.0,12,15,31,39,25,32.47,20,207,126,333,152.8,22,0,530,1,0,0,Chemsdine Talbi,Sunderland,1142675,41,england,2526,20260326
2,9,21.43,99,7,53.85,160,61,221,78.37,11,44.0,14,23,1,0,0,0,50,2,1,4,0,11,22,0,0,19,12,80,0,0,1.54,1.06,16,0,6.67,0,1,2,17,12,5,1,0,,58,46.77,1,0,0,61,10,14,0,14,1175,9,2,0,0,0,0,0.0,0,0,0,0,178,4,0,6.64,0,0,0,0,0,0,0,0,1175.0,0.0,0,10,5,7,4,13,39.39,0,23,13,56.52,14,12,33,42,69,46.31,13,202,80,282,146.1,15,0,553,22,1,0,Dan Ndoye,Nottingham Forest,944327,14,england,2526,20260326
2,0,0.0,10,1,50.0,19,9,28,77.78,1,50.0,1,6,1,0,0,0,5,1,0,0,0,3,5,0,0,0,2,8,0,0,0.37,,3,0,0.0,0,0,1,2,2,0,0,0,,7,50.0,0,0,0,8,0,1,0,0,88,0,0,0,0,0,0,0.0,0,0,0,0,13,0,0,6.64,0,0,0,0,0,0,0,0,0.0,0.0,0,0,0,0,0,2,50.0,0,2,0,0.0,1,3,4,0,8,50.0,2,25,11,36,33.2,0,0,55,3,0,0,Frank Onyeka,Brentford,885864,50,england,2526,20260326
3,0,0.0,55,5,62.5,99,46,145,78.8,6,46.15,7,11,0,0,0,0,25,0,1,1,1,8,10,0,0,8,3,29,0,0,0.2,0.79,6,0,0.0,0,0,0,10,9,1,0,0,,28,56.0,0,0,0,39,4,4,0,6,508,2,1,0,0,0,0,0.0,0,0,0,0,67,5,0,6.64,0,0,0,0,0,0,0,0,0.0,0.0,0,5,0,2,2,1,14.29,0,13,10,76.92,4,8,7,1,34,53.97,8,133,51,184,66.4,5,0,267,14,0,0,Harrison Armstrong,Everton,1627560,48,england,2526,20260326
5,1,12.5,100,4,66.67,144,51,195,60.37,97,39.59,148,28,1,1,0,0,36,2,14,6,3,26,28,0,0,24,4,223,0,0,1.0,11.59,32,0,17.24,0,10,11,28,23,5,10,0,,46,38.02,3,0,3,128,2,17,1,23,2119,22,5,0,0,3,0,66.67,0,2,0,1,268,16,0,6.64,0,5,0,0,0,0,0,0,211.9,0.0,0,53,5,26,26,6,23.08,0,10,4,40.0,17,10,26,8,143,39.07,6,261,62,323,185.9,58,1,667,30,1,0,Dominic Calvert-Lewin,Leeds United,372344,34,england,2526,20260326
3,4,50.0,150,9,60.0,282,185,467,90.33,9,52.94,8,21,1,0,0,0,64,0,1,4,1,6,21,0,0,7,10,48,0,1,0.89,1.04,15,0,15.38,0,2,3,23,21,2,1,1,,48,54.55,0,0,0,50,8,15,1,11,1087,2,3,0,0,0,1,0.0,0,0,0,0,89,11,0,6.64,1,1,0,0,0,0,0,0,543.5,0.0,0,9,4,5,4,9,42.86,0,26,12,46.15,15,5,21,8,57,54.29,15,319,198,517,139.4,13,0,666,13,3,1,Jacob Ramsey,Newcastle United,975937,39,england,2526,20260326
12,1,14.29,54,23,29.49,146,346,492,78.97,55,57.89,40,24,1,0,0,0,50,1,1,2,4,102,24,0,0,5,7,80,0,0,0.71,0.78,22,0,0.0,0,0,1,27,26,1,0,0,,42,51.22,0,0,0,131,15,4,0,18,1638,0,14,0,0,0,1,0.0,0,0,0,0,168,2,0,6.64,0,0,0,0,0,0,0,0,0.0,0.0,0,8,2,5,3,2,22.22,0,35,20,57.14,4,39,9,7,97,54.8,78,248,375,623,159.3,10,0,915,5,3,0,Kristoffer Ajer,Brentford,576384,50,england,2526,20260326
6,7,31.82,31,9,32.14,64,42,106,68.83,6,50.0,6,8,0,0,0,0,16,2,0,0,0,20,8,0,0,3,3,18,0,0,0.36,0.02,3,0,0.0,0,0,0,13,11,2,0,0,,21,63.64,0,0,0,48,6,5,0,6,428,1,1,0,0,0,0,0.0,0,0,0,0,78,3,0,6.64,0,0,0,0,0,0,0,0,0.0,0.0,0,0,1,0,1,5,62.5,0,13,11,84.62,5,10,8,22,27,60.0,28,104,50,154,53.1,1,0,283,3,0,0,Ki-Jana Hoever,Wolverhampton,954044,3,england,2526,20260326
17,2,13.33,132,15,60.0,189,80,269,69.33,17,39.53,26,25,2,0,0,0,53,6,2,11,2,25,25,0,0,53,13,148,0,0,2.22,2.37,27,0,5.71,0,2,4,17,12,5,2,0,,84,40.78,0,0,0,119,9,21,1,19,1626,10,1,1,0,0,0,0.0,0,0,0,1,315,17,0,6.64,0,1,0,0,0,0,0,0,813.0,0.0,0,22,13,12,12,25,45.45,0,27,16,59.26,21,38,55,15,101,40.56,25,281,107,388,165.9,35,0,820,32,2,0,Georginio Rutter,Brighton & Hove Albion,946695,30,england,2526,20260326
12,0,0.0,110,16,34.78,230,261,491,76.24,52,55.91,41,28,0,0,0,0,48,1,4,4,3,69,28,0,1,7,18,96,0,0,0.4,4.37,28,0,22.22,0,4,4,34,33,1,4,0,,45,45.0,0,0,0,153,15,9,1,17,1612,5,9,0,0,0,0,0.0,0,0,0,0,205,3,0,6.64,1,2,0,0,0,0,0,0,403.0,0.0,0,16,2,3,11,3,37.5,0,29,16,55.17,9,36,8,11,97,50.26,46,343,301,644,185.8,18,0,901,14,2,0,Tomáš Souček,West Ham United,799041,37,england,2526,20260326
9,3,21.43,90,7,53.85,154,40,194,78.23,8,72.73,3,18,1,0,0,0,40,1,2,4,0,2,18,0,0,17,5,69,1,0,0.88,1.72,11,0,6.25,0,1,2,11,10,1,1,0,,48,42.11,0,0,0,54,2,16,0,8,740,2,0,0,0,0,0,0.0,0,0,0,0,148,3,0,6.63,0,1,0,0,0,0,0,0,740.0,0.0,1,8,8,6,6,20,37.74,0,14,5,35.71,16,23,53,14,56,44.8,13,198,50,248,119.4,16,0,442,14,2,0,Brajan Gruda,Brighton & Hove Albion,1198075,30,england,2526,20260326
9,4,16.67,137,10,25.0,251,162,413,83.94,15,48.39,16,15,1,0,0,0,43,3,0,4,2,29,15,0,0,11,15,75,0,0,0.94,0.24,18,0,0.0,0,0,1,13,9,4,0,0,,46,43.81,0,0,1,79,13,4,0,12,932,1,4,0,0,0,0,0.0,0,0,0,0,150,3,0,6.63,0,0,0,0,0,0,0,0,0.0,0.0,0,4,2,2,0,7,31.82,0,19,15,78.95,4,16,22,24,61,44.85,40,310,182,492,99.5,6,0,808,20,5,0,Conor Bradley,Liverpool,1008402,44,england,2526,20260326
1,0,0.0,8,0,0.0,13,1,14,66.67,2,100.0,0,8,0,0,0,0,6,0,0,0,0,1,6,0,0,4,3,8,0,0,0.04,0.09,1,0,0.0,0,0,0,0,0,0,0,0,,4,33.33,0,0,0,7,0,1,0,0,70,0,0,0,0,0,0,0.0,0,0,0,0,12,1,0,6.63,0,0,0,0,0,0,0,0,0.0,0.0,0,2,0,2,0,0,0.0,0,4,3,75.0,1,2,0,0,6,42.86,0,20,1,21,39.8,2,0,39,0,1,0,Mohamadou Kanté,West Ham United,1523623,37,england,2526,20260326
0,2,25.0,5,1,16.67,14,25,39,81.25,1,100.0,0,3,0,0,0,0,3,0,0,1,0,4,3,0,0,1,3,9,0,0,0.08,0.07,3,0,0.0,0,0,0,2,2,0,0,0,,6,40.0,0,0,0,9,2,1,0,2,127,0,0,0,0,0,0,0.0,0,0,0,0,22,0,0,6.63,0,0,0,0,0,0,0,0,0.0,0.0,0,1,0,0,0,2,50.0,0,4,2,50.0,1,3,4,8,7,43.75,6,21,27,48,19.9,1,0,88,0,1,0,Arthur Masuaku,Sunderland,174975,41,england,2526,20260326
14,0,0.0,85,34,47.22,244,415,659,87.98,35,49.3,36,18,0,0,0,0,48,0,0,0,4,83,17,0,0,1,3,51,0,1,0.18,0.02,8,0,0.0,2,0,0,27,24,3,0,0,,25,62.5,0,0,0,90,12,3,0,15,1286,2,5,0,0,0,1,0.0,0,0,0,0,100,2,0,6.63,0,0,0,0,0,0,0,0,0.0,0.0,0,1,0,1,0,0,0.0,0,20,15,75.0,3,28,3,1,60,54.05,72,308,441,749,112.7,1,0,922,5,1,0,Bafodé Diakité,Bournemouth,962408,60,england,2526,20260326
24,2,40.0,83,40,35.71,283,672,955,86.82,71,68.27,33,28,0,0,0,0,91,1,0,0,1,177,28,0,0,3,13,60,2,1,0.64,0.67,10,0,0.0,7,0,0,57,55,2,0,0,,46,63.01,0,0,0,145,32,7,0,28,2405,0,23,2,0,0,0,0.0,0,0,0,0,162,2,0,6.63,0,0,0,0,0,0,0,0,0.0,0.0,0,8,1,8,1,2,66.67,0,32,22,68.75,7,62,3,5,117,66.1,112,382,718,1100,185.6,9,1,1450,12,0,0,Maxime Estève,Burnley,1117223,6,england,2526,20260326
14,0,0.0,28,22,40.74,117,286,403,84.49,40,61.54,25,15,0,0,0,0,31,0,1,1,2,96,14,0,0,2,3,35,1,1,0.26,0.21,5,0,0.0,0,0,0,24,21,3,0,0,,23,69.7,0,0,0,74,9,3,0,13,1179,2,8,0,0,0,0,0.0,0,0,0,0,82,0,0,6.63,0,0,0,0,0,0,0,0,0.0,0.0,0,5,0,3,1,2,100.0,0,19,13,68.42,3,31,2,1,63,64.29,54,165,312,477,92.8,5,0,653,3,0,0,Hjalmar Ekdal,Burnley,875360,6,england,2526,20260326
10,10,21.74,189,23,67.65,287,241,528,85.99,15,60.0,10,24,0,0,0,0,73,3,1,5,2,51,23,0,0,20,18,79,0,1,1.86,1.07,11,0,0.0,0,0,0,20,19,1,0,0,,68,49.64,0,0,0,86,13,20,0,13,1265,1,0,0,0,0,0,0.0,0,0,0,0,224,3,0,6.63,0,0,0,0,0,0,0,0,0.0,0.0,0,11,6,8,4,17,45.95,0,36,28,77.78,20,30,37,46,83,51.23,34,342,272,614,152.4,17,0,1039,15,2,0,Ian Maatsen,Aston Villa,976263,40,england,2526,20260326
2,0,0.0,20,1,50.0,35,35,70,80.46,8,26.67,22,12,0,0,0,0,17,1,1,6,0,10,12,0,0,11,3,53,0,0,0.48,1.77,7,0,13.33,0,2,2,12,10,2,2,0,,20,39.22,0,0,0,17,2,7,1,2,416,3,1,0,0,0,0,0.0,0,0,0,0,68,1,0,6.63,0,1,0,0,0,0,0,0,208.0,0.0,0,13,2,3,6,5,31.25,0,8,6,75.0,7,2,16,1,28,34.57,2,46,41,87,79.5,15,0,216,7,2,0,Edward Nketiah,Crystal Palace,858194,7,england,2526,20260326
6,16,34.04,109,8,61.54,219,196,415,85.04,19,39.58,29,20,2,0,0,0,50,1,2,4,2,25,20,0,0,7,5,81,0,2,1.36,1.84,38,0,7.69,0,1,3,17,15,2,1,0,,59,53.15,1,0,0,73,11,22,0,15,1239,0,7,0,0,0,0,0.0,0,0,0,0,129,3,0,6.63,0,0,0,0,0,0,0,0,1239.0,0.0,0,9,4,6,3,2,40.0,0,37,20,54.05,22,11,5,47,78,49.06,13,266,222,488,132.5,13,0,719,20,6,0,Saša Lukić,Fulham,371222,43,england,2526,20260326
5,7,25.93,43,9,45.0,102,60,162,73.64,11,61.11,7,18,2,0,0,0,21,3,0,2,0,26,16,0,0,2,3,22,0,0,1.04,0.12,7,0,0.0,0,0,2,20,18,2,0,0,,18,54.55,0,0,0,58,6,7,0,9,856,0,2,0,0,0,0,0.0,0,0,0,0,111,2,0,6.63,0,0,0,0,0,0,0,0,0.0,0.0,0,3,0,1,0,5,62.5,0,9,5,55.56,7,14,8,27,29,56.86,20,142,78,220,106.0,3,0,400,4,1,0,David Möller Wolfe,Wolverhampton,1031283,3,england,2526,20260326
2,0,0.0,36,1,20.0,110,101,211,87.92,4,57.14,3,8,0,0,0,0,25,0,0,1,0,13,8,0,0,3,2,12,1,0,0.1,0.36,4,0,0.0,0,0,0,15,13,2,0,0,,25,73.53,0,0,0,29,9,0,0,5,463,0,3,0,0,0,0,0.0,0,0,0,0,37,0,0,6.63,0,0,0,0,0,0,0,0,0.0,0.0,0,1,4,2,2,2,100.0,0,18,11,61.11,0,7,2,1,29,70.73,5,134,106,240,53.0,5,0,317,5,3,0,Yves Bissouma,Tottenham Hotspur,844842,33,england,2526,20260326
0,1,25.0,42,1,25.0,64,20,84,63.64,16,28.57,40,25,1,0,0,0,25,0,6,8,0,3,25,0,0,14,5,77,0,0,0.38,6.55,10,0,15.63,0,5,6,19,17,2,4,1,,26,41.27,2,0,0,48,3,7,2,10,1053,8,2,0,0,0,0,0.0,0,0,0,0,121,8,0,6.62,0,1,0,0,0,0,0,0,210.6,0.0,0,28,4,12,12,11,57.89,0,3,1,33.33,7,1,19,4,42,35.29,4,102,30,132,165.6,32,2,305,12,0,0,Callum Wilson,West Ham United,113956,37,england,2526,20260326
42,6,13.33,266,48,47.52,613,667,1280,86.84,52,52.0,48,31,1,0,0,0,88,1,0,3,3,70,31,0,0,5,14,114,0,1,1.49,0.5,38,0,0.0,32,0,1,39,37,2,0,0,,77,53.85,0,0,0,194,33,15,0,31,2626,0,9,0,0,0,0,0.0,0,0,0,0,295,4,0,6.62,0,0,0,0,0,0,0,0,0.0,0.0,0,3,2,0,2,6,40.0,0,60,35,58.33,15,87,15,45,129,53.09,101,727,747,1474,205.3,5,0,1945,11,5,0,Luke Shaw,Manchester United,190839,35,england,2526,20260326
0,0,0.0,6,0,0.0,10,7,17,70.83,0,0.0,2,9,1,0,0,0,10,0,1,1,0,1,9,0,0,9,2,18,0,0,0.12,0.46,4,0,25.0,0,1,2,2,2,0,1,0,,5,23.81,0,0,0,7,0,6,0,1,164,1,1,0,0,0,0,0.0,0,0,0,0,23,2,0,6.62,0,1,0,0,0,0,0,0,164.0,0.0,0,4,0,2,1,1,50.0,0,3,2,66.67,6,3,2,1,5,21.74,2,17,7,24,59.6,4,0,58,1,0,0,Stefanos Tzimas,Brighton & Hove Albion,1155321,30,england,2526,20260326
4,5,11.9,34,1,25.0,49,12,61,64.21,2,40.0,3,15,0,0,0,0,18,1,2,5,0,2,15,0,0,2,4,18,0,0,0.6,0.7,1,0,0.0,0,0,0,13,11,2,0,0,,17,53.13,0,0,0,34,1,8,0,4,422,1,0,0,0,0,0,0.0,0,0,0,0,93,3,0,6.62,0,0,0,0,0,0,0,0,0.0,0.0,0,4,6,3,2,5,38.46,0,5,4,80.0,8,8,13,42,19,51.35,4,76,19,95,99.3,10,0,202,7,0,0,Daniel James,Leeds United,828639,34,england,2526,20260326
0,0,0.0,15,0,0.0,37,31,68,89.47,2,66.67,1,6,0,0,0,0,10,0,0,1,0,2,5,0,0,0,4,7,0,0,0.04,0.03,2,0,0.0,0,0,0,2,2,0,0,0,,5,45.45,0,0,0,8,2,0,0,2,177,0,0,0,0,0,0,0.0,0,0,0,0,11,1,0,6.62,0,0,0,0,0,0,0,0,0.0,0.0,0,0,1,0,0,0,0.0,0,1,0,0.0,0,3,0,2,7,50.0,3,40,36,76,33.1,1,0,100,4,1,0,Guido Rodríguez,West Ham United,609752,37,england,2526,20260326
10,12,23.53,70,8,22.86,118,65,183,66.06,12,54.55,10,27,1,0,0,0,37,1,1,5,2,22,27,0,0,8,10,53,0,1,0.91,1.84,13,0,11.76,0,2,3,13,13,0,2,0,,34,44.16,0,0,0,94,3,14,0,13,1261,11,1,0,0,0,0,0.0,0,0,0,0,183,8,0,6.62,0,2,0,0,0,0,0,0,630.5,0.0,1,12,5,7,5,6,30.0,0,20,14,70.0,14,20,20,51,46,46.46,35,189,88,277,178.7,17,0,505,9,5,0,Brennan Johnson,Crystal Palace,1085180,7,england,2526,20260326
21,1,33.33,127,35,49.3,322,488,810,88.52,38,54.29,32,28,0,0,0,0,65,0,2,1,1,74,27,0,0,5,7,61,0,2,0.44,1.14,16,0,0.0,2,0,0,30,27,3,0,0,,35,54.69,0,0,0,105,25,3,0,17,1624,2,9,0,0,0,1,0.0,0,0,0,0,131,2,0,6.62,0,0,0,0,0,0,0,0,0.0,0.0,0,7,0,4,2,1,50.0,0,31,20,64.52,3,51,2,3,73,54.48,71,383,532,915,178.7,7,0,1135,3,1,0,Leny Yoro,Manchester United,1153315,35,england,2526,20260326
5,4,50.0,33,8,53.33,69,39,108,71.05,4,36.36,7,13,0,0,0,0,24,1,0,2,0,7,11,0,0,5,3,25,0,1,0.92,0.59,6,0,0.0,0,0,0,4,4,0,0,0,,23,56.1,0,0,0,44,3,7,0,8,569,1,1,0,0,0,0,0.0,0,0,0,0,69,2,0,6.62,0,0,0,0,0,0,0,0,0.0,0.0,0,6,2,5,1,4,50.0,0,11,8,72.73,7,12,8,8,27,51.92,15,95,57,152,72.8,8,0,237,8,0,0,Chris Rigg,Sunderland,1394089,41,england,2526,20260326
2,7,23.33,61,1,9.09,104,35,139,68.81,8,33.33,16,25,3,0,0,0,42,3,6,6,0,10,25,0,0,23,5,65,0,1,0.99,3.38,7,0,4.0,0,1,4,5,4,1,1,0,,40,44.94,0,0,0,63,0,9,0,9,852,5,1,0,0,0,0,0.0,0,0,0,0,162,13,0,6.62,0,1,0,0,0,0,0,0,852.0,0.0,0,22,3,9,10,18,54.55,0,10,7,70.0,9,8,33,30,48,42.48,11,156,46,202,165.4,25,0,418,13,2,0,Gabriel Martinelli,Arsenal,922573,42,england,2526,20260326
21,13,17.33,284,24,33.33,491,338,829,85.46,32,50.0,32,28,1,0,0,0,78,3,0,1,3,64,28,0,0,6,10,73,1,1,0.66,1.56,19,0,25.0,0,2,3,31,28,3,2,0,,72,63.72,0,0,0,141,13,24,1,25,2044,4,8,0,0,0,0,0.0,0,0,0,0,281,2,0,6.61,0,1,0,0,0,0,0,0,1022.0,0.0,0,6,2,5,2,11,55.0,0,40,26,65.0,24,46,20,75,104,58.76,72,591,379,970,185.2,8,1,1470,23,4,0,Miloš Kerkez,Liverpool,1097425,44,england,2526,20260326
2,0,0.0,29,0,0.0,44,18,62,72.09,4,26.67,11,7,2,0,0,0,11,2,1,1,1,8,7,0,0,4,2,29,0,0,0.64,0.61,8,0,20.0,0,1,3,7,7,0,0,1,,11,37.93,0,0,1,24,2,5,0,7,569,1,1,0,0,0,0,0.0,0,0,0,0,52,2,0,6.61,0,1,0,0,0,0,0,0,569.0,0.0,0,2,3,3,1,6,54.55,0,3,3,100.0,5,5,11,2,15,34.09,2,62,24,86,46.3,5,0,152,2,3,0,Adam Armstrong,Wolverhampton,361352,3,england,2526,20260326
5,9,29.03,110,8,80.0,205,152,357,89.47,10,35.71,18,23,0,0,0,0,58,0,4,6,1,15,22,0,0,26,14,95,0,0,0.62,3.25,25,0,6.25,0,1,1,21,17,4,1,0,,60,43.8,0,0,1,42,8,11,0,14,1121,3,2,0,0,0,0,0.0,0,0,0,0,126,7,0,6.61,0,1,0,0,0,0,0,0,1121.0,0.0,3,9,7,7,3,8,40.0,0,43,27,62.79,11,8,20,31,70,42.42,10,235,164,399,145.5,16,0,666,9,1,0,Jhon Arias,Wolverhampton,844096,3,england,2526,20260326
0,2,13.33,35,3,27.27,71,49,120,77.42,2,25.0,6,8,1,0,0,0,16,2,0,1,0,19,8,0,0,1,3,17,0,0,0.67,0.43,4,0,0.0,0,0,1,9,7,2,0,0,,19,63.33,0,0,0,35,5,3,0,6,506,0,0,0,0,0,0,0.0,0,0,0,0,62,3,0,6.61,0,0,0,0,0,0,0,0,0.0,0.0,0,3,0,2,0,4,57.14,0,14,9,64.29,3,8,7,15,21,55.26,11,94,61,155,52.9,3,0,260,1,1,0,Nathaniel Clyne,Crystal Palace,43215,7,england,2526,20260326
21,4,33.33,107,21,41.18,216,206,422,82.91,9,36.0,16,21,2,0,0,0,55,3,0,3,2,41,20,0,0,17,1,53,1,0,1.17,1.43,11,0,20.0,0,2,4,26,19,7,2,0,,19,33.93,1,0,0,87,14,8,0,17,1398,0,4,0,0,0,0,0.0,0,0,0,0,144,2,0,6.61,0,1,0,0,0,0,0,0,699.0,0.0,0,7,3,3,4,6,42.86,0,11,8,72.73,8,47,14,12,28,34.57,51,275,234,509,132.1,10,0,725,2,5,0,Archie Gray,Tottenham Hotspur,1142335,33,england,2526,20260326
10,3,17.65,81,11,61.11,142,93,235,76.3,5,38.46,8,20,1,0,0,0,38,1,2,3,0,14,20,0,0,8,5,56,2,1,0.93,2.11,22,0,13.33,0,2,3,22,20,2,2,0,,30,38.46,0,0,0,73,8,10,1,15,1155,8,0,0,0,1,0,100.0,0,1,0,0,144,3,0,6.61,0,1,0,0,0,0,0,0,577.5,0.0,1,9,6,6,6,8,36.36,0,8,3,37.5,10,19,22,17,35,38.46,18,192,116,308,132.1,15,0,490,14,3,0,Hee-Chan Hwang,Wolverhampton,786186,3,england,2526,20260326
20,10,21.74,189,31,39.74,351,303,654,81.55,21,48.84,22,24,0,0,0,0,99,4,2,2,6,51,23,0,0,24,10,115,2,4,1.75,0.86,23,0,0.0,0,0,0,29,23,6,0,0,,82,46.86,0,0,0,148,13,10,0,21,1819,2,3,0,0,0,0,0.0,0,0,0,0,320,7,0,6.6,0,0,0,0,0,0,0,0,0.0,0.0,0,6,5,2,7,26,40.63,0,38,23,60.53,10,50,64,46,103,47.25,78,449,353,802,151.9,11,0,1337,18,4,0,Djed Spence,Tottenham Hotspur,945798,33,england,2526,20260326
5,8,28.57,137,6,66.67,220,56,276,84.92,5,29.41,12,24,2,0,0,0,54,2,4,4,0,13,24,0,0,21,3,55,0,1,1.22,1.9,2,0,0.0,0,0,2,13,9,4,0,0,,44,50.57,0,0,1,49,1,20,0,10,990,2,0,0,0,0,0,0.0,0,0,0,0,141,7,0,6.6,0,0,0,0,0,0,0,0,0.0,0.0,0,14,8,10,8,24,58.54,0,10,9,90.0,20,8,41,28,49,47.12,9,254,71,325,158.5,22,0,539,10,0,0,Wilson Odobert,Tottenham Hotspur,1142679,33,england,2526,20260326
5,12,15.79,142,5,55.56,232,85,317,82.12,12,36.36,21,27,1,0,0,0,29,2,1,5,0,5,27,0,0,15,9,79,0,0,1.7,1.46,8,0,0.0,0,0,1,26,25,1,0,0,,47,44.76,0,0,0,69,3,15,0,13,1226,2,0,0,0,0,0,0.0,0,0,0,0,223,2,0,6.6,0,0,0,0,0,0,0,0,0.0,0.0,0,11,5,7,4,11,28.95,0,14,11,78.57,15,8,38,76,59,42.75,9,284,102,386,178.3,16,0,663,22,0,0,Anthony Elanga,Newcastle United,979232,39,england,2526,20260326
1,0,0.0,40,1,25.0,58,17,75,71.43,3,37.5,5,23,1,0,0,0,8,2,1,6,0,7,22,0,0,3,4,30,0,0,0.61,1.43,9,0,12.5,0,2,3,7,5,2,2,0,,15,37.5,0,0,0,30,4,3,0,1,354,2,2,0,0,0,0,0.0,0,0,0,0,73,0,0,6.6,0,2,0,0,0,0,0,0,177.0,0.0,0,12,4,6,4,2,18.18,0,8,6,75.0,3,6,11,14,18,37.5,4,83,22,105,145.2,16,0,205,5,3,0,Federico Chiesa,Liverpool,845386,44,england,2526,20260326
6,8,29.63,79,13,27.66,141,173,314,78.7,7,58.33,5,14,0,0,0,0,27,1,0,1,3,29,14,0,0,2,15,36,0,0,0.44,1.34,12,0,40.0,0,2,2,18,13,5,2,0,,27,46.55,0,0,0,85,4,7,1,11,1026,1,3,0,0,0,0,0.0,0,0,0,0,147,1,0,6.6,0,1,0,0,0,0,0,0,513.0,0.0,0,5,0,1,3,2,40.0,0,20,12,60.0,7,28,5,27,34,48.57,47,200,199,399,92.4,5,1,637,5,2,0,Nicolò Savona,Nottingham Forest,1010220,14,england,2526,20260326
4,4,26.67,52,1,50.0,63,19,82,77.36,4,50.0,4,9,1,0,0,0,23,0,0,3,0,2,9,0,0,7,4,37,0,0,1.21,0.3,5,0,0.0,0,0,1,8,7,1,0,0,,15,31.25,0,0,0,24,1,9,0,2,336,1,0,0,0,0,0,0.0,0,0,0,0,74,3,0,6.6,0,0,0,0,0,0,0,0,0.0,0.0,0,4,2,2,1,4,19.05,0,7,4,57.14,9,8,21,15,19,33.93,2,83,23,106,59.4,6,0,194,4,1,0,Leon Bailey,Aston Villa,808590,40,england,2526,20260326
0,0,0.0,0,0,0.0,0,0,0,0.0,0,0.0,2,1,0,0,0,0,0,0,0,0,0,0,1,0,0,0,0,2,0,0,,,0,0,0.0,0,0,0,0,0,0,0,0,,2,100.0,0,0,0,0,0,0,0,0,8,0,0,0,0,0,0,0.0,0,0,0,0,1,0,0,6.6,0,0,0,0,0,0,0,0,0.0,0.0,0,0,0,0,0,0,0.0,0,1,1,100.0,0,0,0,0,2,50.0,0,0,0,0,6.6,0,0,5,1,0,0,Odsonne Édouard,Crystal Palace,795228,7,england,2526,20260326
0,0,0.0,0,0,0.0,0,0,0,0.0,0,0.0,0,1,0,0,0,0,0,0,0,0,0,2,1,0,0,0,0,0,0,0,,,0,0,0.0,0,0,0,0,0,0,0,0,,0,0.0,0,0,0,1,0,0,0,0,10,0,0,0,0,0,0,0.0,0,0,0,0,1,0,0,6.6,0,0,0,0,0,0,0,0,0.0,0.0,0,0,0,0,0,0,0.0,0,0,0,0.0,0,0,0,0,0,0.0,1,1,0,1,6.6,0,0,3,0,0,0,Tyler Fredricson,Manchester United,1142182,35,england,2526,20260326
0,0,0.0,1,0,0.0,2,0,2,100.0,0,0.0,1,1,0,0,0,0,0,0,0,0,0,1,1,0,0,0,0,1,0,0,0.0,,0,0,0.0,0,0,0,0,0,0,0,0,,3,100.0,0,0,0,0,0,0,0,0,11,0,0,0,0,0,0,0.0,0,0,0,0,2,0,0,6.6,0,0,0,0,0,0,0,0,0.0,0.0,0,0,0,0,0,0,0.0,0,2,1,50.0,0,0,0,1,3,75.0,0,2,0,2,6.6,0,0,8,1,0,0,Jota Silva,Nottingham Forest,1011895,14,england,2526,20260326
0,0,0.0,1,0,0.0,2,4,6,85.71,0,0.0,0,1,0,0,0,0,1,0,0,0,0,0,1,0,0,0,0,1,0,0,0.0,,0,0,0.0,0,0,0,0,0,0,0,0,,1,50.0,0,0,0,1,0,0,0,0,8,0,0,0,0,0,0,0.0,0,0,0,0,2,0,0,6.6,0,0,0,0,0,0,0,0,0.0,0.0,0,0,0,0,0,0,0.0,0,0,0,0.0,0,0,1,0,1,50.0,0,2,5,7,6.6,0,0,11,1,0,0,Jamaldeen Jimoh,Aston Villa,1410178,40,england,2526,20260326
1,0,0.0,4,1,100.0,7,1,8,100.0,0,0.0,0,1,0,0,0,0,2,0,0,0,0,0,1,0,0,0,0,0,0,0,0.01,,0,0,0.0,0,0,0,0,0,0,0,0,,0,0.0,0,0,0,0,0,0,0,0,14,0,0,0,0,0,0,0.0,0,0,0,0,0,1,0,6.6,0,0,0,0,0,0,0,0,0.0,0.0,0,0,0,0,0,0,0.0,0,0,0,0.0,0,1,0,0,0,0.0,1,7,1,8,6.6,0,0,9,0,0,0,Callum Olusesi,Tottenham Hotspur,1403190,33,england,2526,20260326
0,0,0.0,1,0,0.0,2,1,3,100.0,0,0.0,1,2,0,0,0,0,2,0,0,0,0,1,2,0,0,0,1,4,0,0,0.0,,3,0,0.0,0,0,0,0,0,0,0,0,,4,57.14,0,0,0,0,0,0,0,0,31,0,0,0,0,0,0,0.0,0,0,0,0,2,0,0,6.6,0,0,0,0,0,0,0,0,0.0,0.0,0,0,0,0,0,0,0.0,0,3,0,0.0,0,0,0,0,4,50.0,0,2,1,3,13.2,0,0,10,1,0,0,Tawanda Chirewa,Wolverhampton,1005725,3,england,2526,20260326
0,0,0.0,1,1,100.0,4,4,8,88.89,0,0.0,2,3,0,0,0,0,0,0,0,0,0,1,1,0,0,0,0,2,0,0,0.0,,0,0,0.0,0,0,0,0,0,0,0,0,,1,100.0,0,0,0,1,1,0,0,0,13,0,0,0,0,0,0,0.0,0,0,0,0,1,0,0,6.6,0,0,0,0,0,0,0,0,0.0,0.0,0,0,0,0,0,0,0.0,0,0,0,0.0,0,0,0,0,1,33.33,1,5,4,9,6.6,0,0,14,1,0,0,Dan Neil,Sunderland,964106,41,england,2526,20260326
8,0,0.0,13,31,31.0,25,82,107,60.45,1,100.0,0,6,0,0,0,0,39,1,0,0,0,7,6,1,0,0,1,1,1,0,0.04,,0,0,0.0,16,0,0,11,10,1,0,0,-0.84,4,80.0,0,4,0,70,0,1,0,6,540,0,0,0,0,0,0,0.0,0,0,0,0,72,0,1,6.6,0,0,2,11,2,13,0,2,0.0,0.0,0,0,0,0,0,1,100.0,2,0,0,0.0,1,10,1,0,5,83.33,100,86,91,177,39.6,0,0,225,3,0,0,Altay Bayındır,Manchester United,815890,35,england,2526,20260326
2,3,25.0,25,5,83.33,51,32,83,89.25,0,0.0,4,7,0,0,0,0,14,0,0,0,0,0,5,0,0,2,1,9,0,0,0.18,,1,0,0.0,0,0,0,4,4,0,0,0,,6,54.55,0,0,0,10,1,3,0,2,163,0,1,0,0,0,0,0.0,0,0,0,0,24,2,0,6.6,0,0,0,0,0,0,0,0,0.0,0.0,0,0,0,0,0,0,0.0,0,6,3,50.0,3,5,1,12,6,40.0,6,60,33,93,33.0,0,0,130,0,0,0,Andy Irving,West Ham United,845464,37,england,2526,20260326
24,9,25.0,112,23,54.76,194,256,450,84.91,19,44.19,24,23,0,0,0,0,38,1,1,3,0,50,21,0,0,1,4,46,0,1,0.67,1.11,14,0,0.0,0,0,0,24,22,2,0,0,,31,58.49,0,0,0,80,23,10,0,13,1249,0,8,0,0,0,0,0.0,0,0,0,0,131,2,0,6.6,0,0,0,0,0,0,0,0,0.0,0.0,0,9,0,2,4,1,25.0,0,26,16,61.54,10,38,4,36,50,52.08,42,241,289,530,138.6,9,1,831,4,3,0,Timothy Castagne,Fulham,329417,43,england,2526,20260326
1,0,0.0,7,1,50.0,8,1,9,56.25,0,0.0,1,4,0,0,0,0,5,0,0,2,0,0,3,0,0,2,1,7,0,0,0.02,0.1,2,0,0.0,0,0,0,0,0,0,0,0,,8,57.14,0,0,0,7,0,1,0,0,38,0,0,0,0,0,0,0.0,0,0,0,0,14,1,0,6.6,0,0,0,0,0,0,0,0,0.0,0.0,0,0,3,0,1,5,83.33,0,0,0,0.0,1,2,6,2,8,53.33,2,12,4,16,19.8,3,0,34,3,0,0,Romelle Donovan,Brentford,1586020,50,england,2526,20260326
0,0,0.0,0,0,0.0,2,1,3,100.0,0,0.0,0,2,0,0,0,0,0,0,0,0,0,0,2,0,0,1,0,1,0,0,0.0,0.07,0,0,0.0,0,0,0,0,0,0,0,0,,2,66.67,0,0,1,0,0,0,0,0,23,0,0,0,0,0,0,0.0,0,0,0,0,3,0,0,6.6,0,0,0,0,0,0,0,0,0.0,0.0,0,0,3,2,1,1,100.0,0,1,1,100.0,0,0,1,0,2,66.67,0,2,1,3,13.2,3,0,12,0,0,0,Shea Lacey,Manchester United,1465865,35,england,2526,20260326
2,0,0.0,0,0,0.0,3,16,19,82.61,2,50.0,2,6,0,0,0,0,4,0,0,0,0,6,5,0,0,1,2,6,0,0,0.0,0.05,1,0,0.0,0,0,0,1,1,0,0,0,,0,0.0,0,0,0,4,0,0,0,0,63,0,1,0,0,0,0,0.0,0,0,0,0,8,1,0,6.6,0,0,0,0,0,0,0,0,0.0,0.0,0,0,1,0,1,0,0.0,0,0,0,0.0,0,4,0,0,2,25.0,1,6,17,23,33.0,1,0,41,0,0,0,Christian Nørgaard,Arsenal,135256,42,england,2526,20260326
0,0,0.0,9,0,0.0,10,4,14,82.35,0,0.0,0,3,0,0,0,0,3,0,0,0,0,0,3,0,0,0,0,0,0,0,0.05,0.05,0,0,0.0,0,0,0,2,2,0,0,0,,3,100.0,0,0,0,3,1,0,0,0,56,0,0,0,0,0,0,0.0,0,0,0,0,9,0,0,6.6,0,0,0,0,0,0,0,0,0.0,0.0,0,1,0,1,0,2,100.0,0,0,0,0.0,0,0,2,2,3,100.0,1,13,4,17,19.8,1,0,30,1,0,0,Alysson,Aston Villa,1631879,40,england,2526,20260326
0,0,0.0,3,1,100.0,12,5,17,100.0,0,0.0,0,2,0,0,0,0,1,0,0,1,0,0,2,0,0,0,0,1,0,0,0.01,0.04,1,0,0.0,0,0,0,0,0,0,0,0,,0,0.0,0,0,0,0,0,0,0,0,25,0,0,0,0,0,0,0.0,0,0,0,0,0,0,0,6.6,0,0,0,0,0,0,0,0,0.0,0.0,0,0,1,0,0,0,0.0,0,0,0,0.0,0,0,0,0,0,0.0,1,12,5,17,13.2,1,0,20,0,0,0,George Hemmings,Aston Villa,1398204,40,england,2526,20260326
63,6,20.69,195,75,37.88,434,429,863,75.57,39,50.0,39,29,2,0,0,0,128,3,0,2,4,89,29,0,0,13,17,107,0,2,1.05,0.13,27,0,0.0,0,0,2,53,49,4,0,0,,74,52.11,0,0,0,279,38,10,0,29,2549,1,10,0,0,0,0,0.0,0,0,0,0,487,4,0,6.6,0,0,0,0,0,0,0,0,0.0,0.0,0,1,2,1,0,11,47.83,0,43,24,55.81,10,133,23,29,113,51.36,198,635,507,1142,191.3,3,0,1828,20,8,0,Kyle Walker,Burnley,44614,6,england,2526,20260326
10,0,0.0,111,12,41.38,224,158,382,86.04,10,37.04,17,18,0,0,0,0,41,0,0,0,1,26,17,0,0,12,7,48,1,0,0.27,1.13,9,0,20.0,0,1,1,22,21,1,1,0,,62,66.67,0,0,0,62,7,5,0,10,971,1,3,0,0,0,0,0.0,0,0,0,0,109,4,0,6.59,0,1,0,0,0,0,0,0,971.0,0.0,0,5,0,2,3,10,66.67,0,34,21,61.76,5,19,15,9,72,60.0,29,264,180,444,112.1,5,0,704,18,2,0,Kyle Walker-Peters,West Ham United,823085,37,england,2526,20260326
4,1,50.0,84,6,37.5,184,196,380,89.2,8,34.78,15,24,0,0,0,0,33,0,0,0,1,20,23,0,0,6,5,45,1,2,0.19,,14,0,0.0,0,0,0,13,11,2,0,0,,39,56.52,0,0,0,46,3,2,0,8,857,0,5,0,0,0,0,0.0,0,0,0,0,72,2,0,6.59,0,0,0,0,0,0,0,0,0.0,0.0,0,0,0,0,0,2,28.57,0,20,13,65.0,2,8,7,2,47,51.09,16,213,213,426,151.6,0,0,557,17,5,0,Lamare Bogarde,Aston Villa,1089388,40,england,2526,20260326
19,16,41.03,155,23,33.82,309,207,516,75.99,20,47.62,22,22,2,0,0,0,66,1,0,0,3,90,22,0,0,13,7,76,0,3,0.93,,21,0,0.0,0,0,2,39,36,3,0,0,,55,50.46,0,0,0,163,38,17,0,21,1906,1,6,0,0,0,0,0.0,0,0,0,0,291,3,0,6.59,0,0,0,0,0,0,0,0,0.0,0.0,0,0,0,0,0,14,46.67,0,29,19,65.52,17,41,30,39,75,49.67,68,427,252,679,145.0,0,1,1241,12,4,0,Aaron Wan-Bissaka,West Ham United,863653,37,england,2526,20260326
10,0,0.0,58,24,39.34,198,458,656,87.82,24,50.0,24,20,1,0,0,0,86,0,1,1,1,93,20,0,1,1,6,42,0,2,0.33,0.24,7,0,0.0,15,0,1,34,32,2,0,0,,43,70.49,0,0,1,91,16,5,0,20,1700,1,12,0,0,0,0,0.0,0,0,0,0,111,1,0,6.59,1,0,0,0,0,0,0,0,0.0,0.0,0,2,0,1,0,3,42.86,0,38,24,63.16,5,30,7,2,67,61.47,61,255,492,747,131.8,2,0,983,3,4,0,Jean-Clair Todibo,West Ham United,945217,37,england,2526,20260326
3,0,0.0,87,2,40.0,147,83,230,79.58,3,15.79,16,25,2,0,0,0,51,0,3,5,0,12,25,0,0,17,6,64,1,0,0.51,2.31,11,0,4.17,0,1,3,16,15,1,1,0,,62,56.36,0,0,0,59,2,12,0,14,1147,2,4,0,0,0,0,0.0,0,0,0,0,144,4,0,6.59,0,1,0,0,0,0,0,0,1147.0,0.0,0,17,7,9,10,15,46.88,0,24,12,50.0,12,8,32,11,65,50.39,5,191,98,289,164.7,24,0,507,23,3,0,Joshua King,Fulham,1546231,43,england,2526,20260326
21,0,0.0,23,93,26.5,67,232,299,53.58,5,71.43,2,16,0,0,0,0,100,0,0,0,3,16,16,0,0,0,0,3,0,0,0.03,,1,0,0.0,84,0,0,29,28,1,0,0,-2.18,2,66.67,0,9,0,259,0,0,0,16,1440,0,0,0,0,0,1,0.0,4,0,0,0,274,0,6,6.59,0,0,3,29,8,38,0,8,0.0,0.0,0,0,0,0,0,0,0.0,3,0,0,0.0,0,36,0,0,7,70.0,351,293,265,558,105.4,0,0,700,3,2,0,Lucas Perri,Leeds United,871290,34,england,2526,20260326
2,2,66.67,24,4,40.0,44,24,68,83.95,3,75.0,1,6,0,0,0,0,6,0,0,1,0,4,6,0,0,1,0,2,0,0,0.49,0.12,0,0,0.0,0,0,0,3,3,0,0,0,,1,50.0,0,0,0,13,1,2,0,0,134,0,0,0,0,0,0,0.0,0,0,0,0,17,0,0,6.58,0,0,0,0,0,0,0,0,0.0,0.0,0,1,0,0,0,1,100.0,0,0,0,0.0,2,4,1,3,4,66.67,10,53,28,81,39.5,1,0,101,0,0,0,Ezra Mayers,West Ham United,1652590,37,england,2526,20260326
1,0,0.0,40,0,0.0,65,37,102,60.36,79,46.2,92,31,1,0,0,0,25,1,8,8,0,32,30,0,0,21,2,164,0,1,0.2,7.17,28,0,18.75,0,6,7,14,13,1,6,0,,36,33.33,2,0,1,67,1,8,1,12,1241,7,2,0,0,0,0,0.0,0,0,0,0,180,7,0,6.58,0,3,0,0,0,0,0,0,206.83,0.0,0,31,1,11,13,11,30.56,0,14,3,21.43,8,2,36,2,115,41.22,0,115,54,169,197.4,32,2,449,11,2,0,Beto,Everton,987489,48,england,2526,20260326
4,2,11.76,33,3,27.27,57,36,93,79.49,1,25.0,3,11,0,0,0,0,13,1,1,1,0,2,10,0,0,0,3,11,0,0,0.24,0.28,1,0,0.0,0,0,0,5,5,0,0,0,,12,60.0,0,0,0,24,4,2,0,1,263,0,0,0,0,0,1,0.0,0,0,0,0,53,2,0,6.58,0,0,0,0,0,0,0,0,0.0,0.0,0,2,4,3,2,3,42.86,0,5,2,40.0,2,9,7,17,13,54.17,11,74,43,117,65.8,6,0,182,4,0,0,Jack Harrison,Leeds United,829570,34,england,2526,20260326
8,8,19.05,133,12,75.0,193,78,271,81.63,6,21.43,22,18,0,0,0,0,44,3,1,5,0,2,18,0,0,15,9,74,0,0,1.52,2.25,15,0,12.5,0,2,2,18,14,4,1,1,,30,36.59,0,0,1,61,4,21,0,10,920,2,1,0,0,0,0,0.0,0,0,0,0,148,10,0,6.58,0,2,0,0,0,0,0,0,460.0,0.0,3,5,11,7,4,11,44.0,0,10,6,60.0,21,14,25,42,36,32.73,16,239,93,332,118.4,16,0,510,9,4,0,Justin Kluivert,Bournemouth,851596,60,england,2526,20260326
4,0,0.0,29,0,0.0,41,20,61,57.01,22,26.83,60,26,0,0,0,0,19,0,2,11,1,15,24,0,0,14,5,104,0,0,0.19,3.74,13,0,10.53,0,4,4,15,12,3,4,0,,19,30.16,1,0,0,46,0,0,0,11,1073,11,1,0,0,0,0,0.0,0,0,0,0,93,3,0,6.58,0,3,0,0,0,0,0,0,268.25,0.0,0,35,3,13,14,6,30.0,0,9,6,66.67,0,5,20,0,41,28.28,5,80,27,107,157.8,38,0,249,4,1,0,Wilson Isidor,Sunderland,877980,41,england,2526,20260326
2,0,0.0,5,1,100.0,8,5,13,65.0,1,25.0,3,4,0,0,0,0,2,0,0,0,0,0,4,0,0,2,1,9,0,0,0.04,,2,0,0.0,0,0,0,0,0,0,0,0,,5,45.45,0,0,0,7,0,0,0,0,54,0,0,0,0,0,0,0.0,0,0,0,0,16,1,0,6.58,0,0,0,0,0,0,0,0,0.0,0.0,0,0,0,0,0,1,50.0,0,2,1,50.0,0,2,2,2,6,40.0,1,13,7,20,26.3,0,0,37,2,0,0,Romain Esse,Crystal Palace,1438837,7,england,2526,20260326
16,20,23.81,89,14,41.18,204,165,369,75.77,23,43.4,30,28,1,0,0,0,59,3,0,0,3,54,27,0,0,7,12,65,0,2,1.58,0.33,8,0,0.0,0,0,1,31,24,7,0,0,,40,53.33,0,0,0,118,14,19,0,17,1707,2,8,0,0,0,0,0.0,0,0,0,0,241,4,0,6.57,0,0,0,0,0,0,0,0,0.0,0.0,0,2,0,1,1,5,35.71,0,27,14,51.85,19,33,14,84,63,49.22,34,289,198,487,177.5,2,0,861,8,3,0,Jackson Tchatchoua,Wolverhampton,1096210,3,england,2526,20260326
0,0,0.0,7,0,0.0,15,15,30,81.08,6,30.0,14,17,0,0,0,0,14,0,0,3,1,0,15,0,0,3,1,33,0,0,0.05,0.69,13,0,25.0,0,2,2,7,7,0,2,0,,9,32.14,0,0,0,7,1,1,2,1,333,0,1,0,0,0,0,0.0,0,0,0,0,27,2,0,6.57,0,0,0,0,0,0,0,0,166.5,0.0,0,7,1,1,4,4,50.0,0,2,1,50.0,1,1,8,1,15,31.25,1,20,17,37,98.6,8,0,92,3,0,0,William Osula,Newcastle United,1122603,39,england,2526,20260326
4,2,28.57,96,1,33.33,133,27,160,59.7,25,31.65,54,29,0,0,0,0,47,3,8,11,3,17,29,0,0,21,7,133,0,1,1.77,9.35,28,0,25.58,0,11,11,11,8,3,10,1,,34,30.09,1,0,1,108,1,16,1,23,1907,2,2,0,0,2,0,100.0,0,2,0,0,234,17,0,6.57,0,9,0,0,0,0,0,0,173.36,0.0,0,39,4,15,17,6,18.75,0,6,5,83.33,16,11,32,7,59,30.73,3,225,43,268,190.6,43,3,540,23,4,0,Viktor Gyökeres,Arsenal,804508,42,england,2526,20260326
2,0,0.0,17,2,28.57,27,4,31,44.29,42,46.67,48,14,1,0,0,0,10,1,4,5,0,18,14,0,0,6,0,69,0,0,0.06,1.94,11,0,4.76,0,1,2,9,9,0,1,0,,18,46.15,0,0,0,39,2,6,1,5,580,3,2,1,0,0,0,0.0,0,0,0,0,79,3,0,6.57,0,0,0,0,0,0,0,0,580.0,0.0,0,19,2,12,4,4,40.0,0,4,1,25.0,6,10,10,1,60,46.51,7,62,8,70,92.0,21,0,200,10,1,0,Rodrigo Muniz,Fulham,1015256,43,england,2526,20260326
1,0,0.0,12,0,0.0,20,8,28,93.33,0,0.0,0,7,0,0,0,0,13,0,2,0,0,2,7,0,0,2,2,7,0,0,0.08,0.68,0,0,0.0,0,0,0,1,1,0,0,0,,6,46.15,0,0,1,2,0,0,0,0,78,0,1,0,0,0,0,0.0,0,0,0,0,10,2,0,6.57,0,0,0,0,0,0,0,0,0.0,0.0,0,2,2,3,1,2,40.0,0,2,1,50.0,0,1,5,1,6,46.15,0,22,8,30,46.0,4,0,54,2,0,0,Reiss Nelson,Brentford,826139,50,england,2526,20260326
1,0,0.0,6,5,26.32,19,106,125,80.65,21,50.0,21,11,0,0,0,0,10,0,0,0,0,60,10,0,0,0,2,27,0,0,0.02,0.08,4,0,0.0,0,0,0,11,10,1,0,0,,4,40.0,0,0,0,30,5,0,0,5,517,0,7,0,0,0,0,0.0,0,0,0,0,37,0,0,6.57,0,0,0,0,0,0,0,0,0.0,0.0,0,1,0,1,0,0,0.0,0,4,3,75.0,0,6,0,0,25,48.08,19,43,112,155,65.7,1,0,253,1,0,0,Joe Worrall,Burnley,838399,6,england,2526,20260326
1,1,100.0,33,4,26.67,128,279,407,92.5,10,58.82,7,12,0,0,0,0,23,0,0,1,1,19,12,0,0,5,3,20,2,3,0.13,0.6,2,0,33.33,4,1,1,12,12,0,1,0,,24,64.86,1,0,0,33,10,2,0,7,587,1,2,0,0,0,0,0.0,0,0,0,0,51,2,0,6.57,0,0,0,0,0,0,0,0,587.0,0.0,0,3,0,0,2,10,76.92,0,9,6,66.67,2,11,13,1,34,62.96,15,144,296,440,78.8,3,1,539,5,1,0,Josh Acheampong,Chelsea,1403050,38,england,2526,20260326
4,0,0.0,22,5,50.0,91,149,240,92.66,9,90.0,1,7,0,0,0,0,17,0,0,0,0,14,6,0,0,1,2,4,0,0,0.06,,0,0,0.0,1,0,0,8,7,1,0,0,,2,40.0,0,0,0,19,2,1,0,4,363,0,4,0,0,0,0,0.0,0,0,0,0,27,1,0,6.57,0,0,0,0,0,0,0,0,0.0,0.0,0,0,0,0,0,2,100.0,0,0,0,0.0,1,6,2,4,11,73.33,10,103,156,259,39.4,0,0,296,0,0,0,John Stones,Manchester City,152077,17,england,2526,20260326
0,0,0.0,4,2,66.67,23,14,37,82.22,1,20.0,4,3,0,0,0,0,4,0,0,0,0,0,3,0,0,4,0,11,0,0,0.03,0.03,2,0,0.0,0,0,0,0,0,0,0,0,,6,46.15,0,0,0,8,1,2,0,0,107,0,1,0,0,0,0,0.0,0,0,0,0,16,0,0,6.57,0,0,0,0,0,0,0,0,0.0,0.0,0,0,1,1,0,0,0.0,0,5,2,40.0,2,1,1,0,7,38.89,3,27,18,45,19.7,1,0,63,1,0,0,Jack Fletcher,Manchester United,1402726,35,england,2526,20260326
22,21,26.92,149,25,26.04,302,349,651,76.23,15,35.71,27,29,0,0,0,0,102,3,0,5,3,74,29,0,0,24,25,140,1,0,2.02,1.1,30,0,0.0,0,0,0,42,37,5,0,0,,147,56.54,0,0,0,203,21,19,0,28,2373,3,6,1,0,0,0,0.0,0,0,0,0,416,8,0,6.57,1,0,0,0,0,0,0,0,0.0,0.0,0,11,7,10,3,35,50.72,0,61,41,67.21,19,51,69,78,162,53.64,96,438,416,854,190.4,18,0,1540,51,4,1,Gabriel Gudmundsson,Leeds United,834308,34,england,2526,20260326
17,0,0.0,99,9,37.5,200,198,398,82.4,9,36.0,16,20,3,0,0,0,47,2,3,7,1,20,19,0,0,7,9,62,0,2,1.57,2.19,27,0,4.35,0,1,4,17,14,3,0,1,,24,34.29,0,0,0,85,4,11,0,13,1179,2,5,1,0,0,0,0.0,0,0,0,0,126,5,0,6.56,0,1,0,0,0,0,0,0,1179.0,0.0,0,17,6,9,7,2,28.57,0,14,11,78.57,11,32,7,4,33,34.74,24,261,222,483,124.7,23,0,635,8,0,0,Jack Hinshelwood,Brighton & Hove Albion,1142315,30,england,2526,20260326
1,0,0.0,9,0,0.0,14,6,20,60.61,4,50.0,4,8,0,0,0,0,4,1,2,3,0,2,8,0,0,1,1,7,0,0,0.36,1.26,1,0,14.29,0,1,1,4,4,0,1,0,,3,50.0,0,0,1,13,0,4,0,1,206,0,0,0,0,0,0,0.0,0,0,0,0,17,1,0,6.56,0,1,0,0,0,0,0,0,206.0,0.0,0,6,1,2,2,0,0.0,0,3,1,33.33,4,4,0,0,7,50.0,1,23,10,33,52.5,7,0,54,0,0,0,Tammy Abraham,Aston Villa,610766,40,england,2526,20260326
3,0,0.0,50,1,16.67,102,49,151,62.4,81,48.8,85,27,1,0,0,1,24,1,8,7,1,35,26,0,0,21,1,134,0,0,0.42,4.62,16,0,7.69,0,3,4,25,21,4,3,0,,37,43.02,2,0,1,91,5,11,0,12,1260,6,1,0,0,1,0,0.0,0,0,0,0,199,6,0,6.56,0,1,0,0,0,0,0,0,420.0,0.0,1,33,6,19,13,18,58.06,0,6,4,66.67,11,5,31,0,118,46.83,6,169,73,242,170.6,39,0,529,13,1,0,Tolu Arokodare,Wolverhampton,987734,3,england,2526,20260326
2,1,14.29,29,3,75.0,50,38,88,86.27,2,28.57,5,14,0,0,0,0,22,0,0,3,1,4,13,0,0,10,6,46,0,0,0.16,0.2,11,0,0.0,0,0,0,2,2,0,0,0,,31,43.06,0,0,0,14,6,4,0,4,371,0,1,0,0,0,0,0.0,0,0,0,0,59,2,0,6.56,0,0,0,0,0,0,0,0,0.0,0.0,0,3,1,1,0,13,48.15,0,7,3,42.86,4,2,27,7,33,41.77,4,61,41,102,85.3,4,0,207,11,2,0,Tyler Dibling,Everton,1174472,48,england,2526,20260326
2,0,0.0,25,1,33.33,36,8,44,66.67,5,27.78,13,10,1,0,0,0,11,1,5,2,0,6,10,0,0,4,1,27,0,0,0.09,2.05,5,0,13.33,0,2,3,7,5,2,2,0,,7,33.33,0,0,0,22,0,2,1,6,519,0,0,0,0,0,0,0.0,0,0,0,0,49,3,0,6.56,0,1,0,0,0,0,0,0,259.5,0.0,0,13,2,9,4,1,16.67,0,6,5,83.33,2,5,6,2,12,30.77,3,54,12,66,65.6,15,0,134,0,0,0,Alexander Isak,Liverpool,823941,44,england,2526,20260326
10,6,12.77,107,11,30.56,204,160,364,82.92,3,25.0,9,15,0,0,0,0,69,1,0,4,1,30,15,0,1,8,18,53,0,0,1.22,0.32,11,0,0.0,0,0,0,24,20,4,0,0,,38,46.34,0,0,1,75,15,16,0,12,1103,5,5,0,0,0,0,0.0,0,0,0,0,172,5,0,6.56,1,0,0,0,0,0,0,0,0.0,0.0,0,6,5,6,1,11,61.11,0,24,19,79.17,16,27,18,47,41,43.62,36,256,183,439,98.4,11,0,742,3,0,0,Lucas Pires,Burnley,1136896,6,england,2526,20260326
7,0,0.0,34,8,40.0,95,127,222,83.46,9,50.0,9,18,0,0,0,0,33,0,1,1,0,20,17,0,0,5,6,32,0,0,0.13,0.41,6,0,0.0,0,0,0,8,6,2,0,0,,20,46.51,0,0,0,44,7,0,0,7,617,0,4,0,0,0,0,0.0,0,0,0,0,78,0,0,6.56,0,0,0,0,0,0,0,0,0.0,0.0,0,3,2,3,1,0,0.0,0,12,6,50.0,0,15,7,4,29,47.54,20,121,145,266,111.5,5,0,414,8,1,0,Aaron Hickey,Brentford,966869,50,england,2526,20260326
13,1,33.33,43,27,35.53,186,418,604,87.92,47,57.32,35,21,0,0,0,0,43,0,2,2,1,111,19,0,0,5,7,63,0,0,0.31,0.57,16,0,0.0,16,0,0,37,35,2,0,0,,22,44.0,0,0,0,83,9,4,0,17,1565,0,24,0,0,0,2,0.0,0,0,0,0,98,0,0,6.56,0,0,0,0,0,0,0,0,0.0,0.0,0,6,1,4,1,4,80.0,0,16,8,50.0,4,44,5,3,69,52.27,76,249,438,687,124.6,7,0,916,2,4,0,Max Kilman,West Ham United,894474,37,england,2526,20260326
21,1,9.09,89,27,28.72,234,470,704,79.37,82,58.57,58,23,2,0,0,0,61,0,0,2,5,134,23,0,0,6,17,113,0,2,0.36,0.37,33,0,0.0,3,0,2,28,25,3,0,0,,41,42.71,0,0,0,183,17,6,0,21,1824,2,10,0,0,0,1,0.0,0,0,0,1,243,2,0,6.56,1,0,0,0,0,0,0,0,0.0,0.0,0,5,0,2,1,2,100.0,0,31,21,67.74,6,51,2,11,123,52.12,94,361,526,887,150.8,5,0,1256,9,7,1,Dan Burn,Newcastle United,99090,39,england,2526,20260326
11,4,22.22,67,10,76.92,122,57,179,74.58,13,40.63,19,23,0,0,0,0,23,0,1,4,0,8,23,0,0,11,14,60,0,2,0.69,0.94,4,0,6.25,0,1,1,15,13,2,0,1,,29,41.43,0,0,3,61,2,5,1,9,891,1,1,0,0,0,0,0.0,0,0,0,0,126,3,0,6.55,0,0,0,0,0,0,0,0,891.0,0.0,2,7,9,5,7,4,25.0,0,14,7,50.0,5,20,16,18,42,41.18,13,165,75,240,150.7,16,0,403,12,1,0,Loum Tchaouna,Burnley,1004505,6,england,2526,20260326
2,0,0.0,18,0,0.0,34,19,53,67.09,11,36.67,19,8,0,0,0,0,7,0,3,0,0,5,8,0,0,2,4,30,0,1,0.12,2.77,5,0,12.5,0,2,2,8,6,2,2,0,,6,35.29,0,0,1,26,0,3,1,7,544,3,1,0,0,0,0,0.0,0,0,0,0,40,3,0,6.55,0,1,0,0,0,0,0,0,272.0,0.0,0,16,0,10,6,1,100.0,0,1,1,100.0,3,6,1,1,17,36.17,1,55,24,79,52.4,16,1,125,4,0,0,Chris Wood,Nottingham Forest,50480,14,england,2526,20260326
9,4,26.67,114,4,26.67,205,151,356,85.37,6,42.86,8,14,1,0,0,0,49,2,0,1,0,14,14,0,0,9,9,49,0,1,0.66,0.17,12,0,0.0,0,0,1,19,16,3,0,0,,37,47.44,0,0,0,61,3,9,0,8,842,3,4,0,0,0,0,0.0,0,0,0,0,117,1,0,6.55,0,0,0,0,0,0,0,0,0.0,0.0,0,3,0,1,1,5,31.25,0,20,11,55.0,9,14,16,15,43,46.74,15,245,172,417,91.7,3,0,626,13,3,0,Destiny Udogie,Tottenham Hotspur,983572,33,england,2526,20260326
5,3,8.82,50,18,42.86,105,113,218,80.74,7,50.0,7,12,0,0,0,0,35,3,0,0,0,29,12,0,0,0,9,28,1,0,0.31,0.18,6,0,0.0,0,0,0,16,15,1,0,0,,38,64.41,0,0,0,52,13,4,0,9,657,1,1,0,0,0,0,0.0,0,0,0,1,115,2,0,6.55,0,0,0,0,0,0,0,0,0.0,0.0,0,3,0,3,0,2,22.22,0,29,21,72.41,4,17,9,34,45,61.64,42,142,128,270,78.6,3,0,493,7,1,0,Oliver Scarles,West Ham United,1150952,37,england,2526,20260326
2,0,0.0,32,4,50.0,63,85,148,88.62,1,12.5,7,14,0,0,0,0,14,0,0,0,0,8,12,0,0,4,2,20,0,1,0.06,0.05,6,0,0.0,0,0,0,5,5,0,0,0,,15,53.57,0,0,0,19,2,3,0,1,336,0,0,0,0,0,0,0.0,0,0,0,0,33,0,0,6.55,0,0,0,0,0,0,0,0,0.0,0.0,0,1,0,1,0,5,83.33,0,4,3,75.0,3,3,6,0,16,44.44,8,75,92,167,78.6,1,0,233,6,3,0,Myles Lewis-Skelly,Arsenal,1423711,42,england,2526,20260326
1,0,0.0,59,1,50.0,99,46,145,81.92,10,43.48,13,19,2,0,0,0,42,2,3,1,1,9,19,0,0,28,5,86,1,0,0.92,1.56,15,0,9.09,0,1,3,15,14,1,1,0,,57,43.85,0,0,1,32,5,5,0,9,896,0,3,0,0,0,0,0.0,0,0,0,0,124,3,0,6.55,0,1,0,0,0,0,0,0,896.0,0.0,0,11,0,4,6,13,34.21,0,24,13,54.17,5,3,38,11,67,43.79,2,124,53,177,124.4,11,0,397,20,0,0,Evann Guessand,Crystal Palace,930245,7,england,2526,20260326
22,13,23.64,139,26,34.21,288,294,582,76.58,22,46.81,25,29,1,0,0,0,119,4,3,7,3,64,29,0,0,28,21,138,1,1,1.69,2.08,32,0,5.88,0,1,2,41,36,5,1,0,,93,45.15,0,0,0,178,29,14,1,27,2417,9,4,0,0,0,0,0.0,0,0,0,1,350,14,0,6.54,0,0,0,0,0,0,0,0,2417.0,0.0,0,10,7,6,4,16,32.65,0,54,34,62.96,14,55,49,55,115,45.45,76,421,339,760,189.8,17,0,1335,23,6,0,Jayden Bogle,Leeds United,929132,34,england,2526,20260326
18,0,0.0,77,23,54.76,193,280,473,85.69,17,51.52,16,25,0,0,0,0,74,0,1,6,1,23,24,0,0,13,13,76,0,4,0.31,0.53,26,0,0.0,0,0,0,17,15,2,0,0,,53,46.9,0,0,0,79,24,4,0,19,1303,0,3,0,0,0,1,0.0,0,0,0,0,127,8,0,6.54,0,0,0,0,0,0,0,0,0.0,0.0,0,2,13,8,1,9,52.94,0,28,14,50.0,4,39,17,0,70,47.95,42,253,299,552,157.0,15,0,773,16,5,0,Carlos Baleba,Brighton & Hove Albion,1199043,30,england,2526,20260326
11,0,0.0,2,23,38.98,13,113,126,77.78,1,100.0,0,5,0,0,0,0,41,0,0,0,1,6,5,0,0,0,0,1,1,0,0.0,,1,0,0.0,24,0,0,8,8,0,0,0,-0.46,1,50.0,0,6,0,36,0,0,0,4,405,0,0,0,0,0,1,0.0,1,0,0,0,37,0,3,6.54,0,0,9,8,5,13,0,4,0.0,0.0,0,0,0,0,0,0,0.0,9,0,0,0.0,0,16,0,0,2,66.67,59,41,121,162,32.7,0,1,212,1,2,0,Marco Bizot,Aston Villa,100390,40,england,2526,20260326
2,1,20.0,46,0,0.0,72,35,107,66.05,13,36.11,23,11,0,0,0,0,18,1,4,5,1,13,11,0,0,9,3,62,0,0,0.53,2.67,19,0,9.09,0,2,2,13,12,1,2,0,,17,30.36,2,0,0,55,1,9,0,11,866,7,2,0,0,0,0,0.0,0,0,0,0,98,4,0,6.54,0,0,0,0,0,0,0,0,433.0,0.0,0,20,2,9,8,2,20.0,0,5,4,80.0,9,6,10,5,30,32.61,4,116,46,162,71.9,22,0,280,10,2,0,Valentín Castellanos,West Ham United,877013,37,england,2526,20260326
10,6,13.04,126,20,37.74,242,237,479,76.4,19,44.19,24,24,1,0,0,0,66,3,1,5,3,62,23,0,0,17,12,96,0,1,1.76,1.17,31,0,15.38,0,2,3,29,25,4,2,0,,53,42.4,0,0,0,148,21,12,2,18,1639,3,7,0,0,0,2,0.0,0,0,0,0,304,3,0,6.53,0,0,0,0,0,0,0,0,819.5,0.0,0,11,2,5,3,7,31.82,0,43,25,58.14,12,35,22,46,72,42.86,53,322,305,627,150.3,13,0,1136,3,0,0,Ryan Sessegnon,Fulham,836698,43,england,2526,20260326
4,2,40.0,40,2,40.0,91,65,156,75.36,17,40.48,25,18,1,0,0,0,16,2,4,5,0,8,18,0,0,10,1,47,0,0,0.33,2.39,8,0,9.52,0,2,3,8,7,1,1,1,,17,43.59,0,0,0,51,1,10,2,4,550,1,2,0,0,0,0,0.0,0,0,0,0,99,2,0,6.53,0,0,0,0,0,0,0,0,275.0,0.0,0,18,3,9,7,5,62.5,0,8,5,62.5,10,6,8,5,34,41.98,5,128,79,207,117.6,21,0,331,4,1,0,Joshua Zirkzee,Manchester United,917007,35,england,2526,20260326
6,0,0.0,21,12,33.33,82,211,293,87.2,14,70.0,6,10,0,0,0,0,14,0,0,0,0,33,9,0,0,0,3,15,0,1,0.04,0.02,7,0,0.0,0,0,0,11,10,1,0,0,,10,52.63,0,0,0,43,4,0,0,6,606,0,5,0,0,0,0,0.0,0,0,0,0,54,1,0,6.53,0,0,0,0,0,0,0,0,0.0,0.0,0,1,0,1,0,1,100.0,0,6,4,66.67,0,20,1,1,24,61.54,36,110,226,336,58.8,1,0,415,3,2,0,Issa Diop,Fulham,825719,43,england,2526,20260326
5,2,18.18,88,7,41.18,134,70,204,81.6,8,47.06,9,20,1,0,0,0,46,2,1,2,0,5,19,0,0,11,13,57,0,0,0.66,0.81,15,0,0.0,0,0,1,13,13,0,0,0,,32,40.0,0,0,1,46,6,10,0,7,730,1,1,0,0,0,0,0.0,0,0,0,0,100,7,0,6.53,0,0,0,0,0,0,0,0,0.0,0.0,0,6,4,5,3,6,40.0,0,18,14,77.78,10,14,15,11,40,41.24,17,174,76,250,124.1,10,0,400,8,3,0,Joe Willock,Newcastle United,888550,39,england,2526,20260326
0,4,57.14,64,4,23.53,153,225,378,90.65,12,54.55,10,16,0,0,0,0,27,1,0,0,0,24,16,0,0,3,8,36,0,2,0.51,0.31,10,0,0.0,5,0,0,16,15,1,0,0,,25,49.02,0,0,0,39,11,7,0,6,657,0,3,0,0,0,0,0.0,0,0,0,0,62,2,0,6.53,0,0,0,0,0,0,0,0,0.0,0.0,0,3,1,4,0,4,44.44,0,20,11,55.0,7,8,9,7,37,50.68,17,173,244,417,104.5,4,0,561,1,4,0,Jorrel Hato,Chelsea,1153079,38,england,2526,20260326
4,0,0.0,28,0,0.0,48,14,62,74.7,6,28.57,15,11,0,0,0,0,18,0,3,3,0,3,11,0,0,8,1,37,0,0,0.2,1.76,6,0,14.29,0,2,2,6,4,2,1,1,,11,33.33,0,0,0,21,2,1,0,2,306,5,0,0,0,0,0,0.0,0,0,0,0,55,3,0,6.53,0,2,0,0,0,0,0,0,153.0,0.0,0,12,2,2,9,6,46.15,0,4,0,0.0,1,7,13,0,17,31.48,1,63,20,83,71.8,14,0,169,1,2,0,Gabriel Jesus,Arsenal,794839,42,england,2526,20260326
10,0,0.0,27,17,32.08,110,264,374,84.04,19,48.72,20,11,0,0,0,0,29,0,0,0,1,67,11,0,0,0,5,35,0,2,0.13,0.61,10,0,50.0,1,1,1,22,22,0,1,0,,14,48.28,0,0,0,71,8,0,0,11,932,1,9,1,0,0,1,0.0,0,0,0,0,74,0,0,6.53,0,1,0,0,0,0,0,0,932.0,0.0,0,2,0,1,1,0,0.0,0,12,6,50.0,0,30,0,1,33,48.53,53,153,292,445,71.8,2,0,569,2,1,0,Axel Tuanzebe,Burnley,817979,6,england,2526,20260326
1,0,0.0,14,7,33.33,31,38,69,71.88,3,27.27,8,8,0,0,0,0,5,0,0,0,1,7,8,0,1,1,1,13,1,0,0.04,,4,0,0.0,2,0,0,1,1,0,0,0,,7,58.33,0,0,1,27,3,0,0,2,254,0,1,0,0,0,0,0.0,0,0,0,0,54,0,0,6.53,1,0,0,0,0,0,0,0,0.0,0.0,0,0,0,0,0,0,0.0,0,3,2,66.67,0,7,0,6,10,43.48,21,52,44,96,52.2,0,0,160,4,1,0,Luke O'Nien,Sunderland,365812,41,england,2526,20260326
1,1,25.0,31,1,25.0,58,17,75,72.82,2,33.33,4,9,1,0,0,0,10,1,0,3,0,1,9,0,0,6,2,22,0,0,0.61,0.16,6,0,0.0,0,0,1,9,6,3,0,0,,8,30.77,0,0,0,28,0,3,0,2,236,0,0,0,0,0,0,0.0,0,0,0,0,56,0,0,6.52,0,0,0,0,0,0,0,0,0.0,0.0,0,2,3,1,1,3,42.86,0,1,1,100.0,3,6,7,4,10,31.25,4,80,23,103,58.7,5,0,156,4,1,0,Fer López,Wolverhampton,1526628,3,england,2526,20260326
5,7,17.95,98,3,30.0,153,63,216,81.51,9,34.62,17,23,1,0,0,0,29,2,2,6,0,13,23,0,0,10,5,58,0,0,1.07,1.36,1,0,0.0,0,0,1,26,24,2,0,0,,22,34.92,0,0,1,49,6,11,0,10,970,3,1,0,0,0,0,0.0,0,0,0,0,138,4,0,6.52,0,0,0,0,0,0,0,0,0.0,0.0,5,8,8,6,4,10,28.57,0,12,4,33.33,11,8,35,39,31,34.83,10,194,71,265,150.0,16,0,463,0,0,0,Jacob Bruun Larsen,Burnley,809276,6,england,2526,20260326
0,1,33.33,41,1,20.0,59,10,69,84.15,1,50.0,1,5,0,0,0,0,4,0,0,4,0,1,5,0,0,0,0,2,0,0,0.09,0.29,0,0,0.0,0,0,0,2,2,0,0,0,,2,66.67,0,0,0,13,0,1,0,1,117,0,1,0,0,0,0,0.0,0,0,0,0,18,1,0,6.52,0,0,0,0,0,0,0,0,0.0,0.0,0,4,1,1,0,0,0.0,0,0,0,0.0,1,4,1,3,3,60.0,5,69,13,82,32.6,5,0,103,2,0,0,Harvey Elliott,Aston Villa,955245,40,england,2526,20260326
0,0,0.0,49,1,50.0,80,23,103,69.59,22,45.83,26,22,0,0,0,0,19,0,4,8,0,9,22,0,0,15,5,65,0,1,0.2,3.92,17,0,3.23,0,1,1,13,10,3,1,0,,26,40.0,0,0,1,45,1,2,1,9,815,2,0,0,0,0,0,0.0,0,0,0,1,100,4,0,6.52,0,0,0,0,0,0,0,0,815.0,0.0,0,26,5,12,11,7,77.78,0,4,3,75.0,2,2,9,6,48,42.48,2,119,29,148,143.4,31,0,292,15,2,0,Liam Delap,Chelsea,997087,38,england,2526,20260326
1,0,0.0,22,1,33.33,43,13,56,65.88,15,34.09,29,19,0,0,0,0,14,2,1,5,1,5,17,0,0,21,3,80,0,0,0.21,2.15,6,0,15.38,0,2,2,9,8,1,2,0,,27,34.62,1,0,0,29,1,4,1,8,769,3,1,0,0,0,0,0.0,0,0,0,0,100,2,0,6.52,0,0,0,0,0,0,0,0,384.5,0.0,0,11,2,2,6,11,34.38,0,5,1,20.0,4,3,32,1,42,34.43,3,72,13,85,110.8,13,0,228,11,0,0,Eliezer Mayenda,Sunderland,1168588,41,england,2526,20260326
9,2,25.0,85,8,80.0,172,65,237,71.6,73,39.89,110,30,3,0,0,0,41,4,3,26,1,25,30,0,0,36,4,197,0,1,1.08,4.66,33,0,5.45,0,3,6,31,25,6,3,0,,59,40.41,2,0,2,94,2,10,0,22,1817,10,3,0,0,0,0,0.0,0,0,0,0,239,9,0,6.52,0,1,0,0,0,0,0,0,605.67,0.0,0,50,5,16,13,9,31.03,0,18,11,61.11,10,14,29,8,132,40.12,10,252,79,331,195.5,55,0,678,33,0,0,Igor Jesus,Nottingham Forest,981619,14,england,2526,20260326
1,4,19.05,41,1,33.33,55,19,74,77.89,1,7.14,13,22,0,0,0,0,14,1,0,3,0,2,19,0,0,11,2,38,0,0,0.57,0.35,7,0,0.0,0,0,0,11,10,1,0,0,,21,45.65,0,0,0,21,0,3,0,1,422,5,0,0,0,0,0,0.0,0,0,0,0,72,2,0,6.51,0,0,0,0,0,0,0,0,0.0,0.0,0,6,0,2,1,12,60.0,0,1,1,100.0,3,3,20,21,22,36.67,3,73,22,95,123.7,6,0,193,8,1,0,Adama Traoré,West Ham United,286165,37,england,2526,20260326
16,2,28.57,38,12,38.71,91,125,216,80.6,18,66.67,9,10,0,0,0,0,27,1,0,2,0,31,10,0,0,3,10,37,0,0,0.18,0.09,16,0,0.0,0,0,0,14,12,2,0,0,,20,41.67,0,0,1,52,7,3,0,10,706,0,6,0,0,0,1,0.0,0,0,0,1,69,4,0,6.51,0,0,0,0,0,0,0,0,0.0,0.0,0,1,2,1,0,2,100.0,0,13,7,53.85,3,36,2,7,38,50.67,31,125,143,268,65.1,3,0,386,5,4,0,Matt Doherty,Wolverhampton,143047,3,england,2526,20260326
0,2,50.0,25,1,25.0,43,39,82,73.87,12,48.0,13,12,0,0,0,0,20,0,1,2,2,6,11,0,0,11,4,44,0,0,0.18,0.64,9,0,0.0,0,0,0,6,6,0,0,0,,24,43.64,0,0,1,29,2,5,0,2,375,1,2,0,0,0,0,0.0,0,0,0,0,63,1,0,6.51,0,0,0,0,0,0,0,0,0.0,0.0,0,5,2,5,0,3,30.0,0,18,9,50.0,5,1,10,4,36,45.0,4,62,49,111,71.6,7,0,210,3,0,0,Merlin Röhl,Everton,1064082,48,england,2526,20260326
2,5,18.52,43,2,33.33,77,45,122,75.78,9,39.13,14,14,0,0,0,0,20,2,1,2,0,11,13,0,0,12,9,68,0,0,0.61,0.35,17,0,16.67,0,1,1,8,7,1,1,0,,21,28.0,0,0,0,39,2,7,0,9,665,4,0,0,0,0,0,0.0,0,0,0,0,109,4,0,6.51,0,1,0,0,0,0,0,0,665.0,0.0,0,5,1,2,2,7,26.92,0,11,8,72.73,7,7,26,27,30,30.61,6,106,55,161,84.6,6,0,309,3,2,0,Simon Adingra,Sunderland,1110842,41,england,2526,20260326
2,1,16.67,73,6,50.0,134,51,185,70.34,27,28.42,68,23,2,0,0,0,37,2,3,7,0,19,23,0,0,26,8,132,0,0,0.47,3.04,21,0,16.67,0,3,5,27,26,1,3,0,,36,36.0,0,0,0,78,4,10,1,15,1307,11,3,0,0,0,0,0.0,0,0,0,0,173,7,0,6.5,0,2,0,0,0,0,0,0,435.67,0.0,0,13,5,6,5,10,47.62,0,14,10,71.43,10,5,21,6,63,32.31,12,199,64,263,149.5,18,0,488,13,4,0,Lyle Foster,Burnley,901907,6,england,2526,20260326
1,0,0.0,11,0,0.0,22,11,33,78.57,8,21.62,29,12,0,0,0,0,9,1,2,1,0,4,12,0,0,3,4,45,0,0,0.39,1.97,7,0,20.0,0,2,2,2,1,1,2,0,,6,27.27,0,0,0,9,1,3,0,1,281,3,0,0,0,0,0,0.0,0,0,0,0,37,3,0,6.5,0,2,0,0,0,0,0,0,140.5,0.0,0,9,1,4,5,2,50.0,0,1,1,100.0,3,3,4,1,14,23.73,0,30,12,42,78.0,10,0,100,3,1,0,Taiwo Awoniyi,Nottingham Forest,359664,14,england,2526,20260326
8,2,13.33,43,10,47.62,93,119,212,80.92,9,47.37,10,16,2,0,0,0,16,3,0,0,1,21,14,0,0,6,4,31,0,0,0.63,0.23,9,0,0.0,0,0,2,12,9,3,0,0,,7,25.0,0,0,0,50,9,5,0,6,521,0,1,0,0,0,0,0.0,0,0,0,0,93,0,0,6.5,0,0,0,0,0,0,0,0,0.0,0.0,0,3,0,2,1,2,50.0,0,5,3,60.0,5,16,4,15,16,34.04,21,122,140,262,91.0,3,0,396,0,2,0,Joe Gomez,Liverpool,318927,44,england,2526,20260326
0,0,0.0,0,0,0.0,0,2,2,100.0,0,0.0,2,1,1,0,0,0,2,0,0,0,0,1,1,0,0,0,0,3,0,0,0.0,,0,0,0.0,0,0,1,2,2,0,0,0,,1,50.0,0,0,0,0,0,1,0,0,16,0,0,0,0,0,0,0.0,0,0,0,0,2,0,0,6.5,0,0,0,0,0,0,0,0,0.0,0.0,0,0,0,0,0,0,0.0,0,1,0,0.0,1,0,1,1,1,25.0,0,0,2,2,6.5,0,0,7,0,0,0,Hamed Junior Traorè,Bournemouth,892924,60,england,2526,20260326
0,0,0.0,1,0,0.0,4,1,5,100.0,0,0.0,0,1,0,0,0,0,0,0,0,0,0,0,1,0,0,0,0,1,0,0,0.01,,0,0,0.0,0,0,0,0,0,0,0,0,,0,0.0,0,0,0,0,0,1,0,0,15,0,0,0,0,0,0,0.0,0,0,0,0,2,0,0,6.5,0,0,0,0,0,0,0,0,0.0,0.0,0,0,0,0,0,0,0.0,0,0,0,0.0,1,0,1,1,0,0.0,0,4,1,5,6.5,0,0,8,0,0,0,Bendito Mantato,Manchester United,1545190,35,england,2526,20260326
0,0,0.0,1,6,31.58,6,0,6,31.58,0,0.0,0,1,0,0,0,0,4,0,0,0,0,1,1,0,0,0,0,0,0,0,0.0,,0,0,0.0,8,0,0,0,0,0,0,0,,0,0.0,0,1,0,13,0,0,0,0,45,0,0,0,0,0,0,0.0,0,0,0,0,13,0,1,6.5,0,0,0,0,0,0,0,0,0.0,0.0,0,0,0,0,0,0,0.0,0,0,0,0.0,0,0,0,0,0,0.0,19,18,1,19,6.5,0,0,21,0,0,0,Angus Gunn,Nottingham Forest,227946,14,england,2526,20260326
0,0,0.0,11,0,0.0,15,3,18,94.74,0,0.0,2,2,0,0,0,0,1,0,0,0,0,0,2,0,0,2,1,6,0,0,0.21,,1,0,0.0,0,0,0,0,0,0,0,0,,0,0.0,0,0,0,1,0,2,0,0,25,0,0,0,0,0,0,0.0,0,0,0,0,4,0,0,6.5,0,0,0,0,0,0,0,0,0.0,0.0,0,0,0,0,0,0,0.0,0,0,0,0.0,2,0,0,0,0,0.0,0,16,3,19,13.0,0,0,23,0,0,0,Divine Mukasa,Manchester City,1467990,17,england,2526,20260326
0,0,0.0,1,0,0.0,3,2,5,71.43,0,0.0,0,2,0,0,0,0,2,0,0,0,0,1,2,0,0,0,0,0,0,0,0.0,,0,0,0.0,0,0,0,1,1,0,0,0,,1,100.0,0,0,0,2,0,0,0,0,24,0,0,0,0,0,0,0.0,0,0,0,0,2,0,0,6.5,0,0,0,0,0,0,0,0,0.0,0.0,0,0,0,0,0,0,0.0,0,1,0,0.0,0,1,0,0,1,100.0,2,5,2,7,13.0,0,0,12,0,0,0,Tyrell Malacia,Manchester United,825839,35,england,2526,20260326
0,2,18.18,32,2,50.0,59,30,89,85.58,5,62.5,3,14,0,0,0,0,22,0,1,2,0,6,14,0,0,14,7,39,0,0,0.47,0.86,7,0,0.0,0,0,0,11,10,1,0,0,,19,34.55,0,0,0,15,1,1,0,2,412,0,0,0,0,0,0,0.0,0,0,0,0,64,3,0,6.5,0,0,0,0,0,0,0,0,0.0,0.0,0,5,2,3,2,7,46.67,0,5,5,100.0,1,2,15,11,24,38.1,4,67,37,104,91.0,7,0,208,8,1,0,Romaine Mundle,Sunderland,1094440,41,england,2526,20260326
2,0,0.0,3,1,10.0,13,63,76,76.0,1,33.33,2,3,0,0,0,0,3,0,0,2,0,12,3,0,0,0,0,2,0,0,0.0,0.16,0,0,0.0,0,0,0,4,3,1,0,0,,6,100.0,0,0,0,24,3,0,0,2,214,0,1,0,0,0,0,0.0,0,0,0,0,26,0,0,6.5,0,0,0,0,0,0,0,0,0.0,0.0,0,2,0,0,0,1,100.0,0,4,3,75.0,0,6,1,0,7,77.78,10,27,73,100,19.5,2,0,129,1,0,0,Jair,Nottingham Forest,1170722,14,england,2526,20260326
0,0,0.0,6,2,66.67,11,3,14,73.68,0,0.0,1,6,0,0,0,0,4,0,0,0,0,0,5,0,0,0,0,5,0,0,0.04,0.04,3,0,0.0,0,0,0,2,2,0,0,0,,1,20.0,0,0,0,5,0,0,0,0,73,0,0,0,0,0,0,0.0,0,0,0,0,11,0,0,6.5,0,0,0,0,0,0,0,0,0.0,0.0,0,0,1,0,1,0,0.0,0,1,1,100.0,0,0,1,0,1,16.67,3,14,5,19,32.5,1,0,31,0,1,0,Tom Watson,Brighton & Hove Albion,1167066,30,england,2526,20260326
2,0,0.0,25,1,50.0,52,15,67,91.78,1,16.67,5,10,0,0,0,0,7,0,0,1,0,1,8,0,0,5,1,18,0,0,0.17,0.02,4,0,0.0,0,0,0,8,6,2,0,0,,10,43.48,0,0,0,6,1,3,0,1,189,1,0,0,0,0,0,0.0,0,0,0,0,26,1,0,6.5,0,0,0,0,0,0,0,0,0.0,0.0,0,0,1,0,0,3,50.0,0,4,3,75.0,3,2,6,8,11,37.93,2,56,17,73,52.0,1,0,118,3,1,0,James McAtee,Nottingham Forest,1003334,14,england,2526,20260326
1,1,33.33,76,1,33.33,130,59,189,60.38,110,46.03,129,31,0,0,0,0,28,2,9,7,0,20,31,0,0,18,10,207,0,0,0.4,6.14,37,0,18.75,0,6,6,24,22,2,6,0,,18,18.75,1,0,1,124,5,9,2,19,1662,11,2,0,0,0,0,0.0,0,0,0,0,238,8,0,6.48,0,2,0,0,0,0,0,0,277.0,0.0,0,31,1,15,10,8,30.77,0,3,2,66.67,9,4,26,3,128,38.21,3,227,86,313,201.0,32,0,583,7,3,0,Thierno Barry,Everton,1395746,48,england,2526,20260326
5,2,40.0,72,11,64.71,135,95,230,80.99,13,44.83,16,16,1,0,0,0,41,2,1,7,0,5,15,0,0,8,12,51,0,2,0.44,1.11,8,0,0.0,0,0,1,8,8,0,0,0,,29,45.31,0,0,1,54,3,9,0,6,696,1,2,0,0,0,0,0.0,0,0,0,0,102,2,0,6.48,0,0,0,0,0,0,0,0,0.0,0.0,0,12,6,6,5,6,46.15,0,13,8,61.54,9,10,13,5,42,45.16,17,176,108,284,97.2,18,0,416,11,3,0,Carlos Alcaraz,Everton,1017392,48,england,2526,20260326
0,1,16.67,13,0,0.0,21,7,28,68.29,2,28.57,5,5,0,0,0,0,6,0,2,0,0,8,5,0,0,4,4,27,0,0,0.08,0.5,7,0,0.0,0,0,0,4,4,0,0,0,,14,38.89,0,0,0,13,2,2,0,3,264,1,0,0,0,0,0,0.0,0,0,0,0,43,1,0,6.48,0,0,0,0,0,0,0,0,0.0,0.0,0,2,1,1,2,5,41.67,0,7,5,71.43,2,2,12,6,16,37.21,1,34,7,41,32.4,3,0,109,2,0,0,Nilson Angulo,Sunderland,1116571,41,england,2526,20260326
1,0,0.0,7,1,100.0,11,16,27,90.0,0,0.0,1,5,0,0,0,0,8,0,0,0,0,2,5,0,0,5,1,11,0,0,0.04,0.07,0,0,0.0,0,0,0,2,2,0,0,0,,3,23.08,0,0,0,3,0,1,0,1,121,0,0,0,0,0,0,0.0,0,0,0,0,15,0,0,6.48,0,0,0,0,0,0,0,0,0.0,0.0,0,1,0,1,0,2,33.33,0,1,1,100.0,1,1,6,0,3,21.43,1,13,17,30,32.4,1,0,50,0,0,0,Luis Guilherme,West Ham United,1464248,37,england,2526,20260326
8,4,28.57,51,9,60.0,110,92,202,80.48,3,23.08,10,9,1,0,0,0,34,0,2,1,0,4,9,0,0,8,8,39,0,1,0.49,0.56,12,0,0.0,0,0,1,17,15,2,0,0,,29,50.0,0,0,0,49,9,7,0,7,594,0,1,0,0,0,0,0.0,0,0,0,0,84,4,0,6.48,0,0,0,0,0,0,0,0,0.0,0.0,0,4,1,2,2,5,62.5,0,10,8,80.0,7,12,8,14,32,45.07,15,144,107,251,58.3,5,0,364,14,0,0,Conor Gallagher,Tottenham Hotspur,904970,33,england,2526,20260326
5,0,0.0,51,8,36.36,85,56,141,71.94,6,25.0,18,18,0,0,0,0,24,0,4,4,1,8,17,0,0,10,14,61,0,0,0.35,2.62,10,0,7.69,0,1,1,10,8,2,1,0,,24,35.82,0,0,1,55,0,7,1,5,638,1,0,0,0,1,0,100.0,0,1,0,0,113,2,0,6.47,0,0,0,0,0,0,0,0,638.0,0.0,1,10,3,5,4,2,16.67,0,16,8,50.0,7,11,12,9,30,32.97,22,128,68,196,110.0,13,0,347,6,0,0,Justin Devenny,Crystal Palace,1084311,7,england,2526,20260326
18,0,0.0,7,27,32.93,13,125,138,70.77,2,66.67,1,6,0,0,0,0,46,0,0,0,1,8,6,0,0,0,0,2,0,1,0.01,,1,0,0.0,28,0,0,12,9,3,0,0,-1.9,1,50.0,0,2,0,57,0,0,0,6,540,0,0,0,0,0,1,0.0,2,0,1,0,60,0,2,6.47,0,0,7,11,10,21,1,9,0.0,0.0,0,0,0,0,0,0,0.0,7,0,0,0.0,0,32,0,0,3,60.0,82,56,139,195,38.8,0,0,263,1,0,0,Giorgi Mamardashvili,Liverpool,930997,44,england,2526,20260326
0,0,0.0,17,1,33.33,25,10,35,59.32,8,38.1,13,14,0,0,0,0,9,0,1,2,0,3,13,0,0,7,4,32,0,0,0.03,0.49,4,0,0.0,0,0,0,4,3,1,0,0,,8,29.63,0,0,0,24,0,0,0,0,193,3,0,0,0,0,0,0.0,0,0,0,1,52,2,0,6.46,0,0,0,0,0,0,0,0,0.0,0.0,0,5,1,2,2,0,0.0,0,1,1,100.0,0,1,4,6,16,33.33,3,48,11,59,84.0,6,0,113,7,0,0,Christantus Uche,Crystal Palace,1884145,7,england,2526,20260326
3,4,57.14,77,2,28.57,113,36,149,70.28,19,30.16,44,23,1,0,0,0,49,1,6,5,0,15,23,0,0,23,11,140,0,0,1.44,1.82,33,0,6.67,0,1,2,26,20,6,1,0,,50,34.25,0,0,1,63,3,17,0,15,1235,1,1,0,1,0,0,0.0,0,0,0,0,178,9,0,6.46,0,1,0,0,0,0,0,0,1235.0,0.0,0,15,0,7,3,16,35.56,0,22,14,63.64,16,5,45,7,69,33.01,7,163,49,212,148.6,15,0,450,12,2,0,Randal Kolo Muani,Tottenham Hotspur,871706,33,england,2526,20260326
21,11,15.49,100,26,33.77,200,246,446,76.76,10,37.04,17,17,4,0,0,0,55,5,0,1,2,56,17,0,0,5,7,46,1,0,1.75,0.21,10,0,0.0,0,0,4,31,31,0,0,0,,42,59.15,0,0,0,135,23,19,0,17,1503,1,2,0,0,0,0,0.0,0,0,0,0,259,0,0,6.46,0,0,0,0,0,0,0,0,0.0,0.0,0,2,5,3,3,3,30.0,0,36,22,61.11,19,53,10,71,52,53.06,77,300,281,581,109.8,7,0,965,3,1,0,Quilindschy Hartman,Burnley,1392044,6,england,2526,20260326
0,1,100.0,0,0,0.0,0,2,2,50.0,0,0.0,2,2,0,0,0,0,1,0,0,0,0,0,2,0,0,1,0,4,0,0,0.01,,1,0,0.0,0,0,0,0,0,0,0,0,,0,0.0,0,0,0,2,0,0,0,0,21,0,0,0,0,0,0,0.0,0,0,0,0,5,0,0,6.45,0,0,0,0,0,0,0,0,0.0,0.0,0,0,0,0,0,0,0.0,0,0,0,0.0,0,0,0,1,0,0.0,0,1,3,4,12.9,0,0,9,0,0,0,Dane Scarlett,Tottenham Hotspur,998772,33,england,2526,20260326
0,0,0.0,4,0,0.0,6,2,8,72.73,0,0.0,0,2,0,0,0,0,2,0,0,0,0,0,2,0,0,0,0,2,0,0,0.0,,1,0,0.0,0,0,0,1,0,1,0,0,,1,33.33,0,0,0,3,0,0,0,0,25,0,0,0,0,0,0,0.0,0,0,0,0,4,0,0,6.45,0,0,0,0,0,0,0,0,0.0,0.0,0,0,0,0,0,0,0.0,0,1,1,100.0,0,0,1,0,1,33.33,0,7,4,11,12.9,0,0,13,0,0,0,Joel Drakes-Thomas,Crystal Palace,2007717,7,england,2526,20260326
0,0,0.0,5,0,0.0,14,9,23,100.0,0,0.0,0,4,0,0,0,0,2,0,0,0,0,0,4,0,0,1,1,3,0,0,0.01,,0,0,0.0,0,0,0,2,0,2,0,0,,1,25.0,0,0,0,0,0,0,0,0,59,0,0,0,0,0,0,0.0,0,0,0,0,8,0,0,6.45,0,0,0,0,0,0,0,0,0.0,0.0,0,0,0,0,0,0,0.0,0,1,1,100.0,0,0,1,4,1,25.0,0,14,9,23,25.8,0,0,36,0,0,0,Andrés García,Aston Villa,1457536,40,england,2526,20260326
0,0,0.0,5,0,0.0,8,0,8,72.73,1,14.29,6,5,0,0,0,0,2,0,0,0,0,0,4,0,0,0,0,8,0,0,0.01,,3,0,0.0,0,0,0,2,2,0,0,0,,1,33.33,0,0,0,3,0,1,0,0,54,0,0,0,0,0,0,0.0,0,0,0,0,5,0,0,6.45,0,0,0,0,0,0,0,0,0.0,0.0,0,0,0,0,0,0,0.0,0,0,0,0.0,1,1,0,0,2,20.0,0,11,0,11,25.8,0,0,17,1,1,0,Jonah Kusi-Asare,Fulham,1503757,43,england,2526,20260326
1,2,66.67,27,0,0.0,37,17,54,77.14,1,50.0,1,9,0,0,0,0,9,0,1,0,0,0,8,0,0,7,1,21,0,1,0.12,0.44,8,0,0.0,0,0,0,4,4,0,0,0,,6,23.08,0,0,0,16,1,0,0,1,264,2,0,0,0,0,0,0.0,0,0,0,0,38,4,0,6.45,0,0,0,0,0,0,0,0,0.0,0.0,0,4,1,2,3,3,42.86,0,2,2,100.0,0,3,7,3,7,25.0,4,49,21,70,51.6,5,0,114,1,2,0,Tyrique George,Everton,1403061,48,england,2526,20260326
1,0,0.0,6,0,0.0,14,6,20,83.33,0,0.0,1,4,0,0,0,0,5,0,0,0,0,1,4,0,0,0,2,7,0,0,0.25,0.06,1,0,0.0,0,0,0,1,1,0,0,0,,3,33.33,0,0,0,4,1,3,0,1,97,0,0,0,0,0,0,0.0,0,0,0,0,13,1,0,6.45,0,0,0,0,0,0,0,0,0.0,0.0,0,1,0,1,0,0,0.0,0,1,0,0.0,3,1,3,3,3,30.0,0,17,7,24,25.8,1,0,41,2,1,0,Alex Tóth,Bournemouth,1476524,60,england,2526,20260326
11,4,26.67,91,15,26.79,218,233,451,77.49,25,52.08,23,28,0,0,0,0,56,0,1,4,1,37,28,0,1,12,20,85,1,0,0.45,0.83,25,0,7.69,0,1,1,36,33,3,1,0,,57,47.9,0,0,1,131,23,11,0,16,1596,2,8,0,0,0,1,0.0,0,0,0,0,181,2,0,6.45,1,1,0,0,0,0,0,0,1596.0,0.0,0,6,7,5,4,7,53.85,0,40,21,52.5,11,39,13,15,82,49.1,56,307,275,582,180.5,13,0,823,10,7,0,Josh Laurent,Burnley,552036,6,england,2526,20260326
2,0,0.0,26,3,100.0,35,19,54,76.06,7,28.0,18,13,0,0,0,0,13,0,3,0,0,2,13,0,0,5,1,35,0,0,0.55,1.94,4,0,9.09,0,1,1,9,8,1,1,0,,5,22.73,0,0,0,17,0,2,0,4,436,4,1,0,0,0,0,0.0,0,0,0,0,38,2,0,6.45,0,1,0,0,0,0,0,0,436.0,0.0,0,10,1,6,5,1,12.5,0,3,3,100.0,2,2,8,1,12,25.53,3,47,24,71,83.8,11,0,122,1,1,0,Yoane Wissa,Newcastle United,805123,39,england,2526,20260326
7,1,10.0,54,9,20.0,106,95,201,75.85,12,50.0,12,18,1,0,0,0,22,1,0,0,3,29,16,0,0,1,8,33,0,0,0.22,,14,0,0.0,0,0,1,15,13,2,0,0,,19,47.5,0,0,0,64,6,4,0,11,826,0,6,0,0,0,0,0.0,0,0,0,0,91,0,0,6.44,0,0,0,0,0,0,0,0,0.0,0.0,0,0,0,0,0,1,100.0,0,12,10,83.33,4,21,1,10,31,48.44,45,158,107,265,103.1,0,0,411,7,3,0,Adam Smith,Bournemouth,44566,60,england,2526,20260326
3,0,0.0,11,5,16.67,45,139,184,77.97,16,59.26,11,8,0,0,0,0,13,0,0,1,0,42,7,0,0,2,3,24,2,1,0.02,0.32,9,0,0.0,20,0,0,13,10,3,0,0,,7,35.0,0,0,0,52,15,0,0,5,521,0,8,0,0,0,0,0.0,0,0,0,0,69,1,0,6.44,0,0,0,0,0,0,0,0,0.0,0.0,0,4,0,3,0,1,100.0,0,5,2,40.0,0,14,1,3,23,48.94,30,79,157,236,45.1,4,0,339,1,0,0,Radu Drăguşin,Tottenham Hotspur,997103,33,england,2526,20260326
0,0,0.0,9,0,0.0,19,1,20,74.07,1,50.0,1,5,1,0,0,0,1,1,0,1,0,0,5,0,0,0,1,10,0,0,0.09,0.09,3,0,0.0,0,0,1,1,1,0,0,0,,3,25.0,0,0,0,7,1,1,0,0,67,0,0,0,0,0,0,0.0,0,0,0,0,17,0,0,6.44,0,0,0,0,0,0,0,0,0.0,0.0,0,1,0,0,0,0,0.0,0,2,0,0.0,1,0,5,2,4,28.57,0,25,2,27,32.2,1,0,46,1,0,0,Ben Gannon-Doak,Bournemouth,1154861,60,england,2526,20260326
16,3,12.0,75,23,38.98,171,199,370,76.92,19,47.5,21,25,1,0,0,0,72,1,0,1,3,41,24,0,0,9,8,68,1,3,0.55,0.18,15,0,0.0,0,0,1,22,21,1,0,0,,47,50.0,0,0,0,111,8,4,0,14,1334,2,5,0,0,0,1,0.0,0,0,0,0,218,3,0,6.43,0,0,0,0,0,0,0,0,0.0,0.0,0,1,4,4,0,15,50.0,0,15,11,73.33,4,41,30,25,66,49.25,59,239,242,481,154.4,5,0,817,17,2,0,Rico Henry,Brentford,599128,50,england,2526,20260326
1,0,0.0,7,2,50.0,18,11,29,85.29,2,33.33,4,3,0,0,0,0,3,0,0,0,0,3,3,0,0,2,2,9,0,0,0.03,,0,0,0.0,0,0,0,2,2,0,0,0,,3,37.5,0,0,0,5,0,0,0,1,93,1,0,0,0,0,0,0.0,0,0,0,0,14,0,0,6.43,0,0,0,0,0,0,0,0,0.0,0.0,0,0,0,0,0,2,66.67,0,1,0,0.0,0,1,3,4,5,35.71,4,21,13,34,19.3,0,0,56,0,0,0,Harry Howell,Brighton & Hove Albion,1627806,30,england,2526,20260326
3,1,25.0,30,6,85.71,42,33,75,83.33,3,18.75,13,13,0,0,0,0,8,0,1,5,0,0,13,0,0,5,1,23,0,0,0.13,0.87,3,0,0.0,0,0,0,7,7,0,0,0,,2,16.67,0,0,0,15,1,1,0,2,277,1,0,0,0,0,0,0.0,0,0,0,0,30,2,0,6.43,0,0,0,0,0,0,0,0,0.0,0.0,0,8,3,4,2,1,33.33,0,1,1,100.0,1,4,3,4,5,17.86,7,53,37,90,83.6,11,0,132,0,0,0,Joël Piroe,Leeds United,850823,34,england,2526,20260326
0,0,0.0,11,0,0.0,17,10,27,64.29,5,16.13,26,17,0,0,0,0,4,0,2,3,0,7,14,0,0,6,0,41,0,0,0.06,1.85,6,0,8.33,0,1,1,2,2,0,1,0,,5,25.0,0,0,0,15,0,0,1,0,201,1,0,0,0,0,0,0.0,0,0,0,0,33,1,0,6.43,0,0,0,0,0,0,0,0,201.0,0.0,3,9,3,7,2,1,25.0,0,1,1,100.0,0,0,4,2,10,19.61,0,32,10,42,90.0,12,0,94,4,1,0,Enes Ünal,Bournemouth,336655,60,england,2526,20260326
0,0,0.0,1,0,0.0,4,8,12,80.0,0,0.0,3,4,0,0,0,0,2,0,0,0,0,0,4,0,0,1,0,5,0,0,0.0,,0,0,0.0,0,0,0,1,0,1,0,0,,0,0.0,0,0,0,3,0,0,0,0,40,0,0,0,0,0,0,0.0,0,0,0,0,10,0,0,6.43,0,0,0,0,0,0,0,0,0.0,0.0,0,0,0,0,0,0,0.0,0,0,0,0.0,0,1,1,2,0,0.0,0,6,9,15,25.7,0,0,24,0,0,0,Mike Trésor,Burnley,826183,6,england,2526,20260326
0,5,17.86,45,1,25.0,70,29,99,76.15,1,33.33,2,10,1,0,0,0,21,1,1,1,0,2,9,0,0,2,5,29,0,0,0.69,0.51,9,0,0.0,0,0,1,8,7,1,0,0,,14,34.15,0,0,0,31,0,7,0,3,343,0,1,0,0,0,0,0.0,0,0,0,0,76,2,0,6.42,0,0,0,0,0,0,0,0,0.0,0.0,0,4,4,4,3,4,26.67,0,2,2,100.0,7,5,15,28,15,34.09,4,93,37,130,57.8,8,0,226,8,1,0,Dilane Bakwa,Nottingham Forest,963298,14,england,2526,20260326
11,3,30.0,52,23,35.38,175,357,532,86.22,13,50.0,13,14,0,0,0,0,40,0,0,1,1,61,13,0,1,2,3,29,0,1,0.22,0.22,9,0,0.0,0,0,0,25,20,5,0,0,,32,66.67,0,0,0,85,10,5,0,13,1043,0,10,0,0,0,0,0.0,0,0,0,0,106,0,0,6.42,1,0,0,0,0,0,0,0,0.0,0.0,0,3,1,2,1,8,80.0,0,16,9,56.25,5,35,10,10,45,60.81,65,236,381,617,83.4,4,0,786,8,2,0,Toti Gomes,Wolverhampton,973418,3,england,2526,20260326
8,0,0.0,84,5,35.71,159,90,249,65.18,64,41.83,89,28,1,0,0,1,29,1,4,7,2,32,28,0,0,22,10,175,0,0,0.67,4.16,46,0,12.5,0,4,5,31,25,6,4,0,,29,25.22,1,0,1,133,4,9,0,20,1874,10,6,0,0,2,0,50.0,0,1,0,0,230,5,0,6.41,0,3,0,0,0,0,0,0,468.5,0.0,0,28,4,13,12,5,33.33,0,7,2,28.57,9,17,15,3,93,34.7,14,264,118,382,179.6,32,1,635,17,4,0,Jørgen Strand Larsen,Crystal Palace,876599,7,england,2526,20260326
0,0,0.0,3,0,0.0,3,1,4,100.0,0,0.0,1,1,0,0,0,0,0,0,0,0,0,0,1,0,0,0,0,3,0,0,0.0,,1,0,0.0,0,0,0,0,0,0,0,0,,1,33.33,0,0,0,0,0,0,0,0,9,0,0,0,0,0,0,0.0,0,0,0,0,2,0,0,6.4,0,0,0,0,0,0,0,0,0.0,0.0,0,0,0,0,0,0,0.0,0,0,0,0.0,0,0,1,0,1,25.0,0,3,1,4,6.4,0,0,7,1,0,0,Jaydon Banel,Burnley,1142573,6,england,2526,20260326
0,0,0.0,1,0,0.0,1,2,3,100.0,0,0.0,0,1,0,0,0,0,0,0,0,0,0,0,1,0,0,0,0,0,0,0,0.01,,0,0,0.0,0,0,0,1,1,0,0,0,,0,0.0,0,0,0,0,0,0,0,0,8,0,0,0,0,0,0,0.0,0,0,0,0,0,0,0,6.4,0,0,0,0,0,0,0,0,0.0,0.0,0,0,0,0,0,0,0.0,0,0,0,0.0,0,0,0,0,0,0.0,0,1,2,3,6.4,0,0,3,0,0,0,George Earthy,West Ham United,1212165,37,england,2526,20260326
0,0,0.0,1,0,0.0,1,2,3,60.0,0,0.0,0,1,0,0,0,0,1,0,0,0,0,0,1,0,0,0,1,2,0,0,0.0,,0,0,0.0,0,0,0,1,1,0,0,0,,1,33.33,0,0,0,2,0,0,0,0,16,0,0,0,0,0,0,0.0,0,0,0,0,6,0,0,6.4,0,0,0,0,0,0,0,0,0.0,0.0,0,0,0,0,0,0,0.0,0,0,0,0.0,0,0,1,3,1,33.33,0,2,3,5,6.4,0,0,12,1,0,0,Bradley Burrowes,Aston Villa,1899712,40,england,2526,20260326
0,0,0.0,1,0,0.0,1,2,3,60.0,0,0.0,1,1,0,0,0,0,0,0,0,0,0,0,1,0,0,0,0,2,0,0,0.0,,1,0,0.0,0,0,0,0,0,0,0,0,,0,0.0,0,0,0,2,0,0,0,0,9,0,0,0,0,0,0,0.0,0,0,0,0,2,0,0,6.4,0,0,0,0,0,0,0,0,0.0,0.0,0,0,0,0,0,0,0.0,0,0,0,0.0,0,0,0,0,0,0.0,1,3,2,5,6.4,0,0,5,0,0,0,Kaden Rodney,Crystal Palace,1185603,7,england,2526,20260326
0,0,0.0,4,0,0.0,5,5,10,45.45,2,66.67,1,5,0,0,0,0,1,0,0,0,0,3,2,0,0,0,0,5,0,0,0.06,,3,0,0.0,0,0,0,1,0,1,0,0,,3,42.86,0,0,0,12,1,1,0,0,53,0,0,0,0,0,0,0.0,0,0,0,0,20,0,0,6.4,0,0,0,0,0,0,0,0,0.0,0.0,0,0,0,0,0,0,0.0,0,3,0,0.0,1,2,1,5,5,50.0,5,16,6,22,12.8,0,0,44,0,0,0,Borna Sosa,Crystal Palace,357584,7,england,2526,20260326
0,0,0.0,23,1,33.33,46,32,78,75.0,12,36.36,21,7,0,0,0,0,17,0,1,2,0,6,7,0,0,9,3,48,0,0,0.09,0.54,12,0,0.0,0,0,0,7,6,1,0,0,,20,42.55,0,0,0,26,4,5,0,5,407,0,0,0,0,0,0,0.0,0,0,0,0,50,1,0,6.4,0,0,0,0,0,0,0,0,0.0,0.0,0,6,0,4,0,5,62.5,0,11,6,54.55,5,5,8,0,32,40.0,3,66,38,104,44.8,6,0,182,5,0,0,Pablo Felipe,West Ham United,1101174,37,england,2526,20260326
0,0,0.0,12,0,0.0,20,4,24,82.76,4,57.14,3,9,0,0,0,0,4,0,1,3,0,1,6,0,0,1,0,7,0,0,0.03,0.44,2,0,0.0,0,0,0,3,3,0,0,0,,1,20.0,0,0,0,5,0,1,0,0,106,1,0,0,0,0,0,0.0,0,0,0,0,12,2,0,6.4,0,0,0,0,0,0,0,0,0.0,0.0,0,3,1,0,1,0,0.0,0,1,1,100.0,1,1,1,2,5,41.67,0,24,5,29,38.4,4,0,46,0,0,0,Arnaud Kalimuendo,Nottingham Forest,954061,14,england,2526,20260326
0,0,0.0,3,0,0.0,6,4,10,90.91,0,0.0,0,4,0,0,0,0,2,0,1,0,0,0,2,0,0,1,0,2,0,0,0.01,0.37,0,0,0.0,0,0,0,1,1,0,0,0,,0,0.0,0,0,0,1,0,1,0,0,28,1,0,0,0,0,0,0.0,0,0,0,0,3,0,0,6.4,0,0,0,0,0,0,0,0,0.0,0.0,0,1,0,1,0,0,0.0,0,0,0,0.0,1,0,1,0,0,0.0,0,7,4,11,12.8,1,0,16,0,0,0,Trey Nyoni,Liverpool,1445945,44,england,2526,20260326
0,0,0.0,2,0,0.0,2,0,2,18.18,7,50.0,7,6,0,0,0,0,2,0,0,1,0,0,6,0,0,2,0,10,0,0,0.0,0.11,2,0,0.0,0,0,0,3,2,1,0,0,,1,25.0,0,0,0,9,0,0,0,0,78,2,0,0,0,0,0,0.0,0,0,0,0,17,0,0,6.4,0,0,0,0,0,0,0,0,0.0,0.0,0,1,0,0,0,1,100.0,0,0,0,0.0,0,1,1,0,8,44.44,1,11,0,11,38.4,1,0,22,0,1,0,Ashley Barnes,Burnley,27028,6,england,2526,20260326
0,0,0.0,8,1,50.0,20,4,24,80.0,1,100.0,0,3,0,0,0,0,3,0,0,1,0,0,3,0,0,0,2,5,0,0,0.1,0.04,1,0,0.0,0,0,0,2,2,0,0,0,,1,16.67,0,0,0,6,1,2,0,1,74,0,0,0,0,0,0,0.0,0,0,0,0,12,0,0,6.4,0,0,0,0,0,0,0,0,0.0,0.0,0,1,0,0,0,0,0.0,0,1,0,0.0,2,1,2,0,2,28.57,2,25,5,30,19.2,1,0,46,0,1,0,Facundo Buonanotte,Leeds United,1117025,34,england,2526,20260326
0,0,0.0,0,0,0.0,0,6,6,75.0,1,100.0,0,2,0,0,0,0,0,0,0,1,0,4,2,0,0,0,0,0,0,0,0.0,0.04,0,0,0.0,0,0,0,2,2,0,0,0,,0,0.0,0,0,0,2,0,0,0,0,25,0,1,0,0,0,0,0.0,0,0,0,0,2,0,0,6.4,0,0,0,0,0,0,0,0,0.0,0.0,0,1,0,0,0,0,0.0,0,0,0,0.0,0,0,0,0,1,100.0,1,2,6,8,12.8,1,0,14,0,0,0,Jamaal Lascelles,Newcastle United,153444,39,england,2526,20260326
0,0,0.0,8,1,100.0,14,2,16,80.0,0,0.0,1,1,0,0,0,0,1,0,0,1,0,0,1,0,0,0,0,1,0,0,0.02,0.03,0,0,0.0,0,0,0,1,1,0,0,0,,1,100.0,0,0,0,4,0,0,0,0,27,0,0,0,0,0,0,0.0,0,0,0,0,4,0,0,6.4,0,0,0,0,0,0,0,0,0.0,0.0,0,1,0,0,0,1,100.0,0,0,0,0.0,0,0,1,0,1,50.0,1,18,2,20,6.4,1,0,23,0,0,0,Patrick Roberts,Sunderland,361326,41,england,2526,20260326
1,0,0.0,46,1,100.0,70,22,92,69.17,33,30.84,74,20,1,0,0,0,25,1,3,8,0,8,20,0,0,20,5,125,0,0,0.14,2.15,12,0,6.25,0,1,2,25,21,4,1,0,,27,34.62,1,0,0,41,3,4,0,8,829,5,0,0,0,0,0,0.0,0,0,0,0,110,6,0,6.4,0,0,0,0,0,0,0,0,829.0,0.0,0,15,1,2,6,7,33.33,0,6,3,50.0,4,1,21,2,60,32.43,1,103,30,133,127.9,16,0,297,14,0,0,Armando Broja,Burnley,996985,6,england,2526,20260326
1,0,0.0,2,2,33.33,5,11,16,72.73,0,0.0,1,4,0,0,0,0,3,0,0,0,0,10,3,0,0,0,0,2,0,0,0.0,,1,0,0.0,0,0,0,3,3,0,0,0,,0,0.0,0,0,0,6,1,1,0,1,122,0,2,0,0,0,0,0.0,0,0,0,0,9,0,0,6.37,0,0,0,0,0,0,0,0,0.0,0.0,0,0,0,0,0,0,0.0,0,0,0,0.0,1,2,0,0,0,0.0,6,10,12,22,19.1,0,0,43,0,0,0,Igor Júlio,Brighton & Hove Albion,842513,30,england,2526,20260326
1,1,33.33,8,0,0.0,14,18,32,69.57,6,85.71,1,2,0,0,0,0,8,0,0,0,0,6,2,0,0,1,0,6,0,0,0.01,,2,0,0.0,0,0,0,4,4,0,0,0,,4,44.44,0,0,0,14,1,0,0,1,121,0,1,0,0,0,0,0.0,0,0,0,0,28,1,0,6.35,0,0,0,0,0,0,0,0,0.0,0.0,0,0,0,0,0,1,33.33,0,2,2,100.0,0,6,3,3,10,62.5,6,26,20,46,12.7,0,0,84,1,0,0,Zach Abbott,Nottingham Forest,1390490,14,england,2526,20260326
0,0,0.0,0,0,0.0,1,1,2,50.0,1,25.0,3,2,0,0,0,0,1,0,1,0,0,0,2,0,0,2,0,6,0,0,0.0,0.13,0,0,0.0,0,0,0,2,2,0,0,0,,1,25.0,0,0,0,2,2,0,0,0,58,1,0,0,0,0,0,0.0,0,0,0,0,8,0,0,6.35,0,0,0,0,0,0,0,0,0.0,0.0,0,1,0,1,0,1,50.0,0,0,0,0.0,0,0,2,0,2,25.0,0,3,1,4,12.7,1,0,17,0,0,0,Callum Marshall,West Ham United,1394099,37,england,2526,20260326
0,0,0.0,1,0,0.0,2,2,4,80.0,2,66.67,1,1,0,0,0,0,1,0,0,0,0,0,1,0,0,1,0,3,0,0,0.01,,0,0,0.0,0,0,0,0,0,0,0,0,,0,0.0,0,0,0,1,1,0,0,0,14,0,0,0,0,0,0,0.0,0,0,0,0,4,1,0,6.3,0,0,0,0,0,0,0,0,0.0,0.0,0,0,0,0,0,0,0.0,0,0,0,0.0,0,0,1,0,2,40.0,0,3,2,5,6.3,0,0,11,0,0,0,Saša Kalajdžić,Wolverhampton,870038,3,england,2526,20260326
0,0,0.0,0,0,0.0,0,0,0,0.0,0,0.0,1,1,0,0,0,0,0,0,0,0,0,0,1,0,0,0,0,1,0,0,,,0,0,0.0,0,0,0,2,2,0,0,0,,0,0.0,0,0,0,1,0,0,0,0,13,0,0,0,0,0,0,0.0,0,0,0,0,1,0,0,6.3,0,0,0,0,0,0,0,0,0.0,0.0,0,0,0,0,0,0,0.0,0,0,0,0.0,0,0,0,0,0,0.0,0,1,0,1,6.3,0,0,2,0,0,0,Ben Winterburn,Bournemouth,2007889,60,england,2526,20260326
0,0,0.0,4,0,0.0,15,5,20,86.96,0,0.0,0,3,0,0,0,0,4,0,0,0,0,0,2,0,0,0,1,3,0,0,0.01,,2,0,0.0,0,0,0,2,1,1,0,0,,3,50.0,0,0,0,3,0,0,0,0,34,0,0,0,0,0,0,0.0,0,0,0,0,6,0,0,6.3,0,0,0,0,0,0,0,0,0.0,0.0,0,0,0,0,0,0,0.0,0,1,0,0.0,0,0,0,2,3,50.0,2,16,7,23,12.6,0,0,31,2,0,0,Julio Soler,Bournemouth,1201520,60,england,2526,20260326
0,0,0.0,6,0,0.0,13,12,25,92.59,0,0.0,1,4,0,0,0,0,3,0,0,0,0,4,4,0,0,1,3,10,0,0,0.04,0.02,3,0,0.0,0,0,0,3,2,1,0,0,,2,18.18,0,0,0,2,2,3,0,2,144,0,0,0,0,0,0,0.0,0,0,0,0,8,0,0,6.3,0,0,0,0,0,0,0,0,0.0,0.0,0,0,1,0,1,0,0.0,0,0,0,0.0,3,1,2,3,2,16.67,0,15,12,27,25.2,1,0,49,2,1,0,Souza,Tottenham Hotspur,1482340,33,england,2526,20260326
1,0,0.0,10,0,0.0,16,4,20,66.67,5,35.71,9,9,1,0,0,0,3,1,3,1,0,4,9,0,0,1,2,24,0,0,0.3,1.47,9,0,0.0,0,0,1,2,2,0,0,0,,3,16.67,0,0,1,10,0,3,0,1,258,0,0,0,0,0,0,0.0,0,0,0,0,23,0,0,6.29,0,0,0,0,0,0,0,0,0.0,0.0,0,10,2,9,2,1,25.0,0,0,0,0.0,3,1,4,0,8,25.0,0,24,6,30,56.6,12,0,67,2,1,0,Marc Guiu,Chelsea,1414933,38,england,2526,20260326
2,0,0.0,7,30,38.96,24,59,83,63.85,0,0.0,0,5,0,0,0,0,26,0,0,0,1,4,5,0,0,0,0,0,1,0,0.01,,0,0,0.0,31,0,0,8,6,2,0,0,-2.96,0,0.0,0,1,0,47,0,0,0,5,438,0,0,0,0,0,0,0.0,1,0,0,0,50,0,3,6.28,0,0,3,6,0,6,0,2,0.0,0.0,0,0,0,0,0,0,0.0,2,0,0,0.0,0,3,0,0,0,0.0,77,66,64,130,31.4,0,0,151,0,1,0,John Victor,Nottingham Forest,840103,14,england,2526,20260326
3,0,0.0,0,12,52.17,7,23,30,73.17,0,0.0,0,1,0,0,0,0,7,0,0,0,0,0,1,0,0,0,0,0,0,0,0.0,,0,0,0.0,6,0,0,3,3,0,0,0,-1.72,0,0.0,0,0,0,11,0,0,0,1,90,0,0,0,0,0,0,0.0,0,0,0,0,11,0,0,6.2,0,0,0,1,0,1,0,0,0.0,0.0,0,0,0,0,0,0,0.0,0,0,0,0.0,0,3,0,0,0,0.0,23,15,26,41,6.2,0,0,48,0,0,0,Hákon Rafn Valdimarsson,Brentford,1005959,50,england,2526,20260326
0,0,0.0,0,0,0.0,0,1,1,100.0,0,0.0,0,1,0,0,0,0,0,0,0,0,0,0,1,0,0,0,0,1,0,0,0.0,,1,0,0.0,0,0,0,1,1,0,0,0,,0,0.0,0,0,0,0,0,0,0,0,8,0,0,0,0,0,0,0.0,0,0,0,0,0,0,0,6.2,0,0,0,0,0,0,0,0,0.0,0.0,0,0,0,0,0,0,0.0,0,0,0,0.0,0,0,0,0,0,0.0,0,0,1,1,6.2,0,0,1,0,0,0,Sam Byram,Leeds United,254713,34,england,2526,20260326
3,0,0.0,17,6,46.15,42,62,104,90.43,4,57.14,3,2,0,0,0,0,8,0,0,0,0,11,2,0,0,0,0,3,0,0,0.03,0.1,0,0,0.0,2,0,0,8,8,0,0,0,,3,100.0,0,0,0,11,1,0,0,2,180,0,2,0,0,0,0,0.0,0,0,0,0,14,0,0,6.2,0,0,0,0,0,0,0,0,0.0,0.0,0,2,0,2,0,1,100.0,0,1,0,0.0,0,6,1,2,7,70.0,13,52,63,115,12.4,2,0,145,1,0,0,Nayef Aguerd,West Ham United,877102,37,england,2526,20260326
1,0,0.0,18,1,50.0,38,19,57,61.29,18,36.0,32,8,0,0,0,0,10,0,1,2,0,4,8,0,0,6,1,48,0,0,0.23,0.92,11,0,0.0,0,0,0,11,11,0,0,0,,3,15.79,0,0,0,36,2,7,0,5,408,3,1,0,0,0,0,0.0,0,0,0,0,51,2,0,6.19,0,0,0,0,0,0,0,0,0.0,0.0,0,9,0,4,3,0,0.0,0,2,1,50.0,7,5,0,0,21,30.43,2,72,21,93,49.5,9,0,144,1,0,0,Niclas Füllkrug,West Ham United,132645,37,england,2526,20260326
1,0,0.0,1,0,0.0,3,42,45,91.84,0,0.0,1,2,0,0,0,0,2,0,1,0,0,5,2,0,0,0,0,2,0,0,0.0,0.44,0,0,0.0,9,0,0,3,3,0,0,0,,1,50.0,0,0,0,4,1,0,0,1,98,0,1,0,0,0,0,0.0,0,0,0,0,5,0,0,6.15,0,0,0,0,0,0,0,0,0.0,0.0,0,1,0,1,0,0,0.0,0,1,0,0.0,0,1,1,0,1,33.33,3,5,44,49,12.3,1,0,59,0,0,0,Mamadou Sarr,Chelsea,1154657,38,england,2526,20260326
0,0,0.0,4,0,0.0,7,7,14,73.68,0,0.0,0,1,0,0,0,0,0,0,0,0,0,1,1,0,0,1,0,3,0,0,0.0,,1,0,0.0,0,0,0,2,1,1,0,0,,0,0.0,0,0,0,5,0,0,0,1,45,0,0,0,0,0,0,0.0,0,0,0,0,8,0,0,5.8,0,0,0,0,0,0,0,0,0.0,0.0,0,0,0,0,0,0,0.0,0,0,0,0.0,0,0,1,1,0,0.0,0,12,7,19,5.8,0,0,33,0,0,0,Emil Krafth,Newcastle United,150396,39,england,2526,20260326
0,0,0.0,1,0,0.0,5,2,7,100.0,0,0.0,0,1,0,0,0,0,0,0,0,0,0,0,0,0,0,0,0,0,0,0,0.01,,0,0,0.0,0,0,0,0,0,0,0,0,,0,0.0,0,0,0,0,0,0,0,0,1,0,0,0,0,0,0,0.0,0,0,0,0,0,0,0,0.0,0,0,0,0,0,0,0,0,0.0,0.0,0,0,0,0,0,0,0.0,0,0,0,0.0,0,0,0,0,0,0.0,0,5,2,7,0.0,0,0,7,0,0,0,Tyler Fletcher,Manchester United,1402850,35,england,2526,20260326
0,0,0.0,0,0,0.0,0,1,1,100.0,0,0.0,0,1,0,0,0,0,0,0,0,0,0,1,0,0,0,0,0,0,0,0,0.0,,0,0,0.0,0,0,0,1,1,0,0,0,,0,0.0,0,0,0,0,0,0,0,0,1,0,0,0,0,0,0,0.0,0,0,0,0,0,0,0,0.0,0,0,0,0,0,0,0,0,0.0,0.0,0,0,0,0,0,0,0.0,0,0,0,0.0,0,0,0,0,0,0.0,0,0,1,1,0.0,0,0,2,0,0,0,Alex Murphy,Newcastle United,1125214,39,england,2526,20260326
0,0,0.0,0,0,0.0,0,0,0,0.0,0,0.0,0,1,0,0,0,0,0,0,0,0,0,0,0,0,0,0,0,0,0,0,,,0,0,0.0,0,0,0,0,0,0,0,0,,0,0.0,0,0,0,0,0,0,0,0,1,0,0,0,0,0,0,0.0,0,0,0,0,0,0,0,0.0,0,0,0,0,0,0,0,0,0.0,0.0,0,0,0,0,0,0,0.0,0,0,0,0.0,0,0,0,0,0,0.0,0,0,0,0,0.0,0,0,0,0,0,0,James Rowswell,Tottenham Hotspur,1403130,33,england,2526,20260326
0,0,0.0,0,0,0.0,0,0,0,0.0,0,0.0,0,1,0,0,0,0,0,0,0,0,0,0,0,0,0,0,0,1,0,0,,,1,0,0.0,0,0,0,0,0,0,0,0,,0,0.0,0,0,0,0,0,0,0,0,1,0,0,0,0,0,0,0.0,0,0,0,0,0,0,0,0.0,0,0,0,0,0,0,0,0,0.0,0.0,0,0,0,0,0,0,0.0,0,0,0,0.0,0,0,0,0,0,0.0,0,0,0,0,0.0,0,0,1,0,0,0,Myles Peart-Harris,Brentford,980649,50,england,2526,20260326
0,0,0.0,0,0,0.0,0,0,0,0.0,0,0.0,0,1,0,0,0,0,0,0,0,0,0,0,0,0,0,0,0,0,0,0,,,0,0,0.0,0,0,0,0,0,0,0,0,,0,0.0,0,0,0,0,0,0,0,0,1,0,0,0,0,0,0,0.0,0,0,0,0,0,0,0,0.0,0,0,0,0,0,0,0,0,0.0,0.0,0,0,0,0,0,0,0.0,0,0,0,0.0,0,0,0,0,0,0.0,0,0,0,0,0.0,0,0,0,0,0,0,Nehemiah Oriola,Brighton & Hove Albion,1899611,30,england,2526,20260326
0,0,0.0,0,0,0.0,0,0,0,0.0,0,0.0,0,1,0,0,0,0,0,0,0,0,0,0,0,0,0,0,0,0,0,0,,,0,0,0.0,0,0,0,0,0,0,0,0,,0,0.0,0,0,0,0,0,0,0,0,1,0,0,0,0,0,0,0.0,0,0,0,0,0,0,0,0.0,0,0,0,0,0,0,0,0,0.0,0.0,0,0,0,0,0,0,0.0,0,0,0,0.0,0,0,0,0,0,0.0,0,0,0,0,0.0,0,0,0,0,0,0,Joe Knight,Brighton & Hove Albion,1565348,30,england,2526,20260326
