accurateChippedPasses,accurateCrosses,accurateCrossesPercentage,accurateFinalThirdPasses,accurateLongBalls,accurateLongBallsPercentage,accurateOppositionHalfPasses,accurateOwnHalfPasses,accuratePasses,accuratePassesPercentage,aerialDuelsWon,aerialDuelsWonPercentage,aerialLost,appearances,assists,attemptPenaltyMiss,attemptPenaltyPost,attemptPenaltyTarget,ballRecovery,bigChancesCreated,bigChancesMissed,blockedShots,cleanSheet,clearances,countRating,crossesNotClaimed,directRedCards,dispossessed,dribbledPast,duelLost,errorLeadToGoal,errorLeadToShot,expectedAssists,expectedGoals,fouls,freeKickGoal,goalConversionPercentage,goalKicks,goals,goalsAssistsSum,goalsConceded,goalsConcededInsideTheBox,goalsConcededOutsideTheBox,goalsFromInsideTheBox,goalsFromOutsideTheBox,goalsPrevented,groundDuelsWon,groundDuelsWonPercentage,headedGoals,highClaims,hitWoodwork,inaccuratePasses,interceptions,keyPasses,leftFootGoals,matchesStarted,minutesPlayed,offsides,outfielderBlocks,ownGoals,passToAssist,penaltiesTaken,penaltyConceded,penaltyConversion,penaltyFaced,penaltyGoals,penaltySave,penaltyWon,possessionLost,possessionWonAttThird,punches,rating,redCards,rightFootGoals,runsOut,savedShotsFromInsideTheBox,savedShotsFromOutsideTheBox,saves,savesCaught,savesParried,scoringFrequency,setPieceConversion,shotFromSetPiece,shotsFromInsideTheBox,shotsFromOutsideTheBox,shotsOffTarget,shotsOnTarget,successfulDribbles,successfulDribblesPercentage,successfulRunsOut,tackles,tacklesWon,tacklesWonPercentage,totalAttemptAssist,totalChippedPasses,totalContest,totalCross,totalDuelsWon,totalDuelsWonPercentage,totalLongBalls,totalOppositionHalfPasses,totalOwnHalfPasses,totalPasses,totalRating,totalShots,totwAppearances,touches,wasFouled,yellowCards,yellowRedCards,player,team,player id,team id,data_country,data_season
48,39,26.71,500,64,72.73,828,244,1033,81.66,4,28.57,10,25,12,1,0,0,,19,8,28,8,8,25,0,0,33,35,122,0,0,,,27,0,7.5,,6,18,17,15,2,5,1,,113,50.22,0,0,4,232,9,81,1,23,2001,1,,0,1,3,0,66.67,0,2,0,2,453,31,0,7.77,0,5,0,0,0,0,0,0,333.5,0.0,10,38,42,26,26,48,71.64,0,34,21,61.76,80,84,67,146,117,48.95,88,1142,269,1265,194.2,80,8,1814,31,1,0,Kevin De Bruyne,Manchester City,70996,17,england,2021
52,7,18.42,290,65,61.32,469,173,635,69.93,76,40.0,114,35,14,0,0,0,,14,13,28,11,39,35,0,0,54,18,257,0,0,,,26,0,16.79,,23,37,39,38,1,19,4,,133,48.19,4,0,9,273,11,51,3,35,3085,13,,0,2,4,0,100.0,0,4,0,2,486,14,0,7.63,0,16,0,0,0,0,0,0,134.13,0.0,14,84,53,56,53,52,52.0,0,22,12,54.55,49,108,100,38,209,44.85,106,718,228,908,267.1,137,11,1561,60,1,0,Harry Kane,Tottenham Hotspur,108579,33,england,2021
143,41,24.7,753,142,63.68,1221,472,1652,78.33,16,27.12,43,37,12,0,0,1,,20,8,37,9,27,37,0,0,37,74,217,0,0,,,43,0,14.88,,18,30,36,34,2,17,1,,131,42.95,1,0,3,457,26,97,1,35,3105,3,,0,2,10,1,90.0,0,9,0,0,722,24,0,7.56,0,16,0,0,0,0,0,0,172.5,0.0,16,48,73,33,51,23,51.11,0,57,30,52.63,95,282,45,166,147,40.38,223,1721,554,2109,279.9,121,10,2847,52,6,0,Bruno Fernandes,Manchester United,288205,35,england,2021
31,17,22.37,494,30,58.82,675,172,830,83.33,26,48.15,28,26,10,0,0,0,,14,4,21,11,4,26,0,0,39,9,150,0,3,,,40,0,12.0,,6,16,28,22,6,4,2,,205,62.69,0,0,1,166,12,82,0,24,2184,7,,0,1,0,0,0.0,0,0,0,2,372,25,0,7.54,0,6,0,0,0,0,0,0,364.0,0.0,2,37,13,10,19,65,64.36,0,31,14,45.16,81,57,101,76,231,60.63,51,877,195,996,196.1,50,5,1582,110,6,0,Jack Grealish,Aston Villa,189061,40,england,2021
25,11,27.5,104,30,61.22,191,88,268,73.22,23,65.71,12,20,2,0,0,0,,2,2,6,0,14,19,0,0,7,7,56,0,0,,,9,0,28.95,,11,13,12,11,1,10,1,,53,54.64,2,0,2,98,8,21,8,10,923,5,,0,0,0,0,0.0,0,0,0,0,178,4,0,7.48,0,1,0,0,0,0,0,0,83.91,0.0,7,22,16,13,19,27,55.1,0,17,10,58.82,21,44,49,40,76,57.58,49,286,120,366,142.1,38,4,611,9,1,0,Gareth Bale,Tottenham Hotspur,15354,33,england,2021
79,17,19.32,260,99,74.44,511,364,858,83.22,6,37.5,10,23,4,0,0,0,,11,0,9,1,1,23,0,0,38,35,112,0,0,,,17,0,16.22,,6,10,27,20,7,4,2,,102,50.0,0,0,0,173,15,41,3,21,1775,6,,0,1,0,0,0.0,0,0,0,1,336,18,0,7.45,0,3,0,0,0,0,0,0,295.83,0.0,4,18,19,10,18,34,70.83,0,28,17,60.71,40,134,48,88,108,49.09,133,713,406,1031,171.4,37,4,1431,40,4,0,James Rodríguez,Everton,107414,48,england,2021
42,60,35.29,666,58,66.67,1108,424,1472,86.49,21,35.59,38,36,5,0,0,0,,13,3,23,9,12,36,0,0,41,44,209,0,0,,,50,0,7.32,,6,11,32,29,3,5,1,,162,48.65,0,0,3,230,31,87,2,32,2893,4,,0,0,1,0,100.0,0,1,0,2,494,24,0,7.4,0,4,0,0,0,0,0,0,482.17,0.0,6,36,46,32,27,43,53.09,0,75,35,46.67,87,75,81,170,183,46.68,87,1404,468,1702,266.4,82,7,2454,44,2,0,Mason Mount,Chelsea,836694,38,england,2021
41,9,30.0,524,45,65.22,1053,528,1572,91.72,12,48.0,13,28,2,1,0,0,,3,5,11,8,9,28,0,0,13,29,75,0,0,,,8,0,24.07,,13,15,16,15,1,11,2,,77,55.4,1,0,0,142,20,42,3,23,2034,1,,0,0,2,0,50.0,0,1,0,1,225,17,0,7.36,0,9,0,0,0,0,0,0,156.46,0.0,4,35,19,21,22,27,69.23,0,25,15,60.0,42,68,39,30,89,54.27,69,1186,558,1714,206.2,54,5,2011,26,1,0,İlkay Gündoğan,Manchester City,45853,17,england,2021
30,18,22.22,426,23,71.88,699,207,888,88.45,15,51.72,14,27,6,0,0,0,,8,5,16,6,4,26,0,0,29,24,114,0,0,,,13,0,15.52,,9,15,22,20,2,7,2,,95,48.72,1,0,3,116,8,45,7,23,1954,7,,0,1,0,0,0.0,0,0,0,0,296,21,0,7.35,0,1,0,0,0,0,0,0,217.11,0.0,3,39,19,20,22,45,55.56,0,20,5,25.0,44,48,81,81,110,49.11,32,855,230,1004,191.1,58,4,1424,30,0,0,Riyad Mahrez,Manchester City,158213,17,england,2021
183,67,22.56,587,151,45.76,1199,758,1890,79.38,8,25.81,23,36,7,0,0,0,,14,0,21,10,43,36,0,0,22,20,115,1,2,,,21,0,3.64,,2,9,40,36,4,1,1,,97,51.32,0,0,2,491,49,78,0,34,3033,5,,0,1,0,1,0.0,0,0,0,0,859,23,0,7.29,0,2,0,0,0,0,0,0,1516.5,0.0,18,13,42,22,12,32,52.46,0,56,33,58.93,77,390,61,297,105,47.73,330,1821,857,2381,262.5,55,3,3416,9,2,0,Trent Alexander-Arnold,Liverpool,795064,44,england,2021
29,12,32.43,184,40,78.43,354,206,548,92.26,4,44.44,5,10,1,0,0,0,,1,0,3,1,1,10,0,0,11,3,23,0,0,,,4,0,8.33,,1,2,15,15,0,0,1,,43,70.49,0,0,0,46,0,17,1,9,762,1,,0,0,0,0,0.0,0,0,0,1,99,4,0,7.28,0,0,0,0,0,0,0,0,762.0,0.0,0,5,7,4,5,16,94.12,0,9,3,33.33,17,41,17,37,47,67.14,51,419,212,594,72.8,12,1,735,18,2,0,Tom Cairney,Fulham,82566,43,england,2021
142,2,14.29,530,155,73.81,1420,1124,2542,91.27,80,71.43,32,34,2,0,0,0,,1,2,9,13,54,32,0,0,22,33,135,2,1,,,44,0,6.25,,2,4,27,25,2,2,0,,129,55.6,1,0,2,243,36,34,0,31,2747,2,,0,1,1,0,100.0,0,1,0,0,308,24,0,7.28,0,1,0,0,0,0,0,0,1373.5,0.0,0,16,16,15,8,28,84.85,0,72,40,55.56,33,196,33,14,209,60.76,210,1593,1206,2785,232.9,32,3,3191,30,6,0,Rodri,Manchester City,827606,17,england,2021
43,1,33.33,140,76,47.2,458,905,1362,89.43,42,66.67,21,19,0,0,0,0,,1,0,3,11,51,19,0,0,1,3,43,0,0,,,16,0,7.14,,1,1,10,9,1,1,0,,45,67.16,0,0,0,161,18,3,1,19,1710,1,,1,0,0,0,0.0,0,0,0,0,183,3,0,7.26,0,0,0,0,0,0,0,0,1710.0,0.0,0,9,5,4,7,3,50.0,0,31,23,74.19,3,99,6,3,87,66.92,161,569,957,1523,137.9,14,0,1713,11,0,0,Antonio Rüdiger,Chelsea,142622,38,england,2021
82,55,21.91,372,78,42.16,1046,1111,2102,86.4,47,41.96,65,38,7,0,0,1,,3,1,7,9,52,38,0,0,14,41,165,0,0,,,45,4,18.6,,8,15,68,59,9,4,4,,120,54.55,0,0,3,331,42,61,0,38,3420,0,,0,1,4,1,75.0,0,3,0,0,591,13,0,7.25,0,8,0,0,0,0,0,0,427.5,20.0,20,10,33,12,24,17,77.27,0,76,50,65.79,60,183,22,251,167,50.3,185,1485,1199,2433,275.4,43,3,3145,27,5,0,James Ward-Prowse,Southampton,161717,45,england,2021
23,36,24.32,352,28,63.64,651,267,882,83.44,20,24.1,63,37,10,0,0,0,,14,10,15,7,3,37,0,0,50,54,212,0,0,,,14,0,25.0,,17,27,36,36,0,14,3,,125,45.62,1,0,5,175,14,75,5,36,3121,16,,0,0,1,0,100.0,0,1,0,0,440,16,0,7.24,0,11,0,0,0,0,0,0,183.59,0.0,1,44,24,17,36,39,54.17,0,32,18,56.25,75,36,72,148,145,40.62,44,893,312,1057,267.9,68,5,1657,54,0,0,Heung-min Son,Tottenham Hotspur,111505,33,england,2021
6,4,14.81,50,4,40.0,82,38,116,87.22,2,100.0,0,4,1,0,0,0,,2,0,0,0,2,4,0,0,0,2,3,0,0,,,1,0,20.0,,1,2,2,2,0,1,0,,0,0.0,0,0,0,17,0,5,0,3,227,0,,0,0,0,0,0.0,0,0,0,0,43,0,0,7.23,0,1,0,0,0,0,0,0,227.0,0.0,2,1,4,3,2,0,0.0,0,0,0,0.0,5,12,0,27,2,40.0,10,118,42,133,28.9,5,1,178,0,0,0,Conor Hourihane,Aston Villa,100574,40,england,2021
39,24,22.64,368,34,64.15,664,210,850,83.33,2,15.38,11,31,5,0,0,0,,6,0,26,3,4,31,0,0,33,27,112,0,0,,,19,1,10.67,,8,13,28,25,3,5,3,,118,53.88,0,0,2,170,9,52,2,24,2103,5,,0,1,0,0,0.0,0,0,0,2,372,13,0,7.22,0,6,0,0,0,0,0,0,262.88,7.69,13,21,54,26,23,29,56.86,0,32,16,50.0,51,79,51,106,120,51.72,53,894,232,1020,223.9,75,2,1505,57,4,0,James Maddison,Leicester City,356398,31,england,2021
38,0,0.0,183,61,58.65,649,962,1611,93.28,38,64.41,21,22,0,0,0,0,,0,2,4,14,54,22,0,1,2,5,34,1,0,,,7,0,26.67,,4,4,12,10,2,4,0,,40,75.47,1,0,0,116,18,2,1,22,1934,1,,0,0,0,0,0.0,0,0,0,0,125,2,0,7.22,1,2,0,0,0,0,0,0,483.5,0.0,0,11,4,6,5,10,90.91,0,21,10,47.62,2,63,11,1,78,69.64,104,710,1018,1727,158.8,15,3,1912,9,0,0,John Stones,Manchester City,152077,17,england,2021
31,9,15.0,394,29,69.05,654,148,793,78.67,36,36.0,64,35,7,0,0,0,,11,18,23,8,9,35,0,0,61,21,255,0,0,,,53,0,11.7,,11,18,28,26,2,11,0,,207,52.01,2,0,3,215,15,61,4,31,2810,31,,0,0,0,0,0.0,0,0,0,1,513,28,0,7.21,0,5,0,0,0,0,0,0,255.45,0.0,0,81,13,35,36,82,56.94,0,48,30,62.5,61,59,144,60,243,48.8,42,888,180,1008,252.5,94,4,1740,78,3,0,Sadio Mané,Liverpool,217704,44,england,2021
117,29,37.66,232,136,63.55,531,687,1189,84.69,30,46.88,34,29,2,0,0,0,,5,0,2,8,49,28,0,0,16,36,144,1,2,,,46,1,6.67,,1,3,34,31,3,0,1,,125,53.19,0,0,0,215,45,35,0,28,2429,0,,0,0,0,0,0.0,0,0,0,0,338,11,0,7.21,0,1,0,0,0,0,0,0,2429.0,33.33,3,2,13,8,5,20,62.5,0,74,38,51.35,35,176,32,77,155,51.84,214,719,762,1404,202.0,15,2,1884,31,10,0,Kalvin Phillips,Leeds United,786028,34,england,2021
0,0,0.0,0,4,23.53,1,38,39,75.0,0,0.0,0,2,0,0,0,0,,0,0,0,1,2,2,0,0,0,0,0,0,0,,,0,0,0.0,,0,0,1,1,0,0,0,,0,0.0,0,1,0,13,0,0,0,2,180,0,,0,0,0,0,0.0,0,0,0,0,13,0,0,7.2,0,0,1,6,0,6,0,1,0.0,0.0,0,0,0,0,0,0,0.0,1,0,0,0.0,0,0,0,0,0,0.0,17,10,42,52,14.4,0,1,73,0,0,0,Caoimhin Kelleher,Liverpool,827362,44,england,2021
20,13,17.57,330,9,69.23,535,150,672,88.19,16,37.21,27,28,5,0,0,0,,5,4,12,3,10,26,0,0,15,14,96,0,0,,,12,0,20.0,,9,14,16,15,1,9,0,,94,57.67,0,0,2,90,11,36,5,17,1613,3,,0,0,0,0,0.0,0,0,0,0,255,12,0,7.2,0,4,0,0,0,0,0,0,179.22,0.0,0,38,7,13,20,38,56.72,0,22,11,50.0,36,26,67,74,110,53.4,13,668,168,762,187.1,45,4,1148,34,0,0,Phil Foden,Manchester City,859765,17,england,2021
52,0,0.0,84,45,41.28,301,639,940,84.15,96,65.75,50,17,1,0,0,0,,1,1,2,7,81,17,0,0,3,13,83,0,0,,,20,0,6.67,,1,2,11,10,1,1,0,,32,49.23,1,0,0,177,20,7,0,15,1455,0,,0,0,0,0,0.0,0,0,0,0,190,2,0,7.19,0,0,0,0,0,0,0,0,1455.0,0.0,0,15,0,11,2,2,100.0,0,22,14,63.64,7,105,2,1,128,60.66,109,411,707,1117,122.3,15,2,1335,9,2,0,Nathaniel Phillips,Liverpool,920393,44,england,2021
25,6,15.79,222,16,61.54,377,158,529,83.57,0,0.0,5,16,4,0,0,1,,3,2,12,2,0,16,0,0,22,9,80,0,0,,,21,0,21.43,,9,13,19,16,3,9,0,,54,41.86,0,0,0,104,4,18,4,16,1424,6,,0,0,2,0,50.0,0,1,0,2,223,7,0,7.19,0,5,0,0,0,0,0,0,158.22,0.0,1,23,19,8,22,18,41.86,0,12,6,50.0,18,39,43,38,54,40.3,26,489,182,633,115.1,42,1,897,24,3,0,Jesse Lingard,West Ham United,205508,37,england,2021
45,36,24.83,326,48,57.83,543,241,748,79.57,13,27.66,34,33,6,0,0,0,,11,2,14,4,14,33,0,1,45,42,187,0,0,,,34,1,16.92,,11,17,55,48,7,6,5,,118,43.54,0,0,3,192,29,60,11,30,2581,13,,0,0,4,0,100.0,0,4,0,1,470,36,0,7.18,1,0,0,0,0,0,0,0,234.64,10.0,10,23,42,23,28,40,54.05,0,26,15,57.69,60,79,74,145,131,41.19,83,805,280,940,237.1,65,3,1556,52,2,0,Matheus Pereira,West Bromwich Albion,377238,8,england,2021
22,57,30.16,457,29,50.0,839,586,1368,85.02,38,57.58,28,32,5,0,0,0,,7,0,2,10,39,32,0,0,21,15,125,0,2,,,42,0,9.09,,1,6,33,32,1,1,0,,108,52.68,0,0,0,241,19,73,1,30,2655,3,,1,1,0,0,0.0,0,0,0,0,488,11,0,7.18,0,0,0,0,0,0,0,0,2655.0,0.0,0,8,3,3,6,36,64.29,0,44,28,63.64,72,50,56,189,146,53.87,58,1154,644,1609,229.9,11,4,2416,28,8,0,Luke Shaw,Manchester United,190839,35,england,2021
92,0,0.0,53,266,38.78,176,533,709,62.58,11,84.62,2,38,0,0,0,0,,0,0,0,15,14,38,1,0,0,1,3,1,1,,,1,0,0.0,,0,0,46,38,8,0,0,,11,91.67,0,39,0,424,2,2,0,38,3420,0,,0,0,0,0,0.0,6,0,1,0,439,0,4,7.18,0,0,12,81,60,142,5,29,0.0,0.0,0,0,0,0,0,0,0.0,12,3,3,100.0,2,184,0,0,22,88.0,686,514,619,1133,272.9,0,1,1540,8,1,0,Emiliano Martínez,Aston Villa,158263,40,england,2021
2,0,0.0,0,11,55.0,4,64,68,87.18,2,100.0,0,3,0,0,0,0,,0,0,0,1,4,3,0,0,0,0,0,0,0,,,0,0,0.0,,0,0,2,1,1,0,0,,0,0.0,0,4,0,10,0,0,0,3,270,0,,0,0,0,0,0.0,0,0,0,0,11,0,4,7.17,0,0,0,4,4,8,0,2,0.0,0.0,0,0,0,0,0,0,0.0,0,0,0,0.0,0,5,0,0,2,100.0,20,7,71,78,21.5,0,0,116,0,0,0,Kiko Casilla,Leeds United,18184,34,england,2021
41,0,0.0,176,53,55.79,527,717,1244,86.87,57,61.29,36,26,4,0,0,0,,3,0,3,6,52,26,0,0,14,40,149,0,0,,,54,0,6.25,,1,5,31,29,2,0,1,,127,52.92,0,0,0,188,61,16,1,25,2179,0,,0,0,0,1,0.0,0,0,0,0,250,17,0,7.17,0,0,0,0,0,0,0,0,2179.0,0.0,0,7,9,12,1,16,53.33,0,96,63,65.63,16,62,30,5,184,55.26,95,619,818,1432,186.3,16,2,1846,16,6,0,Wilfred Ndidi,Leicester City,787885,31,england,2021
62,1,11.11,298,84,66.67,618,596,1213,75.48,234,59.24,161,38,1,0,0,0,,2,1,13,10,102,38,0,1,21,49,308,0,0,,,69,0,15.63,,10,11,47,39,8,10,0,,130,46.93,3,0,1,394,62,18,1,38,3420,2,,1,0,0,1,0.0,0,0,0,0,483,16,0,7.16,1,6,0,0,0,0,0,0,342.0,0.0,0,52,12,28,23,16,55.17,0,78,41,52.56,18,107,29,9,364,54.17,126,908,708,1607,272.2,64,2,2185,43,7,0,Tomáš Souček,West Ham United,799041,37,england,2021
84,0,0.0,127,115,63.89,643,1162,1805,93.04,47,63.51,27,23,0,0,0,0,,0,1,4,10,82,23,0,0,2,7,50,1,0,,,13,0,15.38,,2,2,20,18,2,2,0,,38,62.3,2,0,0,135,33,5,0,23,1938,0,,0,0,0,0,0.0,0,0,0,0,154,3,0,7.16,1,0,0,0,0,0,0,0,969.0,0.0,0,13,0,5,4,2,66.67,0,20,12,60.0,5,129,3,3,85,62.96,180,734,1209,1940,164.7,13,4,2168,16,3,1,Thiago Silva,Chelsea,33541,38,england,2021
77,67,30.59,357,93,57.76,717,512,1162,81.6,22,33.85,43,34,8,0,1,0,,5,2,15,10,15,34,0,0,17,29,119,0,1,,,19,0,9.38,,3,11,28,27,1,3,0,,70,47.95,0,0,2,262,23,70,0,27,2489,5,,0,0,4,0,75.0,0,3,0,1,488,19,0,7.16,0,3,0,0,0,0,0,0,829.67,0.0,6,16,16,10,7,9,45.0,0,45,24,53.33,70,144,20,219,92,43.6,161,1069,574,1424,243.4,32,1,1984,16,3,0,Pascal Groß,Brighton & Hove Albion,48480,30,england,2021
122,1,14.29,466,120,74.53,952,590,1541,89.59,31,50.0,31,24,0,0,0,0,,3,1,11,5,11,24,0,0,18,32,141,0,0,,,48,0,4.55,,1,1,18,16,2,0,1,,119,51.97,0,0,0,179,30,30,0,20,1858,0,,0,0,0,1,0.0,0,0,0,0,249,15,0,7.16,0,1,0,0,0,0,0,0,1858.0,0.0,1,3,19,6,5,33,68.75,0,61,36,59.02,30,181,48,7,150,51.55,161,1098,629,1720,171.8,22,3,2039,25,4,0,Thiago Alcântara,Liverpool,53825,44,england,2021
58,0,0.0,107,91,57.59,473,1140,1613,90.87,87,69.6,38,24,0,0,0,0,,0,3,6,9,91,24,0,0,4,4,64,0,0,,,17,0,18.52,,5,5,25,22,3,5,0,,21,44.68,4,0,2,162,28,4,0,22,2036,0,,0,0,0,0,0.0,0,0,0,0,178,1,0,7.15,0,1,0,0,0,0,0,0,407.2,0.0,0,23,4,9,12,2,50.0,0,16,10,62.5,4,97,4,0,108,62.79,158,568,1207,1775,171.7,27,4,2016,6,3,0,Kurt Zouma,Chelsea,139227,38,england,2021
89,21,15.22,539,115,44.92,1194,855,2028,81.71,35,55.56,28,38,4,0,0,0,,3,1,16,11,16,38,0,0,35,63,184,0,1,,,37,0,12.24,,6,10,50,46,4,4,2,,182,53.85,0,0,2,454,46,52,1,37,3358,0,,0,3,2,0,100.0,0,2,0,0,680,18,0,7.15,0,5,0,0,0,0,0,0,559.67,0.0,4,16,33,13,20,43,67.19,0,86,45,52.33,49,244,64,138,217,54.11,256,1660,960,2482,271.6,49,3,3151,54,6,0,Youri Tielemans,Leicester City,331737,31,england,2021
13,0,0.0,27,14,36.84,139,340,479,87.73,23,67.65,11,10,2,0,0,0,,3,0,1,3,22,9,0,0,1,1,23,0,0,,,11,0,20.0,,1,3,5,5,0,1,0,,18,60.0,1,0,0,67,7,3,0,9,691,0,,0,0,0,0,0.0,0,0,0,0,71,1,0,7.14,0,0,0,0,0,0,0,0,691.0,0.0,0,5,0,2,2,0,0.0,0,14,9,64.29,3,40,0,0,41,64.06,38,189,357,546,64.3,5,2,620,4,2,0,Joël Matip,Liverpool,51501,44,england,2021
24,7,24.14,567,23,65.71,856,208,1057,83.69,18,30.0,42,37,5,0,0,0,,12,19,36,8,10,37,0,0,82,9,203,1,0,,,22,0,17.46,,22,27,41,37,4,20,2,,76,32.07,2,0,1,206,1,58,19,34,3079,13,,0,1,6,0,100.0,0,6,0,2,497,29,0,7.14,0,1,0,0,0,0,0,0,139.95,0.0,1,98,28,38,52,36,42.86,0,18,9,50.0,57,64,84,29,94,31.65,35,1057,235,1263,264.2,126,4,1842,22,0,0,Mohamed Salah,Liverpool,159665,44,england,2021
29,13,21.67,443,27,36.99,831,714,1532,84.92,38,50.67,37,34,4,0,0,0,,2,0,1,13,61,34,0,0,21,13,126,0,2,,,31,0,28.57,,2,6,36,34,2,2,0,,136,60.44,0,0,0,272,62,31,0,34,3060,1,,0,0,0,0,0.0,0,0,0,0,425,5,0,7.14,0,2,0,0,0,0,0,0,1530.0,0.0,0,5,2,2,4,34,56.67,0,88,54,61.36,31,51,60,60,174,58.0,73,1028,836,1804,242.7,7,3,2656,14,3,0,Aaron Wan-Bissaka,Manchester United,863653,35,england,2021
46,39,23.64,272,46,56.1,466,204,633,72.26,9,20.0,36,30,9,0,0,0,,12,4,19,5,26,30,0,0,34,46,183,0,0,,,13,1,8.96,,6,15,34,32,2,3,3,,121,45.15,0,0,3,243,29,64,5,26,2369,14,,0,0,0,0,0.0,0,0,0,0,564,15,0,7.14,0,1,0,0,0,0,0,0,394.83,25.0,4,44,23,24,24,56,50.91,0,34,17,50.0,64,90,110,165,130,41.53,82,780,259,876,214.1,67,1,1573,31,3,0,Raphinha,Leeds United,831005,34,england,2021
89,0,0.0,153,180,57.51,483,1505,1988,89.43,78,66.67,39,33,0,0,0,0,,1,4,5,11,104,33,0,2,1,7,67,0,0,,,22,0,15.63,,5,5,38,37,1,5,0,,56,66.67,4,0,1,235,32,10,0,33,2936,2,,1,0,0,0,0.0,0,0,0,0,256,4,0,7.13,2,1,0,0,0,0,0,0,587.2,0.0,3,26,6,12,15,6,75.0,0,30,15,50.0,10,187,8,1,134,66.67,313,651,1573,2223,235.4,32,5,2554,20,5,0,Lewis Dunk,Brighton & Hove Albion,115365,30,england,2021
52,27,19.85,377,51,42.86,730,502,1205,82.03,38,52.78,34,27,5,0,0,0,,2,1,7,9,47,27,0,0,19,18,103,0,0,,,23,0,11.11,,3,8,23,21,2,3,0,,99,58.93,0,0,0,264,24,30,2,27,2290,8,,0,0,0,0,0.0,0,0,0,0,473,7,0,7.13,0,1,0,0,0,0,0,0,763.33,0.0,0,22,5,10,10,16,59.26,0,42,22,52.38,30,121,27,136,137,57.08,119,1015,590,1469,192.6,27,2,2199,41,3,0,Ben Chilwell,Chelsea,802695,38,england,2021
117,1,33.33,276,152,61.54,700,1242,1941,87.28,135,75.84,43,34,1,0,0,0,,0,0,9,13,122,34,0,0,6,11,105,1,3,,,40,0,5.56,,2,3,36,33,3,2,0,,68,52.31,2,0,1,283,60,7,0,34,3048,1,,0,0,0,0,0.0,0,0,0,0,315,3,0,7.13,0,0,0,0,0,0,0,0,1524.0,0.0,0,33,3,17,10,8,57.14,0,29,17,58.62,7,188,14,3,203,65.91,247,884,1343,2224,242.5,36,5,2623,31,11,0,Harry Maguire,Manchester United,149380,35,england,2021
123,4,17.39,360,193,63.7,844,831,1671,84.44,26,50.98,25,36,1,0,0,0,,3,0,22,7,40,36,0,0,16,52,142,0,2,,,46,0,7.46,,5,6,42,40,2,5,0,,112,48.91,1,0,1,308,65,33,0,31,2679,0,,0,0,3,0,100.0,0,3,0,0,378,12,0,7.13,0,4,0,0,0,0,0,0,535.8,0.0,12,14,53,29,16,10,66.67,0,86,46,53.49,33,232,15,23,138,49.29,303,1073,929,1979,256.7,67,3,2453,17,8,0,Rúben Neves,Wolverhampton,280955,3,england,2021
54,46,21.4,246,40,37.04,526,502,982,77.57,92,68.66,42,30,7,0,0,0,,11,0,6,9,72,30,0,1,20,25,128,0,0,,,33,0,0.0,,0,7,42,32,10,0,0,,103,54.5,0,0,4,284,31,47,0,30,2682,4,,0,1,0,0,0.0,0,0,0,0,574,6,0,7.13,1,0,0,0,0,0,0,0,0.0,0.0,3,4,9,7,0,18,64.29,0,63,38,60.32,46,106,28,215,195,60.37,108,877,604,1266,213.9,13,4,2123,22,2,0,Lucas Digne,Everton,96538,48,england,2021
128,0,0.0,4,167,41.85,26,807,833,77.13,20,95.24,1,35,0,0,0,0,,0,0,0,11,41,35,0,0,1,1,4,2,6,,,1,0,0.0,,0,0,52,48,4,0,0,,4,57.14,0,22,0,247,0,1,0,35,3150,0,,1,0,0,1,0.0,9,0,1,0,263,0,24,7.13,0,0,11,86,52,140,1,24,0.0,0.0,0,0,0,0,0,0,0.0,11,0,0,0.0,1,225,0,0,24,85.71,399,159,921,1080,249.5,0,3,1598,8,0,0,Illan Meslier,Leeds United,906076,34,england,2021
107,11,15.28,515,66,57.89,970,656,1615,87.11,30,50.0,30,28,3,0,0,0,,8,1,10,13,28,28,0,1,21,40,158,0,2,,,36,0,5.71,,2,5,18,15,3,2,0,,133,50.96,0,0,2,239,41,46,1,27,2302,2,,0,1,0,0,0.0,0,0,0,0,412,16,0,7.13,1,1,0,0,0,0,0,0,1151.0,0.0,0,15,20,14,11,47,58.02,0,68,41,60.29,45,161,81,72,163,50.78,114,1203,723,1854,199.5,35,4,2541,18,5,0,João Cancelo,Manchester City,138892,17,england,2021
8,5,38.46,180,11,45.83,299,108,402,79.76,8,17.39,38,25,2,0,0,1,,6,9,20,3,1,22,0,0,34,13,118,1,0,,,26,0,20.34,,12,14,23,23,0,10,2,,56,41.18,1,0,0,102,2,29,9,16,1461,9,,0,1,1,1,0.0,0,0,0,0,222,20,0,7.12,0,2,0,0,0,0,0,0,121.75,0.0,1,38,21,14,25,32,72.73,0,12,5,41.67,28,22,44,13,64,35.16,24,399,118,504,156.7,59,3,797,13,1,0,Kelechi Iheanacho,Leicester City,359642,31,england,2021
8,2,10.0,137,5,41.67,218,77,293,67.51,50,41.67,70,34,9,0,0,1,,9,19,15,4,31,34,0,0,12,13,132,0,0,,,26,0,18.29,,15,24,44,42,2,15,0,,69,52.67,1,0,4,141,4,28,1,31,2844,36,,0,0,9,0,88.89,0,8,0,5,255,19,0,7.12,0,13,0,0,0,0,0,0,189.6,0.0,0,76,6,29,38,26,63.41,0,18,12,66.67,28,15,41,20,119,47.41,12,358,96,434,242.1,82,4,778,25,1,0,Jamie Vardy,Leicester City,173827,31,england,2021
14,1,33.33,152,8,53.33,254,84,337,58.61,205,56.79,156,30,1,0,0,0,,0,5,10,4,39,30,0,0,27,7,232,0,0,,,35,0,14.08,,10,11,34,28,6,10,0,,50,39.68,6,0,3,238,4,15,2,21,1838,14,,0,0,0,0,0.0,0,0,0,0,344,14,0,7.11,1,2,0,0,0,0,0,0,183.8,0.0,0,62,9,27,34,16,59.26,0,15,7,46.67,15,27,27,3,255,52.36,15,451,127,575,213.4,71,2,906,20,1,1,Christian Benteke,Crystal Palace,45970,7,england,2021
87,1,50.0,191,109,60.22,1018,1511,2528,93.18,62,61.39,39,32,0,0,0,0,,0,2,1,15,90,32,0,0,4,12,78,0,0,,,21,0,7.14,,1,1,21,20,1,1,0,,49,55.68,1,0,0,185,35,3,0,32,2845,1,,1,0,0,2,0.0,0,0,0,0,207,3,0,7.11,0,0,0,0,0,0,0,0,2845.0,0.0,0,14,0,7,6,6,75.0,0,24,13,54.17,3,147,8,2,111,58.73,181,1128,1587,2713,227.6,14,0,2988,20,4,0,Rúben Dias,Manchester City,318941,17,england,2021
14,59,28.78,317,16,51.61,666,294,901,88.42,19,37.25,32,31,6,0,0,0,,9,4,19,3,5,31,0,0,41,22,184,0,0,,,24,0,8.2,,5,11,38,35,3,5,0,,122,44.53,0,0,1,118,31,61,4,30,2558,4,,0,0,0,0,0.0,0,0,0,0,464,8,0,7.11,0,1,0,0,0,0,0,0,511.6,0.0,3,33,28,21,21,64,49.61,0,16,9,56.25,61,34,129,205,141,43.38,31,902,322,1019,220.4,61,0,1707,42,4,0,Pedro Neto,Wolverhampton,879349,3,england,2021
63,35,24.31,409,73,55.73,798,736,1499,88.38,40,62.5,24,32,2,0,0,0,,4,0,12,9,43,32,0,0,23,23,117,0,0,,,31,0,2.94,,1,3,29,25,4,0,1,,106,53.27,0,0,1,197,17,42,0,25,2378,1,,0,0,0,1,0.0,0,0,0,0,390,10,0,7.11,0,1,0,0,0,0,0,0,2378.0,0.0,4,14,20,11,11,34,66.67,0,55,35,63.64,42,107,51,144,146,55.51,131,1030,810,1696,227.5,34,2,2380,17,3,0,Reece James,Chelsea,885908,38,england,2021
10,3,33.33,199,15,71.43,335,132,464,68.74,154,53.29,135,33,0,0,0,0,,1,17,11,8,33,33,0,0,29,6,230,0,0,,,37,0,19.28,,16,16,39,29,10,16,0,,79,45.4,7,0,1,211,6,18,1,32,2874,18,,0,0,0,0,0.0,0,0,0,2,389,15,0,7.1,0,8,0,0,0,0,0,0,179.63,0.0,0,72,11,26,46,22,44.9,0,17,8,47.06,18,19,49,9,233,50.32,21,518,166,675,234.3,83,2,1144,41,3,0,Dominic Calvert-Lewin,Everton,372344,48,england,2021
42,7,18.92,346,39,33.33,743,903,1639,86.86,55,55.56,44,26,2,0,0,0,,3,0,1,12,59,26,0,1,6,18,107,0,2,,,32,0,9.09,,1,3,20,19,1,1,0,,73,53.68,0,0,0,248,28,27,0,24,2195,5,,0,0,0,0,0.0,0,0,0,0,325,5,0,7.1,1,1,0,0,0,0,0,0,2195.0,0.0,0,7,4,5,5,6,42.86,0,53,28,52.83,27,101,14,37,128,54.47,117,919,1005,1887,184.6,11,2,2346,14,5,0,César Azpilicueta,Chelsea,21555,38,england,2021
1,0,0.0,8,10,41.67,19,86,105,68.63,23,79.31,6,3,0,0,0,0,,0,0,2,0,16,3,0,0,1,1,11,0,1,,,2,0,14.29,,1,1,6,4,2,1,0,,7,58.33,1,0,0,48,6,2,0,3,270,0,,0,0,0,0,0.0,0,0,0,0,51,0,0,7.1,0,0,0,0,0,0,0,0,270.0,0.0,0,6,1,4,1,1,50.0,0,3,3,100.0,2,11,2,0,30,73.17,24,50,103,153,21.3,7,0,200,3,1,0,Jimmy Dunne,Burnley,914891,6,england,2021
74,0,0.0,87,95,43.58,317,1095,1412,85.58,96,61.15,61,25,0,0,0,0,,0,3,0,6,67,25,0,1,1,22,108,0,1,,,23,0,6.67,,1,1,40,36,4,1,0,,96,67.13,1,0,0,238,61,0,0,25,2188,1,,0,0,0,0,0.0,0,0,0,0,256,1,0,7.1,1,0,0,0,0,0,0,0,2188.0,0.0,0,15,0,6,9,3,75.0,0,68,45,66.18,0,154,4,0,192,64.0,218,467,1183,1650,177.5,15,4,1991,27,4,0,Liam Cooper,Leeds United,39327,34,england,2021
66,1,16.67,387,94,76.42,920,681,1600,90.81,12,50.0,12,27,1,0,0,0,,3,0,9,7,9,27,0,0,23,15,77,0,2,,,16,0,0.0,,0,1,26,23,3,0,0,,128,66.32,0,0,0,162,15,21,0,21,1822,0,,0,0,0,0,0.0,0,0,0,0,233,14,0,7.1,0,0,0,0,0,0,0,0,0.0,0.0,0,4,19,10,4,53,81.54,0,46,28,60.87,21,110,65,6,140,64.52,123,1047,721,1762,191.7,23,1,2067,30,4,0,Mateo Kovačić,Chelsea,136710,38,england,2021
1,0,0.0,0,2,22.22,2,3,5,41.67,0,0.0,0,1,0,0,0,0,,0,0,0,0,0,1,0,0,0,0,0,0,0,,,0,0,0.0,,0,0,0,0,0,0,0,,0,0.0,0,1,0,7,0,0,0,0,47,0,,0,0,0,0,0.0,0,0,0,0,8,0,0,7.1,0,0,0,3,0,3,0,1,0.0,0.0,0,0,0,0,0,0,0.0,0,0,0,0.0,0,4,0,0,0,0.0,9,8,4,12,7.1,0,0,21,0,0,0,João Virgínia,Everton,930666,48,england,2021
27,0,0.0,458,23,76.67,808,242,1050,80.71,22,22.92,74,36,7,0,0,0,,11,13,26,3,12,36,0,0,47,26,191,0,0,,,22,0,10.84,,9,16,39,35,4,9,0,,108,48.0,3,0,3,251,11,44,1,33,2849,4,,0,0,0,0,0.0,0,0,0,0,423,27,0,7.1,0,5,0,0,0,0,0,0,316.56,0.0,0,65,18,23,34,59,71.08,0,33,15,45.45,44,51,83,14,130,40.5,30,1045,270,1301,255.5,83,1,1803,16,2,0,Roberto Firmino,Liverpool,143697,44,england,2021
110,59,28.5,354,119,41.61,717,645,1303,78.87,35,54.69,29,36,8,0,0,0,,12,0,3,11,73,36,0,0,9,14,71,0,2,,,13,0,0.0,,0,8,41,34,7,0,0,,54,56.25,0,0,2,349,32,60,0,36,3172,0,,0,2,0,0,0.0,0,0,0,0,588,0,0,7.1,0,0,0,0,0,0,0,0,0.0,0.0,11,4,15,12,4,4,40.0,0,32,13,40.63,58,252,10,207,89,55.63,286,1102,757,1652,255.5,19,4,2423,18,3,0,Aaron Cresswell,West Ham United,43443,37,england,2021
35,19,15.83,214,43,40.95,356,208,545,76.01,15,40.54,22,21,1,0,0,0,,1,1,10,4,21,21,0,0,24,16,105,0,0,,,26,0,9.09,,2,3,25,24,1,2,0,,118,58.71,1,0,1,172,22,27,0,19,1675,2,,0,0,0,1,0.0,0,0,0,0,370,14,0,7.1,0,1,0,0,0,0,0,0,837.5,0.0,1,16,6,8,4,44,69.84,0,49,23,46.94,27,73,63,120,133,55.88,105,586,251,717,149.0,22,1,1297,26,0,0,Solly March,Brighton & Hove Albion,301288,30,england,2021
93,2,33.33,118,130,44.52,318,566,882,70.06,165,69.33,73,36,0,0,0,0,,1,4,1,11,159,36,0,0,4,24,128,1,0,,,27,0,4.55,,1,1,50,46,4,1,0,,107,66.05,1,0,0,377,44,12,0,36,3240,3,,0,0,0,0,0.0,0,0,0,0,414,2,0,7.09,0,0,0,0,0,0,0,0,3240.0,0.0,0,21,1,15,6,12,85.71,0,66,39,59.09,12,188,14,6,272,68.0,292,600,665,1259,255.4,22,4,1734,29,6,0,James Tarkowski,Burnley,145188,6,england,2021
98,27,18.49,423,117,50.87,788,553,1314,78.03,71,58.68,50,38,2,0,0,0,,3,0,2,15,87,38,0,0,6,32,125,0,1,,,28,0,0.0,,0,2,44,37,7,0,0,,120,61.54,0,0,0,370,55,39,0,38,3405,0,,0,1,0,1,0.0,0,0,0,0,583,13,0,7.09,0,0,0,0,0,0,0,0,0.0,0.0,1,2,4,2,2,15,60.0,0,83,39,46.99,38,188,25,146,191,60.44,230,1163,667,1684,269.4,6,0,2614,22,7,0,Matt Targett,Aston Villa,368134,40,england,2021
39,2,16.67,287,67,60.36,618,513,1129,86.98,49,61.25,31,32,1,0,0,0,,3,1,11,7,43,30,0,0,17,13,116,0,0,,,47,0,15.38,,4,5,25,23,2,2,2,,118,58.13,1,0,0,169,29,17,1,24,2150,1,,0,0,0,0,0.0,0,0,0,0,249,9,0,7.08,0,2,0,0,0,0,0,0,537.5,0.0,0,16,10,7,8,26,74.29,0,51,24,47.06,17,72,35,12,167,59.01,111,743,567,1298,212.5,26,1,1698,42,3,0,Scott McTominay,Manchester United,879346,35,england,2021
44,8,26.67,294,75,61.98,725,626,1343,88.01,44,59.46,30,32,1,0,1,0,,2,2,7,10,35,32,0,0,19,30,105,0,0,,,21,0,7.41,,2,3,37,30,7,2,0,,100,57.14,0,0,3,183,59,23,0,32,2879,2,,0,0,2,1,50.0,0,1,0,0,268,14,0,7.08,0,2,0,0,0,0,0,0,1439.5,0.0,3,15,12,12,8,29,85.29,0,59,35,59.32,23,75,34,30,144,57.83,121,865,691,1526,226.5,27,0,1936,13,2,0,Declan Rice,West Ham United,856714,37,england,2021
27,0,0.0,71,279,37.55,238,136,374,44.58,9,69.23,4,32,0,0,0,0,,0,0,0,11,40,32,2,0,0,1,7,2,0,,,2,0,0.0,,0,0,37,34,3,0,0,,3,50.0,0,31,0,465,2,2,0,32,2880,0,,0,0,0,2,0.0,3,0,0,0,486,0,11,7.08,0,0,28,73,40,114,1,21,0.0,0.0,0,0,0,0,0,0,0.0,27,1,1,100.0,2,47,0,0,12,63.16,743,665,174,839,226.4,0,3,1195,3,1,0,Nick Pope,Burnley,162653,6,england,2021
29,7,11.86,231,27,36.49,433,422,848,80.46,26,38.24,42,23,1,0,0,0,,4,1,3,9,44,23,0,0,14,21,107,0,1,,,16,0,20.0,,2,3,25,21,4,2,0,,117,64.29,0,0,0,206,30,21,0,23,2070,3,,0,1,0,0,0.0,0,0,0,2,343,4,0,7.07,0,2,0,0,0,0,0,0,1035.0,0.0,0,7,3,4,3,18,56.25,0,61,37,60.66,20,64,32,59,143,57.2,74,631,482,1054,162.7,10,2,1635,38,4,0,James Justin,Leicester City,827681,31,england,2021
77,60,20.41,677,79,39.11,1412,911,2263,84.44,30,53.57,26,38,7,0,0,0,,11,1,5,10,68,38,0,0,11,29,114,1,0,,,23,0,5.26,,1,8,42,38,4,1,0,,83,48.54,0,0,0,417,21,66,1,38,3385,8,,0,0,0,1,0.0,0,0,0,0,767,16,0,7.07,0,0,0,0,0,0,0,0,3385.0,0.0,0,14,5,9,5,28,52.83,0,46,34,73.91,66,182,53,294,113,49.78,202,1949,1025,2680,268.8,19,3,3683,10,2,0,Andrew Robertson,Liverpool,262911,44,england,2021
165,14,17.07,335,175,49.72,787,1108,1881,79.0,66,50.38,65,38,0,0,0,0,,5,1,10,11,77,38,0,0,21,38,171,0,5,,,29,0,0.0,,0,0,54,49,5,0,0,,202,65.58,0,0,0,500,36,28,0,38,3400,2,,0,1,0,1,0.0,0,0,0,0,705,9,0,7.07,0,0,0,0,0,0,0,0,0.0,0.0,0,14,10,8,6,41,69.49,0,108,61,56.48,27,358,59,82,268,61.05,352,1194,1269,2381,268.7,24,3,3352,54,7,0,Luke Ayling,Leeds United,102624,34,england,2021
76,3,100.0,315,76,58.02,761,833,1591,89.23,17,56.67,13,28,1,0,0,2,,3,2,0,11,20,27,0,0,14,45,111,1,2,,,32,0,50.0,,7,8,17,15,2,7,0,,103,51.24,0,0,0,192,40,24,0,23,2014,0,,0,0,9,1,77.78,0,7,0,0,236,11,0,7.07,0,7,0,0,0,0,0,0,287.71,0.0,0,10,4,5,9,17,68.0,0,57,30,52.63,24,135,25,3,120,51.95,131,885,901,1783,190.9,14,3,2089,29,2,0,Jorginho,Chelsea,132874,38,england,2021
47,1,14.29,337,75,56.82,778,695,1472,87.36,38,63.33,22,36,0,0,0,0,,1,0,12,9,64,36,0,1,29,34,157,0,0,,,55,0,2.38,,1,1,42,40,2,0,1,,189,58.33,0,0,0,213,64,16,0,35,3111,0,,0,0,0,0,0.0,0,0,0,0,311,18,0,7.07,1,1,0,0,0,0,0,0,3111.0,0.0,2,7,35,27,3,53,72.6,0,104,68,65.38,16,97,73,7,227,59.11,132,928,764,1685,254.4,42,0,2252,32,8,0,Yves Bissouma,Brighton & Hove Albion,844842,30,england,2021
28,0,0.0,47,53,46.9,233,900,1133,90.14,66,67.35,32,24,0,0,0,0,,0,0,2,5,108,23,0,0,1,4,59,1,0,,,22,0,11.76,,2,2,22,17,5,2,0,,32,54.24,2,0,0,124,24,1,0,23,1939,0,,0,0,0,0,0.0,0,0,0,0,131,0,0,7.07,0,0,0,0,0,0,0,0,969.5,0.0,0,16,1,11,4,1,33.33,0,21,14,66.67,1,63,3,0,98,62.42,113,301,956,1257,162.5,17,1,1504,11,2,0,Yerry Mina,Everton,360396,48,england,2021
22,31,23.13,367,21,53.85,611,269,849,80.93,7,24.14,22,34,4,0,0,1,,9,4,22,4,7,34,0,0,73,31,216,0,0,,,46,0,5.8,,4,8,33,30,3,4,0,,176,47.57,0,0,3,200,20,62,1,31,2751,12,,0,1,1,0,0.0,0,0,0,0,540,29,0,7.06,0,3,0,0,0,0,0,0,687.75,0.0,4,45,24,24,23,82,64.06,0,35,11,31.43,61,47,128,134,183,45.86,39,874,309,1049,240.2,69,1,1789,59,5,0,Ademola Lookman,Fulham,824200,43,england,2021
94,0,0.0,111,130,53.72,394,1297,1691,87.21,111,69.81,48,35,1,0,0,0,,2,0,1,10,156,35,0,0,5,17,87,0,0,,,15,0,18.75,,3,4,43,32,11,3,0,,38,49.35,2,0,0,248,51,7,1,33,2990,0,,0,0,0,0,0.0,0,0,0,0,268,1,0,7.06,0,0,0,0,0,0,0,0,996.67,0.0,0,15,1,9,6,4,57.14,0,28,15,53.57,7,175,7,1,149,63.14,242,561,1379,1939,247.1,16,3,2319,8,4,0,Michael Keane,Everton,110846,48,england,2021
66,0,0.0,64,110,41.67,249,549,798,71.12,110,62.5,66,30,0,0,0,0,,2,1,1,9,148,30,0,0,2,15,99,1,1,,,15,0,9.09,,2,2,41,39,2,2,0,,53,61.63,2,0,1,324,43,6,0,30,2694,1,,0,0,0,0,0.0,0,0,0,0,341,0,0,7.06,0,0,0,0,0,0,0,0,1347.0,0.0,0,20,2,14,7,4,66.67,0,32,15,46.88,6,179,6,0,163,62.21,264,478,644,1122,211.8,22,3,1506,19,3,0,Ben Mee,Burnley,137774,6,england,2021
63,9,31.03,294,70,66.04,637,481,1109,87.19,8,38.1,13,25,3,0,0,0,,4,0,4,4,14,25,0,0,15,30,93,0,1,,,23,0,0.0,,0,3,17,16,1,0,0,,87,52.1,0,0,1,163,35,27,0,17,1620,0,,0,0,0,0,0.0,0,0,0,0,234,10,0,7.06,0,0,0,0,0,0,0,0,0.0,0.0,1,6,7,7,2,26,68.42,0,37,22,59.46,27,101,38,29,95,50.53,106,772,529,1272,176.4,13,2,1565,24,4,0,Dani Ceballos,Arsenal,547838,42,england,2021
84,4,13.79,324,84,45.16,860,728,1584,87.27,11,64.71,6,21,1,0,0,0,,3,2,2,3,26,21,0,0,5,16,41,0,0,,,8,0,7.14,,1,2,23,21,2,0,1,,44,55.7,0,0,0,231,34,15,0,20,1707,0,,0,1,0,0,0.0,0,0,0,0,277,5,0,7.05,0,1,0,0,0,0,0,0,1707.0,0.0,0,6,8,8,4,9,60.0,0,24,15,62.5,14,201,15,29,55,57.29,186,1071,773,1815,148.1,14,1,2030,11,0,0,Jordan Henderson,Liverpool,42694,44,england,2021
11,5,22.73,317,6,60.0,486,96,577,71.59,136,46.58,156,37,5,0,1,0,,8,13,26,14,23,37,0,0,86,23,336,0,0,,,47,0,14.43,,14,19,46,38,8,14,0,,118,39.6,3,0,7,229,7,45,4,37,3329,31,,0,0,2,0,50.0,0,1,0,0,487,28,0,7.05,1,7,0,0,0,0,0,0,237.79,0.0,0,87,10,26,45,39,56.52,0,30,17,56.67,45,26,69,22,254,43.05,10,710,118,806,260.8,97,3,1414,49,2,1,Ollie Watkins,Aston Villa,555386,40,england,2021
190,45,24.73,462,161,48.06,943,710,1608,78.67,14,37.84,23,38,3,0,0,0,,9,0,3,11,30,38,0,0,11,32,106,0,0,,,35,0,15.0,,3,6,55,50,5,3,0,,78,48.45,0,0,1,436,44,53,1,38,3411,0,,0,0,0,0,0.0,0,0,0,0,631,20,0,7.05,0,2,0,0,0,0,0,0,1137.0,0.0,1,5,15,10,7,13,68.42,0,23,15,65.22,53,380,19,182,92,46.46,335,1451,775,2044,267.8,20,1,2546,42,7,0,Ashley Westwood,Burnley,49647,6,england,2021
14,3,27.27,289,13,68.42,476,149,622,84.97,19,26.39,53,29,4,0,0,0,,5,5,22,9,5,29,0,0,38,17,156,0,0,,,28,0,16.36,,9,13,17,14,3,9,0,,110,51.64,1,0,1,110,15,32,3,22,2059,17,,0,1,0,1,0.0,0,0,0,1,249,18,0,7.04,0,5,0,0,0,0,0,0,228.78,0.0,0,44,11,17,16,48,68.57,0,17,6,35.29,31,21,70,11,129,45.26,19,571,172,732,204.3,55,1,1134,46,2,0,Gabriel Jesus,Manchester City,794839,17,england,2021
149,22,23.4,246,173,53.56,529,563,1070,76.37,28,54.9,23,30,3,0,0,0,,4,1,14,6,40,30,0,0,5,27,91,0,0,,,31,0,2.38,,1,4,46,41,5,0,1,,68,50.0,0,0,1,331,36,37,0,29,2617,0,,0,0,0,0,0.0,0,0,0,0,437,6,0,7.04,0,1,0,0,0,0,0,0,2617.0,0.0,11,11,31,19,9,20,76.92,0,39,14,35.9,37,283,26,94,96,51.34,323,856,639,1401,211.1,42,0,1785,10,7,0,Jonjo Shelvey,Newcastle United,36465,39,england,2021
65,0,0.0,418,98,66.22,896,688,1584,87.71,9,39.13,14,30,0,0,0,0,,4,1,9,8,21,30,0,0,30,59,153,0,1,,,45,0,4.0,,1,1,25,22,3,1,0,,136,49.45,0,0,0,222,45,25,1,27,2395,1,,0,0,0,0,0.0,0,0,0,0,306,24,0,7.04,0,0,0,0,0,0,0,0,2395.0,0.0,0,3,22,9,7,25,80.65,0,81,39,48.15,25,106,31,9,145,48.66,148,1053,762,1806,211.1,25,0,2233,30,5,0,Fred,Manchester United,243623,35,england,2021
63,24,28.92,393,57,69.51,593,217,786,78.76,4,15.38,22,35,5,0,0,0,,6,5,16,4,3,35,0,0,60,26,164,1,0,,,27,0,8.62,,5,10,30,29,1,3,2,,104,42.28,0,0,5,212,26,51,1,30,2620,5,,0,1,0,0,0.0,0,0,0,0,435,28,0,7.03,0,4,0,0,0,0,0,0,524.0,0.0,2,32,26,19,23,39,57.35,0,33,14,42.42,50,97,68,83,108,39.71,82,831,250,998,246.2,58,1,1535,32,2,0,Leandro Trossard,Brighton & Hove Albion,135666,30,england,2021
48,1,16.67,234,47,66.2,540,345,884,87.18,30,62.5,18,21,2,0,0,0,,3,1,4,6,17,18,0,0,4,23,70,0,0,,,22,0,0.0,,0,2,10,8,2,0,0,,52,50.0,0,0,0,130,23,14,0,12,1184,0,,0,0,0,0,0.0,0,0,0,0,152,8,0,7.03,0,0,0,0,0,0,0,0,0.0,0.0,0,4,10,7,3,10,76.92,0,31,17,54.84,14,72,13,6,82,53.95,71,648,372,1014,126.6,14,1,1175,11,6,0,Fernandinho,Manchester City,13630,17,england,2021
17,24,16.0,241,15,55.56,421,137,534,76.29,73,48.67,77,37,2,0,0,0,,6,0,19,6,11,37,0,0,65,8,255,1,0,,,47,0,4.65,,2,4,41,38,3,2,0,,267,60.0,0,0,2,166,7,55,0,28,2642,7,,0,0,0,0,0.0,0,0,0,1,558,25,0,7.03,0,2,0,0,0,0,0,0,1321.0,0.0,0,26,17,11,13,153,70.83,0,28,16,57.14,55,30,216,150,340,57.14,27,676,174,700,260.1,43,1,1544,86,4,0,Adama Traoré,Wolverhampton,286165,3,england,2021
128,0,0.0,63,311,33.37,207,272,479,43.23,7,87.5,1,37,1,0,0,0,,1,0,0,6,38,37,1,0,0,0,2,0,2,,,1,0,0.0,,0,1,74,63,11,0,0,,2,66.67,0,19,0,629,2,1,0,37,3330,0,,0,0,0,1,0.0,11,0,1,0,642,0,23,7.03,0,0,14,103,60,166,2,39,0.0,0.0,0,0,0,0,0,0,0.0,14,0,0,0.0,1,226,0,0,9,81.82,932,749,359,1108,260.1,0,4,1531,4,1,0,Sam Johnstone,West Bromwich Albion,98427,8,england,2021
16,3,50.0,99,36,33.96,271,764,1032,84.66,57,64.04,32,31,2,0,0,0,,2,0,5,11,110,31,0,0,6,14,70,0,0,,,15,0,0.0,,0,2,35,26,9,0,0,,81,68.07,0,0,0,187,33,4,0,29,2683,4,,1,0,0,1,0.0,0,0,0,0,262,1,0,7.03,0,0,0,0,0,0,0,0,0.0,0.0,0,9,5,7,2,9,75.0,0,55,33,60.0,4,64,12,6,138,66.35,106,379,846,1219,217.9,14,2,1739,17,4,0,Ben Godfrey,Everton,754698,48,england,2021
16,0,0.0,16,16,41.03,42,131,173,74.57,39,69.64,17,7,0,0,0,0,,0,1,0,3,53,7,0,0,0,3,25,0,0,,,5,0,20.0,,1,1,6,6,0,1,0,,7,46.67,1,0,1,59,8,0,0,7,630,0,,0,0,0,0,0.0,0,0,0,0,60,0,0,7.03,0,0,0,0,0,0,0,0,630.0,0.0,0,5,0,4,1,0,0.0,0,4,2,50.0,0,36,0,0,46,64.79,39,73,159,232,49.2,5,0,320,3,2,0,Kortney Hause,Aston Villa,255189,40,england,2021
91,1,100.0,75,111,41.57,286,901,1186,82.53,46,56.1,36,25,0,0,0,0,,1,0,4,9,115,25,0,0,2,12,66,0,0,,,17,0,10.0,,1,1,25,24,1,1,0,,41,57.75,1,0,1,251,10,8,0,25,2241,0,,1,0,0,1,0.0,0,0,0,0,258,3,0,7.03,0,0,0,0,0,0,0,0,2241.0,0.0,0,10,0,3,3,4,100.0,0,35,22,62.86,8,222,4,1,87,56.86,267,440,998,1437,175.7,10,0,1708,3,2,0,Toby Alderweireld,Tottenham Hotspur,44575,33,england,2021
22,12,21.82,112,14,37.84,220,180,388,84.72,17,54.84,14,9,2,0,0,0,,1,0,1,1,18,9,0,0,5,9,36,0,0,,,4,0,0.0,,0,2,11,9,2,0,0,,19,46.34,0,0,1,70,16,12,0,8,691,1,,0,0,0,0,0.0,0,0,0,0,132,3,0,7.02,0,0,0,0,0,0,0,0,0.0,0.0,0,2,3,3,1,3,42.86,0,14,7,50.0,12,50,7,55,36,50.0,37,315,198,458,63.2,5,0,686,4,0,0,Alex Telles,Manchester United,312110,35,england,2021
23,12,18.75,234,25,51.02,389,150,527,79.13,5,21.74,18,23,3,0,0,0,,6,1,16,0,1,23,0,0,16,14,83,0,0,,,19,0,5.71,,2,5,7,7,0,1,1,,48,42.48,0,0,1,139,10,34,2,15,1182,4,,0,0,0,0,0.0,0,0,0,0,258,10,0,7.02,0,0,0,0,0,0,0,0,591.0,0.0,1,10,25,6,13,19,54.29,0,14,10,71.43,34,55,35,64,53,38.97,49,553,177,666,161.5,35,3,932,15,3,0,Hakim Ziyech,Chelsea,249437,38,england,2021
15,10,28.57,129,21,43.75,288,362,640,80.81,37,48.05,40,19,3,0,0,0,,6,1,1,4,41,19,0,0,13,25,115,0,3,,,23,0,13.33,,2,5,22,21,1,2,0,,86,53.42,1,0,0,152,19,18,0,19,1608,1,,0,0,0,1,0.0,0,0,0,0,266,2,0,7.02,0,1,0,0,0,0,0,0,804.0,0.0,0,10,5,8,6,17,53.13,0,55,33,60.0,18,34,32,35,123,51.68,48,403,424,792,133.4,15,2,1280,15,0,0,Serge Aurier,Tottenham Hotspur,105697,33,england,2021
20,27,25.96,264,35,79.55,433,187,593,87.59,9,36.0,16,25,5,0,0,0,,5,1,7,1,6,25,0,0,15,10,50,0,0,,,5,1,5.0,,1,6,17,14,3,0,1,,47,58.02,0,0,2,84,8,32,0,16,1412,4,,0,0,0,0,0.0,0,0,0,0,214,6,0,7.02,0,1,0,0,0,0,0,0,1412.0,20.0,5,9,11,10,3,13,72.22,0,13,7,53.85,32,32,18,104,56,52.83,44,575,206,677,175.5,20,0,964,21,0,0,Willian,Arsenal,31417,42,england,2021
48,1,12.5,300,69,66.35,701,622,1322,86.46,17,37.78,28,30,2,0,0,0,,2,1,3,9,26,30,0,0,15,29,119,0,0,,,36,0,0.0,,0,2,24,22,2,0,0,,112,55.17,0,0,0,207,59,22,0,24,2145,0,,0,0,0,0,0.0,0,0,0,0,294,19,0,7.02,0,0,0,0,0,0,0,0,0.0,0.0,0,3,7,4,3,26,68.42,0,79,42,53.16,22,81,38,8,129,52.02,104,828,709,1529,210.6,10,3,1932,7,7,0,N'Golo Kanté,Chelsea,234148,38,england,2021
51,34,25.76,264,35,25.0,551,394,911,71.23,53,55.79,42,34,7,0,0,0,,9,2,3,9,90,34,0,0,16,37,131,0,1,,,29,0,0.0,,0,7,43,35,8,0,0,,119,57.21,0,0,2,368,41,47,0,34,3055,0,,0,2,0,0,0.0,0,0,0,0,613,4,0,7.01,0,0,0,0,0,0,0,0,0.0,0.0,0,10,5,7,5,15,62.5,0,73,36,49.32,45,154,24,132,172,56.77,140,886,525,1279,238.5,15,1,2190,34,3,0,Vladimír Coufal,West Ham United,138024,37,england,2021
13,2,6.45,157,13,72.22,245,66,309,68.21,73,45.06,89,26,5,0,0,0,,3,9,14,2,7,26,0,0,49,6,211,0,0,,,29,0,15.87,,10,15,25,19,6,10,0,,88,41.9,2,0,6,144,7,27,2,24,1983,15,,0,0,0,0,0.0,0,0,0,1,357,21,0,7.01,0,6,0,0,0,0,0,0,198.3,0.0,0,51,12,24,25,43,49.43,0,7,4,57.14,27,21,87,31,161,43.28,18,403,81,453,182.3,63,2,916,40,3,0,Michail Antonio,West Ham United,47772,37,england,2021
2,1,33.33,132,4,80.0,231,163,393,77.21,47,38.84,74,38,7,0,0,0,,5,21,17,9,37,38,0,0,21,19,169,0,0,,,36,0,15.89,,17,24,50,45,5,15,2,,63,39.87,2,0,4,116,10,30,13,37,3062,18,,0,0,2,0,100.0,0,2,0,3,249,17,0,7.01,0,2,0,0,0,0,0,0,180.12,0.0,0,95,12,42,48,19,47.5,0,21,9,42.86,30,6,40,3,110,39.43,5,325,187,509,266.3,107,3,920,23,3,0,Patrick Bamford,Leeds United,204336,34,england,2021
28,0,0.0,29,40,49.38,107,491,598,83.29,33,57.89,24,15,0,0,0,0,,1,1,3,4,38,15,0,0,7,13,61,0,2,,,15,0,12.5,,1,1,12,12,0,1,0,,49,56.98,1,0,0,120,20,4,0,14,1205,0,,0,0,0,0,0.0,0,0,0,0,143,0,0,7.01,0,0,0,0,0,0,0,0,1205.0,0.0,0,7,1,2,3,6,75.0,0,34,21,61.76,4,57,8,2,82,57.34,81,172,548,718,105.1,8,1,898,9,1,0,Diego Llorente,Leeds United,305278,34,england,2021
38,0,0.0,137,75,48.39,543,915,1458,86.37,91,59.87,61,28,0,0,0,0,,0,2,2,6,92,28,0,0,12,15,130,0,0,,,37,0,0.0,,0,0,30,26,4,0,0,,92,57.14,0,0,1,230,61,6,0,27,2264,2,,0,0,0,1,0.0,0,0,0,1,285,0,0,7.0,0,0,0,0,0,0,0,0,0.0,0.0,0,11,0,7,2,15,71.43,0,51,37,72.55,6,94,21,2,183,58.47,155,681,1009,1688,196.1,11,2,2121,29,7,0,Wesley Fofana,Leicester City,923894,31,england,2021
12,0,0.0,167,11,61.11,262,143,405,78.79,28,30.77,63,31,2,0,0,0,,2,9,5,2,13,31,0,0,31,19,161,0,0,,,37,0,28.89,,13,15,21,19,2,13,0,,93,48.69,2,0,1,109,12,23,3,22,1927,8,,0,1,3,0,100.0,0,3,0,1,213,13,0,7.0,0,8,0,0,0,0,0,0,148.23,0.0,3,33,12,11,29,22,61.11,0,18,10,55.56,22,19,36,3,121,42.91,18,352,165,514,217.1,45,3,849,54,3,0,Alexandre Lacazette,Arsenal,50070,42,england,2021
37,2,22.22,166,37,41.57,492,561,1051,82.56,31,50.82,30,21,1,0,0,0,,3,0,5,5,15,21,0,0,19,41,120,0,0,,,30,0,7.14,,1,2,25,22,3,1,0,,106,54.08,0,0,1,222,30,14,0,20,1767,0,,0,0,0,0,0.0,0,0,0,0,276,12,0,7.0,0,1,0,0,0,0,0,0,1767.0,0.0,0,2,12,5,4,14,82.35,0,69,35,50.72,14,86,17,9,137,53.31,89,647,635,1273,147.0,14,1,1559,23,6,0,Oriol Romeu,Southampton,69416,45,england,2021
1,0,0.0,0,0,0.0,1,27,28,96.55,0,0.0,0,1,0,0,0,0,,0,0,0,0,8,1,0,0,0,0,1,0,0,,,1,0,0.0,,0,0,2,2,0,0,0,,2,66.67,0,0,0,1,2,0,0,0,45,0,,0,0,0,0,0.0,0,0,0,0,1,0,0,7.0,0,0,0,0,0,0,0,0,0.0,0.0,0,0,0,0,0,0,0.0,0,2,1,50.0,0,2,0,0,2,66.67,1,2,27,29,7.0,0,0,43,0,0,0,Fikayo Tomori,Chelsea,788255,38,england,2021
5,0,0.0,1,4,36.36,8,30,38,67.86,5,71.43,2,1,0,0,0,0,,0,0,0,1,7,1,0,0,0,0,2,0,0,,,0,0,0.0,,0,0,0,0,0,0,0,,0,0.0,0,0,0,18,1,0,0,1,90,0,,0,0,0,0,0.0,0,0,0,0,22,0,0,7.0,0,0,0,0,0,0,0,0,0.0,0.0,0,0,0,0,0,0,0.0,0,0,0,0.0,0,8,0,0,5,71.43,11,14,42,56,7.0,0,0,72,0,0,0,Ahmed Hegazy,West Bromwich Albion,159653,8,england,2021
0,1,25.0,23,1,50.0,39,22,60,90.91,1,50.0,1,1,0,0,0,0,,1,0,1,0,1,1,0,0,2,0,4,0,0,,,1,0,0.0,,0,0,2,2,0,0,0,,4,57.14,0,0,0,6,3,2,0,1,81,1,,0,0,0,0,0.0,0,0,0,0,13,0,0,7.0,0,0,0,0,0,0,0,0,0.0,0.0,0,0,1,0,0,2,100.0,0,2,0,0.0,2,2,2,4,5,55.56,2,48,22,66,7.0,1,0,87,0,1,0,Timothy Fosu-Mensah,Manchester United,795260,35,england,2021
1,1,100.0,3,0,0.0,10,27,36,81.82,3,60.0,2,1,0,0,0,0,,0,0,0,0,2,1,0,0,0,0,3,0,0,,,1,0,0.0,,0,0,1,1,0,0,0,,4,80.0,0,0,0,8,2,0,0,1,90,0,,0,0,0,0,0.0,0,0,0,0,8,0,0,7.0,0,0,0,0,0,0,0,0,0.0,0.0,0,0,0,0,0,0,0.0,0,3,2,66.67,0,1,0,1,7,70.0,2,15,30,44,7.0,0,0,55,1,0,0,Terence Kongolo,Fulham,138837,43,england,2021
38,0,0.0,66,52,65.0,258,784,1042,91.32,38,67.86,18,17,0,0,0,0,,0,0,1,8,49,17,0,1,1,8,36,1,0,,,9,0,0.0,,0,0,15,13,2,0,0,,25,58.14,0,0,0,99,20,6,0,15,1372,0,,0,0,0,0,0.0,0,0,0,0,114,2,0,7.0,1,0,0,0,0,0,0,0,0.0,0.0,0,3,0,2,0,7,100.0,0,11,6,54.55,6,55,7,0,63,63.64,80,307,834,1141,119.0,3,2,1299,7,2,0,Andreas Christensen,Chelsea,186795,38,england,2021
27,6,15.38,342,30,46.15,747,488,1229,89.84,29,65.91,15,20,0,0,0,0,,1,0,7,7,25,20,0,0,6,10,43,0,0,,,9,0,0.0,,0,0,14,12,2,0,0,,35,55.56,0,0,0,139,23,15,0,15,1474,1,,0,0,0,0,0.0,0,0,0,0,202,3,0,7.0,0,0,0,0,0,0,0,0,0.0,0.0,1,5,11,5,4,6,66.67,0,25,15,60.0,15,55,9,39,64,59.81,65,874,533,1368,140.0,16,0,1680,4,0,0,Oleksandr Zinchenko,Manchester City,287643,17,england,2021
69,1,50.0,151,93,45.59,466,1103,1568,87.01,72,54.55,60,30,1,0,0,0,,0,0,0,11,118,29,0,0,6,18,112,0,0,,,25,0,0.0,,0,1,26,23,3,0,0,,55,51.4,0,0,1,234,24,4,0,28,2558,2,,1,0,0,0,0.0,0,0,0,0,264,4,0,7.0,0,0,0,0,0,0,0,0,0.0,0.0,0,12,2,12,2,8,72.73,0,43,20,46.51,4,156,11,2,127,53.14,204,603,1201,1802,202.9,14,2,2131,5,2,0,Rob Holding,Arsenal,793228,42,england,2021
92,28,24.14,383,76,60.32,857,692,1521,88.38,18,47.37,20,33,1,0,0,0,,0,0,5,4,24,32,0,0,11,56,134,0,0,,,44,0,7.14,,1,2,40,37,3,0,1,,111,49.33,0,0,0,200,47,46,0,28,2543,0,,0,0,0,1,0.0,0,0,0,0,326,12,0,6.99,1,1,0,0,0,0,0,0,2543.0,0.0,1,3,11,5,4,13,72.22,0,75,40,53.33,46,146,18,116,129,49.05,126,1076,761,1721,223.8,14,0,2139,23,3,1,João Moutinho,Wolverhampton,6562,3,england,2021
35,0,0.0,79,30,69.77,215,222,437,82.45,42,60.87,27,16,1,0,0,0,,1,1,3,4,32,16,0,0,9,18,83,0,1,,,25,0,0.0,,0,1,20,17,3,0,0,,84,60.0,0,0,0,93,35,6,0,15,1319,1,,0,0,0,2,0.0,0,0,0,0,135,12,0,6.99,0,0,0,0,0,0,0,0,0.0,0.0,1,6,6,9,0,19,76.0,0,38,25,65.79,6,48,25,2,126,60.29,43,273,259,530,111.9,12,1,787,28,4,0,Okay Yokuşlu,West Bromwich Albion,97967,8,england,2021
25,0,0.0,138,47,52.22,487,673,1160,91.05,42,66.67,21,16,0,0,0,0,,1,1,2,7,28,16,0,0,1,4,34,0,0,,,9,0,0.0,,0,0,10,9,1,0,0,,23,63.89,0,0,0,114,11,4,0,14,1343,2,,0,0,0,1,0.0,0,0,0,0,126,1,0,6.99,0,0,0,0,0,0,0,0,0.0,0.0,0,5,1,3,1,2,100.0,0,13,6,46.15,4,54,2,1,65,65.66,90,562,713,1274,111.9,6,0,1397,9,1,0,Aymeric Laporte,Manchester City,149734,17,england,2021
5,0,0.0,109,3,37.5,166,71,237,69.5,44,32.12,93,26,5,0,0,0,,4,10,9,3,14,26,0,0,39,10,198,0,0,,,40,0,24.49,,12,17,37,33,4,12,0,,78,42.62,1,0,3,104,7,17,3,23,2085,22,,0,0,4,0,100.0,0,4,0,2,253,11,0,6.99,0,8,0,0,0,0,0,0,173.75,0.0,0,44,5,20,20,26,60.47,0,12,5,41.67,17,11,43,12,122,38.13,8,267,86,341,181.8,49,2,700,41,2,0,Callum Wilson,Newcastle United,113956,39,england,2021
31,0,0.0,7,73,40.33,53,207,260,70.08,5,100.0,0,13,0,0,0,0,,0,0,0,3,12,13,0,0,0,0,0,0,0,,,0,0,0.0,,0,0,19,17,2,0,0,,5,100.0,0,9,0,111,0,0,0,13,1170,0,,0,0,0,0,0.0,1,0,0,0,117,0,9,6.99,0,0,4,30,14,45,0,7,0.0,0.0,0,0,0,0,0,0,0.0,4,0,0,0.0,0,59,0,0,10,100.0,181,140,231,371,90.9,0,1,515,5,0,0,Martin Dúbravka,Newcastle United,42209,39,england,2021
118,11,21.15,422,122,61.62,714,382,1085,79.43,22,31.43,48,37,5,0,0,0,,6,2,11,14,23,37,0,0,35,57,205,0,2,,,43,0,6.67,,3,8,46,38,8,1,2,,189,54.62,0,0,1,281,43,42,3,37,3330,1,,0,0,0,0,0.0,0,0,0,1,472,27,0,6.99,0,0,0,0,0,0,0,0,1110.0,0.0,0,13,32,23,11,52,67.53,0,61,37,60.66,42,222,77,52,211,50.72,198,972,446,1366,258.6,45,2,1967,77,12,0,John McGinn,Aston Villa,250223,40,england,2021
46,3,9.38,524,50,78.13,881,381,1259,91.76,13,29.55,31,26,6,0,0,0,,8,3,6,10,6,26,0,0,23,41,135,0,0,,,17,0,7.14,,2,8,18,15,3,0,2,,85,44.97,0,0,2,113,17,27,2,24,2071,2,,0,0,0,0,0.0,0,0,0,0,229,16,0,6.98,0,0,0,0,0,0,0,0,1035.5,0.0,0,20,8,9,13,41,63.08,0,26,14,53.85,27,64,65,32,98,42.06,64,993,411,1372,181.6,28,1,1711,18,5,0,Bernardo Silva,Manchester City,331209,17,england,2021
82,1,16.67,397,108,53.47,1187,1262,2448,88.54,44,55.0,36,38,4,0,0,0,,4,1,2,12,64,38,0,0,20,75,209,0,0,,,69,0,14.29,,2,6,45,44,1,1,1,,173,50.0,0,0,0,317,48,16,0,38,3420,0,,0,0,0,1,0.0,0,0,0,0,395,23,0,6.98,0,2,0,0,0,0,0,0,1710.0,0.0,0,4,10,5,7,23,71.88,0,98,51,52.04,16,152,32,6,217,50.94,202,1411,1360,2765,265.4,14,2,3259,53,9,0,Pierre-Emile Højbjerg,Tottenham Hotspur,149593,33,england,2021
73,2,9.09,365,97,68.31,690,418,1106,82.97,55,62.5,33,26,3,0,0,0,,4,3,9,5,37,26,0,0,50,22,167,0,0,,,41,0,9.68,,3,6,26,26,0,1,2,,118,46.83,0,0,0,227,26,26,1,21,1896,4,,0,0,0,2,0.0,0,0,0,2,385,13,0,6.98,0,2,0,0,0,0,0,0,632.0,0.0,0,22,9,11,11,44,67.69,0,36,26,72.22,26,141,65,22,173,50.88,142,889,466,1333,181.5,31,1,1782,38,3,0,Paul Pogba,Manchester United,111802,35,england,2021
6,6,28.57,147,15,71.43,250,100,344,82.49,7,43.75,9,25,4,0,0,0,,6,3,10,0,1,25,0,0,52,5,124,0,0,,,10,0,10.0,,3,7,26,25,1,3,0,,156,57.56,0,0,0,73,4,30,1,19,1568,5,,0,0,0,1,0.0,0,0,0,0,252,6,0,6.98,0,2,0,0,0,0,0,0,522.67,0.0,0,15,15,7,13,96,66.21,0,16,9,56.25,30,15,145,21,163,56.79,21,324,114,417,174.4,30,1,845,45,0,0,Allan Saint-Maximin,Newcastle United,347010,39,england,2021
73,0,0.0,193,98,54.14,706,1198,1904,90.32,54,50.94,52,30,0,0,0,0,,0,0,2,11,65,30,0,0,7,27,119,0,1,,,29,0,0.0,,0,0,29,27,2,0,0,,92,57.86,0,0,0,204,44,4,0,28,2564,0,,0,0,0,2,0.0,0,0,0,1,235,8,0,6.97,0,0,0,0,0,0,0,0,0.0,0.0,0,5,5,7,1,7,63.64,0,58,31,53.45,4,143,11,1,146,55.09,181,838,1271,2108,209.2,10,0,2445,27,6,0,Fabinho,Liverpool,243585,44,england,2021
18,3,15.79,141,12,40.0,226,109,332,66.27,23,24.21,72,29,4,0,0,0,,3,6,12,5,20,29,0,0,18,16,152,1,0,,,19,0,21.05,,12,16,40,36,4,11,1,,70,46.67,1,0,1,169,3,22,1,26,2185,18,,0,0,2,1,100.0,0,2,0,0,309,16,0,6.97,0,10,0,0,0,0,0,0,182.08,0.0,0,44,13,18,27,30,50.85,0,22,13,59.09,22,48,59,19,93,37.96,30,390,130,501,202.2,57,1,885,18,1,0,Danny Ings,Southampton,130181,45,england,2021
86,0,0.0,115,109,48.88,430,1160,1590,85.95,93,71.54,37,28,2,0,0,0,,1,2,0,10,96,28,0,0,4,6,64,0,1,,,18,0,25.0,,2,4,31,29,2,2,0,,44,61.97,2,0,0,260,46,10,0,28,2476,1,,1,0,0,0,0.0,0,0,0,0,272,4,0,6.97,0,0,0,0,0,0,0,0,1238.0,0.0,0,8,0,5,3,8,88.89,0,25,12,48.0,10,188,9,0,137,68.16,223,577,1273,1850,195.2,8,3,2101,12,7,0,Jonny Evans,Leicester City,30144,31,england,2021
28,55,35.48,199,18,30.0,394,179,518,73.68,3,13.64,19,34,5,0,0,0,,7,2,12,5,13,33,0,0,56,49,177,0,0,,,28,0,2.78,,1,6,37,30,7,1,0,,175,52.55,0,0,0,185,42,41,0,25,2263,2,,0,1,0,0,0.0,0,0,0,0,431,18,0,6.97,0,1,0,0,0,0,0,0,2263.0,0.0,4,13,23,13,11,44,60.27,0,78,41,52.56,40,67,73,155,178,50.14,60,634,224,703,230.0,36,1,1381,54,0,0,Andros Townsend,Crystal Palace,47992,7,england,2021
49,0,0.0,54,76,45.78,225,866,1091,84.84,95,62.91,56,36,0,0,0,0,,0,6,4,12,158,36,0,0,7,4,83,1,0,,,19,0,9.09,,2,2,46,38,8,2,0,,82,75.23,1,0,1,195,29,2,0,35,3195,1,,0,0,0,1,0.0,0,0,0,0,227,0,0,6.97,0,1,0,0,0,0,0,0,1597.5,0.0,0,21,1,11,7,6,100.0,0,25,13,52.0,2,95,6,3,177,68.08,166,338,951,1286,250.9,22,1,1729,54,3,0,Ezri Konsa,Aston Villa,827679,40,england,2021
31,23,31.94,122,32,50.0,274,270,521,75.51,29,59.18,20,22,1,0,0,0,,2,0,3,4,44,21,0,0,8,8,72,0,0,,,28,0,0.0,,0,1,27,25,2,0,0,,76,59.38,0,0,0,169,27,18,0,18,1482,2,,0,0,0,1,0.0,0,0,0,0,281,5,0,6.97,0,0,0,0,0,0,0,0,0.0,0.0,0,5,2,3,1,10,52.63,0,48,30,62.5,18,56,19,72,105,59.32,64,409,353,690,146.3,7,0,1125,18,3,0,Kenny Tete,Fulham,190877,43,england,2021
8,0,0.0,10,15,44.12,73,305,378,88.11,22,62.86,13,12,0,0,0,0,,0,0,0,2,35,9,0,0,0,1,16,1,1,,,2,0,0.0,,0,0,12,12,0,0,0,,21,87.5,0,0,0,51,21,0,0,8,732,1,,0,0,0,0,0.0,0,0,0,0,53,0,0,6.97,0,0,0,0,0,0,0,0,0.0,0.0,0,1,0,1,0,0,0.0,0,14,9,64.29,0,22,0,0,43,72.88,34,104,325,429,62.7,1,1,527,8,0,0,Joe Rodon,Tottenham Hotspur,828640,33,england,2021
23,17,29.31,279,27,65.85,399,114,496,86.11,1,10.0,9,23,3,0,0,0,,4,0,12,1,5,23,0,0,15,13,61,0,0,,,11,0,8.7,,2,5,5,4,1,2,0,,46,46.94,0,0,1,80,6,32,0,10,1058,5,,0,0,0,0,0.0,0,0,0,0,170,4,0,6.97,0,2,0,0,0,0,0,0,529.0,0.0,0,12,11,5,6,15,51.72,0,23,15,65.22,32,36,29,58,47,43.52,41,505,129,576,160.2,23,0,818,8,0,0,Callum Hudson-Odoi,Chelsea,867442,38,england,2021
56,20,31.75,229,69,43.4,505,486,971,77.74,42,52.5,38,28,1,0,0,0,,2,1,3,7,60,28,0,0,7,28,123,0,0,,,34,0,7.14,,1,2,27,27,0,1,0,,124,59.33,0,0,0,278,33,22,1,25,2282,0,,0,0,0,0,0.0,0,0,0,0,418,10,0,6.96,0,0,0,0,0,0,0,0,2282.0,0.0,0,11,3,7,4,18,50.0,0,67,33,49.25,22,141,36,63,166,57.44,159,738,574,1249,195.0,14,1,1891,39,3,0,Joël Veltman,Brighton & Hove Albion,219572,30,england,2021
0,1,100.0,65,2,66.67,100,39,138,80.7,2,33.33,4,12,1,0,0,1,,3,2,2,2,0,11,0,0,11,9,30,0,0,,,2,0,21.05,,4,5,4,4,0,4,0,,19,42.22,1,0,0,33,2,7,0,7,558,1,,0,0,2,0,50.0,0,1,0,0,66,5,0,6.96,0,3,0,0,0,0,0,0,139.5,0.0,0,18,1,5,12,8,61.54,0,4,1,25.0,7,3,13,1,21,41.18,3,129,43,171,76.6,19,1,262,7,0,0,Sergio Agüero,Manchester City,17094,17,england,2021
65,0,0.0,252,65,63.11,546,445,991,87.16,23,56.1,18,24,2,0,0,0,,2,1,7,5,15,24,0,0,10,32,83,0,0,,,18,0,0.0,,0,2,18,16,2,0,0,,88,57.52,0,0,1,146,23,12,0,18,1545,0,,0,0,0,0,0.0,0,0,0,0,196,10,0,6.96,0,0,0,0,0,0,0,0,0.0,0.0,0,3,23,15,4,27,79.41,0,44,20,45.45,12,106,34,6,111,57.22,103,656,487,1137,167.1,26,0,1393,17,5,0,Thomas Partey,Arsenal,316148,42,england,2021
11,1,25.0,73,15,78.95,139,67,205,79.15,15,45.45,18,10,0,0,0,0,,0,2,4,3,10,10,0,0,18,7,63,0,0,,,9,0,15.38,,4,4,10,9,1,2,2,,29,39.19,1,0,2,54,8,5,0,10,824,4,,1,0,0,0,0.0,0,0,0,0,122,5,0,6.96,0,3,0,0,0,0,0,0,206.0,0.0,0,17,9,12,10,10,47.62,0,3,2,66.67,5,13,21,4,44,41.12,19,186,77,259,69.6,26,0,419,17,0,0,Raúl Jiménez,Wolverhampton,192442,3,england,2021
18,10,26.32,212,13,52.0,352,145,487,78.04,35,37.63,58,29,3,0,0,0,,3,7,13,5,15,29,0,0,19,17,120,0,0,,,13,0,17.54,,10,13,26,24,2,10,0,,41,39.81,1,0,2,137,7,23,1,26,2344,17,,1,1,2,0,100.0,0,2,0,0,248,11,0,6.96,0,8,0,0,0,0,0,0,234.4,0.0,0,48,9,22,22,12,48.0,0,12,8,66.67,22,29,25,38,76,38.78,25,479,183,624,201.8,57,2,940,18,2,0,Pierre-Emerick Aubameyang,Arsenal,51498,42,england,2021
36,31,18.56,310,32,43.24,478,285,732,74.01,26,38.81,41,36,8,0,0,0,,10,6,7,7,18,36,0,0,63,33,200,0,0,,,28,0,17.78,,8,16,45,40,5,7,1,,128,44.6,0,0,2,257,15,59,3,34,2855,12,,0,0,0,0,0.0,0,0,0,0,603,15,0,6.96,0,5,0,0,0,0,0,0,356.88,0.0,1,36,9,19,19,42,53.85,0,63,38,60.32,59,82,78,167,154,43.5,74,796,360,989,250.4,45,3,1679,23,2,0,Jack Harrison,Leeds United,829570,34,england,2021
74,4,23.53,150,107,46.12,460,702,1158,81.09,71,54.2,60,27,0,0,0,0,,1,4,3,7,111,27,0,0,2,14,110,1,0,,,29,0,10.71,,3,3,40,39,1,3,0,,55,52.38,3,0,2,270,52,5,0,27,2408,1,,0,0,0,2,0.0,0,0,0,0,315,1,0,6.96,0,0,0,0,0,0,0,0,802.67,0.0,2,23,5,14,11,9,60.0,0,35,24,68.57,5,164,15,17,126,53.39,232,621,824,1428,187.8,28,2,1824,11,2,0,Romain Saïss,Wolverhampton,187729,3,england,2021
90,0,0.0,74,263,41.16,179,438,617,61.82,10,100.0,0,31,0,0,0,0,,0,0,0,10,39,31,0,0,0,2,3,2,2,,,1,0,0.0,,0,0,39,28,11,0,0,,2,40.0,0,13,0,381,3,1,0,31,2743,0,,0,0,0,1,0.0,3,0,0,0,388,0,23,6.95,0,0,10,57,33,90,0,28,0.0,0.0,0,0,0,0,0,0,0.0,10,0,0,0.0,1,163,0,0,12,80.0,639,501,497,998,215.5,0,1,1319,3,1,0,Jordan Pickford,Everton,138530,48,england,2021
13,1,5.56,160,8,57.14,255,65,319,74.88,14,27.45,37,19,0,0,0,0,,2,7,5,0,3,18,0,0,20,27,131,0,0,,,25,0,19.57,,9,9,15,13,2,9,0,,53,36.05,3,0,1,107,5,13,1,12,1113,1,,0,1,0,0,0.0,0,0,0,0,214,5,0,6.95,0,5,0,0,0,0,0,0,123.67,0.0,0,38,8,15,26,21,48.84,0,12,6,50.0,12,27,43,18,67,33.84,14,359,85,426,125.1,46,2,682,20,2,0,Diogo Jota,Liverpool,606164,44,england,2021
10,2,5.41,206,14,45.16,347,179,524,69.96,40,35.4,73,34,3,0,0,0,,4,10,21,6,35,34,0,1,56,35,236,0,1,,,33,0,8.64,,7,10,38,27,11,6,1,,183,52.89,2,0,1,225,14,25,0,33,2868,25,,0,0,1,0,100.0,0,1,0,1,441,25,0,6.95,1,5,0,0,0,0,0,0,409.71,0.0,1,63,18,28,32,61,59.8,0,50,32,64.0,25,20,102,37,223,48.58,31,559,227,749,236.3,81,2,1365,73,4,0,Richarlison,Everton,840217,48,england,2021
91,1,20.0,133,131,35.99,428,879,1306,77.92,91,72.22,35,36,2,0,0,0,,0,2,4,14,170,36,0,0,4,8,70,1,2,,,21,0,10.53,,2,4,42,34,8,2,0,,55,61.11,1,0,0,370,41,7,1,36,3195,3,,1,0,0,0,0.0,0,0,0,0,407,3,0,6.95,1,0,0,0,0,0,0,0,1597.5,0.0,0,19,0,8,7,6,75.0,0,32,16,50.0,7,241,8,5,146,67.59,364,680,1001,1676,250.2,19,2,2113,18,4,1,Tyrone Mings,Aston Villa,303638,40,england,2021
0,1,50.0,18,2,66.67,28,13,40,75.47,1,20.0,4,2,0,0,0,0,,0,0,0,0,1,2,0,0,2,1,13,0,0,,,2,0,50.0,,1,1,2,2,0,1,0,,11,55.0,1,0,0,13,1,1,0,2,156,1,,0,0,0,0,0.0,0,0,0,0,30,0,0,6.95,0,0,0,0,0,0,0,0,156.0,0.0,0,2,0,1,1,3,42.86,0,4,2,50.0,1,1,7,2,12,48.0,3,37,18,53,13.9,2,0,92,4,0,0,Anthony Elanga,Manchester United,979232,35,england,2021
1,0,0.0,25,0,0.0,42,25,67,78.82,1,20.0,4,4,0,0,0,0,,1,1,3,0,0,4,0,0,9,4,23,0,1,,,4,0,11.11,,1,1,6,5,1,1,0,,19,50.0,0,0,0,18,1,2,0,3,255,0,,0,0,0,0,0.0,0,0,0,0,46,4,0,6.95,0,1,0,0,0,0,0,0,255.0,0.0,0,7,2,1,5,8,80.0,0,9,6,66.67,2,1,10,4,20,46.51,0,61,28,85,27.8,9,1,151,2,0,0,Fabio Carvalho,Fulham,991604,43,england,2021
29,10,25.64,113,31,46.97,211,166,367,78.09,18,66.67,9,14,0,0,0,0,,1,0,1,3,22,14,0,0,3,5,24,0,0,,,6,0,0.0,,0,0,9,8,1,0,0,,22,59.46,0,0,0,103,17,13,0,8,845,0,,0,0,0,0,0.0,0,0,0,0,160,3,0,6.95,0,0,0,0,0,0,0,0,0.0,0.0,0,7,2,7,1,2,66.67,0,17,13,76.47,13,58,3,39,40,62.5,66,314,195,470,97.3,9,0,714,3,2,0,Ahmed Elmohamady,Aston Villa,32787,40,england,2021
36,6,31.58,180,56,49.12,406,428,828,82.31,52,64.2,29,25,0,0,0,0,,2,0,1,2,83,25,0,0,5,26,86,1,2,,,25,0,0.0,,0,0,41,31,10,0,0,,95,62.5,0,0,0,178,49,11,0,23,2090,1,,1,0,0,1,0.0,0,0,0,0,242,7,0,6.95,0,0,0,0,0,0,0,0,0.0,0.0,0,3,4,4,2,13,86.67,0,57,36,63.16,11,74,15,19,147,63.09,114,533,492,1006,173.7,7,3,1425,25,3,0,Ethan Ampadu,Sheffield United,847097,15,england,2021
20,3,12.5,115,16,39.02,227,195,419,82.48,23,60.53,15,13,0,0,0,0,,3,2,8,4,28,13,0,0,9,7,52,0,0,,,13,0,9.09,,2,2,13,11,2,2,0,,34,47.89,0,0,2,89,12,16,1,11,959,2,,0,1,0,0,0.0,0,0,0,0,147,5,0,6.95,0,1,0,0,0,0,0,0,479.5,0.0,5,15,7,4,10,9,52.94,0,13,3,23.08,15,41,17,24,57,52.29,41,300,232,508,90.3,22,1,764,12,2,0,Marcos Alonso,Chelsea,69408,38,england,2021
32,23,22.55,205,42,63.64,362,205,544,77.6,32,49.23,33,36,6,0,0,0,,6,4,21,3,12,35,0,0,26,24,152,0,1,,,31,0,10.94,,7,13,31,28,3,6,1,,118,49.79,0,0,2,157,15,35,5,29,2338,7,,0,0,0,0,0.0,0,0,0,1,394,13,0,6.95,0,2,0,0,0,0,0,0,334.0,0.0,2,46,18,20,23,52,53.61,0,26,10,38.46,35,57,97,102,150,49.67,66,548,255,701,243.1,64,2,1245,40,1,0,Bertrand Traoré,Aston Villa,218160,40,england,2021
104,3,25.0,460,130,71.82,1010,967,1974,90.18,39,52.0,36,31,2,0,0,0,,2,0,8,9,36,31,0,1,12,28,121,2,1,,,39,1,4.76,,1,3,26,23,3,0,1,,95,52.78,0,0,0,215,24,17,1,29,2522,1,,0,0,0,0,0.0,0,0,0,0,269,13,0,6.95,1,0,0,0,0,0,0,0,2522.0,14.29,7,3,18,6,7,8,50.0,0,50,26,52.0,17,155,16,12,134,52.55,181,1189,1012,2189,215.3,21,1,2516,37,7,0,Granit Xhaka,Arsenal,117777,42,england,2021
72,12,14.63,426,75,53.57,832,822,1642,83.73,33,45.21,40,38,2,0,0,0,,3,2,13,12,46,38,0,0,34,58,180,0,1,,,40,0,16.67,,8,10,53,48,5,4,4,,146,51.05,1,0,1,319,44,26,1,38,3410,0,,0,0,0,0,0.0,0,0,0,0,505,13,0,6.94,0,6,0,0,0,0,0,0,426.25,0.0,0,19,29,16,19,22,66.67,0,74,45,60.81,26,144,33,82,179,49.86,140,1125,918,1961,263.9,48,2,2730,51,7,0,Stuart Dallas,Leeds United,78454,34,england,2021
52,52,21.49,269,66,47.83,584,341,873,78.93,19,42.22,26,36,5,0,0,0,,8,0,7,10,18,36,0,0,62,38,177,0,1,,,11,0,7.69,,2,7,50,45,5,0,2,,149,49.67,0,0,1,233,32,48,2,34,3071,2,,0,0,0,0,0.0,0,0,0,0,606,20,0,6.94,0,0,0,0,0,0,0,0,1535.5,0.0,1,9,17,10,9,63,61.17,0,47,24,51.06,48,123,103,242,168,48.7,138,943,405,1106,250.0,26,3,1885,40,1,0,Dwight McNeil,Burnley,935543,6,england,2021
20,3,13.64,179,25,62.5,276,157,430,76.92,23,41.07,33,26,2,0,0,0,,4,2,12,0,15,25,0,0,21,18,100,0,0,,,19,0,15.22,,7,9,21,19,2,6,1,,39,36.79,2,0,4,129,5,31,4,14,1287,3,,0,0,0,1,0.0,0,0,0,0,220,11,0,6.94,0,1,0,0,0,0,0,0,183.86,0.0,1,29,17,16,18,16,64.0,0,14,7,50.0,31,36,25,22,62,38.27,40,393,188,559,173.6,46,2,784,9,3,0,Rodrigo,Leeds United,542472,34,england,2021
13,7,31.82,150,13,72.22,250,105,348,87.22,2,22.22,7,14,2,0,0,0,,4,0,5,0,0,12,0,0,7,5,33,0,0,,,11,0,0.0,,0,2,7,7,0,0,0,,19,42.22,0,0,0,51,2,19,0,5,559,0,,0,0,0,0,0.0,0,0,0,0,91,6,0,6.94,0,0,0,0,0,0,0,0,0.0,0.0,1,2,9,6,0,6,66.67,0,7,4,57.14,19,27,9,22,21,38.89,18,310,111,399,83.3,11,0,499,6,2,0,Xherdan Shaqiri,Liverpool,65953,44,england,2021
50,0,0.0,28,157,37.74,98,478,576,68.74,14,93.33,1,36,0,0,0,0,,0,0,0,9,39,36,0,0,0,4,5,2,1,,,0,0,0.0,,0,0,48,45,3,0,0,,5,55.56,0,22,0,262,1,0,0,36,3240,0,,0,0,0,0,0.0,6,0,0,0,269,0,26,6.94,0,0,5,80,34,116,1,25,0.0,0.0,0,0,0,0,0,0,0.0,5,1,0,0.0,0,89,0,0,19,79.17,416,297,541,838,249.9,0,2,1209,5,2,0,Alphonse Aréola,Fulham,96531,43,england,2021
57,1,100.0,86,61,46.56,259,856,1114,85.96,46,48.94,48,27,0,0,0,0,,0,3,4,7,84,27,0,0,9,11,94,0,0,,,26,0,7.14,,1,1,32,28,4,1,0,,60,56.6,1,0,0,182,47,4,0,22,2076,0,,0,0,0,1,0.0,0,0,0,0,203,3,0,6.94,0,0,0,0,0,0,0,0,2076.0,0.0,0,13,1,6,4,4,80.0,0,49,30,61.22,4,120,5,1,106,53.0,131,362,935,1296,187.4,14,0,1609,7,3,0,Pascal Struijk,Leeds United,836675,34,england,2021
16,0,0.0,4,28,26.42,14,160,174,67.44,7,100.0,0,13,0,0,0,0,,0,0,0,4,7,13,0,0,0,1,1,2,0,,,0,0,0.0,,0,0,12,12,0,0,0,,1,50.0,0,8,0,84,0,0,0,12,1125,0,,0,0,0,0,0.0,0,0,0,0,84,0,4,6.94,0,0,10,23,16,40,0,7,0.0,0.0,0,0,0,0,0,0,0.0,10,1,1,100.0,0,32,0,0,8,88.89,106,77,181,258,90.2,0,1,382,0,3,0,Dean Henderson,Manchester United,788134,35,england,2021
45,1,50.0,83,51,33.55,408,925,1332,85.77,57,58.16,41,23,0,0,0,0,,0,1,5,6,72,23,0,0,6,6,76,1,1,,,23,0,12.5,,2,2,24,20,4,2,0,,56,61.54,1,0,1,221,25,2,0,22,1997,0,,0,0,0,1,0.0,0,0,0,0,241,0,0,6.93,1,0,0,0,0,0,0,0,998.5,0.0,0,14,2,7,4,5,83.33,0,25,15,60.0,2,123,6,2,113,59.79,152,530,1025,1553,159.5,16,1,1801,26,2,1,Gabriel Magalhães,Arsenal,869792,42,england,2021
60,0,0.0,194,100,44.05,535,952,1487,80.9,77,58.78,54,29,0,0,0,0,,0,0,3,9,84,29,0,0,6,13,95,0,3,,,24,0,4.0,,1,1,35,33,2,1,0,,61,59.8,1,0,3,351,47,5,0,29,2595,1,,0,0,0,0,0.0,0,0,0,0,393,6,0,6.93,0,0,0,0,0,0,0,0,2595.0,0.0,0,20,5,15,7,17,100.0,0,29,16,55.17,5,157,17,1,138,59.23,227,772,1067,1838,201.1,25,2,2188,15,4,0,Adam Webster,Brighton & Hove Albion,216308,30,england,2021
49,0,0.0,7,105,43.57,39,797,836,84.62,14,93.33,1,33,0,0,0,0,,0,0,0,10,43,33,0,0,0,1,3,3,4,,,1,0,100.0,,1,1,32,30,2,1,0,,8,80.0,1,18,0,152,2,0,0,33,2970,0,,0,0,0,1,0.0,8,0,1,0,157,0,17,6.93,0,0,25,57,26,84,1,8,2970.0,0.0,0,1,0,0,1,2,100.0,24,3,2,66.67,0,75,2,0,22,88.0,241,149,839,988,228.8,1,5,1321,5,1,0,Alisson,Liverpool,243609,44,england,2021
33,2,20.0,129,35,46.67,303,330,631,81.74,21,61.76,13,18,2,0,0,0,,2,0,2,3,28,18,0,0,10,24,84,0,0,,,32,0,0.0,,0,2,26,20,6,0,0,,85,54.49,0,0,0,141,23,15,0,17,1471,0,,0,0,0,0,0.0,0,0,0,0,184,7,0,6.93,0,0,0,0,0,0,0,0,0.0,0.0,0,2,4,4,0,14,73.68,0,57,32,56.14,15,70,19,10,106,55.79,75,409,373,772,124.8,6,0,1034,14,3,0,James McArthur,Crystal Palace,39282,7,england,2021
7,6,14.63,248,10,38.46,421,160,575,78.34,9,25.71,26,30,2,0,0,0,,4,5,23,6,1,30,0,0,77,19,215,0,0,,,32,0,18.33,,11,13,52,42,10,10,1,,169,47.21,0,0,2,159,9,30,1,29,2614,22,,0,0,2,0,100.0,0,2,0,1,458,20,0,6.93,0,10,0,0,0,0,0,0,237.64,0.0,0,46,14,17,20,55,47.01,0,26,18,69.23,30,21,117,41,178,45.29,26,591,184,734,207.9,60,2,1370,88,6,0,Wilfried Zaha,Crystal Palace,111850,7,england,2021
12,3,75.0,109,8,66.67,193,88,278,73.54,71,48.3,76,27,3,0,1,0,,4,4,12,1,7,27,0,0,17,6,121,0,0,,,22,0,5.08,,3,6,24,23,1,3,0,,37,45.12,1,0,1,100,3,23,1,13,1412,3,,0,0,2,1,50.0,0,1,0,0,188,8,0,6.93,0,1,0,0,0,0,0,0,470.67,0.0,2,47,12,27,20,7,58.33,0,7,4,57.14,23,16,12,4,108,47.16,12,278,104,378,187.1,59,0,628,23,3,0,Aleksandar Mitrović,Fulham,192144,43,england,2021
34,1,25.0,176,53,72.6,463,455,917,90.26,19,65.52,10,20,0,0,0,0,,2,0,2,4,9,17,0,0,8,18,54,0,3,,,14,0,0.0,,0,0,18,17,1,0,0,,48,52.17,0,0,0,99,22,9,0,12,1120,0,,0,1,0,0,0.0,0,0,0,0,131,8,0,6.93,0,0,0,0,0,0,0,0,0.0,0.0,0,1,5,1,3,17,80.95,0,25,11,44.0,8,55,21,4,67,55.37,73,533,487,1016,117.8,6,1,1186,6,2,0,Nemanja Matić,Manchester United,44241,35,england,2021
44,22,27.16,182,57,34.76,410,375,763,75.69,35,47.3,39,28,2,0,0,0,,2,0,4,10,82,28,0,0,13,33,124,0,0,,,35,0,0.0,,0,2,35,28,7,0,0,,104,55.03,0,0,0,245,60,21,0,28,2378,2,,0,0,0,2,0.0,0,0,0,0,401,3,0,6.93,1,0,0,0,0,0,0,0,0.0,0.0,0,4,5,3,2,12,66.67,0,71,40,56.34,21,130,18,81,139,52.85,164,640,449,1008,194.0,9,3,1729,22,6,1,Matty Cash,Aston Villa,833956,40,england,2021
86,0,0.0,16,183,40.31,97,525,622,69.27,6,100.0,0,38,0,0,0,0,,0,0,0,12,19,38,0,0,1,1,2,1,0,,,0,0,0.0,,0,0,45,44,1,0,0,,4,66.67,0,22,0,276,0,0,0,38,3420,0,,0,0,0,0,0.0,10,0,0,0,280,0,9,6.93,0,0,5,75,38,114,3,18,0.0,0.0,0,0,0,0,0,0,0.0,5,0,0,0.0,0,148,0,0,10,83.33,454,278,620,898,263.2,0,2,1248,5,0,0,Hugo Lloris,Tottenham Hotspur,9048,33,england,2021
130,1,8.33,171,181,47.63,428,1166,1593,81.36,99,69.23,44,31,1,0,0,0,,0,0,2,9,150,31,0,1,3,13,99,1,0,,,39,0,7.69,,1,2,35,33,2,1,0,,56,50.45,0,0,1,365,44,8,0,30,2730,1,,0,0,0,2,0.0,0,0,0,0,399,3,0,6.93,1,1,0,0,0,0,0,0,2730.0,0.0,1,8,5,8,3,9,81.82,0,33,19,57.58,8,259,11,12,155,61.02,380,686,1284,1958,214.7,13,2,2324,15,7,0,Joachim Andersen,Fulham,362682,43,england,2021
29,8,22.22,500,35,60.34,767,216,975,82.07,25,56.82,19,37,9,0,0,0,,5,11,21,7,10,37,0,0,50,20,194,0,0,,,25,0,13.92,,11,20,39,37,2,9,2,,142,44.79,0,0,1,213,8,43,3,33,2933,27,,0,0,0,0,0.0,0,0,0,2,471,24,0,6.92,0,8,0,0,0,0,0,0,266.64,0.0,5,49,30,21,37,82,50.31,0,18,9,50.0,43,50,163,36,167,46.26,58,979,245,1188,256.2,79,2,1790,42,4,0,Marcus Rashford,Manchester United,814590,35,england,2021
76,0,0.0,90,118,46.83,400,1242,1642,86.19,83,68.03,39,33,0,0,0,0,,0,3,2,9,193,33,0,0,5,21,83,1,1,,,16,0,0.0,,0,0,41,38,3,0,0,,53,54.64,0,0,0,263,42,5,0,33,2954,2,,1,0,0,1,0.0,0,0,0,0,291,0,0,6.92,0,0,0,0,0,0,0,0,0.0,0.0,0,18,0,11,5,11,78.57,0,37,19,51.35,5,158,14,2,136,62.1,252,558,1349,1905,228.5,18,0,2315,6,1,0,Tosin Adarabioyo,Fulham,352668,43,england,2021
10,0,0.0,27,19,52.78,126,314,440,87.3,30,78.95,8,9,0,0,0,0,,0,1,2,3,26,9,0,0,0,0,12,0,1,,,4,0,0.0,,0,0,6,6,0,0,0,,8,66.67,0,0,0,64,6,2,0,7,664,0,,0,0,0,0,0.0,0,0,0,0,64,0,0,6.92,0,0,0,0,0,0,0,0,0.0,0.0,0,7,0,5,0,0,0.0,0,6,4,66.67,2,19,0,0,38,76.0,36,155,349,504,62.3,7,0,560,2,0,0,Rhys Williams,Liverpool,902091,44,england,2021
13,0,0.0,24,18,32.14,148,331,479,82.16,24,57.14,18,18,0,0,0,0,,0,1,0,2,58,16,0,0,2,11,41,0,0,,,8,0,66.67,,2,2,22,21,1,2,0,,31,57.41,2,0,0,104,22,2,0,15,1379,1,,1,1,0,0,0.0,0,0,0,0,115,0,0,6.92,0,0,0,0,0,0,0,0,689.5,0.0,0,3,0,1,2,3,60.0,0,20,14,70.0,1,35,5,0,55,57.29,56,200,383,583,110.7,3,1,755,8,3,0,Issa Diop,West Ham United,825719,37,england,2021
21,0,0.0,29,186,35.29,155,132,287,45.7,17,100.0,0,25,0,0,0,0,,0,0,0,4,42,25,0,0,0,0,0,0,0,,,0,0,0.0,,0,0,43,38,5,0,0,,1,100.0,0,13,0,341,0,0,0,25,2250,0,,0,0,0,0,0.0,4,0,1,0,353,0,25,6.92,0,0,2,59,26,88,1,21,0.0,0.0,0,0,0,0,0,0,0.0,2,0,0,0.0,0,43,0,0,18,100.0,527,449,179,628,172.9,0,2,889,3,3,0,Karl Darlow,Newcastle United,123689,39,england,2021
32,0,0.0,61,39,34.21,259,596,855,82.53,57,68.67,26,21,1,0,0,0,,1,1,4,6,83,21,0,0,3,11,53,0,1,,,15,0,6.67,,1,2,29,27,2,1,0,,43,61.43,0,0,1,181,32,3,0,21,1880,0,,0,0,0,1,0.0,0,0,0,0,195,1,0,6.91,0,1,0,0,0,0,0,0,1880.0,0.0,0,13,2,7,4,4,100.0,0,33,20,60.61,3,90,4,0,100,65.36,114,356,680,1036,145.2,15,1,1265,8,2,0,Willy Boly,Wolverhampton,139310,3,england,2021
36,4,30.77,342,38,52.05,699,497,1192,84.18,63,61.76,39,36,3,0,0,0,,4,0,10,5,14,36,0,0,50,41,221,0,2,,,44,0,0.0,,0,3,40,37,3,0,0,,201,52.48,0,0,1,224,56,27,0,29,2600,0,,0,0,0,0,0.0,0,0,0,0,408,15,0,6.91,0,0,0,0,0,0,0,0,0.0,0.0,0,13,21,15,9,96,67.13,0,78,37,47.44,27,59,143,13,264,54.43,73,864,565,1416,248.9,34,2,2018,27,6,0,Frank Anguissa,Fulham,787941,43,england,2021
11,6,18.18,95,13,38.24,182,226,402,83.92,20,52.63,18,10,2,0,0,0,,1,0,2,2,36,10,0,0,4,5,40,0,0,,,7,0,0.0,,0,2,10,9,1,0,0,,13,37.14,0,0,0,77,10,11,0,8,760,0,,0,0,0,0,0.0,0,0,0,0,144,1,0,6.91,0,0,0,0,0,0,0,0,0.0,0.0,0,5,3,6,0,4,40.0,0,7,3,42.86,11,22,10,33,33,45.21,34,259,253,479,69.1,8,0,699,2,0,0,Calum Chambers,Arsenal,227942,42,england,2021
5,0,0.0,36,8,38.1,94,146,240,84.21,6,42.86,8,13,0,0,0,0,,0,0,0,4,8,11,0,0,2,5,23,1,0,,,8,0,0.0,,0,0,6,6,0,0,0,,36,70.59,0,0,0,45,17,2,0,9,756,0,,0,0,0,0,0.0,0,0,0,0,57,0,0,6.91,0,0,0,0,0,0,0,0,0.0,0.0,0,0,2,1,1,4,100.0,0,22,14,63.64,2,16,4,1,42,64.62,21,122,164,285,76.0,2,0,390,10,3,0,Marvelous Nakamba,Aston Villa,556904,40,england,2021
21,23,26.74,335,25,45.45,613,326,916,84.19,12,29.27,29,34,6,0,0,0,,5,1,11,3,7,34,0,0,37,19,153,1,0,,,18,1,10.81,,4,10,51,43,8,2,2,,163,56.79,0,0,2,172,24,43,1,29,2562,1,,0,0,0,0,0.0,0,0,0,0,398,12,0,6.91,0,3,0,0,0,0,0,0,640.5,25.0,4,15,22,13,13,64,54.24,0,27,14,51.85,43,57,118,86,175,53.35,55,818,356,1088,234.9,37,3,1649,72,3,0,Eberechi Eze,Crystal Palace,864921,7,england,2021
9,1,50.0,63,10,66.67,119,39,157,64.08,67,48.91,70,16,0,0,0,0,,1,3,3,2,7,14,0,0,22,16,135,0,0,,,24,0,12.0,,3,3,12,11,1,2,1,,38,36.89,1,0,1,88,5,10,0,10,940,10,,0,0,0,0,0.0,0,0,0,0,158,3,0,6.91,0,2,0,0,0,0,0,0,313.33,0.0,0,24,1,11,11,9,69.23,0,14,9,64.29,10,12,13,2,105,43.75,15,191,56,245,96.7,25,1,423,15,0,0,Sébastien Haller,West Ham United,149731,37,england,2021
38,7,21.88,187,42,77.78,310,164,467,77.7,7,31.82,15,24,2,0,0,0,,3,0,10,0,2,24,0,0,24,17,95,0,0,,,14,0,9.38,,3,5,24,22,2,3,0,,77,49.04,0,0,1,134,13,21,1,22,1676,4,,0,0,0,0,0.0,0,0,0,0,255,14,0,6.9,0,2,0,0,0,0,0,0,558.67,0.0,0,22,10,8,14,38,59.38,0,12,6,50.0,21,67,64,32,84,46.93,54,446,187,601,165.7,32,0,897,27,3,0,Daniel Podence,Wolverhampton,308764,3,england,2021
19,1,25.0,104,12,92.31,179,82,260,77.38,10,35.71,18,26,3,0,0,0,,5,7,7,3,11,26,0,0,10,11,63,0,0,,,21,0,29.41,,10,13,18,17,1,9,1,,31,40.79,6,0,0,76,6,14,1,13,1373,6,,0,0,0,0,0.0,0,0,0,0,127,11,0,6.9,0,3,0,0,0,0,0,0,137.3,0.0,0,30,4,12,15,6,50.0,0,12,8,66.67,14,26,12,4,41,39.42,13,244,96,336,179.5,34,1,499,13,4,0,Edinson Cavani,Manchester United,21521,35,england,2021
13,1,5.0,429,10,58.82,770,190,959,86.16,9,30.0,21,31,7,1,0,0,,9,13,21,13,4,31,0,0,83,7,201,0,0,,,36,1,14.29,,10,17,23,20,3,9,1,,128,41.56,2,0,3,154,15,39,2,28,2537,9,,0,0,1,0,0.0,0,0,0,2,386,21,0,6.9,0,6,0,0,0,0,0,0,253.7,33.33,3,58,12,21,28,66,54.1,0,21,10,47.62,39,29,122,20,137,40.53,17,922,211,1113,214.0,70,2,1641,41,4,0,Raheem Sterling,Manchester City,138534,17,england,2021
18,2,28.57,249,21,50.0,576,429,1003,85.58,10,35.71,18,33,2,0,0,0,,5,1,8,2,11,33,0,0,33,26,127,0,0,,,26,0,16.67,,3,5,24,24,0,2,1,,176,61.75,0,0,0,169,19,14,1,28,2106,0,,0,0,0,0,0.0,0,0,0,0,301,8,0,6.9,0,2,0,0,0,0,0,0,702.0,0.0,0,11,7,3,7,74,74.75,0,41,20,48.78,14,38,99,7,186,59.42,42,710,469,1172,227.8,18,0,1616,61,3,0,Tanguy Ndombélé,Tottenham Hotspur,845486,33,england,2021
17,29,29.0,203,24,60.0,400,354,725,84.99,5,31.25,11,36,5,0,0,1,,4,3,16,5,17,36,0,0,28,31,102,0,1,,,22,0,12.24,,6,11,29,24,5,6,0,,62,40.52,0,0,2,128,34,44,1,24,2260,0,,0,0,4,0,75.0,0,3,0,0,293,9,0,6.9,0,5,0,0,0,0,0,0,376.67,0.0,7,21,28,16,17,14,53.85,0,30,20,66.67,44,30,26,100,67,39.64,40,564,389,853,248.4,49,2,1292,18,2,0,Gylfi Sigurðsson,Everton,43192,48,england,2021
51,7,25.93,275,45,44.12,600,680,1273,86.19,20,41.67,28,31,2,0,0,0,,2,0,2,6,26,31,0,0,10,44,129,0,1,,,40,0,0.0,,0,2,35,33,2,0,0,,103,50.49,0,0,2,204,50,21,0,26,2251,0,,0,0,0,0,0.0,0,0,0,0,269,18,0,6.9,0,0,0,0,0,0,0,0,0.0,0.0,0,2,11,7,4,15,62.5,0,63,38,60.32,21,104,24,27,123,48.81,102,768,736,1477,213.9,13,0,1835,25,5,0,Harrison Reed,Fulham,365802,43,england,2021
80,0,0.0,18,158,48.17,55,724,779,81.23,7,87.5,1,36,1,0,0,0,,1,0,0,19,17,36,0,0,0,1,3,1,3,,,1,0,0.0,,0,1,28,24,4,0,0,,6,75.0,0,19,0,180,0,1,0,36,3240,0,,0,0,0,0,0.0,8,0,1,0,185,0,6,6.9,0,0,16,37,29,66,0,12,0.0,0.0,0,0,0,0,0,0,0.0,14,3,1,33.33,1,137,0,0,13,81.25,328,190,769,959,248.4,0,1,1237,4,3,0,Ederson,Manchester City,254491,17,england,2021
0,0,0.0,0,0,0.0,0,5,5,55.56,0,0.0,0,1,0,0,0,0,,0,0,0,0,0,1,0,0,0,0,0,0,0,,,0,0,0.0,,0,0,0,0,0,0,0,,0,0.0,0,0,0,4,0,0,0,0,16,0,,0,0,0,0,0.0,0,0,0,0,4,0,0,6.9,0,0,0,0,0,2,0,1,0.0,0.0,0,0,0,0,0,0,0.0,0,0,0,0.0,0,1,0,0,0,0.0,3,3,6,9,6.9,0,0,13,0,0,0,Rúnar Alex Rúnarsson,Arsenal,187023,42,england,2021
0,1,100.0,0,0,0.0,2,1,2,100.0,0,0.0,0,1,0,0,0,0,,0,0,0,0,0,1,0,0,0,0,0,0,0,,,0,0,0.0,,0,0,0,0,0,0,0,,2,100.0,0,0,0,0,1,1,0,0,8,0,,0,0,0,0,0.0,0,0,0,0,2,0,0,6.9,0,0,0,0,0,0,0,0,0.0,0.0,0,0,0,0,0,0,0.0,0,2,1,50.0,1,0,0,1,2,100.0,0,2,1,2,6.9,0,0,8,0,0,0,Theo Corbeanu,Wolverhampton,1121430,3,england,2021
1,0,0.0,2,2,40.0,13,33,46,83.64,4,57.14,3,2,0,0,0,0,,0,0,1,0,2,2,0,0,0,0,4,0,0,,,1,0,0.0,,0,0,0,0,0,0,0,,2,66.67,0,0,0,9,1,0,0,1,114,0,,0,0,0,0,0.0,0,0,0,0,13,0,0,6.9,0,0,0,0,0,0,0,0,0.0,0.0,0,1,0,0,0,0,0.0,0,2,2,100.0,0,2,0,1,6,60.0,5,19,37,55,13.8,1,0,72,0,0,0,Gaetano Berardi,Leeds United,43909,34,england,2021
0,0,0.0,2,1,33.33,4,11,15,62.5,3,60.0,2,3,0,0,0,0,,0,0,0,0,3,2,0,0,1,0,5,0,0,,,2,0,0.0,,0,0,1,1,0,0,0,,7,70.0,0,0,0,9,2,0,0,0,61,0,,0,0,0,0,0.0,0,0,0,0,13,0,0,6.9,0,0,0,0,0,0,0,0,0.0,0.0,0,0,0,0,0,1,100.0,0,5,5,100.0,0,0,1,0,10,66.67,3,9,15,24,13.8,0,0,46,1,0,0,Sam Field,West Bromwich Albion,839819,8,england,2021
17,1,11.11,229,38,63.33,521,620,1140,85.01,38,65.52,20,29,3,0,0,0,,2,1,6,7,25,29,0,0,26,29,108,0,1,,,23,0,11.11,,2,5,36,27,9,2,0,,85,49.13,1,0,0,201,39,21,1,29,2451,0,,0,0,0,0,0.0,0,0,0,0,289,15,0,6.9,0,0,0,0,0,0,0,0,1225.5,0.0,0,10,8,7,5,21,63.64,0,52,32,61.54,21,29,33,9,123,53.25,60,650,700,1341,200.0,18,1,1680,12,6,0,Abdoulaye Doucouré,Everton,96535,48,england,2021
87,1,20.0,83,111,42.53,356,1133,1488,83.17,86,59.31,59,28,0,0,0,0,,0,2,4,8,122,28,0,0,1,7,82,0,3,,,16,0,0.0,,0,0,34,34,0,0,0,,37,61.67,0,0,1,301,23,6,0,28,2520,0,,0,0,0,2,0.0,0,0,0,0,323,0,0,6.9,0,0,0,0,0,0,0,0,0.0,0.0,8,5,9,8,2,3,75.0,0,23,14,60.87,6,214,4,5,123,60.0,261,541,1253,1789,193.1,14,0,2085,12,3,0,Eric Dier,Tottenham Hotspur,146101,33,england,2021
10,10,27.78,194,13,72.22,311,150,451,90.93,3,18.75,13,14,2,0,0,0,,1,0,9,1,5,14,0,0,11,10,39,0,0,,,1,0,6.67,,1,3,12,12,0,1,0,,30,53.57,0,0,0,45,2,20,1,9,873,1,,0,0,0,0,0.0,0,0,0,0,100,7,0,6.89,0,0,0,0,0,0,0,0,873.0,0.0,1,6,9,3,3,13,76.47,0,9,3,33.33,20,19,17,36,33,45.83,18,374,158,496,96.5,15,0,630,9,0,0,Martin Ødegaard,Arsenal,547410,42,england,2021
63,0,0.0,29,187,40.3,107,591,698,70.93,13,86.67,2,27,0,0,0,0,,0,0,0,10,14,27,1,0,0,0,3,1,1,,,2,0,0.0,,0,0,27,26,1,0,0,,2,66.67,0,21,0,286,1,1,0,27,2430,0,,0,0,0,1,0.0,3,0,0,0,298,0,3,6.89,0,0,7,40,25,66,0,12,0.0,0.0,0,0,0,0,0,0,0.0,7,1,0,0.0,1,127,0,0,15,83.33,464,329,655,984,186.1,0,1,1226,4,2,0,Robert Sánchez,Brighton & Hove Albion,920546,30,england,2021
100,1,20.0,121,109,47.81,447,1026,1472,83.49,98,63.64,56,30,0,0,0,0,,1,2,3,6,120,30,0,1,6,16,97,0,0,,,19,0,13.04,,3,3,46,39,7,3,0,,69,62.73,3,0,1,291,41,7,0,29,2575,0,,0,0,0,0,0.0,0,0,0,1,323,0,0,6.89,1,0,0,0,0,0,0,0,858.33,0.0,0,22,1,12,8,7,70.0,0,51,31,60.78,7,201,10,5,167,63.26,228,638,1130,1763,206.7,23,3,2124,11,3,0,Jannik Vestergaard,Southampton,120538,45,england,2021
7,2,11.76,230,10,58.82,404,242,644,88.71,4,28.57,10,20,4,0,0,0,,4,1,3,2,9,20,0,0,7,11,53,0,0,,,5,0,15.38,,2,6,10,9,1,2,0,,44,50.57,0,0,1,82,10,27,2,18,1448,4,,0,0,0,0,0.0,0,0,0,0,164,9,0,6.89,0,0,0,0,0,0,0,0,724.0,0.0,0,9,4,4,6,10,33.33,0,14,7,50.0,27,11,30,17,48,47.52,17,477,266,726,137.8,13,0,931,20,0,0,Emile Smith Rowe,Arsenal,867445,42,england,2021
220,0,0.0,86,248,62.63,375,1259,1634,87.99,41,58.57,29,37,0,0,0,0,,0,3,0,10,130,37,0,0,3,16,69,1,1,,,22,0,14.29,,1,1,51,48,3,1,0,,50,55.56,1,0,1,223,27,3,0,37,3304,0,,0,0,0,1,0.0,0,0,0,0,241,0,0,6.89,0,0,0,0,0,0,0,0,3304.0,0.0,0,6,1,5,2,6,75.0,0,35,23,65.71,3,349,8,0,91,56.88,396,519,1338,1857,254.9,7,1,2170,10,5,0,Conor Coady,Wolverhampton,98449,3,england,2021
16,23,26.44,192,12,48.0,320,97,394,75.33,28,35.9,50,28,0,0,0,0,,1,4,15,3,10,27,0,0,35,16,141,0,0,,,18,0,15.63,,10,10,22,19,3,9,1,,70,43.48,0,0,3,129,6,26,1,17,1617,5,,0,0,4,0,100.0,0,4,0,0,305,13,0,6.89,0,9,0,0,0,0,0,0,161.7,0.0,6,29,35,19,30,26,53.06,0,16,13,81.25,26,24,49,87,98,41.0,25,491,119,523,186.0,64,1,931,28,2,0,Anwar El Ghazi,Aston Villa,362470,40,england,2021
36,3,23.08,41,54,40.3,148,528,673,80.7,49,62.82,29,24,0,0,0,0,,1,0,0,5,144,24,0,0,2,4,50,0,0,,,15,0,0.0,,0,0,38,35,3,0,0,,43,67.19,0,0,0,161,17,7,0,24,2082,0,,1,0,0,1,0.0,0,0,0,0,190,2,0,6.89,0,0,0,0,0,0,0,0,0.0,0.0,0,4,0,2,2,0,0.0,0,29,22,75.86,7,77,1,13,92,64.79,134,250,597,834,165.3,4,0,1197,15,4,0,Federico Fernández,Newcastle United,38393,39,england,2021
39,27,26.73,226,33,31.13,447,364,784,74.88,36,66.67,18,28,0,0,0,0,,4,0,4,4,54,28,0,1,22,17,99,0,0,,,20,0,0.0,,0,0,27,26,1,0,0,,104,56.22,0,0,0,263,37,30,0,24,2169,1,,0,1,0,0,0.0,0,0,0,0,506,7,0,6.89,1,0,0,0,0,0,0,0,0.0,0.0,0,5,5,2,4,51,69.86,0,45,28,62.22,29,98,73,101,140,58.58,106,697,451,1047,192.8,10,0,1767,8,4,0,Antonee Robinson,Fulham,803174,43,england,2021
45,4,23.53,274,33,33.33,569,353,918,78.33,65,54.62,54,33,1,0,0,0,,0,0,10,10,37,33,0,0,15,29,135,0,0,,,36,0,0.0,,0,1,42,37,5,0,0,,90,52.63,0,0,1,254,69,18,0,32,2814,2,,0,0,0,0,0.0,0,0,0,0,330,25,0,6.88,0,0,0,0,0,0,0,0,0.0,0.0,7,13,21,17,7,15,71.43,0,45,27,60.0,18,89,21,17,155,53.45,99,788,401,1172,227.2,34,0,1585,32,2,0,Josh Brownhill,Burnley,358394,6,england,2021
25,29,23.77,167,31,59.62,330,160,461,74.35,23,31.08,51,38,5,0,0,0,,11,7,23,1,5,37,0,0,50,19,161,0,0,,,15,0,14.55,,8,13,33,27,6,8,0,,116,51.33,0,0,0,159,22,29,5,30,2581,15,,0,0,0,0,0.0,0,0,0,0,405,19,0,6.88,0,1,0,0,0,0,0,0,322.63,0.0,0,40,15,16,16,36,53.73,0,26,15,57.69,29,52,67,122,139,46.33,52,539,203,620,254.7,55,2,1175,54,0,0,Jarrod Bowen,West Ham United,552884,37,england,2021
18,5,23.81,305,24,52.17,526,158,679,74.7,88,43.35,115,35,1,0,0,0,,1,6,20,3,23,35,0,0,44,18,254,0,0,,,45,0,11.27,,8,9,37,28,9,6,2,,113,44.84,2,0,1,230,2,17,2,28,2401,17,,0,0,0,0,0.0,0,0,0,0,424,12,0,6.88,0,4,0,0,0,0,0,0,300.13,0.0,1,43,28,27,24,47,58.02,0,33,21,63.64,17,41,81,21,201,44.18,46,727,203,909,240.7,71,1,1421,33,7,0,David McGoldrick,Sheffield United,15033,15,england,2021
39,0,0.0,68,52,42.28,174,464,638,77.15,107,64.85,58,30,1,0,0,0,,2,2,2,4,158,30,0,0,2,12,100,1,0,,,30,0,21.43,,3,4,53,48,5,3,0,,37,46.84,1,0,0,189,38,7,0,28,2584,5,,0,0,0,1,0.0,0,0,0,0,207,0,0,6.88,0,2,0,0,0,0,0,0,861.33,0.0,0,13,1,7,5,4,100.0,0,27,16,59.26,7,87,4,1,144,59.02,123,304,524,827,206.3,14,0,1198,8,4,0,Kyle Bartley,West Bromwich Albion,40671,8,england,2021
2,0,0.0,50,2,40.0,89,60,149,72.68,39,56.52,30,22,1,0,0,0,,1,4,5,3,17,21,0,0,7,6,74,0,0,,,22,0,18.75,,6,7,12,10,2,6,0,,24,35.29,0,0,0,56,5,9,1,12,1040,4,,0,0,0,0,0.0,0,0,0,1,114,6,0,6.88,0,4,0,0,0,0,0,0,173.33,0.0,0,31,1,14,13,6,33.33,0,7,5,71.43,9,3,18,6,63,45.99,5,139,72,205,144.4,32,1,384,12,0,0,Tammy Abraham,Chelsea,610766,38,england,2021
14,0,0.0,2,36,24.0,20,106,126,51.85,3,100.0,0,8,0,0,0,0,,0,0,0,2,16,8,0,0,0,1,2,0,0,,,1,0,0.0,,0,0,11,9,2,0,0,,3,60.0,0,6,0,117,0,0,0,8,720,0,,0,0,0,1,0.0,3,0,1,0,119,0,7,6.88,0,0,5,16,4,20,0,7,0.0,0.0,0,0,0,0,0,0,0.0,5,1,0,0.0,0,30,0,0,6,75.0,150,109,134,243,55.0,0,0,320,3,0,0,Fraser Forster,Southampton,19314,45,england,2021
76,0,0.0,4,109,43.78,34,715,749,83.31,4,66.67,2,31,0,0,0,0,,0,0,0,16,11,31,0,0,0,1,4,1,2,,,1,0,0.0,,0,0,25,22,3,0,0,,2,50.0,0,15,0,150,1,0,0,31,2745,0,,0,0,0,1,0.0,3,0,1,0,153,0,2,6.87,0,0,9,26,31,57,1,16,0.0,0.0,0,0,0,0,0,0,0.0,9,0,0,0.0,0,119,0,0,6,60.0,249,124,775,899,213.1,0,1,1121,2,2,0,Edouard Mendy,Chelsea,845074,38,england,2021
19,19,31.15,261,37,86.05,446,211,638,84.95,23,50.0,23,26,1,0,0,0,,6,3,13,2,6,25,0,0,33,12,95,0,1,,,14,0,7.69,,3,4,24,17,7,1,2,,55,43.31,1,0,2,113,5,41,1,18,1576,6,,0,1,0,0,0.0,0,0,0,1,249,10,0,6.87,0,1,0,0,0,0,0,0,525.33,0.0,2,21,18,14,12,30,68.18,0,6,2,33.33,40,33,44,61,78,45.09,43,576,236,751,171.8,39,1,1058,19,0,0,Ross Barkley,Aston Villa,98435,40,england,2021
13,0,0.0,5,45,42.86,24,92,116,65.91,2,100.0,0,7,0,0,0,0,,0,0,0,2,5,7,0,0,0,0,0,0,1,,,0,0,0.0,,0,0,9,8,1,0,0,,1,100.0,0,4,0,60,0,0,0,7,630,0,,0,0,0,0,0.0,1,0,0,0,61,0,1,6.87,0,0,0,15,6,21,0,4,0.0,0.0,0,0,0,0,0,0,0.0,0,0,0,0.0,0,16,0,0,3,100.0,105,70,106,176,48.1,0,1,232,1,1,0,Robin Olsen,Everton,26025,48,england,2021
43,0,0.0,102,281,32.87,237,205,442,43.38,9,75.0,3,38,0,0,0,0,,0,0,0,5,34,38,2,0,0,0,4,2,4,,,1,0,0.0,,0,0,63,50,13,0,0,,7,87.5,0,23,0,577,2,2,0,38,3420,0,,0,0,0,1,0.0,4,0,0,0,586,0,12,6.87,0,0,13,88,58,147,2,39,0.0,0.0,0,0,0,0,0,2,100.0,10,1,1,100.0,2,99,2,0,16,80.0,855,752,267,1019,261.1,0,2,1386,5,1,0,Aaron Ramsdale,Sheffield United,839410,15,england,2021
56,2,5.26,386,88,66.17,872,693,1563,90.19,27,65.85,14,24,1,0,0,0,,2,0,4,9,22,24,0,0,17,8,81,0,0,,,25,0,10.0,,1,2,20,18,2,0,1,,64,48.85,0,0,0,170,14,8,0,22,1946,1,,0,0,0,3,0.0,0,0,0,0,288,3,0,6.87,0,1,0,0,0,0,0,0,1946.0,0.0,0,0,10,3,3,24,58.54,0,29,19,65.52,8,97,41,38,91,52.91,133,1036,735,1733,164.9,10,0,2163,11,1,0,Kyle Walker,Manchester City,44614,17,england,2021
18,0,0.0,62,16,26.23,234,421,655,87.92,20,43.48,26,18,1,0,0,0,,1,0,2,5,40,17,0,0,2,6,53,0,0,,,20,0,0.0,,0,1,11,10,1,0,0,,32,54.24,0,0,0,90,19,5,0,14,1307,0,,0,0,0,1,0.0,0,0,0,0,100,0,0,6.87,0,0,0,0,0,0,0,0,0.0,0.0,0,6,1,3,2,7,87.5,0,21,14,66.67,5,54,8,0,52,49.52,61,286,459,745,116.8,7,1,899,4,4,0,Max Kilman,Wolverhampton,894474,3,england,2021
79,4,17.39,304,109,65.27,635,582,1213,85.6,43,50.59,42,33,2,0,0,0,,4,1,6,9,41,33,0,0,18,37,163,0,2,,,59,0,0.0,,0,2,41,33,8,0,0,,118,49.37,0,0,0,204,43,19,0,32,2789,0,,0,0,0,2,0.0,0,0,0,0,283,9,0,6.87,1,0,0,0,0,0,0,0,0.0,0.0,1,5,21,12,8,22,70.97,0,49,18,36.73,19,142,31,23,161,49.69,167,798,642,1417,226.7,26,1,1836,48,8,1,Douglas Luiz,Aston Villa,867887,40,england,2021
4,7,12.28,220,7,58.33,360,156,509,80.92,36,54.55,30,29,1,0,0,0,,1,3,9,3,12,29,0,1,23,15,118,0,0,,,11,0,20.83,,10,11,21,18,3,10,0,,73,45.34,0,0,3,120,12,11,7,16,1612,4,,0,0,1,0,100.0,0,1,0,0,296,15,0,6.87,1,3,0,0,0,0,0,0,161.2,0.0,1,39,9,18,21,27,40.91,0,20,15,75.0,11,10,66,57,109,48.02,12,506,180,629,199.2,48,2,1034,26,1,0,Nicolas Pépé,Arsenal,593526,42,england,2021
34,23,19.49,212,39,41.94,384,188,549,73.3,10,21.74,36,31,5,0,0,0,,8,1,7,3,20,31,0,0,29,29,132,0,1,,,9,0,4.76,,1,6,22,20,2,1,0,,89,48.11,0,0,1,200,17,38,0,17,1752,4,,0,0,0,0,0.0,0,0,0,0,400,14,0,6.87,0,1,0,0,0,0,0,0,1752.0,0.0,0,8,13,4,10,37,56.06,0,33,19,57.58,38,83,66,118,99,42.86,93,617,250,749,212.9,21,1,1256,19,2,0,Marc Albrighton,Leicester City,47737,31,england,2021
11,3,11.11,226,17,58.62,340,118,455,75.21,24,41.38,34,25,4,0,0,0,,1,5,16,4,9,25,0,0,31,17,145,0,0,,,16,0,16.07,,9,13,25,21,4,7,2,,92,45.32,0,0,0,150,8,26,4,22,1949,1,,0,0,0,0,0.0,0,0,0,0,321,11,0,6.86,0,5,0,0,0,0,0,0,216.56,0.0,0,40,16,14,26,40,44.94,0,19,9,47.37,26,35,89,27,116,44.44,29,482,150,605,171.6,56,2,1009,33,0,0,Harvey Barnes,Leicester City,855647,31,england,2021
45,16,25.81,191,46,36.22,387,333,704,76.69,43,55.84,34,25,2,0,0,0,,5,2,3,5,51,25,0,0,7,19,90,0,2,,,15,0,0.0,,0,2,36,31,5,0,0,,79,58.52,0,0,1,214,36,23,0,25,2235,2,,0,0,0,2,0.0,0,0,0,0,369,6,0,6.86,0,0,0,0,0,0,0,0,0.0,0.0,2,7,4,4,4,11,40.74,0,44,28,63.64,23,111,27,62,122,57.55,127,585,395,918,171.6,11,1,1509,25,0,0,Conor Townsend,West Bromwich Albion,197982,8,england,2021
34,0,0.0,36,42,41.18,108,390,498,80.19,47,66.2,24,19,0,0,0,0,,0,0,4,2,84,19,0,0,1,3,44,0,0,,,17,0,13.33,,2,2,32,29,3,2,0,,26,56.52,2,0,1,123,12,3,0,19,1627,0,,0,0,0,0,0.0,0,0,0,0,136,0,0,6.86,0,0,0,0,0,0,0,0,813.5,0.0,0,15,0,8,3,4,100.0,0,14,7,50.0,3,72,4,3,73,62.39,102,182,442,621,130.4,15,0,824,9,4,0,Jamaal Lascelles,Newcastle United,153444,39,england,2021
25,9,19.57,261,25,41.67,602,523,1116,84.23,41,48.81,43,27,3,0,0,0,,4,0,2,6,50,27,0,0,11,20,107,1,0,,,20,0,25.0,,2,5,37,35,2,2,0,,76,54.29,1,0,1,209,29,22,1,27,2346,1,,0,0,0,0,0.0,0,0,0,0,312,5,0,6.86,0,0,0,0,0,0,0,0,1173.0,0.0,0,7,1,3,3,11,45.83,0,52,32,61.54,22,75,24,46,117,52.23,60,772,599,1325,185.3,8,1,1856,14,1,0,Timothy Castagne,Leicester City,329417,31,england,2021
20,12,22.22,278,18,42.86,510,433,931,83.72,31,50.82,30,25,2,0,0,0,,4,1,6,7,31,25,0,0,5,29,98,0,0,,,21,0,6.67,,1,3,24,21,3,1,0,,48,41.38,0,0,0,181,33,21,0,24,2093,1,,0,1,0,0,0.0,0,0,0,1,295,7,0,6.86,0,1,0,0,0,0,0,0,2093.0,0.0,0,7,8,4,5,12,48.0,0,29,19,65.52,20,39,25,54,79,44.63,42,664,502,1112,171.5,15,0,1562,7,8,0,Héctor Bellerín,Arsenal,188365,42,england,2021
12,0,0.0,19,18,28.57,117,434,551,87.6,27,55.1,22,10,0,0,0,0,,0,0,1,4,29,10,0,0,0,5,34,0,2,,,8,0,0.0,,0,0,8,8,0,0,0,,20,62.5,0,0,0,78,9,2,0,10,900,0,,0,0,0,1,0.0,0,0,0,0,79,1,0,6.86,0,0,0,0,0,0,0,0,0.0,0.0,0,1,1,1,0,3,100.0,0,15,9,60.0,2,40,3,0,47,58.02,63,165,464,629,68.6,2,0,710,4,2,0,Pablo Marí,Arsenal,208988,42,england,2021
19,1,16.67,184,24,70.59,319,111,429,70.33,54,29.03,132,36,5,0,0,0,,9,17,10,2,17,36,0,0,44,11,236,1,0,,,30,0,16.36,,9,14,51,44,7,8,1,,106,50.48,0,0,1,181,4,37,1,30,2682,19,,0,0,0,0,0.0,0,0,0,0,349,21,0,6.86,0,8,0,0,0,0,0,0,298.0,0.0,0,43,12,14,31,27,55.1,0,25,16,64.0,37,42,49,6,160,40.4,34,472,144,610,246.9,55,1,1052,55,1,0,Che Adams,Southampton,773409,45,england,2021
43,0,0.0,145,62,42.76,539,1132,1671,89.74,64,63.37,37,29,1,0,0,0,,0,0,0,10,95,29,0,0,3,12,73,1,0,,,24,0,25.0,,1,2,30,27,3,1,0,,32,47.06,0,0,0,191,30,6,0,29,2586,1,,0,0,0,1,0.0,0,0,0,0,213,1,0,6.86,0,1,0,0,0,0,0,0,2586.0,0.0,0,4,0,3,1,2,50.0,0,22,10,45.45,6,106,4,1,96,56.8,145,644,1219,1862,198.8,4,0,2110,8,0,0,Victor Lindelöf,Manchester United,143334,35,england,2021
6,10,29.41,88,4,22.22,163,139,292,78.07,5,31.25,11,11,1,0,0,0,,2,1,3,1,9,11,0,0,6,7,61,0,1,,,21,0,16.67,,1,2,15,14,1,1,0,,58,53.7,0,0,0,82,19,10,0,11,891,1,,0,0,0,1,0.0,0,0,0,2,174,2,0,6.85,1,1,0,0,0,0,0,0,891.0,0.0,0,6,0,1,2,13,44.83,0,17,9,52.94,10,17,29,34,63,50.81,18,244,164,374,75.4,6,0,670,28,2,1,Tariq Lamptey,Brighton & Hove Albion,914691,30,england,2021
43,17,22.67,371,54,36.73,763,524,1270,81.05,41,47.67,45,34,1,0,0,0,,0,1,6,8,70,34,0,0,27,30,182,1,1,,,41,0,4.35,,1,2,45,42,3,1,0,,182,57.05,0,0,0,297,41,21,0,34,2988,2,,1,0,0,1,0.0,0,0,0,0,519,7,0,6.85,0,1,0,0,0,0,0,0,2988.0,0.0,0,9,14,6,11,62,60.19,0,85,48,56.47,21,114,103,75,223,55.06,147,997,645,1567,233.0,23,2,2533,35,5,0,Nélson Semedo,Wolverhampton,252821,3,england,2021
46,0,0.0,7,110,32.45,59,704,763,76.68,11,91.67,1,35,0,0,0,0,,0,0,0,11,23,35,0,1,1,0,2,1,1,,,2,0,0.0,,0,0,37,33,4,0,0,,4,80.0,0,15,0,232,0,0,0,35,3132,0,,1,0,0,0,0.0,2,0,1,0,236,0,12,6.85,1,0,12,52,32,86,0,13,0.0,0.0,0,0,0,0,0,0,0.0,11,1,0,0.0,0,84,0,0,15,88.24,339,247,748,995,239.8,0,0,1324,4,0,0,Bernd Leno,Arsenal,103335,42,england,2021
22,32,21.62,368,13,31.71,594,238,800,81.8,13,23.21,43,32,3,0,0,0,,5,6,23,3,19,32,0,0,42,29,180,0,0,,,28,0,8.2,,5,8,31,27,4,4,1,,135,49.63,1,0,3,178,25,41,2,30,2560,15,,1,3,0,0,0.0,0,0,0,1,468,10,0,6.85,0,2,0,0,0,0,0,0,512.0,0.0,1,46,15,18,20,46,52.87,0,25,16,64.0,38,42,87,148,148,45.12,41,835,291,978,219.2,61,1,1653,64,1,0,Bukayo Saka,Arsenal,934235,42,england,2021
32,0,0.0,55,59,38.56,174,435,609,79.71,57,68.67,26,22,0,0,0,0,,0,2,1,7,87,22,0,0,0,7,46,1,2,,,14,0,18.75,,3,3,23,18,5,3,0,,22,52.38,2,0,1,155,32,2,0,22,1926,2,,2,0,0,0,0.0,0,0,0,0,161,0,0,6.85,1,1,0,0,0,0,0,0,642.0,0.0,0,15,1,10,5,0,0.0,0,11,8,72.73,2,86,0,0,79,63.2,153,285,479,764,150.7,16,0,980,12,3,1,Craig Dawson,West Ham United,50027,37,england,2021
34,0,0.0,130,47,58.02,319,422,741,83.54,23,47.92,25,28,0,0,0,0,,1,0,6,1,19,28,0,0,22,21,109,0,0,,,32,0,5.26,,1,1,27,25,2,1,0,,103,55.08,0,0,0,146,30,12,0,19,1711,0,,0,0,0,0,0.0,0,0,0,1,216,8,0,6.85,0,1,0,0,0,0,0,0,1711.0,0.0,0,5,14,10,3,26,70.27,0,62,35,56.45,12,69,37,4,126,53.62,81,437,454,887,191.8,19,0,1209,15,5,0,Mario Lemina,Fulham,307284,43,england,2021
16,33,31.43,91,26,38.24,194,171,332,75.97,12,40.0,18,18,2,0,0,0,,5,0,6,2,41,18,0,0,5,14,55,0,0,,,12,0,0.0,,0,2,22,21,1,0,0,,37,50.0,0,0,0,105,12,25,0,15,1352,1,,1,0,0,0,0.0,0,0,0,1,224,5,0,6.85,0,0,0,0,0,0,0,0,0.0,0.0,2,4,7,4,1,8,53.33,0,10,3,30.0,25,53,15,105,49,47.12,68,339,203,437,123.3,11,0,786,19,2,0,Matt Ritchie,Newcastle United,42699,39,england,2021
92,32,28.07,278,113,54.07,611,593,1172,83.42,16,48.48,17,32,0,0,0,0,,2,0,3,5,49,32,0,0,7,51,103,0,1,,,26,0,0.0,,0,0,43,35,8,0,0,,58,40.28,0,0,0,233,36,32,0,26,2224,0,,0,0,0,0,0.0,0,0,0,0,352,8,0,6.85,0,0,0,0,0,0,0,0,0.0,0.0,2,1,10,7,1,2,50.0,0,49,22,44.9,32,199,4,114,74,41.81,209,879,640,1405,219.1,11,1,1776,8,6,0,Oliver Norwood,Sheffield United,100637,15,england,2021
33,0,0.0,52,42,48.84,173,490,663,86.22,38,56.72,29,17,0,0,0,0,,0,0,5,4,31,15,0,0,0,9,56,1,1,,,17,0,0.0,,0,0,21,18,3,0,0,,38,58.46,0,0,0,106,27,4,0,13,1131,0,,0,0,0,2,0.0,0,0,0,0,116,3,0,6.85,0,0,0,0,0,0,0,0,0.0,0.0,0,8,1,3,1,4,66.67,0,27,16,59.26,4,69,6,1,76,57.58,86,236,534,769,102.7,9,0,928,8,1,0,Robin Koch,Leeds United,581302,34,england,2021
5,25,24.27,85,3,33.33,168,65,208,79.39,5,18.52,22,18,2,0,0,0,,3,1,4,0,5,18,0,0,5,3,35,0,0,,,5,0,0.0,,0,2,17,14,3,0,0,,27,67.5,0,0,1,54,6,26,0,9,925,0,,0,0,0,0,0.0,0,0,0,1,152,1,0,6.84,1,0,0,0,0,0,0,0,0.0,0.0,0,7,6,3,6,3,75.0,0,4,1,25.0,26,13,4,103,32,47.76,9,287,78,262,123.2,13,0,458,20,0,1,Ryan Fraser,Newcastle United,138261,39,england,2021
23,5,18.52,115,29,32.22,243,180,418,69.78,11,42.31,15,19,1,0,0,0,,0,0,0,4,46,19,0,0,12,17,58,0,1,,,8,0,50.0,,1,2,32,25,7,1,0,,86,66.67,0,0,0,181,21,3,0,19,1710,0,,0,0,0,1,0.0,0,0,0,0,288,6,0,6.84,0,0,0,0,0,0,0,0,1710.0,0.0,0,2,0,0,2,11,61.11,0,64,35,54.69,3,65,18,27,97,62.58,90,374,252,599,130.0,2,1,1076,11,1,0,Tyrick Mitchell,Crystal Palace,988275,7,england,2021
10,3,9.09,163,10,71.43,258,91,346,85.22,14,40.0,21,24,2,0,0,0,,2,5,11,2,7,24,0,0,21,11,92,0,0,,,16,0,19.44,,7,9,13,9,4,6,1,,49,40.83,0,0,0,60,3,19,2,15,1305,5,,0,0,0,0,0.0,0,0,0,1,168,7,0,6.84,0,5,0,0,0,0,0,0,186.43,0.0,0,26,10,10,15,20,43.48,0,12,5,41.67,19,14,46,33,63,40.65,14,339,100,406,164.2,36,2,666,17,1,0,Ferran Torres,Manchester City,855833,17,england,2021
53,0,0.0,31,263,40.65,178,292,470,54.91,3,100.0,0,35,0,0,0,0,,0,0,0,10,21,35,0,0,0,0,1,1,2,,,1,0,0.0,,0,0,44,37,7,0,0,,3,75.0,0,20,0,386,1,0,0,35,3150,0,,0,0,0,1,0.0,5,0,1,0,394,0,9,6.84,0,0,4,56,42,103,3,16,0.0,0.0,0,0,0,0,0,0,0.0,4,1,0,0.0,0,113,0,0,6,85.71,647,510,346,856,239.4,0,0,1185,2,2,0,Łukasz Fabiański,West Ham United,15479,37,england,2021
21,23,18.4,264,44,31.65,477,486,940,79.59,18,30.0,42,27,3,0,0,0,,5,0,6,8,56,27,0,0,14,20,103,0,0,,,14,0,6.67,,1,4,27,24,3,1,0,,59,49.17,0,0,0,241,16,31,0,26,2301,0,,0,0,0,0,0.0,0,0,0,1,449,5,0,6.84,0,1,0,0,0,0,0,0,2301.0,0.0,0,4,11,6,3,16,53.33,0,27,15,55.56,31,70,30,125,77,42.78,139,745,561,1181,184.6,15,1,1801,18,4,0,Kieran Tierney,Arsenal,366592,42,england,2021
26,3,37.5,173,44,61.97,450,581,1028,85.45,85,57.82,62,33,0,0,0,0,,0,5,5,10,48,33,0,0,11,29,137,0,2,,,31,0,3.23,,1,1,33,31,2,1,0,,73,49.32,1,0,3,175,27,17,0,28,2500,4,,1,0,0,0,0.0,0,0,0,0,227,7,0,6.84,0,0,0,0,0,0,0,0,2500.0,0.0,0,25,6,18,8,7,53.85,0,54,29,53.7,17,46,13,8,158,53.56,71,557,654,1203,225.6,31,0,1528,12,4,0,Leander Dendoncker,Wolverhampton,190405,3,england,2021
19,6,24.0,209,38,40.0,408,473,875,82.78,55,47.41,61,31,1,0,0,0,,1,0,2,2,103,31,0,0,19,26,138,0,1,,,25,0,0.0,,0,1,51,39,12,0,0,,117,60.31,0,0,1,182,49,11,0,31,2586,6,,0,0,0,1,0.0,0,0,0,1,274,10,0,6.84,0,0,0,0,0,0,0,0,0.0,0.0,0,9,1,7,1,21,70.0,0,69,42,60.87,11,54,30,25,172,55.48,95,555,527,1057,211.9,10,2,1603,28,5,0,Chris Basham,Sheffield United,33854,15,england,2021
23,6,20.0,235,26,61.9,435,177,606,84.99,6,30.0,14,31,2,0,0,0,,5,8,21,4,1,30,0,0,29,17,107,0,0,,,17,0,10.45,,7,9,23,22,1,7,0,,69,42.59,1,0,3,107,5,15,4,21,1829,4,,0,1,0,0,0.0,0,0,0,0,241,18,0,6.83,0,2,0,0,0,0,0,0,261.29,0.0,0,47,20,22,24,36,54.55,0,13,10,76.92,14,46,66,30,75,41.21,42,533,210,713,205.0,67,1,1039,20,2,0,Mason Greenwood,Manchester United,942116,35,england,2021
0,0,0.0,8,0,0.0,14,10,24,77.42,0,0.0,5,3,1,0,0,0,,1,0,0,0,0,3,0,0,1,2,8,0,0,,,0,0,0.0,,0,1,2,1,1,0,0,,5,62.5,0,0,0,7,0,3,0,1,102,0,,0,0,0,0,0.0,0,0,0,0,16,0,0,6.83,0,0,0,0,0,0,0,0,0.0,0.0,0,0,0,0,0,3,100.0,0,1,1,100.0,3,1,3,2,5,38.46,0,21,12,31,20.5,0,0,47,1,0,0,Percy Tau,Brighton & Hove Albion,863251,30,england,2021
1,0,0.0,2,15,33.33,10,21,31,50.82,1,100.0,0,3,0,0,0,0,,0,0,0,1,4,3,0,0,0,0,0,0,0,,,0,0,0.0,,0,0,3,2,1,0,0,,1,100.0,0,0,0,30,0,0,0,3,270,0,,0,0,0,0,0.0,0,0,0,0,30,0,3,6.83,0,0,1,4,2,6,0,2,0.0,0.0,0,0,0,0,0,0,0.0,1,0,0,0.0,0,4,0,0,2,100.0,45,32,29,61,20.5,0,0,77,1,0,0,Darren Randolph,West Ham United,13060,37,england,2021
11,1,9.09,64,24,46.15,198,233,430,82.06,20,60.61,13,9,0,0,0,0,,0,0,2,3,30,9,0,0,1,7,37,0,1,,,14,0,0.0,,0,0,9,7,2,0,0,,22,47.83,0,0,0,94,16,1,0,8,702,0,,0,0,0,1,0.0,0,0,0,0,126,1,0,6.83,0,0,0,0,0,0,0,0,0.0,0.0,0,0,4,2,0,0,0.0,0,18,7,38.89,1,38,2,11,42,53.16,52,266,269,524,61.5,4,0,697,5,4,0,Christian Fuchs,Leicester City,1262,31,england,2021
72,14,36.84,210,75,53.19,508,580,1074,83.0,33,62.26,20,31,1,0,0,1,,3,1,6,5,46,31,0,1,19,35,116,1,1,,,38,0,5.26,,1,2,47,37,10,1,0,,106,52.48,0,0,0,220,35,21,0,27,2381,0,,0,0,2,0,50.0,0,1,0,0,290,4,0,6.83,1,1,0,0,0,0,0,0,2381.0,0.0,7,2,17,6,7,8,57.14,0,65,34,52.31,21,136,14,38,139,54.51,141,687,645,1294,211.8,19,0,1668,33,8,0,Luka Milivojević,Crystal Palace,50294,7,england,2021
1,5,41.67,51,3,33.33,97,23,115,79.86,7,31.82,15,14,1,0,0,0,,3,2,3,1,3,13,0,0,7,6,47,0,0,,,9,0,10.0,,2,3,3,3,0,2,0,,24,42.86,0,0,0,29,8,9,1,7,587,1,,0,0,0,0,0.0,0,0,0,0,81,3,0,6.83,0,1,0,0,0,0,0,0,293.5,0.0,0,17,3,9,8,13,52.0,0,7,1,14.29,9,7,25,12,31,39.74,9,126,30,144,88.8,20,0,280,4,0,0,Gabriel Martinelli,Arsenal,922573,42,england,2021
46,1,25.0,166,57,62.64,404,500,903,85.59,5,31.25,11,24,0,0,0,0,,0,0,1,7,23,24,0,0,18,67,151,0,1,,,37,0,0.0,,0,0,30,23,7,0,0,,140,50.0,0,0,0,152,19,18,0,23,2052,0,,0,1,0,0,0.0,0,0,0,0,218,6,0,6.83,0,0,0,0,0,0,0,0,0.0,0.0,0,3,4,4,2,31,63.27,0,80,45,56.25,17,89,49,4,145,48.99,91,500,559,1055,163.9,7,0,1390,30,6,0,Allan,Everton,158277,48,england,2021
24,2,10.53,105,29,42.65,249,389,636,80.71,57,61.96,35,24,0,0,0,0,,0,0,7,4,45,24,0,0,14,21,106,0,0,,,38,0,0.0,,0,0,33,30,3,0,0,,75,51.37,0,0,1,152,43,7,0,22,1951,1,,0,0,0,0,0.0,0,0,0,0,216,7,0,6.83,0,0,0,0,0,0,0,0,0.0,0.0,0,9,7,7,2,7,70.0,0,52,29,55.77,7,49,10,19,132,55.46,68,372,435,788,163.9,16,0,1133,17,8,0,Isaac Hayden,Newcastle United,190843,39,england,2021
30,0,0.0,37,43,39.45,126,236,362,75.1,21,55.26,17,14,0,0,0,0,,0,3,1,4,62,14,0,1,0,9,39,0,0,,,12,0,12.5,,1,1,19,15,4,1,0,,28,56.0,1,0,1,120,25,0,0,13,1198,0,,0,0,0,0,0.0,0,0,0,0,131,0,0,6.83,1,0,0,0,0,0,0,0,1198.0,0.0,0,8,0,5,2,1,50.0,0,24,12,50.0,0,77,2,3,49,55.68,109,216,269,482,95.6,8,0,651,3,1,0,Fabián Balbuena,West Ham United,339447,37,england,2021
29,6,13.33,302,28,49.12,541,306,841,79.41,23,35.94,41,33,4,0,0,0,,3,7,18,6,7,33,0,0,21,62,177,0,0,,,26,0,10.0,,5,9,33,26,7,5,0,,90,39.82,0,0,4,218,36,32,1,31,2586,7,,0,1,0,0,0.0,0,0,0,0,357,15,0,6.83,0,4,0,0,0,0,0,0,517.2,0.0,0,35,15,16,16,29,48.33,0,44,26,59.09,31,66,60,45,113,38.97,57,741,363,1059,225.3,50,1,1492,17,3,0,Pablo Fornals,West Ham United,816763,37,england,2021
12,0,0.0,61,15,33.33,149,198,347,82.03,32,50.79,31,11,1,0,0,0,,1,1,1,2,41,11,0,0,2,5,45,0,0,,,10,0,0.0,,0,1,11,9,2,0,0,,23,62.16,0,0,0,76,9,1,0,9,875,0,,0,0,0,1,0.0,0,0,0,1,114,2,0,6.83,0,0,0,0,0,0,0,0,0.0,0.0,0,5,1,5,0,3,75.0,0,14,6,42.86,1,33,4,6,55,55.0,45,204,225,423,75.1,6,0,585,6,3,0,Jack Robinson,Sheffield United,98454,15,england,2021
69,12,14.29,262,108,35.06,483,350,821,68.76,34,59.65,23,34,1,0,0,0,,7,0,3,10,79,34,0,0,10,41,106,0,1,,,19,0,4.76,,1,2,47,43,4,1,0,,93,52.84,0,0,1,373,56,26,0,34,3060,0,,0,0,0,0,0.0,0,0,0,0,554,16,0,6.83,0,1,0,0,0,0,0,0,3060.0,0.0,0,3,18,14,4,27,67.5,0,54,32,59.26,26,196,40,84,127,54.51,308,853,425,1194,232.1,21,2,1957,13,5,0,Matthew Lowton,Burnley,67507,6,england,2021
6,1,8.33,132,10,71.43,269,157,425,73.02,83,41.09,119,31,2,0,0,0,,4,4,8,2,21,31,0,0,42,23,236,0,0,,,24,0,9.09,,4,6,36,32,4,4,0,,104,47.06,0,0,0,157,9,17,1,23,1990,6,,0,0,1,0,100.0,0,1,0,1,331,11,0,6.83,0,3,0,0,0,0,0,0,497.5,0.0,0,36,8,15,21,37,55.22,0,33,21,63.64,17,10,67,12,187,44.21,14,398,196,582,211.6,44,1,1045,36,3,0,Joelinton,Newcastle United,560128,39,england,2021
9,3,15.79,81,10,50.0,157,89,243,77.39,19,46.34,22,21,0,0,0,1,,0,2,3,2,10,20,0,0,19,37,115,0,1,,,15,0,34.78,,8,8,18,15,3,8,0,,78,45.61,2,0,0,71,20,10,3,13,1215,0,,0,0,1,1,0.0,0,0,0,1,167,7,0,6.83,0,3,0,0,0,0,0,0,151.88,0.0,0,21,2,7,13,26,53.06,0,32,16,50.0,10,16,49,19,97,45.75,20,220,113,314,136.5,23,0,616,20,1,0,Joe Willock,Newcastle United,888550,39,england,2021
9,5,45.45,207,14,58.33,340,175,510,78.46,21,25.3,62,33,2,1,0,0,,6,11,22,5,6,33,0,1,48,20,176,0,0,,,27,0,11.27,,8,10,34,33,1,8,0,,87,43.28,0,0,0,140,13,32,1,29,2518,12,,0,0,4,1,75.0,0,3,0,1,301,18,0,6.82,1,7,0,0,0,0,0,0,314.75,0.0,0,57,14,23,26,24,50.0,0,20,8,40.0,32,20,48,11,108,38.03,24,466,195,650,225.2,71,0,1063,44,1,0,Neal Maupay,Brighton & Hove Albion,268903,30,england,2021
0,1,25.0,25,1,25.0,39,16,54,73.97,18,52.94,16,15,1,0,0,0,,1,0,3,1,2,13,0,0,4,1,28,0,0,,,4,0,11.11,,1,2,1,1,0,1,0,,16,57.14,0,0,1,19,0,6,1,1,282,0,,0,0,0,0,0.0,0,0,0,0,42,2,0,6.82,0,0,0,0,0,0,0,0,282.0,0.0,0,9,0,4,2,9,75.0,0,2,1,50.0,6,0,12,4,34,54.84,4,59,18,73,88.7,9,0,135,5,0,0,Keinan Davis,Aston Villa,830858,40,england,2021
31,7,18.92,177,31,31.96,390,449,832,75.64,96,69.06,43,27,0,0,0,0,,1,0,3,6,71,26,0,0,9,26,117,0,0,,,35,0,5.88,,1,1,28,27,1,1,0,,67,47.52,0,0,0,268,31,10,0,23,2059,4,,1,0,0,1,0.0,0,0,0,0,372,12,0,6.82,0,1,0,0,0,0,0,0,2059.0,0.0,0,13,4,8,6,12,60.0,0,50,26,52.0,10,78,20,37,163,58.21,97,613,524,1100,177.4,17,1,1595,6,5,0,Dan Burn,Brighton & Hove Albion,99090,30,england,2021
61,5,19.23,95,87,43.72,236,641,872,79.06,39,66.1,20,28,0,0,0,0,,1,1,0,9,82,27,0,0,6,30,88,2,1,,,29,0,20.0,,1,1,32,24,8,1,0,,93,57.76,0,0,0,231,35,8,1,26,2289,1,,0,0,0,0,0.0,0,0,0,0,319,5,0,6.82,0,0,0,0,0,0,0,0,2289.0,0.0,0,4,1,2,3,8,72.73,0,56,36,64.29,8,137,11,26,132,60.0,199,421,708,1103,184.2,5,2,1576,29,9,0,Mason Holgate,Everton,781544,48,england,2021
6,0,0.0,100,14,56.0,380,319,699,93.08,24,58.54,17,10,0,0,0,0,,0,0,1,3,22,10,0,0,1,1,28,0,0,,,8,0,33.33,,1,1,13,11,2,1,0,,14,56.0,1,0,0,52,9,1,0,9,797,0,,0,0,0,1,0.0,0,0,0,0,58,2,0,6.82,0,0,0,0,0,0,0,0,797.0,0.0,0,2,1,1,1,0,0.0,0,10,5,50.0,1,21,1,1,38,57.58,25,414,338,751,68.2,3,1,827,4,4,0,Nathan Aké,Manchester City,149663,17,england,2021
12,5,14.29,268,10,52.63,410,144,549,82.93,19,31.15,42,27,2,0,0,0,,5,5,11,2,8,26,0,0,29,13,156,0,0,,,13,0,9.3,,4,6,21,18,3,4,0,,101,46.98,0,0,1,113,12,26,3,18,1740,4,,0,1,0,0,0.0,0,0,0,0,307,7,0,6.82,0,1,0,0,0,0,0,0,435.0,0.0,0,34,9,16,16,49,45.37,0,19,11,57.89,25,21,108,35,120,43.48,19,527,170,662,177.3,43,1,1108,33,2,0,Christian Pulišić,Chelsea,817957,38,england,2021
38,4,40.0,98,47,40.87,415,804,1215,87.98,63,63.64,36,23,0,0,0,0,,1,0,1,5,80,23,0,0,4,13,73,1,0,,,18,0,10.0,,1,1,30,30,0,1,0,,44,54.32,1,0,0,166,28,7,0,19,1816,0,,0,0,0,0,0.0,0,0,0,0,194,2,0,6.82,0,0,0,0,0,0,0,0,1816.0,0.0,0,10,0,6,3,4,66.67,0,27,17,62.96,7,86,6,10,107,59.44,115,519,872,1381,156.8,10,0,1639,15,2,0,Çağlar Söyüncü,Leicester City,758608,31,england,2021
32,10,29.41,211,29,53.7,436,308,734,85.65,24,58.54,17,26,1,0,0,0,,1,0,4,2,14,23,0,0,12,22,75,0,1,,,19,0,0.0,,0,1,10,9,1,0,0,,43,42.57,0,0,0,123,14,13,0,11,1066,0,,0,0,0,0,0.0,0,0,0,0,185,7,0,6.82,0,0,0,0,0,0,0,0,0.0,0.0,0,3,9,5,3,6,50.0,0,26,19,73.08,13,65,12,34,67,47.18,54,556,335,857,156.8,12,1,1113,11,3,0,James Milner,Liverpool,791,44,england,2021
48,0,0.0,90,71,44.1,250,583,833,83.47,35,71.43,14,20,0,0,0,0,,1,0,5,3,49,19,0,1,2,0,31,0,2,,,15,0,6.67,,1,1,18,17,1,1,0,,20,54.05,1,0,1,165,16,2,0,17,1399,1,,0,0,0,1,0.0,0,0,0,0,184,2,0,6.82,1,0,0,0,0,0,0,0,1399.0,0.0,3,9,6,8,2,3,75.0,0,12,9,75.0,2,125,4,9,55,63.95,161,368,639,998,129.5,15,0,1161,5,1,0,David Luiz,Arsenal,21300,42,england,2021
31,1,33.33,45,50,36.23,213,616,828,81.34,63,57.27,47,28,0,0,0,0,,1,0,2,8,116,28,0,0,5,8,87,0,0,,,28,0,23.08,,3,3,34,27,7,3,0,,38,48.72,3,0,2,190,30,4,0,28,2493,1,,0,0,0,0,0.0,0,0,0,0,202,1,0,6.81,0,0,0,0,0,0,0,0,831.0,0.0,0,13,0,7,4,3,75.0,0,26,13,50.0,4,86,4,3,101,53.72,138,330,691,1018,190.8,13,1,1296,9,5,0,Angelo Ogbonna,West Ham United,21164,37,england,2021
81,0,0.0,98,82,33.2,415,1290,1705,82.45,97,64.67,53,36,1,0,0,0,,1,0,0,9,132,36,0,1,5,24,113,0,0,,,30,0,10.0,,1,2,59,51,8,1,0,,53,46.9,1,0,0,363,84,5,0,36,3101,0,,1,0,0,1,0.0,0,0,0,0,398,3,0,6.81,1,0,0,0,0,0,0,0,3101.0,0.0,0,9,1,4,6,5,83.33,0,37,19,51.35,5,200,6,0,150,57.03,247,634,1434,2068,245.1,10,0,2515,13,5,0,Jan Bednarek,Southampton,286085,45,england,2021
5,0,0.0,30,11,39.29,102,186,288,80.0,21,50.0,21,12,0,0,0,0,,0,1,0,0,29,12,0,0,7,9,49,0,0,,,10,0,0.0,,0,0,19,16,3,0,0,,51,64.56,0,0,0,72,17,2,0,8,842,0,,0,0,0,0,0.0,0,0,0,0,101,2,0,6.81,0,0,0,0,0,0,0,0,0.0,0.0,0,3,1,3,1,9,75.0,0,38,21,55.26,2,27,12,1,72,59.5,28,142,219,360,81.7,4,0,548,4,1,0,Mohammed Salisu,Southampton,946158,45,england,2021
9,1,12.5,210,4,80.0,311,96,406,84.41,17,40.48,25,22,3,0,0,0,,4,10,10,1,8,22,0,1,37,10,106,0,0,,,15,0,9.3,,4,7,19,17,2,4,0,,64,44.14,1,0,0,75,1,17,0,17,1485,15,,0,0,0,0,0.0,0,0,0,4,197,5,0,6.8,1,3,0,0,0,0,0,0,371.25,0.0,0,35,8,12,21,36,60.0,0,2,1,50.0,17,10,60,8,81,43.32,5,379,110,481,149.7,43,2,770,27,0,0,Anthony Martial,Manchester United,191176,35,england,2021
24,0,0.0,47,39,41.49,155,489,644,81.52,69,62.73,41,22,0,0,0,0,,0,1,2,3,99,22,0,0,1,7,66,0,1,,,16,0,12.5,,1,1,35,30,5,1,0,,39,60.94,1,0,0,146,29,2,0,21,1893,1,,1,0,0,1,0.0,0,0,0,0,167,0,0,6.8,0,0,0,0,0,0,0,0,1893.0,0.0,0,8,0,4,2,4,50.0,0,24,14,58.33,2,61,8,0,108,62.07,94,241,549,790,149.7,8,1,1050,11,3,0,Ciaran Clark,Newcastle United,45680,39,england,2021
1,0,0.0,110,3,50.0,172,37,209,81.01,22,33.33,44,24,1,0,1,0,,6,9,9,2,12,24,0,0,13,12,100,0,0,,,19,0,17.14,,6,7,18,17,1,4,2,,46,45.1,1,0,2,49,7,22,2,17,1546,5,,0,0,1,0,0.0,0,0,0,2,133,7,0,6.8,0,3,0,0,0,0,0,0,257.67,0.0,0,30,5,11,15,18,54.55,0,12,6,50.0,22,4,33,3,68,40.48,6,214,47,258,163.3,35,0,501,17,0,0,Danny Welbeck,Brighton & Hove Albion,33902,30,england,2021
8,4,30.77,102,6,37.5,167,82,245,85.66,1,33.33,2,9,2,0,0,0,,1,0,1,0,3,8,0,0,6,7,17,0,0,,,1,0,20.0,,1,3,6,6,0,1,0,,7,31.82,0,0,0,41,3,8,1,6,509,2,,0,0,1,0,100.0,0,1,0,0,65,0,0,6.8,0,0,0,0,0,0,0,0,509.0,0.0,0,3,2,0,4,2,66.67,0,1,0,0.0,8,14,3,13,8,32.0,16,203,96,286,54.4,5,0,341,4,0,0,Juan Mata,Manchester United,28367,35,england,2021
49,0,0.0,53,48,49.48,164,451,615,82.44,69,64.49,38,20,1,0,0,0,,0,1,3,4,86,20,0,0,1,4,53,0,0,,,12,0,9.09,,1,2,39,30,9,1,0,,17,53.13,1,0,0,131,13,8,0,20,1800,3,,0,0,0,0,0.0,0,0,0,0,141,2,0,6.8,0,0,0,0,0,0,0,0,1800.0,0.0,0,11,0,5,3,1,100.0,0,13,9,69.23,8,96,1,0,86,61.87,97,241,505,746,136.0,11,1,945,3,3,0,Gary Cahill,Crystal Palace,9628,7,england,2021
0,0,0.0,3,0,0.0,4,2,6,66.67,2,66.67,1,1,0,0,0,0,,0,0,0,0,0,1,0,0,0,0,1,0,0,,,0,0,0.0,,0,0,1,0,1,0,0,,0,0.0,0,0,0,3,0,1,0,0,19,0,,0,0,0,0,0.0,0,0,0,0,4,0,0,6.8,0,0,0,0,0,0,0,0,0.0,0.0,0,1,0,1,0,0,0.0,0,0,0,0.0,1,0,0,0,2,66.67,0,7,2,9,6.8,1,0,12,0,0,0,Islam Slimani,Leicester City,238708,31,england,2021
2,0,0.0,0,3,37.5,0,9,9,64.29,1,100.0,0,2,0,0,0,0,,0,0,0,0,0,1,0,0,0,0,0,0,0,,,0,0,0.0,,0,0,1,1,0,0,0,,0,0.0,0,2,0,5,0,0,0,1,91,0,,0,0,0,0,0.0,0,0,0,0,5,0,0,6.8,0,0,0,3,0,3,0,0,0.0,0.0,0,0,0,0,0,0,0.0,0,0,0,0.0,0,4,0,0,1,100.0,8,4,10,14,6.8,0,0,30,0,0,0,John Ruddy,Wolverhampton,1131,3,england,2021
0,1,16.67,10,2,100.0,20,16,35,83.33,0,0.0,0,4,0,0,0,0,,0,0,0,0,2,1,0,0,0,0,0,0,0,,,0,0,0.0,,0,0,1,1,0,0,0,,2,100.0,0,0,0,7,1,0,0,1,79,1,,0,0,0,0,0.0,0,0,0,0,15,0,0,6.8,0,0,0,0,0,0,0,0,0.0,0.0,0,0,0,0,0,0,0.0,0,2,1,50.0,0,1,0,6,2,100.0,2,32,16,42,6.8,0,0,71,0,0,0,Jonjoe Kenny,Everton,361310,48,england,2021
25,0,0.0,22,37,33.33,186,681,867,84.5,49,59.76,33,18,0,0,0,0,,0,0,4,4,84,17,0,0,3,11,68,1,1,,,22,0,0.0,,0,0,22,21,1,0,0,,49,58.33,0,0,0,159,14,1,0,17,1486,0,,1,0,0,3,0.0,0,0,0,0,169,0,0,6.8,0,0,0,0,0,0,0,0,0.0,0.0,0,5,0,1,0,1,100.0,0,40,20,50.0,1,71,1,0,98,59.04,111,267,759,1026,115.6,5,0,1231,8,1,0,Davinson Sánchez,Tottenham Hotspur,566102,33,england,2021
44,12,19.05,468,52,57.78,740,479,1207,82.28,15,45.45,18,35,5,0,0,0,,3,0,7,5,15,35,0,0,22,47,147,0,0,,,46,0,11.11,,4,9,44,40,4,3,1,,69,34.85,0,0,1,260,11,45,0,28,2395,6,,0,1,2,1,100.0,0,2,0,0,396,19,0,6.8,0,4,0,0,0,0,0,0,598.75,0.0,0,16,20,18,11,13,48.15,0,38,20,52.63,44,101,27,63,84,36.36,90,1009,521,1467,237.9,36,0,1819,20,6,0,Mateusz Klich,Leeds United,44900,34,england,2021
10,0,0.0,186,4,33.33,339,86,425,65.08,154,43.38,201,33,3,0,0,0,,2,19,14,5,21,33,0,0,44,13,294,0,0,,,38,0,17.14,,12,15,43,38,5,11,1,,40,30.08,2,0,3,228,1,22,0,32,2750,24,,0,0,2,0,100.0,0,2,0,1,378,19,0,6.8,0,9,0,0,0,0,0,0,229.17,0.0,0,55,15,17,39,7,33.33,0,12,7,58.33,22,19,21,7,194,39.75,12,541,119,653,224.3,70,1,1006,22,0,0,Chris Wood,Burnley,50480,6,england,2021
2,0,0.0,127,6,66.67,209,44,253,57.5,139,53.05,123,23,0,0,0,0,,1,8,6,0,29,22,0,0,17,12,182,0,0,,,24,0,3.33,,1,1,27,23,4,1,0,,45,43.27,1,0,1,187,6,15,0,12,1319,4,,0,0,0,0,0.0,0,0,0,1,243,4,0,6.8,0,0,0,0,0,0,0,0,1319.0,0.0,0,27,3,11,13,4,30.77,0,15,7,46.67,15,9,13,4,184,50.27,9,376,68,440,149.5,30,0,660,26,2,0,Oliver McBurnie,Sheffield United,367228,15,england,2021
18,4,13.79,216,20,46.51,357,182,535,76.76,10,27.78,26,29,3,0,0,0,,6,2,11,1,8,29,0,0,37,16,139,0,0,,,31,0,4.44,,2,5,39,33,6,2,0,,84,42.64,0,0,1,162,11,29,0,17,1737,3,,0,0,0,1,0.0,0,0,0,0,310,23,0,6.79,0,2,0,0,0,0,0,0,868.5,0.0,0,29,16,21,13,39,57.35,0,30,17,56.67,29,31,68,29,94,40.34,43,503,223,697,197.0,45,1,1092,15,1,0,Nathan Redmond,Southampton,115346,45,england,2021
0,1,50.0,27,0,0.0,38,38,75,82.42,7,30.43,16,17,1,0,0,0,,1,0,4,0,5,14,0,0,5,2,37,0,0,,,10,0,16.67,,2,3,6,6,0,2,0,,21,50.0,0,0,0,16,0,8,0,4,419,0,,0,0,0,0,0.0,0,0,0,0,41,1,0,6.79,0,2,0,0,0,0,0,0,209.5,0.0,0,11,1,3,5,7,58.33,0,3,1,33.33,8,0,12,2,28,43.08,0,54,39,91,95.1,12,0,173,11,0,0,Edward Nketiah,Arsenal,858194,42,england,2021
68,1,4.55,236,84,41.18,541,913,1453,83.17,49,49.49,50,36,0,0,0,0,,1,0,6,11,50,36,0,0,10,33,130,0,0,,,30,0,0.0,,0,0,44,42,2,0,0,,82,50.62,0,0,0,294,62,8,0,36,3195,1,,0,0,0,0,0.0,0,0,0,0,370,5,0,6.79,1,0,0,0,0,0,0,0,0.0,0.0,0,9,1,3,1,24,75.0,0,49,26,53.06,8,166,32,22,131,50.19,204,757,1012,1747,244.5,10,0,2179,9,3,1,Ben White,Brighton & Hove Albion,846036,30,england,2021
38,5,14.29,222,32,34.04,505,570,1070,80.88,16,28.07,41,30,2,0,0,0,,2,1,7,9,51,30,0,0,49,23,162,1,1,,,33,0,0.0,,0,2,41,38,3,0,0,,171,58.56,0,0,1,253,37,17,0,30,2648,7,,0,1,0,1,0.0,0,0,0,1,456,9,0,6.79,0,0,0,0,0,0,0,0,0.0,0.0,0,13,5,4,7,46,70.77,0,83,53,63.86,16,103,65,35,187,53.58,94,680,678,1323,203.7,18,0,2171,42,4,0,Kyle Walker-Peters,Southampton,823085,45,england,2021
130,0,0.0,25,241,43.98,76,675,751,70.38,12,100.0,0,38,0,0,0,0,,0,0,0,11,17,38,0,0,0,0,1,0,0,,,0,0,0.0,,0,0,50,46,4,0,0,,3,75.0,0,17,0,316,0,0,0,38,3420,0,,1,0,0,0,0.0,4,0,0,0,325,0,7,6.79,0,0,4,69,19,88,1,21,0.0,0.0,0,0,0,0,0,1,50.0,4,0,0,0.0,0,216,2,0,15,93.75,548,283,784,1067,257.9,0,1,1385,4,0,0,Kasper Schmeichel,Leicester City,1076,31,england,2021
14,4,15.38,111,13,59.09,167,54,217,75.61,28,38.36,45,21,1,0,0,0,,5,5,9,1,13,21,0,0,13,32,142,0,0,,,39,0,5.71,,2,3,14,11,3,2,0,,69,41.57,0,0,1,70,19,13,1,12,1177,4,,0,0,0,0,0.0,0,0,0,1,155,6,0,6.79,0,1,0,0,0,0,0,0,588.5,0.0,0,29,6,14,12,17,53.13,0,33,18,54.55,13,20,32,26,97,40.59,22,241,72,287,142.5,35,1,560,19,0,0,Mahmoud Trézéguet,Aston Villa,295361,40,england,2021
21,4,12.9,144,19,63.33,287,181,464,81.4,14,48.28,15,18,1,0,0,0,,2,1,3,0,5,18,0,0,14,19,79,0,0,,,19,0,6.67,,1,2,10,10,0,1,0,,56,46.67,0,0,0,106,7,15,1,11,950,0,,0,0,0,0,0.0,0,0,0,0,182,7,0,6.78,0,0,0,0,0,0,0,0,950.0,0.0,1,8,7,6,6,8,40.0,0,28,22,78.57,15,49,20,31,70,46.98,30,391,210,570,122.1,15,0,770,20,5,0,Giovani Lo Celso,Tottenham Hotspur,798835,33,england,2021
25,2,16.67,254,18,45.0,447,340,785,85.05,10,27.03,27,30,1,0,0,0,,4,0,8,3,12,30,0,0,15,31,97,0,0,,,18,0,4.55,,1,2,18,17,1,1,0,,66,48.53,0,0,1,138,15,25,0,16,1588,3,,0,0,0,1,0.0,0,0,0,0,201,18,0,6.78,0,1,0,0,0,0,0,0,1588.0,0.0,0,16,6,9,5,18,64.29,0,28,13,46.43,25,53,28,12,76,43.93,40,563,372,923,203.5,22,1,1166,20,0,0,Adam Lallana,Brighton & Hove Albion,17054,30,england,2021
35,10,28.57,104,33,44.0,244,301,535,82.95,9,45.0,11,25,3,0,0,0,,2,1,5,5,32,24,0,0,23,9,68,0,2,,,12,0,0.0,,0,3,19,14,5,0,0,,76,57.14,0,0,1,110,13,19,0,18,1625,0,,0,0,0,0,0.0,0,0,0,0,211,3,0,6.78,0,0,0,0,0,0,0,0,0.0,0.0,0,5,7,3,4,20,60.61,0,39,26,66.67,19,66,33,35,85,55.56,75,338,342,645,162.8,12,0,1029,17,0,0,Séamus Coleman,Everton,76632,48,england,2021
9,1,12.5,93,7,35.0,143,46,188,61.84,61,41.5,86,22,0,0,0,0,,0,3,12,2,11,21,0,0,21,10,155,0,0,,,46,0,7.89,,3,3,19,18,1,3,0,,61,46.92,1,0,0,116,5,20,1,15,1343,17,,0,0,1,0,100.0,0,1,0,1,195,9,0,6.78,0,1,0,0,0,0,0,0,447.67,0.0,0,26,12,13,13,1,50.0,0,12,6,50.0,20,23,2,8,122,44.04,20,247,65,304,142.4,38,1,560,49,4,0,Ashley Barnes,Burnley,27028,6,england,2021
42,1,16.67,430,46,77.97,1026,604,1629,92.71,39,51.32,37,38,0,0,0,0,,1,1,9,5,17,37,0,0,27,24,117,0,1,,,15,0,6.45,,2,2,39,35,4,1,1,,81,50.31,0,0,1,128,26,21,0,34,2954,0,,0,0,0,0,0.0,0,0,0,0,218,18,0,6.78,0,2,0,0,0,0,0,0,1477.0,0.0,1,16,15,13,9,34,66.67,0,23,7,30.43,21,61,51,6,120,50.63,59,1115,648,1757,250.8,31,0,2091,24,1,0,Georginio Wijnaldum,Liverpool,22126,44,england,2021
13,0,0.0,16,15,29.41,127,391,518,88.7,26,56.52,20,9,0,0,0,0,,0,0,0,2,27,9,0,0,3,3,40,1,0,,,12,0,0.0,,0,0,9,8,1,0,0,,25,55.56,0,0,0,66,12,1,0,9,803,0,,0,0,0,0,0.0,0,0,0,0,77,0,0,6.78,0,0,0,0,0,0,0,0,0.0,0.0,0,1,0,1,0,3,60.0,0,19,10,52.63,1,36,5,0,51,56.04,51,169,415,584,61.0,1,0,681,3,3,0,Ozan Kabak,Liverpool,857740,44,england,2021
12,1,16.67,75,17,77.27,152,91,242,81.21,26,41.94,36,17,0,0,0,0,,1,2,3,0,12,17,0,0,13,3,61,0,0,,,8,0,5.26,,1,1,13,13,0,1,0,,20,44.44,0,0,0,56,1,12,0,12,1113,2,,0,0,0,0,0.0,0,0,0,1,107,5,0,6.78,0,1,0,0,0,0,0,0,1113.0,0.0,0,14,5,9,7,8,72.73,0,2,1,50.0,12,17,11,6,46,42.99,22,200,104,298,115.2,19,0,422,10,0,0,Willian José,Wolverhampton,123223,3,england,2021
9,7,14.58,72,12,27.27,130,113,236,75.16,6,66.67,3,16,0,0,0,0,,0,0,3,0,11,12,0,0,3,5,21,0,0,,,10,0,12.5,,1,1,17,15,2,1,0,,36,66.67,1,0,1,78,14,5,0,7,680,0,,0,0,0,1,0.0,0,0,0,1,148,1,0,6.78,0,0,0,0,0,0,0,0,680.0,0.0,1,3,5,3,2,14,100.0,0,15,8,53.33,5,28,14,48,42,66.67,44,217,145,314,81.3,8,1,535,7,2,0,Joe Bryan,Fulham,205028,43,england,2021
0,0,0.0,13,0,0.0,27,16,43,72.88,8,47.06,9,6,1,0,0,0,,0,1,1,0,4,4,0,0,3,1,20,0,0,,,3,0,0.0,,0,1,6,6,0,0,0,,14,56.0,0,0,0,16,3,2,0,2,194,0,,0,0,0,0,0.0,0,0,0,0,31,2,0,6.78,0,0,0,0,0,0,0,0,0.0,0.0,0,4,0,3,0,3,42.86,0,5,5,100.0,2,2,7,0,22,52.38,1,39,20,59,27.1,4,0,110,6,1,0,Owen Otasowie,Wolverhampton,997835,3,england,2021
7,1,50.0,47,2,100.0,98,57,154,70.32,24,40.68,35,17,0,0,0,0,,1,6,4,0,10,15,0,0,6,6,60,0,0,,,15,0,13.79,,4,4,5,5,0,4,0,,11,30.56,1,0,1,65,5,6,3,8,754,6,,0,0,0,0,0.0,0,0,0,0,89,7,0,6.77,0,0,0,0,0,0,0,0,188.5,0.0,0,24,5,14,11,2,100.0,0,4,2,50.0,6,10,2,2,35,36.84,2,147,74,219,101.6,29,1,324,6,1,0,Olivier Giroud,Chelsea,39070,38,england,2021
15,8,20.51,266,33,51.56,459,246,697,82.0,8,32.0,17,34,1,0,0,0,,4,3,11,2,18,34,0,0,34,42,144,1,0,,,18,0,12.12,,4,5,48,42,6,3,1,,127,50.0,0,0,2,153,25,31,4,28,2449,6,,0,0,0,0,0.0,0,0,0,0,308,11,0,6.77,0,0,0,0,0,0,0,0,612.25,0.0,1,19,14,7,15,39,53.42,0,49,29,59.18,31,36,73,39,135,48.39,64,591,298,850,230.1,33,1,1289,39,3,0,Miguel Almirón,Newcastle United,333373,39,england,2021
4,3,21.43,79,8,72.73,142,75,214,84.92,0,0.0,1,12,0,0,0,0,,0,0,2,0,5,12,0,0,11,8,32,0,0,,,6,0,16.67,,1,1,7,6,1,1,0,,25,44.64,0,0,0,38,8,10,0,3,449,0,,0,0,0,0,0.0,0,0,0,0,84,1,0,6.77,0,1,0,0,0,0,0,0,449.0,0.0,0,2,4,2,2,10,62.5,0,8,3,37.5,10,12,16,14,25,43.86,11,186,80,252,81.2,6,0,366,7,2,0,Bernard,Everton,241488,48,england,2021
0,1,20.0,21,2,100.0,32,24,55,74.32,7,50.0,7,3,0,0,0,0,,0,0,2,0,1,3,0,0,4,2,17,0,0,,,1,0,0.0,,0,0,3,3,0,0,0,,11,52.38,0,0,0,19,1,2,0,2,204,0,,0,0,0,0,0.0,0,0,0,0,32,0,0,6.77,0,0,0,0,0,0,0,0,0.0,0.0,0,4,0,2,0,0,0.0,0,10,8,80.0,2,4,3,5,18,51.43,2,49,30,74,20.3,4,0,120,1,0,0,Bernardo,Brighton & Hove Albion,828571,30,england,2021
3,0,0.0,17,17,68.0,60,173,233,88.59,6,54.55,5,9,0,0,0,0,,0,0,0,0,15,6,0,0,1,1,15,0,0,,,6,0,0.0,,0,0,8,8,0,0,0,,15,60.0,0,0,0,30,3,0,0,4,402,0,,1,0,0,0,0.0,0,0,0,0,37,1,0,6.77,0,0,0,0,0,0,0,0,0.0,0.0,0,0,0,0,0,0,0.0,0,13,7,53.85,0,11,2,0,21,58.33,25,72,191,263,40.6,0,0,327,2,2,0,Axel Tuanzebe,Manchester United,817979,35,england,2021
6,5,16.67,92,7,63.64,145,40,180,77.59,5,31.25,11,21,1,0,0,0,,6,2,8,0,1,17,0,0,7,10,41,0,0,,,7,0,0.0,,0,1,9,9,0,0,0,,24,44.44,0,0,1,52,8,10,0,6,532,0,,0,0,0,0,0.0,0,0,0,0,103,5,0,6.76,0,0,0,0,0,0,0,0,0.0,0.0,0,11,7,7,3,11,64.71,0,9,7,77.78,10,8,17,30,29,41.43,11,218,44,232,115.0,18,0,362,4,3,0,Alireza Jahanbakhsh,Brighton & Hove Albion,331837,30,england,2021
14,2,16.67,137,14,48.28,205,129,332,71.71,20,46.51,23,27,2,0,0,0,,4,1,6,1,11,27,0,0,15,17,84,0,0,,,23,0,3.85,,1,3,19,18,1,1,0,,63,50.81,0,0,1,131,9,16,0,14,1343,8,,0,0,0,0,0.0,0,0,0,0,202,10,0,6.76,0,1,0,0,0,0,0,0,1343.0,0.0,0,13,13,8,12,17,68.0,0,15,13,86.67,16,33,25,12,83,49.7,29,319,156,463,182.6,26,0,691,32,3,0,Tyler Roberts,Leeds United,796144,34,england,2021
19,17,25.0,256,20,33.9,418,201,602,81.02,13,43.33,17,24,0,0,0,0,,4,0,4,2,13,24,0,0,25,27,85,0,0,,,10,0,11.11,,1,1,29,25,4,1,0,,66,49.25,0,0,0,141,12,17,0,17,1606,4,,0,0,0,0,0.0,0,0,0,0,277,10,0,6.76,0,1,0,0,0,0,0,0,1606.0,0.0,0,5,4,1,4,19,73.08,0,33,18,54.55,17,46,26,68,79,48.17,59,571,240,743,162.3,9,0,1091,15,1,0,Ben Osborn,Sheffield United,282665,15,england,2021
37,0,0.0,4,82,40.8,28,350,378,75.45,5,83.33,1,26,0,0,0,0,,0,0,0,9,14,26,0,0,0,0,1,1,2,,,0,0,0.0,,0,0,32,29,3,0,0,,3,100.0,0,3,0,123,0,0,0,26,2295,0,,0,0,0,0,0.0,4,0,0,0,128,0,6,6.76,0,0,10,40,20,60,0,13,0.0,0.0,0,0,0,0,0,1,100.0,10,0,0,0.0,0,56,1,0,8,88.89,201,107,394,501,175.8,0,1,675,3,0,0,David De Gea,Manchester United,69378,35,england,2021
38,7,17.5,297,34,59.65,588,416,997,80.73,8,32.0,17,33,5,0,0,0,,4,1,20,6,19,33,0,0,68,48,203,0,0,,,34,0,7.27,,4,9,56,48,8,2,2,,163,46.7,0,0,1,238,24,35,2,32,2771,4,,0,0,0,0,0.0,0,0,0,0,467,21,0,6.76,0,2,0,0,0,0,0,0,692.75,0.0,0,19,36,24,11,68,64.15,0,60,41,68.33,35,67,106,40,171,45.72,57,803,472,1235,223.1,55,0,1840,35,3,0,Stuart Armstrong,Southampton,117083,45,england,2021
11,10,28.57,268,6,31.58,468,156,614,78.82,10,22.22,35,35,8,0,0,0,,10,18,20,7,6,35,0,0,28,36,173,0,0,,,28,0,7.59,,6,14,29,26,3,6,0,,81,36.99,1,0,5,165,8,36,0,29,2602,27,,0,0,0,0,0.0,0,0,0,5,374,15,0,6.76,0,5,0,0,0,0,0,0,433.67,0.0,0,67,12,27,32,29,36.25,0,20,9,45.0,36,16,80,35,91,34.47,19,626,188,779,236.6,79,1,1245,32,2,0,Timo Werner,Chelsea,232306,38,england,2021
29,4,40.0,55,32,33.33,156,232,384,74.13,39,55.71,31,15,0,0,0,0,,0,0,0,3,71,15,0,0,0,8,49,0,0,,,9,0,33.33,,1,1,20,18,2,1,0,,23,56.1,1,0,0,134,16,4,0,14,1256,0,,0,0,0,0,0.0,0,0,0,0,162,0,0,6.76,0,0,0,0,0,0,0,0,1256.0,0.0,0,3,0,2,1,3,75.0,0,16,7,43.75,4,82,4,10,62,55.86,96,247,281,518,101.4,3,0,729,4,2,0,Paul Dummett,Newcastle United,185995,39,england,2021
57,0,0.0,5,174,41.53,79,335,414,62.54,8,88.89,1,37,0,0,0,0,,0,0,0,10,8,37,1,0,0,1,2,2,1,,,0,0,0.0,,0,0,51,48,3,0,0,,1,50.0,0,20,0,248,1,0,0,37,3329,0,,0,0,0,0,0.0,8,0,1,0,252,0,5,6.76,0,0,4,68,32,100,1,16,0.0,0.0,0,0,0,0,0,0,0.0,4,0,0,0.0,0,91,0,0,9,81.82,419,241,421,662,250.1,0,1,951,1,1,0,Rui Patrício,Wolverhampton,17737,3,england,2021
20,8,25.81,104,21,46.67,274,278,544,80.47,49,66.22,25,17,2,0,0,0,,1,1,2,3,36,17,0,0,9,20,84,0,0,,,20,0,0.0,,0,2,15,15,0,0,0,,46,43.81,0,0,0,132,23,11,0,13,1248,0,,0,0,0,1,0.0,0,0,0,0,226,0,0,6.76,1,0,0,0,0,0,0,0,0.0,0.0,0,1,2,0,1,5,29.41,0,29,15,51.72,11,47,17,31,95,53.07,45,377,330,676,114.9,3,0,1053,12,2,1,Matt Doherty,Tottenham Hotspur,143047,33,england,2021
58,9,17.31,202,66,36.87,505,657,1153,78.86,31,46.27,36,31,1,0,0,0,,1,1,3,7,81,31,0,0,10,22,111,0,2,,,32,0,14.29,,2,3,36,35,1,1,1,,83,52.53,0,0,0,309,45,15,1,31,2670,2,,0,0,0,0,0.0,0,0,0,0,470,2,0,6.75,0,0,0,0,0,0,0,0,1335.0,0.0,1,4,10,7,4,21,63.64,0,37,20,54.05,15,165,33,52,114,50.67,179,734,780,1462,209.4,14,0,2124,25,3,0,Ola Aina,Fulham,800417,43,england,2021
27,3,60.0,92,34,55.74,231,338,566,81.21,11,42.31,15,25,1,0,0,0,,2,0,2,2,20,22,0,0,10,23,79,1,1,,,26,0,0.0,,0,1,23,17,6,0,0,,74,53.62,0,0,0,131,34,6,0,17,1438,0,,0,0,0,1,0.0,0,0,0,0,173,9,0,6.75,0,0,0,0,0,0,0,0,0.0,0.0,0,1,6,5,0,18,75.0,0,31,18,58.06,6,54,24,5,85,51.83,61,301,401,697,148.6,7,0,925,26,3,0,Tom Davies,Everton,795058,48,england,2021
34,14,22.58,289,30,32.26,541,568,1095,79.52,40,47.62,44,36,3,0,0,0,,4,1,7,10,40,35,0,0,15,42,154,0,2,,,39,0,8.0,,2,5,35,31,4,2,0,,128,53.78,0,0,1,282,23,28,2,29,2463,6,,0,0,0,2,0.0,0,0,0,0,418,12,0,6.75,0,0,0,0,0,0,0,0,1231.5,0.0,0,14,11,10,8,11,42.31,0,74,31,41.89,28,91,26,62,168,52.17,93,780,659,1377,236.4,25,0,2031,44,7,0,Ezgjan Alioski,Leeds United,137060,34,england,2021
51,1,33.33,67,89,38.03,230,759,988,77.25,83,59.29,57,36,0,0,0,0,,1,1,2,8,123,35,0,0,8,18,118,0,2,,,36,0,14.29,,1,1,56,48,8,1,0,,82,57.34,1,0,1,291,32,8,0,35,3123,0,,0,0,0,0,0.0,0,0,0,0,322,3,0,6.75,0,0,0,0,0,0,0,0,3123.0,0.0,0,6,1,3,2,10,83.33,0,58,37,63.79,8,144,12,3,165,58.3,234,404,878,1279,236.4,7,0,1676,15,4,0,Cheikhou Kouyaté,Crystal Palace,45944,7,england,2021
4,6,26.09,54,2,13.33,113,67,174,76.99,8,36.36,14,14,1,0,0,0,,1,0,2,1,19,12,0,0,3,4,35,0,0,,,11,0,25.0,,1,2,9,9,0,1,0,,20,48.78,0,0,0,52,11,12,0,6,571,1,,0,0,0,0,0.0,0,0,0,0,88,1,0,6.75,0,1,0,0,0,0,0,0,571.0,0.0,0,3,1,0,2,3,42.86,0,9,5,55.56,12,16,7,23,28,44.44,15,163,86,226,81.0,4,0,373,10,2,0,Ryan Fredericks,West Ham United,106920,37,england,2021
22,0,0.0,120,24,58.54,190,101,291,76.98,0,0.0,2,16,2,0,0,0,,1,1,6,0,0,16,0,0,1,11,15,0,1,,,1,0,0.0,,0,2,6,6,0,0,0,,21,61.76,0,0,1,87,0,6,0,3,422,0,,0,0,0,0,0.0,0,0,0,0,115,4,0,6.75,0,0,0,0,0,0,0,0,0.0,0.0,0,9,6,6,3,10,90.91,0,5,3,60.0,6,38,11,13,21,58.33,41,271,120,378,108.0,15,0,462,6,1,0,Pablo Hernández,Leeds United,28088,34,england,2021
6,0,0.0,7,8,66.67,22,56,78,91.76,3,50.0,3,2,0,0,0,0,,0,0,0,0,3,2,0,0,0,0,6,0,0,,,3,0,0.0,,0,0,1,1,0,0,0,,3,50.0,0,0,0,7,0,0,0,1,122,0,,0,0,0,0,0.0,0,0,0,0,7,0,0,6.75,0,0,0,0,0,0,0,0,0.0,0.0,0,0,1,1,0,0,0.0,0,2,2,100.0,0,7,0,0,6,50.0,12,26,59,85,13.5,1,0,94,1,2,0,Maxime Le Marchand,Fulham,55052,43,england,2021
1,0,0.0,2,1,100.0,8,6,14,82.35,1,100.0,0,2,0,0,0,0,,0,0,0,0,0,2,0,0,0,0,1,0,0,,,1,0,0.0,,0,0,2,2,0,0,0,,2,66.67,0,0,0,3,1,0,0,0,30,0,,0,0,0,0,0.0,0,0,0,0,5,1,0,6.75,0,0,0,0,0,0,0,0,0.0,0.0,0,0,1,0,1,2,100.0,0,0,0,0.0,0,2,2,0,3,75.0,1,11,6,17,13.5,1,0,25,0,0,0,Rekeem Harper,West Bromwich Albion,863651,8,england,2021
75,0,0.0,11,143,28.6,74,498,572,60.98,4,80.0,1,30,0,0,0,0,,0,0,0,7,22,30,0,0,0,3,4,0,1,,,0,0,0.0,,0,0,57,50,7,0,0,,5,62.5,0,21,0,366,0,0,0,30,2700,0,,0,0,0,0,0.0,6,0,0,0,380,0,11,6.75,0,0,8,64,27,93,1,24,0.0,0.0,0,0,0,0,0,2,100.0,8,1,0,0.0,0,161,2,0,9,69.23,500,369,569,938,202.5,0,1,1228,2,2,0,Alex McCarthy,Southampton,45502,45,england,2021
3,0,0.0,51,3,75.0,100,53,153,85.0,12,31.58,26,15,0,0,0,0,,0,3,4,1,1,15,0,0,13,6,60,0,0,,,8,0,14.29,,3,3,9,9,0,3,0,,22,39.29,0,0,0,27,4,7,0,9,814,2,,0,0,1,0,100.0,0,1,0,0,73,12,0,6.75,0,3,0,0,0,0,0,0,271.33,0.0,0,18,3,9,8,8,53.33,0,7,4,57.14,7,4,15,0,34,36.17,4,116,64,180,101.2,21,0,289,7,0,0,Josh Maja,Fulham,852145,43,england,2021
62,1,25.0,89,92,47.18,268,651,918,81.75,80,57.97,58,31,1,0,0,0,,1,0,2,4,130,31,0,1,1,17,102,0,0,,,29,0,0.0,,0,1,47,37,10,0,0,,51,53.68,0,0,0,205,41,3,0,30,2630,0,,0,0,0,0,0.0,0,0,0,0,218,0,0,6.75,1,0,0,0,0,0,0,0,0.0,0.0,0,13,1,9,3,0,0.0,0,41,21,51.22,3,133,0,4,131,56.22,195,402,725,1123,209.1,14,1,1454,10,7,0,John Egan,Sheffield United,100578,15,england,2021
53,20,19.05,149,61,29.76,371,345,696,70.3,39,56.52,30,29,1,0,0,0,,2,0,1,8,73,29,0,0,9,21,90,0,2,,,9,0,0.0,,0,1,42,38,4,0,0,,107,64.07,0,0,0,294,29,12,0,28,2429,1,,0,0,0,0,0.0,0,0,0,0,478,4,0,6.74,0,0,0,0,0,0,0,0,0.0,0.0,0,1,2,0,2,25,53.19,0,48,28,58.33,12,135,47,105,146,61.86,205,675,420,990,195.6,3,0,1712,34,1,0,Charlie Taylor,Burnley,166381,6,england,2021
16,10,14.49,160,25,51.02,282,222,494,83.03,3,27.27,8,30,2,0,0,0,,3,1,8,1,13,30,0,0,26,12,82,0,0,,,13,0,6.67,,1,3,21,17,4,1,0,,84,53.16,0,0,0,101,16,17,0,17,1557,0,,0,1,0,0,0.0,0,0,0,0,266,5,0,6.74,0,1,0,0,0,0,0,0,1557.0,0.0,0,9,6,4,3,45,63.38,0,27,10,37.04,16,32,71,69,87,51.48,49,414,250,595,202.3,15,0,976,12,0,0,Alex Iwobi,Everton,352770,48,england,2021
10,0,0.0,32,26,55.32,118,306,424,90.6,11,52.38,10,7,0,0,0,0,,0,0,0,0,23,7,0,0,1,3,18,0,1,,,3,0,0.0,,0,0,13,12,1,0,0,,13,61.9,0,0,0,44,6,0,0,7,630,0,,0,0,0,0,0.0,0,0,0,0,48,0,0,6.74,0,0,0,0,0,0,0,0,0.0,0.0,0,0,0,0,0,1,50.0,0,12,5,41.67,0,24,2,0,24,57.14,47,145,323,468,47.2,0,0,532,0,0,0,Tim Ream,Fulham,118179,43,england,2021
19,28,22.95,247,25,64.1,404,176,552,76.24,48,35.04,89,36,0,1,0,0,,2,7,10,3,14,35,0,0,50,22,232,0,0,,,30,0,6.38,,3,3,43,40,3,3,0,,104,42.11,2,0,0,172,19,43,0,27,2484,9,,0,0,2,0,50.0,0,1,0,0,467,18,0,6.74,0,1,0,0,0,0,0,0,828.0,0.0,1,28,19,20,17,53,54.08,0,23,14,60.87,43,27,98,122,152,39.58,39,616,230,724,235.9,47,0,1345,28,2,0,Ivan Cavaleiro,Fulham,110950,43,england,2021
30,11,16.67,220,48,52.17,424,312,725,81.46,23,38.98,36,30,2,0,0,0,,1,1,9,5,27,30,0,0,36,68,204,0,0,,,43,0,6.9,,2,4,48,40,8,1,1,,173,50.73,0,0,2,165,27,20,0,28,2531,0,,0,0,0,0,0.0,0,0,0,0,353,14,0,6.74,0,2,0,0,0,0,0,0,1265.5,0.0,0,10,19,13,7,30,54.55,0,81,41,50.62,20,59,55,66,196,49.0,92,599,357,890,202.2,29,0,1459,63,11,0,Conor Gallagher,West Bromwich Albion,904970,8,england,2021
6,0,0.0,74,9,69.23,135,56,191,86.04,2,22.22,7,11,0,0,0,0,,0,1,3,0,1,10,0,0,5,7,29,0,0,,,5,0,10.0,,1,1,6,6,0,1,0,,27,55.1,0,0,0,31,3,8,0,4,428,1,,0,0,0,0,0.0,0,0,0,0,75,2,0,6.74,0,1,0,0,0,0,0,0,428.0,0.0,0,5,5,3,4,8,61.54,0,9,7,77.78,8,9,13,11,29,50.0,13,171,62,222,67.4,10,0,329,10,1,0,Morgan Gibbs-White,Wolverhampton,865912,3,england,2021
38,0,0.0,40,36,41.38,161,357,518,80.94,51,63.75,29,15,0,0,0,0,,0,1,2,2,57,15,0,0,0,7,42,1,0,,,6,0,25.0,,1,1,24,21,3,1,0,,15,53.57,1,0,0,122,18,1,0,15,1350,0,,0,0,0,0,0.0,0,0,0,0,128,2,0,6.74,0,0,0,0,0,0,0,0,1350.0,0.0,0,4,0,1,1,4,100.0,0,6,4,66.67,1,89,4,0,66,61.11,87,251,389,640,101.1,4,0,781,5,1,0,Scott Dann,Crystal Palace,20278,7,england,2021
23,1,14.29,301,22,73.33,591,301,891,92.24,14,43.75,18,24,2,0,0,0,,3,1,7,2,9,23,0,0,32,13,93,0,1,,,18,0,5.26,,1,3,14,14,0,1,0,,51,40.48,0,0,0,75,19,12,0,13,1178,1,,0,0,0,0,0.0,0,0,0,0,150,10,0,6.74,0,1,0,0,0,0,0,0,1178.0,0.0,0,12,7,3,9,22,64.71,0,16,6,37.5,12,36,34,7,65,41.14,30,649,324,966,155.0,19,0,1200,13,2,0,Curtis Jones,Liverpool,927353,44,england,2021
25,2,11.76,40,29,32.22,109,210,317,70.92,31,62.0,19,13,0,0,0,0,,1,1,0,2,35,13,0,0,1,10,45,0,1,,,13,0,33.33,,1,1,17,13,4,1,0,,25,49.02,1,0,0,130,13,4,0,12,1007,0,,1,0,0,0,0.0,0,0,0,0,167,1,0,6.74,0,0,0,0,0,0,0,0,1007.0,0.0,0,3,0,2,1,3,60.0,0,20,10,50.0,4,62,5,17,56,55.45,90,215,249,447,87.6,3,0,612,2,1,0,Kean Bryan,Sheffield United,284435,15,england,2021
5,3,37.5,40,4,66.67,70,41,108,79.41,9,40.91,13,11,0,0,0,0,,1,0,3,0,12,8,0,0,4,6,35,0,0,,,8,0,0.0,,0,0,14,13,1,0,0,,35,61.4,0,0,0,28,1,3,0,6,531,1,,0,0,0,0,0.0,0,0,0,0,50,3,0,6.74,0,0,0,0,0,0,0,0,0.0,0.0,1,3,1,0,1,4,50.0,0,17,12,70.59,3,8,8,8,44,55.7,6,98,46,136,53.9,4,0,244,14,2,0,Robert Snodgrass,West Bromwich Albion,9127,8,england,2021
30,15,24.19,210,38,31.15,491,452,928,77.33,29,43.94,37,27,3,0,0,0,,4,0,7,7,41,27,0,0,15,25,128,1,0,,,26,0,0.0,,0,3,31,30,1,0,0,,88,49.16,0,0,0,272,32,17,0,26,2248,1,,1,0,0,1,0.0,0,0,0,1,436,5,0,6.74,0,0,0,0,0,0,0,0,0.0,0.0,0,11,9,9,4,22,44.9,0,47,25,53.19,17,93,49,62,117,47.76,122,714,548,1200,181.9,20,1,1807,19,5,0,Sergio Reguilón,Tottenham Hotspur,858195,33,england,2021
8,2,66.67,105,9,69.23,204,133,335,90.54,2,20.0,8,17,1,0,0,0,,1,1,2,0,5,17,0,0,9,7,37,0,0,,,7,0,8.33,,1,2,5,4,1,0,1,,25,46.3,0,0,0,35,7,11,0,5,575,3,,0,0,0,0,0.0,0,0,0,0,68,7,0,6.74,0,1,0,0,0,0,0,0,575.0,0.0,1,7,5,7,3,6,46.15,0,9,2,22.22,11,16,13,3,27,42.19,13,231,142,370,114.5,12,0,479,10,1,0,Manuel Lanzini,West Ham United,220315,37,england,2021
14,0,0.0,125,16,59.26,208,112,320,80.81,8,28.57,20,21,1,0,0,0,,2,1,13,2,2,20,0,0,16,27,90,0,0,,,19,0,4.17,,1,2,14,14,0,0,1,,56,44.44,0,0,0,76,9,16,0,13,1116,0,,0,1,0,0,0.0,0,0,0,0,148,10,0,6.74,0,1,0,0,0,0,0,0,1116.0,0.0,1,6,18,8,3,16,61.54,0,26,12,46.15,15,22,26,11,64,41.56,27,279,128,396,134.7,24,0,616,15,1,0,Alexis Mac Allister,Brighton & Hove Albion,895324,30,england,2021
16,15,25.42,89,22,32.84,181,157,323,70.52,6,22.22,21,26,3,0,0,0,,7,1,11,2,24,26,0,0,25,25,115,0,0,,,23,1,6.67,,2,5,33,30,3,1,1,,100,51.55,0,0,1,135,14,19,0,17,1628,2,,0,0,0,0,0.0,0,0,0,0,291,11,0,6.73,0,2,0,0,0,0,0,0,814.0,16.67,6,10,20,10,9,39,61.9,0,39,24,61.54,19,56,63,59,106,47.96,67,316,201,458,175.0,30,0,946,23,3,0,Jacob Murphy,Newcastle United,372336,39,england,2021
13,6,15.0,124,10,47.62,209,89,292,74.87,18,28.57,45,28,0,0,0,0,,1,4,6,0,8,28,0,0,24,16,101,0,0,,,3,0,16.13,,5,5,42,34,8,5,0,,41,42.27,0,0,2,98,7,16,2,20,1567,8,,0,0,0,0,0.0,0,0,0,2,212,20,0,6.73,0,3,0,0,0,0,0,0,313.4,0.0,0,19,12,14,11,15,51.72,0,7,5,71.43,16,29,29,40,59,36.88,21,312,118,390,188.4,31,2,650,19,0,0,Callum Robinson,West Bromwich Albion,190851,8,england,2021
31,17,17.17,134,41,27.52,255,247,485,59.44,119,56.94,90,35,3,0,0,0,,4,2,3,6,78,35,0,0,10,23,167,0,0,,,34,0,3.85,,1,4,63,52,11,1,0,,86,52.76,0,0,1,331,49,16,0,32,2932,3,,1,0,0,2,0.0,0,0,0,0,592,3,0,6.73,0,1,0,0,0,0,0,0,2932.0,0.0,0,22,4,18,5,10,41.67,0,45,27,60.0,16,99,24,99,205,55.11,149,578,337,816,235.5,26,0,1616,33,5,0,Darnell Furlong,West Bromwich Albion,786022,8,england,2021
22,5,15.15,107,22,31.88,271,245,511,79.22,26,53.06,23,20,1,0,0,0,,1,0,1,4,45,19,0,0,2,17,65,0,2,,,19,0,0.0,,0,1,16,16,0,0,0,,43,50.59,0,0,1,134,18,8,0,14,1352,1,,0,0,0,0,0.0,0,0,0,1,204,2,0,6.73,0,0,0,0,0,0,0,0,0.0,0.0,0,2,1,2,0,3,42.86,0,27,17,62.96,8,57,7,33,69,51.49,69,381,297,645,127.8,3,0,976,13,1,0,Ben Davies,Tottenham Hotspur,94758,33,england,2021
7,0,0.0,32,20,46.51,155,341,496,88.26,24,58.54,17,12,0,0,0,0,,0,0,1,3,36,12,0,0,0,1,27,1,1,,,10,0,0.0,,0,0,17,16,1,0,0,,13,56.52,0,0,0,66,13,0,0,10,916,0,,0,0,0,0,0.0,0,0,0,0,75,0,0,6.73,0,0,0,0,0,0,0,0,0.0,0.0,0,2,0,1,0,4,100.0,0,5,5,100.0,0,17,4,0,37,57.81,43,181,381,562,80.7,2,0,663,4,3,0,Eric Bailly,Manchester United,606346,35,england,2021
3,0,0.0,37,5,62.5,66,18,84,61.76,52,65.0,28,18,0,0,0,0,,0,0,6,0,14,13,0,0,3,7,48,0,0,,,12,0,7.14,,1,1,8,8,0,1,0,,15,42.86,0,0,0,52,0,2,1,4,398,4,,0,0,0,0,0.0,0,0,0,0,77,0,0,6.72,0,0,0,0,0,0,0,0,398.0,0.0,0,12,2,6,2,2,50.0,0,3,1,33.33,2,6,4,0,67,58.26,8,110,26,136,87.4,14,0,219,10,1,0,Andy Carroll,Newcastle United,18998,39,england,2021
13,1,9.09,249,11,73.33,427,224,650,84.86,29,46.77,33,27,3,0,0,0,,1,9,6,5,20,26,0,0,25,21,119,1,0,,,27,0,12.12,,4,7,15,13,2,4,0,,51,37.23,0,0,0,116,4,18,4,18,1529,7,,0,0,0,0,0.0,0,0,0,2,234,11,0,6.72,0,0,0,0,0,0,0,0,382.25,0.0,0,28,5,11,16,19,51.35,0,18,9,50.0,18,16,37,11,80,40.2,15,516,261,766,174.7,33,1,1072,15,2,0,Kai Havertz,Chelsea,836705,38,england,2021
8,0,0.0,31,17,42.5,106,286,392,86.34,19,54.29,16,12,0,0,0,0,,0,0,1,0,24,12,0,0,3,4,28,0,0,,,3,0,33.33,,1,1,12,12,0,1,0,,13,52.0,1,0,0,62,12,0,0,8,719,0,,0,0,0,0,0.0,0,0,0,0,89,3,0,6.72,0,0,0,0,0,0,0,0,719.0,0.0,0,3,0,1,1,1,33.33,0,11,7,63.64,0,23,3,1,32,53.33,40,138,317,454,80.6,3,1,580,1,3,0,Daniel Amartey,Leicester City,308526,31,england,2021
4,1,25.0,37,3,20.0,75,87,161,80.9,12,46.15,14,6,0,0,0,0,,1,0,0,2,13,6,0,0,5,2,36,0,0,,,11,0,0.0,,0,0,8,8,0,0,0,,21,48.84,0,0,0,38,3,1,0,6,488,0,,0,0,0,0,0.0,0,0,0,0,56,3,0,6.72,0,0,0,0,0,0,0,0,0.0,0.0,0,2,0,1,1,9,69.23,0,5,4,80.0,1,10,13,4,33,47.83,15,89,114,199,40.3,2,0,305,7,2,0,Japhet Tanganga,Tottenham Hotspur,836693,33,england,2021
35,21,21.88,386,39,46.99,643,322,944,82.88,12,37.5,20,31,2,0,0,0,,2,0,6,5,10,31,0,0,24,57,157,0,1,,,33,0,0.0,,0,2,47,35,12,0,0,,109,44.31,0,0,1,195,28,33,0,29,2577,0,,0,0,0,0,0.0,0,0,0,0,354,10,0,6.72,0,0,0,0,0,0,0,0,0.0,0.0,0,4,13,6,5,30,55.56,0,51,33,64.71,33,87,54,96,121,43.53,83,869,366,1139,208.2,17,0,1564,28,4,0,John Fleck,Sheffield United,27999,15,england,2021
4,3,18.75,40,2,66.67,68,21,86,77.48,0,0.0,2,9,2,0,0,0,,3,0,7,0,0,9,0,0,9,2,22,0,0,,,1,0,0.0,,0,2,5,4,1,0,0,,22,52.38,0,0,0,25,2,6,0,1,274,2,,0,0,0,0,0.0,0,0,0,0,67,1,0,6.71,0,0,0,0,0,0,0,0,0.0,0.0,0,1,8,1,1,15,65.22,0,4,1,25.0,6,6,23,16,22,50.0,3,100,27,111,60.4,9,0,199,3,0,0,Cengiz Ünder,Leicester City,758876,31,england,2021
54,0,0.0,95,59,43.07,294,540,834,81.29,20,52.63,18,18,0,0,0,0,,1,1,1,4,57,18,0,0,5,21,55,0,2,,,8,0,0.0,,0,0,39,33,6,0,0,,45,54.88,0,0,0,192,28,6,0,17,1539,0,,0,0,0,0,0.0,0,0,0,0,226,2,0,6.71,0,0,0,0,0,0,0,0,0.0,0.0,0,6,0,2,3,2,40.0,0,34,19,55.88,6,114,5,2,65,54.17,137,419,609,1026,120.8,6,1,1275,9,2,0,Jack Stephens,Southampton,134361,45,england,2021
26,5,12.2,214,26,38.24,356,238,589,77.5,16,28.57,40,33,2,0,0,0,,2,3,12,3,34,32,0,0,24,21,143,0,0,,,38,0,14.71,,5,7,32,30,2,5,0,,78,43.09,1,0,2,171,21,14,0,28,2382,3,,0,0,0,0,0.0,0,0,0,1,320,13,0,6.71,0,4,0,0,0,0,0,0,476.4,0.0,1,26,8,13,9,27,51.92,0,31,15,48.39,14,62,52,41,94,39.66,68,525,276,760,214.7,34,0,1170,20,7,0,Bobby Decordova-Reid,Fulham,151499,43,england,2021
12,5,45.45,98,15,60.0,193,112,300,83.33,9,47.37,10,11,0,0,0,0,,0,0,3,0,2,11,0,0,5,12,32,0,0,,,5,0,0.0,,0,0,11,10,1,0,0,,31,58.49,0,0,0,60,4,5,0,5,544,0,,0,0,0,0,0.0,0,0,0,0,86,2,0,6.71,0,0,0,0,0,0,0,0,0.0,0.0,0,1,7,3,2,8,88.89,0,13,10,76.92,5,22,9,11,40,55.56,25,241,130,360,73.8,8,0,454,12,0,0,Filip Krovinović,West Bromwich Albion,322417,8,england,2021
8,3,15.79,38,8,33.33,82,54,133,72.28,6,42.86,8,14,0,0,0,0,,1,0,1,0,6,12,0,0,6,2,23,0,0,,,6,0,33.33,,1,1,10,10,0,1,0,,18,54.55,0,0,0,51,11,4,0,5,534,0,,0,0,0,0,0.0,0,0,0,0,84,2,0,6.71,0,1,0,0,0,0,0,0,534.0,0.0,0,1,2,1,1,4,66.67,0,11,5,45.45,4,20,6,19,24,51.06,24,130,73,184,80.5,3,0,291,3,1,0,Ben Johnson,West Ham United,914412,37,england,2021
54,0,0.0,27,253,35.43,200,257,457,49.62,11,91.67,1,37,0,0,0,0,,0,0,0,8,33,37,1,0,0,0,1,1,0,,,0,0,0.0,,0,0,64,53,11,0,0,,4,100.0,0,16,0,464,1,0,0,37,3330,0,,0,0,0,0,0.0,4,0,1,0,471,0,22,6.71,0,0,8,72,33,106,2,14,0.0,0.0,0,0,0,0,0,0,0.0,7,1,1,100.0,0,128,0,0,15,93.75,714,591,330,921,248.2,0,1,1250,5,2,0,Vicente Guaita,Crystal Palace,32023,7,england,2021
9,7,33.33,144,6,54.55,246,122,361,76.81,13,27.66,34,25,1,0,0,0,,0,4,13,0,7,25,0,0,24,35,153,0,0,,,31,0,6.45,,2,3,21,19,2,1,1,,83,41.09,0,0,2,109,10,24,0,15,1332,7,,0,1,0,0,0.0,0,0,0,0,221,11,0,6.71,0,2,0,0,0,0,0,0,666.0,0.0,1,22,9,5,13,29,49.15,0,32,15,46.88,23,22,59,21,96,38.55,11,353,138,470,167.7,31,1,798,23,2,0,Ayoze Pérez,Leicester City,345195,31,england,2021
12,4,28.57,80,9,75.0,195,107,298,90.3,0,0.0,1,19,1,0,0,0,,1,1,2,0,1,18,0,0,3,5,20,0,0,,,8,0,0.0,,0,1,8,8,0,0,0,,20,51.28,0,0,0,32,3,12,0,5,537,1,,0,0,0,0,0.0,0,0,0,0,68,3,0,6.7,0,0,0,0,0,0,0,0,0.0,0.0,0,3,5,2,4,8,66.67,0,7,3,42.86,12,16,12,14,20,50.0,12,231,113,330,120.6,8,0,411,5,0,0,Vitinha,Wolverhampton,902029,3,england,2021
0,0,0.0,11,1,100.0,28,26,54,87.1,2,66.67,1,1,0,0,0,0,,0,0,0,0,0,1,0,0,0,0,2,0,0,,,1,0,0.0,,0,0,1,1,0,0,0,,0,0.0,0,0,0,8,1,0,0,1,90,0,,0,0,0,0,0.0,0,0,0,0,10,1,0,6.7,0,0,0,0,0,0,0,0,0.0,0.0,0,0,0,0,0,0,0.0,0,0,0,0.0,0,0,0,1,2,50.0,1,37,26,62,6.7,0,0,71,1,0,0,Sead Kolašinac,Arsenal,142148,42,england,2021
0,0,0.0,5,1,100.0,6,1,7,77.78,0,0.0,0,1,0,0,0,0,,0,0,0,0,0,1,0,0,0,0,1,0,0,,,0,0,0.0,,0,0,0,0,0,0,0,,1,50.0,0,0,0,2,0,0,0,0,18,0,,0,0,0,0,0.0,0,0,0,0,6,0,0,6.7,0,0,0,0,0,0,0,0,0.0,0.0,1,0,1,1,0,0,0.0,0,1,1,100.0,0,0,1,2,1,50.0,1,10,1,9,6.7,1,0,16,0,0,0,Demarai Gray,Leicester City,355152,31,england,2021
2,0,0.0,1,9,32.14,7,10,17,47.22,1,100.0,0,1,0,0,0,0,,0,0,0,0,2,1,0,0,0,0,0,0,0,,,0,0,0.0,,0,0,2,2,0,0,0,,0,0.0,0,0,0,19,0,0,0,1,90,0,,0,0,0,0,0.0,0,0,0,0,19,0,2,6.7,0,0,0,1,3,4,0,0,0.0,0.0,0,0,0,0,0,0,0.0,0,0,0,0.0,0,4,0,0,1,100.0,28,25,11,36,6.7,0,0,43,0,0,0,David Button,West Bromwich Albion,32673,8,england,2021
2,0,0.0,8,4,28.57,18,37,55,71.43,5,33.33,10,2,0,0,0,0,,0,0,0,0,7,2,0,0,0,1,12,0,0,,,0,0,0.0,,0,0,3,3,0,0,0,,3,60.0,0,0,0,22,2,0,0,2,180,1,,0,0,0,0,0.0,0,0,0,0,27,0,0,6.7,0,0,0,0,0,0,0,0,0.0,0.0,0,0,0,0,0,0,0.0,0,3,1,33.33,0,11,1,1,8,40.0,14,35,43,77,13.4,0,0,101,0,0,0,Jack O'Connell,Sheffield United,282649,15,england,2021
9,2,50.0,53,8,53.33,113,35,146,62.13,53,36.81,91,16,2,0,0,0,,2,11,1,1,16,15,0,0,19,3,134,0,0,,,17,0,12.0,,3,5,17,17,0,3,0,,36,45.57,2,0,1,89,1,9,0,14,1194,17,,0,0,0,0,0.0,0,0,0,0,144,5,0,6.69,0,1,0,0,0,0,0,0,398.0,0.0,0,23,2,14,10,10,62.5,0,4,3,75.0,9,17,16,4,89,39.91,15,188,51,235,100.4,25,0,395,23,2,0,Mbaye Diagne,West Bromwich Albion,346790,8,england,2021
2,2,10.0,111,1,50.0,170,66,234,81.25,5,25.0,15,15,1,0,0,0,,2,1,8,3,5,15,0,0,9,15,64,0,0,,,14,0,17.65,,3,4,7,5,2,3,0,,40,44.94,0,0,0,54,0,10,1,11,917,4,,0,0,0,0,0.0,0,0,0,0,122,4,0,6.69,0,2,0,0,0,0,0,0,305.67,0.0,0,12,5,3,6,11,47.83,0,15,9,60.0,10,9,23,20,45,41.28,2,227,81,288,100.4,17,0,461,14,3,0,Daniel James,Manchester United,828639,35,england,2021
17,4,13.33,120,14,40.0,280,188,464,83.91,8,40.0,12,13,1,0,0,0,,0,0,2,5,9,13,0,0,5,16,50,0,1,,,14,0,33.33,,2,3,10,8,2,2,0,,24,38.71,0,0,0,89,5,5,1,11,955,1,,0,0,0,1,0.0,0,0,0,0,150,5,0,6.69,0,1,0,0,0,0,0,0,477.5,0.0,0,4,2,2,2,11,78.57,0,13,9,69.23,5,32,14,30,32,39.02,35,372,211,553,87.0,6,0,768,0,2,0,Benjamin Mendy,Manchester City,139225,17,england,2021
6,1,33.33,93,7,53.85,186,128,313,87.92,4,30.77,9,10,0,0,0,0,,1,0,6,1,5,10,0,0,8,10,42,0,0,,,13,0,0.0,,0,0,8,7,1,0,0,,21,38.89,0,0,0,43,9,6,0,7,523,0,,0,0,0,0,0.0,0,0,0,0,72,3,0,6.69,0,0,0,0,0,0,0,0,0.0,0.0,0,3,6,1,2,8,80.0,0,11,5,45.45,6,12,10,3,25,37.31,13,221,138,356,66.9,9,0,454,2,1,0,Naby Keïta,Liverpool,365772,44,england,2021
7,0,0.0,27,8,53.33,78,117,195,89.86,0,0.0,0,8,0,0,0,0,,0,0,0,0,7,8,0,0,0,2,8,0,1,,,3,0,0.0,,0,0,6,2,4,0,0,,19,70.37,0,0,0,22,4,2,0,2,266,0,,0,0,0,0,0.0,0,0,0,0,36,1,0,6.69,0,0,0,0,0,0,0,0,0.0,0.0,0,0,1,1,0,7,70.0,0,5,2,40.0,2,18,10,7,19,70.37,15,102,122,217,53.5,1,0,281,7,1,0,Fabian Delph,Everton,24048,48,england,2021
27,0,0.0,166,37,66.07,424,513,937,93.05,8,25.0,24,23,0,0,0,0,,0,0,2,5,20,23,0,0,4,21,62,0,2,,,10,0,11.11,,1,1,20,18,2,1,0,,27,41.54,0,0,1,70,24,4,0,17,1553,0,,0,0,0,0,0.0,0,0,0,0,89,3,0,6.69,0,1,0,0,0,0,0,0,1553.0,0.0,0,4,5,4,3,4,57.14,0,14,6,42.86,4,40,7,2,35,36.08,56,470,539,1007,153.8,9,0,1144,10,3,0,Mohamed Elneny,Arsenal,159675,42,england,2021
2,0,0.0,10,1,33.33,15,9,24,52.17,14,46.67,16,9,0,0,0,0,,0,1,1,1,5,7,0,0,7,0,35,0,0,,,11,0,14.29,,1,1,2,2,0,1,0,,9,32.14,0,0,0,22,2,2,0,3,305,2,,0,0,0,0,0.0,0,0,0,0,49,1,0,6.69,0,1,0,0,0,0,0,0,305.0,0.0,0,7,0,2,4,3,75.0,0,3,1,33.33,2,5,4,2,23,39.66,3,37,11,46,46.8,7,0,108,3,2,0,Carlos Vinícius,Tottenham Hotspur,891920,33,england,2021
12,5,19.23,155,6,26.09,303,130,428,75.22,23,35.94,41,30,4,0,0,0,,3,1,5,2,10,27,0,0,37,21,158,0,0,,,23,0,16.67,,3,7,18,17,1,3,0,,112,48.91,1,0,0,141,18,16,2,14,1402,3,,0,0,0,0,0.0,0,0,0,0,292,9,0,6.69,0,0,0,0,0,0,0,0,467.33,0.0,0,13,5,7,6,33,47.14,0,32,16,50.0,16,21,70,26,135,46.08,23,431,164,569,180.5,18,0,951,47,1,0,Lucas Moura,Tottenham Hotspur,149710,33,england,2021
16,0,0.0,140,17,56.67,283,256,539,85.56,12,57.14,9,33,0,0,0,0,,2,1,3,2,23,31,0,0,9,20,62,0,0,,,21,0,25.0,,2,2,39,33,6,1,1,,53,50.0,0,0,0,91,29,12,2,19,1817,0,,0,0,0,0,0.0,0,0,0,0,139,7,0,6.68,0,0,0,0,0,0,0,0,908.5,0.0,0,3,5,3,2,13,68.42,0,34,15,44.12,12,27,19,2,65,51.18,30,347,285,630,207.2,8,0,857,6,4,0,Jaïro Riedewald,Crystal Palace,285989,7,england,2021
36,8,20.0,204,30,39.47,378,393,763,80.15,11,45.83,13,22,1,0,0,0,,1,2,4,4,32,21,0,0,6,24,65,0,2,,,11,0,0.0,,0,1,36,30,6,0,0,,48,48.0,0,0,0,189,30,12,0,20,1775,3,,0,0,0,0,0.0,0,0,0,0,300,3,0,6.68,0,0,0,0,0,0,0,0,0.0,0.0,3,9,9,9,5,10,45.45,0,35,22,62.86,12,79,22,40,59,47.58,76,548,444,952,140.3,18,1,1395,3,2,0,Patrick van Aanholt,Crystal Palace,74577,7,england,2021
22,0,0.0,27,28,58.33,101,206,307,90.03,12,63.16,7,5,0,0,0,0,,0,0,1,1,8,5,0,0,0,0,10,1,0,,,4,0,25.0,,1,1,11,9,2,1,0,,5,62.5,1,0,0,34,5,0,0,5,371,1,,0,0,0,0,0.0,0,0,0,0,36,2,0,6.68,0,0,0,0,0,0,0,0,371.0,0.0,0,3,1,1,2,0,0.0,0,3,2,66.67,0,39,0,0,17,62.96,48,128,213,341,33.4,4,0,367,2,1,0,Virgil van Dijk,Liverpool,151545,44,england,2021
8,1,4.55,53,5,31.25,84,42,125,72.67,5,20.0,20,8,0,0,0,0,,0,0,1,0,6,8,0,0,4,12,50,0,0,,,10,0,0.0,,0,0,10,7,3,0,0,,36,54.55,0,0,0,47,5,2,0,7,551,0,,0,0,0,0,0.0,0,0,0,0,91,2,0,6.68,0,0,0,0,0,0,0,0,0.0,0.0,0,1,1,0,1,7,63.64,0,26,11,42.31,2,19,11,22,41,45.05,16,134,60,172,53.4,2,0,312,3,1,0,Max Lowe,Sheffield United,355154,15,england,2021
6,2,8.7,131,15,55.56,247,128,373,85.55,17,53.13,15,15,1,0,0,0,,2,0,3,0,18,15,0,0,13,8,61,0,0,,,14,0,10.0,,1,2,23,17,6,1,0,,39,45.88,0,0,0,63,4,13,0,13,1120,2,,0,0,1,0,100.0,0,1,0,0,136,5,0,6.67,0,1,0,0,0,0,0,0,1120.0,0.0,0,8,2,5,2,20,62.5,0,16,7,43.75,13,10,32,23,56,47.86,27,316,143,436,100.1,10,0,629,4,4,0,Sander Berge,Sheffield United,793167,15,england,2021
18,0,0.0,175,25,69.44,493,392,885,90.96,8,36.36,14,23,1,0,0,0,,0,0,1,3,7,22,0,0,11,13,65,0,0,,,21,0,0.0,,0,1,25,23,2,0,0,,61,54.46,0,0,0,88,14,5,0,15,1462,0,,0,0,0,0,0.0,0,0,0,0,127,8,0,6.67,0,0,0,0,0,0,0,0,0.0,0.0,0,0,4,1,2,6,50.0,0,26,17,65.38,5,28,12,1,69,51.49,36,552,422,973,146.8,4,0,1147,29,5,0,Nampalys Mendy,Leicester City,123166,31,england,2021
5,0,0.0,66,6,60.0,129,106,235,86.08,2,28.57,5,19,1,0,0,0,,1,0,0,0,6,18,0,0,8,8,29,0,0,,,5,0,50.0,,1,2,12,10,2,1,0,,29,54.72,0,0,0,38,6,3,0,4,532,0,,0,0,0,0,0.0,0,0,0,1,60,7,0,6.67,0,1,0,0,0,0,0,0,532.0,0.0,0,1,1,1,1,8,72.73,0,15,10,66.67,3,10,11,0,31,51.67,10,159,114,273,120.1,2,0,370,6,1,0,Donny van de Beek,Manchester United,361790,35,england,2021
6,4,21.05,91,6,40.0,170,77,243,82.65,2,16.67,10,15,1,0,0,0,,2,0,4,0,3,14,0,0,9,9,50,0,0,,,12,0,12.5,,1,2,11,10,1,0,1,,22,35.48,0,0,0,51,7,7,0,10,731,0,,0,0,0,0,0.0,0,0,0,0,98,4,0,6.67,0,1,0,0,0,0,0,0,731.0,0.0,0,5,3,2,2,6,37.5,0,14,7,50.0,7,12,16,19,24,32.43,15,225,88,294,93.4,8,0,422,2,0,0,Dennis Praet,Leicester City,135647,31,england,2021
3,1,33.33,104,3,60.0,149,20,168,71.19,37,29.37,89,28,2,0,0,0,,4,7,8,1,5,26,0,0,22,7,134,0,0,,,6,0,8.57,,3,5,24,21,3,2,1,,36,44.44,0,0,0,68,6,14,2,15,1370,12,,0,0,0,0,0.0,0,0,0,0,157,18,0,6.67,0,1,0,0,0,0,0,0,456.67,0.0,0,31,4,17,10,16,61.54,0,9,5,55.56,14,5,26,3,73,35.27,5,212,27,236,173.4,35,0,457,13,0,0,Matěj Vydra,Burnley,58488,6,england,2021
5,1,20.0,76,1,11.11,145,91,235,72.76,34,32.08,72,32,3,0,0,0,,1,4,16,0,5,29,0,0,21,8,131,0,1,,,20,0,8.33,,4,7,29,28,1,4,0,,34,36.56,0,0,2,88,4,11,1,11,1361,5,,0,0,1,0,100.0,0,1,0,1,180,8,0,6.67,0,3,0,0,0,0,0,0,340.25,0.0,0,46,2,15,17,7,33.33,0,6,4,66.67,11,10,21,5,68,34.17,9,223,105,323,193.4,48,0,554,21,2,0,Fábio Silva,Wolverhampton,954076,3,england,2021
9,9,20.45,194,8,32.0,290,116,397,82.02,3,18.75,13,30,6,0,0,0,,5,3,7,1,4,29,0,0,33,20,115,0,0,,,14,0,2.86,,1,7,19,15,4,0,1,,80,43.96,0,0,0,87,8,28,0,14,1401,2,,0,1,0,1,0.0,0,0,0,0,252,14,0,6.67,0,1,0,0,0,0,0,0,1401.0,0.0,1,12,23,16,12,42,52.5,0,24,15,62.5,27,25,80,44,83,41.92,25,395,133,484,193.4,35,0,844,15,0,0,Saïd Benrahma,West Ham United,354808,37,england,2021
8,3,17.65,75,10,25.0,174,119,290,71.6,20,45.45,24,14,0,0,0,0,,1,0,2,1,19,14,0,0,12,7,64,0,0,,,10,0,14.29,,1,1,18,17,1,1,0,,45,52.94,0,0,0,115,17,7,1,12,969,0,,0,0,0,0,0.0,0,0,0,1,180,2,0,6.66,0,0,0,0,0,0,0,0,969.0,0.0,0,6,1,2,3,6,33.33,0,23,14,60.87,7,27,18,17,65,50.39,40,265,157,405,93.3,7,0,674,16,2,0,Luke Thomas,Leicester City,991584,31,england,2021
20,5,45.45,50,24,46.15,118,140,253,76.44,9,60.0,6,16,0,0,0,0,,0,0,1,0,11,14,0,0,1,13,27,0,0,,,6,0,0.0,,0,0,15,12,3,0,0,,22,51.16,0,0,0,78,8,5,0,10,828,0,,0,0,0,0,0.0,0,0,0,0,96,4,0,6.66,0,0,0,0,0,0,0,0,0.0,0.0,0,0,1,0,0,2,66.67,0,16,12,75.0,5,39,3,11,31,53.45,52,172,170,331,93.3,1,0,432,4,1,0,James McCarthy,Crystal Palace,39283,7,england,2021
20,14,17.07,223,24,26.09,485,482,953,79.62,38,41.3,54,29,1,0,0,0,,1,0,0,8,37,29,0,0,8,18,110,1,0,,,29,0,0.0,,0,1,51,45,6,0,0,,97,63.4,0,0,0,244,30,14,0,29,2599,3,,0,0,0,1,0.0,0,0,0,0,423,8,0,6.66,0,0,0,0,0,0,0,0,0.0,0.0,0,4,4,5,3,3,33.33,0,60,32,53.33,14,88,9,82,135,55.1,92,728,551,1197,193.2,8,0,1864,35,5,0,Ryan Bertrand,Southampton,20756,45,england,2021
3,1,4.17,43,3,15.79,84,42,125,79.62,3,37.5,5,6,0,0,0,0,,0,0,1,0,4,5,0,0,3,4,17,0,0,,,3,0,0.0,,0,0,1,1,0,0,0,,16,57.14,0,0,0,32,6,3,0,3,248,0,,0,0,0,1,0.0,0,0,0,0,65,1,0,6.66,0,0,0,0,0,0,0,0,0.0,0.0,0,2,0,1,0,5,71.43,0,6,5,83.33,3,14,7,24,19,52.78,19,129,52,157,33.3,2,0,259,6,1,0,Neco Williams,Liverpool,927356,44,england,2021
25,1,50.0,112,26,40.63,288,291,578,84.88,7,58.33,5,15,0,0,0,0,,0,0,2,0,11,15,0,0,3,15,35,0,1,,,11,0,0.0,,0,0,16,15,1,0,0,,32,51.61,0,0,0,103,11,4,0,9,861,0,,0,0,0,0,0.0,0,0,0,0,114,5,0,6.66,0,0,0,0,0,0,0,0,0.0,0.0,0,0,4,1,1,4,80.0,0,16,9,56.25,4,58,5,2,39,52.7,64,359,324,681,99.9,4,0,779,12,5,0,Harry Winks,Tottenham Hotspur,545780,33,england,2021
16,7,16.28,70,24,42.11,162,88,243,69.23,19,47.5,21,19,1,0,0,0,,2,0,5,3,25,19,0,0,9,23,78,1,0,,,21,0,6.25,,1,2,6,6,0,0,1,,42,42.42,0,0,0,108,9,7,0,12,1054,1,,0,0,0,0,0.0,0,0,0,0,179,8,0,6.66,0,1,0,0,0,0,0,0,1054.0,0.0,4,8,8,6,5,11,73.33,0,22,15,68.18,7,41,15,43,61,43.88,57,279,115,351,126.5,16,0,578,9,3,0,Robbie Brady,Burnley,267621,6,england,2021
32,6,24.0,95,50,57.47,254,207,455,81.54,11,36.67,19,22,1,0,0,0,,1,2,5,2,13,21,0,0,6,24,75,1,1,,,22,0,0.0,,0,1,26,23,3,0,0,,56,50.0,0,0,1,103,19,12,0,15,1418,0,,0,0,0,0,0.0,0,0,0,0,153,3,0,6.66,0,0,0,0,0,0,0,0,0.0,0.0,1,6,9,5,5,4,44.44,0,31,14,45.16,12,57,9,25,67,47.18,87,346,237,558,139.8,15,0,786,21,2,0,Sean Longstaff,Newcastle United,866191,39,england,2021
4,0,0.0,33,2,20.0,70,69,139,76.37,5,71.43,2,7,0,0,0,0,,0,0,0,1,7,7,0,0,7,7,28,0,0,,,7,0,0.0,,0,0,4,4,0,0,0,,25,49.02,0,0,0,43,9,2,0,7,499,0,,0,0,0,0,0.0,0,0,0,0,79,3,0,6.66,0,0,0,0,0,0,0,0,0.0,0.0,0,1,0,1,0,3,37.5,0,11,5,45.45,2,11,8,9,30,51.72,10,107,84,182,46.6,1,0,324,11,0,0,Jonny Otto,Wolverhampton,235648,3,england,2021
5,1,6.25,44,6,66.67,83,35,117,84.78,5,62.5,3,9,0,0,0,0,,0,0,0,0,1,9,0,0,3,3,18,0,0,,,6,0,0.0,,0,0,4,4,0,0,0,,19,55.88,0,0,0,21,4,1,0,3,291,2,,0,0,0,0,0.0,0,0,0,0,52,4,0,6.66,0,0,0,0,0,0,0,0,0.0,0.0,0,0,2,2,0,4,57.14,0,7,4,57.14,1,11,7,16,24,57.14,9,116,38,138,59.9,2,0,216,8,3,0,Morgan Sanson,Aston Villa,250133,40,england,2021
7,2,20.0,65,5,38.46,137,135,270,81.82,8,42.11,11,15,1,0,0,0,,2,3,3,0,3,13,0,0,16,12,63,0,0,,,10,0,0.0,,0,1,9,9,0,0,0,,41,44.09,0,0,1,60,7,9,0,7,623,1,,0,0,0,0,0.0,0,0,0,0,114,5,0,6.65,0,0,0,0,0,0,0,0,0.0,0.0,0,9,3,5,4,11,44.0,0,18,11,61.11,9,15,25,10,49,43.75,13,191,149,330,86.5,12,0,484,12,0,0,Dele Alli,Tottenham Hotspur,198028,33,england,2021
18,1,7.69,53,19,51.35,128,122,249,82.72,11,57.89,8,13,0,0,0,0,,0,0,1,1,19,13,0,0,2,5,33,0,0,,,12,0,0.0,,0,0,9,6,3,0,0,,23,47.92,0,0,0,52,12,4,0,7,628,0,,0,0,0,0,0.0,0,0,0,0,91,0,0,6.65,0,0,0,0,0,0,0,0,0.0,0.0,0,0,2,1,0,7,53.85,0,13,5,38.46,4,28,13,13,34,50.75,37,168,146,301,86.5,2,0,479,3,2,0,Marçal,Wolverhampton,143593,3,england,2021
10,5,16.13,130,21,48.84,248,105,348,79.63,19,41.3,27,22,0,0,0,0,,0,2,2,0,17,22,0,0,12,12,79,0,0,,,11,0,10.53,,2,2,24,22,2,2,0,,45,46.39,0,0,2,89,17,9,2,16,1366,1,,0,0,0,0,0.0,0,0,0,0,167,12,0,6.65,0,0,0,0,0,0,0,0,683.0,0.0,1,7,12,9,8,10,37.04,0,19,11,57.89,9,25,27,31,64,44.76,43,341,127,437,146.3,19,0,656,16,2,0,Jóhann Guðmundsson,Burnley,49805,6,england,2021
1,2,18.18,8,2,66.67,11,5,14,82.35,0,0.0,0,2,0,0,0,0,,0,0,0,0,1,2,0,0,2,0,6,0,0,,,2,0,0.0,,0,0,0,0,0,0,0,,3,33.33,0,0,0,3,1,0,0,0,70,0,,0,0,0,0,0.0,0,0,0,0,18,1,0,6.65,0,0,0,0,0,0,0,0,0.0,0.0,0,1,0,1,0,1,25.0,0,1,0,0.0,0,2,4,11,3,33.33,3,22,6,17,13.3,1,0,44,1,0,0,Reiss Nelson,Arsenal,826139,42,england,2021
13,3,13.04,87,8,72.73,184,100,281,83.14,6,33.33,12,23,0,0,0,0,,2,0,6,0,1,23,0,0,13,13,77,0,0,,,24,0,4.76,,1,1,17,17,0,1,0,,52,44.44,0,0,3,57,6,11,1,5,711,0,,0,2,0,0,0.0,0,0,0,0,129,9,0,6.65,1,0,0,0,0,0,0,0,711.0,0.0,4,9,12,6,9,25,62.5,0,17,9,52.94,9,20,40,23,58,42.96,11,247,114,338,152.9,21,0,524,10,4,1,Erik Lamela,Tottenham Hotspur,122702,33,england,2021
39,11,17.19,273,57,38.78,523,414,926,78.14,35,51.47,33,30,1,0,0,0,,2,2,3,4,75,30,0,0,29,25,134,0,1,,,33,0,0.0,,0,1,54,43,11,0,0,,89,46.84,0,0,0,259,22,17,0,30,2700,3,,0,0,0,0,0.0,0,0,0,0,443,1,0,6.65,0,0,0,0,0,0,0,0,0.0,0.0,0,12,4,9,4,20,57.14,0,59,26,44.07,17,108,35,64,124,48.06,147,766,483,1185,199.4,16,0,1854,10,6,0,Enda Stevens,Sheffield United,372324,15,england,2021
5,0,0.0,99,3,37.5,153,48,201,73.36,42,36.21,74,31,2,0,0,0,,3,3,10,2,6,29,0,0,22,15,155,0,0,,,31,0,3.23,,1,3,25,25,0,1,0,,55,40.44,1,0,0,73,2,6,0,12,1273,14,,0,0,0,0,0.0,0,0,0,0,168,13,0,6.64,0,0,0,0,0,0,0,0,1273.0,0.0,0,20,11,12,9,12,42.86,0,25,16,64.0,6,5,28,4,97,38.49,8,213,65,274,192.7,31,1,517,18,3,0,Jay Rodriguez,Burnley,26989,6,england,2021
4,0,0.0,19,7,77.78,50,48,98,82.35,5,71.43,2,7,0,0,0,0,,0,0,3,0,1,7,0,0,5,3,19,0,0,,,8,0,0.0,,0,0,4,3,1,0,0,,14,45.16,0,0,0,21,8,0,0,3,258,0,,0,0,0,0,0.0,0,0,0,0,31,0,0,6.64,0,0,0,0,0,0,0,0,0.0,0.0,0,1,3,1,0,1,50.0,0,11,6,54.55,0,10,2,0,19,50.0,9,69,50,119,46.5,4,0,166,2,1,0,Dale Stephens,Burnley,21299,6,england,2021
13,4,44.44,219,9,50.0,409,178,583,80.3,45,36.29,79,31,0,0,0,0,,2,5,10,6,14,31,0,0,42,16,198,0,0,,,29,0,2.86,,1,1,22,20,2,1,0,,116,49.36,0,0,0,143,7,17,0,22,1982,3,,0,0,0,0,0.0,0,0,0,1,310,17,0,6.64,0,1,0,0,0,0,0,0,1982.0,0.0,0,25,10,15,10,38,50.67,0,25,14,56.0,17,28,75,9,161,44.85,18,520,215,726,205.9,35,0,1158,53,3,0,Ruben Loftus-Cheek,Fulham,284441,43,england,2021
55,0,0.0,57,63,42.57,135,313,448,77.11,16,39.02,25,18,0,0,0,0,,0,1,3,2,51,17,0,1,5,12,70,1,0,,,22,0,8.33,,1,1,21,17,4,1,0,,35,43.75,0,0,0,133,27,0,0,13,1247,1,,0,0,1,0,100.0,0,1,0,0,162,1,0,6.64,1,1,0,0,0,0,0,0,1247.0,0.0,3,4,8,4,5,7,50.0,0,13,4,30.77,0,116,14,6,51,42.15,148,233,354,581,112.9,12,0,794,15,4,0,Fabian Schär,Newcastle United,101882,39,england,2021
9,0,0.0,49,6,54.55,109,89,198,88.0,2,50.0,2,5,0,0,0,0,,0,0,1,1,1,5,0,0,0,5,12,0,0,,,2,0,0.0,,0,0,2,2,0,0,0,,7,41.18,0,0,0,27,3,3,0,3,259,0,,0,0,0,1,0.0,0,0,0,0,35,0,0,6.64,0,0,0,0,0,0,0,0,0.0,0.0,0,0,1,0,0,1,25.0,0,4,2,50.0,3,14,4,2,9,42.86,11,128,99,225,33.2,1,0,255,2,0,0,Billy Gilmour,Chelsea,907668,38,england,2021
11,12,19.67,123,16,34.78,273,279,540,86.12,5,17.86,23,21,1,0,0,0,,1,0,5,3,18,20,0,0,19,14,99,0,0,,,15,0,6.67,,1,2,23,23,0,1,0,,74,49.33,0,0,0,87,15,14,1,16,1403,1,,0,0,0,1,0.0,0,0,0,0,222,4,0,6.64,0,0,0,0,0,0,0,0,1403.0,0.0,0,9,6,4,6,26,48.15,0,29,16,55.17,14,29,54,61,79,44.38,46,367,321,627,132.7,15,0,1063,19,1,0,Rayan Aït-Nouri,Wolverhampton,931278,3,england,2021
2,4,12.9,171,10,45.45,317,200,513,81.04,31,24.6,95,33,3,0,0,0,,0,2,12,4,10,33,0,0,60,28,263,0,0,,,45,0,3.85,,1,4,42,36,6,1,0,,151,47.34,0,0,0,120,16,13,0,23,2102,5,,0,0,0,0,0.0,0,0,0,0,338,16,0,6.63,0,1,0,0,0,0,0,0,2102.0,0.0,0,18,8,3,11,52,58.43,0,38,26,68.42,13,11,89,31,182,40.9,22,429,235,633,218.9,26,0,1148,63,4,0,Jordan Ayew,Crystal Palace,103045,7,england,2021
2,0,0.0,18,3,42.86,39,22,61,83.56,2,33.33,4,3,0,0,0,0,,0,0,0,0,1,3,0,0,2,2,11,0,0,,,3,0,0.0,,0,0,5,5,0,0,0,,8,53.33,0,0,0,12,2,0,0,2,173,0,,0,0,0,0,0.0,0,0,0,0,21,0,0,6.63,0,0,0,0,0,0,0,0,0.0,0.0,0,0,1,0,1,0,0.0,0,6,3,50.0,0,6,0,5,10,47.62,7,51,27,73,19.9,1,0,102,2,0,0,Will Smallbone,Southampton,970435,45,england,2021
7,5,17.24,99,7,43.75,197,106,298,74.5,11,31.43,24,22,3,0,0,0,,1,2,5,2,3,22,0,0,27,21,119,0,0,,,13,0,10.34,,3,6,28,24,4,3,0,,70,42.42,0,0,1,102,14,17,0,20,1641,8,,0,0,0,0,0.0,0,0,0,0,249,13,0,6.63,0,3,0,0,0,0,0,0,547.0,0.0,0,17,12,13,11,17,33.33,0,23,11,47.83,17,20,51,29,81,40.5,16,290,139,400,145.9,29,0,716,30,0,0,Theo Walcott,Southampton,10501,45,england,2021
13,1,20.0,115,17,44.74,250,170,419,83.8,33,53.23,29,16,0,0,0,0,,0,0,4,4,19,16,0,0,13,20,83,0,0,,,21,0,0.0,,0,0,24,22,2,0,0,,42,43.75,0,0,0,81,16,8,0,15,1353,0,,0,0,0,0,0.0,0,0,0,0,116,12,0,6.63,0,0,0,0,0,0,0,0,0.0,0.0,0,3,2,1,0,5,71.43,0,26,10,38.46,8,30,7,5,75,47.47,38,314,191,500,106.1,5,0,671,12,2,0,Jack Cork,Burnley,20993,6,england,2021
24,1,11.11,137,30,54.55,288,355,642,84.36,16,42.11,22,25,0,0,0,0,,0,0,2,4,22,24,0,0,14,12,78,0,0,,,22,0,0.0,,0,0,22,21,1,0,0,,49,46.67,0,0,0,119,23,4,0,15,1577,0,,0,0,0,0,0.0,0,0,0,0,176,4,0,6.63,0,0,0,0,0,0,0,0,0.0,0.0,0,3,0,0,1,18,66.67,0,22,16,72.73,4,41,27,9,65,45.45,55,368,402,761,159.1,3,0,999,9,3,0,Moussa Sissoko,Tottenham Hotspur,27014,33,england,2021
33,3,11.11,142,34,28.81,294,297,588,71.79,48,53.33,42,26,1,0,0,0,,1,0,0,7,79,26,0,0,8,19,103,1,1,,,32,0,0.0,,0,1,43,37,6,0,0,,67,52.34,0,0,1,231,41,7,0,25,2259,1,,0,0,0,1,0.0,0,0,0,0,350,4,0,6.63,0,0,0,0,0,0,0,0,0.0,0.0,0,0,2,1,1,12,75.0,0,43,25,58.14,7,92,16,27,115,52.75,118,466,380,819,172.3,2,0,1418,12,5,0,Joel Ward,Crystal Palace,39183,7,england,2021
10,0,0.0,11,21,36.84,38,151,189,71.32,18,46.15,21,8,0,0,0,0,,0,1,0,1,24,8,0,0,0,2,30,0,0,,,7,0,0.0,,0,0,13,11,2,0,0,,13,59.09,0,0,0,76,6,1,0,7,643,0,,0,0,0,0,0.0,0,0,0,0,78,0,0,6.63,0,0,0,0,0,0,0,0,0.0,0.0,0,2,0,2,0,0,0.0,0,11,6,54.55,1,27,0,1,31,50.82,57,95,171,265,53.0,2,0,330,2,2,0,Kevin Long,Burnley,96116,6,england,2021
75,1,9.09,109,89,37.87,241,275,515,63.58,72,63.16,42,28,0,0,0,0,,0,0,1,3,97,28,0,0,4,24,87,0,0,,,13,0,0.0,,0,0,51,43,8,0,0,,65,59.09,0,0,0,295,45,6,0,25,2107,0,,0,1,0,1,0.0,0,0,0,0,360,2,0,6.63,0,0,0,0,0,0,0,0,0.0,0.0,0,3,0,2,0,5,55.56,0,45,25,55.56,5,171,9,11,137,61.16,235,473,348,810,185.5,3,0,1228,17,3,0,Dara O'Shea,West Bromwich Albion,856719,8,england,2021
2,0,0.0,34,0,0.0,50,22,72,78.26,7,18.42,31,17,1,0,0,0,,0,5,4,0,1,17,0,0,8,2,52,0,0,,,6,0,8.7,,2,3,17,16,1,2,0,,27,56.25,0,0,0,20,0,6,0,9,799,8,,0,0,0,0,0.0,0,0,0,1,63,1,0,6.62,0,2,0,0,0,0,0,0,399.5,0.0,0,19,4,10,9,5,45.45,0,6,3,50.0,6,2,11,2,34,39.53,1,68,26,92,112.6,23,0,204,16,0,0,Aaron Connolly,Brighton & Hove Albion,895579,30,england,2021
27,3,42.86,81,28,71.79,193,191,381,88.6,3,60.0,2,21,0,0,0,0,,0,0,0,0,3,17,0,0,6,10,27,0,0,,,9,0,0.0,,0,0,15,14,1,0,0,,18,41.86,0,0,0,49,13,5,0,8,727,1,,0,0,0,0,0.0,0,0,0,0,65,5,0,6.62,0,0,0,0,0,0,0,0,0.0,0.0,0,0,1,1,0,2,100.0,0,8,4,50.0,5,42,2,7,21,43.75,39,237,200,430,112.6,1,0,507,8,1,0,Mark Noble,West Ham United,9741,37,england,2021
29,0,0.0,4,62,42.76,27,285,312,78.59,2,66.67,1,14,0,0,0,0,,0,0,0,3,15,14,0,0,0,0,2,0,0,,,1,0,0.0,,0,0,21,20,1,0,0,,1,50.0,0,12,0,85,0,1,0,14,1260,0,,0,0,0,1,0.0,5,0,0,0,87,0,10,6.62,0,0,3,12,12,24,0,8,0.0,0.0,0,0,0,0,0,0,0.0,3,1,0,0.0,1,48,0,0,3,60.0,145,79,318,397,92.7,0,1,533,0,1,0,Mathew Ryan,Arsenal,134029,42,england,2021
4,2,22.22,43,4,66.67,66,20,84,75.68,0,0.0,1,14,0,0,0,0,,3,0,2,0,2,14,0,0,16,6,38,0,0,,,5,0,0.0,,0,0,5,5,0,0,0,,23,38.33,0,0,0,27,1,5,0,0,348,2,,0,0,0,0,0.0,0,0,0,0,76,2,0,6.62,0,0,0,0,0,0,0,0,0.0,0.0,0,3,2,0,3,12,52.17,0,5,4,80.0,5,7,23,9,23,37.7,6,96,24,111,92.7,5,0,213,6,0,0,Ian Carlo Poveda,Leeds United,907464,34,england,2021
6,1,33.33,112,22,84.62,243,151,393,89.93,7,35.0,13,15,0,0,0,0,,1,0,4,3,9,15,0,0,9,9,58,0,0,,,20,0,14.29,,1,1,17,16,1,1,0,,31,40.79,0,0,0,44,8,11,0,10,897,1,,0,0,0,0,0.0,0,0,0,0,77,4,0,6.62,0,1,0,0,0,0,0,0,897.0,0.0,0,3,4,1,2,8,50.0,0,17,8,47.06,11,11,16,3,38,39.58,26,274,166,437,99.3,7,0,564,6,2,0,Steven Alzate,Brighton & Hove Albion,871822,30,england,2021
7,2,50.0,19,3,30.0,44,73,115,82.73,5,55.56,4,5,0,0,0,0,,0,0,0,1,2,5,0,0,1,6,14,0,0,,,3,0,0.0,,0,0,8,7,1,0,0,,10,50.0,0,0,0,24,7,2,0,4,377,0,,0,0,0,0,0.0,0,0,0,0,31,4,0,6.62,0,0,0,0,0,0,0,0,0.0,0.0,0,0,0,0,0,2,100.0,0,3,2,66.67,2,14,2,4,15,51.72,10,62,81,139,33.1,0,0,181,5,0,0,Matthew Longstaff,Newcastle United,988963,39,england,2021
19,3,16.67,55,19,32.2,132,212,341,74.95,26,57.78,19,16,0,0,0,0,,1,0,3,2,46,16,0,0,4,13,49,1,1,,,12,0,14.29,,1,1,27,25,2,1,0,,30,50.0,1,0,0,114,15,6,0,14,1290,1,,0,0,0,0,0.0,0,0,0,0,181,1,0,6.62,0,0,0,0,0,0,0,0,1290.0,0.0,0,3,4,1,3,3,75.0,0,19,8,42.11,6,45,4,18,56,53.33,59,205,268,455,105.9,7,0,742,9,4,0,Emil Krafth,Newcastle United,150396,39,england,2021
11,0,0.0,42,9,64.29,76,28,104,79.39,4,57.14,3,13,1,0,0,0,,1,0,1,0,0,12,0,0,5,2,19,0,0,,,3,0,12.5,,1,2,6,5,1,1,0,,6,27.27,0,0,0,27,2,2,1,2,255,0,,0,0,0,0,0.0,0,0,0,0,56,0,0,6.62,0,0,0,0,0,0,0,0,255.0,0.0,0,3,5,3,4,1,14.29,0,4,0,0.0,2,16,7,8,10,34.48,14,106,33,131,79.4,8,0,189,1,0,0,Alex Oxlade-Chamberlain,Liverpool,10577,44,england,2021
4,1,7.69,25,7,33.33,49,39,87,64.44,4,66.67,2,6,0,0,0,0,,0,0,1,1,14,6,0,0,1,6,13,0,0,,,4,0,0.0,,0,0,6,5,1,0,0,,14,56.0,0,0,0,48,7,3,0,5,444,1,,0,0,0,0,0.0,0,0,0,0,75,2,0,6.62,0,0,0,0,0,0,0,0,0.0,0.0,0,1,1,1,0,1,50.0,0,9,4,44.44,3,11,2,13,18,58.06,21,92,56,135,39.7,2,0,239,4,0,0,DeAndre Yedlin,Newcastle United,314040,39,england,2021
0,0,0.0,10,0,0.0,18,11,29,61.7,13,50.0,13,7,0,0,0,0,,0,0,1,0,2,7,0,0,5,2,26,0,0,,,3,0,25.0,,1,1,4,4,0,1,0,,5,27.78,0,0,0,18,0,1,0,2,217,5,,0,0,0,0,0.0,0,0,0,0,38,0,0,6.61,0,1,0,0,0,0,0,0,217.0,0.0,0,4,0,1,2,3,50.0,0,1,1,100.0,1,0,6,1,18,40.91,0,32,16,47,46.3,4,0,85,1,0,0,Jean-Philippe Mateta,Crystal Palace,848276,7,england,2021
2,1,12.5,49,0,0.0,65,20,84,75.0,12,30.0,28,16,0,0,0,0,,1,1,0,0,2,16,0,0,16,7,72,0,0,,,14,0,33.33,,3,3,15,13,2,3,0,,23,34.33,0,0,0,28,0,4,0,7,730,11,,0,0,2,0,100.0,0,2,0,0,79,4,0,6.61,0,3,0,0,0,0,0,0,243.33,0.0,0,8,1,3,6,5,41.67,0,5,1,20.0,4,4,12,8,35,32.71,0,97,23,112,105.8,9,0,216,14,1,0,Billy Sharp,Sheffield United,20514,15,england,2021
2,1,20.0,40,2,66.67,76,44,119,71.26,10,38.46,16,18,1,0,0,0,,2,3,2,0,5,18,0,0,22,8,62,0,0,,,12,0,16.67,,2,3,15,11,4,2,0,,21,31.34,0,0,0,48,4,9,2,7,726,11,,0,0,0,0,0.0,0,0,0,1,109,3,0,6.61,0,0,0,0,0,0,0,0,363.0,0.0,0,8,4,4,6,11,64.71,0,5,3,60.0,9,6,17,5,31,33.33,3,116,56,167,119.0,12,0,295,5,0,0,Michy Batshuayi,Crystal Palace,147745,7,england,2021
22,0,0.0,81,27,32.93,179,172,351,74.36,13,59.09,9,20,1,0,0,0,,0,0,1,2,27,19,0,0,10,20,69,0,0,,,26,0,0.0,,0,1,19,17,2,0,0,,57,48.72,0,0,0,121,12,5,0,13,1269,1,,1,0,0,0,0.0,0,0,0,1,183,4,0,6.61,0,0,0,0,0,0,0,0,0.0,0.0,0,2,2,0,3,6,60.0,0,30,21,70.0,5,64,10,19,70,50.36,82,285,206,472,125.6,4,0,796,21,1,0,Erik Pieters,Burnley,17063,6,england,2021
0,1,20.0,31,0,0.0,58,35,92,85.19,11,40.74,16,18,1,0,0,0,,0,5,3,0,2,18,0,0,1,7,31,0,0,,,6,0,6.25,,1,2,9,8,1,1,0,,9,37.5,1,0,1,16,1,6,0,4,524,3,,0,0,0,0,0.0,0,0,0,0,32,1,0,6.61,0,0,0,0,0,0,0,0,524.0,0.0,1,15,1,6,7,1,50.0,0,2,0,0.0,6,4,2,5,20,39.22,2,73,40,108,118.9,16,0,166,6,0,0,Dwight Gayle,Newcastle United,232118,39,england,2021
17,4,20.0,148,26,44.83,278,230,504,77.78,8,26.67,22,26,0,0,0,0,,1,1,3,5,27,24,0,0,31,23,113,0,1,,,16,0,0.0,,0,0,23,22,1,0,0,,72,44.17,0,0,0,144,31,6,0,19,1729,2,,0,0,0,0,0.0,0,0,0,2,269,14,0,6.6,0,0,0,0,0,0,0,0,0.0,0.0,0,3,9,5,4,22,51.16,0,33,17,51.52,6,33,43,20,80,41.45,58,390,278,648,158.5,12,0,1021,17,2,0,Ainsley Maitland-Niles,West Bromwich Albion,352768,8,england,2021
0,0,0.0,8,1,100.0,16,8,24,68.57,5,19.23,21,4,0,0,0,0,,0,2,1,1,0,4,0,0,5,4,37,0,0,,,6,0,25.0,,1,1,2,2,0,1,0,,12,42.86,0,0,0,11,1,1,0,3,284,1,,0,0,0,0,0.0,0,0,0,0,28,3,0,6.6,0,1,0,0,0,0,0,0,284.0,0.0,0,3,1,1,2,2,50.0,0,6,2,33.33,1,2,4,1,17,31.48,1,27,9,35,26.4,4,0,83,4,0,0,Daniel Jebbison,Sheffield United,1096136,15,england,2021
1,0,0.0,17,2,40.0,29,23,52,82.54,1,33.33,2,3,1,0,0,0,,1,0,0,0,1,3,0,0,5,0,18,0,0,,,2,0,0.0,,0,1,3,3,0,0,0,,12,42.86,0,0,0,11,0,2,0,2,172,0,,0,0,0,0,0.0,0,0,0,0,32,0,0,6.6,0,0,0,0,0,0,0,0,0.0,0.0,0,0,1,0,1,5,35.71,0,3,3,100.0,2,1,14,0,13,41.94,5,33,30,63,19.8,1,0,104,4,0,0,Amad Diallo,Manchester United,971037,35,england,2021
15,4,26.67,110,10,31.25,225,136,357,76.94,11,45.83,13,15,1,0,0,0,,1,0,3,2,19,15,0,0,16,21,84,0,0,,,18,0,0.0,,0,1,19,19,0,0,0,,53,42.74,0,0,0,107,15,10,0,10,958,0,,0,0,0,0,0.0,0,0,0,0,186,3,0,6.6,0,0,0,0,0,0,0,0,0.0,0.0,0,4,3,0,4,14,46.67,0,31,22,70.97,10,35,30,15,64,43.24,32,300,179,464,99.0,7,0,757,8,3,0,Ricardo Pereira,Leicester City,221200,31,england,2021
0,0,0.0,1,0,0.0,2,1,3,100.0,0,0.0,0,1,0,0,0,0,,0,0,0,0,0,1,0,0,0,0,0,0,0,,,0,0,0.0,,0,0,1,1,0,0,0,,1,100.0,0,0,0,0,0,0,0,0,11,0,,0,0,0,0,0.0,0,0,0,0,1,1,0,6.6,0,0,0,0,0,0,0,0,0.0,0.0,0,0,0,0,0,0,0.0,0,1,1,100.0,0,0,0,0,1,100.0,0,2,1,3,6.6,0,0,7,0,0,0,Iliman Ndiaye,Sheffield United,914309,15,england,2021
0,0,0.0,5,0,0.0,5,1,6,85.71,0,0.0,0,1,0,0,0,0,,0,0,0,0,0,1,0,0,0,0,1,0,0,,,0,0,0.0,,0,0,0,0,0,0,0,,0,0.0,0,0,0,1,0,0,0,0,8,0,,0,0,0,0,0.0,0,0,0,0,3,0,0,6.6,0,0,0,0,0,0,0,0,0.0,0.0,0,0,1,0,1,0,0.0,0,0,0,0.0,0,1,1,0,0,0.0,0,6,1,7,6.6,1,0,13,0,0,0,José Izquierdo,Brighton & Hove Albion,358162,30,england,2021
0,0,0.0,0,0,0.0,1,0,1,100.0,0,0.0,1,1,0,0,0,0,,0,0,1,0,0,1,0,0,0,0,1,0,0,,,0,0,0.0,,0,0,0,0,0,0,0,,0,0.0,0,0,0,0,0,0,0,0,10,0,,0,0,0,0,0.0,0,0,0,0,0,0,0,6.6,0,0,0,0,0,0,0,0,0.0,0.0,0,1,0,0,0,0,0.0,0,0,0,0.0,0,0,0,0,0,0.0,0,1,0,1,6.6,1,0,3,0,0,0,Antwoine Hackford,Sheffield United,1049860,15,england,2021
0,0,0.0,0,0,0.0,6,12,18,69.23,1,50.0,1,2,0,0,0,0,,0,0,0,0,0,2,0,0,3,0,5,0,0,,,1,0,0.0,,0,0,1,1,0,0,0,,5,55.56,0,0,0,8,0,0,0,1,85,0,,0,0,0,0,0.0,0,0,0,0,13,2,0,6.6,0,0,0,0,0,0,0,0,0.0,0.0,0,0,1,0,1,1,100.0,0,1,1,100.0,0,0,1,0,6,54.55,0,11,15,26,13.2,1,0,38,3,0,0,Sidnei Tavares,Leicester City,989889,31,england,2021
2,0,0.0,3,2,50.0,18,25,43,87.76,3,100.0,0,3,0,0,0,0,,0,0,0,0,3,2,0,0,0,0,1,0,0,,,1,0,0.0,,0,0,1,1,0,0,0,,1,50.0,0,0,0,6,0,0,0,0,50,0,,0,0,0,0,0.0,0,0,0,0,6,0,0,6.6,0,0,0,0,0,0,0,0,0.0,0.0,0,0,0,0,0,0,0.0,0,1,1,100.0,0,4,0,0,4,80.0,4,22,27,49,13.2,0,0,55,0,0,0,Shkodran Mustafi,Arsenal,89894,42,england,2021
0,0,0.0,11,0,0.0,14,17,31,91.18,0,0.0,0,5,0,0,0,0,,0,0,1,0,0,4,0,0,1,0,5,0,0,,,1,0,0.0,,0,0,3,3,0,0,0,,5,50.0,0,0,0,3,1,1,0,1,113,0,,0,0,0,0,0.0,0,0,0,0,9,0,0,6.6,0,0,0,0,0,0,0,0,0.0,0.0,0,2,0,0,1,1,25.0,0,3,2,66.67,1,1,4,1,5,50.0,1,18,17,34,26.4,2,0,55,1,0,0,Kyle Edwards,West Bromwich Albion,817562,8,england,2021
29,0,0.0,30,39,57.35,160,339,499,89.75,21,53.85,18,7,0,0,0,0,,0,0,0,0,28,7,0,0,3,4,30,0,0,,,6,0,0.0,,0,0,14,12,2,0,0,,13,52.0,0,0,0,57,4,1,0,6,590,0,,0,0,0,1,0.0,0,0,0,0,63,1,0,6.6,0,0,0,0,0,0,0,0,0.0,0.0,0,0,0,0,0,4,100.0,0,3,2,66.67,1,53,4,0,34,53.13,68,197,359,556,46.2,0,0,619,6,0,0,Joe Gomez,Liverpool,318927,44,england,2021
3,3,18.75,61,7,43.75,115,42,154,74.4,14,21.88,50,27,0,0,0,0,,4,2,9,0,4,27,0,0,18,12,105,0,0,,,18,0,0.0,,0,0,16,13,3,0,0,,29,34.52,0,0,1,53,5,11,0,12,1129,4,,0,0,0,0,0.0,0,0,0,0,114,8,0,6.6,0,0,0,0,0,0,0,0,0.0,0.0,1,8,16,7,8,8,53.33,0,8,5,62.5,11,5,15,16,43,29.05,16,167,56,207,178.2,24,0,374,13,1,0,Rhian Brewster,Sheffield United,878705,15,england,2021
3,6,20.0,107,11,40.74,191,109,294,73.87,30,40.0,45,27,3,0,0,0,,5,1,4,0,11,27,0,0,41,17,161,0,0,,,25,0,11.11,,2,5,26,21,5,2,0,,77,39.9,0,0,0,104,22,18,1,15,1438,0,,0,0,0,0,0.0,0,0,0,0,243,8,0,6.6,0,1,0,0,0,0,0,0,719.0,0.0,0,14,4,4,10,31,48.44,0,29,16,55.17,18,16,64,30,107,39.93,27,300,128,398,178.1,18,0,751,17,3,0,Jeffrey Schlupp,Crystal Palace,148710,7,england,2021
37,1,14.29,86,59,34.91,235,452,686,73.21,75,57.69,55,33,0,0,0,0,,1,2,1,1,118,33,0,1,5,18,112,0,2,,,28,0,15.38,,2,2,71,60,11,2,0,,53,48.18,2,0,0,251,42,7,0,31,2787,1,,0,0,0,2,0.0,0,0,0,0,318,2,0,6.59,1,0,0,0,0,0,0,0,1393.5,0.0,0,13,0,8,4,10,55.56,0,40,14,35.0,7,122,18,7,128,53.33,169,415,529,937,217.6,13,1,1370,4,3,0,Semi Ajayi,West Bromwich Albion,307274,8,england,2021
17,10,16.13,284,21,25.61,447,265,702,78.26,26,48.15,28,32,2,0,0,0,,5,2,8,4,62,32,0,0,20,29,139,0,1,,,46,0,0.0,,0,2,51,40,11,0,0,,85,43.37,0,0,0,195,25,18,0,32,2789,10,,0,0,0,0,0.0,0,0,0,0,339,4,0,6.59,0,0,0,0,0,0,0,0,0.0,0.0,0,10,3,3,2,17,51.52,0,47,34,72.34,18,64,33,62,111,44.4,82,639,320,897,211.0,13,0,1502,21,7,0,George Baldock,Sheffield United,112928,15,england,2021
7,3,18.75,46,6,66.67,75,41,113,83.7,5,71.43,2,15,1,0,0,0,,1,0,3,0,1,15,0,0,10,6,32,0,0,,,8,0,0.0,,0,1,7,7,0,0,0,,16,34.78,0,0,0,22,1,5,0,1,375,5,,0,0,0,0,0.0,0,0,0,0,63,2,0,6.59,0,0,0,0,0,0,0,0,0.0,0.0,0,4,3,2,2,6,50.0,0,5,4,80.0,5,9,12,16,21,39.62,9,104,47,135,98.9,7,0,219,6,3,0,Andriy Yarmolenko,West Ham United,41116,37,england,2021
2,1,10.0,80,3,100.0,125,53,177,70.24,30,38.46,48,25,1,0,0,0,,4,3,9,0,4,25,0,0,28,19,129,0,0,,,23,0,4.0,,1,2,21,15,6,1,0,,38,31.93,0,0,0,75,2,15,0,14,1274,3,,0,0,0,0,0.0,0,0,0,0,173,8,0,6.58,0,1,0,0,0,0,0,0,1274.0,0.0,0,20,5,10,6,16,53.33,0,16,8,50.0,15,4,30,10,68,34.52,3,193,69,252,164.6,25,0,484,6,2,0,Oliver Burke,Sheffield United,608362,15,england,2021
3,0,0.0,15,4,80.0,39,31,70,75.27,3,42.86,4,7,0,0,0,0,,0,0,2,0,0,6,0,0,5,3,14,0,0,,,1,0,0.0,,0,0,2,2,0,0,0,,8,44.44,0,0,0,23,1,0,0,2,214,0,,0,0,0,0,0.0,0,0,0,0,35,1,0,6.58,0,0,0,0,0,0,0,0,0.0,0.0,0,2,2,0,2,2,66.67,0,6,5,83.33,0,7,3,3,11,44.0,5,60,36,93,39.5,4,0,124,0,0,0,Davy Pröpper,Brighton & Hove Albion,70900,30,england,2021
5,1,50.0,49,3,50.0,90,83,172,89.58,0,0.0,6,13,0,0,0,0,,0,0,0,0,2,10,0,0,1,7,17,0,0,,,3,0,0.0,,0,0,11,11,0,0,0,,15,57.69,0,0,0,20,9,2,0,3,455,1,,0,0,0,0,0.0,0,0,0,0,33,2,0,6.58,0,0,0,0,0,0,0,0,0.0,0.0,0,0,0,0,0,3,100.0,0,10,6,60.0,2,7,3,2,15,46.88,6,105,89,192,65.8,0,0,263,2,0,0,Jamie Shackleton,Leeds United,943652,34,england,2021
8,6,21.43,56,10,34.48,125,101,220,75.86,14,58.33,10,13,0,0,0,0,,0,0,1,3,14,13,0,0,7,6,37,0,1,,,7,0,0.0,,0,0,15,12,3,0,0,,33,55.0,0,0,0,70,9,5,0,10,836,0,,0,0,0,0,0.0,0,0,0,0,145,0,0,6.58,0,0,0,0,0,0,0,0,0.0,0.0,0,0,1,0,0,1,12.5,0,24,14,58.33,5,22,8,28,47,55.95,29,189,129,290,85.5,1,0,513,8,1,0,Javier Manquillo,Newcastle United,210082,39,england,2021
19,2,33.33,88,28,50.91,192,241,431,80.11,13,32.5,27,22,1,0,0,0,,1,0,2,3,13,20,0,0,15,12,75,0,0,,,15,0,20.0,,2,3,24,19,5,2,0,,27,36.0,0,0,0,107,19,6,0,17,1424,3,,0,0,0,0,0.0,0,0,0,0,146,3,0,6.58,1,2,0,0,0,0,0,0,712.0,0.0,0,5,5,6,2,9,60.0,0,8,3,37.5,6,39,15,6,40,34.78,55,270,274,538,131.5,10,1,689,12,1,1,Jeff Hendrick,Newcastle United,115441,39,england,2021
5,12,29.27,102,11,39.29,219,189,396,83.19,9,39.13,14,12,2,0,0,0,,3,1,1,4,17,12,0,0,15,23,77,1,1,,,10,0,0.0,,0,2,15,11,4,0,0,,56,47.06,0,0,0,80,8,11,0,12,1008,1,,0,0,0,1,0.0,0,0,0,0,172,5,0,6.58,0,0,0,0,0,0,0,0,0.0,0.0,0,3,3,3,2,29,65.91,0,20,12,60.0,11,17,44,41,65,45.77,28,302,215,476,78.9,6,0,753,8,2,0,Arthur Masuaku,West Ham United,174975,37,england,2021
55,4,17.39,182,57,62.64,386,364,746,85.16,20,58.82,14,28,1,0,0,0,,2,0,5,1,10,28,0,0,31,41,137,0,1,,,35,0,0.0,,0,1,22,16,6,0,0,,79,39.11,0,0,0,130,10,15,0,17,1579,2,,0,0,0,1,0.0,0,0,0,0,235,10,0,6.58,0,0,0,0,0,0,0,0,0.0,0.0,0,1,13,6,3,31,64.58,0,35,23,65.71,15,87,48,23,99,41.95,91,503,396,876,184.1,14,0,1163,14,3,0,André Gomes,Everton,235460,48,england,2021
0,2,66.67,10,1,9.09,16,23,37,56.92,3,100.0,0,4,0,0,0,0,,0,0,0,0,11,4,0,0,0,0,4,0,0,,,4,0,0.0,,0,0,8,5,3,0,0,,10,71.43,0,0,0,28,1,1,0,3,233,0,,0,0,0,0,0.0,0,0,0,0,34,1,0,6.58,0,0,0,0,0,0,0,0,0.0,0.0,0,0,0,0,0,1,100.0,0,9,4,44.44,1,12,1,3,13,76.47,11,36,32,65,26.3,0,0,110,0,1,0,Lee Peltier,West Bromwich Albion,9649,8,england,2021
0,1,16.67,13,0,0.0,17,4,20,52.63,2,33.33,4,9,0,0,0,0,,0,1,3,0,2,8,0,0,1,1,8,0,0,,,2,0,0.0,,0,0,2,1,1,0,0,,6,60.0,0,0,0,18,0,1,0,0,177,0,,0,0,0,0,0.0,0,0,0,0,33,1,0,6.58,0,0,0,0,0,0,0,0,0.0,0.0,0,6,1,2,2,1,100.0,0,3,2,66.67,1,4,1,6,8,50.0,3,36,8,38,52.6,7,0,74,2,0,0,Andi Zeqiri,Brighton & Hove Albion,796067,30,england,2021
12,1,11.11,73,7,33.33,158,121,278,72.77,12,27.91,31,27,0,0,0,0,,0,1,4,0,12,24,0,0,17,35,135,0,0,,,29,0,7.14,,1,1,27,23,4,1,0,,117,52.94,0,0,1,104,10,6,1,15,1245,3,,0,0,0,1,0.0,0,0,0,1,216,9,0,6.57,0,0,0,0,0,0,0,0,1245.0,0.0,0,7,7,8,2,27,51.92,0,52,27,51.92,6,22,52,9,129,48.86,21,239,152,382,157.6,14,0,736,39,5,0,Moussa Djenepo,Southampton,869910,45,england,2021
16,21,29.17,140,13,43.33,240,136,355,74.27,16,30.77,36,33,1,0,0,0,,4,2,6,1,25,32,0,0,25,16,135,0,1,,,29,0,9.09,,2,3,42,37,5,2,0,,46,31.72,0,0,2,123,10,26,0,20,1847,8,,0,0,0,0,0.0,0,0,0,0,292,13,0,6.57,0,2,0,0,0,0,0,0,923.5,0.0,1,12,10,6,10,24,42.86,0,15,8,53.33,26,33,56,72,62,31.47,30,383,167,478,210.1,22,0,869,7,1,0,Matt Phillips,West Bromwich Albion,36466,8,england,2021
8,2,9.52,68,11,50.0,121,108,227,78.01,6,40.0,9,12,0,0,0,0,,0,0,0,0,22,11,0,0,6,12,40,0,0,,,4,0,0.0,,0,0,11,11,0,0,0,,31,50.0,0,0,0,64,9,3,0,5,580,1,,0,0,0,0,0.0,0,0,0,0,121,2,0,6.56,0,0,0,0,0,0,0,0,0.0,0.0,0,1,0,1,0,13,59.09,0,14,6,42.86,3,16,22,21,37,48.05,22,186,126,291,72.2,1,0,467,4,1,0,Ki-Jana Hoever,Wolverhampton,954044,3,england,2021
11,0,0.0,13,12,33.33,28,112,140,76.92,12,54.55,10,8,0,0,0,0,,0,0,0,2,43,8,0,0,0,1,14,0,0,,,3,0,0.0,,0,0,12,8,4,0,0,,4,50.0,0,0,1,42,4,1,0,6,552,0,,0,0,0,1,0.0,0,0,0,0,45,0,0,6.56,0,0,0,0,0,0,0,0,0.0,0.0,0,2,0,1,1,0,0.0,0,4,2,50.0,1,33,0,0,16,53.33,36,57,125,182,52.5,2,0,247,1,1,0,James Tomkins,Crystal Palace,32124,7,england,2021
9,1,7.69,140,3,23.08,236,113,348,83.65,2,15.38,11,21,3,0,0,0,,0,5,1,1,7,21,0,0,15,13,79,0,0,,,20,0,6.67,,1,4,15,15,0,1,0,,53,43.8,0,0,1,68,5,13,0,13,1223,1,,0,0,0,0,0.0,0,0,0,1,154,12,0,6.56,0,1,0,0,0,0,0,0,1223.0,0.0,0,10,5,8,6,22,48.89,0,15,7,46.67,13,22,45,13,55,41.04,13,302,127,416,137.8,15,0,613,16,3,0,Steven Bergwijn,Tottenham Hotspur,361798,33,england,2021
0,2,25.0,54,11,84.62,112,80,190,85.97,7,43.75,9,22,0,0,0,0,,0,0,5,0,5,19,0,0,12,10,49,0,0,,,13,0,0.0,,0,0,10,8,2,0,0,,28,41.18,0,0,0,31,4,6,0,6,623,2,,0,0,0,0,0.0,0,0,0,0,71,6,0,6.55,0,0,0,0,0,0,0,0,0.0,0.0,0,8,3,5,1,7,58.33,0,10,5,50.0,6,5,12,8,35,41.67,13,141,88,221,124.5,11,0,342,11,0,0,Jacob Ramsey,Aston Villa,975937,40,england,2021
0,0,0.0,4,1,100.0,4,2,6,66.67,1,20.0,4,2,0,0,0,0,,0,0,0,0,0,2,0,0,0,2,8,0,0,,,2,0,0.0,,0,0,0,0,0,0,0,,2,33.33,0,0,1,3,0,0,0,0,25,0,,0,0,0,0,0.0,0,0,0,0,5,0,0,6.55,0,0,0,0,0,0,0,0,0.0,0.0,0,0,1,1,0,0,0.0,0,2,2,100.0,0,0,0,0,3,27.27,1,6,3,9,13.1,1,0,14,0,0,0,Carney Chukwuemeka,Aston Villa,994556,40,england,2021
1,1,50.0,8,3,30.0,18,24,41,73.21,3,100.0,0,2,0,0,0,0,,0,0,0,0,6,2,0,0,0,2,7,0,0,,,3,0,0.0,,0,0,0,0,0,0,0,,3,30.0,0,0,0,15,1,0,0,0,89,0,,0,0,0,0,0.0,0,0,0,0,21,0,0,6.55,0,0,0,0,0,0,0,0,0.0,0.0,0,0,0,0,0,0,0.0,0,3,3,100.0,0,4,2,2,6,46.15,10,26,32,56,13.1,0,0,82,0,0,0,Emerson Palmieri,Chelsea,155997,38,england,2021
0,0,0.0,0,0,0.0,0,0,0,0.0,0,0.0,2,2,0,0,0,0,,0,0,0,0,0,2,0,0,0,0,2,0,0,,,0,0,0.0,,0,0,0,0,0,0,0,,1,100.0,0,0,0,2,0,0,0,0,23,0,,0,0,0,0,0.0,0,0,0,0,3,0,0,6.55,0,0,0,0,0,0,0,0,0.0,0.0,0,1,0,1,0,0,0.0,0,0,0,0.0,0,0,0,0,1,33.33,0,2,0,2,13.1,1,0,5,1,0,0,Patrick Cutrone,Wolverhampton,795044,3,england,2021
1,0,0.0,0,1,100.0,4,1,5,100.0,0,0.0,0,3,0,0,0,0,,0,0,0,0,1,2,0,0,0,0,0,0,0,,,0,0,0.0,,0,0,0,0,0,0,0,,0,0.0,0,0,0,0,0,0,0,0,21,0,,0,0,0,0,0.0,0,0,0,0,0,0,0,6.55,0,0,0,0,0,0,0,0,0.0,0.0,0,0,0,0,0,0,0.0,0,0,0,0.0,0,1,0,0,0,0.0,1,4,1,5,13.1,0,0,6,0,0,0,Wes Morgan,Leicester City,20375,31,england,2021
4,2,28.57,40,1,16.67,68,31,97,71.85,1,4.35,22,18,1,0,0,0,,2,2,4,0,2,18,0,0,23,9,83,0,0,,,16,0,5.88,,1,2,11,10,1,1,0,,43,41.35,0,0,0,38,3,6,0,7,749,5,,0,0,0,0,0.0,0,0,0,1,118,8,0,6.54,0,1,0,0,0,0,0,0,749.0,0.0,0,10,7,5,8,11,44.0,0,8,5,62.5,6,9,25,7,44,34.65,6,102,40,135,117.8,17,0,318,24,2,0,Nathan Tella,Southampton,920379,45,england,2021
43,10,14.08,280,50,48.54,520,331,841,84.18,14,45.16,17,28,2,0,0,1,,1,2,6,2,23,28,0,1,19,34,103,1,0,,,24,0,0.0,,0,2,40,36,4,0,0,,59,40.69,0,0,0,158,14,20,0,23,2032,1,,0,0,1,0,0.0,0,0,0,0,282,8,0,6.54,1,0,0,0,0,0,0,0,0.0,0.0,1,11,9,9,5,15,62.5,0,25,16,64.0,20,92,24,71,73,41.48,103,702,368,999,183.2,20,0,1329,20,8,0,John Lundstram,Sheffield United,149815,15,england,2021
1,0,0.0,6,1,100.0,12,9,21,72.41,5,41.67,7,13,0,0,0,0,,0,0,0,0,2,7,0,0,2,1,16,0,0,,,6,0,0.0,,0,0,1,1,0,0,0,,2,18.18,0,0,0,8,0,1,0,0,106,1,,0,0,0,0,0.0,0,0,0,0,17,0,0,6.54,0,0,0,0,0,0,0,0,0.0,0.0,0,1,0,1,0,2,100.0,0,0,0,0.0,1,1,2,0,7,30.43,1,17,12,29,45.8,1,0,54,0,0,0,Dan N'Lundulu,Southampton,920374,45,england,2021
8,5,21.74,76,15,26.79,168,175,338,76.3,4,28.57,10,13,1,0,0,0,,0,0,1,0,21,13,0,0,2,7,24,0,1,,,4,0,0.0,,0,1,22,17,5,0,0,,23,62.16,0,0,0,105,18,4,0,13,1147,0,,0,0,0,0,0.0,0,0,0,0,157,1,0,6.54,0,0,0,0,0,0,0,0,0.0,0.0,0,2,2,2,1,4,66.67,0,17,10,58.82,4,33,6,23,27,52.94,56,241,225,443,85.0,4,0,709,2,2,0,Nathaniel Clyne,Crystal Palace,43215,7,england,2021
3,0,0.0,71,3,42.86,113,50,163,75.12,14,19.18,59,21,0,0,0,0,,0,3,3,0,15,21,0,0,17,2,93,0,0,,,9,0,6.25,,1,1,26,22,4,1,0,,27,44.26,0,0,0,54,5,3,0,14,1145,6,,0,0,0,0,0.0,0,0,0,0,127,6,0,6.54,0,1,0,0,0,0,0,0,1145.0,0.0,1,13,3,4,9,9,56.25,0,5,3,60.0,3,10,16,14,41,30.6,7,172,59,217,137.3,16,0,392,13,1,0,Karlan Grant,West Bromwich Albion,609596,8,england,2021
7,1,8.33,95,4,16.67,148,90,237,75.96,18,43.9,23,16,0,0,0,0,,0,2,4,2,18,16,0,0,17,19,93,0,0,,,15,0,11.76,,2,2,20,17,3,2,0,,53,43.09,0,0,0,75,14,4,2,12,1112,1,,0,0,0,0,0.0,0,0,0,0,154,7,0,6.54,0,0,0,0,0,0,0,0,556.0,0.0,0,15,2,6,7,11,35.48,0,33,23,69.7,4,24,31,12,71,43.29,24,210,114,312,104.6,17,0,607,9,2,0,Jayden Bogle,Sheffield United,929132,15,england,2021
0,1,100.0,0,0,0.0,4,4,7,58.33,1,25.0,3,3,0,0,0,0,,0,0,0,0,0,3,0,0,1,1,5,0,0,,,0,0,0.0,,0,0,0,0,0,0,0,,3,60.0,0,0,0,5,0,0,0,0,42,0,,0,0,0,0,0.0,0,0,0,0,7,0,0,6.53,0,0,0,0,0,0,0,0,0.0,0.0,0,0,0,0,0,0,0.0,0,2,1,50.0,0,0,0,1,4,44.44,0,9,4,12,19.6,0,0,21,1,1,0,Caleb Watts,Southampton,989826,45,england,2021
8,0,0.0,10,14,34.15,52,214,266,83.91,13,56.52,10,13,0,0,0,0,,0,0,1,2,25,12,0,0,0,6,27,0,0,,,11,0,0.0,,0,0,19,16,3,0,0,,18,51.43,0,0,0,51,8,1,0,8,767,1,,0,0,0,0,0.0,0,0,0,0,54,0,0,6.53,0,0,0,0,0,0,0,0,0.0,0.0,0,4,0,2,1,0,0.0,0,14,5,35.71,1,22,0,1,31,53.45,41,88,230,317,78.4,4,0,397,4,2,0,Branislav Ivanović,West Bromwich Albion,25233,8,england,2021
9,0,0.0,85,8,27.59,182,111,293,75.71,9,50.0,9,19,0,0,0,0,,1,3,8,1,12,16,0,0,11,29,69,0,0,,,11,0,15.0,,3,3,18,15,3,3,0,,35,36.84,0,0,0,94,6,5,1,11,1015,2,,0,0,0,0,0.0,0,0,0,0,152,6,0,6.53,0,2,0,0,0,0,0,0,338.33,0.0,0,13,7,4,8,11,55.0,0,11,6,54.55,5,22,20,12,44,38.94,29,266,133,387,104.5,20,0,556,13,1,0,Takumi Minamino,Southampton,155818,45,england,2021
12,3,27.27,40,11,26.83,94,105,196,74.24,9,36.0,16,10,0,0,0,0,,1,0,0,0,27,10,0,1,1,2,25,0,1,,,6,0,0.0,,0,0,22,19,3,0,0,,19,67.86,0,0,0,68,16,4,0,9,811,0,,0,0,0,0,0.0,0,0,0,0,101,4,0,6.53,1,0,0,0,0,0,0,0,0.0,0.0,0,1,0,1,0,2,100.0,0,15,11,73.33,4,33,2,11,28,52.83,41,150,125,264,65.3,1,0,406,2,1,0,Kieran Gibbs,West Bromwich Albion,24814,8,england,2021
4,1,9.09,80,5,23.81,131,63,193,73.38,7,36.84,12,12,0,0,0,0,,0,1,5,0,7,11,0,0,10,13,55,0,0,,,12,0,0.0,,0,0,10,9,1,0,0,,27,38.57,0,0,0,70,3,3,0,7,660,2,,0,0,0,0,0.0,0,0,0,0,115,6,0,6.53,0,0,0,0,0,0,0,0,0.0,0.0,0,10,3,5,3,9,52.94,0,15,7,46.67,3,14,17,11,34,38.2,21,194,80,263,71.8,13,0,399,3,0,0,Jakub Moder,Brighton & Hove Albion,886242,30,england,2021
1,0,0.0,9,3,100.0,16,7,23,69.7,6,31.58,13,5,0,0,0,0,,0,1,2,0,4,5,0,0,2,2,18,0,0,,,0,0,0.0,,0,0,5,4,1,0,0,,7,58.33,0,0,0,10,3,0,0,0,134,1,,0,0,0,0,0.0,0,0,0,0,18,1,0,6.52,0,0,0,0,0,0,0,0,0.0,0.0,0,1,2,1,0,1,50.0,0,4,2,50.0,0,2,2,0,13,41.94,3,24,9,33,32.6,3,0,61,2,0,0,Charlie Austin,West Bromwich Albion,97905,8,england,2021
0,0,0.0,13,0,0.0,25,7,32,58.18,13,56.52,10,11,0,0,0,0,,0,0,0,0,1,10,0,0,7,1,28,0,0,,,7,0,0.0,,0,0,6,5,1,0,0,,9,33.33,0,0,0,23,3,0,0,1,223,3,,0,0,0,0,0.0,0,0,0,0,40,1,0,6.52,0,0,0,0,0,0,0,0,0.0,0.0,0,1,1,1,1,2,40.0,0,2,1,50.0,0,0,5,0,22,44.0,0,44,11,55,65.2,2,0,98,6,0,0,Shane Long,Southampton,10486,45,england,2021
3,0,0.0,31,2,66.67,47,9,56,70.89,11,28.95,27,19,0,0,0,0,,0,2,4,0,7,19,0,0,16,1,65,0,0,,,15,0,15.38,,2,2,12,10,2,1,1,,18,32.14,0,0,0,23,2,5,2,2,555,4,,0,0,0,0,0.0,0,0,0,0,81,7,0,6.52,0,0,0,0,0,0,0,0,277.5,0.0,0,6,7,3,6,6,42.86,0,2,1,50.0,5,3,14,1,29,30.85,3,69,11,79,123.8,13,0,207,10,2,0,Hal Robson-Kanu,West Bromwich Albion,33427,8,england,2021
16,0,0.0,2,36,46.75,13,148,161,78.54,0,0.0,0,7,0,0,0,0,,0,0,0,2,4,7,1,0,0,1,1,3,0,,,0,0,0.0,,0,0,8,7,1,0,0,,0,0.0,0,3,0,44,0,0,0,6,585,0,,0,0,0,0,0.0,1,0,0,0,46,0,4,6.51,0,0,1,9,6,16,0,3,0.0,0.0,0,0,0,0,0,0,0.0,0,0,0,0.0,0,30,0,0,0,0.0,77,36,169,205,45.6,0,0,272,0,1,0,Kepa Arrizabalaga,Chelsea,232422,38,england,2021
2,0,0.0,20,6,37.5,80,110,190,80.85,6,85.71,1,10,0,0,0,0,,0,1,1,1,7,8,0,0,0,6,13,1,0,,,6,0,0.0,,0,0,2,1,1,0,0,,10,45.45,0,0,0,45,4,0,0,4,326,0,,0,0,0,0,0.0,0,0,0,0,54,1,0,6.51,0,0,0,0,0,0,0,0,0.0,0.0,0,1,3,2,1,0,0.0,0,8,7,87.5,0,6,1,1,16,55.17,16,107,129,235,52.1,4,0,290,2,1,0,Hamza Choudhury,Leicester City,833057,31,england,2021
0,0,0.0,15,0,0.0,21,11,32,65.31,5,41.67,7,11,0,0,0,0,,0,1,0,0,1,10,0,0,6,0,19,0,0,,,4,0,0.0,,0,0,2,1,1,0,0,,9,42.86,0,0,1,17,1,0,0,0,159,3,,0,0,0,0,0.0,0,0,0,0,37,1,0,6.51,0,0,0,0,0,0,0,0,0.0,0.0,0,2,1,2,1,4,57.14,0,4,1,25.0,0,1,7,1,14,42.42,0,37,13,49,65.1,3,0,91,1,0,0,Joshua King,Everton,100621,48,england,2021
18,1,14.29,100,15,36.59,234,267,500,85.03,10,37.04,17,22,0,0,0,0,,1,1,3,3,12,20,0,0,15,7,68,0,2,,,22,0,0.0,,0,0,22,18,4,0,0,,50,49.5,0,0,0,88,10,9,0,10,1027,0,,0,0,0,1,0.0,0,0,0,0,140,3,0,6.51,0,0,0,0,0,0,0,0,0.0,0.0,0,2,5,3,1,10,58.82,0,29,17,58.62,9,37,17,7,60,46.88,41,298,297,588,130.2,7,0,759,11,3,0,Ibrahima Diallo,Southampton,873050,45,england,2021
0,0,0.0,1,0,0.0,1,4,5,83.33,1,50.0,1,1,0,0,0,0,,0,0,0,0,0,1,0,0,1,0,3,0,0,,,1,0,0.0,,0,0,4,3,1,0,0,,0,0.0,0,0,1,1,0,0,0,0,39,0,,0,0,0,0,0.0,0,0,0,0,5,0,0,6.5,0,0,0,0,0,0,0,0,0.0,0.0,0,1,0,1,0,0,0.0,0,0,0,0.0,0,0,0,0,1,25.0,0,2,4,6,6.5,1,0,11,0,0,0,Liam Delap,Manchester City,997087,17,england,2021
0,0,0.0,0,0,0.0,0,9,9,90.0,0,0.0,0,1,0,0,0,0,,0,0,0,0,0,1,0,0,0,0,0,0,0,,,0,0,0.0,,0,0,3,3,0,0,0,,0,0.0,0,0,0,1,0,0,0,1,90,0,,0,0,0,0,0.0,2,0,1,0,1,0,0,6.5,0,0,0,2,0,2,0,0,0.0,0.0,0,0,0,0,0,0,0.0,0,0,0,0.0,0,0,0,0,0,0.0,1,1,9,10,6.5,0,0,18,0,0,0,Scott Carson,Manchester City,716,17,england,2021
0,0,0.0,1,0,0.0,7,8,15,88.24,0,0.0,0,1,0,0,0,0,,0,0,0,0,1,1,0,0,0,1,1,0,0,,,0,0,0.0,,0,0,0,0,0,0,0,,0,0.0,0,0,0,2,0,0,0,0,37,0,,0,0,0,0,0.0,0,0,0,0,3,0,0,6.5,0,0,0,0,0,0,0,0,0.0,0.0,0,0,0,0,0,0,0.0,0,0,0,0.0,0,1,0,1,0,0.0,2,9,9,17,6.5,0,0,21,0,0,0,Niall Huggins,Leeds United,994920,34,england,2021
0,0,0.0,3,0,0.0,4,1,5,83.33,1,50.0,1,2,0,0,0,0,,0,0,0,0,0,1,0,0,0,0,1,0,0,,,0,0,0.0,,0,0,0,0,0,0,0,,0,0.0,0,0,0,1,0,0,0,0,9,0,,0,0,0,0,0.0,0,0,0,0,3,0,0,6.5,0,0,0,0,0,0,0,0,0.0,0.0,0,0,0,0,0,0,0.0,0,0,0,0.0,0,0,0,0,1,50.0,0,4,2,6,6.5,0,0,10,0,0,0,Shola Shoretire,Manchester United,966655,35,england,2021
0,0,0.0,7,1,50.0,14,7,21,84.0,1,50.0,1,3,0,0,0,0,,0,0,0,0,2,2,0,0,2,2,9,0,0,,,0,0,0.0,,0,0,0,0,0,0,0,,7,46.67,0,0,0,4,1,1,0,1,88,1,,0,0,0,0,0.0,0,0,0,0,16,0,0,6.5,0,0,0,0,0,0,0,0,0.0,0.0,0,0,0,0,0,2,33.33,0,3,3,100.0,1,0,6,1,8,47.06,2,16,10,25,13.0,0,0,51,2,0,0,Anthony Gordon,Everton,914902,48,england,2021
6,2,20.0,14,5,20.0,36,36,70,64.22,7,77.78,2,4,0,0,0,0,,0,0,0,0,12,4,0,0,1,3,15,0,0,,,8,0,0.0,,0,0,8,7,1,0,0,,12,48.0,0,0,0,39,6,0,0,3,280,0,,0,0,0,0,0.0,0,0,0,0,62,0,0,6.5,0,0,0,0,0,0,0,0,0.0,0.0,0,1,2,3,0,3,75.0,0,6,5,83.33,0,16,4,10,19,55.88,25,71,48,109,26.0,3,0,207,4,2,0,Phil Bardsley,Burnley,768,6,england,2021
3,0,0.0,30,10,55.56,177,146,323,95.28,3,27.27,8,6,0,0,0,0,,0,0,0,0,10,6,0,0,0,2,14,0,0,,,4,0,0.0,,0,0,12,11,1,0,0,,10,62.5,0,0,0,16,4,1,0,3,380,0,,0,0,0,1,0.0,0,0,0,0,22,0,0,6.5,0,0,0,0,0,0,0,0,0.0,0.0,0,1,1,2,0,0,0.0,0,8,7,87.5,1,7,0,0,13,48.15,18,186,153,339,39.0,2,0,385,2,0,0,Eric García,Manchester City,876214,17,england,2021
0,1,33.33,23,0,0.0,34,12,45,80.36,3,30.0,7,9,0,0,0,0,,0,2,0,0,2,7,0,0,5,2,18,0,0,,,0,0,0.0,,0,0,0,0,0,0,0,,4,26.67,0,0,1,11,1,2,0,2,205,0,,0,0,0,0,0.0,0,0,0,0,27,2,0,6.5,0,0,0,0,0,0,0,0,0.0,0.0,0,5,2,5,2,0,0.0,0,3,2,66.67,2,2,4,3,7,28.0,1,46,13,56,45.5,7,0,96,1,0,0,Divock Origi,Liverpool,190399,44,england,2021
24,13,29.55,100,31,33.7,228,286,501,77.08,10,40.0,15,24,1,0,0,0,,1,0,1,3,36,24,0,0,13,22,80,0,1,,,18,0,0.0,,0,1,37,33,4,0,0,,65,50.0,0,0,1,149,11,14,0,20,1844,1,,0,0,0,1,0.0,0,0,0,0,260,4,0,6.48,0,0,0,0,0,0,0,0,0.0,0.0,0,2,1,1,1,12,50.0,0,37,20,54.05,14,72,24,44,75,48.39,92,352,342,650,155.5,3,0,1079,16,4,0,Jamal Lewis,Newcastle United,891803,39,england,2021
10,1,20.0,52,17,36.17,123,150,272,71.02,12,41.38,17,18,0,0,0,0,,0,0,2,1,24,17,0,1,7,17,73,0,0,,,30,0,0.0,,0,0,33,29,4,0,0,,42,42.86,0,0,1,111,16,5,0,15,1247,0,,1,0,0,0,0.0,0,0,0,0,140,8,0,6.48,1,0,0,0,0,0,0,0,0.0,0.0,0,2,3,3,0,2,40.0,0,33,18,54.55,5,36,5,5,54,42.52,47,210,178,383,110.1,5,0,551,7,2,0,Jake Livermore,West Bromwich Albion,34578,8,england,2021
3,2,10.0,99,5,45.45,168,90,256,76.19,23,41.07,33,20,0,0,0,0,,0,1,3,1,7,20,0,0,38,24,129,0,0,,,11,0,7.14,,1,1,33,25,8,0,1,,94,49.47,0,0,0,80,16,6,1,15,1237,4,,0,1,0,0,0.0,0,0,0,0,217,6,0,6.48,0,0,0,0,0,0,0,0,1237.0,0.0,0,10,4,7,4,25,51.02,0,35,19,54.29,5,17,49,20,117,47.56,11,247,109,336,129.5,14,0,677,35,0,0,Grady Diangana,West Bromwich Albion,848512,8,england,2021
0,0,0.0,3,0,0.0,5,7,12,100.0,0,0.0,4,4,0,0,0,0,,0,0,0,0,0,4,0,0,2,1,9,0,0,,,1,0,0.0,,0,0,2,1,1,0,0,,4,44.44,0,0,0,0,0,1,0,0,61,0,,0,0,0,0,0.0,0,0,0,0,5,0,0,6.48,0,0,0,0,0,0,0,0,0.0,0.0,0,0,0,0,0,0,0.0,0,1,0,0.0,1,0,1,1,4,30.77,0,6,7,12,25.9,0,0,24,3,0,0,Michael Obafemi,Southampton,921216,45,england,2021
0,0,0.0,15,0,0.0,22,10,32,88.89,0,0.0,4,5,0,0,0,0,,0,0,3,0,0,4,0,0,2,1,11,0,0,,,3,0,0.0,,0,0,3,3,0,0,0,,4,36.36,0,0,1,4,0,1,0,1,117,1,,0,0,0,0,0.0,0,0,0,0,23,0,0,6.48,0,0,0,0,0,0,0,0,0.0,0.0,1,3,3,3,0,3,60.0,0,0,0,0.0,1,1,5,7,4,26.67,1,29,14,36,25.9,6,0,72,1,0,0,Neeskens Kebano,Fulham,137786,43,england,2021
33,1,33.33,108,41,59.42,295,320,614,85.28,13,72.22,5,19,0,0,0,0,,1,0,1,1,10,19,0,0,10,29,75,2,1,,,18,0,0.0,,0,0,42,35,7,0,0,,52,42.62,0,0,0,106,18,6,0,17,1490,0,,1,0,0,0,0.0,0,0,0,0,153,7,0,6.47,0,0,0,0,0,0,0,0,0.0,0.0,0,0,4,3,0,8,38.1,0,30,18,60.0,6,54,21,3,65,46.43,69,364,359,720,123.0,4,0,909,14,2,0,Romaine Sawyers,West Bromwich Albion,54338,8,england,2021
0,0,0.0,16,2,40.0,22,8,30,75.0,0,0.0,2,3,1,0,0,0,,1,0,1,0,1,3,0,0,1,6,11,0,0,,,1,0,0.0,,0,1,5,5,0,0,0,,2,18.18,0,0,0,10,2,3,0,2,149,0,,0,0,0,0,0.0,0,0,0,0,19,1,0,6.47,0,0,0,0,0,0,0,0,0.0,0.0,0,1,2,2,0,0,0.0,0,2,1,50.0,3,1,1,5,2,15.38,5,36,9,40,19.4,3,0,61,0,0,0,Kamil Grosicki,West Bromwich Albion,33689,8,england,2021
4,3,14.29,87,3,20.0,140,95,232,76.57,4,14.81,23,22,3,0,0,0,,0,3,5,0,5,21,0,0,20,21,113,1,0,,,20,0,18.75,,3,6,23,20,3,3,0,,62,40.79,0,0,0,71,3,8,2,13,1162,3,,1,0,0,0,0.0,0,0,0,0,189,5,0,6.46,0,1,0,0,0,0,0,0,387.33,0.0,0,15,1,5,6,19,39.58,0,25,11,44.0,8,10,48,21,66,36.87,15,209,115,303,135.6,16,0,557,18,0,0,Hélder Costa,Leeds United,138891,34,england,2021
1,0,0.0,50,4,80.0,91,62,153,90.0,4,33.33,8,11,0,0,0,0,,0,0,2,0,1,9,0,0,9,5,33,0,0,,,12,0,0.0,,0,0,12,12,0,0,0,,13,34.21,0,0,0,17,2,1,0,4,377,0,,0,0,0,0,0.0,0,0,0,0,39,1,0,6.46,0,0,0,0,0,0,0,0,0.0,0.0,0,4,2,3,1,2,100.0,0,11,8,72.73,1,3,2,2,17,34.0,5,106,66,170,58.1,6,0,226,0,1,0,Joshua Onomah,Fulham,361332,43,england,2021
0,0,0.0,1,0,0.0,4,0,4,80.0,0,0.0,2,4,0,0,0,0,,0,0,0,0,0,3,0,0,1,0,5,0,0,,,1,0,0.0,,0,0,1,1,0,0,0,,2,40.0,0,0,0,1,0,0,0,0,37,1,,0,0,0,0,0.0,0,0,0,0,4,0,0,6.43,0,0,0,0,0,0,0,0,0.0,0.0,0,0,0,0,0,0,0.0,0,0,0,0.0,0,0,1,0,2,28.57,0,5,0,5,19.3,0,0,13,2,1,0,Joel Mumbongo,Burnley,888536,6,england,2021
1,0,0.0,5,1,50.0,6,3,9,64.29,0,0.0,4,5,0,0,0,0,,0,0,0,0,0,3,0,0,0,1,6,0,0,,,1,0,0.0,,0,0,3,3,0,0,0,,0,0.0,0,0,0,5,0,1,0,0,44,0,,0,0,0,0,0.0,0,0,0,0,6,0,0,6.43,0,0,0,0,0,0,0,0,0.0,0.0,0,0,0,0,0,0,0.0,0,0,0,0.0,1,1,0,0,0,0.0,2,11,3,14,19.3,0,0,17,0,1,0,Cenk Tosun,Everton,72127,48,england,2021
8,0,0.0,8,4,44.44,32,49,81,88.04,5,41.67,7,4,0,0,0,0,,0,0,0,0,11,4,0,0,1,0,9,0,0,,,2,0,0.0,,0,0,8,7,1,0,0,,4,66.67,0,0,0,11,3,0,0,3,282,0,,0,0,0,1,0.0,0,0,0,0,15,1,0,6.43,0,0,0,0,0,0,0,0,0.0,0.0,0,1,0,1,0,0,0.0,0,3,2,66.67,0,14,0,0,9,50.0,9,40,52,92,25.7,1,0,124,1,0,0,Mamadou Sakho,Crystal Palace,21134,7,england,2021
10,8,23.53,89,9,23.68,154,133,279,76.44,7,36.84,12,10,1,0,0,0,,1,0,2,2,14,10,0,0,9,15,48,1,0,,,6,0,0.0,,0,1,11,10,1,0,0,,22,37.93,0,0,1,86,8,7,0,8,750,0,,0,1,0,0,0.0,0,0,0,0,146,2,0,6.41,0,0,0,0,0,0,0,0,0.0,0.0,1,2,5,3,2,5,45.45,0,12,8,66.67,6,26,11,34,29,37.66,38,239,160,365,64.1,7,0,572,5,1,0,Cédric Soares,Arsenal,44760,42,england,2021
0,0,0.0,1,0,0.0,1,2,3,100.0,0,0.0,0,1,0,0,0,0,,0,0,0,0,0,1,0,0,0,0,2,0,0,,,0,0,0.0,,0,0,0,0,0,0,0,,2,50.0,0,0,0,0,0,0,0,0,8,0,,0,0,0,0,0.0,0,0,0,0,2,0,0,6.4,0,0,0,0,0,0,0,0,0.0,0.0,0,0,0,0,0,1,33.33,0,0,0,0.0,0,0,3,0,2,50.0,0,1,2,3,6.4,0,0,8,1,0,0,Hannibal Mejbri,Manchester United,1009386,35,england,2021
1,0,0.0,5,0,0.0,6,0,6,66.67,0,0.0,0,1,0,0,0,0,,0,0,0,0,1,1,0,0,1,0,2,0,0,,,0,0,0.0,,0,0,1,1,0,0,0,,1,33.33,0,0,0,3,0,0,0,0,11,0,,0,0,0,0,0.0,0,0,0,0,5,1,0,6.4,0,0,0,0,0,0,0,0,0.0,0.0,0,0,0,0,0,0,0.0,0,1,0,0.0,0,1,1,0,1,33.33,0,9,0,9,6.4,0,0,15,0,0,0,Jean-Philippe Gbamin,Everton,326343,48,england,2021
1,0,0.0,0,1,16.67,0,21,21,80.77,0,0.0,0,1,0,0,0,0,,0,0,0,0,0,1,0,0,0,0,0,0,0,,,1,0,0.0,,0,0,1,1,0,0,0,,0,0.0,0,0,0,5,0,0,0,1,90,0,,0,0,0,0,0.0,0,0,0,0,5,0,0,6.4,0,0,0,1,0,1,0,0,0.0,0.0,0,0,0,0,0,0,0.0,0,0,0,0.0,0,2,0,0,0,0.0,6,2,24,26,6.4,0,0,31,0,0,0,Zack Steffen,Manchester City,332995,17,england,2021
0,0,0.0,0,0,0.0,0,0,0,0.0,0,0.0,1,1,0,0,0,0,,0,0,0,0,0,1,0,0,0,0,1,0,0,,,0,0,0.0,,0,0,0,0,0,0,0,,0,0.0,0,0,0,1,0,0,0,0,8,0,,0,0,0,0,0.0,0,0,0,0,1,0,0,6.4,0,0,0,0,0,0,0,0,0.0,0.0,0,0,0,0,0,0,0.0,0,0,0,0.0,0,0,0,0,0,0.0,0,1,0,1,6.4,0,0,1,0,0,0,Reda Khadra,Brighton & Hove Albion,995671,30,england,2021
1,0,0.0,2,0,0.0,3,3,6,85.71,0,0.0,0,1,0,0,0,0,,0,0,0,0,0,1,0,0,1,0,1,0,0,,,0,0,0.0,,0,0,0,0,0,0,0,,0,0.0,0,0,0,1,0,0,0,0,9,0,,0,0,0,0,0.0,0,0,0,0,3,0,0,6.4,0,0,0,0,0,0,0,0,0.0,0.0,0,0,0,0,0,0,0.0,0,0,0,0.0,0,1,0,1,0,0.0,0,5,3,7,6.4,0,0,10,0,0,0,Thakgalo Khanya Leshabela,Leicester City,861974,31,england,2021
0,0,0.0,0,0,0.0,0,4,4,80.0,0,0.0,2,2,0,0,0,0,,0,0,0,0,0,1,0,0,0,0,3,0,0,,,1,0,0.0,,0,0,0,0,0,0,0,,0,0.0,0,0,0,1,0,0,0,0,10,0,,0,0,0,0,0.0,0,0,0,0,4,0,0,6.4,0,0,0,0,0,0,0,0,0.0,0.0,0,0,0,0,0,0,0.0,0,0,0,0.0,0,0,0,2,0,0.0,0,3,4,5,6.4,0,0,10,0,0,0,Konstantinos Tsimikas,Liverpool,786259,44,england,2021
0,0,0.0,4,0,0.0,4,0,4,100.0,0,0.0,2,3,0,0,0,0,,0,0,0,0,0,1,0,0,0,1,3,0,0,,,0,0,0.0,,0,0,1,1,0,0,0,,1,50.0,0,0,0,0,0,0,0,0,15,0,,0,0,0,0,0.0,0,0,0,0,1,1,0,6.4,0,0,0,0,0,0,0,0,0.0,0.0,0,1,0,0,1,0,0.0,0,0,0,0.0,0,0,0,0,1,25.0,0,4,0,4,6.4,1,0,8,1,0,0,Wesley Moraes,Aston Villa,798314,40,england,2021
2,1,100.0,15,2,40.0,41,64,104,84.55,0,0.0,2,4,0,0,0,0,,0,1,0,0,4,3,0,0,1,1,7,0,0,,,2,0,0.0,,0,0,3,3,0,0,0,,5,50.0,0,0,0,19,1,1,0,2,193,0,,0,0,0,0,0.0,0,0,0,0,29,0,0,6.4,0,0,0,0,0,0,0,0,0.0,0.0,0,1,0,0,1,2,50.0,0,0,0,0.0,1,3,4,1,5,41.67,5,46,78,123,19.2,1,0,167,3,0,0,Brandon Williams,Manchester United,927368,35,england,2021
0,0,0.0,13,2,100.0,22,12,34,77.27,4,26.67,11,11,0,0,0,0,,1,1,0,0,1,11,0,0,9,2,37,0,1,,,7,0,0.0,,0,0,10,7,3,0,0,,7,21.21,0,0,0,10,0,3,0,2,298,4,,0,0,0,0,0.0,0,0,0,0,42,0,0,6.38,0,0,0,0,0,0,0,0,0.0,0.0,0,3,1,2,2,4,30.77,0,1,0,0.0,3,0,13,1,11,22.92,2,30,15,44,70.2,4,0,101,2,0,0,Lys Mousset,Sheffield United,377108,15,england,2021
13,0,0.0,15,21,46.67,31,115,146,71.57,13,52.0,12,10,0,0,0,0,,0,0,0,0,26,9,0,1,0,5,24,0,2,,,8,0,0.0,,0,0,12,9,3,0,0,,6,33.33,0,0,0,58,10,0,0,6,539,0,,1,0,0,0,0.0,0,0,0,0,64,0,0,6.38,1,0,0,0,0,0,0,0,0.0,0.0,0,0,0,0,0,0,0.0,0,5,4,80.0,0,24,0,1,19,44.19,45,69,136,204,57.4,0,0,274,1,1,0,Phil Jagielka,Sheffield United,10507,15,england,2021
2,1,7.69,33,4,57.14,62,24,85,75.89,11,57.89,8,11,0,0,0,0,,0,1,1,0,0,11,0,1,8,5,34,0,0,,,9,0,0.0,,0,0,9,9,0,0,0,,9,25.71,0,0,0,27,1,6,0,2,321,0,,0,0,0,1,0.0,0,0,0,0,69,2,0,6.36,1,0,0,0,0,0,0,0,0.0,0.0,0,1,3,1,2,4,44.44,0,2,2,100.0,6,3,9,13,20,37.04,7,94,31,112,70.0,4,0,187,3,1,0,Aboubakar Kamara,Fulham,603736,43,england,2021
0,2,50.0,10,2,40.0,37,34,69,86.25,1,25.0,3,2,0,0,0,0,,0,0,0,0,4,2,0,0,6,1,14,0,0,,,2,0,0.0,,0,0,7,7,0,0,0,,9,45.0,0,0,0,11,2,1,0,1,172,0,,0,0,0,0,0.0,0,0,0,0,25,1,0,6.35,0,0,0,0,0,0,0,0,0.0,0.0,0,0,0,0,0,2,50.0,0,7,5,71.43,1,1,4,4,10,41.67,5,42,42,80,12.7,0,0,131,0,0,0,Rúben Vinagre,Wolverhampton,846441,3,england,2021
5,0,0.0,0,10,37.04,6,54,60,75.0,1,100.0,0,3,0,0,0,0,,0,0,0,1,6,3,0,0,0,0,0,1,0,,,0,0,0.0,,0,0,9,7,2,0,0,,0,0.0,0,0,0,20,0,0,0,3,270,0,,0,0,0,0,0.0,0,0,0,0,22,0,3,6.33,0,0,4,4,5,10,0,2,0.0,0.0,0,0,0,0,0,0,0.0,4,0,0,0.0,0,7,0,0,1,100.0,27,19,61,80,19.0,0,0,116,0,0,0,Adrián,Liverpool,50539,44,england,2021
15,0,0.0,12,20,40.82,46,101,147,79.03,6,60.0,4,4,0,0,0,0,,0,0,1,0,6,4,0,0,0,5,14,0,0,,,5,0,0.0,,0,0,10,10,0,0,0,,9,47.37,0,0,0,39,0,1,0,3,264,0,,0,0,0,0,0.0,0,0,0,0,42,0,0,6.33,0,0,0,0,0,0,0,0,0.0,0.0,0,1,0,0,0,3,100.0,0,3,2,66.67,1,38,3,0,15,51.72,49,75,111,186,25.3,1,0,216,3,2,0,Michael Hector,Fulham,147142,43,england,2021
0,0,0.0,2,3,16.67,3,1,4,21.05,0,0.0,0,1,0,0,0,0,,0,0,0,0,0,1,0,0,0,0,0,0,0,,,0,0,0.0,,0,0,2,1,1,0,0,,0,0.0,0,1,0,15,0,0,0,1,90,0,,0,0,0,0,0.0,0,0,0,0,16,0,0,6.3,0,0,0,1,2,3,0,1,0.0,0.0,0,0,0,0,0,0,0.0,0,0,0,0.0,0,0,0,0,0,0.0,18,18,1,19,6.3,0,0,26,0,0,0,Jack Butland,Crystal Palace,98448,7,england,2021
0,0,0.0,1,0,0.0,2,4,6,100.0,0,0.0,0,2,0,0,0,0,,0,0,0,0,0,1,0,0,0,0,4,0,0,,,1,0,0.0,,0,0,0,0,0,0,0,,0,0.0,0,0,0,0,0,0,0,0,13,0,,0,0,0,0,0.0,0,0,0,0,6,0,0,6.3,0,0,0,0,0,0,0,0,0.0,0.0,0,0,1,1,0,0,0.0,0,0,0,0.0,0,0,3,2,0,0.0,0,4,4,6,6.3,1,0,15,0,0,0,Moise Kean,Everton,835601,48,england,2021
0,1,25.0,6,1,33.33,13,12,24,85.71,0,0.0,0,2,0,0,0,0,,0,0,0,0,4,2,0,0,1,5,9,0,0,,,1,0,0.0,,0,0,1,1,0,0,0,,6,40.0,0,0,0,4,0,0,0,1,81,0,,0,0,0,0,0.0,0,0,0,0,14,1,0,6.3,0,0,0,0,0,0,0,0,0.0,0.0,0,0,1,1,0,2,50.0,0,4,3,75.0,0,1,4,4,6,40.0,3,19,13,28,12.6,1,0,61,0,1,0,Niels Nkounkou,Everton,941179,48,england,2021
2,0,0.0,1,8,50.0,2,31,33,80.49,1,100.0,0,2,0,0,0,0,,0,0,0,0,2,2,0,0,0,0,0,0,0,,,0,0,0.0,,0,0,5,5,0,0,0,,0,0.0,0,1,0,8,0,0,0,2,180,0,,0,0,0,0,0.0,1,0,0,0,8,0,2,6.3,0,0,1,3,1,4,0,1,0.0,0.0,0,0,0,0,0,0,0.0,1,0,0,0.0,0,3,0,0,1,100.0,16,7,34,41,12.6,0,0,54,0,0,0,Marek Rodák,Fulham,358694,43,england,2021
6,1,20.0,22,7,38.89,56,84,139,82.74,6,54.55,5,3,0,0,0,0,,0,0,0,0,5,3,0,0,2,3,17,0,0,,,7,0,0.0,,0,0,10,10,0,0,0,,8,40.0,0,0,0,29,5,1,0,3,270,1,,0,0,0,0,0.0,0,0,0,0,37,1,0,6.27,0,0,0,0,0,0,0,0,0.0,0.0,0,0,2,1,1,1,100.0,0,3,3,100.0,1,11,1,5,14,45.16,18,75,98,168,18.8,2,0,220,4,1,0,Denis Odoi,Fulham,58994,43,england,2021
0,0,0.0,4,0,0.0,7,5,12,92.31,0,0.0,1,1,0,0,0,0,,0,0,0,0,0,1,0,0,0,0,2,0,0,,,0,0,0.0,,0,0,1,1,0,0,0,,0,0.0,0,0,0,1,0,0,0,0,14,0,,0,0,0,0,0.0,0,0,0,0,2,0,0,6.2,0,0,0,0,0,0,0,0,0.0,0.0,0,0,0,0,0,0,0.0,0,0,0,0.0,0,0,1,0,0,0.0,0,8,5,13,6.2,0,0,18,0,0,0,Tyrese Francois,Fulham,941757,43,england,2021
0,0,0.0,2,0,0.0,5,4,9,100.0,0,0.0,0,1,0,0,0,0,,0,0,0,0,0,1,0,0,0,0,1,0,0,,,1,0,0.0,,0,0,2,1,1,0,0,,1,50.0,0,0,0,0,0,0,0,0,15,0,,0,0,0,0,0.0,0,0,0,0,1,0,0,6.2,0,0,0,0,0,0,0,0,0.0,0.0,0,0,0,0,0,0,0.0,0,1,1,100.0,0,0,0,0,1,50.0,0,5,4,9,6.2,0,0,13,0,1,0,Neil Taylor,Aston Villa,30243,40,england,2021
0,0,0.0,2,1,50.0,4,13,17,89.47,0,0.0,1,2,0,0,0,0,,0,0,0,0,0,2,0,0,1,3,6,0,0,,,1,0,0.0,,0,0,0,0,0,0,0,,0,0.0,0,0,0,2,1,0,0,0,31,0,,0,0,0,0,0.0,0,0,0,0,4,0,0,6.2,0,0,0,0,0,0,0,0,0.0,0.0,0,0,0,0,0,0,0.0,0,0,0,0.0,0,1,0,0,0,0.0,2,5,14,19,12.4,0,0,26,0,0,0,Leif Davis,Leeds United,963493,34,england,2021
0,0,0.0,0,0,0.0,1,1,2,100.0,0,0.0,2,1,0,0,0,0,,0,0,0,0,0,1,0,0,2,1,5,0,0,,,0,0,0.0,,0,0,1,1,0,0,0,,0,0.0,0,0,0,0,0,0,0,0,9,0,,0,0,0,0,0.0,0,0,0,0,3,0,0,6.1,0,0,0,0,0,0,0,0,0.0,0.0,0,0,0,0,0,0,0.0,0,0,0,0.0,0,0,0,0,0,0.0,0,1,1,2,6.1,0,0,6,0,0,0,Odion Ighalo,Manchester United,29774,35,england,2021
0,0,0.0,0,0,0.0,3,10,13,92.86,1,100.0,0,1,0,0,0,0,,0,0,0,0,0,1,0,0,1,2,3,0,0,,,0,0,0.0,,0,0,0,0,0,0,0,,0,0.0,0,0,0,1,0,0,0,0,22,0,,0,0,0,0,0.0,0,0,0,0,2,0,0,6.1,0,0,0,0,0,0,0,0,0.0,0.0,0,0,0,0,0,0,0.0,0,0,0,0.0,0,0,0,0,1,25.0,1,3,11,14,6.1,0,0,19,0,0,0,Oskar Buur,Wolverhampton,797688,3,england,2021
1,1,33.33,1,0,0.0,8,4,11,84.62,0,0.0,0,1,0,0,0,0,,0,0,0,0,0,1,0,0,0,1,3,0,0,,,2,0,0.0,,0,0,2,1,1,0,0,,0,0.0,0,0,0,2,0,1,0,1,66,1,,0,0,0,0,0.0,0,0,0,0,4,0,0,6.1,0,0,0,0,0,0,0,0,0.0,0.0,0,0,0,0,0,0,0.0,0,0,0,0.0,1,1,0,3,0,0.0,0,12,4,13,6.1,0,0,23,0,0,0,Jake Vokins,Southampton,879898,45,england,2021
3,0,0.0,23,1,25.0,38,23,61,77.22,2,28.57,5,6,0,0,0,0,,0,0,1,0,2,6,0,0,4,5,22,0,0,,,4,0,0.0,,0,0,7,7,0,0,0,,8,32.0,0,0,0,18,3,0,0,2,272,0,,0,0,0,1,0.0,0,0,0,0,36,2,0,6.07,0,0,0,0,0,0,0,0,0.0,0.0,1,0,2,1,0,2,28.57,0,5,1,20.0,0,7,7,5,10,31.25,4,58,26,79,36.4,2,0,119,1,0,0,Josh Benson,Burnley,974553,6,england,2021
1,0,0.0,9,21,41.18,20,6,26,46.43,0,0.0,0,2,0,0,0,0,,0,0,0,0,1,2,0,0,0,0,0,0,0,,,0,0,0.0,,0,0,4,3,1,0,0,,0,0.0,0,2,0,30,0,1,0,2,180,0,,0,0,0,0,0.0,0,0,0,0,30,0,1,6.05,0,0,0,0,2,2,0,0,0.0,0.0,0,0,0,0,0,0,0.0,0,0,0,0.0,1,3,0,0,0,0.0,51,47,9,56,12.1,0,0,62,0,0,0,Will Norris,Burnley,365296,6,england,2021
0,2,50.0,10,1,100.0,16,26,40,88.89,2,40.0,3,3,0,0,0,0,,0,1,0,0,5,3,0,0,5,4,17,0,0,,,1,0,0.0,,0,0,4,3,1,0,0,,6,30.0,0,0,0,5,2,1,0,1,107,0,,0,0,0,0,0.0,0,0,0,0,25,1,0,6.03,0,0,0,0,0,0,0,0,0.0,0.0,0,1,1,1,1,0,0.0,0,5,3,60.0,1,0,4,4,8,32.0,1,21,28,45,18.1,2,0,102,1,0,0,Yan Valery,Southampton,826202,45,england,2021
5,0,0.0,16,43,45.26,39,14,53,50.0,0,0.0,0,4,0,0,0,0,,0,0,0,0,1,4,0,0,0,0,0,0,0,,,0,0,0.0,,0,0,14,13,1,0,0,,1,100.0,0,0,0,53,0,0,0,4,360,0,,0,0,0,0,0.0,0,0,0,0,55,0,1,5.98,0,0,2,8,2,10,0,1,0.0,0.0,0,0,0,0,0,0,0.0,2,0,0,0.0,0,12,0,0,1,100.0,95,86,20,106,23.9,0,0,126,1,0,0,Bailey Peacock-Farrell,Burnley,826259,6,england,2021
0,0,0.0,0,2,50.0,0,22,22,91.67,0,0.0,0,1,0,0,0,0,,0,0,0,0,0,1,0,0,0,0,0,0,0,,,0,0,0.0,,0,0,3,3,0,0,0,,0,0.0,0,0,0,2,0,0,0,1,90,0,,0,0,0,0,0.0,0,0,0,0,2,0,0,5.7,0,0,0,0,0,0,0,0,0.0,0.0,0,0,0,0,0,0,0.0,0,0,0,0.0,0,0,0,0,0,0.0,4,1,23,24,5.7,0,0,26,0,0,0,Willy Caballero,Chelsea,52741,38,england,2021
0,0,0.0,0,0,0.0,0,0,0,0.0,1,100.0,0,1,0,0,0,0,,0,0,0,0,0,1,0,0,0,0,0,0,0,,,0,0,0.0,,0,0,3,3,0,0,0,,0,0.0,0,0,0,1,0,0,0,0,12,0,,0,0,0,0,0.0,0,0,0,0,2,0,0,5.7,0,0,0,0,0,0,0,0,0.0,0.0,0,0,0,0,0,0,0.0,0,0,0,0.0,0,0,0,0,1,100.0,0,0,1,1,5.7,0,0,2,0,0,0,Allan Tchaptchet,Southampton,991562,45,england,2021
0,0,0.0,0,0,0.0,0,15,15,78.95,0,0.0,1,1,0,0,0,0,,0,0,0,0,3,1,0,0,0,0,2,0,0,,,1,0,0.0,,0,0,9,8,1,0,0,,5,83.33,0,0,0,4,0,0,0,1,90,0,,0,0,0,0,0.0,0,0,0,0,6,0,0,5.5,0,0,0,0,0,0,0,0,0.0,0.0,0,0,0,0,0,0,0.0,0,5,2,40.0,0,3,0,0,5,71.43,0,0,19,19,5.5,0,0,37,0,1,0,Kayne Ramsay,Southampton,967457,45,england,2021
0,0,0.0,1,0,0.0,1,1,2,66.67,0,0.0,0,2,0,0,0,0,,0,0,0,0,0,2,0,1,0,0,1,0,0,,,1,0,0.0,,0,0,0,0,0,0,0,,3,75.0,0,0,0,1,0,0,0,1,11,0,,0,0,0,0,0.0,0,0,0,0,2,0,0,4.95,1,0,0,0,0,0,0,0,0.0,0.0,0,0,0,0,0,0,0.0,0,2,1,50.0,0,0,0,0,3,75.0,0,2,1,3,9.9,0,0,7,1,0,0,Alexandre Jankewitz,Southampton,909987,45,england,2021
0,0,0.0,1,0,0.0,1,0,1,100.0,0,0.0,0,1,0,0,0,0,,0,0,0,0,0,0,0,0,0,0,0,0,0,,,0,0,0.0,,0,0,0,0,0,0,0,,0,0.0,0,0,0,0,0,0,0,0,3,0,,0,0,0,0,0.0,0,0,0,0,0,0,0,0.0,0,0,0,0,0,0,0,0,0.0,0.0,0,0,0,0,0,0,0.0,0,0,0,0.0,0,0,0,0,0,0.0,0,1,0,1,0.0,0,0,2,0,0,0,Elliot Anderson,Newcastle United,994546,39,england,2021
0,0,0.0,1,0,0.0,1,1,2,50.0,0,0.0,0,1,0,0,0,0,,0,0,0,0,0,0,0,0,0,0,0,0,0,,,0,0,0.0,,0,0,0,0,0,0,0,,0,0.0,0,0,0,2,0,0,0,0,1,1,,0,0,0,0,0.0,0,0,0,0,2,1,0,0.0,0,0,0,0,0,0,0,0,0.0,0.0,0,0,0,0,0,0,0.0,0,0,0,0.0,0,0,0,0,0,0.0,0,3,1,4,0.0,0,0,4,0,0,0,Jaden Philogene-Bidace,Aston Villa,1014461,40,england,2021
0,0,0.0,0,0,0.0,0,0,0,0.0,0,0.0,0,1,0,0,0,0,,0,0,0,0,0,0,0,0,0,0,0,0,0,,,0,0,0.0,,0,0,0,0,0,0,0,,0,0.0,0,0,0,0,0,0,0,0,1,0,,0,0,0,0,0.0,0,0,0,0,0,0,0,0.0,0,0,0,0,0,0,0,0,0.0,0.0,0,0,0,0,0,0,0.0,0,0,0,0.0,0,0,0,0,0,0.0,0,0,0,0,0.0,0,0,0,0,0,0,Dane Scarlett,Tottenham Hotspur,998772,33,england,2021
0,0,0.0,0,0,0.0,0,0,0,0.0,0,0.0,0,1,0,0,0,0,,0,0,0,0,0,0,0,0,0,0,0,0,0,,,0,0,0.0,,0,0,0,0,0,0,0,,0,0.0,0,0,0,0,0,0,0,0,1,0,,0,0,0,0,0.0,0,0,0,0,0,0,0,0.0,0,0,0,0,0,0,0,0,0.0,0.0,0,0,0,0,0,0,0.0,0,0,0,0.0,0,0,0,0,0,0.0,0,0,0,0,0.0,0,0,0,0,0,0,William Fish,Manchester United,966654,35,england,2021
0,0,0.0,0,0,0.0,0,2,2,100.0,0,0.0,0,1,0,0,0,0,,0,0,0,0,0,0,0,0,0,0,0,0,0,,,0,0,0.0,,0,0,0,0,0,0,0,,1,100.0,0,0,0,0,0,0,0,0,2,0,,0,0,0,0,0.0,0,0,0,0,0,0,0,0.0,0,0,0,0,0,0,0,0,0.0,0.0,0,0,0,0,0,0,0.0,0,1,1,100.0,0,0,0,0,1,100.0,0,0,2,2,0.0,0,0,3,0,0,0,Nathan Broadhead,Everton,911710,48,england,2021
0,0,0.0,0,0,0.0,0,0,0,0.0,0,0.0,0,1,0,0,0,0,,0,0,0,0,0,0,0,0,0,0,0,0,0,,,0,0,0.0,,0,0,0,0,0,0,0,,0,0.0,0,0,0,1,0,0,0,0,1,0,,0,0,0,0,0.0,0,0,0,0,1,0,0,0.0,0,0,0,0,0,0,0,0,0.0,0.0,0,0,0,0,0,0,0.0,0,0,0,0.0,0,0,0,0,0,0.0,1,1,0,1,0.0,0,0,1,0,0,0,Jayson Molumby,Brighton & Hove Albion,856718,30,england,2021
0,0,0.0,0,0,0.0,0,0,0,0.0,0,0.0,0,1,0,0,0,0,,0,0,0,0,0,0,0,0,0,0,0,0,0,,,0,0,0.0,,0,0,0,0,0,0,0,,0,0.0,0,0,0,0,0,0,0,0,1,0,,0,0,0,0,0.0,0,0,0,0,0,0,0,0.0,0,0,0,0,0,0,0,0,0.0,0.0,0,0,0,0,0,0,0.0,0,0,0,0.0,0,0,0,0,0,0.0,0,0,0,0,0.0,0,0,0,0,0,0,Femi Seriki,Sheffield United,966458,15,england,2021
0,0,0.0,0,0,0.0,0,2,2,66.67,0,0.0,0,1,0,0,0,0,,0,0,0,0,0,0,0,0,0,0,0,0,0,,,0,0,0.0,,0,0,0,0,0,0,0,,1,100.0,0,0,0,1,0,0,0,0,1,0,,0,0,0,0,0.0,0,0,0,0,1,0,0,0.0,0,0,0,0,0,0,0,0,0.0,0.0,0,0,0,0,0,0,0.0,0,1,0,0.0,0,0,0,0,1,100.0,0,0,3,3,0.0,0,0,4,0,0,0,Martin Kelly,Crystal Palace,39472,7,england,2021
0,0,0.0,1,0,0.0,3,0,3,60.0,0,0.0,0,2,0,0,0,0,,0,0,0,0,0,0,0,0,0,0,0,0,0,,,0,0,0.0,,0,0,0,0,0,0,0,,1,100.0,0,0,0,2,0,0,0,0,2,0,,0,0,0,0,0.0,0,0,0,0,2,0,0,0.0,0,0,0,0,0,0,0,0,0.0,0.0,0,0,0,0,0,0,0.0,0,1,1,100.0,0,0,0,0,1,100.0,0,5,0,5,0.0,0,0,7,0,0,0,Felipe Anderson,West Ham United,152276,37,england,2021
0,0,0.0,0,0,0.0,0,0,0,0.0,0,0.0,1,2,0,0,0,0,,0,0,0,0,0,0,0,0,0,0,2,0,0,,,0,0,0.0,,0,0,0,0,0,0,0,,0,0.0,0,0,0,1,0,0,0,0,3,0,,0,0,0,0,0.0,0,0,0,0,2,0,0,0.0,0,0,0,0,0,0,0,0,0.0,0.0,0,0,0,0,0,0,0.0,0,0,0,0.0,0,0,1,0,0,0.0,0,1,0,1,0.0,0,0,2,0,0,0,Lewis Richardson,Burnley,993533,6,england,2021
