accurateChippedPasses,accurateCrosses,accurateCrossesPercentage,accurateFinalThirdPasses,accurateLongBalls,accurateLongBallsPercentage,accurateOppositionHalfPasses,accurateOwnHalfPasses,accuratePasses,accuratePassesPercentage,aerialDuelsWon,aerialDuelsWonPercentage,aerialLost,appearances,assists,attemptPenaltyMiss,attemptPenaltyPost,attemptPenaltyTarget,ballRecovery,bigChancesCreated,bigChancesMissed,blockedShots,cleanSheet,clearances,countRating,crossesNotClaimed,directRedCards,dispossessed,dribbledPast,duelLost,errorLeadToGoal,errorLeadToShot,expectedAssists,expectedGoals,fouls,freeKickGoal,goalConversionPercentage,goalKicks,goals,goalsAssistsSum,goalsConceded,goalsConcededInsideTheBox,goalsConcededOutsideTheBox,goalsFromInsideTheBox,goalsFromOutsideTheBox,goalsPrevented,groundDuelsWon,groundDuelsWonPercentage,headedGoals,highClaims,hitWoodwork,inaccuratePasses,interceptions,keyPasses,leftFootGoals,matchesStarted,minutesPlayed,offsides,outfielderBlocks,ownGoals,passToAssist,penaltiesTaken,penaltyConceded,penaltyConversion,penaltyFaced,penaltyGoals,penaltySave,penaltyWon,possessionLost,possessionWonAttThird,punches,rating,redCards,rightFootGoals,runsOut,savedShotsFromInsideTheBox,savedShotsFromOutsideTheBox,saves,savesCaught,savesParried,scoringFrequency,setPieceConversion,shotFromSetPiece,shotsFromInsideTheBox,shotsFromOutsideTheBox,shotsOffTarget,shotsOnTarget,successfulDribbles,successfulDribblesPercentage,successfulRunsOut,tackles,tacklesWon,tacklesWonPercentage,totalAttemptAssist,totalChippedPasses,totalContest,totalCross,totalDuelsWon,totalDuelsWonPercentage,totalLongBalls,totalOppositionHalfPasses,totalOwnHalfPasses,totalPasses,totalRating,totalShots,totwAppearances,touches,wasFouled,yellowCards,yellowRedCards,player,team,player id,team id,data_country,data_season
72,30,16.67,592,73,64.6,912,239,1121,82.55,12,40.0,18,30,8,0,0,0,,16,0,22,8,16,30,0,0,20,25,108,0,0,,,21,0,19.23,,15,23,22,22,0,10,5,,89,49.72,0,0,4,237,6,87,9,25,2205,4,,0,0,0,0,0.0,0,0,0,0,482,33,0,7.78,0,6,0,0,0,0,0,0,147.0,0.0,7,40,38,25,31,31,56.36,0,32,16,50.0,87,119,55,180,101,48.33,113,1263,275,1358,233.5,78,9,1907,27,2,0,Kevin De Bruyne,Manchester City,70996,17,england,2122
193,82,30.04,630,203,53.42,1150,616,1684,78.14,15,53.57,13,32,12,0,0,0,,18,0,15,17,33,32,0,0,19,33,97,0,0,,,12,1,3.92,,2,14,22,17,5,0,2,,66,44.0,0,0,0,471,43,90,0,32,2853,11,,0,0,0,0,0.0,0,0,0,0,798,27,0,7.65,0,2,0,0,0,0,0,0,1426.5,12.5,8,16,35,21,15,19,48.72,0,40,23,57.5,90,372,39,273,81,45.51,380,1712,716,2155,244.7,51,11,3107,7,2,0,Trent Alexander-Arnold,Liverpool,795064,44,england,2122
45,33,38.37,165,60,58.82,294,179,440,80.88,5,45.45,6,11,4,0,0,0,,5,0,7,4,12,11,0,0,9,9,37,0,0,,,5,0,4.55,,1,5,10,8,2,1,0,,24,43.64,0,0,0,104,9,31,1,10,938,0,,0,1,0,0,0.0,0,0,0,0,196,7,0,7.54,0,0,0,0,0,0,0,0,938.0,0.0,5,5,17,6,9,8,50.0,0,13,6,46.15,30,92,16,86,29,43.94,102,431,199,544,82.9,22,0,767,3,1,0,Christian Eriksen,Brentford,105734,50,england,2122
18,42,21.88,385,16,55.17,670,251,879,86.6,16,31.37,35,35,7,0,0,0,,10,17,17,6,8,35,0,0,46,18,152,0,0,,,14,1,26.74,,23,30,30,26,4,19,4,,102,46.58,0,0,2,136,13,73,12,35,3019,17,,0,1,0,0,0.0,0,0,0,2,464,19,0,7.5,0,11,0,0,0,0,0,0,131.26,50.0,2,62,24,20,49,51,55.43,0,15,6,40.0,72,34,92,192,118,43.7,29,934,273,1015,262.5,86,7,1684,36,2,0,Heung-min Son,Tottenham Hotspur,111505,33,england,2122
1,0,0.0,11,2,50.0,21,13,34,73.91,0,0.0,1,1,1,0,0,0,,1,0,1,0,0,1,0,0,3,1,5,0,0,,,0,0,0.0,,0,1,0,0,0,0,0,,6,60.0,0,0,0,12,0,2,0,1,59,0,,0,0,0,0,0.0,0,0,0,0,19,3,0,7.5,0,0,0,0,0,0,0,0,0.0,0.0,0,1,0,0,0,1,100.0,0,5,2,40.0,2,3,1,1,6,54.55,4,31,16,46,7.5,1,0,69,0,0,0,Kenedy,Chelsea,801391,38,england,2122
26,43,28.1,512,21,55.26,770,225,952,85.38,6,16.22,31,32,10,0,0,0,,10,4,21,6,11,32,0,0,34,24,142,0,0,,,30,0,14.47,,11,21,25,23,2,9,2,,82,42.49,0,0,3,163,13,58,1,27,2369,5,,0,0,1,0,100.0,0,1,0,0,412,16,0,7.43,0,10,0,0,0,0,0,0,215.36,0.0,6,48,28,26,29,18,42.86,0,41,16,39.02,58,53,42,153,88,38.26,38,1024,244,1115,237.7,76,6,1654,23,4,0,Mason Mount,Chelsea,836694,38,england,2122
35,24,22.22,420,43,71.67,814,445,1235,89.56,17,44.74,21,26,9,0,0,0,,9,1,13,5,18,25,0,1,22,13,85,0,0,,,20,0,13.51,,5,14,21,17,4,5,0,,100,60.98,0,0,1,144,17,49,1,22,1868,4,,1,1,0,1,0.0,0,0,0,0,297,9,0,7.4,1,4,0,0,0,0,0,0,373.6,0.0,6,19,18,14,10,36,76.6,0,33,25,75.76,48,58,47,108,117,57.92,60,998,489,1379,185.0,37,4,1979,31,4,0,Reece James,Chelsea,885908,38,england,2122
0,0,0.0,0,1,33.33,0,7,7,77.78,1,100.0,0,1,0,0,0,0,,0,0,0,0,1,1,0,0,0,0,0,0,0,,,0,0,0.0,,0,0,0,0,0,0,0,0.57,0,0.0,0,0,0,2,0,0,0,0,35,0,,0,0,0,0,0.0,0,0,0,0,2,0,1,7.4,0,0,0,2,2,4,0,1,0.0,0.0,0,0,0,0,0,0,0.0,0,0,0,0.0,0,0,0,0,1,100.0,3,1,8,9,7.4,0,0,16,0,0,0,Kristoffer Klaesson,Leeds United,858254,34,england,2122
27,6,14.63,458,18,64.29,705,163,862,79.89,7,17.5,33,35,13,0,0,1,,18,17,38,13,4,35,0,0,81,13,209,0,0,,,12,0,16.55,,23,36,22,15,7,22,1,,93,34.57,0,0,3,217,6,64,19,30,2761,12,,0,1,6,0,83.33,0,5,0,2,524,28,0,7.39,0,4,0,0,0,0,0,0,120.04,0.0,1,113,26,41,60,53,42.74,0,17,8,47.06,63,59,124,41,100,32.36,28,939,181,1079,258.8,139,7,1717,23,1,0,Mohamed Salah,Liverpool,159665,44,england,2122
18,12,42.86,42,17,40.48,82,62,132,65.02,10,66.67,5,6,0,0,0,0,,0,0,0,1,10,6,0,0,1,6,17,0,0,,,3,2,100.0,,2,2,5,5,0,0,2,,21,63.64,0,0,0,71,10,7,0,5,429,0,,0,0,0,0,0.0,0,0,0,0,99,0,0,7.38,0,2,0,0,0,0,0,0,214.5,100.0,2,0,2,0,2,1,33.33,0,17,10,58.82,7,45,3,28,31,64.58,42,149,82,203,44.3,2,1,354,3,0,0,Kieran Trippier,Newcastle United,69256,39,england,2122
161,4,44.44,642,180,72.0,1523,1109,2628,91.76,85,72.03,33,33,2,0,0,0,,0,0,13,15,42,33,0,0,23,27,134,0,0,,,43,0,15.56,,7,9,22,21,1,3,4,,104,50.73,2,0,1,236,28,29,1,33,2887,0,,0,0,0,0,0.0,0,0,0,0,300,29,0,7.38,0,4,0,0,0,0,0,0,412.43,0.0,0,22,23,18,14,12,54.55,0,72,44,61.11,29,222,22,9,189,58.51,250,1690,1183,2864,243.5,45,1,3245,20,5,0,Rodri,Manchester City,827606,17,england,2122
58,7,16.67,298,67,65.05,455,166,614,70.25,75,47.77,82,37,9,0,0,0,,19,18,36,13,39,37,0,0,61,11,239,0,0,,,42,0,12.78,,17,26,40,34,6,16,1,,123,43.93,4,0,3,260,3,53,4,36,3232,16,,0,3,4,0,100.0,0,4,0,0,520,18,0,7.38,0,9,0,0,0,0,0,0,190.12,0.0,8,86,47,42,55,54,54.0,0,15,5,33.33,50,113,100,42,198,45.31,103,706,210,874,273.0,133,5,1548,54,5,0,Harry Kane,Tottenham Hotspur,108579,33,england,2122
59,45,23.08,478,59,40.97,1042,645,1642,85.17,26,65.0,14,29,10,0,0,0,,9,0,4,16,51,29,0,1,15,15,73,0,0,,,19,0,16.67,,3,13,20,15,5,3,0,,58,49.57,2,0,0,286,23,56,1,29,2541,4,,0,1,0,0,0.0,0,0,0,0,519,16,0,7.36,1,0,0,0,0,0,0,0,847.0,0.0,0,11,7,6,8,13,56.52,0,36,21,58.33,55,116,23,195,84,53.5,144,1397,726,1928,213.3,18,6,2618,9,5,0,Andrew Robertson,Liverpool,262911,44,england,2122
73,0,0.0,265,109,57.37,802,1251,2053,88.53,109,68.13,51,31,3,0,0,0,,4,2,9,17,90,31,0,0,7,11,82,0,1,,,13,0,8.57,,3,6,21,16,5,3,0,,66,68.04,1,0,2,266,44,13,0,31,2790,0,,0,1,0,0,0.0,0,0,0,0,292,4,0,7.35,0,2,0,0,0,0,0,0,930.0,0.0,0,35,0,17,9,9,90.0,0,47,34,72.34,12,126,10,1,175,68.09,190,978,1342,2319,227.9,35,7,2690,11,2,0,Joël Matip,Liverpool,51501,44,england,2122
7,7,21.88,94,5,25.0,149,82,224,82.96,7,41.18,10,7,1,0,0,0,,1,2,4,4,14,6,0,0,3,3,29,0,1,,,10,0,23.08,,3,4,2,2,0,3,0,,26,57.78,0,0,1,46,4,11,3,6,541,2,,0,1,0,1,0.0,0,0,0,0,100,3,0,7.35,0,0,0,0,0,0,0,0,180.33,0.0,0,10,3,3,6,3,50.0,0,8,3,37.5,10,16,6,32,33,53.23,20,203,99,270,44.1,13,0,442,15,0,0,Ben Chilwell,Chelsea,802695,38,england,2122
45,15,22.39,406,62,80.52,778,393,1156,91.17,11,47.83,12,27,4,0,0,0,,6,5,16,10,10,27,0,0,19,19,74,0,0,,,13,0,14.55,,8,12,10,8,2,8,0,,57,47.9,2,0,3,112,16,39,1,20,1859,2,,0,1,0,0,0.0,0,0,0,0,220,18,0,7.33,0,5,0,0,0,0,0,0,232.38,0.0,2,41,14,20,19,24,68.57,0,23,9,39.13,38,59,35,67,68,47.89,77,921,414,1268,198.0,55,4,1587,10,1,0,İlkay Gündoğan,Manchester City,45853,17,england,2122
155,20,16.13,846,139,56.5,1572,961,2513,85.27,57,52.78,51,36,7,0,0,0,,8,4,31,19,31,36,0,0,24,45,203,0,1,,,34,0,1.23,,1,8,25,23,2,0,1,,165,52.05,0,0,2,434,59,39,0,36,3228,2,,0,0,0,0,0.0,0,0,0,0,681,16,0,7.33,0,1,0,0,0,0,0,0,3228.0,0.0,1,30,51,27,23,56,52.83,0,83,54,65.06,39,289,106,124,222,52.24,246,2007,1064,2947,263.8,81,6,3903,26,7,0,João Cancelo,Manchester City,138892,17,england,2122
134,1,50.0,239,171,65.52,927,1506,2432,92.75,57,64.04,32,32,0,0,0,0,,0,0,5,10,95,32,0,0,3,11,58,0,0,,,12,0,16.67,,3,3,28,24,4,3,0,,49,65.33,3,0,1,190,44,7,0,28,2651,1,,0,0,0,0,0.0,0,0,0,1,209,1,0,7.32,0,0,0,0,0,0,0,0,883.67,0.0,0,17,1,8,5,6,85.71,0,32,21,65.63,7,209,7,2,106,64.63,261,1046,1578,2622,234.3,18,5,2937,12,2,0,Thiago Silva,Chelsea,33541,38,england,2122
44,21,16.94,277,53,61.63,504,288,771,80.73,5,29.41,12,35,8,0,0,0,,11,2,18,2,7,35,0,0,32,32,114,0,0,,,22,1,16.67,,12,20,41,39,2,9,3,,135,56.96,0,0,3,184,11,49,5,28,2466,4,,0,1,0,0,0.0,0,0,0,1,385,21,0,7.32,0,7,0,0,0,0,0,0,205.5,7.69,13,31,41,20,34,31,64.58,0,40,20,50.0,48,96,48,124,140,55.12,86,753,326,955,256.2,72,7,1468,64,3,0,James Maddison,Leicester City,356398,31,england,2122
22,2,7.14,217,12,38.71,324,110,432,58.94,147,55.89,116,33,5,0,0,0,,10,6,24,8,42,33,0,0,44,26,256,0,1,,,50,0,13.64,,12,17,47,35,12,12,0,,137,49.46,2,0,2,301,14,43,0,32,2908,25,,0,0,5,0,100.0,0,5,0,3,522,25,0,7.31,0,10,0,0,0,0,0,0,242.33,0.0,0,72,16,34,30,24,48.0,0,33,21,63.64,43,56,50,28,284,52.59,31,611,150,733,241.2,88,3,1349,80,8,0,Ivan Toney,Brentford,290927,50,england,2122
24,36,27.27,412,19,67.86,685,189,838,87.38,5,15.63,27,28,5,0,0,0,,11,8,16,7,3,28,0,0,33,10,106,0,0,,,15,0,15.79,,9,14,16,16,0,7,2,,76,49.03,0,0,4,121,11,43,8,24,2133,14,,0,3,0,0,0.0,0,0,0,0,326,27,0,7.3,0,1,0,0,0,0,0,0,237.0,0.0,0,46,11,19,22,37,63.79,0,16,8,50.0,40,44,58,132,81,43.32,28,884,207,959,204.4,57,4,1397,23,1,0,Phil Foden,Manchester City,859765,17,england,2122
2,0,0.0,0,2,28.57,0,28,28,84.85,0,0.0,0,1,0,0,0,0,,0,0,0,1,2,1,1,0,0,0,0,0,0,,,0,0,0.0,,0,0,0,0,0,0,0,0.0,0,0.0,0,0,0,5,0,0,0,1,90,0,,0,0,0,0,0.0,0,0,0,0,5,0,0,7.3,0,0,2,2,0,2,0,0,0.0,0.0,0,0,0,0,0,0,0.0,2,0,0,0.0,0,4,0,0,0,0.0,7,4,29,33,7.3,0,0,43,0,0,0,Zack Steffen,Manchester City,332995,17,england,2122
101,33,30.0,340,115,62.5,664,356,987,79.47,23,57.5,17,35,4,0,0,0,,7,1,10,9,28,35,0,0,28,50,176,0,0,,,57,0,6.98,,3,7,48,39,9,0,3,,229,59.02,0,0,0,255,35,51,3,35,3092,0,,0,0,0,0,0.0,0,0,0,0,446,17,0,7.29,0,0,0,0,0,0,0,0,1030.67,0.0,0,5,38,17,16,44,64.71,0,106,64,60.38,51,198,68,110,252,58.88,184,941,411,1242,255.2,43,4,1917,80,8,0,John McGinn,Aston Villa,250223,40,england,2122
24,18,18.56,374,27,84.38,606,155,743,90.06,8,36.36,14,28,5,0,0,1,,5,4,17,4,4,28,0,0,21,14,82,0,0,,,10,0,18.03,,11,16,14,12,2,11,0,,52,43.33,0,0,3,82,6,40,11,15,1497,3,,0,0,5,0,80.0,0,4,0,0,257,9,0,7.28,0,0,0,0,0,0,0,0,136.09,0.0,6,44,17,21,23,26,52.0,0,11,3,27.27,40,36,50,97,60,42.25,32,749,173,825,203.7,61,3,1207,15,0,0,Riyad Mahrez,Manchester City,158213,17,england,2122
11,0,0.0,1,14,38.89,4,82,86,78.9,1,100.0,0,4,0,0,0,0,,0,0,0,2,6,4,0,0,0,0,0,0,0,,,0,0,0.0,,0,0,2,1,1,0,0,0.0,1,100.0,0,2,0,23,0,0,0,4,360,0,,0,0,0,0,0.0,0,0,0,0,23,0,2,7.28,0,0,4,8,3,11,0,2,0.0,0.0,0,0,0,0,0,0,0.0,4,0,0,0.0,0,15,0,0,2,100.0,36,20,89,109,29.1,0,0,159,1,0,0,Kepa Arrizabalaga,Chelsea,232422,38,england,2122
71,77,25.5,433,66,47.14,987,667,1577,86.32,27,43.55,35,36,5,0,0,0,,8,0,16,6,39,36,0,1,25,51,140,1,0,,,22,4,18.18,,10,15,63,59,4,5,5,,68,39.31,0,0,0,250,40,71,0,36,3217,0,,0,0,4,0,100.0,0,4,0,0,534,20,0,7.27,1,10,0,0,0,0,0,0,321.7,17.39,23,7,48,15,24,12,60.0,0,41,24,58.54,71,127,20,302,95,40.43,140,1392,737,1827,261.7,55,5,2509,15,3,0,James Ward-Prowse,Southampton,161717,45,england,2122
14,1,6.67,292,15,75.0,493,228,720,81.91,42,38.18,68,30,3,0,0,0,,7,13,30,6,29,30,0,0,30,4,129,0,0,,,16,1,16.36,,18,21,41,34,7,15,3,,46,42.99,2,0,2,159,2,26,2,27,2458,33,,0,0,3,0,100.0,0,3,0,2,275,14,0,7.26,0,14,0,0,0,0,0,0,136.56,12.5,8,88,22,37,43,20,62.5,0,8,6,75.0,26,22,32,15,88,40.55,20,626,268,879,217.7,110,5,1237,18,8,0,Cristiano Ronaldo,Manchester United,750,35,england,2122
104,0,0.0,184,165,57.69,814,1555,2369,89.53,117,77.48,34,34,1,0,0,0,,2,1,6,21,107,34,0,0,3,5,53,0,0,,,9,0,8.57,,3,4,21,15,6,3,0,,30,61.22,2,0,1,277,31,9,0,34,3060,0,,0,0,0,0,0.0,0,0,0,0,289,1,0,7.26,0,1,0,0,0,0,0,0,1020.0,0.0,1,32,3,15,14,6,75.0,0,16,10,62.5,9,195,8,0,147,73.5,286,1005,1641,2646,246.7,35,3,2921,8,3,0,Virgil van Dijk,Liverpool,151545,44,england,2122
132,39,26.35,558,117,50.87,1013,514,1488,78.27,19,38.78,30,36,6,1,1,0,,15,7,34,5,41,36,0,0,40,65,194,1,1,,,33,0,11.24,,10,16,54,45,9,8,2,,127,43.64,1,0,3,413,17,91,2,35,3118,3,,0,2,2,0,0.0,0,0,0,0,660,25,0,7.26,0,7,0,0,0,0,0,0,311.8,0.0,6,38,51,26,29,26,50.0,0,54,28,51.85,89,261,52,148,146,42.94,230,1433,616,1901,261.2,89,7,2565,47,10,0,Bruno Fernandes,Manchester United,288205,35,england,2122
29,5,41.67,119,44,77.19,234,204,433,85.74,4,30.77,9,17,1,0,0,0,,3,1,6,1,12,15,0,0,29,17,86,0,0,,,13,0,21.74,,5,6,13,13,0,5,0,,102,56.98,1,0,0,72,9,12,0,11,1039,4,,0,0,0,0,0.0,0,0,0,0,154,9,0,7.25,0,4,0,0,0,0,0,0,207.8,0.0,0,13,10,5,12,22,55.0,0,44,23,52.27,12,36,40,12,106,55.21,57,292,225,505,108.8,23,3,797,36,4,0,Bruno Guimarães,Newcastle United,866469,39,england,2122
30,3,33.33,188,38,69.09,485,424,906,89.97,21,53.85,18,17,4,0,0,0,,6,0,4,6,32,17,0,0,13,16,75,0,0,,,22,0,0.0,,0,4,12,9,3,0,0,,63,52.5,0,0,0,101,20,15,0,16,1365,0,,0,0,0,0,0.0,0,0,0,0,139,11,0,7.24,0,0,0,0,0,0,0,0,0.0,0.0,0,7,7,8,2,14,70.0,0,36,18,50.0,15,44,20,9,84,52.83,55,560,456,1007,123.1,14,1,1235,13,5,0,Rodrigo Bentancur,Tottenham Hotspur,791190,33,england,2122
8,5,35.71,179,6,75.0,297,93,385,87.7,15,48.39,16,13,3,0,0,0,,2,3,15,2,2,13,0,0,26,6,79,0,0,,,14,0,10.53,,4,7,4,3,1,3,1,,54,46.15,1,0,0,54,4,20,1,11,960,3,,0,0,0,0,0.0,0,0,0,0,135,14,0,7.23,0,2,0,0,0,0,0,0,240.0,0.0,0,27,11,10,13,31,63.27,0,9,7,77.78,20,9,49,14,69,46.62,8,349,104,439,94.0,38,0,660,14,0,0,Luis Díaz,Liverpool,883537,44,england,2122
27,0,0.0,192,44,55.7,484,667,1151,90.63,33,54.1,28,20,1,0,0,0,,0,0,0,9,42,19,0,0,7,7,62,1,1,,,19,0,33.33,,3,4,9,8,1,2,1,,63,64.95,2,0,0,119,19,4,0,17,1449,0,,0,0,0,1,0.0,0,0,0,0,144,3,0,7.23,0,1,0,0,0,0,0,0,483.0,0.0,0,4,5,2,7,10,83.33,0,40,27,67.5,4,52,12,4,96,60.76,79,550,724,1270,137.3,9,4,1474,14,2,0,Trevoh Chalobah,Chelsea,826134,38,england,2122
0,0,0.0,26,0,0.0,43,11,54,77.14,4,80.0,1,4,1,0,0,0,,0,1,5,1,0,4,0,0,2,3,9,0,0,,,1,0,15.38,,2,3,1,0,1,2,0,,7,46.67,1,0,0,16,0,1,1,4,305,1,,0,0,0,0,0.0,0,0,0,0,28,3,0,7.23,0,0,0,0,0,0,0,0,152.5,0.0,0,10,3,4,4,4,66.67,0,2,2,100.0,1,2,6,4,11,55.0,0,58,16,70,28.9,13,1,108,1,0,0,Ferran Torres,Manchester City,855833,17,england,2122
23,9,18.0,370,25,62.5,608,202,801,77.32,30,36.14,53,34,2,0,0,0,,9,13,32,13,11,34,0,0,59,18,201,0,0,,,50,0,16.33,,16,18,24,17,7,15,1,,130,46.76,3,0,0,235,8,43,4,32,2824,19,,0,2,0,0,0.0,0,0,0,1,484,22,0,7.22,0,9,0,0,0,0,0,0,176.5,0.0,0,79,19,27,39,47,61.04,0,33,20,60.61,41,46,77,50,160,44.32,40,855,231,1036,245.6,98,3,1653,50,5,0,Sadio Mané,Liverpool,217704,44,england,2122
5,7,28.0,157,5,71.43,260,141,394,86.4,3,27.27,8,18,8,0,0,0,,6,2,11,2,2,18,0,0,18,18,82,0,0,,,20,0,19.23,,5,13,11,7,4,5,0,,59,44.36,0,0,0,62,13,25,5,14,1265,4,,0,0,0,0,0.0,0,0,0,0,161,10,0,7.21,0,0,0,0,0,0,0,0,253.0,0.0,0,20,6,5,10,25,56.82,0,19,13,68.42,25,9,44,25,62,43.06,7,324,157,456,129.7,26,1,705,15,3,0,Dejan Kulusevski,Tottenham Hotspur,928124,33,england,2122
0,0,0.0,3,0,0.0,4,4,8,100.0,0,0.0,2,1,1,0,0,0,,1,0,0,0,0,1,0,0,0,0,2,0,0,,,0,0,0.0,,0,1,0,0,0,0,0,,1,100.0,0,0,0,0,0,1,0,0,9,0,,0,0,0,0,0.0,0,0,0,0,0,0,0,7.2,0,0,0,0,0,0,0,0,0.0,0.0,0,0,0,0,0,1,100.0,0,0,0,0.0,1,0,1,0,1,33.33,0,4,4,8,7.2,0,0,11,0,0,0,Neco Williams,Liverpool,927356,44,england,2122
1,0,0.0,0,2,40.0,1,21,22,88.0,0,0.0,0,1,0,0,0,0,,0,0,0,0,1,1,0,0,0,0,0,0,0,,,0,0,0.0,,0,0,1,1,0,0,0,0.42,0,0.0,0,1,0,3,0,0,0,1,90,0,,0,0,0,0,0.0,0,0,0,0,3,0,0,7.2,0,0,0,3,1,4,0,1,0.0,0.0,0,0,0,0,0,0,0.0,0,0,0,0.0,0,2,0,0,0,0.0,5,3,22,25,7.2,0,0,39,0,0,0,Danny Ward,Leicester City,197428,31,england,2122
38,1,16.67,329,55,64.71,612,448,1059,88.77,5,50.0,5,25,5,0,0,0,,8,1,5,6,9,25,0,0,22,18,78,0,1,,,24,0,9.09,,2,7,11,9,2,1,1,,109,59.89,0,0,0,134,7,28,0,16,1556,0,,0,1,0,0,0.0,0,0,0,0,196,16,0,7.2,0,2,0,0,0,0,0,0,778.0,0.0,1,8,14,11,6,38,74.51,0,51,31,60.78,27,61,51,6,114,59.38,85,723,476,1193,179.9,22,3,1460,20,4,0,Mateo Kovačić,Chelsea,136710,38,england,2122
84,6,20.0,500,128,73.56,1054,925,1973,91.64,42,60.87,27,36,4,0,0,0,,2,1,7,8,49,36,0,0,20,33,130,1,0,,,28,0,3.85,,1,5,49,42,7,0,1,,141,57.79,0,0,1,180,63,24,0,35,3178,0,,0,0,0,0,0.0,0,0,0,0,281,14,0,7.19,0,1,0,0,0,0,0,0,3178.0,0.0,1,8,18,11,8,50,69.44,0,80,42,52.5,24,130,72,30,183,58.47,174,1194,989,2153,259.0,26,2,2650,11,8,0,Declan Rice,West Ham United,856714,37,england,2122
85,4,22.22,479,134,62.62,1111,1163,2270,89.69,23,54.76,19,36,2,0,0,0,,4,2,11,14,52,36,0,0,22,47,132,0,0,,,28,0,6.45,,2,4,34,28,6,1,1,,159,58.46,0,0,1,261,48,26,1,36,3198,0,,0,1,0,0,0.0,0,0,0,0,359,22,0,7.19,0,1,0,0,0,0,0,0,1599.0,0.0,1,12,19,9,11,42,70.0,0,78,45,57.69,25,149,60,18,182,57.96,214,1320,1229,2531,258.9,31,3,3059,39,3,0,Pierre-Emile Højbjerg,Tottenham Hotspur,149593,33,england,2122
20,4,16.67,297,12,54.55,481,150,627,84.84,21,36.84,36,28,8,0,0,0,,8,7,20,7,6,27,0,0,27,20,131,0,0,,,26,0,12.5,,8,16,15,14,1,8,0,,90,48.65,1,0,2,112,14,38,1,21,1882,10,,0,0,1,0,100.0,0,1,0,2,253,17,0,7.18,0,6,0,0,0,0,0,0,235.25,0.0,0,55,9,19,25,46,64.79,0,18,12,66.67,38,26,71,24,111,45.87,22,592,171,739,193.9,64,3,1124,26,1,0,Gabriel Jesus,Manchester City,794839,17,england,2122
14,26,22.41,139,10,32.26,280,162,416,81.25,12,52.17,11,13,2,0,0,0,,3,1,3,3,19,13,0,0,5,4,52,0,2,,,20,0,0.0,,0,2,6,4,2,0,0,,41,50.0,0,0,0,96,10,25,0,9,877,0,,0,0,0,0,0.0,0,0,0,0,222,5,0,7.17,0,0,0,0,0,0,0,0,0.0,0.0,0,5,3,3,2,8,40.0,0,27,12,44.44,25,33,20,116,53,50.48,31,422,206,512,93.2,8,2,837,6,3,0,Konstantinos Tsimikas,Liverpool,786259,44,england,2122
66,59,31.22,344,62,53.45,607,372,920,82.81,15,41.67,21,29,4,0,0,1,,6,2,7,6,21,28,0,0,15,21,79,0,0,,,15,0,8.33,,2,6,24,18,6,2,0,,43,42.57,0,0,0,191,17,60,2,24,2047,4,,0,0,1,0,0.0,0,0,0,0,385,13,0,7.17,0,0,0,0,0,0,0,0,1023.5,0.0,1,16,8,8,9,9,50.0,0,28,15,53.57,60,126,18,189,58,42.34,116,887,413,1111,200.7,24,3,1577,6,1,0,Pascal Groß,Brighton & Hove Albion,48480,30,england,2122
39,0,0.0,138,53,70.67,388,504,892,91.49,47,81.03,11,14,0,0,0,0,,0,1,3,8,25,14,0,0,1,1,16,0,1,,,3,0,11.11,,1,1,6,6,0,1,0,,19,79.17,0,0,0,83,11,4,1,12,1118,0,,0,0,0,0,0.0,0,0,0,0,96,1,0,7.16,0,0,0,0,0,0,0,0,1118.0,0.0,0,7,2,1,5,8,88.89,0,5,3,60.0,4,52,9,3,66,80.49,75,440,538,975,100.3,9,0,1088,6,0,0,John Stones,Manchester City,152077,17,england,2122
41,8,13.79,660,43,50.59,1124,574,1690,89.61,7,31.82,15,35,4,0,0,0,,8,5,14,13,14,35,0,0,25,36,140,0,0,,,30,0,17.02,,8,12,23,22,1,7,1,,143,53.36,0,0,1,196,20,60,6,33,2859,9,,0,1,0,0,0.0,0,0,0,1,375,22,0,7.16,0,2,0,0,0,0,0,0,357.38,0.0,0,41,6,14,19,53,57.61,0,57,29,50.88,59,72,92,58,150,51.72,85,1314,630,1886,250.6,47,1,2400,33,6,0,Bernardo Silva,Manchester City,331209,17,england,2122
95,0,0.0,113,140,47.78,321,491,812,68.81,153,70.51,64,35,2,0,0,0,,0,5,2,7,183,35,0,0,5,14,111,2,2,,,30,0,4.55,,1,3,51,45,6,1,0,,88,65.19,1,0,1,368,49,10,0,35,3107,2,,1,0,0,0,0.0,0,0,0,0,394,1,0,7.15,0,0,0,0,0,0,0,0,3107.0,0.0,0,21,1,14,6,5,71.43,0,64,44,68.75,10,190,7,1,241,68.47,293,583,598,1180,250.4,22,4,1667,19,11,0,James Tarkowski,Burnley,145188,6,england,2122
45,0,0.0,106,58,44.96,325,816,1141,86.7,43,58.9,30,22,0,0,0,0,,0,0,2,5,72,21,0,0,5,12,79,1,0,,,28,0,16.67,,1,1,25,20,5,1,0,,86,63.7,0,0,0,175,33,6,0,21,1846,2,,0,0,0,1,0.0,0,0,0,0,200,3,0,7.15,0,1,0,0,0,0,0,0,1846.0,0.0,0,5,1,2,2,9,64.29,0,62,39,62.9,6,105,14,0,129,62.02,129,424,892,1316,150.2,6,3,1623,15,8,0,Cristian Romero,Tottenham Hotspur,829932,33,england,2122
30,1,100.0,62,65,51.18,221,679,899,87.37,65,70.65,27,18,0,0,0,0,,0,0,6,4,75,17,0,0,0,6,47,0,1,,,15,0,4.55,,1,1,19,18,1,1,0,,21,51.22,1,0,0,130,16,4,0,15,1434,1,,0,0,0,0,0.0,0,0,0,0,140,1,0,7.13,0,0,0,0,0,0,0,0,1434.0,0.0,0,21,1,10,6,1,100.0,0,15,12,80.0,4,67,1,1,86,64.66,127,314,716,1029,121.2,22,2,1230,5,7,0,Shane Duffy,Brighton & Hove Albion,55570,30,england,2122
89,1,25.0,390,99,72.79,817,519,1335,89.12,32,72.73,12,25,4,0,0,0,,3,1,14,3,12,25,0,0,13,32,87,0,2,,,19,0,4.0,,1,5,7,5,2,1,0,,80,51.61,0,0,0,163,26,29,1,17,1533,0,,0,0,0,0,0.0,0,0,0,0,210,19,0,7.13,0,0,0,0,0,0,0,0,1533.0,0.0,0,9,16,5,6,20,62.5,0,48,29,60.42,29,142,32,4,112,56.28,136,939,563,1498,178.2,25,0,1756,13,2,0,Thiago Alcântara,Liverpool,53825,44,england,2122
110,2,40.0,392,142,66.36,1219,1550,2767,94.76,52,61.9,32,33,0,0,0,0,,0,5,5,15,61,33,0,1,7,6,60,1,1,,,14,0,11.43,,4,4,23,22,1,4,0,,49,63.64,2,0,1,153,20,9,1,33,2836,2,,0,0,0,0,0.0,0,0,0,1,171,2,0,7.12,1,1,0,0,0,0,0,0,709.0,0.0,0,32,3,22,8,6,75.0,0,33,15,45.45,9,156,8,5,101,62.73,214,1314,1611,2920,235.1,35,3,3166,10,5,0,Aymeric Laporte,Manchester City,149734,17,england,2122
2,2,16.67,83,7,77.78,120,64,182,72.51,24,32.43,50,25,2,0,0,0,,2,8,7,3,17,25,0,0,8,6,90,0,0,,,13,0,27.78,,15,17,27,23,4,15,0,,27,40.3,3,0,0,69,1,18,4,20,1805,19,,1,0,0,0,0.0,0,0,0,0,128,9,0,7.12,0,8,0,0,0,0,0,0,120.33,0.0,0,51,3,21,26,9,40.91,0,6,5,83.33,18,4,22,12,51,36.17,9,185,78,251,178.1,54,3,438,12,2,0,Jamie Vardy,Leicester City,173827,31,england,2122
38,1,9.09,396,34,62.96,720,401,1120,86.69,14,50.0,14,26,4,0,0,0,,3,3,5,6,8,26,0,0,28,15,91,0,0,,,22,0,11.76,,2,6,19,16,3,0,2,,105,57.69,0,0,0,172,31,24,1,21,1781,0,,0,0,0,0,0.0,0,0,0,0,266,11,0,7.12,0,1,0,0,0,0,0,0,890.5,0.0,0,8,9,3,9,35,72.92,0,59,31,52.54,24,60,48,11,119,56.67,54,839,464,1292,185.2,17,1,1628,11,2,0,N'Golo Kanté,Chelsea,234148,38,england,2122
42,29,25.22,531,54,37.24,938,647,1556,81.98,40,52.63,36,35,1,0,0,0,,3,0,4,8,65,35,0,0,15,27,132,0,0,,,28,0,5.56,,1,2,39,28,11,1,0,,151,61.13,0,0,0,342,30,42,1,35,3092,3,,0,0,0,0,0.0,0,0,0,0,550,20,0,7.11,0,0,0,0,0,0,0,0,3092.0,0.0,0,9,9,11,3,28,50.91,0,93,62,66.67,42,96,55,115,191,59.13,145,1244,769,1898,248.9,18,2,2823,30,6,0,Marc Cucurella,Brighton & Hove Albion,794939,30,england,2122
77,0,0.0,19,152,48.1,75,931,1006,85.47,15,93.75,1,36,1,0,0,0,,1,0,0,20,47,36,1,0,0,2,3,1,0,,,0,0,0.0,,0,1,24,18,6,0,0,1.52,7,77.78,0,22,0,171,0,1,0,36,3240,0,,1,0,0,0,0.0,0,0,0,0,175,0,19,7.11,0,0,30,50,26,76,0,15,0.0,0.0,0,0,0,0,0,1,100.0,29,3,1,33.33,1,150,1,0,22,88.0,316,197,980,1177,256.0,0,1,1551,2,0,0,Alisson,Liverpool,243609,44,england,2122
125,10,22.73,345,197,62.15,778,853,1621,84.03,20,43.48,26,33,2,0,0,0,,3,0,10,9,46,32,0,0,17,63,137,1,2,,,25,1,9.52,,4,6,34,30,4,1,3,,105,48.61,0,0,0,308,41,26,0,31,2670,1,,0,1,0,0,0.0,0,0,0,0,416,14,0,7.11,0,4,0,0,0,0,0,0,667.5,25.0,4,3,39,16,16,26,81.25,0,68,37,54.41,25,233,32,44,125,47.71,317,1008,965,1929,227.5,42,2,2365,12,9,0,Rúben Neves,Wolverhampton,280955,3,england,2122
128,5,33.33,353,159,53.18,955,1249,2199,88.07,56,73.68,20,34,0,0,0,0,,0,3,12,14,87,34,0,0,8,12,81,1,0,,,35,0,6.25,,3,3,27,23,4,2,1,,66,51.97,1,0,1,298,28,12,0,34,3035,0,,0,0,0,0,0.0,0,0,0,2,351,2,0,7.11,0,2,0,0,0,0,0,0,1011.67,0.0,0,28,20,23,13,6,50.0,0,48,28,58.33,12,227,12,15,122,60.1,299,1146,1366,2497,241.7,48,3,2860,12,9,0,Antonio Rüdiger,Chelsea,142622,38,england,2122
69,1,33.33,252,99,63.06,936,1179,2114,93.33,51,58.62,36,29,4,0,0,0,,4,3,7,12,67,29,0,0,3,7,75,0,0,,,27,0,11.11,,2,6,18,16,2,1,1,,37,48.68,1,0,0,151,23,15,1,27,2403,2,,0,0,0,0,0.0,0,0,0,0,169,1,0,7.1,0,0,0,0,0,0,0,0,1201.5,0.0,0,15,3,8,3,2,50.0,0,26,19,73.08,15,119,4,3,88,53.99,157,1027,1241,2265,206.0,18,2,2494,9,5,0,Rúben Dias,Manchester City,318941,17,england,2122
41,31,20.81,339,42,38.18,593,358,920,81.06,40,57.97,29,28,4,0,0,0,,6,1,19,7,50,28,0,0,25,19,117,0,0,,,25,1,9.3,,4,8,22,19,3,3,1,,84,48.84,0,0,0,215,43,43,4,25,2178,3,,0,0,0,1,0.0,0,0,0,0,435,10,0,7.1,0,0,0,0,0,0,0,0,544.5,11.11,9,27,16,13,11,15,42.86,0,41,29,70.73,43,87,35,149,124,51.45,110,845,439,1135,198.8,43,4,1877,28,8,0,Marcos Alonso,Chelsea,69408,38,england,2122
0,0,0.0,1,0,0.0,3,2,5,83.33,1,100.0,0,1,0,0,0,0,,0,0,0,0,0,1,0,0,0,0,0,0,0,,,0,0,0.0,,0,0,0,0,0,0,0,,3,100.0,0,0,0,1,0,1,0,0,14,0,,0,0,0,0,0.0,0,0,0,0,2,0,0,7.1,0,0,0,0,0,0,0,0,0.0,0.0,0,0,0,0,0,0,0.0,0,3,1,33.33,1,0,0,1,4,100.0,0,5,2,6,7.1,0,0,10,0,0,0,Fin Stevens,Brentford,1064630,50,england,2122
1,0,0.0,0,4,33.33,2,68,70,89.74,1,100.0,0,2,0,0,0,0,,0,0,0,1,1,2,0,0,0,0,0,0,0,,,0,0,0.0,,0,0,2,1,1,0,0,0.0,2,100.0,0,0,0,8,0,0,0,2,180,0,,0,0,0,0,0.0,0,0,0,0,8,0,0,7.1,0,0,4,2,4,6,0,0,0.0,0.0,0,0,0,0,0,0,0.0,4,1,1,100.0,0,3,0,0,3,100.0,12,7,71,78,14.2,0,0,100,1,0,0,Caoimhin Kelleher,Liverpool,827362,44,england,2122
57,14,27.45,419,69,71.13,667,218,871,77.91,9,31.03,20,34,3,0,0,0,,5,3,24,6,7,34,0,0,73,27,168,0,0,,,24,0,10.81,,8,11,33,27,6,7,1,,116,43.94,0,0,2,247,15,47,1,32,2810,13,,0,0,1,1,100.0,0,1,0,1,487,34,0,7.1,0,6,0,0,0,0,0,0,351.25,0.0,5,43,31,23,27,56,70.0,0,34,20,58.82,47,110,80,51,125,42.66,97,912,257,1118,241.3,74,3,1695,26,2,0,Leandro Trossard,Brighton & Hove Albion,135666,30,england,2122
62,0,0.0,23,143,30.62,86,474,560,62.99,13,100.0,0,37,1,0,0,0,,2,0,0,11,39,37,2,0,0,2,5,2,3,,,3,0,0.0,,0,1,40,34,6,0,0,2.82,17,77.27,0,41,0,329,2,3,0,37,3285,0,,1,0,0,3,0.0,10,0,0,0,341,0,20,7.09,0,0,31,87,34,121,0,29,0.0,0.0,0,0,0,0,0,4,100.0,30,2,1,50.0,3,143,4,0,30,85.71,467,337,552,889,262.5,0,3,1347,12,3,0,José Sá,Wolverhampton,252669,3,england,2122
33,4,22.22,211,27,69.23,374,154,524,83.31,5,22.73,17,19,3,0,0,0,,5,2,9,0,4,19,0,0,20,15,82,0,0,,,8,0,11.63,,5,8,17,15,2,5,0,,58,47.15,0,0,0,105,7,25,0,16,1339,4,,0,0,0,0,0.0,0,0,0,0,202,10,0,7.09,0,5,0,0,0,0,0,0,267.8,0.0,6,18,25,18,16,21,48.84,0,17,12,70.59,25,55,43,18,63,43.45,39,479,168,629,134.7,43,1,882,20,0,0,Philippe Coutinho,Aston Villa,119159,40,england,2122
106,16,28.57,565,98,59.76,1201,659,1844,85.49,18,58.06,13,35,5,0,0,0,,6,1,10,9,11,35,0,0,12,27,82,0,0,,,23,0,6.45,,2,7,22,15,7,1,1,,59,46.09,0,0,0,313,23,41,1,29,2603,3,,0,3,0,0,0.0,0,0,0,0,411,29,0,7.09,0,1,0,0,0,0,0,0,1301.5,0.0,1,8,23,15,6,16,64.0,0,36,20,55.56,38,223,25,56,77,48.43,164,1495,718,2157,248.1,31,1,2491,7,3,0,Jordan Henderson,Liverpool,42694,44,england,2122
28,18,17.82,249,22,59.46,397,134,513,81.17,13,48.15,14,23,3,0,0,0,,9,1,16,3,8,23,0,0,24,26,125,0,0,,,24,0,7.69,,4,7,12,11,1,2,2,,75,40.32,0,0,1,119,10,31,4,14,1315,5,,0,1,0,0,0.0,0,0,0,0,324,17,0,7.09,0,0,0,0,0,0,0,0,328.75,0.0,3,16,36,17,19,28,43.08,0,19,10,52.63,30,53,65,101,88,41.31,37,581,152,632,163.0,52,1,1057,29,3,0,Hakim Ziyech,Chelsea,249437,38,england,2122
27,28,19.86,220,37,66.07,418,154,544,76.19,38,36.89,65,36,10,0,0,0,,9,13,23,5,8,36,0,0,51,27,203,0,0,,,25,0,15.19,,12,22,46,40,6,11,1,,129,48.31,2,0,4,170,21,42,8,34,2987,14,,0,1,0,0,0.0,0,0,0,2,449,23,0,7.09,0,2,0,0,0,0,0,0,248.92,0.0,0,63,16,22,34,50,56.82,0,36,20,55.56,41,54,88,141,167,45.14,56,658,197,714,255.1,79,5,1373,43,6,0,Jarrod Bowen,West Ham United,552884,37,england,2122
52,13,23.21,360,75,51.37,787,652,1426,83.49,24,55.81,19,32,4,0,0,0,,6,1,20,4,36,32,0,0,30,58,153,0,3,,,32,0,10.17,,6,10,42,35,7,5,1,,135,50.19,0,0,1,282,21,39,0,29,2633,0,,0,2,2,4,100.0,0,2,0,0,423,17,0,7.08,0,6,0,0,0,0,0,0,438.83,0.0,0,17,42,22,17,25,64.1,0,74,38,51.35,37,127,39,56,159,50.96,146,1030,734,1708,226.7,59,3,2229,36,3,0,Youri Tielemans,Leicester City,331737,31,england,2122
28,1,33.33,65,46,34.85,161,276,436,69.21,59,64.84,32,19,0,0,0,0,,3,2,3,5,81,19,0,1,4,10,66,0,2,,,20,0,13.33,,2,2,25,23,2,2,0,,52,60.47,1,0,0,194,24,6,0,18,1670,4,,0,0,0,2,0.0,0,0,0,0,221,1,0,7.08,1,1,0,0,0,0,0,0,835.0,0.0,0,15,0,7,5,5,62.5,0,37,15,40.54,6,91,8,3,111,62.71,132,296,337,630,134.6,15,2,911,12,2,0,Nathan Collins,Burnley,958916,6,england,2122
76,0,0.0,446,62,53.45,925,756,1681,89.27,13,33.33,26,29,2,0,0,1,,6,2,4,8,20,29,0,0,19,54,132,1,0,,,30,0,37.5,,6,8,16,14,2,6,0,,118,52.68,0,0,0,202,36,27,0,26,2278,0,,0,0,7,0,85.71,0,6,0,0,253,10,0,7.08,0,6,0,0,0,0,0,0,379.67,0.0,0,9,7,3,9,16,76.19,0,64,33,51.56,27,129,21,3,131,49.81,116,1082,804,1883,205.4,16,2,2197,38,5,0,Jorginho,Chelsea,132874,38,england,2122
38,36,28.13,283,46,58.97,518,370,852,81.22,23,37.1,39,34,3,0,0,0,,5,4,11,10,23,34,0,0,50,48,228,0,0,,,65,0,15.38,,8,11,38,31,7,7,1,,176,48.22,0,0,1,197,29,38,1,33,2851,2,,0,0,0,0,0.0,0,0,0,1,446,19,0,7.08,0,7,0,0,0,0,0,0,356.38,0.0,4,31,21,19,22,43,56.58,0,68,37,54.41,38,76,76,128,199,46.6,78,764,413,1049,240.8,52,4,1753,65,10,0,Conor Gallagher,Crystal Palace,904970,7,england,2122
12,0,0.0,127,14,43.75,335,437,772,90.82,37,72.55,14,14,0,0,0,0,,1,1,0,5,21,14,0,0,3,2,28,0,0,,,9,0,40.0,,2,2,3,2,1,2,0,,18,56.25,1,0,1,78,8,2,1,10,920,0,,0,0,0,0,0.0,0,0,0,0,91,3,0,7.08,0,0,0,0,0,0,0,0,460.0,0.0,0,5,0,3,2,0,0.0,0,16,9,56.25,2,29,2,1,55,66.27,32,383,468,850,99.1,5,1,967,2,0,0,Nathan Aké,Manchester City,149663,17,england,2122
20,1,50.0,125,38,39.18,403,587,989,87.83,47,55.95,37,23,0,0,0,0,,0,1,2,10,54,22,0,0,2,9,65,0,3,,,16,0,15.38,,2,2,16,15,1,2,0,,54,65.85,1,0,0,137,30,5,0,17,1631,1,,0,0,0,0,0.0,0,0,0,0,152,2,0,7.08,0,1,0,0,0,0,0,0,815.5,0.0,0,12,1,8,3,4,66.67,0,41,22,53.66,5,56,6,2,101,60.84,97,481,647,1126,155.7,13,2,1347,11,4,0,Davinson Sánchez,Tottenham Hotspur,566102,33,england,2122
67,3,23.08,286,74,51.75,621,713,1331,79.94,50,42.37,68,35,4,0,0,0,,7,4,7,6,56,35,0,0,26,49,205,0,1,,,56,0,11.11,,3,7,51,40,11,3,0,,160,53.87,1,0,1,334,64,29,1,35,3059,0,,0,0,0,0,0.0,0,0,0,0,410,15,0,7.07,0,1,0,0,0,0,0,0,1019.67,0.0,0,20,7,11,9,18,66.67,0,109,60,55.05,29,139,27,13,210,50.6,143,878,800,1665,247.6,27,0,2181,33,8,0,Christian Nørgaard,Brentford,135256,50,england,2122
28,5,16.13,313,24,55.81,596,290,881,90.73,15,46.88,17,15,4,0,0,0,,3,0,2,5,11,15,0,0,6,9,47,0,1,,,11,0,0.0,,0,4,9,9,0,0,0,,29,49.15,0,0,0,90,14,17,0,10,1044,1,,0,1,0,0,0.0,0,0,0,0,143,3,0,7.07,0,0,0,0,0,0,0,0,0.0,0.0,0,5,7,6,4,7,58.33,0,20,14,70.0,16,41,12,31,44,48.35,43,687,315,971,106.1,12,1,1193,2,0,0,Oleksandr Zinchenko,Manchester City,287643,17,england,2122
60,1,25.0,67,89,44.06,196,334,529,70.44,68,62.39,41,21,0,0,0,0,,2,2,3,6,92,21,0,0,0,7,58,0,1,,,9,0,15.79,,3,3,25,21,4,3,0,,37,68.52,3,0,1,222,24,5,0,21,1840,2,,1,0,0,0,0.0,0,0,0,0,234,2,0,7.07,0,0,0,0,0,0,0,0,613.33,0.0,0,18,1,12,4,4,80.0,0,26,12,46.15,5,138,5,4,105,64.42,202,363,392,751,148.5,19,1,1003,7,3,0,Ben Mee,Burnley,137774,6,england,2122
11,7,21.88,464,13,61.9,675,152,820,88.27,14,33.33,28,26,3,0,0,0,,5,6,21,10,6,26,0,0,28,8,109,0,0,,,17,0,6.67,,3,6,8,7,1,3,0,,112,58.03,1,0,1,109,8,54,1,22,1927,5,,0,1,0,0,0.0,0,0,0,0,232,14,0,7.07,0,1,0,0,0,0,0,0,642.33,0.0,0,41,4,8,16,40,58.82,0,17,16,94.12,53,19,68,32,126,53.62,21,798,163,929,183.8,45,0,1291,55,3,0,Jack Grealish,Manchester City,189061,17,england,2122
22,0,0.0,210,44,61.11,497,562,1059,89.22,16,51.61,15,26,2,0,0,0,,2,1,5,6,47,26,0,0,25,16,102,0,0,,,30,0,4.76,,1,3,28,23,5,0,1,,129,59.72,0,0,1,128,50,9,0,25,2116,0,,0,1,0,1,0.0,0,0,0,0,208,8,0,7.07,0,1,0,0,0,0,0,0,2116.0,0.0,1,3,18,11,5,34,66.67,0,76,49,64.47,8,46,51,2,145,58.7,72,587,602,1187,183.8,21,1,1594,19,10,0,Yves Bissouma,Brighton & Hove Albion,844842,30,england,2122
10,6,30.0,106,14,58.33,200,184,378,83.63,16,66.67,8,15,4,0,0,0,,3,3,5,2,19,15,0,0,6,6,34,0,0,,,11,0,12.5,,2,6,11,8,3,2,0,,28,51.85,1,0,0,74,13,15,0,9,890,0,,0,0,0,0,0.0,0,0,0,0,124,3,0,7.06,0,1,0,0,0,0,0,0,445.0,0.0,0,13,3,5,6,6,60.0,0,18,12,66.67,15,16,10,20,44,56.41,24,263,209,452,105.9,16,2,666,4,0,0,Matt Doherty,Tottenham Hotspur,143047,33,england,2122
3,3,42.86,59,4,100.0,83,23,103,85.12,6,75.0,2,6,0,0,0,0,,1,2,1,0,0,6,0,0,7,1,13,0,0,,,2,0,11.11,,1,1,2,2,0,1,0,,11,50.0,1,0,0,18,1,9,0,1,182,0,,0,1,0,0,0.0,0,0,0,0,33,4,0,7.05,0,0,0,0,0,0,0,0,182.0,0.0,0,3,6,4,4,7,87.5,0,0,0,0.0,8,5,8,7,17,56.67,4,101,27,121,42.3,9,0,166,4,0,0,Ross Barkley,Chelsea,98435,38,england,2122
7,9,23.08,114,10,66.67,188,53,232,77.85,15,46.88,17,20,0,0,0,0,,3,3,11,1,1,19,0,0,29,4,78,0,0,,,10,0,4.35,,1,1,10,8,2,1,0,,117,65.73,0,0,2,66,2,19,1,10,1063,9,,0,1,0,0,0.0,0,0,0,0,194,8,0,7.05,0,0,0,0,0,0,0,0,1063.0,0.0,0,11,12,7,5,83,81.37,0,8,3,37.5,18,15,102,39,132,62.86,15,266,71,298,133.9,23,1,610,26,0,0,Adama Traoré,Wolverhampton,286165,3,england,2122
13,10,20.0,357,7,58.33,597,113,700,85.37,4,17.39,19,30,5,0,0,1,,5,13,11,11,2,30,0,0,54,13,161,0,0,,,19,0,22.81,,13,18,17,16,1,13,0,,113,44.31,3,0,0,120,12,42,3,23,2133,10,,0,0,3,0,66.67,0,2,0,2,349,26,0,7.05,0,7,0,0,0,0,0,0,164.08,0.0,0,47,10,18,28,53,47.32,0,23,10,43.48,42,29,112,50,117,42.09,12,744,126,820,211.4,57,4,1309,37,1,0,Raheem Sterling,Manchester City,138534,17,england,2122
13,2,9.52,266,9,29.03,455,104,557,74.87,37,30.83,83,35,4,0,0,0,,7,14,19,4,6,35,0,0,33,42,241,0,0,,,41,0,16.67,,15,19,19,15,4,15,0,,106,40.15,4,0,1,187,6,41,6,27,2372,5,,0,1,0,0,0.0,0,0,0,2,354,25,0,7.05,0,5,0,0,0,0,0,0,158.13,0.0,0,79,11,38,33,27,39.13,0,39,18,46.15,40,25,69,21,143,37.24,31,629,136,744,246.6,90,4,1199,40,3,0,Diogo Jota,Liverpool,606164,44,england,2122
26,29,26.36,455,16,40.0,671,202,844,79.47,23,34.85,43,38,7,0,0,0,,8,5,39,5,21,38,0,0,47,26,206,0,0,,,39,0,11.34,,11,18,39,34,5,9,2,,142,46.56,0,0,1,218,22,69,10,36,2991,17,,0,1,2,0,100.0,0,2,0,2,501,22,0,7.04,0,1,0,0,0,0,0,0,271.91,0.0,0,72,25,27,31,43,42.16,0,40,21,52.5,68,51,102,110,165,44.47,40,927,245,1062,267.7,97,2,1781,59,6,0,Bukayo Saka,Arsenal,934235,42,england,2122
19,13,30.23,179,27,57.45,359,258,604,86.04,13,56.52,10,24,1,0,0,0,,2,0,3,2,19,18,0,0,5,17,52,0,0,,,17,0,0.0,,0,1,6,5,1,0,0,,44,51.16,0,0,0,98,17,22,0,9,863,0,,0,0,0,0,0.0,0,0,0,0,152,17,0,7.04,0,0,0,0,0,0,0,0,0.0,0.0,0,2,8,5,2,2,33.33,0,28,16,57.14,22,40,6,43,57,52.29,47,465,280,702,126.8,10,3,929,14,2,0,James Milner,Liverpool,791,44,england,2122
18,1,12.5,191,14,51.85,407,233,639,86.0,6,28.57,15,23,1,0,0,0,,2,1,11,2,3,22,0,0,10,16,70,0,0,,,21,0,11.54,,3,4,6,5,1,2,1,,70,56.0,0,0,1,104,14,15,2,14,1183,0,,0,0,0,0,0.0,0,0,0,0,165,9,0,7.04,0,1,0,0,0,0,0,0,394.33,0.0,0,7,19,8,7,15,62.5,0,46,23,50.0,15,31,24,8,76,52.05,27,490,261,743,154.9,26,0,979,9,3,0,Naby Keïta,Liverpool,365772,44,england,2122
6,0,0.0,61,9,56.25,126,99,225,82.12,9,69.23,4,8,1,0,0,0,,0,0,4,2,7,8,0,0,10,7,31,0,0,,,7,0,10.0,,1,2,6,1,5,0,1,,34,55.74,0,0,0,49,10,4,0,8,664,1,,0,0,0,0,0.0,0,0,0,0,74,3,0,7.04,0,1,0,0,0,0,0,0,664.0,0.0,0,6,4,2,4,7,70.0,0,16,10,62.5,4,10,10,0,43,58.11,16,155,119,274,56.3,10,0,390,11,2,0,Moisés Caicedo,Brighton & Hove Albion,987650,30,england,2122
101,0,0.0,154,157,52.16,539,1512,2051,87.43,68,55.74,54,36,1,0,0,0,,1,2,7,10,126,36,0,0,7,1,75,0,0,,,14,0,10.53,,2,3,43,34,9,2,0,,81,79.41,0,0,0,295,30,6,1,36,3223,0,,0,0,0,1,0.0,0,0,0,0,325,2,0,7.03,0,1,0,0,0,0,0,0,1611.5,0.0,0,18,1,7,5,12,92.31,0,35,17,48.57,6,217,13,3,149,66.52,301,716,1633,2346,253.1,19,1,2720,34,4,0,Marc Guéhi,Crystal Palace,877994,7,england,2122
47,0,0.0,148,83,47.16,448,858,1306,85.75,66,62.86,39,30,0,0,0,0,,0,3,3,10,106,30,0,0,5,13,76,1,2,,,17,0,7.69,,1,1,25,22,3,1,0,,78,67.83,1,0,2,217,45,3,0,30,2688,0,,0,0,0,1,0.0,0,0,0,0,251,2,0,7.03,0,0,0,0,0,0,0,0,2688.0,0.0,0,13,0,6,4,17,85.0,0,50,26,52.0,3,111,20,2,144,65.45,176,564,961,1523,210.9,13,2,1902,11,3,0,Max Kilman,Wolverhampton,894474,3,england,2122
20,5,14.71,154,24,64.86,264,130,389,83.84,4,33.33,8,18,1,0,0,0,,3,4,10,0,6,18,0,0,16,6,64,0,0,,,15,0,10.42,,5,6,18,15,3,4,1,,63,52.94,0,0,0,75,1,17,3,16,1278,3,,0,0,0,0,0.0,0,0,0,0,175,5,0,7.03,0,2,0,0,0,0,0,0,255.6,0.0,0,27,21,19,19,32,61.54,0,15,9,60.0,17,34,52,34,67,51.15,37,354,144,464,126.5,48,0,711,16,1,0,Mason Greenwood,Manchester United,942116,35,england,2122
49,42,21.11,261,60,55.05,492,280,730,77.74,13,44.83,16,38,1,0,0,0,,6,3,20,6,21,38,0,0,51,40,183,0,1,,,16,0,0.0,,0,1,49,44,5,0,0,,204,54.99,0,0,0,209,35,49,0,35,3117,1,,0,2,0,0,0.0,0,0,0,0,570,34,0,7.03,0,0,0,0,0,0,0,0,0.0,0.0,4,19,33,17,15,90,60.0,0,78,49,62.82,47,93,150,199,217,54.25,109,806,332,939,267.0,52,0,1816,36,1,0,Dwight McNeil,Burnley,935543,6,england,2122
61,0,0.0,168,88,44.0,573,1251,1824,89.5,55,58.51,39,35,0,0,0,0,,1,0,4,12,109,35,0,0,5,11,78,1,3,,,23,0,17.24,,5,5,37,32,5,5,0,,92,70.23,3,0,0,214,13,9,1,35,3068,1,,0,0,0,0,0.0,0,0,0,0,244,2,0,7.02,1,1,0,0,0,0,0,0,613.6,0.0,0,27,2,13,12,4,100.0,0,50,30,60.0,9,134,4,1,147,65.33,200,707,1332,2038,245.8,29,1,2397,38,6,1,Gabriel Magalhães,Arsenal,869792,42,england,2122
11,5,13.16,169,8,42.11,252,85,332,63.36,66,29.6,157,30,5,0,0,0,,7,6,26,4,33,30,0,0,54,16,299,0,0,,,36,0,13.89,,10,15,46,42,4,10,0,,148,51.03,2,0,2,192,12,29,2,28,2526,21,,0,0,3,0,100.0,0,3,0,1,425,24,0,7.02,0,6,0,0,0,0,0,0,252.6,0.0,2,52,20,23,23,40,48.78,0,40,23,57.5,29,20,82,38,214,41.72,19,449,113,524,210.6,72,2,1153,68,9,0,Richarlison,Everton,840217,48,england,2122
60,19,35.85,275,60,48.0,529,360,870,77.4,47,59.49,32,35,3,0,0,0,,2,0,10,7,40,35,0,0,18,32,133,0,1,,,39,0,6.9,,2,5,45,41,4,2,0,,108,51.67,0,0,0,254,68,40,1,32,2953,0,,0,0,0,0,0.0,0,0,0,0,379,15,0,7.02,0,1,0,0,0,0,0,0,1476.5,0.0,4,9,20,10,9,15,50.0,0,73,37,50.68,40,116,30,53,155,53.82,125,759,418,1124,245.6,29,2,1607,20,10,0,Josh Brownhill,Burnley,358394,6,england,2122
29,1,100.0,123,60,55.56,457,733,1189,90.01,49,55.68,39,19,0,0,0,0,,0,2,0,9,51,19,0,0,1,3,53,1,0,,,11,0,0.0,,0,0,11,9,2,0,0,,24,63.16,0,0,0,132,29,6,0,17,1494,0,,0,0,0,0,0.0,0,0,0,0,139,1,0,7.02,0,0,0,0,0,0,0,0,0.0,0.0,0,2,3,5,0,4,100.0,0,14,8,57.14,6,54,4,1,73,57.94,108,526,796,1321,133.3,5,0,1498,7,2,0,Andreas Christensen,Chelsea,186795,38,england,2122
110,1,100.0,125,128,48.12,555,1495,2049,88.13,70,56.45,54,35,0,0,0,0,,3,3,3,16,141,35,0,0,2,7,76,0,1,,,12,0,0.0,,0,0,30,24,6,0,0,,25,53.19,0,0,2,276,27,7,0,35,3072,0,,1,0,0,0,0.0,0,0,0,0,294,2,0,7.01,0,0,0,0,0,0,0,0,0.0,0.0,4,9,4,5,5,1,50.0,0,15,9,60.0,7,242,2,1,95,55.56,266,726,1600,2325,245.5,13,0,2630,9,1,0,Eric Dier,Tottenham Hotspur,146101,33,england,2122
133,0,0.0,75,259,44.27,172,447,619,64.48,10,83.33,2,24,0,0,0,0,,0,0,0,8,17,24,1,0,0,0,3,1,0,,,1,0,0.0,,0,0,27,20,7,0,0,1.3,1,50.0,0,27,0,341,0,1,0,24,2160,0,,0,0,0,1,0.0,4,0,0,0,350,0,7,7.01,0,0,16,42,34,78,4,10,0.0,0.0,0,0,0,0,0,0,0.0,16,0,0,0.0,1,241,0,0,11,78.57,585,453,507,960,168.3,0,2,1216,2,1,0,David Raya,Brentford,581310,50,england,2122
40,18,30.51,536,43,62.32,877,482,1341,86.02,15,39.47,23,36,4,0,0,0,,6,3,20,7,10,36,0,0,48,39,158,0,1,,,27,1,13.21,,7,11,39,33,6,5,2,,93,40.79,1,0,2,218,11,78,5,32,2791,3,,0,1,0,2,0.0,0,0,0,0,377,31,0,7.01,0,1,0,0,0,0,0,0,398.71,8.33,12,21,32,12,21,25,54.35,0,49,21,42.86,77,87,46,59,108,40.6,69,1088,530,1559,252.4,53,1,1970,20,4,0,Martin Ødegaard,Arsenal,547410,42,england,2122
69,34,23.45,355,81,38.57,725,721,1412,82.62,32,57.14,24,31,3,0,0,0,,5,0,7,7,64,31,0,0,4,12,62,0,0,,,14,1,11.11,,2,5,38,35,3,1,1,,46,54.76,0,0,0,297,35,31,2,31,2728,2,,0,0,0,1,0.0,0,0,0,0,468,3,0,7.01,0,0,0,0,0,0,0,0,1364.0,12.5,8,9,9,7,4,8,47.06,0,28,18,64.29,31,180,17,145,78,55.71,210,1037,817,1709,217.2,18,2,2361,10,3,0,Aaron Cresswell,West Ham United,43443,37,england,2122
46,4,19.05,124,64,32.32,313,758,1067,75.35,143,66.51,72,32,1,0,0,0,,2,1,3,7,148,32,0,0,7,13,101,0,1,,,9,0,6.25,,1,2,43,33,10,1,0,,73,71.57,0,0,0,349,44,12,1,32,2697,1,,0,1,0,0,0.0,0,0,0,0,450,2,0,7.01,0,0,0,0,0,0,0,0,2697.0,0.0,0,16,0,4,9,9,81.82,0,51,35,68.63,11,128,11,21,216,68.14,198,554,883,1416,224.2,16,2,2033,14,1,0,Ethan Pinnock,Brentford,855864,50,england,2122
20,6,18.18,221,10,47.62,416,146,556,76.69,48,60.0,32,34,6,0,0,0,,11,1,9,2,18,33,0,0,33,27,145,0,0,,,20,0,5.41,,2,8,21,21,0,1,1,,118,51.08,1,0,3,169,18,35,0,19,1776,3,,0,1,0,0,0.0,0,0,0,0,340,17,0,7.0,0,1,0,0,0,0,0,0,888.0,0.0,0,23,14,16,12,56,60.87,0,25,10,40.0,34,36,92,33,166,53.38,21,566,192,725,231.1,37,0,1152,37,4,0,Lucas Moura,Tottenham Hotspur,149710,33,england,2122
14,2,14.29,40,14,36.84,90,84,172,67.72,12,63.16,7,12,1,0,0,0,,1,0,3,4,37,11,0,0,2,11,36,0,0,,,14,0,0.0,,0,1,5,5,0,0,0,,36,55.38,0,0,0,82,10,2,0,8,731,0,,0,0,0,0,0.0,0,0,0,0,124,5,0,7.0,0,0,0,0,0,0,0,0,0.0,0.0,0,1,6,4,0,3,60.0,0,28,15,53.57,2,35,5,14,48,57.14,38,155,113,254,77.0,7,0,498,5,1,0,Erik Pieters,Burnley,17063,6,england,2122
1,0,0.0,0,0,0.0,1,0,1,100.0,0,0.0,0,1,0,0,0,0,,0,0,0,0,0,1,0,0,0,0,1,0,0,,,1,0,0.0,,0,0,0,0,0,0,0,,1,50.0,0,0,0,0,0,0,0,0,9,0,,0,0,0,0,0.0,0,0,0,1,0,0,0,7.0,0,0,0,0,0,0,0,0,0.0,0.0,0,0,0,0,0,0,0.0,0,0,0,0.0,0,1,0,0,1,50.0,0,1,0,1,7.0,0,0,2,1,0,0,Liam Delap,Manchester City,997087,17,england,2122
48,0,0.0,244,72,62.61,542,489,1031,85.56,24,48.0,26,24,1,0,0,0,,0,2,14,7,34,24,0,0,17,26,109,1,1,,,33,0,4.55,,2,3,24,21,3,2,0,,94,53.11,1,0,2,174,23,17,0,23,2032,0,,0,0,0,0,0.0,0,0,0,0,243,17,0,7.0,0,0,0,0,0,0,0,0,1016.0,0.0,2,13,31,20,10,35,81.4,0,43,29,67.44,17,88,43,3,118,51.98,115,671,537,1205,167.9,44,1,1527,17,5,0,Thomas Partey,Arsenal,316148,42,england,2122
57,15,25.86,194,71,55.47,424,362,771,80.23,29,63.04,17,24,0,0,0,0,,0,1,1,5,56,23,0,0,8,26,77,0,0,,,18,0,0.0,,0,0,29,26,3,0,0,,76,55.88,0,0,2,190,29,16,0,19,1805,1,,0,0,0,0,0.0,0,0,0,0,306,10,0,7.0,0,0,0,0,0,0,0,0,0.0,0.0,0,7,6,8,4,17,68.0,0,55,41,74.55,16,104,25,58,105,57.69,128,573,446,961,160.9,13,0,1470,4,4,0,Diogo Dalot,Manchester United,843200,35,england,2122
12,1,12.5,157,10,71.43,274,110,383,78.81,14,33.33,28,20,4,0,0,0,,3,1,10,3,3,20,0,0,25,13,88,0,0,,,7,0,16.67,,5,9,9,7,2,5,0,,46,43.4,0,0,0,103,4,16,1,10,990,3,,0,0,0,0,0.0,0,0,0,0,191,20,0,7.0,0,4,0,0,0,0,0,0,198.0,0.0,0,21,9,9,11,17,51.52,0,23,14,60.87,16,18,33,8,60,40.54,14,369,125,486,139.9,30,1,717,6,3,0,Roberto Firmino,Liverpool,143697,44,england,2122
64,1,33.33,128,137,53.31,448,1270,1717,88.37,81,68.64,37,29,0,0,0,0,,1,1,6,10,111,29,0,1,3,6,54,0,3,,,9,0,5.26,,1,1,32,23,9,1,0,,18,51.43,1,0,0,226,27,3,0,29,2574,0,,0,0,0,0,0.0,0,0,0,0,248,3,0,6.99,1,0,0,0,0,0,0,0,2574.0,0.0,0,19,0,6,7,4,100.0,0,10,8,80.0,3,151,4,3,99,64.71,257,608,1338,1943,202.8,19,1,2218,4,2,0,Lewis Dunk,Brighton & Hove Albion,115365,30,england,2122
46,1,33.33,290,62,63.92,642,488,1129,84.07,15,53.57,13,28,4,0,0,0,,4,1,4,4,20,27,0,0,25,57,141,0,0,,,31,0,26.67,,4,8,31,26,5,3,1,,114,47.11,0,0,0,214,32,28,3,24,2035,0,,1,0,0,0,0.0,0,0,0,1,302,12,0,6.99,0,1,0,0,0,0,0,0,508.75,0.0,0,6,9,2,9,21,58.33,0,63,27,42.86,28,79,36,3,129,47.78,97,776,570,1343,188.8,15,1,1719,30,5,0,Fred,Manchester United,243623,35,england,2122
14,0,0.0,57,23,41.82,269,392,661,88.13,34,64.15,19,11,0,0,0,0,,0,0,0,4,37,11,0,0,1,3,34,1,0,,,10,0,0.0,,0,0,10,7,3,0,0,,21,58.33,0,0,0,89,16,0,0,11,990,0,,0,0,0,0,0.0,0,0,0,0,97,1,0,6.99,0,0,0,0,0,0,0,0,0.0,0.0,0,4,0,4,0,2,66.67,0,16,10,62.5,0,35,3,0,55,61.8,55,325,425,750,76.9,4,0,867,3,2,0,Ibrahima Konaté,Liverpool,826215,44,england,2122
101,0,0.0,59,145,61.7,278,1236,1514,89.75,32,57.14,24,38,0,0,0,0,,0,1,4,11,139,38,0,0,1,12,57,0,0,,,20,0,33.33,,4,4,43,37,6,4,0,,33,50.0,3,0,0,173,28,3,1,38,3363,2,,0,0,0,0,0.0,0,0,0,0,185,0,0,6.99,0,0,0,0,0,0,0,0,840.75,0.0,0,10,2,4,4,1,100.0,0,31,14,45.16,3,181,1,2,65,53.28,235,367,1322,1687,265.6,12,0,1987,1,5,0,Conor Coady,Wolverhampton,98449,3,england,2122
86,5,38.46,336,99,59.64,740,637,1372,82.01,67,57.76,49,36,2,0,0,0,,4,1,6,6,40,36,0,0,16,45,163,0,0,,,46,0,8.33,,2,4,52,48,4,2,0,,131,53.47,1,0,0,301,51,37,0,34,2899,0,,0,0,0,0,0.0,0,0,0,0,382,22,0,6.99,0,1,0,0,0,0,0,0,1449.5,0.0,0,10,14,14,4,30,75.0,0,77,39,50.65,37,140,40,13,198,54.85,166,959,727,1673,251.6,24,3,2111,24,9,0,Oriol Romeu,Southampton,69416,45,england,2122
98,0,0.0,88,331,39.26,290,123,413,44.46,18,100.0,0,36,0,0,0,0,,0,0,0,9,46,36,0,0,0,2,2,1,2,,,0,0,0.0,,0,0,47,43,4,0,0,1.35,2,50.0,0,42,0,516,2,2,0,36,3240,0,,0,0,0,0,0.0,5,0,0,0,532,0,16,6.99,0,0,28,79,40,121,1,28,0.0,0.0,0,0,0,0,0,0,0.0,28,0,0,0.0,2,240,0,0,20,90.91,843,763,166,929,251.6,0,2,1311,2,1,0,Nick Pope,Burnley,162653,6,england,2122
41,15,22.73,329,48,70.59,584,270,839,84.41,25,52.08,23,33,2,0,1,0,,2,4,28,4,16,32,0,0,23,39,135,0,0,,,30,0,8.33,,5,7,29,19,10,4,1,,124,52.54,0,0,3,155,13,32,0,22,2120,4,,0,1,3,0,66.67,0,2,0,0,297,18,0,6.99,0,5,0,0,0,0,0,0,424.0,0.0,4,23,37,21,11,21,50.0,0,65,40,61.54,31,69,42,66,149,52.46,68,760,300,994,223.6,60,1,1458,39,4,0,Alexis Mac Allister,Brighton & Hove Albion,895324,30,england,2122
36,0,0.0,44,59,39.6,184,792,976,83.06,82,65.08,44,21,1,0,0,0,,0,0,1,5,72,21,0,0,1,10,75,0,2,,,19,0,0.0,,0,1,26,24,2,0,0,,53,63.1,0,0,0,199,43,4,0,21,1815,2,,0,0,0,1,0.0,0,0,0,0,213,2,0,6.99,0,0,0,0,0,0,0,0,0.0,0.0,0,6,0,4,1,3,75.0,0,41,23,56.1,4,86,4,1,135,64.29,149,300,876,1175,146.7,6,1,1430,9,5,0,Liam Cooper,Leeds United,39327,34,england,2122
3,7,28.0,22,2,50.0,39,23,55,73.33,4,44.44,5,8,3,0,0,0,,2,1,1,0,1,6,0,0,6,1,28,0,0,,,9,0,0.0,,0,3,5,4,1,0,0,,27,54.0,0,0,0,20,2,5,0,1,204,0,,0,0,0,0,0.0,0,0,0,0,61,3,0,6.98,0,0,0,0,0,0,0,0,0.0,0.0,0,5,0,2,2,10,58.82,0,9,6,66.67,5,6,17,25,31,52.54,4,70,30,75,41.9,5,0,174,8,0,0,Chiquinho,Wolverhampton,1015826,3,england,2122
80,0,0.0,19,157,47.01,79,530,609,76.8,14,87.5,2,38,0,0,0,0,,1,0,0,16,34,38,2,0,0,1,3,1,2,,,0,0,0.0,,0,0,40,34,6,0,0,-1.45,2,66.67,0,28,0,184,1,2,0,38,3420,0,,0,0,0,0,0.0,2,0,0,0,192,0,10,6.98,0,0,22,60,38,98,0,29,0.0,0.0,0,0,0,0,0,0,0.0,22,1,1,100.0,2,130,0,0,16,84.21,334,208,585,793,265.3,0,4,1140,2,2,0,Hugo Lloris,Tottenham Hotspur,9048,33,england,2122
12,14,29.17,306,13,46.43,502,238,726,79.87,12,25.53,35,33,1,1,0,1,,4,4,18,10,5,33,0,0,110,21,278,0,0,,,37,0,20.29,,14,15,33,25,8,12,2,,216,47.06,1,0,3,183,5,47,2,31,2762,24,,0,1,7,0,71.43,0,5,0,1,549,33,0,6.98,1,11,0,0,0,0,0,0,197.29,0.0,0,53,16,19,32,75,49.34,0,40,20,50.0,46,30,152,48,228,45.06,28,678,279,909,230.3,69,2,1699,101,4,1,Wilfried Zaha,Crystal Palace,111850,7,england,2122
35,30,23.62,201,23,26.74,459,322,751,80.32,30,55.56,24,21,4,0,0,0,,2,0,3,4,43,21,0,0,10,16,82,0,0,,,23,0,0.0,,0,4,26,22,4,0,0,,69,54.33,0,0,2,184,26,26,0,18,1660,1,,0,0,0,2,0.0,0,0,0,0,342,7,0,6.98,0,0,0,0,0,0,0,0,0.0,0.0,4,2,8,4,3,12,54.55,0,48,27,56.25,26,89,22,127,99,54.7,86,678,384,935,146.5,10,1,1445,9,1,0,Alex Telles,Manchester United,312110,35,england,2122
25,0,0.0,107,47,32.19,294,684,978,80.1,100,65.79,52,29,1,0,0,0,,2,1,4,9,144,29,0,0,4,13,97,0,0,,,26,0,5.56,,1,2,30,28,2,1,0,,44,49.44,1,0,0,243,44,6,0,28,2462,5,,0,0,0,0,0.0,0,0,0,0,269,1,0,6.98,0,0,0,0,0,0,0,0,2462.0,0.0,0,18,0,9,5,0,0.0,0,38,23,60.53,6,75,3,1,144,59.75,146,452,770,1221,202.3,18,1,1599,6,8,0,Dan Burn,Newcastle United,99090,39,england,2122
25,13,20.63,213,26,66.67,346,82,415,67.48,79,40.93,114,36,8,0,0,1,,7,10,24,4,14,36,0,0,72,11,285,0,0,,,50,0,12.05,,10,18,43,38,5,9,1,,125,42.23,1,0,1,200,3,46,3,34,2976,13,,0,1,1,0,0.0,0,0,0,0,522,23,0,6.98,1,6,0,0,0,0,0,0,297.6,0.0,0,67,16,30,29,50,53.76,0,23,17,73.91,45,48,93,63,204,41.72,39,566,112,615,251.1,83,3,1268,52,6,1,Michail Antonio,West Ham United,47772,37,england,2122
9,2,33.33,166,15,60.0,330,203,531,90.46,7,50.0,7,15,1,0,0,0,,1,0,6,1,3,12,0,0,18,9,53,0,0,,,11,0,5.0,,1,2,9,7,2,0,1,,55,54.46,0,0,1,56,6,11,0,10,855,1,,0,0,0,0,0.0,0,0,0,0,105,6,0,6.98,0,1,0,0,0,0,0,0,855.0,0.0,0,5,15,7,7,25,75.76,0,11,9,81.82,11,25,33,6,62,53.91,25,384,209,587,83.7,20,0,750,19,0,0,Curtis Jones,Liverpool,927353,44,england,2122
71,0,0.0,208,108,40.15,520,906,1426,80.07,73,59.35,50,31,0,0,0,0,,0,2,0,11,149,31,0,0,5,14,100,1,1,,,30,0,11.11,,2,2,30,26,4,2,0,,61,54.95,0,0,2,355,58,7,1,31,2708,3,,0,0,0,2,0.0,0,0,0,0,390,3,0,6.97,0,1,0,0,0,0,0,0,1354.0,0.0,1,15,3,12,6,7,70.0,0,40,27,67.5,7,191,10,9,134,57.26,269,725,1065,1781,216.2,18,1,2207,15,6,0,Romain Saïss,Wolverhampton,187729,3,england,2122
8,0,0.0,121,4,80.0,171,60,231,72.87,51,51.52,48,26,0,0,0,0,,4,3,15,6,20,25,0,0,25,4,96,0,0,,,8,0,18.6,,8,8,14,9,5,7,1,,27,36.0,2,0,2,86,0,24,3,16,1593,14,,0,0,1,0,100.0,0,1,0,3,172,8,0,6.97,0,3,0,0,0,0,0,0,199.13,0.0,1,38,5,13,15,13,52.0,0,2,1,50.0,24,12,25,7,78,44.83,5,251,73,317,174.3,43,2,533,12,1,0,Romelu Lukaku,Chelsea,78893,38,england,2122
11,0,0.0,38,16,45.71,147,322,469,88.99,21,67.74,10,7,0,0,0,0,,0,1,0,1,26,7,0,0,2,4,23,0,1,,,7,0,0.0,,0,0,7,6,1,0,0,,21,61.76,0,0,0,58,12,2,0,7,630,0,,0,0,0,0,0.0,0,0,0,0,65,0,0,6.97,0,0,0,0,0,0,0,0,0.0,0.0,0,3,0,2,1,3,100.0,0,12,8,66.67,2,30,3,0,42,64.62,35,168,359,527,48.8,3,0,609,7,2,0,Wesley Fofana,Leicester City,923894,31,england,2122
49,6,17.14,375,76,59.84,787,570,1351,90.31,19,54.29,16,20,2,0,0,0,,3,0,4,10,15,20,0,0,6,9,45,0,1,,,7,0,0.0,,0,2,14,13,1,0,0,,34,53.97,0,0,0,145,14,14,0,20,1755,1,,0,2,0,0,0.0,0,0,0,0,218,7,0,6.97,0,0,0,0,0,0,0,0,0.0,0.0,1,2,6,2,2,7,50.0,0,15,6,40.0,12,85,14,35,53,54.08,127,912,619,1496,139.4,8,0,1800,12,1,0,Kyle Walker,Manchester City,44614,17,england,2122
54,0,0.0,81,80,62.02,321,690,1011,87.84,56,73.68,20,22,1,0,0,0,,1,1,3,5,78,22,0,0,0,12,38,0,1,,,5,0,11.11,,1,2,22,18,4,1,0,,36,66.67,0,0,0,140,18,4,0,20,1835,0,,0,0,0,0,0.0,0,0,0,0,150,1,0,6.97,0,1,0,0,0,0,0,0,1835.0,0.0,0,9,0,5,1,2,66.67,0,28,19,67.86,4,88,3,1,92,70.77,129,401,751,1151,153.3,9,2,1351,7,0,0,Raphaël Varane,Manchester United,138310,35,england,2122
54,0,0.0,9,136,40.84,61,536,597,74.91,9,90.0,1,30,0,0,0,0,,0,0,0,11,22,30,1,0,0,0,2,0,1,,,1,0,0.0,,0,0,33,26,7,0,0,1.55,2,66.67,0,15,0,200,1,0,0,30,2655,0,,0,0,0,1,0.0,3,0,0,0,207,0,14,6.97,0,0,17,50,33,84,3,13,0.0,0.0,0,0,0,0,0,0,0.0,17,1,0,0.0,0,110,0,0,11,84.62,333,193,604,797,209.0,0,2,1117,2,2,0,Vicente Guaita,Crystal Palace,32023,7,england,2122
58,33,20.37,306,56,41.18,511,266,744,69.27,23,42.59,31,35,3,0,0,0,,10,6,26,4,25,35,0,0,35,49,238,0,1,,,40,1,12.5,,11,14,68,61,7,7,4,,159,43.44,0,0,7,330,29,67,11,34,2922,14,,0,2,4,1,100.0,0,4,0,1,712,25,0,6.97,0,0,0,0,0,0,0,0,265.64,10.0,10,40,48,37,25,62,42.47,0,51,29,56.86,65,143,146,162,182,43.33,136,912,324,1074,243.8,88,2,1948,47,7,0,Raphinha,Leeds United,831005,34,england,2122
57,2,15.38,245,67,54.92,521,511,1030,76.64,134,48.73,141,35,1,0,0,0,,2,1,12,5,97,35,0,0,16,37,236,0,1,,,39,0,11.11,,5,6,46,39,7,5,0,,93,49.47,1,0,0,314,52,21,0,34,3062,4,,0,0,0,0,0.0,0,0,0,0,390,14,0,6.97,0,3,0,0,0,0,0,0,612.4,0.0,0,35,10,21,12,10,62.5,0,66,32,48.48,21,105,16,13,227,49.03,122,747,610,1344,243.8,45,1,1820,18,3,0,Tomáš Souček,West Ham United,799041,37,england,2122
32,6,12.77,366,46,42.99,722,659,1375,85.67,46,61.33,29,27,2,0,0,0,,2,2,3,5,61,27,0,0,10,19,85,1,0,,,25,0,9.09,,1,3,23,20,3,1,0,,71,55.91,0,0,2,230,23,17,0,24,2074,2,,0,0,0,1,0.0,0,0,0,0,336,8,0,6.96,0,1,0,0,0,0,0,0,2074.0,0.0,0,8,3,4,4,15,78.95,0,51,28,54.9,17,78,19,47,117,57.92,107,918,734,1605,188.0,11,0,2067,5,3,0,César Azpilicueta,Chelsea,21555,38,england,2122
68,40,30.08,260,59,34.1,509,415,884,74.04,51,66.23,26,33,1,0,0,0,,5,1,3,8,60,33,0,0,9,34,105,0,1,,,24,0,7.69,,1,2,47,41,6,1,0,,108,57.75,0,0,0,310,48,41,1,33,2873,1,,1,1,0,1,0.0,0,0,0,0,496,4,0,6.96,0,0,0,0,0,0,0,0,2873.0,0.0,0,9,4,4,6,10,45.45,0,75,44,58.67,40,161,22,133,159,60.23,173,820,507,1194,229.7,13,3,1980,23,3,0,Matt Targett,Newcastle United,368134,39,england,2122
111,28,25.93,400,132,64.08,883,810,1665,86.72,15,39.47,23,35,1,0,0,0,,3,0,5,10,32,35,0,0,20,76,159,0,2,,,36,0,10.0,,2,3,40,34,6,1,1,,105,43.57,0,0,0,255,34,39,0,34,2975,0,,0,0,0,1,0.0,0,0,0,0,399,16,0,6.96,0,2,0,0,0,0,0,0,1487.5,0.0,4,4,16,8,7,16,76.19,0,74,39,52.7,39,169,21,108,120,43.01,206,1114,914,1920,243.6,20,2,2396,15,4,0,João Moutinho,Wolverhampton,6562,3,england,2122
55,1,16.67,299,61,55.96,724,626,1349,87.48,44,64.71,24,29,1,0,0,0,,2,3,5,14,23,29,0,0,13,46,127,0,1,,,40,0,23.81,,5,6,18,14,4,5,0,,84,44.92,1,0,0,193,40,16,0,26,2316,0,,0,0,2,0,100.0,0,2,0,0,242,16,0,6.96,0,4,0,0,0,0,0,0,463.2,0.0,2,13,8,6,10,11,73.33,0,46,25,54.35,16,107,15,6,128,50.2,109,860,688,1542,201.7,21,1,1847,28,7,0,Fabinho,Liverpool,243585,44,england,2122
12,28,29.17,119,7,24.14,238,97,307,78.12,7,28.0,18,21,2,0,0,0,,2,0,5,2,4,20,0,0,19,25,91,0,1,,,10,0,14.29,,3,5,30,27,3,2,1,,96,56.8,0,0,0,86,14,31,2,17,1458,1,,0,0,1,1,100.0,0,1,0,0,241,11,0,6.96,0,1,0,0,0,0,0,0,486.0,0.0,4,9,12,6,10,26,54.17,0,31,17,54.84,31,30,48,96,103,53.09,29,367,122,393,139.1,21,2,787,39,3,0,Andros Townsend,Everton,47992,48,england,2122
33,6,15.0,202,52,47.71,407,339,740,77.89,34,57.63,25,31,0,0,0,0,,1,2,10,5,30,31,0,0,11,26,88,0,0,,,26,0,13.33,,4,4,37,29,8,4,0,,98,60.87,1,0,0,210,28,24,3,27,2307,3,,0,1,0,0,0.0,0,0,0,0,299,19,0,6.95,0,0,0,0,0,0,0,0,576.75,0.0,0,17,13,8,12,13,86.67,0,61,32,52.46,23,78,15,40,132,60.0,109,591,399,950,215.5,30,2,1321,25,3,0,Vitaly Janelt,Brentford,814873,50,england,2122
2,0,0.0,8,4,36.36,36,43,79,85.87,5,62.5,3,2,0,0,0,0,,1,0,0,0,10,2,0,0,0,3,7,0,0,,,1,0,0.0,,0,0,4,4,0,0,0,,6,60.0,0,0,0,13,3,1,0,2,180,0,,0,0,0,0,0.0,0,0,0,0,15,0,0,6.95,0,0,0,0,0,0,0,0,0.0,0.0,0,1,0,1,0,0,0.0,0,5,3,60.0,1,5,0,0,11,61.11,11,43,49,92,13.9,1,0,122,1,1,0,Pablo Marí,Arsenal,208988,42,england,2122
14,5,14.71,283,27,58.7,478,221,694,81.55,19,35.19,35,35,6,0,0,0,,8,3,13,0,9,35,0,0,41,30,147,0,0,,,17,0,9.09,,4,10,32,24,8,3,1,,122,52.14,1,0,0,157,9,48,0,22,1908,3,,0,0,0,1,0.0,0,0,0,0,301,12,0,6.95,0,3,0,0,0,0,0,0,477.0,0.0,0,25,19,18,13,40,62.5,0,38,18,47.37,48,33,64,34,141,48.96,46,637,248,851,243.2,44,2,1267,44,1,0,Emiliano Buendía,Aston Villa,783126,40,england,2122
51,0,0.0,73,62,41.89,236,602,838,83.22,48,72.73,18,18,1,0,0,0,,2,1,0,1,59,17,0,0,0,8,41,0,0,,,15,0,33.33,,1,2,23,18,5,1,0,,37,61.67,0,0,1,169,20,4,0,16,1350,0,,0,0,0,0,0.0,0,0,0,0,179,1,0,6.95,0,1,0,0,0,0,0,0,1350.0,0.0,0,3,0,1,2,2,66.67,0,24,14,58.33,4,119,3,3,85,67.46,148,344,666,1007,118.1,3,1,1179,11,3,0,Jonny Evans,Leicester City,30144,31,england,2122
30,12,24.0,190,25,69.44,299,140,427,74.13,2,10.53,17,26,3,0,0,0,,7,1,14,2,0,26,0,0,34,13,103,0,0,,,8,0,5.71,,2,5,12,11,1,0,2,,78,47.56,0,0,1,149,10,36,1,15,1486,3,,0,0,0,0,0.0,0,0,0,0,291,21,0,6.95,0,1,0,0,0,0,0,0,743.0,0.0,1,15,20,6,15,35,53.03,0,18,11,61.11,36,53,66,50,80,43.72,36,457,169,576,180.6,35,0,905,25,2,0,Daniel Podence,Wolverhampton,308764,3,england,2122
30,0,0.0,39,44,42.72,212,661,873,87.65,50,61.73,31,24,0,0,0,0,,0,0,1,5,132,24,0,0,0,3,47,0,0,,,11,0,16.67,,1,1,29,25,4,1,0,,18,52.94,1,0,0,123,34,2,0,24,2080,0,,1,0,0,0,0.0,0,0,0,0,132,0,0,6.95,0,0,0,0,0,0,0,0,2080.0,0.0,0,6,0,2,3,1,33.33,0,11,6,54.55,2,60,3,1,68,59.13,103,293,704,996,166.7,6,1,1260,6,1,0,Kurt Zouma,West Ham United,139227,37,england,2122
8,3,42.86,153,8,53.33,237,105,339,76.35,21,30.43,48,30,7,0,0,1,,4,6,11,2,5,28,0,0,29,14,136,0,0,,,32,0,8.7,,4,11,17,15,2,4,0,,75,46.01,0,0,0,105,5,29,0,20,1789,6,,0,0,3,0,66.67,0,2,0,4,200,13,0,6.94,0,4,0,0,0,0,0,0,447.25,0.0,1,36,10,20,15,19,57.58,0,27,10,37.04,29,17,33,7,96,41.38,15,330,121,444,194.4,46,1,723,29,0,0,Alexandre Lacazette,Arsenal,50070,42,england,2122
36,41,23.84,293,23,30.26,527,388,874,78.81,49,57.65,36,29,4,0,0,0,,3,0,7,7,62,29,0,0,19,17,121,0,0,,,33,0,0.0,,0,4,42,38,4,0,0,,80,48.48,0,0,0,235,37,52,0,29,2442,3,,1,0,0,0,0.0,0,0,0,0,475,8,0,6.94,0,0,0,0,0,0,0,0,0.0,0.0,4,9,9,8,3,11,36.67,0,46,29,63.04,52,84,30,172,129,51.6,76,805,476,1109,201.3,18,1,1886,25,6,0,Lucas Digne,Aston Villa,96538,40,england,2122
2,0,0.0,83,2,100.0,128,39,167,60.29,94,50.0,94,17,2,0,1,0,,3,3,6,0,12,17,0,0,13,5,137,0,0,,,17,0,15.15,,5,7,31,28,3,5,0,,29,40.28,2,0,2,110,3,10,0,15,1285,4,,0,0,3,0,66.67,0,2,0,1,185,10,0,6.94,0,2,0,0,0,0,0,0,257.0,0.0,0,28,5,14,13,2,18.18,0,11,8,72.73,10,3,11,2,123,47.31,2,217,62,277,118.0,33,0,478,16,2,0,Dominic Calvert-Lewin,Everton,372344,48,england,2122
20,10,16.67,132,20,35.71,285,261,536,77.68,26,59.09,18,18,0,0,0,0,,1,1,4,6,39,17,0,0,6,16,75,0,0,,,29,0,0.0,,0,0,14,12,2,0,0,,58,50.43,0,0,1,154,28,10,0,17,1453,1,,0,0,0,1,0.0,0,0,0,0,258,7,0,6.94,0,0,0,0,0,0,0,0,0.0,0.0,0,3,8,6,1,7,50.0,0,42,22,52.38,10,42,14,60,84,52.83,56,435,315,690,118.0,11,0,1127,9,3,0,Marçal,Wolverhampton,143593,3,england,2122
63,0,0.0,105,103,43.64,317,715,1032,80.88,94,63.09,55,34,2,0,0,0,,2,2,6,5,138,32,0,1,5,11,108,0,0,,,39,0,8.0,,2,4,42,36,6,2,0,,44,45.36,1,0,1,244,29,4,0,30,2754,1,,0,0,0,3,0.0,0,0,0,0,265,1,0,6.94,1,0,0,0,0,0,0,0,1377.0,0.0,0,24,1,13,6,4,100.0,0,29,17,58.62,4,167,4,1,138,56.1,236,485,792,1276,222.1,25,0,1632,12,4,0,Craig Dawson,West Ham United,50027,37,england,2122
6,10,16.67,264,23,52.27,409,116,515,76.3,18,50.0,18,35,5,0,0,0,,7,4,18,3,2,35,0,0,90,14,235,0,0,,,22,0,7.81,,5,10,54,52,2,5,0,,211,49.3,0,0,0,160,11,50,0,31,2809,13,,0,0,0,0,0.0,0,0,0,0,532,24,0,6.94,0,5,0,0,0,0,0,0,561.8,0.0,0,34,30,20,26,150,62.24,0,13,8,61.54,50,28,241,60,229,49.35,44,596,139,675,242.9,64,0,1431,48,6,0,Allan Saint-Maximin,Newcastle United,347010,39,england,2122
10,4,21.05,59,9,56.25,116,87,199,83.26,10,62.5,6,8,1,0,0,0,,1,0,0,2,6,5,0,0,2,4,21,0,0,,,5,0,0.0,,0,1,3,1,2,0,0,,16,51.61,0,0,0,40,5,3,0,4,330,0,,0,0,0,0,0.0,0,0,0,0,73,3,0,6.94,0,0,0,0,0,0,0,0,0.0,0.0,0,0,1,1,0,4,50.0,0,10,6,60.0,3,12,8,19,26,55.32,16,161,97,239,34.7,1,1,343,2,2,0,Joe Gomez,Liverpool,318927,44,england,2122
47,19,19.39,215,53,25.98,441,461,883,72.44,42,48.28,45,38,3,0,0,0,,3,1,9,10,82,38,0,0,31,31,170,0,2,,,38,0,10.81,,4,7,50,41,9,3,1,,160,56.14,1,0,0,336,49,29,2,38,3380,2,,0,1,0,1,0.0,0,0,0,0,631,4,0,6.94,0,1,0,0,0,0,0,0,845.0,0.0,0,27,10,15,13,33,55.93,0,89,50,56.18,28,135,59,98,202,54.3,204,751,566,1219,263.7,37,1,2214,38,8,0,Matty Cash,Aston Villa,833956,40,england,2122
14,2,28.57,245,14,58.33,532,330,860,89.68,37,67.27,18,24,2,0,0,0,,4,0,6,2,17,24,0,0,33,9,96,0,0,,,18,0,0.0,,0,2,21,18,3,0,0,,111,58.73,0,0,0,99,11,19,0,13,1387,2,,0,1,0,0,0.0,0,0,0,0,183,11,0,6.94,0,0,0,0,0,0,0,0,0.0,0.0,0,8,11,7,6,42,70.0,0,29,10,34.48,18,22,60,7,148,60.66,24,607,359,959,166.5,19,0,1275,41,1,0,Ruben Loftus-Cheek,Chelsea,284441,38,england,2122
67,17,19.54,424,69,56.1,705,340,1028,78.12,23,43.4,30,36,3,0,0,0,,10,3,14,6,14,36,0,0,28,62,174,0,1,,,24,0,13.95,,6,9,38,33,5,5,1,,105,42.17,0,0,1,288,27,48,4,32,2799,6,,0,0,0,0,0.0,0,0,0,1,472,24,0,6.94,0,2,0,0,0,0,0,0,466.5,0.0,0,29,14,17,12,23,42.59,0,54,28,51.85,48,133,54,87,128,42.38,123,1002,401,1316,249.7,43,1,1814,28,4,0,Pablo Fornals,West Ham United,816763,37,england,2122
65,1,100.0,101,87,40.28,362,819,1180,81.66,91,70.0,39,31,0,0,0,0,,1,3,4,7,139,31,0,0,4,14,85,0,0,,,30,0,21.05,,4,4,52,47,5,4,0,,48,51.06,2,0,0,265,72,6,1,30,2631,1,,1,0,0,1,0.0,0,0,0,0,300,0,0,6.94,0,1,0,0,0,0,0,0,657.75,0.0,0,19,0,8,7,1,100.0,0,32,15,46.88,6,141,1,1,139,62.05,216,531,915,1445,215.0,19,2,1869,15,10,0,Jan Bednarek,Southampton,286085,45,england,2122
22,34,26.36,231,28,53.85,402,148,516,81.52,4,11.43,31,34,4,0,0,0,,6,0,27,0,13,34,0,0,36,12,140,1,0,,,12,0,7.69,,5,9,39,36,3,4,1,,117,51.77,0,0,1,117,15,42,3,28,2347,3,,0,0,0,0,0.0,0,0,0,0,374,20,0,6.94,0,2,0,0,0,0,0,0,469.4,0.0,4,31,34,21,17,55,51.89,0,30,19,63.33,42,42,106,129,121,46.36,52,588,174,633,235.8,65,0,1225,32,3,0,Demarai Gray,Everton,355152,48,england,2122
76,0,0.0,191,90,43.06,486,1045,1531,84.59,62,60.78,40,32,0,0,0,0,,1,0,4,13,101,32,0,0,11,17,97,0,0,,,19,0,0.0,,0,0,35,30,5,0,0,,79,58.09,0,0,0,279,42,14,0,32,2880,0,,1,1,0,1,0.0,0,0,0,0,327,5,0,6.93,0,0,0,0,0,0,0,0,0.0,0.0,0,9,3,4,4,10,50.0,0,44,23,52.27,13,166,20,0,141,59.24,209,670,1140,1810,221.9,12,0,2201,27,3,0,Ben White,Arsenal,846036,42,england,2122
1,0,0.0,17,1,100.0,25,3,28,75.68,2,33.33,4,7,0,0,0,0,,0,0,2,0,2,6,0,0,3,2,12,0,0,,,2,0,30.0,,3,3,0,0,0,3,0,,2,20.0,1,0,0,9,1,0,2,0,130,0,,0,0,0,0,0.0,0,0,0,0,22,3,0,6.93,0,0,0,0,0,0,0,0,43.33,0.0,0,7,3,3,5,1,33.33,0,0,0,0.0,0,1,3,0,4,25.0,1,32,5,37,41.6,10,0,69,1,0,0,Divock Origi,Liverpool,190399,44,england,2122
15,2,33.33,23,16,37.21,57,106,161,70.0,15,65.22,8,6,0,0,0,0,,1,0,0,1,8,6,0,0,1,0,16,0,0,,,5,0,0.0,,0,0,6,6,0,0,0,,19,70.37,0,0,0,69,2,7,0,4,448,0,,0,0,0,1,0.0,0,0,0,0,116,0,0,6.93,0,0,0,0,0,0,0,0,0.0,0.0,0,2,0,2,0,5,71.43,0,7,5,71.43,7,34,7,6,34,68.0,43,106,130,230,41.6,2,0,353,7,3,0,Charlie Goode,Brentford,798933,50,england,2122
26,0,0.0,93,29,43.28,292,453,745,80.19,42,56.76,32,19,0,0,0,0,,0,0,5,4,52,19,0,0,15,33,116,0,1,,,30,0,0.0,,0,0,26,22,4,0,0,,93,52.54,0,0,0,184,42,2,0,18,1619,1,,0,0,0,2,0.0,0,0,0,0,236,12,0,6.93,0,0,0,0,0,0,0,0,0.0,0.0,0,7,7,5,4,11,64.71,0,60,32,53.33,2,49,17,1,135,53.78,67,403,527,929,131.7,14,0,1252,22,4,0,Wilfred Ndidi,Leicester City,787885,31,england,2122
46,0,0.0,38,68,43.87,172,917,1089,83.13,102,75.56,33,33,0,0,0,0,,0,2,3,6,173,33,0,0,1,17,72,0,2,,,22,0,5.0,,1,1,70,63,7,1,0,,67,63.21,1,0,2,221,56,6,0,33,2899,2,,0,0,0,0,0.0,0,0,0,0,233,0,0,6.93,0,0,0,0,0,0,0,0,2899.0,0.0,0,20,0,13,4,1,33.33,0,44,25,56.82,6,114,3,0,169,70.12,155,300,1010,1310,228.7,20,4,1741,22,2,0,Grant Hanley,Norwich City,95791,263,england,2122
152,0,0.0,28,264,44.59,109,674,783,69.72,10,71.43,4,37,0,0,0,0,,0,0,0,7,27,37,0,0,0,2,6,1,1,,,0,0,0.0,,0,0,58,50,8,0,0,2.58,2,50.0,0,13,0,340,1,1,0,37,3330,0,,0,0,0,0,0.0,9,0,2,0,351,0,12,6.93,0,0,15,91,39,131,1,26,0.0,0.0,0,0,0,0,0,1,100.0,15,0,0,0.0,1,277,1,0,12,66.67,592,345,778,1123,256.4,0,2,1476,2,2,0,Kasper Schmeichel,Leicester City,1076,31,england,2122
6,12,16.22,224,14,63.64,336,95,419,79.66,18,28.57,45,29,6,0,0,0,,5,8,12,2,12,27,0,0,34,19,151,0,0,,,24,0,11.54,,6,12,25,24,1,5,1,,92,46.46,0,0,3,107,20,34,0,21,1866,10,,0,0,1,0,100.0,0,1,0,0,299,16,0,6.93,1,6,0,0,0,0,0,0,311.0,0.0,1,44,8,24,16,45,56.96,0,27,19,70.37,34,17,79,74,110,42.15,22,480,120,526,187.1,52,1,1000,20,1,1,Gabriel Martinelli,Arsenal,922573,42,england,2122
82,9,20.93,154,118,60.2,332,408,731,81.31,10,50.0,10,24,1,0,0,0,,1,0,5,6,19,24,0,0,5,20,55,1,1,,,18,1,6.67,,2,3,30,29,1,0,2,,47,51.09,0,0,1,168,22,16,0,22,1985,0,,0,0,0,0,0.0,0,0,0,0,234,4,0,6.93,1,2,0,0,0,0,0,0,992.5,16.67,6,1,29,11,14,9,75.0,0,30,17,56.67,16,139,12,43,57,50.89,196,486,456,899,166.3,30,0,1139,8,5,1,Jonjo Shelvey,Newcastle United,36465,39,england,2122
47,6,33.33,169,40,43.01,367,394,755,83.06,22,41.51,31,21,3,0,0,0,,3,0,4,4,26,21,0,0,14,28,106,0,0,,,24,0,0.0,,0,3,15,11,4,0,0,,74,49.66,0,0,0,154,30,16,0,15,1443,3,,0,0,0,0,0.0,0,0,0,0,213,15,0,6.93,0,0,0,0,0,0,0,0,0.0,0.0,0,4,5,2,3,21,70.0,0,33,23,69.7,16,77,30,18,96,47.52,93,479,448,909,145.5,9,0,1186,20,4,0,James McArthur,Crystal Palace,39282,7,england,2122
31,1,50.0,186,35,59.32,412,312,723,88.39,16,44.44,20,19,0,0,0,0,,1,0,4,5,11,18,0,0,8,2,43,1,3,,,12,0,0.0,,0,0,12,11,1,0,0,,39,62.9,0,0,0,95,13,18,0,12,1133,0,,0,0,0,0,0.0,0,0,0,0,119,4,0,6.93,0,0,0,0,0,0,0,0,0.0,0.0,0,2,18,8,8,3,75.0,0,22,18,81.82,18,56,4,2,55,56.12,59,476,344,818,124.7,20,1,960,15,5,0,Albert Sambi Lokonga,Arsenal,901892,42,england,2122
27,16,20.25,242,44,38.6,452,310,746,82.52,12,34.29,23,22,3,0,0,0,,0,0,5,9,49,22,0,0,8,1,50,0,0,,,5,0,6.67,,1,4,21,20,1,1,0,,43,61.43,0,0,2,158,15,20,1,22,1918,1,,0,0,0,0,0.0,0,0,0,0,309,6,0,6.93,0,0,0,0,0,0,0,0,1918.0,0.0,0,8,7,5,5,9,39.13,0,18,14,77.78,20,68,23,79,55,52.38,114,633,350,904,152.4,15,0,1388,16,0,0,Kieran Tierney,Arsenal,366592,42,england,2122
70,0,0.0,43,159,30.29,108,524,632,62.57,7,77.78,2,34,0,0,0,0,,0,0,0,12,38,34,1,0,0,1,3,0,3,,,0,0,0.0,,0,0,39,34,5,0,0,-5.41,7,87.5,0,22,0,378,0,0,0,34,3060,0,,0,0,0,0,0.0,6,0,0,0,384,0,12,6.92,0,0,21,49,41,90,0,19,0.0,0.0,0,0,0,0,0,1,100.0,20,2,1,50.0,0,170,1,0,14,82.35,525,433,577,1010,235.4,0,2,1345,5,1,0,Aaron Ramsdale,Arsenal,839410,42,england,2122
69,2,15.38,199,90,35.86,574,785,1357,77.94,101,62.35,61,34,0,0,0,0,,1,4,5,6,150,34,0,0,10,25,135,2,2,,,38,0,0.0,,0,0,57,53,4,0,0,,100,57.47,0,0,0,384,78,9,0,33,2972,2,,1,0,0,1,0.0,0,0,0,0,493,6,0,6.92,1,0,0,0,0,0,0,0,0.0,0.0,0,22,2,9,10,13,81.25,0,80,47,58.75,9,189,16,13,201,59.82,251,813,941,1741,235.4,24,2,2347,7,8,1,Mohammed Salisu,Southampton,946158,45,england,2122
66,8,19.05,252,64,36.36,556,715,1263,79.68,57,66.28,29,34,1,0,0,0,,3,1,6,8,85,34,0,0,9,32,124,0,0,,,39,0,8.33,,1,2,39,28,11,1,0,,125,56.82,0,0,0,322,45,18,0,33,2881,0,,0,1,0,1,0.0,0,0,0,1,487,11,0,6.92,0,1,0,0,0,0,0,0,2881.0,0.0,0,7,5,3,3,16,50.0,0,73,47,64.38,17,150,32,42,182,59.48,176,806,821,1585,235.3,12,2,2317,38,6,0,Joël Veltman,Brighton & Hove Albion,219572,30,england,2122
24,25,29.76,174,22,38.6,377,255,607,78.73,31,58.49,22,25,3,0,0,0,,5,3,7,6,39,25,0,0,13,21,105,0,1,,,22,0,9.52,,2,5,25,23,2,2,0,,83,50.0,0,0,0,164,31,29,2,22,1929,1,,0,0,0,0,0.0,0,0,0,0,317,2,0,6.92,0,0,0,0,0,0,0,0,964.5,0.0,0,15,6,5,9,19,41.3,0,40,24,60.0,29,53,46,84,114,52.05,57,526,329,771,173.0,21,0,1308,24,4,0,Sergio Reguilón,Tottenham Hotspur,858195,33,england,2122
59,3,25.0,259,73,73.74,465,270,732,83.47,36,64.29,20,20,9,0,0,0,,6,4,9,2,16,20,0,1,27,22,122,0,0,,,39,0,3.13,,1,10,22,18,4,1,0,,80,43.96,0,0,0,145,13,24,0,16,1354,0,,0,0,0,0,0.0,0,0,0,0,241,12,0,6.92,1,1,0,0,0,0,0,0,1354.0,0.0,0,17,15,15,8,39,72.22,0,13,9,69.23,24,96,54,12,116,48.74,99,583,306,877,138.4,32,1,1164,29,7,0,Paul Pogba,Manchester United,111802,35,england,2122
94,0,0.0,42,203,32.58,106,792,898,67.37,17,100.0,0,37,0,0,0,0,,2,0,0,11,21,37,2,1,0,0,1,0,4,,,1,0,0.0,,0,0,42,31,11,0,0,-1.67,5,83.33,0,50,0,435,0,3,0,37,3330,0,,0,0,0,0,0.0,4,0,0,0,443,0,10,6.92,1,0,6,66,33,101,2,19,0.0,0.0,0,0,0,0,0,0,0.0,6,2,1,50.0,3,233,0,0,22,95.65,623,473,860,1333,256.0,0,1,1729,2,4,0,Robert Sánchez,Brighton & Hove Albion,920546,30,england,2122
187,2,25.0,186,253,48.37,489,1417,1904,81.58,56,53.85,48,34,3,0,0,0,,2,0,1,11,123,34,0,0,8,11,88,1,2,,,19,0,0.0,,0,3,37,33,4,0,0,,45,52.94,0,0,0,430,37,21,0,32,2915,1,,1,1,0,0,0.0,0,0,0,0,458,5,0,6.92,0,0,0,0,0,0,0,0,0.0,0.0,1,6,2,4,3,7,77.78,0,30,23,76.67,20,384,9,8,101,53.44,523,802,1540,2334,235.2,8,2,2652,8,4,0,Joachim Andersen,Crystal Palace,362682,7,england,2122
17,5,11.11,273,13,59.09,475,200,670,87.35,7,28.0,18,33,2,0,0,0,,3,5,9,3,10,33,0,0,25,16,85,0,1,,,5,0,25.0,,10,12,28,24,4,6,4,,67,50.0,0,0,0,97,15,30,3,21,1926,2,,0,0,0,0,0.0,0,0,0,0,229,17,0,6.92,0,7,0,0,0,0,0,0,192.6,0.0,0,30,10,8,23,32,60.38,0,14,7,50.0,30,26,53,45,74,46.54,22,579,233,767,228.2,40,3,1093,21,1,0,Emile Smith Rowe,Arsenal,867445,42,england,2122
1,0,0.0,24,2,66.67,47,11,58,85.29,1,16.67,5,11,0,0,0,0,,1,0,2,0,2,7,0,0,5,6,24,0,0,,,4,0,42.86,,3,3,1,1,0,3,0,,8,29.63,0,0,0,10,1,2,0,1,183,0,,0,0,0,0,0.0,0,0,0,0,22,4,0,6.91,0,3,0,0,0,0,0,0,61.0,0.0,0,4,3,1,4,1,20.0,0,3,2,66.67,2,4,5,0,9,27.27,3,54,14,68,48.4,7,0,105,4,1,0,Takumi Minamino,Liverpool,155818,44,england,2122
40,1,16.67,153,67,42.14,351,583,933,80.99,56,77.78,16,22,0,0,0,0,,0,1,1,4,62,22,0,0,1,7,41,0,2,,,16,0,25.0,,2,2,20,11,9,2,0,,40,61.54,1,0,0,219,17,1,1,16,1438,0,,0,0,0,0,0.0,0,0,0,0,237,1,0,6.91,0,0,0,0,0,0,0,0,719.0,0.0,0,7,1,4,3,10,83.33,0,26,8,30.77,1,109,12,6,96,70.07,159,505,653,1152,152.1,8,1,1355,4,5,0,Adam Webster,Brighton & Hove Albion,216308,30,england,2122
94,0,0.0,171,120,54.05,475,875,1350,86.37,75,72.82,28,30,0,0,0,0,,0,2,4,6,100,30,0,0,5,12,67,1,2,,,21,0,4.35,,1,1,41,35,6,1,0,,57,59.38,1,0,2,213,32,4,0,28,2514,1,,1,0,0,0,0.0,0,0,0,0,244,3,0,6.91,1,0,0,0,0,0,0,0,2514.0,0.0,0,19,4,9,10,4,80.0,0,34,21,61.76,4,155,5,2,132,66.33,222,610,955,1563,207.4,23,1,1878,19,7,1,Harry Maguire,Manchester United,149380,35,england,2122
26,18,18.75,197,28,62.22,310,153,445,81.35,7,29.17,17,26,5,0,0,0,,8,0,4,1,6,25,0,0,21,17,104,0,0,,,16,1,10.53,,2,7,14,12,2,1,1,,77,46.95,0,0,0,102,6,24,2,12,1151,1,,0,0,0,0,0.0,0,0,0,0,275,8,0,6.91,0,0,0,0,0,0,0,0,575.5,50.0,2,13,6,5,10,28,45.16,0,22,18,81.82,24,53,62,96,84,44.68,45,472,171,547,172.8,19,2,914,27,4,0,Michael Olise,Crystal Palace,978838,7,england,2122
41,3,23.08,269,56,65.88,601,457,1055,85.56,68,66.67,34,30,1,0,0,0,,1,1,12,6,60,30,0,0,32,31,163,0,1,,,55,0,3.7,,1,2,37,30,7,0,1,,133,50.76,0,0,1,178,31,23,0,28,2392,1,,0,0,0,1,0.0,0,0,0,0,282,12,0,6.91,0,1,0,0,0,0,0,0,2392.0,0.0,0,11,16,8,7,36,76.6,0,65,33,50.77,23,65,47,13,201,55.22,85,718,528,1233,207.3,27,0,1700,33,9,0,Scott McTominay,Manchester United,879346,35,england,2122
16,11,14.86,269,17,51.52,429,200,618,81.1,10,34.48,19,32,6,0,0,0,,5,4,21,0,7,32,0,0,30,23,122,0,0,,,9,0,12.7,,8,14,27,22,5,7,1,,80,43.72,1,0,2,144,9,32,0,26,2189,9,,0,0,0,0,0.0,0,0,0,0,352,16,0,6.91,0,7,0,0,0,0,0,0,273.63,0.0,3,29,34,20,22,37,46.25,0,28,17,60.71,32,32,80,74,90,42.45,33,603,233,762,221.1,63,1,1205,15,0,0,Saïd Benrahma,West Ham United,354808,37,england,2122
44,2,33.33,198,51,75.0,452,455,905,87.1,28,62.22,17,23,4,0,0,0,,4,0,1,0,18,23,0,0,21,16,84,0,3,,,26,0,0.0,,0,4,26,21,5,0,0,,51,43.22,0,0,0,134,31,14,0,16,1392,0,,0,1,0,0,0.0,0,0,0,0,187,7,0,6.91,0,0,0,0,0,0,0,0,0.0,0.0,0,3,3,4,1,17,77.27,0,31,18,58.06,13,68,22,6,79,48.47,68,552,493,1039,158.9,6,0,1270,3,3,0,Nemanja Matić,Manchester United,44241,35,england,2122
6,5,15.63,168,9,52.94,242,65,302,85.31,4,33.33,8,15,2,0,0,0,,3,3,6,1,5,15,0,0,20,15,62,0,1,,,10,0,5.56,,1,3,8,6,2,1,0,,47,46.53,0,0,0,52,2,25,0,11,966,4,,0,0,0,0,0.0,0,0,0,1,135,8,0,6.91,0,1,0,0,0,0,0,0,966.0,0.0,0,17,1,5,7,16,61.54,0,14,10,71.43,25,12,26,32,51,45.13,17,310,76,354,103.6,18,1,556,17,1,0,Callum Hudson-Odoi,Chelsea,867442,38,england,2122
85,0,0.0,129,100,35.84,357,964,1321,79.63,83,63.85,47,36,3,0,0,0,,2,0,5,11,150,36,0,0,4,8,86,1,1,,,27,0,4.76,,1,4,49,41,8,1,0,,56,58.95,0,0,0,338,46,10,0,35,3188,1,,0,0,0,1,0.0,0,0,0,0,370,2,0,6.91,0,1,0,0,0,0,0,0,3188.0,0.0,0,18,3,11,5,11,91.67,0,23,12,52.17,10,206,12,4,139,61.78,279,589,1074,1659,248.6,21,2,2086,24,11,0,Tyrone Mings,Aston Villa,303638,40,england,2122
83,0,0.0,22,219,38.97,137,366,503,59.25,12,100.0,0,37,0,0,0,0,,0,0,0,8,22,37,0,0,1,0,2,0,0,,,1,0,0.0,,0,0,50,43,7,0,0,-1.24,4,66.67,0,25,0,346,0,0,0,37,3330,0,,0,0,0,1,0.0,6,0,3,0,348,0,11,6.91,0,0,5,73,41,114,1,17,0.0,0.0,0,0,0,0,0,0,0.0,5,0,0,0.0,0,180,0,0,16,88.89,562,415,434,849,255.5,0,2,1200,5,2,0,Łukasz Fabiański,West Ham United,15479,37,england,2122
37,1,50.0,155,35,62.5,410,335,744,88.78,22,59.46,15,19,1,0,0,0,,2,2,3,2,13,19,0,0,7,18,56,0,1,,,14,0,11.11,,2,3,12,10,2,1,1,,40,49.38,0,0,1,94,8,10,0,10,981,0,,0,0,0,0,0.0,0,0,0,0,111,6,0,6.91,0,2,0,0,0,0,0,0,490.5,0.0,0,12,6,11,4,9,81.82,0,21,10,47.62,10,58,11,2,62,52.54,56,482,358,838,131.2,18,0,956,10,1,0,Fernandinho,Manchester City,13630,17,england,2122
16,8,22.86,213,17,38.64,392,375,759,81.0,19,37.25,32,20,0,0,0,0,,1,0,3,3,32,20,0,0,13,6,91,0,2,,,15,0,0.0,,0,0,35,29,6,0,0,,98,62.42,0,0,0,178,34,14,0,20,1794,1,,0,0,0,1,0.0,0,0,0,0,280,5,0,6.91,0,0,0,0,0,0,0,0,0.0,0.0,0,5,0,1,1,36,59.02,0,49,36,73.47,14,32,61,35,117,56.25,44,513,459,937,138.1,5,0,1449,13,2,0,Aaron Wan-Bissaka,Manchester United,863653,35,england,2122
80,0,0.0,8,147,59.27,28,824,852,88.75,10,76.92,3,37,0,0,0,0,,0,0,0,20,21,37,2,0,0,2,6,0,0,,,1,0,0.0,,0,0,26,24,2,0,0,-0.54,6,66.67,0,17,0,108,0,0,0,37,3330,0,,0,0,0,1,0.0,1,0,0,0,112,0,9,6.9,0,0,19,39,18,60,1,8,0.0,0.0,0,0,0,0,0,0,0.0,19,2,1,50.0,0,110,0,0,16,72.73,248,107,853,960,255.4,0,0,1240,4,3,0,Ederson,Manchester City,254491,17,england,2122
87,1,14.29,113,127,40.84,240,447,686,69.57,45,51.72,42,25,2,0,0,0,,4,0,5,6,95,25,0,0,5,8,82,0,2,,,24,1,9.52,,2,4,32,31,1,1,1,,33,45.21,1,0,0,300,32,10,0,25,2161,3,,0,1,0,0,0.0,0,0,0,0,336,2,0,6.9,0,1,0,0,0,0,0,0,1080.5,25.0,4,13,8,8,8,6,60.0,0,16,11,68.75,9,224,10,7,78,48.75,311,467,526,986,172.5,21,2,1271,11,4,0,Fabian Schär,Newcastle United,101882,39,england,2122
25,24,25.0,141,28,28.87,301,301,578,76.66,17,56.67,13,23,2,0,0,0,,3,0,2,5,30,23,0,0,27,22,115,0,1,,,14,0,7.69,,1,3,26,22,4,1,0,,126,55.26,1,0,0,176,22,17,0,20,1837,3,,0,0,0,0,0.0,0,0,0,1,378,9,0,6.9,0,0,0,0,0,0,0,0,1837.0,0.0,0,9,4,7,4,42,51.85,0,64,36,56.25,17,66,81,96,143,55.43,97,457,393,754,158.7,13,1,1398,20,4,0,Rayan Aït-Nouri,Wolverhampton,931278,3,england,2122
29,2,40.0,51,35,42.17,123,342,463,82.68,28,51.85,26,13,0,0,0,0,,0,0,2,3,49,13,0,0,2,3,46,0,0,,,14,0,20.0,,1,1,16,13,3,1,0,,24,54.55,0,0,0,97,5,4,0,11,1009,0,,0,1,0,0,0.0,0,0,0,0,111,0,0,6.9,0,1,0,0,0,0,0,0,1009.0,0.0,0,4,1,2,1,0,0.0,0,21,11,52.38,3,62,1,5,52,53.06,83,180,385,560,89.7,5,0,706,3,1,0,Calum Chambers,Aston Villa,227942,40,england,2122
3,0,0.0,3,20,31.25,18,17,35,43.75,5,100.0,0,3,0,0,0,0,,0,0,0,1,6,3,0,0,0,0,0,0,0,,,0,0,0.0,,0,0,8,8,0,0,0,-1.39,0,0.0,0,2,0,45,0,0,0,3,270,0,,0,0,0,0,0.0,1,0,0,0,46,0,3,6.9,0,0,1,7,4,11,0,5,0.0,0.0,0,0,0,0,0,0,0.0,1,0,0,0.0,0,7,0,0,5,100.0,64,56,24,80,20.7,0,0,106,0,0,0,Asmir Begović,Everton,13918,48,england,2122
3,0,0.0,17,6,21.43,55,97,152,75.62,13,56.52,10,4,0,0,0,0,,0,0,1,0,14,4,0,0,2,2,17,0,0,,,2,0,0.0,,0,0,6,5,1,0,0,,19,73.08,0,0,0,49,8,0,0,4,360,1,,0,0,0,0,0.0,0,0,0,0,56,0,0,6.9,0,0,0,0,0,0,0,0,0.0,0.0,0,1,0,0,0,5,83.33,0,11,7,63.64,0,20,6,1,32,65.31,28,85,117,201,27.6,1,0,268,3,1,0,Toti Gomes,Wolverhampton,973418,3,england,2122
3,0,0.0,22,6,100.0,39,57,96,93.2,0,0.0,2,4,0,0,0,0,,1,0,0,0,1,3,0,0,1,0,7,0,0,,,3,0,0.0,,0,0,1,1,0,0,0,,5,50.0,0,0,0,7,1,2,0,2,184,0,,0,0,0,0,0.0,0,0,0,0,13,1,0,6.9,0,0,0,0,0,0,0,0,0.0,0.0,0,0,0,0,0,0,0.0,0,4,3,75.0,2,3,1,2,5,41.67,6,46,59,103,20.7,0,0,120,1,0,0,Luke Cundle,Wolverhampton,988966,3,england,2122
11,1,25.0,58,14,45.16,182,231,412,88.22,13,65.0,7,8,0,0,0,0,,1,0,0,2,19,8,0,0,2,5,22,0,0,,,8,0,0.0,,0,0,7,5,2,0,0,,15,50.0,0,0,0,55,11,3,0,6,555,0,,0,0,0,0,0.0,0,0,0,0,71,1,0,6.9,0,0,0,0,0,0,0,0,0.0,0.0,0,0,1,1,0,0,0.0,0,14,7,50.0,3,30,0,4,28,56.0,31,215,256,467,55.2,1,0,564,1,2,0,Malang Sarr,Chelsea,826203,38,england,2122
10,1,6.67,245,6,40.0,377,102,478,70.92,65,40.37,96,35,2,0,0,0,,4,10,25,9,25,35,0,0,53,13,224,0,0,,,33,0,14.29,,11,13,48,39,9,11,0,,93,42.08,1,0,2,196,12,35,1,33,2955,16,,0,0,1,0,100.0,0,1,0,1,390,20,0,6.9,0,9,0,0,0,0,0,0,268.64,0.0,0,72,5,20,32,37,54.41,0,17,13,76.47,35,24,68,15,158,41.36,15,552,137,674,241.4,77,0,1178,39,7,0,Ollie Watkins,Aston Villa,555386,40,england,2122
44,25,24.75,285,56,38.36,542,549,1066,78.85,32,48.48,34,34,1,0,0,0,,5,1,12,4,56,34,0,0,25,49,154,1,1,,,33,0,3.33,,1,2,66,61,5,0,1,,152,55.88,0,0,2,286,57,31,1,34,2922,2,,0,0,0,1,0.0,0,0,0,0,459,17,0,6.9,0,0,0,0,0,0,0,0,2922.0,0.0,0,9,21,9,9,29,67.44,0,93,55,59.14,31,108,43,101,184,54.44,146,812,641,1352,234.5,30,0,2176,30,5,0,Stuart Dallas,Leeds United,78454,34,england,2122
86,0,0.0,99,125,49.02,308,619,927,76.55,97,62.18,59,32,2,0,0,0,,2,1,4,7,128,32,0,0,2,17,94,2,0,,,16,0,15.0,,3,5,54,48,6,3,0,,59,62.77,2,0,0,284,62,8,1,31,2792,1,,2,0,0,0,0.0,0,0,0,0,299,0,0,6.9,1,0,0,0,0,0,0,0,930.67,0.0,0,18,2,10,6,7,87.5,0,46,25,54.35,8,181,8,1,156,62.4,255,503,709,1211,220.7,20,4,1573,7,2,1,Michael Keane,Everton,110846,48,england,2122
18,6,20.69,132,24,25.81,271,206,471,72.91,13,43.33,17,21,1,0,0,0,,2,0,0,6,52,21,0,0,6,5,41,0,1,,,7,0,16.67,,1,2,23,22,1,0,1,,55,69.62,0,0,2,175,22,13,1,19,1691,1,,0,0,0,0,0.0,0,0,0,0,306,5,0,6.9,0,0,0,0,0,0,0,0,1691.0,0.0,0,2,4,2,4,6,50.0,0,20,13,65.0,13,61,12,29,68,62.39,93,426,249,646,144.8,6,0,1088,29,2,0,Connor Roberts,Burnley,804613,6,england,2122
37,0,0.0,30,121,33.89,91,199,290,54.72,7,100.0,0,19,0,0,0,0,,0,0,0,3,35,19,0,0,0,1,1,1,1,,,0,0,0.0,,0,0,35,31,4,0,0,-3.34,4,80.0,0,15,0,240,0,0,0,19,1710,0,,0,0,0,0,0.0,2,0,0,0,243,0,12,6.89,0,0,15,54,14,68,0,18,0.0,0.0,0,0,0,0,0,0,0.0,15,1,0,0.0,0,81,0,0,11,91.67,357,299,231,530,131.0,0,2,732,3,1,0,Fraser Forster,Southampton,19314,45,england,2122
34,14,25.45,102,35,30.17,217,195,398,70.82,15,44.12,19,20,0,0,0,0,,1,0,0,3,49,18,0,0,9,7,48,0,0,,,10,0,20.0,,1,1,18,15,3,1,0,,44,60.27,0,0,0,164,22,9,1,16,1398,0,,0,0,0,0,0.0,0,0,0,0,282,5,0,6.89,0,0,0,0,0,0,0,0,1398.0,0.0,0,3,2,4,1,7,70.0,0,33,16,48.48,9,81,10,55,59,55.14,116,371,246,562,124.1,5,1,978,4,1,0,Ben Johnson,West Ham United,914412,37,england,2122
13,23,19.33,205,8,26.67,349,129,455,74.23,17,30.91,38,35,2,0,0,0,,4,2,16,4,8,34,0,0,37,38,179,0,0,,,25,0,9.09,,4,6,40,35,5,2,2,,156,52.53,0,0,0,158,22,36,1,25,2284,8,,0,1,0,0,0.0,0,0,0,2,423,15,0,6.89,0,3,0,0,0,0,0,0,571.0,0.0,5,26,18,10,18,38,47.5,0,54,32,59.26,35,34,80,119,173,49.15,30,565,167,613,234.4,44,2,1263,64,4,0,Anthony Gordon,Everton,914902,48,england,2122
16,2,14.29,97,11,32.35,211,216,425,79.0,15,51.72,14,14,3,0,0,0,,2,0,4,1,29,14,0,0,6,19,53,0,0,,,6,0,10.0,,1,4,20,16,4,1,0,,64,62.14,1,0,1,113,17,10,0,13,992,0,,0,0,0,0,0.0,0,0,0,0,162,8,0,6.89,0,0,0,0,0,0,0,0,992.0,0.0,0,6,4,4,2,11,57.89,0,37,20,54.05,10,39,19,14,79,59.85,34,288,264,538,96.5,10,0,858,16,3,0,Ricardo Pereira,Leicester City,221200,31,england,2122
21,13,41.94,210,36,43.9,400,360,747,81.11,47,54.02,40,21,1,0,0,0,,1,0,2,7,55,20,0,0,12,11,84,0,2,,,16,0,0.0,,0,1,20,18,2,0,0,,57,56.44,0,0,0,174,24,13,0,20,1682,0,,0,0,0,0,0.0,0,0,0,0,261,8,0,6.89,0,0,0,0,0,0,0,0,0.0,0.0,0,7,4,7,2,9,60.0,0,35,17,48.57,13,42,15,31,104,55.32,82,536,416,921,137.8,11,1,1357,13,2,0,Takehiro Tomiyasu,Arsenal,804434,42,england,2122
2,2,66.67,31,2,66.67,44,43,85,81.73,5,26.32,14,9,2,0,0,0,,2,2,4,0,8,9,0,0,3,3,28,0,0,,,5,0,10.0,,2,4,14,14,0,2,0,,10,41.67,0,0,0,19,2,5,2,7,559,5,,0,0,0,0,0.0,0,0,0,0,45,2,0,6.89,0,0,0,0,0,0,0,0,279.5,0.0,0,19,1,11,5,4,57.14,0,1,0,0.0,5,2,7,3,15,34.88,3,62,45,104,62.0,20,0,189,5,2,0,Patrick Bamford,Leeds United,204336,34,england,2122
62,0,0.0,10,119,47.79,50,608,658,82.04,11,91.67,1,34,0,0,0,0,,0,0,0,14,24,34,2,0,0,2,4,1,3,,,1,0,0.0,,0,0,31,27,4,0,0,-3.76,4,57.14,0,25,0,144,0,0,0,34,3060,0,,0,0,0,1,0.0,6,0,0,0,148,0,11,6.89,0,0,19,47,25,73,1,16,0.0,0.0,0,0,0,0,0,0,0.0,19,1,0,0.0,0,113,0,0,15,78.95,249,138,664,802,234.2,0,2,1090,3,3,0,Edouard Mendy,Chelsea,845074,38,england,2122
61,20,24.1,239,53,54.08,624,656,1260,86.78,26,44.83,32,34,3,0,0,0,,2,0,8,5,22,34,0,0,17,51,153,0,1,,,37,0,8.7,,2,5,38,31,7,2,0,,124,50.61,0,0,0,192,34,37,2,31,2720,0,,0,0,0,0,0.0,0,0,0,0,350,6,0,6.89,0,0,0,0,0,0,0,0,1360.0,0.0,8,3,20,7,8,24,55.81,0,59,39,66.1,37,106,43,83,150,49.5,98,823,712,1452,234.1,23,1,1936,41,7,0,Douglas Luiz,Aston Villa,867887,40,england,2122
29,7,25.0,308,32,82.05,626,486,1105,91.93,5,22.73,17,30,3,0,0,0,,3,1,3,3,10,30,0,0,16,25,78,0,0,,,11,0,31.25,,5,8,29,28,1,4,1,,71,53.79,0,0,0,97,19,23,1,19,1803,1,,0,0,3,0,100.0,0,3,0,0,180,12,0,6.88,0,4,0,0,0,0,0,0,360.6,0.0,1,8,8,6,7,25,69.44,0,28,15,53.57,23,46,36,28,76,49.35,39,715,515,1202,206.5,16,1,1473,18,2,0,Manuel Lanzini,West Ham United,220315,37,england,2122
12,3,30.0,100,6,54.55,151,55,203,84.23,2,50.0,2,6,0,0,0,0,,0,0,3,1,2,6,0,0,0,6,16,0,0,,,2,0,0.0,,0,0,2,2,0,0,0,,11,44.0,0,0,0,38,4,9,0,4,348,0,,0,0,0,0,0.0,0,0,0,0,63,6,0,6.88,0,0,0,0,0,0,0,0,0.0,0.0,0,6,4,6,1,2,22.22,0,3,0,0.0,9,19,9,10,13,44.83,11,188,63,241,41.3,10,0,312,6,0,0,Harvey Elliott,Liverpool,955245,44,england,2122
69,0,0.0,6,116,33.14,53,490,543,68.91,8,100.0,0,38,0,0,0,0,,0,0,0,8,21,38,1,0,0,0,0,1,1,,,0,0,0.0,,0,0,57,48,9,0,0,-4.58,1,100.0,0,8,0,245,0,0,0,38,3420,0,,0,0,0,0,0.0,5,0,2,0,247,0,10,6.88,0,0,7,80,46,128,2,29,0.0,0.0,0,0,0,0,0,0,0.0,7,0,0,0.0,0,155,0,0,9,100.0,350,232,556,788,261.5,0,2,1087,1,0,0,David De Gea,Manchester United,69378,35,england,2122
33,29,26.61,248,31,51.67,480,326,777,84.09,20,57.14,15,20,3,0,0,0,,5,0,1,3,17,20,0,0,14,9,75,1,1,,,32,0,0.0,,0,3,24,19,5,0,0,,44,42.31,0,0,0,147,9,39,0,19,1602,3,,0,0,0,1,0.0,0,0,0,0,283,7,0,6.88,0,0,0,0,0,0,0,0,0.0,0.0,0,1,5,4,1,7,50.0,0,21,13,61.9,39,68,14,109,64,46.04,60,669,364,924,137.6,6,1,1364,16,8,0,Luke Shaw,Manchester United,190839,35,england,2122
47,5,26.32,250,45,36.59,569,781,1345,85.02,67,56.3,52,29,1,0,0,0,,0,3,6,11,73,29,0,0,10,13,109,1,0,,,31,0,5.56,,1,2,30,25,5,1,0,,61,51.69,1,0,0,237,30,11,0,28,2539,5,,0,0,0,1,0.0,0,0,0,0,293,4,0,6.88,0,0,0,0,0,0,0,0,2539.0,0.0,0,10,8,5,7,7,63.64,0,36,21,58.33,11,98,11,19,128,54.01,123,718,883,1582,199.5,18,1,1936,18,6,0,Ben Davies,Tottenham Hotspur,94758,33,england,2122
21,18,24.32,250,18,30.51,488,465,935,82.31,33,44.0,42,31,1,0,0,0,,1,2,4,5,78,31,0,0,18,31,136,0,1,,,28,0,6.67,,1,2,26,22,4,1,0,,134,58.77,0,0,0,201,22,28,0,26,2295,2,,0,0,0,0,0.0,0,0,0,0,343,8,0,6.88,0,1,0,0,0,0,0,0,2295.0,0.0,0,12,3,7,4,17,50.0,0,72,47,65.28,28,49,34,74,167,55.12,59,655,555,1136,213.2,15,0,1852,45,5,0,Emerson Royal,Tottenham Hotspur,856123,33,england,2122
66,0,0.0,41,224,42.5,197,250,447,59.36,4,80.0,1,26,0,0,0,0,,0,0,0,8,12,26,1,0,0,1,2,0,2,,,0,0,0.0,,0,0,35,33,2,0,0,-0.27,6,85.71,0,17,0,306,0,2,0,26,2340,0,,0,0,0,0,0.0,1,0,0,0,312,0,4,6.88,0,0,9,54,18,73,1,15,0.0,0.0,0,0,0,0,0,0,0.0,9,1,1,100.0,2,168,0,0,10,83.33,527,482,271,753,178.8,0,1,971,5,1,0,Martin Dúbravka,Newcastle United,42209,39,england,2122
2,0,0.0,7,1,25.0,21,50,71,87.65,2,100.0,0,4,0,0,0,0,,0,0,0,0,8,4,0,0,0,1,1,0,0,,,0,0,0.0,,0,0,3,2,1,0,0,,8,88.89,0,0,0,10,3,0,0,2,161,0,,0,0,0,0,0.0,0,0,0,0,11,1,0,6.88,0,0,0,0,0,0,0,0,0.0,0.0,0,0,0,0,0,1,100.0,0,5,5,100.0,0,3,1,0,10,90.91,4,27,54,81,27.5,0,1,106,2,0,0,Phil Jones,Manchester United,93868,35,england,2122
47,23,37.1,278,65,29.82,549,548,1074,71.94,29,47.54,32,36,2,0,0,0,,2,0,3,10,83,36,0,0,26,21,107,0,0,,,16,0,0.0,,0,2,43,34,9,0,0,,134,64.11,0,0,0,419,41,21,0,35,3102,2,,0,0,0,0,0.0,0,0,0,1,623,9,0,6.87,0,0,0,0,0,0,0,0,0.0,0.0,0,3,1,1,0,16,55.17,0,104,57,54.81,21,169,29,62,163,60.37,218,830,725,1493,247.4,4,0,2411,14,1,0,Tyrick Mitchell,Crystal Palace,988275,7,england,2122
57,9,36.0,459,53,56.99,822,527,1340,86.84,27,48.21,29,27,2,0,0,0,,2,0,11,5,28,27,0,1,23,25,110,0,0,,,29,0,3.7,,1,3,35,31,4,0,1,,70,46.36,0,0,0,203,21,32,1,27,2331,2,,0,0,0,1,0.0,0,0,0,0,275,14,0,6.87,1,0,0,0,0,0,0,0,2331.0,0.0,1,10,17,11,5,19,73.08,0,32,18,56.25,32,99,26,25,97,46.86,93,985,583,1543,185.5,27,0,1862,19,10,0,Granit Xhaka,Arsenal,117777,42,england,2122
127,0,0.0,122,286,35.09,226,265,491,48.09,11,91.67,1,35,0,0,0,0,,0,0,0,7,36,35,0,0,0,1,2,1,0,,,0,0,0.0,,0,0,58,52,6,0,0,-2.02,7,87.5,0,19,0,530,1,4,0,35,3150,0,,0,0,0,0,0.0,1,0,0,0,539,0,22,6.87,0,0,17,69,47,117,0,29,0.0,0.0,0,0,0,0,0,1,100.0,17,1,1,100.0,4,277,1,0,18,90.0,815,696,325,1021,240.4,0,3,1340,6,2,0,Jordan Pickford,Everton,138530,48,england,2122
88,0,0.0,8,151,31.07,47,722,769,68.97,15,88.24,2,38,0,0,0,0,,0,0,0,5,45,38,1,0,0,0,2,1,0,,,0,0,0.0,,0,0,79,72,7,0,0,-9.18,6,100.0,0,20,0,346,0,0,0,38,3385,0,,0,0,0,0,0.0,5,0,0,0,359,0,18,6.87,0,0,22,91,51,143,0,28,0.0,0.0,0,0,0,0,0,2,100.0,22,1,1,100.0,0,242,2,0,21,91.3,486,263,852,1115,261.0,0,1,1637,5,2,0,Illan Meslier,Leeds United,906076,34,england,2122
84,30,24.59,268,78,44.32,488,379,837,75.2,9,40.91,13,27,3,0,0,0,,7,0,8,3,15,27,0,0,14,21,85,1,0,,,29,0,0.0,,0,3,40,34,6,0,0,,53,42.4,0,0,1,276,30,34,0,26,2289,0,,0,1,0,1,0.0,0,0,0,0,435,18,0,6.87,0,0,0,0,0,0,0,0,0.0,0.0,0,8,6,4,2,10,55.56,0,21,12,57.14,33,214,18,122,62,42.18,176,810,425,1113,185.4,14,0,1474,22,7,0,Ashley Westwood,Burnley,49647,6,england,2122
27,17,22.67,223,24,48.98,366,155,504,69.04,29,21.64,105,35,7,0,0,0,,4,9,18,4,14,35,0,0,57,14,234,0,0,,,20,0,5.19,,4,11,47,37,10,4,0,,105,44.87,0,0,7,226,11,34,4,34,2915,13,,0,0,1,0,100.0,0,1,0,0,483,28,0,6.87,0,0,0,0,0,0,0,0,728.75,0.0,4,56,21,37,22,39,48.75,0,28,16,57.14,34,58,80,75,134,36.41,49,613,192,730,240.3,77,2,1318,38,4,0,Bryan Mbeumo,Brentford,927083,50,england,2122
30,26,27.66,222,39,51.32,361,157,492,77.36,17,39.53,26,31,2,0,0,0,,4,1,3,1,23,31,0,0,29,15,113,0,0,,,31,0,0.0,,0,2,23,18,5,0,0,,73,45.63,0,0,1,144,18,35,0,17,1743,12,,0,0,0,0,0.0,0,0,0,0,285,17,0,6.86,0,0,0,0,0,0,0,0,0.0,0.0,2,12,8,7,10,23,60.53,0,30,17,56.67,35,55,38,94,90,44.33,76,551,179,636,212.8,20,0,1041,20,1,0,Solly March,Brighton & Hove Albion,301288,30,england,2122
56,2,40.0,94,86,35.39,385,1242,1625,84.64,92,65.71,48,28,0,0,0,0,,0,0,1,5,112,28,0,0,3,16,94,1,0,,,24,0,12.5,,1,1,44,37,7,1,0,,65,58.56,0,0,0,295,32,3,1,28,2498,1,,0,0,0,2,0.0,0,0,0,0,321,2,0,6.86,0,0,0,0,0,0,0,0,2498.0,0.0,0,7,1,6,1,4,50.0,0,47,30,63.83,3,172,8,5,157,62.55,243,575,1350,1920,192.2,8,1,2251,14,5,0,Çağlar Söyüncü,Leicester City,758608,31,england,2122
8,33,37.5,118,13,43.33,228,104,299,77.46,5,18.52,22,27,3,0,0,0,,4,1,8,2,8,25,0,0,11,8,54,0,0,,,10,0,8.33,,2,5,23,22,1,2,0,,35,52.24,0,0,0,87,11,25,1,18,1477,2,,0,0,0,0,0.0,0,0,0,0,184,6,0,6.86,0,1,0,0,0,0,0,0,738.5,0.0,0,14,10,8,8,1,25.0,0,10,3,30.0,25,21,4,88,40,42.55,30,352,122,386,171.6,24,1,631,24,3,0,Ryan Fraser,Newcastle United,138261,39,england,2122
14,0,0.0,58,28,65.12,132,126,258,84.31,5,55.56,4,11,0,0,0,0,,0,0,2,0,10,11,0,0,0,13,27,0,0,,,8,0,0.0,,0,0,6,5,1,0,0,,29,55.77,0,0,0,48,14,4,0,8,671,0,,0,0,0,0,0.0,0,0,0,0,60,4,0,6.86,0,0,0,0,0,0,0,0,0.0,0.0,0,0,2,0,0,5,71.43,0,18,15,83.33,4,28,7,1,34,55.74,43,173,134,306,75.5,2,0,397,6,2,0,Fabian Delph,Everton,24048,48,england,2122
33,21,21.0,205,32,40.51,407,344,730,83.52,12,30.77,27,21,1,0,0,0,,2,0,6,3,30,21,0,0,11,9,66,1,0,,,15,0,8.33,,1,2,27,24,3,1,0,,52,57.14,0,0,0,144,16,18,0,16,1485,3,,0,0,0,1,0.0,0,0,0,0,269,5,0,6.86,0,1,0,0,0,0,0,0,1485.0,0.0,2,4,8,5,1,8,66.67,0,38,26,68.42,18,70,12,100,64,49.23,79,582,392,874,144.1,12,1,1295,6,3,0,Cédric Soares,Arsenal,44760,42,england,2122
14,5,19.23,273,24,55.81,538,349,882,86.98,16,32.0,34,34,1,0,0,0,,2,3,11,7,25,34,0,0,36,39,157,0,0,,,32,0,17.65,,6,7,35,28,7,4,2,,141,53.41,0,0,0,132,24,21,3,29,2476,1,,0,0,0,0,0.0,0,0,0,0,274,14,0,6.86,0,3,0,0,0,0,0,0,412.67,0.0,0,19,15,12,11,30,62.5,0,67,44,65.67,21,24,48,26,157,50.0,43,656,384,1014,233.2,34,3,1472,44,6,0,Jacob Ramsey,Aston Villa,975937,40,england,2122
20,4,15.38,127,23,69.7,236,79,311,82.28,5,29.41,12,17,1,0,0,0,,2,0,7,0,5,17,0,0,10,11,48,0,0,,,10,0,9.52,,2,3,7,3,4,2,0,,30,45.45,1,0,0,67,6,10,1,9,791,2,,0,0,0,0,0.0,0,0,0,0,126,12,0,6.86,0,0,0,0,0,0,0,0,395.5,0.0,0,7,14,11,3,12,70.59,0,15,11,73.33,10,33,17,26,35,42.17,33,317,87,378,116.6,21,0,537,3,0,0,Alex Oxlade-Chamberlain,Liverpool,10577,44,england,2122
5,0,0.0,56,3,42.86,97,39,136,70.1,25,47.17,28,14,1,0,0,2,,0,6,10,4,4,14,0,0,4,7,58,0,0,,,15,0,11.43,,4,5,16,13,3,4,0,,21,41.18,0,0,2,58,0,9,3,12,1047,10,,0,0,2,0,0.0,0,0,0,0,100,7,0,6.86,0,1,0,0,0,0,0,0,261.75,0.0,0,27,8,7,18,2,28.57,0,11,5,45.45,9,12,7,11,46,44.23,7,156,49,194,96.0,35,0,334,8,3,0,Pierre-Emerick Aubameyang,Arsenal,51498,42,england,2122
28,0,0.0,51,38,29.23,233,972,1205,80.93,103,55.98,81,37,1,0,0,0,,1,5,5,7,186,37,0,0,5,12,112,0,0,,,15,0,13.64,,3,4,56,44,12,3,0,,49,61.25,2,0,1,284,52,5,0,37,3322,5,,0,0,0,0,0.0,0,0,0,1,304,0,0,6.86,0,1,0,0,0,0,0,0,1107.33,0.0,0,22,0,6,11,2,100.0,0,40,21,52.5,5,83,2,1,152,57.58,130,408,1082,1489,253.7,22,2,1919,8,7,0,Pontus Jansson,Brentford,55123,50,england,2122
9,1,12.5,136,11,50.0,222,82,303,65.73,62,40.0,93,30,3,0,0,0,,6,9,10,2,16,30,0,0,34,14,181,0,0,,,29,0,14.29,,7,10,40,39,1,7,0,,73,45.34,2,0,1,158,8,26,0,23,2041,7,,0,0,0,0,0.0,0,0,0,0,280,18,0,6.85,0,5,0,0,0,0,0,0,291.57,0.0,0,44,5,15,24,20,57.14,0,13,6,46.15,26,24,35,8,135,42.72,22,364,105,461,205.6,49,0,803,40,0,0,Che Adams,Southampton,773409,45,england,2122
65,20,19.23,171,74,35.24,376,341,697,71.12,58,65.91,30,31,3,0,0,0,,4,0,1,5,72,31,0,0,15,18,106,0,2,,,17,0,0.0,,0,3,48,42,6,0,0,,115,60.21,0,0,0,283,58,21,0,30,2730,0,,0,0,0,0,0.0,0,0,0,0,484,10,0,6.85,0,0,0,0,0,0,0,0,0.0,0.0,0,2,5,6,0,27,50.94,0,45,26,57.78,21,160,53,104,173,62.01,210,661,423,980,212.4,7,0,1839,43,3,0,Charlie Taylor,Burnley,166381,6,england,2122
20,1,9.09,262,31,50.0,474,389,862,79.59,35,48.61,37,30,4,0,0,0,,3,1,13,5,30,30,0,0,22,39,156,0,0,,,39,0,5.88,,2,6,47,43,4,2,0,,112,48.48,0,0,1,221,28,19,0,29,2544,1,,0,0,0,0,0.0,0,0,0,0,320,12,0,6.85,0,2,0,0,0,0,0,0,1272.0,0.0,0,23,11,10,11,21,51.22,0,75,43,57.33,19,44,41,11,147,48.51,62,633,461,1083,205.5,34,0,1469,16,6,0,Abdoulaye Doucouré,Everton,96535,48,england,2122
34,6,12.0,349,41,48.81,565,326,885,81.34,27,49.09,28,32,2,0,0,0,,5,0,11,6,42,31,0,0,43,12,139,0,1,,,27,0,3.85,,1,3,49,45,4,1,0,,168,60.22,0,0,1,203,37,24,0,29,2632,3,,0,0,0,0,0.0,0,0,0,0,416,11,0,6.85,0,1,0,0,0,0,0,0,2632.0,0.0,0,20,6,8,7,64,67.37,0,57,33,57.89,24,77,95,50,195,58.38,84,752,386,1088,212.3,26,1,1862,47,5,0,Kyle Walker-Peters,Southampton,823085,45,england,2122
20,12,19.35,204,27,35.53,421,303,712,78.59,24,48.98,25,28,1,0,0,0,,4,1,3,6,47,27,0,0,19,18,99,0,1,,,12,0,8.33,,1,2,42,40,2,1,0,,120,61.86,1,0,2,194,47,20,0,25,2208,1,,0,0,0,0,0.0,0,0,0,1,408,9,0,6.85,0,0,0,0,0,0,0,0,2208.0,0.0,0,9,3,6,3,30,54.55,0,54,28,51.85,20,51,55,62,144,59.26,76,599,369,906,184.9,12,1,1588,36,2,0,Valentino Livramento,Southampton,980634,45,england,2122
20,1,25.0,97,30,45.45,230,426,655,81.98,51,63.75,29,27,1,0,0,0,,1,0,1,4,33,27,0,0,11,21,92,0,0,,,29,0,0.0,,0,1,28,21,7,0,0,,85,57.43,0,0,0,144,38,5,0,23,1984,0,,0,0,0,0,0.0,0,0,0,0,194,6,0,6.85,0,0,0,0,0,0,0,0,0.0,0.0,0,3,4,6,0,13,76.47,0,52,38,73.08,5,40,17,4,136,59.65,66,319,484,799,184.9,7,0,1118,21,3,0,Cheikhou Kouyaté,Crystal Palace,45944,7,england,2122
11,8,19.51,78,13,32.5,153,90,235,73.44,10,45.45,12,13,0,0,0,0,,0,1,1,3,27,13,0,0,4,9,43,0,0,,,13,0,12.5,,1,1,17,16,1,0,1,,37,54.41,0,0,0,85,16,9,1,12,1056,0,,0,1,0,0,0.0,0,0,0,1,170,4,0,6.85,0,0,0,0,0,0,0,0,1056.0,0.0,0,4,4,5,2,3,33.33,0,25,15,60.0,8,29,9,41,47,52.22,40,236,125,320,89.0,8,0,628,9,0,0,Vitaliy Mykolenko,Everton,876643,48,england,2122
70,4,25.0,153,69,51.11,329,452,777,81.96,17,36.96,29,20,1,0,0,0,,1,1,3,3,18,20,0,0,16,33,116,0,0,,,33,0,0.0,,0,1,25,23,2,0,0,,80,47.9,0,0,0,171,24,10,0,18,1595,0,,0,1,0,0,0.0,0,0,0,0,238,9,0,6.85,0,0,0,0,0,0,0,0,0.0,0.0,1,4,11,9,3,7,58.33,0,54,25,46.3,9,135,12,16,97,45.54,135,461,503,948,136.9,15,0,1241,19,4,0,Kalvin Phillips,Leeds United,786028,34,england,2122
14,3,17.65,104,30,29.7,226,281,504,69.71,49,61.25,31,24,3,0,0,0,,4,0,5,5,71,24,0,0,7,8,63,0,0,,,12,0,14.29,,1,4,31,25,6,1,0,,58,64.44,0,0,0,219,26,8,0,23,1987,0,,0,0,0,0,0.0,0,0,0,0,304,5,0,6.84,0,1,0,0,0,0,0,0,1987.0,0.0,0,7,0,1,1,13,72.22,0,29,18,62.07,8,48,18,17,107,62.94,101,382,358,723,164.2,7,1,1151,16,5,0,Kristoffer Ajer,Brentford,576384,50,england,2122
21,8,30.77,151,30,58.82,301,283,576,88.21,4,50.0,4,19,1,0,0,0,,3,0,1,1,8,17,0,0,6,13,38,0,2,,,11,0,0.0,,0,1,15,13,2,0,0,,36,51.43,0,0,1,77,16,12,0,9,913,0,,0,1,0,0,0.0,0,0,0,0,127,1,0,6.84,0,0,0,0,0,0,0,0,0.0,0.0,0,0,3,1,1,8,53.33,0,15,10,66.67,11,45,15,26,40,51.28,51,371,308,653,116.3,3,0,801,13,2,0,Harry Winks,Tottenham Hotspur,545780,33,england,2122
3,0,0.0,3,7,53.85,24,99,123,82.55,10,83.33,2,6,0,0,0,0,,0,0,0,0,10,5,0,0,2,2,11,0,0,,,4,0,0.0,,0,0,4,4,0,0,0,,16,64.0,0,0,0,26,12,0,0,4,287,0,,0,0,0,0,0.0,0,0,0,0,40,0,0,6.84,0,0,0,0,0,0,0,0,0.0,0.0,0,1,0,1,0,2,66.67,0,9,3,33.33,0,6,3,0,26,70.27,13,42,107,149,34.2,1,0,217,5,1,0,Hamza Choudhury,Leicester City,833057,31,england,2122
4,10,18.18,130,5,41.67,213,63,266,70.56,24,34.78,45,26,1,1,0,0,,2,5,9,1,13,26,0,0,33,8,130,0,0,,,20,1,19.15,,9,10,24,22,2,6,3,,49,36.57,1,0,0,111,10,15,6,21,1776,26,,0,0,1,0,0.0,0,0,0,2,280,18,0,6.84,0,2,0,0,0,0,0,0,197.33,25.0,4,35,12,16,22,13,34.21,0,16,9,56.25,15,10,38,55,73,35.96,12,337,95,377,177.8,47,0,725,20,2,0,Maxwel Cornet,Burnley,280439,6,england,2122
18,10,25.0,175,34,43.59,424,490,904,82.03,39,50.65,38,27,0,0,0,0,,1,2,1,4,46,26,0,0,11,16,93,1,0,,,15,0,14.29,,1,1,30,25,5,0,1,,80,59.26,0,0,0,198,29,15,0,22,2126,1,,0,0,0,0,0.0,0,0,0,0,305,4,0,6.84,0,1,0,0,0,0,0,0,2126.0,0.0,0,5,2,3,3,6,31.58,0,67,31,46.27,15,45,19,40,119,56.13,78,573,569,1102,177.8,7,0,1638,7,1,0,Timothy Castagne,Leicester City,329417,31,england,2122
6,1,33.33,15,22,43.14,72,214,285,80.06,30,65.22,16,13,0,0,0,0,,0,0,0,2,37,13,0,0,1,3,25,1,0,,,5,0,0.0,,0,0,10,10,0,0,0,,21,70.0,0,0,0,71,11,1,0,11,851,1,,0,0,0,0,0.0,0,0,0,0,78,0,0,6.84,0,0,0,0,0,0,0,0,0.0,0.0,0,6,0,4,2,0,0.0,0,12,10,83.33,1,21,0,3,51,67.11,51,118,241,356,88.9,6,0,473,9,3,0,Yerry Mina,Everton,360396,48,england,2122
1,0,0.0,67,1,16.67,125,49,174,77.68,8,19.05,34,21,1,0,0,0,,2,3,4,0,5,21,0,0,11,3,79,0,0,,,17,0,17.24,,5,6,18,15,3,5,0,,37,45.12,1,0,4,50,4,13,2,8,836,5,,0,0,0,0,0.0,0,0,0,0,112,5,0,6.84,0,2,0,0,0,0,0,0,167.2,0.0,0,22,7,12,13,14,46.67,0,9,4,44.44,13,4,30,4,45,36.29,6,162,66,224,143.6,29,1,398,14,3,0,Edward Nketiah,Arsenal,858194,42,england,2122
18,4,16.67,185,25,69.44,291,96,383,69.89,56,37.84,92,28,1,0,0,0,,5,6,13,1,17,28,0,0,58,17,222,0,0,,,13,0,6.38,,3,4,35,33,2,3,0,,111,46.06,1,0,0,165,15,20,0,15,1638,6,,0,1,0,0,0.0,0,0,0,0,360,14,0,6.84,0,2,0,0,0,0,0,0,546.0,0.0,1,34,13,18,16,62,58.49,0,20,14,70.0,19,31,106,24,167,42.93,36,447,125,548,191.4,47,0,1038,30,1,0,João Pedro,Watford,975079,24,england,2122
64,0,0.0,81,86,41.95,292,813,1105,81.43,50,43.86,64,28,0,0,0,0,,0,1,1,5,75,28,0,0,3,14,109,0,2,,,23,0,30.0,,3,3,44,38,6,3,0,,81,64.29,0,0,1,252,40,2,2,28,2343,0,,0,0,0,0,0.0,0,0,0,0,286,0,0,6.84,0,1,0,0,0,0,0,0,781.0,0.0,0,9,1,6,3,8,61.54,0,53,31,58.49,2,156,13,2,131,54.58,205,452,907,1357,191.4,10,0,1704,21,7,0,Diego Llorente,Leeds United,305278,34,england,2122
13,3,15.0,110,18,38.3,246,246,489,76.29,31,44.29,39,32,1,0,0,0,,2,1,10,6,31,31,0,0,33,26,147,0,0,,,26,0,12.12,,4,5,19,16,3,4,0,,103,48.82,1,0,1,152,18,19,3,20,1853,0,,0,1,0,0,0.0,0,0,0,1,280,14,0,6.84,0,0,0,0,0,0,0,0,463.25,0.0,0,26,7,14,9,35,60.34,0,46,25,54.35,18,27,58,20,134,47.69,47,370,291,641,211.9,33,0,1059,22,1,0,Jeffrey Schlupp,Crystal Palace,148710,7,england,2122
94,0,0.0,37,173,38.79,93,567,660,70.44,10,90.91,1,36,0,0,0,0,,0,0,0,11,9,36,1,0,0,2,3,1,0,,,0,0,0.0,,0,0,48,39,9,0,0,-2.96,2,50.0,0,30,0,277,0,0,0,36,3240,0,,0,0,0,0,0.0,6,0,1,0,287,0,3,6.83,0,0,11,59,35,95,1,26,0.0,0.0,0,0,0,0,0,0,0.0,10,1,1,100.0,0,202,0,0,12,80.0,446,317,620,937,246.0,0,0,1259,3,4,0,Emiliano Martínez,Aston Villa,158263,40,england,2122
41,5,21.74,89,29,23.58,212,292,499,70.48,30,66.67,15,19,0,0,0,0,,1,0,1,3,60,19,0,0,6,16,75,0,0,,,24,0,20.0,,1,1,37,32,5,1,0,,84,58.33,0,0,0,209,69,10,1,18,1625,0,,0,0,0,1,0.0,0,0,0,0,321,3,0,6.83,1,0,0,0,0,0,0,0,1625.0,0.0,0,2,3,3,1,15,50.0,0,53,34,64.15,10,98,30,23,114,60.32,123,343,388,708,129.8,5,1,1238,16,3,1,Hassane Kamara,Watford,351434,24,england,2122
10,2,25.0,272,8,72.73,397,137,532,81.35,37,41.57,52,29,3,0,0,0,,3,12,15,4,30,29,0,0,32,10,154,0,1,,,40,0,14.29,,8,11,18,18,0,8,0,,60,37.04,3,0,2,122,4,21,3,22,1817,12,,0,0,0,0,0.0,0,0,0,1,258,12,0,6.83,0,2,0,0,0,0,0,0,227.13,0.0,0,49,7,18,23,18,42.86,0,17,8,47.06,21,13,42,8,97,38.65,11,501,161,654,198.1,56,0,1021,25,3,0,Kai Havertz,Chelsea,836705,38,england,2122
45,9,17.65,146,62,36.26,261,185,437,67.44,25,59.52,17,25,2,0,0,0,,4,0,4,3,62,23,0,1,6,17,63,0,0,,,13,0,10.0,,1,3,30,25,5,1,0,,54,54.0,1,0,0,211,26,18,0,20,1778,0,,0,0,0,0,0.0,0,0,0,0,316,4,0,6.83,1,0,0,0,0,0,0,0,1778.0,0.0,0,4,6,4,2,10,47.62,0,38,24,63.16,18,134,21,51,79,55.63,171,469,230,648,157.1,10,0,1128,6,3,0,Matthew Lowton,Burnley,67507,6,england,2122
0,1,33.33,49,1,33.33,79,25,103,68.21,29,36.25,51,18,0,0,0,0,,0,4,4,1,10,18,0,0,27,3,116,0,0,,,27,0,22.86,,8,8,32,30,2,8,0,,41,38.68,3,0,0,48,3,10,0,16,1388,17,,0,0,2,0,100.0,0,2,0,0,151,10,0,6.83,0,5,0,0,0,0,0,0,173.5,0.0,0,29,6,16,15,10,47.62,0,9,8,88.89,10,3,21,3,70,37.63,3,121,33,151,122.9,35,1,383,22,4,0,Callum Wilson,Newcastle United,113956,39,england,2122
20,15,34.88,75,23,62.16,185,215,385,85.56,13,68.42,6,15,0,0,0,0,,0,0,4,0,15,15,0,0,3,6,29,0,0,,,15,0,0.0,,0,0,16,15,1,0,0,,30,56.6,0,0,0,65,11,11,0,9,776,0,,1,0,0,1,0.0,0,0,0,0,99,4,0,6.83,0,0,0,0,0,0,0,0,0.0,0.0,4,0,8,4,0,2,100.0,0,18,9,50.0,11,36,2,43,43,59.72,37,258,235,450,102.4,8,0,581,10,1,0,Luka Milivojević,Crystal Palace,50294,7,england,2122
15,0,0.0,11,26,50.98,40,236,276,86.52,10,66.67,5,8,0,0,0,0,,1,0,1,0,18,8,0,0,0,2,13,0,0,,,7,0,25.0,,1,1,11,7,4,1,0,,11,57.89,0,0,0,43,4,2,0,6,550,0,,0,0,0,0,0.0,0,0,0,0,45,0,0,6.83,0,1,0,0,0,0,0,0,550.0,0.0,0,3,1,1,2,1,100.0,0,8,3,37.5,2,26,1,0,21,61.76,51,65,254,319,54.6,4,0,378,2,2,0,James Tomkins,Crystal Palace,32124,7,england,2122
13,3,14.29,108,12,22.22,206,230,433,73.27,22,43.14,29,20,1,0,0,0,,1,0,1,5,49,20,0,0,4,9,65,0,0,,,22,0,0.0,,0,1,20,20,0,0,0,,50,58.14,0,0,0,158,25,6,0,18,1635,0,,0,0,0,0,0.0,0,0,0,0,245,6,0,6.83,0,0,0,0,0,0,0,0,0.0,0.0,0,3,3,3,2,2,50.0,0,37,16,43.24,6,46,4,21,72,52.55,54,316,296,591,136.5,6,1,983,11,5,0,Emil Krafth,Newcastle United,150396,39,england,2122
50,10,18.52,108,46,50.55,244,270,504,77.54,12,38.71,19,20,0,0,0,0,,0,1,6,2,20,20,0,0,9,22,83,0,1,,,24,0,0.0,,0,0,38,34,4,0,0,,68,51.52,0,0,0,146,42,15,0,17,1419,0,,0,0,0,0,0.0,0,0,0,0,230,3,0,6.83,0,0,0,0,0,0,0,0,0.0,0.0,6,3,14,7,4,14,58.33,0,41,21,51.22,15,97,24,54,80,49.08,91,393,311,650,136.5,17,0,967,13,6,0,Imrân Louza,Watford,965943,24,england,2122
3,1,9.09,73,5,55.56,122,65,186,68.13,20,39.22,31,30,1,0,0,0,,0,2,6,1,5,30,0,0,6,15,71,0,0,,,8,0,21.88,,7,8,22,17,5,4,3,,53,56.99,1,0,0,87,8,9,2,12,1285,7,,0,0,0,0,0.0,0,0,0,0,149,8,0,6.82,0,4,0,0,0,0,0,0,183.57,0.0,0,20,12,13,13,19,63.33,0,12,6,50.0,9,10,30,11,73,50.69,9,200,84,273,204.7,32,0,468,22,0,0,Yoane Wissa,Brentford,805123,50,england,2122
10,0,0.0,127,18,64.29,296,232,528,93.45,6,50.0,6,14,2,0,0,0,,0,0,3,0,11,14,0,0,3,5,20,0,0,,,5,0,0.0,,0,2,17,15,2,0,0,,21,60.0,0,0,0,37,14,9,0,8,827,0,,0,0,0,0,0.0,0,0,0,0,45,4,0,6.82,0,0,0,0,0,0,0,0,0.0,0.0,0,0,8,3,2,0,0.0,0,16,8,50.0,9,18,1,0,27,57.45,28,318,247,565,95.5,8,0,646,5,1,0,Mohamed Elneny,Arsenal,159675,42,england,2122
10,0,0.0,80,8,61.54,132,60,192,64.43,86,60.14,57,25,1,0,0,0,,2,8,7,1,33,25,0,0,17,4,92,0,0,,,16,0,10.26,,4,5,20,17,3,4,0,,27,43.55,1,0,3,106,2,13,1,11,1146,10,,0,0,0,0,0.0,0,0,0,0,171,7,0,6.82,0,2,0,0,0,0,0,0,286.5,0.0,0,35,4,19,13,9,69.23,0,3,2,66.67,13,12,13,0,113,55.12,13,222,76,298,170.5,39,1,494,16,3,0,Christian Benteke,Crystal Palace,45970,7,england,2122
3,0,0.0,18,14,58.33,61,130,191,84.14,5,33.33,10,5,0,0,0,0,,0,0,1,0,13,5,0,0,0,6,19,0,0,,,3,0,50.0,,1,1,9,7,2,1,0,,13,59.09,1,0,0,36,5,0,0,4,381,0,,0,0,0,0,0.0,0,0,0,0,44,1,0,6.82,0,0,0,0,0,0,0,0,381.0,0.0,0,2,0,0,1,0,0.0,0,8,6,75.0,0,11,0,0,18,48.65,24,79,148,227,34.1,2,0,286,5,1,0,Andrew Omobamidele,Norwich City,983066,263,england,2122
16,6,17.14,87,20,52.63,206,229,429,85.63,11,35.48,20,16,1,0,0,0,,1,0,4,1,9,16,0,0,9,9,60,0,0,,,18,0,0.0,,0,1,16,14,2,0,0,,54,57.45,0,0,0,72,8,9,0,13,1063,0,,0,0,0,1,0.0,0,0,0,1,130,13,0,6.82,0,0,0,0,0,0,0,0,0.0,0.0,0,2,4,2,0,8,66.67,0,29,14,48.28,9,27,12,35,65,52.0,38,279,257,501,109.1,6,1,690,17,6,0,Will Hughes,Crystal Palace,193554,7,england,2122
21,18,30.0,225,23,36.51,364,144,490,73.13,13,28.89,32,27,5,0,0,0,,7,1,11,4,13,27,0,0,15,23,104,0,0,,,16,0,3.85,,1,6,33,30,3,1,0,,58,44.62,0,0,0,180,8,34,0,20,1843,3,,0,0,0,0,0.0,0,0,0,0,292,18,0,6.82,0,1,0,0,0,0,0,0,1843.0,0.0,1,10,16,6,9,21,53.85,0,22,14,63.64,34,50,39,60,71,40.57,63,551,179,670,184.1,26,1,973,15,0,0,Nathan Redmond,Southampton,115346,45,england,2122
16,0,0.0,17,17,47.22,48,127,175,78.83,20,71.43,8,7,0,0,0,0,,0,0,0,1,12,6,0,0,1,1,16,0,0,,,6,0,50.0,,1,1,9,6,3,1,0,,8,50.0,1,0,0,47,6,0,0,4,405,1,,0,0,0,1,0.0,0,0,0,0,53,2,0,6.82,0,0,0,0,0,0,0,0,405.0,0.0,0,2,0,0,2,3,75.0,0,3,3,100.0,0,33,4,0,28,63.64,36,81,141,222,40.9,2,1,277,2,0,0,Kortney Hause,Aston Villa,255189,40,england,2122
72,34,34.69,208,81,56.25,469,516,951,83.71,13,39.39,20,24,1,0,0,0,,1,0,9,2,29,24,0,0,11,38,102,0,0,,,28,0,0.0,,0,1,52,48,4,0,0,,77,48.43,0,0,0,185,17,25,0,21,1866,1,,0,0,0,1,0.0,0,0,0,0,302,9,0,6.82,0,0,0,0,0,0,0,0,0.0,0.0,2,4,14,6,3,15,68.18,0,41,21,51.22,25,127,22,98,90,46.88,144,664,570,1136,163.6,18,0,1485,21,2,0,Billy Gilmour,Norwich City,907668,263,england,2122
44,0,0.0,13,80,31.75,52,224,276,60.53,2,50.0,2,12,0,0,0,0,,0,0,0,1,9,12,0,0,0,0,2,1,1,,,0,0,0.0,,0,0,24,20,4,0,0,0.0,3,100.0,0,8,0,180,0,0,0,12,1080,0,,1,0,0,0,0.0,1,0,0,0,182,0,4,6.82,0,0,4,32,15,49,1,8,0.0,0.0,0,0,0,0,0,0,0.0,4,0,0,0.0,0,127,0,0,5,71.43,252,184,272,456,81.8,0,0,591,3,0,0,Álvaro Fernández,Brentford,852412,50,england,2122
14,8,28.57,360,12,63.16,570,219,781,83.53,2,15.38,11,29,3,0,0,0,,5,3,9,0,5,29,0,0,27,14,94,0,3,,,4,0,11.54,,3,6,28,24,4,3,0,,68,45.03,0,0,0,154,15,42,0,20,1902,7,,0,1,0,0,0.0,0,0,0,0,292,14,0,6.81,0,3,0,0,0,0,0,0,634.0,0.0,0,22,4,8,9,47,55.29,0,14,8,57.14,41,26,85,28,70,42.68,19,702,261,935,197.6,26,0,1277,7,0,0,Jadon Sancho,Manchester United,851100,35,england,2122
22,2,33.33,163,20,47.62,417,346,761,90.06,13,56.52,10,18,0,0,0,0,,1,0,1,7,8,18,0,0,11,16,55,0,1,,,16,0,0.0,,0,0,13,13,0,0,0,,52,53.61,0,0,0,84,12,8,0,14,1348,1,,0,0,0,0,0.0,0,0,0,0,116,3,0,6.81,0,0,0,0,0,0,0,0,0.0,0.0,0,0,4,2,1,4,66.67,0,33,19,57.58,8,38,6,6,65,54.17,42,474,377,845,122.6,4,0,1001,16,6,0,Oliver Skipp,Tottenham Hotspur,859901,33,england,2122
4,0,0.0,129,4,66.67,209,97,306,73.73,38,45.78,45,28,3,0,0,0,,2,6,8,2,18,26,0,0,27,14,146,0,0,,,25,0,15.0,,6,9,19,13,6,6,0,,52,33.99,0,0,3,109,0,21,3,18,1571,4,,0,0,1,0,100.0,0,1,0,0,253,12,0,6.81,0,3,0,0,0,0,0,0,261.83,0.0,0,36,4,14,18,30,44.78,0,16,10,62.5,21,8,67,7,90,38.14,6,297,125,415,177.0,40,2,739,6,4,0,Odsonne Édouard,Crystal Palace,795228,7,england,2122
12,6,42.86,89,19,65.52,212,215,421,83.04,11,57.89,8,13,0,0,0,0,,2,0,2,1,8,13,0,0,20,9,57,0,0,,,10,0,20.0,,2,2,22,19,3,2,0,,55,52.88,0,0,0,86,13,11,0,10,1022,0,,0,0,0,0,0.0,0,0,0,0,154,3,0,6.81,0,2,0,0,0,0,0,0,511.0,0.0,0,6,4,3,5,14,56.0,0,25,15,60.0,11,26,25,14,66,53.66,29,273,248,507,88.5,10,0,784,16,1,0,Jonny Otto,Wolverhampton,235648,3,england,2122
9,2,33.33,110,6,40.0,186,86,270,77.36,16,29.63,38,26,5,0,0,0,,5,3,8,0,10,26,0,0,21,11,103,0,0,,,17,0,12.9,,4,9,25,21,4,2,2,,37,36.27,1,0,1,79,4,17,3,13,1264,7,,0,0,0,0,0.0,0,0,0,0,175,13,0,6.8,0,0,0,0,0,0,0,0,316.0,0.0,0,18,13,11,12,16,48.48,0,10,7,70.0,17,21,33,6,53,33.97,15,252,103,349,176.9,31,1,584,11,1,0,Kelechi Iheanacho,Leicester City,359642,31,england,2122
12,0,0.0,113,8,38.1,167,83,250,69.25,27,40.3,40,30,6,0,0,0,,2,6,13,1,20,30,0,0,21,24,122,0,0,,,16,0,14.29,,7,13,26,22,4,7,0,,45,35.43,1,0,3,111,6,15,2,22,1909,11,,0,0,1,0,100.0,0,1,0,0,220,15,0,6.8,0,4,0,0,0,0,0,0,272.71,0.0,0,44,5,18,18,10,32.26,0,23,16,69.57,15,29,31,13,72,37.11,21,269,105,361,204.1,49,0,666,12,4,0,Danny Ings,Aston Villa,130181,40,england,2122
7,2,25.0,212,8,53.33,312,159,469,77.78,21,26.92,57,32,2,1,0,0,,4,5,17,5,1,32,0,0,51,14,172,0,0,,,33,0,13.11,,8,10,31,25,6,6,2,,69,37.5,0,0,0,134,2,23,0,25,2279,6,,0,0,2,0,50.0,0,1,0,0,269,28,0,6.8,0,8,0,0,0,0,0,0,284.88,0.0,0,42,19,29,15,21,51.22,0,17,10,58.82,23,19,41,8,90,34.35,15,434,177,603,217.7,61,0,939,31,7,0,Neal Maupay,Brighton & Hove Albion,268903,30,england,2122
5,8,20.51,197,10,52.63,300,101,393,68.35,45,36.0,80,33,6,0,0,0,,7,5,16,1,12,33,0,0,63,35,322,0,0,,,59,0,16.67,,10,16,59,51,8,10,0,,159,39.65,3,0,1,182,15,33,1,30,2589,12,,0,0,0,0,0.0,0,0,0,1,489,22,0,6.8,1,6,0,0,0,0,0,0,258.9,0.0,7,47,13,18,26,68,43.59,0,51,35,68.63,33,13,156,39,204,38.78,19,479,135,575,224.4,60,3,1265,40,7,1,Emmanuel Dennis,Watford,844424,24,england,2122
25,9,10.47,320,32,43.84,578,363,932,81.18,16,41.03,23,28,2,0,0,0,,3,1,9,6,23,28,0,0,46,21,128,0,1,,,20,0,4.76,,1,3,27,24,3,1,0,,98,48.28,0,0,0,216,21,36,1,23,2119,0,,0,1,0,0,0.0,0,0,0,0,423,13,0,6.8,0,0,0,0,0,0,0,0,2119.0,0.0,1,7,14,9,3,30,61.22,0,39,24,61.54,35,48,49,86,114,47.11,73,805,429,1148,190.4,21,1,1625,29,4,0,Kiernan Dewsbury-Hall,Leicester City,861970,31,england,2122
0,1,100.0,2,0,0.0,4,2,5,83.33,0,0.0,1,1,0,0,0,0,,0,0,0,0,0,1,0,0,0,0,1,0,0,,,0,0,0.0,,0,0,0,0,0,0,0,,1,100.0,0,0,0,1,0,0,0,0,16,0,,0,0,0,0,0.0,0,0,0,0,1,0,0,6.8,0,0,0,0,0,0,0,0,0.0,0.0,0,1,0,0,1,0,0.0,0,0,0,0.0,0,1,0,1,1,50.0,0,5,2,6,6.8,1,0,10,1,0,0,Tariqe Fosu-Henry,Brentford,807749,50,england,2122
3,0,0.0,8,3,25.0,20,35,55,68.75,3,60.0,2,2,0,0,0,0,,0,0,0,0,7,2,0,0,0,0,3,0,0,,,1,0,0.0,,0,0,5,5,0,0,0,,5,83.33,0,0,0,25,4,1,0,0,148,0,,0,0,0,0,0.0,0,0,0,0,33,0,0,6.8,0,0,0,0,0,0,0,0,0.0,0.0,0,0,0,0,0,0,0.0,0,5,4,80.0,1,5,0,3,8,72.73,12,38,45,80,13.6,0,0,132,0,0,0,Leo Fuhr Hjelde,Leeds United,1097848,34,england,2122
0,0,0.0,4,0,0.0,10,12,22,81.48,3,100.0,0,3,0,0,0,0,,0,0,0,0,1,3,0,0,0,0,2,0,0,,,2,0,0.0,,0,0,0,0,0,0,0,,5,71.43,0,0,0,5,2,0,0,1,95,0,,0,0,0,0,0.0,0,0,0,0,5,0,0,6.8,0,0,0,0,0,0,0,0,0.0,0.0,0,1,0,1,0,0,0.0,0,5,4,80.0,0,0,0,0,8,80.0,0,15,12,27,20.4,1,0,38,0,1,0,Tim Iroegbunam,Aston Villa,1085950,40,england,2122
25,12,41.38,226,40,63.49,394,276,658,75.46,17,26.15,48,31,1,0,0,0,,3,5,13,3,26,31,0,0,27,28,144,0,1,,,21,0,12.77,,6,7,37,34,3,4,2,,72,42.86,0,0,2,214,11,39,5,27,2270,4,,0,1,1,0,100.0,0,1,0,0,356,17,0,6.8,0,1,0,0,0,0,0,0,378.33,0.0,0,25,22,16,18,22,52.38,0,20,9,45.0,38,51,42,29,89,38.2,63,575,326,872,210.7,47,0,1246,30,9,0,Rodrigo,Leeds United,542472,34,england,2122
11,9,27.27,141,16,61.54,248,106,345,80.8,6,27.27,16,28,1,0,0,0,,2,6,7,0,0,25,0,0,18,16,105,0,1,,,13,0,6.25,,2,3,15,14,1,1,1,,94,51.37,0,0,2,82,12,14,2,16,1363,1,,0,0,0,0,0.0,0,0,0,0,224,17,0,6.8,0,0,0,0,0,0,0,0,681.5,0.0,1,21,11,11,14,44,51.16,0,28,15,53.57,14,22,86,33,100,48.78,26,335,125,427,169.9,32,0,762,22,0,0,Francisco Trincão,Wolverhampton,830431,3,england,2122
10,0,0.0,33,16,34.78,117,296,413,86.76,29,56.86,22,15,0,0,0,0,,0,1,1,2,42,14,0,0,3,1,35,0,1,,,9,0,25.0,,1,1,14,12,2,1,0,,15,53.57,1,0,0,63,10,0,0,9,846,0,,0,0,0,0,0.0,0,0,0,0,71,1,0,6.79,1,0,0,0,0,0,0,0,846.0,0.0,0,4,0,2,1,0,0.0,0,13,9,69.23,0,31,1,0,44,55.7,46,159,317,476,95.1,4,1,596,3,2,1,Rob Holding,Arsenal,793228,42,england,2122
18,13,25.0,101,18,47.37,170,64,221,65.58,33,39.29,51,25,2,0,0,0,,3,1,10,0,9,23,0,0,14,22,120,0,0,,,13,0,14.71,,5,7,34,29,5,5,0,,41,37.27,0,0,3,116,5,20,1,11,1148,1,,1,0,0,0,0.0,0,0,0,0,214,11,0,6.79,0,4,0,0,0,0,0,0,229.6,0.0,5,17,17,13,11,18,46.15,0,13,5,38.46,20,31,39,52,74,38.14,38,297,92,337,156.2,34,2,589,12,3,0,Cucho Hernández,Watford,887055,24,england,2122
10,3,14.29,45,8,36.36,87,52,136,71.58,11,42.31,15,17,1,0,0,0,,3,1,5,0,10,17,0,0,4,6,39,0,0,,,12,0,12.5,,1,2,4,3,1,1,0,,32,57.14,0,0,0,54,3,6,0,4,543,0,,0,0,0,0,0.0,0,0,0,1,93,5,0,6.79,0,1,0,0,0,0,0,0,543.0,0.0,1,4,4,0,3,5,71.43,0,17,10,58.82,6,19,7,21,43,52.44,22,147,64,190,115.4,8,0,318,10,2,0,Saman Ghoddos,Brentford,548050,50,england,2122
1,0,0.0,134,2,66.67,182,30,212,77.66,47,47.96,51,25,2,0,0,0,,1,12,4,3,18,25,0,0,22,7,104,0,0,,,17,0,13.95,,6,8,16,10,6,6,0,,37,41.11,4,0,0,61,5,18,0,15,1477,4,,0,0,0,0,0.0,0,0,0,1,150,12,0,6.79,0,2,0,0,0,0,0,0,246.17,0.0,0,34,9,17,22,10,47.62,0,14,7,50.0,18,5,21,1,84,44.68,3,239,35,273,169.7,43,1,523,13,0,0,Danny Welbeck,Brighton & Hove Albion,33902,30,england,2122
14,7,15.56,248,11,45.83,386,159,538,76.42,24,36.92,41,32,10,0,0,0,,8,8,21,3,5,32,0,0,43,16,163,0,0,,,19,0,9.09,,6,16,30,27,3,6,0,,82,40.2,0,0,1,166,5,29,1,24,2105,10,,0,0,0,0,0.0,0,0,0,0,362,18,0,6.79,0,5,0,0,0,0,0,0,350.83,0.0,0,49,17,21,24,31,41.33,0,31,16,51.61,29,39,75,45,106,39.41,24,557,192,704,217.2,66,1,1148,20,2,0,Harvey Barnes,Leicester City,855647,31,england,2122
16,2,9.09,249,24,55.81,457,252,707,77.61,99,50.25,98,35,1,0,0,0,,0,3,14,6,47,35,0,0,60,35,288,0,2,,,64,0,8.89,,4,5,46,42,4,4,0,,142,42.77,1,0,1,204,34,29,2,30,2563,3,,0,0,0,0,0.0,0,0,0,0,408,21,0,6.79,0,1,0,0,0,0,0,0,640.75,0.0,0,27,18,17,14,37,52.86,0,72,38,52.78,29,31,70,22,241,45.56,43,614,319,911,237.5,45,1,1537,33,8,0,Joelinton,Newcastle United,560128,39,england,2122
3,2,8.7,95,7,28.0,154,102,254,79.87,16,72.73,6,13,1,0,0,0,,1,0,1,1,15,13,0,0,9,9,39,0,0,,,8,0,25.0,,1,2,12,9,3,0,1,,45,57.69,0,0,0,64,9,2,1,6,651,0,,0,0,0,0,0.0,0,0,0,0,117,4,0,6.78,0,0,0,0,0,0,0,0,651.0,0.0,0,0,4,2,1,10,58.82,0,31,23,74.19,2,11,17,23,61,61.0,25,210,131,318,88.2,4,0,505,4,1,0,Arthur Masuaku,West Ham United,174975,37,england,2122
11,3,17.65,75,15,23.44,170,275,442,79.21,10,58.82,7,16,1,0,0,0,,0,0,0,6,30,15,0,0,4,10,26,0,0,,,3,0,0.0,,0,1,12,11,1,0,0,,30,61.22,0,0,0,116,15,6,0,15,1351,0,,0,0,0,0,0.0,0,0,0,0,183,3,0,6.78,0,0,0,0,0,0,0,0,0.0,0.0,0,0,3,1,2,4,66.67,0,21,10,47.62,6,41,6,17,40,60.61,64,253,322,558,101.7,3,0,849,5,1,0,Nathaniel Clyne,Crystal Palace,43215,7,england,2122
7,1,14.29,88,6,24.0,162,126,287,74.74,9,23.68,29,18,4,0,0,0,,3,3,3,1,16,18,0,0,9,22,85,0,0,,,18,0,10.53,,2,6,13,7,6,0,2,,52,48.15,0,0,0,97,12,9,0,12,994,2,,0,0,0,1,0.0,0,0,0,1,149,11,0,6.78,0,2,0,0,0,0,0,0,497.0,0.0,0,9,10,8,8,15,65.22,0,22,12,54.55,9,21,23,7,61,41.78,25,240,151,384,122.0,19,1,590,15,2,0,Enock Mwepu,Brighton & Hove Albion,881132,30,england,2122
3,4,30.77,46,3,42.86,75,18,89,67.42,16,37.21,27,17,1,0,0,0,,0,1,4,1,7,13,0,0,13,1,56,0,0,,,7,0,7.14,,1,2,11,9,2,1,0,,31,51.67,0,0,1,43,3,5,0,6,620,10,,0,0,0,0,0.0,0,0,0,0,100,8,0,6.78,0,1,0,0,0,0,0,0,620.0,0.0,0,10,4,6,4,12,60.0,0,9,6,66.67,5,4,20,13,47,45.63,7,120,25,132,88.1,14,0,268,10,0,0,Adam Idah,Norwich City,879850,263,england,2122
12,1,25.0,97,4,57.14,191,84,274,64.32,55,40.74,80,20,3,0,0,0,,2,6,5,2,13,20,0,0,29,13,158,0,0,,,30,0,6.67,,2,5,20,18,2,2,0,,48,38.1,1,0,2,152,6,14,0,17,1457,9,,0,0,0,0,0.0,0,0,0,0,238,9,0,6.78,0,1,0,0,0,0,0,0,728.5,0.0,0,24,6,16,9,13,56.52,0,17,9,52.94,14,19,23,4,103,39.46,7,322,108,426,135.5,30,0,685,18,3,0,Wout Weghorst,Burnley,252215,6,england,2122
40,19,17.76,240,36,27.69,463,303,747,71.41,33,48.53,35,28,4,0,0,0,,4,0,3,5,57,27,0,0,15,18,104,0,1,,,29,0,0.0,,0,4,35,32,3,0,0,,75,52.08,0,0,0,299,22,21,0,25,2216,2,,1,0,0,1,0.0,0,0,0,0,504,6,0,6.77,1,0,0,0,0,0,0,0,0.0,0.0,0,7,4,3,5,15,65.22,0,45,25,55.56,21,135,23,107,108,50.94,130,756,397,1046,182.9,11,0,1740,15,3,1,Vladimír Coufal,West Ham United,138024,37,england,2122
2,2,33.33,50,0,0.0,95,63,156,67.83,39,47.56,43,22,1,0,0,0,,1,4,5,0,13,21,0,0,23,15,103,0,0,,,16,0,13.51,,5,6,14,13,1,5,0,,25,29.41,2,0,0,74,4,7,2,13,1158,13,,0,0,0,0,0.0,0,0,0,0,139,12,0,6.77,0,1,0,0,0,0,0,0,231.6,0.0,0,36,1,14,18,10,58.82,0,8,4,50.0,7,3,17,6,64,38.32,5,152,84,230,142.2,37,0,427,7,2,0,Jean-Philippe Mateta,Crystal Palace,848276,7,england,2122
8,0,0.0,7,17,51.52,43,138,181,87.44,10,66.67,5,7,0,0,0,0,,1,0,2,0,27,7,0,0,0,3,9,0,0,,,1,0,0.0,,0,0,12,12,0,0,0,,5,55.56,0,0,0,26,4,1,0,5,527,0,,0,0,0,0,0.0,0,0,0,0,30,0,0,6.77,0,0,0,0,0,0,0,0,0.0,0.0,0,6,0,3,1,0,0.0,0,3,0,0.0,1,17,0,1,15,62.5,33,63,145,207,47.4,6,0,267,2,0,0,Federico Fernández,Newcastle United,38393,39,england,2122
26,0,0.0,97,51,49.51,389,1004,1393,90.75,33,47.14,37,28,0,0,0,0,,0,0,0,5,91,28,0,0,1,10,63,0,4,,,14,0,0.0,,0,0,40,33,7,0,0,,40,60.61,0,0,0,142,21,4,0,23,2124,1,,0,0,0,0,0.0,0,0,0,0,156,1,0,6.77,0,0,0,0,0,0,0,0,0.0,0.0,0,0,2,1,1,6,85.71,0,26,13,50.0,4,48,7,0,73,53.68,103,465,1070,1535,189.6,2,1,1777,8,4,0,Daniel Amartey,Leicester City,308526,31,england,2122
9,8,10.81,198,9,37.5,343,224,559,83.56,32,35.16,59,31,3,0,0,0,,4,4,15,1,12,31,0,0,77,14,223,0,0,,,38,0,8.57,,3,6,31,24,7,2,1,,147,47.27,1,0,0,110,15,23,1,23,2038,2,,0,0,0,0,0.0,0,0,0,1,382,18,0,6.77,0,1,0,0,0,0,0,0,679.33,0.0,1,23,12,12,8,34,47.89,0,47,30,63.83,23,16,71,74,179,44.53,24,488,255,669,209.9,35,0,1265,66,2,0,Jordan Ayew,Crystal Palace,103045,7,england,2122
7,0,0.0,158,7,70.0,261,86,347,55.43,205,51.77,191,34,0,0,0,0,,1,9,11,5,12,34,0,0,20,8,262,0,0,,,33,0,9.8,,5,5,41,37,4,5,0,,31,30.39,2,0,1,279,2,19,1,32,2705,26,,0,0,1,0,100.0,0,1,0,1,409,13,0,6.77,0,2,0,0,0,0,0,0,541.0,0.0,0,45,6,21,19,6,33.33,0,9,5,55.56,19,9,18,7,236,47.39,10,510,123,626,230.2,51,0,934,17,1,0,Chris Wood,Newcastle United,50480,39,england,2122
58,7,20.59,102,65,46.43,228,315,536,71.75,27,64.29,15,23,2,0,0,0,,5,0,6,3,40,23,0,0,17,29,110,0,1,,,37,0,3.85,,1,3,40,35,5,0,1,,79,45.4,0,0,1,211,19,13,1,20,1652,1,,0,0,0,1,0.0,0,0,0,0,306,4,0,6.77,0,0,0,0,0,0,0,0,1652.0,0.0,6,2,24,15,5,17,56.67,0,34,21,61.76,13,129,30,34,106,49.07,140,416,365,747,155.7,26,1,1059,28,6,0,Mathias Normann,Norwich City,565686,263,england,2122
7,8,29.63,70,11,57.89,133,100,225,82.42,7,35.0,13,13,1,0,0,0,,1,0,7,1,1,13,0,0,10,5,42,0,0,,,5,0,10.0,,1,2,8,7,1,1,0,,36,55.38,0,0,0,48,5,11,1,6,611,0,,0,0,0,0,0.0,0,0,0,0,109,2,0,6.77,0,0,0,0,0,0,0,0,611.0,0.0,1,6,4,2,1,14,60.87,0,10,6,60.0,11,14,23,27,43,50.59,19,189,111,273,88.0,10,0,412,12,1,0,Eberechi Eze,Crystal Palace,864921,7,england,2122
19,0,0.0,145,18,52.94,300,406,706,86.95,30,47.62,33,30,2,0,0,0,,1,2,3,4,34,29,0,0,9,28,88,0,1,,,13,0,8.7,,2,4,29,24,5,2,0,,53,49.07,0,0,0,106,9,11,1,21,1980,0,,0,0,0,0,0.0,0,0,0,0,152,5,0,6.77,0,1,0,0,0,0,0,0,990.0,0.0,0,18,5,10,10,5,50.0,0,42,17,40.48,11,29,10,5,83,48.54,34,366,451,812,196.3,23,0,1059,6,4,0,Leander Dendoncker,Wolverhampton,190405,3,england,2122
12,19,20.43,194,6,30.0,345,202,528,85.85,7,20.59,27,30,2,0,0,0,,5,1,4,3,20,29,0,0,21,10,114,0,0,,,27,0,0.0,,0,2,21,18,3,0,0,,115,56.93,0,0,0,87,20,21,0,16,1564,3,,0,0,0,0,0.0,0,0,0,0,279,8,0,6.77,0,0,0,0,0,0,0,0,0.0,0.0,0,8,11,11,4,29,47.54,0,36,25,69.44,21,24,61,93,122,51.69,20,477,231,615,196.3,19,0,1103,50,4,0,Tariq Lamptey,Brighton & Hove Albion,914691,30,england,2122
10,9,14.75,152,12,63.16,237,92,320,77.48,10,37.04,17,22,2,0,0,1,,5,4,5,1,9,22,0,0,40,14,122,0,0,,,17,0,12.5,,5,7,40,33,7,5,0,,93,46.97,1,0,2,93,9,21,0,21,1864,12,,0,0,1,0,0.0,0,0,0,0,298,11,0,6.77,0,4,0,0,0,0,0,0,372.8,0.0,0,29,11,18,17,34,47.89,0,12,7,58.33,21,12,71,61,103,45.78,19,366,108,413,148.9,40,1,831,47,2,0,Ismaïla Sarr,Watford,845286,24,england,2122
19,5,15.63,241,19,21.35,450,261,706,77.41,15,35.71,27,25,1,0,0,0,,1,2,5,6,52,25,0,0,27,24,125,0,1,,,23,0,0.0,,0,1,18,15,3,0,0,,121,55.25,0,0,0,206,21,18,0,25,2137,4,,0,0,0,1,0.0,0,0,0,0,365,11,0,6.77,0,0,0,0,0,0,0,0,0.0,0.0,0,11,8,10,4,39,60.94,0,58,39,67.24,18,72,64,32,136,52.11,89,602,342,912,169.2,19,0,1581,24,1,0,Nélson Semedo,Wolverhampton,252821,3,england,2122
0,0,0.0,7,1,16.67,18,20,38,73.08,5,71.43,2,3,0,0,0,0,,0,0,0,0,5,3,0,0,0,3,8,0,0,,,3,0,0.0,,0,0,1,1,0,0,0,,10,62.5,0,0,0,14,3,0,0,2,198,0,,0,0,0,0,0.0,0,0,0,0,23,0,0,6.77,0,0,0,0,0,0,0,0,0.0,0.0,0,0,0,0,0,0,0.0,0,7,3,42.86,0,2,0,3,15,65.22,6,30,25,52,20.3,0,0,100,3,2,0,Paul Dummett,Newcastle United,185995,39,england,2122
5,4,30.77,152,3,60.0,256,112,364,72.95,100,45.45,120,32,3,0,0,0,,6,10,11,2,29,32,0,0,42,13,252,0,0,,,43,0,10.0,,5,8,47,41,6,5,0,,70,34.65,0,0,2,135,8,35,3,27,2266,8,,0,0,1,0,100.0,0,1,0,1,318,20,0,6.77,0,2,0,0,0,0,0,0,453.2,0.0,0,39,11,22,17,30,44.78,0,19,15,78.95,35,11,67,13,170,40.28,5,381,131,499,216.5,50,0,929,21,5,0,Joshua King,Watford,100621,24,england,2122
8,0,0.0,54,12,57.14,107,96,203,87.5,4,33.33,8,9,0,0,0,0,,0,0,0,0,8,8,0,0,3,3,22,0,0,,,6,0,0.0,,0,0,7,6,1,0,0,,20,58.82,0,0,0,29,10,2,0,5,409,0,,0,0,0,0,0.0,0,0,0,0,42,1,0,6.76,0,0,0,0,0,0,0,0,0.0,0.0,0,1,0,0,1,6,75.0,0,10,4,40.0,2,13,8,0,24,52.17,21,126,106,232,54.1,1,0,304,4,0,0,Steven Alzate,Brighton & Hove Albion,871822,30,england,2122
4,11,29.73,66,2,28.57,128,52,169,84.92,3,33.33,6,13,1,0,0,0,,3,1,7,0,1,13,0,0,12,9,40,0,0,,,2,0,5.88,,1,2,14,11,3,1,0,,22,39.29,0,0,1,30,6,13,1,5,465,1,,0,0,0,0,0.0,0,0,0,0,104,1,0,6.76,0,0,0,0,0,0,0,0,465.0,0.0,1,10,7,6,4,12,52.17,0,4,4,100.0,13,11,23,37,25,38.46,7,176,60,199,87.9,17,0,343,6,3,0,Pedro Neto,Wolverhampton,879349,3,england,2122
23,5,31.25,101,26,40.0,248,223,466,68.73,57,54.29,48,26,1,0,0,0,,2,2,11,1,44,26,0,0,19,46,172,0,2,,,46,0,2.17,,1,2,34,28,6,1,0,,124,50.0,1,0,1,212,27,10,0,22,1938,2,,1,0,0,1,0.0,0,0,0,0,315,12,0,6.76,1,0,0,0,0,0,0,0,1938.0,0.0,3,20,26,24,11,17,51.52,0,59,39,66.1,10,49,33,16,181,51.27,65,403,291,678,175.8,46,0,1132,49,3,1,Juraj Kucka,Watford,48563,24,england,2122
45,13,50.0,256,56,60.22,497,412,896,78.32,64,55.17,52,36,1,0,0,0,,2,5,4,4,60,36,0,0,53,14,178,0,0,,,35,0,8.0,,2,3,73,64,9,2,0,,116,47.93,1,0,0,248,30,37,0,36,3221,2,,0,0,0,0,0.0,0,0,0,0,396,15,0,6.76,0,1,0,0,0,0,0,0,1610.5,0.0,0,16,9,13,8,52,68.42,0,53,27,50.94,37,73,76,26,180,50.28,93,686,484,1144,243.4,25,0,1682,11,5,0,Moussa Sissoko,Watford,27014,24,england,2122
70,11,33.33,214,86,60.99,399,400,788,79.6,14,48.28,15,33,0,0,0,0,,2,1,11,2,20,33,0,0,17,67,145,0,0,,,35,0,3.03,,1,1,55,50,5,0,1,,100,43.48,0,0,0,202,25,25,0,27,2270,2,,0,0,0,0,0.0,0,0,0,1,284,20,0,6.76,0,1,0,0,0,0,0,0,2270.0,0.0,0,6,27,13,9,19,63.33,0,58,36,62.07,25,129,30,33,114,44.02,141,550,473,990,223.0,33,0,1350,23,5,0,Pierre Lees Melou,Norwich City,801306,263,england,2122
39,0,0.0,99,65,49.62,339,870,1209,87.8,52,61.18,33,28,2,0,0,0,,2,0,1,5,94,28,0,0,1,5,57,0,0,,,19,0,0.0,,0,2,47,40,7,0,0,,25,51.02,0,0,0,168,25,4,0,26,2360,2,,0,0,0,0,0.0,0,0,0,0,179,1,0,6.76,0,0,0,0,0,0,0,0,0.0,0.0,0,3,0,0,2,3,100.0,0,16,11,68.75,4,90,3,0,77,57.46,131,427,950,1377,189.2,3,0,1608,6,4,0,Victor Lindelöf,Manchester United,143334,35,england,2122
7,2,33.33,62,7,63.64,114,73,185,88.94,0,0.0,0,7,0,0,0,0,,1,0,2,0,1,7,0,0,2,2,9,0,0,,,2,0,0.0,,0,0,4,3,1,0,0,,13,59.09,0,0,0,23,1,2,0,2,237,2,,0,0,0,0,0.0,0,0,0,0,42,2,0,6.76,0,0,0,0,0,0,0,0,0.0,0.0,0,4,1,2,1,3,50.0,0,6,4,66.67,2,14,6,6,13,59.09,11,134,80,208,47.3,5,0,256,4,0,0,Juan Mata,Manchester United,28367,35,england,2122
18,4,33.33,104,22,27.85,216,328,540,76.6,37,45.68,44,23,0,0,0,0,,0,1,4,4,91,23,0,0,4,15,82,2,0,,,17,0,0.0,,0,0,39,35,4,0,0,,67,63.81,0,0,0,165,15,12,0,23,2031,0,,0,0,0,0,0.0,0,0,0,0,229,3,0,6.76,0,0,0,0,0,0,0,0,0.0,0.0,0,11,7,7,7,9,75.0,0,47,32,68.09,12,50,12,12,104,55.91,79,319,398,705,155.4,18,0,1111,12,6,0,Ben Godfrey,Everton,754698,48,england,2122
23,3,30.0,187,25,56.82,335,207,539,71.77,63,42.57,85,34,4,0,0,0,,4,9,14,5,26,34,0,0,57,24,258,0,0,,,43,0,10.53,,6,10,28,24,4,5,1,,113,39.51,0,0,1,212,13,38,1,30,2646,23,,0,0,1,0,100.0,0,1,0,0,442,15,0,6.76,2,5,0,0,0,0,0,0,441.0,0.0,1,43,14,27,16,36,41.38,0,29,14,48.28,38,45,87,10,176,40.55,44,502,259,751,229.7,57,1,1290,48,5,2,Raúl Jiménez,Wolverhampton,192442,3,england,2122
35,0,0.0,8,63,40.91,27,135,162,62.79,2,66.67,1,9,0,0,0,0,,0,0,0,1,13,9,1,0,0,0,1,0,0,,,0,0,0.0,,0,0,22,19,3,0,0,1.5,0,0.0,0,3,0,96,0,0,0,9,810,0,,0,0,0,0,0.0,4,0,1,0,99,0,2,6.76,0,0,5,27,8,35,0,6,0.0,0.0,0,0,0,0,0,0,0.0,5,0,0,0.0,0,66,0,0,2,66.67,154,98,160,258,60.8,0,0,359,0,0,0,Angus Gunn,Norwich City,227946,263,england,2122
19,0,0.0,19,25,55.56,83,252,335,88.86,13,56.52,10,10,0,0,0,0,,0,0,0,0,35,9,0,0,0,7,20,0,0,,,4,0,0.0,,0,0,16,16,0,0,0,,20,66.67,0,0,0,42,7,1,0,6,570,0,,0,0,0,1,0.0,0,0,0,0,46,0,0,6.76,0,0,0,0,0,0,0,0,0.0,0.0,0,1,0,1,0,4,100.0,0,15,10,66.67,1,32,4,0,33,62.26,45,106,271,377,60.8,1,0,465,1,2,0,Jannik Vestergaard,Leicester City,120538,31,england,2122
19,4,12.12,184,24,30.0,379,445,820,80.31,24,42.86,32,22,1,0,0,0,,3,0,2,5,47,22,0,0,20,37,112,0,0,,,15,0,0.0,,0,1,35,32,3,0,0,,81,50.31,0,0,0,201,40,12,0,21,1912,0,,0,0,0,0,0.0,0,0,0,0,331,5,0,6.75,0,0,0,0,0,0,0,0,0.0,0.0,0,2,2,2,0,15,65.22,0,50,31,62.0,12,59,23,33,105,48.39,80,542,512,1021,148.6,4,0,1597,16,2,0,Luke Thomas,Leicester City,991584,31,england,2122
24,1,12.5,74,29,69.05,182,191,372,85.91,13,40.63,19,13,0,0,0,0,,1,0,3,0,13,13,0,0,11,8,47,0,0,,,4,0,0.0,,0,0,17,16,1,0,0,,38,57.58,0,0,0,61,9,6,0,9,799,1,,0,0,0,0,0.0,0,0,0,0,94,5,0,6.75,0,0,0,0,0,0,0,0,0.0,0.0,0,0,6,3,0,12,70.59,0,21,13,61.9,6,33,17,8,51,52.04,42,222,219,433,87.8,6,0,564,5,0,0,Edo Kayembe,Watford,917305,24,england,2122
9,4,12.12,69,9,69.23,116,32,144,76.6,10,37.04,17,18,2,0,0,0,,1,0,7,1,2,18,0,0,24,7,75,0,0,,,12,0,4.76,,1,3,13,10,3,1,0,,41,41.41,0,0,1,44,1,7,1,7,756,4,,0,0,0,0,0.0,0,0,0,0,150,5,0,6.75,0,0,0,0,0,0,0,0,756.0,0.0,4,11,10,6,8,13,44.83,0,17,11,64.71,7,15,29,33,51,40.48,13,181,40,188,121.5,21,0,400,11,3,0,Leon Bailey,Aston Villa,808590,40,england,2122
0,1,100.0,9,2,40.0,23,32,54,85.71,5,55.56,4,4,0,0,0,0,,0,0,0,1,3,4,0,0,1,4,11,0,0,,,2,0,50.0,,1,1,5,4,1,1,0,,9,56.25,1,0,0,9,0,1,0,2,164,0,,0,0,0,0,0.0,0,0,0,0,14,1,0,6.75,0,0,0,0,0,0,0,0,164.0,0.0,0,1,1,1,1,2,100.0,0,2,1,50.0,1,0,2,1,14,56.0,5,28,36,63,27.0,2,0,91,5,0,0,Dan Gosling,Watford,19343,24,england,2122
0,0,0.0,3,0,0.0,3,0,3,42.86,6,66.67,3,2,0,0,0,0,,0,0,0,0,2,2,0,0,0,1,4,0,0,,,0,0,0.0,,0,0,1,1,0,0,0,,0,0.0,0,0,0,4,0,1,0,0,23,0,,0,0,0,0,0.0,0,0,0,0,5,0,0,6.75,0,0,0,0,0,0,0,0,0.0,0.0,0,2,0,2,0,0,0.0,0,0,0,0.0,1,0,0,0,6,60.0,0,7,0,7,13.5,2,0,12,0,0,0,Troy Deeney,Watford,22109,24,england,2122
7,8,21.05,103,6,27.27,159,97,248,76.78,11,42.31,15,15,2,0,0,0,,6,0,2,3,22,15,0,0,12,11,69,0,0,,,19,0,0.0,,0,2,11,8,3,0,0,,38,41.3,0,0,0,75,7,14,0,13,1052,5,,0,0,0,0,0.0,0,0,0,0,172,2,0,6.75,0,0,0,0,0,0,0,0,0.0,0.0,0,6,0,3,1,6,31.58,0,25,19,76.0,14,20,19,38,49,41.53,22,233,128,323,101.2,6,0,606,7,2,0,Ryan Sessegnon,Tottenham Hotspur,836698,33,england,2122
69,31,39.24,183,69,55.65,349,220,538,76.2,7,30.43,16,31,1,0,0,0,,4,4,5,1,11,30,0,0,15,41,100,0,0,,,19,0,0.0,,0,1,30,23,7,0,0,,54,39.13,0,0,0,168,22,35,0,19,1600,3,,0,0,0,0,0.0,0,0,0,0,272,13,0,6.75,0,0,0,0,0,0,0,0,0.0,0.0,0,10,9,9,5,15,62.5,0,33,18,54.55,35,130,24,79,61,37.89,124,528,257,706,202.4,19,1,1021,6,0,0,Mathias Jensen,Brentford,799251,50,england,2122
14,3,20.0,106,16,33.33,212,241,450,80.65,13,44.83,16,13,0,0,0,0,,1,1,3,2,32,13,0,0,10,8,51,0,0,,,7,0,0.0,,0,0,13,12,1,0,0,,39,52.7,0,0,0,108,17,9,0,11,997,1,,0,0,0,0,0.0,0,0,0,0,162,6,0,6.75,0,0,0,0,0,0,0,0,0.0,0.0,0,5,0,1,1,5,33.33,0,22,13,59.09,9,30,15,15,52,50.49,48,295,278,558,87.7,5,0,835,12,0,0,James Justin,Leicester City,827681,31,england,2122
5,2,66.67,33,1,20.0,58,48,104,65.0,11,34.38,21,20,2,0,0,0,,4,3,8,0,3,20,0,0,19,8,77,0,0,,,17,0,8.7,,2,4,25,23,2,2,0,,45,44.55,0,0,0,56,0,9,1,5,743,5,,0,0,0,0,0.0,0,0,0,2,119,7,0,6.75,0,1,0,0,0,0,0,0,371.5,0.0,0,19,4,5,10,17,58.62,0,4,3,75.0,9,14,29,3,56,42.11,5,104,59,160,134.9,23,0,326,24,4,0,Joe Gelhardt,Leeds United,945806,34,england,2122
14,3,42.86,118,17,62.96,236,125,358,80.63,11,47.83,12,23,2,0,0,0,,1,0,1,1,10,20,0,0,13,14,52,0,0,,,8,0,0.0,,0,2,21,19,2,0,0,,53,56.99,0,0,1,86,9,16,0,10,1026,0,,0,0,0,0,0.0,0,0,0,0,129,14,0,6.75,0,0,0,0,0,0,0,0,0.0,0.0,0,3,5,3,4,16,76.19,0,22,11,50.0,16,24,21,7,64,55.17,27,303,148,444,134.9,8,1,594,15,1,0,Ibrahima Diallo,Southampton,873050,45,england,2122
15,6,13.64,68,11,25.0,159,270,423,76.49,8,53.33,7,18,1,0,0,0,,0,0,1,3,33,18,0,0,11,12,62,0,1,,,16,0,0.0,,0,1,27,24,3,0,0,,87,61.27,0,0,0,130,19,9,0,14,1172,0,,0,0,0,0,0.0,0,0,0,0,239,4,0,6.74,0,0,0,0,0,0,0,0,0.0,0.0,0,2,0,0,1,29,63.04,0,36,21,58.33,9,40,46,44,95,60.51,44,273,324,553,121.4,2,0,962,22,2,0,Dimitrios Giannoulis,Norwich City,354878,263,england,2122
28,8,18.18,125,22,40.0,236,187,415,79.96,7,31.82,15,24,2,0,0,0,,1,0,3,3,24,23,0,0,3,5,46,0,1,,,16,0,0.0,,0,2,19,16,3,0,0,,59,65.56,0,0,0,104,13,13,0,10,1245,1,,1,0,0,0,0.0,0,0,0,0,177,0,0,6.74,0,0,0,0,0,0,0,0,0.0,0.0,1,4,6,4,3,9,56.25,0,18,6,33.33,13,62,16,44,66,58.93,55,345,218,519,155.1,10,0,805,33,2,0,Ashley Young,Aston Villa,10589,40,england,2122
16,2,28.57,156,20,58.82,303,206,507,80.99,8,27.59,21,30,1,0,0,0,,2,4,9,0,7,30,0,0,24,30,138,0,1,,,29,0,18.52,,5,6,22,19,3,5,0,,101,46.33,0,0,0,119,13,16,2,20,1819,3,,0,0,0,0,0.0,0,0,0,0,236,17,0,6.74,0,3,0,0,0,0,0,0,363.8,0.0,0,20,7,6,12,33,47.83,0,27,13,48.15,16,29,69,7,109,44.13,34,395,238,626,202.3,27,1,951,42,2,0,Hee-Chan Hwang,Wolverhampton,786186,3,england,2122
13,3,23.08,160,13,76.47,236,161,394,75.19,15,16.85,74,37,3,0,0,0,,8,10,20,2,2,37,0,0,42,23,200,0,0,,,31,0,15.49,,11,14,79,71,8,11,0,,75,37.31,1,0,1,130,4,27,2,37,3260,12,,0,0,3,0,100.0,0,3,0,1,291,23,0,6.74,0,8,0,0,0,0,0,0,296.36,0.0,0,61,10,24,27,27,45.0,0,23,11,47.83,27,20,60,13,90,31.03,17,355,182,524,249.5,71,1,911,25,4,0,Teemu Pukki,Norwich City,15242,263,england,2122
14,1,33.33,191,20,40.0,423,412,834,87.15,15,65.22,8,24,1,0,0,0,,1,0,5,3,13,24,0,0,15,29,72,0,1,,,11,0,0.0,,0,1,20,17,3,0,0,,65,50.39,0,0,0,123,16,8,0,18,1574,0,,0,0,0,0,0.0,0,0,0,0,175,8,0,6.74,0,0,0,0,0,0,0,0,0.0,0.0,0,9,10,10,4,14,60.87,0,34,17,50.0,8,39,23,3,80,52.63,50,521,439,957,161.8,19,0,1178,17,4,0,Adam Lallana,Brighton & Hove Albion,17054,30,england,2122
22,0,0.0,15,79,35.91,60,111,171,54.29,2,100.0,0,12,0,0,0,0,,0,0,0,0,8,12,0,0,0,0,1,0,0,,,1,0,0.0,,0,0,28,26,2,0,0,0.98,2,66.67,0,7,0,144,1,0,0,12,1080,0,,0,0,0,1,0.0,3,0,0,0,148,0,3,6.74,0,0,6,29,17,47,1,10,0.0,0.0,0,0,0,0,0,1,100.0,6,0,0,0.0,0,59,1,0,4,80.0,220,188,127,315,80.9,0,2,430,1,0,0,Daniel Bachmann,Watford,288019,24,england,2122
30,0,0.0,50,33,36.67,198,670,868,86.37,58,58.0,42,29,0,0,0,0,,0,2,2,8,82,29,0,1,6,3,71,0,2,,,18,0,13.33,,2,2,41,34,7,2,0,,67,69.79,1,0,0,137,15,4,0,29,2481,1,,0,0,0,1,0.0,0,0,0,0,157,1,0,6.74,2,1,0,0,0,0,0,0,1240.5,0.0,0,15,0,7,6,6,66.67,0,25,15,60.0,4,60,9,1,125,63.78,90,283,723,1005,195.5,15,1,1286,36,4,1,Ezri Konsa,Aston Villa,827679,40,england,2122
25,0,0.0,12,81,30.45,59,184,243,56.51,6,100.0,0,17,0,0,0,0,,0,0,0,5,12,17,1,0,0,0,0,0,0,,,0,0,0.0,,0,0,27,26,1,0,0,-1.36,0,0.0,0,21,0,187,0,1,0,17,1530,0,,0,0,0,0,0.0,0,0,0,0,190,0,8,6.74,0,0,2,27,17,44,0,13,0.0,0.0,0,0,0,0,0,0,0.0,2,0,0,0.0,1,68,0,0,6,100.0,266,210,220,430,114.6,0,0,588,0,1,0,Alex McCarthy,Southampton,45502,45,england,2122
5,0,0.0,2,4,18.18,18,124,142,78.02,15,93.75,1,5,0,0,0,0,,0,0,0,0,34,5,0,0,0,3,8,0,0,,,4,0,0.0,,0,0,9,8,1,0,0,,12,63.16,0,0,0,40,6,0,0,5,428,0,,1,0,0,0,0.0,0,0,0,0,42,0,0,6.74,0,0,0,0,0,0,0,0,0.0,0.0,0,1,0,0,1,2,100.0,0,7,3,42.86,0,15,2,0,27,77.14,22,43,139,182,33.7,1,0,254,3,0,0,Francisco Sierralta,Watford,805096,24,england,2122
5,2,14.29,79,9,47.37,120,89,207,73.93,9,28.13,23,23,1,0,0,0,,2,1,5,0,10,23,0,0,14,7,68,0,0,,,14,0,3.33,,1,2,26,22,4,1,0,,47,51.09,0,0,2,73,5,15,0,7,987,3,,0,0,0,0,0.0,0,0,0,0,138,6,0,6.74,0,1,0,0,0,0,0,0,987.0,0.0,0,14,16,12,13,12,54.55,0,16,7,43.75,15,18,22,14,56,45.16,19,189,105,280,155.0,30,0,476,20,5,0,Tyler Roberts,Leeds United,796144,34,england,2122
27,11,34.38,270,29,48.33,397,168,554,79.6,9,30.0,21,28,2,0,0,0,,3,3,9,5,25,27,0,0,27,31,119,0,2,,,16,0,8.33,,2,4,38,36,2,2,0,,78,44.32,0,0,0,142,20,37,1,22,2045,3,,0,1,0,1,0.0,0,0,0,0,285,14,0,6.74,0,1,0,0,0,0,0,0,1022.5,0.0,0,18,6,9,6,32,56.14,0,40,19,47.5,36,52,57,32,87,42.23,60,521,207,696,181.9,24,0,1126,6,1,0,Alex Iwobi,Everton,352770,48,england,2122
46,13,31.71,197,53,36.81,384,335,706,74.24,25,52.08,23,30,0,0,0,0,,0,0,3,7,74,30,0,0,20,18,89,2,0,,,14,0,12.5,,1,1,50,45,5,1,0,,112,62.92,1,0,0,245,32,14,0,30,2658,2,,1,1,0,0,0.0,0,0,0,1,409,9,0,6.74,0,0,0,0,0,0,0,0,2658.0,0.0,0,5,3,4,1,34,69.39,0,61,36,59.02,13,134,49,41,137,60.62,144,587,405,951,202.1,8,1,1636,17,4,0,Séamus Coleman,Everton,76632,48,england,2122
6,2,14.29,164,6,66.67,267,86,351,80.32,12,30.0,28,22,2,0,0,0,,1,6,6,3,8,22,0,0,25,14,112,0,0,,,15,0,21.43,,6,8,10,7,3,5,1,,66,44.0,0,0,0,86,5,15,4,13,1291,4,,0,0,0,0,0.0,0,0,0,0,213,14,0,6.74,0,2,0,0,0,0,0,0,215.17,0.0,0,21,7,11,11,25,43.86,0,10,7,70.0,15,12,57,14,78,41.05,9,346,105,437,148.2,28,1,747,31,2,0,Christian Pulišić,Chelsea,817957,38,england,2122
13,8,17.78,233,12,32.43,377,196,565,74.54,25,40.32,37,28,3,0,0,0,,5,4,10,2,20,27,0,0,19,19,110,0,1,,,19,0,0.0,,0,3,23,19,4,0,0,,64,46.72,0,0,4,193,10,16,0,19,1702,0,,0,0,0,0,0.0,0,0,0,0,323,16,0,6.73,0,0,0,0,0,0,0,0,0.0,0.0,2,21,7,12,6,12,41.38,0,41,24,58.54,16,36,29,45,89,44.72,37,563,240,758,181.8,28,0,1111,11,2,0,Jakub Moder,Brighton & Hove Albion,886242,30,england,2122
1,0,0.0,23,1,50.0,37,9,46,90.2,2,100.0,0,4,0,0,0,0,,1,0,2,0,0,3,0,0,3,2,7,0,0,,,1,0,0.0,,0,0,0,0,0,0,0,,4,36.36,0,0,0,5,1,2,0,1,122,0,,0,0,0,0,0.0,0,0,0,0,19,2,0,6.73,0,0,0,0,0,0,0,0,0.0,0.0,0,2,2,1,1,1,50.0,0,2,1,50.0,2,2,2,3,6,46.15,2,45,9,51,20.2,4,0,80,1,0,0,Cole Palmer,Manchester City,982780,17,england,2122
48,0,0.0,158,53,65.43,307,383,690,83.54,11,50.0,11,22,1,0,0,0,,0,0,4,2,12,22,0,0,11,33,88,1,1,,,26,0,0.0,,0,1,41,37,4,0,0,,80,50.96,0,0,0,136,19,13,0,17,1538,2,,0,0,0,0,0.0,0,0,0,0,189,16,0,6.73,0,0,0,0,0,0,0,0,0.0,0.0,1,4,10,6,4,12,63.16,0,53,23,43.4,13,79,19,5,91,50.84,81,396,435,826,148.1,14,0,1043,15,5,0,Adam Forshaw,Leeds United,103117,34,england,2122
90,0,0.0,23,193,39.31,86,505,591,65.45,7,70.0,3,29,0,0,0,0,,1,0,0,5,27,29,1,0,0,3,6,4,0,,,0,0,0.0,,0,0,62,57,5,0,0,-6.35,1,25.0,0,12,0,312,0,1,0,29,2610,0,,1,0,0,0,0.0,8,0,0,0,315,0,17,6.73,0,0,7,69,36,106,1,22,0.0,0.0,0,0,0,0,0,0,0.0,6,1,1,100.0,1,177,0,0,8,57.14,491,311,592,903,195.2,0,3,1237,0,1,0,Tim Krul,Norwich City,18154,263,england,2122
5,3,42.86,81,4,33.33,133,51,181,59.93,55,44.72,68,29,2,0,0,0,,4,4,10,3,12,29,0,0,13,10,128,0,0,,,31,0,4.88,,2,4,15,13,2,2,0,,44,42.31,0,0,2,121,4,12,0,13,1378,17,,0,0,0,0,0.0,0,0,0,0,179,6,0,6.73,0,2,0,0,0,0,0,0,689.0,0.0,0,30,11,20,11,8,53.33,0,20,12,60.0,12,14,15,7,99,43.61,12,228,81,302,195.1,41,0,530,16,3,0,Jay Rodriguez,Burnley,26989,6,england,2122
2,0,0.0,66,3,60.0,107,57,164,74.55,17,27.87,44,23,3,0,0,0,,2,4,5,1,8,22,0,0,18,17,109,0,0,,,17,0,19.23,,5,8,20,17,3,5,0,,32,32.99,0,0,1,56,2,13,2,13,1166,7,,0,0,0,0,0.0,0,0,0,0,132,7,0,6.73,0,3,0,0,0,0,0,0,233.2,0.0,0,22,4,5,16,3,18.75,0,15,10,66.67,13,4,16,1,49,31.01,5,154,67,220,148.0,26,0,400,14,2,0,Patson Daka,Leicester City,865057,31,england,2122
2,2,11.11,157,3,18.75,260,139,397,78.3,3,21.43,11,26,0,0,0,0,,1,3,10,0,2,26,0,0,52,18,126,0,0,,,27,0,23.08,,6,6,31,27,4,6,0,,103,47.25,0,0,0,110,10,23,3,16,1457,6,,0,0,0,0,0.0,0,0,0,0,264,12,0,6.73,0,3,0,0,0,0,0,0,242.83,0.0,0,20,6,4,12,38,65.52,0,32,14,43.75,23,11,58,18,106,45.69,16,357,168,507,174.9,26,0,876,33,2,0,Ademola Lookman,Leicester City,824200,31,england,2122
25,0,0.0,34,35,35.35,97,418,515,74.64,89,74.17,31,26,0,0,0,0,,0,2,4,2,121,26,0,0,2,8,57,0,1,,,17,0,5.88,,1,1,44,40,4,1,0,,20,43.48,1,0,1,175,22,4,0,22,2061,0,,2,0,0,3,0.0,0,0,0,0,192,0,0,6.73,0,0,0,0,0,0,0,0,2061.0,0.0,0,17,0,9,4,1,50.0,0,15,7,46.67,4,60,2,0,109,65.66,99,210,480,690,174.9,17,0,958,4,5,0,Jamaal Lascelles,Newcastle United,153444,39,england,2122
12,2,28.57,26,15,48.39,80,139,217,80.67,10,52.63,9,8,0,0,0,0,,0,0,1,1,13,8,0,0,3,3,26,0,0,,,10,0,50.0,,1,1,10,6,4,1,0,,11,39.29,1,0,0,52,10,3,0,6,517,0,,0,0,0,0,0.0,0,0,0,0,84,0,0,6.73,0,0,0,0,0,0,0,0,517.0,0.0,0,2,0,0,1,0,0.0,0,10,4,40.0,3,26,1,7,21,44.68,31,123,153,269,53.8,2,1,393,1,2,0,Zanka,Brentford,26404,50,england,2122
55,4,9.3,211,66,34.02,478,670,1144,79.17,58,59.79,39,28,0,0,0,0,,1,0,2,9,95,28,0,0,18,27,112,0,1,,,22,0,0.0,,0,0,37,29,8,0,0,,85,53.8,0,0,0,301,32,7,0,27,2486,1,,0,0,0,0,0.0,0,0,0,0,424,9,0,6.73,0,0,0,0,0,0,0,0,0.0,0.0,0,3,7,7,1,20,76.92,0,44,26,59.09,7,148,26,43,143,56.08,194,698,790,1445,188.3,10,0,2105,21,8,0,Joel Ward,Crystal Palace,39183,7,england,2122
5,4,19.05,136,4,36.36,225,102,323,78.21,24,57.14,18,21,2,0,0,0,,3,3,5,1,5,21,0,0,15,14,74,0,0,,,8,0,9.52,,2,4,17,15,2,2,0,,59,51.3,1,0,0,90,9,9,0,14,1226,3,,0,0,0,0,0.0,0,0,0,0,186,10,0,6.72,0,1,0,0,0,0,0,0,613.0,0.0,0,16,5,9,7,11,35.48,0,26,20,76.92,9,12,31,21,83,52.87,11,302,132,413,141.2,21,0,671,22,0,0,Anthony Elanga,Manchester United,979232,35,england,2122
33,14,16.09,137,27,24.55,248,186,420,62.87,9,25.0,27,31,2,0,0,0,,3,2,10,2,35,31,0,0,25,27,132,0,0,,,28,0,9.09,,3,5,35,27,8,3,0,,94,47.24,1,0,0,248,22,18,0,25,2100,5,,1,1,0,0,0.0,0,0,0,0,427,17,0,6.72,1,2,0,0,0,0,0,0,700.0,0.0,1,25,8,10,13,23,46.0,0,56,25,44.64,17,90,50,87,103,43.83,110,487,268,668,208.4,33,1,1146,15,6,1,Sergi Canós,Brentford,790833,50,england,2122
6,2,20.0,49,6,100.0,80,47,125,83.33,0,0.0,3,9,0,0,0,0,,2,1,1,0,0,9,0,0,3,6,20,0,1,,,2,0,0.0,,0,0,5,4,1,0,0,,23,57.5,0,0,1,25,1,5,0,2,249,1,,0,0,0,0,0.0,0,0,0,0,54,1,0,6.72,0,0,0,0,0,0,0,0,0.0,0.0,1,4,5,7,1,9,60.0,0,8,4,50.0,5,9,15,10,23,53.49,6,107,53,150,60.5,9,0,227,6,0,0,Giovani Lo Celso,Tottenham Hotspur,798835,33,england,2122
29,24,22.64,188,33,30.28,356,314,646,73.66,12,46.15,14,27,5,0,0,0,,5,0,2,2,51,27,0,0,7,16,55,0,0,,,12,0,0.0,,0,5,49,42,7,0,0,,55,57.29,0,0,1,231,37,25,0,26,2149,2,,0,0,0,0,0.0,0,0,0,0,417,6,0,6.72,0,0,0,0,0,0,0,0,0.0,0.0,0,1,2,0,1,7,50.0,0,35,22,62.86,25,85,14,106,67,54.92,109,582,401,877,181.4,3,0,1481,13,2,0,Kiko Femenía,Watford,53739,24,england,2122
12,2,20.0,58,13,56.52,144,147,289,88.92,8,42.11,11,10,0,0,0,0,,0,0,2,1,9,8,0,0,11,7,39,0,1,,,9,0,0.0,,0,0,6,5,1,0,0,,22,44.0,0,0,0,36,7,3,0,5,478,0,,0,0,0,0,0.0,0,0,0,0,70,0,0,6.71,0,0,0,0,0,0,0,0,0.0,0.0,0,2,3,2,1,2,66.67,0,20,9,45.0,3,22,3,10,30,43.48,23,175,160,325,53.7,5,0,445,0,1,0,Saúl Ñíguez,Chelsea,116955,38,england,2122
7,3,18.75,142,17,65.38,266,181,444,81.62,16,40.0,24,29,0,0,0,0,,0,3,10,3,8,29,0,0,20,39,151,0,1,,,34,0,5.71,,2,2,37,33,4,2,0,,126,49.8,0,0,0,100,21,18,0,24,2048,0,,0,0,0,0,0.0,0,0,0,0,235,14,0,6.71,0,2,0,0,0,0,0,0,1024.0,0.0,0,23,12,14,11,36,50.7,0,64,37,57.81,18,19,71,16,142,48.46,26,345,215,544,194.6,35,0,971,26,0,0,Joe Willock,Newcastle United,888550,39,england,2122
5,0,0.0,97,9,60.0,141,86,227,74.92,13,36.11,23,23,2,0,0,0,,1,4,16,2,6,21,0,0,13,6,81,0,0,,,13,0,4.26,,2,4,31,29,2,1,1,,32,35.56,0,0,0,76,3,13,1,17,1414,2,,0,0,0,0,0.0,0,0,0,1,179,10,0,6.71,0,1,0,0,0,0,0,0,707.0,0.0,0,29,18,17,14,16,38.1,0,10,4,40.0,13,13,42,18,45,35.71,15,224,97,303,140.9,47,0,531,6,1,0,Adam Armstrong,Southampton,361352,45,england,2122
9,0,0.0,21,17,27.42,102,302,404,85.23,27,69.23,12,11,0,0,0,0,,0,0,2,3,26,11,0,0,1,4,22,0,0,,,5,0,33.33,,1,1,11,10,1,1,0,,11,52.38,1,0,0,70,11,0,0,11,922,0,,0,0,0,0,0.0,0,0,0,0,75,0,0,6.71,0,0,0,0,0,0,0,0,922.0,0.0,0,2,1,0,1,1,100.0,0,7,4,57.14,0,32,1,0,38,63.33,62,154,320,474,73.8,3,1,548,3,1,0,Angelo Ogbonna,West Ham United,21164,37,england,2122
15,10,28.57,242,13,52.0,409,173,572,81.95,4,26.67,11,25,0,0,0,0,,0,2,12,0,13,25,0,0,27,14,90,0,0,,,11,0,5.26,,2,2,30,26,4,2,0,,73,48.03,1,0,0,126,8,25,0,15,1475,1,,0,0,0,0,0.0,0,0,0,1,250,11,0,6.7,0,1,0,0,0,0,0,0,737.5,0.0,0,15,23,17,9,27,50.0,0,27,19,70.37,25,29,54,35,77,46.11,25,529,204,698,167.6,38,0,1019,20,1,0,Stuart Armstrong,Southampton,117083,45,england,2122
1,0,0.0,26,0,0.0,34,9,43,60.56,24,55.81,19,13,0,0,0,0,,0,0,3,0,1,11,0,0,11,0,42,0,0,,,9,0,11.11,,1,1,5,5,0,1,0,,18,43.9,1,0,0,28,0,2,0,3,326,3,,0,0,0,0,0.0,0,0,0,0,55,2,0,6.7,0,0,0,0,0,0,0,0,326.0,0.0,0,8,1,1,5,1,25.0,0,9,5,55.56,2,1,4,1,42,50.0,0,62,10,71,73.7,9,0,150,8,1,0,Shane Long,Southampton,10486,45,england,2122
1,0,0.0,13,1,12.5,24,30,54,73.97,2,40.0,3,7,2,0,0,0,,1,0,2,0,1,7,0,0,0,3,16,0,0,,,7,0,0.0,,0,2,5,4,1,0,0,,12,48.0,0,0,0,19,2,4,0,1,244,2,,0,0,0,0,0.0,0,0,0,0,30,0,0,6.7,0,0,0,0,0,0,0,0,0.0,0.0,1,2,2,2,0,2,40.0,0,8,5,62.5,4,5,5,6,14,46.67,8,46,33,73,46.9,4,0,110,2,0,0,Sam Greenwood,Leeds United,980640,34,england,2122
4,0,0.0,1,10,34.48,8,10,18,48.65,0,0.0,0,1,0,0,0,0,,0,0,0,0,1,1,0,0,0,0,0,0,0,,,0,0,0.0,,0,0,1,1,0,0,0,0.0,0,0.0,0,1,0,19,0,0,0,1,90,0,,0,0,0,0,0.0,0,0,0,0,19,0,0,6.7,0,0,0,2,0,2,0,1,0.0,0.0,0,0,0,0,0,0,0.0,0,0,0,0.0,0,8,0,0,0,0.0,29,25,12,37,6.7,0,0,44,0,0,0,Alphonse Aréola,West Ham United,96531,37,england,2122
0,0,0.0,1,0,0.0,1,4,5,100.0,0,0.0,1,1,0,0,0,0,,0,0,0,0,0,1,0,0,0,0,2,0,0,,,1,0,0.0,,0,0,0,0,0,0,0,,2,66.67,0,0,0,0,0,0,0,0,20,0,,0,0,0,0,0.0,0,0,0,0,1,1,0,6.7,0,0,0,0,0,0,0,0,0.0,0.0,0,0,1,1,0,0,0.0,0,0,0,0.0,0,0,0,0,2,50.0,0,1,4,5,6.7,1,0,10,2,0,0,Hélder Costa,Leeds United,138891,34,england,2122
1,0,0.0,1,3,42.86,1,31,32,88.89,1,100.0,0,1,0,0,0,0,,0,0,0,0,1,1,0,0,0,0,0,0,0,,,0,0,0.0,,0,0,2,2,0,0,0,0.0,0,0.0,0,0,0,4,0,0,0,1,90,0,,0,0,0,0,0.0,0,0,0,0,4,0,1,6.7,0,0,0,3,0,3,0,0,0.0,0.0,0,0,0,0,0,0,0.0,0,0,0,0.0,0,1,0,0,1,100.0,7,5,31,36,6.7,0,0,44,0,0,0,Jason Steele,Brighton & Hove Albion,31867,30,england,2122
3,0,0.0,2,4,66.67,14,36,50,87.72,2,100.0,0,3,0,0,0,0,,0,0,0,0,8,3,0,0,1,0,2,0,0,,,1,0,0.0,,0,0,2,1,1,0,0,,2,50.0,0,0,0,7,2,1,0,2,168,0,,0,0,0,0,0.0,0,0,0,0,8,0,0,6.7,0,0,0,0,0,0,0,0,0.0,0.0,0,0,0,0,0,1,100.0,0,1,0,0.0,1,6,1,0,4,66.67,6,20,37,57,20.1,0,0,75,0,0,0,Nicolas N'Koulou,Watford,38533,24,england,2122
3,0,0.0,6,4,80.0,24,22,46,80.7,0,0.0,2,3,0,0,0,0,,0,0,0,1,1,2,0,0,0,5,12,0,0,,,5,0,0.0,,0,0,0,0,0,0,0,,4,28.57,0,0,0,11,1,1,0,1,123,0,,0,0,0,0,0.0,0,0,0,0,13,0,0,6.7,0,0,0,0,0,0,0,0,0.0,0.0,0,0,1,1,0,0,0.0,0,4,1,25.0,1,5,0,0,4,25.0,5,31,26,57,13.4,1,0,71,0,1,0,Dale Stephens,Burnley,21299,6,england,2122
1,2,33.33,25,0,0.0,38,11,47,83.93,0,0.0,1,9,0,0,0,0,,0,0,0,0,0,6,0,0,2,1,7,0,0,,,1,0,0.0,,0,0,1,1,0,0,0,,11,64.71,0,0,0,9,0,2,0,0,100,0,,0,0,0,0,0.0,0,0,0,0,24,4,0,6.7,0,0,0,0,0,0,0,0,0.0,0.0,0,1,0,0,1,4,66.67,0,3,0,0.0,2,1,6,6,11,61.11,0,50,12,56,40.2,1,0,89,4,0,0,Bryan Gil,Tottenham Hotspur,910026,33,england,2122
16,0,0.0,27,15,31.25,119,348,467,83.99,20,50.0,20,10,0,0,0,0,,0,0,0,1,35,10,0,0,3,7,40,0,0,,,7,0,0.0,,0,0,20,17,3,0,0,,30,60.0,0,0,0,89,14,1,0,10,900,1,,0,0,0,1,0.0,0,0,0,0,99,1,0,6.7,0,0,0,0,0,0,0,0,0.0,0.0,0,2,0,1,1,3,50.0,0,25,19,76.0,1,54,6,0,50,55.56,48,175,381,556,67.0,2,0,678,2,1,0,Willy Boly,Wolverhampton,139310,3,england,2122
9,3,30.0,32,19,34.55,103,251,351,81.44,9,69.23,4,11,0,0,0,0,,0,0,2,2,24,11,0,0,0,1,14,0,0,,,8,0,0.0,,0,0,14,12,2,0,0,,12,54.55,0,0,0,80,6,7,0,9,833,0,,0,0,0,1,0.0,0,0,0,0,125,1,0,6.7,0,0,0,0,0,0,0,0,0.0,0.0,0,2,0,0,0,0,0.0,0,8,7,87.5,7,32,1,10,21,60.0,55,155,286,431,73.7,2,0,582,4,3,0,Mads Bech Sørensen,Brentford,1006409,50,england,2122
2,0,0.0,66,3,27.27,128,171,299,86.42,6,28.57,15,14,0,0,0,0,,0,0,1,1,10,13,0,0,2,12,48,0,1,,,13,0,0.0,,0,0,14,13,1,0,0,,43,56.58,0,0,0,47,8,1,0,7,707,0,,0,0,0,0,0.0,0,0,0,0,71,2,0,6.7,0,0,0,0,0,0,0,0,0.0,0.0,0,3,1,2,1,11,64.71,0,27,16,59.26,1,9,17,4,49,50.52,11,163,187,346,87.1,4,0,523,6,4,0,Jamie Shackleton,Leeds United,943652,34,england,2122
35,0,0.0,97,60,45.11,279,789,1068,85.17,40,50.63,39,29,0,0,0,0,,0,4,2,0,56,27,0,1,5,20,90,1,1,,,25,0,9.09,,1,1,52,49,3,1,0,,71,58.2,1,0,0,186,33,11,0,22,2059,1,,0,0,0,0,0.0,0,0,0,0,213,2,0,6.7,1,0,0,0,0,0,0,0,2059.0,0.0,0,10,1,5,4,2,66.67,0,61,39,63.93,11,79,3,0,111,55.22,133,379,875,1254,180.8,11,0,1565,8,6,0,Pascal Struijk,Leeds United,836675,34,england,2122
12,0,0.0,19,16,32.0,106,300,406,85.12,16,48.48,17,13,1,0,0,0,,1,0,0,2,42,12,0,0,1,7,30,0,0,,,5,0,0.0,,0,1,19,15,4,0,0,,15,53.57,0,0,0,71,7,1,0,10,970,1,,0,0,0,0,0.0,0,0,0,0,75,0,0,6.69,0,0,0,0,0,0,0,0,0.0,0.0,0,2,0,0,2,0,0.0,0,10,8,80.0,1,28,0,0,31,50.82,50,145,332,477,80.3,2,0,579,5,0,0,Issa Diop,West Ham United,825719,37,england,2122
3,0,0.0,133,0,0.0,198,45,243,61.36,88,34.51,167,32,0,0,0,0,,2,5,9,0,11,32,0,0,50,7,287,0,0,,,29,0,13.33,,6,6,37,33,4,5,1,,71,37.17,0,0,2,153,3,10,0,21,1978,13,,0,0,0,0,0.0,0,0,0,1,319,30,0,6.69,0,6,0,0,0,0,0,0,329.67,0.0,0,40,5,15,21,33,47.14,0,12,5,41.67,10,4,70,8,159,35.65,6,340,64,396,214.0,45,0,774,26,2,0,Armando Broja,Southampton,996985,45,england,2122
22,2,8.33,54,22,43.14,90,67,155,68.28,4,33.33,8,8,0,0,0,0,,2,0,1,0,9,8,0,0,1,14,38,0,1,,,10,0,0.0,,0,0,16,13,3,0,0,,39,56.52,0,0,0,72,14,6,0,7,689,1,,0,1,0,1,0.0,0,0,0,0,130,4,0,6.69,0,0,0,0,0,0,0,0,0.0,0.0,0,2,2,2,1,9,60.0,0,16,10,62.5,5,37,15,24,43,53.09,51,154,97,227,53.5,4,1,443,14,4,0,Danny Rose,Watford,16586,24,england,2122
1,0,0.0,40,1,100.0,64,11,75,73.53,18,26.47,50,22,3,0,0,0,,1,1,4,1,9,21,0,0,8,4,78,0,0,,,9,0,10.53,,2,5,7,7,0,2,0,,26,48.15,0,0,1,27,0,6,0,5,680,5,,0,0,0,0,0.0,0,0,0,0,79,5,0,6.69,0,2,0,0,0,0,0,0,340.0,0.0,0,13,6,8,7,6,42.86,0,12,7,58.33,6,1,14,2,44,36.07,1,91,13,102,140.4,19,0,228,8,1,0,Matěj Vydra,Burnley,58488,6,england,2122
5,0,0.0,59,3,33.33,131,100,231,84.0,8,53.33,7,15,0,0,0,0,,1,0,3,1,5,14,0,0,9,8,43,0,0,,,9,0,28.57,,2,2,14,12,2,2,0,,28,43.75,1,0,0,44,8,5,1,5,581,0,,0,0,0,0,0.0,0,0,0,0,80,7,0,6.69,0,0,0,0,0,0,0,0,290.5,0.0,0,3,4,2,2,4,28.57,0,21,11,52.38,5,10,14,6,36,45.57,9,168,113,275,93.6,7,0,382,3,1,0,Donny van de Beek,Everton,361790,48,england,2122
13,3,10.34,211,12,44.44,321,109,427,70.7,38,45.24,46,30,2,0,0,0,,1,6,12,4,26,30,0,0,38,28,157,0,0,,,28,0,9.3,,4,6,35,31,4,3,1,,82,42.49,1,0,1,177,12,28,3,23,2059,1,,0,0,0,0,0.0,0,0,0,0,325,12,0,6.68,0,0,0,0,0,0,0,0,514.75,0.0,0,29,14,12,19,28,62.22,0,36,17,47.22,28,31,45,29,120,43.32,27,482,151,604,200.5,43,0,1020,18,4,0,Mohamed Elyounoussi,Southampton,119151,45,england,2122
4,1,12.5,62,1,33.33,104,36,139,84.24,4,44.44,5,25,1,0,0,0,,1,3,4,0,7,20,0,0,14,9,47,0,0,,,9,0,15.79,,3,4,6,4,2,3,0,,22,34.38,0,0,0,26,1,8,0,4,572,1,,0,0,0,0,0.0,0,0,0,0,85,4,0,6.68,0,3,0,0,0,0,0,0,190.67,0.0,0,14,5,5,10,10,50.0,0,3,2,66.67,8,7,20,8,26,35.62,3,132,41,165,133.6,19,1,291,9,1,0,Steven Bergwijn,Tottenham Hotspur,361798,33,england,2122
4,2,25.0,32,3,30.0,70,52,120,78.43,3,33.33,6,10,0,0,0,0,,0,0,0,0,2,10,0,0,10,4,26,1,0,,,3,0,0.0,,0,0,8,7,1,0,0,,38,65.52,0,0,0,33,10,1,0,3,352,0,,0,0,0,0,0.0,0,0,0,0,58,3,0,6.68,0,0,0,0,0,0,0,0,0.0,0.0,0,0,1,1,0,13,81.25,0,12,8,66.67,1,13,16,8,41,61.19,10,100,61,153,66.8,1,0,258,13,0,0,Morgan Sanson,Aston Villa,250133,40,england,2122
6,4,18.18,150,13,46.43,264,136,396,81.65,5,26.32,14,30,0,0,0,0,,1,0,15,0,10,29,0,0,24,33,100,0,0,,,17,0,3.13,,1,1,32,29,3,1,0,,99,53.51,0,0,1,89,20,17,1,19,1734,9,,0,0,0,0,0.0,0,0,0,0,197,16,0,6.68,0,0,0,0,0,0,0,0,1734.0,0.0,0,17,15,10,7,27,67.5,0,47,29,61.7,17,14,40,22,104,50.98,28,347,160,485,193.7,32,0,811,25,2,0,Miguel Almirón,Newcastle United,333373,39,england,2122
8,10,18.52,121,14,25.93,203,98,291,64.52,14,29.79,33,33,2,0,0,0,,3,4,5,0,16,30,0,0,21,15,101,0,0,,,16,0,3.7,,1,3,35,32,3,1,0,,76,52.78,1,0,3,160,23,20,0,13,1482,2,,0,0,0,1,0.0,0,0,0,0,285,11,0,6.68,0,0,0,0,0,0,0,0,1482.0,0.0,1,16,11,17,5,13,44.83,0,49,26,53.06,20,47,29,54,90,47.12,54,356,149,451,200.3,27,0,860,14,4,0,Jacob Murphy,Newcastle United,372336,39,england,2122
33,18,12.68,242,20,31.75,398,233,613,70.46,19,26.03,54,35,1,0,0,0,,3,1,16,2,16,35,0,0,66,45,254,0,0,,,29,0,18.6,,8,9,68,62,6,7,1,,134,40.12,0,0,0,257,21,42,5,32,2648,4,,0,0,0,0,0.0,0,0,0,0,608,18,0,6.67,0,3,0,0,0,0,0,0,331.0,0.0,0,31,12,10,17,54,47.37,0,57,37,64.91,42,67,114,142,153,37.59,63,701,311,870,233.6,43,1,1595,23,3,0,Jack Harrison,Leeds United,829570,34,england,2122
68,1,25.0,69,85,49.71,189,546,734,81.28,48,58.54,34,31,1,0,0,0,,2,0,1,3,129,31,0,0,2,14,64,1,2,,,13,0,0.0,,0,1,55,47,8,0,0,,36,54.55,0,0,0,169,28,3,0,27,2414,0,,0,0,0,0,0.0,0,0,0,0,195,0,0,6.67,0,0,0,0,0,0,0,0,0.0,0.0,0,3,0,2,0,0,0.0,0,32,15,46.88,3,127,1,4,84,56.76,171,297,610,903,206.9,3,1,1226,4,3,0,Craig Cathcart,Watford,22200,24,england,2122
32,6,20.0,267,26,40.63,447,340,781,79.94,7,35.0,13,33,2,0,0,0,,2,1,15,0,18,33,0,0,22,41,131,0,0,,,40,0,2.38,,1,3,52,47,5,1,0,,82,41.0,0,0,0,196,11,31,0,26,2085,2,,0,0,0,1,0.0,0,0,0,0,304,19,0,6.67,0,1,0,0,0,0,0,0,2085.0,0.0,0,18,24,9,18,20,57.14,0,47,25,53.19,31,81,35,30,89,40.45,64,619,388,977,220.2,42,0,1318,15,5,0,Mateusz Klich,Leeds United,44900,34,england,2122
40,2,5.41,199,46,42.2,362,411,771,74.49,68,48.57,72,31,0,0,0,0,,1,1,14,4,51,31,0,0,14,42,155,0,0,,,16,0,3.03,,1,1,62,56,6,1,0,,99,54.4,0,0,0,264,34,10,1,29,2706,3,,0,0,0,1,0.0,0,0,0,0,370,18,0,6.67,0,0,0,0,0,0,0,0,2706.0,0.0,0,16,17,13,6,19,63.33,0,42,22,52.38,10,91,30,37,167,51.86,109,612,460,1035,206.8,33,0,1458,38,3,0,Kenny McLean,Norwich City,75756,263,england,2122
27,28,26.92,106,42,43.3,236,185,393,77.98,14,45.16,17,18,2,0,0,0,,2,0,5,0,23,17,0,0,5,17,54,0,0,,,13,0,0.0,,0,2,37,33,4,0,0,,35,48.61,0,0,0,111,13,29,0,14,1338,0,,0,1,0,0,0.0,0,0,0,0,222,4,0,6.67,0,0,0,0,0,0,0,0,0.0,0.0,1,2,8,4,1,4,66.67,0,22,15,68.18,28,60,6,104,49,47.57,97,387,221,504,113.4,10,0,854,9,5,0,Matt Ritchie,Newcastle United,42699,39,england,2122
2,1,4.35,135,5,55.56,225,67,291,78.23,6,27.27,16,21,1,0,0,0,,0,5,17,3,4,20,0,0,19,18,86,0,0,,,11,0,8.89,,4,5,17,14,3,3,1,,30,30.0,0,0,3,81,2,8,2,15,1286,11,,0,0,0,0,0.0,0,0,0,0,186,13,0,6.67,0,2,0,0,0,0,0,0,321.5,0.0,0,40,5,12,16,10,30.3,0,8,4,50.0,8,7,33,23,36,29.51,9,316,79,372,133.4,45,0,596,12,1,0,Timo Werner,Chelsea,232306,38,england,2122
4,2,22.22,59,7,19.44,111,121,230,73.02,16,55.17,13,19,2,0,0,0,,1,0,1,1,26,17,0,0,3,15,48,0,0,,,9,0,25.0,,1,3,27,25,2,1,0,,66,65.35,0,0,0,85,10,4,0,15,1275,1,,0,0,0,0,0.0,0,0,0,0,143,3,0,6.66,0,1,0,0,0,0,0,0,1275.0,0.0,0,4,0,1,2,10,55.56,0,39,29,74.36,4,21,18,9,82,63.08,36,168,156,315,113.3,4,0,605,17,5,0,Javier Manquillo,Newcastle United,210082,39,england,2122
17,0,0.0,37,28,31.82,115,244,359,77.37,13,52.0,12,11,0,0,0,0,,0,0,0,1,41,11,0,0,1,10,30,0,0,,,8,0,0.0,,0,0,19,19,0,0,0,,23,56.1,0,0,0,105,19,4,0,9,811,0,,0,0,0,0,0.0,0,0,0,0,116,2,0,6.66,0,0,0,0,0,0,0,0,0.0,0.0,0,0,0,0,0,2,100.0,0,19,12,63.16,4,57,2,0,36,54.55,88,188,276,464,73.3,0,0,582,2,3,0,Jack Stephens,Southampton,134361,45,england,2122
2,0,0.0,36,0,0.0,52,15,67,81.71,4,50.0,4,8,0,0,0,0,,0,2,0,0,1,8,0,0,4,1,12,0,0,,,0,0,20.0,,1,1,3,2,1,1,0,,8,50.0,0,0,0,15,0,1,0,2,218,2,,0,1,0,0,0.0,0,0,0,0,32,1,0,6.66,0,1,0,0,0,0,0,0,218.0,0.0,0,4,1,2,3,4,57.14,0,0,0,0.0,0,3,7,4,12,50.0,0,69,17,82,53.3,5,0,120,4,0,0,Anthony Martial,Manchester United,191176,35,england,2122
12,1,50.0,21,15,78.95,62,89,150,90.91,3,75.0,1,9,0,0,0,0,,0,0,1,0,4,8,0,0,2,5,20,0,0,,,8,0,0.0,,0,0,8,6,2,0,0,,20,51.28,0,0,0,15,5,2,0,4,397,0,,0,0,0,0,0.0,0,0,0,0,26,0,0,6.66,0,0,0,0,0,0,0,0,0.0,0.0,0,0,3,2,0,6,60.0,0,11,8,72.73,2,15,10,2,23,53.49,19,72,95,165,53.3,3,0,217,3,3,0,Oghenekaro Etebo,Watford,839110,24,england,2122
5,2,66.67,38,2,33.33,77,46,121,80.67,6,31.58,13,14,3,0,0,0,,2,1,3,0,4,13,0,1,12,13,50,0,0,,,6,0,18.18,,2,5,12,11,1,2,0,,21,36.21,0,0,0,29,2,11,0,6,449,0,,0,0,0,0,0.0,0,0,0,0,67,3,0,6.66,1,2,0,0,0,0,0,0,224.5,0.0,0,9,2,2,6,10,62.5,0,4,2,50.0,11,9,16,3,27,35.06,6,104,49,150,86.6,11,0,260,7,0,0,Ayoze Pérez,Leicester City,345195,31,england,2122
10,0,0.0,51,7,50.0,98,77,175,76.09,7,29.17,17,15,1,0,0,0,,1,6,4,0,5,15,0,0,4,6,35,0,0,,,7,0,11.11,,2,3,10,9,1,2,0,,13,41.94,0,0,1,55,2,7,0,7,764,6,,0,0,0,0,0.0,0,0,0,0,74,2,0,6.66,0,2,0,0,0,0,0,0,382.0,0.0,0,16,2,6,8,4,80.0,0,4,1,25.0,7,16,5,2,20,36.36,14,133,99,230,99.9,18,0,314,5,0,0,Edinson Cavani,Manchester United,21521,35,england,2122
23,1,100.0,21,30,40.54,79,290,368,78.46,47,79.66,12,16,0,0,0,0,,0,2,0,1,65,15,0,0,1,3,23,0,1,,,5,0,0.0,,0,0,30,27,3,0,0,,15,57.69,0,0,0,101,14,2,0,12,1190,0,,0,0,0,0,0.0,0,0,0,0,112,0,0,6.66,0,0,0,0,0,0,0,0,0.0,0.0,0,6,1,7,0,1,33.33,0,11,5,45.45,2,55,3,1,62,72.94,74,141,329,469,99.9,7,0,624,3,0,0,Christian Kabasele,Watford,58351,24,england,2122
23,0,0.0,32,39,31.97,106,432,538,80.66,48,58.54,34,19,0,0,0,0,,0,0,4,3,81,19,0,0,3,11,66,2,1,,,17,0,0.0,,0,0,36,31,5,0,0,,41,56.16,0,0,0,129,43,2,0,19,1675,0,,0,0,0,0,0.0,0,0,0,0,141,0,0,6.66,0,0,0,0,0,0,0,0,0.0,0.0,0,8,0,2,2,2,66.67,0,24,11,45.83,2,64,3,0,89,57.42,122,191,476,667,126.5,8,0,899,16,4,0,Samir Caetano,Watford,331405,24,england,2122
78,0,0.0,91,95,39.92,307,804,1111,81.33,53,57.61,39,28,0,0,0,0,,0,2,1,6,137,28,0,0,2,5,60,1,1,,,12,0,0.0,,0,0,55,49,6,0,0,,36,63.16,0,0,0,255,27,3,0,28,2495,0,,0,0,0,3,0.0,0,0,0,0,275,0,0,6.66,1,0,0,0,0,0,0,0,0.0,0.0,0,7,1,3,4,5,71.43,0,23,16,69.57,3,185,7,1,89,59.73,238,485,882,1366,186.4,8,1,1674,9,3,1,Ben Gibson,Norwich City,115432,263,england,2122
11,2,18.18,48,9,37.5,135,158,291,84.1,15,62.5,9,11,0,0,0,0,,0,0,3,3,30,11,0,0,5,10,45,0,0,,,19,0,0.0,,0,0,8,7,1,0,0,,27,42.86,0,0,0,55,9,2,0,10,744,1,,0,0,0,0,0.0,0,0,0,0,88,3,0,6.65,1,0,0,0,0,0,0,0,0.0,0.0,0,5,2,2,2,5,71.43,0,14,8,57.14,2,24,7,11,42,48.28,24,174,183,346,73.2,7,0,516,8,2,1,Japhet Tanganga,Tottenham Hotspur,836693,33,england,2122
7,1,9.09,114,6,46.15,176,111,286,72.77,40,45.45,48,26,1,0,0,0,,0,2,13,1,17,26,0,0,25,25,123,0,2,,,9,0,8.33,,2,3,33,29,4,2,0,,65,46.43,1,0,0,107,11,11,0,18,1578,4,,0,0,0,0,0.0,0,0,0,0,212,11,0,6.65,0,1,0,0,0,0,0,0,789.0,0.0,0,14,10,8,3,16,50.0,0,26,14,53.85,11,8,32,11,105,46.05,13,266,138,393,173.0,24,1,696,23,1,0,Josh Sargent,Norwich City,880796,263,england,2122
25,17,31.48,146,24,36.36,254,219,456,76.51,14,31.82,30,28,2,0,0,0,,2,0,4,1,18,28,0,0,16,15,91,2,1,,,28,0,0.0,,0,2,38,32,6,0,0,,59,49.17,0,0,0,140,18,20,0,20,1638,2,,0,0,0,0,0.0,0,0,0,0,214,6,0,6.65,0,0,0,0,0,0,0,0,0.0,0.0,0,6,6,1,7,3,50.0,0,37,20,54.05,20,66,6,54,73,44.51,66,396,254,596,186.3,12,0,851,19,2,0,Tom Cleverley,Watford,46432,24,england,2122
28,8,26.67,51,31,33.7,138,164,294,69.67,29,63.04,17,15,1,0,0,0,,2,0,1,1,40,15,0,0,1,17,50,0,0,,,14,0,0.0,,0,1,26,23,3,0,0,,37,52.86,0,0,1,128,18,7,0,13,1076,0,,0,0,0,1,0.0,0,0,0,0,187,2,0,6.65,0,0,0,0,0,0,0,0,0.0,0.0,0,3,2,4,0,9,81.82,0,24,13,54.17,7,71,11,30,66,56.9,92,245,207,422,99.8,5,0,700,4,0,0,Adam Masina,Watford,259995,24,england,2122
2,1,50.0,62,3,75.0,88,34,121,63.68,50,43.48,65,23,0,0,0,0,,1,1,2,0,5,19,0,0,22,7,117,0,0,,,21,0,6.25,,1,1,19,17,2,1,0,,27,34.18,0,0,2,69,2,8,0,8,812,9,,0,0,1,1,100.0,0,1,0,0,138,9,0,6.65,0,1,0,0,0,0,0,0,812.0,0.0,0,11,5,8,6,5,62.5,0,11,2,18.18,8,6,8,2,77,39.69,4,150,42,190,126.4,16,0,338,12,4,0,Ashley Barnes,Burnley,27028,6,england,2122
56,0,0.0,68,75,36.23,177,400,577,68.45,63,67.02,31,25,1,0,0,0,,0,2,1,5,93,25,0,1,7,15,81,0,1,,,26,0,28.57,,2,3,42,37,5,2,0,,50,50.0,1,0,0,266,26,3,0,23,2136,0,,1,0,0,0,0.0,0,0,0,0,304,3,0,6.65,1,1,0,0,0,0,0,0,1068.0,0.0,0,6,1,3,3,2,50.0,0,35,18,51.43,3,127,4,4,113,58.25,207,352,495,843,166.3,7,0,1124,15,7,0,Mason Holgate,Everton,781544,48,england,2122
9,0,0.0,44,11,45.83,117,144,261,87.88,1,50.0,1,11,0,0,0,1,,0,1,0,0,2,8,0,0,4,6,15,0,1,,,3,0,50.0,,1,1,5,4,1,1,0,,15,51.72,0,0,0,36,4,1,0,3,327,0,,0,0,2,0,50.0,0,1,0,0,44,2,0,6.65,0,1,0,0,0,0,0,0,327.0,0.0,0,2,0,0,2,3,75.0,0,8,2,25.0,1,20,4,2,16,51.61,24,144,155,297,53.2,2,0,339,4,0,0,Mark Noble,West Ham United,9741,37,england,2122
1,0,0.0,9,2,100.0,15,6,21,77.78,1,100.0,0,2,0,0,0,0,,0,0,1,0,0,2,0,0,0,1,3,0,0,,,1,0,0.0,,0,0,0,0,0,0,0,,2,40.0,0,0,0,6,0,1,0,0,37,0,,0,0,0,0,0.0,0,0,0,0,7,1,0,6.65,0,0,0,0,0,0,0,0,0.0,0.0,0,0,1,0,0,0,0.0,0,1,0,0.0,1,1,1,0,3,50.0,2,21,6,27,13.3,1,0,33,1,0,0,Taylor Richards,Brighton & Hove Albion,904848,30,england,2122
0,2,25.0,25,0,0.0,41,15,54,88.52,0,0.0,3,4,0,0,0,0,,1,1,0,0,2,4,0,0,5,0,14,0,0,,,0,0,0.0,,0,0,6,6,0,0,0,,10,47.62,0,0,0,7,3,1,0,2,229,3,,0,0,0,0,0.0,0,0,0,0,31,2,0,6.65,0,0,0,0,0,0,0,0,0.0,0.0,1,2,2,3,1,4,40.0,0,2,2,100.0,1,1,10,8,10,41.67,1,49,20,61,26.6,4,0,114,4,0,0,Samuel Kalu,Watford,833030,24,england,2122
6,0,0.0,63,13,65.0,151,176,327,85.16,9,39.13,14,16,0,0,0,0,,0,0,0,1,15,15,0,0,10,22,63,0,1,,,16,0,0.0,,0,0,20,15,5,0,0,,55,52.88,0,0,0,57,12,2,0,10,905,0,,0,0,0,0,0.0,0,0,0,0,84,5,0,6.65,0,0,0,0,0,0,0,0,0.0,0.0,0,0,0,0,0,14,87.5,0,32,19,59.38,2,9,16,1,64,50.39,20,181,204,384,99.7,0,0,532,9,5,0,Marvelous Nakamba,Aston Villa,556904,40,england,2122
4,2,25.0,33,2,40.0,55,25,78,77.23,5,38.46,8,19,0,0,0,0,,0,1,1,0,1,13,0,0,1,6,21,0,0,,,1,0,9.09,,1,1,4,3,1,1,0,,11,45.83,0,0,0,23,0,4,1,1,315,3,,0,0,0,0,0.0,0,0,0,0,42,1,0,6.65,0,0,0,0,0,0,0,0,315.0,0.0,0,9,2,5,5,3,37.5,0,4,2,50.0,4,6,8,8,16,43.24,5,77,32,101,86.4,11,0,155,4,1,0,Andriy Yarmolenko,West Ham United,41116,37,england,2122
30,3,21.43,169,41,48.24,327,440,764,81.8,14,45.16,17,26,1,0,0,0,,2,0,0,2,45,26,0,0,17,28,104,0,0,,,23,0,0.0,,0,1,52,48,4,0,0,,119,57.77,0,0,0,170,44,21,0,23,2129,0,,0,0,0,0,0.0,0,0,0,0,312,8,0,6.65,0,0,0,0,0,0,0,0,0.0,0.0,0,2,2,3,1,20,51.28,0,55,37,67.27,21,62,39,14,133,56.12,85,435,513,934,172.8,4,0,1513,44,8,0,Brandon Williams,Norwich City,927368,263,england,2122
4,0,0.0,25,2,66.67,50,10,60,76.92,4,50.0,4,9,0,0,0,0,,0,0,4,0,1,9,0,0,2,1,16,0,0,,,0,0,0.0,,0,0,3,2,1,0,0,,17,58.62,0,0,0,18,0,0,0,1,217,2,,0,0,0,0,0.0,0,0,0,1,46,2,0,6.64,0,0,0,0,0,0,0,0,0.0,0.0,0,4,4,3,1,10,52.63,0,3,3,100.0,0,6,19,5,21,56.76,3,71,12,78,59.8,8,0,139,4,0,0,Bertrand Traoré,Aston Villa,218160,40,england,2122
1,0,0.0,60,0,0.0,98,30,128,88.28,0,0.0,1,16,0,0,0,0,,0,0,1,0,1,15,0,0,5,4,19,0,0,,,5,0,25.0,,2,2,13,12,1,2,0,,15,45.45,0,0,0,17,0,8,0,2,370,1,,0,0,0,0,0.0,0,0,0,0,46,6,0,6.64,0,2,0,0,0,0,0,0,185.0,0.0,0,5,3,1,6,2,33.33,0,9,7,77.78,8,3,6,8,15,44.12,2,119,34,145,99.6,8,0,210,4,1,0,Jesse Lingard,Manchester United,205508,35,england,2122
4,11,29.73,135,3,50.0,212,66,267,83.7,18,36.73,31,20,2,0,0,0,,1,3,5,2,2,20,0,0,18,6,87,0,0,,,8,0,4.35,,1,3,9,9,0,1,0,,30,34.88,0,0,2,52,8,12,1,5,697,4,,0,0,0,0,0.0,0,0,0,0,163,4,0,6.64,0,0,0,0,0,0,0,0,697.0,0.0,3,17,6,9,9,19,43.18,0,8,5,62.5,12,7,44,37,48,35.56,6,275,81,319,132.8,23,0,549,3,0,0,Nicolas Pépé,Arsenal,593526,42,england,2122
2,0,0.0,22,1,100.0,30,20,50,75.76,0,0.0,6,6,0,0,0,0,,0,1,1,0,0,5,0,0,2,1,13,0,0,,,1,0,0.0,,0,0,1,1,0,0,0,,10,58.82,0,0,0,16,2,2,0,0,129,0,,0,0,0,0,0.0,0,0,0,0,28,3,0,6.64,0,0,0,0,0,0,0,0,0.0,0.0,0,2,0,1,0,4,57.14,0,5,3,60.0,2,3,7,3,10,43.48,1,46,23,66,33.2,2,0,100,1,0,0,Crysencio Summerville,Leeds United,917005,34,england,2122
12,6,9.23,159,8,38.1,239,103,336,71.49,14,20.29,55,34,4,0,0,0,,5,8,15,3,11,34,0,1,25,13,154,0,0,,,31,0,7.41,,4,8,49,45,4,4,0,,85,46.2,2,0,2,134,8,27,0,31,2500,15,,0,0,0,0,0.0,0,0,0,1,321,18,0,6.64,1,2,0,0,0,0,0,0,625.0,0.0,0,40,14,21,18,21,38.89,0,26,15,57.69,27,32,54,65,99,39.13,21,403,132,470,225.7,54,1,895,38,7,0,Daniel James,Leeds United,828639,34,england,2122
55,3,30.0,198,40,44.44,416,353,766,79.96,11,42.31,15,28,2,0,0,0,,0,0,3,4,36,28,0,1,24,71,148,1,0,,,30,0,0.0,,0,2,38,34,4,0,0,,117,46.8,0,0,0,192,23,15,0,25,2186,0,,0,0,0,0,0.0,0,0,0,1,277,13,0,6.64,1,0,0,0,0,0,0,0,0.0,0.0,0,2,5,1,3,21,67.74,0,74,44,59.46,15,120,31,10,128,46.38,90,560,408,958,185.8,7,0,1330,22,7,0,Allan,Everton,158277,48,england,2122
0,0,0.0,6,1,50.0,12,15,27,93.1,1,50.0,1,3,0,0,0,0,,0,0,0,0,1,3,0,0,1,0,4,0,0,,,1,0,100.0,,1,1,3,3,0,0,1,,1,25.0,0,0,0,2,0,1,0,0,73,0,,0,0,0,0,0.0,0,0,0,0,6,1,0,6.63,0,1,0,0,0,0,0,0,73.0,0.0,0,0,1,0,1,0,0.0,0,1,1,100.0,1,1,1,0,2,33.33,2,14,15,29,19.9,1,0,37,0,0,0,Jeff Hendrick,Newcastle United,115441,39,england,2122
2,0,0.0,14,1,16.67,31,29,60,74.07,3,60.0,2,6,0,0,0,0,,0,0,3,0,8,6,0,0,1,3,10,0,0,,,4,0,16.67,,1,1,9,9,0,1,0,,8,50.0,0,0,0,21,2,0,0,2,238,0,,0,0,0,0,0.0,0,0,0,0,30,0,0,6.63,0,1,0,0,0,0,0,0,238.0,0.0,0,3,3,1,2,2,66.67,0,3,1,33.33,0,7,3,0,11,52.38,6,45,36,81,39.8,6,0,129,3,1,0,Tom Davies,Everton,795058,48,england,2122
0,1,25.0,6,0,0.0,9,11,19,57.58,1,25.0,3,4,0,0,0,0,,0,0,0,0,0,3,0,0,0,2,7,0,0,,,2,0,0.0,,0,0,5,5,0,0,0,,5,55.56,0,0,0,14,2,1,0,2,133,0,,0,0,0,0,0.0,0,0,0,0,22,1,0,6.63,0,0,0,0,0,0,0,0,0.0,0.0,0,1,0,1,0,0,0.0,0,4,4,100.0,1,0,0,4,6,46.15,4,23,14,33,19.9,1,0,56,1,0,0,Will Smallbone,Southampton,970435,45,england,2122
8,0,0.0,51,11,28.95,120,220,340,77.1,28,49.12,29,15,0,0,0,0,,0,0,2,2,45,15,0,0,4,8,55,0,0,,,12,0,0.0,,0,0,27,26,1,0,0,,31,54.39,0,0,1,101,22,4,0,11,1039,0,,0,0,0,1,0.0,0,0,0,0,139,2,0,6.63,0,0,0,0,0,0,0,0,0.0,0.0,0,7,0,3,2,3,37.5,0,24,15,62.5,4,28,8,9,59,51.75,38,190,260,441,99.5,7,0,686,4,3,0,Sam Byram,Norwich City,254713,263,england,2122
18,2,18.18,110,42,51.85,238,242,478,81.02,13,41.94,18,24,1,0,0,0,,0,1,4,2,18,22,0,0,18,41,96,0,0,,,14,0,6.67,,1,2,29,27,2,0,1,,77,49.68,0,0,0,112,9,7,0,15,1471,0,,0,0,0,0,0.0,0,0,0,0,168,5,0,6.63,0,1,0,0,0,0,0,0,1471.0,0.0,1,2,13,9,2,6,54.55,0,54,34,62.96,7,38,11,11,90,48.39,81,323,278,590,145.9,15,0,824,17,1,0,Sean Longstaff,Newcastle United,866191,39,england,2122
10,1,8.33,60,11,47.83,124,128,251,80.19,16,43.24,21,20,0,0,0,0,,0,0,5,1,13,19,0,0,14,19,93,0,0,,,33,0,0.0,,0,0,19,16,3,0,0,,60,45.45,0,0,1,62,14,4,0,12,1050,0,,0,0,0,0,0.0,0,0,0,1,116,4,0,6.63,0,0,0,0,0,0,0,0,0.0,0.0,0,12,4,6,5,11,64.71,0,25,17,68.0,4,19,17,12,76,44.97,23,182,143,313,126.0,16,0,519,25,4,0,Frank Onyeka,Brentford,885864,50,england,2122
15,1,50.0,34,18,42.86,81,166,246,81.46,11,55.0,9,10,0,0,0,0,,0,0,3,0,18,10,0,0,2,10,28,0,0,,,7,0,0.0,,0,0,18,17,1,0,0,,26,57.78,0,0,0,56,10,0,0,6,601,0,,0,0,0,1,0.0,0,0,0,0,63,3,0,6.63,0,0,0,0,0,0,0,0,0.0,0.0,0,3,2,1,1,3,75.0,0,22,11,50.0,0,34,4,2,37,56.92,42,121,183,302,66.3,5,0,399,1,0,0,Jacob Lungi Sørensen,Norwich City,837846,263,england,2122
13,9,22.5,140,13,35.14,280,210,481,82.08,24,52.17,22,22,1,0,0,0,,1,0,4,3,30,21,0,0,13,10,84,1,0,,,23,0,4.35,,1,2,19,15,4,1,0,,51,45.13,0,0,0,105,9,10,0,13,1187,1,,0,0,0,1,0.0,0,0,0,0,214,4,0,6.63,0,1,0,0,0,0,0,0,1187.0,0.0,0,14,9,17,2,18,50.0,0,21,14,66.67,10,26,36,40,75,47.17,37,368,258,586,139.2,23,0,954,13,2,0,Nuno Tavares,Arsenal,944973,42,england,2122
15,0,0.0,72,18,64.29,260,333,593,91.94,5,35.71,9,14,0,0,0,0,,0,0,0,1,10,14,0,0,9,11,46,0,1,,,17,0,0.0,,0,0,15,12,3,0,0,,34,47.89,0,0,0,52,11,1,0,12,1033,0,,0,0,0,0,0.0,0,0,0,0,75,3,0,6.63,0,0,0,0,0,0,0,0,0.0,0.0,0,0,1,0,1,4,100.0,0,12,6,50.0,1,25,4,0,39,45.88,28,286,359,645,92.8,1,0,754,18,3,0,Nampalys Mendy,Leicester City,123166,31,england,2122
18,4,16.0,68,19,44.19,120,132,248,73.81,16,47.06,18,16,0,0,0,0,,1,0,1,1,30,16,0,0,5,15,56,0,0,,,10,0,0.0,,0,0,19,18,1,0,0,,46,54.76,0,0,0,88,12,4,0,9,907,0,,0,0,0,0,0.0,0,0,0,0,144,0,0,6.63,0,0,0,0,0,0,0,0,0.0,0.0,0,0,5,4,0,9,52.94,0,31,18,58.06,4,44,17,25,62,52.54,43,194,167,336,106.0,5,0,592,6,0,0,Jeremy Ngakia,Watford,991595,24,england,2122
5,0,0.0,4,31,30.1,20,154,174,70.45,1,33.33,2,9,0,0,0,0,,0,0,0,1,8,9,0,0,0,0,2,0,0,,,0,0,0.0,,0,0,13,11,2,0,0,-2.59,1,100.0,0,11,0,73,0,0,0,8,765,0,,0,0,0,0,0.0,1,0,1,0,73,0,7,6.62,0,0,3,10,7,17,1,2,0.0,0.0,0,0,0,0,0,0,0.0,3,0,0,0.0,0,12,0,0,2,50.0,103,77,170,247,59.6,0,0,326,1,0,0,Jack Butland,Crystal Palace,98448,7,england,2122
10,16,20.51,77,13,27.08,174,129,287,67.21,4,23.53,13,17,2,0,0,0,,2,1,1,2,14,17,0,0,8,37,89,0,0,,,6,0,25.0,,1,3,24,20,4,1,0,,59,43.7,0,0,0,140,14,11,0,11,1127,2,,0,0,0,0,0.0,0,0,0,0,266,11,0,6.62,0,1,0,0,0,0,0,0,1127.0,0.0,0,3,1,2,1,15,37.5,0,31,19,61.29,11,46,40,78,63,41.45,48,338,167,427,112.5,4,0,749,13,3,0,Marc Albrighton,Leicester City,47737,31,england,2122
13,1,25.0,80,14,46.67,231,212,442,82.46,27,71.05,11,19,1,0,0,0,,0,0,0,1,18,19,0,0,13,9,59,0,0,,,16,0,0.0,,0,1,27,23,4,0,0,,50,51.02,0,0,0,94,14,6,0,12,1108,0,,0,0,0,0,0.0,0,0,0,0,147,7,0,6.62,0,0,0,0,0,0,0,0,0.0,0.0,0,2,4,4,2,14,58.33,0,19,13,68.42,6,28,24,4,77,56.62,30,290,250,536,125.7,6,0,708,17,0,0,Boubakary Soumaré,Leicester City,887581,31,england,2122
3,1,50.0,31,4,33.33,55,50,104,77.04,3,50.0,3,8,0,0,0,0,,0,0,1,1,3,7,0,0,5,2,18,0,0,,,4,0,0.0,,0,0,4,3,1,0,0,,15,50.0,0,0,0,31,4,3,0,2,270,0,,0,0,0,0,0.0,0,0,0,0,45,1,0,6.61,0,0,0,0,0,0,0,0,0.0,0.0,0,0,2,1,0,4,50.0,0,8,4,50.0,3,9,8,2,18,50.0,12,76,61,135,46.3,2,1,183,3,0,0,Ainsley Maitland-Niles,Arsenal,352768,42,england,2122
16,0,0.0,30,21,22.83,85,196,281,72.24,19,57.58,14,15,0,0,0,0,,0,0,3,1,48,14,0,0,2,8,37,1,0,,,13,0,0.0,,0,0,20,19,1,0,0,,29,55.77,0,0,0,108,13,3,0,9,912,0,,0,0,0,0,0.0,0,0,0,0,123,0,0,6.61,0,0,0,0,0,0,0,0,0.0,0.0,0,3,3,2,1,4,100.0,0,18,15,83.33,3,63,4,4,48,56.47,92,163,230,389,92.6,6,0,548,7,2,0,Lyanco,Southampton,797893,45,england,2122
23,9,18.0,211,36,25.53,395,461,847,77.21,14,21.88,50,34,2,0,0,0,,2,1,6,4,71,34,0,0,23,18,151,0,1,,,27,0,0.0,,0,2,69,62,7,0,0,,149,59.6,0,0,0,250,28,20,0,32,2882,1,,1,0,0,2,0.0,0,0,0,0,470,5,0,6.61,0,0,0,0,0,0,0,0,0.0,0.0,0,7,6,5,2,34,50.0,0,64,44,68.75,20,80,68,50,163,51.91,141,592,555,1097,224.8,13,0,1962,52,8,0,Max Aarons,Norwich City,943645,263,england,2122
102,4,12.9,166,106,46.29,411,691,1098,77.43,35,41.18,50,26,2,0,0,0,,4,0,3,2,50,26,0,1,10,46,142,0,1,,,22,0,10.53,,2,4,66,60,6,1,1,,115,55.56,0,0,1,320,28,12,0,26,2275,2,,0,0,0,1,0.0,0,0,0,0,438,5,0,6.61,1,2,0,0,0,0,0,0,1137.5,0.0,0,16,3,12,4,23,62.16,0,74,42,56.76,12,221,37,31,150,51.37,229,642,807,1418,171.9,19,0,1964,19,4,0,Luke Ayling,Leeds United,102624,34,england,2122
8,1,12.5,78,9,47.37,146,109,254,85.23,7,28.0,18,22,0,0,0,0,,0,0,5,0,11,21,0,0,12,9,54,0,0,,,6,0,8.33,,1,1,15,11,4,1,0,,44,55.0,0,0,0,44,11,9,1,9,918,1,,0,0,0,0,0.0,0,0,0,0,96,8,0,6.61,1,0,0,0,0,0,0,0,918.0,0.0,0,7,5,3,4,19,67.86,0,14,4,28.57,9,13,28,8,51,48.57,19,187,119,298,138.8,12,0,462,11,0,1,Shandon Baptiste,Brentford,892111,50,england,2122
5,10,22.73,74,6,27.27,155,53,198,67.58,15,42.86,20,18,1,0,0,0,,2,2,7,1,20,18,0,0,19,15,77,0,0,,,16,0,0.0,,0,1,19,16,3,0,0,,44,43.56,0,0,2,95,12,7,0,13,1108,3,,0,0,0,0,0.0,0,0,0,0,177,15,0,6.61,0,0,0,0,0,0,0,0,0.0,0.0,2,9,10,7,5,14,63.64,0,16,6,37.5,7,20,22,44,59,43.38,22,267,70,293,118.9,19,0,520,14,2,0,Jóhann Guðmundsson,Burnley,49805,6,england,2122
5,0,0.0,41,9,30.0,86,175,261,78.61,19,55.88,15,14,0,0,0,0,,0,0,2,0,23,13,0,0,8,17,59,0,0,,,14,0,20.0,,1,1,25,21,4,1,0,,45,50.56,0,0,0,71,14,2,0,12,1002,0,,0,0,0,0,0.0,0,0,0,0,110,2,0,6.6,0,1,0,0,0,0,0,0,1002.0,0.0,0,4,1,2,1,9,60.0,0,28,14,50.0,2,19,15,8,64,52.03,30,144,196,332,85.8,5,0,495,8,5,0,Isaac Hayden,Newcastle United,190843,39,england,2122
20,6,23.08,166,21,45.65,325,314,633,81.36,27,58.7,19,24,2,0,0,0,,3,1,2,1,32,24,0,0,7,28,105,0,0,,,39,0,0.0,,0,2,49,45,4,0,0,,91,51.41,0,0,0,145,24,22,0,19,1715,1,,1,0,0,0,0.0,0,0,0,0,221,1,0,6.6,0,0,0,0,0,0,0,0,0.0,0.0,0,9,2,8,1,16,57.14,0,60,28,46.67,22,51,28,26,118,52.91,46,445,359,778,158.4,11,0,1214,15,11,0,Junior Firpo,Leeds United,914835,34,england,2122
0,0,0.0,6,0,0.0,7,1,8,66.67,0,0.0,0,1,0,0,0,0,,0,0,1,0,0,1,0,0,0,1,1,0,0,,,0,0,0.0,,0,0,1,1,0,0,0,,1,50.0,0,0,0,4,0,1,0,0,19,0,,0,0,0,0,0.0,0,0,0,0,4,0,0,6.6,0,0,0,0,0,0,0,0,0.0,0.0,0,1,0,0,0,0,0.0,0,1,0,0.0,1,0,0,0,1,50.0,0,10,2,12,6.6,1,0,16,0,0,0,Reiss Nelson,Arsenal,826139,42,england,2122
0,0,0.0,2,0,0.0,3,2,5,100.0,0,0.0,0,1,0,0,0,0,,0,0,0,0,0,1,0,0,0,0,0,0,0,,,0,0,0.0,,0,0,0,0,0,0,0,,1,100.0,0,0,0,0,0,0,0,0,15,0,,0,0,0,0,0.0,0,0,0,0,0,0,0,6.6,0,0,0,0,0,0,0,0,0.0,0.0,0,0,0,0,0,0,0.0,0,0,0,0.0,0,0,0,0,1,100.0,0,3,2,5,6.6,0,0,7,1,0,0,Shola Shoretire,Manchester United,966655,35,england,2122
0,0,0.0,1,0,0.0,4,3,7,58.33,2,33.33,4,1,0,0,0,0,,0,0,0,0,1,1,0,0,1,0,5,0,0,,,0,0,0.0,,0,0,0,0,0,0,0,,0,0.0,0,0,0,5,0,0,0,1,62,0,,0,0,0,0,0.0,0,0,0,0,7,0,0,6.6,0,0,0,0,0,0,0,0,0.0,0.0,0,0,0,0,0,0,0.0,0,0,0,0.0,0,0,0,0,2,28.57,0,9,3,12,6.6,0,0,19,0,0,0,Ellis Simms,Everton,991614,48,england,2122
0,0,0.0,3,1,100.0,3,3,6,100.0,0,0.0,0,1,0,0,0,0,,0,0,0,0,1,1,0,0,0,0,0,0,0,,,0,0,0.0,,0,0,1,0,1,0,0,,0,0.0,0,0,0,0,1,0,0,0,12,0,,0,0,0,0,0.0,0,0,0,0,0,0,0,6.6,0,0,0,0,0,0,0,0,0.0,0.0,0,0,0,0,0,0,0.0,0,0,0,0.0,0,0,0,0,0,0.0,1,3,3,6,6.6,0,0,10,0,0,0,Harrison Ashby,West Ham United,1084284,37,england,2122
0,0,0.0,6,0,0.0,7,1,8,88.89,0,0.0,1,1,0,0,0,0,,0,0,0,0,0,1,0,0,0,0,1,0,0,,,0,0,0.0,,0,0,0,0,0,0,0,,1,100.0,0,0,0,1,0,0,0,0,12,0,,0,0,0,0,0.0,0,0,0,0,1,0,0,6.6,0,0,0,0,0,0,0,0,0.0,0.0,0,0,0,0,0,0,0.0,0,1,1,100.0,0,0,0,0,1,50.0,0,8,1,9,6.6,0,0,11,0,0,0,Chem Campbell,Wolverhampton,1177311,3,england,2122
1,0,0.0,2,0,0.0,4,0,4,44.44,1,25.0,3,2,0,0,0,0,,0,0,0,0,1,2,0,0,0,0,5,0,0,,,0,0,0.0,,0,0,1,1,0,0,0,,2,50.0,0,0,0,5,0,0,0,1,70,1,,0,0,0,0,0.0,0,0,0,0,11,1,0,6.6,0,0,0,0,0,0,0,0,0.0,0.0,0,2,1,3,0,0,0.0,0,1,1,100.0,0,2,2,0,3,37.5,0,8,1,9,13.2,3,0,23,1,0,0,Folarin Balogun,Arsenal,934237,42,england,2122
10,0,0.0,3,22,36.67,13,50,63,62.38,3,75.0,1,4,0,0,0,0,,0,0,0,1,5,4,0,0,0,0,1,0,0,,,0,0,0.0,,0,0,9,8,1,0,0,0.54,1,100.0,0,5,0,38,0,0,0,4,360,0,,0,0,0,0,0.0,0,0,0,0,39,0,4,6.6,0,0,0,8,2,10,0,2,0.0,0.0,0,0,0,0,0,0,0.0,0,1,1,100.0,0,26,0,0,4,80.0,60,43,58,101,26.4,0,0,138,0,0,0,Bernd Leno,Arsenal,103335,42,england,2122
6,0,0.0,37,5,55.56,72,55,127,84.11,3,42.86,4,8,0,0,0,0,,0,0,1,0,2,8,0,0,8,11,32,0,0,,,4,0,0.0,,0,0,15,15,0,0,0,,32,53.33,0,0,0,24,3,2,0,5,440,2,,0,0,0,0,0.0,0,0,0,0,56,4,0,6.6,0,0,0,0,0,0,0,0,0.0,0.0,0,0,5,4,0,5,50.0,0,15,13,86.67,2,11,10,3,35,52.24,9,91,63,151,52.8,5,0,234,12,2,0,Todd Cantwell,Norwich City,907070,263,england,2122
4,1,12.5,15,1,20.0,44,39,82,69.49,3,50.0,3,8,0,0,0,0,,0,0,0,1,7,6,0,0,4,5,19,0,0,,,5,0,0.0,,0,0,5,5,0,0,0,,18,52.94,0,0,0,36,6,1,0,4,322,1,,0,0,0,0,0.0,0,0,0,0,60,0,0,6.6,0,0,0,0,0,0,0,0,0.0,0.0,0,1,0,1,0,4,57.14,0,10,6,60.0,1,5,7,8,21,52.5,5,71,55,118,39.6,1,0,211,4,1,0,Ki-Jana Hoever,Wolverhampton,954044,3,england,2122
46,0,0.0,33,67,46.85,127,337,464,77.2,24,51.06,23,17,0,0,0,0,,0,0,0,0,81,17,0,0,0,5,42,1,0,,,13,0,0.0,,0,0,30,26,4,0,0,,21,52.5,0,0,0,137,7,1,0,15,1388,1,,0,0,0,1,0.0,0,0,0,0,144,1,0,6.59,0,0,0,0,0,0,0,0,0.0,0.0,0,1,1,2,0,1,50.0,0,18,9,50.0,1,99,2,0,45,51.72,143,222,379,601,112.1,2,0,762,2,3,0,William Troost-Ekong,Watford,338991,24,england,2122
14,27,21.09,139,21,50.0,235,117,325,70.81,12,30.0,28,31,2,0,0,0,,1,3,12,1,22,31,0,0,38,19,163,0,0,,,23,0,2.27,,1,3,56,51,5,0,1,,94,41.05,0,0,1,134,15,37,0,25,2236,13,,0,1,0,0,0.0,0,0,0,0,407,14,0,6.59,0,1,0,0,0,0,0,0,2236.0,0.0,7,17,27,15,17,16,21.92,0,31,19,61.29,36,31,73,128,106,39.41,42,438,149,459,204.4,44,0,1015,47,0,0,Milot Rashica,Norwich City,800411,263,england,2122
1,0,0.0,7,3,100.0,13,9,22,61.11,2,22.22,7,7,1,0,0,0,,1,0,3,0,0,7,0,0,1,2,16,0,0,,,3,0,0.0,,0,1,4,3,1,0,0,,5,35.71,0,0,0,14,1,1,0,1,209,0,,0,0,0,0,0.0,0,0,0,0,29,0,0,6.59,0,0,0,0,0,0,0,0,0.0,0.0,0,3,2,2,0,1,25.0,0,3,3,100.0,1,2,4,1,7,30.43,3,28,9,36,46.1,5,0,71,1,0,0,Marcus Forss,Brentford,944201,50,england,2122
20,6,8.7,154,11,14.67,258,125,377,70.6,16,40.0,24,20,1,0,0,0,,1,1,5,3,38,20,0,0,9,13,86,0,0,,,31,0,0.0,,0,1,33,29,4,0,0,,58,48.33,0,0,2,157,17,8,0,18,1633,0,,0,0,0,0,0.0,0,0,0,0,326,6,0,6.59,0,0,0,0,0,0,0,0,0.0,0.0,0,12,7,11,3,8,44.44,0,34,22,64.71,8,54,18,69,74,46.25,75,423,180,534,131.7,19,0,995,16,3,0,Romain Perraud,Southampton,827519,45,england,2122
6,3,7.5,81,7,31.82,158,92,247,73.51,7,25.0,21,28,0,0,0,0,,0,0,4,2,8,27,0,0,13,24,94,0,0,,,19,0,16.67,,2,2,25,21,4,2,0,,66,47.48,0,0,0,89,9,9,0,17,1558,4,,0,0,0,1,0.0,0,0,0,0,188,10,0,6.58,0,2,0,0,0,0,0,0,779.0,0.0,0,8,4,4,4,13,43.33,0,33,17,51.52,9,16,30,40,73,43.71,22,258,118,336,177.7,12,0,601,20,2,0,Aaron Lennon,Burnley,9692,6,england,2122
1,0,0.0,64,6,60.0,138,92,230,87.12,2,66.67,1,9,1,0,0,0,,1,0,4,0,1,9,0,0,20,7,40,0,0,,,3,0,11.11,,1,2,11,10,1,1,0,,30,43.48,0,0,0,34,1,4,0,6,493,0,,0,0,0,0,0.0,0,0,0,0,87,4,0,6.58,0,1,0,0,0,0,0,0,493.0,0.0,0,6,3,2,3,11,55.0,0,10,7,70.0,4,4,20,3,32,44.44,10,168,99,264,59.2,9,0,380,9,1,0,Tanguy Ndombélé,Tottenham Hotspur,845486,33,england,2122
3,0,0.0,4,3,23.08,14,54,68,80.0,6,75.0,2,4,0,0,0,0,,0,0,0,0,10,4,0,0,1,1,7,0,0,,,2,0,0.0,,0,0,4,4,0,0,0,,5,50.0,0,0,0,17,3,0,0,3,217,0,,1,0,0,0,0.0,0,0,0,0,23,1,0,6.58,0,0,0,0,0,0,0,0,0.0,0.0,0,0,0,0,0,0,0.0,0,5,4,80.0,0,8,1,0,11,61.11,13,22,63,85,26.3,0,0,117,0,1,0,Eric Bailly,Manchester United,606346,35,england,2122
6,5,21.74,35,6,50.0,61,42,98,74.24,1,11.11,8,12,0,0,0,0,,1,0,1,0,4,12,0,0,11,5,34,0,1,,,1,0,0.0,,0,0,12,9,3,0,0,,20,43.48,0,0,0,34,2,4,0,6,519,0,,0,0,0,0,0.0,0,0,0,0,85,1,0,6.58,0,0,0,0,0,0,0,0,0.0,0.0,0,6,2,0,7,10,52.63,0,4,3,75.0,4,10,19,23,21,38.18,12,96,59,132,78.9,8,0,249,6,1,0,Przemysław Płacheta,Norwich City,862859,263,england,2122
5,3,21.43,39,2,66.67,61,28,86,76.79,10,41.67,14,11,1,0,0,0,,1,0,1,1,2,11,0,0,7,5,41,0,0,,,8,0,12.5,,1,2,8,7,1,1,0,,14,34.15,0,0,0,26,1,5,0,4,408,2,,0,0,1,0,100.0,0,1,0,0,76,4,0,6.57,0,1,0,0,0,0,0,0,408.0,0.0,0,4,4,4,3,4,36.36,0,5,5,100.0,5,5,11,14,24,36.92,3,93,33,112,72.3,8,0,211,5,2,0,Anwar El Ghazi,Everton,362470,48,england,2122
30,19,25.68,212,34,28.57,407,373,761,74.39,27,40.3,40,34,0,0,0,0,,2,1,3,7,56,34,0,0,34,22,148,0,1,,,20,0,21.43,,3,3,41,33,8,3,0,,82,43.16,2,0,0,262,26,18,1,33,2784,1,,0,0,0,1,0.0,0,0,0,0,451,14,0,6.57,0,0,0,0,0,0,0,0,928.0,0.0,0,9,5,6,5,27,45.0,0,28,20,71.43,18,79,60,74,109,42.41,119,643,454,1023,223.3,14,0,1626,27,2,0,Rico Henry,Brentford,599128,50,england,2122
0,0,0.0,8,0,0.0,11,2,13,81.25,1,50.0,1,8,0,0,0,0,,1,0,0,0,0,3,0,0,0,1,4,0,0,,,2,0,0.0,,0,0,0,0,0,0,0,,3,50.0,0,0,0,3,1,2,0,0,48,0,,0,0,0,0,0.0,0,0,0,0,4,0,0,6.57,0,0,0,0,0,0,0,0,0.0,0.0,0,2,0,2,0,0,0.0,0,1,0,0.0,2,0,0,0,4,50.0,0,12,4,16,19.7,2,0,24,2,1,0,Dwight Gayle,Newcastle United,232118,39,england,2122
1,2,28.57,27,3,27.27,50,24,72,75.0,3,21.43,11,14,0,0,0,0,,1,0,3,0,1,12,0,0,4,7,26,0,0,,,2,0,0.0,,0,0,9,9,0,0,0,,9,37.5,0,0,0,24,1,8,0,3,337,2,,0,0,0,0,0.0,0,0,0,0,45,4,0,6.57,0,0,0,0,0,0,0,0,0.0,0.0,0,4,2,1,2,0,0.0,0,5,3,60.0,8,4,2,7,12,31.58,11,74,29,96,78.8,6,0,147,4,0,0,Christos Tzolis,Norwich City,1031259,263,england,2122
0,1,25.0,23,1,6.25,49,53,101,72.66,11,55.0,9,5,0,0,0,0,,1,0,0,1,16,5,0,0,2,5,23,0,1,,,3,0,0.0,,0,0,7,6,1,0,0,,12,46.15,0,0,0,38,6,1,0,3,369,0,,0,0,0,0,0.0,0,0,0,0,55,1,0,6.56,0,0,0,0,0,0,0,0,0.0,0.0,0,0,2,2,0,1,20.0,0,8,6,75.0,1,12,5,4,23,50.0,16,75,68,139,32.8,2,0,223,3,0,0,Yan Valery,Southampton,826202,45,england,2122
6,1,4.55,128,5,38.46,223,77,299,76.08,10,27.03,27,25,2,0,0,0,,3,2,5,1,4,25,0,0,26,11,107,0,1,,,13,0,18.18,,4,6,28,25,3,4,0,,46,36.51,0,0,0,94,5,9,0,13,1232,15,,0,0,0,0,0.0,0,0,0,0,224,7,0,6.56,0,4,0,0,0,0,0,0,308.0,0.0,1,16,6,5,12,22,41.51,0,6,5,83.33,9,10,53,22,56,34.36,13,319,96,393,163.9,22,0,639,18,2,0,Marcus Rashford,Manchester United,814590,35,england,2122
12,0,0.0,19,15,32.61,73,276,349,81.35,22,44.0,28,11,0,0,0,0,,0,1,1,2,25,11,0,0,6,4,51,0,0,,,10,0,0.0,,0,0,25,22,3,0,0,,36,61.02,0,0,0,80,16,2,0,11,924,1,,0,0,0,2,0.0,0,0,0,0,97,0,0,6.55,0,0,0,0,0,0,0,0,0.0,0.0,0,2,2,1,2,16,80.0,0,10,5,50.0,2,35,20,1,58,53.21,46,120,310,429,72.1,4,0,563,10,2,0,Ozan Kabak,Norwich City,857740,263,england,2122
11,2,33.33,79,10,52.63,176,106,280,76.5,16,45.71,19,21,0,0,0,0,,2,1,2,3,23,19,0,0,25,16,105,0,0,,,21,0,14.29,,1,1,23,21,2,1,0,,56,39.44,0,0,0,86,12,10,0,9,988,4,,0,1,1,0,100.0,0,1,0,1,172,6,0,6.55,0,1,0,0,0,0,0,0,988.0,0.0,0,5,2,2,3,17,41.46,0,21,10,47.62,9,26,41,6,72,40.68,19,237,135,366,124.5,7,0,624,18,4,0,Dele Alli,Everton,198028,48,england,2122
4,0,0.0,10,29,43.94,26,8,34,47.89,2,100.0,0,2,0,0,0,0,,0,0,0,0,1,2,0,0,0,0,0,0,1,,,0,0,0.0,,0,0,6,4,2,0,0,0.0,0,0.0,0,0,0,37,1,3,0,2,180,0,,0,0,0,0,0.0,0,0,0,0,38,0,1,6.55,0,0,1,5,3,8,0,2,0.0,0.0,0,0,0,0,0,0,0.0,1,0,0,0.0,3,6,0,0,2,100.0,66,60,11,71,13.1,0,0,90,1,0,0,Wayne Hennessey,Burnley,16620,6,england,2122
2,1,16.67,49,3,75.0,80,37,116,62.37,38,40.43,56,20,1,0,0,0,,0,2,6,1,10,19,0,1,10,10,94,0,0,,,12,0,4.76,,1,2,16,15,1,1,0,,14,26.92,0,0,0,70,0,8,0,8,793,5,,0,0,0,0,0.0,0,0,0,0,117,5,0,6.55,1,1,0,0,0,0,0,0,793.0,0.0,0,20,1,9,6,4,40.0,0,6,1,16.67,8,3,10,6,52,35.62,4,143,49,186,124.4,21,0,304,4,3,0,Salomón Rondón,Everton,35532,48,england,2122
12,1,33.33,84,11,45.83,157,164,320,83.33,5,33.33,10,19,0,0,0,0,,2,0,4,0,6,19,0,0,19,11,56,0,0,,,7,0,0.0,,0,0,16,15,1,0,0,,35,43.21,0,0,0,64,9,9,0,7,771,0,,0,0,0,0,0.0,0,0,0,0,118,3,0,6.55,0,0,0,0,0,0,0,0,0.0,0.0,0,5,7,6,2,18,66.67,0,9,4,44.44,9,26,27,3,40,41.67,24,204,183,384,124.4,12,0,537,8,0,0,Lukas Rupp,Norwich City,56601,263,england,2122
10,9,25.71,57,10,26.32,111,97,199,67.0,12,32.43,25,21,1,0,0,0,,2,0,1,1,26,21,0,0,4,18,75,0,0,,,18,0,20.0,,1,2,27,26,1,1,0,,35,41.18,0,0,0,98,16,7,1,12,1237,2,,0,0,0,1,0.0,0,0,0,0,155,3,0,6.54,0,0,0,0,0,0,0,0,1237.0,0.0,0,3,2,2,2,4,26.67,0,23,12,52.17,7,32,15,35,47,38.52,38,191,141,297,137.4,5,1,510,8,1,0,Mads Roerslev,Brentford,826057,50,england,2122
1,1,25.0,18,0,0.0,27,21,47,71.21,1,11.11,8,13,1,0,0,0,,0,0,0,0,1,13,0,0,10,1,31,0,0,,,3,0,0.0,,0,1,5,5,0,0,0,,14,37.84,0,0,1,19,3,5,0,0,226,1,,0,0,0,0,0.0,0,0,0,0,50,2,0,6.54,0,0,0,0,0,0,0,0,0.0,0.0,0,2,1,1,2,4,30.77,0,3,2,66.67,5,1,13,4,15,32.61,3,45,25,66,85.0,3,0,135,7,0,0,Jonathan Rowe,Norwich City,1065261,263,england,2122
7,0,0.0,5,10,41.67,34,173,207,86.25,13,52.0,12,9,0,0,0,0,,0,0,1,1,12,8,0,0,0,3,18,0,1,,,3,0,0.0,,0,0,10,8,2,0,0,,8,57.14,0,0,0,33,5,0,0,6,517,0,,0,0,0,0,0.0,0,0,0,0,37,0,0,6.54,0,0,0,0,0,0,0,0,0.0,0.0,0,2,0,0,1,0,0.0,0,5,3,60.0,0,17,0,1,21,53.85,24,60,181,240,52.3,2,0,285,3,1,0,Axel Tuanzebe,Aston Villa,817979,40,england,2122
21,10,43.48,84,18,33.96,162,114,266,73.68,9,45.0,11,15,1,0,0,0,,0,0,2,1,26,14,0,0,3,8,35,0,0,,,9,0,0.0,,0,1,24,21,3,0,0,,27,52.94,0,0,1,95,20,11,0,11,1017,1,,0,0,0,0,0.0,0,0,0,0,144,3,0,6.54,1,0,0,0,0,0,0,0,0.0,0.0,0,2,3,3,0,4,44.44,0,17,7,41.18,11,51,9,23,36,50.7,53,247,137,361,91.5,5,0,602,6,1,1,Jonjoe Kenny,Everton,361310,48,england,2122
0,0,0.0,30,2,66.67,59,39,98,81.67,7,43.75,9,12,1,0,0,0,,1,1,3,0,2,12,0,0,6,2,24,0,1,,,3,0,0.0,,0,1,6,6,0,0,0,,22,59.46,0,0,0,22,2,2,0,2,307,0,,0,0,0,0,0.0,0,0,0,0,45,1,0,6.53,0,0,0,0,0,0,0,0,0.0,0.0,0,2,2,0,1,6,60.0,0,7,1,14.29,2,1,10,0,29,54.72,3,73,47,120,78.4,4,0,187,9,0,0,Carney Chukwuemeka,Aston Villa,994556,40,england,2122
1,0,0.0,2,8,50.0,17,62,79,77.45,13,65.0,7,6,0,0,0,0,,0,0,0,0,19,6,0,0,0,1,12,0,0,,,4,0,0.0,,0,0,7,7,0,0,0,,5,50.0,0,0,0,23,1,0,0,4,413,1,,0,0,0,0,0.0,0,0,0,0,25,0,0,6.53,0,0,0,0,0,0,0,0,0.0,0.0,0,4,0,4,0,0,0.0,0,3,2,66.67,0,6,0,0,18,60.0,16,29,73,102,39.2,4,0,144,3,1,0,Kevin Long,Burnley,96116,6,england,2122
2,1,6.67,65,3,50.0,107,58,164,80.79,5,41.67,7,19,0,0,0,0,,0,0,3,0,1,17,0,0,9,15,48,0,0,,,8,0,14.29,,1,1,10,8,2,1,0,,36,46.75,0,0,0,39,2,9,0,6,566,3,,0,0,0,0,0.0,0,0,0,0,83,3,0,6.52,0,1,0,0,0,0,0,0,566.0,0.0,0,3,4,1,3,9,50.0,0,11,7,63.64,9,5,18,15,41,46.07,6,144,74,203,110.9,7,0,313,16,0,0,Nikola Vlašić,West Ham United,357596,37,england,2122
31,0,0.0,80,32,43.24,181,359,540,77.36,45,50.0,45,20,0,0,0,0,,0,1,4,1,43,20,0,0,6,25,100,0,0,,,22,0,0.0,,0,0,40,36,4,0,0,,36,39.56,0,0,1,158,20,5,0,17,1574,0,,0,0,0,0,0.0,0,0,0,0,188,4,0,6.52,0,0,0,0,0,0,0,0,0.0,0.0,0,10,3,8,1,5,62.5,0,21,13,61.9,5,67,8,4,81,44.75,74,264,438,698,130.3,13,0,915,10,3,0,Robin Koch,Leeds United,581302,34,england,2122
68,0,0.0,56,213,32.37,168,186,354,44.03,6,66.67,3,26,1,0,0,0,,0,0,0,4,15,26,1,0,0,3,7,3,1,,,1,0,0.0,,0,1,49,41,8,0,0,-9.28,4,50.0,0,17,0,450,0,1,0,26,2340,0,,0,0,0,1,0.0,4,0,1,0,458,0,6,6.51,0,0,7,48,20,70,0,16,0.0,0.0,0,0,0,0,0,1,100.0,7,0,0,0.0,1,160,1,0,10,58.82,658,564,240,804,169.3,0,0,1003,3,0,0,Ben Foster,Watford,10599,24,england,2122
22,3,37.5,99,25,43.86,244,178,419,74.16,26,55.32,21,20,0,0,0,0,,0,0,3,6,27,20,0,0,20,13,91,0,1,,,31,0,14.29,,1,1,26,24,2,1,0,,37,34.58,1,0,0,146,17,6,0,20,1676,1,,0,0,0,0,0.0,0,0,0,0,200,4,0,6.51,0,0,0,0,0,0,0,0,1676.0,0.0,0,5,2,2,2,7,53.85,0,20,6,30.0,6,46,13,8,63,40.91,57,364,209,565,130.1,7,0,772,10,4,0,Jack Cork,Burnley,20993,6,england,2122
10,9,23.68,97,10,41.67,153,70,214,73.04,8,21.62,29,19,1,0,0,0,,2,2,1,1,4,16,0,0,15,23,92,0,0,,,19,0,12.5,,1,2,24,23,1,1,0,,29,31.52,1,0,0,79,7,16,0,11,913,0,,0,0,0,0,0.0,0,0,0,0,148,8,0,6.5,0,0,0,0,0,0,0,0,913.0,0.0,3,4,4,5,2,7,50.0,0,18,7,38.89,16,26,14,38,37,28.68,24,246,85,293,104.0,8,1,446,4,0,0,Kieran Dowell,Norwich City,784503,263,england,2122
1,0,0.0,4,1,100.0,5,1,6,100.0,0,0.0,0,1,0,0,0,0,,0,0,1,0,0,1,0,0,0,0,0,0,0,,,0,0,0.0,,0,0,1,1,0,0,0,,1,100.0,0,0,0,0,0,0,0,0,10,0,,0,0,0,0,0.0,0,0,0,0,2,0,0,6.5,0,0,0,0,0,0,0,0,0.0,0.0,0,0,1,0,0,1,100.0,0,0,0,0.0,0,1,1,0,1,100.0,1,5,1,6,6.5,1,0,11,0,0,0,Mahmoud Trézéguet,Aston Villa,295361,40,england,2122
0,1,100.0,0,0,0.0,4,1,4,80.0,0,0.0,2,1,0,0,0,0,,0,0,0,0,0,1,0,0,0,0,2,0,0,,,0,0,0.0,,0,0,1,1,0,0,0,,0,0.0,0,0,0,1,0,0,0,0,22,0,,0,0,0,0,0.0,0,0,0,0,2,1,0,6.5,0,0,0,0,0,0,0,0,0.0,0.0,0,0,0,0,0,0,0.0,0,0,0,0.0,0,0,0,1,0,0.0,0,5,1,5,6.5,0,0,7,0,0,0,Evan Ferguson,Brighton & Hove Albion,999231,30,england,2122
0,0,0.0,0,0,0.0,1,0,1,100.0,0,0.0,1,1,0,0,0,0,,0,0,0,0,0,1,0,0,0,0,1,0,0,,,0,0,0.0,,0,0,0,0,0,0,0,,0,0.0,0,0,0,0,0,0,0,0,9,0,,0,0,0,0,0.0,0,0,0,0,1,0,0,6.5,0,0,0,0,0,0,0,0,0.0,0.0,0,0,0,0,0,0,0.0,0,0,0,0.0,0,0,0,0,0,0.0,0,1,0,1,6.5,0,0,3,0,0,0,Cenk Tosun,Everton,72127,48,england,2122
0,0,0.0,1,0,0.0,2,0,2,100.0,0,0.0,0,1,0,0,0,0,,0,0,0,0,0,1,0,0,0,0,1,0,0,,,1,0,0.0,,0,0,0,0,0,0,0,,0,0.0,0,0,0,0,0,0,0,0,10,0,,0,0,0,0,0.0,0,0,0,0,1,0,0,6.5,0,0,0,0,0,0,0,0,0.0,0.0,0,0,0,0,0,0,0.0,0,0,0,0.0,0,0,0,0,0,0.0,0,2,0,2,6.5,0,0,3,0,0,0,Kayky,Manchester City,1106151,17,england,2122
0,1,11.11,19,1,33.33,37,35,71,92.21,0,0.0,3,1,0,0,0,0,,1,0,0,0,0,1,0,0,0,4,10,0,0,,,2,0,0.0,,0,0,1,0,1,0,0,,4,36.36,0,0,0,6,0,2,0,1,79,0,,0,0,0,0,0.0,0,0,0,0,16,0,0,6.5,0,0,0,0,0,0,0,0,0.0,0.0,0,0,0,0,0,2,66.67,0,2,2,100.0,2,0,3,9,4,28.57,3,50,36,77,6.5,0,0,103,0,0,0,Benjamin Mendy,Manchester City,139225,17,england,2122
0,0,0.0,0,0,0.0,0,1,1,100.0,0,0.0,0,1,0,0,0,0,,0,0,0,0,0,1,0,0,1,0,2,0,0,,,1,0,0.0,,0,0,0,0,0,0,0,,1,33.33,0,0,0,0,0,0,0,0,22,0,,0,0,0,0,0.0,0,0,0,0,2,0,0,6.5,0,0,0,0,0,0,0,0,0.0,0.0,0,0,1,1,0,0,0.0,0,0,0,0.0,0,0,0,0,1,33.33,0,0,1,1,6.5,1,0,5,1,0,0,Jürgen Locadia,Brighton & Hove Albion,97409,30,england,2122
0,0,0.0,0,0,0.0,0,0,0,0.0,1,100.0,0,1,0,0,0,0,,0,0,0,0,0,1,0,0,0,0,0,0,0,,,0,0,0.0,,0,0,0,0,0,0,0,,0,0.0,0,0,0,1,0,0,0,0,8,0,,0,0,0,0,0.0,0,0,0,0,1,0,0,6.5,0,0,0,0,0,0,0,0,0.0,0.0,0,0,0,0,0,0,0.0,0,0,0,0.0,0,0,0,0,1,100.0,0,1,0,1,6.5,0,0,1,0,0,0,Sonny Perkins,West Ham United,1142344,37,england,2122
0,0,0.0,0,0,0.0,0,2,2,66.67,0,0.0,0,1,0,0,0,0,,0,0,0,0,0,1,0,0,0,0,0,0,0,,,0,0,0.0,,0,0,0,0,0,0,0,,0,0.0,0,0,0,1,0,0,0,0,8,0,,0,0,0,0,0.0,0,0,0,0,2,0,0,6.5,0,0,0,0,0,0,0,0,0.0,0.0,0,0,0,0,0,0,0.0,0,0,0,0.0,0,1,0,0,0,0.0,0,1,2,3,6.5,0,0,5,0,0,0,Stuart McKinstry,Leeds United,944184,34,england,2122
0,0,0.0,4,0,0.0,5,2,7,77.78,0,0.0,2,2,0,0,0,0,,0,0,1,0,0,2,0,0,0,0,4,0,0,,,2,0,0.0,,0,0,0,0,0,0,0,,0,0.0,0,0,0,2,0,0,0,0,18,0,,0,0,0,0,0.0,0,0,0,0,3,0,0,6.5,0,0,0,0,0,0,0,0,0.0,0.0,0,2,0,1,0,0,0.0,0,0,0,0.0,0,0,0,1,0,0.0,0,7,3,9,13.0,2,0,14,0,1,0,Morgan Gibbs-White,Wolverhampton,865912,3,england,2122
2,0,0.0,0,3,75.0,6,23,29,82.86,2,50.0,2,3,0,0,0,0,,0,0,0,0,7,2,0,0,0,0,2,0,0,,,0,0,0.0,,0,0,3,3,0,0,0,,1,100.0,0,0,0,6,0,0,0,0,87,0,,0,0,0,0,0.0,0,0,0,0,6,0,0,6.5,0,0,0,0,0,0,0,0,0.0,0.0,0,0,0,0,0,0,0.0,0,0,0,0.0,0,2,0,0,3,60.0,4,9,26,35,13.0,0,0,46,1,0,0,Joe Rodon,Tottenham Hotspur,828640,33,england,2122
1,1,50.0,7,1,25.0,18,28,45,84.91,0,0.0,2,3,0,0,0,0,,0,0,0,0,1,3,0,0,1,1,6,0,0,,,1,0,0.0,,0,0,5,2,3,0,0,,2,33.33,0,0,0,8,1,2,0,1,116,0,,0,0,0,0,0.0,0,0,0,0,12,2,0,6.5,0,0,0,0,0,0,0,0,0.0,0.0,0,0,0,0,0,1,50.0,0,1,1,100.0,2,4,2,2,2,25.0,4,23,32,53,19.5,0,0,67,0,0,0,Jaïro Riedewald,Crystal Palace,285989,7,england,2122
3,0,0.0,3,4,21.05,13,62,75,72.12,6,66.67,3,5,0,0,0,0,,0,0,0,0,6,3,0,0,0,0,6,0,0,,,3,0,0.0,,0,0,4,4,0,0,0,,5,62.5,0,0,0,29,2,0,0,1,148,1,,0,0,0,0,0.0,0,0,0,0,32,0,0,6.5,0,0,0,0,0,0,0,0,0.0,0.0,0,1,0,1,0,0,0.0,0,5,2,40.0,0,10,0,1,11,64.71,19,39,66,104,19.5,1,0,125,0,1,0,Charlie Cresswell,Leeds United,1020744,34,england,2122
0,0,0.0,3,0,0.0,11,3,14,73.68,2,28.57,5,4,0,0,0,0,,1,1,1,0,0,4,0,0,2,1,10,0,0,,,0,0,0.0,,0,0,1,1,0,0,0,,6,54.55,0,0,0,5,0,1,0,1,155,0,,0,0,0,0,0.0,0,0,0,0,11,1,0,6.48,0,0,0,0,0,0,0,0,0.0,0.0,0,1,1,1,0,0,0.0,0,0,0,0.0,1,0,2,0,8,44.44,0,16,3,19,25.9,2,0,37,6,0,0,Aaron Connolly,Brighton & Hove Albion,895579,30,england,2122
23,0,0.0,22,78,45.35,67,60,127,57.47,2,100.0,0,8,0,0,0,0,,0,0,0,0,8,8,0,0,0,0,1,1,0,,,1,0,0.0,,0,0,15,14,1,0,0,0.0,1,50.0,0,4,0,94,0,0,0,8,720,0,,0,0,0,1,0.0,2,0,0,0,95,0,3,6.48,0,0,2,10,13,24,3,2,0.0,0.0,0,0,0,0,0,0,0.0,2,0,0,0.0,0,45,0,0,3,75.0,172,148,73,221,51.8,0,1,294,1,1,0,Karl Darlow,Newcastle United,123689,39,england,2122
5,13,41.94,35,7,28.0,76,59,122,64.89,12,34.29,23,18,0,0,0,0,,2,0,2,2,10,17,0,0,25,11,88,0,0,,,15,0,0.0,,0,0,16,15,1,0,0,,35,35.0,0,0,0,66,5,12,0,7,870,0,,0,0,0,0,0.0,0,0,0,0,144,2,0,6.47,0,0,0,0,0,0,0,0,0.0,0.0,1,1,2,0,1,12,44.44,0,16,6,37.5,12,15,27,31,47,34.81,25,143,76,188,110.0,3,0,375,7,1,0,Ken Sema,Watford,319847,24,england,2122
0,0,0.0,26,2,33.33,37,21,58,71.6,4,50.0,4,9,0,0,0,0,,0,2,2,0,2,8,0,0,1,4,12,0,0,,,1,0,0.0,,0,0,8,7,1,0,0,,11,57.89,0,0,0,23,5,1,0,5,379,2,,0,0,0,0,0.0,0,0,0,0,41,1,0,6.46,0,0,0,0,0,0,0,0,0.0,0.0,0,4,2,4,0,1,33.33,0,4,2,50.0,1,6,3,5,15,55.56,6,56,30,81,51.7,6,0,135,6,0,0,Theo Walcott,Southampton,10501,45,england,2122
3,0,0.0,11,4,33.33,29,33,62,78.48,1,20.0,4,5,0,0,0,0,,0,0,0,1,8,5,0,0,7,1,17,0,0,,,2,0,0.0,,0,0,4,4,0,0,0,,10,43.48,0,0,0,17,3,1,0,4,266,0,,0,0,0,0,0.0,0,0,0,0,36,1,0,6.46,0,0,0,0,0,0,0,0,0.0,0.0,0,0,0,0,0,0,0.0,0,8,6,75.0,1,7,3,3,11,39.29,12,40,42,79,32.3,0,0,144,2,1,0,Jamal Lewis,Newcastle United,891803,39,england,2122
5,0,0.0,34,2,40.0,62,31,93,68.38,9,24.32,28,22,0,0,0,0,,1,4,5,0,1,17,0,0,14,8,74,0,0,,,13,0,0.0,,0,0,7,6,1,0,0,,17,26.98,0,0,0,43,1,3,0,6,587,4,,0,0,0,0,0.0,0,0,0,0,90,3,0,6.46,0,0,0,0,0,0,0,0,0.0,0.0,0,16,3,8,6,7,36.84,0,3,2,66.67,3,7,19,2,26,26.0,5,96,42,136,109.8,19,0,233,7,0,0,Fábio Silva,Wolverhampton,954076,3,england,2122
2,0,0.0,10,1,33.33,16,14,30,85.71,2,40.0,3,2,0,0,0,0,,0,0,0,0,0,2,0,0,0,2,6,0,0,,,1,0,0.0,,0,0,1,1,0,0,0,,0,0.0,0,0,0,5,3,0,0,1,70,0,,0,0,0,0,0.0,0,0,0,0,7,0,0,6.45,0,0,0,0,0,0,0,0,0.0,0.0,0,0,0,0,0,0,0.0,0,0,0,0.0,0,4,0,0,2,25.0,3,20,15,35,12.9,0,0,41,0,1,0,Tyler Morton,Liverpool,979118,44,england,2122
0,0,0.0,1,2,16.67,1,17,18,62.07,1,100.0,0,2,0,0,0,0,,0,0,0,0,3,2,0,0,0,0,0,0,0,,,0,0,0.0,,0,0,3,3,0,0,0,-0.08,0,0.0,0,0,0,11,0,0,0,1,135,0,,0,0,0,0,0.0,0,0,0,0,11,0,0,6.45,0,0,2,3,1,4,0,0,0.0,0.0,0,0,0,0,0,0,0.0,2,0,0,0.0,0,1,0,0,1,100.0,12,9,20,29,12.9,0,0,41,0,0,0,John Ruddy,Wolverhampton,1131,3,england,2122
0,0,0.0,3,0,0.0,3,0,3,50.0,1,12.5,7,3,0,0,0,0,,0,1,0,0,0,2,0,0,1,0,8,0,0,,,1,0,0.0,,0,0,0,0,0,0,0,,2,66.67,0,0,0,3,0,0,0,0,28,0,,0,0,0,0,0.0,0,0,0,0,6,1,0,6.45,0,0,0,0,0,0,0,0,0.0,0.0,0,1,1,1,1,0,0.0,0,2,1,50.0,0,0,0,1,3,27.27,0,7,0,6,12.9,2,0,14,0,0,0,Ashley Fletcher,Watford,353224,24,england,2122
2,2,16.67,28,3,42.86,57,63,118,81.38,1,11.11,8,4,0,0,0,0,,0,0,0,0,6,4,0,0,4,3,18,0,0,,,3,0,0.0,,0,0,7,7,0,0,0,,9,47.37,0,0,0,27,1,0,0,4,338,0,,0,0,0,0,0.0,0,0,0,0,52,2,0,6.45,0,0,0,0,0,0,0,0,0.0,0.0,0,0,0,0,0,0,0.0,0,8,5,62.5,0,5,0,12,10,35.71,7,82,75,145,25.8,0,0,238,1,1,0,Ryan Bertrand,Leicester City,20756,31,england,2122
4,0,0.0,3,2,22.22,13,33,46,73.02,2,100.0,0,3,0,0,0,0,,0,0,0,0,4,3,0,0,0,1,2,0,0,,,1,0,0.0,,0,0,8,7,1,0,0,,9,81.82,0,0,0,17,1,0,0,2,157,0,,0,0,0,0,0.0,0,0,0,0,18,0,0,6.43,0,0,0,0,0,0,0,0,0.0,0.0,0,1,1,1,1,1,100.0,0,6,3,50.0,0,9,1,0,11,84.62,9,22,41,63,19.3,2,0,80,2,0,0,Christoph Zimmermann,Norwich City,142568,263,england,2122
1,1,11.11,15,1,20.0,41,53,93,78.15,3,60.0,2,7,0,0,0,0,,0,0,0,0,5,6,0,0,1,1,8,0,0,,,3,0,0.0,,0,0,6,5,1,0,0,,3,33.33,0,0,0,26,4,2,0,3,303,0,,0,0,0,0,0.0,0,0,0,0,41,1,0,6.43,0,0,0,0,0,0,0,0,0.0,0.0,0,0,0,0,0,0,0.0,0,2,2,100.0,2,2,1,9,6,42.86,5,64,64,119,38.6,0,0,174,1,1,0,Ryan Fredericks,West Ham United,106920,37,england,2122
4,2,33.33,56,1,14.29,83,25,106,75.71,2,18.18,9,12,0,0,0,0,,0,1,3,1,5,10,0,0,9,8,51,0,1,,,9,0,0.0,,0,0,10,10,0,0,0,,30,41.67,0,0,0,34,2,6,0,5,463,0,,0,0,0,0,0.0,0,0,0,0,89,4,0,6.43,0,0,0,0,0,0,0,0,0.0,0.0,0,8,3,7,1,12,41.38,0,9,3,33.33,6,6,29,6,32,38.55,7,114,32,140,64.3,11,0,277,10,3,0,Moussa Djenepo,Southampton,869910,45,england,2122
0,0,0.0,1,0,0.0,2,8,10,76.92,0,0.0,0,4,0,0,0,0,,0,0,0,0,2,4,0,0,1,3,5,0,0,,,1,0,0.0,,0,0,0,0,0,0,0,,1,16.67,0,0,0,3,1,0,0,0,42,0,,0,0,0,0,0.0,0,0,0,0,6,0,0,6.43,0,0,0,0,0,0,0,0,0.0,0.0,0,0,0,0,0,0,0.0,0,1,0,0.0,0,0,0,0,1,16.67,0,3,10,13,25.7,0,0,21,0,0,0,Mads Bidstrup,Brentford,918429,50,england,2122
0,0,0.0,8,0,0.0,10,3,13,72.22,1,33.33,2,5,0,0,0,0,,0,0,0,0,0,5,0,0,1,2,8,0,0,,,0,0,0.0,,0,0,2,1,1,0,0,,4,40.0,0,0,0,5,0,0,0,1,56,0,,0,0,0,0,0.0,0,0,0,0,14,2,0,6.42,0,0,0,0,0,0,0,0,0.0,0.0,0,0,0,0,0,1,25.0,0,1,1,100.0,0,1,4,0,5,38.46,0,14,4,18,32.1,0,0,35,2,0,0,Jeremy Sarmiento,Brighton & Hove Albion,983816,30,england,2122
0,0,0.0,0,0,0.0,2,1,3,100.0,0,0.0,1,1,0,0,0,0,,0,0,0,0,0,1,0,0,1,0,2,0,0,,,0,0,0.0,,0,0,0,0,0,0,0,,1,50.0,0,0,0,0,0,0,0,0,11,0,,0,0,0,0,0.0,0,0,0,0,3,0,0,6.4,0,0,0,0,0,0,0,0,0.0,0.0,0,0,0,0,0,0,0.0,0,0,0,0.0,0,0,0,0,1,33.33,0,2,1,3,6.4,0,0,7,1,0,0,Keinan Davis,Aston Villa,830858,40,england,2122
0,0,0.0,1,1,100.0,11,10,21,100.0,0,0.0,1,1,0,0,0,0,,0,0,0,0,0,1,0,0,2,0,3,0,0,,,0,0,0.0,,0,0,1,0,1,0,0,,1,33.33,0,0,0,0,0,0,0,0,23,0,,0,0,0,0,0.0,0,0,0,0,3,0,0,6.4,0,0,0,0,0,0,0,0,0.0,0.0,0,0,0,0,0,1,100.0,0,0,0,0.0,0,0,1,0,1,25.0,1,11,10,21,6.4,0,0,28,0,0,0,Lewis Brunt,Leicester City,994562,31,england,2122
0,0,0.0,0,0,0.0,0,1,1,33.33,0,0.0,0,1,0,0,0,0,,0,0,0,0,0,1,0,0,0,0,0,0,0,,,0,0,0.0,,0,0,0,0,0,0,0,,0,0.0,0,0,0,2,0,0,0,0,8,0,,0,0,0,0,0.0,0,0,0,0,2,0,0,6.4,0,0,0,0,0,0,0,0,0.0,0.0,0,0,0,0,0,0,0.0,0,0,0,0.0,0,0,0,0,0,0.0,2,1,2,3,6.4,0,0,5,0,0,0,Nathan Ferguson,Crystal Palace,915688,7,england,2122
0,0,0.0,0,0,0.0,0,2,2,100.0,0,0.0,0,1,0,0,0,0,,0,0,0,0,0,1,0,0,0,0,0,0,0,,,0,0,0.0,,0,0,1,1,0,0,0,,0,0.0,0,0,0,0,0,0,0,0,9,0,,0,0,0,0,0.0,0,0,0,0,0,0,0,6.4,0,0,0,0,0,0,0,0,0.0,0.0,0,0,0,0,0,0,0.0,0,0,0,0.0,0,0,0,0,0,0.0,0,0,2,2,6.4,0,0,3,0,0,0,Liam McCarron,Leeds United,950338,34,england,2122
0,0,0.0,5,0,0.0,11,6,17,80.95,0,0.0,1,2,0,0,0,0,,0,0,0,0,0,2,0,0,1,0,6,0,0,,,3,0,0.0,,0,0,2,2,0,0,0,,3,37.5,0,0,0,4,0,0,0,1,72,1,,0,0,0,0,0.0,0,0,0,0,9,0,0,6.4,0,0,0,0,0,0,0,0,0.0,0.0,0,0,1,0,1,1,50.0,0,2,1,50.0,0,0,2,0,3,33.33,1,13,8,21,12.8,1,0,34,0,2,0,Hannibal Mejbri,Manchester United,1009386,35,england,2122
0,1,50.0,6,0,0.0,11,11,21,87.5,0,0.0,1,2,0,0,0,0,,0,0,0,0,0,2,0,0,2,1,7,0,0,,,1,0,0.0,,0,0,0,0,0,0,0,,3,33.33,0,0,0,3,1,0,0,1,81,0,,0,0,0,0,0.0,0,0,0,0,11,0,0,6.4,0,0,0,0,0,0,0,0,0.0,0.0,0,0,0,0,0,0,0.0,0,0,0,0.0,0,0,2,2,3,30.0,0,14,12,24,12.8,0,0,45,3,0,0,Jesurun Rak-Sakyi,Crystal Palace,1101362,7,england,2122
9,0,0.0,2,19,45.24,15,22,37,61.67,0,0.0,1,2,0,0,0,0,,0,0,0,0,3,2,0,0,0,0,1,0,1,,,0,0,0.0,,0,0,5,5,0,0,0,0.0,0,0.0,0,1,0,23,0,0,0,2,180,0,,0,0,0,0,0.0,0,0,0,0,23,0,1,6.4,0,0,1,6,0,6,0,2,0.0,0.0,0,0,0,0,0,0,0.0,1,0,0,0.0,0,12,0,0,0,0.0,42,31,29,60,12.8,0,0,70,0,1,0,Willy Caballero,Southampton,52741,45,england,2122
1,0,0.0,4,1,14.29,8,12,20,54.05,1,33.33,2,2,0,0,0,0,,0,0,0,0,3,2,0,0,0,1,6,0,0,,,1,0,0.0,,0,0,3,1,2,0,0,,1,20.0,0,0,0,17,2,0,0,2,148,0,,0,0,0,0,0.0,0,0,0,0,24,0,0,6.4,0,0,0,0,0,0,0,0,0.0,0.0,0,1,0,1,0,0,0.0,0,1,0,0.0,0,2,2,2,2,25.0,7,20,19,37,12.8,1,0,59,0,0,0,Dominic Thompson,Brentford,970366,50,england,2122
0,0,0.0,0,0,0.0,1,0,1,50.0,1,33.33,2,3,0,0,0,0,,0,0,1,0,1,1,0,0,0,0,3,0,0,,,0,0,0.0,,0,0,0,0,0,0,0,,0,0.0,0,0,0,1,0,0,0,0,27,0,,0,0,0,0,0.0,0,0,0,0,2,0,0,6.4,0,0,0,0,0,0,0,0,0.0,0.0,0,1,0,0,0,0,0.0,0,0,0,0.0,0,0,1,0,1,25.0,0,1,1,2,6.4,1,0,8,0,0,0,Tyler Onyango,Everton,1004342,48,england,2122
4,3,25.0,48,3,21.43,81,22,100,62.11,6,25.0,18,14,1,0,0,0,,1,1,3,0,8,13,0,0,23,12,85,0,0,,,17,0,0.0,,0,1,18,18,0,0,0,,45,40.18,0,0,0,61,6,7,0,10,817,3,,0,0,0,0,0.0,0,0,0,0,158,7,0,6.39,0,0,0,0,0,0,0,0,0.0,0.0,0,5,7,4,5,10,38.46,0,13,9,69.23,7,13,26,12,51,37.5,14,143,30,161,83.1,12,0,371,22,2,0,Nathan Tella,Southampton,920379,45,england,2122
3,0,0.0,32,3,60.0,50,35,85,73.91,3,25.0,9,7,0,0,0,0,,0,1,0,0,3,6,0,0,3,4,28,0,0,,,9,0,0.0,,0,0,9,8,1,0,0,,6,24.0,0,0,0,30,2,4,0,4,338,0,,0,0,0,0,0.0,0,0,0,0,48,2,0,6.38,0,0,0,0,0,0,0,0,0.0,0.0,0,2,1,3,0,3,50.0,0,3,2,66.67,4,11,6,7,9,24.32,5,82,40,115,38.3,3,0,161,0,0,0,Ozan Tufan,Watford,251907,24,england,2122
6,5,83.33,72,13,48.15,132,86,213,77.17,8,47.06,9,14,1,0,0,0,,0,1,7,0,7,14,0,0,16,24,79,0,1,,,24,0,0.0,,0,1,19,18,1,0,0,,36,33.96,0,0,0,63,1,4,0,7,640,0,,0,0,0,0,0.0,0,0,0,0,108,4,0,6.35,0,0,0,0,0,0,0,0,0.0,0.0,0,5,9,3,4,12,66.67,0,16,4,25.0,4,27,18,6,44,35.77,27,186,96,276,88.9,14,0,412,8,3,0,André Gomes,Everton,235460,48,england,2122
0,0,0.0,2,0,0.0,7,9,16,72.73,1,100.0,0,3,0,0,0,0,,0,0,0,0,1,2,0,0,2,2,5,0,0,,,0,0,0.0,,0,0,2,2,0,0,0,,4,44.44,0,0,0,6,1,0,0,1,66,0,,0,0,0,0,0.0,0,0,0,0,11,1,0,6.35,0,0,0,0,0,0,0,0,0.0,0.0,0,0,0,0,0,2,66.67,0,1,1,100.0,0,1,3,0,5,50.0,1,11,11,22,12.7,0,0,35,1,0,0,Jean-Philippe Gbamin,Everton,326343,48,england,2122
0,0,0.0,1,0,0.0,1,2,3,100.0,0,0.0,0,2,0,0,0,0,,0,0,0,0,0,1,0,0,0,1,2,0,0,,,1,0,0.0,,0,0,0,0,0,0,0,,0,0.0,0,0,0,0,0,0,0,0,12,0,,0,0,0,0,0.0,0,0,0,0,0,0,0,6.3,0,0,0,0,0,0,0,0,0.0,0.0,0,0,0,0,0,0,0.0,0,0,0,0.0,0,0,0,0,0,0.0,0,1,2,3,6.3,0,0,3,0,0,0,Alejandro Garnacho,Manchester United,1135873,35,england,2122
0,0,0.0,1,0,0.0,2,7,9,69.23,1,100.0,0,2,0,0,0,0,,0,0,0,0,0,1,0,0,2,2,5,0,0,,,1,0,0.0,,0,0,0,0,0,0,0,,1,16.67,0,0,0,4,0,0,0,0,18,0,,0,0,0,0,0.0,0,0,0,0,7,1,0,6.3,0,0,0,0,0,0,0,0,0.0,0.0,0,1,0,1,0,1,100.0,0,0,0,0.0,0,0,1,0,2,28.57,0,5,8,13,6.3,1,0,18,0,0,0,James McAtee,Manchester City,1003334,17,england,2122
0,0,0.0,3,0,0.0,4,0,4,100.0,1,50.0,1,3,0,0,0,0,,0,0,1,0,0,2,0,0,2,0,7,0,0,,,3,0,0.0,,0,0,0,0,0,0,0,,0,0.0,0,0,0,0,0,0,0,0,30,0,,0,0,0,0,0.0,0,0,0,0,4,0,0,6.3,0,0,0,0,0,0,0,0,0.0,0.0,0,1,0,0,0,0,0.0,0,0,0,0.0,0,0,1,0,1,12.5,0,4,0,4,12.6,1,0,13,0,0,0,Cameron Archer,Aston Villa,993451,40,england,2122
0,0,0.0,3,1,50.0,4,1,5,62.5,0,0.0,6,3,0,0,0,0,,0,0,0,0,0,1,0,0,1,1,9,0,0,,,1,0,0.0,,0,0,1,1,0,0,0,,3,50.0,0,0,0,3,0,0,0,0,30,0,,0,0,0,0,0.0,0,0,0,0,6,0,0,6.3,0,0,0,0,0,0,0,0,0.0,0.0,0,0,0,0,0,0,0.0,0,2,1,50.0,0,0,1,0,3,25.0,2,7,1,8,6.3,0,0,14,1,1,0,Lewis Dobbin,Everton,998832,48,england,2122
0,1,50.0,6,0,0.0,9,16,24,66.67,1,14.29,6,3,0,0,0,0,,1,1,0,0,1,3,0,0,3,3,14,0,0,,,1,0,0.0,,0,0,6,5,1,0,0,,7,46.67,0,0,0,12,0,2,0,1,141,0,,0,0,0,0,0.0,0,0,0,0,20,0,0,6.3,0,0,0,0,0,0,0,0,0.0,0.0,0,1,0,0,1,1,50.0,0,2,1,50.0,2,1,2,2,8,36.36,1,19,19,36,18.9,1,0,59,4,1,0,Tony Springett,Norwich City,1065260,263,england,2122
10,1,100.0,24,15,37.5,74,215,288,79.12,26,63.41,15,13,1,0,0,0,,0,1,1,0,41,13,0,1,2,5,28,1,0,,,6,0,0.0,,0,1,26,23,3,0,0,,22,62.86,0,0,0,76,13,4,0,12,1015,1,,0,0,0,1,0.0,0,0,0,0,86,1,0,6.29,1,0,0,0,0,0,0,0,0.0,0.0,0,7,0,5,1,4,80.0,0,13,10,76.92,4,27,5,1,48,63.16,40,126,239,364,81.8,7,0,483,5,2,0,Ciaran Clark,Newcastle United,45680,39,england,2122
1,1,50.0,10,2,66.67,22,20,41,74.55,1,50.0,1,3,0,0,0,0,,0,0,0,0,3,3,0,0,0,2,7,0,0,,,2,0,0.0,,0,0,6,6,0,0,0,,6,50.0,0,0,0,14,1,1,0,1,126,0,,0,0,0,0,0.0,0,0,0,0,27,0,0,6.23,0,0,0,0,0,0,0,0,0.0,0.0,0,0,0,0,0,2,50.0,0,4,2,50.0,1,2,4,2,7,50.0,3,27,30,55,18.7,0,0,103,0,1,0,Cody Drameh,Leeds United,991577,34,england,2122
2,1,25.0,26,1,50.0,38,35,72,82.76,3,75.0,1,9,0,0,0,0,,0,0,1,0,6,9,0,1,5,1,15,0,0,,,4,0,0.0,,0,0,4,3,1,0,0,,12,46.15,0,0,0,15,1,3,0,2,252,0,,0,0,0,0,0.0,0,0,0,0,33,3,0,6.14,1,0,0,0,0,0,0,0,0.0,0.0,0,1,0,0,0,7,63.64,0,2,1,50.0,3,4,11,4,15,50.0,2,51,40,87,55.3,1,0,138,3,0,0,Joshua Dasilva,Brentford,856260,50,england,2122
0,0,0.0,0,0,0.0,0,0,0,0.0,0,0.0,0,1,0,0,0,0,,0,0,0,0,0,1,0,0,3,0,3,0,0,,,0,0,0.0,,0,0,0,0,0,0,0,,1,25.0,0,0,0,2,0,0,0,0,11,0,,0,0,0,0,0.0,0,0,0,0,5,0,0,6.1,0,0,0,0,0,0,0,0,0.0,0.0,0,0,0,0,0,0,0.0,0,0,0,0.0,0,0,0,0,1,25.0,0,1,1,2,6.1,0,0,7,1,0,0,Jaden Philogene-Bidace,Aston Villa,1014461,40,england,2122
10,0,0.0,2,10,33.33,7,11,18,46.15,0,0.0,0,1,0,0,0,0,,0,0,0,0,1,1,0,0,0,0,0,0,0,,,0,0,0.0,,0,0,3,2,1,0,0,-0.78,0,0.0,0,5,0,21,0,0,0,1,90,0,,0,0,0,0,0.0,0,0,0,0,22,0,1,6.1,0,0,0,2,0,2,0,0,0.0,0.0,0,0,0,0,0,0,0.0,0,0,0,0.0,0,23,0,0,0,0.0,30,23,16,39,6.1,0,0,55,0,0,0,Robin Olsen,Aston Villa,26025,40,england,2122
0,0,0.0,1,0,0.0,2,5,7,77.78,0,0.0,1,1,0,0,0,0,,0,0,0,0,5,1,0,0,0,0,2,0,0,,,0,0,0.0,,0,0,3,3,0,0,0,,1,50.0,0,0,0,2,0,0,0,0,45,0,,0,0,0,0,0.0,0,0,0,0,4,0,0,6.1,0,0,0,0,0,0,0,0,0.0,0.0,0,0,0,0,0,0,0.0,0,1,1,100.0,0,0,1,0,1,33.33,1,3,6,9,6.1,0,0,19,0,0,0,Bali Mumba,Norwich City,933320,263,england,2122
3,0,0.0,5,24,35.29,20,43,63,58.88,0,0.0,0,4,0,0,0,0,,0,0,0,0,0,4,0,0,0,0,0,1,0,,,0,0,0.0,,0,0,12,11,1,0,0,0.0,0,0.0,0,3,0,44,0,0,0,4,360,0,,0,0,0,0,0.0,3,0,1,0,46,0,0,6.03,0,0,0,6,4,10,0,0,0.0,0.0,0,0,0,0,0,0,0.0,0,0,0,0.0,0,10,0,0,0,0.0,68,58,49,107,24.1,0,0,133,0,0,0,Freddie Woodman,Newcastle United,284417,39,england,2122
0,0,0.0,1,0,0.0,3,1,4,100.0,0,0.0,1,1,0,0,0,0,,0,1,0,0,0,1,0,0,1,0,4,0,0,,,1,0,0.0,,0,0,0,0,0,0,0,,1,25.0,0,0,0,0,0,0,0,0,8,0,,0,0,0,0,0.0,0,0,0,0,2,0,0,6.0,0,0,0,0,0,0,0,0,0.0,0.0,0,0,1,0,1,0,0.0,0,1,0,0.0,0,0,1,0,1,20.0,0,3,1,4,6.0,1,0,8,0,0,0,Kaide Gordon,Liverpool,1096447,44,england,2122
9,0,0.0,3,12,40.0,8,28,36,65.45,0,0.0,0,2,0,0,0,0,,0,0,0,0,1,2,0,0,0,0,0,0,0,,,0,0,0.0,,0,0,5,4,1,0,0,0.0,0,0.0,0,0,0,19,0,0,0,2,180,0,,0,0,0,0,0.0,0,0,0,0,19,0,0,6.0,0,0,2,0,2,2,0,1,0.0,0.0,0,0,0,0,0,0,0.0,2,0,0,0.0,0,21,0,0,0,0.0,30,22,33,55,12.0,0,0,65,0,0,0,Jonas Lössl,Brentford,37514,50,england,2122
2,0,0.0,5,3,60.0,14,31,45,73.77,0,0.0,2,3,0,0,0,0,,0,0,0,0,1,3,0,0,2,8,19,0,0,,,3,0,0.0,,0,0,4,3,1,0,0,,3,15.0,0,0,0,16,1,0,0,1,147,0,,0,0,0,0,0.0,0,0,0,0,31,0,0,5.97,0,0,0,0,0,0,0,0,0.0,0.0,0,0,1,1,0,1,20.0,0,1,0,0.0,0,5,5,0,3,13.64,5,20,41,61,17.9,1,0,90,1,0,0,Lewis Bate,Leeds United,980647,34,england,2122
0,0,0.0,0,0,0.0,0,1,1,50.0,0,0.0,0,1,0,0,0,0,,0,1,0,0,0,1,0,0,1,0,1,0,0,,,0,0,0.0,,0,0,1,1,0,0,0,,0,0.0,0,0,0,1,0,0,0,0,12,0,,0,0,0,0,0.0,0,0,0,0,2,0,0,5.9,0,0,0,0,0,0,0,0,0.0,0.0,0,1,0,1,0,0,0.0,0,0,0,0.0,0,0,0,0,0,0.0,0,1,1,2,5.9,1,0,6,0,0,0,Isaac Price,Everton,1066059,48,england,2122
1,0,0.0,0,4,33.33,3,20,23,74.19,0,0.0,0,1,0,0,0,0,,0,0,0,0,0,1,0,0,0,0,0,0,0,,,0,0,0.0,,0,0,3,3,0,0,0,0.0,0,0.0,0,1,0,8,0,0,0,1,90,0,,0,0,0,0,0.0,0,0,0,0,8,0,0,5.9,0,0,0,0,1,1,0,0,0.0,0.0,0,0,0,0,0,0,0.0,0,0,0,0.0,0,3,0,0,0,0.0,12,10,21,31,5.9,0,0,40,0,0,0,Jed Steer,Aston Villa,101999,40,england,2122
7,0,0.0,11,5,35.71,36,51,87,75.65,11,68.75,5,6,0,0,0,0,,0,0,0,0,20,6,0,1,1,5,15,0,0,,,3,0,33.33,,1,1,14,13,1,1,0,,9,47.37,0,0,0,28,1,0,0,4,388,0,,0,0,0,0,0.0,0,0,0,0,34,0,0,5.85,1,1,0,0,0,0,0,0,388.0,0.0,0,2,1,1,2,1,50.0,0,4,1,25.0,0,16,2,0,20,57.14,14,51,64,115,35.1,3,0,165,4,0,0,Jarrad Branthwaite,Everton,979563,48,england,2122
0,0,0.0,1,0,0.0,1,12,13,92.86,0,0.0,0,2,0,0,0,0,,0,0,0,0,1,1,0,0,0,0,2,0,0,,,2,0,0.0,,0,0,5,4,1,0,0,,0,0.0,0,0,0,1,4,0,0,1,91,0,,0,0,0,0,0.0,0,0,0,0,3,0,0,5.8,0,0,0,0,0,0,0,0,0.0,0.0,0,0,0,0,0,0,0.0,0,0,0,0.0,0,0,0,0,0,0.0,0,2,12,14,5.8,0,0,23,0,1,0,Sead Kolašinac,Arsenal,142148,42,england,2122
0,0,0.0,0,0,0.0,0,0,0,0.0,0,0.0,0,0,0,0,0,0,,0,0,0,0,0,0,0,0,0,0,0,0,0,,,0,0,0.0,,0,0,0,0,0,0,0,,0,0.0,0,0,0,0,0,0,0,0,0,0,,0,0,0,0,0.0,0,0,0,0,0,0,0,0.0,0,0,0,0,0,0,0,0,0.0,0.0,0,0,0,0,0,0,0.0,0,0,0,0.0,0,0,0,0,0,0.0,0,0,0,0,0.0,0,0,0,0,1,0,Nohan Kenneh,Leeds United,1020747,34,england,2122
0,0,0.0,0,0,0.0,0,1,1,100.0,0,0.0,0,1,0,0,0,0,,0,0,0,0,0,0,0,0,1,0,1,0,0,,,0,0,0.0,,0,0,0,0,0,0,0,,0,0.0,0,0,0,0,0,0,0,0,1,0,,0,0,0,0,0.0,0,0,0,0,1,0,0,0.0,0,0,0,0,0,0,0,0,0.0,0.0,0,0,0,0,0,0,0.0,0,0,0,0.0,0,0,0,0,0,0.0,0,0,1,1,0.0,0,0,2,0,0,0,Moise Kean,Everton,835601,48,england,2122
0,0,0.0,0,0,0.0,0,1,1,100.0,0,0.0,0,1,0,0,0,0,,0,0,0,0,0,0,0,0,0,0,0,0,0,,,0,0,0.0,,0,0,0,0,0,0,0,,1,100.0,0,0,0,0,0,0,0,0,3,0,,0,0,0,0,0.0,0,0,0,0,0,0,0,0.0,0,0,0,0,0,0,0,0,0.0,0.0,0,0,0,0,0,1,100.0,0,0,0,0.0,0,0,1,0,1,100.0,0,0,1,1,0.0,0,0,2,0,0,0,Dane Scarlett,Tottenham Hotspur,998772,33,england,2122
0,0,0.0,0,0,0.0,1,0,1,50.0,0,0.0,0,1,0,0,0,0,,0,0,0,0,0,0,0,0,0,0,0,0,0,,,0,0,0.0,,0,0,0,0,0,0,0,,0,0.0,0,0,0,1,0,0,0,0,4,0,,0,0,0,0,0.0,0,0,0,0,1,0,0,0.0,0,0,0,0,0,0,0,0,0.0,0.0,0,0,0,0,0,0,0.0,0,0,0,0.0,0,0,0,0,0,0.0,0,2,0,2,0.0,0,0,2,0,0,0,Emerson Palmieri,Chelsea,155997,38,england,2122
0,0,0.0,2,0,0.0,2,0,2,100.0,1,33.33,2,1,0,0,0,0,,0,0,0,0,0,0,0,0,0,0,3,0,0,,,1,0,0.0,,0,0,0,0,0,0,0,,0,0.0,0,0,0,0,0,0,0,0,1,0,,0,0,0,0,0.0,0,0,0,0,0,0,0,0.0,0,0,0,0,0,0,0,0,0.0,0.0,0,0,0,0,0,0,0.0,0,0,0,0.0,0,0,0,0,1,25.0,0,2,0,2,0.0,0,0,3,0,0,0,Wesley Moraes,Aston Villa,798314,40,england,2122
0,0,0.0,0,0,0.0,0,1,1,100.0,0,0.0,0,1,0,0,0,0,,0,0,0,0,0,0,0,0,0,0,0,0,0,,,0,0,0.0,,0,0,0,0,0,0,0,,1,100.0,0,0,0,0,0,0,0,0,3,0,,0,0,0,0,0.0,0,0,0,0,0,0,0,0.0,0,0,0,0,0,0,0,0,0.0,0.0,0,0,0,0,0,0,0.0,0,1,1,100.0,0,0,0,0,1,100.0,0,0,1,1,0.0,0,0,2,0,0,0,Conrad Jaden Egan-Riley,Manchester City,1131448,17,england,2122
0,0,0.0,0,0,0.0,0,0,0,0.0,1,50.0,1,1,0,0,0,0,,0,0,0,0,0,0,0,0,0,0,1,0,0,,,0,0,0.0,,0,0,0,0,0,0,0,,0,0.0,0,0,0,2,0,0,0,0,1,0,,0,0,0,0,0.0,0,0,0,0,2,0,0,0.0,0,0,0,0,0,0,0,0,0.0,0.0,0,0,0,0,0,0,0.0,0,0,0,0.0,0,0,0,0,1,50.0,0,2,0,2,0.0,0,0,2,0,0,0,Alex Král,West Ham United,825740,37,england,2122
0,0,0.0,0,0,0.0,0,1,1,100.0,0,0.0,0,1,0,0,0,0,,0,0,0,0,0,0,0,0,0,0,0,0,0,,,0,0,0.0,,0,0,0,0,0,0,0,,0,0.0,0,0,0,0,0,0,0,0,2,0,,0,0,0,0,0.0,0,0,0,0,1,0,0,0.0,0,0,0,0,0,0,0,0,0.0,0.0,0,0,0,0,0,0,0.0,0,0,0,0.0,0,0,0,0,0,0.0,0,0,1,1,0.0,0,0,2,0,0,0,Kasey McAteer,Leicester City,1065134,31,england,2122
0,0,0.0,0,0,0.0,0,0,0,0.0,0,0.0,0,1,0,0,0,0,,0,0,0,0,0,0,0,0,0,0,1,0,0,,,1,0,0.0,,0,0,0,0,0,0,0,,0,0.0,0,0,0,0,0,0,0,0,3,0,,0,0,0,0,0.0,0,0,0,0,1,0,0,0.0,0,0,0,0,0,0,0,0,0.0,0.0,0,0,0,0,0,0,0.0,0,0,0,0.0,0,0,0,0,0,0.0,0,0,0,0,0.0,0,0,1,0,0,0,Nathan Young-Coombes,Brentford,999271,50,england,2122
0,0,0.0,0,0,0.0,0,0,0,0.0,0,0.0,0,1,0,0,0,0,,0,0,0,0,0,0,0,0,0,0,0,0,0,,,0,0,0.0,,0,0,0,0,0,0,0,,0,0.0,0,0,0,0,0,0,0,0,1,0,,0,0,0,0,0.0,0,0,0,0,0,0,0,0.0,0,0,0,0,0,0,0,0,0.0,0.0,0,0,0,0,0,0,0.0,0,0,0,0.0,0,0,0,0,0,0.0,0,0,0,0,0.0,0,0,0,0,0,0,Dan Chesters,West Ham United,991600,37,england,2122
