accurateChippedPasses,accurateCrosses,accurateCrossesPercentage,accurateFinalThirdPasses,accurateLongBalls,accurateLongBallsPercentage,accurateOppositionHalfPasses,accurateOwnHalfPasses,accuratePasses,accuratePassesPercentage,aerialDuelsWon,aerialDuelsWonPercentage,aerialLost,appearances,assists,attemptPenaltyMiss,attemptPenaltyPost,attemptPenaltyTarget,ballRecovery,bigChancesCreated,bigChancesMissed,blockedShots,cleanSheet,clearances,countRating,crossesNotClaimed,directRedCards,dispossessed,dribbledPast,duelLost,errorLeadToGoal,errorLeadToShot,expectedAssists,expectedGoals,fouls,freeKickGoal,goalConversionPercentage,goalKicks,goals,goalsAssistsSum,goalsConceded,goalsConcededInsideTheBox,goalsConcededOutsideTheBox,goalsFromInsideTheBox,goalsFromOutsideTheBox,goalsPrevented,groundDuelsWon,groundDuelsWonPercentage,headedGoals,highClaims,hitWoodwork,inaccuratePasses,interceptions,keyPasses,leftFootGoals,matchesStarted,minutesPlayed,offsides,outfielderBlocks,ownGoals,passToAssist,penaltiesTaken,penaltyConceded,penaltyConversion,penaltyFaced,penaltyGoals,penaltySave,penaltyWon,possessionLost,possessionWonAttThird,punches,rating,redCards,rightFootGoals,runsOut,savedShotsFromInsideTheBox,savedShotsFromOutsideTheBox,saves,savesCaught,savesParried,scoringFrequency,setPieceConversion,shotFromSetPiece,shotsFromInsideTheBox,shotsFromOutsideTheBox,shotsOffTarget,shotsOnTarget,successfulDribbles,successfulDribblesPercentage,successfulRunsOut,tackles,tacklesWon,tacklesWonPercentage,totalAttemptAssist,totalChippedPasses,totalContest,totalCross,totalDuelsWon,totalDuelsWonPercentage,totalLongBalls,totalOppositionHalfPasses,totalOwnHalfPasses,totalPasses,totalRating,totalShots,totwAppearances,touches,wasFouled,yellowCards,yellowRedCards,player,team,player id,team id,data_country,data_season
0,1,100.0,17,1,100.0,33,10,42,87.5,0,0.0,2,2,0,0,0,0,,0,1,1,0,0,2,0,0,2,0,6,0,0,0.61,0.6,2,0,16.67,,1,1,1,1,0,1,0,,15,78.95,0,0,0,6,0,3,1,1,111,0,,0,0,0,0,0.0,0,0,0,0,11,1,0,7.9,0,0,0,0,0,0,0,0,111.0,0.0,0,6,0,1,4,9,100.0,0,2,2,100.0,3,0,9,1,15,71.43,1,39,10,48,15.8,6,1,77,4,0,0,Jérémy Doku,Stade Rennais,934386,1658,france,2324
41,2,8.7,434,37,86.05,661,134,793,85.18,0,0.0,3,29,7,0,0,2,47.0,8,12,29,6,1,29,0,0,35,5,121,0,0,5.2,20.96,19,0,22.5,0.0,27,34,25,24,1,22,5,,103,46.61,0,0,2,138,2,40,4,24,2158,20,,0,0,8,0,75.0,0,6,0,2,328,16,0,7.89,0,23,0,0,0,0,0,0,79.93,0.0,2,84,36,32,59,61,49.59,0,4,1,25.0,40,56,123,23,103,45.98,43,802,152,931,228.8,120,11,1389,38,4,0,Kylian Mbappé,Paris Saint-Germain,826643,1644,france,2324
1,0,0.0,4,3,100.0,15,24,39,86.67,1,100.0,0,2,0,0,0,0,7.0,0,0,0,1,2,1,0,0,1,2,6,0,0,0.01,0.1,2,1,100.0,0.0,1,1,0,0,0,0,1,,2,25.0,0,0,0,6,3,0,1,1,91,0,,0,0,0,0,0.0,0,0,0,0,10,1,0,7.8,0,0,0,0,0,0,0,0,91.0,100.0,1,0,1,0,1,1,50.0,0,1,1,100.0,0,3,2,1,3,33.33,3,20,26,45,7.8,1,0,70,0,1,0,Jordan Amavi,Stade Brestois,342915,1715,france,2324
10,0,0.0,3,28,40.0,17,85,102,70.83,2,66.67,1,4,0,0,0,0,46.0,0,0,0,0,5,4,1,0,0,0,1,0,0,0.01,,0,0,0.0,24.0,0,0,6,6,0,0,0,1.88,1,100.0,0,7,0,42,0,0,0,4,360,0,,0,0,0,0,0.0,1,0,0,0,45,0,3,7.7,0,0,0,13,5,18,0,8,0.0,0.0,0,0,0,0,0,0,0.0,0,0,0,0.0,0,15,0,0,3,75.0,70,44,100,144,30.8,0,1,207,1,0,0,Massamba Ndiaye,Clermont Foot,1177344,1680,france,2324
92,35,31.82,387,66,70.21,668,256,889,80.67,12,40.0,18,25,6,0,0,0,133.0,7,2,10,6,12,25,0,1,23,27,108,0,0,6.44,3.73,25,1,13.64,0.0,6,12,31,27,4,4,2,,102,53.13,0,0,1,213,21,50,1,25,2154,3,,0,0,0,0,0.0,0,0,0,1,387,21,0,7.64,1,5,0,0,0,0,0,0,359.0,16.67,6,19,25,15,19,24,58.54,0,42,30,71.43,50,153,41,110,114,51.35,94,926,286,1102,191.1,44,6,1574,36,9,0,Aleksandr Golovin,AS Monaco,318963,1653,france,2324
0,2,25.0,22,2,33.33,34,33,65,75.58,0,0.0,5,3,2,0,0,0,19.0,2,0,0,1,0,3,0,0,13,3,29,0,0,1.07,0.56,3,1,40.0,0.0,2,4,4,3,1,1,1,,21,46.67,0,0,0,21,4,3,0,3,269,0,,0,0,0,0,0.0,0,0,0,0,54,2,0,7.57,0,2,0,0,0,0,0,0,134.5,50.0,2,2,3,2,3,8,61.54,0,5,3,60.0,3,7,13,8,21,42.0,6,55,39,86,22.7,5,0,163,8,2,0,Jean-Ricner Bellegarde,RC Strasbourg,845273,1659,france,2324
18,12,33.33,98,14,63.64,192,137,317,85.44,2,28.57,5,9,5,0,0,0,37.0,5,0,1,2,8,8,0,0,3,3,16,0,0,2.33,0.24,2,0,0.0,0.0,0,5,7,7,0,0,0,,20,64.52,0,0,0,54,6,13,0,7,628,1,,0,0,0,0,0.0,0,0,0,0,107,1,0,7.54,0,0,0,0,0,0,0,0,0.0,0.0,1,3,3,4,1,5,55.56,0,13,7,53.85,13,36,9,36,22,57.89,22,253,154,371,60.3,6,1,544,2,0,0,Caio Henrique,AS Monaco,845170,1653,france,2324
47,25,26.32,391,45,54.88,701,320,996,77.51,94,68.61,43,32,6,0,0,0,98.0,14,3,14,9,34,32,0,1,33,21,139,0,0,6.32,9.1,28,0,10.14,0.0,7,13,34,32,2,7,0,,91,48.66,2,0,4,289,20,53,0,29,2603,13,,0,1,4,0,100.0,0,4,0,0,474,19,0,7.5,1,5,0,0,0,0,0,0,371.86,0.0,0,57,12,33,22,20,57.14,0,33,22,66.67,52,88,35,95,185,57.1,82,1013,367,1285,240.0,69,4,1851,40,4,0,Florian Sotoca,RC Lens,788921,1648,france,2324
25,0,0.0,1,55,36.42,25,185,210,68.18,5,83.33,1,12,0,0,0,0,110.0,0,0,0,7,9,12,1,0,0,0,1,0,1,0.01,,0,0,0.0,80.0,0,0,10,9,1,0,0,5.55,1,100.0,0,13,0,98,0,0,0,12,1080,0,,0,0,0,0,0.0,0,0,0,0,99,0,4,7.5,0,0,3,27,18,47,0,8,0.0,0.0,0,0,0,0,0,0,0.0,3,0,0,0.0,0,38,0,0,6,85.71,151,94,214,308,90.0,0,2,451,2,1,0,Radosław Majecki,AS Monaco,849114,1653,france,2324
84,9,23.68,527,76,78.35,1046,605,1642,91.27,4,28.57,10,28,4,0,0,0,154.0,4,2,9,5,29,28,0,0,23,32,99,0,2,4.0,3.15,17,0,15.56,0.0,7,11,22,20,2,3,4,,87,49.43,0,0,0,157,23,37,0,23,2130,1,,0,0,0,0,0.0,0,0,0,0,265,14,0,7.49,0,7,0,0,0,0,0,0,304.29,0.0,1,18,27,17,19,32,62.75,0,39,24,61.54,37,118,51,38,91,47.89,97,1183,654,1799,209.8,45,3,2176,16,0,0,Vitinha,Paris Saint-Germain,902029,1644,france,2324
203,60,25.97,388,198,55.93,755,539,1234,75.85,21,38.89,33,32,6,0,0,0,196.0,13,3,24,7,26,32,0,1,38,49,199,1,0,8.52,9.13,41,0,10.98,0.0,9,15,42,34,8,8,1,,172,50.89,0,0,1,393,33,94,0,32,2773,3,,0,3,7,0,100.0,0,7,0,0,725,16,0,7.48,1,9,0,0,0,0,0,0,308.11,0.0,21,25,57,29,29,55,56.7,0,37,20,54.05,91,349,97,231,193,49.23,354,1247,611,1627,239.2,82,9,2468,80,8,0,Teji Savanier,Montpellier,156682,1642,france,2324
47,68,27.09,406,47,62.67,711,237,880,75.34,24,44.44,30,33,8,0,0,0,137.0,14,2,7,3,7,33,0,0,52,52,232,0,0,9.15,5.24,21,1,20.0,0.0,8,16,31,29,2,6,2,,177,46.7,0,0,1,288,9,89,7,30,2515,3,,0,0,3,0,100.0,0,3,0,0,682,30,0,7.43,0,1,0,0,0,0,0,0,314.38,33.33,3,22,18,16,17,75,49.34,0,46,29,63.04,89,92,152,251,201,46.42,75,1147,272,1168,245.2,40,6,1999,58,4,0,Romain Del Castillo,Stade Brestois,825681,1715,france,2324
35,0,0.0,9,56,40.29,41,59,100,54.35,3,60.0,2,6,0,0,0,0,52.0,0,0,0,1,12,6,0,0,0,0,2,0,0,0.02,0.0,0,0,0.0,71.0,0,0,11,9,2,0,0,3.07,0,0.0,0,7,0,84,0,0,0,6,540,0,,0,0,0,0,0.0,2,0,0,0,84,0,5,7.42,0,0,1,17,9,26,0,5,0.0,0.0,0,0,0,0,0,0,0.0,1,0,0,0.0,0,73,0,0,3,60.0,139,108,76,184,44.5,0,0,261,2,1,0,Rémy Descamps,Nantes,788180,1647,france,2324
132,5,16.13,313,191,69.45,687,733,1415,86.49,20,62.5,12,29,0,0,0,0,270.0,5,0,22,10,57,29,0,0,12,80,162,0,3,3.01,2.39,47,0,7.69,0.0,4,4,29,27,2,2,2,,182,54.82,0,0,1,221,43,28,1,29,2521,1,,0,1,0,0,0.0,0,0,0,0,323,23,0,7.4,1,3,0,0,0,0,0,0,630.25,0.0,0,17,35,17,13,29,67.44,0,96,67,69.79,27,199,43,31,202,55.49,275,856,811,1636,214.7,52,6,2226,57,10,1,Pierre Lees Melou,Stade Brestois,801306,1715,france,2324
15,0,0.0,5,25,33.33,13,52,65,56.52,3,100.0,0,4,0,0,0,0,43.0,0,0,0,0,0,4,0,0,0,0,0,0,0,0.01,,0,0,0.0,23.0,0,0,11,8,3,0,0,-0.03,0,0.0,0,3,0,50,0,0,0,4,360,0,,0,0,0,0,0.0,0,0,0,0,51,0,0,7.4,0,0,0,16,7,23,0,4,0.0,0.0,0,0,0,0,0,0,0.0,0,0,0,0.0,0,29,0,0,3,100.0,75,48,67,115,29.6,0,1,174,0,0,0,Dimitry Bertaud,Montpellier,794465,1642,france,2324
20,23,23.23,414,32,71.11,631,158,766,81.75,3,33.33,6,26,8,0,0,0,59.0,10,6,11,3,3,26,0,0,24,7,111,0,1,5.81,4.42,7,0,6.98,0.0,3,11,14,14,0,3,0,,111,51.39,0,0,2,171,5,59,1,17,1509,6,,0,0,0,0,0.0,0,0,0,1,387,14,0,7.38,0,2,0,0,0,0,0,0,503.0,0.0,0,32,11,18,14,65,49.24,0,19,14,73.68,59,39,132,99,114,50.67,45,861,175,937,192.0,43,4,1380,27,0,0,Ousmane Dembélé,Paris Saint-Germain,818244,1644,france,2324
96,0,0.0,54,250,39.68,160,559,719,64.66,11,91.67,1,30,0,0,0,0,318.0,0,0,0,5,20,30,1,0,0,1,3,4,1,0.09,0.0,0,0,0.0,176.0,0,0,54,45,9,0,0,4.99,7,77.78,0,34,0,393,1,2,0,30,2700,0,,0,0,0,0,0.0,8,0,1,0,400,0,7,7.35,0,0,16,85,50,135,0,32,0.0,0.0,0,0,0,0,0,3,75.0,16,1,1,100.0,2,183,4,0,18,85.71,630,465,647,1112,220.4,0,2,1465,3,3,0,Mory Diaw,Clermont Foot,580226,1680,france,2324
28,17,21.52,572,40,54.79,1044,514,1541,88.72,9,39.13,14,25,5,0,0,0,142.0,8,1,14,5,25,25,0,0,33,17,114,1,1,4.22,4.19,22,1,9.52,0.0,4,9,24,22,2,3,1,,82,45.05,1,0,3,196,12,43,1,20,1931,3,,0,0,0,1,0.0,0,0,0,0,375,15,0,7.34,0,2,0,0,0,0,0,0,482.75,11.11,9,22,20,16,12,27,47.37,0,29,19,65.52,43,46,57,79,91,44.39,73,1243,573,1737,183.6,42,4,2319,26,3,0,Achraf Hakimi,Paris Saint-Germain,814594,1644,france,2324
62,38,27.34,330,64,53.78,676,489,1127,83.54,10,40.0,15,28,3,0,0,0,146.0,6,1,18,3,4,28,0,0,17,37,115,0,0,4.34,3.06,32,1,13.64,0.0,6,9,30,24,6,2,4,,111,52.61,0,0,0,222,20,43,6,25,2123,1,,0,1,1,0,100.0,0,1,0,0,408,23,0,7.31,0,0,0,0,0,0,0,0,353.83,12.5,8,12,32,11,15,27,62.79,0,54,36,66.67,42,115,43,139,121,51.27,119,957,531,1349,204.8,44,4,1859,30,7,0,Teddy Teuma,Stade de Reims,829643,1682,france,2324
52,4,19.05,196,91,55.83,534,719,1249,87.22,64,65.31,34,25,1,0,0,0,199.0,2,0,1,9,77,25,0,1,7,9,90,0,2,1.08,0.85,36,0,5.26,0.0,1,2,26,24,2,1,0,,99,63.87,1,0,0,183,51,14,0,24,2187,2,,1,0,0,0,0.0,0,0,0,0,243,6,0,7.31,1,0,0,0,0,0,0,0,2187.0,0.0,0,15,4,11,7,29,76.32,0,34,25,73.53,14,106,38,21,163,64.43,163,676,777,1432,182.7,19,4,1841,37,8,0,Wilfried Singo,AS Monaco,978285,1653,france,2324
42,0,0.0,2,58,43.61,6,567,573,87.08,2,66.67,1,25,0,0,0,0,157.0,0,0,0,10,16,25,0,1,0,0,3,1,3,0.0,0.0,2,0,0.0,131.0,0,0,20,18,2,0,0,11.53,2,50.0,0,14,0,85,1,0,0,25,2170,0,,0,0,0,1,0.0,4,0,1,0,88,0,7,7.3,1,0,10,65,25,92,4,25,0.0,0.0,0,0,0,0,0,1,100.0,9,0,0,0.0,0,69,1,0,4,57.14,133,42,616,658,182.6,0,5,904,0,3,0,Gianluigi Donnarumma,Paris Saint-Germain,824509,1644,france,2324
68,49,29.7,379,96,62.34,708,450,1109,82.09,14,41.18,20,32,6,0,0,0,102.0,8,2,16,1,34,32,0,0,12,31,93,1,1,6.17,9.93,16,0,17.65,0.0,9,15,43,37,6,9,0,,51,41.13,0,0,0,242,22,70,1,29,2435,2,,0,1,7,0,100.0,0,7,0,0,426,16,0,7.29,0,8,0,0,0,0,0,0,270.56,0.0,13,27,24,18,17,10,41.67,0,31,18,58.06,69,122,24,165,65,41.14,154,1010,506,1351,233.4,51,5,1852,13,1,0,Benjamin Bourigeaud,Stade Rennais,324399,1658,france,2324
113,12,26.67,363,113,76.35,849,713,1550,91.34,7,33.33,14,31,8,0,0,0,125.0,15,0,16,4,26,31,0,0,15,18,88,0,1,5.96,2.02,31,0,0.0,0.0,0,8,27,25,2,0,0,,84,53.16,0,0,0,147,18,48,0,29,2578,0,,0,0,0,0,0.0,0,0,0,0,238,11,0,7.29,0,0,0,0,0,0,0,0,0.0,0.0,5,10,24,11,7,22,64.71,0,26,13,50.0,48,149,34,45,91,50.84,148,992,750,1697,225.9,34,3,2018,36,5,0,Angel Gomes,Lille,867441,1643,france,2324
35,58,28.86,330,36,50.0,534,184,660,73.41,18,34.62,34,31,7,0,0,0,115.0,19,7,15,5,5,31,0,0,37,26,161,0,0,9.95,4.54,18,0,6.52,0.0,3,10,38,32,6,3,0,,119,48.37,0,0,2,239,14,80,1,31,2722,19,,0,0,0,0,0.0,0,0,0,0,549,19,0,7.28,0,2,0,0,0,0,0,0,907.33,0.0,1,32,14,16,15,54,54.0,0,33,15,45.45,80,73,100,201,137,45.97,72,874,226,899,225.7,46,2,1549,32,2,0,Junya Ito,Stade de Reims,783278,1682,france,2324
82,0,0.0,18,176,40.84,86,533,619,70.42,6,100.0,0,31,0,0,0,0,265.0,1,0,0,9,24,31,0,0,0,0,1,0,0,0.18,0.0,1,0,0.0,196.0,0,0,49,41,8,0,0,-4.83,5,83.33,0,34,0,260,0,1,0,31,2790,0,,0,0,0,1,0.0,6,0,1,0,262,0,8,7.28,0,0,7,68,39,111,1,34,0.0,0.0,0,0,0,0,0,0,0.0,7,0,0,0.0,1,143,0,0,11,91.67,431,276,603,879,225.7,0,3,1219,6,0,0,Anthony Lopes,Olympique Lyonnais,48535,1649,france,2324
18,2,20.0,173,17,53.13,259,137,394,72.43,27,40.3,40,29,2,0,0,0,60.0,4,9,5,3,9,29,0,1,37,12,156,0,0,2.08,11.41,50,0,30.65,0.0,19,21,42,33,9,19,0,,77,39.9,0,0,4,150,8,21,9,27,2303,13,,0,0,2,0,100.0,0,2,0,1,274,13,0,7.28,1,10,0,0,0,0,0,0,121.21,0.0,6,48,14,21,36,22,56.41,0,19,12,63.16,21,35,39,10,104,40.0,32,389,165,544,211.1,62,3,909,36,3,0,Alexandre Lacazette,Olympique Lyonnais,50070,1649,france,2324
20,9,21.43,170,5,33.33,280,161,432,70.82,26,40.0,39,34,8,0,0,0,67.0,10,22,25,3,23,34,0,0,21,19,101,0,0,4.42,20.58,9,0,14.66,0.0,17,25,37,34,3,17,0,,60,49.18,2,0,6,178,9,27,3,30,2628,21,,0,0,4,0,100.0,0,4,0,0,295,21,0,7.27,0,12,0,0,0,0,0,0,154.59,0.0,5,89,27,39,52,18,56.25,0,22,14,63.64,27,43,32,42,86,45.99,15,458,194,610,247.1,116,5,1021,20,4,0,Pierre-Emerick Aubameyang,Olympique de Marseille,51498,1641,france,2324
33,0,0.0,238,74,59.2,712,973,1685,94.5,24,52.17,22,21,1,0,0,0,96.0,1,0,3,5,55,21,0,0,2,6,32,0,1,0.75,0.43,3,0,0.0,4.0,0,1,14,13,1,0,0,,23,69.7,0,0,0,98,17,9,0,18,1539,2,,0,0,0,0,0.0,0,0,0,0,112,4,0,7.26,0,0,0,0,0,0,0,0,0.0,0.0,0,4,0,1,0,1,100.0,0,19,11,57.89,9,68,1,0,47,59.49,125,774,1009,1783,152.4,4,6,1971,3,1,0,Marquinhos,Paris Saint-Germain,155995,1644,france,2324
23,4,12.5,250,18,39.13,445,191,632,75.87,6,31.58,13,30,6,0,0,0,115.0,8,3,19,4,7,30,0,0,22,38,126,0,0,4.35,5.87,30,0,15.0,0.0,9,15,27,23,4,7,2,,81,41.75,2,0,2,201,11,35,2,25,2125,5,,0,1,0,0,0.0,0,0,0,2,349,19,0,7.26,0,5,0,0,0,0,0,0,236.11,0.0,0,41,19,13,28,15,39.47,0,34,17,50.0,34,55,38,32,87,40.85,46,638,227,833,217.7,60,7,1222,32,4,0,Takumi Minamino,AS Monaco,155818,1653,france,2324
9,21,31.34,125,10,55.56,174,62,215,77.34,1,6.25,15,12,3,0,0,0,41.0,6,1,7,0,3,12,0,0,24,2,58,0,0,3.67,1.62,1,0,12.0,0.0,3,6,16,14,2,3,0,,37,46.25,0,0,0,63,1,23,0,10,778,7,,0,0,0,0,0.0,0,0,0,0,177,9,0,7.25,0,3,0,0,0,0,0,0,259.33,0.0,2,10,15,9,9,18,52.94,0,9,7,77.78,23,20,34,67,38,39.58,18,267,78,278,87.0,25,1,502,10,2,0,Saïd Benrahma,Olympique Lyonnais,354808,1649,france,2324
14,13,25.0,235,12,50.0,394,143,524,88.36,2,40.0,3,19,5,0,0,0,43.0,8,5,8,1,2,19,0,0,9,9,38,0,0,4.27,3.22,8,0,14.81,0.0,4,9,13,12,1,3,1,,32,47.76,0,0,2,69,5,34,4,13,1112,0,,0,1,0,0,0.0,0,0,0,0,144,7,0,7.25,0,0,0,0,0,0,0,0,278.0,0.0,1,14,13,9,10,10,50.0,0,12,10,83.33,33,22,20,52,34,47.22,24,488,157,593,137.7,27,2,783,10,0,0,Marco Asensio,Paris Saint-Germain,361004,1644,france,2324
13,42,24.14,319,17,62.96,529,207,694,82.62,6,33.33,12,33,6,0,0,0,101.0,8,7,28,3,7,32,0,1,50,22,181,0,0,7.76,6.2,23,0,7.32,0.0,6,12,20,19,1,3,3,,153,47.52,0,0,1,146,8,49,5,25,2296,11,,0,3,0,0,0.0,0,0,0,0,471,25,0,7.24,1,1,0,0,0,0,0,0,382.67,0.0,8,39,43,25,29,90,54.22,0,32,18,56.25,46,28,166,174,159,46.76,27,783,231,840,231.7,82,5,1557,31,3,0,Edon Zhegrova,Lille,887766,1643,france,2324
11,5,14.29,117,15,75.0,195,106,296,84.81,9,47.37,10,20,3,0,0,0,56.0,4,1,7,2,9,20,0,1,19,10,68,0,0,1.44,3.62,14,0,17.24,0.0,5,8,21,16,5,4,1,,86,59.72,2,0,1,53,2,21,2,15,1252,1,,0,0,0,0,0.0,0,0,0,1,167,5,0,7.24,1,1,0,0,0,0,0,0,250.4,0.0,0,23,6,9,13,33,68.75,0,12,6,50.0,21,15,48,35,95,58.28,20,264,120,349,144.8,29,4,637,41,1,0,Arnaud Nordin,Montpellier,848458,1642,france,2324
30,19,35.85,130,33,60.0,276,183,440,84.45,9,50.0,9,14,3,0,0,0,57.0,7,0,8,1,4,14,0,0,10,6,46,0,0,2.36,1.05,16,0,4.55,0.0,1,4,19,19,0,0,1,,38,50.67,0,0,0,81,9,25,1,10,865,0,,0,0,0,0,0.0,0,0,0,0,152,5,0,7.24,0,0,0,0,0,0,0,0,865.0,0.0,2,5,17,9,5,10,58.82,0,13,7,53.85,25,63,17,53,47,50.54,55,370,204,521,101.3,22,1,711,15,1,0,Imrân Louza,Lorient,965943,1656,france,2324
68,20,23.26,522,77,68.75,1002,650,1632,85.62,9,42.86,12,34,3,0,0,0,236.0,9,2,9,10,23,34,0,0,45,69,184,0,2,7.2,2.19,34,0,4.17,0.0,1,4,54,45,9,0,1,,173,50.14,0,0,0,274,48,57,1,34,3024,1,,0,0,0,1,0.0,0,0,0,0,483,25,0,7.24,0,0,0,0,0,0,0,0,3024.0,0.0,0,9,15,6,9,52,65.0,0,91,64,70.33,57,112,80,86,182,49.73,112,1264,728,1906,246.0,24,2,2529,30,1,0,Maxence Caqueret,Olympique Lyonnais,859027,1649,france,2324
34,1,33.33,155,28,58.33,319,184,502,87.92,9,56.25,7,10,0,0,0,0,55.0,1,0,2,3,15,10,0,0,8,12,44,0,0,1.17,0.61,13,0,0.0,0.0,0,0,12,10,2,0,0,,34,47.89,0,0,1,69,15,10,0,10,853,0,,0,1,0,0,0.0,0,0,0,0,101,8,0,7.23,0,0,0,0,0,0,0,0,0.0,0.0,0,4,6,5,3,5,50.0,0,23,12,52.17,9,52,10,3,43,49.43,48,370,204,571,72.3,10,1,715,6,2,0,Valentin Rongier,Olympique de Marseille,581314,1641,france,2324
92,38,26.57,343,197,62.74,658,801,1421,81.9,7,33.33,14,33,3,0,0,0,221.0,5,0,4,15,63,33,0,0,12,26,94,1,0,4.35,0.48,24,0,14.29,0.0,2,5,30,28,2,2,0,,122,60.4,0,0,1,314,28,35,0,33,2970,0,,0,0,0,0,0.0,0,0,0,0,535,8,0,7.23,0,2,0,0,0,0,0,0,1485.0,0.0,4,3,11,3,7,19,51.35,0,78,51,65.38,35,169,37,143,129,57.85,314,984,894,1735,238.5,14,3,2569,25,7,0,Kenny Lala,Stade Brestois,141080,1715,france,2324
129,0,0.0,26,218,48.99,96,643,739,75.72,5,100.0,0,33,0,0,0,0,255.0,0,0,0,14,16,33,1,0,0,0,1,1,2,0.22,0.0,1,0,0.0,171.0,0,0,35,33,2,0,0,9.1,3,75.0,0,29,0,237,0,2,0,33,2970,0,,1,0,0,1,0.0,8,0,1,0,244,0,6,7.23,0,0,16,73,29,104,1,16,0.0,0.0,0,0,0,0,0,0,0.0,14,1,1,100.0,2,224,0,0,8,88.89,445,250,726,976,238.5,0,1,1286,3,3,0,Brice Samba,RC Lens,164055,1648,france,2324
13,6,17.65,106,10,62.5,197,98,289,74.68,15,24.59,46,20,4,0,0,0,69.0,4,7,13,2,1,20,0,0,25,9,144,0,0,0.97,9.54,13,0,22.41,0.0,13,17,37,36,1,11,2,,71,42.01,0,0,2,98,8,21,3,20,1753,1,,0,0,3,0,100.0,0,3,0,0,269,20,0,7.23,0,10,0,0,0,0,0,0,134.85,0.0,4,43,15,17,28,42,44.68,0,4,3,75.0,21,16,94,34,86,37.39,16,302,119,387,144.5,58,1,761,26,1,0,Georges Mikautadze,Metz,1009372,1651,france,2324
6,1,50.0,205,5,83.33,358,179,536,82.72,22,24.44,68,34,4,0,0,1,83.0,8,15,14,2,4,33,0,0,44,18,174,0,0,2.28,17.47,29,0,24.05,0.0,19,23,31,29,2,17,2,,96,47.52,3,0,2,112,9,32,6,30,2637,13,,0,0,3,0,66.67,0,2,0,2,237,18,0,7.22,0,10,0,0,0,0,0,0,138.79,0.0,0,66,13,18,47,15,44.12,0,26,15,57.69,32,10,34,2,118,40.41,6,444,206,648,238.4,79,4,1021,56,4,0,Jonathan David,Lille,935564,1643,france,2324
45,42,26.42,308,38,37.62,601,366,925,79.95,13,40.63,19,27,4,0,0,0,125.0,5,1,9,4,39,27,0,1,7,23,74,0,0,5.28,1.28,11,0,10.71,0.0,3,7,25,23,2,1,2,,81,59.56,0,0,1,232,36,46,1,25,2070,3,,0,0,0,0,0.0,0,0,0,0,432,9,0,7.22,1,2,0,0,0,0,0,0,690.0,0.0,3,7,21,11,8,19,57.58,0,47,20,42.55,46,106,33,159,94,55.95,101,882,434,1157,195.0,28,3,1836,16,2,0,Jonathan Clauss,Olympique de Marseille,821728,1641,france,2324
18,0,0.0,103,27,38.03,308,344,652,84.68,36,63.16,21,12,1,0,0,0,65.0,1,0,0,3,40,12,0,0,1,9,45,0,0,0.23,0.25,12,0,0.0,1.0,0,1,13,10,3,0,0,,36,60.0,0,0,0,118,22,3,0,11,1035,1,,0,0,0,0,0.0,0,0,0,0,129,3,0,7.22,0,0,0,0,0,0,0,0,0.0,0.0,0,3,1,3,1,4,66.67,0,27,12,44.44,3,42,6,1,72,61.54,71,383,388,770,86.6,4,2,929,5,2,0,Mohammed Salisu,AS Monaco,946158,1653,france,2324
19,0,0.0,142,42,65.63,480,682,1162,92.3,33,63.46,19,21,2,0,0,0,83.0,3,1,3,5,45,21,0,0,5,8,51,0,1,0.67,2.04,16,0,31.25,8.0,5,7,22,20,2,5,0,,45,58.44,3,0,0,97,21,13,1,19,1706,2,,0,0,0,1,0.0,0,0,0,0,124,2,0,7.21,0,1,0,0,0,0,0,0,341.2,0.0,0,16,0,6,7,5,62.5,0,29,20,68.97,13,31,8,3,78,60.47,64,531,731,1259,151.4,16,4,1504,12,3,0,Bafodé Diakité,Lille,962408,1643,france,2324
0,0,0.0,8,0,0.0,14,11,25,89.29,0,0.0,1,2,0,0,0,0,9.0,0,0,2,0,0,2,0,0,5,0,10,0,0,0.1,0.26,0,0,33.33,0.0,1,1,3,3,0,1,0,,10,52.63,0,0,0,3,0,3,0,1,88,0,,0,0,0,0,0.0,0,0,0,0,22,3,0,7.2,0,1,0,0,0,0,0,0,88.0,0.0,0,2,1,0,1,6,60.0,0,3,3,100.0,3,1,10,4,10,50.0,0,21,11,28,14.4,3,0,66,1,0,0,Othmane Maamma,Montpellier,1515917,1642,france,2324
26,16,19.28,231,51,46.79,451,483,918,83.15,14,37.84,23,29,2,0,0,0,127.0,4,0,15,12,34,29,0,0,26,22,144,0,0,2.59,1.37,38,0,3.03,0.0,1,3,27,25,2,0,1,,202,62.54,0,0,1,186,15,27,0,26,2369,0,,0,0,0,1,0.0,0,0,0,0,397,18,0,7.19,0,1,0,0,0,0,0,0,2369.0,0.0,0,13,20,11,7,54,60.0,0,63,42,66.67,27,65,90,83,216,60.0,109,655,532,1104,208.5,33,2,1883,87,6,0,Tiago Santos,Lille,1087364,1643,france,2324
91,0,0.0,16,196,42.61,93,618,711,72.04,7,87.5,1,34,0,0,0,0,254.0,0,0,0,4,26,34,0,0,0,1,2,0,3,0.03,0.0,0,0,0.0,228.0,0,0,66,60,6,0,0,-1.71,2,66.67,0,19,0,276,0,0,0,34,3060,0,,0,0,0,0,0.0,8,0,0,0,280,0,11,7.19,0,0,4,86,56,144,4,33,0.0,0.0,0,0,0,0,0,1,100.0,4,0,0,0.0,0,177,1,0,9,81.82,460,283,704,987,244.4,0,2,1353,3,1,0,Yvon Mvogo,Lorient,149656,1656,france,2324
44,28,23.73,316,46,69.7,615,432,1019,85.7,8,25.81,23,33,4,1,0,0,144.0,3,7,21,3,5,33,0,0,42,16,128,0,1,3.95,9.46,22,0,10.81,0.0,8,12,43,38,5,8,0,,114,52.05,1,0,4,170,8,49,7,29,2561,3,,0,0,5,0,80.0,0,4,0,0,401,10,0,7.18,0,0,0,0,0,0,0,0,320.13,0.0,10,32,42,23,30,34,54.84,0,25,14,56.0,49,85,62,118,122,48.8,66,837,470,1189,237.1,74,2,1742,56,4,0,Muhammed-Cham Saračević,Clermont Foot,958901,1680,france,2324
74,0,0.0,35,226,32.19,165,228,393,44.91,13,86.67,2,34,0,0,0,0,295.0,0,0,0,6,47,34,0,0,0,1,4,1,2,0.05,0.0,1,0,0.0,292.0,0,0,57,51,6,0,0,-2.82,11,84.62,0,41,0,482,3,0,0,34,2988,0,,0,0,0,1,0.0,6,0,0,0,489,0,23,7.18,0,0,7,87,41,129,2,26,0.0,0.0,0,0,0,0,0,3,100.0,7,2,1,50.0,0,174,3,0,24,85.71,702,592,283,875,244.1,0,4,1250,7,3,0,Alexandre Oukidja,Metz,32668,1651,france,2324
89,0,0.0,19,199,38.79,94,443,537,62.08,6,100.0,0,30,1,0,0,0,220.0,1,0,0,10,26,30,0,0,0,1,1,1,0,0.08,0.0,0,0,0.0,221.0,0,1,37,32,5,0,0,0.19,2,66.67,0,27,0,328,0,2,0,30,2700,0,,1,0,0,0,0.0,5,0,1,0,336,0,10,7.18,0,0,5,63,40,104,1,25,0.0,0.0,0,0,0,0,0,0,0.0,5,0,0,0.0,2,209,0,0,8,88.89,513,338,527,865,215.3,0,1,1179,2,1,0,Benjamin Lecomte,Montpellier,123207,1642,france,2324
14,15,19.74,175,16,33.33,332,211,528,78.34,39,54.93,32,22,2,0,0,0,75.0,3,0,5,2,38,20,0,0,6,18,81,0,0,1.97,1.29,25,0,4.76,0.0,1,3,24,21,3,1,0,,84,63.16,0,0,0,146,11,17,1,16,1476,3,,0,0,0,0,0.0,0,0,0,0,286,7,0,7.18,0,0,0,0,0,0,0,0,1476.0,0.0,1,16,5,9,7,10,76.92,0,57,41,71.93,17,26,13,76,123,60.29,48,506,244,674,143.5,21,2,1125,18,0,0,Ismail Jakobs,AS Monaco,897291,1653,france,2324
60,3,21.43,393,63,48.84,897,550,1444,82.23,17,51.52,16,32,4,0,0,0,230.0,7,5,17,7,31,32,0,0,33,36,148,0,1,4.73,5.04,37,0,7.69,0.0,4,8,33,28,5,3,1,,133,50.19,1,0,2,312,37,40,1,31,2701,1,,1,0,0,1,0.0,0,0,0,0,447,28,0,7.17,0,2,0,0,0,0,0,0,675.25,0.0,0,26,26,21,14,39,60.0,0,61,39,63.93,40,138,65,14,150,50.34,129,1163,607,1756,229.4,52,4,2249,33,3,0,Youssouf Fofana,AS Monaco,945062,1653,france,2324
3,0,0.0,111,3,60.0,193,110,303,77.3,30,54.55,25,29,1,0,0,0,44.0,5,7,19,1,16,27,0,0,16,14,82,0,0,1.56,10.95,19,0,20.0,0.0,11,12,14,13,1,11,0,,55,49.11,3,0,1,89,5,16,2,16,1420,3,,0,0,1,0,100.0,0,1,0,2,158,15,0,7.16,0,6,0,0,0,0,0,0,129.09,0.0,0,48,7,15,21,8,42.11,0,25,15,60.0,16,8,19,3,85,50.9,5,246,149,392,193.4,55,2,642,22,1,0,Gonçalo Ramos,Paris Saint-Germain,934510,1644,france,2324
97,0,0.0,27,250,48.17,162,531,693,72.04,3,75.0,1,32,0,0,0,0,224.0,0,0,0,13,31,32,1,1,0,1,3,3,0,0.06,0.0,1,0,0.0,188.0,0,0,34,32,2,0,0,3.7,0,0.0,0,16,0,269,0,3,0,32,2878,0,,0,0,0,1,0.0,3,0,1,0,275,0,13,7.16,1,0,21,59,36,96,1,18,0.0,0.0,0,0,0,0,0,0,0.0,21,0,0,0.0,3,169,0,0,3,50.0,519,379,583,962,229.2,0,1,1257,0,3,0,Marco Bizot,Stade Brestois,100390,1715,france,2324
24,11,20.37,307,15,51.72,485,157,631,81.95,4,16.67,20,28,4,0,0,0,110.0,4,6,5,0,3,28,0,0,40,24,136,0,0,3.42,5.39,33,0,19.44,0.0,7,11,17,13,4,7,0,,95,45.02,0,0,0,139,9,39,5,18,1632,1,,0,1,0,0,0.0,0,0,0,0,297,25,0,7.16,0,2,0,0,0,0,0,0,233.14,0.0,1,29,7,9,22,27,55.1,0,37,23,62.16,38,40,49,54,99,42.13,29,642,182,770,200.5,36,1,1147,31,5,0,Maghnes Akliouche,AS Monaco,1130939,1653,france,2324
33,62,32.63,207,43,35.54,482,462,882,76.76,32,69.57,14,28,4,0,0,0,150.0,4,1,4,4,51,28,0,0,23,27,102,0,1,4.76,1.36,20,0,13.64,0.0,3,7,39,33,6,2,1,,102,53.68,0,0,1,267,35,46,3,28,2447,0,,0,0,0,1,0.0,0,0,0,1,501,6,0,7.16,0,0,0,0,0,0,0,0,815.67,0.0,7,7,15,9,9,29,58.0,0,55,36,65.45,46,92,50,190,134,56.78,121,766,573,1149,200.4,22,5,1970,18,6,0,Christopher Operi,Le Havre,858977,1662,france,2324
40,0,0.0,259,90,63.83,932,1152,2084,94.13,48,62.34,29,26,0,0,0,0,128.0,0,5,3,8,98,26,0,0,1,8,54,0,1,0.92,1.39,14,0,0.0,1.0,0,0,25,23,2,0,0,,34,57.63,0,0,1,130,23,0,0,22,1999,1,,0,0,0,2,0.0,0,0,0,0,141,1,0,7.15,0,0,0,0,0,0,0,0,0.0,0.0,0,9,1,6,1,3,60.0,0,22,12,54.55,0,65,5,1,82,60.29,141,1020,1195,2214,185.9,10,1,2453,11,2,0,Danilo Pereira,Paris Saint-Germain,99545,1644,france,2324
71,14,38.89,272,75,72.82,556,487,1029,85.82,37,61.67,23,25,1,0,0,0,117.0,1,1,9,3,17,25,0,0,22,19,90,0,0,3.57,3.24,24,0,5.13,1.0,2,3,28,22,6,2,0,,61,47.66,0,0,2,170,10,26,1,21,1750,1,,0,0,1,1,100.0,0,1,0,0,250,12,0,7.15,0,1,0,0,0,0,0,0,875.0,0.0,1,21,18,16,14,5,55.56,0,33,21,63.64,26,105,9,36,98,52.13,103,711,524,1199,178.7,39,2,1508,23,5,0,Corentin Tolisso,Olympique Lyonnais,343067,1649,france,2324
18,21,21.65,335,25,64.1,580,248,807,89.37,4,26.67,11,23,4,0,0,0,61.0,4,1,10,3,2,22,0,0,17,21,84,0,0,4.17,1.48,17,0,13.04,0.0,3,7,13,13,0,2,1,,73,50.0,0,0,0,96,6,27,2,18,1470,1,,0,0,0,0,0.0,0,0,0,0,231,12,0,7.15,0,1,0,0,0,0,0,0,490.0,0.0,0,14,9,4,9,25,55.56,0,26,13,50.0,27,31,45,97,77,47.83,39,736,264,903,157.2,23,1,1213,22,2,0,Kang-in Lee,Paris Saint-Germain,917087,1644,france,2324
21,43,27.74,217,16,43.24,383,176,516,76.9,13,36.11,23,31,6,0,0,0,114.0,13,1,15,2,10,31,0,1,38,29,181,0,0,4.57,3.17,32,0,6.82,0.0,3,9,34,30,4,2,1,,156,49.68,0,0,3,155,20,49,2,25,2187,3,,0,0,0,0,0.0,0,0,0,0,437,19,0,7.15,1,1,0,0,0,0,0,0,729.0,0.0,4,23,21,17,12,52,45.61,0,30,22,73.33,49,44,114,155,169,48.29,37,623,203,671,221.5,44,3,1335,75,4,0,Dilane Bakwa,RC Strasbourg,963298,1659,france,2324
82,0,0.0,144,101,50.5,514,885,1399,86.46,58,61.05,37,27,0,0,0,0,167.0,0,3,1,3,84,27,0,0,10,18,94,0,0,0.54,0.85,25,0,14.29,8.0,2,2,30,27,3,1,1,,110,65.87,1,0,1,219,51,5,0,26,2275,1,,0,0,0,0,0.0,0,0,0,1,260,2,0,7.14,1,1,0,0,0,0,0,0,1137.5,0.0,0,8,6,9,4,9,60.0,0,79,50,63.29,5,147,15,2,168,64.12,200,639,981,1618,192.9,14,3,2006,23,4,1,Leonardo Balerdi,Olympique de Marseille,928236,1641,france,2324
48,0,0.0,242,61,78.21,672,540,1212,91.47,14,53.85,12,25,2,0,0,0,181.0,1,0,3,7,24,25,0,0,24,46,142,0,2,1.03,0.64,46,0,0.0,0.0,0,2,19,18,1,0,0,,146,52.9,0,0,0,113,40,14,0,21,1934,0,,0,0,0,0,0.0,0,0,0,1,184,29,0,7.14,0,0,0,0,0,0,0,0,0.0,0.0,0,2,8,6,1,21,58.33,0,98,57,58.16,14,72,36,4,160,52.98,78,754,575,1325,178.6,10,0,1689,27,5,0,Manuel Ugarte,Paris Saint-Germain,846425,1644,france,2324
50,3,50.0,246,139,57.68,649,906,1552,87.19,45,57.69,33,32,1,0,0,0,217.0,2,2,10,7,111,30,0,0,23,20,120,0,1,1.62,2.34,31,0,3.13,8.0,1,2,39,33,6,1,0,,90,50.85,1,0,1,228,55,12,0,29,2597,2,,0,0,0,3,0.0,0,0,0,0,305,5,0,7.14,0,0,0,0,0,0,0,0,2597.0,0.0,0,23,9,15,7,15,48.39,0,65,41,63.08,12,122,31,6,135,52.94,241,807,979,1780,214.3,32,5,2281,10,1,0,Emmanuel Agbadou,Stade de Reims,1013842,1682,france,2324
43,1,33.33,118,125,49.21,344,716,1059,82.73,43,62.32,26,21,0,0,0,0,144.0,0,0,2,5,110,21,0,0,5,14,62,1,1,0.24,1.5,17,0,9.09,3.0,1,1,23,19,4,1,0,,66,64.71,0,0,0,221,35,0,0,19,1742,0,,0,0,0,0,0.0,0,0,0,0,250,0,0,7.14,0,1,0,0,0,0,0,0,1742.0,0.0,0,10,1,6,3,7,87.5,0,44,28,63.64,0,119,8,3,109,63.74,254,493,790,1280,150.0,11,3,1588,17,3,0,Joseph Okumu,Stade de Reims,985933,1682,france,2324
84,1,10.0,207,123,51.04,781,1752,2532,91.08,55,63.22,32,32,1,0,0,0,219.0,2,1,5,17,75,32,0,1,5,14,92,0,2,1.22,0.94,42,0,6.67,56.0,1,2,25,23,2,1,0,,83,58.04,1,0,0,248,37,13,0,32,2844,0,,0,0,0,1,0.0,0,0,0,0,283,2,0,7.14,1,0,0,0,0,0,0,0,2844.0,0.0,0,12,3,5,5,4,80.0,0,62,30,48.39,13,181,5,10,138,60.0,241,942,1848,2780,228.5,15,6,3126,17,5,0,Dante,Nice,3577,1661,france,2324
37,1,25.0,122,44,55.0,381,460,840,89.08,22,51.16,21,15,1,0,0,0,61.0,1,0,1,5,52,15,0,0,2,17,55,0,0,0.31,0.69,17,0,8.33,15.0,1,2,18,14,4,1,0,,40,54.05,1,0,0,103,30,5,0,15,1324,0,,0,0,0,1,0.0,0,0,0,0,112,1,0,7.14,1,0,0,0,0,0,0,0,1324.0,0.0,0,12,0,7,4,3,100.0,0,32,22,68.75,5,57,3,4,62,52.99,80,439,508,943,107.1,12,4,1149,5,2,1,Thilo Kehrer,AS Monaco,281277,1653,france,2324
6,1,16.67,29,7,77.78,84,115,198,92.09,2,50.0,2,6,0,0,0,0,28.0,2,0,1,0,1,5,0,0,3,2,18,0,0,0.42,0.13,3,0,25.0,0.0,1,1,1,1,0,1,0,,24,60.0,0,0,0,17,4,4,1,5,362,0,,0,0,0,0,0.0,0,0,0,0,41,3,0,7.14,0,0,0,0,0,0,0,0,362.0,0.0,0,2,2,2,1,11,57.89,0,9,3,33.33,4,9,19,6,26,59.09,9,103,118,215,35.7,4,0,305,4,2,0,Youcef Atal,Nice,894238,1661,france,2324
21,3,33.33,277,13,68.42,404,148,549,74.49,15,34.09,29,32,2,0,0,0,72.0,6,14,12,4,1,32,0,0,39,10,113,0,0,5.71,12.49,11,0,25.0,0.0,16,18,32,28,4,16,0,,41,32.8,3,0,1,188,8,37,8,26,2329,32,,0,0,1,0,100.0,0,1,0,0,318,28,0,7.14,0,5,0,0,0,0,0,0,145.56,0.0,0,64,0,21,31,17,38.64,0,4,3,75.0,37,51,44,9,56,33.14,19,572,174,737,228.4,64,3,1037,20,2,0,Wissam Ben Yedder,AS Monaco,119192,1653,france,2324
13,22,25.0,200,18,75.0,368,210,556,84.76,3,42.86,4,28,6,0,0,0,73.0,8,4,11,3,3,28,0,0,27,10,93,0,0,4.26,4.23,7,0,15.38,0.0,6,12,19,18,1,5,1,,105,54.12,1,0,1,100,8,33,2,24,2008,9,,0,0,0,0,0.0,0,0,0,0,291,9,0,7.13,0,3,0,0,0,0,0,0,334.67,0.0,4,26,13,9,19,63,57.8,0,18,7,38.89,33,19,109,88,108,53.73,24,511,233,656,199.7,39,1,1086,24,1,0,Jérémie Boga,Nice,367056,1661,france,2324
6,1,6.67,120,3,42.86,171,40,210,79.55,5,41.67,7,16,2,0,0,0,56.0,5,0,11,0,2,16,0,0,28,15,87,0,0,1.74,1.21,9,0,13.04,0.0,3,5,17,13,4,3,0,,82,50.62,0,0,0,54,4,19,1,13,1199,2,,0,1,0,0,0.0,0,0,0,2,181,11,0,7.13,0,2,0,0,0,0,0,0,399.67,0.0,0,16,7,4,8,30,50.85,0,14,4,28.57,18,12,59,15,87,50.0,7,234,45,264,114.1,23,0,557,38,1,0,Yann Gboho,Toulouse,911851,1681,france,2324
14,1,20.0,165,14,87.5,272,123,394,80.24,34,48.57,36,24,3,0,0,0,52.0,5,1,12,3,14,24,0,1,18,8,93,0,0,2.37,5.21,13,0,18.42,0.0,7,10,24,22,2,7,0,,57,50.0,0,0,2,97,9,16,3,19,1542,9,,0,0,0,0,0.0,0,0,0,0,174,14,0,7.13,1,4,0,0,0,0,0,0,220.29,0.0,0,35,3,10,16,16,47.06,0,14,9,64.29,16,19,34,5,91,49.46,16,363,133,491,171.1,38,2,749,28,2,0,Martin Terrier,Stade Rennais,846445,1658,france,2324
85,0,0.0,21,149,36.52,65,730,795,74.93,8,100.0,0,33,0,0,0,0,224.0,1,0,0,15,22,33,0,0,2,1,4,1,1,0.11,0.0,1,0,0.0,123.0,0,0,32,30,2,0,0,4.47,6,60.0,0,23,0,266,0,2,0,33,2969,0,,0,0,0,1,0.0,5,0,2,0,275,0,11,7.13,0,0,5,53,40,93,0,17,0.0,0.0,0,0,0,0,0,0,0.0,4,3,0,0.0,2,165,0,0,14,77.78,408,264,797,1061,235.2,0,1,1347,7,1,0,Lucas Chevalier,Lille,996953,1643,france,2324
56,0,0.0,168,80,52.29,600,903,1503,88.1,57,67.06,28,30,0,0,0,0,216.0,0,3,2,12,115,30,0,0,8,15,75,0,1,0.7,1.91,23,0,4.76,37.0,1,1,32,30,2,1,0,,81,63.28,1,0,0,203,23,8,0,30,2655,2,,0,0,0,0,0.0,0,0,0,0,246,1,0,7.13,0,0,0,0,0,0,0,0,2655.0,0.0,0,16,5,14,5,11,84.62,0,24,14,58.33,8,101,13,3,138,64.79,153,723,986,1706,213.8,21,2,2087,48,6,0,Kevin Danso,RC Lens,794953,1648,france,2324
80,2,10.53,318,70,50.0,793,804,1595,84.26,79,58.09,57,30,0,0,0,0,195.0,1,3,7,12,56,30,0,0,22,38,176,0,0,2.19,2.62,51,0,17.39,0.0,4,4,24,23,1,4,0,,141,54.23,4,0,0,298,35,19,0,29,2573,1,,0,0,0,0,0.0,0,0,0,0,385,18,0,7.12,0,0,0,0,0,0,0,0,643.25,0.0,0,12,11,7,9,10,43.48,0,89,49,55.06,19,160,23,19,220,55.56,140,1021,891,1893,213.7,23,1,2340,43,9,0,Benjamin André,Lille,51665,1643,france,2324
19,23,29.87,205,22,78.57,375,192,544,85.0,6,40.0,9,25,2,0,0,0,75.0,3,0,4,0,5,25,0,0,22,13,74,1,0,3.08,3.01,12,0,13.33,0.0,4,6,19,19,0,4,0,,61,48.41,0,0,3,96,16,26,1,17,1509,0,,0,0,0,0,0.0,0,0,0,1,228,7,0,7.12,0,3,0,0,0,0,0,0,377.25,0.0,2,22,8,12,14,20,52.63,0,18,10,55.56,26,35,38,77,67,47.52,28,502,215,640,178.0,30,2,952,23,3,0,David Pereira da Costa,RC Lens,1023091,1648,france,2324
2,0,0.0,68,2,66.67,106,78,184,73.6,24,43.64,31,16,3,0,0,0,35.0,2,6,8,1,3,16,0,0,25,6,98,0,0,1.16,6.41,22,0,21.05,0.0,8,11,19,19,0,8,0,,38,36.19,4,0,1,66,2,14,0,14,1148,11,,0,0,1,0,100.0,0,1,0,0,145,6,0,7.12,0,4,0,0,0,0,0,0,143.5,0.0,0,37,1,12,18,11,39.29,0,14,9,64.29,14,3,28,2,62,38.75,3,159,93,250,113.9,38,2,457,14,3,0,Mohamed Bamba,Lorient,1405239,1656,france,2324
32,17,22.67,280,26,40.0,544,343,870,83.98,24,50.0,24,25,3,0,0,0,106.0,4,3,3,10,42,25,0,0,10,18,82,0,0,3.97,1.41,20,0,8.33,0.0,1,4,19,19,0,1,0,,83,58.87,1,0,1,166,26,27,0,22,1923,3,,0,1,0,1,0.0,0,0,0,0,294,17,0,7.12,0,0,0,0,0,0,0,0,1923.0,0.0,0,9,3,5,4,6,33.33,0,53,31,58.49,26,67,18,75,107,56.61,65,727,384,1036,177.9,12,2,1583,24,3,0,Ruben Aguilar,RC Lens,579576,1648,france,2324
46,1,5.26,262,70,56.0,701,847,1547,90.57,23,58.97,16,27,1,0,0,0,124.0,5,1,0,3,34,27,0,0,5,21,70,0,0,1.36,0.47,23,0,16.67,0.0,1,2,20,19,1,0,1,,91,62.76,0,0,0,161,27,12,1,23,1915,1,,0,0,0,0,0.0,0,0,0,1,216,5,0,7.11,0,0,0,0,0,0,0,0,1915.0,0.0,0,3,3,4,2,9,64.29,0,52,36,69.23,12,94,14,19,114,61.96,125,812,915,1708,192.0,6,3,2103,30,6,0,Lucas Hernández,Paris Saint-Germain,352370,1644,france,2324
41,24,33.8,360,58,65.17,582,237,795,81.12,3,27.27,8,33,6,0,0,0,98.0,5,6,21,1,1,32,0,0,43,29,138,0,0,5.53,5.17,10,0,1.75,0.0,1,7,34,30,4,1,0,,138,51.49,0,0,1,185,7,42,0,19,1717,2,,0,0,0,0,0.0,0,0,0,0,387,16,0,7.11,0,1,0,0,0,0,0,0,1717.0,0.0,1,45,12,19,17,81,62.79,0,28,15,53.57,42,69,129,71,141,50.54,89,794,257,980,227.5,57,1,1478,31,0,0,Rayan Cherki,Olympique Lyonnais,979128,1649,france,2324
20,18,25.71,244,36,81.82,421,151,554,79.03,6,28.57,15,31,4,0,0,0,96.0,5,2,11,1,8,31,0,0,44,23,146,0,0,3.72,2.38,35,0,11.76,0.0,4,8,21,19,2,3,1,,151,53.55,0,0,1,147,14,31,0,17,1632,2,,0,0,0,1,0.0,0,0,0,1,348,16,0,7.11,0,4,0,0,0,0,0,0,408.0,0.0,0,20,14,10,13,64,67.37,0,32,18,56.25,31,37,95,70,157,51.82,44,587,184,701,220.3,34,1,1208,55,3,0,Désiré Doué,Stade Rennais,1154605,1658,france,2324
18,3,21.43,145,15,57.69,256,159,412,68.33,60,57.14,45,33,2,1,0,1,68.0,3,12,20,4,35,33,0,0,29,6,129,0,0,1.78,14.19,37,0,16.67,0.0,14,16,37,32,5,14,0,,93,52.54,6,0,3,191,3,18,3,28,2516,20,,0,0,3,0,33.33,0,1,0,1,296,25,0,7.11,0,5,0,0,0,0,0,0,179.71,0.0,1,75,9,30,34,20,58.82,0,29,15,51.72,18,33,34,14,153,54.26,26,408,209,603,234.5,84,3,980,45,6,0,Thijs Dallinga,Toulouse,905381,1681,france,2324
48,0,0.0,24,180,35.71,118,358,476,59.06,12,100.0,0,33,0,0,0,0,264.0,1,0,0,7,20,33,0,0,0,2,2,1,0,0.06,0.0,0,0,0.0,222.0,0,0,43,37,6,0,0,5.85,4,66.67,0,29,0,330,0,1,0,33,2970,0,,0,0,0,0,0.0,3,0,1,0,335,0,7,7.1,0,0,10,77,35,112,0,19,0.0,0.0,0,0,0,0,0,0,0.0,9,0,0,0.0,1,105,0,0,16,88.89,504,359,447,806,234.4,0,0,1129,9,2,0,Arthur Desmas,Le Havre,798306,1662,france,2324
16,4,44.44,174,33,70.21,522,556,1074,91.64,10,41.67,14,25,0,0,0,0,165.0,3,1,8,6,40,25,0,0,12,18,86,0,0,1.11,1.4,33,0,15.38,0.0,4,4,32,27,5,3,1,,80,52.63,2,0,0,98,47,11,0,24,2141,0,,0,0,0,1,0.0,0,0,0,0,155,11,0,7.1,2,2,0,0,0,0,0,0,535.25,0.0,0,11,15,8,10,29,76.32,0,38,27,71.05,11,35,38,9,90,51.14,47,590,591,1172,177.5,26,3,1513,13,9,2,Denis Zakaria,AS Monaco,770677,1653,france,2324
80,5,38.46,135,150,42.86,423,1085,1503,83.27,87,61.27,55,33,1,0,0,0,174.0,3,0,6,15,134,33,0,0,4,31,127,2,1,1.29,1.54,35,0,5.56,0.0,1,2,33,31,2,1,0,,81,52.94,0,0,1,302,53,10,0,33,2970,0,,0,0,0,0,0.0,0,0,0,0,338,3,0,7.09,0,1,0,0,0,0,0,0,2970.0,0.0,0,17,1,9,3,2,33.33,0,57,34,59.65,10,170,6,13,168,56.95,350,656,1162,1805,234.1,18,2,2249,23,4,0,Brendan Chardonnet,Stade Brestois,328035,1715,france,2324
14,4,66.67,59,19,38.78,255,588,839,88.13,49,73.13,18,21,0,0,0,0,80.0,1,2,4,3,88,21,0,1,2,6,45,1,0,0.46,2.48,21,0,15.79,34.0,3,3,26,24,2,3,0,,48,64.0,1,0,0,113,25,7,0,20,1729,1,,0,0,0,1,0.0,0,0,0,0,131,3,0,7.09,1,2,0,0,0,0,0,0,576.33,0.0,0,19,0,6,9,3,60.0,0,33,22,66.67,7,33,5,6,97,68.31,49,329,629,952,148.9,19,3,1217,14,7,0,Samuel Gigot,Olympique de Marseille,339231,1641,france,2324
32,19,26.03,152,41,32.28,337,452,770,78.09,28,40.58,41,30,3,0,0,0,149.0,5,1,2,6,94,30,0,0,11,18,115,0,0,2.06,1.42,28,0,15.79,0.0,3,6,46,39,7,3,0,,94,55.95,3,0,0,216,50,32,0,30,2700,1,,0,0,0,0,0.0,0,0,0,0,390,2,0,7.09,0,0,0,0,0,0,0,0,900.0,0.0,0,17,2,9,8,20,52.63,0,55,37,67.27,32,91,38,73,122,51.48,127,532,527,986,212.7,19,1,1742,20,5,0,Matthieu Udol,Metz,787827,1651,france,2324
22,11,21.57,301,18,64.29,486,225,700,84.54,7,29.17,17,30,2,0,0,0,87.0,7,6,6,3,5,30,0,0,16,34,107,0,0,3.62,5.24,16,0,6.06,0.0,2,4,16,15,1,2,0,,113,55.67,0,0,1,128,5,32,1,14,1492,3,,0,0,0,0,0.0,0,0,0,0,247,18,0,7.09,0,1,0,0,0,0,0,0,746.0,0.0,0,26,7,13,14,21,46.67,0,54,36,66.67,32,40,45,51,120,52.86,28,637,242,828,212.7,33,3,1197,38,0,0,Rémy Cabella,Lille,72998,1643,france,2324
25,12,30.77,331,20,55.56,582,219,789,87.09,4,20.0,16,28,2,0,0,0,121.0,5,2,9,3,2,28,0,0,37,24,122,0,0,3.61,3.71,19,0,3.03,0.0,1,3,20,20,0,1,0,,118,52.68,0,0,1,117,12,39,1,21,1838,1,,0,0,0,0,0.0,0,0,0,0,261,20,0,7.09,0,0,0,0,0,0,0,0,1838.0,0.0,1,22,11,16,8,39,59.09,0,28,16,57.14,39,42,66,39,122,50.0,36,710,235,906,198.4,33,3,1310,51,5,0,Amine Harit,Olympique de Marseille,827522,1641,france,2324
99,5,14.71,362,96,58.18,778,759,1532,85.92,15,51.72,14,33,1,0,0,0,226.0,2,0,7,3,56,33,0,0,30,58,154,2,1,1.93,1.17,36,0,7.69,5.0,2,3,59,53,6,1,1,,165,54.1,0,0,1,251,61,30,1,32,2862,1,,0,0,0,0,0.0,0,0,0,0,368,13,0,7.08,0,1,0,0,0,0,0,0,1431.0,0.0,0,2,24,8,11,44,70.97,0,85,52,61.18,30,188,62,34,180,53.89,165,976,841,1783,233.8,26,1,2311,36,4,0,Laurent Abergel,Lorient,296434,1656,france,2324
9,0,0.0,32,33,53.23,127,313,440,85.94,20,66.67,10,13,0,0,0,0,51.0,1,1,2,3,67,12,0,0,3,10,42,0,0,0.36,1.16,19,0,22.22,3.0,2,2,17,16,1,2,0,,44,57.89,2,0,0,72,15,3,0,12,1056,0,,0,0,0,0,0.0,0,0,0,0,85,1,0,7.08,0,0,0,0,0,0,0,0,528.0,0.0,0,7,2,4,3,2,100.0,0,34,22,64.71,3,20,2,1,64,60.38,62,168,345,512,85.0,9,2,691,8,5,0,Modibo Sagnan,Montpellier,904759,1642,france,2324
81,2,22.22,397,115,62.84,774,763,1535,86.67,40,63.49,23,28,0,0,0,0,209.0,1,1,5,3,35,28,0,0,25,13,91,1,0,2.12,0.63,22,0,0.0,0.0,0,0,35,31,4,0,0,,87,56.13,0,0,0,236,43,19,0,26,2286,1,,1,0,0,0,0.0,0,0,0,0,313,13,0,7.08,0,0,0,0,0,0,0,0,0.0,0.0,0,4,7,3,3,28,71.79,0,36,21,58.33,19,139,39,9,127,58.26,183,957,823,1771,198.3,11,0,2112,24,9,0,Nemanja Matić,Olympique Lyonnais,44241,1649,france,2324
38,4,36.36,189,80,47.34,550,874,1420,88.53,44,66.67,22,28,0,0,0,0,134.0,2,2,5,5,90,27,0,0,3,13,60,0,2,1.3,1.88,16,0,9.09,3.0,2,2,35,29,6,1,1,,51,57.3,1,0,0,184,31,6,1,27,2300,0,,0,0,0,0,0.0,0,0,0,0,222,2,0,7.08,0,0,0,0,0,0,0,0,1150.0,0.0,1,14,8,12,5,7,53.85,0,30,17,56.67,6,83,13,11,95,61.29,169,690,925,1604,191.2,22,3,1929,17,4,0,Arthur Theate,Stade Rennais,965778,1658,france,2324
9,14,31.11,214,25,65.79,391,297,674,84.04,32,51.61,30,32,3,0,0,0,77.0,4,4,13,1,18,32,0,0,23,29,136,0,0,2.45,4.86,37,0,16.67,0.0,7,10,24,22,2,5,2,,110,50.93,0,0,1,128,27,32,1,26,2038,3,,0,0,1,0,100.0,0,1,0,1,243,11,0,7.08,0,6,0,0,0,0,0,0,291.14,0.0,0,31,11,14,15,17,44.74,0,55,39,70.91,32,18,38,45,142,51.08,38,514,333,802,226.6,42,3,1199,38,7,0,Mahdi Camara,Stade Brestois,916041,1715,france,2324
31,2,18.18,173,33,64.71,381,396,775,90.12,4,33.33,8,21,3,0,0,0,83.0,2,2,7,3,17,21,0,0,3,19,38,0,2,1.53,1.96,6,0,5.26,0.0,1,4,12,12,0,1,0,,61,67.03,0,0,0,85,11,19,1,14,1194,1,,0,1,0,0,0.0,0,0,0,0,113,8,0,7.08,0,0,0,0,0,0,0,0,1194.0,0.0,0,6,13,6,6,16,88.89,0,34,23,67.65,18,43,18,11,65,63.11,51,447,424,860,148.7,19,1,1024,11,3,0,Fabián Ruiz,Paris Saint-Germain,784655,1644,france,2324
7,0,0.0,281,11,73.33,448,174,622,82.6,15,44.12,19,31,3,0,0,0,75.0,3,5,22,0,9,31,0,0,40,11,135,0,0,2.39,7.37,27,0,8.97,0.0,7,10,37,31,6,7,0,,89,43.41,1,0,0,131,14,21,1,24,2081,1,,0,0,0,0,0.0,0,0,0,1,263,15,0,7.08,0,4,0,0,0,0,0,0,297.29,0.0,0,66,12,29,27,46,53.49,0,20,10,50.0,21,13,86,7,104,43.51,15,560,200,753,219.5,78,1,1158,23,2,0,Amine Gouiri,Stade Rennais,859026,1658,france,2324
36,6,12.5,164,42,48.28,363,263,620,76.54,12,32.43,25,20,1,0,0,0,126.0,2,0,12,4,36,20,0,0,13,38,141,0,1,1.99,2.13,45,0,10.0,0.0,3,4,25,22,3,3,0,,94,44.76,0,0,1,190,35,19,0,20,1648,1,,0,0,0,0,0.0,0,0,0,0,322,11,0,7.08,1,3,0,0,0,0,0,0,549.33,0.0,0,12,18,8,10,17,44.74,0,60,41,68.33,19,83,38,48,106,42.91,87,547,311,810,141.6,30,1,1314,17,4,1,Vanderson,AS Monaco,1090694,1653,france,2324
51,25,21.93,388,67,53.17,692,351,1018,83.99,9,32.14,19,29,2,0,0,0,151.0,10,1,9,4,23,29,0,0,23,21,95,0,0,4.63,2.91,22,0,2.78,0.0,1,3,34,31,3,1,0,,61,44.53,1,0,1,194,13,48,0,24,2190,1,,0,0,0,0,0.0,0,0,0,0,352,10,0,7.08,0,0,0,0,0,0,0,0,2190.0,0.0,6,10,26,18,9,9,42.86,0,38,22,57.89,48,91,21,114,70,42.42,126,927,399,1212,205.3,36,1,1579,14,4,0,Jordan Veretout,Olympique de Marseille,151124,1641,france,2324
73,1,8.33,148,95,45.45,669,1550,2218,90.09,41,61.19,26,30,2,0,0,0,212.0,3,1,4,14,92,30,0,1,9,22,91,0,1,1.15,0.6,25,0,0.0,5.0,0,2,26,24,2,0,0,,90,58.06,0,0,0,244,38,9,0,30,2654,0,,1,0,0,0,0.0,0,0,0,0,298,3,0,7.08,1,0,0,0,0,0,0,0,0.0,0.0,0,5,4,4,1,16,64.0,0,58,28,48.28,9,157,25,12,131,59.01,209,841,1633,2462,212.3,9,3,2849,18,2,0,Jean-Clair Todibo,Nice,945217,1661,france,2324
56,21,42.0,171,63,68.48,381,293,653,84.15,7,53.85,6,22,1,0,0,0,92.0,4,1,3,1,13,22,0,0,9,17,55,0,0,2.58,1.22,15,0,5.0,0.0,1,2,20,17,3,1,0,,57,53.77,0,0,1,123,4,28,0,15,1293,0,,0,0,0,0,0.0,0,0,0,0,197,6,0,7.07,0,1,0,0,0,0,0,0,1293.0,0.0,2,3,17,4,13,11,55.0,0,36,21,58.33,28,95,20,50,64,53.78,92,505,321,776,155.6,20,2,998,10,4,0,Niklas Schmidt,Toulouse,795002,1681,france,2324
22,6,15.79,209,16,66.67,328,163,485,86.92,3,27.27,8,17,1,0,0,0,85.0,2,2,11,2,3,17,0,0,17,9,81,1,0,2.04,2.82,5,0,18.52,0.0,5,6,34,29,5,4,1,,104,58.76,0,0,0,73,7,16,5,16,1453,1,,0,0,0,0,0.0,0,0,0,0,217,9,0,7.07,0,0,0,0,0,0,0,0,290.6,0.0,1,13,14,6,10,44,50.57,0,13,6,46.15,16,33,87,38,107,56.91,24,411,185,558,120.2,27,2,894,47,1,0,Romain Faivre,Lorient,913942,1656,france,2324
8,0,0.0,85,15,55.56,228,216,444,87.57,12,54.55,10,11,0,0,0,0,61.0,1,0,1,1,10,11,0,0,10,9,47,1,0,0.81,0.98,10,0,8.33,0.0,1,1,11,10,1,1,0,,61,62.24,1,0,0,63,10,6,0,9,830,1,,0,0,0,0,0.0,0,0,0,0,98,3,0,7.05,0,0,0,0,0,0,0,0,830.0,0.0,0,4,8,7,4,8,47.06,0,29,18,62.07,6,15,17,3,73,60.83,27,271,239,507,77.6,12,0,666,24,4,0,Andrey Santos,RC Strasbourg,1105779,1659,france,2324
16,3,20.0,192,11,55.0,286,104,387,77.71,5,31.25,11,25,5,0,0,0,71.0,3,5,8,2,4,25,0,0,19,10,84,0,0,2.95,4.58,7,0,12.9,0.0,4,9,25,21,4,4,0,,90,55.21,0,0,1,111,4,23,1,19,1656,9,,0,0,1,0,100.0,0,1,0,0,243,18,0,7.05,0,3,0,0,0,0,0,0,414.0,0.0,0,26,5,12,11,52,58.43,0,10,9,90.0,23,30,89,15,95,53.07,20,400,113,498,176.3,31,2,811,28,0,0,Mohamed Daramy,Stade de Reims,957279,1682,france,2324
88,3,60.0,136,175,49.58,422,1080,1499,83.14,55,60.44,36,30,0,0,0,0,180.0,1,0,3,14,88,30,0,0,2,12,84,0,0,0.93,1.07,34,0,25.0,0.0,3,3,29,27,2,3,0,,66,57.89,3,0,0,304,41,6,0,30,2679,1,,0,0,0,1,0.0,0,0,0,0,329,1,0,7.05,1,0,0,0,0,0,0,0,893.0,0.0,0,9,3,5,4,12,75.0,0,31,18,58.06,6,199,16,5,121,59.02,353,631,1177,1803,211.5,12,0,2109,23,9,1,Lilian Brassier,Stade Brestois,988907,1715,france,2324
0,1,20.0,7,0,0.0,15,15,29,87.88,0,0.0,1,3,1,0,0,0,7.0,0,0,0,0,2,2,0,0,1,2,7,0,0,0.04,0.08,2,0,100.0,0.0,1,2,2,1,1,1,0,,5,45.45,0,0,0,4,1,2,1,1,111,1,,0,0,0,0,0.0,0,0,0,0,13,0,0,7.05,0,0,0,0,0,0,0,0,111.0,0.0,0,1,0,0,1,1,50.0,0,2,1,50.0,2,0,2,5,5,41.67,0,21,17,33,14.1,1,0,65,2,1,0,Emran Soglo,Olympique de Marseille,1403124,1641,france,2324
6,0,0.0,11,3,18.75,28,61,89,78.07,4,66.67,2,2,0,0,0,0,,0,0,0,0,8,2,0,0,0,2,5,0,0,0.03,0.1,0,0,33.33,,1,1,6,6,0,1,0,,6,66.67,1,0,0,25,5,0,0,2,175,1,,0,0,0,0,0.0,0,0,0,0,26,0,0,7.05,0,0,0,0,0,0,0,0,175.0,0.0,0,3,0,1,2,0,0.0,0,4,1,25.0,0,17,1,0,10,66.67,16,45,69,114,14.1,3,0,142,2,0,0,Mateusz Wieteska,Clermont Foot,286087,1680,france,2324
10,0,0.0,5,28,43.08,7,147,154,80.21,0,0.0,0,6,1,0,0,0,36.0,1,0,0,0,0,6,0,0,0,0,0,0,0,0.21,,0,0,0.0,37.0,0,1,7,7,0,0,0,-0.98,0,0.0,0,2,0,38,0,1,0,5,528,0,,0,0,0,0,0.0,0,0,0,0,38,0,0,7.05,0,0,0,12,6,19,0,4,0.0,0.0,0,0,0,0,0,0,0.0,0,0,0,0.0,1,23,0,0,0,0.0,65,31,161,192,42.3,0,0,234,0,0,0,Arnau Tenas,Paris Saint-Germain,908714,1644,france,2324
63,34,30.63,270,79,54.11,585,429,980,82.01,32,49.23,33,30,2,0,1,0,137.0,4,1,14,4,31,30,0,0,24,50,168,0,0,2.84,5.89,52,1,16.67,0.0,6,8,32,29,3,5,1,,103,43.28,0,0,1,215,27,33,0,25,2264,3,,0,1,5,0,80.0,0,4,0,2,367,13,0,7.05,0,6,0,0,0,0,0,0,377.33,14.29,7,13,23,11,11,17,60.71,0,41,24,58.54,32,126,28,111,135,44.55,146,810,496,1195,211.4,36,2,1677,47,8,0,Vincent Sierro,Toulouse,794412,1681,france,2324
24,2,25.0,429,29,80.56,835,444,1277,92.4,8,29.63,19,26,3,0,0,0,112.0,5,2,6,5,19,26,0,0,34,23,118,0,2,3.27,1.39,21,0,14.29,0.0,2,5,20,18,2,1,1,,96,49.23,0,0,1,105,15,22,0,21,1962,1,,0,1,0,1,0.0,0,0,0,0,205,9,0,7.05,0,2,0,0,0,0,0,0,981.0,0.0,0,8,6,4,4,16,43.24,0,51,28,54.9,21,33,37,8,104,46.85,36,914,476,1382,183.2,14,1,1730,30,4,0,Warren Zaïre-Emery,Paris Saint-Germain,1142672,1644,france,2324
45,9,37.5,297,48,77.42,543,348,882,87.15,11,47.83,12,25,1,0,0,0,127.0,1,0,4,0,16,24,0,0,24,24,105,0,0,2.55,0.52,24,0,0.0,0.0,0,1,24,20,4,0,0,,97,51.05,0,0,0,130,19,28,0,19,1532,0,,0,0,0,0,0.0,0,0,0,0,229,13,0,7.05,0,0,0,0,0,0,0,0,0.0,0.0,2,4,8,8,0,29,56.86,0,50,35,70.0,28,67,51,24,108,50.7,62,653,383,1012,169.1,12,0,1324,18,3,0,Enzo Le Fée,Stade Rennais,984014,1658,france,2324
18,17,24.29,113,17,36.17,242,263,488,84.14,7,36.84,12,14,0,0,0,0,68.0,3,1,0,3,35,14,0,0,2,8,53,0,0,1.27,0.31,27,0,0.0,0.0,0,0,14,12,2,0,0,,43,51.19,0,0,0,92,16,14,0,14,1237,1,,0,0,0,0,0.0,0,0,0,0,191,7,0,7.04,0,0,0,0,0,0,0,0,0.0,0.0,3,2,4,4,2,2,28.57,0,24,16,66.67,14,41,7,70,50,48.54,47,352,298,580,98.6,6,1,902,17,6,0,Renan Lodi,Olympique de Marseille,851150,1641,france,2324
28,17,20.0,187,58,41.73,448,554,985,80.74,24,36.92,41,32,0,0,0,0,136.0,1,0,7,4,89,31,0,0,13,25,127,0,1,1.37,1.08,35,0,9.52,0.0,2,2,42,36,6,2,0,,120,58.25,2,0,0,235,71,23,0,29,2493,2,,0,0,0,0,0.0,0,0,0,0,418,7,0,7.04,0,0,0,0,0,0,0,0,1246.5,0.0,4,7,14,9,5,19,57.58,0,87,50,57.47,23,71,33,85,144,53.14,139,670,635,1220,218.3,21,2,1927,15,3,0,Frédéric Guilbert,RC Strasbourg,372430,1659,france,2324
34,1,100.0,282,66,70.97,568,478,1045,87.08,39,62.9,23,28,1,0,0,0,155.0,0,1,8,4,48,28,0,0,16,13,80,0,1,0.9,0.98,24,0,5.56,0.0,1,2,36,29,7,1,0,,74,56.49,0,0,0,155,44,25,1,25,2183,0,,0,0,0,0,0.0,0,0,0,0,197,14,0,7.04,0,0,0,0,0,0,0,0,2183.0,0.0,0,9,9,7,3,11,73.33,0,46,30,65.22,25,59,15,1,113,58.55,93,675,526,1200,197.1,18,1,1520,18,5,0,Azor Matusiwa,Stade Rennais,856495,1658,france,2324
4,6,15.79,146,4,25.0,267,95,356,80.91,22,42.31,30,23,4,0,0,0,68.0,4,3,5,0,9,23,0,0,25,11,102,0,0,2.29,3.2,16,0,12.0,0.0,3,7,11,10,1,3,0,,70,49.3,0,0,1,84,13,20,0,15,1448,7,,0,0,0,0,0.0,0,0,0,0,203,10,0,7.04,0,3,0,0,0,0,0,0,482.67,0.0,0,22,3,10,10,14,35.9,0,14,8,57.14,20,12,39,38,92,47.42,16,366,112,440,161.9,25,2,752,42,1,0,Ismaïla Sarr,Olympique de Marseille,845286,1641,france,2324
75,7,35.0,328,98,48.04,809,1007,1809,87.01,37,62.71,22,31,3,0,0,0,229.0,4,1,5,11,55,31,0,0,15,25,126,1,1,2.58,1.12,51,0,5.26,2.0,1,4,36,34,2,0,1,,101,49.27,0,0,0,270,24,25,0,30,2714,2,,0,0,0,0,0.0,0,0,0,0,350,7,0,7.04,0,1,0,0,0,0,0,0,2714.0,0.0,0,8,11,2,12,18,56.25,0,64,38,59.38,25,160,32,20,138,52.27,204,997,1102,2079,218.2,19,2,2461,19,11,0,Facundo Medina,RC Lens,860307,1648,france,2324
23,8,40.0,188,27,54.0,472,504,968,87.36,19,50.0,19,27,1,0,0,0,129.0,7,6,10,8,37,27,0,0,23,20,117,0,0,3.18,3.36,33,0,2.56,0.0,1,2,18,17,1,1,0,,99,50.25,0,0,1,140,18,31,0,25,2114,2,,0,0,0,0,0.0,0,0,0,0,247,13,0,7.04,0,1,0,0,0,0,0,0,2114.0,0.0,0,23,16,18,11,35,58.33,0,42,29,69.05,31,46,60,20,118,50.21,50,582,546,1108,190.0,39,1,1482,22,7,0,Khéphren Thuram,Nice,904832,1661,france,2324
44,0,0.0,22,149,35.22,79,503,582,67.67,12,92.31,1,28,0,0,0,0,225.0,0,0,0,7,34,28,0,0,0,2,4,1,0,0.05,0.0,1,0,0.0,166.0,0,0,43,41,2,0,0,1.74,3,50.0,0,24,0,278,0,0,0,28,2497,0,,0,0,0,1,0.0,8,0,0,0,287,0,20,7.04,0,0,14,53,22,76,1,21,0.0,0.0,0,0,0,0,0,0,0.0,14,0,0,0.0,0,87,0,0,15,78.95,423,308,552,860,197.0,0,2,1161,4,2,0,Alban Lafont,Nantes,826201,1647,france,2324
85,1,16.67,217,105,64.81,588,658,1245,86.34,24,64.86,13,26,3,0,0,0,142.0,0,0,3,6,30,26,0,0,18,21,77,0,0,0.83,0.35,23,0,0.0,0.0,0,3,24,23,1,0,0,,81,55.86,0,0,0,197,37,14,0,23,1987,0,,0,0,0,1,0.0,0,0,0,0,256,7,0,7.03,0,0,0,0,0,0,0,0,0.0,0.0,1,0,10,5,2,14,77.78,0,49,32,65.31,14,135,18,6,105,57.69,162,726,722,1442,182.9,10,1,1736,18,7,0,Nabil Bentaleb,Lille,368120,1643,france,2324
1,1,14.29,35,4,44.44,93,67,159,83.68,6,75.0,2,6,1,0,0,0,14.0,2,0,0,0,1,6,0,0,3,3,18,0,0,0.48,0.32,6,0,25.0,0.0,1,2,0,0,0,1,0,,12,42.86,0,0,1,31,4,3,1,2,266,0,,0,0,0,0,0.0,0,0,0,0,48,0,0,7.03,0,0,0,0,0,0,0,0,266.0,0.0,1,2,2,3,1,6,60.0,0,5,5,100.0,3,3,10,7,18,50.0,9,120,77,190,42.2,4,0,261,1,3,0,Nuno Mendes,Paris Saint-Germain,989768,1644,france,2324
83,0,0.0,6,122,44.69,35,870,905,84.19,9,81.82,2,34,0,0,0,0,254.0,0,0,0,17,16,34,0,0,0,2,4,1,2,0.08,0.13,0,0,0.0,147.0,0,0,29,27,2,0,0,2.0,5,71.43,0,29,0,170,0,0,0,34,3060,0,,0,0,0,0,0.0,8,0,3,0,175,0,7,7.03,0,0,6,48,29,77,1,13,0.0,0.0,0,1,0,1,0,2,100.0,6,0,0,0.0,0,131,2,0,14,77.78,273,103,972,1075,239.1,1,2,1371,4,2,0,Marcin Bułka,Nice,889590,1661,france,2324
10,2,11.11,264,5,50.0,382,122,502,80.06,19,57.58,14,28,7,0,0,0,63.0,11,8,10,2,13,28,0,0,13,24,127,0,1,4.63,4.58,26,0,12.12,0.0,4,11,24,21,3,4,0,,107,48.64,0,0,2,125,12,33,0,21,1646,6,,0,0,0,0,0.0,0,0,0,0,282,16,0,7.03,1,4,0,0,0,0,0,0,411.5,0.0,0,27,6,12,11,54,50.47,0,39,18,46.15,33,20,107,18,126,49.8,10,500,145,627,196.9,33,2,1021,14,2,1,Bradley Barcola,Paris Saint-Germain,996952,1644,france,2324
60,0,0.0,173,90,42.86,523,1008,1531,85.24,61,60.4,40,31,0,0,0,0,149.0,0,2,2,6,108,31,0,0,4,19,92,1,1,0.6,3.42,26,0,18.18,74.0,4,4,46,38,8,4,0,,84,61.76,3,0,2,265,39,7,1,31,2782,0,,1,0,1,0,100.0,0,1,0,0,321,5,0,7.03,0,0,0,0,0,0,0,0,695.5,0.0,0,17,5,12,8,8,53.33,0,64,35,54.69,7,148,15,3,145,61.18,210,706,1093,1796,217.9,22,3,2233,12,5,0,Yunis Abdelhamid,Stade de Reims,178721,1682,france,2324
40,0,0.0,89,94,43.72,447,975,1422,85.0,110,73.83,39,33,0,0,0,0,150.0,1,0,4,6,154,33,0,0,2,18,100,0,1,0.48,1.12,45,0,10.53,15.0,2,2,44,39,5,2,0,,73,54.48,2,0,0,251,42,5,0,33,2927,0,,0,0,0,2,0.0,0,0,0,0,266,3,0,7.03,1,0,0,0,0,0,0,0,1463.5,0.0,0,19,0,10,5,3,75.0,0,50,30,60.0,5,85,4,0,183,64.66,215,593,1080,1673,231.9,19,2,2072,22,4,1,Rasmus Nicolaisen,Toulouse,798124,1681,france,2324
29,19,27.14,200,30,28.04,543,712,1236,83.97,25,46.3,29,32,2,0,0,0,204.0,4,0,4,12,36,32,0,1,14,26,135,0,0,2.34,0.57,40,0,6.67,0.0,1,3,22,20,2,0,1,,128,54.7,0,0,0,236,42,18,1,31,2661,1,,0,0,0,1,0.0,0,0,0,0,420,18,0,7.02,1,0,0,0,0,0,0,0,2661.0,0.0,2,2,13,6,5,37,54.41,0,69,38,55.07,18,82,68,70,153,53.13,107,746,796,1472,224.6,15,2,2215,24,7,0,Melvin Bard,Nice,906075,1661,france,2324
47,29,30.85,281,76,57.58,621,671,1263,85.45,30,54.55,25,33,3,0,0,0,213.0,4,0,5,14,55,33,0,0,28,33,163,0,0,1.91,0.29,26,0,0.0,0.0,0,3,34,32,2,0,0,,195,58.56,0,0,0,215,40,24,0,33,2960,1,,0,0,0,0,0.0,0,0,0,0,461,14,0,7.02,0,0,0,0,0,0,0,0,0.0,0.0,0,3,9,5,2,56,51.85,0,97,55,56.7,24,91,108,94,225,57.99,132,832,740,1478,231.6,12,0,2417,42,5,0,Bradley Locko,Stade Brestois,1129382,1715,france,2324
102,0,0.0,14,189,42.86,74,769,843,75.74,17,89.47,2,34,0,0,0,0,292.0,0,0,0,8,29,34,1,0,0,1,3,2,1,0.03,0.0,0,0,0.0,157.0,0,0,47,39,8,0,0,-3.69,7,87.5,0,36,1,270,1,0,0,34,3060,0,,0,0,0,0,0.0,7,0,1,0,282,0,11,7.02,0,0,18,60,31,92,1,18,0.0,0.0,0,0,0,0,0,3,100.0,17,0,0,0.0,0,187,3,0,24,88.89,441,249,864,1113,238.6,0,0,1482,9,1,0,Yehvann Diouf,Stade de Reims,845183,1682,france,2324
28,2,28.57,146,21,45.65,312,265,575,89.42,10,62.5,6,16,1,0,0,0,91.0,3,0,3,2,13,16,0,0,4,4,34,1,0,1.74,0.23,16,0,0.0,0.0,0,1,10,10,0,0,0,,57,67.06,0,0,0,68,14,9,0,13,1062,0,,0,0,0,0,0.0,0,0,0,0,98,5,0,7.01,0,0,0,0,0,0,0,0,0.0,0.0,0,0,7,2,2,3,33.33,0,29,18,62.07,9,49,9,7,67,66.34,46,366,284,643,112.2,7,1,808,25,2,0,Nampalys Mendy,RC Lens,123166,1648,france,2324
37,3,20.0,159,78,53.42,497,708,1202,88.19,40,55.56,32,25,2,0,0,0,102.0,1,1,2,6,93,25,0,0,5,13,74,1,0,1.49,1.82,21,0,10.53,17.0,2,4,25,23,2,2,0,,49,53.85,1,0,1,161,13,7,0,25,2209,2,,1,0,0,0,0.0,0,0,0,0,201,1,0,7.01,0,1,0,0,0,0,0,0,1104.5,0.0,0,18,1,15,2,7,70.0,0,33,21,63.64,7,84,10,15,89,54.6,146,624,754,1363,175.3,19,1,1659,9,1,0,Chancel Mbemba,Olympique de Marseille,238612,1641,france,2324
8,4,28.57,78,9,50.0,147,89,232,66.1,76,52.78,68,29,2,0,0,0,54.0,5,6,16,0,29,29,0,1,37,22,172,0,0,1.26,7.86,34,2,12.31,0.0,8,10,33,30,3,6,2,,68,39.53,1,0,3,119,12,23,0,24,2016,11,,0,0,3,1,100.0,0,3,0,0,272,7,0,7.01,1,7,0,0,0,0,0,0,252.0,50.0,4,52,13,23,26,15,45.45,0,21,14,66.67,23,17,33,14,144,45.57,18,254,111,351,203.2,65,2,759,36,3,0,Mostafa Mohamed,Nantes,873551,1647,france,2324
7,20,37.04,95,11,39.29,157,70,207,69.0,10,50.0,10,18,1,0,0,0,36.0,5,2,10,0,4,18,0,0,17,2,60,0,0,2.49,2.41,10,0,14.29,0.0,4,5,14,13,1,2,2,,38,43.18,1,0,0,93,3,24,1,12,1024,5,,0,0,0,0,0.0,0,0,0,0,193,3,0,7.01,0,2,0,0,0,0,0,0,256.0,0.0,1,15,13,9,9,15,41.67,0,3,2,66.67,24,30,36,54,48,44.44,28,269,85,300,126.1,28,1,534,20,1,0,Nabil Alioui,Le Havre,873049,1662,france,2324
4,6,33.33,65,4,57.14,108,46,148,77.08,12,28.57,30,18,2,0,0,0,35.0,5,5,11,1,8,18,0,0,17,9,88,0,0,2.38,5.16,16,0,8.11,0.0,3,5,10,9,1,3,0,,55,48.67,0,0,2,44,5,18,1,10,926,6,,0,0,0,0,0.0,0,0,0,0,129,7,0,7.01,0,2,0,0,0,0,0,0,308.67,0.0,0,33,4,17,9,17,50.0,0,14,8,57.14,18,8,34,18,67,43.23,7,157,53,192,126.1,37,0,428,24,1,0,Vitinha,Olympique de Marseille,1093695,1641,france,2324
15,23,16.2,232,26,63.41,481,331,789,87.18,9,37.5,15,29,4,0,0,0,112.0,2,7,15,2,16,29,0,0,15,21,99,0,0,2.37,5.9,32,0,6.25,0.0,4,8,34,32,2,4,0,,51,37.78,0,0,1,116,13,38,1,24,2090,4,,0,0,0,0,0.0,0,0,0,0,315,19,0,7.0,0,3,0,0,0,0,0,0,522.5,0.0,8,34,30,23,26,13,39.39,0,18,11,61.11,38,31,33,142,60,37.74,41,696,351,905,203.1,64,0,1355,21,4,0,Florent Mollet,Nantes,234230,1647,france,2324
28,33,28.95,206,28,66.67,372,189,528,80.98,36,53.73,31,29,2,0,0,0,79.0,5,4,17,0,11,29,0,0,36,8,104,0,0,4.01,3.14,8,0,2.17,0.0,1,3,16,14,2,1,0,,63,46.32,0,0,0,124,8,38,0,16,1394,1,,0,0,0,0,0.0,0,0,0,0,315,15,0,7.0,0,1,0,0,0,0,0,0,1394.0,0.0,7,21,25,19,10,18,45.0,0,23,14,60.87,38,46,40,114,99,48.77,42,556,210,652,203.1,46,1,1087,25,1,0,Angelo Fulgini,RC Lens,787540,1648,france,2324
5,2,18.18,163,9,69.23,254,150,402,82.72,8,11.43,62,30,1,0,0,0,45.0,2,5,20,1,4,30,0,0,35,3,150,0,0,2.31,9.0,28,0,16.39,0.0,10,11,31,26,5,10,0,,70,44.3,0,0,1,84,4,28,0,25,2160,6,,0,0,2,0,100.0,0,2,0,3,212,13,0,7.0,0,10,0,0,0,0,0,0,216.0,0.0,0,45,16,17,24,17,40.48,0,5,4,80.0,28,6,42,11,78,34.21,13,330,167,486,210.1,61,1,812,50,6,0,Arnaud Kalimuendo,Stade Rennais,954061,1658,france,2324
82,10,30.3,182,101,64.74,389,569,948,83.23,25,49.02,26,31,3,0,0,0,207.0,3,1,8,8,54,31,0,0,13,48,120,0,0,2.55,0.64,30,0,0.0,0.0,0,3,38,34,4,0,0,,102,52.04,0,0,0,191,44,15,0,30,2593,0,,0,1,0,1,0.0,0,0,0,0,263,17,0,7.0,0,0,0,0,0,0,0,0,0.0,0.0,0,4,17,6,7,3,25.0,0,81,52,64.2,14,124,12,33,127,51.42,156,542,630,1139,217.1,21,1,1547,18,5,0,Joris Chotard,Montpellier,976396,1642,france,2324
91,0,0.0,25,177,36.34,97,641,738,69.62,12,92.31,1,34,0,0,0,0,280.0,0,0,0,7,16,34,0,0,0,2,4,1,0,0.03,0.0,1,0,0.0,192.0,0,0,46,39,7,0,0,-6.42,7,70.0,0,31,0,322,0,0,0,34,3060,0,,1,0,0,1,0.0,3,0,0,0,325,0,10,7.0,0,0,16,69,35,105,1,33,0.0,0.0,0,0,0,0,0,1,100.0,14,2,0,0.0,0,203,1,0,19,82.61,487,328,732,1060,238.1,0,2,1384,7,1,0,Steve Mandanda,Stade Rennais,27029,1658,france,2324
12,23,20.18,151,13,65.0,245,68,290,75.92,15,37.5,25,22,5,0,0,0,51.0,5,8,7,4,4,22,0,0,37,6,118,0,1,5.58,4.13,14,0,8.82,0.0,3,8,31,29,2,2,1,,83,47.16,0,0,2,92,3,29,0,21,1793,4,,0,0,1,0,100.0,0,1,0,1,334,9,0,7.0,0,3,0,0,0,0,0,0,597.67,0.0,0,27,7,14,13,47,55.29,0,7,5,71.43,29,26,85,114,98,45.37,20,415,81,382,154.0,34,1,816,29,0,0,Moses Simon,Nantes,330051,1647,france,2324
5,0,0.0,3,7,46.67,6,31,37,82.22,1,100.0,0,2,0,0,0,0,10.0,0,0,0,0,0,2,0,0,0,0,0,0,0,0.02,,0,0,0.0,10.0,0,0,2,2,0,0,0,-0.74,0,0.0,0,3,0,8,0,0,0,1,121,0,,0,0,0,0,0.0,0,0,0,0,8,0,0,7.0,0,0,0,3,1,4,0,2,0.0,0.0,0,0,0,0,0,0,0.0,0,0,0,0.0,0,10,0,0,1,100.0,15,11,34,45,14.0,0,0,59,0,0,0,Rubén Blanco,Olympique de Marseille,180515,1641,france,2324
3,0,0.0,8,6,35.29,14,26,40,59.7,1,50.0,1,3,0,0,0,0,14.0,1,0,0,0,7,3,0,0,0,7,11,0,0,0.02,,2,0,0.0,0.0,0,0,1,1,0,0,0,,12,54.55,0,0,0,27,2,2,0,3,196,0,,0,0,0,0,0.0,0,0,0,1,37,0,0,7.0,0,0,0,0,0,0,0,0,0.0,0.0,0,0,0,0,0,2,66.67,0,7,7,100.0,2,7,3,1,13,54.17,17,33,35,67,21.0,0,0,125,4,1,0,Abdoul Kone,Stade de Reims,1859949,1682,france,2324
1,1,100.0,4,1,100.0,8,6,13,86.67,0,0.0,0,1,0,0,0,0,,0,0,1,0,1,1,0,0,0,0,0,0,0,0.07,0.03,0,0,0.0,,0,0,0,0,0,0,0,,2,100.0,0,0,0,2,0,2,0,0,16,0,,0,0,0,0,0.0,0,0,0,0,3,0,0,7.0,0,0,0,0,0,0,0,0,0.0,0.0,0,1,0,0,0,1,100.0,0,0,0,0.0,2,1,1,1,2,100.0,1,9,7,15,7.0,1,0,21,1,0,0,Lovro Majer,Stade Rennais,841947,1658,france,2324
7,0,0.0,12,7,100.0,26,18,44,95.65,0,0.0,0,3,0,0,0,0,5.0,0,0,0,0,0,2,0,0,0,1,1,0,0,0.03,0.01,0,0,0.0,0.0,0,0,0,0,0,0,0,,1,50.0,0,0,0,2,3,3,0,1,96,0,,0,0,0,0,0.0,0,0,0,0,4,1,0,7.0,0,0,0,0,0,0,0,0,0.0,0.0,0,0,1,1,0,0,0.0,0,0,0,0.0,3,7,0,0,1,50.0,7,27,19,46,14.0,1,0,56,1,0,0,Sanjin Prcić,RC Strasbourg,94822,1659,france,2324
67,0,0.0,9,120,39.74,51,337,388,67.48,4,100.0,0,22,0,0,0,0,177.0,0,0,0,5,14,22,0,0,0,0,0,3,0,0.01,0.0,0,0,0.0,130.0,0,0,32,27,5,0,0,1.06,2,100.0,0,20,0,187,1,0,0,22,1980,0,,0,0,0,0,0.0,6,0,1,0,188,0,9,7.0,0,0,9,43,23,67,1,8,0.0,0.0,0,0,0,0,0,1,100.0,8,1,1,100.0,0,145,1,0,6,100.0,302,187,388,575,154.0,0,1,782,1,0,0,Philipp Köhn,AS Monaco,868964,1653,france,2324
36,22,18.64,303,32,41.56,520,319,817,81.05,17,39.53,26,30,2,0,0,1,96.0,8,6,10,9,30,30,0,0,15,43,132,0,0,4.95,3.72,33,0,9.68,0.0,3,5,23,22,1,2,1,,84,44.21,0,0,2,191,25,39,1,24,2194,0,,0,0,2,0,50.0,0,1,0,0,387,6,0,7.0,0,2,0,0,0,0,0,0,731.33,0.0,2,11,20,11,10,12,40.0,0,60,39,65.0,39,67,30,118,101,43.35,77,763,363,1008,209.9,31,1,1637,12,4,0,Przemysław Frankowski,RC Lens,286909,1648,france,2324
82,3,20.0,173,122,53.98,449,670,1116,81.88,50,52.08,46,30,0,0,0,0,151.0,2,0,3,7,91,30,0,0,15,16,131,0,2,0.87,0.9,54,0,0.0,1.0,0,0,39,34,5,0,0,,100,54.05,0,0,0,247,66,17,0,30,2690,0,,1,0,0,1,0.0,0,0,0,0,330,2,0,7.0,0,0,0,0,0,0,0,0,0.0,0.0,0,12,4,10,3,11,73.33,0,53,33,62.26,17,157,15,15,150,53.38,226,625,753,1363,209.9,16,0,1920,36,8,0,Arouna Sangante,Le Havre,1035988,1662,france,2324
19,29,25.44,172,30,56.6,364,264,599,84.13,9,33.33,18,29,3,0,0,0,125.0,6,2,12,5,15,29,0,0,41,19,127,0,0,3.81,3.26,30,0,4.88,0.0,2,5,16,14,2,2,0,,84,43.52,0,0,1,113,20,43,0,24,1978,2,,0,0,0,1,0.0,0,0,0,0,333,23,0,6.99,0,2,0,0,0,0,0,0,989.0,0.0,1,20,21,20,9,25,53.19,0,26,19,73.08,43,56,47,114,93,42.27,53,541,285,712,202.8,41,2,1203,34,4,0,Morgan Sanson,Nice,250133,1661,france,2324
65,3,17.65,255,73,52.9,628,552,1177,86.54,56,51.85,52,26,0,0,0,0,118.0,0,0,2,10,57,26,0,1,7,16,107,0,0,0.81,0.33,31,0,20.0,0.0,1,1,23,21,2,1,0,,61,52.59,1,0,0,183,37,5,0,26,2119,0,,0,0,0,1,0.0,0,0,0,0,223,2,0,6.99,1,0,0,0,0,0,0,0,2119.0,0.0,0,4,1,2,1,4,66.67,0,32,20,62.5,5,119,6,17,117,52.23,138,778,599,1360,181.8,5,1,1633,26,9,0,Jonathan Gradit,RC Lens,369650,1648,france,2324
13,0,0.0,26,18,35.29,86,195,281,79.6,20,60.61,13,12,1,0,0,0,52.0,1,0,0,4,50,12,0,0,1,5,33,0,0,0.62,0.23,11,0,20.0,4.0,1,2,12,11,1,1,0,,23,53.49,1,0,0,72,18,5,0,12,1069,0,,1,0,0,0,0.0,0,0,0,0,89,0,0,6.99,1,0,0,0,0,0,0,0,1069.0,0.0,0,5,0,3,2,2,40.0,0,16,12,75.0,5,30,5,2,43,56.58,51,133,222,353,83.9,5,0,509,7,1,1,Maxime Estève,Montpellier,1117223,1642,france,2324
21,2,18.18,122,28,73.68,217,102,317,72.37,63,50.81,61,33,4,0,0,0,63.0,5,5,15,2,28,33,0,0,16,15,132,0,0,2.64,6.09,18,0,6.35,0.0,4,8,19,18,1,4,0,,70,49.65,2,0,2,121,7,21,0,21,1879,2,,0,0,0,0,0.0,0,0,0,0,239,15,0,6.99,0,2,0,0,0,0,0,0,469.75,0.0,0,43,20,28,20,21,46.67,0,24,16,66.67,21,29,45,11,133,50.19,38,331,118,438,230.6,63,1,786,26,4,0,Martín Satriano,Stade Brestois,973536,1715,france,2324
2,0,0.0,107,5,50.0,188,150,338,88.02,2,22.22,7,14,1,0,0,0,50.0,1,1,2,0,5,14,0,0,14,7,48,1,0,0.98,0.64,10,0,14.29,0.0,1,2,19,19,0,1,0,,62,60.19,0,0,1,46,6,13,0,12,903,0,,0,0,0,0,0.0,0,0,0,0,96,3,0,6.99,0,1,0,0,0,0,0,0,903.0,0.0,0,7,0,2,3,16,57.14,0,18,14,77.78,13,3,28,1,64,57.14,10,224,161,384,97.8,7,1,566,28,1,0,Ayman Kari,Lorient,1142673,1656,france,2324
47,26,25.74,290,40,46.51,555,443,972,81.82,18,47.37,20,31,4,0,0,0,143.0,2,1,2,4,27,31,0,0,16,48,131,0,0,4.05,0.69,24,0,0.0,0.0,0,4,38,33,5,0,0,,129,53.75,0,0,0,216,26,44,0,27,2362,3,,0,1,0,0,0.0,0,0,0,1,394,7,0,6.98,0,0,0,0,0,0,0,0,0.0,0.0,1,8,2,5,3,35,59.32,0,66,32,48.48,43,91,59,101,147,52.88,86,783,506,1188,216.5,10,0,1840,29,5,0,Gabriel Suazo,Toulouse,818986,1681,france,2324
24,5,21.74,178,28,66.67,378,273,646,87.53,6,50.0,6,24,2,0,0,0,55.0,2,1,5,1,5,22,0,0,8,15,44,0,1,1.94,1.47,11,0,14.29,0.0,2,4,14,14,0,1,1,,30,44.12,0,0,0,92,5,20,1,12,1102,1,,0,0,0,0,0.0,0,0,0,0,138,4,0,6.98,0,1,0,0,0,0,0,0,551.0,0.0,0,9,5,4,5,5,55.56,0,15,10,66.67,20,39,9,23,36,45.0,42,457,304,738,153.6,14,3,905,10,1,0,Carlos Soler,Paris Saint-Germain,832427,1644,france,2324
60,2,40.0,133,119,49.17,466,1131,1595,87.78,49,55.68,39,31,1,0,0,0,134.0,3,0,4,5,111,31,0,0,4,18,93,0,0,1.06,0.63,34,0,0.0,45.0,0,1,44,38,6,0,0,,79,59.4,0,0,0,222,28,6,0,30,2722,1,,1,0,0,2,0.0,0,0,0,1,254,2,0,6.98,0,0,0,0,0,0,0,0,0.0,0.0,0,8,4,5,3,5,55.56,0,47,30,63.83,6,134,9,5,128,57.92,242,629,1193,1817,216.4,12,0,2174,28,3,0,Lucas Perrin,RC Strasbourg,941077,1659,france,2324
7,0,0.0,149,7,53.85,268,120,388,76.23,10,34.48,19,27,2,0,0,0,101.0,7,4,12,2,4,27,0,0,32,12,135,0,0,2.04,3.62,11,0,10.87,0.0,5,7,29,25,4,5,0,,115,49.78,1,0,1,121,4,20,3,24,1941,8,,0,0,0,0,0.0,0,0,0,2,333,24,0,6.98,0,1,0,0,0,0,0,0,388.2,0.0,0,31,15,15,19,44,41.9,0,20,16,80.0,20,15,105,22,125,48.08,13,380,151,509,188.4,46,1,966,51,0,0,Mousa Tamari,Montpellier,876600,1642,france,2324
5,0,0.0,90,3,27.27,164,108,272,73.12,20,33.9,39,30,2,0,0,0,36.0,7,9,6,1,13,30,0,0,34,9,125,0,0,1.07,10.65,32,0,22.45,0.0,11,13,15,14,1,10,1,,45,34.35,1,0,1,100,3,22,8,23,1968,13,,0,0,3,0,100.0,0,3,0,0,217,11,0,6.98,0,2,0,0,0,0,0,0,178.91,0.0,0,41,8,18,25,19,59.38,0,7,4,57.14,22,8,32,7,65,34.21,11,250,129,372,209.3,49,2,648,19,4,0,Terem Moffi,Nice,894396,1661,france,2324
30,1,33.33,88,56,44.44,285,615,899,85.38,30,42.25,41,28,0,0,0,0,108.0,1,0,3,8,62,27,0,0,3,13,78,0,0,0.4,0.5,18,0,0.0,19.0,0,0,28,22,6,0,0,,70,65.42,0,0,0,154,27,10,0,26,2312,0,,0,0,0,0,0.0,0,0,0,0,171,2,0,6.97,0,0,0,0,0,0,0,0,0.0,0.0,0,6,3,3,3,6,66.67,0,48,29,60.42,10,69,9,3,100,56.18,126,393,663,1053,188.3,9,1,1326,16,4,0,Bećir Omeragić,Montpellier,940918,1642,france,2324
17,1,100.0,164,37,78.72,399,308,706,92.17,7,46.67,8,20,2,0,0,0,85.0,0,1,4,1,6,18,0,0,15,14,71,0,0,0.91,1.47,25,0,7.14,0.0,1,3,12,10,2,1,0,,67,51.54,0,0,1,60,11,14,0,14,1053,0,,0,0,1,0,100.0,0,1,0,0,102,8,0,6.97,0,1,0,0,0,0,0,0,1053.0,0.0,0,5,9,6,4,9,47.37,0,35,21,60.0,14,25,19,1,74,51.03,47,441,326,766,125.5,14,0,947,23,4,0,Mohamed Camara,AS Monaco,1008849,1653,france,2324
75,2,16.67,196,113,48.29,570,904,1472,84.07,64,62.75,38,31,1,0,0,0,158.0,1,3,2,5,117,31,0,0,3,9,91,0,1,0.72,1.36,38,0,7.14,34.0,1,2,37,35,2,1,0,,56,51.38,0,0,2,279,23,6,0,29,2648,1,,0,0,0,0,0.0,0,0,0,0,318,3,0,6.97,0,1,0,0,0,0,0,0,2648.0,0.0,0,11,3,8,4,6,60.0,0,40,24,60.0,6,172,10,12,120,56.87,234,767,996,1751,216.1,14,0,2101,10,6,0,Logan Costa,Toulouse,911853,1681,france,2324
3,0,0.0,4,16,39.02,10,35,45,64.29,0,0.0,0,3,0,0,0,0,16.0,0,0,0,2,0,3,0,0,0,0,0,0,0,0.0,,0,0,0.0,10.0,0,0,0,0,0,0,0,0.26,0,0.0,0,0,0,25,0,0,0,2,188,0,,0,0,0,0,0.0,0,0,0,0,25,0,0,6.97,0,0,1,3,1,4,0,0,0.0,0.0,0,0,0,0,0,0,0.0,1,0,0,0.0,0,4,0,0,0,0.0,41,34,36,70,20.9,0,0,86,0,0,0,Grégoire Coudert,Stade Brestois,891508,1715,france,2324
29,0,0.0,108,52,35.14,362,824,1186,85.63,75,67.57,36,31,0,0,0,0,147.0,0,1,5,6,138,31,0,0,2,14,89,0,1,0.44,2.15,35,0,12.5,1.0,2,2,41,36,5,2,0,,61,53.51,1,0,2,199,32,3,0,31,2779,1,,0,0,0,2,0.0,0,0,0,0,220,4,0,6.96,0,1,0,0,0,0,0,0,1389.5,0.0,0,16,0,6,5,4,44.44,0,50,28,56.0,3,81,9,3,136,60.44,148,480,908,1385,215.9,16,0,1758,7,2,0,Gautier Lloris,Le Havre,287887,1662,france,2324
9,3,27.27,109,6,46.15,214,66,277,62.95,138,58.47,98,32,2,0,0,0,43.0,2,10,8,1,18,32,0,1,17,8,168,0,0,1.44,9.01,43,0,10.0,0.0,6,8,24,22,2,6,0,,43,38.05,4,0,1,163,2,22,0,20,1770,8,,0,1,0,0,0.0,0,0,0,0,255,14,0,6.96,1,2,0,0,0,0,0,0,295.0,0.0,0,54,6,27,25,11,61.11,0,8,7,87.5,21,20,18,11,181,51.86,13,361,90,440,222.8,60,0,725,25,2,0,Steve Mounié,Stade Brestois,345035,1715,france,2324
10,0,0.0,131,17,73.91,271,146,417,87.79,10,41.67,14,25,5,0,0,0,68.0,1,0,6,1,6,25,0,0,18,19,80,0,0,0.66,4.17,15,0,24.0,0.0,6,11,7,7,0,5,1,,51,43.59,0,0,2,58,9,12,1,7,870,1,,0,0,0,0,0.0,0,0,0,0,132,7,0,6.96,0,5,0,0,0,0,0,0,145.0,0.0,0,18,7,8,11,13,46.43,0,28,18,64.29,12,17,28,8,61,43.26,23,328,155,475,174.0,25,1,687,10,1,0,Kamory Doumbia,Stade Brestois,1156353,1715,france,2324
28,1,25.0,106,53,80.3,260,330,589,88.04,8,42.11,11,27,0,0,0,0,83.0,1,0,6,2,30,25,0,0,15,11,70,0,0,0.63,0.68,23,0,5.0,0.0,1,1,18,17,1,1,0,,83,58.45,0,0,2,80,29,10,1,12,1279,0,,0,0,0,0,0.0,0,0,0,0,133,8,0,6.96,0,0,0,0,0,0,0,0,1279.0,0.0,0,4,16,9,5,14,58.33,0,34,19,55.88,10,45,24,4,91,56.52,66,322,351,669,174.0,20,0,950,36,4,0,Habib Keita,Clermont Foot,1082953,1680,france,2324
19,0,0.0,121,74,69.81,440,720,1160,90.06,51,72.86,19,25,0,0,0,0,114.0,0,0,1,7,75,25,0,1,7,12,60,2,0,0.58,0.66,20,0,25.0,4.0,1,1,30,25,5,1,0,,49,54.44,0,0,1,128,33,5,0,23,2071,0,,2,0,0,0,0.0,0,0,0,0,149,3,0,6.96,1,1,0,0,0,0,0,0,2071.0,0.0,0,4,0,2,1,6,75.0,0,32,19,59.38,5,42,8,0,100,62.5,106,497,791,1288,174.0,4,0,1536,12,5,0,Warmed Omari,Stade Rennais,999030,1658,france,2324
20,0,0.0,95,32,50.79,212,183,395,82.98,15,62.5,9,15,0,0,0,0,52.0,1,0,3,0,9,15,0,0,8,6,48,0,0,0.45,0.44,20,0,12.5,0.0,1,1,11,10,1,1,0,,52,57.14,0,0,0,81,13,4,1,9,778,1,,0,0,0,0,0.0,0,0,0,0,116,7,0,6.96,0,0,0,0,0,0,0,0,778.0,0.0,0,3,5,3,2,1,16.67,0,33,21,63.64,4,45,6,9,67,58.26,63,284,201,476,104.4,8,0,632,18,2,0,Pape Gueye,Olympique de Marseille,879694,1641,france,2324
49,23,22.33,262,73,48.34,495,327,799,78.56,9,30.0,21,26,2,0,0,0,126.0,4,0,10,0,30,26,0,0,12,21,85,0,0,3.06,0.85,20,0,0.0,0.0,0,2,38,35,3,0,0,,81,55.86,0,0,0,218,24,30,0,23,1991,3,,0,0,0,0,0.0,0,0,0,0,381,8,0,6.95,0,0,0,0,0,0,0,0,0.0,0.0,0,7,12,5,4,14,51.85,0,42,32,76.19,30,115,27,103,90,51.43,151,731,389,1017,180.8,19,0,1578,25,1,0,Quentin Merlin,Olympique de Marseille,1102502,1641,france,2324
16,3,18.75,83,22,59.46,204,236,437,85.02,15,57.69,11,16,2,0,0,0,60.0,3,0,1,2,31,16,0,0,8,8,44,0,2,1.25,0.85,10,0,50.0,0.0,3,5,12,11,1,2,1,,45,57.69,1,0,0,77,11,7,1,10,1008,6,,0,0,0,0,0.0,0,0,0,0,134,5,0,6.95,0,1,0,0,0,0,0,0,336.0,0.0,0,3,3,1,4,12,63.16,0,23,11,47.83,7,28,19,16,60,57.69,37,272,258,514,111.2,6,0,744,10,3,0,Amir Murillo,Olympique de Marseille,839493,1641,france,2324
25,2,40.0,129,41,56.16,403,739,1140,89.83,43,70.49,18,24,1,0,0,0,87.0,0,3,2,2,97,24,0,0,12,6,70,1,1,1.57,1.75,36,0,5.56,31.0,1,2,43,39,4,1,0,,51,49.51,0,0,0,129,36,7,1,23,2052,0,,0,0,0,1,0.0,0,0,0,0,171,3,0,6.95,0,0,0,0,0,0,0,0,2052.0,0.0,0,17,1,7,9,11,78.57,0,25,12,48.0,7,47,14,5,94,57.32,73,489,785,1269,166.8,18,3,1587,15,6,0,Souleymane Isaak Touré,Lorient,1012650,1656,france,2324
4,9,40.91,127,9,40.91,249,181,421,87.34,11,39.29,17,14,1,0,0,0,67.0,1,0,3,1,22,14,0,0,5,15,72,1,0,1.33,0.41,22,0,9.09,0.0,1,2,14,11,3,1,0,,49,47.12,0,0,0,61,9,20,0,12,1012,1,,0,0,0,0,0.0,0,0,0,1,118,11,0,6.95,0,1,0,0,0,0,0,0,1012.0,0.0,0,4,7,4,4,10,43.48,0,24,12,50.0,20,8,23,22,60,45.45,22,305,199,482,97.3,11,1,752,15,4,0,Lorenz Assignon,Stade Rennais,1009334,1658,france,2324
4,2,50.0,7,2,50.0,16,13,27,81.82,2,50.0,2,2,0,0,0,0,,0,0,2,0,2,2,0,0,1,2,7,0,0,0.06,0.11,1,0,33.33,,1,1,3,3,0,1,0,,4,44.44,1,0,0,6,1,3,0,2,126,0,,0,0,0,0,0.0,0,0,0,0,15,0,0,6.95,0,0,0,0,0,0,0,0,126.0,0.0,0,1,2,0,1,2,66.67,0,0,0,0.0,3,5,3,4,6,46.15,4,22,15,33,13.9,3,0,59,2,0,0,Youssef Maziz,Metz,862821,1651,france,2324
0,0,0.0,1,0,0.0,1,1,2,50.0,1,50.0,1,4,1,0,0,0,1.0,1,0,1,0,0,2,0,0,0,0,3,0,0,0.03,0.04,2,0,0.0,0.0,0,1,0,0,0,0,0,,2,50.0,0,0,0,2,1,1,0,0,27,0,,0,0,0,0,0.0,0,0,0,0,2,0,0,6.95,0,0,0,0,0,0,0,0,0.0,0.0,0,1,0,0,0,1,100.0,0,0,0,0.0,1,0,1,0,3,50.0,0,2,2,4,13.9,1,0,11,1,1,0,Trévis Dago,Lille,1445699,1643,france,2324
27,3,50.0,145,30,50.0,414,605,1016,89.99,36,60.0,24,30,0,0,0,0,92.0,2,1,2,7,32,30,0,0,15,11,72,0,0,1.48,1.21,18,0,0.0,0.0,0,0,23,22,1,0,0,,65,57.52,0,0,0,113,29,17,0,21,2019,1,,0,0,0,1,0.0,0,0,0,1,182,6,0,6.94,0,0,0,0,0,0,0,0,0.0,0.0,0,13,3,11,3,11,57.89,0,36,25,69.44,17,38,19,6,101,58.38,60,489,646,1129,208.3,16,0,1449,19,4,0,Pablo Rosario,Nice,804472,1661,france,2324
70,1,8.33,261,72,61.02,586,402,987,87.73,15,60.0,10,26,1,0,0,0,155.0,1,0,4,2,32,26,0,0,16,23,98,0,0,1.05,0.41,45,0,0.0,0.0,0,1,26,25,1,0,0,,79,47.31,0,0,0,138,28,14,0,17,1638,0,,0,0,0,0,0.0,0,0,0,1,190,14,0,6.94,0,0,0,0,0,0,0,0,0.0,0.0,0,3,8,6,1,5,45.45,0,54,40,74.07,14,110,11,12,94,48.96,118,696,441,1125,180.4,11,1,1393,20,7,0,Stijn Spierings,Toulouse,788977,1681,france,2324
65,0,0.0,224,86,71.07,520,535,1055,87.55,39,50.65,38,30,1,0,0,0,125.0,0,2,7,5,32,29,0,0,19,17,104,0,1,1.57,1.85,23,0,0.0,0.0,0,1,27,24,3,0,0,,90,57.69,0,0,0,150,34,13,0,22,1937,1,,0,0,0,0,0.0,0,0,0,0,208,8,0,6.94,0,0,0,0,0,0,0,0,0.0,0.0,0,9,19,12,9,14,60.87,0,52,33,63.46,13,96,23,0,129,55.36,121,624,581,1205,201.2,28,0,1515,25,3,0,Baptiste Santamaria,Stade Rennais,344751,1658,france,2324
86,0,0.0,32,143,36.11,80,736,816,75.56,6,100.0,0,33,0,0,0,0,212.0,1,0,0,7,24,33,1,0,0,2,2,1,0,0.07,0.02,0,0,0.0,149.0,0,0,39,36,3,0,0,-6.1,9,81.82,0,15,0,264,0,2,0,33,2939,0,,0,0,0,0,0.0,3,0,0,0,272,0,14,6.94,0,0,12,61,25,90,0,15,0.0,0.0,0,0,0,0,0,0,0.0,11,0,0,0.0,2,174,0,0,15,88.24,396,283,797,1080,228.9,0,3,1345,12,1,0,Pau López,Olympique de Marseille,548848,1641,france,2324
18,7,24.14,226,31,42.47,574,497,1064,83.39,42,72.41,16,30,1,0,0,0,126.0,2,0,2,8,66,30,0,0,18,29,106,0,0,1.46,0.27,15,0,14.29,0.0,1,2,31,29,2,1,0,,121,57.35,0,0,0,212,32,10,0,28,2467,3,,0,0,0,0,0.0,0,0,0,0,327,6,0,6.93,0,1,0,0,0,0,0,0,2467.0,0.0,0,4,3,1,4,26,47.27,0,72,47,65.28,10,34,55,29,163,60.59,73,716,589,1276,208.0,7,0,1910,23,1,0,Ismaily,Lille,78352,1643,france,2324
17,7,17.5,212,32,53.33,426,444,863,86.91,21,58.33,15,25,1,0,0,0,76.0,1,4,4,7,39,25,0,0,12,27,101,0,0,1.7,2.56,37,0,20.0,0.0,3,4,36,30,6,3,0,,90,51.14,1,0,0,130,28,18,2,25,2127,0,,0,0,0,0,0.0,0,0,0,1,212,4,0,6.93,1,0,0,0,0,0,0,0,709.0,0.0,0,12,3,5,6,5,33.33,0,54,34,62.96,18,32,15,40,111,52.36,60,552,481,993,173.3,15,0,1446,32,5,1,Nicolás Tagliafico,Olympique Lyonnais,158243,1649,france,2324
19,3,23.08,51,58,45.67,192,415,604,81.4,30,61.22,19,23,1,0,0,0,88.0,1,0,2,3,106,22,0,0,3,16,60,0,0,0.3,0.13,20,0,0.0,5.0,0,1,30,27,3,0,0,,51,55.43,0,0,0,138,26,3,0,17,1591,1,,0,0,0,1,0.0,0,0,0,0,166,0,0,6.93,0,0,0,0,0,0,0,0,0.0,0.0,0,2,2,1,1,9,75.0,0,34,19,55.88,3,54,12,13,81,57.45,127,287,468,742,152.5,4,2,1034,8,5,0,Nicolas Pallois,Nantes,106496,1647,france,2324
48,0,0.0,101,78,45.88,522,1087,1609,89.69,41,69.49,18,29,0,0,0,0,124.0,1,6,3,13,112,29,0,1,7,15,68,1,4,0.69,2.04,27,0,0.0,25.0,0,0,19,19,0,0,0,,71,58.68,0,0,0,185,35,5,0,24,2231,1,,1,0,0,0,0.0,0,0,0,0,215,0,0,6.93,1,0,0,0,0,0,0,0,0.0,0.0,0,14,3,12,2,4,57.14,0,32,22,68.75,5,95,7,2,112,62.22,170,641,1155,1794,201.0,17,0,2133,37,6,0,Alexsandro Ribeiro,Lille,1049775,1643,france,2324
44,1,50.0,181,57,61.29,421,410,830,88.02,17,70.83,7,26,0,0,0,0,114.0,1,0,2,2,24,26,0,0,14,19,67,0,0,0.97,0.38,25,0,0.0,0.0,0,0,19,18,1,0,0,,86,58.9,0,0,0,113,30,11,0,15,1457,2,,0,0,0,0,0.0,0,0,0,0,156,10,0,6.93,0,0,0,0,0,0,0,0,0.0,0.0,0,4,4,5,1,9,81.82,0,48,31,64.58,11,84,11,2,103,60.59,93,506,439,943,180.2,8,0,1185,29,3,0,Geoffrey Kondogbia,Olympique de Marseille,96544,1641,france,2324
18,21,26.58,128,40,53.33,331,389,699,81.66,41,57.75,30,32,1,0,0,0,83.0,3,1,5,2,63,31,0,0,12,26,134,0,0,1.94,1.16,36,0,5.88,0.0,1,2,36,31,5,1,0,,151,59.22,0,0,1,157,41,21,1,23,2148,0,,0,0,0,1,0.0,0,0,0,0,335,5,0,6.93,1,0,0,0,0,0,0,0,2148.0,0.0,0,9,8,8,4,27,43.55,0,72,53,73.61,21,51,62,79,192,58.9,75,488,447,856,214.8,17,0,1573,52,3,1,Marvin Senaya,RC Strasbourg,1087805,1659,france,2324
37,15,18.99,182,40,44.44,432,534,951,82.84,37,44.58,46,28,1,0,0,0,156.0,2,0,6,4,74,28,0,1,11,35,132,0,0,2.52,0.54,21,0,0.0,4.0,0,1,50,41,9,0,0,,100,53.76,0,0,0,197,57,25,0,28,2519,8,,0,0,0,0,0.0,0,0,0,2,340,9,0,6.93,1,0,0,0,0,0,0,0,0.0,0.0,0,9,7,8,2,28,57.14,0,48,24,50.0,25,70,49,79,137,50.93,90,625,602,1148,194.0,16,2,1825,24,3,0,Neto Borges,Clermont Foot,920008,1680,france,2324
55,0,0.0,64,81,52.26,392,1335,1727,92.16,46,64.79,25,32,0,0,0,0,124.0,0,4,2,13,97,32,0,0,1,14,62,0,1,0.27,1.52,20,0,14.29,32.0,2,2,31,29,2,2,0,,58,61.05,1,0,0,147,36,2,0,30,2681,0,,1,0,0,1,0.0,0,0,0,0,169,1,0,6.93,0,1,0,0,0,0,0,0,1340.5,0.0,0,14,0,4,8,8,80.0,0,36,25,69.44,2,105,10,1,104,62.65,155,488,1387,1874,221.6,14,0,2163,16,5,0,Leny Yoro,Lille,1153315,1643,france,2324
17,2,28.57,147,10,35.71,305,270,573,86.69,17,51.52,16,25,2,0,0,0,94.0,2,4,5,6,20,25,0,0,16,26,93,0,1,0.89,2.42,21,0,4.55,0.0,1,3,16,16,0,1,0,,90,53.89,0,0,0,88,32,16,1,17,1579,1,,0,0,0,0,0.0,0,0,0,1,155,10,0,6.92,0,0,0,0,0,0,0,0,1579.0,0.0,0,14,8,9,8,15,48.39,0,37,20,54.05,16,25,31,7,107,53.5,28,381,287,661,173.1,22,0,958,40,1,0,Neil El Aynaoui,RC Lens,1128530,1648,france,2324
26,2,9.09,185,49,71.01,387,345,730,86.19,15,37.5,25,31,1,0,0,0,112.0,2,1,14,3,13,31,0,0,28,24,135,0,0,1.8,3.44,40,0,7.69,0.0,3,4,37,31,6,3,0,,103,48.36,0,0,1,117,17,21,0,28,2311,1,,0,0,1,0,100.0,0,1,0,0,228,11,0,6.92,0,3,0,0,0,0,0,0,770.33,0.0,1,17,22,10,15,33,62.26,0,30,23,76.67,21,38,53,22,118,46.64,69,481,388,847,214.6,39,0,1208,41,3,0,Habib Diarra,RC Strasbourg,1128532,1659,france,2324
25,14,26.92,236,47,37.9,485,658,1129,86.05,28,50.91,27,28,3,0,0,0,145.0,6,0,7,7,48,28,0,0,19,17,101,0,0,2.66,0.59,29,0,0.0,0.0,0,3,38,31,7,0,0,,102,57.95,0,0,0,183,40,14,0,25,2228,1,,0,0,0,0,0.0,0,0,0,0,289,10,0,6.92,0,0,0,0,0,0,0,0,0.0,0.0,3,3,11,7,0,23,67.65,0,43,24,55.81,14,76,34,52,130,56.28,124,634,730,1312,193.8,14,1,1878,37,6,0,Clinton Mata,Olympique Lyonnais,152813,1649,france,2324
12,4,13.33,192,13,30.95,368,287,651,85.1,22,55.0,18,24,1,0,0,0,91.0,1,1,6,1,36,24,0,0,10,8,58,0,0,1.13,1.11,17,0,0.0,0.0,0,1,21,17,4,0,0,,52,56.52,0,0,0,114,19,8,0,19,1549,1,,0,0,0,0,0.0,0,0,0,0,192,7,0,6.92,0,0,0,0,0,0,0,0,0.0,0.0,0,12,4,10,0,14,63.64,0,18,12,66.67,8,26,22,30,74,56.06,42,470,325,765,166.1,16,0,1174,20,2,0,Mikkel Desler,Toulouse,226958,1681,france,2324
35,9,45.0,172,41,59.42,432,470,893,87.89,9,31.03,20,25,0,0,0,0,126.0,2,1,5,3,28,25,0,0,8,29,109,0,0,1.59,1.17,48,0,0.0,0.0,0,0,27,25,2,0,0,,95,51.63,0,0,1,123,26,17,0,22,1780,0,,0,0,0,1,0.0,0,0,0,0,164,9,0,6.92,0,0,0,0,0,0,0,0,0.0,0.0,0,9,7,6,5,2,33.33,0,70,42,60.0,17,64,6,20,104,48.83,69,537,499,1016,173.0,16,0,1295,24,8,0,Douglas Augusto,Nantes,809034,1647,france,2324
5,4,44.44,123,6,42.86,191,68,255,73.07,15,51.72,14,26,5,0,0,0,43.0,3,3,5,2,10,26,0,0,21,8,117,0,0,1.65,6.09,34,0,27.27,0.0,6,11,14,12,2,6,0,,64,38.32,0,0,0,94,4,26,2,13,1264,6,,0,0,0,0,0.0,0,0,0,2,216,10,0,6.92,0,4,0,0,0,0,0,0,210.67,0.0,0,21,1,4,13,28,41.18,0,10,8,80.0,26,13,68,9,79,40.31,14,273,85,349,179.9,22,1,608,26,1,0,Randal Kolo Muani,Paris Saint-Germain,871706,1644,france,2324
20,0,0.0,58,56,45.16,198,519,717,82.7,62,68.89,28,23,2,0,0,0,110.0,2,1,4,4,121,22,0,1,2,23,86,0,1,0.36,0.77,35,0,0.0,7.0,0,2,36,28,8,0,0,,72,55.38,0,0,0,150,29,5,0,22,1929,1,,0,0,0,2,0.0,0,0,0,0,171,2,0,6.92,1,0,0,0,0,0,0,0,0.0,0.0,0,13,1,7,3,3,100.0,0,49,30,61.22,5,58,3,1,134,60.91,124,295,573,867,152.2,14,1,1196,21,5,0,Boubakar Kouyaté,Montpellier,848537,1642,france,2324
20,14,28.57,320,36,70.59,611,387,984,87.31,11,28.21,28,32,2,0,0,0,145.0,4,1,13,1,20,32,0,0,41,21,157,0,0,1.86,3.33,30,0,9.09,0.0,3,5,52,47,5,3,0,,107,45.34,0,0,2,143,19,35,2,27,2257,5,,0,0,0,0,0.0,0,0,0,0,317,17,0,6.91,0,1,0,0,0,0,0,0,752.33,0.0,0,16,17,7,13,42,52.5,0,32,15,46.88,35,34,80,49,118,42.91,51,746,430,1127,221.1,33,0,1589,34,5,0,Julien Ponceau,Lorient,942844,1656,france,2324
26,0,0.0,134,33,49.25,467,751,1218,90.02,35,60.34,23,23,0,0,0,0,95.0,1,1,5,9,44,23,0,1,14,11,65,1,0,0.54,1.19,15,0,0.0,0.0,0,0,15,14,1,0,0,,54,56.25,0,0,1,135,12,11,0,20,1713,0,,0,0,0,0,0.0,0,0,0,0,170,4,0,6.91,1,0,0,0,0,0,0,0,0.0,0.0,0,9,5,6,3,11,78.57,0,31,20,64.52,11,55,14,1,89,57.79,67,561,793,1353,158.9,14,1,1558,12,6,0,Youssouf Ndayishimiye,Nice,985934,1661,france,2324
100,13,33.33,277,123,60.0,664,734,1385,83.84,17,51.52,16,28,0,0,0,0,165.0,2,0,3,2,20,28,0,0,9,58,126,0,4,2.68,0.31,31,0,0.0,0.0,0,0,41,35,6,0,0,,80,42.11,0,0,0,267,36,32,0,28,2273,1,,0,0,0,0,0.0,0,0,0,0,350,9,0,6.91,0,0,0,0,0,0,0,0,0.0,0.0,0,4,8,4,5,8,36.36,0,43,22,51.16,32,196,22,39,97,43.5,205,881,810,1652,193.4,12,0,1993,29,7,0,Johan Gastien,Clermont Foot,216222,1680,france,2324
52,32,26.89,166,87,64.44,382,330,680,79.25,12,31.58,26,31,4,0,0,1,180.0,5,2,9,3,34,30,0,0,28,25,153,0,0,2.71,2.17,45,0,3.33,0.0,1,5,42,36,6,0,1,,129,50.39,0,0,2,178,28,42,0,26,2263,1,,0,1,1,0,0.0,0,0,0,0,389,12,0,6.91,0,1,0,0,0,0,0,0,2263.0,0.0,4,4,26,12,9,23,42.59,0,62,42,67.74,41,96,54,119,141,47.96,135,604,373,858,207.2,30,0,1421,45,3,0,Lamine Camara,Metz,1389846,1651,france,2324
1,9,20.45,63,2,100.0,130,63,184,82.51,5,27.78,13,17,2,0,0,0,30.0,3,1,5,0,4,17,0,0,16,8,72,0,0,1.38,1.12,17,0,5.56,0.0,1,3,8,7,1,1,0,,50,45.87,0,0,1,39,3,14,1,11,863,3,,0,0,0,1,0.0,0,0,0,1,131,7,0,6.91,0,0,0,0,0,0,0,0,863.0,0.0,0,9,9,7,6,16,45.71,0,12,9,75.0,14,6,35,44,55,43.31,2,198,69,223,117.4,18,0,423,22,2,0,Mohamed-Ali Cho,Nice,1063235,1661,france,2324
13,1,100.0,18,29,52.73,103,337,439,86.25,45,63.38,26,20,0,0,0,0,47.0,0,1,1,2,106,19,0,0,0,11,48,1,1,0.1,1.13,13,0,14.29,15.0,1,1,18,16,2,1,0,,22,50.0,0,0,0,70,12,2,0,13,1227,0,,0,0,0,0,0.0,0,0,0,0,78,0,0,6.91,0,1,0,0,0,0,0,0,1227.0,0.0,0,7,0,5,1,1,100.0,0,16,12,75.0,2,29,1,1,67,58.26,55,145,365,509,131.2,7,1,700,5,5,0,Christopher Jullien,Montpellier,229598,1642,france,2324
20,3,14.29,171,28,51.85,317,264,578,84.38,18,46.15,21,23,4,0,0,0,93.0,2,2,5,2,28,23,0,1,11,18,69,0,1,1.53,2.96,5,0,5.56,0.0,1,5,32,28,4,1,0,,61,55.96,0,0,0,107,17,18,0,16,1450,1,,0,0,1,0,100.0,0,1,0,0,174,8,0,6.9,1,1,0,0,0,0,0,0,1450.0,0.0,0,14,4,7,6,16,53.33,0,34,18,52.94,18,42,30,21,79,53.38,54,405,301,685,158.8,18,0,1000,11,1,0,Ainsley Maitland-Niles,Olympique Lyonnais,352768,1649,france,2324
6,3,16.67,227,5,41.67,348,116,461,85.06,7,38.89,11,30,3,0,0,0,106.0,4,5,11,0,6,30,0,1,41,18,121,0,0,2.94,4.47,22,0,8.57,0.0,3,6,23,22,1,3,0,,91,45.27,0,0,2,81,6,22,2,19,1625,4,,0,0,0,1,0.0,0,0,0,2,215,18,0,6.9,1,1,0,0,0,0,0,0,541.67,0.0,0,25,10,15,9,44,59.46,0,21,18,85.71,22,8,74,18,98,44.75,12,428,132,542,207.0,35,1,878,26,0,0,Iliman Ndiaye,Olympique de Marseille,914309,1641,france,2324
34,2,66.67,64,73,51.41,253,685,936,88.47,15,35.71,27,25,0,0,0,0,99.0,0,0,2,6,76,25,0,0,1,10,65,0,1,0.37,0.72,26,0,22.22,17.0,2,2,32,30,2,2,0,,68,64.15,1,0,0,122,36,4,0,23,1998,1,,0,0,0,2,0.0,0,0,0,0,132,0,0,6.9,0,1,0,0,0,0,0,0,999.0,0.0,1,6,3,4,3,1,50.0,0,42,28,66.67,4,66,2,3,83,56.08,142,324,737,1058,172.5,9,2,1323,26,5,0,Eray Cömert,Nantes,814023,1647,france,2324
28,0,0.0,94,31,64.58,313,526,839,89.92,15,50.0,15,13,0,0,0,0,63.0,0,1,0,1,24,13,0,1,2,15,44,0,0,0.24,0.98,12,0,20.0,1.0,1,1,14,13,1,1,0,,38,56.72,0,0,0,94,20,4,1,12,1011,0,,0,0,0,0,0.0,0,0,0,0,106,0,0,6.9,1,0,0,0,0,0,0,0,1011.0,0.0,0,4,1,3,2,3,75.0,0,22,14,63.64,4,47,4,2,53,54.64,48,365,570,933,89.7,5,1,1088,13,4,0,Lucas Beraldo,Paris Saint-Germain,1108441,1644,france,2324
5,0,0.0,30,15,31.91,81,219,300,85.23,14,63.64,8,10,1,0,0,0,39.0,1,0,0,2,32,10,0,0,3,4,23,1,2,0.38,0.32,8,0,0.0,0.0,0,1,9,7,2,0,0,,34,69.39,0,0,0,52,12,2,0,8,717,0,,0,0,0,0,0.0,0,0,0,0,59,0,0,6.9,0,0,0,0,0,0,0,0,0.0,0.0,0,3,0,1,2,4,80.0,0,20,12,60.0,2,18,5,0,48,67.61,47,117,235,352,69.0,3,0,464,10,2,0,Saïdou Sow,RC Strasbourg,1063237,1659,france,2324
15,1,100.0,111,55,69.62,615,1115,1729,95.42,26,50.0,26,24,0,0,0,0,111.0,0,0,1,5,50,24,0,0,1,8,49,1,1,0.33,0.18,14,0,0.0,10.0,0,0,18,17,1,0,0,,35,60.34,0,0,0,83,12,1,0,17,1623,0,,0,0,0,0,0.0,0,0,0,0,92,2,0,6.9,0,0,0,0,0,0,0,0,0.0,0.0,0,3,0,1,1,2,100.0,0,24,18,75.0,1,28,2,1,61,55.45,79,658,1155,1812,165.6,3,1,1982,10,1,0,Milan Škriniar,Paris Saint-Germain,187205,1644,france,2324
0,0,0.0,0,0,0.0,2,3,5,100.0,0,0.0,1,1,0,0,0,0,,0,0,0,0,0,1,0,0,0,0,1,0,0,0.0,0.15,0,0,0.0,,0,0,0,0,0,0,0,,1,100.0,0,0,0,0,0,0,0,0,16,0,,0,0,0,0,0.0,0,0,0,0,0,0,0,6.9,0,0,0,0,0,0,0,0,0.0,0.0,0,1,0,0,1,0,0.0,0,1,1,100.0,0,0,0,0,1,50.0,0,2,3,5,6.9,1,0,10,0,0,0,Birger Meling,Stade Rennais,606530,1658,france,2324
2,0,0.0,16,2,33.33,27,19,46,77.97,2,50.0,2,3,0,0,0,0,6.0,0,0,1,0,1,3,0,0,1,4,12,0,0,0.16,0.13,4,0,0.0,0.0,0,0,3,3,0,0,0,,15,60.0,0,0,0,13,3,0,0,3,166,0,,0,0,0,0,0.0,0,0,0,0,22,1,0,6.9,0,0,0,0,0,0,0,0,0.0,0.0,0,0,3,1,1,1,50.0,0,10,6,60.0,0,6,2,2,17,58.62,6,39,22,59,20.7,3,0,95,4,1,0,Pablo Pagis,Lorient,1174462,1656,france,2324
1,4,33.33,10,2,50.0,22,19,37,78.72,2,28.57,5,3,0,0,0,0,8.0,0,0,1,0,0,3,0,0,1,2,9,0,0,0.28,0.12,0,0,0.0,0.0,0,0,2,2,0,0,0,,6,60.0,0,0,0,10,4,3,0,1,104,0,,0,0,0,0,0.0,0,0,0,0,23,2,0,6.9,0,0,0,0,0,0,0,0,0.0,0.0,0,3,0,0,2,3,75.0,0,1,1,100.0,3,2,4,12,8,47.06,4,39,20,47,20.7,3,0,89,2,0,0,Mahamadou Nagida,Stade Rennais,1545409,1658,france,2324
6,0,0.0,37,8,72.73,81,77,158,85.41,8,61.54,5,8,0,0,0,0,25.0,0,0,0,0,11,7,0,0,1,1,16,0,0,0.08,0.07,9,0,0.0,0.0,0,0,5,4,1,0,0,,20,64.52,0,0,0,27,6,0,0,4,309,0,,0,0,0,0,0.0,0,0,0,0,33,2,0,6.9,0,0,0,0,0,0,0,0,0.0,0.0,0,1,1,2,0,3,100.0,0,14,9,64.29,0,9,3,0,28,63.64,11,100,85,185,48.3,2,0,243,3,1,0,Paul Akouokou,Olympique Lyonnais,839309,1649,france,2324
40,0,0.0,91,91,56.88,321,940,1261,88.31,44,63.77,25,27,2,0,0,0,126.0,2,1,2,7,96,27,0,1,5,6,53,1,0,0.23,3.57,17,0,22.22,17.0,4,6,42,35,7,4,0,,39,58.21,2,0,0,167,12,5,0,27,2370,0,,0,0,0,0,0.0,0,0,0,0,184,0,0,6.9,1,2,0,0,0,0,0,0,592.5,0.0,0,18,0,8,8,7,87.5,0,22,16,72.73,5,74,8,1,83,61.03,160,413,1016,1428,186.2,18,1,1664,10,4,0,Jake O'Brien,Olympique Lyonnais,998253,1649,france,2324
2,6,20.69,94,8,38.1,177,132,303,81.89,12,52.17,11,19,0,0,0,0,61.0,1,0,5,0,8,19,0,0,16,5,71,0,0,1.08,1.67,30,0,25.0,0.0,4,4,16,14,2,3,1,,58,49.15,1,0,0,67,7,13,3,13,1126,2,,0,0,0,0,0.0,0,0,0,0,152,4,0,6.89,0,0,0,0,0,0,0,0,281.5,0.0,1,10,6,3,8,7,41.18,0,24,18,75.0,13,11,17,29,70,49.65,21,247,152,370,131.0,16,1,663,27,4,0,Deiver Machado,RC Lens,822110,1648,france,2324
7,1,33.33,64,21,51.22,166,279,444,83.62,26,74.29,9,16,0,0,0,0,53.0,0,3,1,4,27,15,0,0,11,7,41,0,0,0.4,1.3,14,0,0.0,0.0,0,0,6,6,0,0,0,,30,48.39,0,0,1,87,14,3,0,9,802,1,,0,0,0,0,0.0,0,0,0,0,120,4,0,6.89,0,0,0,0,0,0,0,0,0.0,0.0,0,8,1,2,6,8,88.89,0,12,8,66.67,3,15,9,3,56,57.73,41,209,325,531,103.4,9,0,715,10,2,0,Nordi Mukiele,Paris Saint-Germain,780014,1644,france,2324
29,4,14.81,292,26,54.17,507,316,819,80.45,28,57.14,21,30,2,0,0,0,110.0,0,1,2,2,16,30,0,0,15,28,100,0,1,1.33,1.85,30,0,12.5,0.0,2,4,29,24,5,2,0,,70,46.98,0,0,0,199,22,29,1,24,2108,4,,0,0,0,0,0.0,0,0,0,0,282,11,0,6.89,0,1,0,0,0,0,0,0,1054.0,0.0,0,11,5,9,5,12,60.0,0,34,19,55.88,29,65,20,27,98,49.49,48,676,369,1018,206.7,16,0,1298,26,1,0,Daler Kuzyaev,Le Havre,541426,1662,france,2324
31,1,25.0,204,58,63.04,468,561,1028,83.85,46,53.49,40,30,0,0,0,0,173.0,0,1,10,5,26,30,0,0,28,30,136,0,0,0.93,3.02,27,0,6.06,0.0,2,2,34,32,2,2,0,,104,52.0,0,0,0,198,25,13,0,27,2308,0,,0,1,2,0,100.0,0,2,0,0,286,6,0,6.89,0,2,0,0,0,0,0,0,1154.0,0.0,0,6,27,13,10,29,70.73,0,47,28,59.57,12,51,41,4,150,52.45,92,597,633,1226,206.7,33,0,1604,32,4,0,Abdoulaye Touré,Le Havre,149732,1662,france,2324
11,3,33.33,92,16,61.54,183,90,270,78.49,9,47.37,10,16,2,0,0,0,45.0,3,0,5,0,6,16,0,0,12,13,60,0,0,0.97,0.77,10,0,7.14,0.0,1,3,12,12,0,1,0,,41,45.05,0,0,0,74,5,15,1,10,771,0,,0,0,0,0,0.0,0,0,0,0,131,9,0,6.89,0,0,0,0,0,0,0,0,771.0,0.0,0,7,7,5,4,13,46.43,0,14,8,57.14,15,18,28,9,50,45.45,26,240,113,344,110.2,14,0,499,14,1,0,César Gelabert,Toulouse,883156,1681,france,2324
2,1,20.0,22,2,100.0,45,44,88,79.28,17,47.22,19,16,1,0,0,0,12.0,3,2,2,0,7,15,0,0,10,2,45,0,0,0.86,3.26,7,0,23.53,0.0,4,5,16,14,2,4,0,,25,49.02,0,0,0,23,0,8,0,5,543,6,,0,0,0,0,0.0,0,0,0,0,64,3,0,6.89,0,4,0,0,0,0,0,0,135.75,0.0,2,12,5,6,9,3,30.0,0,3,3,100.0,8,2,10,5,42,48.28,2,64,52,111,103.3,17,1,219,19,3,0,Ahmadou Bamba Dieng,Lorient,1102503,1656,france,2324
3,3,42.86,69,5,71.43,108,54,159,71.62,15,35.71,27,22,0,0,0,0,39.0,3,4,9,0,4,22,0,0,14,5,70,0,0,0.93,3.83,10,0,11.9,0.0,5,5,17,16,1,5,0,,41,48.81,2,0,0,63,3,17,0,12,1049,6,,0,0,0,0,0.0,0,0,0,1,151,8,0,6.89,0,3,0,0,0,0,0,0,209.8,0.0,0,29,13,14,19,19,57.58,0,9,4,44.44,17,4,33,7,56,44.44,7,163,66,222,151.5,42,0,432,13,1,0,Matthis Abline,Nantes,999070,1647,france,2324
6,1,25.0,81,4,57.14,121,75,195,75.58,44,40.37,65,19,0,0,0,0,40.0,2,4,8,0,11,19,0,1,20,3,109,0,0,0.49,3.11,15,0,15.63,0.0,5,5,20,18,2,5,0,,57,56.44,1,0,0,63,2,8,4,12,1109,4,,0,0,0,0,0.0,0,0,0,0,126,6,0,6.88,1,0,0,0,0,0,0,0,221.8,0.0,1,24,8,11,13,16,61.54,0,15,11,73.33,8,9,26,4,101,48.1,7,177,85,258,130.8,32,1,451,26,2,0,André Ayew,Le Havre,27035,1662,france,2324
0,3,60.0,17,0,0.0,29,18,44,74.58,2,28.57,5,7,0,0,0,0,14.0,2,0,3,0,1,6,0,0,6,3,22,0,0,0.65,0.27,7,0,0.0,0.0,0,0,4,3,1,0,0,,13,43.33,0,0,0,15,6,5,0,1,161,1,,0,0,0,0,0.0,0,0,0,1,28,2,0,6.88,0,0,0,0,0,0,0,0,0.0,0.0,1,3,2,1,1,4,57.14,0,3,2,66.67,5,1,7,5,15,40.54,3,42,22,59,41.3,5,0,116,6,0,0,Marquinhos,Nantes,1116954,1647,france,2324
26,19,25.33,253,26,81.25,392,139,512,83.8,10,28.57,25,29,2,0,0,0,86.0,6,4,16,1,9,29,0,0,31,26,190,0,0,5.24,4.02,50,0,6.98,0.0,3,5,32,29,3,2,1,,113,40.65,1,0,1,99,8,29,2,21,1849,12,,0,0,0,1,0.0,0,0,0,0,325,10,0,6.88,0,0,0,0,0,0,0,0,616.33,0.0,3,29,14,7,20,51,44.74,0,28,14,50.0,29,32,114,75,123,39.3,32,531,155,611,199.6,43,0,1103,34,4,0,Ernest Nuamah,Olympique Lyonnais,1202024,1649,france,2324
22,0,0.0,59,45,32.37,208,623,831,86.56,30,69.77,13,22,0,0,0,0,76.0,0,0,4,3,102,22,0,0,2,4,29,0,0,0.24,0.38,11,0,0.0,23.0,0,0,29,24,5,0,0,,21,56.76,0,0,0,129,44,3,0,22,1943,2,,0,0,0,0,0.0,0,0,0,0,140,0,0,6.88,0,0,0,0,0,0,0,0,0.0,0.0,0,6,0,2,0,1,50.0,0,15,9,60.0,3,57,2,0,51,63.75,139,296,664,960,151.4,6,0,1189,5,1,0,Étienne Youte Kinkoue,Le Havre,980406,1662,france,2324
12,3,20.0,73,11,68.75,114,74,185,75.2,9,25.0,27,27,1,0,0,0,33.0,0,5,15,0,3,27,0,0,11,7,81,0,0,1.2,5.69,33,0,15.56,0.0,7,8,13,13,0,7,0,,35,39.33,2,0,0,61,4,12,1,11,1016,8,,0,0,0,0,0.0,0,0,0,1,126,4,0,6.88,0,4,0,0,0,0,0,0,145.14,0.0,0,40,5,11,19,13,65.0,0,8,4,50.0,12,20,20,15,44,35.2,16,177,84,246,185.8,45,0,429,15,1,0,Wesley Saïd,RC Lens,227862,1648,france,2324
25,1,11.11,89,43,40.19,230,333,562,80.63,29,58.0,21,20,1,0,0,0,82.0,2,1,2,4,55,20,0,0,4,7,50,0,0,0.96,1.09,18,0,10.0,2.0,1,2,21,20,1,1,0,,36,55.38,0,0,0,135,21,6,0,18,1575,3,,1,0,0,0,0.0,0,0,0,0,172,4,0,6.88,0,1,0,0,0,0,0,0,1575.0,0.0,0,8,2,3,5,5,62.5,0,22,10,45.45,6,64,8,9,65,56.52,107,336,370,697,137.6,10,0,955,9,3,0,Yoann Salmier,Le Havre,785518,1662,france,2324
3,1,50.0,53,9,50.0,138,144,281,91.53,0,0.0,8,5,0,0,0,0,25.0,1,0,0,0,9,5,0,0,1,13,27,0,1,0.24,0.31,5,0,50.0,0.0,1,1,6,6,0,1,0,,23,54.76,0,0,0,26,4,3,0,4,372,0,,0,0,0,0,0.0,0,0,0,0,34,1,0,6.88,0,1,0,0,0,0,0,0,372.0,0.0,0,1,1,1,1,2,66.67,0,18,8,44.44,3,7,3,2,23,46.0,18,147,162,307,34.4,2,0,385,3,1,0,Yoram Zague,Paris Saint-Germain,1403218,1644,france,2324
12,4,22.22,117,15,40.54,216,163,375,71.98,42,54.55,35,27,3,0,0,0,110.0,2,8,9,3,33,27,0,0,17,28,142,0,0,2.16,6.27,45,0,9.09,0.0,4,7,34,28,6,4,0,,97,47.55,3,0,1,146,14,12,0,25,2178,3,,0,0,0,0,0.0,0,0,0,1,254,12,0,6.88,0,1,0,0,0,0,0,0,544.5,0.0,0,39,5,19,16,10,32.26,0,61,39,63.93,12,27,31,18,139,49.47,37,330,209,521,185.7,44,0,898,26,5,0,Marshall Munetsi,Stade de Reims,894733,1682,france,2324
11,5,27.78,59,11,47.83,112,107,214,79.85,2,50.0,2,9,1,0,0,0,35.0,1,0,0,0,6,9,0,0,2,4,11,0,0,0.87,0.12,3,0,25.0,0.0,1,2,13,11,2,1,0,,14,60.87,0,0,0,54,3,9,1,8,544,2,,0,0,0,0,0.0,0,0,0,0,76,1,0,6.88,0,0,0,0,0,0,0,0,544.0,0.0,0,3,1,3,1,4,100.0,0,5,0,0.0,9,23,4,18,16,59.26,23,158,128,268,61.9,4,0,381,5,1,0,Vincent Le Goff,Lorient,99945,1656,france,2324
21,4,25.0,93,25,53.19,229,270,495,82.23,21,56.76,16,22,2,0,0,0,63.0,3,0,1,1,39,22,0,0,6,14,61,0,0,0.94,0.47,22,0,20.0,6.0,1,3,19,19,0,1,0,,55,55.0,0,0,0,107,20,12,1,15,1396,0,,0,2,0,0,0.0,0,0,0,0,161,3,0,6.88,0,0,0,0,0,0,0,0,1396.0,0.0,0,4,1,2,2,5,62.5,0,32,12,37.5,10,30,8,16,76,55.47,47,307,311,602,151.3,5,1,895,18,5,0,Moussa Diarra,Toulouse,985262,1681,france,2324
9,3,13.04,127,18,48.65,273,327,597,86.52,22,44.9,27,29,0,0,0,0,88.0,3,3,13,6,15,29,0,0,12,9,89,0,0,1.26,3.33,25,0,6.9,0.0,2,2,16,15,1,2,0,,92,59.74,0,0,0,93,11,21,1,17,1626,1,,0,0,0,0,0.0,0,0,0,1,176,12,0,6.88,0,1,0,0,0,0,0,0,813.0,0.0,0,20,9,10,6,22,56.41,0,41,19,46.34,21,20,39,23,114,56.16,37,355,358,690,199.4,29,1,970,29,5,0,Hicham Boudaoui,Nice,985923,1661,france,2324
32,8,40.0,242,39,62.9,514,484,990,89.11,13,36.11,23,33,0,0,0,0,156.0,2,1,13,3,18,33,0,0,18,34,107,0,0,2.47,2.45,21,0,5.56,0.0,2,2,29,27,2,1,1,,92,52.27,0,0,0,121,18,24,0,30,2354,2,,0,0,0,0,0.0,0,0,0,0,196,12,0,6.88,0,2,0,0,0,0,0,0,1177.0,0.0,0,11,25,12,11,26,70.27,0,49,27,55.1,24,54,37,20,105,49.53,62,615,516,1111,226.9,36,0,1433,17,6,0,Hugo Magnetti,Stade Brestois,861324,1715,france,2324
2,0,0.0,37,3,42.86,54,17,71,76.34,17,41.46,24,11,3,0,0,0,8.0,1,0,3,0,6,11,0,0,10,0,55,0,0,0.62,0.91,10,0,11.11,0.0,1,4,7,7,0,1,0,,27,46.55,0,0,0,22,1,10,0,5,421,2,,0,0,0,0,0.0,0,0,0,0,75,1,0,6.87,0,1,0,0,0,0,0,0,421.0,0.0,0,9,0,1,5,13,54.17,0,8,6,75.0,10,2,24,1,44,44.44,7,71,23,93,75.6,9,0,210,6,2,0,Siriné Doucouré,Lorient,1049527,1656,france,2324
4,10,50.0,43,1,33.33,70,18,78,82.98,0,0.0,5,11,1,0,0,0,16.0,0,0,3,0,0,11,0,0,3,2,23,0,0,0.75,0.78,1,0,12.5,0.0,1,2,3,3,0,1,0,,27,60.0,0,0,0,16,1,6,0,2,253,2,,0,0,0,0,0.0,0,0,0,0,51,4,0,6.87,0,1,0,0,0,0,0,0,253.0,0.0,0,4,4,0,5,17,58.62,0,4,3,75.0,6,7,29,20,27,54.0,3,94,20,94,75.6,8,0,183,6,1,0,Ibrahim Cissoko,Toulouse,1128902,1681,france,2324
24,0,0.0,69,42,45.65,236,437,673,85.84,36,61.02,23,18,0,0,0,0,71.0,2,1,2,3,47,18,0,1,3,7,51,0,0,0.42,1.35,19,0,10.0,6.0,1,1,18,15,3,1,0,,29,50.88,0,0,0,111,18,6,0,15,1388,0,,0,0,0,1,0.0,0,0,0,0,130,2,0,6.87,1,1,0,0,0,0,0,0,1388.0,0.0,0,10,0,6,2,1,25.0,0,18,12,66.67,6,52,4,2,65,56.03,92,312,474,784,123.7,10,1,953,11,3,0,Christopher Wooh,Stade Rennais,930231,1658,france,2324
20,0,0.0,22,39,48.75,117,438,555,87.96,20,64.52,11,13,0,0,0,0,75.0,0,0,3,3,43,13,0,0,1,6,31,1,0,0.08,0.35,13,0,0.0,8.0,0,0,17,13,4,0,0,,21,51.22,0,0,0,76,10,4,0,13,1093,0,,0,0,0,0,0.0,0,0,0,0,84,0,0,6.87,0,0,0,0,0,0,0,0,0.0,0.0,0,6,0,1,2,3,100.0,0,18,14,77.78,4,48,3,1,41,56.94,80,156,476,631,89.3,6,0,753,0,1,0,Gerzino Nyamsi,RC Strasbourg,901470,1659,france,2324
9,6,27.27,56,9,69.23,103,33,130,76.92,6,50.0,6,17,0,0,0,0,27.0,4,0,2,0,1,16,0,0,16,5,36,0,0,1.82,0.64,3,0,11.11,0.0,1,1,6,6,0,0,1,,32,51.61,0,0,1,39,6,13,1,3,424,1,,0,0,0,0,0.0,0,0,0,1,93,5,0,6.87,0,0,0,0,0,0,0,0,424.0,0.0,1,4,5,3,4,16,72.73,0,4,3,75.0,13,13,22,22,38,51.35,13,148,43,169,109.9,9,0,297,12,0,0,Adam Ounas,Lille,818440,1643,france,2324
11,4,17.39,132,16,57.14,201,90,287,77.36,11,64.71,6,25,1,0,0,0,59.0,4,1,11,1,5,25,0,0,28,20,90,0,0,2.18,3.16,24,0,9.76,0.0,4,5,20,18,2,4,0,,52,38.24,1,0,1,84,6,14,0,17,1390,2,,0,0,0,0,0.0,0,0,0,0,184,5,0,6.87,0,3,0,0,0,0,0,0,347.5,0.0,0,29,12,17,13,19,59.38,0,28,11,39.29,14,21,32,23,63,41.18,28,283,111,371,171.7,41,0,624,5,1,0,Keito Nakamura,Stade de Reims,905352,1682,france,2324
6,1,14.29,17,4,57.14,41,71,111,84.73,3,42.86,4,6,0,0,0,0,23.0,0,0,0,0,12,6,0,0,1,8,21,0,0,0.11,0.12,3,0,0.0,0.0,0,0,6,5,1,0,0,,24,58.54,0,0,0,20,3,1,0,3,345,0,,0,0,0,0,0.0,0,0,0,0,48,0,0,6.87,0,0,0,0,0,0,0,0,0.0,0.0,0,1,2,2,1,3,37.5,0,17,7,41.18,1,10,8,7,27,56.25,7,58,80,131,41.2,3,1,244,4,1,0,Theo Sainte Luce,Montpellier,901152,1642,france,2324
19,0,0.0,121,35,36.46,322,550,872,86.25,22,62.86,13,25,1,0,0,0,140.0,1,0,1,3,45,23,0,1,9,12,77,0,0,0.36,0.31,28,0,0.0,0.0,0,1,28,25,3,0,0,,113,63.84,0,0,1,139,35,8,0,20,1741,1,,0,0,0,1,0.0,0,0,0,0,238,0,0,6.87,1,0,0,0,0,0,0,0,0.0,0.0,0,0,8,6,1,17,53.13,0,53,33,62.26,8,64,32,10,135,63.68,96,423,598,1011,157.9,8,0,1427,43,8,0,Alidu Seidu,Stade Rennais,1049515,1658,france,2324
6,19,25.0,96,8,26.67,184,148,313,71.95,12,52.17,11,22,1,0,0,0,88.0,5,1,4,1,30,22,0,0,19,11,91,0,0,2.05,0.73,21,0,6.67,0.0,1,2,18,17,1,0,1,,87,52.1,0,0,0,122,15,12,1,11,1159,3,,0,0,0,1,0.0,0,0,0,0,272,8,0,6.86,0,0,0,0,0,0,0,0,1159.0,0.0,0,8,7,6,5,26,47.27,0,30,23,76.67,12,23,55,76,99,52.11,30,319,192,435,151.0,15,0,881,32,3,0,Darlin Yongwa,Lorient,998241,1656,france,2324
17,13,18.06,245,29,46.03,466,393,846,82.06,21,45.65,25,30,2,0,0,0,116.0,3,1,5,3,39,30,0,0,24,15,114,0,0,1.98,1.65,25,0,5.0,0.0,1,3,29,26,3,0,1,,88,49.72,0,0,0,185,19,19,0,24,2145,4,,0,0,0,0,0.0,0,0,0,1,372,5,0,6.86,0,1,0,0,0,0,0,0,2145.0,0.0,0,7,13,8,7,24,46.15,0,39,21,53.85,19,41,52,72,109,48.88,63,642,461,1031,205.9,20,1,1677,28,6,0,Adrien Truffert,Stade Rennais,999028,1658,france,2324
18,9,50.0,76,18,78.26,126,70,187,83.11,0,0.0,4,18,0,0,0,0,26.0,3,1,6,0,2,18,0,0,13,3,35,0,0,1.37,1.6,5,0,5.26,0.0,1,1,5,5,0,1,0,,34,52.31,0,0,1,38,5,15,0,5,598,1,,0,0,0,0,0.0,0,0,0,0,95,6,0,6.86,0,1,0,0,0,0,0,0,598.0,0.0,0,9,10,7,6,12,52.17,0,7,4,57.14,15,22,23,18,34,49.28,23,169,74,225,123.5,19,0,376,15,0,0,Badredine Bouanani,Lorient,1153265,1656,france,2324
18,1,100.0,49,22,56.41,178,341,518,91.52,16,50.0,16,10,0,0,0,0,73.0,1,1,2,3,25,10,0,0,2,7,35,0,1,0.44,1.02,12,0,0.0,0.0,0,0,16,14,2,0,0,,19,50.0,0,0,0,48,15,3,0,10,890,0,,0,0,0,0,0.0,0,0,0,0,59,4,0,6.86,0,0,0,0,0,0,0,0,0.0,0.0,0,5,1,3,1,1,50.0,0,10,4,40.0,3,27,2,1,35,50.0,39,205,362,566,68.6,6,0,670,8,2,0,Sinaly Diomandé,Olympique Lyonnais,996951,1649,france,2324
27,0,0.0,63,56,46.67,319,778,1097,88.18,32,58.18,23,22,0,0,0,0,124.0,0,2,0,1,66,22,0,0,7,11,72,1,1,0.24,1.59,30,0,18.18,31.0,2,2,32,29,3,2,0,,67,57.76,2,0,0,147,26,5,0,19,1792,1,,1,0,0,0,0.0,0,0,0,0,183,4,0,6.86,0,0,0,0,0,0,0,0,896.0,0.0,0,8,3,6,5,9,69.23,0,54,23,42.59,5,73,13,3,99,57.89,120,397,850,1244,150.9,11,0,1530,4,4,0,Abakar Sylla,RC Strasbourg,1170197,1659,france,2324
69,0,0.0,23,119,42.2,56,330,386,70.05,5,100.0,0,19,0,0,0,0,113.0,1,0,0,3,19,19,1,0,0,0,0,0,1,0.07,0.06,0,0,0.0,114.0,0,0,24,20,4,0,0,-4.0,2,100.0,0,5,0,165,0,1,0,19,1710,0,,0,0,0,0,0.0,1,0,0,0,167,0,6,6.86,0,0,12,30,10,41,0,10,0.0,0.0,0,0,0,0,0,0,0.0,12,0,0,0.0,1,153,0,0,7,100.0,282,172,379,551,130.3,0,0,696,3,2,0,Matz Sels,RC Strasbourg,78152,1659,france,2324
88,12,41.38,354,100,48.78,765,725,1478,86.94,13,40.63,19,32,1,0,0,0,165.0,0,1,7,6,26,32,0,0,14,46,106,0,0,2.78,1.51,26,0,5.88,0.0,1,2,45,41,4,1,0,,76,46.63,0,0,1,222,31,19,0,31,2600,2,,0,0,0,0,0.0,0,0,0,0,289,13,0,6.86,0,1,0,0,0,0,0,0,2600.0,0.0,0,7,10,4,6,5,71.43,0,50,28,56.0,19,175,7,29,89,45.64,205,960,769,1700,219.4,17,0,1993,21,5,0,Pedro Chirivella,Nantes,799216,1647,france,2324
13,0,0.0,39,22,46.81,119,264,383,87.64,6,54.55,5,11,0,0,0,0,41.0,0,0,1,3,30,11,0,0,0,8,23,0,2,0.19,0.19,9,0,0.0,5.0,0,0,10,10,0,0,0,,29,61.7,0,0,0,54,13,1,0,9,817,0,,0,0,0,1,0.0,0,0,0,0,63,1,0,6.85,0,0,0,0,0,0,0,0,0.0,0.0,0,2,3,2,2,1,50.0,0,21,12,57.14,1,25,2,2,35,60.34,47,153,286,437,75.4,5,0,551,7,5,0,Abdukodir Khusanov,RC Lens,1194333,1648,france,2324
25,11,28.21,169,27,56.25,326,169,484,78.57,30,60.0,20,26,2,0,0,0,80.0,3,1,3,3,22,26,0,0,20,22,91,0,0,2.21,0.53,18,0,0.0,0.0,0,2,16,14,2,0,0,,90,55.9,0,0,0,132,16,23,0,12,1223,1,,0,0,0,0,0.0,0,0,0,0,248,8,0,6.85,0,0,0,0,0,0,0,0,0.0,0.0,1,2,7,6,0,29,67.44,0,37,20,54.05,23,41,43,39,120,56.87,48,462,193,616,178.2,9,0,1030,24,2,0,Krépin Diatta,AS Monaco,873534,1653,france,2324
42,7,31.82,146,47,51.65,401,428,822,82.53,15,35.71,27,32,3,0,0,0,136.0,3,2,9,3,32,31,0,0,13,32,116,0,1,1.96,1.15,42,0,6.67,0.0,1,4,30,27,3,0,1,,117,56.8,0,0,0,174,27,16,0,23,1957,0,,0,1,0,1,0.0,0,0,0,0,235,14,0,6.85,0,1,0,0,0,0,0,0,1957.0,0.0,0,10,5,2,4,12,70.59,0,70,34,48.57,15,79,17,22,132,53.23,91,532,486,996,212.4,15,0,1357,35,1,0,Cristian Cásseres Jr.,Toulouse,878938,1681,france,2324
17,0,0.0,20,38,45.78,106,319,425,83.01,23,56.1,18,14,1,0,0,0,37.0,1,0,3,2,34,14,0,0,0,7,35,1,2,0.46,0.61,11,0,14.29,8.0,1,2,17,15,2,1,0,,26,60.47,0,0,0,87,9,1,0,9,941,0,,1,0,0,1,0.0,0,0,0,0,90,0,0,6.85,0,1,0,0,0,0,0,0,941.0,0.0,0,7,0,2,2,1,100.0,0,19,9,47.37,1,57,1,0,49,58.33,83,163,349,512,95.9,7,0,632,6,1,0,Florent Ogier,Clermont Foot,122943,1680,france,2324
1,1,50.0,10,0,0.0,13,5,17,70.83,1,33.33,2,4,1,0,0,0,2.0,1,0,0,0,0,4,0,0,2,0,4,0,0,0.06,0.46,0,0,100.0,0.0,1,2,0,0,0,1,0,,1,33.33,1,0,0,7,0,1,0,0,50,1,,0,0,0,0,0.0,0,0,0,0,16,1,0,6.85,0,0,0,0,0,0,0,0,50.0,0.0,0,1,0,0,1,0,0.0,0,0,0,0.0,1,2,0,2,2,33.33,0,19,7,24,27.4,1,0,38,1,0,0,Oscar Cortés,RC Lens,1173564,1648,france,2324
1,4,30.77,47,0,0.0,107,37,140,86.96,0,0.0,0,8,1,0,0,0,21.0,0,0,1,0,0,8,0,0,3,1,16,0,0,0.54,0.14,8,0,0.0,0.0,0,1,4,4,0,0,0,,21,56.76,0,0,0,21,3,6,0,3,323,1,,0,0,0,0,0.0,0,0,0,0,52,5,0,6.85,0,0,0,0,0,0,0,0,0.0,0.0,0,1,2,2,0,5,50.0,0,13,8,61.54,6,3,10,13,21,56.76,0,132,42,161,54.8,3,0,233,3,0,0,Senny Mayulu,Paris Saint-Germain,1473491,1644,france,2324
1,0,0.0,8,1,50.0,15,12,27,67.5,2,33.33,4,6,1,0,0,0,9.0,0,0,0,0,0,4,0,0,2,1,14,0,0,0.02,0.09,6,0,0.0,0.0,0,1,1,1,0,0,0,,7,41.18,0,0,0,13,5,2,0,1,131,0,,0,0,0,0,0.0,0,0,0,0,24,0,0,6.85,0,0,0,0,0,0,0,0,0.0,0.0,0,0,1,0,1,2,50.0,0,3,3,100.0,2,4,4,3,9,39.13,2,29,14,40,27.4,1,0,76,2,1,0,Rabby Nzingoula,RC Strasbourg,1492676,1659,france,2324
46,4,30.77,74,54,51.43,212,336,544,79.88,43,74.14,15,18,0,0,0,0,90.0,0,0,1,2,56,18,0,0,8,13,57,1,0,0.29,0.31,16,0,0.0,1.0,0,0,17,16,1,0,0,,50,54.35,0,0,0,137,20,2,0,13,1260,0,,1,0,0,2,0.0,0,0,0,0,179,3,0,6.85,0,0,0,0,0,0,0,0,0.0,0.0,0,5,2,4,2,6,54.55,0,33,19,57.58,2,76,11,13,93,62.0,105,301,393,681,123.3,7,0,949,11,5,0,Formose Mendy,Lorient,982316,1656,france,2324
11,11,26.19,137,12,42.86,228,68,285,75.2,2,22.22,7,21,3,0,0,0,82.0,4,1,2,0,1,21,0,0,24,20,85,0,0,3.03,0.43,12,0,0.0,0.0,0,3,17,12,5,0,0,,76,49.35,0,0,0,94,9,27,0,11,1102,2,,0,1,0,0,0.0,0,0,0,1,223,10,0,6.85,0,0,0,0,0,0,0,0,0.0,0.0,0,2,7,3,4,30,56.6,0,24,11,45.83,26,26,53,42,78,47.85,28,336,85,379,143.8,9,0,669,22,1,0,Ângelo,RC Strasbourg,1086455,1659,france,2324
19,1,10.0,145,13,81.25,257,116,372,82.67,4,25.0,12,27,2,0,0,0,48.0,4,1,7,0,5,26,0,0,15,15,50,0,0,3.0,3.43,3,0,13.79,0.0,4,6,26,22,4,4,0,,23,37.7,0,0,0,78,3,24,1,15,1353,3,,0,0,2,0,100.0,0,2,0,0,136,6,0,6.85,0,3,0,0,0,0,0,0,338.25,0.0,1,19,10,10,12,7,58.33,0,10,10,100.0,24,25,12,10,27,35.06,16,330,130,450,178.0,29,0,599,6,0,0,Kévin Gameiro,RC Strasbourg,3504,1659,france,2324
19,0,0.0,110,26,65.0,218,197,415,80.74,13,59.09,9,22,1,0,0,0,78.0,1,1,5,1,18,22,0,0,24,12,82,0,0,0.76,1.43,22,0,5.0,0.0,1,2,28,23,5,1,0,,89,54.94,0,0,0,99,18,13,0,17,1461,1,,0,0,0,1,0.0,0,0,0,0,178,9,0,6.85,0,1,0,0,0,0,0,0,1461.0,0.0,0,10,10,11,4,28,65.12,0,40,20,50.0,13,38,43,4,102,55.43,40,300,218,514,150.6,20,1,799,22,3,0,Junior Mwanga,RC Strasbourg,1197153,1659,france,2324
20,9,20.93,87,24,43.64,192,216,399,75.14,19,54.29,16,19,2,0,0,0,90.0,2,2,4,3,46,18,0,0,14,18,75,0,0,0.96,1.43,21,0,7.69,0.0,1,3,24,20,4,1,0,,47,44.34,0,0,1,132,23,16,1,17,1457,3,,0,0,0,0,0.0,0,0,0,0,246,4,0,6.84,0,0,0,0,0,0,0,0,1457.0,0.0,0,11,2,4,5,10,52.63,0,28,17,60.71,16,45,19,43,66,46.81,55,306,268,531,123.2,13,0,959,10,3,0,Issiaga Sylla,Montpellier,291695,1642,france,2324
58,0,0.0,101,55,38.19,315,689,1004,85.52,52,57.78,38,25,0,0,0,0,116.0,0,1,3,4,107,25,0,0,4,13,76,0,0,0.46,0.56,18,0,0.0,8.0,0,0,46,41,5,0,0,,55,59.14,0,0,0,170,32,7,0,25,2205,1,,0,0,0,0,0.0,0,0,0,0,213,0,0,6.84,0,0,0,0,0,0,0,0,0.0,0.0,0,3,2,0,2,10,66.67,0,38,22,57.89,7,131,15,3,107,58.47,144,414,763,1174,171.1,5,1,1491,8,2,0,Montassar Talbi,Lorient,879618,1656,france,2324
8,6,23.08,107,12,80.0,182,79,255,84.72,6,50.0,6,23,1,0,0,0,44.0,2,1,6,0,4,23,0,0,13,10,46,0,1,1.11,2.23,3,0,14.29,0.0,2,3,17,16,1,1,1,,55,57.89,0,0,0,46,4,11,0,1,608,5,,0,0,0,0,0.0,0,0,0,1,116,6,0,6.84,0,2,0,0,0,0,0,0,304.0,0.0,1,9,5,3,5,10,41.67,0,10,7,70.0,11,13,24,26,61,57.01,15,240,87,301,157.4,14,0,478,35,2,0,Abdoul Kader Bamba,Nantes,938270,1647,france,2324
3,4,23.53,100,2,22.22,172,55,223,71.7,37,40.66,54,29,2,0,0,0,63.0,1,3,11,0,15,29,0,0,25,6,143,0,0,1.07,3.06,41,0,12.2,0.0,5,7,21,21,0,5,0,,56,38.62,1,0,0,88,4,14,1,14,1457,3,,0,0,0,0,0.0,0,0,0,0,186,8,0,6.84,0,3,0,0,0,0,0,0,291.4,0.0,0,31,10,16,14,13,39.39,0,22,14,63.64,14,7,33,17,93,39.41,9,255,73,311,198.4,41,0,581,23,5,0,Frank Magri,Toulouse,1169436,1681,france,2324
11,9,19.15,156,10,43.48,291,250,532,83.78,16,38.1,26,29,1,0,0,0,100.0,3,2,13,0,28,29,0,0,26,21,123,0,0,1.42,2.58,15,0,5.41,0.0,2,3,32,27,5,2,0,,84,46.41,1,0,1,103,13,20,0,22,1870,1,,0,0,0,0,0.0,0,0,0,0,272,11,0,6.84,0,1,0,0,0,0,0,0,935.0,0.0,0,28,9,13,11,28,44.44,0,30,18,60.0,20,19,63,47,100,44.84,23,399,283,635,198.4,37,0,1092,26,1,0,Jim Allevinah,Clermont Foot,988632,1680,france,2324
5,1,12.5,87,5,55.56,134,67,200,66.45,36,45.57,43,22,1,0,0,0,30.0,0,7,11,0,11,22,0,0,24,8,109,0,0,0.65,7.27,14,0,11.11,0.0,5,6,17,13,4,5,0,,43,39.45,0,0,2,101,2,13,2,16,1406,7,,0,0,2,0,100.0,0,2,0,0,191,6,0,6.84,0,3,0,0,0,0,0,0,281.2,0.0,0,41,4,16,18,17,44.74,0,13,5,38.46,13,9,38,8,79,42.02,9,224,85,301,150.5,45,2,530,13,4,0,Mohamed Bayo,Le Havre,909318,1662,france,2324
4,0,0.0,89,8,88.89,124,41,165,77.1,16,59.26,11,23,0,0,0,0,21.0,3,2,1,0,7,22,0,0,17,6,52,0,0,0.97,1.57,14,0,9.52,0.0,2,2,5,5,0,2,0,,33,44.59,0,0,1,49,4,14,1,2,554,7,,0,0,0,0,0.0,0,0,0,0,102,5,0,6.84,0,1,0,0,0,0,0,0,277.0,0.0,0,19,2,12,8,5,50.0,0,21,10,47.62,14,5,10,5,49,48.51,9,171,48,214,150.5,21,0,360,7,1,0,Morgan Guilavogui,RC Lens,990743,1648,france,2324
15,3,15.79,48,7,24.14,99,90,186,74.1,4,33.33,8,11,1,0,0,0,39.0,3,0,1,2,7,10,0,0,6,14,35,0,0,1.12,0.21,5,0,0.0,0.0,0,1,10,10,0,0,0,,35,56.45,0,0,0,65,8,4,0,9,712,0,,0,0,0,0,0.0,0,0,0,0,104,3,0,6.84,0,0,0,0,0,0,0,0,0.0,0.0,0,3,1,2,1,7,77.78,0,21,15,71.43,4,26,9,19,39,52.7,29,152,118,251,68.4,4,0,419,8,1,0,Silvan Hefti,Montpellier,814214,1642,france,2324
15,7,36.84,153,11,55.0,254,122,369,79.18,5,26.32,14,27,2,0,0,0,56.0,5,6,11,1,5,26,0,0,22,11,83,0,0,3.13,5.46,19,1,12.5,0.0,5,7,15,14,1,4,1,,46,40.0,0,0,2,97,5,18,4,16,1330,4,,0,0,0,0,0.0,0,0,0,0,184,5,0,6.84,0,1,0,0,0,0,0,0,266.0,16.67,6,28,12,15,14,13,43.33,0,19,11,57.89,18,27,30,19,51,38.06,20,340,145,466,177.8,40,0,689,14,5,0,Yusuf Yazıcı,Lille,827804,1643,france,2324
31,0,0.0,60,54,42.52,257,791,1048,87.33,57,78.08,16,24,0,0,0,0,86.0,2,1,2,8,93,24,0,1,1,4,36,0,1,1.11,0.54,16,0,0.0,1.0,0,0,32,29,3,0,0,,32,61.54,0,0,0,152,18,7,0,22,1998,0,,0,0,0,0,0.0,0,0,0,0,158,1,0,6.84,1,0,0,0,0,0,0,0,0.0,0.0,0,7,0,4,1,1,50.0,0,26,11,42.31,7,77,2,0,89,71.2,127,339,861,1200,164.1,7,0,1415,5,2,0,Duje Ćaleta-Car,Olympique Lyonnais,257091,1649,france,2324
49,3,15.0,144,56,42.42,404,702,1103,86.78,51,61.45,32,28,0,0,0,0,138.0,1,0,1,5,78,28,0,0,7,11,88,0,0,1.18,0.57,33,0,20.0,0.0,2,2,45,41,4,2,0,,60,51.72,1,0,0,168,32,10,0,28,2466,2,,0,0,0,2,0.0,0,0,0,0,222,4,0,6.84,0,1,0,0,0,0,0,0,1233.0,0.0,0,9,1,3,6,8,57.14,0,34,26,76.47,10,103,14,20,111,55.78,132,529,762,1271,191.4,10,0,1609,18,5,0,Jean-Charles Castelletto,Nantes,191204,1647,france,2324
7,0,0.0,48,14,50.0,170,321,491,91.26,23,67.65,11,18,0,0,0,0,43.0,0,0,0,2,40,17,0,0,5,5,33,0,0,0.11,0.06,10,0,0.0,4.0,0,0,9,9,0,0,0,,30,57.69,0,0,0,47,14,1,0,8,798,0,,0,0,0,1,0.0,0,0,0,0,68,0,0,6.84,0,0,0,0,0,0,0,0,0.0,0.0,0,1,0,1,0,5,71.43,0,18,11,61.11,1,14,7,4,53,61.63,28,199,343,538,116.2,1,0,704,7,1,0,Bamo Meïté,Olympique de Marseille,1131541,1641,france,2324
45,0,0.0,9,117,34.72,54,520,574,71.66,7,100.0,0,34,0,0,0,0,165.0,0,0,0,6,27,34,1,0,0,3,4,1,0,0.02,0.0,1,0,0.0,193.0,0,0,46,41,5,0,0,-0.39,7,63.64,0,7,0,227,0,0,0,34,3060,0,,0,0,0,1,0.0,4,0,0,0,232,0,8,6.84,0,0,4,59,34,95,0,29,0.0,0.0,0,0,0,0,0,1,100.0,4,0,0,0.0,0,113,1,0,14,77.78,337,198,603,801,232.4,0,0,1046,11,3,0,Guillaume Restes,Toulouse,1154630,1681,france,2324
16,6,22.22,130,16,53.33,214,76,284,82.56,0,0.0,0,15,0,0,0,0,58.0,1,1,4,0,3,15,0,0,9,3,24,0,0,0.89,1.28,1,0,8.33,0.0,1,1,12,11,1,1,0,,23,48.94,0,0,0,60,8,10,0,8,798,6,,0,0,0,0,0.0,0,0,0,0,125,9,0,6.83,0,1,0,0,0,0,0,0,798.0,0.0,0,7,5,5,3,13,54.17,0,8,7,87.5,10,27,24,27,23,48.94,30,280,91,344,102.5,12,0,496,2,0,0,Luís Henrique,Olympique de Marseille,977679,1641,france,2324
10,0,0.0,28,33,67.35,83,146,229,84.81,12,57.14,9,14,0,0,0,0,26.0,0,0,0,0,23,12,0,0,1,9,30,0,0,0.06,0.28,9,0,0.0,0.0,0,0,11,10,1,0,0,,35,62.5,0,0,0,41,13,2,0,5,546,0,,0,0,0,0,0.0,0,0,0,0,63,2,0,6.83,0,0,0,0,0,0,0,0,0.0,0.0,0,2,2,2,2,4,66.67,0,25,13,52.0,2,18,6,9,47,61.04,49,116,163,270,82.0,4,0,400,6,3,0,Julien Le Cardinal,Stade Brestois,1129751,1715,france,2324
0,0,0.0,9,1,33.33,13,10,23,82.14,1,100.0,0,3,0,0,0,0,3.0,0,0,0,0,4,3,0,0,1,0,2,0,0,0.07,0.04,0,0,0.0,0.0,0,0,0,0,0,0,0,,2,50.0,0,0,0,5,2,2,0,0,59,0,,0,0,0,0,0.0,0,0,0,0,9,0,0,6.83,0,0,0,0,0,0,0,0,0.0,0.0,0,0,1,1,0,0,0.0,0,1,0,0.0,2,1,1,0,3,60.0,3,17,11,28,20.5,1,0,50,1,0,0,Valentin Rosier,Nice,842419,1661,france,2324
37,0,0.0,56,69,46.0,157,447,604,80.21,31,58.49,22,25,1,0,0,0,93.0,0,1,3,4,107,24,0,0,2,15,56,1,0,0.2,0.82,14,0,0.0,0.0,0,1,40,37,3,0,0,,62,64.58,0,0,0,149,20,6,0,20,1852,0,,0,0,0,2,0.0,0,0,0,1,187,1,0,6.83,0,0,0,0,0,0,0,0,0.0,0.0,2,6,7,3,7,7,70.0,0,40,19,47.5,6,89,10,8,93,62.42,150,266,495,753,163.9,13,1,1076,16,4,0,Fali Candé,Metz,892430,1651,france,2324
18,4,50.0,145,26,54.17,324,273,593,85.82,8,38.1,13,14,0,0,0,0,68.0,0,0,1,0,14,14,0,0,5,10,48,0,2,0.51,0.2,13,0,0.0,0.0,0,0,15,13,2,0,0,,50,58.82,0,0,0,98,20,8,0,12,1032,0,,0,0,0,0,0.0,0,0,0,0,126,0,0,6.83,1,0,0,0,0,0,0,0,0.0,0.0,0,0,6,5,0,7,50.0,0,23,11,47.83,8,35,14,8,58,54.72,48,389,310,691,95.6,6,0,846,21,2,1,Oussama Targhalline,Le Havre,1095731,1662,france,2324
18,9,16.98,177,31,79.49,271,120,382,85.46,5,20.83,19,29,1,0,0,1,85.0,3,3,15,2,5,29,0,0,29,16,142,0,0,1.93,4.72,44,0,9.09,0.0,4,5,21,16,5,4,0,,89,41.98,0,0,0,65,6,20,3,18,1572,3,,0,0,2,0,50.0,0,1,0,0,222,11,0,6.82,0,1,0,0,0,0,0,0,393.0,0.0,0,24,20,12,17,25,39.06,0,30,14,46.67,20,33,64,53,94,39.83,39,370,130,447,197.9,44,0,812,34,3,0,Ludovic Blas,Stade Rennais,806076,1658,france,2324
12,11,23.4,222,8,61.54,349,156,494,78.79,13,36.11,23,29,2,0,0,0,89.0,7,7,13,0,9,29,0,0,22,23,88,1,0,3.85,3.82,16,0,3.23,0.0,1,3,15,13,2,0,1,,50,43.48,0,0,1,133,9,30,0,13,1205,5,,0,0,0,0,0.0,0,0,0,1,229,12,0,6.82,0,1,0,0,0,0,0,0,1205.0,0.0,0,25,6,11,7,9,64.29,0,25,14,56.0,30,26,14,47,63,41.72,13,486,188,627,197.8,31,0,874,16,3,0,Adrien Thomasson,RC Lens,231946,1648,france,2324
7,4,20.0,98,6,50.0,159,95,250,73.53,12,26.09,34,30,1,0,0,0,69.0,4,2,7,0,4,30,0,0,22,23,140,0,0,1.08,4.12,26,0,16.13,0.0,5,6,21,17,4,5,0,,95,47.26,0,0,1,90,19,10,1,18,1593,2,,0,0,2,0,100.0,0,2,0,2,219,6,0,6.82,0,4,0,0,0,0,0,0,318.6,0.0,0,21,10,11,13,20,35.09,0,38,19,50.0,10,13,57,20,107,43.32,12,242,118,340,204.6,31,1,707,37,5,0,Emmanuel Sabbi,Le Havre,880765,1662,france,2324
20,4,18.18,248,20,71.43,453,266,715,90.62,3,21.43,11,21,0,0,0,0,66.0,2,1,4,1,7,20,0,0,17,21,80,0,0,1.71,0.97,15,0,12.5,0.0,2,2,16,15,1,1,1,,57,45.24,0,0,0,74,11,15,0,15,1219,1,,0,0,0,0,0.0,0,0,0,0,156,10,0,6.82,0,2,0,0,0,0,0,0,609.5,0.0,0,7,9,8,4,8,30.77,0,25,11,44.0,15,28,26,22,60,42.86,28,527,284,789,136.4,16,0,1011,24,3,0,Azzedine Ounahi,Olympique de Marseille,991421,1641,france,2324
3,0,0.0,18,4,100.0,30,7,37,82.22,1,11.11,8,5,0,0,0,0,3.0,0,1,2,0,2,5,0,0,7,3,24,0,0,0.25,0.71,3,0,16.67,0.0,1,1,2,1,1,1,0,,14,46.67,0,0,0,8,1,3,0,2,190,3,,0,0,0,0,0.0,0,0,0,0,27,0,0,6.82,0,1,0,0,0,0,0,0,190.0,0.0,0,5,1,1,3,4,57.14,0,3,3,100.0,3,3,7,1,15,38.46,4,37,9,45,34.1,6,0,95,7,0,0,Breel Embolo,AS Monaco,352296,1653,france,2324
17,2,15.38,146,30,57.69,311,218,527,83.52,17,60.71,11,28,1,0,0,0,86.0,2,1,0,1,29,28,0,0,21,12,90,0,0,1.38,1.63,30,0,17.65,0.0,3,4,23,18,5,3,0,,63,44.37,0,0,0,104,15,12,3,14,1349,0,,0,0,0,0,0.0,0,0,0,0,181,8,0,6.82,0,0,0,0,0,0,0,0,449.67,0.0,0,8,9,9,8,8,30.77,0,33,23,69.7,12,36,26,13,80,47.06,52,393,251,631,190.9,17,0,902,22,4,0,Amir Richardson,Stade de Reims,1121333,1682,france,2324
13,0,0.0,65,14,45.16,183,215,398,88.05,12,66.67,6,13,0,0,0,0,38.0,0,1,0,0,10,12,0,0,3,12,39,0,1,0.24,0.83,15,0,12.5,0.0,1,1,10,10,0,1,0,,32,49.23,1,0,0,54,11,2,0,5,570,0,,0,0,0,0,0.0,0,0,0,0,74,1,0,6.82,0,0,0,0,0,0,0,0,570.0,0.0,0,2,6,5,3,2,40.0,0,23,14,60.87,2,27,5,2,44,53.01,31,223,231,452,81.8,8,0,554,8,1,0,Jean Onana,Olympique de Marseille,978301,1641,france,2324
7,7,20.0,58,8,38.1,113,56,162,69.53,16,69.57,7,14,0,0,0,0,37.0,3,2,1,1,18,14,0,0,11,11,48,0,0,0.82,1.26,10,0,12.5,0.0,1,1,7,4,3,1,0,,34,45.33,0,0,0,71,13,6,1,7,646,0,,0,0,0,0,0.0,0,0,0,0,156,3,0,6.81,0,0,0,0,0,0,0,0,646.0,0.0,0,6,2,2,5,8,47.06,0,17,12,70.59,6,21,17,35,50,51.02,21,192,76,233,95.4,8,0,472,9,2,0,Kassoum Ouattara,AS Monaco,1397558,1653,france,2324
18,16,25.81,114,13,43.33,235,127,346,70.61,32,50.0,32,34,2,1,0,0,63.0,4,6,18,1,7,34,0,0,26,19,133,0,1,2.19,7.7,25,0,7.81,0.0,5,7,18,17,1,5,0,,43,29.86,0,0,1,144,6,27,2,22,1912,4,,0,0,2,1,50.0,0,1,0,0,284,17,0,6.81,0,3,0,0,0,0,0,0,382.4,0.0,2,50,14,23,23,17,34.0,0,18,12,66.67,27,55,50,62,75,36.06,30,392,160,490,231.6,64,0,830,8,2,0,Gaëtan Laborde,Nice,149730,1661,france,2324
24,2,15.38,124,36,60.0,278,445,721,89.45,10,47.62,11,23,1,0,0,0,69.0,0,1,1,0,42,22,0,0,4,6,33,0,0,0.32,0.52,12,0,0.0,3.0,0,1,28,24,4,0,0,,52,70.27,0,0,0,85,13,6,0,16,1455,0,,0,0,0,0,0.0,0,0,0,0,117,4,0,6.81,0,0,0,0,0,0,0,0,0.0,0.0,0,3,0,2,0,5,71.43,0,32,22,68.75,6,32,7,13,62,65.26,60,333,486,806,149.8,3,0,1032,15,0,0,Jeanuël Belocian,Stade Rennais,1173172,1658,france,2324
14,2,33.33,105,12,63.16,179,93,270,71.05,48,43.64,62,26,3,0,0,1,36.0,1,8,10,1,15,26,0,0,18,3,117,0,0,1.02,6.18,20,0,10.0,0.0,4,7,28,24,4,4,0,,39,41.49,0,0,0,110,0,18,0,17,1507,14,,0,0,2,0,50.0,0,1,0,2,183,4,0,6.81,0,4,0,0,0,0,0,0,376.75,0.0,1,33,7,10,20,8,32.0,0,6,2,33.33,18,18,25,6,87,42.65,19,273,113,380,177.0,40,1,588,26,2,0,Shamar Nicholson,Clermont Foot,884948,1680,france,2324
10,2,25.0,17,24,58.54,69,166,233,81.47,13,52.0,12,14,0,0,0,0,28.0,0,0,1,1,62,13,0,0,0,1,22,0,0,0.11,0.36,9,0,0.0,0.0,0,0,16,14,2,0,0,,27,72.97,0,0,0,53,8,1,0,9,853,1,,0,0,0,0,0.0,0,0,0,0,67,0,0,6.81,0,0,0,0,0,0,0,0,0.0,0.0,0,4,1,3,1,3,100.0,0,19,12,63.16,1,24,3,8,40,64.52,41,109,185,286,88.5,5,0,453,5,1,0,Sadibou Sané,Metz,1471683,1651,france,2324
15,6,26.09,68,18,64.29,141,105,240,82.47,6,25.0,18,17,2,0,0,0,49.0,1,1,7,0,2,16,0,0,14,2,62,0,0,0.7,1.97,8,0,16.67,0.0,3,5,20,16,4,2,1,,37,45.68,0,0,0,51,8,13,3,10,929,0,,0,1,1,0,100.0,0,1,0,0,126,3,0,6.81,0,0,0,0,0,0,0,0,309.67,0.0,1,9,9,4,7,16,43.24,0,8,5,62.5,12,22,37,23,43,40.95,28,198,116,291,108.9,18,0,467,14,1,0,Ablie Jallow,Metz,886534,1651,france,2324
8,1,7.69,77,12,54.55,156,116,271,83.13,12,46.15,14,23,0,0,0,0,54.0,2,0,5,0,6,21,0,0,14,13,74,0,0,0.53,1.92,22,0,17.65,0.0,3,3,19,19,0,3,0,,62,50.82,1,0,0,55,14,8,1,11,1028,1,,0,0,0,0,0.0,0,0,0,0,110,5,0,6.8,0,1,0,0,0,0,0,0,342.67,0.0,1,9,8,5,7,10,47.62,0,28,15,53.57,8,16,21,13,74,50.0,22,209,130,326,142.9,17,0,527,24,2,0,Khalil Fayad,Montpellier,1387157,1642,france,2324
8,12,25.53,185,6,66.67,409,182,579,84.28,10,41.67,14,25,0,0,0,0,94.0,0,2,12,1,5,24,0,0,30,8,90,0,1,1.7,1.52,12,0,3.7,0.0,1,1,19,17,2,0,1,,73,48.99,0,0,2,108,3,21,0,16,1327,0,,0,0,0,0,0.0,0,0,0,0,233,12,0,6.8,0,1,0,0,0,0,0,0,1327.0,0.0,1,5,22,7,8,30,53.57,0,28,19,67.86,21,14,56,47,83,47.98,9,527,207,687,163.3,27,1,983,15,2,0,Andy Diouf,RC Lens,1048889,1648,france,2324
3,0,0.0,115,2,28.57,181,82,263,74.93,8,19.51,33,29,5,0,0,3,48.0,5,14,22,2,4,28,0,0,42,8,141,0,0,1.87,11.03,31,0,10.61,0.0,7,12,26,23,3,7,0,,58,34.94,0,0,2,88,3,26,2,19,1694,14,,0,0,3,0,0.0,0,0,0,1,257,14,0,6.8,0,5,0,0,0,0,0,0,242.0,0.0,0,64,2,15,29,11,28.21,0,12,4,33.33,26,10,39,7,66,31.88,7,263,95,351,190.5,66,2,705,35,1,0,Folarin Balogun,AS Monaco,934237,1653,france,2324
13,6,11.54,174,15,32.61,317,181,492,77.12,21,44.68,26,30,5,0,0,0,107.0,7,2,10,3,23,30,0,0,25,11,123,0,0,3.0,1.93,25,0,0.0,0.0,0,5,29,26,3,0,0,,82,45.81,0,0,0,146,13,31,0,25,2031,7,,0,0,0,0,0.0,0,0,0,1,319,14,0,6.8,0,0,0,0,0,0,0,0,0.0,0.0,0,15,7,8,4,23,38.33,0,31,18,58.06,31,29,60,52,103,45.58,46,465,225,638,204.1,22,0,1102,28,6,0,Josué Casimir,Le Havre,1035986,1662,france,2324
8,3,14.29,54,13,40.63,111,115,223,82.59,6,60.0,4,13,0,0,0,0,40.0,0,0,6,1,24,13,0,0,8,3,41,0,0,0.4,1.44,17,0,18.18,0.0,2,2,7,6,1,1,1,,29,43.94,0,0,0,47,10,6,2,8,818,0,,0,0,0,0,0.0,0,0,0,0,102,0,0,6.8,0,0,0,0,0,0,0,0,409.0,0.0,0,6,5,3,2,8,47.06,0,11,5,45.45,6,17,17,21,35,46.05,32,159,132,270,88.4,11,0,476,10,2,0,Sergio Akieme,Stade de Reims,827942,1682,france,2324
1,0,0.0,43,0,0.0,83,49,132,83.54,8,44.44,10,16,0,0,0,0,44.0,1,2,6,0,1,15,0,0,15,5,48,0,0,0.62,2.56,12,0,5.88,0.0,1,1,14,11,3,1,0,,44,53.66,0,0,1,26,2,9,1,7,621,0,,0,0,0,0,0.0,0,0,0,1,96,4,0,6.8,0,0,0,0,0,0,0,0,621.0,0.0,0,14,3,3,8,17,70.83,0,13,11,84.62,9,2,24,8,52,52.0,0,109,57,158,102.0,17,0,329,14,2,0,Tanguy Coulibaly,Montpellier,954060,1642,france,2324
43,0,0.0,105,53,63.1,303,363,666,86.49,15,62.5,9,21,0,0,0,0,97.0,0,0,2,0,11,21,0,0,13,32,89,0,0,0.45,0.41,28,0,7.69,0.0,1,1,26,23,3,0,1,,70,46.67,0,0,0,104,20,7,0,17,1315,0,,0,0,0,0,0.0,0,0,0,0,144,6,0,6.8,0,1,0,0,0,0,0,0,1315.0,0.0,0,4,9,8,3,8,53.33,0,47,33,70.21,7,73,15,1,85,48.85,84,379,392,770,142.8,13,0,967,15,4,0,Maxime Gonalons,Clermont Foot,82555,1680,france,2324
14,4,25.0,52,18,40.91,108,141,245,79.8,14,66.67,7,13,2,0,0,0,52.0,2,0,0,1,35,11,0,0,3,6,33,1,0,0.65,0.18,16,0,0.0,0.0,0,2,21,20,1,0,0,,32,55.17,0,0,0,62,13,6,0,10,863,1,,0,0,0,0,0.0,0,0,0,0,108,2,0,6.8,0,0,0,0,0,0,0,0,0.0,0.0,0,4,1,4,1,8,80.0,0,20,13,65.0,6,33,10,16,46,58.23,44,162,161,307,74.8,5,0,533,5,2,0,Koffi Kouao,Metz,867575,1651,france,2324
1,0,0.0,5,1,100.0,8,7,15,88.24,0,0.0,0,1,0,0,0,0,0.0,0,0,0,0,0,1,0,0,3,1,4,0,0,0.02,,1,0,0.0,0.0,0,0,0,0,0,0,0,,5,55.56,0,0,0,2,0,0,0,0,45,1,,0,0,0,0,0.0,0,0,0,0,6,0,0,6.8,0,0,0,0,0,0,0,0,0.0,0.0,0,0,0,0,0,1,100.0,0,2,2,100.0,0,1,1,0,5,55.56,1,10,7,17,6.8,0,0,29,2,0,0,Saimon Bouabre,AS Monaco,1426581,1653,france,2324
1,0,0.0,1,3,30.0,2,10,12,63.16,0,0.0,0,1,0,0,0,0,3.0,0,0,0,0,0,1,0,0,0,0,0,0,0,0.0,,0,0,0.0,2.0,0,0,2,2,0,0,0,0.92,0,0.0,0,0,0,7,0,0,0,1,90,0,,0,0,0,0,0.0,1,0,0,0,7,0,0,6.8,0,0,1,2,1,3,0,1,0.0,0.0,0,0,0,0,0,0,0.0,1,0,0,0.0,0,1,0,0,0,0.0,10,6,13,19,6.8,0,0,22,0,1,0,Mathieu Gorgelin,Le Havre,123226,1662,france,2324
0,0,0.0,2,5,31.25,5,21,26,70.27,0,0.0,0,2,0,0,0,0,11.0,0,0,0,0,0,2,0,0,0,0,0,0,0,0.0,,0,0,0.0,1.0,0,0,2,2,0,0,0,-0.26,0,0.0,0,0,0,11,0,0,0,1,101,0,,0,0,0,0,0.0,0,0,0,0,11,0,0,6.8,0,0,1,3,0,3,0,1,0.0,0.0,0,0,0,0,0,0,0.0,1,0,0,0.0,0,4,0,0,0,0.0,16,14,23,37,13.6,0,0,45,0,0,0,Vito Mannone,Lille,17053,1643,france,2324
0,0,0.0,0,0,0.0,3,4,7,87.5,0,0.0,0,2,0,0,0,0,3.0,0,0,0,0,0,1,0,0,0,0,0,0,0,0.0,,0,0,0.0,0.0,0,0,0,0,0,0,0,,2,100.0,0,0,0,1,0,0,0,0,15,0,,0,0,0,0,0.0,0,0,0,0,2,0,0,6.8,0,0,0,0,0,0,0,0,0.0,0.0,0,0,0,0,0,0,0.0,0,2,2,100.0,0,0,0,1,2,100.0,0,4,5,8,6.8,0,0,11,0,0,0,Alois Confais,Le Havre,794374,1662,france,2324
1,1,16.67,18,0,0.0,25,6,30,65.22,5,45.45,6,6,0,0,0,0,8.0,2,0,2,0,1,6,0,0,3,1,13,0,0,0.53,0.44,2,0,0.0,0.0,0,0,2,2,0,0,0,,6,46.15,0,0,0,16,1,4,0,2,182,1,,0,0,0,0,0.0,0,0,0,0,33,3,0,6.8,0,0,0,0,0,0,0,0,0.0,0.0,0,5,1,4,0,0,0.0,0,0,0,0.0,4,1,1,6,11,45.83,0,44,8,46,40.8,6,0,87,6,0,0,Ignatius Ganago,Nantes,890329,1647,france,2324
9,1,14.29,42,7,58.33,80,66,145,73.98,6,50.0,6,9,0,0,0,0,41.0,1,1,1,0,6,8,0,0,4,7,33,0,0,0.36,0.36,9,0,0.0,0.0,0,0,7,7,0,0,0,,26,49.06,0,0,0,51,6,6,0,5,464,0,,0,0,0,0,0.0,0,0,0,0,80,8,0,6.8,0,0,0,0,0,0,0,0,0.0,0.0,0,1,2,1,1,4,36.36,0,12,9,75.0,6,16,11,7,32,49.23,12,117,86,196,54.4,3,0,294,10,0,0,Denis Genreau,Toulouse,862773,1681,france,2324
0,0,0.0,9,1,33.33,19,20,39,86.67,0,0.0,0,2,0,0,0,0,2.0,0,0,1,0,0,1,0,0,2,1,5,0,0,0.02,0.04,2,0,0.0,0.0,0,0,1,1,0,0,0,,8,61.54,0,0,0,6,2,0,0,1,62,0,,0,0,0,0,0.0,0,0,0,0,8,0,0,6.8,0,0,0,0,0,0,0,0,0.0,0.0,0,0,2,0,1,0,0.0,0,6,2,33.33,0,2,0,0,8,61.54,3,25,20,45,6.8,2,0,63,2,0,0,Carlos Baleba,Lille,1199043,1643,france,2324
9,14,21.21,92,7,35.0,189,75,250,76.69,30,44.78,37,30,2,0,0,0,39.0,3,5,6,0,9,30,0,0,13,21,103,0,0,1.75,3.51,18,0,8.33,0.0,3,5,9,9,0,3,0,,51,43.59,0,0,0,76,10,14,2,12,1221,6,,0,0,0,0,0.0,0,0,0,0,187,7,0,6.79,0,1,0,0,0,0,0,0,407.0,0.0,4,20,16,14,16,8,33.33,0,21,15,71.43,14,15,24,66,81,44.02,20,305,87,326,203.8,36,0,610,22,3,0,Mathias Pereira Lage,Stade Brestois,831400,1715,france,2324
22,0,0.0,14,73,34.43,39,257,296,66.67,4,100.0,0,15,0,0,0,0,113.0,0,0,0,2,18,15,0,0,0,0,0,2,0,0.03,,0,0,0.0,61.0,0,0,26,22,4,0,0,-6.13,3,100.0,0,17,0,148,1,1,0,15,1350,0,,0,0,0,0,0.0,4,0,1,0,152,0,7,6.79,0,0,10,25,13,38,0,5,0.0,0.0,0,0,0,0,0,0,0.0,10,0,0,0.0,1,43,0,0,7,100.0,212,152,292,444,101.9,0,0,586,3,1,0,Alaa Bellaarouch,RC Strasbourg,1000501,1659,france,2324
2,5,38.46,69,4,44.44,121,51,167,84.77,5,38.46,8,13,1,0,0,0,19.0,1,0,6,0,2,13,0,1,8,4,42,0,0,0.62,0.8,6,0,14.29,0.0,2,3,2,2,0,2,0,,34,50.0,0,0,0,30,2,5,0,4,430,1,,0,0,0,0,0.0,0,0,0,1,75,6,0,6.79,1,2,0,0,0,0,0,0,215.0,0.0,1,8,6,4,4,6,26.09,0,9,6,66.67,5,3,23,13,39,48.15,9,151,59,197,88.3,14,1,320,19,0,0,Eliesse Ben Seghir,AS Monaco,1394353,1653,france,2324
28,1,50.0,143,34,50.0,315,298,612,81.93,30,58.82,21,27,1,0,0,0,108.0,3,2,6,0,30,26,0,0,23,7,100,0,0,1.94,0.95,44,0,0.0,0.0,0,1,28,25,3,0,0,,71,47.33,0,0,0,135,19,12,0,18,1648,0,,0,0,0,0,0.0,0,0,0,0,197,9,0,6.79,0,0,0,0,0,0,0,0,0.0,0.0,0,9,5,5,3,11,61.11,0,47,33,70.21,12,58,18,2,101,50.25,68,418,331,747,176.6,14,0,1011,14,7,0,Ibrahima Sissoko,RC Strasbourg,829093,1659,france,2324
5,5,29.41,93,4,33.33,172,128,295,89.67,5,50.0,5,11,0,0,0,0,24.0,0,0,1,0,2,11,0,0,2,5,22,0,0,0.55,0.34,7,0,12.5,0.0,1,1,12,10,2,1,0,,20,54.05,0,0,0,34,10,5,1,6,624,0,,0,0,0,0,0.0,0,0,0,0,61,1,0,6.79,0,0,0,0,0,0,0,0,624.0,0.0,0,6,2,4,3,2,33.33,0,10,6,60.0,5,12,6,17,25,53.19,12,204,142,329,74.7,8,0,468,8,2,0,Henrique,Olympique Lyonnais,336851,1649,france,2324
28,1,33.33,117,58,56.31,372,496,867,87.4,24,58.54,17,21,0,0,0,0,112.0,0,1,1,5,34,19,0,0,8,22,81,0,2,0.45,0.62,31,0,0.0,0.0,0,0,23,21,2,0,0,,77,54.61,0,0,0,125,21,2,0,15,1358,1,,0,0,0,1,0.0,0,0,0,0,163,4,0,6.79,0,0,0,0,0,0,0,0,0.0,0.0,0,5,3,4,3,8,66.67,0,56,26,46.43,2,58,12,3,101,55.49,103,453,542,992,129.0,8,0,1223,13,7,0,Soungoutou Magassa,AS Monaco,1170560,1653,france,2324
0,3,15.0,59,5,62.5,92,46,135,87.1,0,0.0,7,17,0,0,0,0,18.0,1,2,1,1,6,17,0,0,11,5,33,0,0,0.46,1.82,3,0,33.33,0.0,3,3,8,6,2,2,1,,24,48.0,0,0,0,20,5,6,2,4,549,0,,0,0,0,0,0.0,0,0,0,1,75,1,0,6.79,0,1,0,0,0,0,0,0,183.0,0.0,0,6,3,1,7,8,53.33,0,5,4,80.0,6,1,15,20,24,42.11,8,124,51,155,115.4,9,0,275,11,0,0,Malick Fofana,Olympique Lyonnais,1195784,1649,france,2324
7,1,25.0,67,16,27.12,178,304,481,84.53,20,40.82,29,17,0,0,0,0,76.0,0,0,1,2,39,17,0,0,5,14,74,1,0,0.39,0.97,13,0,40.0,4.0,2,2,19,14,5,2,0,,54,54.55,1,0,1,88,22,3,1,12,1117,0,,0,0,0,0,0.0,0,0,0,0,144,0,0,6.79,0,0,0,0,0,0,0,0,558.5,0.0,0,3,2,2,2,24,61.54,0,22,15,68.18,3,23,39,4,74,50.0,59,235,338,569,115.4,5,0,829,9,3,0,Christian Mawissa,Toulouse,1407848,1681,france,2324
47,3,15.79,227,40,47.62,439,332,768,82.4,9,22.5,31,32,1,0,0,0,115.0,3,1,5,0,16,32,0,0,19,42,144,1,0,1.38,1.61,30,0,10.0,0.0,2,3,24,21,3,2,0,,87,43.5,2,0,0,164,23,27,0,21,1865,0,,0,0,0,0,0.0,0,0,0,0,250,11,0,6.79,0,0,0,0,0,0,0,0,932.5,0.0,0,5,15,6,9,10,31.25,0,46,24,52.17,27,87,32,19,96,40.0,84,577,374,932,217.2,20,1,1248,31,4,0,Yassine Kechta,Le Havre,1000442,1662,france,2324
22,23,22.12,120,27,40.3,265,242,484,77.07,20,50.0,20,27,1,0,0,0,77.0,7,3,2,3,47,27,0,0,11,22,101,0,0,2.99,1.7,39,0,8.33,0.0,1,2,31,26,5,1,0,,75,48.08,0,0,1,144,17,26,1,24,2050,1,,0,0,0,1,0.0,0,0,0,0,308,7,0,6.79,0,0,0,0,0,0,0,0,2050.0,0.0,0,9,3,8,2,19,57.58,0,38,19,50.0,26,47,33,104,95,48.47,67,433,299,628,183.2,12,1,1160,21,5,0,Thomas Delaine,RC Strasbourg,153218,1659,france,2324
0,0,0.0,22,1,100.0,37,14,51,73.91,3,30.0,7,14,0,0,0,0,12.0,0,0,1,0,1,13,0,0,8,2,29,0,0,0.12,0.95,5,0,28.57,0.0,2,2,4,4,0,2,0,,21,48.84,0,0,0,18,1,2,1,2,398,0,,0,1,0,0,0.0,0,0,0,1,50,0,0,6.78,0,1,0,0,0,0,0,0,199.0,0.0,0,6,1,2,4,10,55.56,0,7,1,14.29,1,3,18,4,24,45.28,1,58,15,69,88.2,7,0,142,4,0,0,Jeremy Sebas,RC Strasbourg,1498433,1659,france,2324
29,2,28.57,177,49,66.22,407,425,830,87.83,26,63.41,15,31,1,0,0,0,109.0,2,1,2,2,28,31,0,0,12,15,73,1,1,0.92,1.19,27,0,0.0,0.0,0,1,10,10,0,0,0,,58,50.0,0,0,0,115,9,15,0,9,1198,1,,0,0,0,0,0.0,0,0,0,0,155,9,0,6.78,0,0,0,0,0,0,0,0,0.0,0.0,0,6,4,5,3,5,45.45,0,43,27,62.79,15,47,11,7,84,53.5,74,490,462,945,210.3,10,0,1139,11,5,0,Jonas Martin,Stade Brestois,123264,1715,france,2324
1,2,100.0,23,0,0.0,44,12,54,91.53,0,0.0,3,8,0,0,0,0,10.0,1,1,3,0,0,6,0,0,1,0,5,0,0,0.25,0.53,1,0,0.0,0.0,0,0,2,2,0,0,0,,7,77.78,0,0,0,5,0,5,0,0,114,0,,0,0,0,0,0.0,0,0,0,0,10,1,0,6.78,0,0,0,0,0,0,0,0,0.0,0.0,0,4,1,0,2,1,100.0,0,4,4,100.0,5,1,1,2,7,58.33,0,49,12,59,40.7,5,0,82,2,0,0,Naatan Skyttä,Toulouse,926995,1681,france,2324
16,0,0.0,57,47,51.09,297,633,930,88.74,47,55.29,38,23,0,0,0,0,81.0,1,0,3,8,104,21,0,1,1,17,77,1,3,0.23,0.44,21,0,9.09,2.0,1,1,26,23,3,1,0,,29,42.65,1,0,0,118,30,4,0,21,1768,1,,0,0,0,0,0.0,0,0,0,0,130,0,0,6.78,1,0,0,0,0,0,0,0,1768.0,0.0,0,7,4,3,5,1,100.0,0,22,8,36.36,4,51,1,0,76,49.67,92,375,673,1048,142.4,11,2,1291,6,0,0,Guillermo Maripán,AS Monaco,339909,1653,france,2324
5,0,0.0,18,3,42.86,29,25,54,78.26,2,66.67,1,5,0,0,0,0,13.0,0,1,0,0,5,5,0,0,3,2,8,0,0,0.12,0.18,1,0,0.0,0.0,0,0,1,1,0,0,0,,5,41.67,0,0,0,15,4,3,0,1,163,0,,0,0,0,0,0.0,0,0,0,0,30,1,0,6.78,0,0,0,0,0,0,0,0,0.0,0.0,0,1,0,0,1,3,75.0,0,2,0,0.0,3,10,4,4,7,46.67,7,46,27,69,33.9,1,0,123,0,1,0,Maxime Busi,Stade de Reims,943926,1682,france,2324
4,2,16.67,91,9,50.0,169,80,247,66.4,54,43.55,70,32,1,0,0,0,55.0,3,18,22,5,11,32,0,0,30,4,163,0,0,1.43,12.45,39,0,10.13,0.0,8,9,32,27,5,8,0,,48,34.04,1,0,3,125,5,17,3,27,2264,26,,0,0,0,0,0.0,0,0,0,0,261,13,0,6.78,0,4,0,0,0,0,0,0,283.0,0.0,0,63,16,24,33,14,34.15,0,12,4,33.33,17,14,41,12,102,38.49,18,270,114,372,216.9,79,3,708,22,2,0,Akor Adams,Montpellier,946381,1642,france,2324
6,4,20.0,62,9,60.0,114,63,173,81.6,5,41.67,7,23,1,0,0,0,38.0,1,3,2,0,4,22,0,0,15,7,57,0,0,1.22,3.18,10,0,23.53,0.0,4,5,4,3,1,4,0,,35,41.18,0,0,0,39,10,5,2,4,552,1,,0,0,0,0,0.0,0,0,0,0,107,4,0,6.78,0,2,0,0,0,0,0,0,138.0,0.0,0,12,5,6,9,11,37.93,0,15,7,46.67,5,8,29,20,40,41.24,15,158,74,212,149.1,17,0,374,10,3,0,Ibrahim Salah,Stade Rennais,1386639,1658,france,2324
2,0,0.0,54,5,45.45,96,58,154,85.56,5,38.46,8,8,0,0,0,0,9.0,0,1,0,1,6,8,0,0,5,2,28,0,0,0.6,0.98,11,0,40.0,0.0,2,2,4,4,0,2,0,,12,37.5,0,0,1,26,5,7,0,4,397,0,,0,0,0,1,0.0,0,0,0,0,44,0,0,6.78,0,2,0,0,0,0,0,0,198.5,0.0,0,3,2,3,2,3,60.0,0,5,3,60.0,7,4,5,2,17,37.78,11,118,64,180,54.2,5,0,241,4,0,0,Orel Mangala,Olympique Lyonnais,793988,1649,france,2324
3,7,21.21,37,2,25.0,88,88,169,83.25,4,33.33,8,13,1,0,0,0,13.0,2,0,1,0,7,12,0,0,6,4,31,0,0,0.72,1.02,7,0,50.0,0.0,1,2,6,5,1,1,0,,19,45.24,0,0,0,34,3,7,0,3,407,0,,0,0,0,0,0.0,0,0,0,1,81,0,0,6.78,0,1,0,0,0,0,0,0,407.0,0.0,0,1,1,0,1,1,14.29,0,14,5,35.71,7,6,7,33,23,42.59,8,140,96,203,81.3,2,0,322,4,1,0,Tom Louchet,Nice,1127313,1661,france,2324
3,0,0.0,47,6,75.0,81,32,113,89.68,0,0.0,3,8,0,0,0,0,11.0,0,0,0,0,2,8,0,0,4,0,13,0,0,0.32,0.23,4,0,0.0,0.0,0,0,6,6,0,0,0,,16,61.54,0,0,0,13,2,3,0,2,238,0,,0,0,0,0,0.0,0,0,0,0,27,2,0,6.78,0,0,0,0,0,0,0,0,0.0,0.0,0,4,1,5,0,5,62.5,0,7,6,85.71,3,5,8,2,16,55.17,8,91,37,126,54.2,5,0,177,4,0,0,Adson,Nantes,1105970,1647,france,2324
2,0,0.0,12,1,100.0,25,15,40,86.96,0,0.0,2,5,0,0,0,0,7.0,0,0,0,0,2,4,0,0,0,1,7,0,0,0.07,0.1,4,0,0.0,0.0,0,0,1,1,0,0,0,,7,58.33,0,0,1,6,2,2,0,1,120,0,,0,0,0,0,0.0,0,0,0,0,9,0,0,6.78,0,0,0,0,0,0,0,0,0.0,0.0,0,1,0,1,0,1,100.0,0,4,3,75.0,2,2,1,0,7,50.0,1,30,16,46,27.1,1,0,64,2,1,0,Bilal Nadir,Olympique de Marseille,1129527,1641,france,2324
20,6,22.22,109,20,36.36,235,262,491,79.32,16,41.03,23,19,1,0,0,0,107.0,0,0,1,3,31,19,0,0,7,11,56,0,0,1.29,0.02,8,0,0.0,0.0,0,1,24,20,4,0,0,,46,58.23,0,0,0,128,24,7,0,15,1379,0,,1,0,0,0,0.0,0,0,0,0,209,5,0,6.77,0,0,0,0,0,0,0,0,0.0,0.0,0,0,1,0,0,11,57.89,0,28,16,57.14,7,46,19,27,62,52.54,55,329,317,619,128.7,1,0,967,8,0,0,Falaye Sacko,Montpellier,796372,1642,france,2324
7,7,24.14,73,5,55.56,138,69,200,79.05,15,40.54,22,17,1,0,0,0,31.0,2,3,5,0,5,15,0,0,11,13,63,0,0,1.7,1.27,10,0,9.09,0.0,1,2,3,3,0,1,0,,27,39.71,0,0,0,53,5,12,0,9,788,2,,0,0,0,0,0.0,0,0,0,0,119,4,0,6.77,0,1,0,0,0,0,0,0,788.0,0.0,0,10,1,3,3,10,55.56,0,10,6,60.0,12,9,18,29,42,40.0,9,199,83,253,101.6,11,0,398,7,1,0,Ivan Cavaleiro,Lille,110950,1643,france,2324
6,3,21.43,60,9,64.29,107,59,163,67.36,30,45.45,36,16,1,0,0,0,59.0,1,4,2,0,12,15,0,0,9,14,94,0,0,0.69,2.61,10,0,15.38,0.0,2,3,16,14,2,2,0,,45,43.69,0,0,0,79,11,12,1,9,889,4,,0,0,0,0,0.0,0,0,0,0,158,2,0,6.77,0,1,0,0,0,0,0,0,444.5,0.0,0,11,2,5,6,16,39.02,0,18,8,44.44,12,11,41,14,75,44.38,14,173,83,242,101.5,13,0,441,11,1,0,Papa Amadou Diallo,Metz,1463508,1651,france,2324
0,0,0.0,3,0,0.0,7,5,12,60.0,1,33.33,2,4,0,0,0,0,5.0,0,0,2,0,0,3,0,0,0,1,5,0,0,0.01,0.08,2,0,0.0,0.0,0,0,3,2,1,0,0,,5,62.5,0,0,0,8,1,0,0,0,28,1,,0,0,0,0,0.0,0,0,0,0,10,1,0,6.77,0,0,0,0,0,0,0,0,0.0,0.0,0,1,2,0,1,2,100.0,0,3,3,100.0,0,3,2,1,6,54.55,2,14,7,20,20.3,3,0,33,0,0,0,Yaya Fofana,Stade de Reims,1401006,1682,france,2324
18,0,0.0,88,23,79.31,253,296,549,86.59,24,55.81,19,20,1,0,0,0,94.0,1,1,0,0,14,20,0,0,15,13,80,1,0,0.34,1.75,25,0,16.67,0.0,2,3,26,26,0,2,0,,62,50.41,1,0,0,85,26,4,0,15,1317,2,,0,0,0,0,0.0,0,0,0,0,135,6,0,6.77,0,1,0,0,0,0,0,0,658.5,0.0,0,8,4,5,7,5,33.33,0,34,17,50.0,4,24,15,1,86,51.81,29,300,335,634,135.3,12,0,842,23,5,0,Tiemoué Bakayoko,Lorient,149735,1656,france,2324
11,6,30.0,101,10,25.64,299,408,701,85.91,21,58.33,15,28,0,0,0,0,72.0,1,1,5,3,19,28,0,0,20,10,75,1,0,1.26,0.89,12,0,9.09,0.0,1,1,22,21,1,1,0,,80,57.14,1,0,0,115,16,12,0,21,1816,0,,0,0,0,1,0.0,0,0,0,0,222,8,0,6.76,0,0,0,0,0,0,0,0,1816.0,0.0,0,8,3,4,2,19,50.0,0,36,28,77.78,12,23,38,20,101,57.39,39,382,454,816,189.4,11,0,1246,25,4,0,Jordan Lotomba,Nice,796279,1661,france,2324
14,13,29.55,125,10,33.33,272,138,397,77.54,9,56.25,7,28,3,0,0,0,95.0,2,3,4,2,14,28,0,0,9,12,68,0,0,1.56,1.31,22,0,0.0,0.0,0,3,20,17,3,0,0,,66,51.97,0,0,0,115,16,13,0,18,1579,3,,0,0,0,0,0.0,0,0,0,2,204,9,0,6.76,0,0,0,0,0,0,0,0,0.0,0.0,0,13,5,10,4,13,41.94,0,37,26,70.27,13,27,31,44,75,52.45,30,383,173,512,189.4,18,0,840,17,3,0,Loic Négo,Le Havre,54308,1662,france,2324
6,3,25.0,35,9,40.91,77,76,150,76.92,4,57.14,3,11,1,0,0,0,27.0,2,0,2,0,5,11,0,0,8,6,28,0,0,0.8,0.15,6,0,25.0,0.0,1,2,5,3,2,1,0,,18,41.86,0,0,0,45,6,5,0,5,467,1,,0,0,0,0,0.0,0,0,0,0,91,1,0,6.76,0,1,0,0,0,0,0,0,467.0,0.0,0,3,1,1,1,10,58.82,0,5,4,80.0,5,20,17,12,22,44.0,22,117,90,195,74.4,4,0,325,3,1,0,Josh Wilson-Esbrand,Stade de Reims,1017915,1682,france,2324
14,12,27.91,114,22,45.83,229,194,411,78.89,18,47.37,20,24,2,0,0,0,78.0,1,0,5,3,64,22,0,1,15,10,80,0,1,1.45,0.5,29,0,0.0,0.0,0,2,18,16,2,0,0,,59,49.58,0,0,0,110,15,17,0,13,1242,0,,0,0,0,0,0.0,0,0,0,2,211,4,0,6.76,1,0,0,0,0,0,0,0,0.0,0.0,0,5,10,7,3,20,74.07,0,28,21,75.0,17,33,27,43,77,49.04,48,323,241,521,148.7,15,0,895,11,1,0,Guéla Doué,Stade Rennais,1002033,1658,france,2324
4,5,35.71,63,6,66.67,123,90,208,80.31,8,27.59,21,30,3,0,0,0,35.0,3,6,3,0,5,30,0,0,10,8,59,0,0,1.14,3.78,16,0,22.73,0.0,5,8,25,21,4,4,1,,27,41.54,1,0,0,51,10,11,0,11,1085,8,,0,0,0,0,0.0,0,0,0,0,106,7,0,6.76,0,4,0,0,0,0,0,0,217.0,0.0,0,19,3,7,12,12,66.67,0,7,4,57.14,11,9,18,14,35,37.23,9,173,100,259,202.7,22,1,412,8,1,0,Eli Junior Kroupi,Lorient,1426228,1656,france,2324
6,15,26.32,87,5,31.25,179,90,254,76.28,11,50.0,11,27,1,0,0,0,54.0,3,2,10,0,1,25,0,0,15,13,70,0,0,1.52,2.02,7,0,4.0,0.0,1,2,20,16,4,1,0,,64,52.03,0,0,0,79,8,12,1,10,964,2,,0,0,0,0,0.0,0,0,0,0,191,9,0,6.76,0,0,0,0,0,0,0,0,964.0,0.0,0,16,9,6,9,16,39.02,0,22,12,54.55,12,19,41,57,75,51.72,16,283,107,333,168.9,25,1,598,26,1,0,Bilal Boutobba,Clermont Foot,769163,1680,france,2324
14,0,0.0,59,39,60.0,200,367,567,86.56,30,57.69,22,15,0,0,0,0,60.0,0,1,1,1,60,15,0,0,5,1,39,0,1,0.47,0.38,10,0,0.0,2.0,0,0,27,27,0,0,0,,29,63.04,0,0,0,88,18,3,0,14,1243,2,,0,0,0,0,0.0,0,0,0,0,110,2,0,6.75,0,0,0,0,0,0,0,0,0.0,0.0,0,4,0,3,0,4,80.0,0,13,9,69.23,3,32,5,2,59,60.2,65,252,405,655,101.3,4,1,841,12,2,0,Nathaniel Adjei,Lorient,1103079,1656,france,2324
1,0,0.0,51,3,50.0,66,22,88,67.69,10,37.04,17,20,3,0,0,0,26.0,2,4,6,0,1,18,0,0,11,6,57,1,0,1.23,3.4,8,0,11.76,0.0,2,5,5,4,1,2,0,,29,42.03,1,0,0,42,3,13,1,4,564,4,,0,0,0,0,0.0,0,0,0,0,107,4,0,6.75,0,0,0,0,0,0,0,0,282.0,0.0,0,14,3,2,9,12,42.86,0,8,5,62.5,13,4,28,5,39,40.63,6,109,26,130,121.5,17,1,268,9,1,0,Mama Baldé,Olympique Lyonnais,557166,1649,france,2324
4,2,10.0,121,13,44.83,246,202,446,85.28,9,30.0,21,24,3,0,0,0,47.0,3,1,2,2,32,22,0,0,13,10,61,0,0,2.33,0.83,12,0,0.0,0.0,0,3,20,19,1,0,0,,52,56.52,0,0,1,77,9,12,0,12,1190,0,,0,0,0,0,0.0,0,0,0,0,140,7,0,6.75,0,0,0,0,0,0,0,0,0.0,0.0,0,6,0,4,0,2,28.57,0,36,24,66.67,12,9,7,20,61,50.0,29,301,242,523,148.5,6,0,784,14,1,0,Warren Kamanzi,Toulouse,1048366,1681,france,2324
1,1,14.29,8,1,25.0,20,8,27,81.82,1,100.0,0,2,1,0,0,0,3.0,1,0,0,0,1,2,0,0,0,0,3,0,0,0.16,0.0,1,0,0.0,0.0,0,1,1,1,0,0,0,,0,0.0,0,0,0,6,0,2,0,0,56,0,,0,0,0,0,0.0,0,0,0,0,18,1,0,6.75,0,0,0,0,0,0,0,0,0.0,0.0,0,0,0,0,0,0,0.0,0,0,0,0.0,2,3,2,7,1,25.0,4,32,8,33,13.5,0,0,50,0,1,0,Farès Chaïbi,Toulouse,1192318,1681,france,2324
15,2,15.38,53,26,55.32,91,115,204,75.0,8,40.0,12,13,0,0,0,0,25.0,1,1,2,0,28,12,0,0,8,7,39,0,0,0.51,0.7,9,0,0.0,0.0,0,0,21,20,1,0,0,,55,67.07,0,0,0,68,14,3,0,10,896,1,,0,0,0,0,0.0,0,0,0,0,120,0,0,6.75,0,0,0,0,0,0,0,0,0.0,0.0,0,4,1,2,1,2,33.33,0,35,23,65.71,3,37,6,13,63,61.76,47,151,134,272,81.0,5,1,517,19,2,0,Nicolas Cozza,Nantes,886286,1647,france,2324
22,11,22.45,93,25,32.89,207,191,387,79.63,10,47.62,11,17,0,0,0,0,42.0,0,0,1,2,21,16,0,0,2,14,43,0,0,0.83,0.34,15,0,0.0,0.0,0,0,18,14,4,0,0,,35,52.24,0,0,0,99,11,7,0,11,1123,0,,0,0,0,0,0.0,0,0,0,0,175,2,0,6.75,0,0,0,0,0,0,0,0,0.0,0.0,0,3,2,3,1,4,80.0,0,26,17,65.38,7,52,5,49,45,51.14,76,319,216,486,108.0,5,0,761,5,2,0,Enzo Tchato Mbiayi,Montpellier,1103548,1642,france,2324
4,1,9.09,85,3,75.0,138,79,216,76.6,25,48.08,27,34,0,0,0,0,56.0,2,13,10,4,6,34,0,0,50,1,143,0,0,1.04,8.36,32,0,12.5,0.0,6,6,20,19,1,6,0,,86,42.57,2,0,1,66,12,15,0,14,1562,5,,0,0,2,0,100.0,0,2,0,3,248,19,0,6.75,0,4,0,0,0,0,0,0,260.33,0.0,0,45,3,15,23,24,40.0,0,16,7,43.75,15,9,60,11,111,43.7,4,203,90,282,229.4,48,0,680,47,1,0,Evann Guessand,Nice,930245,1661,france,2324
14,3,9.09,155,10,43.48,265,203,465,80.73,7,38.89,11,26,2,0,0,0,61.0,1,1,5,1,33,26,0,0,7,21,63,0,0,1.05,1.16,7,0,0.0,0.0,0,2,27,26,1,0,0,,61,53.98,0,0,1,111,12,13,0,15,1521,0,,0,0,0,0,0.0,0,0,0,0,208,2,0,6.75,0,0,0,0,0,0,0,0,0.0,0.0,0,9,4,6,2,16,48.48,0,35,22,62.86,13,20,33,33,68,51.91,23,369,240,576,175.4,13,0,918,10,2,0,Théo Le Bris,Lorient,1131540,1656,france,2324
5,7,14.29,97,16,55.17,198,168,359,83.49,17,62.96,10,13,0,0,0,0,45.0,0,0,4,0,10,13,0,0,14,7,51,1,1,1.05,0.54,15,0,0.0,0.0,0,0,14,13,1,0,0,,42,50.6,0,0,0,71,7,8,0,10,906,0,,0,0,0,0,0.0,0,0,0,0,150,4,0,6.75,0,0,0,0,0,0,0,0,0.0,0.0,1,2,9,2,5,10,62.5,0,21,16,76.19,8,12,16,49,59,53.64,29,284,195,430,87.7,11,0,697,11,0,0,Ulisses Garcia,Olympique de Marseille,558320,1641,france,2324
2,1,20.0,45,7,77.78,82,52,133,80.12,5,41.67,7,18,1,0,0,0,20.0,2,3,6,0,5,18,0,0,6,3,34,0,0,1.36,4.05,11,0,12.5,0.0,3,4,12,9,3,3,0,,10,27.03,0,0,0,33,1,5,2,7,641,2,,0,0,0,0,0.0,0,0,0,0,75,5,0,6.74,0,1,0,0,0,0,0,0,213.67,0.0,0,19,5,11,7,4,30.77,0,5,5,100.0,5,3,13,5,15,30.61,9,110,61,166,121.4,24,0,280,1,0,0,Dion Moise Sahi,RC Strasbourg,1113031,1659,france,2324
11,0,0.0,34,23,43.4,97,273,370,84.86,24,70.59,10,10,0,0,0,0,33.0,0,1,0,1,35,9,0,1,2,4,28,0,0,0.07,0.45,12,0,0.0,11.0,0,0,14,10,4,0,0,,10,35.71,0,0,0,66,12,1,0,8,721,0,,0,0,0,0,0.0,0,0,0,0,72,0,0,6.74,1,0,0,0,0,0,0,0,0.0,0.0,0,5,1,2,4,0,0.0,0,9,7,77.78,1,29,0,3,34,54.84,53,138,301,436,60.7,6,0,526,1,2,0,Dejan Lovren,Olympique Lyonnais,39480,1649,france,2324
18,5,35.71,121,41,59.42,320,373,688,84.62,32,50.79,31,31,0,0,0,0,97.0,2,2,2,1,26,30,0,0,12,25,108,0,1,1.14,1.81,37,0,7.14,0.0,1,1,36,29,7,0,1,,74,49.01,0,0,0,125,19,9,0,17,1689,1,,0,0,0,0,0.0,0,0,0,0,195,6,0,6.74,0,1,0,0,0,0,0,0,1689.0,0.0,0,12,2,6,6,3,30.0,0,49,31,63.27,9,36,10,14,106,49.53,69,413,414,813,202.3,14,0,1117,23,2,0,Yohann Magnin,Clermont Foot,942840,1680,france,2324
3,8,30.77,51,5,71.43,119,81,192,85.33,3,50.0,3,18,0,0,0,0,27.0,0,1,5,0,5,17,0,0,11,4,42,0,0,0.63,0.75,16,0,0.0,0.0,0,0,5,5,0,0,0,,36,48.0,0,0,0,33,5,7,0,4,521,1,,0,0,0,0,0.0,0,0,0,0,81,5,0,6.74,0,0,0,0,0,0,0,0,0.0,0.0,1,4,14,7,6,16,66.67,0,12,5,41.67,7,7,24,26,39,48.15,7,160,91,225,114.6,18,0,367,8,1,0,Alexis Claude-Maurice,Nice,822877,1661,france,2324
0,0,0.0,6,2,50.0,18,10,28,87.5,0,0.0,0,6,0,0,0,0,1.0,0,0,0,0,0,5,0,0,0,1,1,0,0,0.01,0.04,0,0,50.0,0.0,1,1,0,0,0,0,1,,2,66.67,0,0,0,4,0,0,0,0,49,0,,0,0,0,0,0.0,0,0,0,0,7,0,0,6.74,0,1,0,0,0,0,0,0,49.0,0.0,0,0,2,1,1,0,0.0,0,2,1,50.0,0,2,0,2,2,66.67,4,23,11,32,33.7,2,0,40,0,0,0,Nolan Mbemba,Le Havre,577768,1662,france,2324
1,0,0.0,81,3,50.0,134,86,220,75.86,12,30.0,28,28,3,0,0,0,35.0,5,21,10,0,2,28,0,0,25,8,98,0,0,1.14,11.51,20,0,15.0,0.0,9,12,19,19,0,8,1,,41,36.94,2,0,3,70,3,17,4,20,1715,25,,0,0,1,0,100.0,0,1,0,1,190,13,0,6.74,1,3,0,0,0,0,0,0,190.56,0.0,0,54,6,18,32,18,47.37,0,6,4,66.67,17,4,38,10,53,35.1,6,205,95,290,188.7,60,0,546,17,8,1,Elye Wahi,RC Lens,979315,1648,france,2324
5,0,0.0,102,1,14.29,157,81,238,79.07,23,26.44,64,28,1,0,0,1,57.0,3,6,6,1,5,28,0,0,28,14,174,0,0,1.3,7.02,35,0,13.89,0.0,5,6,25,20,5,4,1,,77,41.18,1,0,0,63,7,15,1,18,1594,32,,0,0,1,0,0.0,0,0,0,1,202,13,0,6.74,0,3,0,0,0,0,0,0,318.8,0.0,0,30,6,18,12,25,42.37,0,25,12,48.0,15,7,59,3,100,36.5,7,211,93,301,188.7,36,1,631,27,4,0,Oumar Diakité,Stade de Reims,1188191,1682,france,2324
11,9,20.93,68,13,30.95,158,120,269,70.6,7,35.0,13,19,1,0,0,0,55.0,4,0,5,2,20,18,0,0,13,16,75,0,0,1.25,0.53,17,0,7.14,0.0,1,2,18,15,3,1,0,,62,50.0,0,0,0,112,13,16,0,12,1074,0,,0,0,0,1,0.0,0,0,0,0,220,5,0,6.74,0,1,0,0,0,0,0,0,1074.0,0.0,0,7,7,5,4,22,52.38,0,26,15,57.69,16,33,42,43,69,47.92,42,280,144,381,121.3,14,0,687,14,4,0,Cheick Konaté,Clermont Foot,1469500,1680,france,2324
0,1,25.0,30,0,0.0,53,21,73,72.28,7,28.0,18,13,1,0,0,0,17.0,3,3,4,0,1,13,0,0,7,3,44,0,0,0.31,1.72,12,0,18.75,0.0,3,4,9,9,0,2,1,,14,35.0,0,0,0,28,3,4,3,5,545,4,,0,0,0,0,0.0,0,0,0,1,65,3,0,6.74,1,0,0,0,0,0,0,0,181.67,0.0,0,14,2,7,5,1,14.29,0,2,1,50.0,4,1,7,4,21,32.31,1,79,26,101,87.6,16,1,189,11,0,1,Faris Moumbagna,Olympique de Marseille,1029456,1641,france,2324
33,7,25.0,158,33,71.74,271,148,412,77.59,6,31.58,13,27,1,0,0,0,76.0,3,1,8,1,15,27,0,0,23,15,115,0,1,3.03,1.0,31,0,0.0,0.0,0,1,25,20,5,0,0,,83,44.86,0,0,0,119,8,24,0,19,1616,4,,0,0,0,0,0.0,0,0,0,1,251,10,0,6.74,0,0,0,0,0,0,0,0,0.0,0.0,0,9,12,4,9,31,47.69,0,16,10,62.5,24,61,65,28,89,43.63,46,381,178,531,181.9,21,1,856,36,8,0,Aron Dønnum,Toulouse,863133,1681,france,2324
5,11,23.91,113,12,75.0,189,81,259,80.43,1,11.11,8,29,3,0,0,0,66.0,5,2,7,1,10,28,0,0,35,12,97,0,0,2.38,1.84,13,0,4.35,0.0,1,4,23,18,5,1,0,,53,37.32,0,0,0,63,3,22,0,14,1381,1,,0,0,0,0,0.0,0,0,0,0,211,10,0,6.74,0,1,0,0,0,0,0,0,1381.0,0.0,1,15,8,4,12,28,47.46,0,16,10,62.5,22,8,59,46,54,35.76,16,274,94,322,188.6,23,0,631,9,1,0,Reda Khadra,Stade de Reims,995671,1682,france,2324
5,1,20.0,61,3,60.0,96,38,133,73.08,6,46.15,7,13,0,0,0,0,21.0,0,2,11,0,2,12,0,0,12,9,67,0,0,1.08,2.81,17,0,10.71,0.0,3,3,10,10,0,3,0,,32,34.78,0,0,0,49,1,5,3,9,757,8,,0,0,1,0,100.0,0,1,0,1,117,4,0,6.73,0,0,0,0,0,0,0,0,252.33,0.0,0,20,8,9,8,8,26.67,0,9,8,88.89,5,11,30,5,38,36.19,5,144,43,182,80.8,28,0,342,15,2,0,Zakaria Aboukhlal,Toulouse,856737,1681,france,2324
16,0,0.0,43,14,73.68,74,63,137,78.29,14,38.89,22,9,0,0,0,0,26.0,1,1,4,1,11,9,0,0,7,3,56,0,0,0.16,1.59,14,0,9.09,0.0,1,1,11,11,0,1,0,,23,40.35,0,0,1,38,0,6,0,7,564,3,,0,0,0,0,0.0,0,0,0,0,84,2,0,6.73,0,1,0,0,0,0,0,0,564.0,0.0,0,8,3,4,3,6,35.29,0,7,2,28.57,6,20,17,13,37,39.78,19,115,73,175,60.6,11,0,286,11,1,0,Didier Lamkel Zé,Metz,845272,1651,france,2324
3,7,19.44,80,13,48.15,187,192,372,81.76,9,39.13,14,25,0,0,0,0,65.0,1,2,3,5,22,24,0,0,17,8,76,0,0,1.63,1.09,21,0,6.67,0.0,1,1,13,12,1,1,0,,50,44.64,0,0,1,83,15,13,0,14,1281,4,,0,0,0,0,0.0,0,0,0,0,185,7,0,6.73,0,1,0,0,0,0,0,0,1281.0,0.0,0,11,4,7,5,9,33.33,0,22,16,72.73,13,14,27,36,59,43.7,27,261,230,455,161.6,15,0,761,19,2,0,Gabriel Gudmundsson,Lille,834308,1643,france,2324
2,1,100.0,13,2,50.0,24,17,40,68.97,11,47.83,12,6,0,0,0,0,11.0,0,0,3,0,0,6,0,0,4,1,23,0,0,0.06,0.51,6,0,0.0,0.0,0,0,2,2,0,0,0,,9,45.0,0,0,0,18,0,1,0,4,267,1,,0,0,0,0,0.0,0,0,0,0,29,3,0,6.73,0,0,0,0,0,0,0,0,0.0,0.0,0,5,1,2,1,1,50.0,0,5,4,80.0,1,3,2,1,20,46.51,4,40,19,58,40.4,6,0,94,3,0,0,Óscar Estupiñán,Metz,822089,1651,france,2324
4,0,0.0,40,12,85.71,84,80,164,89.62,1,33.33,2,6,0,0,0,0,22.0,0,0,1,0,0,6,0,0,0,7,16,0,0,0.11,0.13,6,0,0.0,0.0,0,0,7,5,2,0,0,,10,41.67,0,0,0,19,4,3,0,2,251,0,,0,0,0,0,0.0,0,0,0,0,27,2,0,6.73,0,0,0,0,0,0,0,0,0.0,0.0,0,0,4,1,2,3,75.0,0,4,3,75.0,3,8,4,1,11,40.74,14,99,85,183,40.4,4,0,218,3,1,0,Johann Lepenant,Olympique Lyonnais,963299,1649,france,2324
4,4,30.77,55,4,80.0,96,46,138,85.19,2,33.33,4,10,0,0,0,0,28.0,1,3,2,0,2,10,0,0,9,6,44,0,0,0.86,1.25,9,0,0.0,0.0,0,0,3,3,0,0,0,,25,38.46,0,0,1,24,3,8,0,6,500,8,,0,0,0,0,0.0,0,0,0,0,74,2,0,6.73,0,0,0,0,0,0,0,0,0.0,0.0,2,6,8,6,6,6,27.27,0,8,6,75.0,8,7,22,13,27,38.03,5,124,51,162,67.3,14,0,281,12,0,0,Sofiane Diop,Nice,944164,1661,france,2324
7,3,75.0,19,11,57.89,48,152,197,88.34,7,36.84,12,10,0,0,0,0,22.0,1,0,0,0,15,10,0,0,0,4,22,0,0,0.17,0.1,4,0,0.0,0.0,0,0,5,4,1,0,0,,18,64.29,0,0,0,26,8,2,0,4,420,0,,0,0,0,1,0.0,0,0,0,0,37,2,0,6.73,0,0,0,0,0,0,0,0,0.0,0.0,0,1,1,1,1,6,66.67,0,7,5,71.43,2,11,9,4,25,53.19,19,64,163,223,67.3,2,0,304,5,0,0,Antoine Mendy,Nice,1120615,1661,france,2324
46,1,16.67,134,59,32.24,470,905,1374,85.39,25,67.57,12,34,0,0,0,0,170.0,1,1,1,5,89,34,0,0,3,8,38,1,1,0.86,0.34,13,0,0.0,13.0,0,0,57,49,8,0,0,,77,74.76,0,0,1,235,33,6,0,33,2988,0,,0,0,0,2,0.0,0,0,0,0,269,1,0,6.73,0,0,0,0,0,0,0,0,0.0,0.0,0,2,0,0,1,7,77.78,0,51,38,74.51,6,128,9,6,102,72.86,183,624,991,1609,228.8,2,0,1970,19,1,0,Andy Pelmard,Clermont Foot,877978,1680,france,2324
2,2,50.0,23,0,0.0,47,12,57,81.43,1,25.0,3,8,1,0,0,0,12.0,1,1,1,0,3,7,0,0,4,1,15,0,0,0.57,0.13,3,0,0.0,0.0,0,1,1,1,0,0,0,,5,29.41,0,0,0,13,4,6,0,0,110,1,,0,0,0,0,0.0,0,0,0,0,27,3,0,6.73,0,0,0,0,0,0,0,0,0.0,0.0,0,2,1,2,0,1,20.0,0,4,2,50.0,6,5,5,4,6,28.57,2,59,15,70,47.1,3,0,104,0,2,0,Mamady Bangré,Toulouse,994867,1681,france,2324
3,4,14.29,99,8,26.67,207,196,399,81.93,4,30.77,9,17,1,0,0,0,60.0,1,0,0,3,13,15,0,0,7,13,65,1,1,0.58,0.24,23,0,0.0,0.0,0,1,15,11,4,0,0,,49,46.67,0,0,0,88,14,5,0,8,931,2,,0,0,0,0,0.0,0,0,0,0,163,5,0,6.73,0,0,0,0,0,0,0,0,0.0,0.0,0,4,2,2,4,7,35.0,0,30,20,66.67,5,14,20,28,53,44.92,30,287,228,487,100.9,6,1,757,12,2,0,Saël Kumbedi,Olympique Lyonnais,1155226,1649,france,2324
20,3,27.27,71,20,58.82,134,87,218,73.15,10,41.67,14,25,0,0,0,0,57.0,1,5,9,0,7,24,0,0,14,21,89,0,0,0.85,3.31,19,0,2.38,0.0,1,1,18,13,5,1,0,,60,44.44,0,0,2,80,3,11,0,13,1138,7,,0,1,0,0,0.0,0,0,0,0,163,4,0,6.73,0,1,0,0,0,0,0,0,1138.0,0.0,0,25,17,17,16,14,37.84,0,24,17,70.83,10,37,37,11,70,44.03,34,211,98,298,161.4,42,0,537,23,6,0,Wahbi Khazri,Montpellier,51640,1642,france,2324
7,1,11.11,62,11,68.75,111,57,167,83.5,6,66.67,3,15,0,0,0,0,24.0,2,1,2,0,2,13,0,0,3,5,24,0,0,0.28,0.3,10,1,20.0,0.0,1,1,7,5,2,0,1,,21,50.0,0,0,0,33,5,4,1,2,373,0,,0,0,0,0,0.0,0,0,0,0,57,2,0,6.72,0,0,0,0,0,0,0,0,373.0,50.0,2,2,3,1,2,2,40.0,0,13,7,53.85,4,14,5,9,27,52.94,16,145,64,200,87.4,5,0,268,6,0,0,Fabian Rieder,Stade Rennais,929620,1658,france,2324
13,10,21.74,109,12,27.27,223,188,401,77.41,24,53.33,21,28,0,0,0,0,77.0,2,1,4,0,35,27,0,0,11,32,99,0,0,1.1,0.77,23,0,11.11,0.0,1,1,25,23,2,1,0,,81,50.94,0,0,0,117,21,12,1,18,1502,0,,0,0,0,0,0.0,0,0,0,0,220,2,0,6.72,0,0,0,0,0,0,0,0,1502.0,0.0,0,4,5,2,3,12,50.0,0,43,26,60.47,12,32,24,46,105,51.47,44,355,209,518,181.4,9,0,890,27,2,0,Marcus Coco,Nantes,785418,1647,france,2324
0,0,0.0,22,1,33.33,38,20,58,77.33,11,40.74,16,13,0,0,0,0,16.0,0,0,1,0,3,12,0,0,6,2,37,0,0,0.12,0.51,11,0,0.0,0.0,0,0,4,4,0,0,0,,20,48.78,0,0,0,17,1,5,0,0,283,3,,0,0,0,0,0.0,0,0,0,0,47,1,0,6.72,0,0,0,0,0,0,0,0,0.0,0.0,0,4,2,2,3,8,66.67,0,4,2,50.0,5,3,12,3,31,45.59,3,57,21,75,80.6,6,0,145,8,0,0,Kelvin Yeboah,Montpellier,940262,1642,france,2324
5,1,11.11,45,4,25.0,85,102,186,79.49,10,66.67,5,12,0,0,0,0,22.0,1,0,5,1,23,12,0,0,3,2,18,0,0,0.38,0.32,4,0,0.0,0.0,0,0,12,11,1,0,0,,22,62.86,0,0,0,48,8,2,0,6,603,0,,0,0,0,0,0.0,0,0,0,0,80,1,0,6.72,0,0,0,0,0,0,0,0,0.0,0.0,0,4,3,2,0,4,50.0,0,15,9,60.0,2,13,8,9,32,64.0,16,117,126,234,80.6,7,0,390,4,3,0,Ronaël Pierre-Gabriel,Nantes,826293,1647,france,2324
0,0,0.0,9,0,0.0,12,3,15,57.69,1,33.33,2,7,0,0,0,0,6.0,0,0,1,0,0,6,0,0,0,0,10,0,0,0.02,0.14,2,0,0.0,0.0,0,0,0,0,0,0,0,,9,52.94,0,0,0,11,3,0,0,0,86,0,,0,0,0,0,0.0,0,0,0,0,24,1,0,6.72,0,0,0,0,0,0,0,0,0.0,0.0,0,2,1,0,2,3,33.33,0,4,1,25.0,0,0,9,4,10,50.0,1,23,7,26,40.3,3,0,62,2,0,0,Aliou Balde,Nice,1002357,1661,france,2324
1,1,25.0,44,2,66.67,74,37,110,71.9,35,42.68,47,14,0,0,0,1,20.0,1,1,3,0,9,14,0,0,23,4,102,0,0,0.36,2.28,17,0,7.14,0.0,1,1,13,11,2,1,0,,30,35.29,0,0,0,43,0,10,1,9,766,4,,0,0,1,0,0.0,0,0,0,1,109,2,0,6.71,0,0,0,0,0,0,0,0,766.0,0.0,0,11,3,4,7,5,29.41,0,9,2,22.22,10,3,17,4,65,38.92,3,114,43,153,94.0,14,0,302,16,1,0,Simon Elisor,Metz,1049526,1651,france,2324
2,3,10.71,101,3,25.0,178,113,288,80.0,24,57.14,18,24,0,0,0,0,58.0,1,1,6,0,11,24,0,2,22,13,104,0,0,0.83,2.13,27,0,11.76,0.0,2,2,22,18,4,2,0,,76,46.91,0,0,1,72,12,12,2,14,1175,3,,0,0,0,0,0.0,0,0,0,1,172,9,0,6.71,2,0,0,0,0,0,0,0,587.5,0.0,0,13,4,6,5,17,39.53,0,30,18,60.0,12,6,43,28,100,49.02,12,253,135,360,161.1,17,1,626,29,4,0,Elbasan Rashani,Clermont Foot,113409,1680,france,2324
1,1,25.0,14,0,0.0,23,11,33,84.62,1,33.33,2,9,0,0,0,0,10.0,0,0,0,0,1,8,0,0,4,0,13,0,0,0.08,0.69,5,0,50.0,0.0,1,1,3,2,1,1,0,,11,50.0,0,0,0,6,1,1,0,0,141,1,,0,0,0,0,0.0,0,0,0,0,26,1,0,6.71,0,1,0,0,0,0,0,0,141.0,0.0,0,1,1,1,1,3,42.86,0,6,4,66.67,1,1,7,4,12,48.0,2,30,13,39,53.7,2,0,88,2,1,0,Ibou Sane,Metz,1470032,1651,france,2324
16,1,14.29,136,14,70.0,272,175,446,83.36,2,20.0,8,26,0,0,0,0,48.0,2,1,2,0,3,25,0,0,15,16,70,0,0,1.62,0.77,15,0,16.67,0.0,2,2,21,20,1,2,0,,54,46.55,0,0,0,89,3,15,0,15,1288,1,,0,0,0,0,0.0,0,0,0,0,159,10,0,6.71,0,2,0,0,0,0,0,0,644.0,0.0,0,7,5,4,6,15,46.88,0,12,8,66.67,15,26,32,7,56,44.44,20,346,196,535,167.8,12,0,718,28,5,0,Hakon Arnar Haraldsson,Lille,1138804,1643,france,2324
33,1,100.0,37,52,57.14,142,400,541,89.27,18,52.94,16,19,0,0,0,0,77.0,0,0,2,4,67,19,0,1,1,10,44,1,1,0.14,0.1,14,0,0.0,0.0,0,0,26,22,4,0,0,,69,71.13,0,0,0,65,18,1,0,18,1620,0,,0,0,0,0,0.0,0,0,0,0,80,0,0,6.71,1,0,0,0,0,0,0,0,0.0,0.0,0,2,2,2,0,5,62.5,0,32,15,46.88,1,62,8,1,87,66.41,91,189,418,606,127.5,4,0,821,33,4,0,Christophe Herelle,Metz,225092,1651,france,2324
8,2,20.0,29,10,32.26,66,86,150,76.92,3,37.5,5,13,0,0,0,0,26.0,0,1,0,0,10,11,0,0,1,7,26,0,0,0.27,0.37,13,0,0.0,0.0,0,0,8,7,1,0,0,,16,43.24,0,0,1,45,6,7,0,4,416,1,,0,0,0,0,0.0,0,0,0,1,69,0,0,6.71,0,0,0,0,0,0,0,0,0.0,0.0,0,5,3,5,3,4,80.0,0,8,7,87.5,7,16,5,10,19,42.22,31,100,105,195,73.8,8,0,301,4,1,0,Oualid El Hajjam,Le Havre,363532,1662,france,2324
1,0,0.0,28,0,0.0,38,31,69,77.53,4,33.33,8,14,0,0,0,0,13.0,0,0,2,0,4,12,0,0,6,6,27,0,0,0.12,0.4,5,0,0.0,0.0,0,0,7,7,0,0,0,,19,50.0,0,0,0,20,5,2,0,3,297,1,,0,0,0,0,0.0,0,0,0,0,47,2,0,6.71,0,0,0,0,0,0,0,0,0.0,0.0,0,7,1,2,4,7,77.78,0,5,3,60.0,2,2,9,5,23,46.0,1,59,35,89,80.5,8,0,171,7,0,0,Yanis Begraoui,Toulouse,930246,1681,france,2324
12,3,11.54,42,15,34.09,105,141,243,75.47,10,43.48,13,13,1,0,0,0,50.0,1,0,1,4,23,13,0,1,15,17,62,0,0,0.83,0.37,4,0,16.67,0.0,1,2,14,11,3,1,0,,47,48.96,0,0,0,79,8,4,0,12,992,0,,0,0,0,1,0.0,0,0,0,0,151,1,0,6.71,1,1,0,0,0,0,0,0,992.0,0.0,0,5,1,2,3,8,38.1,0,29,16,55.17,4,23,21,26,57,47.9,44,165,183,322,87.2,6,1,610,10,1,0,Lucas Mincarelli Davin,Montpellier,1512339,1642,france,2324
17,0,0.0,89,22,35.48,318,460,778,88.61,33,60.0,22,20,1,0,0,0,90.0,0,0,1,1,76,18,0,0,5,13,62,0,1,0.25,0.3,22,0,14.29,4.0,1,2,33,27,6,1,0,,41,50.62,1,0,0,100,17,3,0,16,1476,1,,0,0,0,4,0.0,0,0,0,0,118,0,0,6.71,0,0,0,0,0,0,0,0,1476.0,0.0,0,4,3,4,2,2,50.0,0,27,18,66.67,3,35,4,0,74,54.41,62,373,505,878,120.7,7,1,1089,12,4,0,Chrislain Matsima,Clermont Foot,963198,1680,france,2324
29,9,26.47,101,31,31.31,235,249,475,71.0,23,62.16,14,22,0,0,0,0,83.0,1,0,0,4,62,22,0,0,12,13,61,0,0,0.59,0.31,11,0,0.0,0.0,0,0,30,25,5,0,0,,58,55.24,0,0,0,194,20,4,0,22,1836,0,,0,0,0,0,0.0,0,0,0,1,307,5,0,6.7,0,0,0,0,0,0,0,0,0.0,0.0,0,1,5,6,0,11,50.0,0,39,23,58.97,4,77,22,34,81,57.04,99,394,309,669,147.5,6,0,1180,8,3,0,Maxime Colin,Metz,128285,1651,france,2324
8,2,4.44,62,5,38.46,115,84,197,74.34,11,40.74,16,15,1,0,0,0,58.0,1,5,1,0,16,15,0,0,14,9,79,0,0,0.48,2.12,19,0,5.88,0.0,1,2,15,15,0,1,0,,50,44.25,0,0,2,68,8,9,0,13,1048,2,,0,0,0,1,0.0,0,0,0,0,201,8,0,6.7,0,1,0,0,0,0,0,0,1048.0,0.0,0,12,5,10,6,13,36.11,0,26,20,76.92,9,12,36,45,61,43.57,13,205,105,265,100.5,17,0,620,11,4,0,Panos Katseris,Lorient,1402217,1656,france,2324
37,1,50.0,94,54,58.7,240,239,478,79.01,24,61.54,15,23,2,0,0,0,59.0,1,0,3,3,37,23,0,0,8,21,77,0,0,0.31,0.29,29,0,0.0,0.0,0,2,29,26,3,0,0,,57,47.9,0,0,0,127,27,7,0,18,1615,0,,0,0,0,0,0.0,0,0,0,0,161,1,0,6.7,0,0,0,0,0,0,0,0,0.0,0.0,0,2,5,3,1,4,40.0,0,31,22,70.97,7,68,10,2,81,51.27,92,331,276,605,154.1,7,0,819,22,5,0,Kévin N'Doram,Metz,823476,1651,france,2324
3,0,0.0,1,10,58.82,1,78,79,91.86,0,0.0,0,4,0,0,0,0,23.0,0,0,0,1,4,4,0,0,0,0,0,0,0,0.01,,0,0,0.0,18.0,0,0,6,6,0,0,0,-1.31,0,0.0,0,0,0,7,0,0,0,4,360,0,,0,0,0,0,0.0,1,0,0,0,7,0,2,6.7,0,0,1,3,3,6,0,2,0.0,0.0,0,0,0,0,0,0,0.0,1,0,0,0.0,0,7,0,0,0,0.0,17,4,82,86,26.8,0,0,109,0,0,0,Keylor Navas,Paris Saint-Germain,56113,1644,france,2324
0,0,0.0,5,0,0.0,10,2,12,85.71,0,0.0,0,7,0,0,0,0,3.0,0,1,5,0,0,6,0,0,2,1,10,0,0,0.02,0.92,3,0,0.0,0.0,0,0,3,3,0,0,0,,15,60.0,0,0,0,2,0,1,0,0,76,0,,0,0,0,0,0.0,0,0,0,0,16,1,0,6.7,0,0,0,0,0,0,0,0,0.0,0.0,0,9,3,5,2,8,66.67,0,3,1,33.33,1,0,12,0,15,60.0,0,12,2,14,40.2,12,0,60,4,0,0,Ayanda Sishuba,RC Lens,1514294,1648,france,2324
0,0,0.0,5,0,0.0,10,3,13,68.42,2,40.0,3,3,0,0,0,0,2.0,0,1,2,0,1,3,0,0,0,0,6,0,0,0.07,0.35,2,0,0.0,0.0,0,0,1,1,0,0,0,,5,62.5,0,0,0,6,0,1,0,1,105,0,,0,0,0,0,0.0,0,0,0,0,12,2,0,6.7,0,0,0,0,0,0,0,0,0.0,0.0,0,5,0,1,2,2,66.67,0,1,0,0.0,1,0,3,1,7,53.85,0,16,4,19,20.1,5,0,39,2,0,0,Amin Sarr,Olympique Lyonnais,1022204,1649,france,2324
0,0,0.0,3,0,0.0,4,2,6,85.71,0,0.0,1,2,0,0,0,0,0.0,1,0,1,0,0,2,0,0,0,1,2,0,0,0.1,0.05,0,0,0.0,0.0,0,0,0,0,0,0,0,,1,50.0,0,0,0,1,1,1,0,0,21,0,,0,0,0,0,0.0,0,0,0,0,1,0,0,6.7,0,0,0,0,0,0,0,0,0.0,0.0,0,1,0,0,0,0,0.0,0,1,0,0.0,1,0,0,0,1,33.33,0,5,2,7,13.4,1,0,10,0,0,0,Hianga'a M'Bock,Stade Brestois,990820,1715,france,2324
0,0,0.0,5,2,50.0,16,12,28,87.5,0,0.0,0,2,0,0,0,0,4.0,0,0,0,0,0,1,0,0,0,1,1,0,0,0.02,0.05,0,0,0.0,0.0,0,0,2,2,0,0,0,,2,66.67,0,0,0,4,0,0,0,1,41,0,,0,0,0,0,0.0,0,0,0,0,5,1,0,6.7,0,0,0,0,0,0,0,0,0.0,0.0,0,0,2,1,1,0,0.0,0,1,0,0.0,0,2,0,0,2,66.67,4,19,13,32,6.7,2,0,38,1,0,0,Ignacio Miramón,Lille,1090319,1643,france,2324
3,0,0.0,19,5,83.33,41,50,91,94.79,3,60.0,2,4,0,0,0,0,11.0,0,0,1,0,2,4,0,0,1,7,15,0,0,0.05,0.03,5,0,0.0,0.0,0,0,9,7,2,0,0,,10,43.48,0,0,0,5,4,2,0,3,219,0,,0,0,0,0,0.0,0,0,0,0,8,0,0,6.7,0,0,0,0,0,0,0,0,0.0,0.0,0,1,1,0,1,0,0.0,0,6,4,66.67,2,4,0,0,13,46.43,6,44,52,96,26.8,2,0,126,4,1,0,Bonke Innocent,Lorient,587402,1656,france,2324
0,0,0.0,6,0,0.0,7,0,7,87.5,0,0.0,0,1,0,0,0,0,0.0,0,0,0,0,0,1,0,0,1,0,2,0,0,0.02,0.0,1,0,0.0,0.0,0,0,0,0,0,0,0,,0,0.0,0,0,0,1,0,1,0,0,9,0,,0,0,0,0,0.0,0,0,0,0,4,0,0,6.7,0,0,0,0,0,0,0,0,0.0,0.0,0,0,0,0,0,0,0.0,0,0,0,0.0,1,0,0,0,0,0.0,0,8,0,8,6.7,0,0,12,0,0,0,Hugo Ekitiké,Paris Saint-Germain,1048422,1644,france,2324
0,0,0.0,3,0,0.0,8,5,13,86.67,0,0.0,0,1,0,0,0,0,5.0,0,0,0,0,0,1,0,0,0,0,0,0,0,0.01,0.0,0,0,0.0,0.0,0,0,0,0,0,0,0,,2,100.0,0,0,0,2,0,0,0,0,26,0,,0,0,0,0,0.0,0,0,0,0,3,1,0,6.7,0,0,0,0,0,0,0,0,0.0,0.0,0,0,0,0,0,1,100.0,0,1,0,0.0,0,0,1,0,2,100.0,0,10,5,15,6.7,0,0,19,0,0,0,Reda Belahyane,Nice,1389689,1661,france,2324
0,0,0.0,0,0,0.0,4,11,15,93.75,1,50.0,1,1,0,0,0,0,0.0,0,0,0,0,1,1,0,0,0,0,1,0,0,0.0,0.0,0,0,0.0,0.0,0,0,0,0,0,0,0,,1,100.0,0,0,0,1,0,0,0,0,13,0,,0,0,0,0,0.0,0,0,0,0,1,0,0,6.7,0,0,0,0,0,0,0,0,0.0,0.0,0,0,0,0,0,0,0.0,0,1,1,100.0,0,0,0,0,2,66.67,0,4,12,16,6.7,0,0,18,0,0,0,Mamadou Sakho,Montpellier,21134,1642,france,2324
0,0,0.0,0,0,0.0,2,9,11,91.67,0,0.0,2,2,0,0,0,0,2.0,0,0,0,0,1,1,0,0,0,0,2,0,0,0.0,0.0,0,0,0.0,0.0,0,0,0,0,0,0,0,,2,100.0,0,0,0,1,0,0,0,0,14,0,,0,0,0,0,0.0,0,0,0,0,1,0,0,6.7,0,0,0,0,0,0,0,0,0.0,0.0,0,0,0,0,0,0,0.0,0,2,1,50.0,0,0,0,0,2,50.0,1,3,9,12,6.7,0,0,16,0,0,0,Steven Baseya,RC Strasbourg,1506777,1659,france,2324
0,0,0.0,3,1,25.0,10,14,24,66.67,2,50.0,2,3,0,0,0,0,10.0,0,0,0,0,5,3,0,0,3,4,10,0,0,0.06,0.0,0,0,0.0,0.0,0,0,2,2,0,0,0,,13,61.9,0,0,0,12,2,1,0,1,130,0,,0,0,0,0,0.0,0,0,0,0,22,1,0,6.7,0,0,0,0,0,0,0,0,0.0,0.0,0,0,0,0,0,1,50.0,0,9,5,55.56,1,2,2,2,15,60.0,4,19,19,36,20.1,0,0,76,3,0,0,Axel Gueguin,Montpellier,1195635,1642,france,2324
9,7,15.91,97,12,75.0,173,79,245,71.64,48,50.53,47,33,0,0,0,0,64.0,1,11,9,1,9,32,0,0,24,15,145,0,0,1.52,6.19,29,0,8.0,0.0,4,4,19,18,1,3,1,,68,40.96,1,0,3,97,2,10,2,19,1630,3,,0,0,0,1,0.0,0,0,0,1,250,4,0,6.69,0,1,0,0,0,0,0,0,407.5,0.0,0,45,5,20,21,16,31.37,0,21,10,47.62,10,16,51,44,116,44.44,16,289,97,342,214.2,50,0,687,31,3,0,Jérémy Le Douaron,Stade Brestois,1047296,1715,france,2324
7,1,8.33,99,14,73.68,173,114,286,80.56,5,22.73,17,29,1,0,0,0,86.0,3,4,4,0,10,27,0,0,19,24,117,0,0,0.71,2.67,24,0,14.29,0.0,3,4,24,20,4,1,2,,98,49.49,0,0,0,69,10,9,0,17,1403,6,,0,0,0,1,0.0,0,0,0,1,173,9,0,6.69,0,3,0,0,0,0,0,0,467.67,0.0,0,15,6,8,9,31,46.27,0,40,20,50.0,9,15,67,12,103,46.82,19,227,140,355,180.7,21,0,653,27,4,0,Cheick Tidiane Sabaly,Metz,942834,1651,france,2324
24,3,15.0,128,44,48.35,297,275,569,78.81,27,36.99,46,33,0,0,0,0,126.0,0,2,10,4,41,33,0,0,13,37,154,0,0,0.61,2.89,48,0,0.0,0.0,0,0,49,42,7,0,0,,87,44.62,0,0,2,153,44,10,0,30,2697,2,,0,0,0,0,0.0,0,0,0,0,227,12,0,6.69,0,0,0,0,0,0,0,0,0.0,0.0,0,19,15,19,5,14,53.85,0,54,28,51.85,10,55,26,20,114,42.54,91,414,328,722,220.8,34,0,1101,23,5,0,Danley Jean Jacques,Metz,1173167,1651,france,2324
75,11,28.95,264,75,53.96,563,527,1079,84.17,11,35.48,20,30,1,0,0,0,174.0,3,0,5,4,22,30,0,0,33,47,163,0,0,2.06,0.59,48,0,11.11,0.0,1,2,33,26,7,1,0,,95,39.92,0,0,1,203,13,28,0,23,2041,0,,0,0,0,1,0.0,0,0,0,0,329,13,0,6.69,0,1,0,0,0,0,0,0,2041.0,0.0,1,3,6,3,1,17,47.22,0,36,22,61.11,28,147,36,38,106,39.41,139,745,575,1282,200.7,9,0,1622,43,6,0,Jordan Ferri,Montpellier,123229,1642,france,2324
23,4,40.0,75,27,57.45,158,137,291,76.18,12,38.71,19,21,2,0,0,0,54.0,4,1,2,2,22,19,0,0,16,11,78,0,0,0.54,0.58,18,0,11.11,0.0,1,3,22,22,0,1,0,,41,41.0,0,0,0,91,10,12,0,10,937,4,,0,0,0,0,0.0,0,0,0,0,150,5,0,6.69,0,1,0,0,0,0,0,0,937.0,0.0,0,6,3,3,4,12,42.86,0,18,14,77.78,12,45,28,10,53,40.46,47,231,161,382,127.1,9,0,578,12,0,0,Arthur Atta,Metz,1444690,1651,france,2324
5,1,100.0,44,0,0.0,61,25,85,73.91,22,42.31,30,15,0,0,0,0,12.0,0,6,3,0,11,15,0,0,11,1,54,0,0,0.53,4.61,13,0,18.75,0.0,3,3,8,7,1,3,0,,20,45.45,1,0,0,30,0,5,0,5,610,4,,0,0,0,0,0.0,0,0,0,0,61,2,0,6.69,0,2,0,0,0,0,0,0,203.33,0.0,0,16,0,6,7,4,80.0,0,5,2,40.0,5,5,5,1,42,43.75,0,87,29,115,100.3,16,0,210,11,0,0,Lebo Mothiba,RC Strasbourg,845084,1659,france,2324
1,1,33.33,21,0,0.0,28,10,37,82.22,1,14.29,6,9,0,0,0,0,8.0,0,0,1,0,0,7,0,0,0,5,17,0,0,0.1,0.33,6,0,0.0,0.0,0,0,0,0,0,0,0,,10,47.62,0,0,0,8,0,2,0,0,138,0,,0,0,0,0,0.0,0,0,0,0,17,2,0,6.69,0,0,0,0,0,0,0,0,0.0,0.0,0,3,2,2,2,2,66.67,0,7,2,28.57,2,2,3,3,11,39.29,2,37,11,45,46.8,5,0,76,1,1,0,Sacha Delaye,Montpellier,1122641,1642,france,2324
0,0,0.0,5,0,0.0,8,2,10,66.67,1,14.29,6,9,0,0,0,0,3.0,0,0,0,0,0,6,0,0,2,1,14,0,0,0.03,0.43,3,0,50.0,0.0,1,1,1,1,0,1,0,,4,33.33,0,0,0,5,0,0,1,0,107,1,,0,0,0,0,0.0,0,0,0,0,16,1,0,6.68,0,0,0,0,0,0,0,0,107.0,0.0,0,2,0,0,2,0,0.0,0,2,2,100.0,0,0,2,0,5,26.32,0,12,3,15,40.1,2,0,35,2,0,0,Myron Boadu,AS Monaco,856744,1653,france,2324
27,9,24.32,154,42,50.0,309,387,687,82.18,16,45.71,19,27,1,0,0,0,97.0,2,0,1,2,32,27,0,0,10,25,84,0,0,1.43,0.22,26,0,0.0,0.0,0,1,27,22,5,0,0,,52,44.44,0,0,0,149,25,11,0,22,1843,4,,0,0,0,0,0.0,0,0,0,0,250,11,0,6.68,1,0,0,0,0,0,0,0,0.0,0.0,0,2,1,2,0,7,58.33,0,32,17,53.13,11,61,12,37,68,44.74,84,431,442,836,180.4,3,0,1291,13,7,1,Thomas Foket,Stade de Reims,245615,1682,france,2324
3,0,0.0,54,6,100.0,75,19,94,74.6,4,57.14,3,10,1,0,0,0,15.0,2,1,5,0,0,10,0,0,13,7,48,0,0,0.44,1.02,4,0,9.09,0.0,1,2,8,6,2,1,0,,30,40.0,0,0,0,32,0,6,0,3,310,1,,0,0,0,0,0.0,0,0,0,1,80,4,0,6.68,0,1,0,0,0,0,0,0,310.0,0.0,0,7,4,3,3,14,40.0,0,11,4,36.36,6,5,35,2,34,41.46,6,109,19,126,66.8,11,0,231,5,0,0,Jeffinho,Olympique Lyonnais,1016948,1649,france,2324
3,0,0.0,13,3,75.0,28,21,49,80.33,4,66.67,2,6,1,0,0,0,12.0,1,0,0,0,0,5,0,0,1,2,10,0,0,0.69,0.08,5,0,0.0,0.0,0,1,3,3,0,0,0,,6,42.86,0,0,0,12,3,2,0,0,107,0,,0,0,0,0,0.0,0,0,0,0,17,0,0,6.68,0,0,0,0,0,0,0,0,0.0,0.0,0,0,1,0,1,2,66.67,0,3,1,33.33,2,4,3,1,10,50.0,4,35,27,61,33.4,1,0,80,1,2,0,Eliot Matazo,AS Monaco,1046150,1653,france,2324
0,2,66.67,7,0,0.0,13,6,17,65.38,0,0.0,3,7,1,0,0,0,5.0,1,0,2,0,0,5,0,0,1,3,8,0,0,0.28,0.06,1,0,0.0,0.0,0,1,0,0,0,0,0,,2,28.57,0,0,0,9,0,4,0,0,58,0,,0,0,0,0,0.0,0,0,0,0,14,1,0,6.68,0,0,0,0,0,0,0,0,0.0,0.0,0,1,1,0,0,0,0.0,0,0,0,0.0,4,3,1,3,2,20.0,0,22,7,26,33.4,2,0,43,2,0,0,Adrien Lebeau,Stade Brestois,993238,1715,france,2324
2,5,25.0,43,1,20.0,72,25,92,73.6,1,7.69,12,14,1,0,0,0,28.0,2,1,1,0,1,14,0,1,9,4,45,0,0,1.32,0.72,10,0,0.0,0.0,0,1,12,12,0,0,0,,28,45.9,0,0,1,33,1,8,0,4,516,1,,0,0,0,0,0.0,0,0,0,0,93,5,0,6.68,1,0,0,0,0,0,0,0,0.0,0.0,1,4,3,2,4,13,54.17,0,8,4,50.0,8,7,24,20,29,39.19,5,116,29,125,93.5,7,0,243,7,1,0,Bénie Traoré,Nantes,1099792,1647,france,2324
77,1,100.0,76,88,51.76,271,611,881,86.54,38,51.35,36,23,0,0,0,0,73.0,0,0,4,2,115,23,0,0,2,20,77,0,1,0.29,0.83,20,0,0.0,24.0,0,0,47,44,3,0,0,,33,44.59,0,0,1,137,11,1,0,20,1816,1,,0,0,0,1,0.0,0,0,0,0,144,1,0,6.68,0,0,0,0,0,0,0,0,0.0,0.0,0,12,1,8,1,1,50.0,0,23,14,60.87,1,129,2,1,71,47.97,170,354,665,1018,153.6,13,0,1257,9,4,0,Julien Laporte,Lorient,791048,1656,france,2324
9,0,0.0,104,14,37.84,229,187,416,84.21,9,36.0,16,26,0,0,0,0,74.0,0,3,5,1,12,26,0,0,9,20,72,0,0,1.08,1.77,21,0,6.67,0.0,1,1,20,18,2,1,0,,55,49.55,0,0,0,78,11,11,1,11,1132,1,,0,0,0,1,0.0,0,0,0,1,115,4,0,6.68,0,0,0,0,0,0,0,0,1132.0,0.0,0,11,4,5,5,5,45.45,0,38,20,52.63,11,20,11,2,64,47.06,37,288,208,494,173.6,15,0,662,13,2,0,Samuel Moutoussamy,Nantes,892624,1647,france,2324
0,0,0.0,75,1,25.0,151,63,214,73.29,33,33.33,66,28,1,0,1,0,41.0,0,16,7,0,25,28,0,0,29,5,148,0,0,0.39,10.82,26,0,16.67,0.0,8,9,32,26,6,8,0,,42,33.87,1,0,2,78,2,9,2,23,2084,12,,0,0,1,0,0.0,0,0,0,1,179,10,0,6.68,0,5,0,0,0,0,0,0,260.5,0.0,0,46,2,20,21,10,31.25,0,8,5,62.5,9,3,32,1,75,33.63,4,218,75,292,186.9,48,1,567,24,3,0,Emmanuel Emegha,RC Strasbourg,1048333,1659,france,2324
0,6,26.09,54,3,42.86,91,59,144,71.64,4,20.0,16,16,2,0,0,0,17.0,1,2,1,0,6,16,0,0,11,8,51,0,0,2.76,1.32,4,0,0.0,0.0,0,2,20,17,3,0,0,,28,44.44,0,0,0,57,3,12,0,13,1020,4,,0,0,0,0,0.0,0,0,0,1,128,5,0,6.68,0,0,0,0,0,0,0,0,0.0,0.0,0,7,3,3,6,12,50.0,0,10,6,60.0,12,2,24,23,32,38.55,7,147,77,201,106.8,10,0,350,6,0,0,Alan Virginius,Clermont Foot,1048014,1680,france,2324
0,0,0.0,11,0,0.0,19,3,22,78.57,1,14.29,6,9,1,0,0,0,5.0,0,0,0,0,1,7,0,0,2,0,13,0,0,0.06,0.24,4,0,0.0,0.0,0,1,4,3,1,0,0,,4,36.36,0,0,0,6,1,1,0,1,142,0,,0,0,0,0,0.0,0,0,0,0,21,2,0,6.67,0,0,0,0,0,0,0,0,0.0,0.0,0,2,2,2,2,1,33.33,0,2,0,0.0,1,1,3,6,5,27.78,0,31,3,28,46.7,4,0,61,1,0,0,Aboubacar Ali Abdallah,RC Strasbourg,1807613,1659,france,2324
4,1,100.0,25,3,37.5,48,30,77,74.04,7,63.64,4,7,1,0,0,0,12.0,0,0,0,0,8,7,0,0,2,1,9,0,0,0.46,0.21,1,0,0.0,0.0,0,1,8,7,1,0,0,,8,61.54,0,0,0,27,7,2,0,2,259,1,,0,0,0,0,0.0,0,0,0,0,35,0,0,6.67,0,0,0,0,0,0,0,0,0.0,0.0,0,1,0,1,0,1,50.0,0,5,4,80.0,2,8,2,1,15,62.5,8,64,41,104,46.7,1,0,174,3,0,0,Jérémy Jacquet,Clermont Foot,1445625,1680,france,2324
2,4,30.77,32,2,50.0,57,17,70,64.22,5,45.45,6,12,0,0,0,0,18.0,0,0,3,0,2,10,0,0,3,3,25,0,0,0.37,0.57,5,0,12.5,0.0,1,1,8,5,3,0,1,,21,52.5,0,0,0,39,0,2,1,4,380,1,,0,0,0,0,0.0,0,0,0,0,76,3,0,6.67,0,0,0,0,0,0,0,0,380.0,0.0,0,4,4,1,4,6,40.0,0,11,8,72.73,2,2,15,13,26,50.98,4,96,26,109,66.7,8,0,196,4,0,0,Shavy Warren Babicka,Toulouse,1136280,1681,france,2324
25,2,50.0,84,51,60.71,250,516,764,87.61,19,52.78,17,20,1,0,0,0,72.0,0,0,3,2,68,20,0,2,11,10,80,1,1,0.32,0.36,39,0,0.0,46.0,0,1,31,24,7,0,0,,63,50.0,0,0,0,108,18,9,0,20,1665,0,,0,0,0,1,0.0,0,0,0,0,138,2,0,6.67,2,0,0,0,0,0,0,0,0.0,0.0,0,4,2,2,1,7,63.64,0,38,28,73.68,9,51,11,4,82,50.62,84,309,567,872,133.4,6,1,1128,18,6,0,Maximiliano Caufriez,Clermont Foot,800349,1680,france,2324
31,0,0.0,26,63,51.22,160,514,674,86.86,23,40.35,34,26,0,0,0,0,108.0,0,0,1,3,85,26,0,0,3,13,74,0,0,0.06,0.82,23,0,20.0,0.0,2,2,45,40,5,2,0,,27,40.3,1,0,1,102,30,2,1,25,2228,0,,0,0,0,1,0.0,0,0,0,0,117,0,0,6.67,0,0,0,0,0,0,0,0,1114.0,0.0,0,9,1,5,4,4,66.67,0,19,12,63.16,2,54,6,0,50,40.32,123,222,554,776,173.4,10,0,1007,4,2,0,Ismaël Traoré,Metz,25506,1651,france,2324
17,7,33.33,91,14,46.67,183,190,366,82.81,10,47.62,11,19,1,0,0,0,60.0,2,0,2,1,28,19,0,0,7,10,54,0,0,1.11,0.28,18,0,0.0,0.0,0,1,23,20,3,0,0,,33,43.42,0,0,0,76,5,8,0,11,988,0,,0,0,0,0,0.0,0,0,0,0,121,2,0,6.67,0,0,0,0,0,0,0,0,0.0,0.0,0,4,2,3,1,3,25.0,0,23,17,73.91,8,34,12,21,43,44.33,30,241,222,442,126.7,6,0,669,7,0,0,Gedeon Kalulu,Lorient,991200,1656,france,2324
11,22,22.92,78,15,44.12,176,88,242,78.06,4,36.36,7,15,1,0,0,0,31.0,5,2,1,0,17,15,0,0,5,4,36,0,0,2.98,1.09,12,0,15.38,0.0,2,3,26,24,2,2,0,,16,35.56,0,0,0,68,7,16,2,7,709,4,,0,0,0,0,0.0,0,0,0,0,176,5,0,6.67,0,0,0,0,0,0,0,0,354.5,0.0,0,9,4,8,4,9,50.0,0,3,1,33.33,16,27,18,96,20,35.71,34,301,105,310,100.0,13,0,570,4,3,0,Benjamin Mendy,Lorient,139225,1656,france,2324
12,1,50.0,86,17,73.91,130,68,197,75.77,29,50.0,29,26,1,0,0,0,20.0,1,4,8,0,10,24,0,0,19,1,97,0,0,1.15,4.92,29,0,6.45,0.0,2,3,19,16,3,2,0,,26,27.66,1,0,0,63,1,12,0,10,1037,8,,0,0,1,0,100.0,0,1,0,0,145,7,0,6.66,0,1,0,0,0,0,0,0,518.5,0.0,0,26,5,15,8,10,33.33,0,6,4,66.67,12,17,30,2,55,36.18,23,182,80,260,159.9,31,0,445,11,1,0,Grejohn Kyei,Clermont Foot,581146,1680,france,2324
25,4,30.77,91,32,40.51,231,308,535,81.68,17,53.13,15,19,0,0,0,0,80.0,0,1,1,5,29,19,0,0,8,26,84,0,0,0.31,0.27,29,0,0.0,0.0,0,0,17,16,1,0,0,,60,46.51,0,0,0,120,18,3,0,15,1363,0,,0,0,0,1,0.0,0,0,0,0,183,3,0,6.66,0,0,0,0,0,0,0,0,0.0,0.0,0,2,2,2,1,9,60.0,0,37,19,51.35,3,52,15,13,77,47.83,79,321,347,655,126.5,4,0,936,16,5,0,Jean-Kévin Duverne,Nantes,845930,1647,france,2324
42,0,0.0,95,54,59.34,281,372,653,85.81,14,42.42,19,22,0,0,0,0,100.0,0,0,4,2,28,22,0,0,24,8,77,0,2,0.41,0.28,19,0,0.0,0.0,0,0,30,23,7,0,0,,56,49.12,0,0,0,108,19,9,0,19,1659,0,,1,0,0,0,0.0,0,0,0,0,156,4,0,6.65,0,0,0,0,0,0,0,0,0.0,0.0,0,2,7,5,0,22,70.97,0,23,16,69.57,9,70,31,0,70,47.62,91,355,406,761,146.4,9,0,975,11,4,0,Ismael Doukouré,RC Strasbourg,1049517,1659,france,2324
3,1,20.0,31,6,85.71,75,75,149,89.22,8,40.0,12,15,0,0,0,0,28.0,0,0,4,0,7,15,0,0,3,8,44,0,0,0.29,0.48,19,0,0.0,0.0,0,0,6,6,0,0,0,,29,47.54,0,0,0,18,6,2,0,7,568,0,,0,0,0,0,0.0,0,0,0,0,45,4,0,6.65,0,0,0,0,0,0,0,0,0.0,0.0,0,4,5,3,2,2,28.57,0,19,13,68.42,2,4,7,5,37,45.68,7,87,85,167,99.8,9,0,276,8,0,0,Valentin Atangana Edoa,Stade de Reims,1154611,1682,france,2324
9,4,18.18,66,10,47.62,160,159,315,86.3,15,65.22,8,18,1,0,0,0,33.0,1,0,1,1,28,17,0,0,5,2,30,1,2,0.44,0.15,11,0,0.0,2.0,0,1,8,8,0,0,0,,15,40.54,0,0,0,50,11,1,0,7,754,2,,0,0,0,1,0.0,0,0,0,0,89,1,0,6.65,0,0,0,0,0,0,0,0,0.0,0.0,0,3,0,2,0,0,0.0,0,9,8,88.89,1,16,4,22,30,50.0,21,208,179,365,113.1,3,0,528,7,1,0,Massadio Haïdara,RC Lens,143344,1648,france,2324
3,4,21.05,32,4,36.36,57,37,90,71.43,17,53.13,15,20,1,0,0,0,32.0,0,0,2,0,7,19,0,0,17,7,74,0,0,0.33,0.58,18,0,33.33,0.0,2,3,13,11,2,2,0,,47,44.34,0,0,0,36,6,8,0,10,860,4,,0,0,0,1,0.0,0,0,0,1,117,6,0,6.65,0,2,0,0,0,0,0,0,430.0,0.0,0,4,2,1,3,12,38.71,0,13,9,69.23,8,8,31,19,64,46.38,11,95,50,126,126.4,6,0,307,22,2,0,Joel Asoro,Metz,825901,1651,france,2324
3,0,0.0,41,8,72.73,87,38,125,86.81,3,42.86,4,11,0,0,0,0,18.0,0,2,2,0,3,10,0,0,7,8,29,0,0,0.21,0.75,10,0,0.0,0.0,0,0,8,5,3,0,0,,20,44.44,0,0,0,19,4,3,0,4,355,0,,0,0,0,0,0.0,0,0,0,0,38,0,0,6.65,0,0,0,0,0,0,0,0,0.0,0.0,0,6,0,4,0,4,80.0,0,9,6,66.67,3,3,5,2,23,44.23,11,100,46,144,66.5,6,0,212,7,2,0,Mahamadou Diawara,Olympique Lyonnais,1402751,1649,france,2324
5,0,0.0,31,11,57.89,107,97,204,80.63,12,50.0,12,16,0,0,0,0,42.0,0,0,1,1,9,14,0,0,4,4,28,0,0,0.09,0.29,7,0,0.0,0.0,0,0,6,5,1,0,0,,36,69.23,0,0,0,49,10,3,0,4,500,0,,0,0,0,0,0.0,0,0,0,0,66,3,0,6.65,1,0,0,0,0,0,0,0,0.0,0.0,0,1,5,4,1,2,66.67,0,13,8,61.54,3,12,3,1,48,63.16,19,139,115,253,93.1,6,0,351,21,2,1,Amadou Koné,Stade de Reims,1586875,1682,france,2324
31,5,16.13,192,40,40.4,364,335,694,80.6,17,42.5,23,27,0,0,0,0,87.0,0,0,1,3,48,26,0,1,7,26,98,1,0,0.63,0.26,38,0,0.0,0.0,0,0,33,28,5,0,0,,70,48.28,0,0,0,167,21,14,0,22,1834,2,,0,0,0,1,0.0,0,0,0,1,242,2,0,6.65,1,0,0,0,0,0,0,0,0.0,0.0,0,2,2,3,0,5,35.71,0,56,35,62.5,14,81,14,31,87,47.03,99,499,393,861,172.9,4,1,1289,9,7,0,Thibault De Smet,Stade de Reims,844744,1682,france,2324
4,2,25.0,92,5,38.46,158,80,236,76.87,37,50.68,36,25,0,0,0,1,65.0,1,4,3,1,15,25,0,0,28,9,104,0,0,1.05,2.6,19,0,6.25,0.0,1,1,18,16,2,1,0,,33,32.67,0,0,0,71,15,18,0,10,1087,7,,0,0,1,0,0.0,0,0,0,0,156,8,0,6.65,0,1,0,0,0,0,0,0,1087.0,0.0,0,12,4,7,6,12,46.15,0,10,5,50.0,18,15,26,8,70,40.23,13,220,95,307,166.2,16,0,522,12,1,0,Tino Kadewere,Nantes,810535,1647,france,2324
15,5,11.9,83,27,42.19,187,249,431,78.65,7,35.0,13,23,0,0,0,0,64.0,0,3,5,1,32,22,0,0,4,17,55,0,0,0.8,1.43,13,0,0.0,0.0,0,0,28,23,5,0,0,,40,48.78,0,0,1,117,16,9,0,15,1253,2,,0,0,0,0,0.0,0,0,0,1,196,0,0,6.65,0,0,0,0,0,0,0,0,0.0,0.0,1,11,8,13,1,2,20.0,0,31,20,64.52,9,42,10,42,47,46.08,64,311,279,548,146.2,19,0,835,7,2,0,Mehdi Zeffane,Clermont Foot,217770,1680,france,2324
15,5,27.78,138,22,62.86,289,247,531,81.69,14,36.84,24,26,0,0,0,0,114.0,2,2,3,4,29,26,0,0,8,13,93,0,0,0.84,1.25,40,0,0.0,0.0,0,0,32,30,2,0,0,,40,36.7,0,0,0,119,12,14,0,21,1837,2,,0,0,0,0,0.0,0,0,0,0,179,10,0,6.63,0,0,0,0,0,0,0,0,0.0,0.0,0,8,2,4,3,10,47.62,0,27,16,59.26,14,33,21,18,54,36.73,35,388,280,650,172.5,10,0,853,3,7,0,Moussa Sissoko,Nantes,27014,1647,france,2324
0,0,0.0,14,0,0.0,21,11,32,55.17,19,57.58,14,7,0,0,0,0,8.0,1,1,0,0,2,6,0,0,2,4,29,0,0,0.11,0.38,6,0,0.0,0.0,0,0,7,7,0,0,0,,13,46.43,0,0,0,26,0,3,0,3,236,4,,0,0,0,0,0.0,0,0,0,0,46,3,0,6.63,0,0,0,0,0,0,0,0,0.0,0.0,0,2,3,4,1,3,42.86,0,2,0,0.0,3,1,7,2,32,52.46,0,48,12,58,39.8,5,0,105,8,0,0,Issa Soumaré,Le Havre,1001458,1662,france,2324
2,0,0.0,6,13,72.22,21,52,73,85.88,4,80.0,1,4,0,0,0,0,9.0,0,0,0,0,9,3,0,0,0,2,4,1,0,0.02,0.05,2,0,0.0,0.0,0,0,2,2,0,0,0,,2,40.0,0,0,0,12,5,0,0,1,127,0,,0,0,0,0,0.0,0,0,0,0,14,0,0,6.63,0,0,0,0,0,0,0,0,0.0,0.0,0,1,0,0,1,0,0.0,0,1,1,100.0,0,5,0,0,6,60.0,18,28,57,85,19.9,1,0,107,1,0,0,Achraf Dari,Stade Brestois,964795,1715,france,2324
0,0,0.0,7,1,100.0,14,9,23,92.0,0,0.0,3,3,0,0,0,0,5.0,0,0,0,0,0,3,0,0,0,1,5,0,0,0.01,0.0,1,0,0.0,0.0,0,0,0,0,0,0,0,,3,60.0,0,0,0,2,0,0,0,0,29,0,,0,0,0,0,0.0,0,0,0,0,4,0,0,6.63,0,0,0,0,0,0,0,0,0.0,0.0,0,0,0,0,0,1,100.0,0,2,2,100.0,0,0,1,0,3,37.5,1,14,11,25,19.9,0,0,31,0,1,0,Cher Ndour,Paris Saint-Germain,1114422,1644,france,2324
3,2,22.22,14,4,80.0,27,17,42,70.0,3,60.0,2,5,0,0,0,0,12.0,0,0,0,0,4,3,0,0,0,1,11,0,0,0.15,0.0,5,0,0.0,0.0,0,0,3,3,0,0,0,,6,40.0,0,0,0,18,2,2,0,1,115,0,,0,0,0,0,0.0,0,0,0,0,32,1,0,6.63,0,0,0,0,0,0,0,0,0.0,0.0,0,0,0,0,0,2,40.0,0,1,0,0.0,2,4,5,9,9,45.0,5,44,25,60,19.9,0,0,106,3,0,0,Ibrahim Diakité,Stade de Reims,1168646,1682,france,2324
3,3,16.67,89,4,66.67,141,42,180,75.0,10,29.41,24,23,2,0,0,0,42.0,0,1,8,0,5,23,0,0,26,10,104,0,0,0.85,1.12,17,0,0.0,0.0,0,2,11,9,2,0,0,,49,37.98,0,0,2,60,7,9,0,6,766,0,,0,0,0,0,0.0,0,0,0,0,158,9,0,6.63,0,0,0,0,0,0,0,0,0.0,0.0,0,13,7,9,3,19,38.0,0,20,12,60.0,9,8,50,18,59,36.2,6,198,60,240,152.5,20,0,458,10,1,0,Antoine Joujou,Le Havre,1463265,1662,france,2324
3,1,20.0,62,3,30.0,121,122,242,89.3,2,50.0,2,11,0,0,0,0,29.0,0,0,2,0,4,10,0,0,11,4,31,0,0,0.2,0.27,7,0,0.0,0.0,0,0,8,8,0,0,0,,17,36.96,0,0,0,29,8,0,0,5,478,0,,0,0,0,0,0.0,0,0,0,0,61,3,0,6.63,0,0,0,0,0,0,0,0,0.0,0.0,0,1,4,1,2,5,38.46,0,5,4,80.0,0,10,13,5,19,38.0,10,143,133,271,66.3,5,0,363,7,0,0,Jean-Victor Makengo,Lorient,802138,1656,france,2324
9,2,100.0,21,7,38.89,56,39,93,72.66,8,66.67,4,7,1,0,0,0,14.0,0,0,2,0,6,7,0,0,0,5,16,0,0,0.31,0.07,7,0,0.0,0.0,0,1,5,4,1,0,0,,10,45.45,0,0,0,35,2,3,0,3,298,0,,0,0,0,0,0.0,0,0,0,0,37,1,0,6.63,0,0,0,0,0,0,0,0,0.0,0.0,0,0,2,0,0,1,100.0,0,9,7,77.78,3,19,1,2,18,52.94,18,78,52,128,46.4,2,0,163,0,4,0,Benjamin Stambouli,Stade de Reims,105951,1682,france,2324
3,0,0.0,51,2,50.0,95,34,129,79.14,5,45.45,6,12,0,0,0,0,18.0,1,1,0,0,1,11,0,0,10,8,39,0,0,0.59,0.63,6,0,0.0,0.0,0,0,8,8,0,0,0,,17,34.0,0,0,0,34,1,5,0,6,445,0,,0,0,0,0,0.0,0,0,0,0,64,3,0,6.63,0,0,0,0,0,0,0,0,0.0,0.0,1,2,2,2,2,5,35.71,0,7,5,71.43,5,6,14,1,22,36.07,4,124,40,163,72.9,4,0,233,5,2,0,Joaquín Correa,Olympique de Marseille,249929,1641,france,2324
5,1,50.0,45,8,66.67,101,58,158,83.16,10,58.82,7,8,0,0,0,0,20.0,0,1,2,0,5,8,0,0,7,7,35,0,0,0.17,0.43,12,0,11.11,0.0,1,1,9,7,2,0,1,,14,33.33,0,0,0,32,2,1,1,6,426,0,,0,0,0,1,0.0,0,0,0,0,53,1,0,6.63,0,0,0,0,0,0,0,0,426.0,0.0,0,3,6,4,3,4,66.67,0,8,7,87.5,1,11,6,2,24,40.68,12,130,62,190,53.0,9,0,258,3,2,0,Skelly Alvero,Olympique Lyonnais,1165722,1649,france,2324
5,0,0.0,53,5,83.33,86,67,153,80.1,6,35.29,11,19,0,0,0,0,33.0,0,0,2,0,8,19,0,1,13,6,55,0,0,0.28,1.83,13,0,18.18,0.0,2,2,25,20,5,2,0,,34,43.59,0,0,0,38,2,7,1,10,907,3,,0,0,0,0,0.0,0,0,0,1,97,2,0,6.62,1,1,0,0,0,0,0,0,453.5,0.0,0,6,5,6,3,12,48.0,0,6,4,66.67,7,8,25,8,40,42.11,6,126,73,191,125.8,11,0,330,16,0,0,Aiyegun Tosin,Lorient,875548,1656,france,2324
2,3,21.43,19,1,12.5,48,36,81,80.2,2,40.0,3,5,0,0,0,0,6.0,0,0,1,0,3,5,0,0,0,1,6,0,0,0.22,0.04,1,0,0.0,0.0,0,0,6,6,0,0,0,,7,70.0,0,0,0,20,1,5,0,2,239,0,,0,0,0,0,0.0,0,0,0,0,37,0,0,6.62,0,0,0,0,0,0,0,0,0.0,0.0,0,0,2,1,0,1,50.0,0,3,3,100.0,5,7,2,14,9,60.0,8,75,40,101,33.1,2,0,152,3,1,0,Yoël Armougom,Clermont Foot,909167,1680,france,2324
16,2,66.67,198,18,60.0,444,351,793,89.2,2,22.22,7,27,0,0,0,0,89.0,1,1,0,2,17,27,0,0,11,10,73,0,0,1.09,0.84,34,0,0.0,0.0,0,0,18,17,1,0,0,,44,40.0,0,0,0,96,12,6,0,17,1541,0,,0,0,0,3,0.0,0,0,0,0,145,9,0,6.62,0,0,0,0,0,0,0,0,0.0,0.0,0,1,4,5,0,7,38.89,0,21,14,66.67,6,30,18,3,46,38.66,30,510,382,889,178.7,5,0,1061,16,2,0,Salis Abdul Samed,RC Lens,993455,1648,france,2324
10,28,21.88,77,16,30.19,159,126,257,66.07,11,28.95,27,29,2,0,0,0,90.0,4,1,7,1,22,29,0,0,35,19,129,0,1,2.26,1.6,8,0,4.76,0.0,1,3,33,29,4,1,0,,71,41.04,0,0,0,132,11,22,0,21,1924,6,,0,1,0,0,0.0,0,0,0,0,373,11,0,6.61,0,1,0,0,0,0,0,0,1924.0,0.0,0,9,12,7,7,31,43.66,0,31,24,77.42,21,22,71,128,82,38.86,53,347,170,389,191.7,21,1,873,10,1,0,Kevin Van Den Kerkhof,Metz,1130602,1651,france,2324
1,2,14.29,24,2,66.67,51,17,66,78.57,1,25.0,3,12,0,0,0,0,8.0,0,0,1,0,1,11,0,0,3,2,11,0,0,0.15,0.23,0,0,0.0,0.0,0,0,8,7,1,0,0,,9,52.94,0,0,0,18,0,3,0,1,201,0,,0,0,0,0,0.0,0,0,0,0,42,1,0,6.61,0,0,0,0,0,0,0,0,0.0,0.0,1,2,4,3,2,4,57.14,0,1,1,100.0,3,2,7,14,10,47.62,3,77,21,84,72.7,6,0,133,4,0,0,Jérémie Bela,Clermont Foot,282917,1680,france,2324
2,0,0.0,27,4,57.14,47,26,73,73.0,3,16.67,15,13,0,0,0,0,14.0,0,0,5,0,2,11,0,0,7,3,41,1,0,0.16,1.1,9,0,12.5,0.0,1,1,6,6,0,1,0,,19,42.22,0,0,0,27,1,0,0,5,481,2,,0,0,0,0,0.0,0,0,0,0,65,4,0,6.6,0,1,0,0,0,0,0,0,481.0,0.0,0,8,0,1,2,5,41.67,0,4,3,75.0,0,6,12,3,22,34.92,7,74,29,100,72.6,8,0,182,10,2,0,Gift Orban,Olympique Lyonnais,1217613,1649,france,2324
0,0,0.0,24,1,100.0,45,28,73,69.52,18,33.96,35,21,1,0,0,0,14.0,1,5,2,0,4,20,0,0,7,5,63,0,0,0.17,1.4,18,0,0.0,0.0,0,1,7,5,2,0,0,,26,48.15,0,0,1,32,0,4,0,2,469,4,,0,0,0,0,0.0,0,0,0,1,54,1,0,6.6,0,0,0,0,0,0,0,0,0.0,0.0,0,10,0,4,4,6,85.71,0,7,5,71.43,4,1,7,1,44,41.12,1,74,32,105,132.0,10,0,183,14,3,0,Bertuğ Yıldırım,Stade Rennais,1382235,1658,france,2324
9,2,14.29,55,18,47.37,105,100,203,78.08,6,60.0,4,12,1,0,0,0,19.0,3,0,0,2,24,12,0,0,7,4,31,0,0,0.71,0.05,13,0,0.0,0.0,0,1,17,17,0,0,0,,22,44.9,0,0,0,57,7,5,0,11,800,0,,0,0,0,0,0.0,0,0,0,0,106,1,0,6.6,0,0,0,0,0,0,0,0,0.0,0.0,0,0,1,1,0,3,42.86,0,16,7,43.75,5,19,7,14,28,47.46,38,160,114,260,79.2,1,0,450,3,2,0,Kelvin Amian,Nantes,802143,1647,france,2324
1,0,0.0,1,7,38.89,5,7,12,52.17,0,0.0,0,1,0,0,0,0,4.0,0,0,0,0,0,1,0,0,0,0,0,0,0,0.0,,0,0,0.0,7.0,0,0,1,0,1,0,0,-0.08,0,0.0,0,1,0,11,0,0,0,0,72,0,,0,0,0,0,0.0,0,0,0,0,11,0,0,6.6,0,0,0,1,1,2,0,1,0.0,0.0,0,0,0,0,0,0,0.0,0,0,0,0.0,0,1,0,0,0,0.0,18,15,8,23,6.6,0,0,29,0,0,0,Guillaume Dietsch,Metz,986770,1651,france,2324
0,0,0.0,0,0,0.0,0,5,5,100.0,0,0.0,0,2,0,0,0,0,0.0,0,0,0,0,3,1,0,0,0,0,0,0,0,0.0,,0,0,0.0,0.0,0,0,0,0,0,0,0,,0,0.0,0,0,0,0,1,0,0,0,12,0,,0,0,0,0,0.0,0,0,0,0,0,0,0,6.6,0,0,0,0,0,0,0,0,0.0,0.0,0,0,0,0,0,0,0.0,0,0,0,0.0,0,0,0,0,0,0.0,0,0,5,5,6.6,0,0,9,0,0,0,Adryelson,Olympique Lyonnais,795261,1649,france,2324
1,0,0.0,3,1,33.33,5,12,17,80.95,2,100.0,0,4,0,0,0,0,1.0,0,0,0,0,1,4,0,0,0,0,0,0,0,0.01,,0,0,0.0,0.0,0,0,1,0,1,0,0,,2,100.0,0,0,0,4,0,0,0,0,34,0,,0,0,0,0,0.0,0,0,0,0,4,0,0,6.6,0,0,0,0,0,0,0,0,0.0,0.0,0,0,0,0,0,0,0.0,0,1,1,100.0,0,3,0,0,4,100.0,3,8,13,21,26.4,0,0,25,1,0,0,Simon Ebonog,Le Havre,1490783,1662,france,2324
0,0,0.0,6,0,0.0,8,1,9,81.82,0,0.0,1,2,0,0,0,0,1.0,0,1,0,0,0,2,0,0,1,0,2,0,0,0.01,0.55,0,0,0.0,0.0,0,0,0,0,0,0,0,,1,50.0,0,0,0,2,0,0,0,0,26,0,,0,0,0,0,0.0,0,0,0,0,4,0,0,6.6,0,0,0,0,0,0,0,0,0.0,0.0,0,2,0,0,2,0,0.0,0,0,0,0.0,0,0,0,1,1,33.33,2,11,1,11,13.2,2,0,18,1,0,0,Mattéo Guendouzi,Olympique de Marseille,852404,1641,france,2324
6,5,38.46,35,5,35.71,70,60,125,77.16,7,53.85,6,8,0,0,0,0,20.0,2,1,1,0,10,8,0,0,5,6,28,0,0,0.57,0.32,10,0,0.0,0.0,0,0,6,6,0,0,0,,10,31.25,0,0,0,37,5,4,0,6,486,3,,0,0,0,0,0.0,0,0,0,0,68,1,0,6.6,0,0,0,0,0,0,0,0,0.0,0.0,0,3,0,2,0,0,0.0,0,6,5,83.33,4,13,1,13,17,37.78,14,97,78,162,52.8,3,0,278,4,1,0,Jhoanner Chávez,RC Lens,1002458,1648,france,2324
13,1,11.11,64,14,60.87,114,102,215,88.84,6,50.0,6,18,0,0,0,0,40.0,1,0,0,0,4,17,0,0,5,12,42,1,0,0.6,0.26,16,0,0.0,0.0,0,0,12,10,2,0,0,,25,40.98,0,0,0,27,9,2,0,9,720,1,,0,0,0,0,0.0,0,0,0,0,59,2,0,6.6,0,0,0,0,0,0,0,0,0.0,0.0,0,3,0,2,1,2,33.33,0,14,9,64.29,2,23,6,9,31,42.47,23,142,109,242,112.2,3,0,352,9,1,0,Jessy Deminguet,RC Strasbourg,902657,1659,france,2324
0,0,0.0,15,1,100.0,22,18,40,93.02,0,0.0,0,3,0,0,0,0,1.0,0,0,1,0,0,2,0,0,0,2,3,0,0,0.03,0.14,1,0,0.0,0.0,0,0,1,1,0,0,0,,1,25.0,0,0,0,3,0,0,0,0,46,0,,0,0,0,0,0.0,0,0,0,0,4,0,0,6.6,0,0,0,0,0,0,0,0,0.0,0.0,0,2,0,0,1,0,0.0,0,0,0,0.0,0,0,0,1,1,25.0,1,24,20,43,13.2,2,0,50,1,0,0,Ethan Mbappé,Paris Saint-Germain,1402698,1644,france,2324
0,0,0.0,5,0,0.0,12,8,20,83.33,0,0.0,3,5,0,0,0,0,2.0,0,0,0,0,0,3,0,0,1,2,7,0,0,0.02,0.12,0,0,0.0,0.0,0,0,3,3,0,0,0,,3,42.86,0,0,0,4,0,0,0,0,60,0,,0,0,0,0,0.0,0,0,0,0,14,0,0,6.6,0,0,0,0,0,0,0,0,0.0,0.0,0,2,1,2,1,2,66.67,0,1,1,100.0,0,0,3,4,3,30.0,0,18,10,24,19.8,3,0,41,0,0,0,Aïman Maurer,Clermont Foot,1146941,1680,france,2324
1,3,42.86,13,1,25.0,20,5,22,64.71,2,66.67,1,5,0,0,0,0,7.0,0,0,2,0,1,5,0,0,1,3,14,0,0,0.25,0.09,3,0,0.0,0.0,0,0,1,1,0,0,0,,10,43.48,0,0,0,12,1,2,0,2,176,0,,0,0,0,0,0.0,0,0,0,0,33,1,0,6.6,0,0,0,0,0,0,0,0,0.0,0.0,0,1,2,1,0,2,25.0,0,0,0,0.0,2,1,8,7,12,46.15,4,33,8,34,33.0,3,0,85,8,1,0,François Régis Mughe,Olympique de Marseille,1403127,1641,france,2324
0,0,0.0,2,0,0.0,5,3,8,100.0,0,0.0,0,2,0,0,0,0,6.0,0,0,0,0,0,2,0,0,0,0,4,0,0,0.0,0.06,1,0,0.0,0.0,0,0,2,2,0,0,0,,3,42.86,0,0,0,0,0,1,0,0,27,0,,0,0,0,0,0.0,0,0,0,0,7,1,0,6.6,0,0,0,0,0,0,0,0,0.0,0.0,0,0,1,1,0,2,40.0,0,1,0,0.0,1,0,5,0,3,42.86,0,5,3,8,13.2,1,0,22,0,1,0,Mohamed-Amine Bouchenna,Clermont Foot,1426226,1680,france,2324
1,3,25.0,22,1,20.0,42,32,71,83.53,1,100.0,0,8,0,0,0,0,14.0,1,0,0,0,2,7,0,0,3,1,8,0,0,0.23,0.04,4,0,0.0,0.0,0,0,5,5,0,0,0,,7,46.67,0,0,0,14,3,4,0,0,122,0,,0,0,0,0,0.0,0,0,0,0,31,0,0,6.6,0,0,0,0,0,0,0,0,0.0,0.0,0,1,0,1,0,0,0.0,0,6,4,66.67,4,4,0,12,8,50.0,5,62,35,85,46.2,1,0,126,1,0,0,Jaouen Hadjam,Nantes,1049534,1647,france,2324
0,0,0.0,0,0,0.0,1,0,1,100.0,0,0.0,1,1,0,0,0,0,1.0,0,0,0,0,0,1,0,0,0,0,1,0,0,0.0,0.0,0,0,0.0,0.0,0,0,0,0,0,0,0,,1,100.0,0,0,0,0,0,0,0,0,9,0,,0,0,0,0,0.0,0,0,0,0,0,0,0,6.6,0,0,0,0,0,0,0,0,0.0,0.0,0,0,0,0,0,1,100.0,0,0,0,0.0,0,0,1,0,1,50.0,0,1,0,1,6.6,0,0,3,0,0,0,Mohamed El Arouch,Olympique Lyonnais,1049187,1649,france,2324
0,0,0.0,0,0,0.0,1,2,3,75.0,1,100.0,0,1,0,0,0,0,1.0,0,0,0,0,0,1,0,0,0,0,0,0,0,0.0,0.0,0,0,0.0,0.0,0,0,0,0,0,0,0,,0,0.0,0,0,0,1,0,0,0,0,11,0,,0,0,0,0,0.0,0,0,0,0,1,0,0,6.6,0,0,0,0,0,0,0,0,0.0,0.0,0,0,0,0,0,0,0.0,0,0,0,0.0,0,0,0,0,1,100.0,0,1,3,4,6.6,0,0,5,0,0,0,Abdellah Baallal,Clermont Foot,1410408,1680,france,2324
0,0,0.0,0,0,0.0,0,0,0,0.0,0,0.0,1,1,0,0,0,0,0.0,0,0,0,0,0,1,0,0,0,1,2,0,0,0.0,0.0,0,0,0.0,0.0,0,0,1,1,0,0,0,,1,50.0,0,0,0,0,1,0,0,0,9,0,,0,0,0,0,0.0,0,0,0,0,2,0,0,6.6,0,0,0,0,0,0,0,0,0.0,0.0,0,0,0,0,0,0,0.0,0,1,1,100.0,0,0,0,0,1,33.33,0,0,0,0,6.6,0,0,5,0,0,0,Enzo Mongo,Nantes,1405985,1647,france,2324
3,1,20.0,19,2,50.0,35,28,62,74.7,2,13.33,13,12,0,0,0,0,17.0,0,0,1,0,0,12,0,0,9,1,36,0,0,0.21,0.82,7,0,20.0,0.0,1,1,5,4,1,1,0,,14,37.84,0,0,0,21,0,5,0,1,279,2,,0,0,0,0,0.0,0,0,0,0,56,3,0,6.59,0,1,0,0,0,0,0,0,279.0,0.0,0,2,3,1,3,6,50.0,0,1,0,0.0,5,3,12,5,16,30.77,4,54,34,83,79.1,5,0,152,7,1,0,Yann Karamoh,Montpellier,802149,1642,france,2324
13,0,0.0,23,28,50.91,111,295,406,84.94,18,58.06,13,13,0,0,0,0,36.0,0,0,1,2,46,12,0,0,0,7,27,1,0,0.06,0.33,8,0,0.0,0.0,0,0,21,20,1,0,0,,17,54.84,0,0,0,72,12,0,0,11,1022,0,,0,0,0,0,0.0,0,0,0,0,78,0,0,6.59,0,0,0,0,0,0,0,0,0.0,0.0,0,2,1,2,0,0,0.0,0,11,6,54.55,0,26,0,1,35,56.45,55,158,321,478,79.1,3,0,591,7,1,0,Nathan Zeze,Nantes,1154687,1647,france,2324
7,0,0.0,25,9,36.0,53,126,179,80.63,7,43.75,9,8,0,0,0,0,32.0,0,0,0,0,15,8,0,0,1,3,27,0,0,0.06,0.01,10,0,0.0,0.0,0,0,8,6,2,0,0,,11,37.93,0,0,0,43,8,3,0,7,524,0,,0,0,0,0,0.0,0,0,0,0,69,1,0,6.59,0,0,0,0,0,0,0,0,0.0,0.0,0,1,0,1,0,3,42.86,0,4,2,50.0,3,23,7,3,18,40.0,25,81,144,222,52.7,1,0,334,5,1,0,Kévin Keben Biakolo,Toulouse,1102504,1681,france,2324
2,0,0.0,16,0,0.0,29,20,49,64.47,8,29.63,19,12,0,0,0,0,8.0,0,0,0,0,1,12,0,0,2,3,32,0,0,0.2,0.26,4,0,0.0,0.0,0,0,4,2,2,0,0,,14,51.85,0,0,0,27,0,2,0,1,293,5,,0,0,0,0,0.0,0,0,0,0,51,2,0,6.58,0,0,0,0,0,0,0,0,0.0,0.0,0,3,0,2,1,4,44.44,0,6,6,100.0,2,4,9,1,22,40.74,0,48,29,76,79.0,3,0,125,4,1,0,Benjamin Tetteh,Metz,796324,1651,france,2324
2,5,14.71,40,5,71.43,64,15,74,75.51,1,50.0,1,20,0,0,0,0,16.0,1,0,2,0,0,18,0,1,8,4,21,0,0,0.81,0.1,3,0,0.0,0.0,0,0,0,0,0,0,0,,13,39.39,0,0,0,24,0,7,0,1,280,2,,0,0,0,0,0.0,0,0,0,0,77,1,0,6.58,1,0,0,0,0,0,0,0,0.0,0.0,0,1,3,0,2,9,56.25,0,0,0,0.0,7,5,16,34,14,40.0,7,110,22,98,118.4,4,0,188,4,1,0,Billal Brahimi,Stade Brestois,948250,1715,france,2324
3,0,0.0,17,2,66.67,27,6,33,67.35,3,23.08,10,12,1,0,0,0,12.0,0,1,2,0,3,12,0,0,2,3,22,0,0,0.18,0.47,6,0,0.0,0.0,0,1,4,3,1,0,0,,6,33.33,0,0,0,16,0,1,0,1,247,2,,0,0,0,0,0.0,0,0,0,0,32,1,0,6.58,0,0,0,0,0,0,0,0,0.0,0.0,0,5,2,3,2,3,75.0,0,2,1,50.0,1,4,4,1,9,29.03,3,40,10,49,78.9,7,0,88,1,1,0,Steve Ngoura,Le Havre,1394411,1662,france,2324
0,0,0.0,8,2,33.33,17,30,47,77.05,2,66.67,1,7,0,0,0,0,17.0,0,0,1,0,2,7,0,0,2,2,9,0,0,0.03,0.12,4,0,0.0,0.0,0,0,3,2,1,0,0,,4,33.33,0,0,0,14,4,0,0,1,166,0,,0,0,0,0,0.0,0,0,0,0,20,3,0,6.57,0,0,0,0,0,0,0,0,0.0,0.0,0,2,0,1,0,0,0.0,0,2,2,100.0,0,2,0,1,6,40.0,6,29,33,61,46.0,2,0,85,2,0,0,Habib Maïga,Metz,359246,1651,france,2324
1,0,0.0,12,2,66.67,19,19,38,90.48,2,33.33,4,11,0,0,0,0,15.0,0,0,0,0,0,10,0,0,2,6,26,0,0,0.43,0.01,4,0,0.0,0.0,0,0,6,5,1,0,0,,22,50.0,0,0,0,4,1,1,0,1,212,0,,0,0,0,0,0.0,0,0,0,0,29,1,0,6.57,0,0,0,0,0,0,0,0,0.0,0.0,0,1,0,0,1,6,37.5,0,5,3,60.0,1,1,16,4,24,48.0,3,27,19,42,65.7,1,0,100,11,0,0,Mamadou Diakhon,Stade de Reims,1495876,1682,france,2324
5,0,0.0,21,9,64.29,78,87,165,83.33,7,31.82,15,13,0,0,0,0,35.0,0,0,1,2,14,12,0,0,4,8,41,1,0,0.12,0.18,13,0,0.0,0.0,0,0,13,9,4,0,0,,24,48.0,0,0,0,33,11,2,0,7,758,0,,0,0,0,0,0.0,0,0,0,0,59,0,0,6.57,0,0,0,0,0,0,0,0,0.0,0.0,0,2,2,2,1,1,20.0,0,11,4,36.36,2,9,5,0,31,43.06,14,97,101,198,78.8,4,0,309,13,2,0,Joseph N'Duquidi,Metz,1392812,1651,france,2324
0,1,100.0,10,2,100.0,22,15,36,80.0,2,100.0,0,6,0,0,0,0,8.0,0,0,2,0,0,3,0,0,2,3,14,0,0,0.03,0.08,10,0,0.0,0.0,0,0,3,3,0,0,0,,10,41.67,0,0,0,9,1,0,0,1,117,0,,0,0,0,0,0.0,0,0,0,0,12,1,0,6.57,0,0,0,0,0,0,0,0,0.0,0.0,0,0,3,0,1,3,100.0,0,3,1,33.33,0,1,3,1,12,46.15,2,30,16,45,19.7,3,0,69,5,0,0,Jean N'Guessan,Metz,1110705,1651,france,2324
0,2,66.67,1,0,0.0,8,6,12,66.67,2,66.67,1,3,0,0,0,0,1.0,0,1,0,0,2,3,0,0,4,0,8,0,0,0.13,0.08,2,0,0.0,0.0,0,0,1,1,0,0,0,,3,30.0,0,0,0,6,0,2,0,1,82,0,,0,0,0,0,0.0,0,0,0,0,14,0,0,6.57,0,0,0,0,0,0,0,0,0.0,0.0,0,2,1,1,2,1,50.0,0,1,1,100.0,2,1,2,3,5,38.46,1,13,8,18,19.7,3,0,48,1,0,0,Faitout Maouassa,RC Lens,801287,1648,france,2324
2,1,20.0,27,0,0.0,37,10,46,68.66,3,60.0,2,11,0,0,0,0,14.0,0,3,1,0,1,11,0,0,5,0,13,0,0,0.24,0.72,3,0,0.0,0.0,0,0,3,3,0,0,0,,13,54.17,0,0,0,21,1,5,0,2,313,6,,0,0,0,0,0.0,0,0,0,0,51,2,0,6.55,0,0,0,0,0,0,0,0,0.0,0.0,0,5,1,3,2,10,76.92,0,0,0,0.0,5,2,13,5,16,55.17,1,58,14,67,72.1,6,0,127,3,0,0,Amine Salama,Stade de Reims,1175856,1682,france,2324
1,1,100.0,11,0,0.0,19,12,30,76.92,4,28.57,10,10,0,0,0,0,11.0,0,0,2,0,2,10,0,0,7,3,32,0,0,0.22,0.33,12,0,0.0,0.0,0,0,0,0,0,0,0,,4,15.38,0,0,0,9,0,3,0,2,258,1,,0,0,0,0,0.0,0,0,0,0,34,1,0,6.54,0,0,0,0,0,0,0,0,0.0,0.0,0,4,0,2,0,4,80.0,0,0,0,0.0,3,3,5,1,8,20.0,1,26,14,39,65.4,4,0,87,0,0,0,Andy Logbo,Le Havre,1494855,1662,france,2324
3,0,0.0,16,7,58.33,44,21,65,76.47,3,60.0,2,10,0,0,0,0,11.0,0,0,0,0,5,8,0,0,1,2,13,0,0,0.04,,7,0,0.0,0.0,0,0,4,4,0,0,0,,14,56.0,0,0,0,20,1,0,0,0,164,0,,0,0,0,1,0.0,0,0,0,0,33,1,0,6.54,0,0,0,0,0,0,0,0,0.0,0.0,0,0,0,0,0,1,50.0,0,10,8,80.0,0,5,2,2,17,56.67,12,63,24,85,52.3,0,0,131,3,3,0,Edan Diop,AS Monaco,1390575,1653,france,2324
1,0,0.0,18,1,50.0,37,18,55,80.88,2,100.0,0,5,0,0,0,0,3.0,0,0,1,0,0,3,0,0,3,5,13,0,0,0.08,0.18,3,0,0.0,0.0,0,0,2,1,1,0,0,,10,43.48,0,0,0,13,0,1,0,1,121,0,,0,0,0,0,0.0,0,0,0,0,29,1,0,6.53,0,0,0,0,0,0,0,0,0.0,0.0,0,1,1,1,0,1,33.33,0,7,4,57.14,1,3,3,1,12,48.0,2,48,21,68,19.6,2,0,105,2,0,0,Mamadou Coulibaly,AS Monaco,1410148,1653,france,2324
0,0,0.0,1,0,0.0,4,3,7,77.78,0,0.0,0,3,0,0,0,0,1.0,0,0,0,0,1,3,0,0,0,0,1,0,0,0.0,0.0,1,0,0.0,0.0,0,0,0,0,0,0,0,,1,50.0,0,0,0,2,0,0,0,0,31,0,,0,0,0,0,0.0,0,0,0,0,5,0,0,6.53,0,0,0,0,0,0,0,0,0.0,0.0,0,0,0,0,0,0,0.0,0,0,0,0.0,0,1,0,2,1,50.0,1,7,4,9,19.6,0,0,16,1,0,0,Eduard Sobol,RC Strasbourg,186017,1659,france,2324
5,8,18.18,94,3,60.0,151,53,196,80.66,1,14.29,6,23,1,0,0,1,25.0,2,4,4,0,2,21,0,1,10,10,60,0,1,1.45,2.65,18,0,6.67,0.0,1,2,13,10,3,1,0,,28,34.15,0,0,1,47,3,14,1,4,617,5,,0,0,1,0,0.0,0,0,0,0,121,3,0,6.52,2,0,0,0,0,0,0,0,617.0,0.0,2,11,4,5,6,7,30.43,0,16,12,75.0,14,11,23,44,29,32.58,5,225,62,243,137.0,15,0,399,5,2,1,Samuel Grandsir,Le Havre,839112,1662,france,2324
1,0,0.0,15,1,100.0,28,18,46,77.97,2,20.0,8,7,0,0,0,0,4.0,0,0,0,0,1,7,0,0,6,4,23,0,0,0.06,0.07,2,0,0.0,0.0,0,0,5,4,1,0,0,,6,28.57,0,0,0,13,0,4,0,1,164,1,,0,0,0,0,0.0,0,0,0,0,32,1,0,6.51,0,0,0,0,0,0,0,0,0.0,0.0,0,1,1,2,0,2,40.0,0,2,1,50.0,4,1,5,1,8,25.81,1,40,20,59,45.6,2,0,95,2,0,0,Komnen Andrić,Clermont Foot,314138,1680,france,2324
0,0,0.0,0,0,0.0,1,0,1,100.0,0,0.0,0,1,0,0,0,0,1.0,0,0,0,0,0,1,0,0,0,0,1,0,0,0.0,,1,0,0.0,0.0,0,0,0,0,0,0,0,,0,0.0,0,0,0,0,0,0,0,0,9,0,,0,0,0,0,0.0,0,0,0,0,0,0,0,6.5,0,0,0,0,0,0,0,0,0.0,0.0,0,0,0,0,0,0,0.0,0,0,0,0.0,0,0,0,0,0,0.0,0,1,0,1,6.5,0,0,1,0,0,0,Lucas Michal,AS Monaco,1154647,1653,france,2324
0,0,0.0,0,0,0.0,1,0,1,100.0,0,0.0,1,1,0,0,0,0,0.0,0,0,0,0,0,1,0,0,0,0,1,0,0,0.0,,0,0,0.0,0.0,0,0,0,0,0,0,0,,0,0.0,0,0,0,0,0,0,0,0,10,0,,0,0,0,0,0.0,0,0,0,0,0,0,0,6.5,0,0,0,0,0,0,0,0,0.0,0.0,0,0,0,0,0,0,0.0,0,0,0,0.0,0,0,0,0,0,0.0,0,1,0,1,6.5,0,0,1,0,0,0,Keyliane Abdallah,Olympique de Marseille,1844117,1641,france,2324
0,0,0.0,1,0,0.0,1,0,1,50.0,0,0.0,1,1,0,0,0,0,0.0,0,0,0,0,0,1,0,0,0,0,1,0,0,0.0,,0,0,0.0,0.0,0,0,1,1,0,0,0,,0,0.0,0,0,0,1,0,0,0,0,17,0,,0,0,0,0,0.0,0,0,0,0,1,0,0,6.5,0,0,0,0,0,0,0,0,0.0,0.0,0,0,0,0,0,0,0.0,0,0,0,0.0,0,0,0,0,0,0.0,0,1,1,2,6.5,0,0,3,0,0,0,Patrick Ouotro,RC Strasbourg,1459308,1659,france,2324
0,0,0.0,2,0,0.0,2,0,2,50.0,0,0.0,1,1,0,0,0,0,0.0,0,0,0,0,0,1,0,0,0,1,2,0,0,0.0,,0,0,0.0,0.0,0,0,0,0,0,0,0,,1,50.0,0,0,0,2,0,0,0,0,9,0,,0,0,0,0,0.0,0,0,0,0,3,0,0,6.5,0,0,0,0,0,0,0,0,0.0,0.0,0,0,0,0,0,1,100.0,0,0,0,0.0,0,0,1,0,1,33.33,0,3,1,4,6.5,0,0,6,0,0,0,Adel Mahamoud,Nantes,1218074,1647,france,2324
0,0,0.0,7,0,0.0,9,8,17,65.38,1,25.0,3,9,0,0,0,0,3.0,0,2,1,0,0,8,0,0,1,0,8,0,0,0.1,1.28,4,0,0.0,0.0,0,0,4,4,0,0,0,,4,44.44,0,0,0,9,1,1,0,0,93,1,,0,0,0,0,0.0,0,0,0,0,15,0,0,6.5,0,0,0,0,0,0,0,0,0.0,0.0,0,3,1,2,1,1,100.0,0,2,1,50.0,1,0,1,1,5,38.46,0,16,11,26,52.0,4,0,45,1,1,0,Adama Bojang,Stade de Reims,1471504,1682,france,2324
0,0,0.0,2,0,0.0,3,4,7,58.33,2,66.67,1,1,0,0,0,0,0.0,0,0,1,0,0,1,0,0,0,0,1,0,0,0.01,0.09,0,0,0.0,0.0,0,0,2,2,0,0,0,,0,0.0,0,0,0,5,0,0,0,0,30,0,,0,0,0,0,0.0,0,0,0,0,7,0,0,6.5,0,0,0,0,0,0,0,0,0.0,0.0,1,1,1,1,0,0,0.0,0,0,0,0.0,0,1,0,1,2,66.67,1,8,5,12,6.5,2,0,16,0,0,0,Adrian Grbić,Lorient,282095,1656,france,2324
3,2,14.29,27,5,45.45,49,59,106,84.8,1,12.5,7,9,0,0,0,0,20.0,0,0,0,0,9,9,0,0,4,2,22,0,0,0.27,0.07,9,0,0.0,0.0,0,0,6,5,1,0,0,,6,28.57,0,0,0,19,4,5,0,3,312,0,,0,0,0,3,0.0,0,0,0,0,38,1,0,6.5,0,0,0,0,0,0,0,0,0.0,0.0,0,0,2,1,1,3,100.0,0,2,2,100.0,5,6,3,14,7,24.14,11,76,63,125,58.5,2,0,213,1,3,0,Thérence Koudou,Stade de Reims,1392080,1682,france,2324
0,2,16.67,11,1,33.33,20,12,30,83.33,0,0.0,2,7,0,0,0,0,11.0,0,0,1,0,1,6,0,0,2,4,17,0,0,0.17,0.05,1,0,0.0,0.0,0,0,4,3,1,0,0,,13,46.43,0,0,0,6,2,0,0,2,196,1,,0,0,0,0,0.0,0,0,0,0,28,2,0,6.5,0,0,0,0,0,0,0,0,0.0,0.0,0,1,0,0,0,3,27.27,0,5,3,60.0,0,1,11,12,13,43.33,3,34,14,36,39.0,1,0,83,5,1,0,Joel Mugisha Mvuka,Lorient,1027091,1656,france,2324
0,0,0.0,0,0,0.0,1,3,4,100.0,0,0.0,0,1,0,0,0,0,0.0,0,0,0,0,0,1,0,0,0,0,0,0,0,0.0,0.0,0,0,0.0,0.0,0,0,0,0,0,0,0,,0,0.0,0,0,0,0,0,0,0,0,10,0,,0,0,0,0,0.0,0,0,0,0,0,0,0,6.5,0,0,0,0,0,0,0,0,0.0,0.0,0,0,0,0,0,0,0.0,0,0,0,0.0,0,0,0,0,0,0.0,0,1,3,4,6.5,0,0,5,0,0,0,Mamadou Sarr,Olympique Lyonnais,1154657,1649,france,2324
0,1,100.0,3,0,0.0,5,3,7,77.78,0,0.0,0,1,0,0,0,0,0.0,0,0,0,0,0,1,0,0,2,0,2,0,0,0.01,0.0,0,0,0.0,0.0,0,0,0,0,0,0,0,,1,33.33,0,0,0,2,0,0,0,0,16,0,,0,0,0,0,0.0,0,0,0,0,6,0,0,6.5,0,0,0,0,0,0,0,0,0.0,0.0,0,0,0,0,0,0,0.0,0,0,0,0.0,0,1,0,1,1,33.33,1,7,3,9,6.5,0,0,16,1,0,0,Karamoko Dembélé,Stade Brestois,981046,1715,france,2324
0,0,0.0,1,0,0.0,1,1,2,66.67,3,75.0,1,1,0,0,0,0,,0,0,0,0,0,1,0,0,1,1,3,0,0,0.0,0.0,0,0,0.0,,0,0,0,0,0,0,0,,1,33.33,0,0,0,1,0,0,0,0,31,0,,0,0,0,0,0.0,0,0,0,0,4,0,0,6.5,0,0,0,0,0,0,0,0,0.0,0.0,0,0,0,0,0,0,0.0,0,0,0,0.0,0,0,0,0,4,57.14,0,2,1,3,6.5,0,0,9,1,0,0,Ibrahima Kone,Lorient,873630,1656,france,2324
0,0,0.0,1,0,0.0,3,1,4,80.0,1,33.33,2,1,0,0,0,0,3.0,0,0,0,0,1,1,0,0,0,1,3,0,0,0.0,0.0,0,0,0.0,0.0,0,0,0,0,0,0,0,,1,50.0,0,0,0,1,0,0,0,0,9,0,,0,0,0,0,0.0,0,0,0,0,3,0,0,6.5,0,0,0,0,0,0,0,0,0.0,0.0,0,0,0,0,0,0,0.0,0,0,0,0.0,0,0,0,0,2,40.0,0,4,1,5,6.5,0,0,10,1,0,0,Mathis Lambourde,Stade Rennais,1426235,1658,france,2324
1,0,0.0,0,1,50.0,1,3,4,80.0,0,0.0,0,1,0,0,0,0,2.0,0,0,0,0,0,1,0,0,0,0,0,0,0,0.0,0.0,0,0,0.0,0.0,0,0,1,1,0,0,0,-0.72,0,0.0,0,0,0,1,0,0,0,0,23,0,,0,0,0,0,0.0,0,0,0,0,2,0,0,6.5,0,0,0,0,0,0,0,0,0.0,0.0,0,0,0,0,0,0,0.0,0,0,0,0.0,0,1,0,0,0,0.0,2,2,3,5,6.5,0,0,8,0,0,0,Denis Petrić,Nantes,20705,1647,france,2324
4,0,0.0,1,3,75.0,4,22,26,78.79,1,100.0,0,1,0,0,0,0,2.0,0,0,0,0,7,1,0,0,0,2,3,0,0,0.0,0.0,1,0,0.0,0.0,0,0,3,2,1,0,0,,2,40.0,0,0,0,7,0,0,0,1,90,0,,0,0,0,0,0.0,0,0,0,0,7,0,0,6.5,0,0,0,0,0,0,0,0,0.0,0.0,0,0,0,0,0,1,100.0,0,1,0,0.0,0,4,1,0,3,50.0,4,8,25,33,6.5,0,0,45,0,1,0,Aurelien Pelon,Lorient,1486795,1656,france,2324
0,1,100.0,11,1,50.0,19,8,26,68.42,3,37.5,5,5,0,0,0,0,9.0,0,0,0,0,0,5,0,0,5,2,22,0,0,0.19,0.0,5,0,0.0,0.0,0,0,2,2,0,0,0,,12,41.38,0,0,0,12,1,2,0,0,150,0,,0,0,0,0,0.0,0,0,0,0,36,0,0,6.5,0,0,0,0,0,0,0,0,0.0,0.0,0,0,0,0,0,2,28.57,0,5,2,40.0,2,0,7,1,15,40.54,2,27,12,38,32.5,0,0,79,5,0,0,Bassirou N'Diaye,Lorient,1565896,1656,france,2324
10,0,0.0,27,12,54.55,68,64,132,72.53,8,47.06,9,21,1,0,0,0,37.0,1,1,2,0,8,18,0,0,5,15,57,0,0,0.14,0.91,19,0,0.0,0.0,0,1,11,7,4,0,0,,29,37.66,0,0,0,50,7,4,0,3,507,0,,0,0,0,0,0.0,0,0,0,0,75,2,0,6.48,0,0,0,0,0,0,0,0,0.0,0.0,0,2,5,4,1,5,35.71,0,19,10,52.63,4,23,14,1,37,39.36,22,101,82,182,116.7,7,0,292,5,4,0,Leo Leroy,Montpellier,976001,1642,france,2324
0,5,38.46,3,1,100.0,20,14,29,70.73,1,12.5,7,5,0,0,0,0,7.0,0,1,2,0,2,4,0,0,2,1,15,0,0,0.22,0.44,5,0,0.0,0.0,0,0,6,6,0,0,0,,10,55.56,0,0,0,12,1,2,0,1,155,0,,0,0,0,0,0.0,0,0,0,0,29,0,0,6.48,0,0,0,0,0,0,0,0,0.0,0.0,0,3,1,2,0,1,100.0,0,5,1,20.0,2,2,1,13,11,42.31,1,39,15,41,25.9,4,0,85,4,1,0,Malick Mbaye,Metz,1463503,1651,france,2324
2,2,9.52,31,3,17.65,66,79,143,78.14,6,50.0,6,19,1,0,0,0,19.0,1,0,1,0,15,16,0,0,2,7,23,1,0,0.68,0.04,4,0,0.0,0.0,0,1,6,6,0,0,0,,17,50.0,0,0,0,40,6,3,0,2,376,0,,0,0,0,0,0.0,0,0,0,0,86,0,0,6.47,0,0,0,0,0,0,0,0,0.0,0.0,0,0,2,1,0,2,33.33,0,7,6,85.71,3,8,6,21,23,50.0,17,108,96,183,103.5,2,0,311,8,2,0,Romain Perraud,Nice,827519,1661,france,2324
6,0,0.0,0,8,25.81,4,63,67,73.63,2,66.67,1,3,0,0,0,0,21.0,0,0,0,1,2,3,0,0,0,1,2,1,0,0.0,0.0,0,0,0.0,23.0,0,0,6,5,1,0,0,-1.33,1,50.0,0,2,0,24,0,0,0,3,270,0,,0,0,0,0,0.0,0,0,0,0,24,0,1,6.47,0,0,0,4,4,8,0,0,0.0,0.0,0,0,0,0,0,0,0.0,0,0,0,0.0,0,12,0,0,3,60.0,31,18,73,91,19.4,0,0,119,1,0,0,Rémy Riou,Paris FC,13906,6070,france,2324
2,0,0.0,5,7,63.64,33,122,155,94.51,1,50.0,1,6,0,0,0,0,9.0,0,0,0,0,4,5,0,0,0,3,8,0,0,0.01,0.0,3,0,0.0,1.0,0,0,5,5,0,0,0,,2,22.22,0,0,0,9,2,0,0,2,198,0,,0,0,0,0,0.0,0,0,0,0,10,0,0,6.46,0,0,0,0,0,0,0,0,0.0,0.0,0,0,0,0,0,0,0.0,0,1,1,100.0,0,4,1,0,3,27.27,11,39,125,164,32.3,0,0,178,1,0,0,Samuel Umtiti,Lille,96547,1643,france,2324
1,0,0.0,8,5,62.5,15,50,65,87.84,2,50.0,2,6,0,0,0,0,10.0,1,0,0,0,7,6,0,1,0,3,9,0,0,0.03,0.13,3,0,0.0,0.0,0,0,9,9,0,0,0,,7,50.0,0,0,0,9,4,2,0,2,202,0,,0,0,0,0,0.0,0,0,0,0,12,0,0,6.45,1,0,0,0,0,0,0,0,0.0,0.0,0,1,0,1,0,2,66.67,0,3,1,33.33,2,3,3,0,9,50.0,8,20,54,74,38.7,1,0,104,2,0,0,Aboubacar Lô,Metz,991692,1651,france,2324
1,0,0.0,11,1,100.0,14,3,17,85.0,1,14.29,6,7,0,0,0,0,4.0,0,1,0,0,0,5,0,0,2,2,18,0,0,0.03,0.24,3,0,0.0,0.0,0,0,1,1,0,0,0,,7,36.84,0,0,0,3,0,1,0,0,98,0,,0,0,0,0,0.0,0,0,0,0,16,1,0,6.44,0,0,0,0,0,0,0,0,0.0,0.0,0,2,0,2,0,3,37.5,0,3,1,33.33,1,1,8,1,8,30.77,1,17,4,20,32.2,2,0,49,1,2,0,Axel Camblan,Stade Brestois,1135605,1715,france,2324
2,3,42.86,4,2,33.33,21,11,29,76.32,1,50.0,1,3,0,0,0,0,7.0,0,0,0,0,1,3,0,0,0,1,7,0,0,0.22,0.0,2,0,0.0,0.0,0,0,1,1,0,0,0,,4,40.0,0,0,0,9,0,0,0,1,92,0,,0,0,0,0,0.0,0,0,0,0,17,0,0,6.43,0,0,0,0,0,0,0,0,0.0,0.0,0,0,0,0,0,0,0.0,0,2,1,50.0,0,4,3,7,5,41.67,6,32,13,38,19.3,0,0,64,2,1,0,Fabien Centonze,Nantes,802034,1647,france,2324
0,0,0.0,2,0,0.0,3,9,12,100.0,0,0.0,0,1,0,0,0,0,0.0,0,0,0,0,0,1,0,0,0,0,1,0,0,0.0,,0,0,0.0,0.0,0,0,0,0,0,0,0,,0,0.0,0,0,0,0,0,0,0,0,8,0,,0,0,0,0,0.0,0,0,0,0,1,0,0,6.4,0,0,0,0,0,0,0,0,0.0,0.0,0,0,0,0,0,0,0.0,0,0,0,0.0,0,0,1,0,0,0.0,0,3,9,12,6.4,0,0,14,0,0,0,Layvin Kurzawa,Paris Saint-Germain,135775,1644,france,2324
0,0,0.0,0,0,0.0,1,0,1,100.0,0,0.0,0,2,0,0,0,0,0.0,0,0,0,0,0,2,0,0,0,0,1,0,0,0.0,,1,0,0.0,0.0,0,0,0,0,0,0,0,,0,0.0,0,0,0,0,0,0,0,0,21,0,,0,0,0,0,0.0,0,0,0,0,0,0,0,6.4,0,0,0,0,0,0,0,0,0.0,0.0,0,0,0,0,0,0,0.0,0,0,0,0.0,0,0,0,0,0,0.0,0,1,0,1,12.8,0,0,1,0,0,0,Andrej Ilić,Lille,953767,1643,france,2324
2,1,50.0,18,5,71.43,48,55,102,90.27,1,33.33,2,9,0,0,0,0,17.0,0,0,0,0,3,6,0,0,3,3,16,0,0,0.05,,8,0,0.0,0.0,0,0,1,0,1,0,0,,7,33.33,0,0,0,11,1,1,0,1,132,0,,0,0,0,0,0.0,0,0,0,0,23,1,0,6.4,1,0,0,0,0,0,0,0,0.0,0.0,0,0,0,0,0,1,100.0,0,6,2,33.33,1,2,1,2,8,33.33,7,56,59,113,38.4,0,0,142,0,1,1,Ayyoub Bouaddi,Lille,1564180,1643,france,2324
0,0,0.0,3,0,0.0,9,5,14,66.67,1,100.0,0,4,0,0,0,0,4.0,0,1,2,0,1,4,0,0,1,3,7,0,0,0.01,0.43,1,0,0.0,0.0,0,0,5,4,1,0,0,,4,36.36,0,0,0,7,1,0,0,0,80,0,,0,0,0,0,0.0,0,0,0,0,16,0,0,6.4,0,0,0,0,0,0,0,0,0.0,0.0,0,1,3,2,0,4,66.67,0,0,0,0.0,0,0,6,2,5,41.67,2,17,6,21,25.6,4,0,47,0,0,0,Stredair Appuah,Nantes,1405932,1647,france,2324
0,0,0.0,7,1,100.0,9,9,18,81.82,0,0.0,3,3,0,0,0,0,3.0,0,0,1,0,0,3,0,0,2,1,12,0,0,0.03,0.17,1,0,0.0,0.0,0,0,4,3,1,0,0,,2,18.18,0,0,0,4,1,1,0,1,99,0,,0,0,0,0,0.0,0,0,0,0,19,1,0,6.4,0,0,0,0,0,0,0,0,0.0,0.0,0,1,3,1,2,1,16.67,0,0,0,0.0,1,0,6,1,2,14.29,1,14,9,22,19.2,4,0,49,1,0,0,Ilhan Fakili,Clermont Foot,1858278,1680,france,2324
1,1,25.0,4,1,100.0,14,1,14,100.0,0,0.0,0,1,0,0,0,0,0.0,0,0,0,0,2,1,0,0,1,0,1,0,0,0.01,0.11,0,0,0.0,0.0,0,0,3,1,2,0,0,,1,50.0,0,0,0,0,1,0,0,0,45,0,,0,0,0,0,0.0,0,0,0,0,5,0,0,6.4,0,0,0,0,0,0,0,0,0.0,0.0,0,1,0,1,0,0,0.0,0,1,1,100.0,0,1,0,4,1,50.0,1,17,1,14,6.4,1,0,29,0,0,0,Dembo Sylla,Rodez AF,1397569,6925,france,2324
0,0,0.0,2,0,0.0,6,2,8,100.0,0,0.0,0,1,0,0,0,0,0.0,0,0,1,0,0,1,0,0,0,0,1,0,0,0.0,0.06,0,0,0.0,0.0,0,0,0,0,0,0,0,,0,0.0,0,0,0,0,0,0,0,0,15,1,,0,0,0,0,0.0,0,0,0,0,1,0,0,6.4,0,0,0,0,0,0,0,0,0.0,0.0,0,1,0,0,0,0,0.0,0,0,0,0.0,0,0,1,0,0,0.0,0,6,2,8,6.4,1,0,11,0,0,0,Daouda Traore,Nice,1390279,1661,france,2324
0,0,0.0,0,0,0.0,2,0,2,66.67,0,0.0,1,1,0,0,0,0,1.0,0,0,0,0,0,1,0,0,0,0,3,0,0,0.0,0.0,1,0,0.0,0.0,0,0,2,1,1,0,0,,2,50.0,0,0,0,1,0,0,0,0,15,0,,0,0,0,0,0.0,0,0,0,0,3,0,0,6.4,0,0,0,0,0,0,0,0,0.0,0.0,0,0,0,0,0,1,50.0,0,0,0,0.0,0,0,2,0,2,40.0,0,3,0,3,6.4,0,0,7,1,0,0,Royce Openda,Lorient,1634359,1656,france,2324
0,1,100.0,1,0,0.0,2,0,1,100.0,0,0.0,1,1,0,0,0,0,2.0,0,0,0,0,0,1,0,0,1,0,4,0,0,0.0,0.0,1,0,0.0,0.0,0,0,0,0,0,0,0,,1,25.0,0,0,0,0,0,0,0,0,12,0,,0,0,0,0,0.0,0,0,0,0,2,1,0,6.4,0,0,0,0,0,0,0,0,0.0,0.0,0,0,0,0,0,0,0.0,0,0,0,0.0,0,0,1,1,1,20.0,0,2,0,1,6.4,0,0,5,1,0,0,Yanis Issoufou,Montpellier,1426229,1642,france,2324
1,0,0.0,0,0,0.0,4,1,5,100.0,0,0.0,0,2,0,0,0,0,0.0,0,0,0,0,0,2,0,0,0,0,2,0,0,0.0,,0,0,0.0,0.0,0,0,0,0,0,0,0,,0,0.0,0,0,0,0,0,0,0,0,19,0,,0,0,0,0,0.0,0,0,0,0,3,0,0,6.35,0,0,0,0,0,0,0,0,0.0,0.0,0,0,0,0,0,0,0.0,0,0,0,0.0,0,1,2,0,0,0.0,0,4,1,5,12.7,0,0,10,0,0,0,Mohamed Bechikh,RC Strasbourg,1634355,1659,france,2324
0,0,0.0,0,0,0.0,5,1,6,85.71,0,0.0,1,2,0,0,0,0,2.0,0,0,0,0,0,2,0,0,2,1,8,0,0,0.0,0.03,1,0,0.0,0.0,0,0,1,1,0,0,0,,2,22.22,0,0,0,1,2,0,0,0,21,0,,0,0,0,0,0.0,0,0,0,0,7,1,0,6.35,0,0,0,0,0,0,0,0,0.0,0.0,0,1,0,1,0,0,0.0,0,2,0,0.0,0,0,3,0,2,20.0,0,6,1,7,12.7,1,0,21,0,0,0,Sofiane Sidi Ali,Olympique de Marseille,947458,1641,france,2324
0,0,0.0,23,1,20.0,39,34,73,73.0,5,38.46,8,7,0,0,0,0,17.0,1,3,0,0,5,7,0,0,6,3,28,0,0,0.25,0.72,4,0,0.0,0.0,0,0,6,6,0,0,0,,5,20.0,0,0,0,27,2,3,0,4,271,1,,0,0,0,0,0.0,0,0,0,0,63,1,0,6.34,0,0,0,0,0,0,0,0,0.0,0.0,0,4,1,3,2,2,22.22,0,0,0,0.0,3,4,9,6,10,26.32,5,64,42,100,44.4,5,0,161,3,1,0,Diego Moreira,Olympique Lyonnais,1142233,1649,france,2324
5,2,25.0,59,8,47.06,107,102,207,81.18,5,38.46,8,19,0,0,0,0,34.0,0,0,2,0,5,18,0,1,6,12,43,0,0,0.65,0.17,11,0,0.0,0.0,0,0,11,10,1,0,0,,37,51.39,0,0,0,48,4,2,0,6,542,1,,0,0,0,0,0.0,0,0,0,0,74,2,0,6.34,2,0,0,0,0,0,0,0,0.0,0.0,0,1,5,3,1,8,57.14,0,25,17,68.0,2,13,14,8,42,49.41,17,142,121,255,114.1,6,0,350,4,2,1,Rassoul Ndiaye,Le Havre,992026,1662,france,2324
0,0,0.0,0,0,0.0,0,4,4,66.67,0,0.0,0,1,0,0,0,0,1.0,0,0,0,0,0,1,0,0,0,1,2,0,0,0.0,,0,0,0.0,0.0,0,0,1,1,0,0,0,,0,0.0,0,0,0,2,1,0,0,0,10,0,,0,0,0,0,0.0,0,0,0,0,3,0,0,6.3,0,0,0,0,0,0,0,0,0.0,0.0,0,0,0,0,0,0,0.0,0,0,0,0.0,0,0,1,0,0,0.0,2,1,5,6,6.3,0,0,10,0,0,0,Luc Zogbé,Stade Brestois,1499870,1715,france,2324
0,0,0.0,1,0,0.0,5,2,7,87.5,0,0.0,1,1,0,0,0,0,0.0,0,0,0,0,0,1,0,0,0,0,3,0,0,0.0,,1,0,0.0,0.0,0,0,0,0,0,0,0,,0,0.0,0,0,0,1,0,0,0,0,11,0,,0,0,0,0,0.0,0,0,0,0,3,0,0,6.3,0,0,0,0,0,0,0,0,0.0,0.0,0,0,0,0,0,0,0.0,0,0,0,0.0,0,0,1,1,0,0.0,0,7,2,8,6.3,0,0,10,0,0,0,Chaim El Djebali,Olympique Lyonnais,1407658,1649,france,2324
0,0,0.0,4,0,0.0,5,6,11,78.57,1,100.0,0,1,0,0,0,0,1.0,0,0,0,0,0,1,0,0,1,0,2,0,0,0.02,,1,0,0.0,0.0,0,0,1,1,0,0,0,,0,0.0,0,0,0,3,0,1,0,0,13,0,,0,0,0,0,0.0,0,0,0,0,4,0,0,6.3,0,0,0,0,0,0,0,0,0.0,0.0,0,0,0,0,0,0,0.0,0,0,0,0.0,1,0,0,0,1,33.33,0,8,6,14,6.3,0,0,16,0,1,0,Ivan M'Bahia,Clermont Foot,1835698,1680,france,2324
0,0,0.0,1,0,0.0,4,7,11,84.62,0,0.0,0,1,0,0,0,0,2.0,0,0,0,0,2,1,0,0,0,1,4,0,0,0.0,,2,0,0.0,0.0,0,0,1,1,0,0,0,,1,20.0,0,0,0,2,0,0,0,0,24,0,,0,0,0,0,0.0,0,0,0,0,3,0,0,6.3,0,0,0,0,0,0,0,0,0.0,0.0,0,0,0,0,0,0,0.0,0,1,1,100.0,0,0,1,0,1,20.0,0,6,7,13,6.3,0,0,17,0,0,0,Raimane Daou,Olympique de Marseille,1218081,1641,france,2324
0,0,0.0,0,1,9.09,0,11,11,52.38,0,0.0,0,1,0,0,0,0,9.0,0,0,0,0,1,1,0,0,0,0,0,0,0,0.0,,0,0,0.0,4.0,0,0,2,2,0,0,0,-1.03,1,100.0,0,0,0,10,0,0,0,1,90,0,,0,0,0,0,0.0,0,0,0,0,10,0,0,6.3,0,0,0,0,0,1,0,0,0.0,0.0,0,0,0,0,0,0,0.0,0,0,0,0.0,0,0,0,0,1,100.0,11,7,14,21,6.3,0,0,29,0,0,0,Jean-Louis Leca,RC Lens,39224,1648,france,2324
0,0,0.0,0,0,0.0,0,1,1,100.0,0,0.0,0,2,0,0,0,0,0.0,0,0,0,0,1,1,0,0,0,0,1,0,0,0.0,0.0,0,0,0.0,0.0,0,0,1,1,0,0,0,,0,0.0,0,0,0,0,0,0,0,0,10,0,,0,0,0,0,0.0,0,0,0,0,1,0,0,6.3,0,0,0,0,0,0,0,0,0.0,0.0,0,0,0,0,0,0,0.0,0,0,0,0.0,0,0,1,0,0,0.0,0,0,1,1,6.3,0,0,3,0,0,0,Hugo Boutsingkham,Nantes,1405999,1647,france,2324
1,2,20.0,16,3,30.0,43,52,93,72.66,4,40.0,6,5,0,0,0,0,18.0,0,0,0,0,6,5,0,0,1,2,19,0,0,0.49,0.03,7,0,0.0,0.0,0,0,11,9,2,0,0,,16,55.17,0,0,0,35,3,2,0,2,259,0,,0,0,0,2,0.0,0,0,0,0,56,2,0,6.28,0,0,0,0,0,0,0,0,0.0,0.0,0,1,0,1,0,4,50.0,0,8,6,75.0,2,5,8,10,20,51.28,10,68,70,128,31.4,1,0,207,4,2,0,Igor Silva,Lorient,831246,1656,france,2324
0,0,0.0,5,0,0.0,6,5,11,78.57,0,0.0,0,3,0,0,0,0,3.0,0,1,0,0,0,2,0,0,0,0,4,0,0,0.03,0.36,1,0,0.0,0.0,0,0,0,0,0,0,0,,1,20.0,0,0,0,3,1,0,0,0,43,0,,0,0,0,0,0.0,0,0,0,0,9,0,0,6.25,0,0,0,0,0,0,0,0,0.0,0.0,0,1,0,1,0,0,0.0,0,1,1,100.0,0,0,3,1,1,20.0,1,10,5,14,12.5,1,0,23,0,0,0,Tiago Morais,Lille,1067284,1643,france,2324
0,0,0.0,1,0,0.0,6,42,48,87.27,0,0.0,1,1,0,0,0,0,3.0,0,0,0,0,3,1,0,0,0,0,1,0,0,0.0,,1,0,0.0,0.0,0,0,3,2,1,0,0,,4,100.0,0,0,0,7,0,0,0,1,90,1,,0,0,0,0,0.0,0,0,0,0,7,0,0,6.2,0,0,0,0,0,0,0,0,0.0,0.0,0,0,0,0,0,0,0.0,0,4,1,25.0,0,2,0,0,4,80.0,4,8,47,55,6.2,0,0,67,0,0,0,Loris Mouyokolo,Lorient,1094793,1656,france,2324
1,0,0.0,0,0,0.0,0,2,2,66.67,0,0.0,0,1,0,0,0,0,2.0,0,0,0,0,0,1,0,0,0,1,1,0,0,0.0,0.0,0,0,0.0,0.0,0,0,2,1,1,0,0,,1,50.0,0,0,0,1,0,0,0,0,10,0,,0,0,0,0,0.0,0,0,0,0,2,0,0,6.2,0,0,0,0,0,0,0,0,0.0,0.0,0,0,0,0,0,0,0.0,0,0,0,0.0,0,2,0,1,1,50.0,1,2,2,3,6.2,0,0,5,1,0,0,Gino Caoki,Lorient,1634358,1656,france,2324
0,0,0.0,1,0,0.0,1,0,1,33.33,0,0.0,0,1,0,0,0,0,1.0,0,0,0,0,0,1,0,0,1,0,1,0,0,0.0,,0,0,0.0,0.0,0,0,1,1,0,0,0,,0,0.0,0,0,0,2,0,0,0,0,8,0,,0,0,0,0,0.0,0,0,0,0,3,0,0,6.1,0,0,0,0,0,0,0,0,0.0,0.0,0,0,0,0,0,0,0.0,0,0,0,0.0,0,2,0,0,0,0.0,2,3,0,3,6.1,0,0,6,0,0,0,Antonin Cartillier,Stade Brestois,1431926,1715,france,2324
0,0,0.0,0,0,0.0,2,3,5,100.0,0,0.0,0,1,0,0,0,0,1.0,0,0,0,0,1,1,0,1,0,0,1,0,0,0.0,0.0,1,0,0.0,0.0,0,0,1,1,0,0,0,,0,0.0,0,0,0,0,0,0,0,1,9,0,,0,0,0,0,0.0,0,0,0,0,1,0,0,3.0,1,0,0,0,0,0,0,0,0.0,0.0,0,0,0,0,0,0,0.0,0,0,0,0.0,0,0,0,0,0,0.0,0,2,3,5,3.0,0,0,7,0,0,0,Bastien Meupiyou,Nantes,1405973,1647,france,2324
0,0,0.0,0,0,0.0,3,2,5,100.0,0,0.0,0,2,0,0,0,0,0.0,0,0,0,0,0,0,0,0,0,0,0,0,0,0.0,,0,0,0.0,0.0,0,0,0,0,0,0,0,,0,0.0,0,0,0,0,0,0,0,0,3,0,,0,0,0,0,0.0,0,0,0,0,0,0,0,0.0,0,0,0,0,0,0,0,0,0.0,0.0,0,0,0,0,0,0,0.0,0,0,0,0.0,0,0,0,0,0,0.0,0,3,2,5,0.0,0,0,5,0,0,0,Djaoui Cissé,Stade Rennais,1445628,1658,france,2324
0,0,0.0,0,0,0.0,0,0,0,0.0,0,0.0,0,1,0,0,0,0,0.0,0,0,0,0,0,0,0,0,0,0,0,0,0,0.0,0.0,0,0,0.0,0.0,0,0,0,0,0,0,0,,0,0.0,0,0,0,0,0,0,0,0,1,0,,0,0,0,0,0.0,0,0,0,0,0,0,0,0.0,0,0,0,0,0,0,0,0,0.0,0.0,0,0,0,0,0,0,0.0,0,0,0,0.0,0,0,0,0,0,0.0,0,0,0,0,0.0,0,0,0,0,0,0,Aaron Malouda,Lille,1513467,1643,france,2324
0,0,0.0,0,0,0.0,1,0,1,100.0,0,0.0,0,1,0,0,0,0,0.0,0,0,0,0,0,0,0,0,0,0,1,0,0,0.0,0.0,1,0,0.0,0.0,0,0,0,0,0,0,0,,0,0.0,0,0,0,0,0,0,0,0,2,0,,0,0,0,0,0.0,0,0,0,0,2,0,0,0.0,0,0,0,0,0,0,0,0,0.0,0.0,0,0,0,0,0,0,0.0,0,0,0,0.0,0,0,0,0,0,0.0,0,1,0,1,0.0,0,0,3,0,0,0,Ichem Ferrah,Lille,1445607,1643,france,2324
0,0,0.0,0,0,0.0,0,0,0,0.0,0,0.0,0,1,0,0,0,0,0.0,0,0,0,0,0,0,0,0,0,0,0,0,0,0.0,0.0,0,0,0.0,0.0,0,0,0,0,0,0,0,,0,0.0,0,0,0,0,0,0,0,0,1,0,,0,0,0,0,0.0,0,0,0,0,0,0,0,0.0,0,0,0,0,0,0,0,0,0.0,0.0,0,0,0,0,0,0,0.0,0,0,0,0.0,0,0,0,0,0,0.0,0,0,0,0,0.0,0,0,0,0,0,0,Lamine Diack,Nantes,982317,1647,france,2324
0,0,0.0,1,0,0.0,1,0,1,100.0,0,0.0,0,1,0,0,0,0,0.0,0,0,0,0,0,0,0,0,0,0,1,0,0,0.0,0.0,1,0,0.0,0.0,0,0,1,1,0,0,0,,0,0.0,0,0,0,0,0,0,0,0,1,0,,0,0,0,0,0.0,0,0,0,0,0,0,0,0.0,0,0,0,0,0,0,0,0,0.0,0.0,0,0,0,0,0,0,0.0,0,0,0,0.0,0,0,0,0,0,0.0,0,1,0,1,0.0,0,0,1,0,0,0,Noam Mayoka-Tika,Olympique de Marseille,1134471,1641,france,2324
0,0,0.0,1,0,0.0,1,0,1,100.0,0,0.0,0,1,0,0,0,0,0.0,0,0,0,0,0,0,0,0,0,0,0,0,0,0.01,0.0,0,0,0.0,0.0,0,0,0,0,0,0,0,,1,100.0,0,0,0,0,0,0,0,0,1,0,,0,0,0,0,0.0,0,0,0,0,0,0,0,0.0,0,0,0,0,0,0,0,0,0.0,0.0,0,0,0,0,0,0,0.0,0,1,1,100.0,0,0,0,0,1,100.0,0,1,0,1,0.0,0,0,3,0,0,0,Christ Letono,Stade de Reims,1537177,1682,france,2324
