accurateChippedPasses,accurateCrosses,accurateCrossesPercentage,accurateFinalThirdPasses,accurateLongBalls,accurateLongBallsPercentage,accurateOppositionHalfPasses,accurateOwnHalfPasses,accuratePasses,accuratePassesPercentage,aerialDuelsWon,aerialDuelsWonPercentage,aerialLost,appearances,assists,attemptPenaltyMiss,attemptPenaltyPost,attemptPenaltyTarget,ballRecovery,bigChancesCreated,bigChancesMissed,blockedShots,cleanSheet,clearances,countRating,crossesNotClaimed,directRedCards,dispossessed,dribbledPast,duelLost,errorLeadToGoal,errorLeadToShot,expectedAssists,expectedGoals,fouls,freeKickGoal,goalConversionPercentage,goalKicks,goals,goalsAssistsSum,goalsConceded,goalsConcededInsideTheBox,goalsConcededOutsideTheBox,goalsFromInsideTheBox,goalsFromOutsideTheBox,goalsPrevented,groundDuelsWon,groundDuelsWonPercentage,headedGoals,highClaims,hitWoodwork,inaccuratePasses,interceptions,keyPasses,leftFootGoals,matchesStarted,minutesPlayed,offsides,outfielderBlocks,ownGoals,passToAssist,penaltiesTaken,penaltyConceded,penaltyConversion,penaltyFaced,penaltyGoals,penaltySave,penaltyWon,possessionLost,possessionWonAttThird,punches,rating,redCards,rightFootGoals,runsOut,savedShotsFromInsideTheBox,savedShotsFromOutsideTheBox,saves,savesCaught,savesParried,scoringFrequency,setPieceConversion,shotFromSetPiece,shotsFromInsideTheBox,shotsFromOutsideTheBox,shotsOffTarget,shotsOnTarget,successfulDribbles,successfulDribblesPercentage,successfulRunsOut,tackles,tacklesWon,tacklesWonPercentage,totalAttemptAssist,totalChippedPasses,totalContest,totalCross,totalDuelsWon,totalDuelsWonPercentage,totalLongBalls,totalOppositionHalfPasses,totalOwnHalfPasses,totalPasses,totalRating,totalShots,totwAppearances,touches,wasFouled,yellowCards,yellowRedCards,player,team,player id,team id,data_country,data_season
5,0,0.0,1,7,43.75,4,16,20,68.97,0,0.0,0,1,0,0,0,0,,0,0,0,0,2,1,0,0,0,0,0,0,0,0.0,0.0,0,0,0.0,,0,0,1,1,0,0,0,1.52,0,0.0,0,0,0,9,0,0,0,1,90,0,,0,0,0,0,0.0,0,0,0,0,10,0,1,7.8,0,0,0,5,1,7,0,0,0.0,0.0,0,0,0,0,0,0,0.0,0,0,0,0.0,0,9,0,0,0,0.0,16,12,17,29,7.8,0,0,45,0,0,0,Tjark Ernst,Hertha BSC,1019319,2528,germany,2223
185,73,30.42,609,160,72.73,1302,1004,2233,89.68,16,33.33,32,33,6,0,0,0,,11,0,6,8,35,33,0,0,26,34,122,0,2,8.95,2.24,22,1,17.86,,5,11,36,32,4,3,2,,142,61.21,0,0,2,257,41,89,0,32,2815,0,,0,3,1,0,100.0,0,1,0,0,495,38,0,7.73,1,5,0,0,0,0,0,0,563.0,33.33,3,6,22,10,12,13,61.9,0,78,49,62.82,86,279,21,240,158,56.43,220,1672,1058,2490,255.2,28,13,3187,51,4,1,Joshua Kimmich,FC Bayern München,259117,2672,germany,2223
32,74,36.45,340,45,44.12,695,428,1049,80.94,12,36.36,21,31,9,0,0,1,,14,6,13,4,13,31,0,0,34,37,124,0,0,10.94,7.35,17,0,26.67,,12,21,47,44,3,12,0,,82,44.32,0,0,0,247,16,100,3,30,2684,23,,0,1,1,1,0.0,0,0,0,2,486,14,0,7.47,0,9,0,0,0,0,0,0,223.67,0.0,5,32,13,8,24,14,46.67,0,31,16,51.61,99,86,30,203,94,43.12,102,1011,488,1296,231.6,45,9,1891,39,2,0,Jonas Hofmann,Borussia M'gladbach,142390,2527,germany,2223
85,47,40.17,401,79,76.7,784,425,1162,83.0,7,28.0,18,31,8,0,0,0,,14,3,12,5,23,31,0,1,33,25,142,0,0,8.56,5.6,25,1,10.17,,6,14,32,29,3,4,2,,137,52.49,0,0,2,238,17,72,0,28,2454,2,,0,1,1,1,100.0,0,1,0,0,448,22,0,7.42,2,6,0,0,0,0,0,0,409.0,11.11,9,23,36,18,29,53,56.38,0,45,28,62.22,71,118,94,117,144,50.35,103,1040,477,1400,230.0,59,6,2037,39,3,1,Dominik Szoboszlai,RB Leipzig,869856,36360,germany,2223
72,34,25.19,331,77,52.38,559,403,928,78.78,16,47.06,18,33,5,0,0,1,,10,3,20,1,12,33,0,0,28,18,91,0,0,6.2,10.29,7,3,22.73,,15,20,26,20,6,11,4,,102,58.29,1,0,1,250,19,56,2,30,2428,5,,0,1,8,0,87.5,0,7,0,1,457,20,0,7.41,0,12,0,0,0,0,0,0,161.87,20.0,15,34,32,13,33,42,66.67,0,29,16,55.17,55,166,63,135,118,56.46,147,867,446,1178,244.6,66,6,1697,31,2,0,Vincenzo Grifo,SC Freiburg,171961,2538,germany,2223
0,0,0.0,1,0,0.0,1,0,1,100.0,0,0.0,1,2,1,0,0,0,,1,0,0,0,0,1,0,0,0,1,2,0,0,0.11,0.0,0,0,0.0,,0,1,0,0,0,0,0,,0,0.0,0,0,0,0,0,1,0,0,15,0,,0,0,0,0,0.0,0,0,0,0,0,0,0,7.4,0,0,0,0,0,0,0,0,0.0,0.0,0,0,0,0,0,0,0.0,0,0,0,0.0,1,0,0,0,0,0.0,0,1,0,1,7.4,0,0,2,0,0,0,Levin Öztunalı,1. FC Union Berlin,229776,2547,germany,2223
1,3,42.86,3,0,0.0,8,2,7,77.78,0,0.0,0,1,0,0,0,0,,0,0,0,0,0,1,0,0,0,0,1,0,0,0.48,0.02,1,0,0.0,,0,0,0,0,0,0,0,,5,83.33,0,0,0,2,0,2,0,0,28,0,,0,0,0,0,0.0,0,0,0,0,7,0,0,7.4,0,0,0,0,0,0,0,0,0.0,0.0,0,0,1,1,0,3,100.0,0,1,1,100.0,2,2,3,7,5,83.33,0,14,2,9,7.4,1,0,24,1,0,0,Julien Duranville,Borussia Dortmund,1171540,2673,germany,2223
94,7,21.21,443,115,69.28,798,528,1319,83.06,35,51.47,33,31,4,0,0,0,,8,9,13,10,28,31,0,0,58,17,191,0,0,4.91,8.2,41,0,11.94,,8,12,40,30,10,6,2,,234,59.69,0,0,2,269,35,35,2,30,2693,3,,0,1,1,0,100.0,0,1,0,2,471,31,0,7.4,0,6,0,0,0,0,0,0,336.63,0.0,2,42,25,29,25,86,67.19,0,76,42,55.26,34,149,128,33,269,58.48,166,1030,591,1588,229.3,67,4,2305,73,8,0,Jude Bellingham,Borussia Dortmund,991011,2673,germany,2223
74,12,26.67,332,97,60.25,851,1167,2006,89.87,64,65.98,33,30,1,0,0,0,,4,2,7,9,76,30,0,0,2,12,76,0,0,3.9,2.52,28,0,11.76,,4,5,29,25,4,4,0,,87,66.92,0,0,1,226,44,19,0,27,2432,5,,0,0,0,3,0.0,0,0,0,0,295,9,0,7.36,0,4,0,0,0,0,0,0,608.0,0.0,0,19,15,15,12,0,0.0,0,70,41,58.57,19,134,1,45,151,66.52,161,1021,1256,2232,220.8,34,9,2740,17,6,0,Benjamin Pavard,FC Bayern München,787505,2672,germany,2223
62,31,27.19,447,40,47.62,785,550,1304,85.12,5,29.41,12,27,12,0,0,0,,12,2,8,2,22,27,0,0,18,13,70,0,0,7.77,2.71,8,0,12.12,,4,16,41,32,9,3,1,,73,55.73,0,0,0,228,36,58,3,26,2296,2,,0,0,0,0,0.0,0,0,0,1,382,18,0,7.36,0,1,0,0,0,0,0,0,574.0,0.0,6,19,14,10,15,27,58.7,0,36,20,55.56,58,110,46,114,78,52.7,84,1028,618,1532,198.6,33,7,2101,10,4,0,Raphaël Guerreiro,Borussia Dortmund,246999,2673,germany,2223
0,0,0.0,0,0,0.0,0,1,1,50.0,1,50.0,1,1,0,0,0,0,,0,0,0,0,1,1,0,0,0,0,1,0,0,0.0,0.03,0,0,0.0,,0,0,0,0,0,0,0,,3,100.0,0,0,0,1,1,0,0,0,14,0,,0,0,0,0,0.0,0,0,0,0,3,0,0,7.3,0,0,0,0,0,0,0,0,0.0,0.0,0,0,0,0,0,0,0.0,0,3,1,33.33,0,0,0,1,4,80.0,0,1,2,2,7.3,0,0,14,0,1,0,Clinton Mola,VfB Stuttgart,972561,2677,germany,2223
0,0,0.0,0,2,33.33,1,13,14,77.78,1,100.0,0,1,0,0,0,0,,0,0,0,0,2,1,0,0,0,0,0,0,0,0.0,0.0,0,0,0.0,,0,0,1,1,0,0,0,0.01,0,0.0,0,1,0,4,0,0,0,1,90,0,,0,0,0,0,0.0,0,0,0,0,4,0,1,7.3,0,0,0,1,3,5,0,1,0.0,0.0,0,0,0,0,0,0,0.0,0,0,0,0.0,0,1,0,0,1,100.0,6,3,15,18,7.3,0,0,34,0,0,0,Diant Ramaj,Eintracht Frankfurt,981562,2674,germany,2223
37,4,20.0,214,43,63.24,397,184,577,63.83,154,53.85,132,28,5,0,0,0,,5,12,12,4,24,28,0,0,51,10,242,0,0,3.42,12.81,33,0,20.25,,16,21,46,39,7,15,1,,86,43.88,4,0,2,327,1,34,1,28,2479,27,,0,0,5,0,100.0,0,5,0,0,496,24,0,7.3,0,11,0,0,0,0,0,0,154.94,0.0,0,61,18,30,37,31,58.49,0,9,4,44.44,34,78,53,20,240,49.79,68,698,226,904,204.3,79,5,1352,48,4,0,Niclas Füllkrug,SV Werder Bremen,132645,2534,germany,2223
33,42,25.45,239,37,50.0,413,165,536,69.07,25,42.37,34,34,6,0,0,1,,5,9,17,0,38,34,0,0,16,13,86,1,0,6.01,11.3,3,1,12.63,,12,18,57,49,8,10,2,,40,43.48,1,0,0,240,9,52,3,34,2863,12,,0,0,1,0,0.0,0,0,0,1,474,18,0,7.28,0,8,0,0,0,0,0,0,238.58,7.14,14,59,36,34,44,15,42.86,0,8,3,37.5,52,80,35,165,65,43.05,74,729,212,776,247.6,95,4,1296,17,4,0,Marvin Ducksch,SV Werder Bremen,258325,2534,germany,2223
125,39,25.32,248,167,57.59,579,680,1220,83.22,32,50.79,31,32,3,1,1,0,,8,2,9,9,62,32,0,0,22,26,116,0,2,4.85,5.15,33,1,14.29,,5,8,44,37,7,3,2,,132,60.83,0,0,1,246,26,43,5,32,2775,0,,1,1,5,0,60.0,0,3,0,0,418,11,0,7.27,0,0,0,0,0,0,0,0,555.0,16.67,6,7,28,11,15,8,61.54,0,62,31,50.0,42,218,13,154,164,58.57,290,868,752,1466,232.7,35,4,2039,64,5,0,Maximilian Arnold,VfL Wolfsburg,147289,2524,germany,2223
24,22,29.73,286,18,62.07,492,137,607,84.66,11,52.38,10,24,5,0,0,0,,8,4,9,1,6,24,0,0,20,10,81,0,0,6.52,4.63,9,0,16.33,,8,13,11,11,0,7,1,,79,52.67,0,0,1,110,2,42,1,16,1419,5,,0,0,0,0,0.0,0,0,0,1,273,13,0,7.27,1,7,0,0,0,0,0,0,177.38,0.0,0,29,20,22,18,47,58.75,0,11,8,72.73,42,42,80,74,90,52.63,29,630,161,717,174.4,49,4,1092,21,0,1,Kingsley Coman,FC Bayern München,280441,2672,germany,2223
105,1,9.09,186,148,56.27,532,1108,1639,86.81,60,63.83,34,28,5,0,0,0,,5,2,5,8,68,27,0,0,8,16,77,0,1,1.3,1.61,16,0,22.22,,4,9,34,27,7,3,1,,87,66.92,1,0,0,249,32,14,3,27,2255,1,,0,0,0,0,0.0,0,0,0,0,289,3,0,7.27,0,0,0,0,0,0,0,0,563.75,0.0,0,10,8,7,6,11,73.33,0,59,34,57.63,14,201,15,11,147,65.63,263,702,1197,1888,196.2,18,4,2227,17,3,0,Nico Schlotterbeck,Borussia Dortmund,940871,2673,germany,2223
106,2,33.33,127,160,67.8,374,790,1162,83.48,81,70.43,34,28,1,0,0,0,,2,4,7,2,97,28,0,0,5,10,87,0,0,0.94,4.04,24,0,4.17,,2,3,44,37,7,2,0,,89,62.68,2,0,2,230,62,15,0,26,2295,1,,0,0,0,0,0.0,0,0,0,0,312,6,0,7.26,1,0,0,0,0,0,0,0,1147.5,0.0,0,35,13,28,13,16,50.0,0,50,27,54.0,15,185,32,6,170,66.15,236,522,876,1392,203.2,48,7,1952,23,7,1,Konstantinos Mavropanos,VfB Stuttgart,829022,2677,germany,2223
48,74,29.48,293,53,41.73,514,226,666,72.63,10,23.81,32,32,10,0,0,0,,17,0,12,1,23,32,0,0,36,18,150,0,1,8.75,5.97,30,0,11.11,,6,16,38,33,5,6,0,,93,44.08,0,0,1,251,32,72,0,31,2371,1,,0,2,3,1,100.0,0,3,0,1,562,20,0,7.23,1,6,0,0,0,0,0,0,395.17,0.0,6,24,30,20,22,33,48.53,0,21,10,47.62,70,115,68,251,103,40.71,127,889,279,917,231.4,54,4,1609,40,4,1,Florian Kainz,1. FC Köln,78781,2671,germany,2223
20,6,35.29,212,31,75.61,368,125,487,81.85,17,39.53,26,25,4,0,1,0,,8,17,18,3,10,25,0,0,38,5,114,0,0,4.6,14.59,18,2,21.62,,16,20,28,25,3,14,2,,81,47.93,2,0,4,108,8,39,5,20,1898,12,,0,0,4,0,75.0,0,3,0,3,236,11,0,7.23,0,9,0,0,0,0,0,0,118.63,28.57,7,56,18,26,30,38,58.46,0,6,4,66.67,39,31,65,17,98,46.23,41,469,143,595,180.7,74,3,959,37,4,0,Christopher Nkunku,RB Leipzig,769333,36360,germany,2223
53,80,31.37,276,45,50.56,541,382,843,82.16,15,53.57,13,25,7,0,0,0,,7,1,3,1,34,25,0,0,16,11,65,0,0,8.18,1.04,12,1,13.33,,2,9,38,35,3,0,2,,56,51.85,0,0,1,183,19,68,2,22,1956,0,,0,1,0,0,0.0,0,0,0,0,433,7,0,7.23,0,0,0,0,0,0,0,0,978.0,16.67,6,6,9,6,6,17,56.67,0,27,21,77.78,67,103,30,255,71,52.21,89,837,444,1026,180.7,15,5,1688,12,5,0,Borna Sosa,VfB Stuttgart,357584,2677,germany,2223
47,49,29.7,411,59,80.82,690,351,992,83.78,9,27.27,24,32,8,0,0,0,,11,3,7,6,9,32,0,0,35,31,131,1,0,7.82,5.15,9,0,21.43,,9,17,28,21,7,7,2,,91,45.96,0,0,0,192,15,74,4,29,2410,5,,0,1,0,0,0.0,0,0,0,0,442,20,0,7.22,0,4,0,0,0,0,0,0,267.78,0.0,1,25,17,9,26,41,53.95,0,29,20,68.97,73,67,76,165,100,43.29,73,954,395,1184,230.9,42,3,1740,21,2,0,Julian Brandt,Borussia Dortmund,226978,2673,germany,2223
31,8,18.6,182,26,59.09,316,146,454,78.55,2,14.29,12,17,6,0,0,0,,9,0,2,2,6,17,0,0,28,8,95,0,0,3.08,0.75,13,0,14.29,,1,7,15,14,1,1,0,,93,52.84,0,0,0,124,1,40,0,11,1091,1,,0,1,0,0,0.0,0,0,0,0,266,20,0,7.21,0,1,0,0,0,0,0,0,1091.0,0.0,0,4,3,1,4,48,58.54,0,18,10,55.56,39,58,82,43,95,50.0,44,456,165,578,122.5,7,4,889,27,4,0,Florian Wirtz,Bayer 04 Leverkusen,1019322,2681,germany,2223
25,4,12.9,263,14,36.84,430,174,600,77.42,39,60.94,25,27,8,0,0,0,,15,9,10,3,14,27,0,0,20,10,72,0,0,7.07,8.97,9,0,14.89,,7,15,15,11,4,6,1,,40,45.98,1,0,2,175,4,39,4,21,1675,6,,0,0,0,0,0.0,0,0,0,0,288,20,0,7.19,0,2,0,0,0,0,0,0,239.29,0.0,0,41,6,14,23,8,47.06,0,21,12,57.14,39,57,17,31,79,52.32,38,607,199,775,194.2,47,1,1068,11,0,0,Thomas Müller,FC Bayern München,35166,2672,germany,2223
47,3,23.08,258,68,70.1,655,840,1492,88.39,40,64.52,22,32,1,0,0,0,,3,3,8,6,42,32,0,0,20,40,122,0,0,1.83,5.31,34,0,21.88,,7,8,52,44,8,7,0,,113,53.05,1,0,0,196,56,27,0,32,2857,4,,0,0,0,0,0.0,0,0,0,0,268,14,0,7.17,0,6,0,0,0,0,0,0,408.14,0.0,0,20,12,11,13,24,75.0,0,78,43,55.13,27,72,32,13,153,55.64,97,794,907,1688,229.4,32,5,2146,11,5,0,Ellyes Skhiri,1. FC Köln,591706,2671,germany,2223
32,22,23.16,271,27,71.05,495,218,691,79.24,3,13.04,20,33,8,1,0,0,,14,7,19,2,2,33,0,0,42,7,130,0,0,7.05,11.06,18,0,11.25,,9,17,39,36,3,7,2,,88,44.44,0,0,3,181,5,58,7,33,2714,10,,0,0,1,0,0.0,0,0,0,1,423,14,0,7.15,0,2,0,0,0,0,0,0,301.56,0.0,0,52,28,26,35,51,53.13,0,14,8,57.14,58,51,96,95,91,41.18,38,722,245,872,236.0,80,4,1387,24,4,0,Moussa Diaby,Bayer 04 Leverkusen,855817,2681,germany,2223
5,0,0.0,6,17,43.59,9,57,66,74.16,0,0.0,1,2,1,0,0,0,,1,0,0,1,0,2,0,0,0,0,1,0,0,0.03,0.0,0,0,0.0,,0,1,2,2,0,0,0,-0.22,0,0.0,0,0,0,23,0,1,0,2,180,0,,0,0,0,0,0.0,0,0,0,0,24,0,0,7.15,0,0,0,4,0,4,0,0,0.0,0.0,0,0,0,0,0,0,0.0,0,0,0,0.0,1,16,0,0,0,0.0,39,28,61,89,14.3,0,0,106,0,0,0,Ørjan Nyland,RB Leipzig,22209,36360,germany,2223
80,0,0.0,184,140,54.47,734,1608,2342,89.12,111,59.68,75,33,0,0,0,0,,0,3,5,10,128,33,0,0,8,16,122,0,1,0.58,3.03,17,0,14.81,,4,4,39,35,4,4,0,,93,66.43,3,0,0,286,38,6,1,33,2951,3,,1,0,0,0,0.0,0,0,0,0,320,2,0,7.14,0,0,0,0,0,0,0,0,737.75,0.0,1,26,1,12,10,8,57.14,0,51,30,58.82,6,173,14,3,204,62.58,257,896,1735,2628,235.6,27,4,3058,34,3,0,Willi Orbán,RB Leipzig,136924,36360,germany,2223
3,0,0.0,15,4,80.0,26,14,40,63.49,9,50.0,9,3,3,0,0,0,,1,0,1,0,0,3,0,0,3,2,21,0,0,0.26,0.5,6,0,0.0,,0,3,3,3,0,0,0,,4,25.0,0,0,0,23,0,6,0,3,235,0,,0,0,0,0,0.0,0,0,0,0,32,1,0,7.13,0,0,0,0,0,0,0,0,0.0,0.0,0,5,0,3,1,0,0.0,0,3,2,66.67,6,5,1,0,13,38.24,5,46,17,63,21.4,5,0,90,1,1,0,Saša Kalajdžić,VfB Stuttgart,870038,2677,germany,2223
59,0,0.0,32,112,46.28,84,172,256,65.47,1,100.0,0,12,0,0,0,0,,0,0,0,5,16,12,0,0,0,0,0,2,0,0.08,0.0,0,0,0.0,,0,0,13,11,2,0,0,-0.57,2,100.0,0,10,0,135,0,0,0,12,1026,0,,0,0,0,0,0.0,2,0,0,0,138,0,6,7.13,0,0,1,31,12,43,0,11,0.0,0.0,0,0,0,0,0,0,0.0,1,1,0,0.0,0,141,0,0,3,100.0,242,188,203,391,85.6,0,0,520,1,0,0,Ralf Fährmann,FC Schalke 04,14113,2530,germany,2223
4,1,33.33,103,6,66.67,154,69,222,77.62,18,46.15,21,19,2,0,0,1,,3,5,7,1,5,19,0,0,16,1,48,0,0,2.07,6.11,4,0,32.26,,10,12,13,12,1,10,0,,37,57.81,1,0,3,64,0,17,1,14,1117,11,,0,1,1,0,0.0,0,0,0,0,122,9,0,7.13,0,8,0,0,0,0,0,0,111.7,0.0,0,29,2,7,17,20,76.92,0,10,7,70.0,16,7,26,3,55,53.4,9,209,80,286,135.5,31,2,449,7,0,0,Eric Maxim Choupo-Moting,FC Bayern München,21626,2672,germany,2223
86,5,83.33,138,150,63.83,492,971,1458,87.73,71,63.96,40,30,0,0,0,0,,1,3,3,6,95,29,0,0,8,23,93,0,1,1.42,2.18,18,0,5.88,,1,1,22,17,5,1,0,,87,62.14,1,0,0,204,33,12,0,24,2037,2,,0,0,0,0,0.0,0,0,0,0,226,2,0,7.13,0,0,0,0,0,0,0,0,2037.0,0.0,0,16,1,11,3,6,60.0,0,62,34,54.84,12,153,10,6,158,62.95,235,618,1050,1662,206.8,17,4,2001,19,4,0,Mats Hummels,Borussia Dortmund,16632,2673,germany,2223
19,35,25.18,182,21,75.0,307,72,344,68.94,16,24.62,49,34,7,0,0,0,,8,2,21,2,7,34,0,0,35,9,149,0,1,5.65,6.49,29,0,16.42,,11,18,32,31,1,9,2,,67,40.12,0,0,0,155,3,45,1,33,2580,25,,0,0,0,0,0.0,0,0,0,1,392,21,0,7.13,0,10,0,0,0,0,0,0,234.55,0.0,0,45,22,20,26,26,48.15,0,15,5,33.33,45,37,54,139,83,35.78,28,544,94,499,242.4,67,4,990,26,4,0,Sheraldo Becker,1. FC Union Berlin,352544,2547,germany,2223
127,0,0.0,98,262,40.43,224,557,781,66.81,10,83.33,2,29,0,0,0,0,,0,0,0,11,25,29,0,0,0,5,7,0,1,0.23,0.0,0,0,0.0,,0,0,27,26,1,0,0,8.32,4,44.44,0,42,0,388,0,1,0,29,2610,0,,0,0,0,0,0.0,5,0,0,0,392,0,16,7.13,0,0,5,66,26,93,3,15,0.0,0.0,0,0,0,0,0,0,0.0,5,0,0,0.0,1,304,0,0,14,66.67,648,566,603,1169,206.7,0,2,1449,4,2,0,Frederik Rønnow,1. FC Union Berlin,137692,2547,germany,2223
17,10,25.64,255,21,58.33,456,224,670,82.31,11,35.48,20,34,5,0,0,0,,11,10,19,5,5,34,0,0,26,26,132,0,1,4.75,11.16,33,0,17.07,,14,19,21,17,4,14,0,,73,39.46,2,0,3,144,11,36,4,22,1939,9,,0,0,1,2,100.0,0,1,0,2,292,17,0,7.11,0,8,0,0,0,0,0,0,138.5,0.0,1,71,11,22,41,28,48.28,0,35,23,65.71,36,26,58,39,84,38.89,36,596,257,814,241.9,82,4,1223,10,0,0,Serge Gnabry,FC Bayern München,187433,2672,germany,2223
42,0,0.0,1,71,58.2,10,357,367,86.97,3,100.0,0,12,0,0,0,0,,0,0,0,4,8,12,0,0,0,0,0,1,0,0.01,0.23,0,0,0.0,,0,0,11,10,1,0,0,3.84,1,100.0,0,4,0,55,0,0,0,12,1080,0,,0,0,0,0,0.0,2,0,0,0,56,0,4,7.11,0,0,7,22,11,33,1,8,0.0,0.0,0,2,0,1,1,0,0.0,7,0,0,0.0,0,63,0,0,4,100.0,122,39,383,422,85.3,2,1,555,1,0,0,Manuel Neuer,FC Bayern München,8959,2672,germany,2223
86,2,12.5,224,127,74.27,627,1002,1627,91.3,32,65.31,17,29,3,0,0,0,,3,1,8,6,53,28,0,0,8,9,43,0,0,1.59,2.21,8,0,6.06,,2,5,33,24,9,2,0,,39,60.0,0,0,4,155,17,17,1,23,2131,0,,0,0,0,0,0.0,0,0,0,0,195,2,0,7.11,0,1,0,0,0,0,0,0,1065.5,0.0,0,21,12,18,7,9,90.0,0,25,19,76.0,17,128,10,16,71,62.28,171,743,1055,1782,199.0,33,4,2068,5,2,0,Niklas Süle,Borussia Dortmund,168937,2673,germany,2223
10,0,0.0,3,17,48.57,10,20,30,62.5,1,100.0,0,2,0,0,0,0,,0,0,0,0,1,2,0,0,0,0,0,0,0,0.01,0.0,0,0,0.0,,0,0,3,1,2,0,0,0.31,0,0.0,0,3,0,18,0,0,0,1,151,0,,0,0,0,0,0.0,0,0,0,0,18,0,0,7.1,0,0,2,5,6,11,0,0,0.0,0.0,0,0,0,0,0,0,0.0,2,0,0,0.0,0,14,0,0,1,100.0,35,27,21,48,14.2,0,0,77,0,0,0,Michael Zetterer,SV Werder Bremen,190161,2534,germany,2223
113,0,0.0,38,220,43.48,150,576,726,70.97,6,85.71,1,23,0,0,0,0,,0,0,0,5,28,23,0,0,0,1,2,5,0,0.12,0.0,0,0,0.0,,0,0,41,35,6,0,0,0.41,7,87.5,0,18,0,297,0,0,0,23,2070,0,,0,0,0,0,0.0,4,0,2,0,308,0,13,7.1,0,0,18,63,32,97,2,15,0.0,0.0,0,0,0,0,0,0,0.0,18,2,2,100.0,0,239,0,0,13,86.67,506,387,636,1023,163.3,0,3,1319,4,3,0,Rafał Gikiewicz,FC Augsburg,44938,2600,germany,2223
126,1,12.5,156,146,51.41,497,1065,1561,82.94,119,63.3,69,34,1,0,0,0,,0,1,3,13,151,34,0,0,4,14,112,0,3,1.52,1.94,23,0,19.05,,4,5,44,37,7,4,0,,73,62.93,2,0,1,321,35,13,1,34,3060,1,,0,0,0,0,0.0,0,0,0,0,355,3,0,7.1,0,1,0,0,0,0,0,0,765.0,0.0,0,20,1,6,12,2,50.0,0,43,20,46.51,13,244,4,8,192,63.16,284,715,1175,1882,241.3,21,7,2279,28,3,0,Matthias Ginter,SC Freiburg,142259,2538,germany,2223
13,19,27.54,213,14,60.87,358,99,438,80.37,6,35.29,11,26,5,0,0,0,,9,10,16,1,8,26,0,0,40,7,121,0,0,5.21,9.11,12,0,14.06,,9,14,24,19,5,9,0,,103,48.36,0,0,2,107,4,29,0,22,1725,3,,0,1,0,0,0.0,0,0,0,1,298,9,0,7.09,0,8,0,0,0,0,0,0,191.67,0.0,3,45,19,18,30,51,50.0,0,13,5,38.46,28,25,102,69,109,47.39,23,492,122,545,184.3,64,4,993,39,0,0,Donyell Malen,Borussia Dortmund,803039,2673,germany,2223
23,0,0.0,54,46,34.59,215,758,973,82.74,89,64.96,48,21,2,0,0,0,,3,1,3,5,102,21,0,0,2,15,94,0,0,0.79,1.59,29,0,0.0,,0,2,24,21,3,0,0,,59,56.19,0,0,0,203,42,4,0,21,1806,2,,0,0,0,0,0.0,0,0,0,0,215,4,0,7.09,0,0,0,0,0,0,0,0,0.0,0.0,0,14,0,7,4,4,80.0,0,35,22,62.86,4,74,5,3,148,61.16,133,342,837,1176,148.8,14,3,1471,20,3,0,Jeff Chabot,1. FC Köln,863271,2671,germany,2223
48,5,16.13,192,55,35.48,427,542,964,77.74,70,63.06,41,28,1,0,0,0,,4,1,8,8,90,28,0,0,18,13,112,1,0,2.65,5.32,25,0,14.63,,6,7,39,37,2,6,0,,88,55.35,1,0,2,276,36,15,5,28,2485,3,,1,0,2,0,100.0,0,2,0,1,403,2,0,7.08,1,0,0,0,0,0,0,0,414.17,0.0,3,29,12,18,15,12,42.86,0,34,21,61.76,15,124,28,31,158,58.52,155,633,638,1240,198.3,41,4,1973,44,5,1,Ramy Bensebaini,Borussia M'gladbach,577726,2527,germany,2223
14,3,12.0,193,12,52.17,295,123,415,67.04,60,42.86,80,32,11,0,0,0,,11,14,15,0,13,32,0,0,65,8,269,0,0,5.84,13.24,50,0,19.48,,15,26,39,37,2,14,1,,156,45.22,3,0,3,204,3,41,4,31,2646,21,,0,0,2,0,100.0,0,2,0,3,480,32,0,7.08,1,8,0,0,0,0,0,0,176.4,0.0,0,67,10,30,32,71,51.08,0,14,10,71.43,41,26,139,25,216,44.54,23,485,159,619,226.5,77,3,1238,71,4,1,Randal Kolo Muani,Eintracht Frankfurt,871706,2674,germany,2223
110,43,27.56,368,94,47.0,679,414,1050,74.1,11,20.75,42,32,3,0,0,0,,8,0,15,1,19,32,0,0,35,63,200,1,0,7.75,4.43,41,0,10.42,,5,8,62,56,6,4,1,,160,50.31,0,0,2,367,26,69,5,29,2609,0,,0,1,3,0,100.0,0,3,0,0,597,21,0,7.08,0,0,0,0,0,0,0,0,521.8,0.0,7,16,32,19,14,22,51.16,0,84,45,53.57,68,220,43,156,171,46.09,200,1102,471,1417,226.5,48,2,2049,54,3,0,Kevin Stöger,VfL Bochum 1848,95381,2542,germany,2223
10,1,7.69,147,7,38.89,226,68,293,56.56,142,48.46,151,30,4,0,0,0,,4,12,10,1,9,30,0,0,22,18,233,0,0,2.63,9.99,25,0,14.93,,10,14,26,20,6,10,0,,72,46.75,4,0,2,225,5,25,6,27,2170,13,,0,1,0,0,0.0,0,0,0,1,337,20,0,7.07,0,0,0,0,0,0,0,0,217.0,0.0,1,56,11,19,38,11,37.93,0,19,12,63.16,24,20,29,13,214,47.87,18,438,93,518,212.1,67,6,865,43,6,0,Michael Gregoritsch,SC Freiburg,111483,2538,germany,2223
47,0,0.0,18,154,47.53,62,688,750,81.08,6,100.0,0,27,0,0,0,0,,0,0,0,11,13,27,0,0,0,1,1,2,0,0.08,0.0,0,0,0.0,,0,0,32,25,7,0,0,2.88,3,75.0,0,14,0,175,0,0,0,27,2430,0,,1,0,0,0,0.0,1,0,0,0,179,0,6,7.07,0,0,13,61,27,88,0,22,0.0,0.0,0,0,0,0,0,1,100.0,13,0,0,0.0,0,108,1,0,9,90.0,324,188,737,925,190.8,0,3,1177,4,0,0,Gregor Kobel,Borussia Dortmund,556866,2673,germany,2223
67,1,50.0,224,99,62.66,664,1232,1895,91.33,96,59.63,65,31,1,0,0,0,,1,0,6,7,80,31,0,0,3,9,99,0,0,0.8,1.14,19,0,13.04,,3,4,27,25,2,1,2,,49,59.04,1,0,0,180,23,6,0,27,2410,2,,0,0,0,2,0.0,0,0,0,0,205,10,0,7.06,0,2,0,0,0,0,0,0,803.33,0.0,0,17,6,9,8,0,0.0,0,32,23,71.88,6,114,4,2,145,59.43,158,771,1306,2075,219.0,23,4,2359,17,4,0,Matthijs de Ligt,FC Bayern München,803031,2672,germany,2223
2,0,0.0,97,3,42.86,150,65,215,70.49,42,51.22,40,19,3,0,0,1,,5,8,7,1,10,19,0,0,15,4,78,0,0,1.5,8.47,13,0,26.47,,9,12,14,12,2,9,0,,28,42.42,1,0,0,90,1,16,2,15,1232,4,,0,0,1,0,0.0,0,0,0,1,134,8,0,7.06,0,6,0,0,0,0,0,0,136.89,0.0,0,33,1,7,20,9,56.25,0,5,4,80.0,16,7,16,3,70,47.3,7,225,83,305,134.2,34,2,462,14,1,0,Sébastien Haller,Borussia Dortmund,149731,2673,germany,2223
8,3,27.27,342,15,51.72,551,297,845,85.35,12,50.0,12,33,10,0,0,0,,11,7,23,1,3,33,0,0,70,22,188,0,0,5.38,8.02,23,0,18.46,,12,22,29,26,3,9,3,,154,46.67,0,0,2,145,19,53,3,26,2217,1,,0,1,0,0,0.0,0,0,0,1,377,24,0,7.05,0,9,0,0,0,0,0,0,184.75,0.0,0,47,18,16,26,77,55.0,0,34,23,67.65,52,16,140,11,166,46.89,29,683,318,990,232.8,65,4,1589,43,1,0,Jamal Musiala,FC Bayern München,1010231,2672,germany,2223
43,1,10.0,111,49,41.88,265,490,754,79.96,61,55.45,49,25,1,0,0,0,,0,0,1,9,89,25,0,0,3,12,84,0,0,0.72,1.88,20,0,29.41,,5,6,26,25,1,5,0,,55,61.11,5,0,0,189,29,7,0,25,2218,0,,0,0,0,1,0.0,0,0,0,1,213,5,0,7.05,0,0,0,0,0,0,0,0,443.6,0.0,0,15,2,6,10,3,75.0,0,38,23,60.53,7,98,4,10,116,58.0,117,403,550,943,176.2,17,3,1231,14,0,0,Danilho Doekhi,1. FC Union Berlin,830803,2547,germany,2223
19,2,18.18,195,19,45.24,307,140,445,77.39,8,32.0,17,23,5,0,0,0,,9,2,11,1,5,23,0,0,30,8,95,0,0,5.1,2.96,17,0,4.65,,2,7,16,13,3,2,0,,93,54.39,0,0,1,130,6,38,0,15,1287,1,,0,0,0,0,0.0,0,0,0,0,247,18,0,7.04,0,2,0,0,0,0,0,0,643.5,0.0,0,17,26,16,16,38,61.29,0,15,9,60.0,38,41,62,11,101,51.53,42,423,163,575,162.0,43,1,900,40,2,0,Dani Olmo,RB Leipzig,789071,36360,germany,2223
67,18,15.65,271,65,36.11,542,614,1138,79.64,56,62.92,33,32,2,0,0,0,,2,0,7,5,68,32,0,0,19,47,137,0,1,4.31,1.8,23,0,0.0,,0,2,50,42,8,0,0,,222,68.1,0,0,1,291,38,32,0,32,2825,1,,0,0,0,1,0.0,0,0,0,0,524,16,0,7.04,0,0,0,0,0,0,0,0,0.0,0.0,0,18,7,13,5,33,68.75,0,112,66,58.93,32,163,48,115,278,66.99,180,829,715,1429,225.3,25,2,2398,77,3,0,Jonas Hector,1. FC Köln,124544,2671,germany,2223
29,19,27.94,149,40,36.04,334,377,692,75.22,27,42.19,37,25,5,0,0,0,,7,0,6,6,64,25,0,0,7,22,108,1,0,3.26,0.82,25,0,0.0,,0,5,26,23,3,0,0,,134,65.37,0,0,0,228,28,23,0,25,2050,0,,1,0,0,0,0.0,0,0,0,0,370,2,0,7.04,0,0,0,0,0,0,0,0,0.0,0.0,0,6,13,12,1,22,53.66,0,72,46,63.89,23,82,41,68,161,59.85,111,541,447,920,176.0,19,1,1586,40,7,0,Paulo Otávio,VfL Wolfsburg,552180,2524,germany,2223
29,2,40.0,202,33,52.38,484,531,1013,85.41,13,48.15,14,25,2,0,0,0,,1,0,5,1,25,25,0,0,24,19,84,0,0,1.58,2.99,23,0,20.0,,4,6,25,23,2,3,1,,109,60.89,0,0,0,173,33,15,0,19,1662,1,,0,0,3,1,100.0,0,3,0,0,230,10,0,7.03,0,4,0,0,0,0,0,0,415.5,0.0,0,7,13,8,7,10,66.67,0,59,36,61.02,15,67,15,5,122,59.22,63,598,593,1186,175.8,20,3,1521,40,4,0,Exequiel Palacios,Bayer 04 Leverkusen,822600,2681,germany,2223
48,0,0.0,30,99,38.37,72,229,301,65.15,8,100.0,0,11,0,0,0,0,,0,0,0,1,11,11,0,0,0,0,0,0,0,0.05,0.0,0,0,0.0,,0,0,22,19,3,0,0,1.72,1,100.0,0,9,0,161,0,0,0,11,990,0,,0,0,0,0,0.0,0,0,0,0,161,0,4,7.03,0,0,6,27,18,46,0,15,0.0,0.0,0,0,0,0,0,0,0.0,6,0,0,0.0,0,128,0,0,9,100.0,258,209,253,462,77.3,0,2,582,1,0,0,Tomáš Koubek,FC Augsburg,124294,2600,germany,2223
28,1,25.0,215,71,66.98,519,627,1145,89.73,31,67.39,15,27,1,0,0,0,,2,1,4,6,37,26,0,0,11,21,83,0,1,1.44,1.67,30,0,12.5,,2,3,30,22,8,1,1,,96,58.54,0,0,1,131,25,20,0,20,1907,0,,0,0,1,0,100.0,0,1,0,0,169,13,0,7.02,0,2,0,0,0,0,0,0,953.5,0.0,0,6,10,9,3,13,65.0,0,57,28,49.12,20,50,20,4,127,60.48,106,611,669,1276,182.6,16,0,1565,26,8,0,Emre Can,Borussia Dortmund,138156,2673,germany,2223
14,0,0.0,174,9,56.25,292,141,433,58.99,213,55.04,174,34,2,0,0,0,,4,5,14,3,48,34,0,0,37,7,268,0,0,3.18,8.8,46,0,15.38,,8,10,60,54,6,8,0,,68,41.98,3,0,2,301,6,27,3,31,2642,16,,0,0,0,0,0.0,0,0,0,0,407,28,0,7.02,0,2,0,0,0,0,0,0,330.25,0.0,0,42,10,17,21,9,47.37,0,18,11,61.11,27,17,19,4,281,51.18,16,566,172,734,238.7,52,1,1081,41,5,0,Philipp Hofmann,VfL Bochum 1848,340719,2542,germany,2223
12,1,25.0,77,14,77.78,145,97,241,59.36,91,51.7,85,17,1,0,0,0,,3,4,8,0,8,17,0,0,13,8,133,0,0,1.59,4.64,23,0,18.75,,6,7,22,22,0,5,1,,32,40.0,1,0,0,165,1,13,3,15,1219,5,,0,0,0,0,0.0,0,0,0,0,236,9,0,7.02,0,2,0,0,0,0,0,0,203.17,0.0,0,25,7,9,15,7,63.64,0,6,5,83.33,13,19,11,4,123,48.05,18,294,116,406,119.3,32,1,595,19,5,0,Ludovic Ajorque,1. FSV Mainz 05,343971,2556,germany,2223
195,0,0.0,113,329,44.76,213,706,919,68.53,7,100.0,0,34,0,0,0,0,,2,0,0,13,22,34,0,0,0,1,1,2,3,0.28,0.0,0,0,0.0,,0,0,44,37,7,0,0,2.86,6,85.71,0,30,0,422,0,4,0,34,3060,0,,0,0,0,0,0.0,6,0,0,0,433,0,13,7.02,0,0,9,71,35,109,1,22,0.0,0.0,0,0,0,0,0,3,100.0,9,0,0,0.0,4,369,3,0,13,92.86,735,566,775,1341,238.6,0,1,1649,3,0,0,Mark Flekken,SC Freiburg,171919,2538,germany,2223
8,3,27.27,140,3,37.5,263,152,412,75.18,41,40.2,61,30,6,0,0,0,,7,19,14,5,21,30,0,0,50,7,178,0,0,3.12,16.55,34,0,14.13,,13,19,41,38,3,12,1,,99,45.83,1,0,3,136,6,30,6,28,2516,18,,0,1,0,0,0.0,0,0,0,0,349,17,0,7.02,0,6,0,0,0,0,0,0,193.54,0.0,0,85,7,34,44,41,56.16,0,14,7,50.0,29,16,73,11,140,44.03,8,384,175,548,210.5,92,4,1074,44,3,0,Marcus Thuram,Borussia M'gladbach,791702,2527,germany,2223
53,27,36.0,241,53,44.54,424,296,693,70.0,25,45.45,30,30,9,0,0,0,,17,2,5,1,30,30,0,0,41,37,199,1,0,6.93,2.56,36,0,7.14,,2,11,56,48,8,2,0,,171,50.29,0,0,1,297,28,40,2,29,2520,5,,0,0,0,0,0.0,0,0,0,1,570,23,0,7.02,0,0,0,0,0,0,0,0,1260.0,0.0,0,19,9,15,8,43,42.57,0,71,43,60.56,40,135,101,75,196,49.62,119,691,374,990,210.5,28,1,1920,57,7,0,Mitchell Weiser,SV Werder Bremen,138150,2534,germany,2223
28,0,0.0,86,45,45.0,372,1047,1419,91.02,43,59.72,29,24,2,0,0,0,,0,0,3,6,92,23,0,2,2,14,57,0,0,0.64,0.62,11,0,0.0,,0,2,30,28,2,0,0,,50,64.1,0,0,0,140,27,4,0,22,1982,0,,0,0,0,1,0.0,0,0,0,0,158,2,0,7.01,2,0,0,0,0,0,0,0,0.0,0.0,0,8,3,4,4,8,88.89,0,29,17,58.62,4,75,9,2,93,62.0,100,461,1100,1559,161.3,11,0,1829,14,1,0,Ko Itakura,Borussia M'gladbach,790989,2527,germany,2223
77,54,30.17,204,78,37.86,430,354,730,68.16,16,37.21,27,33,9,0,0,0,,16,0,11,5,52,33,0,0,15,14,79,0,0,7.72,1.08,12,0,0.0,,0,9,51,48,3,0,0,,81,60.9,0,0,0,341,25,51,0,30,2622,7,,0,1,0,0,0.0,0,0,0,0,589,14,0,7.0,0,0,0,0,0,0,0,0,0.0,0.0,4,10,11,6,4,13,54.17,0,40,24,60.0,50,216,24,179,97,55.11,206,811,439,1071,231.1,21,1,1864,29,2,0,Angeliño,TSG Hoffenheim,848355,2569,germany,2223
12,1,14.29,159,36,52.94,302,229,530,76.7,44,58.67,31,30,5,0,0,0,,6,4,11,2,30,30,0,0,13,18,100,0,0,1.58,2.75,29,0,8.11,,3,8,25,21,4,3,0,,105,60.34,3,0,3,161,25,20,0,19,1847,1,,0,0,0,0,0.0,0,0,0,1,241,15,0,7.0,0,0,0,0,0,0,0,0,615.67,0.0,0,23,14,17,9,26,66.67,0,41,24,58.54,20,41,39,7,149,59.84,68,427,271,691,210.0,37,2,1041,38,3,0,Felix Nmecha,VfL Wolfsburg,907463,2524,germany,2223
0,0,0.0,3,0,0.0,5,5,10,76.92,0,0.0,1,1,1,0,0,0,,0,0,0,0,0,1,0,0,0,0,1,0,0,0.06,0.0,0,0,0.0,,0,1,0,0,0,0,0,,0,0.0,0,0,0,3,0,2,0,0,18,0,,0,0,0,0,0.0,0,0,0,0,3,0,0,7.0,0,0,0,0,0,0,0,0,0.0,0.0,0,0,0,0,0,0,0.0,0,0,0,0.0,2,0,0,0,0,0.0,0,8,5,13,7.0,0,0,14,0,0,0,Gabriel Vidović,FC Bayern München,1129940,2672,germany,2223
21,8,14.81,55,22,44.9,113,108,213,72.7,5,62.5,3,9,0,0,0,0,,1,0,2,0,11,9,0,0,5,0,27,0,1,0.87,0.57,8,0,0.0,,0,0,7,6,1,0,0,,32,57.14,0,0,1,80,7,8,0,7,558,0,,0,0,0,0,0.0,0,0,0,0,169,5,0,7.0,0,0,0,0,0,0,0,0,0.0,0.0,3,4,10,10,2,11,47.83,0,13,8,61.54,8,48,23,54,37,57.81,49,214,133,293,63.0,14,0,546,8,1,0,Luca Pellegrini,Eintracht Frankfurt,826186,2674,germany,2223
3,1,50.0,8,3,50.0,16,10,25,78.13,1,50.0,1,3,0,0,0,0,,1,0,0,0,1,3,0,0,1,0,2,0,0,0.21,0.0,0,0,0.0,,0,0,0,0,0,0,0,,6,85.71,0,0,0,7,0,2,0,0,61,0,,0,0,0,0,0.0,0,0,0,0,12,0,0,7.0,0,0,0,0,0,0,0,0,0.0,0.0,0,0,0,0,0,1,100.0,0,4,3,75.0,2,5,1,2,7,77.78,6,22,12,32,21.0,0,0,52,1,0,0,Felix Passlack,Borussia Dortmund,795000,2673,germany,2223
25,0,0.0,241,29,53.7,450,373,823,82.8,46,66.67,23,27,2,0,0,0,,7,4,15,2,31,27,0,0,11,21,84,0,0,2.55,4.74,23,0,7.5,,3,5,23,22,1,2,1,,71,53.79,1,0,0,171,30,21,0,22,1741,3,,0,0,0,0,0.0,0,0,0,0,224,16,0,7.0,0,2,0,0,0,0,0,0,580.33,0.0,0,23,17,12,13,9,60.0,0,43,24,55.81,21,55,15,10,117,58.21,54,572,432,994,188.9,40,0,1320,19,5,0,Leon Goretzka,FC Bayern München,184661,2672,germany,2223
34,42,23.33,127,31,27.43,262,203,423,66.82,23,54.76,19,25,6,0,0,0,,3,1,2,7,45,25,0,0,8,11,59,0,0,3.18,0.73,17,0,0.0,,0,6,24,24,0,0,0,,46,53.49,0,0,1,210,25,35,0,20,1818,1,,0,0,0,1,0.0,0,0,0,0,417,4,0,7.0,0,0,0,0,0,0,0,0,0.0,0.0,1,10,4,9,3,8,61.54,0,31,16,51.61,35,104,13,180,69,53.91,113,549,264,633,174.9,14,1,1233,7,1,0,Christopher Trimmel,1. FC Union Berlin,48557,2547,germany,2223
70,0,0.0,97,119,52.42,361,997,1358,85.36,64,61.54,40,29,0,0,0,0,,0,1,3,12,94,29,0,0,1,14,72,0,0,0.52,1.4,17,0,5.88,,1,1,30,24,6,1,0,,64,66.67,1,0,0,233,35,3,0,27,2498,1,,0,0,0,0,0.0,0,0,0,0,263,1,0,6.99,0,0,0,0,0,0,0,0,2498.0,0.0,0,11,6,11,3,4,100.0,0,29,18,62.07,3,144,4,1,128,64.0,227,499,1093,1591,202.8,17,2,1908,31,3,0,Philipp Lienhart,SC Freiburg,576266,2538,germany,2223
17,23,31.08,64,17,38.64,129,107,213,69.38,3,30.0,7,12,1,0,0,0,,1,1,2,4,19,12,0,0,3,11,26,0,1,1.73,1.61,2,1,28.57,,2,3,9,8,1,1,1,,20,51.28,0,0,1,94,6,22,0,10,933,3,,0,0,1,0,100.0,0,1,0,0,188,4,0,6.99,0,2,0,0,0,0,0,0,466.5,50.0,2,3,4,3,2,7,63.64,0,9,7,77.78,22,43,11,74,23,46.94,44,245,136,307,83.9,7,0,578,4,0,0,Josip Juranović,1. FC Union Berlin,791642,2547,germany,2223
65,2,28.57,301,83,58.45,566,600,1164,79.67,75,58.14,54,33,4,0,0,0,,7,5,8,2,60,33,0,0,52,46,209,0,0,3.91,3.8,40,0,11.11,,5,9,54,46,8,2,3,,152,49.51,0,0,0,297,26,46,1,33,2925,3,,0,0,0,0,0.0,0,0,0,1,435,21,0,6.99,0,4,0,0,0,0,0,0,585.0,0.0,0,28,17,21,16,28,58.33,0,70,36,51.43,46,125,48,7,227,52.06,142,760,708,1461,230.7,45,0,2009,55,3,0,Wataru Endo,VfB Stuttgart,143040,2677,germany,2223
10,17,28.33,90,11,40.74,161,128,272,80.47,5,45.45,6,10,1,0,0,0,,4,0,3,0,11,10,0,0,3,11,29,0,0,2.36,0.68,6,0,0.0,,0,1,13,13,0,0,0,,17,42.5,0,0,0,66,3,16,0,8,697,1,,0,0,0,0,0.0,0,0,0,0,130,4,0,6.99,0,0,0,0,0,0,0,0,0.0,0.0,2,5,4,3,3,3,50.0,0,12,9,75.0,16,27,6,60,22,43.14,27,248,150,338,69.9,9,1,553,2,1,0,Philipp Max,Eintracht Frankfurt,142672,2674,germany,2223
100,5,100.0,126,148,48.05,362,967,1324,81.28,56,50.0,56,32,3,0,1,0,,2,2,2,13,137,32,0,0,7,23,100,0,0,1.13,2.39,14,0,20.0,,2,5,32,31,1,2,0,,78,63.93,1,0,1,305,38,5,0,32,2874,0,,0,0,2,1,50.0,0,1,0,0,334,1,0,6.99,0,1,0,0,0,0,0,0,1437.0,0.0,0,10,0,6,2,11,91.67,0,45,29,64.44,5,209,12,5,134,57.26,308,566,1068,1629,223.6,10,2,2024,23,4,0,Robin Knoche,1. FC Union Berlin,130433,2547,germany,2223
186,0,0.0,60,364,50.98,187,851,1038,74.09,5,83.33,1,34,0,0,0,0,,1,0,0,12,21,34,1,0,0,0,1,1,0,0.1,0.07,0,0,0.0,,0,0,48,41,7,0,0,-3.8,2,100.0,0,27,0,363,1,1,0,34,3060,0,,0,0,0,0,0.0,7,0,1,0,365,0,11,6.99,0,0,14,62,40,103,1,20,0.0,0.0,0,1,0,1,0,0,0.0,14,0,0,0.0,1,375,0,0,7,87.5,714,482,919,1401,237.5,1,4,1752,3,0,0,Koen Casteels,VfL Wolfsburg,70987,2524,germany,2223
122,14,26.42,193,183,50.41,570,1086,1642,82.97,38,55.88,30,30,1,0,0,0,,4,0,5,2,84,30,0,0,6,17,75,0,0,2.75,0.82,16,0,4.76,,1,2,43,34,9,1,0,,64,58.72,0,0,0,337,40,20,1,29,2561,3,,0,0,0,0,0.0,0,0,0,0,427,0,0,6.98,0,0,0,0,0,0,0,0,2561.0,0.0,2,5,16,9,7,5,45.45,0,40,29,72.5,20,260,11,53,102,57.63,363,828,1204,1979,209.4,21,0,2428,19,5,0,Hiroki Itō,VfB Stuttgart,873106,2677,germany,2223
13,18,27.27,155,10,37.04,243,75,300,65.5,22,41.51,31,26,8,0,0,0,,10,6,5,0,11,26,0,0,30,26,160,0,0,5.56,4.41,42,0,12.9,,4,12,26,20,6,4,0,,96,42.67,0,0,0,158,15,38,2,23,1664,7,,0,0,0,0,0.0,0,0,0,2,334,15,0,6.97,0,2,0,0,0,0,0,0,416.0,0.0,0,28,3,12,14,26,44.07,0,38,25,65.79,38,26,59,66,118,42.45,27,416,108,458,181.3,31,1,913,32,7,0,Patrick Wimmer,VfL Wolfsburg,987504,2524,germany,2223
42,2,50.0,150,53,48.62,470,743,1211,83.86,56,56.57,43,29,2,0,0,0,,1,1,7,8,53,29,0,0,4,19,99,0,2,0.86,1.64,35,0,6.67,,2,4,38,36,2,1,1,,86,60.56,0,0,1,233,42,18,1,28,2409,0,,1,0,0,0,0.0,0,0,0,0,262,3,0,6.97,0,1,0,0,0,0,0,0,1204.5,0.0,1,10,20,14,9,5,83.33,0,61,38,62.3,18,86,6,4,142,58.92,109,606,842,1444,202.2,30,0,1770,20,8,0,Robert Andrich,Bayer 04 Leverkusen,168903,2681,germany,2223
23,9,47.37,184,29,70.73,339,284,614,81.65,10,25.64,29,29,7,0,0,0,,9,7,11,1,17,29,0,0,27,18,111,0,0,3.46,5.05,30,0,16.0,,8,15,30,28,2,4,4,,70,46.05,1,0,0,138,11,40,2,20,1743,8,,0,0,0,0,0.0,0,0,0,0,223,8,0,6.97,0,5,0,0,0,0,0,0,217.88,0.0,3,25,25,17,22,8,42.11,0,24,14,58.33,40,37,19,19,80,41.88,41,451,320,752,202.1,50,2,1056,39,9,0,Lars Stindl,Borussia M'gladbach,23996,2527,germany,2223
21,8,25.0,185,22,39.29,335,224,551,74.36,39,45.88,46,34,4,0,0,0,,4,3,11,1,15,34,0,0,25,20,114,0,0,3.61,4.3,18,0,20.0,,7,11,33,29,4,7,0,,88,56.41,3,0,2,190,17,27,3,24,1908,6,,0,0,0,0,0.0,0,0,0,0,299,20,0,6.96,0,1,0,0,0,0,0,0,272.57,0.0,0,26,9,7,17,25,80.65,0,38,17,44.74,27,48,31,32,127,52.7,56,504,269,741,236.7,35,2,1103,25,2,0,Jae-sung Lee,1. FSV Mainz 05,537552,2556,germany,2223
32,7,20.0,181,34,52.31,348,280,621,85.07,16,57.14,12,15,4,0,0,0,,5,1,5,2,15,15,0,0,9,13,70,0,0,2.8,0.67,10,0,8.33,,1,5,16,14,2,1,0,,72,55.38,0,0,0,109,15,13,0,11,1013,3,,0,0,0,0,0.0,0,0,0,0,209,4,0,6.96,0,1,0,0,0,0,0,0,1013.0,0.0,0,8,4,3,4,34,56.67,0,23,14,60.87,13,64,60,35,88,55.7,65,448,317,730,104.4,12,1,1076,15,3,0,João Cancelo,FC Bayern München,138892,2672,germany,2223
56,8,17.02,287,48,69.57,478,297,767,82.83,8,33.33,16,32,3,1,0,1,,1,6,15,0,10,32,0,0,33,10,88,0,0,2.78,13.24,9,1,19.05,,12,15,45,43,2,11,1,,69,48.94,2,0,3,159,6,35,4,26,2393,9,,0,1,6,0,66.67,0,4,0,0,329,12,0,6.96,0,6,0,0,0,0,0,0,199.42,25.0,4,48,15,22,26,28,56.0,0,5,2,40.0,34,82,50,47,77,46.67,69,644,329,926,222.7,63,3,1332,36,3,0,Andrej Kramarić,TSG Hoffenheim,67647,2569,germany,2223
18,1,9.09,123,7,43.75,202,110,311,66.31,71,59.17,49,26,2,0,0,0,,2,3,4,0,17,26,0,0,14,16,107,0,0,1.98,3.27,21,0,16.67,,5,7,23,21,2,5,0,,66,53.23,2,0,1,158,10,13,2,16,1514,9,,0,0,0,0,0.0,0,0,0,0,220,8,0,6.96,0,1,0,0,0,0,0,0,302.8,0.0,0,25,5,11,15,11,61.11,0,19,14,73.68,13,31,18,11,137,56.15,16,342,138,469,180.9,30,0,726,37,1,0,Lucas Höler,SC Freiburg,280009,2538,germany,2223
50,0,0.0,6,90,39.82,39,482,521,78.46,4,100.0,0,15,0,0,0,0,,1,0,0,5,14,15,0,0,0,2,2,0,1,0.02,0.0,0,0,0.0,,0,0,18,17,1,0,0,0.47,2,50.0,0,13,0,143,0,2,0,15,1291,0,,0,0,0,0,0.0,2,0,0,0,144,0,5,6.95,0,0,5,25,13,38,0,11,0.0,0.0,0,0,0,0,0,0,0.0,4,1,1,100.0,2,123,0,0,6,75.0,226,136,528,664,104.3,0,1,815,2,0,0,Jonas Omlin,Borussia M'gladbach,571622,2527,germany,2223
7,2,25.0,140,9,69.23,212,69,279,59.62,177,54.46,148,33,1,0,0,0,,0,3,3,0,24,33,0,0,20,14,220,0,0,1.58,4.8,35,0,22.86,,8,9,23,22,1,8,0,,48,40.0,3,0,2,189,5,21,3,17,1544,12,,0,0,0,0,0.0,0,0,0,0,274,8,0,6.95,0,2,0,0,0,0,0,0,193.0,0.0,0,31,4,18,14,12,60.0,0,11,7,63.64,21,16,20,8,225,50.56,13,387,89,468,229.4,35,1,740,26,6,0,Kevin Behrens,1. FC Union Berlin,164171,2547,germany,2223
27,9,36.0,360,37,52.86,641,571,1203,87.24,6,50.0,6,26,4,0,0,0,,2,3,5,6,18,26,0,0,27,21,116,0,4,4.34,1.68,9,0,5.26,,1,5,25,22,3,1,0,,141,56.18,0,0,1,176,24,44,1,24,2047,3,,0,0,0,0,0.0,0,0,0,0,345,17,0,6.95,0,0,0,0,0,0,0,0,2047.0,0.0,0,12,7,6,8,70,56.0,0,45,28,62.22,44,59,125,25,147,55.89,70,772,632,1379,180.7,19,0,1992,26,0,0,Alphonso Davies,FC Bayern München,843665,2672,germany,2223
1,0,0.0,3,1,50.0,6,7,13,92.86,0,0.0,0,2,0,0,0,0,,0,0,0,0,2,2,0,0,0,0,2,0,0,0.0,0.07,2,0,0.0,,0,0,0,0,0,0,0,,2,50.0,0,0,0,1,1,0,0,0,24,0,,0,0,0,0,0.0,0,0,0,0,3,0,0,6.95,0,0,0,0,0,0,0,0,0.0,0.0,0,1,0,1,0,1,100.0,0,1,1,100.0,0,2,1,2,2,50.0,2,9,7,14,13.9,1,0,24,0,0,0,Tom Rothe,Borussia Dortmund,1210666,2673,germany,2223
57,22,24.44,180,42,49.41,428,392,798,82.52,9,45.0,11,25,3,0,0,0,,5,1,10,2,10,25,0,0,21,16,88,0,0,4.0,2.25,31,1,12.9,,4,7,26,23,3,3,1,,66,46.15,1,0,1,169,16,32,2,17,1551,0,,0,1,0,0,0.0,0,0,0,0,301,7,0,6.94,0,1,0,0,0,0,0,0,387.75,12.5,8,6,25,15,6,8,40.0,0,36,18,50.0,31,107,20,90,75,46.01,85,621,436,967,173.5,31,1,1314,22,5,0,Kerem Demirbay,Bayer 04 Leverkusen,142619,2681,germany,2223
92,2,50.0,170,145,59.67,589,1322,1909,89.29,43,55.84,34,30,0,0,0,0,,0,1,1,5,70,30,0,0,6,13,74,0,1,0.95,1.85,20,0,7.14,,1,1,32,28,4,1,0,,53,56.99,0,0,0,229,34,12,1,24,2178,1,,1,0,0,1,0.0,0,0,0,0,253,4,0,6.94,0,0,0,0,0,0,0,0,2178.0,0.0,0,11,3,9,4,16,88.89,0,24,18,75.0,12,193,18,4,96,56.47,243,741,1401,2138,208.2,14,4,2421,13,2,0,Joško Gvardiol,RB Leipzig,964994,36360,germany,2223
8,12,21.05,150,5,33.33,228,109,325,60.07,57,45.6,68,31,2,0,0,0,,6,4,11,2,6,31,0,0,50,17,235,0,0,4.15,8.25,49,0,14.71,,10,12,48,42,6,9,1,,88,34.51,4,0,2,216,2,33,1,28,2544,22,,0,0,0,0,0.0,0,0,0,1,487,21,0,6.94,0,5,0,0,0,0,0,0,254.4,0.0,0,53,15,25,32,37,40.22,0,19,12,63.16,33,22,92,57,145,38.16,15,469,129,541,215.1,68,2,1098,33,4,0,Karim Onisiwo,1. FSV Mainz 05,165413,2556,germany,2223
76,0,0.0,71,68,41.72,269,742,1011,78.01,132,61.11,84,31,0,0,0,0,,2,3,3,2,139,31,0,0,7,6,126,0,0,0.87,1.63,27,0,6.25,,1,1,62,53,9,1,0,,76,64.41,1,0,1,285,51,9,0,31,2712,0,,0,0,0,0,0.0,0,0,0,0,316,1,0,6.94,0,0,0,0,0,0,0,0,2712.0,0.0,0,15,1,8,5,11,73.33,0,44,27,61.36,9,160,15,2,208,62.28,163,443,855,1296,215.0,16,3,1703,24,5,0,Marc-Oliver Kempf,Hertha BSC,226974,2528,germany,2223
24,18,25.71,268,17,43.59,480,297,759,81.18,12,34.29,23,34,7,0,0,0,,5,9,6,4,31,34,0,0,49,21,164,0,0,6.33,7.64,22,0,21.05,,8,15,40,37,3,8,0,,196,58.16,0,0,4,176,16,45,2,32,2717,8,,0,0,0,0,0.0,0,0,0,1,451,7,0,6.94,0,6,0,0,0,0,0,0,339.63,0.0,0,33,5,13,19,85,62.5,0,53,27,50.94,45,50,136,70,208,55.91,39,640,365,935,235.8,38,3,1810,58,4,0,Jeremie Frimpong,Bayer 04 Leverkusen,970361,2681,germany,2223
35,2,16.67,166,26,43.33,307,280,585,80.47,3,15.0,17,21,0,0,0,0,,4,4,3,3,7,21,0,0,22,24,110,0,0,1.65,2.4,30,0,15.0,,3,3,20,17,3,3,0,,114,55.07,0,0,0,142,18,16,2,17,1472,2,,0,0,0,0,0.0,0,0,0,0,235,11,0,6.93,0,1,0,0,0,0,0,0,490.67,0.0,0,12,8,7,10,32,64.0,0,60,32,53.33,16,70,50,12,117,51.54,60,433,306,727,145.6,20,1,1064,22,8,0,Konrad Laimer,RB Leipzig,355492,36360,germany,2223
57,18,29.03,175,29,47.54,372,242,596,72.24,73,70.19,31,30,4,0,0,0,,5,2,10,1,24,30,0,0,16,22,114,0,0,4.04,2.19,26,0,2.78,,1,5,36,31,5,1,0,,91,52.3,0,0,0,229,41,31,0,22,2076,3,,0,0,0,1,0.0,0,0,0,0,363,22,0,6.93,0,1,0,0,0,0,0,0,2076.0,0.0,4,14,22,16,10,25,54.35,0,27,21,77.78,31,95,46,62,164,58.99,61,588,299,825,208.0,36,2,1258,40,4,0,Anton Stach,1. FSV Mainz 05,889861,2556,germany,2223
42,12,24.0,276,49,55.68,555,448,991,83.35,18,34.62,34,32,6,0,0,0,,4,9,12,3,17,32,0,0,24,26,142,1,0,3.53,9.87,40,2,20.45,,9,15,37,34,3,5,4,,92,46.0,1,0,1,198,16,34,0,25,2270,7,,0,0,3,1,100.0,0,3,0,1,318,16,0,6.93,0,8,0,0,0,0,0,0,252.22,50.0,4,31,13,17,15,15,44.12,0,51,32,62.75,34,79,34,50,110,43.65,88,730,509,1189,221.7,44,2,1573,26,3,0,Daichi Kamada,Eintracht Frankfurt,794338,2674,germany,2223
8,7,31.82,143,6,54.55,217,85,295,76.42,22,53.66,19,25,5,0,0,1,,9,15,8,2,3,25,0,0,14,8,79,0,0,3.65,9.03,16,0,12.73,,7,12,19,17,2,7,0,,59,49.58,2,0,1,91,0,25,3,18,1441,21,,0,1,2,0,50.0,0,1,0,1,213,7,0,6.93,0,2,0,0,0,0,0,0,205.86,0.0,0,52,3,25,22,24,48.98,0,11,5,45.45,24,17,49,22,81,50.63,11,307,101,386,173.2,55,3,684,24,2,0,Sadio Mané,FC Bayern München,217704,2672,germany,2223
34,16,26.23,204,52,60.47,375,322,681,80.02,6,50.0,6,25,1,0,0,0,,6,1,7,4,19,25,0,0,12,13,64,0,1,3.22,1.16,12,0,4.35,,1,2,20,16,4,1,0,,81,58.27,0,0,0,170,18,23,1,17,1584,3,,0,1,0,0,0.0,0,0,0,0,290,8,0,6.93,0,0,0,0,0,0,0,0,1584.0,0.0,0,14,9,10,6,34,60.71,0,25,18,72.0,22,63,56,61,87,57.62,86,535,377,851,173.2,23,1,1342,22,2,0,Marius Wolf,Borussia Dortmund,254119,2673,germany,2223
23,6,18.18,109,40,37.04,218,262,474,70.12,25,59.52,17,22,1,0,0,0,,0,1,1,5,47,22,0,0,2,12,52,0,0,0.7,0.93,18,0,22.22,,2,3,18,15,3,2,0,,57,61.96,0,0,0,202,29,7,0,19,1645,1,,0,0,0,1,0.0,0,0,0,0,277,2,0,6.93,0,2,0,0,0,0,0,0,822.5,0.0,0,8,1,3,5,5,62.5,0,37,25,67.57,7,89,8,33,82,61.19,108,395,314,676,152.4,9,0,1047,15,1,0,Lukas Kübler,SC Freiburg,142525,2538,germany,2223
15,0,0.0,38,25,54.35,123,198,321,85.15,12,52.17,11,8,0,0,0,0,,0,0,0,1,20,8,0,0,6,2,22,0,0,0.3,0.39,3,0,25.0,,1,1,4,4,0,1,0,,11,50.0,1,0,0,56,8,1,0,5,487,1,,0,0,0,1,0.0,0,0,0,0,68,1,0,6.93,0,0,0,0,0,0,0,0,487.0,0.0,0,4,0,3,1,3,75.0,0,6,5,83.33,1,34,4,1,23,51.11,46,162,216,377,55.4,4,0,455,2,2,0,Abdou Diallo,RB Leipzig,280435,36360,germany,2223
11,0,0.0,14,15,40.54,75,211,286,80.79,27,67.5,13,9,0,0,0,0,,0,0,1,1,36,8,0,0,1,5,19,0,0,0.05,0.17,0,0,0.0,,0,0,5,5,0,0,0,,15,71.43,0,0,0,68,5,0,0,4,472,0,,0,0,0,0,0.0,0,0,0,0,72,0,0,6.93,0,0,0,0,0,0,0,0,0.0,0.0,0,3,0,2,0,2,100.0,0,8,7,87.5,0,32,2,0,42,68.85,37,108,246,354,55.4,3,0,440,5,0,0,Hrvoje Smolčić,Eintracht Frankfurt,974582,2674,germany,2223
10,0,0.0,2,16,36.36,9,97,106,79.1,0,0.0,0,4,0,0,0,0,,0,0,0,0,2,4,0,0,0,1,1,0,0,0.0,0.0,0,0,0.0,,0,0,11,11,0,0,0,1.95,0,0.0,0,5,0,28,0,0,0,4,360,0,,0,0,0,0,0.0,1,0,0,0,28,0,1,6.93,0,0,0,13,7,20,1,4,0.0,0.0,0,0,0,0,0,0,0.0,0,0,0,0.0,0,21,0,0,0,0.0,44,32,102,134,27.7,0,0,192,0,0,0,Jan Olschowsky,Borussia M'gladbach,972510,2527,germany,2223
10,13,20.97,139,15,40.54,267,164,418,77.84,21,36.84,36,18,2,0,0,0,,6,0,3,1,31,18,0,0,9,12,99,0,0,2.26,0.6,31,0,33.33,,3,5,21,21,0,2,1,,60,48.78,0,0,0,119,10,18,1,15,1321,1,,0,0,0,0,0.0,0,0,0,0,238,7,0,6.92,0,2,0,0,0,0,0,0,440.33,0.0,0,7,2,2,4,10,45.45,0,33,19,57.58,18,22,22,62,81,45.0,37,397,202,537,124.6,9,0,969,17,3,0,Aurélio Buta,Eintracht Frankfurt,357752,2674,germany,2223
14,4,19.05,197,10,35.71,362,285,643,86.89,17,50.0,17,19,4,0,0,0,,6,0,2,1,21,18,0,0,5,9,51,0,0,1.7,1.11,16,0,12.5,,1,5,18,17,1,1,0,,58,63.04,0,0,0,97,10,19,0,11,1073,3,,0,0,0,1,0.0,0,0,0,0,153,3,0,6.92,0,1,0,0,0,0,0,0,1073.0,0.0,0,5,3,4,2,18,75.0,0,29,21,72.41,19,31,24,21,75,59.52,28,443,318,740,124.6,8,1,1020,11,0,0,Noussair Mazraoui,FC Bayern München,847030,2672,germany,2223
12,0,0.0,110,12,52.17,225,173,398,87.67,8,42.11,11,15,1,0,0,0,,0,0,4,1,9,14,0,0,3,7,30,0,0,0.6,1.07,7,0,6.67,,1,2,3,3,0,1,0,,29,60.42,0,0,0,56,10,6,0,7,625,1,,0,0,0,0,0.0,0,0,0,0,76,6,0,6.92,0,1,0,0,0,0,0,0,625.0,0.0,0,5,10,6,5,1,33.33,0,27,14,51.85,6,29,3,5,37,55.22,23,268,191,454,96.9,15,0,559,1,2,0,Marcel Sabitzer,FC Bayern München,133908,2672,germany,2223
38,8,27.59,204,33,51.56,358,228,578,68.32,73,48.67,77,33,3,0,0,0,,5,5,14,1,18,33,0,0,36,43,266,0,1,4.34,7.09,66,0,10.61,,7,10,49,46,3,7,0,,138,42.2,4,0,2,268,15,24,0,33,2585,9,,0,0,0,0,0.0,0,0,0,5,475,29,0,6.92,0,3,0,0,0,0,0,0,369.29,0.0,0,48,18,32,20,54,53.47,0,36,19,52.78,24,66,101,29,211,44.23,64,577,298,846,228.4,66,1,1471,49,7,0,Christoph Baumgartner,TSG Hoffenheim,825956,2569,germany,2223
16,1,16.67,102,8,50.0,199,128,326,74.26,42,51.22,40,22,0,0,0,0,,3,10,10,0,14,22,0,0,20,1,89,0,0,1.02,11.01,17,0,22.45,,11,11,33,29,4,11,0,,61,55.45,2,0,2,113,0,19,1,20,1656,10,,0,0,2,0,100.0,0,2,0,1,207,11,0,6.92,1,8,0,0,0,0,0,0,150.55,0.0,4,36,13,18,21,14,51.85,0,4,1,25.0,19,24,27,6,103,53.65,16,294,151,439,152.2,49,2,716,43,2,1,Serhou Guirassy,VfB Stuttgart,328027,2677,germany,2223
8,19,24.68,69,6,33.33,119,42,142,53.99,39,37.86,64,23,4,0,1,0,,6,5,19,1,18,23,0,0,27,10,148,0,0,2.84,8.13,28,0,16.36,,9,13,32,29,3,8,1,,47,35.88,1,0,3,121,0,20,3,20,1689,16,,0,0,4,0,75.0,0,3,0,0,272,9,0,6.92,1,5,0,0,0,0,0,0,187.67,0.0,6,38,17,20,16,5,20.0,0,11,6,54.55,20,24,25,77,86,36.75,18,277,63,263,159.1,55,2,615,31,7,1,Mergim Berisha,FC Augsburg,770083,2600,germany,2223
67,0,0.0,80,93,40.97,305,1090,1395,82.4,95,59.38,65,29,0,0,0,0,,0,1,0,5,149,29,0,0,2,28,125,0,0,0.56,1.79,31,0,20.0,,3,3,45,40,5,3,0,,71,54.2,2,0,1,298,58,2,0,28,2558,1,,1,0,0,1,0.0,0,0,0,0,314,2,0,6.91,0,1,0,0,0,0,0,0,852.67,0.0,0,14,1,8,7,6,100.0,0,43,28,65.12,2,153,6,2,166,57.04,227,478,1217,1693,200.5,15,2,2073,23,8,0,Timo Hübers,1. FC Köln,387220,2671,germany,2223
84,25,35.21,150,99,51.83,316,386,677,74.23,21,39.62,32,31,1,0,0,0,,5,0,3,2,38,30,0,0,8,14,83,0,0,2.29,0.63,19,0,20.0,,2,3,38,33,5,2,0,,75,59.52,0,0,0,235,54,21,0,23,2053,0,,0,0,0,1,0.0,0,0,0,0,359,10,0,6.91,0,2,0,0,0,0,0,0,1026.5,0.0,0,8,2,3,4,9,45.0,0,58,33,56.9,21,172,20,71,96,53.63,191,518,465,912,207.4,10,1,1424,9,4,0,Anthony Caci,1. FSV Mainz 05,846471,2556,germany,2223
19,17,26.15,156,28,80.0,279,140,402,73.9,16,33.33,32,32,3,0,0,0,,6,6,14,0,15,32,0,0,48,21,195,0,0,4.76,8.64,33,0,17.19,,11,14,55,48,7,11,0,,144,46.91,1,0,0,142,13,29,8,27,2405,17,,0,0,5,1,100.0,0,5,0,0,399,22,0,6.91,0,2,0,0,0,0,0,0,218.64,0.0,1,42,22,23,27,67,51.15,0,18,11,61.11,29,25,131,65,160,45.07,35,427,182,544,221.2,64,1,1142,59,8,0,Dodi Lukebakio,Hertha BSC,823631,2528,germany,2223
47,14,29.79,268,48,36.36,541,491,1018,78.19,23,62.16,14,30,2,0,0,0,,2,0,16,5,38,30,0,0,17,23,103,0,0,3.45,1.23,37,0,6.45,,2,4,35,30,5,1,1,,120,57.42,0,0,0,284,35,20,0,23,2186,3,,0,0,0,0,0.0,0,0,0,0,404,18,0,6.91,0,2,0,0,0,0,0,0,1093.0,0.0,0,13,18,11,4,20,60.61,0,73,46,63.01,20,123,33,47,143,58.13,132,751,598,1302,207.2,31,0,1933,28,8,0,Benjamin Henrichs,RB Leipzig,319857,36360,germany,2223
15,1,50.0,124,1,20.0,189,58,246,67.03,62,53.45,54,24,0,0,1,0,,2,2,8,2,10,23,0,0,18,5,107,0,0,2.04,5.23,17,0,20.0,,6,6,18,14,4,5,1,,43,44.79,1,0,1,121,1,14,1,15,1300,0,,0,0,1,0,0.0,0,0,0,0,204,11,0,6.9,0,4,0,0,0,0,0,0,216.67,0.0,0,26,4,12,10,7,35.0,0,14,6,42.86,14,29,20,2,105,49.53,5,292,77,367,158.8,30,1,580,22,1,0,Jonas Wind,VfL Wolfsburg,826069,2524,germany,2223
18,18,24.0,116,31,47.69,207,174,363,71.6,15,46.88,17,23,2,0,0,0,,2,0,13,0,18,23,0,0,11,16,76,0,2,2.3,3.42,17,0,7.32,,3,5,22,21,1,3,0,,50,45.87,0,0,1,144,8,21,3,16,1356,1,,0,0,2,0,100.0,0,2,0,0,269,4,0,6.9,0,0,0,0,0,0,0,0,452.0,0.0,8,20,21,14,14,7,30.43,0,22,11,50.0,21,51,23,75,65,46.1,65,361,221,507,158.8,41,1,952,21,1,0,Robert Skov,TSG Hoffenheim,327863,2569,germany,2223
81,0,0.0,16,150,44.91,60,955,1015,83.13,6,66.67,3,29,0,0,0,0,,0,0,0,8,24,29,0,0,1,0,5,1,0,0.03,0.0,1,0,0.0,,0,0,39,34,5,0,0,2.52,5,71.43,0,15,0,206,1,0,0,29,2610,0,,0,0,0,0,0.0,9,0,0,0,210,0,11,6.9,0,0,10,49,28,77,1,22,0.0,0.0,0,0,0,0,0,2,100.0,9,1,0,0.0,0,184,2,0,11,68.75,334,179,1042,1221,200.2,0,1,1488,2,1,0,Yann Sommer,FC Bayern München,16206,2672,germany,2223
26,0,0.0,76,76,51.01,382,1584,1966,91.61,72,60.0,48,32,0,0,0,0,,0,1,1,8,144,32,0,0,3,14,91,1,2,0.52,2.61,24,0,16.67,,3,3,52,50,2,3,0,,57,57.0,2,0,0,180,35,5,0,32,2827,1,,0,0,0,0,0.0,0,0,0,0,196,2,0,6.9,0,1,0,0,0,0,0,0,942.33,0.0,0,17,1,8,9,1,33.33,0,46,24,52.17,5,60,3,0,129,58.64,149,470,1676,2146,220.9,18,0,2516,11,2,0,Nico Elvedi,Borussia M'gladbach,282229,2527,germany,2223
12,16,25.4,150,12,44.44,250,97,331,71.18,16,26.23,45,29,6,0,0,0,,6,1,8,2,9,29,0,0,32,19,158,0,0,3.8,2.24,24,0,10.34,,3,9,40,37,3,3,0,,94,45.41,0,0,1,134,5,33,0,22,1989,15,,0,0,0,0,0.0,0,0,0,1,446,18,0,6.9,0,3,0,0,0,0,0,0,663.0,0.0,0,15,14,13,8,31,44.29,0,23,15,65.22,33,27,70,63,110,41.04,27,414,114,465,200.1,29,1,1090,40,2,0,Christopher Antwi-Adjei,VfL Bochum 1848,844203,2542,germany,2223
41,19,38.78,167,51,62.2,380,314,675,84.8,9,33.33,18,27,3,0,0,0,,2,0,2,0,17,27,0,0,8,13,86,0,2,3.36,0.16,42,0,20.0,,1,4,36,34,2,1,0,,74,52.11,0,0,0,121,24,36,1,27,1968,1,,0,1,0,0,0.0,0,0,0,0,190,2,0,6.9,0,0,0,0,0,0,0,0,1968.0,0.0,0,1,4,0,3,9,64.29,0,45,25,55.56,35,65,14,49,83,49.11,82,495,350,796,186.3,5,0,1076,21,9,0,Dennis Geiger,TSG Hoffenheim,795004,2569,germany,2223
27,22,23.66,127,28,46.67,285,254,517,82.59,14,38.89,22,24,2,0,0,0,,6,0,5,1,32,23,0,0,5,21,69,0,0,3.12,0.57,19,0,0.0,,0,2,21,20,1,0,0,,53,53.0,0,0,0,109,21,25,0,13,1285,0,,0,1,0,0,0.0,0,0,0,0,221,10,0,6.9,0,0,0,0,0,0,0,0,0.0,0.0,1,4,8,5,2,11,84.62,0,29,21,72.41,24,52,13,93,67,49.26,60,432,287,626,158.7,12,0,1007,13,1,0,Christopher Lenz,Eintracht Frankfurt,168897,2674,germany,2223
0,0,0.0,2,1,100.0,3,4,7,87.5,2,100.0,0,1,0,0,0,0,,0,2,0,0,0,1,0,0,0,0,0,0,0,0.01,0.52,0,0,0.0,,0,0,0,0,0,0,0,,2,100.0,0,0,0,1,0,1,0,0,13,0,,0,0,0,0,0.0,0,0,0,0,2,0,0,6.9,0,0,0,0,0,0,0,0,0.0,0.0,0,2,0,0,2,0,0.0,0,1,1,100.0,1,0,0,0,4,100.0,1,4,4,8,6.9,2,0,14,1,0,0,Arijon Ibrahimović,FC Bayern München,1142248,2672,germany,2223
6,0,0.0,0,11,36.67,5,84,89,81.65,0,0.0,0,3,0,0,0,0,,0,0,0,2,1,3,0,0,0,0,1,1,0,0.0,0.0,1,0,0.0,,0,0,2,2,0,0,0,0.71,2,66.67,0,2,0,20,0,0,0,3,270,0,,0,0,0,1,0.0,1,0,1,0,21,0,1,6.9,0,0,0,5,1,6,0,1,0.0,0.0,0,0,0,0,0,0,0.0,0,1,1,100.0,0,16,0,0,2,66.67,30,17,92,109,20.7,0,0,145,1,1,0,Sven Ulreich,FC Bayern München,26768,2672,germany,2223
22,35,24.82,177,32,38.55,363,377,705,80.66,16,57.14,12,28,2,0,0,0,,10,0,5,2,22,27,0,0,9,12,74,1,0,5.01,0.86,21,0,0.0,,0,2,21,18,3,0,0,,61,49.59,0,0,0,169,16,36,0,19,1705,2,,0,0,0,2,0.0,0,0,0,0,342,8,0,6.89,0,0,0,0,0,0,0,0,0.0,0.0,0,6,8,4,5,8,27.59,0,39,25,64.1,36,59,29,141,77,50.99,83,573,442,874,186.1,14,0,1411,14,5,0,David Raum,RB Leipzig,856076,36360,germany,2223
28,1,100.0,31,49,48.51,95,279,373,76.75,34,64.15,19,11,0,0,0,0,,0,1,0,5,49,11,0,0,2,3,44,0,1,0.17,1.02,19,0,0.0,,0,0,10,7,3,0,0,,20,44.44,0,0,0,113,8,1,0,11,945,2,,0,0,0,1,0.0,0,0,0,0,127,1,0,6.89,0,0,0,0,0,0,0,0,0.0,0.0,0,10,0,7,3,1,50.0,0,14,11,78.57,1,71,2,1,54,55.1,101,161,326,486,75.8,10,0,628,5,5,0,Moritz Jenz,FC Schalke 04,920525,2530,germany,2223
49,22,21.57,378,40,44.44,687,430,1095,78.21,2,9.52,19,32,1,0,0,0,,6,3,8,4,9,32,0,0,46,33,164,0,0,6.74,3.23,25,0,11.54,,3,4,43,39,4,2,1,,111,43.36,0,0,0,305,13,44,0,32,2749,3,,0,2,0,0,0.0,0,0,0,0,547,24,0,6.89,0,3,0,0,0,0,0,0,916.33,0.0,0,20,6,9,9,25,35.71,0,42,25,59.52,42,135,70,102,113,40.79,90,1012,490,1400,220.5,26,0,1934,44,6,0,Mario Götze,Eintracht Frankfurt,66518,2674,germany,2223
25,0,0.0,82,60,47.62,272,781,1053,83.44,80,60.15,53,30,2,0,0,0,,2,1,2,4,81,30,0,0,7,13,137,0,0,1.0,1.26,55,0,8.33,,2,4,41,40,1,1,1,,82,49.4,1,0,0,209,45,4,0,28,2393,0,,1,0,0,0,0.0,0,0,0,0,266,6,0,6.89,2,1,0,0,0,0,0,0,1196.5,0.0,0,19,5,16,6,15,57.69,0,51,34,66.67,4,80,26,6,162,54.18,126,405,863,1262,206.7,24,1,1634,16,8,2,Ozan Kabak,TSG Hoffenheim,857740,2569,germany,2223
9,0,0.0,43,16,57.14,105,108,213,83.86,1,25.0,3,9,0,0,0,0,,1,0,1,1,3,9,0,0,4,0,12,0,0,0.22,0.44,3,0,0.0,,0,0,3,3,0,0,0,,16,64.0,0,0,2,41,7,4,0,4,349,0,,0,0,0,0,0.0,0,0,0,0,58,1,0,6.89,0,0,0,0,0,0,0,0,0.0,0.0,1,1,5,4,1,3,60.0,0,11,9,81.82,4,19,5,3,17,58.62,28,138,119,254,62.0,6,0,316,2,1,0,Mahmoud Dahoud,Borussia Dortmund,341589,2673,germany,2223
52,0,0.0,212,128,49.04,677,1201,1878,85.75,55,55.56,44,33,0,0,0,1,,3,3,5,7,100,33,0,0,12,12,95,1,0,1.5,2.77,28,0,6.67,,1,1,47,43,4,1,0,,84,62.22,0,0,0,312,36,6,0,32,2872,2,,1,1,2,2,50.0,0,1,0,1,352,1,0,6.88,0,1,0,0,0,0,0,0,2872.0,0.0,0,14,1,7,3,16,88.89,0,51,30,58.82,5,143,18,3,139,59.4,261,866,1327,2190,227.2,15,3,2587,17,5,0,Edmond Tapsoba,Bayer 04 Leverkusen,883262,2681,germany,2223
31,2,25.0,80,20,71.43,138,59,195,64.57,14,33.33,28,17,2,0,0,0,,1,2,7,0,9,17,0,0,9,10,61,0,0,0.96,2.73,8,0,14.81,,4,6,20,16,4,4,0,,32,49.23,0,0,1,107,2,14,0,8,886,6,,0,0,0,0,0.0,0,0,0,0,154,8,0,6.88,0,4,0,0,0,0,0,0,221.5,0.0,1,19,8,14,6,10,58.82,0,3,2,66.67,14,46,17,8,46,42.99,28,232,78,302,117.0,27,0,453,19,0,0,Stevan Jovetić,Hertha BSC,37126,2528,germany,2223
18,1,16.67,118,12,27.27,210,169,378,68.98,39,47.56,43,31,3,0,0,0,,4,2,5,3,34,30,0,0,13,27,135,0,1,1.33,3.9,48,0,12.5,,4,7,36,32,4,4,0,,98,51.58,0,0,1,170,41,16,1,25,2143,3,,0,0,0,2,0.0,0,0,0,1,241,15,0,6.88,0,3,0,0,0,0,0,0,535.75,0.0,0,27,5,13,14,5,35.71,0,60,38,63.33,16,38,14,6,137,50.37,44,340,214,548,206.4,32,0,929,33,5,0,Leandro Barreiro,1. FSV Mainz 05,906800,2556,germany,2223
26,0,0.0,114,45,53.57,426,641,1067,89.29,18,58.06,13,23,0,0,0,0,,1,0,2,3,31,23,0,0,2,18,54,0,0,0.83,1.07,21,0,12.5,,1,1,35,35,0,1,0,,81,66.39,0,0,0,128,18,6,0,21,1900,0,,0,0,1,0,100.0,0,1,0,0,137,6,0,6.88,0,1,0,0,0,0,0,0,1900.0,0.0,0,6,2,5,1,9,90.0,0,43,16,37.21,6,54,10,0,99,64.71,84,515,680,1195,158.2,8,0,1392,29,6,0,Julian Weigl,Borussia M'gladbach,237068,2527,germany,2223
18,4,13.79,198,16,64.0,338,150,484,76.58,5,31.25,11,27,3,0,0,0,,5,13,12,3,4,27,0,0,21,8,77,0,0,3.02,9.06,7,0,14.75,,9,12,23,20,3,7,2,,50,43.1,0,0,3,148,7,20,2,23,1954,25,,0,0,0,0,0.0,0,0,0,0,287,10,0,6.88,0,7,0,0,0,0,0,0,217.11,0.0,0,52,9,24,25,27,45.76,0,10,5,50.0,20,23,59,29,55,41.67,25,482,179,632,185.7,61,2,966,13,2,0,Timo Werner,RB Leipzig,232306,36360,germany,2223
56,9,29.03,119,63,63.64,255,183,429,76.47,14,51.85,13,24,0,0,0,0,,0,3,5,0,10,23,0,0,13,15,69,0,0,1.69,1.63,20,0,14.29,,3,3,22,20,2,2,1,,71,55.91,1,0,1,132,5,16,0,11,1083,0,,0,0,0,0,0.0,0,0,0,0,195,8,0,6.87,0,2,0,0,0,0,0,0,361.0,0.0,2,10,11,7,9,33,76.74,0,25,10,40.0,16,93,43,31,85,55.19,99,379,213,561,158.1,21,0,777,14,3,0,Niklas Schmidt,SV Werder Bremen,795002,2534,germany,2223
27,5,35.71,155,44,44.9,342,466,803,81.03,39,60.94,25,24,1,0,0,0,,2,2,2,3,51,22,0,0,6,7,75,0,0,1.42,1.68,24,0,8.33,,1,2,17,15,2,1,0,,57,53.27,0,0,0,188,16,11,0,18,1458,2,,0,0,0,1,0.0,0,0,0,0,252,5,0,6.87,0,1,0,0,0,0,0,0,1458.0,0.0,0,10,2,7,3,12,44.44,0,21,14,66.67,11,73,27,14,96,56.14,98,475,530,991,151.2,12,0,1344,25,2,0,Mohamed Simakan,RB Leipzig,945063,36360,germany,2223
8,12,34.29,65,5,29.41,144,90,222,74.5,21,52.5,19,19,3,0,0,0,,1,3,8,0,11,18,0,0,10,6,74,0,0,1.56,2.63,29,0,3.13,,1,4,16,13,3,1,0,,53,49.07,0,0,0,76,2,17,0,10,1001,3,,0,0,0,0,0.0,0,0,0,2,147,14,0,6.87,0,1,0,0,0,0,0,0,1001.0,0.0,0,20,12,13,11,12,50.0,0,11,8,72.73,17,24,24,35,74,50.0,17,230,103,298,123.7,32,2,515,30,6,0,Roland Sallai,SC Freiburg,355088,2538,germany,2223
26,1,33.33,35,28,50.0,80,174,253,82.41,29,63.04,17,8,0,0,0,0,,0,0,1,0,28,7,0,0,1,2,21,0,0,0.13,0.39,1,1,50.0,,2,2,22,21,1,1,1,,7,63.64,1,0,0,54,9,2,1,7,631,0,,0,0,0,0,0.0,0,0,0,0,65,0,0,6.87,0,0,0,0,0,0,0,0,315.5,50.0,2,2,2,1,2,1,100.0,0,6,4,66.67,2,45,1,3,36,63.16,56,120,190,307,48.1,4,1,382,0,0,0,Marcin Kamiński,FC Schalke 04,73980,2530,germany,2223
17,0,0.0,43,28,80.0,115,201,316,90.8,4,66.67,2,7,0,0,0,0,,0,0,0,1,6,7,0,0,0,1,8,0,0,0.12,0.0,4,0,0.0,,0,0,3,2,1,0,0,,11,64.71,0,0,0,32,5,1,0,6,479,0,,0,0,0,0,0.0,0,0,0,0,43,1,0,6.87,0,0,0,0,0,0,0,0,0.0,0.0,0,0,0,0,0,1,50.0,0,6,4,66.67,1,25,2,2,15,65.22,35,137,213,348,48.1,0,0,413,4,1,0,Lucas Hernández,FC Bayern München,352370,2672,germany,2223
38,37,25.52,152,36,46.75,320,267,550,80.53,1,7.14,13,28,3,0,0,1,,3,1,3,4,27,27,0,0,14,19,81,0,0,3.36,2.21,28,3,26.32,,5,8,34,28,6,2,3,,64,48.48,0,0,1,133,15,27,5,20,1858,2,,0,0,1,0,0.0,0,0,0,0,308,8,0,6.87,0,0,0,0,0,0,0,0,371.6,37.5,8,4,15,8,8,10,55.56,0,42,27,64.29,27,78,18,145,65,44.52,77,521,307,683,185.5,19,1,1242,12,3,0,Aarón Martín,1. FSV Mainz 05,797286,2556,germany,2223
19,3,18.75,385,26,60.47,619,252,868,82.82,6,46.15,7,32,7,0,0,0,,7,15,21,2,0,32,0,0,60,18,155,0,2,5.05,8.47,17,0,10.26,,8,15,24,23,1,6,2,,136,47.89,1,0,1,180,3,35,4,20,2010,7,,0,0,0,0,0.0,0,0,0,0,378,17,0,6.87,0,3,0,0,0,0,0,0,251.25,0.0,6,41,37,28,29,75,57.25,0,38,30,78.95,35,31,131,16,142,47.81,43,776,288,1048,219.8,78,1,1539,23,4,0,Leroy Sané,FC Bayern München,293519,2672,germany,2223
45,3,37.5,110,53,36.81,255,536,788,79.76,57,55.88,45,28,0,0,0,0,,1,0,2,4,61,28,0,0,7,13,109,0,1,0.83,0.63,33,0,0.0,,0,0,29,26,3,0,0,,101,61.21,0,0,0,200,24,5,0,21,1951,0,,0,0,0,0,0.0,0,0,0,0,247,5,0,6.87,0,0,0,0,0,0,0,0,0.0,0.0,0,4,4,5,1,7,35.0,0,75,44,58.67,5,100,20,8,158,59.18,144,399,597,988,192.3,8,2,1360,19,11,0,Kevin Akpoguma,TSG Hoffenheim,187423,2569,germany,2223
23,25,32.47,143,19,55.88,250,135,360,79.3,7,41.18,10,25,7,0,0,0,,7,0,6,1,5,24,0,0,15,28,93,0,0,2.91,1.39,28,0,17.65,,3,10,28,26,2,3,0,,50,37.59,0,0,0,94,6,27,2,15,1311,0,,0,0,0,0,0.0,0,0,0,1,207,13,0,6.87,0,1,0,0,0,0,0,0,437.0,0.0,2,10,7,5,6,6,31.58,0,31,19,61.29,27,40,19,77,57,38.0,34,374,157,454,164.8,17,2,733,13,4,0,Philipp Förster,VfL Bochum 1848,268791,2542,germany,2223
34,19,21.84,53,36,46.15,118,130,229,67.35,9,42.86,12,18,3,0,0,0,,3,0,4,1,16,18,0,0,8,5,32,0,0,2.03,0.63,5,0,0.0,,0,3,16,15,1,0,0,,15,42.86,0,0,0,111,8,20,0,8,834,0,,0,0,0,0,0.0,0,0,0,0,219,2,0,6.87,0,0,0,0,0,0,0,0,0.0,0.0,1,6,6,7,1,4,66.67,0,8,5,62.5,20,71,6,87,24,42.86,78,255,172,340,123.6,12,1,617,4,0,0,Tobias Mohr,FC Schalke 04,237048,2530,germany,2223
38,0,0.0,141,49,56.32,384,559,943,84.95,48,59.26,33,29,1,0,0,0,,0,0,1,1,43,27,0,0,17,23,102,0,0,1.18,0.3,24,0,0.0,,0,1,36,27,9,0,0,,94,57.67,0,0,0,167,31,14,0,22,1967,0,,0,0,0,0,0.0,0,0,0,0,214,14,0,6.87,0,0,0,0,0,0,0,0,0.0,0.0,0,3,3,5,0,14,73.68,0,49,30,61.22,14,61,19,0,142,58.2,87,493,617,1110,185.4,6,0,1421,31,10,0,Atakan Karazor,VfB Stuttgart,801030,2677,germany,2223
4,0,0.0,4,18,40.91,9,143,152,85.39,0,0.0,0,6,0,0,0,0,,0,0,0,2,2,6,0,0,0,0,0,0,0,0.0,0.0,0,0,0.0,,0,0,10,9,1,0,0,0.56,0,0.0,0,3,0,26,0,0,0,6,540,0,,0,0,0,0,0.0,1,0,0,0,26,0,0,6.87,0,0,3,14,3,17,0,2,0.0,0.0,0,0,0,0,0,0,0.0,3,0,0,0.0,0,11,0,0,0,0.0,44,31,147,178,41.2,0,0,238,0,0,0,Péter Gulácsi,RB Leipzig,37096,36360,germany,2223
15,5,29.41,192,13,81.25,308,112,415,83.67,12,41.38,17,30,4,0,0,0,,6,1,4,0,5,29,0,0,12,14,76,0,0,2.65,4.88,22,0,26.09,,6,10,26,24,2,5,1,,56,48.7,0,0,0,81,3,19,0,16,1492,7,,0,1,2,0,100.0,0,2,0,0,154,9,0,6.87,0,6,0,0,0,0,0,0,248.67,0.0,1,15,8,8,11,15,53.57,0,16,11,68.75,18,22,28,17,68,47.22,16,385,128,496,199.1,23,2,723,25,2,0,Emil Forsberg,RB Leipzig,51785,36360,germany,2223
52,19,27.14,259,66,48.53,482,517,980,78.9,22,41.51,31,33,3,0,0,0,,5,2,6,7,54,33,0,0,20,26,131,0,0,5.04,2.91,27,0,17.86,,5,8,41,35,6,5,0,,105,51.22,0,0,0,262,21,28,1,29,2581,4,,0,0,0,0,0.0,0,0,0,0,443,16,0,6.86,0,4,0,0,0,0,0,0,516.2,0.0,0,14,14,10,12,23,46.0,0,50,26,52.0,28,113,50,70,127,49.22,136,707,605,1242,226.4,28,1,1970,32,6,0,Ridle Baku,VfL Wolfsburg,856553,2524,germany,2223
9,6,31.58,131,4,19.05,182,81,257,50.99,66,38.15,107,30,4,0,0,0,,5,6,11,1,37,30,0,1,32,13,226,0,0,3.13,7.66,49,0,12.5,,8,12,47,39,8,8,0,,81,40.5,1,0,3,247,14,29,3,30,2380,11,,0,0,1,0,100.0,0,1,0,1,384,18,0,6.86,1,4,0,0,0,0,0,0,297.5,0.0,0,48,16,29,24,19,40.43,0,31,14,45.16,29,40,47,19,147,39.41,21,403,120,504,205.8,64,1,944,31,7,0,Ermedin Demirović,FC Augsburg,878081,2600,germany,2223
23,0,0.0,270,28,47.46,610,575,1185,87.26,16,39.02,25,30,1,0,0,0,,1,0,5,6,20,30,0,0,50,23,185,0,0,1.31,1.2,52,0,3.85,,1,2,49,46,3,0,1,,205,56.16,0,0,0,173,32,20,0,30,2619,0,,0,0,0,1,0.0,0,0,0,0,361,22,0,6.86,0,1,0,0,0,0,0,0,2619.0,0.0,0,4,22,7,14,57,60.0,0,74,39,52.7,20,50,95,6,221,54.43,59,739,625,1358,205.8,26,1,1972,74,12,0,Manu Koné,Borussia M'gladbach,974087,2527,germany,2223
5,1,16.67,29,7,87.5,51,32,82,76.64,6,75.0,2,5,0,0,0,0,,0,0,2,0,1,5,0,0,3,1,10,0,0,0.22,0.75,3,0,0.0,,0,0,6,6,0,0,0,,6,42.86,0,0,0,25,0,3,0,2,270,0,,0,0,0,0,0.0,0,0,0,0,40,2,0,6.86,0,0,0,0,0,0,0,0,0.0,0.0,0,8,1,5,2,2,50.0,0,1,1,100.0,3,6,4,6,12,54.55,8,75,38,107,34.3,9,0,154,3,0,0,Max Kruse,VfL Wolfsburg,26687,2524,germany,2223
50,1,20.0,287,55,52.88,649,672,1320,85.77,24,45.28,29,32,0,0,0,0,,1,0,7,4,21,32,0,0,16,22,109,0,0,1.3,1.73,39,0,14.29,,4,4,43,38,5,4,0,,101,55.8,0,0,0,219,28,17,1,30,2649,0,,0,0,0,0,0.0,0,0,0,0,280,12,0,6.86,0,3,0,0,0,0,0,0,662.25,0.0,0,8,20,11,10,11,61.11,0,41,25,60.98,17,100,18,5,125,53.42,104,798,746,1539,219.5,28,0,1879,49,9,0,Djibril Sow,Eintracht Frankfurt,799054,2674,germany,2223
54,0,0.0,196,48,54.55,504,644,1148,83.25,69,56.56,53,32,1,0,0,0,,1,1,5,10,44,32,0,1,13,34,172,0,0,0.8,1.79,66,0,0.0,,0,1,39,32,7,0,0,,133,52.78,0,0,0,231,58,5,0,32,2821,1,,0,0,0,2,0.0,0,0,0,0,294,12,0,6.86,1,0,0,0,0,0,0,0,0.0,0.0,0,15,6,11,5,17,62.96,0,66,35,53.03,5,98,27,1,202,54.01,88,647,733,1379,219.5,21,2,1787,50,9,0,Nicolas Höfler,SC Freiburg,49639,2538,germany,2223
14,39,33.91,78,15,41.67,159,90,210,68.4,24,38.1,39,22,6,0,0,0,,5,3,8,1,9,22,0,0,32,15,143,0,0,4.6,3.07,22,0,2.63,,1,7,22,16,6,0,1,,87,45.55,0,0,0,97,7,36,0,15,1327,4,,0,0,0,0,0.0,0,0,0,0,300,12,0,6.85,0,1,0,0,0,0,0,0,1327.0,0.0,10,16,22,16,14,35,50.0,0,16,8,50.0,36,35,70,115,111,43.7,36,305,117,307,150.8,38,1,765,36,4,0,Rodrigo Zalazar,FC Schalke 04,966575,2530,germany,2223
10,0,0.0,102,10,50.0,161,67,228,68.26,28,34.15,54,19,0,0,0,0,,0,0,7,0,15,19,0,0,17,6,128,0,0,1.37,4.61,22,0,24.14,,7,7,25,23,2,7,0,,54,42.19,1,0,0,106,7,15,0,17,1421,8,,0,0,1,1,100.0,0,1,0,1,235,16,0,6.85,0,6,0,0,0,0,0,0,203.0,0.0,0,21,8,8,14,26,46.43,0,19,16,84.21,15,22,56,11,82,39.05,20,266,79,334,130.2,29,0,629,9,2,0,Ihlas Bebou,TSG Hoffenheim,254297,2569,germany,2223
27,3,25.0,145,67,40.85,420,1054,1471,88.3,36,52.17,33,33,1,0,0,0,,2,0,5,11,102,33,0,0,11,11,84,0,2,1.44,1.43,23,0,6.25,,1,2,48,41,7,1,0,,90,63.83,1,0,0,195,26,6,0,33,2970,1,,0,0,0,2,0.0,0,0,0,1,251,1,0,6.85,0,0,0,0,0,0,0,0,2970.0,0.0,0,12,4,10,1,19,70.37,0,45,30,66.67,6,88,27,12,126,60.0,164,558,1120,1666,226.1,16,2,2113,27,5,0,Micky van de Ven,VfL Wolfsburg,998247,2524,germany,2223
30,0,0.0,83,73,54.48,286,661,947,87.12,50,59.52,34,24,0,0,0,0,,0,0,0,5,84,23,0,0,6,8,66,0,0,0.25,0.5,19,0,25.0,,1,1,26,22,4,1,0,,40,55.56,1,0,0,140,26,3,0,18,1627,0,,0,0,0,1,0.0,0,0,0,0,163,1,0,6.85,0,0,0,0,0,0,0,0,1627.0,0.0,0,4,0,3,1,7,87.5,0,22,13,59.09,3,84,8,3,90,57.69,134,384,706,1087,157.5,4,3,1330,11,1,0,Maxence Lacroix,VfL Wolfsburg,879674,2524,germany,2223
4,5,26.32,167,3,30.0,275,172,442,81.1,12,36.36,21,25,4,0,0,0,,4,4,14,2,7,25,0,0,16,17,85,0,0,1.42,5.01,18,1,16.22,,6,10,19,15,4,5,1,,57,47.11,0,0,3,103,8,20,0,14,1355,3,,0,0,1,0,100.0,0,1,0,1,177,3,0,6.84,0,6,0,0,0,0,0,0,225.83,16.67,6,26,11,12,11,9,40.91,0,30,17,56.67,20,15,22,19,69,44.81,10,369,195,545,171.1,37,2,776,18,4,0,Marco Reus,Borussia Dortmund,37092,2673,germany,2223
29,2,16.67,209,21,45.65,386,274,658,77.5,58,53.7,50,31,2,0,0,0,,3,0,6,6,25,30,0,0,23,18,124,0,0,1.88,0.94,31,0,6.25,,1,3,34,27,7,1,0,,80,51.95,0,0,0,191,36,24,1,27,2454,1,,0,0,0,0,0.0,0,0,0,0,253,9,0,6.84,0,0,0,0,0,0,0,0,2454.0,0.0,0,6,10,6,4,9,64.29,0,51,29,56.86,24,65,14,12,138,52.67,46,531,330,849,205.3,16,0,1164,21,6,0,Maximilian Eggestein,SC Freiburg,569784,2538,germany,2223
23,27,22.88,175,18,36.73,308,115,396,64.18,43,43.0,57,33,1,0,0,0,,5,5,20,4,15,33,0,0,29,20,180,0,0,4.56,9.26,26,0,16.18,,11,12,60,51,9,10,1,,104,45.81,2,0,4,221,10,39,1,30,2604,7,,0,0,4,0,100.0,0,4,0,1,488,17,0,6.84,0,8,0,0,0,0,0,0,236.73,0.0,1,46,22,21,27,32,38.1,0,22,11,50.0,39,47,84,118,147,44.95,49,579,156,617,225.8,68,2,1229,50,5,0,Marius Bülter,FC Schalke 04,378340,2530,germany,2223
23,26,29.55,110,34,50.75,192,179,345,70.55,22,55.0,18,26,2,0,0,0,,2,0,5,3,23,24,0,0,6,18,66,0,0,1.92,1.11,16,0,0.0,,0,2,13,12,1,0,0,,45,48.39,0,0,1,144,9,23,0,14,1306,0,,0,1,0,0,0.0,0,0,0,0,281,3,0,6.84,0,0,0,0,0,0,0,0,0.0,0.0,2,10,10,12,3,4,33.33,0,21,11,52.38,22,60,12,88,67,50.38,67,355,222,489,164.2,20,2,926,21,4,0,Niko Giesselmann,1. FC Union Berlin,123915,2547,germany,2223
18,12,24.0,238,23,62.16,369,162,519,82.25,3,23.08,10,33,2,0,0,0,,8,1,22,0,10,33,0,0,29,20,110,0,0,3.48,3.65,6,0,11.36,,5,7,35,27,8,4,1,,96,48.98,0,0,0,112,7,24,0,21,1892,3,,0,0,1,0,100.0,0,1,0,0,267,13,0,6.84,0,5,0,0,0,0,0,0,378.4,0.0,0,29,15,8,14,50,52.63,0,36,14,38.89,24,32,95,50,99,47.37,37,496,185,631,225.7,44,1,1039,10,2,0,Chris Führich,VfB Stuttgart,891510,2677,germany,2223
52,1,50.0,163,57,61.29,373,397,769,83.77,13,39.39,20,22,1,0,0,0,,2,0,2,3,21,21,0,0,14,23,89,0,0,1.59,0.28,27,0,20.0,,1,2,17,15,2,1,0,,78,53.06,0,0,0,149,17,9,0,16,1506,1,,0,1,0,0,0.0,0,0,0,0,201,8,0,6.84,0,1,0,0,0,0,0,0,1506.0,0.0,0,1,4,2,1,13,61.9,0,41,25,60.98,8,87,21,2,91,50.56,93,469,451,918,143.6,5,0,1142,24,2,0,Xaver Schlager,RB Leipzig,791079,36360,germany,2223
34,0,0.0,50,65,57.02,239,597,836,85.83,53,72.6,20,17,0,0,0,0,,1,1,3,0,80,16,0,0,3,9,42,1,0,0.21,1.67,12,0,0.0,,0,0,26,24,2,0,0,,17,43.59,0,0,0,138,21,9,0,14,1273,0,,0,0,0,3,0.0,0,0,0,0,150,0,0,6.84,0,0,0,0,0,0,0,0,0.0,0.0,0,12,1,7,3,1,100.0,0,14,8,57.14,9,72,1,0,70,62.5,114,301,673,974,109.4,13,0,1168,2,3,0,Dan-Axel Zagadou,VfB Stuttgart,826205,2677,germany,2223
383,1,100.0,192,624,48.26,492,491,982,58.98,11,78.57,3,34,0,0,0,0,,0,0,1,5,39,34,3,0,0,2,6,5,2,0.79,0.04,1,0,0.0,,0,0,72,65,7,0,0,-0.12,8,72.73,0,28,0,683,5,2,0,34,3060,0,,1,0,0,1,0.0,14,0,3,0,696,0,16,6.84,0,0,35,96,35,132,2,14,0.0,0.0,0,1,0,0,0,0,0.0,35,3,2,66.67,2,723,0,1,19,76.0,1293,1073,593,1665,232.4,1,3,1990,4,3,0,Manuel Riemann,VfL Bochum 1848,24937,2542,germany,2223
34,10,20.83,227,37,56.92,392,128,510,72.75,14,32.56,29,29,9,0,0,1,,8,5,9,0,14,29,0,0,22,18,103,0,0,5.27,4.97,24,0,6.9,,2,11,27,26,1,2,0,,64,46.38,0,0,1,191,12,33,1,20,1783,4,,0,1,2,1,50.0,0,1,0,0,308,15,0,6.83,0,1,0,0,0,0,0,0,891.5,0.0,1,19,10,7,13,16,55.17,0,16,8,50.0,32,69,29,48,78,43.09,65,586,163,701,198.2,29,1,1016,32,5,0,Alassane Pléa,Borussia M'gladbach,192308,2527,germany,2223
74,2,25.0,86,120,41.1,249,817,1064,76.66,84,66.67,42,29,0,0,0,0,,0,1,2,7,129,29,0,0,2,11,77,1,1,0.77,1.0,20,0,0.0,,0,0,54,46,8,0,0,,57,61.96,0,0,1,324,46,4,0,28,2554,1,,0,0,0,1,0.0,0,0,0,0,353,1,0,6.83,0,0,0,0,0,0,0,0,0.0,0.0,0,10,2,8,2,6,75.0,0,34,22,64.71,4,192,8,8,141,64.68,292,474,922,1388,198.2,12,0,1756,18,4,0,Maya Yoshida,FC Schalke 04,24248,2530,germany,2223
0,0,0.0,4,0,0.0,5,8,13,72.22,1,100.0,0,3,1,0,0,0,,3,0,0,0,1,3,0,0,4,0,5,0,0,0.21,0.0,1,0,0.0,,0,1,1,1,0,0,0,,5,50.0,0,0,0,5,0,3,0,0,54,0,,0,0,0,0,0.0,0,0,0,0,12,0,0,6.83,0,0,0,0,0,0,0,0,0.0,0.0,0,0,0,0,0,0,0.0,0,1,0,0.0,3,0,0,0,6,54.55,0,8,10,18,20.5,0,0,34,4,0,0,Merlin Röhl,SC Freiburg,1064082,2538,germany,2223
129,0,0.0,43,250,42.44,151,749,900,72.29,16,100.0,0,34,0,0,0,0,,0,0,0,5,32,34,1,0,0,0,0,1,0,0.09,0.0,0,0,0.0,,0,0,57,54,3,0,0,-5.69,0,0.0,0,40,0,345,0,1,0,34,3060,0,,0,0,0,0,0.0,3,0,0,0,349,0,17,6.83,0,0,13,73,32,105,2,18,0.0,0.0,0,0,0,0,0,0,0.0,13,0,0,0.0,1,291,0,0,16,100.0,589,426,819,1245,232.3,0,2,1612,0,2,0,Oliver Baumann,TSG Hoffenheim,40244,2569,germany,2223
11,1,50.0,68,6,75.0,94,36,129,66.15,17,47.22,19,16,0,0,0,0,,1,3,5,2,3,16,0,0,11,0,44,0,0,0.39,3.02,6,0,18.18,,4,4,16,14,2,4,0,,42,62.69,0,0,1,66,3,6,1,10,905,8,,0,0,0,0,0.0,0,0,0,0,127,4,0,6.83,0,3,0,0,0,0,0,0,226.25,0.0,0,18,4,10,7,10,55.56,0,5,3,60.0,6,18,18,2,59,57.28,8,149,48,195,109.3,22,1,354,27,3,0,Lukas Nmecha,VfL Wolfsburg,803185,2524,germany,2223
40,4,15.38,143,58,36.94,479,915,1390,83.23,60,55.56,48,30,1,0,0,0,,3,2,2,5,76,30,0,1,9,13,123,1,0,1.08,1.32,40,0,5.88,,1,2,32,29,3,1,0,,99,56.9,1,0,1,280,31,10,0,27,2467,1,,0,0,0,2,0.0,0,0,0,0,367,5,0,6.83,3,0,0,0,0,0,0,0,2467.0,0.0,0,11,6,9,6,14,48.28,0,51,34,66.67,10,113,29,26,159,56.38,157,645,1051,1670,204.9,17,1,2183,35,9,2,Piero Hincapié,Bayer 04 Leverkusen,1002837,2681,germany,2223
4,2,33.33,43,4,44.44,76,41,115,69.7,7,46.67,8,7,0,0,0,0,,1,0,4,0,2,7,0,0,13,9,43,0,0,0.52,0.51,6,0,10.0,,1,1,8,4,4,1,0,,23,39.66,0,0,0,50,2,8,1,6,402,2,,0,0,0,0,0.0,0,0,0,0,92,4,0,6.83,0,0,0,0,0,0,0,0,402.0,0.0,0,5,5,2,4,10,58.82,0,8,6,75.0,8,7,17,6,30,41.1,9,116,55,165,47.8,10,0,270,5,0,0,Gil Dias,VfB Stuttgart,583838,2677,germany,2223
16,8,38.1,20,25,60.98,54,89,135,80.36,1,33.33,2,12,1,0,0,0,,1,0,0,0,6,11,0,0,0,4,12,0,0,0.61,0.05,3,0,0.0,,0,1,8,5,3,0,0,,14,58.33,0,0,0,33,5,8,0,3,345,0,,0,0,0,0,0.0,0,0,0,0,57,3,0,6.83,0,0,0,0,0,0,0,0,0.0,0.0,0,1,1,2,0,0,0.0,0,12,8,66.67,8,25,3,21,15,55.56,41,88,101,168,75.1,2,0,269,2,0,0,Pascal Stenzel,VfB Stuttgart,352562,2677,germany,2223
109,0,0.0,45,252,43.52,159,523,682,66.93,8,88.89,1,33,0,0,0,0,,0,0,0,4,36,33,0,0,0,4,6,0,1,0.12,0.0,0,0,0.0,,0,0,61,55,6,0,0,-8.85,8,61.54,0,20,0,337,3,0,0,33,2909,0,,0,0,0,0,0.0,3,0,1,0,345,0,15,6.83,0,0,10,74,37,111,1,23,0.0,0.0,0,0,0,0,0,0,0.0,10,1,0,0.0,0,238,1,0,16,72.73,579,428,591,1019,225.3,0,3,1366,7,1,0,Jiří Pavlenka,SV Werder Bremen,154040,2534,germany,2223
1,0,0.0,12,3,60.0,23,38,61,78.21,5,62.5,3,5,1,0,0,0,,1,1,0,0,4,4,0,0,0,2,7,0,0,0.06,0.25,1,0,0.0,,0,1,5,5,0,0,0,,6,60.0,0,0,0,17,5,2,0,3,230,0,,0,0,0,0,0.0,0,0,0,0,25,0,0,6.83,0,0,0,0,0,0,0,0,0.0,0.0,0,2,0,0,2,1,50.0,0,4,2,50.0,2,1,2,1,11,61.11,5,35,44,78,27.3,2,0,117,1,0,0,Bartol Franjić,VfL Wolfsburg,880742,2524,germany,2223
33,15,18.29,128,34,41.98,230,176,391,67.3,12,27.91,31,29,5,0,0,0,,5,1,8,0,18,29,0,0,34,29,172,0,0,2.68,3.7,36,0,12.24,,6,11,51,44,7,4,2,,112,44.27,0,0,1,190,24,20,2,21,1842,6,,0,0,0,0,0.0,0,0,0,0,424,26,0,6.82,0,4,0,0,0,0,0,0,307.0,0.0,4,22,27,26,15,36,45.57,0,43,23,53.49,20,78,79,82,124,41.89,81,446,217,581,197.9,49,0,1169,33,8,0,Marco Richter,Hertha BSC,796027,2528,germany,2223
4,0,0.0,61,0,0.0,111,48,159,59.33,87,54.38,73,30,1,0,0,0,,2,2,6,0,16,29,0,0,13,5,119,0,0,1.72,4.62,22,0,17.65,,6,7,25,24,1,6,0,,25,35.21,3,0,0,109,1,13,0,15,1174,7,,0,0,1,0,100.0,0,1,0,1,166,7,0,6.82,0,3,0,0,0,0,0,0,195.67,0.0,0,29,5,9,19,5,38.46,0,2,1,50.0,13,7,13,9,112,48.48,3,207,70,268,197.9,34,1,438,18,3,0,Davie Selke,1. FC Köln,187437,2671,germany,2223
7,6,35.29,111,9,56.25,172,66,232,81.12,7,33.33,14,22,2,0,0,0,,1,2,8,0,5,21,0,0,15,5,54,0,0,1.87,4.32,8,0,28.0,,7,9,13,12,1,7,0,,39,49.37,0,0,0,54,3,12,2,4,615,1,,0,0,1,1,100.0,0,1,0,0,109,6,0,6.82,0,5,0,0,0,0,0,0,87.86,0.0,1,20,5,5,12,8,38.1,0,14,7,50.0,12,15,21,17,46,46.0,16,222,81,286,143.3,25,1,461,17,2,0,Giovanni Reyna,Borussia Dortmund,989056,2673,germany,2223
120,0,0.0,17,179,38.09,80,567,647,67.89,10,100.0,0,33,0,0,0,0,,0,0,0,9,14,33,1,1,0,0,0,2,1,0.05,0.0,1,0,0.0,,0,0,47,44,3,0,0,-5.17,0,0.0,0,25,0,306,0,0,0,33,2970,0,,0,0,0,0,0.0,7,0,0,0,312,0,11,6.82,1,0,7,59,38,97,1,15,0.0,0.0,0,0,0,0,0,0,0.0,7,0,0,0.0,0,285,0,0,10,100.0,470,279,674,953,225.1,0,1,1248,0,0,0,Lukáš Hrádecký,Bayer 04 Leverkusen,15219,2681,germany,2223
32,5,15.63,112,24,32.0,215,239,449,72.19,17,40.48,25,26,2,0,0,0,,3,5,1,2,24,26,0,0,12,19,73,0,0,1.58,2.57,11,0,10.53,,2,4,29,24,5,2,0,,50,51.02,1,0,0,173,31,15,1,19,1688,3,,0,0,0,0,0.0,0,0,0,1,317,6,0,6.82,0,0,0,0,0,0,0,0,844.0,0.0,0,18,1,10,8,8,57.14,0,26,17,65.38,15,84,14,32,67,47.86,75,365,289,622,177.3,19,1,1090,16,0,0,Silvan Widmer,1. FSV Mainz 05,157377,2556,germany,2223
26,0,0.0,14,85,36.8,45,817,862,84.93,11,100.0,0,26,0,0,0,0,,0,0,0,7,28,26,1,0,0,0,1,0,0,0.02,0.0,1,0,0.0,,0,0,29,25,4,0,0,-2.04,4,80.0,0,19,0,153,0,0,0,26,2340,0,,0,0,0,1,0.0,7,0,1,0,154,0,18,6.82,0,0,9,32,13,46,0,12,0.0,0.0,0,0,0,0,0,1,100.0,9,0,0,0.0,0,86,1,0,15,93.75,231,163,852,1015,177.3,0,0,1243,3,0,0,Janis Blaswich,RB Leipzig,96832,36360,germany,2223
74,0,0.0,44,176,35.41,146,250,396,55.0,17,100.0,0,26,0,0,0,0,,0,0,0,7,26,26,1,0,0,4,4,1,0,0.22,0.0,0,0,0.0,,0,0,39,34,5,0,0,-2.3,2,33.33,0,41,0,324,0,1,0,26,2340,0,,0,0,0,0,0.0,5,0,1,0,337,0,9,6.82,0,0,23,48,22,72,1,14,0.0,0.0,0,0,0,0,0,0,0.0,22,0,0,0.0,1,177,0,0,19,82.61,497,443,277,720,177.3,0,0,1025,3,1,0,Robin Zentner,1. FSV Mainz 05,174345,2556,germany,2223
2,2,50.0,29,1,25.0,49,18,65,55.08,27,67.5,13,19,1,0,0,0,,2,1,2,0,5,18,0,0,10,3,38,0,0,1.55,1.33,10,0,15.38,,2,3,3,3,0,2,0,,21,45.65,0,0,1,53,0,8,0,3,422,2,,0,0,0,0,0.0,0,0,0,0,97,8,0,6.82,0,2,0,0,0,0,0,0,211.0,0.0,0,11,2,5,6,6,66.67,0,6,4,66.67,8,6,9,4,48,55.81,4,97,25,118,122.7,13,0,222,9,1,0,Yussuf Poulsen,RB Leipzig,135264,36360,germany,2223
56,2,28.57,138,84,35.59,495,981,1474,80.41,51,45.54,61,31,1,0,0,0,,2,1,4,5,128,31,0,0,13,24,138,1,1,0.85,2.29,33,0,11.76,,2,3,45,40,5,2,0,,82,51.57,0,0,1,359,49,6,0,30,2717,1,,0,0,0,0,0.0,0,0,0,0,418,4,0,6.81,0,2,0,0,0,0,0,0,1358.5,0.0,0,11,6,10,3,11,55.0,0,53,35,66.04,6,189,20,7,133,49.08,236,733,1107,1833,211.2,17,2,2298,18,8,0,Tuta,Eintracht Frankfurt,964191,2674,germany,2223
17,7,43.75,86,24,54.55,143,125,261,73.11,7,70.0,3,10,0,0,0,0,,3,0,1,3,15,10,0,0,5,7,29,0,0,0.82,0.18,12,0,0.0,,0,0,9,7,2,0,0,,24,48.0,0,0,0,96,9,6,0,7,589,1,,0,0,0,0,0.0,0,0,0,0,130,1,0,6.81,0,0,0,0,0,0,0,0,0.0,0.0,0,1,3,3,0,4,50.0,0,16,7,43.75,6,43,8,16,31,51.67,44,222,151,357,68.1,4,0,520,4,2,0,Thomas Meunier,Borussia Dortmund,128587,2673,germany,2223
36,0,0.0,72,65,48.15,368,1085,1453,89.14,57,55.34,46,33,0,0,0,0,,1,1,1,7,117,32,0,0,10,6,85,0,0,0.28,1.09,22,0,10.0,,1,1,45,42,3,1,0,,35,47.3,0,0,0,177,40,6,1,28,2486,2,,0,0,0,0,0.0,0,0,0,0,199,0,0,6.81,0,0,0,0,0,0,0,0,2486.0,0.0,0,10,0,7,2,7,87.5,0,25,12,48.0,6,81,8,3,92,51.98,135,473,1160,1630,217.9,10,1,1922,3,6,0,Jonathan Tah,Bayer 04 Leverkusen,227672,2681,germany,2223
27,10,33.33,204,18,51.43,338,98,426,72.2,9,18.75,39,33,4,0,0,0,,7,5,15,0,9,33,0,0,52,29,209,0,0,3.95,7.04,29,0,8.77,,5,9,34,28,6,5,0,,163,48.95,1,0,1,164,14,27,4,30,2442,6,,0,0,0,0,0.0,0,0,0,2,392,20,0,6.81,0,0,0,0,0,0,0,0,488.4,0.0,0,39,18,15,27,50,44.64,0,61,29,47.54,27,49,112,30,172,45.14,35,493,127,590,224.7,57,0,1194,52,3,0,Ritsu Doan,SC Freiburg,790965,2538,germany,2223
67,60,30.3,229,60,42.55,475,324,739,76.26,14,32.56,29,33,4,0,0,0,,5,3,10,12,34,33,0,0,12,30,107,0,0,5.3,1.24,32,0,3.7,,1,5,40,33,7,0,1,,52,40.0,0,0,1,230,16,60,1,31,2748,6,,0,1,0,1,0.0,0,0,0,0,441,8,0,6.81,0,0,0,0,0,0,0,0,2748.0,0.0,0,10,17,10,7,10,66.67,0,29,21,72.41,59,138,15,198,66,38.15,141,770,397,969,224.7,27,1,1627,14,5,0,Christian Günter,SC Freiburg,142231,2538,germany,2223
9,0,0.0,18,19,29.69,54,157,211,67.63,36,58.06,26,15,0,0,0,0,,1,0,1,0,51,14,0,0,3,2,43,0,0,0.19,1.56,11,0,25.0,,2,2,18,17,1,2,0,,27,61.36,2,0,1,101,16,4,0,8,748,1,,0,0,0,1,0.0,0,0,0,0,115,1,0,6.81,0,0,0,0,0,0,0,0,374.0,0.0,0,7,1,3,4,0,0.0,0,17,9,52.94,4,30,1,3,63,59.43,64,120,195,312,95.3,8,0,462,10,3,0,Keven Schlotterbeck,VfL Bochum 1848,891651,2542,germany,2223
72,1,50.0,262,137,62.84,733,1361,2093,90.76,47,50.0,47,29,1,0,0,0,,0,2,2,6,69,29,0,1,10,17,109,1,3,0.95,0.91,30,0,0.0,,0,1,29,27,2,0,0,,89,58.94,0,0,0,213,27,6,0,27,2358,1,,0,0,0,1,0.0,0,0,0,0,251,1,0,6.81,1,0,0,0,0,0,0,0,0.0,0.0,0,7,0,4,1,10,66.67,0,65,37,56.92,6,135,15,2,136,55.51,218,872,1436,2306,197.4,7,2,2625,14,6,0,Dayot Upamecano,FC Bayern München,798583,2672,germany,2223
46,0,0.0,213,60,39.74,419,441,860,73.63,35,46.05,41,30,0,0,0,0,,1,1,16,4,25,30,0,0,8,32,135,1,0,1.54,2.27,45,0,7.69,,3,3,38,34,4,2,1,,104,52.53,0,0,1,308,34,16,1,27,2293,1,,0,0,0,1,0.0,0,0,0,0,357,15,0,6.81,0,2,0,0,0,0,0,0,764.33,0.0,0,22,17,15,8,10,50.0,0,59,33,55.93,16,128,20,5,139,50.73,151,658,515,1168,204.2,39,0,1519,35,11,0,Dominik Kohr,1. FSV Mainz 05,152206,2556,germany,2223
69,0,0.0,116,75,40.98,466,1091,1557,86.36,78,60.94,50,30,0,0,0,0,,0,1,3,6,143,30,0,0,5,14,100,0,0,0.35,1.36,31,0,5.88,,1,1,44,39,5,0,1,,44,46.81,0,0,1,246,31,3,1,30,2693,0,,1,0,0,1,0.0,0,0,0,0,278,5,0,6.81,0,0,0,0,0,0,0,0,2693.0,0.0,0,14,3,11,3,6,66.67,0,25,18,72.0,3,145,9,4,122,54.95,183,620,1187,1803,204.2,17,2,2196,14,4,0,Evan Ndicka,Eintracht Frankfurt,848287,2674,germany,2223
28,3,10.71,156,28,30.77,283,246,526,61.74,91,48.92,95,33,2,0,0,0,,3,2,9,3,67,33,0,0,26,33,210,0,1,2.13,3.55,36,0,11.63,,5,7,65,57,8,4,1,,138,54.55,2,0,0,326,49,18,2,33,2947,1,,0,0,0,0,0.0,0,0,0,1,455,11,0,6.81,0,1,0,0,0,0,0,0,589.4,0.0,0,30,13,14,20,23,48.94,0,73,38,52.05,18,75,47,28,229,52.16,91,558,322,852,224.6,43,1,1446,42,1,0,Lucas Tousart,Hertha BSC,787889,2528,germany,2223
26,1,25.0,181,32,65.31,405,385,789,88.55,7,26.92,19,30,2,0,0,0,,2,0,2,3,11,27,0,0,10,21,73,0,0,1.14,1.13,22,0,28.57,,2,4,20,18,2,2,0,,37,40.66,0,0,0,102,22,12,0,16,1375,1,,0,0,0,0,0.0,0,0,0,0,138,4,0,6.8,0,2,0,0,0,0,0,0,687.5,0.0,0,3,4,3,2,9,81.82,0,21,11,52.38,12,41,11,4,44,37.61,49,476,419,891,183.7,7,1,1053,7,8,0,Kevin Kampl,RB Leipzig,84251,36360,germany,2223
7,13,38.24,78,5,26.32,140,54,181,63.07,7,25.93,20,27,3,0,0,0,,7,3,10,0,5,27,0,0,25,5,89,0,0,2.27,2.93,13,0,8.82,,3,6,27,26,1,2,1,,77,52.74,0,0,2,106,1,20,1,16,1293,3,,0,0,0,0,0.0,0,0,0,1,228,10,0,6.8,0,2,0,0,0,0,0,0,431.0,0.0,0,21,13,11,13,19,39.58,0,10,4,40.0,20,21,48,34,84,48.55,19,241,80,287,183.6,34,1,589,49,2,0,Tiago Tomás,VfB Stuttgart,983540,2677,germany,2223
0,0,0.0,3,0,0.0,5,6,11,78.57,0,0.0,2,2,0,0,0,0,,0,0,0,0,1,2,0,0,0,1,4,0,0,0.01,0.81,1,0,100.0,,1,1,2,2,0,1,0,,3,60.0,0,0,0,3,0,0,0,0,70,0,,0,0,0,0,0.0,0,0,0,0,6,0,0,6.8,0,1,0,0,0,0,0,0,70.0,0.0,0,1,0,0,1,0,0.0,0,1,1,100.0,0,0,0,0,3,42.86,0,6,8,14,13.6,1,0,26,2,0,0,Ibrahim Maza,Hertha BSC,1407524,2528,germany,2223
0,0,0.0,9,0,0.0,16,7,23,82.14,1,20.0,4,4,0,0,0,0,,0,0,0,0,2,4,0,0,1,0,7,0,0,0.04,0.53,0,0,50.0,,1,1,2,2,0,1,0,,3,50.0,0,0,0,5,0,0,0,1,82,0,,0,0,0,0,0.0,0,0,0,0,10,0,0,6.8,0,1,0,0,0,0,0,0,82.0,0.0,0,1,1,1,1,2,50.0,0,0,0,0.0,0,0,4,0,4,36.36,0,21,7,28,27.2,2,0,42,1,0,0,Paulinho,Bayer 04 Leverkusen,885179,2681,germany,2223
24,25,24.75,85,31,45.59,205,187,367,72.1,10,40.0,15,18,3,0,0,0,,4,0,8,3,11,18,0,0,8,11,63,0,1,1.9,0.57,26,0,0.0,,0,3,32,28,4,0,0,,44,47.83,0,0,0,142,15,24,0,18,1443,0,,0,0,0,0,0.0,0,0,0,0,241,1,0,6.8,0,0,0,0,0,0,0,0,0.0,0.0,2,2,15,7,2,4,50.0,0,20,9,45.0,24,51,8,101,54,46.15,68,384,226,509,122.4,17,1,776,20,5,0,Arne Engels,FC Augsburg,1001867,2600,germany,2223
9,1,20.0,16,9,52.94,73,113,185,82.22,14,53.85,12,7,1,0,0,0,,1,1,0,0,8,6,0,0,0,4,21,0,0,0.53,0.51,5,0,0.0,,0,1,12,11,1,0,0,,20,68.97,0,0,0,40,10,1,0,5,400,1,,0,0,0,0,0.0,0,0,0,0,51,1,0,6.8,0,0,0,0,0,0,0,0,0.0,0.0,0,2,1,2,1,6,75.0,0,13,7,53.85,1,20,8,5,34,61.82,17,97,133,225,40.8,3,0,294,1,1,0,Almamy Touré,Eintracht Frankfurt,580952,2674,germany,2223
61,1,50.0,72,101,52.6,267,756,1022,82.62,46,46.46,53,27,0,0,0,0,,1,0,1,2,107,26,0,0,4,15,113,0,0,0.36,0.2,41,0,0.0,,0,0,42,38,4,0,0,,75,55.56,0,0,0,215,37,4,0,23,2082,1,,0,0,0,0,0.0,0,0,0,0,232,1,0,6.8,0,0,0,0,0,0,0,0,0.0,0.0,0,3,0,1,1,2,100.0,0,56,36,64.29,4,137,2,2,121,51.71,192,405,834,1237,176.8,3,1,1548,18,9,0,Niklas Stark,SV Werder Bremen,229544,2534,germany,2223
3,0,0.0,1,2,100.0,6,11,17,89.47,1,100.0,0,1,0,0,0,0,,0,0,0,0,0,1,0,0,0,0,2,0,0,0.0,0.01,2,0,0.0,,0,0,0,0,0,0,0,,0,0.0,0,0,0,2,1,0,0,0,12,0,,0,0,0,0,0.0,0,0,0,0,2,0,0,6.8,0,0,0,0,0,0,0,0,0.0,0.0,0,1,0,1,0,0,0.0,0,0,0,0.0,0,5,0,0,1,33.33,2,8,11,19,6.8,1,0,21,0,0,0,Antonios Papadopoulos,Borussia Dortmund,888954,2673,germany,2223
0,0,0.0,0,0,0.0,0,0,0,0.0,0,0.0,0,1,0,0,0,0,,0,0,0,0,0,1,0,0,0,0,0,0,0,0.0,0.0,0,0,0.0,,0,0,0,0,0,0,0,,2,100.0,0,0,0,0,0,0,0,0,11,0,,0,0,0,0,0.0,0,0,0,0,1,0,0,6.8,0,0,0,0,0,0,0,0,0.0,0.0,0,0,0,0,0,1,100.0,0,1,1,100.0,0,0,1,0,2,100.0,0,0,0,0,6.8,0,0,4,0,0,0,Veit Stange,Hertha BSC,1215092,2528,germany,2223
24,0,0.0,17,56,37.09,44,103,147,60.74,7,87.5,1,8,0,0,0,0,,0,0,0,0,4,8,0,0,0,0,1,0,0,0.04,0.0,0,0,0.0,,0,0,16,14,2,0,0,-1.99,0,0.0,0,14,0,95,0,0,0,8,720,0,,0,0,0,0,0.0,3,0,2,0,95,0,1,6.8,0,0,0,17,11,28,1,5,0.0,0.0,0,0,0,0,0,0,0.0,0,0,0,0.0,0,50,0,0,7,87.5,151,128,114,242,54.4,0,1,330,0,0,0,Finn Dahmen,1. FSV Mainz 05,822564,2556,germany,2223
23,4,25.0,148,26,37.14,281,297,574,73.4,26,43.33,34,32,0,0,0,0,,2,3,5,6,35,32,0,0,31,49,172,0,0,1.38,2.19,46,0,8.0,,2,2,52,42,10,2,0,,165,54.46,0,0,1,208,35,11,0,31,2528,0,,0,0,0,0,0.0,0,0,0,0,296,25,0,6.8,0,2,0,0,0,0,0,0,1264.0,0.0,0,11,14,11,9,20,62.5,0,113,68,60.18,11,53,32,16,191,52.62,70,444,354,782,217.5,25,0,1238,32,8,0,Tom Krauß,FC Schalke 04,930272,2530,germany,2223
9,5,33.33,90,10,76.92,167,73,235,74.37,24,35.82,43,29,3,0,0,0,,4,1,11,0,8,29,0,0,22,6,94,0,0,1.35,2.75,19,0,16.67,,5,8,17,16,1,5,0,,38,42.7,1,0,1,81,6,18,3,16,1314,1,,0,0,0,0,0.0,0,0,0,0,164,8,0,6.8,0,1,0,0,0,0,0,0,262.8,0.0,2,21,9,8,11,9,56.25,0,9,4,44.44,18,13,16,15,62,39.74,13,234,97,316,197.1,30,1,543,20,2,0,Adam Hložek,Bayer 04 Leverkusen,963801,2681,germany,2223
32,0,0.0,83,52,42.98,295,759,1054,86.18,51,57.95,37,26,0,0,0,0,,0,1,0,7,82,26,0,0,3,6,71,1,0,0.26,0.39,24,0,25.0,,1,1,31,25,6,1,0,,40,54.05,1,0,0,169,31,1,0,23,1931,0,,0,0,0,0,0.0,0,0,0,0,182,2,0,6.8,0,0,0,0,0,0,0,0,1931.0,0.0,0,4,0,1,3,2,50.0,0,29,17,58.62,1,91,4,3,91,56.17,121,400,826,1223,176.7,4,1,1457,9,8,0,Sebastiaan Bornauw,VfL Wolfsburg,826167,2524,germany,2223
32,0,0.0,69,52,36.62,147,387,534,71.87,69,63.3,40,17,2,0,0,0,,2,0,2,2,73,17,0,0,6,17,85,0,2,0.54,0.47,22,0,14.29,,1,3,26,25,1,1,0,,48,51.61,1,0,0,209,33,5,0,17,1498,0,,0,0,0,1,0.0,0,0,0,0,237,3,0,6.79,0,0,0,0,0,0,0,0,1498.0,0.0,0,6,1,3,2,4,80.0,0,35,23,65.71,5,103,5,6,117,57.92,142,291,458,743,115.5,7,0,975,9,5,0,Andreas Hanche-Olsen,1. FSV Mainz 05,794294,2556,germany,2223
6,3,20.0,81,6,46.15,130,65,192,58.9,67,42.68,90,30,1,0,0,0,,3,5,5,1,17,30,0,0,21,10,144,0,0,1.28,5.03,11,0,17.14,,6,7,24,22,2,5,1,,33,37.93,2,0,3,134,8,17,3,17,1598,10,,0,0,0,0,0.0,0,0,0,0,217,9,0,6.79,0,1,0,0,0,0,0,0,266.33,0.0,0,31,4,18,12,10,45.45,0,12,7,58.33,17,12,22,15,100,40.98,13,250,91,326,203.8,35,2,574,11,1,0,Steffen Tigges,1. FC Köln,826884,2671,germany,2223
27,0,0.0,35,55,45.08,144,479,623,81.01,64,68.09,30,15,0,0,0,0,,0,0,3,1,104,15,0,0,1,5,56,0,0,0.11,0.37,21,0,0.0,,0,0,28,27,1,0,0,,34,56.67,0,0,0,146,10,0,0,15,1350,2,,0,0,0,1,0.0,0,0,0,0,152,0,0,6.79,0,0,0,0,0,0,0,0,0.0,0.0,0,7,0,4,0,2,66.67,0,18,12,66.67,0,78,3,0,98,63.64,122,234,535,769,101.9,7,0,972,14,4,0,John Brooks,TSG Hoffenheim,132149,2569,germany,2223
16,3,27.27,83,19,52.78,135,100,232,76.07,7,41.18,10,14,0,0,0,0,,1,0,1,0,2,14,0,0,8,12,53,0,0,1.11,0.84,12,0,33.33,,2,2,9,8,1,2,0,,63,59.43,0,0,0,73,9,4,0,11,879,1,,0,0,0,1,0.0,0,0,0,1,128,4,0,6.79,0,2,0,0,0,0,0,0,439.5,0.0,0,4,2,3,2,14,50.0,0,14,7,50.0,4,29,28,11,70,56.91,36,194,122,305,95.1,6,0,494,35,4,0,Aissa Laïdouni,1. FC Union Berlin,828077,2547,germany,2223
5,0,0.0,16,2,15.38,22,10,32,43.24,13,44.83,16,7,0,0,0,0,,0,0,3,2,10,7,0,0,1,4,31,0,0,0.04,0.41,8,0,28.57,,2,2,6,5,1,1,1,,13,46.43,1,0,0,42,4,1,1,4,389,1,,0,0,0,0,0.0,0,0,0,0,68,6,0,6.79,0,0,0,0,0,0,0,0,194.5,0.0,0,3,4,2,2,1,20.0,0,9,5,55.56,1,14,5,6,26,45.61,13,65,15,74,47.5,7,0,162,3,1,0,André Hahn,FC Augsburg,40326,2600,germany,2223
50,6,35.29,84,74,43.27,280,649,923,79.02,68,68.69,31,29,1,0,0,0,,0,0,1,1,88,27,0,0,8,16,77,1,0,0.91,0.72,24,0,18.18,,2,3,39,32,7,2,0,,62,57.41,2,0,0,245,29,5,0,22,1955,2,,0,0,0,1,0.0,0,0,0,0,280,2,0,6.78,0,0,0,0,0,0,0,0,977.5,0.0,0,9,2,6,4,1,100.0,0,46,28,60.87,5,131,1,17,130,62.8,171,450,735,1168,183.1,11,0,1481,15,9,0,Amos Pieper,SV Werder Bremen,851254,2534,germany,2223
3,4,26.67,19,4,44.44,34,17,47,68.12,3,27.27,8,5,0,0,0,0,,0,1,2,1,3,5,0,0,8,2,34,0,0,0.44,1.08,7,0,7.14,,1,1,5,4,1,1,0,,17,39.53,0,0,1,22,3,4,0,5,383,0,,0,0,0,0,0.0,0,0,0,0,59,3,0,6.78,0,1,0,0,0,0,0,0,383.0,0.0,0,8,6,6,6,6,40.0,0,6,4,66.67,4,3,15,15,20,37.04,9,60,24,69,33.9,14,0,174,5,1,0,Soichiro Kozuki,FC Schalke 04,905353,2530,germany,2223
80,1,6.67,91,98,41.53,278,665,942,76.96,103,60.59,67,30,0,0,0,0,,0,2,2,5,131,30,0,0,4,22,138,0,0,0.83,0.66,47,0,0.0,,0,0,40,36,4,0,0,,60,45.8,0,0,0,282,44,8,0,26,2395,4,,0,0,0,0,0.0,0,0,0,0,320,4,0,6.78,0,0,0,0,0,0,0,0,0.0,0.0,0,7,0,3,2,6,100.0,0,43,28,65.12,8,179,6,15,163,54.15,236,475,764,1224,203.4,7,1,1600,11,9,0,Stefan Bell,1. FSV Mainz 05,106662,2556,germany,2223
20,1,25.0,59,25,41.67,177,497,673,88.2,15,45.45,18,15,0,0,0,0,,0,0,5,4,29,15,0,0,4,7,36,0,0,0.48,0.34,6,0,0.0,,0,0,9,7,2,0,0,,20,52.63,0,0,0,90,13,1,0,10,915,1,,0,0,0,0,0.0,0,0,0,0,105,3,0,6.78,0,0,0,0,0,0,0,0,0.0,0.0,0,4,2,0,1,1,50.0,0,16,8,50.0,1,50,2,4,35,49.3,60,236,531,763,101.7,6,1,884,3,0,0,Lukas Klostermann,RB Leipzig,319853,36360,germany,2223
120,0,0.0,100,146,53.09,326,817,1143,81.64,58,56.31,45,29,1,0,0,0,,1,0,0,3,99,29,0,0,0,11,79,0,0,0.77,0.49,24,0,25.0,,1,2,50,45,5,1,0,,42,55.26,0,0,0,257,33,7,0,25,2264,0,,0,0,0,1,0.0,0,0,0,0,269,1,0,6.78,0,1,0,0,0,0,0,0,2264.0,0.0,0,4,0,2,2,3,75.0,0,30,19,63.33,7,215,4,3,100,55.87,275,490,913,1400,196.6,4,1,1668,9,2,0,Miloš Veljković,SV Werder Bremen,227224,2534,germany,2223
7,1,4.0,151,10,55.56,231,92,322,77.22,10,71.43,4,24,5,1,0,0,,9,6,8,1,3,24,0,0,26,22,120,0,0,3.69,5.05,21,0,15.79,,6,11,17,12,5,6,0,,80,40.82,1,0,1,95,7,29,2,20,1398,1,,0,0,1,0,0.0,0,0,0,0,245,12,0,6.78,0,3,0,0,0,0,0,0,233.0,0.0,0,25,13,16,14,34,40.96,0,16,11,68.75,29,17,83,25,90,42.86,18,326,116,417,162.7,38,1,758,30,9,0,Karim Adeyemi,Borussia Dortmund,940054,2673,germany,2223
21,13,35.14,124,19,37.25,221,169,377,71.81,20,37.04,34,32,6,0,0,0,,9,4,9,3,22,32,0,0,19,20,121,0,1,4.37,4.41,27,0,13.33,,4,10,35,30,5,4,0,,70,44.59,1,0,2,148,21,27,0,21,1841,4,,0,0,0,0,0.0,0,0,0,0,263,14,0,6.78,0,3,0,0,0,0,0,0,460.25,0.0,4,19,11,11,10,17,43.59,0,25,16,64.0,27,49,39,37,90,42.65,51,361,201,525,216.9,30,2,880,28,4,0,Mattias Svanberg,VfL Wolfsburg,796987,2524,germany,2223
2,0,0.0,91,2,28.57,117,47,164,55.59,106,53.27,93,31,3,0,1,1,,2,4,5,0,15,31,0,0,26,15,174,0,0,1.11,4.54,37,0,11.76,,4,7,15,15,0,3,1,,37,31.36,2,0,1,131,4,18,0,16,1367,9,,0,0,2,0,0.0,0,0,0,0,211,7,0,6.78,0,2,0,0,0,0,0,0,341.75,0.0,0,32,2,22,7,9,56.25,0,15,7,46.67,18,5,16,2,143,45.11,7,238,59,295,210.1,34,1,538,13,3,0,Jordan Siebatcheu,1. FC Union Berlin,788786,2547,germany,2223
7,7,31.82,65,6,42.86,102,44,139,79.89,3,37.5,5,22,3,0,0,0,,3,0,1,0,8,22,0,0,4,3,23,0,0,1.36,0.17,4,0,25.0,,1,4,8,7,1,1,0,,35,66.04,0,0,0,35,6,14,1,1,519,2,,0,0,0,0,0.0,0,0,0,0,74,6,0,6.78,0,0,0,0,0,0,0,0,519.0,0.0,0,2,2,1,2,4,36.36,0,13,9,69.23,14,13,11,22,38,62.3,14,141,55,174,149.1,4,0,308,18,2,0,Kevin Paredes,VfL Wolfsburg,1016810,2524,germany,2223
7,5,27.78,137,7,46.67,266,157,418,78.13,29,41.43,41,26,3,0,0,0,,2,6,8,0,5,26,0,2,18,12,132,0,0,1.91,5.04,39,0,13.51,,5,8,17,16,1,4,1,,91,50.0,0,0,1,117,6,20,5,16,1442,4,,0,0,0,1,0.0,0,0,0,2,234,12,0,6.78,2,0,0,0,0,0,0,0,288.4,0.0,1,31,6,12,17,26,54.17,0,18,10,55.56,20,13,48,18,120,47.62,15,359,194,535,176.2,37,1,863,47,2,0,Amine Adli,Bayer 04 Leverkusen,991478,2681,germany,2223
25,7,38.89,163,20,38.46,286,212,491,76.01,22,35.48,40,29,4,0,0,0,,3,6,4,6,23,28,0,0,10,18,95,0,0,2.0,5.72,18,0,22.22,,6,10,25,22,3,6,0,,54,49.54,1,0,2,155,7,20,4,22,1873,2,,0,0,0,1,0.0,0,0,0,0,215,10,0,6.78,0,1,0,0,0,0,0,0,312.17,0.0,0,24,3,10,13,4,26.67,0,29,15,51.72,20,40,15,18,76,44.44,52,406,258,646,189.7,27,1,892,21,3,0,Yannick Gerhardt,VfL Wolfsburg,169255,2524,germany,2223
20,4,28.57,177,23,51.11,285,198,479,73.81,39,43.33,51,32,1,0,0,0,,3,1,7,0,24,32,0,0,19,31,148,0,0,1.37,3.28,34,0,15.63,,5,6,26,25,1,2,3,,77,44.25,0,0,0,170,14,23,1,30,2212,1,,0,0,0,0,0.0,0,0,0,0,260,19,0,6.78,0,4,0,0,0,0,0,0,442.4,0.0,0,17,15,11,14,11,44.0,0,29,17,58.62,23,34,25,14,116,43.94,45,415,248,649,216.8,32,1,989,38,1,0,Janik Haberer,1. FC Union Berlin,168985,2547,germany,2223
14,6,30.0,136,23,41.07,302,393,689,79.65,57,51.82,53,29,1,0,0,0,,1,1,10,3,43,28,0,0,25,30,149,0,0,1.31,1.68,40,0,3.57,,1,2,33,28,5,1,0,,100,51.02,0,0,0,176,33,7,0,23,2025,0,,0,0,0,0,0.0,0,0,0,0,259,11,0,6.78,0,1,0,0,0,0,0,0,2025.0,0.0,0,9,19,10,8,7,58.33,0,66,41,62.12,7,35,12,20,157,51.31,56,436,449,865,189.7,28,0,1252,27,6,0,Eric Martel,1. FC Köln,988639,2671,germany,2223
128,9,33.33,163,183,53.67,455,935,1381,82.3,48,51.06,46,30,0,0,0,0,,1,0,2,3,122,30,0,1,9,27,109,0,1,1.61,0.53,24,0,0.0,,0,0,54,48,6,0,0,,95,60.13,0,0,0,297,58,8,0,30,2597,2,,2,0,0,0,0.0,0,0,0,0,358,5,0,6.77,1,0,0,0,0,0,0,0,0.0,0.0,0,3,3,3,1,10,66.67,0,62,45,72.58,8,250,15,27,143,56.75,341,676,1029,1678,203.2,6,1,2148,24,8,0,Marco Friedl,SV Werder Bremen,825771,2534,germany,2223
7,2,18.18,25,3,60.0,45,26,69,71.88,8,34.78,15,11,2,0,0,1,,2,4,5,0,1,11,0,0,9,3,40,0,0,1.61,2.99,6,0,4.76,,1,3,12,10,2,1,0,,25,50.0,0,0,1,27,1,7,0,7,536,3,,0,0,1,0,0.0,0,0,0,2,74,4,0,6.77,0,1,0,0,0,0,0,0,536.0,0.0,0,20,1,9,7,11,57.89,0,3,1,33.33,7,8,19,11,33,45.21,5,73,34,96,74.5,21,0,210,11,2,0,Jonathan Burkardt,1. FSV Mainz 05,939830,2556,germany,2223
12,1,16.67,76,16,64.0,138,138,275,78.13,16,61.54,10,20,1,0,0,0,,2,0,2,0,13,18,0,0,11,4,39,0,0,0.58,0.3,11,0,14.29,,1,2,12,12,0,0,1,,32,52.46,0,0,0,77,10,3,1,6,715,0,,0,0,0,0,0.0,0,0,0,0,113,8,0,6.77,0,0,0,0,0,0,0,0,715.0,0.0,0,1,6,2,3,3,50.0,0,26,12,46.15,3,19,6,6,48,55.17,25,206,152,352,121.9,7,0,489,3,1,0,Angelo Stiller,TSG Hoffenheim,901882,2569,germany,2223
74,20,25.0,106,112,41.64,294,506,780,73.45,38,47.5,42,32,3,0,0,0,,1,0,6,3,83,32,0,0,14,16,105,2,0,1.99,0.66,29,0,0.0,,0,3,45,40,5,0,0,,66,51.16,0,0,0,282,54,15,0,28,2441,0,,0,0,0,0,0.0,0,0,0,0,392,3,0,6.77,0,0,0,0,0,0,0,0,0.0,0.0,4,4,11,6,3,17,80.95,0,35,25,71.43,15,196,21,80,104,49.76,269,560,582,1062,216.7,15,1,1542,14,4,0,Edimilson Fernandes,1. FSV Mainz 05,330099,2556,germany,2223
6,10,21.74,108,3,27.27,201,120,311,67.9,6,20.0,24,27,2,0,0,0,,4,4,15,1,6,27,0,0,34,15,142,0,0,3.15,5.94,19,0,15.56,,7,9,28,25,3,7,0,,73,38.22,0,0,0,147,9,19,0,22,1693,3,,0,0,0,0,0.0,0,0,0,1,353,17,0,6.77,0,7,0,0,0,0,0,0,241.86,0.0,4,29,16,11,19,28,35.0,0,26,11,42.31,19,21,80,46,79,35.75,11,348,156,458,182.8,45,1,875,19,2,0,Jesper Lindstrøm,Eintracht Frankfurt,947929,2674,germany,2223
38,2,20.0,149,37,38.14,314,336,648,68.28,92,54.76,76,31,2,0,0,0,,4,4,4,5,64,31,0,1,10,39,181,0,0,2.23,1.93,47,0,7.41,,2,4,64,59,5,0,2,,102,49.28,0,0,0,301,37,14,0,31,2725,3,,0,0,0,1,0.0,0,0,0,0,356,18,0,6.76,1,2,0,0,0,0,0,0,1362.5,0.0,0,16,11,15,8,9,47.37,0,76,49,64.47,14,98,19,10,194,51.73,97,545,414,949,209.7,27,0,1344,17,6,0,Anthony Losilla,VfL Bochum 1848,119179,2542,germany,2223
33,0,0.0,92,47,58.02,269,407,676,84.61,43,57.33,32,23,0,0,0,0,,1,0,0,3,52,22,0,0,6,11,77,0,0,0.96,0.54,29,0,16.67,,1,1,19,17,2,1,0,,29,39.19,0,0,0,123,23,4,0,11,1180,2,,1,0,0,1,0.0,0,0,0,0,141,1,0,6.76,0,1,0,0,0,0,0,0,1180.0,0.0,0,5,1,4,2,3,100.0,0,18,11,61.11,4,59,3,2,72,48.32,81,352,449,799,148.8,6,1,970,8,4,0,Josuha Guilavogui,VfL Wolfsburg,45686,2524,germany,2223
2,2,22.22,39,2,28.57,65,23,86,71.07,0,0.0,4,14,0,0,0,0,,2,1,2,0,0,13,0,0,9,7,39,0,0,0.67,2.27,8,0,33.33,,4,4,6,6,0,3,1,,28,44.44,0,0,0,35,3,6,3,0,322,3,,0,0,1,0,100.0,0,1,0,0,73,3,0,6.76,0,1,0,0,0,0,0,0,80.5,0.0,0,6,6,3,7,11,50.0,0,12,9,75.0,6,7,22,9,28,41.79,7,98,32,121,87.9,12,0,238,5,3,0,Tanguy Coulibaly,VfB Stuttgart,954060,2677,germany,2223
8,0,0.0,45,10,38.46,128,119,247,83.16,2,22.22,7,10,0,0,0,0,,0,0,2,0,4,10,0,0,2,8,24,0,0,0.18,0.32,7,0,20.0,,1,1,10,8,2,1,0,,31,64.58,0,0,0,50,7,3,0,4,490,0,,0,0,0,0,0.0,0,0,0,0,74,2,0,6.76,0,1,0,0,0,0,0,0,490.0,0.0,0,3,2,1,2,4,80.0,0,17,7,41.18,3,25,5,12,33,57.89,26,170,139,297,67.6,5,0,385,10,1,0,Charles Aránguiz,Bayer 04 Leverkusen,18304,2681,germany,2223
65,2,66.67,105,104,60.47,358,674,1030,86.34,11,44.0,14,22,0,0,0,0,,1,0,0,4,65,22,0,0,3,13,52,0,0,0.75,0.0,22,0,0.0,,0,0,27,26,1,0,0,,28,42.42,0,0,0,163,26,4,0,22,1779,0,,0,0,0,0,0.0,0,0,0,0,181,1,0,6.76,0,0,0,0,0,0,0,0,0.0,0.0,0,0,0,0,0,2,100.0,0,15,10,66.67,4,124,2,3,39,42.86,172,469,727,1193,148.7,0,0,1379,11,8,0,Kevin Vogt,TSG Hoffenheim,48660,2569,germany,2223
5,2,25.0,93,13,31.71,186,138,322,72.69,23,53.49,20,19,1,0,0,0,,2,2,4,0,19,19,0,0,15,17,89,0,0,1.33,3.66,15,0,11.54,,3,4,19,16,3,3,0,,58,45.67,1,0,0,121,11,9,0,10,1065,2,,0,0,0,0,0.0,0,0,0,0,210,4,0,6.76,0,2,0,0,0,0,0,0,355.0,0.0,0,17,9,12,10,17,43.59,0,30,19,63.33,9,20,39,8,81,47.65,41,269,182,443,128.4,26,0,738,11,4,0,Junior Dina Ebimbe,Eintracht Frankfurt,904994,2674,germany,2223
35,15,33.33,149,31,40.79,332,453,770,79.22,26,61.9,16,31,1,0,0,0,,2,1,0,0,26,30,0,0,7,18,66,0,0,1.76,1.11,19,0,11.11,,1,2,21,18,3,1,0,,57,53.27,0,0,0,202,21,19,1,17,1568,0,,0,0,0,0,0.0,0,0,0,1,288,11,0,6.76,0,0,0,0,0,0,0,0,1568.0,0.0,0,9,0,5,4,10,58.82,0,40,21,52.5,19,85,17,45,83,55.7,76,496,521,972,202.7,9,0,1368,7,2,0,Marcel Halstenberg,RB Leipzig,103364,36360,germany,2223
30,2,20.0,78,36,37.11,226,479,703,79.26,29,49.15,30,24,0,0,0,0,,1,0,1,2,45,23,0,0,6,19,78,1,0,0.91,0.73,18,0,12.5,,1,1,21,17,4,1,0,,48,50.0,1,0,1,184,14,7,0,17,1467,1,,0,0,0,0,0.0,0,0,0,0,239,4,0,6.76,0,0,0,0,0,0,0,0,1467.0,0.0,0,4,4,3,4,8,53.33,0,33,21,63.64,7,77,15,10,77,49.68,97,352,545,887,155.4,8,1,1167,7,4,0,Kristijan Jakić,Eintracht Frankfurt,796206,2674,germany,2223
3,3,18.75,86,11,73.33,153,70,220,81.48,5,62.5,3,20,3,0,0,0,,3,1,5,0,1,20,0,0,20,4,69,0,0,0.87,1.46,2,0,0.0,,0,3,12,11,1,0,0,,62,48.44,0,0,1,50,4,10,0,9,885,1,,0,0,0,0,0.0,0,0,0,0,163,11,0,6.76,0,0,0,0,0,0,0,0,0.0,0.0,0,11,13,13,6,47,54.02,0,5,4,80.0,10,8,87,16,67,49.26,15,201,85,270,135.1,24,0,508,10,0,0,Chidera Ejuke,Hertha BSC,875890,2528,germany,2223
9,0,0.0,61,11,64.71,97,64,161,65.98,22,32.35,46,23,1,0,0,0,,6,3,9,0,14,22,0,0,10,6,83,0,0,1.44,3.52,17,0,14.29,,4,5,17,15,2,4,0,,13,26.0,1,0,3,83,2,14,0,8,930,8,,0,0,0,0,0.0,0,0,0,1,125,5,0,6.75,0,3,0,0,0,0,0,0,232.5,0.0,0,26,2,9,10,6,54.55,0,6,3,50.0,14,17,11,0,35,29.66,17,164,80,244,148.6,28,0,366,1,1,0,Sardar Azmoun,Bayer 04 Leverkusen,150998,2681,germany,2223
0,1,16.67,16,1,33.33,22,6,27,51.92,14,38.89,22,13,1,0,0,0,,0,0,6,0,2,12,0,0,10,3,56,0,0,0.55,1.4,11,0,7.69,,1,2,2,2,0,1,0,,32,48.48,0,0,1,25,1,5,0,3,346,1,,0,0,0,0,0.0,0,0,0,0,67,1,0,6.75,0,1,0,0,0,0,0,0,346.0,0.0,0,10,3,5,2,15,60.0,0,6,4,66.67,5,3,25,6,46,45.1,3,50,8,52,81.0,13,0,167,11,0,0,Kelvin Yeboah,FC Augsburg,940262,2600,germany,2223
35,0,0.0,53,62,41.33,166,558,724,72.91,138,66.35,70,30,0,0,0,0,,2,3,3,5,135,30,0,0,4,12,118,0,0,0.99,1.36,32,0,0.0,,0,0,58,53,5,0,0,,56,53.85,0,0,1,269,57,8,0,28,2464,3,,0,0,0,1,0.0,0,0,0,1,289,1,0,6.75,0,0,0,0,0,0,0,0,0.0,0.0,0,16,1,13,1,2,66.67,0,31,19,61.29,8,88,3,1,194,62.18,150,344,650,993,202.5,17,0,1373,23,4,0,Ivan Ordets,VfL Bochum 1848,137673,2542,germany,2223
0,1,16.67,5,0,0.0,10,3,12,70.59,1,33.33,2,2,0,0,0,0,,0,0,0,0,0,2,0,0,1,0,3,0,0,0.12,0.02,0,0,0.0,,0,0,1,1,0,0,0,,3,75.0,0,0,0,5,1,2,0,0,37,0,,0,0,0,0,0.0,0,0,0,0,11,0,0,6.75,0,0,0,0,0,0,0,0,0.0,0.0,0,1,0,1,0,2,100.0,0,0,0,0.0,2,0,2,6,4,57.14,0,20,3,17,13.5,1,0,31,1,0,0,Dimitris Limnios,1. FC Köln,591044,2671,germany,2223
6,1,16.67,89,4,44.44,150,51,200,72.2,7,24.14,22,21,2,0,0,0,,1,3,2,0,0,21,0,1,21,6,77,0,0,2.2,3.51,12,0,27.27,,6,8,16,15,1,6,0,,41,42.71,1,0,0,77,5,16,1,8,930,10,,0,0,0,0,0.0,0,0,0,0,149,10,0,6.75,1,4,0,0,0,0,0,0,155.0,0.0,0,17,5,6,14,13,44.83,0,11,8,72.73,16,19,29,6,48,38.4,9,219,64,277,141.7,22,1,460,17,3,0,Munas Dabbur,TSG Hoffenheim,114379,2569,germany,2223
31,0,0.0,63,48,37.5,176,486,662,81.13,46,46.0,54,29,0,0,0,0,,1,1,5,4,78,28,0,0,3,21,104,0,0,1.03,2.58,24,0,23.53,,4,4,46,43,3,4,0,,57,53.27,2,0,0,154,27,10,0,23,2181,0,,1,0,0,1,0.0,0,0,0,0,174,2,0,6.75,0,2,0,0,0,0,0,0,545.25,0.0,1,13,4,2,10,2,40.0,0,50,31,62.0,10,75,5,2,103,49.76,128,279,539,816,188.9,17,0,1095,5,3,0,Erhan Mašović,VfL Bochum 1848,833213,2542,germany,2223
17,3,37.5,101,21,56.76,258,277,532,91.72,6,66.67,3,14,0,0,0,0,,1,0,0,0,10,13,0,0,3,5,18,0,3,0.72,0.0,5,0,0.0,,0,0,10,10,0,0,0,,27,64.29,0,0,0,48,7,4,0,4,571,0,,0,0,0,0,0.0,0,0,0,0,68,2,0,6.75,0,0,0,0,0,0,0,0,0.0,0.0,0,0,0,0,0,5,71.43,0,19,11,57.89,4,29,7,8,33,64.71,37,294,294,580,87.7,0,0,706,3,1,0,Josip Stanišić,FC Bayern München,927407,2672,germany,2223
36,1,12.5,185,30,57.69,365,344,708,84.09,13,56.52,10,27,1,0,0,0,,1,0,1,0,12,27,0,0,6,31,70,0,0,1.32,0.88,22,0,44.44,,4,5,29,27,2,4,0,,62,50.82,1,0,0,134,16,12,1,19,1423,0,,0,0,0,0,0.0,0,0,0,0,168,11,0,6.74,0,2,0,0,0,0,0,0,355.75,0.0,0,6,3,4,4,7,63.64,0,38,24,63.16,12,63,11,8,75,51.72,52,472,378,842,182.1,9,0,1033,18,6,0,Sebastian Rode,Eintracht Frankfurt,35194,2674,germany,2223
6,1,20.0,56,5,83.33,101,57,157,65.15,47,45.63,56,18,2,0,0,0,,4,1,1,0,14,18,0,0,23,11,122,0,0,0.9,1.55,26,0,23.08,,3,5,27,23,4,3,0,,24,26.67,1,0,0,84,1,15,1,16,1134,7,,0,0,0,0,0.0,0,0,0,0,155,13,0,6.74,0,1,0,0,0,0,0,0,378.0,0.0,0,9,4,7,5,7,53.85,0,7,6,85.71,15,9,13,5,71,36.79,6,180,66,241,121.4,13,0,412,10,2,0,Dion Drena Beljo,FC Augsburg,995773,2600,germany,2223
13,0,0.0,84,5,55.56,134,77,211,67.85,72,37.5,120,32,0,0,0,1,,4,7,6,0,9,32,0,0,16,11,190,0,0,1.41,6.32,37,0,11.36,,5,5,40,34,6,5,0,,52,42.62,1,0,4,100,6,22,2,21,1839,26,,0,0,1,0,0.0,0,0,0,2,172,8,0,6.74,0,2,0,0,0,0,0,0,367.8,0.0,0,41,3,18,20,2,20.0,0,15,8,53.33,22,17,10,2,124,39.49,9,226,87,311,215.8,44,0,553,36,5,0,Simon Terodde,FC Schalke 04,26231,2530,germany,2223
19,0,0.0,7,54,56.84,19,226,245,85.37,1,100.0,0,7,0,0,0,0,,0,0,0,1,3,7,0,0,0,1,1,0,0,0.01,0.0,0,0,0.0,,0,0,12,9,3,0,0,-3.95,0,0.0,0,8,0,42,0,0,0,7,630,0,,0,0,0,0,0.0,0,0,0,0,43,0,2,6.74,0,0,6,14,6,20,0,2,0.0,0.0,0,0,0,0,0,0,0.0,6,0,0,0.0,0,28,0,0,1,50.0,95,45,242,287,47.2,0,0,356,0,0,0,Alexander Meyer,Borussia Dortmund,138491,2673,germany,2223
0,1,50.0,37,1,33.33,60,24,83,54.25,39,52.7,35,19,3,0,0,0,,3,1,2,0,6,19,0,0,11,3,74,0,0,0.84,1.98,23,0,16.67,,2,5,22,20,2,2,0,,17,30.36,1,0,0,70,1,9,0,5,637,3,,0,0,0,0,0.0,0,0,0,0,115,4,0,6.74,0,1,0,0,0,0,0,0,318.5,0.0,0,12,0,3,7,2,50.0,0,4,3,75.0,9,2,4,2,56,43.08,3,128,27,153,128.1,12,0,254,11,3,0,Sebastian Polter,FC Schalke 04,39733,2530,germany,2223
12,8,44.44,86,11,34.38,134,89,215,70.26,13,54.17,11,20,3,0,0,0,,3,0,4,1,7,19,0,0,6,10,45,0,0,2.38,1.19,13,0,6.67,,1,4,11,11,0,1,0,,27,44.26,0,0,0,91,6,10,0,4,688,0,,0,0,0,1,0.0,0,0,0,0,124,3,0,6.74,0,1,0,0,0,0,0,0,688.0,0.0,0,5,10,7,4,7,53.85,0,17,8,47.06,10,35,13,18,40,47.06,32,211,113,306,128.1,15,0,431,3,4,0,Paul Seguin,1. FC Union Berlin,253687,2547,germany,2223
12,0,0.0,75,8,40.0,123,88,211,63.17,47,37.6,78,30,1,0,0,0,,0,6,11,0,18,30,0,0,17,9,141,0,0,1.1,5.13,21,0,10.2,,5,6,31,29,2,5,0,,63,50.0,0,0,0,123,4,9,2,21,1706,18,,0,0,0,0,0.0,0,0,0,0,201,12,0,6.74,0,3,0,0,0,0,0,0,341.2,0.0,0,38,11,16,22,16,43.24,0,19,12,63.16,9,24,37,8,110,43.82,20,234,108,334,202.2,49,0,635,28,3,0,Florian Niederlechner,Hertha BSC,156146,2528,germany,2223
38,5,45.45,154,45,34.62,341,437,773,75.41,44,59.46,30,33,0,0,0,0,,0,0,8,12,29,33,0,0,17,25,130,0,0,1.17,1.66,52,0,8.33,,2,2,32,31,1,2,0,,84,45.65,0,0,0,252,40,8,1,33,2887,0,,0,0,0,0,0.0,0,0,0,0,312,6,0,6.74,0,1,0,0,0,0,0,0,1443.5,0.0,0,9,15,13,3,10,58.82,0,60,33,55.0,8,103,17,11,128,49.61,130,525,511,1025,222.4,24,1,1362,14,8,0,Rani Khedira,1. FC Union Berlin,149479,2547,germany,2223
8,7,14.58,95,6,27.27,139,62,194,63.82,14,36.84,24,23,4,0,0,0,,3,1,7,0,16,23,0,0,10,6,75,0,1,1.92,1.17,16,0,14.29,,3,7,20,17,3,3,0,,52,50.49,0,0,0,110,6,16,1,13,1135,3,,0,0,0,0,0.0,0,0,0,1,220,6,0,6.74,0,2,0,0,0,0,0,0,378.33,0.0,1,12,9,8,6,21,48.84,0,15,7,46.67,16,29,43,48,66,46.81,22,261,91,304,155.0,21,0,566,16,4,0,Ruben Vargas,FC Augsburg,872919,2600,germany,2223
40,19,20.88,213,44,37.29,403,539,923,80.61,18,47.37,20,30,0,0,0,0,,4,1,5,6,40,30,0,0,32,28,147,0,0,3.4,1.17,31,0,3.85,,1,1,34,31,3,0,1,,121,48.79,0,0,0,222,20,21,1,29,2458,2,,0,0,0,0,0.0,0,0,0,0,435,11,0,6.74,0,0,0,0,0,0,0,0,2458.0,0.0,0,9,17,12,9,35,48.61,0,55,32,58.18,21,98,72,91,139,48.6,118,612,624,1145,202.1,26,1,1907,31,4,0,Julian Ryerson,Borussia Dortmund,800951,2673,germany,2223
15,8,22.86,216,20,52.63,324,133,449,76.36,13,32.5,27,31,2,0,0,0,,6,9,9,2,11,31,0,0,31,20,121,0,0,3.89,5.02,9,0,10.26,,4,6,27,24,3,4,0,,77,45.03,1,0,1,139,8,28,0,25,2067,3,,0,0,0,0,0.0,0,0,0,1,296,16,0,6.74,0,3,0,0,0,0,0,0,516.75,0.0,0,30,9,14,16,28,45.16,0,36,25,69.44,28,33,62,35,90,42.65,38,462,161,588,208.8,39,1,1017,13,0,0,Jakub Kamiński,VfL Wolfsburg,801263,2524,germany,2223
30,0,0.0,35,37,36.27,158,669,827,86.42,41,57.75,30,23,0,0,0,0,,0,1,1,3,51,17,0,0,2,3,38,0,0,0.64,0.85,3,0,11.11,,1,1,29,28,1,1,0,,22,73.33,0,0,0,130,11,5,0,13,1258,0,,0,0,0,0,0.0,0,0,0,0,143,1,0,6.74,0,0,0,0,0,0,0,0,1258.0,0.0,0,8,1,4,4,2,100.0,0,17,11,64.71,5,86,2,1,63,62.38,102,241,717,957,114.5,9,0,1112,3,2,0,Marvin Friedrich,Borussia M'gladbach,254449,2527,germany,2223
15,2,16.67,126,18,60.0,228,134,360,80.9,14,43.75,18,22,2,0,0,0,,1,0,5,0,14,21,0,0,8,18,58,0,0,0.73,0.55,8,0,0.0,,0,2,23,19,4,0,0,,70,63.64,0,0,0,85,11,15,0,15,1262,0,,1,0,0,0,0.0,0,0,0,0,135,4,0,6.73,0,0,0,0,0,0,0,0,0.0,0.0,1,4,7,4,2,14,70.0,0,28,15,53.57,15,27,20,12,84,59.15,30,288,169,445,141.4,11,0,647,28,1,0,Genki Haraguchi,VfB Stuttgart,48243,2677,germany,2223
1,0,0.0,5,6,66.67,16,92,108,87.8,10,66.67,5,3,0,0,0,0,,0,0,1,1,24,3,0,0,0,1,10,1,0,0.01,0.24,3,0,0.0,,0,0,8,6,2,0,0,,4,44.44,0,0,0,15,9,0,0,3,270,0,,0,0,0,0,0.0,0,0,0,0,16,0,0,6.73,0,0,0,0,0,0,0,0,0.0,0.0,0,2,0,0,1,1,50.0,0,3,1,33.33,0,3,2,0,14,58.33,9,25,98,123,20.2,2,0,174,0,2,0,Malick Thiaw,FC Schalke 04,1014286,2530,germany,2223
2,0,0.0,3,4,23.53,8,20,28,54.9,7,50.0,7,3,0,0,0,0,,0,0,0,0,5,3,0,0,0,0,7,0,0,0.11,0.0,0,0,0.0,,0,0,1,1,0,0,0,,3,100.0,0,0,0,23,1,1,0,1,98,0,,0,0,0,0,0.0,0,0,0,0,25,0,0,6.73,0,0,0,0,0,0,0,0,0.0,0.0,0,0,0,0,0,0,0.0,0,1,1,100.0,1,10,0,0,10,58.82,17,17,34,51,20.2,0,0,70,2,0,0,Reece Oxford,FC Augsburg,788768,2600,germany,2223
103,2,25.0,143,139,38.19,268,764,1030,70.69,81,55.48,65,32,1,0,0,0,,2,1,1,6,137,32,0,0,7,25,139,0,2,1.55,1.46,36,0,0.0,,0,1,56,47,9,0,0,,63,45.99,0,0,1,427,50,12,0,32,2797,2,,1,0,0,1,0.0,0,0,0,0,485,5,0,6.73,0,0,0,0,0,0,0,0,0.0,0.0,0,11,4,9,5,13,68.42,0,42,27,64.29,12,283,19,8,144,50.88,364,577,888,1457,215.4,15,0,1883,8,12,0,Jeffrey Gouweleeuw,FC Augsburg,146853,2600,germany,2223
2,2,11.76,51,4,50.0,79,20,97,60.25,25,34.72,47,21,1,0,0,0,,1,0,4,0,4,20,0,0,7,4,79,0,0,0.31,1.67,13,0,18.75,,3,4,5,5,0,3,0,,16,33.33,0,0,0,64,0,7,3,2,488,4,,0,0,1,0,100.0,0,1,0,0,118,10,0,6.73,0,0,0,0,0,0,0,0,162.67,0.0,0,7,9,8,4,3,25.0,0,9,5,55.56,7,6,12,17,41,34.17,8,146,32,161,134.6,16,1,276,4,2,0,Sven Michel,1. FC Union Berlin,246431,2547,germany,2223
47,11,20.37,153,68,48.23,313,380,682,74.86,25,53.19,22,29,1,0,0,0,,4,0,0,2,60,29,0,0,8,18,81,0,0,1.7,0.26,29,0,0.0,,0,1,44,42,2,0,0,,64,52.03,0,0,0,229,46,18,0,25,2245,0,,0,1,0,0,0.0,0,0,0,0,370,6,0,6.73,0,0,0,0,0,0,0,0,0.0,0.0,0,1,5,5,1,12,63.16,0,46,34,73.91,17,120,19,54,89,52.35,141,519,446,911,195.1,6,0,1521,6,3,0,Jonjoe Kenny,Hertha BSC,361310,2528,germany,2223
1,1,50.0,30,0,0.0,42,31,72,59.5,33,47.14,37,19,1,0,0,0,,2,4,2,1,21,19,0,0,9,3,67,0,0,0.46,4.39,14,0,8.7,,2,3,9,8,1,2,0,,11,26.83,2,0,0,49,2,7,0,7,815,6,,0,0,0,0,0.0,0,0,0,0,86,5,0,6.73,0,0,0,0,0,0,0,0,407.5,0.0,0,20,3,11,10,0,0.0,0,4,4,100.0,7,2,4,2,44,39.64,0,86,37,121,127.8,23,1,237,7,4,0,Anthony Modeste,Borussia Dortmund,21931,2673,germany,2223
20,9,34.62,35,28,40.0,97,163,251,72.33,15,42.86,20,19,2,0,0,0,,2,0,3,1,27,19,0,0,3,14,57,0,1,0.68,0.37,16,0,0.0,,0,2,23,18,5,0,0,,50,57.47,0,0,0,96,20,7,0,11,1053,0,,0,0,0,0,0.0,0,0,0,0,144,3,0,6.73,0,0,0,0,0,0,0,0,0.0,0.0,1,1,13,9,2,8,66.67,0,27,16,59.26,7,62,12,26,65,53.28,70,184,189,347,127.8,14,1,595,16,4,0,Konstantinos Stafylidis,VfL Bochum 1848,110850,2542,germany,2223
31,2,40.0,129,31,53.45,224,207,429,70.56,30,49.18,31,32,2,0,0,0,,4,1,12,0,21,32,0,0,32,21,149,0,0,1.83,1.93,33,0,17.39,,4,6,44,39,5,3,1,,118,50.0,1,0,0,179,28,18,1,24,2037,1,,0,0,0,0,0.0,0,0,0,0,285,11,0,6.73,0,2,0,0,0,0,0,0,509.25,0.0,0,13,10,4,7,36,52.17,0,51,23,45.1,18,54,69,5,148,49.83,58,362,251,608,215.2,23,0,1043,31,7,0,Suat Serdar,Hertha BSC,800408,2528,germany,2223
4,2,40.0,47,2,25.0,90,51,139,71.28,5,55.56,4,26,3,0,0,0,,3,11,4,1,1,25,0,0,20,3,60,0,0,0.98,6.43,8,0,20.0,,7,10,23,16,7,5,2,,38,40.43,1,0,0,56,2,12,4,11,1135,1,,0,0,0,0,0.0,0,0,0,0,136,14,0,6.72,0,2,0,0,0,0,0,0,162.14,0.0,0,24,11,12,19,17,39.53,0,13,7,53.85,12,8,43,5,43,41.75,8,136,64,195,168.1,35,0,391,8,0,0,Youssoufa Moukoko,Borussia Dortmund,997006,2673,germany,2223
45,10,21.74,156,52,40.0,375,526,891,76.61,37,56.06,29,34,5,0,0,0,,2,1,6,3,58,34,0,0,17,27,107,0,0,1.72,1.3,23,0,11.76,,2,7,59,52,7,2,0,,83,51.55,0,0,0,272,22,22,1,32,2635,1,,0,0,0,0,0.0,0,0,0,0,398,12,0,6.72,0,1,0,0,0,0,0,0,1317.5,0.0,0,12,5,5,6,13,54.17,0,46,27,58.7,22,120,24,46,120,52.86,130,601,608,1163,228.6,17,0,1751,24,2,0,Anthony Jung,SV Werder Bremen,103442,2534,germany,2223
53,0,0.0,71,62,51.24,247,636,883,88.04,15,38.46,24,18,0,0,0,0,,1,0,0,2,45,18,0,0,1,15,47,0,0,0.46,0.0,7,0,0.0,,0,0,23,22,1,0,0,,33,58.93,0,0,0,120,17,2,0,15,1309,0,,0,0,0,0,0.0,0,0,0,0,130,0,0,6.72,0,0,0,0,0,0,0,0,0.0,0.0,0,0,0,0,0,0,0.0,0,18,12,66.67,2,109,0,2,48,50.53,121,336,669,1003,121.0,0,1,1153,15,1,0,Makoto Hasebe,Eintracht Frankfurt,24397,2674,germany,2223
2,1,25.0,64,1,25.0,121,49,169,69.83,30,44.12,38,14,1,0,0,0,,0,7,9,0,7,14,0,0,13,1,65,0,0,0.43,4.59,5,0,8.82,,3,4,21,19,2,3,0,,23,46.0,1,0,1,73,1,10,2,10,941,0,,0,0,0,0,0.0,0,0,0,0,128,3,0,6.72,0,0,0,0,0,0,0,0,313.67,0.0,1,29,5,11,14,7,46.67,0,0,0,0.0,10,3,15,4,53,44.92,4,181,65,242,94.1,34,0,393,16,0,0,Patrik Schick,Bayer 04 Leverkusen,280609,2681,germany,2223
26,14,21.88,153,26,44.07,240,177,403,69.36,13,43.33,17,30,1,0,0,0,,1,0,11,1,19,29,0,0,26,8,80,0,0,2.13,1.57,12,0,17.86,,5,6,44,36,8,5,0,,64,50.39,0,0,0,178,15,21,0,24,1980,2,,0,0,0,1,0.0,0,0,0,0,319,9,0,6.72,0,5,0,0,0,0,0,0,396.0,0.0,3,13,15,7,10,16,48.48,0,31,22,70.97,21,56,33,64,77,49.04,59,417,228,581,194.9,28,0,929,18,3,0,Arne Maier,FC Augsburg,836706,2600,germany,2223
38,7,14.29,133,26,40.63,277,270,540,75.95,12,36.36,21,25,2,0,0,0,,2,0,8,2,12,25,0,0,10,37,141,0,0,2.44,1.36,43,0,12.0,,3,5,27,23,4,3,0,,119,49.79,2,0,1,171,9,15,1,22,1642,3,,0,0,0,0,0.0,0,0,0,0,300,15,0,6.72,0,0,0,0,0,0,0,0,547.33,0.0,2,10,15,8,9,26,46.43,0,53,28,52.83,15,90,56,49,131,48.16,64,450,310,711,168.0,25,0,1106,40,10,0,Leonardo Bittencourt,SV Werder Bremen,111969,2534,germany,2223
13,3,27.27,21,9,37.5,39,40,76,63.33,5,50.0,5,13,0,0,0,0,,1,0,2,0,2,10,0,0,4,1,19,0,0,0.28,0.4,5,0,16.67,,1,1,10,8,2,1,0,,17,54.84,0,0,0,44,3,4,1,2,299,0,,0,0,0,0,0.0,0,0,0,0,73,3,0,6.72,0,0,0,0,0,0,0,0,299.0,0.0,0,4,2,2,2,5,55.56,0,8,5,62.5,4,24,9,11,22,53.66,24,76,55,120,67.2,6,0,215,4,1,0,Daniel Caligiuri,FC Augsburg,40253,2600,germany,2223
3,4,50.0,56,1,16.67,98,28,122,57.55,43,41.75,60,15,3,0,0,0,,3,1,8,0,1,15,0,0,12,9,122,0,0,1.26,1.7,30,0,0.0,,0,3,19,16,3,0,0,,28,31.11,0,0,0,90,2,10,0,10,874,8,,0,0,0,0,0.0,0,0,0,0,159,7,0,6.72,0,0,0,0,0,0,0,0,0.0,0.0,0,22,5,10,9,5,29.41,0,13,5,38.46,10,8,17,8,71,36.79,6,183,37,212,100.8,27,0,376,10,2,0,Michael Frey,FC Schalke 04,134248,2530,germany,2223
15,11,23.4,100,16,47.06,180,132,301,69.2,22,44.0,28,27,3,0,0,0,,4,1,2,1,10,27,0,1,18,13,93,0,0,1.64,2.4,26,0,25.0,,4,7,33,28,5,4,0,,59,47.58,1,0,0,134,8,19,0,16,1368,2,,0,0,0,0,0.0,0,0,0,0,222,6,0,6.72,1,3,0,0,0,0,0,0,342.0,0.0,0,13,3,8,6,10,52.63,0,25,17,68.0,19,34,19,47,81,46.55,34,305,177,435,181.4,16,0,681,24,3,0,Dominick Drexler,FC Schalke 04,88494,2530,germany,2223
37,33,21.15,117,39,30.95,325,295,587,74.68,19,52.78,17,31,2,0,0,0,,6,0,1,2,66,31,0,0,6,18,73,0,0,3.87,0.29,21,0,0.0,,0,2,58,49,9,0,0,,77,57.89,0,0,0,199,15,30,0,29,2415,1,,0,0,0,0,0.0,0,0,0,1,448,6,0,6.72,0,0,0,0,0,0,0,0,0.0,0.0,4,1,7,6,1,3,21.43,0,43,33,76.74,30,103,14,156,96,56.8,126,575,367,786,208.2,8,0,1498,31,3,0,Marvin Plattenhardt,Hertha BSC,108584,2528,germany,2223
69,6,19.35,170,105,40.86,500,1016,1510,79.98,55,52.38,50,34,2,0,0,0,,3,0,9,1,121,34,0,0,17,24,138,1,1,1.36,1.62,31,0,4.17,,1,3,54,45,9,1,0,,100,53.19,0,0,0,378,38,10,0,34,2940,1,,0,0,0,0,0.0,0,0,0,0,496,5,0,6.71,0,1,0,0,0,0,0,0,2940.0,0.0,0,17,7,9,6,19,51.35,0,50,27,54.0,10,180,37,31,155,52.9,257,766,1153,1888,228.3,24,1,2528,31,4,0,Waldemar Anton,VfB Stuttgart,799046,2677,germany,2223
21,15,36.59,68,20,46.51,163,167,315,78.95,7,41.18,10,22,1,0,0,0,,0,0,1,0,12,21,0,0,8,14,57,0,0,1.62,0.16,22,0,0.0,,0,1,13,12,1,0,0,,35,42.68,0,0,0,84,11,14,0,6,792,0,,0,0,0,0,0.0,0,0,0,0,135,4,0,6.71,0,0,0,0,0,0,0,0,0.0,0.0,0,0,5,2,2,0,0.0,0,26,12,46.15,14,43,3,41,42,42.42,43,250,190,399,141.0,5,0,572,9,3,0,Sebastian Rudy,TSG Hoffenheim,35680,2569,germany,2223
12,5,21.74,92,3,37.5,164,141,300,82.19,8,34.78,15,23,1,0,0,0,,3,2,4,0,7,22,0,0,13,7,69,0,0,2.24,1.21,16,0,0.0,,0,1,19,18,1,0,0,,63,53.85,0,0,1,65,12,12,0,9,895,1,,0,0,0,1,0.0,0,0,0,0,138,5,0,6.71,0,0,0,0,0,0,0,0,0.0,0.0,1,11,6,6,7,21,52.5,0,23,16,69.57,12,19,40,23,71,50.71,8,230,158,365,147.6,17,0,603,19,3,0,Enzo Millot,VfB Stuttgart,957889,2677,germany,2223
35,0,0.0,184,34,61.82,400,280,680,83.54,24,43.64,31,31,1,0,0,0,,2,2,7,0,19,30,0,0,13,21,95,0,0,1.32,2.8,29,0,10.53,,2,3,18,16,2,2,0,,45,41.28,0,0,1,134,25,12,1,15,1438,0,,0,0,0,1,0.0,0,0,0,1,167,7,0,6.71,0,1,0,0,0,0,0,0,719.0,0.0,0,5,14,6,6,9,81.82,0,25,11,44.0,12,60,11,3,69,42.07,55,498,319,814,201.2,19,0,1017,11,7,0,Amadou Haidara,RB Leipzig,822708,36360,germany,2223
15,8,20.51,59,12,23.53,110,134,236,72.39,10,38.46,16,17,0,0,0,0,,1,0,3,0,21,16,0,0,9,22,72,0,0,1.15,0.28,13,0,0.0,,0,0,15,14,1,0,0,,67,54.47,0,0,0,90,26,11,0,7,851,0,,0,0,0,1,0.0,0,0,0,0,180,5,0,6.71,0,0,0,0,0,0,0,0,0.0,0.0,0,1,5,1,2,19,59.38,0,39,20,51.28,11,40,32,39,77,51.68,51,203,162,326,107.3,6,1,667,9,5,0,Maximilian Mittelstädt,Hertha BSC,788949,2528,germany,2223
9,0,0.0,164,8,66.67,254,91,345,73.72,20,36.36,35,31,3,0,0,0,,8,16,13,2,3,30,0,0,43,5,141,0,0,2.9,9.08,32,0,6.67,,4,7,25,22,3,3,1,,77,42.08,0,0,5,123,3,26,2,20,1750,10,,0,0,0,0,0.0,0,0,0,0,269,17,0,6.7,0,2,0,0,0,0,0,0,437.5,0.0,0,53,7,24,23,21,42.0,0,12,6,50.0,26,16,50,4,97,40.76,12,364,108,468,201.1,60,1,818,44,3,0,André Silva,RB Leipzig,190159,36360,germany,2223
22,8,19.05,166,26,68.42,277,166,435,77.13,9,29.03,22,27,1,0,0,0,,3,2,7,0,6,27,0,0,16,27,114,0,1,1.85,3.35,26,0,14.29,,5,6,27,24,3,5,0,,56,37.84,1,0,1,129,8,28,0,20,1720,5,,0,1,1,0,100.0,0,1,0,0,253,14,0,6.7,0,4,0,0,0,0,0,0,344.0,0.0,0,17,18,13,15,19,43.18,0,25,14,56.0,27,35,44,42,65,36.31,38,402,204,564,180.9,35,1,861,12,3,0,Dejan Ljubičić,1. FC Köln,869883,2671,germany,2223
0,1,50.0,13,0,0.0,19,8,26,68.42,7,50.0,7,9,0,0,0,0,,0,1,0,0,1,8,0,0,1,2,17,0,0,0.12,1.67,2,0,40.0,,2,2,4,4,0,2,0,,4,28.57,1,0,0,12,0,2,0,0,119,3,,0,0,0,0,0.0,0,0,0,0,22,1,0,6.7,0,1,0,0,0,0,0,0,59.5,0.0,0,5,0,1,4,0,0.0,0,2,0,0.0,2,1,5,2,11,39.29,0,31,9,38,53.6,5,0,63,2,0,0,Nelson Weiper,1. FSV Mainz 05,1152505,2556,germany,2223
24,24,32.43,138,16,26.67,266,172,414,68.43,46,48.94,48,26,1,0,0,0,,1,2,1,2,35,26,0,0,7,8,94,0,1,3.94,1.34,24,0,12.5,,1,2,26,25,1,1,0,,47,50.54,0,0,0,191,14,18,0,17,1661,2,,0,0,0,0,0.0,0,0,0,0,297,9,0,6.7,0,1,0,0,0,0,0,0,1661.0,0.0,0,7,1,6,1,3,27.27,0,26,20,76.92,18,60,11,74,93,49.73,60,458,221,605,174.2,8,0,1058,18,1,0,Pavel Kadeřábek,TSG Hoffenheim,109296,2569,germany,2223
2,0,0.0,1,4,40.0,5,17,22,62.86,6,66.67,3,1,1,0,0,0,,0,0,0,0,7,1,0,0,0,2,5,0,0,0.02,0.0,0,0,0.0,,0,1,3,3,0,0,0,,2,50.0,0,0,0,13,0,1,0,1,90,0,,0,0,0,0,0.0,0,0,0,0,13,0,0,6.7,0,0,0,0,0,0,0,0,0.0,0.0,0,0,0,0,0,0,0.0,0,2,2,100.0,1,6,0,0,8,61.54,10,12,23,35,6.7,0,0,49,0,0,0,Frederik Winther,FC Augsburg,985738,2600,germany,2223
0,0,0.0,8,1,25.0,20,39,59,88.06,1,50.0,1,4,0,0,0,0,,0,0,0,0,3,3,0,0,0,2,4,0,0,0.02,0.0,1,0,0.0,,0,0,3,3,0,0,0,,7,70.0,0,0,0,8,0,0,0,1,85,0,,0,0,0,0,0.0,0,0,0,0,9,0,0,6.7,0,0,0,0,0,0,0,0,0.0,0.0,0,0,0,0,0,1,100.0,0,5,3,60.0,0,1,1,0,8,66.67,4,26,41,67,20.1,0,0,82,1,0,0,Eduardo Quaresma,TSG Hoffenheim,989841,2569,germany,2223
6,0,0.0,16,10,55.56,50,109,159,89.33,4,50.0,4,5,0,0,0,0,,0,0,0,0,2,5,0,0,0,1,7,0,0,0.04,0.0,1,0,0.0,,0,0,2,2,0,0,0,,8,72.73,0,0,0,19,0,0,0,3,259,0,,0,0,0,0,0.0,0,0,0,0,27,0,0,6.7,0,0,0,0,0,0,0,0,0.0,0.0,0,0,0,0,0,2,66.67,0,6,3,50.0,0,11,3,1,12,63.16,18,65,114,178,33.5,0,0,211,0,1,0,Kenneth Schmidt,SC Freiburg,1063364,2538,germany,2223
10,14,16.09,223,8,53.33,332,131,449,77.28,1,3.57,27,33,7,0,0,0,,13,7,10,0,9,33,0,0,26,23,129,0,0,4.84,4.61,17,0,8.57,,3,10,36,32,4,3,0,,61,37.42,0,0,1,132,5,35,2,27,2259,18,,0,0,0,0,0.0,0,0,0,0,338,9,0,6.7,0,1,0,0,0,0,0,0,753.0,0.0,0,28,7,12,13,22,36.67,0,18,12,66.67,35,25,60,87,62,32.46,15,512,156,581,221.0,35,1,990,21,1,0,Linton Maina,1. FC Köln,921033,2671,germany,2223
13,7,43.75,107,25,59.52,218,202,413,85.33,1,9.09,10,25,1,0,0,0,,0,0,8,2,6,25,0,0,10,11,57,2,0,1.81,1.87,14,1,16.67,,4,5,20,18,2,3,1,,58,55.24,0,0,0,71,6,15,0,9,979,4,,0,0,1,0,100.0,0,1,0,0,123,7,0,6.7,0,4,0,0,0,0,0,0,244.75,33.33,3,7,17,7,9,18,56.25,0,15,6,40.0,15,26,32,16,59,50.86,42,273,227,484,167.4,24,0,672,25,6,0,Nadiem Amiri,Bayer 04 Leverkusen,327755,2681,germany,2223
9,2,33.33,91,17,42.5,183,176,357,77.95,21,41.18,30,18,1,0,0,0,,1,2,6,4,21,18,0,0,13,16,95,0,0,0.83,2.52,32,0,4.17,,1,2,20,19,1,1,0,,68,51.13,0,0,0,101,8,8,0,17,1457,2,,0,0,0,0,0.0,0,0,0,0,153,5,0,6.69,0,1,0,0,0,0,0,0,1457.0,0.0,0,16,8,13,5,5,45.45,0,27,19,70.37,8,26,11,6,89,48.37,40,265,199,458,120.5,24,0,709,36,4,0,Grischa Prömel,TSG Hoffenheim,253993,2569,germany,2223
4,3,20.0,29,4,22.22,52,56,105,73.43,4,44.44,5,18,1,0,0,0,,3,1,0,0,7,18,0,0,3,5,20,0,0,0.84,0.16,2,0,0.0,,0,1,6,6,0,0,0,,38,71.7,0,0,0,38,6,8,0,3,445,1,,0,0,0,0,0.0,0,0,0,0,71,2,0,6.69,0,0,0,0,0,0,0,0,0.0,0.0,0,2,0,1,1,7,58.33,0,11,6,54.55,8,12,12,15,42,67.74,18,90,68,143,120.5,2,0,244,20,0,0,Noah Weißhaupt,SC Freiburg,1048820,2538,germany,2223
4,0,0.0,53,2,28.57,78,24,102,77.27,9,47.37,10,15,1,0,0,0,,1,5,8,0,2,15,0,0,5,5,57,0,0,0.98,2.45,9,0,12.5,,3,4,7,6,1,1,2,,46,49.46,0,0,0,30,1,2,2,4,527,0,,0,0,0,0,0.0,0,0,0,0,96,5,0,6.69,0,1,0,0,0,0,0,0,175.67,0.0,0,18,6,5,11,20,41.67,0,8,4,50.0,2,8,48,6,55,49.11,7,107,31,132,100.4,24,0,289,18,1,0,Jamie Gittens,Borussia Dortmund,1140599,2673,germany,2223
7,1,100.0,26,7,38.89,49,91,139,76.37,5,41.67,7,11,0,0,0,0,,1,0,0,0,9,11,0,0,5,7,31,0,0,0.33,0.0,10,0,0.0,,0,0,11,9,2,0,0,,32,57.14,0,0,0,43,6,1,0,5,483,0,,0,0,0,0,0.0,0,0,0,0,52,3,0,6.69,0,0,0,0,0,0,0,0,0.0,0.0,0,0,0,0,0,5,62.5,0,21,12,57.14,1,17,8,1,37,54.41,18,81,102,182,73.6,0,0,259,6,1,0,Niklas Dorsch,FC Augsburg,794995,2600,germany,2223
8,1,16.67,71,4,40.0,146,84,229,67.16,30,34.88,56,28,0,0,0,0,,1,4,9,1,10,28,0,0,19,9,135,0,0,0.75,8.38,33,0,27.78,,10,10,18,14,4,10,0,,37,31.9,1,0,0,112,4,6,5,16,1323,9,,0,0,4,0,100.0,0,4,0,0,218,7,0,6.69,0,4,0,0,0,0,0,0,132.3,0.0,1,32,4,10,17,12,37.5,0,4,1,25.0,6,16,32,6,67,33.17,10,240,107,341,187.3,36,0,585,21,2,0,Marcus Ingvartsen,1. FSV Mainz 05,280721,2556,germany,2223
54,18,29.51,93,50,37.04,215,396,593,70.26,37,47.44,41,28,0,0,0,0,,2,0,5,3,74,28,0,0,13,15,102,0,0,2.21,0.34,33,0,0.0,,0,0,54,45,9,0,0,,86,58.5,0,0,1,251,43,20,0,28,2322,0,,0,0,0,1,0.0,0,0,0,0,408,7,0,6.69,0,0,0,0,0,0,0,0,0.0,0.0,0,2,8,5,0,9,90.0,0,39,27,69.23,20,153,10,61,123,54.67,135,451,454,844,187.3,10,0,1473,38,5,0,Cédric Brunner,FC Schalke 04,330689,2530,germany,2223
2,1,33.33,28,7,29.17,64,66,129,74.57,3,37.5,5,12,2,0,0,0,,2,0,1,0,5,9,0,0,7,2,23,0,0,0.33,0.16,6,0,0.0,,0,2,9,8,1,0,0,,17,48.57,0,0,0,44,5,6,0,4,342,0,,0,0,0,0,0.0,0,0,0,0,65,1,0,6.69,0,0,0,0,0,0,0,0,0.0,0.0,0,3,1,2,1,3,50.0,0,10,7,70.0,6,11,6,3,20,46.51,24,94,82,173,60.2,4,0,276,4,1,0,Daley Sinkgraven,Bayer 04 Leverkusen,377206,2681,germany,2223
0,0,0.0,22,1,33.33,30,11,41,61.19,3,42.86,4,10,0,0,0,0,,1,0,3,0,1,9,0,0,5,2,15,0,0,0.84,0.36,3,0,0.0,,0,0,6,6,0,0,0,,20,64.52,0,0,0,26,1,4,0,2,247,0,,0,0,0,0,0.0,0,0,0,0,48,0,0,6.69,0,0,0,0,0,0,0,0,0.0,0.0,0,4,4,5,0,3,75.0,0,12,10,83.33,4,1,4,2,23,60.53,3,50,19,67,60.2,8,0,128,5,1,0,Lilian Egloff,VfB Stuttgart,1007962,2677,germany,2223
9,1,9.09,67,7,87.5,81,14,94,63.95,10,30.3,23,15,2,0,0,0,,2,5,4,1,6,15,0,0,25,2,101,0,0,3.21,3.04,17,0,7.41,,2,4,15,14,1,2,0,,59,43.07,1,0,0,53,5,10,1,11,1011,17,,0,0,0,0,0.0,0,0,0,1,177,9,0,6.69,0,0,0,0,0,0,0,0,505.5,0.0,0,20,7,9,14,34,50.0,0,7,4,57.14,10,18,68,11,69,40.59,8,141,17,147,100.3,27,1,412,19,2,0,Georginio Rutter,TSG Hoffenheim,946695,2569,germany,2223
3,6,16.22,83,7,53.85,135,79,208,80.0,4,30.77,9,14,0,0,0,0,,1,3,1,0,4,13,0,0,0,5,36,0,0,0.94,1.33,14,0,0.0,,0,0,8,6,2,0,0,,25,48.08,0,0,1,52,5,11,0,2,464,4,,0,0,0,0,0.0,0,0,0,0,106,5,0,6.68,0,0,0,0,0,0,0,0,0.0,0.0,0,5,3,4,3,3,25.0,0,17,6,35.29,11,12,12,37,29,44.62,13,207,90,260,86.9,8,0,404,5,1,0,Thorgan Hazard,Borussia Dortmund,94286,2673,germany,2223
22,0,0.0,43,30,46.88,87,112,199,72.89,9,40.91,13,13,0,0,0,0,,0,0,0,2,13,13,0,0,3,7,36,0,0,0.38,0.04,12,0,0.0,,0,0,17,14,3,0,0,,35,60.34,0,0,0,74,10,7,0,12,964,0,,0,1,0,1,0.0,0,0,0,0,89,3,0,6.68,0,0,0,0,0,0,0,0,0.0,0.0,0,0,2,2,0,5,71.43,0,21,12,57.14,6,36,7,2,44,55.0,64,133,142,273,86.9,2,0,380,9,5,0,Carlos Gruezo,FC Augsburg,155802,2600,germany,2223
12,0,0.0,7,33,28.21,19,132,151,63.71,2,66.67,1,6,0,0,0,0,,0,0,0,1,6,6,1,0,0,0,1,1,0,0.01,0.0,0,0,0.0,,0,0,12,12,0,0,0,-0.16,0,0.0,0,2,0,86,0,0,0,5,509,0,,0,0,0,0,0.0,1,0,0,0,86,0,5,6.68,0,0,1,15,6,21,0,4,0.0,0.0,0,0,0,0,0,0,0.0,1,0,0,0.0,0,60,0,0,2,66.67,117,95,142,237,40.1,0,0,290,0,1,0,Tobias Sippel,Borussia M'gladbach,8772,2527,germany,2223
11,26,27.08,41,14,28.57,124,106,204,66.02,4,23.53,13,17,1,0,0,0,,0,0,1,0,22,17,0,0,4,4,30,0,0,1.73,0.14,6,0,0.0,,0,1,27,24,3,0,0,,27,61.36,0,0,0,105,13,18,0,10,911,1,,0,0,0,1,0.0,0,0,0,0,226,2,0,6.68,0,0,0,0,0,0,0,0,0.0,0.0,0,1,4,3,1,1,20.0,0,20,8,40.0,18,33,5,96,31,50.82,49,261,144,309,113.6,5,0,627,6,1,0,Thomas Ouwejan,FC Schalke 04,798180,2530,germany,2223
2,5,9.62,53,2,28.57,92,57,144,68.25,14,42.42,19,23,1,0,0,0,,1,2,9,0,3,22,0,0,16,9,74,0,0,0.85,2.37,7,0,3.33,,1,2,25,23,2,1,0,,37,40.22,0,0,4,67,2,10,1,8,934,3,,0,0,0,0,0.0,0,0,0,0,190,10,0,6.68,0,0,0,0,0,0,0,0,934.0,0.0,0,18,12,7,14,16,41.03,0,14,7,50.0,10,10,39,52,51,40.8,7,192,71,211,147.0,30,0,454,7,0,0,Gerrit Holtmann,VfL Bochum 1848,253517,2542,germany,2223
28,2,28.57,150,22,45.83,326,182,506,80.32,3,23.08,10,23,0,0,0,0,,6,0,8,1,5,22,0,0,14,19,68,0,0,2.32,1.95,10,0,3.57,,1,1,20,18,2,0,1,,52,47.27,0,0,0,124,12,16,1,16,1406,2,,0,0,0,1,0.0,0,0,0,0,188,10,0,6.68,0,0,0,0,0,0,0,0,1406.0,0.0,0,10,18,14,6,12,44.44,0,19,9,47.37,16,56,27,7,55,44.72,48,426,211,630,147.0,28,0,853,21,2,0,Florian Neuhaus,Borussia M'gladbach,837205,2527,germany,2223
12,3,13.64,103,9,50.0,191,99,287,73.03,25,37.88,41,32,2,0,0,0,,2,4,7,0,9,32,0,0,14,13,104,0,0,1.83,4.07,23,0,8.0,,2,4,21,19,2,2,0,,52,45.22,0,0,1,106,2,15,0,10,1101,19,,0,0,1,0,100.0,0,1,0,0,201,11,0,6.68,0,2,0,0,0,0,0,0,550.5,0.0,0,24,1,9,9,16,53.33,0,25,15,60.0,15,26,30,22,77,42.54,18,296,119,393,213.7,25,0,616,11,5,0,Rafael Borré,Eintracht Frankfurt,560116,2674,germany,2223
4,2,25.0,68,2,100.0,111,43,152,62.81,53,46.49,61,23,0,0,0,0,,2,5,3,0,12,22,0,0,18,2,112,0,0,1.33,3.34,18,0,8.0,,2,2,24,20,4,2,0,,25,32.89,1,0,2,90,2,20,0,15,1420,11,,0,0,0,0,0.0,0,0,0,0,167,5,0,6.68,0,1,0,0,0,0,0,0,710.0,0.0,0,23,2,13,9,8,36.36,0,5,4,80.0,20,7,22,8,78,41.05,2,202,48,242,146.9,25,0,437,12,3,0,Wilfried Kanga,Hertha BSC,838640,2528,germany,2223
12,3,75.0,35,22,38.6,104,236,337,83.21,22,51.16,21,15,0,0,0,0,,0,0,0,0,24,13,0,0,1,2,31,0,0,0.3,0.7,9,0,50.0,,1,1,15,14,1,1,0,,16,61.54,1,0,0,68,19,2,0,8,657,0,,0,0,0,0,0.0,0,0,0,0,74,2,0,6.68,0,0,0,0,0,0,0,0,657.0,0.0,0,2,0,1,1,0,0.0,0,14,8,57.14,2,37,0,4,38,55.07,57,147,262,405,86.8,2,0,498,2,2,0,Manuel Gulde,SC Freiburg,71952,2538,germany,2223
28,5,45.45,106,25,45.45,305,365,665,86.93,16,43.24,21,31,0,0,0,0,,2,0,2,0,21,30,0,0,12,13,75,0,1,0.99,0.34,27,0,0.0,,0,0,37,33,4,0,0,,61,53.04,0,0,0,100,22,8,0,18,1594,0,,0,0,0,0,0.0,0,0,0,0,142,10,0,6.68,0,0,0,0,0,0,0,0,0.0,0.0,0,2,4,3,1,5,55.56,0,44,27,61.36,8,58,9,11,77,50.66,55,374,402,765,200.3,6,0,985,12,2,0,Ilia Gruev,SV Werder Bremen,911679,2534,germany,2223
52,1,50.0,55,68,49.28,167,262,428,74.05,33,50.0,33,19,0,0,0,0,,0,0,1,3,42,17,0,1,1,14,72,0,1,0.78,0.1,25,0,0.0,,0,0,19,14,5,0,0,,44,53.01,0,0,0,150,24,4,0,14,1137,1,,0,0,0,2,0.0,0,0,0,0,160,1,0,6.68,1,0,0,0,0,0,0,0,0.0,0.0,0,3,0,2,0,2,100.0,0,30,18,60.0,4,93,2,2,77,51.68,138,264,316,578,113.5,3,0,761,12,2,0,Alexander Hack,1. FSV Mainz 05,142208,2556,germany,2223
54,0,0.0,16,108,29.27,55,436,491,65.03,5,100.0,0,33,0,0,0,0,,0,0,0,6,21,33,0,0,0,2,2,0,0,0.02,0.0,0,0,0.0,,0,0,51,46,5,0,0,-7.85,4,66.67,0,17,0,264,0,0,0,33,2970,0,,0,0,0,0,0.0,2,0,0,0,272,0,11,6.68,0,0,7,60,20,80,1,14,0.0,0.0,0,0,0,0,0,0,0.0,6,1,1,100.0,0,141,0,0,9,81.82,369,254,501,755,220.3,0,2,1020,4,3,0,Kevin Trapp,Eintracht Frankfurt,38440,2674,germany,2223
86,2,50.0,140,108,46.15,352,713,1063,78.62,70,57.85,51,28,1,0,0,0,,1,0,5,10,97,28,0,1,10,13,117,1,0,0.67,0.93,44,0,0.0,,0,1,28,27,1,0,0,,68,50.75,0,0,0,289,26,4,0,26,2258,1,,0,0,0,2,0.0,0,0,0,1,326,5,0,6.68,1,0,0,0,0,0,0,0,0.0,0.0,0,10,2,7,0,1,50.0,0,35,20,57.14,4,192,2,4,138,54.12,234,552,804,1352,186.9,12,0,1672,32,6,0,Diogo Leite,1. FC Union Berlin,855663,2547,germany,2223
4,12,32.43,61,5,55.56,105,40,133,67.51,14,36.84,24,23,2,0,0,0,,2,2,3,1,5,23,0,0,12,9,72,0,0,2.07,1.06,14,0,15.38,,2,4,11,8,3,1,1,,46,48.94,0,0,0,64,9,10,0,6,858,9,,0,0,0,0,0.0,0,0,0,1,155,7,0,6.67,0,2,0,0,0,0,0,0,429.0,0.0,0,8,5,3,7,19,59.38,0,9,8,88.89,10,13,32,37,60,45.45,9,183,51,197,153.5,13,0,425,19,5,0,Jan Thielmann,1. FC Köln,1010726,2671,germany,2223
43,11,25.58,86,62,45.59,175,199,363,68.36,13,59.09,9,19,0,0,0,0,,0,0,1,1,31,19,0,0,4,10,43,1,0,0.75,0.2,14,0,0.0,,0,0,37,33,4,0,0,,52,60.47,0,0,0,168,16,9,0,17,1482,2,,1,0,0,1,0.0,0,0,0,0,248,5,0,6.67,0,0,0,0,0,0,0,0,0.0,0.0,0,0,8,6,1,6,50.0,0,42,24,57.14,9,110,12,43,65,60.19,136,328,246,531,126.8,8,0,854,5,2,0,Cristian Gamboa,VfL Bochum 1848,117794,2542,germany,2223
1,0,0.0,28,0,0.0,43,9,52,70.27,7,38.89,11,15,0,0,0,0,,1,1,1,0,0,14,0,0,4,0,21,0,0,0.12,1.03,3,0,25.0,,2,2,7,7,0,2,0,,6,37.5,0,0,0,22,0,4,0,1,267,3,,0,0,0,0,0.0,0,0,0,1,49,6,0,6.67,0,2,0,0,0,0,0,0,133.5,0.0,0,6,2,2,5,2,33.33,0,1,0,0.0,4,2,6,6,13,38.24,1,68,12,74,93.4,8,0,128,4,0,0,Oliver Burke,SV Werder Bremen,608362,2534,germany,2223
5,2,33.33,114,9,31.03,248,196,442,85.66,7,30.43,16,17,2,0,0,0,,1,0,6,0,6,17,0,0,11,12,75,0,0,0.94,0.84,16,0,12.5,,2,4,26,22,4,1,1,,54,47.79,0,0,0,74,8,15,0,17,1407,1,,0,0,0,1,0.0,0,0,0,0,149,13,0,6.67,1,2,0,0,0,0,0,0,703.5,0.0,0,6,10,5,5,20,50.0,0,17,11,64.71,15,15,40,6,61,44.85,29,300,222,516,113.4,16,0,725,17,2,1,Naouirou Ahamada,VfB Stuttgart,997104,2677,germany,2223
18,1,25.0,106,29,38.16,286,484,769,82.78,30,63.83,17,24,1,0,0,0,,0,0,1,5,54,23,0,0,13,8,59,1,0,0.62,0.16,17,0,0.0,,0,1,20,19,1,0,0,,31,42.47,0,0,0,160,24,3,0,17,1527,1,,0,0,0,0,0.0,0,0,0,0,199,1,0,6.67,0,0,0,0,0,0,0,0,0.0,0.0,0,0,3,2,0,7,63.64,0,21,14,66.67,3,61,11,4,61,50.83,76,369,564,929,153.4,3,0,1177,4,3,0,Odilon Kossounou,Bayer 04 Leverkusen,973437,2681,germany,2223
0,0,0.0,27,0,0.0,41,13,54,72.97,9,50.0,9,13,0,0,0,0,,2,0,3,0,5,13,0,0,6,2,25,0,0,0.25,0.5,5,0,14.29,,1,1,15,15,0,1,0,,16,50.0,0,0,0,20,0,4,0,4,403,2,,0,0,0,0,0.0,0,0,0,0,58,1,0,6.67,0,1,0,0,0,0,0,0,403.0,0.0,0,5,2,1,3,3,42.86,0,7,5,71.43,4,0,7,1,25,50.0,1,57,18,74,86.7,7,0,161,6,0,0,Kasper Dolberg,TSG Hoffenheim,795761,2569,germany,2223
18,8,27.59,95,14,34.15,183,157,332,66.67,9,36.0,16,24,1,0,0,0,,1,1,4,2,25,24,0,0,9,19,92,0,0,2.4,0.9,15,0,6.67,,1,2,26,22,4,1,0,,75,49.67,0,0,0,166,15,8,1,14,1300,2,,0,0,0,0,0.0,0,0,0,1,303,4,0,6.67,0,0,0,0,0,0,0,0,1300.0,0.0,0,7,8,4,7,22,40.0,0,36,25,69.44,8,42,55,29,84,47.73,41,313,214,498,160.0,15,0,938,17,2,0,Ansgar Knauff,Eintracht Frankfurt,997012,2674,germany,2223
4,2,25.0,25,8,20.51,53,60,111,61.67,4,40.0,6,12,0,0,0,0,,0,0,1,0,9,12,0,0,2,8,23,0,0,0.23,0.33,3,0,25.0,,1,1,13,11,2,1,0,,27,61.36,0,0,0,69,8,4,0,3,396,1,,0,0,0,0,0.0,0,0,0,0,101,1,0,6.67,0,1,0,0,0,0,0,0,396.0,0.0,0,1,3,2,1,5,55.56,0,12,6,50.0,4,27,9,8,31,57.41,39,116,72,180,80.0,4,0,282,10,0,0,Pierre Kunde,VfL Bochum 1848,788352,2542,germany,2223
14,0,0.0,56,18,40.91,139,131,270,75.0,7,31.82,15,18,0,0,0,0,,0,0,2,2,18,18,0,0,6,8,48,0,1,0.36,0.64,17,0,0.0,,0,0,23,22,1,0,0,,47,58.75,0,0,0,90,13,4,0,12,1001,1,,0,0,0,0,0.0,0,0,0,0,110,3,0,6.67,0,0,0,0,0,0,0,0,0.0,0.0,0,5,1,1,3,0,0.0,0,38,20,52.63,4,31,5,1,54,52.94,44,198,163,360,120.0,6,0,498,9,4,0,Ivan Šunjić,Hertha BSC,283833,2528,germany,2223
0,0,0.0,4,4,66.67,14,17,31,79.49,0,0.0,2,4,0,0,0,0,,0,0,0,0,5,3,0,0,0,2,5,0,0,0.01,0.0,1,0,0.0,,0,0,5,4,1,0,0,,10,76.92,0,0,0,8,3,2,0,2,145,0,,0,0,0,0,0.0,0,0,0,0,9,0,0,6.67,0,0,0,0,0,0,0,0,0.0,0.0,0,0,0,0,0,0,0.0,0,6,3,50.0,2,0,0,0,10,66.67,6,18,21,39,20.0,0,0,63,4,0,0,Jacek Góralski,VfL Bochum 1848,177179,2542,germany,2223
3,1,100.0,2,0,0.0,12,67,78,91.76,4,80.0,1,8,0,0,0,0,,0,0,0,0,5,3,0,0,0,0,3,0,0,0.01,0.0,2,0,0.0,,0,0,4,4,0,0,0,,2,50.0,0,0,0,7,0,0,0,1,105,0,,0,0,0,0,0.0,0,0,0,0,7,0,0,6.67,0,0,0,0,0,0,0,0,0.0,0.0,0,0,0,0,0,0,0.0,0,2,1,50.0,0,4,0,1,6,66.67,5,16,70,85,20.0,0,0,99,0,0,0,Tony Jantschke,Borussia M'gladbach,33901,2527,germany,2223
11,1,6.25,56,13,76.47,101,101,201,65.26,15,42.86,20,27,2,0,0,0,,1,2,5,0,19,26,0,0,6,8,55,0,0,0.55,4.14,21,0,10.0,,3,5,39,34,5,3,0,,21,37.5,0,0,1,107,6,9,0,19,1472,7,,0,0,0,1,0.0,0,0,0,0,151,10,0,6.67,0,3,0,0,0,0,0,0,490.67,0.0,0,25,5,16,9,2,50.0,0,11,4,36.36,9,25,4,16,36,39.56,17,199,125,308,173.3,30,1,477,8,5,0,Simon Zoller,VfL Bochum 1848,88471,2542,germany,2223
2,0,0.0,22,2,50.0,36,20,56,65.88,21,47.73,23,20,0,0,0,0,,0,1,1,0,12,14,0,0,8,1,43,0,0,0.37,1.44,9,0,9.09,,1,1,9,8,1,1,0,,10,33.33,0,0,0,29,2,1,0,2,333,5,,0,0,0,0,0.0,0,0,0,0,44,2,0,6.66,0,1,0,0,0,0,0,0,333.0,0.0,0,9,2,6,4,5,62.5,0,3,2,66.67,1,3,8,0,31,41.89,4,58,27,85,93.3,11,0,145,2,0,0,Lucas Alario,Eintracht Frankfurt,249893,2674,germany,2223
23,3,23.08,117,16,28.07,216,196,409,68.05,52,53.61,45,32,3,0,0,0,,3,4,3,0,33,31,0,0,11,27,120,0,0,2.56,3.07,32,0,15.79,,3,6,37,31,6,2,1,,62,45.26,2,0,0,192,16,17,1,21,1859,0,,0,1,0,0,0.0,0,0,0,0,252,6,0,6.66,0,0,0,0,0,0,0,0,619.67,0.0,0,18,1,9,7,9,64.29,0,34,17,50.0,16,43,14,13,114,48.72,57,367,247,601,206.5,19,0,883,19,5,0,Jens Stage,SV Werder Bremen,830142,2534,germany,2223
46,6,35.29,132,53,44.17,258,334,586,74.08,24,57.14,18,23,0,0,0,0,,1,0,1,2,53,23,0,0,13,29,99,1,0,1.14,0.03,28,0,0.0,,0,0,40,36,4,0,0,,104,56.22,0,0,0,205,30,11,0,23,1772,0,,0,0,0,2,0.0,0,0,0,0,297,7,0,6.66,0,0,0,0,0,0,0,0,0.0,0.0,0,0,2,1,0,8,40.0,0,72,46,63.89,11,99,20,17,128,56.39,120,404,404,791,153.2,2,0,1312,24,6,0,Danilo Soares,VfL Bochum 1848,121551,2542,germany,2223
3,9,32.14,101,3,21.43,172,64,227,73.23,20,41.67,28,25,2,0,0,0,,3,7,17,0,8,24,0,0,31,9,94,0,0,2.08,5.59,10,0,5.66,,3,5,38,36,2,3,0,,50,43.1,0,0,0,83,8,22,2,21,1730,7,,0,0,0,0,0.0,0,0,0,0,219,12,0,6.66,0,1,0,0,0,0,0,0,576.67,0.0,0,39,14,18,18,13,44.83,0,14,9,64.29,22,10,29,28,70,42.68,14,259,79,310,159.8,53,0,627,24,1,0,Takuma Asano,VfL Bochum 1848,309546,2542,germany,2223
1,8,26.67,45,4,44.44,72,35,99,70.21,4,23.53,13,12,1,0,0,0,,0,1,3,1,4,12,0,0,9,3,42,0,0,0.9,0.77,7,0,6.67,,1,2,10,9,1,0,1,,24,45.28,0,0,0,42,0,11,0,6,491,3,,0,0,0,0,0.0,0,0,0,0,103,3,0,6.66,0,1,0,0,0,0,0,0,491.0,0.0,1,4,11,6,6,3,23.08,0,14,8,57.14,11,11,13,30,28,40.0,9,120,51,141,79.9,15,0,280,7,1,0,Tim Skarke,FC Schalke 04,800252,2530,germany,2223
7,4,33.33,79,15,78.95,127,76,199,86.9,0,0.0,5,14,1,0,0,0,,0,0,3,0,4,14,0,0,14,0,31,0,0,0.89,0.18,2,0,0.0,,0,1,13,11,2,0,0,,39,60.0,0,0,0,30,2,13,0,7,605,2,,0,0,0,0,0.0,0,0,0,0,73,2,0,6.66,0,0,0,0,0,0,0,0,0.0,0.0,0,2,2,0,1,14,58.33,0,5,3,60.0,13,11,24,12,39,55.71,19,156,85,229,93.2,4,0,332,20,0,0,Callum Hudson-Odoi,Bayer 04 Leverkusen,867442,2681,germany,2223
11,0,0.0,13,21,32.31,54,215,269,78.43,7,43.75,9,7,0,0,0,0,,0,1,3,0,27,7,0,0,0,4,21,0,0,0.04,0.65,5,0,0.0,,0,0,13,9,4,0,0,,17,58.62,0,0,0,74,7,1,0,6,592,0,,0,0,0,0,0.0,0,0,0,0,82,1,0,6.66,0,0,0,0,0,0,0,0,0.0,0.0,0,5,1,3,0,0,0.0,0,15,9,60.0,1,48,3,1,24,53.33,65,105,239,343,46.6,6,0,425,2,1,0,Nikola Soldo,1. FC Köln,991290,2671,germany,2223
14,3,11.11,113,13,76.47,190,189,376,79.66,23,53.49,20,23,2,0,0,0,,1,9,7,1,22,23,0,0,17,12,79,0,1,1.86,2.92,19,0,8.0,,2,4,23,21,2,2,0,,58,49.57,1,0,0,96,8,11,0,16,1484,2,,0,0,0,0,0.0,0,0,0,0,196,5,0,6.66,1,1,0,0,0,0,0,0,742.0,0.0,0,20,5,12,6,23,65.71,0,26,15,57.69,11,28,35,27,81,50.63,17,280,219,472,153.1,25,1,825,9,1,1,Josha Vagnoman,VfB Stuttgart,906278,2677,germany,2223
16,17,41.46,125,34,36.17,286,446,715,77.38,20,57.14,15,28,0,0,0,0,,4,1,1,6,54,27,0,0,14,7,62,0,0,2.36,0.59,13,0,0.0,,0,0,35,32,3,0,0,,91,65.94,0,0,1,209,8,14,0,25,2212,3,,0,0,0,0,0.0,0,0,0,0,304,3,0,6.66,0,0,0,0,0,0,0,0,0.0,0.0,0,4,3,5,1,11,45.83,0,31,20,64.52,14,54,24,41,111,64.16,94,420,545,924,179.7,7,0,1451,51,2,0,Joseph Scally,Borussia M'gladbach,1002920,2527,germany,2223
13,5,22.73,51,11,47.83,138,187,320,81.22,10,47.62,11,11,1,0,0,0,,0,0,4,1,5,11,0,0,6,6,39,0,0,0.5,0.21,13,0,0.0,,0,1,17,12,5,0,0,,24,46.15,0,0,0,74,8,5,0,10,679,0,,0,0,0,1,0.0,0,0,0,0,114,6,0,6.65,0,0,0,0,0,0,0,0,0.0,0.0,1,0,9,2,3,5,55.56,0,16,13,81.25,5,35,9,22,34,46.58,23,209,207,394,73.2,9,0,511,3,2,0,Tolga Ciğerci,Hertha BSC,120298,2528,germany,2223
8,3,25.0,28,3,30.0,43,28,68,73.91,3,37.5,5,21,0,0,0,0,,0,0,1,0,1,13,0,0,4,2,18,0,0,0.62,0.35,4,0,16.67,,1,1,8,8,0,1,0,,9,40.91,0,0,0,24,2,4,0,0,186,0,,0,0,0,1,0.0,0,0,0,0,47,1,0,6.65,0,1,0,0,0,0,0,0,186.0,0.0,0,3,3,3,2,0,0.0,0,6,2,33.33,4,12,4,12,12,40.0,10,71,33,92,86.5,6,0,160,4,2,0,Patrick Herrmann,Borussia M'gladbach,103289,2527,germany,2223
14,6,16.67,69,13,32.5,114,110,218,71.24,7,36.84,12,20,2,0,0,0,,2,1,1,0,18,18,0,0,10,4,53,0,0,1.54,0.58,13,0,0.0,,0,2,13,13,0,0,0,,40,49.38,0,0,1,88,4,7,0,11,991,0,,0,0,0,0,0.0,0,0,0,0,176,4,0,6.65,0,0,0,0,0,0,0,0,0.0,0.0,0,4,5,6,2,11,42.31,0,16,9,56.25,7,33,26,36,47,47.0,40,198,144,306,119.7,9,1,597,13,2,0,Jérôme Roussillon,1. FC Union Berlin,146500,2547,germany,2223
1,5,41.67,39,8,53.33,71,100,166,83.0,2,22.22,7,10,0,0,0,0,,0,1,1,2,15,8,0,0,1,5,23,0,0,0.34,0.35,8,0,0.0,,0,0,8,7,1,0,0,,17,51.52,0,0,0,34,5,5,0,5,501,0,,0,0,0,1,0.0,0,0,0,1,62,1,0,6.65,0,0,0,0,0,0,0,0,0.0,0.0,0,1,2,1,1,3,50.0,0,9,6,66.67,5,8,6,12,19,45.24,15,98,114,200,53.2,3,0,338,5,2,0,Kilian Fischer,VfL Wolfsburg,995316,2524,germany,2223
34,1,33.33,139,43,69.35,387,489,875,88.47,20,51.28,19,26,1,0,0,0,,0,2,0,6,19,26,0,0,21,23,93,0,1,0.51,0.58,26,0,0.0,,0,1,22,15,7,0,0,,61,45.19,0,0,1,114,28,9,0,17,1578,0,,0,0,0,0,0.0,0,0,0,0,162,4,0,6.65,0,0,0,0,0,0,0,0,0.0,0.0,0,3,0,2,1,6,54.55,0,31,18,58.06,9,55,11,3,81,46.55,62,469,523,989,172.8,3,0,1231,24,6,0,Salih Özcan,Borussia Dortmund,795005,2673,germany,2223
31,2,40.0,83,28,50.91,162,141,301,73.24,5,23.81,16,21,0,0,0,0,,1,2,0,0,8,20,0,0,12,17,66,0,0,0.93,0.55,14,0,0.0,,0,0,23,21,2,0,0,,63,55.75,0,0,0,110,14,13,0,10,1046,0,,0,0,0,0,0.0,0,0,0,0,158,6,0,6.65,0,0,0,0,0,0,0,0,0.0,0.0,0,3,2,2,3,7,50.0,0,30,16,53.33,13,58,14,5,68,50.75,55,246,170,411,132.9,5,0,611,26,3,0,Jean-Paul Boëtius,Hertha BSC,138830,2528,germany,2223
28,3,15.0,206,27,64.29,365,183,545,76.76,18,35.29,33,27,3,0,0,0,,2,0,8,1,11,27,0,0,25,12,111,0,0,2.15,1.5,16,0,5.56,,1,4,29,26,3,1,0,,63,44.68,0,0,0,165,7,22,0,15,1519,2,,0,0,0,0,0.0,0,0,0,0,287,9,0,6.64,0,1,0,0,0,0,0,0,1519.0,0.0,0,8,10,7,3,16,39.02,0,24,15,62.5,22,65,41,20,81,42.19,42,502,228,710,179.4,18,0,1011,23,3,0,Romano Schmid,SV Werder Bremen,830127,2534,germany,2223
34,1,5.88,137,30,28.85,263,356,618,69.75,36,52.17,33,31,0,0,0,0,,1,0,5,3,32,31,0,0,13,30,111,0,0,0.86,0.36,27,0,0.0,,0,0,47,39,8,0,0,,105,57.38,0,0,0,268,17,12,0,30,2535,0,,1,0,0,0,0.0,0,0,0,0,346,14,0,6.64,0,0,0,0,0,0,0,0,0.0,0.0,0,3,13,6,5,6,40.0,0,51,30,58.82,12,103,15,17,141,55.95,104,472,431,886,205.9,16,0,1252,49,6,0,Elvis Rexhbeçaj,FC Augsburg,842188,2600,germany,2223
114,0,0.0,32,197,40.79,125,850,975,76.71,6,85.71,1,34,0,0,0,0,,0,0,0,6,14,34,0,0,0,0,1,3,0,0.09,0.0,0,0,0.0,,0,0,54,46,8,0,0,-9.65,3,100.0,0,19,0,296,2,0,0,34,3060,0,,0,0,0,0,0.0,5,0,1,0,300,0,6,6.64,0,0,3,53,25,79,1,14,0.0,0.0,0,0,0,0,0,0,0.0,3,1,0,0.0,0,253,0,0,9,90.0,483,344,927,1271,225.8,0,0,1515,2,1,0,Marvin Schwäbe,1. FC Köln,187185,2671,germany,2223
3,1,14.29,35,4,50.0,56,27,82,72.57,2,28.57,5,11,0,0,0,0,,2,2,1,0,1,10,0,0,6,3,29,0,0,0.78,1.01,9,0,0.0,,0,0,7,7,0,0,0,,21,46.67,0,0,0,31,1,5,0,3,314,0,,0,0,0,0,0.0,0,0,0,0,60,2,0,6.64,0,0,0,0,0,0,0,0,0.0,0.0,0,3,4,4,2,1,14.29,0,15,10,66.67,5,7,7,7,23,44.23,8,89,31,113,66.4,7,0,193,5,0,0,Tom Bischof,TSG Hoffenheim,1129935,2569,germany,2223
61,22,22.92,243,57,29.08,405,317,700,63.64,31,50.0,31,31,0,0,0,0,,3,0,5,6,55,31,0,0,8,40,116,0,0,3.15,0.44,32,0,10.0,,1,1,38,33,5,1,0,,84,49.7,0,0,0,400,26,19,0,30,2429,0,,2,0,0,0,0.0,0,0,0,0,600,9,0,6.64,0,1,0,0,0,0,0,0,2429.0,0.0,0,6,4,3,2,3,30.0,0,64,42,65.63,19,190,10,96,115,49.78,196,776,420,1100,205.8,10,1,1803,18,6,0,Benno Schmitz,1. FC Köln,147775,2671,germany,2223
36,3,50.0,116,32,48.48,306,388,691,81.2,26,46.43,30,26,1,0,0,0,,1,1,3,1,37,26,0,0,8,31,129,0,1,0.72,0.17,53,0,20.0,,1,2,42,37,5,1,0,,85,46.2,0,0,0,160,23,5,0,23,1896,1,,0,0,0,0,0.0,0,0,0,0,200,5,0,6.64,0,1,0,0,0,0,0,0,1896.0,0.0,0,2,3,1,1,15,65.22,0,56,25,44.64,5,60,23,6,111,46.25,66,411,446,851,172.6,5,0,1109,14,4,0,Christian Groß,SV Werder Bremen,40323,2534,germany,2223
2,3,75.0,48,0,0.0,87,39,123,80.39,9,45.0,11,22,0,0,0,0,,1,4,6,0,2,21,0,0,11,0,48,0,0,0.43,2.67,9,0,26.32,,5,5,8,7,1,3,2,,17,31.48,0,0,0,30,0,6,4,1,408,4,,0,0,0,0,0.0,0,0,0,0,86,4,0,6.64,0,1,0,0,0,0,0,0,81.6,0.0,0,16,3,3,10,10,35.71,0,2,2,100.0,6,3,28,4,26,35.14,0,112,45,153,139.4,19,0,269,6,2,0,Mathys Tel,FC Bayern München,1048888,2672,germany,2223
15,13,43.33,36,14,40.0,100,111,198,73.61,16,61.54,10,11,0,0,0,0,,2,0,1,2,12,11,0,0,3,4,30,0,0,0.85,0.07,5,0,0.0,,0,0,17,16,1,0,0,,28,58.33,0,0,0,71,8,9,0,9,680,0,,0,0,0,0,0.0,0,0,0,0,121,3,0,6.64,0,0,0,0,0,0,0,0,0.0,0.0,0,0,4,3,0,1,11.11,0,14,10,71.43,9,33,9,30,44,59.46,35,168,131,269,73.0,4,0,469,13,2,0,Jere Uronen,FC Schalke 04,138463,2530,germany,2223
1,0,0.0,18,3,37.5,34,25,59,74.68,3,42.86,4,7,0,0,0,0,,0,0,1,0,0,6,0,0,7,3,24,0,0,0.05,0.87,6,0,33.33,,1,1,2,1,1,1,0,,15,42.86,0,0,0,20,1,2,1,2,181,4,,0,0,0,0,0.0,0,0,0,0,44,2,0,6.63,0,0,0,0,0,0,0,0,181.0,0.0,0,3,0,0,2,5,55.56,0,8,2,25.0,2,8,9,10,18,42.86,8,55,34,79,39.8,3,0,149,2,0,0,Hugo Novoa,RB Leipzig,1001967,36360,germany,2223
4,3,23.08,22,5,50.0,50,49,96,73.85,0,0.0,2,6,1,0,0,0,,0,0,0,0,1,6,0,0,6,4,16,0,0,0.36,0.1,2,0,0.0,,0,1,5,4,1,0,0,,10,41.67,0,0,0,34,2,5,0,3,277,1,,0,0,0,0,0.0,0,0,0,0,56,1,0,6.63,0,0,0,0,0,0,0,0,0.0,0.0,0,1,1,1,1,5,71.43,0,2,1,50.0,5,11,7,13,10,38.46,10,88,55,130,39.8,2,0,181,3,0,0,Josip Brekalo,VfL Wolfsburg,357598,2524,germany,2223
0,0,0.0,3,0,0.0,12,6,18,66.67,3,27.27,8,4,0,0,0,0,,0,0,0,0,1,3,0,0,0,0,10,0,0,0.02,0.09,0,0,0.0,,0,0,3,3,0,0,0,,4,66.67,0,0,0,9,0,2,0,1,94,0,,0,0,0,0,0.0,0,0,0,0,15,0,0,6.63,0,0,0,0,0,0,0,0,0.0,0.0,0,1,0,1,0,3,60.0,0,1,1,100.0,2,0,5,0,7,41.18,0,20,7,27,19.9,1,0,43,0,0,0,Ricardo Pepi,FC Augsburg,986395,2600,germany,2223
50,0,0.0,9,74,47.13,35,389,424,83.46,0,0.0,0,15,0,0,0,0,,0,0,0,1,10,15,0,0,0,0,1,2,0,0.02,0.0,1,0,0.0,,0,0,23,21,2,0,0,-2.54,1,50.0,0,11,0,84,0,0,0,15,1350,0,,0,0,0,1,0.0,5,0,0,0,85,0,6,6.63,0,0,4,21,16,38,0,8,0.0,0.0,0,0,0,0,0,0,0.0,4,1,1,100.0,0,93,0,0,1,50.0,157,95,413,508,99.5,0,1,658,0,2,0,Fabian Bredlow,VfB Stuttgart,152463,2677,germany,2223
119,0,0.0,38,239,36.38,170,445,615,58.8,8,72.73,3,33,0,0,0,0,,0,0,0,3,28,33,0,0,1,2,7,2,0,0.07,0.0,0,0,0.0,,0,0,68,59,9,0,0,-8.99,8,66.67,0,30,0,431,0,0,0,33,2970,0,,0,0,0,0,0.0,6,0,1,0,444,0,6,6.63,0,0,26,72,23,98,0,18,0.0,0.0,0,0,0,0,0,1,50.0,25,1,0,0.0,0,302,2,0,16,69.57,657,525,521,1046,218.9,0,1,1397,7,2,0,Oliver Christensen,Hertha BSC,860306,2528,germany,2223
20,9,19.57,96,25,43.86,173,194,358,73.81,7,22.58,24,28,0,0,0,0,,0,0,7,2,33,28,0,0,14,11,92,0,1,0.9,0.38,23,0,0.0,,0,0,36,31,5,0,0,,84,55.26,0,0,0,127,20,15,0,20,1860,0,,0,0,0,0,0.0,0,0,0,0,301,9,0,6.63,0,0,0,0,0,0,0,0,0.0,0.0,1,2,7,2,0,17,44.74,0,44,23,52.27,15,48,38,46,91,49.73,57,291,240,485,185.7,9,0,1001,23,6,0,Mads Pedersen,FC Augsburg,809219,2600,germany,2223
12,2,16.67,72,6,46.15,113,63,174,71.9,15,51.72,14,23,1,0,0,0,,1,0,1,0,7,22,0,0,9,5,52,0,0,1.23,0.49,17,0,0.0,,0,1,11,8,3,0,0,,31,44.93,0,0,2,68,3,8,0,3,581,0,,0,0,0,0,0.0,0,0,0,0,122,8,0,6.63,0,0,0,0,0,0,0,0,0.0,0.0,0,3,8,8,2,9,45.0,0,18,8,44.44,8,20,20,12,46,46.94,13,180,74,242,145.9,11,0,387,4,1,0,Aymen Barkok,1. FSV Mainz 05,856594,2556,germany,2223
13,3,16.67,33,19,34.55,69,78,144,68.25,8,53.33,7,21,0,0,0,0,,3,0,2,0,17,19,0,0,3,6,28,0,0,0.56,0.29,6,0,20.0,,1,1,8,6,2,1,0,,20,48.78,0,0,0,67,12,6,1,2,476,1,,0,1,0,0,0.0,0,0,0,0,104,1,0,6.63,0,0,0,0,0,0,0,0,476.0,0.0,0,2,3,2,1,0,0.0,0,14,10,71.43,5,35,6,18,28,50.0,55,127,102,211,125.9,5,0,359,6,2,0,Lee Buchanan,SV Werder Bremen,973785,2534,germany,2223
12,3,12.0,138,13,59.09,213,86,296,68.36,43,48.86,45,33,1,0,0,0,,2,5,13,0,2,31,0,0,42,12,178,0,0,1.4,6.1,29,0,10.42,,5,6,24,21,3,3,2,,86,39.27,0,0,1,137,7,12,1,15,1478,13,,0,1,0,0,0.0,0,0,0,0,333,11,0,6.63,0,4,0,0,0,0,0,0,295.6,0.0,1,36,12,18,17,38,42.7,0,16,10,62.5,11,20,89,25,129,42.02,22,340,118,433,205.4,48,0,854,32,2,0,Omar Marmoush,VfL Wolfsburg,873554,2524,germany,2223
1,1,25.0,16,1,12.5,38,38,75,79.79,2,50.0,2,11,0,0,0,0,,1,0,1,0,1,8,0,0,1,0,6,0,0,0.15,0.11,3,0,0.0,,0,0,2,2,0,0,0,,8,66.67,0,0,0,19,0,4,0,1,191,1,,0,0,0,1,0.0,0,0,0,0,32,1,0,6.63,0,0,0,0,0,0,0,0,0.0,0.0,0,0,3,0,2,0,0.0,0,7,5,71.43,4,3,1,4,10,62.5,8,52,46,94,53.0,3,0,141,1,1,0,Timothy Fosu-Mensah,Bayer 04 Leverkusen,795260,2681,germany,2223
13,0,0.0,24,25,42.37,79,169,248,75.84,18,56.25,14,9,0,0,0,0,,0,0,1,1,26,9,0,0,1,1,19,1,0,0.1,0.17,3,0,0.0,,0,0,13,11,2,0,0,,12,70.59,0,0,0,79,18,1,0,7,662,0,,0,0,0,0,0.0,0,0,0,0,86,0,0,6.62,0,0,0,0,0,0,0,0,0.0,0.0,0,1,1,0,1,0,0.0,0,9,7,77.78,1,38,1,0,30,61.22,59,121,206,327,59.6,2,0,415,3,0,0,Maxim Leitsch,1. FSV Mainz 05,842869,2556,germany,2223
9,7,21.21,119,6,46.15,200,88,281,79.15,18,48.65,19,30,2,0,0,0,,2,7,15,0,1,30,0,0,44,14,168,0,0,2.67,6.46,38,0,11.63,,5,7,31,26,5,5,0,,95,38.93,0,0,2,74,8,18,1,23,2010,15,,0,0,1,0,100.0,0,1,0,1,281,16,0,6.62,0,4,0,0,0,0,0,0,402.0,0.0,0,36,7,10,18,48,46.6,0,25,17,68.0,18,13,103,33,113,40.21,13,283,105,355,198.6,43,1,786,22,4,0,Silas,VfB Stuttgart,949062,2677,germany,2223
15,5,16.13,66,16,42.11,95,54,144,58.78,20,37.04,34,20,1,0,0,0,,2,0,3,0,11,20,0,0,19,5,79,0,0,1.59,1.78,15,0,18.18,,2,3,17,15,2,2,0,,25,35.71,0,0,0,101,4,13,0,8,933,3,,0,0,0,0,0.0,0,0,0,0,189,6,0,6.62,0,2,0,0,0,0,0,0,466.5,0.0,0,8,3,5,3,4,33.33,0,15,10,66.67,13,35,12,31,45,36.29,38,202,74,245,132.4,11,0,443,7,1,0,Fredrik Jensen,FC Augsburg,846356,2600,germany,2223
37,1,33.33,76,42,42.42,160,339,498,81.64,19,46.34,22,16,0,0,0,0,,0,0,0,3,42,15,0,0,2,18,59,1,0,0.78,0.15,16,0,50.0,,1,1,14,14,0,1,0,,34,47.89,1,0,0,112,19,1,0,13,1197,0,,0,0,0,0,0.0,0,0,0,0,125,2,0,6.62,1,0,0,0,0,0,0,0,1197.0,0.0,0,2,0,0,2,7,77.78,0,24,18,75.0,1,87,9,3,53,47.32,99,247,366,610,99.3,2,1,767,3,2,1,Paul Jaeckel,1. FC Union Berlin,856668,2547,germany,2223
0,0,0.0,28,0,0.0,40,9,49,56.98,24,58.54,17,16,0,0,0,0,,0,0,3,0,3,15,0,0,1,0,24,0,0,0.21,0.47,2,0,0.0,,0,0,10,9,1,0,0,,5,41.67,0,0,0,37,0,5,0,0,252,5,,0,0,0,0,0.0,0,0,0,0,50,3,0,6.62,0,0,0,0,0,0,0,0,0.0,0.0,0,6,3,3,3,3,42.86,0,2,2,100.0,5,1,7,1,29,54.72,2,76,11,86,99.3,9,0,123,0,1,0,Silvère Ganvoula,VfL Bochum 1848,787448,2542,germany,2223
7,6,26.09,35,6,25.0,66,71,131,64.85,13,43.33,17,16,0,0,0,0,,1,0,2,0,13,15,0,0,3,13,46,0,0,0.34,0.2,6,0,0.0,,0,0,12,9,3,0,0,,35,54.69,0,0,0,71,11,4,0,3,573,0,,0,0,0,0,0.0,0,0,0,0,130,2,0,6.62,0,0,0,0,0,0,0,0,0.0,0.0,0,2,3,3,0,4,36.36,0,25,18,72.0,4,22,11,23,48,51.06,24,121,104,202,99.3,5,0,399,6,0,0,Mehmet Aydın,FC Schalke 04,980632,2530,germany,2223
18,8,15.38,94,14,24.14,152,119,263,64.3,18,62.07,11,23,2,0,0,0,,2,1,2,2,21,22,0,0,11,8,54,0,0,1.31,0.51,8,0,0.0,,0,2,22,21,1,0,0,,34,44.16,0,0,0,146,9,11,0,14,1243,4,,0,0,0,0,0.0,0,0,0,0,288,8,0,6.62,0,0,0,0,0,0,0,0,0.0,0.0,0,5,2,4,1,11,40.74,0,20,16,80.0,11,63,27,52,52,49.06,58,300,161,409,145.6,7,0,797,3,0,0,Danny da Costa,1. FSV Mainz 05,97926,2556,germany,2223
29,4,15.38,114,31,40.79,283,331,610,78.31,12,48.0,13,28,2,0,0,0,,3,0,2,5,18,28,0,0,15,9,76,0,2,1.35,1.67,18,0,17.65,,3,5,28,26,2,3,0,,41,39.42,0,0,0,169,15,17,3,19,1678,2,,0,0,0,0,0.0,0,0,0,0,271,10,0,6.62,1,0,0,0,0,0,0,0,559.33,0.0,0,10,7,7,8,11,34.38,0,16,8,50.0,17,69,32,26,53,41.09,76,420,385,779,185.3,17,1,1187,14,4,1,Mitchel Bakker,Bayer 04 Leverkusen,856638,2681,germany,2223
11,0,0.0,50,13,68.42,94,95,189,78.42,14,40.0,21,22,2,0,0,0,,0,0,1,1,8,17,0,0,5,2,52,0,0,0.27,0.17,21,0,0.0,,0,2,9,9,0,0,0,,18,36.73,0,0,0,52,13,4,0,8,695,0,,0,0,0,2,0.0,0,0,0,0,72,0,0,6.62,0,0,0,0,0,0,0,0,0.0,0.0,0,3,1,0,3,4,57.14,0,11,7,63.64,4,17,7,4,32,38.1,19,141,104,241,112.5,4,0,327,3,4,0,Yannik Keitel,SC Freiburg,877842,2538,germany,2223
8,1,50.0,19,5,35.71,33,31,63,72.41,4,80.0,1,6,0,0,0,0,,1,0,0,0,3,6,0,0,2,5,14,0,0,0.16,0.13,5,0,0.0,,0,0,3,3,0,0,0,,7,35.0,0,0,0,24,3,4,0,3,239,0,,0,0,0,0,0.0,0,0,0,0,31,2,0,6.62,0,0,0,0,0,0,0,0,0.0,0.0,0,1,0,0,1,3,75.0,0,4,4,100.0,4,14,4,2,11,44.0,14,50,39,87,39.7,1,0,120,0,3,0,Éder Balanta,FC Schalke 04,322529,2530,germany,2223
0,1,14.29,26,0,0.0,37,12,48,77.42,1,50.0,1,7,0,0,0,0,,0,0,3,0,2,7,0,0,2,1,12,0,0,0.14,0.17,5,0,0.0,,0,0,0,0,0,0,0,,12,52.17,0,0,0,14,0,1,0,0,170,1,,0,0,0,0,0.0,0,0,0,0,30,2,0,6.61,0,0,0,0,0,0,0,0,0.0,0.0,0,3,1,0,1,3,50.0,0,6,5,83.33,1,3,6,7,13,52.0,4,55,14,62,46.3,4,0,109,3,1,0,Paxten Aaronson,Eintracht Frankfurt,1035515,2674,germany,2223
7,0,0.0,39,4,66.67,75,60,135,79.41,8,24.24,25,18,0,0,0,0,,0,2,4,0,3,16,0,0,9,8,56,0,0,0.35,2.05,7,0,8.33,,1,1,10,10,0,1,0,,32,50.79,0,0,1,35,3,5,0,4,552,4,,0,0,0,0,0.0,0,0,0,0,71,5,0,6.61,0,1,0,0,0,0,0,0,552.0,0.0,0,9,3,4,4,5,41.67,0,8,6,75.0,5,8,12,7,40,41.67,6,109,68,170,105.8,12,0,281,19,1,0,Maximilian Philipp,SV Werder Bremen,171927,2534,germany,2223
10,2,33.33,31,16,32.0,85,172,255,82.26,20,66.67,10,8,1,0,0,0,,0,0,0,2,13,8,0,0,0,13,33,0,0,0.23,0.2,11,0,0.0,,0,1,10,10,0,0,0,,16,41.03,0,0,0,55,2,3,0,6,564,0,,0,0,0,0,0.0,0,0,0,0,62,2,0,6.61,0,0,0,0,0,0,0,0,0.0,0.0,0,4,0,2,2,0,0.0,0,11,6,54.55,3,38,0,6,36,52.17,50,135,181,310,52.9,4,0,379,6,2,0,Timo Baumgartl,1. FC Union Berlin,280025,2547,germany,2223
30,0,0.0,39,42,34.15,139,416,555,76.34,43,47.78,47,19,1,0,0,0,,0,0,2,4,60,19,0,1,5,14,91,1,0,0.38,0.29,21,0,0.0,,0,1,27,21,6,0,0,,48,52.17,0,0,0,172,29,3,0,16,1454,0,,0,0,0,0,0.0,0,0,0,0,197,1,0,6.61,1,0,0,0,0,0,0,0,0.0,0.0,0,4,0,1,1,5,50.0,0,30,20,66.67,3,83,10,1,91,50.0,123,252,476,727,125.6,4,0,960,13,3,0,Felix Uduokhai,FC Augsburg,792142,2600,germany,2223
12,0,0.0,48,11,50.0,82,51,133,72.68,3,21.43,11,13,0,0,0,0,,0,0,1,0,7,12,0,0,5,3,28,0,0,0.32,0.39,4,0,0.0,,0,0,8,8,0,0,0,,19,52.78,0,0,0,50,5,4,0,6,512,1,,0,0,0,0,0.0,0,0,0,0,77,6,0,6.61,0,0,0,0,0,0,0,0,0.0,0.0,0,2,4,3,2,4,44.44,0,10,2,20.0,4,22,9,3,22,44.0,22,120,66,183,79.3,6,0,276,5,0,0,Finn Ole Becker,TSG Hoffenheim,979821,2569,germany,2223
7,1,12.5,66,3,21.43,104,100,203,76.6,11,44.0,14,16,0,0,0,0,,0,1,2,0,10,16,0,0,13,8,62,0,0,0.6,0.44,14,0,0.0,,0,0,6,6,0,0,0,,45,48.39,0,0,0,62,4,3,0,10,869,1,,0,0,0,0,0.0,0,0,0,0,121,12,0,6.61,0,0,0,0,0,0,0,0,0.0,0.0,0,2,5,4,1,9,39.13,0,21,9,42.86,3,16,23,8,56,47.46,14,155,118,265,105.7,7,0,432,15,0,0,András Schäfer,1. FC Union Berlin,877302,2547,germany,2223
6,0,0.0,33,3,60.0,47,22,69,62.73,15,22.39,52,18,0,0,0,0,,1,3,4,0,4,18,0,0,18,8,113,0,0,0.29,4.13,19,0,21.05,,4,4,21,16,5,4,0,,36,37.11,0,0,1,41,1,6,0,8,823,1,,0,0,1,0,100.0,0,1,0,1,108,6,0,6.61,0,4,0,0,0,0,0,0,205.75,0.0,0,17,2,6,9,10,38.46,0,14,9,64.29,6,8,26,2,51,31.1,5,85,27,110,118.9,19,0,269,13,5,0,Jessic Ngankam,Hertha BSC,906276,2528,germany,2223
8,0,0.0,111,10,76.92,199,125,324,89.26,4,40.0,6,24,0,0,0,0,,0,1,6,0,10,24,0,0,13,6,40,0,0,0.8,0.87,9,0,0.0,,0,0,10,8,2,0,0,,35,50.72,0,0,0,39,9,8,0,3,570,0,,0,0,0,0,0.0,0,0,0,0,91,5,0,6.6,0,0,0,0,0,0,0,0,0.0,0.0,0,4,7,2,3,11,64.71,0,17,8,47.06,8,10,17,6,39,49.37,13,239,130,363,158.5,11,0,509,7,1,0,Ryan Gravenberch,FC Bayern München,904897,2672,germany,2223
1,1,33.33,11,0,0.0,24,5,28,59.57,8,42.11,11,11,0,0,0,0,,0,0,1,0,5,11,0,0,5,5,26,0,0,0.06,1.35,3,0,40.0,,2,2,4,4,0,2,0,,1,6.25,0,0,0,19,0,1,1,0,208,0,,0,0,0,0,0.0,0,0,0,0,42,2,0,6.6,0,1,0,0,0,0,0,0,104.0,0.0,0,5,0,0,4,0,0.0,0,0,0,0.0,1,1,2,3,9,25.71,1,40,10,47,72.6,5,0,91,1,1,0,Moritz Broschinski,VfL Bochum 1848,924205,2542,germany,2223
26,12,27.91,70,30,35.29,155,167,310,64.32,14,35.9,25,22,2,0,0,0,,3,1,4,1,48,22,0,0,10,18,85,0,0,1.7,0.4,13,0,0.0,,0,2,30,25,5,0,0,,61,50.41,0,0,0,172,17,11,0,19,1606,1,,0,1,0,0,0.0,0,0,0,0,337,3,0,6.6,1,0,0,0,0,0,0,0,0.0,0.0,0,6,3,5,0,15,44.12,0,34,16,47.06,10,68,34,43,75,46.88,85,307,218,482,145.2,9,0,994,13,4,1,Iago Borduchi,FC Augsburg,869644,2600,germany,2223
0,0,0.0,7,0,0.0,9,3,12,54.55,1,33.33,2,6,0,0,0,0,,0,1,1,0,0,4,0,0,2,0,8,0,0,0.02,0.54,3,0,0.0,,0,0,1,1,0,0,0,,4,40.0,0,0,0,10,0,1,0,0,74,1,,0,0,0,0,0.0,0,0,0,0,20,1,0,6.6,0,0,0,0,0,0,0,0,0.0,0.0,0,2,1,2,0,2,66.67,0,2,2,100.0,1,0,3,0,5,38.46,0,18,4,22,26.4,3,0,49,0,1,0,Marlon Mustapha,1. FSV Mainz 05,1006951,2556,germany,2223
1,2,50.0,3,0,0.0,9,13,20,90.91,0,0.0,0,3,0,0,0,0,,0,0,0,0,1,2,0,0,0,0,1,1,0,0.1,0.3,1,0,0.0,,0,0,1,1,0,0,0,,2,66.67,0,0,1,2,1,1,0,0,45,0,,0,0,0,0,0.0,0,0,0,0,6,0,0,6.6,0,0,0,0,0,0,0,0,0.0,0.0,0,1,0,0,1,1,100.0,0,1,1,100.0,1,2,1,4,2,66.67,0,12,14,22,13.2,1,0,35,0,0,0,Jonathan Schmid,SC Freiburg,94856,2538,germany,2223
0,0,0.0,1,0,0.0,1,0,1,50.0,1,20.0,4,3,0,0,0,0,,0,0,0,0,0,2,0,0,1,0,6,0,0,0.0,0.07,1,0,0.0,,0,0,0,0,0,0,0,,0,0.0,0,0,0,1,0,0,0,0,21,0,,0,0,0,0,0.0,0,0,0,0,3,0,0,6.6,0,0,0,0,0,0,0,0,0.0,0.0,0,0,1,0,1,0,0.0,0,0,0,0.0,0,0,0,0,1,14.29,0,2,0,2,13.2,1,0,5,0,0,0,Semir Telalović,Borussia M'gladbach,1129765,2527,germany,2223
5,1,100.0,16,5,55.56,36,50,85,87.63,2,66.67,1,4,0,0,0,0,,0,0,0,0,4,4,0,0,0,1,3,0,0,0.29,0.06,1,0,0.0,,0,0,5,4,1,0,0,,2,50.0,0,0,0,12,2,2,0,1,135,0,,0,0,0,0,0.0,0,0,0,0,14,1,0,6.6,0,0,0,0,0,0,0,0,0.0,0.0,0,0,1,0,1,0,0.0,0,2,0,0.0,2,9,0,1,4,57.14,9,41,57,97,26.4,1,0,118,0,0,0,Daley Blind,FC Bayern München,44864,2672,germany,2223
2,1,50.0,6,4,66.67,10,9,18,69.23,1,33.33,2,3,0,0,0,0,,0,0,0,0,3,2,0,0,0,0,8,0,0,0.21,0.03,3,0,0.0,,0,0,2,1,1,0,0,,3,33.33,0,0,0,8,0,3,0,0,67,0,,0,0,0,1,0.0,0,0,0,0,18,0,0,6.6,0,0,0,0,0,0,0,0,0.0,0.0,0,1,0,1,0,0,0.0,0,2,1,50.0,3,5,3,2,4,33.33,6,13,15,26,13.2,1,0,59,1,0,0,Kerim Çalhanoğlu,FC Schalke 04,980630,2530,germany,2223
0,0,0.0,0,0,0.0,0,2,2,66.67,0,0.0,0,1,0,0,0,0,,0,0,0,0,1,1,0,0,0,0,0,0,0,0.0,0.0,0,0,0.0,,0,0,0,0,0,0,0,,1,100.0,0,0,0,1,0,0,0,0,13,0,,0,0,0,0,0.0,0,0,0,0,1,1,0,6.6,0,0,0,0,0,0,0,0,0.0,0.0,0,0,0,0,0,0,0.0,0,0,0,0.0,0,0,0,0,1,100.0,0,1,2,3,6.6,0,0,5,1,0,0,Aster Vranckx,VfL Wolfsburg,989371,2524,germany,2223
0,0,0.0,3,0,0.0,4,0,4,100.0,0,0.0,0,1,0,0,0,0,,0,0,0,0,0,1,0,0,0,0,0,0,0,0.01,0.0,0,0,0.0,,0,0,0,0,0,0,0,,1,100.0,0,0,0,0,0,0,0,0,9,0,,0,0,0,0,0.0,0,0,0,0,3,0,0,6.6,0,0,0,0,0,0,0,0,0.0,0.0,0,0,0,0,0,0,0.0,0,1,1,100.0,0,0,0,1,1,100.0,0,5,0,4,6.6,0,0,8,0,0,0,Laurin Ulrich,VfB Stuttgart,1152486,2677,germany,2223
0,0,0.0,0,0,0.0,0,0,0,0.0,0,0.0,1,1,0,0,0,0,,0,0,0,0,0,1,0,0,1,1,3,0,0,0.0,0.0,0,0,0.0,,0,0,0,0,0,0,0,,4,66.67,0,0,0,0,0,0,0,0,26,0,,0,0,0,0,0.0,0,0,0,0,2,0,0,6.6,0,0,0,0,0,0,0,0,0.0,0.0,0,0,0,0,0,0,0.0,0,3,2,66.67,0,0,0,0,4,57.14,0,0,0,0,6.6,0,0,7,1,0,0,Darko Churlinov,VfB Stuttgart,876345,2677,germany,2223
0,0,0.0,2,1,100.0,4,3,7,100.0,0,0.0,0,1,0,0,0,0,,0,0,0,0,0,1,0,0,0,0,0,0,0,0.0,0.0,0,0,0.0,,0,0,0,0,0,0,0,,1,100.0,0,0,0,0,0,0,0,0,24,0,,0,0,0,0,0.0,0,0,0,0,2,0,0,6.6,0,0,0,0,0,0,0,0,0.0,0.0,0,0,0,0,0,0,0.0,0,1,1,100.0,0,0,0,0,1,100.0,1,4,3,7,6.6,0,0,10,0,0,0,Sidi Sané,FC Schalke 04,1387930,2530,germany,2223
1,0,0.0,1,3,60.0,6,22,28,84.85,1,50.0,1,1,0,0,0,0,,0,0,0,0,3,1,0,0,0,1,2,0,0,0.0,0.0,0,0,0.0,,0,0,1,1,0,0,0,,0,0.0,0,0,0,5,1,0,0,1,90,0,,0,0,0,0,0.0,0,0,0,0,5,0,0,6.6,0,0,0,0,0,0,0,0,0.0,0.0,0,0,0,0,0,0,0.0,0,0,0,0.0,0,2,0,0,1,33.33,5,8,25,33,6.6,0,0,41,0,0,0,Pascal Klemens,Hertha BSC,1409353,2528,germany,2223
0,0,0.0,1,0,0.0,2,3,5,62.5,0,0.0,2,1,0,0,0,0,,0,0,0,0,0,1,0,0,0,0,3,0,0,0.0,0.0,1,0,0.0,,0,0,0,0,0,0,0,,0,0.0,0,0,0,3,0,0,0,0,19,0,,0,0,0,0,0.0,0,0,0,0,4,0,0,6.6,0,0,0,0,0,0,0,0,0.0,0.0,0,0,0,0,0,0,0.0,0,0,0,0.0,0,0,0,0,0,0.0,0,4,4,8,6.6,0,0,11,0,0,0,Tony Rölke,Hertha BSC,1005883,2528,germany,2223
0,0,0.0,1,0,0.0,4,6,10,62.5,0,0.0,0,2,0,0,0,0,,0,0,0,0,0,1,0,0,0,0,0,0,0,0.0,0.0,0,0,0.0,,0,0,0,0,0,0,0,,1,100.0,0,0,0,6,0,0,0,0,16,0,,0,0,0,0,0.0,0,0,0,0,6,0,0,6.6,0,0,0,0,0,0,0,0,0.0,0.0,0,0,0,0,0,1,100.0,0,0,0,0.0,0,4,1,0,1,100.0,3,10,6,16,6.6,0,0,17,0,0,0,Oscar Fraulo,Borussia M'gladbach,1008245,2527,germany,2223
0,0,0.0,0,0,0.0,2,2,4,80.0,1,100.0,0,2,0,0,0,0,,0,0,0,0,0,1,0,0,1,0,1,0,0,0.0,0.0,0,0,0.0,,0,0,0,0,0,0,0,,2,66.67,0,0,0,1,0,0,0,0,15,0,,0,0,0,0,0.0,0,0,0,0,4,0,0,6.6,0,0,0,0,0,0,0,0,0.0,0.0,0,0,0,0,0,0,0.0,0,2,2,100.0,0,0,0,0,3,75.0,0,3,2,5,6.6,0,0,13,1,0,0,Hugo Siquet,SC Freiburg,983041,2538,germany,2223
23,0,0.0,14,54,45.38,47,72,119,63.98,3,100.0,0,5,0,0,0,0,,0,0,0,2,4,5,0,0,0,1,1,1,0,0.03,0.0,0,0,0.0,,0,0,11,11,0,0,0,-2.02,0,0.0,0,7,0,67,0,0,0,5,450,0,,0,0,0,0,0.0,2,0,0,0,67,0,3,6.6,0,0,3,10,4,14,0,1,0.0,0.0,0,0,0,0,0,0,0.0,3,0,0,0.0,0,46,0,0,3,75.0,119,101,85,186,33.0,0,1,242,0,0,0,Lennart Grill,1. FC Union Berlin,836710,2547,germany,2223
14,3,37.5,22,26,57.78,66,182,245,83.33,18,58.06,13,11,0,0,0,0,,0,0,1,0,33,11,0,0,4,11,38,0,0,0.66,0.31,11,0,0.0,,0,0,19,16,3,0,0,,21,45.65,0,0,0,49,12,4,0,8,798,0,,0,1,0,0,0.0,0,0,0,0,61,1,0,6.59,0,0,0,0,0,0,0,0,0.0,0.0,0,2,2,2,1,4,100.0,0,13,9,69.23,3,31,4,8,39,50.65,45,103,199,294,72.5,4,0,422,4,1,0,Dominique Heintz,VfL Bochum 1848,136922,2542,germany,2223
3,0,0.0,14,1,20.0,22,11,33,44.59,14,37.84,23,27,0,0,0,0,,0,2,2,0,6,20,0,0,4,3,39,0,0,0.05,1.19,5,0,11.11,,1,1,8,7,1,1,0,,8,33.33,0,0,1,41,1,1,0,0,298,3,,0,0,0,0,0.0,0,0,0,0,66,1,0,6.59,0,1,0,0,0,0,0,0,298.0,0.0,0,6,3,5,2,0,0.0,0,6,4,66.67,1,6,4,0,22,36.07,5,56,18,74,131.8,9,0,144,2,1,0,Nils Petersen,SC Freiburg,20826,2538,germany,2223
2,0,0.0,30,1,11.11,58,58,116,77.85,1,10.0,9,18,0,0,0,0,,0,2,3,0,3,17,0,0,3,8,33,0,0,0.55,3.47,14,0,36.36,,4,4,12,10,2,4,0,,10,29.41,1,0,0,33,3,1,3,4,521,1,,0,0,1,1,100.0,0,1,0,0,53,4,0,6.59,0,0,0,0,0,0,0,0,130.25,0.0,0,8,3,2,6,1,50.0,0,5,2,40.0,1,6,2,3,11,25.0,9,88,64,149,112.0,11,0,211,4,0,0,Luca Waldschmidt,VfL Wolfsburg,319861,2524,germany,2223
1,0,0.0,11,1,100.0,21,5,26,50.0,17,56.67,13,8,0,0,0,0,,0,0,2,0,2,8,0,0,6,2,32,0,0,0.51,0.24,4,0,25.0,,1,1,6,5,1,1,0,,15,44.12,0,0,0,26,0,0,0,1,176,0,,0,0,0,0,0.0,0,0,0,0,51,0,0,6.59,0,1,0,0,0,0,0,0,176.0,0.0,0,4,0,1,1,3,27.27,0,6,4,66.67,0,2,11,3,32,50.0,1,48,7,52,52.7,4,0,109,6,0,0,Kevin Schade,SC Freiburg,1006387,2538,germany,2223
8,4,30.77,50,5,55.56,82,37,115,71.88,13,34.21,25,24,2,0,0,0,,2,4,3,0,5,22,0,0,16,10,84,0,0,1.4,3.37,17,0,4.76,,1,3,16,14,2,1,0,,25,29.76,0,0,2,45,4,8,0,4,653,4,,0,0,0,0,0.0,0,0,0,0,120,3,0,6.59,0,1,0,0,0,0,0,0,653.0,0.0,0,19,2,6,12,6,26.09,0,14,7,50.0,8,14,23,13,38,31.15,9,130,43,160,144.9,21,0,338,6,3,0,Sargis Adamyan,1. FC Köln,129927,2671,germany,2223
3,2,33.33,9,0,0.0,15,16,29,60.42,1,20.0,4,7,0,0,0,0,,0,0,0,0,3,7,0,0,2,0,14,0,0,0.08,0.44,1,0,100.0,,1,1,6,6,0,1,0,,12,54.55,0,0,0,19,4,2,1,0,160,0,,0,0,0,0,0.0,0,0,0,0,45,2,0,6.59,0,0,0,0,0,0,0,0,160.0,0.0,0,1,0,0,1,4,36.36,0,4,1,25.0,2,5,11,6,13,48.15,1,31,23,48,46.1,1,0,119,4,0,0,David Čolina,FC Augsburg,826020,2600,germany,2223
0,0,0.0,16,0,0.0,26,12,38,55.07,24,66.67,12,11,0,0,0,0,,0,3,6,0,2,10,0,0,9,3,39,0,0,0.49,2.52,11,0,5.88,,1,1,10,7,3,1,0,,4,12.9,0,0,1,31,0,4,1,4,391,1,,0,0,0,0,0.0,0,0,0,0,69,2,0,6.58,0,0,0,0,0,0,0,0,391.0,0.0,0,15,2,5,6,1,20.0,0,2,1,50.0,4,0,5,4,28,41.79,2,56,17,69,65.8,17,0,147,1,1,0,Florian Dietz,1. FC Köln,842215,2671,germany,2223
5,2,28.57,66,3,37.5,116,69,183,81.33,4,25.0,12,16,1,0,0,0,,2,1,2,0,4,15,0,0,7,7,47,0,0,0.44,0.57,7,0,0.0,,0,1,11,8,3,0,0,,29,45.31,0,0,0,42,5,8,0,5,523,1,,0,0,0,0,0.0,0,0,0,0,87,4,0,6.58,0,0,0,0,0,0,0,0,0.0,0.0,0,4,4,2,4,8,36.36,0,6,5,83.33,8,20,22,7,33,41.25,8,156,76,225,98.7,8,0,349,15,1,0,Angelo Fulgini,1. FSV Mainz 05,787540,2556,germany,2223
18,0,0.0,21,22,44.9,68,206,274,83.54,14,48.28,15,9,0,0,0,0,,0,0,2,0,32,9,0,0,1,3,26,1,1,0.1,0.62,4,0,20.0,,1,1,19,17,2,1,0,,6,35.29,0,0,0,54,13,2,1,8,696,0,,0,0,0,0,0.0,0,0,0,0,69,1,0,6.58,0,0,0,0,0,0,0,0,696.0,0.0,0,5,0,2,1,1,25.0,0,5,4,80.0,2,39,4,0,20,43.48,49,105,223,328,59.2,5,0,425,0,2,0,Sepp van den Berg,FC Schalke 04,924378,2530,germany,2223
8,0,0.0,25,9,37.5,49,80,129,70.88,16,69.57,7,8,0,0,0,0,,0,0,1,0,18,8,0,0,2,10,26,0,0,0.08,0.08,6,0,0.0,,0,0,12,11,1,0,0,,15,44.12,0,0,0,53,4,1,0,5,511,0,,0,0,0,0,0.0,0,0,0,0,62,3,0,6.58,0,0,0,0,0,0,0,0,0.0,0.0,0,1,1,0,1,1,50.0,0,12,3,25.0,1,20,2,1,31,54.39,24,88,95,182,52.6,2,0,253,4,1,0,Florian Flick,FC Schalke 04,944288,2530,germany,2223
87,0,0.0,56,213,43.38,150,338,488,63.29,4,80.0,1,23,0,0,0,0,,0,0,1,2,10,23,0,0,0,2,3,3,0,0.17,0.08,0,0,0.0,,0,0,58,50,8,0,0,-11.77,3,60.0,0,5,0,283,1,1,0,22,2034,0,,0,0,0,0,0.0,4,0,0,0,286,0,4,6.57,0,0,8,58,22,80,1,18,0.0,0.0,0,1,0,0,0,0,0.0,8,0,0,0.0,1,188,0,0,7,70.0,491,394,377,771,151.2,1,0,961,4,1,0,Alexander Schwolow,FC Schalke 04,134778,2530,germany,2223
13,1,50.0,42,13,65.0,74,114,187,83.11,7,43.75,9,16,0,0,0,0,,0,0,2,0,14,15,0,0,3,13,31,0,0,0.54,0.26,5,0,0.0,,0,0,17,16,1,0,0,,25,53.19,0,0,0,38,4,2,0,3,562,0,,0,0,0,0,0.0,0,0,0,0,51,3,0,6.57,0,0,0,0,0,0,0,0,0.0,0.0,0,1,2,1,0,1,33.33,0,15,4,26.67,2,19,3,2,32,50.79,20,99,128,225,98.6,3,0,306,9,1,0,Julian Baumgartlinger,FC Augsburg,24006,2600,germany,2223
16,1,100.0,26,20,25.0,85,418,502,79.43,55,59.14,38,22,0,0,0,0,,1,2,3,2,86,22,0,0,4,8,75,1,1,0.32,0.87,27,0,0.0,,0,0,38,30,8,0,0,,50,57.47,0,0,0,130,36,4,0,21,1732,0,,0,0,0,3,0.0,0,0,0,0,160,1,0,6.57,1,0,0,0,0,0,0,0,0.0,0.0,0,8,1,3,3,2,100.0,0,38,23,60.53,4,48,2,1,105,58.33,80,162,471,632,144.6,9,1,901,10,6,1,Filip Uremović,Hertha BSC,805712,2528,germany,2223
18,5,10.87,86,14,33.33,150,138,283,70.57,24,68.57,11,29,1,0,0,0,,1,3,4,0,23,29,0,0,15,10,56,0,0,0.75,2.16,11,0,0.0,,0,1,22,17,5,0,0,,43,48.86,0,0,1,118,14,10,0,8,1082,2,,0,0,0,0,0.0,0,0,0,0,249,4,0,6.57,0,0,0,0,0,0,0,0,0.0,0.0,0,10,1,3,4,8,44.44,0,23,12,52.17,10,35,18,46,67,54.47,42,271,176,401,190.6,11,0,737,12,4,0,Kingsley Schindler,1. FC Köln,169113,2671,germany,2223
21,1,100.0,26,36,31.03,78,145,222,59.52,17,50.0,17,17,0,0,0,0,,0,0,0,0,43,16,0,0,4,9,41,0,1,0.15,0.08,11,0,50.0,,1,1,20,16,4,0,1,,29,54.72,0,0,0,151,11,4,1,11,958,0,,0,0,0,0,0.0,0,0,0,0,161,2,0,6.57,0,0,0,0,0,0,0,0,958.0,0.0,0,1,1,1,1,3,100.0,0,17,8,47.06,4,94,3,1,46,52.87,116,189,185,373,105.1,2,0,505,9,2,0,Márton Dárdai,Hertha BSC,980618,2528,germany,2223
52,0,0.0,15,120,47.62,69,429,498,78.67,4,100.0,0,19,0,0,0,0,,0,0,0,1,14,19,0,0,0,0,0,3,1,0.11,0.0,0,0,0.0,,0,0,34,27,7,0,0,-6.62,1,100.0,0,6,0,135,0,2,0,19,1710,0,,0,0,0,0,0.0,1,0,0,0,136,0,7,6.57,0,0,7,33,20,53,0,10,0.0,0.0,0,0,0,0,0,0,0.0,7,0,0,0.0,2,115,0,0,5,100.0,252,157,476,633,124.8,0,1,809,2,0,0,Florian Müller,VfB Stuttgart,842858,2677,germany,2223
0,1,50.0,2,0,0.0,3,5,7,100.0,0,0.0,0,3,0,0,0,0,,0,0,0,0,0,3,0,0,4,0,5,0,0,0.05,0.1,1,0,0.0,,0,0,2,2,0,0,0,,4,44.44,0,0,0,0,0,0,0,0,33,0,,0,0,0,0,0.0,0,0,0,0,8,0,0,6.57,0,0,0,0,0,0,0,0,0.0,0.0,0,0,1,1,0,2,100.0,0,2,2,100.0,0,0,2,2,4,44.44,0,4,5,7,19.7,1,0,22,0,0,0,Yvandro Borges Sanches,Borussia M'gladbach,1123613,2527,germany,2223
0,0,0.0,5,1,100.0,6,5,11,84.62,1,100.0,0,3,0,0,0,0,,0,0,0,0,0,3,0,0,0,0,3,0,0,0.01,0.07,2,0,0.0,,0,0,2,2,0,0,0,,2,40.0,0,0,0,2,0,0,0,0,43,0,,0,0,0,0,0.0,0,0,0,0,7,0,0,6.57,0,0,0,0,0,0,0,0,0.0,0.0,0,1,0,0,1,1,50.0,0,0,0,0.0,0,0,2,2,3,50.0,1,9,6,13,19.7,1,0,22,1,2,0,Mark Uth,1. FC Köln,110508,2671,germany,2223
47,8,29.63,150,39,42.86,308,278,578,71.18,47,48.45,50,29,0,0,0,0,,0,1,11,6,51,29,0,0,22,20,134,0,0,1.77,1.51,21,0,0.0,,0,0,52,44,8,0,0,,75,47.17,0,0,0,234,17,11,0,26,2357,3,,1,0,0,0,0.0,0,0,0,0,337,7,0,6.56,0,0,0,0,0,0,0,0,0.0,0.0,0,14,18,19,2,23,52.27,0,34,24,70.59,11,94,44,27,122,47.66,91,503,336,812,190.3,32,0,1177,18,3,0,Alex Král,FC Schalke 04,825740,2530,germany,2223
7,3,20.0,51,7,36.84,75,48,120,71.86,7,36.84,12,20,0,0,0,0,,0,1,1,0,7,19,0,0,11,11,54,0,0,0.27,0.65,8,0,0.0,,0,0,20,16,4,0,0,,55,56.7,0,0,2,47,10,5,0,8,751,3,,0,0,0,0,0.0,0,0,0,0,117,5,0,6.56,0,0,0,0,0,0,0,0,0.0,0.0,0,8,4,6,5,10,45.45,0,23,18,78.26,5,12,22,15,62,53.45,19,119,63,167,124.6,12,0,390,23,3,0,Jordi Osei-Tutu,VfL Bochum 1848,908631,2542,germany,2223
14,0,0.0,17,11,22.92,50,110,160,67.8,18,52.94,16,15,0,0,0,0,,0,0,4,1,41,9,0,0,1,3,28,0,0,0.25,0.45,8,0,0.0,,0,0,14,12,2,0,0,,16,57.14,0,0,0,76,12,1,0,7,626,0,,0,0,0,2,0.0,0,0,0,0,83,1,0,6.56,0,0,0,0,0,0,0,0,0.0,0.0,0,5,1,2,0,0,0.0,0,10,8,80.0,1,45,0,0,34,54.84,48,107,129,236,59.0,6,0,337,6,2,0,Vasilis Lampropoulos,VfL Bochum 1848,32993,2542,germany,2223
2,2,50.0,24,0,0.0,41,21,60,72.29,3,37.5,5,12,0,0,0,0,,0,1,2,0,0,11,0,0,6,1,18,0,0,0.37,1.31,1,0,14.29,,1,1,8,7,1,1,0,,7,35.0,0,0,0,23,1,7,1,3,334,4,,0,0,0,0,0.0,0,0,0,0,48,2,0,6.55,0,0,0,0,0,0,0,0,334.0,0.0,0,4,3,3,2,2,28.57,0,4,3,75.0,7,4,7,4,10,35.71,3,59,28,83,72.1,7,0,133,1,0,0,Jacob Bruun Larsen,TSG Hoffenheim,809276,2569,germany,2223
2,0,0.0,12,1,25.0,17,11,28,54.9,4,33.33,8,12,0,0,0,0,,2,0,1,0,3,10,0,0,6,2,23,0,0,1.0,0.12,2,0,0.0,,0,0,2,0,2,0,0,,9,37.5,0,0,0,23,1,3,0,0,135,0,,0,0,0,0,0.0,0,0,0,0,42,0,0,6.55,0,0,0,0,0,0,0,0,0.0,0.0,0,2,0,1,0,3,37.5,0,6,4,66.67,3,5,8,1,13,36.11,4,38,14,51,65.5,2,0,97,0,0,0,Tim Lemperle,1. FC Köln,1014290,2671,germany,2223
0,0,0.0,3,0,0.0,4,3,7,77.78,1,100.0,0,2,0,0,0,0,,0,0,0,0,1,2,0,0,4,0,5,0,0,0.06,0.0,1,0,0.0,,0,0,1,1,0,0,0,,5,50.0,0,0,0,2,0,1,0,0,23,0,,0,0,0,0,0.0,0,0,0,0,6,0,0,6.55,0,0,0,0,0,0,0,0,0.0,0.0,0,0,0,0,0,2,100.0,0,3,1,33.33,1,0,2,0,6,54.55,0,6,3,9,13.1,0,0,19,0,1,0,Paul Wanner,FC Bayern München,1146018,2672,germany,2223
3,0,0.0,3,2,50.0,6,9,15,68.18,1,50.0,1,3,0,0,0,0,,0,0,0,0,3,2,0,0,0,0,1,0,0,0.01,0.0,0,0,0.0,,0,0,1,0,1,0,0,,0,0.0,0,0,0,7,2,0,0,1,72,0,,0,0,0,0,0.0,0,0,0,0,7,0,0,6.55,0,0,0,0,0,0,0,0,0.0,0.0,0,0,0,0,0,0,0.0,0,0,0,0.0,0,4,0,0,1,50.0,4,9,13,22,13.1,0,0,30,0,0,0,Fabio Chiarodia,SV Werder Bremen,1130067,2534,germany,2223
1,0,0.0,6,3,33.33,11,20,31,73.81,1,100.0,0,5,0,0,0,0,,0,0,0,0,0,4,0,0,2,1,3,0,0,0.01,0.0,0,0,0.0,,0,0,2,2,0,0,0,,4,57.14,0,0,0,11,0,0,0,0,97,0,,0,0,0,0,0.0,0,0,0,0,14,0,0,6.55,0,0,0,0,0,0,0,0,0.0,0.0,0,0,0,0,0,0,0.0,0,3,3,100.0,0,4,0,0,5,62.5,9,19,23,42,26.2,0,0,55,1,0,0,Nicolas Cozza,VfL Wolfsburg,886286,2524,germany,2223
34,0,0.0,82,40,44.44,225,412,637,81.77,22,64.71,12,19,0,0,0,0,,1,0,1,1,33,19,0,1,4,10,46,0,0,0.47,0.55,13,0,16.67,,1,1,32,29,3,1,0,,42,55.26,0,0,0,142,24,3,0,14,1286,0,,0,0,0,1,0.0,0,0,0,0,169,1,0,6.55,1,1,0,0,0,0,0,0,1286.0,0.0,0,4,2,3,2,12,63.16,0,22,13,59.09,3,84,19,1,64,58.18,90,324,456,779,124.4,6,0,969,8,2,0,Stanley N'Soki,TSG Hoffenheim,904991,2569,germany,2223
9,1,16.67,51,5,18.52,124,110,233,79.52,8,40.0,12,20,3,0,0,0,,1,1,0,0,23,13,0,0,6,13,38,0,0,0.96,1.02,5,0,25.0,,1,4,16,15,1,1,0,,37,58.73,0,0,0,60,6,5,1,7,702,1,,0,0,0,0,0.0,0,0,0,0,92,2,0,6.55,0,0,0,0,0,0,0,0,702.0,0.0,0,4,0,1,3,10,76.92,0,25,13,52.0,5,24,13,6,45,54.22,27,154,145,293,85.1,4,0,473,2,0,0,Luca Netz,Borussia M'gladbach,979144,2527,germany,2223
4,2,66.67,43,3,25.0,65,54,117,62.9,21,45.65,25,24,1,0,0,0,,0,1,2,0,19,24,0,0,15,8,69,0,0,0.31,0.83,21,0,11.11,,1,2,16,16,0,1,0,,28,38.89,1,0,1,69,3,7,0,8,835,0,,0,0,0,0,0.0,0,0,0,0,104,0,0,6.55,0,0,0,0,0,0,0,0,835.0,0.0,0,9,0,4,3,0,0.0,0,22,10,45.45,7,13,2,3,49,41.53,12,114,75,186,157.1,9,0,321,6,3,0,Morten Thorsby,1. FC Union Berlin,280991,2547,germany,2223
4,1,33.33,52,3,33.33,91,48,138,77.53,7,50.0,7,12,0,0,0,0,,0,2,1,0,6,11,0,0,12,3,41,0,0,0.75,2.21,12,0,18.18,,2,2,11,10,1,2,0,,25,42.37,1,0,0,40,2,3,0,7,565,3,,0,0,0,0,0.0,0,0,0,0,84,3,0,6.55,0,1,0,0,0,0,0,0,282.5,0.0,0,7,4,5,5,3,30.0,0,6,4,66.67,3,9,10,3,32,43.84,9,122,59,178,72.0,11,0,291,16,2,0,Daniel-Kofi Kyereh,SC Freiburg,569684,2538,germany,2223
4,1,11.11,42,8,47.06,93,101,193,81.43,9,60.0,6,9,0,0,0,0,,0,1,1,0,8,9,0,0,9,4,26,0,0,0.21,0.29,5,0,0.0,,0,0,8,6,2,0,0,,22,52.38,0,0,0,44,4,4,0,5,479,1,,0,0,0,0,0.0,0,0,0,0,73,3,0,6.54,0,0,0,0,0,0,0,0,0.0,0.0,0,1,3,3,0,4,57.14,0,11,6,54.55,4,16,7,9,31,54.39,17,128,118,237,58.9,4,0,364,7,1,0,Nikolas Nartey,VfB Stuttgart,861981,2677,germany,2223
0,2,20.0,19,1,100.0,29,9,36,78.26,1,11.11,8,16,1,0,0,0,,1,1,2,0,0,16,0,0,8,2,42,0,0,0.32,0.65,6,0,11.11,,1,2,5,5,0,1,0,,19,35.85,0,0,0,10,1,3,0,0,282,1,,0,0,0,0,0.0,0,0,0,0,60,2,0,6.54,0,1,0,0,0,0,0,0,282.0,0.0,0,7,2,2,5,5,21.74,0,5,3,60.0,3,1,23,10,20,32.26,1,47,9,46,104.7,9,0,142,9,1,0,Jamie Leweling,1. FC Union Berlin,990201,2547,germany,2223
9,1,8.33,83,6,54.55,144,70,213,79.48,7,36.84,12,24,1,0,0,0,,0,2,10,0,4,23,0,0,18,15,71,0,0,0.59,2.4,14,0,25.0,,4,5,16,14,2,4,0,,36,37.89,0,0,0,55,4,5,2,7,790,0,,0,0,0,0,0.0,0,0,0,0,121,3,0,6.54,0,2,0,0,0,0,0,0,197.5,0.0,0,14,2,2,4,6,33.33,0,23,9,39.13,5,16,18,12,43,37.72,11,194,86,268,150.5,16,0,441,7,3,0,Denis Huseinbašić,1. FC Köln,1064842,2671,germany,2223
1,3,42.86,23,2,28.57,42,20,59,76.62,2,22.22,7,15,1,0,0,0,,1,0,1,0,2,13,0,0,5,6,34,0,0,0.25,0.09,8,0,0.0,,0,1,4,3,1,0,0,,11,28.95,0,0,0,18,1,3,0,0,189,2,,0,0,0,0,0.0,0,0,0,0,47,1,0,6.54,0,0,0,0,0,0,0,0,0.0,0.0,0,2,0,1,0,2,20.0,0,8,5,62.5,3,2,10,7,13,27.66,7,60,24,77,85.0,2,0,146,1,0,0,Faride Alidou,Eintracht Frankfurt,994197,2674,germany,2223
0,1,16.67,20,4,100.0,35,14,48,68.57,6,25.0,18,16,0,0,0,0,,1,0,0,0,3,16,0,0,10,2,53,0,0,0.45,0.19,12,0,50.0,,1,1,7,7,0,1,0,,21,37.5,1,0,0,22,1,2,0,3,433,6,,0,0,0,0,0.0,0,0,0,0,69,3,0,6.54,0,0,0,0,0,0,0,0,433.0,0.0,0,2,0,1,1,4,25.0,0,5,4,80.0,2,2,16,6,27,33.75,4,57,19,70,104.6,2,0,168,12,0,0,Juan José Perea,VfB Stuttgart,945145,2677,germany,2223
26,6,23.08,132,32,47.76,328,335,657,74.07,42,49.41,43,27,2,0,0,0,,2,1,3,5,43,27,0,0,15,12,122,0,1,1.33,0.83,38,0,0.0,,0,2,32,28,4,0,0,,51,39.23,0,0,1,230,21,10,0,23,1982,2,,0,0,0,0,0.0,0,0,0,0,367,6,0,6.53,1,0,0,0,0,0,0,0,0.0,0.0,0,5,5,6,1,12,46.15,0,33,20,60.61,10,67,26,26,93,43.26,67,504,409,887,176.4,10,0,1349,6,2,1,Kiliann Sildillia,SC Freiburg,1014222,2538,germany,2223
1,0,0.0,23,1,100.0,31,8,39,76.47,1,8.33,11,13,1,0,0,0,,1,0,1,0,2,12,0,0,6,1,27,0,0,0.23,0.15,4,0,0.0,,0,1,5,4,1,0,0,,13,44.83,0,0,0,12,0,1,0,0,248,3,,0,0,0,0,0.0,0,0,0,0,42,2,0,6.53,0,0,0,0,0,0,0,0,0.0,0.0,0,1,3,1,2,6,46.15,0,3,3,100.0,1,1,13,1,14,34.15,1,44,8,51,78.4,4,0,109,4,2,0,Delano Burgzorg,1. FSV Mainz 05,914276,2556,germany,2223
10,2,28.57,15,23,31.08,49,141,188,68.86,12,46.15,14,13,0,0,0,0,,0,0,1,0,26,12,0,0,4,2,33,0,1,0.17,0.2,9,0,0.0,,0,0,16,15,1,0,0,,23,54.76,0,0,0,85,7,2,0,7,643,0,,0,0,0,0,0.0,0,0,0,0,123,1,0,6.53,0,0,0,0,0,0,0,0,0.0,0.0,1,2,6,7,0,10,71.43,0,9,6,66.67,2,44,14,7,35,51.47,74,113,167,273,78.4,8,0,434,4,3,0,Renato Veiga,FC Augsburg,1087359,2600,germany,2223
6,0,0.0,14,4,30.77,42,57,99,73.88,10,66.67,5,6,0,0,0,0,,0,1,0,0,16,6,0,0,1,2,17,0,0,0.04,0.1,5,0,0.0,,0,0,6,5,1,0,0,,8,40.0,0,0,0,35,6,2,0,3,274,0,,0,0,0,0,0.0,0,0,0,0,60,2,0,6.53,0,0,0,0,0,0,0,0,0.0,0.0,0,1,0,1,0,2,28.57,0,5,4,80.0,2,18,7,4,18,51.43,13,66,72,134,39.2,1,0,223,1,1,0,Kristian Pedersen,1. FC Köln,773591,2671,germany,2223
2,5,25.0,59,2,33.33,93,58,146,76.84,8,66.67,4,20,0,0,0,0,,0,2,6,0,3,17,0,0,4,6,35,0,0,0.68,0.84,7,0,7.69,,1,1,12,12,0,1,0,,24,43.64,0,0,1,44,1,4,1,7,700,3,,0,1,0,0,0.0,0,0,0,0,97,2,0,6.53,0,0,0,0,0,0,0,0,700.0,0.0,0,9,4,3,4,7,33.33,0,11,5,45.45,3,4,21,20,32,47.76,6,135,75,190,111.0,13,0,328,6,0,0,Nathan N'Goumou,Borussia M'gladbach,962409,2527,germany,2223
41,0,0.0,44,55,32.54,130,417,547,73.13,71,57.72,52,27,1,0,0,0,,2,2,5,3,78,25,0,0,5,17,96,1,0,0.15,1.59,24,0,0.0,,0,1,41,35,6,0,0,,56,56.0,0,0,0,201,23,5,0,20,1852,1,,0,1,0,1,0.0,0,0,0,0,224,0,0,6.53,0,0,0,0,0,0,0,0,0.0,0.0,0,8,0,3,0,2,66.67,0,31,17,54.84,4,134,3,2,127,56.95,169,266,484,748,163.2,8,0,1008,23,8,0,Maximilian Bauer,FC Augsburg,940393,2600,germany,2223
4,1,50.0,35,4,57.14,58,28,85,75.22,6,35.29,11,11,0,0,0,0,,1,1,3,0,2,11,0,0,7,7,38,0,0,0.55,1.23,7,0,0.0,,0,0,12,11,1,0,0,,18,40.0,0,0,0,28,4,4,0,5,462,1,,0,0,0,0,0.0,0,0,0,0,49,1,0,6.53,0,0,0,0,0,0,0,0,0.0,0.0,0,7,3,7,0,4,36.36,0,8,5,62.5,4,8,11,2,24,38.71,7,79,36,113,71.8,10,0,190,6,0,0,Jordan Larsson,FC Schalke 04,578380,2530,germany,2223
18,5,25.0,67,42,40.0,160,377,532,75.35,32,57.14,24,22,0,0,0,0,,0,0,3,2,48,22,0,0,10,34,95,0,1,0.51,0.17,19,0,0.0,,0,0,42,35,7,0,0,,59,45.38,0,0,0,174,23,3,0,22,1868,0,,0,0,0,0,0.0,0,0,0,0,281,11,0,6.53,0,0,0,0,0,0,0,0,0.0,0.0,0,1,2,0,0,5,35.71,0,43,23,53.49,3,69,14,20,91,48.92,105,274,452,706,143.6,3,0,1126,11,1,0,Henning Matriciani,FC Schalke 04,962577,2530,germany,2223
7,3,30.0,78,6,66.67,130,62,189,80.77,3,15.79,16,26,1,0,0,0,,1,3,4,0,7,24,0,0,7,3,50,0,0,1.5,2.11,12,0,7.69,,1,2,12,11,1,1,0,,22,39.29,0,0,1,45,1,6,1,4,652,1,,0,0,0,0,0.0,0,0,0,1,84,7,0,6.53,0,0,0,0,0,0,0,0,652.0,0.0,0,9,4,5,4,8,40.0,0,7,3,42.86,6,10,20,10,25,33.33,9,168,76,234,156.6,13,0,342,7,2,0,Woo-Yeong Jeong,SC Freiburg,927405,2538,germany,2223
5,1,50.0,30,9,52.94,49,74,122,79.22,3,33.33,6,14,0,0,0,0,,0,0,0,0,2,13,0,0,9,3,25,0,0,0.22,0.0,6,0,0.0,,0,0,9,8,1,0,0,,17,47.22,0,0,0,32,2,2,0,6,484,1,,0,0,0,0,0.0,0,0,0,0,48,3,0,6.52,0,0,0,0,0,0,0,0,0.0,0.0,0,0,0,0,0,2,66.67,0,10,5,50.0,2,10,3,2,20,44.44,17,71,85,154,84.8,0,0,210,5,1,0,Mathias Olesen,1. FC Köln,994490,2671,germany,2223
10,4,33.33,49,4,22.22,109,123,228,71.47,11,31.43,24,23,0,0,0,0,,0,0,3,0,24,22,0,0,12,5,65,0,0,0.59,0.25,19,0,0.0,,0,0,19,18,1,0,0,,34,45.33,0,0,0,91,12,5,0,11,1027,0,,0,0,0,0,0.0,0,0,0,0,139,4,0,6.52,0,0,0,0,0,0,0,0,0.0,0.0,0,3,3,3,0,5,41.67,0,20,17,85.0,5,22,12,12,45,40.91,18,174,157,319,143.5,6,0,505,9,3,0,Patrick Osterhage,VfL Bochum 1848,914755,2542,germany,2223
7,1,100.0,44,7,58.33,83,46,128,64.32,31,52.54,28,19,0,0,0,0,,1,4,2,0,5,18,0,1,6,1,52,0,0,1.1,1.6,14,0,0.0,,0,0,14,11,3,0,0,,11,31.43,0,0,1,71,1,12,0,6,696,1,,0,0,0,0,0.0,0,0,0,0,94,2,0,6.52,1,0,0,0,0,0,0,0,0.0,0.0,0,9,3,9,1,2,40.0,0,1,1,100.0,12,14,5,1,42,44.68,12,139,61,199,117.4,12,0,271,9,1,0,Luca Pfeiffer,VfB Stuttgart,842212,2677,germany,2223
43,2,18.18,183,21,42.86,415,594,1007,83.5,25,47.17,28,29,0,0,0,0,,5,1,4,7,39,28,0,0,30,33,151,0,0,1.89,0.37,37,0,0.0,,0,0,39,36,3,0,0,,77,38.5,0,0,0,199,17,15,0,27,2227,4,,0,0,0,0,0.0,0,0,0,0,296,12,0,6.52,0,0,0,0,0,0,0,0,0.0,0.0,0,3,3,1,1,21,46.67,0,44,33,75.0,15,84,45,11,102,40.32,49,540,677,1206,182.6,6,0,1548,13,4,0,Christoph Kramer,Borussia M'gladbach,110967,2527,germany,2223
3,1,33.33,16,3,37.5,26,20,45,64.29,6,40.0,9,13,0,0,0,1,,0,2,0,0,4,12,0,0,2,2,17,0,0,0.19,1.36,4,0,16.67,,1,1,4,4,0,1,0,,9,52.94,0,0,0,25,0,0,1,0,209,2,,0,0,1,0,0.0,0,0,0,0,34,0,0,6.52,0,0,0,0,0,0,0,0,209.0,0.0,0,5,1,3,3,0,0.0,0,4,2,50.0,0,8,0,3,15,46.88,8,46,27,70,78.2,6,0,115,5,1,0,Miloš Pantović,1. FC Union Berlin,352610,2547,germany,2223
5,0,0.0,5,3,50.0,19,27,46,80.7,1,33.33,2,7,0,0,0,0,,0,0,1,0,1,6,0,0,0,3,8,0,0,0.03,0.08,2,0,0.0,,0,0,1,1,0,0,0,,3,33.33,0,0,0,11,0,0,0,0,82,0,,0,0,0,0,0.0,0,0,0,0,13,0,0,6.52,0,0,0,0,0,0,0,0,0.0,0.0,0,1,0,0,0,0,0.0,0,3,1,33.33,0,7,1,1,4,33.33,6,28,30,57,39.1,1,0,69,0,0,0,Nicolai Rapp,SV Werder Bremen,787931,2534,germany,2223
8,5,25.0,54,13,59.09,118,190,303,81.67,14,40.0,21,20,1,0,0,0,,0,0,9,0,13,20,0,0,8,12,62,0,0,0.39,0.92,13,0,0.0,,0,1,28,27,1,0,0,,33,44.59,0,0,0,68,5,4,0,8,863,0,,0,0,0,0,0.0,0,0,0,0,106,9,0,6.52,0,0,0,0,0,0,0,0,0.0,0.0,1,8,8,5,2,4,33.33,0,17,13,76.47,4,29,12,20,47,43.12,22,173,218,371,130.3,16,0,533,12,2,0,Danny Latza,FC Schalke 04,40360,2530,germany,2223
1,0,0.0,40,3,42.86,88,51,139,82.25,4,33.33,8,18,1,0,0,0,,0,0,2,0,9,15,0,0,13,8,51,0,0,0.22,1.43,7,0,12.5,,1,2,13,12,1,1,0,,29,40.28,0,0,0,30,3,6,1,4,466,1,,0,0,0,0,0.0,0,0,0,0,69,3,0,6.51,0,0,0,0,0,0,0,0,466.0,0.0,0,7,1,3,3,6,28.57,0,11,8,72.73,6,2,21,2,33,39.29,7,115,56,169,97.6,8,0,283,12,0,0,Hannes Wolf,Borussia M'gladbach,832411,2527,germany,2223
3,3,13.64,62,3,60.0,86,43,126,68.11,32,58.18,23,21,2,0,0,0,,1,4,6,0,8,21,0,0,18,9,74,0,0,1.32,2.47,12,0,4.55,,1,3,28,25,3,1,0,,46,47.42,1,0,1,59,3,7,0,10,977,7,,0,0,0,0,0.0,0,0,0,0,142,3,0,6.5,0,0,0,0,0,0,0,0,977.0,0.0,0,17,5,7,9,11,44.0,0,11,8,72.73,7,8,25,22,78,51.32,5,156,51,185,136.6,22,0,385,24,2,0,Kenan Karaman,FC Schalke 04,168943,2530,germany,2223
2,2,22.22,41,3,50.0,67,45,110,78.01,1,8.33,11,9,0,0,0,0,,0,0,4,0,1,9,0,0,8,5,31,0,0,0.51,0.38,4,0,9.09,,1,1,13,12,1,1,0,,13,39.39,0,0,1,31,1,4,0,4,407,2,,0,0,0,0,0.0,0,0,0,0,61,3,0,6.5,0,1,0,0,0,0,0,0,407.0,0.0,2,4,7,6,1,2,40.0,0,4,1,25.0,4,8,5,9,14,31.11,6,101,49,141,58.5,11,0,221,7,1,0,Florent Mollet,FC Schalke 04,234230,2530,germany,2223
1,1,100.0,4,0,0.0,9,5,13,81.25,0,0.0,2,4,0,0,0,0,,0,0,0,0,0,3,0,0,0,0,3,0,0,0.03,0.25,0,0,0.0,,0,0,3,1,2,0,0,,0,0.0,0,0,0,3,0,1,0,1,75,0,,0,0,0,0,0.0,0,0,0,0,9,1,0,6.5,0,0,0,0,0,0,0,0,0.0,0.0,0,1,1,1,1,0,0.0,0,0,0,0.0,1,1,1,1,0,0.0,0,10,7,16,19.5,2,0,29,0,0,0,Thomas Kastanaras,VfB Stuttgart,1005996,2677,germany,2223
0,1,100.0,9,1,50.0,21,28,48,88.89,2,66.67,1,3,0,0,0,0,,0,0,1,0,4,3,0,0,1,2,5,0,0,0.05,0.07,1,0,0.0,,0,0,4,4,0,0,0,,2,33.33,0,0,0,6,2,0,0,0,99,0,,0,0,0,0,0.0,0,0,0,0,9,0,0,6.5,0,0,0,0,0,0,0,0,0.0,0.0,0,1,0,0,0,0,0.0,0,2,1,50.0,0,1,0,1,4,44.44,2,25,30,54,19.5,1,0,72,0,0,0,Niklas Tauer,FC Schalke 04,1065453,2530,germany,2223
2,0,0.0,6,1,33.33,13,6,19,73.08,0,0.0,1,1,0,0,0,0,,0,0,0,0,1,1,0,0,0,0,2,0,0,0.03,0.0,0,0,0.0,,0,0,1,1,0,0,0,,1,50.0,0,0,0,7,0,1,0,1,59,0,,0,0,0,0,0.0,0,0,0,0,20,0,0,6.5,0,0,0,0,0,0,0,0,0.0,0.0,0,0,0,0,0,0,0.0,0,1,0,0.0,1,3,1,5,1,33.33,3,23,8,26,6.5,0,0,45,0,0,0,Tymoteusz Puchacz,1. FC Union Berlin,867493,2547,germany,2223
0,0,0.0,0,0,0.0,0,0,0,0.0,0,0.0,1,1,0,0,0,0,,0,0,0,0,0,1,0,0,0,0,1,0,0,0.0,0.0,0,0,0.0,,0,0,0,0,0,0,0,,0,0.0,0,0,0,1,0,0,0,0,11,1,,0,0,0,0,0.0,0,0,0,0,1,0,0,6.5,0,0,0,0,0,0,0,0,0.0,0.0,0,0,0,0,0,0,0.0,0,0,0,0.0,0,0,0,0,0,0.0,1,1,0,1,6.5,0,0,1,0,0,0,Joel Pohjanpalo,Bayer 04 Leverkusen,137155,2681,germany,2223
0,0,0.0,0,0,0.0,0,1,1,50.0,0,0.0,0,1,0,0,0,0,,0,0,0,0,0,1,0,0,0,0,0,0,0,0.0,0.0,0,0,0.0,,0,0,0,0,0,0,0,,0,0.0,0,0,0,1,0,0,0,0,8,0,,0,0,0,0,0.0,0,0,0,0,1,0,0,6.5,0,0,0,0,0,0,0,0,0.0,0.0,0,0,0,0,0,0,0.0,0,0,0,0.0,0,0,0,0,0,0.0,0,0,2,2,6.5,0,0,2,0,0,0,Bouna Sarr,FC Bayern München,158233,2672,germany,2223
0,0,0.0,0,0,0.0,0,0,0,0.0,1,20.0,4,1,0,0,0,0,,0,0,0,0,0,1,0,0,0,0,4,0,0,0.0,0.0,0,0,0.0,,0,0,0,0,0,0,0,,0,0.0,0,0,0,0,0,0,0,0,10,0,,0,0,0,0,0.0,0,0,0,0,0,0,0,6.5,0,0,0,0,0,0,0,0,0.0,0.0,0,0,0,0,0,0,0.0,0,0,0,0.0,0,0,0,0,1,20.0,0,0,0,0,6.5,0,0,1,0,0,0,Dženan Pejčinović,VfL Wolfsburg,1127790,2524,germany,2223
3,0,0.0,5,3,100.0,6,5,11,84.62,0,0.0,2,1,0,0,0,0,,0,0,0,0,1,1,0,0,0,1,3,0,0,0.01,0.0,0,0,0.0,,0,0,0,0,0,0,0,,0,0.0,0,0,0,2,1,0,0,0,24,0,,0,0,0,0,0.0,0,0,0,0,3,0,0,6.5,0,0,0,0,0,0,0,0,0.0,0.0,0,0,0,0,0,0,0.0,0,0,0,0.0,0,4,0,1,0,0.0,3,8,6,13,6.5,0,0,20,0,0,0,Timothée Kolodziejczak,FC Schalke 04,41605,2530,germany,2223
0,0,0.0,2,0,0.0,2,3,5,83.33,0,0.0,0,1,0,0,0,0,,0,0,0,0,0,1,0,0,0,0,1,0,0,0.0,0.0,1,0,0.0,,0,0,0,0,0,0,0,,0,0.0,0,0,0,1,0,0,0,0,9,0,,0,0,0,0,0.0,0,0,0,0,2,1,0,6.5,0,0,0,0,0,0,0,0,0.0,0.0,0,0,0,0,0,0,0.0,0,0,0,0.0,0,0,0,0,0,0.0,0,3,3,6,6.5,0,0,7,0,1,0,Eniss Shabani,1. FSV Mainz 05,1139243,2556,germany,2223
0,0,0.0,1,0,0.0,1,4,5,71.43,0,0.0,1,1,0,0,0,0,,0,0,0,0,0,1,0,0,0,0,1,0,0,0.0,0.0,0,0,0.0,,0,0,0,0,0,0,0,,0,0.0,0,0,0,2,0,0,0,0,13,0,,0,0,0,0,0.0,0,0,0,0,2,0,0,6.5,0,0,0,0,0,0,0,0,0.0,0.0,0,0,0,0,0,0,0.0,0,0,0,0.0,0,2,0,0,0,0.0,1,3,4,7,6.5,0,0,9,0,0,0,Kimberly Ezekwem,SC Freiburg,1064671,2538,germany,2223
0,0,0.0,1,0,0.0,1,2,3,50.0,0,0.0,0,2,0,0,0,0,,0,0,0,0,0,2,0,0,1,0,1,0,0,0.0,0.0,0,0,0.0,,0,0,0,0,0,0,0,,1,50.0,0,0,0,3,0,0,0,0,32,0,,0,0,0,0,0.0,0,0,0,0,7,0,0,6.5,0,0,0,0,0,0,0,0,0.0,0.0,0,0,0,0,0,0,0.0,0,1,0,0.0,0,0,0,1,1,50.0,0,5,2,6,13.0,0,0,12,0,0,0,Nathanaël Mbuku,FC Augsburg,963399,2600,germany,2223
0,0,0.0,4,0,0.0,5,3,8,66.67,0,0.0,1,3,0,0,0,0,,0,0,0,0,0,2,0,0,1,0,3,0,0,0.01,0.0,1,0,0.0,,0,0,1,1,0,0,0,,3,60.0,0,0,0,4,0,0,0,0,29,0,,0,0,0,0,0.0,0,0,0,0,10,0,0,6.5,0,0,0,0,0,0,0,0,0.0,0.0,0,0,0,0,0,1,100.0,0,1,1,100.0,0,1,1,0,3,50.0,1,8,4,12,13.0,0,0,23,1,0,0,Vladimír Darida,Hertha BSC,109002,2528,germany,2223
28,4,14.81,91,35,39.33,181,224,401,66.72,45,50.56,44,29,2,0,0,0,,1,0,3,5,58,29,0,1,13,16,111,1,0,0.9,0.69,32,0,11.11,,1,3,42,37,5,1,0,,59,46.83,0,0,1,200,26,9,0,23,2018,1,,0,0,0,0,0.0,0,0,0,0,333,5,0,6.5,1,1,0,0,0,0,0,0,2018.0,0.0,0,7,2,3,3,7,41.18,0,34,24,70.59,9,86,17,27,104,48.37,89,329,299,601,188.4,9,0,1085,18,5,0,Robert Gumny,FC Augsburg,834986,2600,germany,2223
23,8,44.44,92,17,42.5,219,217,428,81.52,8,50.0,8,17,0,0,0,0,,1,1,0,0,32,14,0,0,4,13,42,1,0,1.34,0.79,10,0,0.0,,0,0,20,20,0,0,0,,25,42.37,0,0,0,97,14,8,0,9,821,1,,0,0,0,0,0.0,0,0,0,0,141,2,0,6.49,0,0,0,0,0,0,0,0,0.0,0.0,0,5,1,2,4,2,20.0,0,16,8,50.0,8,52,10,18,33,44.0,40,293,250,525,90.9,6,0,741,7,2,0,Stefan Lainer,Borussia M'gladbach,113920,2527,germany,2223
0,0,0.0,5,1,20.0,11,6,17,51.52,5,25.0,15,7,0,0,0,0,,0,0,0,0,0,6,0,0,3,1,26,0,0,0.09,0.03,4,0,0.0,,0,0,3,3,0,0,0,,7,38.89,0,0,0,16,1,0,0,0,139,0,,0,0,0,0,0.0,0,0,0,0,28,0,0,6.48,0,0,0,0,0,0,0,0,0.0,0.0,0,0,2,2,0,1,25.0,0,5,1,20.0,0,3,4,0,12,31.58,5,24,9,33,38.9,2,0,67,1,1,0,Lukas Petkov,FC Augsburg,960017,2600,germany,2223
8,2,16.67,79,14,51.85,126,80,204,77.27,5,31.25,11,13,0,0,0,0,,0,2,6,0,3,13,0,0,13,7,58,0,0,0.75,0.75,16,0,0.0,,0,0,15,14,1,0,0,,36,43.37,0,0,0,60,2,8,0,9,693,1,,0,0,0,0,0.0,0,0,0,0,111,8,0,6.48,0,0,0,0,0,0,0,0,0.0,0.0,0,8,4,3,3,9,45.0,0,9,8,88.89,8,22,20,12,41,41.41,27,183,93,264,84.2,12,0,394,18,4,0,Ondrej Duda,1. FC Köln,246319,2671,germany,2223
3,1,11.11,14,1,20.0,24,12,35,55.56,3,27.27,8,10,0,0,0,0,,0,5,1,0,5,10,0,0,4,4,21,0,0,0.12,1.85,2,0,11.11,,1,1,9,8,1,1,0,,10,43.48,0,0,0,28,4,3,0,0,310,1,,0,0,0,0,0.0,0,0,0,1,59,0,0,6.47,0,1,0,0,0,0,0,0,310.0,0.0,0,8,1,4,4,4,57.14,0,1,1,100.0,3,6,7,9,13,38.24,5,59,13,63,64.7,9,0,137,5,2,0,Irvin Cardona,FC Augsburg,605552,2600,germany,2223
4,0,0.0,10,4,80.0,16,8,24,60.0,1,100.0,0,6,0,0,0,0,,0,0,0,0,3,3,0,0,0,0,3,0,0,0.06,0.0,0,0,0.0,,0,0,5,4,1,0,0,,3,50.0,0,0,0,16,0,1,0,0,83,0,,0,0,0,0,0.0,0,0,0,0,30,0,0,6.47,0,0,0,0,0,0,0,0,0.0,0.0,0,0,0,0,0,1,25.0,0,2,2,100.0,1,5,4,3,4,57.14,5,32,11,40,19.4,0,0,73,0,0,0,Timothy Chandler,Eintracht Frankfurt,40239,2674,germany,2223
15,0,0.0,20,38,40.0,97,327,424,74.78,49,58.33,35,20,1,0,0,0,,0,1,1,2,73,20,0,0,0,6,61,1,0,0.07,0.79,21,0,0.0,,0,1,36,34,2,0,0,,24,48.0,0,0,0,143,11,1,0,14,1427,1,,0,0,0,0,0.0,0,0,0,0,159,0,0,6.47,0,0,0,0,0,0,0,0,0.0,0.0,0,5,0,4,0,0,0.0,0,18,9,50.0,1,54,0,0,73,54.48,95,178,389,567,129.3,5,0,736,6,7,0,Agustín Rogel,Hertha BSC,875293,2528,germany,2223
11,0,0.0,57,30,36.14,170,412,582,85.97,23,54.76,19,16,0,0,0,0,,0,0,1,1,46,15,0,0,3,9,38,0,0,0.24,1.12,7,0,25.0,,1,1,24,20,4,1,0,,26,57.78,0,0,0,95,11,3,0,13,1130,0,,0,0,0,2,0.0,0,0,0,0,109,1,0,6.46,2,1,0,0,0,0,0,0,1130.0,0.0,0,4,0,2,1,2,66.67,0,22,16,72.73,3,41,3,1,49,56.32,83,221,457,677,96.9,4,1,814,2,1,2,Luca Kilian,1. FC Köln,855676,2671,germany,2223
3,0,0.0,18,4,44.44,31,24,55,71.43,2,100.0,0,8,0,0,0,0,,0,0,3,0,7,7,0,0,2,6,17,0,0,0.07,0.11,4,0,0.0,,0,0,6,6,0,0,0,,16,48.48,0,0,0,22,2,2,0,2,274,0,,0,0,0,0,0.0,0,0,0,0,35,0,0,6.46,0,0,0,0,0,0,0,0,0.0,0.0,0,0,4,1,0,1,16.67,0,10,5,50.0,2,7,6,0,18,51.43,9,49,28,77,45.2,4,0,133,5,0,0,Umut Tohumcu,TSG Hoffenheim,1083410,2569,germany,2223
3,1,25.0,18,1,50.0,33,12,44,66.67,5,27.78,13,17,0,0,0,0,,0,1,3,0,2,16,0,0,4,4,36,0,0,1.24,0.44,5,0,0.0,,0,0,11,10,1,0,0,,11,32.35,0,0,0,22,0,6,0,0,247,2,,0,0,0,0,0.0,0,0,0,0,57,2,0,6.46,0,0,0,0,0,0,0,0,0.0,0.0,0,5,1,3,0,4,28.57,0,5,5,100.0,6,4,14,4,16,30.77,2,56,14,66,103.3,6,0,142,2,0,0,Eren Dinkçi,SV Werder Bremen,1067120,2534,germany,2223
10,0,0.0,11,11,36.67,40,118,158,82.29,10,66.67,5,7,0,0,0,0,,0,0,0,0,16,6,0,0,0,7,24,0,0,0.1,0.11,12,0,0.0,,0,0,13,12,1,0,0,,13,40.63,0,0,0,34,3,1,0,3,363,0,,0,0,0,1,0.0,0,0,0,0,40,1,0,6.45,0,0,0,0,0,0,0,0,0.0,0.0,0,1,0,0,1,1,100.0,0,10,5,50.0,1,21,1,3,23,48.94,30,66,129,192,38.7,1,0,245,2,2,0,Leo Greiml,FC Schalke 04,918420,2530,germany,2223
2,0,0.0,3,0,0.0,7,10,17,85.0,0,0.0,0,2,0,0,0,0,,0,0,0,0,0,2,0,0,0,1,4,0,0,0.01,0.0,3,0,0.0,,0,0,0,0,0,0,0,,2,33.33,0,0,0,3,0,0,0,1,34,0,,0,0,0,0,0.0,0,0,0,0,3,0,0,6.45,0,0,0,0,0,0,0,0,0.0,0.0,0,0,0,0,0,1,100.0,0,1,0,0.0,0,3,1,0,2,33.33,1,10,10,20,12.9,0,0,24,0,1,0,Diadié Samassékou,TSG Hoffenheim,796358,2569,germany,2223
0,0,0.0,1,0,0.0,1,0,1,50.0,0,0.0,4,2,0,0,0,0,,0,0,0,0,0,2,0,0,0,1,7,0,0,0.01,0.0,1,0,0.0,,0,0,0,0,0,0,0,,2,40.0,0,0,0,1,0,1,0,0,18,0,,0,0,0,0,0.0,0,0,0,0,3,0,0,6.45,0,0,0,0,0,0,0,0,0.0,0.0,0,0,0,0,0,1,50.0,0,0,0,0.0,1,0,2,0,2,22.22,0,2,0,2,12.9,0,0,9,1,0,0,Noah Joel Sarenren Bazee,FC Augsburg,801378,2600,germany,2223
1,1,25.0,6,3,27.27,21,49,69,76.67,4,44.44,5,5,0,0,0,0,,0,0,0,0,7,4,0,0,1,2,8,0,0,0.06,0.0,0,0,0.0,,0,0,7,7,0,0,0,,4,57.14,0,0,0,21,4,1,0,2,209,0,,0,0,0,0,0.0,0,0,0,0,28,0,0,6.45,0,0,0,0,0,0,0,0,0.0,0.0,0,0,0,0,0,0,0.0,0,4,3,75.0,1,9,0,4,8,50.0,11,37,57,90,25.8,0,0,138,0,0,0,Peter Pekarík,Hertha BSC,36949,2528,germany,2223
7,1,4.55,49,20,51.28,116,126,241,73.03,10,31.25,22,20,0,0,0,0,,0,0,0,1,32,20,0,0,10,8,65,1,0,0.23,0.05,20,0,0.0,,0,0,30,28,2,0,0,,44,50.57,0,0,0,89,11,2,0,12,1146,0,,0,0,0,2,0.0,0,0,0,0,172,0,0,6.45,0,0,0,0,0,0,0,0,0.0,0.0,0,0,1,1,0,14,73.68,0,23,15,65.22,2,16,19,22,54,45.38,39,190,162,330,128.9,1,0,626,7,1,0,Saidy Janko,VfL Bochum 1848,348362,2542,germany,2223
0,0,0.0,17,0,0.0,27,9,36,75.0,0,0.0,0,8,0,0,0,0,,0,0,0,0,0,5,0,0,2,1,9,0,0,0.05,0.0,2,0,0.0,,0,0,1,1,0,0,0,,3,25.0,0,0,0,12,0,0,0,1,96,2,,0,0,0,0,0.0,0,0,0,0,28,0,0,6.44,0,0,0,0,0,0,0,0,0.0,0.0,0,0,0,0,0,1,20.0,0,2,0,0.0,0,2,5,8,3,25.0,2,43,13,48,32.2,0,0,72,0,0,0,Karim Bellarabi,Bayer 04 Leverkusen,108574,2681,germany,2223
5,0,0.0,12,8,42.11,21,45,66,70.97,9,45.0,11,9,0,0,0,0,,0,0,0,0,14,9,0,0,0,4,16,0,0,0.03,0.13,1,0,0.0,,0,0,11,11,0,0,0,,9,64.29,0,0,0,27,5,0,0,0,266,1,,0,0,0,0,0.0,0,0,0,0,30,0,0,6.43,0,0,0,0,0,0,0,0,0.0,0.0,0,2,0,1,1,0,0.0,0,8,4,50.0,0,11,0,1,18,52.94,19,41,53,93,57.9,2,0,140,1,0,0,Ermin Bičakčić,TSG Hoffenheim,103012,2569,germany,2223
17,0,0.0,21,12,41.38,43,67,110,69.18,11,73.33,4,6,0,0,0,0,,0,0,0,0,4,6,0,0,2,5,17,0,0,0.06,0.11,3,0,0.0,,0,0,11,10,1,0,0,,14,51.85,0,0,0,49,1,1,0,4,302,0,,0,0,0,0,0.0,0,0,0,0,58,2,0,6.43,0,0,0,0,0,0,0,0,0.0,0.0,0,0,1,1,0,2,40.0,0,6,3,50.0,1,33,5,3,25,59.52,29,76,86,159,38.6,1,0,201,6,0,0,Thomas Delaney,TSG Hoffenheim,66477,2569,germany,2223
2,0,0.0,3,0,0.0,8,6,14,35.0,5,71.43,2,3,0,0,0,0,,0,0,0,0,5,3,0,0,3,2,12,0,0,0.11,0.0,4,0,0.0,,0,0,6,5,1,0,0,,10,50.0,0,0,0,26,2,1,0,2,177,0,,0,0,0,0,0.0,0,0,0,0,38,1,0,6.43,0,0,0,0,0,0,0,0,0.0,0.0,0,0,0,0,0,0,0.0,0,10,6,60.0,1,9,1,4,15,55.56,9,31,13,40,19.3,0,0,94,0,0,0,Raphael Framberger,FC Augsburg,254171,2600,germany,2223
0,0,0.0,7,0,0.0,22,11,33,71.74,2,22.22,7,10,0,0,0,0,,0,0,3,0,5,10,0,0,8,4,31,0,0,0.02,0.2,2,0,25.0,,1,1,11,9,2,1,0,,15,38.46,0,0,0,13,0,1,0,2,287,0,,0,0,0,0,0.0,0,0,0,0,45,0,0,6.41,0,1,0,0,0,0,0,0,287.0,0.0,0,3,1,0,1,6,37.5,0,7,6,85.71,1,4,16,3,17,35.42,1,29,20,46,64.1,4,0,119,2,0,0,Derry Scherhant,Hertha BSC,1131002,2528,germany,2223
11,1,14.29,44,8,47.06,92,84,175,74.79,19,54.29,16,16,0,0,0,0,,0,1,3,0,5,16,0,0,8,6,54,0,0,0.3,0.35,23,0,0.0,,0,0,12,9,3,0,0,,17,30.91,0,0,0,59,3,3,0,5,487,0,,0,0,0,0,0.0,0,0,0,0,88,1,0,6.4,0,0,0,0,0,0,0,0,0.0,0.0,0,3,3,3,0,1,25.0,0,8,6,75.0,3,18,4,7,36,40.0,17,140,101,234,102.4,6,0,335,8,3,0,Kevin-Prince Boateng,Hertha BSC,8713,2528,germany,2223
0,0,0.0,14,0,0.0,31,21,52,85.25,2,50.0,2,6,0,0,0,0,,0,0,1,0,0,6,0,0,2,1,16,0,0,0.11,0.11,6,0,0.0,,0,0,5,4,1,0,0,,7,33.33,0,0,0,9,0,3,0,1,155,0,,0,0,0,0,0.0,0,0,0,0,29,1,0,6.4,0,0,0,0,0,0,0,0,0.0,0.0,0,1,0,0,0,0,0.0,0,6,3,50.0,3,1,5,2,9,36.0,1,41,22,61,38.4,1,0,97,1,0,0,Muhammed Damar,TSG Hoffenheim,1128638,2569,germany,2223
0,1,100.0,2,0,0.0,3,1,3,75.0,1,100.0,0,1,0,0,0,0,,0,0,1,0,0,1,0,0,0,0,3,0,0,0.16,0.04,1,0,0.0,,0,0,0,0,0,0,0,,0,0.0,0,0,0,1,1,0,0,0,19,0,,0,0,0,0,0.0,0,0,0,0,3,0,0,6.4,0,0,0,0,0,0,0,0,0.0,0.0,0,1,0,0,0,0,0.0,0,0,0,0.0,0,0,2,1,1,25.0,0,4,1,4,6.4,1,0,10,0,0,0,Keke Topp,FC Schalke 04,1166832,2530,germany,2223
1,1,14.29,5,1,20.0,11,8,18,69.23,0,0.0,0,1,0,0,0,0,,0,0,1,0,0,1,0,0,1,0,3,0,0,0.07,0.02,1,0,0.0,,0,0,5,4,1,0,0,,4,57.14,0,0,0,8,1,1,0,1,74,0,,0,0,0,0,0.0,0,0,0,0,19,0,0,6.4,0,0,0,0,0,0,0,0,0.0,0.0,0,1,0,0,0,1,50.0,0,2,0,0.0,1,4,2,7,4,57.14,5,24,9,26,6.4,1,0,48,1,1,0,Filip Kostić,Eintracht Frankfurt,126588,2674,germany,2223
4,0,0.0,1,5,38.46,4,24,28,75.68,0,0.0,0,1,0,0,0,0,,0,0,0,0,0,1,0,0,0,0,0,0,0,0.0,0.0,0,0,0.0,,0,0,2,1,1,0,0,-0.61,0,0.0,0,1,0,9,0,0,0,1,90,0,,0,0,0,0,0.0,0,0,0,0,9,0,0,6.4,0,0,1,0,2,2,0,1,0.0,0.0,0,0,0,0,0,0,0.0,1,0,0,0.0,0,10,0,0,0,0.0,13,10,27,37,6.4,0,0,47,0,0,0,Andrey Lunev,Bayer 04 Leverkusen,120787,2681,germany,2223
0,0,0.0,0,0,0.0,0,0,0,0.0,0,0.0,0,1,0,0,0,0,,0,0,0,0,0,1,0,0,2,0,3,0,0,0.0,0.0,0,0,0.0,,0,0,1,1,0,0,0,,3,50.0,0,0,0,2,0,0,0,0,21,0,,0,0,0,0,0.0,0,0,0,0,5,1,0,6.4,0,0,0,0,0,0,0,0,0.0,0.0,0,0,0,0,0,0,0.0,0,0,0,0.0,0,0,1,0,3,50.0,1,2,0,2,6.4,0,0,8,3,0,0,Justin Njinmah,Borussia Dortmund,1005343,2673,germany,2223
0,0,0.0,0,0,0.0,0,1,1,100.0,0,0.0,3,1,0,0,0,0,,0,0,0,0,0,1,0,0,1,0,4,0,0,0.0,0.0,0,0,0.0,,0,0,0,0,0,0,0,,0,0.0,0,0,0,0,0,0,0,0,11,0,,0,0,0,0,0.0,0,0,0,0,1,0,0,6.4,0,0,0,0,0,0,0,0,0.0,0.0,0,0,0,0,0,0,0.0,0,0,0,0.0,0,0,0,0,0,0.0,0,0,1,1,6.4,0,0,2,0,0,0,Alou Kuol,VfB Stuttgart,1022109,2677,germany,2223
0,0,0.0,3,1,100.0,4,6,10,83.33,0,0.0,0,1,0,0,0,0,,0,0,0,0,0,1,0,0,0,1,1,0,0,0.0,0.0,0,0,0.0,,0,0,0,0,0,0,0,,0,0.0,0,0,0,2,0,0,0,0,20,0,,0,0,0,0,0.0,0,0,0,0,3,0,0,6.4,0,0,0,0,0,0,0,0,0.0,0.0,0,0,0,0,0,0,0.0,0,0,0,0.0,0,0,0,0,0,0.0,1,4,8,12,6.4,0,0,13,0,0,0,Dario Gebuhr,Eintracht Frankfurt,1130349,2674,germany,2223
0,0,0.0,0,0,0.0,2,0,2,100.0,0,0.0,0,2,0,0,0,0,,0,0,0,0,0,2,0,0,0,0,1,0,0,0.0,0.0,0,0,0.0,,0,0,0,0,0,0,0,,1,50.0,0,0,0,0,0,0,0,0,22,1,,0,0,0,0,0.0,0,0,0,0,1,0,0,6.4,0,0,0,0,0,0,0,0,0.0,0.0,0,0,0,0,0,0,0.0,0,0,0,0.0,0,0,1,0,1,50.0,0,2,0,2,12.8,0,0,4,1,0,0,Justin Diehl,1. FC Köln,1146132,2671,germany,2223
0,0,0.0,0,1,100.0,0,14,14,82.35,0,0.0,0,2,0,0,0,0,,0,0,0,0,1,2,0,0,0,0,1,0,0,0.0,0.0,1,0,0.0,,0,0,2,2,0,0,0,,2,66.67,0,0,0,3,3,0,0,1,58,0,,0,0,0,1,0.0,0,0,0,0,4,0,0,6.4,0,0,0,0,0,0,0,0,0.0,0.0,0,0,0,0,0,0,0.0,0,2,1,50.0,0,0,0,0,2,66.67,1,0,17,17,12.8,0,0,27,0,1,0,Jannes Horn,VfL Bochum 1848,827688,2542,germany,2223
1,1,100.0,2,0,0.0,5,3,7,53.85,0,0.0,1,3,0,0,0,0,,0,0,0,0,1,3,0,0,5,1,10,0,0,0.47,0.0,1,0,0.0,,0,0,3,3,0,0,0,,3,25.0,0,0,0,6,0,1,0,1,94,0,,0,0,0,0,0.0,0,0,0,0,18,1,0,6.4,0,0,0,0,0,0,0,0,0.0,0.0,0,0,0,0,0,2,50.0,0,1,1,100.0,1,1,4,1,3,23.08,0,9,5,13,19.2,0,0,33,0,0,0,Myziane Maolida,Hertha BSC,851262,2528,germany,2223
2,0,0.0,17,0,0.0,26,11,37,61.67,6,46.15,7,8,0,0,0,0,,0,3,5,0,3,8,0,0,2,4,17,0,0,0.12,1.69,2,0,0.0,,0,0,3,3,0,0,0,,4,28.57,0,0,0,23,3,3,0,0,161,2,,0,0,0,0,0.0,0,0,0,0,37,0,0,6.38,0,0,0,0,0,0,0,0,0.0,0.0,0,8,1,4,0,1,33.33,0,0,0,0.0,3,2,3,3,10,37.04,0,49,14,60,51.0,9,0,100,3,0,0,Fisnik Asllani,TSG Hoffenheim,1010117,2569,germany,2223
0,0,0.0,2,0,0.0,4,3,7,46.67,2,50.0,2,4,0,0,0,0,,0,1,1,0,2,3,0,0,1,0,4,0,0,0.0,0.23,0,0,0.0,,0,0,2,2,0,0,0,,1,33.33,0,0,0,8,0,0,0,0,39,0,,0,0,0,0,0.0,0,0,0,0,11,0,0,6.37,0,0,0,0,0,0,0,0,0.0,0.0,0,1,1,1,0,0,0.0,0,0,0,0.0,0,1,1,0,3,42.86,1,11,4,15,19.1,2,0,28,1,1,0,Robert Wagner,SC Freiburg,1131338,2538,germany,2223
0,0,0.0,3,0,0.0,5,1,6,100.0,0,0.0,0,1,0,0,0,0,,0,0,1,0,0,1,0,0,1,0,2,0,0,0.01,0.05,1,0,0.0,,0,0,1,1,0,0,0,,1,33.33,0,0,0,0,0,0,0,0,10,0,,0,0,0,0,0.0,0,0,0,0,3,0,0,6.3,0,0,0,0,0,0,0,0,0.0,0.0,0,0,1,0,0,1,100.0,0,0,0,0.0,0,0,1,1,1,33.33,0,6,1,6,6.3,1,0,11,0,0,0,Marco Pašalić,Borussia Dortmund,1066802,2673,germany,2223
1,0,0.0,3,0,0.0,6,5,11,57.89,1,100.0,0,1,0,0,0,0,,0,0,0,0,1,1,0,0,0,0,2,0,0,0.02,0.02,2,0,0.0,,0,0,2,1,1,0,0,,2,50.0,0,0,0,8,2,0,0,1,62,0,,0,0,0,0,0.0,0,0,0,0,12,0,0,6.3,0,0,0,0,0,0,0,0,0.0,0.0,0,0,1,0,1,0,0.0,0,0,0,0.0,0,2,1,0,3,60.0,4,10,9,19,6.3,1,0,35,2,0,0,Kingsley Ehizibue,1. FC Köln,609206,2671,germany,2223
0,0,0.0,2,0,0.0,2,0,2,100.0,0,0.0,0,1,0,0,0,0,,0,0,0,0,0,1,0,0,0,0,2,0,0,0.02,0.0,1,0,0.0,,0,0,0,0,0,0,0,,0,0.0,0,0,0,0,0,0,0,0,13,0,,0,0,0,0,0.0,0,0,0,0,1,0,0,6.3,0,0,0,0,0,0,0,0,0.0,0.0,0,0,0,0,0,0,0.0,0,0,0,0.0,0,0,1,0,0,0.0,0,2,0,2,6.3,0,0,3,0,1,0,Alexander Sørloth,RB Leipzig,309078,36360,germany,2223
3,0,0.0,1,5,38.46,6,33,39,76.47,4,44.44,5,4,0,0,0,0,,0,0,0,0,7,4,0,0,0,0,8,1,0,0.0,0.0,3,0,0.0,,0,0,6,5,1,0,0,,2,40.0,0,0,0,12,1,0,0,2,198,0,,0,0,0,0,0.0,0,0,0,0,13,0,0,6.25,0,0,0,0,0,0,0,0,0.0,0.0,0,0,0,0,0,0,0.0,0,2,1,50.0,0,9,0,0,6,42.86,13,12,39,51,25.0,0,0,70,0,0,0,Tim Oermann,VfL Bochum 1848,1138778,2542,germany,2223
1,0,0.0,5,1,33.33,7,5,12,66.67,1,50.0,1,3,0,0,0,0,,0,0,1,0,0,3,0,0,2,0,8,0,0,0.05,0.04,3,0,0.0,,0,0,2,2,0,0,0,,4,36.36,0,0,0,6,0,1,0,0,51,0,,0,0,0,1,0.0,0,0,0,0,14,1,0,6.23,0,0,0,0,0,0,0,0,0.0,0.0,0,1,0,0,0,0,0.0,0,1,0,0.0,1,4,2,1,5,38.46,3,12,7,18,18.7,1,0,37,3,0,0,Felix Agu,SV Werder Bremen,933398,2534,germany,2223
0,0,0.0,2,0,0.0,5,4,9,90.0,0,0.0,0,1,0,0,0,0,,0,0,0,0,1,1,0,0,1,1,4,0,0,0.0,0.04,1,0,0.0,,0,0,2,2,0,0,0,,0,0.0,0,0,0,1,0,0,0,0,45,0,,0,0,0,0,0.0,0,0,0,0,4,0,0,6.1,0,0,0,0,0,0,0,0,0.0,0.0,1,0,1,1,0,0,0.0,0,0,0,0.0,0,0,1,0,0,0.0,0,5,5,10,6.1,1,0,15,0,0,0,Andreas Ivan,FC Schalke 04,253987,2530,germany,2223
0,0,0.0,3,0,0.0,15,30,45,97.83,1,100.0,0,1,0,0,0,0,,0,0,0,0,0,1,0,0,0,0,1,1,0,0.0,0.0,1,0,0.0,,0,0,3,2,1,0,0,,0,0.0,0,0,0,1,0,0,0,0,45,0,,0,0,0,0,0.0,0,0,0,0,1,0,0,6.1,0,0,0,0,0,0,0,0,0.0,0.0,0,0,0,0,0,0,0.0,0,0,0,0.0,0,0,0,0,1,50.0,0,15,31,46,6.1,0,0,48,0,0,0,Soumaila Coulibaly,Borussia Dortmund,1001858,2673,germany,2223
0,1,100.0,1,0,0.0,2,0,1,33.33,0,0.0,0,2,0,0,0,0,,0,0,0,0,0,1,0,0,1,0,4,0,0,0.02,0.0,1,0,0.0,,0,0,1,1,0,0,0,,0,0.0,0,0,0,2,0,1,0,0,9,0,,0,0,0,0,0.0,0,0,0,0,5,0,0,6.1,0,0,0,0,0,0,0,0,0.0,0.0,0,0,0,0,0,0,0.0,0,0,0,0.0,1,0,2,1,0,0.0,0,4,0,3,6.1,0,0,9,0,0,0,Brajan Gruda,1. FSV Mainz 05,1198075,2556,germany,2223
0,0,0.0,2,0,0.0,2,0,2,66.67,0,0.0,2,2,0,0,0,0,,0,0,0,0,0,1,0,0,0,1,4,0,0,0.0,0.0,1,0,0.0,,0,0,2,2,0,0,0,,1,33.33,0,0,0,1,0,0,0,0,13,0,,0,0,0,0,0.0,0,0,0,0,1,0,0,6.1,0,0,0,0,0,0,0,0,0.0,0.0,0,0,0,0,0,0,0.0,0,0,0,0.0,0,0,0,0,1,20.0,0,3,0,3,6.1,0,0,4,1,0,0,Jean-Manuel Mbom,SV Werder Bremen,941342,2534,germany,2223
0,0,0.0,0,0,0.0,2,1,3,100.0,0,0.0,0,1,0,0,0,0,,0,0,0,0,2,1,0,0,0,3,4,1,0,0.0,0.0,0,0,0.0,,0,0,2,2,0,0,0,,2,33.33,0,0,0,0,0,0,0,0,16,0,,0,0,0,0,0.0,0,0,0,0,1,0,0,4.1,0,0,0,0,0,0,0,0,0.0,0.0,0,0,0,0,0,0,0.0,0,1,0,0.0,0,0,1,0,2,33.33,0,2,1,3,4.1,0,0,9,1,0,0,Lukáš Ambros,VfL Wolfsburg,1142171,2524,germany,2223
0,0,0.0,0,0,0.0,1,7,8,66.67,0,0.0,0,1,0,0,0,0,,0,0,0,0,0,1,0,0,0,0,2,0,0,0.0,0.0,2,0,0.0,,0,0,0,0,0,0,0,,0,0.0,0,0,0,4,0,0,0,1,19,0,,0,0,0,0,0.0,0,0,0,0,4,0,0,3.0,1,0,0,0,0,0,0,0,0.0,0.0,0,0,0,0,0,0,0.0,0,0,0,0.0,0,1,0,0,0,0.0,1,4,8,12,3.0,0,0,12,0,0,1,Stefan Posch,TSG Hoffenheim,355486,2569,germany,2223
0,0,0.0,0,0,0.0,0,2,2,100.0,0,0.0,0,1,0,0,0,0,,0,0,0,0,0,0,0,0,0,0,0,0,0,0.0,0.0,0,0,0.0,,0,0,0,0,0,0,0,,0,0.0,0,0,0,0,0,0,0,0,2,0,,0,0,0,0,0.0,0,0,0,0,0,0,0,0.0,0,0,0,0,0,0,0,0,0.0,0.0,0,0,0,0,0,0,0.0,0,0,0,0.0,0,0,0,0,0,0.0,0,0,2,2,0.0,0,0,2,0,0,0,Rocco Reitz,Borussia M'gladbach,1048650,2527,germany,2223
0,0,0.0,0,0,0.0,0,0,0,0.0,0,0.0,0,1,0,0,0,0,,0,0,0,0,0,0,0,0,0,0,0,0,0,0.0,0.0,0,0,0.0,,0,0,0,0,0,0,0,,0,0.0,0,0,0,0,0,0,0,0,1,0,,0,0,0,0,0.0,0,0,0,0,0,0,0,0.0,0,0,0,0,0,0,0,0,0.0,0.0,0,0,0,0,0,0,0.0,0,0,0,0.0,0,0,0,0,0,0.0,0,0,0,0,0.0,0,0,0,0,0,0,Noah Mbamba,Bayer 04 Leverkusen,1100321,2681,germany,2223
0,0,0.0,0,0,0.0,0,0,0,0.0,0,0.0,0,1,0,0,0,0,,0,0,0,0,0,0,0,0,0,0,0,0,0,0.0,0.0,0,0,0.0,,0,0,0,0,0,0,0,,0,0.0,0,0,0,0,0,0,0,0,1,0,,0,0,0,0,0.0,0,0,0,0,0,0,0,0.0,0,0,0,0,0,0,0,0,0.0,0.0,0,0,0,0,0,0,0.0,0,0,0,0.0,0,0,0,0,0,0.0,0,0,0,0,0.0,0,0,0,0,0,0,Ayman Azhil,Bayer 04 Leverkusen,990210,2681,germany,2223
0,0,0.0,0,0,0.0,0,0,0,0.0,0,0.0,0,1,0,0,0,0,,0,0,0,0,0,0,0,0,0,0,0,0,0,0.0,0.0,0,0,0.0,,0,0,0,0,0,0,0,,0,0.0,0,0,0,1,0,0,0,0,1,0,,0,0,0,0,0.0,0,0,0,0,2,0,0,0.0,0,0,0,0,0,0,0,0,0.0,0.0,0,0,0,0,0,0,0.0,0,0,0,0.0,0,0,0,1,0,0.0,0,2,0,1,0.0,0,0,3,0,0,0,Joshua Quarshie,TSG Hoffenheim,1394676,2569,germany,2223
0,0,0.0,0,0,0.0,0,0,0,0.0,0,0.0,0,1,0,0,0,0,,0,0,0,0,0,0,0,0,0,1,1,0,0,0.0,0.0,0,0,0.0,,0,0,0,0,0,0,0,,0,0.0,0,0,0,2,1,0,0,0,1,0,,0,0,0,0,0.0,0,0,0,0,2,0,0,0.0,0,0,0,0,0,0,0,0,0.0,0.0,0,0,0,0,0,0,0.0,0,0,0,0.0,0,0,0,0,0,0.0,2,1,1,2,0.0,0,0,3,0,0,0,Aaron Zehnter,FC Augsburg,1127788,2600,germany,2223
0,0,0.0,0,0,0.0,0,0,0,0.0,0,0.0,0,1,0,0,0,0,,0,0,0,0,0,0,0,0,0,0,0,0,0,0.0,0.0,0,0,0.0,,0,0,0,0,0,0,0,,0,0.0,0,0,0,0,0,0,0,0,1,0,,0,0,0,0,0.0,0,0,0,0,0,0,0,0.0,0,0,0,0,0,0,0,0,0.0,0.0,0,0,0,0,0,0,0.0,0,0,0,0.0,0,0,0,0,0,0.0,0,0,0,0,0.0,0,0,0,0,0,0,Dikeni Salifou,SV Werder Bremen,1166767,2534,germany,2223
0,0,0.0,0,0,0.0,0,0,0,0.0,0,0.0,0,1,0,0,0,0,,0,0,0,0,0,0,0,0,0,0,0,0,0,0.0,0.0,0,0,0.0,,0,0,0,0,0,0,0,,0,0.0,0,0,0,0,0,0,0,0,1,0,,0,0,0,0,0.0,0,0,0,0,0,0,0,0.0,0,0,0,0,0,0,0,0,0.0,0.0,0,0,0,0,0,0,0.0,0,0,0,0.0,0,0,0,0,0,0.0,0,0,0,0,0.0,0,0,0,0,0,0,Sanoussy Ba,RB Leipzig,1142701,36360,germany,2223
0,0,0.0,2,0,0.0,2,7,9,90.0,0,0.0,0,1,0,0,0,0,,0,0,0,0,0,0,0,0,0,0,0,0,0,0.0,0.0,0,0,0.0,,0,0,0,0,0,0,0,,0,0.0,0,0,0,1,0,0,0,0,3,0,,0,0,0,0,0.0,0,0,0,0,2,0,0,0.0,0,0,0,0,0,0,0,0,0.0,0.0,0,0,0,0,0,0,0.0,0,0,0,0.0,0,1,0,0,0,0.0,0,3,7,10,0.0,0,0,13,0,0,0,Marcel Wenig,Eintracht Frankfurt,1130114,2674,germany,2223
0,0,0.0,0,0,0.0,0,1,1,100.0,0,0.0,0,1,0,0,0,0,,0,0,0,0,0,0,0,0,0,0,0,0,0,0.0,0.0,0,0,0.0,,0,0,0,0,0,0,0,,0,0.0,0,0,0,0,0,0,0,0,1,0,,0,0,0,0,0.0,0,0,0,0,0,0,0,0.0,0,0,0,0,0,0,0,0,0.0,0.0,0,0,0,0,0,0,0.0,0,0,0,0.0,0,0,0,0,0,0.0,0,0,1,1,0.0,0,0,2,0,0,0,Julian Eitschberger,Hertha BSC,1201926,2528,germany,2223
