accurateChippedPasses,accurateCrosses,accurateCrossesPercentage,accurateFinalThirdPasses,accurateLongBalls,accurateLongBallsPercentage,accurateOppositionHalfPasses,accurateOwnHalfPasses,accuratePasses,accuratePassesPercentage,aerialDuelsWon,aerialDuelsWonPercentage,aerialLost,appearances,assists,attemptPenaltyMiss,attemptPenaltyPost,attemptPenaltyTarget,ballRecovery,bigChancesCreated,bigChancesMissed,blockedShots,cleanSheet,clearances,countRating,crossesNotClaimed,directRedCards,dispossessed,dribbledPast,duelLost,errorLeadToGoal,errorLeadToShot,expectedAssists,expectedGoals,fouls,freeKickGoal,goalConversionPercentage,goalKicks,goals,goalsAssistsSum,goalsConceded,goalsConcededInsideTheBox,goalsConcededOutsideTheBox,goalsFromInsideTheBox,goalsFromOutsideTheBox,goalsPrevented,groundDuelsWon,groundDuelsWonPercentage,headedGoals,highClaims,hitWoodwork,inaccuratePasses,interceptions,keyPasses,leftFootGoals,matchesStarted,minutesPlayed,offsides,outfielderBlocks,ownGoals,passToAssist,penaltiesTaken,penaltyConceded,penaltyConversion,penaltyFaced,penaltyGoals,penaltySave,penaltyWon,possessionLost,possessionWonAttThird,punches,rating,redCards,rightFootGoals,runsOut,savedShotsFromInsideTheBox,savedShotsFromOutsideTheBox,saves,savesCaught,savesParried,scoringFrequency,setPieceConversion,shotFromSetPiece,shotsFromInsideTheBox,shotsFromOutsideTheBox,shotsOffTarget,shotsOnTarget,successfulDribbles,successfulDribblesPercentage,successfulRunsOut,tackles,tacklesWon,tacklesWonPercentage,totalAttemptAssist,totalChippedPasses,totalContest,totalCross,totalDuelsWon,totalDuelsWonPercentage,totalLongBalls,totalOppositionHalfPasses,totalOwnHalfPasses,totalPasses,totalRating,totalShots,totwAppearances,touches,wasFouled,yellowCards,yellowRedCards,player,team,player id,team id,data_country,data_season,download_date
134,5,35.71,639,164,59.42,1349,816,2165,88.77,32,55.17,26,32,2,0,0,1,155,5,1,12,9,69,32,0,0,15,22,114,2,3,4.22,2.46,48,0,2.63,0,1,3,23,18,5,1,0,,136,60.71,0,0,2,274,36,42,0,32,2644,0,23,0,0,1,0,0.0,0,0,0,0,336,16,0,7.68,0,1,0,0,0,0,0,0,2644.0,0.0,2,9,29,15,11,10,58.82,0,91,63,69.23,42,230,17,14,168,59.57,276,1554,885,2439,245.9,38,4,2904,37,8,0,Manuel Locatelli,Juventus,363860,2687,italy,2526,20260428
2,0,0.0,1,7,23.33,4,17,21,47.73,2,100.0,0,1,0,0,0,0,13,0,0,0,1,1,1,0,0,0,0,0,0,0,0.0,,0,0,0.0,13,0,0,0,0,0,0,0,1.08,0,0.0,0,2,0,23,0,0,0,1,90,0,0,0,0,0,0,0.0,0,0,0,0,23,0,1,7.6,0,0,0,3,1,4,0,1,0.0,0.0,0,0,0,0,0,0,0.0,0,0,0,0.0,0,6,0,0,2,100.0,30,24,20,44,7.6,0,0,59,0,1,0,Filippo Rinaldi,Parma,1002428,2690,italy,2526,20260428
117,29,26.13,530,174,74.68,1197,793,1990,90.58,11,50.0,11,33,3,0,0,0,186,6,0,6,10,33,33,0,0,12,29,90,0,3,4.74,1.51,23,0,10.53,0,2,5,26,25,1,2,0,,98,55.37,0,0,1,207,39,52,0,32,2793,0,10,0,2,0,0,0.0,0,0,0,0,359,16,0,7.53,0,2,0,0,0,0,0,0,1396.5,0.0,1,6,13,5,8,17,48.57,0,49,27,55.1,50,187,35,111,109,54.77,233,1349,848,2197,248.6,19,6,2648,32,4,0,Luka Modrić,Milan,15466,2692,italy,2526,20260428
49,33,38.37,364,65,58.56,735,526,1261,90.65,13,56.52,10,22,4,0,0,1,102,7,1,13,5,16,22,0,0,6,13,62,0,0,3.5,5.65,28,0,18.0,0,9,13,16,14,2,4,5,,50,49.02,0,0,1,130,16,41,1,20,1649,0,6,0,0,5,0,80.0,0,4,0,0,228,8,0,7.5,0,8,0,0,0,0,0,0,183.22,0.0,4,7,43,20,17,5,35.71,0,34,18,52.94,41,87,14,86,63,50.4,111,835,556,1391,164.9,50,5,1710,11,7,0,Hakan Çalhanoğlu,Inter,135700,2697,italy,2526,20260428
78,93,34.07,454,36,38.3,735,373,1108,82.93,2,14.29,12,32,17,0,0,0,121,32,9,19,10,27,32,0,0,10,20,87,0,1,10.59,5.04,40,0,9.52,0,6,23,23,21,2,5,1,,78,50.98,0,0,2,228,30,91,5,28,2534,5,4,0,0,0,0,0.0,0,0,0,0,461,20,0,7.45,0,1,0,0,0,0,0,0,422.33,0.0,5,40,23,24,20,6,46.15,0,50,32,64.0,91,140,13,273,80,47.9,94,894,442,1336,238.3,63,9,2036,22,3,0,Federico Dimarco,Inter,284361,2697,italy,2526,20260428
22,28,25.45,439,30,61.22,665,263,928,84.21,13,52.0,12,33,6,0,0,1,105,15,3,30,3,6,33,0,0,51,13,153,0,4,9.08,7.83,20,0,11.24,0,10,16,23,20,3,9,1,,141,50.0,0,0,5,174,7,71,1,30,2576,6,0,0,0,2,0,50.0,0,1,0,1,456,20,0,7.42,0,9,0,0,0,0,0,0,257.6,0.0,0,59,30,21,38,73,54.89,0,16,6,37.5,71,47,133,110,154,50.16,49,812,290,1102,244.9,89,9,1759,52,2,0,Kenan Yıldız,Juventus,1149011,2687,italy,2526,20260428
4,0,0.0,5,3,60.0,25,55,80,95.24,0,0.0,1,1,0,0,0,0,6,0,0,0,1,2,1,0,0,0,0,2,0,1,0.03,0.05,1,0,0.0,0,0,0,0,0,0,0,0,,2,66.67,0,0,0,4,2,1,0,1,90,0,2,0,0,0,0,0.0,0,0,0,0,4,0,0,7.4,0,0,0,0,0,0,0,0,0.0,0.0,0,1,0,0,1,0,0.0,0,2,1,50.0,1,5,0,0,2,50.0,5,27,57,84,7.4,1,0,96,0,0,0,Benjamin Pavard,Inter,787505,2697,italy,2526,20260428
43,13,22.03,376,28,50.91,699,377,1076,82.58,28,56.0,22,33,6,0,0,2,128,11,3,34,9,11,33,0,0,44,33,196,0,3,4.03,8.36,49,1,10.17,0,12,18,27,21,6,7,5,,187,51.8,1,0,4,227,28,48,11,31,2702,0,3,0,0,2,0,0.0,0,0,0,1,454,25,0,7.33,0,0,0,0,0,0,0,0,225.17,9.09,11,48,70,36,48,64,55.17,0,84,50,59.52,48,96,116,59,215,52.31,55,873,430,1303,242.0,118,9,1991,39,5,0,Nico Paz,Como,1171451,2704,italy,2526,20260428
1,6,20.0,73,3,50.0,117,44,161,81.73,1,33.33,2,10,0,0,0,0,21,1,0,4,1,2,10,0,0,15,5,40,0,0,0.62,1.01,1,0,13.64,0,3,3,6,6,0,0,3,,46,54.76,0,0,1,36,2,9,0,5,566,1,0,0,0,0,0,0.0,0,0,0,0,111,3,0,7.32,0,3,0,0,0,0,0,0,188.67,0.0,0,13,9,6,12,25,59.52,0,16,7,43.75,9,2,42,30,47,54.02,6,147,50,197,73.2,22,1,375,5,0,0,Alisson Santos,Napoli,1122835,2714,italy,2526,20260428
40,0,0.0,37,226,39.24,133,574,707,66.57,12,100.0,0,34,0,0,0,0,247,0,0,0,12,32,34,0,0,0,0,1,0,0,0.05,,1,0,0.0,218,0,0,32,27,5,0,0,6.31,5,83.33,0,18,0,355,0,0,0,34,3060,0,0,0,0,0,1,0.0,3,0,2,0,362,0,14,7.31,0,0,18,73,27,101,0,25,0.0,0.0,0,0,0,0,0,1,100.0,17,1,0,0.0,0,74,1,0,17,94.44,576,424,638,1062,248.6,0,5,1377,5,0,0,Marco Carnesecchi,Atalanta,865646,2686,italy,2526,20260428
34,13,25.49,289,38,61.29,597,396,993,85.6,40,59.7,27,25,4,0,0,0,128,6,2,11,13,39,25,0,0,30,16,123,0,1,2.58,3.75,31,0,16.22,0,6,10,17,17,0,4,2,,110,53.4,0,0,0,167,16,22,6,24,2190,6,5,0,0,0,0,0.0,0,0,0,1,300,10,0,7.28,1,0,0,0,0,0,0,0,365.0,0.0,0,27,10,15,11,18,48.65,0,49,24,48.98,22,70,37,51,150,54.95,62,728,432,1160,182.0,37,3,1607,45,4,1,Adrien Rabiot,Milan,250737,2692,italy,2526,20260428
52,1,100.0,129,126,67.74,501,1031,1532,90.65,55,66.27,28,28,0,0,0,0,125,1,3,3,7,106,28,0,1,7,10,61,0,2,0.62,0.94,17,0,0.0,7,0,0,23,21,2,0,0,,70,67.96,0,0,2,158,23,5,0,28,2290,0,14,0,0,0,2,0.0,0,0,0,0,178,1,0,7.27,1,0,0,0,0,0,0,0,0.0,0.0,0,10,1,5,3,6,85.71,0,44,30,68.18,5,95,7,1,125,67.2,186,600,1090,1690,203.5,11,6,1997,21,3,0,Mario Gila,Lazio,965828,2699,italy,2526,20260428
90,20,24.39,336,101,67.33,736,653,1389,90.08,1,33.33,2,30,3,0,0,0,140,11,1,13,3,26,30,0,0,29,24,87,1,1,3.63,2.49,21,0,6.45,0,2,5,38,30,8,2,0,,102,54.55,0,0,1,153,15,60,0,27,2335,0,10,0,0,0,0,0.0,0,0,0,0,303,16,0,7.27,0,2,0,0,0,0,0,0,1167.5,0.0,4,11,20,11,7,19,63.33,0,43,31,72.09,60,162,30,82,103,54.21,150,864,678,1542,218.0,31,4,1960,40,5,0,Nicolò Fagioli,Fiorentina,901850,2693,italy,2526,20260428
76,20,25.64,341,109,51.66,705,777,1482,86.97,50,63.29,29,26,4,0,0,0,95,7,3,3,8,79,26,0,0,3,9,88,0,0,2.66,1.35,44,0,5.88,34,1,5,21,17,4,1,0,,74,55.64,1,0,2,222,22,23,0,26,2119,0,5,0,0,0,0,0.0,0,0,0,0,352,6,0,7.27,0,0,0,0,0,0,0,0,2119.0,0.0,0,15,2,6,8,6,60.0,0,50,38,76.0,23,151,10,78,124,58.49,211,881,823,1704,188.9,17,4,2227,18,6,0,Alessandro Bastoni,Inter,826188,2697,italy,2526,20260428
39,12,30.0,391,34,61.82,570,128,698,78.78,38,46.91,43,27,5,0,0,0,105,17,3,16,5,11,27,0,0,54,18,181,0,0,8.18,3.29,20,0,7.14,0,3,8,19,17,2,3,0,,99,41.77,1,0,0,188,3,56,1,23,1939,3,2,0,0,0,0,0.0,0,0,0,0,375,14,0,7.26,0,1,0,0,0,0,0,0,646.33,0.0,0,29,13,11,15,46,48.94,0,19,12,63.16,56,75,94,40,137,43.08,55,726,160,886,196.0,42,5,1323,34,4,0,Charles De Ketelaere,Atalanta,960441,2686,italy,2526,20260428
54,0,0.0,23,158,42.47,68,706,774,77.79,5,100.0,0,33,0,0,0,0,251,0,0,0,13,21,33,0,0,0,0,0,1,2,0.03,,0,0,0.0,153,0,0,27,26,1,0,0,10.03,7,100.0,0,34,0,221,1,0,0,33,2936,0,0,0,0,0,0,0.0,8,0,2,0,231,0,7,7.24,0,0,9,58,31,94,3,17,0.0,0.0,0,0,0,0,0,3,100.0,9,0,0,0.0,0,99,3,0,12,100.0,372,251,744,995,238.8,0,5,1327,5,3,0,Mike Maignan,Milan,191210,2692,italy,2526,20260428
2,1,20.0,62,2,100.0,94,35,129,76.33,9,34.62,17,14,1,0,0,0,24,1,6,18,1,0,14,0,0,31,1,78,0,0,1.11,9.66,10,0,19.64,0,11,12,15,10,5,11,0,,28,31.46,0,0,0,40,0,6,1,14,1138,13,0,0,0,2,0,100.0,0,2,0,0,143,8,0,7.24,0,10,0,0,0,0,0,0,103.45,0.0,1,49,7,16,22,13,39.39,0,2,1,50.0,6,6,33,5,37,32.17,2,126,43,169,101.3,56,3,378,13,1,0,Donyell Malen,Roma,803039,2702,italy,2526,20260428
80,33,35.11,521,70,57.85,897,480,1377,85.9,13,38.24,21,31,8,0,0,0,154,14,3,11,5,10,31,0,0,19,21,111,0,2,5.84,2.93,31,0,9.68,0,3,11,22,20,2,3,0,,95,51.35,0,0,0,226,8,68,1,28,2345,4,3,0,1,0,0,0.0,0,0,0,0,372,23,0,7.22,0,2,0,0,0,0,0,0,781.67,0.0,1,18,13,15,5,24,51.06,0,50,28,56.0,67,146,47,94,108,49.32,121,1089,514,1603,223.7,31,5,2015,21,7,0,Nicolo Barella,Inter,363856,2697,italy,2526,20260428
21,20,33.9,95,28,51.85,186,110,296,81.32,7,46.67,8,13,3,0,0,0,41,5,0,9,0,3,13,0,0,11,2,33,0,1,2.0,1.22,11,1,8.33,0,2,5,10,10,0,1,1,,34,57.63,0,0,0,68,5,20,1,12,880,1,2,0,0,0,0,0.0,0,0,0,0,132,2,0,7.2,0,1,0,0,0,0,0,0,440.0,16.67,6,5,19,10,5,3,75.0,0,21,12,57.14,20,49,4,59,41,55.41,54,244,120,364,93.6,24,3,546,10,0,0,Medon Berisha,Lecce,1142149,2689,italy,2526,20260428
0,1,33.33,6,0,0.0,10,1,11,84.62,0,0.0,0,1,0,0,0,0,1,0,0,0,0,0,1,0,0,0,1,1,0,0,0.15,,0,0,0.0,0,0,0,0,0,0,0,0,,4,80.0,0,0,0,2,0,0,0,0,25,0,0,0,0,0,0,0.0,0,0,0,0,5,0,0,7.2,0,0,0,0,0,0,0,0,0.0,0.0,0,0,0,0,0,1,100.0,0,0,0,0.0,0,0,1,3,4,80.0,0,12,1,13,7.2,0,0,21,3,0,0,Samuel Chukwueze,Milan,822470,2692,italy,2526,20260428
145,0,0.0,43,211,50.72,97,890,987,81.98,12,92.31,1,34,1,0,0,0,354,1,0,0,16,44,34,1,0,0,1,2,2,0,0.11,,0,0,0.0,101,0,1,28,22,6,0,0,1.5,7,87.5,0,30,0,217,1,3,0,34,3060,0,0,0,0,0,0,0.0,5,0,1,0,225,0,11,7.18,0,0,60,53,26,82,1,9,0.0,0.0,0,0,0,0,0,1,100.0,59,2,2,100.0,3,201,1,0,19,90.48,416,255,949,1204,244.2,0,2,1562,9,3,0,Jean Butez,Como,599114,2704,italy,2526,20260428
42,0,0.0,19,173,45.29,71,578,649,75.29,10,90.91,1,27,0,0,0,0,174,1,0,0,12,23,27,1,0,0,1,2,1,0,0.03,,0,0,0.0,135,0,0,27,24,3,0,0,5.91,2,66.67,0,16,0,213,0,1,0,27,2430,0,0,0,0,0,0,0.0,4,0,1,0,216,0,11,7.18,0,0,9,55,33,90,1,29,0.0,0.0,0,0,0,0,0,1,100.0,9,0,0,0.0,1,77,1,0,12,85.71,382,227,635,862,193.8,0,0,1101,2,1,0,Ivan Provedel,Lazio,308182,2699,italy,2526,20260428
36,0,0.0,55,206,37.25,140,405,545,60.62,17,94.44,1,31,0,0,0,0,322,0,0,0,6,47,31,1,0,0,1,2,2,5,0.08,,1,0,0.0,213,0,0,41,37,4,0,0,5.85,2,66.67,0,68,0,354,0,1,0,31,2790,0,0,0,0,0,1,0.0,6,0,1,0,365,0,21,7.17,0,0,20,77,39,117,2,23,0.0,0.0,0,0,0,0,0,0,0.0,17,0,0,0.0,1,63,0,0,19,90.48,553,449,450,899,222.3,0,3,1334,3,4,0,Arijanet Murić,Sassuolo,888971,2793,italy,2526,20260428
48,0,0.0,16,122,39.61,71,494,565,74.44,6,75.0,2,17,0,0,0,0,145,0,0,0,2,20,17,0,0,0,2,6,1,2,0.03,,2,0,0.0,93,0,0,29,24,5,0,0,0.87,5,55.56,0,9,0,194,1,0,0,16,1469,0,0,0,0,0,2,0.0,2,0,0,0,201,0,6,7.17,0,0,17,39,13,52,0,16,0.0,0.0,0,0,0,0,0,1,100.0,14,3,1,33.33,0,99,1,0,11,64.71,308,210,549,759,121.9,0,1,929,3,4,0,Federico Ravaglia,Bologna,850952,2685,italy,2526,20260428
1,0,0.0,7,14,22.58,14,20,34,41.46,2,100.0,0,3,0,0,0,0,32,0,0,0,1,4,3,0,0,0,0,0,0,0,0.01,,0,0,0.0,21,0,0,3,2,1,0,0,0.3,1,100.0,0,7,0,48,0,2,0,3,270,0,0,0,0,0,0,0.0,0,0,0,0,49,0,2,7.17,0,0,1,4,5,9,0,2,0.0,0.0,0,0,0,0,0,0,0.0,1,0,0,0.0,2,4,0,0,3,100.0,62,61,21,82,21.5,0,0,120,1,0,0,Stefano Turati,Sassuolo,893752,2793,italy,2526,20260428
27,19,24.68,343,24,44.44,641,397,1038,84.25,10,47.62,11,32,3,0,0,0,151,5,4,14,8,22,32,0,0,14,30,126,0,3,4.5,2.98,22,0,5.0,0,2,5,23,23,0,1,1,,169,59.51,0,0,3,194,28,47,1,30,2558,2,4,0,0,0,0,0.0,0,0,0,1,388,20,0,7.16,0,1,0,0,0,0,0,0,1279.0,0.0,0,17,23,17,9,47,48.45,0,66,36,54.55,47,56,97,77,179,58.69,54,786,446,1232,229.2,40,5,1900,57,4,0,Alexis Saelemaekers,Milan,901891,2692,italy,2526,20260428
8,4,36.36,61,9,56.25,156,148,304,92.12,3,100.0,0,8,1,0,0,0,22,2,0,0,1,4,8,0,0,2,5,13,0,1,0.98,0.03,3,0,0.0,0,0,1,2,1,1,0,0,,23,63.89,0,0,0,26,6,12,0,4,342,0,1,0,0,0,0,0.0,0,0,0,0,43,0,0,7.16,0,0,0,0,0,0,0,0,0.0,0.0,0,0,1,1,0,6,66.67,0,9,9,100.0,12,18,9,11,26,66.67,16,175,155,330,57.3,1,1,400,8,2,0,Nicolò Rovella,Lazio,937324,2699,italy,2526,20260428
84,15,31.25,289,142,64.84,629,401,1030,84.84,18,51.43,17,26,0,0,0,0,74,2,1,4,3,31,26,0,0,8,11,56,0,0,2.13,0.88,15,1,10.0,0,2,2,16,13,3,1,1,,54,58.06,0,0,2,184,15,23,1,18,1654,1,6,0,0,0,0,0.0,0,0,0,0,247,7,0,7.16,0,1,0,0,0,0,0,0,827.0,25.0,4,2,18,14,2,12,66.67,0,28,8,28.57,23,138,18,48,72,56.25,219,768,446,1214,186.2,20,2,1473,15,1,0,Nikola Moro,Bologna,814882,2685,italy,2526,20260428
38,9,39.13,399,48,64.86,783,483,1266,92.21,12,57.14,9,31,2,0,0,0,105,6,1,11,3,23,31,0,0,7,12,48,0,1,2.67,2.33,16,0,21.43,0,6,8,22,20,2,1,5,,61,61.0,0,0,1,107,5,27,3,20,1871,0,3,0,0,1,0,100.0,0,1,0,0,157,9,0,7.16,0,3,0,0,0,0,0,0,311.83,0.0,0,8,20,7,10,17,73.91,0,28,16,57.14,27,56,23,23,73,60.33,74,867,506,1373,222.0,28,4,1591,17,2,0,Piotr Zielinski,Inter,138605,2697,italy,2526,20260428
41,0,0.0,90,82,50.31,374,1072,1446,89.2,96,71.11,39,28,1,0,0,0,75,1,5,4,6,194,28,0,0,2,7,79,1,0,0.75,3.18,36,0,26.32,5,5,6,38,36,2,5,0,,44,52.38,3,0,1,175,26,10,1,28,2443,3,24,0,0,0,1,0.0,0,0,0,0,202,2,0,7.16,0,0,0,0,0,0,0,0,488.6,0.0,0,18,1,4,11,1,100.0,0,32,22,68.75,10,90,1,1,140,63.93,163,499,1122,1621,200.5,19,5,2006,14,7,0,Leo Østigård,Genoa,879746,2713,italy,2526,20260428
6,0,0.0,23,10,58.82,151,185,336,94.12,14,53.85,12,9,0,0,0,0,20,0,0,1,2,27,7,0,0,0,0,17,0,0,0.11,0.32,4,0,0.0,1,0,0,4,3,1,0,0,,15,75.0,0,0,0,21,4,1,0,6,500,0,3,0,0,0,0,0.0,0,0,0,0,23,0,0,7.16,0,0,0,0,0,0,0,0,0.0,0.0,0,5,0,2,2,1,50.0,0,11,8,72.73,1,8,2,0,29,63.04,17,169,188,357,50.1,5,1,428,4,1,0,Stefan de Vrij,Inter,91046,2697,italy,2526,20260428
36,2,20.0,223,64,51.61,650,1099,1749,91.14,98,65.33,52,29,0,0,0,0,102,1,9,9,12,108,29,0,1,9,15,109,0,3,1.41,4.16,29,0,6.25,12,2,2,23,17,6,2,0,,61,51.69,1,0,2,170,32,11,0,27,2473,0,15,0,0,0,0,0.0,0,0,0,0,207,4,0,7.16,1,1,0,0,0,0,0,0,1236.5,0.0,0,30,2,16,7,7,58.33,0,47,28,59.57,11,71,12,10,159,59.33,124,764,1155,1919,207.5,32,4,2275,7,9,0,Jacobo Ramón,Como,1403348,2704,italy,2526,20260428
40,1,7.14,240,132,58.93,605,983,1588,89.01,44,58.67,31,31,1,0,0,0,146,3,3,8,8,112,31,0,0,19,21,109,1,2,2.25,2.49,27,0,11.11,70,3,4,40,35,5,2,1,,117,60.0,0,0,0,196,41,19,0,30,2601,2,19,1,0,1,0,100.0,0,1,0,0,280,5,0,7.15,0,3,0,0,0,0,0,0,867.0,0.0,0,15,12,15,4,31,67.39,0,61,43,70.49,19,93,46,14,161,59.63,224,731,1053,1784,221.8,27,4,2265,27,1,0,Oumar Solet,Udinese,892979,2695,italy,2526,20260428
15,0,0.0,89,30,41.67,436,797,1233,92.22,59,70.24,25,17,1,0,0,0,65,0,1,3,7,59,17,0,0,3,2,49,0,1,0.25,0.99,18,0,10.0,3,1,2,12,11,1,1,0,,37,60.66,1,0,1,104,19,4,0,17,1450,2,9,0,0,0,2,0.0,0,0,0,0,116,0,0,7.15,0,0,0,0,0,0,0,0,1450.0,0.0,0,9,1,6,1,2,50.0,0,21,13,61.9,4,39,4,1,96,66.21,72,501,836,1337,121.5,10,1,1510,14,3,0,Amir Rrahmani,Napoli,332155,2714,italy,2526,20260428
24,1,25.0,191,35,45.45,403,486,889,87.76,38,62.3,23,20,1,0,0,0,79,2,3,6,4,61,20,0,0,6,17,81,1,0,1.46,2.52,26,0,17.65,3,3,4,13,11,2,3,0,,56,49.12,1,0,2,124,36,14,0,19,1522,2,11,0,0,0,1,0.0,0,0,0,0,177,4,0,7.14,0,1,0,0,0,0,0,0,507.33,0.0,0,15,2,5,6,11,42.31,0,38,19,50.0,14,54,26,4,94,53.71,77,503,510,1013,142.7,17,2,1317,7,2,0,Giorgio Scalvini,Atalanta,1012176,2686,italy,2526,20260428
13,2,15.38,185,22,43.14,440,601,1041,92.37,39,67.24,19,20,1,0,0,0,63,0,3,8,7,69,20,0,0,7,6,53,0,1,1.03,2.44,20,0,12.5,0,3,4,16,14,2,3,0,,46,57.5,2,0,1,86,17,8,1,18,1652,3,5,0,0,0,0,0.0,0,0,0,0,131,1,0,7.13,0,0,0,0,0,0,0,0,550.67,0.0,0,20,4,5,11,8,72.73,0,26,18,69.23,8,27,11,13,85,61.59,51,509,618,1127,142.5,24,0,1434,13,2,0,Yann Bisseck,Inter,906275,2697,italy,2526,20260428
5,24,37.5,199,10,55.56,389,212,601,87.87,5,38.46,8,25,3,0,0,0,70,6,0,5,1,2,25,0,0,24,21,84,0,0,4.01,1.3,13,0,30.0,0,6,9,16,13,3,5,1,,73,48.99,0,0,0,83,5,48,1,14,1301,0,2,0,1,0,0,0.0,0,0,0,0,191,14,0,7.12,0,5,0,0,0,0,0,0,216.83,0.0,1,11,9,8,7,17,47.22,0,17,12,70.59,47,18,36,64,78,48.15,18,450,234,684,178.1,20,3,969,39,0,0,Martin Baturina,Como,1090019,2704,italy,2526,20260428
52,0,0.0,28,242,35.85,151,578,729,62.36,11,84.62,2,30,0,0,0,0,298,0,0,0,9,28,30,0,0,0,1,3,5,1,0.06,,0,0,0.0,196,0,0,44,38,6,0,0,-0.37,2,66.67,0,29,0,440,0,0,0,30,2700,0,0,0,0,0,0,0.0,5,0,2,0,448,0,9,7.12,0,0,9,70,49,120,1,35,0.0,0.0,0,0,0,0,0,1,100.0,9,0,0,0.0,0,130,1,0,13,81.25,675,487,682,1169,213.5,0,1,1529,5,0,0,Emil Audero,Cremonese,318603,2761,italy,2526,20260428
15,0,0.0,102,51,50.0,394,638,1032,89.82,51,52.58,46,23,3,0,0,0,97,0,1,3,11,86,23,0,0,2,4,75,0,0,1.1,2.02,18,0,25.0,6,4,7,16,13,3,3,1,,33,53.23,3,0,0,117,24,8,0,22,1905,0,9,0,0,0,1,0.0,0,0,0,0,142,2,0,7.11,0,1,0,0,0,0,0,0,476.25,0.0,0,13,3,5,8,1,16.67,0,23,12,52.17,8,43,6,1,84,52.83,102,468,681,1149,163.5,16,3,1399,9,4,0,Bremer,Juventus,885197,2687,italy,2526,20260428
45,2,66.67,284,87,64.93,817,1047,1864,92.09,50,53.76,43,32,0,0,0,0,124,1,1,4,14,102,32,0,0,4,10,83,0,2,1.35,2.05,25,0,8.7,0,2,2,26,24,2,2,0,,64,61.54,2,0,0,160,37,7,0,30,2730,2,13,0,0,0,0,0.0,0,0,0,0,186,2,0,7.1,0,0,0,0,0,0,0,0,1365.0,0.0,0,19,4,13,6,1,50.0,0,47,22,46.81,7,82,2,3,114,57.87,134,922,1102,2024,227.3,23,3,2400,17,4,0,Manuel Akanji,Inter,383560,2697,italy,2526,20260428
2,0,0.0,1,13,39.39,7,36,43,67.19,1,100.0,0,2,0,0,0,0,11,0,0,0,1,3,2,0,0,0,0,0,0,0,0.0,,0,0,0.0,5,0,0,0,0,0,0,0,0.23,1,100.0,0,2,0,21,0,0,0,1,172,0,0,0,0,0,0,0.0,0,0,0,0,21,0,0,7.1,0,0,3,0,2,2,0,1,0.0,0.0,0,0,0,0,0,0,0.0,3,0,0,0.0,0,9,0,0,2,100.0,33,17,47,64,14.2,0,0,77,1,0,0,Massimo Pessina,Bologna,1530540,2685,italy,2526,20260428
23,2,12.5,191,16,61.54,297,117,414,78.11,23,46.0,27,26,4,0,0,0,50,11,15,22,0,18,26,0,0,28,8,121,0,1,1.96,12.16,41,0,18.6,0,16,20,18,15,3,16,0,,81,46.29,4,0,3,116,5,32,5,24,1963,8,0,0,0,0,0,0.0,0,0,0,0,243,23,0,7.1,0,7,0,0,0,0,0,0,122.69,0.0,0,76,10,29,35,18,45.0,0,21,11,52.38,32,34,40,16,104,46.22,26,394,136,530,184.5,86,4,914,43,3,0,Lautaro Martínez,Inter,823984,2697,italy,2526,20260428
32,21,30.0,361,33,64.71,542,191,733,83.68,9,27.27,24,29,5,0,0,0,121,5,1,13,1,11,29,0,0,46,12,142,0,0,3.55,3.39,6,0,13.04,0,6,11,16,10,6,4,2,,86,42.16,0,0,0,143,9,40,6,25,1952,4,2,0,0,0,0,0.0,0,0,0,0,367,34,0,7.09,0,0,0,0,0,0,0,0,325.33,0.0,4,21,25,18,15,31,35.63,0,18,14,77.78,40,57,87,70,95,40.08,51,665,211,876,205.5,46,2,1360,37,1,0,Matías Soulé,Roma,1082406,2702,italy,2526,20260428
51,3,23.08,410,90,51.14,874,614,1488,86.01,32,44.44,40,30,2,0,0,0,102,1,1,3,7,60,30,0,0,5,22,99,0,1,1.8,0.77,30,0,7.14,0,1,3,24,20,4,1,0,,86,59.31,0,0,0,242,20,21,0,28,2394,0,5,0,1,0,0,0.0,0,0,0,0,285,8,0,7.08,1,1,0,0,0,0,0,0,2394.0,0.0,0,4,10,7,4,3,42.86,0,73,40,54.79,20,97,7,13,118,54.38,176,1052,678,1730,212.5,14,2,2042,11,6,1,Marten de Roon,Atalanta,100389,2686,italy,2526,20260428
23,0,0.0,52,184,39.66,136,385,521,64.8,15,93.75,1,25,0,0,0,0,214,0,0,0,9,28,25,1,0,0,2,3,0,1,0.08,,0,0,0.0,157,0,0,38,30,8,0,0,-0.71,4,66.67,0,30,0,283,0,0,0,25,2250,0,0,0,0,0,0,0.0,2,0,0,0,286,0,13,7.08,0,0,13,42,25,68,2,18,0.0,0.0,0,0,0,0,0,0,0.0,13,0,0,0.0,0,44,0,0,19,86.36,464,378,426,804,177.0,0,1,1057,7,1,0,Alberto Paleari,Torino,259281,2696,italy,2526,20260428
51,27,34.62,351,58,56.31,822,724,1546,89.94,16,43.24,21,32,4,0,0,0,148,10,5,7,8,16,32,0,0,25,26,112,0,0,4.63,5.22,31,0,12.5,0,4,8,23,19,4,3,1,,86,48.59,0,0,2,173,16,39,4,27,2392,0,1,0,0,3,0,100.0,0,3,0,0,288,9,0,7.08,0,0,0,0,0,0,0,0,598.0,0.0,1,12,20,13,12,20,66.67,0,49,26,53.06,39,99,30,78,102,47.66,103,954,765,1719,226.4,32,2,2084,17,4,0,Lucas Da Cunha,Como,911848,2704,italy,2526,20260428
38,0,0.0,15,198,37.64,96,624,720,68.64,9,75.0,3,34,0,0,0,0,277,0,0,0,15,21,34,0,0,0,1,4,1,0,0.03,,0,0,0.0,211,0,0,29,21,8,0,0,4.49,7,87.5,0,25,0,329,1,0,0,34,3060,0,0,0,0,0,0,0.0,1,0,0,0,332,0,7,7.07,0,0,16,58,40,100,1,26,0.0,0.0,0,0,0,0,0,0,0.0,15,3,2,66.67,0,69,0,0,16,80.0,526,361,688,1049,240.5,0,0,1408,7,0,0,Mile Svilar,Roma,793986,2702,italy,2526,20260428
29,5,33.33,194,58,53.7,593,877,1470,90.41,63,55.75,50,30,1,0,0,0,87,0,2,4,11,106,30,0,0,10,12,104,0,1,1.1,3.1,22,0,18.18,60,4,5,25,24,1,3,1,,86,61.43,1,0,0,156,19,14,2,29,2510,3,11,0,1,0,2,0.0,0,0,0,1,211,4,0,7.07,0,0,0,0,0,0,0,0,627.5,0.0,1,18,4,13,5,13,54.17,0,48,23,47.92,13,75,24,15,149,58.89,108,695,931,1626,212.0,22,1,2003,25,3,0,Strahinja Pavlović,Milan,965893,2692,italy,2526,20260428
4,8,22.86,88,3,100.0,140,57,197,90.78,1,33.33,2,12,0,0,0,0,20,3,1,2,1,3,12,0,0,6,4,22,0,0,1.25,0.64,2,0,33.33,0,2,2,10,9,1,1,1,,41,67.21,0,0,0,20,1,16,0,6,619,1,1,0,0,0,0,0.0,0,0,0,0,71,2,0,7.07,0,2,0,0,0,0,0,0,309.5,0.0,0,4,2,2,2,20,71.43,0,9,9,100.0,16,5,28,35,42,65.63,3,157,60,217,84.8,6,1,342,12,1,0,Manor Solomon,Fiorentina,862223,2693,italy,2526,20260428
22,0,0.0,163,24,53.33,337,285,622,89.37,5,35.71,9,15,0,0,0,0,51,0,0,4,1,9,13,0,0,3,4,25,0,1,1.0,0.69,8,0,10.0,0,1,1,4,4,0,1,0,,27,62.79,0,0,0,74,10,6,1,8,736,0,1,0,1,0,0,0.0,0,0,0,0,95,8,0,7.06,0,0,0,0,0,0,0,0,736.0,0.0,0,6,4,3,3,9,81.82,0,12,5,41.67,5,40,11,5,32,56.14,45,390,306,696,91.8,10,1,791,6,1,0,Billy Gilmour,Napoli,907668,2714,italy,2526,20260428
29,17,33.33,163,31,50.0,276,158,434,76.81,12,41.38,17,22,4,0,0,1,68,6,4,4,3,23,22,0,1,17,17,92,0,0,2.94,5.63,28,0,20.59,0,7,11,25,21,4,7,0,,66,46.81,0,0,0,131,20,31,6,21,1722,10,0,0,0,3,0,66.67,0,2,0,1,244,12,0,7.05,1,1,0,0,0,0,0,0,246.0,0.0,2,27,7,12,18,10,41.67,0,26,17,65.38,31,63,24,51,78,45.88,62,376,189,565,155.2,34,3,905,31,2,0,Domenico Berardi,Sassuolo,253367,2793,italy,2526,20260428
3,6,31.58,155,4,66.67,244,103,347,74.95,46,51.69,43,27,5,0,0,0,39,6,14,17,0,9,27,0,0,29,8,123,0,1,2.27,8.6,41,0,17.39,0,12,17,18,15,3,11,1,,79,49.69,4,0,1,116,1,27,2,22,1801,15,2,0,0,0,0,0.0,0,0,0,1,228,14,0,7.05,0,5,0,0,0,0,0,0,150.08,0.0,0,60,9,25,27,17,60.71,0,23,11,47.83,27,7,28,19,125,50.4,6,337,126,463,190.4,69,4,799,40,2,0,Marcus Thuram,Inter,791702,2697,italy,2526,20260428
22,27,26.21,148,24,52.17,312,361,673,85.19,14,42.42,19,33,4,0,0,0,105,7,0,8,5,38,33,0,0,20,16,147,0,1,3.24,1.35,37,0,4.35,0,1,5,44,37,7,1,0,,219,63.11,0,0,0,117,19,29,0,31,2815,6,3,0,1,0,0,0.0,0,0,0,0,368,3,0,7.05,0,1,0,0,0,0,0,0,2815.0,0.0,0,14,9,10,5,64,52.46,0,51,31,60.78,28,42,122,103,233,61.32,46,374,416,790,232.7,23,1,1540,104,3,0,Marco Palestra,Cagliari,1397736,2719,italy,2526,20260428
4,0,0.0,2,7,77.78,5,24,29,93.55,0,0.0,0,2,0,0,0,0,11,0,0,0,1,1,2,0,0,0,0,0,0,0,0.0,,0,0,0.0,6,0,0,0,0,0,0,0,0.2,0,0.0,0,1,0,2,0,0,0,1,124,0,0,0,0,0,0,0.0,0,0,0,0,3,0,1,7.05,0,0,0,1,3,4,0,0,0.0,0.0,0,0,0,0,0,0,0.0,0,0,0,0.0,0,4,0,0,0,0.0,9,7,24,31,14.1,0,0,42,0,0,0,Pietro Terracciano,Milan,136856,2692,italy,2526,20260428
23,18,21.18,284,22,30.56,489,238,727,79.11,21,45.65,25,27,0,0,0,0,104,9,2,5,9,56,27,0,0,24,27,153,0,0,3.36,1.39,32,0,18.18,0,4,4,14,9,5,4,0,,117,47.76,0,0,0,192,20,28,0,25,2207,1,5,0,0,0,0,0.0,0,0,0,1,391,11,0,7.05,1,4,0,0,0,0,0,0,551.75,0.0,0,16,6,7,10,14,23.73,0,51,34,66.67,28,47,59,85,138,47.42,72,634,285,919,190.3,22,3,1634,52,5,1,Wesley,Roma,1134200,2702,italy,2526,20260428
7,0,0.0,113,7,77.78,186,92,278,77.87,55,43.31,72,27,3,0,0,0,71,5,5,10,1,24,27,0,0,38,5,159,0,1,1.8,9.14,38,0,22.22,0,10,13,26,24,2,10,0,,88,50.29,1,0,1,79,2,27,8,25,1903,10,3,0,0,4,0,100.0,0,4,0,2,193,14,0,7.04,0,1,0,0,0,0,0,0,190.3,0.0,0,40,5,13,22,30,69.77,0,11,5,45.45,27,8,43,3,143,47.35,9,252,105,357,190.2,45,3,677,47,5,0,Keinan Davis,Udinese,830858,2695,italy,2526,20260428
32,0,0.0,116,70,53.85,372,785,1157,88.25,72,63.16,42,27,0,0,0,0,76,0,1,4,10,138,27,0,0,3,5,75,1,0,0.44,1.01,28,0,12.5,4,1,1,28,23,5,1,0,,53,61.63,0,0,0,154,21,8,0,27,2306,0,26,0,0,0,1,0.0,0,0,0,0,183,0,0,7.04,0,1,0,0,0,0,0,0,2306.0,0.0,0,8,0,3,1,3,60.0,0,34,19,55.88,8,75,5,2,125,62.5,130,468,843,1311,190.2,8,1,1640,16,6,0,Alessandro Circati,Parma,1155423,2690,italy,2526,20260428
24,0,0.0,17,73,48.99,52,108,160,67.51,3,100.0,0,7,0,0,0,0,47,0,0,0,1,9,7,0,0,0,0,0,0,0,0.02,,0,0,0.0,33,0,0,15,15,0,0,0,-0.49,3,100.0,0,3,0,77,0,0,0,7,630,0,0,0,0,0,0,0.0,3,0,0,0,77,0,4,7.04,0,0,1,12,1,14,0,4,0.0,0.0,0,0,0,0,0,0,0.0,1,0,0,0.0,0,39,0,0,6,100.0,149,112,125,237,49.3,0,0,288,4,0,0,Simone Scuffet,Pisa,284349,2737,italy,2526,20260428
33,0,0.0,34,186,36.19,134,489,623,65.1,15,83.33,3,34,0,0,0,0,266,0,0,0,7,27,34,1,0,0,0,3,2,0,0.06,,0,0,0.0,220,0,0,49,42,7,0,0,2.71,2,100.0,0,43,0,334,0,1,0,34,3060,0,0,0,0,0,0,0.0,2,0,0,0,341,0,11,7.04,0,0,12,69,39,110,1,36,0.0,0.0,0,0,0,0,0,0,0.0,11,0,0,0.0,1,63,0,0,17,85.0,514,419,538,957,239.4,0,2,1301,8,2,0,Elia Caprile,Cagliari,947954,2719,italy,2526,20260428
40,19,27.94,230,47,54.02,419,309,728,80.09,2,33.33,4,29,3,0,0,0,88,2,0,5,1,31,28,0,0,11,7,63,0,2,3.18,1.12,9,0,15.0,0,3,6,19,17,2,1,2,,44,42.72,0,0,0,181,4,31,0,21,1806,2,2,0,1,0,0,0.0,0,0,0,0,329,8,0,7.03,0,3,0,0,0,0,0,0,602.0,0.0,0,11,9,8,7,15,31.25,0,21,10,47.62,30,81,48,68,46,42.2,87,546,363,909,196.9,20,1,1352,8,1,0,Leonardo Spinazzola,Napoli,148899,2714,italy,2526,20260428
7,1,11.11,226,28,73.68,566,431,997,88.31,45,60.0,30,29,3,0,0,1,117,1,10,25,10,45,29,0,0,47,11,133,1,2,1.35,9.46,21,0,10.23,0,9,12,24,22,2,7,2,,103,50.0,2,0,2,132,19,20,1,27,2433,5,11,0,0,1,0,0.0,0,0,0,0,263,22,0,7.03,0,6,0,0,0,0,0,0,270.33,0.0,5,52,36,30,33,23,47.92,0,28,13,46.43,20,21,48,9,148,52.67,38,656,473,1129,203.9,88,2,1612,58,1,0,Scott McTominay,Napoli,879346,2714,italy,2526,20260428
13,12,37.5,222,7,41.18,389,153,542,85.9,9,33.33,18,27,3,1,0,0,49,9,9,13,0,10,27,0,0,19,7,80,0,1,4.06,7.47,11,0,16.33,0,8,11,12,12,0,8,0,,64,50.79,0,0,0,89,3,36,6,18,1521,3,1,0,0,1,0,0.0,0,0,0,0,211,12,0,7.03,0,2,0,0,0,0,0,0,190.13,0.0,0,40,9,13,23,27,47.37,0,14,9,64.29,36,28,57,32,73,47.71,17,457,174,631,189.8,49,3,945,23,0,0,Christian Pulišić,Milan,817957,2692,italy,2526,20260428
51,17,20.99,323,70,63.06,602,431,1033,84.6,4,22.22,14,31,1,0,0,0,103,7,2,21,0,25,31,0,0,21,31,107,0,0,3.05,2.25,14,0,6.0,0,3,4,32,27,5,2,1,,111,54.41,0,0,1,188,16,55,2,30,2418,1,6,0,0,0,0,0.0,0,0,0,0,340,10,0,7.03,0,1,0,0,0,0,0,0,806.0,0.0,7,15,35,17,12,15,35.71,0,37,23,62.16,55,106,42,81,115,51.8,111,749,472,1221,217.9,50,1,1668,59,0,0,Adrián Bernabé,Parma,934384,2690,italy,2526,20260428
78,4,26.67,443,110,50.46,922,611,1533,81.03,105,53.3,92,33,1,0,0,0,168,2,2,15,11,59,33,0,0,20,18,194,0,3,2.48,2.07,58,0,4.88,0,2,3,25,17,8,2,0,,82,44.57,2,0,2,359,27,25,0,32,2774,0,6,0,0,0,0,0.0,0,0,0,0,441,15,0,7.02,0,0,0,0,0,0,0,0,1387.0,0.0,0,30,11,18,8,13,61.9,0,63,36,57.14,25,168,21,15,187,49.08,218,1204,688,1892,231.8,41,1,2281,8,6,0,Bryan Cristante,Roma,186855,2702,italy,2526,20260428
23,4,25.0,193,54,52.94,529,818,1347,90.34,16,47.06,18,30,2,0,0,0,72,2,0,3,11,95,29,0,0,4,18,71,0,0,0.95,0.59,30,0,0.0,0,0,2,18,17,1,0,0,,74,58.27,0,0,0,144,27,4,0,28,2402,2,22,0,0,0,1,0.0,0,0,0,0,211,0,0,7.02,0,0,0,0,0,0,0,0,0.0,0.0,0,7,2,4,2,3,60.0,0,64,38,59.38,4,51,5,16,90,55.9,102,626,865,1491,203.7,9,1,1957,7,5,0,Fikayo Tomori,Milan,788255,2692,italy,2526,20260428
12,0,0.0,345,35,62.5,713,424,1137,90.6,24,48.98,25,26,2,0,0,0,121,3,1,9,11,26,26,0,0,34,24,140,0,2,1.95,2.11,44,0,9.52,0,2,4,19,16,3,2,0,,120,51.06,1,0,1,118,16,24,0,26,2302,2,3,0,0,0,0,0.0,0,0,0,0,229,11,0,7.02,0,1,0,0,0,0,0,0,1151.0,0.0,0,11,10,7,5,28,62.22,0,48,26,54.17,24,19,45,1,144,50.7,56,796,459,1255,182.6,21,1,1642,48,2,0,Manu Koné,Roma,974087,2702,italy,2526,20260428
35,30,22.56,314,44,40.37,578,455,1033,83.44,16,47.06,18,32,2,0,0,0,153,8,1,5,6,48,32,0,0,13,12,97,0,1,4.54,2.15,18,0,4.17,0,1,3,41,32,9,1,0,,115,59.28,0,0,0,205,26,44,1,32,2779,2,3,0,0,0,0,0.0,0,0,0,0,450,7,0,7.02,0,0,0,0,0,0,0,0,2779.0,0.0,0,11,13,15,4,42,52.5,0,25,16,64.0,44,82,80,133,131,57.46,109,730,508,1238,224.7,24,1,1977,48,7,0,Dodô,Fiorentina,822518,2693,italy,2526,20260428
39,0,0.0,208,108,53.47,610,1000,1610,89.25,81,62.31,49,31,1,0,0,0,147,2,0,4,12,106,31,0,0,9,7,104,0,0,1.3,0.71,38,0,7.69,55,1,2,26,21,5,1,0,,72,56.69,0,0,1,194,14,9,1,29,2657,3,14,0,0,0,1,0.0,0,0,0,0,248,11,0,7.02,0,0,0,0,0,0,0,0,2657.0,0.0,0,9,4,7,2,15,78.95,0,43,32,74.42,9,102,19,9,153,59.53,202,750,1054,1804,217.5,13,2,2182,16,4,0,Lloyd Kelly,Juventus,865167,2687,italy,2526,20260428
12,0,0.0,2,29,32.58,15,111,126,67.38,4,66.67,2,7,0,0,0,0,38,0,0,0,3,6,7,0,0,0,0,3,0,0,0.01,,1,0,0.0,36,0,0,6,6,0,0,0,0.97,0,0.0,0,2,0,61,0,1,0,7,630,0,0,0,0,0,1,0.0,1,0,1,0,61,0,3,7.01,0,0,1,12,5,17,0,5,0.0,0.0,0,0,0,0,0,0,0.0,1,0,0,0.0,1,24,0,0,4,57.14,89,62,125,187,49.1,0,0,241,1,1,0,Edoardo Motta,Lazio,1518983,2699,italy,2526,20260428
23,9,16.67,203,26,61.9,362,159,521,83.49,3,33.33,6,15,1,0,0,0,39,3,0,7,2,3,15,0,0,11,11,40,0,0,2.79,4.04,8,1,19.23,0,5,6,8,8,0,4,1,,22,39.29,0,0,1,103,5,29,0,12,998,4,0,0,0,3,0,100.0,0,3,0,0,185,9,0,7.01,0,5,0,0,0,0,0,0,199.6,33.33,3,10,16,8,11,7,63.64,0,9,7,77.78,29,37,11,54,25,38.46,42,451,173,624,105.2,26,1,798,6,1,0,Kevin De Bruyne,Napoli,70996,2714,italy,2526,20260428
5,13,24.53,141,4,66.67,203,67,270,81.57,4,22.22,14,16,3,0,0,0,28,9,0,7,0,2,16,0,0,12,2,74,0,0,3.21,1.54,19,0,17.65,0,3,6,7,6,1,3,0,,36,37.5,0,0,1,61,1,21,3,10,925,0,3,0,0,0,0,0.0,0,0,0,0,185,8,0,7.01,0,0,0,0,0,0,0,0,308.33,0.0,1,6,11,6,4,19,38.0,0,10,5,50.0,21,6,50,53,40,35.09,6,253,78,331,112.2,17,3,564,7,3,0,David Neres,Napoli,850993,2714,italy,2526,20260428
21,1,100.0,44,34,50.0,206,415,621,88.97,37,66.07,19,17,0,0,0,0,51,1,0,3,4,101,17,0,1,3,9,52,0,0,0.66,0.75,23,0,11.11,1,1,1,18,16,2,1,0,,41,55.41,1,0,0,77,12,6,0,14,1276,0,14,0,0,0,2,0.0,0,0,0,0,87,2,0,7.01,2,0,0,0,0,0,0,0,1276.0,0.0,0,8,1,4,2,4,100.0,0,21,15,71.43,6,42,4,1,78,60.0,68,263,435,698,119.2,9,4,922,19,5,1,Mariano Troilo,Parma,1516324,2690,italy,2526,20260428
5,8,33.33,51,0,0.0,80,39,119,83.22,2,22.22,7,11,0,0,0,0,6,2,2,2,1,3,10,0,0,7,4,36,0,0,1.7,2.27,3,0,25.0,0,4,4,4,3,1,4,0,,26,47.27,0,0,1,24,2,11,0,5,533,1,0,0,0,0,0,0.0,0,0,0,0,77,1,0,7.01,0,4,0,0,0,0,0,0,133.25,0.0,0,13,3,5,9,15,48.39,0,6,3,50.0,11,9,31,24,28,43.75,0,102,41,143,70.1,16,0,270,5,1,0,Jeremie Boga,Juventus,367056,2687,italy,2526,20260428
12,3,20.0,98,20,66.67,139,54,193,75.98,12,40.0,18,19,1,0,0,0,39,1,0,5,0,13,19,0,0,10,3,57,0,0,1.62,1.86,10,0,15.79,0,3,4,7,7,0,2,1,,60,60.61,0,0,0,61,5,6,3,5,654,0,1,0,0,1,0,100.0,0,1,0,0,127,8,0,7.01,0,0,0,0,0,0,0,0,218.0,0.0,0,10,9,7,7,20,54.05,0,19,8,42.11,6,20,37,15,72,55.81,30,185,69,254,133.1,19,1,459,21,1,0,Junior Messias,Genoa,888219,2713,italy,2526,20260428
39,16,24.24,212,33,36.26,411,368,779,84.49,36,61.02,23,31,3,0,0,0,61,3,0,19,2,34,31,0,0,9,15,87,0,0,2.47,4.54,35,1,10.0,0,6,9,32,25,7,4,2,,94,59.49,1,0,1,143,13,32,4,28,2250,0,5,0,0,1,0,100.0,0,1,0,1,235,8,0,7.0,0,1,0,0,0,0,0,0,375.0,7.69,13,25,35,25,16,4,33.33,0,41,20,48.78,32,92,12,66,130,59.91,91,524,398,922,217.1,60,1,1289,52,7,0,Rolando Mandragora,Fiorentina,548178,2693,italy,2526,20260428
37,3,20.0,380,41,56.94,716,538,1254,87.08,33,50.0,33,32,2,0,0,0,115,4,2,11,9,29,32,0,0,13,13,104,0,0,3.41,2.82,36,0,6.38,0,3,5,22,19,3,3,0,,93,56.71,2,0,1,186,12,23,1,28,2317,3,8,0,0,0,0,0.0,0,0,0,0,264,12,0,7.0,0,0,0,0,0,0,0,0,772.33,0.0,0,23,24,21,15,22,62.86,0,59,31,52.54,23,63,35,15,126,54.78,72,854,586,1440,224.1,47,0,1792,12,2,0,Khéphren Thuram,Juventus,904832,2687,italy,2526,20260428
0,0,0.0,4,0,0.0,7,7,14,93.33,0,0.0,0,1,0,0,0,0,1,0,0,0,0,2,1,0,0,0,1,1,0,0,0.01,,0,0,0.0,0,0,0,0,0,0,0,0,,0,0.0,0,0,0,1,0,1,0,1,32,0,2,0,0,0,0,0.0,0,0,0,0,4,0,0,7.0,0,0,0,0,0,0,0,0,0.0,0.0,0,0,0,0,0,0,0.0,0,0,0,0.0,1,1,0,1,0,0.0,1,8,7,15,7.0,0,0,25,0,0,0,Matías Pérez,Lecce,1801193,2689,italy,2526,20260428
0,0,0.0,1,0,0.0,5,13,18,100.0,1,100.0,0,2,0,0,0,0,0,0,0,0,0,1,1,0,0,0,0,0,0,0,0.0,,0,0,0.0,0,0,0,0,0,0,0,0,,0,0.0,0,0,0,0,0,0,0,0,14,0,1,0,0,0,0,0.0,0,0,0,0,1,0,0,7.0,0,0,0,0,0,0,0,0,0.0,0.0,0,0,0,0,0,0,0.0,0,0,0,0.0,0,0,0,0,1,100.0,0,5,13,18,7.0,0,0,21,0,0,0,Edoardo Goldaniga,Como,295133,2704,italy,2526,20260428
34,0,0.0,59,141,38.95,111,261,372,62.31,5,100.0,0,17,0,0,0,0,149,0,0,0,5,18,17,0,0,0,1,1,1,0,0.1,,0,0,0.0,133,0,0,22,16,6,0,0,-2.21,4,80.0,0,21,0,225,0,1,0,17,1530,0,0,0,0,0,0,0.0,2,0,1,0,229,0,7,7.0,0,0,10,31,22,53,1,13,0.0,0.0,0,0,0,0,0,0,0.0,10,0,0,0.0,1,55,0,0,9,90.0,362,313,284,597,119.0,0,1,775,4,1,0,Suzuki Zion,Parma,905351,2690,italy,2526,20260428
39,0,0.0,114,62,53.45,534,1181,1715,93.0,60,60.0,40,29,0,0,0,0,98,0,2,0,12,117,29,0,0,1,8,64,0,1,0.41,1.34,17,0,0.0,59,0,0,26,25,1,0,0,,34,58.62,0,0,1,129,30,3,0,28,2428,0,18,0,0,0,0,0.0,0,0,0,0,141,1,0,7.0,0,0,0,0,0,0,0,0,0.0,0.0,0,8,0,5,3,1,100.0,0,23,13,56.52,3,55,1,2,94,59.49,116,603,1241,1844,202.9,8,2,2112,13,5,0,Alessio Romagnoli,Lazio,227864,2699,italy,2526,20260428
44,6,40.0,219,42,39.62,484,387,871,81.02,54,62.07,33,26,0,0,0,0,118,0,2,6,4,53,26,0,0,10,20,101,0,0,0.8,1.23,37,0,6.67,0,1,1,29,24,5,1,0,,100,59.52,1,0,1,204,51,16,0,22,1946,0,10,0,0,0,0,0.0,0,0,0,0,268,10,0,7.0,0,0,0,0,0,0,0,0,1946.0,0.0,0,10,5,6,3,6,60.0,0,65,36,55.38,16,87,10,15,154,60.39,106,640,435,1075,181.9,15,0,1449,32,8,0,Roberto Gagliardini,Hellas Verona,287057,2701,italy,2526,20260428
19,7,35.0,193,37,66.07,387,257,644,87.62,6,54.55,5,16,1,0,0,0,62,1,1,2,8,14,16,0,1,6,11,48,0,2,1.16,1.3,17,0,12.5,0,2,3,12,11,1,2,0,,43,50.0,0,0,2,91,11,15,0,16,1430,0,6,0,0,0,0,0.0,0,0,0,0,137,7,0,6.99,1,2,0,0,0,0,0,0,715.0,0.0,0,7,9,6,8,8,47.06,0,14,7,50.0,15,38,17,20,49,50.52,56,455,280,735,111.9,16,0,911,21,6,0,Mattéo Guendouzi,Lazio,852404,2699,italy,2526,20260428
14,2,100.0,43,19,48.72,225,506,731,94.69,43,69.35,19,16,0,0,0,0,40,0,1,0,5,87,16,0,0,0,2,35,0,0,0.47,0.37,15,0,0.0,7,0,0,17,14,3,0,0,,23,58.97,0,0,1,41,17,3,0,13,1207,3,15,0,0,0,0,0.0,0,0,0,0,52,0,0,6.99,0,0,0,0,0,0,0,0,0.0,0.0,0,3,0,2,1,1,100.0,0,10,7,70.0,3,21,1,2,66,65.35,39,251,521,772,111.9,3,3,952,12,3,0,Francesco Acerbi,Inter,126816,2697,italy,2526,20260428
65,2,25.0,302,62,67.39,886,893,1779,91.23,12,54.55,10,32,4,0,0,0,120,4,3,4,12,25,32,0,0,20,30,105,0,4,2.69,2.13,38,0,17.65,0,3,7,20,16,4,2,1,,84,46.93,0,0,0,171,20,31,2,29,2433,1,3,0,2,0,1,0.0,0,0,0,0,241,9,0,6.99,0,1,0,0,0,0,0,0,811.0,0.0,0,7,10,5,8,9,52.94,0,53,34,64.15,29,100,17,8,96,47.76,92,1005,945,1950,223.7,17,2,2242,22,8,0,Máximo Perrone,Como,1086286,2704,italy,2526,20260428
65,29,25.44,250,59,64.13,412,226,638,74.36,20,44.44,25,32,5,0,0,0,84,10,1,12,1,19,32,0,0,26,30,138,0,1,3.68,4.15,40,0,12.77,0,6,11,33,29,4,6,0,,108,48.87,2,0,2,220,14,59,1,30,2365,4,4,0,0,1,0,100.0,0,1,0,1,440,10,0,6.99,0,3,0,0,0,0,0,0,394.17,0.0,6,25,22,22,13,15,39.47,0,47,28,59.57,59,112,38,114,128,48.12,92,579,279,858,223.6,47,0,1392,47,6,0,Sebastiano Esposito,Cagliari,965008,2719,italy,2526,20260428
26,2,50.0,219,56,81.16,463,419,882,91.12,6,30.0,14,31,0,0,0,0,80,1,3,2,2,28,31,0,0,21,13,83,0,3,1.66,4.68,21,0,30.0,0,6,6,35,31,4,6,0,,94,57.67,0,0,0,86,13,22,0,30,2502,0,4,0,0,0,0,0.0,0,0,0,0,176,6,0,6.99,1,6,0,0,0,0,0,0,417.0,0.0,0,11,9,8,10,22,57.89,0,26,15,57.69,22,36,38,4,100,54.64,69,519,449,968,216.6,20,1,1303,48,3,1,Ismael Koné,Sassuolo,1134351,2793,italy,2526,20260428
9,0,0.0,15,75,37.69,49,303,352,73.49,2,100.0,0,16,0,0,0,0,137,0,0,0,6,17,16,1,0,0,1,1,2,2,0.02,,0,0,0.0,118,0,0,18,17,1,0,0,2.93,5,83.33,0,15,0,127,0,0,0,16,1440,0,0,0,0,0,0,0.0,3,0,0,0,128,0,9,6.98,0,0,12,31,12,44,0,13,0.0,0.0,0,0,0,0,0,0,0.0,12,1,0,0.0,0,16,0,0,7,87.5,199,142,337,479,111.7,0,1,657,5,1,0,Edoardo Corvi,Parma,990411,2690,italy,2526,20260428
39,0,0.0,43,182,42.72,146,238,384,60.95,11,91.67,1,21,0,0,0,0,170,0,0,0,4,18,21,2,0,0,1,2,0,1,0.05,,0,0,0.0,136,0,0,32,25,7,0,0,-1.01,1,50.0,0,20,0,246,0,0,0,21,1890,0,0,0,0,0,0,0.0,2,0,0,0,252,0,8,6.98,0,0,3,42,25,68,0,19,0.0,0.0,0,0,0,0,0,0,0.0,3,0,0,0.0,0,67,0,0,12,85.71,426,334,296,630,146.6,0,2,818,2,0,0,Adrian Šemper,Pisa,814876,2737,italy,2526,20260428
1,0,0.0,9,3,75.0,16,3,19,65.52,9,56.25,7,5,0,0,0,0,11,0,0,1,0,2,5,0,0,2,1,14,0,0,0.03,0.93,4,0,33.33,0,2,2,3,2,1,2,0,,2,22.22,1,0,0,10,1,1,1,1,133,1,1,0,0,0,0,0.0,0,0,0,0,21,2,0,6.98,0,0,0,0,0,0,0,0,66.5,0.0,0,4,2,3,2,0,0.0,0,0,0,0.0,1,1,0,0,11,44.0,4,25,4,29,34.9,6,1,59,2,0,0,Paul Mendy,Cagliari,2049928,2719,italy,2526,20260428
15,32,28.32,160,23,46.0,336,260,596,84.18,5,31.25,11,23,3,0,0,0,53,5,1,5,8,37,23,0,0,3,12,41,0,0,3.45,0.4,8,0,0.0,0,0,3,10,9,1,0,0,,41,57.75,0,0,0,112,14,27,0,17,1572,3,6,0,0,0,0,0.0,0,0,0,0,267,0,0,6.98,0,0,0,0,0,0,0,0,0.0,0.0,0,5,4,3,1,8,50.0,0,29,14,48.28,27,36,16,113,46,52.87,50,410,298,708,160.5,9,0,1138,5,3,0,Lorenzo Bernasconi,Atalanta,1012177,2686,italy,2526,20260428
20,17,23.94,274,13,50.0,439,199,638,87.88,2,12.5,14,27,4,0,0,0,84,5,8,25,0,3,27,0,0,23,14,120,0,0,4.01,5.91,27,0,4.84,0,3,7,15,14,1,1,2,,106,50.0,0,0,2,88,7,29,3,23,1796,3,1,0,0,0,0,0.0,0,0,0,0,260,23,0,6.98,0,0,0,0,0,0,0,0,598.67,0.0,0,49,13,18,19,48,52.17,0,28,20,71.43,29,37,92,71,108,47.37,26,510,216,726,188.4,62,2,1163,30,2,0,Francisco Conceição,Juventus,979222,2687,italy,2526,20260428
24,7,20.0,133,24,44.44,278,210,488,83.99,10,45.45,12,20,1,0,0,0,88,3,1,8,1,22,20,0,0,22,8,72,0,2,1.52,0.87,11,0,4.55,0,1,2,20,15,5,1,0,,95,61.29,0,0,2,93,20,19,0,16,1364,1,6,1,0,0,1,0.0,0,0,0,1,195,3,0,6.97,0,1,0,0,0,0,0,0,1364.0,0.0,0,14,8,8,6,27,58.7,0,17,12,70.59,19,50,46,35,105,59.32,54,343,238,581,139.4,22,0,956,55,5,0,Fabiano Parisi,Fiorentina,972886,2693,italy,2526,20260428
70,1,100.0,109,105,61.4,443,841,1284,89.35,36,55.38,29,26,0,0,0,0,117,1,0,1,7,90,26,0,0,7,14,66,1,5,0.37,0.89,17,0,14.29,12,1,1,23,19,4,1,0,,58,61.05,1,0,0,153,31,6,0,23,2030,1,11,0,0,0,0,0.0,0,0,0,0,182,2,0,6.97,0,0,0,0,0,0,0,0,2030.0,0.0,0,5,2,4,2,5,100.0,0,36,18,50.0,6,120,5,1,94,58.75,171,545,892,1437,181.2,7,2,1710,17,4,0,Jhon Lucumí,Bologna,818481,2685,italy,2526,20260428
1,0,0.0,15,0,0.0,21,7,28,63.64,16,53.33,14,6,1,0,0,0,6,0,1,0,0,2,6,0,0,0,0,16,0,0,0.07,1.3,1,0,66.67,0,2,3,0,0,0,2,0,,3,60.0,0,0,0,16,0,3,1,1,178,2,0,0,0,0,0,0.0,0,0,0,0,24,1,0,6.97,0,1,0,0,0,0,0,0,89.0,0.0,0,3,0,1,2,2,66.67,0,1,0,0.0,3,1,3,0,19,54.29,0,36,8,44,41.8,3,0,68,0,0,0,Nesta Elphege,Parma,1486729,2690,italy,2526,20260428
25,0,0.0,92,36,36.0,473,909,1382,89.39,80,67.8,38,31,0,0,0,0,81,2,2,3,10,125,29,0,0,3,14,80,2,1,0.78,2.74,25,0,22.22,36,4,4,19,15,4,4,0,,34,44.74,3,0,0,164,11,6,1,24,2061,0,19,0,0,0,1,0.0,0,0,0,0,194,0,0,6.97,0,0,0,0,0,0,0,0,515.25,0.0,0,16,2,9,6,1,20.0,0,16,7,43.75,6,70,5,0,114,58.76,100,597,949,1546,202.0,18,2,1837,17,3,0,Marc Kempf,Como,226974,2704,italy,2526,20260428
20,0,0.0,59,77,56.62,344,859,1203,92.18,56,69.14,25,26,0,0,0,0,58,0,3,2,11,141,26,0,0,0,3,46,0,0,0.14,1.34,19,0,0.0,4,0,0,17,17,0,0,0,,20,48.78,0,0,2,102,13,2,0,24,2171,0,17,0,0,0,0,0.0,0,0,0,0,108,0,0,6.97,0,0,0,0,0,0,0,0,0.0,0.0,0,18,0,13,3,0,0.0,0,16,9,56.25,2,51,1,1,76,62.3,136,421,884,1305,181.1,18,1,1550,5,3,0,Matteo Gabbia,Milan,826195,2692,italy,2526,20260428
30,6,12.77,206,21,56.76,390,216,606,82.23,15,41.67,21,25,0,0,0,1,94,3,8,7,6,10,25,0,1,27,21,133,0,0,2.37,4.07,28,0,8.82,0,3,3,20,18,2,3,0,,141,55.73,0,0,1,131,18,31,0,25,2054,5,1,0,0,1,0,0.0,0,0,0,1,307,11,0,6.96,1,3,0,0,0,0,0,0,684.67,0.0,0,29,5,13,14,23,38.33,0,37,20,54.05,31,56,60,47,156,53.98,37,484,253,737,174.0,34,2,1209,81,6,0,Mattia Zaccagni,Lazio,293581,2699,italy,2526,20260428
80,2,16.67,271,97,57.4,619,702,1321,85.95,30,60.0,20,30,1,0,0,0,153,1,0,2,5,44,30,0,1,22,23,98,0,2,1.12,0.33,22,0,10.0,0,1,2,34,30,4,1,0,,90,53.57,0,0,0,216,23,20,1,28,2452,0,9,0,0,0,0,0.0,0,0,0,0,300,12,0,6.96,1,0,0,0,0,0,0,0,2452.0,0.0,0,5,5,4,4,11,47.83,0,42,28,66.67,20,126,23,12,120,55.05,169,772,765,1537,208.8,10,0,1858,39,6,0,Nemanja Matić,Sassuolo,44241,2793,italy,2526,20260428
13,4,26.67,138,11,50.0,323,276,599,86.19,32,59.26,22,17,1,0,0,0,69,1,1,3,5,11,17,0,0,20,12,77,0,1,1.31,2.54,18,0,17.39,0,4,5,14,14,0,4,0,,44,44.44,2,0,1,96,12,12,1,14,1226,0,3,0,0,0,0,0.0,0,0,0,1,160,3,0,6.96,0,1,0,0,0,0,0,0,306.5,0.0,0,20,3,11,9,9,52.94,0,18,14,77.78,12,25,17,15,76,49.67,22,389,306,695,118.3,23,3,904,17,1,0,Frank Anguissa,Napoli,787941,2714,italy,2526,20260428
44,0,0.0,58,266,32.36,203,275,478,46.14,18,94.74,1,34,0,0,0,0,262,0,0,0,9,47,34,0,0,0,1,2,0,1,0.1,,0,0,0.0,170,0,0,46,44,2,0,0,4.67,5,83.33,0,14,0,558,0,1,0,34,3060,0,0,0,0,0,0,0.0,6,0,2,0,564,0,22,6.96,0,0,21,76,18,94,0,23,0.0,0.0,0,0,0,0,0,0,0.0,20,2,2,100.0,1,113,0,0,23,92.0,822,694,342,1036,236.6,0,1,1311,8,2,0,Wladimiro Falcone,Lecce,256667,2689,italy,2526,20260428
42,28,24.78,184,37,50.68,282,181,463,76.28,14,42.42,19,30,4,0,0,0,104,10,3,11,0,18,30,0,0,22,8,104,0,0,4.16,2.71,18,0,5.88,0,2,6,10,8,2,0,2,,96,53.04,0,0,1,144,14,32,0,21,1667,3,1,0,0,0,0,0.0,0,0,0,1,339,8,0,6.96,0,2,0,0,0,0,0,0,833.5,0.0,2,14,20,17,6,23,37.7,0,23,16,69.57,32,70,61,113,110,51.4,73,390,217,607,208.7,34,0,1108,51,3,0,Nicola Zalewski,Atalanta,984184,2686,italy,2526,20260428
51,0,0.0,28,170,34.91,100,540,640,66.53,6,75.0,2,34,0,0,0,0,238,0,0,0,8,19,34,0,0,0,2,4,3,2,0.05,,0,0,0.0,203,0,0,45,36,9,0,0,0.46,4,66.67,0,15,0,322,0,1,0,34,3060,0,0,0,0,0,0,0.0,6,0,1,0,334,0,11,6.95,0,0,9,70,34,106,0,17,0.0,0.0,0,0,0,0,0,0,0.0,8,0,0,0.0,1,91,0,0,10,71.43,487,378,584,962,236.2,0,3,1253,5,0,0,David De Gea,Fiorentina,69378,2693,italy,2526,20260428
39,37,28.03,240,39,50.65,479,350,829,85.82,23,46.0,27,28,0,0,0,0,59,4,0,6,7,61,28,0,0,20,17,96,0,2,3.89,1.03,17,0,10.0,2,2,2,21,20,1,2,0,,70,50.36,0,0,0,137,11,40,2,24,2182,4,9,1,0,0,2,0.0,0,0,0,0,323,1,0,6.95,0,0,0,0,0,0,0,0,1091.0,0.0,5,9,11,8,6,11,40.74,0,45,29,64.44,40,82,27,132,93,49.21,77,567,399,966,194.5,20,1,1586,14,3,0,Davide Bartesaghi,Milan,1390489,2692,italy,2526,20260428
59,43,26.88,289,103,49.52,534,508,1042,82.96,28,52.83,25,28,2,0,0,0,105,5,0,3,5,66,28,0,0,5,10,67,1,0,3.82,0.47,23,0,9.09,1,1,3,31,28,3,1,0,,68,61.82,0,0,0,214,32,60,1,25,2213,2,5,0,0,0,0,0.0,0,0,0,0,431,7,0,6.94,0,0,0,0,0,0,0,0,2213.0,0.0,0,6,5,4,4,7,58.33,0,37,25,67.57,60,114,12,160,96,58.9,208,690,566,1256,194.4,11,0,1922,24,6,0,Juan Miranda,Bologna,855829,2685,italy,2526,20260428
9,0,0.0,88,39,57.35,361,524,885,92.57,36,59.02,25,22,0,0,0,0,43,1,1,0,3,63,22,0,0,5,5,48,0,2,0.2,0.24,12,0,0.0,25,0,0,15,13,2,0,0,,16,41.03,0,0,0,71,11,3,0,11,1285,0,12,0,0,0,0,0.0,0,0,0,0,81,3,0,6.94,0,0,0,0,0,0,0,0,0.0,0.0,0,4,0,2,2,1,33.33,0,9,5,55.56,3,19,3,1,52,52.0,68,407,549,956,152.7,4,1,1109,7,2,0,Oliver Provstgaard,Lazio,1160559,2699,italy,2526,20260428
49,1,9.09,279,74,71.84,602,479,1081,89.04,22,42.31,30,27,0,0,0,0,120,3,6,14,6,35,27,0,0,19,18,108,0,3,1.56,4.07,31,0,3.13,0,1,1,15,13,2,1,0,,98,55.68,0,0,0,133,23,23,0,23,1965,2,7,0,0,1,0,100.0,0,1,0,0,209,8,0,6.94,0,1,0,0,0,0,0,0,1965.0,0.0,0,16,16,9,9,14,56.0,0,52,29,55.77,23,72,25,11,120,52.63,103,694,520,1214,187.4,32,0,1557,34,2,0,Éderson,Atalanta,946888,2686,italy,2526,20260428
48,6,19.35,204,58,40.0,498,769,1267,86.25,82,61.65,51,32,2,0,0,0,101,5,0,5,11,115,32,0,0,3,15,136,0,2,1.39,1.84,67,0,6.25,1,1,3,24,16,8,1,0,,91,51.7,1,0,1,202,44,22,0,32,2731,5,13,0,1,0,0,0.0,0,0,0,0,266,4,0,6.94,0,0,0,0,0,0,0,0,2731.0,0.0,0,15,1,6,5,3,60.0,0,50,27,54.0,21,105,5,31,173,55.99,145,664,805,1469,222.1,16,0,1942,39,9,0,Gianluca Mancini,Roma,611210,2702,italy,2526,20260428
11,16,25.0,145,10,45.45,236,95,331,83.38,6,33.33,12,28,4,0,0,0,69,5,2,8,2,5,28,0,1,21,20,99,0,0,2.38,2.13,32,0,12.5,0,3,7,19,17,2,3,0,,115,56.93,0,0,0,66,8,18,2,17,1529,5,0,0,0,0,0,0.0,0,0,0,0,192,15,0,6.94,1,1,0,0,0,0,0,0,509.67,0.0,0,20,4,10,6,15,45.45,0,30,19,63.33,18,21,33,64,121,55.0,22,295,102,397,194.3,24,2,744,71,3,0,Nicolò Cambiaghi,Bologna,971005,2685,italy,2526,20260428
19,14,28.0,284,33,51.56,473,243,716,82.87,19,51.35,18,28,3,0,0,0,92,5,3,16,4,31,28,0,0,63,15,161,0,1,2.21,3.81,19,0,9.8,0,5,8,34,30,4,4,1,,107,42.8,0,0,3,148,18,32,1,25,2209,7,1,0,0,0,0,0.0,0,0,0,0,373,13,0,6.94,0,4,0,0,0,0,0,0,441.8,0.0,1,29,22,16,19,55,52.88,0,23,13,56.52,32,49,104,50,126,43.9,64,590,274,864,194.2,51,2,1418,31,3,0,Arthur Atta,Udinese,1444690,2695,italy,2526,20260428
30,0,0.0,99,83,54.97,406,954,1360,90.37,75,60.48,49,28,0,0,0,0,132,1,1,2,12,126,28,0,0,5,7,94,1,5,0.83,1.83,30,0,14.29,2,3,3,23,15,8,3,0,,61,57.55,1,0,0,145,42,6,1,28,2466,0,11,0,0,0,0,0.0,0,0,0,0,177,1,0,6.94,0,1,0,0,0,0,0,0,822.0,0.0,0,20,1,14,5,4,44.44,0,22,14,63.64,6,56,9,1,136,59.13,151,498,1007,1505,194.2,21,1,1862,35,5,0,Evan Ndicka,Roma,848287,2702,italy,2526,20260428
40,17,21.52,404,72,54.55,891,874,1765,89.37,30,44.12,38,33,4,0,0,0,144,10,1,4,15,57,33,0,0,10,9,95,0,0,2.88,1.74,31,0,16.67,0,2,6,25,21,4,2,0,,70,55.12,1,0,1,210,24,36,0,33,2922,0,7,0,0,0,0,0.0,0,0,0,0,321,6,0,6.93,1,1,0,0,0,0,0,0,1461.0,0.0,0,10,2,4,4,6,35.29,0,53,31,58.49,36,102,17,79,100,51.28,132,1031,944,1975,228.8,12,2,2455,11,1,1,Pierre Kalulu,Juventus,965330,2687,italy,2526,20260428
27,34,21.12,273,21,41.18,454,240,694,82.82,6,30.0,14,31,5,0,0,0,74,11,3,13,2,14,31,0,0,19,9,88,0,0,4.45,2.19,17,0,4.44,0,2,7,21,20,1,2,0,,71,48.97,0,0,3,144,3,34,2,23,1959,0,2,0,0,0,0,0.0,0,0,0,0,370,9,0,6.93,0,0,0,0,0,0,0,0,979.5,0.0,3,22,23,20,12,33,51.56,0,14,10,71.43,34,55,64,161,77,46.67,51,564,274,838,214.8,45,3,1354,25,2,0,Matteo Politano,Napoli,235672,2714,italy,2526,20260428
25,1,12.5,141,52,43.33,367,646,1013,86.21,45,62.5,27,23,1,0,0,0,85,1,2,4,6,69,23,0,0,3,9,79,0,1,0.65,0.94,34,0,13.33,0,2,3,16,12,4,2,0,,52,50.0,1,0,1,162,26,9,1,21,1780,0,6,0,0,0,0,0.0,0,0,0,0,205,5,0,6.93,0,0,0,0,0,0,0,0,890.0,0.0,0,14,1,6,5,4,33.33,0,32,17,53.13,9,68,12,8,97,55.11,120,472,703,1175,159.3,15,2,1470,18,7,0,Mario Hermoso,Roma,353130,2702,italy,2526,20260428
16,1,25.0,119,27,37.5,392,702,1094,91.7,40,65.57,21,24,1,0,0,0,71,0,1,2,7,98,23,0,0,3,4,53,0,2,0.42,0.69,25,0,14.29,5,1,2,17,16,1,1,0,,38,54.29,1,0,0,99,13,4,0,18,1733,1,12,0,0,0,1,0.0,0,0,0,0,127,2,0,6.93,0,0,0,0,0,0,0,0,1733.0,0.0,0,6,1,4,1,3,50.0,0,27,17,62.96,4,35,6,4,78,59.54,72,455,738,1193,159.3,7,1,1435,8,1,0,Koni De Winter,Milan,1001828,2692,italy,2526,20260428
31,0,0.0,121,55,56.12,396,946,1342,90.43,80,60.15,53,31,0,0,0,0,89,0,3,4,8,149,31,0,0,3,18,91,1,2,0.69,1.47,16,0,0.0,9,0,0,24,21,3,0,0,,60,61.22,0,0,1,142,35,5,0,27,2364,0,21,0,0,0,0,0.0,0,0,0,0,161,1,0,6.93,0,0,0,0,0,0,0,0,0.0,0.0,0,14,1,9,2,3,75.0,0,50,28,56.0,5,55,4,2,140,60.61,98,483,1001,1484,214.7,15,2,1863,7,4,0,Berat Djimsiti,Atalanta,151003,2686,italy,2526,20260428
19,8,47.06,176,12,80.0,319,128,447,83.86,25,48.08,27,26,3,0,0,0,38,9,9,18,3,7,26,0,0,22,6,98,0,0,2.98,9.72,18,0,15.25,0,9,12,17,16,1,6,3,,62,46.62,1,0,2,86,4,20,1,21,1720,9,0,0,0,2,0,100.0,0,2,0,0,200,8,0,6.92,0,7,0,0,0,0,0,0,191.11,0.0,0,46,13,18,23,24,47.06,0,5,2,40.0,20,22,51,17,87,47.03,15,394,139,533,180.0,59,2,831,33,4,0,Rafael Leão,Milan,851284,2692,italy,2526,20260428
34,6,25.0,167,37,72.55,348,241,589,83.66,8,34.78,15,31,1,0,0,0,73,3,5,18,1,9,31,0,0,31,16,103,0,0,1.48,7.82,23,0,10.45,0,7,8,39,33,6,7,0,,102,53.68,0,0,2,115,8,12,7,27,2198,4,0,0,0,2,0,100.0,0,2,0,0,246,12,0,6.92,0,0,0,0,0,0,0,0,314.0,0.0,0,42,25,24,25,10,33.33,0,25,15,60.0,12,57,30,24,110,51.64,51,443,261,704,214.6,67,2,1073,67,3,0,Federico Bonazzoli,Cremonese,284363,2761,italy,2526,20260428
5,8,32.0,60,10,45.45,122,103,225,87.89,3,60.0,2,9,1,0,0,0,34,3,0,0,2,12,9,0,0,2,14,30,0,1,0.93,0.06,8,0,100.0,0,1,2,6,6,0,0,1,,15,34.88,0,0,1,31,6,6,1,7,658,1,3,0,1,0,0,0.0,0,0,0,0,66,2,0,6.92,0,0,0,0,0,0,0,0,658.0,0.0,0,0,1,0,1,1,20.0,0,13,7,53.85,5,11,5,25,18,37.5,22,140,116,256,62.3,1,1,386,1,2,0,Ulisses Garcia,Sassuolo,558320,2793,italy,2526,20260428
24,61,33.89,148,38,33.04,267,285,552,79.2,7,25.0,21,29,5,0,0,1,76,11,1,6,3,40,28,0,0,14,5,80,0,0,5.19,1.32,29,1,9.09,0,1,6,36,33,3,0,1,,76,56.3,0,0,0,145,10,58,1,24,2033,0,11,0,0,1,1,0.0,0,0,0,1,367,7,0,6.92,0,0,0,0,0,0,0,0,2033.0,20.0,5,3,8,1,4,12,48.0,0,38,25,65.79,58,75,25,180,83,50.92,115,378,319,697,193.8,11,1,1308,26,2,0,Aarón Martín,Genoa,797286,2713,italy,2526,20260428
51,1,25.0,350,42,60.0,801,729,1530,92.78,10,55.56,8,28,1,0,0,0,106,0,0,2,7,29,28,0,0,8,16,48,0,0,1.71,0.51,13,0,12.5,0,1,2,28,26,2,1,0,,65,61.9,0,0,0,119,12,21,0,25,2147,0,2,0,0,0,1,0.0,0,0,0,0,149,8,0,6.92,0,1,0,0,0,0,0,0,2147.0,0.0,0,3,5,2,4,4,50.0,0,24,13,54.17,21,79,8,4,75,60.98,70,878,771,1649,193.8,8,0,1850,37,3,0,Stanislav Lobotka,Napoli,150383,2714,italy,2526,20260428
34,11,24.44,307,32,54.24,533,279,812,83.11,22,39.29,34,33,3,0,0,0,159,3,2,8,7,27,33,0,0,44,26,164,0,1,3.02,6.84,39,0,18.18,0,8,11,50,41,9,8,0,,127,49.42,0,0,2,165,19,47,0,32,2693,4,3,0,0,5,0,100.0,0,5,0,0,327,15,0,6.92,0,8,0,0,0,0,0,0,336.63,0.0,2,21,23,19,17,26,49.06,0,60,35,58.33,47,65,53,45,149,47.6,59,653,324,977,228.4,44,3,1472,41,7,0,Nikola Vlašić,Torino,357596,2696,italy,2526,20260428
57,1,9.09,311,76,69.72,643,499,1142,88.32,25,39.06,39,29,4,0,0,0,98,7,2,2,1,22,29,0,0,9,15,85,2,1,2.49,1.99,20,0,17.65,0,3,7,24,21,3,2,1,,36,43.9,1,0,0,151,10,36,1,20,1774,1,3,0,0,0,0,0.0,0,0,0,0,215,8,0,6.92,0,1,0,0,0,0,0,0,591.33,0.0,0,14,3,9,6,7,58.33,0,24,17,70.83,36,89,12,11,61,41.78,109,755,538,1293,200.6,17,2,1495,5,2,0,Mario Pašalić,Atalanta,190437,2686,italy,2526,20260428
44,0,0.0,15,158,46.33,76,742,818,81.39,0,0.0,1,31,0,0,0,0,197,0,0,0,14,11,31,1,0,0,1,2,1,1,0.03,,0,0,0.0,131,0,0,30,26,4,0,0,-2.3,2,66.67,0,9,0,187,0,0,0,31,2790,0,0,0,0,0,0,0.0,4,0,0,0,190,0,6,6.92,0,0,7,35,26,62,0,5,0.0,0.0,0,0,0,0,0,0,0.0,6,0,0,0.0,0,81,0,0,2,50.0,341,204,801,1005,214.4,0,0,1205,2,0,0,Yann Sommer,Inter,16206,2697,italy,2526,20260428
52,13,32.5,255,88,52.69,554,656,1210,86.06,13,39.39,20,32,1,0,0,0,156,7,1,3,4,29,32,0,0,11,27,108,0,5,2.17,0.6,37,0,5.88,0,1,2,42,36,6,0,1,,112,56.0,0,0,0,196,32,30,0,30,2659,0,6,0,1,0,0,0.0,0,0,0,0,299,11,0,6.92,0,1,0,0,0,0,0,0,2659.0,0.0,0,6,11,11,3,13,46.43,0,61,34,55.74,29,109,28,40,125,53.65,167,691,715,1406,221.3,17,1,1803,38,7,0,Michel Aebischer,Pisa,850891,2737,italy,2526,20260428
40,5,31.25,249,81,40.5,617,458,1075,80.65,31,59.62,21,33,0,0,0,0,186,1,0,10,9,48,33,0,0,24,45,139,0,2,1.62,0.99,39,0,3.23,0,1,1,41,39,2,1,0,,144,54.96,0,0,1,258,44,16,0,33,2860,0,10,0,0,0,1,0.0,0,0,0,0,347,18,0,6.92,0,1,0,0,0,0,0,0,2860.0,0.0,0,3,28,16,5,13,52.0,0,80,47,58.75,16,102,25,16,175,55.73,200,822,511,1333,228.2,31,2,1825,55,8,0,Ylber Ramadani,Lecce,841977,2689,italy,2526,20260428
7,11,25.0,101,12,80.0,157,55,212,78.81,6,46.15,7,18,2,0,0,0,32,4,1,3,0,1,18,0,0,7,2,33,0,0,2.08,0.79,5,0,11.11,0,1,3,4,4,0,1,0,,31,54.39,1,0,0,57,2,15,0,7,668,2,0,0,0,0,0,0.0,0,0,0,0,120,6,0,6.91,0,0,0,0,0,0,0,0,668.0,0.0,0,4,5,2,4,8,40.0,0,12,7,58.33,15,12,20,44,37,52.86,15,200,69,269,124.4,9,1,411,11,2,0,Noa Lang,Napoli,875136,2714,italy,2526,20260428
48,19,33.93,271,83,61.48,512,435,947,82.35,34,47.22,38,31,3,0,0,0,115,8,1,12,1,16,31,0,0,29,22,129,1,2,3.08,4.35,35,1,11.76,0,6,9,30,28,2,3,3,,66,42.04,0,0,2,203,15,37,6,27,2121,1,5,0,1,3,0,100.0,0,3,0,0,316,15,0,6.91,0,0,0,0,0,0,0,0,353.5,7.69,13,5,46,24,15,11,55.0,0,30,21,70.0,36,99,20,56,100,43.67,135,670,480,1150,214.2,51,1,1508,25,10,0,Ruslan Malinovskyi,Genoa,195850,2713,italy,2526,20260428
14,0,0.0,157,40,72.73,460,507,967,88.72,18,64.29,10,33,1,0,0,0,143,0,0,3,10,28,33,0,0,24,22,96,1,2,0.37,0.4,28,0,0.0,0,0,1,32,26,6,0,0,,145,62.77,0,0,0,123,42,11,0,32,2680,0,10,1,0,0,0,0.0,0,0,0,0,206,9,0,6.91,0,0,0,0,0,0,0,0,0.0,0.0,0,0,14,8,3,25,60.98,0,66,40,60.61,11,25,41,3,163,62.93,55,533,557,1090,228.0,14,0,1498,54,1,0,Mandela Keita,Parma,1110136,2690,italy,2526,20260428
24,0,0.0,49,62,49.21,264,796,1060,88.19,114,66.28,58,33,0,0,0,0,78,0,4,2,8,221,33,0,0,7,13,100,1,2,0.12,3.48,25,0,10.53,102,2,2,42,41,1,2,0,,97,69.78,1,0,0,142,43,1,0,32,2860,0,17,1,0,0,1,0.0,0,0,0,0,156,0,0,6.9,0,0,0,0,0,0,0,0,1430.0,0.0,0,18,1,13,4,1,100.0,0,59,36,61.02,1,44,1,2,211,67.85,126,349,853,1202,227.8,19,1,1684,38,5,0,Tiago Gabriel,Lecce,1651825,2689,italy,2526,20260428
6,11,22.45,48,9,50.0,110,80,190,82.97,4,50.0,4,18,1,0,0,0,29,1,0,3,0,11,15,0,0,6,4,26,1,0,1.18,0.59,8,0,33.33,0,3,4,4,3,1,1,2,,26,54.17,0,0,0,39,4,10,3,4,490,0,0,0,0,0,0,0.0,0,0,0,0,100,1,0,6.9,0,0,0,0,0,0,0,0,163.33,0.0,0,1,8,2,4,4,50.0,0,17,10,58.82,10,14,8,49,30,53.57,18,135,94,229,103.5,9,2,401,5,1,0,Filip Kostic,Juventus,126588,2687,italy,2526,20260428
0,0,0.0,4,0,0.0,11,12,23,76.67,5,33.33,10,6,0,0,0,0,3,0,3,0,0,1,5,0,0,4,1,21,0,0,0.03,1.92,3,0,33.33,0,2,2,3,2,1,2,0,,8,42.11,0,0,0,7,4,1,0,3,213,3,0,0,0,1,0,100.0,0,1,0,1,24,0,0,6.9,0,2,0,0,0,0,0,0,106.5,0.0,0,6,0,2,4,1,25.0,0,1,1,100.0,1,0,4,1,13,38.24,0,17,13,30,34.5,6,1,74,7,0,0,Andrea Belotti,Cagliari,220223,2719,italy,2526,20260428
18,1,25.0,156,38,46.91,429,591,1020,88.24,25,50.0,25,32,0,0,0,0,135,1,0,1,4,74,32,0,0,18,21,101,0,1,0.88,0.4,36,0,12.5,0,1,1,42,39,3,0,1,,131,63.29,0,0,0,136,36,14,1,31,2729,0,11,0,0,0,0,0.0,0,0,0,0,195,17,0,6.9,0,0,0,0,0,0,0,0,2729.0,0.0,0,3,5,4,3,7,63.64,0,88,61,69.32,14,39,11,4,156,60.7,81,528,628,1156,220.8,8,0,1579,37,5,0,Morten Frendrup,Genoa,918440,2713,italy,2526,20260428
15,3,37.5,58,45,50.56,245,565,810,88.72,50,70.42,21,24,1,0,0,0,59,1,1,0,6,156,24,0,0,1,5,51,1,1,0.31,0.32,21,0,0.0,11,0,1,26,21,5,0,0,,48,61.54,0,0,0,103,33,4,0,20,1825,1,17,0,0,0,1,0.0,0,0,0,0,130,0,0,6.9,0,0,0,0,0,0,0,0,0.0,0.0,0,6,0,2,4,2,33.33,0,31,14,45.16,4,41,6,8,98,65.77,89,317,596,913,165.6,6,0,1254,17,5,0,Ardian Ismajli,Torino,840414,2696,italy,2526,20260428
1,3,33.33,24,1,100.0,39,10,49,83.05,0,0.0,2,4,1,0,0,0,7,1,0,0,0,0,3,0,0,2,1,13,0,0,0.7,0.05,5,0,0.0,0,0,1,2,1,1,0,0,,12,52.17,0,0,0,10,0,4,0,2,135,0,0,0,0,0,0,0.0,0,0,0,0,29,2,0,6.9,0,0,0,0,0,0,0,0,0.0,0.0,0,1,0,0,1,6,60.0,0,1,1,100.0,4,1,10,9,12,48.0,1,47,12,59,20.7,1,0,101,5,1,0,Bryan Zaragoza,Roma,1084730,2702,italy,2526,20260428
1,0,0.0,6,4,33.33,23,39,62,83.78,5,62.5,3,3,0,0,0,0,2,0,0,0,1,11,3,0,0,0,2,6,0,0,0.01,,1,0,0.0,4,0,0,0,0,0,0,0,,2,40.0,0,0,0,12,1,0,0,1,112,0,0,0,0,0,0,0.0,0,0,0,0,14,0,0,6.9,0,0,0,0,0,0,0,0,0.0,0.0,0,0,0,0,0,0,0.0,0,2,2,100.0,0,5,0,0,7,53.85,12,35,39,74,20.7,0,0,93,1,0,0,Gaby Jean,Lecce,1392819,2689,italy,2526,20260428
16,9,24.32,110,15,32.61,250,263,513,79.78,28,43.08,37,22,1,0,0,0,39,1,3,4,3,53,22,0,0,7,10,73,0,0,1.43,2.72,17,0,20.0,0,3,4,20,16,4,3,0,,42,53.85,1,0,0,130,17,11,2,20,1563,4,6,0,0,0,0,0.0,0,0,0,0,195,2,0,6.9,0,0,0,0,0,0,0,0,521.0,0.0,0,11,4,4,7,0,0.0,0,25,12,48.0,11,34,3,37,70,48.95,46,342,301,643,151.7,15,0,1025,20,2,0,Robin Gosens,Fiorentina,377118,2693,italy,2526,20260428
13,1,11.11,170,7,38.89,344,206,550,88.57,5,45.45,6,15,2,0,0,0,42,1,1,5,4,8,15,0,0,7,19,57,0,0,0.86,2.04,14,0,18.75,0,3,5,15,13,2,3,0,,41,44.57,0,0,2,71,10,12,1,15,1267,0,6,0,0,0,1,0.0,0,0,0,0,110,3,0,6.89,0,2,0,0,0,0,0,0,422.33,0.0,0,11,5,5,6,8,42.11,0,21,11,52.38,12,33,19,9,46,44.66,18,400,221,621,103.4,16,1,790,12,4,0,Kenneth Taylor,Lazio,959806,2699,italy,2526,20260428
21,0,0.0,40,34,43.59,166,805,971,91.09,53,65.43,28,23,0,0,0,0,72,0,0,1,5,111,23,0,0,7,7,66,1,1,0.61,0.85,25,0,12.5,2,1,1,27,24,3,1,0,,65,63.11,1,0,0,95,21,8,0,23,1883,3,18,0,0,0,0,0.0,0,0,0,0,118,1,0,6.89,1,0,0,0,0,0,0,0,1883.0,0.0,0,7,1,5,2,2,50.0,0,29,13,44.83,8,47,4,1,118,64.13,78,235,831,1066,158.5,8,0,1356,34,3,1,Yerry Mina,Cagliari,360396,2719,italy,2526,20260428
4,0,0.0,32,5,62.5,61,31,92,68.15,14,50.0,14,11,3,0,0,0,14,6,1,6,1,7,11,0,0,8,3,41,0,0,0.82,2.02,9,0,10.0,0,2,5,7,6,1,2,0,,33,55.0,1,0,0,43,3,8,0,8,694,5,0,0,0,0,0,0.0,0,0,0,0,89,5,0,6.89,0,1,0,0,0,0,0,0,347.0,0.0,0,14,6,6,8,8,47.06,0,7,3,42.86,8,12,17,6,47,53.41,8,99,36,135,75.8,20,2,255,18,2,0,Valentín Castellanos,Lazio,877013,2699,italy,2526,20260428
35,1,20.0,103,74,45.4,346,766,1112,84.95,59,53.64,51,31,1,0,0,0,78,0,0,3,11,150,31,0,0,10,12,114,0,0,0.58,0.9,39,0,6.67,29,1,2,48,40,8,1,0,,92,59.35,1,0,0,197,40,10,0,31,2730,0,37,0,0,0,1,0.0,0,0,0,2,242,2,0,6.89,0,0,0,0,0,0,0,0,2730.0,0.0,1,10,5,8,4,7,63.64,0,52,31,59.62,10,80,11,5,151,56.98,163,480,829,1309,213.6,15,1,1766,33,3,0,Saúl Coco,Torino,1089453,2696,italy,2526,20260428
29,41,25.79,163,45,35.43,264,224,488,71.45,19,46.34,22,31,2,0,0,0,91,4,1,6,2,55,31,0,0,10,16,71,1,0,3.68,1.37,15,0,0.0,0,0,2,44,41,3,0,0,,97,66.44,0,0,0,195,22,32,0,27,2307,3,7,0,0,0,0,0.0,0,0,0,0,372,3,0,6.89,0,0,0,0,0,0,0,0,0.0,0.0,2,5,8,5,2,7,43.75,0,41,21,51.22,32,85,16,159,116,62.03,127,393,290,683,213.5,13,1,1204,50,2,0,Samuele Angori,Pisa,1174457,2737,italy,2526,20260428
14,1,33.33,70,44,45.83,236,571,807,85.04,59,53.15,52,26,0,0,0,0,71,0,3,7,9,150,26,0,0,9,14,101,0,1,0.47,1.57,27,0,11.11,19,2,2,37,31,6,2,0,,61,55.45,1,0,0,142,28,9,0,24,2106,2,26,0,0,0,1,0.0,0,0,0,0,168,3,0,6.88,0,1,0,0,0,0,0,0,1053.0,0.0,0,16,2,3,8,3,60.0,0,51,30,58.82,9,45,5,3,120,54.3,96,337,612,949,179.0,18,4,1322,7,4,0,Guillermo Maripán,Torino,339909,2696,italy,2526,20260428
38,5,14.71,278,29,46.03,595,514,1109,85.51,33,58.93,23,23,1,0,0,0,79,3,0,3,9,41,23,0,0,7,11,82,1,1,2.73,1.89,31,0,4.35,0,1,2,20,18,2,1,0,,72,54.96,0,0,1,188,9,14,0,23,2010,1,7,0,0,0,0,0.0,0,0,0,2,268,2,0,6.88,0,1,0,0,0,0,0,0,2010.0,0.0,0,22,1,12,8,8,38.1,0,43,26,60.47,14,79,21,34,105,56.15,63,733,564,1297,158.3,23,2,1767,21,1,0,Giovanni Di Lorenzo,Napoli,153257,2714,italy,2526,20260428
13,9,21.95,169,14,29.79,411,407,818,88.43,57,70.37,24,30,1,0,0,0,54,1,2,4,4,54,28,0,0,8,5,64,0,2,1.47,1.12,25,0,6.67,8,1,2,15,13,2,1,0,,49,55.06,0,0,0,107,16,11,1,15,1472,0,7,0,0,0,1,0.0,0,0,0,0,190,5,0,6.88,0,0,0,0,0,0,0,0,1472.0,0.0,0,12,3,7,4,6,50.0,0,33,19,57.58,11,31,12,41,106,62.35,47,487,438,925,192.7,15,0,1263,11,6,0,Carlos Augusto,Inter,929199,2697,italy,2526,20260428
12,8,21.62,108,7,35.0,192,54,246,84.25,4,30.77,9,11,2,0,0,0,31,3,0,6,0,3,11,0,0,13,12,63,0,0,0.98,0.61,19,0,5.26,0,1,3,10,7,3,1,0,,52,49.06,0,0,1,46,4,14,0,10,828,0,0,0,0,0,0,0.0,0,0,0,0,125,5,0,6.88,0,1,0,0,0,0,0,0,828.0,0.0,0,8,11,8,5,14,53.85,0,15,11,73.33,14,27,26,37,56,47.06,20,231,61,292,75.7,19,1,476,23,2,0,Gabriel Strefezza,Parma,877201,2690,italy,2526,20260428
30,0,0.0,9,94,38.52,47,414,461,75.2,2,100.0,0,27,0,0,0,0,161,0,0,0,12,10,27,0,0,0,0,0,0,0,0.01,,0,0,0.0,100,0,0,22,18,4,0,0,1.04,5,100.0,0,18,0,152,0,0,0,26,2385,0,0,0,0,0,0,0.0,3,0,1,0,157,0,5,6.88,0,0,7,28,24,54,0,16,0.0,0.0,0,0,0,0,0,1,100.0,7,0,0,0.0,0,52,1,0,7,100.0,244,153,460,613,185.8,0,0,824,5,1,0,Michele Di Gregorio,Juventus,844609,2687,italy,2526,20260428
23,18,19.57,176,33,68.75,366,312,678,87.26,7,43.75,9,21,0,0,0,0,73,1,1,6,3,28,21,0,0,7,11,56,1,2,1.8,0.62,16,0,0.0,0,0,0,15,14,1,0,0,,67,58.77,0,0,0,99,16,19,0,15,1313,4,1,0,0,0,0,0.0,0,0,0,0,239,2,0,6.88,0,0,0,0,0,0,0,0,0.0,0.0,3,6,9,8,1,19,57.58,0,28,22,78.57,19,37,33,92,74,56.92,48,418,359,777,144.5,15,0,1221,20,3,0,Nuno Tavares,Lazio,944973,2699,italy,2526,20260428
26,1,25.0,90,72,54.96,295,618,913,85.89,68,61.26,43,24,0,0,0,0,72,0,1,2,7,173,24,0,0,2,17,87,0,1,0.23,0.77,24,0,22.22,22,2,2,29,25,4,2,0,,38,46.34,2,0,0,150,23,3,0,24,2146,1,20,0,0,0,0,0.0,0,0,0,0,176,0,0,6.88,0,0,0,0,0,0,0,0,1073.0,0.0,0,7,2,3,4,5,50.0,0,26,15,57.69,3,69,10,4,106,54.92,131,402,661,1063,165.1,9,1,1403,7,4,0,Thomas Kristensen,Udinese,1063373,2695,italy,2526,20260428
46,0,0.0,24,173,38.27,137,371,508,64.14,6,100.0,0,26,0,0,0,0,175,0,0,0,8,27,26,2,1,0,0,2,2,2,0.06,,2,0,0.0,125,0,0,30,26,4,0,0,2.84,2,50.0,0,17,0,284,0,1,0,26,2257,0,0,0,0,0,1,0.0,6,0,1,0,286,0,14,6.88,1,0,6,42,26,69,0,22,0.0,0.0,0,0,0,0,0,0,0.0,5,0,0,0.0,1,77,0,0,8,80.0,452,361,431,792,178.8,0,2,982,3,1,0,Maduka Okoye,Udinese,891656,2695,italy,2526,20260428
34,49,23.11,163,47,47.47,276,237,513,73.29,13,41.94,18,30,2,0,0,0,95,4,1,8,9,37,30,0,0,20,26,105,0,1,3.88,0.65,22,0,0.0,0,0,2,29,24,5,0,0,,80,47.9,0,0,0,187,20,46,0,26,2391,1,3,0,0,0,0,0.0,0,0,0,0,519,8,0,6.88,0,0,0,0,0,0,0,0,0.0,0.0,3,6,15,8,5,14,42.42,0,43,30,69.77,46,73,33,212,93,46.97,99,411,289,700,206.3,21,0,1444,23,2,0,Emanuele Valeri,Parma,891346,2690,italy,2526,20260428
43,0,0.0,107,78,38.42,330,876,1206,84.69,66,66.67,33,29,2,0,0,0,82,1,2,8,5,206,29,0,0,2,9,68,0,1,0.37,1.43,22,0,10.53,29,2,4,41,36,5,2,0,,65,65.0,1,0,0,218,39,5,0,29,2565,0,29,2,0,0,0,0.0,0,0,0,0,243,1,0,6.88,0,0,0,0,0,0,0,0,1282.5,0.0,1,14,5,6,5,7,63.64,0,42,22,52.38,5,128,11,2,131,65.83,203,484,940,1424,199.4,19,2,1871,20,6,0,Tarik Muharemović,Sassuolo,1118177,2793,italy,2526,20260428
4,2,18.18,59,4,40.0,90,34,124,74.25,2,66.67,1,12,0,0,0,0,24,2,0,2,0,4,12,0,0,17,4,50,0,0,1.25,1.54,13,0,23.08,0,3,3,6,6,0,2,1,,34,40.96,0,0,0,43,3,7,1,7,688,2,1,0,0,0,0,0.0,0,0,0,0,101,4,0,6.88,0,2,0,0,0,0,0,0,229.33,0.0,0,7,6,5,6,14,46.67,0,6,2,33.33,7,9,30,11,36,41.86,10,127,40,167,82.5,13,1,303,14,4,0,Jayden Addai,Como,1177723,2704,italy,2526,20260428
4,5,25.0,96,8,36.36,208,103,311,76.23,32,49.23,33,27,2,0,0,0,50,3,7,7,5,23,27,0,0,24,22,134,0,1,1.6,4.03,33,0,10.81,0,4,6,17,16,1,3,1,,107,51.44,0,0,1,97,23,17,4,18,1540,3,2,0,0,0,0,0.0,0,0,0,0,208,3,0,6.87,0,0,0,0,0,0,0,0,385.0,0.0,0,25,12,16,14,12,31.58,0,36,24,66.67,17,11,38,20,139,50.92,22,282,126,408,185.6,37,2,788,61,5,0,Matteo Cancellieri,Lazio,1017649,2699,italy,2526,20260428
32,12,25.0,172,46,47.92,473,462,935,85.15,14,63.64,8,27,3,0,0,0,106,2,0,6,6,45,27,0,0,4,12,53,0,2,1.44,2.99,22,0,11.54,0,3,6,26,24,2,3,0,,50,52.63,0,0,1,163,21,23,1,24,1992,0,9,0,0,2,1,100.0,0,2,0,0,227,6,0,6.87,0,2,0,0,0,0,0,0,664.0,0.0,3,6,20,13,7,6,40.0,0,34,20,58.82,23,78,15,48,64,54.7,96,590,508,1098,185.6,26,1,1372,12,6,0,Danilo Cataldi,Lazio,317301,2699,italy,2526,20260428
22,6,15.0,309,32,72.73,503,228,731,88.07,11,52.38,10,26,1,0,0,0,83,5,4,10,3,16,26,0,0,20,17,81,0,0,2.69,3.35,23,0,5.71,0,2,3,11,8,3,2,0,,55,43.65,1,0,4,99,14,19,0,14,1316,3,4,0,0,0,1,0.0,0,0,0,1,193,9,0,6.87,0,1,0,0,0,0,0,0,658.0,0.0,1,17,18,16,9,11,47.83,0,29,23,79.31,19,36,23,40,66,44.9,44,575,255,830,178.7,35,0,1111,15,3,0,Henrikh Mkhitaryan,Inter,37151,2697,italy,2526,20260428
54,37,25.17,179,45,40.54,347,311,658,77.14,5,33.33,10,29,4,0,0,0,89,8,2,6,1,36,29,0,0,20,14,87,1,0,4.2,2.07,31,0,5.26,0,1,5,24,21,3,1,0,,66,46.15,0,0,1,195,18,50,0,22,1799,1,2,0,0,0,0,0.0,0,0,0,1,368,7,0,6.87,0,1,0,0,0,0,0,0,1799.0,0.0,5,8,11,6,7,5,27.78,0,36,22,61.11,50,121,18,147,71,44.94,111,495,358,853,199.3,19,0,1274,25,2,0,Jari Vandeputte,Cremonese,318645,2761,italy,2526,20260428
4,3,27.27,64,2,22.22,90,39,129,75.88,5,27.78,13,11,2,0,0,0,32,0,0,3,0,3,10,0,0,15,7,67,0,0,0.82,0.77,16,0,10.0,0,1,3,9,9,0,0,1,,40,42.55,0,0,0,41,4,11,1,8,608,2,0,0,0,0,0,0.0,0,0,0,1,118,9,0,6.87,0,0,0,0,0,0,0,0,608.0,0.0,0,5,5,4,3,8,30.77,0,12,9,75.0,11,8,26,11,45,40.18,9,123,47,170,68.7,10,1,344,20,2,0,Antonio Vergara,Napoli,1069560,2714,italy,2526,20260428
19,11,26.83,254,20,50.0,413,232,645,86.46,5,83.33,1,27,2,0,0,0,92,5,2,4,4,15,25,0,0,6,2,22,0,0,1.74,0.88,5,0,6.67,0,1,3,13,12,1,1,0,,29,58.0,0,0,1,101,6,21,0,17,1474,1,0,0,0,0,0,0.0,0,0,0,0,164,7,0,6.87,0,1,0,0,0,0,0,0,1474.0,0.0,0,12,3,4,7,11,55.0,0,18,14,77.78,21,35,20,41,34,60.71,40,478,268,746,171.7,15,1,946,0,1,0,Luís Henrique,Inter,977679,2697,italy,2526,20260428
25,6,46.15,255,14,34.15,433,277,710,80.77,22,34.92,41,28,3,0,0,0,84,3,7,11,4,36,28,0,0,17,8,113,0,0,1.7,4.42,29,0,8.11,0,3,6,30,26,4,2,1,,101,58.38,1,0,0,169,26,28,2,23,2098,1,12,0,0,0,0,0.0,0,0,0,0,274,6,0,6.87,0,0,0,0,0,0,0,0,699.33,0.0,0,30,7,14,12,13,38.24,0,38,16,42.11,28,49,34,13,123,52.12,41,553,326,879,192.3,37,2,1291,50,7,0,Kristian Thorstvedt,Sassuolo,924973,2793,italy,2526,20260428
14,24,23.3,264,15,57.69,420,145,565,83.95,7,26.92,19,34,8,0,0,0,75,12,1,18,0,12,34,0,0,45,8,152,0,1,3.92,3.03,36,1,8.06,0,5,13,34,29,5,4,1,,82,38.14,0,0,1,108,7,47,0,29,2287,18,0,0,0,0,0,0.0,0,0,0,0,363,14,0,6.87,0,5,0,0,0,0,0,0,457.4,9.09,11,27,35,23,21,26,35.62,0,22,10,45.45,47,30,73,103,89,36.93,26,516,157,673,233.5,62,1,1184,34,4,0,Armand Laurienté,Sassuolo,932643,2793,italy,2526,20260428
12,4,15.38,146,27,44.26,324,333,657,86.9,24,54.55,20,24,1,0,0,0,46,1,1,3,4,41,21,0,0,3,13,59,0,1,0.52,0.84,23,0,0.0,1,0,1,9,7,2,0,0,,52,57.14,0,0,0,99,20,10,0,17,1421,0,9,0,0,0,0,0.0,0,0,0,0,167,3,0,6.87,0,0,0,0,0,0,0,0,0.0,0.0,0,10,1,4,4,1,50.0,0,35,22,62.86,10,25,2,26,76,56.3,61,383,373,756,144.2,11,0,1103,16,8,0,Ivan Smolčić,Como,974581,2704,italy,2526,20260428
26,12,44.44,145,29,74.36,307,203,510,89.95,3,30.0,7,28,3,0,0,0,50,4,2,6,1,22,28,0,0,8,2,32,0,1,1.7,1.53,13,0,5.56,0,1,4,13,12,1,0,1,,48,65.75,0,0,1,57,8,17,0,10,1169,1,4,0,0,0,0,0.0,0,0,0,0,95,4,0,6.86,0,1,0,0,0,0,0,0,1169.0,0.0,0,6,12,6,6,5,62.5,0,14,8,57.14,17,34,8,27,51,61.45,39,348,219,567,192.2,18,1,758,30,1,0,Samuele Ricci,Milan,930189,2692,italy,2526,20260428
34,5,16.13,344,26,61.9,567,274,841,82.61,40,56.34,31,32,5,0,0,0,98,5,11,6,11,44,30,0,0,15,9,108,2,1,4.95,7.42,39,0,12.2,0,5,10,26,21,5,5,0,,60,43.8,2,0,1,177,20,40,1,28,2485,7,8,0,0,0,0,0.0,0,0,0,0,319,10,0,6.86,0,2,0,0,0,0,0,0,497.0,0.0,0,38,3,20,15,14,46.67,0,35,20,57.14,40,62,30,31,100,48.08,42,706,312,1018,205.9,41,2,1511,11,5,0,Weston McKennie,Juventus,881931,2687,italy,2526,20260428
23,0,0.0,48,53,51.96,279,838,1117,92.47,42,56.76,32,24,0,0,0,0,57,0,1,0,5,114,24,0,0,1,1,67,0,0,0.14,0.86,36,0,14.29,26,1,1,15,12,3,1,0,,34,49.28,0,0,0,91,19,2,0,19,1760,1,14,0,0,0,1,0.0,0,0,0,0,104,0,0,6.86,0,1,0,0,0,0,0,0,1760.0,0.0,0,6,1,5,2,0,0.0,0,27,16,59.26,2,54,0,1,76,53.15,102,341,867,1208,164.7,7,0,1451,7,8,0,Diego Carlos,Como,604232,2704,italy,2526,20260428
25,0,0.0,24,106,36.68,71,247,318,62.97,3,100.0,0,21,0,0,0,0,119,0,0,0,4,14,21,1,1,0,0,2,1,0,0.04,,2,0,0.0,78,0,0,26,25,1,0,0,-0.19,2,50.0,0,10,0,187,1,2,0,20,1758,0,0,0,0,0,0,0.0,2,0,0,0,189,0,5,6.86,1,0,11,45,10,55,0,10,0.0,0.0,0,0,0,0,0,0,0.0,10,1,0,0.0,2,51,0,0,5,71.43,289,210,295,505,144.1,0,1,650,2,2,0,Nicola Leali,Genoa,98059,2713,italy,2526,20260428
36,0,0.0,36,128,33.33,75,611,686,72.59,4,100.0,0,25,1,0,0,0,193,1,0,0,10,20,25,2,0,0,1,2,0,2,0.07,,1,0,0.0,148,0,1,21,20,1,0,0,1.52,4,66.67,0,25,0,259,0,3,0,25,2250,0,0,0,0,0,1,0.0,7,0,3,0,264,0,8,6.86,0,0,17,26,24,51,1,10,0.0,0.0,0,0,0,0,0,0,0.0,16,0,0,0.0,3,71,0,0,8,80.0,384,285,660,945,171.5,0,0,1147,6,0,0,Vanja Milinković-Savić,Napoli,356160,2714,italy,2526,20260428
9,5,27.78,121,7,25.0,216,153,369,80.57,10,38.46,16,21,4,0,0,0,39,3,1,1,3,31,19,0,0,4,9,36,0,0,2.2,0.21,4,0,0.0,0,0,4,15,12,3,0,0,,48,70.59,0,0,0,89,13,9,0,11,1038,3,5,0,0,0,0,0.0,0,0,0,0,144,0,0,6.86,0,0,0,0,0,0,0,0,0.0,0.0,0,4,0,2,1,4,57.14,0,29,16,55.17,9,26,7,18,58,61.7,28,282,176,458,130.3,4,1,729,15,1,0,Devyne Rensch,Roma,982778,2702,italy,2526,20260428
43,1,6.67,229,51,54.84,524,489,1013,87.18,11,29.73,26,25,2,0,0,0,96,0,0,4,5,30,25,0,0,8,16,69,1,0,0.95,0.84,17,0,16.67,0,1,3,25,21,4,1,0,,77,64.17,1,0,0,149,15,18,0,22,1881,1,4,1,0,0,0,0.0,0,0,0,0,206,7,0,6.86,0,0,0,0,0,0,0,0,1881.0,0.0,0,4,2,1,1,2,33.33,0,54,30,55.56,18,83,6,15,88,56.05,93,632,530,1162,171.4,6,0,1411,21,5,0,Remo Freuler,Bologna,115516,2685,italy,2526,20260428
21,2,22.22,50,32,47.76,127,154,281,75.95,10,37.04,17,18,2,0,0,0,30,1,0,4,1,26,18,0,0,3,13,57,0,0,0.3,0.73,22,0,13.33,0,2,4,9,9,0,2,0,,36,47.37,0,0,0,89,11,5,1,9,785,0,3,0,0,0,0,0.0,0,0,0,0,118,1,0,6.86,0,1,0,0,0,0,0,0,392.5,0.0,1,9,6,6,5,3,50.0,0,20,11,55.0,5,42,6,9,46,44.66,67,188,182,370,123.4,15,2,524,13,3,0,Luca Mazzitelli,Cagliari,369866,2719,italy,2526,20260428
31,1,5.26,87,54,30.51,258,527,785,78.27,36,53.73,31,24,0,0,0,0,72,3,0,8,6,130,24,0,0,7,10,73,1,1,0.51,0.48,21,0,0.0,18,0,0,26,21,5,0,0,,64,60.38,0,0,0,218,25,11,0,22,2010,0,24,0,1,0,0,0.0,0,0,0,0,301,5,0,6.85,0,0,0,0,0,0,0,0,0.0,0.0,1,5,11,4,4,7,53.85,0,42,25,59.52,10,86,13,19,100,57.8,177,403,600,1003,164.5,16,1,1417,16,6,0,Lautaro Valenti,Parma,958517,2690,italy,2526,20260428
52,13,25.0,99,68,54.4,245,274,519,84.12,2,18.18,9,15,0,0,0,1,63,1,1,7,1,10,15,0,0,4,11,34,1,1,1.31,1.39,7,0,0.0,0,0,0,20,16,4,0,0,,37,59.68,0,0,0,98,12,15,0,13,1135,0,1,0,0,1,0,0.0,0,0,0,0,160,4,0,6.85,0,0,0,0,0,0,0,0,0.0,0.0,1,2,18,9,4,3,50.0,0,21,14,66.67,15,90,6,52,39,53.42,125,321,296,617,102.8,20,0,792,14,3,0,Kristjan Asllani,Torino,996820,2696,italy,2526,20260428
9,0,0.0,68,54,66.67,290,672,962,92.06,43,49.43,44,25,0,0,0,0,104,0,1,1,2,91,25,0,0,10,13,105,0,1,0.3,0.8,34,0,12.5,6,1,1,21,17,4,1,0,,62,50.41,1,0,0,83,22,1,0,18,1752,0,12,1,0,0,0,0.0,0,0,0,0,123,0,0,6.85,0,0,0,0,0,0,0,0,1752.0,0.0,0,8,0,4,3,4,50.0,0,43,31,72.09,1,19,8,0,105,50.0,81,336,709,1045,171.3,8,1,1326,15,4,0,Isak Hien,Atalanta,1157713,2686,italy,2526,20260428
23,5,12.82,160,40,53.33,258,110,368,70.36,28,58.33,20,32,1,0,0,2,61,1,7,16,3,15,32,0,0,25,9,102,0,0,1.06,8.61,20,0,10.13,0,8,9,29,25,4,6,2,,88,51.76,0,0,8,155,7,24,8,25,1992,18,1,0,0,5,0,60.0,0,3,0,0,302,9,0,6.85,0,0,0,0,0,0,0,0,249.0,0.0,2,58,21,34,29,30,47.62,0,17,11,64.71,24,55,63,39,116,53.21,75,373,150,523,219.2,79,2,920,41,2,0,Riccardo Orsolini,Bologna,793645,2685,italy,2526,20260428
5,7,25.0,68,11,26.19,136,151,287,79.06,15,48.39,16,16,4,0,0,0,54,3,0,2,1,27,16,0,0,6,5,46,0,1,1.73,1.12,11,0,9.09,0,1,5,11,8,3,1,0,,53,63.86,0,0,1,76,8,9,1,10,855,0,3,0,0,0,0,0.0,0,0,0,0,150,1,0,6.85,1,0,0,0,0,0,0,0,855.0,0.0,0,8,3,8,1,7,46.67,0,28,18,64.29,9,25,15,28,68,59.65,42,189,174,363,109.6,11,1,655,19,1,1,Emil Holm,Juventus,965264,2687,italy,2526,20260428
53,6,22.22,148,80,49.38,433,687,1120,86.22,38,53.52,33,31,0,0,0,0,68,2,3,5,7,111,30,0,0,3,7,72,0,0,1.11,1.73,21,0,6.25,23,1,1,30,23,7,1,0,,66,62.86,0,0,1,179,20,7,1,26,2235,3,8,0,0,0,1,0.0,0,0,0,0,234,1,0,6.85,0,0,0,0,0,0,0,0,2235.0,0.0,0,14,2,8,3,6,40.0,0,34,24,70.59,7,120,15,27,104,59.09,162,568,731,1299,205.5,16,0,1649,26,8,0,Luca Ranieri,Fiorentina,893998,2693,italy,2526,20260428
2,5,33.33,26,5,41.67,48,36,84,80.77,3,27.27,8,9,1,0,0,0,9,2,0,1,0,14,8,0,0,3,3,16,0,1,0.78,0.11,2,0,0.0,0,0,1,7,7,0,0,0,,21,72.41,0,0,1,20,8,5,0,3,325,0,1,0,0,0,0,0.0,0,0,0,0,42,0,0,6.85,0,0,0,0,0,0,0,0,0.0,0.0,0,1,2,2,0,7,100.0,0,12,8,66.67,5,6,7,15,24,60.0,12,60,44,104,54.8,3,1,209,3,2,0,Niels Nkounkou,Torino,941179,2696,italy,2526,20260428
1,0,0.0,0,7,25.0,2,40,42,66.67,0,0.0,0,2,0,0,0,0,17,0,0,0,0,2,2,0,0,0,0,0,0,0,0.0,,0,0,0.0,8,0,0,2,2,0,0,0,-0.56,0,0.0,0,0,0,21,0,0,0,2,180,0,0,0,0,0,0,0.0,1,0,0,0,21,0,0,6.85,0,0,2,2,1,3,0,1,0.0,0.0,0,0,0,0,0,0,0.0,2,0,0,0.0,0,1,0,0,0,0.0,28,19,44,63,13.7,0,0,76,0,0,0,Daniele Padelli,Udinese,2899,2695,italy,2526,20260428
1,1,25.0,7,3,33.33,14,19,33,71.74,3,50.0,3,4,0,0,0,0,5,0,0,0,0,9,4,0,0,4,3,13,0,0,0.09,,2,0,0.0,0,0,0,1,1,0,0,0,,11,52.38,0,0,0,13,1,1,0,1,178,0,3,0,0,0,0,0.0,0,0,0,0,29,0,0,6.85,0,0,0,0,0,0,0,0,0.0,0.0,0,0,0,0,0,0,0.0,0,6,4,66.67,1,6,1,4,14,51.85,9,24,22,46,27.4,0,0,117,5,0,0,Luís Balbo,Fiorentina,1499054,2693,italy,2526,20260428
5,0,0.0,11,12,33.33,50,141,191,82.33,23,58.97,16,15,0,0,0,0,23,0,0,0,1,36,12,0,0,2,2,31,0,0,0.11,,11,0,0.0,0,0,0,5,5,0,0,0,,27,64.29,0,0,0,41,8,1,0,5,477,0,5,0,0,0,0,0.0,0,0,0,0,44,0,0,6.85,0,0,0,0,0,0,0,0,0.0,0.0,0,0,0,0,0,0,0.0,0,19,12,63.16,1,13,0,0,50,61.73,36,79,153,232,82.2,0,1,326,8,2,0,Jan Ziółkowski,Roma,1499991,2702,italy,2526,20260428
21,0,0.0,54,28,68.29,189,273,462,91.3,11,64.71,6,12,0,0,0,0,30,1,0,3,2,32,12,0,0,0,3,12,0,2,0.16,0.25,3,0,0.0,1,0,0,6,5,1,0,0,,4,40.0,0,0,0,44,4,2,0,5,603,0,6,0,0,0,0,0.0,0,0,0,0,50,2,0,6.85,0,0,0,0,0,0,0,0,0.0,0.0,0,1,3,1,0,0,0.0,0,2,0,0.0,2,37,0,1,15,55.56,41,221,285,506,82.2,4,1,573,2,2,0,Patric,Lazio,217784,2699,italy,2526,20260428
39,25,23.36,364,46,61.33,645,554,1199,87.65,9,40.91,13,32,3,0,0,0,145,8,2,2,3,17,32,0,1,21,18,92,1,3,4.17,2.66,27,0,13.64,0,3,6,23,21,2,3,0,,83,51.23,1,0,0,169,18,47,2,31,2504,2,7,2,0,0,0,0.0,0,0,0,0,344,9,0,6.85,1,0,0,0,0,0,0,0,834.67,0.0,0,13,9,9,11,9,36.0,0,55,36,65.45,47,74,25,107,92,50.0,75,749,619,1368,219.1,22,2,1939,19,3,0,Andrea Cambiaso,Juventus,917048,2687,italy,2526,20260428
35,9,27.27,145,46,51.11,300,333,633,78.63,12,63.16,7,29,3,0,0,0,84,2,0,7,3,22,29,0,0,16,15,72,0,0,1.58,1.52,24,0,7.69,0,2,5,26,22,4,2,0,,63,49.22,0,0,0,172,15,23,0,17,1552,0,2,0,1,0,0,0.0,0,0,0,0,252,2,0,6.84,0,2,0,0,0,0,0,0,776.0,0.0,5,9,17,11,8,14,58.33,0,23,14,60.87,22,76,24,33,75,51.02,90,418,387,805,198.5,26,0,1080,26,4,0,Gianluca Gaetano,Cagliari,902019,2719,italy,2526,20260428
13,9,28.13,220,12,50.0,444,295,739,88.29,7,41.18,10,27,5,0,0,0,61,3,1,5,0,4,27,0,0,25,18,84,1,0,2.2,2.22,20,0,11.76,0,2,7,10,7,3,1,1,,66,47.14,0,0,0,98,10,22,0,16,1363,1,3,0,0,0,1,0.0,0,0,0,1,202,6,0,6.84,0,2,0,0,0,0,0,0,681.5,0.0,1,8,9,8,4,16,55.17,0,32,21,65.63,22,21,29,32,73,46.5,24,524,313,837,184.8,17,0,1093,20,2,0,Maxence Caqueret,Como,859027,2704,italy,2526,20260428
24,0,0.0,18,64,34.59,44,312,356,74.63,6,100.0,0,13,0,0,0,0,83,0,0,0,3,10,13,0,0,0,0,0,0,0,0.06,,0,0,0.0,48,0,0,18,16,2,0,0,-0.66,0,0.0,0,7,0,121,0,0,0,13,1125,0,0,0,0,0,0,0.0,4,0,0,0,123,0,7,6.84,0,0,3,25,8,34,2,4,0.0,0.0,0,0,0,0,0,0,0.0,3,0,0,0.0,0,45,0,0,6,100.0,185,149,328,477,88.9,0,1,582,1,0,0,Justin Bijlow,Genoa,556696,2713,italy,2526,20260428
6,0,0.0,98,9,75.0,160,67,227,78.28,30,44.78,37,34,1,0,0,0,26,2,9,13,4,13,34,0,0,37,7,125,0,0,1.41,9.5,31,0,21.82,0,12,13,19,16,3,12,0,,61,40.94,2,0,1,63,4,21,2,21,1943,6,4,0,0,1,0,100.0,0,1,0,1,195,6,0,6.84,0,8,0,0,0,0,0,0,161.92,0.0,0,52,3,17,25,11,37.93,0,13,10,76.92,21,11,29,4,91,42.13,12,210,80,290,232.5,55,4,603,37,0,0,Anastasios Douvikas,Como,894863,2704,italy,2526,20260428
15,1,25.0,37,46,41.44,124,251,375,76.69,29,53.7,25,17,0,0,0,0,30,0,0,3,2,109,16,0,0,2,9,56,1,0,0.18,0.41,18,0,16.67,17,1,1,25,23,2,1,0,,30,49.18,1,0,0,114,11,2,0,14,1347,0,19,0,0,0,0,0.0,0,0,0,0,130,1,0,6.84,0,0,0,0,0,0,0,0,1347.0,0.0,0,5,1,1,2,3,60.0,0,21,13,61.9,2,55,5,4,59,51.3,111,216,273,489,109.4,6,0,724,7,3,0,Jamil Siebert,Lecce,1014287,2689,italy,2526,20260428
21,5,15.63,167,8,26.67,306,170,476,78.55,15,42.86,20,30,3,0,0,0,85,4,4,5,2,26,30,0,0,20,9,79,0,1,1.74,4.64,21,1,16.67,0,5,8,30,27,3,3,2,,76,56.3,2,0,0,130,15,27,0,26,2113,3,5,0,1,0,0,0.0,0,0,0,1,217,8,0,6.84,0,3,0,0,0,0,0,0,422.6,20.0,5,12,18,11,14,16,64.0,0,44,27,61.36,26,36,25,32,91,53.53,30,403,203,606,205.1,30,3,922,16,1,0,Jürgen Ekkelenkamp,Udinese,904887,2695,italy,2526,20260428
39,13,33.33,153,43,82.69,247,130,377,87.88,6,46.15,7,25,2,0,0,0,44,4,0,7,0,8,25,0,0,13,3,49,0,1,1.79,2.29,11,0,7.14,0,2,4,5,5,0,2,0,,35,45.45,0,0,0,52,4,26,2,8,915,1,2,0,1,1,1,100.0,0,1,0,0,149,8,0,6.84,0,0,0,0,0,0,0,0,457.5,0.0,3,11,17,13,8,18,50.0,0,7,6,85.71,25,54,36,39,41,45.56,52,291,138,429,170.9,28,0,645,10,2,0,Federico Bernardeschi,Bologna,294597,2685,italy,2526,20260428
16,3,27.27,107,18,50.0,192,168,360,87.38,9,36.0,16,20,1,0,0,0,92,3,2,2,2,14,20,0,0,16,7,79,0,1,1.24,0.86,26,0,0.0,0,0,1,21,16,5,0,0,,75,54.35,0,0,2,52,21,15,0,12,1187,1,6,0,0,0,0,0.0,0,0,0,0,127,9,0,6.84,0,0,0,0,0,0,0,0,0.0,0.0,0,4,9,8,3,20,54.05,0,30,18,60.0,15,29,37,11,84,51.53,36,234,178,412,136.7,13,1,667,25,2,0,Ebenezer Akinsanmiro,Pisa,1525367,2737,italy,2526,20260428
31,3,60.0,64,45,73.77,148,163,311,84.28,10,52.63,9,15,2,0,0,0,44,2,1,3,0,11,15,0,1,7,7,38,0,0,0.64,1.35,10,0,11.11,0,1,3,19,17,2,1,0,,39,57.35,0,0,0,58,12,11,0,10,790,0,1,0,0,0,0,0.0,0,0,0,0,83,2,0,6.83,1,1,0,0,0,0,0,0,790.0,0.0,0,3,6,3,3,5,45.45,0,19,13,68.42,11,51,11,5,49,56.32,61,190,179,369,102.5,9,0,510,15,2,0,Emirhan İlkhan,Torino,1142612,2696,italy,2526,20260428
18,14,37.84,110,18,51.43,266,301,567,87.77,15,60.0,10,19,3,0,0,0,45,4,0,6,2,19,19,0,1,10,12,50,0,1,1.7,1.38,18,0,7.14,0,2,5,13,13,0,1,1,,35,46.67,0,0,1,79,9,19,2,19,1386,0,7,0,0,0,0,0.0,0,0,0,0,128,7,0,6.83,1,0,0,0,0,0,0,0,693.0,0.0,2,9,19,11,11,1,33.33,0,18,13,72.22,19,32,3,37,50,50.0,35,322,324,646,129.8,28,0,846,16,0,0,Toma Bašić,Lazio,798002,2699,italy,2526,20260428
15,19,23.75,141,26,48.15,267,303,570,80.85,15,34.09,29,26,1,0,0,0,94,2,2,5,2,39,26,0,0,24,7,105,0,1,1.83,1.6,23,0,12.5,0,2,3,38,35,3,2,0,,90,54.22,0,0,1,135,10,21,1,25,2184,0,6,0,0,0,0,0.0,0,0,0,0,330,10,0,6.83,1,1,0,0,0,0,0,0,1092.0,0.0,0,10,6,5,6,32,59.26,0,42,30,71.43,21,33,54,80,105,50.0,54,356,349,705,177.6,16,0,1285,16,3,1,Brooke Norton-Cuffy,Genoa,1087514,2713,italy,2526,20260428
9,0,0.0,67,29,54.72,207,341,548,90.88,23,63.89,13,18,0,0,0,0,42,0,1,2,2,52,17,0,0,1,3,30,1,2,0.12,1.95,14,0,16.67,4,2,2,10,7,3,2,0,,17,50.0,1,0,0,55,12,2,0,11,991,0,5,0,0,0,0,0.0,0,0,0,0,66,2,0,6.83,0,1,0,0,0,0,0,0,495.5,0.0,0,11,1,4,6,1,100.0,0,10,8,80.0,2,21,1,2,40,57.14,53,247,356,603,116.1,12,0,742,6,3,0,Federico Gatti,Juventus,1128063,2687,italy,2526,20260428
14,6,35.29,109,16,44.44,188,146,334,78.59,6,42.86,8,18,0,0,0,0,39,1,0,3,1,10,17,0,0,4,7,43,1,0,0.78,0.24,8,0,16.67,0,1,1,7,6,1,1,0,,52,59.77,0,0,0,91,10,6,0,10,854,0,3,0,0,0,1,0.0,0,0,0,0,148,2,0,6.83,0,1,0,0,0,0,0,0,854.0,0.0,0,4,2,1,2,14,45.16,0,11,7,63.64,6,41,31,17,58,57.43,36,246,179,425,116.1,6,1,662,27,1,0,João Mário,Bologna,902031,2685,italy,2526,20260428
19,24,26.67,233,28,60.87,377,149,526,77.13,21,45.65,25,24,2,0,0,0,51,4,3,8,1,14,24,0,0,22,13,98,0,0,3.04,5.32,20,0,12.5,0,4,6,14,10,4,4,0,,56,43.41,0,0,2,156,14,28,1,20,1475,5,4,0,0,2,1,100.0,0,2,0,0,297,7,0,6.83,0,3,0,0,0,0,0,0,368.75,0.0,4,22,10,12,12,5,20.83,0,12,4,33.33,28,40,24,90,77,44.0,46,506,176,682,163.9,32,0,1013,39,2,0,Lorenzo Pellegrini,Roma,555540,2702,italy,2526,20260428
18,4,22.22,58,11,50.0,93,71,164,78.47,4,50.0,4,7,0,0,0,0,22,0,0,1,1,6,7,0,0,2,6,20,0,0,0.72,0.19,5,0,0.0,0,0,0,1,0,1,0,0,,11,40.74,0,0,0,45,2,5,0,5,418,0,0,0,0,0,0,0.0,0,0,0,0,72,0,0,6.83,0,0,0,0,0,0,0,0,0.0,0.0,0,5,0,2,2,0,0.0,0,9,7,77.78,5,33,3,18,15,42.86,22,125,84,209,47.8,5,0,314,2,2,0,Angeliño,Roma,848355,2702,italy,2526,20260428
11,12,30.77,87,9,40.91,146,134,280,80.46,17,68.0,8,19,2,0,0,0,50,3,0,0,1,36,19,0,0,2,9,54,0,0,1.06,0.1,16,0,33.33,0,1,3,18,15,3,1,0,,44,48.89,0,0,0,68,7,15,0,16,1290,1,5,0,0,0,0,0.0,0,0,0,0,153,4,0,6.83,0,1,0,0,0,0,0,0,1290.0,0.0,0,1,2,2,1,14,42.42,0,25,19,76.0,15,23,33,39,61,53.04,22,189,159,348,129.7,3,0,655,5,1,0,Alessandro Zanoli,Udinese,922928,2695,italy,2526,20260428
17,0,0.0,24,45,50.0,130,541,671,87.94,61,63.54,35,27,0,0,0,0,51,0,0,1,6,146,27,0,0,4,5,69,1,1,0.08,1.24,29,0,33.33,4,3,3,27,23,4,3,0,,41,54.67,2,0,0,92,32,1,0,25,2076,1,18,0,0,0,0,0.0,0,0,0,0,108,0,0,6.83,0,1,0,0,0,0,0,0,692.0,0.0,0,8,1,2,6,4,100.0,0,15,10,66.67,1,40,4,0,102,59.65,90,191,572,763,184.3,9,3,1065,23,4,0,Christian Kabasele,Udinese,58351,2695,italy,2526,20260428
23,19,20.43,302,23,34.33,487,379,866,84.99,10,43.48,13,31,3,0,0,0,88,2,2,13,8,35,31,0,0,13,13,84,0,0,4.44,1.62,16,0,6.06,0,2,5,23,20,3,1,1,,49,40.83,0,0,2,153,19,36,2,27,2307,7,2,0,0,0,0,0.0,0,0,0,0,340,10,0,6.83,0,0,0,0,0,0,0,0,1153.5,0.0,0,18,15,13,7,23,43.4,0,19,13,68.42,36,65,53,93,59,41.26,67,595,424,1019,211.6,33,0,1591,8,3,0,Davide Zappacosta,Atalanta,132318,2686,italy,2526,20260428
13,25,29.41,138,21,34.43,208,139,347,69.12,52,67.53,25,30,3,0,0,0,89,5,3,10,0,34,30,0,0,16,15,102,0,0,1.7,1.53,25,0,4.35,0,1,4,35,30,5,1,0,,85,52.47,0,0,1,155,16,23,0,17,1644,8,7,0,0,0,1,0.0,0,0,0,1,310,9,0,6.82,0,1,0,0,0,0,0,0,1644.0,0.0,0,15,8,7,6,13,34.21,0,53,28,52.83,23,33,38,85,137,57.32,61,320,182,502,204.6,23,0,962,20,2,0,Mehdi Léris,Pisa,851222,2737,italy,2526,20260428
34,14,19.18,334,31,39.24,594,406,1000,85.03,34,59.65,23,30,2,0,0,0,107,2,2,8,6,56,30,0,1,12,17,108,0,0,1.82,1.39,34,0,5.0,1,1,3,26,19,7,1,0,,73,46.2,0,0,0,176,16,24,0,28,2385,2,6,0,1,0,0,0.0,0,0,0,0,334,8,0,6.82,1,1,0,0,0,0,0,0,2385.0,0.0,0,17,3,8,4,8,25.0,0,52,31,59.62,23,68,32,73,107,49.77,79,708,468,1176,204.6,20,2,1765,14,2,0,Zeki Çelik,Roma,893008,2702,italy,2526,20260428
38,1,12.5,63,64,40.76,257,867,1124,86.53,57,55.34,46,28,0,0,0,0,80,0,1,3,8,184,28,0,0,3,11,99,1,2,0.16,1.06,44,0,16.67,46,2,2,38,31,7,2,0,,36,40.45,2,0,0,175,26,2,0,28,2520,1,33,0,0,0,1,0.0,0,0,0,0,203,1,0,6.82,0,0,0,0,0,0,0,0,1260.0,0.0,0,11,1,4,5,1,50.0,0,26,13,50.0,2,75,2,8,93,48.44,157,383,916,1299,190.9,12,2,1669,9,2,0,Federico Baschirotto,Cremonese,786175,2761,italy,2526,20260428
19,9,22.5,142,27,64.29,273,284,557,87.3,10,62.5,6,24,1,0,0,0,81,2,0,2,3,17,23,0,0,8,7,48,0,1,1.13,0.74,15,0,7.14,0,1,2,16,16,0,1,0,,57,57.58,0,0,1,81,8,19,1,12,1212,1,1,0,0,0,0,0.0,0,0,0,0,154,5,0,6.82,0,0,0,0,0,0,0,0,1212.0,0.0,1,4,10,8,4,8,38.1,0,25,17,68.0,19,41,21,40,67,58.26,42,326,312,638,156.8,14,0,945,25,0,0,Miguel Gutiérrez,Napoli,908716,2714,italy,2526,20260428
5,10,18.87,149,7,58.33,242,87,329,78.9,13,59.09,9,27,7,0,0,0,67,8,3,9,1,10,27,0,1,29,10,122,0,0,3.49,3.79,22,0,2.38,0,1,8,11,8,3,1,0,,87,43.5,0,0,0,88,5,32,0,16,1578,3,0,0,0,0,1,0.0,0,0,0,0,278,10,0,6.81,1,1,0,0,0,0,0,0,1578.0,0.0,0,31,11,23,10,36,39.56,0,23,16,69.57,32,9,91,53,100,45.05,12,314,103,417,184.0,42,2,819,28,2,0,Jesús Rodriguez,Como,1800245,2704,italy,2526,20260428
8,14,38.89,37,14,58.33,79,68,147,80.77,2,33.33,4,16,0,0,0,0,27,2,0,4,0,6,16,0,0,9,9,47,0,0,0.92,0.94,9,0,11.11,0,1,1,8,5,3,1,0,,43,50.0,0,0,1,35,4,11,0,2,453,0,2,0,0,1,0,100.0,0,1,0,0,98,1,0,6.81,0,1,0,0,0,0,0,0,453.0,0.0,1,2,7,3,2,13,44.83,0,16,10,62.5,11,24,29,36,45,48.91,24,107,75,182,109.0,9,0,362,14,3,0,Juan Cuadrado,Pisa,47743,2737,italy,2526,20260428
16,7,25.93,117,17,68.0,229,121,350,87.94,1,20.0,4,25,2,0,0,0,29,5,0,4,0,3,25,0,0,11,9,39,0,1,1.22,2.34,9,0,21.05,0,4,6,10,9,1,3,1,,42,54.55,0,0,0,48,3,16,1,7,830,0,0,0,0,2,0,100.0,0,2,0,0,100,7,0,6.81,0,3,0,0,0,0,0,0,207.5,0.0,0,10,9,7,8,12,60.0,0,9,5,55.56,16,23,20,27,43,52.44,25,268,130,398,170.3,19,0,553,22,4,0,Pedro,Lazio,35428,2699,italy,2526,20260428
16,6,20.69,114,15,55.56,241,133,374,80.09,10,40.0,15,27,1,0,0,0,60,0,5,13,0,6,27,0,0,24,9,106,1,0,1.03,4.19,17,0,9.52,0,4,5,17,16,1,4,0,,93,50.54,0,0,1,93,7,17,3,17,1464,0,2,0,0,0,0,0.0,0,0,0,0,226,12,0,6.81,0,1,0,0,0,0,0,0,366.0,0.0,0,27,15,13,16,26,38.24,0,16,8,50.0,17,26,68,29,103,49.28,27,310,157,467,183.9,42,0,807,52,0,0,Gustav Isaksen,Lazio,976381,2699,italy,2526,20260428
16,2,33.33,156,25,32.05,510,986,1496,90.67,72,66.06,37,30,1,0,0,0,105,0,3,2,7,108,30,0,0,2,9,93,1,0,0.76,1.43,46,0,0.0,20,0,1,26,24,2,0,0,,58,50.88,0,0,1,154,39,3,0,25,2280,1,11,0,0,0,2,0.0,0,0,0,0,177,2,0,6.81,0,0,0,0,0,0,0,0,0.0,0.0,0,8,0,3,3,0,0.0,0,33,21,63.64,3,39,4,6,130,58.3,78,602,1048,1650,204.3,8,0,1963,26,3,0,Alessandro Buongiorno,Napoli,870263,2714,italy,2526,20260428
21,0,0.0,164,45,52.94,420,690,1110,91.36,30,51.72,28,22,0,0,0,0,62,0,0,0,2,54,21,0,0,4,9,57,0,1,0.51,1.67,17,0,28.57,1,2,2,19,18,1,2,0,,25,46.3,1,0,0,105,14,6,1,16,1506,1,11,0,0,0,1,0.0,0,0,0,0,129,1,0,6.8,0,0,0,0,0,0,0,0,753.0,0.0,0,5,2,4,3,2,66.67,0,19,16,84.21,6,53,3,6,55,49.11,85,489,726,1215,142.9,7,0,1389,5,2,0,Sam Beukema,Napoli,898815,2714,italy,2526,20260428
9,1,16.67,85,7,46.67,156,106,262,71.58,31,32.63,64,28,0,0,0,0,69,2,9,16,0,14,28,0,0,41,7,154,0,0,0.7,8.11,24,0,14.93,0,10,10,30,25,5,9,1,,66,42.31,1,0,1,104,3,17,1,23,1908,16,1,0,0,0,0,0.0,0,0,0,2,245,15,0,6.8,0,8,0,0,0,0,0,0,190.8,0.0,0,52,15,25,26,21,48.84,0,12,7,58.33,17,18,43,6,97,38.65,15,252,114,366,190.4,67,1,719,34,1,0,Giovanni Simeone,Torino,341143,2696,italy,2526,20260428
24,30,25.86,172,25,59.52,289,132,421,78.84,16,30.77,36,30,6,0,0,0,86,7,6,22,2,0,29,0,0,56,18,218,0,1,3.26,5.24,60,0,7.69,0,5,11,27,22,5,5,0,,113,38.31,1,0,2,113,4,47,3,26,2101,4,0,0,2,0,0,0.0,0,0,0,0,406,23,0,6.8,0,1,0,0,0,0,0,0,420.2,0.0,4,31,34,23,20,31,35.63,0,26,21,80.77,45,50,87,116,129,37.18,42,386,148,534,197.2,65,1,1139,56,8,0,Nicolò Zaniolo,Udinese,864898,2695,italy,2526,20260428
55,1,16.67,87,68,42.77,246,548,794,82.54,41,57.75,30,23,2,0,0,0,41,1,0,1,3,114,23,0,0,2,15,68,0,2,0.37,0.36,23,0,0.0,13,0,2,31,27,4,0,0,,56,59.57,0,0,0,168,12,4,0,22,1858,0,18,0,0,0,2,0.0,0,0,0,0,222,1,0,6.8,0,0,0,0,0,0,0,0,0.0,0.0,0,6,0,4,1,2,50.0,0,41,27,65.85,4,114,4,6,97,58.79,159,359,603,962,156.4,6,0,1342,14,3,0,Matteo Bianchetti,Cremonese,158037,2761,italy,2526,20260428
13,3,37.5,82,17,77.27,176,133,309,91.69,1,14.29,6,11,1,0,0,0,32,2,0,1,0,3,11,0,0,4,3,27,0,0,0.51,0.2,8,0,0.0,0,0,1,3,2,1,0,0,,20,48.78,0,0,0,28,5,8,0,4,493,0,0,0,0,0,0,0.0,0,0,0,0,57,5,0,6.8,0,0,0,0,0,0,0,0,0.0,0.0,0,1,5,3,2,4,36.36,0,11,8,72.73,8,19,11,8,21,43.75,22,198,139,337,74.8,6,0,417,5,0,0,Ardon Jashari,Milan,1034082,2692,italy,2526,20260428
2,0,0.0,4,23,28.05,18,62,80,57.14,2,100.0,0,4,0,0,0,0,35,0,0,0,0,4,4,0,0,0,0,0,1,0,0.01,,0,0,0.0,44,0,0,7,6,1,0,0,-0.01,0,0.0,0,2,0,60,0,0,0,4,360,0,0,0,0,0,0,0.0,0,0,0,0,60,0,3,6.8,0,0,2,7,8,15,0,6,0.0,0.0,0,0,0,0,0,0,0.0,2,0,0,0.0,0,4,0,0,2,100.0,82,61,79,140,27.2,0,0,180,0,0,0,Marco Silvestri,Cremonese,43970,2761,italy,2526,20260428
0,0,0.0,2,0,0.0,2,2,4,57.14,0,0.0,1,2,0,0,0,0,2,0,0,0,0,0,1,0,0,0,0,1,0,0,0.02,0.02,0,0,0.0,0,0,0,0,0,0,0,0,,4,100.0,0,0,0,3,0,1,0,0,11,0,0,0,0,0,0,0.0,0,0,0,0,3,0,0,6.8,0,0,0,0,0,0,0,0,0.0,0.0,0,0,2,1,1,1,100.0,0,2,0,0.0,1,0,1,0,4,80.0,2,5,2,7,6.8,2,0,13,1,0,0,Yellu Santiago,Hellas Verona,1211005,2701,italy,2526,20260428
1,2,50.0,6,0,0.0,10,3,13,68.42,0,0.0,0,1,0,0,0,0,2,0,0,0,0,0,1,0,0,1,1,3,0,0,0.22,0.01,1,0,0.0,0,0,0,0,0,0,0,0,,3,50.0,0,0,0,6,0,3,0,0,25,0,0,0,0,0,0,0.0,0,0,0,0,9,0,0,6.8,0,0,0,0,0,0,0,0,0.0,0.0,0,0,1,1,0,0,0.0,0,2,2,100.0,3,2,0,4,3,50.0,2,14,5,19,6.8,1,0,28,1,0,0,Abdelhamid Sabiri,Fiorentina,807400,2693,italy,2526,20260428
38,17,30.91,121,49,45.37,298,577,875,81.09,28,45.9,33,31,3,0,0,0,113,6,2,2,4,103,31,0,0,10,14,102,0,0,1.97,1.43,38,0,0.0,2,0,3,37,32,5,0,0,,82,54.3,0,0,1,204,39,21,0,29,2430,0,17,0,0,0,0,0.0,0,0,0,0,314,4,0,6.8,1,0,0,0,0,0,0,0,0.0,0.0,0,9,1,5,3,14,60.87,0,57,27,47.37,21,102,23,55,110,51.89,108,412,667,1079,210.7,10,0,1670,11,8,1,Adam Obert,Cagliari,964153,2719,italy,2526,20260428
18,3,13.64,113,16,43.24,188,88,276,58.72,90,54.55,75,33,1,0,0,0,70,5,5,5,1,47,32,0,0,6,9,119,1,0,1.82,5.15,22,0,12.77,0,6,7,44,40,4,5,1,,43,49.43,1,0,3,194,18,22,2,25,2033,5,4,0,0,2,0,100.0,0,2,0,0,289,10,0,6.79,0,3,0,0,0,0,0,0,338.83,0.0,0,43,4,24,18,11,50.0,0,15,9,60.0,22,41,22,22,133,52.78,37,349,121,470,217.4,47,3,785,17,2,0,Stefano Moreo,Pisa,346948,2737,italy,2526,20260428
20,6,23.08,123,20,50.0,254,274,528,89.64,10,58.82,7,15,1,0,0,0,37,2,2,2,4,29,15,0,0,6,5,37,0,2,0.43,1.08,15,0,11.11,0,1,2,8,7,1,1,0,,26,46.43,1,0,0,61,3,15,0,11,1010,2,1,0,0,0,0,0.0,0,0,0,1,116,1,0,6.79,0,0,0,0,0,0,0,0,1010.0,0.0,0,7,2,4,3,1,16.67,0,19,10,52.63,15,36,6,26,36,49.32,40,297,292,589,101.9,9,0,829,6,2,0,Alberto Moreno,Como,229740,2704,italy,2526,20260428
16,0,0.0,142,18,46.15,298,222,520,74.82,100,68.97,45,30,0,0,0,0,77,3,4,7,5,39,29,0,0,17,17,134,0,0,1.54,3.94,48,0,15.15,0,5,5,33,27,6,4,1,,59,39.86,3,0,0,175,10,16,1,18,1857,2,3,0,0,0,1,0.0,0,0,0,0,255,7,0,6.79,0,1,0,0,0,0,0,0,371.4,0.0,0,24,9,11,15,12,52.17,0,33,15,45.45,16,36,23,2,159,54.27,39,429,266,695,197.0,33,0,1000,14,5,0,Cesare Casadei,Torino,1016788,2696,italy,2526,20260428
23,7,28.0,301,45,64.29,482,273,755,88.2,10,52.63,9,30,2,0,0,0,67,5,2,5,3,18,29,0,0,20,20,93,0,2,2.61,1.39,25,0,5.56,0,1,3,17,14,3,1,0,,69,45.1,0,0,0,101,8,25,0,17,1450,0,1,0,0,0,0,0.0,0,0,0,0,190,10,0,6.79,0,1,0,0,0,0,0,0,1450.0,0.0,0,10,8,9,4,14,42.42,0,33,16,48.48,25,42,33,25,79,45.93,70,559,297,856,197.0,18,1,1118,22,5,0,Petar Sučić,Inter,1091303,2697,italy,2526,20260428
9,0,0.0,40,47,46.08,199,469,668,84.34,49,56.98,37,22,0,0,0,0,42,0,1,3,7,141,21,0,1,2,6,58,0,5,0.2,0.89,12,0,0.0,3,0,0,25,24,1,0,0,,45,68.18,0,0,0,124,17,0,0,21,1829,2,21,0,0,0,1,0.0,0,0,0,0,140,0,0,6.79,1,0,0,0,0,0,0,0,0.0,0.0,0,9,0,5,1,1,33.33,0,23,9,39.13,0,32,3,1,94,61.84,102,288,504,792,142.6,9,0,1085,22,6,0,Kialonda Gaspar,Lecce,1090374,2689,italy,2526,20260428
16,0,0.0,17,81,34.76,41,373,414,72.5,7,100.0,0,17,0,0,0,0,118,0,0,0,6,30,17,0,1,0,0,1,0,3,0.02,,1,0,0.0,71,0,0,12,10,2,0,0,-0.42,4,80.0,0,7,0,157,0,0,0,17,1414,0,0,0,0,0,0,0.0,2,0,0,0,161,0,19,6.79,1,0,9,22,8,30,1,10,0.0,0.0,0,0,0,0,0,0,0.0,9,0,0,0.0,0,35,0,0,11,91.67,233,168,403,571,115.4,0,0,724,8,1,0,Łukasz Skorupski,Bologna,44906,2685,italy,2526,20260428
8,14,23.73,94,12,44.44,158,67,225,65.98,56,43.08,74,32,1,0,0,0,84,5,7,23,0,26,32,0,0,35,19,222,1,0,2.01,5.65,30,0,8.47,0,5,6,32,30,2,4,1,,130,46.76,0,0,1,116,11,17,0,25,1988,13,4,0,0,0,0,0.0,0,0,0,1,356,15,0,6.78,0,5,0,0,0,0,0,0,397.6,0.0,1,39,20,19,17,32,32.32,0,34,26,76.47,17,16,99,59,186,45.59,27,250,91,341,217.1,59,1,910,64,4,0,Vitinha,Genoa,1093695,2713,italy,2526,20260428
6,1,14.29,19,9,50.0,52,86,138,87.9,1,50.0,1,7,0,0,0,0,14,0,0,2,0,2,6,0,0,5,7,15,0,0,0.21,0.16,3,0,0.0,0,0,0,5,5,0,0,0,,23,62.16,0,0,0,19,3,4,0,2,252,1,2,0,0,0,1,0.0,0,0,0,0,36,0,0,6.78,0,0,0,0,0,0,0,0,0.0,0.0,0,1,1,0,0,5,100.0,0,10,4,40.0,4,11,5,7,24,61.54,18,65,92,157,40.7,2,0,222,8,0,0,Alexsandro Amorim,Genoa,1511706,2713,italy,2526,20260428
42,19,27.54,209,46,79.31,306,92,398,83.61,6,21.43,22,24,1,0,0,0,46,2,3,5,1,8,23,0,0,19,6,77,0,0,2.51,2.82,16,0,9.09,0,2,3,13,10,3,2,0,,34,38.2,1,0,3,78,8,27,1,10,952,1,0,0,0,0,0,0.0,0,0,0,0,201,9,0,6.78,0,0,0,0,0,0,0,0,476.0,0.0,1,11,11,10,7,14,45.16,0,12,8,66.67,27,62,31,69,40,34.19,58,368,108,476,156.0,22,1,729,9,1,0,Lazar Samardžić,Atalanta,980624,2686,italy,2526,20260428
3,1,33.33,89,5,100.0,133,46,179,77.16,11,42.31,15,29,3,0,0,0,24,6,2,5,0,4,28,0,0,37,3,86,0,0,1.74,3.53,16,0,23.81,0,5,8,11,10,1,5,0,,52,42.28,1,0,0,53,1,16,1,9,965,8,0,0,0,0,1,0.0,0,0,0,1,141,7,0,6.78,0,3,0,0,0,0,0,0,193.0,0.0,0,16,5,7,9,17,53.13,0,16,10,62.5,16,4,32,3,63,42.28,5,173,59,232,189.9,21,2,443,19,1,0,Ange Bonny,Inter,1086223,2697,italy,2526,20260428
51,33,28.21,232,73,34.27,411,324,735,70.54,26,56.52,20,33,4,0,0,0,129,4,2,1,8,113,33,0,0,6,23,67,0,3,2.36,0.46,6,0,0.0,0,0,4,39,37,2,0,0,,79,62.7,0,0,1,307,14,32,0,30,2698,0,5,0,0,0,0,0.0,0,0,0,0,519,2,0,6.78,0,0,0,0,0,0,0,0,0.0,0.0,1,2,3,3,1,13,52.0,0,55,34,61.82,32,148,25,117,105,61.05,213,643,399,1042,223.8,5,1,1756,11,2,0,Antonino Gallo,Lecce,945616,2689,italy,2526,20260428
13,15,34.09,102,18,56.25,164,103,267,78.76,5,35.71,9,20,4,0,0,0,44,5,1,5,0,10,20,0,0,22,7,83,0,0,1.43,1.13,15,0,11.11,0,2,6,13,13,0,0,2,,46,38.33,0,0,2,72,4,19,2,10,964,0,1,0,0,0,0,0.0,0,0,0,0,184,0,0,6.78,0,0,0,0,0,0,0,0,482.0,0.0,0,10,8,6,7,23,43.4,0,15,10,66.67,19,25,53,44,51,38.06,32,220,119,339,135.6,18,0,580,8,3,0,Cristian Volpato,Sassuolo,1155625,2793,italy,2526,20260428
7,22,32.35,128,15,46.88,188,74,262,72.18,12,60.0,8,27,2,0,0,0,66,4,3,7,0,10,27,0,0,18,19,85,0,1,2.35,3.25,15,0,7.14,0,2,4,35,33,2,2,0,,55,41.67,0,0,1,101,16,28,0,21,1615,2,1,0,0,1,1,100.0,0,1,0,0,233,18,0,6.78,0,2,0,0,0,0,0,0,807.5,0.0,0,16,12,12,9,8,23.53,0,32,20,62.5,28,25,34,68,67,44.08,32,275,88,363,183.0,28,1,691,15,3,0,Matteo Tramoni,Pisa,887275,2737,italy,2526,20260428
12,11,27.5,65,11,61.11,111,59,170,82.52,6,50.0,6,9,1,0,0,0,20,0,2,7,1,3,9,0,0,8,2,28,0,0,0.97,2.05,4,0,11.11,0,2,3,5,5,0,2,0,,11,33.33,0,0,0,36,1,9,2,4,514,1,0,0,0,0,0,0.0,0,0,0,0,90,2,0,6.78,0,0,0,0,0,0,0,0,257.0,0.0,0,11,7,2,9,4,33.33,0,4,1,25.0,9,19,12,40,17,37.78,18,137,69,206,61.0,18,0,320,3,0,0,Giacomo Raspadori,Atalanta,865651,2686,italy,2526,20260428
10,3,23.08,85,19,42.22,202,184,386,73.8,22,36.07,39,25,1,0,0,0,77,1,2,6,2,44,25,0,0,17,11,107,0,0,0.86,1.54,37,0,0.0,0,0,1,21,20,1,0,0,,105,60.69,0,0,1,137,25,9,0,12,1328,0,8,0,0,0,0,0.0,0,0,0,0,201,6,0,6.78,0,0,0,0,0,0,0,0,0.0,0.0,0,7,9,6,4,2,25.0,0,63,39,61.9,9,21,8,13,127,54.27,45,287,236,523,169.4,16,0,866,40,5,0,Patrizio Masini,Genoa,970998,2713,italy,2526,20260428
18,3,17.65,179,38,62.3,346,223,569,81.52,32,46.38,37,29,1,0,0,0,125,1,1,5,6,31,29,0,0,23,24,127,1,0,1.05,2.33,30,0,12.5,0,3,4,29,28,1,3,0,,111,55.22,2,0,1,129,6,19,0,27,2335,1,6,0,0,0,0,0.0,0,0,0,0,225,14,0,6.78,0,1,0,0,0,0,0,0,778.33,0.0,0,21,3,12,7,23,58.97,0,45,24,53.33,19,34,39,17,143,52.96,61,444,254,698,196.5,24,1,1062,43,4,0,Lassana Coulibaly,Lecce,804621,2689,italy,2526,20260428
10,2,20.0,87,11,37.93,176,194,370,86.45,11,55.0,9,17,1,0,0,0,40,1,0,0,2,18,16,0,0,3,7,44,0,0,1.06,0.08,19,0,0.0,0,0,1,10,7,3,0,0,,41,53.95,0,0,0,58,8,5,0,10,849,0,0,0,0,0,0,0.0,0,0,0,0,114,2,0,6.78,0,0,0,0,0,0,0,0,0.0,0.0,0,1,1,2,0,5,38.46,0,22,9,40.91,5,18,13,10,52,54.17,29,219,209,428,108.4,2,0,662,14,2,0,Ignace Van der Brempt,Como,989186,2704,italy,2526,20260428
2,0,0.0,13,1,25.0,19,10,29,76.32,2,66.67,1,4,1,0,0,0,7,0,0,1,0,0,4,0,0,1,2,7,0,0,0.07,0.04,1,0,0.0,0,0,1,2,2,0,0,0,,10,62.5,0,0,0,9,1,2,0,1,115,0,0,0,0,0,0,0.0,0,0,0,0,16,0,0,6.78,0,0,0,0,0,0,0,0,0.0,0.0,0,1,1,1,0,2,50.0,0,5,0,0.0,2,4,4,1,12,63.16,4,26,12,38,27.1,2,0,66,3,0,0,Darryl Bakola,Sassuolo,1823916,2793,italy,2526,20260428
11,0,0.0,61,21,29.58,203,440,643,87.96,43,55.84,34,19,0,0,0,0,32,0,1,3,4,93,19,0,0,4,6,67,0,1,0.12,0.36,23,0,0.0,0,0,0,18,15,3,0,0,,42,56.0,0,0,0,88,10,3,0,14,1324,0,7,0,0,0,0,0.0,0,0,0,0,102,1,0,6.77,0,0,0,0,0,0,0,0,0.0,0.0,0,7,1,3,2,2,66.67,0,36,22,61.11,3,38,3,2,85,55.92,71,267,464,731,128.7,8,0,941,4,3,0,Martin Vitík,Bologna,1085913,2685,italy,2526,20260428
10,1,20.0,26,13,61.9,57,62,119,83.22,5,41.67,7,11,0,0,0,0,21,1,1,0,0,6,11,0,0,4,3,29,0,1,0.11,0.68,10,0,0.0,0,0,0,9,6,3,0,0,,39,63.93,0,0,0,24,2,3,0,6,508,0,3,0,0,0,0,0.0,0,0,0,1,47,4,0,6.77,0,0,0,0,0,0,0,0,0.0,0.0,0,3,1,3,1,7,50.0,0,7,5,71.43,3,13,14,5,44,60.27,21,74,69,143,74.5,4,0,243,25,4,0,Isak Vural,Pisa,1210995,2737,italy,2526,20260428
22,12,28.57,88,29,42.65,218,190,408,77.86,33,55.93,26,30,0,0,0,0,49,2,1,6,4,45,27,0,0,4,9,49,0,0,0.69,0.57,10,0,0.0,0,0,0,9,8,1,0,0,,27,54.0,0,0,0,116,6,12,0,9,1014,0,4,0,0,0,0,0.0,0,0,0,0,161,2,0,6.77,0,0,0,0,0,0,0,0,0.0,0.0,0,2,7,2,1,0,0.0,0,16,8,50.0,12,40,2,42,60,55.05,68,297,227,524,182.8,9,0,705,12,3,0,Nahuel Estévez,Parma,895868,2690,italy,2526,20260428
31,32,26.45,176,40,43.01,319,304,623,78.76,15,42.86,20,29,2,0,0,0,90,5,0,3,7,47,29,0,0,3,21,93,0,0,3.34,0.47,36,0,0.0,0,0,2,45,37,8,0,0,,64,46.72,0,0,0,168,22,26,0,24,2114,1,8,0,0,0,0,0.0,0,0,0,0,333,10,0,6.77,0,0,0,0,0,0,0,0,0.0,0.0,0,5,2,2,2,10,43.48,0,45,24,53.33,26,74,23,121,79,45.93,93,439,352,791,196.3,7,0,1342,9,4,0,Valentino Lazaro,Torino,233826,2696,italy,2526,20260428
2,2,40.0,13,1,25.0,19,13,32,72.73,1,25.0,3,3,1,0,0,0,4,1,0,0,0,2,3,0,0,2,1,9,0,0,0.33,0.02,0,0,0.0,0,0,1,2,2,0,0,0,,6,50.0,0,0,0,12,1,2,0,0,116,0,0,0,0,0,0,0.0,0,0,0,0,24,0,0,6.77,0,0,0,0,0,0,0,0,0.0,0.0,0,0,1,0,1,0,0.0,0,6,4,66.67,2,6,3,5,7,43.75,4,28,16,44,20.3,1,0,82,0,0,0,Rui Modesto,Udinese,1068286,2695,italy,2526,20260428
0,0,0.0,1,1,50.0,4,17,21,87.5,0,0.0,0,3,0,0,0,0,1,0,0,0,0,1,3,0,0,0,1,3,0,0,0.0,,1,0,0.0,0,0,0,0,0,0,0,0,,6,66.67,0,0,0,3,1,1,0,0,80,0,0,0,0,0,0,0.0,0,0,0,0,7,0,0,6.77,0,0,0,0,0,0,0,0,0.0,0.0,0,0,0,0,0,1,50.0,0,4,3,75.0,1,2,2,1,6,66.67,2,6,18,24,20.3,0,0,40,1,0,0,Eddy Kouadio,Fiorentina,1526933,2693,italy,2526,20260428
23,1,25.0,133,75,59.52,526,1117,1643,91.74,46,58.23,33,31,0,0,0,0,150,1,0,3,5,109,31,0,0,5,6,113,0,1,0.49,0.7,64,0,0.0,8,0,0,37,30,7,0,0,,64,44.44,0,0,0,148,33,6,0,30,2669,0,22,0,0,0,0,0.0,0,0,0,0,187,3,0,6.76,0,0,0,0,0,0,0,0,0.0,0.0,0,6,2,4,1,15,71.43,0,29,15,51.72,6,50,21,4,110,49.33,126,603,1188,1791,209.7,8,0,2138,20,10,0,Marin Pongračić,Fiorentina,847467,2693,italy,2526,20260428
5,5,50.0,80,10,71.43,163,92,255,87.63,4,25.0,12,17,0,0,0,0,32,1,0,1,2,6,16,0,0,8,5,38,0,0,0.75,0.58,8,0,16.67,0,1,1,7,5,2,1,0,,37,58.73,0,0,0,36,4,3,0,4,529,3,2,0,0,0,0,0.0,0,0,0,0,67,3,0,6.76,0,1,0,0,0,0,0,0,529.0,0.0,0,3,3,4,1,12,70.59,0,8,5,62.5,3,9,17,10,41,51.9,14,189,102,291,108.2,6,0,412,17,1,0,Yunus Musah,Atalanta,983815,2686,italy,2526,20260428
12,3,60.0,48,24,60.0,117,124,241,85.77,6,37.5,10,9,1,0,0,0,19,2,0,1,1,23,8,0,0,1,8,28,0,0,0.17,0.02,9,0,0.0,0,0,1,7,6,1,0,0,,13,41.94,0,0,0,40,7,5,0,4,466,0,3,0,0,0,0,0.0,0,0,0,0,53,1,0,6.76,0,0,0,0,0,0,0,0,0.0,0.0,0,0,1,0,0,1,50.0,0,12,6,50.0,5,21,2,5,19,40.43,40,139,142,281,54.1,1,0,356,0,1,0,Luca Marianucci,Torino,1165371,2696,italy,2526,20260428
4,0,0.0,11,8,50.0,39,58,97,78.23,3,30.0,7,8,0,0,0,0,16,1,0,2,0,7,8,0,0,1,2,12,0,0,0.28,0.04,2,0,0.0,1,0,0,3,3,0,0,0,,14,73.68,0,0,0,27,6,1,0,2,250,0,2,0,0,0,0,0.0,0,0,0,0,37,1,0,6.76,0,0,0,0,0,0,0,0,0.0,0.0,0,1,1,0,0,3,100.0,0,7,6,85.71,1,9,3,6,17,58.62,16,55,69,124,54.1,2,0,176,4,1,0,Mikayil Faye,Cremonese,1002564,2761,italy,2526,20260428
1,25,25.0,118,9,60.0,161,45,206,82.4,3,20.0,12,21,2,0,0,0,38,6,0,10,0,5,21,0,0,18,5,71,0,0,2.72,0.67,10,0,5.0,0,1,3,14,13,1,0,1,,44,42.72,0,0,0,44,2,24,0,13,1072,4,0,0,0,0,0,0.0,0,0,0,0,199,3,0,6.76,0,1,0,0,0,0,0,0,1072.0,0.0,6,5,15,7,3,13,33.33,0,4,2,50.0,24,5,39,100,47,39.83,15,195,55,250,142.0,20,0,528,27,1,0,Riccardo Sottil,Lecce,893640,2689,italy,2526,20260428
15,21,36.84,94,18,32.73,193,165,358,74.9,25,53.19,22,26,1,0,0,0,69,4,0,8,1,26,26,0,0,12,10,87,2,0,1.94,0.73,35,0,0.0,0,0,1,28,23,5,0,0,,84,56.38,0,0,0,120,19,24,0,20,1538,0,9,0,0,0,0,0.0,0,0,0,0,225,5,0,6.76,0,0,0,0,0,0,0,0,0.0,0.0,4,4,18,10,4,14,58.33,0,40,26,65.0,24,37,24,57,109,55.61,55,274,204,478,175.8,22,0,832,31,4,0,Gvidas Gineitis,Torino,1030829,2696,italy,2526,20260428
9,0,0.0,12,11,45.83,38,127,165,90.16,3,50.0,3,5,0,0,0,0,9,0,0,0,0,12,5,0,0,0,3,6,0,0,0.03,0.04,0,0,0.0,4,0,0,4,3,1,0,0,,2,40.0,0,0,0,18,5,0,0,4,315,0,5,0,0,0,0,0.0,0,0,0,0,22,1,0,6.76,0,0,0,0,0,0,0,0,0.0,0.0,0,1,1,2,0,0,0.0,0,1,1,100.0,0,12,0,1,5,45.45,24,50,133,183,33.8,2,0,217,1,0,0,Filippo Romagna,Sassuolo,356032,2793,italy,2526,20260428
25,0,0.0,93,24,72.73,163,94,257,76.72,44,41.12,63,31,2,0,0,0,41,4,8,12,2,27,31,0,0,41,4,152,0,0,0.81,6.69,33,0,12.5,0,7,9,29,24,5,7,0,,70,44.03,0,0,2,78,1,25,2,23,2090,10,2,0,0,0,0,0.0,0,0,0,2,223,8,0,6.76,0,5,0,0,0,0,0,0,298.57,0.0,0,47,9,26,18,14,45.16,0,9,7,77.78,25,33,31,4,114,42.86,33,230,105,335,209.5,56,3,695,47,2,0,Santiago Castro,Bologna,1116577,2685,italy,2526,20260428
18,0,0.0,76,33,48.53,217,218,435,84.14,24,58.54,17,20,0,0,0,0,49,0,1,0,4,54,19,0,0,5,11,54,0,1,0.25,0.18,21,0,0.0,0,0,0,14,12,2,0,0,,43,53.75,0,0,0,82,18,4,0,8,989,0,4,0,1,0,0,0.0,0,0,0,0,103,0,0,6.76,0,0,0,0,0,0,0,0,0.0,0.0,0,1,0,1,0,3,60.0,0,24,13,54.17,3,44,5,4,67,55.37,68,277,240,517,128.4,1,0,702,16,1,0,Daniele Ghilardi,Roma,1384847,2702,italy,2526,20260428
6,0,0.0,17,15,42.86,84,195,279,87.19,11,64.71,6,8,1,0,0,0,18,1,1,0,1,26,7,0,0,0,4,20,0,0,0.34,0.6,10,0,0.0,1,0,1,9,8,1,0,0,,15,51.72,0,0,0,41,6,2,0,6,558,2,8,0,0,0,0,0.0,0,0,0,0,46,0,0,6.76,0,0,0,0,0,0,0,0,0.0,0.0,0,4,0,3,1,1,100.0,0,7,7,100.0,2,24,1,0,26,56.52,35,113,207,320,47.3,4,1,394,7,5,0,Alberto Dossena,Cagliari,870211,2719,italy,2526,20260428
2,0,0.0,19,2,100.0,30,13,43,89.58,1,100.0,0,7,0,0,0,0,5,0,0,0,0,1,7,0,0,2,1,6,0,0,0.17,0.03,0,0,0.0,0,0,0,1,1,0,0,0,,9,60.0,0,0,0,5,0,1,0,0,113,0,0,0,0,0,0,0.0,0,0,0,0,21,0,0,6.76,0,0,0,0,0,0,0,0,0.0,0.0,0,0,1,0,1,2,40.0,0,6,3,50.0,1,3,5,5,10,62.5,2,31,17,48,47.3,1,0,94,1,0,0,Juan Arizala,Udinese,1476922,2695,italy,2526,20260428
14,18,26.87,113,30,33.71,223,265,488,74.96,36,65.45,19,27,0,0,0,0,57,4,1,3,2,74,27,0,0,2,17,82,0,1,2.31,1.68,40,0,10.53,0,2,2,36,30,6,1,1,,86,57.72,0,0,1,163,22,30,1,23,2078,3,6,1,1,0,0,0.0,0,0,0,0,322,4,0,6.76,0,1,0,0,0,0,0,0,1039.0,0.0,3,11,8,6,10,0,0.0,0,68,43,63.24,29,53,7,67,122,59.8,89,342,309,651,182.4,19,1,1171,18,6,0,Martin Frese,Hellas Verona,874812,2701,italy,2526,20260428
3,0,0.0,37,3,60.0,59,15,74,47.13,72,78.26,20,22,1,0,0,0,9,2,0,3,0,10,18,0,0,2,1,30,0,0,0.6,0.88,5,0,0.0,0,0,1,12,12,0,0,0,,10,50.0,0,0,0,83,0,5,0,3,487,2,0,0,0,0,0,0.0,0,0,0,0,101,3,0,6.76,0,0,0,0,0,0,0,0,0.0,0.0,0,15,0,7,5,1,33.33,0,1,0,0.0,5,4,3,2,82,73.21,5,137,20,157,121.6,15,1,219,9,2,0,Milan Đurić,Cremonese,76132,2761,italy,2526,20260428
2,6,30.0,91,4,66.67,144,47,191,79.58,3,50.0,3,12,0,0,0,0,24,4,5,14,0,0,11,0,0,11,2,39,0,0,1.48,2.68,10,0,7.41,0,2,2,13,10,3,2,0,,28,43.75,0,0,0,49,3,18,1,9,797,4,0,0,1,0,0,0.0,0,0,0,0,111,8,0,6.75,0,1,0,0,0,0,0,0,398.5,0.0,0,19,8,5,8,16,53.33,0,5,3,60.0,17,4,30,20,31,44.29,6,184,56,240,74.3,27,0,388,8,0,0,Ademola Lookman,Atalanta,824200,2686,italy,2526,20260428
21,10,23.81,189,21,35.59,443,378,821,84.55,17,51.52,16,26,4,0,0,0,58,3,0,4,10,49,26,0,0,7,19,87,0,0,1.13,1.04,34,0,9.09,0,1,5,17,14,3,1,0,,74,51.03,0,0,0,150,23,13,0,21,1909,1,7,0,0,0,0,0.0,0,0,0,0,246,5,0,6.75,0,1,0,0,0,0,0,0,1909.0,0.0,0,8,3,5,2,5,26.32,0,50,30,60.0,13,45,19,42,91,51.12,59,544,427,971,175.6,11,1,1460,19,3,0,Álex Valle,Como,1142238,2704,italy,2526,20260428
21,11,26.83,234,38,57.58,527,458,985,90.95,31,58.49,22,29,0,0,0,0,75,0,2,12,2,39,28,0,0,3,16,71,0,2,1.2,1.5,28,0,0.0,11,0,0,20,15,5,0,0,,40,44.94,0,0,1,98,18,16,0,16,1664,3,7,0,0,0,0,0.0,0,0,0,0,158,6,0,6.75,0,0,0,0,0,0,0,0,0.0,0.0,5,13,15,9,7,3,42.86,0,29,10,34.48,16,50,7,41,71,50.0,66,600,483,1083,189.1,28,0,1358,9,5,0,Teun Koopmeiners,Juventus,803033,2687,italy,2526,20260428
8,5,26.32,55,10,71.43,101,54,155,78.28,8,32.0,17,15,2,0,0,0,21,4,0,2,1,6,15,0,0,17,7,56,0,0,1.56,1.39,9,0,8.33,0,1,3,11,10,1,1,0,,40,50.63,0,0,2,43,4,10,0,4,529,0,1,0,0,0,0,0.0,0,0,0,0,97,4,0,6.75,0,1,0,0,0,0,0,0,529.0,0.0,1,5,7,6,4,5,41.67,0,19,8,42.11,10,12,12,19,48,46.15,14,133,65,198,101.3,12,0,340,16,1,0,Franco Vazquez,Cremonese,215246,2761,italy,2526,20260428
45,2,18.18,80,59,39.86,261,990,1251,87.91,29,47.54,32,30,1,0,0,0,76,4,1,3,7,144,30,0,0,2,7,72,0,0,0.7,0.62,31,0,10.0,66,1,2,44,39,5,1,0,,62,60.78,1,0,0,172,27,5,0,30,2662,1,18,0,0,0,0,0.0,0,0,0,0,200,1,0,6.75,0,0,0,0,0,0,0,0,2662.0,0.0,0,7,3,3,4,5,100.0,0,31,19,61.29,5,110,5,11,91,55.83,148,374,1049,1423,202.5,10,1,1774,27,4,0,Sebastiano Luperto,Cremonese,352736,2761,italy,2526,20260428
9,11,16.92,124,24,40.68,220,180,400,64.72,135,59.21,93,29,0,0,0,0,104,5,3,7,4,77,28,0,1,24,20,177,1,1,2.89,1.94,22,0,3.7,0,1,1,41,37,4,1,0,,70,45.45,1,0,1,218,22,19,0,25,2150,5,8,0,0,0,0,0.0,0,0,0,1,402,6,0,6.75,1,0,0,0,0,0,0,0,2150.0,0.0,0,24,3,13,7,17,43.59,0,38,23,60.53,19,28,39,65,205,53.66,59,390,228,618,189.0,27,1,1144,16,4,0,Idrissa Touré,Pisa,826326,2737,italy,2526,20260428
0,1,100.0,1,0,0.0,2,5,7,70.0,0,0.0,1,2,0,0,0,0,1,0,0,0,0,0,2,0,0,0,0,1,0,0,0.09,,0,0,0.0,0,0,0,0,0,0,0,0,,2,100.0,0,0,0,3,0,2,0,1,32,0,0,0,0,0,0,0.0,0,0,0,0,6,0,0,6.75,0,0,0,0,0,0,0,0,0.0,0.0,0,0,0,0,0,0,0.0,0,2,2,100.0,2,1,0,1,2,66.67,0,5,5,10,13.5,0,0,16,0,0,0,Tariq Lamptey,Fiorentina,914691,2693,italy,2526,20260428
24,9,13.04,92,36,46.15,174,157,331,72.59,20,43.48,26,25,1,0,0,0,53,2,1,5,2,31,25,0,0,10,20,105,0,0,0.88,0.69,36,0,0.0,0,0,1,24,23,1,0,0,,80,50.31,0,0,0,125,12,10,0,16,1531,1,8,0,0,0,0,0.0,0,0,0,0,264,1,0,6.75,0,0,0,0,0,0,0,0,0.0,0.0,0,6,7,6,2,15,50.0,0,42,25,59.52,10,52,30,69,100,48.78,78,270,186,456,168.7,13,1,897,24,6,0,Tommaso Barbieri,Cremonese,993389,2761,italy,2526,20260428
14,2,33.33,189,19,43.18,402,497,899,90.53,31,59.62,21,23,0,0,0,0,65,0,2,0,2,19,23,0,0,5,6,49,0,1,0.64,1.37,15,0,0.0,0,0,0,13,13,0,0,0,,52,65.0,0,0,0,94,13,10,0,14,1293,0,4,0,0,0,0,0.0,0,0,0,0,123,6,0,6.74,0,0,0,0,0,0,0,0,0.0,0.0,0,6,2,5,3,2,40.0,0,42,21,50.0,10,32,5,6,83,62.88,44,472,521,993,155.1,8,0,1211,8,3,0,Mathías Olivera,Napoli,805078,2714,italy,2526,20260428
7,1,50.0,24,9,25.71,70,106,176,77.53,19,79.17,5,7,0,0,0,0,13,0,0,1,2,30,7,0,0,0,2,9,1,0,0.09,0.14,2,0,0.0,0,0,0,9,9,0,0,0,,18,81.82,0,0,0,51,3,0,0,4,424,0,4,0,0,0,0,0.0,0,0,0,0,57,0,0,6.74,0,0,0,0,0,0,0,0,0.0,0.0,0,2,1,1,1,0,0.0,0,13,7,53.85,0,24,0,2,37,80.43,35,109,118,227,47.2,3,0,308,5,0,0,Tobias Slotsager,Hellas Verona,1133236,2701,italy,2526,20260428
1,0,0.0,28,3,27.27,58,50,108,80.6,4,36.36,7,12,0,0,0,0,21,2,0,1,0,6,12,0,0,4,5,20,0,0,0.18,0.79,4,0,40.0,0,2,2,5,4,1,2,0,,11,45.83,1,0,0,26,4,2,1,2,296,2,0,0,0,0,0,0.0,0,0,0,0,45,1,0,6.74,0,0,0,0,0,0,0,0,148.0,0.0,0,2,3,2,2,1,100.0,0,9,6,66.67,2,5,1,4,15,42.86,11,71,63,134,80.9,5,1,200,1,1,0,Juan Cabal,Juventus,988037,2687,italy,2526,20260428
12,14,31.11,60,13,28.89,122,106,228,77.03,7,43.75,9,10,1,0,0,0,26,1,0,3,1,17,10,0,0,4,3,25,0,0,1.45,0.2,8,0,0.0,0,0,1,8,5,3,0,0,,18,52.94,0,0,0,68,5,13,0,7,627,0,3,0,0,0,0,0.0,0,0,0,0,138,1,0,6.74,0,0,0,0,0,0,0,0,0.0,0.0,1,2,5,2,2,3,60.0,0,14,9,64.29,13,30,5,45,25,50.0,45,170,126,296,67.4,7,0,497,1,3,0,Charalampos Lykogiannis,Bologna,98212,2685,italy,2526,20260428
8,0,0.0,110,12,52.17,179,87,266,61.43,113,47.48,125,33,1,0,0,0,75,4,9,19,5,37,33,0,0,62,10,278,0,0,0.95,8.01,75,0,11.76,0,8,9,34,27,7,7,1,,99,39.29,5,0,2,167,3,20,3,31,2707,10,5,0,0,1,0,100.0,0,1,0,0,368,24,0,6.74,0,0,0,0,0,0,0,0,338.38,0.0,0,56,12,28,21,22,53.66,0,15,10,66.67,20,19,41,10,212,43.27,23,327,106,433,222.4,68,1,927,63,5,0,Mateo Pellegrino,Parma,1099296,2690,italy,2526,20260428
12,3,17.65,61,5,38.46,139,98,237,75.0,27,49.09,28,18,0,0,0,0,76,0,1,6,1,19,18,0,0,12,12,96,0,1,0.23,1.0,35,0,7.69,0,1,1,15,11,4,1,0,,68,50.0,0,0,1,79,19,10,0,14,1218,0,6,0,0,0,0,0.0,0,0,0,0,150,4,0,6.74,0,1,0,0,0,0,0,0,1218.0,0.0,0,7,6,3,4,19,63.33,0,38,25,65.79,10,17,30,17,95,49.74,13,190,126,316,121.3,13,0,587,11,9,0,Jean Daniel Akpa-Akpro,Hellas Verona,164511,2701,italy,2526,20260428
17,0,0.0,40,23,37.7,136,324,460,84.25,38,82.61,8,18,0,0,0,0,72,0,0,1,1,84,18,0,0,1,4,36,1,0,0.37,0.11,22,0,0.0,2,0,0,26,22,4,0,0,,35,55.56,0,0,0,86,32,1,0,14,1323,0,15,0,0,0,1,0.0,0,0,0,0,99,1,0,6.74,0,0,0,0,0,0,0,0,0.0,0.0,0,2,1,2,0,1,25.0,0,19,11,57.89,1,35,4,1,73,66.97,61,197,349,546,121.3,3,0,784,16,3,0,Armel Bella-Kotchap,Hellas Verona,976025,2701,italy,2526,20260428
2,2,10.53,71,4,57.14,147,43,190,80.51,4,23.53,13,13,1,0,0,0,26,2,1,7,1,6,13,0,0,15,2,69,0,0,0.47,1.23,10,0,11.76,0,2,3,10,7,3,2,0,,55,49.55,1,0,0,46,2,5,1,9,749,2,1,0,0,0,0,0.0,0,0,0,0,129,3,0,6.74,0,0,0,0,0,0,0,0,374.5,0.0,0,10,7,4,6,22,42.31,0,10,3,30.0,5,5,52,19,59,46.09,7,184,52,236,87.6,17,1,434,24,2,0,Assane Diao,Como,1493689,2704,italy,2526,20260428
49,4,18.18,174,91,40.09,452,1156,1608,85.71,70,46.98,79,34,0,0,0,0,110,0,1,5,7,146,34,0,0,8,18,133,1,0,0.68,1.06,22,0,0.0,101,0,0,47,44,3,0,0,,103,65.61,0,0,0,268,44,9,0,34,3037,1,26,0,0,0,0,0.0,0,0,0,0,339,4,0,6.74,0,0,0,0,0,0,0,0,0.0,0.0,0,17,6,13,5,8,47.06,0,55,36,65.45,9,127,17,22,173,56.54,227,637,1239,1876,229.1,23,0,2383,41,2,0,Johan Vásquez,Genoa,889785,2713,italy,2526,20260428
25,11,23.91,111,30,50.85,275,254,529,84.78,10,50.0,10,22,3,0,0,0,46,4,0,8,0,20,21,0,0,23,9,66,0,1,1.58,0.75,18,0,0.0,0,0,3,19,16,3,0,0,,45,44.55,0,0,0,95,5,15,0,13,1144,0,2,0,0,0,0,0.0,0,0,0,0,175,2,0,6.74,0,0,0,0,0,0,0,0,0.0,0.0,3,3,11,4,2,6,42.86,0,19,8,42.11,15,61,14,46,55,45.45,59,348,276,624,141.5,14,0,833,20,4,0,Hans Nicolussi Caviglia,Parma,876259,2690,italy,2526,20260428
10,11,23.91,117,7,29.17,197,63,260,81.0,12,33.33,24,24,1,0,0,0,59,4,6,12,0,3,24,0,0,24,7,109,0,1,1.49,3.54,21,0,4.88,0,2,3,17,14,3,2,0,,96,53.04,0,0,2,61,6,18,1,15,1371,4,0,0,0,0,0,0.0,0,0,0,0,199,11,0,6.74,0,1,0,0,0,0,0,0,685.5,0.0,0,24,17,15,14,37,52.11,0,19,12,63.16,18,27,71,46,108,49.77,24,247,74,321,161.7,41,0,679,40,2,0,Jonathan Rowe,Bologna,1065261,2685,italy,2526,20260428
27,12,22.22,244,29,69.05,426,245,671,86.58,3,21.43,11,29,4,0,0,0,66,7,5,13,2,12,29,0,1,28,22,107,0,2,2.26,5.57,32,0,12.5,0,5,9,25,20,5,4,1,,53,35.57,0,0,2,104,2,31,1,25,2107,6,3,0,0,3,0,100.0,0,3,0,1,249,11,0,6.73,1,4,0,0,0,0,0,0,421.4,0.0,2,23,17,12,15,19,51.35,0,7,3,42.86,31,42,37,54,56,34.36,42,496,279,775,195.3,40,1,1121,27,3,0,Albert Guðmundsson,Fiorentina,804909,2693,italy,2526,20260428
17,5,16.13,223,37,54.41,541,603,1144,86.6,28,47.46,31,29,2,0,0,0,75,3,3,3,11,59,29,0,1,8,8,78,0,4,1.39,1.26,20,0,7.14,0,1,3,23,20,3,1,0,,55,53.92,1,0,0,177,29,8,0,28,2447,1,12,0,0,0,0,0.0,0,0,0,0,263,2,0,6.73,1,0,0,0,0,0,0,0,2447.0,0.0,1,8,6,4,7,6,30.0,0,35,17,48.57,8,58,20,31,83,51.55,68,641,680,1321,195.3,14,0,1831,15,1,0,Adam Marusic,Lazio,267619,2699,italy,2526,20260428
33,2,13.33,133,44,36.07,340,571,911,86.19,31,47.69,34,32,0,0,0,0,70,1,4,3,9,102,32,0,0,3,16,72,0,0,0.63,2.09,16,0,11.76,9,2,2,36,31,5,2,0,,48,55.81,1,0,0,146,23,5,0,31,2699,4,20,0,0,0,0,0.0,0,0,0,0,223,1,0,6.73,0,1,0,0,0,0,0,0,1349.5,0.0,0,17,0,6,8,5,55.56,0,33,19,57.58,5,87,9,15,79,52.32,122,449,608,1057,215.5,17,0,1523,10,5,0,Enrico Delprato,Parma,928103,2690,italy,2526,20260428
7,9,25.0,164,11,61.11,353,263,616,89.02,2,20.0,8,30,2,0,0,0,63,1,4,8,0,17,30,0,0,14,6,53,0,0,1.71,2.8,17,0,4.35,0,1,3,21,20,1,1,0,,49,52.13,0,0,1,76,6,21,0,18,1625,1,5,0,0,0,0,0.0,0,0,0,0,146,7,0,6.73,0,1,0,0,0,0,0,0,1625.0,0.0,0,17,6,7,8,12,57.14,0,24,15,62.5,21,22,21,36,51,49.04,18,413,279,692,202.0,23,0,918,13,2,0,Eljif Elmas,Napoli,838232,2714,italy,2526,20260428
38,2,18.18,204,48,36.92,496,513,1009,80.98,27,54.0,23,33,0,0,0,0,129,1,0,9,9,67,33,0,0,13,16,100,2,2,1.03,0.78,38,0,5.56,0,1,1,43,38,5,1,0,,83,51.88,0,0,0,237,34,16,0,33,2913,1,13,0,0,0,1,0.0,0,0,0,0,302,11,0,6.73,0,1,0,0,0,0,0,0,2913.0,0.0,0,8,10,7,2,9,45.0,0,51,32,62.75,16,85,20,11,110,52.38,130,663,583,1246,222.2,18,0,1622,26,5,0,Jesper Karlstrom,Udinese,227894,2695,italy,2526,20260428
5,4,50.0,72,15,83.33,145,82,227,80.21,18,45.0,22,25,0,0,0,0,29,0,3,4,1,5,25,0,0,12,2,58,0,0,0.64,4.23,11,0,10.71,0,3,3,8,7,1,3,0,,37,50.68,1,0,1,56,2,11,1,6,877,3,2,0,0,0,0,0.0,0,0,0,2,117,5,0,6.73,1,1,0,0,0,0,0,0,292.33,0.0,0,21,7,15,9,12,48.0,0,5,5,100.0,11,8,25,8,55,48.67,18,192,91,283,168.3,28,1,460,20,2,1,Tijjani Noslin,Lazio,1069244,2699,italy,2526,20260428
58,3,11.11,152,69,47.26,421,727,1148,85.16,41,58.57,29,32,0,0,0,0,129,1,2,5,9,109,32,0,0,3,8,59,1,4,0.69,1.88,16,0,14.29,0,2,2,39,33,6,2,0,,56,65.12,2,0,0,200,49,10,0,29,2659,0,23,2,0,0,0,0.0,0,0,0,0,293,2,0,6.73,0,0,0,0,0,0,0,0,1329.5,0.0,0,9,5,5,4,5,55.56,0,29,22,75.86,10,114,9,27,97,62.18,146,544,804,1348,215.4,14,0,1908,23,6,0,Filippo Terracciano,Cremonese,1034303,2761,italy,2526,20260428
22,16,19.75,196,51,38.06,366,274,640,70.8,44,49.44,45,32,1,0,0,0,98,0,0,1,8,120,32,0,0,27,16,165,1,3,1.28,0.24,40,0,0.0,0,0,1,38,37,1,0,0,,146,54.89,0,0,0,264,26,19,0,29,2687,1,13,0,0,0,0,0.0,0,0,0,0,525,5,0,6.73,0,0,0,0,0,0,0,0,0.0,0.0,1,3,3,3,2,16,29.09,0,88,48,54.55,19,85,55,81,190,53.52,134,563,341,904,215.4,6,0,1854,42,8,0,Danilo Veiga,Lecce,1002045,2689,italy,2526,20260428
4,0,0.0,53,7,70.0,98,53,151,70.23,52,54.74,43,26,1,0,0,0,21,1,3,8,0,17,26,0,0,23,6,118,0,0,0.36,2.54,44,0,16.0,0,4,5,24,21,3,4,0,,66,46.81,2,0,0,64,3,12,0,12,1199,5,2,0,0,0,0,0.0,0,0,0,0,151,2,0,6.73,0,2,0,0,0,0,0,0,299.75,0.0,0,18,7,9,8,6,40.0,0,15,7,46.67,12,4,15,2,118,50.0,10,149,66,215,175.0,25,1,465,47,4,0,Gennaro Borrelli,Cagliari,979479,2719,italy,2526,20260428
9,2,66.67,18,10,62.5,46,77,123,86.62,5,71.43,2,10,0,0,0,0,8,0,0,0,0,21,10,0,0,0,0,8,0,0,0.09,,6,0,0.0,0,0,0,2,2,0,0,0,,3,33.33,0,0,0,19,4,4,0,4,352,0,2,0,0,0,0,0.0,0,0,0,0,28,0,0,6.73,0,0,0,0,0,0,0,0,0.0,0.0,0,0,0,0,0,0,0.0,0,1,0,0.0,4,14,0,3,8,50.0,16,56,86,142,67.3,0,0,213,2,2,0,Lorenzo De Silvestri,Bologna,14718,2685,italy,2526,20260428
8,5,31.25,109,7,50.0,183,102,285,87.69,1,12.5,7,17,2,0,0,0,37,1,0,4,0,1,17,0,0,16,4,45,0,0,1.44,1.99,10,0,5.26,0,1,3,7,5,2,1,0,,43,53.09,0,0,0,40,5,15,0,7,727,2,0,0,0,0,0,0.0,0,0,0,0,101,10,0,6.73,0,1,0,0,0,0,0,0,727.0,0.0,0,11,8,8,7,4,28.57,0,16,7,43.75,15,18,14,16,44,49.44,14,220,105,325,114.4,19,0,495,23,2,0,Tommaso Baldanzi,Genoa,1012172,2713,italy,2526,20260428
19,15,27.27,141,15,38.46,232,100,332,77.03,8,25.81,23,22,0,0,0,0,76,2,2,7,2,18,22,0,0,18,7,90,0,0,2.66,2.11,19,0,10.53,0,2,2,24,19,5,2,0,,63,48.46,0,0,0,99,15,24,1,18,1608,6,5,0,0,0,0,0.0,0,0,0,0,247,5,0,6.73,0,1,0,0,0,0,0,0,804.0,0.0,0,10,9,6,6,35,58.33,0,18,11,61.11,24,35,60,55,71,44.1,39,298,133,431,148.0,19,0,851,10,6,0,Rafik Belghali,Hellas Verona,1103488,2701,italy,2526,20260428
10,3,15.79,122,14,70.0,179,69,248,83.78,12,50.0,12,23,1,0,0,0,45,2,3,6,0,8,23,0,0,15,6,69,0,0,1.77,2.06,10,0,9.52,0,2,3,10,9,1,2,0,,43,43.0,0,0,0,48,2,10,2,8,900,4,1,0,0,0,0,0.0,0,0,0,0,135,6,0,6.73,0,0,0,0,0,0,0,0,450.0,0.0,0,15,6,6,9,20,43.48,0,9,6,66.67,10,15,46,19,55,44.35,20,223,73,296,154.7,21,0,488,14,3,0,Kamaldeen Sulemana,Atalanta,1019442,2686,italy,2526,20260428
23,1,14.29,117,25,44.64,176,108,284,71.9,8,36.36,14,20,0,0,0,0,54,2,3,6,1,16,20,0,0,13,9,62,0,0,0.83,2.15,19,0,10.53,0,2,2,24,22,2,2,0,,52,52.0,0,0,1,111,9,13,0,12,1116,1,5,0,0,0,1,0.0,0,0,0,0,157,6,0,6.73,0,2,0,0,0,0,0,0,558.0,0.0,0,9,10,6,7,9,52.94,0,31,19,61.29,13,50,17,7,60,49.18,56,271,124,395,134.5,19,0,578,12,3,0,Suat Serdar,Hellas Verona,800408,2701,italy,2526,20260428
10,8,33.33,175,43,65.15,415,376,791,87.5,30,53.57,26,23,0,0,0,0,54,1,0,6,2,25,22,0,0,5,6,67,0,1,1.17,0.63,29,0,9.09,0,1,1,24,19,5,0,1,,43,51.19,0,0,0,113,10,14,0,14,1335,2,7,0,0,0,1,0.0,0,0,0,0,149,3,0,6.72,1,1,0,0,0,0,0,0,1335.0,0.0,0,5,6,3,2,1,20.0,0,21,14,66.67,14,28,5,24,73,52.14,66,496,408,904,147.9,11,0,1096,23,5,1,Lewis Ferguson,Bologna,907152,2685,italy,2526,20260428
19,19,29.23,178,19,52.78,333,261,594,83.66,10,43.48,13,27,2,0,0,0,54,4,2,2,3,22,26,0,0,20,11,66,1,0,2.7,1.36,15,0,11.11,0,2,4,14,12,2,2,0,,38,41.76,0,0,1,116,14,29,1,18,1536,5,1,0,0,0,0,0.0,0,0,0,0,218,6,0,6.72,0,1,0,0,0,0,0,0,768.0,0.0,0,13,5,9,7,13,65.0,0,13,4,30.77,29,34,20,65,48,42.11,36,422,288,710,174.7,18,1,1032,12,2,0,Mërgim Vojvoda,Como,798147,2704,italy,2526,20260428
1,6,26.09,23,1,33.33,42,29,71,67.62,1,20.0,4,11,1,0,0,0,15,1,1,2,0,2,11,0,0,8,3,36,0,0,0.35,0.62,10,0,22.22,0,2,3,7,7,0,2,0,,24,42.86,0,0,0,34,5,8,0,4,408,0,0,0,0,0,0,0.0,0,0,0,0,86,4,0,6.72,0,2,0,0,0,0,0,0,204.0,0.0,0,6,3,1,6,7,36.84,0,11,6,54.55,8,6,19,23,25,40.98,3,68,37,105,73.9,9,0,223,6,3,0,Mattia Felici,Cagliari,975811,2719,italy,2526,20260428
8,1,6.25,104,9,64.29,165,77,242,83.74,5,27.78,13,17,2,0,0,0,26,3,2,3,0,6,17,0,0,6,4,44,0,0,1.22,1.01,8,0,0.0,0,0,2,3,2,1,0,0,,27,46.55,0,0,0,47,6,10,0,5,568,1,2,0,0,0,0,0.0,0,0,0,1,97,4,0,6.72,0,0,0,0,0,0,0,0,0.0,0.0,0,9,5,5,6,12,46.15,0,9,5,55.56,10,13,26,16,32,42.11,14,205,84,289,114.2,14,0,430,6,2,0,Stephan El Shaarawy,Roma,45925,2702,italy,2526,20260428
1,1,50.0,21,2,66.67,35,18,53,91.38,0,0.0,0,7,0,0,0,0,10,0,0,0,0,1,6,0,0,5,1,9,0,0,0.16,0.08,0,0,0.0,0,0,0,2,2,0,0,0,,12,57.14,0,0,0,5,2,3,0,0,143,0,0,0,0,0,0,0.0,0,0,0,0,24,2,0,6.72,0,0,0,0,0,0,0,0,0.0,0.0,0,0,2,0,2,5,62.5,0,6,2,33.33,3,3,8,2,12,57.14,3,39,19,58,40.3,2,0,102,1,0,0,Jeremy Sarmiento,Cremonese,983816,2761,italy,2526,20260428
20,0,0.0,73,36,31.58,305,676,981,84.79,121,67.98,57,34,0,0,0,0,105,0,1,0,6,237,34,0,0,0,16,111,1,2,0.3,0.38,41,0,0.0,0,0,0,54,46,8,0,0,,81,60.0,0,0,0,176,60,3,0,33,2955,0,21,1,0,0,1,0.0,0,0,0,0,198,1,0,6.71,0,0,0,0,0,0,0,0,0.0,0.0,0,6,0,6,0,3,100.0,0,61,35,57.38,3,62,3,2,202,64.54,114,438,719,1157,228.3,6,0,1645,19,4,0,Victor Nelsson,Hellas Verona,846148,2701,italy,2526,20260428
17,0,0.0,77,49,53.26,377,851,1228,91.51,32,49.23,33,23,0,0,0,0,85,0,0,3,5,57,23,0,0,2,5,79,1,0,0.28,0.33,39,0,0.0,9,0,0,18,17,1,0,0,,39,45.88,0,0,0,114,26,4,0,19,1639,0,10,0,0,0,1,0.0,0,0,0,0,128,0,0,6.71,1,0,0,0,0,0,0,0,0.0,0.0,0,3,0,0,0,0,0.0,0,37,20,54.05,4,39,1,1,71,47.33,92,433,909,1342,154.4,3,0,1537,2,8,1,Juan Jesus,Napoli,108484,2714,italy,2526,20260428
28,2,15.38,153,35,72.92,262,122,384,75.0,30,37.04,51,31,2,0,0,0,52,6,5,17,1,10,31,0,0,17,6,103,0,0,2.1,5.2,17,0,10.42,0,5,7,30,24,6,5,0,,41,44.09,0,0,2,128,1,26,2,19,1831,9,1,0,0,0,0,0.0,0,0,0,0,219,8,0,6.71,0,3,0,0,0,0,0,0,366.2,0.0,0,35,13,17,14,12,44.44,0,14,8,57.14,26,39,27,13,71,40.8,48,372,140,512,208.1,48,0,760,15,0,0,Che Adams,Torino,773409,2696,italy,2526,20260428
5,0,0.0,38,4,66.67,74,34,108,82.44,3,37.5,5,12,0,0,0,0,25,0,0,2,0,6,11,0,0,9,4,37,0,0,0.34,0.44,11,0,0.0,0,0,0,4,4,0,0,0,,29,47.54,0,0,0,23,2,4,0,3,360,0,0,0,0,0,1,0.0,0,0,0,0,76,2,0,6.71,0,0,0,0,0,0,0,0,0.0,0.0,0,4,2,2,2,10,52.63,0,14,8,57.14,4,6,19,8,32,46.38,6,89,42,131,73.8,6,0,248,5,2,0,Valentín Carboni,Genoa,1153083,2713,italy,2526,20260428
8,3,27.27,43,9,32.14,90,106,196,80.99,8,42.11,11,14,0,0,0,0,18,0,0,1,0,15,13,0,0,4,2,26,0,0,0.25,0.8,9,0,12.5,0,1,1,3,3,0,1,0,,19,55.88,1,0,0,46,4,2,0,3,406,0,1,0,0,0,0,0.0,0,0,0,0,70,0,0,6.71,0,0,0,0,0,0,0,0,406.0,0.0,0,7,1,4,3,1,100.0,0,12,3,25.0,2,19,1,11,27,50.94,28,123,119,242,87.2,8,0,379,6,1,0,Stefan Posch,Como,355486,2704,italy,2526,20260428
7,1,20.0,159,9,52.94,237,86,323,74.25,51,45.95,60,30,4,0,0,0,59,4,12,19,2,13,30,0,0,17,4,121,0,0,1.76,12.8,34,0,11.49,0,10,14,13,10,3,9,1,,52,46.02,0,0,2,112,3,19,4,15,1516,23,3,0,0,0,0,0.0,0,0,0,0,217,21,0,6.71,0,6,0,0,0,0,0,0,151.6,0.0,0,68,19,39,29,15,45.45,0,12,8,66.67,19,18,33,5,103,45.98,17,330,105,435,201.2,87,1,754,26,2,0,Nikola Krstović,Atalanta,839156,2686,italy,2526,20260428
33,19,41.3,180,34,41.98,398,560,958,84.48,25,51.02,24,32,1,0,0,0,93,1,0,3,5,95,32,0,0,11,11,94,0,1,2.03,0.22,33,0,0.0,0,0,1,38,33,5,0,0,,79,53.02,0,0,0,176,24,20,0,31,2675,1,10,0,0,0,0,0.0,0,0,0,0,291,3,0,6.71,0,0,0,0,0,0,0,0,0.0,0.0,0,2,5,4,0,19,55.88,0,48,34,70.83,20,82,34,46,104,52.53,81,509,625,1134,214.6,7,0,1721,12,7,0,Sebastian Walukiewicz,Sassuolo,886243,2793,italy,2526,20260428
20,4,36.36,52,25,29.41,120,207,327,71.87,42,62.69,25,18,0,0,0,0,43,2,1,0,2,78,17,0,0,2,8,53,0,1,0.8,0.52,20,0,0.0,3,0,0,20,17,3,0,0,,33,54.1,0,0,0,128,11,3,0,12,1176,0,12,0,0,0,0,0.0,0,0,0,0,154,1,0,6.71,0,0,0,0,0,0,0,0,0.0,0.0,0,8,3,6,5,1,50.0,0,26,15,57.69,3,55,2,11,75,58.59,85,216,239,455,114.0,11,0,662,7,5,0,Nicolás Valentini,Hellas Verona,1116570,2701,italy,2526,20260428
14,2,66.67,117,16,37.21,286,368,654,89.71,12,41.38,17,17,0,0,0,0,69,0,0,1,1,32,17,0,0,4,8,50,0,0,0.29,0.19,19,0,0.0,1,0,0,14,12,2,0,0,,41,55.41,0,0,0,75,10,0,0,14,1132,0,5,0,0,0,0,0.0,0,0,0,0,91,4,0,6.71,0,0,0,0,0,0,0,0,0.0,0.0,0,3,0,2,0,5,71.43,0,26,15,57.69,0,39,7,3,53,51.46,43,344,385,729,114.0,3,0,874,10,3,0,Sead Kolasinac,Atalanta,142148,2686,italy,2526,20260428
3,3,27.27,94,4,50.0,154,67,221,80.36,8,33.33,16,18,1,0,0,0,31,2,2,7,0,4,18,0,0,19,1,64,0,0,1.01,3.09,15,0,9.52,0,2,3,11,9,2,2,0,,47,49.47,0,0,0,54,3,11,0,11,864,3,1,0,0,0,0,0.0,0,0,0,0,132,9,0,6.71,0,2,0,0,0,0,0,0,432.0,0.0,2,11,10,8,6,11,39.29,0,12,12,100.0,11,6,28,11,55,46.22,8,199,76,275,120.7,21,0,459,24,1,0,Daniel Maldini,Lazio,970928,2699,italy,2526,20260428
26,13,27.08,118,27,40.91,266,299,565,79.24,7,36.84,12,22,0,0,0,0,51,1,1,0,1,23,22,0,0,9,12,69,1,0,1.29,0.54,23,0,16.67,0,1,1,14,12,2,1,0,,44,43.56,0,0,0,148,15,14,1,15,1304,0,9,0,0,0,0,0.0,0,0,0,0,231,1,0,6.7,0,0,0,0,0,0,0,0,1304.0,0.0,1,4,2,2,4,7,33.33,0,26,14,53.85,14,70,21,48,51,42.5,66,354,359,713,147.5,6,0,1065,12,7,0,Luca Pellegrini,Lazio,826186,2699,italy,2526,20260428
2,12,16.22,108,6,50.0,183,67,250,81.17,9,32.14,19,28,3,0,0,0,69,4,0,14,0,11,28,0,1,34,13,147,0,0,1.86,1.79,42,1,9.68,0,3,6,19,19,0,2,1,,97,43.11,0,0,0,58,7,19,0,17,1485,2,0,0,0,0,0,0.0,0,0,0,0,272,9,0,6.7,1,3,0,0,0,0,0,0,495.0,33.33,3,12,19,9,8,26,38.24,0,26,17,65.38,19,8,68,74,106,41.9,12,228,80,308,187.6,31,1,731,45,6,0,Lameck Banda,Lecce,911350,2689,italy,2526,20260428
6,5,29.41,74,12,38.71,150,112,262,84.24,6,30.0,14,22,0,0,0,0,36,2,2,5,1,22,20,0,0,11,5,46,0,1,0.48,1.81,12,0,15.38,0,2,2,10,8,2,2,0,,28,46.67,0,0,1,49,2,9,1,7,820,0,4,0,0,0,0,0.0,0,0,0,0,91,4,0,6.7,0,1,0,0,0,0,0,0,410.0,0.0,0,10,3,4,4,5,55.56,0,13,9,69.23,9,14,9,17,34,42.5,31,183,128,311,134.0,13,0,453,10,2,0,Marco Brescianini,Fiorentina,928800,2693,italy,2526,20260428
2,1,50.0,35,2,66.67,60,20,80,61.54,42,50.6,41,21,0,0,0,0,14,2,2,4,0,11,20,0,0,11,4,75,0,0,0.42,1.17,16,0,20.0,0,2,2,14,11,3,2,0,,21,38.18,0,0,0,50,2,8,2,3,670,2,0,0,0,0,0,0.0,0,0,0,0,93,1,0,6.7,0,0,0,0,0,0,0,0,335.0,0.0,0,9,1,2,4,1,12.5,0,9,7,77.78,8,2,8,2,63,45.65,3,103,27,130,134.0,10,0,249,13,2,0,Adam Buksa,Udinese,1138856,2695,italy,2526,20260428
10,13,34.21,34,9,52.94,84,61,145,85.29,2,50.0,2,10,1,0,0,0,20,3,0,0,0,9,10,0,0,7,8,24,1,0,1.26,0.29,5,0,0.0,0,0,1,7,7,0,0,0,,20,47.62,0,0,0,25,5,8,0,2,347,0,0,0,0,0,0,0.0,0,0,0,0,68,2,0,6.7,0,0,0,0,0,0,0,0,0.0,0.0,0,4,1,4,1,4,66.67,0,14,8,57.14,8,17,6,38,22,47.83,17,106,64,170,67.0,5,0,284,2,1,0,Sandi Lovrić,Hellas Verona,575852,2701,italy,2526,20260428
0,0,0.0,2,0,0.0,7,1,8,88.89,0,0.0,0,1,0,0,0,0,0,0,0,0,0,0,1,0,0,0,0,0,0,0,0.0,,0,0,0.0,0,0,0,0,0,0,0,0,,2,100.0,0,0,0,1,0,0,0,0,14,0,0,0,0,0,0,0.0,0,0,0,0,2,0,0,6.7,0,0,0,0,0,0,0,0,0.0,0.0,0,0,0,0,0,0,0.0,0,0,0,0.0,0,0,0,1,2,100.0,0,8,1,9,6.7,0,0,13,2,0,0,Agustín Albarracín,Cagliari,1464187,2719,italy,2526,20260428
0,0,0.0,0,0,0.0,0,1,1,100.0,0,0.0,0,1,0,0,0,0,0,0,0,0,0,0,1,0,0,0,0,0,0,0,0.0,,0,0,0.0,0,0,0,0,0,0,0,0,,1,100.0,0,0,0,0,0,0,0,0,9,0,0,0,0,0,0,0.0,0,0,0,0,1,0,0,6.7,0,0,0,0,0,0,0,0,0.0,0.0,0,0,0,0,0,0,0.0,0,1,1,100.0,0,0,0,1,1,100.0,0,0,1,1,6.7,0,0,3,0,0,0,Andrea Ghion,Sassuolo,928879,2793,italy,2526,20260428
0,0,0.0,0,0,0.0,0,1,1,50.0,1,100.0,0,2,0,0,0,0,0,0,0,0,0,1,1,0,0,0,0,0,0,0,0.0,,0,0,0.0,0,0,0,0,0,0,0,0,,0,0.0,0,0,0,1,0,0,0,0,9,0,0,0,0,0,0,0.0,0,0,0,0,1,0,0,6.7,0,0,0,0,0,0,0,0,0.0,0.0,0,0,0,0,0,0,0.0,0,0,0,0.0,0,0,0,0,1,100.0,1,1,1,2,6.7,0,0,3,0,0,0,David Odogu,Milan,1424191,2692,italy,2526,20260428
2,0,0.0,6,25,38.46,20,29,49,54.44,0,0.0,0,2,0,0,0,0,6,0,0,0,0,3,2,1,0,0,0,0,1,0,0.02,,0,0,0.0,14,0,0,4,4,0,0,0,-0.56,1,100.0,0,0,0,41,0,0,0,1,175,0,0,0,0,0,0,0.0,0,0,0,0,41,0,1,6.7,0,0,1,6,2,8,0,2,0.0,0.0,0,0,0,0,0,0,0.0,1,0,0,0.0,0,7,0,0,1,100.0,65,53,37,90,13.4,0,0,103,1,0,0,Daniele Sommariva,Genoa,595572,2713,italy,2526,20260428
16,6,26.09,69,14,31.11,110,89,199,70.57,3,21.43,11,14,0,0,0,0,33,0,0,1,0,21,14,0,0,4,8,34,0,0,0.51,0.45,6,0,0.0,0,0,0,9,8,1,0,0,,39,62.9,0,0,0,83,4,7,0,10,783,0,6,1,1,0,0,0.0,0,0,0,0,136,2,0,6.7,0,0,0,0,0,0,0,0,0.0,0.0,0,3,2,4,0,1,14.29,0,21,12,57.14,6,45,7,23,42,55.26,45,179,103,282,93.8,5,0,490,17,1,0,Stefano Sabelli,Genoa,184421,2713,italy,2526,20260428
0,0,0.0,1,0,0.0,1,1,2,40.0,3,100.0,0,2,0,0,0,0,0,0,0,1,0,1,2,0,0,0,0,0,0,0,0.0,0.13,0,0,0.0,0,0,0,0,0,0,0,0,,2,100.0,0,0,0,3,0,1,0,0,24,0,0,0,0,0,0,0.0,0,0,0,0,5,0,0,6.7,0,0,0,0,0,0,0,0,0.0,0.0,0,1,1,1,0,0,0.0,0,0,0,0.0,1,0,0,0,5,100.0,0,3,2,5,13.4,2,0,19,3,0,0,Nicolás González,Juventus,901325,2687,italy,2526,20260428
18,0,0.0,27,26,42.62,59,185,244,80.26,16,69.57,7,17,0,0,0,0,23,0,0,0,0,52,16,0,0,2,6,28,0,1,0.05,0.17,11,0,50.0,0,1,1,15,14,1,1,0,,17,44.74,1,0,0,60,3,1,0,7,733,0,9,0,0,0,0,0.0,0,0,0,0,83,0,0,6.69,0,0,0,0,0,0,0,0,733.0,0.0,0,2,0,1,1,0,0.0,0,8,4,50.0,1,29,3,1,33,54.1,61,99,205,304,107.1,2,0,452,9,0,0,Francesco Folino,Cremonese,1424353,2761,italy,2526,20260428
8,5,17.24,58,11,57.89,97,87,184,87.62,5,45.45,6,16,0,0,0,0,35,1,0,3,0,8,16,0,0,5,8,35,0,1,0.82,0.25,5,0,0.0,0,0,0,12,11,1,0,0,,47,61.84,0,0,0,26,4,4,0,2,546,0,2,0,0,0,0,0.0,0,0,0,0,91,2,0,6.69,0,0,0,0,0,0,0,0,0.0,0.0,0,2,6,3,2,8,42.11,0,22,9,40.91,4,17,19,29,52,59.77,19,114,96,210,107.1,8,0,393,18,0,0,Niccolò Fortini,Fiorentina,1526934,2693,italy,2526,20260428
9,0,0.0,63,6,40.0,168,159,327,88.62,13,46.43,15,13,1,0,0,0,32,1,0,3,1,17,13,0,0,3,4,32,0,1,0.7,0.33,8,0,0.0,0,0,1,4,4,0,0,0,,12,41.38,0,0,0,42,7,3,0,5,605,0,3,0,0,0,0,0.0,0,0,0,0,58,1,0,6.69,0,0,0,0,0,0,0,0,0.0,0.0,0,2,5,4,0,0,0.0,0,10,8,80.0,3,16,2,0,25,43.86,15,197,172,369,87.0,7,0,453,3,1,0,Matias Vecino,Lazio,158615,2699,italy,2526,20260428
18,14,19.72,132,24,39.34,273,234,507,81.64,13,59.09,9,23,1,0,0,0,62,4,1,3,2,50,23,0,0,9,8,53,0,1,1.26,0.65,15,0,0.0,0,0,1,25,22,3,0,0,,53,54.64,0,0,2,114,21,19,0,19,1610,0,3,0,1,0,1,0.0,0,0,0,0,250,3,0,6.69,0,0,0,0,0,0,0,0,0.0,0.0,0,8,8,8,5,14,48.28,0,29,20,68.97,18,43,29,71,66,55.46,61,358,263,621,153.9,16,0,1040,10,4,0,Hassane Kamara,Udinese,351434,2695,italy,2526,20260428
25,1,5.56,93,34,48.57,174,171,345,77.18,8,50.0,8,23,0,0,0,0,69,0,0,2,0,23,23,0,0,8,21,76,0,1,0.6,0.12,36,0,0.0,0,0,0,22,18,4,0,0,,65,48.87,0,0,0,102,13,2,0,18,1292,0,4,0,0,0,0,0.0,0,0,0,0,143,7,0,6.69,0,0,0,0,0,0,0,0,0.0,0.0,0,1,2,1,0,1,20.0,0,45,27,60.0,2,47,5,18,73,48.99,70,252,195,447,153.9,3,0,639,20,7,0,Marius Marin,Pisa,797596,2737,italy,2526,20260428
1,9,29.03,35,1,20.0,52,21,73,80.22,3,42.86,4,11,0,0,0,0,9,1,0,2,0,2,11,0,0,5,1,13,0,0,1.01,0.17,1,0,0.0,0,0,0,1,0,1,0,0,,6,40.0,0,0,0,18,0,7,0,1,239,1,0,0,0,0,0,0.0,0,0,0,0,50,0,0,6.69,0,0,0,0,0,0,0,0,0.0,0.0,0,2,3,2,1,4,66.67,0,0,0,0.0,7,4,6,31,9,40.91,5,66,25,91,73.6,5,0,154,2,0,0,Lorenzo Venturino,Roma,1618563,2702,italy,2526,20260428
13,0,0.0,122,16,45.71,250,173,423,82.14,21,52.5,19,30,1,0,0,0,74,1,3,13,2,29,30,0,0,14,11,85,0,1,0.75,2.62,26,0,2.94,0,1,2,22,19,3,1,0,,84,56.0,0,0,1,92,16,11,1,18,1575,2,8,0,0,0,1,0.0,0,0,0,0,180,7,0,6.69,0,0,0,0,0,0,0,0,1575.0,0.0,3,19,15,13,8,12,42.86,0,43,21,48.84,11,25,28,24,105,55.26,35,317,198,515,200.7,34,0,842,29,2,0,Jakub Piotrowski,Udinese,825271,2695,italy,2526,20260428
28,19,26.03,201,24,68.57,330,96,426,82.72,10,45.45,12,18,2,0,0,1,46,4,5,12,1,1,18,0,0,18,8,74,0,0,3.11,4.23,11,0,5.56,1,2,4,8,8,0,2,0,,42,40.38,0,0,0,89,2,40,1,12,1069,2,0,0,0,1,0,0.0,0,0,0,0,229,11,0,6.69,0,1,0,0,0,0,0,0,534.5,0.0,5,23,13,10,14,10,27.78,0,7,4,57.14,40,43,36,73,52,41.27,35,410,105,515,120.4,36,0,787,26,0,0,Paulo Dybala,Roma,256219,2702,italy,2526,20260428
29,0,0.0,78,28,37.33,220,348,568,83.9,11,50.0,11,26,0,0,0,0,64,0,1,2,2,48,25,0,0,8,9,41,0,2,0.71,1.02,13,0,0.0,0,0,0,28,24,4,0,0,,46,60.53,0,0,0,109,26,6,0,14,1442,0,8,0,1,0,2,0.0,0,0,0,0,131,7,0,6.69,0,0,0,0,0,0,0,0,0.0,0.0,0,5,5,5,3,8,88.89,0,17,7,41.18,5,53,9,1,57,58.16,75,302,375,677,167.2,10,0,887,22,3,0,Alberto Grassi,Cremonese,186845,2761,italy,2526,20260428
7,0,0.0,102,8,72.73,153,54,207,70.17,25,62.5,15,22,1,0,0,0,30,1,5,8,1,15,22,0,0,20,4,73,1,0,0.78,6.73,24,0,17.54,0,10,11,14,13,1,10,0,,38,39.58,2,0,3,88,3,15,0,15,1253,8,2,0,0,2,0,100.0,0,2,0,0,161,4,0,6.69,0,8,0,0,0,0,0,0,125.3,0.0,4,37,20,27,22,12,54.55,0,8,5,62.5,15,10,22,0,63,46.32,11,222,73,295,147.1,57,3,509,18,2,0,Gianluca Scamacca,Atalanta,807301,2686,italy,2526,20260428
17,16,19.51,151,16,43.24,255,199,454,88.85,10,35.71,18,22,1,0,0,0,56,2,0,5,1,22,22,0,0,3,6,34,0,0,1.8,0.48,3,0,0.0,0,0,1,23,20,3,0,0,,36,69.23,0,0,0,57,8,19,0,14,1307,2,2,0,0,0,0,0.0,0,0,0,0,163,4,0,6.69,0,0,0,0,0,0,0,0,0.0,0.0,0,10,3,3,5,8,66.67,0,18,9,50.0,19,29,12,82,46,57.5,37,283,228,511,147.1,13,0,851,11,1,0,Raoul Bellanova,Atalanta,826185,2686,italy,2526,20260428
5,0,0.0,14,3,100.0,23,13,36,81.82,1,16.67,5,8,0,0,0,0,10,0,0,3,0,0,7,0,0,6,2,17,0,0,0.17,0.24,3,0,25.0,0,1,1,1,1,0,1,0,,3,20.0,0,0,0,8,0,3,0,3,216,0,0,0,0,0,0,0.0,0,0,0,0,26,2,0,6.69,0,1,0,0,0,0,0,0,216.0,0.0,0,1,3,0,1,1,50.0,0,1,1,100.0,3,8,2,4,4,19.05,3,29,15,44,46.8,4,0,75,1,1,0,Iker Bravo,Udinese,1155571,2695,italy,2526,20260428
5,9,21.43,103,7,87.5,144,22,166,83.84,2,66.67,1,15,0,0,0,0,16,2,0,6,0,1,14,0,0,11,1,34,1,0,1.14,0.52,4,0,0.0,0,0,0,2,2,0,0,0,,27,45.0,0,0,0,32,0,10,0,0,331,1,0,0,0,0,0,0.0,0,0,0,0,109,4,0,6.69,0,0,0,0,0,0,0,0,0.0,0.0,2,3,12,2,7,17,48.57,0,5,3,60.0,10,11,35,42,29,46.03,8,175,23,198,93.6,15,0,346,5,0,0,Edon Zhegrova,Juventus,887766,2687,italy,2526,20260428
6,5,38.46,102,5,29.41,168,62,230,73.48,37,49.33,38,24,1,0,0,0,65,1,3,8,1,15,24,0,0,29,8,116,0,1,1.31,2.44,26,0,14.71,1,5,6,20,15,5,2,3,,52,40.0,0,0,0,83,4,14,3,15,1317,3,0,0,0,0,0,0.0,0,0,0,0,179,12,0,6.68,0,2,0,0,0,0,0,0,263.4,0.0,0,18,16,13,13,7,29.17,0,19,10,52.63,14,20,24,13,89,43.41,17,229,84,313,160.4,34,0,578,28,1,0,Jens Odgaard,Bologna,826064,2685,italy,2526,20260428
6,2,40.0,81,6,42.86,154,86,240,67.04,88,54.32,74,21,1,0,0,0,45,3,1,4,1,30,21,0,0,8,9,114,0,0,0.43,2.25,24,0,14.29,0,3,4,24,24,0,3,0,,33,45.21,1,0,0,118,4,9,1,14,1222,7,6,0,0,0,0,0.0,0,0,0,0,162,5,0,6.68,0,1,0,0,0,0,0,0,407.33,0.0,0,20,1,9,8,3,100.0,0,21,5,23.81,9,12,3,5,121,51.49,14,237,121,358,140.3,21,1,553,10,3,0,Morten Thorsby,Cremonese,280991,2761,italy,2526,20260428
4,0,0.0,62,1,33.33,101,53,154,72.3,27,45.76,32,26,1,0,0,0,34,0,18,23,2,16,26,0,0,30,4,126,0,0,0.18,15.06,29,0,8.16,0,8,9,32,24,8,7,1,,75,44.38,0,0,3,59,7,3,1,23,2047,30,1,0,0,2,0,100.0,0,2,0,0,197,13,0,6.68,0,7,0,0,0,0,0,0,255.88,0.0,0,76,22,48,27,25,41.67,0,6,3,50.0,3,8,60,7,102,44.74,3,152,61,213,173.7,98,1,597,44,4,0,Moise Kean,Fiorentina,835601,2693,italy,2526,20260428
5,5,33.33,108,6,42.86,209,199,408,86.44,8,53.33,7,17,1,0,0,0,51,2,0,0,5,20,15,0,1,4,11,42,0,4,1.25,0.39,15,0,11.11,0,1,2,4,4,0,1,0,,22,38.6,0,0,1,64,11,13,1,12,946,5,0,0,0,0,1,0.0,0,0,0,0,117,4,0,6.68,1,0,0,0,0,0,0,0,946.0,0.0,0,5,4,8,1,2,28.57,0,14,8,57.14,13,9,7,15,30,41.67,14,247,225,472,100.2,9,0,678,6,4,0,Pervis Estupiñán,Milan,805465,2692,italy,2526,20260428
3,1,50.0,39,7,70.0,93,74,167,85.64,7,53.85,6,11,0,0,0,0,35,0,0,3,0,14,10,0,0,6,8,32,0,0,0.09,0.23,10,0,0.0,0,0,0,11,11,0,0,0,,28,51.85,0,0,0,28,12,4,0,6,560,0,1,0,0,0,0,0.0,0,0,0,0,44,3,0,6.68,0,0,0,0,0,0,0,0,0.0,0.0,0,2,3,0,2,4,66.67,0,19,12,63.16,4,5,6,2,35,52.24,10,109,86,195,66.8,5,0,289,5,1,0,Oumar Ngom,Lecce,1175854,2689,italy,2526,20260428
12,0,0.0,57,84,68.29,263,769,1032,91.81,36,45.57,43,24,0,0,0,0,86,0,1,3,5,96,24,0,1,6,9,89,1,2,0.12,1.14,31,0,0.0,4,0,0,30,25,5,0,0,,50,52.08,0,0,0,92,22,3,0,22,2006,0,7,0,0,0,0,0.0,0,0,0,0,116,0,0,6.68,1,0,0,0,0,0,0,0,0.0,0.0,0,10,1,6,2,8,80.0,0,30,17,56.67,3,24,10,1,86,49.14,123,321,803,1124,160.3,11,0,1382,12,0,0,Torbjørn Heggem,Bologna,933264,2685,italy,2526,20260428
4,0,0.0,9,62,34.25,52,118,170,58.62,3,75.0,1,9,0,0,0,0,66,0,0,0,3,10,9,1,0,0,0,1,0,1,0.02,,0,0,0.0,50,0,0,18,16,2,0,0,-5.19,3,100.0,0,7,0,120,0,0,0,9,810,0,0,0,0,0,0,0.0,2,0,0,0,120,0,5,6.68,0,0,4,13,10,24,1,7,0.0,0.0,0,0,0,0,0,0,0.0,3,0,0,0.0,0,11,0,0,6,85.71,181,152,138,290,60.1,0,0,370,3,1,0,Franco Israel,Torino,1084846,2696,italy,2526,20260428
14,0,0.0,56,26,50.98,163,275,438,81.87,8,32.0,17,17,2,0,0,0,45,0,3,5,2,35,17,0,0,5,13,55,0,3,0.32,1.14,20,0,0.0,8,0,2,19,17,2,0,0,,47,55.29,0,0,0,97,13,6,0,14,1247,4,7,0,0,0,0,0.0,0,0,0,0,120,1,0,6.68,0,0,0,0,0,0,0,0,0.0,0.0,1,9,8,6,6,3,60.0,0,32,20,62.5,6,33,5,1,55,50.0,51,222,313,535,113.5,17,0,706,12,3,0,Alessandro Deiola,Cagliari,328109,2719,italy,2526,20260428
19,1,100.0,17,32,59.26,69,149,218,86.17,7,46.67,8,8,1,0,0,0,19,1,0,1,1,60,8,0,0,1,2,17,0,0,0.29,0.07,6,0,0.0,3,0,1,11,9,2,0,0,,9,50.0,0,0,0,35,6,3,0,5,502,0,6,0,0,0,0,0.0,0,0,0,0,39,1,0,6.68,0,0,0,0,0,0,0,0,0.0,0.0,0,1,0,0,0,0,0.0,0,7,4,57.14,3,30,0,1,16,48.48,54,95,158,253,53.4,1,0,352,2,1,0,Raúl Albiol,Pisa,3041,2737,italy,2526,20260428
5,1,50.0,41,6,46.15,68,88,156,82.11,4,36.36,7,8,0,0,0,0,18,1,0,0,0,11,8,0,0,8,4,28,0,0,0.5,,9,0,0.0,0,0,0,5,5,0,0,0,,13,38.24,0,0,0,34,6,8,0,5,415,0,0,0,0,0,0,0.0,0,0,0,0,50,1,0,6.68,0,0,0,0,0,0,0,0,0.0,0.0,0,0,0,0,0,2,66.67,0,8,5,62.5,8,11,3,2,17,37.78,13,88,102,190,53.4,0,0,246,4,2,0,Ivan Ilić,Torino,877371,2696,italy,2526,20260428
1,0,0.0,6,0,0.0,9,4,13,76.47,1,50.0,1,4,0,0,0,0,2,0,0,0,0,2,4,0,0,1,0,6,0,0,0.08,0.03,1,0,0.0,0,0,0,0,0,0,0,0,,7,58.33,0,0,0,4,0,2,0,1,107,0,0,0,0,0,0,0.0,0,0,0,0,18,1,0,6.68,0,0,0,0,0,0,0,0,0.0,0.0,1,0,1,0,1,2,33.33,0,4,2,50.0,2,1,6,1,8,57.14,0,12,5,17,26.7,1,0,45,1,1,0,Albert Grønbæk,Genoa,1000263,2713,italy,2526,20260428
1,0,0.0,5,20,32.26,17,112,129,75.0,0,0.0,0,7,0,0,0,0,46,0,0,0,1,7,7,0,0,0,1,1,0,1,0.01,,0,0,0.0,38,0,0,14,12,2,0,0,-3.86,0,0.0,0,2,0,43,0,0,0,6,619,0,0,0,0,0,0,0.0,0,0,0,0,44,0,3,6.67,0,0,4,7,5,14,0,3,0.0,0.0,0,0,0,0,0,0,0.0,4,0,0,0.0,0,2,0,0,0,0.0,62,52,120,172,46.7,0,0,222,0,1,0,Răzvan Sava,Udinese,1001997,2695,italy,2526,20260428
9,4,22.22,80,16,66.67,133,45,178,69.8,18,45.0,22,20,1,0,0,0,36,0,5,5,0,9,20,0,0,18,5,73,0,1,0.61,1.85,20,0,4.17,0,1,2,20,17,3,0,1,,48,48.48,0,0,0,77,2,12,0,11,1013,6,0,0,0,0,0,0.0,0,0,0,0,169,4,0,6.67,0,1,0,0,0,0,0,0,1013.0,0.0,1,14,10,7,12,19,59.38,0,11,4,36.36,12,17,32,18,66,47.48,24,188,67,255,133.4,24,0,483,18,2,0,Cyril Ngonge,Torino,877037,2696,italy,2526,20260428
2,3,50.0,32,2,40.0,48,27,75,78.95,6,60.0,4,10,0,0,0,0,18,2,1,1,0,3,10,0,0,12,5,36,0,0,0.7,0.33,6,0,0.0,0,0,0,4,4,0,0,0,,26,44.83,0,0,0,20,6,8,0,4,408,0,0,0,0,0,0,0.0,0,0,0,0,57,0,0,6.67,0,0,0,0,0,0,0,0,0.0,0.0,0,3,0,0,2,6,37.5,0,8,5,62.5,8,3,16,6,32,47.06,5,66,29,95,66.7,3,0,195,12,0,0,Pontus Almqvist,Parma,856065,2690,italy,2526,20260428
4,6,25.0,75,9,69.23,121,77,198,78.26,8,36.36,14,27,1,0,0,0,52,1,2,5,0,6,26,0,0,20,16,109,0,1,1.18,2.1,35,0,15.38,0,2,3,11,10,1,2,0,,79,45.4,0,0,0,55,7,7,1,8,969,8,0,0,0,0,1,0.0,0,0,0,2,162,5,0,6.67,0,1,0,0,0,0,0,0,484.5,0.0,1,10,3,4,4,10,29.41,0,34,21,61.76,7,5,34,24,87,44.39,13,168,85,253,173.4,13,0,522,36,4,0,Alieu Fadera,Sassuolo,1031548,2793,italy,2526,20260428
6,8,16.67,90,3,23.08,168,87,255,82.79,4,33.33,8,12,3,0,0,0,28,0,1,3,3,5,12,0,0,12,10,55,0,0,1.4,0.71,7,0,10.0,0,1,4,6,6,0,1,0,,20,29.85,0,0,0,53,0,12,1,8,786,0,1,0,0,0,0,0.0,0,0,0,0,139,3,0,6.67,0,0,0,0,0,0,0,0,786.0,0.0,0,8,2,5,2,10,35.71,0,5,2,40.0,12,14,28,48,24,30.38,13,209,99,308,80.0,10,0,484,5,0,0,Jack Harrison,Fiorentina,829570,2693,italy,2526,20260428
2,2,33.33,2,0,0.0,6,2,8,61.54,1,14.29,6,7,0,0,0,0,0,0,1,2,0,1,6,0,0,2,0,9,0,0,0.16,0.48,1,0,20.0,0,1,1,0,0,0,1,0,,4,57.14,0,0,0,5,1,2,1,0,94,2,0,0,0,0,0,0.0,0,0,0,0,14,0,0,6.67,0,0,0,0,0,0,0,0,94.0,0.0,0,5,0,2,1,1,100.0,0,1,0,0.0,2,2,1,6,5,35.71,1,10,3,13,40.0,5,0,40,2,0,0,Yael Trepy,Cagliari,1615784,2719,italy,2526,20260428
1,0,0.0,0,8,33.33,4,64,68,80.95,0,0.0,0,3,0,0,0,0,18,0,0,0,2,2,3,0,0,0,0,0,0,0,0.0,,0,0,0.0,13,0,0,1,1,0,0,0,0.69,0,0.0,0,0,0,16,0,0,0,3,270,0,0,0,0,0,0,0.0,0,0,0,0,18,0,0,6.67,0,0,5,2,3,5,0,2,0.0,0.0,0,0,0,0,0,0,0.0,4,0,0,0.0,0,3,0,0,0,0.0,24,15,69,84,20.0,0,0,101,0,0,0,Josep Martínez,Inter,845291,2697,italy,2526,20260428
0,0,0.0,2,0,0.0,8,3,11,68.75,2,100.0,0,3,0,0,0,0,2,0,0,0,0,3,3,0,0,0,0,0,0,0,0.0,,0,0,0.0,0,0,0,0,0,0,0,0,,3,100.0,0,0,0,5,0,0,0,0,32,0,0,0,0,0,0,0.0,0,0,0,0,5,0,0,6.67,0,0,0,0,0,0,0,0,0.0,0.0,0,0,0,0,0,0,0.0,0,2,1,50.0,0,1,0,0,5,100.0,0,12,4,16,20.0,0,0,24,2,0,0,Balthazar Pierret,Lecce,1014651,2689,italy,2526,20260428
22,0,0.0,71,48,37.8,206,388,594,77.85,33,60.0,22,25,1,0,0,0,63,2,1,2,1,80,25,0,0,6,13,67,1,2,0.72,0.55,18,0,0.0,10,0,1,25,21,4,0,0,,50,52.63,0,0,0,169,21,9,0,18,1668,0,13,0,0,0,0,0.0,0,0,0,0,227,3,0,6.66,0,0,0,0,0,0,0,0,0.0,0.0,0,8,4,6,4,5,31.25,0,34,19,55.88,9,67,16,8,83,55.33,127,330,433,763,166.6,12,0,1070,11,3,0,Nicolò Bertola,Udinese,1136399,2695,italy,2526,20260428
2,1,100.0,61,9,69.23,121,82,203,85.29,3,75.0,1,12,1,0,0,0,28,1,0,0,1,5,11,0,1,6,2,30,0,0,0.89,0.13,11,0,0.0,0,0,1,9,8,1,0,0,,18,38.3,0,0,0,35,2,5,0,4,522,0,1,0,0,0,0,0.0,0,0,0,0,60,3,0,6.66,1,0,0,0,0,0,0,0,0.0,0.0,0,1,0,0,1,5,33.33,0,10,5,50.0,5,10,15,1,21,41.18,13,150,88,238,73.3,1,0,309,3,1,0,Reda Belahyane,Lazio,1389689,2699,italy,2526,20260428
28,1,25.0,45,44,41.12,121,218,339,76.18,31,46.27,36,11,0,0,0,0,41,0,0,0,2,83,11,0,0,2,8,56,0,1,0.12,0.19,12,0,0.0,9,0,0,15,12,3,0,0,,22,52.38,0,0,0,106,19,1,0,11,960,0,5,0,0,0,0,0.0,0,0,0,0,121,2,0,6.66,0,0,0,0,0,0,0,0,0.0,0.0,0,2,2,3,1,0,0.0,0,16,13,81.25,1,63,0,4,53,48.62,107,202,243,445,73.3,4,0,636,7,3,0,Andrias Edmundsson,Hellas Verona,906963,2701,italy,2526,20260428
25,0,0.0,78,41,37.27,325,926,1251,90.0,52,48.6,55,33,0,0,0,0,98,2,0,2,7,181,33,0,0,4,9,96,1,1,0.61,0.19,32,0,0.0,8,0,0,42,38,4,0,0,,46,52.87,0,0,0,139,41,3,0,33,2969,1,23,0,0,0,2,0.0,0,0,0,0,158,1,0,6.66,0,0,0,0,0,0,0,0,0.0,0.0,0,2,3,3,0,6,85.71,0,28,13,46.43,3,57,7,1,98,50.52,110,417,973,1390,219.9,5,1,1758,13,3,0,Jay Idzes,Sassuolo,933641,2793,italy,2526,20260428
16,3,23.08,119,12,50.0,195,104,299,85.92,3,33.33,6,20,2,0,0,0,38,2,1,6,1,5,19,0,0,12,6,47,0,1,1.55,2.03,14,0,6.25,1,1,3,5,5,0,1,0,,30,42.25,0,0,0,49,3,12,0,5,589,0,0,0,1,0,0,0.0,0,0,0,0,98,13,0,6.66,0,1,0,0,0,0,0,0,589.0,0.0,1,9,7,6,4,6,33.33,0,18,8,44.44,11,27,18,13,33,41.25,24,234,114,348,126.6,16,0,495,6,1,0,Fabio Miretti,Juventus,1010223,2687,italy,2526,20260428
13,4,19.05,62,11,40.74,111,103,214,77.54,11,61.11,7,20,1,0,0,0,34,1,0,2,0,15,19,0,0,8,7,38,0,0,0.37,0.38,12,0,0.0,0,0,1,12,11,1,0,0,,36,53.73,0,0,0,62,6,9,0,6,745,0,2,0,0,0,0,0.0,0,0,0,0,111,3,0,6.66,0,0,0,0,0,0,0,0,0.0,0.0,0,1,8,6,1,8,61.54,0,16,9,56.25,9,26,13,21,47,55.29,27,157,119,276,126.6,9,0,429,12,3,0,Lennon Miller,Udinese,1154894,2695,italy,2526,20260428
6,5,33.33,51,6,60.0,86,50,136,74.32,9,42.86,12,19,0,0,0,0,34,1,1,6,0,6,19,0,0,14,5,54,0,1,0.74,1.06,12,0,0.0,0,0,0,8,5,3,0,0,,40,48.78,0,0,0,47,6,9,0,5,576,0,1,0,0,0,0,0.0,0,0,0,0,102,5,0,6.66,0,0,0,0,0,0,0,0,0.0,0.0,0,2,7,2,1,9,40.91,0,17,9,52.94,9,7,22,15,49,47.57,10,122,61,183,126.6,9,0,328,14,2,0,Jacopo Fazzini,Fiorentina,1012179,2693,italy,2526,20260428
22,31,27.93,109,15,25.42,227,264,491,76.24,23,46.0,27,27,1,0,0,0,77,0,0,0,5,80,27,0,1,14,20,115,0,0,1.8,0.12,40,0,0.0,0,0,1,39,33,6,0,0,,87,49.71,0,0,0,153,10,24,0,26,2262,6,11,0,0,0,0,0.0,0,0,0,0,330,4,0,6.66,1,0,0,0,0,0,0,0,0.0,0.0,0,3,1,4,0,13,48.15,0,45,30,66.67,24,50,27,111,110,48.89,59,328,316,644,179.9,4,0,1223,29,8,0,Giuseppe Pezzella,Cremonese,814589,2761,italy,2526,20260428
8,0,0.0,3,19,48.72,8,108,116,85.29,1,100.0,0,8,0,0,0,0,42,0,0,0,2,3,8,0,0,0,0,0,0,1,0.0,,0,0,0.0,27,0,0,7,6,1,0,0,-2.52,0,0.0,0,1,0,20,0,1,0,8,675,0,0,0,0,0,0,0.0,0,0,0,0,20,0,2,6.66,0,0,1,9,1,10,0,3,0.0,0.0,0,0,0,0,0,0,0.0,1,0,0,0.0,1,13,0,0,1,100.0,39,26,110,136,53.3,0,0,181,1,0,0,Mattia Perin,Juventus,79645,2687,italy,2526,20260428
34,21,30.88,152,44,46.81,327,282,609,79.71,17,56.67,13,29,2,0,0,0,74,4,0,1,4,37,29,0,0,14,17,92,0,0,2.46,0.43,26,0,0.0,0,0,2,26,21,5,0,0,,61,43.57,0,0,2,155,20,24,0,16,1756,1,6,0,0,0,0,0.0,0,0,0,0,292,6,0,6.66,0,0,0,0,0,0,0,0,0.0,0.0,1,3,8,9,1,20,47.62,0,25,16,64.0,24,76,42,68,78,45.88,94,443,321,764,193.2,11,0,1252,16,2,0,Nadir Zortea,Bologna,928104,2685,italy,2526,20260428
11,0,0.0,78,35,53.03,266,569,835,90.37,28,48.28,30,24,0,0,0,0,57,0,1,1,1,96,23,0,0,2,11,63,0,0,0.18,1.03,21,0,10.0,0,1,1,26,21,5,1,0,,35,51.47,1,0,0,89,20,3,0,17,1539,0,13,0,0,0,2,0.0,0,0,0,0,99,0,0,6.66,0,0,0,0,0,0,0,0,1539.0,0.0,0,8,2,7,2,1,50.0,0,31,16,51.61,3,23,2,1,63,50.0,66,321,603,924,153.2,10,0,1152,3,2,0,Pietro Comuzzo,Fiorentina,1210848,2693,italy,2526,20260428
8,2,18.18,77,2,50.0,123,42,165,62.26,43,39.81,65,25,2,0,0,0,29,4,6,7,4,23,25,0,0,21,3,113,0,0,0.74,4.38,17,0,19.23,0,5,7,27,23,4,5,0,,34,41.46,0,0,0,100,3,15,0,21,1828,15,3,0,0,0,0,0.0,0,0,0,0,175,7,0,6.66,0,5,0,0,0,0,0,0,365.6,0.0,0,23,3,7,12,5,38.46,0,11,9,81.82,15,13,13,11,77,40.53,4,201,64,265,166.5,26,1,456,18,4,0,Jamie Vardy,Cremonese,173827,2761,italy,2526,20260428
1,0,0.0,11,10,47.62,47,165,212,89.45,19,65.52,10,11,0,0,0,0,27,0,0,1,0,41,10,0,0,2,1,18,0,0,0.02,0.09,4,0,0.0,2,0,0,14,13,1,0,0,,24,75.0,0,0,0,25,8,0,0,7,663,1,11,1,0,0,0,0.0,0,0,0,0,34,0,0,6.66,0,0,0,0,0,0,0,0,0.0,0.0,0,3,0,0,2,2,66.67,0,11,9,81.82,0,3,3,1,43,70.49,21,60,177,237,66.6,3,0,351,12,1,0,Sebastian Otoa,Genoa,1404639,2713,italy,2526,20260428
9,1,50.0,85,18,56.25,225,343,568,91.32,13,38.24,21,18,0,0,0,0,39,0,0,2,2,29,17,0,0,4,4,50,1,0,0.19,0.39,16,0,20.0,1,1,1,11,8,3,0,1,,24,45.28,0,0,0,54,9,4,0,10,979,1,7,0,0,0,1,0.0,0,0,0,0,82,1,0,6.66,0,1,0,0,0,0,0,0,979.0,0.0,0,2,3,2,1,5,45.45,0,17,14,82.35,4,15,11,2,37,42.53,32,252,370,622,113.2,5,1,760,3,1,0,Odilon Kossounou,Atalanta,973437,2686,italy,2526,20260428
14,2,20.0,188,21,48.84,359,244,603,83.4,9,30.0,21,29,3,0,0,0,79,5,5,8,3,16,29,0,0,24,17,102,0,4,3.38,3.58,19,0,4.76,0,2,5,17,17,0,2,0,,66,44.9,0,0,0,120,15,33,0,25,1990,0,4,0,0,0,1,0.0,0,0,0,0,216,14,0,6.66,0,2,0,0,0,0,0,0,995.0,0.0,0,25,17,18,16,13,37.14,0,38,17,44.74,33,29,35,10,75,42.37,43,451,272,723,193.1,42,0,1041,15,4,0,Youssouf Fofana,Milan,945062,2692,italy,2526,20260428
3,11,28.95,62,8,29.63,127,100,227,80.78,9,64.29,5,23,2,0,0,0,24,4,0,3,0,19,21,0,0,4,4,28,0,2,0.81,0.18,12,0,12.5,0,1,3,9,8,1,0,1,,20,46.51,0,0,0,54,3,9,0,6,655,1,0,0,0,0,0,0.0,0,0,0,0,108,3,0,6.66,0,1,0,0,0,0,0,0,655.0,0.0,0,3,5,3,2,2,25.0,0,10,6,60.0,9,9,8,38,29,50.88,27,168,113,281,139.8,8,0,442,8,3,0,Zachary Athekame,Milan,1409700,2692,italy,2526,20260428
8,0,0.0,69,10,37.04,170,337,507,89.26,29,56.86,22,18,0,0,0,0,32,0,4,2,3,43,18,0,1,4,6,51,0,1,0.67,1.6,18,0,0.0,2,0,0,11,10,1,0,0,,54,65.06,0,0,0,61,14,1,0,12,1082,0,10,0,0,0,0,0.0,0,0,0,0,81,0,0,6.66,1,0,0,0,0,0,0,0,0.0,0.0,0,10,0,6,2,4,57.14,0,28,16,57.14,1,17,7,1,83,61.94,27,201,367,568,119.8,10,1,772,22,1,0,Honest Ahanor,Atalanta,1634980,2686,italy,2526,20260428
7,4,44.44,103,8,88.89,173,77,250,88.65,13,35.14,24,28,3,0,0,0,20,3,6,3,1,7,28,0,0,10,2,57,0,0,1.09,6.79,8,0,23.81,0,5,8,9,8,1,5,0,,30,47.62,0,0,1,32,1,13,0,12,1150,7,0,0,0,3,0,100.0,0,3,0,2,89,7,0,6.65,0,5,0,0,0,0,0,0,230.0,0.0,0,20,1,7,11,6,28.57,0,5,2,40.0,13,8,21,9,43,43.0,9,199,83,282,186.3,21,2,447,19,0,0,Christopher Nkunku,Milan,769333,2692,italy,2526,20260428
11,9,26.47,85,13,35.14,143,68,211,71.28,6,28.57,15,15,1,0,0,0,43,2,0,1,2,26,15,0,0,12,10,76,0,0,0.95,0.46,22,0,0.0,0,0,1,15,14,1,0,0,,49,44.55,0,0,0,85,7,11,0,12,1018,2,4,0,0,0,0,0.0,0,0,0,1,181,2,0,6.65,0,0,0,0,0,0,0,0,0.0,0.0,2,3,2,3,1,9,32.14,0,29,18,62.07,11,21,28,34,55,41.98,37,203,93,296,99.8,5,0,610,11,3,0,Jordan Zemura,Udinese,964119,2695,italy,2526,20260428
10,0,0.0,125,9,52.94,180,69,249,73.24,41,52.56,37,32,3,0,0,0,30,2,13,14,2,12,32,0,0,21,6,97,0,0,1.35,6.27,27,0,10.91,0,6,9,14,13,1,6,0,,53,46.9,3,0,1,91,5,20,2,13,1411,2,2,0,0,0,0,0.0,0,0,0,0,186,10,0,6.65,0,1,0,0,0,0,0,0,235.17,0.0,0,50,5,19,22,4,26.67,0,7,5,71.43,20,12,15,3,94,49.21,17,260,80,340,212.9,55,0,604,43,1,0,Francesco Pio Esposito,Inter,1156616,2697,italy,2526,20260428
16,1,5.26,162,15,38.46,299,225,524,82.26,28,40.0,42,29,0,0,0,0,58,1,2,8,4,32,29,0,0,11,13,102,1,0,1.13,2.37,23,0,9.52,0,2,2,17,15,2,2,0,,53,46.9,1,0,0,113,11,6,0,17,1609,1,8,0,0,0,0,0.0,0,0,0,0,176,7,0,6.65,0,1,0,0,0,0,0,0,804.5,0.0,0,9,12,6,7,6,28.57,0,26,14,53.85,6,31,21,19,81,44.26,39,382,255,637,192.9,21,0,902,21,2,0,Cher Ndour,Fiorentina,1114422,2693,italy,2526,20260428
25,4,15.38,222,26,33.77,400,239,639,77.64,12,35.29,22,29,2,0,0,0,130,3,1,6,1,16,29,0,0,30,26,149,0,0,1.46,1.11,52,0,5.26,0,1,3,37,34,3,0,1,,98,43.56,0,0,2,184,11,26,0,26,2132,1,6,0,0,0,0,0.0,0,0,0,0,319,8,0,6.65,0,1,0,0,0,0,0,0,2132.0,0.0,0,5,14,9,4,16,44.44,0,66,34,51.52,26,62,36,26,110,42.47,77,546,277,823,192.9,19,1,1228,16,1,0,Antoine Bernede,Hellas Verona,837080,2701,italy,2526,20260428
0,0,0.0,1,0,0.0,1,0,1,20.0,1,25.0,3,2,0,0,0,0,0,0,1,0,0,0,2,0,0,0,1,5,0,0,0.0,1.05,1,0,50.0,0,1,1,0,0,0,1,0,,1,33.33,0,0,0,4,0,0,0,0,19,0,0,0,0,1,0,100.0,0,1,0,0,5,0,0,6.65,0,1,0,0,0,0,0,0,19.0,0.0,0,2,0,0,2,0,0.0,0,0,0,0.0,0,0,0,0,2,28.57,0,4,1,5,13.3,2,0,11,1,0,0,Manuel De Luca,Cremonese,850971,2761,italy,2526,20260428
2,0,0.0,3,2,20.0,14,75,89,86.41,5,83.33,1,2,0,0,0,0,9,0,0,0,0,7,2,0,0,1,0,2,0,0,0.01,,0,0,0.0,0,0,0,4,4,0,0,0,,3,75.0,0,0,0,14,1,0,0,2,145,0,3,0,0,0,0,0.0,0,0,0,0,17,0,0,6.65,0,0,0,0,0,0,0,0,0.0,0.0,0,0,0,0,0,0,0.0,0,3,2,66.67,0,7,0,0,8,80.0,10,22,81,103,13.3,0,0,122,0,0,0,Eivind Helland,Bologna,1486808,2685,italy,2526,20260428
30,1,8.33,91,63,42.86,284,603,887,80.86,90,62.94,53,33,0,0,0,0,86,1,2,4,5,176,33,0,0,5,12,107,1,2,0.42,1.06,39,0,7.69,39,1,1,55,47,8,1,0,,59,52.21,1,0,0,210,27,10,0,32,2841,1,19,0,0,0,1,0.0,0,0,0,0,296,2,0,6.65,0,0,0,0,0,0,0,0,2841.0,0.0,0,12,1,7,2,3,60.0,0,37,22,59.46,10,70,5,12,149,58.2,147,424,673,1097,219.4,13,1,1638,19,4,0,Simone Canestrelli,Pisa,911355,2737,italy,2526,20260428
8,4,30.77,81,13,65.0,206,214,420,88.61,11,44.0,14,22,2,0,0,0,46,2,0,0,2,9,21,0,0,5,6,53,0,2,0.56,1.01,20,0,20.0,0,1,3,10,7,3,1,0,,26,40.0,0,0,0,54,17,9,0,7,829,2,2,0,0,0,0,0.0,0,0,0,0,92,8,0,6.65,0,1,0,0,0,0,0,0,829.0,0.0,0,3,2,1,4,7,46.67,0,12,8,66.67,9,14,15,13,37,41.11,20,241,233,474,139.6,5,0,610,8,5,0,Neil El Aynaoui,Roma,1128530,2702,italy,2526,20260428
23,24,24.49,96,15,28.85,198,192,390,76.32,7,26.92,19,26,0,0,0,0,75,4,1,3,2,37,26,0,0,3,7,47,0,1,2.37,0.61,8,0,0.0,0,0,0,37,33,4,0,0,,47,62.67,0,0,0,121,9,26,0,22,1874,2,3,0,0,0,0,0.0,0,0,0,0,268,7,0,6.65,0,0,0,0,0,0,0,0,0.0,0.0,0,8,4,3,6,7,38.89,0,30,18,60.0,26,55,18,98,54,53.47,52,279,232,511,172.8,12,0,914,10,2,0,Domagoj Bradarić,Hellas Verona,897594,2701,italy,2526,20260428
1,5,17.24,96,2,18.18,159,106,265,78.87,28,54.9,23,18,1,0,0,0,33,1,4,6,3,20,18,0,0,6,8,62,1,0,0.85,2.82,20,0,15.79,0,3,4,14,12,2,3,0,,30,43.48,1,0,1,71,7,13,1,14,1210,2,0,0,0,0,1,0.0,0,0,0,0,159,6,0,6.64,0,1,0,0,0,0,0,0,403.33,0.0,0,18,1,8,5,6,33.33,0,13,9,69.23,13,11,18,29,58,48.33,11,216,120,336,119.6,19,1,592,11,2,0,Denzel Dumfries,Inter,759520,2697,italy,2526,20260428
4,3,30.0,115,4,36.36,232,75,307,84.11,31,53.45,27,25,1,0,0,0,34,3,5,11,0,15,25,0,0,17,4,82,0,0,1.03,3.16,22,0,10.34,0,3,4,8,8,0,3,0,,39,41.49,2,0,0,58,4,9,0,11,1058,1,1,0,0,0,0,0.0,0,0,0,0,132,4,0,6.64,0,1,0,0,0,0,0,0,352.67,0.0,0,27,2,12,6,10,41.67,0,12,6,50.0,9,12,24,10,70,46.05,11,274,91,365,166.1,29,0,558,17,1,0,Ruben Loftus-Cheek,Milan,284441,2692,italy,2526,20260428
11,1,25.0,22,14,26.42,103,392,495,87.61,14,56.0,11,14,0,0,0,0,35,0,1,0,1,76,14,0,0,2,5,32,1,2,0.55,0.36,14,0,0.0,28,0,0,20,17,3,0,0,,39,65.0,0,0,0,70,16,0,0,14,1155,0,13,0,0,0,0,0.0,0,0,0,0,89,0,0,6.64,0,0,0,0,0,0,0,0,0.0,0.0,0,1,0,0,1,1,100.0,0,32,25,78.13,0,33,1,4,53,62.35,53,144,421,565,93.0,1,0,765,6,3,0,Juan Rodríguez,Cagliari,1485391,2719,italy,2526,20260428
2,1,14.29,93,6,66.67,143,57,200,78.43,41,54.67,34,26,1,0,0,1,62,1,4,10,3,9,26,0,1,31,3,105,0,0,0.57,6.43,28,0,11.76,0,4,5,19,13,6,4,0,,47,39.83,0,0,1,55,3,17,4,13,1335,15,1,0,0,3,0,66.67,0,2,0,0,168,11,0,6.64,1,0,0,0,0,0,0,0,333.75,0.0,0,29,5,15,9,17,51.52,0,8,4,50.0,17,6,33,7,88,45.6,9,190,65,255,172.7,34,2,503,22,2,0,M'bala Nzola,Sassuolo,788061,2793,italy,2526,20260428
14,1,50.0,29,35,61.4,117,191,308,86.27,31,65.96,16,12,0,0,0,0,26,0,1,1,2,59,12,0,0,3,3,36,1,1,0.18,0.74,15,0,0.0,0,0,0,13,10,3,0,0,,12,37.5,0,0,0,49,7,4,0,8,684,0,5,0,0,0,0,0.0,0,0,0,0,59,1,0,6.64,0,0,0,0,0,0,0,0,0.0,0.0,0,5,0,4,0,0,0.0,0,7,4,57.14,4,22,0,2,43,54.43,57,149,208,357,79.7,5,0,477,5,0,0,Nicolò Casale,Bologna,862697,2685,italy,2526,20260428
3,1,50.0,5,1,33.33,13,5,18,69.23,1,33.33,2,6,0,0,0,0,4,0,0,0,0,1,5,0,0,2,3,11,0,0,0.43,0.02,3,0,0.0,0,0,0,2,0,2,0,0,,7,43.75,0,0,0,8,3,1,0,0,59,0,0,0,0,0,0,0.0,0,0,0,0,14,0,0,6.64,0,0,0,0,0,0,0,0,0.0,0.0,0,1,0,1,0,1,50.0,0,5,2,40.0,1,4,2,2,8,42.11,3,19,7,26,33.2,1,0,47,1,0,0,Grigoris Kastanos,Hellas Verona,791566,2701,italy,2526,20260428
4,2,8.7,47,11,44.0,106,123,229,79.79,1,10.0,9,23,0,0,0,0,42,0,1,0,0,28,23,0,0,5,13,42,0,1,0.21,0.53,9,0,33.33,0,2,2,15,12,3,2,0,,35,51.47,1,0,0,58,8,6,1,4,781,1,4,0,0,0,0,0.0,0,0,0,0,122,2,0,6.64,0,0,0,0,0,0,0,0,390.5,0.0,0,3,3,0,6,8,57.14,0,21,14,66.67,6,12,14,23,36,46.15,25,144,143,287,152.7,6,0,530,6,3,0,Riyad Idrissi,Cagliari,1123175,2719,italy,2526,20260428
45,1,33.33,48,59,39.07,220,739,959,84.2,49,56.98,37,32,0,0,0,0,109,0,1,5,5,180,32,0,0,7,30,110,1,1,0.14,2.04,35,0,8.33,7,2,2,52,45,7,2,0,,81,52.6,0,0,0,180,43,2,0,31,2804,0,24,1,0,0,1,0.0,0,0,0,0,220,0,0,6.64,0,2,0,0,0,0,0,0,1402.0,0.0,0,17,7,13,6,3,37.5,0,68,40,58.82,2,99,8,3,130,54.17,151,335,804,1139,212.4,24,1,1638,10,8,0,Antonio Caracciolo,Pisa,116666,2737,italy,2526,20260428
4,6,18.75,44,4,36.36,87,46,133,75.14,7,43.75,9,15,0,0,0,0,25,0,0,0,0,12,14,0,0,7,3,35,0,0,0.18,0.07,13,0,0.0,0,0,0,8,8,0,0,0,,28,51.85,0,0,0,44,7,3,0,8,606,1,0,0,0,0,0,0.0,0,0,0,0,114,0,0,6.64,0,0,0,0,0,0,0,0,0.0,0.0,0,2,1,2,1,7,58.33,0,16,10,62.5,3,15,12,32,35,50.0,11,120,57,177,92.9,3,0,364,5,2,0,Daniel Oyegoke,Hellas Verona,998830,2701,italy,2526,20260428
12,1,14.29,157,16,34.04,358,190,548,85.23,11,32.35,23,21,2,0,0,0,65,1,1,4,5,15,21,0,0,14,15,83,0,0,0.73,1.06,14,0,7.14,0,1,3,15,12,3,1,0,,32,34.78,0,0,0,95,17,9,0,10,1083,2,1,0,0,0,0,0.0,0,0,0,0,156,8,0,6.63,0,1,0,0,0,0,0,0,1083.0,0.0,0,9,5,6,4,6,26.09,0,22,10,45.45,9,29,23,7,43,34.13,47,432,211,643,139.2,14,0,834,4,3,0,Niccolò Pisilli,Roma,1175821,2702,italy,2526,20260428
1,1,20.0,54,1,50.0,84,28,112,84.85,5,83.33,1,16,0,0,0,0,14,1,0,2,0,4,15,0,0,7,5,23,0,1,1.05,0.28,2,0,0.0,0,0,0,2,2,0,0,0,,14,38.89,0,0,0,20,1,9,0,1,256,1,0,0,0,0,0,0.0,0,0,0,0,47,0,0,6.63,0,0,0,0,0,0,0,0,0.0,0.0,0,4,1,1,2,5,38.46,0,7,3,42.86,9,2,13,5,19,45.24,2,100,32,132,99.4,5,0,199,2,1,0,Andy Diouf,Inter,1048889,2697,italy,2526,20260428
3,0,0.0,3,3,60.0,11,21,32,84.21,1,20.0,4,4,0,0,0,0,1,0,0,0,0,3,4,0,0,0,1,9,0,0,0.0,,4,0,0.0,0,0,0,0,0,0,0,0,,3,37.5,0,0,0,6,1,0,0,1,85,0,0,0,0,0,0,0.0,0,0,0,0,7,0,0,6.63,0,0,0,0,0,0,0,0,0.0,0.0,0,0,0,0,0,1,100.0,0,2,2,100.0,0,5,1,1,4,30.77,5,15,23,38,26.5,0,0,48,0,2,0,Branimir Mlačić,Udinese,1831525,2695,italy,2526,20260428
4,0,0.0,8,4,66.67,12,5,17,70.83,2,66.67,1,4,0,0,0,0,5,0,0,1,0,2,4,0,0,1,0,5,0,0,0.03,0.02,2,0,0.0,0,0,0,2,2,0,0,0,,4,50.0,0,0,0,7,1,1,0,0,69,1,0,0,0,0,0,0.0,0,0,0,0,13,0,0,6.63,0,0,0,0,0,0,0,0,0.0,0.0,0,0,1,0,0,0,0.0,0,1,0,0.0,1,5,1,2,6,54.55,6,19,5,24,26.5,1,0,43,3,0,0,Hernani,Parma,156019,2690,italy,2526,20260428
41,5,35.71,94,53,46.09,254,338,592,80.0,14,51.85,13,29,0,0,0,0,62,4,0,7,1,56,29,0,0,4,16,63,1,1,0.69,1.24,25,0,3.7,0,1,1,27,23,4,1,0,,49,49.49,0,0,0,148,18,10,0,20,1709,0,9,0,0,0,0,0.0,0,0,0,0,178,6,0,6.62,0,1,0,0,0,0,0,0,1709.0,0.0,1,7,20,19,1,6,54.55,0,35,13,37.14,10,80,11,14,63,50.0,115,356,384,740,192.1,27,0,978,8,5,0,Matteo Prati,Torino,1111640,2696,italy,2526,20260428
21,5,25.0,183,20,44.44,396,383,779,81.83,28,41.79,39,34,2,0,0,0,158,2,4,8,5,38,34,0,0,32,12,132,0,4,0.91,2.22,31,0,3.7,0,1,3,43,36,7,0,1,,90,49.18,0,0,1,173,24,23,1,29,2716,4,5,0,0,0,1,0.0,0,0,0,0,280,13,0,6.62,0,0,0,0,0,0,0,0,2716.0,0.0,0,18,9,8,11,13,39.39,0,53,28,52.83,23,42,33,20,118,47.2,45,515,437,952,225.2,27,0,1332,24,3,0,Michel Adopo,Cagliari,928777,2719,italy,2526,20260428
4,3,100.0,80,7,58.33,186,202,388,92.38,5,62.5,3,17,0,0,0,0,22,0,2,1,0,8,17,0,0,7,6,29,0,1,0.5,0.96,9,0,0.0,0,0,0,7,4,3,0,0,,19,42.22,0,0,0,32,5,8,0,5,529,0,1,0,0,0,0,0.0,0,0,0,0,53,2,0,6.62,0,0,0,0,0,0,0,0,0.0,0.0,0,5,2,4,2,3,42.86,0,7,6,85.71,8,10,7,3,24,45.28,12,211,209,420,112.6,7,0,499,9,3,0,Sergi Roberto,Como,123976,2704,italy,2526,20260428
6,2,20.0,33,5,55.56,50,21,71,73.96,21,47.73,23,14,1,0,0,0,9,3,3,1,0,8,13,0,0,1,4,38,0,0,0.56,1.44,9,0,12.5,0,1,2,7,7,0,1,0,,10,40.0,0,0,0,25,0,9,0,5,486,1,1,0,0,1,0,100.0,0,1,0,0,49,1,0,6.62,0,1,0,0,0,0,0,0,486.0,0.0,0,8,0,4,3,0,0.0,0,6,6,100.0,9,8,4,10,31,44.93,9,69,27,96,86.1,8,0,161,6,1,0,Adrian Benedyczak,Parma,928295,2690,italy,2526,20260428
3,5,41.67,16,2,18.18,25,24,49,51.04,8,57.14,6,11,1,0,0,0,13,1,0,2,0,4,9,0,0,6,3,24,0,1,0.34,0.43,2,0,20.0,0,1,2,7,5,2,1,0,,12,40.0,0,0,0,47,0,4,0,5,390,1,0,0,0,0,0,0.0,0,0,0,0,88,2,0,6.62,0,1,0,0,0,0,0,0,390.0,0.0,0,3,2,1,2,5,38.46,0,3,2,66.67,4,11,13,12,20,45.45,11,59,37,96,59.6,5,0,177,4,0,0,Dennis Johnsen,Cremonese,869275,2761,italy,2526,20260428
3,7,23.33,149,10,26.32,259,159,418,76.28,11,29.73,26,32,1,0,0,0,71,5,3,8,5,34,32,0,1,17,17,112,0,0,1.67,2.27,25,0,3.85,0,1,2,40,37,3,1,0,,86,50.0,0,0,0,130,14,15,0,27,2417,1,6,0,0,0,0,0.0,0,0,0,2,265,9,0,6.62,1,1,0,0,0,0,0,0,2417.0,0.0,0,20,6,12,6,11,28.95,0,41,25,60.98,15,16,38,30,97,46.41,38,352,196,548,211.9,26,0,1004,36,1,0,Mikael Ellertsson,Genoa,933203,2713,italy,2526,20260428
2,1,16.67,42,2,40.0,69,31,100,69.93,20,45.45,24,28,1,0,0,0,34,1,2,4,0,5,28,0,0,16,2,66,0,0,0.8,3.52,15,0,15.38,0,4,5,15,15,0,4,0,,37,46.84,0,0,0,43,5,11,1,6,904,6,1,0,0,0,0,0.0,0,0,0,0,110,10,0,6.62,0,3,0,0,0,0,0,0,226.0,0.0,0,21,5,12,10,7,36.84,0,3,2,66.67,11,6,19,6,57,46.34,5,107,36,143,185.4,26,0,319,27,0,0,Caleb Ekuban,Genoa,309156,2713,italy,2526,20260428
13,4,13.33,84,17,50.0,160,172,332,79.43,12,46.15,14,29,0,0,0,0,64,2,1,2,4,43,28,0,0,15,9,85,0,1,1.0,0.27,32,0,16.67,0,1,1,22,20,2,1,0,,61,46.21,0,0,0,86,12,7,0,17,1592,2,3,0,0,0,1,0.0,0,0,0,0,206,2,0,6.62,0,1,0,0,0,0,0,0,1592.0,0.0,0,5,1,3,1,6,26.09,0,36,28,77.78,7,29,23,30,73,46.2,34,216,202,418,185.4,6,1,817,20,4,0,Kingsley Ehizibue,Udinese,609206,2695,italy,2526,20260428
4,0,0.0,45,5,55.56,81,23,104,72.73,18,30.51,41,10,0,0,0,0,23,0,2,5,2,5,10,0,0,10,1,79,0,0,0.2,2.62,24,0,10.53,0,2,2,13,10,3,1,1,,26,40.63,0,0,0,39,0,11,2,10,844,2,2,0,0,0,0,0.0,0,0,0,1,103,5,0,6.62,0,0,0,0,0,0,0,0,422.0,0.0,0,12,7,8,6,4,50.0,0,5,1,20.0,11,6,8,6,44,35.77,9,111,32,143,66.2,19,0,297,17,1,0,Kieron Bowie,Hellas Verona,983601,2701,italy,2526,20260428
8,1,16.67,102,18,58.06,228,246,474,85.41,23,38.33,37,26,1,0,0,0,45,3,1,2,1,11,25,0,0,5,4,73,0,0,1.51,0.68,24,0,0.0,0,0,1,22,17,5,0,0,,40,52.63,0,0,0,81,8,15,0,17,1384,3,5,0,0,0,0,0.0,0,0,0,0,113,2,0,6.62,0,0,0,0,0,0,0,0,0.0,0.0,0,5,3,5,1,11,68.75,0,18,10,55.56,15,19,16,6,63,46.32,31,292,263,555,165.5,8,0,699,14,3,0,Simon Sohm,Bologna,909991,2685,italy,2526,20260428
5,3,37.5,58,7,63.64,108,34,142,76.34,14,46.67,16,15,0,0,0,0,33,0,0,2,0,6,15,0,0,18,5,57,0,0,0.26,0.47,12,0,0.0,0,0,0,12,11,1,0,0,,41,50.0,0,0,0,44,4,5,0,5,646,0,2,0,0,0,1,0.0,0,0,0,0,96,5,0,6.62,0,0,0,0,0,0,0,0,0.0,0.0,0,4,5,3,4,9,56.25,0,12,7,58.33,5,8,16,8,55,49.11,11,141,45,186,99.3,9,0,331,21,1,0,Mohamed Kaba,Lecce,1127590,2689,italy,2526,20260428
26,1,50.0,72,31,51.67,199,178,377,82.68,14,45.16,17,17,1,0,0,0,48,0,0,4,1,24,16,0,0,7,10,50,0,0,0.47,0.28,15,0,0.0,0,0,1,18,16,2,0,0,,15,31.25,0,0,0,79,8,7,0,8,815,1,8,0,0,0,0,0.0,0,0,0,0,99,2,0,6.62,1,0,0,0,0,0,0,0,0.0,0.0,0,0,8,3,1,0,0.0,0,13,6,46.15,7,44,1,2,29,36.71,60,258,198,456,105.9,8,0,566,2,4,1,Moatasem Al-Musrati,Hellas Verona,868958,2701,italy,2526,20260428
0,1,100.0,17,1,50.0,33,27,60,74.07,18,66.67,9,11,0,0,0,0,1,0,0,3,0,6,11,0,0,3,0,17,0,0,0.09,0.3,2,0,0.0,0,0,0,6,6,0,0,0,,8,50.0,0,0,0,21,1,2,0,2,250,0,1,0,0,0,0,0.0,0,0,0,0,33,0,0,6.62,0,0,0,0,0,0,0,0,0.0,0.0,0,4,0,0,1,2,33.33,0,1,1,100.0,2,4,6,1,26,60.47,2,51,30,81,72.8,4,0,124,5,1,0,Edin Džeko,Fiorentina,14990,2693,italy,2526,20260428
20,1,50.0,28,32,68.09,51,99,150,81.52,5,50.0,5,8,0,0,0,0,13,0,1,0,0,16,6,0,0,1,2,13,0,0,0.21,0.2,5,0,0.0,0,0,0,7,5,2,0,0,,15,65.22,0,0,0,34,8,2,0,4,422,0,1,0,0,0,2,0.0,0,0,0,0,41,0,0,6.62,0,0,0,0,0,0,0,0,0.0,0.0,0,3,0,2,1,0,0.0,0,11,8,72.73,2,28,0,2,20,60.61,47,78,106,184,39.7,3,0,249,4,2,0,Saba Goglichidze,Udinese,1126175,2695,italy,2526,20260428
3,4,28.57,87,4,44.44,144,34,178,82.03,3,25.0,9,23,1,0,0,0,24,1,1,3,0,0,21,0,0,10,12,45,0,0,1.24,1.02,6,0,12.5,0,1,2,6,4,2,1,0,,25,40.98,0,0,0,39,5,11,1,6,655,3,0,0,0,0,0,0.0,0,0,0,0,88,3,0,6.61,0,0,0,0,0,0,0,0,655.0,0.0,0,7,1,2,3,10,52.63,0,13,6,46.15,11,12,19,14,28,38.36,9,178,39,217,138.9,8,0,327,2,0,0,Nicolas-Gerrit Kühn,Como,877835,2704,italy,2526,20260428
5,0,0.0,53,10,52.63,134,158,292,87.69,14,53.85,12,15,0,0,0,0,56,0,1,1,1,15,15,0,0,9,3,46,0,2,0.14,1.44,11,0,12.5,0,1,1,15,14,1,1,0,,32,48.48,0,0,1,41,5,5,0,7,792,0,3,0,0,0,1,0.0,0,0,0,0,80,0,0,6.61,0,1,0,0,0,0,0,0,792.0,0.0,0,3,5,5,2,9,45.0,0,15,10,66.67,5,10,20,2,46,50.0,19,157,176,333,99.2,8,0,464,8,2,0,Sulemana,Cagliari,105905,2719,italy,2526,20260428
2,2,11.11,40,6,37.5,73,50,123,74.1,4,30.77,9,15,0,0,0,0,24,1,0,2,0,8,15,0,0,6,11,49,0,0,0.38,0.34,12,0,0.0,0,0,0,11,11,0,0,0,,39,49.37,0,0,0,43,1,3,0,6,520,7,1,0,0,0,0,0.0,0,0,0,0,100,2,0,6.61,0,0,0,0,0,0,0,0,0.0,0.0,0,5,2,3,2,6,35.29,0,22,13,59.09,3,15,17,18,43,46.74,16,106,60,166,99.2,7,0,319,11,4,0,Zakaria Aboukhlal,Torino,856737,2696,italy,2526,20260428
5,0,0.0,54,11,57.89,110,91,201,78.21,29,48.33,31,26,0,0,0,0,32,3,1,2,1,16,23,0,0,13,7,74,0,1,0.83,2.12,18,0,11.11,0,2,2,11,10,1,2,0,,39,47.56,1,0,0,56,6,7,0,11,1051,2,1,0,0,0,0,0.0,0,0,0,0,107,3,0,6.61,0,1,0,0,0,0,0,0,525.5,0.0,0,15,3,11,5,4,30.77,0,10,4,40.0,7,9,13,6,68,47.89,19,153,104,257,152.1,18,0,425,26,2,0,Giovanni Fabbian,Fiorentina,1067204,2693,italy,2526,20260428
4,2,10.53,53,5,62.5,73,17,90,70.87,5,35.71,9,24,0,0,0,0,22,2,1,4,0,0,24,0,0,11,8,67,0,0,0.44,0.82,9,0,11.76,0,2,2,14,13,1,0,2,,37,38.95,0,0,0,37,1,4,2,1,495,1,0,0,0,0,0,0.0,0,0,0,0,122,6,0,6.61,0,0,0,0,0,0,0,0,247.5,0.0,1,6,11,8,5,9,22.5,0,11,4,36.36,4,9,40,19,42,38.53,8,107,20,127,158.7,17,0,305,17,3,0,N'Dri Konan,Lecce,978327,2689,italy,2526,20260428
4,3,25.0,34,4,44.44,71,61,132,84.08,5,62.5,3,13,0,0,0,0,15,1,0,0,0,9,11,0,1,3,1,12,0,1,0.27,0.05,1,0,0.0,0,0,0,2,2,0,0,0,,6,40.0,0,0,0,25,3,2,0,2,295,1,0,0,0,0,0,0.0,0,0,0,0,54,0,0,6.61,1,0,0,0,0,0,0,0,0.0,0.0,0,0,2,1,1,4,50.0,0,2,2,100.0,2,9,8,12,11,47.83,9,88,69,157,72.7,2,0,237,0,0,0,Pasquale Mazzocchi,Napoli,377512,2714,italy,2526,20260428
14,0,0.0,81,20,39.22,183,137,320,75.47,19,48.72,20,23,1,0,0,0,41,2,1,3,1,24,23,0,1,7,15,72,0,0,0.66,1.62,29,0,8.7,0,2,3,17,15,2,2,0,,50,49.02,0,0,0,104,18,6,2,14,1235,0,10,0,0,0,0,0.0,0,0,0,0,137,6,0,6.61,1,0,0,0,0,0,0,0,617.5,0.0,0,12,11,11,9,5,62.5,0,33,16,48.48,6,36,8,2,69,48.94,51,264,160,424,152.0,23,1,620,12,1,0,Tommaso Pobega,Bologna,928796,2685,italy,2526,20260428
10,8,20.51,40,12,48.0,80,52,132,80.0,6,75.0,2,13,0,0,0,0,12,0,0,2,1,17,12,0,0,0,4,15,1,0,0.73,0.07,8,0,0.0,0,0,0,11,11,0,0,0,,16,55.17,0,0,0,33,2,7,0,5,505,0,0,0,0,0,0,0.0,0,0,0,0,79,2,0,6.61,0,0,0,0,0,0,0,0,0.0,0.0,0,1,1,0,0,1,33.33,0,9,7,77.78,7,16,3,39,22,59.46,25,104,61,165,79.3,2,0,299,6,0,0,Cristiano Biraghi,Torino,122848,2696,italy,2526,20260428
4,2,33.33,44,6,54.55,115,125,240,89.89,5,35.71,9,16,0,0,0,0,36,0,0,1,0,11,16,0,0,10,7,38,0,0,0.23,0.11,12,0,0.0,0,0,0,10,10,0,0,0,,31,51.67,0,0,0,27,6,3,0,6,728,0,3,0,0,0,0,0.0,0,0,0,0,68,0,0,6.61,0,0,0,0,0,0,0,0,0.0,0.0,0,1,3,2,1,5,83.33,0,14,8,57.14,3,8,6,6,36,48.65,11,133,134,267,105.7,4,0,450,12,2,0,Woyo Coulibaly,Sassuolo,989894,2793,italy,2526,20260428
3,7,16.28,52,8,30.77,108,104,212,80.0,5,45.45,6,18,0,0,0,0,26,0,1,3,0,18,18,0,0,8,6,33,0,0,0.42,0.42,9,0,0.0,0,0,0,7,5,2,0,0,,25,48.08,0,0,0,53,8,4,0,6,644,1,2,0,0,0,0,0.0,0,0,0,0,119,3,0,6.61,0,0,0,0,0,0,0,0,0.0,0.0,0,5,2,4,0,6,60.0,0,11,6,54.55,4,11,10,43,30,47.62,26,147,118,265,118.9,7,0,459,8,1,0,Kostas Tsimikas,Roma,786259,2702,italy,2526,20260428
17,13,37.14,114,14,24.56,271,294,565,81.29,28,47.46,31,29,0,0,0,0,61,4,1,1,4,53,28,0,0,12,8,86,1,1,1.02,0.68,16,0,0.0,0,0,0,29,24,5,0,0,,59,51.75,0,0,1,130,23,15,0,21,1851,0,14,0,0,0,1,0.0,0,0,0,0,260,1,0,6.6,0,0,0,0,0,0,0,0,0.0,0.0,0,4,7,6,4,9,30.0,0,33,21,63.64,15,33,30,35,87,50.29,57,351,344,695,184.9,11,0,1213,17,5,0,Josh Doig,Sassuolo,989276,2793,italy,2526,20260428
5,1,33.33,38,5,71.43,66,23,89,68.46,18,45.0,22,15,1,0,0,0,8,0,5,7,0,3,15,0,0,14,0,44,0,0,0.68,4.12,7,0,10.0,0,3,4,9,5,4,3,0,,20,47.62,1,0,0,41,2,7,2,8,702,5,2,0,0,1,0,100.0,0,1,0,1,86,3,0,6.6,0,0,0,0,0,0,0,0,234.0,0.0,2,21,9,12,11,2,50.0,0,3,3,100.0,7,7,4,3,38,46.34,7,101,29,130,99.0,30,0,249,15,0,0,Dušan Vlahović,Juventus,832208,2687,italy,2526,20260428
10,4,25.0,66,10,90.91,104,24,128,82.05,9,47.37,10,20,0,0,0,0,30,0,2,10,0,6,20,0,0,26,8,68,0,0,0.9,2.01,13,0,4.17,0,1,1,13,9,4,1,0,,43,42.57,0,0,2,28,2,10,1,8,857,4,0,0,0,0,0,0.0,0,0,0,0,116,5,0,6.6,0,0,0,0,0,0,0,0,857.0,0.0,0,13,11,10,4,15,48.39,0,9,5,55.56,10,13,31,16,52,43.33,11,127,29,156,132.0,24,0,371,20,1,0,Gaetano Oristanio,Parma,965009,2690,italy,2526,20260428
27,0,0.0,63,27,34.18,202,519,721,87.08,17,42.5,23,20,1,0,0,0,50,1,0,1,3,72,20,0,0,0,18,67,1,2,0.29,0.25,25,0,0.0,0,0,1,24,21,3,0,0,,44,50.0,0,0,1,107,18,2,0,17,1498,0,12,0,0,0,0,0.0,0,0,0,0,149,2,0,6.6,0,0,0,0,0,0,0,0,0.0,0.0,0,3,1,3,0,5,71.43,0,27,16,59.26,2,62,7,4,61,47.66,79,270,558,828,132.0,4,0,1106,13,4,0,Zé Pedro,Cagliari,945448,2719,italy,2526,20260428
0,0,0.0,11,0,0.0,14,5,19,95.0,0,0.0,0,1,0,0,0,0,1,0,0,0,0,0,1,0,0,0,1,4,0,0,0.07,,0,0,0.0,0,0,0,1,1,0,0,0,,5,55.56,0,0,0,1,0,2,0,0,45,0,0,0,0,0,0,0.0,0,0,0,0,5,0,0,6.6,0,0,0,0,0,0,0,0,0.0,0.0,0,0,0,0,0,4,57.14,0,0,0,0.0,2,0,7,1,5,55.56,0,14,6,20,6.6,0,0,35,1,1,0,Álex Jiménez,Milan,1184308,2692,italy,2526,20260428
0,0,0.0,0,0,0.0,0,1,1,100.0,0,0.0,2,1,0,0,0,0,0,0,0,0,0,0,1,0,0,0,0,3,0,0,0.0,,1,0,0.0,0,0,0,0,0,0,0,0,,2,66.67,0,0,0,0,0,0,0,0,18,1,0,0,0,0,0,0.0,0,0,0,0,2,0,0,6.6,0,0,0,0,0,0,0,0,0.0,0.0,0,0,0,0,0,0,0.0,0,1,0,0.0,0,0,0,0,2,40.0,0,0,1,1,6.6,0,0,7,1,0,0,Daniel Mikołajewski,Parma,1423452,2690,italy,2526,20260428
0,0,0.0,0,0,0.0,0,5,5,83.33,0,0.0,0,1,0,0,0,0,0,0,0,0,0,0,1,0,0,0,0,0,0,0,0.0,,0,0,0.0,0,0,0,0,0,0,0,0,,0,0.0,0,0,0,1,0,0,0,0,12,0,0,0,0,0,0,0.0,0,0,0,0,1,0,0,6.6,0,0,0,0,0,0,0,0,0.0,0.0,0,0,0,0,0,0,0.0,0,0,0,0.0,0,0,0,0,0,0.0,1,0,6,6,6.6,0,0,7,0,0,0,Othniël Raterink,Cagliari,1469998,2719,italy,2526,20260428
1,0,0.0,5,1,100.0,8,10,18,94.74,0,0.0,0,2,0,0,0,0,2,0,0,0,0,0,1,0,0,0,0,1,0,0,0.01,,1,0,0.0,0,0,0,1,1,0,0,0,,1,50.0,0,0,0,1,0,0,0,0,27,0,0,0,0,0,0,0.0,0,0,0,0,1,0,0,6.6,0,0,0,0,0,0,0,0,0.0,0.0,0,0,0,0,0,0,0.0,0,1,1,100.0,0,1,0,0,1,50.0,1,8,11,19,6.6,0,0,22,0,0,0,Olaf Gorter,Lecce,1403088,2689,italy,2526,20260428
0,0,0.0,0,0,0.0,0,2,2,66.67,0,0.0,1,3,0,0,0,0,1,0,0,0,0,0,1,0,0,0,0,1,0,0,0.0,,0,0,0.0,0,0,0,0,0,0,0,0,,0,0.0,0,0,0,1,0,0,0,0,14,0,0,0,0,0,0,0.0,0,0,0,0,1,0,0,6.6,0,0,0,0,0,0,0,0,0.0,0.0,0,0,0,0,0,0,0.0,0,0,0,0.0,0,0,0,0,0,0.0,0,1,2,3,6.6,0,0,5,0,0,0,Franco Carboni,Parma,1086199,2690,italy,2526,20260428
1,0,0.0,3,16,28.57,11,26,37,47.44,0,0.0,0,3,0,0,0,0,18,0,0,0,1,2,3,0,0,0,0,0,0,0,0.0,,0,0,0.0,19,0,0,7,7,0,0,0,-2.65,0,0.0,0,3,0,41,0,0,0,3,270,0,0,0,0,0,0,0.0,0,0,0,0,41,0,2,6.6,0,0,0,4,4,8,0,3,0.0,0.0,0,0,0,0,0,0,0.0,0,0,0,0.0,0,4,0,0,0,0.0,56,49,29,78,19.8,0,0,98,0,0,0,Simone Perilli,Hellas Verona,253369,2701,italy,2526,20260428
0,0,0.0,3,0,0.0,6,6,12,85.71,1,33.33,2,4,0,0,0,0,2,0,0,0,0,0,4,0,0,2,1,7,0,0,0.0,,1,0,0.0,0,0,0,1,1,0,0,0,,2,28.57,0,0,0,2,0,0,0,0,52,0,0,0,0,0,0,0.0,0,0,0,0,8,1,0,6.6,0,0,0,0,0,0,0,0,0.0,0.0,0,0,0,0,0,1,50.0,0,0,0,0.0,0,1,2,0,3,30.0,1,8,6,14,26.4,0,0,27,1,0,0,Nicolò Cavuoti,Cagliari,1013041,2719,italy,2526,20260428
2,0,0.0,5,2,22.22,14,26,40,75.47,8,72.73,3,5,0,0,0,0,6,0,0,0,0,9,5,0,0,0,1,7,0,0,0.06,,3,0,0.0,0,0,0,3,3,0,0,0,,2,33.33,0,0,0,13,2,0,0,1,124,0,1,0,0,0,0,0.0,0,0,0,0,18,0,0,6.6,0,0,0,0,0,0,0,0,0.0,0.0,0,0,0,0,0,0,0.0,0,2,0,0.0,0,3,1,1,10,58.82,9,22,31,53,33.0,0,0,79,0,0,0,Matteo Palma,Udinese,1495719,2695,italy,2526,20260428
4,3,20.0,75,8,53.33,157,160,317,84.99,3,20.0,12,20,0,0,0,0,38,0,0,1,0,24,20,0,0,6,3,42,0,0,0.25,0.15,9,0,0.0,0,0,0,10,10,0,0,0,,38,55.88,0,0,0,56,6,2,0,9,925,0,1,0,0,0,0,0.0,0,0,0,0,113,1,0,6.6,0,0,0,0,0,0,0,0,0.0,0.0,0,1,3,1,2,10,45.45,0,11,7,63.64,2,14,22,15,41,49.4,15,194,179,373,132.0,4,0,604,18,2,0,Manuel Lazzari,Lazio,273405,2699,italy,2526,20260428
7,1,50.0,14,8,32.0,83,150,233,88.26,10,52.63,9,6,0,0,0,0,15,0,0,0,0,24,5,0,0,0,0,20,0,1,0.16,0.06,10,0,0.0,4,0,0,6,6,0,0,0,,5,31.25,0,0,0,31,9,3,0,5,420,1,4,0,0,0,0,0.0,0,0,0,0,41,0,0,6.6,0,0,0,0,0,0,0,0,0.0,0.0,0,2,0,1,1,0,0.0,0,5,4,80.0,3,21,1,2,15,42.86,25,104,160,264,33.0,2,0,348,1,1,0,Rosen Bozhinov,Pisa,1152943,2737,italy,2526,20260428
12,1,50.0,65,28,43.75,172,352,524,88.96,11,47.83,12,13,0,0,0,0,27,0,0,0,3,45,13,0,0,3,4,36,1,0,0.18,0.05,16,0,0.0,8,0,0,17,14,3,0,0,,19,44.19,0,0,0,65,9,4,0,12,971,0,8,0,1,0,0,0.0,0,0,0,0,80,0,0,6.6,0,0,0,0,0,0,0,0,0.0,0.0,0,1,0,1,0,2,66.67,0,9,4,44.44,3,33,3,2,30,45.45,64,210,379,589,85.8,1,0,704,8,3,0,Enzo Ebosse,Torino,848279,2696,italy,2526,20260428
4,4,16.67,55,4,26.67,107,88,195,70.91,20,51.28,19,25,0,0,0,0,31,4,0,1,1,35,23,0,0,8,8,63,0,0,0.71,0.41,19,0,0.0,0,0,0,19,15,4,0,0,,35,44.3,0,0,0,80,5,8,0,11,1042,2,5,0,0,0,0,0.0,0,0,0,2,150,1,0,6.6,0,0,0,0,0,0,0,0,0.0,0.0,0,3,2,3,1,6,37.5,0,26,15,57.69,8,11,16,24,55,46.61,15,168,107,275,151.7,5,0,492,5,2,0,Romano Floriani Mussolini,Cremonese,1100354,2761,italy,2526,20260428
1,0,0.0,22,1,100.0,34,18,52,78.79,10,45.45,12,16,0,0,0,0,11,1,2,6,0,3,14,0,0,9,1,39,0,0,0.6,1.26,17,0,6.67,0,1,1,3,3,0,1,0,,18,40.0,0,0,1,14,0,2,0,4,420,4,0,0,0,0,0,0.0,0,0,0,0,43,3,0,6.59,0,1,0,0,0,0,0,0,420.0,0.0,0,12,3,4,5,6,66.67,0,0,0,0.0,2,1,9,0,28,41.79,1,44,22,66,92.3,15,0,146,13,1,0,Lorenzo Lucca,Napoli,962364,2714,italy,2526,20260428
4,1,100.0,29,3,42.86,64,37,101,81.45,8,53.33,7,15,0,0,0,0,13,0,1,3,0,4,14,0,0,2,2,21,0,0,0.15,0.49,8,0,0.0,0,0,0,7,5,2,0,0,,13,48.15,0,0,0,23,6,3,0,1,286,1,1,0,0,0,0,0.0,0,0,0,0,39,3,0,6.59,0,0,0,0,0,0,0,0,0.0,0.0,0,3,1,0,1,3,60.0,0,9,5,55.56,3,7,5,1,21,50.0,7,84,40,124,92.3,4,0,184,1,1,0,Tino Anjorin,Torino,907667,2696,italy,2526,20260428
2,0,0.0,29,0,0.0,49,11,60,71.43,15,65.22,8,13,1,0,0,0,5,2,3,1,0,3,13,0,0,11,0,30,0,0,0.45,2.35,11,0,30.0,0,3,4,3,2,1,3,0,,11,33.33,1,0,0,24,1,11,2,3,388,4,0,0,0,0,0,0.0,0,0,0,0,54,1,0,6.59,0,0,0,0,0,0,0,0,129.33,0.0,0,10,0,4,5,2,66.67,0,3,3,100.0,11,4,3,1,26,46.43,0,68,16,84,85.7,10,0,156,6,0,0,Artem Dovbyk,Roma,798820,2702,italy,2526,20260428
24,0,0.0,99,26,57.78,279,397,676,89.77,6,33.33,12,26,0,0,0,0,81,0,0,3,4,7,26,0,0,20,9,87,0,1,0.35,0.19,38,0,0.0,0,0,0,29,24,5,0,0,,77,50.66,0,0,0,77,8,3,0,22,1740,0,3,0,0,0,0,0.0,0,0,0,0,137,3,0,6.59,0,0,0,0,0,0,0,0,0.0,0.0,0,1,5,3,0,15,57.69,0,31,14,45.16,3,38,26,3,83,48.82,45,328,425,753,171.4,6,0,974,31,5,0,Warren Bondo,Cremonese,1000366,2761,italy,2526,20260428
0,1,33.33,9,0,0.0,14,5,19,63.33,5,35.71,9,10,0,0,0,0,3,0,0,1,0,1,10,0,0,5,1,17,0,0,0.04,0.51,1,0,20.0,0,1,1,2,1,1,1,0,,12,60.0,1,0,0,11,2,0,0,0,198,2,0,0,0,0,0,0.0,0,0,0,0,30,0,0,6.59,0,0,0,0,0,0,0,0,198.0,0.0,0,5,0,2,2,0,0.0,0,0,0,0.0,0,0,1,3,17,50.0,0,25,5,30,65.9,5,0,76,12,0,0,Robinio Vaz,Roma,1514800,2702,italy,2526,20260428
1,0,0.0,31,4,66.67,52,34,86,86.0,1,12.5,7,10,0,0,0,0,15,0,0,1,0,3,10,0,0,2,2,20,1,1,0.23,0.23,3,0,16.67,0,1,1,3,3,0,0,1,,7,35.0,0,0,0,14,2,4,0,1,193,0,0,0,0,0,0,0.0,0,0,0,0,30,3,0,6.59,0,1,0,0,0,0,0,0,193.0,0.0,1,1,5,1,4,1,14.29,0,4,2,50.0,4,4,7,5,8,28.57,6,60,40,100,65.9,6,0,147,2,0,0,Vasilije Adžić,Juventus,1149288,2687,italy,2526,20260428
5,0,0.0,21,16,40.0,99,319,418,91.87,18,51.43,17,11,0,0,0,0,28,0,0,0,1,47,10,0,0,0,3,37,0,0,0.06,0.03,17,0,0.0,17,0,0,19,13,6,0,0,,20,50.0,0,0,0,37,22,2,0,9,809,0,7,0,0,0,0,0.0,0,0,0,0,42,0,0,6.59,0,0,0,0,0,0,0,0,0.0,0.0,0,1,1,2,0,0,0.0,0,12,8,66.67,2,16,1,0,38,50.67,40,125,330,455,65.9,2,0,577,8,3,0,Pablo Mari,Fiorentina,208988,2693,italy,2526,20260428
21,8,19.51,96,23,41.07,208,169,377,78.38,10,41.67,14,19,0,0,0,0,60,1,1,5,2,30,19,0,1,14,12,81,1,0,0.51,0.9,34,0,5.56,0,1,1,29,25,4,0,1,,57,45.97,0,0,1,104,13,9,1,15,1323,0,3,0,0,0,0,0.0,0,0,0,0,184,8,0,6.59,1,0,0,0,0,0,0,0,1323.0,0.0,0,5,13,10,3,7,46.67,0,34,15,44.12,9,44,15,41,67,45.27,56,278,203,481,125.2,18,1,745,16,4,0,Youssef Maleh,Cremonese,849274,2761,italy,2526,20260428
6,0,0.0,63,8,72.73,106,49,155,74.16,32,43.24,42,25,1,0,0,1,27,3,6,10,0,13,25,0,0,14,3,76,0,1,0.52,3.69,14,0,9.68,0,3,4,18,13,5,2,1,,30,46.88,1,0,0,54,1,9,0,9,979,7,1,0,0,1,0,0.0,0,0,0,0,123,9,0,6.58,0,2,0,0,0,0,0,0,326.33,0.0,0,25,6,6,15,6,40.0,0,3,2,66.67,9,15,15,7,62,44.93,11,153,56,209,164.6,31,0,381,23,0,0,Duván Zapata,Torino,38162,2696,italy,2526,20260428
2,2,28.57,21,0,0.0,38,12,50,76.92,1,20.0,4,12,0,0,0,0,10,1,2,1,0,1,12,0,0,5,3,24,0,0,0.18,1.1,4,0,0.0,0,0,0,8,6,2,0,0,,23,53.49,0,0,0,15,1,3,0,2,335,0,0,0,0,0,0,0.0,0,0,0,0,47,2,0,6.58,0,0,0,0,0,0,0,0,0.0,0.0,0,7,5,5,6,3,25.0,0,2,1,50.0,3,3,12,7,24,50.0,0,52,13,65,79.0,12,0,144,18,0,0,Zito Luvumbo,Cagliari,1000150,2719,italy,2526,20260428
2,1,10.0,10,3,60.0,16,16,32,60.38,2,50.0,2,6,0,0,0,0,6,1,0,0,0,6,6,0,0,1,3,14,0,0,0.1,0.35,7,0,0.0,0,0,0,6,6,0,0,0,,20,62.5,0,0,0,21,4,4,0,3,235,1,0,0,0,0,0,0.0,0,0,0,0,42,0,0,6.58,0,0,0,0,0,0,0,0,0.0,0.0,0,5,0,3,2,1,50.0,0,14,10,71.43,4,5,2,10,22,61.11,5,30,23,53,39.5,5,0,144,5,0,0,Fallou Cham,Hellas Verona,1945133,2701,italy,2526,20260428
15,11,22.92,116,15,36.59,210,240,450,76.14,11,40.74,16,27,2,0,0,0,74,3,0,4,7,37,27,0,0,18,32,89,0,1,1.28,0.42,15,0,0.0,0,0,2,27,22,5,0,0,,64,46.72,0,0,1,141,8,18,0,21,2015,0,5,0,1,0,1,0.0,0,0,0,0,259,6,0,6.58,0,0,0,0,0,0,0,0,0.0,0.0,0,4,9,6,3,9,50.0,0,33,19,57.58,17,32,18,48,75,45.73,41,298,293,591,177.7,13,0,1004,22,4,0,Sascha Britschgi,Parma,1963449,2690,italy,2526,20260428
3,2,10.53,43,6,66.67,80,78,158,77.83,14,46.67,16,21,0,0,0,0,30,2,4,5,0,10,21,0,0,10,6,48,0,0,0.85,1.41,9,0,0.0,0,0,0,18,16,2,0,0,,34,51.52,0,0,0,45,1,7,0,5,776,0,0,0,0,0,0,0.0,0,0,0,0,94,6,0,6.58,0,0,0,0,0,0,0,0,0.0,0.0,0,15,1,5,6,4,33.33,0,19,10,52.63,7,6,12,19,48,50.0,9,116,87,203,138.2,16,0,345,12,2,0,Gabriele Piccinini,Pisa,970778,2737,italy,2526,20260428
23,11,34.38,127,25,37.88,275,380,655,84.73,11,55.0,9,27,3,0,0,0,44,3,0,2,1,42,24,0,0,2,16,46,0,0,1.37,0.53,12,0,0.0,0,0,3,24,19,5,0,0,,37,50.0,0,0,1,118,15,9,0,16,1392,0,1,0,0,0,0,0.0,0,0,0,0,180,1,0,6.58,0,0,0,0,0,0,0,0,0.0,0.0,0,7,2,7,0,5,38.46,0,27,16,59.26,9,54,13,32,48,51.06,66,356,417,773,157.9,9,0,1074,5,2,0,Gabriele Zappa,Cagliari,927304,2719,italy,2526,20260428
8,3,17.65,56,27,45.76,126,233,359,81.96,18,47.37,20,23,0,0,0,0,47,0,0,2,1,61,23,0,0,5,19,76,0,0,0.23,0.2,27,0,0.0,0,0,0,24,23,1,0,0,,34,37.78,0,0,0,79,18,4,0,15,1316,1,13,0,0,0,0,0.0,0,0,0,1,153,2,0,6.58,0,0,0,0,0,0,0,0,0.0,0.0,0,3,1,1,1,2,25.0,0,15,7,46.67,4,28,8,17,52,40.63,59,187,251,438,151.3,4,0,770,21,6,0,Arturo Calabresi,Pisa,284367,2737,italy,2526,20260428
2,1,25.0,19,3,37.5,29,18,47,78.33,0,0.0,3,9,0,0,0,0,7,0,0,1,0,1,9,0,0,2,1,12,0,0,0.08,1.02,0,0,33.33,0,1,1,8,8,0,1,0,,14,60.87,0,0,0,13,3,1,1,0,113,0,0,0,0,0,0,0.0,0,0,0,0,33,0,0,6.58,0,0,0,0,0,0,0,0,113.0,0.0,0,3,0,1,1,6,50.0,0,5,4,80.0,1,7,12,4,14,53.85,8,40,20,60,59.2,3,0,108,3,0,0,Lorran,Pisa,1459764,2737,italy,2526,20260428
15,1,100.0,50,13,92.86,113,72,185,77.08,6,15.38,33,22,0,0,0,0,29,0,0,6,0,0,21,0,0,29,0,86,0,0,0.2,1.86,14,0,23.53,0,4,4,15,13,2,3,1,,34,39.08,1,0,0,55,1,11,1,11,984,2,1,0,0,0,0,0.0,0,0,0,0,137,7,0,6.58,0,2,0,0,0,0,0,0,246.0,0.0,0,10,7,3,8,14,56.0,0,5,4,80.0,11,22,25,1,40,31.75,14,155,85,240,138.1,17,0,412,15,1,0,Semih Kılıçsoy,Cagliari,1142606,2719,italy,2526,20260428
1,0,0.0,7,0,0.0,8,3,11,68.75,0,0.0,2,5,0,0,0,0,1,0,1,0,0,1,4,0,0,2,0,6,0,0,0.27,0.26,2,0,50.0,0,1,1,2,1,1,1,0,,0,0.0,0,0,0,5,0,2,1,0,50,0,1,0,0,0,0,0.0,0,0,0,0,12,0,0,6.58,0,0,0,0,0,0,0,0,50.0,0.0,0,2,0,1,1,0,0.0,0,0,0,0.0,2,1,0,0,0,0.0,0,13,3,16,26.3,2,0,29,0,1,0,Romelu Lukaku,Napoli,78893,2714,italy,2526,20260428
6,6,50.0,62,7,33.33,164,129,293,81.16,21,38.18,34,20,1,0,0,0,41,0,0,1,0,18,20,0,0,5,10,67,0,0,0.77,0.17,20,0,0.0,0,0,1,22,20,2,0,0,,40,54.79,0,0,0,68,14,11,0,11,983,2,5,0,0,0,1,0.0,0,0,0,0,99,2,0,6.58,0,0,0,0,0,0,0,0,0.0,0.0,0,2,4,4,1,4,66.67,0,21,14,66.67,11,17,6,12,61,47.66,21,218,143,361,131.5,6,0,536,15,1,0,Cheikh Niasse,Hellas Verona,972523,2701,italy,2526,20260428
4,1,11.11,22,5,71.43,27,32,59,74.68,1,50.0,1,4,0,1,0,0,8,0,1,2,0,2,4,0,0,2,0,5,0,0,0.21,1.22,1,0,0.0,0,0,0,1,1,0,0,0,,7,63.64,0,0,0,20,3,2,0,2,191,0,0,0,0,1,0,0.0,0,0,0,0,36,3,0,6.58,0,0,0,0,0,0,0,0,0.0,0.0,1,3,2,3,0,1,50.0,0,4,2,50.0,2,9,2,9,8,61.54,7,42,37,79,26.3,5,0,120,2,0,0,Nicolae Stanciu,Genoa,108673,2713,italy,2526,20260428
24,0,0.0,45,198,31.53,153,227,380,46.68,5,100.0,0,31,1,0,0,0,225,2,0,0,5,25,31,3,0,0,0,0,2,0,0.07,,0,0,0.0,223,0,1,49,41,8,0,0,-12.15,6,100.0,0,23,0,434,0,3,0,31,2790,0,0,0,0,0,0,0.0,4,0,2,0,437,0,15,6.57,0,0,13,37,32,72,0,21,0.0,0.0,0,0,0,0,0,1,100.0,13,0,0,0.0,3,51,1,0,11,100.0,628,536,278,814,203.8,0,2,1047,6,0,0,Lorenzo Montipo,Hellas Verona,253391,2701,italy,2526,20260428
27,3,27.27,84,42,43.3,200,231,431,78.08,28,45.9,33,17,0,0,0,0,54,0,0,3,2,62,17,0,0,2,7,70,0,0,0.36,0.45,27,0,0.0,0,0,0,26,22,4,0,0,,42,53.16,0,0,0,121,23,5,0,15,1265,0,13,1,0,0,0,0.0,0,0,0,0,150,1,0,6.57,0,0,0,0,0,0,0,0,0.0,0.0,0,5,2,3,1,9,75.0,0,24,16,66.67,5,64,12,11,70,50.0,97,290,262,552,111.7,7,0,804,10,5,0,Unai Núñez,Hellas Verona,892521,2701,italy,2526,20260428
4,0,0.0,110,5,35.71,194,98,292,69.52,56,33.73,110,34,1,0,0,1,49,1,11,13,0,20,34,0,0,43,10,220,0,0,0.82,8.19,37,0,11.48,0,7,8,29,26,3,6,1,,78,41.49,0,0,1,128,1,14,6,26,2064,1,2,0,0,2,1,50.0,0,1,0,1,287,12,0,6.57,0,1,0,0,0,0,0,0,294.86,0.0,0,48,13,22,26,17,38.64,0,17,12,70.59,14,14,44,14,134,37.85,14,293,127,420,223.3,61,0,832,48,2,0,Lorenzo Colombo,Genoa,930191,2713,italy,2526,20260428
7,12,31.58,42,10,33.33,91,120,211,80.84,2,14.29,12,12,2,0,0,0,21,1,0,2,1,19,12,0,0,3,8,42,0,0,0.66,0.13,4,0,0.0,1,0,2,12,8,4,0,0,,26,46.43,0,0,0,50,10,10,0,10,819,1,1,0,0,0,0,0.0,0,0,0,0,114,2,0,6.57,0,0,0,0,0,0,0,0,0.0,0.0,0,2,3,2,1,4,21.05,0,18,5,27.78,10,16,19,38,28,40.0,30,117,144,261,78.8,5,0,487,4,0,0,Rafael Obrador,Torino,1142692,2696,italy,2526,20260428
8,0,0.0,23,9,28.13,56,125,181,80.09,16,59.26,11,9,1,0,0,0,15,1,0,0,0,25,9,0,1,1,0,21,0,0,0.31,0.2,10,0,0.0,2,0,1,13,11,2,0,0,,16,61.54,0,0,0,45,7,2,0,6,489,0,5,0,0,0,0,0.0,0,0,0,0,63,1,0,6.57,1,0,0,0,0,0,0,0,0.0,0.0,0,3,2,3,2,1,100.0,0,7,2,28.57,2,24,1,3,32,60.38,32,83,143,226,59.1,5,0,339,9,1,0,Federico Ceccherini,Cremonese,139410,2761,italy,2526,20260428
6,0,0.0,17,6,25.0,53,93,146,76.44,11,39.29,17,12,0,0,0,0,26,0,0,0,0,28,12,0,0,1,4,30,0,1,0.03,0.22,9,0,0.0,3,0,0,6,6,0,0,0,,15,53.57,0,0,0,45,2,1,0,5,512,0,3,0,0,0,1,0.0,0,0,0,0,68,1,0,6.57,0,0,0,0,0,0,0,0,0.0,0.0,0,1,2,3,0,0,0.0,0,9,9,100.0,1,18,0,4,26,46.43,24,84,107,191,78.8,3,0,298,6,2,0,Fali Candé,Sassuolo,892430,2793,italy,2526,20260428
1,0,0.0,4,4,44.44,17,48,65,82.28,8,80.0,2,3,0,0,0,0,7,0,0,3,0,12,3,0,0,0,3,10,0,0,0.01,0.07,4,0,0.0,6,0,0,5,4,1,0,0,,3,27.27,0,0,0,14,0,1,0,3,199,0,5,0,0,0,0,0.0,0,0,0,0,17,0,0,6.57,0,0,0,0,0,0,0,0,0.0,0.0,0,4,0,1,0,1,50.0,0,2,2,100.0,1,4,2,1,11,52.38,9,28,51,79,19.7,4,0,107,0,1,0,Mateus Lusuardi,Pisa,1525361,2737,italy,2526,20260428
0,0,0.0,6,0,0.0,8,5,13,72.22,3,75.0,1,3,0,0,0,0,4,0,0,0,0,0,3,0,0,0,0,2,0,0,0.02,0.05,0,0,0.0,0,0,0,0,0,0,0,0,,1,50.0,0,0,0,5,0,0,0,0,64,0,0,0,0,0,0,0.0,0,0,0,0,8,0,0,6.57,0,0,0,0,0,0,0,0,0.0,0.0,0,1,1,1,1,0,0.0,0,0,0,0.0,0,0,1,0,4,66.67,1,11,7,18,19.7,2,0,27,1,0,0,Ioan Vermesan,Hellas Verona,1152477,2701,italy,2526,20260428
27,4,44.44,99,42,43.3,319,551,870,83.41,42,58.33,30,28,2,0,0,0,74,1,0,0,6,94,28,0,0,8,2,63,2,2,0.51,0.14,21,0,0.0,0,0,2,33,31,2,0,0,,37,52.86,0,0,0,173,19,8,0,25,2261,0,9,0,0,0,0,0.0,0,0,0,0,237,4,0,6.56,0,0,0,0,0,0,0,0,0.0,0.0,0,3,0,1,2,4,57.14,0,23,17,73.91,8,65,7,9,79,55.63,97,437,606,1043,183.8,3,0,1328,10,4,0,Alessandro Marcandalli,Genoa,1068885,2713,italy,2526,20260428
9,7,22.58,92,12,33.33,210,130,340,75.56,19,37.25,32,24,0,0,0,0,68,1,1,5,1,18,24,0,0,21,9,118,0,0,0.95,1.77,36,0,4.55,0,1,1,16,12,4,0,1,,71,45.22,0,0,1,110,9,10,0,16,1429,2,3,0,0,0,0,0.0,0,0,0,0,230,6,0,6.56,0,1,0,0,0,0,0,0,1429.0,0.0,0,8,14,9,8,22,45.83,0,18,8,44.44,10,31,48,31,90,43.27,36,300,150,450,157.5,22,0,772,33,8,0,Martín Payero,Cremonese,895592,2761,italy,2526,20260428
1,0,0.0,9,0,0.0,14,6,20,64.52,3,37.5,5,11,1,0,0,0,8,0,1,0,0,1,10,0,0,2,1,21,1,0,0.05,0.21,7,0,33.33,0,1,2,4,4,0,0,1,,7,30.43,0,0,0,11,0,2,0,1,193,0,0,0,0,0,0,0.0,0,0,0,0,28,3,0,6.56,0,1,0,0,0,0,0,0,193.0,0.0,0,1,2,1,2,3,33.33,0,2,0,0.0,2,3,9,2,10,32.26,2,23,8,31,65.6,3,0,70,2,2,0,Alieu Njie,Torino,1493157,2696,italy,2526,20260428
0,3,75.0,13,0,0.0,20,7,27,72.97,1,33.33,2,7,0,0,0,0,4,0,0,1,0,0,7,0,0,1,0,4,0,0,0.14,0.12,0,0,0.0,0,0,0,3,3,0,0,0,,5,71.43,0,0,0,10,2,3,0,1,125,0,2,0,0,0,0,0.0,0,0,0,0,17,1,0,6.56,0,0,0,0,0,0,0,0,0.0,0.0,1,0,2,0,1,4,80.0,0,1,0,0.0,3,2,5,4,6,60.0,2,30,7,37,45.9,2,0,62,0,0,0,Þórir Jóhann Helgason,Lecce,886628,2689,italy,2526,20260428
5,2,16.67,37,4,40.0,78,55,133,89.86,8,57.14,6,22,0,0,0,0,25,1,1,2,0,13,20,0,0,3,14,33,0,0,0.24,0.28,8,0,0.0,0,0,0,10,9,1,0,0,,9,25.0,0,0,1,15,6,2,0,2,466,0,3,0,0,0,0,0.0,0,0,0,0,38,2,0,6.56,0,0,0,0,0,0,0,0,0.0,0.0,0,3,1,1,1,1,33.33,0,4,4,100.0,2,8,3,12,17,34.0,10,89,59,148,131.1,4,0,229,4,2,0,Oier Zarraga,Udinese,1009661,2695,italy,2526,20260428
3,1,20.0,37,7,58.33,86,121,207,84.49,8,61.54,5,16,0,0,0,0,26,0,0,1,0,15,15,0,0,8,11,48,0,0,0.16,0.15,16,0,0.0,0,0,0,9,9,0,0,0,,36,45.57,0,0,0,38,0,2,0,9,692,1,0,0,0,0,0,0.0,0,0,0,0,82,2,0,6.55,0,0,0,0,0,0,0,0,0.0,0.0,0,1,2,1,1,3,23.08,0,16,9,56.25,2,9,13,5,44,47.83,12,110,135,245,98.3,3,0,367,17,2,0,Aster Vranckx,Sassuolo,989371,2793,italy,2526,20260428
3,0,0.0,28,0,0.0,48,43,91,81.98,7,77.78,2,15,0,0,0,0,14,0,0,0,0,6,14,0,0,3,4,24,0,1,0.12,0.43,11,0,33.33,0,1,1,6,6,0,1,0,,6,21.43,1,0,0,20,3,0,0,1,269,1,0,0,0,0,0,0.0,0,0,0,0,37,2,0,6.55,0,0,0,0,0,0,0,0,269.0,0.0,0,2,1,2,1,0,0.0,0,6,3,50.0,0,6,5,2,13,35.14,5,63,48,111,91.7,3,0,163,0,3,0,Edoardo Iannoni,Sassuolo,1013239,2793,italy,2526,20260428
0,0,0.0,6,0,0.0,13,4,17,89.47,1,100.0,0,2,0,0,0,0,3,0,0,0,0,0,2,0,0,1,0,2,0,0,0.01,,1,0,0.0,0,0,0,0,0,0,0,0,,3,60.0,0,0,0,2,0,0,0,0,27,0,0,0,0,0,0,0.0,0,0,0,0,4,1,0,6.55,0,0,0,0,0,0,0,0,0.0,0.0,0,0,0,0,0,1,100.0,0,0,0,0.0,0,0,1,1,4,66.67,0,15,4,19,13.1,0,0,25,2,0,0,Isaac,Hellas Verona,1471239,2701,italy,2526,20260428
0,0,0.0,1,0,0.0,2,1,3,75.0,0,0.0,0,2,0,0,0,0,0,0,0,2,0,0,2,0,0,2,1,3,0,0,0.02,0.21,0,0,0.0,0,0,0,0,0,0,0,0,,0,0.0,0,0,0,1,0,0,0,0,25,1,0,0,0,0,0,0.0,0,0,0,0,3,0,0,6.55,0,0,0,0,0,0,0,0,0.0,0.0,0,1,1,0,0,0,0.0,0,0,0,0.0,0,0,0,0,0,0.0,0,2,2,4,13.1,2,0,9,0,0,0,Antonio Arena,Roma,1923599,2702,italy,2526,20260428
0,0,0.0,1,1,100.0,3,2,5,83.33,1,100.0,0,2,0,0,0,0,1,0,0,0,0,2,2,0,0,0,0,1,0,0,0.0,0.06,0,0,0.0,0,0,0,1,1,0,0,0,,0,0.0,0,0,0,1,0,0,0,0,24,0,0,0,0,0,0,0.0,0,0,0,0,5,0,0,6.55,0,0,0,0,0,0,0,0,0.0,0.0,0,1,0,1,0,0,0.0,0,0,0,0.0,0,0,1,0,1,50.0,1,4,2,6,13.1,1,0,15,0,0,0,Ali Dembélé,Torino,1397347,2696,italy,2526,20260428
1,1,16.67,16,1,16.67,29,8,37,72.55,3,75.0,1,8,0,0,0,0,7,0,0,0,1,5,6,0,0,3,2,10,0,0,0.03,0.02,2,0,0.0,0,0,0,3,3,0,0,0,,4,30.77,0,0,0,14,0,1,0,2,144,0,1,0,0,0,0,0.0,0,0,0,0,27,0,0,6.55,0,0,0,0,0,0,0,0,0.0,0.0,0,0,1,1,0,2,50.0,0,2,2,100.0,1,1,4,6,7,41.18,6,37,14,51,39.3,1,0,84,0,0,0,Benjamin Cremaschi,Parma,1459459,2690,italy,2526,20260428
3,0,0.0,6,1,100.0,14,6,20,68.97,1,50.0,1,2,0,0,0,0,0,0,0,0,0,2,2,0,0,1,0,6,0,0,0.01,0.02,1,0,0.0,0,0,0,1,1,0,0,0,,5,50.0,0,0,0,9,0,0,0,0,40,0,0,0,0,0,0,0.0,0,0,0,0,16,0,0,6.55,0,0,0,0,0,0,0,0,0.0,0.0,0,1,0,1,0,1,25.0,0,1,1,100.0,0,3,4,1,6,50.0,1,22,7,29,13.1,1,0,48,3,0,0,Amir Richardson,Fiorentina,1121333,2693,italy,2526,20260428
23,10,18.87,99,16,28.57,190,98,288,70.76,9,23.68,29,29,2,0,0,0,57,4,2,6,0,23,29,0,0,13,31,120,0,0,1.92,1.54,30,0,0.0,0,0,2,22,19,3,0,0,,61,40.13,0,0,1,119,3,16,0,15,1518,7,3,0,0,0,0,0.0,0,0,0,0,239,2,0,6.54,0,0,0,0,0,0,0,0,0.0,0.0,0,11,9,7,7,6,26.09,0,38,19,50.0,16,52,23,53,70,36.84,56,281,126,407,189.8,20,0,742,18,2,0,Alessio Zerbin,Cremonese,869888,2761,italy,2526,20260428
6,0,0.0,34,1,33.33,57,29,86,56.95,22,44.0,28,27,0,0,0,0,26,1,3,5,0,5,27,0,0,15,5,77,0,0,0.38,2.12,19,0,18.75,0,3,3,14,13,1,3,0,,38,43.68,0,0,0,65,1,7,1,7,782,10,0,0,0,0,0,0.0,0,0,0,1,129,7,0,6.54,0,2,0,0,0,0,0,0,260.67,0.0,0,14,2,7,4,8,44.44,0,12,8,66.67,7,8,18,9,60,43.8,3,110,41,151,176.7,16,0,303,18,3,0,Jeff Ekhator,Genoa,1613917,2713,italy,2526,20260428
20,0,0.0,2,40,44.94,15,225,240,82.19,2,66.67,1,9,1,0,0,0,59,1,0,0,2,6,9,2,0,0,0,2,0,0,0.0,,1,0,0.0,51,0,1,12,11,1,0,0,-2.37,0,0.0,0,8,0,52,0,1,0,9,810,0,0,0,0,0,1,0.0,2,0,0,0,53,0,2,6.54,0,0,9,10,7,17,0,5,0.0,0.0,0,0,0,0,0,0,0.0,9,0,0,0.0,1,28,0,0,2,50.0,89,47,245,292,58.9,0,0,359,1,1,0,Alex Meret,Napoli,592794,2714,italy,2526,20260428
1,4,33.33,31,3,60.0,49,16,65,86.67,1,20.0,4,9,1,0,0,0,1,0,1,1,0,2,9,0,0,3,6,20,0,0,0.35,0.25,6,0,0.0,0,0,1,6,6,0,0,0,,9,36.0,0,0,0,10,3,3,0,2,182,0,0,0,0,0,0,0.0,0,0,0,0,30,0,0,6.54,0,0,0,0,0,0,0,0,0.0,0.0,0,2,2,1,2,0,0.0,0,4,2,50.0,3,3,1,12,10,33.33,5,57,18,75,58.9,4,0,121,5,0,0,Alex Sala,Lecce,1157382,2689,italy,2526,20260428
5,0,0.0,18,13,30.23,81,221,302,82.74,23,58.97,16,9,0,0,0,0,26,0,1,0,2,37,9,0,0,1,7,35,0,1,0.06,0.6,11,0,0.0,6,0,0,8,5,3,0,0,,28,59.57,0,0,0,63,12,1,0,8,661,0,2,0,0,0,1,0.0,0,0,0,0,70,0,0,6.54,1,0,0,0,0,0,0,0,0.0,0.0,0,3,2,5,0,2,66.67,0,15,9,60.0,1,20,3,0,51,59.3,43,124,241,365,58.9,5,0,486,12,3,1,Abdoulaye Ndiaye,Parma,984527,2690,italy,2526,20260428
3,0,0.0,6,9,50.0,60,207,267,91.75,14,50.0,14,11,0,0,0,0,13,0,0,0,1,29,10,0,0,0,1,22,1,2,0.04,,9,0,0.0,4,0,0,6,6,0,0,0,,7,46.67,0,0,0,24,7,0,0,6,527,0,4,0,0,0,1,0.0,0,0,0,0,26,0,0,6.54,0,0,0,0,0,0,0,0,0.0,0.0,0,0,0,0,0,0,0.0,0,7,5,71.43,0,9,0,0,21,48.84,18,72,219,291,65.4,0,0,352,0,2,0,Daniele Rugani,Fiorentina,139273,2693,italy,2526,20260428
6,1,25.0,34,10,41.67,77,89,166,83.42,7,46.67,8,14,0,0,0,0,17,0,0,1,0,37,13,0,0,1,3,14,1,0,0.05,0.12,2,0,0.0,6,0,0,12,12,0,0,0,,13,68.42,0,0,0,33,4,2,0,6,552,0,1,0,0,0,0,0.0,0,0,0,0,45,1,0,6.54,0,0,0,0,0,0,0,0,0.0,0.0,0,1,1,1,0,6,100.0,0,7,4,57.14,2,14,6,4,20,58.82,24,96,103,199,85.0,2,0,307,0,0,0,Corrie Ndaba,Lecce,981470,2689,italy,2526,20260428
8,3,33.33,62,10,71.43,106,62,168,75.68,16,47.06,18,23,1,0,0,1,17,1,7,4,1,8,21,0,0,13,6,56,0,0,0.49,4.4,16,0,0.0,0,0,1,6,4,2,0,0,,46,54.76,0,0,0,54,1,10,0,9,904,8,0,0,0,1,0,0.0,0,0,0,1,98,3,0,6.54,1,0,0,0,0,0,0,0,0.0,0.0,1,19,3,11,7,2,40.0,0,13,9,69.23,10,12,5,9,62,52.54,14,146,76,222,137.3,22,0,372,31,2,1,Alvaro Morata,Como,125407,2704,italy,2526,20260428
2,2,28.57,57,1,33.33,84,33,117,66.48,25,37.88,41,29,0,0,0,0,27,0,2,10,0,2,27,0,0,17,1,88,0,0,0.75,1.93,23,0,4.17,0,1,1,17,17,0,1,0,,35,42.68,0,0,1,59,1,9,0,8,941,7,2,0,0,0,0,0.0,0,0,0,0,127,4,0,6.53,0,1,0,0,0,0,0,0,941.0,0.0,0,19,5,8,6,8,44.44,0,3,2,66.67,9,8,18,7,60,40.54,3,136,40,176,176.4,24,0,351,26,2,0,Walid Cheddira,Lecce,917485,2689,italy,2526,20260428
0,0,0.0,0,0,0.0,2,0,2,40.0,1,50.0,1,3,0,0,0,0,1,0,0,0,0,0,3,0,0,1,0,3,0,0,0.0,,1,0,0.0,0,0,0,0,0,0,0,0,,3,60.0,0,0,0,3,0,0,0,0,41,0,1,0,0,0,0,0.0,0,0,0,0,5,1,0,6.53,0,0,0,0,0,0,0,0,0.0,0.0,0,0,0,0,0,2,100.0,0,0,0,0.0,0,0,2,0,4,57.14,0,5,0,5,19.6,0,0,12,1,0,0,Giuseppe Ambrosino,Napoli,1163083,2714,italy,2526,20260428
1,0,0.0,4,2,50.0,7,10,17,73.91,1,50.0,1,3,0,0,0,0,1,0,0,0,0,0,3,0,0,3,0,8,0,0,0.0,0.02,4,0,0.0,0,0,0,1,1,0,0,0,,3,30.0,0,0,0,6,0,1,0,0,45,0,2,0,0,0,0,0.0,0,0,0,0,10,0,0,6.53,0,0,0,0,0,0,0,0,0.0,0.0,0,0,1,1,0,0,0.0,0,3,3,100.0,1,2,0,1,4,33.33,4,13,10,23,19.6,1,0,35,0,0,0,Jean Onana,Genoa,978301,2713,italy,2526,20260428
4,4,30.77,75,3,75.0,124,39,163,79.51,1,14.29,6,16,0,0,0,0,26,0,2,6,0,3,16,0,0,12,4,49,0,0,0.48,1.16,8,0,0.0,0,0,0,14,12,2,0,0,,31,41.89,0,0,1,42,3,5,0,9,776,1,0,0,0,0,0,0.0,0,0,0,0,94,4,0,6.53,0,0,0,0,0,0,0,0,0.0,0.0,0,11,10,8,7,10,33.33,0,7,2,28.57,5,7,30,13,32,39.51,4,159,46,205,104.5,21,0,345,14,2,0,Jacob Ondrejka,Parma,1004790,2690,italy,2526,20260428
15,0,0.0,67,12,40.0,150,147,297,81.59,9,52.94,8,20,0,0,0,0,43,0,1,3,1,22,20,0,0,12,13,62,0,0,0.27,0.67,25,0,0.0,0,0,0,12,10,2,0,0,,29,34.94,0,0,0,67,11,6,0,8,810,1,2,0,0,0,0,0.0,0,0,0,0,101,2,0,6.53,0,0,0,0,0,0,0,0,0.0,0.0,0,4,6,5,2,2,28.57,0,23,13,56.52,6,29,7,4,38,38.0,30,201,163,364,130.6,10,0,500,4,2,0,Luca Lipani,Sassuolo,1154898,2793,italy,2526,20260428
6,1,20.0,65,10,71.43,113,36,149,70.28,17,37.78,28,21,2,0,0,0,19,1,5,7,1,10,21,0,0,12,0,62,0,0,0.53,2.94,19,0,8.7,0,2,4,9,8,1,2,0,,18,34.62,0,0,1,63,1,10,0,9,805,4,2,0,0,0,0,0.0,0,0,0,1,107,4,0,6.53,0,2,0,0,0,0,0,0,402.5,0.0,0,19,4,11,5,2,33.33,0,7,4,57.14,10,10,6,5,35,36.08,14,166,46,212,137.1,23,1,330,9,2,0,Thijs Dallinga,Bologna,905381,2685,italy,2526,20260428
5,1,50.0,58,4,100.0,92,35,127,76.97,10,22.73,34,16,2,0,0,0,17,2,4,2,1,2,15,0,0,20,4,78,0,0,0.94,2.62,11,0,11.11,0,3,5,6,5,1,3,0,,24,35.29,0,0,0,38,1,15,1,10,776,3,1,0,0,0,0,0.0,0,0,0,0,107,6,0,6.53,0,2,0,0,0,0,0,0,258.67,0.0,0,20,7,10,15,8,47.06,0,7,4,57.14,15,7,17,2,34,30.36,4,123,42,165,97.9,27,0,321,9,1,0,Evan Ferguson,Roma,999231,2702,italy,2526,20260428
9,2,14.29,132,17,48.57,247,162,409,82.63,14,35.9,25,31,1,0,0,0,61,1,2,5,2,31,30,0,0,17,15,85,0,0,0.52,1.56,13,0,7.14,0,1,2,27,22,5,1,0,,41,40.59,1,0,1,86,17,10,0,19,1782,2,2,0,0,0,0,0.0,0,0,0,0,165,1,0,6.53,0,0,0,0,0,0,0,0,1782.0,0.0,0,9,5,6,3,6,27.27,0,17,6,35.29,10,17,22,14,55,39.29,35,311,184,495,195.8,14,0,753,20,2,0,Oliver Sørensen,Parma,957921,2690,italy,2526,20260428
2,0,0.0,29,2,40.0,58,30,88,76.52,4,33.33,8,20,0,0,0,0,15,1,4,3,1,4,19,0,0,8,1,29,0,0,0.16,1.86,8,0,0.0,0,0,0,4,4,0,0,0,,30,58.82,0,0,0,27,3,6,0,3,529,2,1,0,0,0,0,0.0,0,0,0,0,51,0,0,6.53,0,0,0,0,0,0,0,0,0.0,0.0,0,11,2,7,3,4,50.0,0,15,7,46.67,6,3,8,2,34,53.97,5,80,35,115,124.0,13,0,209,11,0,0,Davide Frattesi,Inter,835600,2697,italy,2526,20260428
1,1,25.0,21,2,100.0,45,15,60,83.33,10,31.25,22,8,0,0,0,0,9,1,0,1,0,2,8,0,0,5,2,37,0,0,0.17,0.58,1,0,16.67,0,1,1,7,6,1,1,0,,8,34.78,0,0,0,12,0,3,1,3,352,2,1,0,0,0,0,0.0,0,0,0,0,40,5,0,6.53,0,0,0,0,0,0,0,0,352.0,0.0,0,5,1,1,4,3,30.0,0,3,0,0.0,3,2,10,4,18,32.73,2,56,16,72,52.2,6,0,133,2,0,0,David Okereke,Cremonese,831290,2761,italy,2526,20260428
3,0,0.0,7,0,0.0,15,12,27,60.0,7,63.64,4,8,0,0,0,0,5,0,2,2,0,3,8,0,0,2,0,7,0,0,0.02,0.59,0,0,0.0,0,0,0,5,4,1,0,0,,6,66.67,0,0,1,18,1,1,0,2,228,0,0,0,0,0,0,0.0,0,0,0,0,23,2,0,6.53,0,0,0,0,0,0,0,0,0.0,0.0,0,6,0,3,1,0,0.0,0,3,2,66.67,1,4,1,0,13,65.0,1,29,16,45,52.2,6,0,72,3,0,0,Petar Ratkov,Lazio,1101942,2699,italy,2526,20260428
4,2,66.67,146,7,77.78,237,101,338,73.0,43,38.74,68,29,3,0,0,0,29,4,10,13,3,15,29,0,0,57,3,177,0,0,2.2,9.44,33,0,18.18,0,10,13,28,26,2,10,0,,60,35.5,2,0,1,125,0,28,5,28,2401,11,2,0,0,1,0,100.0,0,1,0,0,294,11,0,6.52,0,3,0,0,0,0,0,0,240.1,0.0,0,48,7,20,22,10,33.33,0,4,1,25.0,28,12,30,3,103,36.79,9,345,118,463,189.0,55,3,814,47,1,0,Rasmus Højlund,Napoli,1086417,2714,italy,2526,20260428
6,13,19.7,143,12,66.67,220,78,298,67.88,37,25.0,111,32,5,0,0,0,75,6,4,17,2,11,32,0,0,41,11,229,1,1,1.89,3.59,24,0,5.56,0,3,8,27,22,5,2,1,,73,38.22,0,0,1,141,6,31,2,20,1807,14,2,0,0,0,0,0.0,0,0,0,0,370,12,0,6.52,0,1,0,0,0,0,0,0,602.33,0.0,1,29,25,11,26,36,44.44,0,14,10,71.43,31,15,81,66,110,32.45,18,336,103,439,208.5,54,1,919,23,2,0,Giovane,Napoli,1170773,2714,italy,2526,20260428
6,1,10.0,87,2,50.0,150,52,202,74.26,36,37.5,60,32,1,0,0,0,37,1,1,6,0,10,32,0,0,21,4,120,0,0,0.9,1.21,25,0,0.0,0,0,1,32,29,3,0,0,,46,43.4,0,0,0,70,3,13,0,9,1038,7,0,0,0,0,0,0.0,0,0,0,0,147,5,0,6.52,1,0,0,0,0,0,0,0,0.0,0.0,0,12,5,6,5,10,43.48,0,15,9,60.0,13,10,23,10,82,40.59,4,210,62,272,208.5,17,0,477,21,0,1,Amin Sarr,Hellas Verona,1022204,2701,italy,2526,20260428
5,0,0.0,43,3,100.0,82,52,134,81.71,28,42.42,38,23,1,0,0,0,9,3,4,3,0,15,22,0,0,9,3,67,1,0,0.22,2.83,15,0,9.09,0,1,2,11,10,1,1,0,,24,45.28,1,0,0,30,1,6,0,9,862,6,0,0,0,0,0,0.0,0,0,0,0,72,0,0,6.51,0,0,0,0,0,0,0,0,862.0,0.0,0,10,1,4,4,7,77.78,0,2,1,50.0,6,5,9,1,52,43.7,3,104,60,164,143.3,11,0,280,15,2,0,Antonio Sanabria,Cremonese,333261,2761,italy,2526,20260428
19,2,14.29,85,32,45.71,186,227,413,80.51,19,52.78,17,24,0,0,0,0,58,0,0,2,1,36,23,0,0,2,7,47,2,0,0.28,0.26,16,0,0.0,0,0,0,26,21,5,0,0,,22,42.31,0,0,0,100,20,8,0,12,1133,0,6,0,0,0,0,0.0,0,0,0,0,131,2,0,6.51,0,0,0,0,0,0,0,0,0.0,0.0,0,3,2,3,0,0,0.0,0,15,11,73.33,8,31,5,14,41,46.59,70,253,260,513,149.8,5,0,685,7,3,0,Adrien Tameze,Torino,139235,2696,italy,2526,20260428
3,1,12.5,103,2,33.33,182,146,328,91.62,4,28.57,10,20,0,0,0,0,39,1,0,1,2,8,20,0,0,11,3,34,0,2,0.29,0.69,6,0,0.0,0,0,0,11,9,2,0,0,,23,48.94,0,0,0,30,2,9,0,9,966,2,0,0,0,0,0,0.0,0,0,0,0,69,4,0,6.51,0,0,0,0,0,0,0,0,0.0,0.0,0,5,3,6,1,4,44.44,0,17,13,76.47,9,3,9,8,27,44.26,6,204,154,358,130.2,8,0,471,2,0,0,Fisayo Dele-Bashiru,Lazio,910121,2699,italy,2526,20260428
1,1,14.29,51,2,50.0,74,36,110,72.85,8,28.57,20,24,0,0,0,0,12,1,5,7,0,3,21,0,0,6,1,41,0,1,1.16,3.57,8,0,3.85,0,1,1,8,7,1,1,0,,30,58.82,0,0,0,41,1,8,0,6,675,11,1,0,0,0,0,0.0,0,0,0,0,83,2,0,6.51,0,1,0,0,0,0,0,0,675.0,0.0,0,20,6,13,6,4,36.36,0,6,4,66.67,8,4,11,7,38,48.1,4,108,43,151,136.7,26,0,276,21,0,0,Loïs Openda,Juventus,835480,2687,italy,2526,20260428
8,2,18.18,85,7,63.64,146,161,307,72.24,53,36.05,94,32,3,0,0,1,42,4,11,15,1,16,32,0,1,28,3,148,1,1,1.05,7.37,12,0,12.12,0,8,11,35,30,5,8,0,,38,41.3,1,0,2,118,1,17,1,30,2373,11,2,0,0,1,0,0.0,0,0,0,1,214,10,0,6.51,1,6,0,0,0,0,0,0,296.63,0.0,0,59,7,25,26,4,23.53,0,8,4,50.0,17,19,17,11,91,38.08,11,236,189,425,208.3,66,0,708,29,2,0,Andrea Pinamonti,Sassuolo,826198,2793,italy,2526,20260428
7,5,33.33,100,13,46.43,185,85,270,71.81,29,32.58,60,28,2,0,0,0,57,3,12,24,1,9,28,0,1,31,8,134,0,0,1.43,10.55,23,0,8.24,0,7,9,32,24,8,5,2,,42,36.21,0,0,3,106,4,20,2,23,2036,20,0,0,0,2,0,100.0,0,2,0,0,228,10,0,6.5,1,5,0,0,0,0,0,0,290.86,0.0,7,46,39,33,28,19,50.0,0,4,2,50.0,20,24,38,15,71,34.63,28,269,107,376,182.1,85,1,698,21,4,0,Gift Orban,Hellas Verona,1217613,2701,italy,2526,20260428
23,16,16.84,102,19,33.93,224,176,400,77.07,6,20.0,24,26,2,0,0,0,52,4,1,3,8,21,26,0,0,11,14,89,2,1,1.81,1.14,31,0,0.0,0,0,2,32,23,9,0,0,,36,35.64,0,0,0,119,10,17,0,21,1961,3,3,0,0,0,0,0.0,0,0,0,0,294,4,0,6.5,0,0,0,0,0,0,0,0,0.0,0.0,0,10,3,8,2,9,45.0,0,21,12,57.14,17,64,20,95,42,32.06,56,308,211,519,169.0,13,0,965,6,3,0,Marcus Pedersen,Torino,934409,2696,italy,2526,20260428
1,0,0.0,0,1,100.0,1,4,5,71.43,1,50.0,1,1,0,0,0,0,1,0,0,0,0,1,1,0,0,2,0,3,0,0,0.0,,0,0,0.0,0,0,0,0,0,0,0,0,,0,0.0,0,0,0,2,1,0,0,0,28,0,0,0,0,0,0,0.0,0,0,0,0,4,0,0,6.5,0,0,0,0,0,0,0,0,0.0,0.0,0,0,0,0,0,0,0.0,0,0,0,0.0,0,1,0,0,1,25.0,1,2,5,7,6.5,0,0,14,0,0,0,Dachi Lordkipanidze,Cremonese,1153193,2761,italy,2526,20260428
0,0,0.0,2,0,0.0,3,3,6,85.71,0,0.0,0,2,0,0,0,0,3,0,0,0,0,0,1,0,0,0,1,3,0,0,0.0,,2,0,0.0,0,0,0,0,0,0,0,0,,1,25.0,0,0,0,1,0,0,0,0,10,0,0,0,0,0,0,0.0,0,0,0,0,2,0,0,6.5,0,0,0,0,0,0,0,0,0.0,0.0,0,0,0,0,0,1,100.0,0,0,0,0.0,0,0,1,0,1,25.0,1,4,3,7,6.5,0,0,10,0,0,0,Alessandro Romano,Roma,1417034,2702,italy,2526,20260428
0,0,0.0,0,1,33.33,4,23,27,84.38,0,0.0,2,2,0,0,0,0,4,0,0,0,0,3,2,0,0,1,0,7,0,0,0.0,,4,0,0.0,0,0,0,1,1,0,0,0,,6,54.55,0,0,0,5,1,0,0,2,123,0,0,0,0,0,0,0.0,0,0,0,0,11,0,0,6.5,0,0,0,0,0,0,0,0,0.0,0.0,0,0,0,0,0,0,0.0,0,3,2,66.67,0,0,0,0,6,46.15,3,7,25,32,13.0,0,0,57,3,1,0,Daniel Denoon,Pisa,1922473,2737,italy,2526,20260428
8,0,0.0,11,56,45.53,42,82,124,64.92,4,100.0,0,6,0,0,0,0,59,0,0,0,0,4,6,0,0,0,2,2,0,0,0.01,,0,0,0.0,47,0,0,14,13,1,0,0,-2.96,3,60.0,0,10,0,67,0,0,0,6,540,0,0,0,0,0,0,0.0,1,0,0,0,67,0,1,6.5,0,0,4,5,7,12,0,7,0.0,0.0,0,0,0,0,0,1,100.0,4,0,0,0.0,0,15,1,0,7,77.78,123,100,91,191,39.0,0,0,250,3,0,0,Nicolas,Pisa,150611,2737,italy,2526,20260428
1,0,0.0,13,1,50.0,15,8,23,82.14,1,50.0,1,4,0,0,0,0,3,0,0,0,0,0,4,0,0,6,2,9,0,0,0.04,0.08,0,0,0.0,0,0,0,2,2,0,0,0,,4,33.33,0,0,0,5,0,1,0,0,61,0,0,0,0,0,0,0.0,0,0,0,0,16,0,0,6.5,0,0,0,0,0,0,0,0,0.0,0.0,0,0,2,1,1,0,0.0,0,2,0,0.0,1,2,0,3,5,35.71,2,20,8,28,26.0,2,0,50,2,0,0,Calvin Stengs,Pisa,857480,2737,italy,2526,20260428
0,0,0.0,0,0,0.0,0,0,0,0.0,0,0.0,0,2,0,0,0,0,1,0,0,0,0,0,1,0,0,1,1,2,0,0,,0.07,0,0,0.0,0,0,0,0,0,0,0,0,,0,0.0,0,0,0,1,0,0,0,0,9,0,0,0,0,0,0,0.0,0,0,0,0,4,0,0,6.5,0,0,0,0,0,0,0,0,0.0,0.0,0,1,0,1,0,0,0.0,0,0,0,0.0,0,0,0,0,0,0.0,0,1,0,1,6.5,1,0,5,0,0,0,Cheveyo Mul-Balentien,Milan,2205650,2692,italy,2526,20260428
0,0,0.0,0,0,0.0,0,0,0,0.0,1,100.0,0,1,0,0,0,0,1,0,0,1,0,0,1,0,0,0,0,0,0,0,,0.02,0,0,0.0,0,0,0,0,0,0,0,0,,0,0.0,0,0,0,3,0,0,0,0,9,0,0,0,0,0,0,0.0,0,0,0,0,3,0,0,6.5,0,0,0,0,0,0,0,0,0.0,0.0,0,0,1,0,0,0,0.0,0,0,0,0.0,0,0,0,0,1,100.0,0,3,0,3,6.5,1,0,4,0,0,0,Laurs Skjellerup,Sassuolo,1034241,2793,italy,2526,20260428
3,1,20.0,46,0,0.0,86,42,128,64.32,48,37.8,79,29,1,0,0,0,31,1,12,9,3,11,29,0,0,25,1,138,0,0,0.64,6.16,28,0,7.14,0,3,4,19,16,3,3,0,,51,46.36,0,0,2,71,3,14,2,14,1489,9,0,0,0,0,0,0.0,0,0,0,0,184,7,0,6.5,0,1,0,0,0,0,0,0,496.33,0.0,0,35,7,19,14,8,42.11,0,7,0,0.0,14,5,19,5,99,41.77,3,140,59,199,188.4,42,0,463,36,1,0,Roberto Piccoli,Fiorentina,958982,2693,italy,2526,20260428
11,3,15.79,150,9,60.0,295,135,430,75.97,43,36.44,75,33,0,0,0,0,136,1,5,10,1,21,33,0,0,64,36,283,0,1,1.31,3.07,59,0,3.45,0,1,1,31,29,2,1,0,,131,38.64,1,0,1,136,16,19,0,27,2275,7,4,0,0,0,0,0.0,0,0,0,0,362,23,0,6.49,0,0,0,0,0,0,0,0,2275.0,0.0,0,23,6,12,7,33,38.82,0,78,47,60.26,19,13,85,19,174,38.07,15,410,156,566,214.2,29,0,1131,20,3,0,Santiago Pierotti,Lecce,984998,2689,italy,2526,20260428
11,3,15.0,88,16,37.21,163,124,287,66.13,30,41.67,42,24,0,0,0,0,57,1,5,9,2,25,24,0,0,30,17,142,0,1,0.9,3.04,33,0,6.9,0,2,2,29,23,6,1,1,,81,44.75,1,0,1,147,9,14,0,22,1826,13,3,0,1,0,0,0.0,0,0,0,0,292,7,0,6.49,0,1,0,0,0,0,0,0,913.0,0.0,0,16,13,12,8,20,45.45,0,22,9,40.91,13,43,44,20,111,43.87,43,277,157,434,155.7,29,0,824,41,3,0,Michael Folorunsho,Cagliari,869795,2719,italy,2526,20260428
3,1,25.0,47,2,33.33,99,49,148,64.91,48,41.38,68,16,0,0,0,0,20,1,0,3,1,13,16,0,0,14,5,105,0,0,0.58,1.4,12,0,20.0,0,2,2,12,12,0,2,0,,13,26.0,1,0,1,80,4,6,1,10,921,1,1,0,0,0,0,0.0,0,0,0,0,125,5,0,6.49,0,0,0,0,0,0,0,0,460.5,0.0,0,7,3,4,3,2,22.22,0,8,5,62.5,6,4,9,4,61,36.75,6,165,63,228,103.8,10,0,357,3,0,0,Omri Gandelman,Lecce,1019125,2689,italy,2526,20260428
0,4,44.44,22,0,0.0,38,6,44,83.02,2,40.0,3,11,0,0,0,0,9,0,0,2,0,1,8,0,0,8,0,17,0,0,0.22,0.31,1,0,0.0,0,0,0,0,0,0,0,0,,9,39.13,0,0,1,9,2,4,0,0,144,0,0,0,0,0,0,0.0,0,0,0,0,32,2,0,6.49,0,0,0,0,0,0,0,0,0.0,0.0,2,2,3,1,2,2,28.57,0,4,4,100.0,4,2,7,9,11,39.29,0,42,11,53,51.9,5,0,109,3,1,0,Nicholas Pierini,Sassuolo,829581,2793,italy,2526,20260428
2,4,26.67,22,5,41.67,51,50,101,79.53,3,23.08,10,9,0,0,0,0,19,0,0,1,0,9,8,0,0,0,6,28,0,0,0.22,0.15,3,0,0.0,0,0,0,8,5,3,0,0,,15,45.45,0,0,0,26,6,2,0,5,479,2,0,0,0,0,0,0.0,0,0,0,0,62,1,0,6.49,0,0,0,0,0,0,0,0,0.0,0.0,0,2,1,2,0,2,18.18,0,11,6,54.55,2,8,11,15,18,39.13,12,72,55,127,51.9,3,0,234,2,0,0,Mathias Løvik,Parma,1133715,2690,italy,2526,20260428
7,4,13.79,91,12,50.0,147,48,195,74.43,10,47.62,11,16,0,0,0,0,37,1,1,8,1,13,15,0,0,14,13,66,0,1,0.35,0.72,13,0,0.0,0,0,0,14,13,1,0,0,,32,36.78,0,0,1,67,3,10,0,9,859,1,2,0,0,0,1,0.0,0,0,0,0,143,7,0,6.49,0,0,0,0,0,0,0,0,0.0,0.0,1,8,6,4,2,9,33.33,0,11,8,72.73,10,14,27,29,42,38.89,24,202,60,262,97.3,14,0,444,12,2,0,Tete Morente,Lecce,605374,2689,italy,2526,20260428
0,0,0.0,13,1,50.0,23,11,34,77.27,12,52.17,11,14,0,0,0,0,4,1,2,0,0,2,11,0,0,4,3,25,0,0,0.05,0.62,7,0,0.0,0,0,0,3,3,0,0,0,,15,51.72,0,0,0,10,2,1,0,1,231,2,0,0,0,0,0,0.0,0,0,0,0,34,1,0,6.48,0,0,0,0,0,0,0,0,0.0,0.0,0,6,0,5,1,1,100.0,0,5,4,80.0,1,0,1,0,27,51.92,2,33,11,44,71.3,6,0,98,9,1,0,Luca Moro,Sassuolo,949780,2793,italy,2526,20260428
7,7,25.93,77,12,40.0,149,104,253,79.81,1,7.14,13,20,0,0,0,0,40,0,0,5,0,6,19,0,0,14,6,63,0,0,0.61,1.19,19,0,9.09,0,1,1,19,14,5,1,0,,32,39.02,0,0,0,64,1,11,0,10,804,2,2,0,0,1,0,100.0,0,1,0,0,140,11,0,6.48,0,1,0,0,0,0,0,0,804.0,0.0,0,5,6,4,2,10,43.48,0,21,15,71.43,11,26,23,27,33,34.38,30,196,121,317,123.1,11,0,486,1,2,0,Abdou Harroui,Hellas Verona,915812,2701,italy,2526,20260428
3,0,0.0,43,2,66.67,63,38,101,71.13,13,38.24,21,17,0,0,1,0,10,2,5,5,0,11,17,0,0,4,2,35,0,1,0.35,3.9,7,0,6.25,0,1,1,5,5,0,1,0,,11,44.0,1,0,1,41,3,6,0,3,564,11,0,0,0,1,0,0.0,0,0,0,0,67,2,0,6.48,0,0,0,0,0,0,0,0,564.0,0.0,0,15,1,6,5,2,40.0,0,1,1,100.0,6,5,5,1,24,40.68,3,95,47,142,110.1,16,1,227,8,0,0,Niclas Füllkrug,Milan,132645,2692,italy,2526,20260428
2,0,0.0,13,1,50.0,16,21,37,58.73,11,39.29,17,13,1,0,0,0,6,1,2,2,0,2,12,0,0,0,2,26,0,0,0.04,1.19,10,0,16.67,0,1,2,4,3,1,1,0,,2,18.18,0,0,0,26,1,2,0,1,246,2,0,0,0,0,0,0.0,0,0,0,0,33,0,0,6.48,0,1,0,0,0,0,0,0,246.0,0.0,0,6,0,3,1,0,0.0,0,2,2,100.0,2,4,1,0,13,33.33,2,35,28,63,77.7,6,0,88,0,1,0,Leonardo Pavoletti,Cagliari,132704,2719,italy,2526,20260428
0,1,20.0,5,0,0.0,8,9,17,56.67,0,0.0,2,5,0,0,0,0,5,0,0,0,0,0,4,0,0,3,1,10,0,0,0.08,,1,0,0.0,0,0,0,4,4,0,0,0,,2,20.0,0,0,0,13,0,1,0,1,107,0,0,0,0,0,0,0.0,0,0,0,0,27,0,0,6.48,0,0,0,0,0,0,0,0,0.0,0.0,0,0,0,0,0,0,0.0,0,2,2,100.0,1,0,3,5,2,16.67,1,18,12,30,25.9,0,0,53,0,0,0,Samuel Iling Junior,Pisa,996919,2737,italy,2526,20260428
3,1,11.11,43,1,14.29,88,67,155,82.89,6,27.27,16,24,0,0,0,0,28,0,0,2,1,9,23,0,0,8,18,66,0,0,0.19,0.41,16,0,14.29,0,1,1,9,9,0,0,1,,25,33.33,0,0,0,32,6,2,0,9,822,0,6,0,0,0,0,0.0,0,0,0,0,77,1,0,6.47,1,1,0,0,0,0,0,0,822.0,0.0,0,3,4,3,2,3,27.27,0,15,8,53.33,2,7,11,9,31,31.96,7,113,74,187,148.8,7,0,327,7,3,1,Christian Ordoñez,Parma,1201388,2690,italy,2526,20260428
2,1,100.0,81,3,75.0,140,71,211,68.51,50,36.23,88,32,0,0,0,0,38,2,4,12,0,13,32,0,0,18,3,146,0,0,1.3,4.06,37,0,9.38,0,3,3,22,20,2,3,0,,39,40.21,0,0,0,97,2,20,0,20,1703,9,4,0,0,1,0,100.0,0,1,0,0,167,12,0,6.47,0,3,0,0,0,0,0,0,567.67,0.0,0,23,9,12,8,4,44.44,0,12,7,58.33,20,3,9,1,89,37.87,4,220,88,308,207.0,32,0,541,26,1,0,Nikola Štulić,Lecce,1029748,2689,italy,2526,20260428
2,0,0.0,48,1,12.5,87,28,115,65.71,10,33.33,20,15,0,0,0,0,21,2,5,8,1,7,15,0,0,5,4,44,0,0,0.27,2.62,7,0,4.0,0,1,1,11,8,3,1,0,,25,51.02,0,0,1,60,3,3,0,11,891,8,2,0,0,0,0,0.0,0,0,0,0,119,8,0,6.47,0,1,0,0,0,0,0,0,891.0,0.0,0,16,9,10,7,4,33.33,0,6,1,16.67,3,9,12,12,35,44.3,8,138,37,175,97.0,25,0,330,16,0,0,Patrick Cutrone,Parma,795044,2690,italy,2526,20260428
3,1,100.0,24,0,0.0,44,36,80,80.0,5,27.78,13,12,0,0,0,0,11,0,7,4,0,1,12,0,0,6,1,40,0,0,0.51,2.88,9,0,0.0,0,0,0,7,7,0,0,0,,19,41.3,0,0,3,20,1,3,0,8,694,7,1,0,0,0,0,0.0,0,0,0,2,56,2,0,6.47,0,0,0,0,0,0,0,0,0.0,0.0,1,21,1,11,7,3,20.0,0,6,4,66.67,3,4,15,1,24,37.5,0,58,42,100,77.6,22,0,199,10,2,0,Santiago Giménez,Milan,892141,2692,italy,2526,20260428
4,1,25.0,30,6,46.15,69,105,174,84.88,5,38.46,8,14,0,0,0,0,16,0,2,0,0,7,13,0,0,3,12,38,0,0,0.22,0.73,13,0,0.0,0,0,0,19,18,1,0,0,,18,37.5,0,0,0,31,7,3,0,8,696,0,3,0,0,0,0,0.0,0,0,0,0,46,0,0,6.46,0,0,0,0,0,0,0,0,0.0,0.0,0,2,2,2,2,1,33.33,0,12,8,66.67,3,9,3,4,23,37.7,13,96,109,205,84.0,4,0,273,5,1,0,Malthe Højholt,Pisa,997583,2737,italy,2526,20260428
0,0,0.0,26,1,33.33,44,24,68,93.15,1,33.33,2,5,0,0,0,0,1,0,0,0,0,4,5,0,0,0,0,5,0,0,0.06,,2,0,0.0,0,0,0,5,4,1,0,0,,3,50.0,0,0,0,5,1,0,0,1,182,1,3,0,0,0,0,0.0,0,0,0,0,16,0,0,6.46,0,0,0,0,0,0,0,0,0.0,0.0,0,0,0,0,0,0,0.0,0,2,2,100.0,0,0,1,4,4,44.44,3,48,25,73,32.3,0,0,109,1,0,0,Matteo Darmian,Inter,19352,2697,italy,2526,20260428
1,1,25.0,16,0,0.0,25,11,36,66.67,16,51.61,15,15,0,0,0,0,6,0,2,5,0,1,15,0,0,6,3,34,0,0,0.16,0.81,13,0,0.0,0,0,0,6,4,2,0,0,,13,40.63,0,0,1,18,3,3,0,1,340,2,2,0,0,0,0,0.0,0,0,0,0,50,0,0,6.46,0,0,0,0,0,0,0,0,0.0,0.0,0,11,2,5,3,2,50.0,0,4,3,75.0,3,1,4,4,29,46.03,0,40,14,54,96.9,13,0,136,7,2,0,Idrissa Gueye,Udinese,1536811,2695,italy,2526,20260428
1,0,0.0,16,3,37.5,31,60,91,83.49,3,50.0,3,6,0,0,0,0,11,0,0,1,1,2,5,0,0,5,3,12,0,0,0.02,0.06,2,0,0.0,0,0,0,4,4,0,0,0,,6,40.0,0,0,0,18,1,2,0,5,310,0,1,0,0,0,0,0.0,0,0,0,0,39,0,0,6.46,0,0,0,0,0,0,0,0,0.0,0.0,0,1,1,0,1,1,100.0,0,3,3,100.0,2,7,1,5,9,42.86,8,41,68,109,32.3,2,0,154,2,1,0,Michele Collocolo,Cremonese,839925,2761,italy,2526,20260428
8,0,0.0,27,8,66.67,76,75,151,86.29,1,16.67,5,9,0,0,0,0,24,1,0,4,0,8,9,0,0,9,4,28,0,0,0.06,0.65,7,0,12.5,0,1,1,13,13,0,1,0,,12,34.29,0,0,0,24,7,4,0,5,452,0,1,0,0,0,1,0.0,0,0,0,0,57,2,0,6.46,0,1,0,0,0,0,0,0,452.0,0.0,0,4,4,3,1,2,40.0,0,8,5,62.5,4,13,5,4,13,31.71,12,93,82,175,58.1,8,0,258,2,0,0,Felipe Loyola,Pisa,1125917,2737,italy,2526,20260428
6,2,16.67,17,11,31.43,31,60,91,65.0,9,52.94,8,9,0,0,0,0,19,0,0,2,1,26,9,0,0,5,2,31,0,0,0.1,0.37,10,0,0.0,10,0,0,11,7,4,0,0,,21,47.73,0,0,0,49,7,3,0,6,495,0,2,0,0,0,0,0.0,0,0,0,0,97,1,0,6.46,0,0,0,0,0,0,0,0,0.0,0.0,0,6,0,3,1,5,41.67,0,13,6,46.15,3,18,12,12,30,49.18,35,66,74,140,58.1,6,0,288,3,1,0,Giovanni Bonfanti,Pisa,1183625,2737,italy,2526,20260428
6,0,0.0,46,4,36.36,66,20,86,81.13,2,14.29,12,13,3,0,0,0,21,0,0,5,0,0,13,0,0,13,7,49,0,0,0.37,0.66,6,0,0.0,0,0,3,6,4,2,0,0,,28,43.08,0,0,0,20,2,7,0,5,478,3,0,0,0,0,0,0.0,0,0,0,0,75,4,0,6.45,0,0,0,0,0,0,0,0,0.0,0.0,0,5,6,5,1,6,33.33,0,7,2,28.57,7,9,18,6,30,37.97,11,82,24,106,83.9,11,0,229,15,1,0,Benjamín Domínguez,Bologna,1162611,2685,italy,2526,20260428
5,0,0.0,63,6,66.67,140,102,242,83.74,13,26.53,36,23,1,0,0,0,22,3,3,4,2,16,23,0,0,24,4,83,0,0,0.42,2.13,18,0,9.09,0,1,2,9,9,0,1,0,,28,37.33,0,0,0,47,3,10,0,13,1128,3,2,0,0,0,0,0.0,0,0,0,0,104,2,0,6.45,0,1,0,0,0,0,0,0,1128.0,0.0,0,10,1,1,6,4,57.14,0,12,7,58.33,10,6,7,0,41,33.06,9,171,118,289,148.4,11,0,425,12,1,0,Boulaye Dia,Lazio,960080,2699,italy,2526,20260428
8,0,0.0,177,5,55.56,297,96,393,78.92,17,30.91,38,32,4,0,0,1,60,4,13,10,1,5,30,0,0,21,9,108,1,0,1.56,8.61,24,0,15.38,0,6,10,12,11,1,6,0,,45,39.13,1,0,3,105,5,31,4,19,1685,11,0,0,0,1,0,0.0,0,0,0,0,227,15,0,6.45,0,1,0,0,0,0,0,0,280.83,0.0,0,35,4,13,16,5,22.73,0,16,8,50.0,31,12,22,7,62,36.47,9,376,122,498,193.5,39,0,770,24,0,0,Jonathan David,Juventus,935564,2687,italy,2526,20260428
0,0,0.0,4,0,0.0,9,3,12,80.0,0,0.0,1,2,0,0,0,0,1,0,0,0,0,1,2,0,0,0,0,1,0,0,0.0,,0,0,0.0,0,0,0,0,0,0,0,0,,1,100.0,0,0,0,3,1,0,0,0,32,0,0,0,0,0,0,0.0,0,0,0,0,5,0,0,6.45,0,0,0,0,0,0,0,0,0.0,0.0,0,0,0,0,0,0,0.0,0,1,1,100.0,0,0,0,2,1,50.0,1,12,3,15,12.9,0,0,23,0,0,0,Christian Kouamé,Fiorentina,812946,2693,italy,2526,20260428
0,1,50.0,14,4,50.0,35,30,65,80.25,3,75.0,1,4,0,0,0,0,6,0,0,0,0,8,4,0,0,1,0,4,0,1,0.07,,1,0,0.0,0,0,0,6,5,1,0,0,,14,82.35,0,0,0,16,1,0,0,3,228,0,0,0,0,0,1,0.0,0,0,0,0,28,0,0,6.45,0,0,0,0,0,0,0,0,0.0,0.0,0,0,0,0,0,0,0.0,0,11,7,63.64,0,2,1,2,17,80.95,8,44,37,81,25.8,0,0,138,3,0,0,Christ-Owen Kouassi,Lecce,1910643,2689,italy,2526,20260428
3,1,50.0,12,3,33.33,25,32,57,77.03,2,66.67,1,5,0,0,0,0,3,0,0,0,0,7,4,0,0,0,1,3,0,0,0.03,,0,0,0.0,0,0,0,4,4,0,0,0,,3,60.0,0,0,0,17,2,0,0,1,170,0,0,0,0,0,0,0.0,0,0,0,0,21,1,0,6.45,0,0,0,0,0,0,0,0,0.0,0.0,0,0,0,0,0,0,0.0,0,2,0,0.0,0,8,1,2,5,62.5,9,34,40,74,25.8,0,0,112,1,0,0,Elseid Hysaj,Lazio,136322,2699,italy,2526,20260428
2,1,6.25,19,4,28.57,45,26,71,62.83,2,33.33,4,6,0,0,0,0,15,0,0,0,0,6,6,0,0,2,2,14,0,0,0.05,,3,0,0.0,0,0,0,6,6,0,0,0,,6,37.5,0,0,0,42,4,1,0,3,313,0,1,0,0,0,0,0.0,0,0,0,0,75,0,0,6.45,0,0,0,0,0,0,0,0,0.0,0.0,0,0,0,0,0,1,25.0,0,5,3,60.0,1,11,4,16,8,36.36,14,80,33,113,38.7,0,0,196,0,1,0,Pol Lirola,Hellas Verona,844480,2701,italy,2526,20260428
1,0,0.0,14,2,66.67,31,22,53,94.64,0,0.0,3,2,0,0,0,0,11,0,0,0,0,2,2,0,0,0,1,5,0,0,0.02,0.25,0,0,0.0,0,0,0,4,3,1,0,0,,4,66.67,0,0,0,3,2,1,0,2,135,0,0,0,0,0,0,0.0,0,0,0,0,6,0,0,6.45,0,0,0,0,0,0,0,0,0.0,0.0,0,1,1,2,0,1,50.0,0,2,2,100.0,1,2,2,1,4,44.44,3,33,23,56,12.9,2,0,74,1,0,0,Daniel Boloca,Sassuolo,882592,2793,italy,2526,20260428
4,0,0.0,21,3,60.0,44,25,69,71.88,13,31.71,28,18,0,0,0,1,15,1,3,6,0,2,18,0,0,6,4,52,0,0,0.62,1.81,12,0,7.14,0,1,1,9,9,0,1,0,,9,27.27,1,0,0,27,0,3,0,7,649,1,1,0,0,1,0,0.0,0,0,0,0,60,4,0,6.44,0,0,0,0,0,0,0,0,649.0,0.0,0,11,3,5,3,3,42.86,0,2,1,50.0,3,8,7,1,22,29.73,5,65,31,96,116.0,14,0,175,4,1,0,Francesco Camarda,Lecce,1520771,2689,italy,2526,20260428
0,2,14.29,27,0,0.0,38,11,49,83.05,3,42.86,4,7,0,0,0,0,6,0,0,2,0,0,7,0,0,2,1,13,0,0,0.1,0.17,2,0,0.0,0,0,0,1,1,0,0,0,,5,35.71,0,0,0,10,0,2,0,1,182,1,0,0,0,0,0,0.0,0,0,0,0,39,0,0,6.44,0,0,0,0,0,0,0,0,0.0,0.0,0,1,2,0,1,2,33.33,0,2,0,0.0,2,0,6,14,8,38.1,0,45,14,59,45.1,3,0,103,1,0,0,Leon Bailey,Roma,808590,2702,italy,2526,20260428
1,0,0.0,17,1,33.33,23,11,34,64.15,3,27.27,8,10,1,0,0,0,12,0,1,2,0,4,8,0,0,6,0,26,0,0,0.05,0.67,10,0,0.0,0,0,1,5,4,1,0,0,,9,33.33,0,0,0,19,1,3,0,3,257,0,1,0,0,0,0,0.0,0,0,0,0,36,3,0,6.44,0,0,0,0,0,0,0,0,0.0,0.0,0,4,1,1,2,2,40.0,0,3,1,33.33,3,2,5,0,12,31.58,3,36,17,53,51.5,5,0,106,4,2,0,Sandro Kulenović,Torino,826026,2696,italy,2526,20260428
0,0,0.0,38,2,33.33,69,24,93,62.42,33,42.86,44,25,0,0,0,0,27,1,9,4,0,7,24,0,0,23,5,116,0,0,0.1,3.56,25,0,10.0,0,2,2,26,22,4,2,0,,33,31.43,0,0,1,56,0,4,0,15,1437,4,0,0,0,0,0,0.0,0,0,0,0,152,6,0,6.43,0,2,0,0,0,0,0,0,718.5,0.0,0,19,1,8,8,11,32.35,0,5,3,60.0,4,2,34,0,66,36.26,6,118,31,149,154.4,20,0,353,17,1,0,Henrik Wendel Meister,Pisa,1184248,2737,italy,2526,20260428
1,0,0.0,12,4,28.57,39,72,111,84.73,2,50.0,2,4,0,0,0,0,21,0,0,0,0,3,4,0,0,4,7,17,0,0,0.04,,4,0,0.0,0,0,0,6,5,1,0,0,,7,31.82,0,0,0,20,8,0,0,4,266,0,3,0,0,0,0,0.0,0,0,0,0,28,0,0,6.43,0,0,0,0,0,0,0,0,0.0,0.0,0,0,0,0,0,2,100.0,0,5,2,40.0,0,3,2,0,9,34.62,14,55,76,131,25.7,0,0,168,0,0,0,Joseph Liteta,Cagliari,1910527,2719,italy,2526,20260428
6,0,0.0,22,12,57.14,61,59,120,83.92,4,33.33,8,10,0,0,0,0,11,0,0,0,0,15,9,0,0,3,2,23,0,0,0.03,,9,0,0.0,2,0,0,6,5,1,0,0,,14,48.28,0,0,0,23,4,0,0,2,267,0,1,0,0,0,1,0.0,0,0,0,0,40,0,0,6.42,1,0,0,0,0,0,0,0,0.0,0.0,0,0,0,0,0,1,50.0,0,9,4,44.44,0,11,2,0,18,43.9,21,75,68,143,57.8,0,0,206,4,1,1,Mattia Viti,Fiorentina,1009268,2693,italy,2526,20260428
1,0,0.0,9,1,100.0,11,13,24,70.59,1,11.11,8,9,0,0,0,0,2,1,3,0,0,0,9,0,0,3,1,19,0,0,0.45,1.22,6,0,0.0,0,0,0,8,7,1,0,0,,2,15.38,0,0,1,10,0,1,0,4,402,9,1,0,0,0,0,0.0,0,0,0,0,19,0,0,6.41,0,0,0,0,0,0,0,0,0.0,0.0,0,4,1,3,2,1,50.0,0,1,0,0.0,1,2,2,1,3,13.64,1,19,15,34,57.7,5,0,59,0,0,0,Filip Stojilković,Pisa,959003,2737,italy,2526,20260428
2,0,0.0,37,2,40.0,56,24,80,74.77,23,43.4,30,14,2,0,0,0,12,1,3,0,0,2,13,0,0,6,1,53,0,0,0.1,1.33,14,0,0.0,0,0,2,11,10,1,0,0,,8,25.81,0,0,0,27,0,3,0,4,432,5,1,0,0,0,0,0.0,0,0,0,0,59,1,0,6.41,0,0,0,0,0,0,0,0,0.0,0.0,0,10,3,11,2,1,20.0,0,2,1,50.0,3,6,5,1,31,36.9,5,78,29,107,83.3,13,0,179,5,0,0,Vakoun Issouf Bayo,Udinese,796455,2695,italy,2526,20260428
0,0,0.0,1,0,0.0,2,0,2,66.67,0,0.0,1,1,0,0,0,0,0,0,0,0,0,1,1,0,0,0,0,2,0,0,0.0,,1,0,0.0,0,0,0,0,0,0,0,0,,1,50.0,0,0,0,1,0,1,0,0,31,2,0,0,0,0,0,0.0,0,0,0,0,4,0,0,6.4,0,0,0,0,0,0,0,0,0.0,0.0,0,0,0,0,0,1,100.0,0,0,0,0.0,1,0,1,1,1,33.33,1,3,0,3,6.4,0,0,8,0,0,0,Seydou Fini,Genoa,1164381,2713,italy,2526,20260428
0,0,0.0,0,0,0.0,0,1,1,100.0,0,0.0,2,1,0,0,0,0,0,0,0,0,0,0,1,0,0,0,0,2,0,0,0.0,,0,0,0.0,0,0,0,1,1,0,0,0,,0,0.0,0,0,0,0,0,0,0,0,12,0,0,0,0,0,0,0.0,0,0,0,0,3,0,0,6.4,0,0,0,0,0,0,0,0,0.0,0.0,0,0,0,0,0,0,0.0,0,0,0,0.0,0,0,0,1,0,0.0,0,0,1,1,6.4,0,0,5,0,0,0,Matteo Lavelli,Inter,1822931,2697,italy,2526,20260428
1,0,0.0,17,3,100.0,37,13,50,60.98,22,44.9,27,11,1,0,0,0,11,0,1,1,0,5,10,0,1,11,2,55,0,0,0.19,0.85,14,0,11.11,0,1,2,10,10,0,1,0,,5,15.15,1,0,0,32,1,2,0,4,421,3,0,0,0,0,0,0.0,0,0,0,0,66,1,0,6.38,1,0,0,0,0,0,0,0,421.0,0.0,0,8,1,3,5,3,42.86,0,0,0,0.0,2,1,7,0,27,32.93,3,65,17,82,63.8,9,0,155,2,0,0,Rafiu Durosinmi,Pisa,1152386,2737,italy,2526,20260428
1,0,0.0,27,0,0.0,53,31,84,73.68,17,29.31,41,22,2,0,0,0,21,2,0,5,0,6,21,0,0,15,6,90,0,0,0.32,0.71,22,0,0.0,0,0,2,13,13,0,0,0,,17,25.76,0,0,0,30,2,5,0,5,610,3,3,0,0,0,0,0.0,0,0,0,0,87,4,0,6.38,0,0,0,0,0,0,0,0,0.0,0.0,0,16,0,6,5,7,43.75,0,5,2,40.0,5,3,16,2,34,27.42,2,79,35,114,133.9,16,0,231,6,1,0,Daniel Mosquera,Hellas Verona,1018179,2701,italy,2526,20260428
1,0,0.0,6,0,0.0,9,5,14,51.85,2,28.57,5,5,0,0,0,0,2,0,0,0,0,0,4,0,0,1,1,11,0,0,0.12,0.16,3,0,0.0,0,0,0,1,1,0,0,0,,4,40.0,0,0,0,13,0,2,0,1,94,0,0,0,0,0,0,0.0,0,0,0,0,21,0,0,6.38,0,0,0,0,0,0,0,0,0.0,0.0,0,2,0,2,0,1,50.0,0,2,2,100.0,2,1,2,0,6,35.29,1,19,8,27,25.5,2,0,44,1,0,0,Sadik Fofana,Lecce,1130662,2689,italy,2526,20260428
4,0,0.0,16,4,57.14,27,14,41,85.42,0,0.0,0,7,0,0,0,0,13,0,0,4,0,1,7,0,1,1,3,14,0,0,0.03,0.17,3,0,0.0,0,0,0,3,3,0,0,0,,9,39.13,0,0,0,7,1,1,0,1,165,0,0,0,0,0,0,0.0,0,0,0,0,31,2,0,6.37,1,0,0,0,0,0,0,0,0.0,0.0,1,0,7,2,1,3,30.0,0,2,2,100.0,1,8,10,8,9,39.13,7,34,14,48,44.6,7,0,95,4,1,0,Tomáš Suslov,Hellas Verona,964154,2701,italy,2526,20260428
0,0,0.0,2,0,0.0,4,1,5,83.33,0,0.0,3,4,0,0,0,0,1,0,0,0,0,0,3,0,0,1,0,6,0,0,0.01,,1,0,0.0,0,0,0,1,1,0,0,0,,1,25.0,0,0,0,1,0,0,0,0,36,0,0,0,0,0,0,0.0,0,0,0,0,7,0,0,6.37,0,0,0,0,0,0,0,0,0.0,0.0,0,0,0,0,0,0,0.0,0,0,0,0.0,0,0,1,0,1,14.29,0,5,1,6,19.1,0,0,14,1,0,0,Louis Buffon,Pisa,1819178,2737,italy,2526,20260428
0,0,0.0,0,0,0.0,2,2,4,80.0,1,100.0,0,1,0,0,0,0,0,0,0,0,0,0,1,0,0,0,0,0,0,0,0.0,,0,0,0.0,0,0,0,1,1,0,0,0,,0,0.0,0,0,0,1,0,0,0,0,13,0,0,0,0,0,0,0.0,0,0,0,0,2,0,0,6.3,0,0,0,0,0,0,0,0,0.0,0.0,0,0,0,0,0,0,0.0,0,0,0,0.0,0,0,0,0,1,100.0,0,3,2,5,6.3,0,0,7,0,0,0,Tomás Esteves,Pisa,979210,2737,italy,2526,20260428
0,0,0.0,4,0,0.0,6,3,9,60.0,3,50.0,3,5,0,0,0,0,2,0,1,1,0,1,5,0,0,1,0,6,0,0,0.01,0.39,1,0,0.0,0,0,0,1,1,0,0,0,,0,0.0,0,0,0,6,0,1,0,0,88,0,0,0,0,0,0,0.0,0,0,0,0,17,0,0,6.3,0,0,0,0,0,0,0,0,0.0,0.0,0,2,0,1,0,0,0.0,0,0,0,0.0,1,0,1,1,3,33.33,0,11,4,15,31.5,2,0,30,0,0,0,Faris Moumbagna,Cremonese,1029456,2761,italy,2526,20260428
0,0,0.0,6,0,0.0,8,1,9,81.82,0,0.0,2,2,0,0,0,0,1,0,1,0,0,0,2,0,0,0,0,6,0,0,0.03,0.09,1,0,0.0,0,0,0,0,0,0,0,0,,1,20.0,0,0,0,2,0,0,0,0,34,0,0,0,0,0,0,0.0,0,0,0,0,6,0,0,6.3,0,0,0,0,0,0,0,0,0.0,0.0,0,1,1,0,2,1,25.0,0,0,0,0.0,0,0,4,0,1,14.29,0,10,1,11,12.6,2,0,19,0,0,0,Arkadiusz Milik,Juventus,161325,2687,italy,2526,20260428
0,2,15.38,14,0,0.0,24,7,31,77.5,3,42.86,4,8,0,0,0,1,4,0,2,1,0,1,7,0,0,3,1,15,0,0,0.15,1.54,6,0,0.0,0,0,0,5,5,0,0,0,,7,38.89,0,0,0,9,0,6,0,1,121,1,0,0,0,1,1,0.0,0,0,0,0,27,1,0,6.29,0,0,0,0,0,0,0,0,0.0,0.0,0,3,1,1,2,0,0.0,0,6,4,66.67,6,0,3,13,10,40.0,3,31,9,40,44.0,4,0,78,1,0,0,Maxwel Cornet,Genoa,280439,2713,italy,2526,20260428
2,1,50.0,17,3,50.0,42,61,103,83.74,3,30.0,7,7,0,0,0,0,12,0,0,2,0,13,6,0,0,1,12,27,0,0,0.16,0.1,7,0,0.0,7,0,0,15,13,2,0,0,,22,52.38,0,0,0,20,4,0,0,5,461,0,4,0,0,0,1,0.0,0,0,0,0,49,0,0,6.28,0,0,0,0,0,0,0,0,0.0,0.0,0,2,0,0,0,0,0.0,0,13,5,38.46,0,6,0,2,25,48.08,6,55,68,123,37.7,2,0,249,9,3,0,Francesco Coppola,Pisa,1494096,2737,italy,2526,20260428
0,0,0.0,13,1,100.0,24,11,35,71.43,3,30.0,7,6,0,0,0,0,6,0,1,1,0,1,6,0,0,2,1,20,0,0,0.02,0.04,8,0,0.0,0,0,0,4,3,1,0,0,,4,23.53,0,0,0,14,0,1,0,2,191,6,1,0,0,0,0,0.0,0,0,0,0,34,1,0,6.27,0,0,0,0,0,0,0,0,0.0,0.0,0,1,1,1,0,0,0.0,0,1,1,100.0,1,0,2,3,7,25.93,1,36,13,49,37.6,2,0,82,3,1,0,Ciro Immobile,Bologna,45923,2685,italy,2526,20260428
1,0,0.0,2,0,0.0,4,9,13,76.47,0,0.0,1,3,0,0,0,0,3,0,0,0,0,3,2,0,0,0,2,3,0,0,0.0,0.08,0,0,0.0,0,0,0,2,2,0,0,0,,2,50.0,0,0,0,4,0,0,0,0,60,0,1,0,0,0,0,0.0,0,0,0,0,7,0,0,6.25,0,0,0,0,0,0,0,0,0.0,0.0,0,1,0,1,0,0,0.0,0,1,1,100.0,0,1,0,0,2,40.0,0,6,11,17,12.5,1,0,34,1,0,0,Alessandro Di Pardo,Cagliari,928814,2719,italy,2526,20260428
5,0,0.0,10,7,41.18,23,62,85,85.86,2,40.0,3,5,1,0,0,0,10,1,0,0,0,11,5,0,0,3,1,16,1,0,0.37,,6,0,0.0,5,0,1,11,10,1,0,0,,10,43.48,0,0,0,14,5,2,0,2,232,0,1,0,0,0,0,0.0,0,0,0,0,24,1,0,6.24,0,0,0,0,0,0,0,0,0.0,0.0,0,0,0,0,0,1,25.0,0,7,3,42.86,2,11,4,0,12,42.86,17,33,66,99,31.2,0,0,143,2,0,0,Adam Masina,Torino,259995,2696,italy,2526,20260428
0,0,0.0,0,0,0.0,0,1,1,100.0,0,0.0,0,1,0,0,0,0,0,0,0,0,0,0,0,0,0,0,0,0,0,0,0.0,,0,0,0.0,0,0,0,0,0,0,0,0,,0,0.0,0,0,0,0,0,0,0,0,1,0,0,0,0,0,0,0.0,0,0,0,0,0,0,0,0.0,0,0,0,0,0,0,0,0,0.0,0.0,0,0,0,0,0,0,0.0,0,0,0,0.0,0,0,0,0,0,0.0,0,0,1,1,0.0,0,0,1,0,0,0,Pedro Felipe,Sassuolo,1485292,2793,italy,2526,20260428
0,0,0.0,0,0,0.0,0,0,0,0.0,0,0.0,0,1,0,0,0,0,0,0,0,0,0,0,0,0,0,0,0,0,0,0,,,0,0,0.0,0,0,0,0,0,0,0,0,,0,0.0,0,0,0,0,0,0,0,0,1,0,0,0,0,0,0,0.0,0,0,0,0,0,0,0,0.0,0,0,0,0,0,0,0,0,0.0,0.0,0,0,0,0,0,0,0.0,0,0,0,0.0,0,0,0,0,0,0.0,0,0,0,0,0.0,0,0,0,0,0,0,Nils Zätterström,Genoa,1435226,2713,italy,2526,20260428
0,0,0.0,0,0,0.0,0,0,0,0.0,0,0.0,0,1,0,0,0,0,0,0,0,0,0,0,0,0,0,0,0,0,0,0,,,0,0,0.0,0,0,0,0,0,0,0,0,,0,0.0,0,0,0,1,0,0,0,0,1,0,0,0,0,0,0,0.0,0,0,0,0,1,0,0,0.0,0,0,0,0,0,0,0,0,0.0,0.0,0,0,0,0,0,0,0.0,0,0,0,0.0,0,0,0,0,0,0.0,0,1,0,1,0.0,0,0,1,0,0,0,Tjaš Begić,Parma,1030200,2690,italy,2526,20260428
0,0,0.0,0,0,0.0,0,1,1,100.0,0,0.0,0,1,0,0,0,0,0,0,0,0,0,0,0,0,0,0,0,0,0,0,0.0,,0,0,0.0,0,0,0,0,0,0,0,0,,0,0.0,0,0,0,0,0,0,0,0,1,0,0,0,0,0,0,0.0,0,0,0,0,1,0,0,0.0,0,0,0,0,0,0,0,0,0.0,0.0,0,0,0,0,0,0,0.0,0,0,0,0.0,0,0,0,0,0,0.0,0,0,1,1,0.0,0,0,2,0,0,0,Andrea Le Borgne,Como,2199322,2704,italy,2526,20260428
0,0,0.0,0,0,0.0,0,0,0,0.0,0,0.0,1,1,0,0,0,0,0,0,0,0,0,0,0,0,0,0,1,2,0,0,,,0,0,0.0,0,0,0,0,0,0,0,0,,0,0.0,0,0,0,0,0,0,0,0,1,0,0,0,0,0,0,0.0,0,0,0,0,0,0,0,0.0,0,0,0,0,0,0,0,0,0.0,0.0,0,0,0,0,0,0,0.0,0,0,0,0.0,0,0,0,0,0,0.0,0,0,0,0,0.0,0,0,0,0,0,0,Joi Xheto Nuredini,Genoa,1605324,2713,italy,2526,20260428
0,0,0.0,0,0,0.0,1,1,2,100.0,0,0.0,0,1,0,0,0,0,1,0,0,0,0,0,0,0,0,0,0,0,0,0,0.0,,0,0,0.0,0,0,0,0,0,0,0,0,,0,0.0,0,0,0,0,0,0,0,0,1,0,0,0,0,0,0,0.0,0,0,0,0,0,0,0,0.0,0,0,0,0,0,0,0,0,0.0,0.0,0,0,0,0,0,0,0.0,0,0,0,0.0,0,0,0,0,0,0.0,0,1,1,2,0.0,0,0,2,0,0,0,Cas Odenthal,Sassuolo,991677,2793,italy,2526,20260428
0,0,0.0,1,0,0.0,1,0,1,100.0,1,100.0,0,1,0,0,0,0,0,0,0,0,0,0,0,0,0,1,0,1,0,0,0.0,,0,0,0.0,0,0,0,0,0,0,0,0,,0,0.0,0,0,0,0,0,0,0,0,1,0,0,0,0,0,0,0.0,0,0,0,0,2,0,0,0.0,0,0,0,0,0,0,0,0,0.0,0.0,0,0,0,0,0,0,0.0,0,0,0,0.0,0,0,0,0,1,50.0,0,1,0,1,0.0,0,0,4,0,0,0,Junior Ajayi,Hellas Verona,1474846,2701,italy,2526,20260428
