accurateChippedPasses,accurateCrosses,accurateCrossesPercentage,accurateFinalThirdPasses,accurateLongBalls,accurateLongBallsPercentage,accurateOppositionHalfPasses,accurateOwnHalfPasses,accuratePasses,accuratePassesPercentage,aerialDuelsWon,aerialDuelsWonPercentage,aerialLost,appearances,assists,attemptPenaltyMiss,attemptPenaltyPost,attemptPenaltyTarget,ballRecovery,bigChancesCreated,bigChancesMissed,blockedShots,cleanSheet,clearances,countRating,crossesNotClaimed,directRedCards,dispossessed,dribbledPast,duelLost,errorLeadToGoal,errorLeadToShot,expectedAssists,expectedGoals,fouls,freeKickGoal,goalConversionPercentage,goalKicks,goals,goalsAssistsSum,goalsConceded,goalsConcededInsideTheBox,goalsConcededOutsideTheBox,goalsFromInsideTheBox,goalsFromOutsideTheBox,goalsPrevented,groundDuelsWon,groundDuelsWonPercentage,headedGoals,highClaims,hitWoodwork,inaccuratePasses,interceptions,keyPasses,leftFootGoals,matchesStarted,minutesPlayed,offsides,outfielderBlocks,ownGoals,passToAssist,penaltiesTaken,penaltyConceded,penaltyConversion,penaltyFaced,penaltyGoals,penaltySave,penaltyWon,possessionLost,possessionWonAttThird,punches,rating,redCards,rightFootGoals,runsOut,savedShotsFromInsideTheBox,savedShotsFromOutsideTheBox,saves,savesCaught,savesParried,scoringFrequency,setPieceConversion,shotFromSetPiece,shotsFromInsideTheBox,shotsFromOutsideTheBox,shotsOffTarget,shotsOnTarget,successfulDribbles,successfulDribblesPercentage,successfulRunsOut,tackles,tacklesWon,tacklesWonPercentage,totalAttemptAssist,totalChippedPasses,totalContest,totalCross,totalDuelsWon,totalDuelsWonPercentage,totalLongBalls,totalOppositionHalfPasses,totalOwnHalfPasses,totalPasses,totalRating,totalShots,totwAppearances,touches,wasFouled,yellowCards,yellowRedCards,player,team,player id,team id,data_country,data_season,download_date
34,20,28.17,517,29,49.15,804,197,1001,81.38,0,0.0,5,25,9,0,1,0,92,22,6,24,6,3,25,0,0,36,10,177,0,0,8.99,10.1,24,0,14.14,0,14,23,21,20,1,12,2,,199,53.64,0,0,3,229,10,63,12,23,2044,14,0.0,0,0,3,0,66.67,0,2,0,1,514,17,0,7.88,0,2,0,0,0,0,0,0,146.0,0.0,2,62,37,41,34,118,53.64,0,34,21,61.76,63,96,220,71,199,52.93,59,1010,220,1230,197.1,99,8,1939,47,1,0,Lamine Yamal,Barcelona,1402912,2817,spain,2526,20260326
28,5,26.32,409,25,78.13,578,111,689,86.99,6,66.67,3,24,4,0,0,1,38,8,15,28,7,0,24,0,0,30,6,99,0,0,5.6,20.8,9,0,20.72,0,23,27,20,16,4,19,4,,94,49.47,0,0,3,103,2,54,2,23,2052,21,0.0,0,0,9,0,88.89,0,8,0,4,259,19,0,7.77,0,21,0,0,0,0,0,0,89.22,0.0,5,77,34,32,51,63,53.85,0,3,1,33.33,54,44,117,19,100,50.25,32,672,120,792,186.5,111,8,1208,28,3,0,Kylian Mbappé,Real Madrid,826643,2829,spain,2526,20260326
1,0,0.0,3,15,35.71,9,20,29,50.88,2,100.0,0,2,0,0,0,0,25,0,0,0,0,6,2,0,0,0,0,0,0,0,0.0,,0,0,0.0,26,0,0,5,4,1,0,0,-0.26,0,0.0,0,2,0,28,0,0,0,2,180,0,0.0,0,0,0,0,0.0,0,0,0,0,28,0,5,7.75,0,0,0,6,4,11,0,2,0.0,0.0,0,0,0,0,0,0,0.0,0,0,0,0.0,0,2,0,0,2,100.0,42,36,21,57,15.5,0,1,90,0,0,0,Pablo Cuñat,Levante UD,1085579,2849,spain,2526,20260326
60,2,28.57,498,62,65.96,922,368,1290,90.91,8,80.0,2,21,7,0,0,0,114,7,4,4,2,16,21,0,0,22,24,64,0,1,3.64,1.48,8,0,11.76,0,2,9,17,16,1,1,1,,96,60.76,0,0,0,129,18,48,1,16,1453,0,2.0,0,1,0,0,0.0,0,0,0,0,193,12,0,7.57,1,1,0,0,0,0,0,0,726.5,0.0,0,8,9,4,9,29,78.38,0,37,21,56.76,47,98,37,7,104,61.9,94,1016,403,1419,158.9,17,6,1715,30,0,1,Pedri,Barcelona,992587,2817,spain,2526,20260326
20,19,27.54,227,23,56.1,363,122,485,81.79,2,40.0,3,20,3,0,0,0,44,11,5,16,3,11,20,0,0,13,13,57,0,0,5.55,9.79,10,0,18.97,0,11,14,9,8,1,9,2,,42,43.75,1,0,5,108,4,41,8,17,1299,2,0.0,0,2,3,0,100.0,0,3,0,1,227,11,0,7.45,0,2,0,0,0,0,0,0,118.09,0.0,3,33,25,23,19,20,51.28,0,13,5,38.46,39,39,39,69,44,43.56,41,464,129,593,149.0,58,4,905,9,4,0,Raphinha,Barcelona,831005,2817,spain,2526,20260326
34,0,0.0,4,73,52.9,21,564,585,89.59,6,100.0,0,23,0,0,0,0,224,0,0,0,12,33,23,0,0,1,0,1,1,0,0.01,,0,0,0.0,81,0,0,17,16,1,0,0,9.47,10,90.91,0,15,0,68,2,0,0,23,2070,0,0.0,0,0,0,0,0.0,2,0,0,0,72,0,5,7.45,0,0,45,55,8,63,1,8,0.0,0.0,0,0,0,0,0,1,100.0,45,5,3,60.0,0,46,1,0,16,94.12,138,66,587,653,171.3,0,1,933,4,1,0,Joan García,Barcelona,930267,2817,spain,2526,20260326
96,0,0.0,33,174,51.94,116,471,587,77.03,7,100.0,0,13,0,0,0,0,140,0,0,0,2,18,13,0,0,0,2,2,1,2,0.07,,0,0,0.0,64,0,0,18,13,5,0,0,-1.06,5,71.43,0,14,0,175,0,2,0,13,1170,0,0.0,0,1,0,0,0.0,4,0,0,0,177,0,5,7.43,0,0,18,27,10,37,0,12,0.0,0.0,0,0,0,0,0,0,0.0,16,0,0,0.0,1,155,0,0,12,85.71,335,258,504,762,96.6,0,1,899,5,1,0,Matías Dituro,Elche,556884,2846,spain,2526,20260326
44,3,60.0,440,42,84.0,901,408,1309,94.31,8,50.0,8,19,4,0,0,0,81,9,0,2,5,13,19,0,0,12,9,41,0,0,3.34,1.17,10,0,14.29,0,1,5,17,16,1,1,0,,68,67.33,0,0,0,79,17,31,0,16,1496,2,4.0,0,0,0,0,0.0,0,0,0,0,114,5,0,7.41,1,1,0,0,0,0,0,0,1496.0,0.0,0,6,1,3,2,4,66.67,0,39,15,38.46,31,59,6,5,76,64.96,50,958,430,1388,140.8,7,2,1568,25,4,1,Frenkie de Jong,Barcelona,795222,2817,spain,2526,20260326
35,9,17.31,433,34,69.39,636,103,739,83.41,0,0.0,5,28,5,0,0,1,67,6,12,20,3,1,28,0,0,33,11,161,0,1,3.65,11.44,25,0,13.75,0,11,16,24,19,5,10,1,,157,50.16,0,0,3,147,2,51,1,25,2183,12,0.0,0,0,5,0,80.0,0,4,0,4,405,16,0,7.39,0,10,0,0,0,0,0,0,198.45,0.0,0,57,23,25,35,70,44.03,0,26,14,53.85,51,56,159,52,157,49.37,49,764,122,886,206.8,80,6,1482,61,7,0,Vinicius Júnior,Real Madrid,868812,2829,spain,2526,20260326
15,2,50.0,52,19,41.3,190,321,511,88.1,42,87.5,6,12,1,0,0,0,38,1,0,1,4,59,12,0,0,2,2,19,0,2,0.54,0.18,9,0,0.0,0,0,1,5,2,3,0,0,,23,63.89,0,0,0,69,17,3,0,9,842,1,12.0,0,0,0,0,0.0,0,0,0,0,88,0,0,7.35,0,0,0,0,0,0,0,0,0.0,0.0,0,4,2,3,2,2,66.67,0,13,7,53.85,3,36,3,4,65,77.38,46,238,342,580,88.2,6,3,742,8,1,0,Marc Pubill,Atlético Madrid,1094106,2836,spain,2526,20260326
33,0,0.0,78,36,52.17,268,345,613,90.81,25,55.56,20,13,1,0,0,0,52,2,1,2,4,46,13,0,0,1,2,36,0,1,0.69,1.37,13,0,5.88,18,1,2,7,6,1,0,1,,32,66.67,0,0,0,62,10,7,0,12,1002,0,10.0,0,0,0,0,0.0,0,0,0,0,73,3,0,7.33,0,1,0,0,0,0,0,0,1002.0,0.0,0,13,4,7,8,1,33.33,0,20,14,70.0,7,60,3,0,57,61.29,69,318,357,675,95.3,17,2,828,11,2,0,Éder Militão,Real Madrid,822519,2829,spain,2526,20260326
69,0,0.0,45,226,47.08,134,475,609,70.08,13,92.86,1,27,0,0,0,0,232,0,0,1,5,33,27,0,0,0,1,2,0,1,0.06,0.16,0,0,0.0,204,0,0,43,36,7,0,0,1.44,3,75.0,0,27,0,260,1,0,0,27,2430,0,0.0,0,0,0,0,0.0,4,0,1,0,263,0,10,7.32,0,0,20,72,26,100,1,17,0.0,0.0,0,2,0,1,0,0,0.0,20,2,1,50.0,0,97,0,0,16,88.89,480,334,535,869,197.7,2,3,1183,0,2,0,Mathew Ryan,Levante UD,134029,2849,spain,2526,20260326
4,4,30.77,60,4,36.36,113,109,222,87.06,5,83.33,1,7,2,0,0,0,29,4,0,2,2,11,7,0,0,3,6,30,0,1,1.11,0.23,4,0,16.67,0,1,3,2,2,0,1,0,,28,49.12,0,0,1,33,9,6,1,5,435,1,1.0,0,0,0,0,0.0,0,0,0,1,72,1,0,7.29,0,0,0,0,0,0,0,0,435.0,0.0,1,1,5,3,1,10,38.46,0,12,9,75.0,6,13,26,13,33,52.38,11,137,118,255,51.0,6,1,392,6,0,0,João Cancelo,Barcelona,138892,2817,spain,2526,20260326
37,6,22.22,509,54,58.06,951,464,1415,89.73,21,63.64,12,28,7,0,0,0,122,7,1,9,9,45,28,0,1,7,11,58,1,1,4.31,2.5,15,0,9.3,0,4,11,23,18,5,2,2,,67,59.29,0,0,1,162,20,39,0,26,2296,1,6.0,0,0,0,0,0.0,0,0,0,0,229,12,0,7.28,1,4,0,0,0,0,0,0,574.0,0.0,4,8,35,18,16,18,58.06,0,37,22,59.46,39,57,31,27,88,60.27,93,1071,506,1577,203.7,43,1,1948,12,2,0,Federico Valverde,Real Madrid,831808,2829,spain,2526,20260326
7,4,23.53,201,15,60.0,312,132,444,85.22,2,50.0,2,15,2,0,0,0,42,6,0,11,1,5,15,0,0,25,14,87,0,0,2.61,1.82,11,0,12.12,0,4,6,13,11,2,3,1,,96,53.04,0,0,0,77,13,21,0,11,1032,0,0.0,0,1,0,0,0.0,0,0,0,1,197,6,0,7.27,0,4,0,0,0,0,0,0,258.0,0.0,1,15,18,10,12,40,53.33,0,15,8,53.33,20,14,75,17,98,52.97,25,372,149,521,109.0,33,3,839,42,6,0,Azzedine Ounahi,Girona FC,991421,24264,spain,2526,20260326
26,3,33.33,277,43,74.14,520,222,742,89.72,21,55.26,17,19,3,0,0,0,73,3,6,13,6,13,18,0,0,23,10,93,0,0,1.67,5.35,27,0,11.11,0,4,7,13,10,3,3,1,,99,56.57,1,0,0,85,12,30,0,15,1307,1,1.0,0,0,0,0,0.0,0,0,0,0,160,16,0,7.26,0,3,0,0,0,0,0,0,326.75,0.0,0,24,12,4,19,23,53.49,0,42,29,69.05,30,37,43,9,120,56.34,58,593,234,827,130.7,36,3,1131,34,1,0,Jude Bellingham,Real Madrid,991011,2829,spain,2526,20260326
44,0,0.0,69,301,39.14,244,147,391,45.47,2,66.67,1,29,0,0,0,0,227,0,0,0,8,34,29,2,0,0,0,1,3,0,0.09,,0,0,0.0,217,0,0,31,27,4,0,0,4.71,1,100.0,0,8,0,469,0,1,0,29,2610,0,0.0,0,0,0,0,0.0,1,0,0,0,482,0,11,7.26,0,0,22,62,29,94,2,21,0.0,0.0,0,0,0,0,0,0,0.0,22,0,0,0.0,1,62,0,0,3,75.0,769,681,179,860,210.4,0,4,1062,1,2,0,David Soria,Getafe,604258,2859,spain,2526,20260326
26,1,14.29,347,45,55.56,862,564,1426,91.41,60,75.0,20,26,0,0,0,0,121,4,4,10,8,44,26,0,0,3,14,62,0,2,2.77,2.1,23,0,2.94,0,1,1,22,18,4,1,0,,81,65.85,0,0,0,134,34,22,0,25,2150,0,11.0,0,0,0,0,0.0,0,0,0,0,168,8,0,7.25,0,1,0,0,0,0,0,0,2150.0,0.0,0,16,18,18,6,3,42.86,0,57,34,59.65,22,53,7,7,141,69.46,81,956,604,1560,188.5,34,1,1860,21,7,0,Aurélien Tchouaméni,Real Madrid,859025,2829,spain,2526,20260326
43,0,0.0,211,85,62.96,605,541,1146,89.25,38,61.29,24,21,2,0,0,0,59,1,2,4,5,95,21,0,1,2,5,46,0,2,1.08,2.16,17,0,11.76,8,2,4,15,11,4,2,0,,36,62.07,1,0,0,138,17,10,0,19,1589,0,11.0,0,0,0,1,0.0,0,0,0,0,145,1,0,7.24,1,1,0,0,0,0,0,0,794.5,0.0,0,13,4,9,4,2,100.0,0,24,11,45.83,10,72,2,1,74,61.67,135,712,572,1284,152.0,17,5,1503,10,5,0,Dean Huijsen,Real Madrid,1176744,2829,spain,2526,20260326
81,0,0.0,33,245,42.76,157,510,667,66.3,4,100.0,0,29,0,0,0,0,237,0,0,0,7,42,29,0,0,0,0,0,2,2,0.08,,1,0,0.0,192,0,0,48,41,7,0,0,4.9,8,100.0,0,17,0,339,0,1,0,29,2610,0,0.0,0,0,0,0,0.0,6,0,2,0,345,0,13,7.24,0,0,28,86,39,127,0,33,0.0,0.0,0,0,0,0,0,2,100.0,26,0,0,0.0,1,134,2,0,12,100.0,573,396,610,1006,209.9,0,3,1312,7,2,0,Aarón Escandell,Real Oviedo,368922,2851,spain,2526,20260326
22,13,24.07,327,16,55.17,521,213,734,82.1,6,37.5,10,24,5,0,0,0,100,8,10,15,2,16,24,0,1,19,20,87,0,1,4.47,6.39,14,0,10.77,0,7,12,29,22,7,3,4,,80,50.96,0,0,1,160,19,45,6,22,1872,1,1.0,0,0,0,0,0.0,0,0,0,0,288,13,0,7.21,1,1,0,0,0,0,0,0,267.43,0.0,0,37,28,23,27,18,41.86,0,27,17,62.96,45,46,43,54,86,49.71,29,650,244,894,173.1,65,2,1281,35,4,0,Antony,Real Betis,958380,2816,spain,2526,20260326
2,1,100.0,18,1,25.0,23,4,27,62.79,9,56.25,7,3,1,0,0,0,7,1,1,2,1,2,3,0,0,8,0,34,0,0,0.51,1.42,10,0,16.67,0,1,2,4,4,0,1,0,,15,35.71,0,0,0,16,0,4,1,3,270,1,0.0,0,0,0,0,0.0,0,0,0,0,55,0,0,7.2,0,0,0,0,0,0,0,0,270.0,0.0,0,5,1,3,1,6,40.0,0,2,2,100.0,4,2,15,1,24,41.38,4,38,5,43,21.6,6,1,122,8,1,0,Christantus Uche,Getafe,1884145,2859,spain,2526,20260326
3,5,50.0,25,5,71.43,44,18,62,86.11,0,0.0,0,2,0,0,0,0,3,1,0,0,0,0,2,0,0,2,1,7,0,0,0.86,0.08,3,0,50.0,0,1,1,5,3,2,0,1,,4,36.36,0,0,1,10,1,9,1,2,180,0,0.0,0,0,0,0,0.0,0,0,0,0,30,0,0,7.2,0,0,0,0,0,0,0,0,180.0,0.0,0,1,1,1,1,1,33.33,0,0,0,0.0,9,4,3,10,4,36.36,7,52,20,72,14.4,2,0,109,3,0,0,Dodi Lukebakio,Sevilla,823631,2833,spain,2526,20260326
35,2,10.0,472,38,65.52,905,515,1420,89.82,4,22.22,14,28,1,0,0,0,142,1,1,8,6,17,28,0,0,37,20,116,0,2,2.49,1.91,24,0,10.0,0,2,3,41,32,9,2,0,,185,64.46,0,0,1,161,21,22,0,28,2488,0,3.0,0,0,0,0,0.0,0,0,0,0,304,16,0,7.2,0,2,0,0,0,0,0,0,1244.0,0.0,0,13,7,4,8,43,64.18,0,56,36,64.29,22,60,67,20,189,61.97,58,1035,546,1581,201.5,20,6,2053,87,7,0,Aleix Febas,Elche,286167,2846,spain,2526,20260326
58,0,0.0,31,118,34.81,83,575,658,74.02,3,100.0,0,16,0,0,0,0,151,1,0,0,4,20,16,1,0,0,5,5,1,1,0.19,,0,0,0.0,78,0,0,28,24,4,0,0,3.0,0,0.0,0,8,0,231,0,3,0,16,1440,0,0.0,0,0,0,0,0.0,2,0,0,0,236,0,2,7.19,0,0,17,41,14,55,0,15,0.0,0.0,0,0,0,0,0,0,0.0,16,0,0,0.0,3,138,0,0,3,37.5,339,257,632,889,115.1,0,2,1052,1,0,0,Iñaki Peña,Elche,794949,2846,spain,2526,20260326
64,35,29.17,462,65,72.22,766,341,1107,91.11,4,30.77,9,29,8,0,0,0,94,13,3,12,2,8,29,0,0,15,20,80,1,1,6.41,4.42,21,0,8.7,0,4,12,19,17,2,3,1,,96,57.49,1,0,0,108,8,63,3,23,1854,3,2.0,0,0,0,1,0.0,0,0,0,0,264,9,0,7.18,0,0,0,0,0,0,0,0,463.5,0.0,1,22,24,16,18,25,60.98,0,43,26,60.47,63,84,41,120,100,55.56,90,858,357,1215,208.3,46,2,1631,28,1,0,Arda Güler,Real Madrid,1091116,2829,spain,2526,20260326
18,19,31.15,264,12,46.15,382,163,545,81.46,15,40.54,22,28,4,0,0,0,87,10,6,16,3,22,28,0,0,35,16,139,0,0,5.0,6.5,18,0,9.8,0,5,9,27,24,3,5,0,,104,47.06,0,0,3,124,12,43,5,20,1870,13,1.0,0,2,0,0,0.0,0,0,0,1,312,16,0,7.18,0,0,0,0,0,0,0,0,374.0,0.0,1,39,12,16,19,45,48.39,0,26,17,65.38,41,31,93,61,119,46.12,26,479,190,669,200.9,51,3,1145,34,3,0,Nicolas Pépé,Villarreal,593526,2819,spain,2526,20260326
19,1,12.5,100,26,70.27,158,104,262,77.29,14,43.75,18,15,0,0,0,0,30,4,3,6,0,9,15,0,0,11,9,54,0,0,1.7,4.74,9,0,29.63,0,8,8,9,8,1,6,2,,28,43.75,2,0,0,77,3,19,5,11,860,2,1.0,0,0,2,0,100.0,0,2,0,1,130,6,0,7.17,0,1,0,0,0,0,0,0,107.5,0.0,0,23,4,8,13,9,50.0,0,11,6,54.55,19,31,18,8,42,43.75,37,215,124,339,107.6,27,3,485,8,0,0,Gerard Moreno,Villarreal,146866,2819,spain,2526,20260326
7,0,0.0,2,15,31.91,6,146,152,82.16,0,0.0,0,6,0,0,0,0,48,0,0,0,0,9,6,0,0,0,0,0,0,0,0.0,,0,0,0.0,30,0,0,11,10,1,0,0,1.53,0,0.0,0,1,0,33,0,0,0,6,540,0,0.0,0,0,0,0,0.0,2,0,1,0,38,0,3,7.17,0,0,12,13,3,17,0,8,0.0,0.0,0,0,0,0,0,0,0.0,12,0,0,0.0,0,16,0,0,0,0.0,47,28,157,185,43.0,0,1,245,0,0,0,Wojciech Szczęsny,Barcelona,50490,2817,spain,2526,20260326
31,6,25.0,306,31,55.36,545,257,802,85.59,15,65.22,8,24,6,0,0,0,83,8,6,15,1,18,24,0,0,16,11,72,0,1,4.42,6.63,17,0,11.86,0,7,13,15,13,2,6,1,,71,52.59,0,0,4,135,13,38,2,17,1515,3,0.0,0,0,0,0,0.0,0,0,0,2,224,10,0,7.16,0,5,0,0,0,0,0,0,216.43,0.0,5,29,30,24,20,8,28.57,0,28,19,67.86,38,53,28,24,86,54.43,56,645,292,937,171.9,59,5,1262,35,0,0,Dani Olmo,Barcelona,789071,2817,spain,2526,20260326
11,4,10.0,180,11,64.71,315,119,434,79.49,24,40.68,35,20,5,0,0,0,89,9,8,16,2,8,20,0,0,31,21,136,0,0,2.42,6.42,21,0,8.93,0,5,10,23,16,7,5,0,,117,53.67,0,0,4,112,11,20,1,18,1541,4,0.0,0,0,0,0,0.0,0,0,0,1,274,19,0,7.16,0,4,0,0,0,0,0,0,308.2,0.0,3,38,18,24,16,29,47.54,0,35,22,62.86,20,25,61,40,141,50.9,17,397,149,546,143.1,56,2,986,53,3,0,Abdessamad Ezzalzouli,Real Betis,1011375,2816,spain,2526,20260326
23,1,100.0,45,31,52.54,154,353,507,89.73,9,56.25,7,13,0,0,0,0,46,0,0,1,3,56,13,0,0,1,1,18,0,2,0.18,0.12,8,0,0.0,19,0,0,9,6,3,0,0,,24,68.57,0,0,0,58,16,0,0,12,936,0,10.0,0,0,0,0,0.0,0,0,0,0,63,1,0,7.15,0,0,0,0,0,0,0,0,0.0,0.0,0,2,0,1,0,3,75.0,0,20,13,65.0,0,42,4,1,33,64.71,59,190,375,565,92.9,2,3,692,1,2,0,Juan Foyth,Villarreal,873189,2819,spain,2526,20260326
36,0,0.0,24,186,43.36,123,432,555,69.03,7,87.5,1,29,0,0,0,0,225,0,0,0,7,39,29,1,0,0,1,3,2,1,0.07,,2,0,0.0,241,0,0,35,28,7,0,0,4.98,4,66.67,0,17,0,249,0,0,0,29,2610,0,0.0,0,0,0,1,0.0,7,0,0,0,259,0,15,7.14,0,0,36,54,42,96,0,23,0.0,0.0,0,0,0,0,0,0,0.0,36,0,0,0.0,0,52,0,0,11,78.57,429,314,490,804,207.0,0,1,1101,4,3,0,Sergio Herrera,Osasuna,294377,2820,spain,2526,20260326
81,8,28.57,352,82,68.91,755,658,1413,92.29,13,50.0,13,27,2,0,0,0,102,3,0,4,4,22,27,0,0,16,22,73,0,0,3.48,0.42,17,0,20.0,0,2,4,19,13,6,1,1,,55,47.83,0,0,0,118,16,28,0,18,1742,0,2.0,0,0,0,0,0.0,0,0,0,0,175,10,0,7.13,0,2,0,0,0,0,0,0,871.0,0.0,0,4,6,2,4,3,37.5,0,38,19,50.0,28,126,8,28,68,48.23,119,848,683,1531,192.6,10,1,1748,14,4,0,Koke,Atlético Madrid,84539,2836,spain,2526,20260326
57,32,27.83,426,80,67.8,758,427,1185,86.69,13,28.89,32,29,4,0,0,0,118,7,2,14,3,18,29,0,0,27,29,129,0,0,4.88,3.35,24,1,19.44,0,7,11,32,25,7,5,2,,69,41.57,1,0,1,182,28,64,0,26,2263,10,3.0,0,2,0,0,0.0,0,0,0,0,349,20,0,7.12,0,6,0,0,0,0,0,0,323.29,100.0,1,17,19,6,16,17,48.57,0,33,24,72.73,62,91,35,115,82,38.86,118,907,460,1367,206.6,36,2,1817,20,2,0,Pablo Fornals,Real Betis,816763,2816,spain,2526,20260326
58,0,0.0,17,131,30.54,71,510,581,65.5,7,100.0,0,26,0,0,0,0,226,0,0,0,5,35,26,0,1,0,1,3,3,2,0.02,,1,0,0.0,141,0,0,36,31,5,0,0,4.69,4,57.14,0,23,0,306,0,0,0,26,2293,0,0.0,0,0,0,1,0.0,5,0,0,0,312,0,18,7.12,1,0,17,64,31,97,2,19,0.0,0.0,0,0,0,0,0,0,0.0,16,0,0,0.0,0,95,1,0,11,78.57,429,321,566,887,185.0,0,1,1173,5,4,0,Paulo Gazzaniga,Girona FC,164343,24264,spain,2526,20260326
33,0,0.0,188,55,57.89,778,1228,2006,94.58,52,61.9,32,24,0,0,0,0,78,1,0,3,8,92,24,0,0,4,11,65,0,2,0.6,0.54,21,0,10.0,3,1,1,25,23,2,1,0,,37,52.86,1,0,0,115,25,4,0,24,2106,0,10.0,0,0,0,0,0.0,0,0,0,0,126,0,0,7.11,0,0,0,0,0,0,0,0,2106.0,0.0,0,8,2,5,2,1,100.0,0,30,20,66.67,4,51,1,0,89,57.79,95,852,1269,2121,170.6,10,3,2350,6,3,0,Pau Cubarsí,Barcelona,1402913,2817,spain,2526,20260326
2,4,33.33,42,1,33.33,61,12,73,82.95,0,0.0,2,2,1,0,0,0,4,2,0,0,1,2,2,0,0,0,2,8,0,0,0.97,0.16,2,0,0.0,0,0,1,0,0,0,0,0,,2,25.0,0,0,0,15,2,7,0,2,160,0,1.0,0,1,0,0,0.0,0,0,0,0,33,2,0,7.1,0,0,0,0,0,0,0,0,0.0,0.0,0,2,0,1,1,0,0.0,0,2,1,50.0,6,3,3,12,2,20.0,3,75,13,88,14.2,2,0,123,0,0,0,Yéremy Pino,Villarreal,984624,2819,spain,2526,20260326
0,2,100.0,7,0,0.0,12,2,14,73.68,0,0.0,1,1,1,0,0,0,0,1,0,2,0,0,1,0,0,0,0,1,0,0,0.18,0.08,0,0,0.0,0,0,1,0,0,0,0,0,,2,100.0,0,0,0,5,0,2,0,0,30,0,0.0,0,0,0,0,0.0,0,0,0,0,7,0,0,7.1,0,0,0,0,0,0,0,0,0.0,0.0,0,2,0,0,0,0,0.0,0,0,0,0.0,2,3,0,2,2,66.67,1,17,2,19,7.1,2,0,28,2,0,0,Isco,Real Betis,103417,2816,spain,2526,20260326
1,0,0.0,2,8,36.36,4,21,25,64.1,0,0.0,0,2,0,0,0,0,12,0,0,0,0,2,2,0,0,0,0,0,0,0,0.0,,0,0,0.0,11,0,0,6,6,0,0,0,-2.59,1,100.0,0,0,0,14,0,0,0,1,136,0,0.0,0,0,0,0,0.0,1,0,0,0,14,0,1,7.1,0,0,0,3,0,4,0,0,0.0,0.0,0,0,0,0,0,0,0.0,0,0,0,0.0,0,3,0,0,1,100.0,22,16,23,39,14.2,0,0,54,1,0,0,Vladyslav Krapyvtsov,Girona FC,1521733,24264,spain,2526,20260326
8,0,0.0,2,10,55.56,5,57,62,88.57,0,0.0,0,3,0,0,0,0,24,0,0,0,2,1,3,0,0,0,0,0,0,0,0.0,,0,0,0.0,17,0,0,3,2,1,0,0,-0.11,1,100.0,0,2,0,8,0,0,0,3,270,0,0.0,0,0,0,0,0.0,1,0,0,0,8,0,1,7.1,0,0,1,4,5,9,0,1,0.0,0.0,0,0,0,0,0,0,0.0,1,0,0,0.0,0,9,0,0,1,100.0,18,11,59,70,21.3,0,0,100,1,1,0,Juan Musso,Atlético Madrid,263651,2836,spain,2526,20260326
26,1,11.11,400,57,55.88,915,792,1707,91.87,41,54.67,34,27,2,0,0,0,96,2,3,7,9,65,27,0,0,10,21,92,0,1,1.75,2.88,26,0,4.35,1,1,3,20,18,2,1,0,,83,58.87,0,0,0,151,39,26,1,25,2175,0,7.0,0,0,0,1,0.0,0,0,0,0,194,5,0,7.1,0,0,0,0,0,0,0,0,2175.0,0.0,0,17,6,10,6,2,33.33,0,62,35,56.45,26,52,6,9,124,57.41,102,1008,850,1858,191.6,23,4,2238,19,3,0,Eric García,Barcelona,876214,2817,spain,2526,20260326
8,1,100.0,91,17,65.38,204,133,337,64.44,118,55.92,93,28,1,1,0,1,61,1,16,15,1,49,28,0,1,33,6,165,0,0,0.83,14.42,29,0,20.69,0,18,19,41,36,5,17,1,,63,46.67,6,0,0,186,2,14,7,27,2324,12,4.0,0,0,7,0,71.43,0,5,0,1,303,16,0,7.09,1,4,0,0,0,0,0,0,129.11,0.0,0,77,10,34,38,13,56.52,0,6,4,66.67,14,16,23,1,181,52.31,26,356,167,523,198.6,87,5,913,49,3,0,Vedat Muriqi,Mallorca,310874,2826,spain,2526,20260326
41,53,25.98,211,48,42.11,374,211,585,76.87,14,45.16,17,27,6,0,0,0,78,9,3,9,0,22,27,0,0,29,18,90,0,1,6.0,1.76,19,0,3.33,0,1,7,29,24,5,0,1,,90,55.21,0,0,0,176,17,64,1,23,1825,2,2.0,0,1,0,0,0.0,0,0,0,0,394,7,0,7.09,0,0,0,0,0,0,0,0,1825.0,0.0,2,8,22,12,9,21,75.0,0,37,21,56.76,63,97,28,204,104,53.61,114,526,235,761,191.5,30,1,1250,32,6,0,Edu Expósito,Espanyol,877262,2814,spain,2526,20260326
6,8,25.0,131,5,45.45,222,77,299,79.52,5,35.71,9,18,3,0,0,0,44,5,2,7,0,9,18,0,0,11,10,62,0,0,2.33,2.28,6,0,8.0,0,2,5,17,16,1,1,1,,89,62.68,1,0,1,77,7,27,1,13,1183,11,0.0,0,1,0,0,0.0,0,0,0,0,188,6,0,7.08,0,0,0,0,0,0,0,0,591.5,0.0,1,17,8,6,12,27,50.94,0,25,16,64.0,26,13,53,32,94,60.26,11,283,93,376,127.5,25,0,674,37,0,0,Takefusa Kubo,Real Sociedad,880218,2824,spain,2526,20260326
47,0,0.0,12,174,46.65,107,461,568,73.96,5,83.33,1,26,0,0,0,0,212,0,0,0,10,19,26,0,0,0,2,3,0,0,0.02,,0,0,0.0,196,0,0,25,19,6,0,0,1.3,3,60.0,0,16,0,200,0,0,0,26,2340,0,0.0,0,0,0,0,0.0,2,0,0,0,202,0,10,7.08,0,0,11,39,19,58,0,8,0.0,0.0,0,0,0,0,0,0,0.0,11,0,0,0.0,0,68,0,0,8,72.73,373,239,529,768,184.1,0,2,992,4,0,0,Jan Oblak,Atlético Madrid,69768,2836,spain,2526,20260326
17,0,0.0,3,45,44.12,19,168,187,76.64,2,100.0,0,9,0,0,0,0,58,0,0,0,2,7,9,0,0,0,1,1,0,1,0.01,,0,0,0.0,54,0,0,11,7,4,0,0,-0.72,3,75.0,0,2,0,57,0,0,0,9,810,0,0.0,0,0,0,0,0.0,1,0,1,0,60,0,3,7.08,0,0,9,18,11,30,2,5,0.0,0.0,0,0,0,0,0,0,0.0,9,1,1,100.0,0,21,0,0,5,83.33,102,66,178,244,63.7,0,0,329,2,1,0,Pau López,Real Betis,548848,2816,spain,2526,20260326
12,2,13.33,173,13,54.17,275,164,439,76.48,31,31.63,67,26,3,0,0,0,74,10,14,15,1,22,26,0,0,38,15,157,0,1,2.95,12.56,18,0,17.65,0,12,15,36,34,2,8,4,,81,47.37,0,0,0,135,3,34,10,25,2184,12,3.0,0,0,5,0,100.0,0,5,0,0,282,20,0,7.07,0,2,0,0,0,0,0,0,182.0,0.0,2,51,17,23,30,26,55.32,0,20,13,65.0,34,25,47,15,112,41.64,24,384,190,574,183.8,68,2,977,36,2,0,Mikel Oyarzabal,Real Sociedad,823622,2824,spain,2526,20260326
30,13,26.53,246,30,73.17,393,205,598,87.94,9,56.25,7,17,2,0,0,0,56,6,2,9,0,4,17,0,0,17,12,56,0,0,2.04,2.4,7,0,7.41,0,2,4,13,10,3,2,0,,66,57.39,1,0,1,82,5,25,0,11,1098,4,0.0,0,0,0,1,0.0,0,0,0,0,175,11,0,7.06,0,1,0,0,0,0,0,0,549.0,0.0,3,12,15,8,10,14,51.85,0,14,10,71.43,25,44,27,49,75,57.25,41,457,223,680,120.1,27,1,917,38,3,0,Giovani Lo Celso,Real Betis,798835,2816,spain,2526,20260326
18,6,18.75,239,26,61.9,420,181,601,87.23,7,36.84,12,23,8,0,0,0,67,13,5,11,1,4,23,0,0,13,17,88,0,2,3.68,5.02,21,0,10.2,0,5,13,15,14,1,3,2,,80,51.28,0,0,2,88,6,29,2,13,1318,4,0.0,0,0,0,0,0.0,0,0,0,0,185,11,0,7.06,0,3,0,0,0,0,0,0,263.6,0.0,0,30,19,21,17,32,55.17,0,32,15,46.88,29,40,58,32,87,49.71,42,492,197,689,162.4,49,4,984,16,2,0,Fermín López,Barcelona,1153270,2817,spain,2526,20260326
17,3,10.34,462,32,47.76,811,470,1281,90.4,26,53.06,23,24,2,0,0,0,132,1,0,3,10,55,23,0,1,16,16,87,0,1,1.32,0.31,16,0,25.0,0,2,4,18,14,4,2,0,,74,53.62,0,0,0,136,33,24,1,22,1980,4,7.0,0,1,0,0,0.0,0,0,0,1,230,7,0,7.06,1,1,0,0,0,0,0,0,990.0,0.0,0,5,3,3,2,15,48.39,0,34,16,47.06,23,35,31,29,100,53.48,67,905,512,1417,162.4,8,1,1919,26,5,0,Álvaro Carreras,Real Madrid,1085081,2829,spain,2526,20260326
7,0,0.0,13,47,41.59,40,38,78,53.79,5,100.0,0,5,0,0,0,0,47,0,0,0,2,16,5,0,0,0,1,1,0,0,0.02,,0,0,0.0,37,0,0,7,4,3,0,0,-0.66,0,0.0,0,3,0,67,0,0,0,5,450,0,0.0,0,0,0,0,0.0,0,0,0,0,67,0,9,7.06,0,0,6,12,3,15,0,2,0.0,0.0,0,0,0,0,0,0,0.0,5,0,0,0.0,0,17,0,0,5,83.33,113,95,50,145,35.3,0,0,205,0,1,0,Lucas Bergström,Mallorca,996903,2826,spain,2526,20260326
17,0,0.0,25,90,30.72,51,427,478,69.88,7,100.0,0,29,0,0,0,0,255,1,0,0,8,29,29,0,0,0,1,1,1,0,0.04,,0,0,0.0,215,0,0,35,30,5,0,0,-2.74,4,80.0,0,15,0,206,0,1,0,29,2610,0,0.0,0,0,0,0,0.0,8,0,2,0,212,0,10,7.06,0,0,10,55,29,84,0,15,0.0,0.0,0,0,0,0,0,1,100.0,10,0,0,0.0,1,23,1,0,11,91.67,293,219,465,684,204.6,0,1,986,7,0,0,Ionuț Radu,Celta Vigo,815202,2821,spain,2526,20260326
67,5,35.71,285,96,54.86,642,933,1575,90.36,34,58.62,24,24,0,0,0,0,114,1,1,9,8,126,24,0,0,11,13,65,0,2,1.41,2.04,16,0,4.76,7,1,1,25,21,4,1,0,,56,57.73,0,0,0,168,23,11,1,23,2064,0,13.0,0,0,1,2,100.0,0,1,0,0,215,4,0,7.05,0,0,0,0,0,0,0,0,2064.0,0.0,3,11,10,9,3,9,75.0,0,32,17,53.13,11,114,12,14,90,58.06,175,766,977,1743,169.3,21,1,2099,15,3,0,Marcos Alonso,Celta Vigo,69408,2821,spain,2526,20260326
3,2,66.67,8,3,100.0,17,7,24,85.71,1,50.0,1,5,0,0,0,0,2,2,0,0,0,3,4,0,0,1,1,6,0,0,0.35,0.52,1,0,100.0,0,1,1,4,4,0,1,0,,8,61.54,0,0,0,4,1,3,0,2,202,0,2.0,0,0,0,0,0.0,0,0,0,1,15,0,0,7.05,0,1,0,0,0,0,0,0,202.0,0.0,0,1,0,0,1,0,0.0,0,5,1,20.0,3,4,2,3,9,60.0,3,19,9,28,28.2,1,1,71,3,0,0,Álvaro Odriozola,Real Sociedad,353250,2824,spain,2526,20260326
51,3,27.27,181,62,50.82,353,266,619,80.08,22,59.46,15,23,2,0,0,0,85,3,3,8,1,38,23,0,0,14,6,76,2,3,2.48,3.2,32,0,10.81,0,4,6,20,19,1,2,2,,81,57.04,0,0,0,154,25,20,3,19,1596,2,6.0,0,0,1,0,100.0,0,1,0,0,216,12,0,7.05,0,0,0,0,0,0,0,0,399.0,0.0,1,15,22,19,10,11,50.0,0,31,19,61.29,20,94,22,11,103,57.54,122,469,304,773,162.1,37,1,1078,39,7,0,Pape Gueye,Villarreal,879694,2819,spain,2526,20260326
32,9,32.14,303,43,64.18,563,319,882,89.0,16,53.33,14,21,1,0,0,0,108,3,1,9,6,12,21,0,0,21,12,79,0,4,2.05,1.7,12,0,4.76,0,1,2,14,12,2,1,0,,82,55.78,0,0,1,109,23,20,1,19,1580,0,2.0,0,0,0,1,0.0,0,0,0,0,209,11,0,7.05,0,0,0,0,0,0,0,0,1580.0,0.0,0,6,15,6,6,32,61.54,0,29,15,51.72,20,54,52,28,98,55.37,67,638,353,991,148.0,21,0,1302,21,0,0,Pablo Barrios,Atlético Madrid,1142588,2836,spain,2526,20260326
31,0,0.0,16,80,38.46,50,166,216,62.25,4,100.0,0,11,0,0,0,0,97,0,0,0,4,2,11,0,0,0,0,0,0,0,0.02,,0,0,0.0,41,0,0,12,11,1,0,0,-1.71,1,100.0,0,13,0,131,0,0,0,11,990,0,0.0,0,0,0,0,0.0,3,0,0,0,134,0,1,7.05,0,0,4,18,7,26,0,3,0.0,0.0,0,0,0,0,0,0,0.0,4,0,0,0.0,0,64,0,0,5,100.0,208,153,194,347,77.5,0,0,435,2,0,0,Stole Dimitrievski,Valencia,97951,2828,spain,2526,20260326
45,0,0.0,80,50,54.35,277,530,807,90.07,33,53.23,29,18,0,0,0,0,53,1,0,0,4,105,18,0,0,0,8,48,0,2,0.63,0.35,11,0,25.0,28,1,1,20,16,4,1,0,,36,65.45,1,0,0,89,18,5,0,17,1575,3,13.0,1,0,0,1,0.0,0,0,0,0,94,0,0,7.04,0,0,0,0,0,0,0,0,1575.0,0.0,0,4,0,3,1,1,100.0,0,28,16,57.14,5,67,1,0,69,58.97,92,334,562,896,126.8,4,2,1117,7,1,0,Rafa Marín,Villarreal,984623,2819,spain,2526,20260326
23,13,34.21,209,33,61.11,435,306,741,92.16,3,50.0,3,16,2,0,0,0,77,5,0,0,0,15,16,0,0,5,8,40,0,1,2.06,0.09,22,0,0.0,0,0,2,18,15,3,0,0,,38,50.67,0,0,0,63,12,24,0,13,1091,0,8.0,0,0,0,0,0.0,0,0,0,0,107,2,0,7.04,0,0,0,0,0,0,0,0,0.0,0.0,1,0,2,1,1,1,33.33,0,26,12,46.15,24,38,3,38,41,50.62,54,476,328,804,112.7,2,0,963,12,2,0,Hugo Sotelo,Celta Vigo,1120669,2821,spain,2526,20260326
31,0,0.0,53,162,32.14,128,303,431,55.68,5,100.0,0,29,0,0,0,0,257,0,0,0,7,22,29,0,0,0,2,2,0,0,0.13,,0,0,0.0,176,0,0,44,37,7,0,0,-1.36,7,77.78,0,32,0,343,0,1,0,29,2610,0,0.0,0,0,0,0,0.0,5,0,0,0,351,0,8,7.04,0,0,18,62,33,96,0,20,0.0,0.0,0,0,0,0,0,0,0.0,17,3,2,66.67,1,60,0,0,12,85.71,504,432,342,774,204.2,0,1,1053,4,0,0,Marko Dmitrović,Espanyol,94527,2814,spain,2526,20260326
37,2,25.0,101,45,30.82,282,538,820,81.59,68,73.91,24,17,0,0,0,0,72,0,0,3,2,115,17,0,0,5,8,65,0,1,0.31,0.87,23,0,9.09,0,1,1,27,23,4,0,1,,49,54.44,0,0,0,185,29,5,1,15,1398,0,11.0,0,0,0,0,0.0,0,0,0,1,227,2,0,7.04,0,0,0,0,0,0,0,0,1398.0,0.0,0,8,3,2,6,7,58.33,0,36,21,58.33,5,112,12,8,117,64.29,146,413,592,1005,119.7,11,1,1325,9,0,0,Kike Salas,Sevilla,1097719,2833,spain,2526,20260326
30,0,0.0,82,26,66.67,212,246,458,90.87,4,44.44,5,9,0,0,0,0,53,0,0,2,2,9,9,0,0,2,8,24,0,0,0.21,0.14,11,0,0.0,0,0,0,8,5,3,0,0,,29,60.42,0,0,0,46,6,4,0,7,692,0,2.0,0,0,0,0,0.0,0,0,0,0,65,5,0,7.03,0,0,0,0,0,0,0,0,0.0,0.0,0,0,4,1,1,3,100.0,0,12,7,58.33,4,43,3,6,33,57.89,39,247,257,504,63.3,4,0,598,14,3,0,Sofyan Amrabat,Real Betis,359272,2816,spain,2526,20260326
62,51,31.1,271,70,51.09,534,318,852,78.02,38,55.88,30,28,9,0,0,0,166,11,1,8,8,43,28,0,1,22,25,114,0,2,4.7,1.04,25,0,0.0,0,0,9,28,24,4,0,0,,104,55.32,0,0,0,240,28,62,0,28,2474,0,6.0,0,2,0,0,0.0,0,0,0,0,417,17,0,7.03,1,0,0,0,0,0,0,0,0.0,0.0,3,5,14,9,2,19,55.88,0,44,24,54.55,60,137,34,164,142,55.47,137,717,375,1092,196.9,19,1,1596,41,3,0,Luis Milla,Getafe,811629,2859,spain,2526,20260326
81,9,21.43,219,69,50.74,478,487,965,86.47,25,62.5,15,23,0,0,1,1,107,1,2,8,3,50,22,0,0,8,12,63,1,0,2.01,3.5,27,0,9.09,0,2,2,28,24,4,1,1,,67,58.26,0,0,1,151,17,20,0,20,1710,1,5.0,0,0,3,0,33.33,0,1,0,0,206,4,0,7.03,0,2,0,0,0,0,0,0,855.0,0.0,5,9,13,11,3,7,77.78,0,49,27,55.1,20,138,9,42,92,59.35,136,592,524,1116,154.7,22,1,1391,11,3,0,Pepelu,Valencia,826948,2828,spain,2526,20260326
14,0,0.0,65,240,39.47,207,176,383,50.73,9,100.0,0,29,0,0,0,0,219,0,0,0,3,36,29,0,0,0,1,2,1,2,0.11,,1,0,0.0,220,0,0,41,38,3,0,0,2.47,3,60.0,0,17,0,372,0,0,0,29,2610,0,0.0,0,0,0,1,0.0,4,0,0,0,377,0,16,7.03,0,0,16,56,20,77,1,13,0.0,0.0,0,0,0,0,0,0,0.0,16,2,1,50.0,0,39,0,0,12,85.71,608,527,228,755,203.9,0,1,1003,1,2,0,Antonio Sivera,Deportivo Alavés,369004,2885,spain,2526,20260326
12,2,18.18,195,33,47.14,495,657,1152,90.49,27,69.23,12,24,0,0,0,0,52,1,0,2,5,65,23,0,0,1,9,36,0,2,0.79,0.13,12,0,0.0,9,0,0,10,9,1,0,0,,43,64.18,0,0,0,121,20,12,0,18,1465,0,4.0,0,0,0,0,0.0,0,0,0,0,154,1,0,7.02,0,0,0,0,0,0,0,0,0.0,0.0,0,3,2,1,2,5,62.5,0,31,20,64.52,12,22,8,11,70,66.04,70,568,705,1273,161.5,5,3,1526,7,5,0,Gerard Martín,Barcelona,1094827,2817,spain,2526,20260326
3,3,60.0,12,5,45.45,36,25,61,81.33,1,33.33,2,5,0,0,0,0,10,0,0,0,0,5,5,0,0,1,3,11,0,0,0.5,0.6,3,0,50.0,0,1,1,1,1,0,0,1,,5,35.71,0,0,0,14,2,2,1,1,163,0,1.0,0,0,0,0,0.0,0,0,0,0,28,0,0,7.02,0,0,0,0,0,0,0,0,163.0,0.0,0,0,2,1,1,1,33.33,0,1,0,0.0,2,4,3,5,6,35.29,11,45,30,75,35.1,2,1,121,3,1,0,Iker Benito,Osasuna,1086346,2820,spain,2526,20260326
28,0,0.0,224,37,71.15,447,294,741,91.48,8,53.33,7,21,0,0,0,0,66,1,0,2,2,18,20,0,0,7,11,57,1,1,1.43,1.06,27,0,10.0,0,1,1,10,7,3,1,0,,88,63.77,1,0,1,69,11,10,0,12,1158,1,6.0,0,0,0,0,0.0,0,0,0,0,107,8,0,7.02,0,0,0,0,0,0,0,0,1158.0,0.0,0,3,7,6,2,12,66.67,0,51,30,58.82,10,51,18,2,96,62.75,52,505,305,810,140.3,10,1,1035,25,1,0,Eduardo Camavinga,Real Madrid,973887,2829,spain,2526,20260326
61,9,23.08,266,47,46.08,493,295,788,82.77,21,56.76,16,26,1,0,0,0,142,4,0,6,0,16,26,0,0,17,19,105,0,1,2.19,0.62,45,0,6.25,0,1,2,27,21,6,1,0,,106,54.36,0,0,0,164,14,20,0,24,1727,0,4.0,0,0,0,0,0.0,0,0,0,0,260,19,0,7.01,0,1,0,0,0,0,0,0,1727.0,0.0,0,4,12,8,2,27,72.97,0,49,27,55.1,20,119,37,39,127,54.74,102,623,329,952,182.3,16,1,1278,30,9,0,Iñigo Ruiz de Galarreta,Athletic Club,96365,2825,spain,2526,20260326
0,1,100.0,2,0,0.0,9,3,12,85.71,1,50.0,1,1,1,0,0,0,0,1,0,0,0,0,1,0,0,1,1,4,0,0,0.17,,0,0,0.0,0,0,1,1,1,0,0,0,,4,57.14,0,0,0,2,0,2,0,0,32,0,0.0,0,0,0,0,0.0,0,0,0,0,4,0,0,7.0,0,0,0,0,0,0,0,0,0.0,0.0,0,0,0,0,0,0,0.0,0,1,1,100.0,2,0,1,1,5,55.56,1,11,3,14,7.0,0,0,22,3,0,0,Daniel Yañez,Real Madrid,1546404,2829,spain,2526,20260326
1,0,0.0,1,3,37.5,2,25,27,81.82,0,0.0,0,1,0,0,0,0,12,0,0,0,0,0,1,0,1,0,0,0,0,0,0.0,,0,0,0.0,2,0,0,2,1,1,0,0,-0.43,0,0.0,0,1,0,6,0,0,0,1,90,0,0.0,0,0,0,0,0.0,0,0,0,0,7,0,0,7.0,1,0,1,3,2,5,1,0,0.0,0.0,0,0,0,0,0,0,0.0,1,0,0,0.0,0,3,0,0,0,0.0,8,7,26,33,7.0,0,0,45,0,0,0,Andriy Lunin,Real Madrid,857574,2829,spain,2526,20260326
0,0,0.0,2,0,0.0,4,4,8,100.0,0,0.0,0,1,0,0,0,0,1,0,0,0,0,0,1,0,0,0,0,0,0,0,0.0,,0,0,0.0,0,0,0,0,0,0,0,0,,1,100.0,0,0,0,0,0,0,0,0,8,0,0.0,0,0,0,0,0.0,0,0,0,0,0,0,0,7.0,0,0,0,0,0,0,0,0,0.0,0.0,0,0,0,0,0,0,0.0,0,1,1,100.0,0,0,0,0,1,100.0,0,4,4,8,7.0,0,0,10,0,0,0,Adrià Altimira,Villarreal,980732,2819,spain,2526,20260326
17,0,0.0,19,140,35.26,92,404,496,65.52,1,50.0,1,25,0,0,0,0,185,0,0,0,4,28,25,0,0,0,0,1,0,3,0.03,,0,0,0.0,152,0,0,42,39,3,0,0,3.23,1,100.0,0,6,0,261,1,0,0,25,2250,0,0.0,0,0,0,0,0.0,10,0,1,0,269,0,14,7.0,0,0,9,56,16,73,1,18,0.0,0.0,0,0,0,0,0,1,100.0,9,0,0,0.0,0,41,1,0,2,66.67,397,294,463,757,174.9,0,2,996,0,2,0,Odysseas Vlachodimos,Sevilla,138149,2833,spain,2526,20260326
10,0,0.0,10,13,41.94,80,254,334,89.54,18,50.0,18,11,0,0,0,0,27,0,0,0,1,47,10,0,0,2,2,29,0,0,0.03,0.76,7,0,50.0,9,1,1,7,6,1,1,0,,19,63.33,0,0,0,39,14,0,0,8,628,0,6.0,0,0,0,0,0.0,0,0,0,0,45,0,0,6.99,0,1,0,0,0,0,0,0,628.0,0.0,0,2,0,1,1,0,0.0,0,13,7,53.85,0,22,1,0,37,56.06,31,106,267,373,69.9,2,0,497,9,3,0,Diego Llorente,Real Betis,305278,2816,spain,2526,20260326
51,1,20.0,132,110,42.31,447,1048,1495,87.48,70,66.67,35,29,1,0,0,0,130,2,1,6,8,175,29,0,0,6,17,98,0,2,0.29,1.44,42,0,0.0,23,0,1,35,31,4,0,0,,70,52.63,0,0,1,214,35,14,0,29,2601,1,26.0,0,0,0,0,0.0,0,0,0,0,246,1,0,6.99,0,0,0,0,0,0,0,0,0.0,0.0,13,17,22,21,12,7,77.78,0,52,28,53.85,14,116,9,5,140,58.82,260,600,1109,1709,202.6,39,1,2135,11,4,0,Florian Lejeune,Rayo Vallecano,88528,2818,spain,2526,20260326
3,7,23.33,92,4,66.67,142,86,228,77.55,13,32.5,27,27,1,0,0,0,51,3,9,9,1,12,27,0,0,27,17,117,0,0,2.25,8.42,27,0,22.73,0,10,11,21,19,2,10,0,,68,43.04,0,0,1,66,5,24,3,26,1932,15,0.0,0,0,1,0,100.0,0,1,0,3,212,12,0,6.99,0,7,0,0,0,0,0,0,193.2,0.0,0,41,3,14,21,17,47.22,0,23,12,52.17,24,7,36,30,81,40.91,6,199,95,294,188.6,44,4,614,29,3,0,Jorge de Frutos,Rayo Vallecano,900003,2818,spain,2526,20260326
33,0,0.0,34,164,40.1,127,387,514,67.28,2,66.67,1,24,0,0,0,0,166,0,0,0,1,21,24,1,0,0,0,2,2,1,0.07,,1,0,0.0,154,0,0,40,37,3,0,0,1.92,1,50.0,0,11,0,250,1,0,0,24,2160,0,0.0,0,0,0,1,0.0,6,0,1,0,253,0,6,6.98,0,0,12,48,28,81,0,21,0.0,0.0,0,0,0,0,0,0,0.0,12,1,1,100.0,0,53,0,0,3,60.0,409,327,437,764,167.6,0,2,967,1,3,0,Leo Román,Mallorca,1131909,2826,spain,2526,20260326
55,1,33.33,89,71,45.22,249,611,860,86.17,39,59.09,27,22,0,0,0,0,73,0,0,1,5,144,22,0,0,3,20,63,0,3,0.41,0.55,13,0,7.14,10,1,1,26,20,6,1,0,,56,60.87,1,0,0,138,25,5,0,18,1772,0,22.0,1,0,0,1,0.0,0,0,0,0,162,1,0,6.98,0,0,0,0,0,0,0,0,1772.0,0.0,0,5,9,8,5,5,71.43,0,41,19,46.34,5,93,7,3,95,60.13,157,357,641,998,153.6,14,3,1345,10,3,0,Marc Bartra,Real Betis,99519,2816,spain,2526,20260326
39,16,35.56,221,38,57.58,408,285,693,87.94,6,37.5,10,24,2,0,0,0,59,5,3,3,0,20,24,0,1,12,11,61,1,0,2.39,2.07,25,0,15.38,1,4,6,23,22,1,3,1,,52,50.49,1,0,0,95,9,32,1,18,1618,0,7.0,0,0,0,0,0.0,0,0,0,0,151,6,0,6.98,1,2,0,0,0,0,0,0,404.5,0.0,0,11,15,7,16,9,75.0,0,29,15,51.72,32,56,12,45,58,48.74,66,485,303,788,167.5,26,0,1021,14,2,0,Carlos Soler,Real Sociedad,832427,2824,spain,2526,20260326
19,26,28.26,172,18,62.07,267,150,417,81.29,7,30.43,16,20,2,0,0,0,47,9,1,5,2,7,19,0,0,13,8,73,0,1,3.75,1.71,21,0,9.52,0,2,4,7,6,1,2,0,,45,44.12,0,0,1,96,9,34,0,14,1078,7,2.0,0,0,0,0,0.0,0,0,0,0,218,6,0,6.98,0,2,0,0,0,0,0,0,539.0,0.0,0,11,10,10,6,12,40.0,0,12,7,58.33,34,36,30,92,52,41.6,29,338,175,513,132.6,21,1,789,21,3,0,Alejandro Baena,Atlético Madrid,910031,2836,spain,2526,20260326
27,0,0.0,137,32,43.24,345,477,822,84.57,30,61.22,19,22,2,0,0,0,116,1,0,4,6,100,22,0,0,6,42,117,0,2,0.41,1.01,45,0,7.69,0,1,3,24,20,4,1,0,,117,54.42,0,0,0,150,25,7,0,21,1876,1,7.0,0,0,0,0,0.0,0,0,0,0,232,5,0,6.98,1,1,0,0,0,0,0,0,1876.0,0.0,0,9,4,6,3,10,62.5,0,80,51,63.75,7,63,16,6,147,55.68,74,428,544,972,153.5,13,2,1533,27,7,1,Santiago Mouriño,Villarreal,1468046,2819,spain,2526,20260326
30,13,20.97,196,34,85.0,319,163,482,90.94,2,66.67,1,18,1,0,0,0,45,4,1,3,0,4,17,0,0,17,7,49,0,0,1.8,0.55,10,0,0.0,0,0,1,12,12,0,0,0,,58,54.72,0,0,0,48,10,16,0,10,939,0,1.0,0,0,0,0,0.0,0,0,0,1,148,3,0,6.98,0,0,0,0,0,0,0,0,0.0,0.0,1,3,5,3,2,15,51.72,0,22,10,45.45,16,47,29,62,60,55.05,40,357,173,530,118.6,8,0,755,21,0,0,André Almeida,Valencia,845693,2828,spain,2526,20260326
9,3,25.0,71,9,69.23,132,83,215,77.62,13,35.14,24,21,2,0,0,0,27,2,4,3,0,10,21,0,0,13,2,72,0,0,0.97,4.56,14,0,20.59,0,7,9,18,17,1,5,2,,44,47.83,0,0,0,62,6,11,1,16,1190,4,1.0,0,1,0,0,0.0,0,0,0,0,135,4,0,6.98,0,6,0,0,0,0,0,0,170.0,0.0,0,24,10,11,20,15,42.86,0,8,2,25.0,10,14,35,12,57,44.19,13,171,106,277,146.5,34,2,487,21,4,0,Ferran Jutglà,Celta Vigo,949962,2821,spain,2526,20260326
14,2,66.67,107,32,80.0,290,291,581,91.35,15,65.22,8,20,1,0,0,0,66,0,0,2,2,16,20,0,0,7,14,40,0,0,0.71,0.25,10,0,25.0,0,1,2,18,16,2,1,0,,57,64.04,0,0,0,55,17,10,1,10,964,0,4.0,0,0,0,0,0.0,0,0,0,0,84,6,0,6.98,0,0,0,0,0,0,0,0,964.0,0.0,0,2,2,1,1,3,60.0,0,39,23,58.97,10,22,5,3,72,64.29,40,320,316,636,139.5,4,0,805,16,2,0,Sergi Altimira,Real Betis,1137814,2816,spain,2526,20260326
70,3,30.0,268,116,52.49,598,1043,1641,89.92,31,47.69,34,27,0,0,0,0,127,1,0,1,5,115,27,0,0,8,12,71,0,2,1.06,0.09,14,0,0.0,60,0,0,39,34,5,0,0,,71,65.74,0,0,0,184,36,11,0,26,2303,0,17.0,0,0,0,3,0.0,0,0,0,0,223,3,0,6.97,0,0,0,0,0,0,0,0,0.0,0.0,0,1,2,1,1,10,76.92,0,48,31,64.58,11,138,13,10,102,58.96,221,723,1102,1825,188.3,3,3,2173,13,1,0,Daley Blind,Girona FC,44864,24264,spain,2526,20260326
20,0,0.0,95,29,58.0,355,485,840,94.06,21,60.0,14,19,0,0,0,0,40,0,2,2,6,46,19,0,0,3,7,39,0,1,0.54,1.02,15,0,15.38,26,2,2,12,10,2,2,0,,32,56.14,2,0,0,53,8,4,0,14,1346,0,9.0,0,0,0,0,0.0,0,0,0,0,68,1,0,6.97,0,0,0,0,0,0,0,0,673.0,0.0,0,11,2,7,4,1,50.0,0,14,11,78.57,4,36,2,1,53,57.61,50,389,504,893,132.5,13,1,1062,17,3,0,Raúl Asencio,Real Madrid,1156645,2829,spain,2526,20260326
35,10,20.41,245,43,53.09,537,430,967,86.96,49,64.47,27,25,3,0,0,0,112,4,0,3,5,86,25,0,0,16,9,76,0,1,2.6,0.39,21,0,0.0,0,0,3,30,25,5,0,0,,67,57.76,0,0,0,145,30,25,0,24,2115,2,2.0,0,0,0,2,0.0,0,0,0,0,260,7,0,6.97,0,0,0,0,0,0,0,0,0.0,0.0,0,5,12,10,4,7,46.67,0,34,21,61.76,25,54,15,49,116,60.42,81,646,466,1112,174.3,17,1,1673,28,3,0,Yuri Berchiche,Athletic Club,84531,2825,spain,2526,20260326
127,0,0.0,58,250,40.32,133,542,675,64.16,6,85.71,1,29,0,0,0,0,251,0,0,0,8,20,29,0,0,0,3,5,0,3,0.1,,0,0,0.0,116,0,0,35,31,4,0,0,-0.39,9,69.23,0,17,0,377,0,2,0,29,2610,0,0.0,0,0,0,0,0.0,5,0,0,0,390,0,6,6.97,0,0,22,54,24,78,0,17,0.0,0.0,0,0,0,0,0,4,80.0,19,1,1,100.0,2,181,5,0,15,75.0,620,420,632,1052,202.1,0,1,1307,4,4,0,Augusto Batalla,Rayo Vallecano,358910,2818,spain,2526,20260326
34,9,24.32,293,50,60.98,545,557,1102,89.09,9,42.86,12,25,4,0,0,0,107,9,2,6,6,46,25,0,0,6,16,66,0,0,3.16,1.87,24,0,0.0,1,0,4,19,15,4,0,0,,69,56.1,0,0,0,135,9,19,0,21,1862,2,2.0,0,0,0,0,0.0,0,0,0,0,220,5,0,6.97,0,0,0,0,0,0,0,0,0.0,0.0,0,11,5,4,6,13,61.9,0,46,31,67.39,19,57,21,37,78,54.17,82,632,605,1237,174.2,16,2,1631,10,5,0,Marcos Llorente,Atlético Madrid,353138,2836,spain,2526,20260326
5,15,30.0,158,5,33.33,242,106,348,76.48,5,33.33,10,19,2,0,0,1,71,5,4,10,1,7,19,0,0,24,15,126,0,0,4.33,4.5,17,0,10.81,0,4,6,20,12,8,4,0,,82,41.41,0,0,2,107,6,27,1,15,1316,5,0.0,0,0,2,0,50.0,0,1,0,1,294,17,0,6.96,0,3,0,0,0,0,0,0,329.0,0.0,0,30,7,14,13,47,43.12,0,12,6,50.0,27,22,109,50,87,40.85,15,336,119,455,132.3,37,3,858,23,1,0,Nico Williams,Athletic Club,1085400,2825,spain,2526,20260326
32,1,100.0,137,54,62.07,328,443,771,88.93,24,48.98,25,21,0,0,0,0,88,0,4,2,2,49,21,0,2,10,10,70,0,1,0.28,2.84,21,0,13.33,16,2,2,19,15,4,2,0,,52,53.61,1,0,0,96,22,10,0,15,1449,2,10.0,0,0,0,0,0.0,0,0,0,0,125,2,0,6.96,2,1,0,0,0,0,0,0,724.5,0.0,0,11,4,6,7,4,50.0,0,41,24,58.54,10,59,8,1,76,52.05,87,390,477,867,146.2,15,1,1090,7,5,0,Pathé Ismaël Ciss,Rayo Vallecano,913679,2818,spain,2526,20260326
27,21,32.81,253,44,61.97,508,480,988,91.4,11,32.35,23,21,2,0,0,0,85,6,0,4,4,34,21,0,0,6,11,60,0,0,2.75,0.29,13,0,0.0,0,0,2,23,19,4,0,0,,60,61.86,0,0,0,93,16,21,0,21,1764,2,7.0,0,1,0,1,0.0,0,0,0,0,177,5,0,6.96,0,0,0,0,0,0,0,0,0.0,0.0,0,2,4,1,1,15,65.22,0,25,16,64.0,20,43,23,64,71,54.2,71,566,515,1081,146.2,6,1,1434,20,2,0,Alvaro Núñez,Celta Vigo,1012410,2821,spain,2526,20260326
3,0,0.0,74,4,50.0,124,68,192,60.0,101,54.3,85,28,0,0,1,0,39,1,6,9,2,33,28,0,0,22,2,155,0,1,1.4,11.37,39,0,18.67,0,14,14,27,22,5,14,0,,48,40.68,5,0,3,128,4,12,8,26,2205,17,6.0,0,0,5,0,80.0,0,4,0,2,244,7,0,6.96,0,1,0,0,0,0,0,0,157.5,0.0,0,68,7,38,28,3,21.43,0,16,10,62.5,12,11,14,3,149,49.01,8,235,85,320,194.9,75,3,669,31,1,0,Ante Budimir,Osasuna,37318,2820,spain,2526,20260326
19,18,23.08,329,18,48.65,586,246,832,87.95,9,37.5,15,28,4,0,0,0,104,8,1,7,2,34,28,0,0,23,9,106,0,2,4.05,2.4,30,0,17.39,0,4,8,40,33,7,3,1,,131,59.01,0,0,0,114,14,34,3,26,2228,4,7.0,0,1,0,0,0.0,0,0,0,1,309,14,0,6.96,0,1,0,0,0,0,0,0,557.0,0.0,0,17,6,8,8,30,50.0,0,44,33,75.0,33,26,60,78,140,56.91,37,661,285,946,194.9,23,1,1499,57,3,0,Germán Valera,Elche,962710,2846,spain,2526,20260326
31,20,32.26,122,33,32.67,270,258,528,76.41,25,59.52,17,23,0,0,0,0,82,0,0,2,3,74,23,0,0,8,14,73,0,0,1.09,0.22,17,0,20.0,0,1,1,30,26,4,0,1,,95,62.91,0,0,0,163,26,14,1,22,1966,0,19.0,1,0,0,0,0.0,0,0,0,0,283,4,0,6.96,0,0,0,0,0,0,0,0,1966.0,0.0,0,2,3,2,1,28,62.22,0,51,24,47.06,14,79,45,62,120,62.18,101,369,322,691,160.0,5,2,1254,16,8,0,Pablo Maffeo,Mallorca,788216,2826,spain,2526,20260326
31,27,31.76,271,25,73.53,412,163,575,83.45,5,20.83,19,29,4,0,0,1,51,10,8,10,1,5,29,0,0,33,15,105,0,0,5.13,7.7,14,2,14.81,0,8,12,20,15,5,5,3,,65,43.05,0,0,3,114,3,47,3,22,1902,2,0.0,0,0,3,0,66.67,0,2,0,0,288,15,0,6.96,0,5,0,0,0,0,0,0,237.75,28.57,7,28,26,18,26,26,50.0,0,21,13,61.9,47,52,52,85,70,40.0,34,506,183,689,201.7,54,2,1078,18,2,0,Julián Alvarez,Atlético Madrid,944656,2836,spain,2526,20260326
11,16,19.28,267,23,69.7,407,186,593,82.94,20,42.55,27,23,4,0,0,0,61,3,3,7,2,23,23,0,0,17,11,93,0,0,2.72,4.95,14,0,15.15,0,5,9,28,25,3,5,0,,70,51.47,1,0,0,122,14,35,4,22,1841,2,3.0,0,1,0,0,0.0,0,0,0,0,255,2,0,6.95,0,0,0,0,0,0,0,0,368.2,0.0,4,18,15,11,15,18,42.86,0,26,17,65.38,34,15,42,83,90,49.18,33,502,213,715,159.8,33,1,1089,27,2,0,Viktor Tsygankov,Girona FC,319735,24264,spain,2526,20260326
16,1,25.0,85,53,48.18,312,682,994,88.28,75,64.66,41,23,1,0,0,0,61,1,1,0,3,120,23,0,0,3,3,66,0,1,0.57,0.54,23,0,0.0,25,0,1,32,27,5,0,0,,39,60.94,0,0,0,132,16,7,0,23,2033,1,34.0,0,0,0,3,0.0,0,0,0,0,148,1,0,6.95,0,0,0,0,0,0,0,0,0.0,0.0,0,11,1,11,1,0,0.0,0,25,13,52.0,7,41,0,4,114,63.33,110,402,724,1126,159.8,12,1,1402,15,4,0,Antonio Raíllo,Mallorca,807116,2826,spain,2526,20260326
5,29,22.66,121,7,43.75,224,154,378,80.08,11,47.83,12,21,0,0,0,0,63,7,1,2,0,14,21,0,0,6,20,76,0,0,2.63,3.56,12,0,41.67,0,5,5,19,17,2,5,0,,80,55.56,0,0,0,94,7,27,0,11,1256,10,2.0,0,1,3,0,100.0,0,3,0,1,261,6,0,6.95,0,5,0,0,0,0,0,0,251.2,0.0,0,10,2,4,6,11,29.73,0,27,17,62.96,26,13,37,128,91,54.49,16,295,177,472,145.9,12,0,851,42,1,0,Carlos Vicente,Deportivo Alavés,1084399,2885,spain,2526,20260326
30,8,38.1,136,42,53.16,368,288,656,87.7,10,47.62,11,19,0,0,0,0,69,4,1,3,5,23,19,0,0,2,16,57,0,0,1.39,0.91,20,0,12.5,0,1,1,13,11,2,1,0,,41,47.13,0,0,0,92,12,17,0,14,1310,0,7.0,0,0,0,0,0.0,0,0,0,0,129,6,0,6.95,0,1,0,0,0,0,0,0,1310.0,0.0,0,5,3,4,1,3,25.0,0,27,17,62.96,17,45,12,21,51,47.22,79,436,312,748,132.0,8,1,921,11,3,0,Miguel Román,Celta Vigo,1398526,2821,spain,2526,20260326
32,0,0.0,22,103,37.45,60,332,392,69.01,7,87.5,1,26,0,0,0,0,225,0,0,0,8,56,26,0,0,0,0,3,1,1,0.02,,2,0,0.0,116,0,0,28,24,4,0,0,-0.36,3,60.0,0,19,0,176,1,0,0,26,2340,0,0.0,0,0,0,2,0.0,6,0,1,0,179,0,29,6.95,0,0,19,41,23,66,1,13,0.0,0.0,0,0,0,0,0,0,0.0,19,0,0,0.0,0,52,0,0,10,76.92,275,198,370,568,180.6,0,0,861,4,3,0,Luiz Júnior,Villarreal,1066603,2819,spain,2526,20260326
18,0,0.0,39,29,51.79,110,305,415,87.92,16,55.17,13,11,0,0,0,0,40,0,0,0,2,50,11,0,0,2,7,31,0,0,0.1,0.21,7,0,0.0,0,0,0,9,5,4,0,0,,26,59.09,0,0,0,57,11,1,0,7,686,0,9.0,0,0,0,0,0.0,0,0,0,0,64,0,0,6.95,0,0,0,0,0,0,0,0,0.0,0.0,0,4,0,3,1,2,50.0,0,17,9,52.94,1,30,4,0,42,57.53,56,150,322,472,76.4,4,1,595,7,3,0,Andres Castrin,Sevilla,1428699,2833,spain,2526,20260326
44,1,100.0,77,49,52.69,256,498,754,89.34,46,68.66,21,18,1,0,0,0,68,1,2,5,1,99,18,0,0,1,6,34,0,0,0.25,1.56,6,0,0.0,6,0,1,26,21,5,0,0,,31,70.45,0,0,0,90,18,7,0,17,1490,1,11.0,0,0,0,0,0.0,0,0,0,1,98,1,0,6.94,0,0,0,0,0,0,0,0,0.0,0.0,1,11,2,4,4,2,100.0,0,19,12,63.16,7,73,2,1,77,69.37,93,322,522,844,125.0,13,0,1058,10,2,0,Aymeric Laporte,Athletic Club,149734,2825,spain,2526,20260326
7,0,0.0,67,10,66.67,203,147,350,92.84,10,55.56,8,16,1,0,0,0,18,2,0,3,0,12,14,0,0,7,8,37,0,1,0.45,0.75,12,0,40.0,0,2,3,6,6,0,2,0,,33,53.23,0,0,0,27,6,5,1,6,505,0,2.0,0,0,0,0,0.0,0,0,0,0,46,2,0,6.94,0,1,0,0,0,0,0,0,252.5,0.0,0,2,3,0,2,10,83.33,0,17,13,76.47,5,13,12,1,43,53.75,15,223,154,377,97.2,5,0,469,6,4,0,Marc Bernal,Barcelona,1526618,2817,spain,2526,20260326
16,1,100.0,71,11,52.38,150,130,280,86.15,11,55.0,9,7,0,0,0,0,34,0,0,1,2,20,7,0,0,5,9,33,0,0,0.29,0.29,10,0,0.0,0,0,0,6,6,0,0,0,,36,60.0,0,0,0,45,3,1,0,5,498,0,5.0,0,0,0,1,0.0,0,0,0,0,60,3,0,6.94,0,0,0,0,0,0,0,0,0.0,0.0,0,4,2,5,0,4,66.67,0,19,13,68.42,1,25,6,1,47,58.75,21,183,142,325,48.6,6,0,429,13,0,0,Guido Rodríguez,Valencia,609752,2828,spain,2526,20260326
54,0,0.0,70,192,34.41,146,372,518,58.14,9,100.0,0,29,0,0,0,0,272,0,0,0,5,30,29,0,0,0,0,0,0,1,0.11,,0,0,0.0,150,0,0,41,31,10,0,0,0.5,3,100.0,0,18,0,373,0,1,0,29,2610,0,0.0,0,0,0,0,0.0,4,0,1,0,380,0,3,6.94,0,0,55,53,25,80,2,14,0.0,0.0,0,0,0,0,0,0,0.0,54,1,0,0.0,1,93,0,0,12,100.0,558,466,425,891,201.3,0,0,1178,6,1,0,Unai Simón,Athletic Club,797291,2825,spain,2526,20260326
94,0,0.0,52,237,44.05,137,611,748,71.04,6,100.0,0,29,0,0,0,0,225,0,0,0,2,31,29,0,0,0,2,2,2,1,0.07,,0,0,0.0,184,0,0,45,42,3,0,0,-2.23,6,75.0,0,18,0,305,1,3,0,29,2610,0,0.0,1,0,0,0,0.0,5,0,0,0,314,0,17,6.94,0,0,21,46,27,75,0,20,0.0,0.0,0,0,0,0,0,1,100.0,20,1,1,100.0,3,141,1,0,12,85.71,538,372,681,1053,201.2,0,0,1313,4,0,0,Álex Remiro,Real Sociedad,791773,2824,spain,2526,20260326
11,0,0.0,136,15,88.24,273,133,406,92.69,1,25.0,3,15,0,0,0,0,37,0,0,0,0,5,14,0,0,2,8,29,1,0,0.69,0.04,6,0,0.0,0,0,0,5,5,0,0,0,,36,58.06,0,0,0,32,7,9,0,4,482,0,4.0,0,0,0,0,0.0,0,0,0,0,51,2,0,6.94,0,0,0,0,0,0,0,0,0.0,0.0,0,0,3,3,0,3,23.08,0,18,11,61.11,9,12,13,3,37,56.06,17,291,147,438,97.1,3,0,529,15,1,0,Dani Ceballos,Real Madrid,547838,2829,spain,2526,20260326
8,2,16.67,94,13,68.42,144,68,212,73.1,9,25.0,27,24,5,0,0,0,31,6,18,7,0,5,24,0,0,25,3,90,0,0,2.18,8.56,10,0,18.37,0,9,14,22,19,3,8,1,,67,51.54,1,0,1,78,4,21,0,18,1623,2,1.0,0,0,0,0,0.0,0,0,0,0,198,6,0,6.93,0,8,0,0,0,0,0,0,180.33,0.0,0,40,9,17,25,26,49.06,0,4,3,75.0,21,15,53,12,76,45.78,19,211,79,290,166.4,49,1,581,37,1,0,Georges Mikautadze,Villarreal,1009372,2819,spain,2526,20260326
35,9,18.37,285,41,49.4,486,343,829,83.99,12,60.0,8,25,4,0,0,0,72,4,0,4,2,25,25,0,0,13,25,68,0,1,3.3,0.63,12,0,7.14,0,1,5,21,19,2,0,1,,67,52.76,0,0,1,158,8,24,0,18,1571,0,5.0,0,2,0,0,0.0,0,0,0,0,256,3,0,6.93,0,1,0,0,0,0,0,0,1571.0,0.0,1,5,9,5,5,10,50.0,0,36,16,44.44,22,72,20,49,79,53.74,83,603,384,987,173.3,14,1,1380,22,4,0,Óscar Mingueza,Celta Vigo,859773,2821,spain,2526,20260326
10,3,37.5,121,12,75.0,195,61,256,65.14,90,55.21,73,25,4,0,0,0,31,6,12,8,1,19,25,0,0,33,7,165,0,0,2.19,6.88,26,0,8.77,0,5,9,28,23,5,4,1,,79,46.2,0,0,0,137,2,27,5,18,1617,14,1.0,0,0,0,1,0.0,0,0,0,0,286,6,0,6.93,0,0,0,0,0,0,0,0,323.4,0.0,0,50,7,31,18,30,51.72,0,14,9,64.29,27,21,58,8,169,50.6,16,310,83,393,173.2,57,1,773,35,0,0,Álvaro Rodriguez,Elche,1154587,2846,spain,2526,20260326
37,13,22.41,240,37,58.73,387,236,623,81.33,23,56.1,18,25,2,0,0,0,73,5,3,9,0,7,25,0,1,15,6,98,0,0,2.51,3.56,39,0,16.67,0,5,7,22,20,2,5,0,,71,47.02,0,0,0,143,5,23,5,18,1479,6,3.0,0,0,1,0,100.0,0,1,0,0,280,14,0,6.92,1,0,0,0,0,0,0,0,295.8,0.0,3,15,15,7,14,19,45.24,0,28,15,53.57,23,56,42,58,94,48.96,63,502,264,766,173.1,30,0,1092,25,5,0,Brais Méndez,Real Sociedad,845385,2824,spain,2526,20260326
28,0,0.0,78,42,56.76,247,453,700,89.97,36,50.0,36,14,1,0,0,0,44,1,3,1,7,62,13,0,0,2,10,66,1,1,0.44,1.74,18,0,0.0,2,0,1,13,10,3,0,0,,33,52.38,0,0,0,78,15,1,0,12,1128,1,9.0,0,0,0,0,0.0,0,0,0,1,86,0,0,6.92,0,0,0,0,0,0,0,0,0.0,0.0,0,13,0,9,3,2,66.67,0,21,11,52.38,1,45,3,0,69,51.11,74,295,483,778,90.0,13,1,946,10,4,0,José María Giménez,Atlético Madrid,325355,2836,spain,2526,20260326
45,15,19.48,165,35,50.0,323,280,603,78.93,12,42.86,16,27,2,0,0,0,135,5,2,11,6,53,27,0,0,22,27,127,0,4,2.82,2.28,36,0,17.24,0,5,7,38,32,6,4,1,,120,51.95,0,0,0,161,30,21,5,27,2400,0,9.0,0,0,0,1,0.0,0,0,0,0,365,10,0,6.92,0,0,0,0,0,0,0,0,480.0,0.0,0,16,13,10,8,32,50.79,0,76,45,59.21,21,70,63,77,132,50.97,70,424,340,764,186.9,29,4,1476,13,3,0,Carlos Romero,Espanyol,1396048,2814,spain,2526,20260326
17,0,0.0,21,21,37.5,78,231,309,84.2,26,66.67,13,9,0,0,0,0,33,0,0,1,2,46,9,0,0,2,0,26,0,0,0.19,0.29,11,0,25.0,3,1,1,16,13,3,1,0,,14,51.85,1,0,0,58,10,1,0,9,774,0,11.0,0,0,0,0,0.0,0,0,0,0,68,1,0,6.92,0,0,0,0,0,0,0,0,774.0,0.0,0,4,0,2,1,3,75.0,0,5,4,80.0,1,34,4,1,40,60.61,56,122,245,367,62.3,4,0,476,6,2,0,Eric Bailly,Real Oviedo,606346,2851,spain,2526,20260326
8,3,25.0,101,8,33.33,186,98,284,59.04,130,56.03,102,28,3,0,0,0,67,4,10,12,0,29,28,0,0,28,6,183,0,0,1.34,6.83,33,0,10.77,1,7,10,27,26,1,5,2,,68,45.64,3,0,1,197,4,17,1,23,1955,10,1.0,0,0,0,0,0.0,0,0,0,1,295,20,0,6.92,0,3,0,0,0,0,0,0,279.29,0.0,1,51,14,31,22,16,48.48,0,24,13,54.17,17,13,33,12,198,51.97,24,343,138,481,193.8,65,2,824,29,1,0,Toni Martínez,Deportivo Alavés,831253,2885,spain,2526,20260326
29,0,0.0,17,103,38.01,55,612,667,79.59,5,83.33,1,28,0,0,0,0,196,1,0,0,11,17,28,0,0,0,3,5,0,0,0.03,,1,0,0.0,120,0,0,24,20,4,0,0,-0.87,3,42.86,0,15,0,171,0,1,0,28,2520,0,0.0,0,0,0,1,0.0,4,0,0,0,174,0,4,6.92,0,0,15,36,21,58,0,11,0.0,0.0,0,0,0,0,0,0,0.0,14,1,1,100.0,1,51,0,0,8,61.54,271,191,647,838,193.8,0,0,1056,2,1,0,Thibaut Courtois,Real Madrid,70988,2829,spain,2526,20260326
4,1,50.0,91,10,66.67,164,101,265,70.29,73,46.79,83,25,1,0,0,0,68,4,9,6,3,19,25,0,2,39,10,179,0,1,1.71,6.79,35,0,14.63,0,6,7,29,24,5,6,0,,130,57.52,3,0,0,112,11,20,3,20,1795,8,3.0,0,0,2,0,100.0,0,2,0,1,240,5,0,6.92,3,0,0,0,0,0,0,0,299.17,0.0,1,34,7,17,18,36,67.92,0,39,27,69.23,20,9,53,2,203,53.14,15,256,121,377,173.0,41,1,782,56,2,1,Federico Viñas,Real Oviedo,976104,2851,spain,2526,20260326
19,3,12.5,185,21,67.74,299,152,451,86.56,4,33.33,8,20,1,0,0,0,56,3,5,3,0,5,20,0,0,11,12,51,0,0,1.42,3.5,7,0,17.65,0,3,4,11,8,3,3,0,,46,51.69,0,0,0,70,5,19,1,11,910,2,1.0,0,0,0,0,0.0,0,0,0,0,139,11,0,6.92,0,2,0,0,0,0,0,0,303.33,0.0,0,14,3,4,10,15,53.57,0,19,12,63.16,19,34,28,24,50,49.5,31,351,170,521,138.4,17,2,703,12,1,0,Thiago Almada,Atlético Madrid,944660,2836,spain,2526,20260326
27,1,4.35,157,56,54.9,358,405,763,78.74,65,65.66,34,26,0,0,0,0,94,0,1,6,3,74,26,0,0,25,32,162,0,3,0.84,2.31,50,0,20.0,0,5,5,36,32,4,4,1,,109,45.99,0,0,0,206,20,10,5,23,2051,4,12.0,0,0,0,0,0.0,0,0,0,0,314,9,0,6.92,0,0,0,0,0,0,0,0,410.2,0.0,0,18,7,8,11,11,30.56,0,47,24,51.06,10,50,36,23,174,51.79,102,506,463,969,179.9,25,2,1413,55,9,0,Samú Costa,Mallorca,988351,2826,spain,2526,20260326
9,3,20.0,125,8,57.14,200,120,320,74.59,28,46.67,32,25,1,0,0,0,71,5,10,17,0,8,25,0,0,44,14,148,0,0,1.69,6.5,32,0,10.2,0,5,6,27,24,3,5,0,,114,49.57,0,0,1,109,8,22,0,23,1851,7,2.0,0,0,0,0,0.0,0,0,0,0,297,13,0,6.92,0,5,0,0,0,0,0,0,370.2,0.0,0,39,10,19,13,32,53.33,0,26,19,73.08,22,14,60,15,142,48.97,14,281,148,429,172.9,49,0,884,56,3,0,Iván Romero,Levante UD,1014042,2849,spain,2526,20260326
5,12,28.57,152,2,28.57,242,52,294,90.74,0,0.0,9,19,3,0,0,0,38,7,3,8,1,4,19,0,0,9,6,48,0,0,2.13,2.58,5,0,3.7,0,1,4,5,5,0,1,0,,54,58.06,0,0,1,30,3,17,0,6,680,0,0.0,0,0,0,0,0.0,0,0,0,1,109,8,0,6.92,0,1,0,0,0,0,0,0,680.0,0.0,2,23,4,8,11,18,47.37,0,13,8,61.54,17,7,38,42,54,52.94,7,268,56,324,131.4,27,1,532,23,3,0,Rodrygo,Real Madrid,910536,2829,spain,2526,20260326
97,0,0.0,86,113,53.3,293,790,1083,85.41,60,57.69,44,27,2,0,0,0,87,2,1,3,7,161,27,0,1,3,7,92,2,1,1.0,2.31,39,0,14.29,6,2,4,31,24,7,2,0,,44,47.83,2,0,0,185,30,10,0,27,2353,2,24.0,0,0,0,1,0.0,0,0,0,0,201,1,0,6.91,1,0,0,0,0,0,0,0,1176.5,0.0,0,14,0,9,2,4,66.67,0,29,24,82.76,10,151,6,2,104,53.06,212,425,843,1268,186.6,14,3,1599,12,8,0,Alejandro Catena,Osasuna,900792,2820,spain,2526,20260326
17,0,0.0,14,81,35.22,52,292,344,69.64,7,100.0,0,18,0,0,0,0,134,0,0,0,4,25,18,0,0,0,2,2,0,0,0.02,,0,0,0.0,99,0,0,30,26,4,0,0,-4.03,3,60.0,0,21,0,150,0,1,0,18,1620,0,0.0,0,0,0,0,0.0,4,0,1,0,151,0,10,6.91,0,0,21,38,14,54,1,10,0.0,0.0,0,0,0,0,0,0,0.0,19,2,1,50.0,1,26,0,0,10,83.33,230,180,314,494,124.4,0,1,675,1,1,0,Julen Agirrezabala,Valencia,1014412,2828,spain,2526,20260326
9,7,35.0,176,11,35.48,286,139,425,75.62,2,10.53,17,28,4,0,0,0,78,7,5,4,0,11,28,0,0,21,41,129,0,2,2.86,5.23,28,0,22.5,0,9,13,20,16,4,7,2,,69,38.12,0,0,1,137,6,30,1,24,1905,3,3.0,0,0,0,0,0.0,0,0,0,0,254,7,0,6.91,0,8,0,0,0,0,0,0,211.67,0.0,1,29,11,18,18,26,52.0,0,21,13,61.9,30,32,50,20,71,35.5,31,387,175,562,193.5,40,6,862,22,3,0,Alberto Moleiro,Villarreal,1012444,2819,spain,2526,20260326
10,8,19.05,262,9,60.0,438,251,689,81.73,24,55.81,19,26,6,0,0,0,97,8,7,6,2,11,26,0,0,25,33,127,0,1,4.75,4.45,20,0,9.09,0,3,9,19,15,4,2,1,,101,48.33,0,0,1,154,17,30,2,21,1858,6,3.0,0,2,0,0,0.0,0,0,0,0,314,10,0,6.91,0,1,0,0,0,0,0,0,619.33,0.0,0,29,4,15,12,27,44.26,0,35,21,60.0,28,20,61,42,125,49.6,15,550,293,843,179.6,33,2,1266,39,1,0,Giuliano Simeone,Atlético Madrid,1099352,2836,spain,2526,20260326
11,0,0.0,20,24,46.15,81,325,406,89.04,25,62.5,15,13,0,0,0,0,23,1,0,0,2,93,13,0,0,1,1,26,0,0,0.15,,9,0,0.0,29,0,0,16,15,1,0,0,,18,62.07,0,0,0,50,6,1,0,10,987,0,15.0,0,0,0,0,0.0,0,0,0,0,57,0,0,6.91,0,0,0,0,0,0,0,0,0.0,0.0,0,0,0,0,0,0,0.0,0,14,8,57.14,1,27,1,1,43,62.32,52,113,343,456,89.8,0,0,618,4,3,0,Dani Calvo,Real Oviedo,560756,2851,spain,2526,20260326
12,0,0.0,58,18,50.0,244,338,582,92.38,27,61.36,17,18,0,0,0,0,40,0,2,0,2,28,17,0,0,1,0,33,0,0,0.16,1.31,16,0,33.33,2,3,3,11,9,2,3,0,,13,44.83,2,0,0,48,9,2,0,8,832,0,4.0,0,0,0,1,0.0,0,0,0,0,60,2,0,6.91,0,1,0,0,0,0,0,0,277.33,0.0,0,7,2,4,5,0,0.0,0,12,7,58.33,2,23,0,5,40,54.79,36,280,350,630,117.4,9,1,732,1,2,0,Ronald Araújo,Barcelona,925097,2817,spain,2526,20260326
19,20,38.46,137,19,41.3,245,245,490,84.19,10,40.0,15,17,1,0,0,0,65,2,0,1,2,43,17,0,0,12,6,71,0,1,1.86,0.17,18,0,0.0,0,0,1,17,14,3,0,0,,93,62.42,0,0,1,92,21,21,0,13,1198,2,4.0,0,0,0,1,0.0,0,0,0,0,198,7,0,6.91,0,0,0,0,0,0,0,0,0.0,0.0,0,3,1,2,1,31,60.78,0,35,22,62.86,21,34,51,52,103,59.2,46,308,274,582,117.4,4,0,1029,28,2,0,Javi Galán,Osasuna,825133,2820,spain,2526,20260326
22,10,32.26,351,24,42.86,793,646,1439,90.85,33,61.11,21,25,3,0,0,0,73,5,5,3,7,48,25,0,0,22,20,92,0,2,3.06,1.61,18,0,8.33,0,1,4,20,20,0,1,0,,82,53.59,1,0,1,145,25,20,0,20,1911,1,10.0,0,0,0,1,0.0,0,0,0,0,244,4,0,6.9,0,0,0,0,0,0,0,0,1911.0,0.0,0,10,2,6,3,18,58.06,0,42,21,50.0,20,53,31,31,115,55.56,56,896,688,1584,172.6,12,2,2072,22,4,0,Jules Koundé,Barcelona,827212,2817,spain,2526,20260326
22,15,23.44,189,21,53.85,283,107,390,74.57,10,34.48,19,29,4,0,0,0,51,5,2,15,1,5,29,0,0,22,25,101,0,1,2.45,3.19,17,0,20.51,0,8,12,23,20,3,6,2,,69,45.7,0,0,1,133,3,22,2,21,1698,11,0.0,0,0,0,0,0.0,0,0,0,0,279,11,0,6.9,0,6,0,0,0,0,0,0,212.25,0.0,0,16,23,7,17,16,44.44,0,24,15,62.5,22,44,36,64,79,43.89,39,389,134,523,200.1,39,2,865,29,2,0,Gonçalo Guedes,Real Sociedad,280979,2824,spain,2526,20260326
0,0,0.0,20,0,0.0,38,28,66,66.0,24,52.17,22,16,0,0,0,0,21,0,4,1,0,5,16,0,0,13,5,63,0,0,0.09,2.88,14,0,31.82,0,7,7,9,8,1,5,2,,29,41.43,2,0,0,34,3,2,2,4,571,5,1.0,0,0,0,0,0.0,0,0,0,0,87,4,0,6.9,0,3,0,0,0,0,0,0,81.57,0.0,0,20,2,8,13,7,41.18,0,7,3,42.86,2,2,17,0,53,45.69,0,70,30,100,110.4,22,1,241,15,1,0,Carlos Espí,Levante UD,1649918,2849,spain,2526,20260326
36,2,25.0,69,38,35.19,239,501,740,83.71,31,54.39,26,22,1,0,0,0,100,2,0,2,5,89,22,0,0,7,5,64,1,0,0.91,0.61,24,0,16.67,5,1,2,25,20,5,1,0,,56,59.57,0,0,0,144,12,8,0,21,1825,0,12.0,0,0,0,2,0.0,0,0,0,0,182,2,0,6.9,0,1,0,0,0,0,0,0,1825.0,0.0,0,6,0,2,2,3,42.86,0,50,30,60.0,8,79,7,8,87,57.62,108,347,537,884,151.8,6,3,1178,3,4,0,Flavien Boyomo,Osasuna,1067582,2820,spain,2526,20260326
14,0,0.0,81,29,50.0,320,451,771,93.68,18,60.0,12,12,0,0,0,0,48,1,1,1,3,34,12,0,0,0,1,22,0,0,0.3,0.66,9,0,10.0,15,1,1,10,8,2,1,0,,11,52.38,0,0,0,52,3,2,0,11,996,1,2.0,0,1,0,0,0.0,0,0,0,0,61,2,0,6.9,0,1,0,0,0,0,0,0,996.0,0.0,0,9,1,8,1,0,0.0,0,10,5,50.0,1,37,1,2,29,56.86,58,359,464,823,82.8,10,0,908,1,0,0,Antonio Rüdiger,Real Madrid,142622,2829,spain,2526,20260326
13,4,36.36,63,28,48.28,180,354,534,87.83,20,60.61,13,15,1,0,0,0,37,1,0,0,2,37,14,0,0,2,10,49,0,0,0.54,0.01,22,0,0.0,0,0,1,13,10,3,0,0,,33,47.83,0,0,1,74,22,2,0,15,1038,1,9.0,0,0,0,0,0.0,0,0,0,0,122,0,0,6.9,0,0,0,0,0,0,0,0,0.0,0.0,0,0,1,1,0,1,25.0,0,25,17,68.0,2,34,4,11,53,51.96,58,234,374,608,96.6,1,0,833,8,4,0,César Azpilicueta,Sevilla,21555,2833,spain,2526,20260326
15,0,0.0,52,35,42.17,171,407,578,85.13,33,56.9,25,19,0,0,0,0,51,0,2,3,4,92,19,0,0,2,4,46,0,0,0.4,0.75,13,0,0.0,9,0,0,20,15,5,0,0,,42,66.67,0,0,1,101,25,3,0,18,1501,2,17.0,0,0,0,0,0.0,0,0,0,0,116,1,0,6.9,0,0,0,0,0,0,0,0,0.0,0.0,0,5,2,4,0,3,50.0,0,23,18,78.26,3,33,6,1,75,61.98,83,245,434,679,131.1,7,1,924,16,5,0,Matias Moreno,Levante UD,1496360,2849,spain,2526,20260326
21,8,29.63,139,28,43.08,256,222,478,83.13,7,35.0,13,23,2,0,0,0,80,3,1,8,4,36,23,0,0,16,21,87,0,1,1.49,3.16,24,0,15.38,0,4,6,18,13,5,4,0,,66,47.14,1,0,0,97,17,19,1,17,1514,0,3.0,0,0,0,1,0.0,0,0,0,1,192,7,0,6.9,0,2,0,0,0,0,0,0,378.5,0.0,1,14,12,8,10,11,42.31,0,33,22,66.67,19,36,26,27,73,45.63,65,324,251,575,158.6,26,2,940,23,3,0,Aitor Ruibal,Real Betis,893062,2816,spain,2526,20260326
28,16,30.19,163,25,73.53,293,145,438,83.59,8,40.0,12,26,1,0,0,0,44,4,6,2,1,9,26,0,0,4,10,36,0,2,2.27,5.9,1,0,17.65,0,6,7,12,8,4,6,0,,20,45.45,0,0,1,86,3,23,4,7,975,13,1.0,0,1,0,0,0.0,0,0,0,0,169,6,0,6.89,0,2,0,0,0,0,0,0,162.5,0.0,0,27,7,14,18,4,30.77,0,10,6,60.0,22,41,13,53,28,43.75,34,361,163,524,179.2,34,0,732,6,0,0,Antoine Griezmann,Atlético Madrid,85859,2836,spain,2526,20260326
23,1,100.0,34,24,34.78,138,342,480,86.02,12,50.0,12,12,0,0,0,0,28,0,0,2,2,60,12,0,0,1,8,24,0,1,0.2,0.86,3,0,40.0,23,2,2,13,13,0,2,0,,28,70.0,1,0,0,78,15,2,0,10,924,1,2.0,0,0,0,0,0.0,0,0,0,0,85,0,0,6.89,0,1,0,0,0,0,0,0,462.0,0.0,0,5,0,1,2,0,0.0,0,20,12,60.0,2,49,0,1,40,62.5,69,186,372,558,82.7,5,0,692,8,2,0,Eray Cömert,Valencia,814023,2828,spain,2526,20260326
32,6,28.57,195,62,45.93,493,611,1104,89.39,30,66.67,15,21,2,0,0,0,62,4,1,2,4,74,21,0,0,6,13,55,0,3,1.11,0.61,20,0,0.0,24,0,2,24,18,6,0,0,,49,55.06,0,0,0,131,24,10,0,19,1571,0,14.0,0,0,0,2,0.0,0,0,0,0,191,0,0,6.89,0,0,0,0,0,0,0,0,0.0,0.0,0,5,3,4,2,3,50.0,0,30,16,53.33,10,76,6,21,79,58.96,135,587,648,1235,144.7,8,2,1544,17,3,0,Pedro Bigas,Elche,141832,2846,spain,2526,20260326
51,0,0.0,17,104,37.41,47,408,455,71.77,5,100.0,0,20,0,0,0,0,153,0,0,0,6,24,20,0,0,0,4,4,1,1,0.02,,0,0,0.0,102,0,0,26,21,5,0,0,-2.97,5,55.56,0,13,0,179,0,0,0,20,1800,0,0.0,0,0,0,0,0.0,3,0,1,0,189,0,6,6.89,0,0,15,40,20,61,1,8,0.0,0.0,0,0,0,0,0,1,100.0,15,0,0,0.0,0,77,1,0,10,71.43,278,203,431,634,137.8,0,0,839,3,1,0,Álvaro Valles,Real Betis,964983,2816,spain,2526,20260326
37,5,25.0,200,29,60.42,305,80,385,78.73,3,50.0,3,24,3,0,0,0,37,6,2,4,0,2,23,0,0,12,7,30,0,0,3.16,4.18,2,0,16.67,0,4,7,8,6,2,4,0,,30,52.63,0,0,1,104,10,27,4,8,839,0,0.0,0,0,2,0,100.0,0,2,0,1,162,9,0,6.89,0,0,0,0,0,0,0,0,209.75,0.0,0,16,8,9,11,10,62.5,0,11,9,81.82,27,58,16,20,33,52.38,48,393,96,489,158.4,24,2,642,9,3,0,Iago Aspas,Celta Vigo,19356,2821,spain,2526,20260326
25,2,15.38,211,32,52.46,415,351,766,82.37,32,50.0,32,27,5,0,0,0,102,3,4,2,2,42,27,0,1,23,20,114,0,5,3.19,3.85,33,0,13.64,0,3,8,21,17,4,3,0,,68,45.33,0,0,1,164,21,21,1,22,1894,1,12.0,0,0,0,1,0.0,0,0,0,0,241,11,0,6.89,1,2,0,0,0,0,0,0,631.33,0.0,0,18,4,13,7,9,50.0,0,39,18,46.15,21,52,18,13,100,46.73,61,516,414,930,185.9,22,1,1251,20,4,0,Santi Comesaña,Villarreal,843678,2819,spain,2526,20260326
90,4,19.05,106,120,48.0,267,604,871,81.86,33,57.89,24,25,1,0,0,0,64,2,2,13,4,131,25,0,0,3,4,55,0,0,1.15,2.05,24,0,7.69,10,2,3,39,34,5,2,0,,47,60.26,1,0,0,193,37,10,0,22,2004,1,19.0,1,1,1,2,100.0,0,1,0,0,245,2,0,6.88,0,1,0,0,0,0,0,0,1002.0,0.0,4,14,12,8,5,4,100.0,0,26,15,57.69,9,175,4,21,80,59.26,250,425,639,1064,171.9,26,2,1423,17,5,0,Adrián de la Fuente,Levante UD,997244,2849,spain,2526,20260326
47,3,12.5,207,48,67.61,405,220,625,88.78,10,62.5,6,20,1,0,0,0,76,1,0,5,0,8,20,0,0,6,9,43,1,0,1.28,0.39,15,0,0.0,0,0,1,13,11,2,0,0,,38,50.67,0,0,0,79,9,10,0,10,990,0,1.0,0,0,0,1,0.0,0,0,0,0,125,9,0,6.88,0,0,0,0,0,0,0,0,0.0,0.0,0,3,8,4,2,4,30.77,0,14,6,42.86,10,77,13,24,48,52.75,71,468,236,704,137.5,11,0,857,20,2,0,Moi Gómez,Osasuna,149370,2820,spain,2526,20260326
1,8,22.22,55,2,15.38,102,50,152,75.25,0,0.0,5,7,1,0,0,0,19,1,1,2,0,10,7,0,0,1,3,21,0,0,0.76,0.61,5,0,16.67,0,1,2,10,10,0,1,0,,22,57.89,0,0,0,50,5,6,1,5,493,3,1.0,0,0,0,0,0.0,0,0,0,0,94,2,0,6.87,0,0,0,0,0,0,0,0,493.0,0.0,0,5,1,1,3,9,52.94,0,7,6,85.71,6,7,17,36,22,51.16,13,138,64,202,48.1,6,0,329,6,0,0,Ángel Pérez,Deportivo Alavés,1513222,2885,spain,2526,20260326
55,6,24.0,235,77,59.69,634,623,1257,85.34,31,55.36,25,27,1,0,0,0,160,1,0,9,2,31,27,0,0,27,48,157,0,1,1.09,0.77,52,0,3.45,0,1,2,37,35,2,0,1,,119,47.41,0,0,0,216,44,14,1,27,2321,2,9.0,0,0,0,0,0.0,0,0,0,0,301,6,0,6.87,0,0,0,0,0,0,0,0,2321.0,0.0,0,3,26,9,11,19,73.08,0,74,44,59.46,14,105,26,25,150,48.86,129,781,692,1473,185.5,29,0,1894,28,6,0,Antonio Blanco,Deportivo Alavés,855832,2885,spain,2526,20260326
64,20,19.23,234,70,50.0,480,375,855,79.83,14,53.85,12,27,4,0,0,0,120,7,3,9,6,40,27,0,0,7,36,90,0,0,2.63,1.68,28,0,0.0,0,0,4,31,25,6,0,0,,58,42.65,0,0,1,216,16,31,0,26,2270,0,4.0,0,0,0,0,0.0,0,0,0,0,371,10,0,6.87,0,0,0,0,0,0,0,0,0.0,0.0,1,10,7,5,3,10,55.56,0,39,20,51.28,31,126,18,104,72,44.44,140,637,434,1071,185.5,17,1,1508,10,7,0,Jon Moncayola,Osasuna,976141,2820,spain,2526,20260326
29,10,34.48,134,41,57.75,284,258,542,87.14,8,88.89,1,24,0,0,0,0,50,3,0,1,0,13,23,0,0,8,10,36,1,4,0.97,0.17,11,0,0.0,0,0,0,18,14,4,0,0,,53,60.23,0,0,1,80,12,19,0,12,1057,0,6.0,0,0,0,0,0.0,0,0,0,0,134,1,0,6.87,0,0,0,0,0,0,0,0,0.0,0.0,2,0,2,1,0,7,46.67,0,28,19,67.86,19,50,15,29,61,62.89,71,341,281,622,158.0,2,0,796,18,2,0,Dani Parejo,Villarreal,39182,2819,spain,2526,20260326
31,38,34.55,178,34,53.13,312,184,496,79.49,17,35.42,31,26,5,0,0,0,69,7,0,7,0,19,26,0,0,17,25,111,0,0,4.19,1.39,26,1,10.0,0,2,7,19,15,4,0,2,,72,47.37,0,0,1,128,13,31,2,20,1636,1,1.0,0,0,0,0,0.0,0,0,0,0,265,15,0,6.87,0,0,0,0,0,0,0,0,818.0,14.29,7,8,12,8,5,8,36.36,0,42,24,57.14,31,50,22,110,89,44.5,64,403,221,624,178.6,20,2,969,22,5,0,Rubén García,Osasuna,260031,2820,spain,2526,20260326
25,7,30.43,229,24,70.59,363,163,526,79.58,18,43.9,23,22,2,0,0,0,96,3,0,13,1,11,22,0,0,38,11,119,0,1,2.64,1.52,24,0,0.0,0,0,2,19,16,3,0,0,,103,51.76,0,0,0,135,9,32,0,19,1632,1,1.0,0,0,0,0,0.0,0,0,0,0,266,16,0,6.87,0,0,0,0,0,0,0,0,0.0,0.0,3,14,12,9,4,25,51.02,0,33,16,48.48,32,35,49,23,121,50.42,34,464,197,661,151.1,26,0,1017,46,5,0,Aimar Oroz,Osasuna,985329,2820,spain,2526,20260326
6,0,0.0,59,6,66.67,129,97,226,92.24,1,16.67,5,6,0,0,0,0,15,0,0,0,0,9,6,0,0,4,9,21,0,0,0.13,0.47,2,0,33.33,0,1,1,6,4,2,1,0,,18,52.94,0,0,0,19,2,3,0,6,447,0,0.0,0,0,0,0,0.0,0,0,0,0,36,5,0,6.87,0,1,0,0,0,0,0,0,447.0,0.0,0,2,1,1,2,2,66.67,0,10,3,30.0,3,10,3,5,19,47.5,9,144,101,245,41.2,3,0,305,6,0,0,Álvaro Fidalgo,Real Betis,838629,2816,spain,2526,20260326
19,2,25.0,75,19,63.33,183,174,357,85.2,8,53.33,7,19,3,0,0,0,57,1,0,2,1,17,19,0,0,12,7,55,0,0,0.47,0.62,20,0,0.0,0,0,3,11,11,0,0,0,,62,56.36,0,0,0,62,5,9,0,10,858,0,4.0,0,0,0,0,0.0,0,0,0,0,111,7,0,6.86,0,0,0,0,0,0,0,0,0.0,0.0,0,5,10,8,5,17,65.38,0,33,20,60.61,9,32,26,8,70,56.0,30,229,190,419,130.4,15,1,594,13,5,0,Beñat Turrientes,Real Sociedad,980410,2824,spain,2526,20260326
12,2,7.69,120,19,50.0,224,147,371,75.71,46,63.01,27,21,0,0,0,0,56,3,6,6,2,24,21,0,0,16,15,100,1,0,1.91,3.34,24,0,7.5,0,3,3,10,8,2,3,0,,60,45.11,2,0,2,119,11,11,1,16,1291,2,2.0,0,0,0,0,0.0,0,0,0,1,215,7,0,6.86,0,0,0,0,0,0,0,0,430.33,0.0,0,31,9,16,18,21,48.84,0,20,13,65.0,11,25,43,26,106,51.46,38,322,168,490,144.1,40,2,801,19,3,0,Nicolás González,Atlético Madrid,901325,2836,spain,2526,20260326
10,15,22.06,126,13,56.52,195,64,259,77.54,1,12.5,7,19,1,0,0,0,32,4,0,6,1,5,18,0,0,5,12,74,0,1,2.9,2.01,7,0,3.85,0,1,2,12,10,2,1,0,,54,44.63,0,0,0,75,2,18,0,13,1135,6,0.0,0,0,1,0,100.0,0,1,0,1,216,7,0,6.86,0,1,0,0,0,0,0,0,1135.0,0.0,0,18,8,8,12,27,38.57,0,10,5,50.0,18,19,70,68,55,42.64,23,257,77,334,123.5,26,1,608,17,1,0,Bryan Zaragoza,Celta Vigo,1084730,2821,spain,2526,20260326
3,0,0.0,20,3,100.0,23,11,34,87.18,3,75.0,1,7,0,0,0,0,3,0,0,1,0,4,5,0,0,4,3,12,0,0,0.45,0.3,0,0,20.0,0,1,1,5,5,0,1,0,,6,35.29,0,0,0,5,1,2,0,0,106,1,0.0,0,0,0,0,0.0,0,0,0,0,19,0,0,6.86,0,1,0,0,0,0,0,0,106.0,0.0,0,4,1,2,2,1,20.0,0,4,2,50.0,2,3,5,2,9,42.86,3,27,12,39,34.3,5,0,73,1,0,0,Adam Boayar,Elche,1518971,2846,spain,2526,20260326
6,0,0.0,37,31,72.09,223,750,973,95.86,31,58.49,22,19,0,0,0,0,50,0,2,0,5,108,19,0,0,2,1,43,0,1,0.11,0.55,19,0,0.0,0,0,0,17,14,3,0,0,,31,59.62,0,0,0,42,17,1,0,17,1493,0,13.0,1,0,0,0,0.0,0,0,0,0,51,0,0,6.86,1,0,0,0,0,0,0,0,0.0,0.0,0,4,0,3,1,1,50.0,0,23,14,60.87,1,7,2,0,62,59.05,43,241,774,1015,130.3,4,0,1221,8,1,1,Carl Starfelt,Celta Vigo,360718,2821,spain,2526,20260326
11,2,11.76,98,17,41.46,183,101,284,74.54,5,31.25,11,20,4,0,0,0,37,5,2,2,1,26,20,0,0,3,7,54,0,0,2.22,1.27,21,0,20.0,0,2,6,8,7,1,2,0,,42,49.41,0,0,0,97,14,9,0,10,985,3,5.0,0,0,0,0,0.0,0,0,0,1,164,2,0,6.86,0,2,0,0,0,0,0,0,492.5,0.0,0,7,3,5,3,15,53.57,0,14,9,64.29,9,21,28,17,47,46.53,41,245,136,381,137.1,10,1,638,13,4,0,Javier Rueda,Celta Vigo,1008259,2821,spain,2526,20260326
16,1,50.0,94,25,73.53,210,197,407,88.48,12,46.15,14,13,0,0,0,0,37,1,0,1,1,17,13,0,0,11,10,59,0,0,0.44,0.08,20,0,0.0,0,0,0,9,7,2,0,0,,47,51.09,0,0,0,53,12,3,0,11,770,0,4.0,0,0,0,0,0.0,0,0,0,0,83,2,0,6.85,0,0,0,0,0,0,0,0,0.0,0.0,0,0,2,1,0,4,50.0,0,32,18,56.25,3,26,8,2,59,50.0,34,244,216,460,89.1,2,0,603,11,5,0,Johnny Cardoso,Atlético Madrid,990169,2836,spain,2526,20260326
44,16,22.86,132,61,34.46,257,179,436,65.66,22,40.74,32,28,2,0,0,0,86,2,0,12,7,103,28,0,0,14,41,153,2,1,1.43,0.96,48,0,4.76,0,1,3,27,24,3,1,0,,169,58.28,0,0,0,228,17,15,0,27,2383,1,8.0,1,0,0,0,0.0,0,0,0,0,452,5,0,6.85,0,1,0,0,0,0,0,0,2383.0,0.0,0,5,16,5,4,22,51.16,0,94,58,61.7,15,103,43,70,191,55.52,177,432,232,664,191.9,21,0,1463,53,3,0,Juan Iglesias,Getafe,949707,2859,spain,2526,20260326
15,1,33.33,65,25,39.06,253,511,764,90.74,39,61.9,24,21,0,0,0,0,38,0,1,0,4,72,21,0,0,0,6,46,1,0,0.27,0.44,15,0,33.33,2,1,1,13,11,2,1,0,,33,60.0,1,0,0,78,10,1,0,13,1335,1,4.0,0,0,0,0,0.0,0,0,0,0,93,3,0,6.85,0,0,0,0,0,0,0,0,1335.0,0.0,0,3,0,2,1,0,0.0,0,20,11,55.0,1,30,2,3,72,61.02,64,296,546,842,143.9,3,0,1007,14,3,0,Robin Le Normand,Atlético Madrid,787751,2836,spain,2526,20260326
21,9,15.52,194,24,52.17,331,108,439,80.11,7,31.82,15,23,3,0,0,0,82,10,4,4,0,9,23,0,0,24,11,119,0,1,3.94,2.13,30,1,11.54,0,3,6,21,18,3,1,2,,77,42.54,0,0,0,109,13,37,0,16,1365,3,2.0,0,0,0,0,0.0,0,0,0,0,291,13,0,6.85,0,3,0,0,0,0,0,0,455.0,100.0,1,18,8,14,8,38,47.5,0,19,10,52.63,37,45,80,58,84,41.38,46,418,130,548,157.6,26,1,933,20,2,0,Ander Barrenetxea,Real Sociedad,966862,2824,spain,2526,20260326
41,5,26.32,165,49,43.36,440,714,1154,90.09,25,55.56,20,23,0,0,0,0,77,0,1,0,4,67,23,0,0,3,15,72,0,2,0.57,0.35,32,0,0.0,28,0,0,31,23,8,0,0,,69,57.02,0,0,0,127,19,3,0,19,1794,1,15.0,0,0,0,0,0.0,0,0,0,0,167,1,0,6.85,1,0,0,0,0,0,0,0,0.0,0.0,0,4,2,4,2,6,66.67,0,54,30,55.56,3,91,9,19,94,56.63,113,530,751,1281,157.6,6,1,1572,9,6,1,Víctor Chust,Elche,855831,2846,spain,2526,20260326
37,3,13.04,245,46,49.46,489,452,941,85.86,9,37.5,15,25,1,0,0,0,81,0,1,4,4,51,24,0,0,10,10,70,0,0,1.41,1.38,14,0,16.67,0,2,3,27,22,5,2,0,,71,56.35,0,0,0,155,18,16,0,21,1951,1,1.0,0,0,0,1,0.0,0,0,0,0,251,3,0,6.85,0,2,0,0,0,0,0,0,975.5,0.0,0,7,5,3,5,18,46.15,0,27,15,55.56,16,60,39,23,80,53.33,93,576,520,1096,164.4,12,0,1551,27,2,0,Sergio Carreira,Celta Vigo,1002764,2821,spain,2526,20260326
18,17,22.37,261,27,35.53,473,388,861,82.16,15,33.33,30,26,3,0,0,0,122,7,3,3,8,62,26,0,0,36,18,143,0,0,3.47,1.99,16,0,0.0,0,0,3,24,21,3,0,0,,110,49.33,0,0,0,187,33,29,0,25,2223,4,6.0,0,0,0,0,0.0,0,0,0,0,400,7,0,6.85,0,0,0,0,0,0,0,0,0.0,0.0,0,9,16,14,8,45,50.56,0,49,29,59.18,29,44,89,76,125,46.64,76,611,437,1048,178.1,25,2,1791,17,7,0,Andrei Rațiu,Rayo Vallecano,965031,2818,spain,2526,20260326
7,0,0.0,22,9,50.0,51,119,170,84.58,10,52.63,9,8,0,0,0,0,21,0,0,0,1,13,8,0,0,2,4,21,0,1,0.04,0.02,4,0,0.0,0,0,0,6,6,0,0,0,,26,68.42,0,0,0,31,6,1,0,5,434,1,0.0,0,0,0,0,0.0,0,0,0,0,46,0,0,6.85,0,0,0,0,0,0,0,0,0.0,0.0,0,0,1,1,0,6,75.0,0,12,4,33.33,1,13,8,1,36,63.16,18,76,125,201,54.8,1,0,281,8,0,0,Ugo Raghouber,Levante UD,1170694,2849,spain,2526,20260326
24,0,0.0,90,58,50.88,363,914,1277,90.76,72,57.6,53,27,1,0,0,0,77,2,3,3,4,163,27,0,1,4,7,88,0,5,0.34,0.91,23,0,8.33,21,1,2,37,34,3,1,0,,53,60.23,1,0,0,130,20,8,0,26,2328,1,32.0,1,0,0,0,0.0,0,0,0,0,153,0,0,6.85,1,0,0,0,0,0,0,0,2328.0,0.0,0,11,1,7,2,6,85.71,0,32,22,68.75,8,44,7,0,125,58.69,114,436,971,1407,184.9,12,2,1768,15,5,0,Vitor Reis,Girona FC,1485300,24264,spain,2526,20260326
35,2,25.0,233,53,69.74,478,490,968,88.4,18,45.0,22,27,1,0,0,0,114,2,2,2,4,21,27,0,0,29,12,97,0,1,1.11,0.76,25,0,0.0,0,0,1,27,22,5,0,0,,102,57.63,0,0,0,127,12,16,0,22,1940,2,3.0,0,0,0,0,0.0,0,0,0,1,217,7,0,6.85,1,0,0,0,0,0,0,0,0.0,0.0,0,6,3,3,4,23,62.16,0,52,33,63.46,16,53,37,8,120,55.3,76,564,531,1095,184.9,9,1,1403,27,3,1,Iván Martín,Girona FC,973699,24264,spain,2526,20260326
24,23,25.27,92,38,70.37,175,144,319,80.15,2,33.33,4,28,3,0,0,0,62,2,2,9,0,8,28,0,0,13,24,94,1,0,2.9,1.51,9,0,0.0,0,0,3,27,24,3,0,0,,94,51.09,0,0,1,79,6,18,0,17,1596,3,0.0,0,0,0,0,0.0,0,0,0,0,266,13,0,6.85,0,0,0,0,0,0,0,0,0.0,0.0,0,17,13,14,7,51,53.68,0,30,19,63.33,18,47,95,91,96,50.53,54,237,161,398,191.7,30,1,799,13,1,0,Haissem Hassan,Real Oviedo,942836,2851,spain,2526,20260326
21,0,0.0,56,38,48.72,264,611,875,89.84,70,64.81,38,20,0,0,0,0,55,0,1,3,2,87,20,0,1,2,2,62,0,0,0.55,1.02,21,0,10.0,29,1,1,22,21,1,1,0,,22,47.83,1,0,0,99,21,3,0,17,1543,1,14.0,0,0,0,0,0.0,0,0,0,0,104,1,0,6.85,1,0,0,0,0,0,0,0,1543.0,0.0,0,10,0,5,2,0,0.0,0,16,11,68.75,3,38,0,1,92,59.74,78,331,643,974,136.9,10,1,1169,6,4,0,Duje Ćaleta-Car,Real Sociedad,257091,2824,spain,2526,20260326
5,2,20.0,59,5,62.5,85,24,109,88.62,1,50.0,1,9,1,0,0,0,17,2,0,3,0,2,9,0,0,4,1,15,1,0,0.41,0.89,4,0,12.5,0,1,2,5,4,1,1,0,,22,61.11,0,0,0,14,0,5,0,1,260,0,0.0,0,0,0,0,0.0,0,0,0,0,50,4,0,6.84,0,1,0,0,0,0,0,0,260.0,0.0,1,5,3,2,3,12,70.59,0,5,4,80.0,5,6,17,10,23,60.53,8,97,26,123,61.6,8,1,205,5,3,0,Claudio Echeverri,Girona FC,1482424,24264,spain,2526,20260326
36,44,33.59,196,57,60.0,387,249,636,83.57,6,66.67,3,29,4,0,0,0,84,10,2,6,0,10,29,0,0,15,11,66,0,0,3.61,1.89,16,0,3.45,0,1,5,33,30,3,1,0,,68,51.91,0,0,0,125,18,45,0,21,1923,2,5.0,0,0,0,0,0.0,0,0,0,0,277,9,0,6.84,0,0,0,0,0,0,0,0,1923.0,0.0,1,8,21,14,9,30,57.69,0,17,8,47.06,45,64,52,131,74,52.86,95,491,270,761,198.4,29,0,1139,21,3,0,Sergi Darder,Mallorca,110783,2826,spain,2526,20260326
43,3,10.34,212,56,49.56,485,624,1109,87.25,37,55.22,30,26,2,0,0,0,72,4,1,3,7,83,25,0,0,8,19,77,0,1,2.02,0.99,15,0,0.0,8,0,2,25,18,7,0,0,,54,53.47,0,0,0,162,17,13,0,23,2119,2,9.0,0,0,0,1,0.0,0,0,0,0,238,6,0,6.84,0,0,0,0,0,0,0,0,0.0,0.0,0,15,4,11,5,8,57.14,0,42,26,61.9,13,82,14,29,91,54.17,113,614,657,1271,171.0,19,1,1640,4,2,0,Dávid Hancko,Atlético Madrid,807771,2836,spain,2526,20260326
34,0,0.0,33,57,45.97,166,689,855,88.97,28,44.44,35,21,0,0,0,0,59,1,4,1,4,100,21,0,0,1,3,49,0,0,0.1,1.58,6,0,0.0,17,0,0,24,18,6,0,0,,29,67.44,0,0,0,106,22,3,0,18,1596,0,27.0,0,0,0,0,0.0,0,0,0,0,118,0,0,6.84,0,0,0,0,0,0,0,0,0.0,0.0,0,8,1,7,1,2,33.33,0,22,14,63.64,3,74,6,1,57,53.77,124,235,726,961,143.6,9,1,1199,5,3,0,Fernando Calero,Espanyol,857205,2814,spain,2526,20260326
19,1,50.0,56,27,38.03,185,432,617,86.9,20,51.28,19,17,0,0,0,0,50,1,0,0,3,71,17,0,0,1,27,77,1,0,0.15,0.02,27,0,0.0,11,0,0,19,17,2,0,0,,75,56.39,0,0,0,93,15,4,0,17,1438,1,10.0,0,0,0,0,0.0,0,0,0,0,115,0,0,6.84,0,0,0,0,0,0,0,0,0.0,0.0,0,0,1,0,1,6,60.0,0,59,32,54.24,4,39,10,2,95,55.23,71,236,474,710,116.2,1,0,1003,10,3,0,Pau Navarro,Villarreal,1525863,2819,spain,2526,20260326
31,3,10.71,169,51,43.59,340,531,871,85.56,27,54.0,23,26,1,0,0,0,84,4,0,3,4,101,26,0,0,14,23,87,0,1,1.27,0.79,19,0,9.09,0,1,2,25,23,2,1,0,,81,55.86,0,0,2,147,31,15,0,24,1943,2,12.0,0,0,0,0,0.0,0,0,0,0,230,3,0,6.83,0,1,0,0,0,0,0,0,1943.0,0.0,0,11,0,7,1,8,47.06,0,52,29,55.77,15,63,17,28,108,55.38,117,429,589,1018,177.7,11,0,1492,21,6,0,Arnau Martínez,Girona FC,1084081,24264,spain,2526,20260326
29,1,33.33,79,23,54.76,160,172,332,81.98,18,66.67,9,19,1,0,0,0,43,2,0,2,2,30,18,0,0,5,6,37,0,1,0.81,0.37,13,0,16.67,0,1,2,17,14,3,1,0,,28,50.0,1,0,0,73,7,4,0,7,775,1,2.0,0,0,0,0,0.0,0,0,0,0,103,5,0,6.83,0,0,0,0,0,0,0,0,775.0,0.0,0,2,4,2,2,6,50.0,0,12,5,41.67,4,43,12,3,46,55.42,42,205,200,405,123.0,6,1,542,10,2,0,Baptiste Santamaria,Valencia,344751,2828,spain,2526,20260326
3,0,0.0,29,4,100.0,60,17,77,92.77,1,50.0,1,3,1,0,0,0,7,0,0,0,0,1,3,0,0,0,2,7,0,0,0.09,,3,0,0.0,0,0,1,1,1,0,0,0,,3,33.33,0,0,0,6,1,3,0,0,74,0,0.0,0,0,0,0,0.0,0,0,0,0,9,2,0,6.83,0,0,0,0,0,0,0,0,0.0,0.0,0,0,0,0,0,0,0.0,0,2,1,50.0,3,4,1,1,4,36.36,4,64,19,83,20.5,0,0,93,1,0,0,Pablo Gavi,Barcelona,1103693,2817,spain,2526,20260326
2,1,25.0,17,3,42.86,30,28,58,85.29,0,0.0,1,3,0,0,0,0,3,0,0,0,0,0,3,0,0,1,1,6,0,1,0.06,,1,0,0.0,0,0,0,1,1,0,0,0,,9,64.29,0,0,0,10,0,1,0,1,127,0,0.0,0,0,0,0,0.0,0,0,0,0,18,0,0,6.83,0,0,0,0,0,0,0,0,0.0,0.0,0,0,0,0,0,2,50.0,0,5,4,80.0,1,4,4,4,9,60.0,7,37,31,68,20.5,0,0,95,2,1,0,Obed Vargas,Atlético Madrid,1119345,2836,spain,2526,20260326
11,0,0.0,82,9,64.29,142,66,208,84.55,21,70.0,9,16,0,0,0,0,32,1,0,5,1,10,15,0,0,15,5,51,0,2,0.28,0.43,16,0,0.0,0,0,0,8,7,1,0,0,,58,58.0,0,0,0,38,4,5,0,7,598,1,0.0,0,0,0,0,0.0,0,0,0,0,79,4,0,6.83,0,0,0,0,0,0,0,0,0.0,0.0,0,2,14,11,0,23,76.67,0,13,6,46.15,5,15,30,5,79,60.77,14,173,73,246,102.5,16,0,410,22,3,0,Nelson Deossa,Real Betis,1129401,2816,spain,2526,20260326
17,2,28.57,91,15,83.33,188,150,338,93.11,4,36.36,7,12,0,0,0,0,24,3,1,1,1,17,12,0,0,3,8,24,0,1,1.71,0.33,5,0,0.0,0,0,0,7,7,0,0,0,,18,51.43,0,0,1,25,4,7,0,7,659,0,6.0,0,0,0,1,0.0,0,0,0,0,47,4,0,6.83,0,0,0,0,0,0,0,0,0.0,0.0,0,2,2,2,1,1,33.33,0,10,8,80.0,7,19,3,7,22,47.83,18,204,159,363,82.0,4,0,501,7,0,0,Daniel Carvajal,Real Madrid,138572,2829,spain,2526,20260326
52,0,0.0,44,71,56.8,161,524,685,87.93,34,56.67,26,19,0,0,0,0,49,1,1,0,7,92,19,0,0,2,7,46,3,0,0.17,0.68,13,0,50.0,4,1,1,27,22,5,1,0,,38,65.52,0,0,1,94,23,4,0,18,1621,2,14.0,0,0,0,0,0.0,0,0,0,0,110,0,0,6.83,0,1,0,0,0,0,0,0,1621.0,0.0,0,2,0,1,1,7,77.78,0,24,19,79.17,4,72,9,2,72,61.02,125,226,553,779,129.8,2,3,993,9,2,0,David Costas,Real Oviedo,345333,2851,spain,2526,20260326
25,9,19.15,207,20,71.43,330,167,497,80.81,4,22.22,14,26,1,0,0,0,86,6,2,10,1,5,26,0,0,32,21,118,0,1,3.85,2.63,21,1,11.11,0,3,4,35,30,5,2,1,,84,44.68,0,0,2,118,13,37,3,22,1805,2,1.0,0,0,0,0,0.0,0,0,0,1,288,10,0,6.83,0,0,0,0,0,0,0,0,601.67,25.0,4,16,11,7,10,18,36.0,0,22,11,50.0,37,55,50,47,88,42.72,28,423,192,615,177.6,27,2,969,45,3,0,Carlos Álvarez,Levante UD,1010656,2849,spain,2526,20260326
38,6,11.32,280,46,53.49,568,310,878,81.9,31,54.39,26,28,0,0,0,0,137,1,0,16,4,22,28,0,0,23,48,141,0,3,1.97,1.41,33,0,6.45,0,2,2,34,25,9,0,2,,95,45.24,0,0,0,194,40,21,0,27,2281,0,3.0,0,0,0,0,0.0,0,0,0,0,321,17,0,6.83,0,2,0,0,0,0,0,0,1140.5,0.0,0,6,25,7,8,8,40.0,0,57,38,66.67,21,87,20,53,126,47.19,86,717,355,1072,191.2,31,1,1472,30,3,0,Mikel Jauregizar,Athletic Club,1495844,2825,spain,2526,20260326
5,3,16.67,44,2,66.67,68,14,82,84.54,1,20.0,4,7,2,0,0,0,13,1,0,4,0,2,7,0,0,3,1,12,0,0,0.76,0.12,0,0,0.0,0,0,2,6,5,1,0,0,,15,65.22,0,0,0,15,0,6,0,4,346,2,0.0,0,0,0,0,0.0,0,0,0,0,49,3,0,6.83,0,0,0,0,0,0,0,0,0.0,0.0,0,3,1,0,0,10,71.43,0,1,0,0.0,6,8,14,18,16,57.14,3,81,16,97,47.8,4,0,166,4,0,0,Raúl Moro,Osasuna,980383,2820,spain,2526,20260326
28,12,16.67,202,45,39.82,405,457,862,84.84,19,44.19,24,25,2,0,0,0,114,5,1,5,7,61,25,0,0,14,11,95,1,3,2.88,0.45,29,0,7.14,0,1,3,30,26,4,0,1,,89,55.63,0,0,0,154,27,20,1,23,2105,2,14.0,0,0,0,2,0.0,0,0,0,0,319,2,0,6.83,1,0,0,0,0,0,0,0,2105.0,0.0,0,4,10,7,2,14,42.42,0,44,25,56.82,20,50,33,72,108,53.2,113,498,518,1016,170.7,14,1,1646,31,4,1,Josep Chavarría,Rayo Vallecano,1010421,2818,spain,2526,20260326
0,0,0.0,14,1,100.0,23,12,35,62.5,8,44.44,10,12,0,0,0,0,7,1,3,0,0,5,11,0,0,3,1,21,0,0,0.13,2.28,8,0,44.44,0,4,4,5,5,0,4,0,,7,38.89,1,0,0,21,1,2,0,2,312,3,0.0,0,0,0,0,0.0,0,0,0,0,33,2,0,6.83,0,3,0,0,0,0,0,0,78.0,0.0,0,8,1,3,6,2,100.0,0,4,3,75.0,2,0,2,1,15,41.67,1,39,17,56,75.1,9,1,98,1,2,0,Orri Steinn Óskarsson,Real Sociedad,1026015,2824,spain,2526,20260326
26,2,50.0,170,33,67.35,390,321,711,91.86,4,23.53,13,19,0,0,0,0,49,2,0,4,1,18,19,0,0,14,9,52,0,0,0.7,0.53,15,0,8.33,0,1,1,13,13,0,1,0,,40,50.63,0,0,0,63,11,6,0,14,1135,0,4.0,0,0,0,0,0.0,0,0,0,0,101,6,0,6.83,0,1,0,0,0,0,0,0,1135.0,0.0,0,4,8,5,3,5,71.43,0,26,11,42.31,6,43,7,4,44,45.83,49,428,346,774,129.7,12,0,933,9,2,0,Fran Beltrán,Girona FC,835484,24264,spain,2526,20260326
6,3,11.11,127,10,37.04,220,96,316,80.82,2,16.67,10,27,1,0,0,0,91,5,2,5,1,16,27,0,0,23,15,104,0,0,1.89,1.81,17,0,27.27,0,6,7,15,13,2,4,2,,78,45.35,0,0,0,75,20,17,1,17,1532,7,2.0,0,1,0,0,0.0,0,0,0,0,216,15,0,6.83,0,5,0,0,0,0,0,0,255.33,0.0,0,14,8,8,9,20,33.33,0,25,18,72.0,16,17,60,27,80,43.48,27,276,115,391,184.3,22,2,747,33,7,0,Tajon Buchanan,Villarreal,973290,2819,spain,2526,20260326
26,1,5.88,166,25,73.53,248,115,363,70.76,31,44.29,39,24,3,0,0,0,60,7,7,19,5,23,24,0,0,40,6,122,1,0,1.82,8.64,19,0,11.59,0,8,11,31,22,9,6,2,,74,47.13,1,0,2,150,7,28,1,23,1983,12,2.0,0,0,1,0,100.0,0,1,0,0,312,17,0,6.83,0,6,0,0,0,0,0,0,247.88,0.0,2,51,18,32,18,24,53.33,0,24,15,62.5,28,36,45,17,105,46.26,34,368,145,513,163.8,69,1,914,26,3,0,Cucho Hernández,Real Betis,887055,2816,spain,2526,20260326
20,3,27.27,76,34,46.58,246,385,631,86.08,35,60.34,23,21,0,0,0,0,62,1,1,0,3,84,20,0,0,5,16,63,1,1,0.62,0.68,19,0,11.11,5,1,1,19,13,6,1,0,,57,58.76,1,0,0,102,20,8,0,13,1330,1,9.0,0,0,0,1,0.0,0,0,0,0,153,0,0,6.83,0,0,0,0,0,0,0,0,1330.0,0.0,0,8,1,6,3,11,91.67,0,39,21,53.85,8,40,12,11,92,59.35,73,318,415,733,136.5,9,1,1047,9,5,0,Valentín Gómez,Real Betis,1186010,2816,spain,2526,20260326
22,0,0.0,130,16,42.11,320,297,617,88.52,23,40.35,34,25,0,0,0,0,79,1,0,3,3,44,25,0,1,6,27,93,0,1,0.99,1.01,22,0,7.69,0,1,1,14,14,0,1,0,,73,55.3,0,0,0,80,20,5,1,19,1624,0,8.0,0,0,0,0,0.0,0,0,0,0,112,1,0,6.82,1,0,0,0,0,0,0,0,1624.0,0.0,0,7,6,6,4,3,37.5,0,54,31,57.41,5,34,8,2,96,50.79,38,370,327,697,170.6,13,0,951,17,3,0,Óscar Valentín,Rayo Vallecano,900008,2818,spain,2526,20260326
10,0,0.0,124,2,28.57,208,82,290,79.89,15,30.61,34,22,0,0,0,0,35,1,7,10,2,14,21,0,0,25,13,96,0,0,0.99,7.33,16,0,17.95,0,7,7,28,21,7,7,0,,48,43.64,1,0,0,73,2,18,3,15,1297,4,1.0,0,0,1,0,100.0,0,1,0,0,159,8,0,6.82,0,3,0,0,0,0,0,0,185.29,0.0,2,32,7,10,19,14,58.33,0,7,3,42.86,18,13,24,2,63,39.62,7,266,97,363,143.3,39,0,590,27,2,0,André Silva,Elche,190159,2846,spain,2526,20260326
7,6,28.57,74,6,54.55,106,61,167,77.67,2,28.57,5,18,1,0,0,0,29,2,2,9,0,6,18,0,0,20,9,65,0,0,1.52,4.83,13,0,17.24,0,5,6,13,13,0,5,0,,30,33.33,0,0,0,48,10,13,2,6,721,2,0.0,0,0,3,1,100.0,0,3,0,0,125,3,0,6.82,0,3,0,0,0,0,0,0,144.2,0.0,0,19,10,8,12,14,42.42,0,6,6,100.0,13,13,33,21,32,32.99,11,149,66,215,122.8,29,0,401,10,4,0,Largie Ramazani,Valencia,909966,2828,spain,2526,20260326
24,16,40.0,91,25,38.46,166,157,323,76.18,9,64.29,5,18,2,0,0,0,57,6,1,10,1,18,18,0,0,13,9,59,0,1,2.19,1.73,21,0,4.35,0,1,3,18,15,3,1,0,,32,37.21,0,0,0,101,16,19,1,13,1204,3,9.0,0,0,0,0,0.0,0,0,0,0,167,7,0,6.82,0,0,0,0,0,0,0,0,1204.0,0.0,4,7,16,9,4,12,50.0,0,12,6,50.0,19,53,24,40,41,41.0,65,248,176,424,122.8,23,1,640,8,2,0,Pablo Martínez,Levante UD,927066,2849,spain,2526,20260326
49,3,30.0,171,40,53.33,380,371,751,87.43,9,39.13,14,23,1,0,0,0,84,3,2,3,5,36,23,0,0,14,18,81,0,0,1.03,1.14,33,0,0.0,0,0,1,25,17,8,0,0,,64,48.85,0,0,1,108,18,14,0,20,1672,0,5.0,0,0,0,0,0.0,0,0,0,0,150,11,0,6.82,0,0,0,0,0,0,0,0,0.0,0.0,0,6,6,5,4,9,69.23,0,33,25,75.76,14,81,13,10,73,47.4,75,465,394,859,156.9,12,0,1104,22,1,0,Marc Roca,Real Betis,847128,2816,spain,2526,20260326
6,3,30.0,61,6,40.0,89,43,132,64.39,27,43.55,35,10,0,0,0,0,38,3,1,5,2,15,10,0,0,11,4,85,0,0,0.38,1.35,14,0,16.67,0,3,3,6,5,1,1,2,,38,43.18,1,0,0,73,7,8,0,10,884,2,2.0,0,0,0,0,0.0,0,0,0,0,139,4,0,6.82,0,2,0,0,0,0,0,0,294.67,0.0,0,13,5,4,9,13,37.14,0,14,9,64.29,8,13,35,10,65,43.33,15,142,63,205,68.2,18,0,396,11,4,0,Martín Satriano,Getafe,973536,2859,spain,2526,20260326
0,2,20.0,24,0,0.0,31,11,42,85.71,0,0.0,1,6,1,0,0,0,10,1,0,1,0,0,6,0,0,2,2,10,0,0,0.42,0.42,0,0,50.0,0,1,2,1,1,0,1,0,,9,50.0,0,0,0,7,0,2,1,1,153,1,0.0,0,0,0,0,0.0,0,0,0,0,30,2,0,6.82,0,0,0,0,0,0,0,0,153.0,0.0,0,1,1,0,1,6,54.55,0,1,1,100.0,2,2,11,10,9,47.37,0,37,12,49,40.9,2,0,94,2,0,0,Manor Solomon,Villarreal,862223,2819,spain,2526,20260326
34,17,23.61,142,36,50.7,276,149,425,85.69,3,50.0,3,14,3,0,0,0,26,3,0,1,0,4,13,0,0,2,5,19,0,0,1.87,0.19,5,0,0.0,0,0,3,9,6,3,0,0,,11,40.74,0,0,1,71,12,16,0,8,669,0,2.0,0,1,0,0,0.0,0,0,0,0,154,1,0,6.82,0,0,0,0,0,0,0,0,0.0,0.0,2,1,5,4,1,2,33.33,0,9,6,66.67,15,60,6,72,14,42.42,71,330,166,496,88.6,6,1,685,0,1,0,Trent Alexander-Arnold,Real Madrid,795064,2829,spain,2526,20260326
6,3,15.79,169,10,62.5,276,104,380,86.36,1,20.0,4,20,1,0,0,0,30,3,1,2,1,7,20,0,0,7,7,48,0,0,1.67,1.37,14,0,42.86,0,3,4,16,11,5,3,0,,29,39.73,0,0,0,60,8,21,1,10,968,2,0.0,0,0,0,0,0.0,0,0,0,0,142,5,0,6.82,0,2,0,0,0,0,0,0,322.67,0.0,0,7,0,1,4,9,33.33,0,10,6,60.0,21,11,27,19,30,38.46,16,315,125,440,136.3,7,0,632,10,2,0,Hugo Álvarez,Celta Vigo,1154935,2821,spain,2526,20260326
21,27,38.57,210,29,59.18,327,275,602,88.27,18,54.55,15,20,3,0,0,0,74,4,0,1,4,45,20,0,0,2,11,64,0,0,3.14,0.13,24,0,0.0,0,0,3,17,11,6,0,0,,38,43.68,0,0,0,80,12,21,0,16,1325,1,1.0,0,1,0,0,0.0,0,0,0,0,159,3,0,6.82,0,0,0,0,0,0,0,0,0.0,0.0,0,3,1,1,2,4,25.0,0,33,21,63.64,20,30,16,70,56,46.67,49,377,305,682,136.3,4,1,1033,1,4,0,Matteo Ruggeri,Atlético Madrid,965011,2836,spain,2526,20260326
15,2,100.0,177,15,34.09,468,474,942,90.4,7,38.89,11,28,1,0,0,0,75,0,0,1,0,38,28,0,0,6,9,44,0,0,0.46,0.11,18,0,50.0,0,1,2,31,27,4,1,0,,61,64.89,0,0,0,100,37,5,0,23,1950,0,19.0,0,0,0,0,0.0,0,0,0,0,119,8,0,6.81,0,1,0,0,0,0,0,0,1950.0,0.0,0,2,0,0,1,0,0.0,0,40,23,57.5,5,21,1,2,68,60.71,44,526,516,1042,190.8,2,0,1286,22,2,0,Marc Aguado,Elche,1014595,2846,spain,2526,20260326
6,0,0.0,17,10,31.25,77,203,280,87.5,16,72.73,6,8,0,0,0,0,22,0,0,0,2,43,7,0,0,0,0,14,1,0,0.07,0.53,7,0,25.0,1,1,1,11,10,1,1,0,,12,60.0,1,0,0,40,10,1,0,7,544,1,2.0,0,0,0,0,0.0,0,0,0,1,46,0,0,6.81,0,0,0,0,0,0,0,0,544.0,0.0,0,4,0,1,3,1,33.33,0,8,6,75.0,1,14,3,0,28,66.67,32,105,215,320,47.7,4,2,418,3,3,0,Mouctar Diakhaby,Valencia,797306,2828,spain,2526,20260326
9,8,30.77,182,10,55.56,290,169,459,88.1,5,45.45,6,22,5,0,0,0,54,4,1,2,1,11,22,0,0,14,11,54,1,0,2.33,0.84,15,0,16.67,0,2,7,20,16,4,1,1,,44,47.83,0,0,0,62,2,23,0,13,1181,0,1.0,0,0,0,0,0.0,0,0,0,0,138,3,0,6.81,0,2,0,0,0,0,0,0,590.5,0.0,0,4,8,6,4,20,68.97,0,15,9,60.0,23,19,29,26,49,47.57,18,331,190,521,149.9,12,0,725,9,2,0,Martim Neto,Elche,1100646,2846,spain,2526,20260326
2,0,0.0,1,2,33.33,12,44,56,76.71,14,63.64,8,11,0,0,0,0,7,0,0,0,0,29,9,0,0,0,0,9,0,0,0.01,0.72,1,0,50.0,3,1,1,5,4,1,1,0,,6,85.71,0,0,0,17,1,0,0,1,218,0,5.0,0,0,0,0,0.0,0,0,0,0,19,0,0,6.81,0,1,0,0,0,0,0,0,218.0,0.0,0,2,0,1,1,1,100.0,0,4,1,25.0,0,7,1,0,20,68.97,6,25,48,73,61.3,2,0,125,1,0,0,Miguel Rubio,Espanyol,934351,2814,spain,2526,20260326
12,0,0.0,28,24,30.77,68,89,157,63.56,12,52.17,11,9,0,0,0,0,45,0,0,3,4,52,9,0,0,6,4,32,0,1,0.05,0.35,6,0,0.0,1,0,0,5,4,1,0,0,,31,59.62,0,0,0,90,21,1,0,9,810,0,1.0,0,0,0,0,0.0,0,0,0,0,116,1,0,6.81,0,0,0,0,0,0,0,0,0.0,0.0,0,4,1,2,0,8,61.54,0,18,12,66.67,1,37,13,2,43,57.33,78,135,112,247,61.3,5,0,403,5,3,0,Zaid Romero,Getafe,1108450,2859,spain,2526,20260326
11,2,12.5,86,12,63.16,145,82,227,84.39,4,44.44,5,21,1,0,0,0,39,1,1,8,0,3,21,0,0,14,1,51,0,0,0.63,1.3,3,0,5.88,0,1,2,13,10,3,1,0,,68,59.65,0,0,0,42,4,9,0,4,703,2,1.0,0,0,0,0,0.0,0,0,0,0,129,3,0,6.81,0,1,0,0,0,0,0,0,703.0,0.0,0,11,6,7,2,44,60.27,0,13,9,69.23,9,16,73,16,72,58.54,19,176,93,269,143.0,17,0,486,11,0,0,Chidera Ejuke,Sevilla,875890,2833,spain,2526,20260326
9,13,22.41,72,13,54.17,127,87,214,75.89,9,42.86,12,12,3,0,0,0,35,3,1,3,1,8,12,0,0,9,9,40,0,1,0.99,0.94,6,0,10.0,0,1,4,13,12,1,1,0,,34,54.84,0,0,2,68,3,15,0,7,797,4,2.0,0,0,0,1,0.0,0,0,0,0,156,2,0,6.81,0,1,0,0,0,0,0,0,797.0,0.0,1,7,3,3,4,10,66.67,0,15,12,80.0,15,18,15,58,43,51.81,24,177,105,282,81.7,10,0,497,9,1,0,Oso,Sevilla,1534422,2833,spain,2526,20260326
23,11,50.0,152,33,70.21,315,343,658,88.8,13,35.14,24,25,1,0,0,0,69,1,1,3,1,8,25,0,0,7,7,71,0,3,1.21,1.7,30,0,29.41,0,5,6,37,36,1,5,0,,60,56.07,1,0,0,83,18,16,1,22,1735,3,1.0,0,0,0,1,0.0,0,0,0,0,134,2,0,6.81,0,3,0,0,0,0,0,0,347.0,0.0,0,12,5,6,8,5,45.45,0,32,20,62.5,16,37,11,22,73,50.69,47,369,372,741,170.2,17,1,961,23,3,0,Djibril Sow,Sevilla,799054,2833,spain,2526,20260326
23,2,50.0,82,24,54.55,209,255,464,83.45,34,60.71,22,20,1,0,0,0,75,1,0,3,2,40,20,0,0,12,9,70,1,1,0.42,0.34,19,0,11.11,0,1,2,23,18,5,1,0,,48,50.0,0,0,0,92,11,3,0,12,1167,2,12.0,0,0,0,0,0.0,0,0,0,0,128,2,0,6.81,1,1,0,0,0,0,0,0,1167.0,0.0,1,1,8,3,3,5,38.46,0,27,17,62.96,3,43,13,4,82,53.95,44,262,294,556,136.1,9,0,758,17,4,1,Kervin Arriaga,Levante UD,1083832,2849,spain,2526,20260326
11,4,14.81,109,16,66.67,180,87,267,80.91,15,51.72,14,21,1,0,0,0,34,0,0,4,0,2,20,0,0,14,10,73,0,0,0.72,0.97,12,0,14.29,0,2,3,12,11,1,2,0,,67,53.17,0,0,1,63,1,15,0,11,894,1,0.0,0,0,0,0,0.0,0,0,0,0,146,1,0,6.8,0,2,0,0,0,0,0,0,447.0,0.0,0,10,4,4,6,14,35.9,0,10,6,60.0,15,22,39,27,82,52.9,24,233,97,330,136.0,14,0,534,43,7,0,Peque Fernández,Sevilla,997033,2833,spain,2526,20260326
3,0,0.0,36,1,33.33,60,17,77,83.7,2,50.0,2,7,0,0,0,0,17,1,1,4,0,0,7,0,0,8,2,16,0,0,0.24,1.75,3,0,15.38,0,2,2,6,5,1,2,0,,10,41.67,1,0,0,15,1,4,0,5,337,4,0.0,0,0,0,0,0.0,0,0,0,0,39,3,0,6.8,0,1,0,0,0,0,0,0,168.5,0.0,0,9,4,6,3,5,71.43,0,2,1,50.0,4,3,7,6,12,42.86,3,74,18,92,47.6,13,0,149,3,1,0,Ademola Lookman,Atlético Madrid,824200,2836,spain,2526,20260326
17,0,0.0,185,29,60.42,427,513,940,90.3,39,63.93,22,23,2,0,0,0,112,2,4,4,1,49,23,0,0,16,22,90,0,1,0.7,2.19,29,0,5.56,0,1,3,30,27,3,1,0,,55,44.72,0,0,2,101,22,15,0,21,1822,0,6.0,0,0,0,0,0.0,0,0,0,0,147,5,0,6.8,1,1,0,0,0,0,0,0,1822.0,0.0,0,13,5,10,4,4,57.14,0,27,19,70.37,15,29,7,1,94,51.09,48,496,545,1041,156.4,18,0,1301,25,1,1,Axel Witsel,Girona FC,35612,24264,spain,2526,20260326
1,0,0.0,20,1,33.33,54,29,83,92.22,1,33.33,2,2,0,0,0,0,4,0,0,0,0,0,1,0,0,0,0,2,0,0,0.04,,0,0,0.0,0,0,0,1,1,0,0,0,,3,100.0,0,0,0,7,1,0,0,1,91,0,0.0,0,0,0,0,0.0,0,0,0,0,7,1,0,6.8,0,0,0,0,0,0,0,0,0.0,0.0,0,0,0,0,0,1,100.0,0,1,1,100.0,0,1,1,0,4,66.67,3,56,34,90,6.8,0,0,101,1,0,0,Ferland Mendy,Real Madrid,792073,2829,spain,2526,20260326
44,0,0.0,127,49,36.03,470,856,1326,87.99,39,60.94,25,27,0,0,0,0,114,0,1,0,4,130,27,0,1,3,15,72,1,2,0.57,0.49,27,0,0.0,13,0,0,39,33,6,0,0,,95,66.9,0,0,0,181,40,5,0,24,2175,2,18.0,0,0,0,1,0.0,0,0,0,0,215,2,0,6.8,1,0,0,0,0,0,0,0,0.0,0.0,0,8,0,6,2,8,80.0,0,58,39,67.24,5,90,10,7,134,65.05,136,599,908,1507,183.6,8,0,1892,29,6,0,David Affengruber,Elche,988672,2846,spain,2526,20260326
1,0,0.0,13,0,0.0,30,15,45,78.95,3,60.0,2,3,0,0,0,0,2,0,0,1,0,2,2,0,0,0,1,4,0,0,0.05,0.08,2,0,0.0,0,0,0,1,0,1,0,0,,3,60.0,0,0,0,12,2,0,0,1,81,0,0.0,0,0,0,0,0.0,0,0,0,0,13,1,0,6.8,0,0,0,0,0,0,0,0,0.0,0.0,0,0,2,1,0,0,0.0,0,3,3,100.0,0,3,0,1,6,60.0,2,38,19,57,13.6,2,0,68,0,0,0,Matías Vecino,Celta Vigo,158615,2821,spain,2526,20260326
14,12,30.77,90,20,71.43,171,110,281,77.62,8,44.44,10,26,2,0,0,1,63,4,8,7,0,6,26,0,0,12,6,80,0,0,2.59,4.61,20,0,8.57,0,3,5,25,21,4,3,0,,58,45.31,0,0,3,81,1,12,0,18,1559,5,1.0,0,0,1,0,0.0,0,0,0,1,190,12,0,6.8,0,3,0,0,0,0,0,0,519.67,0.0,0,25,10,14,14,25,43.1,0,12,11,91.67,12,23,58,39,66,45.21,28,234,128,362,176.7,35,0,620,22,0,0,Arnaut Danjuma,Valencia,827064,2828,spain,2526,20260326
15,16,27.12,73,27,40.3,144,194,338,76.64,2,20.0,8,22,2,0,0,0,65,6,1,3,2,34,21,0,0,13,13,61,1,1,2.18,1.09,22,0,10.0,0,1,3,17,14,3,1,0,,71,57.26,0,0,0,103,21,16,1,14,1302,3,6.0,0,0,0,1,0.0,0,0,0,0,198,1,0,6.8,0,0,0,0,0,0,0,0,1302.0,0.0,0,7,3,4,3,17,68.0,0,34,24,70.59,16,29,25,59,73,54.48,67,213,228,441,142.7,10,2,808,20,6,0,Alfonso Pedraza,Villarreal,797290,2819,spain,2526,20260326
74,1,50.0,80,104,49.06,236,574,810,82.57,61,70.93,25,21,0,0,0,0,58,1,0,2,3,145,21,0,0,2,11,57,2,0,0.47,0.91,20,0,10.0,9,1,1,33,29,4,1,0,,37,53.62,0,0,0,171,21,7,1,19,1722,0,18.0,0,0,0,1,0.0,0,0,0,0,185,1,0,6.79,1,0,0,0,0,0,0,0,1722.0,0.0,0,8,2,5,3,2,66.67,0,32,16,50.0,7,132,3,2,98,63.23,212,364,617,981,142.6,10,1,1269,4,6,1,David Carmo,Real Oviedo,892235,2851,spain,2526,20260326
52,3,17.65,115,83,39.9,343,623,966,81.11,81,63.28,47,28,0,0,0,0,63,1,4,7,6,160,28,0,0,4,18,91,1,1,1.33,2.36,24,0,9.38,6,3,3,44,37,7,3,0,,44,50.0,3,0,2,225,19,9,0,28,2520,1,16.0,1,0,0,0,0.0,0,0,0,1,260,2,0,6.79,0,0,0,0,0,0,0,0,840.0,0.0,0,31,1,16,9,6,85.71,0,32,18,56.25,9,140,7,17,125,57.87,208,514,677,1191,190.1,32,1,1541,7,2,0,Leandro Cabrera,Espanyol,81992,2814,spain,2526,20260326
6,1,50.0,99,4,50.0,152,87,239,72.64,22,57.89,16,26,1,0,0,0,28,3,19,10,2,6,26,0,0,15,6,59,0,0,1.35,11.57,9,0,21.05,0,12,13,16,15,1,9,3,,22,33.85,0,0,6,90,3,17,1,19,1576,7,1.0,0,0,0,0,0.0,0,0,0,0,166,9,0,6.79,0,11,0,0,0,0,0,0,131.33,0.0,1,48,9,19,28,5,26.32,0,5,4,80.0,17,15,19,2,44,42.72,8,225,104,329,176.5,57,3,533,13,2,0,Ferran Torres,Barcelona,855833,2817,spain,2526,20260326
5,0,0.0,22,4,28.57,86,118,204,93.15,5,50.0,5,8,0,0,0,0,8,0,0,1,0,12,7,0,0,0,1,7,0,0,0.06,0.19,1,0,0.0,0,0,0,3,2,1,0,0,,5,71.43,0,0,0,15,0,0,0,3,251,0,4.0,0,0,0,0,0.0,0,0,0,0,16,0,0,6.79,0,0,0,0,0,0,0,0,0.0,0.0,1,1,2,1,1,0,0.0,0,5,4,80.0,0,13,0,0,10,58.82,14,97,122,219,47.5,3,0,248,0,1,0,David Alaba,Real Madrid,66492,2829,spain,2526,20260326
46,3,17.65,276,53,47.75,470,378,848,80.92,45,59.21,31,26,2,0,0,0,100,6,0,4,1,31,26,0,0,19,13,112,1,0,1.37,0.76,44,0,8.33,0,1,3,39,33,6,0,1,,64,44.14,0,0,0,200,34,21,1,24,2063,6,4.0,0,1,0,0,0.0,0,0,0,0,288,7,0,6.78,0,0,0,0,0,0,0,0,2063.0,0.0,0,9,3,6,2,8,53.33,0,44,29,65.91,20,84,15,17,109,49.32,111,623,425,1048,176.4,12,0,1340,12,10,0,Lucien Agoumé,Sevilla,960006,2833,spain,2526,20260326
5,0,0.0,71,4,50.0,122,62,184,79.31,14,48.28,15,24,1,2,0,0,21,3,15,13,2,11,24,0,0,22,7,62,0,0,1.01,12.29,10,0,20.37,0,11,12,13,12,1,11,0,,28,37.33,3,0,2,48,2,10,2,12,1187,13,0.0,0,0,3,0,33.33,0,1,0,0,118,9,0,6.78,0,6,0,0,0,0,0,0,107.91,0.0,0,49,5,16,25,9,52.94,0,5,2,40.0,10,9,17,0,42,40.38,8,162,70,232,162.8,54,2,433,15,2,0,Robert Lewandowski,Barcelona,41789,2817,spain,2526,20260326
11,24,26.97,309,15,50.0,428,72,500,84.03,4,57.14,3,24,6,0,0,0,33,5,9,26,0,13,24,0,0,16,3,72,0,0,3.79,5.84,6,0,6.15,0,4,10,19,17,2,4,0,,49,41.53,1,0,3,95,1,36,2,14,1337,9,1.0,0,0,0,0,0.0,0,0,0,0,275,8,0,6.78,0,1,0,0,0,0,0,0,334.25,0.0,9,36,29,17,22,22,33.33,0,8,8,100.0,36,28,66,89,53,42.4,30,510,85,595,162.8,65,1,963,19,2,0,Marcus Rashford,Barcelona,814590,2817,spain,2526,20260326
28,3,37.5,135,29,46.77,279,176,455,73.98,46,46.0,54,29,2,0,0,0,120,1,4,10,8,29,29,0,0,42,29,181,0,0,0.57,5.72,43,0,12.24,0,6,8,31,27,4,6,0,,133,51.15,2,0,2,160,19,16,1,29,2544,2,5.0,0,0,2,0,100.0,0,2,0,0,285,16,0,6.78,0,3,0,0,0,0,0,0,424.0,0.0,1,36,13,22,17,24,55.81,0,57,39,68.42,16,58,43,8,179,49.72,62,407,208,615,196.7,49,0,1095,52,4,0,Mauro Arambarri,Getafe,385888,2859,spain,2526,20260326
30,14,26.92,154,32,49.23,288,347,635,84.89,9,42.86,12,24,1,0,0,0,80,3,0,3,4,32,23,0,0,8,11,66,0,4,1.51,0.5,36,0,0.0,0,0,1,26,22,4,0,0,,75,58.14,0,0,0,113,14,20,0,18,1635,0,6.0,0,0,0,0,0.0,0,0,0,0,182,8,0,6.78,0,0,0,0,0,0,0,0,0.0,0.0,1,6,6,7,2,5,71.43,0,35,16,45.71,20,60,7,52,84,56.0,65,368,380,748,156.0,12,0,1020,35,6,0,Santiago Colombatto,Real Oviedo,822379,2851,spain,2526,20260326
27,1,20.0,101,52,53.61,273,326,599,84.37,20,50.0,20,22,2,0,0,0,79,2,0,1,2,53,22,0,0,3,13,64,2,2,0.27,0.14,25,0,33.33,1,1,3,27,24,3,0,1,,50,53.19,0,0,0,111,27,7,0,18,1576,0,9.0,0,0,0,0,0.0,0,0,0,0,138,3,0,6.78,0,1,0,0,0,0,0,0,1576.0,0.0,0,0,3,0,2,4,57.14,0,36,22,61.11,7,48,7,5,70,52.24,97,357,353,710,149.2,3,1,929,10,4,0,Omar Mascarell,Mallorca,255999,2826,spain,2526,20260326
5,0,0.0,41,2,66.67,145,167,312,95.71,13,76.47,4,12,0,0,0,0,20,0,0,2,1,19,10,0,0,2,2,12,0,0,0.1,0.08,4,0,0.0,4,0,0,6,6,0,0,0,,8,50.0,0,0,0,14,2,1,0,3,406,0,3.0,0,0,0,0,0.0,0,0,0,0,16,0,0,6.78,0,0,0,0,0,0,0,0,0.0,0.0,0,2,0,0,0,0,0.0,0,5,3,60.0,1,8,0,0,21,63.64,3,150,176,326,67.8,2,0,371,4,1,0,Andreas Christensen,Barcelona,186795,2817,spain,2526,20260326
27,11,26.83,96,31,68.89,188,118,306,86.93,4,80.0,1,20,1,0,0,0,43,2,0,1,0,5,19,0,1,3,8,21,0,1,1.49,0.26,5,0,0.0,0,0,1,12,12,0,0,0,,31,60.78,0,0,1,46,1,16,0,4,622,0,1.0,0,0,0,0,0.0,0,0,0,0,110,3,0,6.78,1,0,0,0,0,0,0,0,0.0,0.0,1,2,4,5,0,7,53.85,0,11,6,54.55,16,40,13,41,35,62.5,45,225,127,352,128.8,6,0,492,13,1,0,Santi Cazorla,Real Oviedo,17651,2851,spain,2526,20260326
21,29,23.39,253,42,43.75,560,456,1016,85.74,14,58.33,10,27,2,0,0,0,119,9,2,2,1,48,27,0,0,4,39,95,0,0,3.58,0.88,36,0,0.0,0,0,2,34,31,3,0,0,,98,53.55,0,0,0,169,24,33,0,23,2065,4,5.0,0,0,0,0,0.0,0,0,0,0,350,5,0,6.78,0,0,0,0,0,0,0,0,0.0,0.0,0,7,2,7,0,10,55.56,0,77,45,58.44,33,58,18,124,112,54.11,96,682,503,1185,183.0,9,0,1790,12,2,0,Sergio Gómez,Real Sociedad,855835,2824,spain,2526,20260326
9,0,0.0,64,21,51.22,270,599,869,91.38,55,65.48,29,18,0,0,0,0,54,0,3,3,0,98,18,0,0,6,2,51,0,1,0.15,1.03,13,0,0.0,1,0,0,32,30,2,0,0,,38,63.33,0,0,1,82,27,2,0,18,1620,0,21.0,0,0,0,1,0.0,0,0,0,0,105,0,0,6.78,0,0,0,0,0,0,0,0,0.0,0.0,0,11,0,5,3,7,70.0,0,22,11,50.0,2,24,10,0,93,64.58,41,329,622,951,122.0,11,0,1202,9,4,0,Jon Martin,Real Sociedad,1466116,2824,spain,2526,20260326
22,10,25.0,134,18,36.73,264,217,481,80.57,5,31.25,11,21,1,0,0,0,66,2,1,2,5,27,20,0,0,6,17,54,0,2,1.21,0.38,11,0,20.0,0,2,3,13,8,5,0,2,,41,48.81,0,0,0,116,13,14,0,11,1050,2,4.0,0,0,0,0,0.0,0,0,0,0,211,5,0,6.78,0,2,0,0,0,0,0,0,525.0,0.0,0,1,9,5,3,11,52.38,0,27,15,55.56,14,47,21,40,46,46.0,49,332,265,597,135.5,10,0,907,3,3,0,Nahuel Molina,Atlético Madrid,831799,2836,spain,2526,20260326
14,10,27.78,111,22,61.11,211,189,400,84.57,13,59.09,9,18,3,0,0,0,48,3,0,6,0,20,18,0,0,8,8,41,0,0,1.57,0.74,12,0,0.0,0,0,3,17,16,1,0,0,,35,52.24,0,0,0,73,7,13,0,12,1040,3,2.0,0,0,0,0,0.0,0,0,0,0,139,5,0,6.77,0,0,0,0,0,0,0,0,0.0,0.0,0,3,12,7,2,9,64.29,0,15,8,53.33,13,28,14,36,48,53.93,36,263,210,473,121.9,15,0,671,11,3,0,Filip Ugrinić,Valencia,857482,2828,spain,2526,20260326
26,0,0.0,195,33,54.1,481,495,976,86.6,25,44.64,31,25,3,0,0,0,115,2,0,5,1,36,25,0,0,15,24,100,0,3,0.5,0.7,26,0,9.09,0,1,4,34,31,3,1,0,,67,49.26,0,0,0,151,32,15,0,22,1912,0,9.0,0,0,0,0,0.0,0,0,0,0,197,8,0,6.77,0,1,0,0,0,0,0,0,1912.0,0.0,0,3,8,5,1,8,66.67,0,39,25,64.1,15,46,12,4,92,47.92,61,586,541,1127,169.3,11,0,1395,20,6,0,Jon Gorrotxategi,Real Sociedad,1216309,2824,spain,2526,20260326
7,2,18.18,104,5,71.43,163,75,238,67.42,77,58.33,55,28,0,0,0,0,27,2,12,9,0,18,28,0,1,24,4,124,0,0,0.84,7.4,24,0,18.87,0,10,10,19,14,5,10,0,,33,32.35,4,0,3,115,0,10,4,17,1563,7,2.0,0,0,0,1,0.0,0,0,0,0,215,4,0,6.77,1,2,0,0,0,0,0,0,156.3,0.0,0,50,3,16,28,9,33.33,0,12,6,50.0,10,10,27,11,110,47.01,7,253,100,353,189.6,53,2,599,12,4,0,Alexander Sørloth,Atlético Madrid,309078,2836,spain,2526,20260326
38,1,25.0,93,63,47.37,292,518,810,86.54,41,62.12,25,21,0,0,0,0,70,1,0,0,2,101,21,0,0,3,11,54,0,1,0.3,0.3,14,0,0.0,0,0,0,29,27,2,0,0,,44,60.27,0,0,0,126,11,5,0,20,1725,1,21.0,0,0,0,2,0.0,0,0,0,0,146,2,0,6.77,1,0,0,0,0,0,0,0,0.0,0.0,0,4,0,3,1,2,66.67,0,36,16,44.44,5,93,3,4,85,61.15,133,384,552,936,142.2,4,0,1179,7,4,1,Jon Pacheco,Deportivo Alavés,934383,2885,spain,2526,20260326
5,0,0.0,20,19,51.35,92,169,261,87.0,11,52.38,10,7,0,0,0,0,27,0,1,2,3,28,7,0,0,0,6,22,0,0,0.08,0.21,6,0,0.0,0,0,0,6,6,0,0,0,,18,60.0,0,0,1,39,6,0,0,7,592,0,5.0,0,0,0,0,0.0,0,0,0,0,53,2,0,6.77,0,0,0,0,0,0,0,0,0.0,0.0,0,3,2,3,0,0,0.0,0,15,8,53.33,0,17,1,2,29,56.86,37,114,186,300,47.4,5,0,417,4,2,0,Unai Núñez,Valencia,892521,2828,spain,2526,20260326
38,0,0.0,72,57,50.44,283,453,736,87.1,28,62.22,17,17,0,0,0,0,61,1,1,2,3,70,17,0,0,1,4,40,0,2,0.51,1.01,18,0,8.33,6,1,1,21,15,6,1,0,,30,56.6,1,0,0,109,26,3,0,16,1449,0,4.0,0,0,0,0,0.0,0,0,0,0,121,0,0,6.77,0,0,0,0,0,0,0,0,1449.0,0.0,0,9,3,7,3,2,100.0,0,21,12,57.14,3,69,2,1,58,59.18,113,363,482,845,115.1,12,1,1030,7,4,0,Aitor Paredes,Athletic Club,959872,2825,spain,2526,20260326
4,1,10.0,117,4,44.44,201,70,271,73.44,30,30.61,68,23,1,0,0,0,59,5,8,12,2,15,23,0,0,60,12,223,0,0,1.61,7.96,50,1,16.67,0,9,10,29,27,2,8,1,,100,39.22,2,0,0,98,7,23,0,19,1758,9,5.0,0,0,2,0,100.0,0,2,0,0,313,19,0,6.77,1,7,0,0,0,0,0,0,195.33,20.0,5,41,13,24,18,36,49.32,0,32,22,68.75,23,9,73,10,130,36.83,9,283,86,369,155.7,54,2,856,32,2,1,Lucas Boyé,Deportivo Alavés,814385,2885,spain,2526,20260326
2,17,19.77,178,3,30.0,302,101,403,80.6,13,31.71,28,29,2,0,0,0,77,2,8,18,3,18,29,0,0,51,18,213,0,0,2.3,5.14,29,0,7.14,0,5,7,26,23,3,4,1,,124,40.13,2,0,1,97,8,22,1,27,2279,4,0.0,0,0,0,0,0.0,0,0,0,0,393,20,0,6.77,0,2,0,0,0,0,0,0,455.8,0.0,0,50,20,25,27,63,40.91,0,19,13,68.42,22,14,154,86,137,39.14,10,378,122,500,196.3,70,0,1130,43,3,0,Victor Muñoz,Osasuna,1145642,2820,spain,2526,20260326
27,0,0.0,214,47,47.0,559,686,1245,90.48,20,43.48,26,25,1,0,0,0,53,1,1,2,5,76,25,0,0,10,16,80,1,3,0.69,0.53,26,0,0.0,0,0,1,24,21,3,0,0,,60,52.63,0,0,0,131,19,8,0,20,1886,1,11.0,0,0,0,1,0.0,0,0,0,0,167,2,0,6.77,0,0,0,0,0,0,0,0,0.0,0.0,0,7,3,6,2,6,60.0,0,30,20,66.67,8,50,10,1,80,50.0,100,632,744,1376,169.2,10,0,1684,25,4,0,Javi Rodríguez,Celta Vigo,1526627,2821,spain,2526,20260326
42,0,0.0,79,70,61.95,234,329,563,88.11,15,48.39,16,12,0,0,0,0,34,1,0,1,4,43,12,0,0,1,3,34,1,0,0.25,0.2,16,0,0.0,5,0,0,9,9,0,0,0,,14,43.75,0,0,0,76,14,3,0,12,930,0,5.0,0,0,0,0,0.0,0,0,0,0,85,0,0,6.77,1,0,0,0,0,0,0,0,0.0,0.0,0,2,1,2,0,2,100.0,0,9,5,55.56,3,62,2,2,29,46.03,113,282,357,639,81.2,3,0,740,4,2,1,Clément Lenglet,Atlético Madrid,580550,2836,spain,2526,20260326
15,8,33.33,102,21,40.38,189,128,317,76.39,11,61.11,7,22,0,0,0,0,59,0,0,1,3,42,22,0,1,11,16,62,0,0,0.86,0.63,16,0,9.09,0,1,1,20,15,5,0,1,,60,52.17,0,0,0,98,15,9,1,15,1435,1,5.0,0,0,0,0,0.0,0,0,0,1,199,2,0,6.76,1,0,0,0,0,0,0,0,1435.0,0.0,0,5,6,7,3,13,52.0,0,30,11,36.67,9,38,25,24,71,53.38,52,253,162,415,148.8,11,1,797,17,5,0,Abel Bretones,Osasuna,1010165,2820,spain,2526,20260326
13,0,0.0,88,13,48.15,150,117,267,71.97,16,50.0,16,26,2,0,0,0,37,3,6,7,0,15,26,0,0,23,7,84,0,1,1.46,8.95,30,0,26.83,0,11,13,21,20,1,9,2,,38,35.85,1,0,0,104,0,17,5,17,1508,18,4.0,0,0,3,0,100.0,0,3,0,2,197,7,0,6.76,0,5,0,0,0,0,0,0,137.09,0.0,0,28,13,12,22,11,52.38,0,6,4,66.67,17,24,21,2,54,39.13,27,228,143,371,175.8,41,1,595,21,6,0,Borja Iglesias,Celta Vigo,785989,2821,spain,2526,20260326
11,2,40.0,91,13,52.0,198,279,477,86.1,23,54.76,19,19,0,0,0,0,54,0,1,2,2,34,18,0,0,6,17,57,0,2,0.46,0.8,12,0,11.11,0,1,1,25,25,0,1,0,,43,53.09,0,0,0,77,12,6,1,15,1339,1,7.0,0,0,0,1,0.0,0,0,0,0,114,2,0,6.76,0,0,0,0,0,0,0,0,1339.0,0.0,0,6,3,3,4,4,50.0,0,36,25,69.44,6,19,8,5,66,53.66,25,246,308,554,121.7,9,1,744,3,2,0,Leander Dendoncker,Real Oviedo,190405,2851,spain,2526,20260326
35,11,23.91,155,54,50.94,331,364,695,86.44,7,53.85,6,21,3,0,0,0,72,2,1,8,3,14,20,0,0,9,13,60,0,3,1.21,0.73,26,0,0.0,0,0,3,10,10,0,0,0,,42,43.75,0,0,1,109,16,26,0,15,1223,1,3.0,0,0,0,0,0.0,0,0,0,0,180,5,0,6.76,1,0,0,0,0,0,0,0,0.0,0.0,1,5,12,5,4,10,58.82,0,22,12,54.55,26,55,17,46,49,44.95,106,418,386,804,135.2,17,0,1017,10,4,1,Unai López,Rayo Vallecano,588566,2818,spain,2526,20260326
22,0,0.0,132,33,41.25,300,304,604,75.78,78,75.73,25,26,1,0,0,0,94,1,1,3,2,41,25,0,0,7,9,69,0,2,0.66,1.15,28,0,0.0,0,0,1,28,22,6,0,0,,60,57.69,0,0,1,193,23,10,0,25,1847,0,3.0,0,0,0,0,0.0,0,0,0,0,233,3,0,6.76,0,0,0,0,0,0,0,0,0.0,0.0,0,10,9,11,5,7,63.64,0,30,14,46.67,10,47,11,1,138,66.67,80,446,351,797,169.0,19,0,1032,25,6,0,Lucas Torró,Osasuna,187313,2820,spain,2526,20260326
6,7,30.43,43,13,34.21,98,81,179,76.5,9,42.86,12,14,1,0,0,0,35,2,0,0,1,16,14,0,0,2,7,29,1,0,1.01,0.05,5,0,0.0,0,0,1,6,6,0,0,0,,24,58.54,0,0,0,55,9,6,0,4,509,0,4.0,0,0,0,2,0.0,0,0,0,0,104,1,0,6.76,0,0,0,0,0,0,0,0,0.0,0.0,0,1,2,3,0,11,73.33,0,5,5,100.0,6,20,15,23,33,53.23,38,140,94,234,94.6,3,0,409,9,2,0,Rubén Sánchez,Espanyol,1021165,2814,spain,2526,20260326
30,3,17.65,85,63,45.32,325,616,941,86.65,34,46.58,39,27,0,0,0,0,78,1,1,3,3,128,27,0,0,5,12,90,1,1,0.38,0.95,22,0,6.25,0,1,1,38,35,3,1,0,,81,61.36,0,0,1,145,33,6,1,27,2429,3,21.0,0,0,0,0,0.0,0,0,0,1,206,3,0,6.76,0,0,0,0,0,0,0,0,2429.0,0.0,0,14,2,9,4,9,42.86,0,45,32,71.11,6,63,21,17,115,56.1,139,429,657,1086,182.4,16,1,1536,27,2,0,Nahuel Tenaglia,Deportivo Alavés,896073,2885,spain,2526,20260326
17,4,12.5,92,19,35.85,167,137,304,70.37,14,50.0,14,22,0,0,0,0,65,3,3,4,1,25,20,0,0,9,29,73,0,2,1.82,1.48,16,0,13.33,0,2,2,17,15,2,1,1,,66,52.8,0,0,0,128,11,10,2,10,1055,7,4.0,0,0,0,1,0.0,0,0,0,0,211,4,0,6.76,0,0,0,0,0,0,0,0,527.5,0.0,0,9,6,4,7,11,61.11,0,34,21,61.76,10,40,18,32,80,52.29,53,263,169,432,135.1,15,0,764,21,2,0,Alfonso Espino,Rayo Vallecano,542634,2818,spain,2526,20260326
19,6,40.0,79,29,40.28,134,187,321,79.85,8,61.54,5,17,1,0,0,0,24,1,1,2,0,36,17,0,1,2,4,20,0,0,0.88,0.5,8,0,0.0,0,0,1,13,8,5,0,0,,30,66.67,0,0,0,81,8,8,0,6,632,0,2.0,0,0,0,0,0.0,0,0,0,0,101,1,0,6.75,1,0,0,0,0,0,0,0,0.0,0.0,0,4,3,1,4,5,83.33,0,13,9,69.23,8,40,6,15,38,65.52,72,189,213,402,114.8,7,0,551,12,1,0,Alejandro Francés,Girona FC,1002347,24264,spain,2526,20260326
7,5,21.74,282,15,57.69,523,359,882,91.78,9,50.0,9,21,2,0,0,0,78,4,0,1,3,21,21,0,0,17,5,55,0,1,1.95,0.3,12,0,0.0,0,0,2,18,17,1,0,0,,72,61.02,0,0,0,79,5,22,0,18,1519,4,9.0,0,1,0,1,0.0,0,0,0,1,160,9,0,6.75,0,0,0,0,0,0,0,0,0.0,0.0,0,5,3,6,1,20,60.61,0,30,19,63.33,21,22,33,23,81,59.56,26,570,391,961,141.8,8,0,1311,22,2,0,Alejandro Balde,Barcelona,997035,2817,spain,2526,20260326
3,2,14.29,26,3,17.65,48,30,78,70.27,5,50.0,5,4,0,0,0,0,22,1,0,1,0,5,4,0,0,6,5,28,0,0,0.34,0.44,9,0,25.0,1,1,1,4,3,1,1,0,,13,36.11,1,0,0,33,3,3,0,4,316,1,2.0,0,0,0,0,0.0,0,0,0,0,66,1,0,6.75,0,0,0,0,0,0,0,0,316.0,0.0,0,3,1,2,1,4,50.0,0,6,4,66.67,3,7,8,14,18,39.13,17,74,37,111,27.0,4,0,188,3,1,0,Tete Morente,Elche,605374,2846,spain,2526,20260326
2,0,0.0,3,2,100.0,5,1,6,60.0,1,100.0,0,2,0,0,0,0,2,0,0,0,0,1,2,0,0,1,0,1,0,0,0.02,,0,0,0.0,0,0,0,1,0,1,0,0,,2,66.67,0,0,0,4,0,0,0,0,16,0,,0,0,0,0,0.0,0,0,0,0,5,0,0,6.75,0,0,0,0,0,0,0,0,0.0,0.0,0,0,0,0,0,1,100.0,0,0,0,0.0,0,2,1,0,3,75.0,2,7,3,10,13.5,0,0,16,1,0,0,Jan Salas,Mallorca,1905699,2826,spain,2526,20260326
12,5,33.33,68,15,30.0,151,137,288,79.56,7,63.64,4,15,1,0,0,0,46,2,2,3,1,29,15,0,0,2,10,33,0,0,1.09,0.92,10,0,0.0,0,0,1,21,19,2,0,0,,58,66.67,0,0,0,74,15,8,0,10,968,2,4.0,0,0,0,1,0.0,0,0,0,0,125,2,0,6.75,0,0,0,0,0,0,0,0,0.0,0.0,0,4,4,3,2,11,57.89,0,44,28,63.64,8,29,19,15,65,66.33,50,198,164,362,101.2,8,0,649,3,2,0,Lucas Ahijado,Real Oviedo,597876,2851,spain,2526,20260326
17,5,17.24,117,19,52.78,197,128,325,73.53,21,44.68,26,26,0,0,0,0,58,4,6,9,1,12,26,0,1,23,27,104,0,0,2.13,6.31,20,0,11.32,0,6,6,19,18,1,6,0,,61,43.88,3,0,0,117,13,30,3,21,1647,9,3.0,0,0,0,0,0.0,0,0,0,0,213,14,0,6.75,1,0,0,0,0,0,0,0,274.5,0.0,7,33,20,25,19,7,41.18,0,28,17,60.71,30,34,17,29,82,44.09,36,290,152,442,175.4,53,0,755,29,5,0,Pere Milla,Espanyol,175185,2814,spain,2526,20260326
12,10,13.16,135,22,39.29,219,99,318,67.23,12,30.77,27,29,4,0,0,0,69,12,7,12,1,26,29,0,0,6,16,78,0,0,4.37,6.22,18,0,9.09,0,4,8,25,23,2,4,0,,40,43.96,0,0,0,155,13,36,3,20,1899,13,2.0,0,1,0,0,0.0,0,0,0,1,280,10,0,6.74,0,1,0,0,0,0,0,0,474.75,0.0,0,32,12,15,17,3,21.43,0,26,15,57.69,35,27,14,76,52,40.0,56,342,131,473,195.6,44,0,802,12,3,0,Álvaro García,Rayo Vallecano,345111,2818,spain,2526,20260326
7,2,33.33,36,6,85.71,79,45,124,69.66,32,54.24,27,27,0,0,0,0,21,0,5,3,1,9,27,0,1,13,1,64,0,0,1.03,5.18,8,1,18.52,0,5,5,14,10,4,4,1,,36,49.32,0,0,0,54,7,7,0,5,786,5,1.0,0,0,0,0,0.0,0,0,0,0,113,6,0,6.74,1,5,0,0,0,0,0,0,157.2,100.0,1,25,2,8,16,11,42.31,0,14,12,85.71,7,11,26,6,68,51.52,7,125,53,178,182.1,27,0,341,11,1,0,Raúl García de Haro,Osasuna,997280,2820,spain,2526,20260326
10,1,50.0,39,38,48.1,139,427,566,88.85,25,56.82,19,16,1,0,0,0,47,0,0,1,2,70,16,0,0,2,5,46,0,0,0.18,0.13,20,0,0.0,6,0,1,20,18,2,0,0,,28,50.91,0,0,0,71,10,3,0,13,1120,1,5.0,0,0,0,0,0.0,0,0,0,0,86,0,0,6.74,0,0,0,0,0,0,0,0,0.0,0.0,0,1,2,1,1,1,100.0,0,23,10,43.48,3,30,1,2,53,53.54,79,190,447,637,107.9,3,1,803,5,4,0,Clemens Riedel,Espanyol,1129360,2814,spain,2526,20260326
24,1,25.0,143,26,60.47,297,272,569,90.17,11,64.71,6,23,0,0,0,0,71,1,0,2,0,15,23,0,0,9,15,45,0,0,0.9,0.66,14,0,16.67,0,1,1,23,20,3,1,0,,51,56.67,0,0,0,62,11,13,0,14,1145,0,2.0,0,0,0,0,0.0,0,0,0,0,91,3,0,6.74,1,1,0,0,0,0,0,0,1145.0,0.0,0,3,3,2,2,4,57.14,0,40,20,50.0,13,34,7,4,62,57.94,43,339,292,631,155.1,6,0,788,7,2,1,Manu Morlanes,Mallorca,826004,2826,spain,2526,20260326
35,26,28.57,260,41,58.57,409,251,660,82.4,18,39.13,28,28,3,0,0,1,87,8,5,13,0,20,28,0,0,35,19,133,0,1,3.63,4.88,32,0,7.14,0,3,6,26,24,2,3,0,,96,47.76,0,0,3,141,3,34,3,24,2038,5,5.0,0,0,3,0,66.67,0,2,0,0,326,8,0,6.74,0,0,0,0,0,0,0,0,679.33,0.0,2,16,26,16,13,22,50.0,0,28,14,50.0,34,59,44,91,114,46.15,70,525,276,801,188.8,42,0,1275,47,9,0,Isi Palazón,Rayo Vallecano,899982,2818,spain,2526,20260326
24,29,24.17,193,21,47.73,318,193,511,79.35,2,11.76,15,28,5,0,0,0,75,5,0,17,4,25,28,0,0,20,24,92,0,0,3.31,1.78,7,0,6.06,0,2,7,29,25,4,2,0,,73,48.67,0,0,0,133,14,29,2,23,1963,4,0.0,0,0,0,0,0.0,0,0,0,0,303,13,0,6.74,0,0,0,0,0,0,0,0,981.5,0.0,2,19,14,12,4,27,50.94,0,22,16,72.73,29,48,53,120,75,44.91,44,424,220,644,188.8,33,0,1057,24,1,0,Luis Rioja,Valencia,900433,2828,spain,2526,20260326
15,2,100.0,152,14,48.28,402,311,713,91.18,6,60.0,4,19,1,0,0,0,37,0,0,8,3,6,17,0,0,5,7,40,0,0,0.62,0.48,21,0,0.0,0,0,1,7,6,1,0,0,,35,49.3,0,0,1,69,7,10,0,9,865,0,3.0,0,0,0,0,0.0,0,0,0,0,92,1,0,6.74,0,0,0,0,0,0,0,0,0.0,0.0,0,3,6,1,0,2,33.33,0,16,8,50.0,10,34,6,2,41,50.62,29,450,332,782,114.6,9,0,912,17,0,0,Marc Casadó,Barcelona,1000483,2817,spain,2526,20260326
5,9,26.47,67,3,60.0,116,61,177,85.92,0,0.0,2,16,1,0,0,0,11,3,3,2,0,2,13,0,0,4,0,20,0,1,1.17,1.21,2,0,6.25,0,1,2,6,6,0,1,0,,22,55.0,0,0,0,29,0,12,0,4,404,0,0.0,0,1,0,0,0.0,0,0,0,0,78,2,0,6.74,0,1,0,0,0,0,0,0,404.0,0.0,0,10,6,4,10,16,57.14,0,3,2,66.67,11,10,28,34,22,52.38,5,140,66,206,87.6,16,0,317,3,0,0,Roony Bardghji,Barcelona,1162107,2817,spain,2526,20260326
24,11,20.37,92,17,35.42,179,121,300,73.71,22,66.67,11,24,2,0,0,0,55,3,3,7,1,17,24,0,1,13,16,65,0,0,1.49,1.18,16,0,5.88,0,1,3,19,16,3,0,1,,42,43.75,0,0,1,107,10,16,1,9,989,0,8.0,0,0,0,0,0.0,0,0,0,0,188,7,0,6.74,1,0,0,0,0,0,0,0,989.0,0.0,1,7,10,4,6,6,40.0,0,19,9,47.37,16,46,15,54,64,49.61,48,261,146,407,161.7,17,0,635,17,3,0,Jon Ander Olasagasti,Levante UD,1010383,2849,spain,2526,20260326
3,5,26.32,41,9,34.62,96,112,208,83.2,1,14.29,6,13,0,0,0,0,29,1,0,1,0,16,11,0,0,5,8,37,0,0,0.81,0.04,9,0,0.0,0,0,0,9,7,2,0,0,,43,58.11,0,0,0,42,3,6,0,7,582,0,4.0,0,0,0,0,0.0,0,0,0,0,90,0,0,6.74,0,0,0,0,0,0,0,0,0.0,0.0,0,0,1,0,0,7,41.18,0,27,18,66.67,6,9,17,19,44,54.32,26,117,133,250,74.1,1,0,427,9,1,0,Angel Ortiz,Real Betis,1152139,2816,spain,2526,20260326
5,15,26.32,85,7,87.5,131,51,182,88.35,0,0.0,4,15,2,0,0,0,23,3,0,1,0,4,14,0,0,1,2,17,0,0,1.88,0.26,5,0,0.0,0,0,2,7,5,2,0,0,,17,56.67,0,0,0,24,3,16,0,4,495,1,1.0,0,0,0,0,0.0,0,0,0,0,80,2,0,6.74,0,0,0,0,0,0,0,0,0.0,0.0,0,2,1,1,1,5,50.0,0,7,5,71.43,16,9,10,57,17,50.0,8,154,52,206,94.3,3,0,332,5,2,0,Josan,Elche,808955,2846,spain,2526,20260326
19,16,29.09,138,26,70.27,258,140,398,83.26,4,20.0,16,26,2,0,0,0,40,1,1,3,0,9,26,0,0,13,10,69,0,1,1.96,0.87,20,0,25.0,0,3,5,21,18,3,1,2,,42,44.21,0,0,0,80,7,22,2,11,1007,1,2.0,0,0,0,0,0.0,0,0,0,0,170,4,0,6.73,0,1,0,0,0,0,0,0,335.67,0.0,0,3,9,2,7,6,35.29,0,11,8,72.73,22,35,17,55,46,40.0,37,314,164,478,175.1,12,1,695,25,3,0,Pablo Torre,Mallorca,1082981,2826,spain,2526,20260326
8,10,27.78,101,17,50.0,161,98,259,71.15,13,48.15,14,15,4,0,0,0,56,3,0,10,0,6,15,0,0,12,5,51,0,1,1.29,2.2,8,0,12.5,0,3,7,20,17,3,2,1,,31,45.59,0,0,0,105,6,12,2,12,994,6,1.0,0,0,1,0,100.0,0,1,0,0,198,9,0,6.73,0,1,0,0,0,0,0,0,331.33,0.0,1,15,9,8,6,12,46.15,0,10,9,90.0,12,23,26,36,44,46.32,34,240,124,364,101.0,24,0,567,9,1,0,Ruben Vargas,Sevilla,872919,2833,spain,2526,20260326
7,0,0.0,62,7,70.0,126,109,235,72.53,35,30.17,81,28,0,0,0,0,34,2,4,4,1,18,28,0,0,7,12,126,0,0,0.79,6.78,16,0,32.14,0,9,9,24,22,2,9,0,,44,49.44,3,0,1,89,3,15,5,17,1563,5,6.0,0,0,1,0,100.0,0,1,0,1,148,5,0,6.73,0,1,0,0,0,0,0,0,173.67,0.0,0,28,0,12,12,3,20.0,0,12,7,58.33,15,9,15,0,79,38.54,10,192,132,324,188.5,28,0,531,29,5,0,Hugo Duro,Valencia,909119,2828,spain,2526,20260326
5,1,6.67,76,7,43.75,136,65,201,65.26,73,52.9,65,28,1,0,0,0,40,4,9,7,0,17,28,0,0,18,8,125,1,0,2.15,6.28,27,0,12.77,0,6,7,21,18,3,6,0,,52,46.43,1,0,0,107,5,18,1,13,1336,21,1.0,0,0,1,0,100.0,0,1,0,0,202,15,0,6.73,0,4,0,0,0,0,0,0,222.67,0.0,0,42,5,19,21,9,42.86,0,10,6,60.0,18,16,21,15,125,50.0,16,230,78,308,188.5,47,2,586,34,3,0,Kike García,Espanyol,84972,2814,spain,2526,20260326
9,9,33.33,134,7,58.33,261,74,335,90.3,4,40.0,6,16,0,0,0,0,32,4,3,5,1,1,16,0,1,21,14,83,0,1,2.16,2.17,16,0,4.35,0,1,1,6,4,2,1,0,,57,42.54,0,0,2,36,2,11,0,9,784,0,0.0,0,0,0,0,0.0,0,0,0,0,134,8,0,6.73,1,1,0,0,0,0,0,0,784.0,0.0,1,14,9,13,5,16,36.36,0,20,12,60.0,11,16,44,27,61,42.36,12,292,79,371,107.7,23,0,604,21,4,0,Franco Mastantuono,Real Madrid,1403559,2829,spain,2526,20260326
11,21,23.86,146,3,27.27,262,129,391,83.73,9,33.33,18,28,4,0,0,0,78,6,2,11,1,9,28,0,0,28,18,125,0,0,3.32,2.19,29,0,3.45,0,1,5,32,28,4,1,0,,113,51.36,0,0,0,76,14,25,0,22,1914,5,0.0,0,0,0,0,0.0,0,0,0,2,297,13,0,6.73,1,1,0,0,0,0,0,0,1914.0,0.0,0,16,13,9,9,26,39.39,0,47,30,63.83,25,23,66,88,122,49.39,11,318,149,467,188.4,29,0,957,40,4,1,Tyrhys Dolan,Espanyol,1063015,2814,spain,2526,20260326
13,7,33.33,174,21,43.75,348,233,581,86.72,3,30.0,7,22,1,0,0,0,74,2,2,2,1,8,22,0,0,15,19,80,0,0,1.15,0.83,18,0,16.67,0,1,2,16,15,1,1,0,,59,44.7,0,0,1,89,6,15,0,11,1077,0,3.0,0,0,0,0,0.0,0,0,0,0,159,6,0,6.73,0,1,0,0,0,0,0,0,1077.0,0.0,0,4,2,1,3,20,48.78,0,19,10,52.63,15,31,41,21,62,43.66,48,418,252,670,148.0,6,0,864,20,5,0,Denis Suárez,Deportivo Alavés,138383,2885,spain,2526,20260326
37,27,32.14,193,33,55.0,359,287,646,83.9,7,29.17,17,21,1,0,0,0,87,4,0,1,3,36,21,0,0,15,21,84,1,1,2.86,0.42,24,0,0.0,0,0,1,30,27,3,0,0,,89,57.05,0,0,0,124,19,33,0,19,1564,2,4.0,0,0,0,1,0.0,0,0,0,0,277,6,0,6.72,0,0,0,0,0,0,0,0,0.0,0.0,0,4,0,1,2,13,56.52,0,66,54,81.82,33,58,23,84,96,53.33,60,452,318,770,141.2,4,0,1256,10,6,0,Gabriel Suazo,Sevilla,818986,2833,spain,2526,20260326
11,1,25.0,68,17,68.0,142,116,258,85.71,6,40.0,9,13,0,0,0,0,35,0,0,1,0,15,13,0,0,4,11,42,0,0,0.22,0.28,15,0,0.0,0,0,0,7,6,1,0,0,,26,44.07,0,0,0,43,8,3,0,5,667,1,1.0,0,0,0,0,0.0,0,0,0,0,58,5,0,6.72,0,0,0,0,0,0,0,0,0.0,0.0,0,1,6,3,3,3,50.0,0,10,7,70.0,3,19,6,4,32,43.24,25,175,126,301,87.4,7,0,400,13,3,0,Iker Muñoz,Osasuna,1119586,2820,spain,2526,20260326
2,2,28.57,25,7,58.33,63,35,98,85.22,5,62.5,3,9,2,0,0,0,14,0,1,5,0,6,9,0,0,5,3,23,0,0,0.18,0.55,4,0,10.0,0,1,3,4,3,1,1,0,,16,44.44,0,0,0,17,5,4,0,5,328,1,1.0,0,0,0,0,0.0,0,0,0,0,44,3,0,6.72,0,1,0,0,0,0,0,0,328.0,0.0,0,5,5,1,4,8,50.0,0,8,2,25.0,4,5,16,7,21,47.73,12,76,39,115,60.5,10,0,210,0,0,0,Hector Fort,Elche,1402908,2846,spain,2526,20260326
31,0,0.0,48,45,38.14,196,655,851,85.7,40,52.63,36,23,0,0,0,0,60,0,0,2,6,132,23,0,0,2,5,69,2,0,0.1,0.26,26,0,0.0,25,0,0,28,23,5,0,0,,45,57.69,0,0,0,142,18,2,0,20,1787,0,18.0,1,0,0,1,0.0,0,0,0,0,158,0,0,6.72,0,0,0,0,0,0,0,0,0.0,0.0,0,6,1,4,1,8,88.89,0,31,17,54.84,2,57,9,0,85,55.19,118,283,710,993,154.6,7,0,1276,6,6,0,César Tárrega,Valencia,996928,2828,spain,2526,20260326
44,5,25.0,247,53,50.48,568,679,1247,86.24,25,59.52,17,28,0,0,0,0,131,2,2,1,3,51,28,0,0,28,27,104,0,2,1.55,0.45,29,0,0.0,0,0,0,39,36,3,0,0,,102,53.97,0,0,1,199,35,13,0,28,2458,1,10.0,0,0,0,0,0.0,0,0,0,0,312,10,0,6.72,0,0,0,0,0,0,0,0,0.0,0.0,0,4,3,4,2,22,75.86,0,57,35,61.4,13,78,29,20,127,54.98,105,698,748,1446,188.2,7,0,2056,23,5,0,Jonny Otto,Deportivo Alavés,235648,2885,spain,2526,20260326
5,11,29.73,54,11,84.62,79,50,129,85.43,2,28.57,5,15,0,0,0,0,26,2,0,5,0,4,15,0,0,10,2,36,0,0,1.4,0.58,10,0,0.0,0,0,0,14,13,1,0,0,,29,48.33,0,0,0,22,5,12,0,6,605,5,1.0,0,0,0,0,0.0,0,0,0,1,91,4,0,6.72,0,0,0,0,0,0,0,0,0.0,0.0,1,5,10,5,5,13,59.09,0,8,3,37.5,12,9,22,37,31,46.27,13,94,57,151,100.8,15,0,306,8,0,0,Yáser Asprilla,Girona FC,1092769,24264,spain,2526,20260326
4,1,12.5,40,9,52.94,76,70,146,84.88,3,37.5,5,11,0,0,0,0,14,0,1,0,0,4,10,0,0,0,1,14,0,0,0.25,0.33,6,0,0.0,0,0,0,5,4,1,0,0,,14,60.87,0,0,0,26,4,2,0,3,343,0,3.0,0,0,0,0,0.0,0,0,0,0,42,0,0,6.72,0,0,0,0,0,0,0,0,0.0,0.0,0,1,1,2,0,3,60.0,0,8,5,62.5,2,7,5,8,17,54.84,17,99,73,172,67.2,2,0,259,3,2,0,Iván Balliu,Rayo Vallecano,152446,2818,spain,2526,20260326
7,11,16.67,90,11,64.71,143,78,221,79.21,6,42.86,8,22,1,0,0,0,53,6,3,7,0,9,21,0,0,14,14,85,0,0,1.98,2.05,26,0,3.7,0,1,2,9,8,1,1,0,,55,41.67,0,0,1,58,8,19,0,8,879,3,0.0,0,0,0,0,0.0,0,0,0,0,181,4,0,6.72,0,1,0,0,0,0,0,0,879.0,0.0,1,15,12,11,9,10,29.41,0,26,10,38.46,19,13,34,66,61,41.78,17,192,87,279,141.1,27,1,556,19,4,0,Abderrahman Rebbach,Deportivo Alavés,1082968,2885,spain,2526,20260326
4,4,25.0,38,3,21.43,78,48,126,72.41,2,16.67,10,17,1,0,0,0,23,1,2,2,0,5,17,0,0,4,7,32,0,0,0.69,1.69,5,0,23.08,0,3,4,9,9,0,2,1,,17,43.59,0,0,0,48,9,9,0,8,651,2,2.0,0,0,0,0,0.0,0,0,0,0,84,3,0,6.72,0,3,0,0,0,0,0,0,217.0,0.0,0,8,5,7,4,4,36.36,0,8,8,100.0,9,12,11,16,19,37.25,14,111,63,174,114.2,13,0,281,5,1,0,Iker Losada,Levante UD,992331,2849,spain,2526,20260326
4,2,8.0,110,3,42.86,166,69,235,83.04,4,23.53,13,24,1,0,0,0,48,1,3,14,0,11,24,0,1,20,9,91,0,1,1.0,2.39,11,0,5.88,0,2,3,20,17,3,1,1,,78,50.0,0,0,0,48,2,10,0,11,1040,3,1.0,0,0,0,0,0.0,0,0,0,0,173,3,0,6.72,1,2,0,0,0,0,0,0,520.0,0.0,0,21,13,9,11,29,42.65,0,19,9,47.37,10,7,68,25,82,47.4,7,200,83,283,161.2,34,1,582,30,3,0,Joel Roca,Girona FC,1391616,24264,spain,2526,20260326
42,15,34.88,141,45,34.88,343,459,802,81.5,18,42.86,24,27,2,0,0,0,72,3,0,0,5,60,27,0,0,3,19,76,1,0,1.83,0.01,31,0,0.0,0,0,2,36,30,6,0,0,,79,60.31,0,0,0,182,28,13,0,24,2097,1,10.0,0,0,0,1,0.0,0,0,0,0,268,1,0,6.71,0,0,0,0,0,0,0,0,0.0,0.0,0,0,1,1,0,6,85.71,0,55,41,74.55,13,94,7,43,97,56.07,129,463,521,984,181.3,1,0,1512,19,5,0,Omar El Hilali,Espanyol,1064026,2814,spain,2526,20260326
11,0,0.0,52,17,60.71,119,93,212,80.61,11,50.0,11,14,1,0,0,0,25,0,1,5,0,10,14,0,0,12,4,36,0,0,0.29,1.32,3,0,13.33,0,2,3,9,9,0,2,0,,18,41.86,0,0,0,51,3,5,2,6,577,1,0.0,0,0,0,0,0.0,0,0,0,0,80,5,0,6.71,0,0,0,0,0,0,0,0,288.5,0.0,0,6,9,5,5,8,57.14,0,6,3,50.0,5,20,14,3,29,44.62,28,158,105,263,94.0,15,0,365,4,1,0,Luka Sučić,Real Sociedad,949156,2824,spain,2526,20260326
21,1,20.0,136,34,59.65,252,303,555,86.72,16,61.54,10,23,0,0,0,0,87,0,0,7,2,21,22,0,0,18,14,84,1,2,0.48,1.14,35,0,5.88,0,1,1,23,21,2,1,0,,67,47.52,0,0,1,85,15,9,1,18,1524,0,5.0,0,0,0,0,0.0,0,0,0,0,136,6,0,6.71,0,0,0,0,0,0,0,0,1524.0,0.0,0,2,15,5,5,9,56.25,0,33,22,66.67,9,43,16,5,83,49.7,57,304,336,640,147.7,17,1,872,26,6,0,Batista Mendy,Sevilla,859021,2833,spain,2526,20260326
18,0,0.0,27,44,45.83,66,157,223,71.25,17,65.38,9,16,2,0,0,0,35,3,1,1,0,49,15,0,1,2,4,40,0,1,0.37,0.3,21,0,0.0,0,0,2,12,9,3,0,0,,60,65.93,0,0,0,90,15,4,0,12,1005,1,4.0,0,0,0,0,0.0,0,0,0,0,108,1,0,6.71,1,0,0,0,0,0,0,0,0.0,0.0,0,6,1,5,1,2,33.33,0,30,17,56.67,4,46,6,1,77,65.81,96,141,172,313,100.7,7,0,508,28,7,0,Abdelkabir Abqar,Getafe,1101232,2859,spain,2526,20260326
27,0,0.0,34,42,40.78,139,553,692,86.39,19,47.5,21,18,0,0,0,0,54,0,2,1,4,112,18,0,1,3,4,50,0,1,0.07,1.58,24,0,18.18,58,2,2,19,18,1,2,0,,31,51.67,2,0,0,109,17,2,0,17,1423,0,16.0,0,0,0,1,0.0,0,0,0,0,124,0,0,6.71,2,0,0,0,0,0,0,0,711.5,0.0,0,8,3,7,3,3,75.0,0,19,7,36.84,2,57,4,5,50,50.0,103,213,588,801,120.8,11,1,1052,9,4,1,Nobel Mendy,Rayo Vallecano,1458073,2818,spain,2526,20260326
13,3,16.67,122,14,73.68,206,99,305,81.55,17,34.0,33,24,0,0,0,1,36,3,9,6,2,16,24,0,0,22,6,102,0,1,1.1,7.37,37,1,13.11,0,8,8,22,17,5,7,1,,32,31.68,0,0,4,69,5,9,2,18,1613,5,1.0,0,0,2,0,50.0,0,1,0,0,157,14,0,6.7,0,6,0,0,0,0,0,0,201.63,33.33,3,44,17,24,31,5,27.78,0,12,6,50.0,9,23,18,18,49,32.45,19,252,122,374,160.9,61,2,619,15,3,0,Rafa Mir,Elche,825754,2846,spain,2526,20260326
25,5,17.24,197,21,44.68,405,292,697,85.84,19,44.19,24,28,1,0,0,0,93,1,3,13,2,24,28,0,0,38,24,150,0,1,1.11,3.76,30,0,2.56,0,1,2,25,23,2,1,0,,122,49.19,0,0,1,115,15,14,0,22,1756,2,10.0,0,0,0,0,0.0,0,0,0,0,257,10,0,6.7,0,1,0,0,0,0,0,0,1756.0,0.0,0,16,23,15,11,30,46.15,0,38,24,63.16,14,43,65,29,141,48.45,47,492,320,812,187.7,39,0,1257,54,5,0,Pablo Ibáñez,Deportivo Alavés,1084381,2885,spain,2526,20260326
27,5,20.0,185,33,62.26,395,309,704,87.89,7,30.43,16,26,1,0,0,0,68,0,0,8,4,19,26,0,0,12,24,106,0,0,1.56,0.64,51,0,6.67,0,1,2,32,27,5,0,1,,58,39.19,0,0,0,97,19,21,0,23,1801,0,5.0,0,0,0,1,0.0,0,0,0,0,153,5,0,6.7,0,1,0,0,0,0,0,0,1801.0,0.0,1,2,13,3,4,2,25.0,0,32,16,50.0,21,47,8,25,65,38.01,53,470,331,801,174.2,15,0,1034,24,7,0,Pol Lozano,Espanyol,826010,2814,spain,2526,20260326
2,4,25.0,26,5,62.5,40,24,64,76.19,6,66.67,3,5,2,0,0,0,13,2,1,0,0,2,5,0,0,5,2,18,0,0,0.49,0.36,4,0,0.0,0,0,2,5,5,0,0,0,,12,44.44,0,0,1,20,3,5,0,3,214,1,0.0,0,0,0,0,0.0,0,0,0,0,51,0,0,6.7,0,0,0,0,0,0,0,0,0.0,0.0,1,2,5,5,2,4,40.0,0,4,3,75.0,5,3,10,16,18,50.0,8,58,26,84,33.5,7,0,150,4,2,0,Cyril Ngonge,Espanyol,877037,2814,spain,2526,20260326
16,0,0.0,162,25,67.57,354,286,640,87.31,14,35.9,25,28,1,0,0,0,72,3,2,4,5,21,28,0,0,19,17,95,2,3,1.37,1.08,22,0,0.0,0,0,1,22,20,2,0,0,,115,62.16,0,0,0,93,15,13,0,19,1820,0,6.0,0,0,0,0,0.0,0,0,0,1,170,8,0,6.7,0,0,0,0,0,0,0,0,0.0,0.0,0,5,10,8,3,9,40.91,0,62,31,50.0,13,32,22,1,129,57.59,37,420,313,733,187.6,15,0,1045,44,5,0,Ilaix Moriba,Celta Vigo,962890,2821,spain,2526,20260326
7,10,23.26,38,6,24.0,79,69,148,72.55,10,52.63,9,15,1,0,0,0,39,2,1,3,0,12,15,0,0,6,4,40,0,0,0.88,0.87,8,0,0.0,0,0,1,10,8,2,0,0,,32,50.79,0,0,0,56,9,12,0,8,703,1,2.0,0,0,0,0,0.0,0,0,0,0,133,2,0,6.7,0,0,0,0,0,0,0,0,0.0,0.0,1,7,5,5,4,12,44.44,0,11,7,63.64,12,17,27,43,42,51.22,25,121,83,204,100.5,12,0,395,10,0,0,Víctor García,Levante UD,952222,2849,spain,2526,20260326
10,16,20.0,136,16,45.71,262,185,447,84.18,29,76.32,9,23,1,0,0,0,51,3,0,2,2,43,23,0,0,7,5,47,0,2,1.21,0.12,18,0,0.0,0,0,1,21,16,5,0,0,,37,49.33,0,0,0,84,17,21,0,13,1399,1,8.0,0,0,0,0,0.0,0,0,0,0,245,4,0,6.7,0,0,0,0,0,0,0,0,0.0,0.0,0,2,1,1,0,12,52.17,0,21,15,71.43,21,17,23,80,66,58.41,35,331,200,531,154.1,3,0,981,5,3,0,Jesús Areso,Athletic Club,910267,2825,spain,2526,20260326
0,0,0.0,0,0,0.0,0,0,0,0.0,0,0.0,0,1,0,0,0,0,0,0,0,0,0,0,1,0,1,0,0,0,0,0,,,0,0,0.0,0,0,0,0,0,0,0,0,,2,100.0,0,0,0,0,0,0,0,0,11,0,0.0,0,0,0,0,0.0,0,0,0,0,1,0,0,6.7,1,0,0,0,0,0,0,0,0.0,0.0,0,0,0,0,0,1,100.0,0,0,0,0.0,0,0,1,0,2,100.0,0,0,0,0,6.7,0,0,4,1,0,0,Endrick,Real Madrid,1174937,2829,spain,2526,20260326
1,1,100.0,6,1,50.0,18,14,32,94.12,0,0.0,0,1,0,0,0,0,3,0,0,0,0,1,1,0,0,1,1,5,0,0,0.01,,3,0,0.0,0,0,0,1,1,0,0,0,,7,58.33,0,0,0,2,0,1,0,1,78,0,0.0,0,0,0,0,0.0,0,0,0,0,7,0,0,6.7,0,0,0,0,0,0,0,0,0.0,0.0,0,0,0,0,0,1,100.0,0,5,3,60.0,1,1,1,1,7,58.33,2,20,14,34,6.7,0,0,55,1,0,0,Víctor Valdepeñas,Real Madrid,1901143,2829,spain,2526,20260326
1,0,0.0,4,1,100.0,6,3,9,75.0,0,0.0,1,1,0,0,0,0,3,0,0,0,0,0,1,0,0,0,0,3,0,0,0.04,,0,0,0.0,0,0,0,0,0,0,0,0,,1,33.33,0,0,0,3,0,2,0,0,25,0,0.0,0,0,0,0,0.0,0,0,0,0,9,0,0,6.7,0,0,0,0,0,0,0,0,0.0,0.0,0,0,0,0,0,0,0.0,0,1,0,0.0,2,1,2,1,1,25.0,1,8,4,12,6.7,0,0,22,0,0,0,Job Ochieng,Real Sociedad,1111081,2824,spain,2526,20260326
0,0,0.0,1,0,0.0,1,0,1,100.0,1,100.0,0,1,0,0,0,0,0,0,0,0,0,2,1,0,0,0,0,0,0,0,0.0,,0,0,0.0,0,0,0,0,0,0,0,0,,0,0.0,0,0,0,0,0,0,0,0,9,0,0.0,0,0,0,0,0.0,0,0,0,0,1,0,0,6.7,0,0,0,0,0,0,0,0,0.0,0.0,0,0,0,0,0,0,0.0,0,0,0,0.0,0,0,0,0,1,100.0,0,1,0,1,6.7,0,0,4,0,0,0,Federico Gattoni,Sevilla,941464,2833,spain,2526,20260326
0,0,0.0,1,0,0.0,3,2,5,83.33,0,0.0,0,1,0,0,0,0,1,0,0,0,0,0,1,0,0,0,0,2,0,0,0.0,,1,0,0.0,0,0,0,0,0,0,0,0,,3,60.0,0,0,0,1,0,0,0,0,17,0,0.0,0,0,0,0,0.0,0,0,0,0,4,0,0,6.7,0,0,0,0,0,0,0,0,0.0,0.0,0,0,0,0,0,0,0.0,0,2,2,100.0,0,0,1,1,3,60.0,0,4,2,6,6.7,0,0,12,1,0,0,Jano Monserrate,Atlético Madrid,1832286,2836,spain,2526,20260326
1,0,0.0,1,1,100.0,2,4,6,85.71,0,0.0,0,1,0,0,0,0,1,0,0,0,0,2,1,0,0,0,0,1,0,0,0.0,,0,0,0.0,0,0,0,0,0,0,0,0,,0,0.0,0,0,0,1,0,0,0,0,13,0,0.0,0,0,0,0,0.0,0,0,0,0,2,0,0,6.7,0,0,0,0,0,0,0,0,0.0,0.0,0,0,0,0,0,0,0.0,0,0,0,0.0,0,1,1,0,0,0.0,1,2,5,7,6.7,0,0,14,0,0,0,Omar Falah,Real Oviedo,2115056,2851,spain,2526,20260326
0,0,0.0,1,1,100.0,2,0,2,100.0,0,0.0,1,1,0,0,0,0,0,0,0,0,0,2,1,0,0,0,0,2,0,0,0.0,,1,0,0.0,0,0,0,0,0,0,0,0,,1,50.0,0,0,0,0,0,0,0,0,12,0,0.0,0,0,0,0,0.0,0,0,0,0,0,0,0,6.7,0,0,0,0,0,0,0,0,0.0,0.0,0,0,0,0,0,0,0.0,0,1,1,100.0,0,0,0,0,1,33.33,1,2,0,2,6.7,0,0,6,0,0,0,Rubén Iranzo,Valencia,1167704,2828,spain,2526,20260326
0,0,0.0,0,0,0.0,4,1,5,100.0,0,0.0,0,1,0,0,0,0,2,0,0,0,0,0,1,0,0,0,0,0,0,0,0.0,,0,0,0.0,0,0,0,0,0,0,0,0,,1,100.0,0,0,0,0,0,0,0,0,12,0,0.0,0,0,0,0,0.0,0,0,0,0,0,0,0,6.7,0,0,0,0,0,0,0,0,0.0,0.0,0,0,0,0,0,0,0.0,0,1,0,0.0,0,0,0,0,1,100.0,0,4,1,5,6.7,0,0,6,0,0,0,Hugo Burcio,Celta Vigo,1858279,2821,spain,2526,20260326
2,0,0.0,0,7,53.85,0,69,69,92.0,0,0.0,0,2,0,0,0,0,14,0,0,0,0,1,2,0,0,0,0,0,0,0,0.0,,0,0,0.0,6,0,0,2,2,0,0,0,0.54,0,0.0,0,1,0,6,0,0,0,2,180,0,0.0,0,0,0,0,0.0,0,0,0,0,6,0,1,6.7,0,0,0,3,1,4,0,0,0.0,0.0,0,0,0,0,0,0,0.0,0,0,0,0.0,0,2,0,0,0,0.0,13,3,72,75,13.4,0,0,85,0,0,0,Marc-André Ter Stegen,Girona FC,88625,24264,spain,2526,20260326
0,1,50.0,4,0,0.0,6,5,11,91.67,0,0.0,0,3,0,0,0,0,1,0,0,0,0,0,1,0,0,0,0,1,0,0,0.07,,1,0,0.0,0,0,0,0,0,0,0,0,,0,0.0,0,0,0,1,0,1,0,0,11,0,0.0,0,0,0,0,0.0,0,0,0,0,3,0,0,6.7,0,0,0,0,0,0,0,0,0.0,0.0,0,0,0,0,0,0,0.0,0,0,0,0.0,1,0,0,2,0,0.0,0,7,5,12,6.7,0,0,15,0,0,0,Samu Becerra,Rayo Vallecano,2198232,2818,spain,2526,20260326
1,0,0.0,8,7,50.0,63,124,187,93.03,3,50.0,3,4,0,0,0,0,6,0,0,0,0,22,4,0,0,0,2,11,0,1,0.05,,6,0,0.0,0,0,0,6,6,0,0,0,,11,57.89,0,0,0,14,3,1,0,4,335,1,4.0,0,0,0,0,0.0,0,0,0,0,15,0,0,6.7,0,0,0,0,0,0,0,0,0.0,0.0,0,0,0,0,0,1,100.0,0,7,3,42.86,1,4,1,0,14,56.0,14,76,125,201,26.8,0,0,247,3,2,0,Yoel Lago,Celta Vigo,1145100,2821,spain,2526,20260326
8,8,26.67,57,15,68.18,75,38,113,87.6,0,0.0,0,12,0,0,0,0,20,0,0,5,0,3,12,0,0,4,1,24,0,0,0.89,0.25,8,0,0.0,0,0,0,8,8,0,0,0,,24,50.0,0,0,0,16,1,11,0,2,320,1,0.0,0,0,0,1,0.0,0,0,0,0,76,5,0,6.7,0,0,0,0,0,0,0,0,0.0,0.0,0,2,5,2,0,8,42.11,0,6,4,66.67,11,14,19,30,24,50.0,22,90,39,129,80.4,7,0,239,10,1,0,Adnan Januzaj,Sevilla,328145,2833,spain,2526,20260326
0,0,0.0,11,0,0.0,21,13,34,97.14,0,0.0,0,2,0,0,0,0,3,0,1,0,0,1,1,0,0,1,0,1,0,0,0.02,0.11,0,0,0.0,0,0,0,0,0,0,0,0,,1,50.0,0,0,0,1,0,0,0,1,77,0,0.0,0,0,0,0,0.0,0,0,0,0,6,0,0,6.7,0,0,0,0,0,0,0,0,0.0,0.0,0,1,0,0,1,0,0.0,0,1,1,100.0,0,0,0,3,1,50.0,0,21,14,35,6.7,1,0,47,0,0,0,David Jiménez,Real Madrid,1142689,2829,spain,2526,20260326
13,0,0.0,43,23,46.0,155,288,443,90.22,6,60.0,4,13,0,0,0,0,31,0,0,0,1,32,13,0,0,6,0,17,0,1,0.09,0.05,7,0,0.0,0,0,0,10,9,1,0,0,,21,61.76,0,0,0,48,7,3,0,9,720,0,3.0,0,1,0,1,0.0,0,0,0,0,59,2,0,6.7,0,0,0,0,0,0,0,0,0.0,0.0,0,0,2,2,0,1,50.0,0,13,9,69.23,2,21,2,0,27,61.36,50,180,311,491,87.1,2,0,587,7,2,0,Manu Fernández,Celta Vigo,1630975,2821,spain,2526,20260326
1,0,0.0,6,1,100.0,18,9,27,90.0,0,0.0,0,2,0,0,0,0,3,0,0,1,0,1,1,0,0,1,0,2,0,0,0.05,0.03,0,0,0.0,0,0,0,1,1,0,0,0,,4,66.67,0,0,0,3,0,0,0,0,28,0,0.0,1,0,0,0,0.0,0,0,0,0,6,0,0,6.7,0,0,0,0,0,0,0,0,0.0,0.0,0,0,1,0,0,0,0.0,0,2,2,100.0,0,1,1,0,4,66.67,1,20,10,30,6.7,1,0,40,2,0,0,Manuel Ángel Morán,Real Madrid,1142683,2829,spain,2526,20260326
1,0,0.0,6,1,50.0,19,21,40,85.11,0,0.0,1,1,0,0,0,0,3,0,0,1,1,0,1,0,0,0,3,7,0,0,0.04,0.03,1,0,0.0,0,0,0,0,0,0,0,0,,6,50.0,0,0,0,7,0,1,0,1,90,0,0.0,0,0,0,0,0.0,0,0,0,0,14,1,0,6.7,0,0,0,0,0,0,0,0,0.0,0.0,0,1,0,0,0,2,50.0,0,2,1,50.0,1,1,4,2,6,46.15,2,23,24,47,6.7,1,0,72,2,0,0,Julio Díaz,Atlético Madrid,1402990,2836,spain,2526,20260326
30,28,28.28,203,55,38.46,392,364,756,78.67,17,58.62,12,28,3,0,0,0,146,5,0,2,3,71,28,0,0,23,8,83,0,1,2.42,0.4,22,0,0.0,0,0,3,38,33,5,0,0,,80,52.98,0,0,0,205,16,26,0,23,2144,2,4.0,0,0,0,0,0.0,0,0,0,0,385,7,0,6.7,0,0,0,0,0,0,0,0,0.0,0.0,4,2,11,9,2,13,40.63,0,44,23,52.27,26,81,32,99,97,53.89,143,523,438,961,187.5,13,1,1640,24,5,0,Johan Mojica,Mallorca,344847,2826,spain,2526,20260326
13,0,0.0,33,21,38.18,146,334,480,85.26,25,56.82,19,24,1,0,0,0,33,1,1,2,2,94,23,0,0,1,9,50,0,0,0.8,0.29,22,0,0.0,0,0,1,22,17,5,0,0,,37,54.41,0,0,0,83,15,2,0,14,1399,0,11.0,0,0,0,0,0.0,0,0,0,0,95,0,0,6.7,0,0,0,0,0,0,0,0,0.0,0.0,0,3,0,1,0,2,100.0,0,29,13,44.83,2,30,2,1,62,55.36,55,201,362,563,154.0,3,0,774,7,2,0,Jorge Herrando,Osasuna,944225,2820,spain,2526,20260326
25,9,40.91,85,40,57.97,173,166,339,81.49,14,50.0,14,16,0,0,0,0,39,3,0,0,0,14,16,0,1,3,18,61,0,0,1.53,,24,0,0.0,0,0,0,16,12,4,0,0,,34,41.98,0,0,0,77,6,12,0,11,818,0,5.0,0,0,0,0,0.0,0,0,0,0,101,4,0,6.69,1,0,0,0,0,0,0,0,0.0,0.0,0,0,0,0,0,4,57.14,0,22,13,59.09,12,50,7,22,48,44.04,69,232,184,416,107.1,0,0,537,8,3,0,Unai Vencedor,Levante UD,966802,2849,spain,2526,20260326
33,7,25.0,172,37,47.44,324,306,630,80.98,11,57.89,8,28,3,0,0,0,88,4,2,8,2,21,27,0,0,22,16,90,0,0,1.71,1.74,24,0,5.56,0,1,4,21,19,2,1,0,,51,38.35,0,0,1,148,19,18,0,18,1515,1,4.0,0,0,0,0,0.0,0,0,0,0,252,5,0,6.69,0,1,0,0,0,0,0,0,1515.0,0.0,1,12,6,4,6,17,44.74,0,22,12,54.55,18,64,38,28,62,40.79,78,430,348,778,180.7,18,0,1065,12,3,0,Javier Guerra,Valencia,1122610,2828,spain,2526,20260326
4,1,7.69,63,8,61.54,114,63,177,68.6,31,35.63,56,26,4,0,1,0,51,4,8,6,2,18,26,0,0,33,4,133,0,0,1.56,7.31,27,0,14.63,0,6,10,30,23,7,6,0,,71,47.97,3,0,1,81,4,13,1,18,1609,7,1.0,0,0,1,0,0.0,0,0,0,0,210,17,0,6.69,0,2,0,0,0,0,0,0,268.17,0.0,0,33,8,18,17,10,35.71,0,27,14,51.85,13,14,28,13,102,43.4,13,178,80,258,174.0,41,0,588,34,2,0,Etta Eyong,Levante UD,1393673,2849,spain,2526,20260326
10,0,0.0,65,14,60.87,155,121,276,80.7,9,60.0,6,20,0,0,0,0,52,0,0,5,1,11,20,0,0,4,9,49,0,0,0.32,0.38,24,0,10.0,0,1,1,14,8,6,1,0,,38,46.91,0,0,1,66,16,8,0,6,782,0,4.0,0,0,0,0,0.0,0,0,0,0,90,6,0,6.69,0,1,0,0,0,0,0,0,782.0,0.0,0,2,8,2,3,4,40.0,0,31,15,48.39,8,23,10,1,47,48.96,23,207,135,342,133.8,10,0,474,3,5,0,Alejandro Rego,Athletic Club,2110897,2825,spain,2526,20260326
2,1,14.29,57,2,33.33,87,48,135,75.0,9,26.47,25,18,3,0,0,0,16,2,4,4,0,5,18,0,0,19,6,78,0,0,0.49,3.28,14,0,15.38,0,2,5,14,10,4,2,0,,46,46.46,0,0,0,45,4,12,2,9,819,5,0.0,0,0,0,0,0.0,0,0,0,0,111,3,0,6.69,0,0,0,0,0,0,0,0,409.5,0.0,0,11,2,4,5,10,41.67,0,19,10,52.63,12,7,24,7,55,41.35,6,121,59,180,120.4,13,1,343,18,3,0,Ayoze Pérez,Villarreal,345195,2819,spain,2526,20260326
1,0,0.0,26,3,75.0,42,22,64,58.18,20,36.36,35,9,0,0,0,0,15,0,0,2,1,9,9,0,0,12,2,67,0,1,0.21,0.59,14,0,18.18,0,2,2,4,3,1,2,0,,24,42.86,0,0,0,46,3,1,1,9,717,12,1.0,0,0,0,0,0.0,0,0,0,1,97,1,0,6.69,0,1,0,0,0,0,0,0,358.5,0.0,0,8,3,4,5,1,14.29,0,4,2,50.0,1,2,7,2,44,39.64,4,80,30,110,60.2,11,0,238,20,0,0,Luis Vázquez,Getafe,974713,2859,spain,2526,20260326
7,2,100.0,85,19,55.88,191,179,370,86.25,14,58.33,10,19,0,0,0,0,38,0,0,2,2,13,18,0,0,9,6,32,1,0,0.34,0.36,8,0,0.0,0,0,0,11,11,0,0,0,,26,54.17,0,0,0,59,12,5,0,7,755,0,4.0,0,0,0,1,0.0,0,0,0,0,82,6,0,6.69,0,0,0,0,0,0,0,0,0.0,0.0,0,2,6,5,1,6,75.0,0,16,4,25.0,5,17,8,2,40,55.56,34,232,197,429,120.4,8,0,546,4,0,0,Thomas Partey,Villarreal,316148,2819,spain,2526,20260326
24,1,16.67,83,45,50.56,256,609,865,90.2,37,64.91,20,25,0,0,0,0,65,0,0,5,3,109,25,0,0,6,13,75,0,1,0.33,0.69,33,0,5.56,4,1,1,35,30,5,0,1,,43,43.88,0,0,0,94,19,5,1,20,1860,0,16.0,0,0,0,0,0.0,0,0,0,0,125,2,0,6.69,0,0,0,0,0,0,0,0,1860.0,0.0,4,3,15,8,5,4,40.0,0,30,22,73.33,5,42,10,6,80,51.61,89,321,638,959,167.2,18,1,1246,9,7,0,Nemanja Gudelj,Sevilla,68332,2833,spain,2526,20260326
27,0,0.0,95,57,42.22,257,701,958,87.65,34,58.62,24,25,0,0,0,0,65,0,0,3,5,113,25,0,1,1,9,49,0,1,0.22,0.17,15,0,0.0,22,0,0,28,26,2,0,0,,18,41.86,0,0,0,135,19,2,0,20,1855,3,22.0,0,0,0,1,0.0,0,0,0,0,161,1,0,6.69,1,0,0,0,0,0,0,0,0.0,0.0,0,4,4,2,3,0,0.0,0,14,5,35.71,2,62,4,2,52,51.49,135,344,749,1093,167.2,8,0,1348,4,3,0,Renato Veiga,Villarreal,1087359,2819,spain,2526,20260326
3,0,0.0,33,16,43.24,109,295,404,91.4,14,70.0,6,8,0,0,0,0,25,0,1,0,0,43,8,0,0,4,2,18,1,0,0.07,0.52,6,0,0.0,0,0,0,12,11,1,0,0,,14,53.85,0,0,0,38,5,1,0,6,610,0,5.0,0,0,0,1,0.0,0,0,0,0,48,0,0,6.69,0,0,0,0,0,0,0,0,0.0,0.0,0,2,0,1,1,0,0.0,0,13,8,61.54,1,8,2,1,28,60.87,37,133,309,442,53.5,2,0,538,1,1,0,Carlos Domínguez,Celta Vigo,1069703,2821,spain,2526,20260326
24,1,11.11,127,18,34.62,306,287,593,82.02,18,54.55,15,28,1,0,0,0,104,0,0,6,3,45,28,0,0,19,35,101,0,1,0.54,0.61,30,0,0.0,0,0,1,35,29,6,0,0,,82,48.81,0,0,0,130,22,11,0,20,1915,0,8.0,0,1,0,0,0.0,0,0,0,0,196,6,0,6.69,0,0,0,0,0,0,0,0,0.0,0.0,0,6,7,6,1,11,68.75,0,42,28,66.67,10,48,16,9,100,49.75,52,401,322,723,187.2,13,0,1024,30,4,0,Urko González,Espanyol,1064009,2814,spain,2526,20260326
3,4,17.39,37,4,44.44,68,22,90,68.18,18,69.23,8,14,0,0,0,0,14,0,0,1,0,1,13,0,0,8,6,39,0,0,0.57,0.31,8,0,0.0,0,0,0,3,3,0,0,0,,26,45.61,0,0,0,42,1,4,0,2,361,2,0.0,0,1,0,0,0.0,0,0,0,0,111,3,0,6.68,0,0,0,0,0,0,0,0,0.0,0.0,0,2,3,3,1,10,50.0,0,10,6,60.0,3,7,20,23,44,53.01,9,106,26,132,86.9,5,0,251,6,1,0,Coba da Costa,Getafe,1392054,2859,spain,2526,20260326
17,6,25.0,142,16,40.0,298,277,575,86.73,13,56.52,10,18,2,0,0,0,40,4,0,0,2,56,18,0,0,6,10,40,0,0,1.89,0.28,11,0,25.0,0,1,3,18,12,6,1,0,,24,44.44,0,0,0,88,8,18,0,13,1235,1,3.0,0,0,0,0,0.0,0,0,0,0,141,3,0,6.68,0,1,0,0,0,0,0,0,1235.0,0.0,0,4,0,0,4,5,62.5,0,17,7,41.18,18,33,8,24,37,48.05,40,354,309,663,120.3,4,0,952,2,1,0,Héctor Bellerín,Real Betis,188365,2816,spain,2526,20260326
11,0,0.0,20,14,30.43,109,239,348,85.09,31,72.09,12,12,0,0,0,0,28,0,1,0,1,70,12,0,0,0,7,30,0,1,0.35,0.67,11,0,33.33,1,1,1,24,20,4,1,0,,14,43.75,0,0,0,61,3,2,0,11,958,0,16.0,1,0,0,1,0.0,0,0,0,0,67,1,0,6.68,0,1,0,0,0,0,0,0,958.0,0.0,0,3,0,2,1,0,0.0,0,8,4,50.0,2,29,0,0,45,60.0,46,151,258,409,80.2,3,0,542,6,2,0,Unai Elgezabal,Levante UD,813574,2849,spain,2526,20260326
6,0,0.0,29,7,100.0,47,26,73,77.66,5,41.67,7,6,0,0,0,0,11,0,1,1,0,1,6,0,0,5,2,21,0,1,0.08,0.39,5,0,25.0,0,1,1,9,8,1,1,0,,11,44.0,0,0,0,21,1,3,0,5,454,0,1.0,0,0,0,0,0.0,0,0,0,0,43,3,0,6.68,0,1,0,0,0,0,0,0,454.0,0.0,0,4,0,2,1,2,40.0,0,2,1,50.0,3,9,5,2,16,43.24,7,64,30,94,40.1,4,0,150,7,1,0,Neal Maupay,Sevilla,268903,2833,spain,2526,20260326
16,1,100.0,38,25,58.14,92,121,213,83.53,2,25.0,6,12,0,0,0,0,25,0,0,2,0,8,12,0,0,6,12,36,0,0,0.24,0.23,13,0,0.0,0,0,0,13,11,2,0,0,,32,51.61,0,0,0,42,10,2,0,5,510,0,3.0,0,0,0,0,0.0,0,0,0,0,59,5,0,6.68,0,0,0,0,0,0,0,0,0.0,0.0,0,0,5,2,1,2,66.67,0,26,16,61.54,2,27,3,1,34,48.57,43,121,134,255,80.2,5,0,357,4,3,0,Nicolas Fonseca,Real Oviedo,944629,2851,spain,2526,20260326
4,2,12.5,80,6,60.0,146,113,259,87.21,2,40.0,3,17,0,0,0,0,51,1,0,3,0,2,17,0,0,8,4,54,0,0,0.4,0.13,18,0,0.0,0,0,0,8,8,0,0,0,,59,53.64,0,0,0,38,6,11,0,13,731,0,1.0,0,0,0,0,0.0,0,0,0,0,105,5,0,6.68,0,0,0,0,0,0,0,0,0.0,0.0,0,0,5,1,1,16,41.03,0,25,14,56.0,11,7,39,16,61,53.04,10,174,123,297,113.6,5,0,472,18,2,0,Calebe Gonçalves,Deportivo Alavés,1046796,2885,spain,2526,20260326
5,3,27.27,126,4,100.0,220,62,282,91.56,1,12.5,7,21,4,0,0,0,34,4,1,3,0,2,21,0,0,21,0,50,0,0,1.65,0.68,10,0,0.0,0,0,4,5,4,1,0,0,,43,50.0,0,0,0,26,1,15,0,6,708,3,0.0,0,0,0,0,0.0,0,0,0,2,97,8,0,6.68,0,0,0,0,0,0,0,0,0.0,0.0,0,5,3,3,2,13,52.0,0,11,7,63.64,15,9,25,11,44,46.81,4,244,64,308,140.3,8,0,457,19,1,0,Brahim Díaz,Real Madrid,835485,2829,spain,2526,20260326
18,41,24.55,237,18,40.0,360,131,491,76.72,26,36.11,46,24,3,0,0,0,79,7,6,11,2,16,24,0,0,37,18,150,1,1,5.04,3.5,19,0,5.41,0,2,5,24,18,6,1,1,,75,41.9,0,0,1,149,11,44,1,21,1768,6,0.0,1,0,0,0,0.0,0,0,0,0,390,18,0,6.68,0,1,0,0,0,0,0,0,884.0,0.0,0,30,7,7,19,20,40.0,0,21,12,57.14,44,48,50,167,101,40.24,45,488,152,640,160.3,37,1,1137,35,4,0,Álex Berenguer,Athletic Club,592012,2825,spain,2526,20260326
13,10,24.39,177,17,73.91,283,166,449,87.87,2,50.0,2,19,1,0,0,0,48,1,1,6,0,2,19,0,0,26,13,69,0,0,1.26,1.84,16,0,13.33,0,2,3,13,13,0,1,1,,46,40.71,0,0,1,62,3,16,1,11,990,0,2.0,0,1,0,0,0.0,0,0,0,0,162,8,0,6.68,0,1,0,0,0,0,0,0,495.0,0.0,1,5,10,2,7,12,48.0,0,16,10,62.5,15,23,25,41,48,41.03,23,332,179,511,126.9,15,0,725,18,2,0,Thomas Lemar,Girona FC,191182,24264,spain,2526,20260326
2,2,25.0,37,1,25.0,56,29,85,73.28,2,40.0,3,19,1,0,0,0,24,2,4,3,0,3,19,0,0,6,1,20,0,0,0.51,2.1,3,0,11.11,0,1,2,7,6,1,1,0,,22,56.41,0,0,0,31,3,6,0,1,359,4,2.0,0,0,1,0,100.0,0,1,0,0,62,3,0,6.68,0,1,0,0,0,0,0,0,359.0,0.0,0,6,3,2,4,9,56.25,0,9,4,44.44,6,6,16,8,24,54.55,4,77,39,116,126.9,9,0,201,4,1,0,José Luis Morales,Levante UD,344129,2849,spain,2526,20260326
15,16,26.67,124,17,39.53,216,236,452,81.15,14,48.28,15,23,3,0,0,0,54,4,0,1,6,40,23,0,0,8,21,72,1,2,2.19,0.85,21,0,0.0,0,0,3,21,19,2,0,0,,54,48.65,0,0,0,105,29,15,0,16,1547,1,7.0,0,1,0,0,0.0,0,0,0,0,212,5,0,6.67,0,0,0,0,0,0,0,0,0.0,0.0,0,12,2,10,3,3,27.27,0,36,24,66.67,14,29,11,60,68,48.57,43,278,279,557,153.5,14,1,1009,17,4,0,Sergi Cardona,Villarreal,986245,2819,spain,2526,20260326
6,1,16.67,80,11,68.75,140,66,206,80.78,15,32.61,31,14,1,1,0,0,32,1,3,4,2,5,14,0,0,18,4,62,0,0,0.24,2.92,6,0,28.57,0,4,5,15,12,3,4,0,,18,36.73,1,0,0,49,5,4,1,12,1044,10,2.0,0,0,1,0,0.0,0,0,0,0,100,12,0,6.67,0,2,0,0,0,0,0,0,261.0,0.0,0,11,3,3,7,6,66.67,0,5,4,80.0,4,16,9,6,33,34.74,16,178,77,255,93.4,14,0,375,7,0,0,Borja Mayoral,Getafe,604954,2859,spain,2526,20260326
0,1,16.67,56,2,33.33,100,50,150,75.0,2,15.38,11,21,2,0,0,0,21,2,3,6,0,5,21,0,0,15,13,73,0,0,0.89,2.99,24,0,16.67,0,3,5,10,10,0,3,0,,52,45.61,1,0,0,50,2,6,0,9,877,6,1.0,0,0,0,0,0.0,0,0,0,0,104,5,0,6.67,0,2,0,0,0,0,0,0,292.33,0.0,0,15,3,3,9,7,38.89,0,18,12,66.67,6,5,18,6,54,42.52,6,138,62,200,140.1,18,1,359,27,2,0,Williot Swedberg,Celta Vigo,1126779,2821,spain,2526,20260326
19,16,30.77,94,25,49.02,199,193,392,78.4,13,68.42,6,21,1,0,0,0,59,3,1,4,1,32,19,0,0,8,11,57,0,0,1.95,0.78,21,0,0.0,0,0,1,15,15,0,0,0,,34,40.0,0,0,0,108,10,13,0,11,1168,0,1.0,0,1,0,0,0.0,0,0,0,0,202,1,0,6.67,0,0,0,0,0,0,0,0,0.0,0.0,0,5,5,4,2,8,36.36,0,14,9,64.29,12,34,22,52,47,45.19,51,269,231,500,126.7,10,0,829,12,5,0,Youssef Enriquez Lekhedim,Deportivo Alavés,1403364,2885,spain,2526,20260326
29,5,19.23,179,39,49.37,330,448,778,82.42,37,74.0,13,27,3,0,0,0,114,3,1,6,4,63,27,0,0,10,38,118,1,0,1.17,0.62,39,0,5.88,0,1,4,38,35,3,1,0,,102,49.28,0,0,0,166,31,14,0,22,2000,1,7.0,0,0,0,2,0.0,0,0,0,0,311,5,0,6.67,0,1,0,0,0,0,0,0,2000.0,0.0,0,8,9,8,3,14,41.18,0,52,32,61.54,14,74,34,26,139,54.09,79,438,506,944,180.0,17,1,1523,37,9,0,José Ángel Carmona,Sevilla,1015240,2833,spain,2526,20260326
41,1,16.67,100,86,48.86,353,553,906,84.59,24,46.15,28,24,0,0,0,0,106,3,2,4,4,118,24,0,1,13,19,93,2,2,0.57,1.14,35,0,7.14,0,1,1,32,25,7,0,1,,61,48.41,0,0,1,165,28,5,0,23,2098,1,12.0,0,0,0,1,0.0,0,0,0,0,219,4,0,6.67,1,1,0,0,0,0,0,0,2098.0,0.0,0,10,4,5,5,5,83.33,0,44,28,63.64,5,78,6,6,85,47.75,176,462,609,1071,160.0,14,2,1408,13,8,0,Daniel Vivian,Athletic Club,910978,2825,spain,2526,20260326
28,0,0.0,53,48,37.21,249,755,1004,87.84,61,54.95,50,26,0,0,0,0,81,0,0,2,7,182,26,0,0,6,8,84,1,0,0.11,0.31,19,0,0.0,33,0,0,33,26,7,0,0,,39,53.42,0,0,0,139,31,5,0,26,2257,0,16.0,0,0,0,0,0.0,0,0,0,0,162,2,0,6.67,0,0,0,0,0,0,0,0,0.0,0.0,0,5,3,5,1,2,66.67,0,29,16,55.17,5,64,3,1,100,54.35,129,348,795,1143,173.3,8,0,1492,10,7,0,Natan,Real Betis,1015287,2816,spain,2526,20260326
8,5,25.0,63,8,57.14,105,48,153,78.06,7,33.33,14,21,1,0,0,0,27,3,0,1,0,4,20,0,0,17,5,60,0,0,0.78,0.96,10,0,11.11,0,1,2,15,11,4,1,0,,43,48.31,0,0,1,43,9,9,1,8,746,1,4.0,0,0,0,0,0.0,0,0,0,0,114,6,0,6.67,0,0,0,0,0,0,0,0,746.0,0.0,1,3,6,5,3,7,33.33,0,19,8,42.11,9,14,21,20,50,45.45,14,144,52,196,133.3,9,0,386,17,0,0,Ramón Terrats,Espanyol,1088565,2814,spain,2526,20260326
8,3,10.34,98,8,72.73,177,97,274,75.07,18,30.51,41,26,0,0,0,0,51,3,3,9,2,9,26,0,0,11,8,93,0,1,1.28,2.23,14,0,14.29,0,3,3,22,17,5,3,0,,49,48.51,0,0,1,91,8,11,0,15,1345,3,2.0,0,0,0,0,0.0,0,0,0,0,177,10,0,6.66,0,3,0,0,0,0,0,0,448.33,0.0,0,15,6,7,5,7,26.92,0,13,9,69.23,11,14,26,29,67,41.88,11,245,120,365,173.2,21,0,591,30,2,0,Diego López,Valencia,998950,2828,spain,2526,20260326
32,11,35.48,164,42,66.67,315,291,606,84.87,15,41.67,21,28,0,0,0,0,66,2,3,3,0,12,28,0,0,17,11,84,0,4,1.55,2.52,28,0,18.75,0,3,3,31,25,6,2,1,,72,53.33,0,0,2,108,10,22,2,22,1729,2,4.0,0,0,0,1,0.0,0,0,0,0,181,9,0,6.66,1,1,0,0,0,0,0,0,576.33,0.0,0,11,5,6,7,11,52.38,0,30,11,36.67,22,58,21,31,87,50.88,63,400,314,714,186.5,16,0,973,32,4,1,Alberto Reina,Real Oviedo,882475,2851,spain,2526,20260326
3,0,0.0,18,3,75.0,36,19,55,75.34,8,34.78,15,15,0,0,0,0,7,1,5,2,0,8,15,0,0,5,2,29,0,0,0.23,3.28,6,0,15.0,0,3,3,6,6,0,3,0,,12,46.15,1,0,1,18,1,3,0,4,458,8,0.0,0,0,0,0,0.0,0,0,0,0,36,2,0,6.66,0,2,0,0,0,0,0,0,152.67,0.0,0,18,2,9,9,1,33.33,0,2,2,100.0,3,3,3,2,20,40.82,4,50,23,73,99.9,20,0,148,9,0,0,Cédric Bakambu,Real Betis,115665,2816,spain,2526,20260326
16,2,7.14,74,31,40.26,192,299,491,81.97,16,59.26,11,20,0,0,0,0,52,0,2,3,4,61,20,0,0,5,17,65,0,2,0.56,1.23,20,0,0.0,0,0,0,24,19,5,0,0,,70,56.45,0,0,1,108,21,5,0,19,1585,1,7.0,0,0,0,0,0.0,0,0,0,0,182,0,0,6.66,0,0,0,0,0,0,0,0,0.0,0.0,0,6,3,3,3,12,50.0,0,37,25,67.57,5,46,24,28,86,56.95,77,268,331,599,133.2,9,0,1003,22,4,0,Nacho Vidal,Real Oviedo,844752,2851,spain,2526,20260326
0,1,100.0,9,0,0.0,19,28,47,90.38,1,100.0,0,5,0,0,0,0,3,0,0,0,0,3,5,0,0,0,1,2,0,0,0.19,0.03,1,0,0.0,0,0,0,0,0,0,0,0,,3,60.0,0,0,0,5,0,2,0,0,100,0,0.0,0,0,0,0,0.0,0,0,0,0,7,0,0,6.66,0,0,0,0,0,0,0,0,0.0,0.0,0,1,0,1,0,0,0.0,0,2,1,50.0,2,0,0,1,4,66.67,1,23,29,52,33.3,1,0,67,1,0,0,Manu Bueno,Sevilla,1142094,2833,spain,2526,20260326
4,1,7.14,67,4,25.0,106,72,178,64.96,43,44.33,54,24,3,0,0,0,41,1,8,11,2,19,24,0,0,29,2,117,1,0,0.43,8.58,25,0,13.73,0,7,10,32,27,5,7,0,,26,29.21,1,0,0,96,0,9,1,16,1570,37,3.0,0,0,2,0,100.0,0,2,0,0,194,13,0,6.66,0,5,0,0,0,0,0,0,224.29,0.0,0,36,15,14,26,12,60.0,0,5,2,40.0,9,9,20,14,69,37.1,16,183,91,274,159.8,51,0,513,9,1,0,Akor Adams,Sevilla,946381,2833,spain,2526,20260326
10,5,11.36,109,4,66.67,181,56,237,80.61,7,21.21,26,24,1,0,0,0,43,3,0,2,0,8,24,0,0,24,2,86,0,0,1.36,3.47,13,0,35.71,0,5,6,15,12,3,5,0,,38,38.78,0,0,0,57,6,17,2,7,902,4,1.0,0,0,0,0,0.0,0,0,0,0,188,5,0,6.66,0,3,0,0,0,0,0,0,180.4,0.0,0,12,2,5,7,14,40.0,0,10,6,60.0,17,18,35,44,45,34.35,6,230,64,294,159.8,14,0,537,14,1,0,Robert Navarro,Athletic Club,944165,2825,spain,2526,20260326
0,1,20.0,72,3,50.0,103,110,213,78.02,17,33.33,34,26,1,0,0,0,24,3,9,5,1,16,26,0,0,14,4,87,0,2,1.29,8.52,28,0,33.33,0,9,10,26,22,4,8,1,,31,36.9,0,0,0,60,3,12,5,26,1948,20,1.0,0,0,3,0,100.0,0,3,0,1,132,6,0,6.66,0,4,0,0,0,0,0,0,216.44,0.0,0,25,2,4,18,9,47.37,0,5,3,60.0,12,3,19,5,48,35.56,6,148,125,273,173.1,27,0,459,17,4,0,Vladyslav Vanat,Girona FC,976374,24264,spain,2526,20260326
0,0,0.0,29,2,50.0,56,26,82,87.23,7,53.85,6,7,0,0,0,0,7,0,0,1,0,3,7,0,0,4,4,19,0,0,0.4,0.14,3,0,0.0,0,0,0,3,3,0,0,0,,10,43.48,0,0,0,12,2,1,0,2,177,1,0.0,0,0,0,0,0.0,0,0,0,0,22,2,0,6.66,0,0,0,0,0,0,0,0,0.0,0.0,0,1,2,1,1,2,50.0,0,4,3,75.0,1,2,4,0,17,47.22,4,65,29,94,46.6,3,0,130,5,1,0,Ovie Ejaria,Real Oviedo,845025,2851,spain,2526,20260326
12,3,10.71,187,16,40.0,305,278,583,82.7,18,42.86,24,26,1,0,0,0,62,1,2,1,2,46,26,0,0,9,12,80,0,1,0.85,0.86,27,0,14.29,0,1,2,27,24,3,1,0,,93,62.42,0,0,0,122,5,9,0,16,1628,1,8.0,0,0,0,1,0.0,0,0,0,1,198,1,0,6.65,0,1,0,0,0,0,0,0,1628.0,0.0,0,7,0,4,2,9,52.94,0,38,29,76.32,9,27,17,28,111,58.12,40,383,322,705,173.0,7,1,1104,46,3,0,Hugo Rincón,Girona FC,1632454,24264,spain,2526,20260326
0,0,0.0,6,0,0.0,10,13,23,63.89,8,50.0,8,13,0,0,0,1,3,0,3,2,0,2,12,0,0,2,2,19,0,0,0.01,3.71,7,0,37.5,0,3,3,6,6,0,3,0,,12,52.17,0,0,0,13,1,1,0,1,238,5,0.0,0,0,4,0,75.0,0,3,0,2,20,0,0,6.65,0,3,0,0,0,0,0,0,79.33,0.0,0,8,0,0,6,2,100.0,0,4,3,75.0,1,0,2,0,20,51.28,1,18,18,36,79.8,8,0,72,6,2,0,Cristhian Stuani,Girona FC,32048,24264,spain,2526,20260326
5,4,28.57,91,2,50.0,157,83,240,81.08,10,19.61,41,28,2,0,0,0,65,3,8,5,1,24,28,0,0,36,15,131,0,0,0.84,5.09,19,0,6.06,0,2,4,28,25,3,2,0,,77,46.11,0,0,1,56,12,13,1,19,1690,4,4.0,0,0,0,0,0.0,0,0,0,1,181,9,0,6.65,0,1,0,0,0,0,0,0,845.0,0.0,0,27,6,14,14,18,47.37,0,28,19,67.86,13,6,38,14,87,39.91,4,203,93,296,186.2,33,1,641,31,2,0,Mateo Joseph,Mallorca,1170693,2826,spain,2526,20260326
4,0,0.0,5,21,35.59,11,68,79,67.52,1,100.0,0,4,0,0,0,0,29,0,0,0,1,5,4,0,0,0,0,0,0,0,0.0,,0,0,0.0,16,0,0,7,4,3,0,0,-0.69,0,0.0,0,0,0,38,0,0,0,4,360,0,0.0,0,0,0,0,0.0,1,0,0,0,39,0,0,6.65,0,0,2,5,4,9,0,1,0.0,0.0,0,0,0,0,0,0,0.0,2,0,0,0.0,0,5,0,0,1,100.0,59,42,75,117,26.6,0,0,145,0,1,0,Ørjan Nyland,Sevilla,22209,2833,spain,2526,20260326
6,5,35.71,51,2,66.67,86,29,115,82.73,1,20.0,4,6,0,0,0,0,12,0,1,3,0,0,6,0,0,2,4,19,0,0,0.33,0.54,4,0,0.0,0,0,0,7,6,1,0,0,,17,53.13,0,0,0,24,1,4,0,4,339,1,1.0,0,0,0,0,0.0,0,0,0,0,46,0,0,6.65,0,0,0,0,0,0,0,0,0.0,0.0,1,3,6,3,3,4,44.44,0,6,4,66.67,4,10,9,14,18,48.65,3,107,32,139,39.9,9,0,215,7,1,0,Lucas Cepeda,Elche,1126447,2846,spain,2526,20260326
0,0,0.0,1,0,0.0,7,4,11,73.33,2,66.67,1,2,0,0,0,0,1,0,0,1,0,0,2,0,0,0,0,2,0,0,0.0,0.07,1,0,0.0,0,0,0,0,0,0,0,0,,5,83.33,0,0,0,4,0,1,0,0,50,0,0.0,0,0,0,0,0.0,0,0,0,0,6,0,0,6.65,0,0,0,0,0,0,0,0,0.0,0.0,0,1,0,0,0,0,0.0,0,4,2,50.0,1,0,0,0,7,77.78,0,9,6,15,13.3,1,0,24,1,0,0,Mourad El Ghezouani,Elche,1010891,2846,spain,2526,20260326
1,0,0.0,22,5,33.33,39,81,120,83.92,1,33.33,2,4,0,0,0,0,20,0,0,1,0,7,4,0,0,1,3,9,0,0,0.02,0.02,0,0,0.0,0,0,0,5,5,0,0,0,,8,53.33,0,0,0,23,2,2,0,4,255,0,2.0,0,0,0,0,0.0,0,0,0,0,34,0,0,6.65,0,0,0,0,0,0,0,0,0.0,0.0,0,0,1,0,0,6,66.67,0,1,0,0.0,2,5,9,2,9,50.0,15,50,93,143,26.6,1,0,191,1,0,0,Mihailo Ristić,Celta Vigo,363774,2821,spain,2526,20260326
14,5,10.42,177,13,26.0,311,341,652,83.91,17,56.67,13,23,3,0,0,0,73,5,2,4,4,76,23,0,0,8,19,87,1,0,1.62,1.44,22,0,0.0,0,0,3,30,26,4,0,0,,66,47.14,0,0,0,125,20,11,0,20,1871,8,8.0,0,0,0,1,0.0,0,0,0,0,261,7,0,6.65,0,0,0,0,0,0,0,0,0.0,0.0,0,7,7,6,4,28,50.91,0,24,14,58.33,11,40,55,48,83,48.82,50,395,382,777,152.9,14,1,1284,14,4,0,Álex Moreno,Girona FC,294593,24264,spain,2526,20260326
1,5,20.0,53,1,100.0,85,24,109,84.5,4,40.0,6,19,0,0,0,0,19,0,3,4,0,10,19,0,0,13,5,42,0,0,0.61,2.5,4,0,13.33,0,2,2,10,6,4,2,0,,19,34.55,0,0,0,20,3,9,0,4,597,2,0.0,0,0,0,0,0.0,0,0,0,0,80,2,0,6.65,0,2,0,0,0,0,0,0,298.5,0.0,0,10,5,7,4,11,44.0,0,5,3,60.0,9,4,25,25,23,35.38,1,100,29,129,126.3,15,0,268,3,0,0,Jones El-Abdellaoui,Celta Vigo,1173575,2821,spain,2526,20260326
4,2,50.0,60,18,52.94,149,148,297,81.82,14,53.85,12,19,0,0,0,0,35,0,0,1,0,26,19,0,0,8,11,43,0,2,0.25,0.2,10,0,25.0,0,1,1,9,8,1,1,0,,22,41.51,0,0,1,66,7,2,1,2,576,0,2.0,0,0,0,0,0.0,0,0,0,0,88,1,0,6.65,1,0,0,0,0,0,0,0,576.0,0.0,0,2,2,2,1,5,62.5,0,12,8,66.67,2,10,8,4,36,45.57,34,192,171,363,126.3,4,0,473,5,2,1,Ander Guevara,Deportivo Alavés,891931,2885,spain,2526,20260326
10,10,16.95,110,20,40.82,225,267,492,80.66,18,64.29,10,20,0,0,0,0,70,2,0,2,3,63,19,0,0,4,7,37,1,1,0.81,0.04,7,0,0.0,0,0,0,27,24,3,0,0,,44,61.97,0,0,0,118,24,14,0,15,1439,7,6.0,0,0,0,0,0.0,0,0,0,0,238,1,0,6.65,0,0,0,0,0,0,0,0,0.0,0.0,0,1,1,0,0,7,43.75,0,31,16,51.61,14,25,16,59,62,62.63,49,293,317,610,126.3,2,0,1056,6,1,0,Abdel Rahim,Real Oviedo,1120504,2851,spain,2526,20260326
12,0,0.0,31,26,44.83,115,292,407,87.34,27,52.94,24,13,0,0,0,0,32,0,1,4,2,59,13,0,0,0,5,49,1,2,0.07,0.71,22,0,0.0,2,0,0,15,13,2,0,0,,35,58.33,0,0,0,59,5,0,0,11,943,1,5.0,0,0,0,1,0.0,0,0,0,0,70,0,0,6.65,1,0,0,0,0,0,0,0,0.0,0.0,0,10,0,4,2,1,100.0,0,13,5,38.46,0,29,1,1,62,55.86,58,157,309,466,86.4,10,0,610,21,2,1,Marcão,Sevilla,840951,2833,spain,2526,20260326
7,1,9.09,91,6,50.0,179,145,324,90.25,10,55.56,8,19,0,0,0,0,35,1,1,1,1,5,19,0,0,9,10,55,0,0,0.54,1.11,18,0,15.38,0,2,2,7,5,2,2,0,,29,38.16,0,0,0,35,11,4,1,4,665,2,3.0,0,0,0,0,0.0,0,0,0,0,90,7,0,6.64,0,1,0,0,0,0,0,0,332.5,0.0,0,9,4,7,5,3,18.75,0,17,12,70.59,4,11,16,11,39,41.49,12,204,155,359,126.2,13,0,508,9,2,0,Conor Gallagher,Atlético Madrid,904970,2836,spain,2526,20260326
16,4,66.67,73,20,48.78,187,200,387,85.05,8,40.0,12,17,0,0,0,0,49,0,0,2,0,29,17,0,0,3,12,49,0,1,0.4,0.39,21,0,0.0,0,0,0,21,18,3,0,0,,29,43.94,0,0,1,68,8,7,0,12,1133,0,3.0,0,0,0,0,0.0,0,0,0,0,84,2,0,6.64,0,0,0,0,0,0,0,0,0.0,0.0,0,2,4,3,1,1,50.0,0,18,11,61.11,7,31,2,6,37,43.02,41,234,221,455,112.9,6,0,587,10,3,0,Oriol Rey,Levante UD,859769,2849,spain,2526,20260326
24,7,21.88,134,22,27.5,296,289,585,80.47,12,57.14,9,22,1,0,0,0,116,3,1,2,4,54,22,0,0,17,13,78,0,0,1.43,0.23,26,0,0.0,0,0,1,22,18,4,0,0,,63,47.73,0,0,0,142,32,11,0,21,1756,2,1.0,0,0,0,0,0.0,0,0,0,0,239,6,0,6.64,1,0,0,0,0,0,0,0,0.0,0.0,0,4,4,4,2,16,53.33,0,34,21,61.76,11,69,30,32,75,49.02,80,389,338,727,146.1,8,0,1165,13,3,1,Valentin Rosier,Osasuna,842419,2820,spain,2526,20260326
17,5,12.2,185,31,34.44,420,411,831,80.45,44,70.97,18,27,0,0,0,0,95,0,2,3,2,73,27,0,0,11,40,133,0,1,0.55,1.63,56,0,6.25,0,1,1,38,36,2,1,0,,124,51.88,1,0,0,202,37,8,0,25,2211,2,8.0,0,0,0,2,0.0,0,0,0,0,336,3,0,6.64,0,0,0,0,0,0,0,0,2211.0,0.0,0,9,7,8,5,6,42.86,0,86,51,59.3,8,48,14,41,168,55.81,90,555,478,1033,179.3,16,0,1691,34,9,0,Jon Aramburu,Real Sociedad,1116388,2824,spain,2526,20260326
3,0,0.0,24,5,33.33,42,56,98,73.68,14,66.67,7,13,0,0,0,0,12,1,0,0,0,18,10,0,0,0,2,24,0,0,0.1,0.43,13,0,33.33,0,1,1,6,4,2,0,1,,6,26.09,0,0,0,35,4,3,0,2,318,0,4.0,0,0,0,0,0.0,0,0,0,0,45,2,0,6.64,0,1,0,0,0,0,0,0,318.0,0.0,0,2,1,2,1,0,0.0,0,6,2,33.33,3,10,2,3,20,45.45,15,71,62,133,66.4,3,0,191,0,1,0,Asier Osambela,Osasuna,1399702,2820,spain,2526,20260326
34,0,0.0,53,56,38.62,172,345,517,75.7,59,62.11,36,26,1,0,0,0,76,1,0,1,6,153,26,0,0,3,7,72,0,0,0.17,0.83,27,0,8.33,0,1,2,28,24,4,1,0,,43,54.43,1,0,0,166,24,1,0,26,2226,3,11.0,1,0,0,1,0.0,0,0,0,0,177,1,0,6.64,0,0,0,0,0,0,0,0,2226.0,0.0,0,12,0,7,4,0,0.0,0,22,12,54.55,1,76,0,0,102,58.62,145,303,380,683,172.6,12,1,982,21,9,0,Domingos Duarte,Getafe,576276,2859,spain,2526,20260326
4,1,5.0,61,9,52.94,124,102,226,85.28,7,46.67,8,17,0,0,0,0,40,0,0,2,1,29,17,0,0,13,11,57,0,0,0.32,0.29,15,0,0.0,0,0,0,12,11,1,0,0,,41,45.56,0,0,0,39,2,7,0,5,739,2,3.0,0,0,0,0,0.0,0,0,0,0,104,3,0,6.64,0,0,0,0,0,0,0,0,0.0,0.0,0,2,5,3,2,16,61.54,0,19,8,42.11,7,8,26,20,48,45.71,17,148,117,265,112.8,7,0,523,6,2,0,Jesús Vázquez,Valencia,996929,2828,spain,2526,20260326
1,1,25.0,5,2,50.0,11,1,12,63.16,0,0.0,2,4,1,0,0,0,4,1,0,1,1,4,3,0,0,3,3,16,0,0,0.01,0.02,7,0,0.0,0,0,1,1,1,0,0,0,,11,44.0,0,0,0,7,2,1,0,1,120,0,0.0,0,0,0,0,0.0,0,0,0,0,17,1,0,6.63,0,0,0,0,0,0,0,0,0.0,0.0,0,0,1,0,0,2,66.67,0,6,5,83.33,1,1,3,4,11,40.74,4,16,3,19,19.9,1,0,55,3,2,0,Ismael Bekhoucha,Getafe,1895964,2859,spain,2526,20260326
9,0,0.0,20,10,66.67,45,53,98,88.29,3,42.86,4,9,0,0,0,0,3,0,0,1,0,13,9,0,0,1,1,15,0,0,0.21,0.23,7,0,0.0,0,0,0,4,3,1,0,0,,12,52.17,0,0,0,13,2,2,0,3,255,0,3.0,0,0,0,0,0.0,0,0,0,0,21,0,0,6.63,1,0,0,0,0,0,0,0,0.0,0.0,0,3,0,0,2,0,0.0,0,10,5,50.0,2,11,2,0,15,50.0,15,55,56,111,59.7,3,0,158,2,0,1,Carlos Benavídez,Deportivo Alavés,873717,2885,spain,2526,20260326
10,2,12.5,95,23,51.11,273,398,671,86.69,25,62.5,15,26,0,0,0,0,63,1,0,4,1,50,25,0,0,5,5,42,0,2,0.26,0.51,14,0,0.0,14,0,0,22,19,3,0,0,,39,59.09,0,0,0,103,11,2,0,14,1287,2,11.0,0,0,0,0,0.0,0,0,0,0,155,2,0,6.63,0,0,0,0,0,0,0,0,0.0,0.0,0,6,1,3,0,2,40.0,0,32,19,59.38,2,27,5,16,64,60.38,45,324,450,774,165.8,7,0,1033,5,2,0,Léo Pétrot,Elche,827504,2846,spain,2526,20260326
23,11,18.03,122,26,23.64,208,156,364,63.75,21,42.0,29,25,0,0,0,0,72,1,0,3,4,55,24,0,0,6,23,86,0,2,0.94,0.33,22,0,0.0,1,0,0,21,19,2,0,0,,85,59.86,0,0,0,207,29,10,0,18,1704,1,3.0,0,0,0,0,0.0,0,0,0,0,342,4,0,6.63,0,0,0,0,0,0,0,0,0.0,0.0,0,3,8,7,1,6,40.0,0,46,30,65.22,10,71,15,61,106,55.21,110,368,203,571,159.1,11,0,1134,33,4,0,Diego Rico,Getafe,350560,2859,spain,2526,20260326
1,1,33.33,32,2,66.67,45,29,74,66.07,16,33.33,32,16,1,0,0,0,24,3,2,5,0,2,16,0,0,19,4,82,0,0,0.84,1.37,15,0,6.67,0,1,2,11,10,1,0,1,,26,34.21,0,0,0,38,1,7,0,6,646,8,0.0,0,0,0,0,0.0,0,0,0,3,101,6,0,6.63,0,1,0,0,0,0,0,0,646.0,0.0,0,9,6,6,4,11,45.83,0,2,1,50.0,7,1,24,3,42,33.87,3,76,36,112,106.0,15,1,254,14,3,0,Umar Sadiq,Valencia,754710,2828,spain,2526,20260326
0,1,33.33,11,0,0.0,15,3,18,69.23,0,0.0,2,4,1,0,0,0,3,0,0,0,0,0,4,0,0,2,0,8,0,0,0.07,0.08,1,0,0.0,0,0,1,1,1,0,0,0,,12,66.67,0,0,0,8,0,4,0,1,148,1,0.0,0,0,0,0,0.0,0,0,0,0,21,0,0,6.63,0,0,0,0,0,0,0,0,0.0,0.0,0,2,1,0,3,5,62.5,0,0,0,0.0,4,2,8,3,12,60.0,1,23,3,26,26.5,3,0,61,7,1,0,Zito Luvumbo,Mallorca,1000150,2826,spain,2526,20260326
3,0,0.0,5,10,58.82,24,107,131,92.91,7,50.0,7,4,0,0,0,0,8,0,0,0,1,22,4,0,0,0,1,16,0,0,0.01,,9,0,0.0,0,0,0,5,5,0,0,0,,6,40.0,0,0,0,10,3,0,0,4,298,0,1.0,0,0,0,1,0.0,0,0,0,0,12,0,0,6.63,0,0,0,0,0,0,0,0,0.0,0.0,0,0,0,0,0,0,0.0,0,5,3,60.0,0,4,0,0,13,44.83,17,31,110,141,26.5,0,0,179,1,0,0,Fábio Cardoso,Sevilla,252815,2833,spain,2526,20260326
0,1,25.0,5,1,25.0,7,8,15,62.5,0,0.0,2,4,0,0,0,0,5,0,0,0,0,2,4,0,0,1,0,4,0,0,0.02,0.18,1,0,0.0,0,0,0,1,1,0,0,0,,9,81.82,0,0,0,9,0,0,0,0,63,0,0.0,0,0,0,0,0.0,0,0,0,0,15,1,0,6.63,0,0,0,0,0,0,0,0,0.0,0.0,0,2,2,3,1,2,100.0,0,4,1,25.0,0,1,2,4,9,69.23,4,15,9,24,26.5,4,0,49,3,0,0,Miguel Sierra,Sevilla,1518564,2833,spain,2526,20260326
4,1,14.29,68,1,50.0,118,69,187,69.0,43,30.5,98,29,2,0,0,0,50,6,5,12,4,21,29,0,0,27,9,172,0,0,2.33,6.75,29,0,12.77,0,6,8,29,24,5,5,1,,47,38.84,3,0,1,84,5,16,0,19,1852,5,3.0,0,0,1,0,100.0,0,1,0,1,186,16,0,6.62,0,3,0,0,0,0,0,0,308.67,0.0,0,40,7,16,19,7,33.33,0,8,3,37.5,16,8,21,7,90,34.35,2,187,84,271,192.1,47,0,569,35,3,0,Roberto Fernández,Espanyol,1392592,2814,spain,2526,20260326
47,3,75.0,109,50,41.67,321,538,859,85.56,36,57.14,27,21,0,0,0,0,51,0,3,2,2,112,21,0,0,3,8,60,1,1,0.61,1.54,20,0,0.0,26,0,0,32,27,5,0,0,,44,57.14,0,0,0,145,22,5,0,19,1768,2,16.0,1,0,0,2,0.0,0,0,0,0,161,3,0,6.62,0,0,0,0,0,0,0,0,0.0,0.0,0,12,1,11,0,7,77.78,0,26,16,61.54,5,90,9,4,80,57.14,120,425,579,1004,139.1,13,0,1274,11,5,0,José Copete,Valencia,913695,2828,spain,2526,20260326
21,6,42.86,81,17,32.08,203,205,408,83.78,13,59.09,9,18,1,0,0,0,33,1,0,0,4,57,17,0,0,4,9,30,0,0,0.3,0.1,7,0,0.0,0,0,1,15,12,3,0,0,,20,48.78,0,0,0,79,6,5,0,14,1212,0,3.0,0,0,0,0,0.0,0,0,0,0,120,1,0,6.62,0,0,0,0,0,0,0,0,0.0,0.0,0,1,1,2,0,1,50.0,0,14,6,42.86,5,35,2,14,33,52.38,53,251,236,487,112.6,2,0,708,5,0,0,Ricardo Rodríguez,Real Betis,67769,2816,spain,2526,20260326
5,6,21.43,81,4,40.0,127,52,179,84.83,1,12.5,7,17,0,0,0,0,33,2,4,5,0,6,17,0,0,22,1,74,0,0,0.82,1.77,18,0,0.0,0,0,0,8,6,2,0,0,,65,49.24,0,0,0,32,2,8,0,7,708,1,2.0,0,0,0,0,0.0,0,0,0,0,140,6,0,6.62,0,0,0,0,0,0,0,0,0.0,0.0,1,11,9,9,6,12,30.77,0,23,14,60.87,8,9,39,28,66,47.14,10,154,57,211,112.6,20,0,447,30,3,0,Ilias Akhomach,Rayo Vallecano,1089108,2818,spain,2526,20260326
17,0,0.0,60,34,33.66,255,645,900,87.38,45,47.87,49,22,1,0,0,0,53,1,0,2,2,139,22,0,0,1,7,92,0,1,0.42,0.26,34,0,0.0,22,0,1,32,30,2,0,0,,37,46.25,0,0,0,130,21,5,0,21,1899,0,13.0,0,0,0,0,0.0,0,0,0,0,142,0,0,6.62,0,0,0,0,0,0,0,0,0.0,0.0,0,5,1,3,1,1,25.0,0,32,18,56.25,5,53,4,0,82,47.13,101,358,672,1030,145.7,6,0,1309,5,8,0,Igor Zubeldia,Real Sociedad,838159,2824,spain,2526,20260326
6,6,50.0,29,3,30.0,45,16,61,70.11,8,47.06,9,12,0,0,0,0,11,0,2,3,0,7,10,0,0,4,3,22,0,0,0.6,1.53,5,0,14.29,0,1,1,4,3,1,1,0,,8,38.1,0,0,0,26,3,8,0,3,351,2,0.0,0,0,1,0,100.0,0,1,0,0,49,3,0,6.62,0,1,0,0,0,0,0,0,351.0,0.0,1,5,2,2,2,0,0.0,0,1,1,100.0,8,16,2,12,16,42.11,10,67,20,87,66.2,7,0,152,8,4,0,Chimy Ávila,Real Betis,789381,2816,spain,2526,20260326
7,0,0.0,13,11,25.0,95,204,299,84.46,24,54.55,20,10,0,0,0,0,25,0,1,1,1,68,10,0,0,0,3,35,0,0,0.07,0.35,13,0,0.0,0,0,0,11,9,2,0,0,,16,51.61,0,0,0,55,7,0,0,8,792,2,9.0,0,0,0,0,0.0,0,0,0,0,64,0,0,6.62,0,0,0,0,0,0,0,0,0.0,0.0,0,7,1,3,4,0,0.0,0,13,8,61.54,0,22,0,1,40,53.33,44,135,219,354,66.2,8,0,480,3,3,0,Facundo Garcés,Deportivo Alavés,879875,2885,spain,2526,20260326
0,0,0.0,49,1,100.0,102,52,154,83.24,18,66.67,9,23,0,0,0,0,20,1,5,1,0,4,21,0,0,8,2,33,0,0,0.76,3.98,5,0,28.57,0,4,4,8,6,2,3,1,,16,40.0,1,0,0,31,3,8,1,6,695,0,0.0,0,0,0,0,0.0,0,0,0,0,75,8,0,6.62,0,2,0,0,0,0,0,0,173.75,0.0,0,13,1,4,9,2,18.18,0,11,6,54.55,8,0,11,1,34,50.75,1,123,62,185,139.0,14,1,287,3,1,0,Gonzalo García,Real Madrid,1402716,2829,spain,2526,20260326
1,4,10.0,116,6,40.0,176,63,239,70.71,18,46.15,21,21,4,0,0,0,52,5,9,15,0,9,21,0,0,24,8,99,0,0,1.89,4.6,17,0,4.44,0,2,6,21,15,6,2,0,,34,30.36,0,0,1,99,4,16,0,17,1498,6,1.0,0,1,1,0,100.0,0,1,0,2,243,11,0,6.62,0,2,0,0,0,0,0,0,749.0,0.0,0,38,7,15,15,7,18.42,0,8,7,87.5,15,9,38,40,52,34.44,15,258,80,338,139.0,45,1,626,19,1,0,Iñaki Williams,Athletic Club,783374,2825,spain,2526,20260326
17,0,0.0,78,43,39.45,218,287,505,78.42,38,61.29,24,27,0,0,0,0,78,0,0,2,6,119,27,0,1,10,8,64,0,2,0.16,0.13,23,0,0.0,1,0,0,24,21,3,0,0,,55,57.89,0,0,0,139,24,2,0,25,2050,0,9.0,0,0,0,0,0.0,0,0,0,1,179,2,0,6.62,1,0,0,0,0,0,0,0,0.0,0.0,0,2,2,2,0,7,87.5,0,30,20,66.67,2,47,8,8,93,59.24,109,327,317,644,178.7,4,0,951,20,7,0,Djené,Getafe,307702,2859,spain,2526,20260326
31,0,0.0,120,74,41.34,396,792,1188,87.1,38,55.07,31,29,0,0,0,0,67,0,1,3,3,179,29,0,0,3,9,68,0,1,0.27,0.74,27,0,0.0,11,0,0,47,41,6,0,0,,43,53.75,0,0,0,176,15,2,0,29,2610,0,12.0,0,0,0,2,0.0,0,0,0,0,203,2,0,6.61,0,0,0,0,0,0,0,0,0.0,0.0,0,5,9,4,7,4,80.0,0,32,24,75.0,2,86,5,2,81,54.36,179,527,837,1364,191.8,14,0,1744,8,4,0,Martin Valjent,Mallorca,300522,2826,spain,2526,20260326
3,1,9.09,25,1,20.0,43,18,61,79.22,1,14.29,6,8,3,0,0,0,13,3,0,0,0,1,8,0,0,7,5,35,1,0,1.45,0.34,3,0,0.0,0,0,3,11,8,3,0,0,,17,36.96,0,0,1,16,3,4,0,3,326,1,0.0,0,0,0,0,0.0,0,0,0,0,63,0,0,6.61,0,0,0,0,0,0,0,0,0.0,0.0,0,3,3,4,2,7,33.33,0,5,1,20.0,4,7,21,11,18,33.96,5,58,19,77,52.9,6,0,171,5,2,0,Thiago Fernández,Real Oviedo,1201412,2851,spain,2526,20260326
5,1,12.5,69,7,43.75,130,70,200,81.97,3,50.0,3,8,0,0,0,0,31,1,0,2,0,4,8,0,0,8,1,32,1,1,0.41,0.35,13,0,0.0,0,0,0,9,7,2,0,0,,31,51.67,0,0,1,44,2,4,0,6,511,0,1.0,0,1,0,0,0.0,0,0,0,0,88,2,0,6.61,0,0,0,0,0,0,0,0,0.0,0.0,0,2,3,2,1,18,66.67,0,2,0,0.0,3,8,27,8,34,51.52,16,158,86,244,52.9,5,0,349,11,1,0,Fer López,Celta Vigo,1526628,2821,spain,2526,20260326
0,0,0.0,4,6,37.5,33,161,194,90.65,5,50.0,5,9,0,0,0,0,8,0,0,1,1,19,9,0,0,0,2,11,0,0,0.01,0.38,4,0,0.0,18,0,0,4,4,0,0,0,,11,64.71,0,0,0,20,5,0,0,6,401,0,2.0,0,0,0,0,0.0,0,0,0,0,25,0,0,6.61,0,0,0,0,0,0,0,0,0.0,0.0,0,3,0,1,1,0,0.0,0,10,6,60.0,0,2,0,0,16,59.26,16,46,168,214,59.5,3,0,264,1,1,0,Luiz Felipe,Rayo Vallecano,850035,2818,spain,2526,20260326
2,9,23.08,21,5,55.56,34,16,50,71.43,3,42.86,4,19,2,0,0,0,7,0,0,1,0,4,19,0,0,9,3,33,0,0,0.69,0.51,8,0,25.0,1,1,3,4,3,1,1,0,,14,32.56,0,0,0,20,0,6,0,1,292,0,1.0,0,0,0,0,0.0,0,0,0,0,77,1,0,6.61,0,1,0,0,0,0,0,0,292.0,0.0,0,3,1,1,2,5,35.71,0,5,2,40.0,6,4,14,39,17,34.0,9,50,20,70,125.6,4,0,173,4,3,0,Kike Barja,Osasuna,591132,2820,spain,2526,20260326
8,0,0.0,60,22,68.75,175,279,454,86.81,13,48.15,14,20,0,0,0,0,62,0,0,3,2,26,20,0,0,12,12,61,0,3,0.18,0.33,23,0,0.0,0,0,0,23,16,7,0,0,,35,42.68,0,0,1,69,12,3,0,16,1320,0,6.0,0,0,0,0,0.0,0,0,0,0,93,3,0,6.61,0,0,0,0,0,0,0,0,0.0,0.0,0,2,6,3,2,3,75.0,0,28,17,60.71,3,14,4,0,48,44.04,32,214,309,523,132.2,8,0,670,4,3,0,Kwasi Sibo,Real Oviedo,905639,2851,spain,2526,20260326
20,5,23.81,139,11,50.0,202,78,280,75.88,11,34.38,21,21,1,0,0,0,52,1,3,5,1,3,21,0,0,11,12,67,0,2,1.47,2.53,12,0,15.0,0,3,4,29,26,3,3,0,,42,47.73,1,0,0,89,4,21,0,10,1065,9,0.0,0,0,1,0,100.0,0,1,0,0,173,5,0,6.61,0,2,0,0,0,0,0,0,355.0,0.0,1,16,4,8,7,5,27.78,0,16,9,56.25,21,43,18,21,53,44.17,22,269,100,369,138.8,20,0,567,21,1,0,Alexis Sánchez,Sevilla,34120,2833,spain,2526,20260326
3,8,25.0,43,2,25.0,89,42,131,74.43,3,30.0,7,21,0,0,0,0,33,2,0,7,0,7,21,0,0,6,7,52,0,0,1.31,1.78,12,0,5.26,0,1,1,18,15,3,1,0,,43,48.86,0,0,0,45,5,12,0,8,778,1,0.0,0,0,0,0,0.0,0,0,0,0,124,2,0,6.61,0,1,0,0,0,0,0,0,778.0,0.0,0,13,6,7,5,15,42.86,0,7,5,71.43,12,10,35,32,46,46.94,8,126,50,176,138.8,19,0,360,21,1,0,Jofre Carreras,Espanyol,1019236,2814,spain,2526,20260326
5,8,25.0,48,6,66.67,74,15,89,82.41,1,16.67,5,13,0,0,0,0,15,1,0,7,0,2,11,0,0,4,9,37,0,0,0.71,0.58,9,0,7.69,0,1,1,6,5,1,1,0,,17,34.69,0,0,0,19,2,8,0,4,337,0,0.0,0,0,0,0,0.0,0,0,0,0,66,3,0,6.61,0,1,0,0,0,0,0,0,337.0,0.0,0,5,8,4,2,6,35.29,0,5,5,100.0,8,11,17,32,18,32.73,9,89,19,108,72.7,13,0,221,6,0,0,Nico Serrano,Athletic Club,1019318,2825,spain,2526,20260326
3,2,22.22,103,7,46.67,170,96,266,78.01,23,35.94,41,23,2,0,0,0,45,4,5,9,1,11,23,0,0,28,8,109,0,0,1.39,2.84,22,0,3.57,0,1,3,17,15,2,0,1,,69,50.36,0,0,1,75,4,11,0,13,1133,3,1.0,0,0,0,0,0.0,0,0,0,1,173,6,0,6.61,0,1,0,0,0,0,0,0,1133.0,0.0,0,21,7,11,8,16,55.17,0,18,9,50.0,11,8,29,9,92,45.77,15,225,116,341,152.0,28,0,610,35,1,0,Lucas Beltrán,Valencia,962029,2828,spain,2526,20260326
9,1,50.0,40,7,70.0,75,73,148,71.84,45,52.94,40,16,0,0,0,1,28,0,4,4,1,12,16,0,0,21,2,83,0,1,0.33,3.03,11,0,8.33,0,2,2,17,15,2,2,0,,32,42.67,1,0,0,58,1,5,0,13,1037,12,1.0,0,0,1,0,0.0,0,0,0,0,121,2,0,6.61,0,1,0,0,0,0,0,0,518.5,0.0,0,19,5,15,5,9,47.37,0,3,0,0.0,5,14,19,2,77,48.13,10,122,84,206,105.7,24,0,376,21,2,0,Salomón Rondón,Real Oviedo,35532,2851,spain,2526,20260326
3,3,13.64,86,6,40.0,160,96,256,89.51,4,36.36,7,9,1,0,0,0,19,0,1,1,1,8,9,0,0,6,3,23,0,0,0.35,0.75,4,0,20.0,0,1,2,7,6,1,1,0,,25,60.98,0,0,0,30,5,3,1,7,598,1,3.0,0,0,0,0,0.0,0,0,0,0,71,1,0,6.6,1,0,0,0,0,0,0,0,598.0,0.0,0,2,3,2,2,2,33.33,0,14,7,50.0,3,3,6,22,29,55.77,15,177,109,286,59.4,5,0,433,9,0,1,Fran García,Real Madrid,851271,2829,spain,2526,20260326
0,0,0.0,1,0,0.0,2,2,4,66.67,0,0.0,0,1,1,0,0,0,1,0,0,0,0,0,1,0,0,0,0,2,0,0,0.07,,0,0,0.0,0,0,1,1,1,0,0,0,,1,33.33,0,0,0,2,0,1,0,0,14,0,0.0,0,0,0,0,0.0,0,0,0,0,4,0,0,6.6,0,0,0,0,0,0,0,0,0.0,0.0,0,0,0,0,0,0,0.0,0,1,1,100.0,1,0,2,0,1,33.33,0,4,2,6,6.6,0,0,12,0,0,0,Alex Sanchez,Elche,2216007,2846,spain,2526,20260326
0,0,0.0,0,0,0.0,0,0,0,0.0,0,0.0,1,1,0,0,0,0,0,0,0,0,0,0,1,0,0,0,0,3,0,0,,,0,0,0.0,0,0,0,0,0,0,0,0,,2,50.0,0,0,0,0,0,0,0,0,12,0,0.0,0,0,0,0,0.0,0,0,0,0,3,0,0,6.6,0,0,0,0,0,0,0,0,0.0,0.0,0,0,0,0,0,0,0.0,0,0,0,0.0,0,0,2,0,2,40.0,0,0,0,0,6.6,0,0,7,2,0,0,Álex Sola,Getafe,966836,2859,spain,2526,20260326
0,0,0.0,1,1,100.0,5,6,11,84.62,0,0.0,0,1,0,0,0,0,3,0,0,0,0,0,1,0,0,1,0,1,0,0,0.0,,0,0,0.0,0,0,0,0,0,0,0,0,,0,0.0,0,0,0,2,0,0,0,0,25,0,0.0,0,0,0,0,0.0,0,0,0,0,6,1,0,6.6,0,0,0,0,0,0,0,0,0.0,0.0,0,0,0,0,0,0,0.0,0,0,0,0.0,0,0,0,3,0,0.0,1,6,7,13,6.6,0,0,18,0,0,0,Jairo Izquierdo,Elche,602164,2846,spain,2526,20260326
1,0,0.0,0,2,100.0,4,6,10,83.33,0,0.0,0,1,0,0,0,0,0,0,0,0,0,0,1,0,0,0,0,0,0,0,0.0,,0,0,0.0,0,0,0,0,0,0,0,0,,0,0.0,0,0,0,2,0,0,0,0,13,0,,0,0,0,0,0.0,0,0,0,0,2,0,0,6.6,0,0,0,0,0,0,0,0,0.0,0.0,0,0,0,0,0,0,0.0,0,0,0,0.0,0,1,0,0,0,0.0,2,5,7,12,6.6,0,0,14,0,0,0,Borja Sánchez,Real Oviedo,758666,2851,spain,2526,20260326
0,0,0.0,4,1,33.33,11,40,51,87.93,3,75.0,1,2,0,0,0,0,4,0,0,0,0,3,1,0,0,3,1,5,0,0,0.01,,0,0,0.0,0,0,0,2,2,0,0,0,,6,60.0,0,0,0,7,5,0,0,1,91,0,0.0,0,0,0,0,0.0,0,0,0,0,11,1,0,6.6,0,0,0,0,0,0,0,0,0.0,0.0,0,0,0,0,0,2,100.0,0,1,1,100.0,0,2,2,0,9,64.29,3,16,42,58,6.6,0,0,88,3,0,0,Xavi Espart,Barcelona,1546073,2817,spain,2526,20260326
0,0,0.0,1,0,0.0,1,3,4,66.67,0,0.0,0,2,0,0,0,0,0,0,0,0,0,1,1,0,0,0,2,2,0,0,0.0,,0,0,0.0,0,0,0,0,0,0,0,0,,1,33.33,0,0,0,2,0,0,0,0,12,0,0.0,0,0,0,0,0.0,0,0,0,0,2,0,0,6.6,0,0,0,0,0,0,0,0,0.0,0.0,0,0,0,0,0,0,0.0,0,1,0,0.0,0,0,0,0,1,33.33,1,3,3,6,6.6,0,0,8,0,0,0,Jorge Cestero,Real Madrid,1590121,2829,spain,2526,20260326
4,1,50.0,32,9,60.0,71,63,134,76.57,19,61.29,12,10,0,0,0,0,15,0,1,2,0,16,9,0,0,6,5,37,1,0,0.19,0.4,11,0,0.0,0,0,0,19,18,1,0,0,,24,48.98,0,0,0,41,2,0,0,6,421,1,2.0,0,0,0,0,0.0,0,0,0,1,61,2,0,6.6,0,0,0,0,0,0,0,0,0.0,0.0,0,4,2,3,1,3,50.0,0,7,4,57.14,0,9,6,2,43,53.75,15,102,73,175,59.4,6,0,265,14,1,0,Yangel Herrera,Real Sociedad,839585,2824,spain,2526,20260326
5,2,40.0,24,8,36.36,64,127,191,87.61,4,50.0,4,14,0,0,0,0,15,0,1,0,2,22,14,0,0,1,2,12,0,0,0.22,0.39,4,0,0.0,0,0,0,7,7,0,0,0,,8,50.0,0,0,0,27,3,2,0,7,615,0,4.0,0,0,0,1,0.0,0,0,0,0,44,0,0,6.6,0,0,0,0,0,0,0,0,0.0,0.0,0,1,0,1,0,2,66.67,0,4,3,75.0,2,11,3,5,12,50.0,22,81,137,218,92.4,1,0,301,2,0,0,Juan Cruz,Osasuna,897902,2820,spain,2526,20260326
9,6,23.08,66,16,64.0,105,47,152,72.73,0,0.0,5,14,0,0,0,0,25,3,0,1,0,1,14,0,0,3,6,26,0,0,1.12,0.29,7,0,0.0,0,0,0,14,13,1,0,0,,22,51.16,0,0,0,57,3,11,0,6,483,0,0.0,0,0,0,1,0.0,0,0,0,0,99,3,0,6.6,0,0,0,0,0,0,0,0,0.0,0.0,0,3,6,5,3,4,36.36,0,12,7,58.33,11,17,11,26,22,45.83,25,149,60,209,92.4,9,0,314,6,1,0,Josip Brekalo,Real Oviedo,357598,2851,spain,2526,20260326
0,0,0.0,3,0,0.0,7,5,12,48.0,1,50.0,1,6,0,0,0,0,7,0,1,1,1,11,5,0,0,0,3,5,0,1,0.0,0.27,1,0,0.0,0,0,0,1,1,0,0,0,,7,63.64,0,0,0,13,0,0,0,1,151,0,0.0,0,0,0,0,0.0,0,0,0,0,19,0,0,6.6,0,0,0,0,0,0,0,0,0.0,0.0,0,2,0,0,1,0,0.0,0,7,5,71.43,0,3,0,1,8,61.54,8,18,7,25,33.0,2,0,57,0,1,0,Sebastián Boselli,Getafe,1392092,2859,spain,2526,20260326
1,0,0.0,8,0,0.0,14,10,24,88.89,0,0.0,0,2,0,0,0,0,2,0,0,1,0,0,2,0,0,1,1,4,0,0,0.06,0.14,1,0,0.0,0,0,0,1,1,0,0,0,,5,55.56,0,0,0,3,3,1,0,0,51,0,0.0,0,0,0,0,0.0,0,0,0,0,8,0,0,6.6,0,0,0,0,0,0,0,0,0.0,0.0,0,1,0,0,0,2,66.67,0,1,1,100.0,1,1,3,1,5,55.56,0,16,11,27,13.2,1,0,45,2,0,0,César Palacios,Real Madrid,1402688,2829,spain,2526,20260326
0,0,0.0,1,0,0.0,3,2,5,55.56,0,0.0,1,1,0,0,0,0,1,0,0,0,0,0,1,0,0,0,0,2,0,0,0.0,0.11,1,0,0.0,0,0,0,0,0,0,0,0,,2,66.67,0,0,0,4,0,0,0,0,45,1,0.0,0,0,0,0,0.0,0,0,0,0,7,0,0,6.6,0,0,0,0,0,0,0,0,0.0,0.0,0,2,0,1,1,0,0.0,0,2,0,0.0,0,0,0,0,2,50.0,0,6,3,9,6.6,2,0,17,0,0,0,Ibrahim Diabaté,Deportivo Alavés,1084043,2885,spain,2526,20260326
12,0,0.0,23,25,40.98,61,165,226,78.75,11,68.75,5,7,0,0,0,0,14,0,0,0,0,13,7,0,0,1,1,8,0,1,0.03,0.1,1,0,0.0,6,0,0,8,8,0,0,0,,9,75.0,0,0,0,61,2,1,0,5,420,1,2.0,0,0,0,0,0.0,0,0,0,0,69,0,0,6.6,0,0,0,0,0,0,0,0,0.0,0.0,0,3,0,3,0,1,100.0,0,3,1,33.33,1,32,1,2,20,71.43,61,99,188,287,46.2,3,0,336,5,1,0,Marash Kumbulla,Mallorca,893642,2826,spain,2526,20260326
0,1,100.0,7,1,50.0,7,2,9,64.29,1,20.0,4,2,0,0,0,0,1,0,0,1,0,1,2,0,0,1,1,8,0,0,0.07,0.1,1,0,0.0,0,0,0,0,0,0,0,0,,2,33.33,0,0,0,5,1,2,0,0,59,0,1.0,0,0,0,0,0.0,0,0,0,0,8,0,0,6.6,0,0,0,0,0,0,0,0,0.0,0.0,0,0,1,0,0,1,50.0,0,0,0,0.0,2,1,2,1,3,27.27,2,12,2,14,13.2,1,0,26,1,0,0,Veljko Birmančević,Getafe,831510,2859,spain,2526,20260326
0,0,0.0,5,0,0.0,8,4,12,92.31,0,0.0,0,2,0,0,0,0,3,0,0,0,0,2,2,0,0,0,0,0,0,0,0.08,0.09,0,0,0.0,0,0,0,1,1,0,0,0,,0,0.0,0,0,0,1,0,0,0,1,41,1,1.0,0,0,0,0,0.0,0,0,0,0,2,0,0,6.6,0,0,0,0,0,0,0,0,0.0,0.0,0,1,1,1,1,0,0.0,0,0,0,0.0,0,0,0,0,0,0.0,0,9,4,13,13.2,2,0,20,0,0,0,Donny van de Beek,Girona FC,361790,24264,spain,2526,20260326
3,0,0.0,20,4,57.14,54,55,109,87.9,3,60.0,2,10,0,0,0,0,8,0,0,0,0,6,10,0,1,0,1,11,0,0,0.05,0.07,7,0,0.0,0,0,0,6,5,1,0,0,,9,50.0,0,0,0,15,4,1,0,1,204,0,0.0,0,0,0,0,0.0,0,0,0,0,20,0,0,6.6,1,0,0,0,0,0,0,0,0.0,0.0,0,1,0,1,0,0,0.0,0,6,3,50.0,1,4,1,0,12,52.17,7,64,60,124,66.0,1,0,159,4,0,0,Federico Redondo,Elche,1117026,2846,spain,2526,20260326
1,0,0.0,8,0,0.0,24,8,32,84.21,0,0.0,0,4,0,0,0,0,8,0,0,0,0,2,4,0,0,0,1,2,0,0,0.02,0.06,1,0,0.0,0,0,0,1,0,1,0,0,,6,75.0,0,0,0,6,2,0,0,0,77,0,0.0,0,0,0,0,0.0,0,0,0,0,9,1,0,6.6,0,0,0,0,0,0,0,0,0.0,0.0,0,0,1,1,0,1,100.0,0,5,0,0.0,0,1,1,0,6,75.0,0,28,10,38,26.4,1,0,56,0,1,0,Carlos Maciá,Villarreal,2238900,2819,spain,2526,20260326
0,0,0.0,8,1,100.0,13,10,23,95.83,0,0.0,1,3,0,0,0,0,9,0,0,1,0,1,3,0,0,1,0,8,0,0,0.01,0.04,3,0,0.0,0,0,0,0,0,0,0,0,,5,41.67,0,0,0,1,1,1,0,0,60,0,0.0,0,0,0,0,0.0,0,0,0,0,17,1,0,6.6,0,0,0,0,0,0,0,0,0.0,0.0,0,0,1,0,0,4,57.14,0,1,1,100.0,1,0,7,5,5,38.46,1,14,10,24,19.8,1,0,54,0,0,0,Luca Koleosho,Espanyol,1216282,2814,spain,2526,20260326
4,6,20.69,74,5,33.33,161,123,284,85.8,10,55.56,8,16,1,0,0,0,26,0,0,0,1,29,16,0,0,9,11,41,0,1,0.71,0.25,9,0,0.0,0,0,1,16,13,3,0,0,,41,55.41,0,0,0,47,7,8,0,10,817,0,1.0,0,0,0,0,0.0,0,0,0,0,113,0,0,6.59,0,0,0,0,0,0,0,0,0.0,0.0,0,2,3,4,1,8,66.67,0,24,17,70.83,8,12,12,29,51,55.43,15,196,135,331,105.5,5,0,609,9,2,0,Andoni Gorosabel,Athletic Club,866810,2825,spain,2526,20260326
17,0,0.0,26,26,57.78,72,204,276,88.18,21,75.0,7,11,0,0,0,0,18,0,0,2,1,49,11,0,0,4,2,29,0,2,0.03,0.25,14,0,0.0,0,0,0,14,13,1,0,0,,22,50.0,0,0,0,37,4,2,0,7,610,0,1.0,0,0,0,1,0.0,0,0,0,0,53,0,0,6.59,0,0,0,0,0,0,0,0,0.0,0.0,0,5,1,4,0,2,40.0,0,14,8,57.14,2,28,5,0,43,59.72,45,101,212,313,72.5,6,0,427,6,5,0,Tanguy Nianzou,Sevilla,1003007,2833,spain,2526,20260326
5,5,25.0,68,6,66.67,105,62,167,83.92,2,15.38,11,10,0,0,0,1,33,2,6,0,0,3,9,0,0,5,5,39,0,0,0.83,3.47,11,0,13.33,0,2,2,13,9,4,2,0,,15,34.88,1,0,0,32,3,10,0,8,678,0,1.0,0,0,2,0,50.0,0,1,0,0,77,6,0,6.59,0,1,0,0,0,0,0,0,339.0,0.0,0,12,3,6,9,5,35.71,0,4,2,50.0,10,7,14,20,17,30.36,9,132,67,199,59.3,15,0,311,6,2,0,Javi Puado,Espanyol,891511,2814,spain,2526,20260326
10,0,0.0,49,16,69.57,110,61,171,77.73,11,57.89,8,19,0,0,0,0,28,0,1,0,0,9,18,0,0,6,11,35,0,2,0.16,0.13,8,0,0.0,0,0,0,9,8,1,0,0,,26,49.06,0,0,0,49,9,4,0,1,389,0,0.0,0,0,0,0,0.0,0,0,0,0,69,5,0,6.59,0,0,0,0,0,0,0,0,0.0,0.0,0,1,1,2,0,4,66.67,0,15,10,66.67,4,24,6,2,37,51.39,23,148,72,220,118.6,2,0,304,7,0,0,Mikel Vesga,Athletic Club,359742,2825,spain,2526,20260326
11,12,32.43,64,21,35.59,153,199,352,77.88,11,42.31,15,17,1,0,0,0,65,2,0,3,2,35,17,0,0,5,9,70,0,0,0.78,0.14,28,0,0.0,0,0,1,21,17,4,0,0,,66,54.55,0,0,0,100,14,13,0,14,1190,1,2.0,0,1,0,0,0.0,0,0,0,0,197,1,0,6.59,0,0,0,0,0,0,0,0,0.0,0.0,0,3,2,2,0,11,40.74,0,34,17,50.0,12,27,27,37,77,52.38,59,202,250,452,112.0,5,0,830,23,2,0,Javi López,Real Oviedo,945404,2851,spain,2526,20260326
0,1,14.29,5,1,33.33,9,10,19,59.38,2,40.0,3,7,1,0,0,0,9,1,0,2,0,4,7,0,0,2,0,11,0,0,0.24,0.11,3,0,0.0,0,0,1,2,2,0,0,0,,7,46.67,0,0,0,13,0,2,0,2,217,0,0.0,0,0,0,0,0.0,0,0,0,0,33,0,0,6.59,0,0,0,0,0,0,0,0,0.0,0.0,0,3,0,1,0,1,25.0,0,3,2,66.67,2,3,4,7,9,45.0,3,19,13,32,46.1,3,0,80,3,0,0,Marc Domenech,Mallorca,1914318,2826,spain,2526,20260326
0,3,42.86,21,1,33.33,37,16,53,84.13,0,0.0,2,6,0,0,0,0,1,0,0,0,0,0,6,0,0,1,4,10,0,0,0.32,0.17,2,0,0.0,0,0,0,2,2,0,0,0,,6,42.86,0,0,0,10,0,3,0,0,73,0,0.0,0,0,0,0,0.0,0,0,0,0,24,0,0,6.58,0,0,0,0,0,0,0,0,0.0,0.0,0,1,0,0,1,0,0.0,0,3,0,0.0,3,1,1,7,6,37.5,3,45,18,63,39.5,1,0,92,3,2,0,Óscar Trejo,Rayo Vallecano,21949,2818,spain,2526,20260326
17,8,21.62,128,22,45.83,220,202,422,78.0,16,50.0,16,24,1,0,0,0,91,2,1,1,2,40,24,0,0,12,10,66,2,0,1.17,0.69,19,0,12.5,0,1,2,21,17,4,1,0,,52,50.98,0,0,0,119,31,15,0,22,1764,5,2.0,0,0,0,0,0.0,0,0,0,0,218,6,0,6.58,0,1,0,0,0,0,0,0,1764.0,0.0,0,5,3,4,3,6,35.29,0,35,18,51.43,15,38,17,37,68,50.75,48,314,227,541,157.9,8,0,950,11,5,0,Kiko Femenía,Getafe,53739,2859,spain,2526,20260326
4,7,17.5,85,5,55.56,137,84,221,82.16,1,5.0,19,25,1,0,0,0,73,3,2,3,0,3,25,0,0,13,14,73,0,0,1.17,1.66,13,0,13.33,0,2,3,16,15,1,2,0,,40,42.55,0,0,1,48,2,13,0,10,1106,5,2.0,0,0,0,0,0.0,0,0,0,0,145,12,0,6.58,0,2,0,0,0,0,0,0,553.0,0.0,0,10,5,4,8,12,46.15,0,14,10,71.43,13,7,26,40,41,35.96,9,169,100,269,164.4,15,0,488,14,4,0,Fran Pérez,Rayo Vallecano,966637,2818,spain,2526,20260326
3,0,0.0,7,0,0.0,16,8,24,66.67,5,38.46,8,8,0,0,0,0,3,0,2,0,0,0,8,0,0,2,2,15,0,0,0.11,0.15,2,0,50.0,0,1,1,4,4,0,1,0,,4,36.36,0,0,0,12,0,3,0,0,176,3,0.0,0,0,0,0,0.0,0,0,0,0,21,0,0,6.58,0,1,0,0,0,0,0,0,176.0,0.0,0,2,0,1,1,1,50.0,0,2,0,0.0,3,4,2,0,9,37.5,2,25,11,36,52.6,2,0,61,1,0,0,Juanmi,Getafe,96369,2859,spain,2526,20260326
0,0,0.0,3,1,50.0,7,7,14,66.67,6,66.67,3,5,0,0,0,0,2,0,1,1,0,2,4,0,0,1,0,6,0,0,0.01,0.4,2,0,0.0,0,0,0,3,3,0,0,0,,4,57.14,0,0,0,7,0,0,0,0,54,0,0.0,0,0,0,0,0.0,0,0,0,0,10,0,0,6.58,0,0,0,0,0,0,0,0,0.0,0.0,0,3,0,1,1,0,0.0,0,2,0,0.0,0,0,0,0,10,62.5,2,13,8,21,26.3,3,0,37,2,1,0,Thiago Borbas,Real Oviedo,1018547,2851,spain,2526,20260326
12,1,8.33,42,10,83.33,67,24,91,79.82,0,0.0,3,12,1,0,0,0,14,1,0,4,0,1,11,0,0,6,1,22,0,0,0.37,0.21,6,0,0.0,0,0,1,4,3,1,0,0,,12,38.71,0,0,0,23,4,2,0,3,283,0,0.0,0,0,0,0,0.0,0,0,0,0,58,5,0,6.57,0,0,0,0,0,0,0,0,0.0,0.0,1,3,5,3,1,3,33.33,0,7,4,57.14,2,15,9,12,12,35.29,12,85,29,114,72.3,8,0,196,2,0,0,Dani Raba,Valencia,873947,2828,spain,2526,20260326
0,2,50.0,38,0,0.0,51,17,68,81.93,2,40.0,3,14,0,0,0,0,13,0,1,4,1,4,14,0,0,10,3,33,0,0,0.16,0.69,5,0,9.09,0,1,1,8,7,1,1,0,,13,30.23,0,0,0,15,1,6,0,4,383,1,0.0,0,0,0,0,0.0,0,0,0,0,53,2,0,6.57,0,1,0,0,0,0,0,0,383.0,0.0,0,6,5,0,7,6,33.33,0,1,0,0.0,6,2,18,4,15,31.25,3,63,20,83,92.0,11,0,171,6,0,0,Alfon González,Villarreal,1468090,2819,spain,2526,20260326
1,1,100.0,14,0,0.0,20,11,31,57.41,7,46.67,8,11,0,0,0,0,10,1,1,5,0,4,10,0,0,11,1,28,0,0,0.23,1.02,2,0,10.0,0,1,1,5,5,0,1,0,,14,41.18,0,0,0,23,1,1,0,2,239,3,0.0,0,0,0,0,0.0,0,0,0,0,44,1,0,6.57,0,1,0,0,0,0,0,0,239.0,0.0,0,8,2,1,4,9,60.0,0,4,3,75.0,1,2,15,1,21,42.86,1,37,17,54,65.7,10,0,116,1,1,0,Goduine Koyalipou,Levante UD,891505,2849,spain,2526,20260326
18,6,33.33,141,21,60.0,279,181,460,85.66,5,23.81,16,20,0,0,0,0,52,1,0,6,0,8,20,0,0,17,7,77,0,1,0.94,0.74,22,0,7.14,0,1,1,19,17,2,1,0,,52,46.02,0,0,1,77,4,11,0,10,1007,2,1.0,0,0,0,0,0.0,0,0,0,0,158,6,0,6.57,0,1,0,0,0,0,0,0,1007.0,0.0,0,3,11,6,2,16,50.0,0,16,11,68.75,11,36,32,18,57,42.54,35,332,205,537,131.4,14,0,748,20,5,0,Rodrigo Mendoza,Atlético Madrid,1391752,2836,spain,2526,20260326
9,10,35.71,53,13,44.83,141,118,259,83.28,6,31.58,13,21,1,0,0,0,34,2,0,3,0,18,20,0,0,3,3,48,0,0,1.15,0.26,28,0,0.0,0,0,1,14,13,1,0,0,,26,42.62,0,0,0,52,6,12,0,10,793,0,4.0,0,0,0,1,0.0,0,0,0,0,83,6,0,6.57,0,0,0,0,0,0,0,0,0.0,0.0,1,2,7,1,5,6,75.0,0,17,11,64.71,12,15,8,28,32,40.0,29,178,133,311,131.4,9,0,431,3,4,0,Gerard Gumbau,Rayo Vallecano,326471,2818,spain,2526,20260326
3,0,0.0,37,5,71.43,99,85,184,89.76,7,53.85,6,14,0,0,0,0,25,0,0,1,1,9,13,0,0,4,3,25,0,0,0.07,0.38,11,0,20.0,0,1,1,12,8,4,1,0,,17,47.22,0,0,0,21,4,0,0,5,465,0,1.0,0,0,0,0,0.0,0,0,0,0,51,1,0,6.57,0,1,0,0,0,0,0,0,465.0,0.0,0,3,2,2,2,2,40.0,0,11,8,72.73,0,3,5,0,24,48.98,7,110,95,205,85.4,5,0,302,4,2,0,John Donald,Elche,1094758,2846,spain,2526,20260326
17,32,31.68,240,22,44.0,432,214,646,84.89,14,43.75,18,29,4,0,0,0,79,6,2,9,0,22,29,0,0,31,24,120,1,1,2.9,2.55,35,0,0.0,0,0,4,30,28,2,0,0,,79,43.65,0,0,0,115,10,32,0,22,1814,0,2.0,0,0,0,0,0.0,0,0,0,0,266,7,0,6.57,0,0,0,0,0,0,0,0,0.0,0.0,0,16,10,12,5,13,46.43,0,35,24,68.57,32,38,28,101,93,43.66,50,512,249,761,190.5,26,0,1153,31,4,0,Carles Aleñá,Deportivo Alavés,794937,2885,spain,2526,20260326
10,4,20.0,98,5,33.33,148,69,217,82.51,4,36.36,7,19,1,0,0,0,42,1,4,7,0,4,19,0,0,14,13,58,0,0,1.16,1.87,6,0,0.0,0,0,1,8,8,0,0,0,,26,33.77,0,0,2,46,3,14,0,7,663,0,0.0,0,0,0,0,0.0,0,0,0,0,110,8,0,6.57,0,0,0,0,0,0,0,0,0.0,0.0,0,11,8,7,5,7,25.93,0,11,6,54.55,14,13,27,20,30,34.09,15,183,80,263,124.8,19,0,413,8,1,0,Rodrigo Riquelme,Real Betis,989113,2816,spain,2526,20260326
0,0,0.0,16,1,100.0,33,7,40,85.11,2,66.67,1,4,0,0,0,0,3,0,0,0,0,0,3,0,0,2,1,5,0,0,0.05,,1,0,0.0,0,0,0,1,1,0,0,0,,6,60.0,0,0,0,7,0,2,0,1,90,1,0.0,0,0,0,0,0.0,0,0,0,0,10,0,0,6.57,0,0,0,0,0,0,0,0,0.0,0.0,0,0,0,0,0,4,100.0,0,1,0,0.0,2,0,4,0,8,61.54,1,37,10,47,19.7,0,0,60,1,0,0,Dro Fernández,Barcelona,1926085,2817,spain,2526,20260326
4,0,0.0,12,12,35.29,43,106,149,80.54,11,52.38,10,6,0,0,0,0,10,0,0,0,0,49,6,0,0,0,2,17,0,0,0.05,0.3,5,0,0.0,6,0,0,12,11,1,0,0,,9,56.25,0,0,0,36,4,0,0,5,459,0,11.0,1,0,0,0,0.0,0,0,0,0,36,0,0,6.57,0,0,0,0,0,0,0,0,0.0,0.0,0,3,0,3,0,1,100.0,0,5,2,40.0,0,11,1,0,20,54.05,34,70,115,185,39.4,3,0,278,3,1,0,David López,Mallorca,1513896,2826,spain,2526,20260326
0,0,0.0,4,0,0.0,12,5,17,73.91,1,100.0,0,3,0,0,0,0,5,0,0,0,0,0,3,0,0,1,0,2,0,0,0.01,0.02,1,0,0.0,0,0,0,1,1,0,0,0,,6,75.0,0,0,0,6,0,0,0,1,79,1,0.0,0,0,0,0,0.0,0,0,0,0,15,0,0,6.57,0,0,0,0,0,0,0,0,0.0,0.0,0,1,0,1,0,2,100.0,0,2,1,50.0,0,0,2,4,7,77.78,2,14,9,23,19.7,1,0,43,2,0,0,Alejandro Mestanza,Getafe,1520814,2859,spain,2526,20260326
32,23,43.4,121,42,35.0,264,359,623,75.79,11,31.43,24,28,3,0,0,0,75,9,0,4,5,75,28,0,0,8,17,84,0,0,3.34,0.97,25,0,11.11,0,1,4,43,37,6,1,0,,69,53.49,0,0,0,199,23,23,0,28,2430,2,14.0,0,0,0,1,0.0,0,0,0,0,316,4,0,6.56,0,1,0,0,0,0,0,0,2430.0,0.0,0,4,5,4,1,1,8.33,0,53,33,62.26,23,86,12,53,80,48.78,120,417,405,822,183.7,9,0,1385,15,7,0,Jeremy Toljan,Levante UD,149606,2849,spain,2526,20260326
7,5,27.78,70,1,10.0,138,133,271,84.42,14,66.67,7,10,1,0,0,0,21,2,0,2,0,25,10,0,0,5,6,32,1,0,0.68,0.46,10,0,0.0,0,0,1,11,7,4,0,0,,31,55.36,0,0,0,50,8,8,0,8,676,0,1.0,0,0,0,0,0.0,0,0,0,0,89,0,0,6.56,0,0,0,0,0,0,0,0,0.0,0.0,0,5,0,3,0,3,42.86,0,21,12,57.14,8,16,7,18,45,58.44,10,165,156,321,65.6,5,0,515,7,2,0,Junior Firpo,Real Betis,914835,2816,spain,2526,20260326
5,1,5.26,23,1,20.0,46,30,76,77.55,1,100.0,0,11,0,0,0,0,22,2,0,6,0,2,10,0,0,9,4,31,0,0,0.47,0.49,6,0,0.0,0,0,0,6,4,2,0,0,,15,32.61,0,0,0,22,2,5,0,3,416,1,1.0,0,0,0,0,0.0,0,0,0,0,74,4,0,6.56,0,0,0,0,0,0,0,0,0.0,0.0,0,6,5,1,4,9,39.13,0,1,1,100.0,5,5,23,19,16,34.04,5,63,35,98,65.6,11,0,196,5,2,0,Paco Cortés,Levante UD,1869106,2849,spain,2526,20260326
10,0,0.0,71,11,47.83,122,61,183,69.06,10,45.45,12,22,2,0,0,0,34,3,4,11,1,11,22,0,0,12,8,60,0,0,1.12,3.47,13,0,7.14,0,2,4,16,13,3,2,0,,23,32.39,0,0,0,82,3,8,1,12,1070,12,2.0,0,0,0,0,0.0,0,0,0,0,144,8,0,6.56,0,1,0,0,0,0,0,0,535.0,0.0,0,23,5,7,10,5,22.73,0,10,8,80.0,8,19,22,9,33,35.48,23,180,85,265,144.3,28,0,425,8,0,0,Pablo Durán,Celta Vigo,1398524,2821,spain,2526,20260326
1,1,9.09,7,2,50.0,16,16,32,71.11,0,0.0,4,9,0,0,0,0,15,0,0,2,0,4,9,0,0,3,0,13,0,0,0.14,0.13,4,0,0.0,0,0,0,4,2,2,0,0,,3,25.0,0,0,0,13,3,2,0,0,171,1,0.0,0,0,0,0,0.0,0,0,0,0,35,1,0,6.56,0,0,0,0,0,0,0,0,0.0,0.0,0,3,0,1,0,0,0.0,0,2,1,50.0,2,1,2,11,3,18.75,4,25,20,45,59.0,3,0,83,1,0,0,Sheraldo Becker,Osasuna,352544,2820,spain,2526,20260326
0,2,18.18,71,3,42.86,127,76,203,83.88,5,35.71,9,17,0,0,0,0,22,1,1,8,0,8,17,0,0,15,4,59,0,1,0.56,1.01,12,0,7.14,0,1,1,13,9,4,0,1,,35,41.18,0,0,0,39,4,8,1,11,765,3,3.0,0,0,0,1,0.0,0,0,0,0,108,1,0,6.55,0,0,0,0,0,0,0,0,765.0,0.0,0,7,7,4,2,7,25.93,0,12,4,33.33,8,5,27,11,40,40.4,7,160,82,242,111.4,14,0,424,16,2,0,Grady Diangana,Elche,848512,2846,spain,2526,20260326
4,8,26.67,109,4,44.44,180,77,257,76.72,10,32.26,21,22,4,0,0,0,54,7,1,10,0,7,22,0,1,25,13,125,0,0,1.98,1.77,14,0,0.0,0,0,4,23,20,3,0,0,,72,40.91,0,0,1,78,5,25,0,17,1462,2,2.0,0,0,0,0,0.0,0,0,0,2,237,10,0,6.55,1,0,0,0,0,0,0,0,0.0,0.0,2,11,15,5,11,39,41.94,0,12,8,66.67,25,18,93,30,82,39.61,9,240,95,335,144.1,26,0,686,21,0,0,Jan Virgili,Mallorca,1939173,2826,spain,2526,20260326
0,0,0.0,6,0,0.0,16,13,29,82.86,1,50.0,1,4,0,0,0,0,1,0,0,0,0,2,4,0,0,1,1,5,0,0,0.01,,1,0,0.0,0,0,0,1,1,0,0,0,,2,33.33,0,0,1,6,1,0,0,0,54,0,0.0,0,0,0,0,0.0,0,0,0,0,12,0,0,6.55,0,0,0,0,0,0,0,0,0.0,0.0,0,0,0,0,0,0,0.0,0,2,0,0.0,0,0,1,1,3,37.5,0,21,14,35,26.2,0,0,55,0,0,0,Alexander Freeman,Villarreal,1184541,2819,spain,2526,20260326
13,5,18.52,71,11,33.33,145,115,260,80.5,5,41.67,7,24,0,0,0,0,62,3,1,0,0,18,24,0,0,15,16,57,0,1,0.81,0.4,14,0,0.0,0,0,0,20,17,3,0,0,,31,38.27,0,0,0,63,10,9,0,9,985,1,3.0,0,0,0,0,0.0,0,0,0,0,123,4,0,6.55,1,0,0,0,0,0,0,0,0.0,0.0,0,3,3,3,3,5,45.45,0,16,9,56.25,9,24,11,27,36,38.71,33,190,133,323,157.2,6,0,505,10,2,1,Antonio Sánchez,Mallorca,949722,2826,spain,2526,20260326
1,0,0.0,4,1,50.0,21,16,37,75.51,2,100.0,0,2,0,0,0,0,4,0,0,0,0,0,2,0,0,1,1,8,0,0,0.01,0.03,5,0,0.0,0,0,0,0,0,0,0,0,,4,33.33,0,0,0,12,2,2,0,1,85,0,0.0,0,0,0,0,0.0,0,0,0,0,16,1,0,6.55,0,0,0,0,0,0,0,0,0.0,0.0,0,0,1,1,0,1,50.0,0,3,2,66.67,2,5,2,0,6,42.86,2,28,21,49,13.1,1,0,65,0,1,0,Beñat Prados,Athletic Club,1012409,2825,spain,2526,20260326
8,7,14.58,138,9,60.0,230,175,405,84.38,13,31.71,28,27,1,0,0,0,81,3,6,13,1,10,27,0,1,29,20,174,0,0,1.05,5.12,42,0,7.41,0,4,5,29,23,6,3,1,,84,36.52,1,0,1,75,5,12,0,22,1764,16,4.0,0,0,0,0,0.0,0,0,0,1,275,12,0,6.55,1,3,0,0,0,0,0,0,441.0,0.0,0,35,19,18,23,23,28.4,0,39,28,71.79,12,13,81,48,97,35.79,15,282,198,480,176.8,54,0,934,22,1,0,Ilyas Chaira,Real Oviedo,1008037,2851,spain,2526,20260326
10,2,20.0,45,7,38.89,82,28,110,67.48,3,33.33,6,14,0,0,0,0,21,0,0,0,0,6,13,0,0,7,2,23,0,0,0.78,0.34,6,0,0.0,0,0,0,7,7,0,0,0,,13,43.33,0,0,0,53,4,5,0,4,501,0,1.0,0,0,0,0,0.0,0,0,0,0,83,3,0,6.55,0,0,0,0,0,0,0,0,0.0,0.0,0,4,8,6,6,4,66.67,0,7,4,57.14,5,18,6,10,16,41.03,18,125,38,163,85.1,12,0,250,2,0,0,Javier Muñoz,Getafe,353154,2859,spain,2526,20260326
1,9,21.95,141,6,42.86,224,148,372,84.35,4,23.53,13,23,3,0,0,0,65,6,2,9,0,10,23,0,0,39,14,121,1,0,2.49,1.76,16,0,0.0,0,0,3,18,16,2,0,0,,86,44.33,0,0,0,69,9,19,0,17,1369,6,0.0,0,0,0,0,0.0,0,0,0,0,237,6,0,6.54,0,0,0,0,0,0,0,0,0.0,0.0,0,16,4,6,5,26,39.39,0,27,17,62.96,19,8,66,41,90,42.65,14,275,166,441,150.5,20,0,802,33,4,0,Bryan Gil,Girona FC,910026,24264,spain,2526,20260326
5,4,20.0,49,5,41.67,82,40,122,73.05,10,31.25,22,20,1,0,0,0,26,0,2,4,0,6,19,0,0,6,7,53,0,1,0.93,1.54,9,0,7.14,0,1,2,15,11,4,1,0,,18,36.73,0,0,0,45,0,8,1,7,638,3,1.0,0,0,0,0,0.0,0,0,0,0,98,6,0,6.54,0,0,0,0,0,0,0,0,638.0,0.0,0,10,4,7,3,4,30.77,0,10,5,50.0,8,12,13,20,28,34.57,12,119,48,167,124.3,14,0,289,4,1,0,Unai Gómez,Athletic Club,1391375,2825,spain,2526,20260326
23,14,28.57,183,28,57.14,320,233,553,84.17,15,38.46,24,24,3,0,0,0,85,4,0,5,0,25,24,0,0,15,26,103,0,0,2.31,0.7,20,0,0.0,0,0,3,31,26,5,0,0,,103,56.59,0,0,0,104,9,18,0,20,1660,4,0.0,0,0,0,2,0.0,0,0,0,1,213,7,0,6.54,1,0,0,0,0,0,0,0,0.0,0.0,0,10,2,6,1,22,52.38,0,49,31,63.27,18,34,42,49,118,53.39,49,391,266,657,157.0,12,0,1045,32,2,1,Juanlu Sánchez,Sevilla,1010655,2833,spain,2526,20260326
22,13,18.57,168,23,34.33,311,306,617,82.93,19,63.33,11,25,1,0,0,0,82,2,1,3,4,67,25,0,1,3,16,63,1,1,1.7,0.67,22,0,11.11,0,1,2,31,27,4,1,0,,74,58.73,0,0,2,127,15,19,1,24,1902,2,5.0,0,0,0,0,0.0,0,0,0,0,238,5,0,6.54,1,0,0,0,0,0,0,0,1902.0,0.0,0,6,3,4,2,8,40.0,0,53,29,54.72,19,51,20,70,93,59.62,67,396,348,744,163.5,9,1,1197,13,6,0,José Luis Gayà,Valencia,227922,2828,spain,2526,20260326
3,0,0.0,41,4,50.0,81,75,156,80.83,13,46.43,15,17,0,0,0,0,23,0,1,3,1,9,17,0,1,6,5,38,0,0,0.08,0.78,11,0,12.5,0,1,1,6,6,0,1,0,,15,39.47,0,0,0,37,4,2,1,4,556,0,2.0,0,0,0,0,0.0,0,0,0,0,50,1,0,6.54,2,0,0,0,0,0,0,0,556.0,0.0,0,2,6,2,3,4,80.0,0,10,4,40.0,2,3,5,2,28,42.42,8,105,88,193,111.1,8,0,267,1,1,1,Charles Pickel,Espanyol,758664,2814,spain,2526,20260326
0,0,0.0,10,1,50.0,14,6,20,80.0,2,50.0,2,3,0,0,0,0,2,0,0,0,0,1,3,0,0,2,0,5,0,0,0.04,,1,0,0.0,0,0,0,1,1,0,0,0,,2,40.0,0,0,0,5,0,0,0,0,59,0,0.0,0,0,0,0,0.0,0,0,0,0,8,0,0,6.53,0,0,0,0,0,0,0,0,0.0,0.0,0,0,0,0,0,0,0.0,0,1,0,0.0,0,0,0,0,4,44.44,2,16,9,25,19.6,0,0,34,1,1,0,Gonzalo Villar,Elche,914765,2846,spain,2526,20260326
5,1,33.33,30,9,52.94,72,115,187,89.05,6,50.0,6,10,0,0,0,0,16,0,1,0,0,28,9,0,0,0,8,28,0,0,0.04,0.33,13,0,0.0,3,0,0,8,6,2,0,0,,13,37.14,0,0,0,23,6,0,0,4,399,0,2.0,0,0,0,1,0.0,0,0,0,0,38,1,0,6.53,0,0,0,0,0,0,0,0,0.0,0.0,0,3,0,1,2,0,0.0,0,8,4,50.0,0,11,3,3,19,40.43,17,85,125,210,58.8,3,0,315,5,0,0,Aritz Elustondo,Real Sociedad,785468,2824,spain,2526,20260326
0,0,0.0,26,0,0.0,35,23,58,72.5,5,25.0,15,15,0,0,0,0,18,2,2,1,0,3,15,0,0,8,3,39,0,0,0.82,1.11,7,0,11.11,0,1,1,10,8,2,1,0,,17,41.46,0,0,0,22,1,2,1,6,501,5,0.0,0,0,0,0,0.0,0,0,0,0,60,0,0,6.53,0,0,0,0,0,0,0,0,501.0,0.0,0,8,1,6,2,2,22.22,0,5,2,40.0,2,2,9,6,22,36.07,2,48,32,80,97.9,9,0,161,10,2,0,Takuma Asano,Mallorca,309546,2826,spain,2526,20260326
15,6,17.65,131,16,34.78,271,214,485,81.38,13,37.14,22,19,1,0,0,0,52,1,0,3,2,23,19,0,0,9,4,65,0,1,1.73,0.35,23,0,0.0,0,0,1,22,20,2,0,0,,58,57.43,0,0,0,111,16,9,0,15,1239,3,0.0,0,0,0,1,0.0,0,0,0,0,202,6,0,6.53,0,0,0,0,0,0,0,0,0.0,0.0,0,4,1,1,1,8,50.0,0,27,20,74.07,9,32,16,34,71,52.21,46,347,249,596,124.0,5,0,941,23,4,0,Thierry Correia,Valencia,851282,2828,spain,2526,20260326
2,6,15.0,63,2,28.57,106,58,164,69.2,31,28.18,79,23,0,0,0,0,46,0,2,8,3,4,23,0,0,24,16,174,0,0,0.29,1.95,34,0,13.04,0,3,3,17,15,2,1,2,,69,42.07,0,0,1,73,3,3,2,17,1435,13,2.0,0,0,0,0,0.0,0,0,0,1,234,10,0,6.53,1,1,0,0,0,0,0,0,478.33,0.0,0,13,10,6,9,14,37.84,0,21,15,71.43,3,4,37,40,100,36.5,7,167,70,237,150.1,23,1,574,35,3,1,Adrian Liso,Getafe,1515554,2859,spain,2526,20260326
1,0,0.0,12,0,0.0,19,5,24,77.42,7,63.64,4,8,0,0,0,0,3,0,0,3,0,3,8,0,0,1,1,10,0,0,0.02,0.22,4,0,0.0,0,0,0,1,1,0,0,0,,6,50.0,0,0,0,7,0,1,0,0,106,2,1.0,0,0,0,0,0.0,0,0,0,0,18,0,0,6.53,0,0,0,0,0,0,0,0,0.0,0.0,0,3,1,1,0,1,100.0,0,2,2,100.0,1,2,1,0,13,56.52,1,26,5,31,52.2,4,0,66,3,0,0,Randy Nteka,Rayo Vallecano,932764,2818,spain,2526,20260326
15,11,18.97,147,21,29.17,282,281,563,81.12,16,48.48,17,25,1,0,0,0,86,1,1,2,3,68,25,0,0,9,27,95,0,1,0.85,0.72,26,0,10.0,0,1,2,39,31,8,1,0,,95,54.91,1,0,0,131,29,14,0,24,2177,2,5.0,0,0,0,0,0.0,0,0,0,0,268,7,0,6.52,0,0,0,0,0,0,0,0,2177.0,0.0,0,9,1,5,3,10,38.46,0,68,46,67.65,14,43,26,58,111,53.88,72,373,321,694,163.1,10,0,1269,17,7,0,Manuel Sánchez,Levante UD,984789,2849,spain,2526,20260326
2,1,100.0,23,2,66.67,34,18,52,62.65,18,40.0,27,23,1,0,0,0,13,2,6,3,0,6,21,0,0,16,4,66,1,0,0.43,3.24,11,0,13.33,0,2,3,12,11,1,2,0,,19,32.76,0,0,0,31,0,4,1,5,664,9,2.0,0,0,0,0,0.0,0,0,0,0,81,2,0,6.52,0,1,0,0,0,0,0,0,332.0,0.0,0,12,3,5,7,7,46.67,0,4,3,75.0,4,2,15,1,37,35.92,3,57,26,83,137.0,15,0,206,8,1,0,Tani Oluwaseyi,Villarreal,1172477,2819,spain,2526,20260326
6,14,32.56,80,8,32.0,165,129,294,84.48,6,33.33,12,20,1,0,0,0,33,3,0,4,0,28,19,0,0,4,10,59,1,0,1.56,0.35,15,0,11.11,1,1,2,23,19,4,1,0,,42,47.19,0,0,0,54,10,21,1,6,830,1,1.0,0,0,0,0,0.0,0,0,0,0,135,4,0,6.52,0,0,0,0,0,0,0,0,830.0,0.0,0,4,5,3,2,5,21.74,0,30,14,46.67,21,14,23,43,48,44.86,25,198,150,348,123.9,9,0,616,7,4,0,Adrià Pedrosa,Elche,928672,2846,spain,2526,20260326
11,5,20.0,63,10,62.5,104,41,145,79.67,2,33.33,4,16,0,0,0,0,14,2,2,6,0,1,15,0,0,2,5,28,0,0,1.08,1.02,8,0,0.0,0,0,0,11,11,0,0,0,,11,31.43,0,0,0,37,0,9,0,2,391,4,0.0,0,0,0,0,0.0,0,0,0,0,86,3,0,6.52,0,0,0,0,0,0,0,0,0.0,0.0,0,6,8,5,3,0,0.0,0,9,4,44.44,9,19,10,25,13,31.71,16,133,49,182,97.8,14,0,292,2,1,0,Arsen Zakharyan,Real Sociedad,1066045,2824,spain,2526,20260326
0,0,0.0,3,0,0.0,7,5,12,85.71,0,0.0,3,6,0,0,0,0,4,0,1,0,0,0,5,0,0,4,2,15,0,0,0.01,0.22,1,0,0.0,0,0,0,3,3,0,0,0,,4,25.0,0,0,0,2,0,2,0,0,76,0,0.0,0,0,0,0,0.0,0,0,0,0,13,0,0,6.52,0,0,0,0,0,0,0,0,0.0,0.0,0,1,0,0,1,1,16.67,0,3,1,33.33,2,0,6,0,4,21.05,0,8,6,14,32.6,1,0,35,0,0,0,Aitor Mañas,Deportivo Alavés,1639543,2885,spain,2526,20260326
7,3,9.38,149,19,63.33,288,197,485,86.15,13,56.52,10,26,0,0,0,0,70,2,1,10,2,12,26,0,0,16,23,71,0,0,0.83,1.2,11,0,0.0,0,0,0,25,21,4,0,0,,46,42.99,0,0,0,78,3,18,0,16,1398,0,1.0,0,0,0,0,0.0,0,0,0,0,170,9,0,6.52,0,0,0,0,0,0,0,0,0.0,0.0,0,7,25,17,5,9,45.0,0,29,18,62.07,18,14,20,32,59,45.38,30,348,215,563,169.4,32,0,801,8,2,0,Pedro Díaz,Rayo Vallecano,900669,2818,spain,2526,20260326
0,0,0.0,5,0,0.0,11,2,13,76.47,3,42.86,4,10,0,0,0,0,1,0,1,2,0,1,7,0,0,2,1,9,0,0,0.11,0.76,2,0,0.0,0,0,0,1,1,0,0,0,,3,37.5,0,0,0,4,0,2,0,0,98,0,0.0,0,0,0,0,0.0,0,0,0,0,10,0,0,6.51,0,0,0,0,0,0,0,0,0.0,0.0,0,3,0,0,1,1,100.0,0,0,0,0.0,2,0,1,1,6,40.0,1,13,4,17,45.6,3,0,30,2,0,0,Abdón Prats,Mallorca,146852,2826,spain,2526,20260326
2,0,0.0,16,2,66.67,32,14,46,71.88,9,52.94,8,8,0,0,0,0,6,1,0,2,0,3,8,0,0,3,2,21,0,0,0.12,1.02,7,0,14.29,0,1,1,7,5,2,1,0,,6,31.58,0,0,0,18,1,2,0,2,254,3,0.0,0,0,0,0,0.0,0,0,0,0,41,0,0,6.51,0,1,0,0,0,0,0,0,254.0,0.0,0,3,4,1,4,1,25.0,0,0,0,0.0,2,2,4,1,15,41.67,3,43,21,64,52.1,7,0,112,5,1,0,Maroan Sannadi,Athletic Club,1520799,2825,spain,2526,20260326
6,5,27.78,51,9,33.33,104,101,205,83.33,7,58.33,5,16,0,0,0,0,24,0,1,0,0,27,16,0,0,2,15,34,0,0,0.44,0.44,6,0,0.0,0,0,0,14,14,0,0,0,,28,49.12,0,0,0,41,5,4,0,7,700,0,0.0,0,0,0,0,0.0,0,0,0,0,88,1,0,6.51,0,0,0,0,0,0,0,0,0.0,0.0,0,2,3,4,1,2,25.0,0,25,15,60.0,4,13,8,18,35,50.72,27,126,120,246,104.2,5,0,422,3,1,0,Aihen Muñoz,Real Sociedad,966441,2824,spain,2526,20260326
8,0,0.0,98,12,54.55,165,87,252,68.66,53,38.13,86,26,1,0,0,0,40,5,8,15,0,13,26,0,0,12,12,167,0,0,1.36,8.28,37,0,10.0,0,6,7,22,17,5,6,0,,45,35.71,1,0,1,115,7,17,0,20,1693,9,1.0,0,0,1,0,100.0,0,1,0,0,213,13,0,6.51,1,5,0,0,0,0,0,0,282.17,0.0,0,53,7,22,23,7,21.88,0,12,3,25.0,17,15,32,6,98,36.98,22,258,109,367,169.3,60,1,676,26,2,1,Gorka Guruzeta,Athletic Club,605672,2825,spain,2526,20260326
5,0,0.0,39,4,50.0,73,38,111,75.0,6,28.57,15,13,1,0,0,0,34,1,0,2,0,2,12,0,0,12,4,56,0,0,0.29,0.43,14,0,0.0,0,0,1,13,12,1,0,0,,45,52.33,0,0,0,37,9,5,0,11,805,1,0.0,0,0,0,0,0.0,0,0,0,0,96,3,0,6.51,0,0,0,0,0,0,0,0,0.0,0.0,0,6,5,8,1,11,45.83,0,19,11,57.89,5,11,24,5,51,47.66,8,100,48,148,78.1,11,0,305,15,3,0,Kareem Tunde,Levante UD,1649919,2849,spain,2526,20260326
11,3,37.5,37,10,38.46,78,75,153,76.5,4,26.67,11,16,0,0,0,0,25,1,0,1,0,29,16,0,0,3,13,41,1,0,0.31,0.3,12,0,25.0,0,1,1,17,15,2,1,0,,30,50.0,0,0,0,47,6,3,0,8,654,1,3.0,0,0,0,0,0.0,0,0,0,0,83,4,0,6.51,0,1,0,0,0,0,0,0,654.0,0.0,0,3,1,1,2,4,66.67,0,18,7,38.89,3,21,6,8,34,45.33,26,109,91,200,104.1,4,0,360,8,2,0,Mateu Morey,Mallorca,879543,2826,spain,2526,20260326
17,4,21.05,169,17,65.38,270,146,416,81.09,16,36.36,28,22,0,0,0,0,52,0,7,8,0,9,22,0,1,26,5,95,0,1,1.33,6.09,25,0,7.14,0,3,3,20,18,2,3,0,,48,41.74,0,0,0,97,3,25,1,19,1504,0,2.0,0,0,2,0,100.0,0,2,0,1,196,11,0,6.5,1,2,0,0,0,0,0,0,501.33,0.0,0,35,7,20,14,13,54.17,0,13,7,53.85,25,30,24,19,64,40.25,26,339,174,513,143.1,42,1,762,22,4,0,Oihan Sancet,Athletic Club,966801,2825,spain,2526,20260326
0,0,0.0,1,0,0.0,2,4,6,100.0,0,0.0,1,1,0,0,0,0,0,0,0,0,0,0,1,0,0,0,0,2,0,0,0.0,,0,0,0.0,0,0,0,0,0,0,0,0,,0,0.0,0,0,0,0,0,0,0,0,9,0,0.0,0,0,0,0,0.0,0,0,0,0,2,0,0,6.5,0,0,0,0,0,0,0,0,0.0,0.0,0,0,0,0,0,0,0.0,0,0,0,0.0,0,0,1,0,0,0.0,0,2,4,6,6.5,0,0,8,0,0,0,Tomás Marqués,Barcelona,1939137,2817,spain,2526,20260326
0,0,0.0,1,1,25.0,5,9,14,82.35,0,0.0,0,1,0,0,0,0,2,0,0,0,0,2,1,0,0,2,1,3,0,0,0.0,,0,0,0.0,0,0,0,1,1,0,0,0,,2,40.0,0,0,0,3,0,0,0,0,29,0,1.0,0,0,0,0,0.0,0,0,0,0,5,0,0,6.5,0,0,0,0,0,0,0,0,0.0,0.0,0,0,0,0,0,0,0.0,0,2,1,50.0,0,1,0,0,2,40.0,4,7,10,17,6.5,0,0,25,0,0,0,Diego Aguado,Real Madrid,1614687,2829,spain,2526,20260326
0,0,0.0,0,0,0.0,0,2,2,100.0,0,0.0,1,1,0,0,0,0,0,0,0,0,0,0,1,0,0,0,1,2,0,0,0.0,,0,0,0.0,0,0,0,1,1,0,0,0,,1,50.0,0,0,0,0,0,0,0,0,13,0,0.0,0,0,0,0,0.0,0,0,0,0,2,0,0,6.5,0,0,0,0,0,0,0,0,0.0,0.0,0,0,0,0,0,0,0.0,0,0,0,0.0,0,0,0,0,1,33.33,0,0,2,2,6.5,0,0,6,1,0,0,Gorka  Carrera Zarranz,Real Sociedad,1985103,2824,spain,2526,20260326
0,0,0.0,3,0,0.0,5,2,7,100.0,0,0.0,1,1,0,0,0,0,2,0,0,0,0,0,1,0,0,0,2,4,0,0,0.01,,1,0,0.0,0,0,0,0,0,0,0,0,,1,25.0,0,0,0,0,0,0,0,0,14,0,0.0,0,0,0,0,0.0,0,0,0,0,0,1,0,6.5,0,0,0,0,0,0,0,0,0.0,0.0,0,0,0,0,0,0,0.0,0,0,0,0.0,0,0,0,0,1,20.0,0,5,2,7,6.5,0,0,10,1,0,0,Ivan Corralejo,Real Betis,1542759,2816,spain,2526,20260326
0,0,0.0,0,0,0.0,1,10,11,84.62,0,0.0,0,1,0,0,0,0,0,0,0,0,0,2,1,0,0,0,0,0,0,1,0.0,,0,0,0.0,0,0,0,0,0,0,0,0,,0,0.0,0,0,0,2,0,0,0,0,45,0,0.0,0,0,0,0,0.0,0,0,0,0,3,0,0,6.5,0,0,0,0,0,0,0,0,0.0,0.0,0,0,0,0,0,0,0.0,0,0,0,0.0,0,2,0,0,0,0.0,2,2,11,13,6.5,0,0,18,0,0,0,Marco Esteban,Real Oviedo,1548439,2851,spain,2526,20260326
0,0,0.0,2,0,0.0,2,3,5,100.0,0,0.0,0,1,0,0,0,0,0,0,0,0,0,0,1,0,0,1,1,2,0,0,0.0,,0,0,0.0,0,0,0,0,0,0,0,0,,0,0.0,0,0,0,0,0,0,0,0,10,0,0.0,0,0,0,0,0.0,0,0,0,0,1,0,0,6.5,0,0,0,0,0,0,0,0,0.0,0.0,0,0,0,0,0,0,0.0,0,0,0,0.0,0,0,0,0,0,0.0,0,2,3,5,6.5,0,0,6,0,0,0,Hugo Solozábal,Getafe,1429059,2859,spain,2526,20260326
0,0,0.0,2,1,50.0,13,21,34,87.18,0,0.0,1,2,0,0,0,0,2,0,0,0,0,1,1,0,0,1,0,3,0,0,0.0,,0,0,0.0,0,0,0,1,1,0,0,0,,4,66.67,0,0,0,5,1,1,0,1,80,0,0.0,0,0,0,0,0.0,0,0,0,0,10,1,0,6.5,0,0,0,0,0,0,0,0,0.0,0.0,0,0,0,0,0,0,0.0,0,3,1,33.33,1,2,1,0,4,57.14,2,16,23,39,6.5,0,0,54,1,0,0,Nacho Pérez,Levante UD,2049311,2849,spain,2526,20260326
0,0,0.0,2,0,0.0,3,0,3,42.86,0,0.0,1,3,0,0,0,0,1,0,0,0,0,1,2,0,0,2,0,4,0,0,0.0,,0,0,0.0,0,0,0,1,0,1,0,0,,3,50.0,0,0,0,4,0,0,0,0,36,0,0.0,0,0,0,0,0.0,0,0,0,0,9,0,0,6.5,0,0,0,0,0,0,0,0,0.0,0.0,0,0,0,0,0,1,50.0,0,1,1,100.0,0,1,2,1,3,42.86,0,5,2,7,13.0,0,0,19,1,0,0,Tai Abed,Levante UD,1160250,2849,spain,2526,20260326
3,3,17.65,26,1,100.0,38,18,56,71.79,5,38.46,8,10,0,0,0,0,11,0,3,3,0,0,10,0,0,6,2,25,0,0,0.57,1.36,6,0,0.0,0,0,0,11,10,1,0,0,,7,29.17,0,0,1,22,2,3,0,4,473,3,1.0,0,0,0,0,0.0,0,0,0,0,58,1,0,6.5,0,0,0,0,0,0,0,0,0.0,0.0,0,9,0,1,5,0,0.0,0,4,1,25.0,3,5,3,17,12,32.43,1,54,24,78,65.0,9,0,149,4,1,0,Portu,Girona FC,218616,24264,spain,2526,20260326
3,0,0.0,30,5,83.33,44,26,70,79.55,0,0.0,2,14,0,0,0,0,22,0,1,2,0,1,13,0,0,10,6,35,0,0,0.12,1.14,5,0,0.0,0,0,0,3,3,0,0,0,,24,42.11,0,0,1,18,4,2,0,2,373,3,0.0,0,0,0,0,0.0,0,0,0,0,62,3,0,6.5,0,0,0,0,0,0,0,0,0.0,0.0,1,7,4,5,4,5,29.41,0,10,5,50.0,2,5,17,3,24,40.68,6,56,32,88,84.5,11,0,195,9,1,0,Pablo García,Real Betis,1893910,2816,spain,2526,20260326
0,0,0.0,9,0,0.0,22,23,45,88.24,2,40.0,3,4,0,0,0,0,3,0,0,0,0,0,4,0,0,0,0,14,0,0,0.02,0.1,5,0,0.0,0,0,0,3,3,0,0,0,,9,45.0,0,0,0,6,3,0,0,2,116,0,0.0,0,0,0,0,0.0,0,0,0,0,21,0,0,6.5,0,0,0,0,0,0,0,0,0.0,0.0,0,1,0,1,0,1,12.5,0,8,4,50.0,0,1,8,3,11,44.0,0,24,27,51,26.0,1,0,88,0,0,0,Buba Sangare,Elche,1542721,2846,spain,2526,20260326
1,1,33.33,24,2,100.0,72,34,106,92.98,0,0.0,0,2,0,0,0,0,7,0,0,0,0,3,2,0,0,0,1,5,0,0,0.13,0.06,3,0,0.0,0,0,0,3,3,0,0,0,,0,0.0,0,0,0,8,1,2,0,2,151,0,0.0,0,0,0,0,0.0,0,0,0,0,11,1,0,6.5,0,0,0,0,0,0,0,0,0.0,0.0,0,0,3,3,0,0,0.0,0,0,0,0.0,2,1,1,3,0,0.0,2,78,36,114,13.0,3,0,128,0,1,0,Damián Rodríguez,Celta Vigo,1216080,2821,spain,2526,20260326
0,0,0.0,0,0,0.0,1,0,1,25.0,2,40.0,3,2,0,0,0,0,0,0,0,0,0,2,2,0,0,0,0,4,0,0,0.0,0.04,1,0,0.0,0,0,0,1,1,0,0,0,,2,66.67,0,0,0,3,0,0,0,0,20,0,0.0,0,0,0,0,0.0,0,0,0,0,6,0,0,6.5,0,0,0,0,0,0,0,0,0.0,0.0,0,1,0,1,0,0,0.0,0,0,0,0.0,0,0,0,0,4,50.0,1,4,0,4,13.0,1,0,13,2,0,0,José Luis Pérez,Getafe,1491660,2859,spain,2526,20260326
0,1,33.33,4,0,0.0,7,5,12,66.67,2,40.0,3,2,0,0,0,0,1,0,0,1,0,1,2,0,0,5,0,8,0,0,0.05,0.02,0,0,0.0,0,0,0,1,0,1,0,0,,5,50.0,0,0,0,6,0,1,0,0,67,0,0.0,0,0,0,0,0.0,0,0,0,0,18,0,0,6.5,0,0,0,0,0,0,0,0,0.0,0.0,0,0,1,0,0,1,100.0,0,2,1,50.0,1,1,1,3,7,46.67,1,11,7,18,13.0,1,0,45,3,0,0,Dani Rodríguez,Mallorca,349526,2826,spain,2526,20260326
3,3,33.33,22,1,100.0,44,28,72,79.12,3,30.0,7,12,1,0,0,0,13,2,1,1,0,1,12,0,0,4,2,18,0,0,0.62,0.69,3,0,0.0,0,0,1,4,3,1,0,0,,10,47.62,0,0,0,19,0,4,0,1,250,2,0.0,0,0,0,0,0.0,0,0,0,0,36,2,0,6.49,0,0,0,0,0,0,0,0,0.0,0.0,0,5,2,3,3,1,25.0,0,2,1,50.0,4,4,4,9,13,41.94,1,58,33,91,77.9,7,0,138,7,1,0,Giacomo Raspadori,Atlético Madrid,865651,2836,spain,2526,20260326
2,0,0.0,52,12,80.0,95,73,168,71.49,17,38.64,27,21,0,0,0,1,40,2,7,5,0,13,21,0,1,26,8,106,0,0,0.41,4.49,19,0,12.9,0,4,4,17,16,1,3,1,,36,31.3,0,0,2,67,3,10,2,12,1085,4,0.0,0,0,1,0,0.0,0,0,0,1,183,10,0,6.49,1,2,0,0,0,0,0,0,271.25,0.0,0,26,5,13,13,8,23.53,0,11,5,45.45,10,3,34,5,53,33.33,15,150,85,235,136.3,31,0,489,18,4,0,Isaac Romero,Sevilla,1018190,2833,spain,2526,20260326
11,2,20.0,88,17,62.96,191,146,337,75.22,53,38.13,86,27,0,0,0,0,60,0,1,10,1,18,27,0,0,25,25,202,0,1,0.52,1.6,52,0,8.7,0,2,2,22,19,3,2,0,,79,40.51,2,0,0,111,11,7,0,20,1609,3,3.0,0,0,0,0,0.0,0,0,0,0,213,9,0,6.49,0,0,0,0,0,0,0,0,804.5,0.0,0,15,8,8,5,10,34.48,0,47,30,63.83,7,23,29,10,132,39.52,27,284,164,448,175.2,23,0,779,22,9,0,Mario Martín,Getafe,1154549,2859,spain,2526,20260326
2,0,0.0,14,3,60.0,24,18,42,66.67,1,50.0,1,7,1,0,0,0,10,0,0,0,0,0,7,0,0,4,3,18,0,0,0.17,0.27,5,0,0.0,0,0,1,4,3,1,0,0,,9,34.62,0,0,0,21,1,4,0,2,199,1,0.0,0,0,0,0,0.0,0,0,0,0,42,4,0,6.49,0,0,0,0,0,0,0,0,0.0,0.0,0,2,2,3,1,1,16.67,0,3,3,100.0,4,8,6,0,10,35.71,5,42,21,63,45.4,4,0,108,5,0,0,Selton Sanchez,Athletic Club,1953923,2825,spain,2526,20260326
1,2,16.67,30,4,15.38,55,34,89,60.54,6,50.0,6,7,0,0,0,0,20,0,0,1,1,16,7,0,0,3,2,30,0,1,0.46,0.21,14,0,0.0,0,0,0,5,5,0,0,0,,23,48.94,0,0,0,58,3,2,0,4,429,0,1.0,0,0,0,0,0.0,0,0,0,0,93,1,0,6.49,0,0,0,0,0,0,0,0,0.0,0.0,0,2,1,1,1,8,61.54,0,14,9,64.29,2,9,13,12,29,49.15,26,92,55,147,45.4,3,0,301,1,1,0,Davinchi,Getafe,1918369,2859,spain,2526,20260326
0,2,22.22,14,1,20.0,24,18,42,79.25,1,33.33,2,14,0,0,0,0,6,0,1,0,0,3,12,0,0,4,1,14,0,0,0.14,0.31,3,0,0.0,0,0,0,4,4,0,0,0,,8,40.0,0,0,0,11,0,1,0,1,200,0,0.0,0,0,0,0,0.0,0,0,0,0,32,1,0,6.48,0,0,0,0,0,0,0,0,0.0,0.0,0,4,0,3,1,1,20.0,0,4,2,50.0,1,1,5,9,9,39.13,5,32,21,53,77.8,4,0,98,3,0,0,Javi Llabrés,Mallorca,1162309,2826,spain,2526,20260326
2,0,0.0,36,3,37.5,75,70,145,88.41,2,22.22,7,12,0,0,0,0,20,0,0,0,0,8,11,0,0,3,7,27,0,1,0.09,0.16,2,0,0.0,0,0,0,14,13,1,0,0,,13,39.39,0,0,0,19,4,1,0,3,384,0,1.0,0,0,0,0,0.0,0,0,0,0,37,0,0,6.48,0,0,0,0,0,0,0,0,0.0,0.0,0,3,0,1,2,3,27.27,0,3,3,100.0,1,3,11,0,15,35.71,8,88,76,164,71.3,3,0,225,7,0,0,Jhon Solís,Girona FC,1106573,24264,spain,2526,20260326
1,0,0.0,17,1,33.33,27,12,39,69.64,2,25.0,6,11,0,0,0,0,11,1,2,1,0,0,10,0,0,2,1,15,0,0,0.3,0.81,4,0,0.0,0,0,0,3,3,0,0,0,,4,30.77,0,0,2,17,0,2,0,1,162,0,0.0,0,0,0,0,0.0,0,0,0,0,33,6,0,6.47,0,0,0,0,0,0,0,0,0.0,0.0,1,6,2,3,4,1,33.33,0,2,0,0.0,2,1,3,2,6,28.57,3,39,17,56,64.7,8,0,98,1,2,0,Urko Izeta,Athletic Club,1430667,2825,spain,2526,20260326
3,1,50.0,39,3,75.0,64,43,107,84.92,2,22.22,7,14,0,0,0,0,19,0,3,1,0,0,13,0,1,12,2,31,0,1,0.29,0.97,3,0,0.0,0,0,0,9,7,2,0,0,,19,44.19,0,0,1,19,2,8,0,4,469,2,0.0,0,0,0,0,0.0,0,0,0,0,55,4,0,6.47,1,0,0,0,0,0,0,0,0.0,0.0,0,6,3,4,4,7,46.67,0,3,2,66.67,8,6,15,2,21,40.38,4,80,46,126,84.1,9,0,207,9,2,0,Sergio Camello,Rayo Vallecano,910024,2818,spain,2526,20260326
5,0,0.0,9,13,48.15,43,109,152,87.86,3,60.0,2,4,0,0,0,0,9,0,1,0,0,4,3,0,0,0,0,3,0,2,0.02,0.57,1,0,0.0,7,0,0,6,6,0,0,0,,3,75.0,0,0,0,21,0,0,0,2,203,1,1.0,0,0,0,0,0.0,0,0,0,0,22,0,0,6.47,0,0,0,0,0,0,0,0,0.0,0.0,0,1,0,0,1,1,100.0,0,2,1,50.0,0,9,1,0,6,66.67,27,59,114,173,19.4,1,0,189,0,0,0,David López,Girona FC,135116,24264,spain,2526,20260326
0,0,0.0,13,0,0.0,19,18,37,68.52,2,25.0,6,15,1,0,0,0,11,0,2,3,0,0,14,0,0,2,3,16,0,0,0.04,1.21,3,0,0.0,0,0,1,7,7,0,0,0,,8,44.44,0,0,0,17,1,1,0,2,311,1,0.0,0,0,0,0,0.0,0,0,0,0,34,1,0,6.46,0,0,0,0,0,0,0,0,0.0,0.0,0,8,0,3,2,3,60.0,0,1,0,0.0,1,0,5,2,10,38.46,2,29,25,54,90.5,8,0,101,4,0,0,Álex Forés,Real Oviedo,1086128,2851,spain,2526,20260326
6,5,33.33,25,9,56.25,62,68,130,81.25,3,23.08,10,9,1,0,0,0,19,1,0,0,0,10,8,0,0,7,6,30,0,0,0.44,,5,0,0.0,0,0,1,10,9,1,0,0,,14,41.18,0,0,0,30,5,4,0,6,475,0,3.0,0,0,0,0,0.0,0,0,0,0,60,2,0,6.46,0,0,0,0,0,0,0,0,0.0,0.0,0,0,0,0,0,5,71.43,0,8,7,87.5,4,10,7,15,17,36.17,16,83,77,160,51.7,0,0,267,1,3,0,Toni Lato,Mallorca,828239,2826,spain,2526,20260326
1,2,66.67,13,0,0.0,17,6,23,74.19,1,14.29,6,8,0,0,0,0,6,0,0,3,0,0,8,0,0,2,0,17,0,0,0.16,0.15,5,0,0.0,0,0,0,3,3,0,0,0,,12,52.17,0,0,0,8,0,2,0,1,126,0,0.0,0,0,0,0,0.0,0,0,0,0,17,1,0,6.46,0,0,0,0,0,0,0,0,0.0,0.0,0,2,1,0,0,5,55.56,0,4,2,50.0,2,1,9,3,13,43.33,1,24,7,31,51.7,3,0,62,3,1,0,Antoniu Roca,Espanyol,1099344,2814,spain,2526,20260326
6,0,0.0,25,16,25.0,66,238,304,80.42,15,55.56,12,15,0,0,0,0,49,1,0,4,1,62,15,0,1,3,3,28,0,1,0.14,0.58,7,0,14.29,31,1,1,16,13,3,1,0,,29,64.44,1,0,0,74,6,2,0,9,797,0,4.0,0,0,0,0,0.0,0,0,0,0,94,2,0,6.45,1,0,0,0,0,0,0,0,797.0,0.0,0,6,1,2,1,0,0.0,0,20,12,60.0,2,20,3,0,44,61.11,64,128,250,378,96.8,7,0,522,9,0,0,Alan Matturro,Levante UD,1177401,2849,spain,2526,20260326
3,0,0.0,32,2,33.33,51,30,81,66.39,10,28.57,25,17,0,0,0,0,10,0,3,4,1,10,16,0,0,9,6,55,0,0,0.16,1.72,13,0,7.14,0,1,1,10,7,3,1,0,,23,43.4,1,0,0,41,1,5,0,7,722,0,2.0,0,0,0,0,0.0,0,0,0,0,97,1,0,6.45,0,0,0,0,0,0,0,0,722.0,0.0,0,12,2,4,6,3,42.86,0,4,1,25.0,5,5,7,3,33,37.5,6,84,38,122,103.2,14,0,243,16,1,0,Alemão,Rayo Vallecano,981604,2818,spain,2526,20260326
16,7,24.14,67,17,29.82,186,234,420,79.7,25,53.19,22,21,3,0,0,0,46,3,1,2,1,49,20,0,0,6,8,65,0,0,1.34,0.52,25,0,0.0,0,0,3,25,24,1,0,0,,38,46.91,0,0,0,107,6,13,0,16,1431,2,5.0,0,0,0,1,0.0,0,0,0,0,176,0,0,6.45,1,0,0,0,0,0,0,0,0.0,0.0,0,4,2,3,1,7,58.33,0,21,7,33.33,13,38,12,29,63,49.22,57,262,265,527,129.0,6,0,799,10,6,1,Victor Parada,Deportivo Alavés,985726,2885,spain,2526,20260326
5,7,13.73,41,5,35.71,74,41,115,68.86,3,12.5,21,15,1,0,0,0,38,1,0,3,0,3,14,0,0,8,10,56,0,0,0.95,0.33,13,0,0.0,0,0,1,8,7,1,0,0,,23,39.66,0,0,0,52,2,7,0,5,634,8,0.0,0,0,0,0,0.0,0,0,0,0,129,7,0,6.45,1,0,0,0,0,0,0,0,0.0,0.0,1,1,10,4,4,4,44.44,0,9,5,55.56,7,10,9,51,26,31.71,14,112,55,167,90.3,11,0,324,11,1,1,Álex Sancris,Getafe,1398518,2859,spain,2526,20260326
0,0,0.0,3,0,0.0,3,0,3,100.0,0,0.0,0,2,0,0,0,0,1,0,0,0,0,0,2,0,0,1,0,2,0,0,0.01,,1,0,0.0,0,0,0,0,0,0,0,0,,2,50.0,0,0,0,0,0,0,0,0,19,0,0.0,0,0,0,0,0.0,0,0,0,0,3,1,0,6.45,0,0,0,0,0,0,0,0,0.0,0.0,0,0,0,0,0,2,100.0,0,0,0,0.0,0,0,2,0,2,50.0,0,3,0,3,12.9,0,0,9,0,1,0,Juan Arango,Girona FC,1482463,24264,spain,2526,20260326
0,0,0.0,6,0,0.0,6,2,8,66.67,0,0.0,0,2,0,0,0,0,1,0,0,0,0,0,2,0,0,1,1,5,0,0,0.01,,0,0,0.0,0,0,0,0,0,0,0,0,,1,16.67,0,0,0,4,0,0,0,0,46,0,0.0,0,0,0,0,0.0,0,0,0,0,13,0,0,6.45,0,0,0,0,0,0,0,0,0.0,0.0,0,0,0,0,0,0,0.0,0,0,0,0.0,0,0,3,1,1,16.67,0,10,2,12,12.9,0,0,23,1,0,0,Justin-Noel Kalumba,Mallorca,1484974,2826,spain,2526,20260326
1,1,20.0,5,2,18.18,13,11,24,63.16,0,0.0,2,6,0,0,0,0,8,0,0,0,0,7,6,0,1,2,1,10,0,0,0.02,,3,0,0.0,0,0,0,1,0,1,0,0,,3,27.27,0,0,0,14,2,1,0,2,196,0,1.0,0,0,0,0,0.0,0,0,0,0,30,0,0,6.45,1,0,0,0,0,0,0,0,0.0,0.0,0,0,0,0,0,0,0.0,0,3,3,100.0,1,4,2,5,3,23.08,11,21,17,38,38.7,0,0,90,0,0,0,Iñigo Arguibide,Osasuna,1495856,2820,spain,2526,20260326
0,2,33.33,33,1,33.33,62,25,87,85.29,2,28.57,5,8,0,0,0,0,12,0,0,2,0,5,8,0,1,2,3,19,0,0,0.21,0.12,3,0,0.0,0,0,0,5,5,0,0,0,,8,36.36,0,0,0,15,1,2,0,3,277,1,0.0,0,0,0,0,0.0,0,0,0,0,36,3,0,6.45,1,0,0,0,0,0,0,0,0.0,0.0,0,2,0,0,0,4,40.0,0,2,1,50.0,2,0,10,6,10,34.48,3,71,31,102,51.6,2,0,152,2,1,0,Yago Santiago,Elche,1092515,2846,spain,2526,20260326
0,0,0.0,3,0,0.0,6,11,17,73.91,1,100.0,0,2,0,0,0,0,2,0,0,1,0,0,2,0,0,1,0,3,0,0,0.0,0.03,2,0,0.0,0,0,0,0,0,0,0,0,,0,0.0,0,0,0,6,0,0,0,0,36,0,0.0,0,0,0,0,0.0,0,0,0,0,9,0,0,6.45,0,0,0,0,0,0,0,0,0.0,0.0,0,1,0,0,0,0,0.0,0,0,0,0.0,0,0,0,0,1,25.0,0,9,14,23,12.9,1,0,30,0,1,0,Eder Garcia,Athletic Club,1425060,2825,spain,2526,20260326
6,1,20.0,70,8,66.67,142,101,243,80.73,14,42.42,19,19,0,0,0,0,41,0,2,1,0,9,17,0,0,5,7,46,0,0,0.19,1.21,8,0,0.0,0,0,0,14,12,2,0,0,,21,43.75,0,0,0,58,4,1,0,8,710,2,1.0,0,0,0,0,0.0,0,0,0,0,94,3,0,6.45,0,0,0,0,0,0,0,0,0.0,0.0,0,7,1,5,2,5,41.67,0,14,10,71.43,1,10,12,5,35,43.21,12,177,124,301,109.6,8,0,411,4,1,0,Jon Guridi,Deportivo Alavés,788141,2885,spain,2526,20260326
8,1,14.29,52,11,52.38,101,80,181,80.09,6,42.86,8,18,0,0,0,0,30,0,3,0,0,8,18,0,0,11,15,58,0,0,0.52,0.69,16,0,11.11,0,1,1,14,12,2,1,0,,20,28.57,0,0,0,45,5,3,0,8,729,2,3.0,0,0,0,0,0.0,0,0,0,0,89,3,0,6.44,1,1,0,0,0,0,0,0,729.0,0.0,0,4,5,4,5,3,25.0,0,10,4,40.0,3,14,12,7,26,30.95,21,130,96,226,116.0,9,0,336,7,2,1,Luka Ilić,Real Oviedo,885664,2851,spain,2526,20260326
0,0,0.0,17,2,66.67,30,11,41,67.21,3,37.5,5,9,0,0,0,0,6,0,1,1,0,0,8,0,0,5,2,18,0,0,0.05,0.33,2,0,0.0,0,0,0,2,2,0,0,0,,8,38.1,0,0,0,20,2,2,0,1,198,2,1.0,0,0,0,0,0.0,0,0,0,0,46,0,0,6.44,0,0,0,0,0,0,0,0,0.0,0.0,0,2,1,1,1,2,28.57,0,4,2,50.0,2,1,7,9,11,37.93,3,49,12,61,51.5,3,0,112,2,1,0,Abu Kamara,Getafe,1087476,2859,spain,2526,20260326
1,0,0.0,1,2,25.0,7,71,78,88.64,2,28.57,5,3,1,0,0,0,2,0,0,0,0,5,3,0,0,0,0,7,0,0,0.0,0.04,2,0,0.0,2,0,1,6,5,1,0,0,,7,77.78,0,0,0,10,2,1,0,3,225,0,2.0,0,0,0,0,0.0,0,0,0,0,11,0,0,6.43,0,0,0,0,0,0,0,0,0.0,0.0,0,1,0,1,0,0,0.0,0,6,5,83.33,1,4,0,0,9,56.25,8,11,77,88,19.3,1,0,115,1,1,0,Oier Luengo,Real Oviedo,857229,2851,spain,2526,20260326
0,0,0.0,7,0,0.0,13,2,15,71.43,2,100.0,0,3,0,0,0,0,2,0,0,0,0,1,3,0,0,0,0,2,0,0,0.01,,2,0,0.0,0,0,0,4,4,0,0,0,,1,33.33,0,0,0,6,0,0,0,1,71,0,0.0,0,0,0,0,0.0,0,0,0,0,13,1,0,6.43,0,0,0,0,0,0,0,0,0.0,0.0,0,0,0,0,0,1,50.0,0,0,0,0.0,0,0,2,1,3,60.0,0,17,4,21,19.3,0,0,32,0,0,0,Wesley,Real Sociedad,1211632,2824,spain,2526,20260326
0,0,0.0,6,1,100.0,10,5,15,83.33,0,0.0,2,5,0,0,0,0,2,0,0,0,0,3,3,0,0,2,1,8,0,0,0.01,,4,0,0.0,0,0,0,2,2,0,0,0,,2,25.0,0,0,0,3,0,0,0,0,73,0,0.0,0,0,0,0,0.0,0,0,0,0,8,0,0,6.43,0,0,0,0,0,0,0,0,0.0,0.0,0,0,0,0,0,0,0.0,0,0,0,0.0,0,2,1,0,2,20.0,1,13,5,18,19.3,0,0,35,2,2,0,Yvan Neyou,Getafe,869931,2859,spain,2526,20260326
2,1,14.29,16,0,0.0,43,49,92,85.19,3,50.0,3,10,0,0,0,0,9,0,0,0,0,5,9,0,0,1,1,13,0,0,0.33,,8,0,0.0,0,0,0,7,6,1,0,0,,9,47.37,0,0,0,16,2,4,0,2,253,0,2.0,1,0,0,0,0.0,0,0,0,0,32,1,0,6.43,0,0,0,0,0,0,0,0,0.0,0.0,0,0,0,0,0,3,100.0,0,2,2,100.0,4,3,3,7,12,48.0,5,53,55,108,57.9,0,0,164,4,2,0,Jose Salinas,Espanyol,1068891,2814,spain,2526,20260326
2,2,22.22,19,4,28.57,53,91,144,81.82,4,50.0,4,6,0,0,0,0,18,0,0,2,0,13,6,0,0,4,6,22,0,0,0.17,0.21,7,0,0.0,0,0,0,8,8,0,0,0,,16,47.06,0,0,0,32,4,2,0,4,367,0,0.0,0,0,0,0,0.0,0,0,0,0,57,2,0,6.43,0,0,0,0,0,0,0,0,0.0,0.0,0,2,1,1,0,5,83.33,0,8,5,62.5,2,13,6,9,20,47.62,14,69,107,176,38.6,3,0,277,4,2,0,Diego Pampín,Levante UD,855837,2849,spain,2526,20260326
0,0,0.0,8,1,100.0,10,3,13,72.22,1,20.0,4,7,0,0,0,0,2,0,0,2,0,0,7,0,0,1,0,7,0,0,0.21,0.19,2,0,0.0,0,0,0,0,0,0,0,0,,1,25.0,0,0,0,5,1,2,0,0,96,0,0.0,0,0,0,0,0.0,0,0,0,0,13,0,0,6.41,0,0,0,0,0,0,0,0,0.0,0.0,0,3,0,1,0,0,0.0,0,1,1,100.0,2,1,0,2,2,22.22,1,15,3,18,44.9,3,0,36,0,0,0,Abel Ruíz,Girona FC,826013,24264,spain,2526,20260326
5,3,30.0,62,6,37.5,143,96,239,79.93,5,23.81,16,25,0,0,0,0,40,0,2,5,0,10,25,0,0,18,7,80,0,0,0.6,1.15,17,0,0.0,0,0,0,25,24,1,0,0,,40,38.46,0,0,1,60,5,6,0,12,1114,2,1.0,0,0,0,0,0.0,0,0,0,0,144,3,0,6.41,0,0,0,0,0,0,0,0,0.0,0.0,0,7,5,3,4,12,34.29,0,14,11,78.57,6,14,35,10,45,36.0,16,180,119,299,160.3,12,0,505,14,1,0,Pablo Marín,Real Sociedad,1139409,2824,spain,2526,20260326
0,0,0.0,4,0,0.0,6,1,7,77.78,0,0.0,0,1,0,0,0,0,1,0,0,0,0,0,1,0,0,0,0,0,0,0,0.04,,0,0,0.0,0,0,0,1,1,0,0,0,,0,0.0,0,0,0,2,0,1,0,1,45,0,0.0,0,0,0,0,0.0,0,0,0,0,3,0,0,6.4,0,0,0,0,0,0,0,0,0.0,0.0,0,0,0,0,0,0,0.0,0,0,0,0.0,1,0,0,0,0,0.0,0,8,1,9,6.4,0,0,11,0,0,0,Toni Fernández,Barcelona,1590761,2817,spain,2526,20260326
0,0,0.0,0,0,0.0,0,2,2,66.67,0,0.0,0,1,0,0,0,0,0,0,0,0,0,0,1,0,0,0,0,1,0,0,0.0,,0,0,0.0,0,0,0,2,2,0,0,0,,0,0.0,0,0,0,1,0,0,0,1,44,0,0.0,0,0,0,0,0.0,0,0,0,0,2,0,0,6.4,0,0,0,0,0,0,0,0,0.0,0.0,0,0,0,0,0,0,0.0,0,0,0,0.0,0,0,1,0,0,0.0,0,1,2,3,6.4,0,0,4,0,0,0,Bojan Miovski,Girona FC,945768,24264,spain,2526,20260326
0,0,0.0,2,0,0.0,3,0,3,75.0,0,0.0,0,1,0,0,0,0,0,0,0,0,0,0,1,0,0,0,0,1,0,0,0.0,,0,0,0.0,0,0,0,0,0,0,0,0,,0,0.0,0,0,0,1,0,0,0,0,17,0,0.0,0,0,0,0,0.0,0,0,0,0,3,0,0,6.4,0,0,0,0,0,0,0,0,0.0,0.0,0,0,0,0,0,0,0.0,0,0,0,0.0,0,0,1,1,0,0.0,0,4,0,4,6.4,0,0,6,0,0,0,Dani Díaz,Real Sociedad,1466128,2824,spain,2526,20260326
1,0,0.0,3,0,0.0,5,2,7,100.0,0,0.0,1,1,0,0,0,0,1,0,0,0,0,0,1,0,0,0,0,3,0,0,0.01,,0,0,0.0,0,0,0,1,1,0,0,0,,2,50.0,0,0,0,0,0,0,0,0,11,0,0.0,0,0,0,0,0.0,0,0,0,0,2,0,0,6.4,0,0,0,0,0,0,0,0,0.0,0.0,0,0,0,0,0,0,0.0,0,2,1,50.0,0,1,2,0,2,40.0,0,5,2,7,6.4,0,0,12,0,0,0,Sergio Lozano,Levante UD,914749,2849,spain,2526,20260326
0,0,0.0,1,0,0.0,4,4,8,88.89,0,0.0,3,1,0,0,0,0,1,1,0,0,0,0,1,0,0,0,0,4,0,0,0.0,,1,0,0.0,0,0,0,1,1,0,0,0,,5,83.33,0,0,0,1,0,1,0,0,26,0,0.0,0,0,0,0,0.0,0,0,0,0,4,0,0,6.4,0,0,0,0,0,0,0,0,0.0,0.0,0,0,0,0,0,2,100.0,0,3,2,66.67,1,1,2,2,5,55.56,0,5,4,9,6.4,0,0,20,0,0,0,Jorge Montes,Getafe,1895197,2859,spain,2526,20260326
0,0,0.0,0,0,0.0,0,0,0,0.0,1,100.0,0,2,0,0,0,0,0,0,0,0,0,2,1,0,0,0,0,0,0,0,,,0,0,0.0,0,0,0,1,1,0,0,0,,2,100.0,0,0,0,1,1,0,0,0,11,0,0.0,0,0,0,0,0.0,0,0,0,0,1,0,0,6.4,0,0,0,0,0,0,0,0,0.0,0.0,0,0,0,0,0,0,0.0,0,2,1,50.0,0,0,0,0,3,100.0,0,1,0,1,6.4,0,0,6,0,0,0,Ville Koski,Deportivo Alavés,999178,2885,spain,2526,20260326
0,1,33.33,15,1,100.0,19,11,30,88.24,1,25.0,3,3,0,0,0,0,3,0,0,0,0,2,3,0,0,1,0,5,0,0,0.04,,0,0,0.0,0,0,0,2,2,0,0,0,,2,50.0,0,0,0,4,0,0,0,0,47,0,0.0,0,0,0,0,0.0,0,0,0,0,10,0,0,6.4,0,0,0,0,0,0,0,0,0.0,0.0,0,0,0,0,0,0,0.0,0,2,2,100.0,0,0,1,3,3,37.5,1,22,12,34,19.2,0,0,54,0,0,0,Jofre Torrents ,Barcelona,1587196,2817,spain,2526,20260326
1,1,100.0,9,3,33.33,22,19,41,64.06,5,83.33,1,3,0,0,0,0,11,0,0,0,0,6,3,0,0,2,4,14,0,0,0.05,,4,0,0.0,0,0,0,3,2,1,0,0,,8,38.1,0,0,0,23,1,1,0,3,219,0,0.0,0,0,0,0,0.0,0,0,0,0,41,0,0,6.4,0,0,0,0,0,0,0,0,0.0,0.0,0,0,0,0,0,1,25.0,0,6,2,33.33,1,2,4,1,13,48.15,9,37,27,64,19.2,0,0,130,1,1,0,Moussa Diarra,Deportivo Alavés,985262,2885,spain,2526,20260326
0,0,0.0,3,0,0.0,3,4,7,70.0,1,20.0,4,2,0,0,0,0,1,0,0,1,0,0,2,0,0,0,0,6,0,0,0.01,0.12,2,0,0.0,0,0,0,4,4,0,0,0,,1,33.33,0,0,0,3,1,2,0,1,71,0,0.0,0,0,0,0,0.0,0,0,0,0,5,1,0,6.4,0,0,0,0,0,0,0,0,0.0,0.0,0,2,0,0,1,0,0.0,0,1,0,0.0,2,0,0,0,2,25.0,1,5,5,10,12.8,2,0,23,0,0,0,Dawda Camara,Girona FC,1151851,24264,spain,2526,20260326
0,0,0.0,2,0,0.0,5,1,6,66.67,1,33.33,2,1,0,0,0,0,0,0,0,0,0,1,1,0,0,0,0,2,0,0,0.0,0.07,0,0,0.0,0,0,0,0,0,0,0,0,,0,0.0,0,0,0,3,0,1,0,0,33,0,0.0,0,0,0,0,0.0,0,0,0,0,3,0,0,6.4,0,0,0,0,0,0,0,0,0.0,0.0,0,1,0,1,0,0,0.0,0,0,0,0.0,1,0,0,0,1,33.33,0,8,1,9,6.4,1,0,14,0,0,0,Asier Hierro,Athletic Club,1550822,2825,spain,2526,20260326
1,0,0.0,3,1,100.0,11,19,30,85.71,3,60.0,2,1,0,0,0,0,1,0,0,0,0,3,1,0,0,0,1,4,0,0,0.01,0.04,1,0,0.0,1,0,0,1,1,0,0,0,,1,33.33,0,0,0,5,0,0,0,0,45,0,0.0,0,0,0,0,0.0,0,0,0,0,5,0,0,6.4,0,0,0,0,0,0,0,0,0.0,0.0,0,1,0,1,0,0,0.0,0,1,0,0.0,0,2,0,0,4,50.0,1,14,21,35,6.4,1,0,41,0,0,0,Pelayo Fernández,Rayo Vallecano,1139724,2818,spain,2526,20260326
0,0,0.0,3,0,0.0,6,1,7,63.64,0,0.0,1,1,0,0,0,0,3,0,0,1,0,0,1,0,0,0,1,3,0,0,0.03,0.03,0,0,0.0,0,0,0,2,2,0,0,0,,1,33.33,0,0,0,4,0,1,0,1,45,0,,0,0,0,0,0.0,0,0,0,0,7,0,0,6.4,0,0,0,0,0,0,0,0,0.0,0.0,0,1,0,0,0,0,0.0,0,1,0,0.0,1,1,1,0,1,25.0,1,6,5,11,6.4,1,0,18,0,0,0,Stanis Idumbo Muzambo,Sevilla,1149152,2833,spain,2526,20260326
0,0,0.0,4,0,0.0,6,4,10,58.82,4,30.77,9,6,0,0,0,0,3,0,2,2,0,0,6,0,0,0,1,14,0,0,0.03,0.9,3,0,0.0,0,0,0,3,3,0,0,0,,3,37.5,0,0,0,7,0,1,0,0,127,2,0.0,0,0,0,0,0.0,0,0,0,0,18,1,0,6.38,0,0,0,0,0,0,0,0,0.0,0.0,0,5,1,2,2,0,0.0,0,1,1,100.0,1,0,1,1,7,33.33,0,12,5,17,38.3,6,0,45,4,0,0,Jon Karrikaburu,Real Sociedad,1099175,2824,spain,2526,20260326
9,4,33.33,70,18,42.86,152,287,439,84.75,11,44.0,14,15,0,0,0,0,55,0,0,1,3,40,15,0,0,6,3,48,0,1,0.27,0.57,16,0,0.0,0,0,0,21,18,3,0,0,,32,48.48,0,0,0,79,8,6,0,12,1157,0,1.0,0,0,0,1,0.0,0,0,0,0,136,3,0,6.38,0,0,0,0,0,0,0,0,0.0,0.0,0,5,1,4,1,10,50.0,0,15,9,60.0,6,22,20,12,43,47.25,42,201,317,518,95.7,6,0,804,7,1,0,Dimitri Foulquier,Valencia,151138,2828,spain,2526,20260326
4,4,26.67,71,6,50.0,144,100,244,88.09,8,44.44,10,9,0,0,0,0,29,0,0,1,0,10,9,0,0,3,5,29,1,0,0.37,0.02,4,0,0.0,0,0,0,13,7,6,0,0,,21,52.5,0,0,0,33,13,3,0,6,593,0,1.0,0,0,0,0,0.0,0,0,0,0,65,1,0,6.38,0,0,0,0,0,0,0,0,0.0,0.0,0,1,0,0,0,2,22.22,0,12,9,75.0,3,13,9,15,29,50.0,12,170,107,277,57.4,1,0,424,7,1,0,Adama Boiro,Athletic Club,1398511,2825,spain,2526,20260326
3,4,66.67,11,12,38.71,31,37,68,64.76,10,66.67,5,11,0,0,0,0,13,0,0,1,0,14,7,0,1,3,1,21,0,0,0.11,0.18,11,0,0.0,0,0,0,6,5,1,0,0,,10,38.46,0,0,0,37,1,3,0,4,289,1,0.0,0,1,0,0,0.0,0,0,0,0,51,0,0,6.37,1,0,0,0,0,0,0,0,0.0,0.0,0,2,1,1,1,1,33.33,0,6,5,83.33,2,11,3,6,20,48.78,31,65,40,105,44.6,3,0,178,3,5,0,Allan Nyom,Getafe,128637,2859,spain,2526,20260326
1,0,0.0,12,7,50.0,73,171,244,93.13,7,46.67,8,6,0,0,0,0,21,0,2,0,1,36,6,0,0,1,0,12,1,2,0.04,0.24,3,0,0.0,1,0,0,8,6,2,0,0,,8,66.67,0,0,0,18,7,0,0,5,459,0,2.0,0,0,0,2,0.0,0,0,0,0,22,0,0,6.37,0,0,0,0,0,0,0,0,0.0,0.0,0,2,0,2,0,1,100.0,0,6,2,33.33,0,1,1,0,15,55.56,14,82,180,262,38.2,2,0,331,1,0,0,Joseph Aidoo,Celta Vigo,796320,2821,spain,2526,20260326
0,0,0.0,4,0,0.0,8,2,10,76.92,0,0.0,2,5,0,0,0,0,1,0,0,0,0,0,5,0,1,1,2,6,0,0,0.0,,2,0,0.0,0,0,0,1,1,0,0,0,,1,20.0,0,0,0,3,1,0,0,0,64,0,0.0,0,0,0,0,0.0,0,0,0,0,5,0,0,6.36,1,0,0,0,0,0,0,0,0.0,0.0,0,0,0,0,0,0,0.0,0,0,0,0.0,0,0,0,0,1,14.29,1,9,4,13,31.8,0,0,19,1,0,0,Lass Kourouma,Girona FC,1860172,24264,spain,2526,20260326
3,0,0.0,7,7,43.75,28,78,106,86.18,6,42.86,8,5,0,0,0,0,5,0,0,0,0,22,5,0,0,0,1,12,1,1,0.01,,3,0,0.0,0,0,0,9,7,2,0,0,,12,75.0,0,0,0,17,0,0,0,4,364,0,4.0,0,0,0,0,0.0,0,0,0,0,18,0,0,6.36,0,0,0,0,0,0,0,0,0.0,0.0,0,0,0,0,0,2,100.0,0,7,4,57.14,0,8,2,0,18,60.0,16,41,82,123,31.8,0,0,173,3,1,0,Jorge Cabello,Levante UD,1807070,2849,spain,2526,20260326
1,0,0.0,14,0,0.0,21,7,28,65.12,12,35.29,22,10,0,0,0,0,9,2,0,1,0,2,10,0,0,6,0,40,0,0,0.2,0.24,13,0,0.0,0,0,0,4,4,0,0,0,,5,21.74,0,0,0,15,0,2,0,3,295,6,1.0,0,0,0,0,0.0,0,0,0,0,39,5,0,6.36,0,0,0,0,0,0,0,0,0.0,0.0,0,2,4,2,3,1,50.0,0,4,1,25.0,2,1,2,3,17,29.82,0,34,9,43,63.6,6,0,89,0,1,0,Mariano Díaz,Deportivo Alavés,175753,2885,spain,2526,20260326
1,0,0.0,1,0,0.0,4,4,8,53.33,2,100.0,0,5,0,0,0,0,6,0,0,1,0,2,5,0,0,3,2,8,0,0,0.0,0.04,3,0,0.0,0,0,0,2,2,0,0,0,,3,27.27,0,0,0,7,0,0,0,0,81,0,0.0,0,0,0,1,0.0,0,0,0,0,19,1,0,6.36,0,0,0,0,0,0,0,0,0.0,0.0,0,1,1,1,0,1,100.0,0,1,0,0.0,0,3,1,0,5,38.46,1,8,7,15,31.8,2,0,42,1,0,0,Pablo Agudín,Real Oviedo,1587199,2851,spain,2526,20260326
0,0,0.0,2,7,70.0,17,40,57,89.06,1,50.0,1,2,0,0,0,0,3,0,0,0,0,2,2,0,0,1,1,4,0,0,0.0,,1,0,0.0,0,0,0,3,3,0,0,0,,1,25.0,0,0,0,7,1,0,0,0,100,0,0.0,0,0,0,0,0.0,0,0,0,0,9,0,0,6.35,0,0,0,0,0,0,0,0,0.0,0.0,0,0,0,0,0,0,0.0,0,0,0,0.0,0,1,0,0,2,33.33,10,23,41,64,12.7,0,0,72,1,0,0,Ramón Martínez,Sevilla,1090681,2833,spain,2526,20260326
0,0,0.0,5,0,0.0,11,10,21,77.78,0,0.0,2,3,0,0,0,0,3,0,0,0,0,6,2,0,1,0,1,7,0,0,0.01,,4,0,0.0,0,0,0,1,1,0,0,0,,0,0.0,0,0,0,6,0,0,0,0,22,0,0.0,0,0,0,0,0.0,0,0,0,0,8,0,0,6.35,1,0,0,0,0,0,0,0,0.0,0.0,0,0,0,0,0,0,0.0,0,0,0,0.0,0,2,0,0,0,0.0,3,16,11,27,12.7,0,0,38,0,1,0,Joan Jordán,Sevilla,591750,2833,spain,2526,20260326
2,5,50.0,50,3,37.5,99,69,168,80.77,13,39.39,20,15,1,0,0,0,23,2,4,5,1,16,15,0,0,17,10,69,0,2,0.66,2.21,11,0,0.0,0,0,1,18,14,4,0,0,,27,35.53,0,0,1,40,4,6,0,10,900,6,1.0,0,0,0,0,0.0,0,0,0,0,98,2,0,6.35,0,0,0,0,0,0,0,0,0.0,0.0,0,16,2,8,5,9,45.0,0,10,5,50.0,6,7,20,10,40,36.7,8,126,82,208,95.2,18,0,378,8,1,0,Roger Brugué,Levante UD,909554,2849,spain,2526,20260326
9,3,21.43,34,15,40.54,72,96,168,75.68,1,7.69,12,9,0,0,0,0,30,0,0,2,1,15,8,0,2,5,5,42,0,1,0.17,0.13,10,0,0.0,0,0,0,7,4,3,0,0,,18,37.5,0,0,0,54,3,1,0,7,525,0,0.0,0,0,0,1,0.0,0,0,0,0,92,2,0,6.34,2,0,0,0,0,0,0,0,0.0,0.0,0,2,1,0,1,4,28.57,0,14,9,64.29,1,24,14,14,19,31.15,37,109,113,222,50.7,3,0,376,0,2,0,Íñigo Lekue,Athletic Club,801837,2825,spain,2526,20260326
4,0,0.0,3,12,22.22,8,33,41,48.81,0,0.0,0,3,0,0,0,0,16,0,0,0,0,3,3,0,0,0,0,0,0,0,0.0,,0,0,0.0,26,0,0,6,5,1,0,0,-1.7,1,100.0,0,3,0,43,0,0,0,3,270,0,0.0,0,0,0,0,0.0,1,0,0,0,43,0,1,6.33,0,0,1,5,1,6,1,2,0.0,0.0,0,0,0,0,0,0,0.0,1,1,1,100.0,0,11,0,0,1,100.0,54,42,42,84,19.0,0,0,103,0,0,0,Arnau Tenas,Villarreal,908714,2819,spain,2526,20260326
0,0,0.0,2,0,0.0,4,1,5,100.0,0,0.0,1,2,0,0,0,0,2,0,0,0,0,0,2,0,0,1,0,5,0,0,0.0,,2,0,0.0,0,0,0,2,2,0,0,0,,1,20.0,0,0,0,0,1,0,0,1,55,0,0.0,0,0,0,0,0.0,0,0,0,0,4,0,0,6.3,0,0,0,0,0,0,0,0,0.0,0.0,0,0,0,0,0,0,0.0,0,1,1,100.0,0,0,1,2,1,16.67,0,4,1,5,12.6,0,0,12,0,0,0,Hugo Lopez,Villarreal,1966890,2819,spain,2526,20260326
1,0,0.0,3,2,100.0,16,43,59,95.16,2,28.57,5,4,0,0,0,0,3,0,0,0,0,4,4,0,0,0,3,10,0,0,0.01,,3,0,0.0,0,0,0,4,3,1,0,0,,3,37.5,0,0,0,3,1,0,0,1,107,0,0.0,0,0,0,0,0.0,0,0,0,0,5,0,0,6.3,0,0,0,0,0,0,0,0,0.0,0.0,0,0,0,0,0,0,0.0,0,0,0,0.0,0,1,0,0,5,33.33,2,18,44,62,25.2,0,0,76,3,1,0,Bambo Diaby,Elche,849731,2846,spain,2526,20260326
0,1,14.29,20,1,25.0,31,33,64,80.0,6,42.86,8,6,0,0,0,0,15,1,1,1,0,3,6,0,0,4,9,31,0,0,0.2,1.0,9,0,0.0,0,0,0,7,7,0,0,0,,13,36.11,0,0,0,16,0,1,0,5,326,0,2.0,0,0,0,0,0.0,0,0,0,0,43,1,0,6.3,0,0,0,0,0,0,0,0,0.0,0.0,0,4,0,2,1,3,75.0,0,8,3,37.5,1,0,4,7,19,38.0,4,43,37,80,37.8,4,0,144,3,1,0,Carlos Martín,Rayo Vallecano,1131581,2818,spain,2526,20260326
0,0,0.0,11,1,50.0,26,21,47,88.68,0,0.0,0,2,0,0,0,0,8,0,0,1,0,1,2,0,0,4,2,15,0,0,0.04,0.07,7,0,0.0,0,0,0,2,1,1,0,0,,7,31.82,0,0,0,6,1,0,0,2,125,0,0.0,0,0,0,0,0.0,0,0,0,0,18,0,0,6.3,0,0,0,0,0,0,0,0,0.0,0.0,0,0,2,1,0,1,33.33,0,4,2,50.0,0,0,3,0,7,31.82,2,31,22,53,12.6,2,0,80,2,0,0,Ali Houary,Elche,1516812,2846,spain,2526,20260326
0,0,0.0,7,4,50.0,30,106,136,91.89,0,0.0,2,7,0,0,0,0,7,0,0,0,0,13,7,0,0,1,0,6,1,0,0.02,0.05,2,0,0.0,10,0,0,9,6,3,0,0,,6,60.0,0,0,0,12,3,2,0,1,270,0,3.0,1,0,0,0,0.0,0,0,0,0,16,0,0,6.27,0,0,0,0,0,0,0,0,0.0,0.0,0,1,0,1,0,0,0.0,0,4,2,50.0,2,0,1,0,6,50.0,8,38,110,148,43.9,1,0,188,2,0,0,Jozhua Vertrouwd,Rayo Vallecano,1120947,2818,spain,2526,20260326
0,0,0.0,0,0,0.0,1,4,5,71.43,0,0.0,1,1,0,0,0,0,4,0,0,0,0,0,1,0,0,0,3,5,0,0,0.0,,1,0,0.0,0,0,0,0,0,0,0,0,,0,0.0,0,0,0,2,0,0,0,0,17,0,0.0,0,0,0,0,0.0,0,0,0,0,3,1,0,6.2,0,0,0,0,0,0,0,0,0.0,0.0,0,0,0,0,0,0,0.0,0,0,0,0.0,0,0,0,0,0,0.0,0,3,4,7,6.2,0,0,9,0,0,0,Andrés Antañón,Celta Vigo,1916256,2821,spain,2526,20260326
0,0,0.0,0,0,0.0,0,0,0,0.0,0,0.0,0,1,0,0,0,0,0,0,0,0,0,1,1,0,0,0,1,1,0,0,,,0,0,0.0,0,0,0,1,1,0,0,0,,0,0.0,0,0,0,0,0,0,0,0,9,0,0.0,0,0,0,0,0.0,0,0,0,0,1,0,0,6.2,0,0,0,0,0,0,0,0,0.0,0.0,0,0,0,0,0,0,0.0,0,0,0,0.0,0,0,0,0,0,0.0,0,0,0,0,6.2,0,0,2,0,0,0,Carlos Ballestero,Deportivo Alavés,1402936,2885,spain,2526,20260326
2,0,0.0,41,8,61.54,97,61,158,88.27,1,25.0,3,4,0,0,0,0,11,1,0,2,0,1,4,0,0,3,11,27,0,1,0.11,0.22,7,0,0.0,0,0,0,3,2,1,0,0,,5,17.24,0,0,0,21,3,1,0,4,272,0,0.0,0,0,0,0,0.0,0,0,0,0,32,3,0,6.18,0,0,0,0,0,0,0,0,0.0,0.0,0,2,1,0,1,1,25.0,0,3,1,33.33,1,4,4,1,6,18.18,13,112,67,179,24.7,3,0,212,1,1,0,Thiago Pitarch,Real Madrid,2237795,2829,spain,2526,20260326
0,0,0.0,2,0,0.0,2,0,2,50.0,0,0.0,0,1,0,0,0,0,0,0,1,0,0,0,1,0,0,0,0,1,0,0,0.0,0.45,1,0,0.0,0,0,0,0,0,0,0,0,,1,50.0,0,0,0,2,0,0,0,0,9,0,0.0,0,0,0,0,0.0,0,0,0,0,4,0,0,6.1,0,0,0,0,0,0,0,0,0.0,0.0,0,1,0,1,0,0,0.0,0,0,0,0.0,0,1,0,1,1,50.0,1,4,0,4,6.1,1,0,8,1,0,0,Diego Morcillo,Deportivo Alavés,1430809,2885,spain,2526,20260326
0,0,0.0,7,1,20.0,12,2,14,48.28,3,27.27,8,4,0,0,0,0,3,0,1,2,0,1,3,0,0,2,0,16,1,0,0.04,0.35,6,0,0.0,0,0,0,3,2,1,0,0,,2,20.0,0,0,0,15,0,0,0,1,81,0,1.0,0,0,0,0,0.0,0,0,0,0,24,1,0,6.07,0,0,0,0,0,0,0,0,0.0,0.0,0,2,1,1,0,2,66.67,0,0,0,0.0,0,0,3,3,5,23.81,5,20,9,29,18.2,3,0,53,0,0,0,Mikel Goti,Real Sociedad,1136702,2824,spain,2526,20260326
1,0,0.0,5,2,22.22,27,65,92,88.46,3,50.0,3,2,0,0,0,0,6,0,0,0,0,1,2,0,0,0,1,6,0,0,0.01,0.12,2,0,0.0,3,0,0,8,8,0,0,0,,2,40.0,0,0,0,12,1,0,0,2,180,0,,0,0,0,0,0.0,0,0,0,0,13,0,0,5.7,0,0,0,0,0,0,0,0,0.0,0.0,0,1,0,1,0,0,0.0,0,2,0,0.0,0,3,0,0,5,45.45,9,36,68,104,11.4,1,0,119,0,1,0,Ladislav Krejčí,Girona FC,856250,24264,spain,2526,20260326
0,0,0.0,0,0,0.0,0,0,0,0.0,0,0.0,0,1,0,0,0,0,0,0,0,0,0,2,0,0,0,0,0,2,0,0,,,2,0,0.0,0,0,0,1,1,0,0,0,,0,0.0,0,0,0,0,0,0,0,0,1,0,0.0,0,0,0,1,0.0,0,0,0,0,0,0,0,0.0,0,0,0,0,0,0,0,0,0.0,0.0,0,0,0,0,0,0,0.0,0,0,0,0.0,0,0,0,0,0,0.0,0,0,0,0,0.0,0,0,2,0,0,0,Arkaitz Mariezkurrena,Real Sociedad,1526575,2824,spain,2526,20260326
0,0,0.0,0,0,0.0,0,1,1,100.0,0,0.0,0,1,0,0,0,0,1,0,0,0,0,0,0,0,0,0,0,1,0,0,0.0,,0,0,0.0,0,0,0,0,0,0,0,0,,2,66.67,0,0,0,0,0,0,0,0,1,0,0.0,0,0,0,0,0.0,0,0,0,0,1,0,0,0.0,0,0,0,0,0,0,0,0,0.0,0.0,0,0,0,0,0,1,50.0,0,0,0,0.0,0,0,2,0,2,66.67,0,0,1,1,0.0,0,0,4,1,0,0,Dani Pérez,Real Betis,1171626,2816,spain,2526,20260326
0,0,0.0,0,0,0.0,1,0,1,100.0,0,0.0,1,1,0,0,0,0,0,0,0,0,0,0,0,0,0,0,0,1,0,0,0.0,,0,0,0.0,0,0,0,0,0,0,0,0,,0,0.0,0,0,0,0,0,0,0,0,1,0,0.0,0,0,0,0,0.0,0,0,0,0,1,0,0,0.0,0,0,0,0,0,0,0,0,0.0,0.0,0,0,0,0,0,0,0.0,0,0,0,0.0,0,0,0,1,0,0.0,0,1,0,1,0.0,0,0,3,0,0,0,Lander Pinillos,Deportivo Alavés,1122588,2885,spain,2526,20260326
0,0,0.0,0,0,0.0,0,0,0,0.0,0,0.0,0,1,0,0,0,0,1,0,0,0,0,0,0,0,0,1,0,1,0,0,0.0,0.03,0,0,0.0,0,0,0,1,1,0,0,0,,0,0.0,0,0,0,3,0,0,0,0,1,0,0.0,0,0,0,0,0.0,0,0,0,0,4,0,0,0.0,0,0,0,0,0,0,0,0,0.0,0.0,0,0,1,1,0,0,0.0,0,0,0,0.0,0,0,0,0,0,0.0,0,1,2,3,0.0,1,0,6,0,0,0,Lander Astiazaran,Real Sociedad,1535581,2824,spain,2526,20260326
