accurateChippedPasses,accurateCrosses,accurateCrossesPercentage,accurateFinalThirdPasses,accurateLongBalls,accurateLongBallsPercentage,accurateOppositionHalfPasses,accurateOwnHalfPasses,accuratePasses,accuratePassesPercentage,aerialDuelsWon,aerialDuelsWonPercentage,aerialLost,appearances,assists,attemptPenaltyMiss,attemptPenaltyPost,attemptPenaltyTarget,ballRecovery,bigChancesCreated,bigChancesMissed,blockedShots,cleanSheet,clearances,countRating,crossesNotClaimed,directRedCards,dispossessed,dribbledPast,duelLost,errorLeadToGoal,errorLeadToShot,expectedAssists,expectedGoals,fouls,freeKickGoal,goalConversionPercentage,goalKicks,goals,goalsAssistsSum,goalsConceded,goalsConcededInsideTheBox,goalsConcededOutsideTheBox,goalsFromInsideTheBox,goalsFromOutsideTheBox,goalsPrevented,groundDuelsWon,groundDuelsWonPercentage,headedGoals,highClaims,hitWoodwork,inaccuratePasses,interceptions,keyPasses,leftFootGoals,matchesStarted,minutesPlayed,offsides,outfielderBlocks,ownGoals,passToAssist,penaltiesTaken,penaltyConceded,penaltyConversion,penaltyFaced,penaltyGoals,penaltySave,penaltyWon,possessionLost,possessionWonAttThird,punches,rating,redCards,rightFootGoals,runsOut,savedShotsFromInsideTheBox,savedShotsFromOutsideTheBox,saves,savesCaught,savesParried,scoringFrequency,setPieceConversion,shotFromSetPiece,shotsFromInsideTheBox,shotsFromOutsideTheBox,shotsOffTarget,shotsOnTarget,successfulDribbles,successfulDribblesPercentage,successfulRunsOut,tackles,tacklesWon,tacklesWonPercentage,totalAttemptAssist,totalChippedPasses,totalContest,totalCross,totalDuelsWon,totalDuelsWonPercentage,totalLongBalls,totalOppositionHalfPasses,totalOwnHalfPasses,totalPasses,totalRating,totalShots,totwAppearances,touches,wasFouled,yellowCards,yellowRedCards,player,team,player id,team id,data_country,data_season,download_date
34,23,28.05,569,32,47.06,879,215,1094,81.1,0,0.0,5,28,11,0,1,0,99,26,7,32,6,3,28,0,0,40,11,194,0,0,10.09,12.81,28,0,13.68,0,16,27,23,22,1,14,2,,220,53.79,0,0,4,255,10,73,14,26,2268,14,0.0,0,1,4,0,75.0,0,3,0,2,569,19,0,7.93,0,2,0,0,0,0,0,0,141.75,0.0,4,75,42,48,37,133,54.73,0,35,21,60.0,72,105,243,82,220,53.14,68,1109,240,1349,222.0,117,9,2138,52,1,0,Lamine Yamal,FC Barcelona,1402912,2817,spain,2526,20260428
1,0,0.0,3,15,35.71,9,20,29,50.88,2,100.0,0,2,0,0,0,0,25,0,0,0,0,6,2,0,0,0,0,0,0,0,0.0,,0,0,0.0,26,0,0,5,4,1,0,0,-0.26,0,0.0,0,2,0,28,0,0,0,2,180,0,0.0,0,0,0,0,0.0,0,0,0,0,28,0,5,7.75,0,0,0,6,4,11,0,2,0.0,0.0,0,0,0,0,0,0,0.0,0,0,0,0.0,0,2,0,0,2,100.0,42,36,21,57,15.5,0,1,90,0,0,0,Pablo Cuñat,Levante UD,1085579,2849,spain,2526,20260428
37,6,23.08,480,31,81.58,667,128,795,86.7,7,70.0,3,28,4,0,0,1,41,8,18,32,7,0,28,0,0,37,8,122,0,0,6.1,23.0,13,0,18.18,0,24,28,24,19,5,19,5,,111,48.26,0,0,3,122,2,63,2,27,2403,31,0.0,0,0,9,0,88.89,0,8,0,4,318,19,0,7.63,0,22,0,0,0,0,0,0,100.13,0.0,5,94,38,39,61,76,53.9,0,4,1,25.0,63,55,141,26,118,49.17,38,780,137,917,213.7,132,9,1420,31,4,0,Kylian Mbappé,Real Madrid,826643,2829,spain,2526,20260428
72,4,40.0,583,78,66.67,1112,485,1597,91.05,10,83.33,2,25,8,0,0,0,143,8,4,4,3,20,25,0,0,27,28,80,0,1,4.46,1.55,8,0,10.0,0,2,10,19,18,1,1,1,,122,61.0,0,0,0,157,21,56,1,20,1811,1,2.0,0,1,0,0,0.0,0,0,0,0,240,16,0,7.58,1,1,0,0,0,0,0,0,905.5,0.0,0,10,10,6,10,35,70.0,0,48,29,60.42,55,119,50,10,132,62.26,117,1231,523,1754,189.6,20,7,2122,39,0,1,Pedri,FC Barcelona,992587,2817,spain,2526,20260428
40,9,16.07,511,34,68.0,743,115,858,83.79,0,0.0,6,32,5,0,0,1,81,6,13,23,3,1,32,0,0,40,11,185,0,1,4.77,12.47,30,0,14.13,0,13,18,28,22,6,11,2,,181,50.28,0,0,3,166,2,62,2,28,2484,12,0.0,0,0,5,0,80.0,0,4,0,4,456,19,0,7.48,0,11,0,0,0,0,0,0,191.08,0.0,0,65,27,27,42,83,45.11,0,28,15,53.57,62,64,184,56,181,49.45,50,888,136,1024,239.2,92,8,1701,70,7,0,Vinicius Júnior,Real Madrid,868812,2829,spain,2526,20260428
114,0,0.0,43,217,50.12,146,550,696,75.16,11,100.0,0,17,0,0,0,0,175,0,0,0,3,22,17,0,0,0,5,5,1,3,0.09,,0,0,0.0,90,0,0,22,17,5,0,0,-0.02,6,54.55,0,20,0,230,1,3,0,17,1530,0,0.0,0,1,0,0,0.0,4,0,0,0,235,0,9,7.46,0,0,21,32,18,51,0,16,0.0,0.0,0,0,0,0,0,0,0.0,17,0,0,0.0,2,180,0,0,17,77.27,433,336,590,926,126.9,0,1,1107,7,1,0,Matías Dituro,Elche,556884,2846,spain,2526,20260428
20,19,27.54,227,23,56.1,363,122,485,81.79,2,40.0,3,20,3,0,0,0,44,11,5,16,3,11,20,0,0,13,13,57,0,0,5.55,9.79,10,0,18.97,0,11,14,9,8,1,9,2,,42,43.75,1,0,5,108,4,41,8,17,1299,2,0.0,0,2,3,0,100.0,0,3,0,1,227,11,0,7.45,0,2,0,0,0,0,0,0,118.09,0.0,3,33,25,23,19,20,51.28,0,13,5,38.46,39,39,39,69,44,43.56,41,464,129,593,149.0,58,4,905,9,4,0,Raphinha,FC Barcelona,831005,2817,spain,2526,20260428
15,0,0.0,4,23,41.82,13,48,61,65.59,0,0.0,0,3,0,0,0,0,14,0,0,0,1,8,3,0,0,0,0,0,0,0,0.0,,0,0,0.0,13,0,0,6,6,0,0,0,1.54,1,100.0,0,0,0,32,0,0,0,3,270,0,0.0,0,0,0,0,0.0,2,0,1,0,34,0,5,7.43,0,0,3,6,4,10,0,5,0.0,0.0,0,0,0,0,0,0,0.0,3,1,1,100.0,0,28,0,0,1,100.0,55,36,57,93,22.3,0,0,124,0,0,0,Dani Cárdenas,Rayo Vallecano,965832,2818,spain,2526,20260428
40,0,0.0,4,81,51.27,25,679,704,89.8,7,100.0,0,27,0,0,0,0,257,0,0,0,14,38,27,0,0,1,0,1,1,0,0.01,,0,0,0.0,98,0,0,19,18,1,0,0,10.15,10,90.91,0,18,0,80,2,0,0,27,2430,0,0.0,0,0,0,0,0.0,2,0,0,0,84,0,6,7.39,0,0,49,59,9,69,1,10,0.0,0.0,0,0,0,0,0,1,100.0,49,5,3,60.0,0,56,1,0,17,94.44,158,79,705,784,199.4,0,1,1099,4,1,0,Joan García,FC Barcelona,930267,2817,spain,2526,20260428
48,3,60.0,449,44,84.62,931,424,1355,94.23,8,50.0,8,22,5,0,0,0,84,9,0,2,5,13,22,0,0,12,10,42,0,0,3.51,1.17,10,0,14.29,0,1,6,17,16,1,1,0,,71,67.62,0,0,0,83,17,32,0,16,1555,2,4.0,0,0,0,0,0.0,0,0,0,0,118,5,0,7.33,1,1,0,0,0,0,0,0,1555.0,0.0,0,6,1,3,2,5,71.43,0,41,16,39.02,32,64,7,5,79,65.29,52,988,450,1438,161.2,7,2,1621,25,4,1,Frenkie de Jong,FC Barcelona,795222,2817,spain,2526,20260428
46,7,24.14,554,60,59.41,1042,533,1575,89.79,22,62.86,13,31,8,0,0,0,136,8,1,9,9,48,31,0,1,8,11,62,1,1,4.64,2.76,17,0,10.42,0,5,13,26,20,6,2,3,,75,60.48,0,0,1,179,23,43,0,29,2566,1,8.0,0,0,0,0,0.0,0,0,0,0,251,12,0,7.32,1,5,0,0,0,0,0,0,513.2,0.0,4,11,37,19,20,21,61.76,0,41,25,60.98,43,67,34,29,97,61.01,101,1177,577,1754,226.8,48,2,2157,13,3,0,Federico Valverde,Real Madrid,831808,2829,spain,2526,20260428
46,0,0.0,236,100,65.36,677,644,1321,89.68,47,61.84,29,25,2,0,0,0,68,1,2,4,5,117,25,0,1,2,5,54,0,2,1.15,2.24,20,0,10.53,12,2,4,17,13,4,2,0,,45,64.29,1,0,0,152,18,10,0,22,1837,1,15.0,0,0,0,1,0.0,0,0,0,0,163,1,0,7.29,1,1,0,0,0,0,0,0,918.5,0.0,0,15,4,10,5,2,100.0,0,31,17,54.84,10,80,2,1,92,63.01,153,797,676,1473,182.2,19,6,1744,12,7,0,Dean Huijsen,Real Madrid,1176744,2829,spain,2526,20260428
74,0,0.0,49,253,46.51,152,550,702,70.2,14,93.33,1,31,0,0,0,0,266,0,0,1,8,38,31,1,0,0,1,2,0,1,0.07,0.16,0,0,0.0,225,0,0,45,38,7,0,0,2.02,4,80.0,0,34,0,298,1,0,0,31,2790,0,0.0,0,0,0,0,0.0,4,0,1,0,303,0,12,7.28,0,0,20,75,30,107,1,18,0.0,0.0,0,2,0,1,0,0,0.0,20,2,1,50.0,0,107,0,0,18,90.0,544,381,619,1000,225.7,2,3,1358,1,2,0,Mathew Ryan,Levante UD,134029,2849,spain,2526,20260428
37,0,0.0,87,43,53.09,297,400,697,90.87,26,55.32,21,16,1,0,0,0,56,2,1,3,4,52,16,0,0,1,3,41,0,1,0.71,1.78,15,0,9.52,18,2,3,9,7,2,1,1,,39,66.1,1,0,1,70,11,8,0,14,1141,0,12.0,0,0,0,0,0.0,0,0,0,0,85,3,0,7.27,0,1,0,0,0,0,0,0,570.5,0.0,0,17,4,9,9,3,50.0,0,23,16,69.57,8,70,6,1,65,61.32,81,354,413,767,116.3,21,2,949,13,2,0,Éder Militão,Real Madrid,822519,2829,spain,2526,20260428
88,0,0.0,39,270,42.25,179,570,749,66.28,5,100.0,0,33,1,0,0,0,271,1,0,0,9,46,33,0,0,0,0,0,2,2,0.13,,1,0,0.0,210,0,1,51,43,8,0,0,5.98,9,100.0,0,20,0,381,0,2,0,33,2970,0,0.0,0,0,0,0,0.0,7,0,2,0,389,0,14,7.27,0,0,32,93,42,137,0,36,0.0,0.0,0,0,0,0,0,2,100.0,29,0,0,0.0,2,151,2,0,14,100.0,639,450,680,1130,239.8,0,3,1473,8,3,0,Aaron Escandell,Real Oviedo,368922,2851,spain,2526,20260428
12,5,10.2,228,13,59.09,392,139,531,79.61,25,39.68,38,24,7,0,0,0,103,10,8,19,2,10,24,0,0,33,24,153,0,0,2.93,7.24,24,0,10.94,0,7,14,27,20,7,6,1,,139,54.72,0,0,4,136,14,25,1,21,1833,4,1.0,0,0,0,0,0.0,0,0,0,1,324,22,0,7.26,0,6,0,0,0,0,0,0,261.86,0.0,3,42,22,25,20,34,46.58,0,43,27,62.79,25,31,73,49,164,51.74,22,491,176,667,174.2,64,3,1181,62,3,0,Abdessamad Ezzalzouli,Real Betis,1011375,2816,spain,2526,20260428
49,0,0.0,78,338,38.45,277,155,432,44.35,3,75.0,1,33,0,0,0,0,266,0,0,0,10,34,33,2,0,0,0,1,3,0,0.1,,0,0,0.0,258,0,0,34,29,5,0,0,7.15,2,100.0,0,9,0,542,0,1,0,33,2970,0,0.0,0,0,0,0,0.0,4,0,2,0,555,0,11,7.23,0,0,24,69,30,102,3,24,0.0,0.0,0,0,0,0,0,0,0.0,24,0,0,0.0,1,73,0,0,5,83.33,879,784,190,974,238.7,0,4,1198,3,2,0,David Soria,Getafe,604258,2859,spain,2526,20260428
33,4,26.67,323,53,74.65,600,271,871,89.24,29,60.42,19,23,3,0,0,0,86,4,7,17,6,14,22,0,0,28,10,106,0,0,1.99,6.49,28,0,8.89,0,4,7,16,12,4,3,1,,113,56.5,1,0,0,105,12,35,0,18,1550,2,2.0,0,0,0,0,0.0,0,0,0,0,203,18,0,7.23,0,3,0,0,0,0,0,0,387.5,0.0,0,30,15,6,22,31,55.36,0,44,30,68.18,35,48,56,15,142,57.26,71,692,284,976,159.0,45,3,1343,38,1,0,Jude Bellingham,Real Madrid,991011,2829,spain,2526,20260428
32,1,14.29,381,53,58.24,928,599,1527,91.44,66,75.0,22,29,0,0,0,0,129,4,4,11,8,52,29,0,0,4,14,69,0,2,2.83,2.33,26,0,2.63,0,1,1,24,20,4,1,0,,86,64.66,0,0,0,143,36,22,0,27,2314,0,12.0,0,0,0,0,0.0,0,0,0,0,180,9,0,7.22,0,1,0,0,0,0,0,0,2314.0,0.0,0,18,20,20,7,3,37.5,0,60,36,60.0,22,61,8,7,152,68.78,91,1030,640,1670,209.5,38,1,1998,23,8,0,Aurélien Tchouaméni,Real Madrid,859025,2829,spain,2526,20260428
15,2,50.0,56,21,38.18,234,430,664,88.06,50,81.97,11,15,1,0,0,0,45,1,0,1,4,73,15,0,0,3,2,25,0,2,0.55,0.23,9,0,0.0,0,0,1,10,7,3,0,0,,28,66.67,0,0,0,90,18,3,0,11,1067,1,14.0,0,0,0,0,0.0,0,0,0,0,112,0,0,7.22,0,0,0,0,0,0,0,0,0.0,0.0,0,6,2,5,2,2,66.67,0,16,9,56.25,3,41,3,4,78,75.73,55,295,459,754,108.3,8,3,950,10,1,0,Marc Pubill,Atlético Madrid,1094106,2836,spain,2526,20260428
41,2,9.52,542,42,65.63,1035,558,1593,90.1,6,30.0,14,32,2,0,0,0,158,2,1,8,7,20,32,0,0,42,26,137,0,2,2.65,1.94,29,0,9.52,0,2,4,45,36,9,2,0,,218,63.93,0,0,1,175,25,25,0,32,2835,1,4.0,0,0,0,0,0.0,0,0,0,0,337,17,0,7.21,0,2,0,0,0,0,0,0,1417.5,0.0,0,13,8,5,8,47,61.84,0,70,44,62.86,25,66,76,21,224,62.05,64,1177,591,1768,230.6,21,6,2306,102,8,0,Aleix Febas,Elche,286167,2846,spain,2526,20260428
2,1,100.0,18,1,25.0,23,4,27,62.79,9,56.25,7,3,1,0,0,0,7,1,1,2,1,2,3,0,0,8,0,34,0,0,0.51,1.42,10,0,16.67,0,1,2,4,4,0,1,0,,15,35.71,0,0,0,16,0,4,1,3,270,1,0.0,0,0,0,0,0.0,0,0,0,0,55,0,0,7.2,0,0,0,0,0,0,0,0,270.0,0.0,0,5,1,3,1,6,40.0,0,2,2,100.0,4,2,15,1,24,41.38,4,38,5,43,21.6,6,1,122,8,1,0,Christantus Uche,Getafe,1884145,2859,spain,2526,20260428
3,5,50.0,25,5,71.43,44,18,62,86.11,0,0.0,0,2,0,0,0,0,3,1,0,0,0,0,2,0,0,2,1,7,0,0,0.86,0.08,3,0,50.0,0,1,1,5,3,2,0,1,,4,36.36,0,0,1,10,1,9,1,2,180,0,0.0,0,0,0,0,0.0,0,0,0,0,30,0,0,7.2,0,0,0,0,0,0,0,0,180.0,0.0,0,1,1,1,1,1,33.33,0,0,0,0.0,9,4,3,10,4,36.36,7,52,20,72,14.4,2,0,109,3,0,0,Dodi Lukebakio,Sevilla,823631,2833,spain,2526,20260428
58,0,0.0,31,118,34.81,83,575,658,74.02,3,100.0,0,16,0,0,0,0,151,1,0,0,4,20,16,1,0,0,5,5,1,1,0.19,,0,0,0.0,78,0,0,28,24,4,0,0,3.0,0,0.0,0,8,0,231,0,3,0,16,1440,0,0.0,0,0,0,0,0.0,2,0,0,0,236,0,2,7.19,0,0,17,41,14,55,0,15,0.0,0.0,0,0,0,0,0,0,0.0,16,0,0,0.0,3,138,0,0,3,37.5,339,257,632,889,115.1,0,2,1052,1,0,0,Iñaki Peña,Elche,794949,2846,spain,2526,20260428
7,8,36.36,100,7,41.18,176,166,342,87.24,6,54.55,5,11,2,0,0,0,44,5,0,5,3,14,11,0,0,4,9,42,0,2,1.56,0.37,6,0,9.09,0,1,3,3,3,0,1,0,,47,55.95,0,0,1,50,10,12,1,8,664,3,1.0,0,0,0,0,0.0,0,0,0,1,102,2,0,7.19,0,0,0,0,0,0,0,0,664.0,0.0,1,4,7,3,3,19,51.35,0,20,16,80.0,12,19,37,22,53,55.79,17,213,179,392,79.1,11,1,591,8,0,0,Joao Cancelo,FC Barcelona,138892,2817,spain,2526,20260428
70,39,30.23,517,72,72.73,849,367,1216,90.68,4,30.77,9,32,9,0,0,0,101,14,3,14,2,9,32,0,0,16,21,82,1,1,7.18,4.57,21,0,8.16,0,4,13,20,18,2,3,1,,105,58.99,1,0,0,125,9,70,3,25,2010,3,2.0,0,0,0,1,0.0,0,0,0,0,291,11,0,7.19,0,0,0,0,0,0,0,0,502.5,0.0,1,23,26,16,19,27,62.79,0,46,29,63.04,70,93,43,129,109,57.07,99,957,384,1341,230.1,49,2,1787,32,1,0,Arda Güler,Real Madrid,1091116,2829,spain,2526,20260428
9,5,22.73,266,20,57.14,415,184,599,86.31,2,40.0,3,19,2,0,0,0,59,7,0,12,1,8,19,0,0,29,19,110,0,0,2.86,2.76,14,0,12.82,0,5,7,19,15,4,4,1,,119,52.65,0,0,0,95,16,23,0,15,1346,0,1.0,0,1,1,0,100.0,0,1,0,1,255,9,0,7.19,0,5,0,0,0,0,0,0,269.2,0.0,2,18,21,13,14,52,53.61,0,19,11,57.89,22,20,97,22,121,52.38,35,492,202,694,136.6,39,3,1101,49,7,0,Azzedine Ounahi,Girona FC,991421,24264,spain,2526,20260428
22,1,11.11,119,32,66.67,206,149,355,78.89,18,47.37,20,18,0,0,0,0,39,4,3,11,0,15,18,0,0,16,15,69,0,0,1.9,6.03,11,0,26.47,0,9,9,12,11,1,7,2,,42,46.15,2,0,0,95,3,20,6,14,1130,4,1.0,0,0,3,0,100.0,0,3,0,1,163,6,0,7.18,0,1,0,0,0,0,0,0,125.56,0.0,0,29,5,8,15,13,54.17,0,14,8,57.14,20,39,24,9,60,46.51,48,276,174,450,129.3,34,3,646,15,0,0,Gerard Moreno,Villarreal,146866,2819,spain,2526,20260428
21,21,31.34,294,16,53.33,427,198,625,81.49,16,41.03,23,32,4,0,0,0,104,11,6,17,3,24,32,0,0,39,21,160,0,0,5.65,7.59,22,0,12.5,0,7,11,31,28,3,7,0,,121,46.9,0,0,3,142,15,47,7,23,2129,14,1.0,0,2,1,0,100.0,0,1,0,2,359,17,0,7.18,0,0,0,0,0,0,0,0,304.14,0.0,1,42,14,17,22,53,48.18,0,31,21,67.74,45,35,110,67,137,46.13,30,536,231,767,229.7,56,3,1306,38,4,0,Nicolas Pépé,Villarreal,593526,2819,spain,2526,20260428
39,0,0.0,222,65,57.02,943,1475,2418,94.79,62,65.26,33,28,0,0,0,0,93,1,0,3,10,123,28,0,0,4,12,70,0,2,0.69,0.54,24,0,10.0,4,1,1,27,25,2,1,0,,44,54.32,1,0,0,133,27,5,0,28,2466,0,12.0,0,0,0,0,0.0,0,0,0,0,145,0,0,7.17,0,0,0,0,0,0,0,0,2466.0,0.0,0,8,2,5,2,1,100.0,0,35,24,68.57,5,65,1,0,106,60.23,114,1029,1522,2551,200.8,10,4,2831,8,3,0,Pau Cubarsí,FC Barcelona,1402913,2817,spain,2526,20260428
7,0,0.0,2,15,31.91,6,146,152,82.16,0,0.0,0,6,0,0,0,0,48,0,0,0,0,9,6,0,0,0,0,0,0,0,0.0,,0,0,0.0,30,0,0,11,10,1,0,0,1.53,0,0.0,0,1,0,33,0,0,0,6,540,0,0.0,0,0,0,0,0.0,2,0,1,0,38,0,3,7.17,0,0,12,13,3,17,0,8,0.0,0.0,0,0,0,0,0,0,0.0,12,0,0,0.0,0,16,0,0,0,0.0,47,28,157,185,43.0,0,1,245,0,0,0,Wojciech Szczęsny,FC Barcelona,50490,2817,spain,2526,20260428
23,1,100.0,45,31,52.54,154,353,507,89.73,9,56.25,7,13,0,0,0,0,46,0,0,1,3,56,13,0,0,1,1,18,0,2,0.18,0.12,8,0,0.0,19,0,0,9,6,3,0,0,,24,68.57,0,0,0,58,16,0,0,12,936,0,10.0,0,0,0,0,0.0,0,0,0,0,63,1,0,7.15,0,0,0,0,0,0,0,0,0.0,0.0,0,2,0,1,0,3,75.0,0,20,13,65.0,0,42,4,1,33,64.71,59,190,375,565,92.9,2,3,692,1,2,0,Juan Foyth,Villarreal,873189,2819,spain,2526,20260428
24,13,22.41,362,16,53.33,574,236,810,81.65,7,36.84,12,27,5,0,0,0,106,8,11,19,2,17,27,0,1,21,22,96,0,1,4.69,6.89,14,0,9.33,0,7,12,31,24,7,3,4,,88,51.16,0,0,2,182,21,46,6,25,2073,1,1.0,0,0,0,0,0.0,0,0,0,0,324,13,0,7.14,1,1,0,0,0,0,0,0,296.14,0.0,0,42,33,26,30,19,40.43,0,29,17,58.62,46,49,47,58,95,49.74,30,718,274,992,192.9,75,2,1423,40,5,0,Antony,Real Betis,958380,2816,spain,2526,20260428
87,8,27.59,367,90,69.23,789,704,1493,91.99,13,50.0,13,29,2,0,0,0,111,3,0,4,4,22,29,0,0,17,22,76,0,0,3.68,0.44,19,0,18.18,0,2,4,21,15,6,1,1,,63,50.0,0,0,0,130,16,28,0,20,1859,0,2.0,0,0,0,0,0.0,0,0,0,0,191,12,0,7.13,0,2,0,0,0,0,0,0,929.5,0.0,0,4,7,3,4,3,37.5,0,44,23,52.27,28,136,8,29,76,50.0,130,891,732,1623,206.7,11,1,1856,16,5,0,Koke,Atlético Madrid,84539,2836,spain,2526,20260428
60,35,26.32,481,87,66.41,877,508,1385,86.83,15,30.0,35,33,4,0,0,0,138,8,2,15,4,19,33,0,0,28,33,142,0,0,5.77,3.65,27,1,17.95,0,7,11,36,29,7,5,2,,80,42.78,1,0,1,210,32,79,0,30,2570,11,3.0,0,2,0,0,0.0,0,0,0,0,400,23,0,7.12,0,6,0,0,0,0,0,0,367.14,50.0,2,19,20,8,16,21,51.22,0,36,25,69.44,77,100,41,133,95,40.08,131,1050,545,1595,234.9,39,3,2101,24,2,0,Pablo Fornals,Real Betis,816763,2816,spain,2526,20260428
34,0,0.0,63,188,32.19,150,334,484,54.94,6,100.0,0,33,0,0,0,0,297,0,0,0,9,29,33,0,0,0,2,2,0,1,0.37,,0,0,0.0,208,0,0,49,42,7,0,0,0.96,7,77.78,0,36,0,397,0,1,0,33,2970,0,0.0,0,0,0,0,0.0,5,0,0,0,406,0,13,7.12,0,0,25,76,39,116,1,23,0.0,0.0,0,0,0,0,0,0,0.0,24,3,2,66.67,1,67,0,0,13,86.67,584,502,379,881,234.8,0,3,1218,4,0,0,Marko Dmitrović,Espanyol,94527,2814,spain,2526,20260428
39,6,23.08,347,36,58.06,616,297,913,85.81,19,65.52,10,28,7,0,0,0,91,9,8,16,2,19,28,0,0,22,11,88,0,1,4.89,7.23,20,0,10.94,0,7,14,16,14,2,6,1,,86,52.44,0,0,4,151,13,43,2,20,1784,5,0.0,0,0,0,0,0.0,0,0,0,2,258,11,0,7.11,0,5,0,0,0,0,0,0,254.86,0.0,5,33,31,27,21,13,34.21,0,33,22,66.67,43,61,38,26,105,54.4,62,727,337,1064,199.0,64,5,1436,40,0,0,Dani Olmo,FC Barcelona,789071,2817,spain,2526,20260428
43,0,0.0,22,110,39.29,70,235,305,63.81,5,100.0,0,15,0,0,0,0,136,0,0,0,4,6,15,0,0,0,0,0,1,0,0.02,,0,0,0.0,61,0,0,18,17,1,0,0,-1.43,3,100.0,0,16,0,173,0,0,0,15,1350,0,0.0,0,0,0,0,0.0,3,0,0,0,177,0,2,7.11,0,0,9,25,12,39,1,5,0.0,0.0,0,0,0,0,0,0,0.0,8,1,0,0.0,0,85,0,0,8,100.0,280,200,278,478,106.6,0,1,609,3,1,0,Stole Dimitrievski,Valencia,97951,2828,spain,2526,20260428
2,4,33.33,42,1,33.33,61,12,73,82.95,0,0.0,2,2,1,0,0,0,4,2,0,0,1,2,2,0,0,0,2,8,0,0,0.97,0.16,2,0,0.0,0,0,1,0,0,0,0,0,,2,25.0,0,0,0,15,2,7,0,2,160,0,1.0,0,1,0,0,0.0,0,0,0,0,33,2,0,7.1,0,0,0,0,0,0,0,0,0.0,0.0,0,2,0,1,1,0,0.0,0,2,1,50.0,6,3,3,12,2,20.0,3,75,13,88,14.2,2,0,123,0,0,0,Yéremy Pino,Villarreal,984624,2819,spain,2526,20260428
1,0,0.0,2,8,36.36,4,21,25,64.1,0,0.0,0,2,0,0,0,0,12,0,0,0,0,2,2,0,0,0,0,0,0,0,0.0,,0,0,0.0,11,0,0,6,6,0,0,0,-2.59,1,100.0,0,0,0,14,0,0,0,1,136,0,0.0,0,0,0,0,0.0,1,0,0,0,14,0,1,7.1,0,0,0,3,0,4,0,0,0.0,0.0,0,0,0,0,0,0,0.0,0,0,0,0.0,0,3,0,0,1,100.0,22,16,23,39,14.2,0,0,54,1,0,0,Vladyslav Krapyvtsov,Girona FC,1521733,24264,spain,2526,20260428
29,1,10.0,438,61,54.46,1006,871,1877,92.05,42,54.55,35,30,2,0,0,0,103,2,3,7,10,72,30,0,0,10,22,102,0,1,2.12,2.92,32,0,4.17,1,1,3,22,20,2,1,0,,91,57.59,0,0,0,162,42,29,1,28,2433,1,7.0,0,0,0,1,0.0,0,0,0,0,211,6,0,7.1,0,0,0,0,0,0,0,0,2433.0,0.0,0,17,7,10,7,2,25.0,0,67,38,56.72,29,56,8,10,133,56.6,112,1107,932,2039,212.9,24,4,2452,23,5,0,Eric García,FC Barcelona,876214,2817,spain,2526,20260428
10,1,25.0,109,20,68.97,232,142,374,63.07,131,54.58,109,32,1,1,0,1,67,1,17,17,2,51,32,0,1,41,7,193,0,0,1.08,15.68,33,0,21.88,0,21,22,45,40,5,20,1,,75,47.17,6,0,0,219,2,14,9,31,2684,13,5.0,0,0,7,0,71.43,0,5,0,1,360,20,0,7.09,1,5,0,0,0,0,0,0,127.81,0.0,0,86,10,37,42,14,58.33,0,8,4,50.0,14,18,24,4,206,51.63,29,406,187,593,227.0,96,5,1040,58,3,0,Vedat Muriqi,Mallorca,310874,2826,spain,2526,20260428
20,1,100.0,114,18,50.0,219,206,425,87.45,14,53.85,12,11,0,0,0,0,53,0,0,2,2,31,11,0,0,11,16,54,0,1,0.39,0.75,14,0,18.18,0,2,2,12,12,0,2,0,,49,53.85,0,0,0,61,5,5,0,9,858,0,6.0,0,0,0,1,0.0,0,0,0,0,88,5,0,7.09,0,2,0,0,0,0,0,0,429.0,0.0,0,8,3,6,3,5,55.56,0,26,18,69.23,5,32,9,1,63,53.85,36,264,222,486,78.0,11,1,644,18,4,0,Guido Rodríguez,Valencia,609752,2828,spain,2526,20260428
71,0,0.0,19,150,31.38,79,586,665,66.24,7,100.0,0,30,0,0,0,0,248,0,0,0,6,38,30,0,1,0,1,3,3,2,0.03,,1,0,0.0,158,0,0,42,35,7,0,0,3.26,5,62.5,0,25,0,339,0,0,0,30,2653,0,0.0,0,0,0,1,0.0,5,0,0,0,345,0,19,7.09,1,0,21,72,31,105,2,21,0.0,0.0,0,0,0,0,0,0,0.0,20,1,1,100.0,0,119,1,0,12,80.0,478,353,651,1004,212.6,0,2,1314,5,4,0,Paulo Gazzaniga,Girona FC,164343,24264,spain,2526,20260428
10,9,25.71,151,5,35.71,262,91,353,78.62,6,33.33,12,21,4,0,0,0,49,6,2,8,0,10,21,0,0,15,13,78,0,0,3.01,2.34,7,0,7.69,0,2,6,20,19,1,1,1,,107,61.85,1,0,1,96,9,30,1,15,1365,12,0.0,0,1,0,0,0.0,0,0,0,0,227,7,0,7.09,0,0,0,0,0,0,0,0,682.5,0.0,1,18,8,6,12,34,52.31,0,26,17,65.38,29,22,65,35,113,59.16,14,340,109,449,148.8,26,0,803,47,2,0,Takefusa Kubo,Real Sociedad,880218,2824,spain,2526,20260428
71,5,35.71,228,82,53.25,433,338,771,80.48,22,55.0,18,27,2,0,0,0,101,3,4,9,1,49,27,0,0,17,6,85,2,3,2.69,3.85,33,0,9.09,0,4,6,23,22,1,2,2,,102,60.36,0,0,0,187,31,24,3,23,1936,2,7.0,0,1,1,1,100.0,0,1,0,0,267,13,0,7.08,0,0,0,0,0,0,0,0,484.0,0.0,1,19,25,23,12,15,53.57,0,36,21,58.33,23,123,28,14,124,59.33,154,570,388,958,191.1,44,1,1340,51,8,0,Pape Gueye,Villarreal,879694,2819,spain,2526,20260428
17,0,0.0,3,45,44.12,19,168,187,76.64,2,100.0,0,9,0,0,0,0,58,0,0,0,2,7,9,0,0,0,1,1,0,1,0.01,,0,0,0.0,54,0,0,11,7,4,0,0,-0.11,3,75.0,0,2,0,57,0,0,0,9,810,0,0.0,0,0,0,0,0.0,1,0,1,0,60,0,3,7.08,0,0,9,18,11,30,2,5,0.0,0.0,0,0,0,0,0,0,0.0,9,1,1,100.0,0,21,0,0,5,83.33,102,66,178,244,63.7,0,0,329,2,1,0,Pau Lopez,Real Betis,548848,2816,spain,2526,20260428
50,0,0.0,85,60,57.14,292,587,879,90.43,36,55.38,29,20,0,0,0,0,55,1,0,0,4,118,20,0,0,0,8,50,0,2,0.64,0.37,13,0,20.0,34,1,1,22,18,4,1,0,,40,65.57,1,0,0,93,18,5,0,18,1710,3,15.0,1,0,0,1,0.0,0,0,0,0,98,0,0,7.08,0,0,0,0,0,0,0,0,1710.0,0.0,0,5,0,4,1,1,100.0,0,32,20,62.5,5,75,1,0,76,60.32,105,352,620,972,141.5,5,2,1216,7,1,0,Rafa Marín,Villarreal,984623,2819,spain,2526,20260428
22,6,17.14,259,32,65.31,482,214,696,87.33,8,38.1,13,27,8,0,0,0,74,14,7,12,1,5,27,0,0,17,20,107,0,2,3.99,6.44,28,0,10.0,0,6,14,17,16,1,4,2,,104,52.53,0,0,2,101,6,32,2,16,1574,5,0.0,0,0,0,0,0.0,0,0,0,0,220,14,0,7.07,0,4,0,0,0,0,0,0,262.33,0.0,0,37,23,27,21,40,57.14,0,45,23,51.11,32,47,70,35,112,51.14,49,566,231,797,191.0,60,4,1159,19,3,0,Fermín López,FC Barcelona,1153270,2817,spain,2526,20260428
13,2,11.76,201,15,55.56,313,191,504,76.48,33,32.35,69,29,3,0,0,0,81,12,16,16,2,25,29,0,0,42,15,166,0,2,3.24,14.34,21,0,18.92,0,14,17,39,37,2,10,4,,89,47.85,0,0,1,155,3,39,12,27,2398,12,3.0,0,0,6,0,100.0,0,6,0,0,314,21,0,7.07,0,2,0,0,0,0,0,0,171.29,0.0,2,55,19,24,34,32,60.38,0,21,14,66.67,39,28,53,17,122,42.36,27,436,223,659,205.1,74,3,1097,37,2,0,Mikel Oyarzabal,Real Sociedad,823622,2824,spain,2526,20260428
48,57,25.11,243,55,43.31,426,252,678,77.13,17,43.59,22,31,6,0,0,0,101,10,3,9,1,30,31,0,0,36,21,111,0,1,6.3,1.96,23,0,2.78,0,1,7,32,27,5,0,1,,102,53.4,0,0,0,201,19,71,1,27,2160,2,2.0,0,1,0,0,0.0,0,0,0,0,451,11,0,7.06,0,0,0,0,0,0,0,0,2160.0,0.0,2,9,27,17,10,26,72.22,0,40,23,57.5,70,114,36,227,119,51.74,127,600,279,879,218.9,36,1,1440,37,8,0,Edu Expósito,Espanyol,877262,2814,spain,2526,20260428
7,0,0.0,13,47,41.59,40,38,78,53.79,5,100.0,0,5,0,0,0,0,47,0,0,0,2,16,5,0,0,0,1,1,0,0,0.02,,0,0,0.0,37,0,0,7,4,3,0,0,-0.66,0,0.0,0,3,0,67,0,0,0,5,450,0,0.0,0,0,0,0,0.0,0,0,0,0,67,0,9,7.06,0,0,6,12,3,15,0,2,0.0,0.0,0,0,0,0,0,0,0.0,5,0,0,0.0,0,17,0,0,5,83.33,113,95,50,145,35.3,0,0,205,0,1,0,Lucas Bergström,Mallorca,996903,2826,spain,2526,20260428
3,2,66.67,8,3,100.0,17,7,24,85.71,1,50.0,1,5,0,0,0,0,2,2,0,0,0,3,4,0,0,1,1,6,0,0,0.35,0.52,1,0,100.0,0,1,1,4,4,0,1,0,,8,61.54,0,0,0,4,1,3,0,2,202,0,2.0,0,0,0,0,0.0,0,0,0,1,15,0,0,7.05,0,1,0,0,0,0,0,0,202.0,0.0,0,1,0,0,1,0,0.0,0,5,1,20.0,3,4,2,3,9,60.0,3,19,9,28,28.2,1,1,71,3,0,0,Alvaro Odriozola,Real Sociedad,353250,2824,spain,2526,20260428
38,0,0.0,37,196,41.53,147,513,660,70.14,3,75.0,1,28,0,0,0,0,201,0,0,0,2,24,28,1,0,0,0,2,2,1,0.07,,1,0,0.0,190,0,0,44,41,3,0,0,2.88,1,50.0,0,13,0,281,1,0,0,28,2520,0,0.0,0,0,0,1,0.0,6,0,1,0,285,0,9,7.05,0,0,13,55,33,93,1,24,0.0,0.0,0,0,0,0,0,0,0.0,13,1,1,100.0,0,61,0,0,4,66.67,472,372,569,941,197.3,0,2,1173,1,4,0,Leo Román,Mallorca,1131909,2826,spain,2526,20260428
18,2,15.38,246,45,51.14,637,814,1451,91.09,36,69.23,16,28,0,0,0,0,59,1,0,2,7,82,27,0,0,1,9,42,0,2,0.88,0.17,14,0,0.0,14,0,0,11,10,1,0,0,,47,64.38,0,0,0,142,26,12,0,22,1780,0,5.0,0,0,0,0,0.0,0,0,0,0,180,2,0,7.04,0,0,0,0,0,0,0,0,0.0,0.0,0,4,2,1,3,5,62.5,0,35,23,65.71,12,32,8,13,83,66.4,88,721,872,1593,190.2,6,3,1887,7,6,0,Gerard Martín,FC Barcelona,1094827,2817,spain,2526,20260428
11,0,0.0,25,18,41.86,140,353,493,90.29,24,50.0,24,14,0,0,0,0,42,0,0,0,2,70,13,0,0,2,4,37,0,0,0.11,0.8,8,0,33.33,9,1,1,8,7,1,1,0,,24,64.86,0,0,0,53,25,1,0,10,866,0,8.0,0,0,0,0,0.0,0,0,0,0,59,0,0,7.04,0,1,0,0,0,0,0,0,866.0,0.0,0,3,0,1,2,0,0.0,0,18,8,44.44,1,27,1,0,48,56.47,43,177,369,546,91.5,3,0,721,10,3,0,Diego Llorente,Real Betis,305278,2816,spain,2526,20260428
37,0,0.0,25,200,41.93,131,523,654,69.8,8,88.89,1,33,0,0,0,0,266,0,0,0,7,45,33,1,0,0,1,3,2,1,0.07,,2,0,0.0,269,0,0,40,32,8,0,0,2.6,4,66.67,0,19,0,283,0,0,0,33,2970,0,0.0,0,0,0,1,0.0,8,0,0,0,294,0,16,7.04,0,0,40,57,47,106,0,26,0.0,0.0,0,0,0,0,0,0,0.0,40,0,0,0.0,0,55,0,0,12,80.0,477,348,589,937,232.2,0,1,1280,4,3,0,Sergio Herrera,Osasuna,294377,2820,spain,2526,20260428
92,9,20.93,231,82,53.59,504,538,1042,86.62,27,57.45,20,26,0,0,1,1,119,1,2,9,3,59,25,0,0,8,13,71,1,0,2.05,3.52,29,0,8.7,3,2,2,30,26,4,1,1,,75,59.52,0,0,1,161,18,20,0,22,1905,1,8.0,0,0,3,0,33.33,0,1,0,0,218,4,0,7.04,0,2,0,0,0,0,0,0,952.5,0.0,5,10,13,11,3,7,77.78,0,55,29,52.73,20,151,9,43,102,58.96,153,623,580,1203,175.9,23,1,1504,13,3,0,Pepelu,Valencia,826948,2828,spain,2526,20260428
86,5,27.78,343,121,56.54,789,1091,1880,90.3,37,58.73,26,28,0,0,0,0,139,3,1,10,8,139,28,0,0,13,15,78,0,3,1.79,2.12,21,0,4.55,7,1,1,33,29,4,1,0,,71,57.72,0,0,0,202,27,13,1,27,2410,0,15.0,0,0,1,2,100.0,0,1,0,0,260,4,0,7.04,0,0,0,0,0,0,0,0,2410.0,0.0,4,11,11,9,3,15,75.0,0,38,20,52.63,13,144,20,18,108,58.06,214,939,1143,2082,197.0,22,1,2496,18,5,0,Marcos Alonso,Celta Vigo,69408,2821,spain,2526,20260428
18,0,0.0,26,25,35.71,107,321,428,85.09,35,68.63,16,12,0,0,0,0,45,0,0,1,4,73,12,0,0,3,1,32,0,0,0.2,0.29,13,0,25.0,4,1,1,17,14,3,1,0,,22,57.89,1,0,0,75,15,1,0,12,1044,0,15.0,0,0,0,0,0.0,0,0,0,0,90,1,0,7.03,0,0,0,0,0,0,0,0,1044.0,0.0,0,4,0,2,1,5,83.33,0,10,6,60.0,1,40,6,1,57,64.04,70,163,340,503,84.4,4,0,671,7,3,0,Eric Bailly,Real Oviedo,606346,2851,spain,2526,20260428
17,3,10.0,515,32,47.06,893,531,1424,90.53,28,54.9,23,26,2,0,0,0,145,1,0,3,10,60,25,0,1,18,18,92,0,2,1.4,0.31,17,0,25.0,0,2,4,21,17,4,2,0,,86,55.48,0,0,0,149,36,27,1,24,2160,5,7.0,0,1,0,0,0.0,0,0,0,1,251,8,0,7.03,1,1,0,0,0,0,0,0,1080.0,0.0,0,5,3,3,2,16,50.0,0,40,18,45.0,26,37,32,30,114,55.34,68,995,578,1573,175.8,8,1,2127,31,5,0,Álvaro Carreras,Real Madrid,1085081,2829,spain,2526,20260428
52,23,34.85,284,53,60.23,511,364,875,87.94,8,42.11,11,28,3,0,0,0,82,8,4,4,1,25,28,0,1,15,13,70,1,0,3.67,2.48,26,0,12.5,1,4,7,30,29,1,3,1,,60,50.42,1,0,0,120,14,44,1,22,1976,0,9.0,0,0,0,0,0.0,0,0,0,0,198,8,0,7.03,1,2,0,0,0,0,0,0,494.0,0.0,1,12,20,9,19,12,70.59,0,31,17,54.84,44,76,17,66,68,49.28,88,607,388,995,196.8,32,1,1288,17,3,0,Carlos Soler,Real Sociedad,832427,2824,spain,2526,20260428
71,56,29.79,306,76,49.35,588,353,941,77.58,45,56.96,34,32,9,0,0,0,192,11,1,8,10,48,32,0,1,23,31,128,0,2,5.45,1.05,27,0,0.0,0,0,9,31,26,5,0,0,,111,54.15,0,0,0,272,41,70,0,32,2834,1,7.0,0,2,0,0,0.0,0,0,0,0,476,19,0,7.03,1,0,0,0,0,0,0,0,0.0,0.0,3,5,15,10,2,19,54.29,0,50,26,52.0,68,159,35,188,156,54.93,154,797,416,1213,224.8,20,1,1780,42,4,0,Luis Milla,Getafe,811629,2859,spain,2526,20260428
49,0,0.0,13,186,45.48,114,487,601,72.85,5,83.33,1,28,0,0,0,0,229,0,0,0,10,23,28,0,0,0,2,3,0,0,0.02,,0,0,0.0,210,0,0,30,24,6,0,0,0.32,3,60.0,0,19,0,224,0,0,0,28,2520,0,0.0,0,0,0,0,0.0,3,0,0,0,226,0,13,7.03,0,0,13,43,20,64,0,8,0.0,0.0,0,0,0,0,0,0,0.0,13,0,0,0.0,0,74,0,0,8,72.73,409,266,559,825,196.7,0,2,1070,4,0,0,Jan Oblak,Atlético Madrid,69768,2836,spain,2526,20260428
3,3,60.0,12,5,45.45,36,25,61,81.33,1,33.33,2,5,0,0,0,0,10,0,0,0,0,5,5,0,0,1,3,11,0,0,0.5,0.6,3,0,50.0,0,1,1,1,1,0,0,1,,5,35.71,0,0,0,14,2,2,1,1,163,0,1.0,0,0,0,0,0.0,0,0,0,0,28,0,0,7.02,0,0,0,0,0,0,0,0,163.0,0.0,0,0,2,1,1,1,33.33,0,1,0,0.0,2,4,3,5,6,35.29,11,45,30,75,35.1,2,1,121,3,1,0,Iker Benito,Osasuna,1086346,2820,spain,2526,20260428
8,0,0.0,6,26,55.32,10,137,147,86.98,1,100.0,0,5,0,0,0,0,37,0,0,0,0,2,5,0,1,0,0,0,0,0,0.0,,0,0,0.0,26,0,0,7,5,2,0,0,-0.36,1,100.0,0,5,0,22,0,0,0,5,450,0,0.0,0,0,0,0,0.0,0,0,0,0,23,0,0,7.02,1,0,2,8,5,13,1,4,0.0,0.0,0,0,0,0,0,0,0.0,2,1,0,0.0,0,17,0,0,2,100.0,47,27,142,169,35.1,0,0,213,0,0,0,Andriy Lunin,Real Madrid,857574,2829,spain,2526,20260428
35,10,32.26,317,45,63.38,594,342,936,88.97,18,56.25,14,23,1,0,0,0,114,3,1,10,6,12,23,0,0,25,13,85,0,4,2.08,1.79,12,0,4.35,0,1,2,16,14,2,1,0,,86,54.78,0,0,1,116,27,20,1,20,1666,0,2.0,0,0,0,1,0.0,0,0,0,0,227,11,0,7.02,0,0,0,0,0,0,0,0,1666.0,0.0,0,6,17,7,6,33,61.11,0,30,16,53.33,20,59,54,31,104,55.03,71,675,377,1052,161.4,23,0,1394,23,0,0,Pablo Barrios,Atlético Madrid,1142588,2836,spain,2526,20260428
44,0,0.0,119,46,68.66,321,374,695,91.33,4,33.33,8,13,0,0,0,0,81,0,0,3,3,13,13,0,0,4,10,39,0,0,0.44,0.25,17,0,0.0,0,0,0,12,9,3,0,0,,42,57.53,0,0,0,66,10,7,0,11,1035,0,2.0,0,0,0,0,0.0,0,0,0,0,94,5,0,7.02,0,0,0,0,0,0,0,0,0.0,0.0,0,0,7,3,1,4,66.67,0,22,12,54.55,7,63,6,7,46,54.12,67,370,391,761,91.2,7,0,902,16,4,0,Sofyan Amrabat,Real Betis,359272,2816,spain,2526,20260428
32,14,26.92,259,32,74.42,426,225,651,88.57,9,56.25,7,20,3,0,0,0,58,6,2,9,0,5,20,0,0,17,12,57,0,0,2.11,2.42,8,0,7.14,0,2,5,14,11,3,2,0,,69,57.98,1,0,1,84,5,27,0,12,1181,4,0.0,0,0,0,1,0.0,0,0,0,0,183,11,0,7.01,0,1,0,0,0,0,0,0,590.5,0.0,4,12,16,9,10,14,51.85,0,15,11,73.33,27,46,27,52,78,57.78,43,492,243,735,140.2,28,1,986,40,4,0,Giovani Lo Celso,Real Betis,798835,2816,spain,2526,20260428
31,0,0.0,256,44,72.13,506,357,863,91.42,10,58.82,7,25,0,0,0,0,78,2,0,3,2,23,24,0,0,9,13,65,1,2,1.81,1.14,31,0,8.33,0,1,1,14,10,4,1,0,,100,63.29,1,0,1,81,14,13,0,14,1340,1,10.0,0,0,0,0,0.0,0,0,0,0,129,8,0,7.01,0,0,0,0,0,0,0,0,1340.0,0.0,0,4,8,7,2,13,65.0,0,58,34,58.62,13,56,20,2,110,62.86,61,572,372,944,168.2,12,1,1215,29,1,0,Eduardo Camavinga,Real Madrid,973887,2829,spain,2526,20260428
28,15,34.88,252,42,64.62,509,352,861,91.99,4,57.14,3,19,2,0,0,0,86,5,0,0,0,15,19,0,0,8,9,48,0,1,2.21,0.09,26,0,0.0,0,0,2,22,19,3,0,0,,44,49.44,0,0,0,75,12,26,0,15,1266,0,9.0,0,0,0,0,0.0,0,0,0,0,126,2,0,7.01,0,0,0,0,0,0,0,0,0.0,0.0,1,0,2,1,1,1,33.33,0,30,15,50.0,26,45,3,43,48,50.0,65,561,375,936,133.1,2,0,1113,14,3,0,Hugo Sotelo,Celta Vigo,1120669,2821,spain,2526,20260428
9,3,25.0,123,8,29.63,231,117,348,60.42,149,55.81,118,32,3,0,0,0,77,5,10,14,0,33,32,0,0,29,6,206,0,1,1.98,8.86,37,0,13.25,1,11,14,35,31,4,9,2,,74,45.68,4,0,2,228,4,22,1,27,2306,12,2.0,0,0,0,0,0.0,0,0,0,2,337,23,0,7.0,0,6,0,0,0,0,0,0,209.64,0.0,2,64,19,38,31,17,47.22,0,26,15,57.69,22,15,36,12,223,51.98,27,417,159,576,224.0,83,4,963,32,1,0,Toni Martínez,Deportivo Alavés,831253,2885,spain,2526,20260428
0,1,100.0,2,0,0.0,9,3,12,85.71,1,50.0,1,1,1,0,0,0,0,1,0,0,0,0,1,0,0,1,1,4,0,0,0.17,,0,0,0.0,0,0,1,1,1,0,0,0,,4,57.14,0,0,0,2,0,2,0,0,32,0,0.0,0,0,0,0,0.0,0,0,0,0,4,0,0,7.0,0,0,0,0,0,0,0,0,0.0,0.0,0,0,0,0,0,0,0.0,0,1,1,100.0,2,0,1,1,5,55.56,1,11,3,14,7.0,0,0,22,3,0,0,Daniel Yañez,Real Madrid,1546404,2829,spain,2526,20260428
0,0,0.0,2,0,0.0,4,4,8,100.0,0,0.0,0,1,0,0,0,0,1,0,0,0,0,0,1,0,0,0,0,0,0,0,0.0,,0,0,0.0,0,0,0,0,0,0,0,0,,1,100.0,0,0,0,0,0,0,0,0,8,0,0.0,0,0,0,0,0.0,0,0,0,0,0,0,0,7.0,0,0,0,0,0,0,0,0,0.0,0.0,0,0,0,0,0,0,0.0,0,1,1,100.0,0,0,0,0,1,100.0,0,4,4,8,7.0,0,0,10,0,0,0,Adrià Altimira,Villarreal,980732,2819,spain,2526,20260428
60,3,37.5,153,125,43.55,507,1149,1656,87.43,75,64.66,41,32,1,0,0,0,149,2,1,7,9,196,32,0,0,7,19,111,0,2,0.37,2.12,46,0,2.22,26,1,2,41,37,4,1,0,,78,52.7,0,0,1,238,44,16,0,32,2871,1,27.0,0,0,0,0,0.0,0,0,0,0,273,2,0,7.0,0,1,0,0,0,0,0,0,2871.0,0.0,15,19,26,24,14,8,80.0,0,58,33,56.9,16,131,10,8,153,57.95,287,678,1216,1894,223.9,45,2,2375,12,6,0,Florian Lejeune,Rayo Vallecano,88528,2818,spain,2526,20260428
29,0,0.0,144,34,40.48,365,532,897,83.6,35,62.5,21,25,2,0,0,0,125,1,0,4,6,112,25,0,0,6,50,132,0,2,0.42,1.06,49,0,7.14,0,1,3,27,23,4,1,0,,137,55.24,0,0,0,176,26,7,0,24,2114,1,9.0,0,0,0,0,0.0,0,0,0,0,267,5,0,7.0,1,1,0,0,0,0,0,0,2114.0,0.0,0,9,5,7,3,13,65.0,0,94,60,63.83,7,70,20,6,172,56.58,84,457,616,1073,174.9,14,2,1708,30,8,1,Santiago Mouriño,Villarreal,1468046,2819,spain,2526,20260428
34,0,0.0,22,111,37.5,63,368,431,69.4,8,88.89,1,28,0,0,0,0,247,0,0,0,8,59,28,0,0,0,1,4,1,1,0.02,,2,0,0.0,123,0,0,30,26,4,0,0,0.4,3,50.0,0,22,0,190,1,0,0,28,2520,0,0.0,0,0,0,2,0.0,6,0,1,0,193,0,32,6.99,0,0,23,46,25,73,1,16,0.0,0.0,0,0,0,0,0,0,0.0,22,0,0,0.0,0,55,0,0,11,73.33,296,208,413,621,195.8,0,0,941,4,3,0,Luiz Júnior,Villarreal,1066603,2819,spain,2526,20260428
19,0,0.0,34,105,31.25,62,495,557,70.33,7,100.0,0,33,0,0,0,0,291,1,0,0,8,35,33,0,0,0,1,1,1,0,0.05,,0,0,0.0,239,0,0,43,38,5,0,0,-4.57,4,80.0,0,17,0,235,1,1,0,33,2970,0,0.0,0,0,0,0,0.0,10,0,2,0,241,0,12,6.99,0,0,13,59,33,93,0,18,0.0,0.0,0,0,0,0,0,1,100.0,13,0,0,0.0,1,30,1,0,11,91.67,336,252,540,792,230.7,0,1,1122,7,1,0,Ionuț Radu,Celta Vigo,815202,2821,spain,2526,20260428
73,13,25.49,299,57,45.6,558,346,904,82.41,22,52.38,20,30,2,0,0,0,163,6,0,10,0,18,30,0,0,20,22,123,0,1,2.61,0.71,48,0,5.0,0,1,3,32,26,6,1,0,,120,53.81,0,0,0,193,18,24,0,27,1973,0,4.0,0,0,0,0,0.0,0,0,0,0,310,21,0,6.99,0,1,0,0,0,0,0,0,1973.0,0.0,0,6,14,8,2,30,65.22,0,55,32,58.18,24,141,46,51,142,53.58,125,714,383,1097,209.6,20,1,1487,35,9,0,Iñigo Ruiz de Galarreta,Athletic Club,96365,2825,spain,2526,20260428
129,0,0.0,60,258,40.69,136,565,701,64.67,6,85.71,1,30,0,0,0,0,262,0,0,0,9,20,30,0,0,0,3,5,0,3,0.1,,0,0,0.0,121,0,0,35,31,4,0,0,-0.2,9,69.23,0,18,0,383,0,2,0,30,2700,0,0.0,0,0,0,0,0.0,5,0,0,0,396,0,6,6.99,0,0,22,57,25,82,0,17,0.0,0.0,0,0,0,0,0,4,80.0,19,1,1,100.0,2,183,5,0,15,75.0,634,429,655,1084,209.6,0,1,1348,4,5,0,Augusto Batalla,Rayo Vallecano,358910,2818,spain,2526,20260428
4,1,50.0,112,11,68.75,203,122,325,70.81,83,45.6,99,29,1,0,0,0,77,4,10,8,3,22,29,0,2,52,11,217,0,1,1.82,8.08,41,0,17.65,0,9,10,32,26,6,9,0,,153,56.46,4,0,0,134,12,24,4,24,2117,9,3.0,0,0,2,0,100.0,0,2,0,1,293,6,0,6.97,3,1,0,0,0,0,0,0,235.22,0.0,1,43,8,22,21,44,67.69,0,46,31,67.39,24,10,65,2,236,52.1,16,312,147,459,202.2,51,1,939,64,3,1,Federico Viñas,Real Oviedo,976104,2851,spain,2526,20260428
20,0,0.0,104,29,55.77,381,531,912,94.21,21,60.0,14,20,0,0,0,0,43,0,2,2,6,51,20,0,0,3,7,39,0,1,0.56,1.24,15,0,14.29,27,2,2,13,10,3,2,0,,33,56.9,2,0,0,56,8,4,0,15,1436,0,10.0,0,0,0,0,0.0,0,0,0,0,71,2,0,6.97,0,0,0,0,0,0,0,0,718.0,0.0,0,12,2,8,4,1,50.0,0,15,12,80.0,4,38,2,1,54,58.06,52,417,551,968,139.4,14,1,1145,17,3,0,Raúl Asencio,Real Madrid,1156645,2829,spain,2526,20260428
16,2,66.67,119,34,77.27,339,328,667,91.5,17,68.0,8,22,1,0,0,0,72,0,0,2,2,19,22,0,0,8,18,47,0,0,0.75,0.29,12,0,20.0,0,1,2,19,17,2,1,0,,68,63.55,0,0,0,62,20,10,1,12,1113,0,4.0,0,0,0,0,0.0,0,0,0,0,93,6,0,6.97,0,0,0,0,0,0,0,0,1113.0,0.0,0,3,2,1,2,4,66.67,0,45,25,55.56,10,24,6,3,85,64.39,44,375,354,729,153.3,5,0,923,20,3,0,Sergi Altimira,Real Betis,1137814,2816,spain,2526,20260428
60,1,33.33,103,76,44.44,300,708,1008,86.52,43,58.9,30,25,0,0,0,0,78,0,0,2,6,159,25,0,0,3,23,71,0,3,0.43,0.78,15,0,6.25,10,1,1,29,23,6,1,0,,62,60.19,1,0,0,157,27,5,0,21,1984,0,25.0,1,0,0,1,0.0,0,0,0,0,183,1,0,6.97,0,0,0,0,0,0,0,0,1984.0,0.0,1,6,10,9,5,6,75.0,0,45,20,44.44,5,105,8,3,105,59.66,171,419,746,1165,174.2,16,3,1546,11,3,0,Marc Bartra,Real Betis,99519,2816,spain,2526,20260428
14,0,0.0,77,274,38.87,234,197,431,49.77,10,100.0,0,33,0,0,0,0,254,0,0,0,3,44,33,0,0,0,1,2,1,2,0.13,,1,0,0.0,246,0,0,49,43,6,0,0,0.13,3,60.0,0,22,0,435,0,0,0,33,2970,0,0.0,1,0,0,1,0.0,5,0,0,0,440,0,18,6.97,0,0,23,63,24,88,2,15,0.0,0.0,0,0,0,0,0,0,0.0,23,2,1,50.0,0,43,0,0,13,86.67,705,612,254,866,229.9,0,1,1153,1,2,0,Antonio Sivera,Deportivo Alavés,369004,2885,spain,2526,20260428
39,1,100.0,147,69,62.73,366,523,889,89.35,28,51.85,26,24,0,0,0,0,96,0,6,2,3,64,24,0,2,10,11,76,0,1,0.3,3.18,25,0,11.11,16,2,2,23,19,4,2,0,,58,53.7,1,0,0,106,26,11,0,17,1674,2,12.0,0,0,0,0,0.0,0,0,0,0,135,2,0,6.96,2,1,0,0,0,0,0,0,837.0,0.0,0,13,5,9,7,4,50.0,0,43,25,58.14,11,70,8,1,86,53.09,110,435,560,995,167.1,18,1,1249,11,7,0,Pathé Ismaël Ciss,Rayo Vallecano,913679,2818,spain,2526,20260428
20,0,0.0,27,175,35.79,119,438,557,63.66,2,66.67,1,29,0,0,0,0,223,0,0,0,4,33,29,0,0,0,0,1,0,3,0.04,,0,0,0.0,180,0,0,48,45,3,0,0,3.2,1,100.0,0,9,0,318,1,0,0,29,2610,0,0.0,0,0,0,0,0.0,10,0,1,0,326,0,18,6.96,0,0,10,63,19,83,1,21,0.0,0.0,0,0,0,0,0,1,100.0,10,0,0,0.0,0,48,1,0,3,75.0,489,370,505,875,201.9,0,2,1148,0,2,0,Odysseas Vlachodimos,Sevilla,138149,2833,spain,2526,20260428
12,3,20.0,140,12,60.0,221,138,359,73.42,28,45.9,33,28,1,0,0,1,83,5,11,18,2,8,28,0,0,50,17,168,0,0,1.85,8.33,36,0,12.5,0,7,8,28,25,3,7,0,,131,49.25,0,0,1,130,11,24,0,25,2062,7,2.0,0,0,1,0,0.0,0,0,0,1,342,17,0,6.96,0,7,0,0,0,0,0,0,294.57,0.0,0,43,13,21,17,34,50.0,0,29,21,72.41,24,17,68,15,159,48.62,20,321,168,489,194.9,56,1,1011,68,5,0,Iván Romero,Levante UD,1014042,2849,spain,2526,20260428
80,3,30.0,294,130,52.0,677,1164,1841,89.72,31,45.59,37,30,0,0,0,0,139,1,0,3,5,123,30,0,0,9,13,79,1,3,1.12,0.26,17,0,0.0,66,0,0,44,38,6,0,0,,82,66.13,0,0,0,211,39,11,0,29,2536,0,20.0,0,0,0,3,0.0,0,0,0,0,255,3,0,6.96,0,0,0,0,0,0,0,0,0.0,0.0,0,3,2,1,1,12,80.0,0,52,32,61.54,11,162,15,10,113,58.85,250,820,1232,2052,208.8,5,4,2436,18,1,0,Daley Blind,Girona FC,44864,24264,spain,2526,20260428
21,23,25.56,369,25,51.02,640,270,910,87.84,10,38.46,16,32,4,0,0,0,116,12,1,7,2,40,32,0,1,24,11,120,0,2,4.84,2.47,34,0,16.0,0,4,8,44,37,7,3,1,,141,57.55,0,0,0,126,18,42,3,29,2516,4,8.0,0,1,0,0,0.0,0,0,0,1,346,16,0,6.96,1,1,0,0,0,0,0,0,629.0,0.0,0,18,7,10,8,33,47.14,0,46,33,71.74,41,30,70,90,151,55.72,49,722,314,1036,222.7,25,1,1662,62,3,0,Germán Valera,Elche,962710,2846,spain,2526,20260428
16,21,21.21,321,29,74.36,482,213,695,82.74,25,43.86,32,27,4,0,0,0,70,3,4,10,3,27,27,0,0,19,15,105,0,0,3.14,5.45,16,0,16.22,0,6,10,34,29,5,6,0,,80,52.29,1,0,0,145,15,42,4,26,2201,3,4.0,0,1,0,0,0.0,0,0,0,0,295,2,0,6.96,0,1,0,0,0,0,0,0,366.83,0.0,5,21,16,11,16,23,48.94,0,28,19,67.86,41,20,47,99,105,50.0,39,593,247,840,187.9,37,1,1272,30,2,0,Viktor Tsygankov,Girona FC,319735,24264,spain,2526,20260428
31,27,31.76,271,25,73.53,412,163,575,83.45,5,20.83,19,29,4,0,0,1,51,10,8,10,1,5,29,0,0,33,15,105,0,0,5.13,7.7,14,2,14.81,0,8,12,20,15,5,5,3,,65,43.05,0,0,3,114,3,47,3,22,1902,2,0.0,0,0,3,0,66.67,0,2,0,0,288,15,0,6.96,0,5,0,0,0,0,0,0,237.75,28.57,7,28,26,18,26,26,50.0,0,21,13,61.9,47,52,52,85,70,40.0,34,506,183,689,201.7,54,2,1078,18,2,0,Julián Alvarez,Atlético Madrid,944656,2836,spain,2526,20260428
40,12,21.43,292,51,56.04,630,505,1135,87.37,54,63.53,31,29,4,0,0,0,132,5,0,4,5,97,29,0,0,16,13,89,0,1,3.34,0.53,24,0,0.0,0,0,4,36,31,5,0,0,,77,57.04,0,0,0,164,31,26,0,28,2439,3,3.0,0,0,0,2,0.0,0,0,0,0,296,7,0,6.96,0,0,0,0,0,0,0,0,0.0,0.0,0,7,14,12,5,9,47.37,0,38,24,63.16,26,61,19,56,131,59.55,91,754,545,1299,201.7,21,1,1944,32,4,0,Yuri Berchiche,Athletic Club,84531,2825,spain,2526,20260428
42,2,22.22,111,56,30.94,310,608,918,80.24,83,69.75,36,21,0,0,0,0,87,0,0,4,2,142,21,0,0,7,11,85,0,1,0.38,0.89,27,0,8.33,0,1,1,33,29,4,0,1,,59,54.63,0,0,0,226,32,5,1,19,1758,1,13.0,0,0,0,0,0.0,0,0,0,1,276,2,0,6.95,0,0,0,0,0,0,0,0,1758.0,0.0,0,9,3,2,6,7,58.33,0,42,23,54.76,5,131,12,9,142,62.56,181,477,667,1144,146.0,12,1,1528,15,1,0,Kike Salas,Sevilla,1097719,2833,spain,2526,20260428
6,0,0.0,12,9,50.0,30,49,79,86.81,0,0.0,5,2,0,0,0,0,11,0,0,0,1,13,2,0,0,0,0,5,0,0,0.03,,1,0,0.0,0,0,0,1,1,0,0,0,,1,100.0,0,0,0,12,2,0,0,2,154,0,1.0,0,0,0,1,0.0,0,0,0,0,14,0,0,6.95,0,0,0,0,0,0,0,0,0.0,0.0,0,0,0,0,0,0,0.0,0,1,1,100.0,0,11,0,0,1,16.67,18,42,49,91,13.9,0,0,114,0,0,0,Yeray Álvarez,Athletic Club,807648,2825,spain,2526,20260428
107,0,0.0,62,278,44.55,160,703,863,71.03,7,100.0,0,33,0,0,0,0,266,0,0,0,3,33,33,1,0,0,2,2,3,1,0.08,,0,0,0.0,205,0,0,52,49,3,0,0,-4.79,6,75.0,0,21,0,352,1,3,0,33,2970,0,0.0,1,0,0,0,0.0,5,0,0,0,363,0,17,6.95,0,0,25,53,30,85,0,21,0.0,0.0,0,0,0,0,0,1,100.0,24,1,1,100.0,3,162,1,0,13,86.67,624,436,779,1215,229.3,0,0,1517,4,1,0,Álex Remiro,Real Sociedad,791773,2824,spain,2526,20260428
16,1,25.0,85,53,48.18,312,682,994,88.28,75,64.66,41,23,1,0,0,0,61,1,1,0,3,120,23,0,0,3,3,66,0,1,0.57,0.54,23,0,0.0,25,0,1,32,27,5,0,0,,39,60.94,0,0,0,132,16,7,0,23,2033,1,34.0,0,0,0,3,0.0,0,0,0,0,148,1,0,6.95,0,0,0,0,0,0,0,0,0.0,0.0,0,11,1,11,1,0,0.0,0,25,13,52.0,7,41,0,4,114,63.33,110,402,724,1126,159.8,12,1,1402,15,4,0,Antonio Raíllo,Mallorca,807116,2826,spain,2526,20260428
5,29,22.66,121,7,43.75,224,154,378,80.08,11,47.83,12,21,0,0,0,0,63,7,1,2,0,14,21,0,0,6,20,76,0,0,2.63,3.56,12,0,41.67,0,5,5,19,17,2,5,0,,80,55.56,0,0,0,94,7,27,0,11,1256,10,2.0,0,1,3,0,100.0,0,3,0,1,261,6,0,6.95,0,5,0,0,0,0,0,0,251.2,0.0,0,10,2,4,6,11,29.73,0,27,17,62.96,26,13,37,128,91,54.49,16,295,177,472,145.9,12,0,851,42,1,0,Carlos Vicente,Deportivo Alavés,1084399,2885,spain,2526,20260428
30,8,38.1,136,42,53.16,368,288,656,87.7,10,47.62,11,19,0,0,0,0,69,4,1,3,5,23,19,0,0,2,16,57,0,0,1.39,0.91,20,0,12.5,0,1,1,13,11,2,1,0,,41,47.13,0,0,0,92,12,17,0,14,1310,0,7.0,0,0,0,0,0.0,0,0,0,0,129,6,0,6.95,0,1,0,0,0,0,0,0,1310.0,0.0,0,5,3,4,1,3,25.0,0,27,17,62.96,17,45,12,21,51,47.22,79,436,312,748,132.0,8,1,921,11,3,0,Miguel Román,Celta Vigo,1398526,2821,spain,2526,20260428
34,9,23.68,296,52,61.18,563,587,1150,89.29,9,42.86,12,26,4,0,0,0,110,9,2,6,6,48,26,0,0,6,18,70,0,0,3.17,1.87,25,0,0.0,1,0,4,20,16,4,0,0,,70,54.69,0,0,0,138,10,19,0,22,1925,3,2.0,0,0,0,0,0.0,0,0,0,0,225,5,0,6.95,0,0,0,0,0,0,0,0,0.0,0.0,0,11,5,4,6,13,59.09,0,47,32,68.09,19,58,22,38,79,53.02,85,652,636,1288,180.6,16,2,1698,10,5,0,Marcos Llorente,Atlético Madrid,353138,2836,spain,2526,20260428
40,12,19.67,348,50,50.51,575,391,966,84.66,13,61.9,8,29,4,0,0,0,77,6,0,4,2,27,29,0,0,15,30,79,0,2,4.02,0.63,14,0,7.14,0,1,5,24,22,2,0,1,,76,51.7,0,0,1,175,9,28,0,20,1806,0,5.0,0,2,0,0,0.0,0,0,0,0,290,3,0,6.94,0,1,0,0,0,0,0,0,1806.0,0.0,1,5,9,5,5,13,52.0,0,38,17,44.74,26,80,25,61,89,52.98,99,705,436,1141,201.4,14,1,1593,26,4,0,Óscar Mingueza,Celta Vigo,859773,2821,spain,2526,20260428
27,30,28.57,200,20,55.56,315,186,501,80.94,7,25.0,21,24,3,0,0,0,54,11,1,5,2,10,23,0,0,19,9,89,0,1,4.31,1.81,23,0,8.7,0,2,5,14,13,1,2,0,,55,44.72,0,0,1,118,15,39,0,18,1381,9,4.0,0,0,0,0,0.0,0,0,0,0,265,7,0,6.94,0,2,0,0,0,0,0,0,690.5,0.0,1,12,11,12,6,13,38.24,0,15,8,53.33,39,50,34,105,62,41.06,36,402,217,619,159.7,23,1,953,27,4,0,Alex Baena,Atlético Madrid,910031,2836,spain,2526,20260428
28,2,7.41,179,62,55.86,418,455,873,79.22,70,64.81,38,30,2,0,0,0,102,1,2,7,3,84,30,0,0,28,33,183,0,3,0.91,3.15,57,0,19.35,0,6,8,39,35,4,5,1,,125,46.3,1,0,0,229,22,13,5,27,2373,5,13.0,0,0,0,0,0.0,0,0,0,0,355,10,0,6.94,0,0,0,0,0,0,0,0,395.5,0.0,0,23,8,12,12,13,29.55,0,55,29,52.73,13,54,44,27,195,51.59,111,582,520,1102,208.3,31,3,1619,62,9,0,Samú Costa,Mallorca,988351,2826,spain,2526,20260428
1,0,0.0,81,2,50.0,136,47,183,91.5,4,66.67,2,7,0,0,0,0,18,0,0,2,0,6,7,0,0,6,2,15,0,0,0.36,0.2,3,0,33.33,0,1,1,4,4,0,1,0,,15,53.57,0,0,0,17,0,1,1,3,324,0,1.0,0,0,0,0,0.0,0,0,0,0,32,1,0,6.94,0,0,0,0,0,0,0,0,324.0,0.0,0,2,1,0,1,1,33.33,0,6,5,83.33,1,4,3,6,19,55.88,4,147,53,200,48.6,3,1,248,8,1,0,Gonzalo Villar,Elche,914765,2846,spain,2526,20260428
105,0,0.0,98,126,52.28,332,924,1256,85.62,73,60.33,48,30,2,0,0,0,96,2,1,4,7,188,30,0,1,4,8,104,2,2,1.04,2.48,44,0,18.75,6,3,5,35,27,8,3,0,,49,46.67,3,0,0,211,31,10,0,30,2623,3,26.0,0,0,0,2,0.0,0,0,0,0,229,1,0,6.94,1,0,0,0,0,0,0,0,874.33,0.0,0,15,1,9,3,5,62.5,0,33,26,78.79,10,168,8,2,122,53.98,241,483,984,1467,208.2,16,4,1843,12,10,0,Alejandro Catena,Osasuna,900792,2820,spain,2526,20260428
11,0,0.0,136,15,88.24,273,133,406,92.69,1,25.0,3,15,0,0,0,0,37,0,0,0,0,5,14,0,0,2,8,29,1,0,0.69,0.04,6,0,0.0,0,0,0,5,5,0,0,0,,36,58.06,0,0,0,32,7,9,0,4,482,0,4.0,0,0,0,0,0.0,0,0,0,0,51,2,0,6.94,0,0,0,0,0,0,0,0,0.0,0.0,0,0,3,3,0,3,23.08,0,18,11,61.11,9,12,13,3,37,56.06,17,291,147,438,97.1,3,0,529,15,1,0,Dani Ceballos,Real Madrid,547838,2829,spain,2526,20260428
32,23,33.82,143,38,32.2,307,293,600,75.76,27,60.0,18,27,1,0,0,0,94,1,0,2,3,85,27,0,0,10,15,83,0,0,1.26,0.41,21,0,14.29,0,1,2,34,30,4,0,1,,108,62.43,0,0,0,192,33,17,1,26,2312,0,22.0,1,0,0,0,0.0,0,0,0,0,330,5,0,6.93,0,0,0,0,0,0,0,0,2312.0,0.0,0,4,3,4,1,30,61.22,0,58,28,48.28,17,91,49,68,135,61.93,118,427,365,792,187.2,7,2,1449,20,9,0,Pablo Maffeo,Mallorca,788216,2826,spain,2526,20260428
65,0,0.0,19,120,37.5,55,491,546,72.61,5,100.0,0,24,0,0,0,0,182,0,0,0,7,31,24,0,0,0,4,4,1,2,0.03,,0,0,0.0,117,0,0,30,25,5,0,0,-1.75,5,55.56,0,15,0,206,0,0,0,24,2160,0,0.0,0,0,0,0,0.0,5,0,1,0,217,0,8,6.93,0,0,18,49,22,72,1,12,0.0,0.0,0,0,0,0,0,1,100.0,18,0,0,0.0,0,98,1,0,10,71.43,320,232,520,752,166.4,0,0,1001,3,1,0,Álvaro Valles,Real Betis,964983,2816,spain,2526,20260428
3,9,22.5,106,5,55.56,167,93,260,77.61,15,31.91,32,31,1,0,0,0,55,3,10,12,2,12,31,0,0,31,17,135,0,0,2.37,9.62,32,0,18.52,0,10,11,23,21,2,10,0,,80,43.72,0,0,1,75,8,26,3,28,2182,16,0.0,0,0,1,0,100.0,0,1,0,3,247,13,0,6.93,0,7,0,0,0,0,0,0,218.2,0.0,0,50,4,18,24,21,45.65,0,26,14,53.85,26,7,46,40,95,41.3,9,232,103,335,214.8,54,4,716,34,3,0,Jorge de Frutos,Rayo Vallecano,900003,2818,spain,2526,20260428
52,1,100.0,96,58,53.7,323,624,947,89.76,51,68.92,23,21,1,0,0,0,78,1,2,5,1,108,21,0,0,1,7,37,0,1,0.31,1.61,6,0,0.0,6,0,1,30,25,5,0,0,,34,70.83,0,0,0,108,19,7,0,20,1745,1,12.0,0,0,0,0,0.0,0,0,0,1,118,1,0,6.93,0,0,0,0,0,0,0,0,0.0,0.0,1,12,2,4,5,2,100.0,0,21,13,61.9,7,87,2,1,85,69.67,108,401,654,1055,145.5,14,0,1289,11,2,0,Aymeric Laporte,Athletic Club,149734,2825,spain,2526,20260428
116,6,20.69,122,155,48.9,326,721,1047,81.92,39,60.0,26,29,1,0,0,1,75,3,3,17,7,151,29,0,0,3,5,64,0,0,1.54,2.98,28,0,6.25,10,2,3,41,36,5,2,0,,54,58.7,1,0,0,231,44,14,0,26,2364,1,21.0,1,1,2,2,50.0,0,1,0,0,296,2,0,6.93,0,1,0,0,0,0,0,0,1182.0,0.0,4,18,14,8,7,5,71.43,0,27,15,55.56,13,219,7,29,93,59.24,317,517,761,1278,200.9,32,2,1709,22,5,0,Adrián de la Fuente,Levante UD,997244,2849,spain,2526,20260428
29,0,0.0,17,103,38.01,55,612,667,79.59,5,83.33,1,28,0,0,0,0,196,1,0,0,11,17,28,0,0,0,3,5,0,0,0.03,,1,0,0.0,120,0,0,24,20,4,0,0,-0.87,3,42.86,0,15,0,171,0,1,0,28,2520,0,0.0,0,0,0,1,0.0,4,0,0,0,174,0,4,6.92,0,0,15,36,21,58,0,11,0.0,0.0,0,0,0,0,0,0,0.0,14,1,1,100.0,1,51,0,0,8,61.54,271,191,647,838,193.8,0,0,1056,2,1,0,Thibaut Courtois,Real Madrid,70988,2829,spain,2526,20260428
30,14,22.22,202,34,80.95,333,172,505,90.18,3,75.0,1,20,1,0,0,0,47,4,1,3,0,5,19,0,0,20,7,54,0,0,1.82,0.59,11,0,0.0,0,0,1,14,14,0,0,0,,58,52.25,0,0,0,55,10,17,0,11,1017,0,1.0,0,0,0,0,0.0,0,0,0,1,161,3,0,6.92,0,0,0,0,0,0,0,0,0.0,0.0,2,3,6,3,3,15,50.0,0,22,10,45.45,17,48,30,63,61,53.04,42,376,184,560,131.5,9,0,795,21,0,0,André Almeida,Valencia,845693,2828,spain,2526,20260428
15,0,0.0,4,19,45.24,8,93,101,81.45,0,0.0,0,5,0,0,0,0,48,0,0,0,2,3,5,0,0,0,0,0,0,0,0.01,,0,0,0.0,28,0,0,7,6,1,0,0,-0.53,1,100.0,0,6,0,23,0,0,0,5,450,0,0.0,0,0,0,0,0.0,2,0,0,0,23,0,1,6.92,0,0,4,9,6,15,1,3,0.0,0.0,0,0,0,0,0,0,0.0,4,0,0,0.0,0,18,0,0,1,100.0,42,25,99,124,34.6,0,0,183,1,2,0,Juan Musso,Atlético Madrid,263651,2836,spain,2526,20260428
50,0,0.0,152,64,37.21,565,977,1542,87.37,52,64.2,29,31,1,0,0,0,133,1,1,0,5,153,31,0,1,5,18,85,1,2,1.1,0.63,29,0,9.09,14,1,2,43,37,6,1,0,,105,65.22,0,0,0,223,46,7,0,28,2535,2,21.0,0,0,0,1,0.0,0,0,0,1,265,2,0,6.92,1,1,0,0,0,0,0,0,2535.0,0.0,0,11,0,7,4,9,69.23,0,64,43,67.19,7,114,13,8,157,64.88,172,722,1043,1765,214.5,11,1,2217,33,6,0,David Affengruber,Elche,988672,2846,spain,2526,20260428
28,21,32.81,269,49,63.64,538,519,1057,91.75,11,32.35,23,23,2,0,0,0,88,6,0,4,4,34,23,0,0,6,12,61,0,0,2.77,0.29,13,0,0.0,0,0,2,26,22,4,0,0,,63,62.38,0,0,0,95,16,21,0,22,1838,2,7.0,0,1,0,1,0.0,0,0,0,0,179,5,0,6.92,0,0,0,0,0,0,0,0,0.0,0.0,0,2,4,1,1,15,65.22,0,26,16,61.54,20,44,23,64,74,54.81,77,596,556,1152,159.1,6,1,1511,22,2,0,Alvaro Núñez,Celta Vigo,1012410,2821,spain,2526,20260428
10,10,22.22,271,9,56.25,464,280,744,81.85,25,56.82,19,29,6,0,0,0,104,9,7,6,2,11,29,0,0,26,38,134,0,1,4.94,4.84,20,0,11.76,0,4,10,22,18,4,3,1,,108,48.43,0,0,1,165,17,31,2,23,2019,6,3.0,0,2,0,0,0.0,0,0,0,0,331,11,0,6.92,0,2,0,0,0,0,0,0,504.75,0.0,0,30,4,15,13,28,44.44,0,40,24,60.0,29,22,63,45,133,49.81,16,585,324,909,200.6,34,2,1355,40,2,0,Giuliano Simeone,Atlético Madrid,1099352,2836,spain,2526,20260428
9,0,0.0,37,13,54.17,88,168,256,84.49,22,68.75,10,12,0,0,0,0,29,0,0,1,1,16,12,0,0,3,7,30,0,1,0.08,0.07,8,0,0.0,0,0,0,7,7,0,0,0,,40,66.67,0,0,0,47,12,2,0,8,651,1,0.0,0,0,0,0,0.0,0,0,0,0,69,0,0,6.92,0,0,0,0,0,0,0,0,0.0,0.0,0,0,3,2,0,9,81.82,0,19,10,52.63,2,16,11,1,62,67.39,24,122,181,303,83.0,3,0,423,14,1,0,Ugo Raghouber,Levante UD,1170694,2849,spain,2526,20260428
51,15,17.44,181,40,48.19,358,316,674,78.55,13,41.94,18,31,2,0,0,0,153,5,2,12,8,60,31,0,0,25,30,141,0,4,2.88,2.35,41,0,16.13,0,5,7,43,37,6,4,1,,141,53.41,0,0,0,184,35,22,5,31,2760,0,12.0,0,0,0,1,0.0,0,0,0,0,413,13,0,6.92,0,0,0,0,0,0,0,0,552.0,0.0,0,17,14,11,8,37,52.86,0,91,56,61.54,22,80,70,86,154,52.2,83,479,379,858,214.4,31,4,1675,14,4,0,Carlos Romero,Espanyol,1396048,2814,spain,2526,20260428
5,12,28.57,152,2,28.57,242,52,294,90.74,0,0.0,9,19,3,0,0,0,38,7,3,8,1,4,19,0,0,9,6,48,0,0,2.13,2.58,5,0,3.7,0,1,4,5,5,0,1,0,,54,58.06,0,0,1,30,3,17,0,6,680,0,0.0,0,0,0,0,0.0,0,0,0,1,109,8,0,6.92,0,1,0,0,0,0,0,0,680.0,0.0,2,23,4,8,11,18,47.37,0,13,8,61.54,17,7,38,42,54,52.94,7,268,56,324,131.4,27,1,532,23,3,0,Rodrygo,Real Madrid,910536,2829,spain,2526,20260428
13,0,0.0,71,21,51.22,293,402,695,92.18,35,66.04,18,21,0,0,0,0,42,1,2,1,2,34,20,0,0,1,1,35,0,0,0.42,1.39,16,0,27.27,2,3,3,13,11,2,3,0,,18,51.43,2,0,0,59,9,3,0,10,992,0,4.0,0,0,0,1,0.0,0,0,0,0,77,2,0,6.92,0,1,0,0,0,0,0,0,330.67,0.0,0,9,2,5,5,0,0.0,0,15,9,60.0,3,28,0,6,53,60.23,41,336,418,754,138.3,11,1,891,3,2,0,Ronald Araújo,FC Barcelona,925097,2817,spain,2526,20260428
24,11,31.43,401,26,44.07,891,725,1616,91.25,35,60.34,23,28,3,0,0,0,78,6,5,3,8,53,28,0,0,22,21,99,0,2,3.27,1.62,21,0,7.69,0,1,4,20,20,0,1,0,,87,53.37,1,0,1,155,27,22,0,22,2089,2,12.0,0,0,0,1,0.0,0,0,0,0,267,4,0,6.91,0,0,0,0,0,0,0,0,2089.0,0.0,0,11,2,7,3,19,57.58,0,46,25,54.35,22,57,33,35,122,55.2,59,1001,770,1771,193.6,13,2,2304,22,5,0,Jules Koundé,FC Barcelona,827212,2817,spain,2526,20260428
28,0,0.0,78,42,56.0,247,453,700,89.86,36,49.32,37,15,1,0,0,0,44,1,3,1,7,64,14,0,0,2,10,67,1,1,0.44,1.74,19,0,0.0,2,0,1,14,11,3,0,0,,35,53.85,0,0,0,79,16,1,0,12,1157,1,11.0,0,0,0,0,0.0,0,0,0,1,87,0,0,6.91,0,0,0,0,0,0,0,0,0.0,0.0,0,13,0,9,3,2,66.67,0,23,12,52.17,1,45,3,0,71,51.45,75,295,484,779,96.8,13,1,955,10,4,0,Jose Maria Gimenez,Atlético Madrid,325355,2836,spain,2526,20260428
8,0,0.0,74,10,66.67,211,154,365,93.11,10,55.56,8,17,1,0,0,0,18,2,1,3,0,12,15,0,0,7,8,38,0,1,0.47,1.0,12,0,33.33,0,2,3,6,6,0,2,0,,35,53.85,0,0,0,27,6,5,1,6,527,0,2.0,0,0,0,0,0.0,0,0,0,0,47,2,0,6.91,0,1,0,0,0,0,0,0,263.5,0.0,0,3,3,1,2,10,76.92,0,18,13,72.22,5,14,13,1,45,54.22,15,231,161,392,103.7,6,0,491,7,4,0,Marc Bernal,FC Barcelona,1526618,2817,spain,2526,20260428
6,7,43.75,60,4,80.0,98,29,127,83.55,1,16.67,5,8,0,0,0,0,17,0,1,3,0,0,8,0,0,2,5,23,0,0,0.66,0.87,4,0,8.33,0,1,1,7,6,1,1,0,,23,56.1,0,0,0,25,1,6,1,4,380,1,1.0,0,0,0,0,0.0,0,0,0,0,51,0,0,6.91,0,0,0,0,0,0,0,0,380.0,0.0,1,4,8,4,5,5,41.67,0,9,7,77.78,6,10,12,16,24,51.06,5,119,33,152,55.3,12,0,246,9,1,0,Lucas Cepeda,Elche,1126447,2846,spain,2526,20260428
17,0,0.0,14,81,35.22,52,292,344,69.64,7,100.0,0,18,0,0,0,0,134,0,0,0,4,25,18,0,0,0,2,2,0,0,0.02,,0,0,0.0,99,0,0,30,26,4,0,0,-4.03,3,60.0,0,21,0,150,0,1,0,18,1620,0,0.0,0,0,0,0,0.0,4,0,1,0,151,0,10,6.91,0,0,21,38,14,54,1,10,0.0,0.0,0,0,0,0,0,0,0.0,19,2,1,50.0,1,26,0,0,10,83.33,230,180,314,494,124.4,0,1,675,1,1,0,Julen Agirrezabala,Valencia,1014412,2828,spain,2526,20260428
24,17,24.29,201,25,58.14,305,113,418,74.91,11,35.48,20,31,4,0,0,0,55,6,3,17,1,6,31,0,0,23,25,105,0,1,2.89,3.86,18,0,17.39,0,8,12,24,21,3,6,2,,75,46.88,0,0,2,140,4,25,2,22,1828,13,0.0,0,1,0,0,0.0,0,0,0,0,296,13,0,6.91,0,6,0,0,0,0,0,0,228.5,0.0,0,20,26,11,18,18,46.15,0,24,15,62.5,24,49,39,70,86,45.03,43,417,141,558,214.2,46,2,932,33,3,0,Goncalo Guedes,Real Sociedad,280979,2824,spain,2526,20260428
9,17,25.0,179,8,38.1,286,124,410,77.36,6,37.5,10,23,2,0,0,1,82,5,4,11,1,8,23,0,0,29,17,150,0,0,4.75,4.79,20,0,9.76,0,4,6,25,17,8,4,0,,106,43.09,0,0,2,120,7,33,1,18,1562,6,0.0,0,0,2,0,50.0,0,1,0,1,356,19,0,6.9,0,3,0,0,0,0,0,0,390.5,0.0,0,33,8,16,14,64,45.71,0,15,9,60.0,33,29,140,68,112,42.75,21,390,140,530,158.8,41,3,1027,27,1,0,Nico Williams,Athletic Club,1085400,2825,spain,2526,20260428
21,0,0.0,70,48,46.15,213,498,711,84.74,42,56.0,33,23,0,0,0,0,62,1,2,4,7,109,23,0,0,4,4,63,0,0,0.72,0.77,21,0,0.0,15,0,0,21,16,5,0,0,,53,63.86,0,0,1,128,30,5,0,22,1816,2,17.0,0,0,0,0,0.0,0,0,0,0,149,1,0,6.9,0,0,0,0,0,0,0,0,0.0,0.0,0,5,3,4,0,3,50.0,0,31,24,77.42,5,43,6,1,95,60.13,104,306,533,839,158.8,8,2,1133,19,7,0,Matias Moreno,Levante UD,1496360,2849,spain,2526,20260428
37,14,22.22,259,38,59.38,423,260,683,81.31,28,59.57,19,28,2,0,1,0,81,5,5,11,0,9,28,0,1,19,7,113,0,0,2.57,5.8,43,0,16.67,0,6,8,25,23,2,6,0,,84,47.19,0,0,1,157,6,24,6,20,1615,7,3.0,0,0,2,0,50.0,0,1,0,0,310,15,0,6.9,1,0,0,0,0,0,0,0,269.17,0.0,4,19,17,9,16,20,41.67,0,34,18,52.94,24,58,48,63,112,49.78,64,547,293,840,193.3,36,0,1213,32,5,0,Brais Méndez,Real Sociedad,845385,2824,spain,2526,20260428
58,0,0.0,80,215,34.35,168,422,590,58.47,11,100.0,0,33,0,0,0,0,306,0,0,0,6,35,33,0,0,0,0,0,0,1,0.12,,0,0,0.0,173,0,0,48,38,10,0,0,-0.84,4,100.0,0,21,0,419,0,1,0,33,2970,0,0.0,0,0,0,0,0.0,5,0,2,0,426,0,4,6.9,0,0,59,60,28,92,2,15,0.0,0.0,0,0,0,0,0,0,0.0,58,1,0,0.0,1,101,0,0,15,100.0,626,529,480,1009,227.8,0,0,1337,7,1,0,Unai Simón,Athletic Club,797291,2825,spain,2526,20260428
3,0,0.0,83,4,44.44,139,74,213,60.17,107,52.97,95,32,0,0,1,1,40,1,10,10,2,39,32,0,0,26,3,175,0,1,1.42,14.72,43,0,19.05,0,16,16,31,25,6,16,0,,54,40.3,5,0,5,141,6,12,10,30,2551,20,6.0,0,0,8,0,75.0,0,6,0,2,273,7,0,6.9,0,1,0,0,0,0,0,0,159.44,0.0,0,76,8,39,35,3,20.0,0,20,14,70.0,12,12,15,3,161,47.92,9,261,93,354,220.8,84,3,749,33,3,0,Ante Budimir,Osasuna,37318,2820,spain,2526,20260428
23,9,14.06,224,27,50.94,376,124,500,79.62,8,34.78,15,27,5,0,0,0,98,10,5,5,0,10,27,0,0,26,14,133,0,1,4.08,2.41,32,1,9.68,0,3,8,24,21,3,1,2,,102,46.36,0,0,0,128,13,42,0,19,1563,4,3.0,0,0,0,0,0.0,0,0,0,0,337,18,0,6.9,0,3,0,0,0,0,0,0,521.0,100.0,1,22,9,16,10,48,49.48,0,26,15,57.69,42,50,97,64,110,45.27,53,480,148,628,186.3,31,1,1078,28,3,0,Ander Barrenetxea,Real Sociedad,966862,2824,spain,2526,20260428
35,6,28.57,199,64,44.76,501,633,1134,89.08,38,69.09,17,24,2,0,0,0,64,4,1,2,4,87,24,0,0,6,14,60,0,4,1.12,0.67,22,0,10.0,27,1,3,25,19,6,0,1,,52,54.74,0,0,0,139,25,10,1,21,1708,0,18.0,0,0,0,2,0.0,0,0,0,0,202,0,0,6.9,1,0,0,0,0,0,0,0,1708.0,0.0,0,6,4,5,3,3,50.0,0,32,17,53.13,10,79,6,21,90,60.0,143,603,670,1273,165.6,10,3,1610,18,3,1,Pedro Bigas,Elche,141832,2846,spain,2526,20260428
13,4,36.36,63,28,48.28,180,354,534,87.83,20,60.61,13,15,1,0,0,0,37,1,0,0,2,37,14,0,0,2,10,49,0,0,0.54,0.01,22,0,0.0,0,0,1,13,10,3,0,0,,33,47.83,0,0,1,74,22,2,0,15,1038,1,9.0,0,0,0,0,0.0,0,0,0,0,122,0,0,6.9,0,0,0,0,0,0,0,0,0.0,0.0,0,0,1,1,0,1,25.0,0,25,17,68.0,2,34,4,11,53,51.96,58,234,374,608,96.6,1,0,833,8,4,0,César Azpilicueta,Sevilla,21555,2833,spain,2526,20260428
26,0,0.0,48,42,51.85,147,387,534,86.41,21,56.76,16,15,0,0,0,0,54,0,0,1,2,63,15,0,0,2,8,37,0,1,0.14,0.29,9,0,0.0,0,0,0,14,10,4,0,0,,37,63.79,0,0,0,84,16,2,0,10,1001,1,12.0,0,0,0,0,0.0,0,0,0,0,99,0,0,6.9,0,0,0,0,0,0,0,0,0.0,0.0,0,5,1,4,1,6,75.0,0,21,11,52.38,2,49,8,1,58,61.05,81,201,417,618,103.5,6,1,799,10,3,0,Andres Castrin,Sevilla,1428699,2833,spain,2526,20260428
46,52,33.77,232,70,58.82,471,299,770,83.79,6,54.55,5,33,5,0,0,0,99,12,2,6,1,16,33,0,0,16,15,78,0,0,4.57,1.98,19,0,3.03,0,1,6,37,34,3,1,0,,82,52.9,0,0,0,149,23,53,0,25,2274,2,6.0,0,1,0,0,0.0,0,0,0,0,321,9,0,6.9,0,0,0,0,0,0,0,0,2274.0,0.0,1,9,24,15,12,32,57.14,0,23,11,47.83,52,78,56,154,88,53.01,119,595,324,919,227.6,33,0,1368,27,3,0,Sergi Darder,Mallorca,110783,2826,spain,2526,20260428
10,3,37.5,133,13,68.42,220,68,288,64.0,108,56.54,83,29,5,0,0,0,38,7,14,10,1,22,29,0,0,36,8,187,0,0,2.42,7.42,28,0,8.2,0,5,10,30,25,5,4,1,,89,46.11,0,0,0,162,3,29,5,20,1833,16,1.0,0,0,0,1,0.0,0,0,0,0,332,8,0,6.9,0,0,0,0,0,0,0,0,366.6,0.0,0,53,8,33,18,34,50.0,0,17,12,70.59,29,21,68,8,197,51.3,19,354,96,450,200.0,61,1,885,38,1,0,Álvaro Rodriguez,Elche,1154587,2846,spain,2526,20260428
14,3,11.11,128,22,52.38,241,165,406,76.03,50,60.98,32,24,0,0,0,0,61,3,6,6,2,27,24,0,1,20,16,114,1,0,2.0,4.21,28,0,11.63,0,5,5,15,13,2,5,0,,73,47.1,3,0,2,128,12,12,2,18,1460,2,3.0,0,0,0,0,0.0,0,0,0,1,234,8,0,6.9,1,0,0,0,0,0,0,0,292.0,0.0,0,33,10,17,20,24,51.06,0,24,16,66.67,12,31,47,27,123,51.9,42,347,187,534,165.5,43,3,887,25,4,0,Nicolás González,Atlético Madrid,901325,2836,spain,2526,20260428
13,0,0.0,26,27,42.86,105,453,558,89.71,33,61.11,21,16,0,0,0,0,27,1,0,0,4,111,16,0,0,1,1,33,0,0,0.17,0.19,10,0,0.0,33,0,0,17,16,1,0,0,,24,66.67,0,0,0,64,8,2,0,13,1257,0,15.0,0,0,0,1,0.0,0,0,0,0,72,0,0,6.89,0,0,0,0,0,0,0,0,0.0,0.0,0,2,0,2,0,1,50.0,0,19,11,57.89,2,31,2,1,57,63.33,63,147,475,622,110.3,2,0,820,4,3,0,Dani Calvo,Real Oviedo,560756,2851,spain,2526,20260428
19,0,0.0,90,36,48.65,355,558,913,92.78,27,69.23,12,15,0,0,0,0,55,1,1,1,3,46,15,0,0,0,1,22,0,0,0.6,0.88,9,0,9.09,15,1,1,14,12,2,1,0,,12,54.55,0,0,0,71,4,3,0,13,1222,1,2.0,0,1,0,0,0.0,0,0,0,0,80,2,0,6.89,0,1,0,0,0,0,0,0,1222.0,0.0,0,10,1,9,1,0,0.0,0,11,5,45.45,2,48,1,2,39,63.93,74,403,581,984,103.4,11,0,1091,1,0,0,Antonio Rudiger,Real Madrid,142622,2829,spain,2526,20260428
31,16,27.12,173,28,71.79,312,174,486,82.94,8,34.78,15,29,1,0,0,0,46,4,7,2,1,10,29,0,0,5,11,45,0,2,2.39,7.02,3,0,18.42,0,7,8,15,11,4,7,0,,25,45.45,0,0,1,100,4,23,5,9,1127,14,1.0,0,1,0,0,0.0,0,0,0,0,195,6,0,6.89,0,2,0,0,0,0,0,0,161.0,0.0,0,30,8,15,21,7,38.89,0,12,8,66.67,22,45,18,59,33,42.31,39,390,196,586,199.9,38,0,820,6,1,0,Antoine Griezmann,Atlético Madrid,85859,2836,spain,2526,20260428
28,2,14.29,238,35,50.72,473,408,881,82.65,34,50.0,34,30,5,0,0,0,121,3,4,3,2,50,30,0,1,24,24,126,0,5,3.41,3.96,38,0,13.04,0,3,8,24,20,4,3,0,,77,45.56,0,0,1,185,24,24,1,25,2164,1,14.0,0,0,0,1,0.0,0,0,0,0,269,12,0,6.88,1,2,0,0,0,0,0,0,721.33,0.0,0,19,4,13,7,11,55.0,0,43,21,48.84,24,61,20,14,111,46.84,69,584,482,1066,206.5,23,1,1430,23,5,0,Santi Comesaña,Villarreal,843678,2819,spain,2526,20260428
26,25,26.88,307,32,39.02,541,454,995,82.3,20,37.74,33,30,3,0,0,0,146,10,3,3,10,72,30,0,0,43,20,165,0,0,4.36,2.19,21,0,0.0,0,0,3,30,27,3,0,0,,136,50.75,0,0,0,214,38,41,0,29,2583,4,6.0,0,0,0,1,0.0,0,0,0,0,465,7,0,6.88,0,0,0,0,0,0,0,0,0.0,0.0,0,11,18,17,9,55,52.38,0,62,37,59.68,41,56,105,93,156,48.6,82,691,518,1209,206.5,29,4,2097,21,9,0,Andrei Rațiu,Rayo Vallecano,965031,2818,spain,2526,20260428
12,7,33.33,206,12,37.5,334,174,508,77.2,3,12.5,21,32,4,0,0,0,92,7,6,4,0,12,32,0,0,21,48,146,0,2,2.96,5.42,31,0,21.95,0,9,13,24,20,4,7,2,,79,38.73,0,0,1,150,8,33,1,26,2103,3,3.0,0,0,0,0,0.0,0,0,0,1,277,9,0,6.88,0,8,0,0,0,0,0,0,233.67,0.0,1,30,11,19,18,29,51.79,0,25,16,64.0,33,35,56,21,82,35.96,32,446,212,658,220.1,41,6,988,25,4,0,Alberto Moleiro,Villarreal,1012444,2819,spain,2526,20260428
67,6,23.08,269,90,58.44,715,718,1433,85.96,33,52.38,30,31,2,0,0,0,184,1,0,14,2,37,31,0,0,30,54,180,0,1,1.55,1.09,61,0,2.78,0,1,3,45,40,5,0,1,,140,48.28,0,0,0,234,50,16,1,31,2666,2,9.0,0,0,0,0,0.0,0,0,0,0,326,7,0,6.88,0,0,0,0,0,0,0,0,2666.0,0.0,0,6,30,11,11,21,75.0,0,86,47,54.65,16,123,28,26,173,49.01,154,877,790,1667,213.2,36,0,2152,35,7,0,Antonio Blanco,Deportivo Alavés,855832,2885,spain,2526,20260428
49,5,17.24,221,50,67.57,427,228,655,88.99,10,58.82,7,22,2,0,0,0,79,2,0,5,0,8,22,0,0,6,9,46,1,0,1.55,0.39,17,0,0.0,0,0,2,13,11,2,0,0,,40,50.63,0,0,0,81,9,12,0,10,1024,0,1.0,0,0,0,1,0.0,0,0,0,0,130,9,0,6.88,0,0,0,0,0,0,0,0,0.0,0.0,0,3,8,4,2,5,35.71,0,15,7,46.67,12,79,14,29,50,52.08,74,492,244,736,151.3,11,0,898,20,3,0,Moi Gomez,Osasuna,149370,2820,spain,2526,20260428
40,0,0.0,43,67,46.85,190,769,959,88.47,33,44.0,42,24,0,0,0,0,66,1,4,1,5,108,24,0,0,1,3,60,0,0,0.12,1.73,9,0,0.0,23,0,0,28,22,6,0,0,,35,66.04,0,0,0,125,24,3,0,21,1854,0,29.0,0,0,0,0,0.0,0,0,0,0,139,0,0,6.88,0,0,0,0,0,0,0,0,0.0,0.0,0,10,1,9,1,2,28.57,0,26,17,65.38,3,91,7,1,68,53.13,143,277,807,1084,165.0,11,1,1355,7,4,0,Fernando Calero,Espanyol,857205,2814,spain,2526,20260428
12,7,25.93,94,9,56.25,134,81,215,75.7,2,18.18,9,22,1,0,0,0,42,3,4,13,0,6,22,0,0,30,13,94,0,0,1.91,6.37,16,0,14.29,0,6,7,19,19,0,6,0,,48,36.09,0,0,0,69,13,15,2,10,1074,2,0.0,0,0,3,1,100.0,0,3,0,0,184,7,0,6.87,0,4,0,0,0,0,0,0,179.0,0.0,0,28,14,11,18,20,42.55,0,12,11,91.67,15,23,47,27,50,34.72,16,195,89,284,151.1,42,0,560,16,4,0,Largie Ramazani,Valencia,909966,2828,spain,2526,20260428
8,3,15.0,110,13,65.0,172,79,251,73.82,10,23.81,32,28,5,0,0,0,36,7,18,10,0,6,28,0,0,27,4,104,0,0,2.37,8.91,11,0,16.36,0,9,14,26,23,3,8,1,,76,51.35,1,0,1,89,5,24,0,20,1864,2,1.0,0,0,0,0,0.0,0,0,0,0,232,9,0,6.87,0,8,0,0,0,0,0,0,207.11,0.0,0,43,12,19,26,28,45.9,0,5,3,60.0,24,16,61,20,86,45.26,20,249,91,340,192.3,55,1,684,43,1,0,Georges Mikautadze,Villarreal,1009372,2819,spain,2526,20260428
3,2,66.67,17,2,66.67,27,13,40,86.96,1,50.0,1,3,1,0,0,0,1,1,0,2,0,0,3,0,0,2,2,7,0,0,0.29,0.08,2,0,0.0,0,0,1,0,0,0,0,0,,6,50.0,0,0,0,6,0,2,0,0,62,0,0.0,0,0,0,0,0.0,0,0,0,0,13,0,0,6.87,0,0,0,0,0,0,0,0,0.0,0.0,0,2,0,0,0,1,100.0,0,0,0,0.0,2,6,1,3,7,50.0,3,33,13,46,20.6,2,0,64,5,0,0,Isco,Real Betis,103417,2816,spain,2526,20260428
14,26,27.66,334,18,54.55,468,86,554,84.71,4,57.14,3,28,6,0,0,0,35,6,9,26,0,13,28,0,0,19,4,85,0,0,4.07,6.95,8,0,10.0,0,7,13,20,18,2,6,1,,55,40.15,1,0,3,100,1,41,3,15,1489,10,3.0,0,0,0,0,0.0,0,0,0,0,299,8,0,6.86,0,3,0,0,0,0,0,0,212.71,0.0,10,39,31,17,27,25,32.89,0,8,8,100.0,41,31,76,94,59,40.97,33,553,101,654,192.2,70,1,1059,22,2,0,Marcus Rashford,FC Barcelona,814590,2817,spain,2526,20260428
69,27,22.88,267,79,49.07,553,444,997,80.34,15,53.57,13,31,4,0,0,0,138,9,3,11,6,44,31,0,0,7,42,103,0,0,3.15,1.95,35,0,0.0,0,0,4,36,29,7,0,0,,67,42.68,0,0,1,244,17,34,0,30,2624,0,4.0,0,0,0,0,0.0,0,0,0,0,409,11,0,6.86,0,0,0,0,0,0,0,0,0.0,0.0,1,12,9,6,4,12,60.0,0,45,22,48.89,34,138,20,118,82,44.32,161,729,512,1241,212.7,21,1,1727,11,8,0,Jon Moncayola,Osasuna,976141,2820,spain,2526,20260428
10,15,22.06,126,13,56.52,195,64,259,77.54,1,12.5,7,19,1,0,0,0,32,4,0,6,1,5,18,0,0,5,12,74,0,1,2.9,2.01,7,0,3.85,0,1,2,12,10,2,1,0,,54,44.63,0,0,0,75,2,18,0,13,1135,6,0.0,0,0,1,0,100.0,0,1,0,1,216,7,0,6.86,0,1,0,0,0,0,0,0,1135.0,0.0,0,18,8,8,12,27,38.57,0,10,5,50.0,18,19,70,68,55,42.64,23,257,77,334,123.5,26,1,608,17,1,0,Bryan Zaragoza,Celta Vigo,1084730,2821,spain,2526,20260428
24,2,50.0,88,26,55.32,220,276,496,82.8,41,64.06,23,23,2,0,0,0,81,2,0,3,2,45,23,0,0,14,9,74,1,1,0.95,0.38,19,0,10.0,0,1,3,23,18,5,1,0,,54,51.43,0,0,0,103,11,4,0,12,1251,2,12.0,0,0,0,0,0.0,0,0,0,0,143,2,0,6.86,1,1,0,0,0,0,0,0,1251.0,0.0,2,1,9,4,3,7,43.75,0,29,19,65.52,4,45,16,4,95,56.21,47,280,319,599,157.8,10,1,822,19,4,1,Kervin Arriaga,Levante UD,1083832,2849,spain,2526,20260428
3,0,0.0,20,3,100.0,23,11,34,87.18,3,75.0,1,7,0,0,0,0,3,0,0,1,0,4,5,0,0,4,3,12,0,0,0.45,0.3,0,0,20.0,0,1,1,5,5,0,1,0,,6,35.29,0,0,0,5,1,2,0,0,106,1,0.0,0,0,0,0,0.0,0,0,0,0,19,0,0,6.86,0,1,0,0,0,0,0,0,106.0,0.0,0,4,1,2,2,1,20.0,0,4,2,50.0,2,3,5,2,9,42.86,3,27,12,39,34.3,5,0,73,1,0,0,Adam Boayar,Elche,1518971,2846,spain,2526,20260428
27,0,0.0,101,64,50.0,415,1103,1518,91.34,72,56.25,56,31,1,0,0,0,98,2,3,4,5,179,31,0,1,5,9,103,0,6,0.37,1.21,32,0,6.67,26,1,2,43,38,5,1,0,,71,60.17,1,0,0,144,26,8,0,30,2688,1,37.0,1,0,0,0,0.0,0,0,0,0,176,0,0,6.86,1,0,0,0,0,0,0,0,2688.0,0.0,0,14,1,8,3,7,77.78,0,43,28,65.12,8,50,9,0,143,58.13,128,498,1164,1662,212.6,15,2,2094,21,6,0,Vitor Reis,Girona FC,1485300,24264,spain,2526,20260428
6,0,0.0,37,31,72.09,223,750,973,95.86,31,58.49,22,19,0,0,0,0,50,0,2,0,5,108,19,0,0,2,1,43,0,1,0.11,0.55,19,0,0.0,0,0,0,17,14,3,0,0,,31,59.62,0,0,0,42,17,1,0,17,1493,0,13.0,1,0,0,0,0.0,0,0,0,0,51,0,0,6.86,1,0,0,0,0,0,0,0,0.0,0.0,0,4,0,3,1,1,50.0,0,23,14,60.87,1,7,2,0,62,59.05,43,241,774,1015,130.3,4,0,1221,8,1,1,Carl Starfelt,Celta Vigo,360718,2821,spain,2526,20260428
32,10,33.33,141,44,58.67,312,304,616,87.62,8,88.89,1,27,0,0,0,0,55,3,0,1,0,13,26,0,0,9,10,38,1,4,1.0,0.17,12,0,0.0,0,0,0,20,16,4,0,0,,61,62.24,0,0,1,87,12,20,0,13,1155,0,7.0,0,0,0,0,0.0,0,0,0,0,143,1,0,6.86,0,0,0,0,0,0,0,0,0.0,0.0,2,0,2,1,0,8,50.0,0,32,22,68.75,20,53,16,30,69,64.49,75,374,329,703,178.3,2,0,888,21,2,0,Dani Parejo,Villarreal,39182,2819,spain,2526,20260428
39,6,26.09,219,31,62.0,336,85,421,78.54,3,42.86,4,27,3,0,0,0,40,7,2,5,0,2,26,0,0,14,7,34,0,0,3.49,4.31,2,0,15.38,0,4,7,9,7,2,4,0,,33,52.38,0,0,1,115,12,29,4,8,907,0,0.0,0,0,2,0,100.0,0,2,0,1,180,9,0,6.85,0,0,0,0,0,0,0,0,226.75,0.0,0,17,9,10,11,11,61.11,0,11,9,81.82,29,61,18,23,36,51.43,50,435,101,536,178.2,26,2,708,11,4,0,Iago Aspas,Celta Vigo,19356,2821,spain,2526,20260428
1,0,0.0,31,1,50.0,55,37,92,61.33,34,53.13,30,20,0,0,0,0,29,0,6,3,0,11,20,0,0,14,6,82,0,0,0.12,4.08,22,0,24.24,0,8,8,11,10,1,6,2,,36,40.91,3,0,0,58,4,4,2,8,905,6,1.0,0,0,0,0,0.0,0,0,0,0,132,6,0,6.85,0,3,0,0,0,0,0,0,113.13,0.0,0,27,6,13,17,9,42.86,0,10,5,50.0,4,4,21,1,70,46.05,2,108,42,150,137.0,33,1,348,17,3,0,Carlos Espí,Levante UD,1649918,2849,spain,2526,20260428
32,8,32.0,263,30,71.43,413,203,616,79.9,24,45.28,29,26,2,0,0,0,102,4,0,15,1,13,26,0,0,43,13,136,0,1,2.93,1.63,28,0,0.0,0,0,2,22,18,4,0,0,,115,51.8,0,0,0,155,9,33,0,23,1930,1,1.0,0,0,0,0,0.0,0,0,0,0,296,17,0,6.85,0,0,0,0,0,0,0,0,0.0,0.0,3,14,14,9,4,26,52.0,0,36,19,52.78,33,45,50,25,139,50.55,42,529,242,771,178.1,28,0,1160,54,6,0,Aimar Oroz,Osasuna,985329,2820,spain,2526,20260428
48,16,19.51,143,66,33.5,282,192,474,64.84,26,41.94,36,32,2,0,0,0,95,2,0,12,9,118,32,0,0,15,46,174,2,1,1.48,1.0,58,0,4.35,0,1,3,30,26,4,1,0,,182,56.88,0,0,0,257,22,15,0,31,2743,1,11.0,1,0,0,0,0.0,0,0,0,0,523,5,0,6.85,0,1,0,0,0,0,0,0,2743.0,0.0,0,5,18,6,5,26,53.06,0,101,63,62.38,15,111,49,82,208,54.45,197,481,250,731,219.1,23,1,1649,55,4,0,Juan Iglesias,Getafe,949707,2859,spain,2526,20260428
24,8,47.06,91,34,40.96,166,227,393,80.7,8,61.54,5,20,2,0,0,0,28,2,1,2,0,44,20,0,1,3,5,25,0,1,1.41,0.5,10,0,0.0,0,0,2,14,8,6,0,0,,40,66.67,0,0,0,94,9,9,0,7,767,0,3.0,0,0,0,0,0.0,0,0,0,0,116,1,0,6.85,1,0,0,0,0,0,0,0,0.0,0.0,0,4,3,1,4,5,71.43,0,19,12,63.16,9,50,7,17,48,65.75,83,230,257,487,136.9,7,1,663,16,1,0,Alejandro Francés,Girona FC,1002347,24264,spain,2526,20260428
41,2,25.0,79,43,35.83,280,674,954,85.71,32,48.48,34,25,1,0,0,0,112,2,0,2,5,99,25,0,0,9,6,77,1,0,0.99,0.79,25,0,14.29,5,1,2,29,24,5,1,0,,59,57.84,0,0,0,159,13,8,0,24,2095,0,12.0,0,0,0,2,0.0,0,0,0,0,201,2,0,6.84,0,1,0,0,0,0,0,0,2095.0,0.0,0,7,0,2,3,3,37.5,0,52,32,61.54,8,88,8,8,91,54.17,120,399,714,1113,171.1,7,3,1437,4,5,0,Enzo Boyomo,Osasuna,1067582,2820,spain,2526,20260428
26,24,33.8,179,32,42.67,329,350,679,84.56,12,40.0,18,21,1,0,0,0,80,2,0,1,2,52,21,0,0,14,11,92,0,1,2.21,0.19,27,0,0.0,0,0,1,22,18,4,0,0,,111,60.0,0,0,1,124,26,23,0,17,1557,2,5.0,0,0,0,1,0.0,0,0,0,0,260,7,0,6.84,0,0,0,0,0,0,0,0,0.0,0.0,0,4,1,3,1,36,61.02,0,43,28,65.12,23,49,59,71,123,57.21,75,414,389,803,143.7,5,0,1365,33,2,0,Javi Galán,Osasuna,825133,2820,spain,2526,20260428
25,10,32.26,167,32,42.11,301,259,560,82.84,7,35.0,13,26,2,0,0,0,94,3,3,9,5,38,26,0,0,18,26,99,0,1,1.62,3.85,30,0,12.9,0,4,6,20,15,5,4,0,,79,47.88,1,0,0,116,20,19,1,19,1724,0,3.0,0,0,0,2,0.0,0,0,0,1,224,8,0,6.84,0,2,0,0,0,0,0,0,431.0,0.0,1,16,15,10,12,14,46.67,0,41,28,68.29,19,43,30,31,86,46.49,76,379,297,676,177.9,31,2,1098,25,4,0,Aitor Ruibal,Real Betis,893062,2816,spain,2526,20260428
43,5,26.32,178,51,43.59,470,721,1191,90.23,26,53.06,23,26,0,0,0,0,82,0,1,0,4,73,26,0,0,3,15,76,0,2,0.6,0.35,33,0,0.0,28,0,0,31,23,8,0,0,,70,56.91,0,0,0,129,19,3,0,19,1840,1,15.0,0,0,0,0,0.0,0,0,0,0,170,1,0,6.84,1,0,0,0,0,0,0,0,0.0,0.0,0,4,2,4,2,6,66.67,0,55,30,54.55,3,94,9,19,96,55.81,117,562,758,1320,177.9,6,1,1621,9,6,1,Víctor Chust,Elche,855831,2846,spain,2526,20260428
13,0,0.0,142,6,54.55,238,92,330,79.9,18,32.14,38,26,0,0,0,0,43,1,8,10,2,16,25,0,0,29,14,111,0,0,1.17,9.26,17,0,20.45,0,9,9,30,23,7,9,0,,56,43.41,1,0,0,83,3,19,3,18,1533,4,1.0,0,0,2,0,100.0,0,2,0,0,183,9,0,6.84,0,5,0,0,0,0,0,0,170.33,0.0,2,36,8,11,23,14,48.28,0,11,5,45.45,19,17,29,2,74,40.0,11,303,110,413,171.0,44,0,679,31,2,0,Andre Silva,Elche,190159,2846,spain,2526,20260428
43,3,10.34,212,56,49.56,485,624,1109,87.25,37,55.22,30,26,2,0,0,0,72,4,1,3,7,83,25,0,0,8,19,77,0,1,2.02,0.99,15,0,0.0,8,0,2,25,18,7,0,0,,54,53.47,0,0,0,162,17,13,0,23,2119,2,9.0,0,0,0,1,0.0,0,0,0,0,238,6,0,6.84,0,0,0,0,0,0,0,0,0.0,0.0,0,15,4,11,5,8,57.14,0,42,26,61.9,13,82,14,29,91,54.17,113,614,657,1271,171.0,19,1,1640,4,2,0,Dávid Hancko,Atlético Madrid,807771,2836,spain,2526,20260428
18,1,50.0,99,27,75.0,223,218,441,88.38,12,42.86,16,15,0,0,0,0,41,1,0,1,1,22,15,0,0,15,10,69,0,0,0.45,0.08,23,0,0.0,0,0,0,13,11,2,0,0,,56,51.38,0,0,0,58,16,3,0,12,892,0,6.0,0,0,0,0,0.0,0,0,0,0,97,2,0,6.84,0,0,0,0,0,0,0,0,0.0,0.0,0,0,2,1,0,5,50.0,0,37,21,56.76,3,28,10,2,68,49.64,36,260,239,499,102.6,2,0,682,14,5,0,Johnny Cardoso,Atlético Madrid,990169,2836,spain,2526,20260428
56,24,25.0,188,58,55.77,366,207,573,85.39,4,57.14,3,17,4,0,0,0,38,3,0,2,0,6,16,0,0,4,7,26,0,0,2.44,0.26,7,0,0.0,0,0,4,12,9,3,0,0,,15,39.47,0,0,1,98,12,22,0,11,912,0,3.0,0,1,0,0,0.0,0,0,0,0,208,1,0,6.84,0,0,0,0,0,0,0,0,0.0,0.0,3,1,7,5,1,4,44.44,0,11,7,63.64,21,90,9,96,19,42.22,104,441,230,671,109.4,8,1,932,0,2,0,Trent Alexander-Arnold,Real Madrid,795064,2829,spain,2526,20260428
26,25,24.51,107,40,71.43,193,157,350,80.65,2,33.33,4,32,3,0,0,0,68,2,2,9,0,11,32,0,0,14,26,106,1,0,2.99,1.51,10,0,0.0,0,0,3,29,25,4,0,0,,104,50.49,0,0,1,84,6,18,0,18,1715,3,0.0,0,0,0,0,0.0,0,0,0,0,294,15,0,6.84,0,0,0,0,0,0,0,0,0.0,0.0,0,17,13,14,7,54,50.94,0,35,23,65.71,18,50,106,102,106,50.0,56,260,174,434,218.8,30,1,876,15,1,0,Haissem Hassan,Real Oviedo,942836,2851,spain,2526,20260428
11,0,0.0,86,9,64.29,153,68,221,84.67,23,71.88,9,17,0,0,0,0,33,1,0,5,1,11,16,0,0,16,5,52,0,2,0.29,0.45,16,0,0.0,0,0,0,8,7,1,0,0,,60,58.25,0,0,0,40,4,5,0,7,614,1,0.0,0,0,0,0,0.0,0,0,0,0,83,4,0,6.84,0,0,0,0,0,0,0,0,0.0,0.0,0,2,15,12,0,25,78.13,0,13,6,46.15,5,15,32,6,83,61.48,14,186,75,261,109.4,17,0,433,22,3,0,Nelson Deossa,Real Betis,1129401,2816,spain,2526,20260428
23,0,0.0,243,35,61.4,542,626,1168,91.18,42,62.69,25,27,2,0,0,0,145,2,4,4,2,52,27,0,0,18,25,101,0,1,1.12,2.32,31,0,5.26,0,1,3,36,31,5,1,0,,67,46.85,0,0,2,113,26,17,0,25,2182,1,8.0,0,0,0,0,0.0,0,0,0,0,165,10,0,6.84,1,1,0,0,0,0,0,0,2182.0,0.0,0,14,5,10,5,7,63.64,0,31,21,67.74,17,37,11,1,109,51.9,57,621,660,1281,184.6,19,0,1583,30,1,1,Axel Witsel,Girona FC,35612,24264,spain,2526,20260428
18,14,27.45,138,26,56.52,255,218,473,84.31,14,58.33,10,22,3,0,0,0,61,5,0,7,0,25,22,0,0,9,8,48,0,0,2.48,0.85,16,0,0.0,0,0,3,20,19,1,0,0,,48,55.81,0,0,0,88,8,18,0,14,1242,5,4.0,0,0,0,0,0.0,0,0,0,0,176,7,0,6.84,0,0,0,0,0,0,0,0,0.0,0.0,0,4,13,8,2,14,66.67,0,21,13,61.9,18,35,21,51,62,56.36,46,317,244,561,150.4,17,1,812,13,3,0,Filip Ugrinić,Valencia,857482,2828,spain,2526,20260428
37,2,16.67,282,58,70.73,553,546,1099,88.63,18,40.0,27,31,1,0,0,0,135,2,2,4,4,25,31,0,0,32,16,116,0,1,1.43,0.84,27,0,0.0,0,0,1,33,26,7,0,0,,111,55.5,0,0,0,141,15,19,0,26,2271,3,4.0,0,0,0,0,0.0,0,0,0,1,252,12,0,6.84,1,0,0,0,0,0,0,0,0.0,0.0,0,7,4,3,4,25,56.82,0,56,34,60.71,19,58,44,12,129,52.65,82,650,590,1240,211.9,11,1,1597,30,3,1,Iván Martín,Girona FC,973699,24264,spain,2526,20260428
29,1,33.33,79,23,54.76,160,172,332,81.98,18,66.67,9,19,1,0,0,0,43,2,0,2,2,30,18,0,0,5,6,37,0,1,0.81,0.37,13,0,16.67,0,1,2,17,14,3,1,0,,28,50.0,1,0,0,73,7,4,0,7,775,1,2.0,0,0,0,0,0.0,0,0,0,0,103,5,0,6.83,0,0,0,0,0,0,0,0,775.0,0.0,0,2,4,2,2,6,50.0,0,12,5,41.67,4,43,12,3,46,55.42,42,205,200,405,123.0,6,1,542,10,2,0,Baptiste Santamaria,Valencia,344751,2828,spain,2526,20260428
10,3,16.67,94,10,66.67,168,97,265,76.15,14,35.0,26,25,2,0,0,0,37,2,7,4,0,14,25,0,0,16,3,93,0,0,1.18,5.5,21,0,16.67,0,7,9,20,19,1,5,2,,51,43.22,0,0,1,83,7,13,1,18,1417,4,1.0,0,1,0,0,0.0,0,0,0,0,189,6,0,6.83,0,6,0,0,0,0,0,0,202.43,0.0,0,29,13,15,23,19,40.43,0,9,3,33.33,12,18,47,18,65,41.14,15,225,123,348,170.8,42,2,619,23,4,0,Ferran Jutglà,Celta Vigo,949962,2821,spain,2526,20260428
21,2,25.0,104,23,62.16,241,243,484,85.66,9,56.25,7,23,3,0,0,0,66,1,0,4,1,22,23,0,0,13,10,63,1,0,0.55,0.74,23,0,0.0,0,0,3,15,15,0,0,0,,73,56.59,0,0,1,81,7,11,0,13,1109,0,4.0,0,0,0,0,0.0,0,0,0,0,135,7,0,6.83,0,0,0,0,0,0,0,0,0.0,0.0,0,6,13,9,6,19,65.52,0,37,23,62.16,11,37,29,8,82,56.55,37,301,264,565,157.1,19,1,768,18,5,0,Beñat Turrientes,Real Sociedad,980410,2824,spain,2526,20260428
6,1,16.67,75,6,60.0,155,102,257,92.78,1,14.29,6,7,0,0,0,0,17,0,0,0,0,9,7,0,0,4,11,24,0,0,0.17,0.51,2,0,25.0,0,1,1,7,5,2,1,0,,20,52.63,0,0,0,20,2,4,0,7,492,0,0.0,0,0,0,0,0.0,0,0,0,0,38,5,0,6.83,0,1,0,0,0,0,0,0,492.0,0.0,0,2,2,2,2,2,66.67,0,12,5,41.67,4,11,3,6,21,46.67,10,171,106,277,47.8,4,0,344,6,0,0,Álvaro Fidalgo,Real Betis,838629,2816,spain,2526,20260428
5,0,0.0,51,8,80.0,115,61,176,93.12,5,71.43,2,7,1,0,0,0,13,0,0,0,0,4,7,0,0,1,2,12,0,0,0.16,,4,0,0.0,0,0,1,2,2,0,0,0,,14,58.33,0,0,0,13,1,4,0,3,255,0,0.0,0,0,0,0,0.0,0,0,0,0,22,3,0,6.83,0,0,0,0,0,0,0,0,0.0,0.0,0,0,0,0,0,0,0.0,0,5,3,60.0,4,7,3,1,19,61.29,10,126,63,189,47.8,0,0,226,10,2,0,Pablo Gavi,FC Barcelona,1103693,2817,spain,2526,20260428
8,1,50.0,118,4,50.0,185,101,286,75.46,24,57.14,18,29,1,0,0,0,33,3,19,11,2,8,29,0,0,17,7,66,0,0,1.49,12.42,11,0,22.22,0,14,15,17,16,1,11,3,,27,36.0,1,0,6,93,3,21,1,21,1768,10,1.0,0,0,0,0,0.0,0,0,0,0,175,9,0,6.83,0,12,0,0,0,0,0,0,126.29,0.0,1,53,10,19,33,7,33.33,0,6,4,66.67,21,17,21,2,51,43.59,8,260,119,379,198.0,63,4,607,15,2,0,Ferran Torres,FC Barcelona,855833,2817,spain,2526,20260428
17,2,100.0,187,19,37.25,496,492,988,90.48,7,35.0,13,30,2,0,0,0,81,0,0,1,0,42,30,0,0,6,9,47,0,0,0.48,0.11,19,0,50.0,0,1,3,32,28,4,1,0,,65,65.66,0,0,0,104,37,6,0,25,2096,0,21.0,0,0,0,0,0.0,0,0,0,0,124,8,0,6.83,0,1,0,0,0,0,0,0,2096.0,0.0,0,2,0,0,1,0,0.0,0,43,25,58.14,6,25,1,2,72,60.5,51,557,535,1092,204.8,2,0,1349,23,2,0,Marc Aguado,Elche,1014595,2846,spain,2526,20260428
5,2,20.0,75,6,60.0,114,39,153,87.93,1,33.33,2,12,1,0,0,0,17,2,0,6,0,3,12,0,0,7,1,22,1,0,0.46,1.32,4,0,6.67,0,1,2,10,7,3,1,0,,33,62.26,0,0,0,21,1,7,0,4,458,1,0.0,0,0,0,0,0.0,0,0,0,0,66,4,0,6.83,0,1,0,0,0,0,0,0,458.0,0.0,2,9,6,6,3,16,66.67,0,6,5,83.33,7,7,24,10,34,60.71,10,131,43,174,81.9,15,1,289,11,3,0,Claudio Echeverri,Girona FC,1482424,24264,spain,2526,20260428
29,10,18.52,222,22,70.97,352,168,520,80.87,4,18.18,18,29,1,0,0,0,90,6,2,11,1,6,29,0,0,33,22,128,0,1,4.11,2.71,22,1,10.34,0,3,4,35,30,5,2,1,,89,44.72,0,0,3,123,13,40,3,22,1877,2,1.0,0,0,0,0,0.0,0,0,0,1,308,10,0,6.82,0,0,0,0,0,0,0,0,625.67,20.0,5,16,13,7,11,19,35.19,0,22,11,50.0,40,61,54,54,93,42.08,31,449,194,643,197.9,29,2,1026,49,3,0,Carlos Álvarez,Levante UD,1010656,2849,spain,2526,20260428
54,0,0.0,47,80,59.26,176,571,747,88.51,37,58.73,26,21,0,0,0,0,56,1,1,0,7,99,21,0,0,2,8,47,3,0,0.18,0.68,13,0,50.0,4,1,1,29,23,6,1,0,,38,64.41,0,0,1,97,24,4,0,19,1727,2,14.0,0,0,0,0,0.0,0,0,0,0,114,1,0,6.82,0,1,0,0,0,0,0,0,1727.0,0.0,0,2,0,1,1,7,77.78,0,24,19,79.17,4,74,9,2,75,61.48,135,243,601,844,143.3,2,3,1069,9,2,0,David Costas,Real Oviedo,345333,2851,spain,2526,20260428
7,2,18.18,109,5,62.5,169,90,259,67.27,87,58.39,62,31,0,0,0,0,31,2,15,10,0,23,31,0,1,27,4,136,0,0,0.87,8.92,27,0,20.34,0,12,12,24,19,5,12,0,,37,33.33,4,0,3,126,0,10,6,19,1772,10,2.0,0,0,0,1,0.0,0,0,0,0,238,5,0,6.82,1,2,0,0,0,0,0,0,147.67,0.0,0,56,3,18,31,10,35.71,0,13,6,46.15,10,11,28,11,124,47.69,8,266,119,385,211.5,59,3,664,14,4,0,Alexander Sørloth,Atlético Madrid,309078,2836,spain,2526,20260428
33,1,100.0,45,32,38.55,157,393,550,85.8,14,53.85,12,14,0,0,0,0,37,0,0,2,2,67,14,0,0,1,8,27,0,2,0.23,1.13,6,0,22.22,28,2,2,17,17,0,2,0,,33,68.75,1,0,0,91,18,4,0,12,1089,1,3.0,0,0,0,0,0.0,0,0,0,0,101,1,0,6.82,0,1,0,0,0,0,0,0,544.5,0.0,0,7,2,4,3,0,0.0,0,23,14,60.87,4,62,0,1,47,63.51,83,211,430,641,95.5,9,0,799,10,2,0,Eray Cömert,Valencia,814023,2828,spain,2526,20260428
23,0,0.0,150,18,42.86,358,330,688,88.32,24,38.1,39,28,0,0,0,0,89,1,0,3,3,50,28,0,1,6,28,102,0,1,1.06,1.01,26,0,7.69,0,1,1,16,16,0,1,0,,80,55.94,0,0,0,91,23,8,1,22,1811,0,10.0,0,0,0,1,0.0,0,0,0,0,129,1,0,6.82,1,0,0,0,0,0,0,0,1811.0,0.0,0,7,6,6,4,3,30.0,0,60,34,56.67,8,36,10,2,104,50.49,42,413,366,779,191.0,13,0,1070,18,3,0,Óscar Valentín,Rayo Vallecano,900008,2818,spain,2526,20260428
51,3,27.27,186,43,53.09,412,406,818,87.67,9,37.5,15,25,1,0,0,0,91,3,2,3,5,37,25,0,0,16,22,93,0,0,1.21,1.29,38,0,7.14,0,1,2,27,19,8,0,1,,67,46.21,0,0,1,115,21,16,0,21,1807,0,6.0,0,1,0,0,0.0,0,0,0,0,165,11,0,6.82,0,1,0,0,0,0,0,0,1807.0,0.0,0,7,7,6,5,10,71.43,0,35,27,77.14,15,86,14,11,76,44.97,81,502,431,933,170.5,14,0,1202,22,1,0,Marc Roca,Real Betis,847128,2816,spain,2526,20260428
31,14,17.07,234,50,39.68,461,518,979,84.69,22,44.9,27,29,2,0,0,0,126,5,1,7,9,74,29,0,0,14,13,107,1,3,3.04,0.61,30,0,5.56,0,1,3,33,29,4,0,1,,99,55.31,0,0,0,177,30,25,1,26,2398,2,14.0,0,0,0,2,0.0,0,0,0,0,372,2,0,6.82,1,0,0,0,0,0,0,0,2398.0,0.0,0,5,13,8,3,15,37.5,0,50,29,58.0,25,57,40,82,121,53.07,126,574,582,1156,197.7,18,1,1881,34,4,1,Josep Chavarría,Rayo Vallecano,1010421,2818,spain,2526,20260428
9,10,29.41,210,11,52.38,334,177,511,87.5,5,38.46,8,24,5,0,0,0,58,4,1,2,1,13,24,0,0,15,11,60,1,0,2.66,0.84,18,0,16.67,0,2,7,22,18,4,1,1,,51,49.51,0,0,0,73,2,25,0,15,1320,0,1.0,0,0,0,0,0.0,0,0,0,0,159,4,0,6.82,0,2,0,0,0,0,0,0,660.0,0.0,0,4,8,6,4,20,68.97,0,20,11,55.0,25,23,29,34,56,48.28,21,382,202,584,163.6,12,0,811,11,2,0,Martim Neto,Elche,1100646,2846,spain,2526,20260428
19,1,33.33,68,28,39.44,260,552,812,90.12,43,64.18,24,24,1,0,0,0,45,1,1,0,4,80,24,0,0,0,7,47,1,0,0.28,0.44,15,0,33.33,2,1,2,18,16,2,1,0,,39,62.9,1,0,0,89,11,2,0,15,1488,1,4.0,0,0,0,0,0.0,0,0,0,0,105,4,0,6.82,0,0,0,0,0,0,0,0,1488.0,0.0,0,3,0,2,1,0,0.0,0,26,13,50.0,2,36,2,3,82,63.57,71,310,591,901,163.6,3,0,1085,14,3,0,Robin Le Normand,Atlético Madrid,787751,2836,spain,2526,20260428
0,2,20.0,24,0,0.0,31,11,42,85.71,0,0.0,1,6,1,0,0,0,10,1,0,1,0,0,6,0,0,2,2,10,0,0,0.42,0.42,0,0,50.0,0,1,2,1,1,0,1,0,,9,50.0,0,0,0,7,0,2,1,1,153,1,0.0,0,0,0,0,0.0,0,0,0,0,30,2,0,6.82,0,0,0,0,0,0,0,0,153.0,0.0,0,1,1,0,1,6,54.55,0,1,1,100.0,2,2,11,10,9,47.37,0,37,12,49,40.9,2,0,94,2,0,0,Manor Solomon,Villarreal,862223,2819,spain,2526,20260428
28,34,25.0,228,25,50.0,362,220,582,79.95,2,11.11,16,32,5,0,0,0,88,6,0,19,4,29,32,0,0,23,28,105,0,0,4.1,1.92,11,0,5.56,0,2,7,33,29,4,2,0,,93,51.1,0,0,0,146,16,33,2,26,2233,6,0.0,0,1,0,0,0.0,0,0,0,0,339,15,0,6.82,0,0,0,0,0,0,0,0,1116.5,0.0,3,20,16,13,4,33,55.0,0,32,22,68.75,32,54,60,136,95,47.5,50,476,252,728,218.1,36,1,1203,28,1,0,Luis Rioja,Valencia,900433,2828,spain,2526,20260428
6,0,0.0,17,10,31.25,77,203,280,87.5,16,72.73,6,8,0,0,0,0,22,0,0,0,2,43,7,0,0,0,0,14,1,0,0.07,0.53,7,0,25.0,1,1,1,11,10,1,1,0,,12,60.0,1,0,0,40,10,1,0,7,544,1,2.0,0,0,0,0,0.0,0,0,0,1,46,0,0,6.81,0,0,0,0,0,0,0,0,544.0,0.0,0,4,0,1,3,1,33.33,0,8,6,75.0,1,14,3,0,28,66.67,32,105,215,320,47.7,4,2,418,3,3,0,Mouctar Diakhaby,Valencia,797306,2828,spain,2526,20260428
28,2,40.0,195,36,64.29,441,369,810,91.63,6,30.0,14,22,0,0,0,0,54,2,0,4,2,22,22,0,0,16,11,60,0,0,0.89,0.53,18,0,8.33,0,1,1,15,14,1,1,0,,44,48.89,0,0,0,74,13,10,0,16,1303,0,5.0,0,0,0,0,0.0,0,0,0,0,116,6,0,6.81,0,1,0,0,0,0,0,0,1303.0,0.0,0,4,8,5,3,6,75.0,0,29,13,44.83,10,48,8,5,50,45.45,56,485,399,884,149.9,12,0,1063,9,3,0,Fran Beltrán,Girona FC,835484,24264,spain,2526,20260428
39,4,11.76,215,62,44.29,422,635,1057,85.73,29,51.79,27,30,2,0,0,0,98,4,0,4,4,112,30,0,0,15,25,99,0,1,1.39,0.92,22,0,6.67,0,1,3,31,27,4,1,0,,97,57.4,0,0,2,176,38,17,0,28,2291,3,12.0,0,0,0,0,0.0,0,0,0,0,269,3,0,6.81,0,1,0,0,0,0,0,0,2291.0,0.0,0,12,3,9,2,10,47.62,0,61,33,54.1,17,75,21,34,126,56.0,140,533,700,1233,204.4,15,0,1786,26,6,0,Arnau Martínez,Girona FC,1084081,24264,spain,2526,20260428
37,42,33.07,203,40,53.33,365,214,579,79.64,20,33.9,39,30,5,0,0,0,79,7,1,7,0,19,30,0,0,19,27,130,0,0,4.4,1.54,30,1,9.09,0,2,7,23,18,5,0,2,,78,46.15,0,0,1,148,13,36,2,24,1927,1,1.0,0,0,0,0,0.0,0,0,0,0,311,17,0,6.81,0,0,0,0,0,0,0,0,963.5,14.29,7,10,12,8,7,10,37.04,0,45,26,57.78,36,59,27,127,98,42.98,75,472,255,727,204.3,22,2,1122,23,5,0,Ruben Garcia,Osasuna,260031,2820,spain,2526,20260428
14,0,0.0,32,30,31.58,79,107,186,63.27,16,48.48,17,11,0,0,0,0,58,0,0,3,5,71,11,0,0,7,4,39,0,1,0.06,0.48,7,0,0.0,1,0,0,6,5,1,0,0,,37,62.71,0,0,0,108,25,1,0,11,990,0,2.0,0,0,0,1,0.0,0,0,0,0,142,1,0,6.81,1,0,0,0,0,0,0,0,0.0,0.0,0,5,1,3,0,11,68.75,0,20,14,70.0,1,46,16,3,53,57.61,95,160,134,294,74.9,6,0,496,6,3,1,Zaid Romero,Getafe,1108450,2859,spain,2526,20260428
33,1,20.0,114,67,53.17,321,443,764,85.36,21,44.68,26,26,2,0,0,0,99,2,0,1,3,67,26,0,0,4,14,77,2,2,0.32,0.14,30,0,33.33,1,1,3,31,28,3,0,1,,58,53.21,0,0,0,131,31,7,0,22,1922,0,16.0,0,0,0,0,0.0,0,0,0,0,159,3,0,6.81,0,1,0,0,0,0,0,0,1922.0,0.0,0,0,3,0,2,4,57.14,0,42,24,57.14,7,63,7,5,79,50.64,126,417,478,895,177.0,3,1,1154,12,4,0,Omar Mascarell,Mallorca,255999,2826,spain,2526,20260428
10,4,28.57,86,7,36.84,126,61,187,64.04,33,36.67,57,14,1,0,0,0,46,5,1,6,4,18,14,0,0,23,6,130,0,0,1.09,2.63,17,0,16.67,0,4,5,9,7,2,2,2,,57,43.85,1,0,0,105,9,12,0,14,1244,4,2.0,0,0,0,0,0.0,0,0,0,0,203,5,0,6.81,0,3,0,0,0,0,0,0,311.0,0.0,0,17,7,7,11,17,37.78,0,21,13,61.9,12,19,45,14,90,40.91,19,208,84,292,95.3,24,1,561,19,4,0,Martín Satriano,Getafe,973536,2859,spain,2526,20260428
24,32,23.7,284,48,46.6,621,514,1135,86.38,18,62.07,11,30,3,0,0,0,130,12,2,3,2,57,30,0,1,6,41,105,0,0,4.58,0.94,41,0,0.0,0,0,3,38,35,3,0,0,,106,53.0,0,0,0,179,27,38,0,26,2334,4,5.0,0,0,0,0,0.0,0,0,0,0,378,5,0,6.81,1,0,0,0,0,0,0,0,0.0,0.0,0,8,2,7,0,12,57.14,0,83,47,56.63,38,63,21,135,124,54.15,103,750,564,1314,204.2,10,1,1992,12,3,0,Sergio Gómez,Real Sociedad,855835,2824,spain,2526,20260428
25,1,33.33,60,41,63.08,160,195,355,84.12,5,41.67,7,15,0,0,0,0,39,0,0,3,1,14,15,0,0,7,14,45,0,0,0.3,0.33,19,0,0.0,0,0,0,15,12,3,0,0,,44,53.66,0,0,0,67,15,2,0,8,750,0,4.0,0,0,0,0,0.0,0,0,0,0,89,7,0,6.81,0,0,0,0,0,0,0,0,0.0,0.0,0,1,6,3,1,2,66.67,0,33,20,60.61,2,45,3,3,49,52.13,65,205,217,422,102.1,7,0,563,9,6,0,Nicolas Fonseca,Real Oviedo,944629,2851,spain,2526,20260428
40,7,12.28,312,49,49.49,634,354,988,81.72,35,55.56,28,31,0,0,0,0,148,1,0,16,5,24,31,0,0,23,48,154,0,3,2.15,1.47,42,0,6.25,0,2,2,37,28,9,0,2,,103,44.98,0,0,0,221,43,23,0,30,2525,0,3.0,0,0,0,0,0.0,0,0,0,0,357,18,0,6.81,1,2,0,0,0,0,0,0,1262.5,0.0,0,6,26,7,9,10,40.0,0,61,41,67.21,23,98,25,57,138,47.26,99,806,403,1209,211.0,32,1,1643,32,3,1,Mikel Jauregizar,Athletic Club,1495844,2825,spain,2526,20260428
40,5,17.86,310,49,47.57,609,531,1140,85.84,10,34.48,19,29,1,0,0,0,94,0,2,4,4,56,28,0,0,11,11,84,0,0,1.62,1.47,17,0,15.38,0,2,3,35,30,5,2,0,,82,55.78,0,0,0,188,24,16,0,25,2311,2,2.0,0,0,0,1,0.0,0,0,0,0,302,4,0,6.8,0,2,0,0,0,0,0,0,1155.5,0.0,0,8,5,3,6,22,45.83,0,29,15,51.72,16,73,48,28,92,52.27,103,713,615,1328,190.5,13,0,1863,32,2,0,Sergio Carreira,Celta Vigo,1002764,2821,spain,2526,20260428
6,3,10.0,139,10,37.04,237,107,344,81.32,2,15.38,11,30,1,0,0,0,98,5,2,6,1,16,30,0,0,24,16,110,0,0,1.92,1.96,17,0,24.0,0,6,7,15,13,2,4,2,,80,44.69,0,0,0,79,21,17,1,19,1675,8,2.0,0,1,0,0,0.0,0,0,0,0,236,15,0,6.8,0,5,0,0,0,0,0,0,279.17,0.0,0,16,9,9,10,21,32.81,0,25,18,72.0,16,17,64,30,82,42.71,27,294,129,423,204.1,25,2,808,34,8,0,Tajon Buchanan,Villarreal,973290,2819,spain,2526,20260428
0,0,0.0,25,2,66.67,42,16,58,64.44,12,42.86,16,16,0,0,0,0,8,1,3,0,0,6,15,0,0,3,2,32,0,0,0.17,3.48,12,0,42.86,0,6,6,9,9,0,6,0,,13,44.83,2,0,0,32,1,3,0,5,551,9,1.0,0,0,0,0,0.0,0,0,0,0,52,2,0,6.8,0,4,0,0,0,0,0,0,91.83,0.0,0,12,2,3,11,3,100.0,0,6,4,66.67,3,0,3,2,25,43.86,3,68,22,90,102.0,14,1,157,4,4,0,Orri Steinn Óskarsson,Real Sociedad,1026015,2824,spain,2526,20260428
63,3,16.67,129,96,41.74,374,685,1059,81.09,92,63.89,52,32,0,0,0,0,76,1,4,10,8,182,32,0,0,5,19,107,1,1,1.51,2.45,32,0,8.57,7,3,3,49,42,7,3,0,,47,46.08,3,0,2,247,23,11,0,32,2880,1,21.0,1,0,0,0,0.0,0,0,0,1,289,2,0,6.8,0,0,0,0,0,0,0,0,960.0,0.0,0,34,1,16,9,6,75.0,0,35,20,57.14,11,159,8,18,139,56.5,230,564,742,1306,217.6,35,1,1707,8,3,0,Leandro Cabrera,Espanyol,81992,2814,spain,2526,20260428
14,3,12.5,124,18,40.91,223,122,345,75.49,5,27.78,13,22,4,0,0,0,43,5,2,2,1,28,22,0,0,5,7,64,0,0,2.35,1.3,23,0,18.18,0,2,6,12,11,1,2,0,,48,48.48,0,0,0,112,15,11,0,12,1165,3,5.0,0,0,0,0,0.0,0,0,0,1,198,3,0,6.8,0,2,0,0,0,0,0,0,582.5,0.0,0,8,3,6,3,15,46.88,0,18,11,61.11,11,26,32,24,53,45.3,44,294,163,457,149.6,11,1,775,15,4,0,Javier Rueda,Celta Vigo,1008259,2821,spain,2526,20260428
40,0,0.0,77,60,50.85,300,503,803,87.66,30,62.5,18,18,0,0,0,0,67,1,1,2,3,72,18,0,0,1,4,42,0,2,0.52,1.11,19,0,15.38,6,2,2,24,18,6,2,0,,31,56.36,2,0,0,113,26,4,0,17,1539,0,4.0,0,0,0,0,0.0,0,0,0,0,125,0,0,6.8,0,0,0,0,0,0,0,0,769.5,0.0,0,10,3,7,4,3,100.0,0,21,12,57.14,4,73,3,1,61,59.22,118,383,533,916,122.4,13,1,1107,7,4,0,Aitor Paredes,Athletic Club,959872,2825,spain,2526,20260428
49,3,15.79,300,56,45.16,517,418,935,80.6,51,58.62,36,29,2,0,0,0,118,7,0,4,1,38,29,0,0,20,15,126,1,0,1.44,0.76,49,0,8.33,0,1,3,44,38,6,0,1,,78,46.43,0,0,0,225,40,24,1,27,2333,8,5.0,0,1,0,0,0.0,0,0,0,0,317,7,0,6.8,0,0,0,0,0,0,0,0,2333.0,0.0,0,9,3,6,2,10,55.56,0,55,37,67.27,23,94,18,19,129,50.59,124,688,472,1160,197.2,12,0,1492,13,11,0,Lucien Agoumé,Sevilla,960006,2833,spain,2526,20260428
13,0,0.0,76,27,49.09,320,685,1005,91.12,67,65.05,36,21,0,0,0,0,63,0,4,3,1,128,21,0,0,7,3,62,0,2,0.16,1.92,14,0,7.14,1,1,1,36,34,2,1,0,,44,62.86,1,0,1,98,32,2,0,21,1890,0,23.0,0,0,0,1,0.0,0,0,0,0,126,1,0,6.8,0,0,0,0,0,0,0,0,1890.0,0.0,0,14,0,7,4,8,66.67,0,26,13,50.0,2,32,12,0,111,64.16,55,390,713,1103,142.8,14,0,1410,10,5,0,Jon Martin,Real Sociedad,1466116,2824,spain,2526,20260428
5,1,25.0,30,5,35.71,56,73,129,81.65,1,20.0,4,7,0,0,0,0,8,0,0,0,0,7,7,0,0,2,4,14,0,1,0.07,0.01,2,0,0.0,0,0,0,8,8,0,0,0,,25,71.43,0,0,0,29,4,1,0,4,387,1,3.0,0,0,0,0,0.0,0,0,0,0,40,0,0,6.8,0,0,0,0,0,0,0,0,0.0,0.0,0,0,1,1,0,3,60.0,0,16,11,68.75,1,11,5,4,26,65.0,14,80,78,158,47.6,1,0,228,6,1,0,Obed Vargas,Atlético Madrid,1119345,2836,spain,2526,20260428
22,5,16.67,211,23,62.16,348,181,529,86.16,5,33.33,10,23,1,0,0,0,62,3,5,4,0,6,23,0,1,17,19,72,0,0,1.96,3.54,10,0,15.79,0,3,4,16,13,3,3,0,,59,48.76,0,0,0,85,6,21,1,14,1120,2,2.0,0,0,0,1,0.0,0,0,0,0,175,12,0,6.8,1,2,0,0,0,0,0,0,373.33,0.0,0,14,5,5,10,19,54.29,0,25,16,64.0,21,41,35,30,64,47.06,37,412,202,614,156.3,19,2,851,15,1,0,Thiago Almada,Atlético Madrid,944660,2836,spain,2526,20260428
11,4,14.29,110,16,64.0,182,94,276,80.47,17,54.84,14,24,1,0,0,0,37,0,0,4,0,2,23,0,0,14,10,74,0,0,0.72,0.97,12,0,14.29,0,2,3,14,13,1,2,0,,73,54.89,0,0,1,67,1,15,0,11,947,1,0.0,0,0,0,0,0.0,0,0,0,0,154,1,0,6.8,0,2,0,0,0,0,0,0,473.5,0.0,0,10,4,4,6,16,38.1,0,11,7,63.64,15,23,42,28,90,54.88,25,239,104,343,156.3,14,0,559,46,8,0,Peque Fernández,Sevilla,997033,2833,spain,2526,20260428
6,0,0.0,76,5,55.56,133,66,199,79.6,18,51.43,17,26,2,2,0,0,24,4,15,14,3,15,26,0,0,24,7,66,0,0,1.04,12.99,11,0,21.05,0,12,14,13,12,1,12,0,,29,37.18,3,0,2,51,3,11,2,13,1288,15,0.0,0,0,3,0,33.33,0,1,0,0,127,10,0,6.79,0,6,0,0,0,0,0,0,107.33,0.0,0,52,5,17,26,9,52.94,0,5,2,40.0,11,10,17,0,47,41.59,9,174,76,250,176.6,57,2,467,16,2,0,Robert Lewandowski,FC Barcelona,41789,2817,spain,2526,20260428
4,20,20.41,211,5,35.71,355,123,478,80.2,16,34.04,31,33,2,0,0,0,96,2,9,23,3,20,33,0,0,55,18,231,0,0,2.67,5.71,32,0,6.49,0,5,7,30,26,4,4,1,,147,42.36,2,0,1,118,9,26,1,30,2578,5,0.0,0,0,0,0,0.0,0,0,0,1,453,22,0,6.79,0,2,0,0,0,0,0,0,515.6,0.0,0,53,24,25,29,74,42.77,0,22,14,63.64,26,18,173,98,163,41.37,14,447,149,596,224.1,77,0,1317,52,3,0,Victor Muñoz,Osasuna,1145642,2820,spain,2526,20260428
37,19,30.65,182,34,47.89,343,395,738,85.52,10,40.0,15,28,1,0,0,0,89,3,0,3,4,34,27,0,0,9,13,74,0,4,1.77,0.57,39,0,0.0,0,0,1,27,23,4,0,0,,83,58.45,0,0,0,125,14,21,0,19,1786,1,6.0,0,0,0,0,0.0,0,0,0,0,203,12,0,6.79,0,0,0,0,0,0,0,0,0.0,0.0,1,6,7,8,2,5,71.43,0,41,20,48.78,21,71,7,62,93,55.69,71,432,431,863,183.3,13,0,1165,37,6,0,Santiago Colombatto,Real Oviedo,822379,2851,spain,2526,20260428
28,13,27.08,114,35,67.31,220,132,352,87.34,4,80.0,1,23,1,0,0,0,45,2,0,1,0,7,22,0,1,3,8,21,0,1,1.73,0.36,5,0,0.0,0,0,1,12,12,0,0,0,,33,62.26,0,0,1,51,2,21,0,4,690,0,1.0,0,0,0,0,0.0,0,0,0,0,121,3,0,6.79,1,0,0,0,0,0,0,0,0.0,0.0,1,3,4,5,1,7,53.85,0,11,6,54.55,21,43,13,48,37,63.79,52,262,141,403,149.3,7,0,558,15,1,0,Santi Cazorla,Real Oviedo,17651,2851,spain,2526,20260428
0,0,0.0,10,1,50.0,35,61,96,88.89,4,80.0,1,7,0,0,0,0,10,0,0,0,0,12,7,0,0,2,2,7,0,0,0.02,0.02,1,0,0.0,0,0,0,2,2,0,0,0,,8,57.14,0,0,1,12,4,1,0,1,176,0,1.0,0,0,0,0,0.0,0,0,0,0,26,1,0,6.79,0,0,0,0,0,0,0,0,0.0,0.0,0,0,1,1,0,2,66.67,0,6,3,50.0,1,0,3,1,12,63.16,2,41,67,108,47.5,1,0,170,0,0,0,Alexander Freeman,Villarreal,1184541,2819,spain,2526,20260428
27,1,20.0,172,32,58.18,356,302,658,89.16,11,55.0,9,27,0,0,0,0,79,2,1,3,0,20,27,0,0,12,20,60,0,0,0.97,1.85,17,0,18.18,0,2,2,24,21,3,2,0,,61,54.46,0,0,0,80,15,16,0,17,1392,0,2.0,0,0,0,0,0.0,0,0,0,0,119,3,0,6.79,1,2,0,0,0,0,0,0,696.0,0.0,0,8,3,5,3,7,63.64,0,46,24,52.17,16,43,11,5,72,54.55,55,411,327,738,183.2,11,0,934,8,2,1,Manu Morlanes,Mallorca,826004,2826,spain,2526,20260428
8,3,14.29,206,11,64.71,332,128,460,86.79,1,16.67,5,23,1,0,0,0,39,4,3,3,1,7,23,0,0,11,9,60,0,0,1.8,2.03,15,0,30.0,0,3,4,20,15,5,3,0,,40,42.11,0,0,0,70,10,23,1,13,1152,2,0.0,0,0,0,0,0.0,0,0,0,0,166,8,0,6.78,0,2,0,0,0,0,0,0,384.0,0.0,0,10,0,2,5,12,35.29,0,14,8,57.14,23,13,34,21,41,40.59,17,379,151,530,156.0,10,0,758,14,2,0,Hugo Álvarez,Celta Vigo,1154935,2821,spain,2526,20260428
40,12,22.64,179,64,52.89,389,407,796,86.62,11,57.89,8,24,3,0,0,0,81,2,1,11,4,22,23,0,0,11,17,74,0,3,1.33,0.85,31,0,0.0,0,0,3,13,13,0,0,0,,51,43.59,0,0,2,123,19,29,0,17,1408,1,3.0,0,0,0,0,0.0,0,0,0,0,204,5,0,6.78,1,0,0,0,0,0,0,0,0.0,0.0,1,5,16,6,4,12,60.0,0,26,13,50.0,29,62,20,53,62,45.59,121,486,433,919,156.0,21,0,1175,13,4,1,Unai López,Rayo Vallecano,588566,2818,spain,2526,20260428
30,19,32.76,108,32,41.56,204,182,386,75.39,11,61.11,7,22,2,0,0,0,69,6,1,10,2,23,22,0,0,15,11,76,0,1,2.51,1.75,27,0,4.0,0,1,3,19,16,3,1,0,,38,35.51,0,0,1,126,17,21,1,16,1474,4,10.0,0,0,0,0,0.0,0,0,0,0,219,8,0,6.78,0,0,0,0,0,0,0,0,1474.0,0.0,4,7,18,11,4,12,41.38,0,16,8,50.0,21,63,29,58,49,39.2,77,304,208,512,149.2,25,1,780,11,3,0,Pablo Martínez,Levante UD,927066,2849,spain,2526,20260428
23,27,38.57,214,32,56.14,345,294,639,86.82,21,55.26,17,22,3,0,0,0,82,5,0,1,4,54,22,0,0,3,15,72,0,0,3.3,0.13,25,0,0.0,0,0,3,20,14,6,0,0,,41,42.71,0,0,0,97,18,22,0,17,1460,1,2.0,0,1,0,0,0.0,0,0,0,0,181,3,0,6.78,0,0,0,0,0,0,0,0,0.0,0.0,0,3,1,1,2,4,25.0,0,35,23,65.71,21,37,16,70,62,46.27,57,405,331,736,149.2,4,1,1130,2,4,0,Matteo Ruggeri,Atlético Madrid,965011,2836,spain,2526,20260428
5,3,13.64,56,2,50.0,84,19,103,83.06,1,20.0,4,10,2,0,0,0,17,1,0,4,0,4,10,0,0,4,1,16,0,0,0.94,0.19,0,0,0.0,0,0,2,7,6,1,0,0,,17,58.62,0,0,0,21,0,9,0,4,411,2,0.0,0,0,0,0,0.0,0,0,0,0,68,3,0,6.78,0,0,0,0,0,0,0,0,0.0,0.0,0,4,1,1,0,11,61.11,0,2,0,0.0,9,10,18,22,18,52.94,4,102,22,124,67.8,5,0,212,4,0,0,Raúl Moro,Osasuna,980383,2820,spain,2526,20260428
5,0,0.0,41,2,66.67,145,167,312,95.71,13,76.47,4,12,0,0,0,0,20,0,0,2,1,19,10,0,0,2,2,12,0,0,0.1,0.08,4,0,0.0,4,0,0,6,6,0,0,0,,8,50.0,0,0,0,14,2,1,0,3,406,0,3.0,0,0,0,0,0.0,0,0,0,0,16,0,0,6.78,0,0,0,0,0,0,0,0,0.0,0.0,0,2,0,0,0,0,0.0,0,5,3,60.0,1,8,0,0,21,63.64,3,150,176,326,67.8,2,0,371,4,1,0,Andreas Christensen,FC Barcelona,186795,2817,spain,2526,20260428
24,0,0.0,67,43,47.25,311,731,1042,89.6,81,63.28,47,24,0,0,0,0,71,0,1,3,2,112,24,0,1,2,4,77,0,0,0.58,1.14,26,0,8.33,41,1,1,29,28,1,1,0,,28,48.28,1,0,0,121,26,3,0,21,1882,1,17.0,1,0,0,0,0.0,0,0,0,0,128,1,0,6.78,1,0,0,0,0,0,0,0,1882.0,0.0,0,12,0,6,3,0,0.0,0,21,13,61.9,3,45,0,1,109,58.6,91,394,769,1163,162.7,12,1,1407,7,5,0,Duje Caleta-Car,Real Sociedad,257091,2824,spain,2526,20260428
11,2,11.11,90,12,63.16,152,83,235,84.23,4,40.0,6,23,1,0,0,0,40,1,1,8,0,3,23,0,0,16,1,55,0,0,0.64,1.34,4,0,5.56,0,1,2,14,11,3,1,0,,71,59.17,0,0,0,44,4,9,0,4,726,2,1.0,0,0,0,0,0.0,0,0,0,0,137,3,0,6.78,0,1,0,0,0,0,0,0,726.0,0.0,0,11,7,8,2,46,60.53,0,13,9,69.23,9,17,76,18,75,57.69,19,185,94,279,155.9,18,0,509,12,0,0,Chidera Ejuke,Sevilla,875890,2833,spain,2526,20260428
4,1,10.0,125,4,40.0,214,72,286,72.96,32,30.77,72,27,1,0,0,0,61,5,8,13,2,18,26,0,0,66,15,240,0,0,1.66,9.09,54,1,18.64,0,11,12,32,28,4,10,1,,107,38.91,2,0,0,106,7,25,0,21,1867,9,6.0,0,0,3,0,100.0,0,3,0,0,335,20,0,6.78,1,9,0,0,0,0,0,0,169.73,20.0,5,46,13,26,20,37,49.33,0,34,22,64.71,25,9,75,10,139,36.68,10,303,89,392,176.2,59,2,912,36,2,1,Lucas Boyé,Deportivo Alavés,814385,2885,spain,2526,20260428
13,0,0.0,64,22,61.11,152,115,267,79.7,15,48.39,16,17,1,0,0,0,34,0,2,6,0,12,17,0,0,13,4,48,0,0,0.39,1.53,7,0,15.79,0,3,4,13,13,0,2,1,,28,46.67,0,0,1,68,3,6,3,8,761,1,0.0,0,0,0,0,0.0,0,0,0,0,107,5,0,6.78,0,0,0,0,0,0,0,0,253.67,0.0,0,8,11,7,6,11,55.0,0,12,5,41.67,6,25,20,4,43,47.25,36,202,133,335,115.2,19,0,471,5,1,0,Luka Sučić,Real Sociedad,949156,2824,spain,2526,20260428
16,14,31.11,97,20,71.43,182,114,296,77.49,8,42.11,11,29,2,0,0,1,65,6,8,8,0,6,29,0,0,14,6,87,0,0,3.38,4.66,21,0,8.33,0,3,5,26,22,4,3,0,,59,43.7,0,0,3,86,2,16,0,18,1610,5,1.0,0,0,1,0,0.0,0,0,0,1,206,13,0,6.78,0,3,0,0,0,0,0,0,536.67,0.0,0,26,10,14,14,26,41.94,0,12,11,91.67,16,26,62,45,67,43.51,28,250,132,382,196.5,36,0,659,22,0,0,Arnaut Danjuma,Valencia,827064,2828,spain,2526,20260428
28,3,13.04,188,28,73.68,279,127,406,71.23,33,41.77,46,28,3,0,0,0,67,7,7,20,6,23,28,0,0,44,7,138,1,0,1.99,8.9,22,0,10.81,0,8,11,33,24,9,6,2,,84,47.73,1,0,2,164,8,30,1,26,2253,14,2.0,0,0,1,0,100.0,0,1,0,0,347,18,0,6.78,0,6,0,0,0,0,0,0,281.63,0.0,2,55,19,35,19,25,53.19,0,25,15,60.0,30,39,47,23,117,45.88,38,412,158,570,189.7,74,1,1022,34,4,0,Cucho Hernández,Real Betis,887055,2816,spain,2526,20260428
3,2,6.9,75,4,20.0,116,37,153,73.91,8,47.06,9,8,1,0,0,0,31,2,0,2,1,14,8,0,0,7,6,48,0,0,0.62,0.46,12,0,20.0,1,1,2,8,7,1,1,0,,30,43.48,1,0,0,54,4,7,0,7,591,1,5.0,0,0,0,0,0.0,0,0,0,0,123,2,0,6.78,0,0,0,0,0,0,0,0,591.0,0.0,0,3,2,2,1,6,28.57,0,17,10,58.82,7,8,21,29,38,44.19,20,157,50,207,54.2,5,0,365,7,1,0,Tete Morente,Elche,605374,2846,spain,2526,20260428
14,15,16.85,155,24,41.38,246,105,351,68.29,13,29.55,31,31,5,0,0,0,76,15,8,12,1,27,31,0,0,9,16,86,0,0,5.24,6.5,18,0,8.51,0,4,9,28,26,2,4,0,,42,43.3,0,0,0,163,13,42,3,22,2060,14,2.0,0,1,0,0,0.0,0,0,0,1,305,12,0,6.77,0,1,0,0,0,0,0,0,515.0,0.0,0,34,13,16,19,4,25.0,0,27,15,55.56,41,30,16,89,55,39.01,58,377,137,514,210.0,47,0,875,12,3,0,Alvaro Garcia,Rayo Vallecano,345111,2818,spain,2526,20260428
22,3,25.0,91,39,46.99,293,426,719,85.39,39,60.0,26,24,0,0,0,0,68,1,1,0,4,101,23,0,0,6,20,75,1,1,0.65,0.74,23,0,10.0,5,1,1,22,16,6,1,0,,65,57.02,1,0,0,123,21,8,0,16,1600,1,11.0,0,0,0,2,0.0,0,0,0,0,180,0,0,6.77,0,0,0,0,0,0,0,0,1600.0,0.0,0,9,1,6,4,12,92.31,0,43,24,55.81,8,44,13,12,104,58.1,83,380,462,842,155.8,10,1,1210,12,5,0,Valentín Gómez,Real Betis,1186010,2816,spain,2526,20260428
22,6,22.22,173,20,43.48,362,351,713,87.48,15,57.69,11,22,3,0,0,0,47,5,0,0,2,59,22,0,0,7,15,49,0,0,2.58,0.36,13,0,40.0,0,2,5,20,14,6,2,0,,29,43.28,0,0,0,102,11,21,0,16,1459,1,3.0,0,0,0,0,0.0,0,0,0,0,164,3,0,6.77,0,2,0,0,0,0,0,0,729.5,0.0,0,5,0,0,5,5,62.5,0,21,8,38.1,21,40,8,27,44,47.31,46,425,390,815,149.0,5,0,1148,3,2,0,Hector Bellerin,Real Betis,188365,2816,spain,2526,20260428
38,1,25.0,93,63,47.01,293,519,812,86.47,42,62.69,25,22,0,0,0,0,70,1,0,0,2,103,22,0,0,3,11,54,0,1,0.3,0.3,14,0,0.0,0,0,0,29,27,2,0,0,,45,60.81,0,0,0,127,11,5,0,20,1734,1,21.0,0,0,0,2,0.0,0,0,0,0,147,2,0,6.77,1,0,0,0,0,0,0,0,0.0,0.0,0,4,0,3,1,3,75.0,0,36,16,44.44,5,94,4,4,87,61.7,134,386,553,939,149.0,4,0,1185,7,4,1,Jon Pacheco,Deportivo Alavés,934383,2885,spain,2526,20260428
8,0,0.0,31,10,83.33,56,32,88,77.88,7,36.84,12,7,0,0,0,0,14,0,1,1,0,2,7,0,0,5,2,29,0,1,0.09,0.66,7,0,28.57,0,2,2,10,9,1,2,0,,14,45.16,1,0,0,25,1,4,0,6,541,1,1.0,0,0,0,0,0.0,0,0,0,0,50,3,0,6.77,0,1,0,0,0,0,0,0,270.5,0.0,0,5,2,3,3,3,37.5,0,3,1,33.33,4,12,8,2,21,42.0,12,76,37,113,47.4,7,0,180,8,1,0,Neal Maupay,Sevilla,268903,2833,spain,2526,20260428
2,0,0.0,1,2,33.33,12,44,56,76.71,14,63.64,8,12,0,0,0,0,7,0,0,0,0,29,10,0,0,0,0,9,0,0,0.01,0.72,1,0,50.0,3,1,1,5,4,1,1,0,,6,85.71,0,0,0,17,1,0,0,1,226,0,5.0,0,0,0,0,0.0,0,0,0,0,19,0,0,6.77,0,1,0,0,0,0,0,0,226.0,0.0,0,2,0,1,1,1,100.0,0,4,1,25.0,0,7,1,0,20,68.97,6,25,48,73,67.7,2,0,125,1,0,0,Miguel Rubio,Espanyol,934351,2814,spain,2526,20260428
25,11,50.0,166,36,69.23,337,364,701,88.4,14,32.56,29,29,2,0,0,0,74,2,1,3,1,9,29,0,0,8,7,83,0,3,1.57,1.7,35,0,29.41,0,5,7,39,38,1,5,0,,64,54.24,1,0,0,92,19,18,1,24,1897,3,1.0,0,0,0,1,0.0,0,0,0,0,146,2,0,6.77,0,3,0,0,0,0,0,0,379.4,0.0,0,12,5,6,8,6,46.15,0,33,20,60.61,18,40,13,22,78,48.45,52,396,397,793,196.3,17,1,1027,25,5,0,Djibril Sow,Sevilla,799054,2833,spain,2526,20260428
25,10,23.81,141,25,42.37,280,251,531,80.7,7,31.82,15,24,2,0,0,0,74,4,1,2,5,31,23,0,0,7,20,65,0,2,1.3,0.41,14,0,18.18,0,2,4,17,12,5,0,2,,55,52.38,0,0,0,127,13,16,0,12,1212,2,4.0,0,0,0,0,0.0,0,0,0,0,232,5,0,6.77,0,2,0,0,0,0,0,0,606.0,0.0,0,2,9,6,3,13,56.52,0,38,21,55.26,16,54,23,42,62,48.82,59,356,302,658,155.6,11,0,1009,4,4,0,Nahuel Molina,Atlético Madrid,831799,2836,spain,2526,20260428
15,18,26.47,82,29,40.28,162,218,380,77.55,2,20.0,8,24,3,0,0,0,73,6,1,3,2,36,23,0,0,13,13,66,1,1,2.27,1.09,25,0,10.0,0,1,4,19,16,3,1,0,,76,56.72,0,0,0,110,24,19,1,16,1460,4,6.0,0,0,0,1,0.0,0,0,0,0,221,4,0,6.77,0,0,0,0,0,0,0,0,1460.0,0.0,0,7,3,4,3,18,64.29,0,37,27,72.97,19,31,28,68,78,54.17,72,237,253,490,155.6,10,2,900,21,8,0,Alfonso Pedraza,Villarreal,797290,2819,spain,2526,20260428
21,2,28.57,103,18,85.71,218,174,392,93.33,5,41.67,7,14,0,0,0,0,28,3,1,1,1,20,14,0,0,3,10,28,0,1,1.76,0.36,7,0,0.0,0,0,0,9,8,1,0,0,,20,48.78,0,0,1,28,4,8,0,8,776,0,6.0,0,0,0,1,0.0,0,0,0,0,55,4,0,6.76,0,0,0,0,0,0,0,0,0.0,0.0,0,3,2,3,1,1,33.33,0,11,8,72.73,8,23,3,7,25,47.17,21,236,184,420,94.7,5,0,573,8,0,0,Dani Carvajal,Real Madrid,138572,2829,spain,2526,20260428
15,0,0.0,101,15,51.72,175,119,294,73.32,17,50.0,17,30,2,0,0,0,39,3,6,7,0,16,30,0,0,26,9,93,0,1,1.55,9.74,33,0,28.57,0,12,14,24,23,1,10,2,,43,36.13,1,0,0,107,0,17,5,18,1658,20,5.0,0,0,4,0,100.0,0,4,0,3,206,7,0,6.76,0,6,0,0,0,0,0,0,138.17,0.0,0,29,13,12,23,11,52.38,0,7,5,71.43,17,26,21,3,60,39.22,29,256,145,401,202.9,42,1,645,25,7,0,Borja Iglesias,Celta Vigo,785989,2821,spain,2526,20260428
38,3,17.65,100,72,46.45,371,699,1070,87.06,41,48.81,43,31,0,0,0,0,96,1,1,4,3,152,31,0,0,7,15,102,1,1,0.4,1.31,25,0,5.56,0,1,1,46,40,6,1,0,,96,61.94,0,0,1,159,38,6,1,31,2789,3,28.0,0,0,0,1,0.0,0,0,0,1,228,3,0,6.76,0,0,0,0,0,0,0,0,2789.0,0.0,0,16,2,9,5,9,42.86,0,53,37,69.81,6,76,21,17,137,57.32,155,486,743,1229,209.6,18,1,1750,34,2,0,Nahuel Tenaglia,Deportivo Alavés,896073,2885,spain,2526,20260428
11,2,40.0,91,13,52.0,198,279,477,86.1,23,54.76,19,19,0,0,0,0,54,0,1,2,2,34,18,0,0,6,17,57,0,2,0.46,0.8,12,0,11.11,0,1,1,25,25,0,1,0,,43,53.09,0,0,0,77,12,6,1,15,1339,1,7.0,0,0,0,1,0.0,0,0,0,0,114,2,0,6.76,0,0,0,0,0,0,0,0,1339.0,0.0,0,6,3,3,4,4,50.0,0,36,25,69.44,6,19,8,5,66,53.66,25,246,308,554,121.7,9,1,744,3,2,0,Leander Dendoncker,Real Oviedo,190405,2851,spain,2526,20260428
21,19,28.36,170,29,59.18,332,188,520,84.01,4,17.39,19,30,3,0,0,0,63,3,3,4,0,12,30,0,0,16,12,86,0,1,2.36,1.18,24,0,17.65,0,3,6,24,21,3,1,2,,56,45.53,0,0,1,99,8,27,2,15,1304,1,2.0,0,0,0,0,0.0,0,0,0,0,209,4,0,6.76,0,1,0,0,0,0,0,0,434.67,0.0,2,5,12,4,9,10,38.46,0,15,11,73.33,27,43,26,67,60,41.1,49,402,217,619,202.8,17,1,892,31,3,0,Pablo Torre,Mallorca,1082981,2826,spain,2526,20260428
5,15,25.0,91,8,88.89,141,53,194,88.99,0,0.0,4,16,2,0,0,0,23,3,0,1,0,4,15,0,0,1,2,17,0,0,2.09,0.26,5,0,0.0,0,0,2,7,5,2,0,0,,19,59.38,0,0,0,24,4,17,0,4,518,1,1.0,0,0,0,0,0.0,0,0,0,0,83,2,0,6.76,0,0,0,0,0,0,0,0,0.0,0.0,0,2,1,1,1,5,50.0,0,9,6,66.67,17,9,10,60,19,52.78,9,164,54,218,101.4,3,0,351,5,2,0,Josan,Elche,808955,2846,spain,2526,20260428
57,0,0.0,93,89,62.24,281,411,692,88.27,22,48.89,23,15,1,0,0,0,40,2,0,1,4,66,15,0,0,1,6,46,1,0,0.42,0.2,18,0,0.0,11,0,1,15,15,0,0,0,,20,46.51,0,0,0,92,18,4,0,15,1178,0,5.0,0,0,0,0,0.0,0,0,0,0,103,0,0,6.76,1,0,0,0,0,0,0,0,0.0,0.0,0,2,1,2,0,2,100.0,0,13,7,53.85,4,84,2,2,42,47.73,143,340,444,784,101.4,3,0,927,6,4,1,Clément Lenglet,Atlético Madrid,580550,2836,spain,2526,20260428
21,1,50.0,56,30,37.5,196,526,722,87.41,24,51.06,23,20,0,0,0,0,54,1,0,0,3,94,20,0,0,2,31,90,1,0,0.15,0.02,31,0,0.0,19,0,0,21,19,2,0,0,,77,53.47,0,0,0,104,18,4,0,20,1663,1,13.0,1,0,0,0,0.0,0,0,0,0,127,0,0,6.76,0,0,0,0,0,0,0,0,0.0,0.0,0,0,1,0,1,6,60.0,0,61,34,55.74,4,44,10,2,101,52.88,80,254,572,826,135.2,1,0,1158,10,4,0,Pau Navarro,Villarreal,1525863,2819,spain,2526,20260428
23,0,0.0,143,36,38.3,329,343,672,75.25,90,75.0,30,29,1,0,0,0,101,1,1,3,2,42,27,0,0,7,9,75,0,2,0.68,1.21,29,0,0.0,0,0,1,30,24,6,0,0,,61,57.55,0,0,1,221,24,11,0,27,1996,0,5.0,0,0,0,0,0.0,0,0,0,0,262,3,0,6.76,0,0,0,0,0,0,0,0,0.0,0.0,0,11,9,12,5,8,66.67,0,30,14,46.67,11,51,12,2,151,66.81,94,495,398,893,182.5,20,0,1136,25,6,0,Lucas Torro,Osasuna,187313,2820,spain,2526,20260428
19,7,16.28,109,22,36.07,194,157,351,71.05,15,48.39,16,25,0,0,0,0,72,4,3,4,1,27,23,0,0,11,31,81,0,2,2.0,1.57,18,0,11.11,0,2,2,20,18,2,1,1,,77,54.23,0,0,0,143,13,14,2,12,1214,8,4.0,0,0,0,1,0.0,0,0,0,0,241,5,0,6.76,0,0,0,0,0,0,0,0,607.0,0.0,0,10,8,6,8,14,66.67,0,39,25,64.1,14,46,21,43,92,53.18,61,300,194,494,155.4,18,0,876,24,2,0,Pacha,Rayo Vallecano,542634,2818,spain,2526,20260428
17,19,27.14,140,20,37.04,249,264,513,80.41,18,51.43,17,27,3,0,0,0,63,4,0,1,6,51,27,0,0,8,25,81,1,2,2.57,0.95,24,0,6.67,0,1,4,23,21,2,1,0,,66,50.77,0,0,0,125,32,18,1,18,1749,1,9.0,0,1,0,0,0.0,0,0,0,0,241,5,0,6.76,0,0,0,0,0,0,0,0,1749.0,0.0,0,13,2,10,4,3,27.27,0,45,30,66.67,17,39,11,70,84,50.91,54,324,314,638,182.4,15,2,1155,20,4,0,Sergi Cardona,Villarreal,986245,2819,spain,2526,20260428
19,0,0.0,29,47,45.19,73,177,250,71.63,18,62.07,11,19,2,0,0,0,41,3,1,1,0,61,18,0,1,3,6,46,0,1,0.38,0.3,23,0,0.0,0,0,2,12,9,3,0,0,,69,66.35,0,0,0,99,19,4,0,14,1169,1,7.0,0,0,0,1,0.0,0,0,0,0,119,1,0,6.76,1,0,0,0,0,0,0,0,0.0,0.0,0,6,1,5,1,2,33.33,0,35,18,51.43,4,51,6,2,87,65.41,104,155,194,349,121.6,7,0,578,32,8,0,Abdel Abqar,Getafe,1101232,2859,spain,2526,20260428
10,1,50.0,43,39,45.88,147,449,596,88.43,29,60.42,19,18,1,0,0,0,49,0,0,1,3,80,18,0,0,2,5,48,0,0,0.19,0.13,22,0,0.0,10,0,1,21,19,2,0,0,,32,52.46,0,0,0,78,10,4,0,14,1222,2,5.0,0,0,0,0,0.0,0,0,0,0,93,0,0,6.76,0,0,0,0,0,0,0,0,0.0,0.0,0,1,2,1,1,1,100.0,0,26,12,46.15,4,32,1,2,61,55.96,85,205,469,674,121.6,3,1,856,6,5,0,Clemens Riedel,Espanyol,1129360,2814,spain,2526,20260428
31,15,21.74,116,22,37.93,225,155,380,74.07,27,56.25,21,28,3,0,0,0,63,3,3,8,2,20,28,0,1,17,18,85,0,0,2.15,1.25,19,0,5.0,0,1,4,21,18,3,0,1,,52,44.83,0,0,1,133,11,21,1,13,1311,0,8.0,0,0,0,0,0.0,0,0,0,0,235,7,0,6.75,1,0,0,0,0,0,0,0,1311.0,0.0,1,7,13,6,6,8,42.11,0,21,10,47.62,21,61,19,69,79,48.17,58,328,185,513,189.1,20,0,789,23,3,0,Jon Ander Olasagasti,Levante UD,1010383,2849,spain,2526,20260428
34,3,30.0,148,33,48.53,305,184,489,74.43,48,45.71,57,32,2,0,0,0,130,1,4,12,10,32,32,0,0,44,33,207,0,0,0.72,6.11,55,0,11.32,0,6,8,33,28,5,6,0,,144,48.98,2,0,2,168,22,17,1,32,2805,4,5.0,0,0,2,0,100.0,0,2,0,0,309,16,0,6.75,0,3,0,0,0,0,0,0,467.5,0.0,1,40,13,24,17,27,51.92,0,61,39,63.93,17,67,52,10,192,48.12,68,439,218,657,216.1,53,0,1182,56,6,0,Mauro Arambarri,Getafe,385888,2859,spain,2526,20260428
7,5,19.23,311,15,57.69,580,402,982,92.12,10,52.63,9,24,2,0,0,0,84,4,0,1,3,21,24,0,0,18,5,60,0,1,2.0,0.3,14,0,0.0,0,0,2,19,18,1,0,0,,76,59.84,0,0,0,84,5,22,0,19,1658,4,9.0,0,1,0,1,0.0,0,0,0,1,172,9,0,6.75,0,0,0,0,0,0,0,0,0.0,0.0,0,5,3,6,1,21,58.33,0,33,21,63.64,21,22,36,26,86,58.9,26,630,436,1066,162.0,8,0,1436,22,2,0,Alejandro Balde,FC Barcelona,997035,2817,spain,2526,20260428
2,0,0.0,3,2,100.0,5,1,6,60.0,1,100.0,0,2,0,0,0,0,2,0,0,0,0,1,2,0,0,1,0,1,0,0,0.02,,0,0,0.0,0,0,0,1,0,1,0,0,,2,66.67,0,0,0,4,0,0,0,0,16,0,,0,0,0,0,0.0,0,0,0,0,5,0,0,6.75,0,0,0,0,0,0,0,0,0.0,0.0,0,0,0,0,0,1,100.0,0,0,0,0.0,0,2,1,0,3,75.0,2,7,3,10,13.5,0,0,16,1,0,0,Jan Salas,Mallorca,1905699,2826,spain,2526,20260428
32,0,0.0,111,73,44.51,311,855,1166,87.8,44,63.77,25,29,0,0,0,0,75,0,0,3,5,138,29,0,1,2,11,57,0,1,0.25,0.17,19,0,0.0,24,0,0,32,30,2,0,0,,21,39.62,0,0,0,162,22,2,0,24,2215,3,24.0,0,0,0,1,0.0,0,0,0,0,191,1,0,6.75,1,0,0,0,0,0,0,0,0.0,0.0,0,4,4,2,3,0,0.0,0,17,7,41.18,2,74,4,2,65,53.28,164,414,914,1328,195.7,8,0,1627,4,3,0,Renato Veiga,Villarreal,1087359,2819,spain,2526,20260428
4,2,7.69,116,3,42.86,176,74,250,83.06,4,23.53,13,27,1,0,0,0,49,1,3,14,0,11,27,0,1,23,10,99,0,1,1.06,2.94,11,0,8.57,0,3,4,21,18,3,2,1,,83,49.11,0,0,0,51,2,10,0,11,1102,3,1.0,0,0,0,0,0.0,0,0,0,1,187,3,0,6.75,1,3,0,0,0,0,0,0,367.33,0.0,0,22,13,9,12,31,41.89,0,20,10,50.0,10,8,74,26,87,46.77,7,212,89,301,182.2,35,1,622,32,3,0,Joel Roca,Girona FC,1391616,24264,spain,2526,20260428
6,12,27.91,84,3,60.0,148,84,232,88.21,0,0.0,2,18,1,0,0,0,14,3,3,2,0,3,15,0,0,7,1,28,0,1,1.47,1.28,5,0,5.56,0,1,2,6,6,0,1,0,,29,52.73,0,0,0,31,2,14,0,5,510,0,0.0,0,1,0,0,0.0,0,0,0,0,95,2,0,6.75,0,1,0,0,0,0,0,0,510.0,0.0,0,11,7,5,11,18,58.06,0,5,4,80.0,13,11,31,43,29,50.88,5,174,89,263,101.2,18,0,410,6,0,0,Roony Bardghji,FC Barcelona,1162107,2817,spain,2526,20260428
12,5,33.33,68,15,30.0,151,137,288,79.56,7,63.64,4,15,1,0,0,0,46,2,2,3,1,29,15,0,0,2,10,33,0,0,1.09,0.92,10,0,0.0,0,0,1,21,19,2,0,0,,58,66.67,0,0,0,74,15,8,0,10,968,2,4.0,0,0,0,1,0.0,0,0,0,0,125,2,0,6.75,0,0,0,0,0,0,0,0,0.0,0.0,0,4,4,3,2,11,57.89,0,44,28,63.64,8,29,19,15,65,66.33,50,198,164,362,101.2,8,0,649,3,2,0,Lucas Ahijado,Real Oviedo,597876,2851,spain,2526,20260428
15,8,33.33,105,21,39.62,193,128,321,76.07,11,61.11,7,24,0,0,0,0,61,0,0,1,3,43,24,0,1,11,17,63,0,0,1.18,0.63,16,0,9.09,0,1,1,21,16,5,0,1,,60,51.72,0,0,0,101,15,9,1,15,1459,1,5.0,0,0,0,0,0.0,0,0,0,1,202,2,0,6.75,1,0,0,0,0,0,0,0,1459.0,0.0,0,5,6,7,3,13,52.0,0,30,11,36.67,9,38,25,24,71,52.99,53,259,163,422,161.9,11,1,806,17,5,0,Abel Bretones,Osasuna,1010165,2820,spain,2526,20260428
76,1,50.0,82,105,47.95,241,597,838,82.4,62,68.13,29,22,0,0,0,0,60,1,0,2,3,149,22,0,0,2,12,62,2,1,0.47,0.91,20,0,10.0,9,1,1,35,30,5,1,0,,39,54.17,0,0,0,179,21,7,1,20,1787,0,18.0,0,0,0,1,0.0,0,0,0,0,194,1,0,6.75,1,0,0,0,0,0,0,0,1787.0,0.0,0,8,2,5,3,2,66.67,0,34,17,50.0,7,139,3,2,101,61.96,219,374,643,1017,148.4,10,1,1313,4,6,1,David Carmo,Real Oviedo,892235,2851,spain,2526,20260428
8,2,28.57,40,6,85.71,86,50,136,69.74,37,56.06,29,31,0,0,0,0,24,0,5,3,1,12,31,0,1,14,1,70,0,0,1.03,5.57,11,1,18.75,0,6,6,15,11,4,5,1,,37,47.44,0,0,0,59,7,7,1,5,842,5,1.0,0,0,0,0,0.0,0,0,0,0,120,7,0,6.75,1,5,0,0,0,0,0,0,140.33,100.0,1,30,2,9,20,12,44.44,0,14,12,85.71,7,12,27,7,74,51.39,7,136,59,195,209.1,32,0,369,11,2,0,Raúl García de Haro,Osasuna,997280,2820,spain,2526,20260428
9,18,25.71,121,21,50.0,198,116,314,70.25,18,52.94,16,19,5,0,0,0,70,4,0,12,0,11,19,0,0,15,8,69,0,2,1.86,2.5,11,0,10.0,0,3,8,23,20,3,2,1,,43,44.79,0,0,0,133,7,19,2,16,1311,6,1.0,0,0,1,0,100.0,0,1,0,0,280,11,0,6.74,0,1,0,0,0,0,0,0,437.0,0.0,1,20,10,12,6,17,44.74,0,14,12,85.71,19,27,38,70,61,46.92,42,299,148,447,128.1,30,0,747,12,1,0,Ruben Vargas,Sevilla,872919,2833,spain,2526,20260428
20,0,0.0,203,25,65.79,436,354,790,87.88,15,34.88,28,32,2,0,0,0,86,4,2,4,5,25,32,0,0,21,20,110,2,3,1.66,1.31,29,0,6.25,0,1,3,28,26,2,1,0,,140,63.06,0,0,0,109,16,15,1,22,2135,0,6.0,0,0,0,0,0.0,0,0,0,1,192,8,0,6.74,0,0,0,0,0,0,0,0,2135.0,0.0,0,6,10,8,4,12,48.0,0,76,39,51.32,15,38,25,2,155,58.49,38,513,386,899,215.6,16,0,1262,52,6,0,Ilaix Moriba,Celta Vigo,962890,2821,spain,2526,20260428
27,0,0.0,203,36,55.38,502,515,1017,86.41,28,45.16,34,27,3,0,0,0,116,2,0,5,1,41,27,0,0,15,24,106,0,3,0.52,0.7,29,0,9.09,0,1,4,37,34,3,1,0,,71,49.65,0,0,0,160,33,15,0,23,2023,0,9.0,1,0,0,0,0.0,0,0,0,0,208,8,0,6.74,0,1,0,0,0,0,0,0,2023.0,0.0,0,3,8,5,1,9,69.23,0,40,25,62.5,15,48,13,4,99,48.29,65,613,564,1177,181.9,11,0,1465,22,6,0,Jon Gorrotxategi,Real Sociedad,1216309,2824,spain,2526,20260428
3,5,26.32,41,9,34.62,96,112,208,83.2,1,14.29,6,13,0,0,0,0,29,1,0,1,0,16,11,0,0,5,8,37,0,0,0.81,0.04,9,0,0.0,0,0,0,9,7,2,0,0,,43,58.11,0,0,0,42,3,6,0,7,582,0,4.0,0,0,0,0,0.0,0,0,0,0,90,0,0,6.74,0,0,0,0,0,0,0,0,0.0,0.0,0,0,1,0,0,7,41.18,0,27,18,66.67,6,9,17,19,44,54.32,26,117,133,250,74.1,1,0,427,9,1,0,Angel Ortiz,Real Betis,1152139,2816,spain,2526,20260428
15,2,14.29,110,20,62.5,202,108,310,82.89,3,37.5,5,12,0,0,0,0,41,2,1,3,0,6,12,0,0,13,6,51,1,1,0.79,0.82,17,0,11.11,0,1,1,14,12,2,1,0,,39,45.88,0,0,1,64,3,7,1,8,741,0,1.0,0,1,0,0,0.0,0,0,0,0,125,3,0,6.73,0,0,0,0,0,0,0,0,741.0,0.0,0,4,5,3,3,19,61.29,0,8,4,50.0,6,21,31,14,42,45.16,32,246,128,374,80.8,9,1,521,12,2,0,Fer López,Celta Vigo,1526628,2821,spain,2526,20260428
15,2,100.0,155,15,48.39,417,322,739,91.12,6,54.55,5,21,1,0,0,0,37,0,1,8,3,7,18,0,0,5,8,42,0,0,0.64,0.84,22,0,0.0,0,0,1,8,7,1,0,0,,38,50.67,0,0,1,72,7,11,0,9,912,0,3.0,0,0,0,0,0.0,0,0,0,0,97,1,0,6.73,0,0,0,0,0,0,0,0,0.0,0.0,0,4,6,2,0,2,33.33,0,17,9,52.94,11,36,6,2,44,51.16,31,467,344,811,121.2,10,0,949,19,1,0,Marc Casadó,FC Barcelona,1000483,2817,spain,2526,20260428
2,0,0.0,20,1,25.0,49,22,71,82.56,3,50.0,3,4,0,0,0,0,5,0,0,1,0,2,3,0,0,1,2,8,0,0,0.09,0.08,3,0,0.0,0,0,0,3,2,1,0,0,,7,58.33,0,0,0,15,2,0,0,2,126,0,0.0,0,0,0,0,0.0,0,0,0,0,17,1,0,6.73,0,0,0,0,0,0,0,0,0.0,0.0,0,0,2,1,0,0,0.0,0,7,5,71.43,0,5,0,1,10,55.56,4,59,27,86,20.2,2,0,102,0,0,0,Matias Vecino,Celta Vigo,158615,2821,spain,2526,20260428
29,0,0.0,243,51,47.22,630,783,1413,90.69,21,43.75,27,28,1,0,0,0,60,1,1,3,5,81,28,0,0,10,18,87,1,3,0.74,0.64,30,0,0.0,0,0,1,28,25,3,0,0,,64,51.61,0,0,0,145,22,8,0,23,2111,1,12.0,0,0,0,1,0.0,0,0,0,0,183,2,0,6.73,0,0,0,0,0,0,0,0,0.0,0.0,0,8,3,6,2,6,60.0,0,32,21,65.63,8,54,10,1,85,49.42,108,713,845,1558,188.4,11,0,1883,27,5,0,Javi Rodríguez,Celta Vigo,1526627,2821,spain,2526,20260428
18,12,26.67,202,20,71.43,325,192,517,87.78,2,50.0,2,23,1,0,0,0,53,1,1,6,0,2,23,0,0,28,15,76,0,0,1.36,1.88,18,0,18.75,0,3,4,16,15,1,1,2,,60,44.78,0,0,1,72,3,19,2,13,1151,0,2.0,0,1,0,0,0.0,0,0,0,0,182,9,0,6.73,0,1,0,0,0,0,0,0,383.67,0.0,1,5,11,2,8,19,57.58,0,21,12,57.14,18,29,33,45,62,44.93,28,380,209,589,154.7,16,0,835,20,2,0,Thomas Lemar,Girona FC,191182,24264,spain,2526,20260428
38,29,27.62,281,44,57.89,440,279,719,82.45,21,41.18,30,31,3,0,0,1,96,9,6,16,1,23,31,0,1,41,23,152,0,1,3.96,5.3,36,0,5.66,0,3,6,28,26,2,3,0,,102,45.54,0,0,3,153,3,39,3,27,2262,6,6.0,0,0,3,0,66.67,0,2,0,0,364,9,0,6.73,1,0,0,0,0,0,0,0,754.0,0.0,2,19,34,21,16,23,47.92,0,29,14,48.28,39,62,48,105,123,44.73,76,564,308,872,208.5,53,0,1403,51,10,0,Isi Palazón,Rayo Vallecano,899982,2818,spain,2526,20260428
3,0,0.0,40,1,33.33,65,18,83,83.84,2,50.0,2,8,0,0,0,0,17,1,1,4,0,0,8,0,0,9,2,18,0,0,0.25,1.81,3,0,14.29,0,2,2,6,5,1,2,0,,10,38.46,1,0,0,16,1,4,0,5,356,4,0.0,0,0,0,0,0.0,0,0,0,0,43,3,0,6.73,0,1,0,0,0,0,0,0,178.0,0.0,0,10,4,7,3,5,62.5,0,2,1,50.0,4,3,8,6,12,40.0,3,80,19,99,53.8,14,0,162,3,1,0,Ademola Lookman,Atlético Madrid,824200,2836,spain,2526,20260428
16,1,25.0,96,23,57.5,188,153,341,84.62,14,51.85,13,17,0,0,0,0,42,0,0,1,0,19,17,0,0,6,14,54,0,0,0.27,0.33,16,0,0.0,0,0,0,10,8,2,0,0,,34,45.33,0,0,0,62,10,5,0,7,859,1,1.0,0,0,0,0,0.0,0,0,0,0,85,5,0,6.72,0,0,0,0,0,0,0,0,0.0,0.0,1,1,7,4,3,3,37.5,0,12,8,66.67,5,30,8,4,48,47.06,40,235,168,403,114.3,8,0,529,20,4,0,Iker Muñoz,Osasuna,1119586,2820,spain,2526,20260428
5,1,33.33,22,20,50.0,99,184,283,86.28,11,50.0,11,9,0,0,0,0,31,0,1,2,3,32,9,0,0,1,6,27,0,0,0.36,0.21,8,0,0.0,0,0,0,8,8,0,0,0,,23,58.97,0,0,1,45,7,1,0,8,674,0,5.0,0,0,0,0,0.0,0,0,0,0,64,2,0,6.72,0,0,0,0,0,0,0,0,0.0,0.0,0,3,2,3,0,0,0.0,0,17,10,58.82,1,18,2,3,34,55.74,40,124,204,328,60.5,5,0,466,7,2,0,Unai Núñez,Valencia,892521,2828,spain,2526,20260428
38,27,31.4,202,33,52.38,377,301,678,83.91,10,35.71,18,24,1,0,0,0,90,4,0,1,3,41,23,0,0,15,21,87,1,1,2.88,0.42,26,0,0.0,0,0,1,32,29,3,0,0,,94,57.67,0,0,0,130,20,34,0,20,1672,2,4.0,0,0,0,1,0.0,0,0,0,0,291,6,0,6.72,0,0,0,0,0,0,0,0,0.0,0.0,0,4,0,1,2,13,56.52,0,69,56,81.16,34,63,23,86,104,54.45,63,475,333,808,154.6,4,0,1323,12,7,0,Gabriel Suazo,Sevilla,818986,2833,spain,2526,20260428
0,2,28.57,69,3,42.86,124,59,183,76.89,2,14.29,12,24,3,0,0,0,26,2,3,6,0,5,24,0,0,16,14,82,0,0,1.05,3.46,25,0,20.0,0,4,7,14,14,0,4,0,,62,46.97,1,0,0,55,2,8,0,10,1009,6,1.0,0,0,0,0,0.0,0,0,0,0,116,7,0,6.72,0,3,0,0,0,0,0,0,252.25,0.0,0,17,3,3,11,8,33.33,0,23,16,69.57,8,5,24,7,64,43.84,7,162,76,238,161.3,20,1,423,31,2,0,Williot Swedberg,Celta Vigo,1126779,2821,spain,2526,20260428
14,8,33.33,187,23,44.23,373,245,618,86.68,3,30.0,7,25,2,0,0,0,77,2,2,3,1,11,25,0,0,17,23,86,0,1,1.41,0.9,18,0,14.29,0,1,3,18,15,3,1,0,,62,43.97,0,0,1,95,6,18,0,12,1176,0,3.0,0,0,0,0,0.0,0,0,0,0,170,6,0,6.72,0,1,0,0,0,0,0,0,1176.0,0.0,0,4,3,1,3,21,50.0,0,20,10,50.0,18,33,42,24,65,43.05,52,446,267,713,168.0,7,0,922,21,6,0,Denis Suarez,Deportivo Alavés,138383,2885,spain,2526,20260428
5,11,29.73,54,11,84.62,79,50,129,85.43,2,28.57,5,15,0,0,0,0,26,2,0,5,0,4,15,0,0,10,2,36,0,0,1.4,0.58,10,0,0.0,0,0,0,14,13,1,0,0,,29,48.33,0,0,0,22,5,12,0,6,605,5,1.0,0,0,0,0,0.0,0,0,0,1,91,4,0,6.72,0,0,0,0,0,0,0,0,0.0,0.0,1,5,10,5,5,13,59.09,0,8,3,37.5,12,9,22,37,31,46.27,13,94,57,151,100.8,15,0,306,8,0,0,Yáser Asprilla,Girona FC,1092769,24264,spain,2526,20260428
4,1,12.5,40,9,52.94,76,70,146,84.88,3,37.5,5,11,0,0,0,0,14,0,1,0,0,4,10,0,0,0,1,14,0,0,0.25,0.33,6,0,0.0,0,0,0,5,4,1,0,0,,14,60.87,0,0,0,26,4,2,0,3,343,0,3.0,0,0,0,0,0.0,0,0,0,0,42,0,0,6.72,0,0,0,0,0,0,0,0,0.0,0.0,0,1,1,2,0,3,60.0,0,8,5,62.5,2,7,5,8,17,54.84,17,99,73,172,67.2,2,0,259,3,2,0,Ivan Balliu,Rayo Vallecano,152446,2818,spain,2526,20260428
12,16,21.05,93,18,48.65,158,114,272,74.52,13,46.43,15,16,3,0,0,0,41,3,1,3,1,13,16,0,0,12,13,57,0,1,1.1,1.03,10,0,9.09,0,1,4,18,17,1,1,0,,46,52.27,0,0,2,93,5,17,0,11,1137,4,3.0,0,0,0,1,0.0,0,0,0,0,215,2,0,6.72,0,1,0,0,0,0,0,0,1137.0,0.0,1,8,3,4,4,10,55.56,0,22,17,77.27,17,30,18,76,59,50.86,37,225,140,365,107.5,11,0,665,14,1,0,Oso,Sevilla,1534422,2833,spain,2526,20260428
12,22,22.68,166,4,28.57,292,137,429,83.63,10,33.33,20,32,4,0,0,0,91,6,2,11,1,10,32,0,0,30,20,140,0,0,3.67,2.19,32,0,3.45,0,1,5,34,30,4,1,0,,122,50.41,0,0,1,84,16,27,0,25,2147,5,1.0,0,0,0,0,0.0,0,0,0,2,330,15,0,6.72,1,1,0,0,0,0,0,0,2147.0,0.0,0,16,13,9,9,31,40.26,0,50,31,62.0,27,29,77,97,132,48.53,14,354,159,513,214.9,29,0,1052,41,4,1,Tyrhys Dolan,Espanyol,1063015,2814,spain,2526,20260428
50,7,29.17,292,58,50.43,665,783,1448,86.6,25,56.82,19,32,0,0,0,0,148,2,2,1,3,60,32,0,0,30,30,117,0,2,1.83,0.55,34,0,0.0,0,0,0,47,41,6,0,0,,115,53.99,0,0,1,224,38,17,0,32,2818,1,12.0,0,0,0,0,0.0,0,0,0,0,351,11,0,6.71,0,0,0,0,0,0,0,0,0.0,0.0,0,5,4,5,3,24,75.0,0,62,37,59.68,17,86,32,24,140,54.47,115,808,864,1672,214.8,9,0,2355,29,6,0,Jonny Otto,Deportivo Alavés,235648,2885,spain,2526,20260428
6,0,0.0,22,4,26.67,87,125,212,92.98,5,50.0,5,9,0,0,0,0,8,0,0,1,0,12,8,0,0,0,2,8,0,0,0.06,0.19,1,0,0.0,2,0,0,4,3,1,0,0,,5,62.5,0,0,0,16,0,0,0,3,268,0,4.0,0,0,0,0,0.0,0,0,0,0,17,0,0,6.71,0,0,0,0,0,0,0,0,0.0,0.0,1,1,2,1,1,0,0.0,0,5,4,80.0,0,15,0,0,10,55.56,15,98,130,228,53.7,3,0,257,0,1,0,David Alaba,Real Madrid,66492,2829,spain,2526,20260428
21,5,16.67,128,19,47.5,215,140,355,72.45,23,44.23,29,29,0,0,0,0,63,4,7,10,1,13,29,0,1,27,32,120,0,0,2.16,6.62,23,0,10.91,0,6,6,22,21,1,6,0,,73,44.51,3,0,0,135,15,31,3,23,1824,9,3.0,0,0,0,0,0.0,0,0,0,0,240,16,0,6.71,1,0,0,0,0,0,0,0,304.0,0.0,7,35,20,26,19,7,38.89,0,34,21,61.76,31,40,18,30,96,44.44,40,322,168,490,194.6,55,0,834,35,6,0,Pere Milla,Espanyol,175185,2814,spain,2526,20260428
7,0,0.0,64,7,70.0,129,113,242,70.55,40,32.52,83,31,0,0,0,0,36,2,7,6,1,19,31,0,0,10,12,131,0,0,0.8,7.44,16,0,28.13,0,9,9,27,25,2,9,0,,49,50.52,3,0,1,101,4,15,5,18,1674,5,6.0,0,0,1,0,100.0,0,1,0,1,167,5,0,6.71,0,1,0,0,0,0,0,0,186.0,0.0,0,32,0,14,12,3,20.0,0,14,9,64.29,15,9,15,0,89,40.45,10,205,138,343,208.0,32,0,573,32,5,0,Hugo Duro,Valencia,909119,2828,spain,2526,20260428
53,17,32.69,152,51,35.17,380,518,898,81.64,22,43.14,29,31,2,0,0,0,86,3,0,0,7,73,31,0,0,5,23,94,1,0,1.94,0.01,36,0,0.0,0,0,2,41,35,6,0,0,,90,58.06,0,0,0,202,34,15,0,28,2457,2,12.0,0,0,0,1,0.0,0,0,0,0,312,2,0,6.71,0,0,0,0,0,0,0,0,0.0,0.0,0,0,1,1,0,7,70.0,0,62,47,75.81,15,114,10,52,112,54.37,145,516,584,1100,207.9,1,0,1713,22,7,0,Omar El Hilali,Espanyol,1064026,2814,spain,2526,20260428
6,7,30.43,45,13,34.21,100,81,181,76.69,9,42.86,12,16,1,0,0,0,37,2,0,0,1,17,16,0,0,4,8,33,1,0,1.02,0.08,6,0,0.0,0,0,1,8,8,0,0,0,,28,57.14,0,0,0,55,9,6,0,4,547,0,4.0,0,0,0,2,0.0,0,0,0,0,109,2,0,6.71,0,0,0,0,0,0,0,0,0.0,0.0,0,2,3,5,0,14,73.68,0,6,6,100.0,6,20,19,23,37,52.86,38,142,94,236,107.3,5,0,424,9,2,0,Rubén Sánchez,Espanyol,1021165,2814,spain,2526,20260428
10,15,17.65,113,16,59.26,178,109,287,80.62,7,36.84,12,25,2,0,0,0,63,7,3,8,0,11,24,0,0,15,18,100,0,0,2.43,2.14,29,0,3.33,0,1,3,14,12,2,1,0,,65,42.48,0,0,1,69,11,24,0,10,1104,3,0.0,0,0,0,0,0.0,0,0,0,0,217,5,0,6.7,0,1,0,0,0,0,0,0,1104.0,0.0,1,17,13,12,10,12,30.77,0,31,13,41.94,24,17,39,85,72,41.86,27,234,122,356,160.9,30,1,702,22,5,0,Abderrahman Rebbach,Deportivo Alavés,1082968,2885,spain,2526,20260428
26,1,16.67,87,49,48.04,267,650,917,89.2,40,64.52,22,29,0,0,0,0,72,0,0,5,3,122,29,0,0,7,13,79,0,1,0.38,1.02,34,0,8.33,4,2,2,39,34,5,1,1,,47,45.19,1,0,0,111,20,5,1,23,2125,0,17.0,0,0,0,0,0.0,0,0,0,0,146,2,0,6.7,0,0,0,0,0,0,0,0,1062.5,0.0,5,5,19,13,6,4,40.0,0,33,22,66.67,5,48,10,6,87,52.41,102,343,685,1028,194.3,24,2,1348,10,8,0,Nemanja Gudelj,Sevilla,68332,2833,spain,2526,20260428
3,18,25.0,92,8,21.05,171,82,253,73.76,0,0.0,8,11,2,0,0,0,48,1,1,5,0,15,11,0,0,4,6,47,0,0,1.61,0.76,12,0,11.11,0,1,3,18,15,3,1,0,,37,48.68,0,0,0,90,6,18,1,9,840,3,1.0,0,0,0,0,0.0,0,0,0,0,189,5,0,6.7,0,0,0,0,0,0,0,0,840.0,0.0,0,7,2,1,3,12,40.0,0,13,10,76.92,18,24,30,72,37,44.05,38,238,105,343,73.7,9,0,594,12,3,0,Ángel Pérez,Deportivo Alavés,1513222,2885,spain,2526,20260428
2,2,28.57,28,7,58.33,67,38,105,82.68,6,60.0,4,10,2,0,0,0,15,0,1,5,0,7,10,0,0,5,3,24,0,0,0.18,0.55,4,0,10.0,0,1,3,4,3,1,1,0,,18,47.37,0,0,0,22,6,4,0,6,390,2,1.0,0,0,0,0,0.0,0,0,0,0,51,3,0,6.7,0,1,0,0,0,0,0,0,390.0,0.0,0,5,5,1,4,8,50.0,0,10,3,30.0,4,6,16,7,24,50.0,12,83,44,127,67.0,10,0,230,0,0,0,Hector Fort,Elche,1402908,2846,spain,2526,20260428
27,6,18.18,241,24,43.64,481,330,811,86.09,22,46.81,25,32,1,0,0,0,111,1,3,14,2,25,32,0,0,44,29,169,0,1,1.26,4.15,35,0,2.22,0,1,2,31,28,3,1,0,,136,48.57,0,0,1,131,20,19,0,25,2025,2,10.0,0,0,0,0,0.0,0,0,0,0,294,11,0,6.7,0,1,0,0,0,0,0,0,2025.0,0.0,0,20,25,19,12,31,45.59,0,47,29,61.7,19,49,68,33,158,48.32,55,579,363,942,214.4,45,0,1455,58,5,0,Pablo Ibáñez,Deportivo Alavés,1084381,2885,spain,2526,20260428
0,0,0.0,6,1,10.0,28,34,62,81.58,2,50.0,2,2,0,0,0,0,4,0,0,0,0,10,2,0,0,2,3,9,0,0,0.01,0.31,2,0,100.0,0,1,1,5,5,0,1,0,,5,41.67,1,0,0,14,0,1,0,2,180,0,1.0,0,0,0,0,0.0,0,0,0,0,23,0,0,6.7,0,0,0,0,0,0,0,0,180.0,0.0,0,1,0,0,1,1,100.0,0,3,1,33.33,1,5,1,3,7,43.75,10,42,34,76,13.4,1,0,119,1,0,0,Javier Boñar,Atlético Madrid,1142591,2836,spain,2526,20260428
8,12,21.43,56,7,26.92,106,79,185,74.0,14,48.28,15,19,1,0,0,0,47,2,1,3,0,15,19,0,0,6,7,55,0,1,0.97,1.12,12,0,0.0,0,0,1,11,9,2,0,0,,41,50.62,0,0,0,65,9,13,0,10,929,3,4.0,0,0,0,0,0.0,0,0,0,0,161,3,0,6.7,0,0,0,0,0,0,0,0,0.0,0.0,1,8,6,6,5,12,41.38,0,19,11,57.89,13,20,29,56,55,50.0,26,154,96,250,127.3,14,0,487,11,0,0,Víctor García,Levante UD,952222,2849,spain,2526,20260428
0,0,0.0,0,0,0.0,0,0,0,0.0,0,0.0,0,1,0,0,0,0,0,0,0,0,0,0,1,0,1,0,0,0,0,0,,,0,0,0.0,0,0,0,0,0,0,0,0,,2,100.0,0,0,0,0,0,0,0,0,11,0,0.0,0,0,0,0,0.0,0,0,0,0,1,0,0,6.7,1,0,0,0,0,0,0,0,0.0,0.0,0,0,0,0,0,1,100.0,0,0,0,0.0,0,0,1,0,2,100.0,0,0,0,0,6.7,0,0,4,1,0,0,Endrick,Real Madrid,1174937,2829,spain,2526,20260428
1,1,100.0,6,1,50.0,18,14,32,94.12,0,0.0,0,1,0,0,0,0,3,0,0,0,0,1,1,0,0,1,1,5,0,0,0.01,,3,0,0.0,0,0,0,1,1,0,0,0,,7,58.33,0,0,0,2,0,1,0,1,78,0,0.0,0,0,0,0,0.0,0,0,0,0,7,0,0,6.7,0,0,0,0,0,0,0,0,0.0,0.0,0,0,0,0,0,1,100.0,0,5,3,60.0,1,1,1,1,7,58.33,2,20,14,34,6.7,0,0,55,1,0,0,Víctor Valdepeñas,Real Madrid,1901143,2829,spain,2526,20260428
1,0,0.0,4,1,100.0,6,3,9,75.0,0,0.0,1,1,0,0,0,0,3,0,0,0,0,0,1,0,0,0,0,3,0,0,0.04,,0,0,0.0,0,0,0,0,0,0,0,0,,1,33.33,0,0,0,3,0,2,0,0,25,0,0.0,0,0,0,0,0.0,0,0,0,0,9,0,0,6.7,0,0,0,0,0,0,0,0,0.0,0.0,0,0,0,0,0,0,0.0,0,1,0,0.0,2,1,2,1,1,25.0,1,8,4,12,6.7,0,0,22,0,0,0,Job Ochieng,Real Sociedad,1111081,2824,spain,2526,20260428
0,0,0.0,1,0,0.0,1,0,1,100.0,1,100.0,0,1,0,0,0,0,0,0,0,0,0,2,1,0,0,0,0,0,0,0,0.0,,0,0,0.0,0,0,0,0,0,0,0,0,,0,0.0,0,0,0,0,0,0,0,0,9,0,0.0,0,0,0,0,0.0,0,0,0,0,1,0,0,6.7,0,0,0,0,0,0,0,0,0.0,0.0,0,0,0,0,0,0,0.0,0,0,0,0.0,0,0,0,0,1,100.0,0,1,0,1,6.7,0,0,4,0,0,0,Federico Gattoni,Sevilla,941464,2833,spain,2526,20260428
1,0,0.0,1,1,100.0,2,4,6,85.71,0,0.0,0,1,0,0,0,0,1,0,0,0,0,2,1,0,0,0,0,1,0,0,0.0,,0,0,0.0,0,0,0,0,0,0,0,0,,0,0.0,0,0,0,1,0,0,0,0,13,0,0.0,0,0,0,0,0.0,0,0,0,0,2,0,0,6.7,0,0,0,0,0,0,0,0,0.0,0.0,0,0,0,0,0,0,0.0,0,0,0,0.0,0,1,1,0,0,0.0,1,2,5,7,6.7,0,0,14,0,0,0,Omar Falah,Real Oviedo,2115056,2851,spain,2526,20260428
0,0,0.0,1,1,100.0,2,0,2,100.0,0,0.0,1,1,0,0,0,0,0,0,0,0,0,2,1,0,0,0,0,2,0,0,0.0,,1,0,0.0,0,0,0,0,0,0,0,0,,1,50.0,0,0,0,0,0,0,0,0,12,0,0.0,0,0,0,0,0.0,0,0,0,0,0,0,0,6.7,0,0,0,0,0,0,0,0,0.0,0.0,0,0,0,0,0,0,0.0,0,1,1,100.0,0,0,0,0,1,33.33,1,2,0,2,6.7,0,0,6,0,0,0,Rubén Iranzo,Valencia,1167704,2828,spain,2526,20260428
0,0,0.0,0,0,0.0,4,1,5,100.0,0,0.0,0,1,0,0,0,0,2,0,0,0,0,0,1,0,0,0,0,0,0,0,0.0,,0,0,0.0,0,0,0,0,0,0,0,0,,1,100.0,0,0,0,0,0,0,0,0,12,0,0.0,0,0,0,0,0.0,0,0,0,0,0,0,0,6.7,0,0,0,0,0,0,0,0,0.0,0.0,0,0,0,0,0,0,0.0,0,1,0,0.0,0,0,0,0,1,100.0,0,4,1,5,6.7,0,0,6,0,0,0,Hugo Burcio,Celta Vigo,1858279,2821,spain,2526,20260428
2,0,0.0,0,7,53.85,0,69,69,92.0,0,0.0,0,2,0,0,0,0,14,0,0,0,0,1,2,0,0,0,0,0,0,0,0.0,,0,0,0.0,6,0,0,2,2,0,0,0,0.54,0,0.0,0,1,0,6,0,0,0,2,180,0,0.0,0,0,0,0,0.0,0,0,0,0,6,0,1,6.7,0,0,0,3,1,4,0,0,0.0,0.0,0,0,0,0,0,0,0.0,0,0,0,0.0,0,2,0,0,0,0.0,13,3,72,75,13.4,0,0,85,0,0,0,Marc-André Ter Stegen,Girona FC,88625,24264,spain,2526,20260428
0,1,50.0,4,0,0.0,6,5,11,91.67,0,0.0,0,3,0,0,0,0,1,0,0,0,0,0,1,0,0,0,0,1,0,0,0.07,,1,0,0.0,0,0,0,0,0,0,0,0,,0,0.0,0,0,0,1,0,1,0,0,11,0,0.0,0,0,0,0,0.0,0,0,0,0,3,0,0,6.7,0,0,0,0,0,0,0,0,0.0,0.0,0,0,0,0,0,0,0.0,0,0,0,0.0,1,0,0,2,0,0.0,0,7,5,12,6.7,0,0,15,0,0,0,Samu Becerra,Rayo Vallecano,2198232,2818,spain,2526,20260428
11,0,0.0,4,28,31.11,13,71,84,57.14,0,0.0,0,5,0,0,0,0,38,0,0,0,0,3,5,0,0,0,0,0,0,0,0.01,,0,0,0.0,40,0,0,8,7,1,0,0,-1.54,1,100.0,0,5,0,63,0,0,0,5,450,0,0.0,0,0,0,0,0.0,2,0,0,0,64,0,1,6.7,0,0,1,9,2,11,1,2,0.0,0.0,0,0,0,0,0,0,0.0,1,1,1,100.0,0,20,0,0,1,100.0,90,63,84,147,33.5,0,0,188,0,0,0,Arnau Tenas,Villarreal,908714,2819,spain,2526,20260428
8,8,26.67,57,15,68.18,75,38,113,87.6,0,0.0,0,12,0,0,0,0,20,0,0,5,0,3,12,0,0,4,1,24,0,0,0.89,0.25,8,0,0.0,0,0,0,8,8,0,0,0,,24,50.0,0,0,0,16,1,11,0,2,320,1,0.0,0,0,0,1,0.0,0,0,0,0,76,5,0,6.7,0,0,0,0,0,0,0,0,0.0,0.0,0,2,5,2,0,8,42.11,0,6,4,66.67,11,14,19,30,24,50.0,22,90,39,129,80.4,7,0,239,10,1,0,Adnan Januzaj,Sevilla,328145,2833,spain,2526,20260428
0,0,0.0,11,0,0.0,21,13,34,97.14,0,0.0,0,2,0,0,0,0,3,0,1,0,0,1,1,0,0,1,0,1,0,0,0.02,0.11,0,0,0.0,0,0,0,0,0,0,0,0,,1,50.0,0,0,0,1,0,0,0,1,77,0,0.0,0,0,0,0,0.0,0,0,0,0,6,0,0,6.7,0,0,0,0,0,0,0,0,0.0,0.0,0,1,0,0,1,0,0.0,0,1,1,100.0,0,0,0,3,1,50.0,0,21,14,35,6.7,1,0,47,0,0,0,David Jiménez,Real Madrid,1142689,2829,spain,2526,20260428
13,0,0.0,43,23,46.0,155,288,443,90.22,6,60.0,4,13,0,0,0,0,31,0,0,0,1,32,13,0,0,6,0,17,0,1,0.09,0.05,7,0,0.0,0,0,0,10,9,1,0,0,,21,61.76,0,0,0,48,7,3,0,9,720,0,3.0,0,1,0,1,0.0,0,0,0,0,59,2,0,6.7,0,0,0,0,0,0,0,0,0.0,0.0,0,0,2,2,0,1,50.0,0,13,9,69.23,2,21,2,0,27,61.36,50,180,311,491,87.1,2,0,587,7,2,0,Manu Fernández,Celta Vigo,1630975,2821,spain,2526,20260428
36,30,26.32,232,62,38.51,455,408,863,79.17,20,60.61,13,32,3,0,0,0,159,5,1,3,4,77,32,0,0,26,10,95,0,1,2.66,0.49,26,0,0.0,0,0,3,42,37,5,0,0,,93,53.14,0,0,0,227,20,30,0,27,2500,2,4.0,0,0,0,0,0.0,0,0,0,0,431,8,0,6.7,0,0,0,0,0,0,0,0,0.0,0.0,5,3,12,10,2,15,41.67,0,50,26,52.0,30,95,36,114,113,54.33,161,602,488,1090,214.3,15,1,1853,29,5,0,Johan Mojica,Mallorca,344847,2826,spain,2526,20260428
25,9,40.91,85,40,57.97,173,166,339,81.49,14,50.0,14,16,0,0,0,0,39,3,0,0,0,14,16,0,1,3,18,61,0,0,1.53,,24,0,0.0,0,0,0,16,12,4,0,0,,34,41.98,0,0,0,77,6,12,0,11,818,0,5.0,0,0,0,0,0.0,0,0,0,0,101,4,0,6.69,1,0,0,0,0,0,0,0,0.0,0.0,0,0,0,0,0,4,57.14,0,22,13,59.09,12,50,7,22,48,44.04,69,232,184,416,107.1,0,0,537,8,3,0,Unai Vencedor,Levante UD,966802,2849,spain,2526,20260428
13,0,0.0,22,27,40.91,71,176,247,81.25,17,60.71,11,10,0,0,0,0,15,0,0,1,1,67,10,0,0,0,2,22,0,0,0.07,0.31,9,0,0.0,6,0,0,15,14,1,0,0,,12,52.17,0,0,0,57,8,0,0,7,673,0,14.0,1,0,0,0,0.0,0,0,0,0,58,0,0,6.69,0,0,0,0,0,0,0,0,0.0,0.0,0,4,0,3,0,1,100.0,0,8,5,62.5,0,27,1,0,29,56.86,66,116,188,304,66.9,4,0,430,3,2,0,David López,Mallorca,1513896,2826,spain,2526,20260428
7,2,100.0,87,19,55.88,196,187,383,86.07,14,58.33,10,21,0,0,0,0,39,0,0,2,2,13,19,0,0,9,6,32,1,0,0.35,0.36,8,0,0.0,0,0,0,11,11,0,0,0,,27,55.1,0,0,0,62,12,5,0,7,768,0,4.0,0,0,0,1,0.0,0,0,0,0,85,6,0,6.69,0,0,0,0,0,0,0,0,0.0,0.0,0,2,6,5,1,6,75.0,0,17,5,29.41,5,17,8,2,41,56.16,34,240,205,445,127.1,8,0,564,4,0,0,Thomas Partey,Villarreal,316148,2819,spain,2526,20260428
9,9,32.14,140,7,53.85,273,76,349,89.95,5,45.45,6,18,0,0,0,0,33,4,3,6,1,2,18,0,1,23,14,87,0,1,2.19,2.3,18,0,3.85,0,1,1,8,6,2,1,0,,58,41.73,0,0,2,39,2,11,0,9,830,0,0.0,0,0,0,0,0.0,0,0,0,0,142,8,0,6.69,1,1,0,0,0,0,0,0,830.0,0.0,1,17,9,15,5,17,37.78,0,20,12,60.0,11,16,45,28,63,42.0,13,307,81,388,120.4,26,0,634,21,5,0,Franco Mastantuono,Real Madrid,1403559,2829,spain,2526,20260428
26,8,20.0,176,26,27.96,371,347,718,81.04,16,61.54,10,26,1,0,0,0,134,3,1,4,4,64,26,0,0,20,17,92,0,0,1.63,0.48,31,0,7.14,0,1,2,27,22,5,1,0,,81,49.69,0,0,0,168,35,13,0,25,2116,3,3.0,0,0,0,0,0.0,0,0,0,0,282,7,0,6.69,1,1,0,0,0,0,0,0,2116.0,0.0,0,6,8,7,3,22,59.46,0,42,27,64.29,13,77,37,40,97,51.32,93,489,397,886,173.9,14,0,1421,17,4,1,Valentin Rosier,Osasuna,842419,2820,spain,2526,20260428
13,0,0.0,38,22,36.07,172,426,598,86.42,28,58.33,20,27,1,0,0,0,38,1,1,2,2,100,26,0,0,1,10,53,0,0,0.81,0.29,23,0,0.0,0,0,1,25,19,6,0,0,,41,55.41,0,0,0,94,18,2,0,16,1540,0,11.0,0,0,0,0,0.0,0,0,0,1,106,0,0,6.69,0,0,0,0,0,0,0,0,0.0,0.0,0,3,0,1,0,3,100.0,0,31,14,45.16,2,32,3,1,69,56.56,61,230,462,692,173.9,3,0,922,8,3,0,Jorge Herrando,Osasuna,944225,2820,spain,2526,20260428
3,0,0.0,33,16,43.24,109,295,404,91.4,14,70.0,6,8,0,0,0,0,25,0,1,0,0,43,8,0,0,4,2,18,1,0,0.07,0.52,6,0,0.0,0,0,0,12,11,1,0,0,,14,53.85,0,0,0,38,5,1,0,6,610,0,5.0,0,0,0,1,0.0,0,0,0,0,48,0,0,6.69,0,0,0,0,0,0,0,0,0.0,0.0,0,2,0,1,1,0,0.0,0,13,8,61.54,1,8,2,1,28,60.87,37,133,309,442,53.5,2,0,538,1,1,0,Carlos Domínguez,Celta Vigo,1069703,2821,spain,2526,20260428
37,9,26.47,182,42,50.0,347,328,675,80.74,11,52.38,10,31,5,0,0,0,92,5,2,8,2,21,30,0,0,26,19,102,0,0,2.3,1.74,26,0,5.56,0,1,6,24,22,2,1,0,,54,36.99,0,0,1,161,22,23,0,20,1673,1,5.0,0,0,0,0,0.0,0,0,0,0,278,6,0,6.69,0,1,0,0,0,0,0,0,1673.0,0.0,1,12,6,4,6,18,45.0,0,23,13,56.52,23,69,40,34,65,38.92,84,464,372,836,200.6,18,0,1146,13,3,0,Javier Guerra,Valencia,1122610,2828,spain,2526,20260428
12,3,10.0,198,16,39.02,321,289,610,82.77,18,40.91,26,30,1,0,0,0,63,1,2,1,2,48,30,0,0,10,13,88,0,1,0.86,0.86,31,0,14.29,0,1,2,27,24,3,1,0,,98,61.25,0,0,0,127,5,9,0,16,1692,1,9.0,0,0,0,1,0.0,0,0,0,1,207,1,0,6.69,0,1,0,0,0,0,0,0,1692.0,0.0,0,7,0,4,2,9,52.94,0,41,29,70.73,9,27,17,30,116,56.86,41,404,333,737,200.6,7,1,1153,48,4,0,Hugo Rincón,Girona FC,1632454,24264,spain,2526,20260428
33,0,0.0,50,49,38.28,215,745,960,86.33,48,54.55,40,27,0,0,0,0,73,0,0,2,6,157,27,0,0,4,6,83,2,0,0.11,0.43,34,0,0.0,25,0,0,34,29,5,0,0,,51,54.26,0,0,0,152,23,2,0,24,2147,0,18.0,1,0,0,1,0.0,0,0,0,0,173,0,0,6.69,0,0,0,0,0,0,0,0,0.0,0.0,0,8,1,6,1,8,88.89,0,33,19,57.58,2,60,9,0,99,54.4,128,309,803,1112,180.5,9,0,1449,10,6,0,César Tárrega,Valencia,996928,2828,spain,2526,20260428
3,4,17.39,37,4,44.44,68,22,90,68.18,18,69.23,8,14,0,0,0,0,14,0,0,1,0,1,13,0,0,8,6,39,0,0,0.57,0.31,8,0,0.0,0,0,0,3,3,0,0,0,,26,45.61,0,0,0,42,1,4,0,2,361,2,0.0,0,1,0,0,0.0,0,0,0,0,111,3,0,6.68,0,0,0,0,0,0,0,0,0.0,0.0,0,2,3,3,1,10,50.0,0,10,6,60.0,3,7,20,23,44,53.01,9,106,26,132,86.9,5,0,251,6,1,0,Coba Da Costa,Getafe,1392054,2859,spain,2526,20260428
4,4,23.53,45,3,21.43,88,51,139,72.77,2,15.38,11,19,1,0,0,0,26,1,2,2,0,7,19,0,0,4,9,36,0,0,0.72,1.69,5,0,23.08,0,3,4,10,10,0,2,1,,18,41.86,0,0,0,52,10,10,0,9,726,2,2.0,0,0,0,0,0.0,0,0,0,0,92,3,0,6.68,0,3,0,0,0,0,0,0,242.0,0.0,0,8,5,7,4,4,33.33,0,9,8,88.89,10,12,12,17,20,35.71,14,123,68,191,127.0,13,0,312,5,1,0,Iker Losada,Levante UD,992331,2849,spain,2526,20260428
13,2,66.67,78,17,58.62,196,156,352,81.29,10,62.5,6,24,1,0,0,0,59,1,0,6,1,14,24,0,0,4,12,59,0,0,0.67,0.41,30,0,9.09,0,1,2,18,12,6,1,0,,42,44.21,0,0,1,81,20,9,0,8,966,0,5.0,0,0,0,0,0.0,0,0,0,0,108,7,0,6.68,0,1,0,0,0,0,0,0,966.0,0.0,0,2,9,2,3,5,41.67,0,33,17,51.52,9,29,12,3,52,46.85,29,260,173,433,160.4,11,0,588,4,5,0,Alejandro Rego Mora,Athletic Club,2110897,2825,spain,2526,20260428
21,1,20.0,138,34,57.63,255,308,563,86.48,16,59.26,11,26,0,0,0,0,93,0,0,7,2,22,24,0,0,18,15,87,1,2,0.48,1.14,36,0,5.88,0,1,1,26,24,2,1,0,,71,48.3,0,0,1,88,18,9,1,19,1616,0,5.0,0,0,0,0,0.0,0,0,0,0,143,8,0,6.68,0,0,0,0,0,0,0,0,1616.0,0.0,0,2,15,5,5,10,58.82,0,35,23,65.71,9,44,17,5,87,50.0,59,310,341,651,160.4,17,1,901,27,6,0,Batista Mendy,Sevilla,859021,2833,spain,2526,20260428
11,0,0.0,20,14,30.43,109,239,348,85.09,31,72.09,12,12,0,0,0,0,28,0,1,0,1,70,12,0,0,0,7,30,0,1,0.35,0.67,11,0,33.33,1,1,1,24,20,4,1,0,,14,43.75,0,0,0,61,3,2,0,11,958,0,16.0,1,0,0,1,0.0,0,0,0,0,67,1,0,6.68,0,1,0,0,0,0,0,0,958.0,0.0,0,3,0,2,1,0,0.0,0,8,4,50.0,2,29,0,0,45,60.0,46,151,258,409,80.2,3,0,542,6,2,0,Unai Elgezabal,Levante UD,813574,2849,spain,2526,20260428
10,16,20.0,140,16,45.71,271,194,465,83.48,31,75.61,10,24,1,0,0,0,51,3,0,2,2,44,24,0,0,7,6,49,0,2,1.26,0.12,18,0,0.0,0,0,1,22,17,5,0,0,,37,48.68,0,0,0,92,18,22,0,13,1425,1,8.0,0,0,0,0,0.0,0,0,0,0,256,4,0,6.68,0,0,0,0,0,0,0,0,0.0,0.0,0,2,1,1,0,12,52.17,0,21,15,71.43,22,17,23,80,68,58.12,35,346,211,557,160.4,3,0,1015,5,3,0,Jesús Areso,Athletic Club,910267,2825,spain,2526,20260428
13,2,11.76,123,30,50.0,328,470,798,86.64,32,65.31,17,30,0,0,0,0,67,1,0,4,2,67,29,0,0,5,7,51,0,2,0.31,0.64,18,0,0.0,21,0,0,25,22,3,0,0,,44,56.41,0,0,0,123,14,2,0,17,1557,2,15.0,0,0,0,0,0.0,0,0,0,0,183,2,0,6.68,0,0,0,0,0,0,0,0,0.0,0.0,0,7,1,4,0,3,42.86,0,36,21,58.33,2,35,7,17,76,59.84,60,392,529,921,193.8,8,0,1229,5,2,0,Léo Pétrot,Elche,827504,2846,spain,2526,20260428
1,0,0.0,5,8,44.44,44,187,231,90.94,9,52.94,8,10,0,0,0,0,12,0,0,1,2,24,10,0,0,0,3,16,0,0,0.02,0.38,5,0,0.0,19,0,0,4,4,0,0,0,,13,61.9,0,0,0,23,8,1,0,7,491,0,3.0,0,0,0,0,0.0,0,0,0,0,31,1,0,6.68,0,0,0,0,0,0,0,0,0.0,0.0,0,3,0,1,1,0,0.0,0,12,8,66.67,1,3,0,0,22,57.89,18,59,195,254,66.8,3,0,323,1,1,0,Luiz Felipe,Rayo Vallecano,850035,2818,spain,2526,20260428
2,2,25.0,37,1,25.0,56,29,85,73.28,2,40.0,3,19,1,0,0,0,24,2,4,3,0,3,19,0,0,6,1,20,0,0,0.51,2.1,3,0,11.11,0,1,2,7,6,1,1,0,,22,56.41,0,0,0,31,3,6,0,1,359,4,2.0,0,0,1,0,100.0,0,1,0,0,62,3,0,6.68,0,1,0,0,0,0,0,0,359.0,0.0,0,6,3,2,4,9,56.25,0,9,4,44.44,6,6,16,8,24,54.55,4,77,39,116,126.9,9,0,201,4,1,0,A. J. Morales,Levante UD,344129,2849,spain,2526,20260428
4,2,12.5,86,6,60.0,155,120,275,87.86,2,40.0,3,19,0,0,0,0,52,1,0,3,0,4,19,0,0,8,5,55,0,0,0.42,0.13,18,0,0.0,0,0,0,8,8,0,0,0,,60,53.57,0,0,0,38,9,13,0,13,764,0,1.0,0,0,0,0,0.0,0,0,0,0,105,6,0,6.68,0,0,0,0,0,0,0,0,0.0,0.0,0,0,5,1,1,16,41.03,0,25,14,56.0,13,7,39,16,62,52.99,10,183,130,313,126.9,5,0,496,19,2,0,Calebe Gonçalves,Deportivo Alavés,1046796,2885,spain,2526,20260428
6,6,26.09,55,6,50.0,103,40,143,82.66,1,10.0,9,12,4,0,0,0,32,4,0,1,0,1,12,0,0,19,7,64,1,0,2.31,0.45,6,0,0.0,0,0,4,12,9,3,0,0,,30,35.29,0,0,1,30,4,10,0,6,580,2,0.0,0,0,0,0,0.0,0,0,0,0,117,2,0,6.68,0,0,0,0,0,0,0,0,0.0,0.0,0,4,6,5,4,13,36.11,0,9,4,44.44,10,12,36,23,31,32.63,12,128,45,173,80.1,10,0,343,8,3,0,Thiago Fernández,Real Oviedo,1201412,2851,spain,2526,20260428
0,0,0.0,29,2,50.0,61,34,95,87.96,8,57.14,6,8,0,0,0,0,9,0,0,1,0,3,8,0,0,4,4,19,0,0,0.4,0.14,3,0,0.0,0,0,0,3,3,0,0,0,,12,48.0,0,0,0,13,3,1,0,2,196,1,0.0,0,0,0,0,0.0,0,0,0,0,25,2,0,6.68,0,0,0,0,0,0,0,0,0.0,0.0,0,1,2,1,1,4,66.67,0,4,3,75.0,1,2,6,1,20,51.28,4,70,38,108,53.4,3,0,149,5,1,0,Ovie Ejaria,Real Oviedo,845025,2851,spain,2526,20260428
34,15,33.33,200,46,63.89,374,336,710,85.03,16,42.11,22,32,1,0,0,0,77,5,3,3,0,12,32,0,0,21,15,101,1,4,2.14,2.86,33,0,22.22,0,4,5,34,27,7,3,1,,84,51.53,0,0,2,125,12,28,3,26,2037,2,4.0,0,0,0,1,0.0,0,0,0,0,217,10,0,6.67,1,1,0,0,0,0,0,0,509.25,0.0,0,13,5,6,9,13,50.0,0,35,13,37.14,28,64,26,45,100,49.75,72,476,359,835,213.5,18,0,1143,37,4,1,Alberto Reina,Real Oviedo,882475,2851,spain,2526,20260428
6,1,16.67,80,11,68.75,140,66,206,80.78,15,32.61,31,14,1,1,0,0,32,1,3,4,2,5,14,0,0,18,4,62,0,0,0.24,2.92,6,0,28.57,0,4,5,15,12,3,4,0,,18,36.73,1,0,0,49,5,4,1,12,1044,10,2.0,0,0,1,0,0.0,0,0,0,0,100,12,0,6.67,0,2,0,0,0,0,0,0,261.0,0.0,0,11,3,3,7,6,66.67,0,5,4,80.0,4,16,9,6,33,34.74,16,178,77,255,93.4,14,0,375,7,0,0,Borja Mayoral,Getafe,604954,2859,spain,2526,20260428
49,3,30.0,127,90,48.39,441,642,1083,85.21,30,44.78,37,28,0,0,0,0,122,3,2,4,4,135,28,0,1,15,19,106,2,2,0.77,1.17,37,0,6.25,0,1,1,39,32,7,0,1,,71,50.71,0,0,1,188,31,6,0,26,2383,1,13.0,0,0,0,1,0.0,0,0,0,0,248,4,0,6.67,1,1,0,0,0,0,0,0,2383.0,0.0,0,11,5,7,5,5,83.33,0,51,34,66.67,6,91,6,10,101,48.79,186,566,705,1271,186.8,16,2,1664,16,8,0,Dani Vivian,Athletic Club,910978,2825,spain,2526,20260428
10,7,41.18,173,7,100.0,284,88,372,90.29,2,22.22,7,25,5,0,0,0,40,5,1,3,0,4,25,0,0,26,0,64,0,1,2.21,0.82,17,0,0.0,0,0,5,8,6,2,0,0,,57,50.0,0,0,0,40,1,24,0,9,982,3,0.0,0,0,0,0,0.0,0,0,0,2,128,8,0,6.66,0,0,0,0,0,0,0,0,0.0,0.0,0,7,3,3,4,15,51.72,0,14,10,71.43,24,14,29,17,59,47.97,7,321,91,412,166.6,10,0,604,28,1,0,Brahim Díaz,Real Madrid,835485,2829,spain,2526,20260428
6,1,5.88,85,10,52.63,154,82,236,65.92,82,49.1,85,32,1,0,0,1,42,4,11,10,0,19,32,0,0,21,10,153,1,0,2.24,8.0,29,0,10.71,0,6,7,24,21,3,6,0,,60,46.88,1,0,0,122,5,19,1,16,1614,24,1.0,0,0,2,0,50.0,0,1,0,0,235,16,0,6.66,0,4,0,0,0,0,0,0,269.0,0.0,0,51,5,21,25,9,40.91,0,11,7,63.64,19,20,22,17,142,48.14,19,259,99,358,213.2,56,2,688,42,3,0,Kike García,Espanyol,84972,2814,spain,2526,20260428
9,5,15.15,110,8,72.73,199,107,306,76.31,19,31.67,41,29,0,0,0,0,57,3,4,9,2,9,29,0,0,12,11,98,0,2,1.41,2.29,15,0,13.04,0,3,3,24,19,5,3,0,,54,48.65,0,0,1,95,8,13,0,16,1460,3,2.0,0,0,0,0,0.0,0,0,0,0,190,10,0,6.66,0,3,0,0,0,0,0,0,486.67,0.0,0,15,8,7,7,10,34.48,0,15,11,73.33,13,15,29,33,73,42.69,11,269,132,401,193.2,23,0,654,30,2,0,Diego López,Valencia,998950,2828,spain,2526,20260428
28,0,0.0,59,50,34.97,284,845,1129,87.59,66,55.46,53,29,0,0,0,0,88,0,0,3,7,193,29,0,0,7,9,94,1,0,0.18,0.5,24,0,0.0,37,0,0,37,30,7,0,0,,42,50.6,0,0,0,160,35,6,0,29,2527,0,21.0,0,0,0,0,0.0,0,0,0,0,185,2,0,6.66,0,0,0,0,0,0,0,0,0.0,0.0,0,7,3,6,1,2,66.67,0,31,17,54.84,6,70,3,1,108,53.47,143,395,894,1289,193.2,10,0,1671,11,7,0,Natan,Real Betis,1015287,2816,spain,2526,20260428
20,6,13.33,220,36,36.36,488,460,948,80.89,46,70.77,19,31,0,0,0,0,105,0,2,4,3,84,31,0,0,12,41,143,0,1,0.83,1.89,62,0,5.0,0,1,1,44,42,2,1,0,,146,54.07,1,0,0,224,42,10,0,28,2526,3,9.0,0,0,0,2,0.0,0,0,0,0,377,3,0,6.66,0,0,0,0,0,0,0,0,2526.0,0.0,0,11,9,11,5,10,50.0,0,96,58,60.42,10,55,20,45,192,57.31,99,638,534,1172,206.5,20,0,1924,42,9,0,Jon Aramburu,Real Sociedad,1116388,2824,spain,2526,20260428
2,1,14.29,60,2,33.33,94,49,143,75.26,10,27.78,26,20,3,0,0,0,17,2,4,4,0,6,20,0,0,19,7,82,0,0,0.54,3.39,14,0,14.29,0,2,5,15,11,4,2,0,,47,45.63,0,0,1,47,4,13,2,9,856,5,0.0,0,0,0,0,0.0,0,0,0,0,117,3,0,6.66,0,0,0,0,0,0,0,0,428.0,0.0,0,12,2,5,5,10,38.46,0,19,10,52.63,13,8,26,7,57,41.01,6,130,60,190,133.2,14,1,362,19,3,0,Ayoze Perez,Villarreal,345195,2819,spain,2526,20260428
1,6,23.08,55,1,100.0,88,27,115,84.56,6,50.0,6,20,0,0,0,0,21,0,3,5,0,12,20,0,0,13,6,44,0,0,0.62,2.55,5,0,12.5,0,2,2,11,7,4,2,0,,20,34.48,0,0,0,21,3,9,0,4,642,2,0.0,0,0,0,0,0.0,0,0,0,0,81,2,0,6.66,0,2,0,0,0,0,0,0,321.0,0.0,0,11,5,7,4,11,44.0,0,6,4,66.67,9,4,25,26,26,37.14,1,103,33,136,133.2,16,0,286,3,0,0,Jones El-Abdellaoui,Celta Vigo,1173575,2821,spain,2526,20260428
27,0,0.0,35,42,39.25,149,587,736,86.49,22,50.0,22,20,0,0,0,0,58,1,2,1,4,122,20,0,1,3,5,55,0,1,0.21,1.58,27,0,18.18,61,2,2,23,22,1,2,0,,33,50.0,2,0,0,115,19,3,0,19,1532,1,18.0,0,0,0,1,0.0,0,0,0,0,130,0,0,6.66,2,0,0,0,0,0,0,0,766.0,0.0,0,8,3,7,3,3,75.0,0,20,8,40.0,3,60,4,5,55,50.0,107,225,626,851,133.2,11,1,1118,10,6,1,Nobel Mendy,Rayo Vallecano,1458073,2818,spain,2526,20260428
14,3,15.0,134,15,75.0,223,109,332,80.0,19,31.67,41,27,0,0,0,1,37,3,13,6,3,19,27,0,0,25,8,118,0,1,1.13,8.08,39,1,11.59,0,8,8,24,19,5,7,1,,37,32.46,0,0,4,83,5,9,2,21,1815,7,1.0,0,0,2,0,50.0,0,1,0,0,183,14,0,6.66,0,6,0,0,0,0,0,0,226.88,33.33,3,51,18,27,36,5,25.0,0,16,9,56.25,9,28,20,20,56,32.18,20,282,133,415,179.8,69,2,693,16,4,0,Rafa Mir,Elche,825754,2846,spain,2526,20260428
4,1,7.69,66,8,61.54,118,64,182,68.42,32,35.96,57,29,4,0,1,0,52,4,10,6,2,18,29,0,0,33,4,137,0,0,1.57,8.07,30,0,13.95,0,6,10,30,23,7,6,0,,71,47.02,3,0,1,84,4,13,1,18,1650,7,1.0,0,0,1,0,0.0,0,0,0,0,217,17,0,6.66,0,2,0,0,0,0,0,0,275.0,0.0,0,35,8,18,19,10,35.71,0,27,14,51.85,13,14,28,13,103,42.92,13,185,81,266,193.1,43,0,602,34,3,0,Etta Eyong,Levante UD,1393673,2849,spain,2526,20260428
5,4,28.57,95,2,50.0,163,83,246,81.46,10,19.61,41,29,3,0,0,0,65,3,8,5,1,24,29,0,0,36,15,131,0,0,0.9,5.09,19,0,6.06,0,2,5,29,26,3,2,0,,78,46.43,0,0,1,56,12,14,1,19,1710,4,4.0,0,0,0,0,0.0,0,0,0,1,182,9,0,6.66,0,1,0,0,0,0,0,0,855.0,0.0,0,27,6,14,14,18,47.37,0,29,20,68.97,14,6,38,14,88,40.18,4,209,93,302,193.1,33,1,650,31,2,0,Mateo Joseph,Mallorca,1170693,2826,spain,2526,20260428
23,4,10.53,104,41,43.16,273,366,639,81.4,17,51.52,16,24,0,0,0,0,69,0,2,5,6,68,24,0,0,7,19,79,0,3,0.74,1.37,24,0,0.0,0,0,0,27,21,6,0,0,,79,55.63,0,0,1,146,27,5,0,23,1945,1,7.0,0,0,0,0,0.0,0,0,0,0,238,1,0,6.66,0,0,0,0,0,0,0,0,0.0,0.0,0,9,3,4,3,12,48.0,0,43,29,67.44,5,57,25,38,96,54.86,95,374,411,785,159.8,12,0,1281,25,4,0,Nacho Vidal,Real Oviedo,844752,2851,spain,2526,20260428
4,8,24.24,120,5,45.45,195,82,277,75.68,13,38.24,21,26,4,0,0,0,61,7,1,11,0,7,26,0,1,29,14,138,0,0,2.09,2.3,17,0,6.45,0,2,6,27,24,3,2,0,,80,40.61,0,0,1,89,6,25,1,18,1634,2,2.0,0,0,0,0,0.0,0,0,0,2,266,13,0,6.66,1,1,0,0,0,0,0,0,817.0,0.0,3,15,16,5,15,44,42.72,0,14,10,71.43,25,19,103,33,93,40.26,11,264,102,366,173.1,31,0,758,22,0,0,Jan Virgili,Mallorca,1939173,2826,spain,2526,20260428
34,0,0.0,131,95,45.45,425,901,1326,87.41,44,56.41,34,32,0,0,0,0,76,0,1,3,3,203,32,0,0,5,9,75,0,1,0.29,0.74,29,0,0.0,12,0,0,51,45,6,0,0,,50,54.95,0,0,0,191,19,3,0,32,2880,0,14.0,0,0,0,2,0.0,0,0,0,0,223,2,0,6.66,0,0,0,0,0,0,0,0,0.0,0.0,0,5,9,4,7,4,80.0,0,38,28,73.68,3,94,5,2,94,55.62,209,569,948,1517,213.0,14,0,1944,9,6,0,Martin Valjent,Mallorca,300522,2826,spain,2526,20260428
16,4,66.67,76,21,50.0,201,210,411,85.8,8,40.0,12,18,0,0,0,0,50,0,0,2,0,31,18,0,0,3,14,52,0,1,0.41,0.39,22,0,0.0,0,0,0,22,19,3,0,0,,32,44.44,0,0,1,68,8,8,0,13,1192,0,4.0,0,0,0,0,0.0,0,0,0,0,84,3,0,6.66,0,0,0,0,0,0,0,0,0.0,0.0,0,2,4,3,1,1,50.0,0,19,11,57.89,8,31,2,6,40,43.48,42,248,231,479,119.8,6,0,619,12,4,0,Oriol Rey,Levante UD,859769,2849,spain,2526,20260428
2,2,40.0,44,2,66.67,65,38,103,67.76,20,33.9,39,20,2,0,0,0,29,3,4,5,0,3,20,0,0,26,4,114,0,0,1.44,2.88,27,0,13.04,0,3,5,14,13,1,2,1,,36,32.43,2,0,0,49,1,10,0,9,895,12,0.0,0,0,0,0,0.0,0,0,0,3,140,7,0,6.66,0,1,0,0,0,0,0,0,298.33,0.0,0,15,8,11,7,13,40.63,0,7,5,71.43,10,2,32,5,56,32.94,3,107,45,152,133.1,23,1,359,17,3,0,Umar Sadiq,Valencia,754710,2828,spain,2526,20260428
27,1,9.09,138,21,34.43,335,321,656,81.19,18,51.43,17,31,1,0,0,0,115,0,0,6,4,49,31,0,0,23,38,116,0,1,0.56,0.7,36,0,0.0,0,0,1,39,33,6,0,0,,89,47.34,0,0,0,152,24,11,0,23,2180,1,8.0,0,1,0,0,0.0,0,0,0,0,231,7,0,6.65,0,0,0,0,0,0,0,0,0.0,0.0,0,6,10,9,1,13,68.42,0,44,30,68.18,10,56,19,11,107,47.98,61,447,361,808,206.3,16,0,1140,33,5,0,Urko González,Espanyol,1064009,2814,spain,2526,20260428
5,1,6.25,78,5,29.41,122,80,202,64.74,50,42.74,67,28,3,0,0,0,46,1,9,11,2,23,28,0,0,30,2,136,1,0,0.99,9.65,31,0,14.55,0,8,11,37,32,5,8,0,,29,29.59,1,0,0,110,1,10,1,19,1853,38,3.0,0,0,3,0,100.0,0,3,0,0,223,15,0,6.65,0,6,0,0,0,0,0,0,231.63,0.0,0,38,17,17,27,13,56.52,0,6,3,50.0,10,10,23,16,79,36.74,17,211,101,312,186.2,55,0,587,10,2,0,Akor Adams,Sevilla,946381,2833,spain,2526,20260428
5,4,17.39,107,8,44.44,200,109,309,90.35,5,38.46,8,10,1,0,0,0,25,0,1,1,1,10,10,0,0,6,3,25,0,0,0.48,0.75,5,0,20.0,0,1,2,8,6,2,1,0,,28,62.22,0,0,0,33,5,4,1,8,677,1,3.0,0,0,0,0,0.0,0,0,0,0,74,3,0,6.65,1,0,0,0,0,0,0,0,677.0,0.0,0,2,3,2,2,2,33.33,0,16,9,56.25,4,6,6,23,33,56.9,18,220,122,342,66.5,5,0,503,10,0,1,Fran García,Real Madrid,851271,2829,spain,2526,20260428
4,3,50.0,71,19,54.29,182,168,350,82.94,15,55.56,12,22,1,0,0,0,37,1,0,1,0,27,22,0,0,9,12,45,0,2,0.35,0.24,10,0,20.0,0,1,2,10,9,1,1,0,,22,40.0,0,0,1,72,7,5,1,2,632,0,2.0,0,0,0,0,0.0,0,0,0,0,96,1,0,6.65,1,0,0,0,0,0,0,0,632.0,0.0,0,2,3,3,1,5,62.5,0,12,8,66.67,5,12,8,6,37,45.12,35,229,193,422,146.3,5,0,538,5,2,1,Ander Guevara,Deportivo Alavés,891931,2885,spain,2526,20260428
4,0,0.0,5,21,35.59,11,68,79,67.52,1,100.0,0,4,0,0,0,0,29,0,0,0,1,5,4,0,0,0,0,0,0,0,0.0,,0,0,0.0,16,0,0,7,4,3,0,0,-0.69,0,0.0,0,0,0,38,0,0,0,4,360,0,0.0,0,0,0,0,0.0,1,0,0,0,39,0,0,6.65,0,0,2,5,4,9,0,1,0.0,0.0,0,0,0,0,0,0,0.0,2,0,0,0.0,0,5,0,0,1,100.0,59,42,75,117,26.6,0,0,145,0,1,0,Ørjan Nyland,Sevilla,22209,2833,spain,2526,20260428
0,0,0.0,1,0,0.0,7,4,11,73.33,2,66.67,1,2,0,0,0,0,1,0,0,1,0,0,2,0,0,0,0,2,0,0,0.0,0.07,1,0,0.0,0,0,0,0,0,0,0,0,,5,83.33,0,0,0,4,0,1,0,0,50,0,0.0,0,0,0,0,0.0,0,0,0,0,6,0,0,6.65,0,0,0,0,0,0,0,0,0.0,0.0,0,1,0,0,0,0,0.0,0,4,2,50.0,1,0,0,0,7,77.78,0,9,6,15,13.3,1,0,24,1,0,0,Mourad El Ghezouani,Elche,1010891,2846,spain,2526,20260428
1,0,0.0,22,5,33.33,39,81,120,83.92,1,33.33,2,4,0,0,0,0,20,0,0,1,0,7,4,0,0,1,3,9,0,0,0.02,0.02,0,0,0.0,0,0,0,5,5,0,0,0,,8,53.33,0,0,0,23,2,2,0,4,255,0,2.0,0,0,0,0,0.0,0,0,0,0,34,0,0,6.65,0,0,0,0,0,0,0,0,0.0,0.0,0,0,1,0,0,6,66.67,0,1,0,0.0,2,5,9,2,9,50.0,15,50,93,143,26.6,1,0,191,1,0,0,Mihailo Ristic,Celta Vigo,363774,2821,spain,2526,20260428
12,0,0.0,31,26,44.83,115,292,407,87.34,27,52.94,24,13,0,0,0,0,32,0,1,4,2,59,13,0,0,0,5,49,1,2,0.07,0.71,22,0,0.0,2,0,0,15,13,2,0,0,,35,58.33,0,0,0,59,5,0,0,11,943,1,5.0,0,0,0,1,0.0,0,0,0,0,70,0,0,6.65,1,0,0,0,0,0,0,0,0.0,0.0,0,10,0,4,2,1,100.0,0,13,5,38.46,0,29,1,1,62,55.86,58,157,309,466,86.4,10,0,610,21,2,1,Marcão,Sevilla,840951,2833,spain,2526,20260428
6,6,19.35,98,9,52.94,151,66,217,84.11,1,12.5,7,20,1,0,0,0,37,3,4,6,0,9,20,0,0,27,2,83,0,0,0.9,1.94,18,0,0.0,0,0,1,14,12,2,0,0,,74,49.33,0,0,0,41,2,13,0,9,897,1,2.0,0,0,0,0,0.0,0,0,0,0,166,6,0,6.65,0,0,0,0,0,0,0,0,0.0,0.0,1,14,10,10,8,14,31.82,0,24,15,62.5,13,12,44,31,75,47.47,17,186,72,258,132.9,24,0,530,36,3,0,Ilias Akhomach,Rayo Vallecano,1089108,2818,spain,2526,20260428
0,1,20.0,72,3,50.0,103,110,213,78.02,17,33.33,34,27,1,0,0,0,24,3,9,5,1,16,27,0,0,14,4,87,0,2,1.29,8.52,28,0,33.33,0,9,10,26,22,4,8,1,,31,36.9,0,0,0,60,3,12,5,27,1960,20,1.0,0,0,3,0,100.0,0,3,0,1,132,6,0,6.64,0,4,0,0,0,0,0,0,217.78,0.0,0,25,2,4,18,9,47.37,0,5,3,60.0,12,3,19,5,48,35.56,6,148,125,273,179.4,27,0,459,17,4,0,Vladyslav Vanat,Girona FC,976374,24264,spain,2526,20260428
4,2,9.52,63,9,50.0,129,103,232,84.67,7,46.67,8,19,0,0,0,0,41,1,0,3,1,29,18,0,0,13,11,58,0,0,0.33,0.3,15,0,0.0,0,0,0,12,11,1,0,0,,43,46.24,0,0,0,42,2,9,0,5,755,2,3.0,0,0,0,0,0.0,0,0,0,0,109,3,0,6.64,0,0,0,0,0,0,0,0,0.0,0.0,0,2,6,3,2,17,60.71,0,20,8,40.0,9,9,28,21,50,46.3,18,156,118,274,119.6,8,0,540,6,2,0,Jesús Vázquez,Valencia,996929,2828,spain,2526,20260428
31,6,23.08,203,33,58.93,434,326,760,87.36,8,32.0,17,30,1,0,0,0,78,1,0,8,5,21,30,0,0,14,30,125,0,0,2.03,0.75,60,0,12.5,0,2,3,34,29,5,1,1,,64,37.21,0,0,0,110,22,22,0,26,2019,0,5.0,0,0,0,1,0.0,0,0,0,0,175,5,0,6.64,1,2,0,0,0,0,0,0,1009.5,0.0,1,3,13,3,5,3,30.0,0,34,17,50.0,22,56,10,26,72,36.55,56,518,352,870,199.3,16,0,1135,27,9,1,Pol Lozano,Espanyol,826010,2814,spain,2526,20260428
7,1,9.09,91,6,50.0,179,145,324,90.25,10,55.56,8,19,0,0,0,0,35,1,1,1,1,5,19,0,0,9,10,55,0,0,0.54,1.11,18,0,15.38,0,2,2,7,5,2,2,0,,29,38.16,0,0,0,35,11,4,1,4,665,2,3.0,0,0,0,0,0.0,0,0,0,0,90,7,0,6.64,0,1,0,0,0,0,0,0,332.5,0.0,0,9,4,7,5,3,18.75,0,17,12,70.59,4,11,16,11,39,41.49,12,204,155,359,126.2,13,0,508,9,2,0,Conor Gallagher,Atlético Madrid,904970,2836,spain,2526,20260428
3,0,0.0,22,3,75.0,41,23,64,75.29,9,37.5,15,17,1,0,0,0,7,2,5,2,0,9,17,0,0,6,2,35,0,0,0.44,3.38,10,0,14.29,0,3,4,8,8,0,3,0,,12,37.5,1,0,1,21,1,4,0,5,548,9,0.0,0,0,0,0,0.0,0,0,0,0,43,2,0,6.64,0,2,0,0,0,0,0,0,182.67,0.0,0,19,2,10,9,1,25.0,0,2,2,100.0,4,3,4,2,21,37.5,4,58,27,85,112.9,21,0,168,9,1,0,Cedric Bakambu,Real Betis,115665,2816,spain,2526,20260428
0,0,0.0,9,0,0.0,15,16,31,63.27,14,60.87,9,16,0,0,0,1,7,0,4,2,0,3,15,0,0,2,2,21,0,0,0.38,4.29,8,0,30.0,0,3,3,7,7,0,3,0,,14,53.85,0,0,0,18,1,1,0,1,287,6,0.0,0,0,4,0,75.0,0,3,0,2,27,0,0,6.64,0,3,0,0,0,0,0,0,95.67,0.0,0,10,0,1,7,2,100.0,0,5,4,80.0,1,0,2,0,28,57.14,2,27,22,49,99.6,10,0,93,7,3,0,Cristhian Stuani,Girona FC,32048,24264,spain,2526,20260428
3,0,0.0,24,5,33.33,42,56,98,73.68,14,66.67,7,13,0,0,0,0,12,1,0,0,0,18,10,0,1,0,2,24,0,0,0.1,0.29,13,0,33.33,0,1,1,6,4,2,0,1,,6,26.09,0,0,0,35,4,3,0,2,318,0,4.0,0,0,0,0,0.0,0,0,0,0,45,2,0,6.64,1,1,0,0,0,0,0,0,318.0,0.0,0,2,1,2,1,0,0.0,0,6,2,33.33,3,10,2,3,20,45.45,15,71,62,133,66.4,3,0,191,0,1,0,Asier Osambela,Osasuna,1399702,2820,spain,2526,20260428
11,7,25.0,67,11,55.0,112,53,165,77.1,8,33.33,16,25,1,0,0,0,30,3,0,1,0,5,24,0,0,19,7,69,0,0,0.99,1.05,12,0,10.0,0,1,2,18,14,4,1,0,,46,46.46,0,0,1,49,9,13,1,9,856,1,4.0,0,0,0,0,0.0,0,0,0,0,131,6,0,6.64,0,0,0,0,0,0,0,0,856.0,0.0,1,4,6,6,3,8,34.78,0,21,9,42.86,13,20,23,28,54,43.9,20,156,58,214,159.3,10,0,427,17,0,0,Ramón Terrats,Espanyol,1088565,2814,spain,2526,20260428
11,6,11.32,123,4,57.14,201,59,260,80.5,9,23.08,30,27,1,0,0,0,45,3,0,2,0,8,27,0,0,26,2,102,0,0,1.46,3.59,14,0,29.41,0,5,6,16,13,3,5,0,,44,37.93,0,0,0,63,7,18,2,7,971,4,1.0,0,0,0,0,0.0,0,0,0,0,216,6,0,6.64,0,3,0,0,0,0,0,0,194.2,0.0,0,13,4,6,9,17,36.17,0,12,7,58.33,18,20,47,53,53,34.19,7,256,67,323,179.2,17,0,602,15,1,0,Robert Navarro,Athletic Club,944165,2825,spain,2526,20260428
17,6,11.32,209,15,26.32,367,389,756,83.26,19,59.38,13,27,3,0,0,0,85,5,2,4,5,85,27,0,0,8,26,101,1,0,1.73,1.48,25,0,0.0,0,0,3,36,30,6,0,0,,77,46.67,0,0,0,152,22,11,0,24,2202,9,9.0,0,0,0,1,0.0,0,0,0,0,310,7,0,6.64,0,0,0,0,0,0,0,0,0.0,0.0,0,8,7,7,4,30,49.18,0,32,21,65.63,11,47,61,53,96,48.73,57,472,436,908,179.2,15,1,1490,15,5,0,Alex Moreno,Girona FC,294593,24264,spain,2526,20260428
27,18,31.58,211,34,61.82,360,247,607,83.49,17,40.48,25,28,3,0,0,0,99,5,0,6,0,30,28,0,0,17,30,115,0,0,2.8,0.77,21,0,0.0,0,0,3,36,31,5,0,0,,121,57.35,0,0,0,120,12,21,0,23,1918,4,0.0,0,0,0,2,0.0,0,0,0,1,249,7,0,6.64,1,0,0,0,0,0,0,0,0.0,0.0,0,11,2,6,1,25,51.02,0,58,38,65.52,21,38,49,57,138,54.55,55,442,285,727,185.8,13,0,1195,38,4,1,Juanlu Sánchez,Sevilla,1010655,2833,spain,2526,20260428
24,11,18.03,122,26,23.42,208,157,365,63.59,21,42.0,29,27,0,0,0,0,72,1,0,3,4,59,26,0,0,6,23,86,0,2,0.94,0.33,22,0,0.0,1,0,0,21,19,2,0,0,,86,60.14,0,0,0,209,31,10,0,18,1722,1,3.0,0,0,0,0,0.0,0,0,0,0,344,4,0,6.63,0,0,0,0,0,0,0,0,0.0,0.0,0,3,8,7,1,6,40.0,0,46,30,65.22,10,73,15,61,107,55.44,111,370,204,574,172.5,11,0,1145,34,4,0,Diego Rico,Getafe,350560,2859,spain,2526,20260428
5,9,25.71,48,6,66.67,74,15,89,80.18,2,28.57,5,14,0,0,0,0,15,1,0,8,0,2,12,0,0,4,9,37,0,0,0.9,0.65,9,0,6.67,0,1,1,6,5,1,1,0,,17,34.69,0,0,0,22,2,8,0,4,345,0,0.0,0,0,0,0,0.0,0,0,0,0,72,3,0,6.63,0,1,0,0,0,0,0,0,345.0,0.0,0,6,9,4,3,6,35.29,0,5,5,100.0,8,12,17,35,19,33.93,9,92,19,111,79.6,15,0,230,6,0,0,Nico Serrano,Athletic Club,1019318,2825,spain,2526,20260428
4,6,23.08,34,6,42.86,54,37,91,74.59,8,66.67,4,9,2,0,0,0,23,4,1,0,0,2,9,0,0,8,2,35,0,0,0.96,0.47,9,0,0.0,0,0,2,8,8,0,0,0,,24,43.64,0,0,1,31,4,8,0,6,426,5,0.0,0,0,0,0,0.0,0,0,0,0,87,2,0,6.63,0,0,0,0,0,0,0,0,0.0,0.0,2,2,9,7,4,5,26.32,0,7,4,57.14,8,10,19,26,32,47.76,14,82,40,122,59.7,11,0,241,12,4,0,Cyril Ngonge,Espanyol,877037,2814,spain,2526,20260428
19,19,31.67,99,25,49.02,211,208,419,79.51,15,68.18,7,23,1,0,0,0,63,3,1,4,1,35,21,0,0,8,11,59,0,1,2.08,0.78,22,0,0.0,0,0,1,18,16,2,0,0,,34,39.53,0,0,0,108,10,15,0,13,1279,0,1.0,0,1,0,0,0.0,0,0,0,0,211,1,0,6.63,0,0,0,0,0,0,0,0,0.0,0.0,0,5,5,4,2,8,36.36,0,14,9,64.29,14,34,22,60,49,45.37,51,281,246,527,139.3,10,0,878,12,6,0,Youssef Enriquez,Deportivo Alavés,1403364,2885,spain,2526,20260428
1,1,25.0,5,2,50.0,11,1,12,63.16,0,0.0,2,4,1,0,0,0,4,1,0,1,1,4,3,0,0,3,3,16,0,0,0.01,0.02,7,0,0.0,0,0,1,1,1,0,0,0,,11,44.0,0,0,0,7,2,1,0,1,120,0,0.0,0,0,0,0,0.0,0,0,0,0,17,1,0,6.63,0,0,0,0,0,0,0,0,0.0,0.0,0,0,1,0,0,2,66.67,0,6,5,83.33,1,1,3,4,11,40.74,4,16,3,19,19.9,1,0,55,3,2,0,Ismael Bekhoucha,Getafe,1895964,2859,spain,2526,20260428
5,2,40.0,27,8,36.36,71,138,209,88.19,5,50.0,5,15,0,0,0,0,18,0,1,0,2,25,15,0,0,1,2,13,0,0,0.23,0.39,4,0,0.0,0,0,0,7,7,0,0,0,,8,50.0,0,0,0,28,4,2,0,7,660,0,6.0,0,0,0,1,0.0,0,0,0,0,47,0,0,6.63,0,0,0,0,0,0,0,0,0.0,0.0,0,1,0,1,0,2,66.67,0,4,3,75.0,2,11,3,5,13,50.0,22,88,149,237,99.5,1,0,328,2,1,0,Juan Cruz,Osasuna,897902,2820,spain,2526,20260428
8,2,25.0,14,8,28.57,28,10,38,53.52,4,50.0,4,10,0,0,0,0,14,1,1,1,3,18,9,0,0,2,12,23,0,1,0.14,0.3,5,0,0.0,0,0,0,2,2,0,0,0,,16,45.71,0,0,0,33,1,1,0,4,387,0,1.0,0,0,0,0,0.0,0,0,0,0,55,0,0,6.63,0,0,0,0,0,0,0,0,0.0,0.0,0,2,1,1,1,0,0.0,0,16,11,68.75,1,18,0,8,20,46.51,28,54,17,71,59.7,3,0,157,0,2,0,Sebastián Boselli,Getafe,1392092,2859,spain,2526,20260428
9,0,0.0,20,10,66.67,45,53,98,88.29,3,42.86,4,9,0,0,0,0,3,0,0,1,0,13,9,0,0,1,1,15,0,0,0.21,0.23,7,0,0.0,0,0,0,4,3,1,0,0,,12,52.17,0,0,0,13,2,2,0,3,255,0,3.0,0,0,0,0,0.0,0,0,0,0,21,0,0,6.63,1,0,0,0,0,0,0,0,0.0,0.0,0,3,0,0,2,0,0.0,0,10,5,50.0,2,11,2,0,15,50.0,15,55,56,111,59.7,3,0,158,2,0,1,Carlos Benavídez,Deportivo Alavés,873717,2885,spain,2526,20260428
9,11,16.42,163,10,55.56,266,217,483,83.71,18,36.73,31,31,2,0,0,0,98,3,6,16,2,10,31,0,1,32,24,196,0,0,1.23,6.19,50,0,8.7,0,6,8,32,25,7,5,1,,103,38.43,1,0,1,94,5,16,2,26,2116,17,4.0,0,0,0,0,0.0,0,0,0,1,325,13,0,6.63,1,3,0,0,0,0,0,0,352.67,0.0,0,43,26,23,30,27,30.34,0,44,32,72.73,16,15,89,67,121,38.17,18,331,246,577,205.6,69,0,1114,32,2,0,Ilyas Chaira,Real Oviedo,1008037,2851,spain,2526,20260428
30,6,18.75,190,40,44.94,353,461,814,81.4,40,71.43,16,30,3,0,0,0,124,3,1,6,4,67,30,0,0,11,41,130,1,0,1.21,0.62,43,0,5.88,0,1,4,42,39,3,1,0,,112,49.56,0,0,0,186,33,15,0,24,2160,1,7.0,0,0,0,2,0.0,0,0,0,0,344,5,0,6.63,0,1,0,0,0,0,0,0,2160.0,0.0,0,8,9,8,3,15,41.67,0,57,36,63.16,15,80,36,32,152,53.9,89,476,524,1000,198.9,17,1,1623,41,10,0,José Ángel Carmona,Sevilla,1015240,2833,spain,2526,20260428
20,43,24.02,258,20,40.82,394,142,536,77.01,28,36.36,49,28,3,0,0,0,84,7,7,12,2,16,28,0,0,40,21,166,1,1,5.34,4.08,24,0,4.88,0,2,5,27,21,6,1,1,,80,40.61,0,0,1,160,12,48,1,23,1967,6,0.0,1,0,0,0,0.0,0,0,0,0,428,19,0,6.63,0,1,0,0,0,0,0,0,983.5,0.0,0,34,7,10,19,20,38.46,0,23,12,52.17,48,51,52,179,108,39.42,49,530,166,696,185.6,41,1,1238,38,4,0,Álex Berenguer,Athletic Club,592012,2825,spain,2526,20260428
3,0,0.0,5,10,58.82,24,107,131,92.91,7,50.0,7,4,0,0,0,0,8,0,0,0,1,22,4,0,0,0,1,16,0,0,0.01,,9,0,0.0,0,0,0,5,5,0,0,0,,6,40.0,0,0,0,10,3,0,0,4,298,0,1.0,0,0,0,1,0.0,0,0,0,0,12,0,0,6.63,0,0,0,0,0,0,0,0,0.0,0.0,0,0,0,0,0,0,0.0,0,5,3,60.0,0,4,0,0,13,44.83,17,31,110,141,26.5,0,0,179,1,0,0,Fabio Cardoso,Sevilla,252815,2833,spain,2526,20260428
12,0,0.0,84,29,67.44,222,331,553,86.81,13,48.15,14,24,0,0,0,0,77,0,0,3,3,33,24,0,0,13,14,69,0,3,0.24,0.36,28,0,0.0,0,0,0,26,18,8,0,0,,41,42.71,0,0,1,84,14,3,0,20,1585,0,6.0,0,0,0,0,0.0,0,0,0,0,112,4,0,6.63,0,0,0,0,0,0,0,0,0.0,0.0,0,2,7,4,2,4,80.0,0,33,20,60.61,3,22,5,2,54,43.9,43,275,362,637,159.0,9,0,811,4,3,0,Kwasi Sibo,Real Oviedo,905639,2851,spain,2526,20260428
0,1,25.0,5,1,25.0,7,8,15,62.5,0,0.0,2,4,0,0,0,0,5,0,0,0,0,2,4,0,0,1,0,4,0,0,0.02,0.18,1,0,0.0,0,0,0,1,1,0,0,0,,9,81.82,0,0,0,9,0,0,0,0,63,0,0.0,0,0,0,0,0.0,0,0,0,0,15,1,0,6.63,0,0,0,0,0,0,0,0,0.0,0.0,0,2,2,3,1,2,100.0,0,4,1,25.0,0,1,2,4,9,69.23,4,15,9,24,26.5,4,0,49,3,0,0,Miguel Sierra,Sevilla,1518564,2833,spain,2526,20260428
13,0,0.0,25,27,41.54,64,166,230,78.5,11,68.75,5,8,0,0,0,0,14,0,0,0,0,14,8,0,0,1,1,9,0,1,0.04,0.1,2,0,0.0,6,0,0,8,8,0,0,0,,9,69.23,0,0,0,63,2,1,0,5,438,1,2.0,0,0,0,0,0.0,0,0,0,0,71,0,0,6.63,0,0,0,0,0,0,0,0,0.0,0.0,0,3,0,3,0,1,100.0,0,3,1,33.33,1,33,1,2,20,68.97,65,104,189,293,53.0,3,0,343,5,1,0,Marash Kumbulla,Mallorca,893642,2826,spain,2526,20260428
13,15,31.25,95,24,34.78,218,265,483,79.44,12,36.36,21,21,1,0,0,0,79,2,1,3,3,47,21,0,0,8,11,88,0,0,0.92,0.45,33,0,0.0,0,0,1,22,18,4,0,0,,78,53.79,0,0,0,125,16,15,0,17,1479,1,2.0,0,1,0,0,0.0,0,0,0,0,247,2,0,6.62,0,0,0,0,0,0,0,0,0.0,0.0,0,4,2,2,1,15,45.45,0,39,21,53.85,14,35,33,48,90,50.56,69,276,332,608,139.1,6,0,1089,26,3,0,Javi López,Real Oviedo,945404,2851,spain,2526,20260428
47,3,75.0,109,50,41.67,321,538,859,85.56,36,57.14,27,21,0,0,0,0,51,0,3,2,2,112,21,0,0,3,8,60,1,1,0.61,1.54,20,0,0.0,26,0,0,32,27,5,0,0,,44,57.14,0,0,0,145,22,5,0,19,1768,2,16.0,1,0,0,2,0.0,0,0,0,0,161,3,0,6.62,0,0,0,0,0,0,0,0,0.0,0.0,0,12,1,11,0,7,77.78,0,26,16,61.54,5,90,9,4,80,57.14,120,425,579,1004,139.1,13,0,1274,11,5,0,José Copete,Valencia,913695,2828,spain,2526,20260428
17,0,0.0,60,34,33.66,255,645,900,87.38,45,47.87,49,22,1,0,0,0,53,1,0,2,2,139,22,0,0,1,7,92,0,1,0.42,0.26,34,0,0.0,22,0,1,32,30,2,0,0,,37,46.25,0,0,0,130,21,5,0,21,1899,0,13.0,0,0,0,0,0.0,0,0,0,0,142,0,0,6.62,0,0,0,0,0,0,0,0,0.0,0.0,0,5,1,3,1,1,25.0,0,32,18,56.25,5,53,4,0,82,47.13,101,358,672,1030,145.7,6,0,1309,5,8,0,Igor Zubeldia,Real Sociedad,838159,2824,spain,2526,20260428
7,0,0.0,13,11,25.0,95,204,299,84.46,24,54.55,20,10,0,0,0,0,25,0,1,1,1,68,10,0,0,0,3,35,0,0,0.07,0.35,13,0,0.0,0,0,0,11,9,2,0,0,,16,51.61,0,0,0,55,7,0,0,8,792,2,9.0,0,0,0,0,0.0,0,0,0,0,64,0,0,6.62,0,0,0,0,0,0,0,0,0.0,0.0,0,7,1,3,4,0,0.0,0,13,8,61.54,0,22,0,1,40,53.33,44,135,219,354,66.2,8,0,480,3,3,0,Facundo Garcés,Deportivo Alavés,879875,2885,spain,2526,20260428
9,13,31.71,66,18,51.43,166,150,316,84.27,9,39.13,14,24,1,0,0,0,42,3,0,6,0,24,23,0,0,3,4,52,0,0,1.76,0.37,30,0,0.0,0,0,1,18,17,1,0,0,,32,45.71,0,0,0,59,7,16,0,11,919,0,4.0,0,0,0,1,0.0,0,0,0,0,102,7,0,6.62,0,0,0,0,0,0,0,0,0.0,0.0,1,2,12,3,5,6,75.0,0,22,12,54.55,16,17,8,41,41,44.09,35,207,168,375,152.2,14,0,530,4,4,0,Gerard Gumbau,Rayo Vallecano,326471,2818,spain,2526,20260428
11,11,17.74,116,20,37.74,238,278,516,80.12,19,63.33,11,24,0,0,0,0,71,2,0,2,3,64,23,0,0,4,7,39,1,1,0.99,0.04,9,0,0.0,0,0,0,29,25,4,0,0,,44,61.11,0,0,0,128,27,14,0,16,1526,8,6.0,0,0,0,0,0.0,0,0,0,0,255,1,0,6.62,0,0,0,0,0,0,0,0,0.0,0.0,0,1,1,0,0,7,43.75,0,31,16,51.61,14,28,16,62,63,61.76,53,314,330,644,152.2,2,0,1112,6,2,0,Abdel Rahim,Real Oviedo,1120504,2851,spain,2526,20260428
21,6,42.86,94,19,33.93,230,229,459,84.53,14,56.0,11,20,1,0,0,0,35,1,0,0,4,58,19,0,0,4,11,34,0,0,0.33,0.1,7,0,0.0,0,0,1,16,13,3,0,0,,20,46.51,0,0,0,84,8,7,0,15,1311,0,3.0,0,0,0,0,0.0,0,0,0,0,126,1,0,6.62,0,0,0,0,0,0,0,0,0.0,0.0,0,1,1,2,0,1,50.0,0,14,6,42.86,7,36,2,14,34,50.0,56,280,263,543,125.7,2,0,776,5,0,0,Ricardo Rodríguez,Real Betis,67769,2816,spain,2526,20260428
11,5,22.73,106,6,37.5,164,77,241,82.82,4,30.77,9,21,1,0,0,0,50,1,4,7,0,6,21,0,0,15,14,69,0,0,1.2,2.03,8,0,4.76,0,1,2,9,9,0,1,0,,32,34.78,0,0,2,50,4,14,0,7,753,0,0.0,0,0,0,0,0.0,0,0,0,0,124,9,0,6.61,0,1,0,0,0,0,0,0,753.0,0.0,0,12,9,8,6,9,25.71,0,13,8,61.54,14,15,35,22,36,34.29,16,201,90,291,138.9,21,0,467,10,2,0,Rodrigo Riquelme,Real Betis,989113,2816,spain,2526,20260428
19,0,0.0,92,48,37.5,238,313,551,77.39,40,57.97,29,31,0,0,0,0,95,0,0,2,7,139,31,0,1,10,9,78,0,2,0.18,0.13,32,0,0.0,2,0,0,27,23,4,0,0,,65,57.02,0,0,0,161,32,2,0,29,2385,0,10.0,0,0,0,0,0.0,0,0,0,1,206,2,0,6.61,1,0,0,0,0,0,0,0,0.0,0.0,0,2,2,2,0,9,90.0,0,33,23,69.7,2,54,10,9,105,57.38,128,365,347,712,205.0,4,0,1068,25,10,0,Djene Dakonam,Getafe,307702,2859,spain,2526,20260428
3,1,50.0,48,3,75.0,76,47,123,83.11,2,18.18,9,18,0,0,0,0,27,1,4,3,0,0,17,0,1,15,3,40,0,1,0.66,2.01,3,0,13.33,0,2,2,11,9,2,2,0,,25,44.64,0,0,1,25,2,11,1,5,567,2,0.0,0,0,0,0,0.0,0,0,0,0,71,5,0,6.61,1,1,0,0,0,0,0,0,283.5,0.0,0,12,3,5,7,11,50.0,0,4,3,75.0,11,7,22,2,27,40.3,4,96,52,148,112.4,15,0,254,10,2,0,Sergio Camello,Rayo Vallecano,910024,2818,spain,2526,20260428
38,0,0.0,61,62,39.74,189,363,552,75.41,64,61.54,40,29,1,0,0,0,80,1,0,1,7,170,29,0,0,3,9,80,0,0,0.19,0.83,29,0,8.33,0,1,2,31,26,5,1,0,,44,52.38,1,0,0,180,27,1,0,29,2496,3,14.0,1,0,0,2,0.0,0,0,0,0,194,1,0,6.61,0,0,0,0,0,0,0,0,2496.0,0.0,0,12,0,7,4,0,0.0,0,23,12,52.17,1,84,0,0,108,57.45,156,333,399,732,191.7,12,1,1061,21,10,0,Domingos Duarte,Getafe,576276,2859,spain,2526,20260428
6,6,50.0,29,4,36.36,47,18,65,69.89,9,50.0,9,13,0,0,0,0,12,0,2,4,0,7,11,0,0,4,3,23,0,0,0.6,1.61,6,0,12.5,0,1,1,4,3,1,1,0,,8,36.36,0,0,0,28,3,8,0,3,367,2,0.0,0,0,1,0,100.0,0,1,0,0,52,3,0,6.61,0,1,0,0,0,0,0,0,367.0,0.0,1,6,2,2,2,0,0.0,0,1,1,100.0,8,17,2,12,17,42.5,11,71,22,93,72.7,8,0,160,8,4,0,Chimy Ávila,Real Betis,789381,2816,spain,2526,20260428
5,1,4.76,25,1,16.67,49,32,81,77.14,1,33.33,2,12,0,0,0,0,23,2,0,7,0,4,11,0,0,9,4,33,0,0,0.57,0.5,6,0,0.0,0,0,0,6,4,2,0,0,,19,38.0,0,0,0,24,2,6,0,4,476,1,1.0,0,0,0,0,0.0,0,0,0,0,80,4,0,6.61,0,0,0,0,0,0,0,0,0.0,0.0,0,7,5,1,4,9,39.13,0,4,1,25.0,6,5,23,21,20,37.74,6,67,38,105,72.7,12,0,217,6,2,0,Paco Cortés,Levante UD,1869106,2849,spain,2526,20260428
0,0,0.0,50,1,100.0,105,57,162,83.94,18,66.67,9,25,0,0,0,0,21,1,5,1,0,4,23,0,0,8,2,33,0,0,0.76,3.98,5,0,28.57,0,4,4,9,7,2,3,1,,16,40.0,1,0,0,31,3,8,1,6,716,0,0.0,0,0,0,0,0.0,0,0,0,0,76,8,0,6.61,0,2,0,0,0,0,0,0,179.0,0.0,0,13,1,4,9,2,18.18,0,11,6,54.55,8,0,11,1,34,50.75,1,126,67,193,152.0,14,1,296,3,1,0,Gonzalo García,Real Madrid,1402716,2829,spain,2526,20260428
9,1,50.0,40,7,70.0,75,73,148,71.84,45,52.94,40,16,0,0,0,1,28,0,4,4,1,12,16,0,0,21,2,83,0,1,0.33,3.03,11,0,8.33,0,2,2,17,15,2,2,0,,32,42.67,1,0,0,58,1,5,0,13,1037,12,1.0,0,0,1,0,0.0,0,0,0,0,121,2,0,6.61,0,1,0,0,0,0,0,0,518.5,0.0,0,19,5,15,5,9,47.37,0,3,0,0.0,5,14,19,2,77,48.13,10,122,84,206,105.7,24,0,376,21,2,0,Salomón Rondón,Real Oviedo,35532,2851,spain,2526,20260428
4,10,20.83,28,7,58.33,43,22,65,69.15,7,63.64,4,23,2,0,0,0,11,0,0,1,0,5,23,0,0,9,4,39,0,0,0.72,0.58,11,0,20.0,1,1,3,5,4,1,1,0,,15,30.0,0,0,0,29,2,8,0,2,384,1,1.0,0,0,0,0,0.0,0,0,0,0,97,4,0,6.6,0,1,0,0,0,0,0,0,384.0,0.0,0,4,1,2,2,5,31.25,0,5,2,40.0,8,6,16,48,22,36.07,12,66,28,94,151.9,5,0,222,5,3,0,Kike Barja,Osasuna,591132,2820,spain,2526,20260428
20,5,23.81,142,11,50.0,207,81,288,75.59,12,36.36,21,23,1,0,0,0,53,1,3,6,1,3,23,0,0,11,13,68,0,2,1.48,2.65,12,0,14.29,0,3,4,30,27,3,3,0,,43,47.78,1,0,0,93,5,21,0,10,1095,9,0.0,0,0,1,0,100.0,0,1,0,0,180,5,0,6.6,0,2,0,0,0,0,0,0,365.0,0.0,1,17,4,8,7,5,27.78,0,17,10,58.82,21,44,18,21,55,44.72,22,275,106,381,151.8,21,0,585,21,1,0,Alexis Sánchez,Sevilla,34120,2833,spain,2526,20260428
2,0,0.0,40,3,75.0,66,32,98,59.39,30,36.59,52,13,0,0,0,0,22,0,1,2,1,12,13,0,0,12,2,90,0,1,0.25,1.18,20,0,21.43,0,3,3,5,3,2,3,0,,28,42.42,0,0,0,67,4,2,2,12,971,16,1.0,0,0,0,0,0.0,0,0,0,1,128,1,0,6.6,0,1,0,0,0,0,0,0,323.67,0.0,0,11,3,5,7,1,12.5,0,5,3,60.0,2,3,8,2,58,39.19,4,121,44,165,85.8,14,0,321,23,1,0,Luis Vázquez,Getafe,974713,2859,spain,2526,20260428
0,0,0.0,1,0,0.0,2,2,4,66.67,0,0.0,0,1,1,0,0,0,1,0,0,0,0,0,1,0,0,0,0,2,0,0,0.07,,0,0,0.0,0,0,1,1,1,0,0,0,,1,33.33,0,0,0,2,0,1,0,0,14,0,0.0,0,0,0,0,0.0,0,0,0,0,4,0,0,6.6,0,0,0,0,0,0,0,0,0.0,0.0,0,0,0,0,0,0,0.0,0,1,1,100.0,1,0,2,0,1,33.33,0,4,2,6,6.6,0,0,12,0,0,0,Alex Sanchez,Elche,2216007,2846,spain,2526,20260428
0,0,0.0,0,0,0.0,0,0,0,0.0,0,0.0,1,1,0,0,0,0,0,0,0,0,0,0,1,0,0,0,0,3,0,0,,,0,0,0.0,0,0,0,0,0,0,0,0,,2,50.0,0,0,0,0,0,0,0,0,12,0,0.0,0,0,0,0,0.0,0,0,0,0,3,0,0,6.6,0,0,0,0,0,0,0,0,0.0,0.0,0,0,0,0,0,0,0.0,0,0,0,0.0,0,0,2,0,2,40.0,0,0,0,0,6.6,0,0,7,2,0,0,Álex Sola,Getafe,966836,2859,spain,2526,20260428
0,0,0.0,1,1,100.0,5,6,11,84.62,0,0.0,0,1,0,0,0,0,3,0,0,0,0,0,1,0,0,1,0,1,0,0,0.0,,0,0,0.0,0,0,0,0,0,0,0,0,,0,0.0,0,0,0,2,0,0,0,0,25,0,0.0,0,0,0,0,0.0,0,0,0,0,6,1,0,6.6,0,0,0,0,0,0,0,0,0.0,0.0,0,0,0,0,0,0,0.0,0,0,0,0.0,0,0,0,3,0,0.0,1,6,7,13,6.6,0,0,18,0,0,0,Jairo Izquierdo,Elche,602164,2846,spain,2526,20260428
1,0,0.0,0,2,100.0,4,6,10,83.33,0,0.0,0,1,0,0,0,0,0,0,0,0,0,0,1,0,0,0,0,0,0,0,0.0,,0,0,0.0,0,0,0,0,0,0,0,0,,0,0.0,0,0,0,2,0,0,0,0,13,0,,0,0,0,0,0.0,0,0,0,0,2,0,0,6.6,0,0,0,0,0,0,0,0,0.0,0.0,0,0,0,0,0,0,0.0,0,0,0,0.0,0,1,0,0,0,0.0,2,5,7,12,6.6,0,0,14,0,0,0,Borja Sánchez,Real Oviedo,758666,2851,spain,2526,20260428
0,0,0.0,4,1,33.33,11,40,51,87.93,3,75.0,1,2,0,0,0,0,4,0,0,0,0,3,1,0,0,3,1,5,0,0,0.01,,0,0,0.0,0,0,0,2,2,0,0,0,,6,60.0,0,0,0,7,5,0,0,1,91,0,0.0,0,0,0,0,0.0,0,0,0,0,11,1,0,6.6,0,0,0,0,0,0,0,0,0.0,0.0,0,0,0,0,0,2,100.0,0,1,1,100.0,0,2,2,0,9,64.29,3,16,42,58,6.6,0,0,88,3,0,0,Xavi Espart,FC Barcelona,1546073,2817,spain,2526,20260428
0,0,0.0,1,0,0.0,1,3,4,66.67,0,0.0,0,2,0,0,0,0,0,0,0,0,0,1,1,0,0,0,2,2,0,0,0.0,,0,0,0.0,0,0,0,0,0,0,0,0,,1,33.33,0,0,0,2,0,0,0,0,12,0,0.0,0,0,0,0,0.0,0,0,0,0,2,0,0,6.6,0,0,0,0,0,0,0,0,0.0,0.0,0,0,0,0,0,0,0.0,0,1,0,0.0,0,0,0,0,1,33.33,1,3,3,6,6.6,0,0,8,0,0,0,Jorge Cestero,Real Madrid,1590121,2829,spain,2526,20260428
9,6,23.08,66,16,64.0,105,47,152,72.73,0,0.0,5,14,0,0,0,0,25,3,0,1,0,1,14,0,0,3,6,26,0,0,1.12,0.29,7,0,0.0,0,0,0,14,13,1,0,0,,22,51.16,0,0,0,57,3,11,0,6,483,0,0.0,0,0,0,1,0.0,0,0,0,0,99,3,0,6.6,0,0,0,0,0,0,0,0,0.0,0.0,0,3,6,5,3,4,36.36,0,12,7,58.33,11,17,11,26,22,45.83,25,149,60,209,92.4,9,0,314,6,1,0,Josip Brekalo,Real Oviedo,357598,2851,spain,2526,20260428
1,0,0.0,8,0,0.0,14,10,24,88.89,0,0.0,0,2,0,0,0,0,2,0,0,1,0,0,2,0,0,1,1,4,0,0,0.06,0.14,1,0,0.0,0,0,0,1,1,0,0,0,,5,55.56,0,0,0,3,3,1,0,0,51,0,0.0,0,0,0,0,0.0,0,0,0,0,8,0,0,6.6,0,0,0,0,0,0,0,0,0.0,0.0,0,1,0,0,0,2,66.67,0,1,1,100.0,1,1,3,1,5,55.56,0,16,11,27,13.2,1,0,45,2,0,0,César Palacios,Real Madrid,1402688,2829,spain,2526,20260428
0,0,0.0,5,0,0.0,8,4,12,92.31,0,0.0,0,2,0,0,0,0,3,0,0,0,0,2,2,0,0,0,0,0,0,0,0.08,0.09,0,0,0.0,0,0,0,1,1,0,0,0,,0,0.0,0,0,0,1,0,0,0,1,41,1,1.0,0,0,0,0,0.0,0,0,0,0,2,0,0,6.6,0,0,0,0,0,0,0,0,0.0,0.0,0,1,1,1,1,0,0.0,0,0,0,0.0,0,0,0,0,0,0.0,0,9,4,13,13.2,2,0,20,0,0,0,Donny van de Beek,Girona FC,361790,24264,spain,2526,20260428
3,0,0.0,23,4,57.14,58,61,119,88.15,3,60.0,2,11,0,0,0,0,9,0,0,0,0,7,11,0,1,0,1,13,0,0,0.05,0.07,8,0,0.0,0,0,0,6,5,1,0,0,,10,47.62,0,0,0,16,5,1,0,1,217,0,0.0,0,0,0,0,0.0,0,0,0,0,23,0,0,6.6,1,0,0,0,0,0,0,0,0.0,0.0,0,1,0,1,0,0,0.0,0,6,3,50.0,1,4,2,0,13,50.0,7,69,66,135,72.6,1,0,176,5,0,0,Federico Redondo,Elche,1117026,2846,spain,2526,20260428
1,0,0.0,8,0,0.0,24,8,32,84.21,0,0.0,0,4,0,0,0,0,8,0,0,0,0,2,4,0,0,0,1,2,0,0,0.02,0.06,1,0,0.0,0,0,0,1,0,1,0,0,,6,75.0,0,0,0,6,2,0,0,0,77,0,0.0,0,0,0,0,0.0,0,0,0,0,9,1,0,6.6,0,0,0,0,0,0,0,0,0.0,0.0,0,0,1,1,0,1,100.0,0,5,0,0.0,0,1,1,0,6,75.0,0,28,10,38,26.4,1,0,56,0,1,0,Carlos Maciá,Villarreal,2238900,2819,spain,2526,20260428
1,0,0.0,19,1,100.0,42,20,62,89.86,0,0.0,0,4,0,0,0,0,6,0,0,1,0,1,3,0,0,1,2,6,0,0,0.07,0.05,2,0,0.0,0,0,0,3,3,0,0,0,,9,60.0,0,0,0,7,0,0,0,1,95,0,0.0,1,0,0,0,0.0,0,0,0,0,12,0,0,6.6,0,0,0,0,0,0,0,0,0.0,0.0,0,1,1,0,1,1,50.0,0,4,3,75.0,0,1,2,0,9,60.0,1,48,21,69,19.8,2,0,88,4,0,0,Manuel Ángel Morán,Real Madrid,1142683,2829,spain,2526,20260428
0,0,0.0,8,1,100.0,13,10,23,95.83,0,0.0,1,3,0,0,0,0,9,0,0,1,0,1,3,0,0,1,0,8,0,0,0.01,0.04,3,0,0.0,0,0,0,0,0,0,0,0,,5,41.67,0,0,0,1,1,1,0,0,60,0,0.0,0,0,0,0,0.0,0,0,0,0,17,1,0,6.6,0,0,0,0,0,0,0,0,0.0,0.0,0,0,1,0,0,4,57.14,0,1,1,100.0,1,0,7,5,5,38.46,1,14,10,24,19.8,1,0,54,0,0,0,Luca Koleosho,Espanyol,1216282,2814,spain,2526,20260428
0,0,0.0,5,0,0.0,11,2,13,92.86,1,100.0,0,2,0,0,0,0,1,0,0,0,0,1,2,0,0,0,2,5,0,0,0.01,0.02,2,0,0.0,0,0,0,0,0,0,0,0,,4,44.44,0,0,0,1,0,0,0,0,28,0,0.0,0,0,0,0,0.0,0,0,0,0,6,0,0,6.6,0,0,0,0,0,0,0,0,0.0,0.0,0,1,0,0,1,1,50.0,0,2,2,100.0,0,0,2,3,5,50.0,0,12,2,14,13.2,1,0,26,1,0,0,Jano Monserrate,Atlético Madrid,1832286,2836,spain,2526,20260428
1,8,14.29,147,6,35.29,227,78,305,71.76,21,44.68,26,25,4,0,0,0,62,5,9,17,1,10,25,0,0,28,11,123,0,0,2.74,4.76,22,0,4.26,0,2,6,27,21,6,2,0,,39,28.68,0,0,1,120,5,19,0,21,1830,7,2.0,0,1,1,0,100.0,0,1,0,2,303,15,0,6.6,0,2,0,0,0,0,0,0,915.0,0.0,0,40,7,15,15,9,19.15,0,9,8,88.89,18,10,47,56,60,32.79,17,328,97,425,164.9,47,1,775,21,2,0,Iñaki Williams,Athletic Club,783374,2825,spain,2526,20260428
3,8,25.0,43,2,25.0,89,42,131,74.01,3,30.0,7,22,0,0,0,0,34,2,0,8,0,7,22,0,0,6,7,55,0,0,1.31,1.79,12,0,5.0,0,1,1,18,15,3,1,0,,43,47.25,0,0,0,46,5,12,0,8,790,2,0.0,0,0,0,0,0.0,0,0,0,0,128,3,0,6.6,0,1,0,0,0,0,0,0,790.0,0.0,0,13,7,7,5,15,39.47,0,7,5,71.43,12,10,38,32,46,45.54,8,126,51,177,145.1,20,0,365,21,1,0,Jofre Carreras,Espanyol,1019236,2814,spain,2526,20260428
12,0,0.0,60,18,66.67,130,76,206,77.44,13,56.52,10,21,0,0,0,0,37,0,1,0,0,10,20,0,0,6,12,38,0,2,0.18,0.15,8,0,0.0,0,0,0,11,10,1,0,0,,30,51.72,0,0,0,60,9,4,0,1,435,0,0.0,0,0,0,0,0.0,0,0,0,0,81,6,0,6.6,0,0,0,0,0,0,0,0,0.0,0.0,0,1,2,3,0,6,75.0,0,17,11,64.71,4,29,8,3,43,53.09,27,176,90,266,131.9,3,0,361,7,0,0,Mikel Vesga,Athletic Club,359742,2825,spain,2526,20260428
3,2,22.22,124,9,52.94,201,105,306,78.26,25,35.71,45,27,2,0,0,0,50,4,7,12,1,13,27,0,0,34,8,125,0,0,1.49,4.05,26,0,2.94,0,1,3,21,19,2,0,1,,77,49.04,0,0,2,85,4,13,0,16,1366,4,1.0,0,0,0,0,0.0,0,0,0,1,200,7,0,6.59,0,1,0,0,0,0,0,0,1366.0,0.0,0,26,8,13,9,16,51.61,0,22,11,50.0,13,9,31,9,102,44.93,17,264,127,391,178.0,34,0,702,39,1,0,Lucas Beltrán,Valencia,962029,2828,spain,2526,20260428
37,25,39.06,141,46,32.62,306,408,714,75.64,12,27.91,31,32,3,0,0,0,84,10,0,4,8,87,32,0,0,10,19,99,0,0,3.87,0.97,27,0,11.11,0,1,4,45,39,6,1,0,,83,54.97,0,0,0,230,30,25,0,32,2790,2,15.0,0,0,0,1,0.0,0,0,0,0,361,5,0,6.59,0,1,0,0,0,0,0,0,2790.0,0.0,0,4,5,4,1,4,23.53,0,61,37,60.66,25,107,17,64,95,48.97,141,483,461,944,210.9,9,1,1597,18,7,0,Jeremy Toljan,Levante UD,149606,2849,spain,2526,20260428
4,1,50.0,32,9,60.0,71,65,136,76.4,19,61.29,12,11,0,0,0,0,16,0,1,2,0,17,10,0,0,7,5,38,1,0,0.19,0.4,11,0,0.0,0,0,0,21,20,1,0,0,,26,50.0,0,0,0,42,2,0,0,6,444,1,2.0,0,0,0,0,0.0,0,0,0,1,64,2,0,6.59,0,0,0,0,0,0,0,0,0.0,0.0,0,4,2,3,1,4,57.14,0,7,4,57.14,0,9,7,2,45,54.22,15,103,75,178,65.9,6,0,274,15,1,0,Yangel Herrera,Real Sociedad,839585,2824,spain,2526,20260428
4,7,17.5,93,5,27.78,207,152,359,85.48,11,52.38,10,19,1,0,0,0,39,0,0,0,2,35,19,0,0,11,13,53,0,1,0.86,0.25,12,0,0.0,0,0,1,19,16,3,0,0,,49,53.26,0,0,0,61,12,9,0,12,1042,0,1.0,0,0,0,0,0.0,0,0,0,0,150,3,0,6.59,0,0,0,0,0,0,0,0,0.0,0.0,0,2,3,4,1,10,58.82,0,29,20,68.97,9,14,17,40,60,53.1,18,253,167,420,125.2,5,0,765,10,3,0,Andoni Gorosabel,Athletic Club,866810,2825,spain,2526,20260428
5,5,25.0,68,6,66.67,105,62,167,83.92,2,15.38,11,10,0,0,0,1,33,2,6,0,0,3,9,0,0,5,5,39,0,0,0.83,3.47,11,0,13.33,0,2,2,13,9,4,2,0,,15,34.88,1,0,0,32,3,10,0,8,678,0,1.0,0,0,2,0,50.0,0,1,0,0,77,6,0,6.59,0,1,0,0,0,0,0,0,339.0,0.0,0,12,3,6,9,5,35.71,0,4,2,50.0,10,7,14,20,17,30.36,9,132,67,199,59.3,15,0,311,6,2,0,Javi Puado,Espanyol,891511,2814,spain,2526,20260428
4,1,12.5,73,1,25.0,134,81,215,69.58,49,31.21,108,33,2,0,0,0,53,6,7,13,4,23,33,0,0,31,9,188,0,1,2.53,7.78,33,0,11.32,0,6,8,31,26,5,5,1,,53,39.85,3,0,1,94,5,16,0,21,2054,6,3.0,0,0,1,0,100.0,0,1,0,1,209,16,0,6.59,0,3,0,0,0,0,0,0,342.33,0.0,0,46,7,19,21,9,39.13,0,10,4,40.0,16,10,23,8,102,35.17,4,209,100,309,217.4,53,0,640,37,3,0,Roberto Fernández,Espanyol,1392592,2814,spain,2526,20260428
1,2,100.0,23,4,40.0,48,44,92,85.19,1,33.33,2,8,0,0,0,0,9,0,0,0,0,3,8,0,0,1,2,9,0,0,0.22,0.05,4,0,0.0,0,0,0,2,2,0,0,0,,7,50.0,0,0,0,16,0,2,0,2,279,0,0.0,0,0,0,0,0.0,0,0,0,0,27,0,0,6.59,0,0,0,0,0,0,0,0,0.0,0.0,0,1,1,2,0,1,100.0,0,3,1,33.33,2,2,1,2,8,47.06,10,60,48,108,52.7,2,0,147,3,2,0,Manu Bueno,Sevilla,1142094,2833,spain,2526,20260428
0,1,14.29,5,1,33.33,9,10,19,59.38,2,40.0,3,7,1,0,0,0,9,1,0,2,0,4,7,0,0,2,0,11,0,0,0.24,0.11,3,0,0.0,0,0,1,2,2,0,0,0,,7,46.67,0,0,0,13,0,2,0,2,217,0,0.0,0,0,0,0,0.0,0,0,0,0,33,0,0,6.59,0,0,0,0,0,0,0,0,0.0,0.0,0,3,0,1,0,1,25.0,0,3,2,66.67,2,3,4,7,9,45.0,3,19,13,32,46.1,3,0,80,3,0,0,Marc Domenech,Mallorca,1914318,2826,spain,2526,20260428
0,3,42.86,21,1,33.33,37,16,53,84.13,0,0.0,2,6,0,0,0,0,1,0,0,0,0,0,6,0,0,1,4,10,0,0,0.32,0.17,2,0,0.0,0,0,0,2,2,0,0,0,,6,42.86,0,0,0,10,0,3,0,0,73,0,0.0,0,0,0,0,0.0,0,0,0,0,24,0,0,6.58,0,0,0,0,0,0,0,0,0.0,0.0,0,1,0,0,1,0,0.0,0,3,0,0.0,3,1,1,7,6,37.5,3,45,18,63,39.5,1,0,92,3,2,0,Óscar Trejo,Rayo Vallecano,21949,2818,spain,2526,20260428
4,7,16.28,89,5,55.56,142,84,226,82.48,1,5.0,19,26,1,0,0,0,74,3,2,3,0,3,26,0,0,14,14,74,0,0,1.18,1.66,13,0,13.33,0,2,3,16,15,1,2,0,,42,43.3,0,0,1,48,2,13,0,10,1115,5,2.0,0,0,0,0,0.0,0,0,0,0,150,13,0,6.58,0,2,0,0,0,0,0,0,557.5,0.0,0,10,5,4,8,13,48.15,0,14,10,71.43,13,7,27,43,43,36.75,9,174,100,274,171.1,15,0,501,15,4,0,Fran Pérez,Rayo Vallecano,966637,2818,spain,2526,20260428
1,0,0.0,19,0,0.0,30,12,42,82.35,9,50.0,9,10,0,0,0,0,4,0,2,3,0,5,10,0,0,3,1,19,0,0,0.07,0.88,6,0,14.29,0,1,1,4,4,0,1,0,,8,44.44,0,0,0,9,0,3,1,1,211,4,1.0,0,0,0,0,0.0,0,0,0,0,26,1,0,6.58,0,0,0,0,0,0,0,0,211.0,0.0,0,6,1,3,1,2,100.0,0,2,2,100.0,3,2,2,0,17,47.22,1,39,12,51,65.8,7,0,99,4,1,0,Randy Nteka,Rayo Vallecano,932764,2818,spain,2526,20260428
0,0,0.0,15,0,0.0,24,9,33,67.35,9,36.0,16,5,0,0,0,0,1,0,0,1,0,4,5,0,0,3,0,22,0,0,0.03,0.73,4,0,14.29,0,1,1,4,3,1,1,0,,3,33.33,0,0,0,16,1,0,0,2,288,1,0.0,0,0,0,0,0.0,0,0,0,0,29,0,0,6.58,0,0,0,0,0,0,0,0,288.0,0.0,0,5,2,4,2,0,0.0,0,2,0,0.0,0,1,0,0,12,35.29,2,37,12,49,32.9,7,0,83,1,0,0,Ibrahim Diabaté,Deportivo Alavés,1084043,2885,spain,2526,20260428
0,4,57.14,47,1,25.0,67,25,92,80.7,2,28.57,5,18,0,0,0,0,21,0,2,6,1,6,18,0,0,15,4,48,0,0,0.39,1.75,9,0,11.76,0,2,2,8,7,1,2,0,,13,23.21,0,0,0,22,2,9,0,6,547,1,0.0,0,0,0,0,0.0,0,0,0,0,74,2,0,6.58,0,2,0,0,0,0,0,0,273.5,0.0,0,11,6,1,10,6,28.57,0,1,0,0.0,9,2,21,7,15,23.81,4,83,31,114,118.4,17,0,233,6,0,0,Alfon González,Villarreal,1468090,2819,spain,2526,20260428
3,0,0.0,7,0,0.0,16,8,24,66.67,5,38.46,8,8,0,0,0,0,3,0,2,0,0,0,8,0,0,2,2,15,0,0,0.11,0.15,2,0,50.0,0,1,1,4,4,0,1,0,,4,36.36,0,0,0,12,0,3,0,0,176,3,0.0,0,0,0,0,0.0,0,0,0,0,21,0,0,6.58,0,1,0,0,0,0,0,0,176.0,0.0,0,2,0,1,1,1,50.0,0,2,0,0.0,3,4,2,0,9,37.5,2,25,11,36,52.6,2,0,61,1,0,0,Juanmi,Getafe,96369,2859,spain,2526,20260428
12,1,8.33,42,10,83.33,67,24,91,79.82,0,0.0,3,12,1,0,0,0,14,1,0,4,0,1,11,0,0,6,1,22,0,0,0.37,0.21,6,0,0.0,0,0,1,4,3,1,0,0,,12,38.71,0,0,0,23,4,2,0,3,283,0,0.0,0,0,0,0,0.0,0,0,0,0,58,5,0,6.57,0,0,0,0,0,0,0,0,0.0,0.0,1,3,5,3,1,3,33.33,0,7,4,57.14,2,15,9,12,12,35.29,12,85,29,114,72.3,8,0,196,2,0,0,Dani Raba,Valencia,873947,2828,spain,2526,20260428
1,1,100.0,14,0,0.0,20,11,31,57.41,7,46.67,8,11,0,0,0,0,10,1,1,5,0,4,10,0,0,11,1,28,0,0,0.23,1.02,2,0,10.0,0,1,1,5,5,0,1,0,,14,41.18,0,0,0,23,1,1,0,2,239,3,0.0,0,0,0,0,0.0,0,0,0,0,44,1,0,6.57,0,1,0,0,0,0,0,0,239.0,0.0,0,8,2,1,4,9,60.0,0,4,3,75.0,1,2,15,1,21,42.86,1,37,17,54,65.7,10,0,116,1,1,0,Goduine Koyalipou,Levante UD,891505,2849,spain,2526,20260428
18,38,31.15,271,22,42.31,484,234,718,85.17,14,41.18,20,33,4,0,0,0,83,6,2,11,0,22,33,0,0,34,25,128,1,1,3.36,2.71,37,0,0.0,0,0,4,32,30,2,0,0,,85,44.04,0,0,0,125,10,38,0,23,1978,1,2.0,0,0,0,0,0.0,0,0,0,0,295,7,0,6.57,0,0,0,0,0,0,0,0,0.0,0.0,0,17,13,14,5,13,46.43,0,36,24,66.67,38,42,28,122,99,43.61,52,574,269,843,216.8,30,0,1277,36,4,0,Carles Aleñá,Deportivo Alavés,794937,2885,spain,2526,20260428
11,0,0.0,92,13,52.0,152,72,224,71.57,11,44.0,14,26,2,0,0,0,42,3,5,11,1,11,26,0,0,13,8,68,0,0,1.46,3.89,14,0,6.06,0,2,4,23,20,3,2,0,,28,34.15,0,0,0,89,3,10,1,16,1292,15,2.0,0,0,0,0,0.0,0,0,0,0,161,13,0,6.57,0,1,0,0,0,0,0,0,646.0,0.0,0,26,7,8,14,5,19.23,0,12,9,75.0,10,20,26,11,39,36.45,25,216,97,313,170.8,33,0,495,11,1,0,Pablo Durán,Celta Vigo,1398524,2821,spain,2526,20260428
0,2,20.0,16,0,0.0,23,4,27,72.97,0,0.0,6,6,2,0,0,0,4,2,0,0,0,0,6,0,0,5,1,26,0,0,0.33,0.08,6,0,0.0,0,0,2,1,1,0,0,0,,18,47.37,0,0,0,10,0,6,0,3,291,4,0.0,0,0,0,0,0.0,0,0,0,0,41,0,0,6.57,0,0,0,0,0,0,0,0,0.0,0.0,0,2,1,0,3,5,38.46,0,0,0,0.0,6,2,13,10,18,40.91,2,33,4,37,39.4,3,0,100,13,2,0,Zito Luvumbo,Mallorca,1000150,2826,spain,2526,20260428
0,0,0.0,16,1,100.0,33,7,40,85.11,2,66.67,1,4,0,0,0,0,3,0,0,0,0,0,3,0,0,2,1,5,0,0,0.05,,1,0,0.0,0,0,0,1,1,0,0,0,,6,60.0,0,0,0,7,0,2,0,1,90,1,0.0,0,0,0,0,0.0,0,0,0,0,10,0,0,6.57,0,0,0,0,0,0,0,0,0.0,0.0,0,0,0,0,0,4,100.0,0,1,0,0.0,2,0,4,0,8,61.54,1,37,10,47,19.7,0,0,60,1,0,0,Dro Fernández,FC Barcelona,1926085,2817,spain,2526,20260428
0,0,0.0,4,0,0.0,12,5,17,73.91,1,100.0,0,3,0,0,0,0,5,0,0,0,0,0,3,0,0,1,0,2,0,0,0.01,0.02,1,0,0.0,0,0,0,1,1,0,0,0,,6,75.0,0,0,0,6,0,0,0,1,79,1,0.0,0,0,0,0,0.0,0,0,0,0,15,0,0,6.57,0,0,0,0,0,0,0,0,0.0,0.0,0,1,0,1,0,2,100.0,0,2,1,50.0,0,0,2,4,7,77.78,2,14,9,23,19.7,1,0,43,2,0,0,Alejandro Mestanza,Getafe,1520814,2859,spain,2526,20260428
9,5,13.89,182,22,64.71,340,237,577,86.12,13,54.17,11,30,1,0,0,0,89,3,1,12,2,15,30,0,0,17,26,80,0,0,1.45,1.53,15,0,0.0,0,0,1,29,25,4,0,0,,53,43.44,0,0,1,93,4,22,0,18,1619,0,1.0,0,0,0,0,0.0,0,0,0,0,193,11,0,6.56,0,0,0,0,0,0,0,0,0.0,0.0,1,8,31,22,5,10,45.45,0,33,22,66.67,22,17,22,36,66,45.21,34,412,258,670,196.9,39,0,942,10,2,0,Pedro Díaz,Rayo Vallecano,900669,2818,spain,2526,20260428
19,10,24.39,144,23,44.23,241,216,457,77.85,18,50.0,18,27,1,0,0,0,100,2,1,1,2,42,27,0,0,12,14,75,2,0,1.33,0.69,21,0,12.5,0,1,2,23,18,5,1,0,,56,49.56,0,0,0,130,34,16,0,24,1975,5,2.0,0,0,0,0,0.0,0,0,0,0,237,6,0,6.56,0,1,0,0,0,0,0,0,1975.0,0.0,0,5,3,4,3,7,35.0,0,38,21,55.26,16,43,20,41,74,49.66,52,340,247,587,177.2,8,0,1028,11,6,0,Kiko Femenía,Getafe,53739,2859,spain,2526,20260428
3,0,0.0,33,5,41.67,84,81,165,85.49,8,53.33,7,8,0,0,0,0,14,1,0,0,0,9,8,0,0,1,1,36,0,1,0.06,0.1,16,0,0.0,0,0,0,7,7,0,0,0,,25,46.3,0,0,0,28,5,1,0,6,405,0,1.0,0,0,0,0,0.0,0,0,0,0,63,0,0,6.56,0,0,0,0,0,0,0,0,0.0,0.0,0,1,0,1,0,4,25.0,0,16,10,62.5,1,9,16,9,33,47.83,12,103,90,193,52.5,1,0,313,6,2,0,Buba Sangare,Elche,1542721,2846,spain,2526,20260428
7,5,27.78,70,1,10.0,138,133,271,84.42,14,66.67,7,10,1,0,0,0,21,2,0,2,0,25,10,0,0,5,6,32,1,0,0.68,0.46,10,0,0.0,0,0,1,11,7,4,0,0,,31,55.36,0,0,0,50,8,8,0,8,676,0,1.0,0,0,0,0,0.0,0,0,0,0,89,0,0,6.56,0,0,0,0,0,0,0,0,0.0,0.0,0,5,0,3,0,3,42.86,0,21,12,57.14,8,16,7,18,45,58.44,10,165,156,321,65.6,5,0,515,7,2,0,Junior Firpo,Real Betis,914835,2816,spain,2526,20260428
1,9,20.45,145,7,46.67,230,151,381,84.11,4,23.53,13,25,3,0,0,0,67,6,2,9,0,10,25,0,0,41,15,128,1,0,2.5,1.76,17,0,0.0,0,0,3,18,16,2,0,0,,94,44.98,0,0,0,72,9,19,0,17,1418,6,1.0,0,0,0,0,0.0,0,0,0,0,248,6,0,6.56,0,0,0,0,0,0,0,0,0.0,0.0,0,16,4,6,5,28,39.44,0,30,19,63.33,19,8,71,44,98,43.36,15,283,170,453,163.9,20,0,837,36,4,0,Bryan Gil,Girona FC,910026,24264,spain,2526,20260428
1,1,9.09,7,2,50.0,16,16,32,71.11,0,0.0,4,9,0,0,0,0,15,0,0,2,0,4,9,0,0,3,0,13,0,0,0.14,0.13,4,0,0.0,0,0,0,4,2,2,0,0,,3,25.0,0,0,0,13,3,2,0,0,171,1,0.0,0,0,0,0,0.0,0,0,0,0,35,1,0,6.56,0,0,0,0,0,0,0,0,0.0,0.0,0,3,0,1,0,0,0.0,0,2,1,50.0,2,1,2,11,3,18.75,4,25,20,45,59.0,3,0,83,1,0,0,Sheraldo Becker,Osasuna,352544,2820,spain,2526,20260428
3,0,0.0,39,5,71.43,101,87,188,89.52,9,52.94,8,16,0,0,0,0,26,0,0,1,1,13,15,0,0,5,3,30,0,0,0.07,0.38,13,0,20.0,0,1,1,13,9,4,1,0,,18,45.0,0,0,0,22,6,0,0,5,512,0,1.0,0,0,0,0,0.0,0,0,0,0,53,1,0,6.55,0,1,0,0,0,0,0,0,512.0,0.0,0,3,2,2,2,2,40.0,0,11,8,72.73,0,3,5,0,27,47.37,7,113,97,210,98.3,5,0,321,5,2,0,John Donald,Elche,1094758,2846,spain,2526,20260428
0,2,18.18,71,3,42.86,127,76,203,83.88,5,35.71,9,17,0,0,0,0,22,1,1,8,0,8,17,0,0,15,4,59,0,1,0.56,1.01,12,0,7.14,0,1,1,13,9,4,0,1,,35,41.18,0,0,0,39,4,8,1,11,765,3,3.0,0,0,0,1,0.0,0,0,0,0,108,1,0,6.55,0,0,0,0,0,0,0,0,765.0,0.0,0,7,7,4,2,7,25.93,0,12,4,33.33,8,5,27,11,40,40.4,7,160,82,242,111.4,14,0,424,16,2,0,Grady Diangana,Elche,848512,2846,spain,2526,20260428
10,2,20.0,45,7,38.89,83,29,112,67.47,4,40.0,6,15,0,0,0,0,21,0,0,0,0,6,14,0,0,7,2,24,0,0,0.78,0.34,6,0,0.0,0,0,0,7,7,0,0,0,,13,41.94,0,0,0,54,6,5,0,4,523,0,1.0,0,0,0,0,0.0,0,0,0,0,85,3,0,6.55,0,0,0,0,0,0,0,0,0.0,0.0,0,4,8,6,6,4,57.14,0,7,4,57.14,5,18,7,10,17,41.46,18,127,39,166,91.7,12,0,257,2,0,0,Javi Munoz,Getafe,353154,2859,spain,2526,20260428
2,0,0.0,13,0,0.0,18,43,61,85.92,2,66.67,1,2,0,0,0,0,9,0,0,0,0,2,2,0,0,1,4,9,0,0,0.02,0.04,2,0,0.0,0,0,0,2,2,0,0,0,,10,55.56,0,0,0,10,2,1,0,1,150,0,0.0,0,0,0,0,0.0,0,0,0,0,14,0,0,6.55,0,0,0,0,0,0,0,0,0.0,0.0,0,0,1,1,0,1,50.0,0,4,2,50.0,1,5,2,0,12,57.14,5,27,44,71,13.1,1,0,108,5,1,0,Renzo Saravia,Valencia,315916,2828,spain,2526,20260428
1,0,0.0,4,1,50.0,21,16,37,75.51,2,100.0,0,2,0,0,0,0,4,0,0,0,0,0,2,0,0,1,1,8,0,0,0.01,0.03,5,0,0.0,0,0,0,0,0,0,0,0,,4,33.33,0,0,0,12,2,2,0,1,85,0,0.0,0,0,0,0,0.0,0,0,0,0,16,1,0,6.55,0,0,0,0,0,0,0,0,0.0,0.0,0,0,1,1,0,1,50.0,0,3,2,66.67,2,5,2,0,6,42.86,2,28,21,49,13.1,1,0,65,0,1,0,Beñat Prados,Athletic Club,1012409,2825,spain,2526,20260428
28,17,20.24,186,27,34.62,347,352,699,82.92,21,60.0,14,29,2,0,0,0,96,3,1,4,4,77,29,0,1,4,18,77,1,1,2.39,0.77,30,0,8.33,0,1,3,36,32,4,1,0,,87,58.0,0,0,2,144,20,23,1,28,2235,2,5.0,0,0,0,0,0.0,0,0,0,0,272,8,0,6.55,1,0,0,0,0,0,0,0,2235.0,0.0,0,8,4,5,3,11,47.83,0,59,34,57.63,23,61,23,84,108,58.38,78,443,400,843,189.9,12,1,1370,17,6,0,Jose Gaya,Valencia,227922,2828,spain,2526,20260428
19,13,20.63,170,24,28.24,329,341,670,81.51,19,46.34,22,29,2,0,0,0,96,2,1,3,6,79,29,0,0,11,29,114,0,1,1.17,0.73,34,0,9.09,0,1,3,41,33,8,1,0,,104,53.06,1,0,0,152,31,15,0,28,2537,2,5.0,0,0,0,0,0.0,0,0,0,0,305,7,0,6.55,0,0,0,0,0,0,0,0,2537.0,0.0,0,9,2,5,3,11,36.67,0,74,49,66.22,15,55,30,63,123,51.9,85,431,391,822,189.9,11,0,1469,19,8,0,Manuel Sánchez,Levante UD,984789,2849,spain,2526,20260428
11,1,14.29,120,14,56.0,194,97,291,67.52,64,38.79,101,30,1,0,0,0,48,6,9,16,1,15,30,0,0,12,14,188,0,0,1.75,9.48,41,0,13.04,0,9,10,28,23,5,9,0,,47,35.07,2,0,1,140,11,22,1,24,2008,9,1.0,0,0,1,0,100.0,0,1,0,0,246,16,0,6.55,1,6,0,0,0,0,0,0,223.11,0.0,0,61,8,25,28,7,21.88,0,12,3,25.0,22,19,32,7,111,37.12,25,311,120,431,196.4,69,1,776,28,3,1,Gorka Guruzeta,Athletic Club,605672,2825,spain,2526,20260428
13,5,17.86,75,11,30.56,151,118,269,78.89,5,41.67,7,27,0,0,0,0,65,3,1,0,0,21,27,0,0,15,18,60,0,1,0.82,0.4,14,0,0.0,0,0,0,21,18,3,0,0,,33,38.37,0,0,0,72,11,9,0,9,1017,1,3.0,0,0,0,0,0.0,0,0,0,0,134,4,0,6.54,1,0,0,0,0,0,0,0,0.0,0.0,0,3,3,3,3,5,41.67,0,18,10,55.56,9,25,12,28,38,38.78,36,205,136,341,176.7,6,0,534,10,2,1,Antonio Sánchez,Mallorca,949722,2826,spain,2526,20260428
3,6,15.0,76,2,28.57,122,62,184,69.96,33,28.95,81,26,0,0,0,0,52,0,2,10,3,7,26,0,0,25,18,184,0,0,0.31,2.08,37,0,11.54,0,3,3,17,15,2,1,2,,79,43.41,0,0,1,79,4,4,2,19,1596,16,2.0,0,0,0,0,0.0,0,0,0,1,252,12,0,6.54,1,1,0,0,0,0,0,0,532.0,0.0,0,15,11,6,10,15,37.5,0,26,19,73.08,4,5,40,40,112,37.84,7,188,75,263,170.1,26,1,635,39,3,1,Adrian Liso,Getafe,1515554,2859,spain,2526,20260428
7,1,33.33,36,12,44.44,90,166,256,86.49,14,58.33,10,13,0,0,0,0,21,0,1,0,0,37,12,0,0,1,9,35,0,0,0.06,0.33,14,0,0.0,4,0,0,11,9,2,0,0,,18,41.86,0,0,0,40,7,0,0,6,551,0,3.0,0,0,0,1,0.0,0,0,0,0,61,1,0,6.54,0,0,0,0,0,0,0,0,0.0,0.0,0,3,0,1,2,0,0.0,0,11,6,54.55,0,21,3,3,32,47.76,27,115,181,296,78.5,3,0,431,7,0,0,Aritz Elustondo,Real Sociedad,785468,2824,spain,2526,20260428
1,1,10.0,31,0,0.0,46,23,69,74.19,6,26.09,17,17,0,0,0,0,21,2,2,1,0,4,17,0,0,9,3,44,0,0,1.03,1.37,8,0,9.09,0,1,1,10,8,2,1,0,,21,43.75,0,0,0,24,1,2,1,7,575,7,0.0,0,0,0,0,0.0,0,0,0,0,70,1,0,6.54,0,0,0,0,0,0,0,0,575.0,0.0,0,10,1,8,2,2,20.0,0,9,5,55.56,2,3,10,10,27,38.03,2,60,33,93,111.2,11,0,192,10,2,0,Takuma Asano,Mallorca,309546,2826,spain,2526,20260428
4,0,0.0,48,6,50.0,95,88,183,80.97,16,50.0,16,20,0,0,0,0,24,0,1,3,1,10,20,0,1,8,6,42,0,0,0.1,0.78,11,0,12.5,0,1,1,9,9,0,1,0,,17,39.53,0,0,0,43,6,2,1,4,623,0,2.0,0,0,0,0,0.0,0,0,0,0,58,1,0,6.54,2,0,0,0,0,0,0,0,623.0,0.0,0,2,6,2,3,4,80.0,0,11,5,45.45,2,4,5,2,33,44.0,12,123,103,226,130.8,8,0,312,2,1,1,Charles Pickel,Espanyol,758664,2814,spain,2526,20260428
23,6,33.33,158,24,63.16,305,214,519,85.93,6,22.22,21,22,1,0,0,0,57,2,0,7,0,13,22,0,0,21,8,92,0,1,1.08,0.76,27,0,6.67,0,1,2,23,21,2,1,0,,53,42.74,0,0,1,85,4,15,0,12,1140,2,1.0,0,0,0,0,0.0,0,0,0,0,174,6,0,6.54,0,1,0,0,0,0,0,0,1140.0,0.0,0,3,12,6,2,16,48.48,0,16,11,68.75,15,43,33,18,59,39.07,38,365,239,604,143.8,15,0,834,21,5,0,Rodrigo Mendoza,Atlético Madrid,1391752,2836,spain,2526,20260428
18,6,15.0,142,18,36.0,295,229,524,81.75,14,37.84,23,22,1,0,0,0,54,2,0,3,2,27,22,0,0,10,4,72,0,1,1.86,0.35,28,0,0.0,0,0,1,24,22,2,0,0,,61,55.45,0,0,0,117,16,11,0,17,1367,3,0.0,0,0,0,1,0.0,0,0,0,0,218,6,0,6.53,0,0,0,0,0,0,0,0,0.0,0.0,0,4,1,1,1,8,50.0,0,29,21,72.41,11,37,16,40,75,51.02,50,375,266,641,143.7,5,0,1013,24,4,0,Thierry Correia,Valencia,851282,2828,spain,2526,20260428
5,4,18.18,54,5,41.67,88,45,133,73.48,10,29.41,24,21,1,0,0,0,26,0,2,4,0,6,20,0,0,6,7,55,0,1,0.94,1.54,9,0,7.14,0,1,2,17,13,4,1,0,,19,38.0,0,0,0,48,0,8,1,8,701,3,1.0,0,0,0,0,0.0,0,0,0,0,104,6,0,6.53,0,0,0,0,0,0,0,0,701.0,0.0,0,10,4,7,3,4,30.77,0,11,6,54.55,8,12,13,22,29,34.52,12,127,54,181,130.6,14,0,309,4,1,0,Unai Gómez,Athletic Club,1391375,2825,spain,2526,20260428
2,2,66.67,27,2,66.67,39,21,60,63.83,19,40.43,28,25,2,0,0,0,14,3,6,3,0,8,23,0,0,18,5,71,1,0,0.47,3.24,11,0,13.33,0,2,4,12,11,1,2,0,,20,31.75,0,0,0,34,0,5,1,7,796,10,3.0,0,0,0,0,0.0,0,0,0,0,90,2,0,6.53,0,1,0,0,0,0,0,0,398.0,0.0,0,12,3,5,7,7,43.75,0,5,3,60.0,5,2,16,3,39,35.45,3,65,29,94,150.1,15,0,232,8,1,0,Tani Oluwaseyi,Villarreal,1172477,2819,spain,2526,20260428
5,0,0.0,45,4,50.0,87,48,135,76.7,9,33.33,18,16,1,0,0,0,43,1,1,3,0,3,15,0,0,15,6,66,0,0,0.3,0.95,16,0,0.0,0,0,1,14,13,1,0,0,,51,51.52,0,0,1,41,12,6,0,14,985,1,0.0,0,0,0,0,0.0,0,0,0,0,110,3,0,6.52,0,0,0,0,0,0,0,0,0.0,0.0,0,9,6,10,2,13,48.15,0,20,11,55.0,6,11,27,8,60,47.62,8,118,58,176,97.8,15,0,367,18,3,0,Kareem Tunde,Levante UD,1649919,2849,spain,2526,20260428
11,5,20.0,63,10,62.5,104,41,145,79.67,2,33.33,4,16,0,0,0,0,14,2,2,6,0,1,15,0,0,2,5,28,0,0,1.08,1.02,8,0,0.0,0,0,0,11,11,0,0,0,,11,31.43,0,0,0,37,0,9,0,2,391,4,0.0,0,0,0,0,0.0,0,0,0,0,86,3,0,6.52,0,0,0,0,0,0,0,0,0.0,0.0,0,6,8,5,3,0,0.0,0,9,4,44.44,9,19,10,25,13,31.71,16,133,49,182,97.8,14,0,292,2,1,0,Arsen Zakharyan,Real Sociedad,1066045,2824,spain,2526,20260428
0,0,0.0,3,0,0.0,7,5,12,85.71,0,0.0,3,6,0,0,0,0,4,0,1,0,0,0,5,0,0,4,2,15,0,0,0.01,0.22,1,0,0.0,0,0,0,3,3,0,0,0,,4,25.0,0,0,0,2,0,2,0,0,76,0,0.0,0,0,0,0,0.0,0,0,0,0,13,0,0,6.52,0,0,0,0,0,0,0,0,0.0,0.0,0,1,0,0,1,1,16.67,0,3,1,33.33,2,0,6,0,4,21.05,0,8,6,14,32.6,1,0,35,0,0,0,Aitor Mañas,Deportivo Alavés,1639543,2885,spain,2526,20260428
8,16,33.33,84,9,29.03,177,145,322,83.85,7,33.33,14,23,1,0,0,0,34,3,1,4,0,35,22,0,0,4,10,66,1,0,1.61,0.51,18,0,10.0,1,1,2,25,21,4,1,0,,46,46.94,0,0,0,62,12,22,1,7,975,1,1.0,0,0,0,0,0.0,0,0,0,0,151,4,0,6.52,0,0,0,0,0,0,0,0,975.0,0.0,0,5,5,3,3,5,20.0,0,32,16,50.0,22,18,25,48,53,44.54,31,217,167,384,143.4,10,0,687,9,4,0,Adrià Pedrosa,Elche,928672,2846,spain,2526,20260428
11,4,44.44,37,10,37.04,79,80,159,76.44,5,31.25,11,17,0,0,0,0,26,1,0,1,0,29,17,0,0,3,13,42,1,0,0.32,0.3,13,0,25.0,0,1,1,17,15,2,1,0,,31,50.0,0,0,0,49,6,3,0,8,666,1,3.0,0,0,0,0,0.0,0,0,0,0,85,4,0,6.52,0,1,0,0,0,0,0,0,666.0,0.0,0,3,1,1,2,4,66.67,0,18,7,38.89,3,22,6,9,36,46.15,27,112,96,208,110.8,4,0,371,9,2,0,Mateu Morey,Mallorca,879543,2826,spain,2526,20260428
13,2,16.67,97,20,58.82,211,158,369,73.8,60,38.96,94,31,1,0,0,0,66,1,2,11,1,22,31,0,0,28,30,227,0,1,1.01,2.01,60,0,8.0,0,2,3,25,21,4,2,0,,92,40.89,2,0,0,131,15,8,0,22,1825,3,5.0,0,0,0,0,0.0,0,0,0,0,247,9,0,6.52,0,0,0,0,0,0,0,0,912.5,0.0,0,17,8,9,5,12,36.36,0,52,32,61.54,8,27,33,12,152,40.11,34,319,181,500,202.0,25,0,877,28,10,0,Mario Martín,Getafe,1154549,2859,spain,2526,20260428
21,4,19.05,186,19,63.33,299,157,456,81.43,17,36.17,30,26,0,0,0,0,60,0,7,9,0,9,26,0,1,30,6,106,0,1,1.38,6.18,27,0,6.82,0,3,3,24,22,2,3,0,,61,44.53,0,0,0,104,3,25,1,21,1693,0,2.0,0,0,2,0,100.0,0,2,0,1,219,14,0,6.52,1,2,0,0,0,0,0,0,564.33,0.0,0,36,8,21,14,15,53.57,0,20,11,55.0,25,35,28,21,78,42.39,30,375,185,560,169.4,44,1,845,26,4,0,Oihan Sancet,Athletic Club,966801,2825,spain,2526,20260428
1,0,0.0,12,10,52.63,83,191,274,93.52,3,42.86,4,7,0,0,0,0,14,0,0,0,0,28,7,0,0,0,3,21,0,2,0.06,,14,0,0.0,0,0,0,10,10,0,0,0,,17,50.0,0,0,0,19,4,1,0,6,497,1,7.0,0,0,0,2,0.0,0,0,0,0,20,1,0,6.51,0,0,0,0,0,0,0,0,0.0,0.0,0,0,0,0,0,1,100.0,0,11,6,54.55,1,6,1,0,20,48.78,19,99,194,293,45.6,0,0,357,5,3,0,Yoel Lago,Celta Vigo,1145100,2821,spain,2526,20260428
3,1,12.5,65,15,75.0,118,94,212,72.11,22,43.14,29,25,0,0,0,1,50,2,8,7,0,16,25,0,1,29,8,119,0,0,0.48,5.08,22,0,11.11,0,4,4,20,19,1,3,1,,45,33.33,0,0,3,82,6,13,2,15,1332,5,0.0,0,0,1,0,0.0,0,0,0,2,221,12,0,6.5,1,2,0,0,0,0,0,0,333.0,0.0,0,30,6,16,13,9,22.5,0,14,8,57.14,13,5,40,8,67,36.02,20,184,110,294,162.6,36,0,600,23,4,0,Isaac Romero,Sevilla,1018190,2833,spain,2526,20260428
6,6,35.29,27,9,52.94,65,70,135,81.33,3,23.08,10,10,1,0,0,0,20,1,0,0,0,10,9,0,0,7,6,30,0,0,0.48,,5,0,0.0,0,0,1,10,9,1,0,0,,15,42.86,0,0,0,31,5,4,0,6,486,0,3.0,0,0,0,0,0.0,0,0,0,0,62,2,0,6.5,0,0,0,0,0,0,0,0,0.0,0.0,0,0,0,0,0,6,75.0,0,8,7,87.5,4,10,8,17,18,37.5,17,86,80,166,58.5,0,0,277,1,3,0,Toni Lato,Mallorca,828239,2826,spain,2526,20260428
2,2,40.0,18,2,50.0,49,47,96,89.72,1,25.0,3,3,1,0,0,0,9,1,0,1,1,1,3,0,0,0,4,14,0,0,0.36,0.03,4,0,0.0,0,0,1,4,4,0,0,0,,14,56.0,0,0,0,11,0,5,0,3,221,1,0.0,0,0,0,0,0.0,0,0,0,0,22,1,0,6.5,0,0,0,0,0,0,0,0,0.0,0.0,0,1,0,0,0,5,62.5,0,6,3,50.0,5,3,8,5,15,51.72,4,55,52,107,19.5,1,0,165,3,2,0,Julio Díaz,Atlético Madrid,1402990,2836,spain,2526,20260428
0,0,0.0,1,0,0.0,2,4,6,100.0,0,0.0,1,1,0,0,0,0,0,0,0,0,0,0,1,0,0,0,0,2,0,0,0.0,,0,0,0.0,0,0,0,0,0,0,0,0,,0,0.0,0,0,0,0,0,0,0,0,9,0,0.0,0,0,0,0,0.0,0,0,0,0,2,0,0,6.5,0,0,0,0,0,0,0,0,0.0,0.0,0,0,0,0,0,0,0.0,0,0,0,0.0,0,0,1,0,0,0.0,0,2,4,6,6.5,0,0,8,0,0,0,Tomás Marqués,FC Barcelona,1939137,2817,spain,2526,20260428
0,0,0.0,1,1,25.0,5,9,14,82.35,0,0.0,0,1,0,0,0,0,2,0,0,0,0,2,1,0,0,2,1,3,0,0,0.0,,0,0,0.0,0,0,0,1,1,0,0,0,,2,40.0,0,0,0,3,0,0,0,0,29,0,1.0,0,0,0,0,0.0,0,0,0,0,5,0,0,6.5,0,0,0,0,0,0,0,0,0.0,0.0,0,0,0,0,0,0,0.0,0,2,1,50.0,0,1,0,0,2,40.0,4,7,10,17,6.5,0,0,25,0,0,0,Diego Aguado,Real Madrid,1614687,2829,spain,2526,20260428
0,0,0.0,0,0,0.0,0,3,3,75.0,0,0.0,0,1,0,0,0,0,2,0,0,0,0,2,1,0,0,0,0,1,0,0,0.0,,1,0,0.0,0,0,0,0,0,0,0,0,,0,0.0,0,0,0,1,0,0,0,0,9,0,0.0,0,0,0,0,0.0,0,0,0,0,1,0,0,6.5,0,0,0,0,0,0,0,0,0.0,0.0,0,0,0,0,0,0,0.0,0,0,0,0.0,0,0,0,0,0,0.0,1,0,4,4,6.5,0,0,6,0,0,0,Abdul Mumin,Rayo Vallecano,846147,2818,spain,2526,20260428
0,0,0.0,0,0,0.0,0,2,2,100.0,0,0.0,1,1,0,0,0,0,0,0,0,0,0,0,1,0,0,0,1,2,0,0,0.0,,0,0,0.0,0,0,0,1,1,0,0,0,,1,50.0,0,0,0,0,0,0,0,0,13,0,0.0,0,0,0,0,0.0,0,0,0,0,2,0,0,6.5,0,0,0,0,0,0,0,0,0.0,0.0,0,0,0,0,0,0,0.0,0,0,0,0.0,0,0,0,0,1,33.33,0,0,2,2,6.5,0,0,6,1,0,0,Gorka Carrera Zarranz,Real Sociedad,1985103,2824,spain,2526,20260428
0,0,0.0,0,0,0.0,0,1,1,50.0,0,0.0,0,1,0,0,0,0,1,0,0,0,0,0,1,0,0,0,0,1,0,0,0.0,,0,0,0.0,0,0,0,0,0,0,0,0,,1,50.0,0,0,0,1,0,0,0,0,12,0,0.0,0,0,0,0,0.0,0,0,0,0,3,0,0,6.5,0,0,0,0,0,0,0,0,0.0,0.0,0,0,0,0,0,0,0.0,0,1,1,100.0,0,0,1,1,1,50.0,0,1,1,2,6.5,0,0,5,0,0,0,Hugo González,Celta Vigo,996931,2821,spain,2526,20260428
0,0,0.0,3,0,0.0,5,2,7,100.0,0,0.0,1,1,0,0,0,0,2,0,0,0,0,0,1,0,0,0,2,4,0,0,0.01,,1,0,0.0,0,0,0,0,0,0,0,0,,1,25.0,0,0,0,0,0,0,0,0,14,0,0.0,0,0,0,0,0.0,0,0,0,0,0,1,0,6.5,0,0,0,0,0,0,0,0,0.0,0.0,0,0,0,0,0,0,0.0,0,0,0,0.0,0,0,0,0,1,20.0,0,5,2,7,6.5,0,0,10,1,0,0,Ivan Corralejo,Real Betis,1542759,2816,spain,2526,20260428
0,0,0.0,0,0,0.0,0,1,1,25.0,1,100.0,0,1,0,0,0,0,0,0,0,0,0,0,1,0,0,1,0,2,0,0,0.0,,1,0,0.0,0,0,0,0,0,0,0,0,,0,0.0,0,0,0,3,0,0,0,0,10,0,0.0,0,0,0,0,0.0,0,0,0,0,4,0,0,6.5,0,0,0,0,0,0,0,0,0.0,0.0,0,0,0,0,0,0,0.0,0,0,0,0.0,0,0,0,0,1,33.33,0,2,2,4,6.5,0,0,5,0,0,0,Ibai Aguirre,Real Sociedad,1545061,2824,spain,2526,20260428
0,0,0.0,0,0,0.0,1,10,11,84.62,0,0.0,0,1,0,0,0,0,0,0,0,0,0,2,1,0,0,0,0,0,0,1,0.0,,0,0,0.0,0,0,0,0,0,0,0,0,,0,0.0,0,0,0,2,0,0,0,0,45,0,0.0,0,0,0,0,0.0,0,0,0,0,3,0,0,6.5,0,0,0,0,0,0,0,0,0.0,0.0,0,0,0,0,0,0,0.0,0,0,0,0.0,0,2,0,0,0,0.0,2,2,11,13,6.5,0,0,18,0,0,0,Marco Esteban,Real Oviedo,1548439,2851,spain,2526,20260428
0,0,0.0,2,0,0.0,2,3,5,100.0,0,0.0,0,1,0,0,0,0,0,0,0,0,0,0,1,0,0,1,1,2,0,0,0.0,,0,0,0.0,0,0,0,0,0,0,0,0,,0,0.0,0,0,0,0,0,0,0,0,10,0,0.0,0,0,0,0,0.0,0,0,0,0,1,0,0,6.5,0,0,0,0,0,0,0,0,0.0,0.0,0,0,0,0,0,0,0.0,0,0,0,0.0,0,0,0,0,0,0.0,0,2,3,5,6.5,0,0,6,0,0,0,Hugo Solozábal,Getafe,1429059,2859,spain,2526,20260428
0,0,0.0,2,1,50.0,13,21,34,87.18,0,0.0,1,2,0,0,0,0,2,0,0,0,0,1,1,0,0,1,0,3,0,0,0.0,,0,0,0.0,0,0,0,1,1,0,0,0,,4,66.67,0,0,0,5,1,1,0,1,80,0,0.0,0,0,0,0,0.0,0,0,0,0,10,1,0,6.5,0,0,0,0,0,0,0,0,0.0,0.0,0,0,0,0,0,0,0.0,0,3,1,33.33,1,2,1,0,4,57.14,2,16,23,39,6.5,0,0,54,1,0,0,Nacho Pérez,Levante UD,2049311,2849,spain,2526,20260428
1,0,0.0,32,2,50.0,88,47,135,91.84,2,50.0,2,4,0,0,0,0,12,0,0,0,0,1,3,0,0,0,0,5,1,0,0.07,,2,0,0.0,0,0,0,2,2,0,0,0,,4,57.14,0,0,0,12,2,0,0,2,192,0,0.0,0,0,0,0,0.0,0,0,0,0,15,2,0,6.5,0,0,0,0,0,0,0,0,0.0,0.0,0,0,0,0,0,2,66.67,0,1,1,100.0,0,2,3,0,6,54.55,4,92,55,147,19.5,0,0,171,1,0,0,Ferland Mendy,Real Madrid,792073,2829,spain,2526,20260428
3,3,17.65,26,1,100.0,38,18,56,71.79,5,38.46,8,10,0,0,0,0,11,0,3,3,0,0,10,0,0,6,2,25,0,0,0.57,1.36,6,0,0.0,0,0,0,11,10,1,0,0,,7,29.17,0,0,1,22,2,3,0,4,473,3,1.0,0,0,0,0,0.0,0,0,0,0,58,1,0,6.5,0,0,0,0,0,0,0,0,0.0,0.0,0,9,0,1,5,0,0.0,0,4,1,25.0,3,5,3,17,12,32.43,1,54,24,78,65.0,9,0,149,4,1,0,Portu,Girona FC,218616,24264,spain,2526,20260428
0,2,22.22,15,1,20.0,27,19,46,79.31,1,33.33,2,15,0,0,0,0,6,0,2,0,0,3,13,0,0,4,1,15,0,0,0.14,0.49,4,0,0.0,0,0,0,4,4,0,0,0,,8,38.1,0,0,0,12,0,1,0,1,212,0,0.0,0,0,0,0,0.0,0,0,0,0,33,1,0,6.5,0,0,0,0,0,0,0,0,0.0,0.0,0,5,0,3,2,1,20.0,0,4,2,50.0,1,1,5,9,9,37.5,5,36,22,58,84.5,5,0,104,3,0,0,Javi Llabrés,Mallorca,1162309,2826,spain,2526,20260428
1,2,66.67,16,0,0.0,20,7,27,75.0,2,25.0,6,9,0,0,0,0,7,0,0,3,0,0,9,0,0,2,1,19,0,0,0.25,0.15,6,0,0.0,0,0,0,3,3,0,0,0,,15,53.57,0,0,0,9,1,3,0,1,147,0,0.0,0,0,0,0,0.0,0,0,0,0,19,1,0,6.5,0,0,0,0,0,0,0,0,0.0,0.0,0,2,1,0,0,6,60.0,0,5,3,60.0,3,1,10,3,17,47.22,1,28,8,36,58.5,3,0,73,4,1,0,Antoniu Roca,Espanyol,1099344,2814,spain,2526,20260428
1,1,33.33,24,2,100.0,72,34,106,92.98,0,0.0,0,2,0,0,0,0,7,0,0,0,0,3,2,0,0,0,1,5,0,0,0.13,0.06,3,0,0.0,0,0,0,3,3,0,0,0,,0,0.0,0,0,0,8,1,2,0,2,151,0,0.0,0,0,0,0,0.0,0,0,0,0,11,1,0,6.5,0,0,0,0,0,0,0,0,0.0,0.0,0,0,3,3,0,0,0.0,0,0,0,0.0,2,1,1,3,0,0.0,2,78,36,114,13.0,3,0,128,0,1,0,Damián Rodríguez,Celta Vigo,1216080,2821,spain,2526,20260428
0,0,0.0,0,0,0.0,1,0,1,25.0,2,40.0,3,2,0,0,0,0,0,0,0,0,0,2,2,0,0,0,0,4,0,0,0.0,0.04,1,0,0.0,0,0,0,1,1,0,0,0,,2,66.67,0,0,0,3,0,0,0,0,20,0,0.0,0,0,0,0,0.0,0,0,0,0,6,0,0,6.5,0,0,0,0,0,0,0,0,0.0,0.0,0,1,0,1,0,0,0.0,0,0,0,0.0,0,0,0,0,4,50.0,1,4,0,4,13.0,1,0,13,2,0,0,José Luis Pérez,Getafe,1491660,2859,spain,2526,20260428
0,1,33.33,4,0,0.0,7,5,12,66.67,2,40.0,3,2,0,0,0,0,1,0,0,1,0,1,2,0,0,5,0,8,0,0,0.05,0.02,0,0,0.0,0,0,0,1,0,1,0,0,,5,50.0,0,0,0,6,0,1,0,0,67,0,0.0,0,0,0,0,0.0,0,0,0,0,18,0,0,6.5,0,0,0,0,0,0,0,0,0.0,0.0,0,0,1,0,0,1,100.0,0,2,1,50.0,1,1,1,3,7,46.67,1,11,7,18,13.0,1,0,45,3,0,0,Dani Rodriguez,Mallorca,349526,2826,spain,2526,20260428
3,0,0.0,33,5,83.33,50,28,78,81.25,0,0.0,2,15,0,0,0,0,23,0,1,2,0,1,14,0,0,10,6,35,0,0,0.13,1.37,5,0,0.0,0,0,0,3,3,0,0,0,,24,42.11,0,0,2,18,4,2,0,2,388,3,0.0,0,0,0,0,0.0,0,0,0,0,64,3,0,6.49,0,0,0,0,0,0,0,0,0.0,0.0,1,9,4,7,4,5,29.41,0,10,5,50.0,2,5,17,3,24,40.68,6,62,34,96,90.9,13,0,207,9,1,0,Pablo García,Real Betis,1893910,2816,spain,2526,20260428
3,3,33.33,22,1,100.0,44,28,72,79.12,3,30.0,7,12,1,0,0,0,13,2,1,1,0,1,12,0,0,4,2,18,0,0,0.62,0.69,3,0,0.0,0,0,1,4,3,1,0,0,,10,47.62,0,0,0,19,0,4,0,1,250,2,0.0,0,0,0,0,0.0,0,0,0,0,36,2,0,6.49,0,0,0,0,0,0,0,0,0.0,0.0,0,5,2,3,3,1,25.0,0,2,1,50.0,4,4,4,9,13,41.94,1,58,33,91,77.9,7,0,138,7,1,0,Giacomo Raspadori,Atlético Madrid,865651,2836,spain,2526,20260428
7,7,33.33,58,9,32.14,114,108,222,82.53,8,50.0,8,19,0,0,0,0,24,0,1,0,0,31,19,0,0,2,16,39,0,0,0.51,0.44,6,0,0.0,0,0,0,17,17,0,0,0,,31,50.0,0,0,0,47,5,5,0,8,806,0,1.0,0,0,0,0,0.0,0,0,0,0,98,1,0,6.49,0,0,0,0,0,0,0,0,0.0,0.0,0,2,3,4,1,3,30.0,0,27,17,62.96,5,14,10,21,39,50.0,28,141,128,269,123.3,5,0,466,3,1,0,Aihen Muñoz,Real Sociedad,966441,2824,spain,2526,20260428
2,0,0.0,14,3,60.0,24,18,42,66.67,1,50.0,1,7,1,0,0,0,10,0,0,0,0,0,7,0,0,4,3,18,0,0,0.17,0.27,5,0,0.0,0,0,1,4,3,1,0,0,,9,34.62,0,0,0,21,1,4,0,2,199,1,0.0,0,0,0,0,0.0,0,0,0,0,42,4,0,6.49,0,0,0,0,0,0,0,0,0.0,0.0,0,2,2,3,1,1,16.67,0,3,3,100.0,4,8,6,0,10,35.71,5,42,21,63,45.4,4,0,108,5,0,0,Selton Sanchez,Athletic Club,1953923,2825,spain,2526,20260428
2,0,0.0,36,3,37.5,75,70,145,88.41,2,22.22,7,12,0,0,0,0,20,0,0,0,0,8,11,0,0,3,7,27,0,1,0.09,0.16,2,0,0.0,0,0,0,14,13,1,0,0,,13,39.39,0,0,0,19,4,1,0,3,384,0,1.0,0,0,0,0,0.0,0,0,0,0,37,0,0,6.48,0,0,0,0,0,0,0,0,0.0,0.0,0,3,0,1,2,3,27.27,0,3,3,100.0,1,3,11,0,15,35.71,8,88,76,164,71.3,3,0,225,7,0,0,Jhon Solís,Girona FC,1106573,24264,spain,2526,20260428
2,0,0.0,17,2,66.67,33,14,47,71.21,9,50.0,9,9,0,0,0,0,6,1,0,2,0,3,9,0,0,3,2,23,0,0,0.12,1.1,8,0,12.5,0,1,1,8,6,2,1,0,,7,33.33,0,0,0,19,1,2,0,2,273,3,0.0,0,0,0,0,0.0,0,0,0,0,44,0,0,6.48,0,1,0,0,0,0,0,0,273.0,0.0,0,3,5,2,4,1,25.0,0,1,1,100.0,2,2,4,2,16,41.03,3,44,22,66,58.3,8,0,118,5,1,0,Maroan Sannadi,Athletic Club,1520799,2825,spain,2526,20260428
0,0,0.0,6,0,0.0,12,3,15,75.0,4,44.44,5,12,0,0,0,0,1,0,1,2,0,1,9,0,0,2,4,13,0,0,0.12,0.76,2,0,0.0,0,0,0,1,1,0,0,0,,3,27.27,0,0,0,5,0,2,0,0,116,0,0.0,0,0,0,0,0.0,0,0,0,0,13,0,0,6.48,0,0,0,0,0,0,0,0,0.0,0.0,0,3,0,0,1,1,100.0,0,0,0,0.0,2,0,1,1,7,35.0,1,15,5,20,58.3,3,0,35,2,0,0,Abdon,Mallorca,146852,2826,spain,2526,20260428
0,0,0.0,3,0,0.0,5,1,6,60.0,0,0.0,1,5,0,0,0,0,1,0,0,0,0,1,4,0,0,2,1,6,0,0,0.0,,1,0,0.0,0,0,0,2,1,1,0,0,,4,44.44,0,0,0,4,0,0,0,0,56,0,0.0,0,0,0,0,0.0,0,0,0,0,11,0,0,6.48,0,0,0,0,0,0,0,0,0.0,0.0,0,0,0,0,0,1,50.0,0,1,1,100.0,0,1,2,3,4,40.0,0,7,3,10,25.9,0,0,25,2,0,0,Tai Abed,Levante UD,1160250,2849,spain,2526,20260428
18,0,0.0,26,27,58.7,76,206,282,88.4,23,76.67,7,12,0,0,0,0,18,0,0,3,1,50,12,0,1,4,2,30,0,2,0.04,0.48,15,0,0.0,0,0,0,15,14,1,0,0,,22,48.89,0,0,0,37,4,2,0,8,648,0,1.0,0,0,0,1,0.0,0,0,0,0,53,0,0,6.48,1,0,0,0,0,0,0,0,0.0,0.0,0,8,1,6,0,2,40.0,0,14,8,57.14,2,29,5,0,45,60.0,46,105,214,319,77.7,9,0,437,6,5,0,Tanguy Nianzou,Sevilla,1003007,2833,spain,2526,20260428
6,4,33.33,71,7,41.18,154,106,260,79.51,6,24.0,19,29,1,0,0,0,48,2,2,5,0,12,29,0,0,19,8,88,0,0,1.23,1.18,19,0,0.0,0,0,1,29,28,1,0,0,,47,40.52,0,0,1,67,5,10,0,13,1249,2,1.0,0,0,0,0,0.0,0,0,0,1,162,3,0,6.47,0,0,0,0,0,0,0,0,0.0,0.0,0,7,5,3,4,14,36.84,0,15,12,80.0,10,17,38,12,53,37.59,17,196,131,327,187.7,12,0,557,18,2,0,Pablo Marín,Real Sociedad,1139409,2824,spain,2526,20260428
1,0,0.0,17,1,33.33,27,12,39,69.64,2,25.0,6,11,0,0,0,0,11,1,2,1,0,0,10,0,0,2,1,15,0,0,0.3,0.81,4,0,0.0,0,0,0,3,3,0,0,0,,4,30.77,0,0,2,17,0,2,0,1,162,0,0.0,0,0,0,0,0.0,0,0,0,0,33,6,0,6.47,0,0,0,0,0,0,0,0,0.0,0.0,1,6,2,3,4,1,33.33,0,2,0,0.0,2,1,3,2,6,28.57,3,39,17,56,64.7,8,0,98,1,2,0,Urko Izeta,Athletic Club,1430667,2825,spain,2526,20260428
5,0,0.0,9,13,48.15,43,109,152,87.86,3,60.0,2,4,0,0,0,0,9,0,1,0,0,4,3,0,0,0,0,3,0,2,0.02,0.57,1,0,0.0,7,0,0,6,6,0,0,0,,3,75.0,0,0,0,21,0,0,0,2,203,1,1.0,0,0,0,0,0.0,0,0,0,0,22,0,0,6.47,0,0,0,0,0,0,0,0,0.0,0.0,0,1,0,0,1,1,100.0,0,2,1,50.0,0,9,1,0,6,66.67,27,59,114,173,19.4,1,0,189,0,0,0,David Lopez,Girona FC,135116,24264,spain,2526,20260428
0,0,0.0,13,0,0.0,19,18,37,68.52,2,25.0,6,15,1,0,0,0,11,0,2,3,0,0,14,0,0,2,3,16,0,0,0.04,1.21,3,0,0.0,0,0,1,7,7,0,0,0,,8,44.44,0,0,0,17,1,1,0,2,311,1,0.0,0,0,0,0,0.0,0,0,0,0,34,1,0,6.46,0,0,0,0,0,0,0,0,0.0,0.0,0,8,0,3,2,3,60.0,0,1,0,0.0,1,0,5,2,10,38.46,2,29,25,54,90.5,8,0,101,4,0,0,Álex Forés,Real Oviedo,1086128,2851,spain,2526,20260428
6,0,0.0,25,17,25.37,68,253,321,80.65,16,53.33,14,17,0,0,0,0,51,1,0,4,1,65,17,0,1,3,3,30,0,1,0.14,0.62,7,0,12.5,34,1,1,17,14,3,1,0,,29,64.44,1,0,0,77,6,2,0,9,853,0,4.0,0,0,0,0,0.0,0,0,0,0,98,2,0,6.46,1,0,0,0,0,0,0,0,853.0,0.0,0,7,1,3,1,0,0.0,0,20,12,60.0,2,20,3,0,45,60.0,67,133,265,398,109.8,8,0,549,9,0,0,Alan Matturro,Levante UD,1177401,2849,spain,2526,20260428
0,2,33.33,33,2,50.0,63,26,89,85.58,2,25.0,6,9,0,0,0,0,12,0,0,2,0,5,9,0,1,2,3,20,0,0,0.21,0.12,3,0,0.0,0,0,0,5,5,0,0,0,,8,36.36,0,0,0,15,1,2,0,3,289,1,0.0,0,0,0,0,0.0,0,0,0,0,36,3,0,6.46,1,0,0,0,0,0,0,0,0.0,0.0,0,2,0,0,0,4,40.0,0,2,1,50.0,2,0,10,6,10,33.33,4,72,32,104,58.1,2,0,154,2,1,0,Yago Santiago,Elche,1092515,2846,spain,2526,20260428
3,0,0.0,38,3,42.86,69,35,104,68.42,13,30.23,30,21,0,0,0,0,15,0,5,4,1,11,20,0,0,10,7,65,0,0,0.18,3.16,17,0,10.53,0,2,2,11,8,3,2,0,,26,42.62,2,0,0,48,1,6,0,9,916,2,2.0,0,0,0,0,0.0,0,0,0,0,119,1,0,6.45,0,0,0,0,0,0,0,0,458.0,0.0,0,17,2,6,9,3,42.86,0,4,1,25.0,6,5,7,3,39,37.5,7,109,43,152,129.0,19,0,299,19,2,0,Alemão,Rayo Vallecano,981604,2818,spain,2526,20260428
0,0,0.0,3,0,0.0,3,0,3,100.0,0,0.0,0,2,0,0,0,0,1,0,0,0,0,0,2,0,0,1,0,2,0,0,0.01,,1,0,0.0,0,0,0,0,0,0,0,0,,2,50.0,0,0,0,0,0,0,0,0,19,0,0.0,0,0,0,0,0.0,0,0,0,0,3,1,0,6.45,0,0,0,0,0,0,0,0,0.0,0.0,0,0,0,0,0,2,100.0,0,0,0,0.0,0,0,2,0,2,50.0,0,3,0,3,12.9,0,0,9,0,1,0,Juan Arango,Girona FC,1482463,24264,spain,2526,20260428
0,0,0.0,6,0,0.0,6,2,8,66.67,0,0.0,0,2,0,0,0,0,1,0,0,0,0,0,2,0,0,1,1,5,0,0,0.01,,0,0,0.0,0,0,0,0,0,0,0,0,,1,16.67,0,0,0,4,0,0,0,0,46,0,0.0,0,0,0,0,0.0,0,0,0,0,13,0,0,6.45,0,0,0,0,0,0,0,0,0.0,0.0,0,0,0,0,0,0,0.0,0,0,0,0.0,0,0,3,1,1,16.67,0,10,2,12,12.9,0,0,23,1,0,0,Justin-Noel Kalumba,Mallorca,1484974,2826,spain,2526,20260428
1,1,20.0,5,2,18.18,13,11,24,63.16,0,0.0,2,6,0,0,0,0,8,0,0,0,0,7,6,0,1,2,1,10,0,0,0.02,,3,0,0.0,0,0,0,1,0,1,0,0,,3,27.27,0,0,0,14,2,1,0,2,196,0,1.0,0,0,0,0,0.0,0,0,0,0,30,0,0,6.45,1,0,0,0,0,0,0,0,0.0,0.0,0,0,0,0,0,0,0.0,0,3,3,100.0,1,4,2,5,3,23.08,11,21,17,38,38.7,0,0,90,0,0,0,Iñigo Arguibide,Osasuna,1495856,2820,spain,2526,20260428
0,0,0.0,18,2,66.67,31,11,42,66.67,3,37.5,5,11,0,0,0,0,6,0,1,1,0,1,10,0,0,5,3,19,0,0,0.05,0.33,2,0,0.0,0,0,0,2,2,0,0,0,,9,39.13,0,0,0,21,2,2,0,1,219,2,1.0,0,0,0,0,0.0,0,0,0,0,47,0,0,6.45,0,0,0,0,0,0,0,0,0.0,0.0,0,2,1,1,1,2,28.57,0,4,2,50.0,2,1,7,9,12,38.71,3,51,12,63,64.5,3,0,116,3,1,0,Abu Kamara,Getafe,1087476,2859,spain,2526,20260428
0,0,0.0,3,0,0.0,6,11,17,73.91,1,100.0,0,2,0,0,0,0,2,0,0,1,0,0,2,0,0,1,0,3,0,0,0.0,0.03,2,0,0.0,0,0,0,0,0,0,0,0,,0,0.0,0,0,0,6,0,0,0,0,36,0,0.0,0,0,0,0,0.0,0,0,0,0,9,0,0,6.45,0,0,0,0,0,0,0,0,0.0,0.0,0,1,0,0,0,0,0.0,0,0,0,0.0,0,0,0,0,1,25.0,0,9,14,23,12.9,1,0,30,0,1,0,Eder Garcia,Athletic Club,1425060,2825,spain,2526,20260428
0,0,0.0,8,2,50.0,15,3,18,66.67,2,66.67,1,4,0,0,0,0,4,0,0,1,0,1,4,0,0,2,0,5,0,0,0.02,0.02,2,0,0.0,0,0,0,4,4,0,0,0,,3,42.86,0,0,0,9,0,0,0,1,83,0,0.0,0,0,0,0,0.0,0,0,0,0,19,1,0,6.45,0,0,0,0,0,0,0,0,0.0,0.0,0,0,1,0,0,3,75.0,0,0,0,0.0,0,0,4,1,5,50.0,4,21,6,27,25.8,1,0,44,0,0,0,Wesley,Real Sociedad,1211632,2824,spain,2526,20260428
5,7,12.73,42,5,35.71,75,41,116,69.05,3,12.5,21,16,1,0,0,0,38,1,0,3,0,3,15,0,0,8,10,57,0,0,0.95,0.33,15,0,0.0,0,0,1,8,7,1,0,0,,23,38.98,0,0,0,52,2,7,0,5,648,8,0.0,0,0,0,0,0.0,0,0,0,0,134,7,0,6.45,1,0,0,0,0,0,0,0,0.0,0.0,1,1,10,4,4,4,44.44,0,9,5,55.56,7,10,9,55,26,31.33,14,113,55,168,96.7,11,0,330,11,1,1,Álex Sancris,Getafe,1398518,2859,spain,2526,20260428
19,7,23.33,87,21,31.34,230,304,534,81.4,30,50.0,30,25,3,0,0,0,55,3,2,2,1,64,24,0,0,7,8,76,0,0,1.38,0.94,27,0,0.0,0,0,3,33,29,4,0,0,,46,50.0,0,0,1,122,8,14,0,20,1782,3,9.0,0,0,0,1,0.0,0,0,0,0,197,0,0,6.45,1,0,0,0,0,0,0,0,0.0,0.0,0,7,3,7,1,7,58.33,0,26,11,42.31,14,46,12,30,76,50.0,67,316,340,656,154.7,10,0,977,13,7,1,Victor Parada,Deportivo Alavés,985726,2885,spain,2526,20260428
8,1,14.29,52,11,52.38,101,80,181,80.09,6,42.86,8,18,0,0,0,0,30,0,3,0,0,8,18,0,0,11,15,58,0,0,0.52,0.69,16,0,11.11,0,1,1,14,12,2,1,0,,20,28.57,0,0,0,45,5,3,0,8,729,2,3.0,0,0,0,0,0.0,0,0,0,0,89,3,0,6.44,1,1,0,0,0,0,0,0,729.0,0.0,0,4,5,4,5,3,25.0,0,10,4,40.0,3,14,12,7,26,30.95,21,130,96,226,116.0,9,0,336,7,2,1,Luka Ilić,Real Oviedo,885664,2851,spain,2526,20260428
0,0,0.0,4,1,50.0,9,11,20,68.97,7,41.18,10,8,0,0,0,0,2,0,1,1,0,4,7,0,0,2,1,18,0,0,0.01,0.4,5,0,0.0,0,0,0,3,3,0,0,0,,5,38.46,0,0,0,9,0,0,0,0,129,1,0.0,0,0,0,0,0.0,0,0,0,0,15,0,0,6.44,0,0,0,0,0,0,0,0,0.0,0.0,0,3,0,1,1,0,0.0,0,3,0,0.0,0,0,0,0,12,40.0,2,16,13,29,45.1,3,0,54,2,1,0,Thiago Borbas,Real Oviedo,1018547,2851,spain,2526,20260428
0,1,100.0,9,1,16.67,13,8,21,58.33,1,11.11,8,5,0,0,0,0,7,0,0,1,0,1,5,0,0,2,3,17,0,0,0.08,0.1,3,0,0.0,0,0,0,2,2,0,0,0,,5,35.71,0,0,0,15,2,2,0,1,133,3,1.0,0,0,0,0,0.0,0,0,0,0,24,1,0,6.44,0,0,0,0,0,0,0,0,0.0,0.0,0,0,2,0,1,2,50.0,0,0,0,0.0,2,3,4,1,6,26.09,6,25,11,36,32.2,2,0,64,3,0,0,Veljko Birmančević,Getafe,831510,2859,spain,2526,20260428
6,4,23.53,81,6,46.15,159,109,268,88.45,8,44.44,10,11,0,0,0,0,30,0,0,1,0,12,11,0,0,3,5,29,1,0,0.39,0.02,4,0,0.0,0,0,0,14,8,6,0,0,,25,56.82,0,0,0,35,14,3,0,6,629,0,1.0,0,0,0,0,0.0,0,0,0,0,70,2,0,6.44,0,0,0,0,0,0,0,0,0.0,0.0,0,1,0,0,0,2,22.22,0,15,10,66.67,3,15,9,17,33,53.23,13,187,116,303,70.8,1,0,463,8,1,0,Adama Boiro,Athletic Club,1398511,2825,spain,2526,20260428
1,0,0.0,1,2,25.0,7,71,78,88.64,2,28.57,5,3,1,0,0,0,2,0,0,0,0,5,3,0,0,0,0,7,0,0,0.0,0.04,2,0,0.0,2,0,1,6,5,1,0,0,,7,77.78,0,0,0,10,2,1,0,3,225,0,2.0,0,0,0,0,0.0,0,0,0,0,11,0,0,6.43,0,0,0,0,0,0,0,0,0.0,0.0,0,1,0,1,0,0,0.0,0,6,5,83.33,1,4,0,0,9,56.25,8,11,77,88,19.3,1,0,115,1,1,0,Oier Luengo,Real Oviedo,857229,2851,spain,2526,20260428
0,0,0.0,6,1,100.0,10,5,15,83.33,0,0.0,2,5,0,0,0,0,2,0,0,0,0,3,3,0,0,2,1,8,0,0,0.01,,4,0,0.0,0,0,0,2,2,0,0,0,,2,25.0,0,0,0,3,0,0,0,0,73,0,0.0,0,0,0,0,0.0,0,0,0,0,8,0,0,6.43,0,0,0,0,0,0,0,0,0.0,0.0,0,0,0,0,0,0,0.0,0,0,0,0.0,0,2,1,0,2,20.0,1,13,5,18,19.3,0,0,35,2,2,0,Yvan Neyou,Getafe,869931,2859,spain,2526,20260428
2,1,14.29,16,0,0.0,43,49,92,85.19,3,50.0,3,10,0,0,0,0,9,0,0,0,0,5,9,0,0,1,1,13,0,0,0.33,,8,0,0.0,0,0,0,7,6,1,0,0,,9,47.37,0,0,0,16,2,4,0,2,253,0,2.0,1,0,0,0,0.0,0,0,0,0,32,1,0,6.43,0,0,0,0,0,0,0,0,0.0,0.0,0,0,0,0,0,3,100.0,0,2,2,100.0,4,3,3,7,12,48.0,5,53,55,108,57.9,0,0,164,4,2,0,Jose Salinas,Espanyol,1068891,2814,spain,2526,20260428
1,0,0.0,15,1,100.0,22,6,28,77.78,4,30.77,9,9,0,0,0,0,5,0,0,3,0,0,9,0,0,1,1,13,0,0,0.3,0.25,2,0,0.0,0,0,0,0,0,0,0,0,,3,42.86,0,0,0,8,1,2,0,0,194,1,0.0,0,0,0,0,0.0,0,0,0,0,18,3,0,6.43,0,0,0,0,0,0,0,0,0.0,0.0,0,4,1,1,1,1,100.0,0,1,1,100.0,2,2,1,2,7,35.0,1,30,6,36,57.9,5,0,64,1,0,0,Abel Ruíz,Girona FC,826013,24264,spain,2526,20260428
2,2,22.22,19,4,28.57,53,91,144,81.82,4,50.0,4,6,0,0,0,0,18,0,0,2,0,13,6,0,0,4,6,22,0,0,0.17,0.21,7,0,0.0,0,0,0,8,8,0,0,0,,16,47.06,0,0,0,32,4,2,0,4,367,0,0.0,0,0,0,0,0.0,0,0,0,0,57,2,0,6.43,0,0,0,0,0,0,0,0,0.0,0.0,0,2,1,1,0,5,83.33,0,8,5,62.5,2,13,6,9,20,47.62,14,69,107,176,38.6,3,0,277,4,2,0,Diego Pampín,Levante UD,855837,2849,spain,2526,20260428
0,0,0.0,4,0,0.0,6,4,10,58.82,5,35.71,9,7,0,0,0,0,3,0,2,2,0,0,7,0,0,0,1,14,0,0,0.03,0.91,3,0,0.0,0,0,0,3,3,0,0,0,,4,44.44,0,0,0,7,0,1,0,0,136,2,0.0,0,0,0,0,0.0,0,0,0,0,18,1,0,6.43,0,0,0,0,0,0,0,0,0.0,0.0,0,6,1,3,2,0,0.0,0,2,2,100.0,1,0,1,1,9,39.13,0,12,5,17,45.0,7,0,47,4,0,0,Jon Karrikaburu,Real Sociedad,1099175,2824,spain,2526,20260428
7,1,11.11,85,8,61.54,164,127,291,81.28,17,41.46,24,23,0,0,0,0,47,0,2,3,0,14,21,0,0,7,12,61,0,0,0.25,1.42,12,0,0.0,0,0,0,20,15,5,0,0,,27,42.19,0,0,0,67,5,4,0,11,888,2,2.0,0,0,0,0,0.0,0,0,0,0,114,3,0,6.42,0,0,0,0,0,0,0,0,0.0,0.0,0,9,2,5,3,6,46.15,0,18,13,72.22,4,11,13,9,44,41.9,13,206,152,358,134.8,11,0,503,5,1,0,Jon Guridi,Deportivo Alavés,788141,2885,spain,2526,20260428
0,0,0.0,4,0,0.0,6,1,7,77.78,0,0.0,0,1,0,0,0,0,1,0,0,0,0,0,1,0,0,0,0,0,0,0,0.04,,0,0,0.0,0,0,0,1,1,0,0,0,,0,0.0,0,0,0,2,0,1,0,1,45,0,0.0,0,0,0,0,0.0,0,0,0,0,3,0,0,6.4,0,0,0,0,0,0,0,0,0.0,0.0,0,0,0,0,0,0,0.0,0,0,0,0.0,1,0,0,0,0,0.0,0,8,1,9,6.4,0,0,11,0,0,0,Toni Fernández,FC Barcelona,1590761,2817,spain,2526,20260428
0,0,0.0,0,0,0.0,0,2,2,66.67,0,0.0,0,1,0,0,0,0,0,0,0,0,0,0,1,0,0,0,0,1,0,0,0.0,,0,0,0.0,0,0,0,2,2,0,0,0,,0,0.0,0,0,0,1,0,0,0,1,44,0,0.0,0,0,0,0,0.0,0,0,0,0,2,0,0,6.4,0,0,0,0,0,0,0,0,0.0,0.0,0,0,0,0,0,0,0.0,0,0,0,0.0,0,0,1,0,0,0.0,0,1,2,3,6.4,0,0,4,0,0,0,Bojan Miovski,Girona FC,945768,24264,spain,2526,20260428
0,0,0.0,2,0,0.0,3,0,3,75.0,0,0.0,0,1,0,0,0,0,0,0,0,0,0,0,1,0,0,0,0,1,0,0,0.0,,0,0,0.0,0,0,0,0,0,0,0,0,,0,0.0,0,0,0,1,0,0,0,0,17,0,0.0,0,0,0,0,0.0,0,0,0,0,3,0,0,6.4,0,0,0,0,0,0,0,0,0.0,0.0,0,0,0,0,0,0,0.0,0,0,0,0.0,0,0,1,1,0,0.0,0,4,0,4,6.4,0,0,6,0,0,0,Dani Díaz,Real Sociedad,1466128,2824,spain,2526,20260428
0,0,0.0,1,1,16.67,33,44,77,89.53,0,0.0,0,1,0,0,0,0,4,0,0,0,0,2,1,0,0,1,0,2,0,0,0.01,,1,0,0.0,0,0,0,2,2,0,0,0,,1,33.33,0,0,0,9,1,0,0,1,90,0,1.0,0,0,0,1,0.0,0,0,0,0,11,0,0,6.4,0,0,0,0,0,0,0,0,0.0,0.0,0,0,0,0,0,0,0.0,0,1,0,0.0,0,5,0,1,1,33.33,6,41,45,86,6.4,0,0,95,0,0,0,Dani Martinez,Atlético Madrid,1414932,2836,spain,2526,20260428
1,0,0.0,3,0,0.0,5,2,7,100.0,0,0.0,1,1,0,0,0,0,1,0,0,0,0,0,1,0,0,0,0,3,0,0,0.01,,0,0,0.0,0,0,0,1,1,0,0,0,,2,50.0,0,0,0,0,0,0,0,0,11,0,0.0,0,0,0,0,0.0,0,0,0,0,2,0,0,6.4,0,0,0,0,0,0,0,0,0.0,0.0,0,0,0,0,0,0,0.0,0,2,1,50.0,0,1,2,0,2,40.0,0,5,2,7,6.4,0,0,12,0,0,0,Sergio Lozano,Levante UD,914749,2849,spain,2526,20260428
0,0,0.0,1,0,0.0,4,4,8,88.89,0,0.0,3,1,0,0,0,0,1,1,0,0,0,0,1,0,0,0,0,4,0,0,0.0,,1,0,0.0,0,0,0,1,1,0,0,0,,5,83.33,0,0,0,1,0,1,0,0,26,0,0.0,0,0,0,0,0.0,0,0,0,0,4,0,0,6.4,0,0,0,0,0,0,0,0,0.0,0.0,0,0,0,0,0,2,100.0,0,3,2,66.67,1,1,2,2,5,55.56,0,5,4,9,6.4,0,0,20,0,0,0,Jorge Montes,Getafe,1895197,2859,spain,2526,20260428
0,0,0.0,0,0,0.0,0,0,0,0.0,1,100.0,0,2,0,0,0,0,0,0,0,0,0,2,1,0,0,0,0,0,0,0,,,0,0,0.0,0,0,0,1,1,0,0,0,,2,100.0,0,0,0,1,1,0,0,0,11,0,0.0,0,0,0,0,0.0,0,0,0,0,1,0,0,6.4,0,0,0,0,0,0,0,0,0.0,0.0,0,0,0,0,0,0,0.0,0,2,1,50.0,0,0,0,0,3,100.0,0,1,0,1,6.4,0,0,6,0,0,0,Ville Koski,Deportivo Alavés,999178,2885,spain,2526,20260428
0,1,33.33,15,1,100.0,19,11,30,88.24,1,25.0,3,3,0,0,0,0,3,0,0,0,0,2,3,0,0,1,0,5,0,0,0.04,,0,0,0.0,0,0,0,2,2,0,0,0,,2,50.0,0,0,0,4,0,0,0,0,47,0,0.0,0,0,0,0,0.0,0,0,0,0,10,0,0,6.4,0,0,0,0,0,0,0,0,0.0,0.0,0,0,0,0,0,0,0.0,0,2,2,100.0,0,0,1,3,3,37.5,1,22,12,34,19.2,0,0,54,0,0,0,Jofre Torrents ,FC Barcelona,1587196,2817,spain,2526,20260428
1,1,100.0,9,3,33.33,22,19,41,64.06,5,83.33,1,3,0,0,0,0,11,0,0,0,0,6,3,0,0,2,4,14,0,0,0.05,,4,0,0.0,0,0,0,3,2,1,0,0,,8,38.1,0,0,0,23,1,1,0,3,219,0,0.0,0,0,0,0,0.0,0,0,0,0,41,0,0,6.4,0,0,0,0,0,0,0,0,0.0,0.0,0,0,0,0,0,1,25.0,0,6,2,33.33,1,2,4,1,13,48.15,9,37,27,64,19.2,0,0,130,1,1,0,Moussa Diarra,Deportivo Alavés,985262,2885,spain,2526,20260428
2,2,13.33,32,6,17.65,59,35,94,57.32,6,46.15,7,9,0,0,0,0,22,0,0,1,1,18,9,0,0,4,2,38,0,1,0.46,0.21,18,0,0.0,0,0,0,8,7,1,0,0,,29,48.33,0,0,0,70,3,2,0,5,525,0,1.0,0,0,0,0,0.0,0,0,0,0,116,1,0,6.4,0,0,0,0,0,0,0,0,0.0,0.0,0,2,1,1,1,8,53.33,0,20,12,60.0,2,11,15,15,35,47.95,34,105,59,164,57.6,3,0,349,1,1,0,Davinchi,Getafe,1918369,2859,spain,2526,20260428
3,4,66.67,12,12,37.5,32,37,69,63.89,11,68.75,5,12,0,0,0,0,13,0,0,1,0,14,8,0,1,3,2,22,0,0,0.11,0.18,11,0,0.0,0,0,0,6,5,1,0,0,,10,37.04,0,0,0,39,1,3,0,4,299,1,0.0,0,1,0,0,0.0,0,0,0,0,53,0,0,6.4,1,0,0,0,0,0,0,0,0.0,0.0,0,2,1,1,1,1,33.33,0,6,5,83.33,2,11,3,6,21,48.84,32,68,40,108,51.2,3,0,182,3,6,0,Allan Nyom,Getafe,128637,2859,spain,2526,20260428
0,0,0.0,3,0,0.0,3,4,7,70.0,1,20.0,4,2,0,0,0,0,1,0,0,1,0,0,2,0,0,0,0,6,0,0,0.01,0.12,2,0,0.0,0,0,0,4,4,0,0,0,,1,33.33,0,0,0,3,1,2,0,1,71,0,0.0,0,0,0,0,0.0,0,0,0,0,5,1,0,6.4,0,0,0,0,0,0,0,0,0.0,0.0,0,2,0,0,1,0,0.0,0,1,0,0.0,2,0,0,0,2,25.0,1,5,5,10,12.8,2,0,23,0,0,0,Dawda Camara,Girona FC,1151851,24264,spain,2526,20260428
0,0,0.0,2,0,0.0,5,1,6,66.67,1,33.33,2,1,0,0,0,0,0,0,0,0,0,1,1,0,0,0,0,2,0,0,0.0,0.07,0,0,0.0,0,0,0,0,0,0,0,0,,0,0.0,0,0,0,3,0,1,0,0,33,0,0.0,0,0,0,0,0.0,0,0,0,0,3,0,0,6.4,0,0,0,0,0,0,0,0,0.0,0.0,0,1,0,1,0,0,0.0,0,0,0,0.0,1,0,0,0,1,33.33,0,8,1,9,6.4,1,0,14,0,0,0,Asier Hierro,Athletic Club,1550822,2825,spain,2526,20260428
1,0,0.0,3,1,100.0,11,19,30,85.71,3,60.0,2,1,0,0,0,0,1,0,0,0,0,3,1,0,0,0,1,4,0,0,0.01,0.04,1,0,0.0,1,0,0,1,1,0,0,0,,1,33.33,0,0,0,5,0,0,0,0,45,0,0.0,0,0,0,0,0.0,0,0,0,0,5,0,0,6.4,0,0,0,0,0,0,0,0,0.0,0.0,0,1,0,1,0,0,0.0,0,1,0,0.0,0,2,0,0,4,50.0,1,14,21,35,6.4,1,0,41,0,0,0,Pelayo Fernández,Rayo Vallecano,1139724,2818,spain,2526,20260428
0,0,0.0,3,0,0.0,6,1,7,63.64,0,0.0,1,1,0,0,0,0,3,0,0,1,0,0,1,0,0,0,1,3,0,0,0.03,0.03,0,0,0.0,0,0,0,2,2,0,0,0,,1,33.33,0,0,0,4,0,1,0,1,45,0,,0,0,0,0,0.0,0,0,0,0,7,0,0,6.4,0,0,0,0,0,0,0,0,0.0,0.0,0,1,0,0,0,0,0.0,0,1,0,0.0,1,1,1,0,1,25.0,1,6,5,11,6.4,1,0,18,0,0,0,Stanis Idumbo Muzambo,Sevilla,1149152,2833,spain,2526,20260428
1,0,0.0,8,6,54.55,32,132,164,91.11,6,60.0,4,8,0,0,0,0,9,0,0,0,0,25,8,0,0,1,0,10,1,0,0.03,0.05,4,0,0.0,14,0,0,9,6,3,0,0,,7,53.85,0,0,0,16,3,2,0,2,351,0,3.0,1,0,0,0,0.0,0,0,0,0,20,0,0,6.39,0,0,0,0,0,0,0,0,0.0,0.0,0,1,0,1,0,0,0.0,0,4,2,50.0,2,1,1,0,13,56.52,11,41,139,180,51.1,1,0,234,3,0,0,Jozhua Vertrouwd,Rayo Vallecano,1120947,2818,spain,2526,20260428
9,4,33.33,70,18,42.86,152,287,439,84.75,11,44.0,14,15,0,0,0,0,55,0,0,1,3,40,15,0,0,6,3,48,0,1,0.27,0.57,16,0,0.0,0,0,0,21,18,3,0,0,,32,48.48,0,0,0,79,8,6,0,12,1157,0,1.0,0,0,0,1,0.0,0,0,0,0,136,3,0,6.38,0,0,0,0,0,0,0,0,0.0,0.0,0,5,1,4,1,10,50.0,0,15,9,60.0,6,22,20,12,43,47.25,42,201,317,518,95.7,6,0,804,7,1,0,Dimitri Foulquier,Valencia,151138,2828,spain,2526,20260428
0,0,0.0,4,0,0.0,8,2,10,76.92,0,0.0,2,5,0,0,0,0,1,0,0,0,0,0,5,0,1,1,2,6,0,0,0.0,,2,0,0.0,0,0,0,1,1,0,0,0,,1,20.0,0,0,0,3,1,0,0,0,64,0,0.0,0,0,0,0,0.0,0,0,0,0,5,0,0,6.36,1,0,0,0,0,0,0,0,0.0,0.0,0,0,0,0,0,0,0.0,0,0,0,0.0,0,0,0,0,1,14.29,1,9,4,13,31.8,0,0,19,1,0,0,Lass Kourouma,Girona FC,1860172,24264,spain,2526,20260428
3,0,0.0,7,7,43.75,28,78,106,86.18,6,42.86,8,5,0,0,0,0,5,0,0,0,0,22,5,0,0,0,1,12,1,1,0.01,,3,0,0.0,0,0,0,9,7,2,0,0,,12,75.0,0,0,0,17,0,0,0,4,364,0,4.0,0,0,0,0,0.0,0,0,0,0,18,0,0,6.36,0,0,0,0,0,0,0,0,0.0,0.0,0,0,0,0,0,2,100.0,0,7,4,57.14,0,8,2,0,18,60.0,16,41,82,123,31.8,0,0,173,3,1,0,Jorge Cabello,Levante UD,1807070,2849,spain,2526,20260428
1,0,0.0,14,0,0.0,21,7,28,65.12,12,35.29,22,10,0,0,0,0,9,2,0,1,0,2,10,0,0,6,0,40,0,0,0.2,0.24,13,0,0.0,0,0,0,4,4,0,0,0,,5,21.74,0,0,0,15,0,2,0,3,295,6,1.0,0,0,0,0,0.0,0,0,0,0,39,5,0,6.36,0,0,0,0,0,0,0,0,0.0,0.0,0,2,4,2,3,1,50.0,0,4,1,25.0,2,1,2,3,17,29.82,0,34,9,43,63.6,6,0,89,0,1,0,Mariano Diaz,Deportivo Alavés,175753,2885,spain,2526,20260428
1,0,0.0,2,0,0.0,6,4,10,58.82,2,66.67,1,6,0,0,0,0,6,0,0,1,0,2,5,0,0,3,2,9,0,0,0.0,0.04,3,0,0.0,0,0,0,2,2,0,0,0,,3,27.27,0,0,0,7,0,0,0,0,82,0,0.0,0,0,0,1,0.0,0,0,0,0,20,1,0,6.36,0,0,0,0,0,0,0,0,0.0,0.0,0,1,1,1,0,1,100.0,0,1,0,0.0,0,3,1,1,5,35.71,1,10,7,17,31.8,2,0,45,1,0,0,Pablo Agudín,Real Oviedo,1587199,2851,spain,2526,20260428
0,0,0.0,2,7,70.0,17,40,57,89.06,1,50.0,1,2,0,0,0,0,3,0,0,0,0,2,2,0,0,1,1,4,0,0,0.0,,1,0,0.0,0,0,0,3,3,0,0,0,,1,25.0,0,0,0,7,1,0,0,0,100,0,0.0,0,0,0,0,0.0,0,0,0,0,9,0,0,6.35,0,0,0,0,0,0,0,0,0.0,0.0,0,0,0,0,0,0,0.0,0,0,0,0.0,0,1,0,0,2,33.33,10,23,41,64,12.7,0,0,72,1,0,0,Ramón Martínez,Sevilla,1090681,2833,spain,2526,20260428
0,0,0.0,2,0,0.0,6,8,14,93.33,0,0.0,1,2,0,0,0,0,1,0,0,0,0,1,2,0,0,0,2,6,0,0,0.0,,4,0,0.0,0,0,0,1,1,0,0,0,,1,16.67,0,0,0,1,1,0,0,0,48,0,0.0,0,0,0,0,0.0,0,0,0,0,1,0,0,6.35,0,0,0,0,0,0,0,0,0.0,0.0,0,0,0,0,0,0,0.0,0,1,1,100.0,0,1,0,0,1,14.29,1,7,8,15,12.7,0,0,18,0,1,0,Javi Morcillo,Atlético Madrid,1832076,2836,spain,2526,20260428
0,0,0.0,5,0,0.0,11,10,21,77.78,0,0.0,2,3,0,0,0,0,3,0,0,0,0,6,2,0,1,0,1,7,0,0,0.01,,4,0,0.0,0,0,0,1,1,0,0,0,,0,0.0,0,0,0,6,0,0,0,0,22,0,0.0,0,0,0,0,0.0,0,0,0,0,8,0,0,6.35,1,0,0,0,0,0,0,0,0.0,0.0,0,0,0,0,0,0,0.0,0,0,0,0.0,0,2,0,0,0,0.0,3,16,11,27,12.7,0,0,38,0,1,0,Joan Jordán,Sevilla,591750,2833,spain,2526,20260428
2,5,50.0,50,3,37.5,99,69,168,80.77,13,39.39,20,15,1,0,0,0,23,2,4,5,1,16,15,0,0,17,10,69,0,2,0.66,2.21,11,0,0.0,0,0,1,18,14,4,0,0,,27,35.53,0,0,1,40,4,6,0,10,900,6,1.0,0,0,0,0,0.0,0,0,0,0,98,2,0,6.35,0,0,0,0,0,0,0,0,0.0,0.0,0,16,2,8,5,9,45.0,0,10,5,50.0,6,7,20,10,40,36.7,8,126,82,208,95.2,18,0,378,8,1,0,Roger Brugué,Levante UD,909554,2849,spain,2526,20260428
2,0,0.0,19,10,55.56,117,247,364,93.09,12,50.0,12,8,0,0,0,0,26,0,2,0,1,42,8,0,0,1,1,18,1,2,0.06,0.24,5,0,0.0,1,0,0,13,11,2,0,0,,9,60.0,0,0,0,27,9,0,0,7,639,0,2.0,0,0,0,2,0.0,0,0,0,0,33,0,0,6.33,0,0,0,0,0,0,0,0,0.0,0.0,0,2,0,2,0,1,100.0,0,7,3,42.86,0,2,1,0,21,53.85,18,130,261,391,50.6,2,0,473,1,0,0,Joseph Aidoo,Celta Vigo,796320,2821,spain,2526,20260428
0,1,12.5,22,1,25.0,35,39,74,81.32,6,42.86,8,8,0,0,0,0,16,1,1,1,0,4,7,0,0,4,11,34,0,0,0.21,1.02,10,0,0.0,0,0,0,9,9,0,0,0,,16,38.1,0,0,0,17,0,2,0,6,391,0,2.0,0,0,0,0,0.0,0,0,0,0,47,1,0,6.31,0,0,0,0,0,0,0,0,0.0,0.0,0,5,0,2,2,3,75.0,0,10,5,50.0,2,0,4,8,22,39.29,4,48,43,91,44.2,5,0,167,4,1,0,Carlos Martín,Rayo Vallecano,1131581,2818,spain,2526,20260428
0,0,0.0,0,0,0.0,0,2,2,50.0,0,0.0,0,1,0,0,0,0,1,0,0,0,0,0,1,0,0,0,0,2,0,0,0.0,,2,0,0.0,0,0,0,1,1,0,0,0,,0,0.0,0,0,0,2,0,0,0,0,22,0,0.0,0,0,0,0,0.0,0,0,0,0,3,0,0,6.3,0,0,0,0,0,0,0,0,0.0,0.0,0,0,0,0,0,0,0.0,0,0,0,0.0,0,0,0,0,0,0.0,0,2,2,4,6.3,0,0,7,0,1,0,Taufik Seidu,Atlético Madrid,1563578,2836,spain,2526,20260428
0,0,0.0,0,0,0.0,0,1,1,50.0,0,0.0,1,1,0,0,0,0,1,0,0,0,0,0,1,0,0,0,0,1,0,0,0.0,,0,0,0.0,0,0,0,1,1,0,0,0,,1,100.0,0,0,0,1,0,0,0,0,14,0,0.0,0,0,0,0,0.0,0,0,0,0,1,0,0,6.3,0,0,0,0,0,0,0,0,0.0,0.0,0,0,0,0,0,0,0.0,0,0,0,0.0,0,0,0,0,1,50.0,0,1,1,2,6.3,0,0,3,1,0,0,Luken Beitia,Real Sociedad,1539149,2824,spain,2526,20260428
0,0,0.0,2,0,0.0,4,1,5,100.0,0,0.0,1,2,0,0,0,0,2,0,0,0,0,0,2,0,0,1,0,5,0,0,0.0,,2,0,0.0,0,0,0,2,2,0,0,0,,1,20.0,0,0,0,0,1,0,0,1,55,0,0.0,0,0,0,0,0.0,0,0,0,0,4,0,0,6.3,0,0,0,0,0,0,0,0,0.0,0.0,0,0,0,0,0,0,0.0,0,1,1,100.0,0,0,1,2,1,16.67,0,4,1,5,12.6,0,0,12,0,0,0,Hugo Lopez,Villarreal,1966890,2819,spain,2526,20260428
1,0,0.0,3,2,100.0,16,43,59,95.16,2,28.57,5,4,0,0,0,0,3,0,0,0,0,4,4,0,0,0,3,10,0,0,0.01,,3,0,0.0,0,0,0,4,3,1,0,0,,3,37.5,0,0,0,3,1,0,0,1,107,0,0.0,0,0,0,0,0.0,0,0,0,0,5,0,0,6.3,0,0,0,0,0,0,0,0,0.0,0.0,0,0,0,0,0,0,0.0,0,0,0,0.0,0,1,0,0,5,33.33,2,18,44,62,25.2,0,0,76,3,1,0,Bambo Diaby,Elche,849731,2846,spain,2526,20260428
4,0,0.0,54,8,61.54,125,74,199,88.84,1,16.67,5,6,0,0,0,0,12,1,0,2,0,2,6,0,0,4,13,33,0,3,0.2,0.22,8,0,0.0,0,0,0,4,3,1,0,0,,12,30.0,0,0,0,25,3,1,0,5,363,2,0.0,0,0,0,0,0.0,0,0,0,0,40,3,0,6.3,0,0,0,0,0,0,0,0,0.0,0.0,0,2,1,0,1,3,42.86,0,7,2,28.57,1,6,7,1,13,28.26,13,142,82,224,37.8,3,0,275,2,1,0,Thiago Pitarch Pinar,Real Madrid,2237795,2829,spain,2526,20260428
0,0,0.0,11,1,50.0,26,21,47,88.68,0,0.0,0,2,0,0,0,0,8,0,0,1,0,1,2,0,0,4,2,15,0,0,0.04,0.07,7,0,0.0,0,0,0,2,1,1,0,0,,7,31.82,0,0,0,6,1,0,0,2,125,0,0.0,0,0,0,0,0.0,0,0,0,0,18,0,0,6.3,0,0,0,0,0,0,0,0,0.0,0.0,0,0,2,1,0,1,33.33,0,4,2,50.0,0,0,3,0,7,31.82,2,31,22,53,12.6,2,0,80,2,0,0,Ali Houary,Elche,1516812,2846,spain,2526,20260428
10,3,16.67,39,17,42.5,81,105,186,76.54,1,7.69,12,10,0,0,0,0,33,0,0,2,1,17,9,0,2,5,5,44,1,1,0.17,0.13,11,0,0.0,0,0,0,9,6,3,0,0,,21,39.62,0,0,0,57,4,1,0,8,570,0,0.0,0,0,0,1,0.0,0,0,0,0,102,2,0,6.29,2,0,0,0,0,0,0,0,0.0,0.0,0,2,1,0,1,6,35.29,0,15,10,66.67,1,28,17,18,22,33.33,40,121,122,243,56.6,3,0,418,0,2,0,Íñigo Lekue,Athletic Club,801837,2825,spain,2526,20260428
0,0,0.0,3,1,100.0,6,6,12,66.67,1,50.0,1,2,0,0,0,0,5,0,1,0,0,0,2,0,0,0,5,8,0,0,0.01,0.16,1,0,0.0,0,0,0,2,2,0,0,0,,0,0.0,0,0,0,6,0,0,0,1,62,0,0.0,0,0,0,0,0.0,0,0,0,0,8,1,0,6.25,0,0,0,0,0,0,0,0,0.0,0.0,0,1,1,0,2,0,0.0,0,0,0,0.0,0,0,1,0,1,11.11,1,12,6,18,12.5,2,0,27,0,0,0,Andrés Antañón,Celta Vigo,1916256,2821,spain,2526,20260428
0,0,0.0,0,0,0.0,0,0,0,0.0,0,0.0,0,1,0,0,0,0,0,0,0,0,0,1,1,0,0,0,1,1,0,0,,,0,0,0.0,0,0,0,1,1,0,0,0,,0,0.0,0,0,0,0,0,0,0,0,9,0,0.0,0,0,0,0,0.0,0,0,0,0,1,0,0,6.2,0,0,0,0,0,0,0,0,0.0,0.0,0,0,0,0,0,0,0.0,0,0,0,0.0,0,0,0,0,0,0.0,0,0,0,0,6.2,0,0,2,0,0,0,Carlos Ballestero,Deportivo Alavés,1402936,2885,spain,2526,20260428
0,0,0.0,2,0,0.0,9,4,13,86.67,0,0.0,2,1,0,0,0,0,2,0,0,1,0,2,1,0,0,2,0,6,0,0,0.01,0.23,1,0,0.0,0,0,0,2,2,0,0,0,,1,20.0,0,0,0,2,0,0,0,1,71,0,0.0,0,0,0,0,0.0,0,0,0,0,8,1,0,6.2,0,0,0,0,0,0,0,0,0.0,0.0,0,2,0,1,0,1,50.0,0,0,0,0.0,0,0,2,1,1,14.29,0,11,4,15,6.2,2,0,27,0,0,0,Rayane Belaid,Atlético Madrid,1179148,2836,spain,2526,20260428
0,0,0.0,2,0,0.0,2,0,2,50.0,0,0.0,0,1,0,0,0,0,0,0,1,0,0,0,1,0,0,0,0,1,0,0,0.0,0.45,1,0,0.0,0,0,0,0,0,0,0,0,,1,50.0,0,0,0,2,0,0,0,0,9,0,0.0,0,0,0,0,0.0,0,0,0,0,4,0,0,6.1,0,0,0,0,0,0,0,0,0.0,0.0,0,1,0,1,0,0,0.0,0,0,0,0.0,0,1,0,1,1,50.0,1,4,0,4,6.1,1,0,8,1,0,0,Diego Morcillo,Deportivo Alavés,1430809,2885,spain,2526,20260428
0,0,0.0,7,1,20.0,12,2,14,48.28,3,27.27,8,4,0,0,0,0,3,0,1,2,0,1,3,0,0,2,0,16,1,0,0.04,0.35,6,0,0.0,0,0,0,3,2,1,0,0,,2,20.0,0,0,0,15,0,0,0,1,81,0,1.0,0,0,0,0,0.0,0,0,0,0,24,1,0,6.07,0,0,0,0,0,0,0,0,0.0,0.0,0,2,1,1,0,2,66.67,0,0,0,0.0,0,0,3,3,5,23.81,5,20,9,29,18.2,3,0,53,0,0,0,Mikel Goti,Real Sociedad,1136702,2824,spain,2526,20260428
1,0,0.0,5,2,22.22,27,65,92,88.46,3,50.0,3,2,0,0,0,0,6,0,0,0,0,1,2,0,0,0,1,6,0,0,0.01,0.12,2,0,0.0,3,0,0,8,8,0,0,0,,2,40.0,0,0,0,12,1,0,0,2,180,0,,0,0,0,0,0.0,0,0,0,0,13,0,0,5.7,0,0,0,0,0,0,0,0,0.0,0.0,0,1,0,1,0,0,0.0,0,2,0,0.0,0,3,0,0,5,45.45,9,36,68,104,11.4,1,0,119,0,1,0,Ladislav Krejčí,Girona FC,856250,24264,spain,2526,20260428
0,0,0.0,0,0,0.0,0,0,0,0.0,0,0.0,0,1,0,0,0,0,0,0,0,0,0,2,0,0,0,0,0,2,0,0,,,2,0,0.0,0,0,0,1,1,0,0,0,,0,0.0,0,0,0,0,0,0,0,0,1,0,0.0,0,0,0,1,0.0,0,0,0,0,0,0,0,0.0,0,0,0,0,0,0,0,0,0.0,0.0,0,0,0,0,0,0,0.0,0,0,0,0.0,0,0,0,0,0,0.0,0,0,0,0,0.0,0,0,2,0,0,0,Arkaitz Mariezkurrena,Real Sociedad,1526575,2824,spain,2526,20260428
0,0,0.0,0,0,0.0,0,1,1,100.0,0,0.0,0,1,0,0,0,0,1,0,0,0,0,0,0,0,0,0,0,1,0,0,0.0,,0,0,0.0,0,0,0,0,0,0,0,0,,2,66.67,0,0,0,0,0,0,0,0,1,0,0.0,0,0,0,0,0.0,0,0,0,0,1,0,0,0.0,0,0,0,0,0,0,0,0,0.0,0.0,0,0,0,0,0,1,50.0,0,0,0,0.0,0,0,2,0,2,66.67,0,0,1,1,0.0,0,0,4,1,0,0,Dani Pérez,Real Betis,1171626,2816,spain,2526,20260428
0,0,0.0,0,0,0.0,1,0,1,100.0,0,0.0,1,1,0,0,0,0,0,0,0,0,0,0,0,0,0,0,0,1,0,0,0.0,,0,0,0.0,0,0,0,0,0,0,0,0,,0,0.0,0,0,0,0,0,0,0,0,1,0,0.0,0,0,0,0,0.0,0,0,0,0,1,0,0,0.0,0,0,0,0,0,0,0,0,0.0,0.0,0,0,0,0,0,0,0.0,0,0,0,0.0,0,0,0,1,0,0.0,0,1,0,1,0.0,0,0,3,0,0,0,Lander Pinillos,Deportivo Alavés,1122588,2885,spain,2526,20260428
0,0,0.0,0,0,0.0,0,0,0,0.0,0,0.0,0,1,0,0,0,0,1,0,0,0,0,0,0,0,0,1,0,1,0,0,0.0,0.03,0,0,0.0,0,0,0,1,1,0,0,0,,0,0.0,0,0,0,3,0,0,0,0,1,0,0.0,0,0,0,0,0.0,0,0,0,0,4,0,0,0.0,0,0,0,0,0,0,0,0,0.0,0.0,0,0,1,1,0,0,0.0,0,0,0,0.0,0,0,0,0,0,0.0,0,1,2,3,0.0,1,0,6,0,0,0,Lander Astiazaran,Real Sociedad,1535581,2824,spain,2526,20260428
